/*---------------------------------------------------------------------------*\
|       o        |                                                            |
|    o     o     |  HELYX (R) : Open-source CFD for Enterprise                |
|   o   O   o    |  Version : 4.4.1                                           |
|    o     o     |  ENGYS Ltd. <http://engys.com/>                            |
|       o        |                                                            |
\*---------------------------------------------------------------------------*/
Build  : 4.4.1-unknown
API    : 4.4.1
Arch   : "LSB;label=32;scalar=64"
Exec   : helyxSolve -parallel
Date   : Jan 15 2026
Time   : 17:36:38
Host   : "tb133-VirtualBox"
PID    : 9369
I/O    : uncollated
Case   : /home/introcfd/Desktop/estudioAutomatizacionPerfiles/aleronTraseroV1
nProcs : 4
Slaves : 
3
(
"tb133-VirtualBox.9370"
"tb133-VirtualBox.9371"
"tb133-VirtualBox.9372"
)

Pstream initialized with:
    floatTransfer      : 0
    nProcsSimpleSum    : 0
    commsType          : nonBlocking
    polling iterations : 0
sigFpe : Enabling floating point exception trapping (HELYX_SIGFPE).
fileModificationChecking : Monitoring run-time modified files using timeStampMaster (fileModificationSkew 10)
allowSystemOperations : Allowing user-supplied system call operations

// * * * * * * * * * * * * * * * * * * * * * * * * * * * * * * * * * * * * * //
Creating time

Reading default options for solver configuration: helyxSolve

Creating solution schedule 
Building instance: defaultInstanceName

Constructing static mesh region0


Constructing Registry: region0

Creating fvOption for mesh region0
for region  region0
Creating finite volume options from "system/fvOptions"

Selecting finite volume options model type rhieChowFlowSolver
    Source: flowSolver
Selecting solution control: SIMPLE

SIMPLE: convergence criteria
    field U	 tolerance 1e-07
    field p	 tolerance 1e-07
    field k	 tolerance 1e-07
    field omega	 tolerance 1e-07

Creating initial p field

Reading field U

Reading material properties


Material settings
-----------------

Selecting materials package "fluid".
pRef [1 -1 -2 0 0 0 0] 101325
TRef [0 0 0 1 0 0 0] 0
TConst [0 0 0 1 0 0 0] 300

Solver settings from material properties:
"isochoric" "incompressible" "constant Cv" "isotropic"

Creating field rho

pressureControl
    pMax 1e+10
    pMin -1e+10

Calculating face flux field phi

Creating turbulence model

Selecting turbulence model type RAS
Selecting RAS turbulence model kOmegaSST
kOmegaSSTCoeffs
{
    curvature       false;
    solveCoupled    false;
    decoupledVariables false;
    alphaK1         0.85;
    alphaK2         1;
    alphaOmega1     0.5;
    alphaOmega2     0.856;
    gamma1          0.5555555556;
    gamma2          0.44;
    beta1           0.075;
    beta2           0.0828;
    betaStar        0.09;
    a1              0.31;
    b1              1;
    c1              10;
    F3              false;
    limitNearWallCell false;
    productionType  standard;
    maxTurbViscosityRatio 1000000;
    cr1             1;
    cr2             2;
    cr3             1;
    deferredS1      false;
    deferredS2      false;
}

Selecting finite volume options model type turbulenceSolver
    Source: turbulenceSolver
Selecting finite volume options model type fvMeshSolver
    Source: fvMeshSolver
Selecting finite volume options model type radiationSolver
    Source: radiationSolver
Selecting finite volume options model type phaseChangeSource
    Source: phaseChangeSource

GAMG:  Solving for pcorr, Initial residual = 1, Final residual = 0.008412943962, No Iterations 1
GAMG:  Solving for pcorr, Initial residual = 0.2044861469, Final residual = 0.001358164517, No Iterations 5
GAMG:  Solving for pcorr, Initial residual = 0.05368426461, Final residual = 0.0002417952322, No Iterations 3

	Selecting patchDistMethod meshWave
Removing fvOption fvMeshSolver
Radiation model not active: radiationProperties not found
Selecting radiationModel none
Removing fvOption radiationSolver
No phase change - not multiphase
Removing fvOption phaseChangeSource

Solution schedule:
  Corrector initialisation
    Solve solverMeshInit in region region0
  Corrector timeLoop
    Corrector outerCorrector
      Solve correctPhi in region region0
      Solve UPredictor in region region0
      Corrector PISOCorrector
        Corrector nonOrthogonalCorrector:p
          Solve p in region region0
        Solve U in region region0
      Solve turbulence in region region0


Starting initialisation schedule


Starting time loop

forces FR:
    Not including porosity effects

forces LD:
    Including porosity effects


liftDrag LD read:
    Creating lift/drag file.

--> HELYX Warning : 
    From function virtual bool Foam::functionObjects::liftDrag::read(const Foam::dictionary&)
    in file /home/introcfd/helyx/20251017-engys-HELYX-4.4.1-linux-x86_64-SRC/HELYXcore-4.4.1/src/functionObjects/forces/liftDrag/liftDrag.C at line 1174
    Old format used in binData.


################################################################################

Time = 1

Outer Loop Iteration = 1
smoothSolver:  Solving for Ux, Initial residual = 0.9999999993, Final residual = 0.03177740764, No Iterations 2
smoothSolver:  Solving for Uz, Initial residual = 0.9894853456, Final residual = 0.01366194764, No Iterations 2
GAMG:  Solving for p, Initial residual = 1, Final residual = 0.007645939111, No Iterations 6
GAMG:  Solving for p, Initial residual = 0.09671538314, Final residual = 0.0005216475144, No Iterations 3
GAMG:  Solving for p, Initial residual = 0.009415480181, Final residual = 7.602413409e-05, No Iterations 3
time step continuity errors (region0): sum local = 4.938279961e-06, global = 7.392252822e-08, cumulative = 7.392252822e-08
smoothSolver:  Solving for omega, Initial residual = 0.2708289628, Final residual = 0.01090128815, No Iterations 1
smoothSolver:  Solving for k, Initial residual = 1, Final residual = 0.06955579892, No Iterations 1

ExecutionTime = 0.05 s  ExecutionStepTime = 0.01 s  ClockTime = 0 s

forces FR write:
    Sum of forces
        Total    : ( 6.17879482 0 -13.08860435 )
        Pressure : ( 6.1263075 0 -13.0929951 )
        Viscous  : ( 0.05248732 0 0.004390754564 )
    Sum of moments
        Total    : ( -6.349877586 4.067444764 -2.997614542 )
        Pressure : ( -6.352007741 4.070016185 -2.972150555 )
        Viscous  : ( 0.002130154847 -0.002571421276 -0.02546398744 )


liftDrag LD execute:
Viscous drag: 0.00435869949, pressure drag: 0.5087463673, porous drag: 0
Viscous lift: 0.0003646210109, pressure lift: -1.087280339, porous lift: 0
Total lift: -1.086915718, Front lift: -0.2056854329, Rear lift: -0.8812302852, Drag: 0.5131050667
Location of Center of Mass: ( 0.1583410946 0.4851455065 -0.0177077476 )
Location of Center Of Pressure: ( 0.2898208526 0.4851455065 0.044360478 )


yPlus yPlus execute:
    patch Bottom y+ : min = 48.12293415, max = 268.6298144, average = 149.3023259
    patch Top y+ : min = 67.5567272, max = 272.7204669, average = 172.2827681
    patch e423_0 y+ : min = 132.0953952, max = 601.9561036, average = 446.697812


################################################################################

Time = 2

Outer Loop Iteration = 2
smoothSolver:  Solving for Ux, Initial residual = 0.2596234498, Final residual = 0.006939429872, No Iterations 2
smoothSolver:  Solving for Uz, Initial residual = 0.2059223651, Final residual = 0.005496604531, No Iterations 2
GAMG:  Solving for p, Initial residual = 0.2167894703, Final residual = 0.001487509453, No Iterations 5
GAMG:  Solving for p, Initial residual = 0.08086351371, Final residual = 0.0004837949477, No Iterations 3
GAMG:  Solving for p, Initial residual = 0.009281825346, Final residual = 8.41531674e-05, No Iterations 3
time step continuity errors (region0): sum local = 5.304808327e-06, global = -5.804800071e-08, cumulative = 1.587452752e-08
smoothSolver:  Solving for omega, Initial residual = 0.1187101228, Final residual = 0.006341652781, No Iterations 1
smoothSolver:  Solving for k, Initial residual = 0.3814034959, Final residual = 0.02907863265, No Iterations 1

ExecutionTime = 0.06 s  ExecutionStepTime = 0.01 s  ClockTime = 0 s

forces FR write:
    Sum of forces
        Total    : ( 2.067998332 0 -6.229214336 )
        Pressure : ( 2.017102322 0 -6.234182992 )
        Viscous  : ( 0.05089600974 0 0.004968655771 )
    Sum of moments
        Total    : ( -3.022075344 1.63798157 -1.003280098 )
        Pressure : ( -3.024485865 1.640690286 -0.9785881278 )
        Viscous  : ( 0.00241052102 -0.002708716837 -0.02469197042 )


liftDrag LD execute:
Viscous drag: 0.004226552465, pressure drag: 0.1675060351, porous drag: 0
Viscous lift: 0.0004126116055, pressure lift: -0.5177046614, porous lift: 0
Total lift: -0.5172920498, Front lift: -0.1226232782, Rear lift: -0.3946687716, Drag: 0.1717325875
Location of Center of Mass: ( 0.1583410946 0.4851455065 -0.0177077476 )
Location of Center Of Pressure: ( 0.2578617421 0.4851455065 0.01533149649 )


yPlus yPlus execute:
    patch Bottom y+ : min = 19.79368276, max = 235.5351677, average = 128.2408335
    patch Top y+ : min = 55.42645589, max = 317.0854794, average = 181.3464377
    patch e423_0 y+ : min = 63.19933191, max = 646.7661004, average = 439.5495135


################################################################################

Time = 3

Outer Loop Iteration = 3
smoothSolver:  Solving for Ux, Initial residual = 0.08140345439, Final residual = 0.002111213801, No Iterations 2
smoothSolver:  Solving for Uz, Initial residual = 0.05545775924, Final residual = 0.001209642418, No Iterations 2
GAMG:  Solving for p, Initial residual = 0.1068601288, Final residual = 0.0004408013285, No Iterations 5
GAMG:  Solving for p, Initial residual = 0.02501952796, Final residual = 0.0001334249014, No Iterations 3
GAMG:  Solving for p, Initial residual = 0.003246884738, Final residual = 1.892058435e-05, No Iterations 3
time step continuity errors (region0): sum local = 9.449037002e-07, global = -9.585010596e-09, cumulative = 6.289516919e-09
smoothSolver:  Solving for omega, Initial residual = 0.07215327784, Final residual = 0.004630485597, No Iterations 1
smoothSolver:  Solving for k, Initial residual = 0.2251992315, Final residual = 0.01880244082, No Iterations 1

ExecutionTime = 0.07 s  ExecutionStepTime = 0.01 s  ClockTime = 0 s

forces FR write:
    Sum of forces
        Total    : ( 1.047462518 0 -4.279716689 )
        Pressure : ( 0.9978033307 0 -4.284598639 )
        Viscous  : ( 0.04965918696 0 0.004881949247 )
    Sum of moments
        Total    : ( -2.076285321 1.016146004 -0.5081717336 )
        Pressure : ( -2.078653777 1.018800733 -0.4840798022 )
        Viscous  : ( 0.00236845574 -0.002654729734 -0.02409193141 )


liftDrag LD execute:
Viscous drag: 0.004123843109, pressure drag: 0.08286048647, porous drag: 0
Viscous lift: 0.0004054112439, pressure lift: -0.3558055146, porous lift: 0
Total lift: -0.3554001033, Front lift: -0.09331633636, Rear lift: -0.262083767, Drag: 0.08698432958
Location of Center of Mass: ( 0.1583410946 0.4851455065 -0.0177077476 )
Location of Center Of Pressure: ( 0.2370519854 0.4851455065 0.001556777078 )


yPlus yPlus execute:
    patch Bottom y+ : min = 21.5180876, max = 239.2148094, average = 123.4130837
    patch Top y+ : min = 56.70393446, max = 361.5791733, average = 180.9005948
    patch e423_0 y+ : min = 43.29573806, max = 628.8372933, average = 435.2437736


################################################################################

Time = 4

Outer Loop Iteration = 4
smoothSolver:  Solving for Ux, Initial residual = 0.04608311722, Final residual = 0.001169894899, No Iterations 2
smoothSolver:  Solving for Uz, Initial residual = 0.03219430822, Final residual = 0.0007094701681, No Iterations 2
GAMG:  Solving for p, Initial residual = 0.07934148411, Final residual = 0.000435576655, No Iterations 4
GAMG:  Solving for p, Initial residual = 0.0100816444, Final residual = 4.014345428e-05, No Iterations 3
GAMG:  Solving for p, Initial residual = 0.001202533839, Final residual = 8.035437256e-06, No Iterations 3
time step continuity errors (region0): sum local = 3.862112488e-07, global = -7.745523796e-09, cumulative = -1.456006877e-09
smoothSolver:  Solving for omega, Initial residual = 0.04989577731, Final residual = 0.003348139115, No Iterations 1
smoothSolver:  Solving for k, Initial residual = 0.1563467008, Final residual = 0.0141402876, No Iterations 1

ExecutionTime = 0.08 s  ExecutionStepTime = 0.01 s  ClockTime = 0 s

forces FR write:
    Sum of forces
        Total    : ( 0.8671999624 0 -4.027533717 )
        Pressure : ( 0.818657545 0 -4.032264662 )
        Viscous  : ( 0.04854241737 0 0.004730945727 )
    Sum of moments
        Total    : ( -1.953939885 0.9229494101 -0.420718165 )
        Pressure : ( -1.956235082 0.9255583553 -0.3971680293 )
        Viscous  : ( 0.002295197061 -0.002608945164 -0.02355013566 )


liftDrag LD execute:
Viscous drag: 0.004031103318, pressure drag: 0.06798370014, porous drag: 0
Viscous lift: 0.0003928714731, pressure lift: -0.3348509684, porous lift: 0
Total lift: -0.3344580969, Front lift: -0.09058464893, Rear lift: -0.243873448, Drag: 0.07201480346
Location of Center of Mass: ( 0.1583410946 0.4851455065 -0.0177077476 )
Location of Center Of Pressure: ( 0.2296659913 0.4851455065 -0.002350223107 )


yPlus yPlus execute:
    patch Bottom y+ : min = 17.35678097, max = 266.7515627, average = 122.5237371
    patch Top y+ : min = 60.76386069, max = 390.7475251, average = 182.4409887
    patch e423_0 y+ : min = 40.25599346, max = 625.9617819, average = 431.1955483


################################################################################

Time = 5

Outer Loop Iteration = 5
smoothSolver:  Solving for Ux, Initial residual = 0.03958016793, Final residual = 0.001100569692, No Iterations 2
smoothSolver:  Solving for Uz, Initial residual = 0.02574739015, Final residual = 0.0006041841267, No Iterations 2
GAMG:  Solving for p, Initial residual = 0.0576805261, Final residual = 0.0002625202682, No Iterations 4
GAMG:  Solving for p, Initial residual = 0.007315012605, Final residual = 3.10937218e-05, No Iterations 3
GAMG:  Solving for p, Initial residual = 0.001034471656, Final residual = 8.105985853e-06, No Iterations 3
time step continuity errors (region0): sum local = 3.95264385e-07, global = 6.747543296e-09, cumulative = 5.291536419e-09
smoothSolver:  Solving for omega, Initial residual = 0.03734813839, Final residual = 0.002608922724, No Iterations 1
smoothSolver:  Solving for k, Initial residual = 0.1184412084, Final residual = 0.01141414014, No Iterations 1

ExecutionTime = 0.09 s  ExecutionStepTime = 0.01 s  ClockTime = 0 s

forces FR write:
    Sum of forces
        Total    : ( 0.8596799224 0 -4.185510364 )
        Pressure : ( 0.8120271225 0 -4.190063669 )
        Viscous  : ( 0.04765279994 0 0.004553305682 )
    Sum of moments
        Total    : ( -2.030581545 0.9441821552 -0.4170698514 )
        Pressure : ( -2.032790561 0.9467538604 -0.3939513096 )
        Viscous  : ( 0.002209015791 -0.002571705241 -0.02311854176 )


liftDrag LD execute:
Viscous drag: 0.003957226903, pressure drag: 0.0674330906, porous drag: 0
Viscous lift: 0.0003781197279, pressure lift: -0.3479550562, porous lift: 0
Total lift: -0.3475769365, Front lift: -0.09538083991, Rear lift: -0.2521960966, Drag: 0.0713903175
Location of Center of Mass: ( 0.1583410946 0.4851455065 -0.0177077476 )
Location of Center Of Pressure: ( 0.2263514487 0.4851455065 -0.003738809325 )


yPlus yPlus execute:
    patch Bottom y+ : min = 4.471989147, max = 280.2934988, average = 138.7223368
    patch Top y+ : min = 62.37453608, max = 411.2791822, average = 185.3566074
    patch e423_0 y+ : min = 42.45906034, max = 623.4610197, average = 427.4788279


################################################################################

Time = 6

Outer Loop Iteration = 6
smoothSolver:  Solving for Ux, Initial residual = 0.03849576312, Final residual = 0.001093194884, No Iterations 2
smoothSolver:  Solving for Uz, Initial residual = 0.02294428101, Final residual = 0.0005939982391, No Iterations 2
GAMG:  Solving for p, Initial residual = 0.04505659006, Final residual = 0.00022057756, No Iterations 4
GAMG:  Solving for p, Initial residual = 0.00563630226, Final residual = 2.880632546e-05, No Iterations 3
GAMG:  Solving for p, Initial residual = 0.0007839443332, Final residual = 5.769951638e-06, No Iterations 3
time step continuity errors (region0): sum local = 2.857094051e-07, global = 8.431844699e-09, cumulative = 1.372338112e-08
smoothSolver:  Solving for omega, Initial residual = 0.02929028415, Final residual = 0.002121155892, No Iterations 1
smoothSolver:  Solving for k, Initial residual = 0.09478631368, Final residual = 0.001389549755, No Iterations 2

ExecutionTime = 0.11 s  ExecutionStepTime = 0.02 s  ClockTime = 0 s

forces FR write:
    Sum of forces
        Total    : ( 0.873706819 0 -4.409531039 )
        Pressure : ( 0.8267092538 0 -4.413889726 )
        Viscous  : ( 0.0469975652 0 0.004358687083 )
    Sum of moments
        Total    : ( -2.139264169 0.9810886671 -0.4238749372 )
        Pressure : ( -2.141378766 0.9836297247 -0.4010742796 )
        Viscous  : ( 0.002114597452 -0.002541057598 -0.02280065757 )


liftDrag LD execute:
Viscous drag: 0.003902814308, pressure drag: 0.06865233742, porous drag: 0
Viscous lift: 0.0003619580341, pressure lift: -0.366542222, porous lift: 0
Total lift: -0.3661802639, Front lift: -0.1016176797, Rear lift: -0.2645625842, Drag: 0.07255515173
Location of Center of Mass: ( 0.1583410946 0.4851455065 -0.0177077476 )
Location of Center Of Pressure: ( 0.2234453947 0.4851455065 -0.004807947057 )


yPlus yPlus execute:
    patch Bottom y+ : min = 14.26012279, max = 292.0451946, average = 152.0111725
    patch Top y+ : min = 18.75709463, max = 428.491338, average = 184.9162464
    patch e423_0 y+ : min = 46.5954795, max = 628.3931899, average = 424.3079495


################################################################################

Time = 7

Outer Loop Iteration = 7
smoothSolver:  Solving for Ux, Initial residual = 0.03695147759, Final residual = 0.001074979842, No Iterations 2
smoothSolver:  Solving for Uz, Initial residual = 0.02136536259, Final residual = 0.0005773101653, No Iterations 2
GAMG:  Solving for p, Initial residual = 0.03727341761, Final residual = 0.0002013085109, No Iterations 4
GAMG:  Solving for p, Initial residual = 0.005118930374, Final residual = 1.973437559e-05, No Iterations 3
GAMG:  Solving for p, Initial residual = 0.0007242978416, Final residual = 3.683263792e-06, No Iterations 3
time step continuity errors (region0): sum local = 1.847356964e-07, global = 9.723802255e-09, cumulative = 2.344718337e-08
smoothSolver:  Solving for omega, Initial residual = 0.02386105653, Final residual = 0.001787476809, No Iterations 1
smoothSolver:  Solving for k, Initial residual = 0.07776207306, Final residual = 0.00113868309, No Iterations 2

ExecutionTime = 0.11 s  ExecutionStepTime = 0 s  ClockTime = 0 s

forces FR write:
    Sum of forces
        Total    : ( 0.8780340079 0 -4.604160349 )
        Pressure : ( 0.8314708305 0 -4.608321397 )
        Viscous  : ( 0.04656317736 0 0.004161047849 )
    Sum of moments
        Total    : ( -2.233687704 1.009579295 -0.4259742535 )
        Pressure : ( -2.235706418 1.012097664 -0.4033843372 )
        Viscous  : ( 0.002018713666 -0.00251836937 -0.02258991626 )


liftDrag LD execute:
Viscous drag: 0.00386674148, pressure drag: 0.06904775258, porous drag: 0
Viscous lift: 0.0003455454982, pressure lift: -0.3826883926, porous lift: 0
Total lift: -0.3823428471, Front lift: -0.1073330268, Rear lift: -0.2750098203, Drag: 0.07291449406
Location of Center of Mass: ( 0.1583410946 0.4851455065 -0.0177077476 )
Location of Center Of Pressure: ( 0.2203955788 0.4851455065 -0.005873679423 )


yPlus yPlus execute:
    patch Bottom y+ : min = 14.71457432, max = 308.6762257, average = 164.2733983
    patch Top y+ : min = 29.93299124, max = 442.0246911, average = 187.6883145
    patch e423_0 y+ : min = 51.04471777, max = 634.8581054, average = 421.7633391


################################################################################

Time = 8

Outer Loop Iteration = 8
smoothSolver:  Solving for Ux, Initial residual = 0.03598094317, Final residual = 0.001053336138, No Iterations 2
smoothSolver:  Solving for Uz, Initial residual = 0.02049073521, Final residual = 0.000576266776, No Iterations 2
GAMG:  Solving for p, Initial residual = 0.03185597488, Final residual = 0.0001955953751, No Iterations 4
GAMG:  Solving for p, Initial residual = 0.005208386976, Final residual = 2.141116709e-05, No Iterations 3
GAMG:  Solving for p, Initial residual = 0.0008467755494, Final residual = 4.205782483e-06, No Iterations 3
time step continuity errors (region0): sum local = 2.133476985e-07, global = 9.946033015e-09, cumulative = 3.339321639e-08
smoothSolver:  Solving for omega, Initial residual = 0.01996918932, Final residual = 0.00154323972, No Iterations 1
smoothSolver:  Solving for k, Initial residual = 0.06571932922, Final residual = 0.00092553981, No Iterations 2

ExecutionTime = 0.13 s  ExecutionStepTime = 0.02 s  ClockTime = 0 s

forces FR write:
    Sum of forces
        Total    : ( 0.8847067591 0 -4.790086829 )
        Pressure : ( 0.8384867202 0 -4.794044398 )
        Viscous  : ( 0.04622003891 0 0.003957568769 )
    Sum of moments
        Total    : ( -2.323889101 1.03789384 -0.4292115087 )
        Pressure : ( -2.325809098 1.040390324 -0.4067880645 )
        Viscous  : ( 0.001919996705 -0.002496483844 -0.02242344419 )


liftDrag LD execute:
Viscous drag: 0.003838246267, pressure drag: 0.06963037244, porous drag: 0
Viscous lift: 0.0003286480044, pressure lift: -0.39811137, porous lift: 0
Total lift: -0.397782722, Front lift: -0.1127016422, Rear lift: -0.2850810798, Drag: 0.0734686187
Location of Center of Mass: ( 0.1583410946 0.4851455065 -0.0177077476 )
Location of Center Of Pressure: ( 0.2179137451 0.4851455065 -0.00670495613 )


yPlus yPlus execute:
    patch Bottom y+ : min = 7.51772094, max = 324.687391, average = 171.7870862
    patch Top y+ : min = 36.80933902, max = 452.2123488, average = 190.9677352
    patch e423_0 y+ : min = 55.31733767, max = 641.7460537, average = 419.6967015


################################################################################

Time = 9

Outer Loop Iteration = 9
smoothSolver:  Solving for Ux, Initial residual = 0.03547613585, Final residual = 0.001042200418, No Iterations 2
smoothSolver:  Solving for Uz, Initial residual = 0.01973670427, Final residual = 0.0005697515802, No Iterations 2
GAMG:  Solving for p, Initial residual = 0.02886996267, Final residual = 0.0001783049509, No Iterations 4
GAMG:  Solving for p, Initial residual = 0.005100811763, Final residual = 1.787054393e-05, No Iterations 3
GAMG:  Solving for p, Initial residual = 0.0008063680299, Final residual = 2.753742429e-06, No Iterations 3
time step continuity errors (region0): sum local = 1.416655859e-07, global = 9.6566614e-09, cumulative = 4.304987779e-08
smoothSolver:  Solving for omega, Initial residual = 0.01702723876, Final residual = 0.001361883753, No Iterations 1
smoothSolver:  Solving for k, Initial residual = 0.05682201233, Final residual = 0.0007584338084, No Iterations 2

ExecutionTime = 0.14 s  ExecutionStepTime = 0.01 s  ClockTime = 0 s

forces FR write:
    Sum of forces
        Total    : ( 0.8899674177 0 -4.95420787 )
        Pressure : ( 0.8439910902 0 -4.957967475 )
        Viscous  : ( 0.04597632743 0 0.003759604477 )
    Sum of moments
        Total    : ( -2.403511686 1.062207592 -0.4317636936 )
        Pressure : ( -2.405335642 1.064684893 -0.4094584849 )
        Viscous  : ( 0.001823955218 -0.002477301426 -0.02230520866 )


liftDrag LD execute:
Viscous drag: 0.003818007757, pressure drag: 0.07008747131, porous drag: 0
Viscous lift: 0.0003122084747, pressure lift: -0.4117240184, porous lift: 0
Total lift: -0.4114118099, Front lift: -0.1174971016, Rear lift: -0.2939147083, Drag: 0.07390547907
Location of Center of Mass: ( 0.1583410946 0.4851455065 -0.0177077476 )
Location of Center Of Pressure: ( 0.2157340543 0.4851455065 -0.007397751447 )


yPlus yPlus execute:
    patch Bottom y+ : min = 10.5229648, max = 340.1030954, average = 176.014648
    patch Top y+ : min = 40.52238502, max = 462.270854, average = 194.0338846
    patch e423_0 y+ : min = 59.36548643, max = 648.1448512, average = 417.9754056


################################################################################

Time = 10

Outer Loop Iteration = 10
smoothSolver:  Solving for Ux, Initial residual = 0.03478180315, Final residual = 0.001021741532, No Iterations 2
smoothSolver:  Solving for Uz, Initial residual = 0.0190517999, Final residual = 0.0005657477754, No Iterations 2
GAMG:  Solving for p, Initial residual = 0.02633482968, Final residual = 0.0001616061181, No Iterations 4
GAMG:  Solving for p, Initial residual = 0.003963524409, Final residual = 1.530162736e-05, No Iterations 3
GAMG:  Solving for p, Initial residual = 0.0005827085265, Final residual = 2.763314797e-06, No Iterations 3
time step continuity errors (region0): sum local = 1.445771136e-07, global = 6.493712628e-09, cumulative = 4.954359042e-08
smoothSolver:  Solving for omega, Initial residual = 0.01475046274, Final residual = 0.001193429978, No Iterations 1
smoothSolver:  Solving for k, Initial residual = 0.0500255832, Final residual = 0.004987130578, No Iterations 1

ExecutionTime = 0.14 s  ExecutionStepTime = 0 s  ClockTime = 0 s

forces FR write:
    Sum of forces
        Total    : ( 0.8939955512 0 -5.105926696 )
        Pressure : ( 0.8482463726 0 -5.109510861 )
        Viscous  : ( 0.04574917853 0 0.003584164576 )
    Sum of moments
        Total    : ( -2.477117393 1.084093511 -0.4337179244 )
        Pressure : ( -2.478856234 1.086551195 -0.4115229161 )
        Viscous  : ( 0.001738841338 -0.002457683894 -0.02219500839 )


liftDrag LD execute:
Viscous drag: 0.003799144653, pressure drag: 0.07044084232, porous drag: 0
Viscous lift: 0.0002976394358, pressure lift: -0.4243086213, porous lift: 0
Total lift: -0.4240109819, Front lift: -0.1219792173, Rear lift: -0.3020317646, Drag: 0.07423998697
Location of Center of Mass: ( 0.1583410946 0.4851455065 -0.0177077476 )
Location of Center Of Pressure: ( 0.2137232445 0.4851455065 -0.008010899497 )


yPlus yPlus execute:
    patch Bottom y+ : min = 16.36250454, max = 354.2369412, average = 178.9075312
    patch Top y+ : min = 42.66098504, max = 469.4598142, average = 197.2718099
    patch e423_0 y+ : min = 63.26181953, max = 653.4235516, average = 416.3886335


################################################################################

Time = 11

Outer Loop Iteration = 11
smoothSolver:  Solving for Ux, Initial residual = 0.03371340477, Final residual = 0.0009886607191, No Iterations 2
smoothSolver:  Solving for Uz, Initial residual = 0.01845347227, Final residual = 0.0005496614467, No Iterations 2
GAMG:  Solving for p, Initial residual = 0.02392461321, Final residual = 0.0001468320841, No Iterations 4
GAMG:  Solving for p, Initial residual = 0.003612091619, Final residual = 1.285081352e-05, No Iterations 3
GAMG:  Solving for p, Initial residual = 0.000588035352, Final residual = 2.180501237e-06, No Iterations 3
time step continuity errors (region0): sum local = 1.16158213e-07, global = 7.534753368e-09, cumulative = 5.707834378e-08
smoothSolver:  Solving for omega, Initial residual = 0.01293498879, Final residual = 0.00104716694, No Iterations 1
smoothSolver:  Solving for k, Initial residual = 0.0450097214, Final residual = 0.004467908243, No Iterations 1

ExecutionTime = 0.16 s  ExecutionStepTime = 0.01 s  ClockTime = 0 s

forces FR write:
    Sum of forces
        Total    : ( 0.8965278596 0 -5.252733198 )
        Pressure : ( 0.8509780881 0 -5.256153845 )
        Viscous  : ( 0.04554977151 0 0.003420647823 )
    Sum of moments
        Total    : ( -2.548339907 1.104153078 -0.4349464625 )
        Pressure : ( -2.549999419 1.106591531 -0.4128481955 )
        Viscous  : ( 0.001659511921 -0.002438452611 -0.02209826697 )


liftDrag LD execute:
Viscous drag: 0.003782585315, pressure drag: 0.07066769191, porous drag: 0
Viscous lift: 0.0002840605297, pressure lift: -0.4364862806, porous lift: 0
Total lift: -0.4362022201, Front lift: -0.1264090317, Rear lift: -0.3097931884, Drag: 0.07445027722
Location of Center of Mass: ( 0.1583410946 0.4851455065 -0.0177077476 )
Location of Center Of Pressure: ( 0.2116741168 0.4851455065 -0.008604955133 )


yPlus yPlus execute:
    patch Bottom y+ : min = 15.35334756, max = 366.4769496, average = 182.0979897
    patch Top y+ : min = 47.71637377, max = 471.3077942, average = 199.9730854
    patch e423_0 y+ : min = 66.92855077, max = 657.902282, average = 414.9907253


################################################################################

Time = 12

Outer Loop Iteration = 12
smoothSolver:  Solving for Ux, Initial residual = 0.03255358945, Final residual = 0.0009466838037, No Iterations 2
smoothSolver:  Solving for Uz, Initial residual = 0.01793684116, Final residual = 0.0005308877678, No Iterations 2
GAMG:  Solving for p, Initial residual = 0.02128293277, Final residual = 0.000133359205, No Iterations 4
GAMG:  Solving for p, Initial residual = 0.003116609154, Final residual = 1.141602818e-05, No Iterations 3
GAMG:  Solving for p, Initial residual = 0.0004962837294, Final residual = 1.900958205e-06, No Iterations 3
time step continuity errors (region0): sum local = 1.032616479e-07, global = 8.256031516e-09, cumulative = 6.53343753e-08
smoothSolver:  Solving for omega, Initial residual = 0.0114627707, Final residual = 0.0009389262728, No Iterations 1
smoothSolver:  Solving for k, Initial residual = 0.04091233997, Final residual = 0.00403516208, No Iterations 1

ExecutionTime = 0.17 s  ExecutionStepTime = 0.01 s  ClockTime = 0 s

forces FR write:
    Sum of forces
        Total    : ( 0.8958792012 0 -5.390668999 )
        Pressure : ( 0.8504872957 0 -5.393940316 )
        Viscous  : ( 0.04539190549 0 0.003271317032 )
    Sum of moments
        Total    : ( -2.615258841 1.12173389 -0.4346317688 )
        Pressure : ( -2.616845906 1.124154966 -0.4126100898 )
        Viscous  : ( 0.001587064758 -0.002421075991 -0.02202167898 )


liftDrag LD execute:
Viscous drag: 0.003769475662, pressure drag: 0.07062693508, porous drag: 0
Viscous lift: 0.0002716596671, pressure lift: -0.4479284693, porous lift: 0
Total lift: -0.4476568096, Front lift: -0.1306763647, Rear lift: -0.3169804449, Drag: 0.07439641074
Location of Center of Mass: ( 0.1583410946 0.4851455065 -0.0177077476 )
Location of Center Of Pressure: ( 0.2096147838 0.4851455065 -0.00918653591 )


yPlus yPlus execute:
    patch Bottom y+ : min = 17.031486, max = 375.8379667, average = 183.6606944
    patch Top y+ : min = 56.30276547, max = 468.7253115, average = 201.7465277
    patch e423_0 y+ : min = 70.35499395, max = 661.964725, average = 413.8013158


################################################################################

Time = 13

Outer Loop Iteration = 13
smoothSolver:  Solving for Ux, Initial residual = 0.03134072361, Final residual = 0.0009070741702, No Iterations 2
smoothSolver:  Solving for Uz, Initial residual = 0.01732944809, Final residual = 0.000511258014, No Iterations 2
GAMG:  Solving for p, Initial residual = 0.01892277367, Final residual = 0.00012067175, No Iterations 4
GAMG:  Solving for p, Initial residual = 0.002577746198, Final residual = 1.138339322e-05, No Iterations 3
GAMG:  Solving for p, Initial residual = 0.0003654046348, Final residual = 2.067270891e-06, No Iterations 3
time step continuity errors (region0): sum local = 1.143534453e-07, global = 6.140356453e-09, cumulative = 7.147473175e-08
smoothSolver:  Solving for omega, Initial residual = 0.01022835943, Final residual = 0.0008498637093, No Iterations 1
smoothSolver:  Solving for k, Initial residual = 0.03750502946, Final residual = 0.003676655337, No Iterations 1

ExecutionTime = 0.18 s  ExecutionStepTime = 0.01 s  ClockTime = 0 s

forces FR write:
    Sum of forces
        Total    : ( 0.8936444651 0 -5.520565195 )
        Pressure : ( 0.8483716 0 -5.523702086 )
        Viscous  : ( 0.04527286516 0 0.003136890096 )
    Sum of moments
        Total    : ( -2.678277398 1.137345672 -0.4335475966 )
        Pressure : ( -2.679799246 1.139750741 -0.4115836695 )
        Viscous  : ( 0.001521848134 -0.002405068883 -0.0219639271 )


liftDrag LD execute:
Viscous drag: 0.003759590207, pressure drag: 0.07045124156, porous drag: 0
Viscous lift: 0.0002604964639, pressure lift: -0.4587042635, porous lift: 0
Total lift: -0.458443767, Front lift: -0.1347733957, Rear lift: -0.3236703713, Drag: 0.07421083177
Location of Center of Mass: ( 0.1583410946 0.4851455065 -0.0177077476 )
Location of Center Of Pressure: ( 0.2075955899 0.4851455065 -0.009734649647 )


yPlus yPlus execute:
    patch Bottom y+ : min = 20.24062294, max = 381.6896356, average = 183.5435882
    patch Top y+ : min = 65.28855734, max = 462.4268321, average = 202.4205714
    patch e423_0 y+ : min = 73.70059888, max = 665.6808243, average = 412.8711566


################################################################################

Time = 14

Outer Loop Iteration = 14
smoothSolver:  Solving for Ux, Initial residual = 0.03011212997, Final residual = 0.0008732729666, No Iterations 2
smoothSolver:  Solving for Uz, Initial residual = 0.01671486603, Final residual = 0.0004920410749, No Iterations 2
GAMG:  Solving for p, Initial residual = 0.01675879144, Final residual = 0.0001078077276, No Iterations 4
GAMG:  Solving for p, Initial residual = 0.002359775266, Final residual = 1.069291448e-05, No Iterations 3
GAMG:  Solving for p, Initial residual = 0.0003809057646, Final residual = 1.691268369e-06, No Iterations 3
time step continuity errors (region0): sum local = 9.509460879e-08, global = 5.472558764e-09, cumulative = 7.694729052e-08
smoothSolver:  Solving for omega, Initial residual = 0.009203144319, Final residual = 0.0007766302561, No Iterations 1
smoothSolver:  Solving for k, Initial residual = 0.0346221065, Final residual = 0.003376936817, No Iterations 1

ExecutionTime = 0.19 s  ExecutionStepTime = 0 s  ClockTime = 0 s

forces FR write:
    Sum of forces
        Total    : ( 0.888511657 0 -5.63596024 )
        Pressure : ( 0.8433196852 0 -5.638976831 )
        Viscous  : ( 0.0451919718 0 0.003016591143 )
    Sum of moments
        Total    : ( -2.734260785 1.14961781 -0.4310574378 )
        Pressure : ( -2.735724271 1.152008808 -0.4091327558 )
        Viscous  : ( 0.001463485638 -0.002390998722 -0.02192468204 )


liftDrag LD execute:
Viscous drag: 0.003752872588, pressure drag: 0.07003171589, porous drag: 0
Viscous lift: 0.0002505064895, pressure lift: -0.4682770132, porous lift: 0
Total lift: -0.4680265067, Front lift: -0.1385456516, Rear lift: -0.3294808551, Drag: 0.07378458848
Location of Center of Mass: ( 0.1583410946 0.4851455065 -0.0177077476 )
Location of Center Of Pressure: ( 0.2055962203 0.4851455065 -0.01025795587 )


yPlus yPlus execute:
    patch Bottom y+ : min = 22.87488074, max = 383.5364289, average = 182.3233479
    patch Top y+ : min = 74.47708337, max = 453.219708, average = 202.1592169
    patch e423_0 y+ : min = 76.96854387, max = 668.9448647, average = 412.1986671


################################################################################

Time = 15

Outer Loop Iteration = 15
smoothSolver:  Solving for Ux, Initial residual = 0.02897774553, Final residual = 0.0008364116728, No Iterations 2
smoothSolver:  Solving for Uz, Initial residual = 0.01611354675, Final residual = 0.0004771456594, No Iterations 2
GAMG:  Solving for p, Initial residual = 0.01556842244, Final residual = 9.909438595e-05, No Iterations 4
GAMG:  Solving for p, Initial residual = 0.002249294077, Final residual = 9.88107543e-06, No Iterations 3
GAMG:  Solving for p, Initial residual = 0.0003427417941, Final residual = 1.711668227e-06, No Iterations 3
time step continuity errors (region0): sum local = 9.768317022e-08, global = 7.027771096e-09, cumulative = 8.397506161e-08
smoothSolver:  Solving for omega, Initial residual = 0.008322602757, Final residual = 0.0007099463576, No Iterations 1
smoothSolver:  Solving for k, Initial residual = 0.03214473733, Final residual = 0.003123025852, No Iterations 1

ExecutionTime = 0.2 s  ExecutionStepTime = 0.01 s  ClockTime = 0 s

forces FR write:
    Sum of forces
        Total    : ( 0.8808307221 0 -5.749393758 )
        Pressure : ( 0.8356753698 0 -5.752303835 )
        Viscous  : ( 0.04515535226 0 0.002910077791 )
    Sum of moments
        Total    : ( -2.789292546 1.160888713 -0.4273310668 )
        Pressure : ( -2.790704358 1.163268126 -0.4054241505 )
        Viscous  : ( 0.001411811164 -0.002379413435 -0.02190691624 )


liftDrag LD execute:
Viscous drag: 0.003749831595, pressure drag: 0.06939690974, porous drag: 0
Viscous lift: 0.0002416613114, pressure lift: -0.4776880167, porous lift: 0
Total lift: -0.4774463554, Front lift: -0.1423196075, Rear lift: -0.3351267479, Drag: 0.07314674133
Location of Center of Mass: ( 0.1583410946 0.4851455065 -0.0177077476 )
Location of Center Of Pressure: ( 0.2035663724 0.4851455065 -0.01077904942 )


yPlus yPlus execute:
    patch Bottom y+ : min = 24.9722723, max = 380.760815, average = 180.3557628
    patch Top y+ : min = 74.60859019, max = 441.6653769, average = 201.1433593
    patch e423_0 y+ : min = 80.12353177, max = 671.7515829, average = 411.8038198


################################################################################

Time = 16

Outer Loop Iteration = 16
smoothSolver:  Solving for Ux, Initial residual = 0.02793322229, Final residual = 0.0008065553802, No Iterations 2
smoothSolver:  Solving for Uz, Initial residual = 0.01555148796, Final residual = 0.0004633442353, No Iterations 2
GAMG:  Solving for p, Initial residual = 0.01476566369, Final residual = 9.12665008e-05, No Iterations 4
GAMG:  Solving for p, Initial residual = 0.002017944991, Final residual = 9.413360292e-06, No Iterations 3
GAMG:  Solving for p, Initial residual = 0.0002912947651, Final residual = 1.663749844e-06, No Iterations 3
time step continuity errors (region0): sum local = 9.632103812e-08, global = 6.039539697e-09, cumulative = 9.001460131e-08
smoothSolver:  Solving for omega, Initial residual = 0.007562342168, Final residual = 0.0006490502882, No Iterations 1
smoothSolver:  Solving for k, Initial residual = 0.02999895528, Final residual = 0.00290549815, No Iterations 1

ExecutionTime = 0.22 s  ExecutionStepTime = 0.01 s  ClockTime = 0 s

forces FR write:
    Sum of forces
        Total    : ( 0.8726744745 0 -5.854188442 )
        Pressure : ( 0.8275381324 0 -5.857001653 )
        Viscous  : ( 0.04513634212 0 0.002813211154 )
    Sum of moments
        Total    : ( -2.840133217 1.170700419 -0.4233740999 )
        Pressure : ( -2.841498033 1.173069809 -0.4014764063 )
        Viscous  : ( 0.00136481675 -0.002369389493 -0.02189769356 )


liftDrag LD execute:
Viscous drag: 0.003748252937, pressure drag: 0.0687211699, porous drag: 0
Viscous lift: 0.0002336172246, pressure lift: -0.4863824276, porous lift: 0
Total lift: -0.4861488104, Front lift: -0.1458560423, Rear lift: -0.340292768, Drag: 0.07246942284
Location of Center of Mass: ( 0.1583410946 0.4851455065 -0.0177077476 )
Location of Center Of Pressure: ( 0.2016537503 0.4851455065 -0.01125119955 )


yPlus yPlus execute:
    patch Bottom y+ : min = 26.64355821, max = 373.151483, average = 177.8231442
    patch Top y+ : min = 63.95553674, max = 428.0109893, average = 199.4408948
    patch e423_0 y+ : min = 83.12733036, max = 674.3467365, average = 411.6261796


################################################################################

Time = 17

Outer Loop Iteration = 17
smoothSolver:  Solving for Ux, Initial residual = 0.02696344185, Final residual = 0.0007903743016, No Iterations 2
smoothSolver:  Solving for Uz, Initial residual = 0.01502194847, Final residual = 0.0004455910195, No Iterations 2
GAMG:  Solving for p, Initial residual = 0.0141734122, Final residual = 8.650348224e-05, No Iterations 4
GAMG:  Solving for p, Initial residual = 0.001891779309, Final residual = 8.569485868e-06, No Iterations 3
GAMG:  Solving for p, Initial residual = 0.0002819781992, Final residual = 1.726940457e-06, No Iterations 3
time step continuity errors (region0): sum local = 1.012148315e-07, global = 3.021749287e-09, cumulative = 9.30363506e-08
smoothSolver:  Solving for omega, Initial residual = 0.006910900622, Final residual = 0.0005953578894, No Iterations 1
smoothSolver:  Solving for k, Initial residual = 0.02812240692, Final residual = 0.002716755952, No Iterations 1

ExecutionTime = 0.22 s  ExecutionStepTime = 0 s  ClockTime = 0 s

forces FR write:
    Sum of forces
        Total    : ( 0.8638558908 0 -5.955574385 )
        Pressure : ( 0.8187015053 0 -5.95830414 )
        Viscous  : ( 0.0451543855 0 0.002729755009 )
    Sum of moments
        Total    : ( -2.889320151 1.180139179 -0.4190958036 )
        Pressure : ( -2.890644479 1.182501373 -0.3971893564 )
        Viscous  : ( 0.001324328376 -0.002362193194 -0.02190644722 )


liftDrag LD execute:
Viscous drag: 0.003749751313, pressure drag: 0.06798735073, porous drag: 0
Viscous lift: 0.0002266867839, pressure lift: -0.4947948803, porous lift: 0
Total lift: -0.4945681935, Front lift: -0.1492819118, Rear lift: -0.3452862817, Drag: 0.07173710204
Location of Center of Mass: ( 0.1583410946 0.4851455065 -0.0177077476 )
Location of Center Of Pressure: ( 0.199852207 0.4851455065 -0.01168656196 )


yPlus yPlus execute:
    patch Bottom y+ : min = 27.77535338, max = 360.9818421, average = 174.8426882
    patch Top y+ : min = 52.23219953, max = 412.5861683, average = 197.2805102
    patch e423_0 y+ : min = 85.99964654, max = 676.729242, average = 411.6747962


################################################################################

Time = 18

Outer Loop Iteration = 18
smoothSolver:  Solving for Ux, Initial residual = 0.02607437333, Final residual = 0.00076944779, No Iterations 2
smoothSolver:  Solving for Uz, Initial residual = 0.01451596845, Final residual = 0.000424639379, No Iterations 2
GAMG:  Solving for p, Initial residual = 0.0137210034, Final residual = 8.313372155e-05, No Iterations 4
GAMG:  Solving for p, Initial residual = 0.001867480631, Final residual = 7.869654148e-06, No Iterations 3
GAMG:  Solving for p, Initial residual = 0.0002830698511, Final residual = 1.642932744e-06, No Iterations 3
time step continuity errors (region0): sum local = 9.761690167e-08, global = 3.993218347e-09, cumulative = 9.702956894e-08
smoothSolver:  Solving for omega, Initial residual = 0.006340149278, Final residual = 0.0005492912328, No Iterations 1
smoothSolver:  Solving for k, Initial residual = 0.02646836926, Final residual = 0.002553302709, No Iterations 1

ExecutionTime = 0.24 s  ExecutionStepTime = 0.01 s  ClockTime = 0 s

forces FR write:
    Sum of forces
        Total    : ( 0.8543310314 0 -6.051562335 )
        Pressure : ( 0.8091329444 0 -6.054221702 )
        Viscous  : ( 0.04519808705 0 0.002659366748 )
    Sum of moments
        Total    : ( -2.935888274 1.188865143 -0.4144748609 )
        Pressure : ( -2.937178454 1.191222968 -0.3925472121 )
        Viscous  : ( 0.001290179828 -0.002357824875 -0.02192764883 )


liftDrag LD execute:
Viscous drag: 0.003753380416, pressure drag: 0.06719274964, porous drag: 0
Viscous lift: 0.0002208415383, pressure lift: -0.5027601532, porous lift: 0
Total lift: -0.5025393117, Front lift: -0.1525428416, Rear lift: -0.3499964701, Drag: 0.07094613006
Location of Center of Mass: ( 0.1583410946 0.4851455065 -0.0177077476 )
Location of Center Of Pressure: ( 0.1981621474 0.4851455065 -0.01208599917 )


yPlus yPlus execute:
    patch Bottom y+ : min = 25.1102975, max = 344.7993533, average = 171.5661008
    patch Top y+ : min = 37.31824124, max = 395.5193031, average = 194.7959149
    patch e423_0 y+ : min = 88.80778901, max = 678.9489267, average = 411.8678297


################################################################################

Time = 19

Outer Loop Iteration = 19
smoothSolver:  Solving for Ux, Initial residual = 0.02527577262, Final residual = 0.0007532344742, No Iterations 2
smoothSolver:  Solving for Uz, Initial residual = 0.01403463985, Final residual = 0.0004036210595, No Iterations 2
GAMG:  Solving for p, Initial residual = 0.01344555828, Final residual = 7.959205008e-05, No Iterations 4
GAMG:  Solving for p, Initial residual = 0.001791247773, Final residual = 7.8124126e-06, No Iterations 3
GAMG:  Solving for p, Initial residual = 0.0002750304184, Final residual = 1.452349081e-06, No Iterations 3
time step continuity errors (region0): sum local = 8.750774211e-08, global = 1.731227037e-09, cumulative = 9.876079598e-08
smoothSolver:  Solving for omega, Initial residual = 0.005840336581, Final residual = 0.0005077932667, No Iterations 1
smoothSolver:  Solving for k, Initial residual = 0.02500223523, Final residual = 0.002411385602, No Iterations 1

ExecutionTime = 0.25 s  ExecutionStepTime = 0.01 s  ClockTime = 0 s

forces FR write:
    Sum of forces
        Total    : ( 0.845079612 0 -6.141591414 )
        Pressure : ( 0.7998234057 0 -6.144189909 )
        Viscous  : ( 0.04525620629 0 0.002598494906 )
    Sum of moments
        Total    : ( -2.979565477 1.196801689 -0.4099865764 )
        Pressure : ( -2.980826125 1.199157042 -0.3880307312 )
        Viscous  : ( 0.001260648127 -0.00235535288 -0.02195584512 )


liftDrag LD execute:
Viscous drag: 0.003758206807, pressure drag: 0.06641965851, porous drag: 0
Viscous lift: 0.0002157865637, pressure lift: -0.5102313744, porous lift: 0
Total lift: -0.5100155879, Front lift: -0.1556219058, Rear lift: -0.354393682, Drag: 0.07017786532
Location of Center of Mass: ( 0.1583410946 0.4851455065 -0.0177077476 )
Location of Center Of Pressure: ( 0.1965808933 0.4851455065 -0.01244597226 )


yPlus yPlus execute:
    patch Bottom y+ : min = 13.29244485, max = 325.7230117, average = 168.4440377
    patch Top y+ : min = 3.721147033, max = 377.2657359, average = 191.1839404
    patch e423_0 y+ : min = 91.5340815, max = 681.0469895, average = 412.1487771


################################################################################

Time = 20

Outer Loop Iteration = 20
smoothSolver:  Solving for Ux, Initial residual = 0.02450786526, Final residual = 0.0007349482696, No Iterations 2
smoothSolver:  Solving for Uz, Initial residual = 0.01360417084, Final residual = 0.0003823280488, No Iterations 2
GAMG:  Solving for p, Initial residual = 0.0132332814, Final residual = 7.476557227e-05, No Iterations 4
GAMG:  Solving for p, Initial residual = 0.001708394361, Final residual = 7.46470107e-06, No Iterations 3
GAMG:  Solving for p, Initial residual = 0.0002512916564, Final residual = 1.317163716e-06, No Iterations 3
time step continuity errors (region0): sum local = 8.043816576e-08, global = 2.403557784e-10, cumulative = 9.900115176e-08
smoothSolver:  Solving for omega, Initial residual = 0.00540504946, Final residual = 0.0004723538176, No Iterations 1
smoothSolver:  Solving for k, Initial residual = 0.02369534738, Final residual = 0.002287589665, No Iterations 1

ExecutionTime = 0.27 s  ExecutionStepTime = 0.01 s  ClockTime = 0 s

forces FR write:
    Sum of forces
        Total    : ( 0.8362795786 0 -6.229110776 )
        Pressure : ( 0.7909579427 0 -6.231656055 )
        Viscous  : ( 0.04532163584 0 0.002545278709 )
    Sum of moments
        Total    : ( -3.022025102 1.204753683 -0.4057172797 )
        Pressure : ( -3.023259933 1.207107858 -0.3837296917 )
        Viscous  : ( 0.001234830529 -0.002354175018 -0.02198758797 )


liftDrag LD execute:
Viscous drag: 0.003763640267, pressure drag: 0.06568344472, porous drag: 0
Viscous lift: 0.0002113673362, pressure lift: -0.5174948172, porous lift: 0
Total lift: -0.5172834499, Front lift: -0.1585954802, Rear lift: -0.3586879697, Drag: 0.06944708499
Location of Center of Mass: ( 0.1583410946 0.4851455065 -0.0177077476 )
Location of Center Of Pressure: ( 0.1951214071 0.4851455065 -0.01276986396 )


yPlus yPlus execute:
    patch Bottom y+ : min = 29.65527187, max = 304.4009833, average = 166.9704806
    patch Top y+ : min = 38.20334709, max = 358.1932716, average = 191.2462959
    patch e423_0 y+ : min = 94.14815318, max = 683.0095674, average = 412.4862533


################################################################################

Time = 21

Outer Loop Iteration = 21
smoothSolver:  Solving for Ux, Initial residual = 0.02378479362, Final residual = 0.0007122661877, No Iterations 2
smoothSolver:  Solving for Uz, Initial residual = 0.01320195183, Final residual = 0.000363429257, No Iterations 2
GAMG:  Solving for p, Initial residual = 0.01291000432, Final residual = 7.011081411e-05, No Iterations 4
GAMG:  Solving for p, Initial residual = 0.001728515041, Final residual = 6.097525035e-06, No Iterations 3
GAMG:  Solving for p, Initial residual = 0.0002909493547, Final residual = 1.42951354e-06, No Iterations 3
time step continuity errors (region0): sum local = 8.845793541e-08, global = -1.617871153e-09, cumulative = 9.738328061e-08
smoothSolver:  Solving for omega, Initial residual = 0.005015819755, Final residual = 0.0004410527319, No Iterations 1
smoothSolver:  Solving for k, Initial residual = 0.02253040287, Final residual = 0.002175558317, No Iterations 1

ExecutionTime = 0.27 s  ExecutionStepTime = 0 s  ClockTime = 0 s

forces FR write:
    Sum of forces
        Total    : ( 0.828053086 0 -6.317447444 )
        Pressure : ( 0.782661242 0 -6.319946317 )
        Viscous  : ( 0.04539184404 0 0.002498872692 )
    Sum of moments
        Total    : ( -3.06488124 1.212941182 -0.4017262338 )
        Pressure : ( -3.066093557 1.215295464 -0.3797045846 )
        Viscous  : ( 0.001212316858 -0.002354282792 -0.02202164916 )


liftDrag LD execute:
Viscous drag: 0.003769470559, pressure drag: 0.06499446259, porous drag: 0
Viscous lift: 0.0002075136458, pressure lift: -0.524826697, porous lift: 0
Total lift: -0.5246191833, Front lift: -0.1615834332, Rear lift: -0.3630357501, Drag: 0.06876393315
Location of Center of Mass: ( 0.1583410946 0.4851455065 -0.0177077476 )
Location of Center Of Pressure: ( 0.1937119584 0.4851455065 -0.01307154712 )


yPlus yPlus execute:
    patch Bottom y+ : min = 29.73263988, max = 281.234923, average = 164.960625
    patch Top y+ : min = 53.47935829, max = 338.2383054, average = 190.2302556
    patch e423_0 y+ : min = 96.6629363, max = 684.845696, average = 412.8685579


################################################################################

Time = 22

Outer Loop Iteration = 22
smoothSolver:  Solving for Ux, Initial residual = 0.02313442019, Final residual = 0.0006933364435, No Iterations 2
smoothSolver:  Solving for Uz, Initial residual = 0.01283417419, Final residual = 0.000346775325, No Iterations 2
GAMG:  Solving for p, Initial residual = 0.01258221891, Final residual = 6.61040894e-05, No Iterations 4
GAMG:  Solving for p, Initial residual = 0.001683822937, Final residual = 6.073304733e-06, No Iterations 3
GAMG:  Solving for p, Initial residual = 0.0002811437539, Final residual = 1.44082378e-06, No Iterations 3
time step continuity errors (region0): sum local = 9.033793051e-08, global = -1.96589863e-09, cumulative = 9.541738198e-08
smoothSolver:  Solving for omega, Initial residual = 0.00466794881, Final residual = 0.000414970544, No Iterations 1
smoothSolver:  Solving for k, Initial residual = 0.02148705191, Final residual = 0.002073930821, No Iterations 1

ExecutionTime = 0.29 s  ExecutionStepTime = 0.02 s  ClockTime = 0 s

forces FR write:
    Sum of forces
        Total    : ( 0.8196823955 0 -6.402747635 )
        Pressure : ( 0.7742570747 0 -6.405194481 )
        Viscous  : ( 0.04542532075 0 0.002446845486 )
    Sum of moments
        Total    : ( -3.106264244 1.22092499 -0.3976652309 )
        Pressure : ( -3.10745132 1.223280492 -0.3756273407 )
        Viscous  : ( 0.001187076092 -0.002355502041 -0.02203789024 )


liftDrag LD execute:
Viscous drag: 0.003772250562, pressure drag: 0.06429655614, porous drag: 0
Viscous lift: 0.0002031931554, pressure lift: -0.5319059521, porous lift: 0
Total lift: -0.5317027589, Front lift: -0.1644622224, Rear lift: -0.3672405365, Drag: 0.0680688067
Location of Center of Mass: ( 0.1583410946 0.4851455065 -0.0177077476 )
Location of Center Of Pressure: ( 0.1923964758 0.4851455065 -0.01334796364 )


yPlus yPlus execute:
    patch Bottom y+ : min = 29.51671357, max = 265.0586095, average = 162.7210582
    patch Top y+ : min = 65.89364173, max = 317.498203, average = 189.110609
    patch e423_0 y+ : min = 99.5218689, max = 686.598201, average = 413.173005


################################################################################

Time = 23

Outer Loop Iteration = 23
smoothSolver:  Solving for Ux, Initial residual = 0.02259118665, Final residual = 0.0006746256823, No Iterations 2
smoothSolver:  Solving for Uz, Initial residual = 0.01250598498, Final residual = 0.0003360339112, No Iterations 2
GAMG:  Solving for p, Initial residual = 0.01234867539, Final residual = 6.392056363e-05, No Iterations 4
GAMG:  Solving for p, Initial residual = 0.001607652649, Final residual = 6.993145416e-06, No Iterations 3
GAMG:  Solving for p, Initial residual = 0.0002535695726, Final residual = 1.266344389e-06, No Iterations 3
time step continuity errors (region0): sum local = 8.047431081e-08, global = -3.19740598e-09, cumulative = 9.2219976e-08
smoothSolver:  Solving for omega, Initial residual = 0.00435619544, Final residual = 0.0003921606882, No Iterations 1
smoothSolver:  Solving for k, Initial residual = 0.02055019514, Final residual = 0.00198162426, No Iterations 1

ExecutionTime = 0.3 s  ExecutionStepTime = 0.01 s  ClockTime = 0 s

forces FR write:
    Sum of forces
        Total    : ( 0.811848412 0 -6.477276634 )
        Pressure : ( 0.7664346586 0 -6.479687945 )
        Viscous  : ( 0.04541375335 0 0.002411310741 )
    Sum of moments
        Total    : ( -3.142421653 1.227569147 -0.393864609 )
        Pressure : ( -3.14359149 1.229926301 -0.3718323306 )
        Viscous  : ( 0.001169836571 -0.002357153444 -0.02203227837 )


liftDrag LD execute:
Viscous drag: 0.003771289972, pressure drag: 0.06364695999, porous drag: 0
Viscous lift: 0.000200242247, pressure lift: -0.5380921057, porous lift: 0
Total lift: -0.5378918635, Front lift: -0.1670050245, Rear lift: -0.3708868389, Drag: 0.06741824996
Location of Center of Mass: ( 0.1583410946 0.4851455065 -0.0177077476 )
Location of Center Of Pressure: ( 0.1912222359 0.4851455065 -0.01358649359 )


yPlus yPlus execute:
    patch Bottom y+ : min = 28.96723413, max = 269.7200545, average = 160.2736206
    patch Top y+ : min = 63.29466938, max = 296.1326884, average = 187.9450083
    patch e423_0 y+ : min = 102.0482148, max = 688.3012966, average = 413.3304965


################################################################################

Time = 24

Outer Loop Iteration = 24
smoothSolver:  Solving for Ux, Initial residual = 0.02206627119, Final residual = 0.0006560530467, No Iterations 2
smoothSolver:  Solving for Uz, Initial residual = 0.01223226302, Final residual = 0.0003313966119, No Iterations 2
GAMG:  Solving for p, Initial residual = 0.01223791398, Final residual = 6.155514371e-05, No Iterations 4
GAMG:  Solving for p, Initial residual = 0.001589944479, Final residual = 6.435964576e-06, No Iterations 3
GAMG:  Solving for p, Initial residual = 0.0002619025288, Final residual = 1.225518348e-06, No Iterations 3
time step continuity errors (region0): sum local = 7.899837047e-08, global = -1.570948157e-09, cumulative = 9.064902784e-08
smoothSolver:  Solving for omega, Initial residual = 0.004078067215, Final residual = 0.0003707202544, No Iterations 1
smoothSolver:  Solving for k, Initial residual = 0.01968290636, Final residual = 0.001897721054, No Iterations 1

ExecutionTime = 0.3 s  ExecutionStepTime = 0 s  ClockTime = 0 s

forces FR write:
    Sum of forces
        Total    : ( 0.8046087323 0 -6.551022099 )
        Pressure : ( 0.7592265007 0 -6.553402016 )
        Viscous  : ( 0.04538223154 0 0.002379916823 )
    Sum of moments
        Total    : ( -3.178198934 1.234395111 -0.3903523109 )
        Pressure : ( -3.17935354 1.236754478 -0.3683353252 )
        Viscous  : ( 0.001154605952 -0.002359367712 -0.0220169857 )


liftDrag LD execute:
Viscous drag: 0.003768672309, pressure drag: 0.06304837362, porous drag: 0
Viscous lift: 0.0001976352049, pressure lift: -0.5442135362, porous lift: 0
Total lift: -0.544015901, Front lift: -0.1695001955, Rear lift: -0.3745157055, Drag: 0.06681704593
Location of Center of Mass: ( 0.1583410946 0.4851455065 -0.0177077476 )
Location of Center Of Pressure: ( 0.1901233224 0.4851455065 -0.01380419521 )


yPlus yPlus execute:
    patch Bottom y+ : min = 28.19925297, max = 274.2337332, average = 157.313599
    patch Top y+ : min = 52.48251362, max = 297.526994, average = 186.624549
    patch e423_0 y+ : min = 104.3593865, max = 689.8424822, average = 413.3673187


################################################################################

Time = 25

Outer Loop Iteration = 25
smoothSolver:  Solving for Ux, Initial residual = 0.02156242587, Final residual = 0.0006316749556, No Iterations 2
smoothSolver:  Solving for Uz, Initial residual = 0.01200598652, Final residual = 0.0003358350934, No Iterations 2
GAMG:  Solving for p, Initial residual = 0.01204772639, Final residual = 5.766500734e-05, No Iterations 4
GAMG:  Solving for p, Initial residual = 0.001579157292, Final residual = 5.938793079e-06, No Iterations 3
GAMG:  Solving for p, Initial residual = 0.0002679047778, Final residual = 1.238273392e-06, No Iterations 3
time step continuity errors (region0): sum local = 8.091933104e-08, global = -2.957672671e-09, cumulative = 8.769135517e-08
smoothSolver:  Solving for omega, Initial residual = 0.003823726135, Final residual = 0.0003491822459, No Iterations 1
smoothSolver:  Solving for k, Initial residual = 0.01884501507, Final residual = 0.001815629026, No Iterations 1

ExecutionTime = 0.32 s  ExecutionStepTime = 0.02 s  ClockTime = 0 s

forces FR write:
    Sum of forces
        Total    : ( 0.7973414811 0 -6.618702852 )
        Pressure : ( 0.7520054829 0 -6.62104948 )
        Viscous  : ( 0.04533599813 0 0.002346628655 )
    Sum of moments
        Total    : ( -3.211033947 1.240554594 -0.3868266367 )
        Pressure : ( -3.212172403 1.242916666 -0.3648320809 )
        Viscous  : ( 0.001138456347 -0.002362071779 -0.02199455578 )


liftDrag LD execute:
Viscous drag: 0.003764832953, pressure drag: 0.06244871933, porous drag: 0
Viscous lift: 0.0001948708588, pressure lift: -0.5498311782, porous lift: 0
Total lift: -0.5496363073, Front lift: -0.1717988972, Rear lift: -0.3778374101, Drag: 0.06621355228
Location of Center of Mass: ( 0.1583410946 0.4851455065 -0.0177077476 )
Location of Center Of Pressure: ( 0.1891182417 0.4851455065 -0.01400008818 )


yPlus yPlus execute:
    patch Bottom y+ : min = 23.49391516, max = 278.5820213, average = 152.8204033
    patch Top y+ : min = 37.45691972, max = 302.180227, average = 184.8792281
    patch e423_0 y+ : min = 106.4923193, max = 691.4082865, average = 413.2885602


################################################################################

Time = 26

Outer Loop Iteration = 26
smoothSolver:  Solving for Ux, Initial residual = 0.02108569245, Final residual = 0.0006067750796, No Iterations 2
smoothSolver:  Solving for Uz, Initial residual = 0.01182955453, Final residual = 0.0003465840505, No Iterations 2
GAMG:  Solving for p, Initial residual = 0.01196805984, Final residual = 5.685271527e-05, No Iterations 4
GAMG:  Solving for p, Initial residual = 0.001530205443, Final residual = 5.902279454e-06, No Iterations 3
GAMG:  Solving for p, Initial residual = 0.0002387358184, Final residual = 1.454250872e-06, No Iterations 3
time step continuity errors (region0): sum local = 9.631470344e-08, global = -3.47640637e-09, cumulative = 8.42149488e-08
smoothSolver:  Solving for omega, Initial residual = 0.003590980106, Final residual = 0.0003281411532, No Iterations 1
smoothSolver:  Solving for k, Initial residual = 0.01806472177, Final residual = 0.001736633359, No Iterations 1

ExecutionTime = 0.32 s  ExecutionStepTime = 0 s  ClockTime = 0 s

forces FR write:
    Sum of forces
        Total    : ( 0.7901872331 0 -6.689043287 )
        Pressure : ( 0.7449336008 0 -6.691357507 )
        Viscous  : ( 0.04525363226 0 0.002314220256 )
    Sum of moments
        Total    : ( -3.245159293 1.247241293 -0.3833557854 )
        Pressure : ( -3.246282027 1.249606198 -0.361401189 )
        Viscous  : ( 0.001122733558 -0.002364905 -0.02195459634 )


liftDrag LD execute:
Viscous drag: 0.003757993052, pressure drag: 0.0618614497, porous drag: 0
Viscous lift: 0.0001921795712, pressure lift: -0.5556697609, porous lift: 0
Total lift: -0.5554775814, Front lift: -0.1741642514, Rear lift: -0.3813133299, Drag: 0.06561944275
Location of Center of Mass: ( 0.1583410946 0.4851455065 -0.0177077476 )
Location of Center Of Pressure: ( 0.1881363898 0.4851455065 -0.0141879824 )


yPlus yPlus execute:
    patch Bottom y+ : min = 25.7672072, max = 282.7510793, average = 155.7019581
    patch Top y+ : min = 7.308960261, max = 306.5466379, average = 182.0927699
    patch e423_0 y+ : min = 108.5212149, max = 692.9764166, average = 413.0019538


################################################################################

Time = 27

Outer Loop Iteration = 27
smoothSolver:  Solving for Ux, Initial residual = 0.02062074327, Final residual = 0.0005815533465, No Iterations 2
smoothSolver:  Solving for Uz, Initial residual = 0.01166312184, Final residual = 0.0003543367026, No Iterations 2
GAMG:  Solving for p, Initial residual = 0.01185136233, Final residual = 5.772992604e-05, No Iterations 4
GAMG:  Solving for p, Initial residual = 0.001534504036, Final residual = 7.039410835e-06, No Iterations 3
GAMG:  Solving for p, Initial residual = 0.0002705890099, Final residual = 1.893641902e-06, No Iterations 3
time step continuity errors (region0): sum local = 1.270599834e-07, global = -5.175986309e-09, cumulative = 7.903896249e-08
smoothSolver:  Solving for omega, Initial residual = 0.003377566458, Final residual = 0.0003074527733, No Iterations 1
smoothSolver:  Solving for k, Initial residual = 0.01735393319, Final residual = 0.001665296375, No Iterations 1

ExecutionTime = 0.34 s  ExecutionStepTime = 0.01 s  ClockTime = 0 s

forces FR write:
    Sum of forces
        Total    : ( 0.7835855567 0 -6.757653618 )
        Pressure : ( 0.738456325 0 -6.759933582 )
        Viscous  : ( 0.04512923166 0 0.002279963288 )
    Sum of moments
        Total    : ( -3.278445287 1.25359077 -0.3801530118 )
        Pressure : ( -3.279551401 1.255958316 -0.3582587678 )
        Viscous  : ( 0.001106113944 -0.002367546108 -0.02189424395 )


liftDrag LD execute:
Viscous drag: 0.003747662465, pressure drag: 0.06132355791, porous drag: 0
Viscous lift: 0.000189334773, pressure lift: -0.5613645173, porous lift: 0
Total lift: -0.5611751825, Front lift: -0.1764857729, Rear lift: -0.3846894096, Drag: 0.06507122037
Location of Center of Mass: ( 0.1583410946 0.4851455065 -0.0177077476 )
Location of Center Of Pressure: ( 0.1871724616 0.4851455065 -0.01436459863 )


yPlus yPlus execute:
    patch Bottom y+ : min = 23.88004746, max = 286.8257882, average = 156.0497223
    patch Top y+ : min = 41.05467864, max = 311.9942279, average = 182.5691795
    patch e423_0 y+ : min = 110.2616585, max = 694.6108632, average = 412.4518641


################################################################################

Time = 28

Outer Loop Iteration = 28
smoothSolver:  Solving for Ux, Initial residual = 0.02024938713, Final residual = 0.0005504384909, No Iterations 2
smoothSolver:  Solving for Uz, Initial residual = 0.01152917218, Final residual = 0.0003653555573, No Iterations 2
GAMG:  Solving for p, Initial residual = 0.01203124478, Final residual = 5.819487478e-05, No Iterations 4
GAMG:  Solving for p, Initial residual = 0.001431713737, Final residual = 5.8005197e-06, No Iterations 3
GAMG:  Solving for p, Initial residual = 0.0002166436549, Final residual = 1.080764953e-06, No Iterations 3
time step continuity errors (region0): sum local = 7.344677786e-08, global = -2.946015107e-09, cumulative = 7.609294738e-08
smoothSolver:  Solving for omega, Initial residual = 0.003182721639, Final residual = 0.0002892653501, No Iterations 1
smoothSolver:  Solving for k, Initial residual = 0.01671041342, Final residual = 0.001599733704, No Iterations 1

ExecutionTime = 0.35 s  ExecutionStepTime = 0.01 s  ClockTime = 0 s

forces FR write:
    Sum of forces
        Total    : ( 0.7788440212 0 -6.814773925 )
        Pressure : ( 0.7338394101 0 -6.817029259 )
        Viscous  : ( 0.04500461115 0 0.002255333419 )
    Sum of moments
        Total    : ( -3.306156948 1.258727804 -0.3778526771 )
        Pressure : ( -3.307251112 1.261097629 -0.3560188923 )
        Viscous  : ( 0.001094164874 -0.002369824984 -0.02183378487 )


liftDrag LD execute:
Viscous drag: 0.003737313615, pressure drag: 0.06094015588, porous drag: 0
Viscous lift: 0.0001872894372, pressure lift: -0.5661059082, porous lift: 0
Total lift: -0.5659186187, Front lift: -0.1784308968, Rear lift: -0.3874877219, Drag: 0.0646774695
Location of Center of Mass: ( 0.1583410946 0.4851455065 -0.0177077476 )
Location of Center Of Pressure: ( 0.1863634885 0.4851455065 -0.01450513601 )


yPlus yPlus execute:
    patch Bottom y+ : min = 9.969957763, max = 290.8042578, average = 154.2766627
    patch Top y+ : min = 58.70487046, max = 317.2045722, average = 181.484409
    patch e423_0 y+ : min = 111.7231677, max = 696.4160144, average = 411.7469008


################################################################################

Time = 29

Outer Loop Iteration = 29
smoothSolver:  Solving for Ux, Initial residual = 0.01992122623, Final residual = 0.0005242333245, No Iterations 2
smoothSolver:  Solving for Uz, Initial residual = 0.01142222035, Final residual = 0.0003761217484, No Iterations 2
GAMG:  Solving for p, Initial residual = 0.01208984428, Final residual = 5.720796548e-05, No Iterations 4
GAMG:  Solving for p, Initial residual = 0.001563442298, Final residual = 6.093066269e-06, No Iterations 3
GAMG:  Solving for p, Initial residual = 0.0002735951435, Final residual = 1.451137781e-06, No Iterations 3
time step continuity errors (region0): sum local = 9.97899768e-08, global = -2.816946981e-09, cumulative = 7.32760004e-08
smoothSolver:  Solving for omega, Initial residual = 0.003001769847, Final residual = 0.0002714643186, No Iterations 1
smoothSolver:  Solving for k, Initial residual = 0.0161219284, Final residual = 0.001541161069, No Iterations 1

ExecutionTime = 0.35 s  ExecutionStepTime = 0 s  ClockTime = 0 s

forces FR write:
    Sum of forces
        Total    : ( 0.7728965178 0 -6.877429697 )
        Pressure : ( 0.728027451 0 -6.879664082 )
        Viscous  : ( 0.04486906683 0 0.002234384301 )
    Sum of moments
        Total    : ( -3.336554114 1.265006178 -0.3749672726 )
        Pressure : ( -3.337638115 1.267377262 -0.3531992464 )
        Viscous  : ( 0.001084001503 -0.002371084602 -0.02176802615 )


liftDrag LD execute:
Viscous drag: 0.003726057622, pressure drag: 0.06045751392, porous drag: 0
Viscous lift: 0.0001855497616, pressure lift: -0.5713072857, porous lift: 0
Total lift: -0.571121736, Front lift: -0.1805110811, Rear lift: -0.3906106549, Drag: 0.06418357154
Location of Center of Mass: ( 0.1583410946 0.4851455065 -0.0177077476 )
Location of Center Of Pressure: ( 0.1855818778 0.4851455065 -0.01464638495 )


yPlus yPlus execute:
    patch Bottom y+ : min = 18.87358848, max = 294.6859008, average = 159.347718
    patch Top y+ : min = 47.54513505, max = 322.2864923, average = 181.2640038
    patch e423_0 y+ : min = 113.0514405, max = 698.2532573, average = 410.9388195


################################################################################

Time = 30

Outer Loop Iteration = 30
smoothSolver:  Solving for Ux, Initial residual = 0.01960007226, Final residual = 0.0004975869861, No Iterations 2
smoothSolver:  Solving for Uz, Initial residual = 0.01133240077, Final residual = 0.0003864645368, No Iterations 2
GAMG:  Solving for p, Initial residual = 0.01204618903, Final residual = 5.94534802e-05, No Iterations 4
GAMG:  Solving for p, Initial residual = 0.001512033614, Final residual = 5.937833966e-06, No Iterations 3
GAMG:  Solving for p, Initial residual = 0.000243705817, Final residual = 1.297986456e-06, No Iterations 3
time step continuity errors (region0): sum local = 9.025323458e-08, global = -4.198279977e-09, cumulative = 6.907772042e-08
smoothSolver:  Solving for omega, Initial residual = 0.002835909776, Final residual = 0.0002548624703, No Iterations 1
smoothSolver:  Solving for k, Initial residual = 0.01558838734, Final residual = 0.001488238547, No Iterations 1

ExecutionTime = 0.37 s  ExecutionStepTime = 0.02 s  ClockTime = 0 s

forces FR write:
    Sum of forces
        Total    : ( 0.765719125 0 -6.946312333 )
        Pressure : ( 0.7210016744 0 -6.948522351 )
        Viscous  : ( 0.04471745064 0 0.00221001801 )
    Sum of moments
        Total    : ( -3.369972215 1.272546945 -0.3714851927 )
        Pressure : ( -3.371044395 1.274917704 -0.3497907225 )
        Viscous  : ( 0.001072180307 -0.002370758998 -0.02169447024 )


liftDrag LD execute:
Viscous drag: 0.003713466973, pressure drag: 0.05987407302, porous drag: 0
Viscous lift: 0.000183526314, pressure lift: -0.5770254764, porous lift: 0
Total lift: -0.5768419501, Front lift: -0.1827449809, Rear lift: -0.3940969692, Drag: 0.06358754
Location of Center of Mass: ( 0.1583410946 0.4851455065 -0.0177077476 )
Location of Center Of Pressure: ( 0.1848276271 0.4851455065 -0.01478803373 )


yPlus yPlus execute:
    patch Bottom y+ : min = 15.96739774, max = 298.4645705, average = 164.5290801
    patch Top y+ : min = 48.1944675, max = 327.1422191, average = 183.8915335
    patch e423_0 y+ : min = 114.2160307, max = 700.0820244, average = 410.0186141


################################################################################

Time = 31

Outer Loop Iteration = 31
smoothSolver:  Solving for Ux, Initial residual = 0.01935116551, Final residual = 0.0004752235199, No Iterations 2
smoothSolver:  Solving for Uz, Initial residual = 0.01124116078, Final residual = 0.0003957106798, No Iterations 2
GAMG:  Solving for p, Initial residual = 0.01217450788, Final residual = 5.934238157e-05, No Iterations 4
GAMG:  Solving for p, Initial residual = 0.001433303049, Final residual = 5.856656164e-06, No Iterations 3
GAMG:  Solving for p, Initial residual = 0.0002049001496, Final residual = 1.174766488e-06, No Iterations 3
time step continuity errors (region0): sum local = 8.250705567e-08, global = -3.184008785e-09, cumulative = 6.589371164e-08
smoothSolver:  Solving for omega, Initial residual = 0.002683934897, Final residual = 0.0002387192867, No Iterations 1
smoothSolver:  Solving for k, Initial residual = 0.01510121069, Final residual = 0.001441148687, No Iterations 1

ExecutionTime = 0.38 s  ExecutionStepTime = 0.01 s  ClockTime = 0 s

forces FR write:
    Sum of forces
        Total    : ( 0.7587336155 0 -7.015827463 )
        Pressure : ( 0.7141910892 0 -7.018009566 )
        Viscous  : ( 0.04454252631 0 0.002182102505 )
    Sum of moments
        Total    : ( -3.403697168 1.280357432 -0.3680962042 )
        Pressure : ( -3.404755805 1.282726409 -0.3464865977 )
        Viscous  : ( 0.001058637225 -0.002368977442 -0.02160960649 )


liftDrag LD execute:
Viscous drag: 0.003698940748, pressure drag: 0.05930850225, porous drag: 0
Viscous lift: 0.0001812081294, pressure lift: -0.5827958965, porous lift: 0
Total lift: -0.5826146884, Front lift: -0.1849827446, Rear lift: -0.3976319438, Drag: 0.063007443
Location of Center of Mass: ( 0.1583410946 0.4851455065 -0.0177077476 )
Location of Center Of Pressure: ( 0.1841092193 0.4851455065 -0.01492102821 )


yPlus yPlus execute:
    patch Bottom y+ : min = 12.14906797, max = 302.1162743, average = 168.6712412
    patch Top y+ : min = 31.03115362, max = 331.7821841, average = 184.8905864
    patch e423_0 y+ : min = 115.0020452, max = 701.8097602, average = 409.0014554


################################################################################

Time = 32

Outer Loop Iteration = 32
smoothSolver:  Solving for Ux, Initial residual = 0.01911241457, Final residual = 0.0004513506728, No Iterations 2
smoothSolver:  Solving for Uz, Initial residual = 0.01115626625, Final residual = 0.0003981263729, No Iterations 2
GAMG:  Solving for p, Initial residual = 0.01215108196, Final residual = 5.893643188e-05, No Iterations 4
GAMG:  Solving for p, Initial residual = 0.001344718061, Final residual = 5.796995115e-06, No Iterations 3
GAMG:  Solving for p, Initial residual = 0.0001950894137, Final residual = 1.140844062e-06, No Iterations 3
time step continuity errors (region0): sum local = 8.097624949e-08, global = -2.388610062e-10, cumulative = 6.565485063e-08
smoothSolver:  Solving for omega, Initial residual = 0.002541968636, Final residual = 0.0002232326738, No Iterations 1
smoothSolver:  Solving for k, Initial residual = 0.01465261167, Final residual = 0.001399440291, No Iterations 1

ExecutionTime = 0.39 s  ExecutionStepTime = 0.01 s  ClockTime = 0 s

forces FR write:
    Sum of forces
        Total    : ( 0.7521132491 0 -7.082485555 )
        Pressure : ( 0.7077547071 0 -7.084635238 )
        Viscous  : ( 0.04435854204 0 0.002149682299 )
    Sum of moments
        Total    : ( -3.436036042 1.287788992 -0.3648843632 )
        Pressure : ( -3.437078951 1.290154758 -0.3433640158 )
        Viscous  : ( 0.001042908708 -0.002365765587 -0.02152034734 )


liftDrag LD execute:
Viscous drag: 0.00368366216, pressure drag: 0.05877400639, porous drag: 0
Viscous lift: 0.0001785158614, pressure lift: -0.5883286858, porous lift: 0
Total lift: -0.58815017, Front lift: -0.187133347, Rear lift: -0.401016823, Drag: 0.06245766855
Location of Center of Mass: ( 0.1583410946 0.4851455065 -0.0177077476 )
Location of Center Of Pressure: ( 0.1834248426 0.4851455065 -0.01504401902 )


yPlus yPlus execute:
    patch Bottom y+ : min = 5.136287815, max = 306.5942806, average = 171.9046701
    patch Top y+ : min = 21.75693476, max = 336.2117677, average = 184.9127173
    patch e423_0 y+ : min = 115.738965, max = 703.4058637, average = 407.9227935


################################################################################

Time = 33

Outer Loop Iteration = 33
smoothSolver:  Solving for Ux, Initial residual = 0.01885007004, Final residual = 0.0004254134986, No Iterations 2
smoothSolver:  Solving for Uz, Initial residual = 0.0111103859, Final residual = 0.0003979535686, No Iterations 2
GAMG:  Solving for p, Initial residual = 0.01211267548, Final residual = 5.909628992e-05, No Iterations 4
GAMG:  Solving for p, Initial residual = 0.001316275695, Final residual = 5.34365321e-06, No Iterations 3
GAMG:  Solving for p, Initial residual = 0.000183456132, Final residual = 7.45591196e-07, No Iterations 3
time step continuity errors (region0): sum local = 5.354687445e-08, global = -9.975741706e-10, cumulative = 6.465727646e-08
smoothSolver:  Solving for omega, Initial residual = 0.002409279396, Final residual = 0.0002088565392, No Iterations 1
smoothSolver:  Solving for k, Initial residual = 0.01424028871, Final residual = 0.001362344397, No Iterations 1

ExecutionTime = 0.4 s  ExecutionStepTime = 0.01 s  ClockTime = 0 s

forces FR write:
    Sum of forces
        Total    : ( 0.7460410335 0 -7.143375207 )
        Pressure : ( 0.7018702517 0 -7.145487403 )
        Viscous  : ( 0.04417078184 0 0.002112196512 )
    Sum of moments
        Total    : ( -3.465576382 1.29451141 -0.3619384551 )
        Pressure : ( -3.466601105 1.296872616 -0.3405091987 )
        Viscous  : ( 0.001024722646 -0.002361206247 -0.02142925633 )


liftDrag LD execute:
Viscous drag: 0.003668070008, pressure drag: 0.05828534412, porous drag: 0
Viscous lift: 0.0001754029327, pressure lift: -0.5933820264, porous lift: 0
Total lift: -0.5932066234, Front lift: -0.1891033246, Rear lift: -0.4041032988, Drag: 0.06195341413
Location of Center of Mass: ( 0.1583410946 0.4851455065 -0.0177077476 )
Location of Center Of Pressure: ( 0.182801026 0.4851455065 -0.01515319713 )


yPlus yPlus execute:
    patch Bottom y+ : min = 8.497314496, max = 311.2432255, average = 174.8457838
    patch Top y+ : min = 44.76041053, max = 340.4238302, average = 190.2151975
    patch e423_0 y+ : min = 116.4193746, max = 704.8430191, average = 406.8000983


################################################################################

Time = 34

Outer Loop Iteration = 34
smoothSolver:  Solving for Ux, Initial residual = 0.01853922228, Final residual = 0.0004121063391, No Iterations 2
smoothSolver:  Solving for Uz, Initial residual = 0.01109088242, Final residual = 0.0003918721622, No Iterations 2
GAMG:  Solving for p, Initial residual = 0.0119271214, Final residual = 5.678827305e-05, No Iterations 4
GAMG:  Solving for p, Initial residual = 0.001292589443, Final residual = 6.172613573e-06, No Iterations 3
GAMG:  Solving for p, Initial residual = 0.0001853441963, Final residual = 1.002314271e-06, No Iterations 3
time step continuity errors (region0): sum local = 7.283520457e-08, global = 6.759598503e-10, cumulative = 6.533323631e-08
smoothSolver:  Solving for omega, Initial residual = 0.002283877798, Final residual = 0.0001947607195, No Iterations 1
smoothSolver:  Solving for k, Initial residual = 0.01385916245, Final residual = 0.001329551861, No Iterations 1

ExecutionTime = 0.41 s  ExecutionStepTime = 0.01 s  ClockTime = 0 s

forces FR write:
    Sum of forces
        Total    : ( 0.7400057147 0 -7.199324266 )
        Pressure : ( 0.6960058803 0 -7.20138525 )
        Viscous  : ( 0.04399983441 0 0.002060983641 )
    Sum of moments
        Total    : ( -3.492719817 1.300549273 -0.3590104472 )
        Pressure : ( -3.493719694 1.302905019 -0.3376641253 )
        Viscous  : ( 0.0009998769524 -0.002355745812 -0.02134632195 )


liftDrag LD execute:
Viscous drag: 0.003653874037, pressure drag: 0.05779834969, porous drag: 0
Viscous lift: 0.0001711500672, pressure lift: -0.5980239459, porous lift: 0
Total lift: -0.5978527959, Front lift: -0.1909250092, Rear lift: -0.4069277867, Drag: 0.06145222373
Location of Center of Mass: ( 0.1583410946 0.4851455065 -0.0177077476 )
Location of Center Of Pressure: ( 0.1822166899 0.4851455065 -0.0152536177 )


yPlus yPlus execute:
    patch Bottom y+ : min = 7.750961733, max = 315.6917206, average = 176.4211905
    patch Top y+ : min = 58.13522639, max = 344.3342226, average = 195.9538302
    patch e423_0 y+ : min = 116.981472, max = 706.2818183, average = 405.6702688


################################################################################

Time = 35

Outer Loop Iteration = 35
smoothSolver:  Solving for Ux, Initial residual = 0.01820833565, Final residual = 0.0003997313124, No Iterations 2
smoothSolver:  Solving for Uz, Initial residual = 0.01102529203, Final residual = 0.0003792882105, No Iterations 2
GAMG:  Solving for p, Initial residual = 0.0118864387, Final residual = 5.332238136e-05, No Iterations 4
GAMG:  Solving for p, Initial residual = 0.001278382482, Final residual = 6.055543756e-06, No Iterations 3
GAMG:  Solving for p, Initial residual = 0.000176912247, Final residual = 9.417206182e-07, No Iterations 3
time step continuity errors (region0): sum local = 6.91694262e-08, global = -7.665147964e-10, cumulative = 6.456672152e-08
smoothSolver:  Solving for omega, Initial residual = 0.002167512394, Final residual = 0.0001811967923, No Iterations 1
smoothSolver:  Solving for k, Initial residual = 0.01350592301, Final residual = 0.001300581746, No Iterations 1

ExecutionTime = 0.42 s  ExecutionStepTime = 0.01 s  ClockTime = 0 s

forces FR write:
    Sum of forces
        Total    : ( 0.7343707712 0 -7.251702815 )
        Pressure : ( 0.690536763 0 -7.253707739 )
        Viscous  : ( 0.04383400819 0 0.002004924016 )
    Sum of moments
        Total    : ( -3.518131035 1.306301997 -0.3562766797 )
        Pressure : ( -3.519103715 1.308651323 -0.3350108076 )
        Viscous  : ( 0.0009726798773 -0.002349325424 -0.02126587211 )


liftDrag LD execute:
Viscous drag: 0.003640103346, pressure drag: 0.05734417831, porous drag: 0
Viscous lift: 0.0001664947132, pressure lift: -0.6023689574, porous lift: 0
Total lift: -0.6022024626, Front lift: -0.1926221196, Rear lift: -0.409580343, Drag: 0.06098428165
Location of Center of Mass: ( 0.1583410946 0.4851455065 -0.0177077476 )
Location of Center Of Pressure: ( 0.1816910558 0.4851455065 -0.01534312657 )


yPlus yPlus execute:
    patch Bottom y+ : min = 8.461851047, max = 319.9040645, average = 180.3985338
    patch Top y+ : min = 46.13163094, max = 347.9170574, average = 200.5384351
    patch e423_0 y+ : min = 117.2159951, max = 707.8890578, average = 404.5408183


################################################################################

Time = 36

Outer Loop Iteration = 36
smoothSolver:  Solving for Ux, Initial residual = 0.01785563323, Final residual = 0.0003901862233, No Iterations 2
smoothSolver:  Solving for Uz, Initial residual = 0.01097222761, Final residual = 0.000361252052, No Iterations 2
GAMG:  Solving for p, Initial residual = 0.01159417441, Final residual = 4.98776365e-05, No Iterations 4
GAMG:  Solving for p, Initial residual = 0.001234768427, Final residual = 5.483493403e-06, No Iterations 3
GAMG:  Solving for p, Initial residual = 0.0001774736905, Final residual = 9.222429769e-07, No Iterations 3
time step continuity errors (region0): sum local = 6.849494197e-08, global = -2.560025818e-09, cumulative = 6.20066957e-08
smoothSolver:  Solving for omega, Initial residual = 0.002056859105, Final residual = 0.0001685564101, No Iterations 1
smoothSolver:  Solving for k, Initial residual = 0.01318150888, Final residual = 0.001276089736, No Iterations 1

ExecutionTime = 0.43 s  ExecutionStepTime = 0.01 s  ClockTime = 0 s

forces FR write:
    Sum of forces
        Total    : ( 0.7293807111 0 -7.30030749 )
        Pressure : ( 0.6857047262 0 -7.302252644 )
        Viscous  : ( 0.04367598491 0 0.001945153919 )
    Sum of moments
        Total    : ( -3.541711375 1.311650277 -0.3538557745 )
        Pressure : ( -3.542655057 1.313992426 -0.3326665667 )
        Viscous  : ( 0.0009436826832 -0.002342148469 -0.02118920782 )


liftDrag LD execute:
Viscous drag: 0.003626980633, pressure drag: 0.05694291193, porous drag: 0
Viscous lift: 0.0001615312307, pressure lift: -0.6064002673, porous lift: 0
Total lift: -0.606238736, Front lift: -0.1941961196, Rear lift: -0.4120426164, Drag: 0.06056989257
Location of Center of Mass: ( 0.1583410946 0.4851455065 -0.0177077476 )
Location of Center Of Pressure: ( 0.1812114536 0.4851455065 -0.01542274814 )


yPlus yPlus execute:
    patch Bottom y+ : min = 5.296169319, max = 323.7884631, average = 183.7241657
    patch Top y+ : min = 26.30764535, max = 351.2111065, average = 204.1196223
    patch e423_0 y+ : min = 117.6934005, max = 709.6254784, average = 403.4445991


################################################################################

Time = 37

Outer Loop Iteration = 37
smoothSolver:  Solving for Ux, Initial residual = 0.01750588733, Final residual = 0.0003814822401, No Iterations 2
smoothSolver:  Solving for Uz, Initial residual = 0.01095509701, Final residual = 0.0003389543559, No Iterations 2
GAMG:  Solving for p, Initial residual = 0.01137203666, Final residual = 4.714687886e-05, No Iterations 4
GAMG:  Solving for p, Initial residual = 0.001222469561, Final residual = 4.710855477e-06, No Iterations 3
GAMG:  Solving for p, Initial residual = 0.0001789095234, Final residual = 6.668366593e-07, No Iterations 3
time step continuity errors (region0): sum local = 5.006578565e-08, global = -1.360364957e-09, cumulative = 6.064633074e-08
smoothSolver:  Solving for omega, Initial residual = 0.001951931013, Final residual = 0.0001572992113, No Iterations 1
smoothSolver:  Solving for k, Initial residual = 0.01288535279, Final residual = 0.001254231897, No Iterations 1

ExecutionTime = 0.44 s  ExecutionStepTime = 0.01 s  ClockTime = 0 s

forces FR write:
    Sum of forces
        Total    : ( 0.7248730726 0 -7.345479691 )
        Pressure : ( 0.6813472928 0 -7.347362631 )
        Viscous  : ( 0.04352577977 0 0.001882940257 )
    Sum of moments
        Total    : ( -3.563626465 1.316415401 -0.3516689139 )
        Pressure : ( -3.564539965 1.318749795 -0.3305525775 )
        Viscous  : ( 0.0009135000046 -0.002334393605 -0.02111633647 )


liftDrag LD execute:
Viscous drag: 0.003614507163, pressure drag: 0.05658105801, porous drag: 0
Viscous lift: 0.0001563648275, pressure lift: -0.6101463316, porous lift: 0
Total lift: -0.6099899668, Front lift: -0.1956760253, Rear lift: -0.4143139416, Drag: 0.06019556518
Location of Center of Mass: ( 0.1583410946 0.4851455065 -0.0177077476 )
Location of Center Of Pressure: ( 0.180743643 0.4851455065 -0.01549699966 )


yPlus yPlus execute:
    patch Bottom y+ : min = 3.07563981, max = 327.2892263, average = 187.0855965
    patch Top y+ : min = 30.46571581, max = 354.2141316, average = 208.7248801
    patch e423_0 y+ : min = 118.3223319, max = 711.3855651, average = 402.4001612


################################################################################

Time = 38

Outer Loop Iteration = 38
smoothSolver:  Solving for Ux, Initial residual = 0.01712195765, Final residual = 0.0003786311254, No Iterations 2
smoothSolver:  Solving for Uz, Initial residual = 0.0109750641, Final residual = 0.0003120773168, No Iterations 2
GAMG:  Solving for p, Initial residual = 0.01121271483, Final residual = 4.404442408e-05, No Iterations 4
GAMG:  Solving for p, Initial residual = 0.001250930707, Final residual = 4.623017389e-06, No Iterations 3
GAMG:  Solving for p, Initial residual = 0.0001788082733, Final residual = 7.290353119e-07, No Iterations 3
time step continuity errors (region0): sum local = 5.530546205e-08, global = 2.3121705e-09, cumulative = 6.295850124e-08
smoothSolver:  Solving for omega, Initial residual = 0.001854598472, Final residual = 0.0001475830661, No Iterations 1
smoothSolver:  Solving for k, Initial residual = 0.01261236289, Final residual = 0.001236158009, No Iterations 1

ExecutionTime = 0.45 s  ExecutionStepTime = 0.01 s  ClockTime = 0 s

forces FR write:
    Sum of forces
        Total    : ( 0.7199994901 0 -7.38589515 )
        Pressure : ( 0.6766156867 0 -7.387716013 )
        Viscous  : ( 0.04338380341 0 0.001820863267 )
    Sum of moments
        Total    : ( -3.583233843 1.320400307 -0.3493045173 )
        Pressure : ( -3.584117227 1.322726566 -0.32825706 )
        Viscous  : ( 0.000883383632 -0.002326258594 -0.02104745728 )


liftDrag LD execute:
Viscous drag: 0.003602717033, pressure drag: 0.0561881317, porous drag: 0
Viscous lift: 0.000151209774, pressure lift: -0.6134973937, porous lift: 0
Total lift: -0.6133461839, Front lift: -0.1970232156, Rear lift: -0.4163229683, Drag: 0.05979084873
Location of Center of Mass: ( 0.1583410946 0.4851455065 -0.0177077476 )
Location of Center Of Pressure: ( 0.1802908444 0.4851455065 -0.01556801933 )


yPlus yPlus execute:
    patch Bottom y+ : min = 2.14194434, max = 330.4610069, average = 190.5581906
    patch Top y+ : min = 52.3505146, max = 356.8904664, average = 213.9892696
    patch e423_0 y+ : min = 119.0189899, max = 713.0778167, average = 401.4066454


################################################################################

Time = 39

Outer Loop Iteration = 39
smoothSolver:  Solving for Ux, Initial residual = 0.01673425366, Final residual = 0.0003721664546, No Iterations 2
smoothSolver:  Solving for Uz, Initial residual = 0.01097309538, Final residual = 0.0002828860203, No Iterations 2
GAMG:  Solving for p, Initial residual = 0.01136701226, Final residual = 0.000103582932, No Iterations 3
GAMG:  Solving for p, Initial residual = 0.001161157666, Final residual = 7.040554238e-06, No Iterations 3
GAMG:  Solving for p, Initial residual = 0.0001684279987, Final residual = 8.76457118e-07, No Iterations 3
time step continuity errors (region0): sum local = 6.717919288e-08, global = -2.693551874e-10, cumulative = 6.268914605e-08
smoothSolver:  Solving for omega, Initial residual = 0.00176397872, Final residual = 0.0001393116616, No Iterations 1
smoothSolver:  Solving for k, Initial residual = 0.01236337696, Final residual = 0.001219625993, No Iterations 1

ExecutionTime = 0.46 s  ExecutionStepTime = 0.01 s  ClockTime = 0 s

forces FR write:
    Sum of forces
        Total    : ( 0.7147893606 0 -7.422449021 )
        Pressure : ( 0.6715350729 0 -7.424209007 )
        Viscous  : ( 0.04325428769 0 0.001759985217 )
    Sum of moments
        Total    : ( -3.60096779 1.323693157 -0.3467768464 )
        Pressure : ( -3.601821639 1.326011186 -0.325792223 )
        Viscous  : ( 0.0008538489196 -0.002318028507 -0.02098462331 )


liftDrag LD execute:
Viscous drag: 0.003591961672, pressure drag: 0.05576622277, porous drag: 0
Viscous lift: 0.0001461542839, pressure lift: -0.6165278778, porous lift: 0
Total lift: -0.6163817235, Front lift: -0.1982675376, Rear lift: -0.4181141859, Drag: 0.05935818444
Location of Center of Mass: ( 0.1583410946 0.4851455065 -0.0177077476 )
Location of Center Of Pressure: ( 0.1798423172 0.4851455065 -0.01563715808 )


yPlus yPlus execute:
    patch Bottom y+ : min = 1.694197143, max = 333.1042389, average = 193.3462583
    patch Top y+ : min = 62.05505511, max = 359.1974779, average = 218.5291226
    patch e423_0 y+ : min = 119.6665583, max = 714.7050087, average = 400.4793167


################################################################################

Time = 40

Outer Loop Iteration = 40
smoothSolver:  Solving for Ux, Initial residual = 0.01627929834, Final residual = 0.0003646715195, No Iterations 2
smoothSolver:  Solving for Uz, Initial residual = 0.01094608454, Final residual = 0.0002535491547, No Iterations 2
GAMG:  Solving for p, Initial residual = 0.0114582421, Final residual = 0.0001017516958, No Iterations 3
GAMG:  Solving for p, Initial residual = 0.001186955237, Final residual = 6.419542603e-06, No Iterations 3
GAMG:  Solving for p, Initial residual = 0.0001785637721, Final residual = 8.891666008e-07, No Iterations 3
time step continuity errors (region0): sum local = 6.886961818e-08, global = 1.424608803e-09, cumulative = 6.411375486e-08
smoothSolver:  Solving for omega, Initial residual = 0.001680204514, Final residual = 0.0001338365027, No Iterations 1
smoothSolver:  Solving for k, Initial residual = 0.0121353274, Final residual = 0.001202995347, No Iterations 1

ExecutionTime = 0.47 s  ExecutionStepTime = 0.01 s  ClockTime = 0 s

forces FR write:
    Sum of forces
        Total    : ( 0.7094621375 0 -7.456493078 )
        Pressure : ( 0.6663241041 0 -7.45819401 )
        Viscous  : ( 0.04313803333 0 0.001700932146 )
    Sum of moments
        Total    : ( -3.617484111 1.326532071 -0.344192368 )
        Pressure : ( -3.61830931 1.328841993 -0.323264145 )
        Viscous  : ( 0.0008251995875 -0.002309922495 -0.02092822303 )


liftDrag LD execute:
Viscous drag: 0.003582307573, pressure drag: 0.05533348879, porous drag: 0
Viscous lift: 0.0001412503454, pressure lift: -0.6193500912, porous lift: 0
Total lift: -0.6192088409, Front lift: -0.1994453447, Rear lift: -0.4197634962, Drag: 0.05891579637
Location of Center of Mass: ( 0.1583410946 0.4851455065 -0.0177077476 )
Location of Center Of Pressure: ( 0.1793971621 0.4851455065 -0.01570432824 )


yPlus yPlus execute:
    patch Bottom y+ : min = 1.558950135, max = 335.1929606, average = 196.8684773
    patch Top y+ : min = 47.20535417, max = 362.051307, average = 222.462809
    patch e423_0 y+ : min = 120.3139083, max = 716.2460535, average = 399.6309583


################################################################################

Time = 41

Outer Loop Iteration = 41
smoothSolver:  Solving for Ux, Initial residual = 0.01580901602, Final residual = 0.0003547096889, No Iterations 2
smoothSolver:  Solving for Uz, Initial residual = 0.01091461216, Final residual = 0.0002270515831, No Iterations 2
GAMG:  Solving for p, Initial residual = 0.01134513746, Final residual = 0.0001061965823, No Iterations 3
GAMG:  Solving for p, Initial residual = 0.001252935058, Final residual = 6.073055894e-06, No Iterations 3
GAMG:  Solving for p, Initial residual = 0.0001824749641, Final residual = 9.432206401e-07, No Iterations 3
time step continuity errors (region0): sum local = 7.382113509e-08, global = 2.094197871e-09, cumulative = 6.620795273e-08
smoothSolver:  Solving for omega, Initial residual = 0.001601427829, Final residual = 0.0001288437523, No Iterations 1
smoothSolver:  Solving for k, Initial residual = 0.01192561578, Final residual = 0.001187939738, No Iterations 1

ExecutionTime = 0.48 s  ExecutionStepTime = 0.01 s  ClockTime = 0 s

forces FR write:
    Sum of forces
        Total    : ( 0.7041564567 0 -7.487366164 )
        Pressure : ( 0.6611216267 0 -7.48901065 )
        Viscous  : ( 0.04303483006 0 0.001644485932 )
    Sum of moments
        Total    : ( -3.63246205 1.328873316 -0.3416183408 )
        Pressure : ( -3.633259865 1.331175481 -0.3207401864 )
        Viscous  : ( 0.0007978149603 -0.002302164743 -0.02087815443 )


liftDrag LD execute:
Viscous drag: 0.003573737273, pressure drag: 0.05490145995, porous drag: 0
Viscous lift: 0.0001365628878, pressure lift: -0.6219091945, porous lift: 0
Total lift: -0.6217726316, Front lift: -0.2005328162, Rear lift: -0.4212398153, Drag: 0.05847519723
Location of Center of Mass: ( 0.1583410946 0.4851455065 -0.0177077476 )
Location of Center Of Pressure: ( 0.1789650102 0.4851455065 -0.01576815189 )


yPlus yPlus execute:
    patch Bottom y+ : min = 1.561342162, max = 336.7512804, average = 201.2947385
    patch Top y+ : min = 18.23909281, max = 365.2024987, average = 225.3805051
    patch e423_0 y+ : min = 120.8761799, max = 717.6930001, average = 398.8627532


################################################################################

Time = 42

Outer Loop Iteration = 42
smoothSolver:  Solving for Ux, Initial residual = 0.01532328668, Final residual = 0.0003441576478, No Iterations 2
smoothSolver:  Solving for Uz, Initial residual = 0.01090207021, Final residual = 0.0002046004208, No Iterations 2
GAMG:  Solving for p, Initial residual = 0.01137875373, Final residual = 0.0001058560873, No Iterations 3
GAMG:  Solving for p, Initial residual = 0.001280631654, Final residual = 6.316747933e-06, No Iterations 3
GAMG:  Solving for p, Initial residual = 0.0001865469595, Final residual = 1.01857426e-06, No Iterations 3
time step continuity errors (region0): sum local = 8.054692785e-08, global = 5.717423296e-11, cumulative = 6.626512696e-08
smoothSolver:  Solving for omega, Initial residual = 0.001529194487, Final residual = 0.0001239261139, No Iterations 1
smoothSolver:  Solving for k, Initial residual = 0.01173026662, Final residual = 0.0001295271677, No Iterations 2

ExecutionTime = 0.48 s  ExecutionStepTime = 0 s  ClockTime = 0 s

forces FR write:
    Sum of forces
        Total    : ( 0.6987347174 0 -7.516273261 )
        Pressure : ( 0.6557920585 0 -7.517864874 )
        Viscous  : ( 0.04294265885 0 0.001591612223 )
    Sum of moments
        Total    : ( -3.646486198 1.330905074 -0.3389880083 )
        Pressure : ( -3.647258362 1.333199948 -0.3181545704 )
        Viscous  : ( 0.0007721635178 -0.002294873555 -0.02083343798 )


liftDrag LD execute:
Viscous drag: 0.003566083108, pressure drag: 0.05445887714, porous drag: 0
Viscous lift: 0.0001321721014, pressure lift: -0.624305333, porous lift: 0
Total lift: -0.6241731609, Front lift: -0.2015643578, Rear lift: -0.4226088031, Drag: 0.05802496025
Location of Center of Mass: ( 0.1583410946 0.4851455065 -0.0177077476 )
Location of Center Of Pressure: ( 0.1785414003 0.4851455065 -0.01582986818 )


yPlus yPlus execute:
    patch Bottom y+ : min = 5.028619481, max = 337.7655401, average = 203.8094591
    patch Top y+ : min = 42.26127414, max = 367.8649054, average = 230.9270882
    patch e423_0 y+ : min = 121.2247748, max = 719.0325663, average = 398.1593947


################################################################################

Time = 43

Outer Loop Iteration = 43
smoothSolver:  Solving for Ux, Initial residual = 0.01482296121, Final residual = 0.000334114552, No Iterations 2
smoothSolver:  Solving for Uz, Initial residual = 0.01088184507, Final residual = 0.0001861437418, No Iterations 2
GAMG:  Solving for p, Initial residual = 0.0116286082, Final residual = 0.0001011156754, No Iterations 3
GAMG:  Solving for p, Initial residual = 0.001191222306, Final residual = 5.763930755e-06, No Iterations 3
GAMG:  Solving for p, Initial residual = 0.0001704129833, Final residual = 8.549200914e-07, No Iterations 3
time step continuity errors (region0): sum local = 6.824157194e-08, global = -4.658305731e-09, cumulative = 6.160682123e-08
smoothSolver:  Solving for omega, Initial residual = 0.001459668503, Final residual = 0.000119269295, No Iterations 1
smoothSolver:  Solving for k, Initial residual = 0.01154992633, Final residual = 0.0001275564571, No Iterations 2

ExecutionTime = 0.5 s  ExecutionStepTime = 0.02 s  ClockTime = 0 s

forces FR write:
    Sum of forces
        Total    : ( 0.6933179384 0 -7.543055636 )
        Pressure : ( 0.6504552682 0 -7.544597623 )
        Viscous  : ( 0.04286267025 0 0.001541987429 )
    Sum of moments
        Total    : ( -3.659479547 1.332616294 -0.3363600824 )
        Pressure : ( -3.660227635 1.334904462 -0.3155654505 )
        Viscous  : ( 0.000748088272 -0.002288168295 -0.02079463187 )


liftDrag LD execute:
Viscous drag: 0.003559440623, pressure drag: 0.05401569457, porous drag: 0
Viscous lift: 0.0001280511144, pressure lift: -0.6265252982, porous lift: 0
Total lift: -0.6263972471, Front lift: -0.2025342962, Rear lift: -0.4238629509, Drag: 0.05757513519
Location of Center of Mass: ( 0.1583410946 0.4851455065 -0.0177077476 )
Location of Center Of Pressure: ( 0.1781283991 0.4851455065 -0.01588900281 )


yPlus yPlus execute:
    patch Bottom y+ : min = 10.27852089, max = 344.9529151, average = 204.5796482
    patch Top y+ : min = 33.9900176, max = 370.0460053, average = 235.8184787
    patch e423_0 y+ : min = 121.5731918, max = 720.2843503, average = 397.5289907


################################################################################

Time = 44

Outer Loop Iteration = 44
smoothSolver:  Solving for Ux, Initial residual = 0.01433367516, Final residual = 0.0003221249577, No Iterations 2
smoothSolver:  Solving for Uz, Initial residual = 0.01089058827, Final residual = 0.0001798849541, No Iterations 2
GAMG:  Solving for p, Initial residual = 0.0116722746, Final residual = 0.0001092376254, No Iterations 3
GAMG:  Solving for p, Initial residual = 0.001287681975, Final residual = 6.358673946e-06, No Iterations 3
GAMG:  Solving for p, Initial residual = 0.0001976866832, Final residual = 8.363266578e-07, No Iterations 3
time step continuity errors (region0): sum local = 6.734094158e-08, global = -9.479373158e-09, cumulative = 5.212744807e-08
smoothSolver:  Solving for omega, Initial residual = 0.001393980048, Final residual = 0.0001144907488, No Iterations 1
smoothSolver:  Solving for k, Initial residual = 0.01138498514, Final residual = 0.001137129545, No Iterations 1

ExecutionTime = 0.51 s  ExecutionStepTime = 0.01 s  ClockTime = 0 s

forces FR write:
    Sum of forces
        Total    : ( 0.6879680554 0 -7.568020302 )
        Pressure : ( 0.6451744342 0 -7.569516173 )
        Viscous  : ( 0.04279362114 0 0.001495870627 )
    Sum of moments
        Total    : ( -3.671591042 1.33409622 -0.3337646107 )
        Pressure : ( -3.672316757 1.336378281 -0.3130034777 )
        Viscous  : ( 0.0007257149127 -0.002282061125 -0.020761133 )


liftDrag LD execute:
Viscous drag: 0.003553706584, pressure drag: 0.05357715878, porous drag: 0
Viscous lift: 0.0001242214412, pressure lift: -0.6285946069, porous lift: 0
Total lift: -0.6284703854, Front lift: -0.2034479681, Rear lift: -0.4250224174, Drag: 0.05713086536
Location of Center of Mass: ( 0.1583410946 0.4851455065 -0.0177077476 )
Location of Center Of Pressure: ( 0.1777302312 0.4851455065 -0.01594518539 )


yPlus yPlus execute:
    patch Bottom y+ : min = 22.17693928, max = 362.7881875, average = 212.4957823
    patch Top y+ : min = 35.96758003, max = 371.8943086, average = 241.7651966
    patch e423_0 y+ : min = 121.9181271, max = 721.4554232, average = 396.9684814


################################################################################

Time = 45

Outer Loop Iteration = 45
smoothSolver:  Solving for Ux, Initial residual = 0.0138980838, Final residual = 0.0003104058318, No Iterations 2
smoothSolver:  Solving for Uz, Initial residual = 0.01091869513, Final residual = 0.0001806928177, No Iterations 2
GAMG:  Solving for p, Initial residual = 0.01203986067, Final residual = 0.0001119509488, No Iterations 3
GAMG:  Solving for p, Initial residual = 0.001321135321, Final residual = 7.151296506e-06, No Iterations 3
GAMG:  Solving for p, Initial residual = 0.0001994258775, Final residual = 9.276326622e-07, No Iterations 3
time step continuity errors (region0): sum local = 7.525536267e-08, global = -1.4661996e-08, cumulative = 3.746545207e-08
smoothSolver:  Solving for omega, Initial residual = 0.001330547672, Final residual = 0.0001095901921, No Iterations 1
smoothSolver:  Solving for k, Initial residual = 0.01123258411, Final residual = 0.001120992727, No Iterations 1

ExecutionTime = 0.52 s  ExecutionStepTime = 0.01 s  ClockTime = 0 s

forces FR write:
    Sum of forces
        Total    : ( 0.682752354 0 -7.591831885 )
        Pressure : ( 0.6400184242 0 -7.593285377 )
        Viscous  : ( 0.04273392976 0 0.001453491997 )
    Sum of moments
        Total    : ( -3.683143125 1.335500304 -0.3312342366 )
        Pressure : ( -3.68384828 1.337776862 -0.3105020626 )
        Viscous  : ( 0.0007051551108 -0.002276557938 -0.020732174 )


liftDrag LD execute:
Viscous drag: 0.003548749638, pressure drag: 0.05314898874, porous drag: 0
Viscous lift: 0.0001207021967, pressure lift: -0.6305684707, porous lift: 0
Total lift: -0.6304477685, Front lift: -0.2043200603, Rear lift: -0.4261277082, Drag: 0.05669773837
Location of Center of Mass: ( 0.1583410946 0.4851455065 -0.0177077476 )
Location of Center Of Pressure: ( 0.1773515351 0.4851455065 -0.01599809133 )


yPlus yPlus execute:
    patch Bottom y+ : min = 35.40518895, max = 383.3669751, average = 219.9630016
    patch Top y+ : min = 62.60523551, max = 373.2475381, average = 248.8712209
    patch e423_0 y+ : min = 122.2504296, max = 722.5327842, average = 396.4695928


################################################################################

Time = 46

Outer Loop Iteration = 46
smoothSolver:  Solving for Ux, Initial residual = 0.01348673761, Final residual = 0.0002978357958, No Iterations 2
smoothSolver:  Solving for Uz, Initial residual = 0.01097705364, Final residual = 0.0001869393056, No Iterations 2
GAMG:  Solving for p, Initial residual = 0.01237209147, Final residual = 0.0001132229881, No Iterations 3
GAMG:  Solving for p, Initial residual = 0.001262007241, Final residual = 7.292694031e-06, No Iterations 3
GAMG:  Solving for p, Initial residual = 0.0001886187343, Final residual = 9.188781468e-07, No Iterations 3
time step continuity errors (region0): sum local = 7.514980607e-08, global = -1.459736794e-08, cumulative = 2.286808413e-08
smoothSolver:  Solving for omega, Initial residual = 0.001270999012, Final residual = 0.0001048987048, No Iterations 1
smoothSolver:  Solving for k, Initial residual = 0.01109199457, Final residual = 0.001104934093, No Iterations 1

ExecutionTime = 0.53 s  ExecutionStepTime = 0.01 s  ClockTime = 0 s

forces FR write:
    Sum of forces
        Total    : ( 0.6778681711 0 -7.613132605 )
        Pressure : ( 0.635184792 0 -7.61454416 )
        Viscous  : ( 0.04268337908 0 0.001411554897 )
    Sum of moments
        Total    : ( -3.693477074 1.33665504 -0.3288646972 )
        Pressure : ( -3.694161883 1.338926562 -0.3081570476 )
        Viscous  : ( 0.0006848095152 -0.002271522428 -0.02070764956 )


liftDrag LD execute:
Viscous drag: 0.003544551763, pressure drag: 0.05274758988, porous drag: 0
Viscous lift: 0.0001172196182, pressure lift: -0.6323338618, porous lift: 0
Total lift: -0.6322166421, Front lift: -0.2051086046, Rear lift: -0.4271080376, Drag: 0.05629214164
Location of Center of Mass: ( 0.1583410946 0.4851455065 -0.0177077476 )
Location of Center Of Pressure: ( 0.1770010286 0.4851455065 -0.01604627972 )


yPlus yPlus execute:
    patch Bottom y+ : min = 18.73310298, max = 404.3789446, average = 224.5907127
    patch Top y+ : min = 65.1508906, max = 378.6375167, average = 255.5349705
    patch e423_0 y+ : min = 123.324617, max = 723.5207247, average = 396.0361496


################################################################################

Time = 47

Outer Loop Iteration = 47
smoothSolver:  Solving for Ux, Initial residual = 0.01311337678, Final residual = 0.0002850308418, No Iterations 2
smoothSolver:  Solving for Uz, Initial residual = 0.01099350357, Final residual = 0.000197597232, No Iterations 2
GAMG:  Solving for p, Initial residual = 0.01229456584, Final residual = 0.0001068466062, No Iterations 3
GAMG:  Solving for p, Initial residual = 0.001197583206, Final residual = 7.856785467e-06, No Iterations 3
GAMG:  Solving for p, Initial residual = 0.0001906640494, Final residual = 1.037377213e-06, No Iterations 3
time step continuity errors (region0): sum local = 8.559496798e-08, global = -1.319834623e-08, cumulative = 9.669737898e-09
smoothSolver:  Solving for omega, Initial residual = 0.001213519662, Final residual = 0.0001003243331, No Iterations 1
smoothSolver:  Solving for k, Initial residual = 0.01096292854, Final residual = 0.001088668175, No Iterations 1

ExecutionTime = 0.54 s  ExecutionStepTime = 0.01 s  ClockTime = 0 s

forces FR write:
    Sum of forces
        Total    : ( 0.672914586 0 -7.635073616 )
        Pressure : ( 0.6302682991 0 -7.636438748 )
        Viscous  : ( 0.04264628695 0 0.001365131952 )
    Sum of moments
        Total    : ( -3.704121657 1.338044241 -0.3264614876 )
        Pressure : ( -3.704783944 1.340311275 -0.3057718332 )
        Viscous  : ( 0.0006622876321 -0.002267033646 -0.02068965448 )


liftDrag LD execute:
Viscous drag: 0.003541471525, pressure drag: 0.05233931002, porous drag: 0
Viscous lift: 0.000113364522, pressure lift: -0.6341520519, porous lift: 0
Total lift: -0.6340386874, Front lift: -0.2059042639, Rear lift: -0.4281344235, Drag: 0.05588078155
Location of Center of Mass: ( 0.1583410946 0.4851455065 -0.0177077476 )
Location of Center Of Pressure: ( 0.1766679924 0.4851455065 -0.01609251277 )


yPlus yPlus execute:
    patch Bottom y+ : min = 39.99454576, max = 424.5889115, average = 232.8766865
    patch Top y+ : min = 63.36363538, max = 397.7085668, average = 261.9105531
    patch e423_0 y+ : min = 126.2544289, max = 724.4479937, average = 395.6996873


################################################################################

Time = 48

Outer Loop Iteration = 48
smoothSolver:  Solving for Ux, Initial residual = 0.01271258799, Final residual = 0.0002730178312, No Iterations 2
smoothSolver:  Solving for Uz, Initial residual = 0.0109809808, Final residual = 0.000211183306, No Iterations 2
GAMG:  Solving for p, Initial residual = 0.01219790452, Final residual = 0.0001038160069, No Iterations 3
GAMG:  Solving for p, Initial residual = 0.001138278999, Final residual = 6.740941443e-06, No Iterations 3
GAMG:  Solving for p, Initial residual = 0.0001865094125, Final residual = 8.678334692e-07, No Iterations 3
time step continuity errors (region0): sum local = 7.221013113e-08, global = -1.991672303e-08, cumulative = -1.024698513e-08
smoothSolver:  Solving for omega, Initial residual = 0.001159583564, Final residual = 9.628786057e-05, No Iterations 1
smoothSolver:  Solving for k, Initial residual = 0.01084050051, Final residual = 0.001072046172, No Iterations 1

ExecutionTime = 0.55 s  ExecutionStepTime = 0.01 s  ClockTime = 0 s

forces FR write:
    Sum of forces
        Total    : ( 0.6681991508 0 -7.651891101 )
        Pressure : ( 0.6255823065 0 -7.653214343 )
        Viscous  : ( 0.04261684432 0 0.001323242259 )
    Sum of moments
        Total    : ( -3.712280584 1.338830378 -0.3241738154 )
        Pressure : ( -3.712922549 1.341093527 -0.3034984449 )
        Viscous  : ( 0.000641965036 -0.002263148751 -0.02067537052 )


liftDrag LD execute:
Viscous drag: 0.003539026523, pressure drag: 0.05195017159, porous drag: 0
Viscous lift: 0.0001098858803, pressure lift: -0.6355451461, porous lift: 0
Total lift: -0.6354352602, Front lift: -0.2065372672, Rear lift: -0.428897993, Drag: 0.05548919811
Location of Center of Mass: ( 0.1583410946 0.4851455065 -0.0177077476 )
Location of Center Of Pressure: ( 0.176376051 0.4851455065 -0.01613285032 )


yPlus yPlus execute:
    patch Bottom y+ : min = 52.92016388, max = 443.4897923, average = 240.1007028
    patch Top y+ : min = 61.13588195, max = 417.8307543, average = 267.7203252
    patch e423_0 y+ : min = 128.1756899, max = 725.4127063, average = 395.4030418


################################################################################

Time = 49

Outer Loop Iteration = 49
smoothSolver:  Solving for Ux, Initial residual = 0.01228839228, Final residual = 0.0002606677037, No Iterations 2
smoothSolver:  Solving for Uz, Initial residual = 0.01099900148, Final residual = 0.0002236660338, No Iterations 2
GAMG:  Solving for p, Initial residual = 0.01233426397, Final residual = 0.0001046817722, No Iterations 3
GAMG:  Solving for p, Initial residual = 0.001153984392, Final residual = 6.519532617e-06, No Iterations 3
GAMG:  Solving for p, Initial residual = 0.0001786406552, Final residual = 8.277168018e-07, No Iterations 3
time step continuity errors (region0): sum local = 6.944417872e-08, global = -1.915477999e-08, cumulative = -2.940176512e-08
smoothSolver:  Solving for omega, Initial residual = 0.001109454615, Final residual = 9.245186815e-05, No Iterations 1
smoothSolver:  Solving for k, Initial residual = 0.01072743089, Final residual = 0.00105480925, No Iterations 1

ExecutionTime = 0.56 s  ExecutionStepTime = 0.01 s  ClockTime = 0 s

forces FR write:
    Sum of forces
        Total    : ( 0.6634593257 0 -7.670822905 )
        Pressure : ( 0.6208622129 0 -7.672106291 )
        Viscous  : ( 0.04259711274 0 0.001283385208 )
    Sum of moments
        Total    : ( -3.721465263 1.33995055 -0.3218743106 )
        Pressure : ( -3.722087892 1.342210363 -0.3012085127 )
        Viscous  : ( 0.0006226285668 -0.002259813106 -0.02066579784 )


liftDrag LD execute:
Viscous drag: 0.003537387956, pressure drag: 0.05155820131, porous drag: 0
Viscous lift: 0.000106576035, pressure lift: -0.6371139882, porous lift: 0
Total lift: -0.6370074122, Front lift: -0.2072303209, Rear lift: -0.4297770913, Drag: 0.05509558927
Location of Center of Mass: ( 0.1583410946 0.4851455065 -0.0177077476 )
Location of Center Of Pressure: ( 0.1760803239 0.4851455065 -0.01617345888 )


yPlus yPlus execute:
    patch Bottom y+ : min = 57.58171639, max = 461.5441988, average = 247.113883
    patch Top y+ : min = 58.67329521, max = 438.4560297, average = 273.1724873
    patch e423_0 y+ : min = 129.9023511, max = 726.3520173, average = 395.1592185


################################################################################

Time = 50

Outer Loop Iteration = 50
smoothSolver:  Solving for Ux, Initial residual = 0.0118363328, Final residual = 0.0002476386429, No Iterations 2
smoothSolver:  Solving for Uz, Initial residual = 0.01103386965, Final residual = 0.0002338642754, No Iterations 2
GAMG:  Solving for p, Initial residual = 0.01252667662, Final residual = 9.992891728e-05, No Iterations 3
GAMG:  Solving for p, Initial residual = 0.00115208709, Final residual = 6.060773059e-06, No Iterations 3
GAMG:  Solving for p, Initial residual = 0.0001710399113, Final residual = 7.272313514e-07, No Iterations 3
time step continuity errors (region0): sum local = 6.149515737e-08, global = -7.154405624e-09, cumulative = -3.655617074e-08
smoothSolver:  Solving for omega, Initial residual = 0.00106071497, Final residual = 8.868139495e-05, No Iterations 1
smoothSolver:  Solving for k, Initial residual = 0.01062118593, Final residual = 0.001037632198, No Iterations 1

ExecutionTime = 0.57 s  ExecutionStepTime = 0.01 s  ClockTime = 0 s

forces FR write:
    Sum of forces
        Total    : ( 0.6586870499 0 -7.688873878 )
        Pressure : ( 0.6161010696 0 -7.690119088 )
        Viscous  : ( 0.04258598029 0 0.001245209874 )
    Sum of moments
        Total    : ( -3.730222612 1.34093011 -0.3195590624 )
        Pressure : ( -3.73082672 1.343187093 -0.2988986654 )
        Viscous  : ( 0.0006041079748 -0.002256983075 -0.02066039698 )


liftDrag LD execute:
Viscous drag: 0.003536463485, pressure drag: 0.05116282214, porous drag: 0
Viscous lift: 0.0001034058443, pressure lift: -0.6386098232, porous lift: 0
Total lift: -0.6385064174, Front lift: -0.207898478, Rear lift: -0.4306079394, Drag: 0.05469928563
Location of Center of Mass: ( 0.1583410946 0.4851455065 -0.0177077476 )
Location of Center Of Pressure: ( 0.1757877052 0.4851455065 -0.01621313908 )


yPlus yPlus execute:
    patch Bottom y+ : min = 53.01439748, max = 478.826625, average = 253.2456777
    patch Top y+ : min = 56.00599441, max = 460.8529289, average = 278.5302261
    patch e423_0 y+ : min = 131.4501136, max = 727.3016435, average = 394.9629088


################################################################################

Time = 51

Outer Loop Iteration = 51
smoothSolver:  Solving for Ux, Initial residual = 0.01137842985, Final residual = 0.0002348110932, No Iterations 2
smoothSolver:  Solving for Uz, Initial residual = 0.01105522784, Final residual = 0.000244489266, No Iterations 2
GAMG:  Solving for p, Initial residual = 0.01246044908, Final residual = 9.445179767e-05, No Iterations 3
GAMG:  Solving for p, Initial residual = 0.001091254151, Final residual = 5.035484682e-06, No Iterations 3
GAMG:  Solving for p, Initial residual = 0.0001460987649, Final residual = 5.833071989e-07, No Iterations 3
time step continuity errors (region0): sum local = 4.969157177e-08, global = -2.520360923e-09, cumulative = -3.907653167e-08
smoothSolver:  Solving for omega, Initial residual = 0.001015102508, Final residual = 8.497680268e-05, No Iterations 1
smoothSolver:  Solving for k, Initial residual = 0.01052215914, Final residual = 0.001020285997, No Iterations 1

ExecutionTime = 0.58 s  ExecutionStepTime = 0 s  ClockTime = 0 s

forces FR write:
    Sum of forces
        Total    : ( 0.6540513336 0 -7.706012061 )
        Pressure : ( 0.6114689045 0 -7.707220813 )
        Viscous  : ( 0.04258242904 0 0.001208752006 )
    Sum of moments
        Total    : ( -3.738537124 1.34181812 -0.3173100655 )
        Pressure : ( -3.739123545 1.344072747 -0.2966513914 )
        Viscous  : ( 0.000586420604 -0.002254626791 -0.0206586741 )


liftDrag LD execute:
Viscous drag: 0.003536168578, pressure drag: 0.0507781537, porous drag: 0
Viscous lift: 0.0001003782771, pressure lift: -0.6400300002, porous lift: 0
Total lift: -0.6399296219, Front lift: -0.2085363372, Rear lift: -0.4313932847, Drag: 0.05431432228
Location of Center of Mass: ( 0.1583410946 0.4851455065 -0.0177077476 )
Location of Center Of Pressure: ( 0.1755054421 0.4851455065 -0.01625091568 )


yPlus yPlus execute:
    patch Bottom y+ : min = 46.65527681, max = 497.3464427, average = 258.6445068
    patch Top y+ : min = 53.43821509, max = 482.2529304, average = 283.7103433
    patch e423_0 y+ : min = 132.8680415, max = 728.2762132, average = 394.8085042


################################################################################

Time = 52

Outer Loop Iteration = 52
smoothSolver:  Solving for Ux, Initial residual = 0.01091532474, Final residual = 0.000222425952, No Iterations 2
smoothSolver:  Solving for Uz, Initial residual = 0.01101897265, Final residual = 0.000252734824, No Iterations 2
GAMG:  Solving for p, Initial residual = 0.01183265493, Final residual = 8.07141185e-05, No Iterations 3
GAMG:  Solving for p, Initial residual = 0.001050405851, Final residual = 4.059147073e-06, No Iterations 3
GAMG:  Solving for p, Initial residual = 0.0001637369737, Final residual = 6.197644678e-07, No Iterations 3
time step continuity errors (region0): sum local = 5.323007016e-08, global = -2.560639884e-09, cumulative = -4.163717155e-08
smoothSolver:  Solving for omega, Initial residual = 0.000970635619, Final residual = 8.152199485e-05, No Iterations 1
smoothSolver:  Solving for k, Initial residual = 0.01042987745, Final residual = 0.001002902437, No Iterations 1

ExecutionTime = 0.59 s  ExecutionStepTime = 0.01 s  ClockTime = 0 s

forces FR write:
    Sum of forces
        Total    : ( 0.6496635063 0 -7.722407779 )
        Pressure : ( 0.6070781298 0 -7.723581815 )
        Viscous  : ( 0.04258537646 0 0.001174036023 )
    Sum of moments
        Total    : ( -3.746491433 1.342670146 -0.3151813308 )
        Pressure : ( -3.747061011 1.344922867 -0.2945212268 )
        Viscous  : ( 0.000569578301 -0.002252720882 -0.02066010403 )


liftDrag LD execute:
Viscous drag: 0.003536413341, pressure drag: 0.05041353102, porous drag: 0
Viscous lift: 9.749536106e-05, pressure lift: -0.6413886653, porous lift: 0
Total lift: -0.6412911699, Front lift: -0.2091463565, Rear lift: -0.4321448134, Drag: 0.05394994436
Location of Center of Mass: ( 0.1583410946 0.4851455065 -0.0177077476 )
Location of Center Of Pressure: ( 0.1752368995 0.4851455065 -0.01628635312 )


yPlus yPlus execute:
    patch Bottom y+ : min = 28.56336441, max = 517.8979539, average = 262.4874063
    patch Top y+ : min = 49.55584171, max = 500.7930645, average = 288.2900819
    patch e423_0 y+ : min = 134.2143765, max = 729.2769093, average = 394.6914213


################################################################################

Time = 53

Outer Loop Iteration = 53
smoothSolver:  Solving for Ux, Initial residual = 0.01048770123, Final residual = 0.0002093082822, No Iterations 2
smoothSolver:  Solving for Uz, Initial residual = 0.01085643484, Final residual = 0.0002583818733, No Iterations 2
GAMG:  Solving for p, Initial residual = 0.01131002938, Final residual = 6.822088323e-05, No Iterations 3
GAMG:  Solving for p, Initial residual = 0.0009713558259, Final residual = 3.499625199e-06, No Iterations 3
GAMG:  Solving for p, Initial residual = 0.0001603731981, Final residual = 1.597025055e-06, No Iterations 2
time step continuity errors (region0): sum local = 1.382251564e-07, global = -8.384334259e-09, cumulative = -5.002150581e-08
smoothSolver:  Solving for omega, Initial residual = 0.0009280414987, Final residual = 7.821325294e-05, No Iterations 1
smoothSolver:  Solving for k, Initial residual = 0.01034585443, Final residual = 0.0009857749829, No Iterations 1

ExecutionTime = 0.61 s  ExecutionStepTime = 0.02 s  ClockTime = 0 s

forces FR write:
    Sum of forces
        Total    : ( 0.6454736081 0 -7.738053009 )
        Pressure : ( 0.602879729 0 -7.739194262 )
        Viscous  : ( 0.04259387907 0 0.001141252462 )
    Sum of moments
        Total    : ( -3.754081646 1.343475687 -0.3131486205 )
        Pressure : ( -3.75463532 1.345726913 -0.2924843915 )
        Viscous  : ( 0.0005536735036 -0.002251226474 -0.02066422903 )


liftDrag LD execute:
Viscous drag: 0.003537119422, pressure drag: 0.05006488362, porous drag: 0
Viscous lift: 9.477291893e-05, pressure lift: -0.6426851682, porous lift: 0
Total lift: -0.6425903953, Front lift: -0.2097290748, Rear lift: -0.4328613205, Drag: 0.05360200305
Location of Center of Mass: ( 0.1583410946 0.4851455065 -0.0177077476 )
Location of Center Of Pressure: ( 0.1749806641 0.4851455065 -0.0163197495 )


yPlus yPlus execute:
    patch Bottom y+ : min = 55.19135951, max = 536.7294361, average = 267.4334464
    patch Top y+ : min = 46.39761416, max = 521.4142761, average = 292.1041133
    patch e423_0 y+ : min = 135.4717916, max = 730.2892395, average = 394.6064909


################################################################################

Time = 54

Outer Loop Iteration = 54
smoothSolver:  Solving for Ux, Initial residual = 0.01009250749, Final residual = 0.0001957070567, No Iterations 2
smoothSolver:  Solving for Uz, Initial residual = 0.01069969142, Final residual = 0.0002610021185, No Iterations 2
GAMG:  Solving for p, Initial residual = 0.01082613678, Final residual = 6.840753618e-05, No Iterations 3
GAMG:  Solving for p, Initial residual = 0.0009248682553, Final residual = 3.165119606e-06, No Iterations 3
GAMG:  Solving for p, Initial residual = 0.0001485870725, Final residual = 5.221886566e-07, No Iterations 3
time step continuity errors (region0): sum local = 4.54864081e-08, global = -4.131850481e-09, cumulative = -5.415335629e-08
smoothSolver:  Solving for omega, Initial residual = 0.0008871345837, Final residual = 7.476362192e-05, No Iterations 1
smoothSolver:  Solving for k, Initial residual = 0.01027144282, Final residual = 0.0009694309622, No Iterations 1

ExecutionTime = 0.61 s  ExecutionStepTime = 0 s  ClockTime = 0 s

forces FR write:
    Sum of forces
        Total    : ( 0.6415326088 0 -7.753481411 )
        Pressure : ( 0.5989257701 0 -7.754591943 )
        Viscous  : ( 0.04260683865 0 0.001110532069 )
    Sum of moments
        Total    : ( -3.761566666 1.344368325 -0.3112366624 )
        Pressure : ( -3.762105436 1.346618428 -0.2905661461 )
        Viscous  : ( 0.0005387696432 -0.002250102512 -0.02067051632 )


liftDrag LD execute:
Viscous drag: 0.003538195623, pressure drag: 0.04973653539, porous drag: 0
Viscous lift: 9.222180833e-05, pressure lift: -0.6439638364, porous lift: 0
Total lift: -0.6438716146, Front lift: -0.2102955571, Rear lift: -0.4335760574, Drag: 0.05327473101
Location of Center of Mass: ( 0.1583410946 0.4851455065 -0.0177077476 )
Location of Center Of Pressure: ( 0.1747418712 0.4851455065 -0.01635072713 )


yPlus yPlus execute:
    patch Bottom y+ : min = 60.80338973, max = 554.2588017, average = 270.5379146
    patch Top y+ : min = 44.13365919, max = 540.97397, average = 295.4539457
    patch e423_0 y+ : min = 136.6358085, max = 731.297972, average = 394.5485086


################################################################################

Time = 55

Outer Loop Iteration = 55
smoothSolver:  Solving for Ux, Initial residual = 0.009789476103, Final residual = 0.0001827996406, No Iterations 2
smoothSolver:  Solving for Uz, Initial residual = 0.01050689925, Final residual = 0.0002613622952, No Iterations 2
GAMG:  Solving for p, Initial residual = 0.01017924615, Final residual = 6.822790282e-05, No Iterations 3
GAMG:  Solving for p, Initial residual = 0.0008637473256, Final residual = 2.979574472e-06, No Iterations 3
GAMG:  Solving for p, Initial residual = 0.000131307937, Final residual = 3.74385944e-07, No Iterations 3
time step continuity errors (region0): sum local = 3.282673775e-08, global = 4.786267974e-09, cumulative = -4.936708832e-08
smoothSolver:  Solving for omega, Initial residual = 0.0008479119059, Final residual = 7.119774431e-05, No Iterations 1
smoothSolver:  Solving for k, Initial residual = 0.01020254062, Final residual = 0.000953333517, No Iterations 1

ExecutionTime = 0.63 s  ExecutionStepTime = 0.02 s  ClockTime = 0 s

forces FR write:
    Sum of forces
        Total    : ( 0.6378538943 0 -7.768233133 )
        Pressure : ( 0.5952300641 0 -7.769315107 )
        Viscous  : ( 0.04262383019 0 0.001081973913 )
    Sum of moments
        Total    : ( -3.768723397 1.345262437 -0.3094519506 )
        Pressure : ( -3.769248312 1.347511748 -0.2887731909 )
        Viscous  : ( 0.0005249147818 -0.002249311022 -0.02067875968 )


liftDrag LD execute:
Viscous drag: 0.00353960665, pressure drag: 0.04942963323, porous drag: 0
Viscous lift: 8.985025604e-05, pressure lift: -0.6451864906, porous lift: 0
Total lift: -0.6450966404, Front lift: -0.2108338204, Rear lift: -0.43426282, Drag: 0.05296923988
Location of Center of Mass: ( 0.1583410946 0.4851455065 -0.0177077476 )
Location of Center Of Pressure: ( 0.1745197422 0.4851455065 -0.01637930995 )


yPlus yPlus execute:
    patch Bottom y+ : min = 61.84953533, max = 571.8082573, average = 273.0094422
    patch Top y+ : min = 42.37998534, max = 559.9210306, average = 298.4513681
    patch e423_0 y+ : min = 137.7060993, max = 732.288574, average = 394.5153799


################################################################################

Time = 56

Outer Loop Iteration = 56
smoothSolver:  Solving for Ux, Initial residual = 0.009554654546, Final residual = 0.0001704458201, No Iterations 2
smoothSolver:  Solving for Uz, Initial residual = 0.01028872518, Final residual = 0.0002598286534, No Iterations 2
GAMG:  Solving for p, Initial residual = 0.009759498267, Final residual = 6.416502671e-05, No Iterations 3
GAMG:  Solving for p, Initial residual = 0.0008019425094, Final residual = 3.504150155e-06, No Iterations 3
GAMG:  Solving for p, Initial residual = 0.0001216946363, Final residual = 4.32088639e-07, No Iterations 3
time step continuity errors (region0): sum local = 3.81264329e-08, global = -5.1519871e-09, cumulative = -5.451907542e-08
smoothSolver:  Solving for omega, Initial residual = 0.000810295147, Final residual = 6.781140668e-05, No Iterations 1
smoothSolver:  Solving for k, Initial residual = 0.01013882879, Final residual = 0.0009377560283, No Iterations 1

ExecutionTime = 0.64 s  ExecutionStepTime = 0.01 s  ClockTime = 0 s

forces FR write:
    Sum of forces
        Total    : ( 0.6344623071 0 -7.782218911 )
        Pressure : ( 0.5918180306 0 -7.783274432 )
        Viscous  : ( 0.04264427656 0 0.001055520765 )
    Sum of moments
        Total    : ( -3.775508535 1.346146637 -0.3078065373 )
        Pressure : ( -3.776020616 1.348395453 -0.2871178582 )
        Viscous  : ( 0.0005120811559 -0.00224881581 -0.02068867915 )


liftDrag LD execute:
Viscous drag: 0.003541304576, pressure drag: 0.04914628806, porous drag: 0
Viscous lift: 8.765350981e-05, pressure lift: -0.6463457135, porous lift: 0
Total lift: -0.64625806, Front lift: -0.2113411037, Rear lift: -0.4349169563, Drag: 0.05268759264
Location of Center of Mass: ( 0.1583410946 0.4851455065 -0.0177077476 )
Location of Center Of Pressure: ( 0.1743147167 0.4851455065 -0.01640546335 )


yPlus yPlus execute:
    patch Bottom y+ : min = 62.56934904, max = 589.9178169, average = 275.1219491
    patch Top y+ : min = 41.12121054, max = 579.4626203, average = 301.1931659
    patch e423_0 y+ : min = 138.6964977, max = 733.246934, average = 394.5026133


################################################################################

Time = 57

Outer Loop Iteration = 57
smoothSolver:  Solving for Ux, Initial residual = 0.009289186182, Final residual = 0.0001582994047, No Iterations 2
smoothSolver:  Solving for Uz, Initial residual = 0.01007294804, Final residual = 0.0002554808541, No Iterations 2
GAMG:  Solving for p, Initial residual = 0.009223626841, Final residual = 6.421285137e-05, No Iterations 3
GAMG:  Solving for p, Initial residual = 0.0007191478343, Final residual = 2.674474923e-06, No Iterations 3
GAMG:  Solving for p, Initial residual = 0.0001110015415, Final residual = 3.994093939e-07, No Iterations 3
time step continuity errors (region0): sum local = 3.542817817e-08, global = 2.090893071e-09, cumulative = -5.242818234e-08
smoothSolver:  Solving for omega, Initial residual = 0.0007741523995, Final residual = 6.438401348e-05, No Iterations 1
smoothSolver:  Solving for k, Initial residual = 0.01007626089, Final residual = 0.0009226415819, No Iterations 1

ExecutionTime = 0.66 s  ExecutionStepTime = 0.02 s  ClockTime = 0 s

forces FR write:
    Sum of forces
        Total    : ( 0.6313754637 0 -7.795615107 )
        Pressure : ( 0.5887081284 0 -7.796646234 )
        Viscous  : ( 0.04266733531 0 0.001031126782 )
    Sum of moments
        Total    : ( -3.782007639 1.347056913 -0.3063089691 )
        Pressure : ( -3.782507886 1.349305496 -0.2856091031 )
        Viscous  : ( 0.0005002465248 -0.002248582421 -0.020699866 )


liftDrag LD execute:
Viscous drag: 0.003543219441, pressure drag: 0.04888803275, porous drag: 0
Viscous lift: 8.562776264e-05, pressure lift: -0.6474561468, porous lift: 0
Total lift: -0.6473705191, Front lift: -0.2118217412, Rear lift: -0.4355487778, Drag: 0.05243125219
Location of Center of Mass: ( 0.1583410946 0.4851455065 -0.0177077476 )
Location of Center Of Pressure: ( 0.1741273637 0.4851455065 -0.01642920026 )


yPlus yPlus execute:
    patch Bottom y+ : min = 62.88631295, max = 607.5040477, average = 276.8841838
    patch Top y+ : min = 40.17373731, max = 598.6510984, average = 303.5673222
    patch e423_0 y+ : min = 139.6103331, max = 734.162701, average = 394.5065418


################################################################################

Time = 58

Outer Loop Iteration = 58
smoothSolver:  Solving for Ux, Initial residual = 0.009096640879, Final residual = 0.0001468969717, No Iterations 2
smoothSolver:  Solving for Uz, Initial residual = 0.009858729876, Final residual = 0.0002483074374, No Iterations 2
GAMG:  Solving for p, Initial residual = 0.008676603314, Final residual = 6.136097603e-05, No Iterations 3
GAMG:  Solving for p, Initial residual = 0.0007042528672, Final residual = 2.706680135e-06, No Iterations 3
GAMG:  Solving for p, Initial residual = 0.0001039518878, Final residual = 3.7190087e-07, No Iterations 3
time step continuity errors (region0): sum local = 3.313462041e-08, global = 5.249734545e-11, cumulative = -5.2375685e-08
smoothSolver:  Solving for omega, Initial residual = 0.0007396085725, Final residual = 6.117179052e-05, No Iterations 1
smoothSolver:  Solving for k, Initial residual = 0.0100127816, Final residual = 0.0009078435459, No Iterations 1

ExecutionTime = 0.67 s  ExecutionStepTime = 0.01 s  ClockTime = 0 s

forces FR write:
    Sum of forces
        Total    : ( 0.628625826 0 -7.808542997 )
        Pressure : ( 0.5859333896 0 -7.80955177 )
        Viscous  : ( 0.04269243639 0 0.001008773199 )
    Sum of moments
        Total    : ( -3.788279547 1.348011067 -0.3049749947 )
        Pressure : ( -3.788768949 1.350259654 -0.284262951 )
        Viscous  : ( 0.0004894017848 -0.0022485875 -0.02071204367 )


liftDrag LD execute:
Viscous drag: 0.003545303908, pressure drag: 0.04865761038, porous drag: 0
Viscous lift: 8.377145624e-05, pressure lift: -0.64852786, porous lift: 0
Total lift: -0.6484440886, Front lift: -0.2122792903, Rear lift: -0.4361647983, Drag: 0.05220291429
Location of Center of Mass: ( 0.1583410946 0.4851455065 -0.0177077476 )
Location of Center Of Pressure: ( 0.173957206 0.4851455065 -0.01645057441 )


yPlus yPlus execute:
    patch Bottom y+ : min = 62.79604014, max = 623.8751722, average = 278.1304899
    patch Top y+ : min = 39.59812899, max = 616.8601639, average = 305.490257
    patch e423_0 y+ : min = 140.4390086, max = 735.03133, average = 394.5249205


################################################################################

Time = 59

Outer Loop Iteration = 59
smoothSolver:  Solving for Ux, Initial residual = 0.008969181253, Final residual = 0.0001364339392, No Iterations 2
smoothSolver:  Solving for Uz, Initial residual = 0.009598715144, Final residual = 0.0002384928743, No Iterations 2
GAMG:  Solving for p, Initial residual = 0.008063795909, Final residual = 5.7387354e-05, No Iterations 3
GAMG:  Solving for p, Initial residual = 0.0006650603765, Final residual = 2.5362449e-06, No Iterations 3
GAMG:  Solving for p, Initial residual = 9.675038326e-05, Final residual = 3.582622223e-07, No Iterations 3
time step continuity errors (region0): sum local = 3.20060234e-08, global = 1.713714797e-09, cumulative = -5.06619702e-08
smoothSolver:  Solving for omega, Initial residual = 0.0007064955008, Final residual = 5.798572641e-05, No Iterations 1
smoothSolver:  Solving for k, Initial residual = 0.009945751603, Final residual = 0.0008932439915, No Iterations 1

ExecutionTime = 0.69 s  ExecutionStepTime = 0.01 s  ClockTime = 0 s

forces FR write:
    Sum of forces
        Total    : ( 0.6262254309 0 -7.820897634 )
        Pressure : ( 0.5835063594 0 -7.821886144 )
        Viscous  : ( 0.04271907153 0 0.0009885104846 )
    Sum of moments
        Total    : ( -3.794273343 1.348987866 -0.3038104538 )
        Pressure : ( -3.794752915 1.351236672 -0.2830854882 )
        Viscous  : ( 0.0004795714197 -0.002248805376 -0.02072496559 )


liftDrag LD execute:
Viscous drag: 0.003547515767, pressure drag: 0.04845606274, porous drag: 0
Viscous lift: 8.208878154e-05, pressure lift: -0.6495521423, porous lift: 0
Total lift: -0.6494700535, Front lift: -0.2127111565, Rear lift: -0.436758897, Drag: 0.05200357851
Location of Center of Mass: ( 0.1583410946 0.4851455065 -0.0177077476 )
Location of Center Of Pressure: ( 0.1738037801 0.4851455065 -0.0164696382 )


yPlus yPlus execute:
    patch Bottom y+ : min = 62.41860954, max = 637.812724, average = 278.7321995
    patch Top y+ : min = 39.43456679, max = 633.2658515, average = 306.862588
    patch e423_0 y+ : min = 141.1616492, max = 735.8501309, average = 394.5549411


################################################################################

Time = 60

Outer Loop Iteration = 60
smoothSolver:  Solving for Ux, Initial residual = 0.008884183897, Final residual = 0.0001273796663, No Iterations 2
smoothSolver:  Solving for Uz, Initial residual = 0.009301208114, Final residual = 0.0002268490983, No Iterations 2
GAMG:  Solving for p, Initial residual = 0.008054694833, Final residual = 5.41881771e-05, No Iterations 3
GAMG:  Solving for p, Initial residual = 0.0006243463029, Final residual = 2.478729099e-06, No Iterations 3
GAMG:  Solving for p, Initial residual = 9.129231143e-05, Final residual = 3.523006002e-07, No Iterations 3
time step continuity errors (region0): sum local = 3.15056342e-08, global = 9.808269324e-10, cumulative = -4.968114327e-08
smoothSolver:  Solving for omega, Initial residual = 0.0006746226565, Final residual = 5.4879411e-05, No Iterations 1
smoothSolver:  Solving for k, Initial residual = 0.009874875856, Final residual = 0.0008790327387, No Iterations 1

ExecutionTime = 0.69 s  ExecutionStepTime = 0 s  ClockTime = 0 s

forces FR write:
    Sum of forces
        Total    : ( 0.6240521142 0 -7.832418945 )
        Pressure : ( 0.5813055243 0 -7.833389147 )
        Viscous  : ( 0.04274658989 0 0.0009702028429 )
    Sum of moments
        Total    : ( -3.799862856 1.349940986 -0.302756079 )
        Pressure : ( -3.800333545 1.352190201 -0.282017763 )
        Viscous  : ( 0.0004706895496 -0.00224921595 -0.020738316 )


liftDrag LD execute:
Viscous drag: 0.003549800972, pressure drag: 0.04827329901, porous drag: 0
Viscous lift: 8.05684618e-05, pressure lift: -0.6505073851, porous lift: 0
Total lift: -0.6504268166, Front lift: -0.2131103883, Rear lift: -0.4373164283, Drag: 0.05182309998
Location of Center of Mass: ( 0.1583410946 0.4851455065 -0.0177077476 )
Location of Center Of Pressure: ( 0.1736665956 0.4851455065 -0.01648668022 )


yPlus yPlus execute:
    patch Bottom y+ : min = 61.87333828, max = 648.3811503, average = 278.7417681
    patch Top y+ : min = 39.61845398, max = 646.8350739, average = 307.6770499
    patch e423_0 y+ : min = 141.8302881, max = 736.6127424, average = 394.5936515


################################################################################

Time = 61

Outer Loop Iteration = 61
smoothSolver:  Solving for Ux, Initial residual = 0.008827582818, Final residual = 0.0001195332909, No Iterations 2
smoothSolver:  Solving for Uz, Initial residual = 0.009001425032, Final residual = 0.0002139577474, No Iterations 2
GAMG:  Solving for p, Initial residual = 0.008006008226, Final residual = 5.272283123e-05, No Iterations 3
GAMG:  Solving for p, Initial residual = 0.0006603648372, Final residual = 2.681738215e-06, No Iterations 3
GAMG:  Solving for p, Initial residual = 8.794922808e-05, Final residual = 3.288953287e-07, No Iterations 3
time step continuity errors (region0): sum local = 2.943179315e-08, global = 3.55170026e-09, cumulative = -4.612944301e-08
smoothSolver:  Solving for omega, Initial residual = 0.0006442731859, Final residual = 5.18530354e-05, No Iterations 1
smoothSolver:  Solving for k, Initial residual = 0.009803452605, Final residual = 0.0008655056718, No Iterations 1

ExecutionTime = 0.71 s  ExecutionStepTime = 0.02 s  ClockTime = 0 s

forces FR write:
    Sum of forces
        Total    : ( 0.6220877444 0 -7.843293542 )
        Pressure : ( 0.5793130082 0 -7.844247223 )
        Viscous  : ( 0.04277473626 0 0.0009536806608 )
    Sum of moments
        Total    : ( -3.805138618 1.350875741 -0.3018030738 )
        Pressure : ( -3.805601292 1.35312554 -0.2810511028 )
        Viscous  : ( 0.0004626738872 -0.002249798916 -0.02075197109 )


liftDrag LD execute:
Viscous drag: 0.003552138329, pressure drag: 0.04810783468, porous drag: 0
Viscous lift: 7.919641182e-05, pressure lift: -0.6514090712, porous lift: 0
Total lift: -0.6513298748, Front lift: -0.2134842925, Rear lift: -0.4378455822, Drag: 0.05165997301
Location of Center of Mass: ( 0.1583410946 0.4851455065 -0.0177077476 )
Location of Center Of Pressure: ( 0.1735420816 0.4851455065 -0.0165020873 )


yPlus yPlus execute:
    patch Bottom y+ : min = 61.17950336, max = 655.4029055, average = 278.2466177
    patch Top y+ : min = 40.0501749, max = 657.3751308, average = 307.9082309
    patch e423_0 y+ : min = 142.4662919, max = 737.3232564, average = 394.6400847


################################################################################

Time = 62

Outer Loop Iteration = 62
smoothSolver:  Solving for Ux, Initial residual = 0.008779922979, Final residual = 0.0001122754404, No Iterations 2
smoothSolver:  Solving for Uz, Initial residual = 0.008724054291, Final residual = 0.0002008570489, No Iterations 2
GAMG:  Solving for p, Initial residual = 0.007760064063, Final residual = 5.3239402e-05, No Iterations 3
GAMG:  Solving for p, Initial residual = 0.0006830915637, Final residual = 2.943770472e-06, No Iterations 3
GAMG:  Solving for p, Initial residual = 8.678232389e-05, Final residual = 3.307243231e-07, No Iterations 3
time step continuity errors (region0): sum local = 2.959964625e-08, global = 3.24743369e-09, cumulative = -4.288200932e-08
smoothSolver:  Solving for omega, Initial residual = 0.0006150213844, Final residual = 4.886599426e-05, No Iterations 1
smoothSolver:  Solving for k, Initial residual = 0.009731855238, Final residual = 0.0008526598926, No Iterations 1

ExecutionTime = 0.72 s  ExecutionStepTime = 0.01 s  ClockTime = 0 s

forces FR write:
    Sum of forces
        Total    : ( 0.6203293028 0 -7.853523606 )
        Pressure : ( 0.5775259391 0 -7.85446244 )
        Viscous  : ( 0.04280336362 0 0.0009388334141 )
    Sum of moments
        Total    : ( -3.810101687 1.351787783 -0.3009499738 )
        Pressure : ( -3.810557158 1.354038321 -0.2801841142 )
        Viscous  : ( 0.0004554708122 -0.002250537885 -0.02076585952 )


liftDrag LD execute:
Viscous drag: 0.003554515627, pressure drag: 0.04795943128, porous drag: 0
Viscous lift: 7.796345333e-05, pressure lift: -0.6522573725, porous lift: 0
Total lift: -0.652179409, Front lift: -0.2138333211, Rear lift: -0.4383460879, Drag: 0.0515139469
Location of Center of Mass: ( 0.1583410946 0.4851455065 -0.0177077476 )
Location of Center Of Pressure: ( 0.1734295558 0.4851455065 -0.01651594949 )


yPlus yPlus execute:
    patch Bottom y+ : min = 60.38976193, max = 658.4648278, average = 277.1869931
    patch Top y+ : min = 40.82333716, max = 664.8199041, average = 307.6233286
    patch e423_0 y+ : min = 143.0634638, max = 737.9822295, average = 394.6930846


################################################################################

Time = 63

Outer Loop Iteration = 63
smoothSolver:  Solving for Ux, Initial residual = 0.008686704213, Final residual = 0.0001062326284, No Iterations 2
smoothSolver:  Solving for Uz, Initial residual = 0.008475654785, Final residual = 0.0001876850825, No Iterations 2
GAMG:  Solving for p, Initial residual = 0.007518037746, Final residual = 5.269006057e-05, No Iterations 3
GAMG:  Solving for p, Initial residual = 0.0007277894603, Final residual = 3.079304903e-06, No Iterations 3
GAMG:  Solving for p, Initial residual = 9.047893585e-05, Final residual = 3.729974547e-07, No Iterations 3
time step continuity errors (region0): sum local = 3.335262741e-08, global = 4.373548713e-09, cumulative = -3.850846061e-08
smoothSolver:  Solving for omega, Initial residual = 0.0005872838921, Final residual = 4.598818358e-05, No Iterations 1
smoothSolver:  Solving for k, Initial residual = 0.009658022454, Final residual = 0.0008402791436, No Iterations 1

ExecutionTime = 0.73 s  ExecutionStepTime = 0.01 s  ClockTime = 0 s

forces FR write:
    Sum of forces
        Total    : ( 0.6187691645 0 -7.86277849 )
        Pressure : ( 0.5759367563 0 -7.8637041 )
        Viscous  : ( 0.04283240815 0 0.0009256104135 )
    Sum of moments
        Total    : ( -3.814591653 1.352622171 -0.3001930797 )
        Pressure : ( -3.815040708 1.354873583 -0.2794131293 )
        Viscous  : ( 0.0004490557328 -0.002251412217 -0.02077995035 )


liftDrag LD execute:
Viscous drag: 0.00355692757, pressure drag: 0.04782746092, porous drag: 0
Viscous lift: 7.686537696e-05, pressure lift: -0.6530248268, porous lift: 0
Total lift: -0.6529479614, Front lift: -0.2141483073, Rear lift: -0.4387996542, Drag: 0.05138438849
Location of Center of Mass: ( 0.1583410946 0.4851455065 -0.0177077476 )
Location of Center Of Pressure: ( 0.1733292295 0.4851455065 -0.01652824144 )


yPlus yPlus execute:
    patch Bottom y+ : min = 59.45397551, max = 656.2864019, average = 275.5241347
    patch Top y+ : min = 41.86106415, max = 669.7744138, average = 306.8806859
    patch e423_0 y+ : min = 143.6078914, max = 738.5915055, average = 394.7522658


################################################################################

Time = 64

Outer Loop Iteration = 64
smoothSolver:  Solving for Ux, Initial residual = 0.008525172156, Final residual = 0.0001010143459, No Iterations 2
smoothSolver:  Solving for Uz, Initial residual = 0.008298605285, Final residual = 0.00017482522, No Iterations 2
GAMG:  Solving for p, Initial residual = 0.007312943012, Final residual = 5.134546612e-05, No Iterations 3
GAMG:  Solving for p, Initial residual = 0.0007083487745, Final residual = 3.104273047e-06, No Iterations 3
GAMG:  Solving for p, Initial residual = 9.118670161e-05, Final residual = 3.654012392e-07, No Iterations 3
time step continuity errors (region0): sum local = 3.262450149e-08, global = 4.530924096e-09, cumulative = -3.397753651e-08
smoothSolver:  Solving for omega, Initial residual = 0.0005605191027, Final residual = 4.332291692e-05, No Iterations 1
smoothSolver:  Solving for k, Initial residual = 0.00958167554, Final residual = 0.0008282756791, No Iterations 1

ExecutionTime = 0.74 s  ExecutionStepTime = 0.01 s  ClockTime = 0 s

forces FR write:
    Sum of forces
        Total    : ( 0.6174073665 0 -7.871281557 )
        Pressure : ( 0.5745456707 0 -7.872195556 )
        Viscous  : ( 0.04286169577 0 0.0009139984581 )
    Sum of moments
        Total    : ( -3.818716878 1.353405862 -0.2995324095 )
        Pressure : ( -3.8191603 1.355658272 -0.2787382504 )
        Viscous  : ( 0.0004434222449 -0.002252410107 -0.0207941591 )


liftDrag LD execute:
Viscous drag: 0.003559359699, pressure drag: 0.04771194113, porous drag: 0
Viscous lift: 7.590108646e-05, pressure lift: -0.6537299819, porous lift: 0
Total lift: -0.6536540808, Front lift: -0.214436287, Rear lift: -0.4392177938, Drag: 0.05127130083
Location of Center of Mass: ( 0.1583410946 0.4851455065 -0.0177077476 )
Location of Center Of Pressure: ( 0.1732395469 0.4851455065 -0.01653914321 )


yPlus yPlus execute:
    patch Bottom y+ : min = 58.37310249, max = 652.1637522, average = 273.4937574
    patch Top y+ : min = 43.17209092, max = 672.1578359, average = 305.6503611
    patch e423_0 y+ : min = 144.0864969, max = 739.154532, average = 394.8175107


################################################################################

Time = 65

Outer Loop Iteration = 65
smoothSolver:  Solving for Ux, Initial residual = 0.008299721426, Final residual = 9.673666287e-05, No Iterations 2
smoothSolver:  Solving for Uz, Initial residual = 0.008147043919, Final residual = 0.0001629426746, No Iterations 2
GAMG:  Solving for p, Initial residual = 0.006900341795, Final residual = 4.956898851e-05, No Iterations 3
GAMG:  Solving for p, Initial residual = 0.0007024699643, Final residual = 3.197641644e-06, No Iterations 3
GAMG:  Solving for p, Initial residual = 9.441065717e-05, Final residual = 3.798056243e-07, No Iterations 3
time step continuity errors (region0): sum local = 3.384577418e-08, global = 1.092348558e-08, cumulative = -2.305405093e-08
smoothSolver:  Solving for omega, Initial residual = 0.0005349218287, Final residual = 4.08089091e-05, No Iterations 1
smoothSolver:  Solving for k, Initial residual = 0.009499635651, Final residual = 0.0008162885264, No Iterations 1

ExecutionTime = 0.76 s  ExecutionStepTime = 0.02 s  ClockTime = 0 s

forces FR write:
    Sum of forces
        Total    : ( 0.6162663833 0 -7.879058284 )
        Pressure : ( 0.5733753066 0 -7.879962362 )
        Viscous  : ( 0.0428910767 0 0.0009040777529 )
    Sum of moments
        Total    : ( -3.822489722 1.354136185 -0.2989788667 )
        Pressure : ( -3.822928331 1.356389711 -0.2781704535 )
        Viscous  : ( 0.0004386092593 -0.002253525923 -0.02080841313 )


liftDrag LD execute:
Viscous drag: 0.003561799577, pressure drag: 0.0476147507, porous drag: 0
Viscous lift: 7.507724228e-05, pressure lift: -0.6543749601, porous lift: 0
Total lift: -0.6542998828, Front lift: -0.2146985399, Rear lift: -0.439601343, Drag: 0.05117655028
Location of Center of Mass: ( 0.1583410946 0.4851455065 -0.0177077476 )
Location of Center Of Pressure: ( 0.173159602 0.4851455065 -0.01654870707 )


yPlus yPlus execute:
    patch Bottom y+ : min = 54.65442964, max = 645.3050012, average = 271.1193272
    patch Top y+ : min = 44.60842135, max = 671.7368635, average = 303.970088
    patch e423_0 y+ : min = 144.4708172, max = 739.6751027, average = 394.888022


################################################################################

Time = 66

Outer Loop Iteration = 66
smoothSolver:  Solving for Ux, Initial residual = 0.008065152536, Final residual = 9.307703725e-05, No Iterations 2
smoothSolver:  Solving for Uz, Initial residual = 0.007980539922, Final residual = 0.0001516926937, No Iterations 2
GAMG:  Solving for p, Initial residual = 0.006414007388, Final residual = 4.757814439e-05, No Iterations 3
GAMG:  Solving for p, Initial residual = 0.000703581381, Final residual = 3.355305417e-06, No Iterations 3
GAMG:  Solving for p, Initial residual = 9.632027976e-05, Final residual = 4.253048065e-07, No Iterations 3
time step continuity errors (region0): sum local = 3.782482247e-08, global = 1.50642791e-08, cumulative = -7.989771829e-09
smoothSolver:  Solving for omega, Initial residual = 0.0005108240657, Final residual = 3.845775842e-05, No Iterations 1
smoothSolver:  Solving for k, Initial residual = 0.009414055452, Final residual = 0.0008043820858, No Iterations 1

ExecutionTime = 0.76 s  ExecutionStepTime = 0 s  ClockTime = 0 s

forces FR write:
    Sum of forces
        Total    : ( 0.6153273182 0 -7.885897514 )
        Pressure : ( 0.5724071989 0 -7.886793502 )
        Viscous  : ( 0.04292011932 0 0.000895988099 )
    Sum of moments
        Total    : ( -3.825807743 1.354779517 -0.2985232834 )
        Pressure : ( -3.826242428 1.357034271 -0.2777007804 )
        Viscous  : ( 0.0004346846001 -0.002254754577 -0.02082250303 )


liftDrag LD execute:
Viscous drag: 0.00356421136, pressure drag: 0.04753435622, porous drag: 0
Viscous lift: 7.440545394e-05, pressure lift: -0.6549422378, porous lift: 0
Total lift: -0.6548678323, Front lift: -0.2149290905, Rear lift: -0.4399387419, Drag: 0.05109856758
Location of Center of Mass: ( 0.1583410946 0.4851455065 -0.0177077476 )
Location of Center Of Pressure: ( 0.1730896765 0.4851455065 -0.01655693308 )


yPlus yPlus execute:
    patch Bottom y+ : min = 50.09471288, max = 636.7672825, average = 268.0648049
    patch Top y+ : min = 46.14537496, max = 668.914677, average = 301.908809
    patch e423_0 y+ : min = 144.751612, max = 740.1541741, average = 394.9619906


################################################################################

Time = 67

Outer Loop Iteration = 67
smoothSolver:  Solving for Ux, Initial residual = 0.007796171548, Final residual = 8.964517931e-05, No Iterations 2
smoothSolver:  Solving for Uz, Initial residual = 0.00777261805, Final residual = 0.0001409407897, No Iterations 2
GAMG:  Solving for p, Initial residual = 0.006048211744, Final residual = 4.667322839e-05, No Iterations 3
GAMG:  Solving for p, Initial residual = 0.0006694008914, Final residual = 3.381712432e-06, No Iterations 3
GAMG:  Solving for p, Initial residual = 8.795867496e-05, Final residual = 3.510319521e-07, No Iterations 3
time step continuity errors (region0): sum local = 3.115366094e-08, global = 7.392379986e-10, cumulative = -7.25053383e-09
smoothSolver:  Solving for omega, Initial residual = 0.0004877441082, Final residual = 3.624763058e-05, No Iterations 1
smoothSolver:  Solving for k, Initial residual = 0.009323454072, Final residual = 0.0007923605777, No Iterations 1

ExecutionTime = 0.77 s  ExecutionStepTime = 0 s  ClockTime = 0 s

forces FR write:
    Sum of forces
        Total    : ( 0.6145243059 0 -7.891795747 )
        Pressure : ( 0.571575875 0 -7.892685384 )
        Viscous  : ( 0.04294843085 0 0.0008896369816 )
    Sum of moments
        Total    : ( -3.828669245 1.355327184 -0.2981337056 )
        Pressure : ( -3.829100848 1.357583277 -0.2772974674 )
        Viscous  : ( 0.000431603384 -0.002256092469 -0.02083623824 )


liftDrag LD execute:
Viscous drag: 0.003566562432, pressure drag: 0.04746532067, porous drag: 0
Viscous lift: 7.38780387e-05, pressure lift: -0.6554315168, porous lift: 0
Total lift: -0.6553576387, Front lift: -0.2151285138, Rear lift: -0.440229125, Drag: 0.05103188311
Location of Center of Mass: ( 0.1583410946 0.4851455065 -0.0177077476 )
Location of Center Of Pressure: ( 0.1730285781 0.4851455065 -0.01656405156 )


yPlus yPlus execute:
    patch Bottom y+ : min = 41.54987313, max = 626.8406257, average = 264.4818379
    patch Top y+ : min = 48.96609073, max = 663.914485, average = 299.5382753
    patch e423_0 y+ : min = 144.9687909, max = 740.5935323, average = 395.037829


################################################################################

Time = 68

Outer Loop Iteration = 68
smoothSolver:  Solving for Ux, Initial residual = 0.007499844622, Final residual = 8.646723442e-05, No Iterations 2
smoothSolver:  Solving for Uz, Initial residual = 0.00757241404, Final residual = 0.0001304273042, No Iterations 2
GAMG:  Solving for p, Initial residual = 0.005865421955, Final residual = 4.600612566e-05, No Iterations 3
GAMG:  Solving for p, Initial residual = 0.000640073497, Final residual = 3.2820271e-06, No Iterations 3
GAMG:  Solving for p, Initial residual = 8.12866915e-05, Final residual = 3.420976287e-07, No Iterations 3
time step continuity errors (region0): sum local = 3.027176277e-08, global = 6.28556054e-09, cumulative = -9.6497329e-10
smoothSolver:  Solving for omega, Initial residual = 0.0004653277, Final residual = 3.433267791e-05, No Iterations 1
smoothSolver:  Solving for k, Initial residual = 0.009226536066, Final residual = 0.0007799947324, No Iterations 1

ExecutionTime = 0.79 s  ExecutionStepTime = 0.02 s  ClockTime = 0 s

forces FR write:
    Sum of forces
        Total    : ( 0.6138616008 0 -7.896930414 )
        Pressure : ( 0.5708856365 0 -7.897815122 )
        Viscous  : ( 0.04297596439 0 0.0008847082225 )
    Sum of moments
        Total    : ( -3.831160305 1.355800311 -0.2978121972 )
        Pressure : ( -3.831589517 1.358057849 -0.2769626012 )
        Viscous  : ( 0.0004292122187 -0.002257538353 -0.02084959601 )


liftDrag LD execute:
Viscous drag: 0.003568848896, pressure drag: 0.04740800126, porous drag: 0
Viscous lift: 7.346874023e-05, pressure lift: -0.6558575051, porous lift: 0
Total lift: -0.6557840364, Front lift: -0.2153024228, Rear lift: -0.4404816136, Drag: 0.05097685015
Location of Center of Mass: ( 0.1583410946 0.4851455065 -0.0177077476 )
Location of Center Of Pressure: ( 0.1729750727 0.4851455065 -0.01657018697 )


yPlus yPlus execute:
    patch Bottom y+ : min = 35.28145751, max = 615.5247024, average = 260.8616332
    patch Top y+ : min = 52.34927589, max = 656.895186, average = 296.8948123
    patch e423_0 y+ : min = 145.1480762, max = 740.9973765, average = 395.1148378


################################################################################

Time = 69

Outer Loop Iteration = 69
smoothSolver:  Solving for Ux, Initial residual = 0.00718790103, Final residual = 8.368490989e-05, No Iterations 2
smoothSolver:  Solving for Uz, Initial residual = 0.007342187628, Final residual = 0.0001203787583, No Iterations 2
GAMG:  Solving for p, Initial residual = 0.005683002739, Final residual = 4.520806167e-05, No Iterations 3
GAMG:  Solving for p, Initial residual = 0.0006214967316, Final residual = 3.308427869e-06, No Iterations 3
GAMG:  Solving for p, Initial residual = 8.101811297e-05, Final residual = 3.441707463e-07, No Iterations 3
time step continuity errors (region0): sum local = 3.034521656e-08, global = 5.326888159e-09, cumulative = 4.361914869e-09
smoothSolver:  Solving for omega, Initial residual = 0.0004439402424, Final residual = 3.261672376e-05, No Iterations 1
smoothSolver:  Solving for k, Initial residual = 0.00912619493, Final residual = 0.0007673581569, No Iterations 1

ExecutionTime = 0.8 s  ExecutionStepTime = 0.01 s  ClockTime = 0 s

forces FR write:
    Sum of forces
        Total    : ( 0.6133347297 0 -7.901359937 )
        Pressure : ( 0.5703321955 0 -7.902241103 )
        Viscous  : ( 0.04300253419 0 0.0008811667561 )
    Sum of moments
        Total    : ( -3.833309268 1.356202493 -0.2975565881 )
        Pressure : ( -3.833736762 1.358461576 -0.2766941018 )
        Viscous  : ( 0.0004274940922 -0.002259082525 -0.02086248623 )


liftDrag LD execute:
Viscous drag: 0.00357105533, pressure drag: 0.04736204191, porous drag: 0
Viscous lift: 7.317464658e-05, pressure lift: -0.6562250515, porous lift: 0
Total lift: -0.6561518768, Front lift: -0.2154529446, Rear lift: -0.4406989322, Drag: 0.05093309724
Location of Center of Mass: ( 0.1583410946 0.4851455065 -0.0177077476 )
Location of Center Of Pressure: ( 0.1729283049 0.4851455065 -0.01657543079 )


yPlus yPlus execute:
    patch Bottom y+ : min = 47.7237083, max = 603.0273893, average = 258.0307713
    patch Top y+ : min = 53.46280599, max = 647.6723693, average = 293.9387775
    patch e423_0 y+ : min = 145.2954133, max = 741.3628133, average = 395.1921713


################################################################################

Time = 70

Outer Loop Iteration = 70
smoothSolver:  Solving for Ux, Initial residual = 0.006862574679, Final residual = 8.119621919e-05, No Iterations 2
smoothSolver:  Solving for Uz, Initial residual = 0.007077408869, Final residual = 0.0001123945282, No Iterations 2
GAMG:  Solving for p, Initial residual = 0.005443480709, Final residual = 4.4048289e-05, No Iterations 3
GAMG:  Solving for p, Initial residual = 0.000603115778, Final residual = 3.226940142e-06, No Iterations 3
GAMG:  Solving for p, Initial residual = 7.637348712e-05, Final residual = 3.186879282e-07, No Iterations 3
time step continuity errors (region0): sum local = 2.798591484e-08, global = 4.965951214e-09, cumulative = 9.327866083e-09
smoothSolver:  Solving for omega, Initial residual = 0.0004233967755, Final residual = 3.111133114e-05, No Iterations 1
smoothSolver:  Solving for k, Initial residual = 0.009022234916, Final residual = 0.0007543045632, No Iterations 1

ExecutionTime = 0.81 s  ExecutionStepTime = 0.01 s  ClockTime = 0 s

forces FR write:
    Sum of forces
        Total    : ( 0.6129246274 0 -7.905118007 )
        Pressure : ( 0.5698965976 0 -7.905996951 )
        Viscous  : ( 0.04302802978 0 0.0008789446536 )
    Sum of moments
        Total    : ( -3.835132479 1.356540528 -0.2973576288 )
        Pressure : ( -3.835558895 1.358801242 -0.2764827735 )
        Viscous  : ( 0.0004264160491 -0.002260713567 -0.0208748553 )


liftDrag LD execute:
Viscous drag: 0.003573172558, pressure drag: 0.0473258686, porous drag: 0
Viscous lift: 7.299011673e-05, pressure lift: -0.656536948, porous lift: 0
Total lift: -0.6564639579, Front lift: -0.2155809137, Rear lift: -0.4408830441, Drag: 0.05089904116
Location of Center of Mass: ( 0.1583410946 0.4851455065 -0.0177077476 )
Location of Center Of Pressure: ( 0.1728883376 0.4851455065 -0.01657982472 )


yPlus yPlus execute:
    patch Bottom y+ : min = 46.94239892, max = 590.4311717, average = 254.293658
    patch Top y+ : min = 54.85752417, max = 635.4778904, average = 290.7605364
    patch e423_0 y+ : min = 145.4081314, max = 741.6897582, average = 395.2690089


################################################################################

Time = 71

Outer Loop Iteration = 71
smoothSolver:  Solving for Ux, Initial residual = 0.006537403971, Final residual = 7.895192572e-05, No Iterations 2
smoothSolver:  Solving for Uz, Initial residual = 0.006819431444, Final residual = 0.0001054489389, No Iterations 2
GAMG:  Solving for p, Initial residual = 0.005308083626, Final residual = 4.270254484e-05, No Iterations 3
GAMG:  Solving for p, Initial residual = 0.0005640760445, Final residual = 3.010341914e-06, No Iterations 3
GAMG:  Solving for p, Initial residual = 7.020006005e-05, Final residual = 2.986410241e-07, No Iterations 3
time step continuity errors (region0): sum local = 2.611813805e-08, global = 4.331555289e-09, cumulative = 1.365942137e-08
smoothSolver:  Solving for omega, Initial residual = 0.0004037519426, Final residual = 2.978307869e-05, No Iterations 1
smoothSolver:  Solving for k, Initial residual = 0.008914142005, Final residual = 0.0007406761628, No Iterations 1

ExecutionTime = 0.82 s  ExecutionStepTime = 0.01 s  ClockTime = 0 s

forces FR write:
    Sum of forces
        Total    : ( 0.6126219547 0 -7.908210241 )
        Pressure : ( 0.5695695649 0 -7.909088203 )
        Viscous  : ( 0.04305238986 0 0.0008779626952 )
    Sum of moments
        Total    : ( -3.836632662 1.356813254 -0.2972107885 )
        Pressure : ( -3.837058602 1.359075674 -0.276324115 )
        Viscous  : ( 0.0004259396564 -0.002262420658 -0.02088667348 )


liftDrag LD execute:
Viscous drag: 0.003575195489, pressure drag: 0.04729871085, porous drag: 0
Viscous lift: 7.290857205e-05, pressure lift: -0.6567936545, porous lift: 0
Total lift: -0.656720746, Front lift: -0.2156866598, Rear lift: -0.4410340861, Drag: 0.05087390634
Location of Center of Mass: ( 0.1583410946 0.4851455065 -0.0177077476 )
Location of Center Of Pressure: ( 0.1728548656 0.4851455065 -0.01658341549 )


yPlus yPlus execute:
    patch Bottom y+ : min = 45.46438474, max = 577.1370234, average = 250.2088248
    patch Top y+ : min = 56.04888897, max = 621.1969686, average = 287.423823
    patch e423_0 y+ : min = 145.4828832, max = 741.9802437, average = 395.3447383


################################################################################

Time = 72

Outer Loop Iteration = 72
smoothSolver:  Solving for Ux, Initial residual = 0.006198340183, Final residual = 7.700209245e-05, No Iterations 2
smoothSolver:  Solving for Uz, Initial residual = 0.006523282284, Final residual = 9.922082738e-05, No Iterations 2
GAMG:  Solving for p, Initial residual = 0.00516823057, Final residual = 4.179777298e-05, No Iterations 3
GAMG:  Solving for p, Initial residual = 0.0005181961992, Final residual = 2.838374403e-06, No Iterations 3
GAMG:  Solving for p, Initial residual = 6.359942829e-05, Final residual = 2.753776023e-07, No Iterations 3
time step continuity errors (region0): sum local = 2.398379281e-08, global = 4.021921783e-09, cumulative = 1.768134316e-08
smoothSolver:  Solving for omega, Initial residual = 0.0003846033706, Final residual = 2.848184503e-05, No Iterations 1
smoothSolver:  Solving for k, Initial residual = 0.008798959915, Final residual = 0.0007261373353, No Iterations 1

ExecutionTime = 0.83 s  ExecutionStepTime = 0.01 s  ClockTime = 0 s

forces FR write:
    Sum of forces
        Total    : ( 0.6124365424 0 -7.910781136 )
        Pressure : ( 0.569360988 0 -7.911659272 )
        Viscous  : ( 0.04307555443 0 0.0008781359217 )
    Sum of moments
        Total    : ( -3.837879921 1.35704886 -0.2971208365 )
        Pressure : ( -3.838305945 1.359313053 -0.2762229249 )
        Viscous  : ( 0.0004260236965 -0.002264192544 -0.02089791167 )


liftDrag LD execute:
Viscous drag: 0.003577119143, pressure drag: 0.04728139002, porous drag: 0
Viscous lift: 7.292295728e-05, pressure lift: -0.6570071636, porous lift: 0
Total lift: -0.6569342406, Front lift: -0.2157738417, Rear lift: -0.4411603989, Drag: 0.05085850916
Location of Center of Mass: ( 0.1583410946 0.4851455065 -0.0177077476 )
Location of Center Of Pressure: ( 0.1728282982 0.4851455065 -0.01658617784 )


yPlus yPlus execute:
    patch Bottom y+ : min = 43.61012157, max = 563.1320615, average = 246.0214017
    patch Top y+ : min = 57.31959328, max = 605.3089446, average = 284.011179
    patch e423_0 y+ : min = 145.5191453, max = 742.236422, average = 395.4184784


################################################################################

Time = 73

Outer Loop Iteration = 73
smoothSolver:  Solving for Ux, Initial residual = 0.005896376837, Final residual = 7.514991421e-05, No Iterations 2
smoothSolver:  Solving for Uz, Initial residual = 0.006212493963, Final residual = 9.382429588e-05, No Iterations 2
GAMG:  Solving for p, Initial residual = 0.005046805296, Final residual = 4.103280106e-05, No Iterations 3
GAMG:  Solving for p, Initial residual = 0.000485795365, Final residual = 2.764790286e-06, No Iterations 3
GAMG:  Solving for p, Initial residual = 5.998075422e-05, Final residual = 2.791662376e-07, No Iterations 3
time step continuity errors (region0): sum local = 2.42002909e-08, global = 4.530991166e-09, cumulative = 2.221233432e-08
smoothSolver:  Solving for omega, Initial residual = 0.0003662526295, Final residual = 2.723383762e-05, No Iterations 1
smoothSolver:  Solving for k, Initial residual = 0.008677928563, Final residual = 0.000710692628, No Iterations 1

ExecutionTime = 0.84 s  ExecutionStepTime = 0.01 s  ClockTime = 0 s

forces FR write:
    Sum of forces
        Total    : ( 0.6123603874 0 -7.912792754 )
        Pressure : ( 0.569262885 0 -7.913672117 )
        Viscous  : ( 0.0430975024 0 0.0008793637723 )
    Sum of moments
        Total    : ( -3.838855848 1.357234675 -0.2970838903 )
        Pressure : ( -3.839282467 1.359500692 -0.2761753306 )
        Viscous  : ( 0.0004266193827 -0.002266016837 -0.02090855963 )


liftDrag LD execute:
Viscous drag: 0.003578941766, pressure drag: 0.04727324326, porous drag: 0
Viscous lift: 7.302492156e-05, pressure lift: -0.6571743161, porous lift: 0
Total lift: -0.6571012911, Front lift: -0.2158419364, Rear lift: -0.4412593548, Drag: 0.05085218503
Location of Center of Mass: ( 0.1583410946 0.4851455065 -0.0177077476 )
Location of Center Of Pressure: ( 0.1728078398 0.4851455065 -0.01658818565 )


yPlus yPlus execute:
    patch Bottom y+ : min = 39.39601344, max = 549.3028711, average = 241.7290276
    patch Top y+ : min = 58.52463641, max = 588.7772848, average = 280.6931386
    patch e423_0 y+ : min = 145.5191401, max = 742.4602584, average = 395.4898299


################################################################################

Time = 74

Outer Loop Iteration = 74
smoothSolver:  Solving for Ux, Initial residual = 0.005587646526, Final residual = 7.354163106e-05, No Iterations 2
smoothSolver:  Solving for Uz, Initial residual = 0.005880666325, Final residual = 8.937267718e-05, No Iterations 2
GAMG:  Solving for p, Initial residual = 0.005046433355, Final residual = 3.994429275e-05, No Iterations 3
GAMG:  Solving for p, Initial residual = 0.0004424425486, Final residual = 2.702896509e-06, No Iterations 3
GAMG:  Solving for p, Initial residual = 5.568374741e-05, Final residual = 2.657182669e-07, No Iterations 3
time step continuity errors (region0): sum local = 2.291388088e-08, global = 4.929723927e-09, cumulative = 2.714205825e-08
smoothSolver:  Solving for omega, Initial residual = 0.0003483311449, Final residual = 2.601515211e-05, No Iterations 1
smoothSolver:  Solving for k, Initial residual = 0.008552165355, Final residual = 0.0006943665304, No Iterations 1

ExecutionTime = 0.85 s  ExecutionStepTime = 0.01 s  ClockTime = 0 s

forces FR write:
    Sum of forces
        Total    : ( 0.6123962027 0 -7.914357714 )
        Pressure : ( 0.5692779545 0 -7.915239269 )
        Viscous  : ( 0.04311824824 0 0.0008815551888 )
    Sum of moments
        Total    : ( -3.839615082 1.357391969 -0.2971012659 )
        Pressure : ( -3.840042764 1.359659853 -0.2761826415 )
        Viscous  : ( 0.0004276825386 -0.002267883374 -0.02091862438 )


liftDrag LD execute:
Viscous drag: 0.003580664561, pressure drag: 0.04727449468, porous drag: 0
Viscous lift: 7.320690315e-05, pressure lift: -0.6573044569, porous lift: 0
Total lift: -0.65723125, Front lift: -0.2158938536, Rear lift: -0.4413373964, Drag: 0.05085515924
Location of Center of Mass: ( 0.1583410946 0.4851455065 -0.0177077476 )
Location of Center Of Pressure: ( 0.1727937156 0.4851455065 -0.01658943447 )


yPlus yPlus execute:
    patch Bottom y+ : min = 26.06102945, max = 536.2032693, average = 237.3414956
    patch Top y+ : min = 59.81234944, max = 573.3110626, average = 277.5154088
    patch e423_0 y+ : min = 145.4865279, max = 742.653597, average = 395.558449


################################################################################

Time = 75

Outer Loop Iteration = 75
smoothSolver:  Solving for Ux, Initial residual = 0.005261307273, Final residual = 7.213818083e-05, No Iterations 2
smoothSolver:  Solving for Uz, Initial residual = 0.005539933478, Final residual = 8.575612912e-05, No Iterations 2
GAMG:  Solving for p, Initial residual = 0.004990911653, Final residual = 3.890872443e-05, No Iterations 3
GAMG:  Solving for p, Initial residual = 0.0004015971075, Final residual = 2.561606996e-06, No Iterations 3
GAMG:  Solving for p, Initial residual = 4.962876802e-05, Final residual = 2.447841548e-07, No Iterations 3
time step continuity errors (region0): sum local = 2.09934224e-08, global = 2.162104644e-09, cumulative = 2.930416289e-08
smoothSolver:  Solving for omega, Initial residual = 0.0003312185411, Final residual = 2.497450238e-05, No Iterations 1
smoothSolver:  Solving for k, Initial residual = 0.008422991634, Final residual = 0.0006772180524, No Iterations 1

ExecutionTime = 0.86 s  ExecutionStepTime = 0.01 s  ClockTime = 0 s

forces FR write:
    Sum of forces
        Total    : ( 0.6125360167 0 -7.915497267 )
        Pressure : ( 0.5693982066 0 -7.916381885 )
        Viscous  : ( 0.04313781014 0 0.0008846181824 )
    Sum of moments
        Total    : ( -3.840167931 1.357520171 -0.297169096 )
        Pressure : ( -3.840597099 1.359789953 -0.2762409813 )
        Viscous  : ( 0.0004291685361 -0.002269781756 -0.02092811475 )


liftDrag LD execute:
Viscous drag: 0.003582289038, pressure drag: 0.04728448076, porous drag: 0
Viscous lift: 7.346126304e-05, pressure lift: -0.6573993431, porous lift: 0
Total lift: -0.6573258818, Front lift: -0.2159305233, Rear lift: -0.4413953585, Drag: 0.0508667698
Location of Center of Mass: ( 0.1583410946 0.4851455065 -0.0177077476 )
Location of Center Of Pressure: ( 0.1727853714 0.4851455065 -0.01658998589 )


yPlus yPlus execute:
    patch Bottom y+ : min = 17.17170371, max = 524.1335118, average = 233.4002205
    patch Top y+ : min = 60.71297811, max = 558.745632, average = 274.3423292
    patch e423_0 y+ : min = 145.4249785, max = 742.8181869, average = 395.6242713


################################################################################

Time = 76

Outer Loop Iteration = 76
smoothSolver:  Solving for Ux, Initial residual = 0.004943493128, Final residual = 7.0671863e-05, No Iterations 2
smoothSolver:  Solving for Uz, Initial residual = 0.005201157244, Final residual = 8.346873862e-05, No Iterations 2
GAMG:  Solving for p, Initial residual = 0.004772860673, Final residual = 3.660376233e-05, No Iterations 3
GAMG:  Solving for p, Initial residual = 0.0003773344193, Final residual = 2.365108344e-06, No Iterations 3
GAMG:  Solving for p, Initial residual = 4.579201916e-05, Final residual = 2.254835382e-07, No Iterations 3
time step continuity errors (region0): sum local = 1.923779894e-08, global = 2.703373591e-09, cumulative = 3.200753648e-08
smoothSolver:  Solving for omega, Initial residual = 0.0003150532041, Final residual = 2.400241604e-05, No Iterations 1
smoothSolver:  Solving for k, Initial residual = 0.008288738915, Final residual = 0.0006591058054, No Iterations 1

ExecutionTime = 0.87 s  ExecutionStepTime = 0.01 s  ClockTime = 0 s

forces FR write:
    Sum of forces
        Total    : ( 0.6127746578 0 -7.916272225 )
        Pressure : ( 0.5696184419 0 -7.917160688 )
        Viscous  : ( 0.04315621585 0 0.0008884625814 )
    Sum of moments
        Total    : ( -3.840543898 1.35762773 -0.2972848717 )
        Pressure : ( -3.840974932 1.359899432 -0.2763478275 )
        Viscous  : ( 0.000431033629 -0.002271701935 -0.02093704419 )


liftDrag LD execute:
Viscous drag: 0.003583817501, pressure drag: 0.04730276974, porous drag: 0
Viscous lift: 7.37805131e-05, pressure lift: -0.6574640171, porous lift: 0
Total lift: -0.6573902366, Front lift: -0.2159537687, Rear lift: -0.4414364679, Drag: 0.05088658724
Location of Center of Mass: ( 0.1583410946 0.4851455065 -0.0177077476 )
Location of Center Of Pressure: ( 0.1727825356 0.4851455065 -0.01658987939 )


yPlus yPlus execute:
    patch Bottom y+ : min = 29.30750161, max = 514.1025548, average = 232.7115541
    patch Top y+ : min = 61.38872175, max = 544.5545161, average = 271.2204873
    patch e423_0 y+ : min = 145.3382085, max = 742.9556799, average = 395.6873497


################################################################################

Time = 77

Outer Loop Iteration = 77
smoothSolver:  Solving for Ux, Initial residual = 0.004641757252, Final residual = 6.895416379e-05, No Iterations 2
smoothSolver:  Solving for Uz, Initial residual = 0.004874307502, Final residual = 8.119286389e-05, No Iterations 2
GAMG:  Solving for p, Initial residual = 0.004542871695, Final residual = 3.40920203e-05, No Iterations 3
GAMG:  Solving for p, Initial residual = 0.0003484894143, Final residual = 2.09914906e-06, No Iterations 3
GAMG:  Solving for p, Initial residual = 4.037536402e-05, Final residual = 2.046745186e-07, No Iterations 3
time step continuity errors (region0): sum local = 1.737467488e-08, global = 1.924280988e-09, cumulative = 3.393181747e-08
smoothSolver:  Solving for omega, Initial residual = 0.0002998563518, Final residual = 2.304214273e-05, No Iterations 1
smoothSolver:  Solving for k, Initial residual = 0.008146129604, Final residual = 0.0006397708988, No Iterations 1

ExecutionTime = 0.88 s  ExecutionStepTime = 0.01 s  ClockTime = 0 s

forces FR write:
    Sum of forces
        Total    : ( 0.6131054855 0 -7.916739114 )
        Pressure : ( 0.5699319792 0 -7.917632115 )
        Viscous  : ( 0.04317350632 0 0.0008930014271 )
    Sum of moments
        Total    : ( -3.840770407 1.357721649 -0.2974453713 )
        Pressure : ( -3.841203643 1.359995284 -0.2764999387 )
        Viscous  : ( 0.0004332356296 -0.002273634325 -0.02094543259 )


liftDrag LD execute:
Viscous drag: 0.003585253352, pressure drag: 0.04732880679, porous drag: 0
Viscous lift: 7.415743202e-05, pressure lift: -0.6575031658, porous lift: 0
Total lift: -0.6574290084, Front lift: -0.2159653552, Rear lift: -0.4414636531, Drag: 0.05091406014
Location of Center of Mass: ( 0.1583410946 0.4851455065 -0.0177077476 )
Location of Center Of Pressure: ( 0.172784847 0.4851455065 -0.01658916283 )


yPlus yPlus execute:
    patch Bottom y+ : min = 30.11099753, max = 503.3848306, average = 231.0553669
    patch Top y+ : min = 61.99144263, max = 530.8539759, average = 268.2934627
    patch e423_0 y+ : min = 145.2295793, max = 743.0680064, average = 395.7478202


################################################################################

Time = 78

Outer Loop Iteration = 78
smoothSolver:  Solving for Ux, Initial residual = 0.004345821907, Final residual = 6.703404593e-05, No Iterations 2
smoothSolver:  Solving for Uz, Initial residual = 0.004560325763, Final residual = 7.940748775e-05, No Iterations 2
GAMG:  Solving for p, Initial residual = 0.004369007783, Final residual = 3.169193137e-05, No Iterations 3
GAMG:  Solving for p, Initial residual = 0.0003031730802, Final residual = 1.905078059e-06, No Iterations 3
GAMG:  Solving for p, Initial residual = 3.638873335e-05, Final residual = 1.814881694e-07, No Iterations 3
time step continuity errors (region0): sum local = 1.533566073e-08, global = 5.10305687e-10, cumulative = 3.444212316e-08
smoothSolver:  Solving for omega, Initial residual = 0.0002856024315, Final residual = 2.213196633e-05, No Iterations 1
smoothSolver:  Solving for k, Initial residual = 0.007997101557, Final residual = 0.0006194017157, No Iterations 1

ExecutionTime = 0.89 s  ExecutionStepTime = 0.01 s  ClockTime = 0 s

forces FR write:
    Sum of forces
        Total    : ( 0.6135173404 0 -7.916963344 )
        Pressure : ( 0.5703275941 0 -7.917861494 )
        Viscous  : ( 0.04318974626 0 0.0008981504765 )
    Sum of moments
        Total    : ( -3.840879191 1.357807838 -0.2976451808 )
        Pressure : ( -3.841314925 1.360083409 -0.2766918695 )
        Viscous  : ( 0.0004357336678 -0.002275571074 -0.02095331132 )


liftDrag LD execute:
Viscous drag: 0.003586601964, pressure drag: 0.0473616598, porous drag: 0
Viscous lift: 7.458502404e-05, pressure lift: -0.6575222141, porous lift: 0
Total lift: -0.6574476291, Front lift: -0.2159675082, Rear lift: -0.4414801209, Drag: 0.05094826176
Location of Center of Mass: ( 0.1583410946 0.4851455065 -0.0177077476 )
Location of Center Of Pressure: ( 0.1727916064 0.4851455065 -0.01658791931 )


yPlus yPlus execute:
    patch Bottom y+ : min = 20.39511396, max = 492.5675255, average = 228.7756322
    patch Top y+ : min = 62.59534256, max = 518.0467322, average = 265.5774752
    patch e423_0 y+ : min = 145.103106, max = 743.1567042, average = 395.8059494


################################################################################

Time = 79

Outer Loop Iteration = 79
smoothSolver:  Solving for Ux, Initial residual = 0.004081997853, Final residual = 6.49772796e-05, No Iterations 2
smoothSolver:  Solving for Uz, Initial residual = 0.004258334653, Final residual = 7.79702407e-05, No Iterations 2
GAMG:  Solving for p, Initial residual = 0.004234180876, Final residual = 2.910181985e-05, No Iterations 3
GAMG:  Solving for p, Initial residual = 0.0002806285459, Final residual = 1.7375278e-06, No Iterations 3
GAMG:  Solving for p, Initial residual = 3.508672345e-05, Final residual = 1.576925671e-07, No Iterations 3
time step continuity errors (region0): sum local = 1.327316501e-08, global = -2.045460351e-10, cumulative = 3.423757712e-08
smoothSolver:  Solving for omega, Initial residual = 0.000271756798, Final residual = 2.124897706e-05, No Iterations 1
smoothSolver:  Solving for k, Initial residual = 0.007844393557, Final residual = 0.0005982746242, No Iterations 1

ExecutionTime = 0.9 s  ExecutionStepTime = 0 s  ClockTime = 0 s

forces FR write:
    Sum of forces
        Total    : ( 0.6139993925 0 -7.916979657 )
        Pressure : ( 0.5707943868 0 -7.917883471 )
        Viscous  : ( 0.04320500569 0 0.0009038135745 )
    Sum of moments
        Total    : ( -3.840887105 1.357888556 -0.2978790462 )
        Pressure : ( -3.841325586 1.360166058 -0.2769183319 )
        Viscous  : ( 0.0004384810944 -0.002277502176 -0.02096071436 )


liftDrag LD execute:
Viscous drag: 0.003587869151, pressure drag: 0.04740042362, porous drag: 0
Viscous lift: 7.505530415e-05, pressure lift: -0.6575240391, porous lift: 0
Total lift: -0.6574489838, Front lift: -0.2159614825, Rear lift: -0.4414875012, Drag: 0.05098829277
Location of Center of Mass: ( 0.1583410946 0.4851455065 -0.0177077476 )
Location of Center Of Pressure: ( 0.1728023234 0.4851455065 -0.01658621059 )


yPlus yPlus execute:
    patch Bottom y+ : min = 11.85600275, max = 482.3562499, average = 226.350443
    patch Top y+ : min = 63.12588147, max = 505.874084, average = 263.0658721
    patch e423_0 y+ : min = 144.9623045, max = 743.2230464, average = 395.8620062


################################################################################

Time = 80

Outer Loop Iteration = 80
smoothSolver:  Solving for Ux, Initial residual = 0.003831206633, Final residual = 6.291564912e-05, No Iterations 2
smoothSolver:  Solving for Uz, Initial residual = 0.003967453678, Final residual = 7.633453731e-05, No Iterations 2
GAMG:  Solving for p, Initial residual = 0.004043768322, Final residual = 2.662744602e-05, No Iterations 3
GAMG:  Solving for p, Initial residual = 0.0002648938353, Final residual = 1.623823102e-06, No Iterations 3
GAMG:  Solving for p, Initial residual = 3.553996943e-05, Final residual = 1.442217562e-07, No Iterations 3
time step continuity errors (region0): sum local = 1.210254136e-08, global = -3.419408053e-10, cumulative = 3.389563632e-08
smoothSolver:  Solving for omega, Initial residual = 0.0002584413422, Final residual = 2.038797594e-05, No Iterations 1
smoothSolver:  Solving for k, Initial residual = 0.007688875476, Final residual = 0.0005765251141, No Iterations 1

ExecutionTime = 0.93 s  ExecutionStepTime = 0.03 s  ClockTime = 1 s

forces FR write:
    Sum of forces
        Total    : ( 0.6145410296 0 -7.916841368 )
        Pressure : ( 0.5713216634 0 -7.917751262 )
        Viscous  : ( 0.04321936622 0 0.0009098938863 )
    Sum of moments
        Total    : ( -3.840820015 1.357969193 -0.2981418191 )
        Pressure : ( -3.841261446 1.360248611 -0.2771741378 )
        Viscous  : ( 0.0004414309303 -0.002279418315 -0.02096768131 )


liftDrag LD execute:
Viscous drag: 0.003589061692, pressure drag: 0.0474442102, porous drag: 0
Viscous lift: 7.55602309e-05, pressure lift: -0.6575130601, porous lift: 0
Total lift: -0.6574374999, Front lift: -0.2159490442, Rear lift: -0.4414884556, Drag: 0.05103327189
Location of Center of Mass: ( 0.1583410946 0.4851455065 -0.0177077476 )
Location of Center Of Pressure: ( 0.1728164984 0.4851455065 -0.0165841013 )


yPlus yPlus execute:
    patch Bottom y+ : min = 6.310729287, max = 472.9803199, average = 224.1922381
    patch Top y+ : min = 63.6062355, max = 495.1773545, average = 260.8117762
    patch e423_0 y+ : min = 144.8108946, max = 743.2684229, average = 395.9162975


################################################################################

Time = 81

Outer Loop Iteration = 81
smoothSolver:  Solving for Ux, Initial residual = 0.003608991777, Final residual = 6.072484441e-05, No Iterations 2
smoothSolver:  Solving for Uz, Initial residual = 0.003690226772, Final residual = 7.484149619e-05, No Iterations 2
GAMG:  Solving for p, Initial residual = 0.003808956187, Final residual = 2.373116062e-05, No Iterations 3
GAMG:  Solving for p, Initial residual = 0.000255965806, Final residual = 1.485273587e-06, No Iterations 3
GAMG:  Solving for p, Initial residual = 3.64422322e-05, Final residual = 1.35212162e-07, No Iterations 3
time step continuity errors (region0): sum local = 1.131793367e-08, global = -4.224357887e-10, cumulative = 3.347320053e-08
smoothSolver:  Solving for omega, Initial residual = 0.0002459028298, Final residual = 1.952907594e-05, No Iterations 1
smoothSolver:  Solving for k, Initial residual = 0.007530252824, Final residual = 0.0005542165375, No Iterations 1

ExecutionTime = 0.94 s  ExecutionStepTime = 0.01 s  ClockTime = 1 s

forces FR write:
    Sum of forces
        Total    : ( 0.6151308467 0 -7.916600886 )
        Pressure : ( 0.5718979323 0 -7.917517218 )
        Viscous  : ( 0.0432329144 0 0.0009163325261 )
    Sum of moments
        Total    : ( -3.840703346 1.358054347 -0.2984279661 )
        Pressure : ( -3.841147901 1.360335665 -0.277453712 )
        Viscous  : ( 0.0004445546075 -0.002281318636 -0.02097425415 )


liftDrag LD execute:
Viscous drag: 0.003590186772, pressure drag: 0.04749206524, porous drag: 0
Viscous lift: 7.609491425e-05, pressure lift: -0.6574936244, porous lift: 0
Total lift: -0.6574175295, Front lift: -0.2159319876, Rear lift: -0.4414855419, Drag: 0.05108225201
Location of Center of Mass: ( 0.1583410946 0.4851455065 -0.0177077476 )
Location of Center Of Pressure: ( 0.1728335506 0.4851455065 -0.01658166371 )


yPlus yPlus execute:
    patch Bottom y+ : min = 3.671947088, max = 464.3538815, average = 222.6823301
    patch Top y+ : min = 64.02941094, max = 485.8339021, average = 258.8227162
    patch e423_0 y+ : min = 144.652647, max = 743.2944819, average = 395.9691146


################################################################################

Time = 82

Outer Loop Iteration = 82
smoothSolver:  Solving for Ux, Initial residual = 0.003415612272, Final residual = 5.831321073e-05, No Iterations 2
smoothSolver:  Solving for Uz, Initial residual = 0.00343440478, Final residual = 7.336807527e-05, No Iterations 2
GAMG:  Solving for p, Initial residual = 0.003627089384, Final residual = 2.097859848e-05, No Iterations 3
GAMG:  Solving for p, Initial residual = 0.0002438580037, Final residual = 1.253815109e-06, No Iterations 3
GAMG:  Solving for p, Initial residual = 3.472654264e-05, Final residual = 1.15927426e-07, No Iterations 3
time step continuity errors (region0): sum local = 9.681590771e-09, global = -3.925638599e-10, cumulative = 3.308063667e-08
smoothSolver:  Solving for omega, Initial residual = 0.0002337741934, Final residual = 1.868887742e-05, No Iterations 1
smoothSolver:  Solving for k, Initial residual = 0.007367850696, Final residual = 0.000531406829, No Iterations 1

ExecutionTime = 0.95 s  ExecutionStepTime = 0.01 s  ClockTime = 1 s

forces FR write:
    Sum of forces
        Total    : ( 0.6157641755 0 -7.916325187 )
        Pressure : ( 0.5725184438 0 -7.917248234 )
        Viscous  : ( 0.04324573174 0 0.0009230474647 )
    Sum of moments
        Total    : ( -3.840569592 1.358152642 -0.2987352228 )
        Pressure : ( -3.841017404 1.36043584 -0.2777547504 )
        Viscous  : ( 0.0004478123297 -0.002283197464 -0.02098047243 )


liftDrag LD execute:
Viscous drag: 0.003591251161, pressure drag: 0.04754359432, porous drag: 0
Viscous lift: 7.665254224e-05, pressure lift: -0.6574712872, porous lift: 0
Total lift: -0.6573946347, Front lift: -0.2159123775, Rear lift: -0.4414822572, Drag: 0.05113484548
Location of Center of Mass: ( 0.1583410946 0.4851455065 -0.0177077476 )
Location of Center Of Pressure: ( 0.1728531016 0.4851455065 -0.0165789443 )


yPlus yPlus execute:
    patch Bottom y+ : min = 2.399098248, max = 456.5363704, average = 221.678581
    patch Top y+ : min = 64.3862157, max = 478.9150271, average = 257.1240664
    patch e423_0 y+ : min = 144.4912065, max = 743.3029789, average = 396.0207423


################################################################################

Time = 83

Outer Loop Iteration = 83
smoothSolver:  Solving for Ux, Initial residual = 0.003229956474, Final residual = 5.578343666e-05, No Iterations 2
smoothSolver:  Solving for Uz, Initial residual = 0.003196237956, Final residual = 7.186313283e-05, No Iterations 2
GAMG:  Solving for p, Initial residual = 0.003410576511, Final residual = 1.79403596e-05, No Iterations 3
GAMG:  Solving for p, Initial residual = 0.0002234188365, Final residual = 9.955549246e-07, No Iterations 3
GAMG:  Solving for p, Initial residual = 3.215571684e-05, Final residual = 1.118996656e-07, No Iterations 3
time step continuity errors (region0): sum local = 9.329054846e-09, global = 2.702444041e-09, cumulative = 3.578308071e-08
smoothSolver:  Solving for omega, Initial residual = 0.0002220659153, Final residual = 1.783471388e-05, No Iterations 1
smoothSolver:  Solving for k, Initial residual = 0.007203365253, Final residual = 0.0005083240307, No Iterations 1

ExecutionTime = 0.96 s  ExecutionStepTime = 0.01 s  ClockTime = 1 s

forces FR write:
    Sum of forces
        Total    : ( 0.6164278266 0 -7.91605589 )
        Pressure : ( 0.5731699393 0 -7.916985845 )
        Viscous  : ( 0.04325788725 0 0.0009299554169 )
    Sum of moments
        Total    : ( -3.840438944 1.358266503 -0.2990571901 )
        Pressure : ( -3.840890108 1.360551552 -0.2780708205 )
        Viscous  : ( 0.0004511636917 -0.002285048747 -0.02098636962 )


liftDrag LD execute:
Viscous drag: 0.003592260589, pressure drag: 0.0475976964, porous drag: 0
Viscous lift: 7.722619866e-05, pressure lift: -0.6574494977, porous lift: 0
Total lift: -0.6573722715, Front lift: -0.2158917405, Rear lift: -0.4414805309, Drag: 0.05118995699
Location of Center of Mass: ( 0.1583410946 0.4851455065 -0.0177077476 )
Location of Center Of Pressure: ( 0.1728745277 0.4851455065 -0.0165760208 )


yPlus yPlus execute:
    patch Bottom y+ : min = 1.831782477, max = 449.1667049, average = 220.2607506
    patch Top y+ : min = 64.662797, max = 473.3493533, average = 255.6485643
    patch e423_0 y+ : min = 144.3300869, max = 743.2958874, average = 396.0713922


################################################################################

Time = 84

Outer Loop Iteration = 84
smoothSolver:  Solving for Ux, Initial residual = 0.003064643003, Final residual = 5.30839935e-05, No Iterations 2
smoothSolver:  Solving for Uz, Initial residual = 0.002977852737, Final residual = 7.019292898e-05, No Iterations 2
GAMG:  Solving for p, Initial residual = 0.003139634013, Final residual = 1.549211219e-05, No Iterations 3
GAMG:  Solving for p, Initial residual = 0.0002232300622, Final residual = 9.203141366e-07, No Iterations 3
GAMG:  Solving for p, Initial residual = 3.599362878e-05, Final residual = 3.093284273e-07, No Iterations 2
time step continuity errors (region0): sum local = 2.575548273e-08, global = 4.546889382e-09, cumulative = 4.032997009e-08
smoothSolver:  Solving for omega, Initial residual = 0.0002108041406, Final residual = 1.699582569e-05, No Iterations 1
smoothSolver:  Solving for k, Initial residual = 0.007036409725, Final residual = 0.0004850653047, No Iterations 1

ExecutionTime = 0.97 s  ExecutionStepTime = 0.01 s  ClockTime = 1 s

forces FR write:
    Sum of forces
        Total    : ( 0.6171106388 0 -7.915834047 )
        Pressure : ( 0.573841193 0 -7.916771023 )
        Viscous  : ( 0.04326944583 0 0.0009369759943 )
    Sum of moments
        Total    : ( -3.840331318 1.358398905 -0.2993884534 )
        Pressure : ( -3.840785887 1.360685772 -0.2783964762 )
        Viscous  : ( 0.0004545696933 -0.002286866951 -0.02099197721 )


liftDrag LD execute:
Viscous drag: 0.003593220448, pressure drag: 0.04765343926, porous drag: 0
Viscous lift: 7.78092078e-05, pressure lift: -0.6574316582, porous lift: 0
Total lift: -0.657353849, Front lift: -0.2158715343, Rear lift: -0.4414823147, Drag: 0.0512466597
Location of Center of Mass: ( 0.1583410946 0.4851455065 -0.0177077476 )
Location of Center Of Pressure: ( 0.17289729 0.4851455065 -0.01657296092 )


yPlus yPlus execute:
    patch Bottom y+ : min = 1.619296218, max = 442.8291483, average = 219.6223688
    patch Top y+ : min = 64.88268579, max = 468.5429689, average = 254.391151
    patch e423_0 y+ : min = 144.1725797, max = 743.2753362, average = 396.1212614


################################################################################

Time = 85

Outer Loop Iteration = 85
smoothSolver:  Solving for Ux, Initial residual = 0.002913125528, Final residual = 5.047373114e-05, No Iterations 2
smoothSolver:  Solving for Uz, Initial residual = 0.002784293418, Final residual = 6.828238655e-05, No Iterations 2
GAMG:  Solving for p, Initial residual = 0.002902086406, Final residual = 1.461093111e-05, No Iterations 3
GAMG:  Solving for p, Initial residual = 0.0002209967551, Final residual = 8.744381625e-07, No Iterations 3
GAMG:  Solving for p, Initial residual = 3.409697735e-05, Final residual = 2.652856267e-07, No Iterations 2
time step continuity errors (region0): sum local = 2.206186167e-08, global = 2.390811309e-09, cumulative = 4.27207814e-08
smoothSolver:  Solving for omega, Initial residual = 0.0002000727881, Final residual = 1.614131599e-05, No Iterations 1
smoothSolver:  Solving for k, Initial residual = 0.006867037851, Final residual = 0.0004617572265, No Iterations 1

ExecutionTime = 0.98 s  ExecutionStepTime = 0.01 s  ClockTime = 1 s

forces FR write:
    Sum of forces
        Total    : ( 0.6178031519 0 -7.915700103 )
        Pressure : ( 0.5745226835 0 -7.916644134 )
        Viscous  : ( 0.04328046842 0 0.0009440318695 )
    Sum of moments
        Total    : ( -3.840266335 1.358553214 -0.299724423 )
        Pressure : ( -3.840724328 1.360841861 -0.2787270983 )
        Viscous  : ( 0.0004579928194 -0.002288646909 -0.02099732477 )


liftDrag LD execute:
Viscous drag: 0.003594135795, pressure drag: 0.04771003221, porous drag: 0
Viscous lift: 7.839514816e-05, pressure lift: -0.657421121, porous lift: 0
Total lift: -0.6573427259, Front lift: -0.2158531584, Rear lift: -0.4414895674, Drag: 0.051304168
Location of Center of Mass: ( 0.1583410946 0.4851455065 -0.0177077476 )
Location of Center Of Pressure: ( 0.1729209149 0.4851455065 -0.01656982439 )


yPlus yPlus execute:
    patch Bottom y+ : min = 1.536417904, max = 438.3394338, average = 219.4444553
    patch Top y+ : min = 65.05127945, max = 464.4883779, average = 253.4026041
    patch e423_0 y+ : min = 144.0215311, max = 743.2435943, average = 396.1705031


################################################################################

Time = 86

Outer Loop Iteration = 86
smoothSolver:  Solving for Ux, Initial residual = 0.002785314823, Final residual = 4.791293333e-05, No Iterations 2
smoothSolver:  Solving for Uz, Initial residual = 0.002614418329, Final residual = 6.636762817e-05, No Iterations 2
GAMG:  Solving for p, Initial residual = 0.002688346845, Final residual = 1.419995338e-05, No Iterations 3
GAMG:  Solving for p, Initial residual = 0.0002136038147, Final residual = 8.988524324e-07, No Iterations 3
GAMG:  Solving for p, Initial residual = 3.404765972e-05, Final residual = 2.676636025e-07, No Iterations 2
time step continuity errors (region0): sum local = 2.223482718e-08, global = 7.554963891e-10, cumulative = 4.347627779e-08
smoothSolver:  Solving for omega, Initial residual = 0.0001897357636, Final residual = 1.530863765e-05, No Iterations 1
smoothSolver:  Solving for k, Initial residual = 0.006695336171, Final residual = 0.0004385265476, No Iterations 1

ExecutionTime = 0.99 s  ExecutionStepTime = 0.01 s  ClockTime = 1 s

forces FR write:
    Sum of forces
        Total    : ( 0.6184956078 0 -7.915690771 )
        Pressure : ( 0.5752045889 0 -7.916641823 )
        Viscous  : ( 0.04329101892 0 0.0009510515629 )
    Sum of moments
        Total    : ( -3.840261808 1.358732299 -0.3000603649 )
        Pressure : ( -3.840723207 1.361022684 -0.2790579216 )
        Viscous  : ( 0.0004613983922 -0.002290384745 -0.0210024433 )


liftDrag LD execute:
Viscous drag: 0.00359501194, pressure drag: 0.04776665961, porous drag: 0
Viscous lift: 7.89780839e-05, pressure lift: -0.657420929, porous lift: 0
Total lift: -0.6573419509, Front lift: -0.2158378992, Rear lift: -0.4415040517, Drag: 0.05136167155
Location of Center of Mass: ( 0.1583410946 0.4851455065 -0.0177077476 )
Location of Center Of Pressure: ( 0.1729449459 0.4851455065 -0.01656666995 )


yPlus yPlus execute:
    patch Bottom y+ : min = 1.500546299, max = 434.9638715, average = 219.4582575
    patch Top y+ : min = 65.17488846, max = 461.2320888, average = 252.669731
    patch e423_0 y+ : min = 143.8796749, max = 743.202828, average = 396.2192569


################################################################################

Time = 87

Outer Loop Iteration = 87
smoothSolver:  Solving for Ux, Initial residual = 0.002676353775, Final residual = 4.556237559e-05, No Iterations 2
smoothSolver:  Solving for Uz, Initial residual = 0.002450998799, Final residual = 6.453556624e-05, No Iterations 2
GAMG:  Solving for p, Initial residual = 0.002531689204, Final residual = 1.320327476e-05, No Iterations 3
GAMG:  Solving for p, Initial residual = 0.000213333838, Final residual = 8.603745073e-07, No Iterations 3
GAMG:  Solving for p, Initial residual = 3.545965696e-05, Final residual = 2.883555377e-07, No Iterations 2
time step continuity errors (region0): sum local = 2.393036088e-08, global = 6.550071287e-10, cumulative = 4.413128492e-08
smoothSolver:  Solving for omega, Initial residual = 0.0001798102092, Final residual = 1.450446851e-05, No Iterations 1
smoothSolver:  Solving for k, Initial residual = 0.006522129919, Final residual = 0.0004155371127, No Iterations 1

ExecutionTime = 1 s  ExecutionStepTime = 0.01 s  ClockTime = 1 s

forces FR write:
    Sum of forces
        Total    : ( 0.6191790627 0 -7.915835204 )
        Pressure : ( 0.5758778872 0 -7.916793179 )
        Viscous  : ( 0.04330117551 0 0.0009579756676 )
    Sum of moments
        Total    : ( -3.840331879 1.358937648 -0.30039194 )
        Pressure : ( -3.840796637 1.361229728 -0.2793845692 )
        Viscous  : ( 0.0004647575904 -0.00229207943 -0.02100737072 )


liftDrag LD execute:
Viscous drag: 0.003595855373, pressure drag: 0.04782257225, porous drag: 0
Viscous lift: 7.955308166e-05, pressure lift: -0.6574334981, porous lift: 0
Total lift: -0.657353945, Front lift: -0.2158268435, Rear lift: -0.4415271015, Drag: 0.05141842763
Location of Center of Mass: ( 0.1583410946 0.4851455065 -0.0177077476 )
Location of Center Of Pressure: ( 0.1729689185 0.4851455065 -0.01656355472 )


yPlus yPlus execute:
    patch Bottom y+ : min = 1.481873628, max = 432.2824045, average = 219.5860334
    patch Top y+ : min = 65.24822456, max = 458.569177, average = 252.1527746
    patch e423_0 y+ : min = 143.7492909, max = 743.1552539, average = 396.2676659


################################################################################

Time = 88

Outer Loop Iteration = 88
smoothSolver:  Solving for Ux, Initial residual = 0.002579103789, Final residual = 4.355789185e-05, No Iterations 2
smoothSolver:  Solving for Uz, Initial residual = 0.002312519641, Final residual = 6.259016669e-05, No Iterations 2
GAMG:  Solving for p, Initial residual = 0.002338616175, Final residual = 1.197841473e-05, No Iterations 3
GAMG:  Solving for p, Initial residual = 0.000201061076, Final residual = 8.212077562e-07, No Iterations 3
GAMG:  Solving for p, Initial residual = 3.179804594e-05, Final residual = 2.735602026e-07, No Iterations 2
time step continuity errors (region0): sum local = 2.268569825e-08, global = -3.814079855e-09, cumulative = 4.031720506e-08
smoothSolver:  Solving for omega, Initial residual = 0.0001702429968, Final residual = 1.373244045e-05, No Iterations 1
smoothSolver:  Solving for k, Initial residual = 0.006347845277, Final residual = 0.0003929307309, No Iterations 1

ExecutionTime = 1.01 s  ExecutionStepTime = 0.01 s  ClockTime = 1 s

forces FR write:
    Sum of forces
        Total    : ( 0.6198443687 0 -7.916155954 )
        Pressure : ( 0.576533418 0 -7.917120681 )
        Viscous  : ( 0.0433109507 0 0.0009647271802 )
    Sum of moments
        Total    : ( -3.84048749 1.359170053 -0.3007147102 )
        Pressure : ( -3.840955523 1.361463776 -0.2797025971 )
        Viscous  : ( 0.0004680330564 -0.002293722784 -0.02101211311 )


liftDrag LD execute:
Viscous drag: 0.003596667133, pressure drag: 0.04787700944, porous drag: 0
Viscous lift: 8.011374687e-05, pressure lift: -0.6574606948, porous lift: 0
Total lift: -0.6573805811, Front lift: -0.2158208619, Rear lift: -0.4415597192, Drag: 0.05147367658
Location of Center of Mass: ( 0.1583410946 0.4851455065 -0.0177077476 )
Location of Center Of Pressure: ( 0.1729924237 0.4851455065 -0.01656053121 )


yPlus yPlus execute:
    patch Bottom y+ : min = 1.470317956, max = 430.1956327, average = 219.7826392
    patch Top y+ : min = 65.27615837, max = 456.4422978, average = 251.8467703
    patch e423_0 y+ : min = 143.6322838, max = 743.1030113, average = 396.3157043


################################################################################

Time = 89

Outer Loop Iteration = 89
smoothSolver:  Solving for Ux, Initial residual = 0.002481181932, Final residual = 4.177568397e-05, No Iterations 2
smoothSolver:  Solving for Uz, Initial residual = 0.002195108297, Final residual = 6.062384948e-05, No Iterations 2
GAMG:  Solving for p, Initial residual = 0.002222672138, Final residual = 1.13181994e-05, No Iterations 3
GAMG:  Solving for p, Initial residual = 0.0002340216441, Final residual = 8.794985317e-07, No Iterations 3
GAMG:  Solving for p, Initial residual = 3.953204074e-05, Final residual = 1.282011436e-07, No Iterations 3
time step continuity errors (region0): sum local = 1.062230371e-08, global = -5.208542482e-09, cumulative = 3.510866258e-08
smoothSolver:  Solving for omega, Initial residual = 0.0001610353001, Final residual = 1.299006259e-05, No Iterations 1
smoothSolver:  Solving for k, Initial residual = 0.006172488057, Final residual = 0.0003708065103, No Iterations 1

ExecutionTime = 1.02 s  ExecutionStepTime = 0.01 s  ClockTime = 1 s

forces FR write:
    Sum of forces
        Total    : ( 0.6204875045 0 -7.916683752 )
        Pressure : ( 0.5771671131 0 -7.917655 )
        Viscous  : ( 0.04332039144 0 0.0009712487199 )
    Sum of moments
        Total    : ( -3.840743548 1.359433073 -0.3010267246 )
        Pressure : ( -3.841214745 1.361728385 -0.2800100314 )
        Viscous  : ( 0.0004711969521 -0.002295311788 -0.02101669324 )


liftDrag LD execute:
Viscous drag: 0.003597451119, pressure drag: 0.04792963332, porous drag: 0
Viscous lift: 8.065531447e-05, pressure lift: -0.6575050662, porous lift: 0
Total lift: -0.6574244109, Front lift: -0.2158209349, Rear lift: -0.441603476, Drag: 0.05152708444
Location of Center of Mass: ( 0.1583410946 0.4851455065 -0.0177077476 )
Location of Center Of Pressure: ( 0.173015232 0.4851455065 -0.01655762981 )


yPlus yPlus execute:
    patch Bottom y+ : min = 1.462602924, max = 428.4321466, average = 220.0893247
    patch Top y+ : min = 65.26041512, max = 454.4692429, average = 251.7529229
    patch e423_0 y+ : min = 143.5302276, max = 743.0482366, average = 396.3634095


################################################################################

Time = 90

Outer Loop Iteration = 90
smoothSolver:  Solving for Ux, Initial residual = 0.002384820327, Final residual = 4.022450657e-05, No Iterations 2
smoothSolver:  Solving for Uz, Initial residual = 0.002095440102, Final residual = 5.867971897e-05, No Iterations 2
GAMG:  Solving for p, Initial residual = 0.002143978861, Final residual = 1.122773208e-05, No Iterations 3
GAMG:  Solving for p, Initial residual = 0.0002403348201, Final residual = 8.995267917e-07, No Iterations 3
GAMG:  Solving for p, Initial residual = 4.144800123e-05, Final residual = 4.041565819e-07, No Iterations 2
time step continuity errors (region0): sum local = 3.345801797e-08, global = -1.153798006e-08, cumulative = 2.357068253e-08
smoothSolver:  Solving for omega, Initial residual = 0.0001521827823, Final residual = 1.228893312e-05, No Iterations 1
smoothSolver:  Solving for k, Initial residual = 0.005995989208, Final residual = 0.0003492363385, No Iterations 1

ExecutionTime = 1.05 s  ExecutionStepTime = 0.03 s  ClockTime = 1 s

forces FR write:
    Sum of forces
        Total    : ( 0.6210989507 0 -7.91743547 )
        Pressure : ( 0.5777694199 0 -7.918412963 )
        Viscous  : ( 0.04332953075 0 0.0009774930457 )
    Sum of moments
        Total    : ( -3.841108241 1.359727388 -0.301323365 )
        Pressure : ( -3.841582467 1.362024231 -0.2803022378 )
        Viscous  : ( 0.0004742263587 -0.0022968437 -0.02102112714 )


liftDrag LD execute:
Viscous drag: 0.003598210074, pressure drag: 0.04797965063, porous drag: 0
Viscous lift: 8.117386142e-05, pressure lift: -0.6575680097, porous lift: 0
Total lift: -0.6574868358, Front lift: -0.2158277066, Rear lift: -0.4416591292, Drag: 0.0515778607
Location of Center of Mass: ( 0.1583410946 0.4851455065 -0.0177077476 )
Location of Center Of Pressure: ( 0.1730370422 0.4851455065 -0.01655489481 )


yPlus yPlus execute:
    patch Bottom y+ : min = 1.457622403, max = 427.1033833, average = 220.4933023
    patch Top y+ : min = 65.2132551, max = 453.1267195, average = 251.8534562
    patch e423_0 y+ : min = 143.4459073, max = 742.9927716, average = 396.4107839


################################################################################

Time = 91

Outer Loop Iteration = 91
smoothSolver:  Solving for Ux, Initial residual = 0.00230748538, Final residual = 3.891766287e-05, No Iterations 2
smoothSolver:  Solving for Uz, Initial residual = 0.002013695721, Final residual = 5.67205936e-05, No Iterations 2
GAMG:  Solving for p, Initial residual = 0.002035054656, Final residual = 1.132908724e-05, No Iterations 3
GAMG:  Solving for p, Initial residual = 0.0002238085684, Final residual = 9.107178641e-07, No Iterations 3
GAMG:  Solving for p, Initial residual = 4.3255862e-05, Final residual = 3.924678914e-07, No Iterations 2
time step continuity errors (region0): sum local = 3.245909031e-08, global = -8.178247121e-09, cumulative = 1.53924354e-08
smoothSolver:  Solving for omega, Initial residual = 0.0001437719132, Final residual = 1.160719999e-05, No Iterations 1
smoothSolver:  Solving for k, Initial residual = 0.005818867384, Final residual = 0.0003283257478, No Iterations 1

ExecutionTime = 1.06 s  ExecutionStepTime = 0.01 s  ClockTime = 1 s

forces FR write:
    Sum of forces
        Total    : ( 0.6216741134 0 -7.918400187 )
        Pressure : ( 0.5783356738 0 -7.919383583 )
        Viscous  : ( 0.04333843966 0 0.000983395934 )
    Sum of moments
        Total    : ( -3.841576269 1.360048128 -0.3016024026 )
        Pressure : ( -3.842053359 1.362346445 -0.2805769534 )
        Viscous  : ( 0.0004770901184 -0.00229831668 -0.02102544926 )


liftDrag LD execute:
Viscous drag: 0.003598949896, pressure drag: 0.04802667399, porous drag: 0
Viscous lift: 8.166405441e-05, pressure lift: -0.6576486128, porous lift: 0
Total lift: -0.6575669487, Front lift: -0.2158411279, Rear lift: -0.4417258209, Drag: 0.05162562389
Location of Center of Mass: ( 0.1583410946 0.4851455065 -0.0177077476 )
Location of Center Of Pressure: ( 0.1730574702 0.4851455065 -0.016552364 )


yPlus yPlus execute:
    patch Bottom y+ : min = 1.454787735, max = 426.2428174, average = 220.9859229
    patch Top y+ : min = 65.14315659, max = 452.5068071, average = 252.134758
    patch e423_0 y+ : min = 143.3782349, max = 742.9395204, average = 396.4578951


################################################################################

Time = 92

Outer Loop Iteration = 92
smoothSolver:  Solving for Ux, Initial residual = 0.00223935681, Final residual = 3.792031441e-05, No Iterations 2
smoothSolver:  Solving for Uz, Initial residual = 0.001945889534, Final residual = 5.486085927e-05, No Iterations 2
GAMG:  Solving for p, Initial residual = 0.001956792935, Final residual = 1.147604359e-05, No Iterations 3
GAMG:  Solving for p, Initial residual = 0.0002627937154, Final residual = 9.778459564e-07, No Iterations 3
GAMG:  Solving for p, Initial residual = 5.057091948e-05, Final residual = 3.862894839e-07, No Iterations 2
time step continuity errors (region0): sum local = 3.190711482e-08, global = -8.796516186e-09, cumulative = 6.595919218e-09
smoothSolver:  Solving for omega, Initial residual = 0.0001357010593, Final residual = 1.093884437e-05, No Iterations 1
smoothSolver:  Solving for k, Initial residual = 0.005641633844, Final residual = 0.000308162734, No Iterations 1

ExecutionTime = 1.08 s  ExecutionStepTime = 0.01 s  ClockTime = 1 s

forces FR write:
    Sum of forces
        Total    : ( 0.6222151094 0 -7.919597453 )
        Pressure : ( 0.5788679594 0 -7.920586379 )
        Viscous  : ( 0.04334714994 0 0.0009889260848 )
    Sum of moments
        Total    : ( -3.842157117 1.360397949 -0.3018648644 )
        Pressure : ( -3.84263689 1.362697678 -0.2808351894 )
        Viscous  : ( 0.0004797730463 -0.00229972909 -0.02102967501 )


liftDrag LD execute:
Viscous drag: 0.003599673223, pressure drag: 0.04807087654, porous drag: 0
Viscous lift: 8.212329419e-05, pressure lift: -0.6577484964, porous lift: 0
Total lift: -0.6576663731, Front lift: -0.21586179, Rear lift: -0.4418045832, Drag: 0.05167054976
Location of Center of Mass: ( 0.1583410946 0.4851455065 -0.0177077476 )
Location of Center Of Pressure: ( 0.1730764277 0.4851455065 -0.01655004395 )


yPlus yPlus execute:
    patch Bottom y+ : min = 1.453643999, max = 426.0354045, average = 221.5393734
    patch Top y+ : min = 65.05502941, max = 452.4781087, average = 252.586905
    patch e423_0 y+ : min = 143.3270344, max = 742.8895789, average = 396.5047158


################################################################################

Time = 93

Outer Loop Iteration = 93
smoothSolver:  Solving for Ux, Initial residual = 0.002171673621, Final residual = 3.697534908e-05, No Iterations 2
smoothSolver:  Solving for Uz, Initial residual = 0.001872858251, Final residual = 5.314409667e-05, No Iterations 2
GAMG:  Solving for p, Initial residual = 0.001831369396, Final residual = 1.150246913e-05, No Iterations 3
GAMG:  Solving for p, Initial residual = 0.0002587069602, Final residual = 2.552997026e-06, No Iterations 2
GAMG:  Solving for p, Initial residual = 4.574680105e-05, Final residual = 2.00070683e-07, No Iterations 3
time step continuity errors (region0): sum local = 1.650335496e-08, global = -4.553778047e-09, cumulative = 2.042141171e-09
smoothSolver:  Solving for omega, Initial residual = 0.0001281195716, Final residual = 1.030177466e-05, No Iterations 1
smoothSolver:  Solving for k, Initial residual = 0.005464449125, Final residual = 0.000288791497, No Iterations 1

ExecutionTime = 1.09 s  ExecutionStepTime = 0.01 s  ClockTime = 1 s

forces FR write:
    Sum of forces
        Total    : ( 0.6227191864 0 -7.92103489 )
        Pressure : ( 0.5793635231 0 -7.922028953 )
        Viscous  : ( 0.04335566332 0 0.0009940632076 )
    Sum of moments
        Total    : ( -3.842854483 1.36077726 -0.3021094151 )
        Pressure : ( -3.843336749 1.363078338 -0.2810756098 )
        Viscous  : ( 0.0004822652983 -0.002301078726 -0.02103380524 )


liftDrag LD execute:
Viscous drag: 0.003600380198, pressure drag: 0.04811202959, porous drag: 0
Viscous lift: 8.254989578e-05, pressure lift: -0.657868292, porous lift: 0
Total lift: -0.6577857421, Front lift: -0.2158899753, Rear lift: -0.4418957667, Drag: 0.05171240978
Location of Center of Mass: ( 0.1583410946 0.4851455065 -0.0177077476 )
Location of Center Of Pressure: ( 0.1730937946 0.4851455065 -0.016547951 )


yPlus yPlus execute:
    patch Bottom y+ : min = 1.453862409, max = 426.3242802, average = 222.1444157
    patch Top y+ : min = 64.95162249, max = 453.16556, average = 253.1491832
    patch e423_0 y+ : min = 143.2930114, max = 742.8440971, average = 396.5510741


################################################################################

Time = 94

Outer Loop Iteration = 94
smoothSolver:  Solving for Ux, Initial residual = 0.002117681316, Final residual = 3.61322224e-05, No Iterations 2
smoothSolver:  Solving for Uz, Initial residual = 0.001823896235, Final residual = 5.138985418e-05, No Iterations 2
GAMG:  Solving for p, Initial residual = 0.001742742613, Final residual = 1.113402916e-05, No Iterations 3
GAMG:  Solving for p, Initial residual = 0.0002341628395, Final residual = 1.086268485e-06, No Iterations 3
GAMG:  Solving for p, Initial residual = 4.41930187e-05, Final residual = 3.876609344e-07, No Iterations 2
time step continuity errors (region0): sum local = 3.193852961e-08, global = -1.816028057e-09, cumulative = 2.261131147e-10
smoothSolver:  Solving for omega, Initial residual = 0.0001209626659, Final residual = 9.703233952e-06, No Iterations 1
smoothSolver:  Solving for k, Initial residual = 0.005286998789, Final residual = 0.0002702301418, No Iterations 1

ExecutionTime = 1.1 s  ExecutionStepTime = 0.01 s  ClockTime = 1 s

forces FR write:
    Sum of forces
        Total    : ( 0.6231807127 0 -7.922703513 )
        Pressure : ( 0.5798167311 0 -7.923702293 )
        Viscous  : ( 0.04336398159 0 0.0009987793517 )
    Sum of moments
        Total    : ( -3.843664008 1.361182555 -0.3023333225 )
        Pressure : ( -3.844148562 1.363484918 -0.2812954817 )
        Viscous  : ( 0.0004845533144 -0.002302362904 -0.02103784081 )


liftDrag LD execute:
Viscous drag: 0.003601070972, pressure drag: 0.04814966529, porous drag: 0
Viscous lift: 8.294153809e-05, pressure lift: -0.6580072509, porous lift: 0
Total lift: -0.6579243094, Front lift: -0.2159256021, Rear lift: -0.4419987073, Drag: 0.05175073627
Location of Center of Mass: ( 0.1583410946 0.4851455065 -0.0177077476 )
Location of Center Of Pressure: ( 0.1731093146 0.4851455065 -0.01654611511 )


yPlus yPlus execute:
    patch Bottom y+ : min = 1.455206773, max = 426.9748783, average = 222.7961276
    patch Top y+ : min = 64.83573978, max = 454.0376119, average = 253.7606915
    patch e423_0 y+ : min = 143.2758074, max = 742.8043503, average = 396.596785


################################################################################

Time = 95

Outer Loop Iteration = 95
smoothSolver:  Solving for Ux, Initial residual = 0.002065012815, Final residual = 3.522592292e-05, No Iterations 2
smoothSolver:  Solving for Uz, Initial residual = 0.00177712733, Final residual = 4.984007659e-05, No Iterations 2
GAMG:  Solving for p, Initial residual = 0.001630971053, Final residual = 1.085835407e-05, No Iterations 3
GAMG:  Solving for p, Initial residual = 0.0002334361796, Final residual = 9.39138505e-07, No Iterations 3
GAMG:  Solving for p, Initial residual = 4.557776892e-05, Final residual = 4.174125069e-07, No Iterations 2
time step continuity errors (region0): sum local = 3.436935303e-08, global = 6.393477359e-09, cumulative = 6.619590473e-09
smoothSolver:  Solving for omega, Initial residual = 0.0001143356219, Final residual = 9.11943462e-06, No Iterations 1
smoothSolver:  Solving for k, Initial residual = 0.005109472866, Final residual = 0.0002525110663, No Iterations 1

ExecutionTime = 1.11 s  ExecutionStepTime = 0.01 s  ClockTime = 1 s

forces FR write:
    Sum of forces
        Total    : ( 0.6236001475 0 -7.924607996 )
        Pressure : ( 0.5802280421 0 -7.925611052 )
        Viscous  : ( 0.04337210537 0 0.001003055559 )
    Sum of moments
        Total    : ( -3.84458796 1.361615161 -0.3025368094 )
        Pressure : ( -3.845074588 1.363918741 -0.2814950274 )
        Viscous  : ( 0.0004866278971 -0.002303579908 -0.02104178203 )


liftDrag LD execute:
Viscous drag: 0.003601745594, pressure drag: 0.04818382176, porous drag: 0
Viscous lift: 8.329664675e-05, pressure lift: -0.6581657598, porous lift: 0
Total lift: -0.6580824632, Front lift: -0.2159687541, Rear lift: -0.4421137091, Drag: 0.05178556735
Location of Center of Mass: ( 0.1583410946 0.4851455065 -0.0177077476 )
Location of Center Of Pressure: ( 0.1731230534 0.4851455065 -0.01654453149 )


yPlus yPlus execute:
    patch Bottom y+ : min = 1.457486991, max = 427.8982313, average = 223.4991087
    patch Top y+ : min = 64.70027465, max = 454.8171409, average = 254.3721696
    patch e423_0 y+ : min = 143.2752852, max = 742.7713855, average = 396.6416455


################################################################################

Time = 96

Outer Loop Iteration = 96
smoothSolver:  Solving for Ux, Initial residual = 0.002022022533, Final residual = 3.435564451e-05, No Iterations 2
smoothSolver:  Solving for Uz, Initial residual = 0.001743847117, Final residual = 4.828964615e-05, No Iterations 2
GAMG:  Solving for p, Initial residual = 0.001638081546, Final residual = 1.20647322e-05, No Iterations 3
GAMG:  Solving for p, Initial residual = 0.0002042815, Final residual = 9.135721408e-07, No Iterations 3
GAMG:  Solving for p, Initial residual = 4.122143758e-05, Final residual = 1.639353373e-07, No Iterations 3
time step continuity errors (region0): sum local = 1.350215007e-08, global = 6.015058436e-09, cumulative = 1.263464891e-08
smoothSolver:  Solving for omega, Initial residual = 0.0001082358025, Final residual = 8.556874686e-06, No Iterations 1
smoothSolver:  Solving for k, Initial residual = 0.004932056471, Final residual = 0.0002356447955, No Iterations 1

ExecutionTime = 1.12 s  ExecutionStepTime = 0.01 s  ClockTime = 1 s

forces FR write:
    Sum of forces
        Total    : ( 0.6239762432 0 -7.926744843 )
        Pressure : ( 0.5805961671 0 -7.927751732 )
        Viscous  : ( 0.04338007614 0 0.001006888932 )
    Sum of moments
        Total    : ( -3.845624642 1.362073869 -0.3027192705 )
        Pressure : ( -3.846113129 1.364378603 -0.2816736215 )
        Viscous  : ( 0.0004884876407 -0.002304733735 -0.02104564901 )


liftDrag LD execute:
Viscous drag: 0.00360240751, pressure drag: 0.04821439192, porous drag: 0
Viscous lift: 8.361498116e-05, pressure lift: -0.6583435282, porous lift: 0
Total lift: -0.6582599132, Front lift: -0.2160193867, Rear lift: -0.4422405265, Drag: 0.05181679943
Location of Center of Mass: ( 0.1583410946 0.4851455065 -0.0177077476 )
Location of Center Of Pressure: ( 0.1731349331 0.4851455065 -0.01654320857 )


yPlus yPlus execute:
    patch Bottom y+ : min = 1.46062991, max = 429.6707724, average = 224.2303261
    patch Top y+ : min = 64.55222115, max = 455.2788163, average = 254.9285607
    patch e423_0 y+ : min = 143.2916545, max = 742.7460005, average = 396.6856299


################################################################################

Time = 97

Outer Loop Iteration = 97
smoothSolver:  Solving for Ux, Initial residual = 0.001965881935, Final residual = 3.343743535e-05, No Iterations 2
smoothSolver:  Solving for Uz, Initial residual = 0.001693742715, Final residual = 4.663277116e-05, No Iterations 2
GAMG:  Solving for p, Initial residual = 0.001557655232, Final residual = 1.211411659e-05, No Iterations 3
GAMG:  Solving for p, Initial residual = 0.0001853560873, Final residual = 9.643226134e-07, No Iterations 3
GAMG:  Solving for p, Initial residual = 3.105940754e-05, Final residual = 1.232106989e-07, No Iterations 3
time step continuity errors (region0): sum local = 1.015492029e-08, global = 8.822301795e-10, cumulative = 1.351687909e-08
smoothSolver:  Solving for omega, Initial residual = 0.00010263628, Final residual = 8.015805844e-06, No Iterations 1
smoothSolver:  Solving for k, Initial residual = 0.004754213386, Final residual = 0.0002196128925, No Iterations 1

ExecutionTime = 1.13 s  ExecutionStepTime = 0.01 s  ClockTime = 1 s

forces FR write:
    Sum of forces
        Total    : ( 0.624306329 0 -7.929088037 )
        Pressure : ( 0.580918435 0 -7.930098305 )
        Viscous  : ( 0.04338789396 0 0.001010268562 )
    Sum of moments
        Total    : ( -3.846761431 1.362553472 -0.3028794102 )
        Pressure : ( -3.847251559 1.364859296 -0.2818299684 )
        Viscous  : ( 0.0004901272532 -0.002305824095 -0.02104944179 )


liftDrag LD execute:
Viscous drag: 0.003603056725, pressure drag: 0.04824115399, porous drag: 0
Viscous lift: 8.389563549e-05, pressure lift: -0.6585383944, porous lift: 0
Total lift: -0.6584544988, Front lift: -0.2160768519, Rear lift: -0.4423776469, Drag: 0.05184421071
Location of Center of Mass: ( 0.1583410946 0.4851455065 -0.0177077476 )
Location of Center Of Pressure: ( 0.1731448608 0.4851455065 -0.01654215518 )


yPlus yPlus execute:
    patch Bottom y+ : min = 1.46452492, max = 431.5835936, average = 224.9675869
    patch Top y+ : min = 64.40392173, max = 455.4755619, average = 255.4671218
    patch e423_0 y+ : min = 143.3246261, max = 742.7287383, average = 396.7286186


################################################################################

Time = 98

Outer Loop Iteration = 98
smoothSolver:  Solving for Ux, Initial residual = 0.001895951864, Final residual = 3.250420351e-05, No Iterations 2
smoothSolver:  Solving for Uz, Initial residual = 0.001660581417, Final residual = 4.491546122e-05, No Iterations 2
GAMG:  Solving for p, Initial residual = 0.001520455774, Final residual = 1.153678097e-05, No Iterations 3
GAMG:  Solving for p, Initial residual = 0.0001728240159, Final residual = 1.148745222e-06, No Iterations 3
GAMG:  Solving for p, Initial residual = 2.900442603e-05, Final residual = 1.257474888e-07, No Iterations 3
time step continuity errors (region0): sum local = 1.036991828e-08, global = 3.0049686e-09, cumulative = 1.652184769e-08
smoothSolver:  Solving for omega, Initial residual = 9.74553427e-05, Final residual = 7.508659079e-06, No Iterations 1
smoothSolver:  Solving for k, Initial residual = 0.004576362651, Final residual = 0.0002044265442, No Iterations 1

ExecutionTime = 1.14 s  ExecutionStepTime = 0.01 s  ClockTime = 1 s

forces FR write:
    Sum of forces
        Total    : ( 0.6245897774 0 -7.931627975 )
        Pressure : ( 0.581194226 0 -7.932641161 )
        Viscous  : ( 0.04339555145 0 0.001013186611 )
    Sum of moments
        Total    : ( -3.847993671 1.363052082 -0.3030169239 )
        Pressure : ( -3.848485214 1.365358932 -0.2819637671 )
        Viscous  : ( 0.0004915429313 -0.002306849664 -0.02105315679 )


liftDrag LD execute:
Viscous drag: 0.003603692625, pressure drag: 0.04826405647, porous drag: 0
Viscous lift: 8.413795871e-05, pressure lift: -0.6587495606, porous lift: 0
Total lift: -0.6586654226, Front lift: -0.2161409077, Rear lift: -0.4425245149, Drag: 0.05186774909
Location of Center of Mass: ( 0.1583410946 0.4851455065 -0.0177077476 )
Location of Center Of Pressure: ( 0.1731528079 0.4851455065 -0.0165413736 )


yPlus yPlus execute:
    patch Bottom y+ : min = 1.46893923, max = 433.3815635, average = 225.6739358
    patch Top y+ : min = 64.25375469, max = 455.4628719, average = 256.0163795
    patch e423_0 y+ : min = 143.3734043, max = 742.7200636, average = 396.7704176


################################################################################

Time = 99

Outer Loop Iteration = 99
smoothSolver:  Solving for Ux, Initial residual = 0.001827036928, Final residual = 3.152289079e-05, No Iterations 2
smoothSolver:  Solving for Uz, Initial residual = 0.001614245629, Final residual = 4.305497727e-05, No Iterations 2
GAMG:  Solving for p, Initial residual = 0.00144486787, Final residual = 1.062219305e-05, No Iterations 3
GAMG:  Solving for p, Initial residual = 0.0001759667938, Final residual = 9.033265697e-07, No Iterations 3
GAMG:  Solving for p, Initial residual = 3.041671448e-05, Final residual = 1.260512493e-07, No Iterations 3
time step continuity errors (region0): sum local = 1.040124224e-08, global = -1.466799503e-09, cumulative = 1.505504819e-08
smoothSolver:  Solving for omega, Initial residual = 9.26918553e-05, Final residual = 7.022813347e-06, No Iterations 1
smoothSolver:  Solving for k, Initial residual = 0.004399019124, Final residual = 0.0001900890709, No Iterations 1

ExecutionTime = 1.24 s  ExecutionStepTime = 0.1 s  ClockTime = 1 s

forces FR write:
    Sum of forces
        Total    : ( 0.6248287187 0 -7.934345655 )
        Pressure : ( 0.5814256879 0 -7.935361294 )
        Viscous  : ( 0.04340303086 0 0.00101563814 )
    Sum of moments
        Total    : ( -3.849312141 1.363566229 -0.3031328452 )
        Pressure : ( -3.849804874 1.365874036 -0.2820760598 )
        Viscous  : ( 0.0004927322796 -0.002307807211 -0.02105678539 )


liftDrag LD execute:
Viscous drag: 0.003604313736, pressure drag: 0.04828327774, porous drag: 0
Viscous lift: 8.43415408e-05, pressure lift: -0.6589754483, porous lift: 0
Total lift: -0.6588911067, Front lift: -0.2162110535, Rear lift: -0.4426800532, Drag: 0.05188759148
Location of Center of Mass: ( 0.1583410946 0.4851455065 -0.0177077476 )
Location of Center Of Pressure: ( 0.1731587571 0.4851455065 -0.01654085855 )


yPlus yPlus execute:
    patch Bottom y+ : min = 1.473699807, max = 434.8667835, average = 226.3220099
    patch Top y+ : min = 64.10858009, max = 455.5160334, average = 256.5697216
    patch e423_0 y+ : min = 143.435925, max = 742.7202664, average = 396.8108289


################################################################################

Time = 100

Outer Loop Iteration = 100
smoothSolver:  Solving for Ux, Initial residual = 0.001768284107, Final residual = 3.051293e-05, No Iterations 2
smoothSolver:  Solving for Uz, Initial residual = 0.001580628236, Final residual = 4.115138274e-05, No Iterations 2
GAMG:  Solving for p, Initial residual = 0.001347057811, Final residual = 1.00149391e-05, No Iterations 3
GAMG:  Solving for p, Initial residual = 0.0001540515636, Final residual = 8.79335395e-07, No Iterations 3
GAMG:  Solving for p, Initial residual = 2.462637158e-05, Final residual = 1.134462745e-07, No Iterations 3
time step continuity errors (region0): sum local = 9.365920237e-09, global = 9.59744894e-10, cumulative = 1.601479308e-08
smoothSolver:  Solving for omega, Initial residual = 8.832781359e-05, Final residual = 6.559983553e-06, No Iterations 1
smoothSolver:  Solving for k, Initial residual = 0.004221889977, Final residual = 0.0001765651022, No Iterations 1

ExecutionTime = 1.26 s  ExecutionStepTime = 0.02 s  ClockTime = 1 s

forces FR write:
    Sum of forces
        Total    : ( 0.6250259915 0 -7.937217421 )
        Pressure : ( 0.5816156658 0 -7.938235055 )
        Viscous  : ( 0.04341032563 0 0.001017634668 )
    Sum of moments
        Total    : ( -3.850705365 1.364092862 -0.3032285512 )
        Pressure : ( -3.851199066 1.366401559 -0.2821682268 )
        Viscous  : ( 0.0004937008863 -0.002308697383 -0.02106032441 )


liftDrag LD execute:
Viscous drag: 0.003604919516, pressure drag: 0.04829905406, porous drag: 0
Viscous lift: 8.45073383e-05, pressure lift: -0.6592140938, porous lift: 0
Total lift: -0.6591295864, Front lift: -0.2162865603, Rear lift: -0.4428430261, Drag: 0.05190397358
Location of Center of Mass: ( 0.1583410946 0.4851455065 -0.0177077476 )
Location of Center Of Pressure: ( 0.1731628463 0.4851455065 -0.01654059045 )


yPlus yPlus execute:
    patch Bottom y+ : min = 1.47862598, max = 435.8566199, average = 226.9005714
    patch Top y+ : min = 63.96922617, max = 455.6850283, average = 257.1260725
    patch e423_0 y+ : min = 143.5104603, max = 742.7294107, average = 396.8497025


################################################################################

Time = 101

Outer Loop Iteration = 101
smoothSolver:  Solving for Ux, Initial residual = 0.001711384469, Final residual = 2.954412684e-05, No Iterations 2
smoothSolver:  Solving for Uz, Initial residual = 0.001529466389, Final residual = 3.921427547e-05, No Iterations 2
GAMG:  Solving for p, Initial residual = 0.001323873638, Final residual = 9.791876586e-06, No Iterations 3
GAMG:  Solving for p, Initial residual = 0.0001686950316, Final residual = 8.480387358e-07, No Iterations 3
GAMG:  Solving for p, Initial residual = 2.767189673e-05, Final residual = 1.02987874e-07, No Iterations 3
time step continuity errors (region0): sum local = 8.506780372e-09, global = 1.307993408e-09, cumulative = 1.732278649e-08
smoothSolver:  Solving for omega, Initial residual = 8.424796789e-05, Final residual = 6.121072002e-06, No Iterations 1
smoothSolver:  Solving for k, Initial residual = 0.004045598059, Final residual = 0.0001638513788, No Iterations 1

ExecutionTime = 1.27 s  ExecutionStepTime = 0.01 s  ClockTime = 1 s

forces FR write:
    Sum of forces
        Total    : ( 0.6251842645 0 -7.940222981 )
        Pressure : ( 0.5817668368 0 -7.941242167 )
        Viscous  : ( 0.04341742771 0 0.001019185941 )
    Sum of moments
        Total    : ( -3.8521635 1.364629356 -0.3033053366 )
        Pressure : ( -3.852657953 1.366938876 -0.2822415667 )
        Viscous  : ( 0.0004944534797 -0.002309520464 -0.02106376996 )


liftDrag LD execute:
Viscous drag: 0.003605509293, pressure drag: 0.04831160774, porous drag: 0
Viscous lift: 8.463616057e-05, pressure lift: -0.6594638131, porous lift: 0
Total lift: -0.6593791769, Front lift: -0.2163668035, Rear lift: -0.4430123734, Drag: 0.05191711703
Location of Center of Mass: ( 0.1583410946 0.4851455065 -0.0177077476 )
Location of Center Of Pressure: ( 0.1731651934 0.4851455065 -0.016540552 )


yPlus yPlus execute:
    patch Bottom y+ : min = 1.483557718, max = 436.7423561, average = 227.4526432
    patch Top y+ : min = 63.83081079, max = 455.9443495, average = 257.6719755
    patch e423_0 y+ : min = 143.5958024, max = 742.7475151, average = 396.8868688


################################################################################

Time = 102

Outer Loop Iteration = 102
smoothSolver:  Solving for Ux, Initial residual = 0.001651935621, Final residual = 2.847799552e-05, No Iterations 2
smoothSolver:  Solving for Uz, Initial residual = 0.001462703404, Final residual = 3.724006002e-05, No Iterations 2
GAMG:  Solving for p, Initial residual = 0.001293920298, Final residual = 9.579360657e-06, No Iterations 3
GAMG:  Solving for p, Initial residual = 0.000150473766, Final residual = 7.754024133e-07, No Iterations 3
GAMG:  Solving for p, Initial residual = 2.675301273e-05, Final residual = 9.76662375e-08, No Iterations 3
time step continuity errors (region0): sum local = 8.07055867e-09, global = 1.061755345e-09, cumulative = 1.838454183e-08
smoothSolver:  Solving for omega, Initial residual = 8.044431076e-05, Final residual = 5.695907794e-06, No Iterations 1
smoothSolver:  Solving for k, Initial residual = 0.003870602905, Final residual = 0.0001519324457, No Iterations 1

ExecutionTime = 1.28 s  ExecutionStepTime = 0.01 s  ClockTime = 1 s

forces FR write:
    Sum of forces
        Total    : ( 0.6253049926 0 -7.943346443 )
        Pressure : ( 0.5818806638 0 -7.944366748 )
        Viscous  : ( 0.0434243288 0 0.001020305065 )
    Sum of moments
        Total    : ( -3.853678833 1.365173578 -0.3033639073 )
        Pressure : ( -3.85417383 1.367483855 -0.2822967893 )
        Viscous  : ( 0.0004949964173 -0.002310277325 -0.02106711799 )


liftDrag LD execute:
Viscous drag: 0.003606082379, pressure drag: 0.04832106026, porous drag: 0
Viscous lift: 8.47290958e-05, pressure lift: -0.6597232874, porous lift: 0
Total lift: -0.6596385583, Front lift: -0.2164513004, Rear lift: -0.4431872579, Drag: 0.05192714264
Location of Center of Mass: ( 0.1583410946 0.4851455065 -0.0177077476 )
Location of Center Of Pressure: ( 0.1731658804 0.4851455065 -0.01654073158 )


yPlus yPlus execute:
    patch Bottom y+ : min = 1.488472671, max = 437.6455515, average = 227.9924737
    patch Top y+ : min = 63.69325093, max = 456.2628839, average = 258.2081431
    patch e423_0 y+ : min = 143.6909961, max = 742.7744552, average = 396.9222036


################################################################################

Time = 103

Outer Loop Iteration = 103
smoothSolver:  Solving for Ux, Initial residual = 0.001596093882, Final residual = 2.730206679e-05, No Iterations 2
smoothSolver:  Solving for Uz, Initial residual = 0.001411635441, Final residual = 3.521351302e-05, No Iterations 2
GAMG:  Solving for p, Initial residual = 0.001298766494, Final residual = 9.347897309e-06, No Iterations 3
GAMG:  Solving for p, Initial residual = 0.0001307424784, Final residual = 7.546898418e-07, No Iterations 3
GAMG:  Solving for p, Initial residual = 2.1227664e-05, Final residual = 9.051907889e-08, No Iterations 3
time step continuity errors (region0): sum local = 7.482038173e-09, global = 5.124689432e-10, cumulative = 1.889701078e-08
smoothSolver:  Solving for omega, Initial residual = 7.685800319e-05, Final residual = 5.297477038e-06, No Iterations 1
smoothSolver:  Solving for k, Initial residual = 0.0036972295, Final residual = 0.0001407768296, No Iterations 1

ExecutionTime = 1.29 s  ExecutionStepTime = 0.01 s  ClockTime = 1 s

forces FR write:
    Sum of forces
        Total    : ( 0.6253891018 0 -7.946565834 )
        Pressure : ( 0.5819580819 0 -7.947586843 )
        Viscous  : ( 0.04343101989 0 0.001021008579 )
    Sum of moments
        Total    : ( -3.855240706 1.365722067 -0.3034047125 )
        Pressure : ( -3.855736044 1.368033036 -0.2823343484 )
        Viscous  : ( 0.0004953377243 -0.002310969219 -0.02107036414 )


liftDrag LD execute:
Viscous drag: 0.003606638027, pressure drag: 0.04832748928, porous drag: 0
Viscous lift: 8.478751772e-05, pressure lift: -0.6599906934, porous lift: 0
Total lift: -0.6599059059, Front lift: -0.216539426, Rear lift: -0.4433664798, Drag: 0.05193412731
Location of Center of Mass: ( 0.1583410946 0.4851455065 -0.0177077476 )
Location of Center Of Pressure: ( 0.1731649536 0.4851455065 -0.0165411204 )


yPlus yPlus execute:
    patch Bottom y+ : min = 1.49345817, max = 438.4710535, average = 228.50895
    patch Top y+ : min = 63.55750352, max = 456.7690576, average = 258.7444772
    patch e423_0 y+ : min = 143.794992, max = 742.8099414, average = 396.955601


################################################################################

Time = 104

Outer Loop Iteration = 104
smoothSolver:  Solving for Ux, Initial residual = 0.001542297649, Final residual = 2.61770768e-05, No Iterations 2
smoothSolver:  Solving for Uz, Initial residual = 0.001357379819, Final residual = 3.317055556e-05, No Iterations 2
GAMG:  Solving for p, Initial residual = 0.001287267091, Final residual = 9.054262631e-06, No Iterations 3
GAMG:  Solving for p, Initial residual = 0.000142623435, Final residual = 7.479771179e-07, No Iterations 3
GAMG:  Solving for p, Initial residual = 2.773601499e-05, Final residual = 1.051713233e-07, No Iterations 3
time step continuity errors (region0): sum local = 8.693770869e-09, global = 2.02686394e-09, cumulative = 2.092387471e-08
smoothSolver:  Solving for omega, Initial residual = 7.337940962e-05, Final residual = 4.929576182e-06, No Iterations 1
smoothSolver:  Solving for k, Initial residual = 0.003526173642, Final residual = 0.0001303671037, No Iterations 1

ExecutionTime = 1.3 s  ExecutionStepTime = 0.01 s  ClockTime = 1 s

forces FR write:
    Sum of forces
        Total    : ( 0.6254380385 0 -7.949857113 )
        Pressure : ( 0.58200054 0 -7.950878427 )
        Viscous  : ( 0.04343749859 0 0.001021313691 )
    Sum of moments
        Total    : ( -3.856837455 1.366271089 -0.303428454 )
        Pressure : ( -3.857332941 1.368582687 -0.2823549467 )
        Viscous  : ( 0.0004954857481 -0.002311597984 -0.02107350725 )


liftDrag LD execute:
Viscous drag: 0.003607176037, pressure drag: 0.04833101512, porous drag: 0
Viscous lift: 8.48128551e-05, pressure lift: -0.6602640361, porous lift: 0
Total lift: -0.6601792232, Front lift: -0.2166304924, Rear lift: -0.4435487308, Drag: 0.05193819116
Location of Center of Mass: ( 0.1583410946 0.4851455065 -0.0177077476 )
Location of Center Of Pressure: ( 0.173162471 0.4851455065 -0.01654170745 )


yPlus yPlus execute:
    patch Bottom y+ : min = 1.498514441, max = 439.269911, average = 229.0013449
    patch Top y+ : min = 63.42502169, max = 457.3264072, average = 259.2640591
    patch e423_0 y+ : min = 143.9065936, max = 742.8535609, average = 396.9870063


################################################################################

Time = 105

Outer Loop Iteration = 105
smoothSolver:  Solving for Ux, Initial residual = 0.001493791317, Final residual = 2.513505267e-05, No Iterations 2
smoothSolver:  Solving for Uz, Initial residual = 0.001297587978, Final residual = 3.111444337e-05, No Iterations 2
GAMG:  Solving for p, Initial residual = 0.001220676676, Final residual = 8.894847062e-06, No Iterations 3
GAMG:  Solving for p, Initial residual = 0.0001252787591, Final residual = 7.309500594e-07, No Iterations 3
GAMG:  Solving for p, Initial residual = 2.027618107e-05, Final residual = 9.146945404e-08, No Iterations 3
time step continuity errors (region0): sum local = 7.560813346e-09, global = 8.575072905e-10, cumulative = 2.178138201e-08
smoothSolver:  Solving for omega, Initial residual = 7.003346014e-05, Final residual = 4.577470563e-06, No Iterations 1
smoothSolver:  Solving for k, Initial residual = 0.003357811702, Final residual = 0.0001206685313, No Iterations 1

ExecutionTime = 1.32 s  ExecutionStepTime = 0.02 s  ClockTime = 1 s

forces FR write:
    Sum of forces
        Total    : ( 0.6254536397 0 -7.953197316 )
        Pressure : ( 0.5820098882 0 -7.954218565 )
        Viscous  : ( 0.04344375143 0 0.001021248758 )
    Sum of moments
        Total    : ( -3.85845794 1.366817329 -0.3034360228 )
        Pressure : ( -3.858953394 1.369129495 -0.282359482 )
        Viscous  : ( 0.0004954542461 -0.00231216567 -0.02107654079 )


liftDrag LD execute:
Viscous drag: 0.003607695291, pressure drag: 0.04833179143, porous drag: 0
Viscous lift: 8.480746288e-05, pressure lift: -0.6605414109, porous lift: 0
Total lift: -0.6604566034, Front lift: -0.2167238211, Rear lift: -0.4437327823, Drag: 0.05193948672
Location of Center of Mass: ( 0.1583410946 0.4851455065 -0.0177077476 )
Location of Center Of Pressure: ( 0.1731585207 0.4851455065 -0.01654247875 )


yPlus yPlus execute:
    patch Bottom y+ : min = 1.503563811, max = 440.0037486, average = 229.4643537
    patch Top y+ : min = 63.30006882, max = 457.7957433, average = 259.7498364
    patch e423_0 y+ : min = 144.0245178, max = 742.9047995, average = 397.0163389


################################################################################

Time = 106

Outer Loop Iteration = 106
smoothSolver:  Solving for Ux, Initial residual = 0.001445049123, Final residual = 2.424654565e-05, No Iterations 2
smoothSolver:  Solving for Uz, Initial residual = 0.001245515031, Final residual = 2.905621088e-05, No Iterations 2
GAMG:  Solving for p, Initial residual = 0.001208622801, Final residual = 8.728880469e-06, No Iterations 3
GAMG:  Solving for p, Initial residual = 0.0001084648166, Final residual = 6.912765616e-07, No Iterations 3
GAMG:  Solving for p, Initial residual = 1.793703887e-05, Final residual = 8.461070504e-08, No Iterations 3
time step continuity errors (region0): sum local = 6.993595479e-09, global = 3.313383597e-10, cumulative = 2.211272037e-08
smoothSolver:  Solving for omega, Initial residual = 6.681562099e-05, Final residual = 4.258956172e-06, No Iterations 1
smoothSolver:  Solving for k, Initial residual = 0.003192282346, Final residual = 0.0001116431249, No Iterations 1

ExecutionTime = 1.33 s  ExecutionStepTime = 0.01 s  ClockTime = 1 s

forces FR write:
    Sum of forces
        Total    : ( 0.6254395216 0 -7.956567484 )
        Pressure : ( 0.5819897436 0 -7.957588325 )
        Viscous  : ( 0.04344977799 0 0.001020841105 )
    Sum of moments
        Total    : ( -3.860092962 1.367358589 -0.3034291735 )
        Pressure : ( -3.860588218 1.369671264 -0.2823497089 )
        Viscous  : ( 0.0004952564748 -0.002312675234 -0.02107946455 )


liftDrag LD execute:
Viscous drag: 0.003608195754, pressure drag: 0.04833011857, porous drag: 0
Viscous lift: 8.477361014e-05, pressure lift: -0.6608212455, porous lift: 0
Total lift: -0.6607364719, Front lift: -0.2168188076, Rear lift: -0.4439176644, Drag: 0.05193831432
Location of Center of Mass: ( 0.1583410946 0.4851455065 -0.0177077476 )
Location of Center Of Pressure: ( 0.1731532468 0.4851455065 -0.01654341318 )


yPlus yPlus execute:
    patch Bottom y+ : min = 1.508467205, max = 440.594494, average = 229.8954328
    patch Top y+ : min = 63.16330944, max = 458.1621724, average = 260.1998371
    patch e423_0 y+ : min = 144.1474875, max = 742.9630819, average = 397.0435972


################################################################################

Time = 107

Outer Loop Iteration = 107
smoothSolver:  Solving for Ux, Initial residual = 0.001392180363, Final residual = 2.328804341e-05, No Iterations 2
smoothSolver:  Solving for Uz, Initial residual = 0.001194920631, Final residual = 2.709644996e-05, No Iterations 2
GAMG:  Solving for p, Initial residual = 0.001195051362, Final residual = 8.427173661e-06, No Iterations 3
GAMG:  Solving for p, Initial residual = 0.0001002567376, Final residual = 6.652109055e-07, No Iterations 3
GAMG:  Solving for p, Initial residual = 1.690136761e-05, Final residual = 7.486056242e-08, No Iterations 3
time step continuity errors (region0): sum local = 6.186921678e-09, global = 3.616549967e-10, cumulative = 2.247437536e-08
smoothSolver:  Solving for omega, Initial residual = 6.366651817e-05, Final residual = 3.97050722e-06, No Iterations 1
smoothSolver:  Solving for k, Initial residual = 0.003030022959, Final residual = 0.0001032583159, No Iterations 1

ExecutionTime = 1.34 s  ExecutionStepTime = 0.01 s  ClockTime = 1 s

forces FR write:
    Sum of forces
        Total    : ( 0.6253958059 0 -7.959945152 )
        Pressure : ( 0.5819402369 0 -7.960965269 )
        Viscous  : ( 0.04345556901 0 0.001020117483 )
    Sum of moments
        Total    : ( -3.861731622 1.367891269 -0.303407965 )
        Pressure : ( -3.862226527 1.370204398 -0.282325691 )
        Viscous  : ( 0.0004949054131 -0.002313129084 -0.02108227404 )


liftDrag LD execute:
Viscous drag: 0.003608676658, pressure drag: 0.04832600738, porous drag: 0
Viscous lift: 8.471351851e-05, pressure lift: -0.6611016767, porous lift: 0
Total lift: -0.6610169632, Front lift: -0.2169148179, Rear lift: -0.4441021453, Drag: 0.05193468404
Location of Center of Mass: ( 0.1583410946 0.4851455065 -0.0177077476 )
Location of Center Of Pressure: ( 0.1731466871 0.4851455065 -0.01654450398 )


yPlus yPlus execute:
    patch Bottom y+ : min = 1.513162012, max = 441.015495, average = 230.300351
    patch Top y+ : min = 63.03461417, max = 458.4680364, average = 260.6280557
    patch e423_0 y+ : min = 144.274313, max = 743.0277511, average = 397.0687389


################################################################################

Time = 108

Outer Loop Iteration = 108
smoothSolver:  Solving for Ux, Initial residual = 0.001341056152, Final residual = 2.250198633e-05, No Iterations 2
smoothSolver:  Solving for Uz, Initial residual = 0.001145888955, Final residual = 2.520594848e-05, No Iterations 2
GAMG:  Solving for p, Initial residual = 0.001170946216, Final residual = 8.141917625e-06, No Iterations 3
GAMG:  Solving for p, Initial residual = 0.0001042785607, Final residual = 6.586989897e-07, No Iterations 3
GAMG:  Solving for p, Initial residual = 1.796828691e-05, Final residual = 7.876162889e-08, No Iterations 3
time step continuity errors (region0): sum local = 6.508139921e-09, global = 5.636464665e-10, cumulative = 2.303802183e-08
smoothSolver:  Solving for omega, Initial residual = 6.065228545e-05, Final residual = 3.695170176e-06, No Iterations 1
smoothSolver:  Solving for k, Initial residual = 0.002871793861, Final residual = 9.549391612e-05, No Iterations 1

ExecutionTime = 1.35 s  ExecutionStepTime = 0.01 s  ClockTime = 1 s

forces FR write:
    Sum of forces
        Total    : ( 0.6253253865 0 -7.963310502 )
        Pressure : ( 0.5818642636 0 -7.96432961 )
        Viscous  : ( 0.0434611229 0 0.001019107621 )
    Sum of moments
        Total    : ( -3.863364307 1.368412892 -0.3033738013 )
        Pressure : ( -3.863858722 1.370726422 -0.2822888328 )
        Viscous  : ( 0.000494415483 -0.002313530538 -0.02108496848 )


liftDrag LD execute:
Viscous drag: 0.003609137868, pressure drag: 0.04831969834, porous drag: 0
Viscous lift: 8.462965662e-05, pressure lift: -0.6613810614, porous lift: 0
Total lift: -0.6612964317, Front lift: -0.2170112351, Rear lift: -0.4442851966, Drag: 0.05192883621
Location of Center of Mass: ( 0.1583410946 0.4851455065 -0.0177077476 )
Location of Center Of Pressure: ( 0.1731389675 0.4851455065 -0.01654573269 )


yPlus yPlus execute:
    patch Bottom y+ : min = 1.517742014, max = 441.3264627, average = 230.6770063
    patch Top y+ : min = 62.90337997, max = 458.8051187, average = 261.0374674
    patch e423_0 y+ : min = 144.4039593, max = 743.0981545, average = 397.0917851


################################################################################

Time = 109

Outer Loop Iteration = 109
smoothSolver:  Solving for Ux, Initial residual = 0.001291616286, Final residual = 2.175952084e-05, No Iterations 2
smoothSolver:  Solving for Uz, Initial residual = 0.001099893103, Final residual = 2.331013239e-05, No Iterations 2
GAMG:  Solving for p, Initial residual = 0.001144345307, Final residual = 7.836690697e-06, No Iterations 3
GAMG:  Solving for p, Initial residual = 0.0001082293825, Final residual = 6.27530943e-07, No Iterations 3
GAMG:  Solving for p, Initial residual = 1.942620565e-05, Final residual = 7.997728511e-08, No Iterations 3
time step continuity errors (region0): sum local = 6.607654843e-09, global = 4.770418217e-10, cumulative = 2.351506365e-08
smoothSolver:  Solving for omega, Initial residual = 5.778112067e-05, Final residual = 3.437321938e-06, No Iterations 1
smoothSolver:  Solving for k, Initial residual = 0.002717738897, Final residual = 8.830313533e-05, No Iterations 1

ExecutionTime = 1.36 s  ExecutionStepTime = 0.01 s  ClockTime = 1 s

forces FR write:
    Sum of forces
        Total    : ( 0.6252225362 0 -7.966646099 )
        Pressure : ( 0.5817561103 0 -7.967663945 )
        Viscous  : ( 0.0434664259 0 0.001017846659 )
    Sum of moments
        Total    : ( -3.864982556 1.368920215 -0.303323904 )
        Pressure : ( -3.86547636 1.371234098 -0.2822363628 )
        Viscous  : ( 0.0004938037329 -0.002313883003 -0.02108754121 )


liftDrag LD execute:
Viscous drag: 0.003609578245, pressure drag: 0.04831071698, porous drag: 0
Viscous lift: 8.452494267e-05, pressure lift: -0.6616579543, porous lift: 0
Total lift: -0.6615734293, Front lift: -0.2171076043, Rear lift: -0.444465825, Drag: 0.05192029522
Location of Center of Mass: ( 0.1583410946 0.4851455065 -0.0177077476 )
Location of Center Of Pressure: ( 0.1731300505 0.4851455065 -0.01654711007 )


yPlus yPlus execute:
    patch Bottom y+ : min = 1.522253753, max = 441.6501824, average = 231.032369
    patch Top y+ : min = 62.79837793, max = 459.1622678, average = 261.4300535
    patch e423_0 y+ : min = 144.5370558, max = 743.173567, average = 397.1127269


################################################################################

Time = 110

Outer Loop Iteration = 110
smoothSolver:  Solving for Ux, Initial residual = 0.001240974413, Final residual = 2.106647998e-05, No Iterations 2
smoothSolver:  Solving for Uz, Initial residual = 0.001054378495, Final residual = 2.162180894e-05, No Iterations 2
GAMG:  Solving for p, Initial residual = 0.001118806275, Final residual = 7.52010044e-06, No Iterations 3
GAMG:  Solving for p, Initial residual = 0.0001110036634, Final residual = 6.239479446e-07, No Iterations 3
GAMG:  Solving for p, Initial residual = 2.071919191e-05, Final residual = 8.70000843e-08, No Iterations 3
time step continuity errors (region0): sum local = 7.186637602e-09, global = 4.653275788e-10, cumulative = 2.398039123e-08
smoothSolver:  Solving for omega, Initial residual = 5.491304517e-05, Final residual = 3.230692022e-06, No Iterations 1
smoothSolver:  Solving for k, Initial residual = 0.002567640212, Final residual = 8.163929187e-05, No Iterations 1

ExecutionTime = 1.37 s  ExecutionStepTime = 0.01 s  ClockTime = 1 s

forces FR write:
    Sum of forces
        Total    : ( 0.625102058 0 -7.969929233 )
        Pressure : ( 0.5816305214 0 -7.970945576 )
        Viscous  : ( 0.04347153665 0 0.001016342782 )
    Sum of moments
        Total    : ( -3.866575354 1.369412202 -0.3032654545 )
        Pressure : ( -3.867068428 1.371726393 -0.2821754339 )
        Viscous  : ( 0.0004930741339 -0.002314191225 -0.02109002066 )


liftDrag LD execute:
Viscous drag: 0.003610002656, pressure drag: 0.04830028771, porous drag: 0
Viscous lift: 8.440005638e-05, pressure lift: -0.6619304704, porous lift: 0
Total lift: -0.6618460703, Front lift: -0.2172030688, Rear lift: -0.4446430016, Drag: 0.05191029036
Location of Center of Mass: ( 0.1583410946 0.4851455065 -0.0177077476 )
Location of Center Of Pressure: ( 0.1731203264 0.4851455065 -0.01654857443 )


yPlus yPlus execute:
    patch Bottom y+ : min = 1.52665543, max = 442.086696, average = 231.3812172
    patch Top y+ : min = 62.69279377, max = 459.5615184, average = 261.8100138
    patch e423_0 y+ : min = 144.6700815, max = 743.2543477, average = 397.1318297


################################################################################

Time = 111

Outer Loop Iteration = 111
smoothSolver:  Solving for Ux, Initial residual = 0.001190395935, Final residual = 2.036020275e-05, No Iterations 2
smoothSolver:  Solving for Uz, Initial residual = 0.001009595763, Final residual = 2.001403517e-05, No Iterations 2
GAMG:  Solving for p, Initial residual = 0.001101611345, Final residual = 7.157277127e-06, No Iterations 3
GAMG:  Solving for p, Initial residual = 0.000109409383, Final residual = 5.889036033e-07, No Iterations 3
GAMG:  Solving for p, Initial residual = 2.050415781e-05, Final residual = 7.49157408e-08, No Iterations 3
time step continuity errors (region0): sum local = 6.187302809e-09, global = 7.743127125e-10, cumulative = 2.475470394e-08
smoothSolver:  Solving for omega, Initial residual = 5.209114612e-05, Final residual = 3.035811703e-06, No Iterations 1
smoothSolver:  Solving for k, Initial residual = 0.002421709537, Final residual = 7.546403777e-05, No Iterations 1

ExecutionTime = 1.38 s  ExecutionStepTime = 0.01 s  ClockTime = 1 s

forces FR write:
    Sum of forces
        Total    : ( 0.6249645897 0 -7.973154741 )
        Pressure : ( 0.5814881574 0 -7.974169388 )
        Viscous  : ( 0.04347643226 0 0.001014646238 )
    Sum of moments
        Total    : ( -3.868140195 1.369887858 -0.3031987624 )
        Pressure : ( -3.868632446 1.372202316 -0.2821063666 )
        Viscous  : ( 0.000492251063 -0.00231445883 -0.02109239575 )


liftDrag LD execute:
Viscous drag: 0.003610409202, pressure drag: 0.04828846539, porous drag: 0
Viscous lift: 8.425917041e-05, pressure lift: -0.6621981851, porous lift: 0
Total lift: -0.6621139259, Front lift: -0.2172974967, Rear lift: -0.4448164292, Drag: 0.05189887459
Location of Center of Mass: ( 0.1583410946 0.4851455065 -0.0177077476 )
Location of Center Of Pressure: ( 0.1731097845 0.4851455065 -0.01655012449 )


yPlus yPlus execute:
    patch Bottom y+ : min = 1.530951252, max = 442.6057869, average = 231.7248262
    patch Top y+ : min = 62.58530089, max = 460.0196938, average = 262.1833898
    patch e423_0 y+ : min = 144.8022711, max = 743.3388382, average = 397.1490739


################################################################################

Time = 112

Outer Loop Iteration = 112
smoothSolver:  Solving for Ux, Initial residual = 0.001140199083, Final residual = 1.964587936e-05, No Iterations 2
smoothSolver:  Solving for Uz, Initial residual = 0.0009638908899, Final residual = 1.854106846e-05, No Iterations 2
GAMG:  Solving for p, Initial residual = 0.001081523746, Final residual = 6.783249063e-06, No Iterations 3
GAMG:  Solving for p, Initial residual = 0.0001092403222, Final residual = 5.674933968e-07, No Iterations 3
GAMG:  Solving for p, Initial residual = 2.019703924e-05, Final residual = 7.272332803e-08, No Iterations 3
time step continuity errors (region0): sum local = 6.005032675e-09, global = 7.535907134e-10, cumulative = 2.550829465e-08
smoothSolver:  Solving for omega, Initial residual = 4.93490053e-05, Final residual = 2.873957228e-06, No Iterations 1
smoothSolver:  Solving for k, Initial residual = 0.002280350141, Final residual = 6.975325573e-05, No Iterations 1

ExecutionTime = 1.39 s  ExecutionStepTime = 0.01 s  ClockTime = 1 s

forces FR write:
    Sum of forces
        Total    : ( 0.6248105915 0 -7.976303386 )
        Pressure : ( 0.5813294794 0 -7.977316173 )
        Viscous  : ( 0.04348111207 0 0.001012787671 )
    Sum of moments
        Total    : ( -3.869667746 1.370344614 -0.3031240508 )
        Pressure : ( -3.870159095 1.372659303 -0.2820293847 )
        Viscous  : ( 0.0004913493878 -0.002314689724 -0.02109466613 )


liftDrag LD execute:
Viscous drag: 0.003610797827, pressure drag: 0.04827528831, porous drag: 0
Viscous lift: 8.410482964e-05, pressure lift: -0.6624595033, porous lift: 0
Total lift: -0.6623753985, Front lift: -0.2173903027, Rear lift: -0.4449850958, Drag: 0.05188608614
Location of Center of Mass: ( 0.1583410946 0.4851455065 -0.0177077476 )
Location of Center Of Pressure: ( 0.1730985213 0.4851455065 -0.01655174888 )


yPlus yPlus execute:
    patch Bottom y+ : min = 1.535146443, max = 443.2856945, average = 232.0601858
    patch Top y+ : min = 62.47989752, max = 460.5284407, average = 262.5517963
    patch e423_0 y+ : min = 144.9333144, max = 743.4263174, average = 397.1645394


################################################################################

Time = 113

Outer Loop Iteration = 113
smoothSolver:  Solving for Ux, Initial residual = 0.001090719168, Final residual = 1.895122232e-05, No Iterations 2
smoothSolver:  Solving for Uz, Initial residual = 0.0009184226019, Final residual = 1.722150896e-05, No Iterations 2
GAMG:  Solving for p, Initial residual = 0.00105497186, Final residual = 6.467378542e-06, No Iterations 3
GAMG:  Solving for p, Initial residual = 0.0001076760565, Final residual = 5.380119724e-07, No Iterations 3
GAMG:  Solving for p, Initial residual = 1.984759173e-05, Final residual = 1.883688007e-07, No Iterations 2
time step continuity errors (region0): sum local = 1.555101061e-08, global = 2.615001616e-09, cumulative = 2.812329627e-08
smoothSolver:  Solving for omega, Initial residual = 4.664096207e-05, Final residual = 2.718259307e-06, No Iterations 1
smoothSolver:  Solving for k, Initial residual = 0.00214398994, Final residual = 6.447819962e-05, No Iterations 1

ExecutionTime = 1.4 s  ExecutionStepTime = 0.01 s  ClockTime = 1 s

forces FR write:
    Sum of forces
        Total    : ( 0.624642727 0 -7.979377556 )
        Pressure : ( 0.5811571472 0 -7.980388354 )
        Viscous  : ( 0.04348557982 0 0.001010797584 )
    Sum of moments
        Total    : ( -3.871159166 1.370784022 -0.3030426121 )
        Pressure : ( -3.87164955 1.37309891 -0.2819457785 )
        Viscous  : ( 0.0004903839059 -0.002314887864 -0.02109683365 )


liftDrag LD execute:
Viscous drag: 0.003611168842, pressure drag: 0.04826097734, porous drag: 0
Viscous lift: 8.393956701e-05, pressure lift: -0.6627146261, porous lift: 0
Total lift: -0.6626306865, Front lift: -0.217481457, Rear lift: -0.4451492296, Drag: 0.05187214618
Location of Center of Mass: ( 0.1583410946 0.4851455065 -0.0177077476 )
Location of Center Of Pressure: ( 0.1730866841 0.4851455065 -0.01655343135 )


yPlus yPlus execute:
    patch Bottom y+ : min = 1.539180428, max = 444.1706097, average = 232.3867438
    patch Top y+ : min = 62.37784427, max = 461.0777493, average = 262.9123988
    patch e423_0 y+ : min = 145.062718, max = 743.5161384, average = 397.1782722


################################################################################

Time = 114

Outer Loop Iteration = 114
smoothSolver:  Solving for Ux, Initial residual = 0.001042381566, Final residual = 1.839180117e-05, No Iterations 2
smoothSolver:  Solving for Uz, Initial residual = 0.0008726044604, Final residual = 1.602695169e-05, No Iterations 2
GAMG:  Solving for p, Initial residual = 0.001024677621, Final residual = 6.130398182e-06, No Iterations 3
GAMG:  Solving for p, Initial residual = 0.0001043328559, Final residual = 5.047984604e-07, No Iterations 3
GAMG:  Solving for p, Initial residual = 1.953760939e-05, Final residual = 1.827648402e-07, No Iterations 2
time step continuity errors (region0): sum local = 1.508506579e-08, global = 2.737364698e-09, cumulative = 3.086066097e-08
smoothSolver:  Solving for omega, Initial residual = 4.402594626e-05, Final residual = 2.570880789e-06, No Iterations 1
smoothSolver:  Solving for k, Initial residual = 0.002012796256, Final residual = 5.960916392e-05, No Iterations 1

ExecutionTime = 1.41 s  ExecutionStepTime = 0.01 s  ClockTime = 1 s

forces FR write:
    Sum of forces
        Total    : ( 0.6244618061 0 -7.982357501 )
        Pressure : ( 0.5809719698 0 -7.983366204 )
        Viscous  : ( 0.04348983629 0 0.001008702628 )
    Sum of moments
        Total    : ( -3.872604873 1.37120272 -0.3029548392 )
        Pressure : ( -3.87309424 1.373517776 -0.2818559405 )
        Viscous  : ( 0.0004893675476 -0.002315056689 -0.02109889865 )


liftDrag LD execute:
Viscous drag: 0.003611522311, pressure drag: 0.04824559967, porous drag: 0
Viscous lift: 8.376559581e-05, pressure lift: -0.6629619154, porous lift: 0
Total lift: -0.6628781498, Front lift: -0.2175704187, Rear lift: -0.4453077311, Drag: 0.05185712198
Location of Center of Mass: ( 0.1583410946 0.4851455065 -0.0177077476 )
Location of Center Of Pressure: ( 0.1730742815 0.4851455065 -0.01655516674 )


yPlus yPlus execute:
    patch Bottom y+ : min = 1.543049518, max = 445.1058675, average = 232.7048934
    patch Top y+ : min = 62.27985174, max = 461.6472529, average = 263.2624317
    patch e423_0 y+ : min = 145.1899712, max = 743.6075764, average = 397.1903798


################################################################################

Time = 115

Outer Loop Iteration = 115
smoothSolver:  Solving for Ux, Initial residual = 0.0009966222473, Final residual = 1.777692205e-05, No Iterations 2
smoothSolver:  Solving for Uz, Initial residual = 0.0008312369704, Final residual = 1.492073161e-05, No Iterations 2
GAMG:  Solving for p, Initial residual = 0.0009859415472, Final residual = 5.806506349e-06, No Iterations 3
GAMG:  Solving for p, Initial residual = 0.0001015963071, Final residual = 4.752006844e-07, No Iterations 3
GAMG:  Solving for p, Initial residual = 1.939738147e-05, Final residual = 1.756052109e-07, No Iterations 2
time step continuity errors (region0): sum local = 1.44909718e-08, global = 2.859949248e-09, cumulative = 3.372061022e-08
smoothSolver:  Solving for omega, Initial residual = 4.150009326e-05, Final residual = 2.433845607e-06, No Iterations 1
smoothSolver:  Solving for k, Initial residual = 0.001886907526, Final residual = 5.511208706e-05, No Iterations 1

ExecutionTime = 1.42 s  ExecutionStepTime = 0.01 s  ClockTime = 1 s

forces FR write:
    Sum of forces
        Total    : ( 0.6242706111 0 -7.985238653 )
        Pressure : ( 0.5807767225 0 -7.986245183 )
        Viscous  : ( 0.04349388857 0 0.00100653048 )
    Sum of moments
        Total    : ( -3.874002651 1.371601105 -0.3028620818 )
        Pressure : ( -3.874490964 1.373916304 -0.2817612172 )
        Viscous  : ( 0.0004883137395 -0.002315199977 -0.0211008646 )


liftDrag LD execute:
Viscous drag: 0.003611858825, pressure drag: 0.04822938577, porous drag: 0
Viscous lift: 8.358521431e-05, pressure lift: -0.6632009942, porous lift: 0
Total lift: -0.663117409, Front lift: -0.2176569653, Rear lift: -0.4454604437, Drag: 0.0518412446
Location of Center of Mass: ( 0.1583410946 0.4851455065 -0.0177077476 )
Location of Center Of Pressure: ( 0.1730614668 0.4851455065 -0.0165569372 )


yPlus yPlus execute:
    patch Bottom y+ : min = 1.546775478, max = 446.0850645, average = 233.0141081
    patch Top y+ : min = 62.18467787, max = 462.2280124, average = 263.6011551
    patch e423_0 y+ : min = 145.3143473, max = 743.6999673, average = 397.2009732


################################################################################

Time = 116

Outer Loop Iteration = 116
smoothSolver:  Solving for Ux, Initial residual = 0.000955326378, Final residual = 1.711173301e-05, No Iterations 2
smoothSolver:  Solving for Uz, Initial residual = 0.0007921986346, Final residual = 1.394900528e-05, No Iterations 2
GAMG:  Solving for p, Initial residual = 0.0009563459561, Final residual = 5.510576636e-06, No Iterations 3
GAMG:  Solving for p, Initial residual = 9.9438138e-05, Final residual = 4.453652913e-07, No Iterations 3
GAMG:  Solving for p, Initial residual = 1.913552391e-05, Final residual = 1.650636058e-07, No Iterations 2
time step continuity errors (region0): sum local = 1.361789602e-08, global = 2.880264737e-09, cumulative = 3.660087495e-08
smoothSolver:  Solving for omega, Initial residual = 3.906062053e-05, Final residual = 2.321898306e-06, No Iterations 1
smoothSolver:  Solving for k, Initial residual = 0.001766385373, Final residual = 5.095806186e-05, No Iterations 1

ExecutionTime = 1.43 s  ExecutionStepTime = 0.01 s  ClockTime = 1 s

forces FR write:
    Sum of forces
        Total    : ( 0.6240711454 0 -7.98801318 )
        Pressure : ( 0.5805733999 0 -7.989017487 )
        Viscous  : ( 0.04349774546 0 0.001004306186 )
    Sum of moments
        Total    : ( -3.8753487 1.371978523 -0.3027653119 )
        Pressure : ( -3.875835935 1.374293845 -0.2816625762 )
        Viscous  : ( 0.0004872346332 -0.002315321286 -0.02110273575 )


liftDrag LD execute:
Viscous drag: 0.003612179112, pressure drag: 0.04821250127, porous drag: 0
Viscous lift: 8.340050245e-05, pressure lift: -0.6634312143, porous lift: 0
Total lift: -0.6633478138, Front lift: -0.2177408258, Rear lift: -0.4456069881, Drag: 0.05182468038
Location of Center of Mass: ( 0.1583410946 0.4851455065 -0.0177077476 )
Location of Center Of Pressure: ( 0.1730483311 0.4851455065 -0.01655873073 )


yPlus yPlus execute:
    patch Bottom y+ : min = 1.550359019, max = 447.09018, average = 233.3122082
    patch Top y+ : min = 62.09367715, max = 462.8225066, average = 263.9284353
    patch e423_0 y+ : min = 145.4353123, max = 743.7926572, average = 397.2101769


################################################################################

Time = 117

Outer Loop Iteration = 117
smoothSolver:  Solving for Ux, Initial residual = 0.0009147443523, Final residual = 1.648637949e-05, No Iterations 2
smoothSolver:  Solving for Uz, Initial residual = 0.0007553166578, Final residual = 1.311323796e-05, No Iterations 2
GAMG:  Solving for p, Initial residual = 0.0009481163134, Final residual = 5.256122682e-06, No Iterations 3
GAMG:  Solving for p, Initial residual = 9.85587709e-05, Final residual = 4.135159849e-07, No Iterations 3
GAMG:  Solving for p, Initial residual = 1.944901462e-05, Final residual = 1.684375442e-07, No Iterations 2
time step continuity errors (region0): sum local = 1.389266154e-08, global = 2.447533961e-09, cumulative = 3.904840892e-08
smoothSolver:  Solving for omega, Initial residual = 3.671896343e-05, Final residual = 2.216529894e-06, No Iterations 1
smoothSolver:  Solving for k, Initial residual = 0.001651313619, Final residual = 4.712286765e-05, No Iterations 1

ExecutionTime = 1.44 s  ExecutionStepTime = 0.01 s  ClockTime = 1 s

forces FR write:
    Sum of forces
        Total    : ( 0.6238657014 0 -7.990676838 )
        Pressure : ( 0.5803642848 0 -7.99167889 )
        Viscous  : ( 0.04350141653 0 0.001002052843 )
    Sum of moments
        Total    : ( -3.876640961 1.372335117 -0.3026656417 )
        Pressure : ( -3.877127103 1.374650541 -0.2815611249 )
        Viscous  : ( 0.0004861414338 -0.002315424011 -0.02110451675 )


liftDrag LD execute:
Viscous drag: 0.003612483969, pressure drag: 0.04819513575, porous drag: 0
Viscous lift: 8.321337828e-05, pressure lift: -0.6636522251, porous lift: 0
Total lift: -0.6635690117, Front lift: -0.2178218121, Rear lift: -0.4457471996, Drag: 0.05180761972
Location of Center of Mass: ( 0.1583410946 0.4851455065 -0.0177077476 )
Location of Center Of Pressure: ( 0.1730349874 0.4851455065 -0.01656053368 )


yPlus yPlus execute:
    patch Bottom y+ : min = 1.553770451, max = 448.0487479, average = 233.5962821
    patch Top y+ : min = 62.00789691, max = 463.4338873, average = 264.2448434
    patch e423_0 y+ : min = 145.5524464, max = 743.8850617, average = 397.218113


################################################################################

Time = 118

Outer Loop Iteration = 118
smoothSolver:  Solving for Ux, Initial residual = 0.0008774463602, Final residual = 1.592263424e-05, No Iterations 2
smoothSolver:  Solving for Uz, Initial residual = 0.0007179475022, Final residual = 1.236584514e-05, No Iterations 2
GAMG:  Solving for p, Initial residual = 0.0009257170282, Final residual = 4.890612845e-06, No Iterations 3
GAMG:  Solving for p, Initial residual = 9.217842862e-05, Final residual = 3.905924505e-07, No Iterations 3
GAMG:  Solving for p, Initial residual = 1.778686537e-05, Final residual = 1.506996627e-07, No Iterations 2
time step continuity errors (region0): sum local = 1.242664099e-08, global = 1.930751643e-09, cumulative = 4.097916056e-08
smoothSolver:  Solving for omega, Initial residual = 3.449768449e-05, Final residual = 2.114663136e-06, No Iterations 1
smoothSolver:  Solving for k, Initial residual = 0.001541657974, Final residual = 4.357762063e-05, No Iterations 1

ExecutionTime = 1.45 s  ExecutionStepTime = 0.01 s  ClockTime = 1 s

forces FR write:
    Sum of forces
        Total    : ( 0.6236560512 0 -7.993225585 )
        Pressure : ( 0.5801511399 0 -7.994225377 )
        Viscous  : ( 0.04350491131 0 0.0009997914055 )
    Sum of moments
        Total    : ( -3.877877475 1.372670845 -0.3025639308 )
        Pressure : ( -3.878362519 1.374986356 -0.2814577186 )
        Viscous  : ( 0.0004850443078 -0.002315511306 -0.02110621223 )


liftDrag LD execute:
Viscous drag: 0.003612774186, pressure drag: 0.04817743557, porous drag: 0
Viscous lift: 8.302558198e-05, pressure lift: -0.6638636927, porous lift: 0
Total lift: -0.6637806671, Front lift: -0.21789976, Rear lift: -0.4458809071, Drag: 0.05179020976
Location of Center of Mass: ( 0.1583410946 0.4851455065 -0.0177077476 )
Location of Center Of Pressure: ( 0.1730215207 0.4851455065 -0.0165623356 )


yPlus yPlus execute:
    patch Bottom y+ : min = 1.556979733, max = 448.9890253, average = 233.8690632
    patch Top y+ : min = 61.92500277, max = 464.0683464, average = 264.5503208
    patch e423_0 y+ : min = 145.6654399, max = 743.9766695, average = 397.2249015


################################################################################

Time = 119

Outer Loop Iteration = 119
smoothSolver:  Solving for Ux, Initial residual = 0.0008413938175, Final residual = 1.533842845e-05, No Iterations 2
smoothSolver:  Solving for Uz, Initial residual = 0.0006808444732, Final residual = 1.174802693e-05, No Iterations 2
GAMG:  Solving for p, Initial residual = 0.0009012958576, Final residual = 4.555508279e-06, No Iterations 3
GAMG:  Solving for p, Initial residual = 8.586860399e-05, Final residual = 3.487198648e-07, No Iterations 3
GAMG:  Solving for p, Initial residual = 1.630907926e-05, Final residual = 1.38036078e-07, No Iterations 2
time step continuity errors (region0): sum local = 1.137975176e-08, global = 2.513935409e-09, cumulative = 4.349309597e-08
smoothSolver:  Solving for omega, Initial residual = 3.2407006e-05, Final residual = 2.02239116e-06, No Iterations 1
smoothSolver:  Solving for k, Initial residual = 0.001437405263, Final residual = 4.030001027e-05, No Iterations 1

ExecutionTime = 1.46 s  ExecutionStepTime = 0.01 s  ClockTime = 1 s

forces FR write:
    Sum of forces
        Total    : ( 0.6234439521 0 -7.995657189 )
        Pressure : ( 0.5799357125 0 -7.99665473 )
        Viscous  : ( 0.04350823964 0 0.0009975410066 )
    Sum of moments
        Total    : ( -3.879057156 1.372985949 -0.3024610319 )
        Pressure : ( -3.879541109 1.375301536 -0.281353205 )
        Viscous  : ( 0.0004839525369 -0.002315586149 -0.02110782695 )


liftDrag LD execute:
Viscous drag: 0.003613050579, pressure drag: 0.04815954586, porous drag: 0
Viscous lift: 8.283870232e-05, pressure lift: -0.6640654332, porous lift: 0
Total lift: -0.6639825945, Front lift: -0.2179745565, Rear lift: -0.446008038, Drag: 0.05177259643
Location of Center of Mass: ( 0.1583410946 0.4851455065 -0.0177077476 )
Location of Center Of Pressure: ( 0.1730080119 0.4851455065 -0.01656412668 )


yPlus yPlus execute:
    patch Bottom y+ : min = 1.560011585, max = 449.9313419, average = 234.134692
    patch Top y+ : min = 61.84581147, max = 464.7220819, average = 264.8425553
    patch e423_0 y+ : min = 145.77406, max = 744.0670366, average = 397.2306658


################################################################################

Time = 120

Outer Loop Iteration = 120
smoothSolver:  Solving for Ux, Initial residual = 0.0008026426507, Final residual = 1.480688586e-05, No Iterations 2
smoothSolver:  Solving for Uz, Initial residual = 0.0006450839603, Final residual = 1.127556513e-05, No Iterations 2
GAMG:  Solving for p, Initial residual = 0.0008699130356, Final residual = 4.280525237e-06, No Iterations 3
GAMG:  Solving for p, Initial residual = 7.936291446e-05, Final residual = 3.17047885e-07, No Iterations 3
GAMG:  Solving for p, Initial residual = 1.488418715e-05, Final residual = 1.189443695e-07, No Iterations 2
time step continuity errors (region0): sum local = 9.803290513e-09, global = 1.294920903e-09, cumulative = 4.478801687e-08
smoothSolver:  Solving for omega, Initial residual = 3.04238663e-05, Final residual = 1.946384969e-06, No Iterations 1
smoothSolver:  Solving for k, Initial residual = 0.001338490813, Final residual = 3.727117617e-05, No Iterations 1

ExecutionTime = 1.47 s  ExecutionStepTime = 0.01 s  ClockTime = 1 s

forces FR write:
    Sum of forces
        Total    : ( 0.6232314933 0 -7.997972353 )
        Pressure : ( 0.5797200811 0 -7.998967672 )
        Viscous  : ( 0.04351141223 0 0.0009953188174 )
    Sum of moments
        Total    : ( -3.880180348 1.373281209 -0.3023579585 )
        Pressure : ( -3.880663222 1.37559686 -0.2812485924 )
        Viscous  : ( 0.0004828744518 -0.002315651299 -0.02110936612 )


liftDrag LD execute:
Viscous drag: 0.00361331404, pressure drag: 0.0481416392, porous drag: 0
Viscous lift: 8.265416527e-05, pressure lift: -0.6642575066, porous lift: 0
Total lift: -0.6641748525, Front lift: -0.2180461663, Rear lift: -0.4461286862, Drag: 0.05175495324
Location of Center of Mass: ( 0.1583410946 0.4851455065 -0.0177077476 )
Location of Center Of Pressure: ( 0.1729945461 0.4851455065 -0.01656589664 )


yPlus yPlus execute:
    patch Bottom y+ : min = 1.562874935, max = 450.9480796, average = 234.3956397
    patch Top y+ : min = 61.77099797, max = 465.373197, average = 265.1180402
    patch e423_0 y+ : min = 145.8781153, max = 744.1557544, average = 397.2355301


################################################################################

Time = 121

Outer Loop Iteration = 121
smoothSolver:  Solving for Ux, Initial residual = 0.0007650063611, Final residual = 1.427026565e-05, No Iterations 2
smoothSolver:  Solving for Uz, Initial residual = 0.0006119769187, Final residual = 1.081676334e-05, No Iterations 2
GAMG:  Solving for p, Initial residual = 0.0008319924106, Final residual = 4.101434372e-06, No Iterations 3
GAMG:  Solving for p, Initial residual = 7.638520996e-05, Final residual = 2.938189502e-07, No Iterations 3
GAMG:  Solving for p, Initial residual = 1.396376302e-05, Final residual = 1.073985523e-07, No Iterations 2
time step continuity errors (region0): sum local = 8.849767635e-09, global = -2.898193318e-11, cumulative = 4.475903494e-08
smoothSolver:  Solving for omega, Initial residual = 2.85812649e-05, Final residual = 1.876933378e-06, No Iterations 1
smoothSolver:  Solving for k, Initial residual = 0.00124485676, Final residual = 3.447094472e-05, No Iterations 1

ExecutionTime = 1.48 s  ExecutionStepTime = 0.01 s  ClockTime = 1 s

forces FR write:
    Sum of forces
        Total    : ( 0.6230193064 0 -8.000168724 )
        Pressure : ( 0.5795048672 0 -8.001161864 )
        Viscous  : ( 0.0435144392 0 0.0009931403461 )
    Sum of moments
        Total    : ( -3.881245907 1.373556604 -0.3022550169 )
        Pressure : ( -3.881727725 1.375872314 -0.2811441823 )
        Viscous  : ( 0.0004818175762 -0.002315709332 -0.02111083464 )


liftDrag LD execute:
Viscous drag: 0.003613565409, pressure drag: 0.04812376721, porous drag: 0
Viscous lift: 8.247325869e-05, pressure lift: -0.6644397187, porous lift: 0
Total lift: -0.6643572455, Front lift: -0.2181144931, Rear lift: -0.4462427523, Drag: 0.05173733262
Location of Center of Mass: ( 0.1583410946 0.4851455065 -0.0177077476 )
Location of Center Of Pressure: ( 0.1729811723 0.4851455065 -0.01656764027 )


yPlus yPlus execute:
    patch Bottom y+ : min = 1.565538304, max = 451.9519113, average = 234.6387152
    patch Top y+ : min = 61.70310504, max = 465.9988989, average = 265.3733641
    patch e423_0 y+ : min = 145.9775043, max = 744.2425244, average = 397.2396162


################################################################################

Time = 122

Outer Loop Iteration = 122
smoothSolver:  Solving for Ux, Initial residual = 0.0007310896029, Final residual = 1.368771048e-05, No Iterations 2
smoothSolver:  Solving for Uz, Initial residual = 0.0005827657672, Final residual = 1.03778136e-05, No Iterations 2
GAMG:  Solving for p, Initial residual = 0.0007987647675, Final residual = 3.902380198e-06, No Iterations 3
GAMG:  Solving for p, Initial residual = 7.047434874e-05, Final residual = 2.644655353e-07, No Iterations 3
GAMG:  Solving for p, Initial residual = 1.302905896e-05, Final residual = 1.034263532e-07, No Iterations 2
time step continuity errors (region0): sum local = 8.520834744e-09, global = -3.338844655e-10, cumulative = 4.442515047e-08
smoothSolver:  Solving for omega, Initial residual = 2.691282965e-05, Final residual = 1.810011086e-06, No Iterations 1
smoothSolver:  Solving for k, Initial residual = 0.001156408991, Final residual = 3.187830024e-05, No Iterations 1

ExecutionTime = 1.49 s  ExecutionStepTime = 0.01 s  ClockTime = 1 s

forces FR write:
    Sum of forces
        Total    : ( 0.6228091864 0 -8.002247553 )
        Pressure : ( 0.5792918554 0 -8.003238572 )
        Viscous  : ( 0.04351733104 0 0.0009910192754 )
    Sum of moments
        Total    : ( -3.882254442 1.373812955 -0.3021530782 )
        Pressure : ( -3.88273523 1.376128717 -0.2810408406 )
        Viscous  : ( 0.0004807885483 -0.002315762569 -0.02111223761 )


liftDrag LD execute:
Viscous drag: 0.003613805556, pressure drag: 0.04810607809, porous drag: 0
Viscous lift: 8.229711882e-05, pressure lift: -0.6646121746, porous lift: 0
Total lift: -0.6645298775, Front lift: -0.2181795211, Rear lift: -0.4463503564, Drag: 0.05171988365
Location of Center of Mass: ( 0.1583410946 0.4851455065 -0.0177077476 )
Location of Center Of Pressure: ( 0.1729679678 0.4851455065 -0.01656934856 )


yPlus yPlus execute:
    patch Bottom y+ : min = 1.56793097, max = 452.923877, average = 234.8634574
    patch Top y+ : min = 61.64016492, max = 466.5718512, average = 265.6052705
    patch e423_0 y+ : min = 146.0720713, max = 744.3270593, average = 397.243038


################################################################################

Time = 123

Outer Loop Iteration = 123
smoothSolver:  Solving for Ux, Initial residual = 0.0006992651344, Final residual = 1.309691269e-05, No Iterations 2
smoothSolver:  Solving for Uz, Initial residual = 0.0005528838246, Final residual = 1.001275041e-05, No Iterations 2
GAMG:  Solving for p, Initial residual = 0.0007689326757, Final residual = 3.605770613e-06, No Iterations 3
GAMG:  Solving for p, Initial residual = 6.240386121e-05, Final residual = 2.251990988e-07, No Iterations 3
GAMG:  Solving for p, Initial residual = 1.131125732e-05, Final residual = 9.912938007e-08, No Iterations 2
time step continuity errors (region0): sum local = 8.165446317e-09, global = -1.231016712e-09, cumulative = 4.319413376e-08
smoothSolver:  Solving for omega, Initial residual = 2.537092387e-05, Final residual = 1.742247232e-06, No Iterations 1
smoothSolver:  Solving for k, Initial residual = 0.001073050369, Final residual = 2.948184565e-05, No Iterations 1

ExecutionTime = 1.5 s  ExecutionStepTime = 0.01 s  ClockTime = 1 s

forces FR write:
    Sum of forces
        Total    : ( 0.622602458 0 -8.004213673 )
        Pressure : ( 0.5790823593 0 -8.00520264 )
        Viscous  : ( 0.04352009863 0 0.0009889664893 )
    Sum of moments
        Total    : ( -3.883208296 1.374051576 -0.3020527848 )
        Pressure : ( -3.883688089 1.376367389 -0.2809392045 )
        Viscous  : ( 0.0004797926483 -0.002315813021 -0.02111358029 )


liftDrag LD execute:
Viscous drag: 0.003614035384, pressure drag: 0.04808868093, porous drag: 0
Viscous lift: 8.21266495e-05, pressure lift: -0.6647752765, porous lift: 0
Total lift: -0.6646931498, Front lift: -0.2182413414, Rear lift: -0.4464518084, Drag: 0.05170271632
Location of Center of Mass: ( 0.1583410946 0.4851455065 -0.0177077476 )
Location of Center Of Pressure: ( 0.1729549944 0.4851455065 -0.01657101509 )


yPlus yPlus execute:
    patch Bottom y+ : min = 1.570078295, max = 453.8480472, average = 235.0711663
    patch Top y+ : min = 61.58132397, max = 467.082361, average = 265.8142402
    patch e423_0 y+ : min = 146.1619241, max = 744.4090901, average = 397.2459059


################################################################################

Time = 124

Outer Loop Iteration = 124
smoothSolver:  Solving for Ux, Initial residual = 0.0006675627539, Final residual = 1.252269371e-05, No Iterations 2
smoothSolver:  Solving for Uz, Initial residual = 0.0005229513252, Final residual = 9.716028423e-06, No Iterations 2
GAMG:  Solving for p, Initial residual = 0.0007372699388, Final residual = 3.284989896e-06, No Iterations 3
GAMG:  Solving for p, Initial residual = 6.325925223e-05, Final residual = 5.663851318e-07, No Iterations 2
GAMG:  Solving for p, Initial residual = 1.235599355e-05, Final residual = 4.818272014e-08, No Iterations 3
time step continuity errors (region0): sum local = 3.968244143e-09, global = -7.282280417e-10, cumulative = 4.246590572e-08
smoothSolver:  Solving for omega, Initial residual = 2.394981456e-05, Final residual = 1.681595396e-06, No Iterations 1
smoothSolver:  Solving for k, Initial residual = 0.0009946728364, Final residual = 2.726337467e-05, No Iterations 1

ExecutionTime = 1.51 s  ExecutionStepTime = 0.01 s  ClockTime = 1 s

forces FR write:
    Sum of forces
        Total    : ( 0.6224003429 0 -8.006069822 )
        Pressure : ( 0.5788775922 0 -8.007056813 )
        Viscous  : ( 0.04352275065 0 0.0009869915697 )
    Sum of moments
        Total    : ( -3.884108798 1.37427343 -0.3019547296 )
        Pressure : ( -3.884587633 1.376589293 -0.2808398627 )
        Viscous  : ( 0.000478834525 -0.002315862433 -0.02111486691 )


liftDrag LD execute:
Viscous drag: 0.003614255616, pressure drag: 0.04807167648, porous drag: 0
Viscous lift: 8.196264644e-05, pressure lift: -0.6649292524, porous lift: 0
Total lift: -0.6648472898, Front lift: -0.218299988, Rear lift: -0.4465473018, Drag: 0.05168593209
Location of Center of Mass: ( 0.1583410946 0.4851455065 -0.0177077476 )
Location of Center Of Pressure: ( 0.1729423142 0.4851455065 -0.01657263333 )


yPlus yPlus execute:
    patch Bottom y+ : min = 1.57198739, max = 454.7268864, average = 235.263615
    patch Top y+ : min = 61.52286528, max = 467.5388341, average = 266.0018987
    patch e423_0 y+ : min = 146.2470576, max = 744.4884202, average = 397.2483158


################################################################################

Time = 125

Outer Loop Iteration = 125
smoothSolver:  Solving for Ux, Initial residual = 0.000637694454, Final residual = 1.199060979e-05, No Iterations 2
smoothSolver:  Solving for Uz, Initial residual = 0.0004969081059, Final residual = 9.455591329e-06, No Iterations 2
GAMG:  Solving for p, Initial residual = 0.0006946216396, Final residual = 2.968082818e-06, No Iterations 3
GAMG:  Solving for p, Initial residual = 5.957518174e-05, Final residual = 5.740909145e-07, No Iterations 2
GAMG:  Solving for p, Initial residual = 1.284115263e-05, Final residual = 5.687895284e-08, No Iterations 3
time step continuity errors (region0): sum local = 4.683644011e-09, global = -6.577171073e-10, cumulative = 4.180818861e-08
smoothSolver:  Solving for omega, Initial residual = 2.265904422e-05, Final residual = 1.622836227e-06, No Iterations 1
smoothSolver:  Solving for k, Initial residual = 0.000921151314, Final residual = 2.521245353e-05, No Iterations 1

ExecutionTime = 1.52 s  ExecutionStepTime = 0.01 s  ClockTime = 1 s

forces FR write:
    Sum of forces
        Total    : ( 0.6222042591 0 -8.007818076 )
        Pressure : ( 0.5786789635 0 -8.008803178 )
        Viscous  : ( 0.04352529558 0 0.0009851026784 )
    Sum of moments
        Total    : ( -3.884956956 1.374479299 -0.3018596004 )
        Pressure : ( -3.885434874 1.376795212 -0.2807434988 )
        Viscous  : ( 0.0004779181378 -0.002315912314 -0.02111610157 )


liftDrag LD execute:
Viscous drag: 0.003614466954, pressure drag: 0.04805518177, porous drag: 0
Viscous lift: 8.180578742e-05, pressure lift: -0.6650742757, porous lift: 0
Total lift: -0.6649924699, Front lift: -0.2183554821, Rear lift: -0.4466369878, Drag: 0.05166964872
Location of Center of Mass: ( 0.1583410946 0.4851455065 -0.0177077476 )
Location of Center Of Pressure: ( 0.1729299819 0.4851455065 -0.0165741969 )


yPlus yPlus execute:
    patch Bottom y+ : min = 1.573698009, max = 455.5319322, average = 235.4318075
    patch Top y+ : min = 61.47058346, max = 467.9512568, average = 266.1695104
    patch e423_0 y+ : min = 146.3273672, max = 744.5649244, average = 397.2503559


################################################################################

Time = 126

Outer Loop Iteration = 126
smoothSolver:  Solving for Ux, Initial residual = 0.0006082484059, Final residual = 1.146536014e-05, No Iterations 2
smoothSolver:  Solving for Uz, Initial residual = 0.000468367455, Final residual = 9.233886901e-06, No Iterations 2
GAMG:  Solving for p, Initial residual = 0.0006555578872, Final residual = 2.728122038e-06, No Iterations 3
GAMG:  Solving for p, Initial residual = 5.987370761e-05, Final residual = 5.375613479e-07, No Iterations 2
GAMG:  Solving for p, Initial residual = 1.380365092e-05, Final residual = 5.462146526e-08, No Iterations 3
time step continuity errors (region0): sum local = 4.496958727e-09, global = -7.925681143e-10, cumulative = 4.10156205e-08
smoothSolver:  Solving for omega, Initial residual = 2.148411604e-05, Final residual = 1.569929197e-06, No Iterations 1
smoothSolver:  Solving for k, Initial residual = 0.0008523129811, Final residual = 2.33156214e-05, No Iterations 1

ExecutionTime = 1.53 s  ExecutionStepTime = 0.01 s  ClockTime = 1 s

forces FR write:
    Sum of forces
        Total    : ( 0.6220148313 0 -8.009462843 )
        Pressure : ( 0.5784870895 0 -8.010446148 )
        Viscous  : ( 0.04352774179 0 0.0009833057601 )
    Sum of moments
        Total    : ( -3.885754907 1.374670253 -0.3017677003 )
        Pressure : ( -3.886231954 1.376986217 -0.280650412 )
        Viscous  : ( 0.000477046371 -0.002315963965 -0.02111728833 )


liftDrag LD execute:
Viscous drag: 0.003614670094, pressure drag: 0.04803924799, porous drag: 0
Viscous lift: 8.165656611e-05, pressure lift: -0.6652107127, porous lift: 0
Total lift: -0.6651290561, Front lift: -0.2184079178, Rear lift: -0.4467211383, Drag: 0.05165391809
Location of Center of Mass: ( 0.1583410946 0.4851455065 -0.0177077476 )
Location of Center Of Pressure: ( 0.1729180362 0.4851455065 -0.01657570241 )


yPlus yPlus execute:
    patch Bottom y+ : min = 1.57516448, max = 456.2443421, average = 235.5794272
    patch Top y+ : min = 61.42256614, max = 468.327625, average = 266.3200983
    patch e423_0 y+ : min = 146.4029752, max = 744.6384494, average = 397.2521084


################################################################################

Time = 127

Outer Loop Iteration = 127
smoothSolver:  Solving for Ux, Initial residual = 0.0005805653799, Final residual = 1.09477515e-05, No Iterations 2
smoothSolver:  Solving for Uz, Initial residual = 0.000443930408, Final residual = 9.054256245e-06, No Iterations 2
GAMG:  Solving for p, Initial residual = 0.0006195749115, Final residual = 2.476694806e-06, No Iterations 3
GAMG:  Solving for p, Initial residual = 6.244686158e-05, Final residual = 4.821427196e-07, No Iterations 2
GAMG:  Solving for p, Initial residual = 1.531806389e-05, Final residual = 1.377373868e-07, No Iterations 2
time step continuity errors (region0): sum local = 1.133799234e-08, global = -2.610880461e-09, cumulative = 3.840474004e-08
smoothSolver:  Solving for omega, Initial residual = 2.03937175e-05, Final residual = 1.51942363e-06, No Iterations 1
smoothSolver:  Solving for k, Initial residual = 0.0007879654845, Final residual = 2.155953445e-05, No Iterations 1

ExecutionTime = 1.54 s  ExecutionStepTime = 0.01 s  ClockTime = 1 s

forces FR write:
    Sum of forces
        Total    : ( 0.621833011 0 -8.011007381 )
        Pressure : ( 0.5783029141 0 -8.011988987 )
        Viscous  : ( 0.04353009685 0 0.0009816057896 )
    Sum of moments
        Total    : ( -3.886504233 1.374847158 -0.3016794911 )
        Pressure : ( -3.886980455 1.377163176 -0.2805610602 )
        Viscous  : ( 0.000476221638 -0.002316018483 -0.02111843088 )


liftDrag LD execute:
Viscous drag: 0.003614865666, pressure drag: 0.04802395354, porous drag: 0
Viscous lift: 8.151539562e-05, pressure lift: -0.6653388345, porous lift: 0
Total lift: -0.6652573191, Front lift: -0.2184573586, Rear lift: -0.4467999604, Drag: 0.0516388192
Location of Center of Mass: ( 0.1583410946 0.4851455065 -0.0177077476 )
Location of Center Of Pressure: ( 0.1729065158 0.4851455065 -0.01657714576 )


yPlus yPlus execute:
    patch Bottom y+ : min = 1.576400529, max = 456.8915921, average = 235.7094612
    patch Top y+ : min = 61.38038606, max = 468.7020674, average = 266.4569468
    patch e423_0 y+ : min = 146.4738694, max = 744.7089248, average = 397.2536475


################################################################################

Time = 128

Outer Loop Iteration = 128
smoothSolver:  Solving for Ux, Initial residual = 0.0005555984694, Final residual = 1.045402377e-05, No Iterations 2
smoothSolver:  Solving for Uz, Initial residual = 0.0004218126335, Final residual = 8.880788973e-06, No Iterations 2
GAMG:  Solving for p, Initial residual = 0.0005879306995, Final residual = 2.297504373e-06, No Iterations 3
GAMG:  Solving for p, Initial residual = 5.872512727e-05, Final residual = 4.901452842e-07, No Iterations 2
GAMG:  Solving for p, Initial residual = 1.459625017e-05, Final residual = 1.260516208e-07, No Iterations 2
time step continuity errors (region0): sum local = 1.037444652e-08, global = -2.910740064e-09, cumulative = 3.549399997e-08
smoothSolver:  Solving for omega, Initial residual = 1.939650283e-05, Final residual = 1.472471617e-06, No Iterations 1
smoothSolver:  Solving for k, Initial residual = 0.0007279247799, Final residual = 1.99305462e-05, No Iterations 1

ExecutionTime = 1.55 s  ExecutionStepTime = 0.01 s  ClockTime = 1 s

forces FR write:
    Sum of forces
        Total    : ( 0.6216489226 0 -8.012447451 )
        Pressure : ( 0.5781165803 0 -8.013427463 )
        Viscous  : ( 0.04353234235 0 0.0009800116173 )
    Sum of moments
        Total    : ( -3.887202877 1.37500891 -0.3015901814 )
        Pressure : ( -3.887678325 1.377324987 -0.2804706611 )
        Viscous  : ( 0.0004754482324 -0.002316076655 -0.02111952028 )


liftDrag LD execute:
Viscous drag: 0.003615052138, pressure drag: 0.04800847983, porous drag: 0
Viscous lift: 8.138301092e-05, pressure lift: -0.6654582897, porous lift: 0
Total lift: -0.6653769066, Front lift: -0.21850372, Rear lift: -0.4468731866, Drag: 0.05162353197
Location of Center of Mass: ( 0.1583410946 0.4851455065 -0.0177077476 )
Location of Center Of Pressure: ( 0.1728953551 0.4851455065 -0.01657854951 )


yPlus yPlus execute:
    patch Bottom y+ : min = 1.577394569, max = 457.4805495, average = 235.8204393
    patch Top y+ : min = 61.34081586, max = 469.0824991, average = 266.5781645
    patch e423_0 y+ : min = 146.5445016, max = 744.7761788, average = 397.2549584


################################################################################

Time = 129

Outer Loop Iteration = 129
smoothSolver:  Solving for Ux, Initial residual = 0.0005321760759, Final residual = 1.002984432e-05, No Iterations 2
smoothSolver:  Solving for Uz, Initial residual = 0.0004000637671, Final residual = 8.726724346e-06, No Iterations 2
GAMG:  Solving for p, Initial residual = 0.0005506741399, Final residual = 2.129620177e-06, No Iterations 3
GAMG:  Solving for p, Initial residual = 5.539449341e-05, Final residual = 4.540258586e-07, No Iterations 2
GAMG:  Solving for p, Initial residual = 1.368560519e-05, Final residual = 1.154882166e-07, No Iterations 2
time step continuity errors (region0): sum local = 9.503565271e-09, global = -2.723471201e-09, cumulative = 3.277052877e-08
smoothSolver:  Solving for omega, Initial residual = 1.848309224e-05, Final residual = 1.425524521e-06, No Iterations 1
smoothSolver:  Solving for k, Initial residual = 0.0006720005733, Final residual = 1.8418687e-05, No Iterations 1

ExecutionTime = 1.57 s  ExecutionStepTime = 0.01 s  ClockTime = 1 s

forces FR write:
    Sum of forces
        Total    : ( 0.6214833892 0 -8.013818035 )
        Pressure : ( 0.5779489037 0 -8.014796575 )
        Viscous  : ( 0.04353448549 0 0.0009785399164 )
    Sum of moments
        Total    : ( -3.887867809 1.375162699 -0.3015098736 )
        Pressure : ( -3.888342543 1.377478838 -0.2803893136 )
        Viscous  : ( 0.0004747342434 -0.002316138836 -0.02112056001 )


liftDrag LD execute:
Viscous drag: 0.003615230111, pressure drag: 0.04799455548, porous drag: 0
Viscous lift: 8.126079661e-05, pressure lift: -0.6655719847, porous lift: 0
Total lift: -0.6654907239, Front lift: -0.2185478576, Rear lift: -0.4469428663, Drag: 0.05160978559
Location of Center of Mass: ( 0.1583410946 0.4851455065 -0.0177077476 )
Location of Center Of Pressure: ( 0.1728847354 0.4851455065 -0.01657986684 )


yPlus yPlus execute:
    patch Bottom y+ : min = 1.578190828, max = 457.9859303, average = 235.9156763
    patch Top y+ : min = 61.30481486, max = 469.4616479, average = 266.6829091
    patch e423_0 y+ : min = 146.6078934, max = 744.8404187, average = 397.2561418


################################################################################

Time = 130

Outer Loop Iteration = 130
smoothSolver:  Solving for Ux, Initial residual = 0.0005106019816, Final residual = 9.581574494e-06, No Iterations 2
smoothSolver:  Solving for Uz, Initial residual = 0.0003788141409, Final residual = 8.550640833e-06, No Iterations 2
GAMG:  Solving for p, Initial residual = 0.0005149070966, Final residual = 1.946503208e-06, No Iterations 3
GAMG:  Solving for p, Initial residual = 5.306197884e-05, Final residual = 4.482224125e-07, No Iterations 2
GAMG:  Solving for p, Initial residual = 1.324155639e-05, Final residual = 1.101854533e-07, No Iterations 2
time step continuity errors (region0): sum local = 9.065842204e-09, global = -2.711657369e-09, cumulative = 3.00588714e-08
smoothSolver:  Solving for omega, Initial residual = 1.765369521e-05, Final residual = 1.385578304e-06, No Iterations 1
smoothSolver:  Solving for k, Initial residual = 0.0006199950228, Final residual = 1.701532517e-05, No Iterations 1

ExecutionTime = 1.58 s  ExecutionStepTime = 0.01 s  ClockTime = 1 s

forces FR write:
    Sum of forces
        Total    : ( 0.6213297892 0 -8.015095143 )
        Pressure : ( 0.5777932602 0 -8.016072332 )
        Viscous  : ( 0.04353652897 0 0.0009771894538 )
    Sum of moments
        Total    : ( -3.888487392 1.375304422 -0.3014353553 )
        Pressure : ( -3.888961471 1.377620628 -0.2803138039 )
        Viscous  : ( 0.0004740790725 -0.002316205541 -0.0211215514 )


liftDrag LD execute:
Viscous drag: 0.003615399808, pressure drag: 0.0479816304, porous drag: 0
Viscous lift: 8.114865026e-05, pressure lift: -0.6656779273, porous lift: 0
Total lift: -0.6655967786, Front lift: -0.2185891159, Rear lift: -0.4470076628, Drag: 0.0515970302
Location of Center of Mass: ( 0.1583410946 0.4851455065 -0.0177077476 )
Location of Center Of Pressure: ( 0.1728746488 0.4851455065 -0.01658110718 )


yPlus yPlus execute:
    patch Bottom y+ : min = 1.578824899, max = 458.4111177, average = 235.9951604
    patch Top y+ : min = 61.27372495, max = 469.8332483, average = 266.770645
    patch e423_0 y+ : min = 146.6660698, max = 744.9006205, average = 397.2572294


################################################################################

Time = 131

Outer Loop Iteration = 131
smoothSolver:  Solving for Ux, Initial residual = 0.0004908113199, Final residual = 9.136017166e-06, No Iterations 2
smoothSolver:  Solving for Uz, Initial residual = 0.0003593288383, Final residual = 8.380259555e-06, No Iterations 2
GAMG:  Solving for p, Initial residual = 0.0004806709395, Final residual = 1.791942934e-06, No Iterations 3
GAMG:  Solving for p, Initial residual = 4.361294066e-05, Final residual = 3.921359509e-07, No Iterations 2
GAMG:  Solving for p, Initial residual = 1.013911588e-05, Final residual = 8.571608425e-08, No Iterations 2
time step continuity errors (region0): sum local = 7.051381183e-09, global = -2.036845367e-10, cumulative = 2.985518686e-08
smoothSolver:  Solving for omega, Initial residual = 1.688685829e-05, Final residual = 1.349897645e-06, No Iterations 1
smoothSolver:  Solving for k, Initial residual = 0.0005717190016, Final residual = 1.571522426e-05, No Iterations 1

ExecutionTime = 1.59 s  ExecutionStepTime = 0.01 s  ClockTime = 1 s

forces FR write:
    Sum of forces
        Total    : ( 0.6211859427 0 -8.016282439 )
        Pressure : ( 0.5776474579 0 -8.017258391 )
        Viscous  : ( 0.04353848476 0 0.0009759523068 )
    Sum of moments
        Total    : ( -3.889063404 1.375434977 -0.3013655688 )
        Pressure : ( -3.889536883 1.377751254 -0.2802430685 )
        Viscous  : ( 0.0004734788762 -0.002316277209 -0.02112250024 )


liftDrag LD execute:
Viscous drag: 0.003615562222, pressure drag: 0.04796952255, porous drag: 0
Viscous lift: 8.104591399e-05, pressure lift: -0.6657764211, porous lift: 0
Total lift: -0.6656953752, Front lift: -0.2186275725, Rear lift: -0.4470678027, Drag: 0.05158508477
Location of Center of Mass: ( 0.1583410946 0.4851455065 -0.0177077476 )
Location of Center Of Pressure: ( 0.1728651232 0.4851455065 -0.01658227299 )


yPlus yPlus execute:
    patch Bottom y+ : min = 1.579264493, max = 458.7667034, average = 236.0606762
    patch Top y+ : min = 61.24750155, max = 470.1937633, average = 266.8416792
    patch e423_0 y+ : min = 146.7201596, max = 744.9569151, average = 397.2582706


################################################################################

Time = 132

Outer Loop Iteration = 132
smoothSolver:  Solving for Ux, Initial residual = 0.0004726577715, Final residual = 8.71614342e-06, No Iterations 2
smoothSolver:  Solving for Uz, Initial residual = 0.0003416084524, Final residual = 8.18589303e-06, No Iterations 2
GAMG:  Solving for p, Initial residual = 0.0004488784271, Final residual = 1.693133151e-06, No Iterations 3
GAMG:  Solving for p, Initial residual = 4.718068122e-05, Final residual = 4.051664981e-07, No Iterations 2
GAMG:  Solving for p, Initial residual = 9.061786967e-06, Final residual = 8.290405976e-08, No Iterations 2
time step continuity errors (region0): sum local = 6.818752209e-09, global = -1.497851027e-09, cumulative = 2.835733584e-08
smoothSolver:  Solving for omega, Initial residual = 1.617057463e-05, Final residual = 1.312250403e-06, No Iterations 1
smoothSolver:  Solving for k, Initial residual = 0.0005269741541, Final residual = 1.450975429e-05, No Iterations 1

ExecutionTime = 1.61 s  ExecutionStepTime = 0.02 s  ClockTime = 1 s

forces FR write:
    Sum of forces
        Total    : ( 0.6210522793 0 -8.017390131 )
        Pressure : ( 0.5775119326 0 -8.018364966 )
        Viscous  : ( 0.04354034667 0 0.0009748353707 )
    Sum of moments
        Total    : ( -3.889600796 1.375555986 -0.3013007226 )
        Pressure : ( -3.890073733 1.37787234 -0.280177319 )
        Viscous  : ( 0.0004729369996 -0.002316353993 -0.02112340354 )


liftDrag LD execute:
Viscous drag: 0.00361571684, pressure drag: 0.04795826814, porous drag: 0
Viscous lift: 8.095316037e-05, pressure lift: -0.6658683143, porous lift: 0
Total lift: -0.6657873611, Front lift: -0.2186635165, Rear lift: -0.4471238446, Drag: 0.05157398498
Location of Center of Mass: ( 0.1583410946 0.4851455065 -0.0177077476 )
Location of Center Of Pressure: ( 0.1728561415 0.4851455065 -0.01658336637 )


yPlus yPlus execute:
    patch Bottom y+ : min = 1.579455053, max = 459.0603583, average = 236.1110905
    patch Top y+ : min = 61.22522191, max = 470.541297, average = 266.8991957
    patch e423_0 y+ : min = 146.7698987, max = 745.0095104, average = 397.2593005


################################################################################

Time = 133

Outer Loop Iteration = 133
smoothSolver:  Solving for Ux, Initial residual = 0.0004565459931, Final residual = 8.305339382e-06, No Iterations 2
smoothSolver:  Solving for Uz, Initial residual = 0.000327798093, Final residual = 7.994981772e-06, No Iterations 2
GAMG:  Solving for p, Initial residual = 0.0004230806309, Final residual = 1.708941197e-06, No Iterations 3
GAMG:  Solving for p, Initial residual = 4.519569114e-05, Final residual = 3.813683761e-07, No Iterations 2
GAMG:  Solving for p, Initial residual = 8.965730814e-06, Final residual = 8.534321581e-08, No Iterations 2
time step continuity errors (region0): sum local = 7.017950543e-09, global = -1.293810445e-09, cumulative = 2.706352539e-08
smoothSolver:  Solving for omega, Initial residual = 1.554282622e-05, Final residual = 1.275959688e-06, No Iterations 1
smoothSolver:  Solving for k, Initial residual = 0.0004855607852, Final residual = 1.338874826e-05, No Iterations 1

ExecutionTime = 1.62 s  ExecutionStepTime = 0.01 s  ClockTime = 1 s

forces FR write:
    Sum of forces
        Total    : ( 0.620913652 0 -8.018390743 )
        Pressure : ( 0.5773714508 0 -8.019364441 )
        Viscous  : ( 0.04354220114 0 0.0009736980092 )
    Sum of moments
        Total    : ( -3.890086238 1.375663399 -0.3012334682 )
        Pressure : ( -3.890558623 1.377979836 -0.2801091649 )
        Viscous  : ( 0.0004723852138 -0.00231643612 -0.02112430323 )


liftDrag LD execute:
Viscous drag: 0.003615870841, pressure drag: 0.04794660212, porous drag: 0
Viscous lift: 8.085871057e-05, pressure lift: -0.6659513136, porous lift: 0
Total lift: -0.6658704549, Front lift: -0.2186961435, Rear lift: -0.4471743114, Drag: 0.05156247296
Location of Center of Mass: ( 0.1583410946 0.4851455065 -0.0177077476 )
Location of Center Of Pressure: ( 0.1728477606 0.4851455065 -0.01658440661 )


yPlus yPlus execute:
    patch Bottom y+ : min = 1.579423841, max = 459.2848037, average = 236.1492293
    patch Top y+ : min = 61.20647229, max = 470.838203, average = 266.9383847
    patch e423_0 y+ : min = 146.8417185, max = 745.0584019, average = 397.2607862


################################################################################

Time = 134

Outer Loop Iteration = 134
smoothSolver:  Solving for Ux, Initial residual = 0.0004415896775, Final residual = 7.902974885e-06, No Iterations 2
smoothSolver:  Solving for Uz, Initial residual = 0.0003141013859, Final residual = 7.796444439e-06, No Iterations 2
GAMG:  Solving for p, Initial residual = 0.0004041149851, Final residual = 1.705572432e-06, No Iterations 3
GAMG:  Solving for p, Initial residual = 4.389647036e-05, Final residual = 4.033316771e-07, No Iterations 2
GAMG:  Solving for p, Initial residual = 8.863804725e-06, Final residual = 8.820017167e-08, No Iterations 2
time step continuity errors (region0): sum local = 7.251470945e-09, global = -7.891679205e-10, cumulative = 2.627435747e-08
smoothSolver:  Solving for omega, Initial residual = 1.493648269e-05, Final residual = 1.238136452e-06, No Iterations 1
smoothSolver:  Solving for k, Initial residual = 0.0004472641939, Final residual = 1.234741088e-05, No Iterations 1

ExecutionTime = 1.63 s  ExecutionStepTime = 0.01 s  ClockTime = 1 s

forces FR write:
    Sum of forces
        Total    : ( 0.6207655389 0 -8.019382011 )
        Pressure : ( 0.5772214223 0 -8.020354588 )
        Viscous  : ( 0.04354411666 0 0.0009725770473 )
    Sum of moments
        Total    : ( -3.890567147 1.37576891 -0.3011616118 )
        Pressure : ( -3.891038988 1.378085435 -0.2800363793 )
        Viscous  : ( 0.0004718413842 -0.002316524473 -0.02112523253 )


liftDrag LD execute:
Viscous drag: 0.003616029911, pressure drag: 0.04793414331, porous drag: 0
Viscous lift: 8.076562264e-05, pressure lift: -0.6660335382, porous lift: 0
Total lift: -0.6659527726, Front lift: -0.2187285404, Rear lift: -0.4472242322, Drag: 0.05155017323
Location of Center of Mass: ( 0.1583410946 0.4851455065 -0.0177077476 )
Location of Center Of Pressure: ( 0.1728393278 0.4851455065 -0.01658546617 )


yPlus yPlus execute:
    patch Bottom y+ : min = 1.579243695, max = 459.4708583, average = 236.1746811
    patch Top y+ : min = 61.19235328, max = 471.1069783, average = 266.9612586
    patch e423_0 y+ : min = 146.9180573, max = 745.1040962, average = 397.262826


################################################################################

Time = 135

Outer Loop Iteration = 135
smoothSolver:  Solving for Ux, Initial residual = 0.0004266187298, Final residual = 7.542382379e-06, No Iterations 2
smoothSolver:  Solving for Uz, Initial residual = 0.0003010930249, Final residual = 7.573116811e-06, No Iterations 2
GAMG:  Solving for p, Initial residual = 0.0003822537074, Final residual = 1.67919635e-06, No Iterations 3
GAMG:  Solving for p, Initial residual = 4.135935471e-05, Final residual = 3.98367517e-07, No Iterations 2
GAMG:  Solving for p, Initial residual = 8.35662579e-06, Final residual = 3.096268e-08, No Iterations 3
time step continuity errors (region0): sum local = 2.545161406e-09, global = -2.586715111e-10, cumulative = 2.601568596e-08
smoothSolver:  Solving for omega, Initial residual = 1.435875682e-05, Final residual = 1.204900353e-06, No Iterations 1
smoothSolver:  Solving for k, Initial residual = 0.0004118901966, Final residual = 1.138414127e-05, No Iterations 1

ExecutionTime = 1.65 s  ExecutionStepTime = 0.01 s  ClockTime = 1 s

forces FR write:
    Sum of forces
        Total    : ( 0.6206150621 0 -8.0203356 )
        Pressure : ( 0.5770689404 0 -8.021307097 )
        Viscous  : ( 0.0435461217 0 0.0009714966539 )
    Sum of moments
        Total    : ( -3.891029777 1.375868649 -0.3010886086 )
        Pressure : ( -3.891501094 1.378185269 -0.2799624034 )
        Viscous  : ( 0.0004713172362 -0.002316619519 -0.02112620527 )


liftDrag LD execute:
Viscous drag: 0.003616196416, pressure drag: 0.04792148078, porous drag: 0
Viscous lift: 8.067590363e-05, pressure lift: -0.6661126374, porous lift: 0
Total lift: -0.6660319615, Front lift: -0.2187598522, Rear lift: -0.4472721093, Drag: 0.05153767719
Location of Center of Mass: ( 0.1583410946 0.4851455065 -0.0177077476 )
Location of Center Of Pressure: ( 0.1728309837 0.4851455065 -0.01658651728 )


yPlus yPlus execute:
    patch Bottom y+ : min = 1.578902094, max = 459.6165031, average = 236.1881129
    patch Top y+ : min = 61.18237386, max = 471.3433178, average = 266.9681083
    patch e423_0 y+ : min = 146.9893709, max = 745.148125, average = 397.2654464


################################################################################

Time = 136

Outer Loop Iteration = 136
smoothSolver:  Solving for Ux, Initial residual = 0.0004121692764, Final residual = 7.180223618e-06, No Iterations 2
smoothSolver:  Solving for Uz, Initial residual = 0.000288700007, Final residual = 7.322355174e-06, No Iterations 2
GAMG:  Solving for p, Initial residual = 0.0003621465463, Final residual = 1.62468865e-06, No Iterations 3
GAMG:  Solving for p, Initial residual = 3.786848632e-05, Final residual = 3.435236597e-07, No Iterations 2
GAMG:  Solving for p, Initial residual = 7.312627071e-06, Final residual = 6.949183601e-08, No Iterations 2
time step continuity errors (region0): sum local = 5.711418192e-09, global = -7.689233766e-10, cumulative = 2.524676258e-08
smoothSolver:  Solving for omega, Initial residual = 1.380567126e-05, Final residual = 1.171089486e-06, No Iterations 1
smoothSolver:  Solving for k, Initial residual = 0.0003792452441, Final residual = 1.048819879e-05, No Iterations 1

ExecutionTime = 1.66 s  ExecutionStepTime = 0.01 s  ClockTime = 1 s

forces FR write:
    Sum of forces
        Total    : ( 0.6204713782 0 -8.021240466 )
        Pressure : ( 0.5769231535 0 -8.022210938 )
        Viscous  : ( 0.04354822474 0 0.0009704714114 )
    Sum of moments
        Total    : ( -3.891468768 1.375962902 -0.301018901 )
        Pressure : ( -3.891939588 1.378279623 -0.2798916755 )
        Viscous  : ( 0.0004708198444 -0.002316721705 -0.02112722555 )


liftDrag LD execute:
Viscous drag: 0.003616371058, pressure drag: 0.04790937421, porous drag: 0
Viscous lift: 8.059076451e-05, pressure lift: -0.6661876949, porous lift: 0
Total lift: -0.6661071042, Front lift: -0.2187895966, Rear lift: -0.4473175076, Drag: 0.05152574527
Location of Center of Mass: ( 0.1583410946 0.4851455065 -0.0177077476 )
Location of Center Of Pressure: ( 0.1728230177 0.4851455065 -0.01658751953 )


yPlus yPlus execute:
    patch Bottom y+ : min = 1.578416362, max = 459.7163448, average = 236.1899419
    patch Top y+ : min = 61.17629242, max = 471.542551, average = 266.9594579
    patch e423_0 y+ : min = 147.0523369, max = 745.1917212, average = 397.2686548


################################################################################

Time = 137

Outer Loop Iteration = 137
smoothSolver:  Solving for Ux, Initial residual = 0.0003980942081, Final residual = 6.872501031e-06, No Iterations 2
smoothSolver:  Solving for Uz, Initial residual = 0.0002777325905, Final residual = 7.046289605e-06, No Iterations 2
GAMG:  Solving for p, Initial residual = 0.0003461502606, Final residual = 1.57755696e-06, No Iterations 3
GAMG:  Solving for p, Initial residual = 3.489932417e-05, Final residual = 3.286484407e-07, No Iterations 2
GAMG:  Solving for p, Initial residual = 6.672677605e-06, Final residual = 2.34330721e-08, No Iterations 3
time step continuity errors (region0): sum local = 1.925672267e-09, global = -3.881122475e-10, cumulative = 2.485865034e-08
smoothSolver:  Solving for omega, Initial residual = 1.328236713e-05, Final residual = 1.135463366e-06, No Iterations 1
smoothSolver:  Solving for k, Initial residual = 0.0003491521768, Final residual = 9.6666556e-06, No Iterations 1

ExecutionTime = 1.68 s  ExecutionStepTime = 0.02 s  ClockTime = 1 s

forces FR write:
    Sum of forces
        Total    : ( 0.6203385604 0 -8.02209064 )
        Pressure : ( 0.5767881407 0 -8.02306015 )
        Viscous  : ( 0.04355041968 0 0.0009695098648 )
    Sum of moments
        Total    : ( -3.891881226 1.376051591 -0.3009544651 )
        Pressure : ( -3.89235158 1.378368422 -0.2798261747 )
        Viscous  : ( 0.0004703533544 -0.002316831345 -0.02112829041 )


liftDrag LD execute:
Viscous drag: 0.003616553332, pressure drag: 0.04789816235, porous drag: 0
Viscous lift: 8.05109149e-05, pressure lift: -0.666258216, porous lift: 0
Total lift: -0.6661777051, Front lift: -0.218817532, Rear lift: -0.447360173, Drag: 0.05151471569
Location of Center of Mass: ( 0.1583410946 0.4851455065 -0.0177077476 )
Location of Center Of Pressure: ( 0.1728155553 0.4851455065 -0.01658845507 )


yPlus yPlus execute:
    patch Bottom y+ : min = 1.577812252, max = 459.7662162, average = 236.1801731
    patch Top y+ : min = 61.17435936, max = 471.7022684, average = 266.9353836
    patch e423_0 y+ : min = 147.1074855, max = 745.235459, average = 397.2724483


################################################################################

Time = 138

Outer Loop Iteration = 138
smoothSolver:  Solving for Ux, Initial residual = 0.0003837172955, Final residual = 6.570583379e-06, No Iterations 2
smoothSolver:  Solving for Uz, Initial residual = 0.0002675807349, Final residual = 6.75545441e-06, No Iterations 2
GAMG:  Solving for p, Initial residual = 0.0003341168549, Final residual = 1.520196841e-06, No Iterations 3
GAMG:  Solving for p, Initial residual = 3.187959078e-05, Final residual = 1.141504042e-07, No Iterations 3
GAMG:  Solving for p, Initial residual = 6.042217653e-06, Final residual = 4.656789096e-08, No Iterations 2
time step continuity errors (region0): sum local = 3.826365737e-09, global = -5.495346097e-10, cumulative = 2.430911573e-08
smoothSolver:  Solving for omega, Initial residual = 1.279693929e-05, Final residual = 1.10089779e-06, No Iterations 1
smoothSolver:  Solving for k, Initial residual = 0.00032142103, Final residual = 8.904262875e-06, No Iterations 1

ExecutionTime = 1.69 s  ExecutionStepTime = 0.01 s  ClockTime = 1 s

forces FR write:
    Sum of forces
        Total    : ( 0.6202191278 0 -8.022895049 )
        Pressure : ( 0.5766664362 0 -8.023863669 )
        Viscous  : ( 0.0435526915 0 0.0009686191284 )
    Sum of moments
        Total    : ( -3.892271482 1.376136708 -0.3008965229 )
        Pressure : ( -3.892741403 1.378453656 -0.2797671303 )
        Viscous  : ( 0.0004699212176 -0.002316948581 -0.02112939258 )


liftDrag LD execute:
Viscous drag: 0.003616741991, pressure drag: 0.04788805566, porous drag: 0
Viscous lift: 8.043694556e-05, pressure lift: -0.6663249425, porous lift: 0
Total lift: -0.6662445056, Front lift: -0.2188438639, Rear lift: -0.4474006417, Drag: 0.05150479765
Location of Center of Mass: ( 0.1583410946 0.4851455065 -0.0177077476 )
Location of Center Of Pressure: ( 0.172808657 0.4851455065 -0.01658931605 )


yPlus yPlus execute:
    patch Bottom y+ : min = 1.577093243, max = 459.7808893, average = 236.1611787
    patch Top y+ : min = 61.17606168, max = 471.8175644, average = 266.8967661
    patch e423_0 y+ : min = 147.1564552, max = 745.2795098, average = 397.2767996


################################################################################

Time = 139

Outer Loop Iteration = 139
smoothSolver:  Solving for Ux, Initial residual = 0.000369504231, Final residual = 6.282187912e-06, No Iterations 2
smoothSolver:  Solving for Uz, Initial residual = 0.0002581083235, Final residual = 6.4624734e-06, No Iterations 2
GAMG:  Solving for p, Initial residual = 0.0003224020463, Final residual = 1.487458972e-06, No Iterations 3
GAMG:  Solving for p, Initial residual = 3.522176791e-05, Final residual = 3.157176504e-07, No Iterations 2
GAMG:  Solving for p, Initial residual = 8.219658639e-06, Final residual = 2.972860897e-08, No Iterations 3
time step continuity errors (region0): sum local = 2.442502525e-09, global = 1.279430361e-10, cumulative = 2.443705876e-08
smoothSolver:  Solving for omega, Initial residual = 1.236085005e-05, Final residual = 1.069230379e-06, No Iterations 1
smoothSolver:  Solving for k, Initial residual = 0.0002959020948, Final residual = 8.196411657e-06, No Iterations 1

ExecutionTime = 1.7 s  ExecutionStepTime = 0.01 s  ClockTime = 1 s

forces FR write:
    Sum of forces
        Total    : ( 0.6201121278 0 -8.023645702 )
        Pressure : ( 0.5765571048 0 -8.024613507 )
        Viscous  : ( 0.04355502309 0 0.0009678047763 )
    Sum of moments
        Total    : ( -3.892635658 1.37621647 -0.3008446123 )
        Pressure : ( -3.893105184 1.378533543 -0.2797140886 )
        Viscous  : ( 0.0004695261384 -0.002317073146 -0.02113052374 )


liftDrag LD execute:
Viscous drag: 0.003616935613, pressure drag: 0.04787897646, porous drag: 0
Viscous lift: 8.036931939e-05, pressure lift: -0.6663872112, porous lift: 0
Total lift: -0.6663068419, Front lift: -0.2188684084, Rear lift: -0.4474384335, Drag: 0.05149591207
Location of Center of Mass: ( 0.1583410946 0.4851455065 -0.0177077476 )
Location of Center Of Pressure: ( 0.1728022707 0.4851455065 -0.0165901072 )


yPlus yPlus execute:
    patch Bottom y+ : min = 1.576196621, max = 459.7630679, average = 236.1368202
    patch Top y+ : min = 61.18061507, max = 471.8849035, average = 266.8436181
    patch e423_0 y+ : min = 147.2006644, max = 745.3235233, average = 397.2816922


################################################################################

Time = 140

Outer Loop Iteration = 140
smoothSolver:  Solving for Ux, Initial residual = 0.0003556284448, Final residual = 6.002163916e-06, No Iterations 2
smoothSolver:  Solving for Uz, Initial residual = 0.0002551906457, Final residual = 6.168018556e-06, No Iterations 2
GAMG:  Solving for p, Initial residual = 0.0003151396944, Final residual = 1.45451651e-06, No Iterations 3
GAMG:  Solving for p, Initial residual = 3.04027588e-05, Final residual = 1.218772632e-07, No Iterations 3
GAMG:  Solving for p, Initial residual = 5.566350217e-06, Final residual = 4.372177586e-08, No Iterations 2
time step continuity errors (region0): sum local = 3.591873072e-09, global = -1.789187136e-10, cumulative = 2.425814005e-08
smoothSolver:  Solving for omega, Initial residual = 1.195122607e-05, Final residual = 1.037864907e-06, No Iterations 1
smoothSolver:  Solving for k, Initial residual = 0.0002724232356, Final residual = 7.539127958e-06, No Iterations 1

ExecutionTime = 1.72 s  ExecutionStepTime = 0.02 s  ClockTime = 1 s

forces FR write:
    Sum of forces
        Total    : ( 0.6200180983 0 -8.024355613 )
        Pressure : ( 0.5764607006 0 -8.025322685 )
        Viscous  : ( 0.04355739768 0 0.0009670726498 )
    Sum of moments
        Total    : ( -3.892980068 1.37629343 -0.3007989943 )
        Pressure : ( -3.893449239 1.378610635 -0.2796673186 )
        Viscous  : ( 0.0004691709505 -0.002317204783 -0.02113167576 )


liftDrag LD execute:
Viscous drag: 0.003617132806, pressure drag: 0.04787097078, porous drag: 0
Viscous lift: 8.030852148e-05, pressure lift: -0.6664461035, porous lift: 0
Total lift: -0.666365795, Front lift: -0.2188914939, Rear lift: -0.4474743011, Drag: 0.05148810358
Location of Center of Mass: ( 0.1583410946 0.4851455065 -0.0177077476 )
Location of Center Of Pressure: ( 0.172796435 0.4851455065 -0.01659082643 )


yPlus yPlus execute:
    patch Bottom y+ : min = 1.575147303, max = 459.671126, average = 236.1000244
    patch Top y+ : min = 61.18832136, max = 471.8760674, average = 266.7783139
    patch e423_0 y+ : min = 147.2408641, max = 745.3669786, average = 397.2870804


################################################################################

Time = 141

Outer Loop Iteration = 141
smoothSolver:  Solving for Ux, Initial residual = 0.0003429808631, Final residual = 5.726504126e-06, No Iterations 2
smoothSolver:  Solving for Uz, Initial residual = 0.0002488814506, Final residual = 5.882752591e-06, No Iterations 2
GAMG:  Solving for p, Initial residual = 0.0003075921609, Final residual = 1.425914367e-06, No Iterations 3
GAMG:  Solving for p, Initial residual = 3.429804131e-05, Final residual = 1.367488225e-07, No Iterations 3
GAMG:  Solving for p, Initial residual = 7.179390296e-06, Final residual = 6.054663504e-08, No Iterations 2
time step continuity errors (region0): sum local = 4.973609432e-09, global = 2.331965023e-09, cumulative = 2.659010507e-08
smoothSolver:  Solving for omega, Initial residual = 1.155971511e-05, Final residual = 1.007456833e-06, No Iterations 1
smoothSolver:  Solving for k, Initial residual = 0.0002508233804, Final residual = 6.931694018e-06, No Iterations 1

ExecutionTime = 1.73 s  ExecutionStepTime = 0.01 s  ClockTime = 1 s

forces FR write:
    Sum of forces
        Total    : ( 0.6199361337 0 -8.025026075 )
        Pressure : ( 0.576376335 0 -8.025992501 )
        Viscous  : ( 0.04355979868 0 0.000966426217 )
    Sum of moments
        Total    : ( -3.893305339 1.376367548 -0.3007592296 )
        Pressure : ( -3.893774197 1.378684891 -0.279626389 )
        Viscous  : ( 0.0004688573365 -0.002317343026 -0.02113284059 )


liftDrag LD execute:
Viscous drag: 0.003617332192, pressure drag: 0.04786396481, porous drag: 0
Viscous lift: 8.025483982e-05, pressure lift: -0.6665017269, porous lift: 0
Total lift: -0.6664214721, Front lift: -0.2189131775, Rear lift: -0.4475082946, Drag: 0.05148129701
Location of Center of Mass: ( 0.1583410946 0.4851455065 -0.0177077476 )
Location of Center Of Pressure: ( 0.1727911152 0.4851455065 -0.01659147835 )


yPlus yPlus execute:
    patch Bottom y+ : min = 1.573965047, max = 459.5470324, average = 236.05644
    patch Top y+ : min = 61.19875979, max = 471.8375267, average = 266.7040427
    patch e423_0 y+ : min = 147.2773514, max = 745.4091839, average = 397.2929109


################################################################################

Time = 142

Outer Loop Iteration = 142
smoothSolver:  Solving for Ux, Initial residual = 0.0003311771583, Final residual = 5.462293689e-06, No Iterations 2
smoothSolver:  Solving for Uz, Initial residual = 0.0002397791354, Final residual = 5.595195047e-06, No Iterations 2
GAMG:  Solving for p, Initial residual = 0.0002987337539, Final residual = 1.402842452e-06, No Iterations 3
GAMG:  Solving for p, Initial residual = 3.203270448e-05, Final residual = 1.349327189e-07, No Iterations 3
GAMG:  Solving for p, Initial residual = 6.874963009e-06, Final residual = 6.094959882e-08, No Iterations 2
time step continuity errors (region0): sum local = 5.006339848e-09, global = 2.515998335e-09, cumulative = 2.910610341e-08
smoothSolver:  Solving for omega, Initial residual = 1.118668423e-05, Final residual = 9.765480668e-07, No Iterations 1
smoothSolver:  Solving for k, Initial residual = 0.0002309595086, Final residual = 6.369903798e-06, No Iterations 1

ExecutionTime = 1.74 s  ExecutionStepTime = 0.01 s  ClockTime = 1 s

forces FR write:
    Sum of forces
        Total    : ( 0.6198661441 0 -8.025661593 )
        Pressure : ( 0.5763039327 0 -8.02662746 )
        Viscous  : ( 0.04356221138 0 0.0009658667633 )
    Sum of moments
        Total    : ( -3.893613658 1.376439604 -0.3007252744 )
        Pressure : ( -3.894082244 1.378757092 -0.2795912633 )
        Viscous  : ( 0.00046858592 -0.002317487339 -0.0211340111 )


liftDrag LD execute:
Viscous drag: 0.003617532549, pressure drag: 0.04785795232, porous drag: 0
Viscous lift: 8.020838116e-05, pressure lift: -0.6665544558, porous lift: 0
Total lift: -0.6664742474, Front lift: -0.2189335814, Rear lift: -0.447540666, Drag: 0.05147548486
Location of Center of Mass: ( 0.1583410946 0.4851455065 -0.0177077476 )
Location of Center Of Pressure: ( 0.1727863114 0.4851455065 -0.01659206378 )


yPlus yPlus execute:
    patch Bottom y+ : min = 1.572677421, max = 459.4038793, average = 236.0075036
    patch Top y+ : min = 61.21130326, max = 471.7758898, average = 266.6214694
    patch e423_0 y+ : min = 147.3102213, max = 745.4495391, average = 397.2991189


################################################################################

Time = 143

Outer Loop Iteration = 143
smoothSolver:  Solving for Ux, Initial residual = 0.0003194556461, Final residual = 5.204296697e-06, No Iterations 2
smoothSolver:  Solving for Uz, Initial residual = 0.0002315137786, Final residual = 5.309051446e-06, No Iterations 2
GAMG:  Solving for p, Initial residual = 0.0002898176915, Final residual = 1.380097376e-06, No Iterations 3
GAMG:  Solving for p, Initial residual = 3.02558782e-05, Final residual = 1.311104566e-07, No Iterations 3
GAMG:  Solving for p, Initial residual = 6.500689699e-06, Final residual = 5.987255732e-08, No Iterations 2
time step continuity errors (region0): sum local = 4.917609707e-09, global = 2.377198149e-09, cumulative = 3.148330156e-08
smoothSolver:  Solving for omega, Initial residual = 1.082798369e-05, Final residual = 9.439060207e-07, No Iterations 1
smoothSolver:  Solving for k, Initial residual = 0.0002126972635, Final residual = 5.85036527e-06, No Iterations 1

ExecutionTime = 1.76 s  ExecutionStepTime = 0.02 s  ClockTime = 1 s

forces FR write:
    Sum of forces
        Total    : ( 0.6198076549 0 -8.026264095 )
        Pressure : ( 0.576243032 0 -8.027229489 )
        Viscous  : ( 0.04356462283 0 0.0009653933835 )
    Sum of moments
        Total    : ( -3.89390596 1.376509849 -0.3006968986 )
        Pressure : ( -3.894374316 1.378827487 -0.2795617176 )
        Viscous  : ( 0.000468356262 -0.00231763714 -0.02113518101 )


liftDrag LD execute:
Viscous drag: 0.003617732804, pressure drag: 0.04785289495, porous drag: 0
Viscous lift: 8.016907033e-05, pressure lift: -0.66660445, porous lift: 0
Total lift: -0.6665242809, Front lift: -0.2189527648, Rear lift: -0.4475715161, Drag: 0.05147062775
Location of Center of Mass: ( 0.1583410946 0.4851455065 -0.0177077476 )
Location of Center Of Pressure: ( 0.1727820122 0.4851455065 -0.01659258479 )


yPlus yPlus execute:
    patch Bottom y+ : min = 1.571303774, max = 459.2367115, average = 235.9543104
    patch Top y+ : min = 61.22568213, max = 471.6882795, average = 266.5314827
    patch e423_0 y+ : min = 147.3395882, max = 745.4875665, average = 397.3056382


################################################################################

Time = 144

Outer Loop Iteration = 144
smoothSolver:  Solving for Ux, Initial residual = 0.0003075347133, Final residual = 4.960522711e-06, No Iterations 2
smoothSolver:  Solving for Uz, Initial residual = 0.0002238791145, Final residual = 5.028202839e-06, No Iterations 2
GAMG:  Solving for p, Initial residual = 0.0002802041336, Final residual = 1.360323032e-06, No Iterations 3
GAMG:  Solving for p, Initial residual = 2.830089529e-05, Final residual = 1.287940607e-07, No Iterations 3
GAMG:  Solving for p, Initial residual = 6.027024699e-06, Final residual = 5.774758733e-08, No Iterations 2
time step continuity errors (region0): sum local = 4.742971598e-09, global = 2.12740831e-09, cumulative = 3.361070987e-08
smoothSolver:  Solving for omega, Initial residual = 1.047714822e-05, Final residual = 9.121989242e-07, No Iterations 1
smoothSolver:  Solving for k, Initial residual = 0.0001959026014, Final residual = 5.370666133e-06, No Iterations 1

ExecutionTime = 1.77 s  ExecutionStepTime = 0.01 s  ClockTime = 1 s

forces FR write:
    Sum of forces
        Total    : ( 0.6197601633 0 -8.026835427 )
        Pressure : ( 0.576193142 0 -8.02780043 )
        Viscous  : ( 0.04356702129 0 0.000965003558 )
    Sum of moments
        Total    : ( -3.894183138 1.376578514 -0.3006738583 )
        Pressure : ( -3.894651305 1.378896306 -0.2795375137 )
        Viscous  : ( 0.0004681671399 -0.002317791823 -0.02113634461 )


liftDrag LD execute:
Viscous drag: 0.003617931979, pressure drag: 0.04784875194, porous drag: 0
Viscous lift: 8.013669809e-05, pressure lift: -0.6666518626, porous lift: 0
Total lift: -0.6665717259, Front lift: -0.2189707852, Rear lift: -0.4476009407, Drag: 0.05146668391
Location of Center of Mass: ( 0.1583410946 0.4851455065 -0.0177077476 )
Location of Center Of Pressure: ( 0.1727782056 0.4851455065 -0.01659304352 )


yPlus yPlus execute:
    patch Bottom y+ : min = 1.569865386, max = 459.0497908, average = 235.8983473
    patch Top y+ : min = 61.24154174, max = 471.5743591, average = 266.4353329
    patch e423_0 y+ : min = 147.3656457, max = 745.5229822, average = 397.3124022


################################################################################

Time = 145

Outer Loop Iteration = 145
smoothSolver:  Solving for Ux, Initial residual = 0.0002952850981, Final residual = 4.733437781e-06, No Iterations 2
smoothSolver:  Solving for Uz, Initial residual = 0.0002162986705, Final residual = 4.762003842e-06, No Iterations 2
GAMG:  Solving for p, Initial residual = 0.0002706291938, Final residual = 1.333872903e-06, No Iterations 3
GAMG:  Solving for p, Initial residual = 2.857189791e-05, Final residual = 1.1023214e-07, No Iterations 3
GAMG:  Solving for p, Initial residual = 6.65492927e-06, Final residual = 5.776308753e-08, No Iterations 2
time step continuity errors (region0): sum local = 4.744268371e-09, global = -4.275780938e-10, cumulative = 3.318313177e-08
smoothSolver:  Solving for omega, Initial residual = 1.013270901e-05, Final residual = 8.804141645e-07, No Iterations 1
smoothSolver:  Solving for k, Initial residual = 0.0001804535579, Final residual = 4.928995645e-06, No Iterations 1

ExecutionTime = 1.78 s  ExecutionStepTime = 0.01 s  ClockTime = 1 s

forces FR write:
    Sum of forces
        Total    : ( 0.619722997 0 -8.027377096 )
        Pressure : ( 0.576153601 0 -8.02834179 )
        Viscous  : ( 0.04356939596 0 0.000964693681 )
    Sum of moments
        Total    : ( -3.894445927 1.376645711 -0.3006558272 )
        Pressure : ( -3.894913944 1.378963662 -0.2795183306 )
        Viscous  : ( 0.0004680168044 -0.002317950768 -0.02113749667 )


liftDrag LD execute:
Viscous drag: 0.003618129178, pressure drag: 0.04784546834, porous drag: 0
Viscous lift: 8.0110965e-05, pressure lift: -0.6666968187, porous lift: 0
Total lift: -0.6666167077, Front lift: -0.2189876959, Rear lift: -0.4476290118, Drag: 0.05146359751
Location of Center of Mass: ( 0.1583410946 0.4851455065 -0.0177077476 )
Location of Center Of Pressure: ( 0.1727748718 0.4851455065 -0.01659344295 )


yPlus yPlus execute:
    patch Bottom y+ : min = 1.568378258, max = 458.8506569, average = 235.8410083
    patch Top y+ : min = 61.2585447, max = 471.4367785, average = 266.3341465
    patch e423_0 y+ : min = 147.3886514, max = 745.5556806, average = 397.3193481


################################################################################

Time = 146

Outer Loop Iteration = 146
smoothSolver:  Solving for Ux, Initial residual = 0.0002831801375, Final residual = 4.510911707e-06, No Iterations 2
smoothSolver:  Solving for Uz, Initial residual = 0.0002088264831, Final residual = 4.508271131e-06, No Iterations 2
GAMG:  Solving for p, Initial residual = 0.0002602064035, Final residual = 1.302816154e-06, No Iterations 3
GAMG:  Solving for p, Initial residual = 2.574294388e-05, Final residual = 1.052912445e-07, No Iterations 3
GAMG:  Solving for p, Initial residual = 5.466336732e-06, Final residual = 4.781213679e-08, No Iterations 2
time step continuity errors (region0): sum local = 3.927044109e-09, global = -4.800363746e-10, cumulative = 3.27030954e-08
smoothSolver:  Solving for omega, Initial residual = 9.797926581e-06, Final residual = 8.469464558e-07, No Iterations 1
smoothSolver:  Solving for k, Initial residual = 0.0001662434203, Final residual = 4.519246166e-06, No Iterations 1

ExecutionTime = 1.8 s  ExecutionStepTime = 0.02 s  ClockTime = 1 s

forces FR write:
    Sum of forces
        Total    : ( 0.6196953312 0 -8.027890435 )
        Pressure : ( 0.5761235942 0 -8.028854894 )
        Viscous  : ( 0.04357173707 0 0.000964459478 )
    Sum of moments
        Total    : ( -3.894694971 1.376711468 -0.3006424053 )
        Pressure : ( -3.895162874 1.379029581 -0.2795037729 )
        Viscous  : ( 0.0004679031819 -0.002318113352 -0.02113863245 )


liftDrag LD execute:
Viscous drag: 0.00361832359, pressure drag: 0.04784297648, porous drag: 0
Viscous lift: 8.00915161e-05, pressure lift: -0.6667394284, porous lift: 0
Total lift: -0.6666593369, Front lift: -0.2190035498, Rear lift: -0.447655787, Drag: 0.05146130007
Location of Center of Mass: ( 0.1583410946 0.4851455065 -0.0177077476 )
Location of Center Of Pressure: ( 0.1727719843 0.4851455065 -0.01659378684 )


yPlus yPlus execute:
    patch Bottom y+ : min = 1.566857123, max = 458.6444672, average = 235.7822735
    patch Top y+ : min = 61.2765434, max = 471.2796057, average = 266.2293062
    patch e423_0 y+ : min = 147.4088851, max = 745.5856939, average = 397.3264184


################################################################################

Time = 147

Outer Loop Iteration = 147
smoothSolver:  Solving for Ux, Initial residual = 0.0002708694732, Final residual = 4.300239528e-06, No Iterations 2
smoothSolver:  Solving for Uz, Initial residual = 0.0002019632876, Final residual = 4.27146312e-06, No Iterations 2
GAMG:  Solving for p, Initial residual = 0.0002481930694, Final residual = 1.270331237e-06, No Iterations 3
GAMG:  Solving for p, Initial residual = 2.322391363e-05, Final residual = 9.88493835e-08, No Iterations 3
GAMG:  Solving for p, Initial residual = 5.013470806e-06, Final residual = 4.577770601e-08, No Iterations 2
time step continuity errors (region0): sum local = 3.760088686e-09, global = -5.334425527e-11, cumulative = 3.264975114e-08
smoothSolver:  Solving for omega, Initial residual = 9.46790026e-06, Final residual = 8.126900329e-07, No Iterations 1
smoothSolver:  Solving for k, Initial residual = 0.0001531594764, Final residual = 4.139218877e-06, No Iterations 1

ExecutionTime = 1.81 s  ExecutionStepTime = 0.01 s  ClockTime = 1 s

forces FR write:
    Sum of forces
        Total    : ( 0.6196762803 0 -8.028376891 )
        Pressure : ( 0.5761022442 0 -8.029341187 )
        Viscous  : ( 0.04357403609 0 0.0009642962427 )
    Sum of moments
        Total    : ( -3.894930973 1.376775797 -0.3006331628 )
        Pressure : ( -3.895398797 1.379094076 -0.279493415 )
        Viscous  : ( 0.0004678239891 -0.002318278954 -0.02113974781 )


liftDrag LD execute:
Viscous drag: 0.003618514507, pressure drag: 0.04784120351, porous drag: 0
Viscous lift: 8.007796057e-05, pressure lift: -0.6667798116, porous lift: 0
Total lift: -0.6666997336, Front lift: -0.2190184061, Rear lift: -0.4476813275, Drag: 0.05145971802
Location of Center of Mass: ( 0.1583410946 0.4851455065 -0.0177077476 )
Location of Center Of Pressure: ( 0.1727695117 0.4851455065 -0.01659407943 )


yPlus yPlus execute:
    patch Bottom y+ : min = 1.565313015, max = 458.4313884, average = 235.7229779
    patch Top y+ : min = 61.2952553, max = 471.1062745, average = 266.1216055
    patch e423_0 y+ : min = 147.4266209, max = 745.6131429, average = 397.3335632


################################################################################

Time = 148

Outer Loop Iteration = 148
smoothSolver:  Solving for Ux, Initial residual = 0.0002586862755, Final residual = 4.108928424e-06, No Iterations 2
smoothSolver:  Solving for Uz, Initial residual = 0.0001951846732, Final residual = 4.051417633e-06, No Iterations 2
GAMG:  Solving for p, Initial residual = 0.0002357981476, Final residual = 1.237117053e-06, No Iterations 3
GAMG:  Solving for p, Initial residual = 2.185517972e-05, Final residual = 9.571342625e-08, No Iterations 3
GAMG:  Solving for p, Initial residual = 4.647079788e-06, Final residual = 4.40857033e-08, No Iterations 2
time step continuity errors (region0): sum local = 3.621289461e-09, global = 4.220117927e-11, cumulative = 3.269195232e-08
smoothSolver:  Solving for omega, Initial residual = 9.144742636e-06, Final residual = 7.784417453e-07, No Iterations 1
smoothSolver:  Solving for k, Initial residual = 0.0001411159273, Final residual = 3.788282809e-06, No Iterations 1

ExecutionTime = 1.84 s  ExecutionStepTime = 0.03 s  ClockTime = 2 s

forces FR write:
    Sum of forces
        Total    : ( 0.6196648692 0 -8.028837718 )
        Pressure : ( 0.5760885834 0 -8.029801917 )
        Viscous  : ( 0.0435762858 0 0.0009641989812 )
    Sum of moments
        Total    : ( -3.895154541 1.376838642 -0.3006276268 )
        Pressure : ( -3.895622318 1.379157089 -0.2794867876 )
        Viscous  : ( 0.000467776803 -0.002318446963 -0.02114083924 )


liftDrag LD execute:
Viscous drag: 0.00361870133, pressure drag: 0.04784006909, porous drag: 0
Viscous lift: 8.006988369e-05, pressure lift: -0.6668180719, porous lift: 0
Total lift: -0.666738002, Front lift: -0.2190323215, Rear lift: -0.4477056806, Drag: 0.05145877042
Location of Center of Mass: ( 0.1583410946 0.4851455065 -0.0177077476 )
Location of Center Of Pressure: ( 0.1727674181 0.4851455065 -0.01659432544 )


yPlus yPlus execute:
    patch Bottom y+ : min = 1.563754472, max = 458.2172905, average = 235.6646593
    patch Top y+ : min = 61.31411977, max = 470.9223657, average = 266.0129819
    patch e423_0 y+ : min = 147.4421115, max = 745.6381914, average = 397.3407398


################################################################################

Time = 149

Outer Loop Iteration = 149
smoothSolver:  Solving for Ux, Initial residual = 0.0002471322126, Final residual = 3.930290867e-06, No Iterations 2
smoothSolver:  Solving for Uz, Initial residual = 0.0001883846522, Final residual = 3.845962464e-06, No Iterations 2
GAMG:  Solving for p, Initial residual = 0.000223534717, Final residual = 1.194418922e-06, No Iterations 3
GAMG:  Solving for p, Initial residual = 2.001108863e-05, Final residual = 8.977282622e-08, No Iterations 3
GAMG:  Solving for p, Initial residual = 4.12717153e-06, Final residual = 4.01191019e-08, No Iterations 2
time step continuity errors (region0): sum local = 3.295678982e-09, global = 7.319992947e-11, cumulative = 3.276515225e-08
smoothSolver:  Solving for omega, Initial residual = 8.83115314e-06, Final residual = 7.436377703e-07, No Iterations 1
smoothSolver:  Solving for k, Initial residual = 0.0001300205582, Final residual = 3.46434362e-06, No Iterations 1

ExecutionTime = 1.85 s  ExecutionStepTime = 0.01 s  ClockTime = 2 s

forces FR write:
    Sum of forces
        Total    : ( 0.6196601423 0 -8.029274196 )
        Pressure : ( 0.5760816619 0 -8.030238358 )
        Viscous  : ( 0.04357848046 0 0.0009641625167 )
    Sum of moments
        Total    : ( -3.895366296 1.376899937 -0.3006253336 )
        Pressure : ( -3.895834055 1.379218554 -0.2794834296 )
        Viscous  : ( 0.0004677591125 -0.002318616795 -0.02114190397 )


liftDrag LD execute:
Viscous drag: 0.003618883581, pressure drag: 0.0478394943, porous drag: 0
Viscous lift: 8.006685557e-05, pressure lift: -0.6668543153, porous lift: 0
Total lift: -0.6667742484, Front lift: -0.2190453546, Rear lift: -0.4477288938, Drag: 0.05145837788
Location of Center of Mass: ( 0.1583410946 0.4851455065 -0.0177077476 )
Location of Center Of Pressure: ( 0.1727656662 0.4851455065 -0.01659452966 )


yPlus yPlus execute:
    patch Bottom y+ : min = 1.56220176, max = 458.0068359, average = 235.607641
    patch Top y+ : min = 61.33318608, max = 470.7327739, average = 265.9043564
    patch e423_0 y+ : min = 147.4555896, max = 745.6610159, average = 397.3479136


################################################################################

Time = 150

Outer Loop Iteration = 150
smoothSolver:  Solving for Ux, Initial residual = 0.0002365320628, Final residual = 3.764518866e-06, No Iterations 2
smoothSolver:  Solving for Uz, Initial residual = 0.0001812416462, Final residual = 3.644811986e-06, No Iterations 2
GAMG:  Solving for p, Initial residual = 0.000211231359, Final residual = 1.151509312e-06, No Iterations 3
GAMG:  Solving for p, Initial residual = 1.803484292e-05, Final residual = 8.307262237e-08, No Iterations 3
GAMG:  Solving for p, Initial residual = 3.624495785e-06, Final residual = 1.132857308e-08, No Iterations 3
time step continuity errors (region0): sum local = 9.306814662e-10, global = 1.11892607e-10, cumulative = 3.287704486e-08
smoothSolver:  Solving for omega, Initial residual = 8.523409009e-06, Final residual = 7.088500554e-07, No Iterations 1
smoothSolver:  Solving for k, Initial residual = 0.0001197954352, Final residual = 3.166882361e-06, No Iterations 1

ExecutionTime = 1.86 s  ExecutionStepTime = 0.01 s  ClockTime = 2 s

forces FR write:
    Sum of forces
        Total    : ( 0.6196611869 0 -8.029687625 )
        Pressure : ( 0.5760805712 0 -8.030651806 )
        Viscous  : ( 0.04358061567 0 0.0009641815479 )
    Sum of moments
        Total    : ( -3.895566869 1.376959625 -0.3006258404 )
        Pressure : ( -3.896034638 1.379278413 -0.2794829005 )
        Viscous  : ( 0.0004677683454 -0.002318787889 -0.02114293986 )


liftDrag LD execute:
Viscous drag: 0.003619060895, pressure drag: 0.04783940373, porous drag: 0
Viscous lift: 8.006843598e-05, pressure lift: -0.6668886492, porous lift: 0
Total lift: -0.6668085807, Front lift: -0.219057564, Rear lift: -0.4477510167, Drag: 0.05145846462
Location of Center of Mass: ( 0.1583410946 0.4851455065 -0.0177077476 )
Location of Center Of Pressure: ( 0.1727642194 0.4851455065 -0.01659469675 )


yPlus yPlus execute:
    patch Bottom y+ : min = 1.560663962, max = 457.8020439, average = 235.5524703
    patch Top y+ : min = 61.35225303, max = 470.5417182, average = 265.7967
    patch e423_0 y+ : min = 147.4672733, max = 745.6817884, average = 397.3550567


################################################################################

Time = 151

Outer Loop Iteration = 151
smoothSolver:  Solving for Ux, Initial residual = 0.0002266616995, Final residual = 3.601471038e-06, No Iterations 2
smoothSolver:  Solving for Uz, Initial residual = 0.0001742459813, Final residual = 3.452192445e-06, No Iterations 2
GAMG:  Solving for p, Initial residual = 0.0002002988757, Final residual = 1.104506507e-06, No Iterations 3
GAMG:  Solving for p, Initial residual = 1.711743288e-05, Final residual = 7.920920167e-08, No Iterations 3
GAMG:  Solving for p, Initial residual = 3.123434922e-06, Final residual = 1.005076962e-08, No Iterations 3
time step continuity errors (region0): sum local = 8.257725071e-10, global = 9.275776788e-11, cumulative = 3.296980263e-08
smoothSolver:  Solving for omega, Initial residual = 8.221768455e-06, Final residual = 6.73822729e-07, No Iterations 1
smoothSolver:  Solving for k, Initial residual = 0.0001103683477, Final residual = 2.891576154e-06, No Iterations 1

ExecutionTime = 1.87 s  ExecutionStepTime = 0.01 s  ClockTime = 2 s

forces FR write:
    Sum of forces
        Total    : ( 0.6196671911 0 -8.030079621 )
        Pressure : ( 0.5760845025 0 -8.031043872 )
        Viscous  : ( 0.04358268859 0 0.0009642507863 )
    Sum of moments
        Total    : ( -3.895757045 1.377017712 -0.3006287532 )
        Pressure : ( -3.896224847 1.379336672 -0.2794848077 )
        Viscous  : ( 0.0004678019361 -0.002318959742 -0.02114394553 )


liftDrag LD execute:
Viscous drag: 0.003619233037, pressure drag: 0.04783973019, porous drag: 0
Viscous lift: 8.007418574e-05, pressure lift: -0.6669212074, porous lift: 0
Total lift: -0.6668411333, Front lift: -0.2190690166, Rear lift: -0.4477721167, Drag: 0.05145896323
Location of Center of Mass: ( 0.1583410946 0.4851455065 -0.0177077476 )
Location of Center Of Pressure: ( 0.1727630422 0.4851455065 -0.01659483114 )


yPlus yPlus execute:
    patch Bottom y+ : min = 1.55914833, max = 457.6034912, average = 235.499647
    patch Top y+ : min = 61.37108553, max = 470.3502344, average = 265.6908045
    patch e423_0 y+ : min = 147.4773679, max = 745.7006754, average = 397.3621485


################################################################################

Time = 152

Outer Loop Iteration = 152
smoothSolver:  Solving for Ux, Initial residual = 0.0002180722259, Final residual = 3.449429925e-06, No Iterations 2
smoothSolver:  Solving for Uz, Initial residual = 0.0001675634288, Final residual = 3.273720914e-06, No Iterations 2
GAMG:  Solving for p, Initial residual = 0.0001946351231, Final residual = 1.058417243e-06, No Iterations 3
GAMG:  Solving for p, Initial residual = 1.734959702e-05, Final residual = 7.406715998e-08, No Iterations 3
GAMG:  Solving for p, Initial residual = 2.980333977e-06, Final residual = 2.879577976e-08, No Iterations 2
time step continuity errors (region0): sum local = 2.366074375e-09, global = 2.958072445e-10, cumulative = 3.326560987e-08
smoothSolver:  Solving for omega, Initial residual = 7.917415261e-06, Final residual = 6.405108119e-07, No Iterations 1
smoothSolver:  Solving for k, Initial residual = 0.0001016699331, Final residual = 2.638012895e-06, No Iterations 1

ExecutionTime = 1.88 s  ExecutionStepTime = 0.01 s  ClockTime = 2 s

forces FR write:
    Sum of forces
        Total    : ( 0.619677357 0 -8.030451492 )
        Pressure : ( 0.5760926599 0 -8.031415857 )
        Viscous  : ( 0.04358469716 0 0.0009643650523 )
    Sum of moments
        Total    : ( -3.895937456 1.377074171 -0.3006336852 )
        Pressure : ( -3.896405314 1.379393303 -0.2794887652 )
        Viscous  : ( 0.0004678573717 -0.002319131868 -0.02114491998 )


liftDrag LD execute:
Viscous drag: 0.003619399834, pressure drag: 0.0478404076, porous drag: 0
Viscous lift: 8.008367472e-05, pressure lift: -0.6669520982, porous lift: 0
Total lift: -0.6668720145, Front lift: -0.2190797687, Rear lift: -0.4477922458, Drag: 0.05145980744
Location of Center of Mass: ( 0.1583410946 0.4851455065 -0.0177077476 )
Location of Center Of Pressure: ( 0.1727621017 0.4851455065 -0.016594937 )


yPlus yPlus execute:
    patch Bottom y+ : min = 1.557663636, max = 457.4098281, average = 235.4496406
    patch Top y+ : min = 61.38958526, max = 470.1579244, average = 265.587151
    patch e423_0 y+ : min = 147.4860716, max = 745.7178345, average = 397.3691712


################################################################################

Time = 153

Outer Loop Iteration = 153
smoothSolver:  Solving for Ux, Initial residual = 0.0002097809379, Final residual = 3.302630353e-06, No Iterations 2
smoothSolver:  Solving for Uz, Initial residual = 0.0001621283653, Final residual = 3.126358733e-06, No Iterations 2
GAMG:  Solving for p, Initial residual = 0.0001895229491, Final residual = 1.018388611e-06, No Iterations 3
GAMG:  Solving for p, Initial residual = 1.816290604e-05, Final residual = 7.037483629e-08, No Iterations 3
GAMG:  Solving for p, Initial residual = 3.217513855e-06, Final residual = 2.531145997e-08, No Iterations 2
time step continuity errors (region0): sum local = 2.079979151e-09, global = 3.035417102e-10, cumulative = 3.356915158e-08
smoothSolver:  Solving for omega, Initial residual = 7.615318793e-06, Final residual = 6.085030167e-07, No Iterations 1
smoothSolver:  Solving for k, Initial residual = 9.364234247e-05, Final residual = 2.405456201e-06, No Iterations 1

ExecutionTime = 1.89 s  ExecutionStepTime = 0.01 s  ClockTime = 2 s

forces FR write:
    Sum of forces
        Total    : ( 0.6196909868 0 -8.030804805 )
        Pressure : ( 0.5761043459 0 -8.031769324 )
        Viscous  : ( 0.04358664082 0 0.000964518842 )
    Sum of moments
        Total    : ( -3.896108864 1.377129044 -0.3006402976 )
        Pressure : ( -3.896576796 1.379448348 -0.2794944347 )
        Viscous  : ( 0.0004679319821 -0.002319303815 -0.02114586294 )


liftDrag LD execute:
Viscous drag: 0.003619561241, pressure drag: 0.04784137805, porous drag: 0
Viscous lift: 8.009644586e-05, pressure lift: -0.6669814511, porous lift: 0
Total lift: -0.6669013546, Front lift: -0.219089882, Rear lift: -0.4478114727, Drag: 0.05146093929
Location of Center of Mass: ( 0.1583410946 0.4851455065 -0.0177077476 )
Location of Center Of Pressure: ( 0.1727613683 0.4851455065 -0.01659501807 )


yPlus yPlus execute:
    patch Bottom y+ : min = 1.556218428, max = 457.2220332, average = 235.4026585
    patch Top y+ : min = 61.40772204, max = 469.9651975, average = 265.4864614
    patch e423_0 y+ : min = 147.4935771, max = 745.7334201, average = 397.3761122


################################################################################

Time = 154

Outer Loop Iteration = 154
smoothSolver:  Solving for Ux, Initial residual = 0.0002014981172, Final residual = 3.171450867e-06, No Iterations 2
smoothSolver:  Solving for Uz, Initial residual = 0.0001568529529, Final residual = 2.991700364e-06, No Iterations 2
GAMG:  Solving for p, Initial residual = 0.0001841089721, Final residual = 9.760173174e-07, No Iterations 3
GAMG:  Solving for p, Initial residual = 1.886835285e-05, Final residual = 1.870990315e-07, No Iterations 2
GAMG:  Solving for p, Initial residual = 3.568745886e-06, Final residual = 3.281349976e-08, No Iterations 2
time step continuity errors (region0): sum local = 2.696741416e-09, global = 6.525778989e-10, cumulative = 3.422172948e-08
smoothSolver:  Solving for omega, Initial residual = 7.319115815e-06, Final residual = 5.771689333e-07, No Iterations 1
smoothSolver:  Solving for k, Initial residual = 8.622570752e-05, Final residual = 2.190902654e-06, No Iterations 1

ExecutionTime = 1.9 s  ExecutionStepTime = 0.01 s  ClockTime = 2 s

forces FR write:
    Sum of forces
        Total    : ( 0.6197075162 0 -8.031141518 )
        Pressure : ( 0.5761189965 0 -8.032106225 )
        Viscous  : ( 0.04358851971 0 0.000964707085 )
    Sum of moments
        Total    : ( -3.896272219 1.377182462 -0.3006483168 )
        Pressure : ( -3.896740243 1.379501937 -0.2795015423 )
        Viscous  : ( 0.0004680233074 -0.002319475179 -0.02114677447 )


liftDrag LD execute:
Viscous drag: 0.00361971727, pressure drag: 0.04784259467, porous drag: 0
Viscous lift: 8.011207811e-05, pressure lift: -0.6670094283, porous lift: 0
Total lift: -0.6669293163, Front lift: -0.2190994268, Rear lift: -0.4478298895, Drag: 0.05146231194
Location of Center of Mass: ( 0.1583410946 0.4851455065 -0.0177077476 )
Location of Center Of Pressure: ( 0.1727608153 0.4851455065 -0.01659507772 )


yPlus yPlus execute:
    patch Bottom y+ : min = 1.554815344, max = 457.0413383, average = 235.359049
    patch Top y+ : min = 61.42521263, max = 469.7741008, average = 265.3894917
    patch e423_0 y+ : min = 147.500063, max = 745.7475799, average = 397.3829607


################################################################################

Time = 155

Outer Loop Iteration = 155
smoothSolver:  Solving for Ux, Initial residual = 0.000192973734, Final residual = 3.04606676e-06, No Iterations 2
smoothSolver:  Solving for Uz, Initial residual = 0.0001521493292, Final residual = 2.879956787e-06, No Iterations 2
GAMG:  Solving for p, Initial residual = 0.0001799354961, Final residual = 9.355463903e-07, No Iterations 3
GAMG:  Solving for p, Initial residual = 1.96925017e-05, Final residual = 1.792356283e-07, No Iterations 2
GAMG:  Solving for p, Initial residual = 3.845276655e-06, Final residual = 3.193020784e-08, No Iterations 2
time step continuity errors (region0): sum local = 2.624441227e-09, global = 5.996812613e-10, cumulative = 3.482141074e-08
smoothSolver:  Solving for omega, Initial residual = 7.027378392e-06, Final residual = 5.487452771e-07, No Iterations 1
smoothSolver:  Solving for k, Initial residual = 7.93780551e-05, Final residual = 1.994165595e-06, No Iterations 1

ExecutionTime = 1.91 s  ExecutionStepTime = 0.01 s  ClockTime = 2 s

forces FR write:
    Sum of forces
        Total    : ( 0.6197264766 0 -8.031463729 )
        Pressure : ( 0.5761361422 0 -8.032428654 )
        Viscous  : ( 0.04359033437 0 0.0009649248039 )
    Sum of moments
        Total    : ( -3.896428539 1.377234618 -0.3006575153 )
        Pressure : ( -3.896896667 1.379554264 -0.2795098605 )
        Viscous  : ( 0.0004681289327 -0.002319645546 -0.02114765485 )


liftDrag LD execute:
Viscous drag: 0.003619867965, pressure drag: 0.0478440185, porous drag: 0
Viscous lift: 8.013015812e-05, pressure lift: -0.6670362038, porous lift: 0
Total lift: -0.6669560736, Front lift: -0.2191084743, Rear lift: -0.4478475994, Drag: 0.05146388647
Location of Center of Mass: ( 0.1583410946 0.4851455065 -0.0177077476 )
Location of Center Of Pressure: ( 0.1727604207 0.4851455065 -0.01659511877 )


yPlus yPlus execute:
    patch Bottom y+ : min = 1.553462803, max = 456.8702695, average = 235.3191185
    patch Top y+ : min = 61.44204122, max = 469.5903854, average = 265.2972381
    patch e423_0 y+ : min = 147.5057031, max = 745.76045, average = 397.3897059


################################################################################

Time = 156

Outer Loop Iteration = 156
smoothSolver:  Solving for Ux, Initial residual = 0.0001844911752, Final residual = 2.921992797e-06, No Iterations 2
smoothSolver:  Solving for Uz, Initial residual = 0.0001470444461, Final residual = 2.783877493e-06, No Iterations 2
GAMG:  Solving for p, Initial residual = 0.0001756465733, Final residual = 8.978650026e-07, No Iterations 3
GAMG:  Solving for p, Initial residual = 2.033344575e-05, Final residual = 1.725298373e-07, No Iterations 2
GAMG:  Solving for p, Initial residual = 4.087018416e-06, Final residual = 3.195336963e-08, No Iterations 2
time step continuity errors (region0): sum local = 2.626650372e-09, global = 5.553603238e-10, cumulative = 3.537677107e-08
smoothSolver:  Solving for omega, Initial residual = 6.739522567e-06, Final residual = 5.215863002e-07, No Iterations 1
smoothSolver:  Solving for k, Initial residual = 7.304753804e-05, Final residual = 1.812762661e-06, No Iterations 1

ExecutionTime = 1.92 s  ExecutionStepTime = 0.01 s  ClockTime = 2 s

forces FR write:
    Sum of forces
        Total    : ( 0.6197474159 0 -8.031773192 )
        Pressure : ( 0.5761553301 0 -8.032738359 )
        Viscous  : ( 0.04359208581 0 0.0009651671789 )
    Sum of moments
        Total    : ( -3.896578673 1.377285655 -0.300667674 )
        Pressure : ( -3.89704692 1.37960547 -0.2795191694 )
        Viscous  : ( 0.0004682465198 -0.002319814526 -0.02114850455 )


liftDrag LD execute:
Viscous drag: 0.003620013409, pressure drag: 0.04784561192, porous drag: 0
Viscous lift: 8.015028564e-05, pressure lift: -0.6670619226, porous lift: 0
Total lift: -0.6669817723, Front lift: -0.2191170853, Rear lift: -0.447864687, Drag: 0.05146562533
Location of Center of Mass: ( 0.1583410946 0.4851455065 -0.0177077476 )
Location of Center Of Pressure: ( 0.1727601639 0.4851455065 -0.01659514386 )


yPlus yPlus execute:
    patch Bottom y+ : min = 1.552166035, max = 456.7090703, average = 235.2832226
    patch Top y+ : min = 61.45789805, max = 469.4150677, average = 265.2098777
    patch e423_0 y+ : min = 147.5106602, max = 745.7721564, average = 397.3963379


################################################################################

Time = 157

Outer Loop Iteration = 157
smoothSolver:  Solving for Ux, Initial residual = 0.0001763757925, Final residual = 2.798395586e-06, No Iterations 2
smoothSolver:  Solving for Uz, Initial residual = 0.0001417897171, Final residual = 2.692625283e-06, No Iterations 2
GAMG:  Solving for p, Initial residual = 0.0001719287844, Final residual = 8.631003364e-07, No Iterations 3
GAMG:  Solving for p, Initial residual = 2.081479307e-05, Final residual = 1.681162994e-07, No Iterations 2
GAMG:  Solving for p, Initial residual = 4.287418526e-06, Final residual = 3.247052189e-08, No Iterations 2
time step continuity errors (region0): sum local = 2.669486019e-09, global = 5.122427235e-10, cumulative = 3.588901379e-08
smoothSolver:  Solving for omega, Initial residual = 6.459339726e-06, Final residual = 4.965457234e-07, No Iterations 1
smoothSolver:  Solving for k, Initial residual = 6.719410206e-05, Final residual = 1.647019075e-06, No Iterations 1

ExecutionTime = 1.93 s  ExecutionStepTime = 0.01 s  ClockTime = 2 s

forces FR write:
    Sum of forces
        Total    : ( 0.6197699747 0 -8.032071942 )
        Pressure : ( 0.5761761995 0 -8.033037371 )
        Viscous  : ( 0.04359377521 0 0.0009654294808 )
    Sum of moments
        Total    : ( -3.89672361 1.377335795 -0.3006786183 )
        Pressure : ( -3.897191984 1.379655777 -0.2795292941 )
        Viscous  : ( 0.0004683737744 -0.002319981718 -0.02114932416 )


liftDrag LD execute:
Viscous drag: 0.003620153702, pressure drag: 0.04784734498, porous drag: 0
Viscous lift: 8.017206796e-05, pressure lift: -0.6670867534, porous lift: 0
Total lift: -0.6670065814, Front lift: -0.2191253261, Rear lift: -0.4478812553, Drag: 0.05146749868
Location of Center of Mass: ( 0.1583410946 0.4851455065 -0.0177077476 )
Location of Center Of Pressure: ( 0.1727600281 0.4851455065 -0.01659515523 )


yPlus yPlus execute:
    patch Bottom y+ : min = 1.550934904, max = 456.5599447, average = 235.2514705
    patch Top y+ : min = 61.4719164, max = 469.2497237, average = 265.1276163
    patch e423_0 y+ : min = 147.515089, max = 745.7828149, average = 397.4028465


################################################################################

Time = 158

Outer Loop Iteration = 158
smoothSolver:  Solving for Ux, Initial residual = 0.000168833952, Final residual = 2.681604746e-06, No Iterations 2
smoothSolver:  Solving for Uz, Initial residual = 0.0001364315278, Final residual = 2.608553715e-06, No Iterations 2
GAMG:  Solving for p, Initial residual = 0.0001692394166, Final residual = 8.284529379e-07, No Iterations 3
GAMG:  Solving for p, Initial residual = 2.120968021e-05, Final residual = 1.643504658e-07, No Iterations 2
GAMG:  Solving for p, Initial residual = 4.480808546e-06, Final residual = 3.337977268e-08, No Iterations 2
time step continuity errors (region0): sum local = 2.744579202e-09, global = 4.62872468e-10, cumulative = 3.635188626e-08
smoothSolver:  Solving for omega, Initial residual = 6.179493627e-06, Final residual = 4.717751263e-07, No Iterations 1
smoothSolver:  Solving for k, Initial residual = 6.178147712e-05, Final residual = 1.495473218e-06, No Iterations 1

ExecutionTime = 1.94 s  ExecutionStepTime = 0.01 s  ClockTime = 2 s

forces FR write:
    Sum of forces
        Total    : ( 0.6197938377 0 -8.032361959 )
        Pressure : ( 0.5761984337 0 -8.033327666 )
        Viscous  : ( 0.04359540398 0 0.0009657071181 )
    Sum of moments
        Total    : ( -3.896864311 1.377385262 -0.3006901953 )
        Pressure : ( -3.897332819 1.379705408 -0.2795400809 )
        Viscous  : ( 0.0004685084689 -0.002320146722 -0.02115011434 )


liftDrag LD execute:
Viscous drag: 0.003620288959, pressure drag: 0.04784919137, porous drag: 0
Viscous lift: 8.019512376e-05, pressure lift: -0.6671108604, porous lift: 0
Total lift: -0.6670306652, Front lift: -0.2191332602, Rear lift: -0.447897405, Drag: 0.05146948033
Location of Center of Mass: ( 0.1583410946 0.4851455065 -0.0177077476 )
Location of Center Of Pressure: ( 0.172759998 0.4851455065 -0.01659515488 )


yPlus yPlus execute:
    patch Bottom y+ : min = 1.549769179, max = 456.4243482, average = 235.2242026
    patch Top y+ : min = 61.48488112, max = 469.0956444, average = 265.0508663
    patch e423_0 y+ : min = 147.5191349, max = 745.7925341, average = 397.4092219


################################################################################

Time = 159

Outer Loop Iteration = 159
smoothSolver:  Solving for Ux, Initial residual = 0.000161865483, Final residual = 2.567342377e-06, No Iterations 2
smoothSolver:  Solving for Uz, Initial residual = 0.0001312128032, Final residual = 2.532740171e-06, No Iterations 2
GAMG:  Solving for p, Initial residual = 0.0001654260848, Final residual = 7.91523508e-07, No Iterations 3
GAMG:  Solving for p, Initial residual = 2.149542402e-05, Final residual = 1.609774418e-07, No Iterations 2
GAMG:  Solving for p, Initial residual = 4.638827399e-06, Final residual = 3.467979668e-08, No Iterations 2
time step continuity errors (region0): sum local = 2.851832047e-09, global = 4.07741378e-10, cumulative = 3.675962764e-08
smoothSolver:  Solving for omega, Initial residual = 5.907549102e-06, Final residual = 4.470681768e-07, No Iterations 1
smoothSolver:  Solving for k, Initial residual = 5.677733726e-05, Final residual = 1.356270176e-06, No Iterations 1

ExecutionTime = 1.98 s  ExecutionStepTime = 0.04 s  ClockTime = 2 s

forces FR write:
    Sum of forces
        Total    : ( 0.6198187215 0 -8.032645108 )
        Pressure : ( 0.5762217479 0 -8.033611104 )
        Viscous  : ( 0.04359697365 0 0.0009659956671 )
    Sum of moments
        Total    : ( -3.897001679 1.377434268 -0.3007022676 )
        Pressure : ( -3.897470328 1.379754577 -0.2795513917 )
        Viscous  : ( 0.0004686484572 -0.002320309144 -0.02115087586 )


liftDrag LD execute:
Viscous drag: 0.003620419309, pressure drag: 0.04785112745, porous drag: 0
Viscous lift: 8.021908571e-05, pressure lift: -0.6671343978, porous lift: 0
Total lift: -0.6670541788, Front lift: -0.2191409473, Rear lift: -0.4479132314, Drag: 0.05147154676
Location of Center of Mass: ( 0.1583410946 0.4851455065 -0.0177077476 )
Location of Center Of Pressure: ( 0.1727600598 0.4851455065 -0.01659514466 )


yPlus yPlus execute:
    patch Bottom y+ : min = 1.548670961, max = 456.3028667, average = 235.2014681
    patch Top y+ : min = 61.49692058, max = 468.95379, average = 264.9798799
    patch e423_0 y+ : min = 147.5229323, max = 745.801419, average = 397.415455


################################################################################

Time = 160

Outer Loop Iteration = 160
smoothSolver:  Solving for Ux, Initial residual = 0.0001552672977, Final residual = 2.452628476e-06, No Iterations 2
smoothSolver:  Solving for Uz, Initial residual = 0.0001262089999, Final residual = 2.472237581e-06, No Iterations 2
GAMG:  Solving for p, Initial residual = 0.0001616987892, Final residual = 7.613292226e-07, No Iterations 3
GAMG:  Solving for p, Initial residual = 2.175986148e-05, Final residual = 1.592139064e-07, No Iterations 2
GAMG:  Solving for p, Initial residual = 4.797743056e-06, Final residual = 3.648646459e-08, No Iterations 2
time step continuity errors (region0): sum local = 3.000775451e-09, global = 3.255503948e-10, cumulative = 3.708517803e-08
smoothSolver:  Solving for omega, Initial residual = 5.6394877e-06, Final residual = 4.227303606e-07, No Iterations 1
smoothSolver:  Solving for k, Initial residual = 5.215305465e-05, Final residual = 1.228300793e-06, No Iterations 1

ExecutionTime = 1.99 s  ExecutionStepTime = 0.01 s  ClockTime = 2 s

forces FR write:
    Sum of forces
        Total    : ( 0.6198443478 0 -8.032923069 )
        Pressure : ( 0.5762458619 0 -8.03388936 )
        Viscous  : ( 0.04359848588 0 0.0009662908991 )
    Sum of moments
        Total    : ( -3.897136531 1.377482999 -0.3007147 )
        Pressure : ( -3.897605322 1.379803468 -0.2795630905 )
        Viscous  : ( 0.0004687916876 -0.002320468592 -0.02115160951 )


liftDrag LD execute:
Viscous drag: 0.003620544889, pressure drag: 0.04785312995, porous drag: 0
Viscous lift: 8.024360263e-05, pressure lift: -0.667157505, porous lift: 0
Total lift: -0.6670772614, Front lift: -0.2191484419, Rear lift: -0.4479288196, Drag: 0.05147367483
Location of Center of Mass: ( 0.1583410946 0.4851455065 -0.0177077476 )
Location of Center Of Pressure: ( 0.1727601998 0.4851455065 -0.01659512636 )


yPlus yPlus execute:
    patch Bottom y+ : min = 1.54764046, max = 456.1983141, average = 235.1833575
    patch Top y+ : min = 61.50808963, max = 468.8246777, average = 264.9147984
    patch e423_0 y+ : min = 147.5266049, max = 745.8095725, average = 397.4215376


################################################################################

Time = 161

Outer Loop Iteration = 161
smoothSolver:  Solving for Ux, Initial residual = 0.0001491050602, Final residual = 2.342201611e-06, No Iterations 2
smoothSolver:  Solving for Uz, Initial residual = 0.0001212575711, Final residual = 2.421312657e-06, No Iterations 2
GAMG:  Solving for p, Initial residual = 0.0001570078648, Final residual = 7.373136748e-07, No Iterations 3
GAMG:  Solving for p, Initial residual = 2.19019268e-05, Final residual = 1.580009046e-07, No Iterations 2
GAMG:  Solving for p, Initial residual = 4.923382799e-06, Final residual = 3.822666003e-08, No Iterations 2
time step continuity errors (region0): sum local = 3.14427822e-09, global = 2.931880396e-10, cumulative = 3.737836607e-08
smoothSolver:  Solving for omega, Initial residual = 5.375608135e-06, Final residual = 4.001843031e-07, No Iterations 1
smoothSolver:  Solving for k, Initial residual = 4.787853863e-05, Final residual = 1.111822446e-06, No Iterations 1

ExecutionTime = 1.99 s  ExecutionStepTime = 0 s  ClockTime = 2 s

forces FR write:
    Sum of forces
        Total    : ( 0.6198704413 0 -8.033197325 )
        Pressure : ( 0.5762704989 0 -8.034163914 )
        Viscous  : ( 0.04359994243 0 0.0009665888124 )
    Sum of moments
        Total    : ( -3.897269585 1.377531608 -0.3007273592 )
        Pressure : ( -3.897738521 1.379852232 -0.279575043 )
        Viscous  : ( 0.0004689362189 -0.002320624692 -0.02115231615 )


liftDrag LD execute:
Viscous drag: 0.003620665846, pressure drag: 0.04785517587, porous drag: 0
Viscous lift: 8.026834221e-05, pressure lift: -0.6671803048, porous lift: 0
Total lift: -0.6671000364, Front lift: -0.2191557928, Rear lift: -0.4479442436, Drag: 0.05147584172
Location of Center of Mass: ( 0.1583410946 0.4851455065 -0.0177077476 )
Location of Center Of Pressure: ( 0.1727604047 0.4851455065 -0.0165951017 )


yPlus yPlus execute:
    patch Bottom y+ : min = 1.546676829, max = 456.1086552, average = 235.1697482
    patch Top y+ : min = 61.51834709, max = 468.70832, average = 264.8554784
    patch e423_0 y+ : min = 147.5302659, max = 745.8170961, average = 397.4274629


################################################################################

Time = 162

Outer Loop Iteration = 162
smoothSolver:  Solving for Ux, Initial residual = 0.0001433194828, Final residual = 2.240586625e-06, No Iterations 2
smoothSolver:  Solving for Uz, Initial residual = 0.0001165288957, Final residual = 2.371634952e-06, No Iterations 2
GAMG:  Solving for p, Initial residual = 0.000152696376, Final residual = 7.174354656e-07, No Iterations 3
GAMG:  Solving for p, Initial residual = 2.184304533e-05, Final residual = 1.573343789e-07, No Iterations 2
GAMG:  Solving for p, Initial residual = 4.998351217e-06, Final residual = 4.077428542e-08, No Iterations 2
time step continuity errors (region0): sum local = 3.35422893e-09, global = 4.361545714e-10, cumulative = 3.781452064e-08
smoothSolver:  Solving for omega, Initial residual = 5.116966167e-06, Final residual = 3.799992689e-07, No Iterations 1
smoothSolver:  Solving for k, Initial residual = 4.392444326e-05, Final residual = 1.005791986e-06, No Iterations 1

ExecutionTime = 2 s  ExecutionStepTime = 0 s  ClockTime = 2 s

forces FR write:
    Sum of forces
        Total    : ( 0.6198967388 0 -8.033469162 )
        Pressure : ( 0.5762953935 0 -8.034436048 )
        Viscous  : ( 0.04360134524 0 0.0009668856709 )
    Sum of moments
        Total    : ( -3.897401465 1.377580214 -0.3007401173 )
        Pressure : ( -3.897870546 1.379900991 -0.2795871206 )
        Viscous  : ( 0.0004690802385 -0.002320777095 -0.02115299672 )


liftDrag LD execute:
Viscous drag: 0.003620782339, pressure drag: 0.0478572432, porous drag: 0
Viscous lift: 8.029299421e-05, pressure lift: -0.6672029036, porous lift: 0
Total lift: -0.6671226106, Front lift: -0.2191630435, Rear lift: -0.4479595671, Drag: 0.05147802553
Location of Center of Mass: ( 0.1583410946 0.4851455065 -0.0177077476 )
Location of Center Of Pressure: ( 0.1727606613 0.4851455065 -0.01659507234 )


yPlus yPlus execute:
    patch Bottom y+ : min = 1.545779993, max = 456.0310407, average = 235.1604632
    patch Top y+ : min = 61.52767059, max = 468.6029057, average = 264.8015012
    patch e423_0 y+ : min = 147.5340176, max = 745.8240882, average = 397.4332257


################################################################################

Time = 163

Outer Loop Iteration = 163
smoothSolver:  Solving for Ux, Initial residual = 0.0001378180062, Final residual = 2.145798116e-06, No Iterations 2
smoothSolver:  Solving for Uz, Initial residual = 0.0001119875249, Final residual = 2.330274164e-06, No Iterations 2
GAMG:  Solving for p, Initial residual = 0.0001492187524, Final residual = 6.956590545e-07, No Iterations 3
GAMG:  Solving for p, Initial residual = 2.004689302e-05, Final residual = 1.737853696e-07, No Iterations 2
GAMG:  Solving for p, Initial residual = 4.143542783e-06, Final residual = 4.042820011e-08, No Iterations 2
time step continuity errors (region0): sum local = 3.326152878e-09, global = -1.065643422e-09, cumulative = 3.674887722e-08
smoothSolver:  Solving for omega, Initial residual = 4.86500842e-06, Final residual = 3.60397245e-07, No Iterations 1
smoothSolver:  Solving for k, Initial residual = 4.027109016e-05, Final residual = 9.084720216e-07, No Iterations 1

ExecutionTime = 2.01 s  ExecutionStepTime = 0.01 s  ClockTime = 2 s

forces FR write:
    Sum of forces
        Total    : ( 0.619923019 0 -8.033739806 )
        Pressure : ( 0.5763203226 0 -8.034706984 )
        Viscous  : ( 0.04360269646 0 0.0009671780578 )
    Sum of moments
        Total    : ( -3.897532767 1.377628942 -0.300752867 )
        Pressure : ( -3.898001989 1.379949868 -0.2795992148 )
        Viscous  : ( 0.0004692220887 -0.002320925493 -0.02115365226 )


liftDrag LD execute:
Viscous drag: 0.003620894548, pressure drag: 0.04785931338, porous drag: 0
Viscous lift: 8.031727487e-05, pressure lift: -0.6672254029, porous lift: 0
Total lift: -0.6671450856, Front lift: -0.2191702345, Rear lift: -0.4479748512, Drag: 0.05148020792
Location of Center of Mass: ( 0.1583410946 0.4851455065 -0.0177077476 )
Location of Center Of Pressure: ( 0.1727609585 0.4851455065 -0.01659503973 )


yPlus yPlus execute:
    patch Bottom y+ : min = 1.544949976, max = 455.9645486, average = 235.1556354
    patch Top y+ : min = 61.53595855, max = 468.5050622, average = 264.7526659
    patch e423_0 y+ : min = 147.5379523, max = 745.830643, average = 397.4388233


################################################################################

Time = 164

Outer Loop Iteration = 164
smoothSolver:  Solving for Ux, Initial residual = 0.000132653808, Final residual = 2.056319942e-06, No Iterations 2
smoothSolver:  Solving for Uz, Initial residual = 0.0001078948797, Final residual = 2.293037114e-06, No Iterations 2
GAMG:  Solving for p, Initial residual = 0.0001465378515, Final residual = 6.870416752e-07, No Iterations 3
GAMG:  Solving for p, Initial residual = 1.71757448e-05, Final residual = 1.621716095e-07, No Iterations 2
GAMG:  Solving for p, Initial residual = 3.480354372e-06, Final residual = 2.993192344e-08, No Iterations 2
time step continuity errors (region0): sum local = 2.462857085e-09, global = -3.288695439e-10, cumulative = 3.642000768e-08
smoothSolver:  Solving for omega, Initial residual = 4.620307269e-06, Final residual = 3.416911784e-07, No Iterations 1
smoothSolver:  Solving for k, Initial residual = 3.690024254e-05, Final residual = 8.194944487e-07, No Iterations 1

ExecutionTime = 2.02 s  ExecutionStepTime = 0.01 s  ClockTime = 2 s

forces FR write:
    Sum of forces
        Total    : ( 0.6199489766 0 -8.034009981 )
        Pressure : ( 0.5763449783 0 -8.034977444 )
        Viscous  : ( 0.0436039983 0 0.0009674628567 )
    Sum of moments
        Total    : ( -3.897663841 1.377677802 -0.3007654603 )
        Pressure : ( -3.898133201 1.379998872 -0.2796111764 )
        Viscous  : ( 0.0004693602576 -0.002321069612 -0.02115428384 )


liftDrag LD execute:
Viscous drag: 0.003621002656, pressure drag: 0.04786136086, porous drag: 0
Viscous lift: 8.03409254e-05, pressure lift: -0.6672478627, porous lift: 0
Total lift: -0.6671675218, Front lift: -0.219177395, Rear lift: -0.4479901267, Drag: 0.05148236352
Location of Center of Mass: ( 0.1583410946 0.4851455065 -0.0177077476 )
Location of Center Of Pressure: ( 0.1727612814 0.4851455065 -0.01659500564 )


yPlus yPlus execute:
    patch Bottom y+ : min = 1.544187063, max = 455.9036778, average = 235.1533092
    patch Top y+ : min = 61.54338636, max = 468.4152344, average = 264.7097752
    patch e423_0 y+ : min = 147.5421497, max = 745.836849, average = 397.4442539


################################################################################

Time = 165

Outer Loop Iteration = 165
smoothSolver:  Solving for Ux, Initial residual = 0.0001275327965, Final residual = 1.97536725e-06, No Iterations 2
smoothSolver:  Solving for Uz, Initial residual = 0.0001044861496, Final residual = 2.264295554e-06, No Iterations 2
GAMG:  Solving for p, Initial residual = 0.0001440126315, Final residual = 6.792210656e-07, No Iterations 3
GAMG:  Solving for p, Initial residual = 2.043326418e-05, Final residual = 1.709591186e-07, No Iterations 2
GAMG:  Solving for p, Initial residual = 4.082522653e-06, Final residual = 3.523094047e-08, No Iterations 2
time step continuity errors (region0): sum local = 2.899160584e-09, global = -4.545879116e-10, cumulative = 3.596541976e-08
smoothSolver:  Solving for omega, Initial residual = 4.38228642e-06, Final residual = 3.236251464e-07, No Iterations 1
smoothSolver:  Solving for k, Initial residual = 3.379266518e-05, Final residual = 7.391013595e-07, No Iterations 1

ExecutionTime = 2.04 s  ExecutionStepTime = 0.01 s  ClockTime = 2 s

forces FR write:
    Sum of forces
        Total    : ( 0.619974369 0 -8.034280502 )
        Pressure : ( 0.5763691159 0 -8.035248239 )
        Viscous  : ( 0.04360525314 0 0.0009677372831 )
    Sum of moments
        Total    : ( -3.897795083 1.377726837 -0.3007777792 )
        Pressure : ( -3.898264576 1.380048047 -0.2796228866 )
        Viscous  : ( 0.0004694933944 -0.002321209225 -0.02115489262 )


liftDrag LD execute:
Viscous drag: 0.003621106863, pressure drag: 0.04786336531, porous drag: 0
Viscous lift: 8.036371456e-05, pressure lift: -0.6672703503, porous lift: 0
Total lift: -0.6671899866, Front lift: -0.2191845554, Rear lift: -0.4480054312, Drag: 0.05148447217
Location of Center of Mass: ( 0.1583410946 0.4851455065 -0.0177077476 )
Location of Center Of Pressure: ( 0.1727616174 0.4851455065 -0.0165949716 )


yPlus yPlus execute:
    patch Bottom y+ : min = 1.543478018, max = 455.8424392, average = 235.1524035
    patch Top y+ : min = 61.5500142, max = 468.3376156, average = 264.6733403
    patch e423_0 y+ : min = 147.5466802, max = 745.8427893, average = 397.4495177


################################################################################

Time = 166

Outer Loop Iteration = 166
smoothSolver:  Solving for Ux, Initial residual = 0.0001225812968, Final residual = 1.902275015e-06, No Iterations 2
smoothSolver:  Solving for Uz, Initial residual = 0.0001014279148, Final residual = 2.241777092e-06, No Iterations 2
GAMG:  Solving for p, Initial residual = 0.0001407206287, Final residual = 6.687804737e-07, No Iterations 3
GAMG:  Solving for p, Initial residual = 1.971940888e-05, Final residual = 1.697279602e-07, No Iterations 2
GAMG:  Solving for p, Initial residual = 2.421678087e-06, Final residual = 8.162294163e-09, No Iterations 3
time step continuity errors (region0): sum local = 6.717402419e-10, global = 1.077609285e-10, cumulative = 3.607318069e-08
smoothSolver:  Solving for omega, Initial residual = 4.155199956e-06, Final residual = 3.057787338e-07, No Iterations 1
smoothSolver:  Solving for k, Initial residual = 3.092123776e-05, Final residual = 6.677735294e-07, No Iterations 1

ExecutionTime = 2.05 s  ExecutionStepTime = 0.01 s  ClockTime = 2 s

forces FR write:
    Sum of forces
        Total    : ( 0.6199989811 0 -8.034552191 )
        Pressure : ( 0.5763925176 0 -8.035520189 )
        Viscous  : ( 0.04360646349 0 0.0009679988556 )
    Sum of moments
        Total    : ( -3.897926892 1.377776099 -0.3007897197 )
        Pressure : ( -3.898396512 1.380097443 -0.2796342399 )
        Viscous  : ( 0.0004696202951 -0.002321344146 -0.02115547981 )


liftDrag LD execute:
Viscous drag: 0.003621207373, pressure drag: 0.04786530866, porous drag: 0
Viscous lift: 8.03854363e-05, pressure lift: -0.6672929339, porous lift: 0
Total lift: -0.6672125484, Front lift: -0.2191917456, Rear lift: -0.4480208029, Drag: 0.05148651603
Location of Center of Mass: ( 0.1583410946 0.4851455065 -0.0177077476 )
Location of Center Of Pressure: ( 0.172761955 0.4851455065 -0.01659493901 )


yPlus yPlus execute:
    patch Bottom y+ : min = 1.542821233, max = 455.785771, average = 235.1555033
    patch Top y+ : min = 61.55542052, max = 468.2746564, average = 264.6423385
    patch e423_0 y+ : min = 147.5516063, max = 745.8485417, average = 397.4546162


################################################################################

Time = 167

Outer Loop Iteration = 167
smoothSolver:  Solving for Ux, Initial residual = 0.000118086021, Final residual = 1.835489195e-06, No Iterations 2
smoothSolver:  Solving for Uz, Initial residual = 9.674466391e-05, Final residual = 2.21817434e-06, No Iterations 2
GAMG:  Solving for p, Initial residual = 0.000134594169, Final residual = 6.585926871e-07, No Iterations 3
GAMG:  Solving for p, Initial residual = 1.55515248e-05, Final residual = 1.493530513e-07, No Iterations 2
GAMG:  Solving for p, Initial residual = 3.287421795e-06, Final residual = 1.186290232e-08, No Iterations 3
time step continuity errors (region0): sum local = 9.763950484e-10, global = -6.074984797e-11, cumulative = 3.601243084e-08
smoothSolver:  Solving for omega, Initial residual = 3.940283828e-06, Final residual = 2.891527652e-07, No Iterations 1
smoothSolver:  Solving for k, Initial residual = 2.827179757e-05, Final residual = 6.033080695e-07, No Iterations 1

ExecutionTime = 2.06 s  ExecutionStepTime = 0.01 s  ClockTime = 2 s

forces FR write:
    Sum of forces
        Total    : ( 0.6200225029 0 -8.034824926 )
        Pressure : ( 0.5764148709 0 -8.035793171 )
        Viscous  : ( 0.04360763202 0 0.000968245542 )
    Sum of moments
        Total    : ( -3.898059208 1.377825447 -0.3008011312 )
        Pressure : ( -3.898528948 1.380146921 -0.2796450845 )
        Viscous  : ( 0.0004697399738 -0.002321474261 -0.02115604672 )


liftDrag LD execute:
Viscous drag: 0.003621304411, pressure drag: 0.04786716494, porous drag: 0
Viscous lift: 8.040592185e-05, pressure lift: -0.667315603, porous lift: 0
Total lift: -0.6672351971, Front lift: -0.2191989719, Rear lift: -0.4480362253, Drag: 0.05148846935
Location of Center of Mass: ( 0.1583410946 0.4851455065 -0.0177077476 )
Location of Center Of Pressure: ( 0.1727622789 0.4851455065 -0.01659490957 )


yPlus yPlus execute:
    patch Bottom y+ : min = 1.542232507, max = 455.742514, average = 235.1644012
    patch Top y+ : min = 61.55950705, max = 468.2186545, average = 264.616223
    patch e423_0 y+ : min = 147.5569733, max = 745.8541734, average = 397.4595532


################################################################################

Time = 168

Outer Loop Iteration = 168
smoothSolver:  Solving for Ux, Initial residual = 0.0001137009817, Final residual = 1.77354311e-06, No Iterations 2
smoothSolver:  Solving for Uz, Initial residual = 9.078996932e-05, Final residual = 2.193249563e-06, No Iterations 2
GAMG:  Solving for p, Initial residual = 0.0001269181015, Final residual = 6.435335173e-07, No Iterations 3
GAMG:  Solving for p, Initial residual = 1.358809166e-05, Final residual = 4.960094121e-08, No Iterations 3
GAMG:  Solving for p, Initial residual = 2.800985426e-06, Final residual = 2.723851167e-08, No Iterations 2
time step continuity errors (region0): sum local = 2.24213634e-09, global = -1.635421962e-10, cumulative = 3.584888865e-08
smoothSolver:  Solving for omega, Initial residual = 3.740333381e-06, Final residual = 2.735678671e-07, No Iterations 1
smoothSolver:  Solving for k, Initial residual = 2.583702082e-05, Final residual = 5.452941356e-07, No Iterations 1

ExecutionTime = 2.07 s  ExecutionStepTime = 0.01 s  ClockTime = 2 s

forces FR write:
    Sum of forces
        Total    : ( 0.6200447853 0 -8.035099375 )
        Pressure : ( 0.5764360239 0 -8.036067851 )
        Viscous  : ( 0.04360876139 0 0.0009684755315 )
    Sum of moments
        Total    : ( -3.898192356 1.377874928 -0.3008119414 )
        Pressure : ( -3.898662207 1.380196527 -0.2796553467 )
        Viscous  : ( 0.0004698515522 -0.002321599476 -0.02115659463 )


liftDrag LD execute:
Viscous drag: 0.003621398197, pressure drag: 0.04786892155, porous drag: 0
Viscous lift: 8.042502085e-05, pressure lift: -0.6673384132, porous lift: 0
Total lift: -0.6672579882, Front lift: -0.2192062584, Rear lift: -0.4480517298, Drag: 0.05149031975
Location of Center of Mass: ( 0.1583410946 0.4851455065 -0.0177077476 )
Location of Center Of Pressure: ( 0.1727625801 0.4851455065 -0.01659488434 )


yPlus yPlus execute:
    patch Bottom y+ : min = 1.541718789, max = 455.7117334, average = 235.1771206
    patch Top y+ : min = 61.56251514, max = 468.1588451, average = 264.5942093
    patch e423_0 y+ : min = 147.5628224, max = 745.8597495, average = 397.4643329


################################################################################

Time = 169

Outer Loop Iteration = 169
smoothSolver:  Solving for Ux, Initial residual = 0.0001094690543, Final residual = 1.720285869e-06, No Iterations 2
smoothSolver:  Solving for Uz, Initial residual = 8.798515789e-05, Final residual = 2.174858068e-06, No Iterations 2
GAMG:  Solving for p, Initial residual = 0.0001215434486, Final residual = 6.292891126e-07, No Iterations 3
GAMG:  Solving for p, Initial residual = 1.324111074e-05, Final residual = 4.924425079e-08, No Iterations 3
GAMG:  Solving for p, Initial residual = 2.711790673e-06, Final residual = 2.651871857e-08, No Iterations 2
time step continuity errors (region0): sum local = 2.183097851e-09, global = -1.657578141e-10, cumulative = 3.568313083e-08
smoothSolver:  Solving for omega, Initial residual = 3.553052677e-06, Final residual = 2.603295599e-07, No Iterations 1
smoothSolver:  Solving for k, Initial residual = 2.35980936e-05, Final residual = 4.94323642e-07, No Iterations 1

ExecutionTime = 2.08 s  ExecutionStepTime = 0.01 s  ClockTime = 2 s

forces FR write:
    Sum of forces
        Total    : ( 0.6200656175 0 -8.035375593 )
        Pressure : ( 0.5764557633 0 -8.036344281 )
        Viscous  : ( 0.04360985424 0 0.0009686873646 )
    Sum of moments
        Total    : ( -3.898326362 1.377924467 -0.3008220481 )
        Pressure : ( -3.898796316 1.380246187 -0.2796649232 )
        Viscous  : ( 0.0004699543221 -0.002321719747 -0.02115712482 )


liftDrag LD execute:
Viscous drag: 0.00362148895, pressure drag: 0.04787056077, porous drag: 0
Viscous lift: 8.044261209e-05, pressure lift: -0.6673613688, porous lift: 0
Total lift: -0.6672809262, Front lift: -0.2192136134, Rear lift: -0.4480673127, Drag: 0.05149204972
Location of Center of Mass: ( 0.1583410946 0.4851455065 -0.0177077476 )
Location of Center Of Pressure: ( 0.172762848 0.4851455065 -0.01659486454 )


yPlus yPlus execute:
    patch Bottom y+ : min = 1.541277389, max = 455.7054105, average = 235.192831
    patch Top y+ : min = 61.56480387, max = 468.1090968, average = 264.576441
    patch e423_0 y+ : min = 147.5691846, max = 745.8653262, average = 397.4689599


################################################################################

Time = 170

Outer Loop Iteration = 170
smoothSolver:  Solving for Ux, Initial residual = 0.0001056723736, Final residual = 1.675988718e-06, No Iterations 2
smoothSolver:  Solving for Uz, Initial residual = 8.568898977e-05, Final residual = 2.154622878e-06, No Iterations 2
GAMG:  Solving for p, Initial residual = 0.0001163905387, Final residual = 6.224299207e-07, No Iterations 3
GAMG:  Solving for p, Initial residual = 1.302944693e-05, Final residual = 4.894937129e-08, No Iterations 3
GAMG:  Solving for p, Initial residual = 2.659107654e-06, Final residual = 8.657221072e-09, No Iterations 3
time step continuity errors (region0): sum local = 7.127532817e-10, global = -4.456599557e-11, cumulative = 3.563856484e-08
smoothSolver:  Solving for omega, Initial residual = 3.375555036e-06, Final residual = 2.478337704e-07, No Iterations 1
smoothSolver:  Solving for k, Initial residual = 2.153621263e-05, Final residual = 4.485695062e-07, No Iterations 1

ExecutionTime = 2.09 s  ExecutionStepTime = 0.01 s  ClockTime = 2 s

forces FR write:
    Sum of forces
        Total    : ( 0.6200848314 0 -8.035653594 )
        Pressure : ( 0.5764739181 0 -8.036622474 )
        Viscous  : ( 0.04361091326 0 0.000968879925 )
    Sum of moments
        Total    : ( -3.898461233 1.377973993 -0.3008313696 )
        Pressure : ( -3.89893128 1.380295828 -0.279673731 )
        Viscous  : ( 0.0004700477419 -0.002321835081 -0.0211576386 )


liftDrag LD execute:
Viscous drag: 0.003621576895, pressure drag: 0.0478720684, porous drag: 0
Viscous lift: 8.045860286e-05, pressure lift: -0.6673844707, porous lift: 0
Total lift: -0.6673040121, Front lift: -0.2192210437, Rear lift: -0.4480829684, Drag: 0.05149364529
Location of Center of Mass: ( 0.1583410946 0.4851455065 -0.0177077476 )
Location of Center Of Pressure: ( 0.1727630729 0.4851455065 -0.0165948512 )


yPlus yPlus execute:
    patch Bottom y+ : min = 1.540896219, max = 455.7080347, average = 235.2104995
    patch Top y+ : min = 61.56639202, max = 468.065921, average = 264.5626043
    patch e423_0 y+ : min = 147.5760798, max = 745.8709547, average = 397.4734403


################################################################################

Time = 171

Outer Loop Iteration = 171
smoothSolver:  Solving for Ux, Initial residual = 0.0001021783273, Final residual = 1.637568858e-06, No Iterations 2
smoothSolver:  Solving for Uz, Initial residual = 8.359879965e-05, Final residual = 2.129979836e-06, No Iterations 2
GAMG:  Solving for p, Initial residual = 0.0001112100811, Final residual = 6.162121032e-07, No Iterations 3
GAMG:  Solving for p, Initial residual = 1.279260945e-05, Final residual = 4.886703724e-08, No Iterations 3
GAMG:  Solving for p, Initial residual = 2.610184744e-06, Final residual = 2.598821719e-08, No Iterations 2
time step continuity errors (region0): sum local = 2.139810394e-09, global = -1.830308325e-10, cumulative = 3.545553401e-08
smoothSolver:  Solving for omega, Initial residual = 3.206788314e-06, Final residual = 2.354489209e-07, No Iterations 1
smoothSolver:  Solving for k, Initial residual = 1.963917122e-05, Final residual = 4.078751788e-07, No Iterations 1

ExecutionTime = 2.1 s  ExecutionStepTime = 0.01 s  ClockTime = 2 s

forces FR write:
    Sum of forces
        Total    : ( 0.6201022563 0 -8.035933024 )
        Pressure : ( 0.576490315 0 -8.036902076 )
        Viscous  : ( 0.04361194122 0 0.0009690524487 )
    Sum of moments
        Total    : ( -3.898596797 1.378023367 -0.3008398232 )
        Pressure : ( -3.899066928 1.380345313 -0.2796816859 )
        Viscous  : ( 0.000470131441 -0.00232194553 -0.02115813731 )


liftDrag LD execute:
Viscous drag: 0.00362166226, pressure drag: 0.04787343004, porous drag: 0
Viscous lift: 8.047292973e-05, pressure lift: -0.6674076897, porous lift: 0
Total lift: -0.6673272168, Front lift: -0.2192285459, Rear lift: -0.4480986709, Drag: 0.0514950923
Location of Center of Mass: ( 0.1583410946 0.4851455065 -0.0177077476 )
Location of Center Of Pressure: ( 0.1727632453 0.4851455065 -0.01659484533 )


yPlus yPlus execute:
    patch Bottom y+ : min = 1.540566969, max = 455.7168031, average = 235.230078
    patch Top y+ : min = 61.56727716, max = 468.0278037, average = 264.5525063
    patch e423_0 y+ : min = 147.5835132, max = 745.8766788, average = 397.477781


################################################################################

Time = 172

Outer Loop Iteration = 172
smoothSolver:  Solving for Ux, Initial residual = 9.880986758e-05, Final residual = 1.598803295e-06, No Iterations 2
smoothSolver:  Solving for Uz, Initial residual = 8.176596912e-05, Final residual = 2.102511872e-06, No Iterations 2
GAMG:  Solving for p, Initial residual = 0.0001078424961, Final residual = 6.192296639e-07, No Iterations 3
GAMG:  Solving for p, Initial residual = 1.254986328e-05, Final residual = 4.878060093e-08, No Iterations 3
GAMG:  Solving for p, Initial residual = 2.56750539e-06, Final residual = 8.799529489e-09, No Iterations 3
time step continuity errors (region0): sum local = 7.245935102e-10, global = -3.629530938e-11, cumulative = 3.54192387e-08
smoothSolver:  Solving for omega, Initial residual = 3.045847092e-06, Final residual = 2.238879408e-07, No Iterations 1
smoothSolver:  Solving for k, Initial residual = 1.789774128e-05, Final residual = 3.708040084e-07, No Iterations 1

ExecutionTime = 2.11 s  ExecutionStepTime = 0.01 s  ClockTime = 2 s

forces FR write:
    Sum of forces
        Total    : ( 0.6201178325 0 -8.03621427 )
        Pressure : ( 0.576504892 0 -8.037183474 )
        Viscous  : ( 0.0436129405 0 0.0009692042619 )
    Sum of moments
        Total    : ( -3.898733242 1.378072629 -0.3008473799 )
        Pressure : ( -3.899203447 1.38039468 -0.2796887578 )
        Viscous  : ( 0.0004702050925 -0.002322051139 -0.02115862211 )


liftDrag LD execute:
Viscous drag: 0.003621745243, pressure drag: 0.04787464056, porous drag: 0
Viscous lift: 8.048553674e-05, pressure lift: -0.6674310579, porous lift: 0
Total lift: -0.6673505723, Front lift: -0.2192361328, Rear lift: -0.4481144396, Drag: 0.0514963858
Location of Center of Mass: ( 0.1583410946 0.4851455065 -0.0177077476 )
Location of Center Of Pressure: ( 0.1727633613 0.4851455065 -0.01659484736 )


yPlus yPlus execute:
    patch Bottom y+ : min = 1.540287987, max = 455.7311873, average = 235.2511936
    patch Top y+ : min = 61.56758406, max = 467.9953031, average = 264.5458645
    patch e423_0 y+ : min = 147.5914961, max = 745.882536, average = 397.4819876


################################################################################

Time = 173

Outer Loop Iteration = 173
smoothSolver:  Solving for Ux, Initial residual = 9.54697472e-05, Final residual = 1.562401217e-06, No Iterations 2
smoothSolver:  Solving for Uz, Initial residual = 8.04955004e-05, Final residual = 2.073015978e-06, No Iterations 2
GAMG:  Solving for p, Initial residual = 0.0001050840551, Final residual = 6.184231474e-07, No Iterations 3
GAMG:  Solving for p, Initial residual = 1.216109853e-05, Final residual = 4.663636713e-08, No Iterations 3
GAMG:  Solving for p, Initial residual = 2.416878386e-06, Final residual = 2.326885848e-08, No Iterations 2
time step continuity errors (region0): sum local = 1.91621444e-09, global = -1.559639868e-10, cumulative = 3.526327471e-08
smoothSolver:  Solving for omega, Initial residual = 2.896987258e-06, Final residual = 2.139396147e-07, No Iterations 1
smoothSolver:  Solving for k, Initial residual = 1.629760124e-05, Final residual = 3.371444474e-07, No Iterations 1

ExecutionTime = 2.12 s  ExecutionStepTime = 0.01 s  ClockTime = 2 s

forces FR write:
    Sum of forces
        Total    : ( 0.6201314283 0 -8.036496621 )
        Pressure : ( 0.5765175147 0 -8.037465956 )
        Viscous  : ( 0.04361391366 0 0.0009693351654 )
    Sum of moments
        Total    : ( -3.898870223 1.378121589 -0.3008539759 )
        Pressure : ( -3.899340492 1.380443741 -0.2796948816 )
        Viscous  : ( 0.0004702685997 -0.002322152029 -0.02115909423 )


liftDrag LD execute:
Viscous drag: 0.003621826057, pressure drag: 0.04787568878, porous drag: 0
Viscous lift: 8.049640734e-05, pressure lift: -0.6674545159, porous lift: 0
Total lift: -0.6673740195, Front lift: -0.2192437905, Rear lift: -0.448130229, Drag: 0.05149751484
Location of Center of Mass: ( 0.1583410946 0.4851455065 -0.0177077476 )
Location of Center Of Pressure: ( 0.1727634127 0.4851455065 -0.0165948581 )


yPlus yPlus execute:
    patch Bottom y+ : min = 1.540053613, max = 455.7503585, average = 235.2739123
    patch Top y+ : min = 61.5672425, max = 467.9671484, average = 264.5424966
    patch e423_0 y+ : min = 147.6000144, max = 745.888559, average = 397.4860675


################################################################################

Time = 174

Outer Loop Iteration = 174
smoothSolver:  Solving for Ux, Initial residual = 9.240333991e-05, Final residual = 1.522980408e-06, No Iterations 2
smoothSolver:  Solving for Uz, Initial residual = 7.907765962e-05, Final residual = 2.040814582e-06, No Iterations 2
GAMG:  Solving for p, Initial residual = 0.0001019555356, Final residual = 6.130654202e-07, No Iterations 3
GAMG:  Solving for p, Initial residual = 1.159754286e-05, Final residual = 4.15292836e-08, No Iterations 3
GAMG:  Solving for p, Initial residual = 2.295315706e-06, Final residual = 2.194708673e-08, No Iterations 2
time step continuity errors (region0): sum local = 1.807499141e-09, global = -7.227470246e-11, cumulative = 3.519100001e-08
smoothSolver:  Solving for omega, Initial residual = 2.759098051e-06, Final residual = 2.049831501e-07, No Iterations 1
smoothSolver:  Solving for k, Initial residual = 1.482868244e-05, Final residual = 3.066404496e-07, No Iterations 1

ExecutionTime = 2.13 s  ExecutionStepTime = 0.01 s  ClockTime = 2 s

forces FR write:
    Sum of forces
        Total    : ( 0.6201430501 0 -8.036780386 )
        Pressure : ( 0.5765281872 0 -8.037749831 )
        Viscous  : ( 0.04361486289 0 0.000969444978 )
    Sum of moments
        Total    : ( -3.899007891 1.378170297 -0.3008596141 )
        Pressure : ( -3.899478212 1.380492545 -0.2797000594 )
        Viscous  : ( 0.0004703218748 -0.002322248297 -0.02115955474 )


liftDrag LD execute:
Viscous drag: 0.003621904883, pressure drag: 0.04787657506, porous drag: 0
Viscous lift: 8.05055265e-05, pressure lift: -0.6674780897, porous lift: 0
Total lift: -0.6673975842, Front lift: -0.2192515281, Rear lift: -0.4481460561, Drag: 0.05149847994
Location of Center of Mass: ( 0.1583410946 0.4851455065 -0.0177077476 )
Location of Center Of Pressure: ( 0.1727633988 0.4851455065 -0.01659487761 )


yPlus yPlus execute:
    patch Bottom y+ : min = 1.539863278, max = 455.7745145, average = 235.2980049
    patch Top y+ : min = 61.56620874, max = 467.9436101, average = 264.5422767
    patch e423_0 y+ : min = 147.6090645, max = 745.894773, average = 397.4900267


################################################################################

Time = 175

Outer Loop Iteration = 175
smoothSolver:  Solving for Ux, Initial residual = 8.932031475e-05, Final residual = 1.485878546e-06, No Iterations 2
smoothSolver:  Solving for Uz, Initial residual = 7.78028941e-05, Final residual = 2.006325566e-06, No Iterations 2
GAMG:  Solving for p, Initial residual = 9.903923256e-05, Final residual = 6.070397338e-07, No Iterations 3
GAMG:  Solving for p, Initial residual = 1.130251498e-05, Final residual = 4.117144817e-08, No Iterations 3
GAMG:  Solving for p, Initial residual = 2.194577753e-06, Final residual = 2.016557186e-08, No Iterations 2
time step continuity errors (region0): sum local = 1.660894584e-09, global = 2.976060961e-11, cumulative = 3.522076062e-08
smoothSolver:  Solving for omega, Initial residual = 2.634962066e-06, Final residual = 1.96692159e-07, No Iterations 1
smoothSolver:  Solving for k, Initial residual = 1.348157752e-05, Final residual = 2.793251674e-07, No Iterations 1

ExecutionTime = 2.13 s  ExecutionStepTime = 0 s  ClockTime = 2 s

forces FR write:
    Sum of forces
        Total    : ( 0.6201525658 0 -8.037064766 )
        Pressure : ( 0.5765367755 0 -8.0380343 )
        Viscous  : ( 0.04361579024 0 0.0009695338615 )
    Sum of moments
        Total    : ( -3.899145857 1.378218558 -0.3008642306 )
        Pressure : ( -3.899616222 1.380540898 -0.279704226 )
        Viscous  : ( 0.0004703649963 -0.002322340085 -0.02116000464 )


liftDrag LD execute:
Viscous drag: 0.003621981893, pressure drag: 0.04787728826, porous drag: 0
Viscous lift: 8.051290765e-05, pressure lift: -0.6675017129, porous lift: 0
Total lift: -0.6674212, Front lift: -0.2192593283, Rear lift: -0.4481618717, Drag: 0.05149927015
Location of Center of Mass: ( 0.1583410946 0.4851455065 -0.0177077476 )
Location of Center Of Pressure: ( 0.1727633125 0.4851455065 -0.01659490658 )


yPlus yPlus execute:
    patch Bottom y+ : min = 1.539714777, max = 455.802706, average = 235.3230206
    patch Top y+ : min = 61.56453647, max = 467.9252044, average = 264.5450716
    patch e423_0 y+ : min = 147.6186244, max = 745.9011974, average = 397.4938712


################################################################################

Time = 176

Outer Loop Iteration = 176
smoothSolver:  Solving for Ux, Initial residual = 8.641040099e-05, Final residual = 1.445849313e-06, No Iterations 2
smoothSolver:  Solving for Uz, Initial residual = 7.633720001e-05, Final residual = 1.967166378e-06, No Iterations 2
GAMG:  Solving for p, Initial residual = 9.634513218e-05, Final residual = 5.994687957e-07, No Iterations 3
GAMG:  Solving for p, Initial residual = 1.09508069e-05, Final residual = 4.030534145e-08, No Iterations 3
GAMG:  Solving for p, Initial residual = 2.127762313e-06, Final residual = 1.952808356e-08, No Iterations 2
time step continuity errors (region0): sum local = 1.608495592e-09, global = 3.27492765e-11, cumulative = 3.525350989e-08
smoothSolver:  Solving for omega, Initial residual = 2.51829705e-06, Final residual = 1.888146024e-07, No Iterations 1
smoothSolver:  Solving for k, Initial residual = 1.224757358e-05, Final residual = 2.556320753e-07, No Iterations 1

ExecutionTime = 2.14 s  ExecutionStepTime = 0 s  ClockTime = 2 s

forces FR write:
    Sum of forces
        Total    : ( 0.6201598955 0 -8.037349143 )
        Pressure : ( 0.5765431981 0 -8.038318745 )
        Viscous  : ( 0.04361669747 0 0.0009696021084 )
    Sum of moments
        Total    : ( -3.899283821 1.378266231 -0.3008677866 )
        Pressure : ( -3.899754219 1.380588658 -0.2797073418 )
        Viscous  : ( 0.000470398106 -0.002322427529 -0.02116044479 )


liftDrag LD execute:
Viscous drag: 0.003622057233, pressure drag: 0.04787782161, porous drag: 0
Viscous lift: 8.051857507e-05, pressure lift: -0.6675253341, porous lift: 0
Total lift: -0.6674448155, Front lift: -0.2192671771, Rear lift: -0.4481776384, Drag: 0.05149987884
Location of Center of Mass: ( 0.1583410946 0.4851455065 -0.0177077476 )
Location of Center Of Pressure: ( 0.1727631493 0.4851455065 -0.01659494539 )


yPlus yPlus execute:
    patch Bottom y+ : min = 1.539607829, max = 455.8337506, average = 235.3491223
    patch Top y+ : min = 61.5622309, max = 467.9121862, average = 264.5506662
    patch e423_0 y+ : min = 147.6286679, max = 745.9078456, average = 397.4976063


################################################################################

Time = 177

Outer Loop Iteration = 177
smoothSolver:  Solving for Ux, Initial residual = 8.364688677e-05, Final residual = 1.40510819e-06, No Iterations 2
smoothSolver:  Solving for Uz, Initial residual = 7.470971201e-05, Final residual = 1.924308596e-06, No Iterations 2
GAMG:  Solving for p, Initial residual = 9.339868416e-05, Final residual = 5.873100015e-07, No Iterations 3
GAMG:  Solving for p, Initial residual = 1.060380272e-05, Final residual = 3.992245722e-08, No Iterations 3
GAMG:  Solving for p, Initial residual = 2.053440377e-06, Final residual = 1.897164024e-08, No Iterations 2
time step continuity errors (region0): sum local = 1.562757963e-09, global = 2.683149775e-11, cumulative = 3.528034139e-08
smoothSolver:  Solving for omega, Initial residual = 2.409123037e-06, Final residual = 1.813055386e-07, No Iterations 1
smoothSolver:  Solving for k, Initial residual = 1.112115077e-05, Final residual = 2.347369486e-07, No Iterations 1

ExecutionTime = 2.15 s  ExecutionStepTime = 0.01 s  ClockTime = 2 s

forces FR write:
    Sum of forces
        Total    : ( 0.6201652429 0 -8.037633644 )
        Pressure : ( 0.5765476565 0 -8.038603294 )
        Viscous  : ( 0.04361758641 0 0.0009696502281 )
    Sum of moments
        Total    : ( -3.899421845 1.378313384 -0.3008703809 )
        Pressure : ( -3.899892266 1.380635895 -0.2797095048 )
        Viscous  : ( 0.000470421451 -0.002322510789 -0.02116087605 )


liftDrag LD execute:
Viscous drag: 0.003622131052, pressure drag: 0.04787819184, porous drag: 0
Viscous lift: 8.052257107e-05, pressure lift: -0.6675489638, porous lift: 0
Total lift: -0.6674684413, Front lift: -0.2192750742, Rear lift: -0.4481933671, Drag: 0.0515003229
Location of Center of Mass: ( 0.1583410946 0.4851455065 -0.0177077476 )
Location of Center Of Pressure: ( 0.1727629155 0.4851455065 -0.01659499322 )


yPlus yPlus execute:
    patch Bottom y+ : min = 1.539539651, max = 455.8693287, average = 235.3762215
    patch Top y+ : min = 61.55930838, max = 467.9042799, average = 264.5588231
    patch e423_0 y+ : min = 147.6391539, max = 745.9147313, average = 397.5012379


################################################################################

Time = 178

Outer Loop Iteration = 178
smoothSolver:  Solving for Ux, Initial residual = 8.09583709e-05, Final residual = 1.36203118e-06, No Iterations 2
smoothSolver:  Solving for Uz, Initial residual = 7.32046717e-05, Final residual = 1.874003819e-06, No Iterations 2
GAMG:  Solving for p, Initial residual = 9.01368727e-05, Final residual = 5.762926961e-07, No Iterations 3
GAMG:  Solving for p, Initial residual = 1.021252485e-05, Final residual = 3.988214153e-08, No Iterations 3
GAMG:  Solving for p, Initial residual = 1.969866971e-06, Final residual = 1.854732347e-08, No Iterations 2
time step continuity errors (region0): sum local = 1.527891668e-09, global = 1.11801342e-11, cumulative = 3.529152153e-08
smoothSolver:  Solving for omega, Initial residual = 2.30697013e-06, Final residual = 1.742829762e-07, No Iterations 1
smoothSolver:  Solving for k, Initial residual = 1.009264207e-05, Final residual = 2.166048105e-07, No Iterations 1

ExecutionTime = 2.16 s  ExecutionStepTime = 0.01 s  ClockTime = 2 s

forces FR write:
    Sum of forces
        Total    : ( 0.6201685947 0 -8.037918381 )
        Pressure : ( 0.5765501358 0 -8.03888806 )
        Viscous  : ( 0.04361845888 0 0.000969678743 )
    Sum of moments
        Total    : ( -3.899559984 1.378360033 -0.300872007 )
        Pressure : ( -3.900030419 1.380682623 -0.2797107076 )
        Viscous  : ( 0.0004704352849 -0.002322590041 -0.02116129932 )


liftDrag LD execute:
Viscous drag: 0.003622203505, pressure drag: 0.04787839774, porous drag: 0
Viscous lift: 8.052493903e-05, pressure lift: -0.6675726116, porous lift: 0
Total lift: -0.6674920867, Front lift: -0.2192830231, Rear lift: -0.4482090636, Drag: 0.05150060124
Location of Center of Mass: ( 0.1583410946 0.4851455065 -0.0177077476 )
Location of Center Of Pressure: ( 0.1727626104 0.4851455065 -0.01659505017 )


yPlus yPlus execute:
    patch Bottom y+ : min = 1.539507944, max = 455.9099897, average = 235.4041436
    patch Top y+ : min = 61.5558635, max = 467.9015498, average = 264.5693352
    patch e423_0 y+ : min = 147.6500877, max = 745.9218537, average = 397.5047728


################################################################################

Time = 179

Outer Loop Iteration = 179
smoothSolver:  Solving for Ux, Initial residual = 7.841294021e-05, Final residual = 1.31806369e-06, No Iterations 2
smoothSolver:  Solving for Uz, Initial residual = 7.158685371e-05, Final residual = 1.816851602e-06, No Iterations 2
GAMG:  Solving for p, Initial residual = 8.676881829e-05, Final residual = 5.647295544e-07, No Iterations 3
GAMG:  Solving for p, Initial residual = 9.841118434e-06, Final residual = 3.958023143e-08, No Iterations 3
GAMG:  Solving for p, Initial residual = 1.894447055e-06, Final residual = 1.818448945e-08, No Iterations 2
time step continuity errors (region0): sum local = 1.498078583e-09, global = -3.744205382e-12, cumulative = 3.528777732e-08
smoothSolver:  Solving for omega, Initial residual = 2.2132118e-06, Final residual = 1.676729444e-07, No Iterations 1
smoothSolver:  Solving for k, Initial residual = 9.155174048e-06, Final residual = 2.008525795e-07, No Iterations 1

ExecutionTime = 2.17 s  ExecutionStepTime = 0.01 s  ClockTime = 2 s

forces FR write:
    Sum of forces
        Total    : ( 0.6201700396 0 -8.038202682 )
        Pressure : ( 0.5765507234 0 -8.039172371 )
        Viscous  : ( 0.04361931623 0 0.0009696884678 )
    Sum of moments
        Total    : ( -3.899697911 1.378406079 -0.300872708 )
        Pressure : ( -3.900168351 1.380728744 -0.2797109927 )
        Viscous  : ( 0.0004704400028 -0.00232266547 -0.02116171526 )


liftDrag LD execute:
Viscous drag: 0.003622274702, pressure drag: 0.04787844653, porous drag: 0
Viscous lift: 8.052574661e-05, pressure lift: -0.6675962216, porous lift: 0
Total lift: -0.6675156958, Front lift: -0.2192910039, Rear lift: -0.4482246919, Drag: 0.05150072123
Location of Center of Mass: ( 0.1583410946 0.4851455065 -0.0177077476 )
Location of Center Of Pressure: ( 0.1727622364 0.4851455065 -0.01659511578 )


yPlus yPlus execute:
    patch Bottom y+ : min = 1.539509613, max = 455.9554285, average = 235.4326532
    patch Top y+ : min = 61.55197077, max = 467.9035897, average = 264.5819302
    patch e423_0 y+ : min = 147.6614188, max = 745.9292171, average = 397.5082159


################################################################################

Time = 180

Outer Loop Iteration = 180
smoothSolver:  Solving for Ux, Initial residual = 7.595838751e-05, Final residual = 1.274159101e-06, No Iterations 2
smoothSolver:  Solving for Uz, Initial residual = 6.977989004e-05, Final residual = 1.752975655e-06, No Iterations 2
GAMG:  Solving for p, Initial residual = 8.339518488e-05, Final residual = 5.516168322e-07, No Iterations 3
GAMG:  Solving for p, Initial residual = 9.472721405e-06, Final residual = 3.91636641e-08, No Iterations 3
GAMG:  Solving for p, Initial residual = 1.818074169e-06, Final residual = 1.785627235e-08, No Iterations 2
time step continuity errors (region0): sum local = 1.471108027e-09, global = -2.987832937e-11, cumulative = 3.525789899e-08
smoothSolver:  Solving for omega, Initial residual = 2.12488504e-06, Final residual = 1.614311639e-07, No Iterations 1
smoothSolver:  Solving for k, Initial residual = 8.300949285e-06, Final residual = 1.873365245e-07, No Iterations 1

ExecutionTime = 2.18 s  ExecutionStepTime = 0.01 s  ClockTime = 2 s

forces FR write:
    Sum of forces
        Total    : ( 0.6201696674 0 -8.038486262 )
        Pressure : ( 0.5765495076 0 -8.039455943 )
        Viscous  : ( 0.0436201598 0 0.0009696802891 )
    Sum of moments
        Total    : ( -3.899835489 1.378451488 -0.3008725274 )
        Pressure : ( -3.900305925 1.380774225 -0.2797104029 )
        Viscous  : ( 0.0004704360349 -0.002322737265 -0.02116212452 )


liftDrag LD execute:
Viscous drag: 0.003622344754, pressure drag: 0.04787834557, porous drag: 0
Viscous lift: 8.052506742e-05, pressure lift: -0.6676197702, porous lift: 0
Total lift: -0.6675392452, Front lift: -0.2192990076, Rear lift: -0.4482402375, Drag: 0.05150069032
Location of Center of Mass: ( 0.1583410946 0.4851455065 -0.0177077476 )
Location of Center Of Pressure: ( 0.1727617957 0.4851455065 -0.0165951897 )


yPlus yPlus execute:
    patch Bottom y+ : min = 1.539541166, max = 456.0049334, average = 235.4615298
    patch Top y+ : min = 61.5476839, max = 467.9098768, average = 264.5963467
    patch e423_0 y+ : min = 147.6731049, max = 745.9368175, average = 397.5115723


################################################################################

Time = 181

Outer Loop Iteration = 181
smoothSolver:  Solving for Ux, Initial residual = 7.355741449e-05, Final residual = 1.228769566e-06, No Iterations 2
smoothSolver:  Solving for Uz, Initial residual = 6.789434408e-05, Final residual = 1.683983903e-06, No Iterations 2
GAMG:  Solving for p, Initial residual = 8.005703279e-05, Final residual = 5.380847595e-07, No Iterations 3
GAMG:  Solving for p, Initial residual = 9.124380384e-06, Final residual = 3.862520744e-08, No Iterations 3
GAMG:  Solving for p, Initial residual = 1.74631425e-06, Final residual = 1.741992023e-08, No Iterations 2
time step continuity errors (region0): sum local = 1.435219085e-09, global = -5.908022269e-11, cumulative = 3.519881877e-08
smoothSolver:  Solving for omega, Initial residual = 2.044540994e-06, Final residual = 1.551013202e-07, No Iterations 1
smoothSolver:  Solving for k, Initial residual = 7.523718341e-06, Final residual = 1.756262087e-07, No Iterations 1

ExecutionTime = 2.19 s  ExecutionStepTime = 0.01 s  ClockTime = 2 s

forces FR write:
    Sum of forces
        Total    : ( 0.6201675603 0 -8.038768777 )
        Pressure : ( 0.5765465695 0 -8.039738433 )
        Viscous  : ( 0.04362099078 0 0.0009696551769 )
    Sum of moments
        Total    : ( -3.89997255 1.378496219 -0.3008715051 )
        Pressure : ( -3.900442974 1.380819025 -0.2797089775 )
        Viscous  : ( 0.0004704238519 -0.002322805623 -0.02116252766 )


liftDrag LD execute:
Viscous drag: 0.003622413761, pressure drag: 0.04787810158, porous drag: 0
Viscous lift: 8.052298203e-05, pressure lift: -0.667643229, porous lift: 0
Total lift: -0.667562706, Front lift: -0.2193070235, Rear lift: -0.4482556826, Drag: 0.05150051534
Location of Center of Mass: ( 0.1583410946 0.4851455065 -0.0177077476 )
Location of Center Of Pressure: ( 0.1727612905 0.4851455065 -0.01659527156 )


yPlus yPlus execute:
    patch Bottom y+ : min = 1.539599247, max = 456.0578109, average = 235.4905582
    patch Top y+ : min = 61.54306508, max = 467.9200075, average = 264.6123523
    patch e423_0 y+ : min = 147.6851041, max = 745.9446476, average = 397.514847


################################################################################

Time = 182

Outer Loop Iteration = 182
smoothSolver:  Solving for Ux, Initial residual = 7.122058764e-05, Final residual = 1.186706529e-06, No Iterations 2
smoothSolver:  Solving for Uz, Initial residual = 6.592438284e-05, Final residual = 1.611132845e-06, No Iterations 2
GAMG:  Solving for p, Initial residual = 7.706953603e-05, Final residual = 5.24234995e-07, No Iterations 3
GAMG:  Solving for p, Initial residual = 8.771708043e-06, Final residual = 3.788408739e-08, No Iterations 3
GAMG:  Solving for p, Initial residual = 1.684573478e-06, Final residual = 5.606561415e-09, No Iterations 3
time step continuity errors (region0): sum local = 4.619393084e-10, global = -1.916622874e-11, cumulative = 3.517965254e-08
smoothSolver:  Solving for omega, Initial residual = 1.969029432e-06, Final residual = 1.486855673e-07, No Iterations 1
smoothSolver:  Solving for k, Initial residual = 6.816656005e-06, Final residual = 1.650502053e-07, No Iterations 1

ExecutionTime = 2.2 s  ExecutionStepTime = 0.01 s  ClockTime = 2 s

forces FR write:
    Sum of forces
        Total    : ( 0.6201638179 0 -8.039049924 )
        Pressure : ( 0.5765420077 0 -8.040019538 )
        Viscous  : ( 0.04362181019 0 0.0009696141694 )
    Sum of moments
        Total    : ( -3.900108947 1.378540246 -0.3008696895 )
        Pressure : ( -3.900579351 1.380863117 -0.2797067643 )
        Viscous  : ( 0.0004704039573 -0.002322870738 -0.0211629252 )


liftDrag LD execute:
Viscous drag: 0.003622481808, pressure drag: 0.04787772276, porous drag: 0
Viscous lift: 8.051957665e-05, pressure lift: -0.6676665729, porous lift: 0
Total lift: -0.6675860533, Front lift: -0.219315041, Rear lift: -0.4482710123, Drag: 0.05150020456
Location of Center of Mass: ( 0.1583410946 0.4851455065 -0.0177077476 )
Location of Center Of Pressure: ( 0.1727607244 0.4851455065 -0.01659536085 )


yPlus yPlus execute:
    patch Bottom y+ : min = 1.539680542, max = 456.1133167, average = 235.5195594
    patch Top y+ : min = 61.53813809, max = 467.9336712, average = 264.6297188
    patch e423_0 y+ : min = 147.6973768, max = 745.9526968, average = 397.5180444


################################################################################

Time = 183

Outer Loop Iteration = 183
smoothSolver:  Solving for Ux, Initial residual = 6.89006521e-05, Final residual = 1.146917596e-06, No Iterations 2
smoothSolver:  Solving for Uz, Initial residual = 6.392880417e-05, Final residual = 1.536129875e-06, No Iterations 2
GAMG:  Solving for p, Initial residual = 7.45008753e-05, Final residual = 5.105556178e-07, No Iterations 3
GAMG:  Solving for p, Initial residual = 8.40737771e-06, Final residual = 3.704761139e-08, No Iterations 3
GAMG:  Solving for p, Initial residual = 1.62455326e-06, Final residual = 5.453701735e-09, No Iterations 3
time step continuity errors (region0): sum local = 4.493595821e-10, global = -2.346101576e-11, cumulative = 3.515619152e-08
smoothSolver:  Solving for omega, Initial residual = 1.897001253e-06, Final residual = 1.424992725e-07, No Iterations 1
smoothSolver:  Solving for k, Initial residual = 6.174667401e-06, Final residual = 1.554365836e-07, No Iterations 1

ExecutionTime = 2.2 s  ExecutionStepTime = 0 s  ClockTime = 2 s

forces FR write:
    Sum of forces
        Total    : ( 0.6201585412 0 -8.039329169 )
        Pressure : ( 0.5765359222 0 -8.040298728 )
        Viscous  : ( 0.04362261896 0 0.000969558417 )
    Sum of moments
        Total    : ( -3.900244421 1.378583495 -0.3008671296 )
        Pressure : ( -3.900714798 1.380906428 -0.279703812 )
        Viscous  : ( 0.0004703769092 -0.002322932812 -0.02116331757 )


liftDrag LD execute:
Viscous drag: 0.00362254897, pressure drag: 0.0478772174, porous drag: 0
Viscous lift: 8.05149468e-05, pressure lift: -0.6676897576, porous lift: 0
Total lift: -0.6676092426, Front lift: -0.2193230441, Rear lift: -0.4482861985, Drag: 0.05149976637
Location of Center of Mass: ( 0.1583410946 0.4851455065 -0.0177077476 )
Location of Center Of Pressure: ( 0.1727600998 0.4851455065 -0.01659545713 )


yPlus yPlus execute:
    patch Bottom y+ : min = 1.539782024, max = 456.170832, average = 235.5483688
    patch Top y+ : min = 61.53298307, max = 467.9505926, average = 264.6482424
    patch e423_0 y+ : min = 147.7098748, max = 745.9609545, average = 397.5211692


################################################################################

Time = 184

Outer Loop Iteration = 184
smoothSolver:  Solving for Ux, Initial residual = 6.654324894e-05, Final residual = 1.109640952e-06, No Iterations 2
smoothSolver:  Solving for Uz, Initial residual = 6.189175942e-05, Final residual = 1.459365909e-06, No Iterations 2
GAMG:  Solving for p, Initial residual = 7.201393479e-05, Final residual = 4.967972438e-07, No Iterations 3
GAMG:  Solving for p, Initial residual = 8.076606406e-06, Final residual = 3.624522844e-08, No Iterations 3
GAMG:  Solving for p, Initial residual = 1.586292479e-06, Final residual = 5.36273654e-09, No Iterations 3
time step continuity errors (region0): sum local = 4.418772447e-10, global = -3.287596544e-11, cumulative = 3.512331556e-08
smoothSolver:  Solving for omega, Initial residual = 1.827301713e-06, Final residual = 1.367051922e-07, No Iterations 1
smoothSolver:  Solving for k, Initial residual = 5.592263489e-06, Final residual = 1.465940679e-07, No Iterations 1

ExecutionTime = 2.21 s  ExecutionStepTime = 0 s  ClockTime = 2 s

forces FR write:
    Sum of forces
        Total    : ( 0.6201518416 0 -8.039606283 )
        Pressure : ( 0.5765284238 0 -8.040575772 )
        Viscous  : ( 0.04362341782 0 0.000969489068 )
    Sum of moments
        Total    : ( -3.900378862 1.378625965 -0.3008638793 )
        Pressure : ( -3.900849205 1.380948957 -0.2797001741 )
        Viscous  : ( 0.0004703432649 -0.002322992039 -0.02116370513 )


liftDrag LD execute:
Viscous drag: 0.00362261531, pressure drag: 0.04787659471, porous drag: 0
Viscous lift: 8.050918786e-05, pressure lift: -0.6677127641, porous lift: 0
Total lift: -0.667632255, Front lift: -0.2193310235, Rear lift: -0.4483012315, Drag: 0.05149921002
Location of Center of Mass: ( 0.1583410946 0.4851455065 -0.0177077476 )
Location of Center Of Pressure: ( 0.1727594216 0.4851455065 -0.0165955598 )


yPlus yPlus execute:
    patch Bottom y+ : min = 1.539901246, max = 456.2297765, average = 235.5768131
    patch Top y+ : min = 61.52762223, max = 467.9705322, average = 264.6677257
    patch e423_0 y+ : min = 147.7225587, max = 745.9694032, average = 397.5242251


################################################################################

Time = 185

Outer Loop Iteration = 185
smoothSolver:  Solving for Ux, Initial residual = 6.41820029e-05, Final residual = 1.072722765e-06, No Iterations 2
smoothSolver:  Solving for Uz, Initial residual = 5.980851058e-05, Final residual = 1.381174185e-06, No Iterations 2
GAMG:  Solving for p, Initial residual = 6.968138216e-05, Final residual = 4.822885406e-07, No Iterations 3
GAMG:  Solving for p, Initial residual = 7.685720773e-06, Final residual = 3.543772924e-08, No Iterations 3
GAMG:  Solving for p, Initial residual = 1.52224892e-06, Final residual = 5.226302532e-09, No Iterations 3
time step continuity errors (region0): sum local = 4.306460796e-10, global = -4.207834667e-11, cumulative = 3.508123721e-08
smoothSolver:  Solving for omega, Initial residual = 1.76083754e-06, Final residual = 1.312050781e-07, No Iterations 1
smoothSolver:  Solving for k, Initial residual = 5.064695567e-06, Final residual = 1.385448293e-07, No Iterations 1

ExecutionTime = 2.22 s  ExecutionStepTime = 0 s  ClockTime = 2 s

forces FR write:
    Sum of forces
        Total    : ( 0.6201438397 0 -8.03988087 )
        Pressure : ( 0.5765196323 0 -8.040850277 )
        Viscous  : ( 0.04362420739 0 0.0009694073413 )
    Sum of moments
        Total    : ( -3.900512076 1.378667617 -0.3008599972 )
        Pressure : ( -3.90098238 1.380990666 -0.279695909 )
        Viscous  : ( 0.0004703036156 -0.002323048615 -0.02116408819 )


liftDrag LD execute:
Viscous drag: 0.003622680878, pressure drag: 0.04787586463, porous drag: 0
Viscous lift: 8.050240105e-05, pressure lift: -0.6677355598, porous lift: 0
Total lift: -0.6676550574, Front lift: -0.2193389657, Rear lift: -0.4483160917, Drag: 0.05149854551
Location of Center of Mass: ( 0.1583410946 0.4851455065 -0.0177077476 )
Location of Center Of Pressure: ( 0.172758694 0.4851455065 -0.01659566826 )


yPlus yPlus execute:
    patch Bottom y+ : min = 1.540035244, max = 456.2895899, average = 235.6048029
    patch Top y+ : min = 61.52221896, max = 467.9932723, average = 264.6879688
    patch e423_0 y+ : min = 147.7353848, max = 745.9780265, average = 397.527216


################################################################################

Time = 186

Outer Loop Iteration = 186
smoothSolver:  Solving for Ux, Initial residual = 6.195019301e-05, Final residual = 1.037649584e-06, No Iterations 2
smoothSolver:  Solving for Uz, Initial residual = 5.768918096e-05, Final residual = 1.302290121e-06, No Iterations 2
GAMG:  Solving for p, Initial residual = 6.739982145e-05, Final residual = 4.694833549e-07, No Iterations 3
GAMG:  Solving for p, Initial residual = 7.313654474e-06, Final residual = 3.424348406e-08, No Iterations 3
GAMG:  Solving for p, Initial residual = 1.455694654e-06, Final residual = 5.055056125e-09, No Iterations 3
time step continuity errors (region0): sum local = 4.165441874e-10, global = -4.599682291e-11, cumulative = 3.503524039e-08
smoothSolver:  Solving for omega, Initial residual = 1.695815188e-06, Final residual = 1.266779866e-07, No Iterations 1
smoothSolver:  Solving for k, Initial residual = 4.587986304e-06, Final residual = 1.315181225e-07, No Iterations 1

ExecutionTime = 2.23 s  ExecutionStepTime = 0.01 s  ClockTime = 2 s

forces FR write:
    Sum of forces
        Total    : ( 0.6201346515 0 -8.040152576 )
        Pressure : ( 0.5765096634 0 -8.04112189 )
        Viscous  : ( 0.04362498816 0 0.0009693144713 )
    Sum of moments
        Total    : ( -3.900643893 1.378708426 -0.3008555396 )
        Pressure : ( -3.901114152 1.381031529 -0.2796910726 )
        Viscous  : ( 0.0004702585601 -0.002323102733 -0.02116446698 )


liftDrag LD execute:
Viscous drag: 0.003622745716, pressure drag: 0.04787503679, porous drag: 0
Viscous lift: 8.049468885e-05, pressure lift: -0.6677581154, porous lift: 0
Total lift: -0.6676776207, Front lift: -0.2193468585, Rear lift: -0.4483307622, Drag: 0.0514977825
Location of Center of Mass: ( 0.1583410946 0.4851455065 -0.0177077476 )
Location of Center Of Pressure: ( 0.1727579212 0.4851455065 -0.01659578192 )


yPlus yPlus execute:
    patch Bottom y+ : min = 1.540184216, max = 456.3497947, average = 235.6321373
    patch Top y+ : min = 61.51614636, max = 468.0186139, average = 264.7087202
    patch e423_0 y+ : min = 147.7483108, max = 745.9868047, average = 397.5301451


################################################################################

Time = 187

Outer Loop Iteration = 187
smoothSolver:  Solving for Ux, Initial residual = 5.989969533e-05, Final residual = 1.005694362e-06, No Iterations 2
smoothSolver:  Solving for Uz, Initial residual = 5.547077434e-05, Final residual = 1.221981515e-06, No Iterations 2
GAMG:  Solving for p, Initial residual = 6.503964136e-05, Final residual = 4.570028196e-07, No Iterations 3
GAMG:  Solving for p, Initial residual = 6.971405647e-06, Final residual = 3.318395875e-08, No Iterations 3
GAMG:  Solving for p, Initial residual = 1.385715603e-06, Final residual = 4.868807638e-09, No Iterations 3
time step continuity errors (region0): sum local = 4.012042316e-10, global = -6.029974614e-11, cumulative = 3.497494064e-08
smoothSolver:  Solving for omega, Initial residual = 1.63191728e-06, Final residual = 1.225073078e-07, No Iterations 1
smoothSolver:  Solving for k, Initial residual = 4.157643012e-06, Final residual = 1.256889681e-07, No Iterations 1

ExecutionTime = 2.23 s  ExecutionStepTime = 0 s  ClockTime = 2 s

forces FR write:
    Sum of forces
        Total    : ( 0.6201243979 0 -8.040421066 )
        Pressure : ( 0.5764986374 0 -8.041390278 )
        Viscous  : ( 0.04362576053 0 0.0009692117012 )
    Sum of moments
        Total    : ( -3.90077415 1.378748367 -0.3008505651 )
        Pressure : ( -3.901244359 1.381071522 -0.2796857234 )
        Viscous  : ( 0.0004702087016 -0.00232315458 -0.02116484169 )


liftDrag LD execute:
Viscous drag: 0.003622809855, pressure drag: 0.04787412116, porous drag: 0
Viscous lift: 8.048615452e-05, pressure lift: -0.667780403, porous lift: 0
Total lift: -0.6676999169, Front lift: -0.2193546898, Rear lift: -0.4483452271, Drag: 0.05149693101
Location of Center of Mass: ( 0.1583410946 0.4851455065 -0.0177077476 )
Location of Center Of Pressure: ( 0.1727571079 0.4851455065 -0.01659590016 )


yPlus yPlus execute:
    patch Bottom y+ : min = 1.540345027, max = 456.4099927, average = 235.6587259
    patch Top y+ : min = 61.50992847, max = 468.0463416, average = 264.7298674
    patch e423_0 y+ : min = 147.7612948, max = 745.9957171, average = 397.5330158


################################################################################

Time = 188

Outer Loop Iteration = 188
smoothSolver:  Solving for Ux, Initial residual = 5.790681971e-05, Final residual = 9.758905587e-07, No Iterations 2
smoothSolver:  Solving for Uz, Initial residual = 5.325628163e-05, Final residual = 1.141645654e-06, No Iterations 2
GAMG:  Solving for p, Initial residual = 6.26403917e-05, Final residual = 4.431125601e-07, No Iterations 3
GAMG:  Solving for p, Initial residual = 6.657171963e-06, Final residual = 3.205025792e-08, No Iterations 3
GAMG:  Solving for p, Initial residual = 1.315508493e-06, Final residual = 4.684345718e-09, No Iterations 3
time step continuity errors (region0): sum local = 3.860097727e-10, global = -6.734921785e-11, cumulative = 3.490759142e-08
smoothSolver:  Solving for omega, Initial residual = 1.568913397e-06, Final residual = 1.188622942e-07, No Iterations 1
smoothSolver:  Solving for k, Initial residual = 3.770721736e-06, Final residual = 1.206408478e-07, No Iterations 1

ExecutionTime = 2.25 s  ExecutionStepTime = 0.01 s  ClockTime = 2 s

forces FR write:
    Sum of forces
        Total    : ( 0.6201131984 0 -8.040686016 )
        Pressure : ( 0.5764866736 0 -8.041655116 )
        Viscous  : ( 0.04362652477 0 0.00096910027 )
    Sum of moments
        Total    : ( -3.900902689 1.378787421 -0.3008451317 )
        Pressure : ( -3.901372844 1.381110626 -0.2796799193 )
        Viscous  : ( 0.0004701546413 -0.002323204342 -0.02116521246 )


liftDrag LD execute:
Viscous drag: 0.00362287332, pressure drag: 0.04787312765, porous drag: 0
Viscous lift: 8.047690095e-05, pressure lift: -0.667802396, porous lift: 0
Total lift: -0.6677219191, Front lift: -0.2193624477, Rear lift: -0.4483594714, Drag: 0.05149600097
Location of Center of Mass: ( 0.1583410946 0.4851455065 -0.0177077476 )
Location of Center Of Pressure: ( 0.1727562588 0.4851455065 -0.01659602237 )


yPlus yPlus execute:
    patch Bottom y+ : min = 1.540513326, max = 456.4698469, average = 235.6845427
    patch Top y+ : min = 61.50367379, max = 468.0762176, average = 264.7512882
    patch e423_0 y+ : min = 147.7742968, max = 746.0047416, average = 397.5358309


################################################################################

Time = 189

Outer Loop Iteration = 189
smoothSolver:  Solving for Ux, Initial residual = 5.59589742e-05, Final residual = 9.462351989e-07, No Iterations 2
smoothSolver:  Solving for Uz, Initial residual = 5.099934062e-05, Final residual = 1.062643359e-06, No Iterations 2
GAMG:  Solving for p, Initial residual = 6.020830278e-05, Final residual = 4.280282356e-07, No Iterations 3
GAMG:  Solving for p, Initial residual = 6.307671999e-06, Final residual = 3.130086774e-08, No Iterations 3
GAMG:  Solving for p, Initial residual = 1.222451404e-06, Final residual = 4.509244232e-09, No Iterations 3
time step continuity errors (region0): sum local = 3.715850394e-10, global = -6.905835179e-11, cumulative = 3.483853307e-08
smoothSolver:  Solving for omega, Initial residual = 1.506488991e-06, Final residual = 1.153670419e-07, No Iterations 1
smoothSolver:  Solving for k, Initial residual = 3.422094348e-06, Final residual = 1.159373534e-07, No Iterations 1

ExecutionTime = 2.26 s  ExecutionStepTime = 0.01 s  ClockTime = 2 s

forces FR write:
    Sum of forces
        Total    : ( 0.6201011739 0 -8.040947125 )
        Pressure : ( 0.5764738928 0 -8.041916106 )
        Viscous  : ( 0.04362728111 0 0.0009689814028 )
    Sum of moments
        Total    : ( -3.901029365 1.378825573 -0.3008392981 )
        Pressure : ( -3.901499462 1.381148825 -0.2796737187 )
        Viscous  : ( 0.0004700969734 -0.002323252194 -0.02116557939 )


liftDrag LD execute:
Viscous drag: 0.003622936129, pressure drag: 0.0478720663, porous drag: 0
Viscous lift: 8.046702987e-05, pressure lift: -0.6678240693, porous lift: 0
Total lift: -0.6677436023, Front lift: -0.2193701211, Rear lift: -0.4483734812, Drag: 0.05149500242
Location of Center of Mass: ( 0.1583410946 0.4851455065 -0.0177077476 )
Location of Center Of Pressure: ( 0.1727553784 0.4851455065 -0.01659614791 )


yPlus yPlus execute:
    patch Bottom y+ : min = 1.540686227, max = 456.5290679, average = 235.709557
    patch Top y+ : min = 61.49741341, max = 468.1079746, average = 264.7728425
    patch e423_0 y+ : min = 147.7872779, max = 746.0138556, average = 397.5385931


################################################################################

Time = 190

Outer Loop Iteration = 190
smoothSolver:  Solving for Ux, Initial residual = 5.408729819e-05, Final residual = 9.184092266e-07, No Iterations 2
smoothSolver:  Solving for Uz, Initial residual = 4.871314137e-05, Final residual = 9.843034737e-07, No Iterations 2
GAMG:  Solving for p, Initial residual = 5.764598215e-05, Final residual = 4.096309578e-07, No Iterations 3
GAMG:  Solving for p, Initial residual = 5.989767598e-06, Final residual = 2.991627006e-08, No Iterations 3
GAMG:  Solving for p, Initial residual = 1.146748123e-06, Final residual = 4.278487431e-09, No Iterations 3
time step continuity errors (region0): sum local = 3.525724195e-10, global = -7.132875754e-11, cumulative = 3.476720432e-08
smoothSolver:  Solving for omega, Initial residual = 1.445747749e-06, Final residual = 1.118137715e-07, No Iterations 1
smoothSolver:  Solving for k, Initial residual = 3.108794943e-06, Final residual = 1.115358144e-07, No Iterations 1

ExecutionTime = 2.27 s  ExecutionStepTime = 0.01 s  ClockTime = 2 s

forces FR write:
    Sum of forces
        Total    : ( 0.6200884394 0 -8.041204073 )
        Pressure : ( 0.5764604097 0 -8.042172929 )
        Viscous  : ( 0.04362802966 0 0.0009688563046 )
    Sum of moments
        Total    : ( -3.901154023 1.378862801 -0.30083312 )
        Pressure : ( -3.901624059 1.3811861 -0.2796671774 )
        Viscous  : ( 0.0004700362826 -0.002323298308 -0.02116594255 )


liftDrag LD execute:
Viscous drag: 0.003622998291, pressure drag: 0.04787094662, porous drag: 0
Viscous lift: 8.045664135e-05, pressure lift: -0.6678453967, porous lift: 0
Total lift: -0.66776494, Front lift: -0.2193776984, Rear lift: -0.4483872416, Drag: 0.05149394491
Location of Center of Mass: ( 0.1583410946 0.4851455065 -0.0177077476 )
Location of Center Of Pressure: ( 0.1727544716 0.4851455065 -0.01659627619 )


yPlus yPlus execute:
    patch Bottom y+ : min = 1.540861836, max = 456.587389, average = 235.7337037
    patch Top y+ : min = 61.49121567, max = 468.1413323, average = 264.7943821
    patch e423_0 y+ : min = 147.8002006, max = 746.0230357, average = 397.5413049


################################################################################

Time = 191

Outer Loop Iteration = 191
smoothSolver:  Solving for Ux, Initial residual = 5.218189007e-05, Final residual = 8.923870323e-07, No Iterations 2
smoothSolver:  Solving for Uz, Initial residual = 4.642298758e-05, Final residual = 9.079592678e-07, No Iterations 2
GAMG:  Solving for p, Initial residual = 5.492523386e-05, Final residual = 3.927237411e-07, No Iterations 3
GAMG:  Solving for p, Initial residual = 5.693769048e-06, Final residual = 2.852779348e-08, No Iterations 3
GAMG:  Solving for p, Initial residual = 1.077102143e-06, Final residual = 4.067183658e-09, No Iterations 3
time step continuity errors (region0): sum local = 3.351620332e-10, global = -7.397248864e-11, cumulative = 3.469323183e-08
smoothSolver:  Solving for omega, Initial residual = 1.386855266e-06, Final residual = 1.082482247e-07, No Iterations 1
smoothSolver:  Solving for k, Initial residual = 2.82627028e-06, Final residual = 1.077480657e-07, No Iterations 1

ExecutionTime = 2.27 s  ExecutionStepTime = 0 s  ClockTime = 2 s

forces FR write:
    Sum of forces
        Total    : ( 0.6200751119 0 -8.041456619 )
        Pressure : ( 0.5764463415 0 -8.042425345 )
        Viscous  : ( 0.04362877048 0 0.0009687261434 )
    Sum of moments
        Total    : ( -3.901276544 1.378899102 -0.3008266542 )
        Pressure : ( -3.901746517 1.381222445 -0.2796603523 )
        Viscous  : ( 0.0004699731355 -0.002323342846 -0.02116630195 )


liftDrag LD execute:
Viscous drag: 0.00362305981, pressure drag: 0.04786977835, porous drag: 0
Viscous lift: 8.044583239e-05, pressure lift: -0.667866358, porous lift: 0
Total lift: -0.6677859122, Front lift: -0.21938517, Rear lift: -0.4484007422, Drag: 0.05149283816
Location of Center of Mass: ( 0.1583410946 0.4851455065 -0.0177077476 )
Location of Center Of Pressure: ( 0.1727535429 0.4851455065 -0.0165964066 )


yPlus yPlus execute:
    patch Bottom y+ : min = 1.541037616, max = 456.6445457, average = 235.7569695
    patch Top y+ : min = 61.48507054, max = 468.1760147, average = 264.815759
    patch e423_0 y+ : min = 147.81303, max = 746.0322592, average = 397.5439685


################################################################################

Time = 192

Outer Loop Iteration = 192
smoothSolver:  Solving for Ux, Initial residual = 5.024744347e-05, Final residual = 8.678402177e-07, No Iterations 2
smoothSolver:  Solving for Uz, Initial residual = 4.412651604e-05, Final residual = 8.353153622e-07, No Iterations 2
GAMG:  Solving for p, Initial residual = 5.209856656e-05, Final residual = 3.753087214e-07, No Iterations 3
GAMG:  Solving for p, Initial residual = 5.391628682e-06, Final residual = 2.713405946e-08, No Iterations 3
GAMG:  Solving for p, Initial residual = 1.002214906e-06, Final residual = 3.889355284e-09, No Iterations 3
time step continuity errors (region0): sum local = 3.20509225e-10, global = -7.568103843e-11, cumulative = 3.461755079e-08
smoothSolver:  Solving for omega, Initial residual = 1.329249783e-06, Final residual = 1.047462745e-07, No Iterations 1
smoothSolver:  Solving for k, Initial residual = 2.572084844e-06, Final residual = 1.042561509e-07, No Iterations 1

ExecutionTime = 2.28 s  ExecutionStepTime = 0.01 s  ClockTime = 2 s

forces FR write:
    Sum of forces
        Total    : ( 0.6200613052 0 -8.041704541 )
        Pressure : ( 0.5764318017 0 -8.042673133 )
        Viscous  : ( 0.04362950354 0 0.0009685920454 )
    Sum of moments
        Total    : ( -3.901396822 1.378934473 -0.300819956 )
        Pressure : ( -3.90186673 1.381257859 -0.2796532984 )
        Viscous  : ( 0.0004699080784 -0.002323385963 -0.02116665759 )


liftDrag LD execute:
Viscous drag: 0.003623120686, pressure drag: 0.04786857093, porous drag: 0
Viscous lift: 8.04346965e-05, pressure lift: -0.6678869351, porous lift: 0
Total lift: -0.6678065004, Front lift: -0.2193925268, Rear lift: -0.4484139736, Drag: 0.05149169161
Location of Center of Mass: ( 0.1583410946 0.4851455065 -0.0177077476 )
Location of Center Of Pressure: ( 0.172752597 0.4851455065 -0.01659653854 )


yPlus yPlus execute:
    patch Bottom y+ : min = 1.541212129, max = 456.7002612, average = 235.779325
    patch Top y+ : min = 61.47900174, max = 468.2117323, average = 264.8368305
    patch e423_0 y+ : min = 147.8257332, max = 746.0415029, average = 397.546586


################################################################################

Time = 193

Outer Loop Iteration = 193
smoothSolver:  Solving for Ux, Initial residual = 4.839616229e-05, Final residual = 8.4463766e-07, No Iterations 2
smoothSolver:  Solving for Uz, Initial residual = 4.194368107e-05, Final residual = 7.674497281e-07, No Iterations 2
GAMG:  Solving for p, Initial residual = 4.968024579e-05, Final residual = 3.587179301e-07, No Iterations 3
GAMG:  Solving for p, Initial residual = 5.265920943e-06, Final residual = 2.585803241e-08, No Iterations 3
GAMG:  Solving for p, Initial residual = 9.515410632e-07, Final residual = 3.732642853e-09, No Iterations 3
time step continuity errors (region0): sum local = 3.075955277e-10, global = -7.867488717e-11, cumulative = 3.45388759e-08
smoothSolver:  Solving for omega, Initial residual = 1.273500754e-06, Final residual = 1.014006389e-07, No Iterations 1
smoothSolver:  Solving for k, Initial residual = 2.344176379e-06, Final residual = 1.008767841e-07, No Iterations 1

ExecutionTime = 2.29 s  ExecutionStepTime = 0.01 s  ClockTime = 2 s

forces FR write:
    Sum of forces
        Total    : ( 0.6200471267 0 -8.041947622 )
        Pressure : ( 0.5764168979 0 -8.042916077 )
        Viscous  : ( 0.04363022879 0 0.0009684550893 )
    Sum of moments
        Total    : ( -3.901514752 1.37896891 -0.3008130773 )
        Pressure : ( -3.901984594 1.381292338 -0.2796460679 )
        Viscous  : ( 0.0004698416348 -0.002323427804 -0.02116700944 )


liftDrag LD execute:
Viscous drag: 0.003623180912, pressure drag: 0.04786733327, porous drag: 0
Viscous lift: 8.042332327e-05, pressure lift: -0.6679071099, porous lift: 0
Total lift: -0.6678266865, Front lift: -0.2193997601, Rear lift: -0.4484269264, Drag: 0.05149051418
Location of Center of Mass: ( 0.1583410946 0.4851455065 -0.0177077476 )
Location of Center Of Pressure: ( 0.1727516385 0.4851455065 -0.01659667144 )


yPlus yPlus execute:
    patch Bottom y+ : min = 1.541384489, max = 456.754394, average = 235.8007043
    patch Top y+ : min = 61.4730598, max = 468.248173, average = 264.857474
    patch e423_0 y+ : min = 147.8382798, max = 746.0507443, average = 397.549159


################################################################################

Time = 194

Outer Loop Iteration = 194
smoothSolver:  Solving for Ux, Initial residual = 4.65515646e-05, Final residual = 8.234617005e-07, No Iterations 2
smoothSolver:  Solving for Uz, Initial residual = 3.983001897e-05, Final residual = 7.047634635e-07, No Iterations 2
GAMG:  Solving for p, Initial residual = 4.825181148e-05, Final residual = 3.427417249e-07, No Iterations 3
GAMG:  Solving for p, Initial residual = 4.86403677e-06, Final residual = 2.589634992e-08, No Iterations 3
GAMG:  Solving for p, Initial residual = 8.338462448e-07, Final residual = 3.18802825e-09, No Iterations 3
time step continuity errors (region0): sum local = 2.627156084e-10, global = -5.225607076e-11, cumulative = 3.448661983e-08
smoothSolver:  Solving for omega, Initial residual = 1.219843792e-06, Final residual = 9.81080873e-08, No Iterations 1
smoothSolver:  Solving for k, Initial residual = 2.140432007e-06, Final residual = 9.759605322e-08, No Iterations 1

ExecutionTime = 2.31 s  ExecutionStepTime = 0.02 s  ClockTime = 2 s

forces FR write:
    Sum of forces
        Total    : ( 0.6200326799 0 -8.042185669 )
        Pressure : ( 0.5764017338 0 -8.043153985 )
        Viscous  : ( 0.0436309461 0 0.0009683163011 )
    Sum of moments
        Total    : ( -3.901630239 1.379002413 -0.3008060685 )
        Pressure : ( -3.902100014 1.381325882 -0.2796387111 )
        Viscous  : ( 0.0004697743023 -0.002323468506 -0.02116735744 )


liftDrag LD execute:
Viscous drag: 0.00362324048, pressure drag: 0.047866074, porous drag: 0
Viscous lift: 8.04117979e-05, pressure lift: -0.6679268664, porous lift: 0
Total lift: -0.6678464546, Front lift: -0.2194068619, Rear lift: -0.4484395927, Drag: 0.05148931448
Location of Center of Mass: ( 0.1583410946 0.4851455065 -0.0177077476 )
Location of Center Of Pressure: ( 0.1727506715 0.4851455065 -0.01659680477 )


yPlus yPlus execute:
    patch Bottom y+ : min = 1.541553124, max = 456.8065701, average = 235.8210737
    patch Top y+ : min = 61.46727581, max = 468.2850242, average = 264.8775178
    patch e423_0 y+ : min = 147.8506413, max = 746.0599615, average = 397.5516892


################################################################################

Time = 195

Outer Loop Iteration = 195
smoothSolver:  Solving for Ux, Initial residual = 4.481973207e-05, Final residual = 8.037354942e-07, No Iterations 2
smoothSolver:  Solving for Uz, Initial residual = 3.778847363e-05, Final residual = 6.496066966e-07, No Iterations 2
GAMG:  Solving for p, Initial residual = 4.680983039e-05, Final residual = 3.269011581e-07, No Iterations 3
GAMG:  Solving for p, Initial residual = 5.148919879e-06, Final residual = 2.552873152e-08, No Iterations 3
GAMG:  Solving for p, Initial residual = 9.243624201e-07, Final residual = 3.245966927e-09, No Iterations 3
time step continuity errors (region0): sum local = 2.674898222e-10, global = -4.529217043e-11, cumulative = 3.444132766e-08
smoothSolver:  Solving for omega, Initial residual = 1.169645073e-06, Final residual = 9.498284949e-08, No Iterations 1
smoothSolver:  Solving for k, Initial residual = 1.957541776e-06, Final residual = 9.445194709e-08, No Iterations 1

ExecutionTime = 2.31 s  ExecutionStepTime = 0 s  ClockTime = 2 s

forces FR write:
    Sum of forces
        Total    : ( 0.6200180636 0 -8.042418525 )
        Pressure : ( 0.5763864083 0 -8.043386701 )
        Viscous  : ( 0.04363165531 0 0.0009681766474 )
    Sum of moments
        Total    : ( -3.901743208 1.379034988 -0.3007989775 )
        Pressure : ( -3.902212915 1.381358496 -0.279631276 )
        Viscous  : ( 0.00046970655 -0.002323508195 -0.02116770151 )


liftDrag LD execute:
Viscous drag: 0.003623299375, pressure drag: 0.04786480132, porous drag: 0
Viscous lift: 8.040020065e-05, pressure lift: -0.6679461918, porous lift: 0
Total lift: -0.6678657916, Front lift: -0.2194138253, Rear lift: -0.4484519663, Drag: 0.0514881007
Location of Center of Mass: ( 0.1583410946 0.4851455065 -0.0177077476 )
Location of Center Of Pressure: ( 0.1727497002 0.4851455065 -0.016596938 )


yPlus yPlus execute:
    patch Bottom y+ : min = 1.541715962, max = 456.8571409, average = 235.8405259
    patch Top y+ : min = 61.4616234, max = 468.3223089, average = 264.8970001
    patch e423_0 y+ : min = 147.8627919, max = 746.0691333, average = 397.5541781


################################################################################

Time = 196

Outer Loop Iteration = 196
smoothSolver:  Solving for Ux, Initial residual = 4.311450548e-05, Final residual = 7.842351534e-07, No Iterations 2
smoothSolver:  Solving for Uz, Initial residual = 3.586289472e-05, Final residual = 6.006218189e-07, No Iterations 2
GAMG:  Solving for p, Initial residual = 4.54412827e-05, Final residual = 3.119257736e-07, No Iterations 3
GAMG:  Solving for p, Initial residual = 5.020309167e-06, Final residual = 2.422464391e-08, No Iterations 3
GAMG:  Solving for p, Initial residual = 8.919633804e-07, Final residual = 3.058999439e-09, No Iterations 3
time step continuity errors (region0): sum local = 2.520813469e-10, global = -4.376015231e-11, cumulative = 3.439756751e-08
smoothSolver:  Solving for omega, Initial residual = 1.121830086e-06, Final residual = 9.195949466e-08, No Iterations 1
smoothSolver:  Solving for k, Initial residual = 1.793795991e-06, Final residual = 9.137081032e-08, No Iterations 1

ExecutionTime = 2.32 s  ExecutionStepTime = 0.01 s  ClockTime = 2 s

forces FR write:
    Sum of forces
        Total    : ( 0.6200033699 0 -8.042646039 )
        Pressure : ( 0.5763710137 0 -8.043614076 )
        Viscous  : ( 0.04363235624 0 0.0009680370346 )
    Sum of moments
        Total    : ( -3.901853586 1.379066639 -0.3007918489 )
        Pressure : ( -3.902323225 1.381390186 -0.2796238074 )
        Viscous  : ( 0.0004696388174 -0.002323546989 -0.02116804157 )


liftDrag LD execute:
Viscous drag: 0.003623357583, pressure drag: 0.04786352291, porous drag: 0
Viscous lift: 8.038860679e-05, pressure lift: -0.6679650737, porous lift: 0
Total lift: -0.6678846851, Front lift: -0.2194206437, Rear lift: -0.4484640414, Drag: 0.0514868805
Location of Center of Mass: ( 0.1583410946 0.4851455065 -0.0177077476 )
Location of Center Of Pressure: ( 0.1727487287 0.4851455065 -0.01659707064 )


yPlus yPlus execute:
    patch Bottom y+ : min = 1.541872591, max = 456.9061764, average = 235.8589794
    patch Top y+ : min = 61.45615927, max = 468.3601399, average = 264.9158455
    patch e423_0 y+ : min = 147.874708, max = 746.0782394, average = 397.5566267


################################################################################

Time = 197

Outer Loop Iteration = 197
smoothSolver:  Solving for Ux, Initial residual = 4.14273817e-05, Final residual = 7.649537888e-07, No Iterations 2
smoothSolver:  Solving for Uz, Initial residual = 3.40059109e-05, Final residual = 5.578831658e-07, No Iterations 2
GAMG:  Solving for p, Initial residual = 4.408832565e-05, Final residual = 2.973395129e-07, No Iterations 3
GAMG:  Solving for p, Initial residual = 4.881449013e-06, Final residual = 2.284906177e-08, No Iterations 3
GAMG:  Solving for p, Initial residual = 8.711585748e-07, Final residual = 2.884316802e-09, No Iterations 3
time step continuity errors (region0): sum local = 2.376853102e-10, global = -4.277883338e-11, cumulative = 3.435478867e-08
smoothSolver:  Solving for omega, Initial residual = 1.076137404e-06, Final residual = 8.896903594e-08, No Iterations 1
smoothSolver:  Solving for k, Initial residual = 1.647828075e-06, Final residual = 8.83705525e-08, No Iterations 1

ExecutionTime = 2.33 s  ExecutionStepTime = 0.01 s  ClockTime = 2 s

forces FR write:
    Sum of forces
        Total    : ( 0.6199886871 0 -8.042868096 )
        Pressure : ( 0.5763556384 0 -8.043835994 )
        Viscous  : ( 0.04363304867 0 0.0009678983047 )
    Sum of moments
        Total    : ( -3.901961316 1.379097375 -0.3007847256 )
        Pressure : ( -3.902430887 1.38142096 -0.2796163481 )
        Viscous  : ( 0.0004695715132 -0.002323584996 -0.0211683775 )


liftDrag LD execute:
Viscous drag: 0.003623415084, pressure drag: 0.04786224611, porous drag: 0
Viscous lift: 8.037708626e-05, pressure lift: -0.6679835024, porous lift: 0
Total lift: -0.6679031253, Front lift: -0.2194273114, Rear lift: -0.448475814, Drag: 0.05148566119
Location of Center of Mass: ( 0.1583410946 0.4851455065 -0.0177077476 )
Location of Center Of Pressure: ( 0.1727477607 0.4851455065 -0.01659720223 )


yPlus yPlus execute:
    patch Bottom y+ : min = 1.542022177, max = 456.953224, average = 235.8763398
    patch Top y+ : min = 61.45091605, max = 468.3981109, average = 264.9339072
    patch e423_0 y+ : min = 147.8863683, max = 746.0872606, average = 397.5590363


################################################################################

Time = 198

Outer Loop Iteration = 198
smoothSolver:  Solving for Ux, Initial residual = 3.984515494e-05, Final residual = 7.467566496e-07, No Iterations 2
smoothSolver:  Solving for Uz, Initial residual = 3.223100266e-05, Final residual = 5.203270417e-07, No Iterations 2
GAMG:  Solving for p, Initial residual = 4.266359645e-05, Final residual = 2.831540528e-07, No Iterations 3
GAMG:  Solving for p, Initial residual = 4.755164741e-06, Final residual = 2.178921962e-08, No Iterations 3
GAMG:  Solving for p, Initial residual = 8.498194221e-07, Final residual = 2.706689805e-09, No Iterations 3
time step continuity errors (region0): sum local = 2.230463601e-10, global = -4.086546006e-11, cumulative = 3.431392321e-08
smoothSolver:  Solving for omega, Initial residual = 1.032254763e-06, Final residual = 8.595799986e-08, No Iterations 1
smoothSolver:  Solving for k, Initial residual = 1.518209661e-06, Final residual = 8.558160872e-08, No Iterations 1

ExecutionTime = 2.35 s  ExecutionStepTime = 0.02 s  ClockTime = 2 s

forces FR write:
    Sum of forces
        Total    : ( 0.6199740976 0 -8.043084604 )
        Pressure : ( 0.5763403653 0 -8.044052365 )
        Viscous  : ( 0.04363373236 0 0.0009677612339 )
    Sum of moments
        Total    : ( -3.902066354 1.379127209 -0.3007776476 )
        Pressure : ( -3.902535859 1.381450831 -0.2796089384 )
        Viscous  : ( 0.000469505014 -0.002323622311 -0.02116870918 )


liftDrag LD execute:
Viscous drag: 0.003623471859, pressure drag: 0.04786097778, porous drag: 0
Viscous lift: 8.036570351e-05, pressure lift: -0.6680014705, porous lift: 0
Total lift: -0.6679211048, Front lift: -0.2194338236, Rear lift: -0.4484872811, Drag: 0.05148444964
Location of Center of Mass: ( 0.1583410946 0.4851455065 -0.0177077476 )
Location of Center Of Pressure: ( 0.1727467997 0.4851455065 -0.01659733233 )


yPlus yPlus execute:
    patch Bottom y+ : min = 1.542163264, max = 456.9978315, average = 235.8925721
    patch Top y+ : min = 61.44591071, max = 468.4356714, average = 264.951071
    patch e423_0 y+ : min = 147.8977542, max = 746.0961787, average = 397.5614077


################################################################################

Time = 199

Outer Loop Iteration = 199
smoothSolver:  Solving for Ux, Initial residual = 3.836756956e-05, Final residual = 7.282550969e-07, No Iterations 2
smoothSolver:  Solving for Uz, Initial residual = 3.054892949e-05, Final residual = 4.896308978e-07, No Iterations 2
GAMG:  Solving for p, Initial residual = 4.14323e-05, Final residual = 2.69326911e-07, No Iterations 3
GAMG:  Solving for p, Initial residual = 4.611199475e-06, Final residual = 2.06198432e-08, No Iterations 3
GAMG:  Solving for p, Initial residual = 8.249647237e-07, Final residual = 8.029154749e-09, No Iterations 2
time step continuity errors (region0): sum local = 6.616429221e-10, global = -8.765382587e-11, cumulative = 3.422626939e-08
smoothSolver:  Solving for omega, Initial residual = 9.904651247e-07, Final residual = 8.301032832e-08, No Iterations 1
smoothSolver:  Solving for k, Initial residual = 1.402732475e-06, Final residual = 8.284064267e-08, No Iterations 1

ExecutionTime = 2.36 s  ExecutionStepTime = 0.01 s  ClockTime = 2 s

forces FR write:
    Sum of forces
        Total    : ( 0.6199596808 0 -8.043295496 )
        Pressure : ( 0.5763252737 0 -8.044263122 )
        Viscous  : ( 0.04363440706 0 0.0009676265321 )
    Sum of moments
        Total    : ( -3.902168667 1.379156152 -0.3007706533 )
        Pressure : ( -3.902638107 1.381479811 -0.2796016168 )
        Viscous  : ( 0.000469439664 -0.002323659025 -0.02116903651 )


liftDrag LD execute:
Viscous drag: 0.003623527889, pressure drag: 0.04785972454, porous drag: 0
Viscous lift: 8.035451748e-05, pressure lift: -0.6680189724, porous lift: 0
Total lift: -0.6679386179, Front lift: -0.2194401767, Rear lift: -0.4484984412, Drag: 0.05148325242
Location of Center of Mass: ( 0.1583410946 0.4851455065 -0.0177077476 )
Location of Center Of Pressure: ( 0.1727458488 0.4851455065 -0.01659746055 )


yPlus yPlus execute:
    patch Bottom y+ : min = 1.542294554, max = 457.0396665, average = 235.9076649
    patch Top y+ : min = 61.44116694, max = 468.4723501, average = 264.9672542
    patch e423_0 y+ : min = 147.9088474, max = 746.104978, average = 397.5637416


################################################################################

Time = 200

Outer Loop Iteration = 200
smoothSolver:  Solving for Ux, Initial residual = 3.696611962e-05, Final residual = 7.096164308e-07, No Iterations 2
smoothSolver:  Solving for Uz, Initial residual = 2.890383549e-05, Final residual = 4.634270226e-07, No Iterations 2
GAMG:  Solving for p, Initial residual = 4.024234492e-05, Final residual = 2.556831409e-07, No Iterations 3
GAMG:  Solving for p, Initial residual = 4.458175908e-06, Final residual = 1.94014957e-08, No Iterations 3
GAMG:  Solving for p, Initial residual = 7.977107017e-07, Final residual = 7.570910452e-09, No Iterations 2
time step continuity errors (region0): sum local = 6.238766585e-10, global = -8.452952178e-11, cumulative = 3.414173987e-08
smoothSolver:  Solving for omega, Initial residual = 9.512815348e-07, Final residual = 8.044418424e-08, No Iterations 1
smoothSolver:  Solving for k, Initial residual = 1.300758995e-06, Final residual = 8.019062066e-08, No Iterations 1

ExecutionTime = 2.37 s  ExecutionStepTime = 0.01 s  ClockTime = 2 s

forces FR write:
    Sum of forces
        Total    : ( 0.6199454907 0 -8.043500713 )
        Pressure : ( 0.5763104182 0 -8.044468208 )
        Viscous  : ( 0.04363507249 0 0.0009674948357 )
    Sum of moments
        Total    : ( -3.902268227 1.379184222 -0.3007637691 )
        Pressure : ( -3.902737603 1.381507917 -0.2795944097 )
        Viscous  : ( 0.000469375772 -0.002323695215 -0.02116935934 )


liftDrag LD execute:
Viscous drag: 0.003623583148, pressure drag: 0.04785849089, porous drag: 0
Viscous lift: 8.034358102e-05, pressure lift: -0.6680360033, porous lift: 0
Total lift: -0.6679556597, Front lift: -0.2194463666, Rear lift: -0.4485092932, Drag: 0.05148207404
Location of Center of Mass: ( 0.1583410946 0.4851455065 -0.0177077476 )
Location of Center Of Pressure: ( 0.1727449117 0.4851455065 -0.01659758652 )


yPlus yPlus execute:
    patch Bottom y+ : min = 1.542415278, max = 457.0785279, average = 235.92161
    patch Top y+ : min = 61.4366802, max = 468.5077582, average = 264.9823884
    patch e423_0 y+ : min = 147.9196375, max = 746.1136397, average = 397.5660387


################################################################################

Time = 201

Outer Loop Iteration = 201
smoothSolver:  Solving for Ux, Initial residual = 3.561773364e-05, Final residual = 6.918526676e-07, No Iterations 2
smoothSolver:  Solving for Uz, Initial residual = 2.73148907e-05, Final residual = 4.392152255e-07, No Iterations 2
GAMG:  Solving for p, Initial residual = 3.907101992e-05, Final residual = 2.418514543e-07, No Iterations 3
GAMG:  Solving for p, Initial residual = 4.290865e-06, Final residual = 1.819870624e-08, No Iterations 3
GAMG:  Solving for p, Initial residual = 7.683680693e-07, Final residual = 7.127505253e-09, No Iterations 2
time step continuity errors (region0): sum local = 5.873337658e-10, global = -8.079972586e-11, cumulative = 3.406094014e-08
smoothSolver:  Solving for omega, Initial residual = 9.152227458e-07, Final residual = 7.788796907e-08, No Iterations 1
smoothSolver:  Solving for k, Initial residual = 1.21068343e-06, Final residual = 7.771735489e-08, No Iterations 1

ExecutionTime = 2.38 s  ExecutionStepTime = 0.01 s  ClockTime = 2 s

forces FR write:
    Sum of forces
        Total    : ( 0.6199316126 0 -8.043700247 )
        Pressure : ( 0.5762958842 0 -8.044667614 )
        Viscous  : ( 0.04363572838 0 0.0009673667271 )
    Sum of moments
        Total    : ( -3.90236503 1.379211438 -0.3007570362 )
        Pressure : ( -3.902834344 1.381535169 -0.2795873586 )
        Viscous  : ( 0.0004693136207 -0.002323730951 -0.02116967755 )


liftDrag LD execute:
Viscous drag: 0.003623637615, pressure drag: 0.04785728394, porous drag: 0
Viscous lift: 8.033294251e-05, pressure lift: -0.6680525626, porous lift: 0
Total lift: -0.6679722296, Front lift: -0.2194523914, Rear lift: -0.4485198382, Drag: 0.05148092156
Location of Center of Mass: ( 0.1583410946 0.4851455065 -0.0177077476 )
Location of Center Of Pressure: ( 0.172743991 0.4851455065 -0.01659770987 )


yPlus yPlus execute:
    patch Bottom y+ : min = 1.542524834, max = 457.1143195, average = 235.9344151
    patch Top y+ : min = 61.43248373, max = 468.5416029, average = 264.996434
    patch e423_0 y+ : min = 147.9301103, max = 746.1221526, average = 397.5682993


################################################################################

Time = 202

Outer Loop Iteration = 202
smoothSolver:  Solving for Ux, Initial residual = 3.435880633e-05, Final residual = 6.745369879e-07, No Iterations 2
smoothSolver:  Solving for Uz, Initial residual = 2.584430425e-05, Final residual = 4.181829389e-07, No Iterations 2
GAMG:  Solving for p, Initial residual = 3.782276808e-05, Final residual = 2.285043794e-07, No Iterations 3
GAMG:  Solving for p, Initial residual = 4.107730982e-06, Final residual = 1.700584805e-08, No Iterations 3
GAMG:  Solving for p, Initial residual = 7.295686336e-07, Final residual = 6.98142625e-09, No Iterations 2
time step continuity errors (region0): sum local = 5.752921811e-10, global = -7.67563328e-11, cumulative = 3.398418381e-08
smoothSolver:  Solving for omega, Initial residual = 8.824806243e-07, Final residual = 7.556099994e-08, No Iterations 1
smoothSolver:  Solving for k, Initial residual = 1.130739647e-06, Final residual = 7.567106376e-08, No Iterations 1

ExecutionTime = 2.39 s  ExecutionStepTime = 0.01 s  ClockTime = 2 s

forces FR write:
    Sum of forces
        Total    : ( 0.6199180946 0 -8.043894078 )
        Pressure : ( 0.5762817201 0 -8.044861321 )
        Viscous  : ( 0.04363637447 0 0.000967242711 )
    Sum of moments
        Total    : ( -3.902459066 1.379237817 -0.300750478 )
        Pressure : ( -3.90292832 1.381561583 -0.279580487 )
        Viscous  : ( 0.0004692534549 -0.002323766293 -0.02116999099 )


liftDrag LD execute:
Viscous drag: 0.003623691268, pressure drag: 0.04785610772, porous drag: 0
Viscous lift: 8.032264385e-05, pressure lift: -0.6680686485, porous lift: 0
Total lift: -0.6679883259, Front lift: -0.219458249, Rear lift: -0.4485300769, Drag: 0.05147979898
Location of Center of Mass: ( 0.1583410946 0.4851455065 -0.0177077476 )
Location of Center Of Pressure: ( 0.1727430892 0.4851455065 -0.01659783032 )


yPlus yPlus execute:
    patch Bottom y+ : min = 1.542622648, max = 457.1470444, average = 235.9461036
    patch Top y+ : min = 61.42857062, max = 468.573697, average = 265.0093656
    patch e423_0 y+ : min = 147.9402561, max = 746.1305023, average = 397.570524


################################################################################

Time = 203

Outer Loop Iteration = 203
smoothSolver:  Solving for Ux, Initial residual = 3.311090906e-05, Final residual = 6.587774426e-07, No Iterations 2
smoothSolver:  Solving for Uz, Initial residual = 2.442764356e-05, Final residual = 4.002472725e-07, No Iterations 2
GAMG:  Solving for p, Initial residual = 3.636826499e-05, Final residual = 2.151891037e-07, No Iterations 3
GAMG:  Solving for p, Initial residual = 3.934120254e-06, Final residual = 1.588824618e-08, No Iterations 3
GAMG:  Solving for p, Initial residual = 6.966160589e-07, Final residual = 6.321290392e-09, No Iterations 2
time step continuity errors (region0): sum local = 5.208906903e-10, global = -7.282161391e-11, cumulative = 3.391136219e-08
smoothSolver:  Solving for omega, Initial residual = 8.524715827e-07, Final residual = 7.379034971e-08, No Iterations 1
smoothSolver:  Solving for k, Initial residual = 1.060485429e-06, Final residual = 7.364931763e-08, No Iterations 1

ExecutionTime = 2.41 s  ExecutionStepTime = 0.02 s  ClockTime = 2 s

forces FR write:
    Sum of forces
        Total    : ( 0.6199049876 0 -8.044082222 )
        Pressure : ( 0.5762679771 0 -8.045049345 )
        Viscous  : ( 0.04363701048 0 0.0009671232284 )
    Sum of moments
        Total    : ( -3.902550344 1.379263379 -0.3007441192 )
        Pressure : ( -3.903019539 1.38158718 -0.2795738196 )
        Viscous  : ( 0.0004691954885 -0.002323801294 -0.02117029955 )


liftDrag LD execute:
Viscous drag: 0.003623744084, pressure drag: 0.04785496646, porous drag: 0
Viscous lift: 8.031272168e-05, pressure lift: -0.6680842626, porous lift: 0
Total lift: -0.6680039499, Front lift: -0.2194639382, Rear lift: -0.4485400117, Drag: 0.05147871054
Location of Center of Mass: ( 0.1583410946 0.4851455065 -0.0177077476 )
Location of Center Of Pressure: ( 0.1727422086 0.4851455065 -0.01659794761 )


yPlus yPlus execute:
    patch Bottom y+ : min = 1.54270835, max = 457.1767657, average = 235.9567051
    patch Top y+ : min = 61.42494401, max = 468.603909, average = 265.0211726
    patch e423_0 y+ : min = 147.9500674, max = 746.1386772, average = 397.572713


################################################################################

Time = 204

Outer Loop Iteration = 204
smoothSolver:  Solving for Ux, Initial residual = 3.189815483e-05, Final residual = 6.434980018e-07, No Iterations 2
smoothSolver:  Solving for Uz, Initial residual = 2.307604351e-05, Final residual = 3.844995632e-07, No Iterations 2
GAMG:  Solving for p, Initial residual = 3.485139468e-05, Final residual = 2.019888212e-07, No Iterations 3
GAMG:  Solving for p, Initial residual = 3.761020964e-06, Final residual = 1.468827388e-08, No Iterations 3
GAMG:  Solving for p, Initial residual = 6.684688827e-07, Final residual = 5.91972204e-09, No Iterations 2
time step continuity errors (region0): sum local = 4.877970265e-10, global = -6.87816267e-11, cumulative = 3.384258057e-08
smoothSolver:  Solving for omega, Initial residual = 8.256223109e-07, Final residual = 7.199108616e-08, No Iterations 1
smoothSolver:  Solving for k, Initial residual = 9.980917957e-07, Final residual = 7.163705499e-08, No Iterations 1

ExecutionTime = 2.41 s  ExecutionStepTime = 0 s  ClockTime = 2 s

forces FR write:
    Sum of forces
        Total    : ( 0.6198923373 0 -8.04426471 )
        Pressure : ( 0.5762547011 0 -8.045231718 )
        Viscous  : ( 0.04363763617 0 0.000967008658 )
    Sum of moments
        Total    : ( -3.902638877 1.379288146 -0.3007379819 )
        Pressure : ( -3.903108017 1.381611982 -0.2795673788 )
        Viscous  : ( 0.0004691399051 -0.002323835996 -0.0211706031 )


liftDrag LD execute:
Viscous drag: 0.003623796043, pressure drag: 0.04785386398, porous drag: 0
Viscous lift: 8.030320742e-05, pressure lift: -0.6680994074, porous lift: 0
Total lift: -0.6680191042, Front lift: -0.2194694587, Rear lift: -0.4485496455, Drag: 0.05147766003
Location of Center of Mass: ( 0.1583410946 0.4851455065 -0.0177077476 )
Location of Center Of Pressure: ( 0.1727413514 0.4851455065 -0.01659806149 )


yPlus yPlus execute:
    patch Bottom y+ : min = 1.542781702, max = 457.2035817, average = 235.9662608
    patch Top y+ : min = 61.42160507, max = 468.6321471, average = 265.0318473
    patch e423_0 y+ : min = 147.9595386, max = 746.146667, average = 397.5748665


################################################################################

Time = 205

Outer Loop Iteration = 205
smoothSolver:  Solving for Ux, Initial residual = 3.073257455e-05, Final residual = 6.28742193e-07, No Iterations 2
smoothSolver:  Solving for Uz, Initial residual = 2.178362571e-05, Final residual = 3.709091218e-07, No Iterations 2
GAMG:  Solving for p, Initial residual = 3.335926105e-05, Final residual = 1.897663636e-07, No Iterations 3
GAMG:  Solving for p, Initial residual = 3.585145861e-06, Final residual = 1.359289516e-08, No Iterations 3
GAMG:  Solving for p, Initial residual = 6.383686089e-07, Final residual = 5.598582433e-09, No Iterations 2
time step continuity errors (region0): sum local = 4.613312195e-10, global = -6.694311037e-11, cumulative = 3.377563746e-08
smoothSolver:  Solving for omega, Initial residual = 8.008674985e-07, Final residual = 7.031573129e-08, No Iterations 1
smoothSolver:  Solving for k, Initial residual = 9.421784176e-07, Final residual = 6.969521604e-08, No Iterations 1

ExecutionTime = 2.42 s  ExecutionStepTime = 0.01 s  ClockTime = 2 s

forces FR write:
    Sum of forces
        Total    : ( 0.6198801833 0 -8.044441597 )
        Pressure : ( 0.576241932 0 -8.045408496 )
        Viscous  : ( 0.04363825127 0 0.000966899316 )
    Sum of moments
        Total    : ( -3.902724693 1.379312142 -0.3007320855 )
        Pressure : ( -3.90319378 1.381636012 -0.2795611839 )
        Viscous  : ( 0.0004690868584 -0.002323870437 -0.02117090151 )


liftDrag LD execute:
Viscous drag: 0.003623847122, pressure drag: 0.04785280359, porous drag: 0
Viscous lift: 8.029412734e-05, pressure lift: -0.6681140876, porous lift: 0
Total lift: -0.6680337934, Front lift: -0.2194748106, Rear lift: -0.4485589829, Drag: 0.05147665072
Location of Center of Mass: ( 0.1583410946 0.4851455065 -0.0177077476 )
Location of Center Of Pressure: ( 0.1727405194 0.4851455065 -0.01659817176 )


yPlus yPlus execute:
    patch Bottom y+ : min = 1.542842549, max = 457.2275943, average = 235.9748228
    patch Top y+ : min = 61.41854793, max = 468.658318, average = 265.0413952
    patch e423_0 y+ : min = 147.9686663, max = 746.1544626, average = 397.5769846


################################################################################

Time = 206

Outer Loop Iteration = 206
smoothSolver:  Solving for Ux, Initial residual = 2.960463994e-05, Final residual = 6.135236231e-07, No Iterations 2
smoothSolver:  Solving for Uz, Initial residual = 2.055700606e-05, Final residual = 3.600321806e-07, No Iterations 2
GAMG:  Solving for p, Initial residual = 3.191427991e-05, Final residual = 1.78100783e-07, No Iterations 3
GAMG:  Solving for p, Initial residual = 3.408114001e-06, Final residual = 1.257992334e-08, No Iterations 3
GAMG:  Solving for p, Initial residual = 6.07152532e-07, Final residual = 5.259135477e-09, No Iterations 2
time step continuity errors (region0): sum local = 4.333572522e-10, global = -6.233055818e-11, cumulative = 3.37133069e-08
smoothSolver:  Solving for omega, Initial residual = 7.785364066e-07, Final residual = 6.870543181e-08, No Iterations 1
smoothSolver:  Solving for k, Initial residual = 8.922758339e-07, Final residual = 6.797217427e-08, No Iterations 1

ExecutionTime = 2.43 s  ExecutionStepTime = 0.01 s  ClockTime = 2 s

forces FR write:
    Sum of forces
        Total    : ( 0.6198685578 0 -8.044612947 )
        Pressure : ( 0.5762297023 0 -8.045579743 )
        Viscous  : ( 0.04363885554 0 0.0009667954587 )
    Sum of moments
        Total    : ( -3.902807823 1.37933539 -0.3007264454 )
        Pressure : ( -3.903276859 1.381659295 -0.2795552507 )
        Viscous  : ( 0.0004690364725 -0.002323904644 -0.02117119467 )


liftDrag LD execute:
Viscous drag: 0.003623897303, pressure drag: 0.047851788, porous drag: 0
Viscous lift: 8.028550273e-05, pressure lift: -0.6681283084, porous lift: 0
Total lift: -0.6680480229, Front lift: -0.2194799947, Rear lift: -0.4485680282, Drag: 0.05147568531
Location of Center of Mass: ( 0.1583410946 0.4851455065 -0.0177077476 )
Location of Center Of Pressure: ( 0.1727397142 0.4851455065 -0.01659827825 )


yPlus yPlus execute:
    patch Bottom y+ : min = 1.542891065, max = 457.2488946, average = 235.9824356
    patch Top y+ : min = 61.4157694, max = 468.682376, average = 265.0498379
    patch e423_0 y+ : min = 147.9774487, max = 746.1620561, average = 397.5790673


################################################################################

Time = 207

Outer Loop Iteration = 207
smoothSolver:  Solving for Ux, Initial residual = 2.853779481e-05, Final residual = 5.983232606e-07, No Iterations 2
smoothSolver:  Solving for Uz, Initial residual = 1.940610969e-05, Final residual = 3.497772985e-07, No Iterations 2
GAMG:  Solving for p, Initial residual = 3.054874442e-05, Final residual = 1.669000697e-07, No Iterations 3
GAMG:  Solving for p, Initial residual = 3.233837321e-06, Final residual = 1.16389413e-08, No Iterations 3
GAMG:  Solving for p, Initial residual = 5.757991338e-07, Final residual = 4.938389497e-09, No Iterations 2
time step continuity errors (region0): sum local = 4.069248396e-10, global = -5.770281566e-11, cumulative = 3.365560408e-08
smoothSolver:  Solving for omega, Initial residual = 7.587998837e-07, Final residual = 6.710566141e-08, No Iterations 1
smoothSolver:  Solving for k, Initial residual = 8.478937186e-07, Final residual = 6.627361235e-08, No Iterations 1

ExecutionTime = 2.43 s  ExecutionStepTime = 0 s  ClockTime = 2 s

forces FR write:
    Sum of forces
        Total    : ( 0.6198574885 0 -8.044778844 )
        Pressure : ( 0.5762180397 0 -8.045745541 )
        Viscous  : ( 0.04363944876 0 0.000966697285 )
    Sum of moments
        Total    : ( -3.902888306 1.379357916 -0.3007210752 )
        Pressure : ( -3.903357295 1.381681854 -0.2795495927 )
        Viscous  : ( 0.0004689888439 -0.002323938639 -0.02117148247 )


liftDrag LD execute:
Viscous drag: 0.003623946566, pressure drag: 0.04785081951, porous drag: 0
Viscous lift: 8.027735009e-05, pressure lift: -0.6681420767, porous lift: 0
Total lift: -0.6680617994, Front lift: -0.2194850123, Rear lift: -0.448576787, Drag: 0.05147476608
Location of Center of Mass: ( 0.1583410946 0.4851455065 -0.0177077476 )
Location of Center Of Pressure: ( 0.1727389371 0.4851455065 -0.01659838082 )


yPlus yPlus execute:
    patch Bottom y+ : min = 1.542927515, max = 457.2675662, average = 235.9891422
    patch Top y+ : min = 61.41326189, max = 468.7043294, average = 265.0572091
    patch e423_0 y+ : min = 147.9858861, max = 746.1694413, average = 397.5811146


################################################################################

Time = 208

Outer Loop Iteration = 208
smoothSolver:  Solving for Ux, Initial residual = 2.75364193e-05, Final residual = 5.829760829e-07, No Iterations 2
smoothSolver:  Solving for Uz, Initial residual = 1.832336816e-05, Final residual = 3.405715758e-07, No Iterations 2
GAMG:  Solving for p, Initial residual = 2.923466341e-05, Final residual = 1.565482204e-07, No Iterations 3
GAMG:  Solving for p, Initial residual = 3.066832629e-06, Final residual = 1.077621164e-08, No Iterations 3
GAMG:  Solving for p, Initial residual = 5.448881491e-07, Final residual = 4.640575074e-09, No Iterations 2
time step continuity errors (region0): sum local = 3.823827009e-10, global = -5.340936828e-11, cumulative = 3.360219471e-08
smoothSolver:  Solving for omega, Initial residual = 7.406211465e-07, Final residual = 6.561363025e-08, No Iterations 1
smoothSolver:  Solving for k, Initial residual = 8.084916151e-07, Final residual = 6.461341226e-08, No Iterations 1

ExecutionTime = 2.44 s  ExecutionStepTime = 0.01 s  ClockTime = 2 s

forces FR write:
    Sum of forces
        Total    : ( 0.6198469964 0 -8.044939379 )
        Pressure : ( 0.5762069657 0 -8.045905984 )
        Viscous  : ( 0.04364003073 0 0.0009666049389 )
    Sum of moments
        Total    : ( -3.90296619 1.379379743 -0.300715985 )
        Pressure : ( -3.903435134 1.381703715 -0.2795442202 )
        Viscous  : ( 0.0004689440426 -0.002323972439 -0.02117176481 )


liftDrag LD execute:
Viscous drag: 0.003623994894, pressure drag: 0.04784989989, porous drag: 0
Viscous lift: 8.026968141e-05, pressure lift: -0.6681554004, porous lift: 0
Total lift: -0.6680751307, Front lift: -0.2194898655, Rear lift: -0.4485852653, Drag: 0.05147389478
Location of Center of Mass: ( 0.1583410946 0.4851455065 -0.0177077476 )
Location of Center Of Pressure: ( 0.1727381891 0.4851455065 -0.01659847936 )


yPlus yPlus execute:
    patch Bottom y+ : min = 1.542952216, max = 457.2837012, average = 235.9949893
    patch Top y+ : min = 61.41101302, max = 468.7242247, average = 265.0635477
    patch e423_0 y+ : min = 147.9939801, max = 746.1766126, average = 397.5831264


################################################################################

Time = 209

Outer Loop Iteration = 209
smoothSolver:  Solving for Ux, Initial residual = 2.656947347e-05, Final residual = 5.671016129e-07, No Iterations 2
smoothSolver:  Solving for Uz, Initial residual = 1.730413273e-05, Final residual = 3.331784742e-07, No Iterations 2
GAMG:  Solving for p, Initial residual = 2.794675109e-05, Final residual = 1.471227662e-07, No Iterations 3
GAMG:  Solving for p, Initial residual = 2.902351329e-06, Final residual = 1.000682909e-08, No Iterations 3
GAMG:  Solving for p, Initial residual = 5.145116446e-07, Final residual = 4.379665791e-09, No Iterations 2
time step continuity errors (region0): sum local = 3.608818372e-10, global = -5.032092575e-11, cumulative = 3.355187379e-08
smoothSolver:  Solving for omega, Initial residual = 7.238779292e-07, Final residual = 6.43525819e-08, No Iterations 1
smoothSolver:  Solving for k, Initial residual = 7.733695748e-07, Final residual = 6.304771248e-08, No Iterations 1

ExecutionTime = 2.46 s  ExecutionStepTime = 0.02 s  ClockTime = 2 s

forces FR write:
    Sum of forces
        Total    : ( 0.6198370973 0 -8.04509466 )
        Pressure : ( 0.576196496 0 -8.046061179 )
        Viscous  : ( 0.04364060124 0 0.0009665185128 )
    Sum of moments
        Total    : ( -3.903041523 1.379400896 -0.3007111825 )
        Pressure : ( -3.903510426 1.381724902 -0.2795391409 )
        Viscous  : ( 0.0004689021134 -0.002324006052 -0.02117204159 )


liftDrag LD execute:
Viscous drag: 0.003624042271, pressure drag: 0.04784903046, porous drag: 0
Viscous lift: 8.026250433e-05, pressure lift: -0.6681682882, porous lift: 0
Total lift: -0.6680880257, Front lift: -0.2194945563, Rear lift: -0.4485934694, Drag: 0.05147307273
Location of Center of Mass: ( 0.1583410946 0.4851455065 -0.0177077476 )
Location of Center Of Pressure: ( 0.1727374712 0.4851455065 -0.01659857379 )


yPlus yPlus execute:
    patch Bottom y+ : min = 1.542965653, max = 457.2974163, average = 236.0000276
    patch Top y+ : min = 61.40901156, max = 468.7422756, average = 265.0689394
    patch e423_0 y+ : min = 148.0017341, max = 746.1835661, average = 397.5851027


################################################################################

Time = 210

Outer Loop Iteration = 210
smoothSolver:  Solving for Ux, Initial residual = 2.565108497e-05, Final residual = 5.5146186e-07, No Iterations 2
smoothSolver:  Solving for Uz, Initial residual = 1.635377635e-05, Final residual = 3.257354896e-07, No Iterations 2
GAMG:  Solving for p, Initial residual = 2.66965331e-05, Final residual = 1.381546107e-07, No Iterations 3
GAMG:  Solving for p, Initial residual = 2.741726522e-06, Final residual = 9.252244888e-09, No Iterations 3
GAMG:  Solving for p, Initial residual = 4.852646099e-07, Final residual = 4.097741243e-09, No Iterations 2
time step continuity errors (region0): sum local = 3.37649823e-10, global = -4.413170391e-11, cumulative = 3.350774209e-08
smoothSolver:  Solving for omega, Initial residual = 7.080596447e-07, Final residual = 6.333702541e-08, No Iterations 1
smoothSolver:  Solving for k, Initial residual = 7.424505708e-07, Final residual = 6.15228483e-08, No Iterations 1

ExecutionTime = 2.47 s  ExecutionStepTime = 0.01 s  ClockTime = 2 s

forces FR write:
    Sum of forces
        Total    : ( 0.6198278015 0 -8.045244799 )
        Pressure : ( 0.5761866413 0 -8.046211237 )
        Viscous  : ( 0.04364116015 0 0.0009664380509 )
    Sum of moments
        Total    : ( -3.903114363 1.379421399 -0.3007066727 )
        Pressure : ( -3.903583226 1.381745438 -0.2795343599 )
        Viscous  : ( 0.0004688630777 -0.002324039483 -0.02117231274 )


liftDrag LD execute:
Viscous drag: 0.003624088685, pressure drag: 0.0478482121, porous drag: 0
Viscous lift: 8.025582254e-05, pressure lift: -0.6681807495, porous lift: 0
Total lift: -0.6681004937, Front lift: -0.2194990877, Rear lift: -0.448601406, Drag: 0.05147230078
Location of Center of Mass: ( 0.1583410946 0.4851455065 -0.0177077476 )
Location of Center Of Pressure: ( 0.1727367839 0.4851455065 -0.01659866408 )


yPlus yPlus execute:
    patch Bottom y+ : min = 1.542968408, max = 457.3088557, average = 236.0043056
    patch Top y+ : min = 61.40725617, max = 468.7589739, average = 265.0735118
    patch e423_0 y+ : min = 148.0091527, max = 746.1902989, average = 397.5870434


################################################################################

Time = 211

Outer Loop Iteration = 211
smoothSolver:  Solving for Ux, Initial residual = 2.47904065e-05, Final residual = 5.35731961e-07, No Iterations 2
smoothSolver:  Solving for Uz, Initial residual = 1.548736516e-05, Final residual = 3.193360866e-07, No Iterations 2
GAMG:  Solving for p, Initial residual = 2.553252628e-05, Final residual = 1.300815832e-07, No Iterations 3
GAMG:  Solving for p, Initial residual = 2.585022077e-06, Final residual = 2.560406994e-08, No Iterations 2
GAMG:  Solving for p, Initial residual = 4.6337195e-07, Final residual = 1.650378255e-09, No Iterations 3
time step continuity errors (region0): sum local = 1.359890479e-10, global = -2.624333319e-11, cumulative = 3.348149875e-08
smoothSolver:  Solving for omega, Initial residual = 6.927628034e-07, Final residual = 6.228336924e-08, No Iterations 1
smoothSolver:  Solving for k, Initial residual = 7.152020702e-07, Final residual = 6.036134779e-08, No Iterations 1

ExecutionTime = 2.47 s  ExecutionStepTime = 0 s  ClockTime = 2 s

forces FR write:
    Sum of forces
        Total    : ( 0.6198191124 0 -8.045389907 )
        Pressure : ( 0.5761774051 0 -8.04635627 )
        Viscous  : ( 0.0436417073 0 0.0009663635491 )
    Sum of moments
        Total    : ( -3.903184761 1.379441275 -0.3007024572 )
        Pressure : ( -3.903653588 1.381765348 -0.279529879 )
        Viscous  : ( 0.0004688269334 -0.002324072731 -0.02117257819 )


liftDrag LD execute:
Viscous drag: 0.003624134121, pressure drag: 0.04784744509, porous drag: 0
Viscous lift: 8.024963569e-05, pressure lift: -0.6681927935, porous lift: 0
Total lift: -0.6681125438, Front lift: -0.2195034621, Rear lift: -0.4486090817, Drag: 0.05147157922
Location of Center of Mass: ( 0.1583410946 0.4851455065 -0.0177077476 )
Location of Center Of Pressure: ( 0.1727361277 0.4851455065 -0.01659875019 )


yPlus yPlus execute:
    patch Bottom y+ : min = 1.542960876, max = 457.3181721, average = 236.0078816
    patch Top y+ : min = 61.40573407, max = 468.7742618, average = 265.0771913
    patch e423_0 y+ : min = 148.0162428, max = 746.1968086, average = 397.5889482


################################################################################

Time = 212

Outer Loop Iteration = 212
smoothSolver:  Solving for Ux, Initial residual = 2.401512804e-05, Final residual = 5.195035974e-07, No Iterations 2
smoothSolver:  Solving for Uz, Initial residual = 1.469534388e-05, Final residual = 3.14355679e-07, No Iterations 2
GAMG:  Solving for p, Initial residual = 2.438937873e-05, Final residual = 1.229179321e-07, No Iterations 3
GAMG:  Solving for p, Initial residual = 2.434023083e-06, Final residual = 2.379841502e-08, No Iterations 2
GAMG:  Solving for p, Initial residual = 4.339726015e-07, Final residual = 1.512646457e-09, No Iterations 3
time step continuity errors (region0): sum local = 1.246397458e-10, global = -2.095095769e-11, cumulative = 3.346054779e-08
smoothSolver:  Solving for omega, Initial residual = 6.781237529e-07, Final residual = 6.118207034e-08, No Iterations 1
smoothSolver:  Solving for k, Initial residual = 6.908042658e-07, Final residual = 5.92208494e-08, No Iterations 1

ExecutionTime = 2.48 s  ExecutionStepTime = 0.01 s  ClockTime = 2 s

forces FR write:
    Sum of forces
        Total    : ( 0.6198110409 0 -8.045530157 )
        Pressure : ( 0.5761687983 0 -8.046496452 )
        Viscous  : ( 0.04364224259 0 0.0009662949712 )
    Sum of moments
        Total    : ( -3.903252803 1.379460555 -0.3006985414 )
        Pressure : ( -3.903721596 1.381784661 -0.2795257035 )
        Viscous  : ( 0.0004687936632 -0.002324105794 -0.02117283789 )


liftDrag LD execute:
Viscous drag: 0.003624178574, pressure drag: 0.04784673036, porous drag: 0
Viscous lift: 8.024394079e-05, pressure lift: -0.6682044346, porous lift: 0
Total lift: -0.6681241906, Front lift: -0.2195076845, Rear lift: -0.4486165062, Drag: 0.05147090894
Location of Center of Mass: ( 0.1583410946 0.4851455065 -0.0177077476 )
Location of Center Of Pressure: ( 0.1727355025 0.4851455065 -0.01659883212 )


yPlus yPlus execute:
    patch Bottom y+ : min = 1.542943501, max = 457.3255196, average = 236.0108149
    patch Top y+ : min = 61.40443431, max = 468.7877942, average = 265.0799859
    patch e423_0 y+ : min = 148.0230098, max = 746.2030962, average = 397.5908172


################################################################################

Time = 213

Outer Loop Iteration = 213
smoothSolver:  Solving for Ux, Initial residual = 2.326095443e-05, Final residual = 5.030855067e-07, No Iterations 2
smoothSolver:  Solving for Uz, Initial residual = 1.398353079e-05, Final residual = 3.08732203e-07, No Iterations 2
GAMG:  Solving for p, Initial residual = 2.325650293e-05, Final residual = 1.175473618e-07, No Iterations 3
GAMG:  Solving for p, Initial residual = 2.290838979e-06, Final residual = 2.231782327e-08, No Iterations 2
GAMG:  Solving for p, Initial residual = 4.056605242e-07, Final residual = 1.434351502e-09, No Iterations 3
time step continuity errors (region0): sum local = 1.181879102e-10, global = -1.974143124e-11, cumulative = 3.344080636e-08
smoothSolver:  Solving for omega, Initial residual = 6.6421368e-07, Final residual = 5.999529617e-08, No Iterations 1
smoothSolver:  Solving for k, Initial residual = 6.687215506e-07, Final residual = 5.808511709e-08, No Iterations 1

ExecutionTime = 2.49 s  ExecutionStepTime = 0.01 s  ClockTime = 2 s

forces FR write:
    Sum of forces
        Total    : ( 0.6198035696 0 -8.045665649 )
        Pressure : ( 0.5761608037 0 -8.046631882 )
        Viscous  : ( 0.04364276593 0 0.0009662322302 )
    Sum of moments
        Total    : ( -3.903318536 1.379479256 -0.3006949167 )
        Pressure : ( -3.903787299 1.381803394 -0.2795218249 )
        Viscous  : ( 0.0004687632247 -0.002324138661 -0.02117309178 )


liftDrag LD execute:
Viscous drag: 0.003624222033, pressure drag: 0.04784606646, porous drag: 0
Viscous lift: 8.02387306e-05, pressure lift: -0.668215681, porous lift: 0
Total lift: -0.6681354423, Front lift: -0.2195117574, Rear lift: -0.4486236849, Drag: 0.0514702885
Location of Center of Mass: ( 0.1583410946 0.4851455065 -0.0177077476 )
Location of Center Of Pressure: ( 0.1727349085 0.4851455065 -0.01659890993 )


yPlus yPlus execute:
    patch Bottom y+ : min = 1.542916883, max = 457.3310454, average = 236.0131605
    patch Top y+ : min = 61.40334079, max = 468.7994082, average = 265.0819416
    patch e423_0 y+ : min = 148.0294632, max = 746.2091603, average = 397.5926501


################################################################################

Time = 214

Outer Loop Iteration = 214
smoothSolver:  Solving for Ux, Initial residual = 2.254915861e-05, Final residual = 4.867721721e-07, No Iterations 2
smoothSolver:  Solving for Uz, Initial residual = 1.332696822e-05, Final residual = 3.025461261e-07, No Iterations 2
GAMG:  Solving for p, Initial residual = 2.217192178e-05, Final residual = 1.124013601e-07, No Iterations 3
GAMG:  Solving for p, Initial residual = 2.153596631e-06, Final residual = 2.125794899e-08, No Iterations 2
GAMG:  Solving for p, Initial residual = 3.788900721e-07, Final residual = 1.355388784e-09, No Iterations 3
time step continuity errors (region0): sum local = 1.116812799e-10, global = -1.713764468e-11, cumulative = 3.342366872e-08
smoothSolver:  Solving for omega, Initial residual = 6.505903637e-07, Final residual = 5.870206262e-08, No Iterations 1
smoothSolver:  Solving for k, Initial residual = 6.487246876e-07, Final residual = 5.690082937e-08, No Iterations 1

ExecutionTime = 2.5 s  ExecutionStepTime = 0.01 s  ClockTime = 2 s

forces FR write:
    Sum of forces
        Total    : ( 0.6197966976 0 -8.045796545 )
        Pressure : ( 0.5761534204 0 -8.04676272 )
        Viscous  : ( 0.04364327723 0 0.0009661752132 )
    Sum of moments
        Total    : ( -3.90338204 1.379497404 -0.3006915828 )
        Pressure : ( -3.903850775 1.381821575 -0.2795182429 )
        Viscous  : ( 0.0004687355631 -0.002324171321 -0.02117333984 )


liftDrag LD execute:
Viscous drag: 0.003624264493, pressure drag: 0.04784545333, porous drag: 0
Viscous lift: 8.023399573e-05, pressure lift: -0.6682265463, porous lift: 0
Total lift: -0.6681463123, Front lift: -0.2195156853, Rear lift: -0.448630627, Drag: 0.05146971783
Location of Center of Mass: ( 0.1583410946 0.4851455065 -0.0177077476 )
Location of Center Of Pressure: ( 0.1727343453 0.4851455065 -0.01659898364 )


yPlus yPlus execute:
    patch Bottom y+ : min = 1.542881682, max = 457.3348855, average = 236.0149719
    patch Top y+ : min = 61.40244231, max = 468.8091332, average = 265.0831191
    patch e423_0 y+ : min = 148.0356119, max = 746.2150028, average = 397.594447


################################################################################

Time = 215

Outer Loop Iteration = 215
smoothSolver:  Solving for Ux, Initial residual = 2.186764813e-05, Final residual = 4.703555171e-07, No Iterations 2
smoothSolver:  Solving for Uz, Initial residual = 1.274814738e-05, Final residual = 2.9582893e-07, No Iterations 2
GAMG:  Solving for p, Initial residual = 2.111633416e-05, Final residual = 1.078839851e-07, No Iterations 3
GAMG:  Solving for p, Initial residual = 2.021618111e-06, Final residual = 6.757776419e-09, No Iterations 3
GAMG:  Solving for p, Initial residual = 3.483269232e-07, Final residual = 2.968209707e-09, No Iterations 2
time step continuity errors (region0): sum local = 2.445741267e-10, global = -1.99486227e-11, cumulative = 3.34037201e-08
smoothSolver:  Solving for omega, Initial residual = 6.370716853e-07, Final residual = 5.744182767e-08, No Iterations 1
smoothSolver:  Solving for k, Initial residual = 6.305392746e-07, Final residual = 5.573275643e-08, No Iterations 1

ExecutionTime = 2.51 s  ExecutionStepTime = 0 s  ClockTime = 2 s

forces FR write:
    Sum of forces
        Total    : ( 0.6197904158 0 -8.045923005 )
        Pressure : ( 0.5761466393 0 -8.046889128 )
        Viscous  : ( 0.04364377647 0 0.0009661237778 )
    Sum of moments
        Total    : ( -3.903443391 1.379515023 -0.3006885352 )
        Pressure : ( -3.903912102 1.381839227 -0.2795149531 )
        Viscous  : ( 0.0004687106095 -0.00232420376 -0.02117358204 )


liftDrag LD execute:
Viscous drag: 0.003624305952, pressure drag: 0.04784489022, porous drag: 0
Viscous lift: 8.022972439e-05, pressure lift: -0.6682370436, porous lift: 0
Total lift: -0.6681568138, Front lift: -0.2195194729, Rear lift: -0.4486373409, Drag: 0.05146919617
Location of Center of Mass: ( 0.1583410946 0.4851455065 -0.0177077476 )
Location of Center Of Pressure: ( 0.1727338127 0.4851455065 -0.01659905333 )


yPlus yPlus execute:
    patch Bottom y+ : min = 1.542838576, max = 457.3371732, average = 236.0163017
    patch Top y+ : min = 61.40172426, max = 468.8170961, average = 265.0835792
    patch e423_0 y+ : min = 148.0414654, max = 746.2206261, average = 397.5962077


################################################################################

Time = 216

Outer Loop Iteration = 216
smoothSolver:  Solving for Ux, Initial residual = 2.120982336e-05, Final residual = 4.538223963e-07, No Iterations 2
smoothSolver:  Solving for Uz, Initial residual = 1.223466356e-05, Final residual = 2.884727188e-07, No Iterations 2
GAMG:  Solving for p, Initial residual = 2.008093772e-05, Final residual = 1.042964254e-07, No Iterations 3
GAMG:  Solving for p, Initial residual = 1.896521123e-06, Final residual = 6.64087124e-09, No Iterations 3
GAMG:  Solving for p, Initial residual = 3.246405292e-07, Final residual = 2.922513427e-09, No Iterations 2
time step continuity errors (region0): sum local = 2.408085994e-10, global = -3.351990927e-11, cumulative = 3.337020019e-08
smoothSolver:  Solving for omega, Initial residual = 6.233904663e-07, Final residual = 5.610326817e-08, No Iterations 1
smoothSolver:  Solving for k, Initial residual = 6.13891844e-07, Final residual = 5.466494236e-08, No Iterations 1

ExecutionTime = 2.52 s  ExecutionStepTime = 0.01 s  ClockTime = 2 s

forces FR write:
    Sum of forces
        Total    : ( 0.6197847017 0 -8.046045145 )
        Pressure : ( 0.5761404381 0 -8.047011223 )
        Viscous  : ( 0.04364426361 0 0.0009660777437 )
    Sum of moments
        Total    : ( -3.903502647 1.379532131 -0.300685763 )
        Pressure : ( -3.903971335 1.381856367 -0.2795119446 )
        Viscous  : ( 0.0004686882762 -0.00232423596 -0.02117381837 )


liftDrag LD execute:
Viscous drag: 0.003624346405, pressure drag: 0.04784437525, porous drag: 0
Viscous lift: 8.022590158e-05, pressure lift: -0.6682471827, porous lift: 0
Total lift: -0.6681669568, Front lift: -0.2195231237, Rear lift: -0.4486438331, Drag: 0.05146872165
Location of Center of Mass: ( 0.1583410946 0.4851455065 -0.0177077476 )
Location of Center Of Pressure: ( 0.1727333101 0.4851455065 -0.0165991191 )


yPlus yPlus execute:
    patch Bottom y+ : min = 1.542788224, max = 457.3380469, average = 236.0172023
    patch Top y+ : min = 61.40117451, max = 468.8234383, average = 265.0833799
    patch e423_0 y+ : min = 148.0470358, max = 746.2260318, average = 397.5979321


################################################################################

Time = 217

Outer Loop Iteration = 217
smoothSolver:  Solving for Ux, Initial residual = 2.059843077e-05, Final residual = 4.369363939e-07, No Iterations 2
smoothSolver:  Solving for Uz, Initial residual = 1.178309332e-05, Final residual = 2.807515251e-07, No Iterations 2
GAMG:  Solving for p, Initial residual = 1.915570984e-05, Final residual = 1.010607772e-07, No Iterations 3
GAMG:  Solving for p, Initial residual = 1.782725908e-06, Final residual = 6.619634378e-09, No Iterations 3
GAMG:  Solving for p, Initial residual = 3.033695819e-07, Final residual = 2.782201186e-09, No Iterations 2
time step continuity errors (region0): sum local = 2.292471473e-10, global = -3.048222226e-11, cumulative = 3.333971796e-08
smoothSolver:  Solving for omega, Initial residual = 6.095339591e-07, Final residual = 5.473476929e-08, No Iterations 1
smoothSolver:  Solving for k, Initial residual = 5.985456855e-07, Final residual = 5.358435198e-08, No Iterations 1

ExecutionTime = 2.53 s  ExecutionStepTime = 0.01 s  ClockTime = 2 s

forces FR write:
    Sum of forces
        Total    : ( 0.6197795501 0 -8.046163167 )
        Pressure : ( 0.5761348114 0 -8.047129204 )
        Viscous  : ( 0.04364473867 0 0.000966036917 )
    Sum of moments
        Total    : ( -3.903559905 1.379548758 -0.3006832637 )
        Pressure : ( -3.904028573 1.381873026 -0.2795092149 )
        Viscous  : ( 0.0004686684694 -0.002324267905 -0.02117404885 )


liftDrag LD execute:
Viscous drag: 0.003624385855, pressure drag: 0.04784390799, porous drag: 0
Viscous lift: 8.022251122e-05, pressure lift: -0.6682569801, porous lift: 0
Total lift: -0.6681767576, Front lift: -0.2195266434, Rear lift: -0.4486501142, Drag: 0.05146829384
Location of Center of Mass: ( 0.1583410946 0.4851455065 -0.0177077476 )
Location of Center Of Pressure: ( 0.172732837 0.4851455065 -0.01659918102 )


yPlus yPlus execute:
    patch Bottom y+ : min = 1.542731277, max = 457.337647, average = 236.0177274
    patch Top y+ : min = 61.40078326, max = 468.8282843, average = 265.0825788
    patch e423_0 y+ : min = 148.0523334, max = 746.231225, average = 397.5996201


################################################################################

Time = 218

Outer Loop Iteration = 218
smoothSolver:  Solving for Ux, Initial residual = 2.001141091e-05, Final residual = 4.198298764e-07, No Iterations 2
smoothSolver:  Solving for Uz, Initial residual = 1.138924233e-05, Final residual = 2.722342834e-07, No Iterations 2
GAMG:  Solving for p, Initial residual = 1.829004813e-05, Final residual = 9.850411477e-08, No Iterations 3
GAMG:  Solving for p, Initial residual = 1.676426196e-06, Final residual = 6.619171849e-09, No Iterations 3
GAMG:  Solving for p, Initial residual = 2.861945592e-07, Final residual = 2.645866164e-09, No Iterations 2
time step continuity errors (region0): sum local = 2.180136418e-10, global = -2.639565876e-11, cumulative = 3.331332231e-08
smoothSolver:  Solving for omega, Initial residual = 5.955837958e-07, Final residual = 5.341520511e-08, No Iterations 1
smoothSolver:  Solving for k, Initial residual = 5.843699583e-07, Final residual = 5.249737436e-08, No Iterations 1

ExecutionTime = 2.53 s  ExecutionStepTime = 0 s  ClockTime = 2 s

forces FR write:
    Sum of forces
        Total    : ( 0.6197749341 0 -8.046277205 )
        Pressure : ( 0.5761297324 0 -8.047243206 )
        Viscous  : ( 0.04364520169 0 0.0009660010746 )
    Sum of moments
        Total    : ( -3.90361523 1.379564919 -0.3006810243 )
        Pressure : ( -3.904083881 1.381889219 -0.2795067508 )
        Viscous  : ( 0.0004686510806 -0.002324299572 -0.02117427348 )


liftDrag LD execute:
Viscous drag: 0.003624424306, pressure drag: 0.04784348621, porous drag: 0
Viscous lift: 8.021953476e-05, pressure lift: -0.6682664472, porous lift: 0
Total lift: -0.6681862277, Front lift: -0.2195300363, Rear lift: -0.4486561914, Drag: 0.05146791052
Location of Center of Mass: ( 0.1583410946 0.4851455065 -0.0177077476 )
Location of Center Of Pressure: ( 0.1727323924 0.4851455065 -0.01659923923 )


yPlus yPlus execute:
    patch Bottom y+ : min = 1.542668481, max = 457.3361143, average = 236.0179259
    patch Top y+ : min = 61.40053318, max = 468.8317425, average = 265.0812314
    patch e423_0 y+ : min = 148.0573703, max = 746.2362092, average = 397.6012719


################################################################################

Time = 219

Outer Loop Iteration = 219
smoothSolver:  Solving for Ux, Initial residual = 1.944388326e-05, Final residual = 4.031283241e-07, No Iterations 2
smoothSolver:  Solving for Uz, Initial residual = 1.101805167e-05, Final residual = 2.627941119e-07, No Iterations 2
GAMG:  Solving for p, Initial residual = 1.750245646e-05, Final residual = 9.628006613e-08, No Iterations 3
GAMG:  Solving for p, Initial residual = 1.584737118e-06, Final residual = 6.613142196e-09, No Iterations 3
GAMG:  Solving for p, Initial residual = 2.696120472e-07, Final residual = 2.525599308e-09, No Iterations 2
time step continuity errors (region0): sum local = 2.081041527e-10, global = -1.992008999e-11, cumulative = 3.329340222e-08
smoothSolver:  Solving for omega, Initial residual = 5.818019776e-07, Final residual = 5.203652908e-08, No Iterations 1
smoothSolver:  Solving for k, Initial residual = 5.710452373e-07, Final residual = 5.137994231e-08, No Iterations 1

ExecutionTime = 2.54 s  ExecutionStepTime = 0.01 s  ClockTime = 2 s

forces FR write:
    Sum of forces
        Total    : ( 0.6197708317 0 -8.046387427 )
        Pressure : ( 0.576125179 0 -8.047353397 )
        Viscous  : ( 0.04364565274 0 0.0009659699756 )
    Sum of moments
        Total    : ( -3.903668703 1.379580637 -0.300679034 )
        Pressure : ( -3.904137339 1.381904968 -0.2795045417 )
        Viscous  : ( 0.000468635993 -0.002324330943 -0.0211744923 )


liftDrag LD execute:
Viscous drag: 0.003624461762, pressure drag: 0.04784310808, porous drag: 0
Viscous lift: 8.021695221e-05, pressure lift: -0.6682755978, porous lift: 0
Total lift: -0.6681953808, Front lift: -0.2195333076, Rear lift: -0.4486620732, Drag: 0.05146756985
Location of Center of Mass: ( 0.1583410946 0.4851455065 -0.0177077476 )
Location of Center Of Pressure: ( 0.1727319755 0.4851455065 -0.01659929387 )


yPlus yPlus execute:
    patch Bottom y+ : min = 1.542600462, max = 457.3335871, average = 236.0178475
    patch Top y+ : min = 61.40041354, max = 468.8339108, average = 265.0793935
    patch e423_0 y+ : min = 148.0621586, max = 746.2409896, average = 397.6028875


################################################################################

Time = 220

Outer Loop Iteration = 220
smoothSolver:  Solving for Ux, Initial residual = 1.889935926e-05, Final residual = 3.866109864e-07, No Iterations 2
smoothSolver:  Solving for Uz, Initial residual = 1.066937804e-05, Final residual = 2.53090688e-07, No Iterations 2
GAMG:  Solving for p, Initial residual = 1.677862494e-05, Final residual = 9.444335019e-08, No Iterations 3
GAMG:  Solving for p, Initial residual = 1.50159061e-06, Final residual = 6.601461972e-09, No Iterations 3
GAMG:  Solving for p, Initial residual = 2.533658942e-07, Final residual = 2.458478474e-09, No Iterations 2
time step continuity errors (region0): sum local = 2.02573935e-10, global = -1.203901955e-11, cumulative = 3.32813632e-08
smoothSolver:  Solving for omega, Initial residual = 5.680917384e-07, Final residual = 5.059237819e-08, No Iterations 1
smoothSolver:  Solving for k, Initial residual = 5.583597416e-07, Final residual = 5.02736863e-08, No Iterations 1

ExecutionTime = 2.56 s  ExecutionStepTime = 0.02 s  ClockTime = 2 s

forces FR write:
    Sum of forces
        Total    : ( 0.619767219 0 -8.046493991 )
        Pressure : ( 0.5761211271 0 -8.047459934 )
        Viscous  : ( 0.0436460919 0 0.0009659433649 )
    Sum of moments
        Total    : ( -3.903720403 1.379595932 -0.3006772813 )
        Pressure : ( -3.904189026 1.381920294 -0.279502576 )
        Viscous  : ( 0.000468623083 -0.002324361993 -0.02117470536 )


liftDrag LD execute:
Viscous drag: 0.003624498232, pressure drag: 0.0478427716, porous drag: 0
Viscous lift: 8.021474238e-05, pressure lift: -0.668284445, porous lift: 0
Total lift: -0.6682042302, Front lift: -0.2195364622, Rear lift: -0.448667768, Drag: 0.05146726984
Location of Center of Mass: ( 0.1583410946 0.4851455065 -0.0177077476 )
Location of Center Of Pressure: ( 0.1727315852 0.4851455065 -0.01659934507 )


yPlus yPlus execute:
    patch Bottom y+ : min = 1.542527875, max = 457.3301984, average = 236.0175385
    patch Top y+ : min = 61.40041069, max = 468.8348844, average = 265.0771206
    patch e423_0 y+ : min = 148.066711, max = 746.2455717, average = 397.604467


################################################################################

Time = 221

Outer Loop Iteration = 221
smoothSolver:  Solving for Ux, Initial residual = 1.839629287e-05, Final residual = 3.704193671e-07, No Iterations 2
smoothSolver:  Solving for Uz, Initial residual = 1.034044639e-05, Final residual = 2.43531543e-07, No Iterations 2
GAMG:  Solving for p, Initial residual = 1.609454279e-05, Final residual = 9.14013958e-08, No Iterations 3
GAMG:  Solving for p, Initial residual = 1.425259323e-06, Final residual = 6.425388198e-09, No Iterations 3
GAMG:  Solving for p, Initial residual = 2.379621212e-07, Final residual = 7.692384356e-10, No Iterations 3
time step continuity errors (region0): sum local = 6.338399634e-11, global = -3.331981134e-12, cumulative = 3.327803121e-08
smoothSolver:  Solving for omega, Initial residual = 5.541019149e-07, Final residual = 4.912862645e-08, No Iterations 1
smoothSolver:  Solving for k, Initial residual = 5.460471257e-07, Final residual = 4.919059109e-08, No Iterations 1

ExecutionTime = 2.56 s  ExecutionStepTime = 0 s  ClockTime = 2 s

forces FR write:
    Sum of forces
        Total    : ( 0.6197640688 0 -8.046597057 )
        Pressure : ( 0.5761175495 0 -8.047562978 )
        Viscous  : ( 0.04364651928 0 0.0009659209735 )
    Sum of moments
        Total    : ( -3.903770404 1.379610823 -0.3006757531 )
        Pressure : ( -3.904239017 1.381935216 -0.2795008404 )
        Viscous  : ( 0.0004686122199 -0.002324392701 -0.0211749127 )


liftDrag LD execute:
Viscous drag: 0.003624533722, pressure drag: 0.04784247452, porous drag: 0
Viscous lift: 8.021288293e-05, pressure lift: -0.668293002, porous lift: 0
Total lift: -0.6682127891, Front lift: -0.219539505, Rear lift: -0.4486732841, Drag: 0.05146700824
Location of Center of Mass: ( 0.1583410946 0.4851455065 -0.0177077476 )
Location of Center Of Pressure: ( 0.1727312205 0.4851455065 -0.01659939299 )


yPlus yPlus execute:
    patch Bottom y+ : min = 1.542451364, max = 457.3260739, average = 236.0170417
    patch Top y+ : min = 61.40051267, max = 468.8347597, average = 265.0744671
    patch e423_0 y+ : min = 148.0710407, max = 746.2499611, average = 397.6060105


################################################################################

Time = 222

Outer Loop Iteration = 222
smoothSolver:  Solving for Ux, Initial residual = 1.78971065e-05, Final residual = 3.547556169e-07, No Iterations 2
smoothSolver:  Solving for Uz, Initial residual = 1.002533601e-05, Final residual = 2.347700068e-07, No Iterations 2
GAMG:  Solving for p, Initial residual = 1.545129584e-05, Final residual = 8.948301104e-08, No Iterations 3
GAMG:  Solving for p, Initial residual = 1.353048587e-06, Final residual = 6.337356227e-09, No Iterations 3
GAMG:  Solving for p, Initial residual = 2.234163516e-07, Final residual = 7.506362481e-10, No Iterations 3
time step continuity errors (region0): sum local = 6.185128643e-11, global = -1.623076315e-12, cumulative = 3.327640814e-08
smoothSolver:  Solving for omega, Initial residual = 5.401859214e-07, Final residual = 4.763729328e-08, No Iterations 1
smoothSolver:  Solving for k, Initial residual = 5.343486162e-07, Final residual = 4.805773031e-08, No Iterations 1

ExecutionTime = 2.57 s  ExecutionStepTime = 0.01 s  ClockTime = 2 s

forces FR write:
    Sum of forces
        Total    : ( 0.6197613606 0 -8.046696796 )
        Pressure : ( 0.5761144255 0 -8.047662698 )
        Viscous  : ( 0.04364693502 0 0.0009659025298 )
    Sum of moments
        Total    : ( -3.903818792 1.37962533 -0.3006744392 )
        Pressure : ( -3.904287396 1.381949753 -0.2794993248 )
        Viscous  : ( 0.000468603272 -0.002324423045 -0.0211751144 )


liftDrag LD execute:
Viscous drag: 0.003624568247, pressure drag: 0.04784221509, porous drag: 0
Viscous lift: 8.021135131e-05, pressure lift: -0.6683012831, porous lift: 0
Total lift: -0.6682210717, Front lift: -0.2195424417, Rear lift: -0.44867863, Drag: 0.05146678333
Location of Center of Mass: ( 0.1583410946 0.4851455065 -0.0177077476 )
Location of Center Of Pressure: ( 0.1727308801 0.4851455065 -0.01659943779 )


yPlus yPlus execute:
    patch Bottom y+ : min = 1.542371525, max = 457.3213322, average = 236.0163987
    patch Top y+ : min = 61.40070626, max = 468.8336337, average = 265.0714853
    patch e423_0 y+ : min = 148.0751593, max = 746.2541655, average = 397.6075183


################################################################################

Time = 223

Outer Loop Iteration = 223
smoothSolver:  Solving for Ux, Initial residual = 1.738932679e-05, Final residual = 3.395828653e-07, No Iterations 2
smoothSolver:  Solving for Uz, Initial residual = 9.745324553e-06, Final residual = 2.265302219e-07, No Iterations 2
GAMG:  Solving for p, Initial residual = 1.488655788e-05, Final residual = 8.824033059e-08, No Iterations 3
GAMG:  Solving for p, Initial residual = 1.285284589e-06, Final residual = 6.275100027e-09, No Iterations 3
GAMG:  Solving for p, Initial residual = 2.129297775e-07, Final residual = 7.464469387e-10, No Iterations 3
time step continuity errors (region0): sum local = 6.150642364e-11, global = 7.510189185e-13, cumulative = 3.327715916e-08
smoothSolver:  Solving for omega, Initial residual = 5.264759449e-07, Final residual = 4.615867481e-08, No Iterations 1
smoothSolver:  Solving for k, Initial residual = 5.229653077e-07, Final residual = 4.69397505e-08, No Iterations 1

ExecutionTime = 2.58 s  ExecutionStepTime = 0.01 s  ClockTime = 2 s

forces FR write:
    Sum of forces
        Total    : ( 0.619759057 0 -8.046793348 )
        Pressure : ( 0.5761117177 0 -8.047759236 )
        Viscous  : ( 0.04364733928 0 0.0009658877449 )
    Sum of moments
        Total    : ( -3.903865634 1.379639467 -0.3006733216 )
        Pressure : ( -3.904334231 1.38196392 -0.2794980111 )
        Viscous  : ( 0.0004685960992 -0.002324453001 -0.02117531052 )


liftDrag LD execute:
Viscous drag: 0.003624601817, pressure drag: 0.04784199023, porous drag: 0
Viscous lift: 8.021012353e-05, pressure lift: -0.6683092998, porous lift: 0
Total lift: -0.6682290897, Front lift: -0.2195452767, Rear lift: -0.4486838131, Drag: 0.05146659204
Location of Center of Mass: ( 0.1583410946 0.4851455065 -0.0177077476 )
Location of Center Of Pressure: ( 0.1727305629 0.4851455065 -0.01659947963 )


yPlus yPlus execute:
    patch Bottom y+ : min = 1.542289007, max = 457.3160828, average = 236.0156445
    patch Top y+ : min = 61.40098171, max = 468.8316021, average = 265.0682258
    patch e423_0 y+ : min = 148.0790805, max = 746.2581903, average = 397.6089905


################################################################################

Time = 224

Outer Loop Iteration = 224
smoothSolver:  Solving for Ux, Initial residual = 1.68755447e-05, Final residual = 3.253012409e-07, No Iterations 2
smoothSolver:  Solving for Uz, Initial residual = 9.479743015e-06, Final residual = 2.189384959e-07, No Iterations 2
GAMG:  Solving for p, Initial residual = 1.434186321e-05, Final residual = 8.712391526e-08, No Iterations 3
GAMG:  Solving for p, Initial residual = 1.226146557e-06, Final residual = 6.183473407e-09, No Iterations 3
GAMG:  Solving for p, Initial residual = 2.033761186e-07, Final residual = 7.378214144e-10, No Iterations 3
time step continuity errors (region0): sum local = 6.079599283e-11, global = 2.875597505e-12, cumulative = 3.328003475e-08
smoothSolver:  Solving for omega, Initial residual = 5.131799791e-07, Final residual = 4.462035486e-08, No Iterations 1
smoothSolver:  Solving for k, Initial residual = 5.117234585e-07, Final residual = 4.587042415e-08, No Iterations 1

ExecutionTime = 2.59 s  ExecutionStepTime = 0.01 s  ClockTime = 2 s

forces FR write:
    Sum of forces
        Total    : ( 0.6197571335 0 -8.046886879 )
        Pressure : ( 0.5761094013 0 -8.047852756 )
        Viscous  : ( 0.04364773222 0 0.0009658763325 )
    Sum of moments
        Total    : ( -3.903911011 1.379653255 -0.3006723884 )
        Pressure : ( -3.904379601 1.381977737 -0.2794968873 )
        Viscous  : ( 0.0004685905625 -0.002324482549 -0.02117550115 )


liftDrag LD execute:
Viscous drag: 0.003624634448, pressure drag: 0.04784179786, porous drag: 0
Viscous lift: 8.020917582e-05, pressure lift: -0.668317066, porous lift: 0
Total lift: -0.6682368568, Front lift: -0.2195480152, Rear lift: -0.4486888416, Drag: 0.05146643231
Location of Center of Mass: ( 0.1583410946 0.4851455065 -0.0177077476 )
Location of Center Of Pressure: ( 0.1727302677 0.4851455065 -0.01659951869 )


yPlus yPlus execute:
    patch Bottom y+ : min = 1.542204377, max = 457.3104278, average = 236.0148136
    patch Top y+ : min = 61.401327, max = 468.8287564, average = 265.064736
    patch e423_0 y+ : min = 148.0828171, max = 746.2620432, average = 397.6104275


################################################################################

Time = 225

Outer Loop Iteration = 225
smoothSolver:  Solving for Ux, Initial residual = 1.637818714e-05, Final residual = 3.115984503e-07, No Iterations 2
smoothSolver:  Solving for Uz, Initial residual = 9.22921927e-06, Final residual = 2.118157924e-07, No Iterations 2
GAMG:  Solving for p, Initial residual = 1.384916102e-05, Final residual = 8.611387121e-08, No Iterations 3
GAMG:  Solving for p, Initial residual = 1.178030161e-06, Final residual = 6.080266454e-09, No Iterations 3
GAMG:  Solving for p, Initial residual = 1.939311769e-07, Final residual = 7.321445539e-10, No Iterations 3
time step continuity errors (region0): sum local = 6.032852869e-11, global = 4.80026317e-12, cumulative = 3.328483502e-08
smoothSolver:  Solving for omega, Initial residual = 5.002419575e-07, Final residual = 4.320175329e-08, No Iterations 1
smoothSolver:  Solving for k, Initial residual = 5.006757375e-07, Final residual = 4.480971039e-08, No Iterations 1

ExecutionTime = 2.61 s  ExecutionStepTime = 0.02 s  ClockTime = 2 s

forces FR write:
    Sum of forces
        Total    : ( 0.6197555607 0 -8.046977539 )
        Pressure : ( 0.5761074467 0 -8.047943407 )
        Viscous  : ( 0.04364811404 0 0.0009658680036 )
    Sum of moments
        Total    : ( -3.903954994 1.379666708 -0.3006716254 )
        Pressure : ( -3.90442358 1.38199122 -0.279495939 )
        Viscous  : ( 0.0004685865218 -0.002324511666 -0.02117568639 )


liftDrag LD execute:
Viscous drag: 0.003624666156, pressure drag: 0.04784163554, porous drag: 0
Viscous lift: 8.020848416e-05, pressure lift: -0.6683245939, porous lift: 0
Total lift: -0.6682443854, Front lift: -0.2195506623, Rear lift: -0.4486937231, Drag: 0.0514663017
Location of Center of Mass: ( 0.1583410946 0.4851455065 -0.0177077476 )
Location of Center Of Pressure: ( 0.1727299931 0.4851455065 -0.01659955514 )


yPlus yPlus execute:
    patch Bottom y+ : min = 1.54211817, max = 457.3044612, average = 236.0139371
    patch Top y+ : min = 61.40173168, max = 468.8251837, average = 265.0610612
    patch e423_0 y+ : min = 148.0863816, max = 746.2657313, average = 397.6118296


################################################################################

Time = 226

Outer Loop Iteration = 226
smoothSolver:  Solving for Ux, Initial residual = 1.589702379e-05, Final residual = 2.98607889e-07, No Iterations 2
smoothSolver:  Solving for Uz, Initial residual = 9.010593627e-06, Final residual = 2.052483712e-07, No Iterations 2
GAMG:  Solving for p, Initial residual = 1.338304946e-05, Final residual = 8.514681452e-08, No Iterations 3
GAMG:  Solving for p, Initial residual = 1.13705521e-06, Final residual = 5.966466043e-09, No Iterations 3
GAMG:  Solving for p, Initial residual = 1.84936019e-07, Final residual = 7.230658427e-10, No Iterations 3
time step continuity errors (region0): sum local = 5.958065312e-11, global = 6.366129391e-12, cumulative = 3.329120115e-08
smoothSolver:  Solving for omega, Initial residual = 4.876072878e-07, Final residual = 4.18247302e-08, No Iterations 1
smoothSolver:  Solving for k, Initial residual = 4.897321044e-07, Final residual = 4.377445596e-08, No Iterations 1

ExecutionTime = 2.62 s  ExecutionStepTime = 0.01 s  ClockTime = 2 s

forces FR write:
    Sum of forces
        Total    : ( 0.619754309 0 -8.047065475 )
        Pressure : ( 0.5761058241 0 -8.048031338 )
        Viscous  : ( 0.04364848495 0 0.0009658624688 )
    Sum of moments
        Total    : ( -3.903997656 1.379679843 -0.3006710181 )
        Pressure : ( -3.904466239 1.382004384 -0.2794951518 )
        Viscous  : ( 0.0004685838366 -0.002324540333 -0.02117586634 )


liftDrag LD execute:
Viscous drag: 0.003624696957, pressure drag: 0.0478415008, porous drag: 0
Viscous lift: 8.020802454e-05, pressure lift: -0.668331896, porous lift: 0
Total lift: -0.6682516879, Front lift: -0.2195532228, Rear lift: -0.4486984651, Drag: 0.05146619776
Location of Center of Mass: ( 0.1583410946 0.4851455065 -0.0177077476 )
Location of Center Of Pressure: ( 0.1727297379 0.4851455065 -0.01659958914 )


yPlus yPlus execute:
    patch Bottom y+ : min = 1.542030909, max = 457.2982691, average = 236.0130431
    patch Top y+ : min = 61.40218559, max = 468.8209673, average = 265.0572441
    patch e423_0 y+ : min = 148.0897865, max = 746.2692623, average = 397.6131971


################################################################################

Time = 227

Outer Loop Iteration = 227
smoothSolver:  Solving for Ux, Initial residual = 1.54480259e-05, Final residual = 2.866504222e-07, No Iterations 2
smoothSolver:  Solving for Uz, Initial residual = 8.815784626e-06, Final residual = 1.990926616e-07, No Iterations 2
GAMG:  Solving for p, Initial residual = 1.291843838e-05, Final residual = 8.415919947e-08, No Iterations 3
GAMG:  Solving for p, Initial residual = 1.106449166e-06, Final residual = 5.852205561e-09, No Iterations 3
GAMG:  Solving for p, Initial residual = 1.772104838e-07, Final residual = 7.196808345e-10, No Iterations 3
time step continuity errors (region0): sum local = 5.930213872e-11, global = 7.641552296e-12, cumulative = 3.32988427e-08
smoothSolver:  Solving for omega, Initial residual = 4.750365486e-07, Final residual = 4.060069537e-08, No Iterations 1
smoothSolver:  Solving for k, Initial residual = 4.788281433e-07, Final residual = 4.26971574e-08, No Iterations 1

ExecutionTime = 2.63 s  ExecutionStepTime = 0.01 s  ClockTime = 2 s

forces FR write:
    Sum of forces
        Total    : ( 0.6197533489 0 -8.047150831 )
        Pressure : ( 0.5761045037 0 -8.048116691 )
        Viscous  : ( 0.04364884516 0 0.0009658594412 )
    Sum of moments
        Total    : ( -3.904039066 1.379692674 -0.3006705523 )
        Pressure : ( -3.904507648 1.382017243 -0.2794945112 )
        Viscous  : ( 0.0004685823678 -0.00232456853 -0.02117604109 )


liftDrag LD execute:
Viscous drag: 0.00362472687, pressure drag: 0.04784139115, porous drag: 0
Viscous lift: 8.020777312e-05, pressure lift: -0.6683389839, porous lift: 0
Total lift: -0.6682587761, Front lift: -0.2195557014, Rear lift: -0.4487030747, Drag: 0.05146611802
Location of Center of Mass: ( 0.1583410946 0.4851455065 -0.0177077476 )
Location of Center Of Pressure: ( 0.1727295007 0.4851455065 -0.01659962089 )


yPlus yPlus execute:
    patch Bottom y+ : min = 1.54194309, max = 457.2919298, average = 236.0121571
    patch Top y+ : min = 61.40267889, max = 468.816186, average = 265.0533245
    patch e423_0 y+ : min = 148.0930438, max = 746.2726435, average = 397.6145304


################################################################################

Time = 228

Outer Loop Iteration = 228
smoothSolver:  Solving for Ux, Initial residual = 1.501121142e-05, Final residual = 2.754052417e-07, No Iterations 2
smoothSolver:  Solving for Uz, Initial residual = 8.628056476e-06, Final residual = 1.928708655e-07, No Iterations 2
GAMG:  Solving for p, Initial residual = 1.246539802e-05, Final residual = 8.323190611e-08, No Iterations 3
GAMG:  Solving for p, Initial residual = 1.076172442e-06, Final residual = 5.71739389e-09, No Iterations 3
GAMG:  Solving for p, Initial residual = 1.715758218e-07, Final residual = 7.173320158e-10, No Iterations 3
time step continuity errors (region0): sum local = 5.910897893e-11, global = 8.728986709e-12, cumulative = 3.330757169e-08
smoothSolver:  Solving for omega, Initial residual = 4.625805575e-07, Final residual = 3.935487513e-08, No Iterations 1
smoothSolver:  Solving for k, Initial residual = 4.678520318e-07, Final residual = 4.158185278e-08, No Iterations 1

ExecutionTime = 2.64 s  ExecutionStepTime = 0.01 s  ClockTime = 2 s

forces FR write:
    Sum of forces
        Total    : ( 0.6197526509 0 -8.047233745 )
        Pressure : ( 0.576103456 0 -8.048199603 )
        Viscous  : ( 0.04364919493 0 0.0009658586385 )
    Sum of moments
        Total    : ( -3.904079291 1.379705214 -0.3006702137 )
        Pressure : ( -3.904547873 1.382029811 -0.2794940029 )
        Viscous  : ( 0.0004685819784 -0.002324596238 -0.02117621078 )


liftDrag LD execute:
Viscous drag: 0.003624755916, pressure drag: 0.04784130415, porous drag: 0
Viscous lift: 8.020770646e-05, pressure lift: -0.6683458692, porous lift: 0
Total lift: -0.6682656615, Front lift: -0.2195581027, Rear lift: -0.4487075588, Drag: 0.05146606006
Location of Center of Mass: ( 0.1583410946 0.4851455065 -0.0177077476 )
Location of Center Of Pressure: ( 0.1727292801 0.4851455065 -0.01659965053 )


yPlus yPlus execute:
    patch Bottom y+ : min = 1.541855177, max = 457.2855148, average = 236.0113017
    patch Top y+ : min = 61.4032031, max = 468.8109155, average = 265.0493399
    patch e423_0 y+ : min = 148.0961652, max = 746.2758828, average = 397.6158301


################################################################################

Time = 229

Outer Loop Iteration = 229
smoothSolver:  Solving for Ux, Initial residual = 1.457044063e-05, Final residual = 2.646031269e-07, No Iterations 2
smoothSolver:  Solving for Uz, Initial residual = 8.454698976e-06, Final residual = 1.870478186e-07, No Iterations 2
GAMG:  Solving for p, Initial residual = 1.201637734e-05, Final residual = 8.235259002e-08, No Iterations 3
GAMG:  Solving for p, Initial residual = 1.052258695e-06, Final residual = 5.567483162e-09, No Iterations 3
GAMG:  Solving for p, Initial residual = 1.666282152e-07, Final residual = 7.082501711e-10, No Iterations 3
time step continuity errors (region0): sum local = 5.836116793e-11, global = 8.916586173e-12, cumulative = 3.331648827e-08
smoothSolver:  Solving for omega, Initial residual = 4.50255123e-07, Final residual = 3.829643468e-08, No Iterations 1
smoothSolver:  Solving for k, Initial residual = 4.567758817e-07, Final residual = 4.051628051e-08, No Iterations 1

ExecutionTime = 2.66 s  ExecutionStepTime = 0.02 s  ClockTime = 2 s

forces FR write:
    Sum of forces
        Total    : ( 0.6197521866 0 -8.047314349 )
        Pressure : ( 0.5761026521 0 -8.048280209 )
        Viscous  : ( 0.0436495345 0 0.0009658597849 )
    Sum of moments
        Total    : ( -3.904118395 1.379717477 -0.3006699884 )
        Pressure : ( -3.904586978 1.3820421 -0.2794936129 )
        Viscous  : ( 0.0004685825345 -0.002324623441 -0.02117637552 )


liftDrag LD execute:
Viscous drag: 0.003624784115, pressure drag: 0.04784123739, porous drag: 0
Viscous lift: 8.020780165e-05, pressure lift: -0.6683525629, porous lift: 0
Total lift: -0.6682723551, Front lift: -0.2195604312, Rear lift: -0.4487119239, Drag: 0.0514660215
Location of Center of Mass: ( 0.1583410946 0.4851455065 -0.0177077476 )
Location of Center Of Pressure: ( 0.172729075 0.4851455065 -0.01659967826 )


yPlus yPlus execute:
    patch Bottom y+ : min = 1.541767596, max = 457.279089, average = 236.0104978
    patch Top y+ : min = 61.40374812, max = 468.8052266, average = 265.0453256
    patch e423_0 y+ : min = 148.0991621, max = 746.2789877, average = 397.6170967


################################################################################

Time = 230

Outer Loop Iteration = 230
smoothSolver:  Solving for Ux, Initial residual = 1.413103411e-05, Final residual = 2.545779892e-07, No Iterations 2
smoothSolver:  Solving for Uz, Initial residual = 8.312006367e-06, Final residual = 1.814685412e-07, No Iterations 2
GAMG:  Solving for p, Initial residual = 1.16473751e-05, Final residual = 8.14744134e-08, No Iterations 3
GAMG:  Solving for p, Initial residual = 1.064521735e-06, Final residual = 5.450914574e-09, No Iterations 3
GAMG:  Solving for p, Initial residual = 1.695265907e-07, Final residual = 7.017389898e-10, No Iterations 3
time step continuity errors (region0): sum local = 5.782489767e-11, global = 9.124149527e-12, cumulative = 3.332561242e-08
smoothSolver:  Solving for omega, Initial residual = 4.379904327e-07, Final residual = 3.729537872e-08, No Iterations 1
smoothSolver:  Solving for k, Initial residual = 4.455716515e-07, Final residual = 3.942270506e-08, No Iterations 1

ExecutionTime = 2.67 s  ExecutionStepTime = 0.01 s  ClockTime = 2 s

forces FR write:
    Sum of forces
        Total    : ( 0.6197519278 0 -8.047392771 )
        Pressure : ( 0.5761020637 0 -8.048358634 )
        Viscous  : ( 0.04364986414 0 0.0009658626124 )
    Sum of moments
        Total    : ( -3.904156442 1.379729473 -0.3006698629 )
        Pressure : ( -3.904625026 1.382054124 -0.2794933274 )
        Viscous  : ( 0.0004685839063 -0.002324650124 -0.02117653544 )


liftDrag LD execute:
Viscous drag: 0.003624811489, pressure drag: 0.04784118852, porous drag: 0
Viscous lift: 8.020803646e-05, pressure lift: -0.6683590756, porous lift: 0
Total lift: -0.6682788675, Front lift: -0.2195626912, Rear lift: -0.4487161763, Drag: 0.05146600001
Location of Center of Mass: ( 0.1583410946 0.4851455065 -0.0177077476 )
Location of Center Of Pressure: ( 0.172728884 0.4851455065 -0.01659970424 )


yPlus yPlus execute:
    patch Bottom y+ : min = 1.541680761, max = 457.272713, average = 236.0097638
    patch Top y+ : min = 61.40430584, max = 468.79919, average = 265.0413146
    patch e423_0 y+ : min = 148.1020453, max = 746.281966, average = 397.6183305


################################################################################

Time = 231

Outer Loop Iteration = 231
smoothSolver:  Solving for Ux, Initial residual = 1.369738927e-05, Final residual = 2.450595397e-07, No Iterations 2
smoothSolver:  Solving for Uz, Initial residual = 8.182587379e-06, Final residual = 1.763562149e-07, No Iterations 2
GAMG:  Solving for p, Initial residual = 1.149723044e-05, Final residual = 8.08188717e-08, No Iterations 3
GAMG:  Solving for p, Initial residual = 1.075496087e-06, Final residual = 5.337971637e-09, No Iterations 3
GAMG:  Solving for p, Initial residual = 1.733355773e-07, Final residual = 6.627159047e-10, No Iterations 3
time step continuity errors (region0): sum local = 5.46096832e-11, global = 6.379818883e-12, cumulative = 3.333199224e-08
smoothSolver:  Solving for omega, Initial residual = 4.25973842e-07, Final residual = 3.642621209e-08, No Iterations 1
smoothSolver:  Solving for k, Initial residual = 4.342508476e-07, Final residual = 3.831212357e-08, No Iterations 1

ExecutionTime = 2.68 s  ExecutionStepTime = 0.01 s  ClockTime = 2 s

forces FR write:
    Sum of forces
        Total    : ( 0.6197518474 0 -8.047469133 )
        Pressure : ( 0.5761016633 0 -8.048435 )
        Viscous  : ( 0.04365018411 0 0.0009658668628 )
    Sum of moments
        Total    : ( -3.904193488 1.379741216 -0.3006698239 )
        Pressure : ( -3.904662074 1.382065892 -0.2794931332 )
        Viscous  : ( 0.0004685859683 -0.002324676273 -0.02117669068 )


liftDrag LD execute:
Viscous drag: 0.00362483806, pressure drag: 0.04784115527, porous drag: 0
Viscous lift: 8.020838943e-05, pressure lift: -0.6683654172, porous lift: 0
Total lift: -0.6682852088, Front lift: -0.2195648867, Rear lift: -0.4487203221, Drag: 0.05146599333
Location of Center of Mass: ( 0.1583410946 0.4851455065 -0.0177077476 )
Location of Center Of Pressure: ( 0.1727287058 0.4851455065 -0.01659972862 )


yPlus yPlus execute:
    patch Bottom y+ : min = 1.541595065, max = 457.2664398, average = 236.0091151
    patch Top y+ : min = 61.40486656, max = 468.7928704, average = 265.0373373
    patch e423_0 y+ : min = 148.104825, max = 746.2848252, average = 397.6195323


################################################################################

Time = 232

Outer Loop Iteration = 232
smoothSolver:  Solving for Ux, Initial residual = 1.32739995e-05, Final residual = 2.365551071e-07, No Iterations 2
smoothSolver:  Solving for Uz, Initial residual = 8.053564543e-06, Final residual = 1.718502665e-07, No Iterations 2
GAMG:  Solving for p, Initial residual = 1.1391937e-05, Final residual = 8.030971965e-08, No Iterations 3
GAMG:  Solving for p, Initial residual = 1.083827552e-06, Final residual = 5.276064773e-09, No Iterations 3
GAMG:  Solving for p, Initial residual = 1.764148949e-07, Final residual = 6.765022371e-10, No Iterations 3
time step continuity errors (region0): sum local = 5.574605029e-11, global = 8.207929228e-12, cumulative = 3.334020017e-08
smoothSolver:  Solving for omega, Initial residual = 4.139636392e-07, Final residual = 3.559171049e-08, No Iterations 1
smoothSolver:  Solving for k, Initial residual = 4.227296361e-07, Final residual = 3.724319612e-08, No Iterations 1

ExecutionTime = 2.69 s  ExecutionStepTime = 0.01 s  ClockTime = 2 s

forces FR write:
    Sum of forces
        Total    : ( 0.6197519192 0 -8.04754355 )
        Pressure : ( 0.5761014246 0 -8.048509422 )
        Viscous  : ( 0.04365049469 0 0.0009658722885 )
    Sum of moments
        Total    : ( -3.904229591 1.379752714 -0.3006698587 )
        Pressure : ( -3.90469818 1.382077416 -0.2794930174 )
        Viscous  : ( 0.0004685886006 -0.002324701875 -0.02117684135 )


liftDrag LD execute:
Viscous drag: 0.003624863852, pressure drag: 0.04784113545, porous drag: 0
Viscous lift: 8.020883999e-05, pressure lift: -0.6683715975, porous lift: 0
Total lift: -0.6682913886, Front lift: -0.2195670218, Rear lift: -0.4487243668, Drag: 0.0514659993
Location of Center of Mass: ( 0.1583410946 0.4851455065 -0.0177077476 )
Location of Center Of Pressure: ( 0.1727285392 0.4851455065 -0.01659975156 )


yPlus yPlus execute:
    patch Bottom y+ : min = 1.541510869, max = 457.2603136, average = 236.0085644
    patch Top y+ : min = 61.40542667, max = 468.7863281, average = 265.0334189
    patch e423_0 y+ : min = 148.1075112, max = 746.2875728, average = 397.6207026


################################################################################

Time = 233

Outer Loop Iteration = 233
smoothSolver:  Solving for Ux, Initial residual = 1.285481113e-05, Final residual = 2.288618619e-07, No Iterations 2
smoothSolver:  Solving for Uz, Initial residual = 7.935135463e-06, Final residual = 1.680189189e-07, No Iterations 2
GAMG:  Solving for p, Initial residual = 1.129324501e-05, Final residual = 7.968505955e-08, No Iterations 3
GAMG:  Solving for p, Initial residual = 1.090866723e-06, Final residual = 5.235899487e-09, No Iterations 3
GAMG:  Solving for p, Initial residual = 1.788307457e-07, Final residual = 6.697578053e-10, No Iterations 3
time step continuity errors (region0): sum local = 5.519085951e-11, global = 7.826126388e-12, cumulative = 3.33480263e-08
smoothSolver:  Solving for omega, Initial residual = 4.02316436e-07, Final residual = 3.472151268e-08, No Iterations 1
smoothSolver:  Solving for k, Initial residual = 4.111112845e-07, Final residual = 3.616156841e-08, No Iterations 1

ExecutionTime = 2.69 s  ExecutionStepTime = 0 s  ClockTime = 2 s

forces FR write:
    Sum of forces
        Total    : ( 0.6197521182 0 -8.04761613 )
        Pressure : ( 0.576101322 0 -8.048582009 )
        Viscous  : ( 0.04365079616 0 0.000965878654 )
    Sum of moments
        Total    : ( -3.904264803 1.379763977 -0.3006699553 )
        Pressure : ( -3.904733395 1.382088704 -0.2794929677 )
        Viscous  : ( 0.0004685916888 -0.00232472692 -0.02117698761 )


liftDrag LD execute:
Viscous drag: 0.003624888887, pressure drag: 0.04784112694, porous drag: 0
Viscous lift: 8.02093686e-05, pressure lift: -0.6683776253, porous lift: 0
Total lift: -0.6682974159, Front lift: -0.2195691001, Rear lift: -0.4487283158, Drag: 0.05146601582
Location of Center of Mass: ( 0.1583410946 0.4851455065 -0.0177077476 )
Location of Center Of Pressure: ( 0.1727283831 0.4851455065 -0.01659977322 )


yPlus yPlus execute:
    patch Bottom y+ : min = 1.541428475, max = 457.2543753, average = 236.008124
    patch Top y+ : min = 61.40597819, max = 468.7796061, average = 265.0295835
    patch e423_0 y+ : min = 148.1101129, max = 746.290216, average = 397.6218421


################################################################################

Time = 234

Outer Loop Iteration = 234
smoothSolver:  Solving for Ux, Initial residual = 1.244585974e-05, Final residual = 2.215919756e-07, No Iterations 2
smoothSolver:  Solving for Uz, Initial residual = 7.815623541e-06, Final residual = 1.650207121e-07, No Iterations 2
GAMG:  Solving for p, Initial residual = 1.118045583e-05, Final residual = 7.964721723e-08, No Iterations 3
GAMG:  Solving for p, Initial residual = 1.094729355e-06, Final residual = 5.202083465e-09, No Iterations 3
GAMG:  Solving for p, Initial residual = 1.80618881e-07, Final residual = 6.490789825e-10, No Iterations 3
time step continuity errors (region0): sum local = 5.348726873e-11, global = 5.981252471e-12, cumulative = 3.335400755e-08
smoothSolver:  Solving for omega, Initial residual = 3.907102438e-07, Final residual = 3.386053346e-08, No Iterations 1
smoothSolver:  Solving for k, Initial residual = 3.994882776e-07, Final residual = 3.506429852e-08, No Iterations 1

ExecutionTime = 2.71 s  ExecutionStepTime = 0.02 s  ClockTime = 2 s

forces FR write:
    Sum of forces
        Total    : ( 0.6197524205 0 -8.047686978 )
        Pressure : ( 0.5761013317 0 -8.048652863 )
        Viscous  : ( 0.04365108882 0 0.0009658857362 )
    Sum of moments
        Total    : ( -3.904299175 1.379775015 -0.3006701019 )
        Pressure : ( -3.90476777 1.382099767 -0.2794929723 )
        Viscous  : ( 0.0004685951247 -0.002324751398 -0.02117712959 )


liftDrag LD execute:
Viscous drag: 0.00362491319, pressure drag: 0.04784112774, porous drag: 0
Viscous lift: 8.020995673e-05, pressure lift: -0.6683835092, porous lift: 0
Total lift: -0.6683032993, Front lift: -0.2195711251, Rear lift: -0.4487321742, Drag: 0.05146604093
Location of Center of Mass: ( 0.1583410946 0.4851455065 -0.0177077476 )
Location of Center Of Pressure: ( 0.1727282363 0.4851455065 -0.01659979374 )


yPlus yPlus execute:
    patch Bottom y+ : min = 1.541348142, max = 457.2486646, average = 236.0078046
    patch Top y+ : min = 61.40651509, max = 468.7727554, average = 265.0258572
    patch e423_0 y+ : min = 148.1126389, max = 746.2927621, average = 397.6229513


################################################################################

Time = 235

Outer Loop Iteration = 235
smoothSolver:  Solving for Ux, Initial residual = 1.20482027e-05, Final residual = 2.147031662e-07, No Iterations 2
smoothSolver:  Solving for Uz, Initial residual = 7.696663497e-06, Final residual = 1.622050961e-07, No Iterations 2
GAMG:  Solving for p, Initial residual = 1.104570086e-05, Final residual = 7.970277433e-08, No Iterations 3
GAMG:  Solving for p, Initial residual = 1.095819709e-06, Final residual = 5.150913003e-09, No Iterations 3
GAMG:  Solving for p, Initial residual = 1.818759288e-07, Final residual = 6.482530585e-10, No Iterations 3
time step continuity errors (region0): sum local = 5.341951755e-11, global = 5.747207979e-12, cumulative = 3.335975476e-08
smoothSolver:  Solving for omega, Initial residual = 3.793066915e-07, Final residual = 3.302833945e-08, No Iterations 1
smoothSolver:  Solving for k, Initial residual = 3.87853495e-07, Final residual = 3.398962297e-08, No Iterations 1

ExecutionTime = 2.72 s  ExecutionStepTime = 0.01 s  ClockTime = 2 s

forces FR write:
    Sum of forces
        Total    : ( 0.6197528037 0 -8.047756188 )
        Pressure : ( 0.5761014308 0 -8.048722081 )
        Viscous  : ( 0.04365137294 0 0.000965893326 )
    Sum of moments
        Total    : ( -3.904332752 1.379785836 -0.3006702878 )
        Pressure : ( -3.90480135 1.382110611 -0.2794930204 )
        Viscous  : ( 0.0004685988068 -0.002324775304 -0.02117726743 )


liftDrag LD execute:
Viscous drag: 0.003624936784, pressure drag: 0.04784113596, porous drag: 0
Viscous lift: 8.021058701e-05, pressure lift: -0.6683892573, porous lift: 0
Total lift: -0.6683090467, Front lift: -0.2195731002, Rear lift: -0.4487359464, Drag: 0.05146607275
Location of Center of Mass: ( 0.1583410946 0.4851455065 -0.0177077476 )
Location of Center Of Pressure: ( 0.1727280977 0.4851455065 -0.01659981326 )


yPlus yPlus execute:
    patch Bottom y+ : min = 1.541270134, max = 457.2432197, average = 236.0076155
    patch Top y+ : min = 61.40703137, max = 468.7658406, average = 265.0222655
    patch e423_0 y+ : min = 148.1150973, max = 746.2952178, average = 397.6240309


################################################################################

Time = 236

Outer Loop Iteration = 236
smoothSolver:  Solving for Ux, Initial residual = 1.165800922e-05, Final residual = 2.08260188e-07, No Iterations 2
smoothSolver:  Solving for Uz, Initial residual = 7.575705602e-06, Final residual = 1.597543701e-07, No Iterations 2
GAMG:  Solving for p, Initial residual = 1.08888404e-05, Final residual = 7.898182094e-08, No Iterations 3
GAMG:  Solving for p, Initial residual = 1.093586472e-06, Final residual = 5.062617222e-09, No Iterations 3
GAMG:  Solving for p, Initial residual = 1.824966593e-07, Final residual = 6.449060653e-10, No Iterations 3
time step continuity errors (region0): sum local = 5.314425348e-11, global = 5.447606423e-12, cumulative = 3.336520236e-08
smoothSolver:  Solving for omega, Initial residual = 3.682382764e-07, Final residual = 3.217989616e-08, No Iterations 1
smoothSolver:  Solving for k, Initial residual = 3.768024426e-07, Final residual = 3.296061661e-08, No Iterations 1

ExecutionTime = 2.73 s  ExecutionStepTime = 0.01 s  ClockTime = 2 s

forces FR write:
    Sum of forces
        Total    : ( 0.6197532466 0 -8.047823851 )
        Pressure : ( 0.5761015978 0 -8.048789752 )
        Viscous  : ( 0.04365164882 0 0.0009659012279 )
    Sum of moments
        Total    : ( -3.904365578 1.379796447 -0.3006705027 )
        Pressure : ( -3.904834181 1.382121246 -0.2794931014 )
        Viscous  : ( 0.0004686026404 -0.002324798632 -0.02117740127 )


liftDrag LD execute:
Viscous drag: 0.003624959694, pressure drag: 0.04784114983, porous drag: 0
Viscous lift: 8.021124321e-05, pressure lift: -0.6683948769, porous lift: 0
Total lift: -0.6683146656, Front lift: -0.2195750286, Rear lift: -0.4487396371, Drag: 0.05146610953
Location of Center of Mass: ( 0.1583410946 0.4851455065 -0.0177077476 )
Location of Center Of Pressure: ( 0.1727279663 0.4851455065 -0.0165998319 )


yPlus yPlus execute:
    patch Bottom y+ : min = 1.541194703, max = 457.2380784, average = 236.0075637
    patch Top y+ : min = 61.4075211, max = 468.7589319, average = 265.0188312
    patch e423_0 y+ : min = 148.1174954, max = 746.2975897, average = 397.6250817


################################################################################

Time = 237

Outer Loop Iteration = 237
smoothSolver:  Solving for Ux, Initial residual = 1.127985241e-05, Final residual = 2.020458779e-07, No Iterations 2
smoothSolver:  Solving for Uz, Initial residual = 7.453254558e-06, Final residual = 1.578517127e-07, No Iterations 2
GAMG:  Solving for p, Initial residual = 1.072444377e-05, Final residual = 7.827459088e-08, No Iterations 3
GAMG:  Solving for p, Initial residual = 1.090536046e-06, Final residual = 4.955816483e-09, No Iterations 3
GAMG:  Solving for p, Initial residual = 1.824666239e-07, Final residual = 6.35105855e-10, No Iterations 3
time step continuity errors (region0): sum local = 5.233705122e-11, global = 5.407294067e-12, cumulative = 3.337060966e-08
smoothSolver:  Solving for omega, Initial residual = 3.573982086e-07, Final residual = 3.130662038e-08, No Iterations 1
smoothSolver:  Solving for k, Initial residual = 3.660948766e-07, Final residual = 3.192873254e-08, No Iterations 1

ExecutionTime = 2.74 s  ExecutionStepTime = 0.01 s  ClockTime = 2 s

forces FR write:
    Sum of forces
        Total    : ( 0.6197537296 0 -8.04789005 )
        Pressure : ( 0.5761018128 0 -8.04885596 )
        Viscous  : ( 0.04365191675 0 0.0009659092613 )
    Sum of moments
        Total    : ( -3.904397694 1.379806855 -0.300670737 )
        Pressure : ( -3.904866301 1.382131676 -0.2794932058 )
        Viscous  : ( 0.0004686065378 -0.002324821378 -0.02117753126 )


liftDrag LD execute:
Viscous drag: 0.003624981944, pressure drag: 0.04784116769, porous drag: 0
Viscous lift: 8.021191032e-05, pressure lift: -0.6684003749, porous lift: 0
Total lift: -0.668320163, Front lift: -0.219576913, Rear lift: -0.4487432501, Drag: 0.05146614963
Location of Center of Mass: ( 0.1583410946 0.4851455065 -0.0177077476 )
Location of Center Of Pressure: ( 0.1727278411 0.4851455065 -0.01659984979 )


yPlus yPlus execute:
    patch Bottom y+ : min = 1.541122067, max = 457.2332762, average = 236.0076547
    patch Top y+ : min = 61.40797963, max = 468.7520969, average = 265.0155732
    patch e423_0 y+ : min = 148.1198402, max = 746.2998843, average = 397.6261043


################################################################################

Time = 238

Outer Loop Iteration = 238
smoothSolver:  Solving for Ux, Initial residual = 1.091869647e-05, Final residual = 1.961760567e-07, No Iterations 2
smoothSolver:  Solving for Uz, Initial residual = 7.328770555e-06, Final residual = 1.562193115e-07, No Iterations 2
GAMG:  Solving for p, Initial residual = 1.056891062e-05, Final residual = 7.744295541e-08, No Iterations 3
GAMG:  Solving for p, Initial residual = 1.086622536e-06, Final residual = 4.876651159e-09, No Iterations 3
GAMG:  Solving for p, Initial residual = 1.834428872e-07, Final residual = 6.317423738e-10, No Iterations 3
time step continuity errors (region0): sum local = 5.206032068e-11, global = 5.118034175e-12, cumulative = 3.337572769e-08
smoothSolver:  Solving for omega, Initial residual = 3.466816125e-07, Final residual = 3.042379875e-08, No Iterations 1
smoothSolver:  Solving for k, Initial residual = 3.556701003e-07, Final residual = 3.089366548e-08, No Iterations 1

ExecutionTime = 2.74 s  ExecutionStepTime = 0 s  ClockTime = 2 s

forces FR write:
    Sum of forces
        Total    : ( 0.6197542343 0 -8.047954864 )
        Pressure : ( 0.5761020573 0 -8.048920782 )
        Viscous  : ( 0.04365217701 0 0.0009659172602 )
    Sum of moments
        Total    : ( -3.904429139 1.379817066 -0.3006709819 )
        Pressure : ( -3.904897749 1.382141909 -0.2794933244 )
        Viscous  : ( 0.0004686104184 -0.00232484354 -0.02117765752 )


liftDrag LD execute:
Viscous drag: 0.003625003557, pressure drag: 0.04784118799, porous drag: 0
Viscous lift: 8.021257457e-05, pressure lift: -0.6684057579, porous lift: 0
Total lift: -0.6683255454, Front lift: -0.2195787562, Rear lift: -0.4487467892, Drag: 0.05146619155
Location of Center of Mass: ( 0.1583410946 0.4851455065 -0.0177077476 )
Location of Center Of Pressure: ( 0.1727277212 0.4851455065 -0.01659986704 )


yPlus yPlus execute:
    patch Bottom y+ : min = 1.541052414, max = 457.2288452, average = 236.0078924
    patch Top y+ : min = 61.40840275, max = 468.7453956, average = 265.0125064
    patch e423_0 y+ : min = 148.122138, max = 746.3021075, average = 397.6270995


################################################################################

Time = 239

Outer Loop Iteration = 239
smoothSolver:  Solving for Ux, Initial residual = 1.057127362e-05, Final residual = 1.905908577e-07, No Iterations 2
smoothSolver:  Solving for Uz, Initial residual = 7.203283406e-06, Final residual = 1.550857973e-07, No Iterations 2
GAMG:  Solving for p, Initial residual = 1.041790463e-05, Final residual = 7.662577721e-08, No Iterations 3
GAMG:  Solving for p, Initial residual = 1.080843767e-06, Final residual = 4.738295125e-09, No Iterations 3
GAMG:  Solving for p, Initial residual = 1.844801298e-07, Final residual = 6.254684129e-10, No Iterations 3
time step continuity errors (region0): sum local = 5.154368617e-11, global = 4.730947721e-12, cumulative = 3.338045864e-08
smoothSolver:  Solving for omega, Initial residual = 3.362773791e-07, Final residual = 2.955073718e-08, No Iterations 1
smoothSolver:  Solving for k, Initial residual = 3.453945513e-07, Final residual = 2.989383787e-08, No Iterations 1

ExecutionTime = 2.77 s  ExecutionStepTime = 0.03 s  ClockTime = 3 s

forces FR write:
    Sum of forces
        Total    : ( 0.619754744 0 -8.048018363 )
        Pressure : ( 0.5761023141 0 -8.048984289 )
        Viscous  : ( 0.04365242989 0 0.0009659250735 )
    Sum of moments
        Total    : ( -3.904459945 1.379827086 -0.3006712292 )
        Pressure : ( -3.904928559 1.382151951 -0.279493449 )
        Viscous  : ( 0.000468614209 -0.002324865118 -0.02117778021 )


liftDrag LD execute:
Viscous drag: 0.003625024557, pressure drag: 0.04784120932, porous drag: 0
Viscous lift: 8.021322341e-05, pressure lift: -0.6684110317, porous lift: 0
Total lift: -0.6683308185, Front lift: -0.2195805607, Rear lift: -0.4487502579, Drag: 0.05146623388
Location of Center of Mass: ( 0.1583410946 0.4851455065 -0.0177077476 )
Location of Center Of Pressure: ( 0.1727276057 0.4851455065 -0.01659988377 )


yPlus yPlus execute:
    patch Bottom y+ : min = 1.540985899, max = 457.2248122, average = 236.0082791
    patch Top y+ : min = 61.40878706, max = 468.7388803, average = 265.0096425
    patch e423_0 y+ : min = 148.1243944, max = 746.304265, average = 397.6280679


################################################################################

Time = 240

Outer Loop Iteration = 240
smoothSolver:  Solving for Ux, Initial residual = 1.023793289e-05, Final residual = 1.852084329e-07, No Iterations 2
smoothSolver:  Solving for Uz, Initial residual = 7.082505829e-06, Final residual = 1.543668916e-07, No Iterations 2
GAMG:  Solving for p, Initial residual = 1.026987918e-05, Final residual = 7.499603558e-08, No Iterations 3
GAMG:  Solving for p, Initial residual = 1.076260857e-06, Final residual = 4.589935524e-09, No Iterations 3
GAMG:  Solving for p, Initial residual = 1.849199541e-07, Final residual = 6.313972263e-10, No Iterations 3
time step continuity errors (region0): sum local = 5.203259101e-11, global = 5.456155701e-12, cumulative = 3.33859148e-08
smoothSolver:  Solving for omega, Initial residual = 3.263336869e-07, Final residual = 2.867265614e-08, No Iterations 1
smoothSolver:  Solving for k, Initial residual = 3.3538249e-07, Final residual = 2.89409672e-08, No Iterations 1

ExecutionTime = 2.78 s  ExecutionStepTime = 0.01 s  ClockTime = 3 s

forces FR write:
    Sum of forces
        Total    : ( 0.6197552434 0 -8.048080613 )
        Pressure : ( 0.5761025677 0 -8.049046546 )
        Viscous  : ( 0.04365267567 0 0.0009659325649 )
    Sum of moments
        Total    : ( -3.904490145 1.37983692 -0.3006714714 )
        Pressure : ( -3.904958763 1.382161806 -0.279493572 )
        Viscous  : ( 0.0004686178434 -0.002324886113 -0.02117789945 )


liftDrag LD execute:
Viscous drag: 0.003625044967, pressure drag: 0.04784123038, porous drag: 0
Viscous lift: 8.021384552e-05, pressure lift: -0.6684162018, porous lift: 0
Total lift: -0.6683359879, Front lift: -0.2195823287, Rear lift: -0.4487536592, Drag: 0.05146627535
Location of Center of Mass: ( 0.1583410946 0.4851455065 -0.0177077476 )
Location of Center Of Pressure: ( 0.1727274939 0.4851455065 -0.01659990005 )


yPlus yPlus execute:
    patch Bottom y+ : min = 1.540922647, max = 457.2211977, average = 236.0088159
    patch Top y+ : min = 61.40912886, max = 468.7325973, average = 265.0069907
    patch e423_0 y+ : min = 148.1266146, max = 746.3063622, average = 397.6290102


################################################################################

Time = 241

Outer Loop Iteration = 241
smoothSolver:  Solving for Ux, Initial residual = 9.914645513e-06, Final residual = 1.800680452e-07, No Iterations 2
smoothSolver:  Solving for Uz, Initial residual = 6.963673735e-06, Final residual = 1.541005641e-07, No Iterations 2
GAMG:  Solving for p, Initial residual = 1.00972463e-05, Final residual = 7.339675248e-08, No Iterations 3
GAMG:  Solving for p, Initial residual = 1.068548794e-06, Final residual = 4.50181529e-09, No Iterations 3
GAMG:  Solving for p, Initial residual = 1.848300851e-07, Final residual = 6.27152199e-10, No Iterations 3
time step continuity errors (region0): sum local = 5.168330047e-11, global = 5.457421203e-12, cumulative = 3.339137222e-08
smoothSolver:  Solving for omega, Initial residual = 3.168163222e-07, Final residual = 2.782117251e-08, No Iterations 1
smoothSolver:  Solving for k, Initial residual = 3.25804397e-07, Final residual = 2.800101894e-08, No Iterations 1

ExecutionTime = 2.79 s  ExecutionStepTime = 0.01 s  ClockTime = 3 s

forces FR write:
    Sum of forces
        Total    : ( 0.6197557187 0 -8.048141674 )
        Pressure : ( 0.5761028041 0 -8.049107614 )
        Viscous  : ( 0.04365291463 0 0.0009659396129 )
    Sum of moments
        Total    : ( -3.904519768 1.379846572 -0.300671702 )
        Pressure : ( -3.90498839 1.382171479 -0.2794936867 )
        Viscous  : ( 0.0004686212627 -0.002324906528 -0.02117801538 )


liftDrag LD execute:
Viscous drag: 0.00362506481, pressure drag: 0.04784125001, porous drag: 0
Viscous lift: 8.021443081e-05, pressure lift: -0.668421273, porous lift: 0
Total lift: -0.6683410586, Front lift: -0.2195840625, Rear lift: -0.4487569961, Drag: 0.05146631482
Location of Center of Mass: ( 0.1583410946 0.4851455065 -0.0177077476 )
Location of Center Of Pressure: ( 0.172727385 0.4851455065 -0.016599916 )


yPlus yPlus execute:
    patch Bottom y+ : min = 1.540862775, max = 457.2180168, average = 236.009502
    patch Top y+ : min = 61.40942506, max = 468.7267059, average = 265.0045926
    patch e423_0 y+ : min = 148.1288033, max = 746.3084042, average = 397.6299273


################################################################################

Time = 242

Outer Loop Iteration = 242
smoothSolver:  Solving for Ux, Initial residual = 9.603151223e-06, Final residual = 1.749945377e-07, No Iterations 2
smoothSolver:  Solving for Uz, Initial residual = 6.850567853e-06, Final residual = 1.541140421e-07, No Iterations 2
GAMG:  Solving for p, Initial residual = 9.925823085e-06, Final residual = 7.20125546e-08, No Iterations 3
GAMG:  Solving for p, Initial residual = 1.058984532e-06, Final residual = 4.427834976e-09, No Iterations 3
GAMG:  Solving for p, Initial residual = 1.84418695e-07, Final residual = 6.215098053e-10, No Iterations 3
time step continuity errors (region0): sum local = 5.12187537e-11, global = 5.154593977e-12, cumulative = 3.339652681e-08
smoothSolver:  Solving for omega, Initial residual = 3.077938077e-07, Final residual = 2.700602999e-08, No Iterations 1
smoothSolver:  Solving for k, Initial residual = 3.171956901e-07, Final residual = 2.714262493e-08, No Iterations 1

ExecutionTime = 2.8 s  ExecutionStepTime = 0.01 s  ClockTime = 3 s

forces FR write:
    Sum of forces
        Total    : ( 0.6197561575 0 -8.048201599 )
        Pressure : ( 0.5761030104 0 -8.049167545 )
        Viscous  : ( 0.04365314703 0 0.0009659461107 )
    Sum of moments
        Total    : ( -3.904548841 1.379856048 -0.3006719149 )
        Pressure : ( -3.905017465 1.382180974 -0.2794937868 )
        Viscous  : ( 0.0004686244151 -0.002324926367 -0.02117812812 )


liftDrag LD execute:
Viscous drag: 0.00362508411, pressure drag: 0.04784126715, porous drag: 0
Viscous lift: 8.02149704e-05, pressure lift: -0.6684262499, porous lift: 0
Total lift: -0.6683460349, Front lift: -0.2195857638, Rear lift: -0.4487602711, Drag: 0.05146635126
Location of Center of Mass: ( 0.1583410946 0.4851455065 -0.0177077476 )
Location of Center Of Pressure: ( 0.1727272783 0.4851455065 -0.01659993167 )


yPlus yPlus execute:
    patch Bottom y+ : min = 1.540806381, max = 457.2152787, average = 236.0103335
    patch Top y+ : min = 61.40967612, max = 468.7213427, average = 265.0024533
    patch e423_0 y+ : min = 148.1309644, max = 746.3103956, average = 397.6308197


################################################################################

Time = 243

Outer Loop Iteration = 243
smoothSolver:  Solving for Ux, Initial residual = 9.300592443e-06, Final residual = 1.701265188e-07, No Iterations 2
smoothSolver:  Solving for Uz, Initial residual = 6.738306704e-06, Final residual = 1.549368936e-07, No Iterations 2
GAMG:  Solving for p, Initial residual = 9.738382001e-06, Final residual = 7.084727525e-08, No Iterations 3
GAMG:  Solving for p, Initial residual = 1.047416658e-06, Final residual = 4.365767679e-09, No Iterations 3
GAMG:  Solving for p, Initial residual = 1.835790886e-07, Final residual = 6.528795232e-10, No Iterations 3
time step continuity errors (region0): sum local = 5.380433332e-11, global = 7.567993429e-12, cumulative = 3.34040948e-08
smoothSolver:  Solving for omega, Initial residual = 2.991613209e-07, Final residual = 2.622488939e-08, No Iterations 1
smoothSolver:  Solving for k, Initial residual = 3.09439386e-07, Final residual = 2.636680748e-08, No Iterations 1

ExecutionTime = 2.81 s  ExecutionStepTime = 0.01 s  ClockTime = 3 s

forces FR write:
    Sum of forces
        Total    : ( 0.6197565489 0 -8.048260438 )
        Pressure : ( 0.5761031757 0 -8.049226389 )
        Viscous  : ( 0.04365337313 0 0.0009659519653 )
    Sum of moments
        Total    : ( -3.904577386 1.379865349 -0.3006721048 )
        Pressure : ( -3.905046013 1.382190295 -0.279493867 )
        Viscous  : ( 0.0004686272554 -0.002324945637 -0.02117823782 )


liftDrag LD execute:
Viscous drag: 0.003625102886, pressure drag: 0.04784128087, porous drag: 0
Viscous lift: 8.021545658e-05, pressure lift: -0.6684311365, porous lift: 0
Total lift: -0.6683509211, Front lift: -0.2195874344, Rear lift: -0.4487634866, Drag: 0.05146638376
Location of Center of Mass: ( 0.1583410946 0.4851455065 -0.0177077476 )
Location of Center Of Pressure: ( 0.1727271733 0.4851455065 -0.01659994716 )


yPlus yPlus execute:
    patch Bottom y+ : min = 1.540753481, max = 457.2129876, average = 236.0113075
    patch Top y+ : min = 61.40988032, max = 468.7164388, average = 265.0005396
    patch e423_0 y+ : min = 148.1331015, max = 746.3123409, average = 397.6316884


################################################################################

Time = 244

Outer Loop Iteration = 244
smoothSolver:  Solving for Ux, Initial residual = 9.019282383e-06, Final residual = 1.654531938e-07, No Iterations 2
smoothSolver:  Solving for Uz, Initial residual = 6.627165927e-06, Final residual = 1.553132704e-07, No Iterations 2
GAMG:  Solving for p, Initial residual = 9.535391358e-06, Final residual = 6.954764616e-08, No Iterations 3
GAMG:  Solving for p, Initial residual = 1.034373907e-06, Final residual = 4.305951426e-09, No Iterations 3
GAMG:  Solving for p, Initial residual = 1.822857066e-07, Final residual = 6.454955684e-10, No Iterations 3
time step continuity errors (region0): sum local = 5.319622332e-11, global = 7.002056742e-12, cumulative = 3.341109686e-08
smoothSolver:  Solving for omega, Initial residual = 2.907729358e-07, Final residual = 2.545120761e-08, No Iterations 1
smoothSolver:  Solving for k, Initial residual = 3.0210662e-07, Final residual = 2.564807554e-08, No Iterations 1

ExecutionTime = 2.82 s  ExecutionStepTime = 0.01 s  ClockTime = 3 s

forces FR write:
    Sum of forces
        Total    : ( 0.619756883 0 -8.048318232 )
        Pressure : ( 0.5761032898 0 -8.049284189 )
        Viscous  : ( 0.04365359321 0 0.0009659570979 )
    Sum of moments
        Total    : ( -3.904605425 1.37987448 -0.3006722669 )
        Pressure : ( -3.905074055 1.382199445 -0.2794939223 )
        Viscous  : ( 0.0004686297455 -0.002324964343 -0.02117834458 )


liftDrag LD execute:
Viscous drag: 0.003625121162, pressure drag: 0.04784129034, porous drag: 0
Viscous lift: 8.021588281e-05, pressure lift: -0.6684359364, porous lift: 0
Total lift: -0.6683557205, Front lift: -0.2195890759, Rear lift: -0.4487666446, Drag: 0.0514664115
Location of Center of Mass: ( 0.1583410946 0.4851455065 -0.0177077476 )
Location of Center Of Pressure: ( 0.1727270693 0.4851455065 -0.01659996252 )


yPlus yPlus execute:
    patch Bottom y+ : min = 1.540704072, max = 457.2111461, average = 236.0124198
    patch Top y+ : min = 61.41003624, max = 468.711891, average = 264.9988468
    patch e423_0 y+ : min = 148.1352178, max = 746.3142441, average = 397.6325339


################################################################################

Time = 245

Outer Loop Iteration = 245
smoothSolver:  Solving for Ux, Initial residual = 8.761446413e-06, Final residual = 1.612654562e-07, No Iterations 2
smoothSolver:  Solving for Uz, Initial residual = 6.520984657e-06, Final residual = 1.558875467e-07, No Iterations 2
GAMG:  Solving for p, Initial residual = 9.319713294e-06, Final residual = 6.814380235e-08, No Iterations 3
GAMG:  Solving for p, Initial residual = 1.01977976e-06, Final residual = 4.244353093e-09, No Iterations 3
GAMG:  Solving for p, Initial residual = 1.803718376e-07, Final residual = 6.349430662e-10, No Iterations 3
time step continuity errors (region0): sum local = 5.232704163e-11, global = 6.294967432e-12, cumulative = 3.341739183e-08
smoothSolver:  Solving for omega, Initial residual = 2.827542286e-07, Final residual = 2.468819068e-08, No Iterations 1
smoothSolver:  Solving for k, Initial residual = 2.949736024e-07, Final residual = 2.495965948e-08, No Iterations 1

ExecutionTime = 2.83 s  ExecutionStepTime = 0.01 s  ClockTime = 3 s

forces FR write:
    Sum of forces
        Total    : ( 0.619757152 0 -8.048375024 )
        Pressure : ( 0.5761033445 0 -8.049340985 )
        Viscous  : ( 0.04365380749 0 0.0009659614426 )
    Sum of moments
        Total    : ( -3.904632977 1.379883444 -0.3006723974 )
        Pressure : ( -3.905101609 1.382208426 -0.2794939488 )
        Viscous  : ( 0.0004686318533 -0.002324982495 -0.02117844854 )


liftDrag LD execute:
Viscous drag: 0.003625138956, pressure drag: 0.04784129489, porous drag: 0
Viscous lift: 8.02162436e-05, pressure lift: -0.6684406529, porous lift: 0
Total lift: -0.6683604366, Front lift: -0.2195906896, Rear lift: -0.448769747, Drag: 0.05146643384
Location of Center of Mass: ( 0.1583410946 0.4851455065 -0.0177077476 )
Location of Center Of Pressure: ( 0.172726966 0.4851455065 -0.01659997782 )


yPlus yPlus execute:
    patch Bottom y+ : min = 1.54065814, max = 457.2097524, average = 236.0136652
    patch Top y+ : min = 61.41014377, max = 468.7076755, average = 264.9973779
    patch e423_0 y+ : min = 148.1373157, max = 746.3161088, average = 397.633357


################################################################################

Time = 246

Outer Loop Iteration = 246
smoothSolver:  Solving for Ux, Initial residual = 8.517084248e-06, Final residual = 1.570621539e-07, No Iterations 2
smoothSolver:  Solving for Uz, Initial residual = 6.416396203e-06, Final residual = 1.562578078e-07, No Iterations 2
GAMG:  Solving for p, Initial residual = 9.096204733e-06, Final residual = 6.678289482e-08, No Iterations 3
GAMG:  Solving for p, Initial residual = 1.003076661e-06, Final residual = 4.191583128e-09, No Iterations 3
GAMG:  Solving for p, Initial residual = 1.779566357e-07, Final residual = 6.254980382e-10, No Iterations 3
time step continuity errors (region0): sum local = 5.154896554e-11, global = 5.626336826e-12, cumulative = 3.342301816e-08
smoothSolver:  Solving for omega, Initial residual = 2.74965365e-07, Final residual = 2.394200528e-08, No Iterations 1
smoothSolver:  Solving for k, Initial residual = 2.879958492e-07, Final residual = 2.429923096e-08, No Iterations 1

ExecutionTime = 2.84 s  ExecutionStepTime = 0.01 s  ClockTime = 3 s

forces FR write:
    Sum of forces
        Total    : ( 0.6197573489 0 -8.048430846 )
        Pressure : ( 0.5761033326 0 -8.049396811 )
        Viscous  : ( 0.04365401622 0 0.0009659649463 )
    Sum of moments
        Total    : ( -3.904660059 1.379892243 -0.3006724929 )
        Pressure : ( -3.905128693 1.382217243 -0.2794939431 )
        Viscous  : ( 0.0004686335531 -0.002325000101 -0.02117854981 )


liftDrag LD execute:
Viscous drag: 0.00362515629, pressure drag: 0.0478412939, porous drag: 0
Viscous lift: 8.021653456e-05, pressure lift: -0.6684452888, porous lift: 0
Total lift: -0.6683650723, Front lift: -0.2195922767, Rear lift: -0.4487727956, Drag: 0.05146645019
Location of Center of Mass: ( 0.1583410946 0.4851455065 -0.0177077476 )
Location of Center Of Pressure: ( 0.1727268628 0.4851455065 -0.0165999931 )


yPlus yPlus execute:
    patch Bottom y+ : min = 1.54061567, max = 457.2088014, average = 236.0150372
    patch Top y+ : min = 61.41020277, max = 468.7038175, average = 264.9961344
    patch e423_0 y+ : min = 148.1393974, max = 746.3179384, average = 397.6341584


################################################################################

Time = 247

Outer Loop Iteration = 247
smoothSolver:  Solving for Ux, Initial residual = 8.281037021e-06, Final residual = 1.531764847e-07, No Iterations 2
smoothSolver:  Solving for Uz, Initial residual = 6.315533191e-06, Final residual = 1.567110648e-07, No Iterations 2
GAMG:  Solving for p, Initial residual = 8.864677185e-06, Final residual = 6.544025775e-08, No Iterations 3
GAMG:  Solving for p, Initial residual = 9.849212753e-07, Final residual = 4.143032301e-09, No Iterations 3
GAMG:  Solving for p, Initial residual = 1.751079125e-07, Final residual = 6.154097087e-10, No Iterations 3
time step continuity errors (region0): sum local = 5.071806202e-11, global = 4.907063431e-12, cumulative = 3.342792523e-08
smoothSolver:  Solving for omega, Initial residual = 2.672445904e-07, Final residual = 2.320123846e-08, No Iterations 1
smoothSolver:  Solving for k, Initial residual = 2.810761617e-07, Final residual = 2.364612991e-08, No Iterations 1

ExecutionTime = 2.84 s  ExecutionStepTime = 0 s  ClockTime = 3 s

forces FR write:
    Sum of forces
        Total    : ( 0.619757468 0 -8.048485731 )
        Pressure : ( 0.5761032483 0 -8.049451699 )
        Viscous  : ( 0.04365421964 0 0.0009659675679 )
    Sum of moments
        Total    : ( -3.904686686 1.379900879 -0.3006725507 )
        Pressure : ( -3.905155321 1.382225896 -0.2794939022 )
        Viscous  : ( 0.000468634825 -0.002325017173 -0.0211786485 )


liftDrag LD execute:
Viscous drag: 0.003625173182, pressure drag: 0.0478412869, porous drag: 0
Viscous lift: 8.021675227e-05, pressure lift: -0.6684498468, porous lift: 0
Total lift: -0.6683696301, Front lift: -0.2195938384, Rear lift: -0.4487757917, Drag: 0.05146646008
Location of Center of Mass: ( 0.1583410946 0.4851455065 -0.0177077476 )
Location of Center Of Pressure: ( 0.1727267594 0.4851455065 -0.0166000084 )


yPlus yPlus execute:
    patch Bottom y+ : min = 1.540576618, max = 457.2082843, average = 236.0165285
    patch Top y+ : min = 61.41021374, max = 468.7003504, average = 264.9951141
    patch e423_0 y+ : min = 148.1414648, max = 746.319736, average = 397.6349388


################################################################################

Time = 248

Outer Loop Iteration = 248
smoothSolver:  Solving for Ux, Initial residual = 8.051219213e-06, Final residual = 1.494364846e-07, No Iterations 2
smoothSolver:  Solving for Uz, Initial residual = 6.216379926e-06, Final residual = 1.56833972e-07, No Iterations 2
GAMG:  Solving for p, Initial residual = 8.624058226e-06, Final residual = 6.420814709e-08, No Iterations 3
GAMG:  Solving for p, Initial residual = 9.660812451e-07, Final residual = 4.102587149e-09, No Iterations 3
GAMG:  Solving for p, Initial residual = 1.718973539e-07, Final residual = 6.0455169e-10, No Iterations 3
time step continuity errors (region0): sum local = 4.982344589e-11, global = 4.204057397e-12, cumulative = 3.343212929e-08
smoothSolver:  Solving for omega, Initial residual = 2.596208754e-07, Final residual = 2.247370021e-08, No Iterations 1
smoothSolver:  Solving for k, Initial residual = 2.741885243e-07, Final residual = 2.303355315e-08, No Iterations 1

ExecutionTime = 2.85 s  ExecutionStepTime = 0.01 s  ClockTime = 3 s

forces FR write:
    Sum of forces
        Total    : ( 0.6197575048 0 -8.048539705 )
        Pressure : ( 0.5761030869 0 -8.049505674 )
        Viscous  : ( 0.04365441796 0 0.0009659692779 )
    Sum of moments
        Total    : ( -3.904712871 1.379909355 -0.3006725686 )
        Pressure : ( -3.905181507 1.382234389 -0.2794938239 )
        Viscous  : ( 0.0004686356546 -0.002325033721 -0.02117874471 )


liftDrag LD execute:
Viscous drag: 0.003625189652, pressure drag: 0.04784127349, porous drag: 0
Viscous lift: 8.021689428e-05, pressure lift: -0.6684543291, porous lift: 0
Total lift: -0.6683741122, Front lift: -0.2195953756, Rear lift: -0.4487787366, Drag: 0.05146646315
Location of Center of Mass: ( 0.1583410946 0.4851455065 -0.0177077476 )
Location of Center Of Pressure: ( 0.1727266555 0.4851455065 -0.01660002376 )


yPlus yPlus execute:
    patch Bottom y+ : min = 1.540540916, max = 457.2081892, average = 236.018131
    patch Top y+ : min = 61.4101776, max = 468.6972959, average = 264.9943122
    patch e423_0 y+ : min = 148.1435191, max = 746.3215042, average = 397.635699


################################################################################

Time = 249

Outer Loop Iteration = 249
smoothSolver:  Solving for Ux, Initial residual = 7.835175159e-06, Final residual = 1.458903054e-07, No Iterations 2
smoothSolver:  Solving for Uz, Initial residual = 6.12170408e-06, Final residual = 1.568933728e-07, No Iterations 2
GAMG:  Solving for p, Initial residual = 8.379766071e-06, Final residual = 6.298284258e-08, No Iterations 3
GAMG:  Solving for p, Initial residual = 9.465481614e-07, Final residual = 4.067414861e-09, No Iterations 3
GAMG:  Solving for p, Initial residual = 1.684591684e-07, Final residual = 5.931462584e-10, No Iterations 3
time step continuity errors (region0): sum local = 4.888397066e-11, global = 3.50048107e-12, cumulative = 3.343562977e-08
smoothSolver:  Solving for omega, Initial residual = 2.52107226e-07, Final residual = 2.17439495e-08, No Iterations 1
smoothSolver:  Solving for k, Initial residual = 2.673696069e-07, Final residual = 2.241481124e-08, No Iterations 1

ExecutionTime = 2.86 s  ExecutionStepTime = 0.01 s  ClockTime = 3 s

forces FR write:
    Sum of forces
        Total    : ( 0.6197574562 0 -8.048592791 )
        Pressure : ( 0.5761028448 0 -8.049558761 )
        Viscous  : ( 0.0436546114 0 0.0009659700574 )
    Sum of moments
        Total    : ( -3.904738626 1.379917673 -0.300672545 )
        Pressure : ( -3.905207262 1.382242723 -0.2794937064 )
        Viscous  : ( 0.0004686360327 -0.002325049757 -0.02117883856 )


liftDrag LD execute:
Viscous drag: 0.003625205716, pressure drag: 0.04784125339, porous drag: 0
Viscous lift: 8.0216959e-05, pressure lift: -0.6684587376, porous lift: 0
Total lift: -0.6683785207, Front lift: -0.2195968891, Rear lift: -0.4487816316, Drag: 0.0514664591
Location of Center of Mass: ( 0.1583410946 0.4851455065 -0.0177077476 )
Location of Center Of Pressure: ( 0.1727265507 0.4851455065 -0.01660003922 )


yPlus yPlus execute:
    patch Bottom y+ : min = 1.540508477, max = 457.2085014, average = 236.0198363
    patch Top y+ : min = 61.41009564, max = 468.6946616, average = 264.9937217
    patch e423_0 y+ : min = 148.1455615, max = 746.3232456, average = 397.6364394


################################################################################

Time = 250

Outer Loop Iteration = 250
smoothSolver:  Solving for Ux, Initial residual = 7.634625305e-06, Final residual = 1.426751791e-07, No Iterations 2
smoothSolver:  Solving for Uz, Initial residual = 6.027314988e-06, Final residual = 1.564657257e-07, No Iterations 2
GAMG:  Solving for p, Initial residual = 8.13749757e-06, Final residual = 6.185382475e-08, No Iterations 3
GAMG:  Solving for p, Initial residual = 9.25277806e-07, Final residual = 4.041970262e-09, No Iterations 3
GAMG:  Solving for p, Initial residual = 1.645634439e-07, Final residual = 5.801086638e-10, No Iterations 3
time step continuity errors (region0): sum local = 4.780962021e-11, global = 2.768822435e-12, cumulative = 3.343839859e-08
smoothSolver:  Solving for omega, Initial residual = 2.44884225e-07, Final residual = 2.102310417e-08, No Iterations 1
smoothSolver:  Solving for k, Initial residual = 2.606559091e-07, Final residual = 2.181872455e-08, No Iterations 1

ExecutionTime = 2.87 s  ExecutionStepTime = 0.01 s  ClockTime = 3 s

forces FR write:
    Sum of forces
        Total    : ( 0.6197573331 0 -8.048645046 )
        Pressure : ( 0.5761025329 0 -8.049611016 )
        Viscous  : ( 0.04365480021 0 0.0009659699074 )
    Sum of moments
        Total    : ( -3.904763977 1.379925844 -0.3006724852 )
        Pressure : ( -3.905232613 1.382250909 -0.2794935551 )
        Viscous  : ( 0.0004686359599 -0.002325065298 -0.02117893016 )


liftDrag LD execute:
Viscous drag: 0.003625221394, pressure drag: 0.04784122749, porous drag: 0
Viscous lift: 8.021694655e-05, pressure lift: -0.668463077, porous lift: 0
Total lift: -0.66838286, Front lift: -0.2195983803, Rear lift: -0.4487844798, Drag: 0.05146644888
Location of Center of Mass: ( 0.1583410946 0.4851455065 -0.0177077476 )
Location of Center Of Pressure: ( 0.1727264454 0.4851455065 -0.01660005474 )


yPlus yPlus execute:
    patch Bottom y+ : min = 1.540479196, max = 457.2092034, average = 236.0216356
    patch Top y+ : min = 61.4099697, max = 468.6924454, average = 264.9933348
    patch e423_0 y+ : min = 148.1475927, max = 746.3249623, average = 397.6371612


################################################################################

Time = 251

Outer Loop Iteration = 251
smoothSolver:  Solving for Ux, Initial residual = 7.442567954e-06, Final residual = 1.394361649e-07, No Iterations 2
smoothSolver:  Solving for Uz, Initial residual = 5.936111483e-06, Final residual = 1.55666912e-07, No Iterations 2
GAMG:  Solving for p, Initial residual = 7.894174926e-06, Final residual = 6.078291461e-08, No Iterations 3
GAMG:  Solving for p, Initial residual = 9.043360091e-07, Final residual = 4.021010269e-09, No Iterations 3
GAMG:  Solving for p, Initial residual = 1.603820004e-07, Final residual = 5.674425311e-10, No Iterations 3
time step continuity errors (region0): sum local = 4.676610062e-11, global = 2.021639126e-12, cumulative = 3.344042023e-08
smoothSolver:  Solving for omega, Initial residual = 2.379808346e-07, Final residual = 2.034257904e-08, No Iterations 1
smoothSolver:  Solving for k, Initial residual = 2.54017976e-07, Final residual = 2.125747527e-08, No Iterations 1

ExecutionTime = 2.88 s  ExecutionStepTime = 0.01 s  ClockTime = 3 s

forces FR write:
    Sum of forces
        Total    : ( 0.6197571244 0 -8.048696464 )
        Pressure : ( 0.5761021399 0 -8.049662433 )
        Viscous  : ( 0.04365498455 0 0.0009659688241 )
    Sum of moments
        Total    : ( -3.904788922 1.379933863 -0.300672384 )
        Pressure : ( -3.905257558 1.382258943 -0.2794933644 )
        Viscous  : ( 0.0004686354344 -0.002325080356 -0.02117901959 )


liftDrag LD execute:
Viscous drag: 0.003625236703, pressure drag: 0.04784119485, porous drag: 0
Viscous lift: 8.021685659e-05, pressure lift: -0.6684673468, porous lift: 0
Total lift: -0.66838713, Front lift: -0.2195998493, Rear lift: -0.4487872806, Drag: 0.05146643155
Location of Center of Mass: ( 0.1583410946 0.4851455065 -0.0177077476 )
Location of Center Of Pressure: ( 0.1727263391 0.4851455065 -0.01660007038 )


yPlus yPlus execute:
    patch Bottom y+ : min = 1.540452962, max = 457.2102753, average = 236.0235195
    patch Top y+ : min = 61.40980163, max = 468.6906402, average = 264.9931427
    patch e423_0 y+ : min = 148.1496132, max = 746.3266562, average = 397.6378648


################################################################################

Time = 252

Outer Loop Iteration = 252
smoothSolver:  Solving for Ux, Initial residual = 7.255753509e-06, Final residual = 1.36338227e-07, No Iterations 2
smoothSolver:  Solving for Uz, Initial residual = 5.84477521e-06, Final residual = 1.543198291e-07, No Iterations 2
GAMG:  Solving for p, Initial residual = 7.651904295e-06, Final residual = 5.972497519e-08, No Iterations 3
GAMG:  Solving for p, Initial residual = 8.831793242e-07, Final residual = 3.995652426e-09, No Iterations 3
GAMG:  Solving for p, Initial residual = 1.560659504e-07, Final residual = 5.582937952e-10, No Iterations 3
time step continuity errors (region0): sum local = 4.601235356e-11, global = 1.376140115e-12, cumulative = 3.344179637e-08
smoothSolver:  Solving for omega, Initial residual = 2.312729054e-07, Final residual = 1.970175407e-08, No Iterations 1
smoothSolver:  Solving for k, Initial residual = 2.475196719e-07, Final residual = 2.072601546e-08, No Iterations 1

ExecutionTime = 2.89 s  ExecutionStepTime = 0.01 s  ClockTime = 3 s

forces FR write:
    Sum of forces
        Total    : ( 0.6197568274 0 -8.048747053 )
        Pressure : ( 0.5761016628 0 -8.04971302 )
        Viscous  : ( 0.04365516463 0 0.0009659668154 )
    Sum of moments
        Total    : ( -3.904813466 1.379941729 -0.3006722399 )
        Pressure : ( -3.9052821 1.382266824 -0.279493133 )
        Viscous  : ( 0.0004686344599 -0.002325094946 -0.02117910695 )


liftDrag LD execute:
Viscous drag: 0.003625251657, pressure drag: 0.04784115523, porous drag: 0
Viscous lift: 8.021668978e-05, pressure lift: -0.6684715477, porous lift: 0
Total lift: -0.668391331, Front lift: -0.2196012966, Rear lift: -0.4487900345, Drag: 0.05146640689
Location of Center of Mass: ( 0.1583410946 0.4851455065 -0.0177077476 )
Location of Center Of Pressure: ( 0.1727262314 0.4851455065 -0.01660008616 )


yPlus yPlus execute:
    patch Bottom y+ : min = 1.540429639, max = 457.2116954, average = 236.0254786
    patch Top y+ : min = 61.40959345, max = 468.689236, average = 264.9931358
    patch e423_0 y+ : min = 148.1516231, max = 746.3283289, average = 397.6385508


################################################################################

Time = 253

Outer Loop Iteration = 253
smoothSolver:  Solving for Ux, Initial residual = 7.07300736e-06, Final residual = 1.334290816e-07, No Iterations 2
smoothSolver:  Solving for Uz, Initial residual = 5.748180909e-06, Final residual = 1.524293872e-07, No Iterations 2
GAMG:  Solving for p, Initial residual = 7.414560808e-06, Final residual = 5.866244459e-08, No Iterations 3
GAMG:  Solving for p, Initial residual = 8.607686028e-07, Final residual = 3.972455898e-09, No Iterations 3
GAMG:  Solving for p, Initial residual = 1.516755773e-07, Final residual = 5.499481392e-10, No Iterations 3
time step continuity errors (region0): sum local = 4.532462764e-11, global = 7.605884107e-13, cumulative = 3.344255696e-08
smoothSolver:  Solving for omega, Initial residual = 2.247251588e-07, Final residual = 1.907345741e-08, No Iterations 1
smoothSolver:  Solving for k, Initial residual = 2.411048845e-07, Final residual = 2.020042108e-08, No Iterations 1

ExecutionTime = 2.9 s  ExecutionStepTime = 0.01 s  ClockTime = 3 s

forces FR write:
    Sum of forces
        Total    : ( 0.619756442 0 -8.048796824 )
        Pressure : ( 0.5761011014 0 -8.049762788 )
        Viscous  : ( 0.0436553406 0 0.0009659638962 )
    Sum of moments
        Total    : ( -3.904837612 1.379949445 -0.3006720529 )
        Pressure : ( -3.905306245 1.382274554 -0.2794928606 )
        Viscous  : ( 0.0004686330437 -0.00232510908 -0.02117919233 )


liftDrag LD execute:
Viscous drag: 0.00362526627, pressure drag: 0.04784110861, porous drag: 0
Viscous lift: 8.021644736e-05, pressure lift: -0.6684756806, porous lift: 0
Total lift: -0.6683954642, Front lift: -0.2196027224, Rear lift: -0.4487927417, Drag: 0.05146637488
Location of Center of Mass: ( 0.1583410946 0.4851455065 -0.0177077476 )
Location of Center Of Pressure: ( 0.1727261224 0.4851455065 -0.0166001021 )


yPlus yPlus execute:
    patch Bottom y+ : min = 1.540409087, max = 457.2134403, average = 236.0275032
    patch Top y+ : min = 61.40934741, max = 468.6882214, average = 264.9933039
    patch e423_0 y+ : min = 148.1536221, max = 746.3299817, average = 397.6392199


################################################################################

Time = 254

Outer Loop Iteration = 254
smoothSolver:  Solving for Ux, Initial residual = 6.893396165e-06, Final residual = 1.306350083e-07, No Iterations 2
smoothSolver:  Solving for Uz, Initial residual = 5.651586472e-06, Final residual = 1.500415118e-07, No Iterations 2
GAMG:  Solving for p, Initial residual = 7.184666628e-06, Final residual = 5.772358093e-08, No Iterations 3
GAMG:  Solving for p, Initial residual = 8.382932887e-07, Final residual = 3.950429602e-09, No Iterations 3
GAMG:  Solving for p, Initial residual = 1.473211788e-07, Final residual = 5.380002999e-10, No Iterations 3
time step continuity errors (region0): sum local = 4.434027822e-11, global = 4.060800526e-13, cumulative = 3.344296304e-08
smoothSolver:  Solving for omega, Initial residual = 2.183663045e-07, Final residual = 1.848266388e-08, No Iterations 1
smoothSolver:  Solving for k, Initial residual = 2.347649497e-07, Final residual = 1.968115906e-08, No Iterations 1

ExecutionTime = 2.91 s  ExecutionStepTime = 0.01 s  ClockTime = 3 s

forces FR write:
    Sum of forces
        Total    : ( 0.6197559691 0 -8.048845786 )
        Pressure : ( 0.5761004564 0 -8.049811746 )
        Viscous  : ( 0.04365551263 0 0.0009659600893 )
    Sum of moments
        Total    : ( -3.904861365 1.379957011 -0.3006718235 )
        Pressure : ( -3.905329997 1.382282133 -0.2794925477 )
        Viscous  : ( 0.0004686311968 -0.002325122774 -0.02117927579 )


liftDrag LD execute:
Viscous drag: 0.003625280556, pressure drag: 0.04784105505, porous drag: 0
Viscous lift: 8.021613123e-05, pressure lift: -0.6684797462, porous lift: 0
Total lift: -0.6683995301, Front lift: -0.2196041271, Rear lift: -0.448795403, Drag: 0.05146633561
Location of Center of Mass: ( 0.1583410946 0.4851455065 -0.0177077476 )
Location of Center Of Pressure: ( 0.1727260119 0.4851455065 -0.01660011819 )


yPlus yPlus execute:
    patch Bottom y+ : min = 1.540391159, max = 457.2154854, average = 236.0295835
    patch Top y+ : min = 61.40906601, max = 468.6875829, average = 264.9936361
    patch e423_0 y+ : min = 148.1556101, max = 746.3316159, average = 397.6398726


################################################################################

Time = 255

Outer Loop Iteration = 255
smoothSolver:  Solving for Ux, Initial residual = 6.723597093e-06, Final residual = 1.279252281e-07, No Iterations 2
smoothSolver:  Solving for Uz, Initial residual = 5.560754964e-06, Final residual = 1.471808127e-07, No Iterations 2
GAMG:  Solving for p, Initial residual = 6.961201829e-06, Final residual = 5.665718839e-08, No Iterations 3
GAMG:  Solving for p, Initial residual = 8.159139434e-07, Final residual = 3.914409501e-09, No Iterations 3
GAMG:  Solving for p, Initial residual = 1.426725536e-07, Final residual = 5.29953898e-10, No Iterations 3
time step continuity errors (region0): sum local = 4.36773082e-11, global = 3.704111492e-14, cumulative = 3.344300008e-08
smoothSolver:  Solving for omega, Initial residual = 2.121933454e-07, Final residual = 1.795859104e-08, No Iterations 1
smoothSolver:  Solving for k, Initial residual = 2.285743802e-07, Final residual = 1.917875674e-08, No Iterations 1

ExecutionTime = 2.92 s  ExecutionStepTime = 0.01 s  ClockTime = 3 s

forces FR write:
    Sum of forces
        Total    : ( 0.6197554107 0 -8.048893946 )
        Pressure : ( 0.5760997298 0 -8.049859902 )
        Viscous  : ( 0.04365568088 0 0.0009659554236 )
    Sum of moments
        Total    : ( -3.90488473 1.379964427 -0.3006715526 )
        Pressure : ( -3.905353359 1.382289563 -0.2794921952 )
        Viscous  : ( 0.0004686289332 -0.002325136042 -0.02117935741 )


liftDrag LD execute:
Viscous drag: 0.003625294528, pressure drag: 0.04784099471, porous drag: 0
Viscous lift: 8.021574377e-05, pressure lift: -0.6684837452, porous lift: 0
Total lift: -0.6684035295, Front lift: -0.2196055109, Rear lift: -0.4487980186, Drag: 0.05146628924
Location of Center of Mass: ( 0.1583410946 0.4851455065 -0.0177077476 )
Location of Center Of Pressure: ( 0.1727259 0.4851455065 -0.01660013443 )


yPlus yPlus execute:
    patch Bottom y+ : min = 1.540375701, max = 457.2178052, average = 236.0317098
    patch Top y+ : min = 61.40875176, max = 468.6873053, average = 264.9941206
    patch e423_0 y+ : min = 148.1575864, max = 746.3332323, average = 397.6405094


################################################################################

Time = 256

Outer Loop Iteration = 256
smoothSolver:  Solving for Ux, Initial residual = 6.567268711e-06, Final residual = 1.25404913e-07, No Iterations 2
smoothSolver:  Solving for Uz, Initial residual = 5.47119725e-06, Final residual = 1.438719978e-07, No Iterations 2
GAMG:  Solving for p, Initial residual = 6.74040675e-06, Final residual = 5.559064707e-08, No Iterations 3
GAMG:  Solving for p, Initial residual = 7.928833264e-07, Final residual = 3.873522545e-09, No Iterations 3
GAMG:  Solving for p, Initial residual = 1.381858704e-07, Final residual = 5.211006653e-10, No Iterations 3
time step continuity errors (region0): sum local = 4.294798022e-11, global = -4.952586763e-13, cumulative = 3.344250482e-08
smoothSolver:  Solving for omega, Initial residual = 2.062604755e-07, Final residual = 1.745394101e-08, No Iterations 1
smoothSolver:  Solving for k, Initial residual = 2.224739226e-07, Final residual = 1.868523425e-08, No Iterations 1

ExecutionTime = 2.93 s  ExecutionStepTime = 0.01 s  ClockTime = 3 s

forces FR write:
    Sum of forces
        Total    : ( 0.6197547693 0 -8.048941311 )
        Pressure : ( 0.5760989238 0 -8.049907261 )
        Viscous  : ( 0.04365584549 0 0.0009659499337 )
    Sum of moments
        Total    : ( -3.904907709 1.379971696 -0.3006712414 )
        Pressure : ( -3.905376335 1.382296845 -0.2794918042 )
        Viscous  : ( 0.0004686262698 -0.002325148899 -0.02117943727 )


liftDrag LD execute:
Viscous drag: 0.003625308198, pressure drag: 0.04784092778, porous drag: 0
Viscous lift: 8.021528787e-05, pressure lift: -0.6684876781, porous lift: 0
Total lift: -0.6684074628, Front lift: -0.2196068739, Rear lift: -0.4488005889, Drag: 0.05146623598
Location of Center of Mass: ( 0.1583410946 0.4851455065 -0.0177077476 )
Location of Center Of Pressure: ( 0.1727257866 0.4851455065 -0.01660015083 )


yPlus yPlus execute:
    patch Bottom y+ : min = 1.540362549, max = 457.2203736, average = 236.0338725
    patch Top y+ : min = 61.40840739, max = 468.6873711, average = 264.9947457
    patch e423_0 y+ : min = 148.1595504, max = 746.3348317, average = 397.641131


################################################################################

Time = 257

Outer Loop Iteration = 257
smoothSolver:  Solving for Ux, Initial residual = 6.418137825e-06, Final residual = 1.22857172e-07, No Iterations 2
smoothSolver:  Solving for Uz, Initial residual = 5.377040238e-06, Final residual = 1.401382787e-07, No Iterations 2
GAMG:  Solving for p, Initial residual = 6.523449784e-06, Final residual = 5.448098832e-08, No Iterations 3
GAMG:  Solving for p, Initial residual = 7.693351122e-07, Final residual = 3.830458737e-09, No Iterations 3
GAMG:  Solving for p, Initial residual = 1.336017671e-07, Final residual = 5.12880198e-10, No Iterations 3
time step continuity errors (region0): sum local = 4.227063613e-11, global = -9.963862113e-13, cumulative = 3.344150843e-08
smoothSolver:  Solving for omega, Initial residual = 2.005344591e-07, Final residual = 1.699280149e-08, No Iterations 1
smoothSolver:  Solving for k, Initial residual = 2.164568791e-07, Final residual = 1.820000334e-08, No Iterations 1

ExecutionTime = 2.94 s  ExecutionStepTime = 0.01 s  ClockTime = 3 s

forces FR write:
    Sum of forces
        Total    : ( 0.6197540482 0 -8.048987885 )
        Pressure : ( 0.5760980416 0 -8.049953829 )
        Viscous  : ( 0.04365600659 0 0.0009659436593 )
    Sum of moments
        Total    : ( -3.904930304 1.379978819 -0.3006708916 )
        Pressure : ( -3.905398927 1.38230398 -0.2794913761 )
        Viscous  : ( 0.0004686232258 -0.002325161361 -0.02117951543 )


liftDrag LD execute:
Viscous drag: 0.003625321576, pressure drag: 0.04784085452, porous drag: 0
Viscous lift: 8.021476683e-05, pressure lift: -0.6684915452, porous lift: 0
Total lift: -0.6684113304, Front lift: -0.2196082163, Rear lift: -0.4488031142, Drag: 0.05146617609
Location of Center of Mass: ( 0.1583410946 0.4851455065 -0.0177077476 )
Location of Center Of Pressure: ( 0.1727256718 0.4851455065 -0.01660016736 )


yPlus yPlus execute:
    patch Bottom y+ : min = 1.540351541, max = 457.2231645, average = 236.0360625
    patch Top y+ : min = 61.40803531, max = 468.6877614, average = 264.9954992
    patch e423_0 y+ : min = 148.1615011, max = 746.3364145, average = 397.6417379


################################################################################

Time = 258

Outer Loop Iteration = 258
smoothSolver:  Solving for Ux, Initial residual = 6.273405698e-06, Final residual = 1.203872954e-07, No Iterations 2
smoothSolver:  Solving for Uz, Initial residual = 5.274790043e-06, Final residual = 1.360698965e-07, No Iterations 2
GAMG:  Solving for p, Initial residual = 6.303451123e-06, Final residual = 5.327776968e-08, No Iterations 3
GAMG:  Solving for p, Initial residual = 7.461134768e-07, Final residual = 3.780886112e-09, No Iterations 3
GAMG:  Solving for p, Initial residual = 1.289702382e-07, Final residual = 5.045183677e-10, No Iterations 3
time step continuity errors (region0): sum local = 4.158155103e-11, global = -1.274157784e-12, cumulative = 3.344023428e-08
smoothSolver:  Solving for omega, Initial residual = 1.94988366e-07, Final residual = 1.657308264e-08, No Iterations 1
smoothSolver:  Solving for k, Initial residual = 2.105040965e-07, Final residual = 1.772302006e-08, No Iterations 1

ExecutionTime = 2.95 s  ExecutionStepTime = 0.01 s  ClockTime = 3 s

forces FR write:
    Sum of forces
        Total    : ( 0.6197532511 0 -8.049033673 )
        Pressure : ( 0.5760970867 0 -8.049999609 )
        Viscous  : ( 0.04365616432 0 0.0009659366443 )
    Sum of moments
        Total    : ( -3.904952518 1.379985796 -0.3006705049 )
        Pressure : ( -3.905421138 1.382310969 -0.2794909129 )
        Viscous  : ( 0.0004686198225 -0.002325173442 -0.02117959195 )


liftDrag LD execute:
Viscous drag: 0.003625334675, pressure drag: 0.04784077522, porous drag: 0
Viscous lift: 8.021418428e-05, pressure lift: -0.6684953469, porous lift: 0
Total lift: -0.6684151328, Front lift: -0.219609538, Rear lift: -0.4488055947, Drag: 0.0514661099
Location of Center of Mass: ( 0.1583410946 0.4851455065 -0.0177077476 )
Location of Center Of Pressure: ( 0.1727255557 0.4851455065 -0.01660018403 )


yPlus yPlus execute:
    patch Bottom y+ : min = 1.540342519, max = 457.226152, average = 236.0382716
    patch Top y+ : min = 61.40763709, max = 468.6884557, average = 264.9963689
    patch e423_0 y+ : min = 148.1634376, max = 746.3379813, average = 397.6423305


################################################################################

Time = 259

Outer Loop Iteration = 259
smoothSolver:  Solving for Ux, Initial residual = 6.13516064e-06, Final residual = 1.18049093e-07, No Iterations 2
smoothSolver:  Solving for Uz, Initial residual = 5.163749669e-06, Final residual = 1.316963495e-07, No Iterations 2
GAMG:  Solving for p, Initial residual = 6.087266803e-06, Final residual = 5.227921136e-08, No Iterations 3
GAMG:  Solving for p, Initial residual = 7.228489021e-07, Final residual = 3.731975835e-09, No Iterations 3
GAMG:  Solving for p, Initial residual = 1.243949882e-07, Final residual = 4.963369057e-10, No Iterations 3
time step continuity errors (region0): sum local = 4.090733797e-11, global = -1.225873501e-12, cumulative = 3.34390084e-08
smoothSolver:  Solving for omega, Initial residual = 1.896617043e-07, Final residual = 1.618053114e-08, No Iterations 1
smoothSolver:  Solving for k, Initial residual = 2.046298346e-07, Final residual = 1.725500314e-08, No Iterations 1

ExecutionTime = 2.97 s  ExecutionStepTime = 0.02 s  ClockTime = 3 s

forces FR write:
    Sum of forces
        Total    : ( 0.6197523822 0 -8.049078676 )
        Pressure : ( 0.5760960634 0 -8.050044605 )
        Viscous  : ( 0.0436563188 0 0.0009659289363 )
    Sum of moments
        Total    : ( -3.904974351 1.379992629 -0.3006700833 )
        Pressure : ( -3.905442967 1.382317814 -0.2794904165 )
        Viscous  : ( 0.000468616083 -0.002325185157 -0.0211796669 )


liftDrag LD execute:
Viscous drag: 0.003625347503, pressure drag: 0.04784069024, porous drag: 0
Viscous lift: 8.021354419e-05, pressure lift: -0.6684990835, porous lift: 0
Total lift: -0.66841887, Front lift: -0.2196108392, Rear lift: -0.4488080307, Drag: 0.05146603775
Location of Center of Mass: ( 0.1583410946 0.4851455065 -0.0177077476 )
Location of Center Of Pressure: ( 0.1727254383 0.4851455065 -0.01660020081 )


yPlus yPlus execute:
    patch Bottom y+ : min = 1.540335358, max = 457.2293113, average = 236.0404896
    patch Top y+ : min = 61.40721734, max = 468.6894336, average = 264.9973426
    patch e423_0 y+ : min = 148.1653589, max = 746.3395322, average = 397.6429094


################################################################################

Time = 260

Outer Loop Iteration = 260
smoothSolver:  Solving for Ux, Initial residual = 6.002484361e-06, Final residual = 1.158233513e-07, No Iterations 2
smoothSolver:  Solving for Uz, Initial residual = 5.042575365e-06, Final residual = 1.270402522e-07, No Iterations 2
GAMG:  Solving for p, Initial residual = 5.880948771e-06, Final residual = 5.111892306e-08, No Iterations 3
GAMG:  Solving for p, Initial residual = 6.991660099e-07, Final residual = 3.674625427e-09, No Iterations 3
GAMG:  Solving for p, Initial residual = 1.196808373e-07, Final residual = 4.885647185e-10, No Iterations 3
time step continuity errors (region0): sum local = 4.026694495e-11, global = -2.422860464e-12, cumulative = 3.343658554e-08
smoothSolver:  Solving for omega, Initial residual = 1.844785143e-07, Final residual = 1.580457966e-08, No Iterations 1
smoothSolver:  Solving for k, Initial residual = 1.988372739e-07, Final residual = 1.679577114e-08, No Iterations 1

ExecutionTime = 2.98 s  ExecutionStepTime = 0.01 s  ClockTime = 3 s

forces FR write:
    Sum of forces
        Total    : ( 0.6197514462 0 -8.049122897 )
        Pressure : ( 0.5760949761 0 -8.050088818 )
        Viscous  : ( 0.04365647014 0 0.0009659205858 )
    Sum of moments
        Total    : ( -3.904995804 1.379999318 -0.3006696293 )
        Pressure : ( -3.905464417 1.382324515 -0.2794898889 )
        Viscous  : ( 0.0004686120318 -0.002325196521 -0.02117974032 )


liftDrag LD execute:
Viscous drag: 0.003625360071, pressure drag: 0.04784059995, porous drag: 0
Viscous lift: 8.021285074e-05, pressure lift: -0.668502755, porous lift: 0
Total lift: -0.6684225422, Front lift: -0.2196121198, Rear lift: -0.4488104224, Drag: 0.05146596002
Location of Center of Mass: ( 0.1583410946 0.4851455065 -0.0177077476 )
Location of Center Of Pressure: ( 0.1727253199 0.4851455065 -0.01660021768 )


yPlus yPlus execute:
    patch Bottom y+ : min = 1.540329878, max = 457.2326169, average = 236.0427081
    patch Top y+ : min = 61.40677852, max = 468.690673, average = 264.9984078
    patch e423_0 y+ : min = 148.1672636, max = 746.3410674, average = 397.643475


################################################################################

Time = 261

Outer Loop Iteration = 261
smoothSolver:  Solving for Ux, Initial residual = 5.869578014e-06, Final residual = 1.135697396e-07, No Iterations 2
smoothSolver:  Solving for Uz, Initial residual = 4.917267344e-06, Final residual = 1.221529907e-07, No Iterations 2
GAMG:  Solving for p, Initial residual = 5.693941891e-06, Final residual = 4.994902602e-08, No Iterations 3
GAMG:  Solving for p, Initial residual = 6.753882954e-07, Final residual = 3.613150636e-09, No Iterations 3
GAMG:  Solving for p, Initial residual = 1.157542975e-07, Final residual = 4.754808342e-10, No Iterations 3
time step continuity errors (region0): sum local = 3.918868777e-11, global = -2.876389577e-12, cumulative = 3.343370915e-08
smoothSolver:  Solving for omega, Initial residual = 1.794019591e-07, Final residual = 1.544428659e-08, No Iterations 1
smoothSolver:  Solving for k, Initial residual = 1.931321793e-07, Final residual = 1.634836489e-08, No Iterations 1

ExecutionTime = 2.98 s  ExecutionStepTime = 0 s  ClockTime = 3 s

forces FR write:
    Sum of forces
        Total    : ( 0.6197504481 0 -8.049166337 )
        Pressure : ( 0.5760938296 0 -8.050132248 )
        Viscous  : ( 0.04365661844 0 0.0009659116458 )
    Sum of moments
        Total    : ( -3.905016879 1.380005867 -0.300669145 )
        Pressure : ( -3.905485487 1.382331074 -0.2794893327 )
        Viscous  : ( 0.0004686076946 -0.002325207549 -0.02117981227 )


liftDrag LD execute:
Viscous drag: 0.003625372386, pressure drag: 0.04784050474, porous drag: 0
Viscous lift: 8.021210834e-05, pressure lift: -0.6685063617, porous lift: 0
Total lift: -0.6684261496, Front lift: -0.2196133797, Rear lift: -0.4488127699, Drag: 0.05146587713
Location of Center of Mass: ( 0.1583410946 0.4851455065 -0.0177077476 )
Location of Center Of Pressure: ( 0.1727252005 0.4851455065 -0.01660023464 )


yPlus yPlus execute:
    patch Bottom y+ : min = 1.540325893, max = 457.2360445, average = 236.0449196
    patch Top y+ : min = 61.4063239, max = 468.6921523, average = 264.9995523
    patch e423_0 y+ : min = 148.1691506, max = 746.3425867, average = 397.6440279


################################################################################

Time = 262

Outer Loop Iteration = 262
smoothSolver:  Solving for Ux, Initial residual = 5.733809752e-06, Final residual = 1.113410001e-07, No Iterations 2
smoothSolver:  Solving for Uz, Initial residual = 4.784351627e-06, Final residual = 1.170892613e-07, No Iterations 2
GAMG:  Solving for p, Initial residual = 5.519012298e-06, Final residual = 4.876854018e-08, No Iterations 3
GAMG:  Solving for p, Initial residual = 6.515139435e-07, Final residual = 3.588985417e-09, No Iterations 3
GAMG:  Solving for p, Initial residual = 1.120653317e-07, Final residual = 4.629787731e-10, No Iterations 3
time step continuity errors (region0): sum local = 3.815861847e-11, global = -1.030616075e-12, cumulative = 3.343267854e-08
smoothSolver:  Solving for omega, Initial residual = 1.74496687e-07, Final residual = 1.508179521e-08, No Iterations 1
smoothSolver:  Solving for k, Initial residual = 1.875250244e-07, Final residual = 1.591903665e-08, No Iterations 1

ExecutionTime = 2.99 s  ExecutionStepTime = 0.01 s  ClockTime = 3 s

forces FR write:
    Sum of forces
        Total    : ( 0.619749393 0 -8.049208996 )
        Pressure : ( 0.5760926292 0 -8.050174898 )
        Viscous  : ( 0.04365676381 0 0.0009659021709 )
    Sum of moments
        Total    : ( -3.905037575 1.380012274 -0.3006686331 )
        Pressure : ( -3.905506178 1.382337493 -0.2794887504 )
        Viscous  : ( 0.0004686030979 -0.002325218256 -0.02117988279 )


liftDrag LD execute:
Viscous drag: 0.003625384457, pressure drag: 0.04784040506, porous drag: 0
Viscous lift: 8.021132151e-05, pressure lift: -0.6685099034, porous lift: 0
Total lift: -0.6684296921, Front lift: -0.2196146189, Rear lift: -0.4488150733, Drag: 0.05146578951
Location of Center of Mass: ( 0.1583410946 0.4851455065 -0.0177077476 )
Location of Center Of Pressure: ( 0.1727250803 0.4851455065 -0.01660025165 )


yPlus yPlus execute:
    patch Bottom y+ : min = 1.540323238, max = 457.2395709, average = 236.0471165
    patch Top y+ : min = 61.40585612, max = 468.6938499, average = 265.0007643
    patch e423_0 y+ : min = 148.1710186, max = 746.34409, average = 397.6445683


################################################################################

Time = 263

Outer Loop Iteration = 263
smoothSolver:  Solving for Ux, Initial residual = 5.598352986e-06, Final residual = 1.091356898e-07, No Iterations 2
smoothSolver:  Solving for Uz, Initial residual = 4.64762183e-06, Final residual = 1.11925152e-07, No Iterations 2
GAMG:  Solving for p, Initial residual = 5.35279937e-06, Final residual = 4.757057273e-08, No Iterations 3
GAMG:  Solving for p, Initial residual = 6.277836196e-07, Final residual = 3.517244596e-09, No Iterations 3
GAMG:  Solving for p, Initial residual = 1.083438686e-07, Final residual = 4.511502097e-10, No Iterations 3
time step continuity errors (region0): sum local = 3.718367857e-11, global = -1.447884672e-12, cumulative = 3.343123065e-08
smoothSolver:  Solving for omega, Initial residual = 1.697043318e-07, Final residual = 1.473195929e-08, No Iterations 1
smoothSolver:  Solving for k, Initial residual = 1.820870597e-07, Final residual = 1.551209857e-08, No Iterations 1

ExecutionTime = 3 s  ExecutionStepTime = 0.01 s  ClockTime = 3 s

forces FR write:
    Sum of forces
        Total    : ( 0.6197482864 0 -8.049250875 )
        Pressure : ( 0.5760913801 0 -8.050216768 )
        Viscous  : ( 0.04365690632 0 0.0009658922169 )
    Sum of moments
        Total    : ( -3.905057893 1.380018543 -0.3006680963 )
        Pressure : ( -3.905526491 1.382343772 -0.2794881444 )
        Viscous  : ( 0.0004685982687 -0.002325228655 -0.02117995193 )


liftDrag LD execute:
Viscous drag: 0.003625396292, pressure drag: 0.04784030133, porous drag: 0
Viscous lift: 8.02104949e-05, pressure lift: -0.6685133804, porous lift: 0
Total lift: -0.6684331699, Front lift: -0.2196158372, Rear lift: -0.4488173327, Drag: 0.05146569762
Location of Center of Mass: ( 0.1583410946 0.4851455065 -0.0177077476 )
Location of Center Of Pressure: ( 0.1727249595 0.4851455065 -0.01660026869 )


yPlus yPlus execute:
    patch Bottom y+ : min = 1.540321753, max = 457.2431736, average = 236.049292
    patch Top y+ : min = 61.4053778, max = 468.6957442, average = 265.002032
    patch e423_0 y+ : min = 148.1728663, max = 746.3455772, average = 397.6450968


################################################################################

Time = 264

Outer Loop Iteration = 264
smoothSolver:  Solving for Ux, Initial residual = 5.463695568e-06, Final residual = 1.069776289e-07, No Iterations 2
smoothSolver:  Solving for Uz, Initial residual = 4.506746936e-06, Final residual = 1.066823198e-07, No Iterations 2
GAMG:  Solving for p, Initial residual = 5.191609512e-06, Final residual = 4.636653515e-08, No Iterations 3
GAMG:  Solving for p, Initial residual = 6.043470329e-07, Final residual = 3.444876034e-09, No Iterations 3
GAMG:  Solving for p, Initial residual = 1.046066121e-07, Final residual = 4.420091522e-10, No Iterations 3
time step continuity errors (region0): sum local = 3.643040131e-11, global = -2.232694537e-12, cumulative = 3.342899796e-08
smoothSolver:  Solving for omega, Initial residual = 1.650252208e-07, Final residual = 1.44169079e-08, No Iterations 1
smoothSolver:  Solving for k, Initial residual = 1.768133335e-07, Final residual = 1.51419327e-08, No Iterations 1

ExecutionTime = 3.01 s  ExecutionStepTime = 0.01 s  ClockTime = 3 s

forces FR write:
    Sum of forces
        Total    : ( 0.6197471339 0 -8.049291975 )
        Pressure : ( 0.5760900879 0 -8.050257857 )
        Viscous  : ( 0.04365704606 0 0.0009658818403 )
    Sum of moments
        Total    : ( -3.905077832 1.380024675 -0.3006675372 )
        Pressure : ( -3.905546425 1.382349913 -0.2794875175 )
        Viscous  : ( 0.0004685932346 -0.002325238761 -0.02118001972 )


liftDrag LD execute:
Viscous drag: 0.003625407897, pressure drag: 0.04784019402, porous drag: 0
Viscous lift: 8.02096332e-05, pressure lift: -0.6685167926, porous lift: 0
Total lift: -0.6684365829, Front lift: -0.2196170345, Rear lift: -0.4488195484, Drag: 0.05146560192
Location of Center of Mass: ( 0.1583410946 0.4851455065 -0.0177077476 )
Location of Center Of Pressure: ( 0.1727248382 0.4851455065 -0.01660028574 )


yPlus yPlus execute:
    patch Bottom y+ : min = 1.540321282, max = 457.246831, average = 236.0514393
    patch Top y+ : min = 61.40489174, max = 468.6978136, average = 265.0033444
    patch e423_0 y+ : min = 148.1746923, max = 746.3470479, average = 397.6456137


################################################################################

Time = 265

Outer Loop Iteration = 265
smoothSolver:  Solving for Ux, Initial residual = 5.334154657e-06, Final residual = 1.047954499e-07, No Iterations 2
smoothSolver:  Solving for Uz, Initial residual = 4.359974189e-06, Final residual = 1.014310003e-07, No Iterations 2
GAMG:  Solving for p, Initial residual = 5.040507769e-06, Final residual = 4.515616142e-08, No Iterations 3
GAMG:  Solving for p, Initial residual = 5.857875339e-07, Final residual = 3.37248358e-09, No Iterations 3
GAMG:  Solving for p, Initial residual = 1.008377711e-07, Final residual = 4.308914687e-10, No Iterations 3
time step continuity errors (region0): sum local = 3.551416405e-11, global = -2.779207916e-12, cumulative = 3.342621875e-08
smoothSolver:  Solving for omega, Initial residual = 1.605001771e-07, Final residual = 1.41162855e-08, No Iterations 1
smoothSolver:  Solving for k, Initial residual = 1.716942511e-07, Final residual = 1.47877935e-08, No Iterations 1

ExecutionTime = 3.02 s  ExecutionStepTime = 0.01 s  ClockTime = 3 s

forces FR write:
    Sum of forces
        Total    : ( 0.6197459412 0 -8.049332295 )
        Pressure : ( 0.5760887581 0 -8.050298166 )
        Viscous  : ( 0.04365718311 0 0.0009658710979 )
    Sum of moments
        Total    : ( -3.905097393 1.38003067 -0.3006669585 )
        Pressure : ( -3.905565981 1.382355918 -0.2794868723 )
        Viscous  : ( 0.0004685880229 -0.002325248586 -0.02118008621 )


liftDrag LD execute:
Viscous drag: 0.003625419278, pressure drag: 0.04784008359, porous drag: 0
Viscous lift: 8.020874112e-05, pressure lift: -0.66852014, porous lift: 0
Total lift: -0.6684399312, Front lift: -0.2196182108, Rear lift: -0.4488217204, Drag: 0.05146550287
Location of Center of Mass: ( 0.1583410946 0.4851455065 -0.0177077476 )
Location of Center Of Pressure: ( 0.1727247167 0.4851455065 -0.01660030278 )


yPlus yPlus execute:
    patch Bottom y+ : min = 1.540321678, max = 457.250522, average = 236.0535524
    patch Top y+ : min = 61.40440061, max = 468.7000368, average = 265.0046905
    patch e423_0 y+ : min = 148.1764954, max = 746.3485017, average = 397.6461194


################################################################################

Time = 266

Outer Loop Iteration = 266
smoothSolver:  Solving for Ux, Initial residual = 5.203225057e-06, Final residual = 1.026646696e-07, No Iterations 2
smoothSolver:  Solving for Uz, Initial residual = 4.211984961e-06, Final residual = 9.617721804e-08, No Iterations 2
GAMG:  Solving for p, Initial residual = 4.895180879e-06, Final residual = 4.393563943e-08, No Iterations 3
GAMG:  Solving for p, Initial residual = 5.680073827e-07, Final residual = 3.289817497e-09, No Iterations 3
GAMG:  Solving for p, Initial residual = 9.705468001e-08, Final residual = 4.180654375e-10, No Iterations 3
time step continuity errors (region0): sum local = 3.44569474e-11, global = -3.067509443e-12, cumulative = 3.342315124e-08
smoothSolver:  Solving for omega, Initial residual = 1.561770794e-07, Final residual = 1.382216576e-08, No Iterations 1
smoothSolver:  Solving for k, Initial residual = 1.66747897e-07, Final residual = 1.444969482e-08, No Iterations 1

ExecutionTime = 3.03 s  ExecutionStepTime = 0.01 s  ClockTime = 3 s

forces FR write:
    Sum of forces
        Total    : ( 0.619744714 0 -8.049371836 )
        Pressure : ( 0.5760873965 0 -8.050337696 )
        Viscous  : ( 0.04365731754 0 0.000965860046 )
    Sum of moments
        Total    : ( -3.905116576 1.38003653 -0.3006663632 )
        Pressure : ( -3.905585159 1.382361788 -0.2794862117 )
        Viscous  : ( 0.0004685826612 -0.002325258144 -0.02118015143 )


liftDrag LD execute:
Viscous drag: 0.003625430441, pressure drag: 0.04783997052, porous drag: 0
Viscous lift: 8.020782334e-05, pressure lift: -0.6685234226, porous lift: 0
Total lift: -0.6684432148, Front lift: -0.2196193659, Rear lift: -0.4488238489, Drag: 0.05146540096
Location of Center of Mass: ( 0.1583410946 0.4851455065 -0.0177077476 )
Location of Center Of Pressure: ( 0.172724595 0.4851455065 -0.01660031978 )


yPlus yPlus execute:
    patch Bottom y+ : min = 1.540322797, max = 457.2542265, average = 236.0556253
    patch Top y+ : min = 61.40390686, max = 468.7023923, average = 265.00606
    patch e423_0 y+ : min = 148.1782741, max = 746.3499381, average = 397.6466142


################################################################################

Time = 267

Outer Loop Iteration = 267
smoothSolver:  Solving for Ux, Initial residual = 5.070119208e-06, Final residual = 1.006415984e-07, No Iterations 2
smoothSolver:  Solving for Uz, Initial residual = 4.059275959e-06, Final residual = 9.089302519e-08, No Iterations 2
GAMG:  Solving for p, Initial residual = 4.747793424e-06, Final residual = 4.271246042e-08, No Iterations 3
GAMG:  Solving for p, Initial residual = 5.505882706e-07, Final residual = 3.207674172e-09, No Iterations 3
GAMG:  Solving for p, Initial residual = 9.329134158e-08, Final residual = 4.068696936e-10, No Iterations 3
time step continuity errors (region0): sum local = 3.353435226e-11, global = -3.370259094e-12, cumulative = 3.341978098e-08
smoothSolver:  Solving for omega, Initial residual = 1.520214275e-07, Final residual = 1.352487386e-08, No Iterations 1
smoothSolver:  Solving for k, Initial residual = 1.619792168e-07, Final residual = 1.41210285e-08, No Iterations 1

ExecutionTime = 3.04 s  ExecutionStepTime = 0.01 s  ClockTime = 3 s

forces FR write:
    Sum of forces
        Total    : ( 0.619743458 0 -8.049410598 )
        Pressure : ( 0.5760860086 0 -8.050376447 )
        Viscous  : ( 0.0436574494 0 0.0009658487406 )
    Sum of moments
        Total    : ( -3.905135381 1.380042258 -0.3006657538 )
        Pressure : ( -3.905603958 1.382367525 -0.2794855384 )
        Viscous  : ( 0.0004685771764 -0.002325267448 -0.0211802154 )


liftDrag LD execute:
Viscous drag: 0.003625441391, pressure drag: 0.04783985526, porous drag: 0
Viscous lift: 8.020688451e-05, pressure lift: -0.6685266406, porous lift: 0
Total lift: -0.6684464337, Front lift: -0.2196204998, Rear lift: -0.448825934, Drag: 0.05146529665
Location of Center of Mass: ( 0.1583410946 0.4851455065 -0.0177077476 )
Location of Center Of Pressure: ( 0.1727244736 0.4851455065 -0.01660033671 )


yPlus yPlus execute:
    patch Bottom y+ : min = 1.5403245, max = 457.2579252, average = 236.0576529
    patch Top y+ : min = 61.403413, max = 468.7048588, average = 265.0074428
    patch e423_0 y+ : min = 148.1800273, max = 746.3513567, average = 397.6470984


################################################################################

Time = 268

Outer Loop Iteration = 268
smoothSolver:  Solving for Ux, Initial residual = 4.935588616e-06, Final residual = 9.870956469e-08, No Iterations 2
smoothSolver:  Solving for Uz, Initial residual = 3.907903025e-06, Final residual = 8.565227174e-08, No Iterations 2
GAMG:  Solving for p, Initial residual = 4.60075247e-06, Final residual = 4.149611877e-08, No Iterations 3
GAMG:  Solving for p, Initial residual = 5.33794017e-07, Final residual = 3.120654329e-09, No Iterations 3
GAMG:  Solving for p, Initial residual = 8.952806081e-08, Final residual = 3.955985604e-10, No Iterations 3
time step continuity errors (region0): sum local = 3.260527935e-11, global = -3.670225422e-12, cumulative = 3.341611075e-08
smoothSolver:  Solving for omega, Initial residual = 1.47975209e-07, Final residual = 1.322587466e-08, No Iterations 1
smoothSolver:  Solving for k, Initial residual = 1.574152566e-07, Final residual = 1.380780578e-08, No Iterations 1

ExecutionTime = 3.04 s  ExecutionStepTime = 0 s  ClockTime = 3 s

forces FR write:
    Sum of forces
        Total    : ( 0.6197421788 0 -8.049448582 )
        Pressure : ( 0.5760846 0 -8.05041442 )
        Viscous  : ( 0.04365757877 0 0.0009658372363 )
    Sum of moments
        Total    : ( -3.905153809 1.380047854 -0.3006651332 )
        Pressure : ( -3.905622381 1.382373131 -0.279484855 )
        Viscous  : ( 0.0004685715952 -0.002325276508 -0.02118027816 )


liftDrag LD execute:
Viscous drag: 0.003625452134, pressure drag: 0.04783973829, porous drag: 0
Viscous lift: 8.020592916e-05, pressure lift: -0.668529794, porous lift: 0
Total lift: -0.668449588, Front lift: -0.2196216122, Rear lift: -0.4488279759, Drag: 0.05146519042
Location of Center of Mass: ( 0.1583410946 0.4851455065 -0.0177077476 )
Location of Center Of Pressure: ( 0.1727243524 0.4851455065 -0.01660035355 )


yPlus yPlus execute:
    patch Bottom y+ : min = 1.54032665, max = 457.2615997, average = 236.0596305
    patch Top y+ : min = 61.40292133, max = 468.7074153, average = 265.0088294
    patch e423_0 y+ : min = 148.1817537, max = 746.3527569, average = 397.6475725


################################################################################

Time = 269

Outer Loop Iteration = 269
smoothSolver:  Solving for Ux, Initial residual = 4.802509819e-06, Final residual = 9.680666948e-08, No Iterations 2
smoothSolver:  Solving for Uz, Initial residual = 3.755410722e-06, Final residual = 8.047082092e-08, No Iterations 2
GAMG:  Solving for p, Initial residual = 4.469450993e-06, Final residual = 4.025843751e-08, No Iterations 3
GAMG:  Solving for p, Initial residual = 5.219654995e-07, Final residual = 3.031187227e-09, No Iterations 3
GAMG:  Solving for p, Initial residual = 8.585997605e-08, Final residual = 3.843216701e-10, No Iterations 3
time step continuity errors (region0): sum local = 3.16760633e-11, global = -3.853814577e-12, cumulative = 3.341225694e-08
smoothSolver:  Solving for omega, Initial residual = 1.440952709e-07, Final residual = 1.292599314e-08, No Iterations 1
smoothSolver:  Solving for k, Initial residual = 1.530543852e-07, Final residual = 1.349907907e-08, No Iterations 1

ExecutionTime = 3.05 s  ExecutionStepTime = 0 s  ClockTime = 3 s

forces FR write:
    Sum of forces
        Total    : ( 0.6197408819 0 -8.04948579 )
        Pressure : ( 0.5760831763 0 -8.050451616 )
        Viscous  : ( 0.04365770569 0 0.0009658255865 )
    Sum of moments
        Total    : ( -3.90517186 1.380053321 -0.300664504 )
        Pressure : ( -3.905640426 1.382378606 -0.2794841643 )
        Viscous  : ( 0.0004685659433 -0.002325285338 -0.02118033974 )


liftDrag LD execute:
Viscous drag: 0.003625462674, pressure drag: 0.04783962006, porous drag: 0
Viscous lift: 8.020496172e-05, pressure lift: -0.6685328828, porous lift: 0
Total lift: -0.6684526779, Front lift: -0.2196227031, Rear lift: -0.4488299748, Drag: 0.05146508273
Location of Center of Mass: ( 0.1583410946 0.4851455065 -0.0177077476 )
Location of Center Of Pressure: ( 0.1727242318 0.4851455065 -0.01660037027 )


yPlus yPlus execute:
    patch Bottom y+ : min = 1.540329123, max = 457.2652323, average = 236.0615538
    patch Top y+ : min = 61.40243406, max = 468.7100409, average = 265.0102109
    patch e423_0 y+ : min = 148.1834522, max = 746.3541382, average = 397.6480365


################################################################################

Time = 270

Outer Loop Iteration = 270
smoothSolver:  Solving for Ux, Initial residual = 4.671020099e-06, Final residual = 9.490894673e-08, No Iterations 2
smoothSolver:  Solving for Uz, Initial residual = 3.600921945e-06, Final residual = 7.537774168e-08, No Iterations 2
GAMG:  Solving for p, Initial residual = 4.375607699e-06, Final residual = 3.902598071e-08, No Iterations 3
GAMG:  Solving for p, Initial residual = 5.13967687e-07, Final residual = 2.940040933e-09, No Iterations 3
GAMG:  Solving for p, Initial residual = 8.43535778e-08, Final residual = 3.721395276e-10, No Iterations 3
time step continuity errors (region0): sum local = 3.067203481e-11, global = -3.790132567e-12, cumulative = 3.340846681e-08
smoothSolver:  Solving for omega, Initial residual = 1.403413987e-07, Final residual = 1.262425178e-08, No Iterations 1
smoothSolver:  Solving for k, Initial residual = 1.488511189e-07, Final residual = 1.320562509e-08, No Iterations 1

ExecutionTime = 3.06 s  ExecutionStepTime = 0.01 s  ClockTime = 3 s

forces FR write:
    Sum of forces
        Total    : ( 0.6197395729 0 -8.049522223 )
        Pressure : ( 0.5760817427 0 -8.050488037 )
        Viscous  : ( 0.0436578302 0 0.0009658138429 )
    Sum of moments
        Total    : ( -3.905189536 1.38005866 -0.300663869 )
        Pressure : ( -3.905658096 1.382383954 -0.2794834688 )
        Viscous  : ( 0.000468560246 -0.002325293948 -0.02118040014 )


liftDrag LD execute:
Viscous drag: 0.003625473014, pressure drag: 0.04783950101, porous drag: 0
Viscous lift: 8.02039865e-05, pressure lift: -0.6685359073, porous lift: 0
Total lift: -0.6684557034, Front lift: -0.2196237725, Rear lift: -0.4488319309, Drag: 0.05146497402
Location of Center of Mass: ( 0.1583410946 0.4851455065 -0.0177077476 )
Location of Center Of Pressure: ( 0.1727241119 0.4851455065 -0.01660038685 )


yPlus yPlus execute:
    patch Bottom y+ : min = 1.5403318, max = 457.2688066, average = 236.063419
    patch Top y+ : min = 61.40195324, max = 468.7127153, average = 265.011579
    patch e423_0 y+ : min = 148.1851217, max = 746.3555, average = 397.6484909


################################################################################

Time = 271

Outer Loop Iteration = 271
smoothSolver:  Solving for Ux, Initial residual = 4.540859281e-06, Final residual = 9.298409467e-08, No Iterations 2
smoothSolver:  Solving for Uz, Initial residual = 3.447712794e-06, Final residual = 7.044211541e-08, No Iterations 2
GAMG:  Solving for p, Initial residual = 4.305735665e-06, Final residual = 3.778464934e-08, No Iterations 3
GAMG:  Solving for p, Initial residual = 5.054409115e-07, Final residual = 2.847534576e-09, No Iterations 3
GAMG:  Solving for p, Initial residual = 8.272867918e-08, Final residual = 3.610002378e-10, No Iterations 3
time step continuity errors (region0): sum local = 2.975385354e-11, global = -4.010377279e-12, cumulative = 3.340445643e-08
smoothSolver:  Solving for omega, Initial residual = 1.366964953e-07, Final residual = 1.232459578e-08, No Iterations 1
smoothSolver:  Solving for k, Initial residual = 1.448207299e-07, Final residual = 1.291473779e-08, No Iterations 1

ExecutionTime = 3.07 s  ExecutionStepTime = 0.01 s  ClockTime = 3 s

forces FR write:
    Sum of forces
        Total    : ( 0.6197382568 0 -8.049557883 )
        Pressure : ( 0.5760803045 0 -8.050523685 )
        Viscous  : ( 0.04365795236 0 0.0009658020552 )
    Sum of moments
        Total    : ( -3.905206836 1.380063873 -0.3006632305 )
        Pressure : ( -3.90567539 1.382389176 -0.2794827711 )
        Viscous  : ( 0.0004685545272 -0.002325302348 -0.02118045941 )


liftDrag LD execute:
Viscous drag: 0.003625483159, pressure drag: 0.04783938158, porous drag: 0
Viscous lift: 8.020300761e-05, pressure lift: -0.6685388677, porous lift: 0
Total lift: -0.6684586647, Front lift: -0.2196248202, Rear lift: -0.4488338444, Drag: 0.05146486473
Location of Center of Mass: ( 0.1583410946 0.4851455065 -0.0177077476 )
Location of Center Of Pressure: ( 0.1727239929 0.4851455065 -0.01660040327 )


yPlus yPlus execute:
    patch Bottom y+ : min = 1.54033457, max = 457.272307, average = 236.0652228
    patch Top y+ : min = 61.40148077, max = 468.715419, average = 265.0129258
    patch e423_0 y+ : min = 148.1867611, max = 746.3568418, average = 397.6489359


################################################################################

Time = 272

Outer Loop Iteration = 272
smoothSolver:  Solving for Ux, Initial residual = 4.413687469e-06, Final residual = 9.11059841e-08, No Iterations 2
smoothSolver:  Solving for Uz, Initial residual = 3.293354376e-06, Final residual = 6.565360849e-08, No Iterations 2
GAMG:  Solving for p, Initial residual = 4.226332148e-06, Final residual = 3.654946853e-08, No Iterations 3
GAMG:  Solving for p, Initial residual = 4.961456829e-07, Final residual = 2.753451087e-09, No Iterations 3
GAMG:  Solving for p, Initial residual = 8.111741029e-08, Final residual = 3.500050612e-10, No Iterations 3
time step continuity errors (region0): sum local = 2.884776867e-11, global = -4.170834339e-12, cumulative = 3.34002856e-08
smoothSolver:  Solving for omega, Initial residual = 1.331895973e-07, Final residual = 1.202624178e-08, No Iterations 1
smoothSolver:  Solving for k, Initial residual = 1.409477632e-07, Final residual = 1.262747531e-08, No Iterations 1

ExecutionTime = 3.08 s  ExecutionStepTime = 0.01 s  ClockTime = 3 s

forces FR write:
    Sum of forces
        Total    : ( 0.6197369388 0 -8.049592773 )
        Pressure : ( 0.5760788666 0 -8.050558563 )
        Viscous  : ( 0.04365807221 0 0.0009657902708 )
    Sum of moments
        Total    : ( -3.905223763 1.380068962 -0.3006625911 )
        Pressure : ( -3.905692311 1.382394273 -0.2794820735 )
        Viscous  : ( 0.0004685488101 -0.002325310548 -0.02118051755 )


liftDrag LD execute:
Viscous drag: 0.003625493111, pressure drag: 0.04783926217, porous drag: 0
Viscous lift: 8.0202029e-05, pressure lift: -0.6685417641, porous lift: 0
Total lift: -0.668461562, Front lift: -0.2196258463, Rear lift: -0.4488357157, Drag: 0.05146475528
Location of Center of Mass: ( 0.1583410946 0.4851455065 -0.0177077476 )
Location of Center Of Pressure: ( 0.172723875 0.4851455065 -0.0166004195 )


yPlus yPlus execute:
    patch Bottom y+ : min = 1.54033733, max = 457.2757194, average = 236.0669624
    patch Top y+ : min = 61.40101837, max = 468.7181328, average = 265.0142442
    patch e423_0 y+ : min = 148.1883695, max = 746.3581629, average = 397.6493717


################################################################################

Time = 273

Outer Loop Iteration = 273
smoothSolver:  Solving for Ux, Initial residual = 4.289065086e-06, Final residual = 8.929164163e-08, No Iterations 2
smoothSolver:  Solving for Uz, Initial residual = 3.139445093e-06, Final residual = 6.10071751e-08, No Iterations 2
GAMG:  Solving for p, Initial residual = 4.1410251e-06, Final residual = 3.530386237e-08, No Iterations 3
GAMG:  Solving for p, Initial residual = 4.860451468e-07, Final residual = 2.656588891e-09, No Iterations 3
GAMG:  Solving for p, Initial residual = 7.943193749e-08, Final residual = 3.385446249e-10, No Iterations 3
time step continuity errors (region0): sum local = 2.790320186e-11, global = -4.185246373e-12, cumulative = 3.339610035e-08
smoothSolver:  Solving for omega, Initial residual = 1.298061724e-07, Final residual = 1.17368192e-08, No Iterations 1
smoothSolver:  Solving for k, Initial residual = 1.372050103e-07, Final residual = 1.234298132e-08, No Iterations 1

ExecutionTime = 3.09 s  ExecutionStepTime = 0.01 s  ClockTime = 3 s

forces FR write:
    Sum of forces
        Total    : ( 0.6197356237 0 -8.049626896 )
        Pressure : ( 0.5760774339 0 -8.050592675 )
        Viscous  : ( 0.04365818977 0 0.0009657785349 )
    Sum of moments
        Total    : ( -3.905240317 1.380073929 -0.300661953 )
        Pressure : ( -3.90570886 1.382399248 -0.2794813784 )
        Viscous  : ( 0.0004685431164 -0.002325318559 -0.02118057459 )


liftDrag LD execute:
Viscous drag: 0.003625502874, pressure drag: 0.04783914319, porous drag: 0
Viscous lift: 8.020105442e-05, pressure lift: -0.6685445968, porous lift: 0
Total lift: -0.6684643957, Front lift: -0.2196268507, Rear lift: -0.4488375451, Drag: 0.05146464607
Location of Center of Mass: ( 0.1583410946 0.4851455065 -0.0177077476 )
Location of Center Of Pressure: ( 0.1727237583 0.4851455065 -0.01660043553 )


yPlus yPlus execute:
    patch Bottom y+ : min = 1.540339987, max = 457.2790308, average = 236.0686356
    patch Top y+ : min = 61.40056758, max = 468.720839, average = 265.0155276
    patch e423_0 y+ : min = 148.1899461, max = 746.3594629, average = 397.6497985


################################################################################

Time = 274

Outer Loop Iteration = 274
smoothSolver:  Solving for Ux, Initial residual = 4.166552723e-06, Final residual = 8.749316346e-08, No Iterations 2
smoothSolver:  Solving for Uz, Initial residual = 2.988051145e-06, Final residual = 5.655212619e-08, No Iterations 2
GAMG:  Solving for p, Initial residual = 4.058469604e-06, Final residual = 3.40872389e-08, No Iterations 3
GAMG:  Solving for p, Initial residual = 4.754847439e-07, Final residual = 2.562064742e-09, No Iterations 3
GAMG:  Solving for p, Initial residual = 7.767514616e-08, Final residual = 3.279433838e-10, No Iterations 3
time step continuity errors (region0): sum local = 2.702940568e-11, global = -4.348277964e-12, cumulative = 3.339175207e-08
smoothSolver:  Solving for omega, Initial residual = 1.265638587e-07, Final residual = 1.1459102e-08, No Iterations 1
smoothSolver:  Solving for k, Initial residual = 1.335775883e-07, Final residual = 1.206043406e-08, No Iterations 1

ExecutionTime = 3.1 s  ExecutionStepTime = 0.01 s  ClockTime = 3 s

forces FR write:
    Sum of forces
        Total    : ( 0.6197343159 0 -8.049660257 )
        Pressure : ( 0.5760760108 0 -8.050626024 )
        Viscous  : ( 0.04365830509 0 0.00096576689 )
    Sum of moments
        Total    : ( -3.905256502 1.380078776 -0.3006613186 )
        Pressure : ( -3.90572504 1.382404103 -0.279480688 )
        Viscous  : ( 0.000468537467 -0.002325326388 -0.02118063053 )


liftDrag LD execute:
Viscous drag: 0.00362551245, pressure drag: 0.04783902502, porous drag: 0
Viscous lift: 8.020008739e-05, pressure lift: -0.6685473662, porous lift: 0
Total lift: -0.6684671661, Front lift: -0.2196278333, Rear lift: -0.4488393328, Drag: 0.05146453747
Location of Center of Mass: ( 0.1583410946 0.4851455065 -0.0177077476 )
Location of Center Of Pressure: ( 0.1727236432 0.4851455065 -0.01660045132 )


yPlus yPlus execute:
    patch Bottom y+ : min = 1.540342458, max = 457.2822301, average = 236.0702407
    patch Top y+ : min = 61.40012975, max = 468.7235206, average = 265.0167702
    patch e423_0 y+ : min = 148.1914901, max = 746.3607412, average = 397.6502166


################################################################################

Time = 275

Outer Loop Iteration = 275
smoothSolver:  Solving for Ux, Initial residual = 4.04875408e-06, Final residual = 8.581619859e-08, No Iterations 2
smoothSolver:  Solving for Uz, Initial residual = 2.841512449e-06, Final residual = 5.233820318e-08, No Iterations 2
GAMG:  Solving for p, Initial residual = 3.972839116e-06, Final residual = 3.287904016e-08, No Iterations 3
GAMG:  Solving for p, Initial residual = 4.643370266e-07, Final residual = 2.465594669e-09, No Iterations 3
GAMG:  Solving for p, Initial residual = 7.581155352e-08, Final residual = 3.17470366e-10, No Iterations 3
time step continuity errors (region0): sum local = 2.616632423e-11, global = -4.430773845e-12, cumulative = 3.33873213e-08
smoothSolver:  Solving for omega, Initial residual = 1.234106589e-07, Final residual = 1.118482268e-08, No Iterations 1
smoothSolver:  Solving for k, Initial residual = 1.300710454e-07, Final residual = 1.178095411e-08, No Iterations 1

ExecutionTime = 3.1 s  ExecutionStepTime = 0 s  ClockTime = 3 s

forces FR write:
    Sum of forces
        Total    : ( 0.6197330198 0 -8.04969286 )
        Pressure : ( 0.5760746016 0 -8.050658615 )
        Viscous  : ( 0.0436584182 0 0.0009657553758 )
    Sum of moments
        Total    : ( -3.905272319 1.380083506 -0.3006606898 )
        Pressure : ( -3.905740851 1.38240884 -0.2794800044 )
        Viscous  : ( 0.0004685318809 -0.002325334044 -0.02118068541 )


liftDrag LD execute:
Viscous drag: 0.003625521843, pressure drag: 0.047838908, porous drag: 0
Viscous lift: 8.019913122e-05, pressure lift: -0.6685500727, porous lift: 0
Total lift: -0.6684698736, Front lift: -0.2196287944, Rear lift: -0.4488410792, Drag: 0.05146442984
Location of Center of Mass: ( 0.1583410946 0.4851455065 -0.0177077476 )
Location of Center Of Pressure: ( 0.1727235296 0.4851455065 -0.01660046686 )


yPlus yPlus execute:
    patch Bottom y+ : min = 1.540344667, max = 457.2853073, average = 236.0717764
    patch Top y+ : min = 61.39970607, max = 468.7261621, average = 265.017967
    patch e423_0 y+ : min = 148.1930008, max = 746.3619972, average = 397.6506262


################################################################################

Time = 276

Outer Loop Iteration = 276
smoothSolver:  Solving for Ux, Initial residual = 3.932162317e-06, Final residual = 8.417060362e-08, No Iterations 2
smoothSolver:  Solving for Uz, Initial residual = 2.698036902e-06, Final residual = 4.842489515e-08, No Iterations 2
GAMG:  Solving for p, Initial residual = 3.882922572e-06, Final residual = 3.168424016e-08, No Iterations 3
GAMG:  Solving for p, Initial residual = 4.527770288e-07, Final residual = 2.370726519e-09, No Iterations 3
GAMG:  Solving for p, Initial residual = 7.402082837e-08, Final residual = 3.017899293e-10, No Iterations 3
time step continuity errors (region0): sum local = 2.487379203e-11, global = -2.867497766e-12, cumulative = 3.33844538e-08
smoothSolver:  Solving for omega, Initial residual = 1.203596948e-07, Final residual = 1.091293233e-08, No Iterations 1
smoothSolver:  Solving for k, Initial residual = 1.266778728e-07, Final residual = 1.150485614e-08, No Iterations 1

ExecutionTime = 3.11 s  ExecutionStepTime = 0 s  ClockTime = 3 s

forces FR write:
    Sum of forces
        Total    : ( 0.6197317395 0 -8.049724711 )
        Pressure : ( 0.5760732104 0 -8.050690455 )
        Viscous  : ( 0.04365852912 0 0.0009657440292 )
    Sum of moments
        Total    : ( -3.905287772 1.380088119 -0.3006600687 )
        Pressure : ( -3.905756298 1.38241346 -0.2794793294 )
        Viscous  : ( 0.0004685263762 -0.002325341536 -0.02118073922 )


liftDrag LD execute:
Viscous drag: 0.003625531054, pressure drag: 0.04783879247, porous drag: 0
Viscous lift: 8.019818897e-05, pressure lift: -0.6685527168, porous lift: 0
Total lift: -0.6684725186, Front lift: -0.2196297338, Rear lift: -0.4488427848, Drag: 0.05146432352
Location of Center of Mass: ( 0.1583410946 0.4851455065 -0.0177077476 )
Location of Center Of Pressure: ( 0.1727234178 0.4851455065 -0.01660048214 )


yPlus yPlus execute:
    patch Bottom y+ : min = 1.540346548, max = 457.2882543, average = 236.0732421
    patch Top y+ : min = 61.39929763, max = 468.7287494, average = 265.0191133
    patch e423_0 y+ : min = 148.1944776, max = 746.3632305, average = 397.6510274


################################################################################

Time = 277

Outer Loop Iteration = 277
smoothSolver:  Solving for Ux, Initial residual = 3.818540566e-06, Final residual = 8.265677188e-08, No Iterations 2
smoothSolver:  Solving for Uz, Initial residual = 2.558540572e-06, Final residual = 4.489600889e-08, No Iterations 2
GAMG:  Solving for p, Initial residual = 3.791275911e-06, Final residual = 3.051276331e-08, No Iterations 3
GAMG:  Solving for p, Initial residual = 4.408157546e-07, Final residual = 2.277130942e-09, No Iterations 3
GAMG:  Solving for p, Initial residual = 7.222459922e-08, Final residual = 2.901920182e-10, No Iterations 3
time step continuity errors (region0): sum local = 2.391803122e-11, global = -2.712215047e-12, cumulative = 3.338174158e-08
smoothSolver:  Solving for omega, Initial residual = 1.1752891e-07, Final residual = 1.064278764e-08, No Iterations 1
smoothSolver:  Solving for k, Initial residual = 1.233890552e-07, Final residual = 1.123451451e-08, No Iterations 1

ExecutionTime = 3.12 s  ExecutionStepTime = 0.01 s  ClockTime = 3 s

forces FR write:
    Sum of forces
        Total    : ( 0.6197304786 0 -8.049755816 )
        Pressure : ( 0.5760718408 0 -8.050721549 )
        Viscous  : ( 0.04365863788 0 0.0009657328843 )
    Sum of moments
        Total    : ( -3.905302862 1.380092618 -0.3006594569 )
        Pressure : ( -3.905771383 1.382417967 -0.2794786649 )
        Viscous  : ( 0.0004685209693 -0.002325348869 -0.02118079199 )


liftDrag LD execute:
Viscous drag: 0.003625540086, pressure drag: 0.04783867872, porous drag: 0
Viscous lift: 8.019726346e-05, pressure lift: -0.6685552989, porous lift: 0
Total lift: -0.6684751016, Front lift: -0.2196306516, Rear lift: -0.44884445, Drag: 0.05146421881
Location of Center of Mass: ( 0.1583410946 0.4851455065 -0.0177077476 )
Location of Center Of Pressure: ( 0.1727233079 0.4851455065 -0.01660049713 )


yPlus yPlus execute:
    patch Bottom y+ : min = 1.540348049, max = 457.2910645, average = 236.0746373
    patch Top y+ : min = 61.3989051, max = 468.7312698, average = 265.0202054
    patch e423_0 y+ : min = 148.1959202, max = 746.3644407, average = 397.6514204


################################################################################

Time = 278

Outer Loop Iteration = 278
smoothSolver:  Solving for Ux, Initial residual = 3.706247556e-06, Final residual = 8.11932866e-08, No Iterations 2
smoothSolver:  Solving for Uz, Initial residual = 2.42419724e-06, Final residual = 4.166405156e-08, No Iterations 2
GAMG:  Solving for p, Initial residual = 3.696311686e-06, Final residual = 2.936538142e-08, No Iterations 3
GAMG:  Solving for p, Initial residual = 4.284366111e-07, Final residual = 2.185152614e-09, No Iterations 3
GAMG:  Solving for p, Initial residual = 7.040477856e-08, Final residual = 2.791309543e-10, No Iterations 3
time step continuity errors (region0): sum local = 2.300632714e-11, global = -2.627908029e-12, cumulative = 3.337911368e-08
smoothSolver:  Solving for omega, Initial residual = 1.148049691e-07, Final residual = 1.037601243e-08, No Iterations 1
smoothSolver:  Solving for k, Initial residual = 1.201873804e-07, Final residual = 1.098039646e-08, No Iterations 1

ExecutionTime = 3.14 s  ExecutionStepTime = 0.02 s  ClockTime = 3 s

forces FR write:
    Sum of forces
        Total    : ( 0.6197292406 0 -8.049786182 )
        Pressure : ( 0.5760704961 0 -8.050751904 )
        Viscous  : ( 0.04365874451 0 0.0009657219721 )
    Sum of moments
        Total    : ( -3.905317594 1.380097006 -0.3006588563 )
        Pressure : ( -3.90578611 1.382422362 -0.2794780126 )
        Viscous  : ( 0.0004685156753 -0.002325356052 -0.02118084372 )


liftDrag LD execute:
Viscous drag: 0.003625548941, pressure drag: 0.04783856706, porous drag: 0
Viscous lift: 8.019635728e-05, pressure lift: -0.6685578197, porous lift: 0
Total lift: -0.6684776233, Front lift: -0.2196315481, Rear lift: -0.4488460752, Drag: 0.051464116
Location of Center of Mass: ( 0.1583410946 0.4851455065 -0.0177077476 )
Location of Center Of Pressure: ( 0.1727232 0.4851455065 -0.01660051183 )


yPlus yPlus execute:
    patch Bottom y+ : min = 1.540349115, max = 457.2937328, average = 236.0759624
    patch Top y+ : min = 61.39852937, max = 468.7337119, average = 265.0212403
    patch e423_0 y+ : min = 148.1973281, max = 746.3656273, average = 397.6518054


################################################################################

Time = 279

Outer Loop Iteration = 279
smoothSolver:  Solving for Ux, Initial residual = 3.596166761e-06, Final residual = 7.977179923e-08, No Iterations 2
smoothSolver:  Solving for Uz, Initial residual = 2.294276352e-06, Final residual = 3.872354751e-08, No Iterations 2
GAMG:  Solving for p, Initial residual = 3.598672422e-06, Final residual = 2.823726921e-08, No Iterations 3
GAMG:  Solving for p, Initial residual = 4.158131213e-07, Final residual = 2.094808268e-09, No Iterations 3
GAMG:  Solving for p, Initial residual = 6.849836067e-08, Final residual = 2.68182864e-10, No Iterations 3
time step continuity errors (region0): sum local = 2.21040969e-11, global = -2.503614289e-12, cumulative = 3.337661006e-08
smoothSolver:  Solving for omega, Initial residual = 1.12173892e-07, Final residual = 1.012395978e-08, No Iterations 1
smoothSolver:  Solving for k, Initial residual = 1.171124963e-07, Final residual = 1.073032232e-08, No Iterations 1

ExecutionTime = 3.14 s  ExecutionStepTime = 0 s  ClockTime = 3 s

forces FR write:
    Sum of forces
        Total    : ( 0.6197280286 0 -8.049815817 )
        Pressure : ( 0.5760691796 0 -8.050781528 )
        Viscous  : ( 0.04365884903 0 0.0009657113206 )
    Sum of moments
        Total    : ( -3.905331971 1.380101285 -0.3006582683 )
        Pressure : ( -3.905800482 1.382426648 -0.2794773739 )
        Viscous  : ( 0.0004685105077 -0.00232536309 -0.02118089443 )


liftDrag LD execute:
Viscous drag: 0.003625557621, pressure drag: 0.04783845773, porous drag: 0
Viscous lift: 8.019547275e-05, pressure lift: -0.6685602797, porous lift: 0
Total lift: -0.6684800843, Front lift: -0.2196324233, Rear lift: -0.448847661, Drag: 0.05146401535
Location of Center of Mass: ( 0.1583410946 0.4851455065 -0.0177077476 )
Location of Center Of Pressure: ( 0.1727230943 0.4851455065 -0.01660052621 )


yPlus yPlus execute:
    patch Bottom y+ : min = 1.540349706, max = 457.2962556, average = 236.0772179
    patch Top y+ : min = 61.39817094, max = 468.7360661, average = 265.0222153
    patch e423_0 y+ : min = 148.1987011, max = 746.36679, average = 397.6521826


################################################################################

Time = 280

Outer Loop Iteration = 280
smoothSolver:  Solving for Ux, Initial residual = 3.489533078e-06, Final residual = 7.831519635e-08, No Iterations 2
smoothSolver:  Solving for Uz, Initial residual = 2.169385123e-06, Final residual = 3.597852635e-08, No Iterations 2
GAMG:  Solving for p, Initial residual = 3.501110325e-06, Final residual = 2.713570894e-08, No Iterations 3
GAMG:  Solving for p, Initial residual = 4.032715065e-07, Final residual = 2.006448292e-09, No Iterations 3
GAMG:  Solving for p, Initial residual = 6.649667178e-08, Final residual = 2.630233969e-10, No Iterations 3
time step continuity errors (region0): sum local = 2.167892592e-11, global = -3.782441025e-12, cumulative = 3.337282762e-08
smoothSolver:  Solving for omega, Initial residual = 1.096845443e-07, Final residual = 9.874844164e-09, No Iterations 1
smoothSolver:  Solving for k, Initial residual = 1.141519485e-07, Final residual = 1.048402555e-08, No Iterations 1

ExecutionTime = 3.15 s  ExecutionStepTime = 0.01 s  ClockTime = 3 s

forces FR write:
    Sum of forces
        Total    : ( 0.6197268454 0 -8.049844728 )
        Pressure : ( 0.5760678939 0 -8.050810429 )
        Viscous  : ( 0.04365895146 0 0.0009657009547 )
    Sum of moments
        Total    : ( -3.905345998 1.380105457 -0.3006576943 )
        Pressure : ( -3.905814503 1.382430827 -0.2794767501 )
        Viscous  : ( 0.0004685054787 -0.002325369989 -0.02118094412 )


liftDrag LD execute:
Viscous drag: 0.003625566127, pressure drag: 0.04783835097, porous drag: 0
Viscous lift: 8.019461193e-05, pressure lift: -0.6685626798, porous lift: 0
Total lift: -0.6684824852, Front lift: -0.2196332773, Rear lift: -0.4488492079, Drag: 0.05146391709
Location of Center of Mass: ( 0.1583410946 0.4851455065 -0.0177077476 )
Location of Center Of Pressure: ( 0.1727229908 0.4851455065 -0.01660054026 )


yPlus yPlus execute:
    patch Bottom y+ : min = 1.540349793, max = 457.2986306, average = 236.0784048
    patch Top y+ : min = 61.39783015, max = 468.738324, average = 265.0231286
    patch e423_0 y+ : min = 148.2000389, max = 746.3679285, average = 397.6525521


################################################################################

Time = 281

Outer Loop Iteration = 281
smoothSolver:  Solving for Ux, Initial residual = 3.386434932e-06, Final residual = 7.681925412e-08, No Iterations 2
smoothSolver:  Solving for Uz, Initial residual = 2.048685643e-06, Final residual = 3.357577668e-08, No Iterations 2
GAMG:  Solving for p, Initial residual = 3.400574375e-06, Final residual = 2.60654979e-08, No Iterations 3
GAMG:  Solving for p, Initial residual = 3.904910049e-07, Final residual = 1.920823463e-09, No Iterations 3
GAMG:  Solving for p, Initial residual = 6.441075754e-08, Final residual = 2.529985751e-10, No Iterations 3
time step continuity errors (region0): sum local = 2.08525599e-11, global = -3.589169403e-12, cumulative = 3.336923845e-08
smoothSolver:  Solving for omega, Initial residual = 1.073155898e-07, Final residual = 9.640431662e-09, No Iterations 1
smoothSolver:  Solving for k, Initial residual = 1.112955759e-07, Final residual = 1.024678529e-08, No Iterations 1

ExecutionTime = 3.16 s  ExecutionStepTime = 0.01 s  ClockTime = 3 s

forces FR write:
    Sum of forces
        Total    : ( 0.6197256935 0 -8.049872927 )
        Pressure : ( 0.5760666417 0 -8.050838618 )
        Viscous  : ( 0.04365905183 0 0.0009656908963 )
    Sum of moments
        Total    : ( -3.905359678 1.380109524 -0.3006571354 )
        Pressure : ( -3.905828179 1.3824349 -0.2794761426 )
        Viscous  : ( 0.000468500599 -0.002325376754 -0.02118099281 )


liftDrag LD execute:
Viscous drag: 0.003625574462, pressure drag: 0.04783824698, porous drag: 0
Viscous lift: 8.019377666e-05, pressure lift: -0.6685650206, porous lift: 0
Total lift: -0.6684848268, Front lift: -0.2196341104, Rear lift: -0.4488507165, Drag: 0.05146382144
Location of Center of Mass: ( 0.1583410946 0.4851455065 -0.0177077476 )
Location of Center Of Pressure: ( 0.1727228897 0.4851455065 -0.01660055399 )


yPlus yPlus execute:
    patch Bottom y+ : min = 1.540349347, max = 457.3008569, average = 236.0795244
    patch Top y+ : min = 61.39750743, max = 468.7404786, average = 265.0239789
    patch e423_0 y+ : min = 148.2013416, max = 746.3690425, average = 397.652914


################################################################################

Time = 282

Outer Loop Iteration = 282
smoothSolver:  Solving for Ux, Initial residual = 3.286722575e-06, Final residual = 7.535802662e-08, No Iterations 2
smoothSolver:  Solving for Uz, Initial residual = 1.933450608e-06, Final residual = 3.162915298e-08, No Iterations 2
GAMG:  Solving for p, Initial residual = 3.297346817e-06, Final residual = 2.50238811e-08, No Iterations 3
GAMG:  Solving for p, Initial residual = 3.775980517e-07, Final residual = 1.837962503e-09, No Iterations 3
GAMG:  Solving for p, Initial residual = 6.226122559e-08, Final residual = 2.418898235e-10, No Iterations 3
time step continuity errors (region0): sum local = 1.993695637e-11, global = -3.259064632e-12, cumulative = 3.336597939e-08
smoothSolver:  Solving for omega, Initial residual = 1.05003212e-07, Final residual = 9.41850313e-09, No Iterations 1
smoothSolver:  Solving for k, Initial residual = 1.085410151e-07, Final residual = 1.002034192e-08, No Iterations 1

ExecutionTime = 3.16 s  ExecutionStepTime = 0 s  ClockTime = 3 s

forces FR write:
    Sum of forces
        Total    : ( 0.6197245751 0 -8.049900421 )
        Pressure : ( 0.576065425 0 -8.050866102 )
        Viscous  : ( 0.04365915015 0 0.0009656811644 )
    Sum of moments
        Total    : ( -3.905373017 1.380113488 -0.3006565929 )
        Pressure : ( -3.905841513 1.382438872 -0.2794755524 )
        Viscous  : ( 0.0004684958776 -0.002325383391 -0.02118104051 )


liftDrag LD execute:
Viscous drag: 0.003625582627, pressure drag: 0.04783814594, porous drag: 0
Viscous lift: 8.019296849e-05, pressure lift: -0.668567303, porous lift: 0
Total lift: -0.66848711, Front lift: -0.2196349227, Rear lift: -0.4488521873, Drag: 0.05146372857
Location of Center of Mass: ( 0.1583410946 0.4851455065 -0.0177077476 )
Location of Center Of Pressure: ( 0.172722791 0.4851455065 -0.01660056736 )


yPlus yPlus execute:
    patch Bottom y+ : min = 1.540348358, max = 457.3029344, average = 236.0805783
    patch Top y+ : min = 61.39720273, max = 468.7425242, average = 265.0247656
    patch e423_0 y+ : min = 148.2026092, max = 746.3701318, average = 397.6532684


################################################################################

Time = 283

Outer Loop Iteration = 283
smoothSolver:  Solving for Ux, Initial residual = 3.191781348e-06, Final residual = 7.391287981e-08, No Iterations 2
smoothSolver:  Solving for Uz, Initial residual = 1.823835008e-06, Final residual = 2.992910293e-08, No Iterations 2
GAMG:  Solving for p, Initial residual = 3.193529427e-06, Final residual = 2.401914005e-08, No Iterations 3
GAMG:  Solving for p, Initial residual = 3.646045948e-07, Final residual = 1.757175311e-09, No Iterations 3
GAMG:  Solving for p, Initial residual = 6.007253834e-08, Final residual = 2.31051931e-10, No Iterations 3
time step continuity errors (region0): sum local = 1.904371463e-11, global = -2.914648948e-12, cumulative = 3.336306474e-08
smoothSolver:  Solving for omega, Initial residual = 1.027654858e-07, Final residual = 9.200180384e-09, No Iterations 1
smoothSolver:  Solving for k, Initial residual = 1.058753925e-07, Final residual = 9.796286054e-09, No Iterations 1

ExecutionTime = 3.17 s  ExecutionStepTime = 0.01 s  ClockTime = 3 s

forces FR write:
    Sum of forces
        Total    : ( 0.6197234921 0 -8.049927222 )
        Pressure : ( 0.5760642457 0 -8.050892893 )
        Viscous  : ( 0.04365924645 0 0.0009656717751 )
    Sum of moments
        Total    : ( -3.905386019 1.380117353 -0.3006560675 )
        Pressure : ( -3.90585451 1.382442743 -0.2794749802 )
        Viscous  : ( 0.0004684913224 -0.002325389904 -0.02118108723 )


liftDrag LD execute:
Viscous drag: 0.003625590623, pressure drag: 0.04783804801, porous drag: 0
Viscous lift: 8.019218878e-05, pressure lift: -0.6685695278, porous lift: 0
Total lift: -0.6684893356, Front lift: -0.2196357146, Rear lift: -0.448853621, Drag: 0.05146363863
Location of Center of Mass: ( 0.1583410946 0.4851455065 -0.0177077476 )
Location of Center Of Pressure: ( 0.1727226948 0.4851455065 -0.01660058039 )


yPlus yPlus execute:
    patch Bottom y+ : min = 1.540346811, max = 457.3048643, average = 236.0815682
    patch Top y+ : min = 61.39691611, max = 468.7444564, average = 265.0254883
    patch e423_0 y+ : min = 148.2038417, max = 746.3711962, average = 397.6536156


################################################################################

Time = 284

Outer Loop Iteration = 284
smoothSolver:  Solving for Ux, Initial residual = 3.100535941e-06, Final residual = 7.244796039e-08, No Iterations 2
smoothSolver:  Solving for Uz, Initial residual = 1.719206148e-06, Final residual = 2.84230629e-08, No Iterations 2
GAMG:  Solving for p, Initial residual = 3.088719282e-06, Final residual = 2.305044588e-08, No Iterations 3
GAMG:  Solving for p, Initial residual = 3.515506871e-07, Final residual = 1.681954338e-09, No Iterations 3
GAMG:  Solving for p, Initial residual = 5.787209653e-08, Final residual = 2.214352394e-10, No Iterations 3
time step continuity errors (region0): sum local = 1.825099534e-11, global = -2.725705168e-12, cumulative = 3.336033903e-08
smoothSolver:  Solving for omega, Initial residual = 1.005896344e-07, Final residual = 9.006401869e-09, No Iterations 1
smoothSolver:  Solving for k, Initial residual = 1.033402491e-07, Final residual = 9.574717044e-09, No Iterations 1

ExecutionTime = 3.19 s  ExecutionStepTime = 0.02 s  ClockTime = 3 s

forces FR write:
    Sum of forces
        Total    : ( 0.6197224461 0 -8.04995334 )
        Pressure : ( 0.5760631054 0 -8.050919003 )
        Viscous  : ( 0.04365934074 0 0.0009656627414 )
    Sum of moments
        Total    : ( -3.90539869 1.38012112 -0.30065556 )
        Pressure : ( -3.905867177 1.382446516 -0.279474427 )
        Viscous  : ( 0.0004684869398 -0.002325396297 -0.02118113298 )


liftDrag LD execute:
Viscous drag: 0.003625598454, pressure drag: 0.04783795331, porous drag: 0
Viscous lift: 8.019143859e-05, pressure lift: -0.668571696, porous lift: 0
Total lift: -0.6684915046, Front lift: -0.2196364863, Rear lift: -0.4488550183, Drag: 0.05146355177
Location of Center of Mass: ( 0.1583410946 0.4851455065 -0.0177077476 )
Location of Center Of Pressure: ( 0.1727226011 0.4851455065 -0.01660059306 )


yPlus yPlus execute:
    patch Bottom y+ : min = 1.540344704, max = 457.3066485, average = 236.0824964
    patch Top y+ : min = 61.39664743, max = 468.7462718, average = 265.0261474
    patch e423_0 y+ : min = 148.2050393, max = 746.3722357, average = 397.6539555


################################################################################

Time = 285

Outer Loop Iteration = 285
smoothSolver:  Solving for Ux, Initial residual = 3.016043028e-06, Final residual = 7.093232369e-08, No Iterations 2
smoothSolver:  Solving for Uz, Initial residual = 1.619979809e-06, Final residual = 2.708650948e-08, No Iterations 2
GAMG:  Solving for p, Initial residual = 2.984651017e-06, Final residual = 2.21163732e-08, No Iterations 3
GAMG:  Solving for p, Initial residual = 3.384701395e-07, Final residual = 1.607379954e-09, No Iterations 3
GAMG:  Solving for p, Initial residual = 5.5650515e-08, Final residual = 2.117095125e-10, No Iterations 3
time step continuity errors (region0): sum local = 1.744954397e-11, global = -2.453158289e-12, cumulative = 3.335788588e-08
smoothSolver:  Solving for omega, Initial residual = 9.843684119e-08, Final residual = 8.81636794e-09, No Iterations 1
smoothSolver:  Solving for k, Initial residual = 1.008707419e-07, Final residual = 9.35530711e-09, No Iterations 1

ExecutionTime = 3.2 s  ExecutionStepTime = 0.01 s  ClockTime = 3 s

forces FR write:
    Sum of forces
        Total    : ( 0.6197214384 0 -8.049978788 )
        Pressure : ( 0.5760620053 0 -8.050944442 )
        Viscous  : ( 0.04365943305 0 0.0009656540738 )
    Sum of moments
        Total    : ( -3.905411036 1.380124791 -0.3006550711 )
        Pressure : ( -3.905879519 1.382450194 -0.2794738933 )
        Viscous  : ( 0.0004684827347 -0.002325402573 -0.02118117776 )


liftDrag LD execute:
Viscous drag: 0.003625606119, pressure drag: 0.04783786196, porous drag: 0
Viscous lift: 8.019071881e-05, pressure lift: -0.6685738086, porous lift: 0
Total lift: -0.6684936179, Front lift: -0.219637238, Rear lift: -0.4488563799, Drag: 0.05146346808
Location of Center of Mass: ( 0.1583410946 0.4851455065 -0.0177077476 )
Location of Center Of Pressure: ( 0.1727225101 0.4851455065 -0.01660060537 )


yPlus yPlus execute:
    patch Bottom y+ : min = 1.540342038, max = 457.3082899, average = 236.0833651
    patch Top y+ : min = 61.39639649, max = 468.7479684, average = 265.0267435
    patch e423_0 y+ : min = 148.2062025, max = 746.3732502, average = 397.6542884


################################################################################

Time = 286

Outer Loop Iteration = 286
smoothSolver:  Solving for Ux, Initial residual = 2.934547512e-06, Final residual = 6.937829852e-08, No Iterations 2
smoothSolver:  Solving for Uz, Initial residual = 1.526757349e-06, Final residual = 2.590767667e-08, No Iterations 2
GAMG:  Solving for p, Initial residual = 2.880693443e-06, Final residual = 2.122167936e-08, No Iterations 3
GAMG:  Solving for p, Initial residual = 3.254773627e-07, Final residual = 1.534838908e-09, No Iterations 3
GAMG:  Solving for p, Initial residual = 5.343900303e-08, Final residual = 2.033100588e-10, No Iterations 3
time step continuity errors (region0): sum local = 1.675704868e-11, global = -2.32386647e-12, cumulative = 3.335556201e-08
smoothSolver:  Solving for omega, Initial residual = 9.632796584e-08, Final residual = 8.626352954e-09, No Iterations 1
smoothSolver:  Solving for k, Initial residual = 9.847390085e-08, Final residual = 9.139407036e-09, No Iterations 1

ExecutionTime = 3.21 s  ExecutionStepTime = 0.01 s  ClockTime = 3 s

forces FR write:
    Sum of forces
        Total    : ( 0.6197204699 0 -8.050003577 )
        Pressure : ( 0.5760609465 0 -8.050969223 )
        Viscous  : ( 0.04365952339 0 0.0009656457798 )
    Sum of moments
        Total    : ( -3.905423063 1.38012837 -0.3006546013 )
        Pressure : ( -3.905891541 1.382453779 -0.2794733797 )
        Viscous  : ( 0.0004684787109 -0.002325408736 -0.02118122159 )


liftDrag LD execute:
Viscous drag: 0.003625613621, pressure drag: 0.04783777404, porous drag: 0
Viscous lift: 8.019003005e-05, pressure lift: -0.6685758665, porous lift: 0
Total lift: -0.6684956764, Front lift: -0.2196379701, Rear lift: -0.4488577063, Drag: 0.05146338766
Location of Center of Mass: ( 0.1583410946 0.4851455065 -0.0177077476 )
Location of Center Of Pressure: ( 0.1727224217 0.4851455065 -0.01660061732 )


yPlus yPlus execute:
    patch Bottom y+ : min = 1.54033882, max = 457.3097919, average = 236.0841767
    patch Top y+ : min = 61.39616297, max = 468.7495449, average = 265.0272778
    patch e423_0 y+ : min = 148.2073315, max = 746.3742397, average = 397.6546144


################################################################################

Time = 287

Outer Loop Iteration = 287
smoothSolver:  Solving for Ux, Initial residual = 2.856729915e-06, Final residual = 6.780421757e-08, No Iterations 2
smoothSolver:  Solving for Uz, Initial residual = 1.439070153e-06, Final residual = 2.489568443e-08, No Iterations 2
GAMG:  Solving for p, Initial residual = 2.777114469e-06, Final residual = 2.034693543e-08, No Iterations 3
GAMG:  Solving for p, Initial residual = 3.127311559e-07, Final residual = 1.46671615e-09, No Iterations 3
GAMG:  Solving for p, Initial residual = 5.126412705e-08, Final residual = 1.947061755e-10, No Iterations 3
time step continuity errors (region0): sum local = 1.604803108e-11, global = -2.118654307e-12, cumulative = 3.335344335e-08
smoothSolver:  Solving for omega, Initial residual = 9.425253194e-08, Final residual = 8.437711548e-09, No Iterations 1
smoothSolver:  Solving for k, Initial residual = 9.615950285e-08, Final residual = 8.926999889e-09, No Iterations 1

ExecutionTime = 3.21 s  ExecutionStepTime = 0 s  ClockTime = 3 s

forces FR write:
    Sum of forces
        Total    : ( 0.6197195415 0 -8.050027721 )
        Pressure : ( 0.5760599297 0 -8.050993359 )
        Viscous  : ( 0.04365961179 0 0.0009656378647 )
    Sum of moments
        Total    : ( -3.905434776 1.380131858 -0.3006541508 )
        Pressure : ( -3.905903251 1.382457273 -0.2794728864 )
        Viscous  : ( 0.0004684748709 -0.002325414789 -0.02118126447 )


liftDrag LD execute:
Viscous drag: 0.003625620962, pressure drag: 0.0478376896, porous drag: 0
Viscous lift: 8.018937276e-05, pressure lift: -0.6685778708, porous lift: 0
Total lift: -0.6684976814, Front lift: -0.2196386829, Rear lift: -0.4488589985, Drag: 0.05146331056
Location of Center of Mass: ( 0.1583410946 0.4851455065 -0.0177077476 )
Location of Center Of Pressure: ( 0.1727223359 0.4851455065 -0.0166006289 )


yPlus yPlus execute:
    patch Bottom y+ : min = 1.540335062, max = 457.3111588, average = 236.0849339
    patch Top y+ : min = 61.39594647, max = 468.7510011, average = 265.0277518
    patch e423_0 y+ : min = 148.2084268, max = 746.3752042, average = 397.6549335


################################################################################

Time = 288

Outer Loop Iteration = 288
smoothSolver:  Solving for Ux, Initial residual = 2.783042072e-06, Final residual = 6.622089387e-08, No Iterations 2
smoothSolver:  Solving for Uz, Initial residual = 1.357050295e-06, Final residual = 2.398442234e-08, No Iterations 2
GAMG:  Solving for p, Initial residual = 2.676642324e-06, Final residual = 1.955801312e-08, No Iterations 3
GAMG:  Solving for p, Initial residual = 3.002139559e-07, Final residual = 1.404399489e-09, No Iterations 3
GAMG:  Solving for p, Initial residual = 4.909242711e-08, Final residual = 1.866927199e-10, No Iterations 3
time step continuity errors (region0): sum local = 1.538750841e-11, global = -1.923131932e-12, cumulative = 3.335152022e-08
smoothSolver:  Solving for omega, Initial residual = 9.220638622e-08, Final residual = 8.2484542e-09, No Iterations 1
smoothSolver:  Solving for k, Initial residual = 9.392321537e-08, Final residual = 8.724026217e-09, No Iterations 1

ExecutionTime = 3.22 s  ExecutionStepTime = 0.01 s  ClockTime = 3 s

forces FR write:
    Sum of forces
        Total    : ( 0.6197186536 0 -8.050051232 )
        Pressure : ( 0.5760589553 0 -8.051016863 )
        Viscous  : ( 0.04365969826 0 0.000965630331 )
    Sum of moments
        Total    : ( -3.905446182 1.380135258 -0.3006537201 )
        Pressure : ( -3.905914653 1.382460679 -0.2794724136 )
        Viscous  : ( 0.000468471216 -0.002325420735 -0.02118130643 )


liftDrag LD execute:
Viscous drag: 0.003625628143, pressure drag: 0.04783760868, porous drag: 0
Viscous lift: 8.018874714e-05, pressure lift: -0.6685798226, porous lift: 0
Total lift: -0.6684996339, Front lift: -0.2196393768, Rear lift: -0.4488602571, Drag: 0.05146323683
Location of Center of Mass: ( 0.1583410946 0.4851455065 -0.0177077476 )
Location of Center Of Pressure: ( 0.1727222529 0.4851455065 -0.01660064011 )


yPlus yPlus execute:
    patch Bottom y+ : min = 1.540330782, max = 457.3123955, average = 236.0856395
    patch Top y+ : min = 61.39574648, max = 468.7523378, average = 265.0281673
    patch e423_0 y+ : min = 148.2094889, max = 746.3761439, average = 397.6552458


################################################################################

Time = 289

Outer Loop Iteration = 289
smoothSolver:  Solving for Ux, Initial residual = 2.713512359e-06, Final residual = 6.46257014e-08, No Iterations 2
smoothSolver:  Solving for Uz, Initial residual = 1.281593405e-06, Final residual = 2.31601644e-08, No Iterations 2
GAMG:  Solving for p, Initial residual = 2.578409695e-06, Final residual = 1.879962223e-08, No Iterations 3
GAMG:  Solving for p, Initial residual = 2.879319151e-07, Final residual = 1.340480481e-09, No Iterations 3
GAMG:  Solving for p, Initial residual = 4.701721862e-08, Final residual = 1.797977155e-10, No Iterations 3
time step continuity errors (region0): sum local = 1.481929759e-11, global = -1.874088966e-12, cumulative = 3.334964613e-08
smoothSolver:  Solving for omega, Initial residual = 9.019490596e-08, Final residual = 8.063753516e-09, No Iterations 1
smoothSolver:  Solving for k, Initial residual = 9.176171556e-08, Final residual = 8.523012341e-09, No Iterations 1

ExecutionTime = 3.23 s  ExecutionStepTime = 0.01 s  ClockTime = 3 s

forces FR write:
    Sum of forces
        Total    : ( 0.6197178064 0 -8.050074125 )
        Pressure : ( 0.5760580236 0 -8.051039748 )
        Viscous  : ( 0.04365978283 0 0.0009656231791 )
    Sum of moments
        Total    : ( -3.905457289 1.380138572 -0.3006533091 )
        Pressure : ( -3.905925756 1.382463999 -0.2794719616 )
        Viscous  : ( 0.0004684677463 -0.002325426575 -0.02118134745 )


liftDrag LD execute:
Viscous drag: 0.003625635166, pressure drag: 0.04783753131, porous drag: 0
Viscous lift: 8.018815322e-05, pressure lift: -0.6685817231, porous lift: 0
Total lift: -0.6685015349, Front lift: -0.2196400521, Rear lift: -0.4488614828, Drag: 0.05146316647
Location of Center of Mass: ( 0.1583410946 0.4851455065 -0.0177077476 )
Location of Center Of Pressure: ( 0.1727221725 0.4851455065 -0.01660065096 )


yPlus yPlus execute:
    patch Bottom y+ : min = 1.540325999, max = 457.3135072, average = 236.0862963
    patch Top y+ : min = 61.39556247, max = 468.7535564, average = 265.0285265
    patch e423_0 y+ : min = 148.2105184, max = 746.3770589, average = 397.6555515


################################################################################

Time = 290

Outer Loop Iteration = 290
smoothSolver:  Solving for Ux, Initial residual = 2.64834631e-06, Final residual = 6.303697972e-08, No Iterations 2
smoothSolver:  Solving for Uz, Initial residual = 1.212283008e-06, Final residual = 2.248523358e-08, No Iterations 2
GAMG:  Solving for p, Initial residual = 2.482434226e-06, Final residual = 1.808335949e-08, No Iterations 3
GAMG:  Solving for p, Initial residual = 2.760584323e-07, Final residual = 1.282894904e-09, No Iterations 3
GAMG:  Solving for p, Initial residual = 4.499387427e-08, Final residual = 1.727653776e-10, No Iterations 3
time step continuity errors (region0): sum local = 1.423956099e-11, global = -1.686809889e-12, cumulative = 3.334795932e-08
smoothSolver:  Solving for omega, Initial residual = 8.822214281e-08, Final residual = 7.881303963e-09, No Iterations 1
smoothSolver:  Solving for k, Initial residual = 8.966292185e-08, Final residual = 8.324944095e-09, No Iterations 1

ExecutionTime = 3.25 s  ExecutionStepTime = 0.02 s  ClockTime = 3 s

forces FR write:
    Sum of forces
        Total    : ( 0.6197169999 0 -8.050096413 )
        Pressure : ( 0.5760571344 0 -8.051062029 )
        Viscous  : ( 0.04365986553 0 0.0009656164071 )
    Sum of moments
        Total    : ( -3.905468101 1.380141803 -0.3006529178 )
        Pressure : ( -3.905936566 1.382467235 -0.2794715302 )
        Viscous  : ( 0.0004684644609 -0.002325432313 -0.02118138757 )


liftDrag LD execute:
Viscous drag: 0.003625642033, pressure drag: 0.04783745747, porous drag: 0
Viscous lift: 8.018759086e-05, pressure lift: -0.6685835734, porous lift: 0
Total lift: -0.6685033858, Front lift: -0.2196407093, Rear lift: -0.4488626765, Drag: 0.0514630995
Location of Center of Mass: ( 0.1583410946 0.4851455065 -0.0177077476 )
Location of Center Of Pressure: ( 0.1727220947 0.4851455065 -0.01660066145 )


yPlus yPlus execute:
    patch Bottom y+ : min = 1.540320738, max = 457.3144997, average = 236.0869071
    patch Top y+ : min = 61.39539381, max = 468.7546592, average = 265.0288316
    patch e423_0 y+ : min = 148.211516, max = 746.3779494, average = 397.6558507


################################################################################

Time = 291

Outer Loop Iteration = 291
smoothSolver:  Solving for Ux, Initial residual = 2.586020756e-06, Final residual = 6.142845465e-08, No Iterations 2
smoothSolver:  Solving for Uz, Initial residual = 1.149180579e-06, Final residual = 2.191923783e-08, No Iterations 2
GAMG:  Solving for p, Initial residual = 2.388718457e-06, Final residual = 1.740146538e-08, No Iterations 3
GAMG:  Solving for p, Initial residual = 2.647155338e-07, Final residual = 1.228501805e-09, No Iterations 3
GAMG:  Solving for p, Initial residual = 4.301953938e-08, Final residual = 1.65881647e-10, No Iterations 3
time step continuity errors (region0): sum local = 1.367240125e-11, global = -1.49386946e-12, cumulative = 3.334646545e-08
smoothSolver:  Solving for omega, Initial residual = 8.6285147e-08, Final residual = 7.701348135e-09, No Iterations 1
smoothSolver:  Solving for k, Initial residual = 8.764743812e-08, Final residual = 8.130158973e-09, No Iterations 1

ExecutionTime = 3.25 s  ExecutionStepTime = 0 s  ClockTime = 3 s

forces FR write:
    Sum of forces
        Total    : ( 0.6197162339 0 -8.050118111 )
        Pressure : ( 0.5760562876 0 -8.051083721 )
        Viscous  : ( 0.04365994636 0 0.0009656100111 )
    Sum of moments
        Total    : ( -3.905478628 1.380144953 -0.3006525462 )
        Pressure : ( -3.905947089 1.382470391 -0.2794711194 )
        Viscous  : ( 0.0004684613579 -0.002325437949 -0.02118142679 )


liftDrag LD execute:
Viscous drag: 0.003625648746, pressure drag: 0.04783738714, porous drag: 0
Viscous lift: 8.018705972e-05, pressure lift: -0.6685853747, porous lift: 0
Total lift: -0.6685051876, Front lift: -0.2196413486, Rear lift: -0.448863839, Drag: 0.05146303589
Location of Center of Mass: ( 0.1583410946 0.4851455065 -0.0177077476 )
Location of Center Of Pressure: ( 0.1727220196 0.4851455065 -0.01660067159 )


yPlus yPlus execute:
    patch Bottom y+ : min = 1.540315027, max = 457.3153792, average = 236.0874749
    patch Top y+ : min = 61.39523981, max = 468.7556489, average = 265.0290854
    patch e423_0 y+ : min = 148.2124823, max = 746.3788156, average = 397.6561434


################################################################################

Time = 292

Outer Loop Iteration = 292
smoothSolver:  Solving for Ux, Initial residual = 2.52538212e-06, Final residual = 5.980716935e-08, No Iterations 2
smoothSolver:  Solving for Uz, Initial residual = 1.093164948e-06, Final residual = 2.142481404e-08, No Iterations 2
GAMG:  Solving for p, Initial residual = 2.300644575e-06, Final residual = 1.673036253e-08, No Iterations 3
GAMG:  Solving for p, Initial residual = 2.538324488e-07, Final residual = 1.176351828e-09, No Iterations 3
GAMG:  Solving for p, Initial residual = 4.108949918e-08, Final residual = 1.594957153e-10, No Iterations 3
time step continuity errors (region0): sum local = 1.314605436e-11, global = -1.313399327e-12, cumulative = 3.334515205e-08
smoothSolver:  Solving for omega, Initial residual = 8.437973858e-08, Final residual = 7.528460945e-09, No Iterations 1
smoothSolver:  Solving for k, Initial residual = 8.57121609e-08, Final residual = 7.936701411e-09, No Iterations 1

ExecutionTime = 3.26 s  ExecutionStepTime = 0.01 s  ClockTime = 3 s

forces FR write:
    Sum of forces
        Total    : ( 0.619715508 0 -8.050139232 )
        Pressure : ( 0.5760554826 0 -8.051104836 )
        Viscous  : ( 0.04366002536 0 0.0009656039854 )
    Sum of moments
        Total    : ( -3.905488875 1.380148023 -0.300652194 )
        Pressure : ( -3.905957333 1.382473467 -0.2794707289 )
        Viscous  : ( 0.0004684584345 -0.002325443485 -0.02118146511 )


liftDrag LD execute:
Viscous drag: 0.003625655306, pressure drag: 0.0478373203, porous drag: 0
Viscous lift: 8.018655932e-05, pressure lift: -0.6685871282, porous lift: 0
Total lift: -0.6685069416, Front lift: -0.2196419706, Rear lift: -0.448864971, Drag: 0.0514629756
Location of Center of Mass: ( 0.1583410946 0.4851455065 -0.0177077476 )
Location of Center Of Pressure: ( 0.1727219472 0.4851455065 -0.01660068137 )


yPlus yPlus execute:
    patch Bottom y+ : min = 1.540308896, max = 457.3161522, average = 236.0880027
    patch Top y+ : min = 61.39509978, max = 468.756529, average = 265.0292905
    patch e423_0 y+ : min = 148.2134181, max = 746.379658, average = 397.6564298


################################################################################

Time = 293

Outer Loop Iteration = 293
smoothSolver:  Solving for Ux, Initial residual = 2.466017766e-06, Final residual = 5.816975351e-08, No Iterations 2
smoothSolver:  Solving for Uz, Initial residual = 1.043879053e-06, Final residual = 2.105377284e-08, No Iterations 2
GAMG:  Solving for p, Initial residual = 2.217393082e-06, Final residual = 1.61133706e-08, No Iterations 3
GAMG:  Solving for p, Initial residual = 2.433745196e-07, Final residual = 1.132941091e-09, No Iterations 3
GAMG:  Solving for p, Initial residual = 3.923334644e-08, Final residual = 1.545417741e-10, No Iterations 3
time step continuity errors (region0): sum local = 1.273770634e-11, global = -1.304404951e-12, cumulative = 3.334384765e-08
smoothSolver:  Solving for omega, Initial residual = 8.251136535e-08, Final residual = 7.362536649e-09, No Iterations 1
smoothSolver:  Solving for k, Initial residual = 8.383261463e-08, Final residual = 7.74482659e-09, No Iterations 1

ExecutionTime = 3.27 s  ExecutionStepTime = 0.01 s  ClockTime = 3 s

forces FR write:
    Sum of forces
        Total    : ( 0.6197148214 0 -8.050159793 )
        Pressure : ( 0.5760547188 0 -8.051125391 )
        Viscous  : ( 0.04366010255 0 0.0009655983224 )
    Sum of moments
        Total    : ( -3.90549885 1.380151017 -0.3006518609 )
        Pressure : ( -3.905967305 1.382476466 -0.2794703583 )
        Viscous  : ( 0.0004684556872 -0.002325448924 -0.02118150256 )


liftDrag LD execute:
Viscous drag: 0.003625661716, pressure drag: 0.04783725687, porous drag: 0
Viscous lift: 8.018608905e-05, pressure lift: -0.6685888351, porous lift: 0
Total lift: -0.668508649, Front lift: -0.2196425757, Rear lift: -0.4488660733, Drag: 0.05146291859
Location of Center of Mass: ( 0.1583410946 0.4851455065 -0.0177077476 )
Location of Center Of Pressure: ( 0.1727218772 0.4851455065 -0.0166006908 )


yPlus yPlus execute:
    patch Bottom y+ : min = 1.540302376, max = 457.3168252, average = 236.0884935
    patch Top y+ : min = 61.39497293, max = 468.7573034, average = 265.02945
    patch e423_0 y+ : min = 148.2143243, max = 746.3804767, average = 397.6567099


################################################################################

Time = 294

Outer Loop Iteration = 294
smoothSolver:  Solving for Ux, Initial residual = 2.410436721e-06, Final residual = 5.652943911e-08, No Iterations 2
smoothSolver:  Solving for Uz, Initial residual = 1.000483042e-06, Final residual = 2.074860473e-08, No Iterations 2
GAMG:  Solving for p, Initial residual = 2.136729448e-06, Final residual = 1.554091629e-08, No Iterations 3
GAMG:  Solving for p, Initial residual = 2.335182199e-07, Final residual = 1.089383934e-09, No Iterations 3
GAMG:  Solving for p, Initial residual = 3.745392053e-08, Final residual = 1.488302822e-10, No Iterations 3
time step continuity errors (region0): sum local = 1.22669421e-11, global = -1.138513318e-12, cumulative = 3.334270914e-08
smoothSolver:  Solving for omega, Initial residual = 8.069194903e-08, Final residual = 7.199322906e-09, No Iterations 1
smoothSolver:  Solving for k, Initial residual = 8.200668898e-08, Final residual = 7.555082718e-09, No Iterations 1

ExecutionTime = 3.28 s  ExecutionStepTime = 0.01 s  ClockTime = 3 s

forces FR write:
    Sum of forces
        Total    : ( 0.6197141734 0 -8.050179807 )
        Pressure : ( 0.5760539954 0 -8.0511454 )
        Viscous  : ( 0.04366017795 0 0.0009655930131 )
    Sum of moments
        Total    : ( -3.90550856 1.380153937 -0.3006515465 )
        Pressure : ( -3.905977013 1.382479391 -0.2794700074 )
        Viscous  : ( 0.0004684531114 -0.002325454265 -0.02118153914 )


liftDrag LD execute:
Viscous drag: 0.003625667978, pressure drag: 0.0478371968, porous drag: 0
Viscous lift: 8.018564815e-05, pressure lift: -0.6685904967, porous lift: 0
Total lift: -0.6685103111, Front lift: -0.2196431643, Rear lift: -0.4488671468, Drag: 0.05146286477
Location of Center of Mass: ( 0.1583410946 0.4851455065 -0.0177077476 )
Location of Center Of Pressure: ( 0.1727218099 0.4851455065 -0.0166006999 )


yPlus yPlus execute:
    patch Bottom y+ : min = 1.540295502, max = 457.3174052, average = 236.0889501
    patch Top y+ : min = 61.39485851, max = 468.7579766, average = 265.0295667
    patch e423_0 y+ : min = 148.2152016, max = 746.3812722, average = 397.6569838


################################################################################

Time = 295

Outer Loop Iteration = 295
smoothSolver:  Solving for Ux, Initial residual = 2.356419272e-06, Final residual = 5.490897849e-08, No Iterations 2
smoothSolver:  Solving for Uz, Initial residual = 9.633714835e-07, Final residual = 2.046777674e-08, No Iterations 2
GAMG:  Solving for p, Initial residual = 2.060251517e-06, Final residual = 1.501761599e-08, No Iterations 3
GAMG:  Solving for p, Initial residual = 2.241038765e-07, Final residual = 1.047438621e-09, No Iterations 3
GAMG:  Solving for p, Initial residual = 3.572706359e-08, Final residual = 1.436452268e-10, No Iterations 3
time step continuity errors (region0): sum local = 1.183962785e-11, global = -1.001008113e-12, cumulative = 3.334170813e-08
smoothSolver:  Solving for omega, Initial residual = 7.890287445e-08, Final residual = 7.037747459e-09, No Iterations 1
smoothSolver:  Solving for k, Initial residual = 8.021860023e-08, Final residual = 7.370658013e-09, No Iterations 1

ExecutionTime = 3.28 s  ExecutionStepTime = 0 s  ClockTime = 3 s

forces FR write:
    Sum of forces
        Total    : ( 0.619713563 0 -8.05019929 )
        Pressure : ( 0.5760533114 0 -8.051164878 )
        Viscous  : ( 0.04366025159 0 0.000965588047 )
    Sum of moments
        Total    : ( -3.905518012 1.380156785 -0.3006512504 )
        Pressure : ( -3.905986463 1.382482244 -0.2794696755 )
        Viscous  : ( 0.0004684507021 -0.002325459511 -0.02118157487 )


liftDrag LD execute:
Viscous drag: 0.003625674093, pressure drag: 0.04783713999, porous drag: 0
Viscous lift: 8.018523575e-05, pressure lift: -0.6685921143, porous lift: 0
Total lift: -0.668511929, Front lift: -0.2196437368, Rear lift: -0.4488681923, Drag: 0.05146281409
Location of Center of Mass: ( 0.1583410946 0.4851455065 -0.0177077476 )
Location of Center Of Pressure: ( 0.172721745 0.4851455065 -0.01660070866 )


yPlus yPlus execute:
    patch Bottom y+ : min = 1.540288307, max = 457.317899, average = 236.0893755
    patch Top y+ : min = 61.39475571, max = 468.7585533, average = 265.0296439
    patch e423_0 y+ : min = 148.2160509, max = 746.3820449, average = 397.6572517


################################################################################

Time = 296

Outer Loop Iteration = 296
smoothSolver:  Solving for Ux, Initial residual = 2.304867703e-06, Final residual = 5.330305006e-08, No Iterations 2
smoothSolver:  Solving for Uz, Initial residual = 9.308748366e-07, Final residual = 2.019113758e-08, No Iterations 2
GAMG:  Solving for p, Initial residual = 1.989050823e-06, Final residual = 1.455072111e-08, No Iterations 3
GAMG:  Solving for p, Initial residual = 2.151419348e-07, Final residual = 1.011430408e-09, No Iterations 3
GAMG:  Solving for p, Initial residual = 3.414207402e-08, Final residual = 1.384956013e-10, No Iterations 3
time step continuity errors (region0): sum local = 1.141513013e-11, global = -8.422036069e-13, cumulative = 3.334086592e-08
smoothSolver:  Solving for omega, Initial residual = 7.714383254e-08, Final residual = 6.878164846e-09, No Iterations 1
smoothSolver:  Solving for k, Initial residual = 7.846095498e-08, Final residual = 7.188220458e-09, No Iterations 1

ExecutionTime = 3.3 s  ExecutionStepTime = 0.02 s  ClockTime = 3 s

forces FR write:
    Sum of forces
        Total    : ( 0.6197129891 0 -8.050218257 )
        Pressure : ( 0.5760526656 0 -8.051183841 )
        Viscous  : ( 0.04366032349 0 0.0009655834123 )
    Sum of moments
        Total    : ( -3.905527214 1.380159562 -0.3006509719 )
        Pressure : ( -3.905995662 1.382485027 -0.2794693622 )
        Viscous  : ( 0.0004684484536 -0.002325464662 -0.02118160975 )


liftDrag LD execute:
Viscous drag: 0.003625680064, pressure drag: 0.04783708636, porous drag: 0
Viscous lift: 8.018485087e-05, pressure lift: -0.668593689, porous lift: 0
Total lift: -0.6685135041, Front lift: -0.2196442936, Rear lift: -0.4488692105, Drag: 0.05146276643
Location of Center of Mass: ( 0.1583410946 0.4851455065 -0.0177077476 )
Location of Center Of Pressure: ( 0.1727216825 0.4851455065 -0.0166007171 )


yPlus yPlus execute:
    patch Bottom y+ : min = 1.540280829, max = 457.3183136, average = 236.0897725
    patch Top y+ : min = 61.39466372, max = 468.7590386, average = 265.0296848
    patch e423_0 y+ : min = 148.2168731, max = 746.3827952, average = 397.6575136


################################################################################

Time = 297

Outer Loop Iteration = 297
smoothSolver:  Solving for Ux, Initial residual = 2.255467194e-06, Final residual = 5.171920903e-08, No Iterations 2
smoothSolver:  Solving for Uz, Initial residual = 9.015681119e-07, Final residual = 1.992477792e-08, No Iterations 2
GAMG:  Solving for p, Initial residual = 1.923527837e-06, Final residual = 1.412702071e-08, No Iterations 3
GAMG:  Solving for p, Initial residual = 2.066789547e-07, Final residual = 9.797186821e-10, No Iterations 3
GAMG:  Solving for p, Initial residual = 3.262730791e-08, Final residual = 1.340545295e-10, No Iterations 3
time step continuity errors (region0): sum local = 1.10492308e-11, global = -8.258819135e-13, cumulative = 3.334004004e-08
smoothSolver:  Solving for omega, Initial residual = 7.54210271e-08, Final residual = 6.72103007e-09, No Iterations 1
smoothSolver:  Solving for k, Initial residual = 7.673900165e-08, Final residual = 7.010431638e-09, No Iterations 1

ExecutionTime = 3.31 s  ExecutionStepTime = 0.01 s  ClockTime = 3 s

forces FR write:
    Sum of forces
        Total    : ( 0.6197124504 0 -8.050236724 )
        Pressure : ( 0.5760520567 0 -8.051202303 )
        Viscous  : ( 0.04366039369 0 0.0009655790962 )
    Sum of moments
        Total    : ( -3.905536172 1.380162272 -0.3006507106 )
        Pressure : ( -3.906004619 1.382487742 -0.2794690668 )
        Viscous  : ( 0.0004684463596 -0.002325469718 -0.02118164381 )


liftDrag LD execute:
Viscous drag: 0.003625685894, pressure drag: 0.0478370358, porous drag: 0
Viscous lift: 8.018449245e-05, pressure lift: -0.6685952221, porous lift: 0
Total lift: -0.6685150376, Front lift: -0.2196448354, Rear lift: -0.4488702022, Drag: 0.0514627217
Location of Center of Mass: ( 0.1583410946 0.4851455065 -0.0177077476 )
Location of Center Of Pressure: ( 0.1727216225 0.4851455065 -0.01660072523 )


yPlus yPlus execute:
    patch Bottom y+ : min = 1.540273103, max = 457.318656, average = 236.0901439
    patch Top y+ : min = 61.39458171, max = 468.759438, average = 265.0296925
    patch e423_0 y+ : min = 148.2176692, max = 746.3835237, average = 397.6577697


################################################################################

Time = 298

Outer Loop Iteration = 298
smoothSolver:  Solving for Ux, Initial residual = 2.207645417e-06, Final residual = 5.01652364e-08, No Iterations 2
smoothSolver:  Solving for Uz, Initial residual = 8.759035192e-07, Final residual = 1.963066143e-08, No Iterations 2
GAMG:  Solving for p, Initial residual = 1.861563844e-06, Final residual = 1.374706681e-08, No Iterations 3
GAMG:  Solving for p, Initial residual = 1.987677458e-07, Final residual = 9.519242967e-10, No Iterations 3
GAMG:  Solving for p, Initial residual = 3.122340572e-08, Final residual = 1.305474948e-10, No Iterations 3
time step continuity errors (region0): sum local = 1.076003975e-11, global = -6.138855875e-13, cumulative = 3.333942616e-08
smoothSolver:  Solving for omega, Initial residual = 7.37326727e-08, Final residual = 6.565952893e-09, No Iterations 1
smoothSolver:  Solving for k, Initial residual = 7.505590981e-08, Final residual = 6.843959888e-09, No Iterations 1

ExecutionTime = 3.32 s  ExecutionStepTime = 0.01 s  ClockTime = 3 s

forces FR write:
    Sum of forces
        Total    : ( 0.6197119457 0 -8.050254704 )
        Pressure : ( 0.5760514835 0 -8.051220279 )
        Viscous  : ( 0.04366046221 0 0.0009655750849 )
    Sum of moments
        Total    : ( -3.905544895 1.380164916 -0.3006504657 )
        Pressure : ( -3.90601334 1.38249039 -0.2794687887 )
        Viscous  : ( 0.0004684444136 -0.002325474681 -0.02118167705 )


liftDrag LD execute:
Viscous drag: 0.003625691584, pressure drag: 0.0478369882, porous drag: 0
Viscous lift: 8.018415934e-05, pressure lift: -0.6685967149, porous lift: 0
Total lift: -0.6685165307, Front lift: -0.2196453624, Rear lift: -0.4488711683, Drag: 0.05146267978
Location of Center of Mass: ( 0.1583410946 0.4851455065 -0.0177077476 )
Location of Center Of Pressure: ( 0.1727215647 0.4851455065 -0.01660073305 )


yPlus yPlus execute:
    patch Bottom y+ : min = 1.540265166, max = 457.3189331, average = 236.0904923
    patch Top y+ : min = 61.39450888, max = 468.7597569, average = 265.0296702
    patch e423_0 y+ : min = 148.21844, max = 746.3842308, average = 397.6580199


################################################################################

Time = 299

Outer Loop Iteration = 299
smoothSolver:  Solving for Ux, Initial residual = 2.162054131e-06, Final residual = 4.864288976e-08, No Iterations 2
smoothSolver:  Solving for Uz, Initial residual = 8.524243407e-07, Final residual = 1.931875089e-08, No Iterations 2
GAMG:  Solving for p, Initial residual = 1.804990302e-06, Final residual = 1.341297978e-08, No Iterations 3
GAMG:  Solving for p, Initial residual = 1.914966591e-07, Final residual = 9.275374143e-10, No Iterations 3
GAMG:  Solving for p, Initial residual = 2.994899948e-08, Final residual = 1.268629404e-10, No Iterations 3
time step continuity errors (region0): sum local = 1.045642376e-11, global = -4.149316955e-13, cumulative = 3.333901123e-08
smoothSolver:  Solving for omega, Initial residual = 7.208178152e-08, Final residual = 6.413101652e-09, No Iterations 1
smoothSolver:  Solving for k, Initial residual = 7.341434641e-08, Final residual = 6.681463593e-09, No Iterations 1

ExecutionTime = 3.32 s  ExecutionStepTime = 0 s  ClockTime = 3 s

forces FR write:
    Sum of forces
        Total    : ( 0.6197114734 0 -8.050272213 )
        Pressure : ( 0.5760509443 0 -8.051237784 )
        Viscous  : ( 0.04366052908 0 0.000965571364 )
    Sum of moments
        Total    : ( -3.90555339 1.380167496 -0.3006502366 )
        Pressure : ( -3.906021832 1.382492975 -0.2794685271 )
        Viscous  : ( 0.0004684426084 -0.002325479552 -0.02118170949 )


liftDrag LD execute:
Viscous drag: 0.003625697137, pressure drag: 0.04783694342, porous drag: 0
Viscous lift: 8.018385035e-05, pressure lift: -0.6685981686, porous lift: 0
Total lift: -0.6685179847, Front lift: -0.2196458751, Rear lift: -0.4488721096, Drag: 0.05146264056
Location of Center of Mass: ( 0.1583410946 0.4851455065 -0.0177077476 )
Location of Center Of Pressure: ( 0.1727215091 0.4851455065 -0.01660074058 )


yPlus yPlus execute:
    patch Bottom y+ : min = 1.540257055, max = 457.3191516, average = 236.0908204
    patch Top y+ : min = 61.39444439, max = 468.7600012, average = 265.0296212
    patch e423_0 y+ : min = 148.2191865, max = 746.384917, average = 397.6582645


################################################################################

Time = 300

Outer Loop Iteration = 300
smoothSolver:  Solving for Ux, Initial residual = 2.117422298e-06, Final residual = 4.717954731e-08, No Iterations 2
smoothSolver:  Solving for Uz, Initial residual = 8.306769541e-07, Final residual = 1.899838655e-08, No Iterations 2
GAMG:  Solving for p, Initial residual = 1.753479288e-06, Final residual = 1.311622004e-08, No Iterations 3
GAMG:  Solving for p, Initial residual = 1.846095511e-07, Final residual = 9.063645971e-10, No Iterations 3
GAMG:  Solving for p, Initial residual = 2.877443643e-08, Final residual = 1.230762021e-10, No Iterations 3
time step continuity errors (region0): sum local = 1.014419845e-11, global = -1.595044194e-13, cumulative = 3.333885172e-08
smoothSolver:  Solving for omega, Initial residual = 7.046243549e-08, Final residual = 6.262479756e-09, No Iterations 1
smoothSolver:  Solving for k, Initial residual = 7.181544789e-08, Final residual = 6.528627882e-09, No Iterations 1

ExecutionTime = 3.33 s  ExecutionStepTime = 0.01 s  ClockTime = 3 s

forces FR write:
    Sum of forces
        Total    : ( 0.619711032 0 -8.050289265 )
        Pressure : ( 0.5760504377 0 -8.051254833 )
        Viscous  : ( 0.04366059433 0 0.0009655679182 )
    Sum of moments
        Total    : ( -3.905561663 1.380170014 -0.3006500225 )
        Pressure : ( -3.906030104 1.382495498 -0.2794682813 )
        Viscous  : ( 0.0004684409367 -0.00232548433 -0.02118174115 )


liftDrag LD execute:
Viscous drag: 0.003625702555, pressure drag: 0.04783690135, porous drag: 0
Viscous lift: 8.01835642e-05, pressure lift: -0.6685995844, porous lift: 0
Total lift: -0.6685194008, Front lift: -0.2196463741, Rear lift: -0.4488730267, Drag: 0.05146260391
Location of Center of Mass: ( 0.1583410946 0.4851455065 -0.0177077476 )
Location of Center Of Pressure: ( 0.1727214557 0.4851455065 -0.01660074783 )


yPlus yPlus execute:
    patch Bottom y+ : min = 1.540248805, max = 457.3193182, average = 236.0911305
    patch Top y+ : min = 61.39438746, max = 468.7601766, average = 265.0295486
    patch e423_0 y+ : min = 148.2199096, max = 746.3855829, average = 397.6585035


################################################################################

Time = 301

Outer Loop Iteration = 301
smoothSolver:  Solving for Ux, Initial residual = 2.073116524e-06, Final residual = 4.575873246e-08, No Iterations 2
smoothSolver:  Solving for Uz, Initial residual = 8.109811542e-07, Final residual = 1.866239429e-08, No Iterations 2
GAMG:  Solving for p, Initial residual = 1.705153124e-06, Final residual = 1.285428254e-08, No Iterations 3
GAMG:  Solving for p, Initial residual = 1.780972578e-07, Final residual = 8.869097271e-10, No Iterations 3
GAMG:  Solving for p, Initial residual = 2.769717984e-08, Final residual = 1.194065896e-10, No Iterations 3
time step continuity errors (region0): sum local = 9.841881908e-12, global = -9.016820148e-14, cumulative = 3.333876155e-08
smoothSolver:  Solving for omega, Initial residual = 6.886337032e-08, Final residual = 6.114405708e-09, No Iterations 1
smoothSolver:  Solving for k, Initial residual = 7.025469294e-08, Final residual = 6.380814727e-09, No Iterations 1

ExecutionTime = 3.34 s  ExecutionStepTime = 0.01 s  ClockTime = 3 s

forces FR write:
    Sum of forces
        Total    : ( 0.61971062 0 -8.050305876 )
        Pressure : ( 0.576049962 0 -8.051271441 )
        Viscous  : ( 0.04366065798 0 0.0009655647319 )
    Sum of moments
        Total    : ( -3.905569722 1.380172472 -0.3006498226 )
        Pressure : ( -3.906038161 1.382497961 -0.2794680506 )
        Viscous  : ( 0.0004684393909 -0.002325489017 -0.02118177203 )


liftDrag LD execute:
Viscous drag: 0.003625707841, pressure drag: 0.04783686185, porous drag: 0
Viscous lift: 8.01832996e-05, pressure lift: -0.6686009635, porous lift: 0
Total lift: -0.6685207802, Front lift: -0.2196468596, Rear lift: -0.4488739206, Drag: 0.05146256969
Location of Center of Mass: ( 0.1583410946 0.4851455065 -0.0177077476 )
Location of Center Of Pressure: ( 0.1727214043 0.4851455065 -0.0166007548 )


yPlus yPlus execute:
    patch Bottom y+ : min = 1.540240453, max = 457.3194394, average = 236.091425
    patch Top y+ : min = 61.39433728, max = 468.7602892, average = 265.0294555
    patch e423_0 y+ : min = 148.2206103, max = 746.3862291, average = 397.658737


################################################################################

Time = 302

Outer Loop Iteration = 302
smoothSolver:  Solving for Ux, Initial residual = 2.02880644e-06, Final residual = 4.438530518e-08, No Iterations 2
smoothSolver:  Solving for Uz, Initial residual = 7.930145605e-07, Final residual = 1.83394671e-08, No Iterations 2
GAMG:  Solving for p, Initial residual = 1.658886705e-06, Final residual = 1.259012893e-08, No Iterations 3
GAMG:  Solving for p, Initial residual = 1.719915978e-07, Final residual = 8.702287783e-10, No Iterations 3
GAMG:  Solving for p, Initial residual = 2.676148091e-08, Final residual = 1.174344183e-10, No Iterations 3
time step continuity errors (region0): sum local = 9.679210363e-12, global = 2.729788431e-14, cumulative = 3.333878885e-08
smoothSolver:  Solving for omega, Initial residual = 6.728433639e-08, Final residual = 5.968937078e-09, No Iterations 1
smoothSolver:  Solving for k, Initial residual = 6.872409641e-08, Final residual = 6.236984821e-09, No Iterations 1

ExecutionTime = 3.36 s  ExecutionStepTime = 0.02 s  ClockTime = 3 s

forces FR write:
    Sum of forces
        Total    : ( 0.6197102358 0 -8.05032206 )
        Pressure : ( 0.5760495157 0 -8.051287622 )
        Viscous  : ( 0.04366072008 0 0.000965561789 )
    Sum of moments
        Total    : ( -3.905577573 1.380174872 -0.3006496362 )
        Pressure : ( -3.906046011 1.382500366 -0.279467834 )
        Viscous  : ( 0.0004684379631 -0.002325493612 -0.02118180215 )


liftDrag LD execute:
Viscous drag: 0.003625712998, pressure drag: 0.04783682479, porous drag: 0
Viscous lift: 8.018305521e-05, pressure lift: -0.6686023072, porous lift: 0
Total lift: -0.6685221242, Front lift: -0.2196473323, Rear lift: -0.4488747919, Drag: 0.05146253778
Location of Center of Mass: ( 0.1583410946 0.4851455065 -0.0177077476 )
Location of Center Of Pressure: ( 0.1727213549 0.4851455065 -0.01660076152 )


yPlus yPlus execute:
    patch Bottom y+ : min = 1.540232032, max = 457.3195214, average = 236.0917061
    patch Top y+ : min = 61.39429313, max = 468.7603447, average = 265.0293448
    patch e423_0 y+ : min = 148.2212895, max = 746.3868561, average = 397.6589651


################################################################################

Time = 303

Outer Loop Iteration = 303
smoothSolver:  Solving for Ux, Initial residual = 1.984225285e-06, Final residual = 4.308552733e-08, No Iterations 2
smoothSolver:  Solving for Uz, Initial residual = 7.77180336e-07, Final residual = 1.806498779e-08, No Iterations 2
GAMG:  Solving for p, Initial residual = 1.614950393e-06, Final residual = 1.236851453e-08, No Iterations 3
GAMG:  Solving for p, Initial residual = 1.667624983e-07, Final residual = 8.524306486e-10, No Iterations 3
GAMG:  Solving for p, Initial residual = 2.599985057e-08, Final residual = 1.149847322e-10, No Iterations 3
time step continuity errors (region0): sum local = 9.477568484e-12, global = 1.071005643e-13, cumulative = 3.333889595e-08
smoothSolver:  Solving for omega, Initial residual = 6.572663293e-08, Final residual = 5.825786897e-09, No Iterations 1
smoothSolver:  Solving for k, Initial residual = 6.722385793e-08, Final residual = 6.095221883e-09, No Iterations 1

ExecutionTime = 3.37 s  ExecutionStepTime = 0.01 s  ClockTime = 3 s

forces FR write:
    Sum of forces
        Total    : ( 0.6197098775 0 -8.05033783 )
        Pressure : ( 0.5760490969 0 -8.051303389 )
        Viscous  : ( 0.04366078064 0 0.0009655590733 )
    Sum of moments
        Total    : ( -3.905585224 1.380177216 -0.3006494624 )
        Pressure : ( -3.906053661 1.382502714 -0.2794676309 )
        Viscous  : ( 0.0004684366456 -0.002325498117 -0.02118183154 )


liftDrag LD execute:
Viscous drag: 0.003625718027, pressure drag: 0.04783679001, porous drag: 0
Viscous lift: 8.018282969e-05, pressure lift: -0.6686036166, porous lift: 0
Total lift: -0.6685234338, Front lift: -0.2196477925, Rear lift: -0.4488756413, Drag: 0.05146250804
Location of Center of Mass: ( 0.1583410946 0.4851455065 -0.0177077476 )
Location of Center Of Pressure: ( 0.1727213075 0.4851455065 -0.01660076798 )


yPlus yPlus execute:
    patch Bottom y+ : min = 1.540223575, max = 457.3195702, average = 236.091976
    patch Top y+ : min = 61.39425421, max = 468.7603491, average = 265.0292196
    patch e423_0 y+ : min = 148.2219482, max = 746.3874646, average = 397.6591879


################################################################################

Time = 304

Outer Loop Iteration = 304
smoothSolver:  Solving for Ux, Initial residual = 1.939296996e-06, Final residual = 4.18262169e-08, No Iterations 2
smoothSolver:  Solving for Uz, Initial residual = 7.655751476e-07, Final residual = 1.784649033e-08, No Iterations 2
GAMG:  Solving for p, Initial residual = 1.573700726e-06, Final residual = 1.216190826e-08, No Iterations 3
GAMG:  Solving for p, Initial residual = 1.618030998e-07, Final residual = 8.371352889e-10, No Iterations 3
GAMG:  Solving for p, Initial residual = 2.530441784e-08, Final residual = 1.13361182e-10, No Iterations 3
time step continuity errors (region0): sum local = 9.343519057e-12, global = 1.978230676e-13, cumulative = 3.333909377e-08
smoothSolver:  Solving for omega, Initial residual = 6.418890335e-08, Final residual = 5.685156032e-09, No Iterations 1
smoothSolver:  Solving for k, Initial residual = 6.576010228e-08, Final residual = 5.95510499e-09, No Iterations 1

ExecutionTime = 3.37 s  ExecutionStepTime = 0 s  ClockTime = 3 s

forces FR write:
    Sum of forces
        Total    : ( 0.6197095437 0 -8.050353201 )
        Pressure : ( 0.576048704 0 -8.051318758 )
        Viscous  : ( 0.04366083971 0 0.0009655565686 )
    Sum of moments
        Total    : ( -3.905592681 1.380179505 -0.3006493004 )
        Pressure : ( -3.906061116 1.382505007 -0.2794674402 )
        Viscous  : ( 0.0004684354305 -0.002325502531 -0.02118186019 )


liftDrag LD execute:
Viscous drag: 0.003625722932, pressure drag: 0.04783675738, porous drag: 0
Viscous lift: 8.018262169e-05, pressure lift: -0.6686048929, porous lift: 0
Total lift: -0.6685247102, Front lift: -0.2196482406, Rear lift: -0.4488764696, Drag: 0.05146248031
Location of Center of Mass: ( 0.1583410946 0.4851455065 -0.0177077476 )
Location of Center Of Pressure: ( 0.1727212618 0.4851455065 -0.0166007742 )


yPlus yPlus execute:
    patch Bottom y+ : min = 1.540215116, max = 457.3195916, average = 236.0922364
    patch Top y+ : min = 61.39421986, max = 468.7603081, average = 265.0290824
    patch e423_0 y+ : min = 148.2225872, max = 746.3880551, average = 397.6594054


################################################################################

Time = 305

Outer Loop Iteration = 305
smoothSolver:  Solving for Ux, Initial residual = 1.894115673e-06, Final residual = 4.060613294e-08, No Iterations 2
smoothSolver:  Solving for Uz, Initial residual = 7.572695337e-07, Final residual = 1.769293248e-08, No Iterations 2
GAMG:  Solving for p, Initial residual = 1.536144786e-06, Final residual = 1.196929031e-08, No Iterations 3
GAMG:  Solving for p, Initial residual = 1.577253199e-07, Final residual = 8.232953057e-10, No Iterations 3
GAMG:  Solving for p, Initial residual = 2.466384629e-08, Final residual = 1.11974307e-10, No Iterations 3
time step continuity errors (region0): sum local = 9.229226958e-12, global = 2.796353529e-13, cumulative = 3.333937341e-08
smoothSolver:  Solving for omega, Initial residual = 6.267059136e-08, Final residual = 5.547115652e-09, No Iterations 1
smoothSolver:  Solving for k, Initial residual = 6.43259931e-08, Final residual = 5.816708986e-09, No Iterations 1

ExecutionTime = 3.38 s  ExecutionStepTime = 0.01 s  ClockTime = 3 s

forces FR write:
    Sum of forces
        Total    : ( 0.6197092325 0 -8.050368186 )
        Pressure : ( 0.5760483352 0 -8.051333741 )
        Viscous  : ( 0.04366089731 0 0.0009655542584 )
    Sum of moments
        Total    : ( -3.905599951 1.380181741 -0.3006491495 )
        Pressure : ( -3.906068385 1.382507248 -0.2794672613 )
        Viscous  : ( 0.0004684343097 -0.002325506856 -0.02118188814 )


liftDrag LD execute:
Viscous drag: 0.003625727715, pressure drag: 0.04783672676, porous drag: 0
Viscous lift: 8.018242985e-05, pressure lift: -0.6686061371, porous lift: 0
Total lift: -0.6685259546, Front lift: -0.2196486771, Rear lift: -0.4488772775, Drag: 0.05146245447
Location of Center of Mass: ( 0.1583410946 0.4851455065 -0.0177077476 )
Location of Center Of Pressure: ( 0.1727212179 0.4851455065 -0.0166007802 )


yPlus yPlus execute:
    patch Bottom y+ : min = 1.540206684, max = 457.319591, average = 236.0924894
    patch Top y+ : min = 61.39418937, max = 468.7602273, average = 265.0289361
    patch e423_0 y+ : min = 148.2232074, max = 746.3886283, average = 397.6596179


################################################################################

Time = 306

Outer Loop Iteration = 306
smoothSolver:  Solving for Ux, Initial residual = 1.849122023e-06, Final residual = 3.941886492e-08, No Iterations 2
smoothSolver:  Solving for Uz, Initial residual = 7.504526126e-07, Final residual = 1.755161463e-08, No Iterations 2
GAMG:  Solving for p, Initial residual = 1.502446288e-06, Final residual = 1.179424457e-08, No Iterations 3
GAMG:  Solving for p, Initial residual = 1.551544597e-07, Final residual = 8.082808002e-10, No Iterations 3
GAMG:  Solving for p, Initial residual = 2.428727599e-08, Final residual = 1.099366654e-10, No Iterations 3
time step continuity errors (region0): sum local = 9.061393601e-12, global = 2.874930328e-13, cumulative = 3.33396609e-08
smoothSolver:  Solving for omega, Initial residual = 6.117361203e-08, Final residual = 5.411502907e-09, No Iterations 1
smoothSolver:  Solving for k, Initial residual = 6.292665644e-08, Final residual = 5.682183435e-09, No Iterations 1

ExecutionTime = 3.39 s  ExecutionStepTime = 0.01 s  ClockTime = 3 s

forces FR write:
    Sum of forces
        Total    : ( 0.6197089424 0 -8.050382799 )
        Pressure : ( 0.5760479889 0 -8.051348351 )
        Viscous  : ( 0.04366095347 0 0.0009655521267 )
    Sum of moments
        Total    : ( -3.90560704 1.380183926 -0.3006490087 )
        Pressure : ( -3.906075473 1.382509437 -0.2794670933 )
        Viscous  : ( 0.0004684332755 -0.002325511092 -0.02118191539 )


liftDrag LD execute:
Viscous drag: 0.00362573238, pressure drag: 0.047836698, porous drag: 0
Viscous lift: 8.018225283e-05, pressure lift: -0.6686073504, porous lift: 0
Total lift: -0.6685271681, Front lift: -0.2196491024, Rear lift: -0.4488780657, Drag: 0.05146243038
Location of Center of Mass: ( 0.1583410946 0.4851455065 -0.0177077476 )
Location of Center Of Pressure: ( 0.1727211756 0.4851455065 -0.01660078598 )


yPlus yPlus execute:
    patch Bottom y+ : min = 1.540198308, max = 457.3195735, average = 236.0927364
    patch Top y+ : min = 61.39416209, max = 468.7601123, average = 265.028783
    patch e423_0 y+ : min = 148.2238098, max = 746.3891847, average = 397.6598254


################################################################################

Time = 307

Outer Loop Iteration = 307
smoothSolver:  Solving for Ux, Initial residual = 1.804492058e-06, Final residual = 3.826921826e-08, No Iterations 2
smoothSolver:  Solving for Uz, Initial residual = 7.453430811e-07, Final residual = 1.746032594e-08, No Iterations 2
GAMG:  Solving for p, Initial residual = 1.475092892e-06, Final residual = 1.16407662e-08, No Iterations 3
GAMG:  Solving for p, Initial residual = 1.539304842e-07, Final residual = 7.959693729e-10, No Iterations 3
GAMG:  Solving for p, Initial residual = 2.425213073e-08, Final residual = 1.093845657e-10, No Iterations 3
time step continuity errors (region0): sum local = 9.015904823e-12, global = 3.570583258e-13, cumulative = 3.334001796e-08
smoothSolver:  Solving for omega, Initial residual = 5.969691994e-08, Final residual = 5.278374335e-09, No Iterations 1
smoothSolver:  Solving for k, Initial residual = 6.155918896e-08, Final residual = 5.549004196e-09, No Iterations 1

ExecutionTime = 3.41 s  ExecutionStepTime = 0.02 s  ClockTime = 3 s

forces FR write:
    Sum of forces
        Total    : ( 0.6197086716 0 -8.050397052 )
        Pressure : ( 0.5760476633 0 -8.051362602 )
        Viscous  : ( 0.04366100824 0 0.0009655501575 )
    Sum of moments
        Total    : ( -3.905613955 1.380186061 -0.3006488773 )
        Pressure : ( -3.906082387 1.382511576 -0.2794669354 )
        Viscous  : ( 0.0004684323202 -0.002325515239 -0.02118194195 )


liftDrag LD execute:
Viscous drag: 0.003625736927, pressure drag: 0.04783667096, porous drag: 0
Viscous lift: 8.01820893e-05, pressure lift: -0.6686085338, porous lift: 0
Total lift: -0.6685283517, Front lift: -0.2196495169, Rear lift: -0.4488788347, Drag: 0.05146240789
Location of Center of Mass: ( 0.1583410946 0.4851455065 -0.0177077476 )
Location of Center Of Pressure: ( 0.1727211349 0.4851455065 -0.01660079156 )


yPlus yPlus execute:
    patch Bottom y+ : min = 1.540190015, max = 457.3195439, average = 236.092979
    patch Top y+ : min = 61.39413744, max = 468.7599682, average = 265.0286257
    patch e423_0 y+ : min = 148.2243951, max = 746.389725, average = 397.6600279


################################################################################

Time = 308

Outer Loop Iteration = 308
smoothSolver:  Solving for Ux, Initial residual = 1.760140592e-06, Final residual = 3.716327184e-08, No Iterations 2
smoothSolver:  Solving for Uz, Initial residual = 7.415415106e-07, Final residual = 1.73796975e-08, No Iterations 2
GAMG:  Solving for p, Initial residual = 1.452795268e-06, Final residual = 1.150201138e-08, No Iterations 3
GAMG:  Solving for p, Initial residual = 1.52714513e-07, Final residual = 7.842391961e-10, No Iterations 3
GAMG:  Solving for p, Initial residual = 2.421219261e-08, Final residual = 1.083940216e-10, No Iterations 3
time step continuity errors (region0): sum local = 8.934187526e-12, global = 4.089590892e-13, cumulative = 3.334042692e-08
smoothSolver:  Solving for omega, Initial residual = 5.82409382e-08, Final residual = 5.147786135e-09, No Iterations 1
smoothSolver:  Solving for k, Initial residual = 6.022032751e-08, Final residual = 5.41750414e-09, No Iterations 1

ExecutionTime = 3.42 s  ExecutionStepTime = 0.01 s  ClockTime = 3 s

forces FR write:
    Sum of forces
        Total    : ( 0.6197084184 0 -8.050410957 )
        Pressure : ( 0.5760473568 0 -8.051376505 )
        Viscous  : ( 0.04366106163 0 0.0009655483353 )
    Sum of moments
        Total    : ( -3.905620701 1.380188147 -0.3006487545 )
        Pressure : ( -3.906089132 1.382513667 -0.2794667867 )
        Viscous  : ( 0.0004684314361 -0.002325519299 -0.02118196786 )


liftDrag LD execute:
Viscous drag: 0.003625741362, pressure drag: 0.04783664551, porous drag: 0
Viscous lift: 8.018193797e-05, pressure lift: -0.6686096883, porous lift: 0
Total lift: -0.6685295064, Front lift: -0.219649921, Rear lift: -0.4488795854, Drag: 0.05146238687
Location of Center of Mass: ( 0.1583410946 0.4851455065 -0.0177077476 )
Location of Center Of Pressure: ( 0.1727210957 0.4851455065 -0.01660079695 )


yPlus yPlus execute:
    patch Bottom y+ : min = 1.540181831, max = 457.3195068, average = 236.0932186
    patch Top y+ : min = 61.39411482, max = 468.7598001, average = 265.0284662
    patch e423_0 y+ : min = 148.2249643, max = 746.3902498, average = 397.6602256


################################################################################

Time = 309

Outer Loop Iteration = 309
smoothSolver:  Solving for Ux, Initial residual = 1.716350952e-06, Final residual = 3.610370006e-08, No Iterations 2
smoothSolver:  Solving for Uz, Initial residual = 7.393673542e-07, Final residual = 1.73576126e-08, No Iterations 2
GAMG:  Solving for p, Initial residual = 1.432335495e-06, Final residual = 1.136610722e-08, No Iterations 3
GAMG:  Solving for p, Initial residual = 1.515393092e-07, Final residual = 7.728486086e-10, No Iterations 3
GAMG:  Solving for p, Initial residual = 2.417482747e-08, Final residual = 1.07358143e-10, No Iterations 3
time step continuity errors (region0): sum local = 8.848749421e-12, global = 4.516159909e-13, cumulative = 3.334087854e-08
smoothSolver:  Solving for omega, Initial residual = 5.680657553e-08, Final residual = 5.019781393e-09, No Iterations 1
smoothSolver:  Solving for k, Initial residual = 5.889819596e-08, Final residual = 5.288711339e-09, No Iterations 1

ExecutionTime = 3.42 s  ExecutionStepTime = 0 s  ClockTime = 3 s

forces FR write:
    Sum of forces
        Total    : ( 0.6197081814 0 -8.050424526 )
        Pressure : ( 0.5760470677 0 -8.051390073 )
        Viscous  : ( 0.04366111369 0 0.0009655466448 )
    Sum of moments
        Total    : ( -3.905627284 1.380190187 -0.3006486395 )
        Pressure : ( -3.906095715 1.38251571 -0.2794666464 )
        Viscous  : ( 0.000468430616 -0.00232552327 -0.02118199312 )


liftDrag LD execute:
Viscous drag: 0.003625745685, pressure drag: 0.0478366215, porous drag: 0
Viscous lift: 8.018179759e-05, pressure lift: -0.6686108151, porous lift: 0
Total lift: -0.6685306333, Front lift: -0.2196503151, Rear lift: -0.4488803182, Drag: 0.05146236718
Location of Center of Mass: ( 0.1583410946 0.4851455065 -0.0177077476 )
Location of Center Of Pressure: ( 0.1727210578 0.4851455065 -0.01660080215 )


yPlus yPlus execute:
    patch Bottom y+ : min = 1.540173778, max = 457.3194662, average = 236.0934564
    patch Top y+ : min = 61.3940937, max = 468.7596129, average = 265.0283067
    patch e423_0 y+ : min = 148.2255181, max = 746.3907596, average = 397.6604187


################################################################################

Time = 310

Outer Loop Iteration = 310
smoothSolver:  Solving for Ux, Initial residual = 1.673167344e-06, Final residual = 3.507808974e-08, No Iterations 2
smoothSolver:  Solving for Uz, Initial residual = 7.367875744e-07, Final residual = 1.736043839e-08, No Iterations 2
GAMG:  Solving for p, Initial residual = 1.411358856e-06, Final residual = 1.122915678e-08, No Iterations 3
GAMG:  Solving for p, Initial residual = 1.503085837e-07, Final residual = 7.619600548e-10, No Iterations 3
GAMG:  Solving for p, Initial residual = 2.411406968e-08, Final residual = 1.062988408e-10, No Iterations 3
time step continuity errors (region0): sum local = 8.761483645e-12, global = 4.860310552e-13, cumulative = 3.334136457e-08
smoothSolver:  Solving for omega, Initial residual = 5.539558662e-08, Final residual = 4.894406243e-09, No Iterations 1
smoothSolver:  Solving for k, Initial residual = 5.760150016e-08, Final residual = 5.160923928e-09, No Iterations 1

ExecutionTime = 3.43 s  ExecutionStepTime = 0.01 s  ClockTime = 3 s

forces FR write:
    Sum of forces
        Total    : ( 0.6197079588 0 -8.050437772 )
        Pressure : ( 0.5760467944 0 -8.051403317 )
        Viscous  : ( 0.04366116445 0 0.0009655450714 )
    Sum of moments
        Total    : ( -3.90563371 1.380192181 -0.3006485316 )
        Pressure : ( -3.90610214 1.382517708 -0.2794665138 )
        Viscous  : ( 0.0004684298527 -0.002325527155 -0.02118201774 )


liftDrag LD execute:
Viscous drag: 0.0036257499, pressure drag: 0.0478365988, porous drag: 0
Viscous lift: 8.018166693e-05, pressure lift: -0.6686119149, porous lift: 0
Total lift: -0.6685317332, Front lift: -0.2196506994, Rear lift: -0.4488810338, Drag: 0.0514623487
Location of Center of Mass: ( 0.1583410946 0.4851455065 -0.0177077476 )
Location of Center Of Pressure: ( 0.1727210213 0.4851455065 -0.01660080718 )


yPlus yPlus execute:
    patch Bottom y+ : min = 1.540165879, max = 457.3194259, average = 236.0936934
    patch Top y+ : min = 61.3940736, max = 468.7594111, average = 265.0281489
    patch e423_0 y+ : min = 148.2260572, max = 746.3912551, average = 397.6606071


################################################################################

Time = 311

Outer Loop Iteration = 311
smoothSolver:  Solving for Ux, Initial residual = 1.630656162e-06, Final residual = 3.40830113e-08, No Iterations 2
smoothSolver:  Solving for Uz, Initial residual = 7.340125986e-07, Final residual = 1.73725371e-08, No Iterations 2
GAMG:  Solving for p, Initial residual = 1.391428318e-06, Final residual = 1.109180458e-08, No Iterations 3
GAMG:  Solving for p, Initial residual = 1.490700673e-07, Final residual = 7.48999197e-10, No Iterations 3
GAMG:  Solving for p, Initial residual = 2.402546051e-08, Final residual = 1.049850499e-10, No Iterations 3
time step continuity errors (region0): sum local = 8.653231876e-12, global = 4.707420229e-13, cumulative = 3.334183531e-08
smoothSolver:  Solving for omega, Initial residual = 5.401171078e-08, Final residual = 4.771994834e-09, No Iterations 1
smoothSolver:  Solving for k, Initial residual = 5.634447251e-08, Final residual = 5.036255119e-09, No Iterations 1

ExecutionTime = 3.44 s  ExecutionStepTime = 0.01 s  ClockTime = 3 s

forces FR write:
    Sum of forces
        Total    : ( 0.6197077493 0 -8.050450705 )
        Pressure : ( 0.5760465354 0 -8.051416249 )
        Viscous  : ( 0.04366121394 0 0.000965543601 )
    Sum of moments
        Total    : ( -3.905639985 1.380194131 -0.3006484299 )
        Pressure : ( -3.906108414 1.382519662 -0.2794663881 )
        Viscous  : ( 0.0004684291393 -0.002325530954 -0.02118204175 )


liftDrag LD execute:
Viscous drag: 0.003625754009, pressure drag: 0.04783657729, porous drag: 0
Viscous lift: 8.018154482e-05, pressure lift: -0.6686129888, porous lift: 0
Total lift: -0.6685328072, Front lift: -0.2196510745, Rear lift: -0.4488817327, Drag: 0.0514623313
Location of Center of Mass: ( 0.1583410946 0.4851455065 -0.0177077476 )
Location of Center Of Pressure: ( 0.172720986 0.4851455065 -0.01660081205 )


yPlus yPlus execute:
    patch Bottom y+ : min = 1.540158153, max = 457.3193893, average = 236.0939308
    patch Top y+ : min = 61.39405405, max = 468.759199, average = 265.0279947
    patch e423_0 y+ : min = 148.2265825, max = 746.3917368, average = 397.6607909


################################################################################

Time = 312

Outer Loop Iteration = 312
smoothSolver:  Solving for Ux, Initial residual = 1.588785838e-06, Final residual = 3.312791966e-08, No Iterations 2
smoothSolver:  Solving for Uz, Initial residual = 7.306904706e-07, Final residual = 1.739753109e-08, No Iterations 2
GAMG:  Solving for p, Initial residual = 1.372256751e-06, Final residual = 1.095359159e-08, No Iterations 3
GAMG:  Solving for p, Initial residual = 1.477686329e-07, Final residual = 7.382709939e-10, No Iterations 3
GAMG:  Solving for p, Initial residual = 2.391403723e-08, Final residual = 1.038338821e-10, No Iterations 3
time step continuity errors (region0): sum local = 8.558385176e-12, global = 4.887066698e-13, cumulative = 3.334232402e-08
smoothSolver:  Solving for omega, Initial residual = 5.265700569e-08, Final residual = 4.653547375e-09, No Iterations 1
smoothSolver:  Solving for k, Initial residual = 5.511349691e-08, Final residual = 4.916577986e-09, No Iterations 1

ExecutionTime = 3.45 s  ExecutionStepTime = 0.01 s  ClockTime = 3 s

forces FR write:
    Sum of forces
        Total    : ( 0.6197075513 0 -8.050463336 )
        Pressure : ( 0.5760462891 0 -8.051428878 )
        Viscous  : ( 0.04366126219 0 0.00096554222 )
    Sum of moments
        Total    : ( -3.905646112 1.380196038 -0.3006483338 )
        Pressure : ( -3.906114541 1.382521573 -0.2794662687 )
        Viscous  : ( 0.0004684284693 -0.002325534667 -0.02118206516 )


liftDrag LD execute:
Viscous drag: 0.003625758016, pressure drag: 0.04783655684, porous drag: 0
Viscous lift: 8.018143014e-05, pressure lift: -0.6686140376, porous lift: 0
Total lift: -0.6685338562, Front lift: -0.2196514406, Rear lift: -0.4488824156, Drag: 0.05146231486
Location of Center of Mass: ( 0.1583410946 0.4851455065 -0.0177077476 )
Location of Center Of Pressure: ( 0.1727209518 0.4851455065 -0.01660081677 )


yPlus yPlus execute:
    patch Bottom y+ : min = 1.540150616, max = 457.3193595, average = 236.0941692
    patch Top y+ : min = 61.39403464, max = 468.7589807, average = 265.0278457
    patch e423_0 y+ : min = 148.2270946, max = 746.3922052, average = 397.6609704


################################################################################

Time = 313

Outer Loop Iteration = 313
smoothSolver:  Solving for Ux, Initial residual = 1.547592014e-06, Final residual = 3.222132627e-08, No Iterations 2
smoothSolver:  Solving for Uz, Initial residual = 7.269115651e-07, Final residual = 1.743872794e-08, No Iterations 2
GAMG:  Solving for p, Initial residual = 1.352059282e-06, Final residual = 1.081298598e-08, No Iterations 3
GAMG:  Solving for p, Initial residual = 1.464753456e-07, Final residual = 7.275543337e-10, No Iterations 3
GAMG:  Solving for p, Initial residual = 2.379106693e-08, Final residual = 1.02636778e-10, No Iterations 3
time step continuity errors (region0): sum local = 8.459695729e-12, global = 5.003090912e-13, cumulative = 3.334282433e-08
smoothSolver:  Solving for omega, Initial residual = 5.132868812e-08, Final residual = 4.538026682e-09, No Iterations 1
smoothSolver:  Solving for k, Initial residual = 5.391621323e-08, Final residual = 4.798906148e-09, No Iterations 1

ExecutionTime = 3.47 s  ExecutionStepTime = 0.02 s  ClockTime = 3 s

forces FR write:
    Sum of forces
        Total    : ( 0.6197073635 0 -8.050475675 )
        Pressure : ( 0.5760460543 0 -8.051441216 )
        Viscous  : ( 0.04366130923 0 0.0009655409156 )
    Sum of moments
        Total    : ( -3.905652099 1.380197904 -0.3006482427 )
        Pressure : ( -3.906120527 1.382523442 -0.2794661547 )
        Viscous  : ( 0.0004684278365 -0.002325538296 -0.02118208798 )


liftDrag LD execute:
Viscous drag: 0.003625761923, pressure drag: 0.04783653734, porous drag: 0
Viscous lift: 8.018132182e-05, pressure lift: -0.6686150622, porous lift: 0
Total lift: -0.6685348808, Front lift: -0.219651798, Rear lift: -0.4488830828, Drag: 0.05146229926
Location of Center of Mass: ( 0.1583410946 0.4851455065 -0.0177077476 )
Location of Center Of Pressure: ( 0.1727209187 0.4851455065 -0.01660082135 )


yPlus yPlus execute:
    patch Bottom y+ : min = 1.540143285, max = 457.3193393, average = 236.0944094
    patch Top y+ : min = 61.394015, max = 468.7587598, average = 265.0277031
    patch e423_0 y+ : min = 148.2275942, max = 746.3926611, average = 397.6611455


################################################################################

Time = 314

Outer Loop Iteration = 314
smoothSolver:  Solving for Ux, Initial residual = 1.507090523e-06, Final residual = 3.135604054e-08, No Iterations 2
smoothSolver:  Solving for Uz, Initial residual = 7.229659888e-07, Final residual = 1.748834566e-08, No Iterations 2
GAMG:  Solving for p, Initial residual = 1.331750856e-06, Final residual = 1.067012226e-08, No Iterations 3
GAMG:  Solving for p, Initial residual = 1.451045518e-07, Final residual = 7.16852037e-10, No Iterations 3
GAMG:  Solving for p, Initial residual = 2.365210778e-08, Final residual = 1.013906638e-10, No Iterations 3
time step continuity errors (region0): sum local = 8.356989088e-12, global = 5.053685063e-13, cumulative = 3.334332969e-08
smoothSolver:  Solving for omega, Initial residual = 5.002757452e-08, Final residual = 4.42531159e-09, No Iterations 1
smoothSolver:  Solving for k, Initial residual = 5.274822844e-08, Final residual = 4.683252779e-09, No Iterations 1

ExecutionTime = 3.48 s  ExecutionStepTime = 0.01 s  ClockTime = 3 s

forces FR write:
    Sum of forces
        Total    : ( 0.6197071845 0 -8.050487733 )
        Pressure : ( 0.5760458294 0 -8.051453273 )
        Viscous  : ( 0.04366135511 0 0.0009655396757 )
    Sum of moments
        Total    : ( -3.905657948 1.380199728 -0.3006481559 )
        Pressure : ( -3.906126376 1.38252527 -0.2794660456 )
        Viscous  : ( 0.000468427235 -0.002325541841 -0.02118211024 )


liftDrag LD execute:
Viscous drag: 0.003625765733, pressure drag: 0.04783651867, porous drag: 0
Viscous lift: 8.018121886e-05, pressure lift: -0.6686160634, porous lift: 0
Total lift: -0.6685358821, Front lift: -0.2196521471, Rear lift: -0.448883735, Drag: 0.0514622844
Location of Center of Mass: ( 0.1583410946 0.4851455065 -0.0177077476 )
Location of Center Of Pressure: ( 0.1727208867 0.4851455065 -0.01660082579 )


yPlus yPlus execute:
    patch Bottom y+ : min = 1.540136173, max = 457.3193311, average = 236.0946519
    patch Top y+ : min = 61.39399479, max = 468.7585399, average = 265.0275682
    patch e423_0 y+ : min = 148.2280819, max = 746.3931048, average = 397.6613164


################################################################################

Time = 315

Outer Loop Iteration = 315
smoothSolver:  Solving for Ux, Initial residual = 1.467983584e-06, Final residual = 3.052444625e-08, No Iterations 2
smoothSolver:  Solving for Uz, Initial residual = 7.189547943e-07, Final residual = 1.752266989e-08, No Iterations 2
GAMG:  Solving for p, Initial residual = 1.310549848e-06, Final residual = 1.054124199e-08, No Iterations 3
GAMG:  Solving for p, Initial residual = 1.436662322e-07, Final residual = 7.059987853e-10, No Iterations 3
GAMG:  Solving for p, Initial residual = 2.348429963e-08, Final residual = 9.980361711e-11, No Iterations 3
time step continuity errors (region0): sum local = 8.226292639e-12, global = 4.881946962e-13, cumulative = 3.334381789e-08
smoothSolver:  Solving for omega, Initial residual = 4.876169176e-08, Final residual = 4.314946584e-09, No Iterations 1
smoothSolver:  Solving for k, Initial residual = 5.160503981e-08, Final residual = 4.571862408e-09, No Iterations 1

ExecutionTime = 3.48 s  ExecutionStepTime = 0 s  ClockTime = 3 s

forces FR write:
    Sum of forces
        Total    : ( 0.6197070131 0 -8.050499518 )
        Pressure : ( 0.5760456132 0 -8.051465056 )
        Viscous  : ( 0.04366139984 0 0.0009655384889 )
    Sum of moments
        Total    : ( -3.905663666 1.380201514 -0.3006480727 )
        Pressure : ( -3.906132093 1.382527059 -0.2794659408 )
        Viscous  : ( 0.0004684266592 -0.002325545303 -0.02118213194 )


liftDrag LD execute:
Viscous drag: 0.003625769447, pressure drag: 0.04783650072, porous drag: 0
Viscous lift: 8.01811203e-05, pressure lift: -0.6686170419, porous lift: 0
Total lift: -0.6685368608, Front lift: -0.2196524882, Rear lift: -0.4488843726, Drag: 0.05146227016
Location of Center of Mass: ( 0.1583410946 0.4851455065 -0.0177077476 )
Location of Center Of Pressure: ( 0.1727208556 0.4851455065 -0.01660083011 )


yPlus yPlus execute:
    patch Bottom y+ : min = 1.540129291, max = 457.3193369, average = 236.0948972
    patch Top y+ : min = 61.39397372, max = 468.7583242, average = 265.0274421
    patch e423_0 y+ : min = 148.2285583, max = 746.393537, average = 397.6614832


################################################################################

Time = 316

Outer Loop Iteration = 316
smoothSolver:  Solving for Ux, Initial residual = 1.429718811e-06, Final residual = 2.971787128e-08, No Iterations 2
smoothSolver:  Solving for Uz, Initial residual = 7.144621257e-07, Final residual = 1.755810315e-08, No Iterations 2
GAMG:  Solving for p, Initial residual = 1.288555578e-06, Final residual = 1.039063751e-08, No Iterations 3
GAMG:  Solving for p, Initial residual = 1.420818255e-07, Final residual = 6.956514483e-10, No Iterations 3
GAMG:  Solving for p, Initial residual = 2.329263268e-08, Final residual = 9.846053094e-11, No Iterations 3
time step continuity errors (region0): sum local = 8.115527816e-12, global = 4.826015166e-13, cumulative = 3.334430049e-08
smoothSolver:  Solving for omega, Initial residual = 4.753332386e-08, Final residual = 4.207558515e-09, No Iterations 1
smoothSolver:  Solving for k, Initial residual = 5.048249007e-08, Final residual = 4.467032226e-09, No Iterations 1

ExecutionTime = 3.49 s  ExecutionStepTime = 0.01 s  ClockTime = 3 s

forces FR write:
    Sum of forces
        Total    : ( 0.6197068481 0 -8.050511039 )
        Pressure : ( 0.5760454046 0 -8.051476577 )
        Viscous  : ( 0.04366144346 0 0.0009655373445 )
    Sum of moments
        Total    : ( -3.905669256 1.38020326 -0.3006479927 )
        Pressure : ( -3.906137682 1.382528809 -0.2794658396 )
        Viscous  : ( 0.000468426104 -0.002325548683 -0.0211821531 )


liftDrag LD execute:
Viscous drag: 0.00362577307, pressure drag: 0.04783648339, porous drag: 0
Viscous lift: 8.018102527e-05, pressure lift: -0.6686179986, porous lift: 0
Total lift: -0.6685378176, Front lift: -0.2196528216, Rear lift: -0.448884996, Drag: 0.05146225646
Location of Center of Mass: ( 0.1583410946 0.4851455065 -0.0177077476 )
Location of Center Of Pressure: ( 0.1727208253 0.4851455065 -0.01660083432 )


yPlus yPlus execute:
    patch Bottom y+ : min = 1.540122648, max = 457.3193585, average = 236.0951456
    patch Top y+ : min = 61.39395153, max = 468.7581154, average = 265.0273258
    patch e423_0 y+ : min = 148.229024, max = 746.393958, average = 397.661646


################################################################################

Time = 317

Outer Loop Iteration = 317
smoothSolver:  Solving for Ux, Initial residual = 1.392549353e-06, Final residual = 2.893550411e-08, No Iterations 2
smoothSolver:  Solving for Uz, Initial residual = 7.095901497e-07, Final residual = 1.75641556e-08, No Iterations 2
GAMG:  Solving for p, Initial residual = 1.266115346e-06, Final residual = 1.023828017e-08, No Iterations 3
GAMG:  Solving for p, Initial residual = 1.404079531e-07, Final residual = 6.854687003e-10, No Iterations 3
GAMG:  Solving for p, Initial residual = 2.30818295e-08, Final residual = 9.707012131e-11, No Iterations 3
time step continuity errors (region0): sum local = 8.000940768e-12, global = 4.720373655e-13, cumulative = 3.334477253e-08
smoothSolver:  Solving for omega, Initial residual = 4.633583458e-08, Final residual = 4.102698419e-09, No Iterations 1
smoothSolver:  Solving for k, Initial residual = 4.938825968e-08, Final residual = 4.363905636e-09, No Iterations 1

ExecutionTime = 3.5 s  ExecutionStepTime = 0.01 s  ClockTime = 3 s

forces FR write:
    Sum of forces
        Total    : ( 0.6197066884 0 -8.050522306 )
        Pressure : ( 0.5760452024 0 -8.051487842 )
        Viscous  : ( 0.04366148601 0 0.0009655362328 )
    Sum of moments
        Total    : ( -3.905674721 1.380204969 -0.3006479152 )
        Pressure : ( -3.906143147 1.382530521 -0.2794657415 )
        Viscous  : ( 0.0004684255647 -0.002325551983 -0.02118217374 )


liftDrag LD execute:
Viscous drag: 0.003625776603, pressure drag: 0.0478364666, porous drag: 0
Viscous lift: 8.018093295e-05, pressure lift: -0.6686189341, porous lift: 0
Total lift: -0.6685387532, Front lift: -0.2196531474, Rear lift: -0.4488856057, Drag: 0.0514622432
Location of Center of Mass: ( 0.1583410946 0.4851455065 -0.0177077476 )
Location of Center Of Pressure: ( 0.1727207959 0.4851455065 -0.01660083842 )


yPlus yPlus execute:
    patch Bottom y+ : min = 1.540116252, max = 457.3193974, average = 236.0953974
    patch Top y+ : min = 61.393928, max = 468.7579162, average = 265.0272199
    patch e423_0 y+ : min = 148.2294795, max = 746.3943685, average = 397.6618048


################################################################################

Time = 318

Outer Loop Iteration = 318
smoothSolver:  Solving for Ux, Initial residual = 1.356852528e-06, Final residual = 2.817749639e-08, No Iterations 2
smoothSolver:  Solving for Uz, Initial residual = 7.043672281e-07, Final residual = 1.755662579e-08, No Iterations 2
GAMG:  Solving for p, Initial residual = 1.243316135e-06, Final residual = 1.008458139e-08, No Iterations 3
GAMG:  Solving for p, Initial residual = 1.386486633e-07, Final residual = 6.753351415e-10, No Iterations 3
GAMG:  Solving for p, Initial residual = 2.284331076e-08, Final residual = 9.564216001e-11, No Iterations 3
time step continuity errors (region0): sum local = 7.883229153e-12, global = 4.571178114e-13, cumulative = 3.334522964e-08
smoothSolver:  Solving for omega, Initial residual = 4.516776813e-08, Final residual = 4.00078782e-09, No Iterations 1
smoothSolver:  Solving for k, Initial residual = 4.831503362e-08, Final residual = 4.26269389e-09, No Iterations 1

ExecutionTime = 3.52 s  ExecutionStepTime = 0.02 s  ClockTime = 3 s

forces FR write:
    Sum of forces
        Total    : ( 0.619706533 0 -8.050533325 )
        Pressure : ( 0.5760450055 0 -8.051498861 )
        Viscous  : ( 0.04366152751 0 0.0009655351446 )
    Sum of moments
        Total    : ( -3.905680067 1.380206642 -0.3006478398 )
        Pressure : ( -3.906148492 1.382532197 -0.2794656459 )
        Viscous  : ( 0.0004684250368 -0.002325555204 -0.02118219388 )


liftDrag LD execute:
Viscous drag: 0.003625780049, pressure drag: 0.04783645025, porous drag: 0
Viscous lift: 8.018084259e-05, pressure lift: -0.6686198491, porous lift: 0
Total lift: -0.6685396683, Front lift: -0.2196534661, Rear lift: -0.4488862022, Drag: 0.0514622303
Location of Center of Mass: ( 0.1583410946 0.4851455065 -0.0177077476 )
Location of Center Of Pressure: ( 0.1727207672 0.4851455065 -0.01660084242 )


yPlus yPlus execute:
    patch Bottom y+ : min = 1.540110109, max = 457.3194547, average = 236.0956528
    patch Top y+ : min = 61.39390295, max = 468.7577289, average = 265.0271251
    patch e423_0 y+ : min = 148.2299254, max = 746.3947688, average = 397.6619598


################################################################################

Time = 319

Outer Loop Iteration = 319
smoothSolver:  Solving for Ux, Initial residual = 1.322619158e-06, Final residual = 2.744293257e-08, No Iterations 2
smoothSolver:  Solving for Uz, Initial residual = 6.990737763e-07, Final residual = 1.753315053e-08, No Iterations 2
GAMG:  Solving for p, Initial residual = 1.220481368e-06, Final residual = 9.929428196e-09, No Iterations 3
GAMG:  Solving for p, Initial residual = 1.367935057e-07, Final residual = 6.653483852e-10, No Iterations 3
GAMG:  Solving for p, Initial residual = 2.258024062e-08, Final residual = 9.418370878e-11, No Iterations 3
time step continuity errors (region0): sum local = 7.762995974e-12, global = 4.381088931e-13, cumulative = 3.334566775e-08
smoothSolver:  Solving for omega, Initial residual = 4.402828357e-08, Final residual = 3.904045825e-09, No Iterations 1
smoothSolver:  Solving for k, Initial residual = 4.72646776e-08, Final residual = 4.163453091e-09, No Iterations 1

ExecutionTime = 3.53 s  ExecutionStepTime = 0.01 s  ClockTime = 3 s

forces FR write:
    Sum of forces
        Total    : ( 0.619706381 0 -8.050544106 )
        Pressure : ( 0.576044813 0 -8.05150964 )
        Viscous  : ( 0.04366156799 0 0.0009655340719 )
    Sum of moments
        Total    : ( -3.905685297 1.380208278 -0.3006477661 )
        Pressure : ( -3.906153722 1.382533837 -0.2794655525 )
        Viscous  : ( 0.0004684245163 -0.002325558345 -0.02118221352 )


liftDrag LD execute:
Viscous drag: 0.003625783411, pressure drag: 0.04783643426, porous drag: 0
Viscous lift: 8.01807535e-05, pressure lift: -0.6686207442, porous lift: 0
Total lift: -0.6685405635, Front lift: -0.2196537778, Rear lift: -0.4488867857, Drag: 0.05146221767
Location of Center of Mass: ( 0.1583410946 0.4851455065 -0.0177077476 )
Location of Center Of Pressure: ( 0.1727207392 0.4851455065 -0.01660084633 )


yPlus yPlus execute:
    patch Bottom y+ : min = 1.540104222, max = 457.3195314, average = 236.0959118
    patch Top y+ : min = 61.39387624, max = 468.7575555, average = 265.0270419
    patch e423_0 y+ : min = 148.230362, max = 746.3951594, average = 397.662111


################################################################################

Time = 320

Outer Loop Iteration = 320
smoothSolver:  Solving for Ux, Initial residual = 1.289059434e-06, Final residual = 2.673632837e-08, No Iterations 2
smoothSolver:  Solving for Uz, Initial residual = 6.932961097e-07, Final residual = 1.750666059e-08, No Iterations 2
GAMG:  Solving for p, Initial residual = 1.197006331e-06, Final residual = 9.772080668e-09, No Iterations 3
GAMG:  Solving for p, Initial residual = 1.348386576e-07, Final residual = 6.556033075e-10, No Iterations 3
GAMG:  Solving for p, Initial residual = 2.229492039e-08, Final residual = 9.268513472e-11, No Iterations 3
time step continuity errors (region0): sum local = 7.639552703e-12, global = 4.154880216e-13, cumulative = 3.334608324e-08
smoothSolver:  Solving for omega, Initial residual = 4.291698206e-08, Final residual = 3.809228667e-09, No Iterations 1
smoothSolver:  Solving for k, Initial residual = 4.623846379e-08, Final residual = 4.066019833e-09, No Iterations 1

ExecutionTime = 3.54 s  ExecutionStepTime = 0.01 s  ClockTime = 3 s

forces FR write:
    Sum of forces
        Total    : ( 0.6197062314 0 -8.050554654 )
        Pressure : ( 0.576044624 0 -8.051520187 )
        Viscous  : ( 0.04366160749 0 0.000965533007 )
    Sum of moments
        Total    : ( -3.905690415 1.38020988 -0.3006476935 )
        Pressure : ( -3.906158839 1.382535442 -0.2794654608 )
        Viscous  : ( 0.0004684239997 -0.00232556141 -0.02118223268 )


liftDrag LD execute:
Viscous drag: 0.003625786691, pressure drag: 0.04783641856, porous drag: 0
Viscous lift: 8.018066507e-05, pressure lift: -0.6686216201, porous lift: 0
Total lift: -0.6685414394, Front lift: -0.2196540828, Rear lift: -0.4488873567, Drag: 0.05146220525
Location of Center of Mass: ( 0.1583410946 0.4851455065 -0.0177077476 )
Location of Center Of Pressure: ( 0.1727207119 0.4851455065 -0.01660085015 )


yPlus yPlus execute:
    patch Bottom y+ : min = 1.540098595, max = 457.3196279, average = 236.0961743
    patch Top y+ : min = 61.39384774, max = 468.7573978, average = 265.0269706
    patch e423_0 y+ : min = 148.2307898, max = 746.3955408, average = 397.6622586


################################################################################

Time = 321

Outer Loop Iteration = 321
smoothSolver:  Solving for Ux, Initial residual = 1.25684875e-06, Final residual = 2.606456587e-08, No Iterations 2
smoothSolver:  Solving for Uz, Initial residual = 6.877299463e-07, Final residual = 1.745715904e-08, No Iterations 2
GAMG:  Solving for p, Initial residual = 1.173326173e-06, Final residual = 9.615844265e-09, No Iterations 3
GAMG:  Solving for p, Initial residual = 1.328467757e-07, Final residual = 6.459306838e-10, No Iterations 3
GAMG:  Solving for p, Initial residual = 2.198724089e-08, Final residual = 9.114713591e-11, No Iterations 3
time step continuity errors (region0): sum local = 7.51284439e-12, global = 3.898650548e-13, cumulative = 3.334647311e-08
smoothSolver:  Solving for omega, Initial residual = 4.184198434e-08, Final residual = 3.716413717e-09, No Iterations 1
smoothSolver:  Solving for k, Initial residual = 4.524160172e-08, Final residual = 3.970311732e-09, No Iterations 1

ExecutionTime = 3.55 s  ExecutionStepTime = 0.01 s  ClockTime = 3 s

forces FR write:
    Sum of forces
        Total    : ( 0.6197060837 0 -8.050564977 )
        Pressure : ( 0.5760444376 0 -8.051530509 )
        Viscous  : ( 0.04366164603 0 0.0009655319435 )
    Sum of moments
        Total    : ( -3.905695423 1.380211448 -0.3006476218 )
        Pressure : ( -3.906163847 1.382537013 -0.2794653704 )
        Viscous  : ( 0.0004684234837 -0.002325564399 -0.02118225138 )


liftDrag LD execute:
Viscous drag: 0.003625789891, pressure drag: 0.04783640309, porous drag: 0
Viscous lift: 8.018057675e-05, pressure lift: -0.6686224773, porous lift: 0
Total lift: -0.6685422967, Front lift: -0.2196543812, Rear lift: -0.4488879155, Drag: 0.05146219298
Location of Center of Mass: ( 0.1583410946 0.4851455065 -0.0177077476 )
Location of Center Of Pressure: ( 0.1727206851 0.4851455065 -0.0166008539 )


yPlus yPlus execute:
    patch Bottom y+ : min = 1.540093227, max = 457.3197449, average = 236.0964404
    patch Top y+ : min = 61.39381737, max = 468.7572573, average = 265.0269115
    patch e423_0 y+ : min = 148.2312091, max = 746.3959132, average = 397.6624027


################################################################################

Time = 322

Outer Loop Iteration = 322
smoothSolver:  Solving for Ux, Initial residual = 1.225696524e-06, Final residual = 2.542328529e-08, No Iterations 2
smoothSolver:  Solving for Uz, Initial residual = 6.823473209e-07, Final residual = 1.739536622e-08, No Iterations 2
GAMG:  Solving for p, Initial residual = 1.149319205e-06, Final residual = 9.459286909e-09, No Iterations 3
GAMG:  Solving for p, Initial residual = 1.307862202e-07, Final residual = 6.363668744e-10, No Iterations 3
GAMG:  Solving for p, Initial residual = 2.166164455e-08, Final residual = 8.959643705e-11, No Iterations 3
time step continuity errors (region0): sum local = 7.385023827e-12, global = 3.614948531e-13, cumulative = 3.33468346e-08
smoothSolver:  Solving for omega, Initial residual = 4.081222095e-08, Final residual = 3.626231567e-09, No Iterations 1
smoothSolver:  Solving for k, Initial residual = 4.426107922e-08, Final residual = 3.876391278e-09, No Iterations 1

ExecutionTime = 3.55 s  ExecutionStepTime = 0 s  ClockTime = 3 s

forces FR write:
    Sum of forces
        Total    : ( 0.6197059369 0 -8.050575081 )
        Pressure : ( 0.5760442533 0 -8.051540612 )
        Viscous  : ( 0.04366168364 0 0.0009655308754 )
    Sum of moments
        Total    : ( -3.905700325 1.380212983 -0.3006475506 )
        Pressure : ( -3.906168748 1.38253855 -0.279465281 )
        Viscous  : ( 0.0004684229655 -0.002325567313 -0.02118226962 )


liftDrag LD execute:
Viscous drag: 0.003625793014, pressure drag: 0.04783638778, porous drag: 0
Viscous lift: 8.018048805e-05, pressure lift: -0.6686233163, porous lift: 0
Total lift: -0.6685431358, Front lift: -0.2196546733, Rear lift: -0.4488884625, Drag: 0.0514621808
Location of Center of Mass: ( 0.1583410946 0.4851455065 -0.0177077476 )
Location of Center Of Pressure: ( 0.1727206589 0.4851455065 -0.01660085756 )


yPlus yPlus execute:
    patch Bottom y+ : min = 1.540088119, max = 457.3198823, average = 236.0967098
    patch Top y+ : min = 61.39378508, max = 468.7571351, average = 265.0268646
    patch e423_0 y+ : min = 148.2316205, max = 746.3962772, average = 397.6625433


################################################################################

Time = 323

Outer Loop Iteration = 323
smoothSolver:  Solving for Ux, Initial residual = 1.195255954e-06, Final residual = 2.48052982e-08, No Iterations 2
smoothSolver:  Solving for Uz, Initial residual = 6.766015107e-07, Final residual = 1.734079381e-08, No Iterations 2
GAMG:  Solving for p, Initial residual = 1.124794151e-06, Final residual = 9.302077977e-09, No Iterations 3
GAMG:  Solving for p, Initial residual = 1.286348904e-07, Final residual = 6.29291245e-10, No Iterations 3
GAMG:  Solving for p, Initial residual = 2.132255925e-08, Final residual = 8.82677733e-11, No Iterations 3
time step continuity errors (region0): sum local = 7.275381452e-12, global = 3.69081146e-13, cumulative = 3.334720368e-08
smoothSolver:  Solving for omega, Initial residual = 3.982436918e-08, Final residual = 3.538810483e-09, No Iterations 1
smoothSolver:  Solving for k, Initial residual = 4.329547084e-08, Final residual = 3.78428166e-09, No Iterations 1

ExecutionTime = 3.57 s  ExecutionStepTime = 0.02 s  ClockTime = 3 s

forces FR write:
    Sum of forces
        Total    : ( 0.6197057906 0 -8.050584973 )
        Pressure : ( 0.5760440703 0 -8.051550503 )
        Viscous  : ( 0.04366172034 0 0.0009655297976 )
    Sum of moments
        Total    : ( -3.905705124 1.380214485 -0.3006474796 )
        Pressure : ( -3.906173547 1.382540055 -0.2794651922 )
        Viscous  : ( 0.0004684224427 -0.002325570154 -0.02118228743 )


liftDrag LD execute:
Viscous drag: 0.003625796062, pressure drag: 0.04783637258, porous drag: 0
Viscous lift: 8.018039855e-05, pressure lift: -0.6686241376, porous lift: 0
Total lift: -0.6685439572, Front lift: -0.2196549593, Rear lift: -0.4488889979, Drag: 0.05146216865
Location of Center of Mass: ( 0.1583410946 0.4851455065 -0.0177077476 )
Location of Center Of Pressure: ( 0.1727206332 0.4851455065 -0.01660086116 )


yPlus yPlus execute:
    patch Bottom y+ : min = 1.540083267, max = 457.3200401, average = 236.0969823
    patch Top y+ : min = 61.39375084, max = 468.7570322, average = 265.0268299
    patch e423_0 y+ : min = 148.232024, max = 746.3966331, average = 397.6626805


################################################################################

Time = 324

Outer Loop Iteration = 324
smoothSolver:  Solving for Ux, Initial residual = 1.165641777e-06, Final residual = 2.421585915e-08, No Iterations 2
smoothSolver:  Solving for Uz, Initial residual = 6.706531234e-07, Final residual = 1.727753278e-08, No Iterations 2
GAMG:  Solving for p, Initial residual = 1.099877971e-06, Final residual = 9.143575612e-09, No Iterations 3
GAMG:  Solving for p, Initial residual = 1.264269269e-07, Final residual = 6.201315256e-10, No Iterations 3
GAMG:  Solving for p, Initial residual = 2.096494906e-08, Final residual = 8.668970443e-11, No Iterations 3
time step continuity errors (region0): sum local = 7.145404194e-12, global = 3.363313251e-13, cumulative = 3.334754001e-08
smoothSolver:  Solving for omega, Initial residual = 3.887248921e-08, Final residual = 3.453232629e-09, No Iterations 1
smoothSolver:  Solving for k, Initial residual = 4.234157311e-08, Final residual = 3.694113775e-09, No Iterations 1

ExecutionTime = 3.58 s  ExecutionStepTime = 0.01 s  ClockTime = 3 s

forces FR write:
    Sum of forces
        Total    : ( 0.6197056442 0 -8.050594658 )
        Pressure : ( 0.576043888 0 -8.051560187 )
        Viscous  : ( 0.04366175617 0 0.0009655287058 )
    Sum of moments
        Total    : ( -3.905709823 1.380215955 -0.3006474086 )
        Pressure : ( -3.906178245 1.382541528 -0.2794651038 )
        Viscous  : ( 0.000468421913 -0.002325572924 -0.02118230481 )


liftDrag LD execute:
Viscous drag: 0.003625799038, pressure drag: 0.04783635745, porous drag: 0
Viscous lift: 8.018030788e-05, pressure lift: -0.6686249418, porous lift: 0
Total lift: -0.6685447615, Front lift: -0.2196552393, Rear lift: -0.4488895221, Drag: 0.05146215649
Location of Center of Mass: ( 0.1583410946 0.4851455065 -0.0177077476 )
Location of Center Of Pressure: ( 0.172720608 0.4851455065 -0.0166008647 )


yPlus yPlus execute:
    patch Bottom y+ : min = 1.540078669, max = 457.3202181, average = 236.0972576
    patch Top y+ : min = 61.39371466, max = 468.7569494, average = 265.0268074
    patch e423_0 y+ : min = 148.2324202, max = 746.3969812, average = 397.6628144


################################################################################

Time = 325

Outer Loop Iteration = 325
smoothSolver:  Solving for Ux, Initial residual = 1.136947472e-06, Final residual = 2.36458782e-08, No Iterations 2
smoothSolver:  Solving for Uz, Initial residual = 6.642975781e-07, Final residual = 1.718314041e-08, No Iterations 2
GAMG:  Solving for p, Initial residual = 1.074932615e-06, Final residual = 8.983794115e-09, No Iterations 3
GAMG:  Solving for p, Initial residual = 1.242073839e-07, Final residual = 6.108707881e-10, No Iterations 3
GAMG:  Solving for p, Initial residual = 2.059627747e-08, Final residual = 8.512613746e-11, No Iterations 3
time step continuity errors (region0): sum local = 7.016495327e-12, global = 3.015689394e-13, cumulative = 3.334784158e-08
smoothSolver:  Solving for omega, Initial residual = 3.795217383e-08, Final residual = 3.369497191e-09, No Iterations 1
smoothSolver:  Solving for k, Initial residual = 4.139988299e-08, Final residual = 3.605893074e-09, No Iterations 1

ExecutionTime = 3.59 s  ExecutionStepTime = 0.01 s  ClockTime = 3 s

forces FR write:
    Sum of forces
        Total    : ( 0.6197054972 0 -8.050604141 )
        Pressure : ( 0.5760437061 0 -8.051569669 )
        Viscous  : ( 0.04366179115 0 0.0009655275963 )
    Sum of moments
        Total    : ( -3.905714424 1.380217394 -0.3006473373 )
        Pressure : ( -3.906182845 1.382542969 -0.2794650155 )
        Viscous  : ( 0.0004684213747 -0.002325575623 -0.02118232178 )


liftDrag LD execute:
Viscous drag: 0.003625801943, pressure drag: 0.04783634234, porous drag: 0
Viscous lift: 8.018021575e-05, pressure lift: -0.6686257292, porous lift: 0
Total lift: -0.668545549, Front lift: -0.2196555136, Rear lift: -0.4488900354, Drag: 0.05146214428
Location of Center of Mass: ( 0.1583410946 0.4851455065 -0.0177077476 )
Location of Center Of Pressure: ( 0.1727205833 0.4851455065 -0.01660086817 )


yPlus yPlus execute:
    patch Bottom y+ : min = 1.540074321, max = 457.3204158, average = 236.0975354
    patch Top y+ : min = 61.39367655, max = 468.7568872, average = 265.0267968
    patch e423_0 y+ : min = 148.2328091, max = 746.3973218, average = 397.6629451


################################################################################

Time = 326

Outer Loop Iteration = 326
smoothSolver:  Solving for Ux, Initial residual = 1.109040744e-06, Final residual = 2.309412309e-08, No Iterations 2
smoothSolver:  Solving for Uz, Initial residual = 6.576275175e-07, Final residual = 1.705629055e-08, No Iterations 2
GAMG:  Solving for p, Initial residual = 1.049793929e-06, Final residual = 8.823823343e-09, No Iterations 3
GAMG:  Solving for p, Initial residual = 1.219394859e-07, Final residual = 6.017268067e-10, No Iterations 3
GAMG:  Solving for p, Initial residual = 2.02164576e-08, Final residual = 8.356824284e-11, No Iterations 3
time step continuity errors (region0): sum local = 6.887995421e-12, global = 2.656075754e-13, cumulative = 3.334810719e-08
smoothSolver:  Solving for omega, Initial residual = 3.705049708e-08, Final residual = 3.28838831e-09, No Iterations 1
smoothSolver:  Solving for k, Initial residual = 4.047075126e-08, Final residual = 3.520886765e-09, No Iterations 1

ExecutionTime = 3.6 s  ExecutionStepTime = 0.01 s  ClockTime = 3 s

forces FR write:
    Sum of forces
        Total    : ( 0.6197053493 0 -8.050613429 )
        Pressure : ( 0.576043524 0 -8.051578955 )
        Viscous  : ( 0.0436618253 0 0.0009655264663 )
    Sum of moments
        Total    : ( -3.905718929 1.380218802 -0.3006472656 )
        Pressure : ( -3.90618735 1.38254438 -0.2794649272 )
        Viscous  : ( 0.0004684208265 -0.002325578253 -0.02118233835 )


liftDrag LD execute:
Viscous drag: 0.003625804779, pressure drag: 0.04783632722, porous drag: 0
Viscous lift: 8.018012191e-05, pressure lift: -0.6686265004, porous lift: 0
Total lift: -0.6685463203, Front lift: -0.2196557823, Rear lift: -0.448890538, Drag: 0.051462132
Location of Center of Mass: ( 0.1583410946 0.4851455065 -0.0177077476 )
Location of Center Of Pressure: ( 0.1727205589 0.4851455065 -0.01660087158 )


yPlus yPlus execute:
    patch Bottom y+ : min = 1.540070215, max = 457.3206325, average = 236.0978153
    patch Top y+ : min = 61.39363656, max = 468.7568457, average = 265.0267978
    patch e423_0 y+ : min = 148.2331912, max = 746.3976552, average = 397.6630727


################################################################################

Time = 327

Outer Loop Iteration = 327
smoothSolver:  Solving for Ux, Initial residual = 1.081758049e-06, Final residual = 2.256869862e-08, No Iterations 2
smoothSolver:  Solving for Uz, Initial residual = 6.508615646e-07, Final residual = 1.690006226e-08, No Iterations 2
GAMG:  Solving for p, Initial residual = 1.024503049e-06, Final residual = 8.6645687e-09, No Iterations 3
GAMG:  Solving for p, Initial residual = 1.196222944e-07, Final residual = 5.924845784e-10, No Iterations 3
GAMG:  Solving for p, Initial residual = 1.983161376e-08, Final residual = 8.206596797e-11, No Iterations 3
time step continuity errors (region0): sum local = 6.764278465e-12, global = 2.286973466e-13, cumulative = 3.334833589e-08
smoothSolver:  Solving for omega, Initial residual = 3.616798244e-08, Final residual = 3.209274154e-09, No Iterations 1
smoothSolver:  Solving for k, Initial residual = 3.955410675e-08, Final residual = 3.438399369e-09, No Iterations 1

ExecutionTime = 3.61 s  ExecutionStepTime = 0.01 s  ClockTime = 3 s

forces FR write:
    Sum of forces
        Total    : ( 0.6197052001 0 -8.050622524 )
        Pressure : ( 0.5760433415 0 -8.051588049 )
        Viscous  : ( 0.04366185866 0 0.0009655253133 )
    Sum of moments
        Total    : ( -3.905723342 1.38022018 -0.3006471932 )
        Pressure : ( -3.906191762 1.382545761 -0.2794648387 )
        Viscous  : ( 0.0004684202671 -0.002325580816 -0.02118235453 )


liftDrag LD execute:
Viscous drag: 0.003625807549, pressure drag: 0.04783631206, porous drag: 0
Viscous lift: 8.018002616e-05, pressure lift: -0.6686272556, porous lift: 0
Total lift: -0.6685470756, Front lift: -0.2196560455, Rear lift: -0.4488910301, Drag: 0.05146211961
Location of Center of Mass: ( 0.1583410946 0.4851455065 -0.0177077476 )
Location of Center Of Pressure: ( 0.1727205349 0.4851455065 -0.01660087495 )


yPlus yPlus execute:
    patch Bottom y+ : min = 1.540066347, max = 457.3208676, average = 236.098097
    patch Top y+ : min = 61.39359476, max = 468.7568252, average = 265.0268101
    patch e423_0 y+ : min = 148.2335665, max = 746.3979818, average = 397.6631972


################################################################################

Time = 328

Outer Loop Iteration = 328
smoothSolver:  Solving for Ux, Initial residual = 1.055039209e-06, Final residual = 2.206712508e-08, No Iterations 2
smoothSolver:  Solving for Uz, Initial residual = 6.438360343e-07, Final residual = 1.671305133e-08, No Iterations 2
GAMG:  Solving for p, Initial residual = 9.991249131e-07, Final residual = 8.508975757e-09, No Iterations 3
GAMG:  Solving for p, Initial residual = 1.172839393e-07, Final residual = 5.823181163e-10, No Iterations 3
GAMG:  Solving for p, Initial residual = 1.943561994e-08, Final residual = 8.054779978e-11, No Iterations 3
time step continuity errors (region0): sum local = 6.639228773e-12, global = 1.836592053e-13, cumulative = 3.334851955e-08
smoothSolver:  Solving for omega, Initial residual = 3.530600159e-08, Final residual = 3.132889542e-09, No Iterations 1
smoothSolver:  Solving for k, Initial residual = 3.864921156e-08, Final residual = 3.357614245e-09, No Iterations 1

ExecutionTime = 3.63 s  ExecutionStepTime = 0.02 s  ClockTime = 3 s

forces FR write:
    Sum of forces
        Total    : ( 0.6197050495 0 -8.050631433 )
        Pressure : ( 0.5760431582 0 -8.051596957 )
        Viscous  : ( 0.04366189124 0 0.0009655241357 )
    Sum of moments
        Total    : ( -3.905727664 1.38022153 -0.3006471201 )
        Pressure : ( -3.906196083 1.382547113 -0.2794647497 )
        Viscous  : ( 0.0004684196958 -0.002325583313 -0.02118237034 )


liftDrag LD execute:
Viscous drag: 0.003625810254, pressure drag: 0.04783629684, porous drag: 0
Viscous lift: 8.017992837e-05, pressure lift: -0.6686279953, porous lift: 0
Total lift: -0.6685478154, Front lift: -0.2196563033, Rear lift: -0.448891512, Drag: 0.0514621071
Location of Center of Mass: ( 0.1583410946 0.4851455065 -0.0177077476 )
Location of Center Of Pressure: ( 0.1727205113 0.4851455065 -0.01660087826 )


yPlus yPlus execute:
    patch Bottom y+ : min = 1.540062708, max = 457.32112, average = 236.09838
    patch Top y+ : min = 61.39355123, max = 468.7568255, average = 265.0268332
    patch e423_0 y+ : min = 148.2339353, max = 746.3983016, average = 397.6633188


################################################################################

Time = 329

Outer Loop Iteration = 329
smoothSolver:  Solving for Ux, Initial residual = 1.029114719e-06, Final residual = 2.157952782e-08, No Iterations 2
smoothSolver:  Solving for Uz, Initial residual = 6.362446176e-07, Final residual = 1.649462355e-08, No Iterations 2
GAMG:  Solving for p, Initial residual = 9.743455147e-07, Final residual = 8.34731107e-09, No Iterations 3
GAMG:  Solving for p, Initial residual = 1.148603932e-07, Final residual = 5.731044467e-10, No Iterations 3
GAMG:  Solving for p, Initial residual = 1.902957282e-08, Final residual = 7.91439284e-11, No Iterations 3
time step continuity errors (region0): sum local = 6.52351409e-12, global = 1.464795974e-13, cumulative = 3.334866603e-08
smoothSolver:  Solving for omega, Initial residual = 3.44622906e-08, Final residual = 3.05856138e-09, No Iterations 1
smoothSolver:  Solving for k, Initial residual = 3.77569493e-08, Final residual = 3.278500969e-09, No Iterations 1

ExecutionTime = 3.64 s  ExecutionStepTime = 0.01 s  ClockTime = 3 s

forces FR write:
    Sum of forces
        Total    : ( 0.6197048971 0 -8.050640159 )
        Pressure : ( 0.576042974 0 -8.051605681 )
        Viscous  : ( 0.04366192306 0 0.0009655229325 )
    Sum of moments
        Total    : ( -3.905731897 1.38022285 -0.3006470461 )
        Pressure : ( -3.906200316 1.382548436 -0.2794646604 )
        Viscous  : ( 0.0004684191121 -0.002325585746 -0.02118238578 )


liftDrag LD execute:
Viscous drag: 0.003625812897, pressure drag: 0.04783628154, porous drag: 0
Viscous lift: 8.017982845e-05, pressure lift: -0.6686287198, porous lift: 0
Total lift: -0.66854854, Front lift: -0.219656556, Rear lift: -0.448891984, Drag: 0.05146209444
Location of Center of Mass: ( 0.1583410946 0.4851455065 -0.0177077476 )
Location of Center Of Pressure: ( 0.1727204881 0.4851455065 -0.01660088152 )


yPlus yPlus execute:
    patch Bottom y+ : min = 1.540059291, max = 457.3213888, average = 236.0986639
    patch Top y+ : min = 61.39350607, max = 468.7568462, average = 265.0268666
    patch e423_0 y+ : min = 148.2342978, max = 746.3986151, average = 397.6634376


################################################################################

Time = 330

Outer Loop Iteration = 330
smoothSolver:  Solving for Ux, Initial residual = 1.003805821e-06, Final residual = 2.111100057e-08, No Iterations 2
smoothSolver:  Solving for Uz, Initial residual = 6.283864744e-07, Final residual = 1.624341218e-08, No Iterations 2
GAMG:  Solving for p, Initial residual = 9.499659043e-07, Final residual = 8.186927509e-09, No Iterations 3
GAMG:  Solving for p, Initial residual = 1.123799786e-07, Final residual = 5.645721441e-10, No Iterations 3
GAMG:  Solving for p, Initial residual = 1.861340881e-08, Final residual = 7.776993754e-11, No Iterations 3
time step continuity errors (region0): sum local = 6.410186141e-12, global = 1.110957283e-13, cumulative = 3.334877712e-08
smoothSolver:  Solving for omega, Initial residual = 3.363609437e-08, Final residual = 2.986124872e-09, No Iterations 1
smoothSolver:  Solving for k, Initial residual = 3.688031746e-08, Final residual = 3.202057041e-09, No Iterations 1

ExecutionTime = 3.65 s  ExecutionStepTime = 0.01 s  ClockTime = 3 s

forces FR write:
    Sum of forces
        Total    : ( 0.6197047428 0 -8.050648705 )
        Pressure : ( 0.5760427887 0 -8.051614227 )
        Viscous  : ( 0.04366195415 0 0.0009655217029 )
    Sum of moments
        Total    : ( -3.905736044 1.380224142 -0.3006469713 )
        Pressure : ( -3.906204462 1.38254973 -0.2794645705 )
        Viscous  : ( 0.0004684185156 -0.002325588116 -0.02118240086 )


liftDrag LD execute:
Viscous drag: 0.003625815479, pressure drag: 0.04783626615, porous drag: 0
Viscous lift: 8.017972635e-05, pressure lift: -0.6686294295, porous lift: 0
Total lift: -0.6685492498, Front lift: -0.2196568036, Rear lift: -0.4488924462, Drag: 0.05146208163
Location of Center of Mass: ( 0.1583410946 0.4851455065 -0.0177077476 )
Location of Center Of Pressure: ( 0.1727204651 0.4851455065 -0.01660088474 )


yPlus yPlus execute:
    patch Bottom y+ : min = 1.540056085, max = 457.3216729, average = 236.0989481
    patch Top y+ : min = 61.39345939, max = 468.756887, average = 265.0269098
    patch e423_0 y+ : min = 148.234654, max = 746.3989224, average = 397.6635535


################################################################################

Time = 331

Outer Loop Iteration = 331
smoothSolver:  Solving for Ux, Initial residual = 9.792581503e-07, Final residual = 2.06555193e-08, No Iterations 2
smoothSolver:  Solving for Uz, Initial residual = 6.202036305e-07, Final residual = 1.596301995e-08, No Iterations 2
GAMG:  Solving for p, Initial residual = 9.259554314e-07, Final residual = 8.027541355e-09, No Iterations 3
GAMG:  Solving for p, Initial residual = 1.098787937e-07, Final residual = 5.559312293e-10, No Iterations 3
GAMG:  Solving for p, Initial residual = 1.819122435e-08, Final residual = 7.640541241e-11, No Iterations 3
time step continuity errors (region0): sum local = 6.297726896e-12, global = 7.566265392e-14, cumulative = 3.334885279e-08
smoothSolver:  Solving for omega, Initial residual = 3.282875565e-08, Final residual = 2.915616753e-09, No Iterations 1
smoothSolver:  Solving for k, Initial residual = 3.601618568e-08, Final residual = 3.127519386e-09, No Iterations 1

ExecutionTime = 3.66 s  ExecutionStepTime = 0.01 s  ClockTime = 3 s

forces FR write:
    Sum of forces
        Total    : ( 0.6197045867 0 -8.050657077 )
        Pressure : ( 0.5760426021 0 -8.051622598 )
        Viscous  : ( 0.04366198454 0 0.000965520447 )
    Sum of moments
        Total    : ( -3.905740105 1.380225406 -0.3006468956 )
        Pressure : ( -3.906208523 1.382550997 -0.27946448 )
        Viscous  : ( 0.0004684179063 -0.002325590426 -0.0211824156 )


liftDrag LD execute:
Viscous drag: 0.003625818002, pressure drag: 0.04783625067, porous drag: 0
Viscous lift: 8.017962205e-05, pressure lift: -0.6686301246, porous lift: 0
Total lift: -0.668549945, Front lift: -0.2196570462, Rear lift: -0.4488928988, Drag: 0.05146206867
Location of Center of Mass: ( 0.1583410946 0.4851455065 -0.0177077476 )
Location of Center Of Pressure: ( 0.1727204425 0.4851455065 -0.01660088791 )


yPlus yPlus execute:
    patch Bottom y+ : min = 1.540053083, max = 457.321971, average = 236.0992323
    patch Top y+ : min = 61.39341131, max = 468.7569471, average = 265.0269621
    patch e423_0 y+ : min = 148.2350042, max = 746.3992238, average = 397.6636667


################################################################################

Time = 332

Outer Loop Iteration = 332
smoothSolver:  Solving for Ux, Initial residual = 9.556923129e-07, Final residual = 2.021078171e-08, No Iterations 2
smoothSolver:  Solving for Uz, Initial residual = 6.113689054e-07, Final residual = 1.565610025e-08, No Iterations 2
GAMG:  Solving for p, Initial residual = 9.021725781e-07, Final residual = 7.867232991e-09, No Iterations 3
GAMG:  Solving for p, Initial residual = 1.073465008e-07, Final residual = 5.452163578e-10, No Iterations 3
GAMG:  Solving for p, Initial residual = 1.776143936e-08, Final residual = 7.509597507e-11, No Iterations 3
time step continuity errors (region0): sum local = 6.189766619e-12, global = 1.456611766e-14, cumulative = 3.334886735e-08
smoothSolver:  Solving for omega, Initial residual = 3.203962287e-08, Final residual = 2.847513327e-09, No Iterations 1
smoothSolver:  Solving for k, Initial residual = 3.516625204e-08, Final residual = 3.054396796e-09, No Iterations 1

ExecutionTime = 3.68 s  ExecutionStepTime = 0.02 s  ClockTime = 3 s

forces FR write:
    Sum of forces
        Total    : ( 0.6197044286 0 -8.050665278 )
        Pressure : ( 0.5760424144 0 -8.051630797 )
        Viscous  : ( 0.04366201423 0 0.0009655191652 )
    Sum of moments
        Total    : ( -3.905744084 1.380226643 -0.3006468189 )
        Pressure : ( -3.906212501 1.382552236 -0.2794643889 )
        Viscous  : ( 0.0004684172844 -0.002325592676 -0.02118243001 )


liftDrag LD execute:
Viscous drag: 0.003625820468, pressure drag: 0.04783623507, porous drag: 0
Viscous lift: 8.017951561e-05, pressure lift: -0.6686308055, porous lift: 0
Total lift: -0.668550626, Front lift: -0.219657284, Rear lift: -0.448893342, Drag: 0.05146205554
Location of Center of Mass: ( 0.1583410946 0.4851455065 -0.0177077476 )
Location of Center Of Pressure: ( 0.1727204201 0.4851455065 -0.01660089104 )


yPlus yPlus execute:
    patch Bottom y+ : min = 1.540050274, max = 457.3222818, average = 236.099516
    patch Top y+ : min = 61.39336196, max = 468.757026, average = 265.027023
    patch e423_0 y+ : min = 148.2353484, max = 746.3995193, average = 397.6637773


################################################################################

Time = 333

Outer Loop Iteration = 333
smoothSolver:  Solving for Ux, Initial residual = 9.330460377e-07, Final residual = 1.978134898e-08, No Iterations 2
smoothSolver:  Solving for Uz, Initial residual = 6.018229188e-07, Final residual = 1.53253087e-08, No Iterations 2
GAMG:  Solving for p, Initial residual = 8.78554634e-07, Final residual = 7.706007429e-09, No Iterations 3
GAMG:  Solving for p, Initial residual = 1.047905349e-07, Final residual = 5.428395982e-10, No Iterations 3
GAMG:  Solving for p, Initial residual = 1.732582552e-08, Final residual = 7.405271243e-11, No Iterations 3
time step continuity errors (region0): sum local = 6.103646686e-12, global = 5.939762666e-14, cumulative = 3.334892675e-08
smoothSolver:  Solving for omega, Initial residual = 3.127056203e-08, Final residual = 2.781223948e-09, No Iterations 1
smoothSolver:  Solving for k, Initial residual = 3.433223894e-08, Final residual = 2.983276188e-09, No Iterations 1

ExecutionTime = 3.74 s  ExecutionStepTime = 0.06 s  ClockTime = 4 s

forces FR write:
    Sum of forces
        Total    : ( 0.6197042686 0 -8.05067331 )
        Pressure : ( 0.5760422254 0 -8.051638828 )
        Viscous  : ( 0.04366204325 0 0.0009655178583 )
    Sum of moments
        Total    : ( -3.90574798 1.380227854 -0.3006467413 )
        Pressure : ( -3.906216397 1.382553449 -0.2794642972 )
        Viscous  : ( 0.0004684166504 -0.002325594868 -0.02118244409 )


liftDrag LD execute:
Viscous drag: 0.003625822878, pressure drag: 0.04783621938, porous drag: 0
Viscous lift: 8.017940708e-05, pressure lift: -0.6686314724, porous lift: 0
Total lift: -0.668551293, Front lift: -0.219657517, Rear lift: -0.448893776, Drag: 0.05146204225
Location of Center of Mass: ( 0.1583410946 0.4851455065 -0.0177077476 )
Location of Center Of Pressure: ( 0.1727203981 0.4851455065 -0.01660089413 )


yPlus yPlus execute:
    patch Bottom y+ : min = 1.540047647, max = 457.3226041, average = 236.0997986
    patch Top y+ : min = 61.3933115, max = 468.7571227, average = 265.0270917
    patch e423_0 y+ : min = 148.2356867, max = 746.3998092, average = 397.6638853


################################################################################

Time = 334

Outer Loop Iteration = 334
smoothSolver:  Solving for Ux, Initial residual = 9.112082398e-07, Final residual = 1.936386485e-08, No Iterations 2
smoothSolver:  Solving for Uz, Initial residual = 5.9152918e-07, Final residual = 1.497756427e-08, No Iterations 2
GAMG:  Solving for p, Initial residual = 8.551686298e-07, Final residual = 7.544256082e-09, No Iterations 3
GAMG:  Solving for p, Initial residual = 1.022145647e-07, Final residual = 5.297176543e-10, No Iterations 3
GAMG:  Solving for p, Initial residual = 1.688416526e-08, Final residual = 7.229126506e-11, No Iterations 3
time step continuity errors (region0): sum local = 5.95849794e-12, global = -2.417281775e-14, cumulative = 3.334890258e-08
smoothSolver:  Solving for omega, Initial residual = 3.052089704e-08, Final residual = 2.716772312e-09, No Iterations 1
smoothSolver:  Solving for k, Initial residual = 3.351416652e-08, Final residual = 2.913926204e-09, No Iterations 1

ExecutionTime = 3.75 s  ExecutionStepTime = 0.01 s  ClockTime = 4 s

forces FR write:
    Sum of forces
        Total    : ( 0.6197041068 0 -8.050681177 )
        Pressure : ( 0.5760420352 0 -8.051646694 )
        Viscous  : ( 0.04366207162 0 0.0009655165274 )
    Sum of moments
        Total    : ( -3.905751797 1.380229038 -0.3006466627 )
        Pressure : ( -3.906220213 1.382554635 -0.2794642049 )
        Viscous  : ( 0.0004684160047 -0.002325597004 -0.02118245785 )


liftDrag LD execute:
Viscous drag: 0.003625825234, pressure drag: 0.04783620358, porous drag: 0
Viscous lift: 8.017929656e-05, pressure lift: -0.6686321256, porous lift: 0
Total lift: -0.6685519463, Front lift: -0.2196577453, Rear lift: -0.448894201, Drag: 0.05146202881
Location of Center of Mass: ( 0.1583410946 0.4851455065 -0.0177077476 )
Location of Center Of Pressure: ( 0.1727203763 0.4851455065 -0.01660089718 )


yPlus yPlus execute:
    patch Bottom y+ : min = 1.540045194, max = 457.3229365, average = 236.1000798
    patch Top y+ : min = 61.39326004, max = 468.7572362, average = 265.0271676
    patch e423_0 y+ : min = 148.2360192, max = 746.4000936, average = 397.6639908


################################################################################

Time = 335

Outer Loop Iteration = 335
smoothSolver:  Solving for Ux, Initial residual = 8.900336052e-07, Final residual = 1.895812914e-08, No Iterations 2
smoothSolver:  Solving for Uz, Initial residual = 5.807391734e-07, Final residual = 1.460913922e-08, No Iterations 2
GAMG:  Solving for p, Initial residual = 8.325670855e-07, Final residual = 7.397067059e-09, No Iterations 3
GAMG:  Solving for p, Initial residual = 9.963850513e-08, Final residual = 5.157543405e-10, No Iterations 3
GAMG:  Solving for p, Initial residual = 1.645375779e-08, Final residual = 7.095302025e-11, No Iterations 3
time step continuity errors (region0): sum local = 5.848245181e-12, global = -3.477480186e-14, cumulative = 3.33488678e-08
smoothSolver:  Solving for omega, Initial residual = 2.97882807e-08, Final residual = 2.654538073e-09, No Iterations 1
smoothSolver:  Solving for k, Initial residual = 3.27115319e-08, Final residual = 2.845976469e-09, No Iterations 1

ExecutionTime = 3.76 s  ExecutionStepTime = 0.01 s  ClockTime = 4 s

forces FR write:
    Sum of forces
        Total    : ( 0.6197039432 0 -8.050688883 )
        Pressure : ( 0.5760418438 0 -8.051654398 )
        Viscous  : ( 0.04366209936 0 0.0009655151742 )
    Sum of moments
        Total    : ( -3.905755535 1.380230196 -0.3006465834 )
        Pressure : ( -3.906223951 1.382555795 -0.2794641121 )
        Viscous  : ( 0.0004684153482 -0.002325599086 -0.02118247131 )


liftDrag LD execute:
Viscous drag: 0.003625827538, pressure drag: 0.04783618769, porous drag: 0
Viscous lift: 8.017918418e-05, pressure lift: -0.6686327654, porous lift: 0
Total lift: -0.6685525862, Front lift: -0.219657969, Rear lift: -0.4488946172, Drag: 0.05146201523
Location of Center of Mass: ( 0.1583410946 0.4851455065 -0.0177077476 )
Location of Center Of Pressure: ( 0.1727203547 0.4851455065 -0.01660090019 )


yPlus yPlus execute:
    patch Bottom y+ : min = 1.540042902, max = 457.3232776, average = 236.1003589
    patch Top y+ : min = 61.39320776, max = 468.7573656, average = 265.02725
    patch e423_0 y+ : min = 148.236346, max = 746.4003727, average = 397.6640938


################################################################################

Time = 336

Outer Loop Iteration = 336
smoothSolver:  Solving for Ux, Initial residual = 8.695348801e-07, Final residual = 1.856182135e-08, No Iterations 2
smoothSolver:  Solving for Uz, Initial residual = 5.69418988e-07, Final residual = 1.422316562e-08, No Iterations 2
GAMG:  Solving for p, Initial residual = 8.104960423e-07, Final residual = 7.236754136e-09, No Iterations 3
GAMG:  Solving for p, Initial residual = 9.703938884e-08, Final residual = 5.111146461e-10, No Iterations 3
GAMG:  Solving for p, Initial residual = 1.601023986e-08, Final residual = 6.887298049e-11, No Iterations 3
time step continuity errors (region0): sum local = 5.676902221e-12, global = -1.591853744e-14, cumulative = 3.334885188e-08
smoothSolver:  Solving for omega, Initial residual = 2.907411662e-08, Final residual = 2.593990019e-09, No Iterations 1
smoothSolver:  Solving for k, Initial residual = 3.192288197e-08, Final residual = 2.779385681e-09, No Iterations 1

ExecutionTime = 3.78 s  ExecutionStepTime = 0.02 s  ClockTime = 4 s

forces FR write:
    Sum of forces
        Total    : ( 0.619703778 0 -8.050696429 )
        Pressure : ( 0.5760416515 0 -8.051661943 )
        Viscous  : ( 0.04366212649 0 0.0009655138003 )
    Sum of moments
        Total    : ( -3.905759196 1.38023133 -0.3006465032 )
        Pressure : ( -3.906227611 1.382556931 -0.2794640188 )
        Viscous  : ( 0.0004684146817 -0.002325601114 -0.02118248447 )


liftDrag LD execute:
Viscous drag: 0.00362582979, pressure drag: 0.04783617172, porous drag: 0
Viscous lift: 8.017907009e-05, pressure lift: -0.6686333919, porous lift: 0
Total lift: -0.6685532128, Front lift: -0.2196581882, Rear lift: -0.4488950246, Drag: 0.05146200151
Location of Center of Mass: ( 0.1583410946 0.4851455065 -0.0177077476 )
Location of Center Of Pressure: ( 0.1727203335 0.4851455065 -0.01660090315 )


yPlus yPlus execute:
    patch Bottom y+ : min = 1.540040761, max = 457.3236259, average = 236.1006357
    patch Top y+ : min = 61.3931548, max = 468.7575098, average = 265.0273381
    patch e423_0 y+ : min = 148.2366672, max = 746.4006466, average = 397.6641945


################################################################################

Time = 337

Outer Loop Iteration = 337
smoothSolver:  Solving for Ux, Initial residual = 8.499646733e-07, Final residual = 1.817242671e-08, No Iterations 2
smoothSolver:  Solving for Uz, Initial residual = 5.575663e-07, Final residual = 1.382198489e-08, No Iterations 2
GAMG:  Solving for p, Initial residual = 7.890183273e-07, Final residual = 7.078841113e-09, No Iterations 3
GAMG:  Solving for p, Initial residual = 9.443938502e-08, Final residual = 5.017692346e-10, No Iterations 3
GAMG:  Solving for p, Initial residual = 1.559760076e-08, Final residual = 6.748724838e-11, No Iterations 3
time step continuity errors (region0): sum local = 5.562661296e-12, global = -4.485454133e-14, cumulative = 3.334880703e-08
smoothSolver:  Solving for omega, Initial residual = 2.837786371e-08, Final residual = 2.535064965e-09, No Iterations 1
smoothSolver:  Solving for k, Initial residual = 3.114836954e-08, Final residual = 2.71414481e-09, No Iterations 1

ExecutionTime = 3.79 s  ExecutionStepTime = 0.01 s  ClockTime = 4 s

forces FR write:
    Sum of forces
        Total    : ( 0.6197036114 0 -8.050703819 )
        Pressure : ( 0.5760414584 0 -8.051669331 )
        Viscous  : ( 0.04366215301 0 0.0009655124079 )
    Sum of moments
        Total    : ( -3.905762781 1.380232438 -0.3006464224 )
        Pressure : ( -3.906231195 1.382558041 -0.2794639251 )
        Viscous  : ( 0.0004684140062 -0.002325603091 -0.02118249734 )


liftDrag LD execute:
Viscous drag: 0.003625831993, pressure drag: 0.04783615569, porous drag: 0
Viscous lift: 8.017895446e-05, pressure lift: -0.6686340055, porous lift: 0
Total lift: -0.6685538265, Front lift: -0.2196584031, Rear lift: -0.4488954235, Drag: 0.05146198768
Location of Center of Mass: ( 0.1583410946 0.4851455065 -0.0177077476 )
Location of Center Of Pressure: ( 0.1727203125 0.4851455065 -0.01660090608 )


yPlus yPlus execute:
    patch Bottom y+ : min = 1.540038761, max = 457.3239801, average = 236.1009096
    patch Top y+ : min = 61.39310132, max = 468.7576675, average = 265.0274313
    patch e423_0 y+ : min = 148.2369827, max = 746.4009154, average = 397.6642929


################################################################################

Time = 338

Outer Loop Iteration = 338
smoothSolver:  Solving for Ux, Initial residual = 8.311723559e-07, Final residual = 1.779010515e-08, No Iterations 2
smoothSolver:  Solving for Uz, Initial residual = 5.452444422e-07, Final residual = 1.340760248e-08, No Iterations 2
GAMG:  Solving for p, Initial residual = 7.679143944e-07, Final residual = 6.91914273e-09, No Iterations 3
GAMG:  Solving for p, Initial residual = 9.184845203e-08, Final residual = 4.920264397e-10, No Iterations 3
GAMG:  Solving for p, Initial residual = 1.520353578e-08, Final residual = 6.603866789e-11, No Iterations 3
time step continuity errors (region0): sum local = 5.443264232e-12, global = -7.008549454e-14, cumulative = 3.334873694e-08
smoothSolver:  Solving for omega, Initial residual = 2.769992856e-08, Final residual = 2.477697804e-09, No Iterations 1
smoothSolver:  Solving for k, Initial residual = 3.039099379e-08, Final residual = 2.650558556e-09, No Iterations 1

ExecutionTime = 3.8 s  ExecutionStepTime = 0.01 s  ClockTime = 4 s

forces FR write:
    Sum of forces
        Total    : ( 0.6197034436 0 -8.050711055 )
        Pressure : ( 0.5760412646 0 -8.051676566 )
        Viscous  : ( 0.04366217895 0 0.0009655109994 )
    Sum of moments
        Total    : ( -3.905766292 1.380233522 -0.300646341 )
        Pressure : ( -3.906234705 1.382559127 -0.2794638311 )
        Viscous  : ( 0.0004684133228 -0.002325605018 -0.02118250992 )


liftDrag LD execute:
Viscous drag: 0.003625834147, pressure drag: 0.04783613959, porous drag: 0
Viscous lift: 8.017883749e-05, pressure lift: -0.6686346063, porous lift: 0
Total lift: -0.6685544274, Front lift: -0.2196586135, Rear lift: -0.4488958139, Drag: 0.05146197374
Location of Center of Mass: ( 0.1583410946 0.4851455065 -0.0177077476 )
Location of Center Of Pressure: ( 0.1727202918 0.4851455065 -0.01660090897 )


yPlus yPlus execute:
    patch Bottom y+ : min = 1.540036891, max = 457.3243388, average = 236.1011803
    patch Top y+ : min = 61.39304747, max = 468.7578375, average = 265.0275289
    patch e423_0 y+ : min = 148.2372927, max = 746.4011792, average = 397.664389


################################################################################

Time = 339

Outer Loop Iteration = 339
smoothSolver:  Solving for Ux, Initial residual = 8.126188195e-07, Final residual = 1.741420022e-08, No Iterations 2
smoothSolver:  Solving for Uz, Initial residual = 5.325773475e-07, Final residual = 1.298487518e-08, No Iterations 2
GAMG:  Solving for p, Initial residual = 7.472262906e-07, Final residual = 6.760294603e-09, No Iterations 3
GAMG:  Solving for p, Initial residual = 8.927542753e-08, Final residual = 4.819586543e-10, No Iterations 3
GAMG:  Solving for p, Initial residual = 1.481347014e-08, Final residual = 6.460973041e-11, No Iterations 3
time step continuity errors (region0): sum local = 5.325481698e-12, global = -9.652637786e-14, cumulative = 3.334864042e-08
smoothSolver:  Solving for omega, Initial residual = 2.704187862e-08, Final residual = 2.421857775e-09, No Iterations 1
smoothSolver:  Solving for k, Initial residual = 2.964972263e-08, Final residual = 2.588606289e-09, No Iterations 1

ExecutionTime = 3.81 s  ExecutionStepTime = 0.01 s  ClockTime = 4 s

forces FR write:
    Sum of forces
        Total    : ( 0.6197032747 0 -8.050718139 )
        Pressure : ( 0.5760410703 0 -8.051683649 )
        Viscous  : ( 0.04366220433 0 0.000965509577 )
    Sum of moments
        Total    : ( -3.905769729 1.380234582 -0.300646259 )
        Pressure : ( -3.906238142 1.382560188 -0.2794637368 )
        Viscous  : ( 0.0004684126328 -0.002325606896 -0.02118252223 )


liftDrag LD execute:
Viscous drag: 0.003625836254, pressure drag: 0.04783612346, porous drag: 0
Viscous lift: 8.017871938e-05, pressure lift: -0.6686351945, porous lift: 0
Total lift: -0.6685550158, Front lift: -0.2196588196, Rear lift: -0.4488961961, Drag: 0.05146195971
Location of Center of Mass: ( 0.1583410946 0.4851455065 -0.0177077476 )
Location of Center Of Pressure: ( 0.1727202713 0.4851455065 -0.01660091183 )


yPlus yPlus execute:
    patch Bottom y+ : min = 1.54003514, max = 457.3247006, average = 236.1014473
    patch Top y+ : min = 61.3929934, max = 468.7580187, average = 265.0276301
    patch e423_0 y+ : min = 148.2375971, max = 746.4014382, average = 397.664483


################################################################################

Time = 340

Outer Loop Iteration = 340
smoothSolver:  Solving for Ux, Initial residual = 7.945023148e-07, Final residual = 1.704450454e-08, No Iterations 2
smoothSolver:  Solving for Uz, Initial residual = 5.193251799e-07, Final residual = 1.255617494e-08, No Iterations 2
GAMG:  Solving for p, Initial residual = 7.276946384e-07, Final residual = 6.601390963e-09, No Iterations 3
GAMG:  Solving for p, Initial residual = 8.673049951e-08, Final residual = 4.71962184e-10, No Iterations 3
GAMG:  Solving for p, Initial residual = 1.442467821e-08, Final residual = 6.313192277e-11, No Iterations 3
time step continuity errors (region0): sum local = 5.203620017e-12, global = -1.183748912e-13, cumulative = 3.334852204e-08
smoothSolver:  Solving for omega, Initial residual = 2.640185787e-08, Final residual = 2.367472902e-09, No Iterations 1
smoothSolver:  Solving for k, Initial residual = 2.892572101e-08, Final residual = 2.527954075e-09, No Iterations 1

ExecutionTime = 3.81 s  ExecutionStepTime = 0 s  ClockTime = 4 s

forces FR write:
    Sum of forces
        Total    : ( 0.619703105 0 -8.050725075 )
        Pressure : ( 0.5760408759 0 -8.051690584 )
        Viscous  : ( 0.04366222915 0 0.0009655081436 )
    Sum of moments
        Total    : ( -3.905773094 1.380235618 -0.3006461767 )
        Pressure : ( -3.906241506 1.382561227 -0.2794636425 )
        Viscous  : ( 0.0004684119373 -0.002325608727 -0.02118253427 )


liftDrag LD execute:
Viscous drag: 0.003625838315, pressure drag: 0.04783610731, porous drag: 0
Viscous lift: 8.017860034e-05, pressure lift: -0.6686357703, porous lift: 0
Total lift: -0.6685555917, Front lift: -0.2196590216, Rear lift: -0.4488965702, Drag: 0.05146194562
Location of Center of Mass: ( 0.1583410946 0.4851455065 -0.0177077476 )
Location of Center Of Pressure: ( 0.1727202511 0.4851455065 -0.01660091464 )


yPlus yPlus execute:
    patch Bottom y+ : min = 1.540033499, max = 457.3250643, average = 236.1017102
    patch Top y+ : min = 61.39293926, max = 468.7582098, average = 265.0277343
    patch e423_0 y+ : min = 148.237896, max = 746.4016923, average = 397.6645748


################################################################################

Time = 341

Outer Loop Iteration = 341
smoothSolver:  Solving for Ux, Initial residual = 7.767368684e-07, Final residual = 1.668118084e-08, No Iterations 2
smoothSolver:  Solving for Uz, Initial residual = 5.056528169e-07, Final residual = 1.212483536e-08, No Iterations 2
GAMG:  Solving for p, Initial residual = 7.089294048e-07, Final residual = 6.44275709e-09, No Iterations 3
GAMG:  Solving for p, Initial residual = 8.421264937e-08, Final residual = 4.619232422e-10, No Iterations 3
GAMG:  Solving for p, Initial residual = 1.403733055e-08, Final residual = 6.168418375e-11, No Iterations 3
time step continuity errors (region0): sum local = 5.084379075e-12, global = -1.36153097e-13, cumulative = 3.334838589e-08
smoothSolver:  Solving for omega, Initial residual = 2.578036071e-08, Final residual = 2.314469243e-09, No Iterations 1
smoothSolver:  Solving for k, Initial residual = 2.821774189e-08, Final residual = 2.468607012e-09, No Iterations 1

ExecutionTime = 3.82 s  ExecutionStepTime = 0 s  ClockTime = 4 s

forces FR write:
    Sum of forces
        Total    : ( 0.6197029348 0 -8.050731865 )
        Pressure : ( 0.5760406814 0 -8.051697372 )
        Viscous  : ( 0.04366225343 0 0.0009655067017 )
    Sum of moments
        Total    : ( -3.905776388 1.380236631 -0.3006460942 )
        Pressure : ( -3.906244799 1.382562242 -0.2794635481 )
        Viscous  : ( 0.0004684112378 -0.002325610513 -0.02118254605 )


liftDrag LD execute:
Viscous drag: 0.003625840332, pressure drag: 0.04783609116, porous drag: 0
Viscous lift: 8.01784806e-05, pressure lift: -0.668636334, porous lift: 0
Total lift: -0.6685561556, Front lift: -0.2196592194, Rear lift: -0.4488969362, Drag: 0.05146193149
Location of Center of Mass: ( 0.1583410946 0.4851455065 -0.0177077476 )
Location of Center Of Pressure: ( 0.1727202311 0.4851455065 -0.01660091741 )


yPlus yPlus execute:
    patch Bottom y+ : min = 1.540031956, max = 457.3254285, average = 236.1019688
    patch Top y+ : min = 61.3928852, max = 468.7584095, average = 265.0278408
    patch e423_0 y+ : min = 148.2381894, max = 746.4019417, average = 397.6646645


################################################################################

Time = 342

Outer Loop Iteration = 342
smoothSolver:  Solving for Ux, Initial residual = 7.592699028e-07, Final residual = 1.632713182e-08, No Iterations 2
smoothSolver:  Solving for Uz, Initial residual = 4.918433104e-07, Final residual = 1.169077978e-08, No Iterations 2
GAMG:  Solving for p, Initial residual = 6.906802118e-07, Final residual = 6.284785759e-09, No Iterations 3
GAMG:  Solving for p, Initial residual = 8.185352733e-08, Final residual = 4.518180586e-10, No Iterations 3
GAMG:  Solving for p, Initial residual = 1.365012971e-08, Final residual = 6.032331276e-11, No Iterations 3
time step continuity errors (region0): sum local = 4.972206641e-12, global = -1.162869311e-13, cumulative = 3.33482696e-08
smoothSolver:  Solving for omega, Initial residual = 2.517631243e-08, Final residual = 2.262827738e-09, No Iterations 1
smoothSolver:  Solving for k, Initial residual = 2.752547416e-08, Final residual = 2.41057953e-09, No Iterations 1

ExecutionTime = 3.84 s  ExecutionStepTime = 0.01 s  ClockTime = 4 s

forces FR write:
    Sum of forces
        Total    : ( 0.6197027643 0 -8.05073851 )
        Pressure : ( 0.5760404871 0 -8.051704016 )
        Viscous  : ( 0.04366227719 0 0.0009655052542 )
    Sum of moments
        Total    : ( -3.905779612 1.380237622 -0.3006460114 )
        Pressure : ( -3.906248023 1.382563234 -0.2794634539 )
        Viscous  : ( 0.0004684105355 -0.002325612255 -0.02118255758 )


liftDrag LD execute:
Viscous drag: 0.003625842305, pressure drag: 0.04783607503, porous drag: 0
Viscous lift: 8.01783604e-05, pressure lift: -0.6686368858, porous lift: 0
Total lift: -0.6685567074, Front lift: -0.219659413, Rear lift: -0.4488972944, Drag: 0.05146191733
Location of Center of Mass: ( 0.1583410946 0.4851455065 -0.0177077476 )
Location of Center Of Pressure: ( 0.1727202114 0.4851455065 -0.01660092014 )


yPlus yPlus execute:
    patch Bottom y+ : min = 1.540030503, max = 457.3257921, average = 236.1022226
    patch Top y+ : min = 61.39283136, max = 468.7586167, average = 265.027949
    patch e423_0 y+ : min = 148.2384773, max = 746.4021864, average = 397.6647522


################################################################################

Time = 343

Outer Loop Iteration = 343
smoothSolver:  Solving for Ux, Initial residual = 7.420110567e-07, Final residual = 1.598220222e-08, No Iterations 2
smoothSolver:  Solving for Uz, Initial residual = 4.778566459e-07, Final residual = 1.125828958e-08, No Iterations 2
GAMG:  Solving for p, Initial residual = 6.727394114e-07, Final residual = 6.128434207e-09, No Iterations 3
GAMG:  Solving for p, Initial residual = 7.965772264e-08, Final residual = 4.447923747e-10, No Iterations 3
GAMG:  Solving for p, Initial residual = 1.326461334e-08, Final residual = 5.897752007e-11, No Iterations 3
time step continuity errors (region0): sum local = 4.861301441e-12, global = -1.348895073e-13, cumulative = 3.334813471e-08
smoothSolver:  Solving for omega, Initial residual = 2.458992074e-08, Final residual = 2.212466173e-09, No Iterations 1
smoothSolver:  Solving for k, Initial residual = 2.685104316e-08, Final residual = 2.353817185e-09, No Iterations 1

ExecutionTime = 3.85 s  ExecutionStepTime = 0.01 s  ClockTime = 4 s

forces FR write:
    Sum of forces
        Total    : ( 0.6197025938 0 -8.050745014 )
        Pressure : ( 0.5760402934 0 -8.051710517 )
        Viscous  : ( 0.04366230043 0 0.0009655038039 )
    Sum of moments
        Total    : ( -3.905782767 1.38023859 -0.3006459287 )
        Pressure : ( -3.906251177 1.382564204 -0.2794633599 )
        Viscous  : ( 0.0004684098319 -0.002325613954 -0.02118256885 )


liftDrag LD execute:
Viscous drag: 0.003625844235, pressure drag: 0.04783605894, porous drag: 0
Viscous lift: 8.017823996e-05, pressure lift: -0.6686374257, porous lift: 0
Total lift: -0.6685572475, Front lift: -0.2196596027, Rear lift: -0.4488976448, Drag: 0.05146190317
Location of Center of Mass: ( 0.1583410946 0.4851455065 -0.0177077476 )
Location of Center Of Pressure: ( 0.172720192 0.4851455065 -0.01660092284 )


yPlus yPlus execute:
    patch Bottom y+ : min = 1.540029129, max = 457.3261537, average = 236.1024715
    patch Top y+ : min = 61.39277786, max = 468.7588299, average = 265.0280582
    patch e423_0 y+ : min = 148.2387598, max = 746.4024266, average = 397.664838


################################################################################

Time = 344

Outer Loop Iteration = 344
smoothSolver:  Solving for Ux, Initial residual = 7.250296856e-07, Final residual = 1.564751842e-08, No Iterations 2
smoothSolver:  Solving for Uz, Initial residual = 4.637844309e-07, Final residual = 1.082887571e-08, No Iterations 2
GAMG:  Solving for p, Initial residual = 6.558943579e-07, Final residual = 5.973332911e-09, No Iterations 3
GAMG:  Solving for p, Initial residual = 7.757978692e-08, Final residual = 4.345695239e-10, No Iterations 3
GAMG:  Solving for p, Initial residual = 1.288194094e-08, Final residual = 5.766700369e-11, No Iterations 3
time step continuity errors (region0): sum local = 4.753231151e-12, global = -1.358969756e-13, cumulative = 3.334799882e-08
smoothSolver:  Solving for omega, Initial residual = 2.401924916e-08, Final residual = 2.163338618e-09, No Iterations 1
smoothSolver:  Solving for k, Initial residual = 2.619644801e-08, Final residual = 2.299562011e-09, No Iterations 1

ExecutionTime = 3.85 s  ExecutionStepTime = 0 s  ClockTime = 4 s

forces FR write:
    Sum of forces
        Total    : ( 0.6197024236 0 -8.050751377 )
        Pressure : ( 0.5760401004 0 -8.05171688 )
        Viscous  : ( 0.04366232317 0 0.0009655023536 )
    Sum of moments
        Total    : ( -3.905785854 1.380239536 -0.3006458461 )
        Pressure : ( -3.906254263 1.382565152 -0.2794632663 )
        Viscous  : ( 0.0004684091283 -0.002325615612 -0.02118257989 )


liftDrag LD execute:
Viscous drag: 0.003625846123, pressure drag: 0.04783604291, porous drag: 0
Viscous lift: 8.017811952e-05, pressure lift: -0.668637954, porous lift: 0
Total lift: -0.6685577759, Front lift: -0.2196597883, Rear lift: -0.4488979876, Drag: 0.05146188904
Location of Center of Mass: ( 0.1583410946 0.4851455065 -0.0177077476 )
Location of Center Of Pressure: ( 0.1727201729 0.4851455065 -0.01660092549 )


yPlus yPlus execute:
    patch Bottom y+ : min = 1.540027827, max = 457.3265124, average = 236.1027151
    patch Top y+ : min = 61.39272484, max = 468.7590481, average = 265.0281679
    patch e423_0 y+ : min = 148.2390369, max = 746.4026622, average = 397.6649218


################################################################################

Time = 345

Outer Loop Iteration = 345
smoothSolver:  Solving for Ux, Initial residual = 7.083266333e-07, Final residual = 1.531799833e-08, No Iterations 2
smoothSolver:  Solving for Uz, Initial residual = 4.499889958e-07, Final residual = 1.040183633e-08, No Iterations 2
GAMG:  Solving for p, Initial residual = 6.392583872e-07, Final residual = 5.820404079e-09, No Iterations 3
GAMG:  Solving for p, Initial residual = 7.555331753e-08, Final residual = 4.242443179e-10, No Iterations 3
GAMG:  Solving for p, Initial residual = 1.250280831e-08, Final residual = 5.633862054e-11, No Iterations 3
time step continuity errors (region0): sum local = 4.643852531e-12, global = -1.471037894e-13, cumulative = 3.334785171e-08
smoothSolver:  Solving for omega, Initial residual = 2.346504411e-08, Final residual = 2.115420287e-09, No Iterations 1
smoothSolver:  Solving for k, Initial residual = 2.556115513e-08, Final residual = 2.247600212e-09, No Iterations 1

ExecutionTime = 3.87 s  ExecutionStepTime = 0.01 s  ClockTime = 4 s

forces FR write:
    Sum of forces
        Total    : ( 0.6197022539 0 -8.050757603 )
        Pressure : ( 0.5760399085 0 -8.051723104 )
        Viscous  : ( 0.04366234542 0 0.0009655009063 )
    Sum of moments
        Total    : ( -3.905788875 1.380240461 -0.3006457638 )
        Pressure : ( -3.906257283 1.382566078 -0.2794631731 )
        Viscous  : ( 0.0004684084262 -0.002325617229 -0.02118259068 )


liftDrag LD execute:
Viscous drag: 0.003625847971, pressure drag: 0.04783602697, porous drag: 0
Viscous lift: 8.017799933e-05, pressure lift: -0.6686384709, porous lift: 0
Total lift: -0.6685582929, Front lift: -0.21965997, Rear lift: -0.4488983229, Drag: 0.05146187495
Location of Center of Mass: ( 0.1583410946 0.4851455065 -0.0177077476 )
Location of Center Of Pressure: ( 0.172720154 0.4851455065 -0.0166009281 )


yPlus yPlus execute:
    patch Bottom y+ : min = 1.540026587, max = 457.3268671, average = 236.1029532
    patch Top y+ : min = 61.39267242, max = 468.75927, average = 265.0282775
    patch e423_0 y+ : min = 148.2393085, max = 746.4028933, average = 397.6650038


################################################################################

Time = 346

Outer Loop Iteration = 346
smoothSolver:  Solving for Ux, Initial residual = 6.918379027e-07, Final residual = 1.49976098e-08, No Iterations 2
smoothSolver:  Solving for Uz, Initial residual = 4.360479391e-07, Final residual = 9.978663921e-09, No Iterations 2
GAMG:  Solving for p, Initial residual = 6.230942915e-07, Final residual = 5.669644833e-09, No Iterations 3
GAMG:  Solving for p, Initial residual = 7.355391358e-08, Final residual = 4.137361425e-10, No Iterations 3
GAMG:  Solving for p, Initial residual = 1.212781012e-08, Final residual = 5.500466561e-11, No Iterations 3
time step continuity errors (region0): sum local = 4.533738265e-12, global = -1.919217413e-13, cumulative = 3.334765979e-08
smoothSolver:  Solving for omega, Initial residual = 2.292581196e-08, Final residual = 2.06866981e-09, No Iterations 1
smoothSolver:  Solving for k, Initial residual = 2.494487129e-08, Final residual = 2.197136714e-09, No Iterations 1

ExecutionTime = 3.88 s  ExecutionStepTime = 0.01 s  ClockTime = 4 s

forces FR write:
    Sum of forces
        Total    : ( 0.619702085 0 -8.050763694 )
        Pressure : ( 0.5760397178 0 -8.051729193 )
        Viscous  : ( 0.0436623672 0 0.0009654994646 )
    Sum of moments
        Total    : ( -3.90579183 1.380241365 -0.3006456819 )
        Pressure : ( -3.906260237 1.382566983 -0.2794630806 )
        Viscous  : ( 0.0004684077267 -0.002325618808 -0.02118260125 )


liftDrag LD execute:
Viscous drag: 0.003625849779, pressure drag: 0.04783601114, porous drag: 0
Viscous lift: 8.017787961e-05, pressure lift: -0.6686389766, porous lift: 0
Total lift: -0.6685587987, Front lift: -0.2196601478, Rear lift: -0.4488986509, Drag: 0.05146186092
Location of Center of Mass: ( 0.1583410946 0.4851455065 -0.0177077476 )
Location of Center Of Pressure: ( 0.1727201355 0.4851455065 -0.01660093067 )


yPlus yPlus execute:
    patch Bottom y+ : min = 1.540025401, max = 457.3272167, average = 236.1031856
    patch Top y+ : min = 61.39262071, max = 468.7594945, average = 265.0283865
    patch e423_0 y+ : min = 148.2395747, max = 746.40312, average = 397.6650839


################################################################################

Time = 347

Outer Loop Iteration = 347
smoothSolver:  Solving for Ux, Initial residual = 6.755880171e-07, Final residual = 1.468966322e-08, No Iterations 2
smoothSolver:  Solving for Uz, Initial residual = 4.220106683e-07, Final residual = 9.561731994e-09, No Iterations 2
GAMG:  Solving for p, Initial residual = 6.074512727e-07, Final residual = 5.519752067e-09, No Iterations 3
GAMG:  Solving for p, Initial residual = 7.158799868e-08, Final residual = 4.033714858e-10, No Iterations 3
GAMG:  Solving for p, Initial residual = 1.175934023e-08, Final residual = 5.359119458e-11, No Iterations 3
time step continuity errors (region0): sum local = 4.41726854e-12, global = -2.353222594e-13, cumulative = 3.334742447e-08
smoothSolver:  Solving for omega, Initial residual = 2.240144097e-08, Final residual = 2.023039371e-09, No Iterations 1
smoothSolver:  Solving for k, Initial residual = 2.434651295e-08, Final residual = 2.148144958e-09, No Iterations 1

ExecutionTime = 3.89 s  ExecutionStepTime = 0.01 s  ClockTime = 4 s

forces FR write:
    Sum of forces
        Total    : ( 0.6197019172 0 -8.050769651 )
        Pressure : ( 0.5760395287 0 -8.051735149 )
        Viscous  : ( 0.0436623885 0 0.0009654980313 )
    Sum of moments
        Total    : ( -3.90579472 1.380242248 -0.3006456005 )
        Pressure : ( -3.906263127 1.382567868 -0.2794629889 )
        Viscous  : ( 0.0004684070314 -0.002325620349 -0.02118261158 )


liftDrag LD execute:
Viscous drag: 0.003625851549, pressure drag: 0.04783599544, porous drag: 0
Viscous lift: 8.017776059e-05, pressure lift: -0.6686394711, porous lift: 0
Total lift: -0.6685592934, Front lift: -0.2196603219, Rear lift: -0.4488989715, Drag: 0.05146184699
Location of Center of Mass: ( 0.1583410946 0.4851455065 -0.0177077476 )
Location of Center Of Pressure: ( 0.1727201172 0.4851455065 -0.01660093319 )


yPlus yPlus execute:
    patch Bottom y+ : min = 1.540024261, max = 457.3275605, average = 236.1034122
    patch Top y+ : min = 61.39256982, max = 468.7597206, average = 265.0284944
    patch e423_0 y+ : min = 148.2398355, max = 746.4033422, average = 397.6651622


################################################################################

Time = 348

Outer Loop Iteration = 348
smoothSolver:  Solving for Ux, Initial residual = 6.595812948e-07, Final residual = 1.438987482e-08, No Iterations 2
smoothSolver:  Solving for Uz, Initial residual = 4.079059138e-07, Final residual = 9.153376179e-09, No Iterations 2
GAMG:  Solving for p, Initial residual = 5.925885267e-07, Final residual = 5.371746217e-09, No Iterations 3
GAMG:  Solving for p, Initial residual = 6.970115851e-08, Final residual = 3.93045245e-10, No Iterations 3
GAMG:  Solving for p, Initial residual = 1.139705298e-08, Final residual = 5.207584489e-11, No Iterations 3
time step continuity errors (region0): sum local = 4.292529954e-12, global = -2.436950278e-13, cumulative = 3.334718077e-08
smoothSolver:  Solving for omega, Initial residual = 2.189159781e-08, Final residual = 1.978492851e-09, No Iterations 1
smoothSolver:  Solving for k, Initial residual = 2.376498583e-08, Final residual = 2.10135086e-09, No Iterations 1

ExecutionTime = 3.9 s  ExecutionStepTime = 0.01 s  ClockTime = 4 s

forces FR write:
    Sum of forces
        Total    : ( 0.6197017508 0 -8.050775476 )
        Pressure : ( 0.5760393414 0 -8.051740973 )
        Viscous  : ( 0.04366240935 0 0.0009654966092 )
    Sum of moments
        Total    : ( -3.905797546 1.38024311 -0.3006455197 )
        Pressure : ( -3.906265952 1.382568732 -0.279462898 )
        Viscous  : ( 0.0004684063414 -0.002325621854 -0.0211826217 )


liftDrag LD execute:
Viscous drag: 0.00362585328, pressure drag: 0.04783597989, porous drag: 0
Viscous lift: 8.017764249e-05, pressure lift: -0.6686399548, porous lift: 0
Total lift: -0.6685597772, Front lift: -0.2196604921, Rear lift: -0.4488992851, Drag: 0.05146183317
Location of Center of Mass: ( 0.1583410946 0.4851455065 -0.0177077476 )
Location of Center Of Pressure: ( 0.1727200992 0.4851455065 -0.01660093567 )


yPlus yPlus execute:
    patch Bottom y+ : min = 1.540023161, max = 457.3278976, average = 236.1036327
    patch Top y+ : min = 61.39251985, max = 468.759947, average = 265.0286007
    patch e423_0 y+ : min = 148.240091, max = 746.4035602, average = 397.6652389


################################################################################

Time = 349

Outer Loop Iteration = 349
smoothSolver:  Solving for Ux, Initial residual = 6.438394449e-07, Final residual = 1.409530783e-08, No Iterations 2
smoothSolver:  Solving for Uz, Initial residual = 3.937955831e-07, Final residual = 8.753343756e-09, No Iterations 2
GAMG:  Solving for p, Initial residual = 5.791477144e-07, Final residual = 5.225400635e-09, No Iterations 3
GAMG:  Solving for p, Initial residual = 6.814996394e-08, Final residual = 3.830030043e-10, No Iterations 3
GAMG:  Solving for p, Initial residual = 1.10415986e-08, Final residual = 5.06962436e-11, No Iterations 3
time step continuity errors (region0): sum local = 4.178738081e-12, global = -2.548567069e-13, cumulative = 3.334692592e-08
smoothSolver:  Solving for omega, Initial residual = 2.139500621e-08, Final residual = 1.934981238e-09, No Iterations 1
smoothSolver:  Solving for k, Initial residual = 2.319919365e-08, Final residual = 2.055464894e-09, No Iterations 1

ExecutionTime = 3.91 s  ExecutionStepTime = 0.01 s  ClockTime = 4 s

forces FR write:
    Sum of forces
        Total    : ( 0.6197015859 0 -8.050781172 )
        Pressure : ( 0.5760391562 0 -8.051746668 )
        Viscous  : ( 0.04366242976 0 0.0009654952006 )
    Sum of moments
        Total    : ( -3.905800309 1.380243953 -0.3006454398 )
        Pressure : ( -3.906268715 1.382569576 -0.2794628082 )
        Viscous  : ( 0.0004684056581 -0.002325623324 -0.0211826316 )


liftDrag LD execute:
Viscous drag: 0.003625854974, pressure drag: 0.0478359645, porous drag: 0
Viscous lift: 8.017752552e-05, pressure lift: -0.6686404277, porous lift: 0
Total lift: -0.6685602502, Front lift: -0.2196606586, Rear lift: -0.4488995916, Drag: 0.05146181948
Location of Center of Mass: ( 0.1583410946 0.4851455065 -0.0177077476 )
Location of Center Of Pressure: ( 0.1727200816 0.4851455065 -0.01660093811 )


yPlus yPlus execute:
    patch Bottom y+ : min = 1.540022094, max = 457.3282272, average = 236.1038471
    patch Top y+ : min = 61.39247089, max = 468.760173, average = 265.0287051
    patch e423_0 y+ : min = 148.2403411, max = 746.4037738, average = 397.6653138


################################################################################

Time = 350

Outer Loop Iteration = 350
smoothSolver:  Solving for Ux, Initial residual = 6.284562949e-07, Final residual = 1.380828973e-08, No Iterations 2
smoothSolver:  Solving for Uz, Initial residual = 3.797640128e-07, Final residual = 8.364193945e-09, No Iterations 2
GAMG:  Solving for p, Initial residual = 5.658813321e-07, Final residual = 5.081977655e-09, No Iterations 3
GAMG:  Solving for p, Initial residual = 6.667815041e-08, Final residual = 3.727333067e-10, No Iterations 3
GAMG:  Solving for p, Initial residual = 1.078973786e-08, Final residual = 4.931482912e-11, No Iterations 3
time step continuity errors (region0): sum local = 4.064789365e-12, global = -2.664488447e-13, cumulative = 3.334665947e-08
smoothSolver:  Solving for omega, Initial residual = 2.091476485e-08, Final residual = 1.892480891e-09, No Iterations 1
smoothSolver:  Solving for k, Initial residual = 2.264888831e-08, Final residual = 2.010401128e-09, No Iterations 1

ExecutionTime = 3.91 s  ExecutionStepTime = 0 s  ClockTime = 4 s

forces FR write:
    Sum of forces
        Total    : ( 0.6197014229 0 -8.050786741 )
        Pressure : ( 0.5760389732 0 -8.051752235 )
        Viscous  : ( 0.04366244972 0 0.0009654938082 )
    Sum of moments
        Total    : ( -3.905803011 1.380244776 -0.3006453607 )
        Pressure : ( -3.906271416 1.382570401 -0.2794627194 )
        Viscous  : ( 0.0004684049826 -0.00232562476 -0.02118264128 )


liftDrag LD execute:
Viscous drag: 0.003625856632, pressure drag: 0.04783594931, porous drag: 0
Viscous lift: 8.017740989e-05, pressure lift: -0.6686408901, porous lift: 0
Total lift: -0.6685607127, Front lift: -0.2196608215, Rear lift: -0.4488998912, Drag: 0.05146180594
Location of Center of Mass: ( 0.1583410946 0.4851455065 -0.0177077476 )
Location of Center Of Pressure: ( 0.1727200642 0.4851455065 -0.01660094051 )


yPlus yPlus execute:
    patch Bottom y+ : min = 1.540021053, max = 457.3285487, average = 236.1040553
    patch Top y+ : min = 61.392423, max = 468.7603974, average = 265.0288072
    patch e423_0 y+ : min = 148.2405859, max = 746.4039831, average = 397.6653871


################################################################################

Time = 351

Outer Loop Iteration = 351
smoothSolver:  Solving for Ux, Initial residual = 6.134229639e-07, Final residual = 1.352650167e-08, No Iterations 2
smoothSolver:  Solving for Uz, Initial residual = 3.6587688e-07, Final residual = 7.988955894e-09, No Iterations 2
GAMG:  Solving for p, Initial residual = 5.535914255e-07, Final residual = 4.941229809e-09, No Iterations 3
GAMG:  Solving for p, Initial residual = 6.519156974e-08, Final residual = 3.625308715e-10, No Iterations 3
GAMG:  Solving for p, Initial residual = 1.054459674e-08, Final residual = 4.802104011e-11, No Iterations 3
time step continuity errors (region0): sum local = 3.958187125e-12, global = -2.747456899e-13, cumulative = 3.334638472e-08
smoothSolver:  Solving for omega, Initial residual = 2.045061811e-08, Final residual = 1.850951024e-09, No Iterations 1
smoothSolver:  Solving for k, Initial residual = 2.211323348e-08, Final residual = 1.966139608e-09, No Iterations 1

ExecutionTime = 3.92 s  ExecutionStepTime = 0.01 s  ClockTime = 4 s

forces FR write:
    Sum of forces
        Total    : ( 0.619701262 0 -8.050792185 )
        Pressure : ( 0.5760387928 0 -8.051757677 )
        Viscous  : ( 0.04366246926 0 0.0009654924341 )
    Sum of moments
        Total    : ( -3.905805652 1.38024558 -0.3006452826 )
        Pressure : ( -3.906274056 1.382571207 -0.2794626319 )
        Viscous  : ( 0.0004684043159 -0.002325626163 -0.02118265076 )


liftDrag LD execute:
Viscous drag: 0.003625858255, pressure drag: 0.04783593433, porous drag: 0
Viscous lift: 8.017729578e-05, pressure lift: -0.668641342, porous lift: 0
Total lift: -0.6685611647, Front lift: -0.2196609808, Rear lift: -0.448900184, Drag: 0.05146179258
Location of Center of Mass: ( 0.1583410946 0.4851455065 -0.0177077476 )
Location of Center Of Pressure: ( 0.1727200471 0.4851455065 -0.01660094285 )


yPlus yPlus execute:
    patch Bottom y+ : min = 1.540020033, max = 457.3288616, average = 236.1042572
    patch Top y+ : min = 61.39237627, max = 468.7606195, average = 265.0289065
    patch e423_0 y+ : min = 148.2408254, max = 746.4041882, average = 397.6654587


################################################################################

Time = 352

Outer Loop Iteration = 352
smoothSolver:  Solving for Ux, Initial residual = 5.986558465e-07, Final residual = 1.325373697e-08, No Iterations 2
smoothSolver:  Solving for Uz, Initial residual = 3.521933195e-07, Final residual = 7.626038989e-09, No Iterations 2
GAMG:  Solving for p, Initial residual = 5.414830963e-07, Final residual = 4.815223874e-09, No Iterations 3
GAMG:  Solving for p, Initial residual = 6.370529327e-08, Final residual = 3.541079688e-10, No Iterations 3
GAMG:  Solving for p, Initial residual = 1.030038566e-08, Final residual = 4.673624922e-11, No Iterations 3
time step continuity errors (region0): sum local = 3.852294342e-12, global = -2.750356723e-13, cumulative = 3.334610969e-08
smoothSolver:  Solving for omega, Initial residual = 2.000350552e-08, Final residual = 1.810350598e-09, No Iterations 1
smoothSolver:  Solving for k, Initial residual = 2.15915854e-08, Final residual = 1.92272134e-09, No Iterations 1

ExecutionTime = 3.93 s  ExecutionStepTime = 0.01 s  ClockTime = 4 s

forces FR write:
    Sum of forces
        Total    : ( 0.6197011035 0 -8.050797506 )
        Pressure : ( 0.5760386151 0 -8.051762997 )
        Viscous  : ( 0.04366248837 0 0.0009654910806 )
    Sum of moments
        Total    : ( -3.905808233 1.380246366 -0.3006452057 )
        Pressure : ( -3.906276637 1.382571993 -0.2794625457 )
        Viscous  : ( 0.0004684036593 -0.002325627534 -0.02118266003 )


liftDrag LD execute:
Viscous drag: 0.003625859842, pressure drag: 0.04783591957, porous drag: 0
Viscous lift: 8.017718338e-05, pressure lift: -0.6686417837, porous lift: 0
Total lift: -0.6685616065, Front lift: -0.2196611364, Rear lift: -0.4489004701, Drag: 0.05146177941
Location of Center of Mass: ( 0.1583410946 0.4851455065 -0.0177077476 )
Location of Center Of Pressure: ( 0.1727200304 0.4851455065 -0.01660094516 )


yPlus yPlus execute:
    patch Bottom y+ : min = 1.540019028, max = 457.3291652, average = 236.1044528
    patch Top y+ : min = 61.39233075, max = 468.7608384, average = 265.0290029
    patch e423_0 y+ : min = 148.2410596, max = 746.4043891, average = 397.6655288


################################################################################

Time = 353

Outer Loop Iteration = 353
smoothSolver:  Solving for Ux, Initial residual = 5.842439779e-07, Final residual = 1.299177151e-08, No Iterations 2
smoothSolver:  Solving for Uz, Initial residual = 3.388100593e-07, Final residual = 7.276991846e-09, No Iterations 2
GAMG:  Solving for p, Initial residual = 5.292823016e-07, Final residual = 4.678958071e-09, No Iterations 3
GAMG:  Solving for p, Initial residual = 6.221311382e-08, Final residual = 3.441001434e-10, No Iterations 3
GAMG:  Solving for p, Initial residual = 1.005323868e-08, Final residual = 4.533897428e-11, No Iterations 3
time step continuity errors (region0): sum local = 3.737138906e-12, global = -2.779256785e-13, cumulative = 3.334583176e-08
smoothSolver:  Solving for omega, Initial residual = 1.956841646e-08, Final residual = 1.770643862e-09, No Iterations 1
smoothSolver:  Solving for k, Initial residual = 2.108376334e-08, Final residual = 1.880086431e-09, No Iterations 1

ExecutionTime = 3.94 s  ExecutionStepTime = 0.01 s  ClockTime = 4 s

forces FR write:
    Sum of forces
        Total    : ( 0.6197009474 0 -8.050802705 )
        Pressure : ( 0.5760384403 0 -8.051768195 )
        Viscous  : ( 0.04366250708 0 0.0009654897496 )
    Sum of moments
        Total    : ( -3.905810756 1.380247133 -0.30064513 )
        Pressure : ( -3.906279159 1.382572762 -0.2794624609 )
        Viscous  : ( 0.0004684030136 -0.002325628873 -0.02118266911 )


liftDrag LD execute:
Viscous drag: 0.003625861395, pressure drag: 0.04783590506, porous drag: 0
Viscous lift: 8.017707285e-05, pressure lift: -0.6686422154, porous lift: 0
Total lift: -0.6685620383, Front lift: -0.2196612886, Rear lift: -0.4489007497, Drag: 0.05146176645
Location of Center of Mass: ( 0.1583410946 0.4851455065 -0.0177077476 )
Location of Center Of Pressure: ( 0.172720014 0.4851455065 -0.01660094741 )


yPlus yPlus execute:
    patch Bottom y+ : min = 1.540018035, max = 457.3294592, average = 236.1046421
    patch Top y+ : min = 61.39228651, max = 468.7610534, average = 265.0290961
    patch e423_0 y+ : min = 148.2412887, max = 746.4045859, average = 397.6655973


################################################################################

Time = 354

Outer Loop Iteration = 354
smoothSolver:  Solving for Ux, Initial residual = 5.701197649e-07, Final residual = 1.273248689e-08, No Iterations 2
smoothSolver:  Solving for Uz, Initial residual = 3.257777156e-07, Final residual = 6.941845951e-09, No Iterations 2
GAMG:  Solving for p, Initial residual = 5.170510107e-07, Final residual = 4.5452728e-09, No Iterations 3
GAMG:  Solving for p, Initial residual = 6.072124196e-08, Final residual = 3.342225154e-10, No Iterations 3
GAMG:  Solving for p, Initial residual = 9.805245755e-09, Final residual = 4.406141983e-11, No Iterations 3
time step continuity errors (region0): sum local = 3.631856045e-12, global = -2.783081253e-13, cumulative = 3.334555345e-08
smoothSolver:  Solving for omega, Initial residual = 1.914521926e-08, Final residual = 1.731794239e-09, No Iterations 1
smoothSolver:  Solving for k, Initial residual = 2.058938725e-08, Final residual = 1.838259957e-09, No Iterations 1

ExecutionTime = 3.95 s  ExecutionStepTime = 0.01 s  ClockTime = 4 s

forces FR write:
    Sum of forces
        Total    : ( 0.619700794 0 -8.050807785 )
        Pressure : ( 0.5760382687 0 -8.051773274 )
        Viscous  : ( 0.04366252538 0 0.0009654884431 )
    Sum of moments
        Total    : ( -3.90581322 1.380247882 -0.3006450556 )
        Pressure : ( -3.906281623 1.382573512 -0.2794623776 )
        Viscous  : ( 0.0004684023797 -0.002325630183 -0.02118267799 )


liftDrag LD execute:
Viscous drag: 0.003625862915, pressure drag: 0.0478358908, porous drag: 0
Viscous lift: 8.017696436e-05, pressure lift: -0.6686426372, porous lift: 0
Total lift: -0.6685624602, Front lift: -0.2196614374, Rear lift: -0.4489010228, Drag: 0.05146175372
Location of Center of Mass: ( 0.1583410946 0.4851455065 -0.0177077476 )
Location of Center Of Pressure: ( 0.1727199979 0.4851455065 -0.01660094963 )


yPlus yPlus execute:
    patch Bottom y+ : min = 1.540017048, max = 457.3297432, average = 236.1048251
    patch Top y+ : min = 61.39224357, max = 468.7612637, average = 265.0291858
    patch e423_0 y+ : min = 148.2415125, max = 746.4047785, average = 397.6656644


################################################################################

Time = 355

Outer Loop Iteration = 355
smoothSolver:  Solving for Ux, Initial residual = 5.563351558e-07, Final residual = 1.247551654e-08, No Iterations 2
smoothSolver:  Solving for Uz, Initial residual = 3.131590886e-07, Final residual = 6.624087344e-09, No Iterations 2
GAMG:  Solving for p, Initial residual = 5.047908752e-07, Final residual = 4.414887394e-09, No Iterations 3
GAMG:  Solving for p, Initial residual = 5.923077879e-08, Final residual = 3.245006653e-10, No Iterations 3
GAMG:  Solving for p, Initial residual = 9.55859514e-09, Final residual = 4.280996258e-11, No Iterations 3
time step continuity errors (region0): sum local = 3.528455366e-12, global = -2.761828662e-13, cumulative = 3.334527727e-08
smoothSolver:  Solving for omega, Initial residual = 1.873202352e-08, Final residual = 1.693864756e-09, No Iterations 1
smoothSolver:  Solving for k, Initial residual = 2.010765334e-08, Final residual = 1.797275125e-09, No Iterations 1

ExecutionTime = 3.95 s  ExecutionStepTime = 0 s  ClockTime = 4 s

forces FR write:
    Sum of forces
        Total    : ( 0.6197006436 0 -8.050812749 )
        Pressure : ( 0.5760381003 0 -8.051778236 )
        Viscous  : ( 0.04366254328 0 0.0009654871627 )
    Sum of moments
        Total    : ( -3.905815628 1.380248613 -0.3006449826 )
        Pressure : ( -3.90628403 1.382574245 -0.2794622959 )
        Viscous  : ( 0.0004684017585 -0.002325631464 -0.02118268667 )


liftDrag LD execute:
Viscous drag: 0.003625864402, pressure drag: 0.04783587682, porous drag: 0
Viscous lift: 8.017685803e-05, pressure lift: -0.6686430492, porous lift: 0
Total lift: -0.6685628724, Front lift: -0.2196615827, Rear lift: -0.4489012897, Drag: 0.05146174122
Location of Center of Mass: ( 0.1583410946 0.4851455065 -0.0177077476 )
Location of Center Of Pressure: ( 0.1727199821 0.4851455065 -0.01660095179 )


yPlus yPlus execute:
    patch Bottom y+ : min = 1.540016065, max = 457.330017, average = 236.1050019
    patch Top y+ : min = 61.39220199, max = 468.7614689, average = 265.0292718
    patch e423_0 y+ : min = 148.2417312, max = 746.404967, average = 397.6657299


################################################################################

Time = 356

Outer Loop Iteration = 356
smoothSolver:  Solving for Ux, Initial residual = 5.428564226e-07, Final residual = 1.222279909e-08, No Iterations 2
smoothSolver:  Solving for Uz, Initial residual = 3.010348268e-07, Final residual = 6.326585891e-09, No Iterations 2
GAMG:  Solving for p, Initial residual = 4.925669287e-07, Final residual = 4.287707611e-09, No Iterations 3
GAMG:  Solving for p, Initial residual = 5.774034179e-08, Final residual = 3.149515984e-10, No Iterations 3
GAMG:  Solving for p, Initial residual = 9.312952797e-09, Final residual = 4.158226393e-11, No Iterations 3
time step continuity errors (region0): sum local = 3.427468145e-12, global = -2.718872959e-13, cumulative = 3.334500538e-08
smoothSolver:  Solving for omega, Initial residual = 1.832824242e-08, Final residual = 1.656768814e-09, No Iterations 1
smoothSolver:  Solving for k, Initial residual = 1.963734672e-08, Final residual = 1.757035636e-09, No Iterations 1

ExecutionTime = 3.97 s  ExecutionStepTime = 0.02 s  ClockTime = 4 s

forces FR write:
    Sum of forces
        Total    : ( 0.6197004962 0 -8.050817597 )
        Pressure : ( 0.5760379354 0 -8.051783083 )
        Viscous  : ( 0.0436625608 0 0.00096548591 )
    Sum of moments
        Total    : ( -3.905817981 1.380249328 -0.3006449111 )
        Pressure : ( -3.906286382 1.38257496 -0.2794622159 )
        Viscous  : ( 0.0004684011508 -0.002325632716 -0.02118269517 )


liftDrag LD execute:
Viscous drag: 0.003625865857, pressure drag: 0.04783586312, porous drag: 0
Viscous lift: 8.017675399e-05, pressure lift: -0.6686434518, porous lift: 0
Total lift: -0.668563275, Front lift: -0.2196617247, Rear lift: -0.4489015503, Drag: 0.05146172898
Location of Center of Mass: ( 0.1583410946 0.4851455065 -0.0177077476 )
Location of Center Of Pressure: ( 0.1727199667 0.4851455065 -0.01660095391 )


yPlus yPlus execute:
    patch Bottom y+ : min = 1.540015082, max = 457.3302802, average = 236.1051725
    patch Top y+ : min = 61.39216178, max = 468.7616683, average = 265.0293541
    patch e423_0 y+ : min = 148.2419448, max = 746.4051514, average = 397.665794


################################################################################

Time = 357

Outer Loop Iteration = 357
smoothSolver:  Solving for Ux, Initial residual = 5.296836852e-07, Final residual = 1.197381978e-08, No Iterations 2
smoothSolver:  Solving for Uz, Initial residual = 2.89397848e-07, Final residual = 6.046910875e-09, No Iterations 2
GAMG:  Solving for p, Initial residual = 4.804157959e-07, Final residual = 4.163538476e-09, No Iterations 3
GAMG:  Solving for p, Initial residual = 5.625425278e-08, Final residual = 3.055849043e-10, No Iterations 3
GAMG:  Solving for p, Initial residual = 9.068188546e-09, Final residual = 4.041702752e-11, No Iterations 3
time step continuity errors (region0): sum local = 3.331483517e-12, global = -2.655334435e-13, cumulative = 3.334473985e-08
smoothSolver:  Solving for omega, Initial residual = 1.793364261e-08, Final residual = 1.620452911e-09, No Iterations 1
smoothSolver:  Solving for k, Initial residual = 1.917848978e-08, Final residual = 1.717529345e-09, No Iterations 1

ExecutionTime = 3.98 s  ExecutionStepTime = 0.01 s  ClockTime = 4 s

forces FR write:
    Sum of forces
        Total    : ( 0.619700352 0 -8.050822333 )
        Pressure : ( 0.576037774 0 -8.051787817 )
        Viscous  : ( 0.04366257793 0 0.0009654846862 )
    Sum of moments
        Total    : ( -3.905820278 1.380250025 -0.3006448411 )
        Pressure : ( -3.906288679 1.382575659 -0.2794621376 )
        Viscous  : ( 0.0004684005571 -0.002325633941 -0.02118270349 )


liftDrag LD execute:
Viscous drag: 0.00362586728, pressure drag: 0.04783584972, porous drag: 0
Viscous lift: 8.017665237e-05, pressure lift: -0.6686438449, porous lift: 0
Total lift: -0.6685636683, Front lift: -0.2196618634, Rear lift: -0.4489018048, Drag: 0.051461717
Location of Center of Mass: ( 0.1583410946 0.4851455065 -0.0177077476 )
Location of Center Of Pressure: ( 0.1727199516 0.4851455065 -0.01660095598 )


yPlus yPlus execute:
    patch Bottom y+ : min = 1.540014096, max = 457.3305329, average = 236.105337
    patch Top y+ : min = 61.39212296, max = 468.7618615, average = 265.0294324
    patch e423_0 y+ : min = 148.2421534, max = 746.4053318, average = 397.6658567


################################################################################

Time = 358

Outer Loop Iteration = 358
smoothSolver:  Solving for Ux, Initial residual = 5.169004038e-07, Final residual = 1.172841902e-08, No Iterations 2
smoothSolver:  Solving for Uz, Initial residual = 2.782029155e-07, Final residual = 5.783911923e-09, No Iterations 2
GAMG:  Solving for p, Initial residual = 4.684628304e-07, Final residual = 4.043072247e-09, No Iterations 3
GAMG:  Solving for p, Initial residual = 5.477748833e-08, Final residual = 2.964188662e-10, No Iterations 3
GAMG:  Solving for p, Initial residual = 8.824804871e-09, Final residual = 3.924641555e-11, No Iterations 3
time step continuity errors (region0): sum local = 3.234924145e-12, global = -2.57427647e-13, cumulative = 3.334448242e-08
smoothSolver:  Solving for omega, Initial residual = 1.754883659e-08, Final residual = 1.58488803e-09, No Iterations 1
smoothSolver:  Solving for k, Initial residual = 1.873063866e-08, Final residual = 1.678733452e-09, No Iterations 1

ExecutionTime = 3.99 s  ExecutionStepTime = 0.01 s  ClockTime = 4 s

forces FR write:
    Sum of forces
        Total    : ( 0.6197002111 0 -8.050826958 )
        Pressure : ( 0.5760376164 0 -8.051792441 )
        Viscous  : ( 0.0436625947 0 0.0009654834925 )
    Sum of moments
        Total    : ( -3.905822522 1.380250706 -0.3006447728 )
        Pressure : ( -3.906290922 1.382576341 -0.2794620611 )
        Viscous  : ( 0.000468399978 -0.002325635139 -0.02118271162 )


liftDrag LD execute:
Viscous drag: 0.003625868672, pressure drag: 0.04783583663, porous drag: 0
Viscous lift: 8.017655325e-05, pressure lift: -0.6686442289, porous lift: 0
Total lift: -0.6685640523, Front lift: -0.2196619989, Rear lift: -0.4489020534, Drag: 0.0514617053
Location of Center of Mass: ( 0.1583410946 0.4851455065 -0.0177077476 )
Location of Center Of Pressure: ( 0.1727199368 0.4851455065 -0.016600958 )


yPlus yPlus execute:
    patch Bottom y+ : min = 1.540013105, max = 457.3307749, average = 236.1054956
    patch Top y+ : min = 61.39208555, max = 468.7620481, average = 265.0295068
    patch e423_0 y+ : min = 148.242357, max = 746.4055083, average = 397.6659181


################################################################################

Time = 359

Outer Loop Iteration = 359
smoothSolver:  Solving for Ux, Initial residual = 5.044526652e-07, Final residual = 1.148516321e-08, No Iterations 2
smoothSolver:  Solving for Uz, Initial residual = 2.674605914e-07, Final residual = 5.539585279e-09, No Iterations 2
GAMG:  Solving for p, Initial residual = 4.566008927e-07, Final residual = 3.926017442e-09, No Iterations 3
GAMG:  Solving for p, Initial residual = 5.331133891e-08, Final residual = 2.87476224e-10, No Iterations 3
GAMG:  Solving for p, Initial residual = 8.583286988e-09, Final residual = 3.810525235e-11, No Iterations 3
time step continuity errors (region0): sum local = 3.140947737e-12, global = -2.477829819e-13, cumulative = 3.334423464e-08
smoothSolver:  Solving for omega, Initial residual = 1.717294977e-08, Final residual = 1.550096391e-09, No Iterations 1
smoothSolver:  Solving for k, Initial residual = 1.829532194e-08, Final residual = 1.640669583e-09, No Iterations 1

ExecutionTime = 4 s  ExecutionStepTime = 0.01 s  ClockTime = 4 s

forces FR write:
    Sum of forces
        Total    : ( 0.6197000736 0 -8.050831474 )
        Pressure : ( 0.5760374625 0 -8.051796956 )
        Viscous  : ( 0.04366261109 0 0.0009654823301 )
    Sum of moments
        Total    : ( -3.905824713 1.380251371 -0.3006447061 )
        Pressure : ( -3.906293112 1.382577007 -0.2794619865 )
        Viscous  : ( 0.000468399414 -0.002325636311 -0.02118271957 )


liftDrag LD execute:
Viscous drag: 0.003625870033, pressure drag: 0.04783582386, porous drag: 0
Viscous lift: 8.017645671e-05, pressure lift: -0.6686446038, porous lift: 0
Total lift: -0.6685644274, Front lift: -0.2196621312, Rear lift: -0.4489022962, Drag: 0.05146169389
Location of Center of Mass: ( 0.1583410946 0.4851455065 -0.0177077476 )
Location of Center Of Pressure: ( 0.1727199224 0.4851455065 -0.01660095998 )


yPlus yPlus execute:
    patch Bottom y+ : min = 1.540012108, max = 457.3310062, average = 236.1056482
    patch Top y+ : min = 61.39204956, max = 468.7622277, average = 265.0295771
    patch e423_0 y+ : min = 148.2425557, max = 746.4056808, average = 397.6659781


################################################################################

Time = 360

Outer Loop Iteration = 360
smoothSolver:  Solving for Ux, Initial residual = 4.923314402e-07, Final residual = 1.124399527e-08, No Iterations 2
smoothSolver:  Solving for Uz, Initial residual = 2.571572296e-07, Final residual = 5.308989975e-09, No Iterations 2
GAMG:  Solving for p, Initial residual = 4.448435372e-07, Final residual = 3.812193516e-09, No Iterations 3
GAMG:  Solving for p, Initial residual = 5.18593986e-08, Final residual = 2.786239346e-10, No Iterations 3
GAMG:  Solving for p, Initial residual = 8.34393041e-09, Final residual = 3.700022801e-11, No Iterations 3
time step continuity errors (region0): sum local = 3.049781421e-12, global = -2.3815172e-13, cumulative = 3.334399649e-08
smoothSolver:  Solving for omega, Initial residual = 1.680494442e-08, Final residual = 1.516034882e-09, No Iterations 1
smoothSolver:  Solving for k, Initial residual = 1.787272732e-08, Final residual = 1.603329061e-09, No Iterations 1

ExecutionTime = 4.01 s  ExecutionStepTime = 0.01 s  ClockTime = 4 s

forces FR write:
    Sum of forces
        Total    : ( 0.6196999397 0 -8.050835884 )
        Pressure : ( 0.5760373126 0 -8.051801365 )
        Viscous  : ( 0.04366262713 0 0.0009654811996 )
    Sum of moments
        Total    : ( -3.905826852 1.38025202 -0.3006446411 )
        Pressure : ( -3.906295251 1.382577658 -0.2794619138 )
        Viscous  : ( 0.0004683988655 -0.002325637458 -0.02118272735 )


liftDrag LD execute:
Viscous drag: 0.003625871365, pressure drag: 0.0478358114, porous drag: 0
Viscous lift: 8.017636283e-05, pressure lift: -0.6686449699, porous lift: 0
Total lift: -0.6685647936, Front lift: -0.2196622604, Rear lift: -0.4489025332, Drag: 0.05146168277
Location of Center of Mass: ( 0.1583410946 0.4851455065 -0.0177077476 )
Location of Center Of Pressure: ( 0.1727199083 0.4851455065 -0.01660096191 )


yPlus yPlus execute:
    patch Bottom y+ : min = 1.540011102, max = 457.3312269, average = 236.1057951
    patch Top y+ : min = 61.39201497, max = 468.7624, average = 265.0296433
    patch e423_0 y+ : min = 148.2427496, max = 746.4058494, average = 397.6660367


################################################################################

Time = 361

Outer Loop Iteration = 361
smoothSolver:  Solving for Ux, Initial residual = 4.806153017e-07, Final residual = 1.100470358e-08, No Iterations 2
smoothSolver:  Solving for Uz, Initial residual = 2.47301549e-07, Final residual = 5.095301561e-09, No Iterations 2
GAMG:  Solving for p, Initial residual = 4.332252788e-07, Final residual = 3.701781289e-09, No Iterations 3
GAMG:  Solving for p, Initial residual = 5.04268946e-08, Final residual = 2.701647579e-10, No Iterations 3
GAMG:  Solving for p, Initial residual = 8.107780599e-09, Final residual = 3.592112345e-11, No Iterations 3
time step continuity errors (region0): sum local = 2.960764313e-12, global = -2.258017939e-13, cumulative = 3.334377068e-08
smoothSolver:  Solving for omega, Initial residual = 1.644449931e-08, Final residual = 1.483214263e-09, No Iterations 1
smoothSolver:  Solving for k, Initial residual = 1.7460347e-08, Final residual = 1.566714987e-09, No Iterations 1

ExecutionTime = 4.02 s  ExecutionStepTime = 0.01 s  ClockTime = 4 s

forces FR write:
    Sum of forces
        Total    : ( 0.6196998094 0 -8.050840189 )
        Pressure : ( 0.5760371666 0 -8.051805669 )
        Viscous  : ( 0.04366264281 0 0.0009654801017 )
    Sum of moments
        Total    : ( -3.905828941 1.380252654 -0.3006445779 )
        Pressure : ( -3.906297339 1.382578293 -0.2794618429 )
        Viscous  : ( 0.0004683983329 -0.00232563858 -0.02118273496 )


liftDrag LD execute:
Viscous drag: 0.003625872667, pressure drag: 0.04783579928, porous drag: 0
Viscous lift: 8.017627166e-05, pressure lift: -0.6686453274, porous lift: 0
Total lift: -0.6685651511, Front lift: -0.2196623865, Rear lift: -0.4489027646, Drag: 0.05146167195
Location of Center of Mass: ( 0.1583410946 0.4851455065 -0.0177077476 )
Location of Center Of Pressure: ( 0.1727198945 0.4851455065 -0.0166009638 )


yPlus yPlus execute:
    patch Bottom y+ : min = 1.540010087, max = 457.331437, average = 236.1059365
    patch Top y+ : min = 61.39198179, max = 468.7625649, average = 265.0297054
    patch e423_0 y+ : min = 148.2429387, max = 746.4060142, average = 397.6660941


################################################################################

Time = 362

Outer Loop Iteration = 362
smoothSolver:  Solving for Ux, Initial residual = 4.693899117e-07, Final residual = 1.076767865e-08, No Iterations 2
smoothSolver:  Solving for Uz, Initial residual = 2.37828976e-07, Final residual = 4.900656379e-09, No Iterations 2
GAMG:  Solving for p, Initial residual = 4.217574367e-07, Final residual = 3.594795652e-09, No Iterations 3
GAMG:  Solving for p, Initial residual = 4.901774501e-08, Final residual = 2.619543613e-10, No Iterations 3
GAMG:  Solving for p, Initial residual = 7.875394995e-09, Final residual = 3.487190095e-11, No Iterations 3
time step continuity errors (region0): sum local = 2.874423311e-12, global = -2.123148831e-13, cumulative = 3.334355837e-08
smoothSolver:  Solving for omega, Initial residual = 1.609133079e-08, Final residual = 1.451036746e-09, No Iterations 1
smoothSolver:  Solving for k, Initial residual = 1.705781347e-08, Final residual = 1.530806497e-09, No Iterations 1

ExecutionTime = 4.03 s  ExecutionStepTime = 0.01 s  ClockTime = 4 s

forces FR write:
    Sum of forces
        Total    : ( 0.6196996827 0 -8.050844392 )
        Pressure : ( 0.5760370246 0 -8.051809871 )
        Viscous  : ( 0.04366265815 0 0.000965479037 )
    Sum of moments
        Total    : ( -3.90583098 1.380253273 -0.3006445164 )
        Pressure : ( -3.906299378 1.382578912 -0.279461774 )
        Viscous  : ( 0.0004683978164 -0.002325639678 -0.0211827424 )


liftDrag LD execute:
Viscous drag: 0.003625873941, pressure drag: 0.04783578749, porous drag: 0
Viscous lift: 8.017618324e-05, pressure lift: -0.6686456763, porous lift: 0
Total lift: -0.6685655001, Front lift: -0.2196625097, Rear lift: -0.4489029905, Drag: 0.05146166143
Location of Center of Mass: ( 0.1583410946 0.4851455065 -0.0177077476 )
Location of Center Of Pressure: ( 0.1727198811 0.4851455065 -0.01660096563 )


yPlus yPlus execute:
    patch Bottom y+ : min = 1.540009062, max = 457.3316367, average = 236.1060724
    patch Top y+ : min = 61.39194999, max = 468.7627221, average = 265.0297635
    patch e423_0 y+ : min = 148.2431231, max = 746.4061752, average = 397.6661502


################################################################################

Time = 363

Outer Loop Iteration = 363
smoothSolver:  Solving for Ux, Initial residual = 4.585631197e-07, Final residual = 1.053316147e-08, No Iterations 2
smoothSolver:  Solving for Uz, Initial residual = 2.287626985e-07, Final residual = 4.724970041e-09, No Iterations 2
GAMG:  Solving for p, Initial residual = 4.104494847e-07, Final residual = 3.489189551e-09, No Iterations 3
GAMG:  Solving for p, Initial residual = 4.763254074e-08, Final residual = 2.539323249e-10, No Iterations 3
GAMG:  Solving for p, Initial residual = 7.646262359e-09, Final residual = 3.387733685e-11, No Iterations 3
time step continuity errors (region0): sum local = 2.792433015e-12, global = -2.003678275e-13, cumulative = 3.3343358e-08
smoothSolver:  Solving for omega, Initial residual = 1.574610394e-08, Final residual = 1.419459315e-09, No Iterations 1
smoothSolver:  Solving for k, Initial residual = 1.666487769e-08, Final residual = 1.495586485e-09, No Iterations 1

ExecutionTime = 4.04 s  ExecutionStepTime = 0.01 s  ClockTime = 4 s

forces FR write:
    Sum of forces
        Total    : ( 0.6196995598 0 -8.050848495 )
        Pressure : ( 0.5760368866 0 -8.051813973 )
        Viscous  : ( 0.04366267315 0 0.0009654780057 )
    Sum of moments
        Total    : ( -3.90583297 1.380253877 -0.3006444568 )
        Pressure : ( -3.906301368 1.382579518 -0.2794617071 )
        Viscous  : ( 0.000468397316 -0.002325640753 -0.02118274968 )


liftDrag LD execute:
Viscous drag: 0.003625875186, pressure drag: 0.04783577603, porous drag: 0
Viscous lift: 8.01760976e-05, pressure lift: -0.6686460169, porous lift: 0
Total lift: -0.6685658408, Front lift: -0.2196626299, Rear lift: -0.448903211, Drag: 0.05146165122
Location of Center of Mass: ( 0.1583410946 0.4851455065 -0.0177077476 )
Location of Center Of Pressure: ( 0.172719868 0.4851455065 -0.01660096743 )


yPlus yPlus execute:
    patch Bottom y+ : min = 1.540008026, max = 457.3318262, average = 236.1062031
    patch Top y+ : min = 61.39191955, max = 468.7628716, average = 265.0298176
    patch e423_0 y+ : min = 148.2433028, max = 746.4063325, average = 397.666205


################################################################################

Time = 364

Outer Loop Iteration = 364
smoothSolver:  Solving for Ux, Initial residual = 4.48043798e-07, Final residual = 1.030190146e-08, No Iterations 2
smoothSolver:  Solving for Uz, Initial residual = 2.201042668e-07, Final residual = 4.566569824e-09, No Iterations 2
GAMG:  Solving for p, Initial residual = 3.993255604e-07, Final residual = 3.389493142e-09, No Iterations 3
GAMG:  Solving for p, Initial residual = 4.62749995e-08, Final residual = 2.462271321e-10, No Iterations 3
GAMG:  Solving for p, Initial residual = 7.425387832e-09, Final residual = 9.88572676e-11, No Iterations 2
time step continuity errors (region0): sum local = 8.148369532e-12, global = -4.546003004e-13, cumulative = 3.33429034e-08
smoothSolver:  Solving for omega, Initial residual = 1.54084262e-08, Final residual = 1.388492724e-09, No Iterations 1
smoothSolver:  Solving for k, Initial residual = 1.628220389e-08, Final residual = 1.461247644e-09, No Iterations 1

ExecutionTime = 4.05 s  ExecutionStepTime = 0.01 s  ClockTime = 4 s

forces FR write:
    Sum of forces
        Total    : ( 0.6196994406 0 -8.050852499 )
        Pressure : ( 0.5760367528 0 -8.051817976 )
        Viscous  : ( 0.04366268781 0 0.0009654770081 )
    Sum of moments
        Total    : ( -3.905834913 1.380254467 -0.300644399 )
        Pressure : ( -3.90630331 1.382580108 -0.2794616422 )
        Viscous  : ( 0.0004683968321 -0.002325641805 -0.02118275679 )


liftDrag LD execute:
Viscous drag: 0.003625876404, pressure drag: 0.04783576492, porous drag: 0
Viscous lift: 8.017601476e-05, pressure lift: -0.6686463494, porous lift: 0
Total lift: -0.6685661734, Front lift: -0.2196627472, Rear lift: -0.4489034262, Drag: 0.05146164132
Location of Center of Mass: ( 0.1583410946 0.4851455065 -0.0177077476 )
Location of Center Of Pressure: ( 0.1727198552 0.4851455065 -0.01660096917 )


yPlus yPlus execute:
    patch Bottom y+ : min = 1.54000698, max = 457.3320057, average = 236.1063287
    patch Top y+ : min = 61.39189051, max = 468.7630133, average = 265.0298677
    patch e423_0 y+ : min = 148.243478, max = 746.406486, average = 397.6662587


################################################################################

Time = 365

Outer Loop Iteration = 365
smoothSolver:  Solving for Ux, Initial residual = 4.377998733e-07, Final residual = 1.007338967e-08, No Iterations 2
smoothSolver:  Solving for Uz, Initial residual = 2.118604081e-07, Final residual = 4.4209103e-09, No Iterations 2
GAMG:  Solving for p, Initial residual = 3.884413488e-07, Final residual = 3.297195065e-09, No Iterations 3
GAMG:  Solving for p, Initial residual = 4.498716363e-08, Final residual = 2.390335079e-10, No Iterations 3
GAMG:  Solving for p, Initial residual = 7.216236293e-09, Final residual = 9.618058584e-11, No Iterations 2
time step continuity errors (region0): sum local = 7.927856054e-12, global = -4.199608143e-13, cumulative = 3.334248344e-08
smoothSolver:  Solving for omega, Initial residual = 1.507716632e-08, Final residual = 1.358098126e-09, No Iterations 1
smoothSolver:  Solving for k, Initial residual = 1.591008056e-08, Final residual = 1.427816318e-09, No Iterations 1

ExecutionTime = 4.05 s  ExecutionStepTime = 0 s  ClockTime = 4 s

forces FR write:
    Sum of forces
        Total    : ( 0.619699325 0 -8.050856408 )
        Pressure : ( 0.5760366229 0 -8.051821884 )
        Viscous  : ( 0.04366270215 0 0.0009654760441 )
    Sum of moments
        Total    : ( -3.90583681 1.380255042 -0.3006443429 )
        Pressure : ( -3.906305206 1.382580685 -0.2794615791 )
        Viscous  : ( 0.0004683963644 -0.002325642835 -0.02118276375 )


liftDrag LD execute:
Viscous drag: 0.003625877595, pressure drag: 0.04783575413, porous drag: 0
Viscous lift: 8.01759347e-05, pressure lift: -0.6686466739, porous lift: 0
Total lift: -0.668566498, Front lift: -0.2196628616, Rear lift: -0.4489036364, Drag: 0.05146163172
Location of Center of Mass: ( 0.1583410946 0.4851455065 -0.0177077476 )
Location of Center Of Pressure: ( 0.1727198428 0.4851455065 -0.01660097087 )


yPlus yPlus execute:
    patch Bottom y+ : min = 1.540005925, max = 457.3321755, average = 236.1064494
    patch Top y+ : min = 61.39186265, max = 468.7631472, average = 265.029914
    patch e423_0 y+ : min = 148.2436488, max = 746.4066359, average = 397.6663112


################################################################################

Time = 366

Outer Loop Iteration = 366
smoothSolver:  Solving for Ux, Initial residual = 4.278166298e-07, Final residual = 9.847268462e-09, No Iterations 2
smoothSolver:  Solving for Uz, Initial residual = 2.04008828e-07, Final residual = 4.285518968e-09, No Iterations 2
GAMG:  Solving for p, Initial residual = 3.778187578e-07, Final residual = 3.20331245e-09, No Iterations 3
GAMG:  Solving for p, Initial residual = 4.367926212e-08, Final residual = 2.317479392e-10, No Iterations 3
GAMG:  Solving for p, Initial residual = 7.003524751e-09, Final residual = 9.33719936e-11, No Iterations 2
time step continuity errors (region0): sum local = 7.6963265e-12, global = -3.811407725e-13, cumulative = 3.33421023e-08
smoothSolver:  Solving for omega, Initial residual = 1.475213426e-08, Final residual = 1.328270326e-09, No Iterations 1
smoothSolver:  Solving for k, Initial residual = 1.554755073e-08, Final residual = 1.395005433e-09, No Iterations 1

ExecutionTime = 4.06 s  ExecutionStepTime = 0 s  ClockTime = 4 s

forces FR write:
    Sum of forces
        Total    : ( 0.6196992133 0 -8.050860223 )
        Pressure : ( 0.5760364971 0 -8.051825699 )
        Viscous  : ( 0.04366271616 0 0.0009654751137 )
    Sum of moments
        Total    : ( -3.905838661 1.380255605 -0.3006442887 )
        Pressure : ( -3.906307056 1.382581249 -0.2794615181 )
        Viscous  : ( 0.000468395913 -0.002325643844 -0.02118277055 )


liftDrag LD execute:
Viscous drag: 0.003625878758, pressure drag: 0.04783574369, porous drag: 0
Viscous lift: 8.017585744e-05, pressure lift: -0.6686469907, porous lift: 0
Total lift: -0.6685668148, Front lift: -0.2196629734, Rear lift: -0.4489038415, Drag: 0.05146162244
Location of Center of Mass: ( 0.1583410946 0.4851455065 -0.0177077476 )
Location of Center Of Pressure: ( 0.1727198306 0.4851455065 -0.01660097253 )


yPlus yPlus execute:
    patch Bottom y+ : min = 1.540004859, max = 457.3323359, average = 236.1065655
    patch Top y+ : min = 61.39183616, max = 468.7632734, average = 265.0299566
    patch e423_0 y+ : min = 148.2438153, max = 746.4067823, average = 397.6663624


################################################################################

Time = 367

Outer Loop Iteration = 367
smoothSolver:  Solving for Ux, Initial residual = 4.180929639e-07, Final residual = 9.623487743e-09, No Iterations 2
smoothSolver:  Solving for Uz, Initial residual = 1.965329814e-07, Final residual = 4.160928834e-09, No Iterations 2
GAMG:  Solving for p, Initial residual = 3.674531774e-07, Final residual = 3.113896335e-09, No Iterations 3
GAMG:  Solving for p, Initial residual = 4.241070075e-08, Final residual = 2.256768848e-10, No Iterations 3
GAMG:  Solving for p, Initial residual = 6.787481242e-09, Final residual = 9.096692528e-11, No Iterations 2
time step continuity errors (region0): sum local = 7.497948415e-12, global = -4.63861515e-13, cumulative = 3.334163844e-08
smoothSolver:  Solving for omega, Initial residual = 1.443324491e-08, Final residual = 1.298999013e-09, No Iterations 1
smoothSolver:  Solving for k, Initial residual = 1.519356854e-08, Final residual = 1.362810329e-09, No Iterations 1

ExecutionTime = 4.07 s  ExecutionStepTime = 0.01 s  ClockTime = 4 s

forces FR write:
    Sum of forces
        Total    : ( 0.6196991053 0 -8.050863947 )
        Pressure : ( 0.5760363754 0 -8.051829421 )
        Viscous  : ( 0.04366272986 0 0.0009654742166 )
    Sum of moments
        Total    : ( -3.905840467 1.380256154 -0.3006442363 )
        Pressure : ( -3.906308862 1.382581798 -0.2794614591 )
        Viscous  : ( 0.0004683954778 -0.002325644831 -0.02118277719 )


liftDrag LD execute:
Viscous drag: 0.003625879896, pressure drag: 0.04783573358, porous drag: 0
Viscous lift: 8.017578294e-05, pressure lift: -0.6686472998, porous lift: 0
Total lift: -0.668567124, Front lift: -0.2196630824, Rear lift: -0.4489040416, Drag: 0.05146161347
Location of Center of Mass: ( 0.1583410946 0.4851455065 -0.0177077476 )
Location of Center Of Pressure: ( 0.1727198188 0.4851455065 -0.01660097414 )


yPlus yPlus execute:
    patch Bottom y+ : min = 1.540003784, max = 457.3324873, average = 236.106677
    patch Top y+ : min = 61.39181088, max = 468.7633919, average = 265.0299956
    patch e423_0 y+ : min = 148.2439774, max = 746.4069251, average = 397.6664126


################################################################################

Time = 368

Outer Loop Iteration = 368
smoothSolver:  Solving for Ux, Initial residual = 4.086490052e-07, Final residual = 9.402547815e-09, No Iterations 2
smoothSolver:  Solving for Uz, Initial residual = 1.894245345e-07, Final residual = 4.048044057e-09, No Iterations 2
GAMG:  Solving for p, Initial residual = 3.574080072e-07, Final residual = 3.028266203e-09, No Iterations 3
GAMG:  Solving for p, Initial residual = 4.119248421e-08, Final residual = 2.190105622e-10, No Iterations 3
GAMG:  Solving for p, Initial residual = 6.588219532e-09, Final residual = 8.840504343e-11, No Iterations 2
time step continuity errors (region0): sum local = 7.286969917e-12, global = -4.298014679e-13, cumulative = 3.334120864e-08
smoothSolver:  Solving for omega, Initial residual = 1.412021653e-08, Final residual = 1.270264143e-09, No Iterations 1
smoothSolver:  Solving for k, Initial residual = 1.484786964e-08, Final residual = 1.331224239e-09, No Iterations 1

ExecutionTime = 4.09 s  ExecutionStepTime = 0.02 s  ClockTime = 4 s

forces FR write:
    Sum of forces
        Total    : ( 0.6196990009 0 -8.05086758 )
        Pressure : ( 0.5760362577 0 -8.051833054 )
        Viscous  : ( 0.04366274325 0 0.0009654733524 )
    Sum of moments
        Total    : ( -3.90584223 1.380256689 -0.3006441857 )
        Pressure : ( -3.906310625 1.382582335 -0.279461402 )
        Viscous  : ( 0.0004683950585 -0.002325645797 -0.02118278369 )


liftDrag LD execute:
Viscous drag: 0.003625881008, pressure drag: 0.0478357238, porous drag: 0
Viscous lift: 8.017571118e-05, pressure lift: -0.6686476015, porous lift: 0
Total lift: -0.6685674258, Front lift: -0.2196631888, Rear lift: -0.448904237, Drag: 0.05146160481
Location of Center of Mass: ( 0.1583410946 0.4851455065 -0.0177077476 )
Location of Center Of Pressure: ( 0.1727198074 0.4851455065 -0.01660097571 )


yPlus yPlus execute:
    patch Bottom y+ : min = 1.5400027, max = 457.3326299, average = 236.1067843
    patch Top y+ : min = 61.39178681, max = 468.7635029, average = 265.0300312
    patch e423_0 y+ : min = 148.2441354, max = 746.4070644, average = 397.6664616


################################################################################

Time = 369

Outer Loop Iteration = 369
smoothSolver:  Solving for Ux, Initial residual = 3.994682999e-07, Final residual = 9.184898151e-09, No Iterations 2
smoothSolver:  Solving for Uz, Initial residual = 1.826994021e-07, Final residual = 3.94221227e-09, No Iterations 2
GAMG:  Solving for p, Initial residual = 3.477887491e-07, Final residual = 2.94101541e-09, No Iterations 3
GAMG:  Solving for p, Initial residual = 4.001055484e-08, Final residual = 2.11464682e-10, No Iterations 3
GAMG:  Solving for p, Initial residual = 6.393212267e-09, Final residual = 8.583283612e-11, No Iterations 2
time step continuity errors (region0): sum local = 7.074910231e-12, global = -4.025967554e-13, cumulative = 3.334080604e-08
smoothSolver:  Solving for omega, Initial residual = 1.381308532e-08, Final residual = 1.242051883e-09, No Iterations 1
smoothSolver:  Solving for k, Initial residual = 1.451011582e-08, Final residual = 1.300248296e-09, No Iterations 1

ExecutionTime = 4.09 s  ExecutionStepTime = 0 s  ClockTime = 4 s

forces FR write:
    Sum of forces
        Total    : ( 0.6196989002 0 -8.050871127 )
        Pressure : ( 0.5760361439 0 -8.051836599 )
        Viscous  : ( 0.04366275634 0 0.0009654725207 )
    Sum of moments
        Total    : ( -3.90584395 1.380257213 -0.3006441368 )
        Pressure : ( -3.906312345 1.38258286 -0.2794613468 )
        Viscous  : ( 0.000468394655 -0.002325646743 -0.02118279004 )


liftDrag LD execute:
Viscous drag: 0.003625882095, pressure drag: 0.04783571435, porous drag: 0
Viscous lift: 8.017564211e-05, pressure lift: -0.6686478959, porous lift: 0
Total lift: -0.6685677203, Front lift: -0.2196632925, Rear lift: -0.4489044277, Drag: 0.05146159645
Location of Center of Mass: ( 0.1583410946 0.4851455065 -0.0177077476 )
Location of Center Of Pressure: ( 0.1727197962 0.4851455065 -0.01660097724 )


yPlus yPlus execute:
    patch Bottom y+ : min = 1.54000161, max = 457.3327642, average = 236.1068875
    patch Top y+ : min = 61.39176388, max = 468.7636065, average = 265.0300635
    patch e423_0 y+ : min = 148.2442892, max = 746.4072004, average = 397.6665096


################################################################################

Time = 370

Outer Loop Iteration = 370
smoothSolver:  Solving for Ux, Initial residual = 3.905294802e-07, Final residual = 8.971091589e-09, No Iterations 2
smoothSolver:  Solving for Uz, Initial residual = 1.763664947e-07, Final residual = 3.842660819e-09, No Iterations 2
GAMG:  Solving for p, Initial residual = 3.385052095e-07, Final residual = 2.862576148e-09, No Iterations 3
GAMG:  Solving for p, Initial residual = 3.886854888e-08, Final residual = 2.048074975e-10, No Iterations 3
GAMG:  Solving for p, Initial residual = 6.206636272e-09, Final residual = 8.32799506e-11, No Iterations 2
time step continuity errors (region0): sum local = 6.864352641e-12, global = -3.782429746e-13, cumulative = 3.33404278e-08
smoothSolver:  Solving for omega, Initial residual = 1.351175644e-08, Final residual = 1.214358364e-09, No Iterations 1
smoothSolver:  Solving for k, Initial residual = 1.418013081e-08, Final residual = 1.269904533e-09, No Iterations 1

ExecutionTime = 4.1 s  ExecutionStepTime = 0 s  ClockTime = 4 s

forces FR write:
    Sum of forces
        Total    : ( 0.6196988031 0 -8.050874587 )
        Pressure : ( 0.576036034 0 -8.051840059 )
        Viscous  : ( 0.04366276912 0 0.0009654717208 )
    Sum of moments
        Total    : ( -3.905845629 1.380257724 -0.3006440897 )
        Pressure : ( -3.906314023 1.382583371 -0.2794612934 )
        Viscous  : ( 0.000468394267 -0.002325647669 -0.02118279624 )


liftDrag LD execute:
Viscous drag: 0.003625883157, pressure drag: 0.04783570522, porous drag: 0
Viscous lift: 8.017557569e-05, pressure lift: -0.6686481832, porous lift: 0
Total lift: -0.6685680076, Front lift: -0.2196633938, Rear lift: -0.4489046138, Drag: 0.05146158838
Location of Center of Mass: ( 0.1583410946 0.4851455065 -0.0177077476 )
Location of Center Of Pressure: ( 0.1727197853 0.4851455065 -0.01660097873 )


yPlus yPlus execute:
    patch Bottom y+ : min = 1.540000514, max = 457.3328905, average = 236.1069868
    patch Top y+ : min = 61.39174206, max = 468.763703, average = 265.0300926
    patch e423_0 y+ : min = 148.2444391, max = 746.407333, average = 397.6665564


################################################################################

Time = 371

Outer Loop Iteration = 371
smoothSolver:  Solving for Ux, Initial residual = 3.818638395e-07, Final residual = 8.760360237e-09, No Iterations 2
smoothSolver:  Solving for Uz, Initial residual = 1.704127667e-07, Final residual = 3.749446257e-09, No Iterations 2
GAMG:  Solving for p, Initial residual = 3.296192214e-07, Final residual = 2.78721322e-09, No Iterations 3
GAMG:  Solving for p, Initial residual = 3.776478384e-08, Final residual = 1.989976322e-10, No Iterations 3
GAMG:  Solving for p, Initial residual = 6.026330886e-09, Final residual = 8.105676579e-11, No Iterations 2
time step continuity errors (region0): sum local = 6.681244381e-12, global = -3.419408003e-13, cumulative = 3.334008586e-08
smoothSolver:  Solving for omega, Initial residual = 1.321576071e-08, Final residual = 1.187175939e-09, No Iterations 1
smoothSolver:  Solving for k, Initial residual = 1.385778198e-08, Final residual = 1.2404343e-09, No Iterations 1

ExecutionTime = 4.11 s  ExecutionStepTime = 0.01 s  ClockTime = 4 s

forces FR write:
    Sum of forces
        Total    : ( 0.6196987095 0 -8.050877964 )
        Pressure : ( 0.5760359279 0 -8.051843435 )
        Viscous  : ( 0.04366278162 0 0.0009654709522 )
    Sum of moments
        Total    : ( -3.905847268 1.380258223 -0.3006440443 )
        Pressure : ( -3.906315661 1.382583871 -0.279461242 )
        Viscous  : ( 0.0004683938941 -0.002325648575 -0.0211828023 )


liftDrag LD execute:
Viscous drag: 0.003625884194, pressure drag: 0.04783569641, porous drag: 0
Viscous lift: 8.017551186e-05, pressure lift: -0.6686484636, porous lift: 0
Total lift: -0.6685682881, Front lift: -0.2196634926, Rear lift: -0.4489047955, Drag: 0.05146158061
Location of Center of Mass: ( 0.1583410946 0.4851455065 -0.0177077476 )
Location of Center Of Pressure: ( 0.1727197748 0.4851455065 -0.01660098017 )


yPlus yPlus execute:
    patch Bottom y+ : min = 1.539999413, max = 457.3330094, average = 236.1070824
    patch Top y+ : min = 61.3917213, max = 468.7637926, average = 265.0301188
    patch e423_0 y+ : min = 148.2445851, max = 746.4074623, average = 397.6666022


################################################################################

Time = 372

Outer Loop Iteration = 372
smoothSolver:  Solving for Ux, Initial residual = 3.735049275e-07, Final residual = 8.553235541e-09, No Iterations 2
smoothSolver:  Solving for Uz, Initial residual = 1.648314402e-07, Final residual = 3.66175576e-09, No Iterations 2
GAMG:  Solving for p, Initial residual = 3.210274822e-07, Final residual = 2.714806937e-09, No Iterations 3
GAMG:  Solving for p, Initial residual = 3.66937432e-08, Final residual = 1.934217778e-10, No Iterations 3
GAMG:  Solving for p, Initial residual = 5.851786381e-09, Final residual = 7.883615262e-11, No Iterations 2
time step continuity errors (region0): sum local = 6.498226048e-12, global = -3.054753869e-13, cumulative = 3.333978038e-08
smoothSolver:  Solving for omega, Initial residual = 1.292500158e-08, Final residual = 1.16049648e-09, No Iterations 1
smoothSolver:  Solving for k, Initial residual = 1.354311526e-08, Final residual = 1.21157906e-09, No Iterations 1

ExecutionTime = 4.11 s  ExecutionStepTime = 0 s  ClockTime = 4 s

forces FR write:
    Sum of forces
        Total    : ( 0.6196986193 0 -8.05088126 )
        Pressure : ( 0.5760358255 0 -8.05184673 )
        Viscous  : ( 0.04366279383 0 0.0009654702139 )
    Sum of moments
        Total    : ( -3.905848866 1.38025871 -0.3006440005 )
        Pressure : ( -3.90631726 1.382584359 -0.2794611923 )
        Viscous  : ( 0.0004683935359 -0.002325649463 -0.02118280823 )


liftDrag LD execute:
Viscous drag: 0.003625885208, pressure drag: 0.04783568791, porous drag: 0
Viscous lift: 8.017545055e-05, pressure lift: -0.6686487372, porous lift: 0
Total lift: -0.6685685618, Front lift: -0.219663589, Rear lift: -0.4489049728, Drag: 0.05146157312
Location of Center of Mass: ( 0.1583410946 0.4851455065 -0.0177077476 )
Location of Center Of Pressure: ( 0.1727197645 0.4851455065 -0.01660098158 )


yPlus yPlus execute:
    patch Bottom y+ : min = 1.539998308, max = 457.3331211, average = 236.1071746
    patch Top y+ : min = 61.39170155, max = 468.7638755, average = 265.0301421
    patch e423_0 y+ : min = 148.2447273, max = 746.4075884, average = 397.666647


################################################################################

Time = 373

Outer Loop Iteration = 373
smoothSolver:  Solving for Ux, Initial residual = 3.653107264e-07, Final residual = 8.349220026e-09, No Iterations 2
smoothSolver:  Solving for Uz, Initial residual = 1.596269386e-07, Final residual = 3.580126455e-09, No Iterations 2
GAMG:  Solving for p, Initial residual = 3.129723783e-07, Final residual = 2.645412441e-09, No Iterations 3
GAMG:  Solving for p, Initial residual = 3.565989601e-08, Final residual = 1.881289009e-10, No Iterations 3
GAMG:  Solving for p, Initial residual = 5.682656968e-09, Final residual = 7.674625977e-11, No Iterations 2
time step continuity errors (region0): sum local = 6.325933748e-12, global = -2.715734555e-13, cumulative = 3.333950881e-08
smoothSolver:  Solving for omega, Initial residual = 1.263938987e-08, Final residual = 1.134314147e-09, No Iterations 1
smoothSolver:  Solving for k, Initial residual = 1.323595618e-08, Final residual = 1.183317292e-09, No Iterations 1

ExecutionTime = 4.12 s  ExecutionStepTime = 0 s  ClockTime = 4 s

forces FR write:
    Sum of forces
        Total    : ( 0.6196985325 0 -8.050884477 )
        Pressure : ( 0.5760357268 0 -8.051849946 )
        Viscous  : ( 0.04366280576 0 0.0009654695053 )
    Sum of moments
        Total    : ( -3.905850427 1.380259186 -0.3006439584 )
        Pressure : ( -3.90631882 1.382584836 -0.2794611444 )
        Viscous  : ( 0.0004683931921 -0.002325650332 -0.02118281401 )


liftDrag LD execute:
Viscous drag: 0.003625886199, pressure drag: 0.04783567971, porous drag: 0
Viscous lift: 8.017539171e-05, pressure lift: -0.6686490043, porous lift: 0
Total lift: -0.6685688289, Front lift: -0.219663683, Rear lift: -0.4489051459, Drag: 0.05146156591
Location of Center of Mass: ( 0.1583410946 0.4851455065 -0.0177077476 )
Location of Center Of Pressure: ( 0.1727197545 0.4851455065 -0.01660098294 )


yPlus yPlus execute:
    patch Bottom y+ : min = 1.539997202, max = 457.3332261, average = 236.1072635
    patch Top y+ : min = 61.39168275, max = 468.763952, average = 265.0301629
    patch e423_0 y+ : min = 148.2448658, max = 746.4077114, average = 397.6666908


################################################################################

Time = 374

Outer Loop Iteration = 374
smoothSolver:  Solving for Ux, Initial residual = 3.572657929e-07, Final residual = 8.149443662e-09, No Iterations 2
smoothSolver:  Solving for Uz, Initial residual = 1.547942711e-07, Final residual = 3.503361656e-09, No Iterations 2
GAMG:  Solving for p, Initial residual = 3.052137914e-07, Final residual = 2.578967355e-09, No Iterations 3
GAMG:  Solving for p, Initial residual = 3.466350626e-08, Final residual = 1.830194587e-10, No Iterations 3
GAMG:  Solving for p, Initial residual = 5.518917108e-09, Final residual = 7.461909474e-11, No Iterations 2
time step continuity errors (region0): sum local = 6.150520408e-12, global = -2.377328738e-13, cumulative = 3.333927107e-08
smoothSolver:  Solving for omega, Initial residual = 1.235879849e-08, Final residual = 1.108630648e-09, No Iterations 1
smoothSolver:  Solving for k, Initial residual = 1.2936189e-08, Final residual = 1.155647837e-09, No Iterations 1

ExecutionTime = 4.13 s  ExecutionStepTime = 0.01 s  ClockTime = 4 s

forces FR write:
    Sum of forces
        Total    : ( 0.619698449 0 -8.050887616 )
        Pressure : ( 0.5760356316 0 -8.051853085 )
        Viscous  : ( 0.04366281741 0 0.0009654688254 )
    Sum of moments
        Total    : ( -3.90585195 1.38025965 -0.3006439179 )
        Pressure : ( -3.906320343 1.382585301 -0.2794610982 )
        Viscous  : ( 0.0004683928623 -0.002325651182 -0.02118281967 )


liftDrag LD execute:
Viscous drag: 0.003625887167, pressure drag: 0.04783567181, porous drag: 0
Viscous lift: 8.017533524e-05, pressure lift: -0.6686492649, porous lift: 0
Total lift: -0.6685690896, Front lift: -0.2196637748, Rear lift: -0.4489053148, Drag: 0.05146155898
Location of Center of Mass: ( 0.1583410946 0.4851455065 -0.0177077476 )
Location of Center Of Pressure: ( 0.1727197448 0.4851455065 -0.01660098427 )


yPlus yPlus execute:
    patch Bottom y+ : min = 1.539996096, max = 457.3333249, average = 236.1073493
    patch Top y+ : min = 61.39166486, max = 468.7640223, average = 265.0301812
    patch e423_0 y+ : min = 148.2450007, max = 746.4078313, average = 397.6667336


################################################################################

Time = 375

Outer Loop Iteration = 375
smoothSolver:  Solving for Ux, Initial residual = 3.494065331e-07, Final residual = 7.952993359e-09, No Iterations 2
smoothSolver:  Solving for Uz, Initial residual = 1.503565833e-07, Final residual = 3.432356604e-09, No Iterations 2
GAMG:  Solving for p, Initial residual = 2.977307403e-07, Final residual = 2.515864294e-09, No Iterations 3
GAMG:  Solving for p, Initial residual = 3.370442264e-08, Final residual = 1.782352774e-10, No Iterations 3
GAMG:  Solving for p, Initial residual = 5.360774359e-09, Final residual = 7.267638471e-11, No Iterations 2
time step continuity errors (region0): sum local = 5.99044458e-12, global = -2.041587478e-13, cumulative = 3.333906692e-08
smoothSolver:  Solving for omega, Initial residual = 1.208316275e-08, Final residual = 1.083444017e-09, No Iterations 1
smoothSolver:  Solving for k, Initial residual = 1.264445726e-08, Final residual = 1.128742263e-09, No Iterations 1

ExecutionTime = 4.15 s  ExecutionStepTime = 0.02 s  ClockTime = 4 s

forces FR write:
    Sum of forces
        Total    : ( 0.6196983686 0 -8.050890679 )
        Pressure : ( 0.5760355398 0 -8.051856148 )
        Viscous  : ( 0.0436628288 0 0.0009654681732 )
    Sum of moments
        Total    : ( -3.905853436 1.380260104 -0.3006438789 )
        Pressure : ( -3.906321829 1.382585756 -0.2794610537 )
        Viscous  : ( 0.0004683925458 -0.002325652014 -0.02118282519 )


liftDrag LD execute:
Viscous drag: 0.003625888112, pressure drag: 0.04783566419, porous drag: 0
Viscous lift: 8.017528108e-05, pressure lift: -0.6686495193, porous lift: 0
Total lift: -0.668569344, Front lift: -0.2196638643, Rear lift: -0.4489054797, Drag: 0.0514615523
Location of Center of Mass: ( 0.1583410946 0.4851455065 -0.0177077476 )
Location of Center Of Pressure: ( 0.1727197354 0.4851455065 -0.01660098556 )


yPlus yPlus execute:
    patch Bottom y+ : min = 1.539994992, max = 457.3334178, average = 236.1074322
    patch Top y+ : min = 61.39164782, max = 468.7640869, average = 265.0301973
    patch e423_0 y+ : min = 148.2451321, max = 746.4079482, average = 397.6667754


################################################################################

Time = 376

Outer Loop Iteration = 376
smoothSolver:  Solving for Ux, Initial residual = 3.417254745e-07, Final residual = 7.760597325e-09, No Iterations 2
smoothSolver:  Solving for Uz, Initial residual = 1.462769292e-07, Final residual = 3.365866817e-09, No Iterations 2
GAMG:  Solving for p, Initial residual = 2.904994045e-07, Final residual = 2.455340953e-09, No Iterations 3
GAMG:  Solving for p, Initial residual = 3.277782681e-08, Final residual = 1.736940739e-10, No Iterations 3
GAMG:  Solving for p, Initial residual = 5.208759936e-09, Final residual = 7.080685738e-11, No Iterations 2
time step continuity errors (region0): sum local = 5.836457243e-12, global = -1.721729597e-13, cumulative = 3.333889474e-08
smoothSolver:  Solving for omega, Initial residual = 1.181246337e-08, Final residual = 1.058745347e-09, No Iterations 1
smoothSolver:  Solving for k, Initial residual = 1.235991033e-08, Final residual = 1.102774279e-09, No Iterations 1

ExecutionTime = 4.15 s  ExecutionStepTime = 0 s  ClockTime = 4 s

forces FR write:
    Sum of forces
        Total    : ( 0.6196982913 0 -8.050893669 )
        Pressure : ( 0.5760354514 0 -8.051859137 )
        Viscous  : ( 0.04366283992 0 0.0009654675476 )
    Sum of moments
        Total    : ( -3.905854887 1.380260547 -0.3006438414 )
        Pressure : ( -3.906323279 1.3825862 -0.2794610108 )
        Viscous  : ( 0.0004683922424 -0.002325652829 -0.02118283059 )


liftDrag LD execute:
Viscous drag: 0.003625889036, pressure drag: 0.04783565685, porous drag: 0
Viscous lift: 8.017522913e-05, pressure lift: -0.6686497675, porous lift: 0
Total lift: -0.6685695923, Front lift: -0.2196639516, Rear lift: -0.4489056406, Drag: 0.05146154588
Location of Center of Mass: ( 0.1583410946 0.4851455065 -0.0177077476 )
Location of Center Of Pressure: ( 0.1727197262 0.4851455065 -0.01660098681 )


yPlus yPlus execute:
    patch Bottom y+ : min = 1.539993891, max = 457.3335053, average = 236.1075123
    patch Top y+ : min = 61.39163158, max = 468.764146, average = 265.0302114
    patch e423_0 y+ : min = 148.2452601, max = 746.4080622, average = 397.6668163


################################################################################

Time = 377

Outer Loop Iteration = 377
smoothSolver:  Solving for Ux, Initial residual = 3.341913824e-07, Final residual = 7.572019081e-09, No Iterations 2
smoothSolver:  Solving for Uz, Initial residual = 1.425443141e-07, Final residual = 3.305172771e-09, No Iterations 2
GAMG:  Solving for p, Initial residual = 2.83472825e-07, Final residual = 2.397280684e-09, No Iterations 3
GAMG:  Solving for p, Initial residual = 3.188308847e-08, Final residual = 1.69326302e-10, No Iterations 3
GAMG:  Solving for p, Initial residual = 5.062344205e-09, Final residual = 6.9007277e-11, No Iterations 2
time step continuity errors (region0): sum local = 5.688001433e-12, global = -1.418932316e-13, cumulative = 3.333875285e-08
smoothSolver:  Solving for omega, Initial residual = 1.154665863e-08, Final residual = 1.034527695e-09, No Iterations 1
smoothSolver:  Solving for k, Initial residual = 1.208266346e-08, Final residual = 1.077498584e-09, No Iterations 1

ExecutionTime = 4.16 s  ExecutionStepTime = 0.01 s  ClockTime = 4 s

forces FR write:
    Sum of forces
        Total    : ( 0.619698217 0 -8.050896588 )
        Pressure : ( 0.5760353662 0 -8.051862055 )
        Viscous  : ( 0.04366285078 0 0.0009654669478 )
    Sum of moments
        Total    : ( -3.905856303 1.38026098 -0.3006438053 )
        Pressure : ( -3.906324695 1.382586634 -0.2794609695 )
        Viscous  : ( 0.0004683919513 -0.002325653626 -0.02118283586 )


liftDrag LD execute:
Viscous drag: 0.003625889938, pressure drag: 0.04783564977, porous drag: 0
Viscous lift: 8.017517932e-05, pressure lift: -0.6686500098, porous lift: 0
Total lift: -0.6685698346, Front lift: -0.2196640369, Rear lift: -0.4489057978, Drag: 0.05146153971
Location of Center of Mass: ( 0.1583410946 0.4851455065 -0.0177077476 )
Location of Center Of Pressure: ( 0.1727197173 0.4851455065 -0.01660098803 )


yPlus yPlus execute:
    patch Bottom y+ : min = 1.539992795, max = 457.3335878, average = 236.10759
    patch Top y+ : min = 61.39161609, max = 468.7642, average = 265.0302236
    patch e423_0 y+ : min = 148.2453848, max = 746.4081733, average = 397.6668562


################################################################################

Time = 378

Outer Loop Iteration = 378
smoothSolver:  Solving for Ux, Initial residual = 3.268092808e-07, Final residual = 7.386986156e-09, No Iterations 2
smoothSolver:  Solving for Uz, Initial residual = 1.39113642e-07, Final residual = 3.24911964e-09, No Iterations 2
GAMG:  Solving for p, Initial residual = 2.766581811e-07, Final residual = 2.341735904e-09, No Iterations 3
GAMG:  Solving for p, Initial residual = 3.1018693e-08, Final residual = 1.654997684e-10, No Iterations 3
GAMG:  Solving for p, Initial residual = 4.921195664e-09, Final residual = 6.740638987e-11, No Iterations 2
time step continuity errors (region0): sum local = 5.556130345e-12, global = -1.014976488e-13, cumulative = 3.333865135e-08
smoothSolver:  Solving for omega, Initial residual = 1.128578727e-08, Final residual = 1.010778345e-09, No Iterations 1
smoothSolver:  Solving for k, Initial residual = 1.181253341e-08, Final residual = 1.052926731e-09, No Iterations 1

ExecutionTime = 4.17 s  ExecutionStepTime = 0.01 s  ClockTime = 4 s

forces FR write:
    Sum of forces
        Total    : ( 0.6196981455 0 -8.050899437 )
        Pressure : ( 0.5760352841 0 -8.051864903 )
        Viscous  : ( 0.04366286139 0 0.0009654663725 )
    Sum of moments
        Total    : ( -3.905857685 1.380261403 -0.3006437707 )
        Pressure : ( -3.906326076 1.382587058 -0.2794609297 )
        Viscous  : ( 0.0004683916722 -0.002325654406 -0.021182841 )


liftDrag LD execute:
Viscous drag: 0.003625890819, pressure drag: 0.04783564296, porous drag: 0
Viscous lift: 8.017513155e-05, pressure lift: -0.6686502463, porous lift: 0
Total lift: -0.6685700712, Front lift: -0.21966412, Rear lift: -0.4489059512, Drag: 0.05146153378
Location of Center of Mass: ( 0.1583410946 0.4851455065 -0.0177077476 )
Location of Center Of Pressure: ( 0.1727197087 0.4851455065 -0.01660098922 )


yPlus yPlus execute:
    patch Bottom y+ : min = 1.539991705, max = 457.3336658, average = 236.1076652
    patch Top y+ : min = 61.39160131, max = 468.7642491, average = 265.0302341
    patch e423_0 y+ : min = 148.2455063, max = 746.4082816, average = 397.6668952


################################################################################

Time = 379

Outer Loop Iteration = 379
smoothSolver:  Solving for Ux, Initial residual = 3.196046302e-07, Final residual = 7.206299104e-09, No Iterations 2
smoothSolver:  Solving for Uz, Initial residual = 1.359625697e-07, Final residual = 3.197151528e-09, No Iterations 2
GAMG:  Solving for p, Initial residual = 2.700320521e-07, Final residual = 2.28860183e-09, No Iterations 3
GAMG:  Solving for p, Initial residual = 3.018458743e-08, Final residual = 1.614746716e-10, No Iterations 3
GAMG:  Solving for p, Initial residual = 4.785515529e-09, Final residual = 6.569046114e-11, No Iterations 2
time step continuity errors (region0): sum local = 5.414669866e-12, global = -1.230618452e-13, cumulative = 3.333852829e-08
smoothSolver:  Solving for omega, Initial residual = 1.102972793e-08, Final residual = 9.875133458e-10, No Iterations 1
smoothSolver:  Solving for k, Initial residual = 1.154863298e-08, Final residual = 1.028875164e-09, No Iterations 1

ExecutionTime = 4.18 s  ExecutionStepTime = 0.01 s  ClockTime = 4 s

forces FR write:
    Sum of forces
        Total    : ( 0.6196980768 0 -8.050902218 )
        Pressure : ( 0.576035205 0 -8.051867683 )
        Viscous  : ( 0.04366287176 0 0.0009654658206 )
    Sum of moments
        Total    : ( -3.905859034 1.380261816 -0.3006437373 )
        Pressure : ( -3.906327425 1.382587471 -0.2794608913 )
        Viscous  : ( 0.0004683914045 -0.00232565517 -0.02118284603 )


liftDrag LD execute:
Viscous drag: 0.003625891679, pressure drag: 0.04783563639, porous drag: 0
Viscous lift: 8.017508572e-05, pressure lift: -0.6686504772, porous lift: 0
Total lift: -0.6685703021, Front lift: -0.2196642012, Rear lift: -0.4489061009, Drag: 0.05146152807
Location of Center of Mass: ( 0.1583410946 0.4851455065 -0.0177077476 )
Location of Center Of Pressure: ( 0.1727197003 0.4851455065 -0.01660099037 )


yPlus yPlus execute:
    patch Bottom y+ : min = 1.539990624, max = 457.3337395, average = 236.1077383
    patch Top y+ : min = 61.39158716, max = 468.7642938, average = 265.0302431
    patch e423_0 y+ : min = 148.2456247, max = 746.4083871, average = 397.6669334


################################################################################

Time = 380

Outer Loop Iteration = 380
smoothSolver:  Solving for Ux, Initial residual = 3.125511786e-07, Final residual = 7.02931202e-09, No Iterations 2
smoothSolver:  Solving for Uz, Initial residual = 1.330713413e-07, Final residual = 3.148988016e-09, No Iterations 2
GAMG:  Solving for p, Initial residual = 2.636068161e-07, Final residual = 2.237852737e-09, No Iterations 3
GAMG:  Solving for p, Initial residual = 2.941802255e-08, Final residual = 1.576212497e-10, No Iterations 3
GAMG:  Solving for p, Initial residual = 4.655437284e-09, Final residual = 6.414317221e-11, No Iterations 2
time step continuity errors (region0): sum local = 5.287229807e-12, global = -1.079361163e-13, cumulative = 3.333842035e-08
smoothSolver:  Solving for omega, Initial residual = 1.077836127e-08, Final residual = 9.647124914e-10, No Iterations 1
smoothSolver:  Solving for k, Initial residual = 1.129077956e-08, Final residual = 1.005344022e-09, No Iterations 1

ExecutionTime = 4.18 s  ExecutionStepTime = 0 s  ClockTime = 4 s

forces FR write:
    Sum of forces
        Total    : ( 0.6196980106 0 -8.050904932 )
        Pressure : ( 0.5760351288 0 -8.051870398 )
        Viscous  : ( 0.04366288188 0 0.0009654652912 )
    Sum of moments
        Total    : ( -3.905860351 1.38026222 -0.3006437052 )
        Pressure : ( -3.906328742 1.382587876 -0.2794608543 )
        Viscous  : ( 0.0004683911477 -0.002325655917 -0.02118285094 )


liftDrag LD execute:
Viscous drag: 0.00362589252, pressure drag: 0.04783563005, porous drag: 0
Viscous lift: 8.017504175e-05, pressure lift: -0.6686507026, porous lift: 0
Total lift: -0.6685705276, Front lift: -0.2196642804, Rear lift: -0.4489062472, Drag: 0.05146152257
Location of Center of Mass: ( 0.1583410946 0.4851455065 -0.0177077476 )
Location of Center Of Pressure: ( 0.1727196921 0.4851455065 -0.01660099149 )


yPlus yPlus execute:
    patch Bottom y+ : min = 1.539989552, max = 457.3338095, average = 236.1078092
    patch Top y+ : min = 61.39157363, max = 468.7643344, average = 265.0302507
    patch e423_0 y+ : min = 148.2457401, max = 746.40849, average = 397.6669706


################################################################################

Time = 381

Outer Loop Iteration = 381
smoothSolver:  Solving for Ux, Initial residual = 3.056129417e-07, Final residual = 6.856016177e-09, No Iterations 2
smoothSolver:  Solving for Uz, Initial residual = 1.304258839e-07, Final residual = 3.104190434e-09, No Iterations 2
GAMG:  Solving for p, Initial residual = 2.574840847e-07, Final residual = 2.189167878e-09, No Iterations 3
GAMG:  Solving for p, Initial residual = 2.867739768e-08, Final residual = 1.539398448e-10, No Iterations 3
GAMG:  Solving for p, Initial residual = 4.530462551e-09, Final residual = 6.26626619e-11, No Iterations 2
time step continuity errors (region0): sum local = 5.165051276e-12, global = -9.28652613e-14, cumulative = 3.333832749e-08
smoothSolver:  Solving for omega, Initial residual = 1.053170325e-08, Final residual = 9.423680174e-10, No Iterations 1
smoothSolver:  Solving for k, Initial residual = 1.103911637e-08, Final residual = 9.823256975e-10, No Iterations 1

ExecutionTime = 4.2 s  ExecutionStepTime = 0.02 s  ClockTime = 4 s

forces FR write:
    Sum of forces
        Total    : ( 0.619697947 0 -8.050907583 )
        Pressure : ( 0.5760350552 0 -8.051873047 )
        Viscous  : ( 0.04366289176 0 0.0009654647829 )
    Sum of moments
        Total    : ( -3.905861637 1.380262614 -0.3006436744 )
        Pressure : ( -3.906330028 1.382588271 -0.2794608186 )
        Viscous  : ( 0.0004683909011 -0.002325656647 -0.02118285574 )


liftDrag LD execute:
Viscous drag: 0.00362589334, pressure drag: 0.04783562395, porous drag: 0
Viscous lift: 8.017499954e-05, pressure lift: -0.6686509227, porous lift: 0
Total lift: -0.6685707477, Front lift: -0.2196643577, Rear lift: -0.44890639, Drag: 0.05146151729
Location of Center of Mass: ( 0.1583410946 0.4851455065 -0.0177077476 )
Location of Center Of Pressure: ( 0.1727196842 0.4851455065 -0.01660099258 )


yPlus yPlus execute:
    patch Bottom y+ : min = 1.539988492, max = 457.3338761, average = 236.1078783
    patch Top y+ : min = 61.39156065, max = 468.7643712, average = 265.0302573
    patch e423_0 y+ : min = 148.2458526, max = 746.4085903, average = 397.667007


################################################################################

Time = 382

Outer Loop Iteration = 382
smoothSolver:  Solving for Ux, Initial residual = 2.987866027e-07, Final residual = 6.686444532e-09, No Iterations 2
smoothSolver:  Solving for Uz, Initial residual = 1.279855032e-07, Final residual = 3.062974692e-09, No Iterations 2
GAMG:  Solving for p, Initial residual = 2.51785448e-07, Final residual = 2.142423496e-09, No Iterations 3
GAMG:  Solving for p, Initial residual = 2.801291388e-08, Final residual = 1.504122093e-10, No Iterations 3
GAMG:  Solving for p, Initial residual = 4.435224402e-09, Final residual = 6.124622564e-11, No Iterations 2
time step continuity errors (region0): sum local = 5.048295177e-12, global = -7.939137102e-14, cumulative = 3.33382481e-08
smoothSolver:  Solving for omega, Initial residual = 1.028967862e-08, Final residual = 9.204786738e-10, No Iterations 1
smoothSolver:  Solving for k, Initial residual = 1.07930009e-08, Final residual = 9.598439564e-10, No Iterations 1

ExecutionTime = 4.21 s  ExecutionStepTime = 0.01 s  ClockTime = 4 s

forces FR write:
    Sum of forces
        Total    : ( 0.6196978857 0 -8.05091017 )
        Pressure : ( 0.5760349843 0 -8.051875635 )
        Viscous  : ( 0.04366290141 0 0.0009654642947 )
    Sum of moments
        Total    : ( -3.905862892 1.380262999 -0.3006436446 )
        Pressure : ( -3.906331283 1.382588657 -0.2794607842 )
        Viscous  : ( 0.0004683906642 -0.002325657362 -0.02118286042 )


liftDrag LD execute:
Viscous drag: 0.003625894142, pressure drag: 0.04783561806, porous drag: 0
Viscous lift: 8.0174959e-05, pressure lift: -0.6686511375, porous lift: 0
Total lift: -0.6685709626, Front lift: -0.2196644332, Rear lift: -0.4489065294, Drag: 0.0514615122
Location of Center of Mass: ( 0.1583410946 0.4851455065 -0.0177077476 )
Location of Center Of Pressure: ( 0.1727196765 0.4851455065 -0.01660099363 )


yPlus yPlus execute:
    patch Bottom y+ : min = 1.539987444, max = 457.3339395, average = 236.1079456
    patch Top y+ : min = 61.39154817, max = 468.7644045, average = 265.0302628
    patch e423_0 y+ : min = 148.2459622, max = 746.4086881, average = 397.6670426


################################################################################

Time = 383

Outer Loop Iteration = 383
smoothSolver:  Solving for Ux, Initial residual = 2.920697305e-07, Final residual = 6.520623744e-09, No Iterations 2
smoothSolver:  Solving for Uz, Initial residual = 1.257311575e-07, Final residual = 3.025177444e-09, No Iterations 2
GAMG:  Solving for p, Initial residual = 2.46346701e-07, Final residual = 2.097829522e-09, No Iterations 3
GAMG:  Solving for p, Initial residual = 2.746148624e-08, Final residual = 1.476248495e-10, No Iterations 3
GAMG:  Solving for p, Initial residual = 4.358160547e-09, Final residual = 5.994938387e-11, No Iterations 2
time step continuity errors (region0): sum local = 4.941451666e-12, global = -6.109437638e-14, cumulative = 3.3338187e-08
smoothSolver:  Solving for omega, Initial residual = 1.005236863e-08, Final residual = 8.990458934e-10, No Iterations 1
smoothSolver:  Solving for k, Initial residual = 1.055246417e-08, Final residual = 9.379938987e-10, No Iterations 1

ExecutionTime = 4.22 s  ExecutionStepTime = 0.01 s  ClockTime = 4 s

forces FR write:
    Sum of forces
        Total    : ( 0.6196978267 0 -8.050912697 )
        Pressure : ( 0.5760349159 0 -8.051878161 )
        Viscous  : ( 0.04366291083 0 0.0009654638256 )
    Sum of moments
        Total    : ( -3.905864118 1.380263376 -0.300643616 )
        Pressure : ( -3.906332508 1.382589034 -0.279460751 )
        Viscous  : ( 0.0004683904366 -0.002325658061 -0.02118286499 )


liftDrag LD execute:
Viscous drag: 0.003625894924, pressure drag: 0.04783561238, porous drag: 0
Viscous lift: 8.017492004e-05, pressure lift: -0.6686513473, porous lift: 0
Total lift: -0.6685711724, Front lift: -0.2196645068, Rear lift: -0.4489066656, Drag: 0.0514615073
Location of Center of Mass: ( 0.1583410946 0.4851455065 -0.0177077476 )
Location of Center Of Pressure: ( 0.172719669 0.4851455065 -0.01660099466 )


yPlus yPlus execute:
    patch Bottom y+ : min = 1.539986411, max = 457.3340003, average = 236.1080113
    patch Top y+ : min = 61.39153617, max = 468.7644347, average = 265.0302674
    patch e423_0 y+ : min = 148.2460691, max = 746.4087835, average = 397.6670773


################################################################################

Time = 384

Outer Loop Iteration = 384
smoothSolver:  Solving for Ux, Initial residual = 2.854776436e-07, Final residual = 6.358574501e-09, No Iterations 2
smoothSolver:  Solving for Uz, Initial residual = 1.236190237e-07, Final residual = 2.989086534e-09, No Iterations 2
GAMG:  Solving for p, Initial residual = 2.410634067e-07, Final residual = 2.054537113e-09, No Iterations 3
GAMG:  Solving for p, Initial residual = 2.694002595e-08, Final residual = 1.443795886e-10, No Iterations 3
GAMG:  Solving for p, Initial residual = 4.282246174e-09, Final residual = 5.865350972e-11, No Iterations 2
time step continuity errors (region0): sum local = 4.834633485e-12, global = -4.956183055e-14, cumulative = 3.333813744e-08
smoothSolver:  Solving for omega, Initial residual = 9.819962674e-09, Final residual = 8.780669382e-10, No Iterations 1
smoothSolver:  Solving for k, Initial residual = 1.031732227e-08, Final residual = 9.166011379e-10, No Iterations 1

ExecutionTime = 4.22 s  ExecutionStepTime = 0 s  ClockTime = 4 s

forces FR write:
    Sum of forces
        Total    : ( 0.6196977699 0 -8.050915165 )
        Pressure : ( 0.5760348498 0 -8.051880628 )
        Viscous  : ( 0.04366292004 0 0.0009654633742 )
    Sum of moments
        Total    : ( -3.905865315 1.380263744 -0.3006435884 )
        Pressure : ( -3.906333705 1.382589402 -0.279460719 )
        Viscous  : ( 0.0004683902177 -0.002325658745 -0.02118286945 )


liftDrag LD execute:
Viscous drag: 0.003625895689, pressure drag: 0.04783560689, porous drag: 0
Viscous lift: 8.017488256e-05, pressure lift: -0.6686515522, porous lift: 0
Total lift: -0.6685713773, Front lift: -0.2196645787, Rear lift: -0.4489067986, Drag: 0.05146150258
Location of Center of Mass: ( 0.1583410946 0.4851455065 -0.0177077476 )
Location of Center Of Pressure: ( 0.1727196617 0.4851455065 -0.01660099566 )


yPlus yPlus execute:
    patch Bottom y+ : min = 1.539985394, max = 457.3340587, average = 236.1080755
    patch Top y+ : min = 61.39152458, max = 468.7644621, average = 265.0302714
    patch e423_0 y+ : min = 148.2461734, max = 746.4088765, average = 397.6671113


################################################################################

Time = 385

Outer Loop Iteration = 385
smoothSolver:  Solving for Ux, Initial residual = 2.790250812e-07, Final residual = 6.200328077e-09, No Iterations 2
smoothSolver:  Solving for Uz, Initial residual = 1.216464233e-07, Final residual = 2.955225579e-09, No Iterations 2
GAMG:  Solving for p, Initial residual = 2.359095007e-07, Final residual = 2.012827525e-09, No Iterations 3
GAMG:  Solving for p, Initial residual = 2.645851253e-08, Final residual = 1.412702083e-10, No Iterations 3
GAMG:  Solving for p, Initial residual = 4.211111559e-09, Final residual = 5.741649381e-11, No Iterations 2
time step continuity errors (region0): sum local = 4.732631768e-12, global = -3.944232904e-14, cumulative = 3.3338098e-08
smoothSolver:  Solving for omega, Initial residual = 9.592131307e-09, Final residual = 8.575376459e-10, No Iterations 1
smoothSolver:  Solving for k, Initial residual = 1.008742689e-08, Final residual = 8.95676226e-10, No Iterations 1

ExecutionTime = 4.23 s  ExecutionStepTime = 0.01 s  ClockTime = 4 s

forces FR write:
    Sum of forces
        Total    : ( 0.619697715 0 -8.050917574 )
        Pressure : ( 0.576034786 0 -8.051883037 )
        Viscous  : ( 0.04366292902 0 0.0009654629397 )
    Sum of moments
        Total    : ( -3.905866484 1.380264103 -0.3006435618 )
        Pressure : ( -3.906334874 1.382589763 -0.279460688 )
        Viscous  : ( 0.0004683900069 -0.002325659414 -0.02118287381 )


liftDrag LD execute:
Viscous drag: 0.003625896435, pressure drag: 0.04783560159, porous drag: 0
Viscous lift: 8.017484648e-05, pressure lift: -0.6686517523, porous lift: 0
Total lift: -0.6685715774, Front lift: -0.2196646489, Rear lift: -0.4489069285, Drag: 0.05146149803
Location of Center of Mass: ( 0.1583410946 0.4851455065 -0.0177077476 )
Location of Center Of Pressure: ( 0.1727196546 0.4851455065 -0.01660099664 )


yPlus yPlus execute:
    patch Bottom y+ : min = 1.539984393, max = 457.334115, average = 236.1081382
    patch Top y+ : min = 61.39151338, max = 468.764487, average = 265.0302748
    patch e423_0 y+ : min = 148.2462751, max = 746.4089671, average = 397.6671445


################################################################################

Time = 386

Outer Loop Iteration = 386
smoothSolver:  Solving for Ux, Initial residual = 2.726925465e-07, Final residual = 6.046153125e-09, No Iterations 2
smoothSolver:  Solving for Uz, Initial residual = 1.197725501e-07, Final residual = 2.922311387e-09, No Iterations 2
GAMG:  Solving for p, Initial residual = 2.312270426e-07, Final residual = 1.972707726e-09, No Iterations 3
GAMG:  Solving for p, Initial residual = 2.599084279e-08, Final residual = 1.382850419e-10, No Iterations 3
GAMG:  Solving for p, Initial residual = 4.142876324e-09, Final residual = 5.622685623e-11, No Iterations 2
time step continuity errors (region0): sum local = 4.634544063e-12, global = -3.045607517e-14, cumulative = 3.333806754e-08
smoothSolver:  Solving for omega, Initial residual = 9.368856915e-09, Final residual = 8.374467981e-10, No Iterations 1
smoothSolver:  Solving for k, Initial residual = 9.862883663e-09, Final residual = 8.752454089e-10, No Iterations 1

ExecutionTime = 4.24 s  ExecutionStepTime = 0.01 s  ClockTime = 4 s

forces FR write:
    Sum of forces
        Total    : ( 0.6196976621 0 -8.050919928 )
        Pressure : ( 0.5760347243 0 -8.05188539 )
        Viscous  : ( 0.0436629378 0 0.0009654625209 )
    Sum of moments
        Total    : ( -3.905867626 1.380264454 -0.3006435361 )
        Pressure : ( -3.906336016 1.382590115 -0.2794606581 )
        Viscous  : ( 0.0004683898037 -0.002325660067 -0.02118287807 )


liftDrag LD execute:
Viscous drag: 0.003625897164, pressure drag: 0.04783559647, porous drag: 0
Viscous lift: 8.01748117e-05, pressure lift: -0.6686519477, porous lift: 0
Total lift: -0.6685717729, Front lift: -0.2196647175, Rear lift: -0.4489070554, Drag: 0.05146149363
Location of Center of Mass: ( 0.1583410946 0.4851455065 -0.0177077476 )
Location of Center Of Pressure: ( 0.1727196477 0.4851455065 -0.01660099759 )


yPlus yPlus execute:
    patch Bottom y+ : min = 1.53998341, max = 457.3341694, average = 236.1081996
    patch Top y+ : min = 61.39150252, max = 468.7645098, average = 265.0302778
    patch e423_0 y+ : min = 148.2463743, max = 746.4090555, average = 397.6671769


################################################################################

Time = 387

Outer Loop Iteration = 387
smoothSolver:  Solving for Ux, Initial residual = 2.664702462e-07, Final residual = 5.89586557e-09, No Iterations 2
smoothSolver:  Solving for Uz, Initial residual = 1.179874184e-07, Final residual = 2.89026152e-09, No Iterations 2
GAMG:  Solving for p, Initial residual = 2.266343143e-07, Final residual = 1.933965102e-09, No Iterations 3
GAMG:  Solving for p, Initial residual = 2.553791985e-08, Final residual = 1.350710691e-10, No Iterations 3
GAMG:  Solving for p, Initial residual = 4.075860205e-09, Final residual = 5.498829402e-11, No Iterations 2
time step continuity errors (region0): sum local = 4.532437615e-12, global = -3.319165713e-14, cumulative = 3.333803435e-08
smoothSolver:  Solving for omega, Initial residual = 9.150281948e-09, Final residual = 8.17790725e-10, No Iterations 1
smoothSolver:  Solving for k, Initial residual = 9.643126668e-09, Final residual = 8.554908459e-10, No Iterations 1

ExecutionTime = 4.25 s  ExecutionStepTime = 0.01 s  ClockTime = 4 s

forces FR write:
    Sum of forces
        Total    : ( 0.619697611 0 -8.050922227 )
        Pressure : ( 0.5760346646 0 -8.051887689 )
        Viscous  : ( 0.04366294636 0 0.0009654621168 )
    Sum of moments
        Total    : ( -3.905868741 1.380264798 -0.3006435113 )
        Pressure : ( -3.906337131 1.382590459 -0.2794606291 )
        Viscous  : ( 0.0004683896076 -0.002325660707 -0.02118288223 )


liftDrag LD execute:
Viscous drag: 0.003625897875, pressure drag: 0.04783559151, porous drag: 0
Viscous lift: 8.017477814e-05, pressure lift: -0.6686521385, porous lift: 0
Total lift: -0.6685719638, Front lift: -0.2196647844, Rear lift: -0.4489071794, Drag: 0.05146148938
Location of Center of Mass: ( 0.1583410946 0.4851455065 -0.0177077476 )
Location of Center Of Pressure: ( 0.172719641 0.4851455065 -0.01660099851 )


yPlus yPlus execute:
    patch Bottom y+ : min = 1.539982446, max = 457.3342224, average = 236.1082599
    patch Top y+ : min = 61.39149197, max = 468.7645306, average = 265.0302805
    patch e423_0 y+ : min = 148.2464711, max = 746.4091417, average = 397.6672085


################################################################################

Time = 388

Outer Loop Iteration = 388
smoothSolver:  Solving for Ux, Initial residual = 2.603589123e-07, Final residual = 5.749339856e-09, No Iterations 2
smoothSolver:  Solving for Uz, Initial residual = 1.162875832e-07, Final residual = 2.858459879e-09, No Iterations 2
GAMG:  Solving for p, Initial residual = 2.22128207e-07, Final residual = 1.896436209e-09, No Iterations 3
GAMG:  Solving for p, Initial residual = 2.509211484e-08, Final residual = 1.323087292e-10, No Iterations 3
GAMG:  Solving for p, Initial residual = 4.010297314e-09, Final residual = 5.388148972e-11, No Iterations 2
time step continuity errors (region0): sum local = 4.441357087e-12, global = -2.612388345e-14, cumulative = 3.333800823e-08
smoothSolver:  Solving for omega, Initial residual = 8.936340152e-09, Final residual = 7.985653259e-10, No Iterations 1
smoothSolver:  Solving for k, Initial residual = 9.428093808e-09, Final residual = 8.362413575e-10, No Iterations 1

ExecutionTime = 4.26 s  ExecutionStepTime = 0.01 s  ClockTime = 4 s

forces FR write:
    Sum of forces
        Total    : ( 0.6196975615 0 -8.050924472 )
        Pressure : ( 0.5760346068 0 -8.051889934 )
        Viscous  : ( 0.04366295473 0 0.0009654617264 )
    Sum of moments
        Total    : ( -3.905869831 1.380265133 -0.3006434873 )
        Pressure : ( -3.90633822 1.382590795 -0.2794606011 )
        Viscous  : ( 0.0004683894182 -0.002325661331 -0.02118288629 )


liftDrag LD execute:
Viscous drag: 0.00362589857, pressure drag: 0.04783558671, porous drag: 0
Viscous lift: 8.017474572e-05, pressure lift: -0.668652325, porous lift: 0
Total lift: -0.6685721502, Front lift: -0.2196648498, Rear lift: -0.4489073005, Drag: 0.05146148528
Location of Center of Mass: ( 0.1583410946 0.4851455065 -0.0177077476 )
Location of Center Of Pressure: ( 0.1727196345 0.4851455065 -0.01660099941 )


yPlus yPlus execute:
    patch Bottom y+ : min = 1.539981502, max = 457.3342741, average = 236.108319
    patch Top y+ : min = 61.3914817, max = 468.7645499, average = 265.030283
    patch e423_0 y+ : min = 148.2465656, max = 746.4092258, average = 397.6672394


################################################################################

Time = 389

Outer Loop Iteration = 389
smoothSolver:  Solving for Ux, Initial residual = 2.543670019e-07, Final residual = 5.606552011e-09, No Iterations 2
smoothSolver:  Solving for Uz, Initial residual = 1.147057186e-07, Final residual = 2.827910407e-09, No Iterations 2
GAMG:  Solving for p, Initial residual = 2.17689263e-07, Final residual = 1.859890102e-09, No Iterations 3
GAMG:  Solving for p, Initial residual = 2.465237818e-08, Final residual = 1.29640535e-10, No Iterations 3
GAMG:  Solving for p, Initial residual = 3.945533944e-09, Final residual = 5.281144729e-11, No Iterations 2
time step continuity errors (region0): sum local = 4.353136006e-12, global = -1.99457256e-14, cumulative = 3.333798828e-08
smoothSolver:  Solving for omega, Initial residual = 8.727103712e-09, Final residual = 7.79766554e-10, No Iterations 1
smoothSolver:  Solving for k, Initial residual = 9.217798794e-09, Final residual = 8.174101459e-10, No Iterations 1

ExecutionTime = 4.27 s  ExecutionStepTime = 0.01 s  ClockTime = 4 s

forces FR write:
    Sum of forces
        Total    : ( 0.6196975137 0 -8.050926666 )
        Pressure : ( 0.5760345508 0 -8.051892128 )
        Viscous  : ( 0.0436629629 0 0.0009654613487 )
    Sum of moments
        Total    : ( -3.905870895 1.380265461 -0.3006434641 )
        Pressure : ( -3.906339284 1.382591123 -0.2794605739 )
        Viscous  : ( 0.000468389235 -0.002325661942 -0.02118289025 )


liftDrag LD execute:
Viscous drag: 0.003625899248, pressure drag: 0.04783558206, porous drag: 0
Viscous lift: 8.017471436e-05, pressure lift: -0.6686525071, porous lift: 0
Total lift: -0.6685723324, Front lift: -0.2196649136, Rear lift: -0.4489074188, Drag: 0.0514614813
Location of Center of Mass: ( 0.1583410946 0.4851455065 -0.0177077476 )
Location of Center Of Pressure: ( 0.1727196281 0.4851455065 -0.01660100029 )


yPlus yPlus execute:
    patch Bottom y+ : min = 1.539980579, max = 457.3343247, average = 236.1083771
    patch Top y+ : min = 61.39147168, max = 468.7645678, average = 265.0302854
    patch e423_0 y+ : min = 148.2466578, max = 746.4093079, average = 397.6672696


################################################################################

Time = 390

Outer Loop Iteration = 390
smoothSolver:  Solving for Ux, Initial residual = 2.48503431e-07, Final residual = 5.467652703e-09, No Iterations 2
smoothSolver:  Solving for Uz, Initial residual = 1.132067762e-07, Final residual = 2.797742841e-09, No Iterations 2
GAMG:  Solving for p, Initial residual = 2.133088895e-07, Final residual = 1.824243135e-09, No Iterations 3
GAMG:  Solving for p, Initial residual = 2.422227766e-08, Final residual = 1.270557425e-10, No Iterations 3
GAMG:  Solving for p, Initial residual = 3.881244397e-09, Final residual = 5.177159101e-11, No Iterations 2
time step continuity errors (region0): sum local = 4.26728529e-12, global = -1.497885765e-14, cumulative = 3.33379733e-08
smoothSolver:  Solving for omega, Initial residual = 8.52255062e-09, Final residual = 7.613901877e-10, No Iterations 1
smoothSolver:  Solving for k, Initial residual = 9.012246424e-09, Final residual = 7.989759254e-10, No Iterations 1

ExecutionTime = 4.28 s  ExecutionStepTime = 0.01 s  ClockTime = 4 s

forces FR write:
    Sum of forces
        Total    : ( 0.6196974673 0 -8.05092881 )
        Pressure : ( 0.5760344964 0 -8.051894271 )
        Viscous  : ( 0.04366297087 0 0.0009654609829 )
    Sum of moments
        Total    : ( -3.905871935 1.380265782 -0.3006434416 )
        Pressure : ( -3.906340324 1.382591445 -0.2794605475 )
        Viscous  : ( 0.0004683890575 -0.002325662539 -0.02118289412 )


liftDrag LD execute:
Viscous drag: 0.00362589991, pressure drag: 0.04783557754, porous drag: 0
Viscous lift: 8.017468398e-05, pressure lift: -0.6686526851, porous lift: 0
Total lift: -0.6685725104, Front lift: -0.219664976, Rear lift: -0.4489075344, Drag: 0.05146147745
Location of Center of Mass: ( 0.1583410946 0.4851455065 -0.0177077476 )
Location of Center Of Pressure: ( 0.172719622 0.4851455065 -0.01660100114 )


yPlus yPlus execute:
    patch Bottom y+ : min = 1.539979677, max = 457.3343745, average = 236.1084342
    patch Top y+ : min = 61.39146187, max = 468.7645845, average = 265.0302879
    patch e423_0 y+ : min = 148.2467479, max = 746.4093879, average = 397.6672991


################################################################################

Time = 391

Outer Loop Iteration = 391
smoothSolver:  Solving for Ux, Initial residual = 2.427604632e-07, Final residual = 5.33320193e-09, No Iterations 2
smoothSolver:  Solving for Uz, Initial residual = 1.117617566e-07, Final residual = 2.767395686e-09, No Iterations 2
GAMG:  Solving for p, Initial residual = 2.089845141e-07, Final residual = 1.789390938e-09, No Iterations 3
GAMG:  Solving for p, Initial residual = 2.379663451e-08, Final residual = 1.245525454e-10, No Iterations 3
GAMG:  Solving for p, Initial residual = 3.817238797e-09, Final residual = 5.075934259e-11, No Iterations 2
time step continuity errors (region0): sum local = 4.183836034e-12, global = -1.1051045e-14, cumulative = 3.333796225e-08
smoothSolver:  Solving for omega, Initial residual = 8.322366602e-09, Final residual = 7.434316608e-10, No Iterations 1
smoothSolver:  Solving for k, Initial residual = 8.810924454e-09, Final residual = 7.809268957e-10, No Iterations 1

ExecutionTime = 4.29 s  ExecutionStepTime = 0.01 s  ClockTime = 4 s

forces FR write:
    Sum of forces
        Total    : ( 0.6196974223 0 -8.050930904 )
        Pressure : ( 0.5760344436 0 -8.051896365 )
        Viscous  : ( 0.04366297866 0 0.0009654606279 )
    Sum of moments
        Total    : ( -3.905872951 1.380266095 -0.3006434198 )
        Pressure : ( -3.90634134 1.382591759 -0.2794605219 )
        Viscous  : ( 0.0004683888853 -0.002325663122 -0.0211828979 )


liftDrag LD execute:
Viscous drag: 0.003625900557, pressure drag: 0.04783557316, porous drag: 0
Viscous lift: 8.01746545e-05, pressure lift: -0.668652859, porous lift: 0
Total lift: -0.6685726844, Front lift: -0.2196650369, Rear lift: -0.4489076474, Drag: 0.05146147372
Location of Center of Mass: ( 0.1583410946 0.4851455065 -0.0177077476 )
Location of Center Of Pressure: ( 0.1727196159 0.4851455065 -0.01660100197 )


yPlus yPlus execute:
    patch Bottom y+ : min = 1.539978798, max = 457.3344236, average = 236.1084904
    patch Top y+ : min = 61.39145225, max = 468.7646005, average = 265.0302904
    patch e423_0 y+ : min = 148.2468359, max = 746.409466, average = 397.6673279


################################################################################

Time = 392

Outer Loop Iteration = 392
smoothSolver:  Solving for Ux, Initial residual = 2.371472441e-07, Final residual = 5.203318654e-09, No Iterations 2
smoothSolver:  Solving for Uz, Initial residual = 1.103371438e-07, Final residual = 2.737453829e-09, No Iterations 2
GAMG:  Solving for p, Initial residual = 2.047153843e-07, Final residual = 1.755099757e-09, No Iterations 3
GAMG:  Solving for p, Initial residual = 2.337801803e-08, Final residual = 1.217009006e-10, No Iterations 3
GAMG:  Solving for p, Initial residual = 3.752881711e-09, Final residual = 4.971591463e-11, No Iterations 2
time step continuity errors (region0): sum local = 4.09787167e-12, global = -1.313253493e-14, cumulative = 3.333794912e-08
smoothSolver:  Solving for omega, Initial residual = 8.126518322e-09, Final residual = 7.25886224e-10, No Iterations 1
smoothSolver:  Solving for k, Initial residual = 8.614207353e-09, Final residual = 7.632620168e-10, No Iterations 1

ExecutionTime = 4.29 s  ExecutionStepTime = 0 s  ClockTime = 4 s

forces FR write:
    Sum of forces
        Total    : ( 0.6196973786 0 -8.050932951 )
        Pressure : ( 0.5760343923 0 -8.051898411 )
        Viscous  : ( 0.04366298627 0 0.0009654602831 )
    Sum of moments
        Total    : ( -3.905873944 1.380266402 -0.3006433986 )
        Pressure : ( -3.906342333 1.382592066 -0.279460497 )
        Viscous  : ( 0.000468388718 -0.002325663692 -0.02118290159 )


liftDrag LD execute:
Viscous drag: 0.003625901189, pressure drag: 0.0478355689, porous drag: 0
Viscous lift: 8.017462586e-05, pressure lift: -0.6686530289, porous lift: 0
Total lift: -0.6685728543, Front lift: -0.2196650965, Rear lift: -0.4489077578, Drag: 0.05146147009
Location of Center of Mass: ( 0.1583410946 0.4851455065 -0.0177077476 )
Location of Center Of Pressure: ( 0.17271961 0.4851455065 -0.01660100279 )


yPlus yPlus execute:
    patch Bottom y+ : min = 1.539977941, max = 457.3344722, average = 236.1085458
    patch Top y+ : min = 61.39144281, max = 468.7646157, average = 265.0302931
    patch e423_0 y+ : min = 148.2469218, max = 746.4095423, average = 397.6673561


################################################################################

Time = 393

Outer Loop Iteration = 393
smoothSolver:  Solving for Ux, Initial residual = 2.316571669e-07, Final residual = 5.076956811e-09, No Iterations 2
smoothSolver:  Solving for Uz, Initial residual = 1.089491488e-07, Final residual = 2.707257034e-09, No Iterations 2
GAMG:  Solving for p, Initial residual = 2.005018647e-07, Final residual = 1.721648685e-09, No Iterations 3
GAMG:  Solving for p, Initial residual = 2.295997216e-08, Final residual = 1.193461315e-10, No Iterations 3
GAMG:  Solving for p, Initial residual = 3.69018536e-09, Final residual = 4.875240247e-11, No Iterations 2
time step continuity errors (region0): sum local = 4.018464629e-12, global = -1.094055545e-14, cumulative = 3.333793818e-08
smoothSolver:  Solving for omega, Initial residual = 7.934980781e-09, Final residual = 7.087487777e-10, No Iterations 1
smoothSolver:  Solving for k, Initial residual = 8.422094988e-09, Final residual = 7.459740346e-10, No Iterations 1

ExecutionTime = 4.3 s  ExecutionStepTime = 0.01 s  ClockTime = 4 s

forces FR write:
    Sum of forces
        Total    : ( 0.6196973361 0 -8.050934951 )
        Pressure : ( 0.5760343424 0 -8.051900411 )
        Viscous  : ( 0.0436629937 0 0.0009654599475 )
    Sum of moments
        Total    : ( -3.905874914 1.380266701 -0.300643378 )
        Pressure : ( -3.906343303 1.382592366 -0.2794604728 )
        Viscous  : ( 0.0004683885552 -0.002325664249 -0.02118290519 )


liftDrag LD execute:
Viscous drag: 0.003625901806, pressure drag: 0.04783556475, porous drag: 0
Viscous lift: 8.0174598e-05, pressure lift: -0.668653195, porous lift: 0
Total lift: -0.6685730204, Front lift: -0.2196651547, Rear lift: -0.4489078657, Drag: 0.05146146656
Location of Center of Mass: ( 0.1583410946 0.4851455065 -0.0177077476 )
Location of Center Of Pressure: ( 0.1727196043 0.4851455065 -0.01660100358 )


yPlus yPlus execute:
    patch Bottom y+ : min = 1.539977107, max = 457.3345204, average = 236.1086004
    patch Top y+ : min = 61.3914335, max = 468.7646305, average = 265.0302961
    patch e423_0 y+ : min = 148.2470058, max = 746.4096167, average = 397.6673836


################################################################################

Time = 394

Outer Loop Iteration = 394
smoothSolver:  Solving for Ux, Initial residual = 2.262868047e-07, Final residual = 4.954061037e-09, No Iterations 2
smoothSolver:  Solving for Uz, Initial residual = 1.07580471e-07, Final residual = 2.676822337e-09, No Iterations 2
GAMG:  Solving for p, Initial residual = 1.96344267e-07, Final residual = 1.688811682e-09, No Iterations 3
GAMG:  Solving for p, Initial residual = 2.25457671e-08, Final residual = 1.170513255e-10, No Iterations 3
GAMG:  Solving for p, Initial residual = 3.627567182e-09, Final residual = 4.781074954e-11, No Iterations 2
time step continuity errors (region0): sum local = 3.940825578e-12, global = -9.5871513e-15, cumulative = 3.333792859e-08
smoothSolver:  Solving for omega, Initial residual = 7.747732362e-09, Final residual = 6.92019111e-10, No Iterations 1
smoothSolver:  Solving for k, Initial residual = 8.234129982e-09, Final residual = 7.29048047e-10, No Iterations 1

ExecutionTime = 4.32 s  ExecutionStepTime = 0.02 s  ClockTime = 4 s

forces FR write:
    Sum of forces
        Total    : ( 0.6196972947 0 -8.050936906 )
        Pressure : ( 0.5760342937 0 -8.051902365 )
        Viscous  : ( 0.04366300095 0 0.0009654596205 )
    Sum of moments
        Total    : ( -3.905875863 1.380266994 -0.3006433579 )
        Pressure : ( -3.906344251 1.382592659 -0.2794604492 )
        Viscous  : ( 0.0004683883965 -0.002325664793 -0.02118290871 )


liftDrag LD execute:
Viscous drag: 0.003625902408, pressure drag: 0.04783556071, porous drag: 0
Viscous lift: 8.017457084e-05, pressure lift: -0.6686533573, porous lift: 0
Total lift: -0.6685731827, Front lift: -0.2196652115, Rear lift: -0.4489079712, Drag: 0.05146146312
Location of Center of Mass: ( 0.1583410946 0.4851455065 -0.0177077476 )
Location of Center Of Pressure: ( 0.1727195987 0.4851455065 -0.01660100435 )


yPlus yPlus execute:
    patch Bottom y+ : min = 1.539976297, max = 457.3345685, average = 236.1086542
    patch Top y+ : min = 61.39142433, max = 468.7646451, average = 265.0302993
    patch e423_0 y+ : min = 148.2470879, max = 746.4096893, average = 397.6674104


################################################################################

Time = 395

Outer Loop Iteration = 395
smoothSolver:  Solving for Ux, Initial residual = 2.210301767e-07, Final residual = 4.834492481e-09, No Iterations 2
smoothSolver:  Solving for Uz, Initial residual = 1.062293473e-07, Final residual = 2.646641699e-09, No Iterations 2
GAMG:  Solving for p, Initial residual = 1.922361637e-07, Final residual = 1.656549339e-09, No Iterations 3
GAMG:  Solving for p, Initial residual = 2.213441417e-08, Final residual = 1.148118974e-10, No Iterations 3
GAMG:  Solving for p, Initial residual = 3.565100937e-09, Final residual = 4.688981471e-11, No Iterations 2
time step continuity errors (region0): sum local = 3.865100606e-12, global = -8.936487837e-15, cumulative = 3.333791965e-08
smoothSolver:  Solving for omega, Initial residual = 7.56472768e-09, Final residual = 6.75854808e-10, No Iterations 1
smoothSolver:  Solving for k, Initial residual = 8.050654486e-09, Final residual = 7.124773614e-10, No Iterations 1

ExecutionTime = 4.32 s  ExecutionStepTime = 0 s  ClockTime = 4 s

forces FR write:
    Sum of forces
        Total    : ( 0.6196972543 0 -8.050938816 )
        Pressure : ( 0.5760342463 0 -8.051904276 )
        Viscous  : ( 0.04366300803 0 0.0009654593013 )
    Sum of moments
        Total    : ( -3.90587679 1.38026728 -0.3006433383 )
        Pressure : ( -3.906345178 1.382592946 -0.2794604262 )
        Viscous  : ( 0.0004683882417 -0.002325665324 -0.02118291214 )


liftDrag LD execute:
Viscous drag: 0.003625902996, pressure drag: 0.04783555677, porous drag: 0
Viscous lift: 8.017454433e-05, pressure lift: -0.668653516, porous lift: 0
Total lift: -0.6685733414, Front lift: -0.2196652671, Rear lift: -0.4489080743, Drag: 0.05146145977
Location of Center of Mass: ( 0.1583410946 0.4851455065 -0.0177077476 )
Location of Center Of Pressure: ( 0.1727195933 0.4851455065 -0.01660100511 )


yPlus yPlus execute:
    patch Bottom y+ : min = 1.539975511, max = 457.3346164, average = 236.1087073
    patch Top y+ : min = 61.39141526, max = 468.7646595, average = 265.0303029
    patch e423_0 y+ : min = 148.2471681, max = 746.4097603, average = 397.6674366


################################################################################

Time = 396

Outer Loop Iteration = 396
smoothSolver:  Solving for Ux, Initial residual = 2.158883802e-07, Final residual = 4.718191953e-09, No Iterations 2
smoothSolver:  Solving for Uz, Initial residual = 1.048911194e-07, Final residual = 2.615804313e-09, No Iterations 2
GAMG:  Solving for p, Initial residual = 1.882062823e-07, Final residual = 1.624812654e-09, No Iterations 3
GAMG:  Solving for p, Initial residual = 2.172634505e-08, Final residual = 1.126254572e-10, No Iterations 3
GAMG:  Solving for p, Initial residual = 3.5024676e-09, Final residual = 4.598660093e-11, No Iterations 2
time step continuity errors (region0): sum local = 3.79061765e-12, global = -8.98970914e-15, cumulative = 3.333791066e-08
smoothSolver:  Solving for omega, Initial residual = 7.385910843e-09, Final residual = 6.600864044e-10, No Iterations 1
smoothSolver:  Solving for k, Initial residual = 7.871209888e-09, Final residual = 6.962564958e-10, No Iterations 1

ExecutionTime = 4.33 s  ExecutionStepTime = 0.01 s  ClockTime = 4 s

forces FR write:
    Sum of forces
        Total    : ( 0.6196972149 0 -8.050940684 )
        Pressure : ( 0.5760342 0 -8.051906143 )
        Viscous  : ( 0.04366301495 0 0.0009654589893 )
    Sum of moments
        Total    : ( -3.905877696 1.38026756 -0.3006433192 )
        Pressure : ( -3.906346084 1.382593226 -0.2794604037 )
        Viscous  : ( 0.0004683880903 -0.002325665843 -0.0211829155 )


liftDrag LD execute:
Viscous drag: 0.00362590357, pressure drag: 0.04783555292, porous drag: 0
Viscous lift: 8.017451843e-05, pressure lift: -0.668653671, porous lift: 0
Total lift: -0.6685734965, Front lift: -0.2196653214, Rear lift: -0.4489081751, Drag: 0.05146145649
Location of Center of Mass: ( 0.1583410946 0.4851455065 -0.0177077476 )
Location of Center Of Pressure: ( 0.1727195879 0.4851455065 -0.01660100584 )


yPlus yPlus execute:
    patch Bottom y+ : min = 1.539974748, max = 457.3346644, average = 236.1087597
    patch Top y+ : min = 61.39140629, max = 468.764674, average = 265.0303069
    patch e423_0 y+ : min = 148.2472465, max = 746.4098295, average = 397.6674622


################################################################################

Time = 397

Outer Loop Iteration = 397
smoothSolver:  Solving for Ux, Initial residual = 2.108574187e-07, Final residual = 4.605082573e-09, No Iterations 2
smoothSolver:  Solving for Uz, Initial residual = 1.035628799e-07, Final residual = 2.584594921e-09, No Iterations 2
GAMG:  Solving for p, Initial residual = 1.842637796e-07, Final residual = 1.593544833e-09, No Iterations 3
GAMG:  Solving for p, Initial residual = 2.132089249e-08, Final residual = 1.104909188e-10, No Iterations 3
GAMG:  Solving for p, Initial residual = 3.439861803e-09, Final residual = 4.509960727e-11, No Iterations 2
time step continuity errors (region0): sum local = 3.7175099e-12, global = -9.800545977e-15, cumulative = 3.333790086e-08
smoothSolver:  Solving for omega, Initial residual = 7.211268333e-09, Final residual = 6.446946041e-10, No Iterations 1
smoothSolver:  Solving for k, Initial residual = 7.695565757e-09, Final residual = 6.803793821e-10, No Iterations 1

ExecutionTime = 4.34 s  ExecutionStepTime = 0.01 s  ClockTime = 4 s

forces FR write:
    Sum of forces
        Total    : ( 0.6196971764 0 -8.05094251 )
        Pressure : ( 0.5760341547 0 -8.051907968 )
        Viscous  : ( 0.0436630217 0 0.0009654586839 )
    Sum of moments
        Total    : ( -3.905878581 1.380267834 -0.3006433005 )
        Pressure : ( -3.906346969 1.3825935 -0.2794603817 )
        Viscous  : ( 0.0004683879422 -0.00232566635 -0.02118291878 )


liftDrag LD execute:
Viscous drag: 0.003625904131, pressure drag: 0.04783554917, porous drag: 0
Viscous lift: 8.017449307e-05, pressure lift: -0.6686538226, porous lift: 0
Total lift: -0.6685736481, Front lift: -0.2196653745, Rear lift: -0.4489082737, Drag: 0.0514614533
Location of Center of Mass: ( 0.1583410946 0.4851455065 -0.0177077476 )
Location of Center Of Pressure: ( 0.1727195827 0.4851455065 -0.01660100656 )


yPlus yPlus execute:
    patch Bottom y+ : min = 1.539974009, max = 457.3347124, average = 236.1088114
    patch Top y+ : min = 61.39139741, max = 468.7646886, average = 265.0303113
    patch e423_0 y+ : min = 148.2473232, max = 746.4098972, average = 397.6674873


################################################################################

Time = 398

Outer Loop Iteration = 398
smoothSolver:  Solving for Ux, Initial residual = 2.059322502e-07, Final residual = 4.495094754e-09, No Iterations 2
smoothSolver:  Solving for Uz, Initial residual = 1.022338733e-07, Final residual = 2.552503244e-09, No Iterations 2
GAMG:  Solving for p, Initial residual = 1.803600385e-07, Final residual = 1.562731895e-09, No Iterations 3
GAMG:  Solving for p, Initial residual = 2.091688209e-08, Final residual = 1.084149567e-10, No Iterations 3
GAMG:  Solving for p, Initial residual = 3.377155081e-09, Final residual = 4.422766802e-11, No Iterations 2
time step continuity errors (region0): sum local = 3.645474351e-12, global = -1.081799105e-14, cumulative = 3.333789005e-08
smoothSolver:  Solving for omega, Initial residual = 7.040747548e-09, Final residual = 6.296739654e-10, No Iterations 1
smoothSolver:  Solving for k, Initial residual = 7.523556355e-09, Final residual = 6.648396336e-10, No Iterations 1

ExecutionTime = 4.35 s  ExecutionStepTime = 0.01 s  ClockTime = 4 s

forces FR write:
    Sum of forces
        Total    : ( 0.6196971387 0 -8.050944295 )
        Pressure : ( 0.5760341104 0 -8.051909753 )
        Viscous  : ( 0.0436630283 0 0.0009654583846 )
    Sum of moments
        Total    : ( -3.905879447 1.380268101 -0.3006432822 )
        Pressure : ( -3.906347835 1.382593768 -0.2794603602 )
        Viscous  : ( 0.000468387797 -0.002325666845 -0.02118292198 )


liftDrag LD execute:
Viscous drag: 0.003625904679, pressure drag: 0.04783554549, porous drag: 0
Viscous lift: 8.017446821e-05, pressure lift: -0.6686539708, porous lift: 0
Total lift: -0.6685737963, Front lift: -0.2196654264, Rear lift: -0.44890837, Drag: 0.05146145017
Location of Center of Mass: ( 0.1583410946 0.4851455065 -0.0177077476 )
Location of Center Of Pressure: ( 0.1727195776 0.4851455065 -0.01660100727 )


yPlus yPlus execute:
    patch Bottom y+ : min = 1.539973293, max = 457.3347605, average = 236.1088625
    patch Top y+ : min = 61.39138859, max = 468.7647035, average = 265.0303162
    patch e423_0 y+ : min = 148.2473982, max = 746.4099633, average = 397.6675117


################################################################################

Time = 399

Outer Loop Iteration = 399
smoothSolver:  Solving for Ux, Initial residual = 2.011178978e-07, Final residual = 4.388165811e-09, No Iterations 2
smoothSolver:  Solving for Uz, Initial residual = 1.008900053e-07, Final residual = 2.520322917e-09, No Iterations 2
GAMG:  Solving for p, Initial residual = 1.764932896e-07, Final residual = 1.532318981e-09, No Iterations 3
GAMG:  Solving for p, Initial residual = 2.051405023e-08, Final residual = 1.063829476e-10, No Iterations 3
GAMG:  Solving for p, Initial residual = 3.31426904e-09, Final residual = 4.3369606e-11, No Iterations 2
time step continuity errors (region0): sum local = 3.574760373e-12, global = -1.252024334e-14, cumulative = 3.333787753e-08
smoothSolver:  Solving for omega, Initial residual = 6.874334359e-09, Final residual = 6.150143026e-10, No Iterations 1
smoothSolver:  Solving for k, Initial residual = 7.355324736e-09, Final residual = 6.496319459e-10, No Iterations 1

ExecutionTime = 4.36 s  ExecutionStepTime = 0.01 s  ClockTime = 4 s

forces FR write:
    Sum of forces
        Total    : ( 0.6196971018 0 -8.05094604 )
        Pressure : ( 0.5760340671 0 -8.051911498 )
        Viscous  : ( 0.04366303474 0 0.0009654580909 )
    Sum of moments
        Total    : ( -3.905880294 1.380268363 -0.3006432643 )
        Pressure : ( -3.906348682 1.38259403 -0.2794603392 )
        Viscous  : ( 0.0004683876545 -0.002325667329 -0.0211829251 )


liftDrag LD execute:
Viscous drag: 0.003625905214, pressure drag: 0.04783554189, porous drag: 0
Viscous lift: 8.017444382e-05, pressure lift: -0.6686541157, porous lift: 0
Total lift: -0.6685739413, Front lift: -0.2196654771, Rear lift: -0.4489084642, Drag: 0.0514614471
Location of Center of Mass: ( 0.1583410946 0.4851455065 -0.0177077476 )
Location of Center Of Pressure: ( 0.1727195727 0.4851455065 -0.01660100796 )


yPlus yPlus execute:
    patch Bottom y+ : min = 1.539972601, max = 457.3348088, average = 236.108913
    patch Top y+ : min = 61.39137983, max = 468.7647188, average = 265.0303215
    patch e423_0 y+ : min = 148.2474716, max = 746.4100279, average = 397.6675356


################################################################################

Time = 400

Outer Loop Iteration = 400
smoothSolver:  Solving for Ux, Initial residual = 1.964054776e-07, Final residual = 4.284213087e-09, No Iterations 2
smoothSolver:  Solving for Uz, Initial residual = 9.952793187e-08, Final residual = 2.48714455e-09, No Iterations 2
GAMG:  Solving for p, Initial residual = 1.726805806e-07, Final residual = 1.502259817e-09, No Iterations 3
GAMG:  Solving for p, Initial residual = 2.011310571e-08, Final residual = 1.046664756e-10, No Iterations 3
GAMG:  Solving for p, Initial residual = 3.251265022e-09, Final residual = 4.260502311e-11, No Iterations 2
time step continuity errors (region0): sum local = 3.511808267e-12, global = -8.306457029e-15, cumulative = 3.333786922e-08
smoothSolver:  Solving for omega, Initial residual = 6.712224977e-09, Final residual = 6.007084849e-10, No Iterations 1
smoothSolver:  Solving for k, Initial residual = 7.190568508e-09, Final residual = 6.347515951e-10, No Iterations 1

ExecutionTime = 4.36 s  ExecutionStepTime = 0 s  ClockTime = 4 s

forces FR write:
    Sum of forces
        Total    : ( 0.6196970656 0 -8.050947746 )
        Pressure : ( 0.5760340246 0 -8.051913204 )
        Viscous  : ( 0.04366304104 0 0.0009654578022 )
    Sum of moments
        Total    : ( -3.905881122 1.380268619 -0.3006432468 )
        Pressure : ( -3.906349509 1.382594287 -0.2794603186 )
        Viscous  : ( 0.0004683875144 -0.002325667801 -0.02118292816 )


liftDrag LD execute:
Viscous drag: 0.003625905737, pressure drag: 0.04783553836, porous drag: 0
Viscous lift: 8.017441984e-05, pressure lift: -0.6686542574, porous lift: 0
Total lift: -0.668574083, Front lift: -0.2196655267, Rear lift: -0.4489085563, Drag: 0.0514614441
Location of Center of Mass: ( 0.1583410946 0.4851455065 -0.0177077476 )
Location of Center Of Pressure: ( 0.1727195678 0.4851455065 -0.01660100863 )


yPlus yPlus execute:
    patch Bottom y+ : min = 1.539971933, max = 457.3348573, average = 236.1089628
    patch Top y+ : min = 61.39137113, max = 468.7647346, average = 265.0303274
    patch e423_0 y+ : min = 148.2475434, max = 746.410091, average = 397.6675589


################################################################################

Time = 401

Outer Loop Iteration = 401
smoothSolver:  Solving for Ux, Initial residual = 1.918116305e-07, Final residual = 4.183183261e-09, No Iterations 2
smoothSolver:  Solving for Uz, Initial residual = 9.814996433e-08, Final residual = 2.452415368e-09, No Iterations 2
GAMG:  Solving for p, Initial residual = 1.689206059e-07, Final residual = 1.472533069e-09, No Iterations 3
GAMG:  Solving for p, Initial residual = 1.971351165e-08, Final residual = 1.02702009e-10, No Iterations 3
GAMG:  Solving for p, Initial residual = 3.188111071e-09, Final residual = 4.177587258e-11, No Iterations 2
time step continuity errors (region0): sum local = 3.443396578e-12, global = -1.091966204e-14, cumulative = 3.33378583e-08
smoothSolver:  Solving for omega, Initial residual = 6.554113949e-09, Final residual = 5.86751044e-10, No Iterations 1
smoothSolver:  Solving for k, Initial residual = 7.028964844e-09, Final residual = 6.20196383e-10, No Iterations 1

ExecutionTime = 4.38 s  ExecutionStepTime = 0.01 s  ClockTime = 4 s

forces FR write:
    Sum of forces
        Total    : ( 0.6196970301 0 -8.050949414 )
        Pressure : ( 0.5760339829 0 -8.051914872 )
        Viscous  : ( 0.04366304719 0 0.0009654575182 )
    Sum of moments
        Total    : ( -3.905881931 1.380268869 -0.3006432295 )
        Pressure : ( -3.906350319 1.382594537 -0.2794602984 )
        Viscous  : ( 0.0004683873766 -0.002325668261 -0.02118293114 )


liftDrag LD execute:
Viscous drag: 0.003625906248, pressure drag: 0.0478355349, porous drag: 0
Viscous lift: 8.017439626e-05, pressure lift: -0.6686543959, porous lift: 0
Total lift: -0.6685742215, Front lift: -0.2196655752, Rear lift: -0.4489086463, Drag: 0.05146144115
Location of Center of Mass: ( 0.1583410946 0.4851455065 -0.0177077476 )
Location of Center Of Pressure: ( 0.172719563 0.4851455065 -0.01660100929 )


yPlus yPlus execute:
    patch Bottom y+ : min = 1.539971288, max = 457.3349061, average = 236.1090121
    patch Top y+ : min = 61.39136248, max = 468.764751, average = 265.0303337
    patch e423_0 y+ : min = 148.2476136, max = 746.4101526, average = 397.6675817


################################################################################

Time = 402

Outer Loop Iteration = 402
smoothSolver:  Solving for Ux, Initial residual = 1.873227988e-07, Final residual = 4.085121828e-09, No Iterations 2
smoothSolver:  Solving for Uz, Initial residual = 9.675703156e-08, Final residual = 2.416172222e-09, No Iterations 2
GAMG:  Solving for p, Initial residual = 1.652026103e-07, Final residual = 1.443192714e-09, No Iterations 3
GAMG:  Solving for p, Initial residual = 1.931565239e-08, Final residual = 1.007647047e-10, No Iterations 3
GAMG:  Solving for p, Initial residual = 3.12497407e-09, Final residual = 4.095927078e-11, No Iterations 2
time step continuity errors (region0): sum local = 3.376198504e-12, global = -1.385764717e-14, cumulative = 3.333784444e-08
smoothSolver:  Solving for omega, Initial residual = 6.399849031e-09, Final residual = 5.731369704e-10, No Iterations 1
smoothSolver:  Solving for k, Initial residual = 6.870471321e-09, Final residual = 6.059579114e-10, No Iterations 1

ExecutionTime = 4.39 s  ExecutionStepTime = 0.01 s  ClockTime = 4 s

forces FR write:
    Sum of forces
        Total    : ( 0.6196969952 0 -8.050951046 )
        Pressure : ( 0.576033942 0 -8.051916503 )
        Viscous  : ( 0.04366305319 0 0.0009654572385 )
    Sum of moments
        Total    : ( -3.905882723 1.380269113 -0.3006432126 )
        Pressure : ( -3.90635111 1.382594782 -0.2794602785 )
        Viscous  : ( 0.000468387241 -0.002325668711 -0.02118293405 )


liftDrag LD execute:
Viscous drag: 0.003625906746, pressure drag: 0.0478355315, porous drag: 0
Viscous lift: 8.017437304e-05, pressure lift: -0.6686545314, porous lift: 0
Total lift: -0.668574357, Front lift: -0.2196656226, Rear lift: -0.4489087343, Drag: 0.05146143825
Location of Center of Mass: ( 0.1583410946 0.4851455065 -0.0177077476 )
Location of Center Of Pressure: ( 0.1727195584 0.4851455065 -0.01660100993 )


yPlus yPlus execute:
    patch Bottom y+ : min = 1.539970665, max = 457.334955, average = 236.1090607
    patch Top y+ : min = 61.39135388, max = 468.764768, average = 265.0303405
    patch e423_0 y+ : min = 148.2476824, max = 746.4102129, average = 397.6676039


################################################################################

Time = 403

Outer Loop Iteration = 403
smoothSolver:  Solving for Ux, Initial residual = 1.829402802e-07, Final residual = 3.989825983e-09, No Iterations 2
smoothSolver:  Solving for Uz, Initial residual = 9.533917498e-08, Final residual = 2.37842352e-09, No Iterations 2
GAMG:  Solving for p, Initial residual = 1.615392006e-07, Final residual = 1.414187512e-09, No Iterations 3
GAMG:  Solving for p, Initial residual = 1.892035107e-08, Final residual = 9.886143821e-11, No Iterations 3
GAMG:  Solving for p, Initial residual = 3.062022742e-09, Final residual = 4.015465544e-11, No Iterations 2
time step continuity errors (region0): sum local = 3.309776147e-12, global = -1.701311423e-14, cumulative = 3.333782743e-08
smoothSolver:  Solving for omega, Initial residual = 6.249353905e-09, Final residual = 5.598535909e-10, No Iterations 1
smoothSolver:  Solving for k, Initial residual = 6.715046471e-09, Final residual = 5.920299014e-10, No Iterations 1

ExecutionTime = 4.4 s  ExecutionStepTime = 0.01 s  ClockTime = 4 s

forces FR write:
    Sum of forces
        Total    : ( 0.6196969608 0 -8.050952641 )
        Pressure : ( 0.5760339018 0 -8.051918098 )
        Viscous  : ( 0.04366305906 0 0.0009654569629 )
    Sum of moments
        Total    : ( -3.905883497 1.380269352 -0.3006431959 )
        Pressure : ( -3.906351884 1.382595021 -0.279460259 )
        Viscous  : ( 0.0004683871072 -0.002325669151 -0.0211829369 )


liftDrag LD execute:
Viscous drag: 0.003625907234, pressure drag: 0.04783552816, porous drag: 0
Viscous lift: 8.017435014e-05, pressure lift: -0.6686546638, porous lift: 0
Total lift: -0.6685744895, Front lift: -0.219665669, Rear lift: -0.4489088204, Drag: 0.0514614354
Location of Center of Mass: ( 0.1583410946 0.4851455065 -0.0177077476 )
Location of Center Of Pressure: ( 0.1727195538 0.4851455065 -0.01660101056 )


yPlus yPlus execute:
    patch Bottom y+ : min = 1.539970065, max = 457.3350042, average = 236.1091087
    patch Top y+ : min = 61.39134531, max = 468.7647856, average = 265.0303478
    patch e423_0 y+ : min = 148.2477496, max = 746.4102719, average = 397.6676256


################################################################################

Time = 404

Outer Loop Iteration = 404
smoothSolver:  Solving for Ux, Initial residual = 1.786532228e-07, Final residual = 3.897183459e-09, No Iterations 2
smoothSolver:  Solving for Uz, Initial residual = 9.389721446e-08, Final residual = 2.33930452e-09, No Iterations 2
GAMG:  Solving for p, Initial residual = 1.579342584e-07, Final residual = 1.385569316e-09, No Iterations 3
GAMG:  Solving for p, Initial residual = 1.852644321e-08, Final residual = 9.700935042e-11, No Iterations 3
GAMG:  Solving for p, Initial residual = 2.999154149e-09, Final residual = 3.936297398e-11, No Iterations 2
time step continuity errors (region0): sum local = 3.24452271e-12, global = -2.022450283e-14, cumulative = 3.33378072e-08
smoothSolver:  Solving for omega, Initial residual = 6.102558838e-09, Final residual = 5.468935617e-10, No Iterations 1
smoothSolver:  Solving for k, Initial residual = 6.562661517e-09, Final residual = 5.784095189e-10, No Iterations 1

ExecutionTime = 4.41 s  ExecutionStepTime = 0.01 s  ClockTime = 4 s

forces FR write:
    Sum of forces
        Total    : ( 0.6196969271 0 -8.050954201 )
        Pressure : ( 0.5760338623 0 -8.051919658 )
        Viscous  : ( 0.04366306479 0 0.0009654566909 )
    Sum of moments
        Total    : ( -3.905884253 1.380269586 -0.3006431795 )
        Pressure : ( -3.90635264 1.382595256 -0.2794602398 )
        Viscous  : ( 0.0004683869753 -0.00232566958 -0.02118293968 )


liftDrag LD execute:
Viscous drag: 0.00362590771, pressure drag: 0.04783552488, porous drag: 0
Viscous lift: 8.017432756e-05, pressure lift: -0.6686547933, porous lift: 0
Total lift: -0.668574619, Front lift: -0.2196657144, Rear lift: -0.4489089046, Drag: 0.05146143259
Location of Center of Mass: ( 0.1583410946 0.4851455065 -0.0177077476 )
Location of Center Of Pressure: ( 0.1727195494 0.4851455065 -0.01660101118 )


yPlus yPlus execute:
    patch Bottom y+ : min = 1.539969486, max = 457.3350537, average = 236.1091561
    patch Top y+ : min = 61.39133679, max = 468.7648038, average = 265.0303555
    patch e423_0 y+ : min = 148.2478155, max = 746.4103295, average = 397.6676469


################################################################################

Time = 405

Outer Loop Iteration = 405
smoothSolver:  Solving for Ux, Initial residual = 1.744629878e-07, Final residual = 3.807153638e-09, No Iterations 2
smoothSolver:  Solving for Uz, Initial residual = 9.242463719e-08, Final residual = 2.299027661e-09, No Iterations 2
GAMG:  Solving for p, Initial residual = 1.543849494e-07, Final residual = 1.357355936e-09, No Iterations 3
GAMG:  Solving for p, Initial residual = 1.813433083e-08, Final residual = 9.520950466e-11, No Iterations 3
GAMG:  Solving for p, Initial residual = 2.936305227e-09, Final residual = 3.858291254e-11, No Iterations 2
time step continuity errors (region0): sum local = 3.180259737e-12, global = -2.337411808e-14, cumulative = 3.333778383e-08
smoothSolver:  Solving for omega, Initial residual = 5.959387566e-09, Final residual = 5.342522129e-10, No Iterations 1
smoothSolver:  Solving for k, Initial residual = 6.413276141e-09, Final residual = 5.650955195e-10, No Iterations 1

ExecutionTime = 4.42 s  ExecutionStepTime = 0.01 s  ClockTime = 4 s

forces FR write:
    Sum of forces
        Total    : ( 0.6196968938 0 -8.050955727 )
        Pressure : ( 0.5760338234 0 -8.051921183 )
        Viscous  : ( 0.04366307039 0 0.0009654564224 )
    Sum of moments
        Total    : ( -3.905884994 1.380269815 -0.3006431634 )
        Pressure : ( -3.90635338 1.382595485 -0.279460221 )
        Viscous  : ( 0.000468386845 -0.002325669998 -0.0211829424 )


liftDrag LD execute:
Viscous drag: 0.003625908175, pressure drag: 0.04783552165, porous drag: 0
Viscous lift: 8.017430526e-05, pressure lift: -0.66865492, porous lift: 0
Total lift: -0.6685747457, Front lift: -0.2196657588, Rear lift: -0.4489089869, Drag: 0.05146142983
Location of Center of Mass: ( 0.1583410946 0.4851455065 -0.0177077476 )
Location of Center Of Pressure: ( 0.172719545 0.4851455065 -0.01660101179 )


yPlus yPlus execute:
    patch Bottom y+ : min = 1.539968929, max = 457.3351033, average = 236.1092029
    patch Top y+ : min = 61.39132831, max = 468.7648228, average = 265.0303638
    patch e423_0 y+ : min = 148.24788, max = 746.4103859, average = 397.6676676


################################################################################

Time = 406

Outer Loop Iteration = 406
smoothSolver:  Solving for Ux, Initial residual = 1.703745312e-07, Final residual = 3.719678368e-09, No Iterations 2
smoothSolver:  Solving for Uz, Initial residual = 9.091355421e-08, Final residual = 2.257979502e-09, No Iterations 2
GAMG:  Solving for p, Initial residual = 1.508833689e-07, Final residual = 1.329510041e-09, No Iterations 3
GAMG:  Solving for p, Initial residual = 1.774423853e-08, Final residual = 9.317586646e-11, No Iterations 3
GAMG:  Solving for p, Initial residual = 2.873599743e-09, Final residual = 3.774423154e-11, No Iterations 2
time step continuity errors (region0): sum local = 3.111210743e-12, global = -3.154958276e-14, cumulative = 3.333775228e-08
smoothSolver:  Solving for omega, Initial residual = 5.819769256e-09, Final residual = 5.219251876e-10, No Iterations 1
smoothSolver:  Solving for k, Initial residual = 6.266884964e-09, Final residual = 5.520790052e-10, No Iterations 1

ExecutionTime = 4.44 s  ExecutionStepTime = 0.02 s  ClockTime = 4 s

forces FR write:
    Sum of forces
        Total    : ( 0.619696861 0 -8.050957219 )
        Pressure : ( 0.5760337851 0 -8.051922675 )
        Viscous  : ( 0.04366307586 0 0.0009654561572 )
    Sum of moments
        Total    : ( -3.905885717 1.380270038 -0.3006431475 )
        Pressure : ( -3.906354104 1.382595708 -0.2794602024 )
        Viscous  : ( 0.0004683867163 -0.002325670407 -0.02118294505 )


liftDrag LD execute:
Viscous drag: 0.003625908629, pressure drag: 0.04783551847, porous drag: 0
Viscous lift: 8.017428324e-05, pressure lift: -0.6686550439, porous lift: 0
Total lift: -0.6685748696, Front lift: -0.2196658022, Rear lift: -0.4489090674, Drag: 0.0514614271
Location of Center of Mass: ( 0.1583410946 0.4851455065 -0.0177077476 )
Location of Center Of Pressure: ( 0.1727195407 0.4851455065 -0.01660101238 )


yPlus yPlus execute:
    patch Bottom y+ : min = 1.539968392, max = 457.335153, average = 236.109249
    patch Top y+ : min = 61.39131987, max = 468.7648425, average = 265.0303724
    patch e423_0 y+ : min = 148.2479431, max = 746.410441, average = 397.6676879


################################################################################

Time = 407

Outer Loop Iteration = 407
smoothSolver:  Solving for Ux, Initial residual = 1.663924684e-07, Final residual = 3.634813939e-09, No Iterations 2
smoothSolver:  Solving for Uz, Initial residual = 8.936528443e-08, Final residual = 2.215789959e-09, No Iterations 2
GAMG:  Solving for p, Initial residual = 1.474383124e-07, Final residual = 1.301949313e-09, No Iterations 3
GAMG:  Solving for p, Initial residual = 1.735632472e-08, Final residual = 9.141628282e-11, No Iterations 3
GAMG:  Solving for p, Initial residual = 2.81090586e-09, Final residual = 3.698501275e-11, No Iterations 2
time step continuity errors (region0): sum local = 3.04850499e-12, global = -3.489178777e-14, cumulative = 3.333771739e-08
smoothSolver:  Solving for omega, Initial residual = 5.683614364e-09, Final residual = 5.099044356e-10, No Iterations 1
smoothSolver:  Solving for k, Initial residual = 6.123532867e-09, Final residual = 5.393569192e-10, No Iterations 1

ExecutionTime = 4.45 s  ExecutionStepTime = 0.01 s  ClockTime = 4 s

forces FR write:
    Sum of forces
        Total    : ( 0.6196968286 0 -8.050958678 )
        Pressure : ( 0.5760337474 0 -8.051924134 )
        Viscous  : ( 0.04366308121 0 0.000965455895 )
    Sum of moments
        Total    : ( -3.905886425 1.380270256 -0.3006431318 )
        Pressure : ( -3.906354812 1.382595927 -0.2794601841 )
        Viscous  : ( 0.0004683865892 -0.002325670806 -0.02118294765 )


liftDrag LD execute:
Viscous drag: 0.003625909073, pressure drag: 0.04783551534, porous drag: 0
Viscous lift: 8.017426147e-05, pressure lift: -0.668655165, porous lift: 0
Total lift: -0.6685749908, Front lift: -0.2196658446, Rear lift: -0.4489091462, Drag: 0.05146142442
Location of Center of Mass: ( 0.1583410946 0.4851455065 -0.0177077476 )
Location of Center Of Pressure: ( 0.1727195365 0.4851455065 -0.01660101296 )


yPlus yPlus execute:
    patch Bottom y+ : min = 1.539967875, max = 457.3352029, average = 236.1092945
    patch Top y+ : min = 61.39131147, max = 468.7648629, average = 265.0303815
    patch e423_0 y+ : min = 148.2480048, max = 746.4104949, average = 397.6677076


################################################################################

Time = 408

Outer Loop Iteration = 408
smoothSolver:  Solving for Ux, Initial residual = 1.625070615e-07, Final residual = 3.552331224e-09, No Iterations 2
smoothSolver:  Solving for Uz, Initial residual = 8.779154742e-08, Final residual = 2.172446848e-09, No Iterations 2
GAMG:  Solving for p, Initial residual = 1.440545903e-07, Final residual = 1.274682215e-09, No Iterations 3
GAMG:  Solving for p, Initial residual = 1.697091612e-08, Final residual = 8.966517495e-11, No Iterations 3
GAMG:  Solving for p, Initial residual = 2.748777934e-09, Final residual = 3.623605474e-11, No Iterations 2
time step continuity errors (region0): sum local = 2.986842624e-12, global = -3.800358356e-14, cumulative = 3.333767939e-08
smoothSolver:  Solving for omega, Initial residual = 5.550863529e-09, Final residual = 4.981799174e-10, No Iterations 1
smoothSolver:  Solving for k, Initial residual = 5.983270454e-09, Final residual = 5.26938981e-10, No Iterations 1

ExecutionTime = 4.45 s  ExecutionStepTime = 0 s  ClockTime = 4 s

forces FR write:
    Sum of forces
        Total    : ( 0.6196967967 0 -8.050960105 )
        Pressure : ( 0.5760337103 0 -8.051925561 )
        Viscous  : ( 0.04366308643 0 0.0009654556358 )
    Sum of moments
        Total    : ( -3.905887118 1.38027047 -0.3006431163 )
        Pressure : ( -3.906355504 1.382596141 -0.2794601661 )
        Viscous  : ( 0.0004683864634 -0.002325671196 -0.02118295018 )


liftDrag LD execute:
Viscous drag: 0.003625909507, pressure drag: 0.04783551226, porous drag: 0
Viscous lift: 8.017423994e-05, pressure lift: -0.6686552835, porous lift: 0
Total lift: -0.6685751093, Front lift: -0.2196658861, Rear lift: -0.4489092231, Drag: 0.05146142177
Location of Center of Mass: ( 0.1583410946 0.4851455065 -0.0177077476 )
Location of Center Of Pressure: ( 0.1727195324 0.4851455065 -0.01660101353 )


yPlus yPlus execute:
    patch Bottom y+ : min = 1.539967378, max = 457.3352529, average = 236.1093394
    patch Top y+ : min = 61.39130313, max = 468.7648839, average = 265.0303909
    patch e423_0 y+ : min = 148.2480653, max = 746.4105476, average = 397.667727


################################################################################

Time = 409

Outer Loop Iteration = 409
smoothSolver:  Solving for Ux, Initial residual = 1.587276814e-07, Final residual = 3.472196289e-09, No Iterations 2
smoothSolver:  Solving for Uz, Initial residual = 8.620217143e-08, Final residual = 2.128074211e-09, No Iterations 2
GAMG:  Solving for p, Initial residual = 1.407386507e-07, Final residual = 1.247720623e-09, No Iterations 3
GAMG:  Solving for p, Initial residual = 1.658843945e-08, Final residual = 8.792635383e-11, No Iterations 3
GAMG:  Solving for p, Initial residual = 2.68823074e-09, Final residual = 3.54959712e-11, No Iterations 2
time step continuity errors (region0): sum local = 2.925834264e-12, global = -4.105430974e-14, cumulative = 3.333763833e-08
smoothSolver:  Solving for omega, Initial residual = 5.421466811e-09, Final residual = 4.867437468e-10, No Iterations 1
smoothSolver:  Solving for k, Initial residual = 5.845975103e-09, Final residual = 5.148276569e-10, No Iterations 1

ExecutionTime = 4.46 s  ExecutionStepTime = 0.01 s  ClockTime = 4 s

forces FR write:
    Sum of forces
        Total    : ( 0.6196967652 0 -8.0509615 )
        Pressure : ( 0.5760336737 0 -8.051926956 )
        Viscous  : ( 0.04366309154 0 0.0009654553795 )
    Sum of moments
        Total    : ( -3.905887795 1.380270679 -0.300643101 )
        Pressure : ( -3.906356181 1.38259635 -0.2794601484 )
        Viscous  : ( 0.0004683863391 -0.002325671576 -0.02118295266 )


liftDrag LD execute:
Viscous drag: 0.00362590993, pressure drag: 0.04783550922, porous drag: 0
Viscous lift: 8.017421866e-05, pressure lift: -0.6686553994, porous lift: 0
Total lift: -0.6685752252, Front lift: -0.2196659267, Rear lift: -0.4489092984, Drag: 0.05146141915
Location of Center of Mass: ( 0.1583410946 0.4851455065 -0.0177077476 )
Location of Center Of Pressure: ( 0.1727195284 0.4851455065 -0.01660101409 )


yPlus yPlus execute:
    patch Bottom y+ : min = 1.539966899, max = 457.3353029, average = 236.1093836
    patch Top y+ : min = 61.39129483, max = 468.7649057, average = 265.0304008
    patch e423_0 y+ : min = 148.2481246, max = 746.4105992, average = 397.6677459


################################################################################

Time = 410

Outer Loop Iteration = 410
smoothSolver:  Solving for Ux, Initial residual = 1.550416037e-07, Final residual = 3.394134847e-09, No Iterations 2
smoothSolver:  Solving for Uz, Initial residual = 8.459080678e-08, Final residual = 2.082868004e-09, No Iterations 2
GAMG:  Solving for p, Initial residual = 1.374742215e-07, Final residual = 1.221043423e-09, No Iterations 3
GAMG:  Solving for p, Initial residual = 1.620928242e-08, Final residual = 8.570175885e-11, No Iterations 3
GAMG:  Solving for p, Initial residual = 2.62881601e-09, Final residual = 3.469440745e-11, No Iterations 2
time step continuity errors (region0): sum local = 2.859936257e-12, global = -5.341247692e-14, cumulative = 3.333758492e-08
smoothSolver:  Solving for omega, Initial residual = 5.295357742e-09, Final residual = 4.755858378e-10, No Iterations 1
smoothSolver:  Solving for k, Initial residual = 5.711465158e-09, Final residual = 5.029888069e-10, No Iterations 1

ExecutionTime = 4.47 s  ExecutionStepTime = 0.01 s  ClockTime = 4 s

forces FR write:
    Sum of forces
        Total    : ( 0.6196967342 0 -8.050962865 )
        Pressure : ( 0.5760336377 0 -8.05192832 )
        Viscous  : ( 0.04366309652 0 0.0009654551259 )
    Sum of moments
        Total    : ( -3.905888457 1.380270883 -0.300643086 )
        Pressure : ( -3.906356843 1.382596555 -0.2794601309 )
        Viscous  : ( 0.000468386216 -0.002325671947 -0.02118295508 )


liftDrag LD execute:
Viscous drag: 0.003625910345, pressure drag: 0.04783550623, porous drag: 0
Viscous lift: 8.01741976e-05, pressure lift: -0.6686555127, porous lift: 0
Total lift: -0.6685753385, Front lift: -0.2196659665, Rear lift: -0.4489093721, Drag: 0.05146141657
Location of Center of Mass: ( 0.1583410946 0.4851455065 -0.0177077476 )
Location of Center Of Pressure: ( 0.1727195245 0.4851455065 -0.01660101464 )


yPlus yPlus execute:
    patch Bottom y+ : min = 1.539966439, max = 457.3353528, average = 236.1094272
    patch Top y+ : min = 61.39128658, max = 468.764928, average = 265.0304109
    patch e423_0 y+ : min = 148.2481825, max = 746.4106497, average = 397.6677643


################################################################################

Time = 411

Outer Loop Iteration = 411
smoothSolver:  Solving for Ux, Initial residual = 1.514391147e-07, Final residual = 3.31807501e-09, No Iterations 2
smoothSolver:  Solving for Uz, Initial residual = 8.296571467e-08, Final residual = 2.036925703e-09, No Iterations 2
GAMG:  Solving for p, Initial residual = 1.342608898e-07, Final residual = 1.194700126e-09, No Iterations 3
GAMG:  Solving for p, Initial residual = 1.583381132e-08, Final residual = 8.399254355e-11, No Iterations 3
GAMG:  Solving for p, Initial residual = 2.569749867e-09, Final residual = 3.397198037e-11, No Iterations 2
time step continuity errors (region0): sum local = 2.800213312e-12, global = -5.630839824e-14, cumulative = 3.333752861e-08
smoothSolver:  Solving for omega, Initial residual = 5.172471631e-09, Final residual = 4.646990635e-10, No Iterations 1
smoothSolver:  Solving for k, Initial residual = 5.579717741e-09, Final residual = 4.914170014e-10, No Iterations 1

ExecutionTime = 4.48 s  ExecutionStepTime = 0.01 s  ClockTime = 4 s

forces FR write:
    Sum of forces
        Total    : ( 0.6196967035 0 -8.0509642 )
        Pressure : ( 0.5760336021 0 -8.051929655 )
        Viscous  : ( 0.0436631014 0 0.0009654548751 )
    Sum of moments
        Total    : ( -3.905889104 1.380271083 -0.3006430711 )
        Pressure : ( -3.90635749 1.382596755 -0.2794601136 )
        Viscous  : ( 0.0004683860943 -0.00232567231 -0.02118295744 )


liftDrag LD execute:
Viscous drag: 0.00362591075, pressure drag: 0.04783550328, porous drag: 0
Viscous lift: 8.017417677e-05, pressure lift: -0.6686556235, porous lift: 0
Total lift: -0.6685754494, Front lift: -0.2196660053, Rear lift: -0.448909444, Drag: 0.05146141403
Location of Center of Mass: ( 0.1583410946 0.4851455065 -0.0177077476 )
Location of Center Of Pressure: ( 0.1727195206 0.4851455065 -0.01660101517 )


yPlus yPlus execute:
    patch Bottom y+ : min = 1.539965995, max = 457.3354027, average = 236.1094701
    patch Top y+ : min = 61.3912784, max = 468.764951, average = 265.0304213
    patch e423_0 y+ : min = 148.2482393, max = 746.4106991, average = 397.6677823


################################################################################

Time = 412

Outer Loop Iteration = 412
smoothSolver:  Solving for Ux, Initial residual = 1.479244889e-07, Final residual = 3.243939008e-09, No Iterations 2
smoothSolver:  Solving for Uz, Initial residual = 8.132329181e-08, Final residual = 1.990331457e-09, No Iterations 2
GAMG:  Solving for p, Initial residual = 1.311065992e-07, Final residual = 1.168633592e-09, No Iterations 3
GAMG:  Solving for p, Initial residual = 1.54630196e-08, Final residual = 8.229728968e-11, No Iterations 3
GAMG:  Solving for p, Initial residual = 2.511070081e-09, Final residual = 3.325664846e-11, No Iterations 2
time step continuity errors (region0): sum local = 2.741177256e-12, global = -5.875950615e-14, cumulative = 3.333746985e-08
smoothSolver:  Solving for omega, Initial residual = 5.052712804e-09, Final residual = 4.540764158e-10, No Iterations 1
smoothSolver:  Solving for k, Initial residual = 5.450708331e-09, Final residual = 4.801197009e-10, No Iterations 1

ExecutionTime = 4.49 s  ExecutionStepTime = 0.01 s  ClockTime = 4 s

forces FR write:
    Sum of forces
        Total    : ( 0.6196966732 0 -8.050965506 )
        Pressure : ( 0.5760335671 0 -8.05193096 )
        Viscous  : ( 0.04366310616 0 0.000965454627 )
    Sum of moments
        Total    : ( -3.905889738 1.380271278 -0.3006430564 )
        Pressure : ( -3.906358124 1.38259695 -0.2794600966 )
        Viscous  : ( 0.000468385974 -0.002325672663 -0.02118295975 )


liftDrag LD execute:
Viscous drag: 0.003625911145, pressure drag: 0.04783550037, porous drag: 0
Viscous lift: 8.017415616e-05, pressure lift: -0.6686557319, porous lift: 0
Total lift: -0.6685755578, Front lift: -0.2196660433, Rear lift: -0.4489095145, Drag: 0.05146141151
Location of Center of Mass: ( 0.1583410946 0.4851455065 -0.0177077476 )
Location of Center Of Pressure: ( 0.1727195168 0.4851455065 -0.0166010157 )


yPlus yPlus execute:
    patch Bottom y+ : min = 1.539965568, max = 457.3354524, average = 236.1095122
    patch Top y+ : min = 61.39127028, max = 468.7649745, average = 265.030432
    patch e423_0 y+ : min = 148.2482949, max = 746.4107474, average = 397.6678


################################################################################

Time = 413

Outer Loop Iteration = 413
smoothSolver:  Solving for Ux, Initial residual = 1.445002351e-07, Final residual = 3.171665726e-09, No Iterations 2
smoothSolver:  Solving for Uz, Initial residual = 7.967156422e-08, Final residual = 1.943253685e-09, No Iterations 2
GAMG:  Solving for p, Initial residual = 1.2801258e-07, Final residual = 1.142880985e-09, No Iterations 3
GAMG:  Solving for p, Initial residual = 1.509633341e-08, Final residual = 8.110242929e-11, No Iterations 3
GAMG:  Solving for p, Initial residual = 2.454031655e-09, Final residual = 3.259926658e-11, No Iterations 2
time step continuity errors (region0): sum local = 2.687069115e-12, global = -5.140819044e-14, cumulative = 3.333741844e-08
smoothSolver:  Solving for omega, Initial residual = 4.935997553e-09, Final residual = 4.437110182e-10, No Iterations 1
smoothSolver:  Solving for k, Initial residual = 5.324414089e-09, Final residual = 4.690797847e-10, No Iterations 1

ExecutionTime = 4.5 s  ExecutionStepTime = 0.01 s  ClockTime = 4 s

forces FR write:
    Sum of forces
        Total    : ( 0.6196966433 0 -8.050966782 )
        Pressure : ( 0.5760335325 0 -8.051932237 )
        Viscous  : ( 0.04366311082 0 0.0009654543815 )
    Sum of moments
        Total    : ( -3.905890357 1.380271468 -0.3006430419 )
        Pressure : ( -3.906358743 1.382597141 -0.2794600799 )
        Viscous  : ( 0.0004683858549 -0.002325673009 -0.02118296201 )


liftDrag LD execute:
Viscous drag: 0.003625911532, pressure drag: 0.0478354975, porous drag: 0
Viscous lift: 8.017413578e-05, pressure lift: -0.6686558379, porous lift: 0
Total lift: -0.6685756638, Front lift: -0.2196660805, Rear lift: -0.4489095833, Drag: 0.05146140903
Location of Center of Mass: ( 0.1583410946 0.4851455065 -0.0177077476 )
Location of Center Of Pressure: ( 0.1727195131 0.4851455065 -0.01660101621 )


yPlus yPlus execute:
    patch Bottom y+ : min = 1.539965157, max = 457.335502, average = 236.1095537
    patch Top y+ : min = 61.39126224, max = 468.7649986, average = 265.0304429
    patch e423_0 y+ : min = 148.2483494, max = 746.4107947, average = 397.6678172


################################################################################

Time = 414

Outer Loop Iteration = 414
smoothSolver:  Solving for Ux, Initial residual = 1.411665609e-07, Final residual = 3.10117974e-09, No Iterations 2
smoothSolver:  Solving for Uz, Initial residual = 7.800355404e-08, Final residual = 1.895874117e-09, No Iterations 2
GAMG:  Solving for p, Initial residual = 1.249984537e-07, Final residual = 1.117417311e-09, No Iterations 3
GAMG:  Solving for p, Initial residual = 1.473409379e-08, Final residual = 7.942801845e-11, No Iterations 3
GAMG:  Solving for p, Initial residual = 2.397827038e-09, Final residual = 3.189906245e-11, No Iterations 2
time step continuity errors (region0): sum local = 2.629406359e-12, global = -5.393190246e-14, cumulative = 3.333736451e-08
smoothSolver:  Solving for omega, Initial residual = 4.822246185e-09, Final residual = 4.335960594e-10, No Iterations 1
smoothSolver:  Solving for k, Initial residual = 5.200781855e-09, Final residual = 4.582949358e-10, No Iterations 1

ExecutionTime = 4.51 s  ExecutionStepTime = 0.01 s  ClockTime = 4 s

forces FR write:
    Sum of forces
        Total    : ( 0.6196966138 0 -8.050968031 )
        Pressure : ( 0.5760334984 0 -8.051933485 )
        Viscous  : ( 0.04366311537 0 0.0009654541387 )
    Sum of moments
        Total    : ( -3.905890963 1.380271655 -0.3006430276 )
        Pressure : ( -3.906359348 1.382597328 -0.2794600633 )
        Viscous  : ( 0.0004683857371 -0.002325673346 -0.02118296422 )


liftDrag LD execute:
Viscous drag: 0.00362591191, pressure drag: 0.04783549467, porous drag: 0
Viscous lift: 8.017411562e-05, pressure lift: -0.6686559416, porous lift: 0
Total lift: -0.6685757675, Front lift: -0.2196661168, Rear lift: -0.4489096506, Drag: 0.05146140658
Location of Center of Mass: ( 0.1583410946 0.4851455065 -0.0177077476 )
Location of Center Of Pressure: ( 0.1727195094 0.4851455065 -0.01660101672 )


yPlus yPlus execute:
    patch Bottom y+ : min = 1.539964761, max = 457.3355512, average = 236.1095945
    patch Top y+ : min = 61.39125427, max = 468.7650231, average = 265.030454
    patch e423_0 y+ : min = 148.2484026, max = 746.410841, average = 397.667834


################################################################################

Time = 415

Outer Loop Iteration = 415
smoothSolver:  Solving for Ux, Initial residual = 1.379188742e-07, Final residual = 3.032423116e-09, No Iterations 2
smoothSolver:  Solving for Uz, Initial residual = 7.631842765e-08, Final residual = 1.848334929e-09, No Iterations 2
GAMG:  Solving for p, Initial residual = 1.220552255e-07, Final residual = 1.09229294e-09, No Iterations 3
GAMG:  Solving for p, Initial residual = 1.437655025e-08, Final residual = 7.776485277e-11, No Iterations 3
GAMG:  Solving for p, Initial residual = 2.34217275e-09, Final residual = 3.120846818e-11, No Iterations 2
time step continuity errors (region0): sum local = 2.57247905e-12, global = -5.652890923e-14, cumulative = 3.333730798e-08
smoothSolver:  Solving for omega, Initial residual = 4.711360245e-09, Final residual = 4.237248611e-10, No Iterations 1
smoothSolver:  Solving for k, Initial residual = 5.079817386e-09, Final residual = 4.477592303e-10, No Iterations 1

ExecutionTime = 4.52 s  ExecutionStepTime = 0.01 s  ClockTime = 4 s

forces FR write:
    Sum of forces
        Total    : ( 0.6196965847 0 -8.050969252 )
        Pressure : ( 0.5760334648 0 -8.051934705 )
        Viscous  : ( 0.04366311982 0 0.0009654538986 )
    Sum of moments
        Total    : ( -3.905891555 1.380271837 -0.3006430134 )
        Pressure : ( -3.906359941 1.382597511 -0.279460047 )
        Viscous  : ( 0.0004683856206 -0.002325673675 -0.02118296638 )


liftDrag LD execute:
Viscous drag: 0.003625912279, pressure drag: 0.04783549188, porous drag: 0
Viscous lift: 8.017409568e-05, pressure lift: -0.6686560429, porous lift: 0
Total lift: -0.6685758688, Front lift: -0.2196661524, Rear lift: -0.4489097164, Drag: 0.05146140416
Location of Center of Mass: ( 0.1583410946 0.4851455065 -0.0177077476 )
Location of Center Of Pressure: ( 0.1727195058 0.4851455065 -0.01660101721 )


yPlus yPlus execute:
    patch Bottom y+ : min = 1.539964379, max = 457.3356001, average = 236.1096345
    patch Top y+ : min = 61.39124638, max = 468.765048, average = 265.0304653
    patch e423_0 y+ : min = 148.2484548, max = 746.4108862, average = 397.6678504


################################################################################

Time = 416

Outer Loop Iteration = 416
smoothSolver:  Solving for Ux, Initial residual = 1.347457685e-07, Final residual = 2.965373694e-09, No Iterations 2
smoothSolver:  Solving for Uz, Initial residual = 7.461820273e-08, Final residual = 1.800667405e-09, No Iterations 2
GAMG:  Solving for p, Initial residual = 1.191696245e-07, Final residual = 1.067509671e-09, No Iterations 3
GAMG:  Solving for p, Initial residual = 1.402393916e-08, Final residual = 7.611537561e-11, No Iterations 3
GAMG:  Solving for p, Initial residual = 2.287042526e-09, Final residual = 3.052606365e-11, No Iterations 2
time step continuity errors (region0): sum local = 2.516274974e-12, global = -5.900692049e-14, cumulative = 3.333724897e-08
smoothSolver:  Solving for omega, Initial residual = 4.603248665e-09, Final residual = 4.140913614e-10, No Iterations 1
smoothSolver:  Solving for k, Initial residual = 4.96153496e-09, Final residual = 4.374687809e-10, No Iterations 1

ExecutionTime = 4.53 s  ExecutionStepTime = 0.01 s  ClockTime = 4 s

forces FR write:
    Sum of forces
        Total    : ( 0.6196965559 0 -8.050970445 )
        Pressure : ( 0.5760334317 0 -8.051935899 )
        Viscous  : ( 0.04366312417 0 0.0009654536613 )
    Sum of moments
        Total    : ( -3.905892134 1.380272015 -0.3006429995 )
        Pressure : ( -3.90636052 1.382597689 -0.279460031 )
        Viscous  : ( 0.0004683855055 -0.002325673997 -0.02118296849 )


liftDrag LD execute:
Viscous drag: 0.00362591264, pressure drag: 0.04783548913, porous drag: 0
Viscous lift: 8.017407598e-05, pressure lift: -0.6686561421, porous lift: 0
Total lift: -0.668575968, Front lift: -0.2196661872, Rear lift: -0.4489097808, Drag: 0.05146140177
Location of Center of Mass: ( 0.1583410946 0.4851455065 -0.0177077476 )
Location of Center Of Pressure: ( 0.1727195023 0.4851455065 -0.0166010177 )


yPlus yPlus execute:
    patch Bottom y+ : min = 1.539964011, max = 457.3356487, average = 236.1096738
    patch Top y+ : min = 61.39123858, max = 468.7650732, average = 265.0304767
    patch e423_0 y+ : min = 148.2485059, max = 746.4109306, average = 397.6678665


################################################################################

Time = 417

Outer Loop Iteration = 417
smoothSolver:  Solving for Ux, Initial residual = 1.316434579e-07, Final residual = 2.900098955e-09, No Iterations 2
smoothSolver:  Solving for Uz, Initial residual = 7.290705063e-08, Final residual = 1.753272636e-09, No Iterations 2
GAMG:  Solving for p, Initial residual = 1.16340125e-07, Final residual = 1.043110166e-09, No Iterations 3
GAMG:  Solving for p, Initial residual = 1.367662744e-08, Final residual = 7.447949677e-11, No Iterations 3
GAMG:  Solving for p, Initial residual = 2.232493896e-09, Final residual = 2.985256979e-11, No Iterations 2
time step continuity errors (region0): sum local = 2.460592709e-12, global = -6.101530156e-14, cumulative = 3.333718796e-08
smoothSolver:  Solving for omega, Initial residual = 4.4978401e-09, Final residual = 4.046917491e-10, No Iterations 1
smoothSolver:  Solving for k, Initial residual = 4.845850114e-09, Final residual = 4.274158535e-10, No Iterations 1

ExecutionTime = 4.54 s  ExecutionStepTime = 0.01 s  ClockTime = 4 s

forces FR write:
    Sum of forces
        Total    : ( 0.6196965275 0 -8.050971613 )
        Pressure : ( 0.5760333991 0 -8.051937066 )
        Viscous  : ( 0.04366312842 0 0.0009654534269 )
    Sum of moments
        Total    : ( -3.905892701 1.380272189 -0.3006429857 )
        Pressure : ( -3.906361086 1.382597864 -0.2794600151 )
        Viscous  : ( 0.0004683853917 -0.002325674311 -0.02118297055 )


liftDrag LD execute:
Viscous drag: 0.003625912993, pressure drag: 0.04783548642, porous drag: 0
Viscous lift: 8.01740565e-05, pressure lift: -0.668656239, porous lift: 0
Total lift: -0.6685760649, Front lift: -0.2196662212, Rear lift: -0.4489098437, Drag: 0.05146139941
Location of Center of Mass: ( 0.1583410946 0.4851455065 -0.0177077476 )
Location of Center Of Pressure: ( 0.1727194989 0.4851455065 -0.01660101818 )


yPlus yPlus execute:
    patch Bottom y+ : min = 1.539963656, max = 457.3356968, average = 236.1097123
    patch Top y+ : min = 61.39123087, max = 468.7650987, average = 265.0304881
    patch e423_0 y+ : min = 148.2485559, max = 746.4109739, average = 397.6678822


################################################################################

Time = 418

Outer Loop Iteration = 418
smoothSolver:  Solving for Ux, Initial residual = 1.28611499e-07, Final residual = 2.836366018e-09, No Iterations 2
smoothSolver:  Solving for Uz, Initial residual = 7.11883396e-08, Final residual = 1.706015151e-09, No Iterations 2
GAMG:  Solving for p, Initial residual = 1.135715516e-07, Final residual = 1.019055245e-09, No Iterations 3
GAMG:  Solving for p, Initial residual = 1.333988868e-08, Final residual = 7.285821126e-11, No Iterations 3
GAMG:  Solving for p, Initial residual = 2.178612539e-09, Final residual = 2.918859576e-11, No Iterations 2
time step continuity errors (region0): sum local = 2.406051763e-12, global = -6.282173762e-14, cumulative = 3.333712514e-08
smoothSolver:  Solving for omega, Initial residual = 4.395056779e-09, Final residual = 3.955163638e-10, No Iterations 1
smoothSolver:  Solving for k, Initial residual = 4.732744357e-09, Final residual = 4.175970353e-10, No Iterations 1

ExecutionTime = 4.55 s  ExecutionStepTime = 0 s  ClockTime = 4 s

forces FR write:
    Sum of forces
        Total    : ( 0.6196964995 0 -8.050972755 )
        Pressure : ( 0.5760333669 0 -8.051938208 )
        Viscous  : ( 0.04366313257 0 0.0009654531952 )
    Sum of moments
        Total    : ( -3.905893255 1.380272359 -0.3006429721 )
        Pressure : ( -3.90636164 1.382598034 -0.2794599995 )
        Viscous  : ( 0.0004683852794 -0.002325674617 -0.02118297257 )


liftDrag LD execute:
Viscous drag: 0.003625913338, pressure drag: 0.04783548375, porous drag: 0
Viscous lift: 8.017403727e-05, pressure lift: -0.6686563338, porous lift: 0
Total lift: -0.6685761597, Front lift: -0.2196662545, Rear lift: -0.4489099053, Drag: 0.05146139709
Location of Center of Mass: ( 0.1583410946 0.4851455065 -0.0177077476 )
Location of Center Of Pressure: ( 0.1727194955 0.4851455065 -0.01660101864 )


yPlus yPlus execute:
    patch Bottom y+ : min = 1.539963312, max = 457.3357443, average = 236.1097501
    patch Top y+ : min = 61.39122326, max = 468.7651245, average = 265.0304996
    patch e423_0 y+ : min = 148.2486048, max = 746.4110164, average = 397.6678975


################################################################################

Time = 419

Outer Loop Iteration = 419
smoothSolver:  Solving for Ux, Initial residual = 1.25649594e-07, Final residual = 2.774165937e-09, No Iterations 2
smoothSolver:  Solving for Uz, Initial residual = 6.946863972e-08, Final residual = 1.65902445e-09, No Iterations 2
GAMG:  Solving for p, Initial residual = 1.108654658e-07, Final residual = 9.95369724e-10, No Iterations 3
GAMG:  Solving for p, Initial residual = 1.301599563e-08, Final residual = 7.125207186e-11, No Iterations 3
GAMG:  Solving for p, Initial residual = 2.125419819e-09, Final residual = 2.853333667e-11, No Iterations 2
time step continuity errors (region0): sum local = 2.351947068e-12, global = -6.454934129e-14, cumulative = 3.333706059e-08
smoothSolver:  Solving for omega, Initial residual = 4.294837886e-09, Final residual = 3.865588626e-10, No Iterations 1
smoothSolver:  Solving for k, Initial residual = 4.622176633e-09, Final residual = 4.080046868e-10, No Iterations 1

ExecutionTime = 4.56 s  ExecutionStepTime = 0 s  ClockTime = 4 s

forces FR write:
    Sum of forces
        Total    : ( 0.6196964719 0 -8.050973871 )
        Pressure : ( 0.5760333353 0 -8.051939324 )
        Viscous  : ( 0.04366313664 0 0.0009654529666 )
    Sum of moments
        Total    : ( -3.905893796 1.380272526 -0.3006429587 )
        Pressure : ( -3.906362181 1.382598201 -0.2794599842 )
        Viscous  : ( 0.0004683851684 -0.002325674916 -0.02118297454 )


liftDrag LD execute:
Viscous drag: 0.003625913676, pressure drag: 0.04783548112, porous drag: 0
Viscous lift: 8.017401828e-05, pressure lift: -0.6686564265, porous lift: 0
Total lift: -0.6685762524, Front lift: -0.219666287, Rear lift: -0.4489099654, Drag: 0.05146139479
Location of Center of Mass: ( 0.1583410946 0.4851455065 -0.0177077476 )
Location of Center Of Pressure: ( 0.1727194922 0.4851455065 -0.0166010191 )


yPlus yPlus execute:
    patch Bottom y+ : min = 1.539962981, max = 457.3357913, average = 236.1097871
    patch Top y+ : min = 61.39121576, max = 468.7651504, average = 265.0305111
    patch e423_0 y+ : min = 148.2486527, max = 746.4110579, average = 397.6679125


################################################################################

Time = 420

Outer Loop Iteration = 420
smoothSolver:  Solving for Ux, Initial residual = 1.227580088e-07, Final residual = 2.713539477e-09, No Iterations 2
smoothSolver:  Solving for Uz, Initial residual = 6.777749884e-08, Final residual = 1.612493791e-09, No Iterations 2
GAMG:  Solving for p, Initial residual = 1.082162103e-07, Final residual = 9.720448508e-10, No Iterations 3
GAMG:  Solving for p, Initial residual = 1.269948162e-08, Final residual = 6.966234247e-11, No Iterations 3
GAMG:  Solving for p, Initial residual = 2.072980295e-09, Final residual = 2.789695368e-11, No Iterations 2
time step continuity errors (region0): sum local = 2.299499923e-12, global = -4.854716373e-14, cumulative = 3.333701204e-08
smoothSolver:  Solving for omega, Initial residual = 4.197097528e-09, Final residual = 3.77815066e-10, No Iterations 1
smoothSolver:  Solving for k, Initial residual = 4.514091054e-09, Final residual = 3.98634948e-10, No Iterations 1

ExecutionTime = 4.57 s  ExecutionStepTime = 0.01 s  ClockTime = 4 s

forces FR write:
    Sum of forces
        Total    : ( 0.6196964447 0 -8.050974962 )
        Pressure : ( 0.5760333041 0 -8.051940415 )
        Viscous  : ( 0.04366314061 0 0.0009654527409 )
    Sum of moments
        Total    : ( -3.905894326 1.380272688 -0.3006429455 )
        Pressure : ( -3.906362711 1.382598364 -0.279459969 )
        Viscous  : ( 0.000468385059 -0.002325675208 -0.02118297646 )


liftDrag LD execute:
Viscous drag: 0.003625914006, pressure drag: 0.04783547853, porous drag: 0
Viscous lift: 8.017399954e-05, pressure lift: -0.6686565171, porous lift: 0
Total lift: -0.6685763431, Front lift: -0.2196663188, Rear lift: -0.4489100243, Drag: 0.05146139253
Location of Center of Mass: ( 0.1583410946 0.4851455065 -0.0177077476 )
Location of Center Of Pressure: ( 0.172719489 0.4851455065 -0.01660101955 )


yPlus yPlus execute:
    patch Bottom y+ : min = 1.539962659, max = 457.3358377, average = 236.1098234
    patch Top y+ : min = 61.39120838, max = 468.7651764, average = 265.0305226
    patch e423_0 y+ : min = 148.2486996, max = 746.4110986, average = 397.6679272


################################################################################

Time = 421

Outer Loop Iteration = 421
smoothSolver:  Solving for Ux, Initial residual = 1.199353221e-07, Final residual = 2.654304487e-09, No Iterations 2
smoothSolver:  Solving for Uz, Initial residual = 6.60947329e-08, Final residual = 1.566468855e-09, No Iterations 2
GAMG:  Solving for p, Initial residual = 1.056225112e-07, Final residual = 9.490923789e-10, No Iterations 3
GAMG:  Solving for p, Initial residual = 1.238828672e-08, Final residual = 6.808905787e-11, No Iterations 3
GAMG:  Solving for p, Initial residual = 2.021338149e-09, Final residual = 2.730089961e-11, No Iterations 2
time step continuity errors (region0): sum local = 2.250275068e-12, global = -5.068500979e-14, cumulative = 3.333696136e-08
smoothSolver:  Solving for omega, Initial residual = 4.101766458e-09, Final residual = 3.692780485e-10, No Iterations 1
smoothSolver:  Solving for k, Initial residual = 4.40846419e-09, Final residual = 3.894840316e-10, No Iterations 1

ExecutionTime = 4.58 s  ExecutionStepTime = 0.01 s  ClockTime = 4 s

forces FR write:
    Sum of forces
        Total    : ( 0.6196964179 0 -8.050976029 )
        Pressure : ( 0.5760332734 0 -8.051941482 )
        Viscous  : ( 0.04366314449 0 0.0009654525184 )
    Sum of moments
        Total    : ( -3.905894843 1.380272847 -0.3006429325 )
        Pressure : ( -3.906363228 1.382598523 -0.2794599542 )
        Viscous  : ( 0.000468384951 -0.002325675494 -0.02118297835 )


liftDrag LD execute:
Viscous drag: 0.003625914328, pressure drag: 0.04783547598, porous drag: 0
Viscous lift: 8.017398106e-05, pressure lift: -0.6686566057, porous lift: 0
Total lift: -0.6685764317, Front lift: -0.2196663499, Rear lift: -0.4489100818, Drag: 0.05146139031
Location of Center of Mass: ( 0.1583410946 0.4851455065 -0.0177077476 )
Location of Center Of Pressure: ( 0.1727194858 0.4851455065 -0.01660101999 )


yPlus yPlus execute:
    patch Bottom y+ : min = 1.539962348, max = 457.3358834, average = 236.1098588
    patch Top y+ : min = 61.3912011, max = 468.7652025, average = 265.0305341
    patch e423_0 y+ : min = 148.2487455, max = 746.4111383, average = 397.6679415


################################################################################

Time = 422

Outer Loop Iteration = 422
smoothSolver:  Solving for Ux, Initial residual = 1.171790086e-07, Final residual = 2.596414584e-09, No Iterations 2
smoothSolver:  Solving for Uz, Initial residual = 6.441808766e-08, Final residual = 1.521124236e-09, No Iterations 2
GAMG:  Solving for p, Initial residual = 1.030842256e-07, Final residual = 9.251394727e-10, No Iterations 3
GAMG:  Solving for p, Initial residual = 1.20856061e-08, Final residual = 6.625699895e-11, No Iterations 3
GAMG:  Solving for p, Initial residual = 1.972931518e-09, Final residual = 2.654403085e-11, No Iterations 2
time step continuity errors (region0): sum local = 2.187978228e-12, global = -5.972961524e-14, cumulative = 3.333690163e-08
smoothSolver:  Solving for omega, Initial residual = 4.0087783e-09, Final residual = 3.609417909e-10, No Iterations 1
smoothSolver:  Solving for k, Initial residual = 4.30524816e-09, Final residual = 3.805451835e-10, No Iterations 1

ExecutionTime = 4.59 s  ExecutionStepTime = 0.01 s  ClockTime = 4 s

forces FR write:
    Sum of forces
        Total    : ( 0.6196963915 0 -8.050977073 )
        Pressure : ( 0.5760332432 0 -8.051942525 )
        Viscous  : ( 0.04366314828 0 0.0009654522991 )
    Sum of moments
        Total    : ( -3.905895349 1.380273002 -0.3006429197 )
        Pressure : ( -3.906363734 1.382598678 -0.2794599395 )
        Viscous  : ( 0.0004683848446 -0.002325675773 -0.02118298019 )


liftDrag LD execute:
Viscous drag: 0.003625914643, pressure drag: 0.04783547347, porous drag: 0
Viscous lift: 8.017396285e-05, pressure lift: -0.6686566923, porous lift: 0
Total lift: -0.6685765183, Front lift: -0.2196663803, Rear lift: -0.448910138, Drag: 0.05146138811
Location of Center of Mass: ( 0.1583410946 0.4851455065 -0.0177077476 )
Location of Center Of Pressure: ( 0.1727194827 0.4851455065 -0.01660102042 )


yPlus yPlus execute:
    patch Bottom y+ : min = 1.539962047, max = 457.3359284, average = 236.1098935
    patch Top y+ : min = 61.39119395, max = 468.7652285, average = 265.0305454
    patch e423_0 y+ : min = 148.2487904, max = 746.4111773, average = 397.6679555


################################################################################

Time = 423

Outer Loop Iteration = 423
smoothSolver:  Solving for Ux, Initial residual = 1.144858236e-07, Final residual = 2.539814657e-09, No Iterations 2
smoothSolver:  Solving for Uz, Initial residual = 6.275023626e-08, Final residual = 1.476474243e-09, No Iterations 2
GAMG:  Solving for p, Initial residual = 1.006014796e-07, Final residual = 9.033259579e-10, No Iterations 3
GAMG:  Solving for p, Initial residual = 1.178843292e-08, Final residual = 6.470085538e-11, No Iterations 3
GAMG:  Solving for p, Initial residual = 1.923761092e-09, Final residual = 2.592327778e-11, No Iterations 2
time step continuity errors (region0): sum local = 2.136900387e-12, global = -4.266249587e-14, cumulative = 3.333685896e-08
smoothSolver:  Solving for omega, Initial residual = 3.918069799e-09, Final residual = 3.527998515e-10, No Iterations 1
smoothSolver:  Solving for k, Initial residual = 4.204470589e-09, Final residual = 3.71813685e-10, No Iterations 1

ExecutionTime = 4.61 s  ExecutionStepTime = 0.02 s  ClockTime = 4 s

forces FR write:
    Sum of forces
        Total    : ( 0.6196963655 0 -8.050978093 )
        Pressure : ( 0.5760332135 0 -8.051943545 )
        Viscous  : ( 0.04366315199 0 0.000965452083 )
    Sum of moments
        Total    : ( -3.905895844 1.380273154 -0.3006429071 )
        Pressure : ( -3.906364229 1.38259883 -0.2794599251 )
        Viscous  : ( 0.0004683847398 -0.002325676045 -0.02118298199 )


liftDrag LD execute:
Viscous drag: 0.003625914951, pressure drag: 0.047835471, porous drag: 0
Viscous lift: 8.017394491e-05, pressure lift: -0.668656777, porous lift: 0
Total lift: -0.668576603, Front lift: -0.2196664101, Rear lift: -0.4489101929, Drag: 0.05146138595
Location of Center of Mass: ( 0.1583410946 0.4851455065 -0.0177077476 )
Location of Center Of Pressure: ( 0.1727194796 0.4851455065 -0.01660102084 )


yPlus yPlus execute:
    patch Bottom y+ : min = 1.539961754, max = 457.3359725, average = 236.1099274
    patch Top y+ : min = 61.39118693, max = 468.7652545, average = 265.0305566
    patch e423_0 y+ : min = 148.2488343, max = 746.4112154, average = 397.6679691


################################################################################

Time = 424

Outer Loop Iteration = 424
smoothSolver:  Solving for Ux, Initial residual = 1.118565533e-07, Final residual = 2.484461531e-09, No Iterations 2
smoothSolver:  Solving for Uz, Initial residual = 6.10977409e-08, Final residual = 1.432547867e-09, No Iterations 2
GAMG:  Solving for p, Initial residual = 9.817926396e-08, Final residual = 8.814679313e-10, No Iterations 3
GAMG:  Solving for p, Initial residual = 1.150057877e-08, Final residual = 6.344349083e-11, No Iterations 3
GAMG:  Solving for p, Initial residual = 1.873836824e-09, Final residual = 2.535128173e-11, No Iterations 2
time step continuity errors (region0): sum local = 2.089656752e-12, global = -5.733014682e-14, cumulative = 3.333680163e-08
smoothSolver:  Solving for omega, Initial residual = 3.829565736e-09, Final residual = 3.448477032e-10, No Iterations 1
smoothSolver:  Solving for k, Initial residual = 4.106093734e-09, Final residual = 3.632852388e-10, No Iterations 1

ExecutionTime = 4.65 s  ExecutionStepTime = 0.04 s  ClockTime = 5 s

forces FR write:
    Sum of forces
        Total    : ( 0.6196963399 0 -8.05097909 )
        Pressure : ( 0.5760331842 0 -8.051944541 )
        Viscous  : ( 0.04366315562 0 0.0009654518703 )
    Sum of moments
        Total    : ( -3.905896328 1.380273303 -0.3006428947 )
        Pressure : ( -3.906364713 1.382598979 -0.2794599109 )
        Viscous  : ( 0.0004683846366 -0.002325676311 -0.02118298375 )


liftDrag LD execute:
Viscous drag: 0.003625915252, pressure drag: 0.04783546858, porous drag: 0
Viscous lift: 8.017392724e-05, pressure lift: -0.6686568597, porous lift: 0
Total lift: -0.6685766858, Front lift: -0.2196664392, Rear lift: -0.4489102466, Drag: 0.05146138383
Location of Center of Mass: ( 0.1583410946 0.4851455065 -0.0177077476 )
Location of Center Of Pressure: ( 0.1727194766 0.4851455065 -0.01660102125 )


yPlus yPlus execute:
    patch Bottom y+ : min = 1.539961469, max = 457.3360159, average = 236.1099605
    patch Top y+ : min = 61.39118003, max = 468.7652803, average = 265.0305677
    patch e423_0 y+ : min = 148.2488773, max = 746.4112526, average = 397.6679825


################################################################################

Time = 425

Outer Loop Iteration = 425
smoothSolver:  Solving for Ux, Initial residual = 1.092901145e-07, Final residual = 2.43038989e-09, No Iterations 2
smoothSolver:  Solving for Uz, Initial residual = 5.946710456e-08, Final residual = 1.389494016e-09, No Iterations 2
GAMG:  Solving for p, Initial residual = 9.581699143e-08, Final residual = 8.618410722e-10, No Iterations 3
GAMG:  Solving for p, Initial residual = 1.12197735e-08, Final residual = 6.153299008e-11, No Iterations 3
GAMG:  Solving for p, Initial residual = 1.826747219e-09, Final residual = 2.467659319e-11, No Iterations 2
time step continuity errors (region0): sum local = 2.034043238e-12, global = -4.0138654e-14, cumulative = 3.33367615e-08
smoothSolver:  Solving for omega, Initial residual = 3.74319755e-09, Final residual = 3.370829305e-10, No Iterations 1
smoothSolver:  Solving for k, Initial residual = 4.010017879e-09, Final residual = 3.549552368e-10, No Iterations 1

ExecutionTime = 4.66 s  ExecutionStepTime = 0.01 s  ClockTime = 5 s

forces FR write:
    Sum of forces
        Total    : ( 0.6196963147 0 -8.050980064 )
        Pressure : ( 0.5760331555 0 -8.051945516 )
        Viscous  : ( 0.04366315917 0 0.0009654516611 )
    Sum of moments
        Total    : ( -3.905896801 1.380273447 -0.3006428825 )
        Pressure : ( -3.906365185 1.382599124 -0.279459897 )
        Viscous  : ( 0.0004683845351 -0.002325676571 -0.02118298547 )


liftDrag LD execute:
Viscous drag: 0.003625915547, pressure drag: 0.04783546619, porous drag: 0
Viscous lift: 8.017390987e-05, pressure lift: -0.6686569407, porous lift: 0
Total lift: -0.6685767668, Front lift: -0.2196664676, Rear lift: -0.4489102991, Drag: 0.05146138174
Location of Center of Mass: ( 0.1583410946 0.4851455065 -0.0177077476 )
Location of Center Of Pressure: ( 0.1727194737 0.4851455065 -0.01660102166 )


yPlus yPlus execute:
    patch Bottom y+ : min = 1.539961192, max = 457.3360584, average = 236.1099929
    patch Top y+ : min = 61.39117328, max = 468.7653059, average = 265.0305786
    patch e423_0 y+ : min = 148.2489193, max = 746.4112891, average = 397.6679956


################################################################################

Time = 426

Outer Loop Iteration = 426
smoothSolver:  Solving for Ux, Initial residual = 1.067855541e-07, Final residual = 2.377518963e-09, No Iterations 2
smoothSolver:  Solving for Uz, Initial residual = 5.785382904e-08, Final residual = 1.347287555e-09, No Iterations 2
GAMG:  Solving for p, Initial residual = 9.351001305e-08, Final residual = 8.394818478e-10, No Iterations 3
GAMG:  Solving for p, Initial residual = 1.094480397e-08, Final residual = 6.042370419e-11, No Iterations 3
GAMG:  Solving for p, Initial residual = 1.779385729e-09, Final residual = 9.861821327e-11, No Iterations 1
time step continuity errors (region0): sum local = 8.128798908e-12, global = -1.418101208e-13, cumulative = 3.333661969e-08
smoothSolver:  Solving for omega, Initial residual = 3.658915254e-09, Final residual = 3.294985045e-10, No Iterations 1
smoothSolver:  Solving for k, Initial residual = 3.916467619e-09, Final residual = 3.468172471e-10, No Iterations 1

ExecutionTime = 4.67 s  ExecutionStepTime = 0.01 s  ClockTime = 5 s

forces FR write:
    Sum of forces
        Total    : ( 0.61969629 0 -8.050981017 )
        Pressure : ( 0.5760331274 0 -8.051946468 )
        Viscous  : ( 0.04366316264 0 0.0009654514555 )
    Sum of moments
        Total    : ( -3.905897263 1.380273589 -0.3006428705 )
        Pressure : ( -3.906365647 1.382599266 -0.2794598833 )
        Viscous  : ( 0.0004683844353 -0.002325676825 -0.02118298715 )


liftDrag LD execute:
Viscous drag: 0.003625915835, pressure drag: 0.04783546385, porous drag: 0
Viscous lift: 8.01738928e-05, pressure lift: -0.6686570197, porous lift: 0
Total lift: -0.6685768458, Front lift: -0.2196664954, Rear lift: -0.4489103504, Drag: 0.05146137969
Location of Center of Mass: ( 0.1583410946 0.4851455065 -0.0177077476 )
Location of Center Of Pressure: ( 0.1727194708 0.4851455065 -0.01660102205 )


yPlus yPlus execute:
    patch Bottom y+ : min = 1.539960923, max = 457.3361, average = 236.1100245
    patch Top y+ : min = 61.39116669, max = 468.7653313, average = 265.0305894
    patch e423_0 y+ : min = 148.2489603, max = 746.4113248, average = 397.6680083


################################################################################

Time = 427

Outer Loop Iteration = 427
smoothSolver:  Solving for Ux, Initial residual = 1.043369379e-07, Final residual = 2.325958913e-09, No Iterations 2
smoothSolver:  Solving for Uz, Initial residual = 5.626064094e-08, Final residual = 1.30598486e-09, No Iterations 2
GAMG:  Solving for p, Initial residual = 9.126416804e-08, Final residual = 8.214138911e-10, No Iterations 3
GAMG:  Solving for p, Initial residual = 1.070532581e-08, Final residual = 5.913070959e-11, No Iterations 3
GAMG:  Solving for p, Initial residual = 1.739058022e-09, Final residual = 9.677630096e-11, No Iterations 1
time step continuity errors (region0): sum local = 7.977003195e-12, global = -1.414678277e-13, cumulative = 3.333647822e-08
smoothSolver:  Solving for omega, Initial residual = 3.576637875e-09, Final residual = 3.220889375e-10, No Iterations 1
smoothSolver:  Solving for k, Initial residual = 3.825694027e-09, Final residual = 3.388837537e-10, No Iterations 1

ExecutionTime = 4.68 s  ExecutionStepTime = 0.01 s  ClockTime = 5 s

forces FR write:
    Sum of forces
        Total    : ( 0.6196962656 0 -8.050981948 )
        Pressure : ( 0.5760330996 0 -8.051947399 )
        Viscous  : ( 0.04366316603 0 0.0009654512534 )
    Sum of moments
        Total    : ( -3.905897715 1.380273727 -0.3006428587 )
        Pressure : ( -3.906366099 1.382599404 -0.2794598699 )
        Viscous  : ( 0.0004683843373 -0.002325677073 -0.0211829888 )


liftDrag LD execute:
Viscous drag: 0.003625916116, pressure drag: 0.04783546155, porous drag: 0
Viscous lift: 8.017387601e-05, pressure lift: -0.6686570971, porous lift: 0
Total lift: -0.6685769232, Front lift: -0.2196665226, Rear lift: -0.4489104006, Drag: 0.05146137766
Location of Center of Mass: ( 0.1583410946 0.4851455065 -0.0177077476 )
Location of Center Of Pressure: ( 0.172719468 0.4851455065 -0.01660102244 )


yPlus yPlus execute:
    patch Bottom y+ : min = 1.53996066, max = 457.3361408, average = 236.1100552
    patch Top y+ : min = 61.39116014, max = 468.7653563, average = 265.0305999
    patch e423_0 y+ : min = 148.2490005, max = 746.4113596, average = 397.6680208


################################################################################

Time = 428

Outer Loop Iteration = 428
smoothSolver:  Solving for Ux, Initial residual = 1.019498429e-07, Final residual = 2.275531e-09, No Iterations 2
smoothSolver:  Solving for Uz, Initial residual = 5.469113496e-08, Final residual = 1.265794204e-09, No Iterations 2
GAMG:  Solving for p, Initial residual = 8.910410855e-08, Final residual = 8.017448189e-10, No Iterations 3
GAMG:  Solving for p, Initial residual = 1.043024812e-08, Final residual = 5.726788722e-11, No Iterations 3
GAMG:  Solving for p, Initial residual = 1.692962868e-09, Final residual = 9.419286459e-11, No Iterations 1
time step continuity errors (region0): sum local = 7.763873494e-12, global = -1.403980776e-13, cumulative = 3.333633782e-08
smoothSolver:  Solving for omega, Initial residual = 3.496312243e-09, Final residual = 3.148483319e-10, No Iterations 1
smoothSolver:  Solving for k, Initial residual = 3.737284762e-09, Final residual = 3.311726695e-10, No Iterations 1

ExecutionTime = 4.7 s  ExecutionStepTime = 0.01 s  ClockTime = 5 s

forces FR write:
    Sum of forces
        Total    : ( 0.6196962418 0 -8.050982858 )
        Pressure : ( 0.5760330725 0 -8.051948309 )
        Viscous  : ( 0.04366316934 0 0.0009654510549 )
    Sum of moments
        Total    : ( -3.905898156 1.380273862 -0.3006428471 )
        Pressure : ( -3.90636654 1.38259954 -0.2794598567 )
        Viscous  : ( 0.000468384241 -0.002325677315 -0.0211829904 )


liftDrag LD execute:
Viscous drag: 0.003625916392, pressure drag: 0.04783545929, porous drag: 0
Viscous lift: 8.017385953e-05, pressure lift: -0.6686571726, porous lift: 0
Total lift: -0.6685769988, Front lift: -0.2196665492, Rear lift: -0.4489104496, Drag: 0.05146137569
Location of Center of Mass: ( 0.1583410946 0.4851455065 -0.0177077476 )
Location of Center Of Pressure: ( 0.1727194652 0.4851455065 -0.01660102282 )


yPlus yPlus execute:
    patch Bottom y+ : min = 1.539960403, max = 457.3361805, average = 236.1100852
    patch Top y+ : min = 61.39115382, max = 468.765381, average = 265.0306102
    patch e423_0 y+ : min = 148.2490398, max = 746.4113938, average = 397.668033


################################################################################

Time = 429

Outer Loop Iteration = 429
smoothSolver:  Solving for Ux, Initial residual = 9.961757638e-08, Final residual = 2.226129137e-09, No Iterations 2
smoothSolver:  Solving for Uz, Initial residual = 5.314612616e-08, Final residual = 1.226588811e-09, No Iterations 2
GAMG:  Solving for p, Initial residual = 8.701494709e-08, Final residual = 7.817656794e-10, No Iterations 3
GAMG:  Solving for p, Initial residual = 1.016870508e-08, Final residual = 5.58589896e-11, No Iterations 3
GAMG:  Solving for p, Initial residual = 1.648702697e-09, Final residual = 9.188008703e-11, No Iterations 1
time step continuity errors (region0): sum local = 7.573318686e-12, global = -1.399930037e-13, cumulative = 3.333619783e-08
smoothSolver:  Solving for omega, Initial residual = 3.417876572e-09, Final residual = 3.077723731e-10, No Iterations 1
smoothSolver:  Solving for k, Initial residual = 3.651111921e-09, Final residual = 3.236485152e-10, No Iterations 1

ExecutionTime = 4.71 s  ExecutionStepTime = 0.01 s  ClockTime = 5 s

Residual convergence tolerance reached

forces FR write:
    Sum of forces
        Total    : ( 0.6196962184 0 -8.050983748 )
        Pressure : ( 0.5760330459 0 -8.051949198 )
        Viscous  : ( 0.04366317258 0 0.0009654508603 )
    Sum of moments
        Total    : ( -3.905898588 1.380273995 -0.3006428357 )
        Pressure : ( -3.906366972 1.382599672 -0.2794598438 )
        Viscous  : ( 0.0004683841466 -0.002325677552 -0.02118299197 )


liftDrag LD execute:
Viscous drag: 0.003625916661, pressure drag: 0.04783545708, porous drag: 0
Viscous lift: 8.017384337e-05, pressure lift: -0.6686572465, porous lift: 0
Total lift: -0.6685770726, Front lift: -0.2196665751, Rear lift: -0.4489104975, Drag: 0.05146137374
Location of Center of Mass: ( 0.1583410946 0.4851455065 -0.0177077476 )
Location of Center Of Pressure: ( 0.1727194625 0.4851455065 -0.01660102319 )


yPlus yPlus execute:
    patch Bottom y+ : min = 1.539960151, max = 457.3362193, average = 236.1101145
    patch Top y+ : min = 61.39114763, max = 468.7654053, average = 265.0306202
    patch e423_0 y+ : min = 148.2490782, max = 746.4114272, average = 397.668045
yPlus yPlus write:
    writing field yPlus
End

Finalising parallel run

--- INICIO COMANDO: mpirun -n 4 helyxSolve -parallel ---
