# Force          
# CofR           : ( 0.0000000000e+00 0.0000000000e+00 0.0000000000e+00 )
#                
# Time           	(total_x total_y total_z)	(pressure_x pressure_y pressure_z)	(viscous_x viscous_y viscous_z)
1                	( 1.5830587444e+02 2.5876453728e-16 -1.9408859967e+02 )	( 1.5775010798e+02 2.5539631278e-16 -1.9412988591e+02 )	( 5.5576646174e-01 3.3682244997e-18 4.1286238248e-02 )
2                	( 8.9823622984e+00 -1.3714581606e-16 -1.3667386409e+01 )	( 8.8006460664e+00 -1.0077527847e-17 -1.3712994671e+01 )	( 1.8171623195e-01 -1.2706828821e-16 4.5608261920e-02 )
3                	( 1.6590444151e+00 -1.4602880608e-17 -7.7671963584e+00 )	( 1.4905628412e+00 -2.5537119678e-18 -7.8120347273e+00 )	( 1.6848157384e-01 -1.2049168640e-17 4.4838368931e-02 )
4                	( 6.4487499868e-01 7.2262254786e-18 -6.2935157535e+00 )	( 5.0291288648e-01 3.0687424664e-18 -6.3189009302e+00 )	( 1.4196211220e-01 4.1574830123e-18 2.5385176681e-02 )
5                	( 5.1587100914e-01 1.0122739172e-18 -5.2623930035e+00 )	( 3.7127887713e-01 5.3634202870e-18 -5.2822702285e+00 )	( 1.4459213202e-01 -4.3511463698e-18 1.9877224965e-02 )
6                	( 6.5163775114e-01 5.3080042484e-18 -5.0972664864e+00 )	( 5.2342506158e-01 3.5735620070e-18 -5.1140851669e+00 )	( 1.2821268957e-01 1.7344422415e-18 1.6818680524e-02 )
7                	( 7.2077628231e-01 3.0188752680e-19 -5.5241651465e+00 )	( 5.9913249837e-01 1.4009586067e-18 -5.5374861707e+00 )	( 1.2164378395e-01 -1.0990710799e-18 1.3321024255e-02 )
8                	( 8.0521705854e-01 -1.4073429041e-18 -5.4208518319e+00 )	( 6.9391848354e-01 1.2446357127e-19 -5.4312932411e+00 )	( 1.1129857500e-01 -1.5318064754e-18 1.0441409267e-02 )
9                	( 8.3700770137e-01 -2.8920437493e-18 -5.3814773631e+00 )	( 7.3084092436e-01 -1.3503399713e-19 -5.3904242408e+00 )	( 1.0616677700e-01 -2.7570097521e-18 8.9468777279e-03 )
10               	( 8.6178422434e-01 -2.8785349240e-18 -5.4279239873e+00 )	( 7.6238599656e-01 -2.4427423990e-20 -5.4361100984e+00 )	( 9.9398227778e-02 -2.8541075000e-18 8.1861110995e-03 )
11               	( 8.9460438351e-01 -6.9933249412e-19 -5.4043968380e+00 )	( 7.9863931241e-01 1.7886181906e-19 -5.4127711820e+00 )	( 9.5965071108e-02 -8.7819431318e-19 8.3743440066e-03 )
12               	( 9.0808133915e-01 2.6159105024e-18 -5.3944870044e+00 )	( 8.1598051129e-01 4.7612917490e-19 -5.4035360207e+00 )	( 9.2100827865e-02 2.1397813275e-18 9.0490162679e-03 )
13               	( 9.2050540632e-01 6.0795580475e-19 -5.4182515433e+00 )	( 8.3056381655e-01 5.6513237598e-19 -5.4276870294e+00 )	( 8.9941589767e-02 4.2823428766e-20 9.4354860215e-03 )
14               	( 9.2919796921e-01 9.1380865311e-19 -5.4354629285e+00 )	( 8.4263749271e-01 5.5058482057e-19 -5.4444979578e+00 )	( 8.6560476508e-02 3.6322383253e-19 9.0350293065e-03 )
15               	( 9.4043714394e-01 8.2018348441e-19 -5.4573742426e+00 )	( 8.5573897012e-01 5.1418313410e-19 -5.4658252064e+00 )	( 8.4698173823e-02 3.0600035031e-19 8.4509637640e-03 )
16               	( 9.4704366999e-01 7.6785122232e-19 -5.5102014938e+00 )	( 8.6492193229e-01 4.5368964558e-19 -5.5178279184e+00 )	( 8.2121737706e-02 3.1416157673e-19 7.6264246033e-03 )
17               	( 9.5228334158e-01 6.4290312553e-19 -5.5644005020e+00 )	( 8.7142400396e-01 3.8328704840e-19 -5.5713819903e+00 )	( 8.0859337623e-02 2.5961607713e-19 6.9814882826e-03 )
18               	( 9.5565911412e-01 5.9862703995e-19 -5.6196742388e+00 )	( 8.7659960033e-01 3.2998539545e-19 -5.6260419582e+00 )	( 7.9059513781e-02 2.6864164450e-19 6.3677193874e-03 )
19               	( 9.6029615276e-01 5.0162450271e-19 -5.7013605800e+00 )	( 8.8197252674e-01 2.9269740862e-19 -5.7072900658e+00 )	( 7.8323626027e-02 2.0892709409e-19 5.9294858210e-03 )
20               	( 9.6557272601e-01 4.7847798496e-19 -5.7817894396e+00 )	( 8.8853787873e-01 2.6883241176e-19 -5.7872621977e+00 )	( 7.7034847277e-02 2.0964557320e-19 5.4727580693e-03 )
21               	( 9.7097988304e-01 4.0618366928e-19 -5.8654973413e+00 )	( 8.9451518987e-01 2.5291482984e-19 -5.8706313823e+00 )	( 7.6464693171e-02 1.5326883944e-19 5.1340410524e-03 )
22               	( 9.7787773291e-01 4.0261556241e-19 -5.9365620066e+00 )	( 9.0259902257e-01 2.4163362950e-19 -5.9412949909e+00 )	( 7.5278710336e-02 1.6098193291e-19 4.7329842404e-03 )
23               	( 9.8461288530e-01 3.3898017774e-19 -6.0145106655e+00 )	( 9.0970085102e-01 2.2720580725e-19 -6.0189599404e+00 )	( 7.4912034287e-02 1.1177437050e-19 4.4492748671e-03 )
24               	( 9.8782826428e-01 3.3556670481e-19 -6.0992940681e+00 )	( 9.1390921707e-01 2.0811871795e-19 -6.1034113470e+00 )	( 7.3919047208e-02 1.2744798686e-19 4.1172788630e-03 )
25               	( 9.9373595722e-01 2.7533450471e-19 -6.1712536048e+00 )	( 9.2006175475e-01 1.8998678173e-19 -6.1751226098e+00 )	( 7.3674202473e-02 8.5347722979e-20 3.8690050145e-03 )
26               	( 9.9845890553e-01 2.7679453417e-19 -6.2434528236e+00 )	( 9.2570525206e-01 1.7112444851e-19 -6.2470182833e+00 )	( 7.2753653474e-02 1.0567008565e-19 3.5654596852e-03 )
27               	( 1.0013616546e+00 2.1595863265e-19 -6.3239263891e+00 )	( 9.2876519454e-01 1.4865830690e-19 -6.3272655447e+00 )	( 7.2596460023e-02 6.7300325754e-20 3.3391556140e-03 )
28               	( 1.0033412195e+00 2.1686515222e-19 -6.3935656052e+00 )	( 9.3150910427e-01 1.2586090743e-19 -6.3966389659e+00 )	( 7.1832115229e-02 9.1004244789e-20 3.0733607024e-03 )
29               	( 1.0036720254e+00 1.6009080624e-19 -6.4556588755e+00 )	( 9.3197390076e-01 1.0291538802e-19 -6.4585370334e+00 )	( 7.1698124683e-02 5.7175418219e-20 2.8781578543e-03 )
30               	( 1.0022732970e+00 1.6091880345e-19 -6.5125934729e+00 )	( 9.3118579869e-01 7.7519545237e-20 -6.5152274269e+00 )	( 7.1087498313e-02 8.3399258217e-20 2.6339540108e-03 )
31               	( 1.0014775852e+00 1.0714724020e-19 -6.5598618430e+00 )	( 9.3046814789e-01 5.2581743719e-20 -6.5623279079e+00 )	( 7.1009437291e-02 5.4565496480e-20 2.4660648665e-03 )
32               	( 9.9888964658e-01 1.0826708205e-19 -6.6123520567e+00 )	( 9.2844996800e-01 2.6533470581e-20 -6.6145997679e+00 )	( 7.0439678580e-02 8.1733611470e-20 2.2477112044e-03 )
33               	( 9.9637712617e-01 5.6159007025e-20 -6.6524573475e+00 )	( 9.2587622850e-01 5.9033928903e-24 -6.6545530796e+00 )	( 7.0500897667e-02 5.6153103632e-20 2.0957320263e-03 )
34               	( 9.9252605690e-01 5.8802695074e-20 -6.6919019651e+00 )	( 9.2257245202e-01 -2.5238823579e-20 -6.6938103888e+00 )	( 6.9953604874e-02 8.4041518653e-20 1.9084236344e-03 )
35               	( 9.8864649697e-01 1.0783399538e-20 -6.7301658935e+00 )	( 9.1857763895e-01 -5.0470277215e-20 -6.7319378669e+00 )	( 7.0068858017e-02 6.1253676754e-20 1.7719734277e-03 )
36               	( 9.8387121522e-01 1.3449952699e-20 -6.7606079032e+00 )	( 9.1424487255e-01 -7.7364102283e-20 -6.7622098100e+00 )	( 6.9626342669e-02 9.0814054982e-20 1.6019068346e-03 )
37               	( 9.7891497824e-01 -3.3605323766e-20 -6.7986693722e+00 )	( 9.0921215462e-01 -1.0307095489e-19 -6.8001562674e+00 )	( 6.9702823618e-02 6.9465631120e-20 1.4868952007e-03 )
38               	( 9.7411458673e-01 -2.9234475778e-20 -6.8264290394e+00 )	( 9.0475666822e-01 -1.2815975847e-19 -6.8277484469e+00 )	( 6.9357918508e-02 9.8925282688e-20 1.3194074770e-03 )
39               	( 9.6868571660e-01 -7.5596334772e-20 -6.8568114334e+00 )	( 8.9921656004e-01 -1.5465499186e-19 -6.8580278604e+00 )	( 6.9469156553e-02 7.9058657087e-20 1.2164269432e-03 )
40               	( 9.6284901662e-01 -7.3624858053e-20 -6.8882749841e+00 )	( 8.9374032774e-01 -1.8000400236e-19 -6.8893419735e+00 )	( 6.9108688875e-02 1.0637914430e-19 1.0669894051e-03 )
41               	( 9.5746558351e-01 -1.1790469103e-19 -6.9181695758e+00 )	( 8.8818864329e-01 -2.0619405462e-19 -6.9191325590e+00 )	( 6.9276940213e-02 8.8289363596e-20 9.6298312464e-04 )
42               	( 9.5158770700e-01 -1.1836058368e-19 -6.9450195953e+00 )	( 8.8266476608e-01 -2.3198408772e-19 -6.9458448391e+00 )	( 6.8922940924e-02 1.1362350404e-19 8.2524386666e-04 )
43               	( 9.4623863228e-01 -1.5976287442e-19 -6.9737227907e+00 )	( 8.7713873366e-01 -2.5657114851e-19 -6.9744468483e+00 )	( 6.9099898624e-02 9.6808274093e-20 7.2405764179e-04 )
44               	( 9.4041499193e-01 -1.6278087698e-19 -7.0023339260e+00 )	( 8.7163523070e-01 -2.8243378241e-19 -7.0029206834e+00 )	( 6.8779761225e-02 1.1965290543e-19 5.8675734870e-04 )
45               	( 9.3491547279e-01 -2.0402126755e-19 -7.0329872259e+00 )	( 8.6597585733e-01 -3.0777706181e-19 -7.0334808288e+00 )	( 6.8939615457e-02 1.0375579426e-19 4.9360292732e-04 )
46               	( 9.2920971618e-01 -2.0816519109e-19 -7.0645770046e+00 )	( 8.6053537678e-01 -3.3229875725e-19 -7.0649351830e+00 )	( 6.8674339400e-02 1.2413356616e-19 3.5817840297e-04 )
47               	( 9.2421487681e-01 -2.4845669698e-19 -7.0910832212e+00 )	( 8.5538260744e-01 -3.5734278293e-19 -7.0913556207e+00 )	( 6.8832269372e-02 1.0888608595e-19 2.7239948536e-04 )
48               	( 9.1854520544e-01 -2.5484711986e-19 -7.1207407204e+00 )	( 8.4996786899e-01 -3.8175078025e-19 -7.1208867048e+00 )	( 6.8577336449e-02 1.2690366039e-19 1.4598440376e-04 )
49               	( 9.1312143851e-01 -2.9464077141e-19 -7.1532431997e+00 )	( 8.4436880670e-01 -4.0686180077e-19 -7.1533046035e+00 )	( 6.8752631810e-02 1.1222102935e-19 6.1403817124e-05 )
50               	( 9.0798877992e-01 -3.0371238268e-19 -7.1805309312e+00 )	( 8.3948709365e-01 -4.3172551197e-19 -7.1804723775e+00 )	( 6.8501686274e-02 1.2801312929e-19 -5.8553708037e-05 )
51               	( 9.0284123597e-01 -3.4243793864e-19 -7.2112395485e+00 )	( 8.3414072712e-01 -4.5608461591e-19 -7.2110965413e+00 )	( 6.8700508853e-02 1.1364667727e-19 -1.4300729421e-04 )
52               	( 8.9753513781e-01 -3.5418345112e-19 -7.2409643997e+00 )	( 8.2905806881e-01 -4.8151061023e-19 -7.2407040594e+00 )	( 6.8477069005e-02 1.2732715911e-19 -2.6034033884e-04 )
53               	( 8.9255348270e-01 -3.9287379510e-19 -7.2709836363e+00 )	( 8.2385804387e-01 -5.0648894947e-19 -7.2706376552e+00 )	( 6.8695438836e-02 1.1361515437e-19 -3.4598110139e-04 )
54               	( 8.8703671760e-01 -4.0574493773e-19 -7.3046033883e+00 )	( 8.1853853303e-01 -5.3157993052e-19 -7.3041326556e+00 )	( 6.8498184573e-02 1.2583499278e-19 -4.7073277105e-04 )
55               	( 8.8252363021e-01 -4.4378523593e-19 -7.3324462628e+00 )	( 8.1380479552e-01 -5.5659258180e-19 -7.3318803596e+00 )	( 6.8718834686e-02 1.1280734587e-19 -5.6590316278e-04 )
56               	( 8.7761240385e-01 -4.5760980855e-19 -7.3631835672e+00 )	( 8.0906863279e-01 -5.8153888329e-19 -7.3624859829e+00 )	( 6.8543771064e-02 1.2392907474e-19 -6.9758433964e-04 )
57               	( 8.7301531654e-01 -4.9505376410e-19 -7.3949725795e+00 )	( 8.0428471800e-01 -6.0672277672e-19 -7.3941793372e+00 )	( 6.8730598543e-02 1.1166901262e-19 -7.9324231589e-04 )
58               	( 8.6845438193e-01 -5.0922490221e-19 -7.4212376573e+00 )	( 7.9987801037e-01 -6.3113801941e-19 -7.4203088322e+00 )	( 6.8576371562e-02 1.2191311720e-19 -9.2882514659e-04 )
59               	( 8.6408660703e-01 -5.4565940480e-19 -7.4517149852e+00 )	( 7.9531255430e-01 -6.5613661809e-19 -7.4506835367e+00 )	( 6.8774052729e-02 1.1047721329e-19 -1.0314485456e-03 )
60               	( 8.6001856362e-01 -5.6204189650e-19 -7.4848256342e+00 )	( 7.9140836735e-01 -6.8188332484e-19 -7.4836651933e+00 )	( 6.8610196271e-02 1.1984142834e-19 -1.1604409236e-03 )
61               	( 8.5658020291e-01 -5.9740787962e-19 -7.5163475300e+00 )	( 7.8775226265e-01 -7.0655194350e-19 -7.5150876508e+00 )	( 6.8827940253e-02 1.0914406389e-19 -1.2598791714e-03 )
62               	( 8.5269706295e-01 -6.1402065860e-19 -7.5475720411e+00 )	( 7.8400574122e-01 -7.3171747739e-19 -7.5461839883e+00 )	( 6.8691321729e-02 1.1769681879e-19 -1.3880528553e-03 )
63               	( 8.4960677027e-01 -6.4850289380e-19 -7.5779977844e+00 )	( 7.8074984734e-01 -7.5620288811e-19 -7.5765168379e+00 )	( 6.8856922929e-02 1.0769999431e-19 -1.4809464564e-03 )
64               	( 8.4597292456e-01 -6.6436945972e-19 -7.6080864614e+00 )	( 7.7725734223e-01 -7.7994618803e-19 -7.6064766984e+00 )	( 6.8715582335e-02 1.1557672831e-19 -1.6097630036e-03 )
65               	( 8.4255442094e-01 -6.9825037742e-19 -7.6393535524e+00 )	( 7.7366857526e-01 -8.0459123716e-19 -7.6376459942e+00 )	( 6.8885845680e-02 1.0634085974e-19 -1.7075581356e-03 )
66               	( 8.3896463507e-01 -7.1500379870e-19 -7.6696316491e+00 )	( 7.7026413789e-01 -8.2875658723e-19 -7.6677972808e+00 )	( 6.8700497181e-02 1.1375278854e-19 -1.8343683254e-03 )
67               	( 8.3594843031e-01 -7.4757687867e-19 -7.6979052872e+00 )	( 7.6711449849e-01 -8.5284073001e-19 -7.6959719670e+00 )	( 6.8833931819e-02 1.0526385134e-19 -1.9333202186e-03 )
68               	( 8.3249936462e-01 -7.6457132620e-19 -7.7256382000e+00 )	( 7.6382200008e-01 -8.7689879428e-19 -7.7235703248e+00 )	( 6.8677364546e-02 1.1232746808e-19 -2.0678752287e-03 )
69               	( 8.2922220988e-01 -7.9645152112e-19 -7.7556254504e+00 )	( 7.6042441726e-01 -9.0113278995e-19 -7.7534537110e+00 )	( 6.8797792615e-02 1.0468126883e-19 -2.1717394117e-03 )
70               	( 8.2567934633e-01 -8.1356576256e-19 -7.7845975259e+00 )	( 7.5707914871e-01 -9.2489725792e-19 -7.7822900326e+00 )	( 6.8600197620e-02 1.1133149536e-19 -2.3074932583e-03 )
71               	( 8.2432837609e-01 -8.4402535138e-19 -7.8184226074e+00 )	( 7.5560035469e-01 -9.4860686105e-19 -7.8160271105e+00 )	( 6.8728021400e-02 1.0458150968e-19 -2.3954969202e-03 )
72               	( 8.2064238052e-01 -8.6193188314e-19 -7.8479312022e+00 )	( 7.5210195012e-01 -9.7288176021e-19 -7.8453922030e+00 )	( 6.8540430402e-02 1.1094987707e-19 -2.5389992179e-03 )
73               	( 8.1912355986e-01 -8.9158125345e-19 -7.8824891090e+00 )	( 7.5049551154e-01 -9.9659716988e-19 -7.8798613567e+00 )	( 6.8628048319e-02 1.0501591643e-19 -2.6277522879e-03 )
74               	( 8.1458201327e-01 -9.0934277644e-19 -7.9093003700e+00 )	( 7.4615306771e-01 -1.0204559061e-18 -7.9065211027e+00 )	( 6.8428945559e-02 1.1111312968e-19 -2.7792673808e-03 )
75               	( 8.1375504844e-01 -9.3825367832e-19 -7.9419181450e+00 )	( 7.4522023615e-01 -1.0440740578e-18 -7.9390475259e+00 )	( 6.8534812296e-02 1.0582037945e-19 -2.8706191158e-03 )
76               	( 8.0893809682e-01 -9.5581743835e-19 -7.9681715413e+00 )	( 7.4062201133e-01 -1.0675079660e-18 -7.9651479923e+00 )	( 6.8316085489e-02 1.1169052761e-19 -3.0235490496e-03 )
77               	( 8.0830557735e-01 -9.8391598580e-19 -8.0022170887e+00 )	( 7.3988889255e-01 -1.0908200223e-18 -7.9991047163e+00 )	( 6.8416684801e-02 1.0690403649e-19 -3.1123723480e-03 )
78               	( 8.0351275845e-01 -1.0019025694e-18 -8.0275619259e+00 )	( 7.3528289052e-01 -1.1145337386e-18 -8.0242979307e+00 )	( 6.8229867927e-02 1.1263116923e-19 -3.2639952233e-03 )
79               	( 8.0247862939e-01 -1.0299937928e-18 -8.0631585910e+00 )	( 7.3415037526e-01 -1.1383482461e-18 -8.0598154894e+00 )	( 6.8328254131e-02 1.0835445328e-19 -3.3431016112e-03 )
80               	( 7.9809956642e-01 -1.0479038213e-18 -8.0892110608e+00 )	( 7.2995316306e-01 -1.1617072003e-18 -8.0857328355e+00 )	( 6.8146403357e-02 1.1380337903e-19 -3.4782252982e-03 )
81               	( 7.9671830659e-01 -1.0745871833e-18 -8.1211592357e+00 )	( 7.2847542074e-01 -1.1845324789e-18 -8.1176008786e+00 )	( 6.8242885852e-02 1.0994529559e-19 -3.5583570720e-03 )
82               	( 7.9274456973e-01 -1.0926773809e-18 -8.1492923315e+00 )	( 7.2466854071e-01 -1.2076459073e-18 -8.1456054011e+00 )	( 6.8076029026e-02 1.1496852639e-19 -3.6869303444e-03 )
83               	( 7.9068649944e-01 -1.1190243041e-18 -8.1806588758e+00 )	( 7.2253906354e-01 -1.2304876018e-18 -8.1768868285e+00 )	( 6.8147435900e-02 1.1146329766e-19 -3.7720472699e-03 )
84               	( 7.8716543798e-01 -1.1365127650e-18 -8.2077200025e+00 )	( 7.1918156885e-01 -1.2526006156e-18 -8.2038167114e+00 )	( 6.7983869135e-02 1.1608785064e-19 -3.9032910819e-03 )
85               	( 7.8446552575e-01 -1.1611373457e-18 -8.2379925691e+00 )	( 7.1640401638e-01 -1.2740565155e-18 -8.2339978885e+00 )	( 6.8061509367e-02 1.1291916979e-19 -3.9946806059e-03 )
86               	( 7.8022879013e-01 -1.1784785502e-18 -8.2658154689e+00 )	( 7.1229657201e-01 -1.2955055228e-18 -8.2617014627e+00 )	( 6.7932218120e-02 1.1702697266e-19 -4.1140061471e-03 )
87               	( 7.7708411126e-01 -1.2038450215e-18 -8.2942813751e+00 )	( 7.0904746193e-01 -1.3178138765e-18 -8.2900778937e+00 )	( 6.8036649334e-02 1.1396885502e-19 -4.2034814574e-03 )
88               	( 7.7320894700e-01 -1.2222345212e-18 -8.3214112080e+00 )	( 7.0527164014e-01 -1.3399008001e-18 -8.3170862917e+00 )	( 6.7937306864e-02 1.1766627898e-19 -4.3249162793e-03 )
89               	( 7.6970826657e-01 -1.2464159027e-18 -8.3476579527e+00 )	( 7.0166206007e-01 -1.3614102151e-18 -8.3432404859e+00 )	( 6.8046206494e-02 1.1499431240e-19 -4.4174668320e-03 )
90               	( 7.6580599241e-01 -1.2641039530e-18 -8.3736393402e+00 )	( 6.9784020847e-01 -1.3827542925e-18 -8.3691004166e+00 )	( 6.7965783936e-02 1.1865033942e-19 -4.5389236266e-03 )
91               	( 7.6214660141e-01 -1.2874313900e-18 -8.3997080816e+00 )	( 6.9406407865e-01 -1.4039069965e-18 -8.3950764106e+00 )	( 6.8082522765e-02 1.1647560646e-19 -4.6316709533e-03 )
92               	( 7.5810569307e-01 -1.3051644267e-18 -8.4249764232e+00 )	( 6.9008995416e-01 -1.4250266905e-18 -8.4202273411e+00 )	( 6.8015738913e-02 1.1986226383e-19 -4.7490821061e-03 )
93               	( 7.5431664914e-01 -1.3282451332e-18 -8.4506184063e+00 )	( 6.8618475211e-01 -1.4462389310e-18 -8.4457813577e+00 )	( 6.8131897034e-02 1.1799379785e-19 -4.8370485855e-03 )
94               	( 7.5009902123e-01 -1.3463821050e-18 -8.4749275423e+00 )	( 6.8202652440e-01 -1.4675662856e-18 -8.4699807132e+00 )	( 6.8072496838e-02 1.2118418054e-19 -4.9468290958e-03 )
95               	( 7.4600360970e-01 -1.3690228506e-18 -8.4996880540e+00 )	( 6.7781466382e-01 -1.4886587886e-18 -8.4946577219e+00 )	( 6.8188945889e-02 1.1963593801e-19 -5.0303320684e-03 )
96               	( 7.4183478437e-01 -1.3864625018e-18 -8.5236031659e+00 )	( 6.7370051409e-01 -1.5091393343e-18 -8.5184687467e+00 )	( 6.8134270279e-02 1.2267683247e-19 -5.1344191447e-03 )
97               	( 7.3789413915e-01 -1.4081620913e-18 -8.5463434131e+00 )	( 6.6964777780e-01 -1.5295871047e-18 -8.5411290446e+00 )	( 6.8246361350e-02 1.2142501345e-19 -5.2143684271e-03 )
98               	( 7.3391831944e-01 -1.4257500587e-18 -8.5703886989e+00 )	( 6.6572222766e-01 -1.5500795008e-18 -8.5650758332e+00 )	( 6.8196091785e-02 1.2432944206e-19 -5.3128656902e-03 )
99               	( 7.3024034815e-01 -1.4472152064e-18 -8.5936336922e+00 )	( 6.6193198885e-01 -1.5704610721e-18 -8.5882455882e+00 )	( 6.8308359305e-02 1.2324586573e-19 -5.3881039915e-03 )
100              	( 7.2663636497e-01 -1.4644198617e-18 -8.6172778175e+00 )	( 6.5836652274e-01 -1.5903240644e-18 -8.6117974201e+00 )	( 6.8269842230e-02 1.2590420268e-19 -5.4803973785e-03 )
101              	( 7.2326510529e-01 -1.4851223939e-18 -8.6406040814e+00 )	( 6.5487652621e-01 -1.6100151393e-18 -8.6350528228e+00 )	( 6.8388579080e-02 1.2489274544e-19 -5.5512586025e-03 )
102              	( 7.1999082942e-01 -1.5024152445e-18 -8.6636111579e+00 )	( 6.5163142181e-01 -1.6296674925e-18 -8.6579705117e+00 )	( 6.8359407611e-02 1.2725224796e-19 -5.6406461948e-03 )
103              	( 7.1681307954e-01 -1.5227847264e-18 -8.6864659528e+00 )	( 6.4833548051e-01 -1.6490091945e-18 -8.6807555972e+00 )	( 6.8477599025e-02 1.2622446811e-19 -5.7103556432e-03 )
104              	( 7.1353433463e-01 -1.5394480812e-18 -8.7077545400e+00 )	( 6.4508125624e-01 -1.6675265030e-18 -8.7019561633e+00 )	( 6.8453078392e-02 1.2807842178e-19 -5.7983767537e-03 )
105              	( 7.1029603616e-01 -1.5592746413e-18 -8.7289520619e+00 )	( 6.4172511538e-01 -1.6862146132e-18 -8.7230844628e+00 )	( 6.8570920781e-02 1.2693997190e-19 -5.8675990510e-03 )
106              	( 7.0681509856e-01 -1.5763668662e-18 -8.7495722369e+00 )	( 6.3826879945e-01 -1.7048252383e-18 -8.7436138653e+00 )	( 6.8546299111e-02 1.2845837205e-19 -5.9583715603e-03 )
107              	( 7.0350714171e-01 -1.5957697482e-18 -8.7701017621e+00 )	( 6.3484286325e-01 -1.7231609782e-18 -8.7640732545e+00 )	( 6.8664278469e-02 1.2739122997e-19 -6.0285076205e-03 )
108              	( 7.0004328003e-01 -1.6133142112e-18 -8.7905056624e+00 )	( 6.3139363257e-01 -1.7417181675e-18 -8.7843884414e+00 )	( 6.8649647465e-02 1.2840395628e-19 -6.1172210715e-03 )
109              	( 6.9680397195e-01 -1.6325100275e-18 -8.8107963429e+00 )	( 6.2803467675e-01 -1.7598290369e-18 -8.8046103358e+00 )	( 6.8769295200e-02 1.2731900948e-19 -6.1860071048e-03 )
110              	( 6.9351351566e-01 -1.6500057220e-18 -8.8311450828e+00 )	( 6.2475321503e-01 -1.7778577160e-18 -8.8248733134e+00 )	( 6.8760300628e-02 1.2785199397e-19 -6.2717693387e-03 )
111              	( 6.9038175704e-01 -1.6691988845e-18 -8.8515991667e+00 )	( 6.2150012081e-01 -1.7959282285e-18 -8.8452620523e+00 )	( 6.8881636226e-02 1.2672934403e-19 -6.3371144136e-03 )
112              	( 6.8723525525e-01 -1.6869703142e-18 -8.8721606358e+00 )	( 6.1835486668e-01 -1.8137979909e-18 -8.8657446116e+00 )	( 6.8880388566e-02 1.2682767671e-19 -6.4160241958e-03 )
113              	( 6.8418003624e-01 -1.7057411853e-18 -8.8922100657e+00 )	( 6.1517589262e-01 -1.8313853614e-18 -8.8857345790e+00 )	( 6.9004143620e-02 1.2564417607e-19 -6.4754867574e-03 )
114              	( 6.8098910528e-01 -1.7234187838e-18 -8.9120099909e+00 )	( 6.1198618936e-01 -1.8487800411e-18 -8.9054593135e+00 )	( 6.9002915916e-02 1.2536125727e-19 -6.5506773805e-03 )
115              	( 6.7790392506e-01 -1.7418430962e-18 -8.9318775206e+00 )	( 6.0878385125e-01 -1.8659836278e-18 -8.9252706112e+00 )	( 6.9120073809e-02 1.2414053157e-19 -6.6069093308e-03 )
116              	( 6.7469469119e-01 -1.7596524651e-18 -8.9512823987e+00 )	( 6.0557498412e-01 -1.8831553327e-18 -8.9446053638e+00 )	( 6.9119707065e-02 1.2350286767e-19 -6.6770348863e-03 )
117              	( 6.7143770568e-01 -1.7778881162e-18 -8.9702100461e+00 )	( 6.0220299801e-01 -1.9001008864e-18 -8.9634808306e+00 )	( 6.9234707672e-02 1.2221277025e-19 -6.7292154835e-03 )
118              	( 6.6817214639e-01 -1.7954199208e-18 -8.9884175797e+00 )	( 5.9893531628e-01 -1.9166500499e-18 -8.9816221653e+00 )	( 6.9236830110e-02 1.2123012909e-19 -6.7954144150e-03 )
119              	( 6.6503799700e-01 -1.8134804764e-18 -9.0068809118e+00 )	( 5.9568337398e-01 -1.9333082657e-18 -9.0000375605e+00 )	( 6.9354623022e-02 1.1982778931e-19 -6.8433513189e-03 )
120              	( 6.6179115729e-01 -1.8312094261e-18 -9.0250287974e+00 )	( 5.9242572630e-01 -1.9497614227e-18 -9.0181245192e+00 )	( 6.9365430987e-02 1.1855199654e-19 -6.9042782099e-03 )
121              	( 6.5836501459e-01 -1.8490643121e-18 -9.0425938595e+00 )	( 5.8888056368e-01 -1.9661568906e-18 -9.0356437378e+00 )	( 6.9484450907e-02 1.1709257857e-19 -6.9501216654e-03 )
122              	( 6.5442244834e-01 -1.8667303366e-18 -9.0596743420e+00 )	( 5.8493016075e-01 -1.9823215435e-18 -9.0526601816e+00 )	( 6.9492287582e-02 1.1559120688e-19 -7.0141603681e-03 )
123              	( 6.5049456065e-01 -1.8843175369e-18 -9.0764350420e+00 )	( 5.8088463622e-01 -1.9983903380e-18 -9.0693723146e+00 )	( 6.9609924433e-02 1.1407280115e-19 -7.0627273637e-03 )
124              	( 6.4656083865e-01 -1.9020710043e-18 -9.0935749211e+00 )	( 5.7693605212e-01 -2.0144331875e-18 -9.0864479971e+00 )	( 6.9624786534e-02 1.1236218313e-19 -7.1269240253e-03 )
125              	( 6.4262853625e-01 -1.9192592350e-18 -9.1102009073e+00 )	( 5.7288642090e-01 -2.0300579062e-18 -9.1030232241e+00 )	( 6.9742115353e-02 1.1079867112e-19 -7.1776832286e-03 )
126              	( 6.3864917116e-01 -1.9366153946e-18 -9.1268040126e+00 )	( 5.6888926818e-01 -2.0454701053e-18 -9.1195605772e+00 )	( 6.9759902972e-02 1.0885471063e-19 -7.2434353391e-03 )
127              	( 6.3484603342e-01 -1.9536341936e-18 -9.1430867172e+00 )	( 5.6496565799e-01 -2.0608128271e-18 -9.1357919129e+00 )	( 6.9880375431e-02 1.0717863350e-19 -7.2948043708e-03 )
128              	( 6.3094944685e-01 -1.9709728025e-18 -9.1592317168e+00 )	( 5.6104676925e-01 -2.0760239600e-18 -9.1518704821e+00 )	( 6.9902677595e-02 1.0505115756e-19 -7.3612347070e-03 )
129              	( 6.2698539651e-01 -1.9877004641e-18 -9.1747360698e+00 )	( 5.5696353448e-01 -2.0910422559e-18 -9.1673212199e+00 )	( 7.0021862029e-02 1.0334179186e-19 -7.4148498775e-03 )
130              	( 6.2296648205e-01 -2.0048241222e-18 -9.1898677640e+00 )	( 5.5292523381e-01 -2.1058807175e-18 -9.1823829108e+00 )	( 7.0041248238e-02 1.0105659529e-19 -7.4848531109e-03 )
131              	( 6.1915198841e-01 -2.0211897618e-18 -9.2049362199e+00 )	( 5.4899464987e-01 -2.1205165993e-18 -9.1973953491e+00 )	( 7.0157338541e-02 9.9326837452e-20 -7.5408708509e-03 )
132              	( 6.1539148866e-01 -2.0381535010e-18 -9.2199581885e+00 )	( 5.4521228939e-01 -2.1351041060e-18 -9.2123477516e+00 )	( 7.0179199267e-02 9.6950605010e-20 -7.6104369014e-03 )
133              	( 6.1179461029e-01 -2.0543258148e-18 -9.2349200499e+00 )	( 5.4149937319e-01 -2.1496315031e-18 -9.2272544339e+00 )	( 7.0295237094e-02 9.5305688272e-20 -7.6656159617e-03 )
134              	( 6.0822929849e-01 -2.0710546032e-18 -9.2495956120e+00 )	( 5.3791042470e-01 -2.1639871981e-18 -9.2418625380e+00 )	( 7.0318873794e-02 9.2932594875e-20 -7.7330739741e-03 )
135              	( 6.0471760233e-01 -2.0867024199e-18 -9.2639772853e+00 )	( 5.3428413856e-01 -2.1781507601e-18 -9.2561910228e+00 )	( 7.0433463771e-02 9.1448340159e-20 -7.7862625037e-03 )
136              	( 6.0103986513e-01 -2.1031295777e-18 -9.2779567363e+00 )	( 5.3058451363e-01 -2.1922435467e-18 -9.2701050502e+00 )	( 7.0455351497e-02 8.9113969047e-20 -7.8516861457e-03 )
137              	( 5.9742633924e-01 -2.1183618087e-18 -9.2916518064e+00 )	( 5.2685826407e-01 -2.2061491374e-18 -9.2837499127e+00 )	( 7.0568075173e-02 8.7787328694e-20 -7.9018936707e-03 )
138              	( 5.9370401172e-01 -2.1343830244e-18 -9.3048022666e+00 )	( 5.2311350112e-01 -2.2199088771e-18 -9.2968383095e+00 )	( 7.0590510602e-02 8.5525852739e-20 -7.9639570329e-03 )
139              	( 5.9007541890e-01 -2.1491270150e-18 -9.3179539110e+00 )	( 5.1937758684e-01 -2.2334980902e-18 -9.3099408567e+00 )	( 7.0697832056e-02 8.4371075176e-20 -8.0130542765e-03 )
140              	( 5.8626160723e-01 -2.1646544787e-18 -9.3306195025e+00 )	( 5.1554329571e-01 -2.2468136576e-18 -9.3225461659e+00 )	( 7.0718311515e-02 8.2159178904e-20 -8.0733366493e-03 )
141              	( 5.8249325515e-01 -2.1785860207e-18 -9.3435103783e+00 )	( 5.1166973437e-01 -2.2597316436e-18 -9.3353918094e+00 )	( 7.0823520780e-02 8.1145622839e-20 -8.1185689651e-03 )
142              	( 5.7839429388e-01 -2.1934818744e-18 -9.3551770233e+00 )	( 5.0754798244e-01 -2.2724256076e-18 -9.3470080709e+00 )	( 7.0846311442e-02 7.8943733270e-20 -8.1689523798e-03 )
143              	( 5.7454774444e-01 -2.2070018218e-18 -9.3671072099e+00 )	( 5.0360012345e-01 -2.2850369976e-18 -9.3588997206e+00 )	( 7.0947620990e-02 7.8035175851e-20 -8.2074892608e-03 )
144              	( 5.7087662286e-01 -2.2218238419e-18 -9.3795040822e+00 )	( 4.9990997348e-01 -2.2977330841e-18 -9.3712449205e+00 )	( 7.0966649385e-02 7.5909242162e-20 -8.2591616099e-03 )
145              	( 5.6757659466e-01 -2.2350591395e-18 -9.3926659166e+00 )	( 4.9649870883e-01 -2.3102295343e-18 -9.3843764510e+00 )	( 7.1077885833e-02 7.5170394793e-20 -8.2894655687e-03 )
146              	( 5.6435281000e-01 -2.2493094705e-18 -9.4062159186e+00 )	( 4.9325060577e-01 -2.3223953285e-18 -9.3978811380e+00 )	( 7.1102204228e-02 7.3085857979e-20 -8.3347806312e-03 )
147              	( 5.6069037982e-01 -2.2621061997e-18 -9.4180862269e+00 )	( 4.8949027165e-01 -2.3344697302e-18 -9.4097170928e+00 )	( 7.1200108169e-02 7.2363530462e-20 -8.3691341546e-03 )
148              	( 5.5696470409e-01 -2.2763981574e-18 -9.4297256029e+00 )	( 4.8575276069e-01 -2.3465746799e-18 -9.4213083341e+00 )	( 7.1211943405e-02 7.0176522520e-20 -8.4172687332e-03 )
149              	( 5.5345223624e-01 -2.2891226783e-18 -9.4416415730e+00 )	( 4.8214841369e-01 -2.3585957583e-18 -9.4331913669e+00 )	( 7.1303822557e-02 6.9473079963e-20 -8.4502061071e-03 )
150              	( 5.5032095600e-01 -2.3031830957e-18 -9.4550660149e+00 )	( 4.7899776319e-01 -2.3705032295e-18 -9.4465767411e+00 )	( 7.1323192810e-02 6.7320133727e-20 -8.4892737740e-03 )
151              	( 5.4727658337e-01 -2.3155890056e-18 -9.4686694898e+00 )	( 4.7585194907e-01 -2.3823519283e-18 -9.4601577857e+00 )	( 7.1424634297e-02 6.6762922638e-20 -8.5117040681e-03 )
152              	( 5.4416298018e-01 -2.3295058837e-18 -9.4819024550e+00 )	( 4.7271795045e-01 -2.3941879069e-18 -9.4733551223e+00 )	( 7.1445029721e-02 6.4682023177e-20 -8.5473327579e-03 )
153              	( 5.4024222524e-01 -2.3418993592e-18 -9.4927118528e+00 )	( 4.6870016459e-01 -2.4060869252e-18 -9.4841425837e+00 )	( 7.1542060650e-02 6.4187565994e-20 -8.5692690179e-03 )
154              	( 5.3647542387e-01 -2.3557015847e-18 -9.5039526050e+00 )	( 4.6491179917e-01 -2.4177807801e-18 -9.4953505131e+00 )	( 7.1563624703e-02 6.2079195400e-20 -8.6020919087e-03 )
155              	( 5.3284378143e-01 -2.3675552759e-18 -9.5150058565e+00 )	( 4.6117548942e-01 -2.4291719856e-18 -9.5063881580e+00 )	( 7.1668292007e-02 6.1616709687e-20 -8.6176985383e-03 )
156              	( 5.2923925170e-01 -2.3810390738e-18 -9.5262374871e+00 )	( 4.5753841674e-01 -2.4404699313e-18 -9.5175947720e+00 )	( 7.1700834950e-02 5.9430857448e-20 -8.6427150521e-03 )
157              	( 5.2577236603e-01 -2.3927194247e-18 -9.5375454699e+00 )	( 4.5395958354e-01 -2.4516759486e-18 -9.5288933908e+00 )	( 7.1812782487e-02 5.8956523877e-20 -8.6520791227e-03 )
158              	( 5.2231686154e-01 -2.4061053256e-18 -9.5489936737e+00 )	( 4.5046836161e-01 -2.4628655521e-18 -9.5403204768e+00 )	( 7.1848499929e-02 5.6760226491e-20 -8.6731968588e-03 )
159              	( 5.1888103986e-01 -2.4176763436e-18 -9.5600425652e+00 )	( 4.4691964496e-01 -2.4740221832e-18 -9.5513627280e+00 )	( 7.1961394894e-02 5.6345839611e-20 -8.6798371407e-03 )
160              	( 5.1543708710e-01 -2.4309936847e-18 -9.5709824852e+00 )	( 4.4343775794e-01 -2.4851680346e-18 -9.5622847458e+00 )	( 7.1999329158e-02 5.4174349921e-20 -8.6977394119e-03 )
161              	( 5.1204940957e-01 -2.4424732687e-18 -9.5816985949e+00 )	( 4.3993648916e-01 -2.4963347126e-18 -9.5729966946e+00 )	( 7.2112920413e-02 5.3861443904e-20 -8.7019003415e-03 )
162              	( 5.0853159045e-01 -2.4556416751e-18 -9.5920363844e+00 )	( 4.3638059863e-01 -2.5074025070e-18 -9.5833169759e+00 )	( 7.2150991817e-02 5.1760831911e-20 -8.7194085371e-03 )
163              	( 5.0503985921e-01 -2.4668497470e-18 -9.6020736753e+00 )	( 4.3277887732e-01 -2.5184108966e-18 -9.5933480991e+00 )	( 7.2260981891e-02 5.1561149615e-20 -8.7255762822e-03 )
164              	( 5.0159621851e-01 -2.4797253128e-18 -9.6122520898e+00 )	( 4.2930227649e-01 -2.5292620503e-18 -9.6035065290e+00 )	( 7.2293942026e-02 4.9536737523e-20 -8.7455607382e-03 )
165              	( 4.9833467315e-01 -2.4906520063e-18 -9.6225955945e+00 )	( 4.2593485211e-01 -2.5401240683e-18 -9.6138430984e+00 )	( 7.2399821044e-02 4.9472061974e-20 -8.7524961233e-03 )
166              	( 4.9506872752e-01 -2.5035164546e-18 -9.6329858101e+00 )	( 4.2263618821e-01 -2.5510317478e-18 -9.6242150990e+00 )	( 7.2432539313e-02 4.7515293211e-20 -8.7707111529e-03 )
167              	( 4.9174630025e-01 -2.5141916235e-18 -9.6425132860e+00 )	( 4.1919964702e-01 -2.5616993818e-18 -9.6337421221e+00 )	( 7.2546653229e-02 4.7507758313e-20 -8.7711639471e-03 )
168              	( 4.8842823575e-01 -2.5267390835e-18 -9.6520998759e+00 )	( 4.1584365932e-01 -2.5722675307e-18 -9.6433137512e+00 )	( 7.2584576429e-02 4.5528447225e-20 -8.7861246912e-03 )
169              	( 4.8529432976e-01 -2.5372276889e-18 -9.6616932523e+00 )	( 4.1259916511e-01 -2.5827849545e-18 -9.6529050246e+00 )	( 7.2695164650e-02 4.5557265600e-20 -8.7882277210e-03 )
170              	( 4.8220108905e-01 -2.5496668378e-18 -9.6714933163e+00 )	( 4.0946946284e-01 -2.5932612955e-18 -9.6626892159e+00 )	( 7.2731626206e-02 4.3594457678e-20 -8.8041004658e-03 )
171              	( 4.7930812021e-01 -2.5598229378e-18 -9.6814835070e+00 )	( 4.0647107067e-01 -2.6035254833e-18 -9.6726753807e+00 )	( 7.2837049542e-02 4.3702545498e-20 -8.8081262544e-03 )
172              	( 4.7652817735e-01 -2.5717350981e-18 -9.6919290564e+00 )	( 4.0366155049e-01 -2.6135336939e-18 -9.6831022424e+00 )	( 7.2866626857e-02 4.1798595798e-20 -8.8268140543e-03 )
173              	( 4.7382559754e-01 -2.5813917406e-18 -9.7024507291e+00 )	( 4.0086512682e-01 -2.6234067396e-18 -9.6936139220e+00 )	( 7.2960470720e-02 4.2014999038e-20 -8.8368071221e-03 )
174              	( 4.7115657517e-01 -2.5929520488e-18 -9.7132047205e+00 )	( 3.9817893294e-01 -2.6331293403e-18 -9.7043427045e+00 )	( 7.2977642233e-02 4.0177291465e-20 -8.8620159977e-03 )
175              	( 4.6854732276e-01 -2.6022565826e-18 -9.7237546658e+00 )	( 3.9548514065e-01 -2.6427430466e-18 -9.7148789197e+00 )	( 7.3062182116e-02 4.0486463972e-20 -8.8757460984e-03 )
176              	( 4.6608943634e-01 -2.6135491901e-18 -9.7346848715e+00 )	( 3.9301346396e-01 -2.6522466281e-18 -9.7257826196e+00 )	( 7.3075972379e-02 3.8697438048e-20 -8.9022519485e-03 )
177              	( 4.6385951569e-01 -2.6225377476e-18 -9.7458624929e+00 )	( 3.9070120353e-01 -2.6616496315e-18 -9.7369456822e+00 )	( 7.3158312161e-02 3.9111883958e-20 -8.9168106769e-03 )
178              	( 4.6162269873e-01 -2.6336842126e-18 -9.7572090178e+00 )	( 3.8845160655e-01 -2.6710815431e-18 -9.7482656469e+00 )	( 7.3171092185e-02 3.7397330525e-20 -8.9433709396e-03 )
179              	( 4.5952800436e-01 -2.6424575615e-18 -9.7685608162e+00 )	( 3.8627454675e-01 -2.6803775944e-18 -9.7596036867e+00 )	( 7.3253457609e-02 3.7920032992e-20 -8.9571294265e-03 )
180              	( 4.5746291395e-01 -2.6533348926e-18 -9.7800735667e+00 )	( 3.8419589162e-01 -2.6896039241e-18 -9.7710909044e+00 )	( 7.3267022333e-02 3.6269031506e-20 -8.9826623523e-03 )
181              	( 4.5554528241e-01 -2.6618798106e-18 -9.7916894310e+00 )	( 3.8219510900e-01 -2.6987784539e-18 -9.7826941403e+00 )	( 7.3350173407e-02 3.6898643266e-20 -8.9952906455e-03 )
182              	( 4.5366046493e-01 -2.6727007807e-18 -9.8035550072e+00 )	( 3.8029469333e-01 -2.7080187958e-18 -9.7945353850e+00 )	( 7.3365771600e-02 3.5318015116e-20 -9.0196222967e-03 )
183              	( 4.5194486082e-01 -2.6811259048e-18 -9.8155431555e+00 )	( 3.7849443950e-01 -2.7171821845e-18 -9.8065119945e+00 )	( 7.3450421322e-02 3.6056279699e-20 -9.0311609386e-03 )
184              	( 4.5022929348e-01 -2.6916699297e-18 -9.8276395490e+00 )	( 3.7676123506e-01 -2.7262236975e-18 -9.8185853819e+00 )	( 7.3468058419e-02 3.4553767798e-20 -9.0541671606e-03 )
185              	( 4.4864274432e-01 -2.6997445849e-18 -9.8397225246e+00 )	( 3.7508755519e-01 -2.7351749841e-18 -9.8306582990e+00 )	( 7.3555189124e-02 3.5430399210e-20 -9.0642255764e-03 )
186              	( 4.4708189715e-01 -2.7099543995e-18 -9.8518866468e+00 )	( 3.7350535695e-01 -2.7439890418e-18 -9.8428010251e+00 )	( 7.3576540206e-02 3.4034642330e-20 -9.0856217640e-03 )
187              	( 4.4564319781e-01 -2.7177248641e-18 -9.8641183443e+00 )	( 3.7197661754e-01 -2.7527676424e-18 -9.8550241557e+00 )	( 7.3666580270e-02 3.5042778356e-20 -9.0941885274e-03 )
188              	( 4.4418069367e-01 -2.7277852753e-18 -9.8763977827e+00 )	( 3.7049009070e-01 -2.7615142982e-18 -9.8672841182e+00 )	( 7.3690602975e-02 3.3729022908e-20 -9.1136645668e-03 )
189              	( 4.4286835448e-01 -2.7353353928e-18 -9.8888353863e+00 )	( 3.6908518980e-01 -2.7701800926e-18 -9.8797162067e+00 )	( 7.3783164680e-02 3.4844699852e-20 -9.1191796011e-03 )
190              	( 4.4145879733e-01 -2.7451991739e-18 -9.9011170325e+00 )	( 3.6765042104e-01 -2.7787832297e-18 -9.8919809439e+00 )	( 7.3808376296e-02 3.3584055780e-20 -9.1360886429e-03 )
191              	( 4.4003629379e-01 -2.7525520900e-18 -9.9130471278e+00 )	( 3.6614020862e-01 -2.7873126076e-18 -9.9039045375e+00 )	( 7.3896085176e-02 3.4760517652e-20 -9.1425903467e-03 )
192              	( 4.3881171386e-01 -2.7622555062e-18 -9.9256282904e+00 )	( 3.6489876821e-01 -2.7957777252e-18 -9.9164650804e+00 )	( 7.3912945648e-02 3.3522218977e-20 -9.1632099371e-03 )
193              	( 4.3760916528e-01 -2.7694199112e-18 -9.9380360565e+00 )	( 3.6361588669e-01 -2.8041759859e-18 -9.9288626770e+00 )	( 7.3993278586e-02 3.4756074687e-20 -9.1733794646e-03 )
194              	( 4.3630971694e-01 -2.7789911869e-18 -9.9502305648e+00 )	( 3.6230414475e-01 -2.8124961255e-18 -9.9410335851e+00 )	( 7.4005572190e-02 3.3504938611e-20 -9.1969797267e-03 )
195              	( 4.3505341072e-01 -2.7860048278e-18 -9.9622359480e+00 )	( 3.6097185803e-01 -2.8207380097e-18 -9.9530260895e+00 )	( 7.4081552693e-02 3.4733181927e-20 -9.2098584761e-03 )
196              	( 4.3369511654e-01 -2.7955036119e-18 -9.9740834581e+00 )	( 3.5960420499e-01 -2.8289310131e-18 -9.9648483614e+00 )	( 7.4090911547e-02 3.3427401211e-20 -9.2350967247e-03 )
197              	( 4.3237863038e-01 -2.8025185149e-18 -9.9857677150e+00 )	( 3.5821480849e-01 -2.8371402904e-18 -9.9765186642e+00 )	( 7.4163821891e-02 3.4621775544e-20 -9.2490507987e-03 )
198              	( 4.3102788856e-01 -2.8119030635e-18 -9.9974657246e+00 )	( 3.5685729354e-01 -2.8451799671e-18 -9.9881906535e+00 )	( 7.4170595019e-02 3.3276903534e-20 -9.2750710922e-03 )
199              	( 4.2966580299e-01 -2.8186801461e-18 -1.0008877729e+01 )	( 3.5542539805e-01 -2.8531389970e-18 -9.9995880009e+00 )	( 7.4240404949e-02 3.4458850921e-20 -9.2897282725e-03 )
200              	( 4.2828093108e-01 -2.8280022315e-18 -1.0020345297e+01 )	( 3.5403658631e-01 -2.8610375837e-18 -1.0011028606e+01 )	( 7.4244344776e-02 3.3035352198e-20 -9.3166910305e-03 )
201              	( 4.2704423080e-01 -2.8346785257e-18 -1.0031922206e+01 )	( 3.5273238661e-01 -2.8688627108e-18 -1.0022588790e+01 )	( 7.4311844191e-02 3.4184185099e-20 -9.3334161936e-03 )
202              	( 4.2576768631e-01 -2.8439254583e-18 -1.0043507755e+01 )	( 3.5145261224e-01 -2.8766244576e-18 -1.0034146118e+01 )	( 7.4315074070e-02 3.2698999351e-20 -9.3616370854e-03 )
203              	( 4.2462472628e-01 -2.8505052845e-18 -1.0055191381e+01 )	( 3.5024306956e-01 -2.8843158347e-18 -1.0045813073e+01 )	( 7.4381656724e-02 3.3810550215e-20 -9.3783076637e-03 )
204              	( 4.2348640480e-01 -2.8597045617e-18 -1.0066995447e+01 )	( 3.4910190216e-01 -2.8919576960e-18 -1.0057589237e+01 )	( 7.4384502644e-02 3.2253134339e-20 -9.4062097370e-03 )
205              	( 4.2245103921e-01 -2.8662305780e-18 -1.0078823924e+01 )	( 3.4800113540e-01 -2.8995593520e-18 -1.0069401167e+01 )	( 7.4449903810e-02 3.3328773944e-20 -9.4227569614e-03 )
206              	( 4.2140309081e-01 -2.8754025806e-18 -1.0090738447e+01 )	( 3.4695131048e-01 -2.9071105656e-18 -1.0081287825e+01 )	( 7.4451780331e-02 3.1707985016e-20 -9.4506216713e-03 )
207              	( 4.2045293347e-01 -2.8818241002e-18 -1.0102633041e+01 )	( 3.4593728659e-01 -2.9145797761e-18 -1.0093165649e+01 )	( 7.4515646888e-02 3.2755675963e-20 -9.4673926792e-03 )
208              	( 4.1950381872e-01 -2.8908965770e-18 -1.0114627154e+01 )	( 3.4498749887e-01 -2.9219742597e-18 -1.0105131654e+01 )	( 7.4516319845e-02 3.1077682704e-20 -9.4955000235e-03 )
209              	( 4.1865234666e-01 -2.8972358163e-18 -1.0126669650e+01 )	( 3.4407392617e-01 -2.9293402251e-18 -1.0117157070e+01 )	( 7.4578420485e-02 3.2104408884e-20 -9.5125802879e-03 )
210              	( 4.1779797872e-01 -2.9062690768e-18 -1.0138839802e+01 )	( 3.4322046263e-01 -2.9366443430e-18 -1.0129298799e+01 )	( 7.4577516085e-02 3.0375266205e-20 -9.5410032903e-03 )
211              	( 4.1704373727e-01 -2.9124920814e-18 -1.0151066017e+01 )	( 3.4240581477e-01 -2.9438751640e-18 -1.0141507729e+01 )	( 7.4637922502e-02 3.1383082626e-20 -9.5582876222e-03 )
212              	( 4.1629124385e-01 -2.9214511890e-18 -1.0163400760e+01 )	( 3.4165420548e-01 -2.9510528474e-18 -1.0153814648e+01 )	( 7.4637038375e-02 2.9601658426e-20 -9.5861114283e-03 )
213              	( 4.1570279438e-01 -2.9275767232e-18 -1.0175938015e+01 )	( 3.4100588572e-01 -2.9581688368e-18 -1.0166334932e+01 )	( 7.4696908657e-02 3.0592113531e-20 -9.6030826930e-03 )
214              	( 4.1514813854e-01 -2.9364836248e-18 -1.0188672365e+01 )	( 3.4045256593e-01 -2.9652473917e-18 -1.0179041519e+01 )	( 7.4695572612e-02 2.8763766950e-20 -9.6308462586e-03 )
215              	( 4.1468623879e-01 -2.9425217525e-18 -1.0201481815e+01 )	( 3.3993228841e-01 -2.9722588248e-18 -1.0191834146e+01 )	( 7.4753950373e-02 2.9737072223e-20 -9.6476694900e-03 )
216              	( 4.1417799827e-01 -2.9513404445e-18 -1.0214218817e+01 )	( 3.3942774363e-01 -2.9791898290e-18 -1.0204543164e+01 )	( 7.4750254643e-02 2.7849384494e-20 -9.6756531989e-03 )
217              	( 4.1371633992e-01 -2.9572974218e-18 -1.0226805423e+01 )	( 3.3891040412e-01 -2.9860911039e-18 -1.0217112047e+01 )	( 7.4805935800e-02 2.8793682124e-20 -9.6933760964e-03 )
218              	( 4.1328039745e-01 -2.9661162960e-18 -1.0239618381e+01 )	( 3.3848071445e-01 -2.9929681701e-18 -1.0229895665e+01 )	( 7.4799682992e-02 2.6851874074e-20 -9.7227160829e-03 )
219              	( 4.1302200910e-01 -2.9719857174e-18 -1.0252639079e+01 )	( 3.3816924988e-01 -2.9997679696e-18 -1.0242897436e+01 )	( 7.4852759215e-02 2.7782252222e-20 -9.7416427732e-03 )
220              	( 4.1275221443e-01 -2.9807354758e-18 -1.0265704712e+01 )	( 3.3790629063e-01 -3.0065343313e-18 -1.0255933405e+01 )	( 7.4845923800e-02 2.5798855459e-20 -9.7713076740e-03 )
221              	( 4.1262293893e-01 -2.9865136594e-18 -1.0278886261e+01 )	( 3.3772506324e-01 -3.0132417567e-18 -1.0269095806e+01 )	( 7.4897875693e-02 2.6728097274e-20 -9.7904541995e-03 )
222              	( 4.1246936884e-01 -2.9952286638e-18 -1.0292136764e+01 )	( 3.3757729189e-01 -3.0199216002e-18 -1.0282317548e+01 )	( 7.4892076954e-02 2.4692936392e-20 -9.8192159450e-03 )
223              	( 4.1253602183e-01 -3.0009040641e-18 -1.0305649901e+01 )	( 3.3758860745e-01 -3.0265329961e-18 -1.0295813380e+01 )	( 7.4947414383e-02 2.5628931974e-20 -9.8365204368e-03 )
224              	( 4.1271875523e-01 -3.0095524290e-18 -1.0319641746e+01 )	( 3.3777350589e-01 -3.0331362964e-18 -1.0309778518e+01 )	( 7.4945249334e-02 2.3583867369e-20 -9.8632279347e-03 )
225              	( 4.1298679655e-01 -3.0151488451e-18 -1.0333761963e+01 )	( 3.3798508802e-01 -3.0397148060e-18 -1.0323882507e+01 )	( 7.5001708525e-02 2.4565960867e-20 -9.8794558515e-03 )
226              	( 4.1320235412e-01 -3.0237557812e-18 -1.0347944251e+01 )	( 3.3820706210e-01 -3.0462777497e-18 -1.0338035950e+01 )	( 7.4995292021e-02 2.2521968452e-20 -9.9083012614e-03 )
227              	( 4.1330895246e-01 -3.0292546838e-18 -1.0361657322e+01 )	( 3.3826588474e-01 -3.0528010133e-18 -1.0351728671e+01 )	( 7.5043067721e-02 2.3546329509e-20 -9.9286503777e-03 )
228              	( 4.1334543661e-01 -3.0378042585e-18 -1.0375246956e+01 )	( 3.3831612915e-01 -3.0593067388e-18 -1.0365286501e+01 )	( 7.5029307457e-02 2.1502480348e-20 -9.9604548440e-03 )
229              	( 4.1342695187e-01 -3.0431700567e-18 -1.0388776182e+01 )	( 3.3835332169e-01 -3.0657517030e-18 -1.0378794213e+01 )	( 7.5073630189e-02 2.2581646323e-20 -9.9819682237e-03 )
230              	( 4.1341609925e-01 -3.0515850536e-18 -1.0402287675e+01 )	( 3.3835471760e-01 -3.0721439642e-18 -1.0392274502e+01 )	( 7.5061381648e-02 2.0558910619e-20 -1.0013173543e-02 )
231              	( 4.1323999465e-01 -3.0567935743e-18 -1.0414998914e+01 )	( 3.3812964849e-01 -3.0784831471e-18 -1.0404967158e+01 )	( 7.5110346163e-02 2.1689572762e-20 -1.0031756381e-02 )
232              	( 4.1282135289e-01 -3.0651539763e-18 -1.0427071681e+01 )	( 3.3771623028e-01 -3.0847997298e-18 -1.0417013244e+01 )	( 7.5105122610e-02 1.9645753469e-20 -1.0058437119e-02 )
233              	( 4.1233920866e-01 -3.0703078221e-18 -1.0438692358e+01 )	( 3.3717839225e-01 -3.0910978647e-18 -1.0428619045e+01 )	( 7.5160816409e-02 2.0790042548e-20 -1.0073312842e-02 )
234              	( 4.1188200569e-01 -3.0786345905e-18 -1.0450330523e+01 )	( 3.3671669724e-01 -3.0973617717e-18 -1.0440235343e+01 )	( 7.5165308444e-02 1.8727181253e-20 -1.0095179604e-02 )
235              	( 4.1147720484e-01 -3.0836867376e-18 -1.0461760574e+01 )	( 3.3625840778e-01 -3.1035879158e-18 -1.0451649862e+01 )	( 7.5218797064e-02 1.9901178150e-20 -1.0110712150e-02 )
236              	( 4.1075101001e-01 -3.0919745441e-18 -1.0472232622e+01 )	( 3.3553793913e-01 -3.1097759993e-18 -1.0462094340e+01 )	( 7.5213070878e-02 1.7801455262e-20 -1.0138281448e-02 )
237              	( 4.0988354989e-01 -3.0969539379e-18 -1.0481779834e+01 )	( 3.3463515529e-01 -3.1158948785e-18 -1.0471616095e+01 )	( 7.5248394599e-02 1.8940940581e-20 -1.0163739198e-02 )
238              	( 4.0933411386e-01 -3.1052237898e-18 -1.0492240448e+01 )	( 3.3410301399e-01 -3.1220060106e-18 -1.0482043926e+01 )	( 7.5231099874e-02 1.6782220776e-20 -1.0196521785e-02 )
239              	( 4.0907392695e-01 -3.1100983828e-18 -1.0503407291e+01 )	( 3.3380786962e-01 -3.1280604872e-18 -1.0493185810e+01 )	( 7.5266057330e-02 1.7962104375e-20 -1.0221481054e-02 )
240              	( 4.0883779137e-01 -3.1182605168e-18 -1.0514788243e+01 )	( 3.3359282955e-01 -3.1340874043e-18 -1.0504531909e+01 )	( 7.5244961820e-02 1.5826887516e-20 -1.0256334104e-02 )
241              	( 4.0865517893e-01 -3.1229565844e-18 -1.0526035332e+01 )	( 3.3337916483e-01 -3.1400189325e-18 -1.0515752326e+01 )	( 7.5276014097e-02 1.7062348122e-20 -1.0283005386e-02 )
242              	( 4.0834294597e-01 -3.1309535645e-18 -1.0536839446e+01 )	( 3.3309105459e-01 -3.1458816850e-18 -1.0526520457e+01 )	( 7.5251891380e-02 1.4928120473e-20 -1.0318989028e-02 )
243              	( 4.0803580731e-01 -3.1355595676e-18 -1.0547450386e+01 )	( 3.3275360649e-01 -3.1517214344e-18 -1.0537104803e+01 )	( 7.5282200822e-02 1.6161866821e-20 -1.0345583014e-02 )
244              	( 4.0761562142e-01 -3.1435340297e-18 -1.0557897396e+01 )	( 3.3235847422e-01 -3.1575551320e-18 -1.0547515625e+01 )	( 7.5257147198e-02 1.4021102316e-20 -1.0381770645e-02 )
245              	( 4.0721692674e-01 -3.1481035223e-18 -1.0568133576e+01 )	( 3.3192884357e-01 -3.1633442875e-18 -1.0557725998e+01 )	( 7.5288083162e-02 1.5240765201e-20 -1.0407578039e-02 )
246              	( 4.0679064578e-01 -3.1560279110e-18 -1.0578416159e+01 )	( 3.3152469877e-01 -3.1691239673e-18 -1.0567974331e+01 )	( 7.5265947016e-02 1.3096056281e-20 -1.0441827983e-02 )
247              	( 4.0643219037e-01 -3.1605775347e-18 -1.0588607384e+01 )	( 3.3113158990e-01 -3.1748919194e-18 -1.0578142037e+01 )	( 7.5300600472e-02 1.4314384658e-20 -1.0465346824e-02 )
248              	( 4.0598041173e-01 -3.1686036226e-18 -1.0598625246e+01 )	( 3.3069756216e-01 -3.1807357908e-18 -1.0588128083e+01 )	( 7.5282849574e-02 1.2132168148e-20 -1.0497163943e-02 )
249              	( 4.0553330666e-01 -3.1733197043e-18 -1.0608434250e+01 )	( 3.3021152140e-01 -3.1865656487e-18 -1.0597916014e+01 )	( 7.5321785260e-02 1.3245944416e-20 -1.0518236690e-02 )
250              	( 4.0502217876e-01 -3.1813047438e-18 -1.0618171747e+01 )	( 3.2971308690e-01 -3.1923917483e-18 -1.0607624516e+01 )	( 7.5309091858e-02 1.1087004564e-20 -1.0547230978e-02 )
251              	( 4.0447172576e-01 -3.1860212147e-18 -1.0627545785e+01 )	( 3.2911651691e-01 -3.1982124714e-18 -1.0616982021e+01 )	( 7.5355208850e-02 1.2191256684e-20 -1.0563763725e-02 )
252              	( 4.0379990933e-01 -3.1940296760e-18 -1.0636588215e+01 )	( 3.2845206794e-01 -3.2040407747e-18 -1.0625999042e+01 )	( 7.5347841383e-02 1.0011098637e-20 -1.0589173003e-02 )
253              	( 4.0310341855e-01 -3.1986757677e-18 -1.0645251220e+01 )	( 3.2770870726e-01 -3.2098567583e-18 -1.0634646640e+01 )	( 7.5394711290e-02 1.1180990566e-20 -1.0604579809e-02 )
254              	( 4.0230538992e-01 -3.2066172381e-18 -1.0653788409e+01 )	( 3.2691856111e-01 -3.2156615548e-18 -1.0643158786e+01 )	( 7.5386828808e-02 9.0443167600e-21 -1.0629623112e-02 )
255              	( 4.0153322514e-01 -3.2112623144e-18 -1.0662184197e+01 )	( 3.2610108034e-01 -3.2214392064e-18 -1.0651539174e+01 )	( 7.5432144805e-02 1.0176891960e-20 -1.0645022683e-02 )
256              	( 4.0068399004e-01 -3.2191352746e-18 -1.0670422479e+01 )	( 3.2525969017e-01 -3.2271745283e-18 -1.0659753138e+01 )	( 7.5424299869e-02 8.0392536714e-21 -1.0669341511e-02 )
257              	( 3.9985079807e-01 -3.2237160957e-18 -1.0678439619e+01 )	( 3.2438086305e-01 -3.2328847859e-18 -1.0667755852e+01 )	( 7.5469935022e-02 9.1686902291e-21 -1.0683767071e-02 )
258              	( 3.9897500962e-01 -3.2315402026e-18 -1.0686411031e+01 )	( 3.2351244233e-01 -3.2385731411e-18 -1.0675703843e+01 )	( 7.5462567283e-02 7.0329385260e-21 -1.0707188680e-02 )
259              	( 3.9809933103e-01 -3.2360684567e-18 -1.0694128828e+01 )	( 3.2259139370e-01 -3.2442267314e-18 -1.0683407853e+01 )	( 7.5507937334e-02 8.1582747064e-21 -1.0720975152e-02 )
260              	( 3.9711410346e-01 -3.2438440280e-18 -1.0701574894e+01 )	( 3.2161386000e-01 -3.2498561180e-18 -1.0690831026e+01 )	( 7.5500243465e-02 6.0120900254e-21 -1.0743867952e-02 )
261              	( 3.9618079986e-01 -3.2483161695e-18 -1.0708821950e+01 )	( 3.2063448331e-01 -3.2554332729e-18 -1.0698065308e+01 )	( 7.5546316545e-02 7.1171033898e-21 -1.0756641827e-02 )
262              	( 3.9505953381e-01 -3.2561513112e-18 -1.0715975463e+01 )	( 3.1951896071e-01 -3.2611108544e-18 -1.0705197864e+01 )	( 7.5540573100e-02 4.9595432184e-21 -1.0777599310e-02 )
263              	( 3.9401887010e-01 -3.2605070589e-18 -1.0722819860e+01 )	( 3.1843159340e-01 -3.2665569965e-18 -1.0712031118e+01 )	( 7.5587276691e-02 6.0499376066e-21 -1.0788741185e-02 )
264              	( 3.9291204945e-01 -3.2681179094e-18 -1.0729456726e+01 )	( 3.1733026863e-01 -3.2720113258e-18 -1.0718648039e+01 )	( 7.5581780816e-02 3.8934164215e-21 -1.0808687049e-02 )
265              	( 3.9185486073e-01 -3.2724267066e-18 -1.0736004868e+01 )	( 3.1622743964e-01 -3.2774081122e-18 -1.0725185572e+01 )	( 7.5627421097e-02 4.9814055587e-21 -1.0819296126e-02 )
266              	( 3.9075547544e-01 -3.2799155033e-18 -1.0742513742e+01 )	( 3.1513342684e-01 -3.2827503059e-18 -1.0731675484e+01 )	( 7.5622048599e-02 2.8348026718e-21 -1.0838258561e-02 )
267              	( 3.8968898291e-01 -3.2841375189e-18 -1.0748865338e+01 )	( 3.1402000874e-01 -3.2880593344e-18 -1.0738017957e+01 )	( 7.5668974168e-02 3.9218154954e-21 -1.0847380821e-02 )
268              	( 3.8853248862e-01 -3.2915361077e-18 -1.0754975924e+01 )	( 3.1286846052e-01 -3.2933177655e-18 -1.0744110678e+01 )	( 7.5664028093e-02 1.7816578029e-21 -1.0865245938e-02 )
269              	( 3.8742936721e-01 -3.2956632802e-18 -1.0760963597e+01 )	( 3.1171959594e-01 -3.2985306950e-18 -1.0750089619e+01 )	( 7.5709771276e-02 2.8674148290e-21 -1.0873978228e-02 )
270              	( 3.8631294091e-01 -3.3029630282e-18 -1.0766989370e+01 )	( 3.1060950247e-01 -3.3037028576e-18 -1.0756097631e+01 )	( 7.5703438442e-02 7.3982942358e-22 -1.0891738691e-02 )
271              	( 3.8524290571e-01 -3.3070128692e-18 -1.0772907030e+01 )	( 3.0949547888e-01 -3.3088419034e-18 -1.0762006734e+01 )	( 7.5747426831e-02 1.8290341939e-21 -1.0900295507e-02 )
272              	( 3.8414389664e-01 -3.3142198906e-18 -1.0778743736e+01 )	( 3.0840396970e-01 -3.3139387834e-18 -1.0767826138e+01 )	( 7.5739926940e-02 -2.8110718580e-22 -1.0917598045e-02 )
273              	( 3.8311842100e-01 -3.3181938293e-18 -1.0784545289e+01 )	( 3.0733570266e-01 -3.3190143087e-18 -1.0773619448e+01 )	( 7.5782718332e-02 8.2047940128e-22 -1.0925841110e-02 )
274              	( 3.8205354135e-01 -3.3252868797e-18 -1.0790265679e+01 )	( 3.0627972902e-01 -3.3240267492e-18 -1.0779322521e+01 )	( 7.5773812326e-02 -1.2601304787e-21 -1.0943158376e-02 )
275              	( 3.8106137157e-01 -3.3291296376e-18 -1.0795913318e+01 )	( 3.0524739384e-01 -3.3289879875e-18 -1.0784961589e+01 )	( 7.5813977735e-02 -1.4165010073e-22 -1.0951729320e-02 )
276              	( 3.8005027570e-01 -3.3360589490e-18 -1.0801624562e+01 )	( 3.0424786764e-01 -3.3338690770e-18 -1.0790655079e+01 )	( 7.5802408066e-02 -2.1898720601e-21 -1.0969482803e-02 )
277              	( 3.7907831738e-01 -3.3397222166e-18 -1.0807241022e+01 )	( 3.0323843409e-01 -3.3386762112e-18 -1.0796262417e+01 )	( 7.5839883284e-02 -1.0460053979e-21 -1.0978604574e-02 )
278              	( 3.7811327949e-01 -3.3464899871e-18 -1.0812827338e+01 )	( 3.0228697757e-01 -3.3434321240e-18 -1.0801830679e+01 )	( 7.5826301914e-02 -3.0578630591e-21 -1.0996658770e-02 )
279              	( 3.7721860495e-01 -3.3500594263e-18 -1.0818328038e+01 )	( 3.0135678819e-01 -3.3481672445e-18 -1.0807322034e+01 )	( 7.5861816753e-02 -1.8921817710e-21 -1.1006003106e-02 )
280              	( 3.7630505503e-01 -3.3566958109e-18 -1.0823711472e+01 )	( 3.0045788306e-01 -3.3528308400e-18 -1.0812687513e+01 )	( 7.5847171971e-02 -3.8649708652e-21 -1.1023958091e-02 )
281              	( 3.7545408329e-01 -3.3601036977e-18 -1.0829043291e+01 )	( 2.9957276019e-01 -3.3574317655e-18 -1.0818010065e+01 )	( 7.5881323103e-02 -2.6719321762e-21 -1.1033226179e-02 )
282              	( 3.7459216406e-01 -3.3665118576e-18 -1.0834413516e+01 )	( 2.9872669592e-01 -3.3619000200e-18 -1.0823362471e+01 )	( 7.5865468145e-02 -4.6118376033e-21 -1.1051044690e-02 )
283              	( 3.7383017909e-01 -3.3697217518e-18 -1.0839815434e+01 )	( 2.9793134057e-01 -3.3663201151e-18 -1.0828755618e+01 )	( 7.5898838520e-02 -3.4016367089e-21 -1.1059815849e-02 )
284              	( 3.7302279079e-01 -3.3760005944e-18 -1.0845072107e+01 )	( 2.9713759550e-01 -3.3706837165e-18 -1.0833996432e+01 )	( 7.5885195290e-02 -5.3168779058e-21 -1.1075675388e-02 )
285              	( 3.7228057797e-01 -3.3790775019e-18 -1.0850234425e+01 )	( 2.9636180906e-01 -3.3749738357e-18 -1.0839150835e+01 )	( 7.5918768912e-02 -4.1036661534e-21 -1.1083589885e-02 )
286              	( 3.7148511826e-01 -3.3851956870e-18 -1.0855234393e+01 )	( 2.9558211552e-01 -3.3791860593e-18 -1.0844134503e+01 )	( 7.5903002746e-02 -6.0096277311e-21 -1.1099890010e-02 )
287              	( 3.7075175843e-01 -3.3881196653e-18 -1.0860135875e+01 )	( 2.9481759366e-01 -3.3833136074e-18 -1.0849027684e+01 )	( 7.5934164767e-02 -4.8060579215e-21 -1.1108191566e-02 )
288              	( 3.6998350907e-01 -3.3940897898e-18 -1.0865002176e+01 )	( 2.9406798888e-01 -3.3873788355e-18 -1.0853877037e+01 )	( 7.5915520191e-02 -6.7109542610e-21 -1.1125138891e-02 )
289              	( 3.6928952024e-01 -3.3968648903e-18 -1.0869750766e+01 )	( 2.9334523186e-01 -3.3913493407e-18 -1.0858616968e+01 )	( 7.5944288377e-02 -5.5155496453e-21 -1.1133798525e-02 )
290              	( 3.6856633691e-01 -3.4026305976e-18 -1.0874395140e+01 )	( 2.9264212916e-01 -3.3952202201e-18 -1.0863244171e+01 )	( 7.5924207746e-02 -7.4103775335e-21 -1.1150969328e-02 )
291              	( 3.6789326057e-01 -3.4052215225e-18 -1.0878864520e+01 )	( 2.9194147744e-01 -3.3989985711e-18 -1.0867704900e+01 )	( 7.5951783128e-02 -6.2229514080e-21 -1.1159620284e-02 )
292              	( 3.6719559914e-01 -3.4108225282e-18 -1.0883234147e+01 )	( 2.9126495369e-01 -3.4027055703e-18 -1.0872057405e+01 )	( 7.5930645450e-02 -8.1169578696e-21 -1.1176741732e-02 )
293              	( 3.6652261512e-01 -3.4132846372e-18 -1.0887412915e+01 )	( 2.9056565039e-01 -3.4063441905e-18 -1.0876227519e+01 )	( 7.5956964728e-02 -6.9404467146e-21 -1.1185396299e-02 )
294              	( 3.6581974034e-01 -3.4187016347e-18 -1.0891493555e+01 )	( 2.8988500483e-01 -3.4098723446e-18 -1.0880291016e+01 )	( 7.5934735511e-02 -8.8292901064e-21 -1.1202539062e-02 )
295              	( 3.6519810972e-01 -3.4209750916e-18 -1.0895490339e+01 )	( 2.8923827712e-01 -3.4133144752e-18 -1.0884279100e+01 )	( 7.5959832599e-02 -7.6606164231e-21 -1.1211239128e-02 )
296              	( 3.6455740939e-01 -3.4262225790e-18 -1.0899426124e+01 )	( 2.8862064293e-01 -3.4166803860e-18 -1.0888197822e+01 )	( 7.5936766458e-02 -9.5421929262e-21 -1.1228302675e-02 )
297              	( 3.6401416570e-01 -3.4283341745e-18 -1.0903364520e+01 )	( 2.8805336624e-01 -3.4199624660e-18 -1.0892127526e+01 )	( 7.5960799460e-02 -8.3717084875e-21 -1.1236993704e-02 )
298              	( 3.6338914518e-01 -3.4333901288e-18 -1.0907042121e+01 )	( 2.8745150427e-01 -3.4231547132e-18 -1.0895788497e+01 )	( 7.5937640907e-02 -1.0235415547e-20 -1.1253623783e-02 )
299              	( 3.6283205082e-01 -3.4353172124e-18 -1.0910615812e+01 )	( 2.8687008835e-01 -3.4262525498e-18 -1.0899354210e+01 )	( 7.5961962473e-02 -9.0646625660e-21 -1.1261601509e-02 )
300              	( 3.6215428021e-01 -3.4401764289e-18 -1.0913859021e+01 )	( 2.8621509527e-01 -3.4292591770e-18 -1.0902581492e+01 )	( 7.5939184933e-02 -1.0917251900e-20 -1.1277528897e-02 )
301              	( 3.6138105136e-01 -3.4419253332e-18 -1.0916546632e+01 )	( 2.8541666952e-01 -3.4321643270e-18 -1.0905262274e+01 )	( 7.5964381836e-02 -9.7610061712e-21 -1.1284358419e-02 )
302              	( 3.6051296947e-01 -3.4465968637e-18 -1.0918939526e+01 )	( 2.8456929918e-01 -3.4349740060e-18 -1.0907640989e+01 )	( 7.5943670286e-02 -1.1622857769e-20 -1.1298536804e-02 )
303              	( 3.5960145229e-01 -3.4481757544e-18 -1.0920857821e+01 )	( 2.8363059888e-01 -3.4376801442e-18 -1.0909554219e+01 )	( 7.5970853416e-02 -1.0495610256e-20 -1.1303602718e-02 )
304              	( 3.5864588616e-01 -3.4526603919e-18 -1.0922573404e+01 )	( 2.8269080051e-01 -3.4402861753e-18 -1.0911258613e+01 )	( 7.5955085652e-02 -1.2374216555e-20 -1.1314791228e-02 )
305              	( 3.5812208630e-01 -3.4540553243e-18 -1.0925140031e+01 )	( 2.8213210336e-01 -3.4428033869e-18 -1.0913824219e+01 )	( 7.5989982938e-02 -1.1251937405e-20 -1.1315812071e-02 )
306              	( 3.5775699192e-01 -3.4583149337e-18 -1.0928180917e+01 )	( 2.8177464917e-01 -3.4452334938e-18 -1.0916858013e+01 )	( 7.5982342756e-02 -1.3081439951e-20 -1.1322903388e-02 )
307              	( 3.5746551626e-01 -3.4594882747e-18 -1.0931203695e+01 )	( 2.8144243821e-01 -3.4475716476e-18 -1.0919882897e+01 )	( 7.6023078043e-02 -1.1916627107e-20 -1.1320798124e-02 )
308              	( 3.5707641339e-01 -3.4635206614e-18 -1.0933949978e+01 )	( 2.8105845459e-01 -3.4498155295e-18 -1.0922623551e+01 )	( 7.6017958805e-02 -1.3705131909e-20 -1.1326427612e-02 )
309              	( 3.5657697239e-01 -3.4644949035e-18 -1.0936175908e+01 )	( 2.8051726433e-01 -3.4519636781e-18 -1.0924852700e+01 )	( 7.6059708055e-02 -1.2531225422e-20 -1.1323207814e-02 )
310              	( 3.5594556725e-01 -3.4683277189e-18 -1.0937907454e+01 )	( 2.7989160127e-01 -3.4540109699e-18 -1.0926579079e+01 )	( 7.6053965972e-02 -1.4316749039e-20 -1.1328375471e-02 )
311              	( 3.5526046365e-01 -3.4691352389e-18 -1.0939163423e+01 )	( 2.7917211893e-01 -3.4559553442e-18 -1.0927835368e+01 )	( 7.6088344720e-02 -1.3179894672e-20 -1.1328055387e-02 )
312              	( 3.5445236103e-01 -3.4727985912e-18 -1.0940037590e+01 )	( 2.7837662363e-01 -3.4578010940e-18 -1.0928701503e+01 )	( 7.6075737401e-02 -1.4997497258e-20 -1.1336087618e-02 )
313              	( 3.5381897467e-01 -3.4734436098e-18 -1.0941211929e+01 )	( 2.7771143708e-01 -3.4595551424e-18 -1.0929875355e+01 )	( 7.6107537592e-02 -1.3888467373e-20 -1.1336573804e-02 )
314              	( 3.5301581544e-01 -3.4769131924e-18 -1.0941894720e+01 )	( 2.7692174170e-01 -3.4612086920e-18 -1.0930550094e+01 )	( 7.6094073735e-02 -1.5704500469e-20 -1.1344625390e-02 )
315              	( 3.5207029829e-01 -3.4774025639e-18 -1.0941836352e+01 )	( 2.7594460759e-01 -3.4627690582e-18 -1.0930491696e+01 )	( 7.6125690697e-02 -1.4633505721e-20 -1.1344655450e-02 )
316              	( 3.5107410318e-01 -3.4807134730e-18 -1.0941590721e+01 )	( 2.7496208312e-01 -3.4642290838e-18 -1.0930238448e+01 )	( 7.6112020060e-02 -1.6484389144e-20 -1.1352272663e-02 )
317              	( 3.5037796572e-01 -3.4810412901e-18 -1.0941993179e+01 )	( 2.7423685351e-01 -3.4656105035e-18 -1.0930640108e+01 )	( 7.6141112211e-02 -1.5430786590e-20 -1.1353070994e-02 )
318              	( 3.4977860452e-01 -3.4841609011e-18 -1.0942760222e+01 )	( 2.7365509106e-01 -3.4669179617e-18 -1.0931397746e+01 )	( 7.6123513462e-02 -1.7242939398e-20 -1.1362476524e-02 )
319              	( 3.4935843900e-01 -3.4842928045e-18 -1.0943672304e+01 )	( 2.7321047431e-01 -3.4681423381e-18 -1.0932306779e+01 )	( 7.6147964691e-02 -1.6150466450e-20 -1.1365524425e-02 )
320              	( 3.4895048366e-01 -3.4872175882e-18 -1.0944466613e+01 )	( 2.7282143051e-01 -3.4692823236e-18 -1.0933091099e+01 )	( 7.6129053146e-02 -1.7935264670e-20 -1.1375514395e-02 )
321              	( 3.4839818828e-01 -3.4871652946e-18 -1.0944536054e+01 )	( 2.7224164260e-01 -3.4703257474e-18 -1.0933159468e+01 )	( 7.6156545682e-02 -1.6839547203e-20 -1.1376586220e-02 )
322              	( 3.4784679649e-01 -3.4899215587e-18 -1.0944618942e+01 )	( 2.7170283946e-01 -3.4712900712e-18 -1.0933235715e+01 )	( 7.6143957029e-02 -1.8631487460e-20 -1.1383226783e-02 )
323              	( 3.4740797370e-01 -3.4896986836e-18 -1.0944723305e+01 )	( 2.7123567772e-01 -3.4721716704e-18 -1.0933339449e+01 )	( 7.6172295983e-02 -1.7527013140e-20 -1.1383855725e-02 )
324              	( 3.4674546596e-01 -3.4922959205e-18 -1.0944228722e+01 )	( 2.7058882207e-01 -3.4729707563e-18 -1.0932837017e+01 )	( 7.6156643890e-02 -1.9325164221e-20 -1.1391705778e-02 )
325              	( 3.4598167035e-01 -3.4919236871e-18 -1.0943241819e+01 )	( 2.6979752161e-01 -3.4736864680e-18 -1.0931849548e+01 )	( 7.6184148740e-02 -1.8237219144e-20 -1.1392270999e-02 )
326              	( 3.4506827161e-01 -3.4943932654e-18 -1.0941766487e+01 )	( 2.6889978924e-01 -3.4743280282e-18 -1.0930366608e+01 )	( 7.6168482374e-02 -2.0065237151e-20 -1.1399879303e-02 )
327              	( 3.4405296095e-01 -3.4938924525e-18 -1.0939774222e+01 )	( 2.6785636633e-01 -3.4748870428e-18 -1.0928374464e+01 )	( 7.6196594626e-02 -1.9005409737e-20 -1.1399757861e-02 )
328              	( 3.4340158092e-01 -3.4962298465e-18 -1.0938640306e+01 )	( 2.6722044550e-01 -3.4753795503e-18 -1.0927233179e+01 )	( 7.6181135414e-02 -2.0850296241e-20 -1.1407127418e-02 )
329              	( 3.4287050287e-01 -3.4955769585e-18 -1.0937664745e+01 )	( 2.6665925586e-01 -3.4758064734e-18 -1.0926258987e+01 )	( 7.6211247006e-02 -1.9770485095e-20 -1.1405757401e-02 )
330              	( 3.4244973875e-01 -3.4977676927e-18 -1.0937145516e+01 )	( 2.6625087433e-01 -3.4761837551e-18 -1.0925734251e+01 )	( 7.6198864423e-02 -2.1583937599e-20 -1.1411265213e-02 )
331              	( 3.4207905058e-01 -3.4969548326e-18 -1.0936514440e+01 )	( 2.6584747101e-01 -3.4764984331e-18 -1.0925106141e+01 )	( 7.6231579562e-02 -2.0456399441e-20 -1.1408298839e-02 )
332              	( 3.4172215651e-01 -3.4989986127e-18 -1.0935957182e+01 )	( 2.6549983752e-01 -3.4767586951e-18 -1.0924545001e+01 )	( 7.6222318991e-02 -2.2239917681e-20 -1.1412181505e-02 )
333              	( 3.4142529739e-01 -3.4980385355e-18 -1.0935338318e+01 )	( 2.6516851841e-01 -3.4769596694e-18 -1.0923930072e+01 )	( 7.6256778982e-02 -2.1078866121e-20 -1.1408245986e-02 )
334              	( 3.4110327032e-01 -3.4999526260e-18 -1.0934702660e+01 )	( 2.6485537410e-01 -3.4771093392e-18 -1.0923290832e+01 )	( 7.6247896221e-02 -2.2843286808e-20 -1.1411828481e-02 )
335              	( 3.4086098465e-01 -3.4988685980e-18 -1.0934103360e+01 )	( 2.6457893681e-01 -3.4772088310e-18 -1.0922695568e+01 )	( 7.6282047841e-02 -2.1659766988e-20 -1.1407791650e-02 )
336              	( 3.4061541688e-01 -3.5006755495e-18 -1.0933569075e+01 )	( 2.6434157969e-01 -3.4772645488e-18 -1.0922158416e+01 )	( 7.6273837192e-02 -2.3411000709e-20 -1.1410659208e-02 )
337              	( 3.4044691052e-01 -3.4994804084e-18 -1.0933087618e+01 )	( 2.6413743131e-01 -3.4772747474e-18 -1.0921682202e+01 )	( 7.6309479211e-02 -2.2205660919e-20 -1.1405416539e-02 )
338              	( 3.4026519095e-01 -3.5011857213e-18 -1.0932670031e+01 )	( 2.6396263596e-01 -3.4772481357e-18 -1.0921262825e+01 )	( 7.6302554990e-02 -2.3937585615e-20 -1.1407206584e-02 )
339              	( 3.4013492701e-01 -3.4998859681e-18 -1.0932285658e+01 )	( 2.6379688360e-01 -3.4771839428e-18 -1.0920884078e+01 )	( 7.6338043415e-02 -2.2702025331e-20 -1.1401579431e-02 )
340              	( 3.3996287088e-01 -3.5014989061e-18 -1.0931949787e+01 )	( 2.6363330702e-01 -3.4770942279e-18 -1.0920546024e+01 )	( 7.6329563864e-02 -2.4404678262e-20 -1.1403762576e-02 )
341              	( 3.3982381972e-01 -3.5001072559e-18 -1.0931585213e+01 )	( 2.6346084304e-01 -3.4769733191e-18 -1.0920186428e+01 )	( 7.6362976680e-02 -2.3133936745e-20 -1.1398785083e-02 )
342              	( 3.3964926988e-01 -3.5016373443e-18 -1.0931235983e+01 )	( 2.6329625318e-01 -3.4768273439e-18 -1.0919834574e+01 )	( 7.6353016698e-02 -2.4810000401e-20 -1.1401408592e-02 )
343              	( 3.3951983203e-01 -3.5001661538e-18 -1.0930891935e+01 )	( 2.6313516099e-01 -3.4766547389e-18 -1.0919495005e+01 )	( 7.6384671037e-02 -2.3511414890e-20 -1.1396930020e-02 )
344              	( 3.3939165743e-01 -3.5016270833e-18 -1.0930656029e+01 )	( 2.6301848639e-01 -3.4764640325e-18 -1.0919255933e+01 )	( 7.6373171039e-02 -2.5163050817e-20 -1.1400096325e-02 )
345              	( 3.3936403312e-01 -3.5000895467e-18 -1.0930579961e+01 )	( 2.6296119794e-01 -3.4762530539e-18 -1.0919183600e+01 )	( 7.6402835187e-02 -2.3836492829e-20 -1.1396360988e-02 )
346              	( 3.3935014847e-01 -3.5014898130e-18 -1.0930687845e+01 )	( 2.6296078376e-01 -3.4760315933e-18 -1.0919287538e+01 )	( 7.6389364715e-02 -2.5458219740e-20 -1.1400306605e-02 )
347              	( 3.3946818237e-01 -3.4998939481e-18 -1.0931111343e+01 )	( 2.6305071000e-01 -3.4758010105e-18 -1.0919714215e+01 )	( 7.6417472376e-02 -2.4092937597e-20 -1.1397127621e-02 )
348              	( 3.3958583514e-01 -3.5012357030e-18 -1.0931715559e+01 )	( 2.6318288089e-01 -3.4755674508e-18 -1.0920314042e+01 )	( 7.6402954252e-02 -2.5668252198e-20 -1.1401517266e-02 )
349              	( 3.3972431524e-01 -3.4995899491e-18 -1.0932260014e+01 )	( 2.6329460128e-01 -3.4753263114e-18 -1.0920861159e+01 )	( 7.6429713959e-02 -2.4263637708e-20 -1.1398855458e-02 )
350              	( 3.3980483736e-01 -3.5008874537e-18 -1.0932861524e+01 )	( 2.6339116448e-01 -3.4750848287e-18 -1.0921457717e+01 )	( 7.6413672877e-02 -2.5802624983e-20 -1.1403807378e-02 )
351              	( 3.3988142180e-01 -3.4992088199e-18 -1.0933423813e+01 )	( 2.6344322155e-01 -3.4748430825e-18 -1.0922021837e+01 )	( 7.6438200254e-02 -2.4365737449e-20 -1.1401976166e-02 )
352              	( 3.3994474957e-01 -3.5004754655e-18 -1.0934146796e+01 )	( 2.6352460401e-01 -3.4746107759e-18 -1.0922739011e+01 )	( 7.6420145557e-02 -2.5864689569e-20 -1.1407785122e-02 )
353              	( 3.4009531722e-01 -3.4987731748e-18 -1.0935079169e+01 )	( 2.6365281129e-01 -3.4743835619e-18 -1.0923672198e+01 )	( 7.6442505928e-02 -2.4389612912e-20 -1.1406970897e-02 )
354              	( 3.4022429850e-01 -3.5000108565e-18 -1.0936155697e+01 )	( 2.6380543204e-01 -3.4741705061e-18 -1.0924740317e+01 )	( 7.6418866469e-02 -2.5840350375e-20 -1.1415380037e-02 )
355              	( 3.4045053396e-01 -3.4982980848e-18 -1.0937438508e+01 )	( 2.6401355096e-01 -3.4739712950e-18 -1.0926022145e+01 )	( 7.6436983005e-02 -2.4326789822e-20 -1.1416362751e-02 )
356              	( 3.4068800637e-01 -3.4995177538e-18 -1.0938976117e+01 )	( 2.6427371626e-01 -3.4737942358e-18 -1.0927552185e+01 )	( 7.6414290111e-02 -2.5723517961e-20 -1.1423932331e-02 )
357              	( 3.4099594223e-01 -3.4978010245e-18 -1.0940665398e+01 )	( 2.6456259745e-01 -3.4736365495e-18 -1.0929241314e+01 )	( 7.6433344785e-02 -2.4164475014e-20 -1.1424083853e-02 )
358              	( 3.4130658989e-01 -3.4990099912e-18 -1.0942564209e+01 )	( 2.6489492063e-01 -3.4735047295e-18 -1.0931133026e+01 )	( 7.6411669265e-02 -2.5505261684e-20 -1.1431183324e-02 )
359              	( 3.4170526043e-01 -3.4972956290e-18 -1.0944715569e+01 )	( 2.6527462157e-01 -3.4733967821e-18 -1.0933284353e+01 )	( 7.6430638864e-02 -2.3898846824e-20 -1.1431216250e-02 )
360              	( 3.4208132972e-01 -3.4985017412e-18 -1.0946960044e+01 )	( 2.6567243429e-01 -3.4733176016e-18 -1.0935521846e+01 )	( 7.6408895425e-02 -2.5184139568e-20 -1.1438197186e-02 )
361              	( 3.4231967650e-01 -3.4968090823e-18 -1.0948675204e+01 )	( 2.6589152132e-01 -3.4732490822e-18 -1.0937237255e+01 )	( 7.6428155180e-02 -2.3560000149e-20 -1.1437949438e-02 )
362              	( 3.4255484229e-01 -3.4980426954e-18 -1.0950617871e+01 )	( 2.6614713223e-01 -3.4732112458e-18 -1.0939173694e+01 )	( 7.6407710054e-02 -2.4831449633e-20 -1.1444177320e-02 )
363              	( 3.4288110275e-01 -3.4963912218e-18 -1.0952936709e+01 )	( 2.6645269322e-01 -3.4732103095e-18 -1.0941493650e+01 )	( 7.6428409532e-02 -2.3180912334e-20 -1.1443058286e-02 )
364              	( 3.4302888166e-01 -3.4976532032e-18 -1.0954807801e+01 )	( 2.6661908126e-01 -3.4732356189e-18 -1.0943359523e+01 )	( 7.6409800403e-02 -2.4417584282e-20 -1.1448277602e-02 )
365              	( 3.4317318391e-01 -3.4960542211e-18 -1.0956595701e+01 )	( 2.6674020694e-01 -3.4732860427e-18 -1.0945149971e+01 )	( 7.6432976968e-02 -2.2768178449e-20 -1.1445730173e-02 )
366              	( 3.4357727078e-01 -3.4973649078e-18 -1.0959312751e+01 )	( 2.6715998849e-01 -3.4733884591e-18 -1.0947863323e+01 )	( 7.6417282290e-02 -2.3976448709e-20 -1.1449427954e-02 )
367              	( 3.4402066242e-01 -3.4958116413e-18 -1.0962107800e+01 )	( 2.6757739205e-01 -3.4735284862e-18 -1.0950662282e+01 )	( 7.6443270369e-02 -2.2283155151e-20 -1.1445517987e-02 )
368              	( 3.4418576841e-01 -3.4971583404e-18 -1.0964204221e+01 )	( 2.6775482982e-01 -3.4736972459e-18 -1.0952756662e+01 )	( 7.6430938585e-02 -2.3461094488e-20 -1.1447559088e-02 )
369              	( 3.4427929981e-01 -3.4956746365e-18 -1.0966090116e+01 )	( 2.6782769684e-01 -3.4738975901e-18 -1.0954644518e+01 )	( 7.6451602976e-02 -2.1777046390e-20 -1.1445598848e-02 )
370              	( 3.4437025347e-01 -3.4970886075e-18 -1.0968144867e+01 )	( 2.6794033488e-01 -3.4741449724e-18 -1.0956693218e+01 )	( 7.6429918583e-02 -2.2943635105e-20 -1.1451649100e-02 )
371              	( 3.4455210203e-01 -3.4956725302e-18 -1.0970309906e+01 )	( 2.6810818686e-01 -3.4744253464e-18 -1.0958856894e+01 )	( 7.6443915168e-02 -2.1247183805e-20 -1.1453011851e-02 )
372              	( 3.4477053239e-01 -3.4971445316e-18 -1.0972572574e+01 )	( 2.6835144862e-01 -3.4747400212e-18 -1.0961111475e+01 )	( 7.6419083776e-02 -2.2404510422e-20 -1.1461099420e-02 )
373              	( 3.4506695409e-01 -3.4958051399e-18 -1.0974948832e+01 )	( 2.6863303414e-01 -3.4750854382e-18 -1.0963486322e+01 )	( 7.6433919951e-02 -2.0719701714e-20 -1.1462510330e-02 )
374              	( 3.4518305805e-01 -3.4973460951e-18 -1.0977074738e+01 )	( 2.6877323546e-01 -3.4754664163e-18 -1.0965603958e+01 )	( 7.6409822591e-02 -2.1879678848e-20 -1.1470779448e-02 )
375              	( 3.4534023158e-01 -3.4960927084e-18 -1.0979264005e+01 )	( 2.6891730457e-01 -3.4758831373e-18 -1.0967790537e+01 )	( 7.6422927001e-02 -2.0209571022e-20 -1.1473468209e-02 )
376              	( 3.4546690553e-01 -3.4977126191e-18 -1.0981520737e+01 )	( 2.6906952539e-01 -3.4763409449e-18 -1.0970038141e+01 )	( 7.6397380147e-02 -2.1371674132e-20 -1.1482595880e-02 )
377              	( 3.4564281925e-01 -3.4965488345e-18 -1.0983838001e+01 )	( 2.6923332661e-01 -3.4768345763e-18 -1.0972352114e+01 )	( 7.6409492633e-02 -1.9714258172e-20 -1.1485886102e-02 )
378              	( 3.4577829650e-01 -3.4982562544e-18 -1.0986197749e+01 )	( 2.6939590515e-01 -3.4773685819e-18 -1.0974701783e+01 )	( 7.6382391344e-02 -2.0887672575e-20 -1.1495965893e-02 )
379              	( 3.4603633867e-01 -3.4971705735e-18 -1.0988818950e+01 )	( 2.6964332291e-01 -3.4779420365e-18 -1.0977318803e+01 )	( 7.6393015759e-02 -1.9228536912e-20 -1.1500147094e-02 )
380              	( 3.4633648253e-01 -3.4989699139e-18 -1.0991728150e+01 )	( 2.6997221608e-01 -3.4785603385e-18 -1.0980216884e+01 )	( 7.6364266453e-02 -2.0409575479e-20 -1.1511266379e-02 )
381              	( 3.4669525603e-01 -3.4979463879e-18 -1.0994740426e+01 )	( 2.7032168203e-01 -3.4792175177e-18 -1.0983224210e+01 )	( 7.6373574001e-02 -1.8728870258e-20 -1.1516216343e-02 )
382              	( 3.4702810178e-01 -3.4998370483e-18 -1.0997855722e+01 )	( 2.7068358477e-01 -3.4799184045e-18 -1.0986328137e+01 )	( 7.6344517011e-02 -1.9918643846e-20 -1.1527584971e-02 )
383              	( 3.4739342283e-01 -3.4988790022e-18 -1.1000992311e+01 )	( 2.7103983151e-01 -3.4806566782e-18 -1.0989459801e+01 )	( 7.6353591314e-02 -1.8222324011e-20 -1.1532510108e-02 )
384              	( 3.4773296516e-01 -3.5008644809e-18 -1.1004225156e+01 )	( 2.7140903506e-01 -3.4814371931e-18 -1.0992680996e+01 )	( 7.6323930099e-02 -1.9427287766e-20 -1.1544159925e-02 )
385              	( 3.4816552351e-01 -3.4999729623e-18 -1.1007682696e+01 )	( 2.7183310419e-01 -3.4822569716e-18 -1.0996133190e+01 )	( 7.6332419322e-02 -1.7715990708e-20 -1.1549506083e-02 )
386              	( 3.4856676272e-01 -3.5020500789e-18 -1.1011247407e+01 )	( 2.7226391019e-01 -3.4831202988e-18 -1.0999686160e+01 )	( 7.6302852524e-02 -1.8929780069e-20 -1.1561246998e-02 )
387              	( 3.4899951627e-01 -3.5012225634e-18 -1.1014840446e+01 )	( 2.7268780890e-01 -3.4840214354e-18 -1.1003273943e+01 )	( 7.6311707376e-02 -1.7201127947e-20 -1.1566502602e-02 )
388              	( 3.4936984591e-01 -3.5033921255e-18 -1.1018444821e+01 )	( 2.7308709265e-01 -3.4849639260e-18 -1.1006866742e+01 )	( 7.6282753257e-02 -1.8428199471e-20 -1.1578079002e-02 )
389              	( 3.4976666763e-01 -3.5026295440e-18 -1.1022089318e+01 )	( 2.7347283898e-01 -3.4859428873e-18 -1.1010507242e+01 )	( 7.6293828651e-02 -1.6686656657e-20 -1.1582075954e-02 )
390              	( 3.5010841762e-01 -3.5048938210e-18 -1.1025722412e+01 )	( 2.7384056699e-01 -3.4869636022e-18 -1.1014130365e+01 )	( 7.6267850626e-02 -1.7930218788e-20 -1.1592047348e-02 )
391              	( 3.5045706094e-01 -3.5042014612e-18 -1.1029314835e+01 )	( 2.7417686450e-01 -3.4880199734e-18 -1.1017719643e+01 )	( 7.6280196444e-02 -1.6181487793e-20 -1.1595192852e-02 )
392              	( 3.5073366024e-01 -3.5065634379e-18 -1.1032869885e+01 )	( 2.7447720131e-01 -3.4891177306e-18 -1.1021265841e+01 )	( 7.6256458928e-02 -1.7445707372e-20 -1.1604043383e-02 )
393              	( 3.5101462118e-01 -3.5059405659e-18 -1.1036366351e+01 )	( 2.7474375669e-01 -3.4902488969e-18 -1.1024760205e+01 )	( 7.6270864490e-02 -1.5691668989e-20 -1.1606146681e-02 )
394              	( 3.5124414909e-01 -3.5083945872e-18 -1.1039896701e+01 )	( 2.7499498188e-01 -3.4914193764e-18 -1.1028282669e+01 )	( 7.6249167209e-02 -1.6975210862e-20 -1.1614032035e-02 )
395              	( 3.5149169807e-01 -3.5078331731e-18 -1.1043422652e+01 )	( 2.7522646790e-01 -3.4926230285e-18 -1.1031807319e+01 )	( 7.6265230170e-02 -1.5210144598e-20 -1.1615332843e-02 )
396              	( 3.5167292982e-01 -3.5103743968e-18 -1.1046925947e+01 )	( 2.7542763061e-01 -3.4938668027e-18 -1.1035303537e+01 )	( 7.6245299206e-02 -1.6507594136e-20 -1.1622409374e-02 )
397              	( 3.5181971197e-01 -3.5098712122e-18 -1.1050225366e+01 )	( 2.7555675661e-01 -3.4951359650e-18 -1.1038602445e+01 )	( 7.6262955360e-02 -1.4735247207e-20 -1.1622921534e-02 )
398              	( 3.5184703487e-01 -3.5124989136e-18 -1.1053300718e+01 )	( 2.7560302820e-01 -3.4964374840e-18 -1.1041671380e+01 )	( 7.6244006673e-02 -1.6061429607e-20 -1.1629337633e-02 )
399              	( 3.5188317803e-01 -3.5120620187e-18 -1.1056316275e+01 )	( 2.7561974821e-01 -3.4977665793e-18 -1.1044687364e+01 )	( 7.6263429817e-02 -1.4295439438e-20 -1.1628910568e-02 )
400              	( 3.5184050082e-01 -3.5147961706e-18 -1.1059288618e+01 )	( 2.7559322409e-01 -3.4991466216e-18 -1.1047654465e+01 )	( 7.6247276727e-02 -1.5649549015e-20 -1.1634153573e-02 )
401              	( 3.5180628791e-01 -3.5144038942e-18 -1.1062128485e+01 )	( 2.7553782729e-01 -3.5005199698e-18 -1.1050495627e+01 )	( 7.6268460618e-02 -1.3883924368e-20 -1.1632858294e-02 )
402              	( 3.5169863871e-01 -3.5171992743e-18 -1.1064906462e+01 )	( 2.7544552777e-01 -3.5019361988e-18 -1.1053268933e+01 )	( 7.6253110937e-02 -1.5263075418e-20 -1.1637529000e-02 )
403              	( 3.5159223713e-01 -3.5168736045e-18 -1.1067595957e+01 )	( 2.7531678775e-01 -3.5033763029e-18 -1.1055960356e+01 )	( 7.6275449388e-02 -1.3497301566e-20 -1.1635601648e-02 )
404              	( 3.5141857653e-01 -3.5197423032e-18 -1.1070222130e+01 )	( 2.7515719225e-01 -3.5048419238e-18 -1.1058582483e+01 )	( 7.6261384279e-02 -1.4900379434e-20 -1.1639647341e-02 )
405              	( 3.5125332283e-01 -3.5194625549e-18 -1.1072769077e+01 )	( 2.7496853902e-01 -3.5063281618e-18 -1.1061131911e+01 )	( 7.6284783809e-02 -1.3134393047e-20 -1.1637165387e-02 )
406              	( 3.5102474976e-01 -3.5224026167e-18 -1.1075256308e+01 )	( 2.7475298996e-01 -3.5078407806e-18 -1.1063615592e+01 )	( 7.6271759798e-02 -1.4561836101e-20 -1.1640715925e-02 )
407              	( 3.5080828787e-01 -3.5221689537e-18 -1.1077666054e+01 )	( 2.7451239018e-01 -3.5093729603e-18 -1.1066028204e+01 )	( 7.6295897695e-02 -1.2795993442e-20 -1.1637850322e-02 )
408              	( 3.5053461686e-01 -3.5251757641e-18 -1.1080027442e+01 )	( 2.7425102630e-01 -3.5109279118e-18 -1.1068386363e+01 )	( 7.6283590562e-02 -1.4247852254e-20 -1.1641078587e-02 )
409              	( 3.5027660812e-01 -3.5249794277e-18 -1.1082323684e+01 )	( 2.7396847888e-01 -3.5124970524e-18 -1.1070685684e+01 )	( 7.6308129235e-02 -1.2482375289e-20 -1.1637999948e-02 )
410              	( 3.4996302865e-01 -3.5280449878e-18 -1.1084574609e+01 )	( 2.7366686387e-01 -3.5140865848e-18 -1.1072933527e+01 )	( 7.6296164780e-02 -1.3958402964e-20 -1.1641082074e-02 )
411              	( 3.4966798122e-01 -3.5278848221e-18 -1.1086762030e+01 )	( 2.7334719276e-01 -3.5156907044e-18 -1.1075124080e+01 )	( 7.6320788458e-02 -1.2194117739e-20 -1.1637949994e-02 )
412              	( 3.4932054051e-01 -3.5310079629e-18 -1.1088909358e+01 )	( 2.7301160863e-01 -3.5173133031e-18 -1.1077268342e+01 )	( 7.6308931873e-02 -1.3694659818e-20 -1.1641015732e-02 )
413              	( 3.4899460422e-01 -3.5308779853e-18 -1.1091000905e+01 )	( 2.7266116565e-01 -3.5189464100e-18 -1.1079362966e+01 )	( 7.6333438563e-02 -1.1931575339e-20 -1.1637939367e-02 )
414              	( 3.4861909721e-01 -3.5340511350e-18 -1.1093054425e+01 )	( 2.7229757310e-01 -3.5205950321e-18 -1.1081413348e+01 )	( 7.6321524112e-02 -1.3456102881e-20 -1.1641076746e-02 )
415              	( 3.4826735739e-01 -3.5339450787e-18 -1.1095057225e+01 )	( 2.7192149020e-01 -3.5222513247e-18 -1.1083419154e+01 )	( 7.6345867194e-02 -1.1693753975e-20 -1.1638071283e-02 )
416              	( 3.4786860303e-01 -3.5371607504e-18 -1.1097030283e+01 )	( 2.7153462330e-01 -3.5239193311e-18 -1.1085389072e+01 )	( 7.6333979730e-02 -1.3241419308e-20 -1.1641211111e-02 )
417              	( 3.4749563224e-01 -3.5370720496e-18 -1.1098953813e+01 )	( 2.7113754804e-01 -3.5255923394e-18 -1.1087315511e+01 )	( 7.6358084199e-02 -1.1479710222e-20 -1.1638301700e-02 )
418              	( 3.4707826476e-01 -3.5403262292e-18 -1.1100852228e+01 )	( 2.7073229512e-01 -3.5272760068e-18 -1.1089210657e+01 )	( 7.6345969635e-02 -1.3050222406e-20 -1.1641570732e-02 )
419              	( 3.4669022638e-01 -3.5402513949e-18 -1.1102711424e+01 )	( 2.7032054277e-01 -3.5289626412e-18 -1.1091072598e+01 )	( 7.6369683615e-02 -1.1288753704e-20 -1.1638825977e-02 )
420              	( 3.4626071405e-01 -3.5435382359e-18 -1.1104548927e+01 )	( 2.6990347317e-01 -3.5306572076e-18 -1.1092906653e+01 )	( 7.6357240876e-02 -1.2881028312e-20 -1.1642274796e-02 )
421              	( 3.4586208871e-01 -3.5434724313e-18 -1.1106348830e+01 )	( 2.6948161884e-01 -3.5323533072e-18 -1.1094709085e+01 )	( 7.6380469868e-02 -1.1119124109e-20 -1.1639745629e-02 )
422              	( 3.4542348009e-01 -3.5467878115e-18 -1.1108131775e+01 )	( 2.6905582235e-01 -3.5340553248e-18 -1.1096488384e+01 )	( 7.6367657747e-02 -1.2732486686e-20 -1.1643390418e-02 )
423              	( 3.4501712007e-01 -3.5467268290e-18 -1.1109878046e+01 )	( 2.6862669167e-01 -3.5357569856e-18 -1.1098236989e+01 )	( 7.6390428399e-02 -1.0969843397e-20 -1.1641057557e-02 )
424              	( 3.4457482596e-01 -3.5500639620e-18 -1.1111608974e+01 )	( 2.6819750599e-01 -3.5374603908e-18 -1.1099964108e+01 )	( 7.6377319975e-02 -1.2603571140e-20 -1.1644866264e-02 )
425              	( 3.4416813269e-01 -3.5499993367e-18 -1.1113303964e+01 )	( 2.6776845770e-01 -3.5391596571e-18 -1.1101661245e+01 )	( 7.6399674995e-02 -1.0839679579e-20 -1.1642719100e-02 )
426              	( 3.4372329350e-01 -3.5533558193e-18 -1.1114989833e+01 )	( 2.6733702595e-01 -3.5408626960e-18 -1.1103343165e+01 )	( 7.6386267551e-02 -1.2493123292e-20 -1.1646667873e-02 )
427              	( 3.4331236119e-01 -3.5532892218e-18 -1.1116645818e+01 )	( 2.6690411297e-01 -3.5425613533e-18 -1.1105001196e+01 )	( 7.6408248217e-02 -1.0727868564e-20 -1.1644622455e-02 )
428              	( 3.4285833705e-01 -3.5566681503e-18 -1.1118291441e+01 )	( 2.6646369695e-01 -3.5442674787e-18 -1.1106642877e+01 )	( 7.6394640105e-02 -1.2400671589e-20 -1.1648563554e-02 )
429              	( 3.4243966127e-01 -3.5565978497e-18 -1.1119901686e+01 )	( 2.6602338600e-01 -3.5459641209e-18 -1.1108255173e+01 )	( 7.6416275268e-02 -1.0633728788e-20 -1.1646513035e-02 )
430              	( 3.4199088453e-01 -3.5599804810e-18 -1.1121497219e+01 )	( 2.6558840130e-01 -3.5476556746e-18 -1.1109846765e+01 )	( 7.6402483230e-02 -1.2324806351e-20 -1.1650453749e-02 )
431              	( 3.4157865535e-01 -3.5599026051e-18 -1.1123063325e+01 )	( 2.6515476008e-01 -3.5493475188e-18 -1.1111414876e+01 )	( 7.6423895270e-02 -1.0555086264e-20 -1.1648448487e-02 )
432              	( 3.4113465862e-01 -3.5632900874e-18 -1.1124612620e+01 )	( 2.6472459034e-01 -3.5510267973e-18 -1.1112960188e+01 )	( 7.6410068276e-02 -1.2263290034e-20 -1.1652431399e-02 )
433              	( 3.4072900096e-01 -3.5631785887e-18 -1.1126125808e+01 )	( 2.6429763502e-01 -3.5526876124e-18 -1.1114475314e+01 )	( 7.6431365944e-02 -1.0490976288e-20 -1.1650494062e-02 )
434              	( 3.4028770455e-01 -3.5665642341e-18 -1.1127626978e+01 )	( 2.6387012926e-01 -3.5543461339e-18 -1.1115972458e+01 )	( 7.6417575295e-02 -1.2218100221e-20 -1.1654520136e-02 )
435              	( 3.3988336218e-01 -3.5664404223e-18 -1.1129103329e+01 )	( 2.6344456380e-01 -3.5559959039e-18 -1.1117450689e+01 )	( 7.6438798376e-02 -1.0444518410e-20 -1.1652640762e-02 )
436              	( 3.3944681039e-01 -3.5698305183e-18 -1.1130573192e+01 )	( 2.6302174757e-01 -3.5576408380e-18 -1.1118916497e+01 )	( 7.6425062820e-02 -1.2189680288e-20 -1.1656694688e-02 )
437              	( 3.3904756442e-01 -3.5696881699e-18 -1.1132016895e+01 )	( 2.6260134569e-01 -3.5592748946e-18 -1.1120362036e+01 )	( 7.6446218736e-02 -1.0413275353e-20 -1.1654858131e-02 )
438              	( 3.3861611212e-01 -3.5730784581e-18 -1.1133453956e+01 )	( 2.6218357154e-01 -3.5609037581e-18 -1.1121795032e+01 )	( 7.6432540580e-02 -1.2174700002e-20 -1.1658923950e-02 )
439              	( 3.3822215025e-01 -3.5729135943e-18 -1.1134865329e+01 )	( 2.6176852265e-01 -3.5625199350e-18 -1.1123208214e+01 )	( 7.6453627602e-02 -1.0393659257e-20 -1.1657115042e-02 )
440              	( 3.3779607434e-01 -3.5762996755e-18 -1.1136268248e+01 )	( 2.6135607032e-01 -3.5641301025e-18 -1.1124607069e+01 )	( 7.6440004023e-02 -1.2169572957e-20 -1.1661178458e-02 )
441              	( 3.3740780354e-01 -3.5761106766e-18 -1.1137646170e+01 )	( 2.6094677916e-01 -3.5657282993e-18 -1.1125986786e+01 )	( 7.6461024385e-02 -1.0382377271e-20 -1.1659383414e-02 )
442              	( 3.3698827433e-01 -3.5794817393e-18 -1.1139016500e+01 )	( 2.6054081636e-01 -3.5673113187e-18 -1.1127353065e+01 )	( 7.6447457978e-02 -1.2170420563e-20 -1.1663434929e-02 )
443              	( 3.3660669458e-01 -3.5792453629e-18 -1.1140361235e+01 )	( 2.6013829191e-01 -3.5688690601e-18 -1.1128699580e+01 )	( 7.6468402666e-02 -1.0376302799e-20 -1.1661654726e-02 )
444              	( 3.3619379479e-01 -3.5825828245e-18 -1.1141698251e+01 )	( 2.5973890512e-01 -3.5704045661e-18 -1.1130032556e+01 )	( 7.6454889669e-02 -1.2178258438e-20 -1.1665694395e-02 )
445              	( 3.3581936934e-01 -3.5822947827e-18 -1.1143009739e+01 )	( 2.5934359187e-01 -3.5719142782e-18 -1.1131345817e+01 )	( 7.6475777469e-02 -1.0380504500e-20 -1.1663921440e-02 )
446              	( 3.3541447381e-01 -3.5856053959e-18 -1.1144314532e+01 )	( 2.5895213590e-01 -3.5734060809e-18 -1.1132646580e+01 )	( 7.6462337907e-02 -1.2199314981e-20 -1.1667952105e-02 )
447              	( 3.3504731596e-01 -3.5852808909e-18 -1.1145600761e+01 )	( 2.5856413047e-01 -3.5748806951e-18 -1.1133934566e+01 )	( 7.6483185490e-02 -1.0400195801e-20 -1.1666195193e-02 )
448              	( 3.3465237373e-01 -3.5885758505e-18 -1.1146873452e+01 )	( 2.5818255039e-01 -3.5763390082e-18 -1.1135203231e+01 )	( 7.6469823340e-02 -1.2236842244e-20 -1.1670221322e-02 )
449              	( 3.3429476368e-01 -3.5882213494e-18 -1.1148124052e+01 )	( 2.5780414758e-01 -3.5777849221e-18 -1.1136455571e+01 )	( 7.6490616095e-02 -1.0436427244e-20 -1.1668481053e-02 )
450              	( 3.3390739203e-01 -3.5915069458e-18 -1.1149366586e+01 )	( 2.5743009449e-01 -3.5792169251e-18 -1.1137694083e+01 )	( 7.6477297535e-02 -1.2290020655e-20 -1.1672502990e-02 )
451              	( 3.3355922367e-01 -3.5911199274e-18 -1.1150589107e+01 )	( 2.5706121794e-01 -3.5806327917e-18 -1.1138918317e+01 )	( 7.6498005723e-02 -1.0487135699e-20 -1.1670790649e-02 )
452              	( 3.3318080087e-01 -3.5943923485e-18 -1.1151806703e+01 )	( 2.5669610259e-01 -3.5820362102e-18 -1.1140131878e+01 )	( 7.6484698284e-02 -1.2356138339e-20 -1.1674825865e-02 )
453              	( 3.3284052681e-01 -3.5939706591e-18 -1.1153003406e+01 )	( 2.5633525697e-01 -3.5834209472e-18 -1.1141330258e+01 )	( 7.6505269847e-02 -1.0549711899e-20 -1.1673147667e-02 )
454              	( 3.3247061081e-01 -3.5972268541e-18 -1.1154195248e+01 )	( 2.5597866211e-01 -3.5847936260e-18 -1.1142518057e+01 )	( 7.6491948698e-02 -1.2433228044e-20 -1.1677191204e-02 )
455              	( 3.3213897505e-01 -3.5967693504e-18 -1.1155364108e+01 )	( 2.5562658931e-01 -3.5861471565e-18 -1.1143688568e+01 )	( 7.6512385745e-02 -1.0622193943e-20 -1.1675539270e-02 )
456              	( 3.3177672294e-01 -3.6000070207e-18 -1.1156524365e+01 )	( 2.5527763730e-01 -3.5874884378e-18 -1.1144844799e+01 )	( 7.6499085640e-02 -1.2518582877e-20 -1.1679565708e-02 )
457              	( 3.3145341707e-01 -3.5995106894e-18 -1.1157663416e+01 )	( 2.5493394220e-01 -3.5888091546e-18 -1.1145985523e+01 )	( 7.6519474874e-02 -1.0701534831e-20 -1.1677892235e-02 )
458              	( 3.3110155233e-01 -3.6027255842e-18 -1.1158799288e+01 )	( 2.5459531497e-01 -3.5901164816e-18 -1.1147117400e+01 )	( 7.6506237363e-02 -1.2609102578e-20 -1.1681887978e-02 )
459              	( 3.3078857067e-01 -3.6021880455e-18 -1.1159916582e+01 )	( 2.5426194649e-01 -3.5914036190e-18 -1.1148236398e+01 )	( 7.6526624179e-02 -1.0784426488e-20 -1.1680184551e-02 )
460              	( 3.3044729135e-01 -3.6053788255e-18 -1.1161029670e+01 )	( 2.5393372305e-01 -3.5926772466e-18 -1.1149345579e+01 )	( 7.6513568299e-02 -1.2701578863e-20 -1.1684091124e-02 )
461              	( 3.3014570688e-01 -3.6047949883e-18 -1.1162118302e+01 )	( 2.5361174491e-01 -3.5939268967e-18 -1.1150435956e+01 )	( 7.6533961968e-02 -1.0868091619e-20 -1.1682345657e-02 )
462              	( 3.2981430172e-01 -3.6079619490e-18 -1.1163211891e+01 )	( 2.5329330068e-01 -3.5951680292e-18 -1.1151525686e+01 )	( 7.6521001043e-02 -1.2793919704e-20 -1.1686204804e-02 )
463              	( 3.2952119978e-01 -3.6073400142e-18 -1.1164287669e+01 )	( 2.5297983071e-01 -3.5963887488e-18 -1.1152603234e+01 )	( 7.6541369075e-02 -1.0951265458e-20 -1.1684435440e-02 )
464              	( 3.2920093941e-01 -3.6104795617e-18 -1.1165360540e+01 )	( 2.5267242781e-01 -3.5975943657e-18 -1.1153672296e+01 )	( 7.6528511594e-02 -1.2885195957e-20 -1.1688244137e-02 )
465              	( 3.2892008043e-01 -3.6098141075e-18 -1.1166414209e+01 )	( 2.5237122365e-01 -3.5987811851e-18 -1.1154727757e+01 )	( 7.6548856781e-02 -1.1032922346e-20 -1.1686452589e-02 )
466              	( 3.2861164967e-01 -3.6129304528e-18 -1.1167466696e+01 )	( 2.5207557217e-01 -3.5999557927e-18 -1.1155776470e+01 )	( 7.6536077501e-02 -1.2974660177e-20 -1.1690225572e-02 )
467              	( 3.2834224633e-01 -3.6122227275e-18 -1.1168501520e+01 )	( 2.5178587469e-01 -3.6011098499e-18 -1.1156813096e+01 )	( 7.6556371638e-02 -1.1112877670e-20 -1.1688424445e-02 )
468              	( 3.2804584561e-01 -3.6153110086e-18 -1.1169535012e+01 )	( 2.5150219904e-01 -3.6022488888e-18 -1.1157842841e+01 )	( 7.6543646577e-02 -1.3062119799e-20 -1.1692171104e-02 )
469              	( 3.2778890634e-01 -3.6145579486e-18 -1.1170552885e+01 )	( 2.5122503021e-01 -3.6033674999e-18 -1.1158862520e+01 )	( 7.6563876132e-02 -1.1190448739e-20 -1.1690364199e-02 )
470              	( 3.2750421521e-01 -3.6176182610e-18 -1.1171567017e+01 )	( 2.5095302085e-01 -3.6044713978e-18 -1.1159872931e+01 )	( 7.6551194364e-02 -1.3146863253e-20 -1.1694085734e-02 )
471              	( 3.2725713662e-01 -3.6168204642e-18 -1.1172563069e+01 )	( 2.5068579627e-01 -3.6055552191e-18 -1.1160870791e+01 )	( 7.6571340345e-02 -1.1265245114e-20 -1.1692278202e-02 )
472              	( 3.2698227283e-01 -3.6198533226e-18 -1.1173554808e+01 )	( 2.5042358477e-01 -3.6066246598e-18 -1.1161858830e+01 )	( 7.6558688063e-02 -1.3228662767e-20 -1.1695978095e-02 )
473              	( 3.2674558892e-01 -3.6190106574e-18 -1.1174528498e+01 )	( 2.5016684337e-01 -3.6076734460e-18 -1.1162834328e+01 )	( 7.6578745548e-02 -1.1337211393e-20 -1.1694169612e-02 )
474              	( 3.2648149885e-01 -3.6220155802e-18 -1.1175499562e+01 )	( 2.4991538252e-01 -3.6087080507e-18 -1.1163801714e+01 )	( 7.6566116336e-02 -1.3307529553e-20 -1.1697848027e-02 )
475              	( 3.2625545658e-01 -3.6211281127e-18 -1.1176452653e+01 )	( 2.4966937719e-01 -3.6097218428e-18 -1.1164756615e+01 )	( 7.6586079396e-02 -1.1406269880e-20 -1.1696038563e-02 )
476              	( 3.2600206066e-01 -3.6241036472e-18 -1.1177403385e+01 )	( 2.4942858531e-01 -3.6107203300e-18 -1.1165703691e+01 )	( 7.6573475350e-02 -1.3383317155e-20 -1.1699693637e-02 )
477              	( 3.2578675965e-01 -3.6231704730e-18 -1.1178336936e+01 )	( 2.4919345528e-01 -3.6116982090e-18 -1.1166639031e+01 )	( 7.6593304372e-02 -1.1472264080e-20 -1.1697904792e-02 )
478              	( 3.2554512216e-01 -3.6261177557e-18 -1.1179269409e+01 )	( 2.4896443964e-01 -3.6126618182e-18 -1.1167567850e+01 )	( 7.6580682521e-02 -1.3455937548e-20 -1.1701558594e-02 )
479              	( 3.2534130032e-01 -3.6251398298e-18 -1.1180185060e+01 )	( 2.4874085546e-01 -3.6136047934e-18 -1.1168485304e+01 )	( 7.6600444862e-02 -1.1535036380e-20 -1.1699755941e-02 )
480              	( 3.2511011083e-01 -3.6280594737e-18 -1.1181101515e+01 )	( 2.4852226186e-01 -3.6145344250e-18 -1.1169398134e+01 )	( 7.6587848970e-02 -1.3525048726e-20 -1.1703380915e-02 )
481              	( 3.2491659800e-01 -3.6270369436e-18 -1.1181999978e+01 )	( 2.4830909473e-01 -3.6154426258e-18 -1.1170298402e+01 )	( 7.6607503276e-02 -1.1594317851e-20 -1.1701576089e-02 )
482              	( 3.2469638549e-01 -3.6299285348e-18 -1.1182895332e+01 )	( 2.4810145222e-01 -3.6163378625e-18 -1.1171190164e+01 )	( 7.6594933273e-02 -1.3590672383e-20 -1.1705167159e-02 )
483              	( 3.2451408225e-01 -3.6288619339e-18 -1.1183773796e+01 )	( 2.4789958149e-01 -3.6172115507e-18 -1.1172070450e+01 )	( 7.6614500762e-02 -1.1650383196e-20 -1.1703346626e-02 )
484              	( 3.2430499144e-01 -3.6317244388e-18 -1.1184651187e+01 )	( 2.4770304501e-01 -3.6180713738e-18 -1.1172944278e+01 )	( 7.6601946426e-02 -1.3653065025e-20 -1.1706908989e-02 )
485              	( 3.2413322649e-01 -3.6306141014e-18 -1.1185511934e+01 )	( 2.4751182667e-01 -3.6189109860e-18 -1.1173806844e+01 )	( 7.6621399819e-02 -1.1703115461e-20 -1.1705089592e-02 )
486              	( 3.2393468427e-01 -3.6334485776e-18 -1.1186370270e+01 )	( 2.4732586512e-01 -3.6197366533e-18 -1.1174661628e+01 )	( 7.6608819156e-02 -1.3711924337e-20 -1.1708641977e-02 )
487              	( 3.2377392363e-01 -3.6322945921e-18 -1.1187214440e+01 )	( 2.4714583580e-01 -3.6205421810e-18 -1.1175507588e+01 )	( 7.6628087837e-02 -1.1752411104e-20 -1.1706852044e-02 )
488              	( 3.2358652511e-01 -3.6351024275e-18 -1.1188058227e+01 )	( 2.4697117858e-01 -3.6213351890e-18 -1.1176347817e+01 )	( 7.6615346531e-02 -1.3767238452e-20 -1.1710410319e-02 )
489              	( 3.2343684643e-01 -3.6339061473e-18 -1.1188888145e+01 )	( 2.4680252238e-01 -3.6221080529e-18 -1.1177179489e+01 )	( 7.6634324055e-02 -1.1798094438e-20 -1.1708655858e-02 )
490              	( 3.2326054309e-01 -3.6366868370e-18 -1.1189717315e+01 )	( 2.4663908186e-01 -3.6228682477e-18 -1.1178005070e+01 )	( 7.6621461221e-02 -1.3818589358e-20 -1.1712245332e-02 )
491              	( 3.2312176471e-01 -3.6354490224e-18 -1.1190534281e+01 )	( 2.4648154824e-01 -3.6236093278e-18 -1.1178823746e+01 )	( 7.6640216469e-02 -1.1839694578e-20 -1.1710534920e-02 )
492              	( 3.2295035490e-01 -3.6382033597e-18 -1.1191326632e+01 )	( 2.4632308632e-01 -3.6243369444e-18 -1.1179612498e+01 )	( 7.6627268582e-02 -1.3866415282e-20 -1.1714134060e-02 )
493              	( 3.2281375352e-01 -3.6369245824e-18 -1.1192096971e+01 )	( 2.4616787784e-01 -3.6250451592e-18 -1.1180384540e+01 )	( 7.6645875679e-02 -1.1879423233e-20 -1.1712430663e-02 )
494              	( 3.2264905540e-01 -3.6396518825e-18 -1.1192860526e+01 )	( 2.4601612683e-01 -3.6257390539e-18 -1.1181144528e+01 )	( 7.6632928571e-02 -1.3912828593e-20 -1.1715997728e-02 )
495              	( 3.2251915352e-01 -3.6383253990e-18 -1.1193604294e+01 )	( 2.4586796786e-01 -3.6264083973e-18 -1.1181889897e+01 )	( 7.6651185659e-02 -1.1917001648e-20 -1.1714396943e-02 )
496              	( 3.2236162497e-01 -3.6410182744e-18 -1.1194342231e+01 )	( 2.4572358998e-01 -3.6270609031e-18 -1.1182624196e+01 )	( 7.6638034996e-02 -1.3957371240e-20 -1.1718035233e-02 )
497              	( 3.2223902236e-01 -3.6396483432e-18 -1.1195059041e+01 )	( 2.4558280491e-01 -3.6276938465e-18 -1.1183342630e+01 )	( 7.6656217444e-02 -1.1954496622e-20 -1.1716410665e-02 )
498              	( 3.2208941158e-01 -3.6423177544e-18 -1.1195771950e+01 )	( 2.4544639338e-01 -3.6283157090e-18 -1.1184051909e+01 )	( 7.6643018196e-02 -1.4002045477e-20 -1.1720041037e-02 )
499              	( 3.2197447734e-01 -3.6409103835e-18 -1.1196465116e+01 )	( 2.4531347724e-01 -3.6289191470e-18 -1.1184746666e+01 )	( 7.6661000104e-02 -1.1991236511e-20 -1.1718449514e-02 )
500              	( 3.2183225139e-01 -3.6435553503e-18 -1.1197152609e+01 )	( 2.4518454111e-01 -3.6295103845e-18 -1.1185430514e+01 )	( 7.6647710285e-02 -1.4044965823e-20 -1.1722094660e-02 )
501              	( 3.2172294746e-01 -3.6421096847e-18 -1.1197815590e+01 )	( 2.4505756962e-01 -3.6300837624e-18 -1.1186094996e+01 )	( 7.6665377837e-02 -1.2025922286e-20 -1.1720594158e-02 )
502              	( 3.2158612509e-01 -3.6447324484e-18 -1.1198473470e+01 )	( 2.4493426431e-01 -3.6306465735e-18 -1.1186749147e+01 )	( 7.6651860776e-02 -1.4085874877e-20 -1.1724322816e-02 )
503              	( 3.2148392544e-01 -3.6432509008e-18 -1.1199113450e+01 )	( 2.4481468920e-01 -3.6311922340e-18 -1.1187390552e+01 )	( 7.6669236240e-02 -1.2058666822e-20 -1.1722898453e-02 )
504              	( 3.2135431251e-01 -3.6458515630e-18 -1.1199747588e+01 )	( 2.4469872971e-01 -3.6317270742e-18 -1.1188020929e+01 )	( 7.6655582800e-02 -1.4124488803e-20 -1.1726659399e-02 )
505              	( 3.2125914772e-01 -3.6443351242e-18 -1.1200364020e+01 )	( 2.4458635802e-01 -3.6322461715e-18 -1.1188638765e+01 )	( 7.6672789700e-02 -1.2088952773e-20 -1.1725254646e-02 )
506              	( 3.2113579778e-01 -3.6469152182e-18 -1.1200972864e+01 )	( 2.4447668219e-01 -3.6327548550e-18 -1.1189243867e+01 )	( 7.6659115597e-02 -1.4160363261e-20 -1.1728997449e-02 )
507              	( 3.2104630344e-01 -3.6453635930e-18 -1.1201561855e+01 )	( 2.4437009813e-01 -3.6332470439e-18 -1.1189834266e+01 )	( 7.6676205306e-02 -1.2116549055e-20 -1.1727589011e-02 )
508              	( 3.2092891355e-01 -3.6479230336e-18 -1.1202145864e+01 )	( 2.4426639085e-01 -3.6337296279e-18 -1.1190414555e+01 )	( 7.6662522701e-02 -1.4193405638e-20 -1.1731308983e-02 )
509              	( 3.2084537278e-01 -3.6463371386e-18 -1.1202711357e+01 )	( 2.4416586713e-01 -3.6341958938e-18 -1.1190981464e+01 )	( 7.6679505657e-02 -1.2141244791e-20 -1.1729892940e-02 )
510              	( 3.2073431161e-01 -3.6488766440e-18 -1.1203273179e+01 )	( 2.4406848950e-01 -3.6346533701e-18 -1.1191539592e+01 )	( 7.6665822107e-02 -1.4223273926e-20 -1.1733586997e-02 )
511              	( 3.2065689831e-01 -3.6472575562e-18 -1.1203817078e+01 )	( 2.4397420291e-01 -3.6350948058e-18 -1.1192084913e+01 )	( 7.6682695408e-02 -1.2162750389e-20 -1.1732165067e-02 )
512              	( 3.2055204479e-01 -3.6497771623e-18 -1.1204358075e+01 )	( 2.4388301767e-01 -3.6355273234e-18 -1.1192622250e+01 )	( 7.6669027118e-02 -1.4249838915e-20 -1.1735825004e-02 )
513              	( 3.2048144619e-01 -3.6481261356e-18 -1.1204884964e+01 )	( 2.4379563339e-01 -3.6359452221e-18 -1.1193150579e+01 )	( 7.6685812798e-02 -1.2180913450e-20 -1.1734385520e-02 )
514              	( 3.2038365365e-01 -3.6506273241e-18 -1.1205410783e+01 )	( 2.4371149209e-01 -3.6363546421e-18 -1.1193672774e+01 )	( 7.6672161559e-02 -1.4272682074e-20 -1.1738009240e-02 )
515              	( 3.2031961355e-01 -3.6489448491e-18 -1.1205921880e+01 )	( 2.4363074912e-01 -3.6367496716e-18 -1.1194185331e+01 )	( 7.6688864431e-02 -1.2195177516e-20 -1.1736549180e-02 )
516              	( 3.2022826517e-01 -3.6514282763e-18 -1.1206432417e+01 )	( 2.4355302132e-01 -3.6371368219e-18 -1.1194692288e+01 )	( 7.6675243852e-02 -1.4291454408e-20 -1.1740128924e-02 )
517              	( 3.2017038779e-01 -3.6497151978e-18 -1.1206929107e+01 )	( 2.4347851147e-01 -3.6375097082e-18 -1.1195190466e+01 )	( 7.6691876322e-02 -1.2205489591e-20 -1.1738641383e-02 )
518              	( 3.2008511587e-01 -3.6521814483e-18 -1.1207425500e+01 )	( 2.4340681986e-01 -3.6378752301e-18 -1.1195683328e+01 )	( 7.6678296012e-02 -1.4306218218e-20 -1.1742171973e-02 )
519              	( 3.2003309194e-01 -3.6504388186e-18 -1.1207908483e+01 )	( 2.4333821702e-01 -3.6382270310e-18 -1.1196167836e+01 )	( 7.6694874920e-02 -1.2211787584e-20 -1.1740646835e-02 )
520              	( 3.1995374743e-01 -3.6528885268e-18 -1.1208391572e+01 )	( 2.4327236251e-01 -3.6385717572e-18 -1.1196647478e+01 )	( 7.6681384926e-02 -1.4316769607e-20 -1.1744094490e-02 )
521              	( 3.1990797757e-01 -3.6511165821e-18 -1.1208862845e+01 )	( 2.4321001825e-01 -3.6389027418e-18 -1.1197120345e+01 )	( 7.6697959317e-02 -1.2213840347e-20 -1.1742500410e-02 )
522              	( 3.1983420328e-01 -3.6535507911e-18 -1.1209334294e+01 )	( 2.4314965095e-01 -3.6392279579e-18 -1.1197588419e+01 )	( 7.6684552333e-02 -1.4322833189e-20 -1.1745875055e-02 )
523              	( 3.1979276436e-01 -3.6517515882e-18 -1.1209791701e+01 )	( 2.4309166547e-01 -3.6395401783e-18 -1.1198047470e+01 )	( 7.6701098899e-02 -1.2211409862e-20 -1.1744231344e-02 )
524              	( 3.1972328220e-01 -3.6541708753e-18 -1.1210248014e+01 )	( 2.4303551988e-01 -3.6398464636e-18 -1.1198500472e+01 )	( 7.6687762314e-02 -1.4324411708e-20 -1.1747541680e-02 )
525              	( 3.1968566667e-01 -3.6523455284e-18 -1.1210690212e+01 )	( 2.4298139379e-01 -3.6401408565e-18 -1.1198944358e+01 )	( 7.6704272881e-02 -1.2204671899e-20 -1.1745854177e-02 )
526              	( 3.1961974905e-01 -3.6547517019e-18 -1.1211130929e+01 )	( 2.4292874690e-01 -3.6404299966e-18 -1.1199381825e+01 )	( 7.6691002150e-02 -1.4321705236e-20 -1.1749103577e-02 )
527              	( 3.1958532970e-01 -3.6529012108e-18 -1.1211557208e+01 )	( 2.4287785675e-01 -3.6407073276e-18 -1.1199809833e+01 )	( 7.6707472949e-02 -1.2193883166e-20 -1.1747375504e-02 )
528              	( 3.1952237690e-01 -3.6552950693e-18 -1.1211981507e+01 )	( 2.4282811250e-01 -3.6409800470e-18 -1.1200230940e+01 )	( 7.6694264406e-02 -1.4315022324e-20 -1.1750566763e-02 )
529              	( 3.1949046303e-01 -3.6534213234e-18 -1.1212391032e+01 )	( 2.4277977052e-01 -3.6412419880e-18 -1.1200642232e+01 )	( 7.6710692513e-02 -1.2179335441e-20 -1.1748800339e-02 )
530              	( 3.1942994757e-01 -3.6558044321e-18 -1.1212798292e+01 )	( 2.4273240376e-01 -3.6414998039e-18 -1.1201046356e+01 )	( 7.6697543816e-02 -1.4304628118e-20 -1.1751935252e-02 )
531              	( 3.1940022899e-01 -3.6539083518e-18 -1.1213190469e+01 )	( 2.4268629992e-01 -3.6417470447e-18 -1.1201440337e+01 )	( 7.6713929071e-02 -1.2161307170e-20 -1.1750131628e-02 )
532              	( 3.1934174769e-01 -3.6562808338e-18 -1.1213580305e+01 )	( 2.4264090907e-01 -3.6419900026e-18 -1.1201827093e+01 )	( 7.6700838623e-02 -1.4290831208e-20 -1.1753211821e-02 )
533              	( 3.1931375167e-01 -3.6543627434e-18 -1.1213955246e+01 )	( 2.4259657529e-01 -3.6422226317e-18 -1.1202203872e+01 )	( 7.6717176378e-02 -1.2140111686e-20 -1.1751374119e-02 )
534              	( 3.1925694181e-01 -3.6567258849e-18 -1.1214327835e+01 )	( 2.4255280506e-01 -3.6424519863e-18 -1.1202573431e+01 )	( 7.6704136754e-02 -1.4273898553e-20 -1.1754403989e-02 )
535              	( 3.1923035749e-01 -3.6547875881e-18 -1.1214685410e+01 )	( 2.4250993729e-01 -3.6426716432e-18 -1.1202932873e+01 )	( 7.6720420200e-02 -1.2115944906e-20 -1.1752536657e-02 )
536              	( 3.1917493315e-01 -3.6571426606e-18 -1.1215041009e+01 )	( 2.4246750917e-01 -3.6428886891e-18 -1.1203285488e+01 )	( 7.6707423982e-02 -1.4253971493e-20 -1.1755520807e-02 )
537              	( 3.1914960482e-01 -3.6551852474e-18 -1.1215381816e+01 )	( 2.4242596121e-01 -3.6430963293e-18 -1.1203628186e+01 )	( 7.6723643605e-02 -1.2088918121e-20 -1.1753629773e-02 )
538              	( 3.1909554361e-01 -3.6575323672e-18 -1.1215720801e+01 )	( 2.4238487035e-01 -3.6433011597e-18 -1.1203964223e+01 )	( 7.6710673261e-02 -1.4231207559e-20 -1.1756577468e-02 )
539              	( 3.1907108734e-01 -3.6555567135e-18 -1.1216045122e+01 )	( 2.4234427843e-01 -3.6434974271e-18 -1.1204290451e+01 )	( 7.6726808908e-02 -1.2059286408e-20 -1.1754670371e-02 )
540              	( 3.1901714299e-01 -3.6578975169e-18 -1.1216364698e+01 )	( 2.4230328604e-01 -3.6436914615e-18 -1.1204607117e+01 )	( 7.6713856956e-02 -1.4206055379e-20 -1.1757580844e-02 )
541              	( 3.1899316622e-01 -3.6559050703e-18 -1.1216671843e+01 )	( 2.4226325072e-01 -3.6438773776e-18 -1.1204916191e+01 )	( 7.6729915502e-02 -1.2027692666e-20 -1.1755652116e-02 )
542              	( 3.1894052355e-01 -3.6582408017e-18 -1.1216978661e+01 )	( 2.4222353330e-01 -3.6440619220e-18 -1.1205220139e+01 )	( 7.6716990256e-02 -1.4178879695e-20 -1.1758522327e-02 )
543              	( 3.1891768309e-01 -3.6562323735e-18 -1.1217272257e+01 )	( 2.4218470729e-01 -3.6442383925e-18 -1.1205515684e+01 )	( 7.6732975802e-02 -1.1993980945e-20 -1.1756572915e-02 )
544              	( 3.1886628946e-01 -3.6585633646e-18 -1.1217565970e+01 )	( 2.4214621068e-01 -3.6444138972e-18 -1.1205806565e+01 )	( 7.6720078784e-02 -1.4149467464e-20 -1.1759405380e-02 )
545              	( 3.1884448759e-01 -3.6565396843e-18 -1.1217847485e+01 )	( 2.4210849534e-01 -3.6445815348e-18 -1.1206090047e+01 )	( 7.6735992249e-02 -1.1958149446e-20 -1.1757438137e-02 )
546              	( 3.1879431854e-01 -3.6588659365e-18 -1.1218129960e+01 )	( 2.4207119688e-01 -3.6447480305e-18 -1.1206369723e+01 )	( 7.6723121662e-02 -1.4117906001e-20 -1.1760236430e-02 )
547              	( 3.1877375251e-01 -3.6568275155e-18 -1.1218401202e+01 )	( 2.4203479102e-01 -3.6449072240e-18 -1.1206642947e+01 )	( 7.6738961496e-02 -1.1920291441e-20 -1.1758254425e-02 )
548              	( 3.1872501484e-01 -3.6591501184e-18 -1.1218674340e+01 )	( 2.4199889919e-01 -3.6450658704e-18 -1.1206913319e+01 )	( 7.6726115650e-02 -1.4084247916e-20 -1.1761021140e-02 )
549              	( 3.1870589254e-01 -3.6570980774e-18 -1.1218937297e+01 )	( 2.4196401124e-01 -3.6452176917e-18 -1.1207178271e+01 )	( 7.6741881297e-02 -1.1880385738e-20 -1.1759026370e-02 )
550              	( 3.1865885785e-01 -3.6594178856e-18 -1.1219203402e+01 )	( 2.4192979855e-01 -3.6453694649e-18 -1.1207441639e+01 )	( 7.6729059299e-02 -1.4048420744e-20 -1.1761763330e-02 )
551              	( 3.1864148954e-01 -3.6573528711e-18 -1.1219460012e+01 )	( 2.4189673771e-01 -3.6455145160e-18 -1.1207700255e+01 )	( 7.6744751829e-02 -1.1838355094e-20 -1.1759756846e-02 )
552              	( 3.1859649067e-01 -3.6596704275e-18 -1.1219721468e+01 )	( 2.4186453612e-01 -3.6456600849e-18 -1.1207959003e+01 )	( 7.6731954557e-02 -1.4010342609e-20 -1.1762464913e-02 )
553              	( 3.1858119260e-01 -3.6575935942e-18 -1.1219974529e+01 )	( 2.4183361878e-01 -3.6457995504e-18 -1.1208214081e+01 )	( 7.6747573817e-02 -1.1794043764e-20 -1.1760447950e-02 )
554              	( 3.1853843698e-01 -3.6599092050e-18 -1.1220232760e+01 )	( 2.4180363286e-01 -3.6459393407e-18 -1.1208469633e+01 )	( 7.6734804121e-02 -1.3969864260e-20 -1.1763127171e-02 )
555              	( 3.1852547879e-01 -3.6578206352e-18 -1.1220484245e+01 )	( 2.4177512443e-01 -3.6460732668e-18 -1.1208723146e+01 )	( 7.6750354359e-02 -1.1747368411e-20 -1.1761098928e-02 )
556              	( 3.1848533897e-01 -3.6601349268e-18 -1.1220742048e+01 )	( 2.4174772453e-01 -3.6462080413e-18 -1.1208978299e+01 )	( 7.6737614443e-02 -1.3926885473e-20 -1.1763749302e-02 )
557              	( 3.1847491224e-01 -3.6580354515e-18 -1.1220993502e+01 )	( 2.4172181518e-01 -3.6463372486e-18 -1.1209231792e+01 )	( 7.6753097062e-02 -1.1698202866e-20 -1.1761710320e-02 )
558              	( 3.1843752498e-01 -3.6603487792e-18 -1.1221252300e+01 )	( 2.4169713678e-01 -3.6464674653e-18 -1.1209487968e+01 )	( 7.6740388193e-02 -1.3881313872e-20 -1.1764332216e-02 )
559              	( 3.1842985811e-01 -3.6582389752e-18 -1.1221505454e+01 )	( 2.4167405315e-01 -3.6465924945e-18 -1.1209743171e+01 )	( 7.6755804963e-02 -1.1646480663e-20 -1.1762282853e-02 )
560              	( 3.1839542923e-01 -3.6605520162e-18 -1.1221766816e+01 )	( 2.4165230101e-01 -3.6467189375e-18 -1.1210001939e+01 )	( 7.6743128219e-02 -1.3833078672e-20 -1.1764876782e-02 )
561              	( 3.1839083565e-01 -3.6584324201e-18 -1.1222023809e+01 )	( 2.4163235482e-01 -3.6468403257e-18 -1.1210260992e+01 )	( 7.6758480823e-02 -1.1592094422e-20 -1.1762817360e-02 )
562              	( 3.1835951332e-01 -3.6607453467e-18 -1.1222289102e+01 )	( 2.4161367529e-01 -3.6469632687e-18 -1.1210523719e+01 )	( 7.6745838035e-02 -1.3782078026e-20 -1.1765383422e-02 )
563              	( 3.1835782738e-01 -3.6586166207e-18 -1.1222550163e+01 )	( 2.4159669720e-01 -3.6470816005e-18 -1.1210786850e+01 )	( 7.6761130175e-02 -1.1535020214e-20 -1.1763313284e-02 )
564              	( 3.1832950834e-01 -3.6609301619e-18 -1.1222819751e+01 )	( 2.4158098458e-01 -3.6472018461e-18 -1.1211053900e+01 )	( 7.6748523755e-02 -1.3728315835e-20 -1.1765851303e-02 )
565              	( 3.1833060852e-01 -3.6587925094e-18 -1.1223084962e+01 )	( 2.4156685123e-01 -3.6473172594e-18 -1.1211321191e+01 )	( 7.6763757287e-02 -1.1475249978e-20 -1.1763770669e-02 )
566              	( 3.1830497256e-01 -3.6611067218e-18 -1.1223358278e+01 )	( 2.4155378262e-01 -3.6474348509e-18 -1.1211591998e+01 )	( 7.6751189942e-02 -1.3671870959e-20 -1.1766280172e-02 )
567              	( 3.1830862614e-01 -3.6589609729e-18 -1.1223628186e+01 )	( 2.4154225799e-01 -3.6475480527e-18 -1.1211863998e+01 )	( 7.6766368153e-02 -1.1412920190e-20 -1.1764188303e-02 )
568              	( 3.1828548867e-01 -3.6612762112e-18 -1.1223905988e+01 )	( 2.4153164819e-01 -3.6476633692e-18 -1.1212139318e+01 )	( 7.6753840477e-02 -1.3612842018e-20 -1.1766669748e-02 )
569              	( 3.1829103894e-01 -3.6591225505e-18 -1.1224178292e+01 )	( 2.4152207293e-01 -3.6477743432e-18 -1.1212413725e+01 )	( 7.6768966007e-02 -1.1348207244e-20 -1.1764566412e-02 )
570              	( 3.1826921223e-01 -3.6614378332e-18 -1.1224455531e+01 )	( 2.4151272915e-01 -3.6478875429e-18 -1.1212688513e+01 )	( 7.6756483085e-02 -1.3550290329e-20 -1.1767017858e-02 )
571              	( 3.1827620009e-01 -3.6592747843e-18 -1.1224728238e+01 )	( 2.4150463689e-01 -3.6479967066e-18 -1.1212963339e+01 )	( 7.6771563200e-02 -1.1278077634e-20 -1.1764899877e-02 )
572              	( 3.1825619529e-01 -3.6615906819e-18 -1.1225007924e+01 )	( 2.4149706670e-01 -3.6481084029e-18 -1.1213240604e+01 )	( 7.6759128582e-02 -1.3482279008e-20 -1.1767320254e-02 )
573              	( 3.1826442880e-01 -3.6594198449e-18 -1.1225281764e+01 )	( 2.4149026600e-01 -3.6482161315e-18 -1.1213516575e+01 )	( 7.6774162801e-02 -1.1203713392e-20 -1.1765189100e-02 )
574              	( 3.1824540023e-01 -3.6617369208e-18 -1.1225561365e+01 )	( 2.4148362273e-01 -3.6483263013e-18 -1.1213793786e+01 )	( 7.6761777498e-02 -1.3410619552e-20 -1.1767578912e-02 )
575              	( 3.1825437001e-01 -3.6595588327e-18 -1.1225835253e+01 )	( 2.4147760234e-01 -3.6484325276e-18 -1.1214069818e+01 )	( 7.6776767664e-02 -1.1126305154e-20 -1.1765434756e-02 )
576              	( 3.1823583152e-01 -3.6618777362e-18 -1.1226113346e+01 )	( 2.4147140078e-01 -3.6485414049e-18 -1.1214345550e+01 )	( 7.6764430744e-02 -1.3336331334e-20 -1.1767795443e-02 )
577              	( 3.1824498714e-01 -3.6596932930e-18 -1.1226385378e+01 )	( 2.4146559425e-01 -3.6486465309e-18 -1.1214619749e+01 )	( 7.6779392893e-02 -1.1046762092e-20 -1.1765628208e-02 )
578              	( 3.1822688106e-01 -3.6620145555e-18 -1.1226662073e+01 )	( 2.4145975563e-01 -3.6487543659e-18 -1.1214894127e+01 )	( 7.6767125431e-02 -1.3260189620e-20 -1.1767946240e-02 )
579              	( 3.1823611452e-01 -3.6598243852e-18 -1.1226931954e+01 )	( 2.4145406012e-01 -3.6488586805e-18 -1.1215166193e+01 )	( 7.6782054401e-02 -1.0965704702e-20 -1.1765761436e-02 )
580              	( 3.1821772045e-01 -3.6621488159e-18 -1.1227205802e+01 )	( 2.4144787906e-01 -3.6489661031e-18 -1.1215437754e+01 )	( 7.6769841388e-02 -1.3182712846e-20 -1.1768048245e-02 )
581              	( 3.1822637411e-01 -3.6599536230e-18 -1.1227471699e+01 )	( 2.4144164171e-01 -3.6490700032e-18 -1.1215705849e+01 )	( 7.6784732396e-02 -1.0883619862e-20 -1.1765850111e-02 )
582              	( 3.1820737566e-01 -3.6622811715e-18 -1.1227741264e+01 )	( 2.4143480385e-01 -3.6491767658e-18 -1.1215973156e+01 )	( 7.6772571813e-02 -1.3104405754e-20 -1.1768108035e-02 )
583              	( 3.1821532130e-01 -3.6600808161e-18 -1.1228003362e+01 )	( 2.4142789896e-01 -3.6492798077e-18 -1.1216237463e+01 )	( 7.6787422343e-02 -1.0801008334e-20 -1.1765899073e-02 )
584              	( 3.1819558224e-01 -3.6624115882e-18 -1.1228268352e+01 )	( 2.4142027150e-01 -3.6493858838e-18 -1.1216500221e+01 )	( 7.6775310735e-02 -1.3025704413e-20 -1.1768130902e-02 )
585              	( 3.1820263333e-01 -3.6602067819e-18 -1.1228525772e+01 )	( 2.4141251425e-01 -3.6494885407e-18 -1.1216759859e+01 )	( 7.6790119084e-02 -1.0718241154e-20 -1.1765913210e-02 )
586              	( 3.1818211846e-01 -3.6625412480e-18 -1.1228786504e+01 )	( 2.4140406521e-01 -3.6495943461e-18 -1.1217018382e+01 )	( 7.6778053248e-02 -1.2946901896e-20 -1.1768121873e-02 )
587              	( 3.1818829428e-01 -3.6603324335e-18 -1.1229039761e+01 )	( 2.4139547842e-01 -3.6496969149e-18 -1.1217273863e+01 )	( 7.6792815857e-02 -1.0635518605e-20 -1.1765898067e-02 )
588              	( 3.1816698313e-01 -3.6626706598e-18 -1.1229296206e+01 )	( 2.4138619205e-01 -3.6498024753e-18 -1.1217528120e+01 )	( 7.6780791078e-02 -1.2868184440e-20 -1.1768086423e-02 )
589              	( 3.1817223932e-01 -3.6604578277e-18 -1.1229545070e+01 )	( 2.4137673509e-01 -3.6499047680e-18 -1.1217779210e+01 )	( 7.6795504232e-02 -1.0553059685e-20 -1.1765859708e-02 )
590              	( 3.1815016744e-01 -3.6628000956e-18 -1.1229797514e+01 )	( 2.4136665010e-01 -3.6500103152e-18 -1.1218029484e+01 )	( 7.6783517336e-02 -1.2789780402e-20 -1.1768030165e-02 )
591              	( 3.1815462450e-01 -3.6605837996e-18 -1.1230042746e+01 )	( 2.4135644530e-01 -3.6501127653e-18 -1.1218276944e+01 )	( 7.6798179192e-02 -1.0471034235e-20 -1.1765802224e-02 )
592              	( 3.1813187162e-01 -3.6629299579e-18 -1.1230291695e+01 )	( 2.4134564447e-01 -3.6502181728e-18 -1.1218523738e+01 )	( 7.6786227147e-02 -1.2711785146e-20 -1.1767957118e-02 )
593              	( 3.1813555492e-01 -3.6607103074e-18 -1.1230533526e+01 )	( 2.4133472003e-01 -3.6503207641e-18 -1.1218767795e+01 )	( 7.6800834886e-02 -1.0389543273e-20 -1.1765730333e-02 )
594              	( 3.1811209825e-01 -3.6630611092e-18 -1.1230779518e+01 )	( 2.4132318356e-01 -3.6504268109e-18 -1.1219011646e+01 )	( 7.6788914698e-02 -1.2634298279e-20 -1.1767871730e-02 )
595              	( 3.1811498953e-01 -3.6608388512e-18 -1.1231017943e+01 )	( 2.4131152331e-01 -3.6505302127e-18 -1.1219252295e+01 )	( 7.6803466216e-02 -1.0308638531e-20 -1.1765647934e-02 )
596              	( 3.1809084726e-01 -3.6631946952e-18 -1.1231260741e+01 )	( 2.4129927165e-01 -3.6506373244e-18 -1.1219492963e+01 )	( 7.6791575614e-02 -1.2557370737e-20 -1.1767777641e-02 )
597              	( 3.1809299544e-01 -3.6609699213e-18 -1.1231496478e+01 )	( 2.4128692610e-01 -3.6507415235e-18 -1.1219730919e+01 )	( 7.6806069339e-02 -1.0228397803e-20 -1.1765558222e-02 )
598              	( 3.1806870009e-01 -3.6633305821e-18 -1.1231738138e+01 )	( 2.4127449425e-01 -3.6508495020e-18 -1.1219970460e+01 )	( 7.6794205834e-02 -1.2481080192e-20 -1.1767677928e-02 )
599              	( 3.1807048872e-01 -3.6611034435e-18 -1.1231972334e+01 )	( 2.4126184942e-01 -3.6509545736e-18 -1.1220206869e+01 )	( 7.6808639291e-02 -1.0148869826e-20 -1.1765464762e-02 )
600              	( 3.1804528516e-01 -3.6634687750e-18 -1.1232210554e+01 )	( 2.4124848306e-01 -3.6510632570e-18 -1.1220442979e+01 )	( 7.6796802093e-02 -1.2405518033e-20 -1.1767575239e-02 )
601              	( 3.1804602992e-01 -3.6612394727e-18 -1.1232441442e+01 )	( 2.4123485219e-01 -3.6511691926e-18 -1.1220676075e+01 )	( 7.6811177732e-02 -1.0070280137e-20 -1.1765367454e-02 )
602              	( 3.1801986309e-01 -3.6636097036e-18 -1.1232676378e+01 )	( 2.4122049468e-01 -3.6512787554e-18 -1.1220908910e+01 )	( 7.6799368403e-02 -1.2330948214e-20 -1.1767468119e-02 )
603              	( 3.1801958232e-01 -3.6613783619e-18 -1.1232903912e+01 )	( 2.4120589523e-01 -3.6513855525e-18 -1.1221138646e+01 )	( 7.6813687096e-02 -9.9928094565e-21 -1.1765265643e-02 )
604              	( 3.1799252064e-01 -3.6637535848e-18 -1.1233135820e+01 )	( 2.4119061444e-01 -3.6514960945e-18 -1.1221368463e+01 )	( 7.6801906193e-02 -1.2257490282e-20 -1.1767356337e-02 )
605              	( 3.1799131176e-01 -3.6615205059e-18 -1.1233360514e+01 )	( 2.4117514289e-01 -3.6516039695e-18 -1.1221595355e+01 )	( 7.6816168868e-02 -9.9165363287e-21 -1.1765158885e-02 )
606              	( 3.1796341201e-01 -3.6639008905e-18 -1.1233589750e+01 )	( 2.4115899497e-01 -3.6517157208e-18 -1.1221822511e+01 )	( 7.6804417047e-02 -1.2185169695e-20 -1.1767239386e-02 )
607              	( 3.1796126776e-01 -3.6616663408e-18 -1.1233811772e+01 )	( 2.4114264263e-01 -3.6518248802e-18 -1.1222046726e+01 )	( 7.6818625128e-02 -9.8414605752e-21 -1.1765046488e-02 )
608              	( 3.1793249462e-01 -3.6640521258e-18 -1.1234038394e+01 )	( 2.4112559094e-01 -3.6519381322e-18 -1.1222271278e+01 )	( 7.6806903684e-02 -1.2113993599e-20 -1.1767116249e-02 )
609              	( 3.1792937979e-01 -3.6618163614e-18 -1.1234257580e+01 )	( 2.4110832107e-01 -3.6520487698e-18 -1.1222492653e+01 )	( 7.6821058714e-02 -9.7675915335e-21 -1.1764927356e-02 )
610              	( 3.1789968015e-01 -3.6642072706e-18 -1.1234481337e+01 )	( 2.4109031181e-01 -3.6521632708e-18 -1.1222714351e+01 )	( 7.6809368346e-02 -1.2043999767e-20 -1.1766986058e-02 )
611              	( 3.1789551872e-01 -3.6619701533e-18 -1.1234697798e+01 )	( 2.4107204691e-01 -3.6522751355e-18 -1.1222932998e+01 )	( 7.6823471806e-02 -9.6950177494e-21 -1.1764800554e-02 )
612              	( 3.1786501530e-01 -3.6643661448e-18 -1.1234919237e+01 )	( 2.4105320172e-01 -3.6523908834e-18 -1.1223152389e+01 )	( 7.6811813585e-02 -1.1975261421e-20 -1.1766847747e-02 )
613              	( 3.1786013016e-01 -3.6621278159e-18 -1.1235133652e+01 )	( 2.4103426398e-01 -3.6525040752e-18 -1.1223368986e+01 )	( 7.6825866183e-02 -9.6237407018e-21 -1.1764665569e-02 )
614              	( 3.1782876117e-01 -3.6645288835e-18 -1.1235352376e+01 )	( 2.4101451914e-01 -3.6526211164e-18 -1.1223585676e+01 )	( 7.6814242021e-02 -1.1907767083e-20 -1.1766700460e-02 )
615              	( 3.1782277565e-01 -3.6622895619e-18 -1.1235563806e+01 )	( 2.4099452922e-01 -3.6527357561e-18 -1.1223799286e+01 )	( 7.6828246427e-02 -9.5538058432e-21 -1.1764520434e-02 )
616              	( 3.1779035949e-01 -3.6646959287e-18 -1.1235779402e+01 )	( 2.4097370416e-01 -3.6528543330e-18 -1.1224012859e+01 )	( 7.6816655333e-02 -1.1841595728e-20 -1.1766543516e-02 )
617              	( 3.1778311908e-01 -3.6624557091e-18 -1.1235987394e+01 )	( 2.4095250757e-01 -3.6529704187e-18 -1.1224223028e+01 )	( 7.6830611504e-02 -9.4852903661e-21 -1.1764365869e-02 )
618              	( 3.1774948343e-01 -3.6648672300e-18 -1.1236199294e+01 )	( 2.4093042857e-01 -3.6530903845e-18 -1.1224432917e+01 )	( 7.6819054866e-02 -1.1776845444e-20 -1.1766376489e-02 )
619              	( 3.1774091851e-01 -3.6626261275e-18 -1.1236403492e+01 )	( 2.4090795429e-01 -3.6532078192e-18 -1.1224639292e+01 )	( 7.6832964227e-02 -9.4183083126e-21 -1.1764200608e-02 )
620              	( 3.1770600854e-01 -3.6650427127e-18 -1.1236611419e+01 )	( 2.4088456540e-01 -3.6533291119e-18 -1.1224845221e+01 )	( 7.6821443138e-02 -1.1713600814e-20 -1.1766198291e-02 )
621              	( 3.1769602509e-01 -3.6628007833e-18 -1.1236811657e+01 )	( 2.4086071803e-01 -3.6534478859e-18 -1.1225047633e+01 )	( 7.6835307067e-02 -9.3528974604e-21 -1.1764023701e-02 )
622              	( 3.1765976020e-01 -3.6652222710e-18 -1.1237015056e+01 )	( 2.4083594002e-01 -3.6535703829e-18 -1.1225249047e+01 )	( 7.6823820177e-02 -1.1651888125e-20 -1.1766009102e-02 )
623              	( 3.1764831509e-01 -3.6629795436e-18 -1.1237210553e+01 )	( 2.4081067917e-01 -3.6536904369e-18 -1.1225446716e+01 )	( 7.6837635919e-02 -9.2891066883e-21 -1.1763837283e-02 )
624              	( 3.1761062080e-01 -3.6654060470e-18 -1.1237409516e+01 )	( 2.4078443896e-01 -3.6538142855e-18 -1.1225643705e+01 )	( 7.6826181837e-02 -1.1591761489e-20 -1.1765811223e-02 )
625              	( 3.1759769674e-01 -3.6631625165e-18 -1.1237600104e+01 )	( 2.4075774799e-01 -3.6539355257e-18 -1.1225836461e+01 )	( 7.6839948751e-02 -9.2269908305e-21 -1.1763642794e-02 )
626              	( 3.1755851719e-01 -3.6655939009e-18 -1.1237793977e+01 )	( 2.4072999042e-01 -3.6540605796e-18 -1.1226028371e+01 )	( 7.6828526776e-02 -1.1533321290e-20 -1.1765605795e-02 )
627              	( 3.1754402974e-01 -3.6633496899e-18 -1.1237979282e+01 )	( 2.4070178380e-01 -3.6541829916e-18 -1.1226215842e+01 )	( 7.6842245932e-02 -9.1666982805e-21 -1.1763440565e-02 )
628              	( 3.1750337565e-01 -3.6657858756e-18 -1.1238167816e+01 )	( 2.4067252045e-01 -3.6543091812e-18 -1.1226402423e+01 )	( 7.6830855203e-02 -1.1476694387e-20 -1.1765393242e-02 )
629              	( 3.1748730623e-01 -3.6635409880e-18 -1.1238347630e+01 )	( 2.4064278253e-01 -3.6544326864e-18 -1.1226584397e+01 )	( 7.6844523697e-02 -9.1083016688e-21 -1.1763232833e-02 )
630              	( 3.1744519240e-01 -3.6659817719e-18 -1.1238530322e+01 )	( 2.4061203269e-01 -3.6545598424e-18 -1.1226765144e+01 )	( 7.6833159706e-02 -1.1421929522e-20 -1.1765177480e-02 )
631              	( 3.1742760834e-01 -3.6637361357e-18 -1.1238704602e+01 )	( 2.4058083409e-01 -3.6546842964e-18 -1.1226941578e+01 )	( 7.6846774244e-02 -9.0518393128e-21 -1.1763023703e-02 )
632              	( 3.1738415156e-01 -3.6661813654e-18 -1.1238881764e+01 )	( 2.4054871456e-01 -3.6548123236e-18 -1.1227116805e+01 )	( 7.6835436999e-02 -1.1369041824e-20 -1.1764959760e-02 )
633              	( 3.1736536896e-01 -3.6639348216e-18 -1.1239051038e+01 )	( 2.4051636224e-01 -3.6549375336e-18 -1.1227288232e+01 )	( 7.6849006721e-02 -8.9972879639e-21 -1.1762805528e-02 )
634              	( 3.1732098638e-01 -3.6663842711e-18 -1.1239223808e+01 )	( 2.4048328306e-01 -3.6550663100e-18 -1.1227459080e+01 )	( 7.6837703319e-02 -1.1317961108e-20 -1.1764727483e-02 )
635              	( 3.1730091399e-01 -3.6641367837e-18 -1.1239387758e+01 )	( 2.4044969227e-01 -3.6551922171e-18 -1.1227625180e+01 )	( 7.6851221717e-02 -8.9445665771e-21 -1.1762577984e-02 )
636              	( 3.1725496131e-01 -3.6665902730e-18 -1.1239553935e+01 )	( 2.4041501759e-01 -3.6553215827e-18 -1.1227789443e+01 )	( 7.6839943714e-02 -1.1268690308e-20 -1.1764492238e-02 )
637              	( 3.1723254988e-01 -3.6643417839e-18 -1.1239707366e+01 )	( 2.4037913872e-01 -3.6554478251e-18 -1.1227945018e+01 )	( 7.6853411156e-02 -8.8939587298e-21 -1.1762348252e-02 )
638              	( 3.1718469262e-01 -3.6667992211e-18 -1.1239863168e+01 )	( 2.4034252473e-01 -3.6555773507e-18 -1.1228098917e+01 )	( 7.6842167893e-02 -1.1221870387e-20 -1.1764250904e-02 )
639              	( 3.1716139607e-01 -3.6645497991e-18 -1.1240010280e+01 )	( 2.4030580593e-01 -3.6557038073e-18 -1.1228248170e+01 )	( 7.6855590140e-02 -8.8459917582e-21 -1.1762109949e-02 )
640              	( 3.1711259474e-01 -3.6670110252e-18 -1.1240160106e+01 )	( 2.4026821167e-01 -3.6558335283e-18 -1.1228396106e+01 )	( 7.6844383063e-02 -1.1177496904e-20 -1.1764000197e-02 )
641              	( 3.1708812350e-01 -3.6647604939e-18 -1.1240300722e+01 )	( 2.4023035265e-01 -3.6559600714e-18 -1.1228538865e+01 )	( 7.6857770856e-02 -8.8004225058e-21 -1.1761857208e-02 )
642              	( 3.1703825655e-01 -3.6672251166e-18 -1.1240443921e+01 )	( 2.4019164989e-01 -3.6560897002e-18 -1.1228680189e+01 )	( 7.6846606662e-02 -1.1135416472e-20 -1.1763731932e-02 )
643              	( 3.1701269297e-01 -3.6649732358e-18 -1.1240578158e+01 )	( 2.4015273698e-01 -3.6562160783e-18 -1.1228816569e+01 )	( 7.6859955984e-02 -8.7571575064e-21 -1.1761588951e-02 )
644              	( 3.1696196974e-01 -3.6674409280e-18 -1.1240715207e+01 )	( 2.4011314854e-01 -3.6563454037e-18 -1.1228951753e+01 )	( 7.6848821200e-02 -1.1095524264e-20 -1.1763454605e-02 )
645              	( 3.1693525724e-01 -3.6651874416e-18 -1.1240842453e+01 )	( 2.4007313341e-01 -3.6564713481e-18 -1.1229081137e+01 )	( 7.6862123829e-02 -8.7160934949e-21 -1.1761315662e-02 )
646              	( 3.1688361578e-01 -3.6676579702e-18 -1.1240971897e+01 )	( 2.4003258351e-01 -3.6566001216e-18 -1.1229208731e+01 )	( 7.6851032267e-02 -1.1057848546e-20 -1.1763166041e-02 )
647              	( 3.1685641384e-01 -3.6654027484e-18 -1.1241092321e+01 )	( 2.3999209753e-01 -3.6567253054e-18 -1.1229331302e+01 )	( 7.6864316305e-02 -8.6774429477e-21 -1.1761018383e-02 )
648              	( 3.1680437332e-01 -3.6678759070e-18 -1.1241215513e+01 )	( 2.3995108231e-01 -3.6568533322e-18 -1.1229452671e+01 )	( 7.6853291018e-02 -1.1022574791e-20 -1.1762842347e-02 )
649              	( 3.1677672369e-01 -3.6656189941e-18 -1.1241330196e+01 )	( 2.3991016039e-01 -3.6569778130e-18 -1.1229569514e+01 )	( 7.6866563293e-02 -8.6411811465e-21 -1.1760682241e-02 )
650              	( 3.1672425643e-01 -3.6680945427e-18 -1.1241447876e+01 )	( 2.3986865664e-01 -3.6571050008e-18 -1.1229685395e+01 )	( 7.6855599790e-02 -1.0989541826e-20 -1.1762481414e-02 )
651              	( 3.1669618869e-01 -3.6658357770e-18 -1.1241557038e+01 )	( 2.3982733378e-01 -3.6572286318e-18 -1.1229796727e+01 )	( 7.6868854908e-02 -8.6071451682e-21 -1.1760311111e-02 )
652              	( 3.1664345398e-01 -3.6683136309e-18 -1.1241669248e+01 )	( 2.3978550690e-01 -3.6573550038e-18 -1.1229907160e+01 )	( 7.6857947070e-02 -1.0958627150e-20 -1.1762088166e-02 )
653              	( 3.1661586302e-01 -3.6660527527e-18 -1.1241775311e+01 )	( 2.3974468990e-01 -3.6574775751e-18 -1.1230015397e+01 )	( 7.6871173124e-02 -8.5751776010e-21 -1.1759913675e-02 )
654              	( 3.1656355271e-01 -3.6685322618e-18 -1.1241884065e+01 )	( 2.3970324475e-01 -3.6576026717e-18 -1.1230122389e+01 )	( 7.6860307955e-02 -1.0929590059e-20 -1.1761675736e-02 )
655              	( 3.1653509311e-01 -3.6662689270e-18 -1.1241983123e+01 )	( 2.3966159391e-01 -3.6577238392e-18 -1.1230223623e+01 )	( 7.6873499205e-02 -8.5450878071e-21 -1.1759500101e-02 )
656              	( 3.1648170960e-01 -3.6687498651e-18 -1.1242084029e+01 )	( 2.3961903667e-01 -3.6578474386e-18 -1.1230322780e+01 )	( 7.6862672937e-02 -1.0902426521e-20 -1.1761248022e-02 )
657              	( 3.1645197399e-01 -3.6664839657e-18 -1.1242174674e+01 )	( 2.3957614591e-01 -3.6579669671e-18 -1.1230415603e+01 )	( 7.6875828082e-02 -8.5169986353e-21 -1.1759070877e-02 )
658              	( 3.1639719526e-01 -3.6689660901e-18 -1.1242265745e+01 )	( 2.3953215202e-01 -3.6580888007e-18 -1.1230504942e+01 )	( 7.6865043245e-02 -1.0877289340e-20 -1.1760802884e-02 )
659              	( 3.1636572267e-01 -3.6666975308e-18 -1.1242345553e+01 )	( 2.3948755713e-01 -3.6582064544e-18 -1.1230586931e+01 )	( 7.6878165548e-02 -8.4910763608e-21 -1.1758622226e-02 )
660              	( 3.1630904531e-01 -3.6691806615e-18 -1.1242424804e+01 )	( 2.3944162014e-01 -3.6583262854e-18 -1.1230664468e+01 )	( 7.6867425172e-02 -1.0854376130e-20 -1.1760336361e-02 )
661              	( 3.1627543207e-01 -3.6669094563e-18 -1.1242491842e+01 )	( 2.3939491485e-01 -3.6584418945e-18 -1.1230733692e+01 )	( 7.6880517223e-02 -8.4675617759e-21 -1.1758150694e-02 )
662              	( 3.1621637896e-01 -3.6693933519e-18 -1.1242556758e+01 )	( 2.3934654876e-01 -3.6585593812e-18 -1.1230796916e+01 )	( 7.6869830201e-02 -1.0833970699e-20 -1.1759842550e-02 )
663              	( 3.1618039581e-01 -3.6671194344e-18 -1.1242609141e+01 )	( 2.3929749324e-01 -3.6586726632e-18 -1.1230851494e+01 )	( 7.6882902569e-02 -8.4467712064e-21 -1.1757646905e-02 )
664              	( 3.1611926015e-01 -3.6696043250e-18 -1.1242658536e+01 )	( 2.3924698627e-01 -3.6587879285e-18 -1.1230899222e+01 )	( 7.6872273885e-02 -1.0816396428e-20 -1.1759314544e-02 )
665              	( 3.1608106090e-01 -3.6673278177e-18 -1.1242693593e+01 )	( 2.3919570992e-01 -3.6588986575e-18 -1.1230936495e+01 )	( 7.6885350985e-02 -8.4291601873e-21 -1.1757098115e-02 )
666              	( 3.1601766309e-01 -3.6698134850e-18 -1.1242725480e+01 )	( 2.3914284347e-01 -3.6590112473e-18 -1.1230966757e+01 )	( 7.6874819629e-02 -1.0802237746e-20 -1.1758722945e-02 )
667              	( 3.1597738534e-01 -3.6675344071e-18 -1.1242744356e+01 )	( 2.3908944999e-01 -3.6591192745e-18 -1.1230987887e+01 )	( 7.6887935350e-02 -8.4151326663e-21 -1.1756468864e-02 )
668              	( 3.1591413776e-01 -3.6700203822e-18 -1.1242769393e+01 )	( 2.3903660466e-01 -3.6592291657e-18 -1.1231011358e+01 )	( 7.6877533096e-02 -1.0791216435e-20 -1.1758034626e-02 )
669              	( 3.1587472845e-01 -3.6677378800e-18 -1.1242786661e+01 )	( 2.3898403938e-01 -3.6593345319e-18 -1.1231030919e+01 )	( 7.6890689062e-02 -8.4033481413e-21 -1.1755741426e-02 )
670              	( 3.1580988675e-01 -3.6702234747e-18 -1.1242799590e+01 )	( 2.3892953054e-01 -3.6594415284e-18 -1.1231042313e+01 )	( 7.6880356203e-02 -1.0781946288e-20 -1.1757276977e-02 )
671              	( 3.1576804149e-01 -3.6679376263e-18 -1.1242800158e+01 )	( 2.3887455278e-01 -3.6595437620e-18 -1.1231045183e+01 )	( 7.6893488706e-02 -8.3938643454e-21 -1.1754975428e-02 )
672              	( 3.1570250554e-01 -3.6704229459e-18 -1.1242801061e+01 )	( 2.3881928950e-01 -3.6596475469e-18 -1.1231044576e+01 )	( 7.6883216044e-02 -1.0775399079e-20 -1.1756484924e-02 )
673              	( 3.1566103813e-01 -3.6681338451e-18 -1.1242793146e+01 )	( 2.3876470812e-01 -3.6597467050e-18 -1.1231038972e+01 )	( 7.6896330008e-02 -8.3871401490e-21 -1.1754173665e-02 )
674              	( 3.1559467417e-01 -3.6706186635e-18 -1.1242782236e+01 )	( 2.3870856412e-01 -3.6598472041e-18 -1.1231026574e+01 )	( 7.6886110048e-02 -1.0771459418e-20 -1.1755662030e-02 )
675              	( 3.1554998757e-01 -3.6683261843e-18 -1.1242755868e+01 )	( 2.3865079641e-01 -3.6599428818e-18 -1.1231002520e+01 )	( 7.6899191154e-02 -8.3833024722e-21 -1.1753347493e-02 )
676              	( 3.1548201845e-01 -3.6708106227e-18 -1.1242731191e+01 )	( 2.3859303803e-01 -3.6600400241e-18 -1.1230976358e+01 )	( 7.6888980420e-02 -1.0770598600e-20 -1.1754833672e-02 )
677              	( 3.1543745265e-01 -3.6685147448e-18 -1.1242696780e+01 )	( 2.3853546640e-01 -3.6601323163e-18 -1.1230944244e+01 )	( 7.6901986250e-02 -8.3824284879e-21 -1.1752535867e-02 )
678              	( 3.1536866506e-01 -3.6709982850e-18 -1.1242661887e+01 )	( 2.3847688751e-01 -3.6602259552e-18 -1.1230907862e+01 )	( 7.6891777553e-02 -1.0772329867e-20 -1.1754024167e-02 )
679              	( 3.1532285807e-01 -3.6686989032e-18 -1.1242615022e+01 )	( 2.3841813752e-01 -3.6603147233e-18 -1.1230863285e+01 )	( 7.6904720557e-02 -8.3841798991e-21 -1.1751737525e-02 )
680              	( 3.1525442876e-01 -3.6711816937e-18 -1.1242571423e+01 )	( 2.3835990759e-01 -3.6604049562e-18 -1.1230818198e+01 )	( 7.6894521167e-02 -1.0776737562e-20 -1.1753224721e-02 )
681              	( 3.1520864907e-01 -3.6688787108e-18 -1.1242516920e+01 )	( 2.3830125981e-01 -3.6604902043e-18 -1.1230765965e+01 )	( 7.6907389254e-02 -8.3885065630e-21 -1.1750955171e-02 )
682              	( 3.1513972069e-01 -3.6713600787e-18 -1.1242464939e+01 )	( 2.3824285280e-01 -3.6605766405e-18 -1.1230712341e+01 )	( 7.6896867890e-02 -1.0783438192e-20 -1.1752597501e-02 )
683              	( 3.1509259417e-01 -3.6690529612e-18 -1.1242399340e+01 )	( 2.3818334485e-01 -3.6606577544e-18 -1.1230648801e+01 )	( 7.6909249315e-02 -8.3952067253e-21 -1.1750539800e-02 )
684              	( 3.1502116064e-01 -3.6715325441e-18 -1.1242332019e+01 )	( 2.3812258865e-01 -3.6607398136e-18 -1.1230579760e+01 )	( 7.6898571989e-02 -1.0792730515e-20 -1.1752259045e-02 )
685              	( 3.1497408137e-01 -3.6692215163e-18 -1.1242258916e+01 )	( 2.3806329297e-01 -3.6608168350e-18 -1.1230508655e+01 )	( 7.6910788393e-02 -8.4046812860e-21 -1.1750260676e-02 )
686              	( 3.1490427864e-01 -3.6716995318e-18 -1.1242189202e+01 )	( 2.3800423311e-01 -3.6608950071e-18 -1.1230437188e+01 )	( 7.6900045536e-02 -1.0804524675e-20 -1.1752013912e-02 )
687              	( 3.1485826521e-01 -3.6693847610e-18 -1.1242112589e+01 )	( 2.3794611828e-01 -3.6609683321e-18 -1.1230362537e+01 )	( 7.6912146932e-02 -8.4164289024e-21 -1.1750052117e-02 )
688              	( 3.1479101734e-01 -3.6718613766e-18 -1.1242043130e+01 )	( 2.3788963090e-01 -3.6610430638e-18 -1.1230291313e+01 )	( 7.6901386439e-02 -1.0818312828e-20 -1.1751817426e-02 )
689              	( 3.1474807824e-01 -3.6695429855e-18 -1.1241968826e+01 )	( 2.3783465555e-01 -3.6611130802e-18 -1.1230218957e+01 )	( 7.6913422696e-02 -8.4299052471e-21 -1.1749869484e-02 )
690              	( 3.1468263274e-01 -3.6720180274e-18 -1.1241898500e+01 )	( 2.3777995511e-01 -3.6611845279e-18 -1.1230146868e+01 )	( 7.6902677636e-02 -1.0833499502e-20 -1.1751631637e-02 )
691              	( 3.1464055645e-01 -3.6696961596e-18 -1.1241821044e+01 )	( 2.3772590213e-01 -3.6612515005e-18 -1.1230071349e+01 )	( 7.6914654316e-02 -8.4446591531e-21 -1.1749694585e-02 )
692              	( 3.1457627686e-01 -3.6721695668e-18 -1.1241748158e+01 )	( 2.3767236013e-01 -3.6613197906e-18 -1.1229996701e+01 )	( 7.6903916726e-02 -1.0849776194e-20 -1.1751456881e-02 )
693              	( 3.1453595374e-01 -3.6698437603e-18 -1.1241670376e+01 )	( 2.3762012581e-01 -3.6613834220e-18 -1.1229920842e+01 )	( 7.6915827924e-02 -8.4603382429e-21 -1.1749533587e-02 )
694              	( 3.1447305748e-01 -3.6723152166e-18 -1.1241595834e+01 )	( 2.3756796056e-01 -3.6614484620e-18 -1.1229844536e+01 )	( 7.6905096921e-02 -1.0866754570e-20 -1.1751297875e-02 )
695              	( 3.1443337572e-01 -3.6699857062e-18 -1.1241513062e+01 )	( 2.3751642886e-01 -3.6615090682e-18 -1.1229763674e+01 )	( 7.6916946859e-02 -8.4766380887e-21 -1.1749388401e-02 )
696              	( 3.1437291364e-01 -3.6724551017e-18 -1.1241440038e+01 )	( 2.3746668768e-01 -3.6615709927e-18 -1.1229688885e+01 )	( 7.6906225960e-02 -1.0884108972e-20 -1.1751152617e-02 )
697              	( 3.1433779352e-01 -3.6701213943e-18 -1.1241368435e+01 )	( 2.3741977989e-01 -3.6616283438e-18 -1.1229619180e+01 )	( 7.6918013629e-02 -8.4930505159e-21 -1.1749255566e-02 )
698              	( 3.1428188097e-01 -3.6725883629e-18 -1.1241306157e+01 )	( 2.3737458134e-01 -3.6616870720e-18 -1.1229555138e+01 )	( 7.6907299621e-02 -1.0901290910e-20 -1.1751019720e-02 )
699              	( 3.1425028614e-01 -3.6702506115e-18 -1.1241241800e+01 )	( 2.3733126366e-01 -3.6617414042e-18 -1.1229492664e+01 )	( 7.6919022488e-02 -8.5092072723e-21 -1.1749135523e-02 )
700              	( 3.1419740769e-01 -3.6727153414e-18 -1.1241184923e+01 )	( 2.3728909436e-01 -3.6617972215e-18 -1.1229434022e+01 )	( 7.6908313328e-02 -1.0918119929e-20 -1.1750900449e-02 )
701              	( 3.1416856087e-01 -3.6703736665e-18 -1.1241125399e+01 )	( 2.3724859128e-01 -3.6618486617e-18 -1.1229376369e+01 )	( 7.6919969586e-02 -8.5250047965e-21 -1.1749030414e-02 )
702              	( 3.1411841933e-01 -3.6728361668e-18 -1.1241073229e+01 )	( 2.3720915697e-01 -3.6619016614e-18 -1.1229322431e+01 )	( 7.6909262360e-02 -1.0934505341e-20 -1.1750798078e-02 )
703              	( 3.1409221440e-01 -3.6704906643e-18 -1.1241018510e+01 )	( 2.3717136529e-01 -3.6619503109e-18 -1.1229269565e+01 )	( 7.6920849107e-02 -8.5403534092e-21 -1.1748944238e-02 )
704              	( 3.1404481764e-01 -3.6729509503e-18 -1.1240971343e+01 )	( 2.3713467678e-01 -3.6620005832e-18 -1.1229220626e+01 )	( 7.6910140857e-02 -1.0950367099e-20 -1.1750716539e-02 )
705              	( 3.1402133106e-01 -3.6706017346e-18 -1.1240921887e+01 )	( 2.3709967522e-01 -3.6620465546e-18 -1.1229173007e+01 )	( 7.6921655836e-02 -8.5551800376e-21 -1.1748880452e-02 )
706              	( 3.1397673233e-01 -3.6730598758e-18 -1.1240880089e+01 )	( 2.3706578808e-01 -3.6620942482e-18 -1.1229129430e+01 )	( 7.6910944246e-02 -1.0965627571e-20 -1.1750658850e-02 )
707              	( 3.1395599513e-01 -3.6707070541e-18 -1.1240836218e+01 )	( 2.3703360928e-01 -3.6621376532e-18 -1.1229087376e+01 )	( 7.6922385855e-02 -8.5694009736e-21 -1.1748841651e-02 )
708              	( 3.1391421695e-01 -3.6731630789e-18 -1.1240800049e+01 )	( 2.3700254757e-01 -3.6621828753e-18 -1.1229049422e+01 )	( 7.6911669374e-02 -1.0980203569e-20 -1.1750627148e-02 )
709              	( 3.1389619526e-01 -3.6708068104e-18 -1.1240761841e+01 )	( 2.3697315879e-01 -3.6622238772e-18 -1.1229013011e+01 )	( 7.6923036471e-02 -8.5829331883e-21 -1.1748829672e-02 )
710              	( 3.1385716994e-01 -3.6732607676e-18 -1.1240731312e+01 )	( 2.3694485578e-01 -3.6622667466e-18 -1.1228980689e+01 )	( 7.6912314158e-02 -1.0994020966e-20 -1.1750622904e-02 )
711              	( 3.1384182833e-01 -3.6709011571e-18 -1.1240698826e+01 )	( 2.3691822163e-01 -3.6623054348e-18 -1.1228949981e+01 )	( 7.6923606706e-02 -8.5957223155e-21 -1.1748845459e-02 )
712              	( 3.1380552479e-01 -3.6733531039e-18 -1.1240674013e+01 )	( 2.3689264618e-01 -3.6623460698e-18 -1.1228923366e+01 )	( 7.6912878606e-02 -1.1007034084e-20 -1.1750646648e-02 )
713              	( 3.1379278071e-01 -3.6709903014e-18 -1.1240647229e+01 )	( 2.3686868341e-01 -3.6623825824e-18 -1.1228898340e+01 )	( 7.6924097298e-02 -8.6077189985e-21 -1.1748889162e-02 )
714              	( 3.1375910350e-01 -3.6734403102e-18 -1.1240628053e+01 )	( 2.3684573913e-01 -3.6624211046e-18 -1.1228877355e+01 )	( 7.6913364371e-02 -1.1019205566e-20 -1.1750698035e-02 )
715              	( 3.1374885281e-01 -3.6710745272e-18 -1.1240606865e+01 )	( 2.3682434194e-01 -3.6624556240e-18 -1.1228857905e+01 )	( 7.6924510869e-02 -8.6189031951e-21 -1.1748959986e-02 )
716              	( 3.1371771081e-01 -3.6735226700e-18 -1.1240593288e+01 )	( 2.3680393571e-01 -3.6624921499e-18 -1.1228842512e+01 )	( 7.6913775097e-02 -1.1030520174e-20 -1.1750775775e-02 )
717              	( 3.1370995272e-01 -3.6711540087e-18 -1.1240577950e+01 )	( 2.3678509976e-01 -3.6625247605e-18 -1.1228828894e+01 )	( 7.6924852958e-02 -8.6292481564e-21 -1.1749055691e-02 )
718              	( 3.1368112943e-01 -3.6736004233e-18 -1.1240569596e+01 )	( 2.3676701185e-01 -3.6625594754e-18 -1.1228818719e+01 )	( 7.6914117582e-02 -1.1040947915e-20 -1.1750876983e-02 )
719              	( 3.1367549967e-01 -3.6712290515e-18 -1.1240559117e+01 )	( 2.3675037085e-01 -3.6625902869e-18 -1.1228809943e+01 )	( 7.6925128811e-02 -8.6387645761e-21 -1.1749174109e-02 )
720              	( 3.1364899992e-01 -3.6736738204e-18 -1.1240556088e+01 )	( 2.3673460376e-01 -3.6626232934e-18 -1.1228805088e+01 )	( 7.6914396162e-02 -1.1050527007e-20 -1.1750999943e-02 )
721              	( 3.1364559785e-01 -3.6712999391e-18 -1.1240551043e+01 )	( 2.3672025307e-01 -3.6626524789e-18 -1.1228801730e+01 )	( 7.6925344783e-02 -8.6474602356e-21 -1.1749312650e-02 )
722              	( 3.1362175690e-01 -3.6737431349e-18 -1.1240554515e+01 )	( 2.3670713478e-01 -3.6626839236e-18 -1.1228803375e+01 )	( 7.6914622118e-02 -1.1059211256e-20 -1.1751139886e-02 )
723              	( 3.1362083108e-01 -3.6713668556e-18 -1.1240555848e+01 )	( 2.3669531249e-01 -3.6627116090e-18 -1.1228806384e+01 )	( 7.6925518591e-02 -8.6552466530e-21 -1.1749463618e-02 )
724              	( 3.1359890028e-01 -3.6738085667e-18 -1.1240564065e+01 )	( 2.3668408917e-01 -3.6627416261e-18 -1.1228812775e+01 )	( 7.6914811111e-02 -1.1066940618e-20 -1.1751289894e-02 )
725              	( 3.1359971867e-01 -3.6714300630e-18 -1.1240569918e+01 )	( 2.3667406329e-01 -3.6627679220e-18 -1.1228820294e+01 )	( 7.6925655381e-02 -8.6621409682e-21 -1.1749624618e-02 )
726              	( 3.1357956790e-01 -3.6738703509e-18 -1.1240582610e+01 )	( 2.3666460473e-01 -3.6627965881e-18 -1.1228831160e+01 )	( 7.6914963175e-02 -1.1073762770e-20 -1.1751449833e-02 )
727              	( 3.1358201328e-01 -3.6714898248e-18 -1.1240592863e+01 )	( 2.3665625585e-01 -3.6628216495e-18 -1.1228843068e+01 )	( 7.6925757430e-02 -8.6681752628e-21 -1.1749794640e-02 )
728              	( 3.1356345974e-01 -3.6739287926e-18 -1.1240609740e+01 )	( 2.3664837640e-01 -3.6628490893e-18 -1.1228858123e+01 )	( 7.6915083348e-02 -1.1079703293e-20 -1.1751617523e-02 )
729              	( 3.1356737487e-01 -3.6715463625e-18 -1.1240624031e+01 )	( 2.3664154358e-01 -3.6628729817e-18 -1.1228874061e+01 )	( 7.6925831295e-02 -8.6733807823e-21 -1.1749970799e-02 )
730              	( 3.1355027900e-01 -3.6739841604e-18 -1.1240644773e+01 )	( 2.3663509993e-01 -3.6628993691e-18 -1.1228892983e+01 )	( 7.6915179077e-02 -1.1084791293e-20 -1.1751789641e-02 )
731              	( 3.1355549892e-01 -3.6716000253e-18 -1.1240662754e+01 )	( 2.3662961426e-01 -3.6629222394e-18 -1.1228912604e+01 )	( 7.6925884658e-02 -8.6777858815e-21 -1.1750149685e-02 )
732              	( 3.1353970392e-01 -3.6740367047e-18 -1.1240687016e+01 )	( 2.3662444612e-01 -3.6629476443e-18 -1.1228935053e+01 )	( 7.6915257801e-02 -1.1089060458e-20 -1.1751962945e-02 )
733              	( 3.1354608748e-01 -3.6716509757e-18 -1.1240708357e+01 )	( 2.3662016293e-01 -3.6629695502e-18 -1.1228958029e+01 )	( 7.6925924549e-02 -8.6814254744e-21 -1.1750328274e-02 )
734              	( 3.1353144668e-01 -3.6740865578e-18 -1.1240735798e+01 )	( 2.3661612070e-01 -3.6629940101e-18 -1.1228983663e+01 )	( 7.6915325979e-02 -1.1092547676e-20 -1.1752134689e-02 )
735              	( 3.1353885154e-01 -3.6716993710e-18 -1.1240760147e+01 )	( 2.3661289476e-01 -3.6630150323e-18 -1.1229009643e+01 )	( 7.6925956776e-02 -8.6843387721e-21 -1.1750504139e-02 )
736              	( 3.1352521654e-01 -3.6741339636e-18 -1.1240790380e+01 )	( 2.3660982774e-01 -3.6630386759e-18 -1.1229038077e+01 )	( 7.6915388804e-02 -1.1095287724e-20 -1.1752302741e-02 )
737              	( 3.1353350008e-01 -3.6717454757e-18 -1.1240817389e+01 )	( 2.3660751408e-01 -3.6630589201e-18 -1.1229066714e+01 )	( 7.6925985997e-02 -8.6865555788e-21 -1.1750675385e-02 )
738              	( 3.1352072518e-01 -3.6741791281e-18 -1.1240850005e+01 )	( 2.3660527471e-01 -3.6630818132e-18 -1.1229097540e+01 )	( 7.6915450471e-02 -1.1097314951e-20 -1.1752465424e-02 )
739              	( 3.1352973346e-01 -3.6717894609e-18 -1.1240879208e+01 )	( 2.3660371758e-01 -3.6631013449e-18 -1.1229128367e+01 )	( 7.6926015880e-02 -8.6881160642e-21 -1.1750840597e-02 )
740              	( 3.1351767750e-01 -3.6742222188e-18 -1.1240913783e+01 )	( 2.3660216339e-01 -3.6631235501e-18 -1.1229161162e+01 )	( 7.6915514112e-02 -1.1098668772e-20 -1.1752621564e-02 )
741              	( 3.1352727047e-01 -3.6718314875e-18 -1.1240944741e+01 )	( 2.3660122135e-01 -3.6631424266e-18 -1.1229193743e+01 )	( 7.6926049112e-02 -8.6890608670e-21 -1.1750998795e-02 )
742              	( 3.1351579585e-01 -3.6742633916e-18 -1.1240980826e+01 )	( 2.3660021387e-01 -3.6631639977e-18 -1.1229228055e+01 )	( 7.6915581980e-02 -1.1099393883e-20 -1.1752770381e-02 )
743              	( 3.1352584065e-01 -3.6718717054e-18 -1.1241013089e+01 )	( 2.3659975314e-01 -3.6631822685e-18 -1.1229261940e+01 )	( 7.6926087507e-02 -8.6894368613e-21 -1.1751149399e-02 )
744              	( 3.1351481949e-01 -3.6743028012e-18 -1.1241050232e+01 )	( 2.3659916402e-01 -3.6632032629e-18 -1.1229297320e+01 )	( 7.6915655472e-02 -1.1099538334e-20 -1.1752911485e-02 )
745              	( 3.1352519267e-01 -3.6719102591e-18 -1.1241083363e+01 )	( 2.3659906061e-01 -3.6632209657e-18 -1.1229332071e+01 )	( 7.6926132055e-02 -8.6892933661e-21 -1.1751292206e-02 )
746              	( 3.1351451439e-01 -3.6743405358e-18 -1.1241121139e+01 )	( 2.3659877918e-01 -3.6632413820e-18 -1.1229368094e+01 )	( 7.6915735207e-02 -1.1099153773e-20 -1.1753044839e-02 )
747              	( 3.1352510725e-01 -3.6719472416e-18 -1.1241154707e+01 )	( 2.3659892419e-01 -3.6632585575e-18 -1.1229403280e+01 )	( 7.6926183056e-02 -8.6886841395e-21 -1.1751427317e-02 )
748              	( 3.1351466709e-01 -3.6743767372e-18 -1.1241192718e+01 )	( 2.3659884588e-01 -3.6632784432e-18 -1.1229439547e+01 )	( 7.6915821208e-02 -1.1098293943e-20 -1.1753170673e-02 )
749              	( 3.1352538908e-01 -3.6719827559e-18 -1.1241226345e+01 )	( 2.3659914879e-01 -3.6632950939e-18 -1.1229474789e+01 )	( 7.6926240287e-02 -8.6876619831e-21 -1.1751555080e-02 )
750              	( 3.1351510228e-01 -3.6744114717e-18 -1.1241264225e+01 )	( 2.3659918924e-01 -3.6633144585e-18 -1.1229510935e+01 )	( 7.6915913044e-02 -1.1097013154e-20 -1.1753289423e-02 )
751              	( 3.1352587767e-01 -3.6720168746e-18 -1.1241297567e+01 )	( 2.3659957452e-01 -3.6633305920e-18 -1.1229545891e+01 )	( 7.6926303152e-02 -8.6862825314e-21 -1.1751675993e-02 )
752              	( 3.1351567727e-01 -3.6744448087e-18 -1.1241335001e+01 )	( 2.3659966726e-01 -3.6633494427e-18 -1.1229581600e+01 )	( 7.6916010007e-02 -1.1095366067e-20 -1.1753401634e-02 )
753              	( 3.1352644674e-01 -3.6720496752e-18 -1.1241367759e+01 )	( 2.3660007586e-01 -3.6633650768e-18 -1.1229615968e+01 )	( 7.6926370876e-02 -8.6845983612e-21 -1.1751790629e-02 )
754              	( 3.1351627713e-01 -3.6744768299e-18 -1.1241404454e+01 )	( 2.3660016584e-01 -3.6633834267e-18 -1.1229650946e+01 )	( 7.6916111285e-02 -1.1093403198e-20 -1.1753507887e-02 )
755              	( 3.1352700494e-01 -3.6720812080e-18 -1.1241436426e+01 )	( 2.3660056228e-01 -3.6633985505e-18 -1.1229684526e+01 )	( 7.6926442660e-02 -8.6826574216e-21 -1.1751899558e-02 )
756              	( 3.1351683556e-01 -3.6745075668e-18 -1.1241472183e+01 )	( 2.3660061939e-01 -3.6634163966e-18 -1.1229718575e+01 )	( 7.6916216172e-02 -1.1091170195e-20 -1.1753608699e-02 )
757              	( 3.1352748306e-01 -3.6721115175e-18 -1.1241503126e+01 )	( 2.3660096521e-01 -3.6634310127e-18 -1.1229751122e+01 )	( 7.6926517853e-02 -8.6805047300e-21 -1.1752003250e-02 )
758              	( 3.1351729329e-01 -3.6745370390e-18 -1.1241537791e+01 )	( 2.3660096926e-01 -3.6634483294e-18 -1.1229784087e+01 )	( 7.6916324033e-02 -1.1088709614e-20 -1.1753704526e-02 )
759              	( 3.1352784862e-01 -3.6721405984e-18 -1.1241567572e+01 )	( 2.3660125268e-01 -3.6634624202e-18 -1.1229815470e+01 )	( 7.6926595934e-02 -8.6781782066e-21 -1.1752102106e-02 )
760              	( 3.1351762786e-01 -3.6745652607e-18 -1.1241601031e+01 )	( 2.3660119335e-01 -3.6634792031e-18 -1.1229847236e+01 )	( 7.6916434508e-02 -1.1086057639e-20 -1.1753795677e-02 )
761              	( 3.1352808780e-01 -3.6721684600e-18 -1.1241629550e+01 )	( 2.3660141114e-01 -3.6634927478e-18 -1.1229877354e+01 )	( 7.6926676660e-02 -8.6757122114e-21 -1.1752196368e-02 )
762              	( 3.1351783716e-01 -3.6745922227e-18 -1.1241661722e+01 )	( 2.3660128970e-01 -3.6635089777e-18 -1.1229907840e+01 )	( 7.6916547463e-02 -1.1083244958e-20 -1.1753882335e-02 )
763              	( 3.1352820403e-01 -3.6721950986e-18 -1.1241688923e+01 )	( 2.3660144401e-01 -3.6635219648e-18 -1.1229936637e+01 )	( 7.6926760025e-02 -8.6731338514e-21 -1.1752286148e-02 )
764              	( 3.1351793267e-01 -3.6746179130e-18 -1.1241719768e+01 )	( 2.3660126964e-01 -3.6635376166e-18 -1.1229965804e+01 )	( 7.6916663026e-02 -1.1080296375e-20 -1.1753964536e-02 )
765              	( 3.1352821666e-01 -3.6722204921e-18 -1.1241745616e+01 )	( 2.3660137040e-01 -3.6635500282e-18 -1.1229993245e+01 )	( 7.6926846262e-02 -8.6704638600e-21 -1.1752371419e-02 )
766              	( 3.1351793391e-01 -3.6746423140e-18 -1.1241775114e+01 )	( 2.3660115239e-01 -3.6635650850e-18 -1.1230021072e+01 )	( 7.6916781526e-02 -1.1077228983e-20 -1.1754042207e-02 )
767              	( 3.1352815013e-01 -3.6722446068e-18 -1.1241799609e+01 )	( 2.3660121433e-01 -3.6635768908e-18 -1.1230047157e+01 )	( 7.6926935804e-02 -8.6677159696e-21 -1.1752452058e-02 )
768              	( 3.1351787058e-01 -3.6746653788e-18 -1.1241827760e+01 )	( 2.3660096711e-01 -3.6635913239e-18 -1.1230073645e+01 )	( 7.6916903471e-02 -1.1074054865e-20 -1.1754115179e-02 )
769              	( 3.1352803595e-01 -3.6722674011e-18 -1.1241850910e+01 )	( 2.3660100675e-01 -3.6636025006e-18 -1.1230098382e+01 )	( 7.6927029203e-02 -8.6649004445e-21 -1.1752527863e-02 )
770              	( 3.1351777190e-01 -3.6746870798e-18 -1.1241877719e+01 )	( 2.3660074245e-01 -3.6636162977e-18 -1.1230123536e+01 )	( 7.6917029446e-02 -1.1070782118e-20 -1.1754183230e-02 )
771              	( 3.1352789958e-01 -3.6722888427e-18 -1.1241899538e+01 )	( 2.3660077252e-01 -3.6636268198e-18 -1.1230146939e+01 )	( 7.6927127065e-02 -8.6620229684e-21 -1.1752598604e-02 )
772              	( 3.1351766791e-01 -3.6747073525e-18 -1.1241925022e+01 )	( 2.3660050784e-01 -3.6636399365e-18 -1.1230170776e+01 )	( 7.6917160071e-02 -1.1067415986e-20 -1.1754246115e-02 )
773              	( 3.1352776630e-01 -3.6723088613e-18 -1.1241945494e+01 )	( 2.3660053633e-01 -3.6636497720e-18 -1.1230192830e+01 )	( 7.6927229970e-02 -8.6590893380e-21 -1.1752664044e-02 )
774              	( 3.1351757752e-01 -3.6747261476e-18 -1.1241969660e+01 )	( 2.3660028166e-01 -3.6636621863e-18 -1.1230215356e+01 )	( 7.6917295860e-02 -1.1063961282e-20 -1.1754303628e-02 )
775              	( 3.1352766178e-01 -3.6723274219e-18 -1.1241988823e+01 )	( 2.3660032337e-01 -3.6636713213e-18 -1.1230236099e+01 )	( 7.6927338412e-02 -8.6561006437e-21 -1.1752723989e-02 )
776              	( 3.1351751954e-01 -3.6747434418e-18 -1.1242011652e+01 )	( 2.3660008231e-01 -3.6636830236e-18 -1.1230257296e+01 )	( 7.6917437231e-02 -1.1060418207e-20 -1.1754355615e-02 )
777              	( 3.1352759818e-01 -3.6723444980e-18 -1.1242029501e+01 )	( 2.3660014556e-01 -3.6636914408e-18 -1.1230276723e+01 )	( 7.6927452627e-02 -8.6530571585e-21 -1.1752778370e-02 )
778              	( 3.1351751828e-01 -3.6747592008e-18 -1.1242051031e+01 )	( 2.3659993393e-01 -3.6637024143e-18 -1.1230296629e+01 )	( 7.6917584348e-02 -1.1056786522e-20 -1.1754402037e-02 )
779              	( 3.1352759850e-01 -3.6723600547e-18 -1.1242067573e+01 )	( 2.3660002573e-01 -3.6637100977e-18 -1.1230314746e+01 )	( 7.6927572770e-02 -8.6499569901e-21 -1.1752827148e-02 )
780              	( 3.1351758025e-01 -3.6747733854e-18 -1.1242087790e+01 )	( 2.3659984300e-01 -3.6637203203e-18 -1.1230333347e+01 )	( 7.6917737247e-02 -1.1053065013e-20 -1.1754442907e-02 )
781              	( 3.1352765858e-01 -3.6723740441e-18 -1.1242102996e+01 )	( 2.3659995984e-01 -3.6637272419e-18 -1.1230350126e+01 )	( 7.6927698741e-02 -8.6468021802e-21 -1.1752870398e-02 )
782              	( 3.1351770369e-01 -3.6747859442e-18 -1.1242121878e+01 )	( 2.3659980795e-01 -3.6637366856e-18 -1.1230367400e+01 )	( 7.6917895739e-02 -1.1049258553e-20 -1.1754478340e-02 )
783              	( 3.1352778576e-01 -3.6723864306e-18 -1.1242135756e+01 )	( 2.3659995546e-01 -3.6637428340e-18 -1.1230382848e+01 )	( 7.6927830298e-02 -8.6435966340e-21 -1.1752908264e-02 )
784              	( 3.1351789404e-01 -3.6747968683e-18 -1.1242153289e+01 )	( 2.3659983447e-01 -3.6637514980e-18 -1.1230398780e+01 )	( 7.6918059567e-02 -1.1045370332e-20 -1.1754508497e-02 )
785              	( 3.1352798040e-01 -3.6723972136e-18 -1.1242165833e+01 )	( 2.3660001326e-01 -3.6637568707e-18 -1.1230412892e+01 )	( 7.6927967144e-02 -8.6403428787e-21 -1.1752940928e-02 )
786              	( 3.1351815087e-01 -3.6748061349e-18 -1.1242181981e+01 )	( 2.3659992251e-01 -3.6637647314e-18 -1.1230427447e+01 )	( 7.6918228365e-02 -1.1041403545e-20 -1.1754533591e-02 )
787              	( 3.1352824562e-01 -3.6724063412e-18 -1.1242193188e+01 )	( 2.3660013678e-01 -3.6637692956e-18 -1.1230440219e+01 )	( 7.6928108843e-02 -8.6370455999e-21 -1.1752968633e-02 )
788              	( 3.1351848027e-01 -3.6748137199e-18 -1.1242207969e+01 )	( 2.3660007861e-01 -3.6637763561e-18 -1.1230453415e+01 )	( 7.6918401662e-02 -1.1037363823e-20 -1.1754553886e-02 )
789              	( 3.1352858216e-01 -3.6724138287e-18 -1.1242217823e+01 )	( 2.3660032728e-01 -3.6637801196e-18 -1.1230464831e+01 )	( 7.6928254881e-02 -8.6337090822e-21 -1.1752991668e-02 )
790              	( 3.1351888454e-01 -3.6748196280e-18 -1.1242231246e+01 )	( 2.3660030567e-01 -3.6637863729e-18 -1.1230476676e+01 )	( 7.6918578872e-02 -1.1033255028e-20 -1.1754569699e-02 )
791              	( 3.1352899653e-01 -3.6724196727e-18 -1.1242239754e+01 )	( 2.3660059190e-01 -3.6637893346e-18 -1.1230486744e+01 )	( 7.6928404629e-02 -8.6303381379e-21 -1.1753010366e-02 )
792              	( 3.1351937033e-01 -3.6748238653e-18 -1.1242251835e+01 )	( 2.3660061097e-01 -3.6637947821e-18 -1.1230497254e+01 )	( 7.6918759356e-02 -1.1029083188e-20 -1.1754581368e-02 )
793              	( 3.1352949664e-01 -3.6724238816e-18 -1.1242259016e+01 )	( 2.3660093920e-01 -3.6637969432e-18 -1.1230505991e+01 )	( 7.6928557444e-02 -8.6269384518e-21 -1.1753025068e-02 )
794              	( 3.1351994672e-01 -3.6748264405e-18 -1.1242269781e+01 )	( 2.3660100424e-01 -3.6638015866e-18 -1.1230515192e+01 )	( 7.6918942475e-02 -1.1024853872e-20 -1.1754589231e-02 )
795              	( 3.1353009337e-01 -3.6724264637e-18 -1.1242275667e+01 )	( 2.3660138068e-01 -3.6638029489e-18 -1.1230522631e+01 )	( 7.6928712699e-02 -8.6235147838e-21 -1.1753036105e-02 )
796              	( 3.1352062529e-01 -3.6748273646e-18 -1.1242285145e+01 )	( 2.3660149767e-01 -3.6638067929e-18 -1.1230530551e+01 )	( 7.6919127618e-02 -1.1020571704e-20 -1.1754593613e-02 )
797              	( 3.1353080148e-01 -3.6724274347e-18 -1.1242289797e+01 )	( 2.3660193167e-01 -3.6638073634e-18 -1.1230536753e+01 )	( 7.6928869817e-02 -8.6200713598e-21 -1.1753043782e-02 )
798              	( 3.1352142286e-01 -3.6748266561e-18 -1.1242298033e+01 )	( 2.3660210859e-01 -3.6638104160e-18 -1.1230543439e+01 )	( 7.6919314271e-02 -1.1016240128e-20 -1.1754594786e-02 )
799              	( 3.1353163367e-01 -3.6724268174e-18 -1.1242301485e+01 )	( 2.3660260536e-01 -3.6638102070e-18 -1.1230548436e+01 )	( 7.6929028311e-02 -8.6166103546e-21 -1.1753048356e-02 )
800              	( 3.1352235425e-01 -3.6748243428e-18 -1.1242308557e+01 )	( 2.3660285228e-01 -3.6638124819e-18 -1.1230553964e+01 )	( 7.6919501973e-02 -1.1011860913e-20 -1.1754592992e-02 )
801              	( 3.1353260961e-01 -3.6724246423e-18 -1.1242310878e+01 )	( 2.3660342182e-01 -3.6638115095e-18 -1.1230557828e+01 )	( 7.6929187797e-02 -8.6131328090e-21 -1.1753050032e-02 )
802              	( 3.1352343740e-01 -3.6748204589e-18 -1.1242316846e+01 )	( 2.3660374700e-01 -3.6638130235e-18 -1.1230562257e+01 )	( 7.6919690406e-02 -1.1007435480e-20 -1.1754588404e-02 )
803              	( 3.1353374835e-01 -3.6724209426e-18 -1.1242318128e+01 )	( 2.3660440034e-01 -3.6638113030e-18 -1.1230565079e+01 )	( 7.6929348006e-02 -8.6096395529e-21 -1.1753048959e-02 )
804              	( 3.1352469036e-01 -3.6748150376e-18 -1.1242323053e+01 )	( 2.3660481100e-01 -3.6638120737e-18 -1.1230568472e+01 )	( 7.6919879367e-02 -1.1002963944e-20 -1.1754581139e-02 )
805              	( 3.1353506234e-01 -3.6724157566e-18 -1.1242323352e+01 )	( 2.3660555357e-01 -3.6638096266e-18 -1.1230570306e+01 )	( 7.6929508772e-02 -8.6061300761e-21 -1.1753045231e-02 )
806              	( 3.1352613040e-01 -3.6748081212e-18 -1.1242327349e+01 )	( 2.3660606167e-01 -3.6638096759e-18 -1.1230572778e+01 )	( 7.6920068732e-02 -1.0998445326e-20 -1.1754571269e-02 )
807              	( 3.1353657064e-01 -3.6724091295e-18 -1.1242326737e+01 )	( 2.3660690058e-01 -3.6638065273e-18 -1.1230573698e+01 )	( 7.6929670054e-02 -8.6026021958e-21 -1.1753038886e-02 )
808              	( 3.1352776998e-01 -3.6747997590e-18 -1.1242329880e+01 )	( 2.3660751148e-01 -3.6638058814e-18 -1.1230575321e+01 )	( 7.6920258495e-02 -1.0993877527e-20 -1.1754558812e-02 )
809              	( 3.1353828633e-01 -3.6724011086e-18 -1.1242328449e+01 )	( 2.3660845447e-01 -3.6638020554e-18 -1.1230575419e+01 )	( 7.6929831867e-02 -8.5990532568e-21 -1.1753029925e-02 )
810              	( 3.1352961981e-01 -3.6747900004e-18 -1.1242330801e+01 )	( 2.3660917111e-01 -3.6638007428e-18 -1.1230576258e+01 )	( 7.6920448703e-02 -1.0989257557e-20 -1.1754543754e-02 )
811              	( 3.1354021539e-01 -3.6723917479e-18 -1.1242328625e+01 )	( 2.3661022113e-01 -3.6637962679e-18 -1.1230575606e+01 )	( 7.6929994260e-02 -8.5954799594e-21 -1.1753018335e-02 )
812              	( 3.1353168847e-01 -3.6747788981e-18 -1.1242330277e+01 )	( 2.3661104902e-01 -3.6637943156e-18 -1.1230575751e+01 )	( 7.6920639441e-02 -1.0984582475e-20 -1.1754526067e-02 )
813              	( 3.1354236699e-01 -3.6723811023e-18 -1.1242327440e+01 )	( 2.3661220963e-01 -3.6637892232e-18 -1.1230574436e+01 )	( 7.6930157355e-02 -8.5918791272e-21 -1.1753004068e-02 )
814              	( 3.1353397771e-01 -3.6747665117e-18 -1.1242328446e+01 )	( 2.3661314688e-01 -3.6637866623e-18 -1.1230573940e+01 )	( 7.6920830828e-02 -1.0979849436e-20 -1.1754505707e-02 )
815              	( 3.1354473738e-01 -3.6723692257e-18 -1.1242325000e+01 )	( 2.3661441614e-01 -3.6637809773e-18 -1.1230572013e+01 )	( 7.6930321246e-02 -8.5882484333e-21 -1.1752987094e-02 )
816              	( 3.1353648652e-01 -3.6747528956e-18 -1.1242325434e+01 )	( 2.3661546358e-01 -3.6637778384e-18 -1.1230570952e+01 )	( 7.6921022944e-02 -1.0975057180e-20 -1.1754482643e-02 )
817              	( 3.1354732579e-01 -3.6723561843e-18 -1.1242321452e+01 )	( 2.3661683977e-01 -3.6637715980e-18 -1.1230568485e+01 )	( 7.6930486014e-02 -8.5845862588e-21 -1.1752967382e-02 )
818              	( 3.1353920862e-01 -3.6747381161e-18 -1.1242321365e+01 )	( 2.3661799276e-01 -3.6637679123e-18 -1.1230566909e+01 )	( 7.6921215859e-02 -1.0970203745e-20 -1.1754456861e-02 )
819              	( 3.1355012396e-01 -3.6723420409e-18 -1.1242316895e+01 )	( 2.3661947227e-01 -3.6637611505e-18 -1.1230563950e+01 )	( 7.6930651690e-02 -8.5808903807e-21 -1.1752944937e-02 )
820              	( 3.1354213687e-01 -3.6747222454e-18 -1.1242316348e+01 )	( 2.3662072730e-01 -3.6637569577e-18 -1.1230561920e+01 )	( 7.6921409571e-02 -1.0965287710e-20 -1.1754428376e-02 )
821              	( 3.1355312225e-01 -3.6723268736e-18 -1.1242311443e+01 )	( 2.3662230399e-01 -3.6637497136e-18 -1.1230558523e+01 )	( 7.6930818259e-02 -8.5771599811e-21 -1.1752919782e-02 )
822              	( 3.1354525654e-01 -3.6747053566e-18 -1.1242310465e+01 )	( 2.3662365250e-01 -3.6637450477e-18 -1.1230556067e+01 )	( 7.6921604042e-02 -1.0960308961e-20 -1.1754397228e-02 )
823              	( 3.1355630514e-01 -3.6723107500e-18 -1.1242305168e+01 )	( 2.3662531950e-01 -3.6637373548e-18 -1.1230552276e+01 )	( 7.6930985634e-02 -8.5733952439e-21 -1.1752891981e-02 )
824              	( 3.1354855362e-01 -3.6746875208e-18 -1.1242303802e+01 )	( 2.3662675447e-01 -3.6637322522e-18 -1.1230549438e+01 )	( 7.6921799149e-02 -1.0955268576e-20 -1.1754363498e-02 )
825              	( 3.1355965736e-01 -3.6722937417e-18 -1.1242298138e+01 )	( 2.3662850369e-01 -3.6637241443e-18 -1.1230545276e+01 )	( 7.6931153670e-02 -8.5695974239e-21 -1.1752861631e-02 )
826              	( 3.1355201304e-01 -3.6746688107e-18 -1.1242296425e+01 )	( 2.3663001831e-01 -3.6637186423e-18 -1.1230542098e+01 )	( 7.6921994723e-02 -1.0950168452e-20 -1.1754327296e-02 )
827              	( 3.1356316352e-01 -3.6722759296e-18 -1.1242290436e+01 )	( 2.3663184134e-01 -3.6637101610e-18 -1.1230537607e+01 )	( 7.6931322179e-02 -8.5657686003e-21 -1.1752828849e-02 )
828              	( 3.1355561595e-01 -3.6746493070e-18 -1.1242288395e+01 )	( 2.3663342540e-01 -3.6637042963e-18 -1.1230534106e+01 )	( 7.6922190550e-02 -1.0945010657e-20 -1.1754288756e-02 )
829              	( 3.1356680563e-01 -3.6722573865e-18 -1.1242282114e+01 )	( 2.3663531472e-01 -3.6636954757e-18 -1.1230529320e+01 )	( 7.6931490908e-02 -8.5619108258e-21 -1.1752793790e-02 )
830              	( 3.1355934583e-01 -3.6746290842e-18 -1.1242279776e+01 )	( 2.3663695948e-01 -3.6636892857e-18 -1.1230525528e+01 )	( 7.6922386358e-02 -1.0939798509e-20 -1.1754248042e-02 )
831              	( 3.1357056540e-01 -3.6722381864e-18 -1.1242273217e+01 )	( 2.3663890583e-01 -3.6636801582e-18 -1.1230520461e+01 )	( 7.6931659578e-02 -8.5580281525e-21 -1.1752756623e-02 )
832              	( 3.1356318939e-01 -3.6746082098e-18 -1.1242270622e+01 )	( 2.3664060752e-01 -3.6636736736e-18 -1.1230516417e+01 )	( 7.6922581869e-02 -1.0934536189e-20 -1.1754205324e-02 )
833              	( 3.1357443075e-01 -3.6722184046e-18 -1.1242263824e+01 )	( 2.3664260284e-01 -3.6636642805e-18 -1.1230511106e+01 )	( 7.6931827912e-02 -8.5541240660e-21 -1.1752717524e-02 )
834              	( 3.1356712533e-01 -3.6745867681e-18 -1.1242260987e+01 )	( 2.3664434855e-01 -3.6636575402e-18 -1.1230506826e+01 )	( 7.6922776775e-02 -1.0929227904e-20 -1.1754160798e-02 )
835              	( 3.1357838368e-01 -3.6721981100e-18 -1.1242253976e+01 )	( 2.3664638808e-01 -3.6636479067e-18 -1.1230501299e+01 )	( 7.6931995599e-02 -8.5502033653e-21 -1.1752676680e-02 )
836              	( 3.1357114133e-01 -3.6745648258e-18 -1.1242250915e+01 )	( 2.3664817056e-01 -3.6636409471e-18 -1.1230496801e+01 )	( 7.6922970768e-02 -1.0923878691e-20 -1.1754114641e-02 )
837              	( 3.1358240717e-01 -3.6721773833e-18 -1.1242243712e+01 )	( 2.3665024492e-01 -3.6636311121e-18 -1.1230491077e+01 )	( 7.6932162251e-02 -8.5462712712e-21 -1.1752634317e-02 )
838              	( 3.1357523228e-01 -3.6745424509e-18 -1.1242240493e+01 )	( 2.3665206879e-01 -3.6636239576e-18 -1.1230486426e+01 )	( 7.6923163491e-02 -1.0918493372e-20 -1.1754067078e-02 )
839              	( 3.1358650661e-01 -3.6721562877e-18 -1.1242233156e+01 )	( 2.3665417892e-01 -3.6636139567e-18 -1.1230480565e+01 )	( 7.6932327689e-02 -8.5423310119e-21 -1.1752590574e-02 )
840              	( 3.1357938640e-01 -3.6745197194e-18 -1.1242229787e+01 )	( 2.3665603157e-01 -3.6636066440e-18 -1.1230475769e+01 )	( 7.6923354833e-02 -1.0913075421e-20 -1.1754018208e-02 )
841              	( 3.1359066033e-01 -3.6721348916e-18 -1.1242222336e+01 )	( 2.3665816858e-01 -3.6635965049e-18 -1.1230469791e+01 )	( 7.6932491751e-02 -8.5383867205e-21 -1.1752545570e-02 )
842              	( 3.1358358945e-01 -3.6744966946e-18 -1.1242218848e+01 )	( 2.3666004484e-01 -3.6635890648e-18 -1.1230464880e+01 )	( 7.6923544616e-02 -1.0907629791e-20 -1.1753968158e-02 )
843              	( 3.1359485854e-01 -3.6721132620e-18 -1.1242211316e+01 )	( 2.3666220426e-01 -3.6635788187e-18 -1.1230458816e+01 )	( 7.6932654277e-02 -8.5344432909e-21 -1.1752499425e-02 )
844              	( 3.1358783286e-01 -3.6744734429e-18 -1.1242207741e+01 )	( 2.3666410016e-01 -3.6635712817e-18 -1.1230453824e+01 )	( 7.6923732703e-02 -1.0902161242e-20 -1.1753917042e-02 )
845              	( 3.1359909330e-01 -3.6720914634e-18 -1.1242200160e+01 )	( 2.3666627815e-01 -3.6635609584e-18 -1.1230447708e+01 )	( 7.6932815155e-02 -8.5305049205e-21 -1.1752452245e-02 )
846              	( 3.1359210898e-01 -3.6744500273e-18 -1.1242196533e+01 )	( 2.3666818998e-01 -3.6635533533e-18 -1.1230442668e+01 )	( 7.6923918998e-02 -1.0896673932e-20 -1.1753864956e-02 )
847              	( 3.1360335718e-01 -3.6720695567e-18 -1.1242188936e+01 )	( 2.3667038288e-01 -3.6635429813e-18 -1.1230436532e+01 )	( 7.6932974301e-02 -8.5265753808e-21 -1.1752404120e-02 )
848              	( 3.1359641068e-01 -3.6744265076e-18 -1.1242185288e+01 )	( 2.3667230725e-01 -3.6635353359e-18 -1.1230431476e+01 )	( 7.6924103431e-02 -1.0891171671e-20 -1.1753811986e-02 )
849              	( 3.1360764345e-01 -3.6720476004e-18 -1.1242177707e+01 )	( 2.3667451182e-01 -3.6635249421e-18 -1.1230425352e+01 )	( 7.6933131637e-02 -8.5226582645e-21 -1.1752355139e-02 )
850              	( 3.1360073087e-01 -3.6744029428e-18 -1.1242174075e+01 )	( 2.3667644497e-01 -3.6635172846e-18 -1.1230420317e+01 )	( 7.6924285900e-02 -1.0885658181e-20 -1.1753758235e-02 )
851              	( 3.1361194537e-01 -3.6720256471e-18 -1.1242166535e+01 )	( 2.3667865832e-01 -3.6635068901e-18 -1.1230414229e+01 )	( 7.6933287050e-02 -8.5187570340e-21 -1.1752305410e-02 )
852              	( 3.1360506282e-01 -3.6743793844e-18 -1.1242162946e+01 )	( 2.3668059653e-01 -3.6634992476e-18 -1.1230409242e+01 )	( 7.6924466291e-02 -1.0880136838e-20 -1.1753703805e-02 )
853              	( 3.1361625424e-01 -3.6720037567e-18 -1.1242155480e+01 )	( 2.3668281380e-01 -3.6634888821e-18 -1.1230403225e+01 )	( 7.6933440439e-02 -8.5148745699e-21 -1.1752255031e-02 )
854              	( 3.1360939799e-01 -3.6743558855e-18 -1.1242151959e+01 )	( 2.3668475344e-01 -3.6634812747e-18 -1.1230398310e+01 )	( 7.6924644550e-02 -1.0874610877e-20 -1.1753648778e-02 )
855              	( 3.1362056230e-01 -3.6719819763e-18 -1.1242144591e+01 )	( 2.3668697051e-01 -3.6634709619e-18 -1.1230392387e+01 )	( 7.6933591793e-02 -8.5110143495e-21 -1.1752204062e-02 )
856              	( 3.1361372798e-01 -3.6743324979e-18 -1.1242141163e+01 )	( 2.3668890729e-01 -3.6634634137e-18 -1.1230387570e+01 )	( 7.6924820689e-02 -1.0869084235e-20 -1.1753593202e-02 )
857              	( 3.1362486077e-01 -3.6719603564e-18 -1.1242133915e+01 )	( 2.3669111963e-01 -3.6634531763e-18 -1.1230381762e+01 )	( 7.6933741140e-02 -8.5071801295e-21 -1.1752152547e-02 )
858              	( 3.1361804368e-01 -3.6743092690e-18 -1.1242130595e+01 )	( 2.3669304893e-01 -3.6634457082e-18 -1.1230377058e+01 )	( 7.6924994746e-02 -1.0863560803e-20 -1.1753537115e-02 )
859              	( 3.1362914011e-01 -3.6719389451e-18 -1.1242123492e+01 )	( 2.3669525160e-01 -3.6634355695e-18 -1.1230371391e+01 )	( 7.6933888515e-02 -8.5033755124e-21 -1.1752100523e-02 )
860              	( 3.1362233528e-01 -3.6742862446e-18 -1.1242120300e+01 )	( 2.3669716852e-01 -3.6634282003e-18 -1.1230366820e+01 )	( 7.6925166758e-02 -1.0858044333e-20 -1.1753480560e-02 )
861              	( 3.1363339034e-01 -3.6719177828e-18 -1.1242113349e+01 )	( 2.3669935638e-01 -3.6634181785e-18 -1.1230361301e+01 )	( 7.6934033953e-02 -8.4996043037e-21 -1.1752048037e-02 )
862              	( 3.1362659294e-01 -3.6742634695e-18 -1.1242110301e+01 )	( 2.3670125620e-01 -3.6634109305e-18 -1.1230356877e+01 )	( 7.6925336738e-02 -1.0852539040e-20 -1.1753423590e-02 )
863              	( 3.1363760088e-01 -3.6718969176e-18 -1.1242103516e+01 )	( 2.3670342343e-01 -3.6634010473e-18 -1.1230351521e+01 )	( 7.6934177451e-02 -8.4958703031e-21 -1.1751995146e-02 )
864              	( 3.1363080390e-01 -3.6742409867e-18 -1.1242100620e+01 )	( 2.3670529922e-01 -3.6633939380e-18 -1.1230347254e+01 )	( 7.6925504673e-02 -1.0847048687e-20 -1.1753366268e-02 )
865              	( 3.1364175951e-01 -3.6718763858e-18 -1.1242094009e+01 )	( 2.3670744053e-01 -3.6633842087e-18 -1.1230342067e+01 )	( 7.6934318979e-02 -8.4921771592e-21 -1.1751941925e-02 )
866              	( 3.1363495777e-01 -3.6742188336e-18 -1.1242091275e+01 )	( 2.3670928724e-01 -3.6633772563e-18 -1.1230337966e+01 )	( 7.6925670526e-02 -1.0841577337e-20 -1.1753308673e-02 )
867              	( 3.1364585541e-01 -3.6718562263e-18 -1.1242084845e+01 )	( 2.3671139691e-01 -3.6633676973e-18 -1.1230332957e+01 )	( 7.6934458492e-02 -8.4885289818e-21 -1.1751888455e-02 )
868              	( 3.1363904315e-01 -3.6741970479e-18 -1.1242082278e+01 )	( 2.3671320892e-01 -3.6633609186e-18 -1.1230329028e+01 )	( 7.6925834238e-02 -1.0836129370e-20 -1.1753250893e-02 )
869              	( 3.1364987695e-01 -3.6718364785e-18 -1.1242076042e+01 )	( 2.3671528103e-01 -3.6633515482e-18 -1.1230324207e+01 )	( 7.6934595919e-02 -8.4849303494e-21 -1.1751834828e-02 )
870              	( 3.1364304859e-01 -3.6741756647e-18 -1.1242073633e+01 )	( 2.3671705286e-01 -3.6633449551e-18 -1.1230320440e+01 )	( 7.6925995733e-02 -1.0830709629e-20 -1.1753193020e-02 )
871              	( 3.1365381397e-01 -3.6718171719e-18 -1.1242067591e+01 )	( 2.3671908279e-01 -3.6633357866e-18 -1.1230315810e+01 )	( 7.6934731172e-02 -8.4813852466e-21 -1.1751781144e-02 )
872              	( 3.1364696368e-01 -3.6741547193e-18 -1.1242065358e+01 )	( 2.3672080877e-01 -3.6633293965e-18 -1.1230312223e+01 )	( 7.6926154913e-02 -1.0825322810e-20 -1.1753135165e-02 )
873              	( 3.1365765511e-01 -3.6717983425e-18 -1.1242059509e+01 )	( 2.3672279094e-01 -3.6633204433e-18 -1.1230307782e+01 )	( 7.6934864164e-02 -8.4778992266e-21 -1.1751727510e-02 )
874              	( 3.1365077672e-01 -3.6741342456e-18 -1.1242057455e+01 )	( 2.3672446503e-01 -3.6633142714e-18 -1.1230304378e+01 )	( 7.6926311694e-02 -1.0819974248e-20 -1.1753077427e-02 )
875              	( 3.1366139180e-01 -3.6717800196e-18 -1.1242051799e+01 )	( 2.3672639699e-01 -3.6633055426e-18 -1.1230300125e+01 )	( 7.6934994807e-02 -8.4744770020e-21 -1.1751674022e-02 )
876              	( 3.1365448185e-01 -3.6741142720e-18 -1.1242049926e+01 )	( 2.3672801585e-01 -3.6632996034e-18 -1.1230296906e+01 )	( 7.6926465993e-02 -1.0814668552e-20 -1.1753019904e-02 )
877              	( 3.1366501369e-01 -3.6717622370e-18 -1.1242044468e+01 )	( 2.3672989069e-01 -3.6632911143e-18 -1.1230292847e+01 )	( 7.6935123002e-02 -8.4711227059e-21 -1.1751620790e-02 )
878              	( 3.1365806822e-01 -3.6740948246e-18 -1.1242042778e+01 )	( 2.3673145052e-01 -3.6632854144e-18 -1.1230289815e+01 )	( 7.6926617707e-02 -1.0809410210e-20 -1.1752962704e-02 )
879              	( 3.1366851351e-01 -3.6717450167e-18 -1.1242037520e+01 )	( 2.3673326484e-01 -3.6632771759e-18 -1.1230285952e+01 )	( 7.6935248666e-02 -8.4678408351e-21 -1.1751567909e-02 )
880              	( 3.1366152888e-01 -3.6740759303e-18 -1.1242036016e+01 )	( 2.3673476212e-01 -3.6632717263e-18 -1.1230283111e+01 )	( 7.6926766761e-02 -1.0804203975e-20 -1.1752905917e-02 )
881              	( 3.1367188315e-01 -3.6717283858e-18 -1.1242030956e+01 )	( 2.3673651143e-01 -3.6632637499e-18 -1.1230279441e+01 )	( 7.6935371719e-02 -8.4646359128e-21 -1.1751515471e-02 )
882              	( 3.1366485836e-01 -3.6740576129e-18 -1.1242029653e+01 )	( 2.3673794527e-01 -3.6632585585e-18 -1.1230276804e+01 )	( 7.6926913093e-02 -1.0799054354e-20 -1.1752849629e-02 )
883              	( 3.1367511899e-01 -3.6717123669e-18 -1.1242024796e+01 )	( 2.3673962687e-01 -3.6632508549e-18 -1.1230273332e+01 )	( 7.6935492125e-02 -8.4615120699e-21 -1.1751463549e-02 )
884              	( 3.1366804864e-01 -3.6740398979e-18 -1.1242023684e+01 )	( 2.3674099199e-01 -3.6632459325e-18 -1.1230270890e+01 )	( 7.6927056657e-02 -1.0793965415e-20 -1.1752793915e-02 )
885              	( 3.1367821390e-01 -3.6716969794e-18 -1.1242019036e+01 )	( 2.3674260407e-01 -3.6632385065e-18 -1.1230267624e+01 )	( 7.6935609825e-02 -8.4584729183e-21 -1.1751412221e-02 )
886              	( 3.1367109564e-01 -3.6740228016e-18 -1.1242018120e+01 )	( 2.3674389823e-01 -3.6632338605e-18 -1.1230265381e+01 )	( 7.6927197410e-02 -1.0788941113e-20 -1.1752738844e-02 )
887              	( 3.1368116331e-01 -3.6716822429e-18 -1.1242013685e+01 )	( 2.3674543852e-01 -3.6632267204e-18 -1.1230262323e+01 )	( 7.6935724792e-02 -8.4555224371e-21 -1.1751361549e-02 )
888              	( 3.1367399487e-01 -3.6740063440e-18 -1.1242012968e+01 )	( 2.3674665953e-01 -3.6632223586e-18 -1.1230260283e+01 )	( 7.6927335337e-02 -1.0783985380e-20 -1.1752684474e-02 )
889              	( 3.1368396302e-01 -3.6716681759e-18 -1.1242008749e+01 )	( 2.3674812601e-01 -3.6632155118e-18 -1.1230257438e+01 )	( 7.6935837018e-02 -8.4526640941e-21 -1.1751311587e-02 )
890              	( 3.1367674244e-01 -3.6739905420e-18 -1.1242008234e+01 )	( 2.3674927201e-01 -3.6632114403e-18 -1.1230255603e+01 )	( 7.6927470435e-02 -1.0779101616e-20 -1.1752630855e-02 )
891              	( 3.1368660933e-01 -3.6716547932e-18 -1.1242004234e+01 )	( 2.3675066282e-01 -3.6632048923e-18 -1.1230252972e+01 )	( 7.6935946502e-02 -8.4499009306e-21 -1.1751262381e-02 )
892              	( 3.1367933475e-01 -3.6739754098e-18 -1.1242003923e+01 )	( 2.3675173204e-01 -3.6632011169e-18 -1.1230251345e+01 )	( 7.6927602708e-02 -1.0774292889e-20 -1.1752578030e-02 )
893              	( 3.1368909868e-01 -3.6716421084e-18 -1.1242000143e+01 )	( 2.3675304542e-01 -3.6631948727e-18 -1.1230248929e+01 )	( 7.6936053255e-02 -8.4472356852e-21 -1.1751213974e-02 )
894              	( 3.1368176841e-01 -3.6739609593e-18 -1.1242000039e+01 )	( 2.3675403624e-01 -3.6631913973e-18 -1.1230247513e+01 )	( 7.6927732168e-02 -1.0769561983e-20 -1.1752526039e-02 )
895              	( 3.1369142783e-01 -3.6716301320e-18 -1.1241996479e+01 )	( 2.3675527054e-01 -3.6631854612e-18 -1.1230245312e+01 )	( 7.6936157289e-02 -8.4446708656e-21 -1.1751166401e-02 )
896              	( 3.1368404035e-01 -3.6739472023e-18 -1.1241996584e+01 )	( 2.3675618152e-01 -3.6631822909e-18 -1.1230244109e+01 )	( 7.6927858832e-02 -1.0764911430e-20 -1.1752474917e-02 )
897              	( 3.1369359376e-01 -3.6716188739e-18 -1.1241993235e+01 )	( 2.3675733514e-01 -3.6631766652e-18 -1.1230242116e+01 )	( 7.6936258622e-02 -8.4422087067e-21 -1.1751119697e-02 )
898              	( 3.1368614743e-01 -3.6739341474e-18 -1.1241993549e+01 )	( 2.3675816472e-01 -3.6631738039e-18 -1.1230241124e+01 )	( 7.6927982712e-02 -1.0760343533e-20 -1.1752424697e-02 )
899              	( 3.1369559360e-01 -3.6716083436e-18 -1.1241990418e+01 )	( 2.3675923633e-01 -3.6631684925e-18 -1.1230239344e+01 )	( 7.6936357263e-02 -8.4398511383e-21 -1.1751073896e-02 )
900              	( 3.1368808710e-01 -3.6739218004e-18 -1.1241990934e+01 )	( 2.3675998328e-01 -3.6631659401e-18 -1.1230238559e+01 )	( 7.6928103826e-02 -1.0755860328e-20 -1.1752375411e-02 )
901              	( 3.1369742375e-01 -3.6715985449e-18 -1.1241988011e+01 )	( 2.3676097053e-01 -3.6631609446e-18 -1.1230236982e+01 )	( 7.6936453225e-02 -8.4376002576e-21 -1.1751029031e-02 )
902              	( 3.1368985853e-01 -3.6739101679e-18 -1.1241988737e+01 )	( 2.3676163634e-01 -3.6631587037e-18 -1.1230236410e+01 )	( 7.6928222188e-02 -1.0751464237e-20 -1.1752327091e-02 )
903              	( 3.1369908341e-01 -3.6715894915e-18 -1.1241986020e+01 )	( 2.3676253689e-01 -3.6631540340e-18 -1.1230235035e+01 )	( 7.6936546524e-02 -8.4354575151e-21 -1.1750985135e-02 )
904              	( 3.1369145559e-01 -3.6738992623e-18 -1.1241986942e+01 )	( 2.3676311780e-01 -3.6631521061e-18 -1.1230234663e+01 )	( 7.6928337790e-02 -1.0747156267e-20 -1.1752279779e-02 )
905              	( 3.1370057004e-01 -3.6715811755e-18 -1.1241984422e+01 )	( 2.3676393289e-01 -3.6631477507e-18 -1.1230233479e+01 )	( 7.6936637150e-02 -8.4334247735e-21 -1.1750942243e-02 )
906              	( 3.1369287847e-01 -3.6738890732e-18 -1.1241985536e+01 )	( 2.3676442784e-01 -3.6631461338e-18 -1.1230233303e+01 )	( 7.6928450628e-02 -1.0742939406e-20 -1.1752233504e-02 )
907              	( 3.1370188172e-01 -3.6715735977e-18 -1.1241983214e+01 )	( 2.3676515663e-01 -3.6631420931e-18 -1.1230232313e+01 )	( 7.6936725088e-02 -8.4315045139e-21 -1.1750900393e-02 )
908              	( 3.1369412582e-01 -3.6738796001e-18 -1.1241984513e+01 )	( 2.3676556513e-01 -3.6631407846e-18 -1.1230232324e+01 )	( 7.6928560698e-02 -1.0738815537e-20 -1.1752188305e-02 )
909              	( 3.1370301734e-01 -3.6715667552e-18 -1.1241982382e+01 )	( 2.3676620700e-01 -3.6631370569e-18 -1.1230231522e+01 )	( 7.6936810337e-02 -8.4296982989e-21 -1.1750859622e-02 )
910              	( 3.1369519637e-01 -3.6738708417e-18 -1.1241983858e+01 )	( 2.3676652838e-01 -3.6631360552e-18 -1.1230231714e+01 )	( 7.6928667986e-02 -1.0734786565e-20 -1.1752144221e-02 )
911              	( 3.1370397589e-01 -3.6715606462e-18 -1.1241981911e+01 )	( 2.3676708301e-01 -3.6631326384e-18 -1.1230231092e+01 )	( 7.6936892876e-02 -8.4280078127e-21 -1.1750819971e-02 )
912              	( 3.1369608899e-01 -3.6738627949e-18 -1.1241983558e+01 )	( 2.3676731652e-01 -3.6631319408e-18 -1.1230231457e+01 )	( 7.6928772469e-02 -1.0730854040e-20 -1.1752101292e-02 )
913              	( 3.1370475638e-01 -3.6715552664e-18 -1.1241981784e+01 )	( 2.3676778370e-01 -3.6631288318e-18 -1.1230231003e+01 )	( 7.6936972683e-02 -8.4264346140e-21 -1.1750781478e-02 )
914              	( 3.1369680654e-01 -3.6738554557e-18 -1.1241983604e+01 )	( 2.3676793240e-01 -3.6631284358e-18 -1.1230231544e+01 )	( 7.6928874135e-02 -1.0727019901e-20 -1.1752059555e-02 )
915              	( 3.1370536045e-01 -3.6715506119e-18 -1.1241981998e+01 )	( 2.3676831071e-01 -3.6631256323e-18 -1.1230231253e+01 )	( 7.6937049742e-02 -8.4249795259e-21 -1.1750744185e-02 )
916              	( 3.1369734561e-01 -3.6738488164e-18 -1.1241983977e+01 )	( 2.3676837266e-01 -3.6631255317e-18 -1.1230231958e+01 )	( 7.6928972949e-02 -1.0723284642e-20 -1.1752019055e-02 )
917              	( 3.1370578842e-01 -3.6715466710e-18 -1.1241982529e+01 )	( 2.3676866440e-01 -3.6631230274e-18 -1.1230231820e+01 )	( 7.6937124022e-02 -8.4236435814e-21 -1.1750708125e-02 )
918              	( 3.1369770909e-01 -3.6738428705e-18 -1.1241984661e+01 )	( 2.3676864020e-01 -3.6631232208e-18 -1.1230232681e+01 )	( 7.6929068889e-02 -1.0719649721e-20 -1.1751979822e-02 )
919              	( 3.1370604143e-01 -3.6715434391e-18 -1.1241983367e+01 )	( 2.3676884594e-01 -3.6631210116e-18 -1.1230232694e+01 )	( 7.6937195497e-02 -8.4224275346e-21 -1.1750673339e-02 )
920              	( 3.1369789937e-01 -3.6738376105e-18 -1.1241985651e+01 )	( 2.3676873743e-01 -3.6631214945e-18 -1.1230233709e+01 )	( 7.6929161942e-02 -1.0716115976e-20 -1.1751941892e-02 )
921              	( 3.1370612251e-01 -3.6715409078e-18 -1.1241984509e+01 )	( 2.3676885834e-01 -3.6631195752e-18 -1.1230233869e+01 )	( 7.6937264166e-02 -8.4213326218e-21 -1.1750639851e-02 )
922              	( 3.1369791820e-01 -3.6738330255e-18 -1.1241986931e+01 )	( 2.3676866610e-01 -3.6631203412e-18 -1.1230235026e+01 )	( 7.6929252103e-02 -1.0712684294e-20 -1.1751905288e-02 )
923              	( 3.1370603363e-01 -3.6715390666e-18 -1.1241985936e+01 )	( 2.3676870362e-01 -3.6631187077e-18 -1.1230235328e+01 )	( 7.6937330014e-02 -8.4203588689e-21 -1.1750607690e-02 )
924              	( 3.1369776861e-01 -3.6738291060e-18 -1.1241988493e+01 )	( 2.3676842925e-01 -3.6631197512e-18 -1.1230236623e+01 )	( 7.6929339357e-02 -1.0709354778e-20 -1.1751870039e-02 )
925              	( 3.1370577821e-01 -3.6715379045e-18 -1.1241987641e+01 )	( 2.3676838518e-01 -3.6631183984e-18 -1.1230237065e+01 )	( 7.6937393033e-02 -8.4195061600e-21 -1.1750576877e-02 )
926              	( 3.1369745403e-01 -3.6738258417e-18 -1.1241990331e+01 )	( 2.3676803033e-01 -3.6631197142e-18 -1.1230238495e+01 )	( 7.6929423704e-02 -1.0706127555e-20 -1.1751836163e-02 )
927              	( 3.1370535867e-01 -3.6715374105e-18 -1.1241989609e+01 )	( 2.3676790544e-01 -3.6631186359e-18 -1.1230239061e+01 )	( 7.6937453224e-02 -8.4187745252e-21 -1.1750547433e-02 )
928              	( 3.1369697833e-01 -3.6738232206e-18 -1.1241992433e+01 )	( 2.3676747318e-01 -3.6631202180e-18 -1.1230240630e+01 )	( 7.6929505146e-02 -1.0703002554e-20 -1.1751803676e-02 )
929              	( 3.1370478054e-01 -3.6715375720e-18 -1.1241991844e+01 )	( 2.3676726994e-01 -3.6631194085e-18 -1.1230241325e+01 )	( 7.6937510604e-02 -8.4181634590e-21 -1.1750519366e-02 )
930              	( 3.1369634452e-01 -3.6738212301e-18 -1.1241994790e+01 )	( 2.3676676082e-01 -3.6631212508e-18 -1.1230243017e+01 )	( 7.6929583706e-02 -1.0699979328e-20 -1.1751772587e-02 )
931              	( 3.1370404638e-01 -3.6715383760e-18 -1.1241994329e+01 )	( 2.3676648120e-01 -3.6631207037e-18 -1.1230243837e+01 )	( 7.6937565180e-02 -8.4176723030e-21 -1.1750492689e-02 )
932              	( 3.1369555833e-01 -3.6738198521e-18 -1.1241997406e+01 )	( 2.3676589894e-01 -3.6631227947e-18 -1.1230245663e+01 )	( 7.6929659393e-02 -1.0697057449e-20 -1.1751742905e-02 )
933              	( 3.1370316118e-01 -3.6715397957e-18 -1.1241997058e+01 )	( 2.3676554420e-01 -3.6631224949e-18 -1.1230246591e+01 )	( 7.6937616976e-02 -8.4173008330e-21 -1.1750467404e-02 )
934              	( 3.1369462177e-01 -3.6738190646e-18 -1.1242000250e+01 )	( 2.3676488955e-01 -3.6631248278e-18 -1.1230248536e+01 )	( 7.6929732222e-02 -1.0694236838e-20 -1.1751714634e-02 )
935              	( 3.1370212983e-01 -3.6715418231e-18 -1.1242000034e+01 )	( 2.3676446383e-01 -3.6631247750e-18 -1.1230249591e+01 )	( 7.6937666003e-02 -8.4170480729e-21 -1.1750443517e-02 )
936              	( 3.1369354107e-01 -3.6738188651e-18 -1.1242003336e+01 )	( 2.3676373884e-01 -3.6631273492e-18 -1.1230251649e+01 )	( 7.6929802230e-02 -1.0691515897e-20 -1.1751687772e-02 )
937              	( 3.1370095638e-01 -3.6715444535e-18 -1.1242003243e+01 )	( 2.3676324408e-01 -3.6631275415e-18 -1.1230252822e+01 )	( 7.6937712299e-02 -8.4169119951e-21 -1.1750421025e-02 )
938              	( 3.1369232039e-01 -3.6738192450e-18 -1.1242006653e+01 )	( 2.3676245096e-01 -3.6631303521e-18 -1.1230254990e+01 )	( 7.6929869438e-02 -1.0688892901e-20 -1.1751662320e-02 )
939              	( 3.1369964517e-01 -3.6715476739e-18 -1.1242006678e+01 )	( 2.3676188928e-01 -3.6631307829e-18 -1.1230256278e+01 )	( 7.6937755884e-02 -8.4168909699e-21 -1.1750399926e-02 )
940              	( 3.1369096431e-01 -3.6738201898e-18 -1.1242010193e+01 )	( 2.3676103044e-01 -3.6631338234e-18 -1.1230258554e+01 )	( 7.6929933871e-02 -1.0686366400e-20 -1.1751638274e-02 )
941              	( 3.1369820092e-01 -3.6715514695e-18 -1.1242010334e+01 )	( 2.3676040414e-01 -3.6631344861e-18 -1.1230259953e+01 )	( 7.6937796785e-02 -8.4169833658e-21 -1.1750380218e-02 )
942              	( 3.1368947741e-01 -3.6738216848e-18 -1.1242013950e+01 )	( 2.3675948185e-01 -3.6631377499e-18 -1.1230262334e+01 )	( 7.6929995558e-02 -1.0683934906e-20 -1.1751615631e-02 )
943              	( 3.1369662825e-01 -3.6715558254e-18 -1.1242014203e+01 )	( 2.3675879322e-01 -3.6631386379e-18 -1.1230263841e+01 )	( 7.6937835030e-02 -8.4171874979e-21 -1.1750361895e-02 )
944              	( 3.1368786434e-01 -3.6738237151e-18 -1.1242017916e+01 )	( 2.3675780981e-01 -3.6631421183e-18 -1.1230266322e+01 )	( 7.6930054527e-02 -1.0681596817e-20 -1.1751594384e-02 )
945              	( 3.1369493178e-01 -3.6715607264e-18 -1.1242018277e+01 )	( 2.3675706114e-01 -3.6631432249e-18 -1.1230267932e+01 )	( 7.6937870646e-02 -8.4175015460e-21 -1.1750344951e-02 )
946              	( 3.1368612972e-01 -3.6738262655e-18 -1.1242022085e+01 )	( 2.3675601892e-01 -3.6631469151e-18 -1.1230270511e+01 )	( 7.6930110803e-02 -1.0679350423e-20 -1.1751574528e-02 )
947              	( 3.1369311620e-01 -3.6715661570e-18 -1.1242022550e+01 )	( 2.3675521254e-01 -3.6631482334e-18 -1.1230272221e+01 )	( 7.6937903658e-02 -8.4179236232e-21 -1.1750329381e-02 )
948              	( 3.1368427854e-01 -3.6738293201e-18 -1.1242026451e+01 )	( 2.3675411413e-01 -3.6631521262e-18 -1.1230274895e+01 )	( 7.6930164414e-02 -1.0677193918e-20 -1.1751556055e-02 )
949              	( 3.1369118547e-01 -3.6715721014e-18 -1.1242027007e+01 )	( 2.3675325138e-01 -3.6631536496e-18 -1.1230276692e+01 )	( 7.6937934090e-02 -8.4184517831e-21 -1.1750315179e-02 )
950              	( 3.1368231552e-01 -3.6738328635e-18 -1.1242031002e+01 )	( 2.3675210014e-01 -3.6631577381e-18 -1.1230279463e+01 )	( 7.6930215381e-02 -1.0675125435e-20 -1.1751538961e-02 )
951              	( 3.1368914601e-01 -3.6715785425e-18 -1.1242031652e+01 )	( 2.3675118404e-01 -3.6631594586e-18 -1.1230281349e+01 )	( 7.6937961974e-02 -8.4190839251e-21 -1.1750302333e-02 )
952              	( 3.1368024480e-01 -3.6738368786e-18 -1.1242035728e+01 )	( 2.3674998106e-01 -3.6631637355e-18 -1.1230284205e+01 )	( 7.6930263739e-02 -1.0673143134e-20 -1.1751523233e-02 )
953              	( 3.1368700183e-01 -3.6715854641e-18 -1.1242036469e+01 )	( 2.3674901450e-01 -3.6631656460e-18 -1.1230286178e+01 )	( 7.6937987335e-02 -8.4198180432e-21 -1.1750290837e-02 )
954              	( 3.1367807190e-01 -3.6738413486e-18 -1.1242040622e+01 )	( 2.3674776239e-01 -3.6631701037e-18 -1.1230289113e+01 )	( 7.6930309512e-02 -1.0671244928e-20 -1.1751508863e-02 )
955              	( 3.1368475811e-01 -3.6715928485e-18 -1.1242041450e+01 )	( 2.3674674791e-01 -3.6631721966e-18 -1.1230291169e+01 )	( 7.6938010197e-02 -8.4206518298e-21 -1.1750280680e-02 )
956              	( 3.1367580199e-01 -3.6738462559e-18 -1.1242045676e+01 )	( 2.3674544926e-01 -3.6631768273e-18 -1.1230294180e+01 )	( 7.6930352728e-02 -1.0669428664e-20 -1.1751495842e-02 )
957              	( 3.1368242009e-01 -3.6716006777e-18 -1.1242046586e+01 )	( 2.3674438950e-01 -3.6631790947e-18 -1.1230296314e+01 )	( 7.6938030591e-02 -8.4215829830e-21 -1.1750271852e-02 )
958              	( 3.1367344040e-01 -3.6738515825e-18 -1.1242050879e+01 )	( 2.3674304699e-01 -3.6631838903e-18 -1.1230299395e+01 )	( 7.6930393417e-02 -1.0667692149e-20 -1.1751484156e-02 )
959              	( 3.1367999321e-01 -3.6716089333e-18 -1.1242051867e+01 )	( 2.3674194466e-01 -3.6631863241e-18 -1.1230301603e+01 )	( 7.6938048548e-02 -8.4226091298e-21 -1.1750264339e-02 )
960              	( 3.1367099292e-01 -3.6738573094e-18 -1.1242056227e+01 )	( 2.3674056130e-01 -3.6631912763e-18 -1.1230304753e+01 )	( 7.6930431614e-02 -1.0666033111e-20 -1.1751473790e-02 )
961              	( 3.1367748245e-01 -3.6716175963e-18 -1.1242057280e+01 )	( 2.3673941835e-01 -3.6631938685e-18 -1.1230307021e+01 )	( 7.6938064102e-02 -8.4237278226e-21 -1.1750258125e-02 )
962              	( 3.1366846507e-01 -3.6738634179e-18 -1.1242061704e+01 )	( 2.3673799772e-01 -3.6631989687e-18 -1.1230310239e+01 )	( 7.6930467350e-02 -1.0664449195e-20 -1.1751464730e-02 )
963              	( 3.1367489488e-01 -3.6716266461e-18 -1.1242062824e+01 )	( 2.3673681759e-01 -3.6632017096e-18 -1.1230312570e+01 )	( 7.6938077295e-02 -8.4249365473e-21 -1.1750253191e-02 )
964              	( 3.1366586230e-01 -3.6738698874e-18 -1.1242067301e+01 )	( 2.3673536163e-01 -3.6632069493e-18 -1.1230315844e+01 )	( 7.6930500677e-02 -1.0662938066e-20 -1.1751456953e-02 )
965              	( 3.1367223577e-01 -3.6716360634e-18 -1.1242068483e+01 )	( 2.3673414760e-01 -3.6632098306e-18 -1.1230318234e+01 )	( 7.6938088170e-02 -8.4262327618e-21 -1.1750249517e-02 )
966              	( 3.1366319096e-01 -3.6738766977e-18 -1.1242073008e+01 )	( 2.3673265932e-01 -3.6632152006e-18 -1.1230321558e+01 )	( 7.6930531635e-02 -1.0661497136e-20 -1.1751450438e-02 )
967              	( 3.1366951124e-01 -3.6716458267e-18 -1.1242074248e+01 )	( 2.3673141446e-01 -3.6632182131e-18 -1.1230324001e+01 )	( 7.6938096772e-02 -8.4276136318e-21 -1.1750247081e-02 )
968              	( 3.1366045724e-01 -3.6738838275e-18 -1.1242078815e+01 )	( 2.3672989696e-01 -3.6632237038e-18 -1.1230327370e+01 )	( 7.6930560273e-02 -1.0660123679e-20 -1.1751445162e-02 )
969              	( 3.1366672755e-01 -3.6716559139e-18 -1.1242080106e+01 )	( 2.3672862440e-01 -3.6632268376e-18 -1.1230329860e+01 )	( 7.6938103153e-02 -8.4290762910e-21 -1.1750245857e-02 )
970              	( 3.1365766746e-01 -3.6738912542e-18 -1.1242084710e+01 )	( 2.3672708081e-01 -3.6632324393e-18 -1.1230333269e+01 )	( 7.6930586647e-02 -1.0658814974e-20 -1.1751441097e-02 )
971              	( 3.1366389109e-01 -3.6716663022e-18 -1.1242086047e+01 )	( 2.3672578372e-01 -3.6632356843e-18 -1.1230335801e+01 )	( 7.6938107371e-02 -8.4306178696e-21 -1.1750245816e-02 )
972              	( 3.1365482836e-01 -3.6738989548e-18 -1.1242090683e+01 )	( 2.3672421754e-01 -3.6632413865e-18 -1.1230339245e+01 )	( 7.6930610815e-02 -1.0657568244e-20 -1.1751438213e-02 )
973              	( 3.1366100781e-01 -3.6716769685e-18 -1.1242092052e+01 )	( 2.3672289832e-01 -3.6632447331e-18 -1.1230341805e+01 )	( 7.6938109482e-02 -8.4322354299e-21 -1.1750246927e-02 )
974              	( 3.1365194623e-01 -3.6739069060e-18 -1.1242096719e+01 )	( 2.3672131339e-01 -3.6632505253e-18 -1.1230345282e+01 )	( 7.6930632836e-02 -1.0656380677e-20 -1.1751436479e-02 )
975              	( 3.1365808542e-01 -3.6716878875e-18 -1.1242098118e+01 )	( 2.3671997586e-01 -3.6632539614e-18 -1.1230347869e+01 )	( 7.6938109556e-02 -8.4339260587e-21 -1.1750249158e-02 )
976              	( 3.1364902737e-01 -3.6739150827e-18 -1.1242102801e+01 )	( 2.3671837458e-01 -3.6632598331e-18 -1.1230351365e+01 )	( 7.6930652784e-02 -1.0655249554e-20 -1.1751435859e-02 )
977              	( 3.1365512997e-01 -3.6716990354e-18 -1.1242104226e+01 )	( 2.3671702231e-01 -3.6632633486e-18 -1.1230353973e+01 )	( 7.6938107659e-02 -8.4356868149e-21 -1.1750252472e-02 )
978              	( 3.1364607874e-01 -3.6739234602e-18 -1.1242108918e+01 )	( 2.3671540802e-01 -3.6632692884e-18 -1.1230357481e+01 )	( 7.6930670724e-02 -1.0654171891e-20 -1.1751436319e-02 )
979              	( 3.1365214818e-01 -3.6717103859e-18 -1.1242110360e+01 )	( 2.3671404432e-01 -3.6632728714e-18 -1.1230360103e+01 )	( 7.6938103860e-02 -8.4375145256e-21 -1.1750256834e-02 )
980              	( 3.1364310733e-01 -3.6739320118e-18 -1.1242115055e+01 )	( 2.3671242060e-01 -3.6632788672e-18 -1.1230363617e+01 )	( 7.6930686729e-02 -1.0653144671e-20 -1.1751437819e-02 )
981              	( 3.1364914628e-01 -3.6717219124e-18 -1.1242116500e+01 )	( 2.3671104805e-01 -3.6632825063e-18 -1.1230366237e+01 )	( 7.6938098231e-02 -8.4394060527e-21 -1.1750262206e-02 )
982              	( 3.1364011968e-01 -3.6739407117e-18 -1.1242121195e+01 )	( 2.3670941881e-01 -3.6632885468e-18 -1.1230369754e+01 )	( 7.6930700870e-02 -1.0652164913e-20 -1.1751440323e-02 )
983              	( 3.1364613217e-01 -3.6717335871e-18 -1.1242122639e+01 )	( 2.3670804131e-01 -3.6632922288e-18 -1.1230372370e+01 )	( 7.6938090852e-02 -8.4413583761e-21 -1.1750268546e-02 )
984              	( 3.1363712233e-01 -3.6739495313e-18 -1.1242127318e+01 )	( 2.3670640910e-01 -3.6632983014e-18 -1.1230375874e+01 )	( 7.6930713230e-02 -1.0651229828e-20 -1.1751443788e-02 )
985              	( 3.1364311207e-01 -3.6717453834e-18 -1.1242128754e+01 )	( 2.3670503027e-01 -3.6633020149e-18 -1.1230378478e+01 )	( 7.6938081797e-02 -8.4433685137e-21 -1.1750275814e-02 )
986              	( 3.1363412240e-01 -3.6739584434e-18 -1.1242133409e+01 )	( 2.3670339851e-01 -3.6633081070e-18 -1.1230381961e+01 )	( 7.6930723885e-02 -1.0650336409e-20 -1.1751448172e-02 )
987              	( 3.1364009274e-01 -3.6717572726e-18 -1.1242134828e+01 )	( 2.3670202160e-01 -3.6633118393e-18 -1.1230384544e+01 )	( 7.6938071145e-02 -8.4454333332e-21 -1.1750283968e-02 )
988              	( 3.1363112679e-01 -3.6739674194e-18 -1.1242139452e+01 )	( 2.3670039387e-01 -3.6633179378e-18 -1.1230387999e+01 )	( 7.6930732913e-02 -1.0649481689e-20 -1.1751453434e-02 )
989              	( 3.1363708058e-01 -3.6717692259e-18 -1.1242140839e+01 )	( 2.3669902161e-01 -3.6633216762e-18 -1.1230390546e+01 )	( 7.6938058974e-02 -8.4475496944e-21 -1.1750292966e-02 )
990              	( 3.1362814271e-01 -3.6739764298e-18 -1.1242145424e+01 )	( 2.3669740232e-01 -3.6633277672e-18 -1.1230393964e+01 )	( 7.6930740394e-02 -1.0648662558e-20 -1.1751459531e-02 )
991              	( 3.1363408403e-01 -3.6717812140e-18 -1.1242146780e+01 )	( 2.3669603866e-01 -3.6633314996e-18 -1.1230396477e+01 )	( 7.6938045374e-02 -8.4497144201e-21 -1.1750302763e-02 )
992              	( 3.1362517464e-01 -3.6739854477e-18 -1.1242151308e+01 )	( 2.3669442822e-01 -3.6633375713e-18 -1.1230399842e+01 )	( 7.6930746418e-02 -1.0647876373e-20 -1.1751466418e-02 )
993              	( 3.1363110725e-01 -3.6717932072e-18 -1.1242152618e+01 )	( 2.3669307684e-01 -3.6633412822e-18 -1.1230402304e+01 )	( 7.6938030414e-02 -8.4519249548e-21 -1.1750313316e-02 )
994              	( 3.1362223267e-01 -3.6739944430e-18 -1.1242157092e+01 )	( 2.3669148161e-01 -3.6633473226e-18 -1.1230405618e+01 )	( 7.6930751063e-02 -1.0647120330e-20 -1.1751474045e-02 )
995              	( 3.1362817735e-01 -3.6718051780e-18 -1.1242158392e+01 )	( 2.3669016302e-01 -3.6633510010e-18 -1.1230408068e+01 )	( 7.6938014334e-02 -8.4541770387e-21 -1.1750324509e-02 )
996              	( 3.1361935397e-01 -3.6740033852e-18 -1.1242162838e+01 )	( 2.3668859916e-01 -3.6633569963e-18 -1.1230411355e+01 )	( 7.6930754807e-02 -1.0646388925e-20 -1.1751482193e-02 )
997              	( 3.1362528818e-01 -3.6718170950e-18 -1.1242164053e+01 )	( 2.3668729069e-01 -3.6633606288e-18 -1.1230413716e+01 )	( 7.6937997493e-02 -8.4564662104e-21 -1.1750336171e-02 )
998              	( 3.1361649808e-01 -3.6740122464e-18 -1.1242168400e+01 )	( 2.3668574049e-01 -3.6633665659e-18 -1.1230416909e+01 )	( 7.6930757590e-02 -1.0645680567e-20 -1.1751490873e-02 )
999              	( 3.1362242718e-01 -3.6718289309e-18 -1.1242169521e+01 )	( 2.3668444752e-01 -3.6633701394e-18 -1.1230419173e+01 )	( 7.6937979660e-02 -8.4587915321e-21 -1.1750348390e-02 )
1000             	( 3.1361367448e-01 -3.6740209990e-18 -1.1242173767e+01 )	( 2.3668291520e-01 -3.6633760054e-18 -1.1230422267e+01 )	( 7.6930759286e-02 -1.0644993636e-20 -1.1751500129e-02 )
1001             	( 3.1361960132e-01 -3.6718406569e-18 -1.1242174785e+01 )	( 2.3668164050e-01 -3.6633795059e-18 -1.1230424424e+01 )	( 7.6937960818e-02 -8.4611510035e-21 -1.1750361165e-02 )
1002             	( 3.1361088787e-01 -3.6740296146e-18 -1.1242178911e+01 )	( 2.3668012794e-01 -3.6633852881e-18 -1.1230427401e+01 )	( 7.6930759931e-02 -1.0644326477e-20 -1.1751509937e-02 )
1003             	( 3.1361681541e-01 -3.6718522467e-18 -1.1242179816e+01 )	( 2.3667887438e-01 -3.6633887038e-18 -1.1230429441e+01 )	( 7.6937941024e-02 -8.4635428824e-21 -1.1750374459e-02 )
1004             	( 3.1360814501e-01 -3.6740380672e-18 -1.1242183819e+01 )	( 2.3667738541e-01 -3.6633943900e-18 -1.1230432298e+01 )	( 7.6930759600e-02 -1.0643677246e-20 -1.1751520253e-02 )
1005             	( 3.1361407633e-01 -3.6718636736e-18 -1.1242184599e+01 )	( 2.3667615597e-01 -3.6633977085e-18 -1.1230434211e+01 )	( 7.6937920367e-02 -8.4659650395e-21 -1.1750388223e-02 )
1006             	( 3.1360545211e-01 -3.6740463298e-18 -1.1242188468e+01 )	( 2.3667469373e-01 -3.6634032859e-18 -1.1230436937e+01 )	( 7.6930758378e-02 -1.0643043969e-20 -1.1751531028e-02 )
1007             	( 3.1361139147e-01 -3.6718749107e-18 -1.1242189122e+01 )	( 2.3667349255e-01 -3.6634064953e-18 -1.1230438720e+01 )	( 7.6937898924e-02 -8.4684153348e-21 -1.1750402412e-02 )
1008             	( 3.1360281756e-01 -3.6740543781e-18 -1.1242192857e+01 )	( 2.3667206122e-01 -3.6634119537e-18 -1.1230441315e+01 )	( 7.6930756346e-02 -1.0642424384e-20 -1.1751542218e-02 )
1009             	( 3.1360876840e-01 -3.6718859342e-18 -1.1242193378e+01 )	( 2.3667089162e-01 -3.6634150430e-18 -1.1230442961e+01 )	( 7.6937876778e-02 -8.4708911547e-21 -1.1750416981e-02 )
1010             	( 3.1360024811e-01 -3.6740621860e-18 -1.1242196973e+01 )	( 2.3666949453e-01 -3.6634203701e-18 -1.1230445419e+01 )	( 7.6930753580e-02 -1.0641815921e-20 -1.1751553777e-02 )
1011             	( 3.1360621447e-01 -3.6718967188e-18 -1.1242197361e+01 )	( 2.3666836047e-01 -3.6634233290e-18 -1.1230446929e+01 )	( 7.6937854003e-02 -8.4733897758e-21 -1.1750431884e-02 )
1012             	( 3.1359775169e-01 -3.6740697312e-18 -1.1242200816e+01 )	( 2.3666700152e-01 -3.6634285154e-18 -1.1230449251e+01 )	( 7.6930750165e-02 -1.0641215809e-20 -1.1751565659e-02 )
1013             	( 3.1360373689e-01 -3.6719072418e-18 -1.1242201069e+01 )	( 2.3666590620e-01 -3.6634313338e-18 -1.1230450622e+01 )	( 7.6937830689e-02 -8.4759080614e-21 -1.1750447073e-02 )
1014             	( 3.1359533454e-01 -3.6740769903e-18 -1.1242204381e+01 )	( 2.3666458836e-01 -3.6634363692e-18 -1.1230452803e+01 )	( 7.6930746185e-02 -1.0640621009e-20 -1.1751577814e-02 )
1015             	( 3.1360134252e-01 -3.6719174807e-18 -1.1242204501e+01 )	( 2.3666353560e-01 -3.6634390378e-18 -1.1230454039e+01 )	( 7.6937806918e-02 -8.4784428757e-21 -1.1750462497e-02 )
1016             	( 3.1359300360e-01 -3.6740839425e-18 -1.1242207670e+01 )	( 2.3666226187e-01 -3.6634439141e-18 -1.1230456080e+01 )	( 7.6930741729e-02 -1.0640028404e-20 -1.1751590189e-02 )
1017             	( 3.1359903735e-01 -3.6719274153e-18 -1.1242207657e+01 )	( 2.3666125457e-01 -3.6634464244e-18 -1.1230457179e+01 )	( 7.6937782780e-02 -8.4809908863e-21 -1.1750478104e-02 )
1018             	( 3.1359076527e-01 -3.6740905683e-18 -1.1242210688e+01 )	( 2.3666002838e-01 -3.6634511336e-18 -1.1230459085e+01 )	( 7.6930736884e-02 -1.0639434712e-20 -1.1751602734e-02 )
1019             	( 3.1359682725e-01 -3.6719370268e-18 -1.1242210541e+01 )	( 2.3665906889e-01 -3.6634534781e-18 -1.1230460047e+01 )	( 7.6937758361e-02 -8.4835486735e-21 -1.1750493844e-02 )
1020             	( 3.1358862417e-01 -3.6740968496e-18 -1.1242213432e+01 )	( 2.3665789244e-01 -3.6634580129e-18 -1.1230461816e+01 )	( 7.6930731731e-02 -1.0638836762e-20 -1.1751615399e-02 )
1021             	( 3.1359471744e-01 -3.6719462979e-18 -1.1242213156e+01 )	( 2.3665698370e-01 -3.6634601849e-18 -1.1230462647e+01 )	( 7.6937733737e-02 -8.4861130247e-21 -1.1750509667e-02 )
1022             	( 3.1358658548e-01 -3.6741027704e-18 -1.1242215907e+01 )	( 2.3665585913e-01 -3.6634645390e-18 -1.1230464279e+01 )	( 7.6930726348e-02 -1.0638231390e-20 -1.1751628136e-02 )
1023             	( 3.1359271199e-01 -3.6719552137e-18 -1.1242215504e+01 )	( 2.3665500301e-01 -3.6634665330e-18 -1.1230464978e+01 )	( 7.6937708982e-02 -8.4886806131e-21 -1.1750525528e-02 )
1024             	( 3.1358465349e-01 -3.6741083166e-18 -1.1242218121e+01 )	( 2.3665393269e-01 -3.6634707012e-18 -1.1230466480e+01 )	( 7.6930720804e-02 -1.0637615388e-20 -1.1751640900e-02 )
1025             	( 3.1359081482e-01 -3.6719637603e-18 -1.1242217589e+01 )	( 2.3665313066e-01 -3.6634725122e-18 -1.1230467048e+01 )	( 7.6937684166e-02 -8.4912481293e-21 -1.1750541384e-02 )
1026             	( 3.1358283094e-01 -3.6741134756e-18 -1.1242220072e+01 )	( 2.3665211578e-01 -3.6634764899e-18 -1.1230468419e+01 )	( 7.6930715162e-02 -1.0636985712e-20 -1.1751653651e-02 )
1027             	( 3.1358902908e-01 -3.6719719263e-18 -1.1242219418e+01 )	( 2.3665136974e-01 -3.6634781138e-18 -1.1230468861e+01 )	( 7.6937659341e-02 -8.4938125265e-21 -1.1750557196e-02 )
1028             	( 3.1358112095e-01 -3.6741182370e-18 -1.1242221768e+01 )	( 2.3665041147e-01 -3.6634818976e-18 -1.1230470102e+01 )	( 7.6930709476e-02 -1.0636339447e-20 -1.1751666352e-02 )
1029             	( 3.1358735691e-01 -3.6719797024e-18 -1.1242220992e+01 )	( 2.3664972235e-01 -3.6634833316e-18 -1.1230470419e+01 )	( 7.6937634561e-02 -8.4963708249e-21 -1.1750572929e-02 )
1030             	( 3.1357952586e-01 -3.6741225927e-18 -1.1242223215e+01 )	( 2.3664882207e-01 -3.6634869189e-18 -1.1230471536e+01 )	( 7.6930703796e-02 -1.0635673783e-20 -1.1751678968e-02 )
1031             	( 3.1358580026e-01 -3.6719870809e-18 -1.1242222319e+01 )	( 2.3664819038e-01 -3.6634881608e-18 -1.1230471730e+01 )	( 7.6937609872e-02 -8.4989201373e-21 -1.1750588550e-02 )
1032             	( 3.1357804659e-01 -3.6741265357e-18 -1.1242224415e+01 )	( 2.3664734843e-01 -3.6634915496e-18 -1.1230472724e+01 )	( 7.6930698161e-02 -1.0634986100e-20 -1.1751691470e-02 )
1033             	( 3.1358436053e-01 -3.6719940560e-18 -1.1242223404e+01 )	( 2.3664677522e-01 -3.6634925981e-18 -1.1230472800e+01 )	( 7.6937585310e-02 -8.5014578549e-21 -1.1750604031e-02 )
1034             	( 3.1357668454e-01 -3.6741300620e-18 -1.1242225377e+01 )	( 2.3664599194e-01 -3.6634957880e-18 -1.1230473673e+01 )	( 7.6930692607e-02 -1.0634273943e-20 -1.1751703830e-02 )
1035             	( 3.1358303835e-01 -3.6720006243e-18 -1.1242224255e+01 )	( 2.3664547744e-01 -3.6634966429e-18 -1.1230473636e+01 )	( 7.6937560909e-02 -8.5039814522e-21 -1.1750619345e-02 )
1036             	( 3.1357544017e-01 -3.6741331688e-18 -1.1242226107e+01 )	( 2.3664475300e-01 -3.6634996338e-18 -1.1230474391e+01 )	( 7.6930687168e-02 -1.0633534973e-20 -1.1751716021e-02 )
1037             	( 3.1358183397e-01 -3.6720067840e-18 -1.1242224878e+01 )	( 2.3664429727e-01 -3.6635002954e-18 -1.1230474243e+01 )	( 7.6937536699e-02 -8.5064885420e-21 -1.1750634468e-02 )
1038             	( 3.1357431397e-01 -3.6741358554e-18 -1.1242226617e+01 )	( 2.3664363210e-01 -3.6635030884e-18 -1.1230474889e+01 )	( 7.6930681873e-02 -1.0632766968e-20 -1.1751728020e-02 )
1039             	( 3.1358074709e-01 -3.6720125346e-18 -1.1242225281e+01 )	( 2.3664323438e-01 -3.6635035578e-18 -1.1230474632e+01 )	( 7.6937512709e-02 -8.5089767488e-21 -1.1750649375e-02 )
1040             	( 3.1357330530e-01 -3.6741381224e-18 -1.1242226912e+01 )	( 2.3664262856e-01 -3.6635061546e-18 -1.1230475172e+01 )	( 7.6930676748e-02 -1.0631967825e-20 -1.1751739803e-02 )
1041             	( 3.1357977812e-01 -3.6720178791e-18 -1.1242225479e+01 )	( 2.3664228916e-01 -3.6635064349e-18 -1.1230474815e+01 )	( 7.6937488967e-02 -8.5114442474e-21 -1.1750664042e-02 )
1042             	( 3.1357241313e-01 -3.6741399745e-18 -1.1242227004e+01 )	( 2.3664174132e-01 -3.6635088384e-18 -1.1230475252e+01 )	( 7.6930671819e-02 -1.0631136010e-20 -1.1751751349e-02 )
1043             	( 3.1357892560e-01 -3.6720228201e-18 -1.1242225478e+01 )	( 2.3664146010e-01 -3.6635089310e-18 -1.1230474799e+01 )	( 7.6937465497e-02 -8.5138891400e-21 -1.1750678449e-02 )
1044             	( 3.1357163705e-01 -3.6741414138e-18 -1.1242226904e+01 )	( 2.3664096994e-01 -3.6635111446e-18 -1.1230475141e+01 )	( 7.6930667115e-02 -1.0630269269e-20 -1.1751762633e-02 )
1045             	( 3.1357818825e-01 -3.6720273630e-18 -1.1242225292e+01 )	( 2.3664074593e-01 -3.6635110539e-18 -1.1230474599e+01 )	( 7.6937442325e-02 -8.5163091510e-21 -1.1750692575e-02 )
1046             	( 3.1357097550e-01 -3.6741424471e-18 -1.1242226625e+01 )	( 2.3664031283e-01 -3.6635130811e-18 -1.1230474851e+01 )	( 7.6930662663e-02 -1.0629365980e-20 -1.1751773635e-02 )
1047             	( 3.1357756442e-01 -3.6720315144e-18 -1.1242224931e+01 )	( 2.3664014494e-01 -3.6635128116e-18 -1.1230474225e+01 )	( 7.6937419483e-02 -8.5187027771e-21 -1.1750706395e-02 )
1048             	( 3.1357042676e-01 -3.6741430817e-18 -1.1242226180e+01 )	( 2.3663976827e-01 -3.6635146570e-18 -1.1230474396e+01 )	( 7.6930658493e-02 -1.0628424699e-20 -1.1751784332e-02 )
1049             	( 3.1357705272e-01 -3.6720352821e-18 -1.1242224414e+01 )	( 2.3663965572e-01 -3.6635142137e-18 -1.1230473694e+01 )	( 7.6937396999e-02 -8.5210684105e-21 -1.1750719887e-02 )
1050             	( 3.1356998864e-01 -3.6741433268e-18 -1.1242225583e+01 )	( 2.3663933401e-01 -3.6635158828e-18 -1.1230473788e+01 )	( 7.6930654636e-02 -1.0627443987e-20 -1.1751794701e-02 )
1051             	( 3.1357665072e-01 -3.6720386751e-18 -1.1242223751e+01 )	( 2.3663927582e-01 -3.6635152705e-18 -1.1230473018e+01 )	( 7.6937374905e-02 -8.5234045639e-21 -1.1750733028e-02 )
1052             	( 3.1356965915e-01 -3.6741431908e-18 -1.1242224848e+01 )	( 2.3663900803e-01 -3.6635167683e-18 -1.1230473043e+01 )	( 7.6930651125e-02 -1.0626422533e-20 -1.1751804717e-02 )
1053             	( 3.1357636024e-01 -3.6720417036e-18 -1.1242222968e+01 )	( 2.3663900697e-01 -3.6635159940e-18 -1.1230472222e+01 )	( 7.6937353270e-02 -8.5257096637e-21 -1.1750745778e-02 )
1054             	( 3.1356945600e-01 -3.6741426858e-18 -1.1242224046e+01 )	( 2.3663880782e-01 -3.6635173279e-18 -1.1230472232e+01 )	( 7.6930648185e-02 -1.0625357868e-20 -1.1751814273e-02 )
1055             	( 3.1357619891e-01 -3.6720443787e-18 -1.1242222138e+01 )	( 2.3663886644e-01 -3.6635163984e-18 -1.1230471380e+01 )	( 7.6937332469e-02 -8.5279802423e-21 -1.1750757962e-02 )
1056             	( 3.1356935722e-01 -3.6741418229e-18 -1.1242223139e+01 )	( 2.3663871119e-01 -3.6635175750e-18 -1.1230471316e+01 )	( 7.6930646023e-02 -1.0624247970e-20 -1.1751823266e-02 )
1057             	( 3.1357612699e-01 -3.6720467130e-18 -1.1242221173e+01 )	( 2.3663881462e-01 -3.6635164967e-18 -1.1230470403e+01 )	( 7.6937312377e-02 -8.5302163257e-21 -1.1750769623e-02 )
1058             	( 3.1356934792e-01 -3.6741406160e-18 -1.1242222107e+01 )	( 2.3663870350e-01 -3.6635175226e-18 -1.1230470275e+01 )	( 7.6930644423e-02 -1.0623093391e-20 -1.1751831779e-02 )
1059             	( 3.1357614247e-01 -3.6720487205e-18 -1.1242220086e+01 )	( 2.3663884960e-01 -3.6635163025e-18 -1.1230469306e+01 )	( 7.6937292868e-02 -8.5324179189e-21 -1.1750780807e-02 )
1060             	( 3.1356942322e-01 -3.6741390793e-18 -1.1242220957e+01 )	( 2.3663877989e-01 -3.6635171851e-18 -1.1230469117e+01 )	( 7.6930643330e-02 -1.0621894207e-20 -1.1751839832e-02 )
1061             	( 3.1357623958e-01 -3.6720504156e-18 -1.1242218882e+01 )	( 2.3663896566e-01 -3.6635158305e-18 -1.1230468091e+01 )	( 7.6937273927e-02 -8.5345851915e-21 -1.1750791517e-02 )
1062             	( 3.1356957806e-01 -3.6741372278e-18 -1.1242219695e+01 )	( 2.3663893530e-01 -3.6635165770e-18 -1.1230467848e+01 )	( 7.6930642753e-02 -1.0620650803e-20 -1.1751847414e-02 )
1063             	( 3.1357641444e-01 -3.6720518136e-18 -1.1242217572e+01 )	( 2.3663915886e-01 -3.6635150952e-18 -1.1230466770e+01 )	( 7.6937255576e-02 -8.5367184189e-21 -1.1750801737e-02 )
1064             	( 3.1356980830e-01 -3.6741350769e-18 -1.1242218329e+01 )	( 2.3663916558e-01 -3.6635157133e-18 -1.1230466474e+01 )	( 7.6930642719e-02 -1.0619363575e-20 -1.1751854509e-02 )
1065             	( 3.1357666314e-01 -3.6720529300e-18 -1.1242216164e+01 )	( 2.3663942530e-01 -3.6635141121e-18 -1.1230465353e+01 )	( 7.6937237836e-02 -8.5388179010e-21 -1.1750811453e-02 )
1066             	( 3.1357011062e-01 -3.6741326423e-18 -1.1242216872e+01 )	( 2.3663946737e-01 -3.6635146094e-18 -1.1230465011e+01 )	( 7.6930643245e-02 -1.0618032873e-20 -1.1751861108e-02 )
1067             	( 3.1357698237e-01 -3.6720537803e-18 -1.1242214672e+01 )	( 2.3663976165e-01 -3.6635128965e-18 -1.1230463851e+01 )	( 7.6937220721e-02 -8.5408838224e-21 -1.1750820659e-02 )
1068             	( 3.1357048183e-01 -3.6741299399e-18 -1.1242215338e+01 )	( 2.3663983748e-01 -3.6635132809e-18 -1.1230463471e+01 )	( 7.6930644341e-02 -1.0616658954e-20 -1.1751867204e-02 )
1069             	( 3.1357736898e-01 -3.6720543804e-18 -1.1242213110e+01 )	( 2.3664016474e-01 -3.6635114641e-18 -1.1230462281e+01 )	( 7.6937204240e-02 -8.5429163277e-21 -1.1750829350e-02 )
1070             	( 3.1357091889e-01 -3.6741269855e-18 -1.1242213741e+01 )	( 2.3664027288e-01 -3.6635117435e-18 -1.1230461869e+01 )	( 7.6930646019e-02 -1.0615242026e-20 -1.1751872792e-02 )
1071             	( 3.1357781960e-01 -3.6720547462e-18 -1.1242211491e+01 )	( 2.3664063119e-01 -3.6635098307e-18 -1.1230460653e+01 )	( 7.6937188405e-02 -8.5449154786e-21 -1.1750837519e-02 )
1072             	( 3.1357141855e-01 -3.6741237951e-18 -1.1242212097e+01 )	( 2.3664077026e-01 -3.6635100129e-18 -1.1230460219e+01 )	( 7.6930648289e-02 -1.0613782250e-20 -1.1751877868e-02 )
1073             	( 3.1357833146e-01 -3.6720548934e-18 -1.1242209832e+01 )	( 2.3664115823e-01 -3.6635080121e-18 -1.1230458987e+01 )	( 7.6937173230e-02 -8.5468813308e-21 -1.1750845162e-02 )
1074             	( 3.1357197749e-01 -3.6741203846e-18 -1.1242210418e+01 )	( 2.3664132633e-01 -3.6635081049e-18 -1.1230458535e+01 )	( 7.6930651167e-02 -1.0612279766e-20 -1.1751882424e-02 )
1075             	( 3.1357890110e-01 -3.6720548377e-18 -1.1242208147e+01 )	( 2.3664174238e-01 -3.6635060237e-18 -1.1230457294e+01 )	( 7.6937158725e-02 -8.5488139080e-21 -1.1750852273e-02 )
1076             	( 3.1357259253e-01 -3.6741167700e-18 -1.1242208719e+01 )	( 2.3664193787e-01 -3.6635060352e-18 -1.1230456833e+01 )	( 7.6930654662e-02 -1.0610734817e-20 -1.1751886458e-02 )
1077             	( 3.1357952497e-01 -3.6720545943e-18 -1.1242206447e+01 )	( 2.3664238006e-01 -3.6635038810e-18 -1.1230455588e+01 )	( 7.6937144901e-02 -8.5507133446e-21 -1.1750858850e-02 )
1078             	( 3.1357325992e-01 -3.6741129664e-18 -1.1242207014e+01 )	( 2.3664260113e-01 -3.6635038189e-18 -1.1230455124e+01 )	( 7.6930658783e-02 -1.0609147545e-20 -1.1751889968e-02 )
1079             	( 3.1358019955e-01 -3.6720541794e-18 -1.1242204748e+01 )	( 2.3664306779e-01 -3.6635015996e-18 -1.1230453883e+01 )	( 7.6937131764e-02 -8.5525798718e-21 -1.1750864892e-02 )
1080             	( 3.1357397600e-01 -3.6741089895e-18 -1.1242205313e+01 )	( 2.3664331246e-01 -3.6635014711e-18 -1.1230453420e+01 )	( 7.6930663534e-02 -1.0607518399e-20 -1.1751892954e-02 )
1081             	( 3.1358092104e-01 -3.6720536080e-18 -1.1242203058e+01 )	( 2.3664380172e-01 -3.6634991942e-18 -1.1230452188e+01 )	( 7.6937119313e-02 -8.5544137990e-21 -1.1750870402e-02 )
1082             	( 3.1357473692e-01 -3.6741048545e-18 -1.1242203627e+01 )	( 2.3664406801e-01 -3.6634990066e-18 -1.1230451731e+01 )	( 7.6930668912e-02 -1.0605847850e-20 -1.1751895420e-02 )
1083             	( 3.1358168535e-01 -3.6720528948e-18 -1.1242201388e+01 )	( 2.3664457781e-01 -3.6634966792e-18 -1.1230450513e+01 )	( 7.6937107542e-02 -8.5562155840e-21 -1.1750875386e-02 )
1084             	( 3.1357553873e-01 -3.6741005762e-18 -1.1242201965e+01 )	( 2.3664486382e-01 -3.6634964397e-18 -1.1230450067e+01 )	( 7.6930674908e-02 -1.0604136534e-20 -1.1751897376e-02 )
1085             	( 3.1358248840e-01 -3.6720520547e-18 -1.1242199745e+01 )	( 2.3664539196e-01 -3.6634940688e-18 -1.1230448865e+01 )	( 7.6937096442e-02 -8.5579858698e-21 -1.1750879853e-02 )
1086             	( 3.1357637707e-01 -3.6740961694e-18 -1.1242200332e+01 )	( 2.3664569556e-01 -3.6634937841e-18 -1.1230448434e+01 )	( 7.6930681509e-02 -1.0602385306e-20 -1.1751898831e-02 )
1087             	( 3.1358332607e-01 -3.6720511021e-18 -1.1242198135e+01 )	( 2.3664624008e-01 -3.6634913767e-18 -1.1230447251e+01 )	( 7.6937085993e-02 -8.5597254605e-21 -1.1750883816e-02 )
1088             	( 3.1357724801e-01 -3.6740916485e-18 -1.1242198738e+01 )	( 2.3664655931e-01 -3.6634910534e-18 -1.1230446838e+01 )	( 7.6930688696e-02 -1.0600595120e-20 -1.1751899799e-02 )
1089             	( 3.1358419433e-01 -3.6720500511e-18 -1.1242196565e+01 )	( 2.3664711815e-01 -3.6634886158e-18 -1.1230445678e+01 )	( 7.6937076180e-02 -8.5614352957e-21 -1.1750887290e-02 )
1090             	( 3.1357814724e-01 -3.6740870275e-18 -1.1242197184e+01 )	( 2.3664745079e-01 -3.6634882604e-18 -1.1230445283e+01 )	( 7.6930696450e-02 -1.0598767102e-20 -1.1751900297e-02 )
1091             	( 3.1358508896e-01 -3.6720489153e-18 -1.1242195039e+01 )	( 2.3664802199e-01 -3.6634857988e-18 -1.1230444148e+01 )	( 7.6937066976e-02 -8.5631164733e-21 -1.1750890293e-02 )
1092             	( 3.1357907076e-01 -3.6740823198e-18 -1.1242195675e+01 )	( 2.3664836602e-01 -3.6634854173e-18 -1.1230443775e+01 )	( 7.6930704743e-02 -1.0596902497e-20 -1.1751900344e-02 )
1093             	( 3.1358600601e-01 -3.6720477079e-18 -1.1242193560e+01 )	( 2.3664894765e-01 -3.6634829377e-18 -1.1230442667e+01 )	( 7.6937058355e-02 -8.5647702089e-21 -1.1750892844e-02 )
1094             	( 3.1358001474e-01 -3.6740775386e-18 -1.1242194216e+01 )	( 2.3664930119e-01 -3.6634825359e-18 -1.1230442316e+01 )	( 7.6930713549e-02 -1.0595002687e-20 -1.1751899959e-02 )
1095             	( 3.1358694161e-01 -3.6720464416e-18 -1.1242192131e+01 )	( 2.3664989132e-01 -3.6634800438e-18 -1.1230441236e+01 )	( 7.6937050290e-02 -8.5663978290e-21 -1.1750894963e-02 )
1096             	( 3.1358097547e-01 -3.6740726964e-18 -1.1242192808e+01 )	( 2.3665025263e-01 -3.6634796273e-18 -1.1230440909e+01 )	( 7.6930722842e-02 -1.0593069117e-20 -1.1751899161e-02 )
1097             	( 3.1358789209e-01 -3.6720451288e-18 -1.1242190754e+01 )	( 2.3665084934e-01 -3.6634771281e-18 -1.1230439858e+01 )	( 7.6937042753e-02 -8.5680007366e-21 -1.1750896671e-02 )
1098             	( 3.1358194927e-01 -3.6740678054e-18 -1.1242191455e+01 )	( 2.3665121667e-01 -3.6634767020e-18 -1.1230439557e+01 )	( 7.6930732593e-02 -1.0591103346e-20 -1.1751897973e-02 )
1099             	( 3.1358885416e-01 -3.6720437813e-18 -1.1242189434e+01 )	( 2.3665181844e-01 -3.6634742009e-18 -1.1230438536e+01 )	( 7.6937035718e-02 -8.5695804024e-21 -1.1750897987e-02 )
1100             	( 3.1358293284e-01 -3.6740628771e-18 -1.1242190158e+01 )	( 2.3665219007e-01 -3.6634737702e-18 -1.1230438262e+01 )	( 7.6930742779e-02 -1.0589106952e-20 -1.1751896414e-02 )
1101             	( 3.1358982441e-01 -3.6720424102e-18 -1.1242188172e+01 )	( 2.3665279525e-01 -3.6634712718e-18 -1.1230437273e+01 )	( 7.6937029162e-02 -8.5711383377e-21 -1.1750898932e-02 )
1102             	( 3.1358392318e-01 -3.6740579227e-18 -1.1242188922e+01 )	( 2.3665316980e-01 -3.6634708411e-18 -1.1230437027e+01 )	( 7.6930753376e-02 -1.0587081550e-20 -1.1751894502e-02 )
1103             	( 3.1359079995e-01 -3.6720410263e-18 -1.1242186970e+01 )	( 2.3665377689e-01 -3.6634683502e-18 -1.1230436071e+01 )	( 7.6937023062e-02 -8.5726760658e-21 -1.1750899524e-02 )
1104             	( 3.1358491711e-01 -3.6740529527e-18 -1.1242187746e+01 )	( 2.3665415274e-01 -3.6634679239e-18 -1.1230435854e+01 )	( 7.6930764364e-02 -1.0585028769e-20 -1.1751892257e-02 )
1105             	( 3.1359177780e-01 -3.6720396396e-18 -1.1242185831e+01 )	( 2.3665476040e-01 -3.6634654445e-18 -1.1230434931e+01 )	( 7.6937017398e-02 -8.5741951199e-21 -1.1750899781e-02 )
1106             	( 3.1358591191e-01 -3.6740479770e-18 -1.1242186633e+01 )	( 2.3665513618e-01 -3.6634650268e-18 -1.1230434744e+01 )	( 7.6930775725e-02 -1.0582950229e-20 -1.1751889694e-02 )
1107             	( 3.1359275522e-01 -3.6720382599e-18 -1.1242184756e+01 )	( 2.3665574307e-01 -3.6634625628e-18 -1.1230433856e+01 )	( 7.6937012154e-02 -8.5756970391e-21 -1.1750899719e-02 )
1108             	( 3.1358690492e-01 -3.6740430050e-18 -1.1242185586e+01 )	( 2.3665611748e-01 -3.6634621575e-18 -1.1230433699e+01 )	( 7.6930787443e-02 -1.0580847566e-20 -1.1751886830e-02 )
1109             	( 3.1359372961e-01 -3.6720368960e-18 -1.1242183747e+01 )	( 2.3665672230e-01 -3.6634597126e-18 -1.1230432848e+01 )	( 7.6937007316e-02 -8.5771833360e-21 -1.1750899353e-02 )
1110             	( 3.1358789358e-01 -3.6740380456e-18 -1.1242184606e+01 )	( 2.3665709407e-01 -3.6634593233e-18 -1.1230432722e+01 )	( 7.6930799507e-02 -1.0578722365e-20 -1.1751883679e-02 )
1111             	( 3.1359469845e-01 -3.6720355567e-18 -1.1242182805e+01 )	( 2.3665769558e-01 -3.6634569011e-18 -1.1230431907e+01 )	( 7.6937002872e-02 -8.5786555189e-21 -1.1750898697e-02 )
1112             	( 3.1358887553e-01 -3.6740331071e-18 -1.1242183693e+01 )	( 2.3665806362e-01 -3.6634565309e-18 -1.1230431813e+01 )	( 7.6930811905e-02 -1.0576576222e-20 -1.1751880254e-02 )
1113             	( 3.1359565931e-01 -3.6720342496e-18 -1.1242181931e+01 )	( 2.3665866049e-01 -3.6634541346e-18 -1.1230431033e+01 )	( 7.6936998812e-02 -8.5801150641e-21 -1.1750897765e-02 )
1114             	( 3.1358984822e-01 -3.6740281974e-18 -1.1242182848e+01 )	( 2.3665902359e-01 -3.6634537867e-18 -1.1230430972e+01 )	( 7.6930824627e-02 -1.0574410695e-20 -1.1751876570e-02 )
1115             	( 3.1359660987e-01 -3.6720329826e-18 -1.1242181125e+01 )	( 2.3665961475e-01 -3.6634514191e-18 -1.1230430228e+01 )	( 7.6936995124e-02 -8.5815634352e-21 -1.1750896568e-02 )
1116             	( 3.1359080951e-01 -3.6740233237e-18 -1.1242182072e+01 )	( 2.3665997185e-01 -3.6634510963e-18 -1.1230430200e+01 )	( 7.6930837664e-02 -1.0572227340e-20 -1.1751872637e-02 )
1117             	( 3.1359754792e-01 -3.6720317627e-18 -1.1242180387e+01 )	( 2.3666055612e-01 -3.6634487606e-18 -1.1230429492e+01 )	( 7.6936991802e-02 -8.5830021423e-21 -1.1750895121e-02 )
1118             	( 3.1359175694e-01 -3.6740184924e-18 -1.1242181363e+01 )	( 2.3666090593e-01 -3.6634484647e-18 -1.1230429494e+01 )	( 7.6930851007e-02 -1.0570027639e-20 -1.1751868468e-02 )
1119             	( 3.1359847129e-01 -3.6720305954e-18 -1.1242179717e+01 )	( 2.3666148246e-01 -3.6634461630e-18 -1.1230428823e+01 )	( 7.6936988834e-02 -8.5844324173e-21 -1.1750893434e-02 )
1120             	( 3.1359268854e-01 -3.6740137104e-18 -1.1242180720e+01 )	( 2.3666182389e-01 -3.6634458973e-18 -1.1230428856e+01 )	( 7.6930864646e-02 -1.0567813135e-20 -1.1751864077e-02 )
1121             	( 3.1359937762e-01 -3.6720294874e-18 -1.1242179111e+01 )	( 2.3666239141e-01 -3.6634436316e-18 -1.1230428220e+01 )	( 7.6936986210e-02 -8.5858558502e-21 -1.1750891522e-02 )
1122             	( 3.1359360215e-01 -3.6740089833e-18 -1.1242180143e+01 )	( 2.3666272358e-01 -3.6634433979e-18 -1.1230428284e+01 )	( 7.6930878570e-02 -1.0565585376e-20 -1.1751859476e-02 )
1123             	( 3.1360026497e-01 -3.6720284440e-18 -1.1242178570e+01 )	( 2.3666328105e-01 -3.6634411702e-18 -1.1230427681e+01 )	( 7.6936983918e-02 -8.5872738150e-21 -1.1750889398e-02 )
1124             	( 3.1359449558e-01 -3.6740043163e-18 -1.1242179628e+01 )	( 2.3666360282e-01 -3.6634409705e-18 -1.1230427773e+01 )	( 7.6930892764e-02 -1.0563345791e-20 -1.1751854679e-02 )
1125             	( 3.1360113127e-01 -3.6720274702e-18 -1.1242178090e+01 )	( 2.3666414933e-01 -3.6634387825e-18 -1.1230427203e+01 )	( 7.6936981942e-02 -8.5886876825e-21 -1.1750887074e-02 )
1126             	( 3.1359536700e-01 -3.6739997143e-18 -1.1242179173e+01 )	( 2.3666445978e-01 -3.6634386185e-18 -1.1230427323e+01 )	( 7.6930907215e-02 -1.0561095868e-20 -1.1751849700e-02 )
1127             	( 3.1360197449e-01 -3.6720265706e-18 -1.1242177668e+01 )	( 2.3666499422e-01 -3.6634364718e-18 -1.1230426784e+01 )	( 7.6936980266e-02 -8.5900988096e-21 -1.1750884568e-02 )
1128             	( 3.1359621438e-01 -3.6739951817e-18 -1.1242178774e+01 )	( 2.3666529248e-01 -3.6634363447e-18 -1.1230426930e+01 )	( 7.6930921904e-02 -1.0558837020e-20 -1.1751844554e-02 )
1129             	( 3.1360279303e-01 -3.6720257492e-18 -1.1242177301e+01 )	( 2.3666581415e-01 -3.6634342407e-18 -1.1230426420e+01 )	( 7.6936978873e-02 -8.5915085538e-21 -1.1750881892e-02 )
1130             	( 3.1359703611e-01 -3.6739907226e-18 -1.1242178429e+01 )	( 2.3666609930e-01 -3.6634341519e-18 -1.1230426590e+01 )	( 7.6930936814e-02 -1.0556570701e-20 -1.1751839257e-02 )
1131             	( 3.1360358506e-01 -3.6720250098e-18 -1.1242176986e+01 )	( 2.3666660732e-01 -3.6634320916e-18 -1.1230426107e+01 )	( 7.6936977743e-02 -8.5929182094e-21 -1.1750879064e-02 )
1132             	( 3.1359783062e-01 -3.6739863404e-18 -1.1242178134e+01 )	( 2.3666687870e-01 -3.6634320421e-18 -1.1230426300e+01 )	( 7.6930951926e-02 -1.0554298269e-20 -1.1751833824e-02 )
1133             	( 3.1360434920e-01 -3.6720243556e-18 -1.1242176719e+01 )	( 2.3666737235e-01 -3.6634300265e-18 -1.1230425843e+01 )	( 7.6936976857e-02 -8.5943291253e-21 -1.1750876100e-02 )
1134             	( 3.1359859637e-01 -3.6739820383e-18 -1.1242177885e+01 )	( 2.3666762915e-01 -3.6634300172e-18 -1.1230426056e+01 )	( 7.6930967217e-02 -1.0552021142e-20 -1.1751828272e-02 )
1135             	( 3.1360508400e-01 -3.6720237895e-18 -1.1242176496e+01 )	( 2.3666810781e-01 -3.6634280470e-18 -1.1230425623e+01 )	( 7.6936976191e-02 -8.5957425017e-21 -1.1750873014e-02 )
1136             	( 3.1359933216e-01 -3.6739778191e-18 -1.1242177678e+01 )	( 2.3666834949e-01 -3.6634280785e-18 -1.1230425855e+01 )	( 7.6930982667e-02 -1.0549740583e-20 -1.1751822617e-02 )
1137             	( 3.1360578823e-01 -3.6720233141e-18 -1.1242176313e+01 )	( 2.3666881251e-01 -3.6634261545e-18 -1.1230425443e+01 )	( 7.6936975724e-02 -8.5971596091e-21 -1.1750869825e-02 )
1138             	( 3.1360003682e-01 -3.6739736852e-18 -1.1242177510e+01 )	( 2.3666903857e-01 -3.6634262273e-18 -1.1230425693e+01 )	( 7.6930998251e-02 -1.0547457918e-20 -1.1751816875e-02 )
1139             	( 3.1360646097e-01 -3.6720229312e-18 -1.1242176168e+01 )	( 2.3666948554e-01 -3.6634243497e-18 -1.1230425301e+01 )	( 7.6936975433e-02 -8.5985815496e-21 -1.1750866547e-02 )
1140             	( 3.1360070954e-01 -3.6739696386e-18 -1.1242177378e+01 )	( 2.3666969559e-01 -3.6634244643e-18 -1.1230425567e+01 )	( 7.6931013951e-02 -1.0545174326e-20 -1.1751811061e-02 )
1141             	( 3.1360710145e-01 -3.6720226430e-18 -1.1242176057e+01 )	( 2.3667012615e-01 -3.6634226335e-18 -1.1230425194e+01 )	( 7.6936975298e-02 -8.6000094890e-21 -1.1750863196e-02 )
1142             	( 3.1360134951e-01 -3.6739656810e-18 -1.1242177279e+01 )	( 2.3667031976e-01 -3.6634227900e-18 -1.1230425473e+01 )	( 7.6931029743e-02 -1.0542890986e-20 -1.1751805190e-02 )
1143             	( 3.1360770901e-01 -3.6720224504e-18 -1.1242175978e+01 )	( 2.3667073372e-01 -3.6634210060e-18 -1.1230425118e+01 )	( 7.6936975296e-02 -8.6014444008e-21 -1.1750859786e-02 )
1144             	( 3.1360195610e-01 -3.6739618137e-18 -1.1242177208e+01 )	( 2.3667091049e-01 -3.6634212047e-18 -1.1230425409e+01 )	( 7.6931045607e-02 -1.0540608979e-20 -1.1751799277e-02 )
1145             	( 3.1360828299e-01 -3.6720223550e-18 -1.1242175926e+01 )	( 2.3667130758e-01 -3.6634194677e-18 -1.1230425070e+01 )	( 7.6936975405e-02 -8.6028873402e-21 -1.1750856332e-02 )
1146             	( 3.1360252914e-01 -3.6739580376e-18 -1.1242177165e+01 )	( 2.3667146762e-01 -3.6634197082e-18 -1.1230425372e+01 )	( 7.6931061522e-02 -1.0538329332e-20 -1.1751793335e-02 )
1147             	( 3.1360882333e-01 -3.6720223572e-18 -1.1242175900e+01 )	( 2.3667184772e-01 -3.6634180180e-18 -1.1230425048e+01 )	( 7.6936975608e-02 -8.6043391272e-21 -1.1750852847e-02 )
1148             	( 3.1360306810e-01 -3.6739543536e-18 -1.1242177146e+01 )	( 2.3667199063e-01 -3.6634183006e-18 -1.1230425359e+01 )	( 7.6931077471e-02 -1.0536053011e-20 -1.1751787377e-02 )
1149             	( 3.1360932974e-01 -3.6720224576e-18 -1.1242175899e+01 )	( 2.3667235385e-01 -3.6634166570e-18 -1.1230425049e+01 )	( 7.6936975885e-02 -8.6058006847e-21 -1.1750849343e-02 )
1150             	( 3.1360357314e-01 -3.6739507618e-18 -1.1242177150e+01 )	( 2.3667247971e-01 -3.6634169809e-18 -1.1230425368e+01 )	( 7.6931093436e-02 -1.0533780875e-20 -1.1751781416e-02 )
1151             	( 3.1360980211e-01 -3.6720226563e-18 -1.1242175917e+01 )	( 2.3667282590e-01 -3.6634153836e-18 -1.1230425072e+01 )	( 7.6936976220e-02 -8.6072727168e-21 -1.1750845832e-02 )
1152             	( 3.1360404418e-01 -3.6739472626e-18 -1.1242177174e+01 )	( 2.3667293478e-01 -3.6634157488e-18 -1.1230425398e+01 )	( 7.6931109398e-02 -1.0531513790e-20 -1.1751775461e-02 )
1153             	( 3.1361024056e-01 -3.6720229533e-18 -1.1242175956e+01 )	( 2.3667326396e-01 -3.6634141973e-18 -1.1230425113e+01 )	( 7.6936976594e-02 -8.6087559897e-21 -1.1750842325e-02 )
1154             	( 3.1360448133e-01 -3.6739438556e-18 -1.1242177216e+01 )	( 2.3667335599e-01 -3.6634146032e-18 -1.1230425447e+01 )	( 7.6931125343e-02 -1.0529252453e-20 -1.1751769524e-02 )
1155             	( 3.1361064530e-01 -3.6720233482e-18 -1.1242176011e+01 )	( 2.3667366831e-01 -3.6634130971e-18 -1.1230425172e+01 )	( 7.6936976992e-02 -8.6102510837e-21 -1.1750838831e-02 )
1156             	( 3.1360488489e-01 -3.6739405410e-18 -1.1242177275e+01 )	( 2.3667374364e-01 -3.6634135434e-18 -1.1230425512e+01 )	( 7.6931141253e-02 -1.0526997593e-20 -1.1751763615e-02 )
1157             	( 3.1361101662e-01 -3.6720238406e-18 -1.1242176083e+01 )	( 2.3667403922e-01 -3.6634120820e-18 -1.1230425247e+01 )	( 7.6936977399e-02 -8.6117585892e-21 -1.1750835362e-02 )
1158             	( 3.1360525509e-01 -3.6739373175e-18 -1.1242177349e+01 )	( 2.3667409797e-01 -3.6634125677e-18 -1.1230425591e+01 )	( 7.6931157115e-02 -1.0524749768e-20 -1.1751757743e-02 )
1159             	( 3.1361135483e-01 -3.6720244295e-18 -1.1242176168e+01 )	( 2.3667437703e-01 -3.6634111505e-18 -1.1230425336e+01 )	( 7.6936977798e-02 -8.6132790381e-21 -1.1750831926e-02 )
1160             	( 3.1360559240e-01 -3.6739341847e-18 -1.1242177437e+01 )	( 2.3667441948e-01 -3.6634116750e-18 -1.1230425685e+01 )	( 7.6931172914e-02 -1.0522509651e-20 -1.1751751917e-02 )
1161             	( 3.1361166038e-01 -3.6720251139e-18 -1.1242176266e+01 )	( 2.3667468221e-01 -3.6634103010e-18 -1.1230425438e+01 )	( 7.6936978177e-02 -8.6148129000e-21 -1.1750828531e-02 )
1162             	( 3.1360589718e-01 -3.6739311412e-18 -1.1242177536e+01 )	( 2.3667470854e-01 -3.6634108635e-18 -1.1230425790e+01 )	( 7.6931188635e-02 -1.0520277678e-20 -1.1751746146e-02 )
1163             	( 3.1361193378e-01 -3.6720258926e-18 -1.1242176376e+01 )	( 2.3667495526e-01 -3.6634095320e-18 -1.1230425550e+01 )	( 7.6936978519e-02 -8.6163606004e-21 -1.1750825187e-02 )
1164             	( 3.1360617005e-01 -3.6739281861e-18 -1.1242177645e+01 )	( 2.3667496579e-01 -3.6634101317e-18 -1.1230425905e+01 )	( 7.6931204263e-02 -1.0518054398e-20 -1.1751740439e-02 )
1165             	( 3.1361217555e-01 -3.6720267642e-18 -1.1242176494e+01 )	( 2.3667519674e-01 -3.6634088417e-18 -1.1230425672e+01 )	( 7.6936978810e-02 -8.6179224901e-21 -1.1750821902e-02 )
1166             	( 3.1360641154e-01 -3.6739253178e-18 -1.1242177764e+01 )	( 2.3667519176e-01 -3.6634094777e-18 -1.1230426029e+01 )	( 7.6931219783e-02 -1.0515840154e-20 -1.1751734803e-02 )
1167             	( 3.1361238635e-01 -3.6720277273e-18 -1.1242176622e+01 )	( 2.3667540731e-01 -3.6634082284e-18 -1.1230425803e+01 )	( 7.6936979035e-02 -8.6194989060e-21 -1.1750818684e-02 )
1168             	( 3.1360662234e-01 -3.6739225351e-18 -1.1242177890e+01 )	( 2.3667538716e-01 -3.6634088997e-18 -1.1230426161e+01 )	( 7.6931235182e-02 -1.0513635383e-20 -1.1751729246e-02 )
1169             	( 3.1361256682e-01 -3.6720287801e-18 -1.1242176756e+01 )	( 2.3667558764e-01 -3.6634076900e-18 -1.1230425940e+01 )	( 7.6936979180e-02 -8.6210900991e-21 -1.1750815541e-02 )
1170             	( 3.1360680314e-01 -3.6739198360e-18 -1.1242178023e+01 )	( 2.3667555270e-01 -3.6634083956e-18 -1.1230426299e+01 )	( 7.6931250445e-02 -1.0511440368e-20 -1.1751723777e-02 )
1171             	( 3.1361271771e-01 -3.6720299209e-18 -1.1242176896e+01 )	( 2.3667573848e-01 -3.6634072246e-18 -1.1230426083e+01 )	( 7.6936979230e-02 -8.6226963369e-21 -1.1750812481e-02 )
1172             	( 3.1360695471e-01 -3.6739172188e-18 -1.1242178161e+01 )	( 2.3667568916e-01 -3.6634079634e-18 -1.1230426442e+01 )	( 7.6931265558e-02 -1.0509255419e-20 -1.1751718403e-02 )
1173             	( 3.1361283983e-01 -3.6720311476e-18 -1.1242177040e+01 )	( 2.3667586065e-01 -3.6634068299e-18 -1.1230426231e+01 )	( 7.6936979170e-02 -8.6243177545e-21 -1.1750809511e-02 )
1174             	( 3.1360707786e-01 -3.6739146821e-18 -1.1242178303e+01 )	( 2.3667579735e-01 -3.6634076012e-18 -1.1230426590e+01 )	( 7.6931280506e-02 -1.0507080836e-20 -1.1751713131e-02 )
1175             	( 3.1361293402e-01 -3.6720324585e-18 -1.1242177189e+01 )	( 2.3667595503e-01 -3.6634065039e-18 -1.1230426382e+01 )	( 7.6936978987e-02 -8.6259545748e-21 -1.1750806638e-02 )
1176             	( 3.1360717348e-01 -3.6739122229e-18 -1.1242178448e+01 )	( 2.3667587820e-01 -3.6634073063e-18 -1.1230426740e+01 )	( 7.6931295277e-02 -1.0504916658e-20 -1.1751707968e-02 )
1177             	( 3.1361300118e-01 -3.6720338510e-18 -1.1242177340e+01 )	( 2.3667602251e-01 -3.6634062443e-18 -1.1230426536e+01 )	( 7.6936978668e-02 -8.6276067689e-21 -1.1750803870e-02 )
1178             	( 3.1360724251e-01 -3.6739098398e-18 -1.1242178596e+01 )	( 2.3667593265e-01 -3.6634070767e-18 -1.1230426894e+01 )	( 7.6931309857e-02 -1.0502763131e-20 -1.1751702920e-02 )
1179             	( 3.1361304235e-01 -3.6720353230e-18 -1.1242177494e+01 )	( 2.3667606415e-01 -3.6634060486e-18 -1.1230426693e+01 )	( 7.6936978200e-02 -8.6292744525e-21 -1.1750801211e-02 )
1180             	( 3.1360728587e-01 -3.6739075304e-18 -1.1242178746e+01 )	( 2.3667596164e-01 -3.6634069101e-18 -1.1230427048e+01 )	( 7.6931324235e-02 -1.0500620348e-20 -1.1751697994e-02 )
1181             	( 3.1361305834e-01 -3.6720368731e-18 -1.1242177650e+01 )	( 2.3667608077e-01 -3.6634059152e-18 -1.1230426851e+01 )	( 7.6936977571e-02 -8.6309578112e-21 -1.1750798669e-02 )
1182             	( 3.1360730477e-01 -3.6739052927e-18 -1.1242178899e+01 )	( 2.3667596637e-01 -3.6634068041e-18 -1.1230427205e+01 )	( 7.6931338400e-02 -1.0498488526e-20 -1.1751693194e-02 )
1183             	( 3.1361305045e-01 -3.6720384974e-18 -1.1242177807e+01 )	( 2.3667607368e-01 -3.6634058409e-18 -1.1230427011e+01 )	( 7.6936976771e-02 -8.6326565816e-21 -1.1750796247e-02 )
1184             	( 3.1360730003e-01 -3.6739031240e-18 -1.1242179052e+01 )	( 2.3667594769e-01 -3.6634067565e-18 -1.1230427363e+01 )	( 7.6931352341e-02 -1.0496367462e-20 -1.1751688526e-02 )
1185             	( 3.1361301955e-01 -3.6720401948e-18 -1.1242177965e+01 )	( 2.3667604376e-01 -3.6634058239e-18 -1.1230427172e+01 )	( 7.6936975790e-02 -8.6343708530e-21 -1.1750793951e-02 )
1186             	( 3.1360727292e-01 -3.6739010223e-18 -1.1242179206e+01 )	( 2.3667590687e-01 -3.6634067650e-18 -1.1230427522e+01 )	( 7.6931366050e-02 -1.0494257350e-20 -1.1751683993e-02 )
1187             	( 3.1361296683e-01 -3.6720419623e-18 -1.1242178125e+01 )	( 2.3667599221e-01 -3.6634058618e-18 -1.1230427333e+01 )	( 7.6936974619e-02 -8.6361005298e-21 -1.1750791784e-02 )
1188             	( 3.1360722450e-01 -3.6738989850e-18 -1.1242179362e+01 )	( 2.3667584498e-01 -3.6634068269e-18 -1.1230427683e+01 )	( 7.6931379518e-02 -1.0492158056e-20 -1.1751679600e-02 )
1189             	( 3.1361289338e-01 -3.6720437975e-18 -1.1242178286e+01 )	( 2.3667592013e-01 -3.6634059521e-18 -1.1230427496e+01 )	( 7.6936973250e-02 -8.6378454144e-21 -1.1750789750e-02 )
1190             	( 3.1360715591e-01 -3.6738970097e-18 -1.1242179520e+01 )	( 2.3667576318e-01 -3.6634069402e-18 -1.1230427845e+01 )	( 7.6931392739e-02 -1.0490069514e-20 -1.1751675349e-02 )
1191             	( 3.1361280039e-01 -3.6720456978e-18 -1.1242178449e+01 )	( 2.3667582871e-01 -3.6634060925e-18 -1.1230427661e+01 )	( 7.6936971677e-02 -8.6396053586e-21 -1.1750787851e-02 )
1192             	( 3.1360706827e-01 -3.6738950939e-18 -1.1242179679e+01 )	( 2.3667566256e-01 -3.6634071023e-18 -1.1230428008e+01 )	( 7.6931405707e-02 -1.0487991581e-20 -1.1751671243e-02 )
1193             	( 3.1361268898e-01 -3.6720476607e-18 -1.1242178613e+01 )	( 2.3667571909e-01 -3.6634062806e-18 -1.1230427827e+01 )	( 7.6936969894e-02 -8.6413801388e-21 -1.1750786091e-02 )
1194             	( 3.1360696271e-01 -3.6738932352e-18 -1.1242179840e+01 )	( 2.3667554430e-01 -3.6634073111e-18 -1.1230428172e+01 )	( 7.6931418416e-02 -1.0485924139e-20 -1.1751667283e-02 )
1195             	( 3.1361256028e-01 -3.6720496836e-18 -1.1242178779e+01 )	( 2.3667559238e-01 -3.6634065140e-18 -1.1230427994e+01 )	( 7.6936967898e-02 -8.6431695496e-21 -1.1750784469e-02 )
1196             	( 3.1360684038e-01 -3.6738914310e-18 -1.1242180003e+01 )	( 2.3667540952e-01 -3.6634075640e-18 -1.1230428339e+01 )	( 7.6931430864e-02 -1.0483866996e-20 -1.1751663471e-02 )
1197             	( 3.1361241540e-01 -3.6720517639e-18 -1.1242178947e+01 )	( 2.3667544972e-01 -3.6634067906e-18 -1.1230428164e+01 )	( 7.6936965684e-02 -8.6449733176e-21 -1.1750782987e-02 )
1198             	( 3.1360670240e-01 -3.6738896789e-18 -1.1242180168e+01 )	( 2.3667525935e-01 -3.6634078589e-18 -1.1230428508e+01 )	( 7.6931443048e-02 -1.0481819965e-20 -1.1751659807e-02 )
1199             	( 3.1361225553e-01 -3.6720538991e-18 -1.1242179119e+01 )	( 2.3667529228e-01 -3.6634071079e-18 -1.1230428337e+01 )	( 7.6936963251e-02 -8.6467911697e-21 -1.1750781647e-02 )
1200             	( 3.1360654974e-01 -3.6738879763e-18 -1.1242180335e+01 )	( 2.3667509478e-01 -3.6634081935e-18 -1.1230428679e+01 )	( 7.6931454964e-02 -1.0479782813e-20 -1.1751656293e-02 )
1201             	( 3.1361208167e-01 -3.6720560865e-18 -1.1242179293e+01 )	( 2.3667512108e-01 -3.6634074638e-18 -1.1230428513e+01 )	( 7.6936960594e-02 -8.6486227945e-21 -1.1750780447e-02 )
1202             	( 3.1360638372e-01 -3.6738863207e-18 -1.1242180506e+01 )	( 2.3667491710e-01 -3.6634085654e-18 -1.1230428853e+01 )	( 7.6931466613e-02 -1.0477755306e-20 -1.1751652927e-02 )
1203             	( 3.1361189486e-01 -3.6720583237e-18 -1.1242179470e+01 )	( 2.3667493715e-01 -3.6634078558e-18 -1.1230428691e+01 )	( 7.6936957715e-02 -8.6504678799e-21 -1.1750779389e-02 )
1204             	( 3.1360620522e-01 -3.6738847098e-18 -1.1242180681e+01 )	( 2.3667472722e-01 -3.6634089726e-18 -1.1230429031e+01 )	( 7.6931477992e-02 -1.0475737216e-20 -1.1751649710e-02 )
1205             	( 3.1361169619e-01 -3.6720606081e-18 -1.1242179651e+01 )	( 2.3667474158e-01 -3.6634082819e-18 -1.1230428872e+01 )	( 7.6936954611e-02 -8.6523261138e-21 -1.1750778471e-02 )
1206             	( 3.1360601539e-01 -3.6738831406e-18 -1.1242180859e+01 )	( 2.3667452629e-01 -3.6634094124e-18 -1.1230429212e+01 )	( 7.6931489102e-02 -1.0473728146e-20 -1.1751646641e-02 )
1207             	( 3.1361148662e-01 -3.6720629370e-18 -1.1242179835e+01 )	( 2.3667453533e-01 -3.6634087400e-18 -1.1230429057e+01 )	( 7.6936951283e-02 -8.6541970379e-21 -1.1750777693e-02 )
1208             	( 3.1360581507e-01 -3.6738816114e-18 -1.1242181040e+01 )	( 2.3667431512e-01 -3.6634098835e-18 -1.1230429397e+01 )	( 7.6931499943e-02 -1.0471727957e-20 -1.1751643719e-02 )
1209             	( 3.1361126721e-01 -3.6720653082e-18 -1.1242180023e+01 )	( 2.3667431948e-01 -3.6634092277e-18 -1.1230429246e+01 )	( 7.6936947732e-02 -8.6560804466e-21 -1.1750777054e-02 )
1210             	( 3.1360560539e-01 -3.6738801190e-18 -1.1242181226e+01 )	( 2.3667409487e-01 -3.6634103828e-18 -1.1230429585e+01 )	( 7.6931510516e-02 -1.0469736219e-20 -1.1751640944e-02 )
1211             	( 3.1361103881e-01 -3.6720677190e-18 -1.1242180214e+01 )	( 2.3667409486e-01 -3.6634097432e-18 -1.1230429438e+01 )	( 7.6936943957e-02 -8.6579758100e-21 -1.1750776553e-02 )
1212             	( 3.1360538715e-01 -3.6738786617e-18 -1.1242181416e+01 )	( 2.3667386633e-01 -3.6634109090e-18 -1.1230429778e+01 )	( 7.6931520823e-02 -1.0467752714e-20 -1.1751638313e-02 )
1213             	( 3.1361080246e-01 -3.6720701669e-18 -1.1242180411e+01 )	( 2.3667386249e-01 -3.6634102840e-18 -1.1230429634e+01 )	( 7.6936939962e-02 -8.6598828399e-21 -1.1750776189e-02 )
1214             	( 3.1360516123e-01 -3.6738772370e-18 -1.1242181610e+01 )	( 2.3667363037e-01 -3.6634114599e-18 -1.1230429974e+01 )	( 7.6931530863e-02 -1.0465777122e-20 -1.1751635825e-02 )
1215             	( 3.1361055901e-01 -3.6720726497e-18 -1.1242180611e+01 )	( 2.3667362326e-01 -3.6634108486e-18 -1.1230429835e+01 )	( 7.6936935746e-02 -8.6618011868e-21 -1.1750775959e-02 )
1216             	( 3.1360492869e-01 -3.6738758423e-18 -1.1242181808e+01 )	( 2.3667338804e-01 -3.6634120332e-18 -1.1230430175e+01 )	( 7.6931540641e-02 -1.0463809083e-20 -1.1751633480e-02 )
1217             	( 3.1361030929e-01 -3.6720751651e-18 -1.1242180816e+01 )	( 2.3667337797e-01 -3.6634114347e-18 -1.1230430040e+01 )	( 7.6936931312e-02 -8.6637303707e-21 -1.1750775862e-02 )
1218             	( 3.1360469033e-01 -3.6738744751e-18 -1.1242182011e+01 )	( 2.3667314017e-01 -3.6634126269e-18 -1.1230430380e+01 )	( 7.6931550159e-02 -1.0461848204e-20 -1.1751631273e-02 )
1219             	( 3.1361005413e-01 -3.6720777105e-18 -1.1242181025e+01 )	( 2.3667312746e-01 -3.6634120406e-18 -1.1230430249e+01 )	( 7.6936926664e-02 -8.6656699782e-21 -1.1750775896e-02 )
1220             	( 3.1360444688e-01 -3.6738731339e-18 -1.1242182218e+01 )	( 2.3667288746e-01 -3.6634132396e-18 -1.1230430589e+01 )	( 7.6931559420e-02 -1.0459894272e-20 -1.1751629204e-02 )
1221             	( 3.1360979442e-01 -3.6720802839e-18 -1.1242181238e+01 )	( 2.3667287261e-01 -3.6634126641e-18 -1.1230430462e+01 )	( 7.6936921804e-02 -8.6676197029e-21 -1.1750776058e-02 )
1222             	( 3.1360419915e-01 -3.6738718162e-18 -1.1242182429e+01 )	( 2.3667263073e-01 -3.6634138693e-18 -1.1230430802e+01 )	( 7.6931568426e-02 -1.0457946931e-20 -1.1751627269e-02 )
1223             	( 3.1360953094e-01 -3.6720828828e-18 -1.1242181456e+01 )	( 2.3667261420e-01 -3.6634133037e-18 -1.1230430680e+01 )	( 7.6936916736e-02 -8.6695790896e-21 -1.1750776347e-02 )
1224             	( 3.1360394803e-01 -3.6738705196e-18 -1.1242182646e+01 )	( 2.3667237084e-01 -3.6634145138e-18 -1.1230431020e+01 )	( 7.6931577183e-02 -1.0456005745e-20 -1.1751625467e-02 )
1225             	( 3.1360926439e-01 -3.6720855050e-18 -1.1242181679e+01 )	( 2.3667235293e-01 -3.6634139573e-18 -1.1230430902e+01 )	( 7.6936911464e-02 -8.6715476714e-21 -1.1750776758e-02 )
1226             	( 3.1360369419e-01 -3.6738692420e-18 -1.1242182866e+01 )	( 2.3667210849e-01 -3.6634151716e-18 -1.1230431242e+01 )	( 7.6931585695e-02 -1.0454070389e-20 -1.1751623794e-02 )
1227             	( 3.1360899555e-01 -3.6720881485e-18 -1.1242181906e+01 )	( 2.3667208956e-01 -3.6634146235e-18 -1.1230431128e+01 )	( 7.6936905993e-02 -8.6735250749e-21 -1.1750777290e-02 )
1228             	( 3.1360343835e-01 -3.6738679816e-18 -1.1242183091e+01 )	( 2.3667184439e-01 -3.6634158410e-18 -1.1230431469e+01 )	( 7.6931593968e-02 -1.0452140555e-20 -1.1751622246e-02 )
1229             	( 3.1360872510e-01 -3.6720908112e-18 -1.1242182137e+01 )	( 2.3667182477e-01 -3.6634153002e-18 -1.1230431359e+01 )	( 7.6936900329e-02 -8.6755109049e-21 -1.1750777938e-02 )
1230             	( 3.1360318121e-01 -3.6738667362e-18 -1.1242183321e+01 )	( 2.3667157920e-01 -3.6634165203e-18 -1.1230431700e+01 )	( 7.6931602007e-02 -1.0450215883e-20 -1.1751620821e-02 )
1231             	( 3.1360845370e-01 -3.6720934909e-18 -1.1242182373e+01 )	( 2.3667155922e-01 -3.6634159861e-18 -1.1230431594e+01 )	( 7.6936894476e-02 -8.6775047508e-21 -1.1750778699e-02 )
1232             	( 3.1360292344e-01 -3.6738655038e-18 -1.1242183555e+01 )	( 2.3667131362e-01 -3.6634172078e-18 -1.1230431935e+01 )	( 7.6931609819e-02 -1.0448296034e-20 -1.1751619514e-02 )
1233             	( 3.1360818202e-01 -3.6720961856e-18 -1.1242182613e+01 )	( 2.3667129357e-01 -3.6634166795e-18 -1.1230431833e+01 )	( 7.6936888443e-02 -8.6795061851e-21 -1.1750779570e-02 )
1234             	( 3.1360266564e-01 -3.6738642826e-18 -1.1242183793e+01 )	( 2.3667104823e-01 -3.6634179020e-18 -1.1230432174e+01 )	( 7.6931617409e-02 -1.0446380649e-20 -1.1751618322e-02 )
1235             	( 3.1360791063e-01 -3.6720988937e-18 -1.1242182856e+01 )	( 2.3667102840e-01 -3.6634173788e-18 -1.1230432076e+01 )	( 7.6936882234e-02 -8.6815148536e-21 -1.1750780546e-02 )
1236             	( 3.1360240842e-01 -3.6738630708e-18 -1.1242184035e+01 )	( 2.3667078364e-01 -3.6634186013e-18 -1.1230432418e+01 )	( 7.6931624785e-02 -1.0444469426e-20 -1.1751617241e-02 )
1237             	( 3.1360764016e-01 -3.6721016127e-18 -1.1242183105e+01 )	( 2.3667076431e-01 -3.6634180824e-18 -1.1230432323e+01 )	( 7.6936875857e-02 -8.6835302702e-21 -1.1750781623e-02 )
1238             	( 3.1360215231e-01 -3.6738618663e-18 -1.1242184281e+01 )	( 2.3667052035e-01 -3.6634193044e-18 -1.1230432665e+01 )	( 7.6931631953e-02 -1.0442561951e-20 -1.1751616266e-02 )
1239             	( 3.1360737116e-01 -3.6721043409e-18 -1.1242183356e+01 )	( 2.3667050184e-01 -3.6634187889e-18 -1.1230432574e+01 )	( 7.6936869319e-02 -8.6855520386e-21 -1.1750782798e-02 )
1240             	( 3.1360189783e-01 -3.6738606674e-18 -1.1242184531e+01 )	( 2.3667025890e-01 -3.6634200095e-18 -1.1230432915e+01 )	( 7.6931638923e-02 -1.0440657918e-20 -1.1751615394e-02 )
1241             	( 3.1360710416e-01 -3.6721070767e-18 -1.1242183612e+01 )	( 2.3667024153e-01 -3.6634194969e-18 -1.1230432828e+01 )	( 7.6936862627e-02 -8.6875798420e-21 -1.1750784066e-02 )
1242             	( 3.1360164542e-01 -3.6738594725e-18 -1.1242184783e+01 )	( 2.3666999972e-01 -3.6634207155e-18 -1.1230433168e+01 )	( 7.6931645700e-02 -1.0438757053e-20 -1.1751614620e-02 )
1243             	( 3.1360683958e-01 -3.6721098183e-18 -1.1242183871e+01 )	( 2.3666998379e-01 -3.6634202050e-18 -1.1230433086e+01 )	( 7.6936855789e-02 -8.6896132690e-21 -1.1750785422e-02 )
1244             	( 3.1360139581e-01 -3.6738582797e-18 -1.1242185039e+01 )	( 2.3666974352e-01 -3.6634214208e-18 -1.1230433425e+01 )	( 7.6931652293e-02 -1.0436858954e-20 -1.1751613939e-02 )
1245             	( 3.1360657778e-01 -3.6721125639e-18 -1.1242184132e+01 )	( 2.3666972897e-01 -3.6634209120e-18 -1.1230433345e+01 )	( 7.6936848812e-02 -8.6916518959e-21 -1.1750786863e-02 )
1246             	( 3.1360114920e-01 -3.6738570878e-18 -1.1242185298e+01 )	( 2.3666949049e-01 -3.6634221244e-18 -1.1230433685e+01 )	( 7.6931658709e-02 -1.0434963396e-20 -1.1751613348e-02 )
1247             	( 3.1360631934e-01 -3.6721153119e-18 -1.1242184396e+01 )	( 2.3666947764e-01 -3.6634216165e-18 -1.1230433608e+01 )	( 7.6936841705e-02 -8.6936954291e-21 -1.1750788384e-02 )
1248             	( 3.1360090607e-01 -3.6738558949e-18 -1.1242185559e+01 )	( 2.3666924111e-01 -3.6634228249e-18 -1.1230433946e+01 )	( 7.6931664957e-02 -1.0433070005e-20 -1.1751612842e-02 )
1249             	( 3.1360606454e-01 -3.6721180609e-18 -1.1242184662e+01 )	( 2.3666923007e-01 -3.6634223174e-18 -1.1230433872e+01 )	( 7.6936834473e-02 -8.6957434685e-21 -1.1750789980e-02 )
1250             	( 3.1360066676e-01 -3.6738546998e-18 -1.1242185822e+01 )	( 2.3666899572e-01 -3.6634235212e-18 -1.1230434210e+01 )	( 7.6931671043e-02 -1.0431178546e-20 -1.1751612416e-02 )
1251             	( 3.1360581386e-01 -3.6721208087e-18 -1.1242184930e+01 )	( 2.3666898673e-01 -3.6634230131e-18 -1.1230434138e+01 )	( 7.6936827126e-02 -8.6977956045e-21 -1.1750791648e-02 )
1252             	( 3.1360043160e-01 -3.6738535005e-18 -1.1242186087e+01 )	( 2.3666875463e-01 -3.6634242119e-18 -1.1230434474e+01 )	( 7.6931676975e-02 -1.0429288589e-20 -1.1751612066e-02 )
1253             	( 3.1360556753e-01 -3.6721235546e-18 -1.1242185198e+01 )	( 2.3666874786e-01 -3.6634237031e-18 -1.1230434405e+01 )	( 7.6936819671e-02 -8.6998515541e-21 -1.1750793383e-02 )
1254             	( 3.1360020098e-01 -3.6738522961e-18 -1.1242186352e+01 )	( 2.3666851822e-01 -3.6634248961e-18 -1.1230434740e+01 )	( 7.6931682762e-02 -1.0427400020e-20 -1.1751611789e-02 )
1255             	( 3.1360532591e-01 -3.6721262966e-18 -1.1242185467e+01 )	( 2.3666851380e-01 -3.6634243857e-18 -1.1230434672e+01 )	( 7.6936812115e-02 -8.7019109626e-21 -1.1750795180e-02 )
1256             	( 3.1359997515e-01 -3.6738510848e-18 -1.1242186617e+01 )	( 2.3666828674e-01 -3.6634255724e-18 -1.1230435006e+01 )	( 7.6931688411e-02 -1.0425512439e-20 -1.1751611578e-02 )
1257             	( 3.1360508926e-01 -3.6721290335e-18 -1.1242185737e+01 )	( 2.3666828479e-01 -3.6634250600e-18 -1.1230434940e+01 )	( 7.6936804466e-02 -8.7039734911e-21 -1.1750797035e-02 )
1258             	( 3.1359975443e-01 -3.6738498656e-18 -1.1242186883e+01 )	( 2.3666806050e-01 -3.6634262399e-18 -1.1230435272e+01 )	( 7.6931693930e-02 -1.0423625658e-20 -1.1751611431e-02 )
1259             	( 3.1360485785e-01 -3.6721317639e-18 -1.1242186005e+01 )	( 2.3666806111e-01 -3.6634257250e-18 -1.1230435206e+01 )	( 7.6936796732e-02 -8.7060388343e-21 -1.1750798945e-02 )
1260             	( 3.1359953902e-01 -3.6738486371e-18 -1.1242187148e+01 )	( 2.3666783969e-01 -3.6634268977e-18 -1.1230435536e+01 )	( 7.6931699326e-02 -1.0421739399e-20 -1.1751611342e-02 )
1261             	( 3.1360463197e-01 -3.6721344865e-18 -1.1242186273e+01 )	( 2.3666784305e-01 -3.6634263798e-18 -1.1230435472e+01 )	( 7.6936788920e-02 -8.7081067013e-21 -1.1750800904e-02 )
1262             	( 3.1359932917e-01 -3.6738473982e-18 -1.1242187411e+01 )	( 2.3666762456e-01 -3.6634275448e-18 -1.1230435800e+01 )	( 7.6931704608e-02 -1.0419853436e-20 -1.1751611308e-02 )
1263             	( 3.1360441180e-01 -3.6721372002e-18 -1.1242186540e+01 )	( 2.3666763076e-01 -3.6634270234e-18 -1.1230435737e+01 )	( 7.6936781037e-02 -8.7101767841e-21 -1.1750802909e-02 )
1264             	( 3.1359912504e-01 -3.6738461479e-18 -1.1242187672e+01 )	( 2.3666741526e-01 -3.6634281804e-18 -1.1230436061e+01 )	( 7.6931709782e-02 -1.0417967545e-20 -1.1751611325e-02 )
1265             	( 3.1360419757e-01 -3.6721399038e-18 -1.1242186804e+01 )	( 2.3666742448e-01 -3.6634276549e-18 -1.1230435999e+01 )	( 7.6936773091e-02 -8.7122488488e-21 -1.1750804955e-02 )
1266             	( 3.1359892706e-01 -3.6738448846e-18 -1.1242187932e+01 )	( 2.3666721220e-01 -3.6634288031e-18 -1.1230436321e+01 )	( 7.6931714857e-02 -1.0416081427e-20 -1.1751611388e-02 )
1267             	( 3.1360398935e-01 -3.6721425960e-18 -1.1242187065e+01 )	( 2.3666722426e-01 -3.6634282735e-18 -1.1230436258e+01 )	( 7.6936765089e-02 -8.7143224569e-21 -1.1750807039e-02 )
1268             	( 3.1359873511e-01 -3.6738436077e-18 -1.1242188189e+01 )	( 2.3666701527e-01 -3.6634294128e-18 -1.1230436577e+01 )	( 7.6931719839e-02 -1.0414194931e-20 -1.1751611492e-02 )
1269             	( 3.1360378751e-01 -3.6721452760e-18 -1.1242187324e+01 )	( 2.3666703047e-01 -3.6634288785e-18 -1.1230436515e+01 )	( 7.6936757039e-02 -8.7163975324e-21 -1.1750809155e-02 )
1270             	( 3.1359854950e-01 -3.6738423162e-18 -1.1242188442e+01 )	( 2.3666682476e-01 -3.6634300083e-18 -1.1230436830e+01 )	( 7.6931724736e-02 -1.0412307870e-20 -1.1751611635e-02 )
1271             	( 3.1360359207e-01 -3.6721479426e-18 -1.1242187579e+01 )	( 2.3666684312e-01 -3.6634294688e-18 -1.1230436767e+01 )	( 7.6936748947e-02 -8.7184737181e-21 -1.1750811301e-02 )
1272             	( 3.1359837033e-01 -3.6738410090e-18 -1.1242188691e+01 )	( 2.3666664077e-01 -3.6634305890e-18 -1.1230437079e+01 )	( 7.6931729555e-02 -1.0410419995e-20 -1.1751611812e-02 )
1273             	( 3.1360340321e-01 -3.6721505948e-18 -1.1242187829e+01 )	( 2.3666666239e-01 -3.6634300440e-18 -1.1230437016e+01 )	( 7.6936740820e-02 -8.7205507730e-21 -1.1750813473e-02 )
1274             	( 3.1359819777e-01 -3.6738396853e-18 -1.1242188936e+01 )	( 2.3666646347e-01 -3.6634311541e-18 -1.1230437324e+01 )	( 7.6931734303e-02 -1.0408531117e-20 -1.1751612019e-02 )
1275             	( 3.1360322096e-01 -3.6721532320e-18 -1.1242188075e+01 )	( 2.3666648829e-01 -3.6634306036e-18 -1.1230437259e+01 )	( 7.6936732666e-02 -8.7226284698e-21 -1.1750815666e-02 )
1276             	( 3.1359803191e-01 -3.6738383444e-18 -1.1242189176e+01 )	( 2.3666629293e-01 -3.6634317032e-18 -1.1230437563e+01 )	( 7.6931738986e-02 -1.0406641134e-20 -1.1751612252e-02 )
1277             	( 3.1360304557e-01 -3.6721558529e-18 -1.1242188316e+01 )	( 2.3666632108e-01 -3.6634311464e-18 -1.1230437498e+01 )	( 7.6936724490e-02 -8.7247065611e-21 -1.1750817876e-02 )
1278             	( 3.1359787279e-01 -3.6738369852e-18 -1.1242189410e+01 )	( 2.3666612917e-01 -3.6634322355e-18 -1.1230437797e+01 )	( 7.6931743613e-02 -1.0404749736e-20 -1.1751612508e-02 )
1279             	( 3.1360287700e-01 -3.6721584573e-18 -1.1242188551e+01 )	( 2.3666616070e-01 -3.6634316724e-18 -1.1230437731e+01 )	( 7.6936716300e-02 -8.7267848629e-21 -1.1750820100e-02 )
1280             	( 3.1359772057e-01 -3.6738356075e-18 -1.1242189639e+01 )	( 2.3666597238e-01 -3.6634327506e-18 -1.1230438026e+01 )	( 7.6931748188e-02 -1.0402856906e-20 -1.1751612782e-02 )
1281             	( 3.1360271540e-01 -3.6721610438e-18 -1.1242188780e+01 )	( 2.3666600730e-01 -3.6634321807e-18 -1.1230437958e+01 )	( 7.6936708101e-02 -8.7288631161e-21 -1.1750822335e-02 )
1282             	( 3.1359757525e-01 -3.6738342102e-18 -1.1242189861e+01 )	( 2.3666582253e-01 -3.6634332478e-18 -1.1230438248e+01 )	( 7.6931752719e-02 -1.0400962365e-20 -1.1751613072e-02 )
1283             	( 3.1360256075e-01 -3.6721636123e-18 -1.1242189003e+01 )	( 2.3666586085e-01 -3.6634326712e-18 -1.1230438179e+01 )	( 7.6936699899e-02 -8.7309411170e-21 -1.1750824577e-02 )
1284             	( 3.1359743694e-01 -3.6738327929e-18 -1.1242190077e+01 )	( 2.3666567973e-01 -3.6634337269e-18 -1.1230438464e+01 )	( 7.6931757211e-02 -1.0399066052e-20 -1.1751613374e-02 )
1285             	( 3.1360241316e-01 -3.6721661617e-18 -1.1242189219e+01 )	( 2.3666572146e-01 -3.6634331430e-18 -1.1230438392e+01 )	( 7.6936691702e-02 -8.7330186994e-21 -1.1750826822e-02 )
1286             	( 3.1359730564e-01 -3.6738313548e-18 -1.1242190286e+01 )	( 2.3666554397e-01 -3.6634341871e-18 -1.1230438672e+01 )	( 7.6931761671e-02 -1.0397167740e-20 -1.1751613684e-02 )
1287             	( 3.1360227257e-01 -3.6721686918e-18 -1.1242189428e+01 )	( 2.3666558906e-01 -3.6634335961e-18 -1.1230438598e+01 )	( 7.6936683513e-02 -8.7350956308e-21 -1.1750829068e-02 )
1288             	( 3.1359718131e-01 -3.6738298958e-18 -1.1242190487e+01 )	( 2.3666541521e-01 -3.6634346284e-18 -1.1230438873e+01 )	( 7.6931766105e-02 -1.0395267433e-20 -1.1751613999e-02 )
1289             	( 3.1360213907e-01 -3.6721712017e-18 -1.1242189628e+01 )	( 2.3666546373e-01 -3.6634340298e-18 -1.1230438797e+01 )	( 7.6936675340e-02 -8.7371718307e-21 -1.1750831310e-02 )
1290             	( 3.1359706393e-01 -3.6738284153e-18 -1.1242190680e+01 )	( 2.3666529342e-01 -3.6634350503e-18 -1.1230439066e+01 )	( 7.6931770516e-02 -1.0393364969e-20 -1.1751614316e-02 )
1291             	( 3.1360201266e-01 -3.6721736912e-18 -1.1242189822e+01 )	( 2.3666534547e-01 -3.6634344440e-18 -1.1230438988e+01 )	( 7.6936667186e-02 -8.7392471067e-21 -1.1750833547e-02 )
1292             	( 3.1359695367e-01 -3.6738269126e-18 -1.1242190866e+01 )	( 2.3666517876e-01 -3.6634354524e-18 -1.1230439251e+01 )	( 7.6931774912e-02 -1.0391460159e-20 -1.1751614633e-02 )
1293             	( 3.1360189320e-01 -3.6721761597e-18 -1.1242190006e+01 )	( 2.3666523414e-01 -3.6634348385e-18 -1.1230439170e+01 )	( 7.6936659058e-02 -8.7413211949e-21 -1.1750835774e-02 )
1294             	( 3.1359685034e-01 -3.6738253878e-18 -1.1242191042e+01 )	( 2.3666507104e-01 -3.6634358348e-18 -1.1230439427e+01 )	( 7.6931779297e-02 -1.0389552968e-20 -1.1751614945e-02 )
1295             	( 3.1360178081e-01 -3.6721786071e-18 -1.1242190182e+01 )	( 2.3666512985e-01 -3.6634352131e-18 -1.1230439344e+01 )	( 7.6936650959e-02 -8.7433940828e-21 -1.1750837990e-02 )
1296             	( 3.1359675398e-01 -3.6738238405e-18 -1.1242191210e+01 )	( 2.3666497030e-01 -3.6634361971e-18 -1.1230439595e+01 )	( 7.6931783676e-02 -1.0387643336e-20 -1.1751615251e-02 )
1297             	( 3.1360167538e-01 -3.6721810329e-18 -1.1242190349e+01 )	( 2.3666503249e-01 -3.6634355674e-18 -1.1230439509e+01 )	( 7.6936642894e-02 -8.7454655624e-21 -1.1750840192e-02 )
1298             	( 3.1359666452e-01 -3.6738222704e-18 -1.1242191369e+01 )	( 2.3666487647e-01 -3.6634365392e-18 -1.1230439754e+01 )	( 7.6931788053e-02 -1.0385731122e-20 -1.1751615548e-02 )
1299             	( 3.1360157690e-01 -3.6721834370e-18 -1.1242190507e+01 )	( 2.3666494203e-01 -3.6634359015e-18 -1.1230439665e+01 )	( 7.6936634868e-02 -8.7475355207e-21 -1.1750842377e-02 )
1300             	( 3.1359658193e-01 -3.6738206773e-18 -1.1242191519e+01 )	( 2.3666478949e-01 -3.6634368610e-18 -1.1230439903e+01 )	( 7.6931792433e-02 -1.0383816298e-20 -1.1751615833e-02 )
1301             	( 3.1360148523e-01 -3.6721858191e-18 -1.1242190655e+01 )	( 2.3666485835e-01 -3.6634362153e-18 -1.1230439811e+01 )	( 7.6936626884e-02 -8.7496038236e-21 -1.1750844543e-02 )
1302             	( 3.1359650615e-01 -3.6738190613e-18 -1.1242191660e+01 )	( 2.3666470933e-01 -3.6634371625e-18 -1.1230440044e+01 )	( 7.6931796819e-02 -1.0381898763e-20 -1.1751616104e-02 )
1303             	( 3.1360140045e-01 -3.6721881789e-18 -1.1242190795e+01 )	( 2.3666478150e-01 -3.6634365086e-18 -1.1230439948e+01 )	( 7.6936618947e-02 -8.7516703427e-21 -1.1750846687e-02 )
1304             	( 3.1359643711e-01 -3.6738174218e-18 -1.1242191791e+01 )	( 2.3666463589e-01 -3.6634374434e-18 -1.1230440174e+01 )	( 7.6931801215e-02 -1.0379978414e-20 -1.1751616359e-02 )
1305             	( 3.1360132230e-01 -3.6721905166e-18 -1.1242190924e+01 )	( 2.3666471124e-01 -3.6634367816e-18 -1.1230440075e+01 )	( 7.6936611059e-02 -8.7537349828e-21 -1.1750848808e-02 )
1306             	( 3.1359637468e-01 -3.6738157594e-18 -1.1242191912e+01 )	( 2.3666456905e-01 -3.6634377041e-18 -1.1230440295e+01 )	( 7.6931805625e-02 -1.0378055289e-20 -1.1751616596e-02 )
1307             	( 3.1360125083e-01 -3.6721928320e-18 -1.1242191044e+01 )	( 2.3666464761e-01 -3.6634370342e-18 -1.1230440193e+01 )	( 7.6936603223e-02 -8.7557977172e-21 -1.1750850903e-02 )
1308             	( 3.1359631876e-01 -3.6738140740e-18 -1.1242192023e+01 )	( 2.3666450871e-01 -3.6634379446e-18 -1.1230440406e+01 )	( 7.6931810052e-02 -1.0376129342e-20 -1.1751616813e-02 )
1309             	( 3.1360118595e-01 -3.6721951250e-18 -1.1242191154e+01 )	( 2.3666459051e-01 -3.6634372666e-18 -1.1230440301e+01 )	( 7.6936595444e-02 -8.7578583967e-21 -1.1750852971e-02 )
1310             	( 3.1359626934e-01 -3.6738123653e-18 -1.1242192125e+01 )	( 2.3666445484e-01 -3.6634381648e-18 -1.1230440508e+01 )	( 7.6931814499e-02 -1.0374200454e-20 -1.1751617008e-02 )
1311             	( 3.1360112747e-01 -3.6721973957e-18 -1.1242191255e+01 )	( 2.3666453974e-01 -3.6634374788e-18 -1.1230440400e+01 )	( 7.6936587724e-02 -8.7599168968e-21 -1.1750855010e-02 )
1312             	( 3.1359622633e-01 -3.6738106334e-18 -1.1242192217e+01 )	( 2.3666440736e-01 -3.6634383648e-18 -1.1230440600e+01 )	( 7.6931818969e-02 -1.0372268573e-20 -1.1751617179e-02 )
1313             	( 3.1360107526e-01 -3.6721996443e-18 -1.1242191345e+01 )	( 2.3666449520e-01 -3.6634376711e-18 -1.1230440488e+01 )	( 7.6936580065e-02 -8.7619731384e-21 -1.1750857018e-02 )
1314             	( 3.1359618946e-01 -3.6738088788e-18 -1.1242192299e+01 )	( 2.3666436599e-01 -3.6634385450e-18 -1.1230440682e+01 )	( 7.6931823465e-02 -1.0370333761e-20 -1.1751617325e-02 )
1315             	( 3.1360102938e-01 -3.6722018709e-18 -1.1242191426e+01 )	( 2.3666445692e-01 -3.6634378438e-18 -1.1230440567e+01 )	( 7.6936572469e-02 -8.7640271237e-21 -1.1750858994e-02 )
1316             	( 3.1359615867e-01 -3.6738071019e-18 -1.1242192371e+01 )	( 2.3666433069e-01 -3.6634387058e-18 -1.1230440754e+01 )	( 7.6931827989e-02 -1.0368396143e-20 -1.1751617444e-02 )
1317             	( 3.1360098956e-01 -3.6722040756e-18 -1.1242191498e+01 )	( 2.3666442462e-01 -3.6634379968e-18 -1.1230440637e+01 )	( 7.6936564940e-02 -8.7660787788e-21 -1.1750860936e-02 )
1318             	( 3.1359613394e-01 -3.6738053024e-18 -1.1242192434e+01 )	( 2.3666430139e-01 -3.6634388470e-18 -1.1230440817e+01 )	( 7.6931832543e-02 -1.0366455399e-20 -1.1751617534e-02 )
1319             	( 3.1360095566e-01 -3.6722062585e-18 -1.1242191559e+01 )	( 2.3666439818e-01 -3.6634381306e-18 -1.1230440696e+01 )	( 7.6936557479e-02 -8.7681279930e-21 -1.1750862843e-02 )
1320             	( 3.1359611505e-01 -3.6738034808e-18 -1.1242192488e+01 )	( 2.3666427792e-01 -3.6634389692e-18 -1.1230440870e+01 )	( 7.6931837130e-02 -1.0364511640e-20 -1.1751617596e-02 )
1321             	( 3.1360092750e-01 -3.6722084202e-18 -1.1242191611e+01 )	( 2.3666437742e-01 -3.6634382454e-18 -1.1230440746e+01 )	( 7.6936550087e-02 -8.7701747469e-21 -1.1750864714e-02 )
1322             	( 3.1359610200e-01 -3.6738016376e-18 -1.1242192532e+01 )	( 2.3666426025e-01 -3.6634390727e-18 -1.1230440915e+01 )	( 7.6931841751e-02 -1.0362564904e-20 -1.1751617626e-02 )
1323             	( 3.1360090501e-01 -3.6722105607e-18 -1.1242191653e+01 )	( 2.3666436224e-01 -3.6634383417e-18 -1.1230440787e+01 )	( 7.6936542768e-02 -8.7722190151e-21 -1.1750866547e-02 )
1324             	( 3.1359609433e-01 -3.6737997730e-18 -1.1242192567e+01 )	( 2.3666424793e-01 -3.6634391578e-18 -1.1230440949e+01 )	( 7.6931846407e-02 -1.0360615205e-20 -1.1751617626e-02 )
1325             	( 3.1360088813e-01 -3.6722126805e-18 -1.1242191687e+01 )	( 2.3666435261e-01 -3.6634384198e-18 -1.1230440819e+01 )	( 7.6936535521e-02 -8.7742607561e-21 -1.1750868343e-02 )
1326             	( 3.1359609214e-01 -3.6737978872e-18 -1.1242192593e+01 )	( 2.3666424104e-01 -3.6634392247e-18 -1.1230440975e+01 )	( 7.6931851101e-02 -1.0358662501e-20 -1.1751617592e-02 )
1327             	( 3.1360087656e-01 -3.6722147800e-18 -1.1242191712e+01 )	( 2.3666434822e-01 -3.6634384801e-18 -1.1230440842e+01 )	( 7.6936528349e-02 -8.7762999099e-21 -1.1750870100e-02 )
1328             	( 3.1359609505e-01 -3.6737959810e-18 -1.1242192610e+01 )	( 2.3666423922e-01 -3.6634392741e-18 -1.1230440992e+01 )	( 7.6931855833e-02 -1.0356706900e-20 -1.1751617526e-02 )
1329             	( 3.1360087025e-01 -3.6722168594e-18 -1.1242191728e+01 )	( 2.3666434900e-01 -3.6634385231e-18 -1.1230440857e+01 )	( 7.6936521251e-02 -8.7783363324e-21 -1.1750871817e-02 )
1330             	( 3.1359610313e-01 -3.6737940549e-18 -1.1242192618e+01 )	( 2.3666424253e-01 -3.6634393065e-18 -1.1230441001e+01 )	( 7.6931860605e-02 -1.0354748364e-20 -1.1751617425e-02 )
1331             	( 3.1360086889e-01 -3.6722189194e-18 -1.1242191736e+01 )	( 2.3666435466e-01 -3.6634385491e-18 -1.1230440863e+01 )	( 7.6936514229e-02 -8.7803702664e-21 -1.1750873493e-02 )
1332             	( 3.1359611614e-01 -3.6737921090e-18 -1.1242192619e+01 )	( 2.3666425072e-01 -3.6634393221e-18 -1.1230441001e+01 )	( 7.6931865418e-02 -1.0352786883e-20 -1.1751617290e-02 )
1333             	( 3.1360087238e-01 -3.6722209602e-18 -1.1242191736e+01 )	( 2.3666436510e-01 -3.6634385587e-18 -1.1230440861e+01 )	( 7.6936507285e-02 -8.7824015404e-21 -1.1750875129e-02 )
1334             	( 3.1359613379e-01 -3.6737901442e-18 -1.1242192611e+01 )	( 2.3666426352e-01 -3.6634393217e-18 -1.1230440994e+01 )	( 7.6931870272e-02 -1.0350822553e-20 -1.1751617119e-02 )
1335             	( 3.1360088050e-01 -3.6722229827e-18 -1.1242191727e+01 )	( 2.3666438009e-01 -3.6634385525e-18 -1.1230440851e+01 )	( 7.6936500417e-02 -8.7844302356e-21 -1.1750876724e-02 )
1336             	( 3.1359615602e-01 -3.6737881612e-18 -1.1242192595e+01 )	( 2.3666428086e-01 -3.6634393057e-18 -1.1230440978e+01 )	( 7.6931875167e-02 -1.0348855457e-20 -1.1751616914e-02 )
1337             	( 3.1360089321e-01 -3.6722249871e-18 -1.1242191712e+01 )	( 2.3666439958e-01 -3.6634385308e-18 -1.1230440833e+01 )	( 7.6936493627e-02 -8.7864562769e-21 -1.1750878277e-02 )
1338             	( 3.1359618260e-01 -3.6737861600e-18 -1.1242192572e+01 )	( 2.3666430250e-01 -3.6634392745e-18 -1.1230440956e+01 )	( 7.6931880105e-02 -1.0346885500e-20 -1.1751616673e-02 )
1339             	( 3.1360091010e-01 -3.6722269741e-18 -1.1242191688e+01 )	( 2.3666442319e-01 -3.6634384944e-18 -1.1230440809e+01 )	( 7.6936486914e-02 -8.7884796364e-21 -1.1750879789e-02 )
1340             	( 3.1359621335e-01 -3.6737841418e-18 -1.1242192542e+01 )	( 2.3666432826e-01 -3.6634392289e-18 -1.1230440926e+01 )	( 7.6931885084e-02 -1.0344912850e-20 -1.1751616396e-02 )
1341             	( 3.1360093113e-01 -3.6722289442e-18 -1.1242191658e+01 )	( 2.3666445086e-01 -3.6634384438e-18 -1.1230440777e+01 )	( 7.6936480278e-02 -8.7905004116e-21 -1.1750881259e-02 )
1342             	( 3.1359624803e-01 -3.6737821070e-18 -1.1242192506e+01 )	( 2.3666435792e-01 -3.6634391695e-18 -1.1230440889e+01 )	( 7.6931890105e-02 -1.0342937547e-20 -1.1751616083e-02 )
1343             	( 3.1360095611e-01 -3.6722308982e-18 -1.1242191622e+01 )	( 2.3666448239e-01 -3.6634383796e-18 -1.1230440739e+01 )	( 7.6936473719e-02 -8.7925185678e-21 -1.1750882688e-02 )
1344             	( 3.1359628652e-01 -3.6737800562e-18 -1.1242192462e+01 )	( 2.3666439135e-01 -3.6634390966e-18 -1.1230440847e+01 )	( 7.6931895168e-02 -1.0340959609e-20 -1.1751615735e-02 )
1345             	( 3.1360098476e-01 -3.6722328364e-18 -1.1242191579e+01 )	( 2.3666451752e-01 -3.6634383023e-18 -1.1230440695e+01 )	( 7.6936467238e-02 -8.7945341047e-21 -1.1750884075e-02 )
1346             	( 3.1359632862e-01 -3.6737779900e-18 -1.1242192413e+01 )	( 2.3666442835e-01 -3.6634390110e-18 -1.1230440798e+01 )	( 7.6931900273e-02 -1.0338979046e-20 -1.1751615351e-02 )
1347             	( 3.1360101687e-01 -3.6722347599e-18 -1.1242191529e+01 )	( 2.3666455604e-01 -3.6634382129e-18 -1.1230440644e+01 )	( 7.6936460832e-02 -8.7965469603e-21 -1.1750885421e-02 )
1348             	( 3.1359637414e-01 -3.6737759095e-18 -1.1242192359e+01 )	( 2.3666446872e-01 -3.6634389133e-18 -1.1230440744e+01 )	( 7.6931905419e-02 -1.0336996222e-20 -1.1751614932e-02 )
1349             	( 3.1360105235e-01 -3.6722366687e-18 -1.1242191475e+01 )	( 2.3666459785e-01 -3.6634381114e-18 -1.1230440588e+01 )	( 7.6936454502e-02 -8.7985573072e-21 -1.1750886726e-02 )
1350             	( 3.1359642277e-01 -3.6737738150e-18 -1.1242192299e+01 )	( 2.3666451216e-01 -3.6634388043e-18 -1.1230440684e+01 )	( 7.6931910606e-02 -1.0335010743e-20 -1.1751614478e-02 )
1351             	( 3.1360109098e-01 -3.6722385643e-18 -1.1242191416e+01 )	( 2.3666464273e-01 -3.6634379990e-18 -1.1230440528e+01 )	( 7.6936448247e-02 -8.8005652758e-21 -1.1750887990e-02 )
1352             	( 3.1359647442e-01 -3.6737717075e-18 -1.1242192233e+01 )	( 2.3666455859e-01 -3.6634386844e-18 -1.1230440620e+01 )	( 7.6931915833e-02 -1.0333023116e-20 -1.1751613989e-02 )
1353             	( 3.1360113251e-01 -3.6722404466e-18 -1.1242191351e+01 )	( 2.3666469044e-01 -3.6634378760e-18 -1.1230440462e+01 )	( 7.6936442067e-02 -8.8025706067e-21 -1.1750889214e-02 )
1354             	( 3.1359652882e-01 -3.6737695876e-18 -1.1242192164e+01 )	( 2.3666460772e-01 -3.6634385545e-18 -1.1230440550e+01 )	( 7.6931921099e-02 -1.0331033096e-20 -1.1751613466e-02 )
1355             	( 3.1360117677e-01 -3.6722423168e-18 -1.1242191283e+01 )	( 2.3666474081e-01 -3.6634377433e-18 -1.1230440392e+01 )	( 7.6936435959e-02 -8.8045735457e-21 -1.1750890398e-02 )
1356             	( 3.1359658589e-01 -3.6737674558e-18 -1.1242192090e+01 )	( 2.3666465949e-01 -3.6634384149e-18 -1.1230440477e+01 )	( 7.6931926403e-02 -1.0329040895e-20 -1.1751612908e-02 )
1357             	( 3.1360122351e-01 -3.6722441753e-18 -1.1242191210e+01 )	( 2.3666479359e-01 -3.6634376013e-18 -1.1230440318e+01 )	( 7.6936429925e-02 -8.8065740102e-21 -1.1750891543e-02 )
1358             	( 3.1359664529e-01 -3.6737653132e-18 -1.1242192012e+01 )	( 2.3666471355e-01 -3.6634382666e-18 -1.1230440400e+01 )	( 7.6931931745e-02 -1.0327046586e-20 -1.1751612318e-02 )
1359             	( 3.1360127265e-01 -3.6722460229e-18 -1.1242191134e+01 )	( 2.3666484869e-01 -3.6634374508e-18 -1.1230440241e+01 )	( 7.6936423962e-02 -8.8085721153e-21 -1.1750892650e-02 )
1360             	( 3.1359670684e-01 -3.6737631605e-18 -1.1242191931e+01 )	( 2.3666476972e-01 -3.6634381102e-18 -1.1230440320e+01 )	( 7.6931937124e-02 -1.0325050278e-20 -1.1751611695e-02 )
1361             	( 3.1360132389e-01 -3.6722478604e-18 -1.1242191054e+01 )	( 2.3666490582e-01 -3.6634372925e-18 -1.1230440161e+01 )	( 7.6936418068e-02 -8.8105679116e-21 -1.1750893718e-02 )
1362             	( 3.1359677040e-01 -3.6737609984e-18 -1.1242191847e+01 )	( 2.3666482786e-01 -3.6634379463e-18 -1.1230440236e+01 )	( 7.6931942538e-02 -1.0323052075e-20 -1.1751611041e-02 )
1363             	( 3.1360137708e-01 -3.6722496885e-18 -1.1242190972e+01 )	( 2.3666496484e-01 -3.6634371270e-18 -1.1230440078e+01 )	( 7.6936412244e-02 -8.8125614676e-21 -1.1750894749e-02 )
1364             	( 3.1359683581e-01 -3.6737588274e-18 -1.1242191760e+01 )	( 2.3666488782e-01 -3.6634377754e-18 -1.1230440150e+01 )	( 7.6931947987e-02 -1.0321052018e-20 -1.1751610355e-02 )
1365             	( 3.1360143194e-01 -3.6722515078e-18 -1.1242190887e+01 )	( 2.3666502545e-01 -3.6634369550e-18 -1.1230439992e+01 )	( 7.6936406487e-02 -8.8145527524e-21 -1.1750895744e-02 )
1366             	( 3.1359690279e-01 -3.6737566487e-18 -1.1242191671e+01 )	( 2.3666494932e-01 -3.6634375984e-18 -1.1230440062e+01 )	( 7.6931953468e-02 -1.0319050230e-20 -1.1751609638e-02 )
1367             	( 3.1360148840e-01 -3.6722533190e-18 -1.1242190801e+01 )	( 2.3666508761e-01 -3.6634367771e-18 -1.1230439904e+01 )	( 7.6936400796e-02 -8.8165418755e-21 -1.1750896703e-02 )
1368             	( 3.1359697114e-01 -3.6737544627e-18 -1.1242191580e+01 )	( 2.3666501216e-01 -3.6634374159e-18 -1.1230439971e+01 )	( 7.6931958981e-02 -1.0317046796e-20 -1.1751608892e-02 )
1369             	( 3.1360154615e-01 -3.6722551229e-18 -1.1242190712e+01 )	( 2.3666515098e-01 -3.6634365940e-18 -1.1230439814e+01 )	( 7.6936395169e-02 -8.8185289034e-21 -1.1750897628e-02 )
1370             	( 3.1359704078e-01 -3.6737522702e-18 -1.1242191488e+01 )	( 2.3666507626e-01 -3.6634372284e-18 -1.1230439880e+01 )	( 7.6931964524e-02 -1.0315041839e-20 -1.1751608118e-02 )
1371             	( 3.1360160511e-01 -3.6722569201e-18 -1.1242190622e+01 )	( 2.3666521550e-01 -3.6634364062e-18 -1.1230439723e+01 )	( 7.6936389606e-02 -8.8205138572e-21 -1.1750898519e-02 )
1372             	( 3.1359711140e-01 -3.6737500720e-18 -1.1242191394e+01 )	( 2.3666514130e-01 -3.6634370366e-18 -1.1230439787e+01 )	( 7.6931970096e-02 -1.0313035405e-20 -1.1751607315e-02 )
1373             	( 3.1360166498e-01 -3.6722587114e-18 -1.1242190531e+01 )	( 2.3666528088e-01 -3.6634362146e-18 -1.1230439631e+01 )	( 7.6936384104e-02 -8.8224968192e-21 -1.1750899377e-02 )
1374             	( 3.1359718291e-01 -3.6737478689e-18 -1.1242191300e+01 )	( 2.3666520722e-01 -3.6634368412e-18 -1.1230439693e+01 )	( 7.6931975696e-02 -1.0311027651e-20 -1.1751606486e-02 )
1375             	( 3.1360172568e-01 -3.6722604974e-18 -1.1242190439e+01 )	( 2.3666534701e-01 -3.6634360196e-18 -1.1230439538e+01 )	( 7.6936378661e-02 -8.8244778444e-21 -1.1750900204e-02 )
1376             	( 3.1359725508e-01 -3.6737456612e-18 -1.1242191205e+01 )	( 2.3666527376e-01 -3.6634366426e-18 -1.1230439599e+01 )	( 7.6931981321e-02 -1.0309018561e-20 -1.1751605631e-02 )
1377             	( 3.1360178690e-01 -3.6722622788e-18 -1.1242190346e+01 )	( 2.3666541362e-01 -3.6634358220e-18 -1.1230439445e+01 )	( 7.6936373277e-02 -8.8264567945e-21 -1.1750901000e-02 )
1378             	( 3.1359732779e-01 -3.6737434503e-18 -1.1242191109e+01 )	( 2.3666534082e-01 -3.6634364417e-18 -1.1230439505e+01 )	( 7.6931986971e-02 -1.0307008598e-20 -1.1751604752e-02 )
1379             	( 3.1360184863e-01 -3.6722640561e-18 -1.1242190253e+01 )	( 2.3666548068e-01 -3.6634356220e-18 -1.1230439352e+01 )	( 7.6936367948e-02 -8.8284340956e-21 -1.1750901766e-02 )
1380             	( 3.1359740074e-01 -3.6737412362e-18 -1.1242191014e+01 )	( 2.3666540810e-01 -3.6634362389e-18 -1.1230439410e+01 )	( 7.6931992642e-02 -1.0304997378e-20 -1.1751603849e-02 )
1381             	( 3.1360191064e-01 -3.6722658301e-18 -1.1242190161e+01 )	( 2.3666554796e-01 -3.6634354205e-18 -1.1230439259e+01 )	( 7.6936362675e-02 -8.8304096371e-21 -1.1750902503e-02 )
1382             	( 3.1359747385e-01 -3.6737390200e-18 -1.1242190919e+01 )	( 2.3666547551e-01 -3.6634360348e-18 -1.1230439316e+01 )	( 7.6931998335e-02 -1.0302985233e-20 -1.1751602923e-02 )
1383             	( 3.1360197270e-01 -3.6722676015e-18 -1.1242190069e+01 )	( 2.3666561525e-01 -3.6634352179e-18 -1.1230439166e+01 )	( 7.6936357454e-02 -8.8323835344e-21 -1.1750903214e-02 )
1384             	( 3.1359754695e-01 -3.6737368022e-18 -1.1242190824e+01 )	( 2.3666554290e-01 -3.6634358300e-18 -1.1230439222e+01 )	( 7.6932004047e-02 -1.0300972277e-20 -1.1751601976e-02 )
1385             	( 3.1360203480e-01 -3.6722693706e-18 -1.1242189978e+01 )	( 2.3666568251e-01 -3.6634350148e-18 -1.1230439074e+01 )	( 7.6936352285e-02 -8.8343557936e-21 -1.1750903898e-02 )
1386             	( 3.1359761985e-01 -3.6737345834e-18 -1.1242190731e+01 )	( 2.3666561007e-01 -3.6634356248e-18 -1.1230439129e+01 )	( 7.6932009777e-02 -1.0298958552e-20 -1.1751601009e-02 )
1387             	( 3.1360209658e-01 -3.6722711382e-18 -1.1242189888e+01 )	( 2.3666574942e-01 -3.6634348117e-18 -1.1230438983e+01 )	( 7.6936347165e-02 -8.8363264762e-21 -1.1750904556e-02 )
1388             	( 3.1359769241e-01 -3.6737323644e-18 -1.1242190638e+01 )	( 2.3666567688e-01 -3.6634354201e-18 -1.1230439038e+01 )	( 7.6932015522e-02 -1.0296944239e-20 -1.1751600022e-02 )
