# Time           	0.0              	3.8530543134e-03	7.7061086267e-03	1.1559162940e-02	1.5412217253e-02	1.9265271567e-02	2.3118325880e-02	2.6971380194e-02	3.0824434507e-02	3.4677488820e-02	3.8530543134e-02	4.2383597447e-02	4.6236651760e-02	5.0089706074e-02	5.3942760387e-02	5.7795814700e-02	6.1648869014e-02	6.5501923327e-02	6.9354977640e-02	7.3208031954e-02	7.7061086267e-02	8.0914140581e-02	8.4767194894e-02	8.8620249207e-02	9.2473303521e-02	9.6326357834e-02	1.0017941215e-01	1.0403246646e-01	1.0788552077e-01	1.1173857509e-01	1.1559162940e-01	1.1944468371e-01	1.2329773803e-01	1.2715079234e-01	1.3100384665e-01	1.3485690097e-01	1.3870995528e-01	1.4256300959e-01	1.4641606391e-01	1.5026911822e-01	1.5412217253e-01	1.5797522685e-01	1.6182828116e-01	1.6568133547e-01	1.6953438979e-01	1.7338744410e-01	1.7724049841e-01	1.8109355273e-01	1.8494660704e-01	1.8879966135e-01	1.9265271567e-01	1.9650576998e-01	2.0035882429e-01	2.0421187861e-01	2.0806493292e-01	2.1191798723e-01	2.1577104155e-01	2.1962409586e-01	2.2347715017e-01	2.2733020449e-01	2.3118325880e-01	2.3503631311e-01	2.3888936743e-01	2.4274242174e-01	2.4659547606e-01	2.5044853037e-01	2.5430158468e-01	2.5815463900e-01	2.6200769331e-01	2.6586074762e-01	2.6971380194e-01	2.7356685625e-01	2.7741991056e-01	2.8127296488e-01	2.8512601919e-01	2.8897907350e-01	2.9283212782e-01	2.9668518213e-01	3.0053823644e-01	3.0439129076e-01	3.0824434507e-01	3.1209739938e-01	3.1595045370e-01	3.1980350801e-01	3.2365656232e-01	3.2750961664e-01	3.3136267095e-01	3.3521572526e-01	3.3906877958e-01	3.4292183389e-01	3.4677488820e-01	3.5062794252e-01	3.5448099683e-01	3.5833405114e-01	3.6218710546e-01	3.6604015977e-01	3.6989321408e-01	3.7374626840e-01	3.7759932271e-01	3.8145237702e-01	3.8530543134e-01
1	0.0	5.5308874791e-02	6.3075129100e-02	9.3253180616e-02	9.3253180616e-02	9.3253180616e-02	9.3253180616e-02	1.1165720685e-01	1.1165720685e-01	1.1165720685e-01	1.1165720685e-01	1.3405570281e-01	1.3405570281e-01	1.3405570281e-01	1.3405570281e-01	1.4036283335e-01	1.4036283335e-01	1.4036283335e-01	1.4036283335e-01	1.4437773164e-01	1.4437773164e-01	1.4437773164e-01	1.4392643719e-01	1.4641835094e-01	1.4641835094e-01	1.4641835094e-01	1.4698945043e-01	1.4698945043e-01	1.4698945043e-01	1.4698945043e-01	1.4679115894e-01	1.4679115894e-01	1.4679115894e-01	1.4679115894e-01	1.4665647557e-01	1.4665647557e-01	1.4665647557e-01	1.4665647557e-01	1.4745810310e-01	1.4745810310e-01	1.4745810310e-01	1.4745810310e-01	1.4998459195e-01	1.4998459195e-01	1.4998459195e-01	1.5428364032e-01	1.5484825744e-01	1.5484825744e-01	1.5484825744e-01	1.6244316641e-01	1.6244316641e-01	1.6244316641e-01	1.6244316641e-01	1.7278202187e-01	1.7278202187e-01	1.7278202187e-01	1.8343950824e-01	1.8539610663e-01	1.8539610663e-01	1.8539610663e-01	1.8539610663e-01	2.1331703233e-01	2.1331703233e-01	2.1331703233e-01	2.1331703233e-01	2.3350559578e-01	2.3350559578e-01	2.3350559578e-01	2.5327869544e-01	2.5722511395e-01	2.5722511395e-01	2.5722511395e-01	2.8066301386e-01	2.8066301386e-01	2.8066301386e-01	2.9986589309e-01	2.9986589309e-01	3.0761783667e-01	3.0761783667e-01	3.0761783667e-01	3.4532586351e-01	3.5053854800e-01	3.5053854800e-01	3.5053854800e-01	3.7146883120e-01	3.7740416610e-01	3.7740416610e-01	3.9857954149e-01	4.0487518848e-01	4.0487518848e-01	4.0487518848e-01	4.2329262308e-01	4.2961516654e-01	4.2961516654e-01	4.5670578490e-01	4.5670578490e-01	4.6374640680e-01	4.6374640680e-01	4.6374640680e-01	5.0809317576e-01	5.1310506675e-01	
2	0.0	2.6482666410e-02	2.6443205508e-02	3.6645118862e-02	3.6645118862e-02	3.6645118862e-02	3.6645118862e-02	4.2100477512e-02	4.2100477512e-02	4.2100477512e-02	4.2100477512e-02	4.7672757306e-02	4.7672757306e-02	4.7672757306e-02	4.7672757306e-02	4.7194091416e-02	4.7194091416e-02	4.7194091416e-02	4.7194091416e-02	4.6066613073e-02	4.6066613073e-02	4.6066613073e-02	4.6444024031e-02	4.4599613874e-02	4.4599613874e-02	4.4599613874e-02	4.3260396339e-02	4.3260396339e-02	4.3260396339e-02	4.3260396339e-02	4.2494985307e-02	4.2494985307e-02	4.2494985307e-02	4.2494985307e-02	4.2691118663e-02	4.2691118663e-02	4.2691118663e-02	4.2691118663e-02	4.4106771282e-02	4.4106771282e-02	4.4106771282e-02	4.4106771282e-02	4.6850000535e-02	4.6850000535e-02	4.6850000535e-02	5.0553025590e-02	5.0872389408e-02	5.0872389408e-02	5.0872389408e-02	5.6009497432e-02	5.6009497432e-02	5.6009497432e-02	5.6009497432e-02	6.1962479578e-02	6.1962479578e-02	6.1962479578e-02	6.7433215084e-02	6.8341295723e-02	6.8341295723e-02	6.8341295723e-02	6.8341295723e-02	8.0694293237e-02	8.0694293237e-02	8.0694293237e-02	8.0694293237e-02	8.8535375989e-02	8.8535375989e-02	8.8535375989e-02	9.5437897995e-02	9.7031744305e-02	9.7031744305e-02	9.7031744305e-02	1.0491912664e-01	1.0491912664e-01	1.0491912664e-01	1.1069900375e-01	1.1069900375e-01	1.1371187576e-01	1.1371187576e-01	1.1371187576e-01	1.2553487613e-01	1.2743410673e-01	1.2743410673e-01	1.2743410673e-01	1.3303773086e-01	1.3533161637e-01	1.3533161637e-01	1.4028500580e-01	1.4282270425e-01	1.4282270425e-01	1.4282270425e-01	1.4670825571e-01	1.4927911616e-01	1.4927911616e-01	1.5634899253e-01	1.5634899253e-01	1.5917621729e-01	1.5917621729e-01	1.5917621729e-01	1.6971181514e-01	1.7173258753e-01	
3	0.0	1.8788084553e-02	1.7224211554e-02	2.1914118874e-02	2.1914118874e-02	2.1914118874e-02	2.1914118874e-02	2.3646909702e-02	2.3646909702e-02	2.3646909702e-02	2.3646909702e-02	2.3910873857e-02	2.3910873857e-02	2.3910873857e-02	2.3910873857e-02	2.1887246403e-02	2.1887246403e-02	2.1887246403e-02	2.1887246403e-02	1.9775075289e-02	1.9775075289e-02	1.9775075289e-02	1.9883851244e-02	1.7788876608e-02	1.7788876608e-02	1.7788876608e-02	1.6267937185e-02	1.6267937185e-02	1.6267937185e-02	1.6267937185e-02	1.5477715571e-02	1.5477715571e-02	1.5477715571e-02	1.5477715571e-02	1.5590846757e-02	1.5590846757e-02	1.5590846757e-02	1.5590846757e-02	1.6667047566e-02	1.6667047566e-02	1.6667047566e-02	1.6667047566e-02	1.8664007035e-02	1.8664007035e-02	1.8664007035e-02	2.1208368786e-02	2.1477002891e-02	2.1477002891e-02	2.1477002891e-02	2.4944293509e-02	2.4944293509e-02	2.4944293509e-02	2.4944293509e-02	2.8793257601e-02	2.8793257601e-02	2.8793257601e-02	3.2085843713e-02	3.2711204807e-02	3.2711204807e-02	3.2711204807e-02	3.2711204807e-02	4.0424277431e-02	4.0424277431e-02	4.0424277431e-02	4.0424277431e-02	4.4867867523e-02	4.4867867523e-02	4.4867867523e-02	4.8292001927e-02	4.9321000422e-02	4.9321000422e-02	4.9321000422e-02	5.3305327938e-02	5.3305327938e-02	5.3305327938e-02	5.5905304739e-02	5.5905304739e-02	5.7831274982e-02	5.7831274982e-02	5.7831274982e-02	6.3867753922e-02	6.5025272395e-02	6.5025272395e-02	6.5025272395e-02	6.7479085502e-02	6.8930053586e-02	6.8930053586e-02	7.0753501019e-02	7.2424887251e-02	7.2424887251e-02	7.2424887251e-02	7.3739230536e-02	7.5527920431e-02	7.5527920431e-02	7.8729851196e-02	7.8729851196e-02	8.0798596380e-02	8.0798596380e-02	8.0798596380e-02	8.5365240612e-02	8.6984329583e-02	
4	0.0	1.6628839688e-02	1.4906809985e-02	1.8040239768e-02	1.8040239768e-02	1.8040239768e-02	1.8040239768e-02	1.8619403552e-02	1.8619403552e-02	1.8619403552e-02	1.8619403552e-02	1.7108752520e-02	1.7108752520e-02	1.7108752520e-02	1.7108752520e-02	1.4801954950e-02	1.4801954950e-02	1.4801954950e-02	1.4801954950e-02	1.2572061698e-02	1.2572061698e-02	1.2572061698e-02	1.2523153679e-02	1.0597299655e-02	1.0597299655e-02	1.0597299655e-02	9.1407979354e-03	9.1407979354e-03	9.1407979354e-03	9.1407979354e-03	8.3985536537e-03	8.3985536537e-03	8.3985536537e-03	8.3985536537e-03	8.5001749752e-03	8.5001749752e-03	8.5001749752e-03	8.5001749752e-03	9.5001068405e-03	9.5001068405e-03	9.5001068405e-03	9.5001068405e-03	1.1361124795e-02	1.1361124795e-02	1.1361124795e-02	1.3733316659e-02	1.3971403586e-02	1.3971403586e-02	1.3971403586e-02	1.7181667329e-02	1.7181667329e-02	1.7181667329e-02	1.7181667329e-02	2.0724003339e-02	2.0724003339e-02	2.0724003339e-02	2.3717183015e-02	2.4285366155e-02	2.4285366155e-02	2.4285366155e-02	2.4285366155e-02	3.1432451654e-02	3.1432451654e-02	3.1432451654e-02	3.1432451654e-02	3.5419901412e-02	3.5419901412e-02	3.5419901412e-02	3.8332563854e-02	3.9288906727e-02	3.9288906727e-02	3.9288906727e-02	4.2716174433e-02	4.2716174433e-02	4.2716174433e-02	4.4892824530e-02	4.4892824530e-02	4.6677759643e-02	4.6677759643e-02	4.6677759643e-02	5.1628373367e-02	5.2678474489e-02	5.2678474489e-02	5.2678474489e-02	5.4737220260e-02	5.6030890588e-02	5.6030890588e-02	5.7593687346e-02	5.9064672493e-02	5.9064672493e-02	5.9064672493e-02	6.0268225058e-02	6.1882704179e-02	6.1882704179e-02	6.4579216734e-02	6.4579216734e-02	6.6539888323e-02	6.6539888323e-02	6.6539888323e-02	7.0373718099e-02	7.2014803461e-02	
5	0.0	1.5910334894e-02	1.4281494463e-02	1.6823878268e-02	1.6823878268e-02	1.6823878268e-02	1.6823878268e-02	1.6981170571e-02	1.6981170571e-02	1.6981170571e-02	1.6981170571e-02	1.4874181316e-02	1.4874181316e-02	1.4874181316e-02	1.4874181316e-02	1.2618513713e-02	1.2618513713e-02	1.2618513713e-02	1.2618513713e-02	1.0423031263e-02	1.0423031263e-02	1.0423031263e-02	1.0320780086e-02	8.4638569928e-03	8.4638569928e-03	8.4638569928e-03	7.0096570755e-03	7.0096570755e-03	7.0096570755e-03	7.0096570755e-03	6.2668015183e-03	6.2668015183e-03	6.2668015183e-03	6.2668015183e-03	6.3786031057e-03	6.3786031057e-03	6.3786031057e-03	6.3786031057e-03	7.4181002976e-03	7.4181002976e-03	7.4181002976e-03	7.4181002976e-03	9.3713371968e-03	9.3713371968e-03	9.3713371968e-03	1.1902360563e-02	1.2132601900e-02	1.2132601900e-02	1.2132601900e-02	1.5537616228e-02	1.5537616228e-02	1.5537616228e-02	1.5537616228e-02	1.9292697365e-02	1.9292697365e-02	1.9292697365e-02	2.2468783465e-02	2.3044875263e-02	2.3044875263e-02	2.3044875263e-02	2.3044875263e-02	3.0531683712e-02	3.0531683712e-02	3.0531683712e-02	3.0531683712e-02	3.4698982423e-02	3.4698982423e-02	3.4698982423e-02	3.7737428920e-02	3.8724098253e-02	3.8724098253e-02	3.8724098253e-02	4.2293148389e-02	4.2293148389e-02	4.2293148389e-02	4.4585444627e-02	4.4585444627e-02	4.6403650823e-02	4.6403650823e-02	4.6403650823e-02	5.1091165272e-02	5.2147108441e-02	5.2147108441e-02	5.2147108441e-02	5.4191703235e-02	5.5468924671e-02	5.5468924671e-02	5.7109418477e-02	5.8535967049e-02	5.8535967049e-02	5.8535967049e-02	5.9861292868e-02	6.1427820169e-02	6.1427820169e-02	6.4012340782e-02	6.4012340782e-02	6.5981486271e-02	6.5981486271e-02	6.5981486271e-02	6.9614881390e-02	7.1390317501e-02	
6	0.0	1.5587862341e-02	1.4124153110e-02	1.6249596610e-02	1.6249596610e-02	1.6249596610e-02	1.6249596610e-02	1.6128772857e-02	1.6128772857e-02	1.6128772857e-02	1.6128772857e-02	1.3657096505e-02	1.3657096505e-02	1.3657096505e-02	1.3657096505e-02	1.1391960702e-02	1.1391960702e-02	1.1391960702e-02	1.1391960702e-02	9.1592613328e-03	9.1592613328e-03	9.1592613328e-03	9.0355162417e-03	7.1513905551e-03	7.1513905551e-03	7.1513905551e-03	5.6567015037e-03	5.6567015037e-03	5.6567015037e-03	5.6567015037e-03	4.8918023326e-03	4.8918023326e-03	4.8918023326e-03	4.8918023326e-03	5.0070234634e-03	5.0070234634e-03	5.0070234634e-03	5.0070234634e-03	6.0901192752e-03	6.0901192752e-03	6.0901192752e-03	6.0901192752e-03	8.1546681407e-03	8.1546681407e-03	8.1546681407e-03	1.0870267355e-02	1.1103711259e-02	1.1103711259e-02	1.1103711259e-02	1.4746005483e-02	1.4746005483e-02	1.4746005483e-02	1.4746005483e-02	1.8749331199e-02	1.8749331199e-02	1.8749331199e-02	2.2143851715e-02	2.2731637568e-02	2.2731637568e-02	2.2731637568e-02	2.2731637568e-02	3.0598030432e-02	3.0598030432e-02	3.0598030432e-02	3.0598030432e-02	3.4967314172e-02	3.4967314172e-02	3.4967314172e-02	3.8170338794e-02	3.9176642877e-02	3.9176642877e-02	3.9176642877e-02	4.2913550744e-02	4.2913550744e-02	4.2913550744e-02	4.5349131020e-02	4.5349131020e-02	4.7194856641e-02	4.7194856641e-02	4.7194856641e-02	5.1804537095e-02	5.2877542021e-02	5.2877542021e-02	5.2877542021e-02	5.4973555894e-02	5.6259305589e-02	5.6259305589e-02	5.8017804912e-02	5.9439685093e-02	5.9439685093e-02	5.9439685093e-02	6.0891756063e-02	6.2446437270e-02	6.2446437270e-02	6.5022778881e-02	6.5022778881e-02	6.7021625874e-02	6.7021625874e-02	6.7021625874e-02	7.0634522205e-02	7.2555151728e-02	
7	0.0	1.5360320491e-02	1.4089067353e-02	1.5799908846e-02	1.5799908846e-02	1.5799908846e-02	1.5799908846e-02	1.5405643391e-02	1.5405643391e-02	1.5405643391e-02	1.5405643391e-02	1.2574753465e-02	1.2574753465e-02	1.2574753465e-02	1.2574753465e-02	1.0234616283e-02	1.0234616283e-02	1.0234616283e-02	1.0234616283e-02	7.9250859274e-03	7.9250859274e-03	7.9250859274e-03	7.7876654148e-03	5.8514740195e-03	5.8514740195e-03	5.8514740195e-03	4.3097972715e-03	4.3097972715e-03	4.3097972715e-03	4.3097972715e-03	3.5198359506e-03	3.5198359506e-03	3.5198359506e-03	3.5198359506e-03	3.6344324359e-03	3.6344324359e-03	3.6344324359e-03	3.6344324359e-03	4.7486455173e-03	4.7486455173e-03	4.7486455173e-03	4.7486455173e-03	6.8887237946e-03	6.8887237946e-03	6.8887237946e-03	9.7413566386e-03	9.9786336911e-03	9.9786336911e-03	9.9786336911e-03	1.3809066544e-02	1.3809066544e-02	1.3809066544e-02	1.3809066544e-02	1.8009031034e-02	1.8009031034e-02	1.8009031034e-02	2.1580101729e-02	2.2174131701e-02	2.2174131701e-02	2.2174131701e-02	2.2174131701e-02	3.0342450637e-02	3.0342450637e-02	3.0342450637e-02	3.0342450637e-02	3.4866698841e-02	3.4866698841e-02	3.4866698841e-02	3.8203461622e-02	3.9212108962e-02	3.9212108962e-02	3.9212108962e-02	4.3070533956e-02	4.3070533956e-02	4.3070533956e-02	4.5620473414e-02	4.5620473414e-02	4.7464507309e-02	4.7464507309e-02	4.7464507309e-02	5.2053091075e-02	5.3142172165e-02	5.3142172165e-02	5.3142172165e-02	5.5286107576e-02	5.6588322117e-02	5.6588322117e-02	5.8430485032e-02	5.9864395376e-02	5.9864395376e-02	5.9864395376e-02	6.1385225700e-02	6.2945482129e-02	6.2945482129e-02	6.5445247175e-02	6.5445247175e-02	6.7468852220e-02	6.7468852220e-02	6.7468852220e-02	7.0894683193e-02	7.2914494063e-02	
8	0.0	1.5227495183e-02	1.4180284997e-02	1.5517975394e-02	1.5517975394e-02	1.5517975394e-02	1.5517975394e-02	1.4881103145e-02	1.4881103145e-02	1.4881103145e-02	1.4881103145e-02	1.1753093595e-02	1.1753093595e-02	1.1753093595e-02	1.1753093595e-02	9.3057030809e-03	9.3057030809e-03	9.3057030809e-03	9.3057030809e-03	6.9021760907e-03	6.9021760907e-03	6.9021760907e-03	6.7465247988e-03	4.7553664973e-03	4.7553664973e-03	4.7553664973e-03	3.1635963805e-03	3.1635963805e-03	3.1635963805e-03	3.1635963805e-03	2.3466099843e-03	2.3466099843e-03	2.3466099843e-03	2.3466099843e-03	2.4579505867e-03	2.4579505867e-03	2.4579505867e-03	2.4579505867e-03	3.5920993830e-03	3.5920993830e-03	3.5920993830e-03	3.5920993830e-03	5.7776305603e-03	5.7776305603e-03	5.7776305603e-03	8.7073734412e-03	8.9485048284e-03	8.9485048284e-03	8.9485048284e-03	1.2909226113e-02	1.2909226113e-02	1.2909226113e-02	1.2909226113e-02	1.7255043875e-02	1.7255043875e-02	1.7255043875e-02	2.0954985269e-02	2.1556816689e-02	2.1556816689e-02	2.1556816689e-02	2.1556816689e-02	2.9984148634e-02	2.9984148634e-02	2.9984148634e-02	2.9984148634e-02	3.4648119631e-02	3.4648119631e-02	3.4648119631e-02	3.8110074341e-02	3.9125150968e-02	3.9125150968e-02	3.9125150968e-02	4.3109452212e-02	4.3109452212e-02	4.3109452212e-02	4.5778308175e-02	4.5778308175e-02	4.7622812203e-02	4.7622812203e-02	4.7622812203e-02	5.2267158949e-02	5.3383239406e-02	5.3383239406e-02	5.3383239406e-02	5.5597596102e-02	5.6928926129e-02	5.6928926129e-02	5.8864065364e-02	6.0325949219e-02	6.0325949219e-02	6.0325949219e-02	6.1918728636e-02	6.3503161996e-02	6.3503161996e-02	6.5975612599e-02	6.5975612599e-02	6.8028192762e-02	6.8028192762e-02	6.8028192762e-02	7.1380642272e-02	7.3468618705e-02	
9	0.0	1.5129987458e-02	1.4318056115e-02	1.5303056826e-02	1.5303056826e-02	1.5303056826e-02	1.5303056826e-02	1.4443548709e-02	1.4443548709e-02	1.4443548709e-02	1.4443548709e-02	1.1069927165e-02	1.1069927165e-02	1.1069927165e-02	1.1069927165e-02	8.5054264705e-03	8.5054264705e-03	8.5054264705e-03	8.5054264705e-03	6.0035540972e-03	6.0035540972e-03	6.0035540972e-03	5.8280921284e-03	3.7858870343e-03	3.7858870343e-03	3.7858870343e-03	2.1484310663e-03	2.1484310663e-03	2.1484310663e-03	2.1484310663e-03	1.3070438419e-03	1.3070438419e-03	1.3070438419e-03	1.3070438419e-03	1.4151105459e-03	1.4151105459e-03	1.4151105459e-03	1.4151105459e-03	2.5656852570e-03	2.5656852570e-03	2.5656852570e-03	2.5656852570e-03	4.7852107305e-03	4.7852107305e-03	4.7852107305e-03	7.7676834223e-03	8.0114380686e-03	8.0114380686e-03	8.0114380686e-03	1.2060738687e-02	1.2060738687e-02	1.2060738687e-02	1.2060738687e-02	1.6527314291e-02	1.6527314291e-02	1.6527314291e-02	2.0339929254e-02	2.0948578911e-02	2.0948578911e-02	2.0948578911e-02	2.0948578911e-02	2.9592310120e-02	2.9592310120e-02	2.9592310120e-02	2.9592310120e-02	3.4366657470e-02	3.4366657470e-02	3.4366657470e-02	3.7926107132e-02	3.8948813355e-02	3.8948813355e-02	3.8948813355e-02	4.3038407672e-02	4.3038407672e-02	4.3038407672e-02	4.5810189802e-02	4.5810189802e-02	4.7652205256e-02	4.7652205256e-02	4.7652205256e-02	5.2379942405e-02	5.3521440508e-02	5.3521440508e-02	5.3521440508e-02	5.5805704120e-02	5.7164085887e-02	5.7164085887e-02	5.9181438142e-02	6.0670038269e-02	6.0670038269e-02	6.0670038269e-02	6.2322915574e-02	6.3929500159e-02	6.3929500159e-02	6.6393704259e-02	6.6393704259e-02	6.8463648620e-02	6.8463648620e-02	6.8463648620e-02	7.1787194034e-02	7.3905479068e-02	
10	0.0	1.5031330396e-02	1.4455796853e-02	1.5084939027e-02	1.5084939027e-02	1.5084939027e-02	1.5084939027e-02	1.4012747502e-02	1.4012747502e-02	1.4012747502e-02	1.4012747502e-02	1.0420187599e-02	1.0420187599e-02	1.0420187599e-02	1.0420187599e-02	7.7369723803e-03	7.7369723803e-03	7.7369723803e-03	7.7369723803e-03	5.1387023044e-03	5.1387023044e-03	5.1387023044e-03	4.9433211618e-03	2.8544854215e-03	2.8544854215e-03	2.8544854215e-03	1.1750506035e-03	1.1750506035e-03	1.1750506035e-03	1.1750506035e-03	3.1119987395e-04	3.1119987395e-04	3.1119987395e-04	3.1119987395e-04	4.1575544251e-04	4.1575544251e-04	4.1575544251e-04	4.1575544251e-04	1.5840412035e-03	1.5840412035e-03	1.5840412035e-03	1.5840412035e-03	3.8384206678e-03	3.8384206678e-03	3.8384206678e-03	6.8697422997e-03	7.1155636062e-03	7.1155636062e-03	7.1155636062e-03	1.1239556181e-02	1.1239556181e-02	1.1239556181e-02	1.1239556181e-02	1.5812361936e-02	1.5812361936e-02	1.5812361936e-02	1.9729916136e-02	2.0344757914e-02	2.0344757914e-02	2.0344757914e-02	2.0344757914e-02	2.9201856303e-02	2.9201856303e-02	2.9201856303e-02	2.9201856303e-02	3.4089150125e-02	3.4089150125e-02	3.4089150125e-02	3.7738710116e-02	3.8769037784e-02	3.8769037784e-02	3.8769037784e-02	4.2948082184e-02	4.2948082184e-02	4.2948082184e-02	4.5805164658e-02	4.5805164658e-02	4.7645255898e-02	4.7645255898e-02	4.7645255898e-02	5.2456515742e-02	5.3620219495e-02	5.3620219495e-02	5.3620219495e-02	5.5961141382e-02	5.7342822663e-02	5.7342822663e-02	5.9421294239e-02	6.0933296197e-02	6.0933296197e-02	6.0933296197e-02	6.2629273613e-02	6.4253705940e-02	6.4253705940e-02	6.6715332027e-02	6.6715332027e-02	6.8794573898e-02	6.8794573898e-02	6.8794573898e-02	7.2112621420e-02	7.4239986973e-02	
11	0.0	1.4965152381e-02	1.4630765672e-02	1.4955283914e-02	1.4955283914e-02	1.4955283914e-02	1.4955283914e-02	1.3682253055e-02	1.3682253055e-02	1.3682253055e-02	1.3682253055e-02	9.8616421294e-03	9.8616421294e-03	9.8616421294e-03	9.8616421294e-03	7.0466349982e-03	7.0466349982e-03	7.0466349982e-03	7.0466349982e-03	4.3424461823e-03	4.3424461823e-03	4.3424461823e-03	4.1264457908e-03	1.9844380373e-03	1.9844380373e-03	1.9844380373e-03	2.5742744742e-04	2.5742744742e-04	2.5742744742e-04	2.5742744742e-04	-6.3162554981e-04	-6.3162554981e-04	-6.3162554981e-04	-6.3162554981e-04	-5.2992684558e-04	-5.2992684558e-04	-5.2992684558e-04	-5.2992684558e-04	6.5932431614e-04	6.5932431614e-04	6.5932431614e-04	6.5932431614e-04	2.9553934202e-03	2.9553934202e-03	2.9553934202e-03	6.0412179108e-03	6.2891395405e-03	6.2891395405e-03	6.2891395405e-03	1.0486170591e-02	1.0486170591e-02	1.0486170591e-02	1.0486170591e-02	1.5152202262e-02	1.5152202262e-02	1.5152202262e-02	1.9162636105e-02	1.9782865137e-02	1.9782865137e-02	1.9782865137e-02	1.9782865137e-02	2.8815383426e-02	2.8815383426e-02	2.8815383426e-02	2.8815383426e-02	3.3804130999e-02	3.3804130999e-02	3.3804130999e-02	3.7534757976e-02	3.8569889000e-02	3.8569889000e-02	3.8569889000e-02	4.2822620987e-02	4.2822620987e-02	4.2822620987e-02	4.5750292603e-02	4.5750292603e-02	4.7584531782e-02	4.7584531782e-02	4.7584531782e-02	5.2475647570e-02	5.3656298516e-02	5.3656298516e-02	5.3656298516e-02	5.6042663689e-02	5.7442229655e-02	5.7442229655e-02	5.9565928790e-02	6.1095987037e-02	6.1095987037e-02	6.1095987037e-02	6.2823164312e-02	6.4461552844e-02	6.4461552844e-02	6.6923350953e-02	6.6923350953e-02	6.9007749390e-02	6.9007749390e-02	6.9007749390e-02	7.2325320900e-02	7.4450277223e-02	
12	0.0	1.4874541653e-02	1.4774058683e-02	1.4789692743e-02	1.4789692743e-02	1.4789692743e-02	1.4789692743e-02	1.3306233367e-02	1.3306233367e-02	1.3306233367e-02	1.3306233367e-02	9.2385039649e-03	9.2385039649e-03	9.2385039649e-03	9.2385039649e-03	6.2895646986e-03	6.2895646986e-03	6.2895646986e-03	6.2895646986e-03	3.4795584964e-03	3.4795584964e-03	3.4795584964e-03	3.2445890999e-03	1.0470343673e-03	1.0470343673e-03	1.0470343673e-03	-7.2886815755e-04	-7.2886815755e-04	-7.2886815755e-04	-7.2886815755e-04	-1.6435975127e-03	-1.6435975127e-03	-1.6435975127e-03	-1.6435975127e-03	-1.5438306966e-03	-1.5438306966e-03	-1.5438306966e-03	-1.5438306966e-03	-3.3293442601e-04	-3.3293442601e-04	-3.3293442601e-04	-3.3293442601e-04	2.0076872785e-03	2.0076872785e-03	2.0076872785e-03	5.1519069983e-03	5.4019261322e-03	5.4019261322e-03	5.4019261322e-03	9.6712118740e-03	9.6712118740e-03	9.6712118740e-03	9.6712118740e-03	1.4419544897e-02	1.4419544897e-02	1.4419544897e-02	1.8511748251e-02	1.9136309022e-02	1.9136309022e-02	1.9136309022e-02	1.9136309022e-02	2.8301285822e-02	2.8301285822e-02	2.8301285822e-02	2.8301285822e-02	3.3369221829e-02	3.3369221829e-02	3.3369221829e-02	3.7170640620e-02	3.8207911742e-02	3.8207911742e-02	3.8207911742e-02	4.2521312179e-02	4.2521312179e-02	4.2521312179e-02	4.5508977214e-02	4.5508977214e-02	4.7331666319e-02	4.7331666319e-02	4.7331666319e-02	5.2296945939e-02	5.3489136903e-02	5.3489136903e-02	5.3489136903e-02	5.5911415281e-02	5.7322806593e-02	5.7322806593e-02	5.9479627520e-02	6.1020896164e-02	6.1020896164e-02	6.1020896164e-02	6.2770755260e-02	6.4416309265e-02	6.4416309265e-02	6.6880553452e-02	6.6880553452e-02	6.8962343298e-02	6.8962343298e-02	6.8962343298e-02	7.2285179657e-02	7.4396410745e-02	
13	0.0	1.4796663194e-02	1.4925342830e-02	1.4639280491e-02	1.4639280491e-02	1.4639280491e-02	1.4639280491e-02	1.2940875849e-02	1.2940875849e-02	1.2940875849e-02	1.2940875849e-02	8.6120610053e-03	8.6120610053e-03	8.6120610053e-03	8.6120610053e-03	5.5329105892e-03	5.5329105892e-03	5.5329105892e-03	5.5329105892e-03	2.6210541753e-03	2.6210541753e-03	2.6210541753e-03	2.3696232597e-03	1.1560079059e-04	1.1560079059e-04	1.1560079059e-04	-1.7087300819e-03	-1.7087300819e-03	-1.7087300819e-03	-1.7087300819e-03	-2.6485768496e-03	-2.6485768496e-03	-2.6485768496e-03	-2.6485768496e-03	-2.5496458302e-03	-2.5496458302e-03	-2.5496458302e-03	-2.5496458302e-03	-1.3163857168e-03	-1.3163857168e-03	-1.3163857168e-03	-1.3163857168e-03	1.0683488603e-03	1.0683488603e-03	1.0683488603e-03	4.2713977795e-03	4.5235781384e-03	4.5235781384e-03	4.5235781384e-03	8.8635548117e-03	8.8635548117e-03	8.8635548117e-03	8.8635548117e-03	1.3684128625e-02	1.3684128625e-02	1.3684128625e-02	1.7840685016e-02	1.8468467910e-02	1.8468467910e-02	1.8468467910e-02	1.8468467910e-02	2.7768311634e-02	2.7768311634e-02	2.7768311634e-02	2.7768311634e-02	3.2909097648e-02	3.2909097648e-02	3.2909097648e-02	3.6778068520e-02	3.7815124581e-02	3.7815124581e-02	3.7815124581e-02	4.2181594335e-02	4.2181594335e-02	4.2181594335e-02	4.5221854617e-02	4.5221854617e-02	4.7029100961e-02	4.7029100961e-02	4.7029100961e-02	5.2063992294e-02	5.3264133125e-02	5.3264133125e-02	5.3264133125e-02	5.5715006338e-02	5.7134450161e-02	5.7134450161e-02	5.9314485770e-02	6.0862771500e-02	6.0862771500e-02	6.0862771500e-02	6.2627101724e-02	6.4275531038e-02	6.4275531038e-02	6.6735863114e-02	6.6735863114e-02	6.8810124020e-02	6.8810124020e-02	6.8810124020e-02	7.2118704590e-02	7.4210831770e-02	
14	0.0	1.4723953328e-02	1.5065079368e-02	1.4485029866e-02	1.4485029866e-02	1.4485029866e-02	1.4485029866e-02	1.2571181190e-02	1.2571181190e-02	1.2571181190e-02	1.2571181190e-02	7.9747246219e-03	7.9747246219e-03	7.9747246219e-03	7.9747246219e-03	4.7682469048e-03	4.7682469048e-03	4.7682469048e-03	4.7682469048e-03	1.7597231438e-03	1.7597231438e-03	1.7597231438e-03	1.4919955733e-03	-8.1599451721e-04	-8.1599451721e-04	-8.1599451721e-04	-2.6873695341e-03	-2.6873695341e-03	-2.6873695341e-03	-2.6873695341e-03	-3.6513635205e-03	-3.6513635205e-03	-3.6513635205e-03	-3.6513635205e-03	-3.5526292647e-03	-3.5526292647e-03	-3.5526292647e-03	-3.5526292647e-03	-2.2972824251e-03	-2.2972824251e-03	-2.2972824251e-03	-2.2972824251e-03	1.2959083985e-04	1.2959083985e-04	1.2959083985e-04	3.3887961886e-03	3.6429082202e-03	3.6429082202e-03	3.6429082202e-03	8.0495654331e-03	8.0495654331e-03	8.0495654331e-03	8.0495654331e-03	1.2933639515e-02	1.2933639515e-02	1.2933639515e-02	1.7141392722e-02	1.7770156146e-02	1.7770156146e-02	1.7770156146e-02	1.7770156146e-02	2.7184561671e-02	2.7184561671e-02	2.7184561671e-02	2.7184561671e-02	3.2377968544e-02	3.2377968544e-02	3.2377968544e-02	3.6295480728e-02	3.7327114722e-02	3.7327114722e-02	3.7327114722e-02	4.1722335889e-02	4.1722335889e-02	4.1722335889e-02	4.4796727338e-02	4.4796727338e-02	4.6574913425e-02	4.6574913425e-02	4.6574913425e-02	5.1660673021e-02	5.2865629965e-02	5.2865629965e-02	5.2865629965e-02	5.5332364045e-02	5.6756937929e-02	5.6756937929e-02	5.8946435467e-02	6.0498523362e-02	6.0498523362e-02	6.0498523362e-02	6.2267052129e-02	6.3914982412e-02	6.3914982412e-02	6.6364979418e-02	6.6364979418e-02	6.8427919010e-02	6.8427919010e-02	6.8427919010e-02	7.1714406971e-02	7.3784588475e-02	
15	0.0	1.4602909480e-02	1.5146083842e-02	1.4260479773e-02	1.4260479773e-02	1.4260479773e-02	1.4260479773e-02	1.2123753102e-02	1.2123753102e-02	1.2123753102e-02	1.2123753102e-02	7.2483981671e-03	7.2483981671e-03	7.2483981671e-03	7.2483981671e-03	3.9117901242e-03	3.9117901242e-03	3.9117901242e-03	3.9117901242e-03	8.0518810313e-04	8.0518810313e-04	8.0518810313e-04	5.1794392616e-04	-1.8431167048e-03	-1.8431167048e-03	-1.8431167048e-03	-3.7639854573e-03	-3.7639854573e-03	-3.7639854573e-03	-3.7639854573e-03	-4.7535018434e-03	-4.7535018434e-03	-4.7535018434e-03	-4.7535018434e-03	-4.6554220999e-03	-4.6554220999e-03	-4.6554220999e-03	-4.6554220999e-03	-3.3777897447e-03	-3.3777897447e-03	-3.3777897447e-03	-3.3777897447e-03	-9.0906107172e-04	-9.0906107172e-04	-9.0906107172e-04	2.4048905927e-03	2.6614608849e-03	2.6614608849e-03	2.6614608849e-03	7.1329732065e-03	7.1329732065e-03	7.1329732065e-03	7.1329732065e-03	1.2077187002e-02	1.2077187002e-02	1.2077187002e-02	1.6330187079e-02	1.6960411996e-02	1.6960411996e-02	1.6960411996e-02	1.6960411996e-02	2.6469225564e-02	2.6469225564e-02	2.6469225564e-02	2.6469225564e-02	3.1702082098e-02	3.1702082098e-02	3.1702082098e-02	3.5652237908e-02	3.6679539562e-02	3.6679539562e-02	3.6679539562e-02	4.1090917350e-02	4.1090917350e-02	4.1090917350e-02	4.4186334167e-02	4.4186334167e-02	4.5936195490e-02	4.5936195490e-02	4.5936195490e-02	5.1066626443e-02	5.2276680052e-02	5.2276680052e-02	5.2276680052e-02	5.4755022146e-02	5.6183252684e-02	5.6183252684e-02	5.8377887187e-02	5.9930051391e-02	5.9930051391e-02	5.9930051391e-02	6.1700767546e-02	6.3342619317e-02	6.3342619317e-02	6.5785495132e-02	6.5785495132e-02	6.7829248171e-02	6.7829248171e-02	6.7829248171e-02	7.1105625495e-02	7.3146741332e-02	
16	0.0	1.4498868265e-02	1.5234646628e-02	1.4056744725e-02	1.4056744725e-02	1.4056744725e-02	1.4056744725e-02	1.1705477079e-02	1.1705477079e-02	1.1705477079e-02	1.1705477079e-02	6.5604966221e-03	6.5604966221e-03	6.5604966221e-03	6.5604966221e-03	3.1016672296e-03	3.1016672296e-03	3.1016672296e-03	3.1016672296e-03	-9.7884564186e-05	-9.7884564186e-05	-9.7884564186e-05	-4.0372976577e-04	-2.8150839542e-03	-2.8150839542e-03	-2.8150839542e-03	-4.7827560761e-03	-4.7827560761e-03	-4.7827560761e-03	-4.7827560761e-03	-5.7960738458e-03	-5.7960738458e-03	-5.7960738458e-03	-5.7960738458e-03	-5.6982322371e-03	-5.6982322371e-03	-5.6982322371e-03	-5.6982322371e-03	-4.3989005081e-03	-4.3989005081e-03	-4.3989005081e-03	-4.3989005081e-03	-1.8902206456e-03	-1.8902206456e-03	-1.8902206456e-03	1.4752176982e-03	1.7341416713e-03	1.7341416713e-03	1.7341416713e-03	6.2654426218e-03	6.2654426218e-03	6.2654426218e-03	6.2654426218e-03	1.1263783155e-02	1.1263783155e-02	1.1263783155e-02	1.5554684151e-02	1.6187181073e-02	1.6187181073e-02	1.6187181073e-02	1.6187181073e-02	2.5775992567e-02	2.5775992567e-02	2.5775992567e-02	2.5775992567e-02	3.1040760996e-02	3.1040760996e-02	3.1040760996e-02	3.5013073348e-02	3.6038262839e-02	3.6038262839e-02	3.6038262839e-02	4.0458590121e-02	4.0458590121e-02	4.0458590121e-02	4.3566218033e-02	4.3566218033e-02	4.5290087443e-02	4.5290087443e-02	4.5290087443e-02	5.0458219991e-02	5.1671216001e-02	5.1671216001e-02	5.1671216001e-02	5.4158907990e-02	5.5587638884e-02	5.5587638884e-02	5.7784895806e-02	5.9332776916e-02	5.9332776916e-02	5.9332776916e-02	6.1104116871e-02	6.2733794985e-02	6.2733794985e-02	6.5173388012e-02	6.5173388012e-02	6.7189340943e-02	6.7189340943e-02	6.7189340943e-02	7.0463839990e-02	7.2469422842e-02	
17	0.0	1.4394993673e-02	1.5308662583e-02	1.3838982243e-02	1.3838982243e-02	1.3838982243e-02	1.3838982243e-02	1.1272261489e-02	1.1272261489e-02	1.1272261489e-02	1.1272261489e-02	5.8593410123e-03	5.8593410123e-03	5.8593410123e-03	5.8593410123e-03	2.2825090524e-03	2.2825090524e-03	2.2825090524e-03	2.2825090524e-03	-1.0082429146e-03	-1.0082429146e-03	-1.0082429146e-03	-1.3325144951e-03	-3.7928936465e-03	-3.7928936465e-03	-3.7928936465e-03	-5.8058636294e-03	-5.8058636294e-03	-5.8058636294e-03	-5.8058636294e-03	-6.8420438849e-03	-6.8420438849e-03	-6.8420438849e-03	-6.8420438849e-03	-6.7445552851e-03	-6.7445552851e-03	-6.7445552851e-03	-6.7445552851e-03	-5.4243719818e-03	-5.4243719818e-03	-5.4243719818e-03	-5.4243719818e-03	-2.8771605777e-03	-2.8771605777e-03	-2.8771605777e-03	5.3744770380e-04	7.9899065431e-04	7.9899065431e-04	7.9899065431e-04	5.3870340240e-03	5.3870340240e-03	5.3870340240e-03	5.3870340240e-03	1.0435449293e-02	1.0435449293e-02	1.0435449293e-02	1.4758177021e-02	1.5395222832e-02	1.5395222832e-02	1.5395222832e-02	1.5395222832e-02	2.5056642835e-02	2.5056642835e-02	2.5056642835e-02	2.5056642835e-02	3.0351851796e-02	3.0351851796e-02	3.0351851796e-02	3.4340164775e-02	3.5368193981e-02	3.5368193981e-02	3.5368193981e-02	3.9799013616e-02	3.9799013616e-02	3.9799013616e-02	4.2913271037e-02	4.2913271037e-02	4.4626377107e-02	4.4626377107e-02	4.4626377107e-02	4.9819328734e-02	5.1033542522e-02	5.1033542522e-02	5.1033542522e-02	5.3526669061e-02	5.4952970288e-02	5.4952970288e-02	5.7149811131e-02	5.8689808949e-02	5.8689808949e-02	5.8689808949e-02	6.0459447866e-02	6.2072403541e-02	6.2072403541e-02	6.4511721289e-02	6.4511721289e-02	6.6493687222e-02	6.6493687222e-02	6.6493687222e-02	6.9770582481e-02	7.1737102039e-02	
18	0.0	1.4282847306e-02	1.5350906078e-02	1.3590290319e-02	1.3590290319e-02	1.3590290319e-02	1.3590290319e-02	1.0808298264e-02	1.0808298264e-02	1.0808298264e-02	1.0808298264e-02	5.1308957491e-03	5.1308957491e-03	5.1308957491e-03	5.1308957491e-03	1.4400310014e-03	1.4400310014e-03	1.4400310014e-03	1.4400310014e-03	-1.9400061907e-03	-1.9400061907e-03	-1.9400061907e-03	-2.2818511662e-03	-4.7903849180e-03	-4.7903849180e-03	-4.7903849180e-03	-6.8468472521e-03	-6.8468472521e-03	-6.8468472521e-03	-6.8468472521e-03	-7.9045998318e-03	-7.9045998318e-03	-7.9045998318e-03	-7.9045998318e-03	-7.8073034086e-03	-7.8073034086e-03	-7.8073034086e-03	-7.8073034086e-03	-6.4668203248e-03	-6.4668203248e-03	-6.4668203248e-03	-6.4668203248e-03	-3.8818901969e-03	-3.8818901969e-03	-3.8818901969e-03	-4.1877457904e-04	-1.5451745675e-04	-1.5451745675e-04	-1.5451745675e-04	4.4896542981e-03	4.4896542981e-03	4.4896542981e-03	4.4896542981e-03	9.5874482632e-03	9.5874482632e-03	9.5874482632e-03	1.3942756280e-02	1.4584921168e-02	1.4584921168e-02	1.4584921168e-02	1.4584921168e-02	2.4319010438e-02	2.4319010438e-02	2.4319010438e-02	2.4319010438e-02	2.9644271747e-02	2.9644271747e-02	2.9644271747e-02	3.3646600109e-02	3.4677910893e-02	3.4677910893e-02	3.4677910893e-02	3.9118161850e-02	3.9118161850e-02	3.9118161850e-02	4.2236481705e-02	4.2236481705e-02	4.3944185251e-02	4.3944185251e-02	4.3944185251e-02	4.9144806553e-02	5.0356349239e-02	5.0356349239e-02	5.0356349239e-02	5.2849437223e-02	5.4269729090e-02	5.4269729090e-02	5.6462798881e-02	5.7992172368e-02	5.7992172368e-02	5.7992172368e-02	5.9757841281e-02	6.1351715971e-02	6.1351715971e-02	6.3792669700e-02	6.3792669700e-02	6.5738418306e-02	6.5738418306e-02	6.5738418306e-02	6.9017937705e-02	7.0946130057e-02	
19	0.0	1.4183200188e-02	1.5398312935e-02	1.3358635875e-02	1.3358635875e-02	1.3358635875e-02	1.3358635875e-02	1.0368578739e-02	1.0368578739e-02	1.0368578739e-02	1.0368578739e-02	4.4345823327e-03	4.4345823327e-03	4.4345823327e-03	4.4345823327e-03	6.3536351857e-04	6.3536351857e-04	6.3536351857e-04	6.3536351857e-04	-2.8295325928e-03	-2.8295325928e-03	-2.8295325928e-03	-3.1868014449e-03	-5.7418180183e-03	-5.7418180183e-03	-5.7418180183e-03	-7.8387835973e-03	-7.8387835973e-03	-7.8387835973e-03	-7.8387835973e-03	-8.9165131300e-03	-8.9165131300e-03	-8.9165131300e-03	-8.9165131300e-03	-8.8191108355e-03	-8.8191108355e-03	-8.8191108355e-03	-8.8191108355e-03	-7.4594353538e-03	-7.4594353538e-03	-7.4594353538e-03	-7.4594353538e-03	-4.8387658645e-03	-4.8387658645e-03	-4.8387658645e-03	-1.3292718747e-03	-1.0626098642e-03	-1.0626098642e-03	-1.0626098642e-03	3.6352567836e-03	3.6352567836e-03	3.6352567836e-03	3.6352567836e-03	8.7800963189e-03	8.7800963189e-03	8.7800963189e-03	1.3167419031e-02	1.3814299345e-02	1.3814299345e-02	1.3814299345e-02	1.3814299345e-02	2.3620079646e-02	2.3620079646e-02	2.3620079646e-02	2.3620079646e-02	2.8975111559e-02	2.8975111559e-02	2.8975111559e-02	3.2990206243e-02	3.4025259382e-02	3.4025259382e-02	3.4025259382e-02	3.8473713050e-02	3.8473713050e-02	3.8473713050e-02	4.1594559305e-02	4.1594559305e-02	4.3299618023e-02	4.3299618023e-02	4.3299618023e-02	4.8501013238e-02	4.9707357075e-02	4.9707357075e-02	4.9707357075e-02	5.2198399709e-02	5.3610159072e-02	5.3610159072e-02	5.5798538939e-02	5.7314969853e-02	5.7314969853e-02	5.7314969853e-02	5.9076004805e-02	6.0648715431e-02	6.0648715431e-02	6.3093291192e-02	6.3093291192e-02	6.5001820886e-02	6.5001820886e-02	6.5001820886e-02	6.8285114148e-02	7.0177865318e-02	
20	0.0	1.4087003210e-02	1.5445681772e-02	1.3132348218e-02	1.3132348218e-02	1.3132348218e-02	1.3132348218e-02	9.9377232013e-03	9.9377232013e-03	9.9377232013e-03	9.9377232013e-03	3.7512560168e-03	3.7512560168e-03	3.7512560168e-03	3.7512560168e-03	-1.5263621350e-04	-1.5263621350e-04	-1.5263621350e-04	-1.5263621350e-04	-3.6991243482e-03	-3.6991243482e-03	-3.6991243482e-03	-4.0707224850e-03	-6.6706110935e-03	-6.6706110935e-03	-6.6706110935e-03	-8.8060337178e-03	-8.8060337178e-03	-8.8060337178e-03	-8.8060337178e-03	-9.9026567192e-03	-9.9026567192e-03	-9.9026567192e-03	-9.9026567192e-03	-9.8051311739e-03	-9.8051311739e-03	-9.8051311739e-03	-9.8051311739e-03	-8.4275157163e-03	-8.4275157163e-03	-8.4275157163e-03	-8.4275157163e-03	-5.7733796178e-03	-5.7733796178e-03	-5.7733796178e-03	-2.2202928466e-03	-1.9514567207e-03	-1.9514567207e-03	-1.9514567207e-03	2.7971283002e-03	2.7971283002e-03	2.7971283002e-03	2.7971283002e-03	7.9864659451e-03	7.9864659451e-03	7.9864659451e-03	1.2404233311e-02	1.3055771530e-02	1.3055771530e-02	1.3055771530e-02	1.3055771530e-02	2.2932982539e-02	2.2932982539e-02	2.2932982539e-02	2.2932982539e-02	2.8318188946e-02	2.8318188946e-02	2.8318188946e-02	3.2345042882e-02	3.3385349191e-02	3.3385349191e-02	3.3385349191e-02	3.7842118771e-02	3.7842118771e-02	3.7842118771e-02	4.0964099743e-02	4.0964099743e-02	4.2671040584e-02	4.2671040584e-02	4.2671040584e-02	4.7876936830e-02	4.9078564326e-02	4.9078564326e-02	4.9078564326e-02	5.1568060853e-02	5.2972335617e-02	5.2972335617e-02	5.5155271041e-02	5.6660491771e-02	5.6660491771e-02	5.6660491771e-02	5.8415879281e-02	5.9970558879e-02	5.9970558879e-02	6.2417970240e-02	6.2417970240e-02	6.4296664649e-02	6.4296664649e-02	6.4296664649e-02	6.7580769526e-02	6.9447084987e-02	
21	0.0	1.3996803399e-02	1.5515920739e-02	1.2932125394e-02	1.2932125394e-02	1.2932125394e-02	1.2932125394e-02	9.5344852195e-03	9.5344852195e-03	9.5344852195e-03	9.5344852195e-03	3.0974824015e-03	3.0974824015e-03	3.0974824015e-03	3.0974824015e-03	-9.0952667658e-04	-9.0952667658e-04	-9.0952667658e-04	-9.0952667658e-04	-4.5360038514e-03	-4.5360038514e-03	-4.5360038514e-03	-4.9220922565e-03	-7.5653356612e-03	-7.5653356612e-03	-7.5653356612e-03	-9.7382018043e-03	-9.7382018043e-03	-9.7382018043e-03	-9.7382018043e-03	-1.0853257000e-02	-1.0853257000e-02	-1.0853257000e-02	-1.0853257000e-02	-1.0755884113e-02	-1.0755884113e-02	-1.0755884113e-02	-1.0755884113e-02	-9.3614609179e-03	-9.3614609179e-03	-9.3614609179e-03	-9.3614609179e-03	-6.6758335354e-03	-6.6758335354e-03	-6.6758335354e-03	-3.0817713390e-03	-2.8107218841e-03	-2.8107218841e-03	-2.8107218841e-03	1.9860536932e-03	1.9860536932e-03	1.9860536932e-03	1.9860536932e-03	7.2181086263e-03	7.2181086263e-03	7.2181086263e-03	1.1665125579e-02	1.2321442324e-02	1.2321442324e-02	1.2321442324e-02	1.2321442324e-02	2.2270631293e-02	2.2270631293e-02	2.2270631293e-02	2.2270631293e-02	2.7687113619e-02	2.7687113619e-02	2.7687113619e-02	3.1726680845e-02	3.2773313610e-02	3.2773313610e-02	3.2773313610e-02	3.7241081845e-02	3.7241081845e-02	3.7241081845e-02	4.0365657865e-02	4.0365657865e-02	4.2079309929e-02	4.2079309929e-02	4.2079309929e-02	4.7291394264e-02	4.8489399198e-02	4.8489399198e-02	4.8489399198e-02	5.0977131935e-02	5.2375352198e-02	5.2375352198e-02	5.4551749731e-02	5.6047674450e-02	5.6047674450e-02	5.6047674450e-02	5.7796453679e-02	5.9336326512e-02	5.9336326512e-02	6.1782734810e-02	6.1782734810e-02	6.3638463807e-02	6.3638463807e-02	6.3638463807e-02	6.6916900220e-02	6.8763933151e-02	
22	0.0	1.3882394980e-02	1.5551557898e-02	1.2699948827e-02	1.2699948827e-02	1.2699948827e-02	1.2699948827e-02	9.1020049269e-03	9.1020049269e-03	9.1020049269e-03	9.1020049269e-03	2.4192428739e-03	2.4192428739e-03	2.4192428739e-03	2.4192428739e-03	-1.6870386428e-03	-1.6870386428e-03	-1.6870386428e-03	-1.6870386428e-03	-5.3900948409e-03	-5.3900948409e-03	-5.3900948409e-03	-5.7893554803e-03	-8.4746480267e-03	-8.4746480267e-03	-8.4746480267e-03	-1.0683181360e-02	-1.0683181360e-02	-1.0683181360e-02	-1.0683181360e-02	-1.1815775678e-02	-1.1815775678e-02	-1.1815775678e-02	-1.1815775678e-02	-1.1718545289e-02	-1.1718545289e-02	-1.1718545289e-02	-1.1718545289e-02	-1.0308173111e-02	-1.0308173111e-02	-1.0308173111e-02	-1.0308173111e-02	-7.5926706471e-03	-7.5926706471e-03	-7.5926706471e-03	-3.9601062277e-03	-3.6869902219e-03	-3.6869902219e-03	-3.6869902219e-03	1.1550047215e-03	1.1550047215e-03	1.1550047215e-03	1.1550047215e-03	6.4274570623e-03	6.4274570623e-03	6.4274570623e-03	1.0902626472e-02	1.1563440843e-02	1.1563440843e-02	1.1563440843e-02	1.1563440843e-02	2.1582272567e-02	2.1582272567e-02	2.1582272567e-02	2.1582272567e-02	2.7029704920e-02	2.7029704920e-02	2.7029704920e-02	3.1082987401e-02	3.2136007606e-02	3.2136007606e-02	3.2136007606e-02	3.6617003031e-02	3.6617003031e-02	3.6617003031e-02	3.9746325990e-02	3.9746325990e-02	4.1469924138e-02	4.1469924138e-02	4.1469924138e-02	4.6688942037e-02	4.7883533878e-02	4.7883533878e-02	4.7883533878e-02	5.0369401469e-02	5.1761847597e-02	5.1761847597e-02	5.3931116262e-02	5.5418122215e-02	5.5418122215e-02	5.5418122215e-02	5.7159335671e-02	5.8685451096e-02	5.8685451096e-02	6.1130787316e-02	6.1130787316e-02	6.2966405431e-02	6.2966405431e-02	6.2966405431e-02	6.6238045681e-02	6.8068806701e-02	
23	0.0	1.3774523112e-02	1.5594020492e-02	1.2483941769e-02	1.2483941769e-02	1.2483941769e-02	1.2483941769e-02	8.6922071984e-03	8.6922071984e-03	8.6922071984e-03	8.6922071984e-03	1.7759894932e-03	1.7759894932e-03	1.7759894932e-03	1.7759894932e-03	-2.4168762804e-03	-2.4168762804e-03	-2.4168762804e-03	-2.4168762804e-03	-6.1850059020e-03	-6.1850059020e-03	-6.1850059020e-03	-6.5910794795e-03	-9.3157242803e-03	-9.3157242803e-03	-9.3157242803e-03	-1.1553537961e-02	-1.1553537961e-02	-1.1553537961e-02	-1.1553537961e-02	-1.2699818296e-02	-1.2699818296e-02	-1.2699818296e-02	-1.2699818296e-02	-1.2601295056e-02	-1.2601295056e-02	-1.2601295056e-02	-1.2601295056e-02	-1.1175580778e-02	-1.1175580778e-02	-1.1175580778e-02	-1.1175580778e-02	-8.4326559389e-03	-8.4326559389e-03	-8.4326559389e-03	-4.7648921461e-03	-4.4905936400e-03	-4.4905936400e-03	-4.4905936400e-03	3.9138531511e-04	3.9138531511e-04	3.9138531511e-04	3.9138531511e-04	5.6993975209e-03	5.6993975209e-03	5.6993975209e-03	1.0200176140e-02	1.0864240603e-02	1.0864240603e-02	1.0864240603e-02	1.0864240603e-02	2.0945654924e-02	2.0945654924e-02	2.0945654924e-02	2.0945654924e-02	2.6421146265e-02	2.6421146265e-02	2.6421146265e-02	3.0488138723e-02	3.1546343181e-02	3.1546343181e-02	3.1546343181e-02	3.6040650956e-02	3.6040650956e-02	3.6040650956e-02	3.9176162598e-02	3.9176162598e-02	4.0910132570e-02	4.0910132570e-02	4.0910132570e-02	4.6135695082e-02	4.7325699735e-02	4.7325699735e-02	4.7325699735e-02	4.9809431560e-02	5.1195104155e-02	5.1195104155e-02	5.3356940579e-02	5.4834163608e-02	5.4834163608e-02	5.4834163608e-02	5.6566950912e-02	5.8079024654e-02	5.8079024654e-02	6.0522168859e-02	6.0522168859e-02	6.2338595112e-02	6.2338595112e-02	6.2338595112e-02	6.5602425527e-02	6.7418249960e-02	
24	0.0	1.3665316171e-02	1.5634617183e-02	1.2270434275e-02	1.2270434275e-02	1.2270434275e-02	1.2270434275e-02	8.2986236808e-03	8.2986236808e-03	8.2986236808e-03	8.2986236808e-03	1.1671379206e-03	1.1671379206e-03	1.1671379206e-03	1.1671379206e-03	-3.1115249744e-03	-3.1115249744e-03	-3.1115249744e-03	-3.1115249744e-03	-6.9450660020e-03	-6.9450660020e-03	-6.9450660020e-03	-7.3574457522e-03	-1.0122673320e-02	-1.0122673320e-02	-1.0122673320e-02	-1.2390299071e-02	-1.2390299071e-02	-1.2390299071e-02	-1.2390299071e-02	-1.3550496602e-02	-1.3550496602e-02	-1.3550496602e-02	-1.3550496602e-02	-1.3450827078e-02	-1.3450827078e-02	-1.3450827078e-02	-1.3450827078e-02	-1.2010038765e-02	-1.2010038765e-02	-1.2010038765e-02	-1.2010038765e-02	-9.2400849451e-03	-9.2400849451e-03	-9.2400849451e-03	-5.5381221984e-03	-5.2626849809e-03	-5.2626849809e-03	-5.2626849809e-03	-3.4257105266e-04	-3.4257105266e-04	-3.4257105266e-04	-3.4257105266e-04	4.9994007926e-03	4.9994007926e-03	4.9994007926e-03	9.5253770408e-03	1.0192548958e-02	1.0192548958e-02	1.0192548958e-02	1.0192548958e-02	2.0332643117e-02	2.0332643117e-02	2.0332643117e-02	2.0332643117e-02	2.5835879245e-02	2.5835879245e-02	2.5835879245e-02	2.9918352653e-02	3.0981818654e-02	3.0981818654e-02	3.0981818654e-02	3.5492265544e-02	3.5492265544e-02	3.5492265544e-02	3.8636700938e-02	3.8636700938e-02	4.0383194788e-02	4.0383194788e-02	4.0383194788e-02	4.5617467466e-02	4.6803604116e-02	4.6803604116e-02	4.6803604116e-02	4.9286510329e-02	5.0666444275e-02	5.0666444275e-02	5.2822314880e-02	5.4291024141e-02	5.4291024141e-02	5.4291024141e-02	5.6016444743e-02	5.7516283748e-02	5.7516283748e-02	5.9956612938e-02	5.9956612938e-02	6.1756948855e-02	6.1756948855e-02	6.1756948855e-02	6.5012772675e-02	6.6817045930e-02	
25	0.0	1.3532028326e-02	1.5647031487e-02	1.2022890462e-02	1.2022890462e-02	1.2022890462e-02	1.2022890462e-02	7.8863874031e-03	7.8863874031e-03	7.8863874031e-03	7.8863874031e-03	5.6414496284e-04	5.6414496284e-04	5.6414496284e-04	5.6414496284e-04	-3.7926836853e-03	-3.7926836853e-03	-3.7926836853e-03	-3.7926836853e-03	-7.6867420180e-03	-7.6867420180e-03	-7.6867420180e-03	-8.1046906201e-03	-1.0907696117e-02	-1.0907696117e-02	-1.0907696117e-02	-1.3202761819e-02	-1.3202761819e-02	-1.3202761819e-02	-1.3202761819e-02	-1.4375691192e-02	-1.4375691192e-02	-1.4375691192e-02	-1.4375691192e-02	-1.4274912379e-02	-1.4274912379e-02	-1.4274912379e-02	-1.4274912379e-02	-1.2820259585e-02	-1.2820259585e-02	-1.2820259585e-02	-1.2820259585e-02	-1.0025487688e-02	-1.0025487688e-02	-1.0025487688e-02	-6.2921773730e-03	-6.0159720875e-03	-6.0159720875e-03	-6.0159720875e-03	-1.0621308692e-03	-1.0621308692e-03	-1.0621308692e-03	-1.0621308692e-03	4.3090914427e-03	4.3090914427e-03	4.3090914427e-03	8.8571204309e-03	9.5266523753e-03	9.5266523753e-03	9.5266523753e-03	9.5266523753e-03	1.9716759368e-02	1.9716759368e-02	1.9716759368e-02	1.9716759368e-02	2.5244015369e-02	2.5244015369e-02	2.5244015369e-02	2.9340918050e-02	3.0408874759e-02	3.0408874759e-02	3.0408874759e-02	3.4934855539e-02	3.4934855539e-02	3.4934855539e-02	3.8088555948e-02	3.8088555948e-02	3.9848194110e-02	3.9848194110e-02	3.9848194110e-02	4.5090943409e-02	4.6273583181e-02	4.6273583181e-02	4.6273583181e-02	4.8755820949e-02	5.0130820899e-02	5.0130820899e-02	5.2281164326e-02	5.3742588012e-02	5.3742588012e-02	5.3742588012e-02	5.5461050452e-02	5.6950485696e-02	5.6950485696e-02	5.9385775116e-02	5.9385775116e-02	6.1173044981e-02	6.1173044981e-02	6.1173044981e-02	6.4417402362e-02	6.6213552284e-02	
26	0.0	1.3391820571e-02	1.5655048684e-02	1.1767817282e-02	1.1767817282e-02	1.1767817282e-02	1.1767817282e-02	7.4694505997e-03	7.4694505997e-03	7.4694505997e-03	7.4694505997e-03	-4.0613221301e-05	-4.0613221301e-05	-4.0613221301e-05	-4.0613221301e-05	-4.4794104868e-03	-4.4794104868e-03	-4.4794104868e-03	-4.4794104868e-03	-8.4385697411e-03	-8.4385697411e-03	-8.4385697411e-03	-8.8637127423e-03	-1.1706105841e-02	-1.1706105841e-02	-1.1706105841e-02	-1.4030591005e-02	-1.4030591005e-02	-1.4030591005e-02	-1.4030591005e-02	-1.5217336981e-02	-1.5217336981e-02	-1.5217336981e-02	-1.5217336981e-02	-1.5115904335e-02	-1.5115904335e-02	-1.5115904335e-02	-1.5115904335e-02	-1.3647526871e-02	-1.3647526871e-02	-1.3647526871e-02	-1.3647526871e-02	-1.0828008154e-02	-1.0828008154e-02	-1.0828008154e-02	-7.0635381524e-03	-6.7866053221e-03	-6.7866053221e-03	-6.7866053221e-03	-1.7997229762e-03	-1.7997229762e-03	-1.7997229762e-03	-1.7997229762e-03	3.5999721616e-03	3.5999721616e-03	3.5999721616e-03	8.1699510242e-03	8.8417781904e-03	8.8417781904e-03	8.8417781904e-03	8.8417781904e-03	1.9078968023e-02	1.9078968023e-02	1.9078968023e-02	1.9078968023e-02	2.4629926635e-02	2.4629926635e-02	2.4629926635e-02	2.8742626976e-02	2.9815040688e-02	2.9815040688e-02	2.9815040688e-02	3.4358499145e-02	3.4358499145e-02	3.4358499145e-02	3.7523469438e-02	3.7523469438e-02	3.9297498527e-02	3.9297498527e-02	3.9297498527e-02	4.4551698806e-02	4.5731917048e-02	4.5731917048e-02	4.5731917048e-02	4.8215450212e-02	4.9587002858e-02	4.9587002858e-02	5.1734090388e-02	5.3190183832e-02	5.3190183832e-02	5.3190183832e-02	5.4903793855e-02	5.6385385037e-02	5.6385385037e-02	5.8816041031e-02	5.8816041031e-02	6.0594019886e-02	6.0594019886e-02	6.0594019886e-02	6.3827609435e-02	6.5619442751e-02	
27	0.0	1.3248960253e-02	1.5679544345e-02	1.1526493522e-02	1.1526493522e-02	1.1526493522e-02	1.1526493522e-02	7.0800238911e-03	7.0800238911e-03	7.0800238911e-03	7.0800238911e-03	-6.0077859284e-04	-6.0077859284e-04	-6.0077859284e-04	-6.0077859284e-04	-5.1210915661e-03	-5.1210915661e-03	-5.1210915661e-03	-5.1210915661e-03	-9.1447658114e-03	-9.1447658114e-03	-9.1447658114e-03	-9.5753600203e-03	-1.2457554548e-02	-1.2457554548e-02	-1.2457554548e-02	-1.4809974760e-02	-1.4809974760e-02	-1.4809974760e-02	-1.4809974760e-02	-1.6009446243e-02	-1.6009446243e-02	-1.6009446243e-02	-1.6009446243e-02	-1.5906783474e-02	-1.5906783474e-02	-1.5906783474e-02	-1.5906783474e-02	-1.4424767886e-02	-1.4424767886e-02	-1.4424767886e-02	-1.4424767886e-02	-1.1581445355e-02	-1.1581445355e-02	-1.1581445355e-02	-7.7868905945e-03	-7.5098708323e-03	-7.5098708323e-03	-7.5098708323e-03	-2.4924604123e-03	-2.4924604123e-03	-2.4924604123e-03	-2.4924604123e-03	2.9328256114e-03	2.9328256114e-03	2.9328256114e-03	7.5231902453e-03	8.1962842182e-03	8.1962842182e-03	8.1962842182e-03	8.1962842182e-03	1.8475069273e-02	1.8475069273e-02	1.8475069273e-02	1.8475069273e-02	2.4047005831e-02	2.4047005831e-02	2.4047005831e-02	2.8174961059e-02	2.9250657092e-02	2.9250657092e-02	2.9250657092e-02	3.3810590809e-02	3.3810590809e-02	3.3810590809e-02	3.6987101725e-02	3.6987101725e-02	3.8774637251e-02	3.8774637251e-02	3.8774637251e-02	4.4041461273e-02	4.5219389277e-02	4.5219389277e-02	4.5219389277e-02	4.7705322129e-02	4.9074010269e-02	4.9074010269e-02	5.1219378480e-02	5.2671273661e-02	5.2671273661e-02	5.2671273661e-02	5.4381675625e-02	5.5857367042e-02	5.5857367042e-02	5.8284418250e-02	5.8284418250e-02	6.0056181760e-02	6.0056181760e-02	6.0056181760e-02	6.3281141265e-02	6.5071220370e-02	
28	0.0	1.3158042714e-02	1.5751072802e-02	1.1362323027e-02	1.1362323027e-02	1.1362323027e-02	1.1362323027e-02	6.7987778309e-03	6.7987778309e-03	6.7987778309e-03	6.7987778309e-03	-1.0201657968e-03	-1.0201657968e-03	-1.0201657968e-03	-1.0201657968e-03	-5.6118272052e-03	-5.6118272052e-03	-5.6118272052e-03	-5.6118272052e-03	-9.6912805598e-03	-9.6912805598e-03	-9.6912805598e-03	-1.0121785582e-02	-1.3042375163e-02	-1.3042375163e-02	-1.3042375163e-02	-1.5417987950e-02	-1.5417987950e-02	-1.5417987950e-02	-1.5417987950e-02	-1.6627380212e-02	-1.6627380212e-02	-1.6627380212e-02	-1.6627380212e-02	-1.6522202181e-02	-1.6522202181e-02	-1.6522202181e-02	-1.6522202181e-02	-1.5026633904e-02	-1.5026633904e-02	-1.5026633904e-02	-1.5026633904e-02	-1.2160865770e-02	-1.2160865770e-02	-1.2160865770e-02	-8.3376499419e-03	-8.0616557387e-03	-8.0616557387e-03	-8.0616557387e-03	-3.0172791297e-03	-3.0172791297e-03	-3.0172791297e-03	-3.0172791297e-03	2.4295227512e-03	2.4295227512e-03	2.4295227512e-03	7.0385035577e-03	7.7107580548e-03	7.7107580548e-03	7.7107580548e-03	7.7107580548e-03	1.8024522715e-02	1.8024522715e-02	1.8024522715e-02	1.8024522715e-02	2.3613195341e-02	2.3613195341e-02	2.3613195341e-02	2.7755070290e-02	2.8831547023e-02	2.8831547023e-02	2.8831547023e-02	3.3404822021e-02	3.3404822021e-02	3.3404822021e-02	3.6592329120e-02	3.6592329120e-02	3.8390296133e-02	3.8390296133e-02	3.8390296133e-02	4.3670633854e-02	4.4845489429e-02	4.4845489429e-02	4.4845489429e-02	4.7335110328e-02	4.8700643988e-02	4.8700643988e-02	5.0846013862e-02	5.2294144093e-02	5.2294144093e-02	5.2294144093e-02	5.4003243050e-02	5.5474502225e-02	5.5474502225e-02	5.7900197810e-02	5.7900197810e-02	5.9667702499e-02	5.9667702499e-02	5.9667702499e-02	6.2888498004e-02	6.4677469495e-02	
29	0.0	1.3034075602e-02	1.5752999584e-02	1.1115855430e-02	1.1115855430e-02	1.1115855430e-02	1.1115855430e-02	6.4291147946e-03	6.4291147946e-03	6.4291147946e-03	6.4291147946e-03	-1.5424516487e-03	-1.5424516487e-03	-1.5424516487e-03	-1.5424516487e-03	-6.2149496782e-03	-6.2149496782e-03	-6.2149496782e-03	-6.2149496782e-03	-1.0358528067e-02	-1.0358528067e-02	-1.0358528067e-02	-1.0793577318e-02	-1.3754314490e-02	-1.3754314490e-02	-1.3754314490e-02	-1.6157880558e-02	-1.6157880558e-02	-1.6157880558e-02	-1.6157880558e-02	-1.7380240351e-02	-1.7380240351e-02	-1.7380240351e-02	-1.7380240351e-02	-1.7274055050e-02	-1.7274055050e-02	-1.7274055050e-02	-1.7274055050e-02	-1.5765198421e-02	-1.5765198421e-02	-1.5765198421e-02	-1.5765198421e-02	-1.2876420956e-02	-1.2876420956e-02	-1.2876420956e-02	-9.0242006748e-03	-8.7487640813e-03	-8.7487640813e-03	-8.7487640813e-03	-3.6767580938e-03	-3.6767580938e-03	-3.6767580938e-03	-3.6767580938e-03	1.7922637859e-03	1.7922637859e-03	1.7922637859e-03	6.4203064909e-03	7.0923310245e-03	7.0923310245e-03	7.0923310245e-03	7.0923310245e-03	1.7440970321e-02	1.7440970321e-02	1.7440970321e-02	1.7440970321e-02	2.3047260909e-02	2.3047260909e-02	2.3047260909e-02	2.7203702489e-02	2.8281562421e-02	2.8281562421e-02	2.8281562421e-02	3.2869349493e-02	3.2869349493e-02	3.2869349493e-02	3.6068476920e-02	3.6068476920e-02	3.7877995685e-02	3.7877995685e-02	3.7877995685e-02	4.3173519029e-02	4.4347394718e-02	4.4347394718e-02	4.4347394718e-02	4.6842110315e-02	4.8206830988e-02	4.8206830988e-02	5.0353926285e-02	5.1801218173e-02	5.1801218173e-02	5.1801218173e-02	5.3510674437e-02	5.4980996997e-02	5.4980996997e-02	5.7406830016e-02	5.7406830016e-02	5.9174094731e-02	5.9174094731e-02	5.9174094731e-02	6.2392753058e-02	6.4183571540e-02	
30	0.0	1.2871446503e-02	1.5676750654e-02	1.0788698264e-02	1.0788698264e-02	1.0788698264e-02	1.0788698264e-02	5.9737043630e-03	5.9737043630e-03	5.9737043630e-03	5.9737043630e-03	-2.1669978407e-03	-2.1669978407e-03	-2.1669978407e-03	-2.1669978407e-03	-6.9270325392e-03	-6.9270325392e-03	-6.9270325392e-03	-6.9270325392e-03	-1.1142389679e-02	-1.1142389679e-02	-1.1142389679e-02	-1.1588181411e-02	-1.4589395901e-02	-1.4589395901e-02	-1.4589395901e-02	-1.7025901109e-02	-1.7025901109e-02	-1.7025901109e-02	-1.7025901109e-02	-1.8264463861e-02	-1.8264463861e-02	-1.8264463861e-02	-1.8264463861e-02	-1.8158970252e-02	-1.8158970252e-02	-1.8158970252e-02	-1.8158970252e-02	-1.6637294251e-02	-1.6637294251e-02	-1.6637294251e-02	-1.6637294251e-02	-1.3725182531e-02	-1.3725182531e-02	-1.3725182531e-02	-9.8439432406e-03	-9.5683853994e-03	-9.5683853994e-03	-9.5683853994e-03	-4.4680352348e-03	-4.4680352348e-03	-4.4680352348e-03	-4.4680352348e-03	1.0241030434e-03	1.0241030434e-03	1.0241030434e-03	5.6710071523e-03	6.3442972781e-03	6.3442972781e-03	6.3442972781e-03	6.3442972781e-03	1.6727322746e-02	1.6727322746e-02	1.6727322746e-02	1.6727322746e-02	2.2352419274e-02	2.2352419274e-02	2.2352419274e-02	2.6523284335e-02	2.7604247155e-02	2.7604247155e-02	2.7604247155e-02	3.2208192950e-02	3.2208192950e-02	3.2208192950e-02	3.5419035221e-02	3.5419035221e-02	3.7242348198e-02	3.7242348198e-02	3.7242348198e-02	4.2553667883e-02	4.3728813387e-02	4.3728813387e-02	4.3728813387e-02	4.6229352352e-02	4.7595631774e-02	4.7595631774e-02	4.9745467920e-02	5.1194692049e-02	5.1194692049e-02	5.1194692049e-02	5.2905524670e-02	5.4377908455e-02	5.4377908455e-02	5.6804806971e-02	5.6804806971e-02	5.8575010870e-02	5.8575010870e-02	5.8575010870e-02	6.1792548455e-02	6.3587539997e-02	
31	0.0	1.2714387333e-02	1.5593805258e-02	1.0469588225e-02	1.0469588225e-02	1.0469588225e-02	1.0469588225e-02	5.5338645703e-03	5.5338645703e-03	5.5338645703e-03	5.5338645703e-03	-2.7746831390e-03	-2.7746831390e-03	-2.7746831390e-03	-2.7746831390e-03	-7.6218569516e-03	-7.6218569516e-03	-7.6218569516e-03	-7.6218569516e-03	-1.1910354715e-02	-1.1910354715e-02	-1.1910354715e-02	-1.2369422833e-02	-1.5410386239e-02	-1.5410386239e-02	-1.5410386239e-02	-1.7881539918e-02	-1.7881539918e-02	-1.7881539918e-02	-1.7881539918e-02	-1.9137166980e-02	-1.9137166980e-02	-1.9137166980e-02	-1.9137166980e-02	-1.9032646469e-02	-1.9032646469e-02	-1.9032646469e-02	-1.9032646469e-02	-1.7498379070e-02	-1.7498379070e-02	-1.7498379070e-02	-1.7498379070e-02	-1.4563195210e-02	-1.4563195210e-02	-1.4563195210e-02	-1.0653321497e-02	-1.0377727777e-02	-1.0377727777e-02	-1.0377727777e-02	-5.2496994187e-03	-5.2496994187e-03	-5.2496994187e-03	-5.2496994187e-03	2.6489063110e-04	2.6489063110e-04	2.6489063110e-04	4.9299486030e-03	5.6048751183e-03	5.6048751183e-03	5.6048751183e-03	5.6048751183e-03	1.6019768419e-02	1.6019768419e-02	1.6019768419e-02	1.6019768419e-02	2.1663243166e-02	2.1663243166e-02	2.1663243166e-02	2.5847919508e-02	2.6932786374e-02	2.6932786374e-02	2.6932786374e-02	3.1553731520e-02	3.1553731520e-02	3.1553731520e-02	3.4776229418e-02	3.4776229418e-02	3.6614435774e-02	3.6614435774e-02	3.6614435774e-02	4.1941907935e-02	4.3118355035e-02	4.3118355035e-02	4.3118355035e-02	4.5625357258e-02	4.6993241848e-02	4.6993241848e-02	4.9146802530e-02	5.0598448611e-02	5.0598448611e-02	5.0598448611e-02	5.2311716557e-02	5.3786882210e-02	5.3786882210e-02	5.6216262688e-02	5.6216262688e-02	5.7989819509e-02	5.7989819509e-02	5.7989819509e-02	6.1208573759e-02	6.3007442999e-02	
32	0.0	1.2562594598e-02	1.5513966157e-02	1.0169142617e-02	1.0169142617e-02	1.0169142617e-02	1.0169142617e-02	5.1203820450e-03	5.1203820450e-03	5.1203820450e-03	5.1203820450e-03	-3.3515222539e-03	-3.3515222539e-03	-3.3515222539e-03	-3.3515222539e-03	-8.2838084096e-03	-8.2838084096e-03	-8.2838084096e-03	-8.2838084096e-03	-1.2643568628e-02	-1.2643568628e-02	-1.2643568628e-02	-1.3115020941e-02	-1.6194721785e-02	-1.6194721785e-02	-1.6194721785e-02	-1.8698476051e-02	-1.8698476051e-02	-1.8698476051e-02	-1.8698476051e-02	-1.9969886525e-02	-1.9969886525e-02	-1.9969886525e-02	-1.9969886525e-02	-1.9865600275e-02	-1.9865600275e-02	-1.9865600275e-02	-1.9865600275e-02	-1.8318601270e-02	-1.8318601270e-02	-1.8318601270e-02	-1.8318601270e-02	-1.5360653797e-02	-1.5360653797e-02	-1.5360653797e-02	-1.1422383608e-02	-1.1147131147e-02	-1.1147131147e-02	-1.1147131147e-02	-5.9922856579e-03	-5.9922856579e-03	-5.9922856579e-03	-5.9922856579e-03	-4.5615131854e-04	-4.5615131854e-04	-4.5615131854e-04	4.2267814839e-03	4.9028628559e-03	4.9028628559e-03	4.9028628559e-03	4.9028628559e-03	1.5346967038e-02	1.5346967038e-02	1.5346967038e-02	1.5346967038e-02	2.1007471129e-02	2.1007471129e-02	2.1007471129e-02	2.5205691298e-02	2.6293579192e-02	2.6293579192e-02	2.6293579192e-02	3.0930596742e-02	3.0930596742e-02	3.0930596742e-02	3.4164796101e-02	3.4164796101e-02	3.6015376637e-02	3.6015376637e-02	3.6015376637e-02	4.1358903649e-02	4.2535455939e-02	4.2535455939e-02	4.2535455939e-02	4.5049231630e-02	4.6417763268e-02	4.6417763268e-02	4.8575612294e-02	5.0029519370e-02	5.0029519370e-02	5.0029519370e-02	5.1745826139e-02	5.3224316058e-02	5.3224316058e-02	5.5656945792e-02	5.5656945792e-02	5.7434181930e-02	5.7434181930e-02	5.7434181930e-02	6.0655488313e-02	6.2457668547e-02	
33	0.0	1.2422300636e-02	1.5438631186e-02	9.8891396325e-03	9.8891396325e-03	9.8891396325e-03	9.8891396325e-03	4.7365517153e-03	4.7365517153e-03	4.7365517153e-03	4.7365517153e-03	-3.8879140231e-03	-3.8879140231e-03	-3.8879140231e-03	-3.8879140231e-03	-8.9005074935e-03	-8.9005074935e-03	-8.9005074935e-03	-8.9005074935e-03	-1.3326498885e-02	-1.3326498885e-02	-1.3326498885e-02	-1.3807548386e-02	-1.6924577138e-02	-1.6924577138e-02	-1.6924577138e-02	-1.9457975180e-02	-1.9457975180e-02	-1.9457975180e-02	-1.9457975180e-02	-2.0743417507e-02	-2.0743417507e-02	-2.0743417507e-02	-2.0743417507e-02	-2.0638654913e-02	-2.0638654913e-02	-2.0638654913e-02	-2.0638654913e-02	-1.9078792745e-02	-1.9078792745e-02	-1.9078792745e-02	-1.9078792745e-02	-1.6098325776e-02	-1.6098325776e-02	-1.6098325776e-02	-1.2131757448e-02	-1.1857317552e-02	-1.1857317552e-02	-1.1857317552e-02	-6.6764433618e-03	-6.6764433618e-03	-6.6764433618e-03	-6.6764433618e-03	-1.1198964685e-03	-1.1198964685e-03	-1.1198964685e-03	3.5808462210e-03	4.2569143478e-03	4.2569143478e-03	4.2569143478e-03	4.2569143478e-03	1.4729120639e-02	1.4729120639e-02	1.4729120639e-02	1.4729120639e-02	2.0405327773e-02	2.0405327773e-02	2.0405327773e-02	2.4617406626e-02	2.5706521361e-02	2.5706521361e-02	2.5706521361e-02	3.0358026348e-02	3.0358026348e-02	3.0358026348e-02	3.3604197176e-02	3.3604197176e-02	3.5462779990e-02	3.5462779990e-02	3.5462779990e-02	4.0822241258e-02	4.1997469970e-02	4.1997469970e-02	4.1997469970e-02	4.4518322486e-02	4.5886149578e-02	4.5886149578e-02	4.8048829872e-02	4.9504403423e-02	4.9504403423e-02	4.9504403423e-02	5.1224332714e-02	5.2706309771e-02	5.2706309771e-02	5.5142971756e-02	5.5142971756e-02	5.6923693471e-02	5.6923693471e-02	5.6923693471e-02	6.0149262046e-02	6.1953414129e-02	
34	0.0	1.2285294259e-02	1.5367976427e-02	9.6151445687e-03	9.6151445687e-03	9.6151445687e-03	9.6151445687e-03	4.3541205959e-03	4.3541205959e-03	4.3541205959e-03	4.3541205959e-03	-4.4395599015e-03	-4.4395599015e-03	-4.4395599015e-03	-4.4395599015e-03	-9.5215776343e-03	-9.5215776343e-03	-9.5215776343e-03	-9.5215776343e-03	-1.4003918486e-02	-1.4003918486e-02	-1.4003918486e-02	-1.4490194741e-02	-1.7641539555e-02	-1.7641539555e-02	-1.7641539555e-02	-2.0199899986e-02	-2.0199899986e-02	-2.0199899986e-02	-2.0199899986e-02	-2.1496939805e-02	-2.1496939805e-02	-2.1496939805e-02	-2.1496939805e-02	-2.1391096483e-02	-2.1391096483e-02	-2.1391096483e-02	-2.1391096483e-02	-1.9818693570e-02	-1.9818693570e-02	-1.9818693570e-02	-1.9818693570e-02	-1.6816489164e-02	-1.6816489164e-02	-1.6816489164e-02	-1.2822349168e-02	-1.2548924176e-02	-1.2548924176e-02	-1.2548924176e-02	-7.3430010158e-03	-7.3430010158e-03	-7.3430010158e-03	-7.3430010158e-03	-1.7670183979e-03	-1.7670183979e-03	-1.7670183979e-03	2.9510246053e-03	3.6264877061e-03	3.6264877061e-03	3.6264877061e-03	3.6264877061e-03	1.4126383827e-02	1.4126383827e-02	1.4126383827e-02	1.4126383827e-02	1.9817189092e-02	1.9817189092e-02	1.9817189092e-02	2.4042691341e-02	2.5131998027e-02	2.5131998027e-02	2.5131998027e-02	2.9796405246e-02	2.9796405246e-02	2.9796405246e-02	3.3054168285e-02	3.3054168285e-02	3.4917611208e-02	3.4917611208e-02	3.4917611208e-02	4.0292024867e-02	4.1465447669e-02	4.1465447669e-02	4.1465447669e-02	4.3993250913e-02	4.5359749817e-02	4.5359749817e-02	4.7527359508e-02	4.8983821563e-02	4.8983821563e-02	4.8983821563e-02	5.0707537849e-02	5.2192671220e-02	5.2192671220e-02	5.4633277614e-02	5.4633277614e-02	5.6417353653e-02	5.6417353653e-02	5.6417353653e-02	5.9647295782e-02	6.1452223726e-02	
35	0.0	1.2166445053e-02	1.5306370761e-02	9.3593507398e-03	9.3593507398e-03	9.3593507398e-03	9.3593507398e-03	3.9927091592e-03	3.9927091592e-03	3.9927091592e-03	3.9927091592e-03	-4.9589285173e-03	-4.9589285173e-03	-4.9589285173e-03	-4.9589285173e-03	-1.0101295265e-02	-1.0101295265e-02	-1.0101295265e-02	-1.0101295265e-02	-1.4632560678e-02	-1.4632560678e-02	-1.4632560678e-02	-1.5125131183e-02	-1.8305148806e-02	-1.8305148806e-02	-1.8305148806e-02	-2.0886355304e-02	-2.0886355304e-02	-2.0886355304e-02	-2.0886355304e-02	-2.2194562092e-02	-2.2194562092e-02	-2.2194562092e-02	-2.2194562092e-02	-2.2088364199e-02	-2.2088364199e-02	-2.2088364199e-02	-2.2088364199e-02	-2.0504978947e-02	-2.0504978947e-02	-2.0504978947e-02	-2.0504978947e-02	-1.7482644324e-02	-1.7482644324e-02	-1.7482644324e-02	-1.3462974328e-02	-1.3190004179e-02	-1.3190004179e-02	-1.3190004179e-02	-7.9604072808e-03	-7.9604072808e-03	-7.9604072808e-03	-7.9604072808e-03	-2.3660641424e-03	-2.3660641424e-03	-2.3660641424e-03	2.3678427649e-03	3.0431463765e-03	3.0431463765e-03	3.0431463765e-03	3.0431463765e-03	1.3570204656e-02	1.3570204656e-02	1.3570204656e-02	1.3570204656e-02	1.9274641516e-02	1.9274641516e-02	1.9274641516e-02	2.3512023067e-02	2.4601569400e-02	2.4601569400e-02	2.4601569400e-02	2.9277208123e-02	2.9277208123e-02	2.9277208123e-02	3.2545154572e-02	3.2545154572e-02	3.4411885510e-02	3.4411885510e-02	3.4411885510e-02	3.9798541989e-02	4.0970777366e-02	4.0970777366e-02	4.0970777366e-02	4.3504379262e-02	4.4870112757e-02	4.4870112757e-02	4.7041684034e-02	4.8499506842e-02	4.8499506842e-02	4.8499506842e-02	5.0226179725e-02	5.1715460666e-02	5.1715460666e-02	5.4158524093e-02	5.4158524093e-02	5.5947262214e-02	5.5947262214e-02	5.5947262214e-02	5.9178880997e-02	6.0984281653e-02	
36	0.0	1.2058201456e-02	1.5249209195e-02	9.1293229675e-03	9.1293229675e-03	9.1293229675e-03	9.1293229675e-03	3.6656723352e-03	3.6656723352e-03	3.6656723352e-03	3.6656723352e-03	-5.4266747619e-03	-5.4266747619e-03	-5.4266747619e-03	-5.4266747619e-03	-1.0624101919e-02	-1.0624101919e-02	-1.0624101919e-02	-1.0624101919e-02	-1.5200221261e-02	-1.5200221261e-02	-1.5200221261e-02	-1.5699517318e-02	-1.8905131789e-02	-1.8905131789e-02	-1.8905131789e-02	-2.1507700455e-02	-2.1507700455e-02	-2.1507700455e-02	-2.1507700455e-02	-2.2826474398e-02	-2.2826474398e-02	-2.2826474398e-02	-2.2826474398e-02	-2.2720066296e-02	-2.2720066296e-02	-2.2720066296e-02	-2.2720066296e-02	-2.1126366133e-02	-2.1126366133e-02	-2.1126366133e-02	-2.1126366133e-02	-1.8084916991e-02	-1.8084916991e-02	-1.8084916991e-02	-1.4040711684e-02	-1.3768144237e-02	-1.3768144237e-02	-1.3768144237e-02	-8.5154602358e-03	-8.5154602358e-03	-8.5154602358e-03	-8.5154602358e-03	-2.9028225664e-03	-2.9028225664e-03	-2.9028225664e-03	1.8472339528e-03	2.5221813204e-03	2.5221813204e-03	2.5221813204e-03	2.5221813204e-03	1.3077599953e-02	1.3077599953e-02	1.3077599953e-02	1.3077599953e-02	1.8795420710e-02	1.8795420710e-02	1.8795420710e-02	2.3044489676e-02	2.4133676019e-02	2.4133676019e-02	2.4133676019e-02	2.8819420306e-02	2.8819420306e-02	2.8819420306e-02	3.2097262319e-02	3.2097262319e-02	3.3964589962e-02	3.3964589962e-02	3.3964589962e-02	3.9362756978e-02	4.0533566578e-02	4.0533566578e-02	4.0533566578e-02	4.3072907438e-02	4.4437564676e-02	4.4437564676e-02	4.6613169749e-02	4.8071986307e-02	4.8071986307e-02	4.8071986307e-02	4.9801627279e-02	5.1295020239e-02	5.1295020239e-02	5.3740351764e-02	5.3740351764e-02	5.5533365093e-02	5.5533365093e-02	5.5533365093e-02	5.8766268610e-02	6.0569892568e-02	
37	0.0	1.1964281731e-02	1.5207765742e-02	8.9410530369e-03	8.9410530369e-03	8.9410530369e-03	8.9410530369e-03	3.3875335296e-03	3.3875335296e-03	3.3875335296e-03	3.3875335296e-03	-5.8334997419e-03	-5.8334997419e-03	-5.8334997419e-03	-5.8334997419e-03	-1.1084443589e-02	-1.1084443589e-02	-1.1084443589e-02	-1.1084443589e-02	-1.5703566299e-02	-1.5703566299e-02	-1.5703566299e-02	-1.6209384151e-02	-1.9439014072e-02	-1.9439014072e-02	-1.9439014072e-02	-2.2061650243e-02	-2.2061650243e-02	-2.2061650243e-02	-2.2061650243e-02	-2.3390307627e-02	-2.3390307627e-02	-2.3390307627e-02	-2.3390307627e-02	-2.3283609436e-02	-2.3283609436e-02	-2.3283609436e-02	-2.3283609436e-02	-2.1680272206e-02	-2.1680272206e-02	-2.1680272206e-02	-2.1680272206e-02	-1.8621096959e-02	-1.8621096959e-02	-1.8621096959e-02	-1.4554002297e-02	-1.4281832215e-02	-1.4281832215e-02	-1.4281832215e-02	-9.0074611975e-03	-9.0074611975e-03	-9.0074611975e-03	-9.0074611975e-03	-3.3774218681e-03	-3.3774218681e-03	-3.3774218681e-03	1.3882439460e-03	2.0625533693e-03	2.0625533693e-03	2.0625533693e-03	2.0625533693e-03	1.2646043927e-02	1.2646043927e-02	1.2646043927e-02	1.2646043927e-02	1.8376040619e-02	1.8376040619e-02	1.8376040619e-02	2.2635750500e-02	2.3723838949e-02	2.3723838949e-02	2.3723838949e-02	2.8417744422e-02	2.8417744422e-02	2.8417744422e-02	3.1704536082e-02	3.1704536082e-02	3.3569819210e-02	3.3569819210e-02	3.3569819210e-02	3.8978017944e-02	4.0147019322e-02	4.0147019322e-02	4.0147019322e-02	4.2691687962e-02	4.4054763256e-02	4.4054763256e-02	4.6234129208e-02	4.7692733300e-02	4.7692733300e-02	4.7692733300e-02	4.9425037081e-02	5.0921098697e-02	5.0921098697e-02	5.3368006527e-02	5.3368006527e-02	5.5163596187e-02	5.5163596187e-02	5.5163596187e-02	5.8396426734e-02	6.0195565176e-02	
38	0.0	1.1867731790e-02	1.5157942632e-02	8.7489386162e-03	8.7489386162e-03	8.7489386162e-03	8.7489386162e-03	3.1056099649e-03	3.1056099649e-03	3.1056099649e-03	3.1056099649e-03	-6.2413210422e-03	-6.2413210422e-03	-6.2413210422e-03	-6.2413210422e-03	-1.1542815830e-02	-1.1542815830e-02	-1.1542815830e-02	-1.1542815830e-02	-1.6201420056e-02	-1.6201420056e-02	-1.6201420056e-02	-1.6712376401e-02	-1.9965027518e-02	-1.9965027518e-02	-1.9965027518e-02	-2.2606064632e-02	-2.2606064632e-02	-2.2606064632e-02	-2.2606064632e-02	-2.3943659316e-02	-2.3943659316e-02	-2.3943659316e-02	-2.3943659316e-02	-2.3836470528e-02	-2.3836470528e-02	-2.3836470528e-02	-2.3836470528e-02	-2.2224042658e-02	-2.2224042658e-02	-2.2224042658e-02	-2.2224042658e-02	-1.9148556833e-02	-1.9148556833e-02	-1.9148556833e-02	-1.5060493713e-02	-1.4788731544e-02	-1.4788731544e-02	-1.4788731544e-02	-9.4945626917e-03	-9.4945626917e-03	-9.4945626917e-03	-9.4945626917e-03	-3.8487319924e-03	-3.8487319924e-03	-3.8487319924e-03	9.3115717458e-04	1.6045648397e-03	1.6045648397e-03	1.6045648397e-03	1.6045648397e-03	1.2214480551e-02	1.2214480551e-02	1.2214480551e-02	1.2214480551e-02	1.7954788521e-02	1.7954788521e-02	1.7954788521e-02	2.2223368715e-02	2.3309693446e-02	2.3309693446e-02	2.3309693446e-02	2.8009285644e-02	2.8009285644e-02	2.8009285644e-02	3.1303457915e-02	3.1303457915e-02	3.3164490375e-02	3.3164490375e-02	3.3164490375e-02	3.8580588042e-02	3.9747338189e-02	3.9747338189e-02	3.9747338189e-02	4.2296437583e-02	4.3657275869e-02	4.3657275869e-02	4.5839663966e-02	4.7296218422e-02	4.7296218422e-02	4.7296218422e-02	4.9030501288e-02	5.0526341971e-02	5.0526341971e-02	5.2973563051e-02	5.2973563051e-02	5.4768666629e-02	5.4768666629e-02	5.4768666629e-02	5.7999028094e-02	5.9790848735e-02	
39	0.0	1.1770200863e-02	1.5103976713e-02	8.5568032488e-03	8.5568032488e-03	8.5568032488e-03	8.5568032488e-03	2.8261256192e-03	2.8261256192e-03	2.8261256192e-03	2.8261256192e-03	-6.6409632715e-03	-6.6409632715e-03	-6.6409632715e-03	-6.6409632715e-03	-1.1989698130e-02	-1.1989698130e-02	-1.1989698130e-02	-1.1989698130e-02	-1.6684999822e-02	-1.6684999822e-02	-1.6684999822e-02	-1.7200870199e-02	-2.0474943877e-02	-2.0474943877e-02	-2.0474943877e-02	-2.3133386142e-02	-2.3133386142e-02	-2.3133386142e-02	-2.3133386142e-02	-2.4479407941e-02	-2.4479407941e-02	-2.4479407941e-02	-2.4479407941e-02	-2.4371757787e-02	-2.4371757787e-02	-2.4371757787e-02	-2.4371757787e-02	-2.2750851009e-02	-2.2750851009e-02	-2.2750851009e-02	-2.2750851009e-02	-1.9660360435e-02	-1.9660360435e-02	-1.9660360435e-02	-1.5553340063e-02	-1.5281838238e-02	-1.5281838238e-02	-1.5281838238e-02	-9.9699191320e-03	-9.9699191320e-03	-9.9699191320e-03	-9.9699191320e-03	-4.3103358603e-03	-4.3103358603e-03	-4.3103358603e-03	4.8150997972e-04	1.1540526809e-03	1.1540526809e-03	1.1540526809e-03	1.1540526809e-03	1.1787676295e-02	1.1787676295e-02	1.1787676295e-02	1.1787676295e-02	1.7536004405e-02	1.7536004405e-02	1.7536004405e-02	2.1810955477e-02	2.2895198197e-02	2.2895198197e-02	2.2895198197e-02	2.7597657386e-02	2.7597657386e-02	2.7597657386e-02	3.0897056197e-02	3.0897056197e-02	3.2752255993e-02	3.2752255993e-02	3.2752255993e-02	3.8173591329e-02	3.9337841074e-02	3.9337841074e-02	3.9337841074e-02	4.1889977781e-02	4.3248104607e-02	4.3248104607e-02	4.5432261746e-02	4.6885602171e-02	4.6885602171e-02	4.6885602171e-02	4.8620763244e-02	5.0114043421e-02	5.0114043421e-02	5.2559703412e-02	5.2559703412e-02	5.4351326728e-02	5.4351326728e-02	5.4351326728e-02	5.7575832189e-02	5.9358184444e-02	
40	0.0	1.1673848159e-02	1.5049420532e-02	8.3687023166e-03	8.3687023166e-03	8.3687023166e-03	8.3687023166e-03	2.5537112149e-03	2.5537112149e-03	2.5537112149e-03	2.5537112149e-03	-7.0278773810e-03	-7.0278773810e-03	-7.0278773810e-03	-7.0278773810e-03	-1.2421142881e-02	-1.2421142881e-02	-1.2421142881e-02	-1.2421142881e-02	-1.7151060644e-02	-1.7151060644e-02	-1.7151060644e-02	-1.7671902835e-02	-2.0966013912e-02	-2.0966013912e-02	-2.0966013912e-02	-2.3641110621e-02	-2.3641110621e-02	-2.3641110621e-02	-2.3641110621e-02	-2.4995261913e-02	-2.4995261913e-02	-2.4995261913e-02	-2.4995261913e-02	-2.4887217378e-02	-2.4887217378e-02	-2.4887217378e-02	-2.4887217378e-02	-2.3258278955e-02	-2.3258278955e-02	-2.3258278955e-02	-2.3258278955e-02	-2.0153605838e-02	-2.0153605838e-02	-2.0153605838e-02	-1.6029007999e-02	-1.5757566972e-02	-1.5757566972e-02	-1.5757566972e-02	-1.0429260327e-02	-1.0429260327e-02	-1.0429260327e-02	-1.0429260327e-02	-4.7573331931e-03	-4.7573331931e-03	-4.7573331931e-03	4.4795954437e-05	7.1667745013e-04	7.1667745013e-04	7.1667745013e-04	7.1667745013e-04	1.1373090019e-02	1.1373090019e-02	1.1373090019e-02	1.1373090019e-02	1.7128601733e-02	1.7128601733e-02	1.7128601733e-02	2.1408890117e-02	2.2490911704e-02	2.2490911704e-02	2.2490911704e-02	2.7194788140e-02	2.7194788140e-02	2.7194788140e-02	3.0498269567e-02	3.0498269567e-02	3.2346432699e-02	3.2346432699e-02	3.2346432699e-02	3.7771764295e-02	3.8933186091e-02	3.8933186091e-02	3.8933186091e-02	4.1487423389e-02	4.2842297127e-02	4.2842297127e-02	4.5027228177e-02	4.6476574319e-02	4.6476574319e-02	4.6476574319e-02	4.8211610549e-02	4.9700527830e-02	4.9700527830e-02	5.2143146882e-02	5.2143146882e-02	5.3928385266e-02	5.3928385266e-02	5.3928385266e-02	5.7144734590e-02	5.8915796366e-02	
41	0.0	1.1586788519e-02	1.4999907487e-02	8.1918169935e-03	8.1918169935e-03	8.1918169935e-03	8.1918169935e-03	2.2966399661e-03	2.2966399661e-03	2.2966399661e-03	2.2966399661e-03	-7.3929819675e-03	-7.3929819675e-03	-7.3929819675e-03	-7.3929819675e-03	-1.2827603331e-02	-1.2827603331e-02	-1.2827603331e-02	-1.2827603331e-02	-1.7589659766e-02	-1.7589659766e-02	-1.7589659766e-02	-1.8115131819e-02	-2.1427885312e-02	-2.1427885312e-02	-2.1427885312e-02	-2.4118499244e-02	-2.4118499244e-02	-2.4118499244e-02	-2.4118499244e-02	-2.5480218634e-02	-2.5480218634e-02	-2.5480218634e-02	-2.5480218634e-02	-2.5371742222e-02	-2.5371742222e-02	-2.5371742222e-02	-2.5371742222e-02	-2.3735179976e-02	-2.3735179976e-02	-2.3735179976e-02	-2.3735179976e-02	-2.0617117830e-02	-2.0617117830e-02	-2.0617117830e-02	-1.6476172518e-02	-1.6204706579e-02	-1.6204706579e-02	-1.6204706579e-02	-1.0861410200e-02	-1.0861410200e-02	-1.0861410200e-02	-1.0861410200e-02	-5.1786675155e-03	-5.1786675155e-03	-5.1786675155e-03	-3.6789622236e-04	3.0345781167e-04	3.0345781167e-04	3.0345781167e-04	3.0345781167e-04	1.0981613549e-02	1.0981613549e-02	1.0981613549e-02	1.0981613549e-02	1.6743525133e-02	1.6743525133e-02	1.6743525133e-02	2.1028115746e-02	2.2108010809e-02	2.2108010809e-02	2.2108010809e-02	2.6812177197e-02	2.6812177197e-02	2.6812177197e-02	3.0118704342e-02	3.0118704342e-02	3.1959352534e-02	3.1959352534e-02	3.1959352534e-02	3.7387481566e-02	3.8545671457e-02	3.8545671457e-02	3.8545671457e-02	4.1100889375e-02	4.2451841684e-02	4.2451841684e-02	4.4636342691e-02	4.6080671901e-02	4.6080671901e-02	4.6080671901e-02	4.7814519426e-02	4.9296928916e-02	4.9296928916e-02	5.1735080649e-02	5.1735080649e-02	5.3510823359e-02	5.3510823359e-02	5.3510823359e-02	5.6716944336e-02	5.8475197227e-02	
42	0.0	1.1502527980e-02	1.4950465891e-02	8.0157133301e-03	8.0157133301e-03	8.0157133301e-03	8.0157133301e-03	2.0415532632e-03	2.0415532632e-03	2.0415532632e-03	2.0415532632e-03	-7.7531467728e-03	-7.7531467728e-03	-7.7531467728e-03	-7.7531467728e-03	-1.3227198703e-02	-1.3227198703e-02	-1.3227198703e-02	-1.3227198703e-02	-1.8019885014e-02	-1.8019885014e-02	-1.8019885014e-02	-1.8549848577e-02	-2.1880485406e-02	-2.1880485406e-02	-2.1880485406e-02	-2.4585868614e-02	-2.4585868614e-02	-2.4585868614e-02	-2.4585868614e-02	-2.5954728040e-02	-2.5954728040e-02	-2.5954728040e-02	-2.5954728040e-02	-2.5845781203e-02	-2.5845781203e-02	-2.5845781203e-02	-2.5845781203e-02	-2.4201919182e-02	-2.4201919182e-02	-2.4201919182e-02	-2.4201919182e-02	-2.1071075458e-02	-2.1071075458e-02	-2.1071075458e-02	-1.6914685599e-02	-1.6643137332e-02	-1.6643137332e-02	-1.6643137332e-02	-1.1285875886e-02	-1.1285875886e-02	-1.1285875886e-02	-1.1285875886e-02	-5.5934175012e-03	-5.5934175012e-03	-5.5934175012e-03	-7.7525874738e-04	-1.0416551926e-04	-1.0416551926e-04	-1.0416551926e-04	-1.0416551926e-04	1.0595104195e-02	1.0595104195e-02	1.0595104195e-02	1.0595104195e-02	1.6363107075e-02	1.6363107075e-02	1.6363107075e-02	2.0650991714e-02	2.1729283191e-02	2.1729283191e-02	2.1729283191e-02	2.6432999805e-02	2.6432999805e-02	2.6432999805e-02	2.9741381161e-02	2.9741381161e-02	3.1574939296e-02	3.1574939296e-02	3.1574939296e-02	3.7004866251e-02	3.8159622666e-02	3.8159622666e-02	3.8159622666e-02	4.0714874873e-02	4.2061466795e-02	4.2061466795e-02	4.4244566179e-02	4.5683078668e-02	4.5683078668e-02	4.5683078668e-02	4.7414997226e-02	4.8889148324e-02	4.8889148324e-02	5.1321837172e-02	5.1321837172e-02	5.3085667518e-02	5.3085667518e-02	5.3085667518e-02	5.6280164658e-02	5.8024960246e-02	
43	0.0	1.1421261660e-02	1.4902833617e-02	7.8459950864e-03	7.8459950864e-03	7.8459950864e-03	7.8459950864e-03	1.7962624728e-03	1.7962624728e-03	1.7962624728e-03	1.7962624728e-03	-8.0984023768e-03	-8.0984023768e-03	-8.0984023768e-03	-8.0984023768e-03	-1.3609562894e-02	-1.3609562894e-02	-1.3609562894e-02	-1.3609562894e-02	-1.8431144276e-02	-1.8431144276e-02	-1.8431144276e-02	-1.8965456207e-02	-2.2312835602e-02	-2.2312835602e-02	-2.2312835602e-02	-2.5032065578e-02	-2.5032065578e-02	-2.5032065578e-02	-2.5032065578e-02	-2.6407598775e-02	-2.6407598775e-02	-2.6407598775e-02	-2.6407598775e-02	-2.6298215147e-02	-2.6298215147e-02	-2.6298215147e-02	-2.6298215147e-02	-2.4647521596e-02	-2.4647521596e-02	-2.4647521596e-02	-2.4647521596e-02	-2.1504689148e-02	-2.1504689148e-02	-2.1504689148e-02	-1.7333930663e-02	-1.7062212891e-02	-1.7062212891e-02	-1.7062212891e-02	-1.1692223071e-02	-1.1692223071e-02	-1.1692223071e-02	-1.1692223071e-02	-5.9913740856e-03	-5.9913740856e-03	-5.9913740856e-03	-1.1673418848e-03	-4.9625661752e-04	-4.9625661752e-04	-4.9625661752e-04	-4.9625661752e-04	1.0222637352e-02	1.0222637352e-02	1.0222637352e-02	1.0222637352e-02	1.5995897247e-02	1.5995897247e-02	1.5995897247e-02	2.0285530600e-02	2.1362683867e-02	2.1362683867e-02	2.1362683867e-02	2.6064716172e-02	2.6064716172e-02	2.6064716172e-02	2.9373307433e-02	2.9373307433e-02	3.1200440854e-02	3.1200440854e-02	3.1200440854e-02	3.6630878960e-02	3.7781978022e-02	3.7781978022e-02	3.7781978022e-02	4.0336245309e-02	4.1678103124e-02	4.1678103124e-02	4.3858775678e-02	4.5290836870e-02	4.5290836870e-02	4.5290836870e-02	4.7020052238e-02	4.8484653917e-02	4.8484653917e-02	5.0911194487e-02	5.0911194487e-02	5.2661428808e-02	5.2661428808e-02	5.2661428808e-02	5.5843882785e-02	5.7575135188e-02	
44	0.0	1.1341646275e-02	1.4855397821e-02	7.6817488094e-03	7.6817488094e-03	7.6817488094e-03	7.6817488094e-03	1.5600329160e-03	1.5600329160e-03	1.5600329160e-03	1.5600329160e-03	-8.4295420656e-03	-8.4295420656e-03	-8.4295420656e-03	-8.4295420656e-03	-1.3975790573e-02	-1.3975790573e-02	-1.3975790573e-02	-1.3975790573e-02	-1.8824736524e-02	-1.8824736524e-02	-1.8824736524e-02	-1.9363179331e-02	-2.2726332244e-02	-2.2726332244e-02	-2.2726332244e-02	-2.5458555389e-02	-2.5458555389e-02	-2.5458555389e-02	-2.5458555389e-02	-2.6840325535e-02	-2.6840325535e-02	-2.6840325535e-02	-2.6840325535e-02	-2.6730522482e-02	-2.6730522482e-02	-2.6730522482e-02	-2.6730522482e-02	-2.5073406198e-02	-2.5073406198e-02	-2.5073406198e-02	-2.5073406198e-02	-2.1919297161e-02	-2.1919297161e-02	-2.1919297161e-02	-1.7735170080e-02	-1.7463241079e-02	-1.7463241079e-02	-1.7463241079e-02	-1.2081487851e-02	-1.2081487851e-02	-1.2081487851e-02	-1.2081487851e-02	-6.3732506155e-03	-6.3732506155e-03	-6.3732506155e-03	-1.5444895868e-03	-8.7323179444e-04	-8.7323179444e-04	-8.7323179444e-04	-8.7323179444e-04	9.8640571153e-03	9.8640571153e-03	9.8640571153e-03	9.8640571153e-03	1.5641933309e-02	1.5641933309e-02	1.5641933309e-02	1.9931996984e-02	2.1008481680e-02	2.1008481680e-02	2.1008481680e-02	2.5707880918e-02	2.5707880918e-02	2.5707880918e-02	2.9015211498e-02	2.9015211498e-02	3.0836951852e-02	3.0836951852e-02	3.0836951852e-02	3.6266753365e-02	3.7414049873e-02	3.7414049873e-02	3.7414049873e-02	3.9966407926e-02	4.1303241645e-02	4.1303241645e-02	4.3480528693e-02	4.4906091308e-02	4.4906091308e-02	4.4906091308e-02	4.6631831180e-02	4.8086540321e-02	4.8086540321e-02	5.0506429408e-02	5.0506429408e-02	5.2242306304e-02	5.2242306304e-02	5.2242306304e-02	5.5412681461e-02	5.7130865363e-02	
45	0.0	1.1261710811e-02	1.4806908106e-02	7.5213856502e-03	7.5213856502e-03	7.5213856502e-03	7.5213856502e-03	1.3315032082e-03	1.3315032082e-03	1.3315032082e-03	1.3315032082e-03	-8.7459451360e-03	-8.7459451360e-03	-8.7459451360e-03	-8.7459451360e-03	-1.4326026958e-02	-1.4326026958e-02	-1.4326026958e-02	-1.4326026958e-02	-1.9201246428e-02	-1.9201246428e-02	-1.9201246428e-02	-1.9743611059e-02	-2.3121838955e-02	-2.3121838955e-02	-2.3121838955e-02	-2.5866385201e-02	-2.5866385201e-02	-2.5866385201e-02	-2.5866385201e-02	-2.7254061342e-02	-2.7254061342e-02	-2.7254061342e-02	-2.7254061342e-02	-2.7143887190e-02	-2.7143887190e-02	-2.7143887190e-02	-2.7143887190e-02	-2.5480726634e-02	-2.5480726634e-02	-2.5480726634e-02	-2.5480726634e-02	-2.2315977426e-02	-2.2315977426e-02	-2.2315977426e-02	-1.8119374698e-02	-1.7847182137e-02	-1.7847182137e-02	-1.7847182137e-02	-1.2454511070e-02	-1.2454511070e-02	-1.2454511070e-02	-1.2454511070e-02	-6.7396592536e-03	-6.7396592536e-03	-6.7396592536e-03	-1.9072261403e-03	-1.2353815385e-03	-1.2353815385e-03	-1.2353815385e-03	-1.2353815385e-03	9.5191980579e-03	9.5191980579e-03	9.5191980579e-03	9.5191980579e-03	1.5301312855e-02	1.5301312855e-02	1.5301312855e-02	1.9590473159e-02	2.0667053675e-02	2.0667053675e-02	2.0667053675e-02	2.5363267262e-02	2.5363267262e-02	2.5363267262e-02	2.8667916043e-02	2.8667916043e-02	3.0486000261e-02	3.0486000261e-02	3.0486000261e-02	3.5913815180e-02	3.7057544947e-02	3.7057544947e-02	3.7057544947e-02	3.9607002065e-02	4.0939002851e-02	4.0939002851e-02	4.3111866760e-02	4.4531536344e-02	4.4531536344e-02	4.4531536344e-02	4.6252925136e-02	4.7698356004e-02	4.7698356004e-02	5.0111185579e-02	5.0111185579e-02	5.1833103830e-02	5.1833103830e-02	5.1833103830e-02	5.4991526478e-02	5.6697738374e-02	
46	0.0	1.1189399149e-02	1.4763820986e-02	7.3756530441e-03	7.3756530441e-03	7.3756530441e-03	7.3756530441e-03	1.1237799979e-03	1.1237799979e-03	1.1237799979e-03	1.1237799979e-03	-9.0308694773e-03	-9.0308694773e-03	-9.0308694773e-03	-9.0308694773e-03	-1.4641862361e-02	-1.4641862361e-02	-1.4641862361e-02	-1.4641862361e-02	-1.9541329317e-02	-1.9541329317e-02	-1.9541329317e-02	-2.0087141426e-02	-2.3479493745e-02	-2.3479493745e-02	-2.3479493745e-02	-2.6235420044e-02	-2.6235420044e-02	-2.6235420044e-02	-2.6235420044e-02	-2.7628524827e-02	-2.7628524827e-02	-2.7628524827e-02	-2.7628524827e-02	-2.7517961387e-02	-2.7517961387e-02	-2.7517961387e-02	-2.7517961387e-02	-2.5849163432e-02	-2.5849163432e-02	-2.5849163432e-02	-2.5849163432e-02	-2.2674553021e-02	-2.2674553021e-02	-2.2674553021e-02	-1.8466521433e-02	-1.8194106397e-02	-1.8194106397e-02	-1.8194106397e-02	-1.2791788894e-02	-1.2791788894e-02	-1.2791788894e-02	-1.2791788894e-02	-7.0716141800e-03	-7.0716141800e-03	-7.0716141800e-03	-2.2366344821e-03	-1.5642703456e-03	-1.5642703456e-03	-1.5642703456e-03	-1.5642703456e-03	9.2056388067e-03	9.2056388067e-03	9.2056388067e-03	9.2056388067e-03	1.4990972370e-02	1.4990972370e-02	1.4990972370e-02	1.9277992398e-02	2.0354739784e-02	2.0354739784e-02	2.0354739784e-02	2.5046712797e-02	2.5046712797e-02	2.5046712797e-02	2.8347443995e-02	2.8347443995e-02	3.0162657311e-02	3.0162657311e-02	3.0162657311e-02	3.5587163019e-02	3.6727258562e-02	3.6727258562e-02	3.6727258562e-02	3.9272901383e-02	4.0600145404e-02	4.0600145404e-02	4.2767642540e-02	4.4181707544e-02	4.4181707544e-02	4.4181707544e-02	4.5897950741e-02	4.7334770261e-02	4.7334770261e-02	4.9740520750e-02	4.9740520750e-02	5.1449562130e-02	5.1449562130e-02	5.1449562130e-02	5.4596958906e-02	5.6292141643e-02	
47	0.0	1.1097861105e-02	1.4702349414e-02	7.2109799769e-03	7.2109799769e-03	7.2109799769e-03	7.2109799769e-03	8.9701087308e-04	8.9701087308e-04	8.9701087308e-04	8.9701087308e-04	-9.3357080442e-03	-9.3357080442e-03	-9.3357080442e-03	-9.3357080442e-03	-1.4976306325e-02	-1.4976306325e-02	-1.4976306325e-02	-1.4976306325e-02	-1.9899016035e-02	-1.9899016035e-02	-1.9899016035e-02	-2.0448287906e-02	-2.3854221719e-02	-2.3854221719e-02	-2.3854221719e-02	-2.6621335326e-02	-2.6621335326e-02	-2.6621335326e-02	-2.6621335326e-02	-2.8019898263e-02	-2.8019898263e-02	-2.8019898263e-02	-2.8019898263e-02	-2.7909150777e-02	-2.7909150777e-02	-2.7909150777e-02	-2.7909150777e-02	-2.6235049483e-02	-2.6235049483e-02	-2.6235049483e-02	-2.6235049483e-02	-2.3051009215e-02	-2.3051009215e-02	-2.3051009215e-02	-1.8832136156e-02	-1.8559378365e-02	-1.8559378365e-02	-1.8559378365e-02	-1.3147836198e-02	-1.3147836198e-02	-1.3147836198e-02	-1.3147836198e-02	-7.4225421936e-03	-7.4225421936e-03	-7.4225421936e-03	-2.5852665261e-03	-1.9120844293e-03	-1.9120844293e-03	-1.9120844293e-03	-1.9120844293e-03	8.8726465898e-03	8.8726465898e-03	8.8726465898e-03	8.8726465898e-03	1.4661391890e-02	1.4661391890e-02	1.4661391890e-02	1.8945882420e-02	2.0023491680e-02	2.0023491680e-02	2.0023491680e-02	2.4711608630e-02	2.4711608630e-02	2.4711608630e-02	2.8007918832e-02	2.8007918832e-02	2.9822282357e-02	2.9822282357e-02	2.9822282357e-02	3.5242947773e-02	3.6380453057e-02	3.6380453057e-02	3.6380453057e-02	3.8921860560e-02	4.0245752396e-02	4.0245752396e-02	4.2407443670e-02	4.3817209668e-02	4.3817209668e-02	4.3817209668e-02	4.5527944668e-02	4.6958555345e-02	4.6958555345e-02	4.9357874217e-02	4.9357874217e-02	5.1057027352e-02	5.1057027352e-02	5.1057027352e-02	5.4195598821e-02	5.5880781547e-02	
48	0.0	1.1008175036e-02	1.4635262969e-02	7.0515700521e-03	7.0515700521e-03	7.0515700521e-03	7.0515700521e-03	6.8273390910e-04	6.8273390910e-04	6.8273390910e-04	6.8273390910e-04	-9.6187936121e-03	-9.6187936121e-03	-9.6187936121e-03	-9.6187936121e-03	-1.5281308532e-02	-1.5281308532e-02	-1.5281308532e-02	-1.5281308532e-02	-2.0221527471e-02	-2.0221527471e-02	-2.0221527471e-02	-2.0773096049e-02	-2.4190144895e-02	-2.4190144895e-02	-2.4190144895e-02	-2.6966302225e-02	-2.6966302225e-02	-2.6966302225e-02	-2.6966302225e-02	-2.8369271637e-02	-2.8369271637e-02	-2.8369271637e-02	-2.8369271637e-02	-2.8258181746e-02	-2.8258181746e-02	-2.8258181746e-02	-2.8258181746e-02	-2.6579366409e-02	-2.6579366409e-02	-2.6579366409e-02	-2.6579366409e-02	-2.3387084032e-02	-2.3387084032e-02	-2.3387084032e-02	-1.9158782304e-02	-1.8885850470e-02	-1.8885850470e-02	-1.8885850470e-02	-1.3466861446e-02	-1.3466861446e-02	-1.3466861446e-02	-1.3466861446e-02	-7.7381998613e-03	-7.7381998613e-03	-7.7381998613e-03	-2.8998622463e-03	-2.2262224168e-03	-2.2262224168e-03	-2.2262224168e-03	-2.2262224168e-03	8.5703826436e-03	8.5703826436e-03	8.5703826436e-03	8.5703826436e-03	1.4360824945e-02	1.4360824945e-02	1.4360824945e-02	1.8641520010e-02	1.9719531254e-02	1.9719531254e-02	1.9719531254e-02	2.4402259498e-02	2.4402259498e-02	2.4402259498e-02	2.7693025425e-02	2.7693025425e-02	2.9506405142e-02	2.9506405142e-02	2.9506405142e-02	3.4921551542e-02	3.6056058693e-02	3.6056058693e-02	3.6056058693e-02	3.8592254749e-02	3.9912413060e-02	3.9912413060e-02	4.2067365041e-02	4.3472210864e-02	4.3472210864e-02	4.3472210864e-02	4.5176714453e-02	4.6600918712e-02	4.6600918712e-02	4.8994132379e-02	4.8994132379e-02	5.0683441246e-02	5.0683441246e-02	5.0683441246e-02	5.3815064399e-02	5.5489198111e-02	
49	0.0	1.0919847359e-02	1.4570082658e-02	6.8900211948e-03	6.8900211948e-03	6.8900211948e-03	6.8900211948e-03	4.6283083391e-04	4.6283083391e-04	4.6283083391e-04	4.6283083391e-04	-9.9132089584e-03	-9.9132089584e-03	-9.9132089584e-03	-9.9132089584e-03	-1.5599389718e-02	-1.5599389718e-02	-1.5599389718e-02	-1.5599389718e-02	-2.0558826936e-02	-2.0558826936e-02	-2.0558826936e-02	-2.1113395538e-02	-2.4542323549e-02	-2.4542323549e-02	-2.4542323549e-02	-2.7328543275e-02	-2.7328543275e-02	-2.7328543275e-02	-2.7328543275e-02	-2.8736480584e-02	-2.8736480584e-02	-2.8736480584e-02	-2.8736480584e-02	-2.8625262055e-02	-2.8625262055e-02	-2.8625262055e-02	-2.8625262055e-02	-2.6941695710e-02	-2.6941695710e-02	-2.6941695710e-02	-2.6941695710e-02	-2.3740975040e-02	-2.3740975040e-02	-2.3740975040e-02	-1.9503000949e-02	-1.9229750414e-02	-1.9229750414e-02	-1.9229750414e-02	-1.3802625680e-02	-1.3802625680e-02	-1.3802625680e-02	-1.3802625680e-02	-8.0695592327e-03	-8.0695592327e-03	-8.0695592327e-03	-3.2292510202e-03	-2.5547500699e-03	-2.5547500699e-03	-2.5547500699e-03	-2.5547500699e-03	8.2547469237e-03	8.2547469237e-03	8.2547469237e-03	8.2547469237e-03	1.4047990541e-02	1.4047990541e-02	1.4047990541e-02	1.8325730046e-02	1.9404636888e-02	1.9404636888e-02	1.9404636888e-02	2.4083182396e-02	2.4083182396e-02	2.4083182396e-02	2.7369038542e-02	2.7369038542e-02	2.9182464403e-02	2.9182464403e-02	2.9182464403e-02	3.4592813567e-02	3.5724697253e-02	3.5724697253e-02	3.5724697253e-02	3.8256052145e-02	3.9572839602e-02	3.9572839602e-02	4.1721408987e-02	4.3121480233e-02	4.3121480233e-02	4.3121480233e-02	4.4820024769e-02	4.6238027913e-02	4.6238027913e-02	4.8626074063e-02	4.8626074063e-02	5.0306013446e-02	5.0306013446e-02	5.0306013446e-02	5.3432610515e-02	5.5095589268e-02	
50	0.0	1.0833951063e-02	1.4507123384e-02	6.7309392336e-03	6.7309392336e-03	6.7309392336e-03	6.7309392336e-03	2.4570539645e-04	2.4570539645e-04	2.4570539645e-04	2.4570539645e-04	-1.0204774410e-02	-1.0204774410e-02	-1.0204774410e-02	-1.0204774410e-02	-1.5913700502e-02	-1.5913700502e-02	-1.5913700502e-02	-1.5913700502e-02	-2.0891747284e-02	-2.0891747284e-02	-2.0891747284e-02	-2.1449263155e-02	-2.4889702584e-02	-2.4889702584e-02	-2.4889702584e-02	-2.7685651661e-02	-2.7685651661e-02	-2.7685651661e-02	-2.7685651661e-02	-2.9098330048e-02	-2.9098330048e-02	-2.9098330048e-02	-2.9098330048e-02	-2.8986948525e-02	-2.8986948525e-02	-2.8986948525e-02	-2.8986948525e-02	-2.7298842706e-02	-2.7298842706e-02	-2.7298842706e-02	-2.7298842706e-02	-2.4090158696e-02	-2.4090158696e-02	-2.4090158696e-02	-1.9843146585e-02	-1.9569596738e-02	-1.9569596738e-02	-1.9569596738e-02	-1.4134975509e-02	-1.4134975509e-02	-1.4134975509e-02	-1.4134975509e-02	-8.3980100832e-03	-8.3980100832e-03	-8.3980100832e-03	-3.5560706438e-03	-2.8807224945e-03	-2.8807224945e-03	-2.8807224945e-03	-2.8807224945e-03	7.9403557613e-03	7.9403557613e-03	7.9403557613e-03	7.9403557613e-03	1.3735870502e-02	1.3735870502e-02	1.3735870502e-02	1.8010298187e-02	1.9090091156e-02	1.9090091156e-02	1.9090091156e-02	2.3764153935e-02	2.3764153935e-02	2.3764153935e-02	2.7044812871e-02	2.7044812871e-02	2.8858467395e-02	2.8858467395e-02	2.8858467395e-02	3.4263224291e-02	3.5392429546e-02	3.5392429546e-02	3.5392429546e-02	3.7918523051e-02	3.9231949464e-02	3.9231949464e-02	4.1373698067e-02	4.2768920966e-02	4.2768920966e-02	4.2768920966e-02	4.4461083300e-02	4.5872764086e-02	4.5872764086e-02	4.8255454290e-02	4.8255454290e-02	4.9926167520e-02	4.9926167520e-02	4.9926167520e-02	5.3047362112e-02	5.4699285629e-02	
51	0.0	1.0752809388e-02	1.4448740024e-02	6.5796431498e-03	6.5796431498e-03	6.5796431498e-03	6.5796431498e-03	3.8348978525e-05	3.8348978525e-05	3.8348978525e-05	3.8348978525e-05	-1.0484164222e-02	-1.0484164222e-02	-1.0484164222e-02	-1.0484164222e-02	-1.6214394758e-02	-1.6214394758e-02	-1.6214394758e-02	-1.6214394758e-02	-2.1210079757e-02	-2.1210079757e-02	-2.1210079757e-02	-2.1770370770e-02	-2.5221829693e-02	-2.5221829693e-02	-2.5221829693e-02	-2.8027058857e-02	-2.8027058857e-02	-2.8027058857e-02	-2.8027058857e-02	-2.9444224325e-02	-2.9444224325e-02	-2.9444224325e-02	-2.9444224325e-02	-2.9332647378e-02	-2.9332647378e-02	-2.9332647378e-02	-2.9332647378e-02	-2.7640180649e-02	-2.7640180649e-02	-2.7640180649e-02	-2.7640180649e-02	-2.4423910036e-02	-2.4423910036e-02	-2.4423910036e-02	-2.0168381580e-02	-1.9894530821e-02	-1.9894530821e-02	-1.9894530821e-02	-1.4452937978e-02	-1.4452937978e-02	-1.4452937978e-02	-1.4452937978e-02	-8.7124612347e-03	-8.7124612347e-03	-8.7124612347e-03	-3.8691711944e-03	-3.1929382716e-03	-3.1929382716e-03	-3.1929382716e-03	-3.1929382716e-03	7.6386596906e-03	7.6386596906e-03	7.6386596906e-03	7.6386596906e-03	1.3436148943e-02	1.3436148943e-02	1.3436148943e-02	1.7707068852e-02	1.8787901182e-02	1.8787901182e-02	1.8787901182e-02	2.3457547370e-02	2.3457547370e-02	2.3457547370e-02	2.6732874590e-02	2.6732874590e-02	2.8547286421e-02	2.8547286421e-02	2.8547286421e-02	3.3945765354e-02	3.5072460497e-02	3.5072460497e-02	3.5072460497e-02	3.7592939556e-02	3.8903201794e-02	3.8903201794e-02	4.1037756682e-02	4.2428262192e-02	4.2428262192e-02	4.2428262192e-02	4.4113660580e-02	4.5519064263e-02	4.5519064263e-02	4.7896087733e-02	4.7896087733e-02	4.9557901194e-02	4.9557901194e-02	4.9557901194e-02	5.2672949481e-02	5.4314322282e-02	
52	0.0	1.0675688742e-02	1.4393753887e-02	6.4364650067e-03	6.4364650067e-03	6.4364650067e-03	6.4364650067e-03	-1.5823773837e-04	-1.5823773837e-04	-1.5823773837e-04	-1.5823773837e-04	-1.0749541289e-02	-1.0749541289e-02	-1.0749541289e-02	-1.0749541289e-02	-1.6499831475e-02	-1.6499831475e-02	-1.6499831475e-02	-1.6499831475e-02	-2.1512334697e-02	-2.1512334697e-02	-2.1512334697e-02	-2.2075139832e-02	-2.5537307967e-02	-2.5537307967e-02	-2.5537307967e-02	-2.8351434408e-02	-2.8351434408e-02	-2.8351434408e-02	-2.8351434408e-02	-2.9772870469e-02	-2.9772870469e-02	-2.9772870469e-02	-2.9772870469e-02	-2.9661032503e-02	-2.9661032503e-02	-2.9661032503e-02	-2.9661032503e-02	-2.7964255848e-02	-2.7964255848e-02	-2.7964255848e-02	-2.7964255848e-02	-2.4740535458e-02	-2.4740535458e-02	-2.4740535458e-02	-2.0476643245e-02	-2.0202514711e-02	-2.0202514711e-02	-2.0202514711e-02	-1.4754073782e-02	-1.4754073782e-02	-1.4754073782e-02	-1.4754073782e-02	-9.0100511086e-03	-9.0100511086e-03	-9.0100511086e-03	-4.1651748446e-03	-3.4881280707e-03	-3.4881280707e-03	-3.4881280707e-03	-3.4881280707e-03	7.3537267348e-03	7.3537267348e-03	7.3537267348e-03	7.3537267348e-03	1.3153303444e-02	1.3153303444e-02	1.3153303444e-02	1.7421170171e-02	1.8502995527e-02	1.8502995527e-02	1.8502995527e-02	2.3168731838e-02	2.3168731838e-02	2.3168731838e-02	2.6439211744e-02	2.6439211744e-02	2.8254562283e-02	2.8254562283e-02	2.8254562283e-02	3.3647146903e-02	3.4771356662e-02	3.4771356662e-02	3.4771356662e-02	3.7286533483e-02	3.8593691215e-02	3.8593691215e-02	4.0721394072e-02	4.2107225675e-02	4.2107225675e-02	4.2107225675e-02	4.3786136528e-02	4.5185234429e-02	4.5185234429e-02	4.7556557774e-02	4.7556557774e-02	4.9209664369e-02	4.9209664369e-02	4.9209664369e-02	5.2318695800e-02	5.3949944362e-02	
53	0.0	1.0602008872e-02	1.4341222153e-02	6.3009047829e-03	6.3009047829e-03	6.3009047829e-03	6.3009047829e-03	-3.4437748755e-04	-3.4437748755e-04	-3.4437748755e-04	-3.4437748755e-04	-1.1000977432e-02	-1.1000977432e-02	-1.1000977432e-02	-1.1000977432e-02	-1.6770323915e-02	-1.6770323915e-02	-1.6770323915e-02	-1.6770323915e-02	-2.1798933856e-02	-2.1798933856e-02	-2.1798933856e-02	-2.2364136366e-02	-2.5836582485e-02	-2.5836582485e-02	-2.5836582485e-02	-2.8659227825e-02	-2.8659227825e-02	-2.8659227825e-02	-2.8659227825e-02	-3.0084736143e-02	-3.0084736143e-02	-3.0084736143e-02	-3.0084736143e-02	-2.9972617669e-02	-2.9972617669e-02	-2.9972617669e-02	-2.9972617669e-02	-2.8271653347e-02	-2.8271653347e-02	-2.8271653347e-02	-2.8271653347e-02	-2.5040706113e-02	-2.5040706113e-02	-2.5040706113e-02	-2.0768719127e-02	-2.0494316609e-02	-2.0494316609e-02	-2.0494316609e-02	-1.5039270966e-02	-1.5039270966e-02	-1.5039270966e-02	-1.5039270966e-02	-9.2918367302e-03	-9.2918367302e-03	-9.2918367302e-03	-4.4453966043e-03	-3.7675571994e-03	-3.7675571994e-03	-3.7675571994e-03	-3.7675571994e-03	7.0839558307e-03	7.0839558307e-03	7.0839558307e-03	7.0839558307e-03	1.2885484388e-02	1.2885484388e-02	1.2885484388e-02	1.7150385956e-02	1.8233228809e-02	1.8233228809e-02	1.8233228809e-02	2.2895281863e-02	2.2895281863e-02	2.2895281863e-02	2.6161080227e-02	2.6161080227e-02	2.7977598963e-02	2.7977598963e-02	2.7977598963e-02	3.3364156758e-02	3.4486018403e-02	3.4486018403e-02	3.4486018403e-02	3.6995913418e-02	3.8300146444e-02	3.8300146444e-02	4.0421057870e-02	4.1802481310e-02	4.1802481310e-02	4.1802481310e-02	4.3474930987e-02	4.4867975677e-02	4.4867975677e-02	4.7233009164e-02	4.7233009164e-02	4.8877871899e-02	4.8877871899e-02	4.8877871899e-02	5.1980151709e-02	5.3602003046e-02	
54	0.0	1.0530675546e-02	1.4289022041e-02	6.1701899423e-03	6.1701899423e-03	6.1701899423e-03	6.1701899423e-03	-5.2306887230e-04	-5.2306887230e-04	-5.2306887230e-04	-5.2306887230e-04	-1.1241607383e-02	-1.1241607383e-02	-1.1241607383e-02	-1.1241607383e-02	-1.7029165349e-02	-1.7029165349e-02	-1.7029165349e-02	-1.7029165349e-02	-2.2073276509e-02	-2.2073276509e-02	-2.2073276509e-02	-2.2640861230e-02	-2.6123173769e-02	-2.6123173769e-02	-2.6123173769e-02	-2.8954089718e-02	-2.8954089718e-02	-2.8954089718e-02	-2.8954089718e-02	-3.0383578694e-02	-3.0383578694e-02	-3.0383578694e-02	-3.0383578694e-02	-3.0271217410e-02	-3.0271217410e-02	-3.0271217410e-02	-3.0271217410e-02	-2.8566179379e-02	-2.8566179379e-02	-2.8566179379e-02	-2.8566179379e-02	-2.5328137999e-02	-2.5328137999e-02	-2.5328137999e-02	-2.1048200511e-02	-2.0773469858e-02	-2.0773469858e-02	-2.0773469858e-02	-1.5311763005e-02	-1.5311763005e-02	-1.5311763005e-02	-1.5311763005e-02	-9.5606739008e-03	-9.5606739008e-03	-9.5606739008e-03	-4.7124862568e-03	-4.0336872172e-03	-4.0336872172e-03	-4.0336872172e-03	-4.0336872172e-03	6.8275962758e-03	6.8275962758e-03	6.8275962758e-03	6.8275962758e-03	1.2631427621e-02	1.2631427621e-02	1.2631427621e-02	1.6893777892e-02	1.7977832582e-02	1.7977832582e-02	1.7977832582e-02	2.2636894017e-02	2.2636894017e-02	2.2636894017e-02	2.5898509860e-02	2.5898509860e-02	2.7716592380e-02	2.7716592380e-02	2.7716592380e-02	3.3097549903e-02	3.4217355325e-02	3.4217355325e-02	3.4217355325e-02	3.6722299487e-02	3.8023964051e-02	3.8023964051e-02	4.0138460631e-02	4.1516004394e-02	4.1516004394e-02	4.1516004394e-02	4.3182313204e-02	4.4569878752e-02	4.4569878752e-02	4.6928546738e-02	4.6928546738e-02	4.8565911119e-02	4.8565911119e-02	4.8565911119e-02	5.1661347439e-02	5.3274731015e-02	
55	0.0	1.0462264091e-02	1.4237725477e-02	6.0448681628e-03	6.0448681628e-03	6.0448681628e-03	6.0448681628e-03	-6.9361761568e-04	-6.9361761568e-04	-6.9361761568e-04	-6.9361761568e-04	-1.1470436966e-02	-1.1470436966e-02	-1.1470436966e-02	-1.1470436966e-02	-1.7275181741e-02	-1.7275181741e-02	-1.7275181741e-02	-1.7275181741e-02	-2.2333982878e-02	-2.2333982878e-02	-2.2333982878e-02	-2.2903786611e-02	-2.6395512709e-02	-2.6395512709e-02	-2.6395512709e-02	-2.9234301254e-02	-2.9234301254e-02	-2.9234301254e-02	-2.9234301254e-02	-3.0667566922e-02	-3.0667566922e-02	-3.0667566922e-02	-3.0667566922e-02	-3.0554903260e-02	-3.0554903260e-02	-3.0554903260e-02	-3.0554903260e-02	-2.8845848531e-02	-2.8845848531e-02	-2.8845848531e-02	-2.8845848531e-02	-2.5600828655e-02	-2.5600828655e-02	-2.5600828655e-02	-2.1313014267e-02	-2.1037982713e-02	-2.1037982713e-02	-2.1037982713e-02	-1.5569586062e-02	-1.5569586062e-02	-1.5569586062e-02	-1.5569586062e-02	-9.8146500061e-03	-9.8146500061e-03	-9.8146500061e-03	-4.9644201753e-03	-4.2847218953e-03	-4.2847218953e-03	-4.2847218953e-03	-4.2847218953e-03	6.5864550192e-03	6.5864550192e-03	6.5864550192e-03	6.5864550192e-03	1.2392771408e-02	1.2392771408e-02	1.2392771408e-02	1.6653090149e-02	1.7738239861e-02	1.7738239861e-02	1.7738239861e-02	2.2394820175e-02	2.2394820175e-02	2.2394820175e-02	2.5652869179e-02	2.5652869179e-02	2.7472396469e-02	2.7472396469e-02	2.7472396469e-02	3.2848432820e-02	3.3966185021e-02	3.3966185021e-02	3.3966185021e-02	3.6466656280e-02	3.7765826040e-02	3.7765826040e-02	3.9874457693e-02	4.1248347984e-02	4.1248347984e-02	4.1248347984e-02	4.2909031403e-02	4.4291451354e-02	4.4291451354e-02	4.6644137394e-02	4.6644137394e-02	4.8274452224e-02	4.8274452224e-02	4.8274452224e-02	5.1363767289e-02	5.2969239883e-02	
56	0.0	1.0398714858e-02	1.4190020040e-02	5.9282180352e-03	5.9282180352e-03	5.9282180352e-03	5.9282180352e-03	-8.5243810006e-04	-8.5243810006e-04	-8.5243810006e-04	-8.5243810006e-04	-1.1683537601e-02	-1.1683537601e-02	-1.1683537601e-02	-1.1683537601e-02	-1.7504277786e-02	-1.7504277786e-02	-1.7504277786e-02	-1.7504277786e-02	-2.2576760142e-02	-2.2576760142e-02	-2.2576760142e-02	-2.3148577904e-02	-2.6649114678e-02	-2.6649114678e-02	-2.6649114678e-02	-2.9495227253e-02	-2.9495227253e-02	-2.9495227253e-02	-2.9495227253e-02	-3.0931968186e-02	-3.0931968186e-02	-3.0931968186e-02	-3.0931968186e-02	-3.0818927355e-02	-3.0818927355e-02	-3.0818927355e-02	-3.0818927355e-02	-2.9105969015e-02	-2.9105969015e-02	-2.9105969015e-02	-2.9105969015e-02	-2.5854174024e-02	-2.5854174024e-02	-2.5854174024e-02	-2.1558683929e-02	-2.1283351840e-02	-2.1283351840e-02	-2.1283351840e-02	-1.5808356391e-02	-1.5808356391e-02	-1.5808356391e-02	-1.5808356391e-02	-1.0049521608e-02	-1.0049521608e-02	-1.0049521608e-02	-5.1971790639e-03	-4.5165916309e-03	-4.5165916309e-03	-4.5165916309e-03	-4.5165916309e-03	6.3644065805e-03	6.3644065805e-03	6.3644065805e-03	6.3644065805e-03	1.2173280042e-02	1.2173280042e-02	1.2173280042e-02	1.6431781293e-02	1.7518075603e-02	1.7518075603e-02	1.7518075603e-02	2.2172559499e-02	2.2172559499e-02	2.2172559499e-02	2.5427346614e-02	2.5427346614e-02	2.7248452160e-02	2.7248452160e-02	2.7248452160e-02	3.2619751513e-02	3.3735633987e-02	3.3735633987e-02	3.3735633987e-02	3.6231819734e-02	3.7528745572e-02	3.7528745572e-02	3.9631763667e-02	4.1002372691e-02	4.1002372691e-02	4.1002372691e-02	4.2657675147e-02	4.4035497177e-02	4.4035497177e-02	4.6382174027e-02	4.6382174027e-02	4.8006198809e-02	4.8006198809e-02	4.8006198809e-02	5.1089183551e-02	5.2687592635e-02	
57	0.0	1.0339056504e-02	1.4144800768e-02	5.8185580051e-03	5.8185580051e-03	5.8185580051e-03	5.8185580051e-03	-1.0014982875e-03	-1.0014982875e-03	-1.0014982875e-03	-1.0014982875e-03	-1.1883210792e-02	-1.1883210792e-02	-1.1883210792e-02	-1.1883210792e-02	-1.7718853387e-02	-1.7718853387e-02	-1.7718853387e-02	-1.7718853387e-02	-2.2804074038e-02	-2.2804074038e-02	-2.2804074038e-02	-2.3377709042e-02	-2.6886517280e-02	-2.6886517280e-02	-2.6886517280e-02	-2.9739470291e-02	-2.9739470291e-02	-2.9739470291e-02	-2.9739470291e-02	-3.1179437781e-02	-3.1179437781e-02	-3.1179437781e-02	-3.1179437781e-02	-3.1065972944e-02	-3.1065972944e-02	-3.1065972944e-02	-3.1065972944e-02	-2.9349208940e-02	-2.9349208940e-02	-2.9349208940e-02	-2.9349208940e-02	-2.6090796229e-02	-2.6090796229e-02	-2.6090796229e-02	-2.1787744410e-02	-2.1512122312e-02	-2.1512122312e-02	-2.1512122312e-02	-1.6030513226e-02	-1.6030513226e-02	-1.6030513226e-02	-1.6030513226e-02	-1.0267582350e-02	-1.0267582350e-02	-1.0267582350e-02	-5.4128684720e-03	-4.7314301050e-03	-4.7314301050e-03	-4.7314301050e-03	-4.7314301050e-03	6.1598267012e-03	6.1598267012e-03	6.1598267012e-03	6.1598267012e-03	1.1971628522e-02	1.1971628522e-02	1.1971628522e-02	1.6228895982e-02	1.7316374722e-02	1.7316374722e-02	1.7316374722e-02	2.1969450098e-02	2.1969450098e-02	2.1969450098e-02	2.5221613423e-02	2.5221613423e-02	2.7044331011e-02	2.7044331011e-02	2.7044331011e-02	3.2411644907e-02	3.3525770707e-02	3.3525770707e-02	3.3525770707e-02	3.6018175371e-02	3.7313019008e-02	3.7313019008e-02	3.9410993585e-02	4.0778589113e-02	4.0778589113e-02	4.0778589113e-02	4.2429038150e-02	4.3802707649e-02	4.3802707649e-02	4.6143756447e-02	4.6143756447e-02	4.7762123223e-02	4.7762123223e-02	4.7762123223e-02	5.0839247416e-02	5.2431252192e-02	
58	0.0	1.0284935651e-02	1.4104180720e-02	5.7180864199e-03	5.7180864199e-03	5.7180864199e-03	5.7180864199e-03	-1.1385733858e-03	-1.1385733858e-03	-1.1385733858e-03	-1.1385733858e-03	-1.2067256483e-02	-1.2067256483e-02	-1.2067256483e-02	-1.2067256483e-02	-1.7916794424e-02	-1.7916794424e-02	-1.7916794424e-02	-1.7916794424e-02	-2.3013899923e-02	-2.3013899923e-02	-2.3013899923e-02	-2.3589240423e-02	-2.7105771025e-02	-2.7105771025e-02	-2.7105771025e-02	-2.9965141764e-02	-2.9965141764e-02	-2.9965141764e-02	-2.9965141764e-02	-3.1408141336e-02	-3.1408141336e-02	-3.1408141336e-02	-3.1408141336e-02	-3.1294245202e-02	-3.1294245202e-02	-3.1294245202e-02	-3.1294245202e-02	-2.9573795111e-02	-2.9573795111e-02	-2.9573795111e-02	-2.9573795111e-02	-2.6308948928e-02	-2.6308948928e-02	-2.6308948928e-02	-2.1998467176e-02	-2.1722573313e-02	-2.1722573313e-02	-2.1722573313e-02	-1.6234341211e-02	-1.6234341211e-02	-1.6234341211e-02	-1.6234341211e-02	-1.0467103860e-02	-1.0467103860e-02	-1.0467103860e-02	-5.6097464716e-03	-4.9274877447e-03	-4.9274877447e-03	-4.9274877447e-03	-4.9274877447e-03	5.9746000897e-03	5.9746000897e-03	5.9746000897e-03	5.9746000897e-03	1.1789771718e-02	1.1789771718e-02	1.1789771718e-02	1.6046418986e-02	1.7135118175e-02	1.7135118175e-02	1.7135118175e-02	2.1787498380e-02	2.1787498380e-02	2.1787498380e-02	2.5037677531e-02	2.5037677531e-02	2.6862150726e-02	2.6862150726e-02	2.6862150726e-02	3.2226286477e-02	3.3338817401e-02	3.3338817401e-02	3.3338817401e-02	3.5827979576e-02	3.7120948589e-02	3.7120948589e-02	3.9214486029e-02	4.0579372090e-02	4.0579372090e-02	4.0579372090e-02	4.2225535885e-02	4.3595519236e-02	4.3595519236e-02	4.5931411368e-02	4.5931411368e-02	4.7544775400e-02	4.7544775400e-02	4.7544775400e-02	5.0616645144e-02	5.2202914287e-02	
59	0.0	1.0238515687e-02	1.4070435319e-02	5.6293783847e-03	5.6293783847e-03	5.6293783847e-03	5.6293783847e-03	-1.2610025438e-03	-1.2610025438e-03	-1.2610025438e-03	-1.2610025438e-03	-1.2232978433e-02	-1.2232978433e-02	-1.2232978433e-02	-1.2232978433e-02	-1.8095399575e-02	-1.8095399575e-02	-1.8095399575e-02	-1.8095399575e-02	-2.3203524216e-02	-2.3203524216e-02	-2.3203524216e-02	-2.3780435753e-02	-2.7304146129e-02	-2.7304146129e-02	-2.7304146129e-02	-3.0169489316e-02	-3.0169489316e-02	-3.0169489316e-02	-3.0169489316e-02	-3.1615307239e-02	-3.1615307239e-02	-3.1615307239e-02	-3.1615307239e-02	-3.1500971872e-02	-3.1500971872e-02	-3.1500971872e-02	-3.1500971872e-02	-2.9776976373e-02	-2.9776976373e-02	-2.9776976373e-02	-2.9776976373e-02	-2.6505924915e-02	-2.6505924915e-02	-2.6505924915e-02	-2.2188195451e-02	-2.1912048324e-02	-2.1912048324e-02	-2.1912048324e-02	-1.6417225052e-02	-1.6417225052e-02	-1.6417225052e-02	-1.6417225052e-02	-1.0645510642e-02	-1.0645510642e-02	-1.0645510642e-02	-5.7852919861e-03	-5.1022385980e-03	-5.1022385980e-03	-5.1022385980e-03	-5.1022385980e-03	5.8112163787e-03	5.8112163787e-03	5.8112163787e-03	5.8112163787e-03	1.1630128316e-02	1.1630128316e-02	1.1630128316e-02	1.5886663292e-02	1.6976604860e-02	1.6976604860e-02	1.6976604860e-02	2.1628865554e-02	2.1628865554e-02	2.1628865554e-02	2.4877566253e-02	2.4877566253e-02	2.6703928352e-02	2.6703928352e-02	2.6703928352e-02	3.2065528252e-02	3.3176633869e-02	3.3176633869e-02	3.3176633869e-02	3.5662987755e-02	3.6954296593e-02	3.6954296593e-02	3.9043875672e-02	4.0406355597e-02	4.0406355597e-02	4.0406355597e-02	4.2048660110e-02	4.3415399229e-02	4.3415399229e-02	4.5746431040e-02	4.5746431040e-02	4.7355407809e-02	4.7355407809e-02	4.7355407809e-02	5.0422414752e-02	5.2003578509e-02	
60	0.0	1.0193827271e-02	1.4036455109e-02	5.5446752056e-03	5.5446752056e-03	5.5446752056e-03	5.5446752056e-03	-1.3769779728e-03	-1.3769779728e-03	-1.3769779728e-03	-1.3769779728e-03	-1.2389088640e-02	-1.2389088640e-02	-1.2389088640e-02	-1.2389088640e-02	-1.8263286914e-02	-1.8263286914e-02	-1.8263286914e-02	-1.8263286914e-02	-2.3381452875e-02	-2.3381452875e-02	-2.3381452875e-02	-2.3959653425e-02	-2.7490053602e-02	-2.7490053602e-02	-2.7490053602e-02	-3.0360843058e-02	-3.0360843058e-02	-3.0360843058e-02	-3.0360843058e-02	-3.1809205901e-02	-3.1809205901e-02	-3.1809205901e-02	-3.1809205901e-02	-3.1694396464e-02	-3.1694396464e-02	-3.1694396464e-02	-3.1694396464e-02	-2.9967006592e-02	-2.9967006592e-02	-2.9967006592e-02	-2.9967006592e-02	-2.6690020200e-02	-2.6690020200e-02	-2.6690020200e-02	-2.2365271152e-02	-2.2088893707e-02	-2.2088893707e-02	-2.2088893707e-02	-1.6587551315e-02	-1.6587551315e-02	-1.6587551315e-02	-1.6587551315e-02	-1.0811241785e-02	-1.0811241785e-02	-1.0811241785e-02	-5.9480006725e-03	-5.2642027839e-03	-5.2642027839e-03	-5.2642027839e-03	-5.2642027839e-03	5.6610574682e-03	5.6610574682e-03	5.6610574682e-03	5.6610574682e-03	1.1483933550e-02	1.1483933550e-02	1.1483933550e-02	1.5740760711e-02	1.6831854873e-02	1.6831854873e-02	1.6831854873e-02	2.1484332661e-02	2.1484332661e-02	2.1484332661e-02	2.4731947957e-02	2.4731947957e-02	2.6560105269e-02	2.6560105269e-02	2.6560105269e-02	3.1919759935e-02	3.3029470291e-02	3.3029470291e-02	3.3029470291e-02	3.5513430876e-02	3.6803136679e-02	3.6803136679e-02	3.8889250991e-02	4.0249453676e-02	4.0249453676e-02	4.0249453676e-02	4.1888387085e-02	4.3252113493e-02	4.3252113493e-02	4.5578844745e-02	4.5578844745e-02	4.7183763979e-02	4.7183763979e-02	4.7183763979e-02	5.0246699712e-02	5.1823099982e-02	
61	0.0	1.0150302206e-02	1.4002337518e-02	5.4636769082e-03	5.4636769082e-03	5.4636769082e-03	5.4636769082e-03	-1.4871327707e-03	-1.4871327707e-03	-1.4871327707e-03	-1.4871327707e-03	-1.2536722237e-02	-1.2536722237e-02	-1.2536722237e-02	-1.2536722237e-02	-1.8421860430e-02	-1.8421860430e-02	-1.8421860430e-02	-1.8421860430e-02	-2.3549338802e-02	-2.3549338802e-02	-2.3549338802e-02	-2.4128681052e-02	-2.7665344294e-02	-2.7665344294e-02	-2.7665344294e-02	-3.0541190312e-02	-3.0541190312e-02	-3.0541190312e-02	-3.0541190312e-02	-3.1991901105e-02	-3.1991901105e-02	-3.1991901105e-02	-3.1991901105e-02	-3.1876605100e-02	-3.1876605100e-02	-3.1876605100e-02	-3.1876605100e-02	-3.0145955653e-02	-3.0145955653e-02	-3.0145955653e-02	-3.0145955653e-02	-2.6863270165e-02	-2.6863270165e-02	-2.6863270165e-02	-2.2531678858e-02	-2.2255121727e-02	-2.2255121727e-02	-2.2255121727e-02	-1.6747312227e-02	-1.6747312227e-02	-1.6747312227e-02	-1.6747312227e-02	-1.0966264177e-02	-1.0966264177e-02	-1.0966264177e-02	-6.0997477191e-03	-5.4153232937e-03	-5.4153232937e-03	-5.4153232937e-03	-5.4153232937e-03	5.5223082883e-03	5.5223082883e-03	5.5223082883e-03	5.5223082883e-03	1.1349400986e-02	1.1349400986e-02	1.1349400986e-02	1.5607007429e-02	1.6699080644e-02	1.6699080644e-02	1.6699080644e-02	2.1352096096e-02	2.1352096096e-02	2.1352096096e-02	2.4599080357e-02	2.4599080357e-02	2.6428817349e-02	2.6428817349e-02	2.6428817349e-02	3.1787320466e-02	3.2895617728e-02	3.2895617728e-02	3.2895617728e-02	3.5377708143e-02	3.6665820245e-02	3.6665820245e-02	3.8749070225e-02	4.0107077051e-02	4.0107077051e-02	4.0107077051e-02	4.1743211370e-02	4.3104095552e-02	4.3104095552e-02	4.5427183465e-02	4.5427183465e-02	4.7028291539e-02	4.7028291539e-02	4.7028291539e-02	5.0088072465e-02	5.1659973010e-02	
62	0.0	1.0109160770e-02	1.3969720958e-02	5.3879298415e-03	5.3879298415e-03	5.3879298415e-03	5.3879298415e-03	-1.5899222058e-03	-1.5899222058e-03	-1.5899222058e-03	-1.5899222058e-03	-1.2674371420e-02	-1.2674371420e-02	-1.2674371420e-02	-1.2674371420e-02	-1.8569568916e-02	-1.8569568916e-02	-1.8569568916e-02	-1.8569568916e-02	-2.3705592524e-02	-2.3705592524e-02	-2.3705592524e-02	-2.4285905008e-02	-2.7828395772e-02	-2.7828395772e-02	-2.7828395772e-02	-3.0708885793e-02	-3.0708885793e-02	-3.0708885793e-02	-3.0708885793e-02	-3.2161735660e-02	-3.2161735660e-02	-3.2161735660e-02	-3.2161735660e-02	-3.2045942632e-02	-3.2045942632e-02	-3.2045942632e-02	-3.2045942632e-02	-3.0312191301e-02	-3.0312191301e-02	-3.0312191301e-02	-3.0312191301e-02	-2.7024076557e-02	-2.7024076557e-02	-2.7024076557e-02	-2.2685880398e-02	-2.2409179552e-02	-2.2409179552e-02	-2.2409179552e-02	-1.6895022593e-02	-1.6895022593e-02	-1.6895022593e-02	-1.6895022593e-02	-1.1109173086e-02	-1.1109173086e-02	-1.1109173086e-02	-6.2392515706e-03	-5.5542755309e-03	-5.5542755309e-03	-5.5542755309e-03	-5.5542755309e-03	5.3961119082e-03	5.3961119082e-03	5.3961119082e-03	5.3961119082e-03	1.1227580398e-02	1.1227580398e-02	1.1227580398e-02	1.5486235916e-02	1.6579208451e-02	1.6579208451e-02	1.6579208451e-02	2.1232961428e-02	2.1232961428e-02	2.1232961428e-02	2.4479559558e-02	2.4479559558e-02	2.6310827261e-02	2.6310827261e-02	2.6310827261e-02	3.1668714254e-02	3.2775681110e-02	3.2775681110e-02	3.2775681110e-02	3.5256259575e-02	3.6542877251e-02	3.6542877251e-02	3.8623681132e-02	3.9979656053e-02	3.9979656053e-02	3.9979656053e-02	4.1613384689e-02	4.2971666029e-02	4.2971666029e-02	4.5291523860e-02	4.5291523860e-02	4.6889141818e-02	4.6889141818e-02	4.6889141818e-02	4.9946194472e-02	5.1513946905e-02	
63	0.0	1.0071302548e-02	1.3939590440e-02	5.3183797899e-03	5.3183797899e-03	5.3183797899e-03	5.3183797899e-03	-1.6843324865e-03	-1.6843324865e-03	-1.6843324865e-03	-1.6843324865e-03	-1.2800871651e-02	-1.2800871651e-02	-1.2800871651e-02	-1.2800871651e-02	-1.8704870664e-02	-1.8704870664e-02	-1.8704870664e-02	-1.8704870664e-02	-2.3848317595e-02	-2.3848317595e-02	-2.3848317595e-02	-2.4429205375e-02	-2.7977056718e-02	-2.7977056718e-02	-2.7977056718e-02	-3.0861611637e-02	-3.0861611637e-02	-3.0861611637e-02	-3.0861611637e-02	-3.2316298175e-02	-3.2316298175e-02	-3.2316298175e-02	-3.2316298175e-02	-3.2199962195e-02	-3.2199962195e-02	-3.2199962195e-02	-3.2199962195e-02	-3.0463281919e-02	-3.0463281919e-02	-3.0463281919e-02	-3.0463281919e-02	-2.7170065057e-02	-2.7170065057e-02	-2.7170065057e-02	-2.2825574335e-02	-2.2548783277e-02	-2.2548783277e-02	-2.2548783277e-02	-1.7028525626e-02	-1.7028525626e-02	-1.7028525626e-02	-1.7028525626e-02	-1.1237966422e-02	-1.1237966422e-02	-1.1237966422e-02	-6.3646326103e-03	-5.6792184397e-03	-5.6792184397e-03	-5.6792184397e-03	-5.6792184397e-03	5.2840121340e-03	5.2840121340e-03	5.2840121340e-03	5.2840121340e-03	1.1119814549e-02	1.1119814549e-02	1.1119814549e-02	1.5379603663e-02	1.6473349834e-02	1.6473349834e-02	1.6473349834e-02	2.1127818633e-02	2.1127818633e-02	2.1127818633e-02	2.4374104003e-02	2.4374104003e-02	2.6206781515e-02	2.6206781515e-02	2.6206781515e-02	3.1564369692e-02	3.2670058153e-02	3.2670058153e-02	3.2670058153e-02	3.5149339292e-02	3.6434534608e-02	3.6434534608e-02	3.8513152894e-02	3.9867232362e-02	3.9867232362e-02	3.9867232362e-02	4.1498798130e-02	4.2854684846e-02	4.2854684846e-02	4.5171564210e-02	4.5171564210e-02	4.6765980473e-02	4.6765980473e-02	4.6765980473e-02	4.9820446214e-02	5.1384388492e-02	
64	0.0	1.0037846670e-02	1.3913226513e-02	5.2563876906e-03	5.2563876906e-03	5.2563876906e-03	5.2563876906e-03	-1.7689100521e-03	-1.7689100521e-03	-1.7689100521e-03	-1.7689100521e-03	-1.2914700538e-02	-1.2914700538e-02	-1.2914700538e-02	-1.2914700538e-02	-1.8826404250e-02	-1.8826404250e-02	-1.8826404250e-02	-1.8826404250e-02	-2.3976293734e-02	-2.3976293734e-02	-2.3976293734e-02	-2.4557593471e-02	-2.8110323958e-02	-2.8110323958e-02	-2.8110323958e-02	-3.0998570529e-02	-3.0998570529e-02	-3.0998570529e-02	-3.0998570529e-02	-3.2454947514e-02	-3.2454947514e-02	-3.2454947514e-02	-3.2454947514e-02	-3.2338112238e-02	-3.2338112238e-02	-3.2338112238e-02	-3.2338112238e-02	-3.0598705446e-02	-3.0598705446e-02	-3.0598705446e-02	-3.0598705446e-02	-2.7300711896e-02	-2.7300711896e-02	-2.7300711896e-02	-2.2950257662e-02	-2.2673393452e-02	-2.2673393452e-02	-2.2673393452e-02	-1.7147269724e-02	-1.7147269724e-02	-1.7147269724e-02	-1.7147269724e-02	-1.1352089320e-02	-1.1352089320e-02	-1.1352089320e-02	-6.4753797624e-03	-5.7895894065e-03	-5.7895894065e-03	-5.7895894065e-03	-5.7895894065e-03	5.1864752583e-03	5.1864752583e-03	5.1864752583e-03	5.1864752583e-03	1.1026543364e-02	1.1026543364e-02	1.1026543364e-02	1.5287467647e-02	1.6381911393e-02	1.6381911393e-02	1.6381911393e-02	2.1037038897e-02	2.1037038897e-02	2.1037038897e-02	2.4283009070e-02	2.4283009070e-02	2.6117038319e-02	2.6117038319e-02	2.6117038319e-02	3.1474548275e-02	3.2579061324e-02	3.2579061324e-02	3.2579061324e-02	3.5057185486e-02	3.6341072978e-02	3.6341072978e-02	3.8417678783e-02	3.9770031334e-02	3.9770031334e-02	3.9770031334e-02	4.1399591434e-02	4.2753311210e-02	4.2753311210e-02	4.5067392788e-02	4.5067392788e-02	4.6658909739e-02	4.6658909739e-02	4.6658909739e-02	4.9710820689e-02	5.1271300828e-02	
65	0.0	1.0010534935e-02	1.3892409040e-02	5.2038260335e-03	5.2038260335e-03	5.2038260335e-03	5.2038260335e-03	-1.8417214023e-03	-1.8417214023e-03	-1.8417214023e-03	-1.8417214023e-03	-1.3013820140e-02	-1.3013820140e-02	-1.3013820140e-02	-1.3013820140e-02	-1.8932307174e-02	-1.8932307174e-02	-1.8932307174e-02	-1.8932307174e-02	-2.4087833463e-02	-2.4087833463e-02	-2.4087833463e-02	-2.4669440200e-02	-2.8226626275e-02	-2.8226626275e-02	-2.8226626275e-02	-3.1118255739e-02	-3.1118255739e-02	-3.1118255739e-02	-3.1118255739e-02	-3.2576192196e-02	-3.2576192196e-02	-3.2576192196e-02	-3.2576192196e-02	-3.2458888151e-02	-3.2458888151e-02	-3.2458888151e-02	-3.2458888151e-02	-3.0716917571e-02	-3.0716917571e-02	-3.0716917571e-02	-3.0716917571e-02	-2.7414386487e-02	-2.7414386487e-02	-2.7414386487e-02	-2.3058186394e-02	-2.2781270126e-02	-2.2781270126e-02	-2.2781270126e-02	-1.7249407338e-02	-1.7249407338e-02	-1.7249407338e-02	-1.7249407338e-02	-1.1449615823e-02	-1.1449615823e-02	-1.1449615823e-02	-6.5694728487e-03	-5.8833979461e-03	-5.8833979461e-03	-5.8833979461e-03	-5.8833979461e-03	5.1054763562e-03	5.1054763562e-03	5.1054763562e-03	5.1054763562e-03	1.0949727550e-02	1.0949727550e-02	1.0949727550e-02	1.5211848695e-02	1.6306840632e-02	1.6306840632e-02	1.6306840632e-02	2.0962553044e-02	2.0962553044e-02	2.0962553044e-02	2.4208270492e-02	2.4208270492e-02	2.6043446617e-02	2.6043446617e-02	2.6043446617e-02	3.1401213287e-02	3.2504581306e-02	3.2504581306e-02	3.2504581306e-02	3.4981741113e-02	3.6264359475e-02	3.6264359475e-02	3.8339171621e-02	3.9689881737e-02	3.9689881737e-02	3.9689881737e-02	4.1317632377e-02	4.2669318852e-02	4.2669318852e-02	4.4980890960e-02	4.4980890960e-02	4.6569692109e-02	4.6569692109e-02	4.6569692109e-02	4.9619310439e-02	5.1176550276e-02	
66	0.0	9.9893129535e-03	1.3876747541e-02	5.1609463211e-03	5.1609463211e-03	5.1609463211e-03	5.1609463211e-03	-1.9022035519e-03	-1.9022035519e-03	-1.9022035519e-03	-1.9022035519e-03	-1.3097257718e-02	-1.3097257718e-02	-1.3097257718e-02	-1.3097257718e-02	-1.9021620892e-02	-1.9021620892e-02	-1.9021620892e-02	-1.9021620892e-02	-2.4181979739e-02	-2.4181979739e-02	-2.4181979739e-02	-2.4763765599e-02	-2.8324960225e-02	-2.8324960225e-02	-2.8324960225e-02	-3.1219605936e-02	-3.1219605936e-02	-3.1219605936e-02	-3.1219605936e-02	-3.2678924164e-02	-3.2678924164e-02	-3.2678924164e-02	-3.2678924164e-02	-3.2561162623e-02	-3.2561162623e-02	-3.2561162623e-02	-3.2561162623e-02	-3.0816821758e-02	-3.0816821758e-02	-3.0816821758e-02	-3.0816821758e-02	-2.7510077872e-02	-2.7510077872e-02	-2.7510077872e-02	-2.3148455611e-02	-2.2871508316e-02	-2.2871508316e-02	-2.2871508316e-02	-1.7334175248e-02	-1.7334175248e-02	-1.7334175248e-02	-1.7334175248e-02	-1.1529937014e-02	-1.1529937014e-02	-1.1529937014e-02	-6.6464513095e-03	-5.9601665555e-03	-5.9601665555e-03	-5.9601665555e-03	-5.9601665555e-03	5.0410285946e-03	5.0410285946e-03	5.0410285946e-03	5.0410285946e-03	1.0889192373e-02	1.0889192373e-02	1.0889192373e-02	1.5152409111e-02	1.6247811053e-02	1.6247811053e-02	1.6247811053e-02	2.0903913076e-02	2.0903913076e-02	2.0903913076e-02	2.4149333442e-02	2.4149333442e-02	2.5985439176e-02	2.5985439176e-02	2.5985439176e-02	3.1343612066e-02	3.2445857501e-02	3.2445857501e-02	3.2445857501e-02	3.4922128483e-02	3.6203501363e-02	3.6203501363e-02	3.8276609536e-02	3.9625738946e-02	3.9625738946e-02	3.9625738946e-02	4.1251757629e-02	4.2601516136e-02	4.2601516136e-02	4.4910741771e-02	4.4910741771e-02	4.6496977643e-02	4.6496977643e-02	4.6496977643e-02	4.9544373539e-02	5.1098567579e-02	
67	0.0	9.9716876637e-03	1.3863513216e-02	5.1240711504e-03	5.1240711504e-03	5.1240711504e-03	5.1240711504e-03	-1.9542036337e-03	-1.9542036337e-03	-1.9542036337e-03	-1.9542036337e-03	-1.3168795462e-02	-1.3168795462e-02	-1.3168795462e-02	-1.3168795462e-02	-1.9098230374e-02	-1.9098230374e-02	-1.9098230374e-02	-1.9098230374e-02	-2.4262843293e-02	-2.4262843293e-02	-2.4262843293e-02	-2.4844769940e-02	-2.8409507583e-02	-2.8409507583e-02	-2.8409507583e-02	-3.1306822544e-02	-3.1306822544e-02	-3.1306822544e-02	-3.1306822544e-02	-3.2767351274e-02	-3.2767351274e-02	-3.2767351274e-02	-3.2767351274e-02	-3.2649145076e-02	-3.2649145076e-02	-3.2649145076e-02	-3.2649145076e-02	-3.0902627054e-02	-3.0902627054e-02	-3.0902627054e-02	-3.0902627054e-02	-2.7592047840e-02	-2.7592047840e-02	-2.7592047840e-02	-2.3225475878e-02	-2.2948517998e-02	-2.2948517998e-02	-2.2948517998e-02	-1.7406158769e-02	-1.7406158769e-02	-1.7406158769e-02	-1.7406158769e-02	-1.1597808236e-02	-1.1597808236e-02	-1.1597808236e-02	-6.7112112848e-03	-6.0247784755e-03	-6.0247784755e-03	-6.0247784755e-03	-6.0247784755e-03	4.9882256608e-03	4.9882256608e-03	4.9882256608e-03	4.9882256608e-03	1.0840041253e-02	1.0840041253e-02	1.0840041253e-02	1.5104255914e-02	1.6199946480e-02	1.6199946480e-02	1.6199946480e-02	2.0856251914e-02	2.0856251914e-02	2.0856251914e-02	2.4101321674e-02	2.4101321674e-02	2.5938138668e-02	2.5938138668e-02	2.5938138668e-02	3.1296781546e-02	3.2397914402e-02	3.2397914402e-02	3.2397914402e-02	3.4873311673e-02	3.6153449735e-02	3.6153449735e-02	3.8224870735e-02	3.9572464755e-02	3.9572464755e-02	3.9572464755e-02	4.1196759433e-02	4.2544676153e-02	4.2544676153e-02	4.4851638780e-02	4.4851638780e-02	4.6435438795e-02	4.6435438795e-02	4.6435438795e-02	4.9480558639e-02	5.1031883106e-02	
68	0.0	9.9569103762e-03	1.3852308489e-02	5.0933447287e-03	5.0933447287e-03	5.0933447287e-03	5.0933447287e-03	-1.9973272566e-03	-1.9973272566e-03	-1.9973272566e-03	-1.9973272566e-03	-1.3227940889e-02	-1.3227940889e-02	-1.3227940889e-02	-1.3227940889e-02	-1.9161801892e-02	-1.9161801892e-02	-1.9161801892e-02	-1.9161801892e-02	-2.4330480970e-02	-2.4330480970e-02	-2.4330480970e-02	-2.4912662671e-02	-2.8480490155e-02	-2.8480490155e-02	-2.8480490155e-02	-3.1380180475e-02	-3.1380180475e-02	-3.1380180475e-02	-3.1380180475e-02	-3.2841761598e-02	-3.2841761598e-02	-3.2841761598e-02	-3.2841761598e-02	-3.2723120863e-02	-3.2723120863e-02	-3.2723120863e-02	-3.2723120863e-02	-3.0974605029e-02	-3.0974605029e-02	-3.0974605029e-02	-3.0974605029e-02	-2.7660533093e-02	-2.7660533093e-02	-2.7660533093e-02	-2.3289452348e-02	-2.3012489200e-02	-2.3012489200e-02	-2.3012489200e-02	-1.7465492033e-02	-1.7465492033e-02	-1.7465492033e-02	-1.7465492033e-02	-1.1653278625e-02	-1.1653278625e-02	-1.1653278625e-02	-6.7637281664e-03	-6.0771813497e-03	-6.0771813497e-03	-6.0771813497e-03	-6.0771813497e-03	4.9472610578e-03	4.9472610578e-03	4.9472610578e-03	4.9472610578e-03	1.0802572799e-02	1.0802572799e-02	1.0802572799e-02	1.5067755234e-02	1.6163655895e-02	1.6163655895e-02	1.6163655895e-02	2.0820069385e-02	2.0820069385e-02	2.0820069385e-02	2.4064770712e-02	2.4064770712e-02	2.5902137194e-02	2.5902137194e-02	2.5902137194e-02	3.1261291903e-02	3.2361333345e-02	3.2361333345e-02	3.2361333345e-02	3.4835849873e-02	3.6114775321e-02	3.6114775321e-02	3.8184491915e-02	3.9530605187e-02	3.9530605187e-02	3.9530605187e-02	4.1153147200e-02	4.2499315192e-02	4.2499315192e-02	4.4804037993e-02	4.4804037993e-02	4.6385538916e-02	4.6385538916e-02	4.6385538916e-02	4.9428213262e-02	5.0976850154e-02	
69	0.0	9.9447161508e-03	1.3843017966e-02	5.0682722910e-03	5.0682722910e-03	5.0682722910e-03	5.0682722910e-03	-2.0325374966e-03	-2.0325374966e-03	-2.0325374966e-03	-2.0325374966e-03	-1.3276451663e-02	-1.3276451663e-02	-1.3276451663e-02	-1.3276451663e-02	-1.9214295098e-02	-1.9214295098e-02	-1.9214295098e-02	-1.9214295098e-02	-2.4386630293e-02	-2.4386630293e-02	-2.4386630293e-02	-2.4969010547e-02	-2.8539552150e-02	-2.8539552150e-02	-2.8539552150e-02	-3.1441245808e-02	-3.1441245808e-02	-3.1441245808e-02	-3.1441245808e-02	-3.2903673256e-02	-3.2903673256e-02	-3.2903673256e-02	-3.2903673256e-02	-3.2784580323e-02	-3.2784580323e-02	-3.2784580323e-02	-3.2784580323e-02	-3.1034222262e-02	-3.1034222262e-02	-3.1034222262e-02	-3.1034222262e-02	-2.7716929056e-02	-2.7716929056e-02	-2.7716929056e-02	-2.3341606127e-02	-2.3064664951e-02	-2.3064664951e-02	-2.3064664951e-02	-1.7513247513e-02	-1.7513247513e-02	-1.7513247513e-02	-1.7513247513e-02	-1.1697242253e-02	-1.1697242253e-02	-1.1697242253e-02	-6.8047053507e-03	-6.1181115496e-03	-6.1181115496e-03	-6.1181115496e-03	-6.1181115496e-03	4.9175530652e-03	4.9175530652e-03	4.9175530652e-03	4.9175530652e-03	1.0776280658e-02	1.0776280658e-02	1.0776280658e-02	1.5042482029e-02	1.6138499127e-02	1.6138499127e-02	1.6138499127e-02	2.0794983446e-02	2.0794983446e-02	2.0794983446e-02	2.4039351703e-02	2.4039351703e-02	2.5877106873e-02	2.5877106873e-02	2.5877106873e-02	3.1236831272e-02	3.2335783765e-02	3.2335783765e-02	3.2335783765e-02	3.4809421329e-02	3.6087141458e-02	3.6087141458e-02	3.8155140799e-02	3.9499814482e-02	3.9499814482e-02	3.9499814482e-02	4.1120578196e-02	4.2465078355e-02	4.2465078355e-02	4.4767584685e-02	4.4767584685e-02	4.6346911152e-02	4.6346911152e-02	4.6346911152e-02	4.9386978356e-02	5.0933097241e-02	
70	0.0	9.9346926505e-03	1.3835180036e-02	5.0477970629e-03	5.0477970629e-03	5.0477970629e-03	5.0477970629e-03	-2.0612486736e-03	-2.0612486736e-03	-2.0612486736e-03	-2.0612486736e-03	-1.3316159712e-02	-1.3316159712e-02	-1.3316159712e-02	-1.3316159712e-02	-1.9257456975e-02	-1.9257456975e-02	-1.9257456975e-02	-1.9257456975e-02	-2.4432921119e-02	-2.4432921119e-02	-2.4432921119e-02	-2.5015375546e-02	-2.8588274383e-02	-2.8588274383e-02	-2.8588274383e-02	-3.1491606097e-02	-3.1491606097e-02	-3.1491606097e-02	-3.1491606097e-02	-3.2954694626e-02	-3.2954694626e-02	-3.2954694626e-02	-3.2954694626e-02	-3.2835150119e-02	-3.2835150119e-02	-3.2835150119e-02	-3.2835150119e-02	-3.1083117438e-02	-3.1083117438e-02	-3.1083117438e-02	-3.1083117438e-02	-2.7762896996e-02	-2.7762896996e-02	-2.7762896996e-02	-2.3383628564e-02	-2.3106731107e-02	-2.3106731107e-02	-2.3106731107e-02	-1.7551125625e-02	-1.7551125625e-02	-1.7551125625e-02	-1.7551125625e-02	-1.1731418561e-02	-1.1731418561e-02	-1.1731418561e-02	-6.8358951832e-03	-6.1493037602e-03	-6.1493037602e-03	-6.1493037602e-03	-6.1493037602e-03	4.8972966791e-03	4.8972966791e-03	4.8972966791e-03	4.8972966791e-03	1.0759351735e-02	1.0759351735e-02	1.0759351735e-02	1.5026599649e-02	1.6122677936e-02	1.6122677936e-02	1.6122677936e-02	2.0779236069e-02	2.0779236069e-02	2.0779236069e-02	2.4023318700e-02	2.4023318700e-02	2.5861383956e-02	2.5861383956e-02	2.5861383956e-02	3.1221722712e-02	3.2319611648e-02	3.2319611648e-02	3.2319611648e-02	3.4792376605e-02	3.6068915209e-02	3.6068915209e-02	3.8135192603e-02	3.9478478128e-02	3.9478478128e-02	3.9478478128e-02	4.1097448692e-02	4.2440366177e-02	4.2440366177e-02	4.4740685889e-02	4.4740685889e-02	4.6317961371e-02	4.6317961371e-02	4.6317961371e-02	4.9355280147e-02	5.0899041160e-02	
71	0.0	9.9267291009e-03	1.3828681904e-02	5.0315066238e-03	5.0315066238e-03	5.0315066238e-03	5.0315066238e-03	-2.0840096274e-03	-2.0840096274e-03	-2.0840096274e-03	-2.0840096274e-03	-1.3347737050e-02	-1.3347737050e-02	-1.3347737050e-02	-1.3347737050e-02	-1.9291865402e-02	-1.9291865402e-02	-1.9291865402e-02	-1.9291865402e-02	-2.4469872902e-02	-2.4469872902e-02	-2.4469872902e-02	-2.5052269505e-02	-2.8627178176e-02	-2.8627178176e-02	-2.8627178176e-02	-3.1531815635e-02	-3.1531815635e-02	-3.1531815635e-02	-3.1531815635e-02	-3.2995411299e-02	-3.2995411299e-02	-3.2995411299e-02	-3.2995411299e-02	-3.2875429822e-02	-3.2875429822e-02	-3.2875429822e-02	-3.2875429822e-02	-3.1121880725e-02	-3.1121880725e-02	-3.1121880725e-02	-3.1121880725e-02	-2.7799012168e-02	-2.7799012168e-02	-2.7799012168e-02	-2.3416097450e-02	-2.3139264807e-02	-2.3139264807e-02	-2.3139264807e-02	-1.7579711252e-02	-1.7579711252e-02	-1.7579711252e-02	-1.7579711252e-02	-1.1756414798e-02	-1.1756414798e-02	-1.1756414798e-02	-6.8579261124e-03	-6.1713995453e-03	-6.1713995453e-03	-6.1713995453e-03	-6.1713995453e-03	4.8857520992e-03	4.8857520992e-03	4.8857520992e-03	4.8857520992e-03	1.0751006701e-02	1.0751006701e-02	1.0751006701e-02	1.5019339233e-02	1.6115399435e-02	1.6115399435e-02	1.6115399435e-02	2.0772041279e-02	2.0772041279e-02	2.0772041279e-02	2.4015920880e-02	2.4015920880e-02	2.5854191799e-02	2.5854191799e-02	2.5854191799e-02	3.1215206245e-02	3.2312040105e-02	3.2312040105e-02	3.2312040105e-02	3.4783957005e-02	3.6059326983e-02	3.6059326983e-02	3.8123897941e-02	3.9465837701e-02	3.9465837701e-02	3.9465837701e-02	4.1083018190e-02	4.2424429409e-02	4.2424429409e-02	4.4722592028e-02	4.4722592028e-02	4.6297930893e-02	4.6297930893e-02	4.6297930893e-02	4.9332352556e-02	5.0873906340e-02	
72	0.0	9.9208104133e-03	1.3823536654e-02	5.0192586043e-03	5.0192586043e-03	5.0192586043e-03	5.0192586043e-03	-2.1010417783e-03	-2.1010417783e-03	-2.1010417783e-03	-2.1010417783e-03	-1.3371491744e-02	-1.3371491744e-02	-1.3371491744e-02	-1.3371491744e-02	-1.9317811353e-02	-1.9317811353e-02	-1.9317811353e-02	-1.9317811353e-02	-2.4497788903e-02	-2.4497788903e-02	-2.4497788903e-02	-2.5080014853e-02	-2.8656606873e-02	-2.8656606873e-02	-2.8656606873e-02	-3.1562263330e-02	-3.1562263330e-02	-3.1562263330e-02	-3.1562263330e-02	-3.3026251354e-02	-3.3026251354e-02	-3.3026251354e-02	-3.3026251354e-02	-3.2905871153e-02	-3.2905871153e-02	-3.2905871153e-02	-3.2905871153e-02	-3.1150959588e-02	-3.1150959588e-02	-3.1150959588e-02	-3.1150959588e-02	-2.7825681602e-02	-2.7825681602e-02	-2.7825681602e-02	-2.3439383948e-02	-2.3162611323e-02	-2.3162611323e-02	-2.3162611323e-02	-1.7599282103e-02	-1.7599282103e-02	-1.7599282103e-02	-1.7599282103e-02	-1.1772436407e-02	-1.1772436407e-02	-1.1772436407e-02	-6.8709691784e-03	-6.1845287781e-03	-6.1845287781e-03	-6.1845287781e-03	-6.1845287781e-03	4.8828834918e-03	4.8828834918e-03	4.8828834918e-03	4.8828834918e-03	1.0751307064e-02	1.0751307064e-02	1.0751307064e-02	1.5020857797e-02	1.6116856075e-02	1.6116856075e-02	1.6116856075e-02	2.0773717241e-02	2.0773717241e-02	2.0773717241e-02	2.4017563909e-02	2.4017563909e-02	2.5855989701e-02	2.5855989701e-02	2.5855989701e-02	3.1217819920e-02	3.2313639892e-02	3.2313639892e-02	3.2313639892e-02	3.4784779777e-02	3.6059024030e-02	3.6059024030e-02	3.8121947894e-02	3.9462611463e-02	3.9462611463e-02	3.9462611463e-02	4.1078039459e-02	4.2418044906e-02	4.2418044906e-02	4.4714086283e-02	4.4714086283e-02	4.6287628945e-02	4.6287628945e-02	4.6287628945e-02	4.9318988898e-02	5.0858509163e-02	
73	0.0	9.9171151794e-03	1.3820028782e-02	5.0113344344e-03	5.0113344344e-03	5.0113344344e-03	5.0113344344e-03	-2.1120780271e-03	-2.1120780271e-03	-2.1120780271e-03	-2.1120780271e-03	-1.3387188432e-02	-1.3387188432e-02	-1.3387188432e-02	-1.3387188432e-02	-1.9335069481e-02	-1.9335069481e-02	-1.9335069481e-02	-1.9335069481e-02	-2.4516471612e-02	-2.4516471612e-02	-2.4516471612e-02	-2.5098450915e-02	-2.8676397836e-02	-2.8676397836e-02	-2.8676397836e-02	-3.1582812971e-02	-3.1582812971e-02	-3.1582812971e-02	-3.1582812971e-02	-3.3047084884e-02	-3.3047084884e-02	-3.3047084884e-02	-3.3047084884e-02	-3.2926337631e-02	-3.2926337631e-02	-3.2926337631e-02	-3.2926337631e-02	-3.1170212761e-02	-3.1170212761e-02	-3.1170212761e-02	-3.1170212761e-02	-2.7842767552e-02	-2.7842767552e-02	-2.7842767552e-02	-2.3453349873e-02	-2.3176649748e-02	-2.3176649748e-02	-2.3176649748e-02	-1.7609756755e-02	-1.7609756755e-02	-1.7609756755e-02	-1.7609756755e-02	-1.1779454988e-02	-1.1779454988e-02	-1.1779454988e-02	-6.8750195216e-03	-6.1887183908e-03	-6.1887183908e-03	-6.1887183908e-03	-6.1887183908e-03	4.8885868045e-03	4.8885868045e-03	4.8885868045e-03	4.8885868045e-03	1.0760090039e-02	1.0760090039e-02	1.0760090039e-02	1.5030974885e-02	1.6126832259e-02	1.6126832259e-02	1.6126832259e-02	2.0783998516e-02	2.0783998516e-02	2.0783998516e-02	2.4027958369e-02	2.4027958369e-02	2.5866444127e-02	2.5866444127e-02	2.5866444127e-02	3.1229159339e-02	3.2323995640e-02	3.2323995640e-02	3.2323995640e-02	3.4794395454e-02	3.6067554147e-02	3.6067554147e-02	3.8128856648e-02	3.9468316884e-02	3.9468316884e-02	3.9468316884e-02	4.1082000507e-02	4.2420710723e-02	4.2420710723e-02	4.4714595842e-02	4.4714595842e-02	4.6286505145e-02	4.6286505145e-02	4.6286505145e-02	4.9314489685e-02	5.0852185027e-02	
74	0.0	9.9156780451e-03	1.3818286069e-02	5.0077875930e-03	5.0077875930e-03	5.0077875930e-03	5.0077875930e-03	-2.1171250770e-03	-2.1171250770e-03	-2.1171250770e-03	-2.1171250770e-03	-1.3394919688e-02	-1.3394919688e-02	-1.3394919688e-02	-1.3394919688e-02	-1.9343776407e-02	-1.9343776407e-02	-1.9343776407e-02	-1.9343776407e-02	-2.4526107922e-02	-2.4526107922e-02	-2.4526107922e-02	-2.5107801582e-02	-2.8686783223e-02	-2.8686783223e-02	-2.8686783223e-02	-3.1593729961e-02	-3.1593729961e-02	-3.1593729961e-02	-3.1593729961e-02	-3.3058193019e-02	-3.3058193019e-02	-3.3058193019e-02	-3.3058193019e-02	-3.2937117137e-02	-3.2937117137e-02	-3.2937117137e-02	-3.2937117137e-02	-3.1179932755e-02	-3.1179932755e-02	-3.1179932755e-02	-3.1179932755e-02	-2.7850560039e-02	-2.7850560039e-02	-2.7850560039e-02	-2.3458285423e-02	-2.3181656927e-02	-2.3181656927e-02	-2.3181656927e-02	-1.7611393634e-02	-1.7611393634e-02	-1.7611393634e-02	-1.7611393634e-02	-1.1777707080e-02	-1.1777707080e-02	-1.1777707080e-02	-6.8703321388e-03	-6.1841705527e-03	-6.1841705527e-03	-6.1841705527e-03	-6.1841705527e-03	4.9027170756e-03	4.9027170756e-03	4.9027170756e-03	4.9027170756e-03	1.0777268987e-02	1.0777268987e-02	1.0777268987e-02	1.5049586216e-02	1.6145304605e-02	1.6145304605e-02	1.6145304605e-02	2.0802918538e-02	2.0802918538e-02	2.0802918538e-02	2.4047115897e-02	2.4047115897e-02	2.5885689553e-02	2.5885689553e-02	2.5885689553e-02	3.1249315369e-02	3.2343264307e-02	3.2343264307e-02	3.2343264307e-02	3.4812944155e-02	3.6085115582e-02	3.6085115582e-02	3.8144808501e-02	3.9483189843e-02	3.9483189843e-02	3.9483189843e-02	4.1095125423e-02	4.2432697418e-02	4.2432697418e-02	4.4724346571e-02	4.4724346571e-02	4.6294838020e-02	4.6294838020e-02	4.6294838020e-02	4.9319027476e-02	5.0855159238e-02	
75	0.0	9.9162225228e-03	1.3818047181e-02	5.0081049313e-03	5.0081049313e-03	5.0081049313e-03	5.0081049313e-03	-2.1168506417e-03	-2.1168506417e-03	-2.1168506417e-03	-2.1168506417e-03	-1.3395535787e-02	-1.3395535787e-02	-1.3395535787e-02	-1.3395535787e-02	-1.9344849959e-02	-1.9344849959e-02	-1.9344849959e-02	-1.9344849959e-02	-2.4527671466e-02	-2.4527671466e-02	-2.4527671466e-02	-2.5109042960e-02	-2.8688777101e-02	-2.8688777101e-02	-2.8688777101e-02	-3.1596051280e-02	-3.1596051280e-02	-3.1596051280e-02	-3.1596051280e-02	-3.3060615666e-02	-3.3060615666e-02	-3.3060615666e-02	-3.3060615666e-02	-3.2939236735e-02	-3.2939236735e-02	-3.2939236735e-02	-3.2939236735e-02	-3.1181128284e-02	-3.1181128284e-02	-3.1181128284e-02	-3.1181128284e-02	-2.7850048522e-02	-2.7850048522e-02	-2.7850048522e-02	-2.3455147535e-02	-2.3178599632e-02	-2.3178599632e-02	-2.3178599632e-02	-1.7605132772e-02	-1.7605132772e-02	-1.7605132772e-02	-1.7605132772e-02	-1.1768116210e-02	-1.1768116210e-02	-1.1768116210e-02	-6.8577985000e-03	-6.1717947165e-03	-6.1717947165e-03	-6.1717947165e-03	-6.1717947165e-03	4.9244142867e-03	4.9244142867e-03	4.9244142867e-03	4.9244142867e-03	1.0801994169e-02	1.0801994169e-02	1.0801994169e-02	1.5075875577e-02	1.6171427204e-02	1.6171427204e-02	1.6171427204e-02	2.0829630180e-02	2.0829630180e-02	2.0829630180e-02	2.4074222137e-02	2.4074222137e-02	2.5912849037e-02	2.5912849037e-02	2.5912849037e-02	3.1277482227e-02	3.2370603790e-02	3.2370603790e-02	3.2370603790e-02	3.4839634501e-02	3.6110886186e-02	3.6110886186e-02	3.8169040573e-02	3.9506436338e-02	3.9506436338e-02	3.9506436338e-02	4.1116677033e-02	4.2453234386e-02	4.2453234386e-02	4.4742637873e-02	4.4742637873e-02	4.6311886926e-02	4.6311886926e-02	4.6311886926e-02	4.9331980936e-02	5.0866769797e-02	
76	0.0	9.9184714504e-03	1.3819063826e-02	5.0117607296e-03	5.0117607296e-03	5.0117607296e-03	5.0117607296e-03	-2.1119486831e-03	-2.1119486831e-03	-2.1119486831e-03	-2.1119486831e-03	-1.3389928308e-02	-1.3389928308e-02	-1.3389928308e-02	-1.3389928308e-02	-1.9339254271e-02	-1.9339254271e-02	-1.9339254271e-02	-1.9339254271e-02	-2.4522185752e-02	-2.4522185752e-02	-2.4522185752e-02	-2.5103203036e-02	-2.8683445991e-02	-2.8683445991e-02	-2.8683445991e-02	-3.1590869326e-02	-3.1590869326e-02	-3.1590869326e-02	-3.1590869326e-02	-3.3055452857e-02	-3.3055452857e-02	-3.3055452857e-02	-3.3055452857e-02	-3.2933789031e-02	-3.2933789031e-02	-3.2933789031e-02	-3.2933789031e-02	-3.1174874884e-02	-3.1174874884e-02	-3.1174874884e-02	-3.1174874884e-02	-2.7842287977e-02	-2.7842287977e-02	-2.7842287977e-02	-2.3444963534e-02	-2.3168508309e-02	-2.3168508309e-02	-2.3168508309e-02	-1.7591973808e-02	-1.7591973808e-02	-1.7591973808e-02	-1.7591973808e-02	-1.1751656527e-02	-1.1751656527e-02	-1.1751656527e-02	-6.8383672995e-03	-6.1525394786e-03	-6.1525394786e-03	-6.1525394786e-03	-6.1525394786e-03	4.9527814794e-03	4.9527814794e-03	4.9527814794e-03	4.9527814794e-03	1.0833398594e-02	1.0833398594e-02	1.0833398594e-02	1.5108999180e-02	1.6204362379e-02	1.6204362379e-02	1.6204362379e-02	2.0863325193e-02	2.0863325193e-02	2.0863325193e-02	2.4108496261e-02	2.4108496261e-02	2.5947148165e-02	2.5947148165e-02	2.5947148165e-02	3.1312956854e-02	3.2405311492e-02	3.2405311492e-02	3.2405311492e-02	3.4873812970e-02	3.6144208475e-02	3.6144208475e-02	3.8200952177e-02	3.9537446357e-02	3.9537446357e-02	3.9537446357e-02	4.1146099059e-02	4.2481749845e-02	4.2481749845e-02	4.4768968944e-02	4.4768968944e-02	4.6337127149e-02	4.6337127149e-02	4.6337127149e-02	4.9352948945e-02	5.0886587244e-02	
77	0.0	9.9222779908e-03	1.3821254625e-02	5.0184686684e-03	5.0184686684e-03	5.0184686684e-03	5.0184686684e-03	-2.1028192569e-03	-2.1028192569e-03	-2.1028192569e-03	-2.1028192569e-03	-1.3378659598e-02	-1.3378659598e-02	-1.3378659598e-02	-1.3378659598e-02	-1.9327613312e-02	-1.9327613312e-02	-1.9327613312e-02	-1.9327613312e-02	-2.4510326745e-02	-2.4510326745e-02	-2.4510326745e-02	-2.5090968849e-02	-2.8671504094e-02	-2.8671504094e-02	-2.8671504094e-02	-3.1578922452e-02	-3.1578922452e-02	-3.1578922452e-02	-3.1578922452e-02	-3.3043453347e-02	-3.3043453347e-02	-3.3043453347e-02	-3.3043453347e-02	-3.2921523440e-02	-3.2921523440e-02	-3.2921523440e-02	-3.2921523440e-02	-3.1161913227e-02	-3.1161913227e-02	-3.1161913227e-02	-3.1161913227e-02	-2.7828005555e-02	-2.7828005555e-02	-2.7828005555e-02	-2.3428451560e-02	-2.3152097768e-02	-2.3152097768e-02	-2.3152097768e-02	-1.7572621675e-02	-1.7572621675e-02	-1.7572621675e-02	-1.7572621675e-02	-1.1729028350e-02	-1.1729028350e-02	-1.1729028350e-02	-6.8127434274e-03	-6.1271042559e-03	-6.1271042559e-03	-6.1271042559e-03	-6.1271042559e-03	4.9871173050e-03	4.9871173050e-03	4.9871173050e-03	4.9871173050e-03	1.0870779801e-02	1.0870779801e-02	1.0870779801e-02	1.5148240642e-02	1.6243402207e-02	1.6243402207e-02	1.6243402207e-02	2.0903292113e-02	2.0903292113e-02	2.0903292113e-02	2.4149218735e-02	2.4149218735e-02	2.5987878193e-02	2.5987878193e-02	2.5987878193e-02	3.1355041330e-02	3.2446702962e-02	3.2446702962e-02	3.2446702962e-02	3.4914806190e-02	3.6184425384e-02	3.6184425384e-02	3.8239901601e-02	3.9575592277e-02	3.9575592277e-02	3.9575592277e-02	4.1182778379e-02	4.2517641048e-02	4.2517641048e-02	4.4802750644e-02	4.4802750644e-02	4.6369980999e-02	4.6369980999e-02	4.6369980999e-02	4.9381367970e-02	5.0914060141e-02	
78	0.0	9.9274986376e-03	1.3824561357e-02	5.0279337489e-03	5.0279337489e-03	5.0279337489e-03	5.0279337489e-03	-2.0899093979e-03	-2.0899093979e-03	-2.0899093979e-03	-2.0899093979e-03	-1.3362353414e-02	-1.3362353414e-02	-1.3362353414e-02	-1.3362353414e-02	-1.9310621610e-02	-1.9310621610e-02	-1.9310621610e-02	-1.9310621610e-02	-2.4492852660e-02	-2.4492852660e-02	-2.4492852660e-02	-2.5073125002e-02	-2.8653760611e-02	-2.8653760611e-02	-2.8653760611e-02	-3.1561056929e-02	-3.1561056929e-02	-3.1561056929e-02	-3.1561056929e-02	-3.3025485625e-02	-3.3025485625e-02	-3.3025485625e-02	-3.3025485625e-02	-3.2903314532e-02	-3.2903314532e-02	-3.2903314532e-02	-3.2903314532e-02	-3.1143110714e-02	-3.1143110714e-02	-3.1143110714e-02	-3.1143110714e-02	-2.7808052513e-02	-2.7808052513e-02	-2.7808052513e-02	-2.3406452595e-02	-2.3130203380e-02	-2.3130203380e-02	-2.3130203380e-02	-1.7547901924e-02	-1.7547901924e-02	-1.7547901924e-02	-1.7547901924e-02	-1.1701053179e-02	-1.1701053179e-02	-1.1701053179e-02	-6.7817549853e-03	-6.0963112976e-03	-6.0963112976e-03	-6.0963112976e-03	-6.0963112976e-03	5.0265870035e-03	5.0265870035e-03	5.0265870035e-03	5.0265870035e-03	1.0913292875e-02	1.0913292875e-02	1.0913292875e-02	1.5192732254e-02	1.6287683065e-02	1.6287683065e-02	1.6287683065e-02	2.0948645903e-02	2.0948645903e-02	2.0948645903e-02	2.4195478813e-02	2.4195478813e-02	2.6034128857e-02	2.6034128857e-02	2.6034128857e-02	3.1402795779e-02	3.2493850229e-02	3.2493850229e-02	3.2493850229e-02	3.4961671380e-02	3.6230608159e-02	3.6230608159e-02	3.8284949610e-02	3.9619946088e-02	3.9619946088e-02	3.9619946088e-02	4.1225780462e-02	4.2559980203e-02	4.2559980203e-02	4.4843051601e-02	4.4843051601e-02	4.6409523253e-02	4.6409523253e-02	4.6409523253e-02	4.9416305726e-02	5.0948261763e-02	
79	0.0	9.9338198774e-03	1.3828696135e-02	5.0395484396e-03	5.0395484396e-03	5.0395484396e-03	5.0395484396e-03	-2.0740190817e-03	-2.0740190817e-03	-2.0740190817e-03	-2.0740190817e-03	-1.3342019655e-02	-1.3342019655e-02	-1.3342019655e-02	-1.3342019655e-02	-1.9289343651e-02	-1.9289343651e-02	-1.9289343651e-02	-1.9289343651e-02	-2.4470867292e-02	-2.4470867292e-02	-2.4470867292e-02	-2.5050766309e-02	-2.8631344859e-02	-2.8631344859e-02	-2.8631344859e-02	-3.1538415897e-02	-3.1538415897e-02	-3.1538415897e-02	-3.1538415897e-02	-3.3002696521e-02	-3.3002696521e-02	-3.3002696521e-02	-3.3002696521e-02	-3.2880301972e-02	-3.2880301972e-02	-3.2880301972e-02	-3.2880301972e-02	-3.1119591118e-02	-3.1119591118e-02	-3.1119591118e-02	-3.1119591118e-02	-2.7783530258e-02	-2.7783530258e-02	-2.7783530258e-02	-2.3380044625e-02	-2.3103904842e-02	-2.3103904842e-02	-2.3103904842e-02	-1.7518880290e-02	-1.7518880290e-02	-1.7518880290e-02	-1.7518880290e-02	-1.1668788331e-02	-1.1668788331e-02	-1.1668788331e-02	-6.7464469970e-03	-6.0612119083e-03	-6.0612119083e-03	-6.0612119083e-03	-6.0612119083e-03	5.0701552953e-03	5.0701552953e-03	5.0701552953e-03	5.0701552953e-03	1.0959905112e-02	1.0959905112e-02	1.0959905112e-02	1.5241451782e-02	1.6336169119e-02	1.6336169119e-02	1.6336169119e-02	2.0998346086e-02	2.0998346086e-02	2.0998346086e-02	2.4246249554e-02	2.4246249554e-02	2.6084840756e-02	2.6084840756e-02	2.6084840756e-02	3.1455201297e-02	3.2545726524e-02	3.2545726524e-02	3.2545726524e-02	3.5013407450e-02	3.6281748408e-02	3.6281748408e-02	3.8335115835e-02	3.9669516710e-02	3.9669516710e-02	3.9669516710e-02	4.1274139844e-02	4.2607786526e-02	4.2607786526e-02	4.4888932673e-02	4.4888932673e-02	4.6454793778e-02	4.6454793778e-02	4.6454793778e-02	4.9456887032e-02	5.0988292774e-02	
80	0.0	9.9409186264e-03	1.3833368025e-02	5.0526935268e-03	5.0526935268e-03	5.0526935268e-03	5.0526935268e-03	-2.0559658359e-03	-2.0559658359e-03	-2.0559658359e-03	-2.0559658359e-03	-1.3318703380e-02	-1.3318703380e-02	-1.3318703380e-02	-1.3318703380e-02	-1.9264889637e-02	-1.9264889637e-02	-1.9264889637e-02	-1.9264889637e-02	-2.4445532411e-02	-2.4445532411e-02	-2.4445532411e-02	-2.5025053159e-02	-2.8605455116e-02	-2.8605455116e-02	-2.8605455116e-02	-3.1512220231e-02	-3.1512220231e-02	-3.1512220231e-02	-3.1512220231e-02	-3.2976317092e-02	-3.2976317092e-02	-3.2976317092e-02	-3.2976317092e-02	-3.2853713823e-02	-3.2853713823e-02	-3.2853713823e-02	-3.2853713823e-02	-3.1092569187e-02	-3.1092569187e-02	-3.1092569187e-02	-3.1092569187e-02	-2.7755633549e-02	-2.7755633549e-02	-2.7755633549e-02	-2.3350399878e-02	-2.3074373234e-02	-2.3074373234e-02	-2.3074373234e-02	-1.7486708744e-02	-1.7486708744e-02	-1.7486708744e-02	-1.7486708744e-02	-1.1633378720e-02	-1.1633378720e-02	-1.1633378720e-02	-6.7079620901e-03	-6.0229492071e-03	-6.0229492071e-03	-6.0229492071e-03	-6.0229492071e-03	5.1167040835e-03	5.1167040835e-03	5.1167040835e-03	5.1167040835e-03	1.1009511576e-02	1.1009511576e-02	1.1009511576e-02	1.5293310564e-02	1.6387765607e-02	1.6387765607e-02	1.6387765607e-02	2.1051305154e-02	2.1051305154e-02	2.1051305154e-02	2.4300462953e-02	2.4300462953e-02	2.6138921326e-02	2.6138921326e-02	2.6138921326e-02	3.1511214706e-02	3.2601283501e-02	3.2601283501e-02	3.2601283501e-02	3.5068995512e-02	3.6336821286e-02	3.6336821286e-02	3.8389406464e-02	3.9723300436e-02	3.9723300436e-02	3.9723300436e-02	4.1326880982e-02	4.2660069780e-02	4.2660069780e-02	4.4939453255e-02	4.4939453255e-02	4.6504830692e-02	4.6504830692e-02	4.6504830692e-02	4.9502256426e-02	5.1033271895e-02	
81	0.0	9.9485418114e-03	1.3838376984e-02	5.0668782617e-03	5.0668782617e-03	5.0668782617e-03	5.0668782617e-03	-2.0364198669e-03	-2.0364198669e-03	-2.0364198669e-03	-2.0364198669e-03	-1.3293289470e-02	-1.3293289470e-02	-1.3293289470e-02	-1.3293289470e-02	-1.9238209020e-02	-1.9238209020e-02	-1.9238209020e-02	-1.9238209020e-02	-2.4417850287e-02	-2.4417850287e-02	-2.4417850287e-02	-2.4996992704e-02	-2.8577131872e-02	-2.8577131872e-02	-2.8577131872e-02	-3.1483534984e-02	-3.1483534984e-02	-3.1483534984e-02	-3.1483534984e-02	-3.2947424438e-02	-3.2947424438e-02	-3.2947424438e-02	-3.2947424438e-02	-3.2824626940e-02	-3.2824626940e-02	-3.2824626940e-02	-3.2824626940e-02	-3.1063112838e-02	-3.1063112838e-02	-3.1063112838e-02	-3.1063112838e-02	-2.7725415792e-02	-2.7725415792e-02	-2.7725415792e-02	-2.3318553764e-02	-2.3042641703e-02	-2.3042641703e-02	-2.3042641703e-02	-1.7452401964e-02	-1.7452401964e-02	-1.7452401964e-02	-1.7452401964e-02	-1.1595838540e-02	-1.1595838540e-02	-1.1595838540e-02	-6.6673260723e-03	-5.9825465254e-03	-5.9825465254e-03	-5.9825465254e-03	-5.9825465254e-03	5.1652236332e-03	5.1652236332e-03	5.1652236332e-03	5.1652236332e-03	1.1061111493e-02	1.1061111493e-02	1.1061111493e-02	1.5347313856e-02	1.6441477274e-02	1.6441477274e-02	1.6441477274e-02	2.1106528131e-02	2.1106528131e-02	2.1106528131e-02	2.4357128550e-02	2.4357128550e-02	2.6195364399e-02	2.6195364399e-02	2.6195364399e-02	3.1569844298e-02	3.2659527530e-02	3.2659527530e-02	3.2659527530e-02	3.5127448962e-02	3.6394838992e-02	3.6394838992e-02	3.8446839791e-02	3.9780312199e-02	3.9780312199e-02	3.9780312199e-02	4.1383023319e-02	4.2715843807e-02	4.2715843807e-02	4.4993641321e-02	4.4993641321e-02	4.6558654720e-02	4.6558654720e-02	4.6558654720e-02	4.9551476700e-02	5.1082252014e-02	
82	0.0	9.9563803822e-03	1.3843448262e-02	5.0815142376e-03	5.0815142376e-03	5.0815142376e-03	5.0815142376e-03	-2.0161590548e-03	-2.0161590548e-03	-2.0161590548e-03	-2.0161590548e-03	-1.3266780987e-02	-1.3266780987e-02	-1.3266780987e-02	-1.3266780987e-02	-1.9210368692e-02	-1.9210368692e-02	-1.9210368692e-02	-1.9210368692e-02	-2.4388937702e-02	-2.4388937702e-02	-2.4388937702e-02	-2.4967700655e-02	-2.8547525528e-02	-2.8547525528e-02	-2.8547525528e-02	-3.1453529691e-02	-3.1453529691e-02	-3.1453529691e-02	-3.1453529691e-02	-3.2917195624e-02	-3.2917195624e-02	-3.2917195624e-02	-3.2917195624e-02	-3.2794215299e-02	-3.2794215299e-02	-3.2794215299e-02	-3.2794215299e-02	-3.1032378498e-02	-3.1032378498e-02	-3.1032378498e-02	-3.1032378498e-02	-2.7693994912e-02	-2.7693994912e-02	-2.7693994912e-02	-2.3285575851e-02	-2.3009779735e-02	-2.3009779735e-02	-2.3009779735e-02	-1.7416983877e-02	-1.7416983877e-02	-1.7416983877e-02	-1.7416983877e-02	-1.1557146724e-02	-1.1557146724e-02	-1.1557146724e-02	-6.6254676977e-03	-5.9409345684e-03	-5.9409345684e-03	-5.9409345684e-03	-5.9409345684e-03	5.2148575084e-03	5.2148575084e-03	5.2148575084e-03	5.2148575084e-03	1.1113887054e-02	1.1113887054e-02	1.1113887054e-02	1.5402686044e-02	1.6496522501e-02	1.6496522501e-02	1.6496522501e-02	2.1163261357e-02	2.1163261357e-02	2.1163261357e-02	2.4415529429e-02	2.4415529429e-02	2.6253429921e-02	2.6253429921e-02	2.6253429921e-02	3.1630425021e-02	3.2719777596e-02	3.2719777596e-02	3.2719777596e-02	3.5188131935e-02	3.6455147012e-02	3.6455147012e-02	3.8506811428e-02	3.9839924650e-02	3.9839924650e-02	3.9839924650e-02	4.1441989029e-02	4.2774503475e-02	4.2774503475e-02	4.5050986321e-02	4.5050986321e-02	4.6615717785e-02	4.6615717785e-02	4.6615717785e-02	4.9604209409e-02	5.1134845482e-02	
83	0.0	9.9642113128e-03	1.3848413997e-02	5.0961712762e-03	5.0961712762e-03	5.0961712762e-03	5.0961712762e-03	-1.9957741058e-03	-1.9957741058e-03	-1.9957741058e-03	-1.9957741058e-03	-1.3239962721e-02	-1.3239962721e-02	-1.3239962721e-02	-1.3239962721e-02	-1.9182207900e-02	-1.9182207900e-02	-1.9182207900e-02	-1.9182207900e-02	-2.4359678896e-02	-2.4359678896e-02	-2.4359678896e-02	-2.4938066971e-02	-2.8517552077e-02	-2.8517552077e-02	-2.8517552077e-02	-3.1423139852e-02	-3.1423139852e-02	-3.1423139852e-02	-3.1423139852e-02	-3.2886575473e-02	-3.2886575473e-02	-3.2886575473e-02	-3.2886575473e-02	-3.2763424192e-02	-3.2763424192e-02	-3.2763424192e-02	-3.2763424192e-02	-3.1001305343e-02	-3.1001305343e-02	-3.1001305343e-02	-3.1001305343e-02	-2.7662299802e-02	-2.7662299802e-02	-2.7662299802e-02	-2.3252386026e-02	-2.2976705035e-02	-2.2976705035e-02	-2.2976705035e-02	-1.7381367809e-02	-1.7381367809e-02	-1.7381367809e-02	-1.7381367809e-02	-1.1518216512e-02	-1.1518216512e-02	-1.1518216512e-02	-6.5833019936e-03	-5.8990238244e-03	-5.8990238244e-03	-5.8990238244e-03	-5.8990238244e-03	5.2647004158e-03	5.2647004158e-03	5.2647004158e-03	5.2647004158e-03	1.1166931518e-02	1.1166931518e-02	1.1166931518e-02	1.5458503639e-02	1.6551986250e-02	1.6551986250e-02	1.6551986250e-02	2.1220577524e-02	2.1220577524e-02	2.1220577524e-02	2.4474718866e-02	2.4474718866e-02	2.6312178543e-02	2.6312178543e-02	2.6312178543e-02	3.1691985231e-02	3.2781061865e-02	3.2781061865e-02	3.2781061865e-02	3.5250053178e-02	3.6516753981e-02	3.6516753981e-02	3.8568308740e-02	3.9901123292e-02	3.9901123292e-02	3.9901123292e-02	4.1502743693e-02	4.2835011163e-02	4.2835011163e-02	4.5110426684e-02	4.5110426684e-02	4.6674954502e-02	4.6674954502e-02	4.6674954502e-02	4.9659364310e-02	5.1189956990e-02	
84	0.0	9.9720636695e-03	1.3853423157e-02	5.1108771148e-03	5.1108771148e-03	5.1108771148e-03	5.1108771148e-03	-1.9753201900e-03	-1.9753201900e-03	-1.9753201900e-03	-1.9753201900e-03	-1.3212999799e-02	-1.3212999799e-02	-1.3212999799e-02	-1.3212999799e-02	-1.9153921359e-02	-1.9153921359e-02	-1.9153921359e-02	-1.9153921359e-02	-2.4330298999e-02	-2.4330298999e-02	-2.4330298999e-02	-2.4908341323e-02	-2.8487461179e-02	-2.8487461179e-02	-2.8487461179e-02	-3.1392633865e-02	-3.1392633865e-02	-3.1392633865e-02	-3.1392633865e-02	-3.2855846156e-02	-3.2855846156e-02	-3.2855846156e-02	-3.2855846156e-02	-3.2732544767e-02	-3.2732544767e-02	-3.2732544767e-02	-3.2732544767e-02	-3.0970189718e-02	-3.0970189718e-02	-3.0970189718e-02	-3.0970189718e-02	-2.7630633861e-02	-2.7630633861e-02	-2.7630633861e-02	-2.3219310062e-02	-2.2943735845e-02	-2.2943735845e-02	-2.2943735845e-02	-1.7345899090e-02	-1.7345899090e-02	-1.7345899090e-02	-1.7345899090e-02	-1.1479428145e-02	-1.1479428145e-02	-1.1479428145e-02	-6.5412626908e-03	-5.8572277420e-03	-5.8572277420e-03	-5.8572277420e-03	-5.8572277420e-03	5.3142736806e-03	5.3142736806e-03	5.3142736806e-03	5.3142736806e-03	1.1219732030e-02	1.1219732030e-02	1.1219732030e-02	1.5514178446e-02	1.6607313988e-02	1.6607313988e-02	1.6607313988e-02	2.1277882244e-02	2.1277882244e-02	2.1277882244e-02	2.4534031015e-02	2.4534031015e-02	2.6371000676e-02	2.6371000676e-02	2.6371000676e-02	3.1753797312e-02	3.2842682358e-02	3.2842682358e-02	3.2842682358e-02	3.5312446598e-02	3.6578927073e-02	3.6578927073e-02	3.8630528024e-02	3.9963138867e-02	3.9963138867e-02	3.9963138867e-02	4.1564454100e-02	4.2896569485e-02	4.2896569485e-02	4.5171078941e-02	4.5171078941e-02	4.6735527821e-02	4.6735527821e-02	4.6735527821e-02	4.9715964925e-02	5.1246659704e-02	
85	0.0	9.9799118165e-03	1.3858543758e-02	5.1255594243e-03	5.1255594243e-03	5.1255594243e-03	5.1255594243e-03	-1.9549618870e-03	-1.9549618870e-03	-1.9549618870e-03	-1.9549618870e-03	-1.3186176822e-02	-1.3186176822e-02	-1.3186176822e-02	-1.3186176822e-02	-1.9125826337e-02	-1.9125826337e-02	-1.9125826337e-02	-1.9125826337e-02	-2.4301147086e-02	-2.4301147086e-02	-2.4301147086e-02	-2.4878889497e-02	-2.8457626752e-02	-2.8457626752e-02	-2.8457626752e-02	-3.1362403697e-02	-3.1362403697e-02	-3.1362403697e-02	-3.1362403697e-02	-3.2825411139e-02	-3.2825411139e-02	-3.2825411139e-02	-3.2825411139e-02	-3.2701985624e-02	-3.2701985624e-02	-3.2701985624e-02	-3.2701985624e-02	-3.0939438826e-02	-3.0939438826e-02	-3.0939438826e-02	-3.0939438826e-02	-2.7599401550e-02	-2.7599401550e-02	-2.7599401550e-02	-2.3186762115e-02	-2.2911281345e-02	-2.2911281345e-02	-2.2911281345e-02	-1.7311005195e-02	-1.7311005195e-02	-1.7311005195e-02	-1.7311005195e-02	-1.1441234962e-02	-1.1441234962e-02	-1.1441234962e-02	-6.4998410977e-03	-5.8160229619e-03	-5.8160229619e-03	-5.8160229619e-03	-5.8160229619e-03	5.3630585795e-03	5.3630585795e-03	5.3630585795e-03	5.3630585795e-03	1.1271750329e-02	1.1271750329e-02	1.1271750329e-02	1.5569125200e-02	1.6661944714e-02	1.6661944714e-02	1.6661944714e-02	2.1334593758e-02	2.1334593758e-02	2.1334593758e-02	2.4592840166e-02	2.4592840166e-02	2.6429315041e-02	2.6429315041e-02	2.6429315041e-02	3.1815206775e-02	3.2904002253e-02	3.2904002253e-02	3.2904002253e-02	3.5374632657e-02	3.6641006920e-02	3.6641006920e-02	3.8692765235e-02	4.0025288230e-02	4.0025288230e-02	4.0025288230e-02	4.1626396151e-02	4.2958476105e-02	4.2958476105e-02	4.5232183853e-02	4.5232183853e-02	4.6796707189e-02	4.6796707189e-02	4.6796707189e-02	4.9773194898e-02	5.1304168003e-02	
86	0.0	9.9875674769e-03	1.3863630438e-02	5.1398542968e-03	5.1398542968e-03	5.1398542968e-03	5.1398542968e-03	-1.9351968944e-03	-1.9351968944e-03	-1.9351968944e-03	-1.9351968944e-03	-1.3160155879e-02	-1.3160155879e-02	-1.3160155879e-02	-1.3160155879e-02	-1.9098630032e-02	-1.9098630032e-02	-1.9098630032e-02	-1.9098630032e-02	-2.4272968230e-02	-2.4272968230e-02	-2.4272968230e-02	-2.4850459809e-02	-2.8428820617e-02	-2.8428820617e-02	-2.8428820617e-02	-3.1333238057e-02	-3.1333238057e-02	-3.1333238057e-02	-3.1333238057e-02	-3.2796066697e-02	-3.2796066697e-02	-3.2796066697e-02	-3.2796066697e-02	-3.2672542191e-02	-3.2672542191e-02	-3.2672542191e-02	-3.2672542191e-02	-3.0909838734e-02	-3.0909838734e-02	-3.0909838734e-02	-3.0909838734e-02	-2.7569374708e-02	-2.7569374708e-02	-2.7569374708e-02	-2.3155505190e-02	-2.2880103559e-02	-2.2880103559e-02	-2.2880103559e-02	-1.7277451688e-02	-1.7277451688e-02	-1.7277451688e-02	-1.7277451688e-02	-1.1404414075e-02	-1.1404414075e-02	-1.1404414075e-02	-6.4598268418e-03	-5.7761950368e-03	-5.7761950368e-03	-5.7761950368e-03	-5.7761950368e-03	5.4102614556e-03	5.4102614556e-03	5.4102614556e-03	5.4102614556e-03	1.1322189439e-02	1.1322189439e-02	1.1322189439e-02	1.5622535270e-02	1.6715077471e-02	1.6715077471e-02	1.6715077471e-02	2.1389908221e-02	2.1389908221e-02	2.1389908221e-02	2.4650332382e-02	2.4650332382e-02	2.6486326042e-02	2.6486326042e-02	2.6486326042e-02	3.1875405804e-02	3.2964209935e-02	3.2964209935e-02	3.2964209935e-02	3.5435794038e-02	3.6702171556e-02	3.6702171556e-02	3.8754194614e-02	4.0086739410e-02	4.0086739410e-02	4.0086739410e-02	4.1687737037e-02	4.3019890246e-02	4.3019890246e-02	4.5292910442e-02	4.5292910442e-02	4.6857650383e-02	4.6857650383e-02	4.6857650383e-02	4.9830258887e-02	5.1361671550e-02	
87	0.0	9.9947848458e-03	1.3868451978e-02	5.1532958212e-03	5.1532958212e-03	5.1532958212e-03	5.1532958212e-03	-1.9166321628e-03	-1.9166321628e-03	-1.9166321628e-03	-1.9166321628e-03	-1.3135714829e-02	-1.3135714829e-02	-1.3135714829e-02	-1.3135714829e-02	-1.9073156418e-02	-1.9073156418e-02	-1.9073156418e-02	-1.9073156418e-02	-2.4246623736e-02	-2.4246623736e-02	-2.4246623736e-02	-2.4823908608e-02	-2.8401929766e-02	-2.8401929766e-02	-2.8401929766e-02	-3.1306039182e-02	-3.1306039182e-02	-3.1306039182e-02	-3.1306039182e-02	-3.2768720012e-02	-3.2768720012e-02	-3.2768720012e-02	-3.2768720012e-02	-3.2645117098e-02	-3.2645117098e-02	-3.2645117098e-02	-3.2645117098e-02	-3.0882278302e-02	-3.0882278302e-02	-3.0882278302e-02	-3.0882278302e-02	-2.7541421524e-02	-2.7541421524e-02	-2.7541421524e-02	-2.3126386450e-02	-2.2851051345e-02	-2.2851051345e-02	-2.2851051345e-02	-1.7246079747e-02	-1.7246079747e-02	-1.7246079747e-02	-1.7246079747e-02	-1.1369807620e-02	-1.1369807620e-02	-1.1369807620e-02	-6.4220561724e-03	-5.7385840232e-03	-5.7385840232e-03	-5.7385840232e-03	-5.7385840232e-03	5.4550595481e-03	5.4550595481e-03	5.4550595481e-03	5.4550595481e-03	1.1370234547e-02	1.1370234547e-02	1.1370234547e-02	1.5673607458e-02	1.6765905872e-02	1.6765905872e-02	1.6765905872e-02	2.1443027752e-02	2.1443027752e-02	2.1443027752e-02	2.4705723633e-02	2.4705723633e-02	2.6541246684e-02	2.6541246684e-02	2.6541246684e-02	3.1933637662e-02	3.3022528709e-02	3.3022528709e-02	3.3022528709e-02	3.5495172087e-02	3.6761639156e-02	3.6761639156e-02	3.8814055176e-02	4.0146704912e-02	4.0146704912e-02	4.0146704912e-02	4.1747710486e-02	4.3080015257e-02	4.3080015257e-02	4.5352501697e-02	4.5352501697e-02	4.6917559002e-02	4.6917559002e-02	4.6917559002e-02	4.9886461180e-02	5.1418427627e-02	
88	0.0	1.0001366210e-02	1.3872826834e-02	5.1655076844e-03	5.1655076844e-03	5.1655076844e-03	5.1655076844e-03	-1.8997619082e-03	-1.8997619082e-03	-1.8997619082e-03	-1.8997619082e-03	-1.3113492397e-02	-1.3113492397e-02	-1.3113492397e-02	-1.3113492397e-02	-1.9050081787e-02	-1.9050081787e-02	-1.9050081787e-02	-1.9050081787e-02	-2.4222820601e-02	-2.4222820601e-02	-2.4222820601e-02	-2.4799939103e-02	-2.8377682194e-02	-2.8377682194e-02	-2.8377682194e-02	-3.1281547630e-02	-3.1281547630e-02	-3.1281547630e-02	-3.1281547630e-02	-3.2744115912e-02	-3.2744115912e-02	-3.2744115912e-02	-3.2744115912e-02	-3.2620451670e-02	-3.2620451670e-02	-3.2620451670e-02	-3.2620451670e-02	-3.0857488274e-02	-3.0857488274e-02	-3.0857488274e-02	-3.0857488274e-02	-2.7516256612e-02	-2.7516256612e-02	-2.7516256612e-02	-2.3100104591e-02	-2.2824824443e-02	-2.2824824443e-02	-2.2824824443e-02	-1.7217585449e-02	-1.7217585449e-02	-1.7217585449e-02	-1.7217585449e-02	-1.1338118593e-02	-1.1338118593e-02	-1.1338118593e-02	-6.3872357113e-03	-5.7038986631e-03	-5.7038986631e-03	-5.7038986631e-03	-5.7038986631e-03	5.4967422961e-03	5.4967422961e-03	5.4967422961e-03	5.4967422961e-03	1.1415170415e-02	1.1415170415e-02	1.1415170415e-02	1.5721622245e-02	1.6813708441e-02	1.6813708441e-02	1.6813708441e-02	2.1493226241e-02	2.1493226241e-02	2.1493226241e-02	2.4758285677e-02	2.4758285677e-02	2.6593353004e-02	2.6593353004e-02	2.6593353004e-02	3.1989176949e-02	3.3078220971e-02	3.3078220971e-02	3.3078220971e-02	3.5552031053e-02	3.6818661002e-02	3.6818661002e-02	3.8871600791e-02	4.0204425317e-02	4.0204425317e-02	4.0204425317e-02	4.1805560189e-02	4.3138081789e-02	4.3138081789e-02	4.5410195064e-02	4.5410195064e-02	4.6975655631e-02	4.6975655631e-02	4.6975655631e-02	4.9941058261e-02	5.1473676576e-02	
89	0.0	1.0007354568e-02	1.3876870689e-02	5.1765508516e-03	5.1765508516e-03	5.1765508516e-03	5.1765508516e-03	-1.8845665736e-03	-1.8845665736e-03	-1.8845665736e-03	-1.8845665736e-03	-1.3093530783e-02	-1.3093530783e-02	-1.3093530783e-02	-1.3093530783e-02	-1.9029463741e-02	-1.9029463741e-02	-1.9029463741e-02	-1.9029463741e-02	-2.4201634104e-02	-2.4201634104e-02	-2.4201634104e-02	-2.4778640318e-02	-2.8356167851e-02	-2.8356167851e-02	-2.8356167851e-02	-3.1259865259e-02	-3.1259865259e-02	-3.1259865259e-02	-3.1259865259e-02	-3.2722365005e-02	-3.2722365005e-02	-3.2722365005e-02	-3.2722365005e-02	-3.2598661399e-02	-3.2598661399e-02	-3.2598661399e-02	-3.2598661399e-02	-3.0835585115e-02	-3.0835585115e-02	-3.0835585115e-02	-3.0835585115e-02	-2.7493994077e-02	-2.7493994077e-02	-2.7493994077e-02	-2.3076777712e-02	-2.2801536501e-02	-2.2801536501e-02	-2.2801536501e-02	-1.7192092645e-02	-1.7192092645e-02	-1.7192092645e-02	-1.7192092645e-02	-1.1309491768e-02	-1.1309491768e-02	-1.1309491768e-02	-6.3555413501e-03	-5.6723030232e-03	-5.6723030232e-03	-5.6723030232e-03	-5.6723030232e-03	5.5351135354e-03	5.5351135354e-03	5.5351135354e-03	5.5351135354e-03	1.1456785642e-02	1.1456785642e-02	1.1456785642e-02	1.5766331304e-02	1.6858256711e-02	1.6858256711e-02	1.6858256711e-02	2.1540261145e-02	2.1540261145e-02	2.1540261145e-02	2.4807741564e-02	2.4807741564e-02	2.6642409798e-02	2.6642409798e-02	2.6642409798e-02	3.2041730857e-02	3.3131010760e-02	3.3131010760e-02	3.3131010760e-02	3.5606062578e-02	3.6872948079e-02	3.6872948079e-02	3.8926510614e-02	4.0259601491e-02	4.0259601491e-02	4.0259601491e-02	4.1860959545e-02	4.3193787222e-02	4.3193787222e-02	4.5465649400e-02	4.5465649400e-02	4.7031629821e-02	4.7031629821e-02	4.7031629821e-02	4.9993684505e-02	5.1527084436e-02	
90	0.0	1.0012481590e-02	1.3880320334e-02	5.1857801300e-03	5.1857801300e-03	5.1857801300e-03	5.1857801300e-03	-1.8718232314e-03	-1.8718232314e-03	-1.8718232314e-03	-1.8718232314e-03	-1.3076718552e-02	-1.3076718552e-02	-1.3076718552e-02	-1.3076718552e-02	-1.9012192902e-02	-1.9012192902e-02	-1.9012192902e-02	-1.9012192902e-02	-2.4183957469e-02	-2.4183957469e-02	-2.4183957469e-02	-2.4760902187e-02	-2.8338281390e-02	-2.8338281390e-02	-2.8338281390e-02	-3.1241889729e-02	-3.1241889729e-02	-3.1241889729e-02	-3.1241889729e-02	-3.2704366161e-02	-3.2704366161e-02	-3.2704366161e-02	-3.2704366161e-02	-3.2580642712e-02	-3.2580642712e-02	-3.2580642712e-02	-3.2580642712e-02	-3.0817459458e-02	-3.0817459458e-02	-3.0817459458e-02	-3.0817459458e-02	-2.7475515982e-02	-2.7475515982e-02	-2.7475515982e-02	-2.3057279456e-02	-2.2782061863e-02	-2.2782061863e-02	-2.2782061863e-02	-1.7170475406e-02	-1.7170475406e-02	-1.7170475406e-02	-1.7170475406e-02	-1.1284809218e-02	-1.1284809218e-02	-1.1284809218e-02	-6.3278602158e-03	-5.6446858991e-03	-5.6446858991e-03	-5.6446858991e-03	-5.6446858991e-03	5.5692816197e-03	5.5692816197e-03	5.5692816197e-03	5.5692816197e-03	1.1494185467e-02	1.1494185467e-02	1.1494185467e-02	1.5806839337e-02	1.6898652933e-02	1.6898652933e-02	1.6898652933e-02	2.1583233442e-02	2.1583233442e-02	2.1583233442e-02	2.4853193418e-02	2.4853193418e-02	2.6687520574e-02	2.6687520574e-02	2.6687520574e-02	3.2090412993e-02	3.3179999052e-02	3.3179999052e-02	3.3179999052e-02	3.5656378403e-02	3.6923597280e-02	3.6923597280e-02	3.8977900548e-02	4.0311333076e-02	4.0311333076e-02	4.0311333076e-02	4.1913032662e-02	4.3246237797e-02	4.3246237797e-02	4.5518018929e-02	4.5518018929e-02	4.7084610506e-02	4.7084610506e-02	4.7084610506e-02	5.0043581169e-02	5.1577860702e-02	
91	0.0	1.0016822544e-02	1.3883297556e-02	5.1934787287e-03	5.1934787287e-03	5.1934787287e-03	5.1934787287e-03	-1.8611714772e-03	-1.8611714772e-03	-1.8611714772e-03	-1.8611714772e-03	-1.3062630001e-02	-1.3062630001e-02	-1.3062630001e-02	-1.3062630001e-02	-1.8997853467e-02	-1.8997853467e-02	-1.8997853467e-02	-1.8997853467e-02	-2.4169389053e-02	-2.4169389053e-02	-2.4169389053e-02	-2.4746327315e-02	-2.8323634547e-02	-2.8323634547e-02	-2.8323634547e-02	-3.1227240396e-02	-3.1227240396e-02	-3.1227240396e-02	-3.1227240396e-02	-3.2689741363e-02	-3.2689741363e-02	-3.2689741363e-02	-3.2689741363e-02	-3.2566018647e-02	-3.2566018647e-02	-3.2566018647e-02	-3.2566018647e-02	-3.0802733687e-02	-3.0802733687e-02	-3.0802733687e-02	-3.0802733687e-02	-2.7460442596e-02	-2.7460442596e-02	-2.7460442596e-02	-2.3041230647e-02	-2.2766019726e-02	-2.2766019726e-02	-2.2766019726e-02	-1.7152358220e-02	-1.7152358220e-02	-1.7152358220e-02	-1.7152358220e-02	-1.1263708393e-02	-1.1263708393e-02	-1.1263708393e-02	-6.3038476147e-03	-5.6206984879e-03	-5.6206984879e-03	-5.6206984879e-03	-5.6206984879e-03	5.5995648741e-03	5.5995648741e-03	5.5995648741e-03	5.5995648741e-03	1.1527666735e-02	1.1527666735e-02	1.1527666735e-02	1.5843408049e-02	1.6935165772e-02	1.6935165772e-02	1.6935165772e-02	2.1622382165e-02	2.1622382165e-02	2.1622382165e-02	2.4894839281e-02	2.4894839281e-02	2.6728900912e-02	2.6728900912e-02	2.6728900912e-02	3.2135349307e-02	3.3225313632e-02	3.3225313632e-02	3.3225313632e-02	3.5703047549e-02	3.6970680739e-02	3.6970680739e-02	3.9025771590e-02	4.0359626188e-02	4.0359626188e-02	4.0359626188e-02	4.1961711059e-02	4.3295372949e-02	4.3295372949e-02	4.5567116410e-02	4.5567116410e-02	4.7134423062e-02	4.7134423062e-02	4.7134423062e-02	5.0090349064e-02	5.1625623889e-02	
92	0.0	1.0020519974e-02	1.3885978601e-02	5.1999255595e-03	5.1999255595e-03	5.1999255595e-03	5.1999255595e-03	-1.8523554733e-03	-1.8523554733e-03	-1.8523554733e-03	-1.8523554733e-03	-1.3051089622e-02	-1.3051089622e-02	-1.3051089622e-02	-1.3051089622e-02	-1.8986309991e-02	-1.8986309991e-02	-1.8986309991e-02	-1.8986309991e-02	-2.4157822897e-02	-2.4157822897e-02	-2.4157822897e-02	-2.4734812900e-02	-2.8312138805e-02	-2.8312138805e-02	-2.8312138805e-02	-3.1215837507e-02	-3.1215837507e-02	-3.1215837507e-02	-3.1215837507e-02	-3.2678414574e-02	-3.2678414574e-02	-3.2678414574e-02	-3.2678414574e-02	-3.2554713608e-02	-3.2554713608e-02	-3.2554713608e-02	-3.2554713608e-02	-3.0791328730e-02	-3.0791328730e-02	-3.0791328730e-02	-3.0791328730e-02	-2.7448687831e-02	-2.7448687831e-02	-2.7448687831e-02	-2.3028539186e-02	-2.2753316631e-02	-2.2753316631e-02	-2.2753316631e-02	-1.7137645037e-02	-1.7137645037e-02	-1.7137645037e-02	-1.7137645037e-02	-1.1246097308e-02	-1.1246097308e-02	-1.1246097308e-02	-6.2834208436e-03	-5.6002545990e-03	-5.6002545990e-03	-5.6002545990e-03	-5.6002545990e-03	5.6260394920e-03	5.6260394920e-03	5.6260394920e-03	5.6260394920e-03	1.1557296959e-02	1.1557296959e-02	1.1557296959e-02	1.5876087811e-02	1.6967851088e-02	1.6967851088e-02	1.6967851088e-02	2.1657754312e-02	2.1657754312e-02	2.1657754312e-02	2.4932714919e-02	2.4932714919e-02	2.6766599967e-02	2.6766599967e-02	2.6766599967e-02	3.2176583554e-02	3.3266995913e-02	3.3266995913e-02	3.3266995913e-02	3.5746112521e-02	3.7014237514e-02	3.7014237514e-02	3.9070168904e-02	4.0404522084e-02	4.0404522084e-02	4.0404522084e-02	4.2007048078e-02	4.3341241104e-02	4.3341241104e-02	4.5613031700e-02	4.5613031700e-02	4.7181147186e-02	4.7181147186e-02	4.7181147186e-02	5.0134182705e-02	5.1670549764e-02	
93	0.0	1.0023432478e-02	1.3888188559e-02	5.2048460060e-03	5.2048460060e-03	5.2048460060e-03	5.2048460060e-03	-1.8457395865e-03	-1.8457395865e-03	-1.8457395865e-03	-1.8457395865e-03	-1.3042581377e-02	-1.3042581377e-02	-1.3042581377e-02	-1.3042581377e-02	-1.8978066784e-02	-1.8978066784e-02	-1.8978066784e-02	-1.8978066784e-02	-2.4149776491e-02	-2.4149776491e-02	-2.4149776491e-02	-2.4726865595e-02	-2.8304318298e-02	-2.8304318298e-02	-2.8304318298e-02	-3.1208208348e-02	-3.1208208348e-02	-3.1208208348e-02	-3.1208208348e-02	-3.2670912384e-02	-3.2670912384e-02	-3.2670912384e-02	-3.2670912384e-02	-3.2547247748e-02	-3.2547247748e-02	-3.2547247748e-02	-3.2547247748e-02	-3.0783753491e-02	-3.0783753491e-02	-3.0783753491e-02	-3.0783753491e-02	-2.7440745326e-02	-2.7440745326e-02	-2.7440745326e-02	-2.3019677849e-02	-2.2744429008e-02	-2.2744429008e-02	-2.2744429008e-02	-1.7126796992e-02	-1.7126796992e-02	-1.7126796992e-02	-1.7126796992e-02	-1.1232425752e-02	-1.1232425752e-02	-1.1232425752e-02	-6.2670116674e-03	-5.5837939117e-03	-5.5837939117e-03	-5.5837939117e-03	-5.5837939117e-03	5.6482957030e-03	5.6482957030e-03	5.6482957030e-03	5.6482957030e-03	1.1582677664e-02	1.1582677664e-02	1.1582677664e-02	1.5904502404e-02	1.6996321472e-02	1.6996321472e-02	1.6996321472e-02	2.1688973925e-02	2.1688973925e-02	2.1688973925e-02	2.4966467924e-02	2.4966467924e-02	2.6800250639e-02	2.6800250639e-02	2.6800250639e-02	3.2213794089e-02	3.3304702453e-02	3.3304702453e-02	3.3304702453e-02	3.5785258855e-02	3.7053928910e-02	3.7053928910e-02	3.9110786958e-02	4.0445689776e-02	4.0445689776e-02	4.0445689776e-02	4.2048745696e-02	4.3383517752e-02	4.3383517752e-02	4.5655492894e-02	4.5655492894e-02	4.7224475976e-02	4.7224475976e-02	4.7224475976e-02	5.0174894567e-02	5.1712409785e-02	
94	0.0	1.0025419528e-02	1.3889746986e-02	5.2079467026e-03	5.2079467026e-03	5.2079467026e-03	5.2079467026e-03	-1.8416866737e-03	-1.8416866737e-03	-1.8416866737e-03	-1.8416866737e-03	-1.3037547194e-02	-1.3037547194e-02	-1.3037547194e-02	-1.3037547194e-02	-1.8973574875e-02	-1.8973574875e-02	-1.8973574875e-02	-1.8973574875e-02	-2.4145706915e-02	-2.4145706915e-02	-2.4145706915e-02	-2.4722928078e-02	-2.8300633577e-02	-2.8300633577e-02	-2.8300633577e-02	-3.1204814590e-02	-3.1204814590e-02	-3.1204814590e-02	-3.1204814590e-02	-3.2667693827e-02	-3.2667693827e-02	-3.2667693827e-02	-3.2667693827e-02	-3.2544072125e-02	-3.2544072125e-02	-3.2544072125e-02	-3.2544072125e-02	-3.0780446011e-02	-3.0780446011e-02	-3.0780446011e-02	-3.0780446011e-02	-2.7437036341e-02	-2.7437036341e-02	-2.7437036341e-02	-2.3015044644e-02	-2.2739759787e-02	-2.2739759787e-02	-2.2739759787e-02	-1.7120200908e-02	-1.7120200908e-02	-1.7120200908e-02	-1.7120200908e-02	-1.1223069268e-02	-1.1223069268e-02	-1.1223069268e-02	-6.2549765058e-03	-5.5716841587e-03	-5.5716841587e-03	-5.5716841587e-03	-5.5716841587e-03	5.6659881645e-03	5.6659881645e-03	5.6659881645e-03	5.6659881645e-03	1.1603464755e-02	1.1603464755e-02	1.1603464755e-02	1.5928320662e-02	1.7020229516e-02	1.7020229516e-02	1.7020229516e-02	2.1715688351e-02	2.1715688351e-02	2.1715688351e-02	2.4995754205e-02	2.4995754205e-02	2.6829486492e-02	2.6829486492e-02	2.6829486492e-02	3.2246627265e-02	3.3338053494e-02	3.3338053494e-02	3.3338053494e-02	3.5820114382e-02	3.7089354266e-02	3.7089354266e-02	3.9147233279e-02	4.0482707984e-02	4.0482707984e-02	4.0482707984e-02	4.2086390653e-02	4.3421761261e-02	4.3421761261e-02	4.5694070150e-02	4.5694070150e-02	4.7263944804e-02	4.7263944804e-02	4.7263944804e-02	5.0212052556e-02	5.1750736265e-02	
95	0.0	1.0026237490e-02	1.3890338138e-02	5.2088131651e-03	5.2088131651e-03	5.2088131651e-03	5.2088131651e-03	-1.8406678076e-03	-1.8406678076e-03	-1.8406678076e-03	-1.8406678076e-03	-1.3036520225e-02	-1.3036520225e-02	-1.3036520225e-02	-1.3036520225e-02	-1.8973372216e-02	-1.8973372216e-02	-1.8973372216e-02	-1.8973372216e-02	-2.4146155066e-02	-2.4146155066e-02	-2.4146155066e-02	-2.4723521737e-02	-2.8301627077e-02	-2.8301627077e-02	-2.8301627077e-02	-3.1206198366e-02	-3.1206198366e-02	-3.1206198366e-02	-3.1206198366e-02	-3.2669297475e-02	-3.2669297475e-02	-3.2669297475e-02	-3.2669297475e-02	-3.2545717209e-02	-3.2545717209e-02	-3.2545717209e-02	-3.2545717209e-02	-3.0781922521e-02	-3.0781922521e-02	-3.0781922521e-02	-3.0781922521e-02	-2.7438055518e-02	-2.7438055518e-02	-2.7438055518e-02	-2.3015103865e-02	-2.2739776844e-02	-2.2739776844e-02	-2.2739776844e-02	-1.7118296737e-02	-1.7118296737e-02	-1.7118296737e-02	-1.7118296737e-02	-1.1218442171e-02	-1.1218442171e-02	-1.1218442171e-02	-6.2476952834e-03	-5.5643159965e-03	-5.5643159965e-03	-5.5643159965e-03	-5.5643159965e-03	5.6787872462e-03	5.6787872462e-03	5.6787872462e-03	5.6787872462e-03	1.1619355809e-02	1.1619355809e-02	1.1619355809e-02	1.5947286178e-02	1.7039300421e-02	1.7039300421e-02	1.7039300421e-02	2.1737649201e-02	2.1737649201e-02	2.1737649201e-02	2.5020371426e-02	2.5020371426e-02	2.6854077120e-02	2.6854077120e-02	2.6854077120e-02	3.2274941704e-02	3.3366876990e-02	3.3366876990e-02	3.3366876990e-02	3.5850561587e-02	3.7120361046e-02	3.7120361046e-02	3.9179415562e-02	4.0515447222e-02	4.0515447222e-02	4.0515447222e-02	4.2119911384e-02	4.3455860469e-02	4.3455860469e-02	4.5728739643e-02	4.5728739643e-02	4.7299476179e-02	4.7299476179e-02	4.7299476179e-02	5.0245758694e-02	5.1785567350e-02	
96	0.0	1.0025816329e-02	1.3889879241e-02	5.2073555885e-03	5.2073555885e-03	5.2073555885e-03	5.2073555885e-03	-1.8427737100e-03	-1.8427737100e-03	-1.8427737100e-03	-1.8427737100e-03	-1.3039591348e-02	-1.3039591348e-02	-1.3039591348e-02	-1.3039591348e-02	-1.8977542731e-02	-1.8977542731e-02	-1.8977542731e-02	-1.8977542731e-02	-2.4151200600e-02	-2.4151200600e-02	-2.4151200600e-02	-2.4728723776e-02	-2.8307375975e-02	-2.8307375975e-02	-2.8307375975e-02	-3.1212435727e-02	-3.1212435727e-02	-3.1212435727e-02	-3.1212435727e-02	-3.2675798745e-02	-3.2675798745e-02	-3.2675798745e-02	-3.2675798745e-02	-3.2552256456e-02	-3.2552256456e-02	-3.2552256456e-02	-3.2552256456e-02	-3.0788252530e-02	-3.0788252530e-02	-3.0788252530e-02	-3.0788252530e-02	-2.7443865946e-02	-2.7443865946e-02	-2.7443865946e-02	-2.3019909151e-02	-2.2744535516e-02	-2.2744535516e-02	-2.2744535516e-02	-1.7121133260e-02	-1.7121133260e-02	-1.7121133260e-02	-1.7121133260e-02	-1.1218589954e-02	-1.1218589954e-02	-1.1218589954e-02	-6.2452083446e-03	-5.5617333515e-03	-5.5617333515e-03	-5.5617333515e-03	-5.5617333515e-03	5.6866720334e-03	5.6866720334e-03	5.6866720334e-03	5.6866720334e-03	1.1630339540e-02	1.1630339540e-02	1.1630339540e-02	1.5961405552e-02	1.7053536448e-02	1.7053536448e-02	1.7053536448e-02	2.1754881778e-02	2.1754881778e-02	2.1754881778e-02	2.5040388590e-02	2.5040388590e-02	2.6874089565e-02	2.6874089565e-02	2.6874089565e-02	3.2298811559e-02	3.3391238704e-02	3.3391238704e-02	3.3391238704e-02	3.5876647642e-02	3.7146988013e-02	3.7146988013e-02	3.9207346380e-02	4.0543912851e-02	4.0543912851e-02	4.0543912851e-02	4.2149288945e-02	4.3485790489e-02	4.3485790489e-02	4.5759448441e-02	4.5759448441e-02	4.7331009429e-02	4.7331009429e-02	4.7331009429e-02	5.0275918551e-02	5.1816799431e-02	
97	0.0	1.0024337698e-02	1.3888600167e-02	5.2039302720e-03	5.2039302720e-03	5.2039302720e-03	5.2039302720e-03	-1.8475731385e-03	-1.8475731385e-03	-1.8475731385e-03	-1.8475731385e-03	-1.3046244141e-02	-1.3046244141e-02	-1.3046244141e-02	-1.3046244141e-02	-1.8985536718e-02	-1.8985536718e-02	-1.8985536718e-02	-1.8985536718e-02	-2.4160270876e-02	-2.4160270876e-02	-2.4160270876e-02	-2.4737974875e-02	-2.8317292591e-02	-2.8317292591e-02	-2.8317292591e-02	-3.1222931437e-02	-3.1222931437e-02	-3.1222931437e-02	-3.1222931437e-02	-3.2686601952e-02	-3.2686601952e-02	-3.2686601952e-02	-3.2686601952e-02	-3.2563099155e-02	-3.2563099155e-02	-3.2563099155e-02	-3.2563099155e-02	-3.0798855431e-02	-3.0798855431e-02	-3.0798855431e-02	-3.0798855431e-02	-2.7453902700e-02	-2.7453902700e-02	-2.7453902700e-02	-2.3028918613e-02	-2.2753491786e-02	-2.2753491786e-02	-2.2753491786e-02	-1.7128193767e-02	-1.7128193767e-02	-1.7128193767e-02	-1.7128193767e-02	-1.1223030629e-02	-1.1223030629e-02	-1.1223030629e-02	-6.2470822399e-03	-5.5634940143e-03	-5.5634940143e-03	-5.5634940143e-03	-5.5634940143e-03	5.6900125011e-03	5.6900125011e-03	5.6900125011e-03	5.6900125011e-03	1.1636734575e-02	1.1636734575e-02	1.1636734575e-02	1.5970913147e-02	1.7063189223e-02	1.7063189223e-02	1.7063189223e-02	2.1767564030e-02	2.1767564030e-02	2.1767564030e-02	2.5055878169e-02	2.5055878169e-02	2.6889631937e-02	2.6889631937e-02	2.6889631937e-02	3.2318201147e-02	3.3411122207e-02	3.3411122207e-02	3.3411122207e-02	3.5898282880e-02	3.7169167459e-02	3.7169167459e-02	3.9230887082e-02	4.0567991578e-02	4.0567991578e-02	4.0567991578e-02	4.2174351799e-02	4.3511408630e-02	4.3511408630e-02	4.5785989608e-02	4.5785989608e-02	4.7358374786e-02	4.7358374786e-02	4.7358374786e-02	5.0302269934e-02	5.1844210713e-02	
98	0.0	1.0022018432e-02	1.3886763379e-02	5.1989337637e-03	5.1989337637e-03	5.1989337637e-03	5.1989337637e-03	-1.8545927814e-03	-1.8545927814e-03	-1.8545927814e-03	-1.8545927814e-03	-1.3055920935e-02	-1.3055920935e-02	-1.3055920935e-02	-1.3055920935e-02	-1.8996769222e-02	-1.8996769222e-02	-1.8996769222e-02	-1.8996769222e-02	-2.4172763437e-02	-2.4172763437e-02	-2.4172763437e-02	-2.4750685464e-02	-2.8330764087e-02	-2.8330764087e-02	-2.8330764087e-02	-3.1237068633e-02	-3.1237068633e-02	-3.1237068633e-02	-3.1237068633e-02	-3.2701091938e-02	-3.2701091938e-02	-3.2701091938e-02	-3.2701091938e-02	-3.2577636136e-02	-3.2577636136e-02	-3.2577636136e-02	-3.2577636136e-02	-3.0813130624e-02	-3.0813130624e-02	-3.0813130624e-02	-3.0813130624e-02	-2.7467575372e-02	-2.7467575372e-02	-2.7467575372e-02	-2.3041557606e-02	-2.2766066539e-02	-2.2766066539e-02	-2.2766066539e-02	-1.7138912966e-02	-1.7138912966e-02	-1.7138912966e-02	-1.7138912966e-02	-1.1231217856e-02	-1.1231217856e-02	-1.1231217856e-02	-6.2528047475e-03	-5.5690742734e-03	-5.5690742734e-03	-5.5690742734e-03	-5.5690742734e-03	5.6892941639e-03	5.6892941639e-03	5.6892941639e-03	5.6892941639e-03	1.1638998674e-02	1.1638998674e-02	1.1638998674e-02	1.5976205975e-02	1.7068676738e-02	1.7068676738e-02	1.7068676738e-02	2.1776070000e-02	2.1776070000e-02	2.1776070000e-02	2.5067139677e-02	2.5067139677e-02	2.6901044068e-02	2.6901044068e-02	2.6901044068e-02	3.2333338243e-02	3.3426779552e-02	3.3426779552e-02	3.3426779552e-02	3.5915661350e-02	3.7187121539e-02	3.7187121539e-02	3.9250200403e-02	4.0587878418e-02	4.0587878418e-02	4.0587878418e-02	4.2195237666e-02	4.3532889245e-02	4.3532889245e-02	4.5808429756e-02	4.5808429756e-02	4.7381687236e-02	4.7381687236e-02	4.7381687236e-02	5.0324705228e-02	5.1867749095e-02	
99	0.0	1.0019112257e-02	1.3884650889e-02	5.1927721871e-03	5.1927721871e-03	5.1927721871e-03	5.1927721871e-03	-1.8633559182e-03	-1.8633559182e-03	-1.8633559182e-03	-1.8633559182e-03	-1.3068066384e-02	-1.3068066384e-02	-1.3068066384e-02	-1.3068066384e-02	-1.9010660775e-02	-1.9010660775e-02	-1.9010660775e-02	-1.9010660775e-02	-2.4188081410e-02	-2.4188081410e-02	-2.4188081410e-02	-2.4766264213e-02	-2.8347181227e-02	-2.8347181227e-02	-2.8347181227e-02	-3.1254231859e-02	-3.1254231859e-02	-3.1254231859e-02	-3.1254231859e-02	-3.2718652087e-02	-3.2718652087e-02	-3.2718652087e-02	-3.2718652087e-02	-3.2595253396e-02	-3.2595253396e-02	-3.2595253396e-02	-3.2595253396e-02	-3.0830469081e-02	-3.0830469081e-02	-3.0830469081e-02	-3.0830469081e-02	-2.7484281376e-02	-2.7484281376e-02	-2.7484281376e-02	-2.3057232339e-02	-2.2781664553e-02	-2.2781664553e-02	-2.2781664553e-02	-1.7152704802e-02	-1.7152704802e-02	-1.7152704802e-02	-1.7152704802e-02	-1.1242578390e-02	-1.1242578390e-02	-1.1242578390e-02	-6.2618228377e-03	-5.5779179012e-03	-5.5779179012e-03	-5.5779179012e-03	-5.5779179012e-03	5.6850522580e-03	5.6850522580e-03	5.6850522580e-03	5.6850522580e-03	1.1637645191e-02	1.1637645191e-02	1.1637645191e-02	1.5977760113e-02	1.7070480322e-02	1.7070480322e-02	1.7070480322e-02	2.1780847320e-02	2.1780847320e-02	2.1780847320e-02	2.5074578057e-02	2.5074578057e-02	2.6908743141e-02	2.6908743141e-02	2.6908743141e-02	3.2344580945e-02	3.3438574594e-02	3.3438574594e-02	3.3438574594e-02	3.5929116993e-02	3.7201191148e-02	3.7201191148e-02	3.9265597081e-02	4.0603892964e-02	4.0603892964e-02	4.0603892964e-02	4.2212236669e-02	4.3550532854e-02	4.3550532854e-02	4.5827017554e-02	4.5827017554e-02	4.7401207871e-02	4.7401207871e-02	4.7401207871e-02	5.0343389047e-02	5.1887591476e-02	
100	0.0	1.0015664791e-02	1.3882271062e-02	5.1855242371e-03	5.1855242371e-03	5.1855242371e-03	5.1855242371e-03	-1.8737435958e-03	-1.8737435958e-03	-1.8737435958e-03	-1.8737435958e-03	-1.3082514668e-02	-1.3082514668e-02	-1.3082514668e-02	-1.3082514668e-02	-1.9027026681e-02	-1.9027026681e-02	-1.9027026681e-02	-1.9027026681e-02	-2.4206024108e-02	-2.4206024108e-02	-2.4206024108e-02	-2.4784501745e-02	-2.8366330628e-02	-2.8366330628e-02	-2.8366330628e-02	-3.1274198509e-02	-3.1274198509e-02	-3.1274198509e-02	-3.1274198509e-02	-3.2739053965e-02	-3.2739053965e-02	-3.2739053965e-02	-3.2739053965e-02	-3.2615719396e-02	-3.2615719396e-02	-3.2615719396e-02	-3.2615719396e-02	-3.0850638053e-02	-3.0850638053e-02	-3.0850638053e-02	-3.0850638053e-02	-2.7503787522e-02	-2.7503787522e-02	-2.7503787522e-02	-2.3075706564e-02	-2.2800051736e-02	-2.2800051736e-02	-2.2800051736e-02	-1.7169333797e-02	-1.7169333797e-02	-1.7169333797e-02	-1.7169333797e-02	-1.1256876439e-02	-1.1256876439e-02	-1.1256876439e-02	-6.2738985790e-03	-5.5897917767e-03	-5.5897917767e-03	-5.5897917767e-03	-5.5897917767e-03	5.6775315714e-03	5.6775315714e-03	5.6775315714e-03	5.6775315714e-03	1.1632914329e-02	1.1632914329e-02	1.1632914329e-02	1.5975812945e-02	1.7068829007e-02	1.7068829007e-02	1.7068829007e-02	2.1782112844e-02	2.1782112844e-02	2.1782112844e-02	2.5078406219e-02	2.5078406219e-02	2.6912929662e-02	2.6912929662e-02	2.6912929662e-02	3.2352143394e-02	3.3446709509e-02	3.3446709509e-02	3.3446709509e-02	3.5938863174e-02	3.7211575757e-02	3.7211575757e-02	3.9277291361e-02	4.0616234907e-02	4.0616234907e-02	4.0616234907e-02	4.2225563010e-02	4.3564538105e-02	4.3564538105e-02	4.5841976117e-02	4.5841976117e-02	4.7417137745e-02	4.7417137745e-02	4.7417137745e-02	5.0358584492e-02	5.1903973577e-02	
101	0.0	1.0011588118e-02	1.3879471715e-02	5.1770454342e-03	5.1770454342e-03	5.1770454342e-03	5.1770454342e-03	-1.8858896872e-03	-1.8858896872e-03	-1.8858896872e-03	-1.8858896872e-03	-1.3099381720e-02	-1.3099381720e-02	-1.3099381720e-02	-1.3099381720e-02	-1.9045975485e-02	-1.9045975485e-02	-1.9045975485e-02	-1.9045975485e-02	-2.4226691564e-02	-2.4226691564e-02	-2.4226691564e-02	-2.4805483098e-02	-2.8388304836e-02	-2.8388304836e-02	-2.8388304836e-02	-3.1297053940e-02	-3.1297053940e-02	-3.1297053940e-02	-3.1297053940e-02	-3.2762376217e-02	-3.2762376217e-02	-3.2762376217e-02	-3.2762376217e-02	-3.2639106260e-02	-3.2639106260e-02	-3.2639106260e-02	-3.2639106260e-02	-3.0873702884e-02	-3.0873702884e-02	-3.0873702884e-02	-3.0873702884e-02	-2.7526151183e-02	-2.7526151183e-02	-2.7526151183e-02	-2.3097022330e-02	-2.2821274793e-02	-2.2821274793e-02	-2.2821274793e-02	-1.7188832676e-02	-1.7188832676e-02	-1.7188832676e-02	-1.7188832676e-02	-1.1274129651e-02	-1.1274129651e-02	-1.1274129651e-02	-6.2890249362e-03	-5.6047005724e-03	-5.6047005724e-03	-5.6047005724e-03	-5.6047005724e-03	5.6667716091e-03	5.6667716091e-03	5.6667716091e-03	5.6667716091e-03	1.1624858766e-02	1.1624858766e-02	1.1624858766e-02	1.5970445874e-02	1.7063784767e-02	1.7063784767e-02	1.7063784767e-02	2.1779935655e-02	2.1779935655e-02	2.1779935655e-02	2.5078720607e-02	2.5078720607e-02	2.6913667206e-02	2.6913667206e-02	2.6913667206e-02	3.2356155225e-02	3.3451287472e-02	3.3451287472e-02	3.3451287472e-02	3.5945042581e-02	3.7218387490e-02	3.7218387490e-02	3.9285438811e-02	4.0625026664e-02	4.0625026664e-02	4.0625026664e-02	4.2235379488e-02	4.3575031756e-02	4.3575031756e-02	4.5853495733e-02	4.5853495733e-02	4.7429618570e-02	4.7429618570e-02	4.7429618570e-02	5.0370569560e-02	5.1917117031e-02	
102	0.0	1.0006941963e-02	1.3876295473e-02	5.1674638766e-03	5.1674638766e-03	5.1674638766e-03	5.1674638766e-03	-1.8996130810e-03	-1.8996130810e-03	-1.8996130810e-03	-1.8996130810e-03	-1.3118422894e-02	-1.3118422894e-02	-1.3118422894e-02	-1.3118422894e-02	-1.9067244964e-02	-1.9067244964e-02	-1.9067244964e-02	-1.9067244964e-02	-2.4249807808e-02	-2.4249807808e-02	-2.4249807808e-02	-2.4828931607e-02	-2.8412818701e-02	-2.8412818701e-02	-2.8412818701e-02	-3.1322507386e-02	-3.1322507386e-02	-3.1322507386e-02	-3.1322507386e-02	-3.2788325606e-02	-3.2788325606e-02	-3.2788325606e-02	-3.2788325606e-02	-3.2665120853e-02	-3.2665120853e-02	-3.2665120853e-02	-3.2665120853e-02	-3.0899372192e-02	-3.0899372192e-02	-3.0899372192e-02	-3.0899372192e-02	-2.7551083222e-02	-2.7551083222e-02	-2.7551083222e-02	-2.3120891387e-02	-2.2845045634e-02	-2.2845045634e-02	-2.2845045634e-02	-1.7210912339e-02	-1.7210912339e-02	-1.7210912339e-02	-1.7210912339e-02	-1.1294047740e-02	-1.1294047740e-02	-1.1294047740e-02	-6.3069130505e-03	-5.6223553354e-03	-5.6223553354e-03	-5.6223553354e-03	-5.6223553354e-03	5.6530695110e-03	5.6530695110e-03	5.6530695110e-03	5.6530695110e-03	1.1613771835e-02	1.1613771835e-02	1.1613771835e-02	1.5961940962e-02	1.7055630069e-02	1.7055630069e-02	1.7055630069e-02	2.1774584970e-02	2.1774584970e-02	2.1774584970e-02	2.5075775470e-02	2.5075775470e-02	2.6911211417e-02	2.6911211417e-02	2.6911211417e-02	3.2356854811e-02	3.3452547425e-02	3.3452547425e-02	3.3452547425e-02	3.5947880900e-02	3.7221853203e-02	3.7221853203e-02	3.9290250237e-02	4.0630481272e-02	4.0630481272e-02	4.0630481272e-02	4.2241882258e-02	4.3582213151e-02	4.3582213151e-02	4.5861743839e-02	4.5861743839e-02	4.7438822335e-02	4.7438822335e-02	4.7438822335e-02	5.0379458866e-02	5.1927142637e-02	
103	0.0	1.0001821614e-02	1.3872829621e-02	5.1569704706e-03	5.1569704706e-03	5.1569704706e-03	5.1569704706e-03	-1.9146590132e-03	-1.9146590132e-03	-1.9146590132e-03	-1.9146590132e-03	-1.3139307009e-02	-1.3139307009e-02	-1.3139307009e-02	-1.3139307009e-02	-1.9090481575e-02	-1.9090481575e-02	-1.9090481575e-02	-1.9090481575e-02	-2.4275001540e-02	-2.4275001540e-02	-2.4275001540e-02	-2.4854477033e-02	-2.8439488701e-02	-2.8439488701e-02	-2.8439488701e-02	-3.1350167995e-02	-3.1350167995e-02	-3.1350167995e-02	-3.1350167995e-02	-3.2816508325e-02	-3.2816508325e-02	-3.2816508325e-02	-3.2816508325e-02	-3.2693370329e-02	-3.2693370329e-02	-3.2693370329e-02	-3.2693370329e-02	-3.0927257145e-02	-3.0927257145e-02	-3.0927257145e-02	-3.0927257145e-02	-2.7578200757e-02	-2.7578200757e-02	-2.7578200757e-02	-2.3146937146e-02	-2.2870987460e-02	-2.2870987460e-02	-2.2870987460e-02	-1.7235201010e-02	-1.7235201010e-02	-1.7235201010e-02	-1.7235201010e-02	-1.1316264475e-02	-1.1316264475e-02	-1.1316264475e-02	-6.3272062206e-03	-5.6423985395e-03	-5.6423985395e-03	-5.6423985395e-03	-5.6423985395e-03	5.6367773270e-03	5.6367773270e-03	5.6367773270e-03	5.6367773270e-03	1.1599993358e-02	1.1599993358e-02	1.1599993358e-02	1.5950615838e-02	1.7044684130e-02	1.7044684130e-02	1.7044684130e-02	2.1766357516e-02	2.1766357516e-02	2.1766357516e-02	2.5069842330e-02	2.5069842330e-02	2.6905837234e-02	2.6905837234e-02	2.6905837234e-02	3.2354482060e-02	3.3450731630e-02	3.3450731630e-02	3.3450731630e-02	3.5947596140e-02	3.7222193732e-02	3.7222193732e-02	3.9291918678e-02	4.0632795582e-02	4.0632795582e-02	4.0632795582e-02	4.2245241352e-02	4.3586256948e-02	4.3586256948e-02	4.5866854593e-02	4.5866854593e-02	4.7444889302e-02	4.7444889302e-02	4.7444889302e-02	5.0385321514e-02	5.1934127311e-02	
104	0.0	9.9962464609e-03	1.3869061909e-02	5.1456147044e-03	5.1456147044e-03	5.1456147044e-03	5.1456147044e-03	-1.9309363558e-03	-1.9309363558e-03	-1.9309363558e-03	-1.9309363558e-03	-1.3161889671e-02	-1.3161889671e-02	-1.3161889671e-02	-1.3161889671e-02	-1.9115524371e-02	-1.9115524371e-02	-1.9115524371e-02	-1.9115524371e-02	-2.4302096843e-02	-2.4302096843e-02	-2.4302096843e-02	-2.4881937064e-02	-2.8468127569e-02	-2.8468127569e-02	-2.8468127569e-02	-3.1379840531e-02	-3.1379840531e-02	-3.1379840531e-02	-3.1379840531e-02	-3.2846724033e-02	-3.2846724033e-02	-3.2846724033e-02	-3.2846724033e-02	-3.2723651845e-02	-3.2723651845e-02	-3.2723651845e-02	-3.2723651845e-02	-3.0957154465e-02	-3.0957154465e-02	-3.0957154465e-02	-3.0957154465e-02	-2.7607301158e-02	-2.7607301158e-02	-2.7607301158e-02	-2.3174954740e-02	-2.2898897533e-02	-2.2898897533e-02	-2.2898897533e-02	-1.7261493570e-02	-1.7261493570e-02	-1.7261493570e-02	-1.7261493570e-02	-1.1340571725e-02	-1.1340571725e-02	-1.1340571725e-02	-6.3496906886e-03	-5.6646218512e-03	-5.6646218512e-03	-5.6646218512e-03	-5.6646218512e-03	5.6181180456e-03	5.6181180456e-03	5.6181180456e-03	5.6181180456e-03	1.1583744470e-02	1.1583744470e-02	1.1583744470e-02	1.5936692097e-02	1.7031159771e-02	1.7031159771e-02	1.7031159771e-02	2.1755455670e-02	2.1755455670e-02	2.1755455670e-02	2.5061121608e-02	2.5061121608e-02	2.6897730146e-02	2.6897730146e-02	2.6897730146e-02	3.2349228894e-02	3.3446021054e-02	3.3446021054e-02	3.3446021054e-02	3.5944369719e-02	3.7219577955e-02	3.7219577955e-02	3.9290612081e-02	4.0632124174e-02	4.0632124174e-02	4.0632124174e-02	4.2245610600e-02	4.3587302518e-02	4.3587302518e-02	4.5868971823e-02	4.5868971823e-02	4.7447943892e-02	4.7447943892e-02	4.7447943892e-02	5.0388299103e-02	5.1938191162e-02	
105	0.0	9.9902773048e-03	1.3865031293e-02	5.1335169618e-03	5.1335169618e-03	5.1335169618e-03	5.1335169618e-03	-1.9482715266e-03	-1.9482715266e-03	-1.9482715266e-03	-1.9482715266e-03	-1.3185931008e-02	-1.3185931008e-02	-1.3185931008e-02	-1.3185931008e-02	-1.9142112797e-02	-1.9142112797e-02	-1.9142112797e-02	-1.9142112797e-02	-2.4330815612e-02	-2.4330815612e-02	-2.4330815612e-02	-2.4911030156e-02	-2.8498444433e-02	-2.8498444433e-02	-2.8498444433e-02	-3.1411225838e-02	-3.1411225838e-02	-3.1411225838e-02	-3.1411225838e-02	-3.2878669181e-02	-3.2878669181e-02	-3.2878669181e-02	-3.2878669181e-02	-3.2755660939e-02	-3.2755660939e-02	-3.2755660939e-02	-3.2755660939e-02	-3.0988761574e-02	-3.0988761574e-02	-3.0988761574e-02	-3.0988761574e-02	-2.7638085454e-02	-2.7638085454e-02	-2.7638085454e-02	-2.3204647466e-02	-2.2928480224e-02	-2.2928480224e-02	-2.2928480224e-02	-1.7289495744e-02	-1.7289495744e-02	-1.7289495744e-02	-1.7289495744e-02	-1.1366675815e-02	-1.1366675815e-02	-1.1366675815e-02	-6.3740732133e-03	-5.6887345703e-03	-5.6887345703e-03	-5.6887345703e-03	-5.6887345703e-03	5.5973884260e-03	5.5973884260e-03	5.5973884260e-03	5.5973884260e-03	1.1565317279e-02	1.1565317279e-02	1.1565317279e-02	1.5920454935e-02	1.7015338178e-02	1.7015338178e-02	1.7015338178e-02	2.1742147831e-02	2.1742147831e-02	2.1742147831e-02	2.5049872400e-02	2.5049872400e-02	2.6887142494e-02	2.6887142494e-02	2.6887142494e-02	3.2341338550e-02	3.3438654854e-02	3.3438654854e-02	3.3438654854e-02	3.5938431663e-02	3.7214231347e-02	3.7214231347e-02	3.9286544394e-02	4.0628676359e-02	4.0628676359e-02	4.0628676359e-02	4.2243188427e-02	4.3585543387e-02	4.3585543387e-02	4.5868277500e-02	4.5868277500e-02	4.7448161577e-02	4.7448161577e-02	4.7448161577e-02	5.0388550725e-02	5.1939486724e-02	
106	0.0	9.9839645862e-03	1.3860762904e-02	5.1207772922e-03	5.1207772922e-03	5.1207772922e-03	5.1207772922e-03	-1.9665153877e-03	-1.9665153877e-03	-1.9665153877e-03	-1.9665153877e-03	-1.3211220284e-02	-1.3211220284e-02	-1.3211220284e-02	-1.3211220284e-02	-1.9170017523e-02	-1.9170017523e-02	-1.9170017523e-02	-1.9170017523e-02	-2.4360912517e-02	-2.4360912517e-02	-2.4360912517e-02	-2.4941506595e-02	-2.8530182284e-02	-2.8530182284e-02	-2.8530182284e-02	-3.1444059210e-02	-3.1444059210e-02	-3.1444059210e-02	-3.1444059210e-02	-3.2912074746e-02	-3.2912074746e-02	-3.2912074746e-02	-3.2912074746e-02	-3.2789127217e-02	-3.2789127217e-02	-3.2789127217e-02	-3.2789127217e-02	-3.1021808962e-02	-3.1021808962e-02	-3.1021808962e-02	-3.1021808962e-02	-2.7670286174e-02	-2.7670286174e-02	-2.7670286174e-02	-2.3235747539e-02	-2.2959469165e-02	-2.2959469165e-02	-2.2959469165e-02	-1.7318939371e-02	-1.7318939371e-02	-1.7318939371e-02	-1.7318939371e-02	-1.1394304982e-02	-1.1394304982e-02	-1.1394304982e-02	-6.4000762998e-03	-5.7144628804e-03	-5.7144628804e-03	-5.7144628804e-03	-5.7144628804e-03	5.5748778898e-03	5.5748778898e-03	5.5748778898e-03	5.5748778898e-03	1.1545003516e-02	1.1545003516e-02	1.1545003516e-02	1.5902200436e-02	1.6997509291e-02	1.6997509291e-02	1.6997509291e-02	2.1726720579e-02	2.1726720579e-02	2.1726720579e-02	2.5036384559e-02	2.5036384559e-02	2.6874352958e-02	2.6874352958e-02	2.6874352958e-02	3.2331104232e-02	3.3428918921e-02	3.3428918921e-02	3.3428918921e-02	3.5930073571e-02	3.7206436771e-02	3.7206436771e-02	3.9280003932e-02	4.0622730596e-02	4.0622730596e-02	4.0622730596e-02	4.2238259449e-02	4.3581252799e-02	4.3581252799e-02	4.5865063384e-02	4.5865063384e-02	4.7445818082e-02	4.7445818082e-02	4.7445818082e-02	5.0386395700e-02	5.1938314320e-02	
107	0.0	9.9773770821e-03	1.3856306902e-02	5.1075291759e-03	5.1075291759e-03	5.1075291759e-03	5.1075291759e-03	-1.9854810261e-03	-1.9854810261e-03	-1.9854810261e-03	-1.9854810261e-03	-1.3237504475e-02	-1.3237504475e-02	-1.3237504475e-02	-1.3237504475e-02	-1.9198966261e-02	-1.9198966261e-02	-1.9198966261e-02	-1.9198966261e-02	-2.4392099090e-02	-2.4392099090e-02	-2.4392099090e-02	-2.4973076124e-02	-2.8563041061e-02	-2.8563041061e-02	-2.8563041061e-02	-3.1478033267e-02	-3.1478033267e-02	-3.1478033267e-02	-3.1478033267e-02	-3.2946629877e-02	-3.2946629877e-02	-3.2946629877e-02	-3.2946629877e-02	-3.2823739892e-02	-3.2823739892e-02	-3.2823739892e-02	-3.2823739892e-02	-3.1055988809e-02	-3.1055988809e-02	-3.1055988809e-02	-3.1055988809e-02	-2.7703600337e-02	-2.7703600337e-02	-2.7703600337e-02	-2.3267956227e-02	-2.2991565995e-02	-2.2991565995e-02	-2.2991565995e-02	-1.7349528372e-02	-1.7349528372e-02	-1.7349528372e-02	-1.7349528372e-02	-1.1423164052e-02	-1.1423164052e-02	-1.1423164052e-02	-6.4274070324e-03	-5.7415144683e-03	-5.7415144683e-03	-5.7415144683e-03	-5.7415144683e-03	5.5508785612e-03	5.5508785612e-03	5.5508785612e-03	5.5508785612e-03	1.1523089114e-02	1.1523089114e-02	1.1523089114e-02	1.5882203027e-02	1.6977947009e-02	1.6977947009e-02	1.6977947009e-02	2.1709433249e-02	2.1709433249e-02	2.1709433249e-02	2.5020901283e-02	2.5020901283e-02	2.6859603859e-02	2.6859603859e-02	2.6859603859e-02	3.2318737392e-02	3.3417026522e-02	3.3417026522e-02	3.3417026522e-02	3.5919484948e-02	3.7196386250e-02	3.7196386250e-02	3.9271153200e-02	4.0614452676e-02	4.0614452676e-02	4.0614452676e-02	4.2230959391e-02	4.3574570765e-02	4.3574570765e-02	4.5859420063e-02	4.5859420063e-02	4.7441011209e-02	4.7441011209e-02	4.7441011209e-02	5.0381832394e-02	5.1934684041e-02	
108	0.0	9.9705488258e-03	1.3851671865e-02	5.0938485224e-03	5.0938485224e-03	5.0938485224e-03	5.0938485224e-03	-2.0050423615e-03	-2.0050423615e-03	-2.0050423615e-03	-2.0050423615e-03	-1.3264594582e-02	-1.3264594582e-02	-1.3264594582e-02	-1.3264594582e-02	-1.9228751912e-02	-1.9228751912e-02	-1.9228751912e-02	-1.9228751912e-02	-2.4424152484e-02	-2.4424152484e-02	-2.4424152484e-02	-2.5005511656e-02	-2.8596786369e-02	-2.8596786369e-02	-2.8596786369e-02	-3.1512905930e-02	-3.1512905930e-02	-3.1512905930e-02	-3.1512905930e-02	-3.2982088201e-02	-3.2982088201e-02	-3.2982088201e-02	-3.2982088201e-02	-3.2859251378e-02	-3.2859251378e-02	-3.2859251378e-02	-3.2859251378e-02	-3.1091054800e-02	-3.1091054800e-02	-3.1091054800e-02	-3.1091054800e-02	-2.7737784369e-02	-2.7737784369e-02	-2.7737784369e-02	-2.3301030683e-02	-2.3024529276e-02	-2.3024529276e-02	-2.3024529276e-02	-1.7381020570e-02	-1.7381020570e-02	-1.7381020570e-02	-1.7381020570e-02	-1.1453007962e-02	-1.1453007962e-02	-1.1453007962e-02	-6.4558149365e-03	-5.7696426640e-03	-5.7696426640e-03	-5.7696426640e-03	-5.7696426640e-03	5.5256494980e-03	5.5256494980e-03	5.5256494980e-03	5.5256494980e-03	1.1499834654e-02	1.1499834654e-02	1.1499834654e-02	1.5860727786e-02	1.6956910173e-02	1.6956910173e-02	1.6956910173e-02	2.1690541575e-02	2.1690541575e-02	2.1690541575e-02	2.5003681642e-02	2.5003681642e-02	2.6843142784e-02	2.6843142784e-02	2.6843142784e-02	3.2304496220e-02	3.3403229596e-02	3.3403229596e-02	3.3403229596e-02	3.5906920704e-02	3.7184327147e-02	3.7184327147e-02	3.9260241188e-02	4.0604083039e-02	4.0604083039e-02	4.0604083039e-02	4.2221530635e-02	4.3565729893e-02	4.3565729893e-02	4.5851590778e-02	4.5851590778e-02	4.7433970829e-02	4.7433970829e-02	4.7433970829e-02	5.0375116295e-02	5.1928836205e-02	
109	0.0	9.9633710089e-03	1.3846718334e-02	5.0793478184e-03	5.0793478184e-03	5.0793478184e-03	5.0793478184e-03	-2.0256224688e-03	-2.0256224688e-03	-2.0256224688e-03	-2.0256224688e-03	-1.3292894514e-02	-1.3292894514e-02	-1.3292894514e-02	-1.3292894514e-02	-1.9259747288e-02	-1.9259747288e-02	-1.9259747288e-02	-1.9259747288e-02	-2.4457419870e-02	-2.4457419870e-02	-2.4457419870e-02	-2.5039156901e-02	-2.8631746887e-02	-2.8631746887e-02	-2.8631746887e-02	-3.1548994072e-02	-3.1548994072e-02	-3.1548994072e-02	-3.1548994072e-02	-3.3018760830e-02	-3.3018760830e-02	-3.3018760830e-02	-3.3018760830e-02	-3.2895972543e-02	-3.2895972543e-02	-3.2895972543e-02	-3.2895972543e-02	-3.1127322145e-02	-3.1127322145e-02	-3.1127322145e-02	-3.1127322145e-02	-2.7773160974e-02	-2.7773160974e-02	-2.7773160974e-02	-2.3335300917e-02	-2.3058689839e-02	-2.3058689839e-02	-2.3058689839e-02	-1.7413752861e-02	-1.7413752861e-02	-1.7413752861e-02	-1.7413752861e-02	-1.1484177760e-02	-1.1484177760e-02	-1.1484177760e-02	-6.4856441947e-03	-5.7991936733e-03	-5.7991936733e-03	-5.7991936733e-03	-5.7991936733e-03	5.4988429783e-03	5.4988429783e-03	5.4988429783e-03	5.4988429783e-03	1.1474887060e-02	1.1474887060e-02	1.1474887060e-02	1.5837416138e-02	1.6934037020e-02	1.6934037020e-02	1.6934037020e-02	2.1669674142e-02	2.1669674142e-02	2.1669674142e-02	2.4984347591e-02	2.4984347591e-02	2.6824585370e-02	2.6824585370e-02	2.6824585370e-02	3.2287986639e-02	3.3387132460e-02	3.3387132460e-02	3.3387132460e-02	3.5891975896e-02	3.7169852606e-02	3.7169852606e-02	3.9246849294e-02	4.0591200784e-02	4.0591200784e-02	4.0591200784e-02	4.2209541096e-02	4.3554295439e-02	4.3554295439e-02	4.5841127946e-02	4.5841127946e-02	4.7424246172e-02	4.7424246172e-02	4.7424246172e-02	5.0365774262e-02	5.1920295224e-02	
110	0.0	9.9560886827e-03	1.3841706409e-02	5.0647312172e-03	5.0647312172e-03	5.0647312172e-03	5.0647312172e-03	-2.0462923287e-03	-2.0462923287e-03	-2.0462923287e-03	-2.0462923287e-03	-1.3321238400e-02	-1.3321238400e-02	-1.3321238400e-02	-1.3321238400e-02	-1.9290759760e-02	-1.9290759760e-02	-1.9290759760e-02	-1.9290759760e-02	-2.4490690407e-02	-2.4490690407e-02	-2.4490690407e-02	-2.5072804704e-02	-2.8666701824e-02	-2.8666701824e-02	-2.8666701824e-02	-3.1585072596e-02	-3.1585072596e-02	-3.1585072596e-02	-3.1585072596e-02	-3.3055422040e-02	-3.3055422040e-02	-3.3055422040e-02	-3.3055422040e-02	-3.2932679459e-02	-3.2932679459e-02	-3.2932679459e-02	-3.2932679459e-02	-3.1163570071e-02	-3.1163570071e-02	-3.1163570071e-02	-3.1163570071e-02	-2.7808512794e-02	-2.7808512794e-02	-2.7808512794e-02	-2.3369551633e-02	-2.3092831802e-02	-2.3092831802e-02	-2.3092831802e-02	-1.7446506520e-02	-1.7446506520e-02	-1.7446506520e-02	-1.7446506520e-02	-1.1515448263e-02	-1.1515448263e-02	-1.1515448263e-02	-6.5156641538e-03	-5.8289360347e-03	-5.8289360347e-03	-5.8289360347e-03	-5.8289360347e-03	5.4717041602e-03	5.4717041602e-03	5.4717041602e-03	5.4717041602e-03	1.1449497686e-02	1.1449497686e-02	1.1449497686e-02	1.5813523416e-02	1.6910583434e-02	1.6910583434e-02	1.6910583434e-02	2.1648089490e-02	2.1648089490e-02	2.1648089490e-02	2.4964159221e-02	2.4964159221e-02	2.6805190959e-02	2.6805190959e-02	2.6805190959e-02	3.2270469210e-02	3.3369998145e-02	3.3369998145e-02	3.3369998145e-02	3.5875910342e-02	3.7154224792e-02	3.7154224792e-02	3.9232233741e-02	4.0577064069e-02	4.0577064069e-02	4.0577064069e-02	4.2196242472e-02	4.3541520542e-02	4.3541520542e-02	4.5829275736e-02	4.5829275736e-02	4.7413083070e-02	4.7413083070e-02	4.7413083070e-02	5.0355033411e-02	5.1910290364e-02	
111	0.0	9.9488090216e-03	1.3836716321e-02	5.0501405525e-03	5.0501405525e-03	5.0501405525e-03	5.0501405525e-03	-2.0669337192e-03	-2.0669337192e-03	-2.0669337192e-03	-2.0669337192e-03	-1.3349567381e-02	-1.3349567381e-02	-1.3349567381e-02	-1.3349567381e-02	-1.9321758488e-02	-1.9321758488e-02	-1.9321758488e-02	-1.9321758488e-02	-2.4523948289e-02	-2.4523948289e-02	-2.4523948289e-02	-2.5106433317e-02	-2.8701641091e-02	-2.8701641091e-02	-2.8701641091e-02	-3.1621131717e-02	-3.1621131717e-02	-3.1621131717e-02	-3.1621131717e-02	-3.3092059828e-02	-3.3092059828e-02	-3.3092059828e-02	-3.3092059828e-02	-3.2969357612e-02	-3.2969357612e-02	-3.2969357612e-02	-3.2969357612e-02	-3.1199782674e-02	-3.1199782674e-02	-3.1199782674e-02	-3.1199782674e-02	-2.7843823717e-02	-2.7843823717e-02	-2.7843823717e-02	-2.3403763843e-02	-2.3126937914e-02	-2.3126937914e-02	-2.3126937914e-02	-1.7479259331e-02	-1.7479259331e-02	-1.7479259331e-02	-1.7479259331e-02	-1.1546788997e-02	-1.1546788997e-02	-1.1546788997e-02	-6.5458325731e-03	-5.8588317315e-03	-5.8588317315e-03	-5.8588317315e-03	-5.8588317315e-03	5.4442887676e-03	5.4442887676e-03	5.4442887676e-03	5.4442887676e-03	1.1423728549e-02	1.1423728549e-02	1.1423728549e-02	1.5789123156e-02	1.6886616285e-02	1.6886616285e-02	1.6886616285e-02	2.1625857491e-02	2.1625857491e-02	2.1625857491e-02	2.4943195468e-02	2.4943195468e-02	2.6785025630e-02	2.6785025630e-02	2.6785025630e-02	3.2252024088e-02	3.3351901153e-02	3.3351901153e-02	3.3351901153e-02	3.5858803256e-02	3.7137516558e-02	3.7137516558e-02	3.9216470083e-02	4.0561741208e-02	4.0561741208e-02	4.0561741208e-02	4.2181704885e-02	4.3527467288e-02	4.3527467288e-02	4.5816100326e-02	4.5816100326e-02	4.7400537796e-02	4.7400537796e-02	4.7400537796e-02	5.0342956534e-02	5.1898874594e-02	
112	0.0	9.9415413545e-03	1.3831731632e-02	5.0356065272e-03	5.0356065272e-03	5.0356065272e-03	5.0356065272e-03	-2.0874940260e-03	-2.0874940260e-03	-2.0874940260e-03	-2.0874940260e-03	-1.3377801034e-02	-1.3377801034e-02	-1.3377801034e-02	-1.3377801034e-02	-1.9352644636e-02	-1.9352644636e-02	-1.9352644636e-02	-1.9352644636e-02	-2.4557078129e-02	-2.4557078129e-02	-2.4557078129e-02	-2.5139924213e-02	-2.8736436957e-02	-2.8736436957e-02	-2.8736436957e-02	-3.1657035172e-02	-3.1657035172e-02	-3.1657035172e-02	-3.1657035172e-02	-3.3128533316e-02	-3.3128533316e-02	-3.3128533316e-02	-3.3128533316e-02	-3.3005866054e-02	-3.3005866054e-02	-3.3005866054e-02	-3.3005866054e-02	-3.1235822906e-02	-3.1235822906e-02	-3.1235822906e-02	-3.1235822906e-02	-2.7878963762e-02	-2.7878963762e-02	-2.7878963762e-02	-2.3437814804e-02	-2.3160886174e-02	-2.3160886174e-02	-2.3160886174e-02	-1.7511895086e-02	-1.7511895086e-02	-1.7511895086e-02	-1.7511895086e-02	-1.1578086912e-02	-1.1578086912e-02	-1.1578086912e-02	-6.5760381628e-03	-5.8887711355e-03	-5.8887711355e-03	-5.8887711355e-03	-5.8887711355e-03	5.4167062403e-03	5.4167062403e-03	5.4167062403e-03	5.4167062403e-03	1.1397686752e-02	1.1397686752e-02	1.1397686752e-02	1.5764321450e-02	1.6862239078e-02	1.6862239078e-02	1.6862239078e-02	2.1603077729e-02	2.1603077729e-02	2.1603077729e-02	2.4921554758e-02	2.4921554758e-02	2.6764181899e-02	2.6764181899e-02	2.6764181899e-02	3.2232741278e-02	3.3332930620e-02	3.3332930620e-02	3.3332930620e-02	3.5840739451e-02	3.7119811465e-02	3.7119811465e-02	3.9199635509e-02	4.0545307578e-02	4.0545307578e-02	4.0545307578e-02	4.2165997422e-02	4.3512202546e-02	4.3512202546e-02	4.5801660469e-02	4.5801660469e-02	4.7386666832e-02	4.7386666832e-02	4.7386666832e-02	5.0329583057e-02	5.1886086135e-02	
113	0.0	9.9343146536e-03	1.3826767497e-02	5.0211907379e-03	5.0211907379e-03	5.0211907379e-03	5.0211907379e-03	-2.1078818572e-03	-2.1078818572e-03	-2.1078818572e-03	-2.1078818572e-03	-1.3405807464e-02	-1.3405807464e-02	-1.3405807464e-02	-1.3405807464e-02	-1.9383269125e-02	-1.9383269125e-02	-1.9383269125e-02	-1.9383269125e-02	-2.4589917974e-02	-2.4589917974e-02	-2.4589917974e-02	-2.5173115707e-02	-2.8770920237e-02	-2.8770920237e-02	-2.8770920237e-02	-3.1692610657e-02	-3.1692610657e-02	-3.1692610657e-02	-3.1692610657e-02	-3.3164670082e-02	-3.3164670082e-02	-3.3164670082e-02	-3.3164670082e-02	-3.3042035336e-02	-3.3042035336e-02	-3.3042035336e-02	-3.3042035336e-02	-3.1271525028e-02	-3.1271525028e-02	-3.1271525028e-02	-3.1271525028e-02	-2.7913767870e-02	-2.7913767870e-02	-2.7913767870e-02	-2.3471540400e-02	-2.3194509025e-02	-2.3194509025e-02	-2.3194509025e-02	-1.7544239719e-02	-1.7544239719e-02	-1.7544239719e-02	-1.7544239719e-02	-1.1609158279e-02	-1.1609158279e-02	-1.1609158279e-02	-6.6060929999e-03	-5.9185612702e-03	-5.9185612702e-03	-5.9185612702e-03	-5.9185612702e-03	5.3891627332e-03	5.3891627332e-03	5.3891627332e-03	5.3891627332e-03	1.1371587238e-02	1.1371587238e-02	1.1371587238e-02	1.5739337247e-02	1.6837675051e-02	1.6837675051e-02	1.6837675051e-02	2.1579979867e-02	2.1579979867e-02	2.1579979867e-02	2.4899469236e-02	2.4899469236e-02	2.6742895343e-02	2.6742895343e-02	2.6742895343e-02	3.2212857484e-02	3.3313328104e-02	3.3313328104e-02	3.3313328104e-02	3.5821958090e-02	3.7101353194e-02	3.7101353194e-02	3.9181969062e-02	4.0528005962e-02	4.0528005962e-02	4.0528005962e-02	4.2149357759e-02	4.3495967042e-02	4.3495967042e-02	4.5786188631e-02	4.5786188631e-02	4.7371706497e-02	4.7371706497e-02	4.7371706497e-02	5.0315129495e-02	5.1872146180e-02	
114	0.0	9.9271400381e-03	1.3821820340e-02	5.0069162846e-03	5.0069162846e-03	5.0069162846e-03	5.0069162846e-03	-2.1280543191e-03	-2.1280543191e-03	-2.1280543191e-03	-2.1280543191e-03	-1.3433514044e-02	-1.3433514044e-02	-1.3433514044e-02	-1.3433514044e-02	-1.9413548252e-02	-1.9413548252e-02	-1.9413548252e-02	-1.9413548252e-02	-2.4622374941e-02	-2.4622374941e-02	-2.4622374941e-02	-2.5205913145e-02	-2.8804992040e-02	-2.8804992040e-02	-2.8804992040e-02	-3.1727755606e-02	-3.1727755606e-02	-3.1727755606e-02	-3.1727755606e-02	-3.3200365147e-02	-3.3200365147e-02	-3.3200365147e-02	-3.3200365147e-02	-3.3077758155e-02	-3.3077758155e-02	-3.3077758155e-02	-3.3077758155e-02	-3.1306781052e-02	-3.1306781052e-02	-3.1306781052e-02	-3.1306781052e-02	-2.7948130669e-02	-2.7948130669e-02	-2.7948130669e-02	-2.3504835462e-02	-2.3227705482e-02	-2.3227705482e-02	-2.3227705482e-02	-1.7576195909e-02	-1.7576195909e-02	-1.7576195909e-02	-1.7576195909e-02	-1.1639907890e-02	-1.1639907890e-02	-1.1639907890e-02	-6.6358953246e-03	-5.9481095808e-03	-5.9481095808e-03	-5.9481095808e-03	-5.9481095808e-03	5.3617545178e-03	5.3617545178e-03	5.3617545178e-03	5.3617545178e-03	1.1345524456e-02	1.1345524456e-02	1.1345524456e-02	1.5714274693e-02	1.6813016917e-02	1.6813016917e-02	1.6813016917e-02	2.1556654925e-02	2.1556654925e-02	2.1556654925e-02	2.4877038787e-02	2.4877038787e-02	2.6721247313e-02	2.6721247313e-02	2.6721247313e-02	3.2192466702e-02	3.3293180319e-02	3.3293180319e-02	3.3293180319e-02	3.5802550554e-02	3.7082226541e-02	3.7082226541e-02	3.9163558546e-02	4.0509917767e-02	4.0509917767e-02	4.0509917767e-02	4.2131869233e-02	4.3478838040e-02	4.3478838040e-02	4.5769763879e-02	4.5769763879e-02	4.7355729862e-02	4.7355729862e-02	4.7355729862e-02	5.0299667494e-02	5.1857121982e-02	
115	0.0	9.9200674581e-03	1.3816932899e-02	4.9928733044e-03	4.9928733044e-03	4.9928733044e-03	4.9928733044e-03	-2.1478902845e-03	-2.1478902845e-03	-2.1478902845e-03	-2.1478902845e-03	-1.3460758792e-02	-1.3460758792e-02	-1.3460758792e-02	-1.3460758792e-02	-1.9443306671e-02	-1.9443306671e-02	-1.9443306671e-02	-1.9443306671e-02	-2.4654263176e-02	-2.4654263176e-02	-2.4654263176e-02	-2.5238130436e-02	-2.8838459512e-02	-2.8838459512e-02	-2.8838459512e-02	-3.1762273106e-02	-3.1762273106e-02	-3.1762273106e-02	-3.1762273106e-02	-3.3235419850e-02	-3.3235419850e-02	-3.3235419850e-02	-3.3235419850e-02	-3.3112836113e-02	-3.3112836113e-02	-3.3112836113e-02	-3.3112836113e-02	-3.1341394953e-02	-3.1341394953e-02	-3.1341394953e-02	-3.1341394953e-02	-2.7981860921e-02	-2.7981860921e-02	-2.7981860921e-02	-2.3537513809e-02	-2.3260288981e-02	-2.3260288981e-02	-2.3260288981e-02	-1.7607578786e-02	-1.7607578786e-02	-1.7607578786e-02	-1.7607578786e-02	-1.1670148767e-02	-1.1670148767e-02	-1.1670148767e-02	-6.6652572313e-03	-5.9772251320e-03	-5.9772251320e-03	-5.9772251320e-03	-5.9772251320e-03	5.3346798678e-03	5.3346798678e-03	5.3346798678e-03	5.3346798678e-03	1.1319704158e-02	1.1319704158e-02	1.1319704158e-02	1.5689342908e-02	1.6788479344e-02	1.6788479344e-02	1.6788479344e-02	2.1533326154e-02	2.1533326154e-02	2.1533326154e-02	2.4854489619e-02	2.4854489619e-02	2.6699471725e-02	2.6699471725e-02	2.6699471725e-02	3.2171804434e-02	3.3272728930e-02	3.3272728930e-02	3.3272728930e-02	3.5782757129e-02	3.7062676687e-02	3.7062676687e-02	3.9144645994e-02	4.0491288747e-02	4.0491288747e-02	4.0491288747e-02	4.2113774131e-02	4.3461060698e-02	4.3461060698e-02	4.5752625604e-02	4.5752625604e-02	4.7338979679e-02	4.7338979679e-02	4.7338979679e-02	5.0283424126e-02	5.1841244596e-02	
116	0.0	9.9131207158e-03	1.3812117394e-02	4.9791047902e-03	4.9791047902e-03	4.9791047902e-03	4.9791047902e-03	-2.1673259775e-03	-2.1673259775e-03	-2.1673259775e-03	-2.1673259775e-03	-1.3487449650e-02	-1.3487449650e-02	-1.3487449650e-02	-1.3487449650e-02	-1.9472443888e-02	-1.9472443888e-02	-1.9472443888e-02	-1.9472443888e-02	-2.4685474688e-02	-2.4685474688e-02	-2.4685474688e-02	-2.5269657761e-02	-2.8871208969e-02	-2.8871208969e-02	-2.8871208969e-02	-3.1796045542e-02	-3.1796045542e-02	-3.1796045542e-02	-3.1796045542e-02	-3.3269714445e-02	-3.3269714445e-02	-3.3269714445e-02	-3.3269714445e-02	-3.3147149094e-02	-3.3147149094e-02	-3.3147149094e-02	-3.3147149094e-02	-3.1375247568e-02	-3.1375247568e-02	-3.1375247568e-02	-3.1375247568e-02	-2.8014841316e-02	-2.8014841316e-02	-2.8014841316e-02	-2.3569458851e-02	-2.3292143680e-02	-2.3292143680e-02	-2.3292143680e-02	-1.7638271377e-02	-1.7638271377e-02	-1.7638271377e-02	-1.7638271377e-02	-1.1699759902e-02	-1.1699759902e-02	-1.1699759902e-02	-6.6940510836e-03	-6.0057824724e-03	-6.0057824724e-03	-6.0057824724e-03	-6.0057824724e-03	5.3080725604e-03	5.3080725604e-03	5.3080725604e-03	5.3080725604e-03	1.1294264467e-02	1.1294264467e-02	1.1294264467e-02	1.5664689327e-02	1.6764205602e-02	1.6764205602e-02	1.6764205602e-02	2.1510141361e-02	2.1510141361e-02	2.1510141361e-02	2.4831978136e-02	2.4831978136e-02	2.6677716081e-02	2.6677716081e-02	2.6677716081e-02	3.2151029074e-02	3.3252131064e-02	3.3252131064e-02	3.3252131064e-02	3.5762739201e-02	3.7042864927e-02	3.7042864927e-02	3.9125395579e-02	4.0472283121e-02	4.0472283121e-02	4.0472283121e-02	4.2095238608e-02	4.3442801257e-02	4.3442801257e-02	4.5734941221e-02	4.5734941221e-02	4.7321624378e-02	4.7321624378e-02	4.7321624378e-02	5.0266563621e-02	5.1824680385e-02	
117	0.0	9.9063324999e-03	1.3807399764e-02	4.9656714048e-03	4.9656714048e-03	4.9656714048e-03	4.9656714048e-03	-2.1862785039e-03	-2.1862785039e-03	-2.1862785039e-03	-2.1862785039e-03	-1.3513474681e-02	-1.3513474681e-02	-1.3513474681e-02	-1.3513474681e-02	-1.9500839696e-02	-1.9500839696e-02	-1.9500839696e-02	-1.9500839696e-02	-2.4715882012e-02	-2.4715882012e-02	-2.4715882012e-02	-2.5300366777e-02	-2.8903107261e-02	-2.8903107261e-02	-2.8903107261e-02	-3.1828935586e-02	-3.1828935586e-02	-3.1828935586e-02	-3.1828935586e-02	-3.3303109271e-02	-3.3303109271e-02	-3.3303109271e-02	-3.3303109271e-02	-3.3180558021e-02	-3.3180558021e-02	-3.3180558021e-02	-3.3180558021e-02	-3.1408201977e-02	-3.1408201977e-02	-3.1408201977e-02	-3.1408201977e-02	-2.8046937511e-02	-2.8046937511e-02	-2.8046937511e-02	-2.3600538125e-02	-2.3323137014e-02	-2.3323137014e-02	-2.3323137014e-02	-1.7668140003e-02	-1.7668140003e-02	-1.7668140003e-02	-1.7668140003e-02	-1.1728603333e-02	-1.1728603333e-02	-1.1728603333e-02	-6.7221343047e-03	-6.0336386819e-03	-6.0336386819e-03	-6.0336386819e-03	-6.0336386819e-03	5.2820825335e-03	5.2820825335e-03	5.2820825335e-03	5.2820825335e-03	1.1269360521e-02	1.1269360521e-02	1.1269360521e-02	1.5640475466e-02	1.6740357281e-02	1.6740357281e-02	1.6740357281e-02	2.1487268423e-02	2.1487268423e-02	2.1487268423e-02	2.4809678362e-02	2.4809678362e-02	2.6656153183e-02	2.6656153183e-02	2.6656153183e-02	3.2130320086e-02	3.3231569178e-02	3.3231569178e-02	3.3231569178e-02	3.5742681401e-02	3.7022978847e-02	3.7022978847e-02	3.9105995773e-02	4.0453092016e-02	4.0453092016e-02	4.0453092016e-02	4.2076453998e-02	4.3424253560e-02	4.3424253560e-02	4.5716902977e-02	4.5716902977e-02	4.7303859821e-02	4.7303859821e-02	4.7303859821e-02	5.0249271632e-02	5.1807619717e-02	
118	0.0	9.8997280983e-03	1.3802799127e-02	4.9526207972e-03	4.9526207972e-03	4.9526207972e-03	4.9526207972e-03	-2.2046821855e-03	-2.2046821855e-03	-2.2046821855e-03	-2.2046821855e-03	-1.3538744770e-02	-1.3538744770e-02	-1.3538744770e-02	-1.3538744770e-02	-1.9528399094e-02	-1.9528399094e-02	-1.9528399094e-02	-1.9528399094e-02	-2.4745384985e-02	-2.4745384985e-02	-2.4745384985e-02	-2.5330156891e-02	-2.8934050316e-02	-2.8934050316e-02	-2.8934050316e-02	-3.1860836416e-02	-3.1860836416e-02	-3.1860836416e-02	-3.1860836416e-02	-3.3335495884e-02	-3.3335495884e-02	-3.3335495884e-02	-3.3335495884e-02	-3.3212954916e-02	-3.3212954916e-02	-3.3212954916e-02	-3.3212954916e-02	-3.1440152295e-02	-3.1440152295e-02	-3.1440152295e-02	-3.1440152295e-02	-2.8078046500e-02	-2.8078046500e-02	-2.8078046500e-02	-2.3630650863e-02	-2.3353168202e-02	-2.3353168202e-02	-2.3353168202e-02	-1.7697083483e-02	-1.7697083483e-02	-1.7697083483e-02	-1.7697083483e-02	-1.1756574498e-02	-1.1756574498e-02	-1.1756574498e-02	-6.7493977041e-03	-6.0606851691e-03	-6.0606851691e-03	-6.0606851691e-03	-6.0606851691e-03	5.2568241171e-03	5.2568241171e-03	5.2568241171e-03	5.2568241171e-03	1.1245110951e-02	1.1245110951e-02	1.1245110951e-02	1.5616826937e-02	1.6717058779e-02	1.6717058779e-02	1.6717058779e-02	2.1464837537e-02	2.1464837537e-02	2.1464837537e-02	2.4787727447e-02	2.4787727447e-02	2.6634916839e-02	2.6634916839e-02	2.6634916839e-02	3.2109818428e-02	3.3211186242e-02	3.3211186242e-02	3.3211186242e-02	3.5722729279e-02	3.7003166344e-02	3.7003166344e-02	3.9086595683e-02	4.0433866734e-02	4.0433866734e-02	4.0433866734e-02	4.2057571854e-02	4.3405571426e-02	4.3405571426e-02	4.5698662149e-02	4.5698662149e-02	4.7285840991e-02	4.7285840991e-02	4.7285840991e-02	5.0231690131e-02	5.1790209757e-02	
119	0.0	9.8933202902e-03	1.3798321057e-02	4.9399775738e-03	4.9399775738e-03	4.9399775738e-03	4.9399775738e-03	-2.2225000882e-03	-2.2225000882e-03	-2.2225000882e-03	-2.2225000882e-03	-1.3563206502e-02	-1.3563206502e-02	-1.3563206502e-02	-1.3563206502e-02	-1.9555065234e-02	-1.9555065234e-02	-1.9555065234e-02	-1.9555065234e-02	-2.4773923632e-02	-2.4773923632e-02	-2.4773923632e-02	-2.5358967679e-02	-2.8963975951e-02	-2.8963975951e-02	-2.8963975951e-02	-3.1891684546e-02	-3.1891684546e-02	-3.1891684546e-02	-3.1891684546e-02	-3.3366810086e-02	-3.3366810086e-02	-3.3366810086e-02	-3.3366810086e-02	-3.3244275539e-02	-3.3244275539e-02	-3.3244275539e-02	-3.3244275539e-02	-3.1471035488e-02	-3.1471035488e-02	-3.1471035488e-02	-3.1471035488e-02	-2.8108107390e-02	-2.8108107390e-02	-2.8108107390e-02	-2.3659737514e-02	-2.3382178024e-02	-2.3382178024e-02	-2.3382178024e-02	-1.7725041598e-02	-1.7725041598e-02	-1.7725041598e-02	-1.7725041598e-02	-1.1783609065e-02	-1.1783609065e-02	-1.1783609065e-02	-6.7757708983e-03	-6.0868526617e-03	-6.0868526617e-03	-6.0868526617e-03	-6.0868526617e-03	5.2323743081e-03	5.2323743081e-03	5.2323743081e-03	5.2323743081e-03	1.1221598729e-02	1.1221598729e-02	1.1221598729e-02	1.5593836533e-02	1.6694401147e-02	1.6694401147e-02	1.6694401147e-02	2.1442948015e-02	2.1442948015e-02	2.1442948015e-02	2.4766234809e-02	2.4766234809e-02	2.6614112138e-02	2.6614112138e-02	2.6614112138e-02	3.2089642065e-02	3.3191101172e-02	3.3191101172e-02	3.3191101172e-02	3.5703008094e-02	3.6983553618e-02	3.6983553618e-02	3.9067326987e-02	4.0414739541e-02	4.0414739541e-02	4.0414739541e-02	4.2038728861e-02	4.3386891968e-02	4.3386891968e-02	4.5680360379e-02	4.5680360379e-02	4.7267710687e-02	4.7267710687e-02	4.7267710687e-02	5.0213962989e-02	5.1772596434e-02	
120	0.0	9.8871258612e-03	1.3793978158e-02	4.9277737049e-03	4.9277737049e-03	4.9277737049e-03	4.9277737049e-03	-2.2396875478e-03	-2.2396875478e-03	-2.2396875478e-03	-2.2396875478e-03	-1.3586798110e-02	-1.3586798110e-02	-1.3586798110e-02	-1.3586798110e-02	-1.9580771824e-02	-1.9580771824e-02	-1.9580771824e-02	-1.9580771824e-02	-2.4801427854e-02	-2.4801427854e-02	-2.4801427854e-02	-2.5386729227e-02	-2.8992811761e-02	-2.8992811761e-02	-2.8992811761e-02	-3.1921407545e-02	-3.1921407545e-02	-3.1921407545e-02	-3.1921407545e-02	-3.3396979847e-02	-3.3396979847e-02	-3.3396979847e-02	-3.3396979847e-02	-3.3274447936e-02	-3.3274447936e-02	-3.3274447936e-02	-3.3274447936e-02	-3.1500779962e-02	-3.1500779962e-02	-3.1500779962e-02	-3.1500779962e-02	-2.8137049364e-02	-2.8137049364e-02	-2.8137049364e-02	-2.3687727356e-02	-2.3410095800e-02	-2.3410095800e-02	-2.3410095800e-02	-1.7751941229e-02	-1.7751941229e-02	-1.7751941229e-02	-1.7751941229e-02	-1.1809628426e-02	-1.1809628426e-02	-1.1809628426e-02	-6.8011686389e-03	-6.1120562621e-03	-6.1120562621e-03	-6.1120562621e-03	-6.1120562621e-03	5.2088268206e-03	5.2088268206e-03	5.2088268206e-03	5.2088268206e-03	1.1198924759e-02	1.1198924759e-02	1.1198924759e-02	1.5571615341e-02	1.6672494748e-02	1.6672494748e-02	1.6672494748e-02	2.1421719642e-02	2.1421719642e-02	2.1421719642e-02	2.4745330449e-02	2.4745330449e-02	2.6593866209e-02	2.6593866209e-02	2.6593866209e-02	3.2069930688e-02	3.3171455470e-02	3.3171455470e-02	3.3171455470e-02	3.5683665670e-02	3.6964290451e-02	3.6964290451e-02	3.9048345008e-02	4.0395867464e-02	4.0395867464e-02	4.0395867464e-02	4.2020086490e-02	4.3368378279e-02	4.3368378279e-02	4.5662164937e-02	4.5662164937e-02	4.7249638840e-02	4.7249638840e-02	4.7249638840e-02	5.0196260063e-02	5.1754953239e-02	
121	0.0	9.8811691516e-03	1.3789795312e-02	4.9160523722e-03	4.9160523722e-03	4.9160523722e-03	4.9160523722e-03	-2.2561909415e-03	-2.2561909415e-03	-2.2561909415e-03	-2.2561909415e-03	-1.3609453633e-02	-1.3609453633e-02	-1.3609453633e-02	-1.3609453633e-02	-1.9605452084e-02	-1.9605452084e-02	-1.9605452084e-02	-1.9605452084e-02	-2.4827830515e-02	-2.4827830515e-02	-2.4827830515e-02	-2.5413375628e-02	-2.9020490794e-02	-2.9020490794e-02	-2.9020490794e-02	-3.1949937863e-02	-3.1949937863e-02	-3.1949937863e-02	-3.1949937863e-02	-3.3425937193e-02	-3.3425937193e-02	-3.3425937193e-02	-3.3425937193e-02	-3.3303405094e-02	-3.3303405094e-02	-3.3303405094e-02	-3.3303405094e-02	-3.1529321969e-02	-3.1529321969e-02	-3.1529321969e-02	-3.1529321969e-02	-2.8164814138e-02	-2.8164814138e-02	-2.8164814138e-02	-2.3714568826e-02	-2.3436869585e-02	-2.3436869585e-02	-2.3436869585e-02	-1.7777735652e-02	-1.7777735652e-02	-1.7777735652e-02	-1.7777735652e-02	-1.1834588705e-02	-1.1834588705e-02	-1.1834588705e-02	-6.8255496150e-03	-6.1362538453e-03	-6.1362538453e-03	-6.1362538453e-03	-6.1362538453e-03	5.1862199127e-03	5.1862199127e-03	5.1862199127e-03	5.1862199127e-03	1.1177127554e-02	1.1177127554e-02	1.1177127554e-02	1.5550202962e-02	1.6651380265e-02	1.6651380265e-02	1.6651380265e-02	2.1401195945e-02	2.1401195945e-02	2.1401195945e-02	2.4725060089e-02	2.4725060089e-02	2.6574225065e-02	2.6574225065e-02	2.6574225065e-02	3.2050729832e-02	3.3152298669e-02	3.3152298669e-02	3.3152298669e-02	3.5664750662e-02	3.6945430080e-02	3.6945430080e-02	3.9029701254e-02	4.0377306735e-02	4.0377306735e-02	4.0377306735e-02	4.2001698901e-02	4.3350089558e-02	4.3350089558e-02	4.5644129683e-02	4.5644129683e-02	4.7231686618e-02	4.7231686618e-02	4.7231686618e-02	5.0178624729e-02	5.1737332618e-02	
122	0.0	9.8754566791e-03	1.3785773982e-02	4.9048212306e-03	4.9048212306e-03	4.9048212306e-03	4.9048212306e-03	-2.2719983471e-03	-2.2719983471e-03	-2.2719983471e-03	-2.2719983471e-03	-1.3631154976e-02	-1.3631154976e-02	-1.3631154976e-02	-1.3631154976e-02	-1.9629087288e-02	-1.9629087288e-02	-1.9629087288e-02	-1.9629087288e-02	-2.4853111737e-02	-2.4853111737e-02	-2.4853111737e-02	-2.5438886047e-02	-2.9046991828e-02	-2.9046991828e-02	-2.9046991828e-02	-3.1977252821e-02	-3.1977252821e-02	-3.1977252821e-02	-3.1977252821e-02	-3.3453658889e-02	-3.3453658889e-02	-3.3453658889e-02	-3.3453658889e-02	-3.3331123627e-02	-3.3331123627e-02	-3.3331123627e-02	-3.3331123627e-02	-3.1556638238e-02	-3.1556638238e-02	-3.1556638238e-02	-3.1556638238e-02	-2.8191378614e-02	-2.8191378614e-02	-2.8191378614e-02	-2.3740238034e-02	-2.3462475722e-02	-2.3462475722e-02	-2.3462475722e-02	-1.7802398476e-02	-1.7802398476e-02	-1.7802398476e-02	-1.7802398476e-02	-1.1858457980e-02	-1.1858457980e-02	-1.1858457980e-02	-6.8488745737e-03	-6.1594068915e-03	-6.1594068915e-03	-6.1594068915e-03	-6.1594068915e-03	5.1646020688e-03	5.1646020688e-03	5.1646020688e-03	5.1646020688e-03	1.1156263733e-02	1.1156263733e-02	1.1156263733e-02	1.5529668281e-02	1.6631125199e-02	1.6631125199e-02	1.6631125199e-02	2.1381455205e-02	2.1381455205e-02	2.1381455205e-02	2.4705514248e-02	2.4705514248e-02	2.6555275403e-02	2.6555275403e-02	2.6555275403e-02	3.2032142573e-02	3.3133734227e-02	3.3133734227e-02	3.3133734227e-02	3.5646375586e-02	3.6927085395e-02	3.6927085395e-02	3.9011517422e-02	4.0359179171e-02	4.0359179171e-02	4.0359179171e-02	4.1983695519e-02	4.3332155257e-02	4.3332155257e-02	4.5626392934e-02	4.5626392934e-02	4.7213992943e-02	4.7213992943e-02	4.7213992943e-02	5.0161204754e-02	5.1719883646e-02	
123	0.0	9.8699876292e-03	1.3781913647e-02	4.8940819073e-03	4.8940819073e-03	4.8940819073e-03	4.8940819073e-03	-2.2871059416e-03	-2.2871059416e-03	-2.2871059416e-03	-2.2871059416e-03	-1.3651894311e-02	-1.3651894311e-02	-1.3651894311e-02	-1.3651894311e-02	-1.9651669616e-02	-1.9651669616e-02	-1.9651669616e-02	-1.9651669616e-02	-2.4877263394e-02	-2.4877263394e-02	-2.4877263394e-02	-2.5463253183e-02	-2.9072306317e-02	-2.9072306317e-02	-2.9072306317e-02	-3.2003343650e-02	-3.2003343650e-02	-3.2003343650e-02	-3.2003343650e-02	-3.3480136743e-02	-3.3480136743e-02	-3.3480136743e-02	-3.3480136743e-02	-3.3357595878e-02	-3.3357595878e-02	-3.3357595878e-02	-3.3357595878e-02	-3.1582721361e-02	-3.1582721361e-02	-3.1582721361e-02	-3.1582721361e-02	-2.8216735244e-02	-2.8216735244e-02	-2.8216735244e-02	-2.3764726678e-02	-2.3486905562e-02	-2.3486905562e-02	-2.3486905562e-02	-1.7825917907e-02	-1.7825917907e-02	-1.7825917907e-02	-1.7825917907e-02	-1.1881218902e-02	-1.1881218902e-02	-1.1881218902e-02	-6.8711205512e-03	-6.1814916577e-03	-6.1814916577e-03	-6.1814916577e-03	-6.1814916577e-03	5.1440048044e-03	5.1440048044e-03	5.1440048044e-03	5.1440048044e-03	1.1136371915e-02	1.1136371915e-02	1.1136371915e-02	1.5510058223e-02	1.6611777561e-02	1.6611777561e-02	1.6611777561e-02	2.1362554681e-02	2.1362554681e-02	2.1362554681e-02	2.4686758214e-02	2.4686758214e-02	2.6537083204e-02	2.6537083204e-02	2.6537083204e-02	3.2014243787e-02	3.3115840127e-02	3.3115840127e-02	3.3115840127e-02	3.5628623167e-02	3.6909342575e-02	3.6909342575e-02	3.8993883918e-02	4.0341578653e-02	4.0341578653e-02	4.0341578653e-02	4.1966173517e-02	4.3314676223e-02	4.3314676223e-02	4.5609057480e-02	4.5609057480e-02	4.7196665929e-02	4.7196665929e-02	4.7196665929e-02	5.0144103602e-02	5.1702716316e-02	
124	0.0	9.8647528821e-03	1.3778200934e-02	4.8838204722e-03	4.8838204722e-03	4.8838204722e-03	4.8838204722e-03	-2.3015271699e-03	-2.3015271699e-03	-2.3015271699e-03	-2.3015271699e-03	-1.3671683287e-02	-1.3671683287e-02	-1.3671683287e-02	-1.3671683287e-02	-1.9673210561e-02	-1.9673210561e-02	-1.9673210561e-02	-1.9673210561e-02	-2.4900296655e-02	-2.4900296655e-02	-2.4900296655e-02	-2.5486487588e-02	-2.9096445183e-02	-2.9096445183e-02	-2.9096445183e-02	-3.2028220925e-02	-3.2028220925e-02	-3.2028220925e-02	-3.2028220925e-02	-3.3505381261e-02	-3.3505381261e-02	-3.3505381261e-02	-3.3505381261e-02	-3.3382832267e-02	-3.3382832267e-02	-3.3382832267e-02	-3.3382832267e-02	-3.1607581652e-02	-3.1607581652e-02	-3.1607581652e-02	-3.1607581652e-02	-2.8240894219e-02	-2.8240894219e-02	-2.8240894219e-02	-2.3788044196e-02	-2.3510168611e-02	-2.3510168611e-02	-2.3510168611e-02	-1.7848301060e-02	-1.7848301060e-02	-1.7848301060e-02	-1.7848301060e-02	-1.1902874120e-02	-1.1902874120e-02	-1.1902874120e-02	-6.8922846817e-03	-6.2025055332e-03	-6.2025055332e-03	-6.2025055332e-03	-6.2025055332e-03	5.1244382206e-03	5.1244382206e-03	5.1244382206e-03	5.1244382206e-03	1.1117468754e-02	1.1117468754e-02	1.1117468754e-02	1.5491398863e-02	1.6593362941e-02	1.6593362941e-02	1.6593362941e-02	2.1344529117e-02	2.1344529117e-02	2.1344529117e-02	2.4668836552e-02	2.4668836552e-02	2.6519691353e-02	2.6519691353e-02	2.6519691353e-02	3.1997089697e-02	3.3098673400e-02	3.3098673400e-02	3.3098673400e-02	3.5611558246e-02	3.6892267331e-02	3.6892267331e-02	3.8976874296e-02	4.0324579459e-02	4.0324579459e-02	4.0324579459e-02	4.1949214093e-02	4.3297734380e-02	4.3297734380e-02	4.5592213354e-02	4.5592213354e-02	4.7179797055e-02	4.7179797055e-02	4.7179797055e-02	5.0127420617e-02	5.1685932092e-02	
125	0.0	9.8597825011e-03	1.3774670432e-02	4.8740878172e-03	4.8740878172e-03	4.8740878172e-03	4.8740878172e-03	-2.3152022129e-03	-2.3152022129e-03	-2.3152022129e-03	-2.3152022129e-03	-1.3690452053e-02	-1.3690452053e-02	-1.3690452053e-02	-1.3690452053e-02	-1.9693638168e-02	-1.9693638168e-02	-1.9693638168e-02	-1.9693638168e-02	-2.4922138287e-02	-2.4922138287e-02	-2.4922138287e-02	-2.5508517247e-02	-2.9119334597e-02	-2.9119334597e-02	-2.9119334597e-02	-3.2051810532e-02	-3.2051810532e-02	-3.2051810532e-02	-3.2051810532e-02	-3.3529318573e-02	-3.3529318573e-02	-3.3529318573e-02	-3.3529318573e-02	-3.3406759581e-02	-3.3406759581e-02	-3.3406759581e-02	-3.3406759581e-02	-3.1631146938e-02	-3.1631146938e-02	-3.1631146938e-02	-3.1631146938e-02	-2.8263784776e-02	-2.8263784776e-02	-2.8263784776e-02	-2.3810121606e-02	-2.3532195486e-02	-2.3532195486e-02	-2.3532195486e-02	-1.7869478890e-02	-1.7869478890e-02	-1.7869478890e-02	-1.7869478890e-02	-1.1923353344e-02	-1.1923353344e-02	-1.1923353344e-02	-6.9122956289e-03	-6.2223762167e-03	-6.2223762167e-03	-6.2223762167e-03	-6.2223762167e-03	5.1059751910e-03	5.1059751910e-03	5.1059751910e-03	5.1059751910e-03	1.1099629977e-02	1.1099629977e-02	1.1099629977e-02	1.5473769211e-02	1.6575961951e-02	1.6575961951e-02	1.6575961951e-02	2.1327464549e-02	2.1327464549e-02	2.1327464549e-02	2.4651839236e-02	2.4651839236e-02	2.6503192094e-02	2.6503192094e-02	2.6503192094e-02	3.1980775816e-02	3.3082332943e-02	3.3082332943e-02	3.3082332943e-02	3.5595281611e-02	3.6875964286e-02	3.6875964286e-02	3.8960594711e-02	4.0308291762e-02	4.0308291762e-02	4.0308291762e-02	4.1932928343e-02	4.3281445193e-02	4.3281445193e-02	4.5575974679e-02	4.5575974679e-02	4.7163506731e-02	4.7163506731e-02	4.7163506731e-02	5.0111265848e-02	5.1669648721e-02	
126	0.0	9.8550755930e-03	1.3771322341e-02	4.8648792828e-03	4.8648792828e-03	4.8648792828e-03	4.8648792828e-03	-2.3281387543e-03	-2.3281387543e-03	-2.3281387543e-03	-2.3281387543e-03	-1.3708211765e-02	-1.3708211765e-02	-1.3708211765e-02	-1.3708211765e-02	-1.9712965987e-02	-1.9712965987e-02	-1.9712965987e-02	-1.9712965987e-02	-2.4942803554e-02	-2.4942803554e-02	-2.4942803554e-02	-2.5529358197e-02	-2.9140991011e-02	-2.9140991011e-02	-2.9140991011e-02	-3.2074129608e-02	-3.2074129608e-02	-3.2074129608e-02	-3.2074129608e-02	-3.3551966287e-02	-3.3551966287e-02	-3.3551966287e-02	-3.3551966287e-02	-3.3429395857e-02	-3.3429395857e-02	-3.3429395857e-02	-3.3429395857e-02	-3.1653435740e-02	-3.1653435740e-02	-3.1653435740e-02	-3.1653435740e-02	-2.8285426058e-02	-2.8285426058e-02	-2.8285426058e-02	-2.3830978906e-02	-2.3553005860e-02	-2.3553005860e-02	-2.3553005860e-02	-1.7889470655e-02	-1.7889470655e-02	-1.7889470655e-02	-1.7889470655e-02	-1.1942673928e-02	-1.1942673928e-02	-1.1942673928e-02	-6.9311688506e-03	-6.2411183917e-03	-6.2411183917e-03	-6.2411183917e-03	-6.2411183917e-03	5.0886030291e-03	5.0886030291e-03	5.0886030291e-03	5.0886030291e-03	1.1082846754e-02	1.1082846754e-02	1.1082846754e-02	1.5457165230e-02	1.6559571837e-02	1.6559571837e-02	1.6559571837e-02	2.1311364859e-02	2.1311364859e-02	2.1311364859e-02	2.4635775590e-02	2.4635775590e-02	2.6487596722e-02	2.6487596722e-02	2.6487596722e-02	3.1965319643e-02	3.3066839056e-02	3.3066839056e-02	3.3066839056e-02	3.5579817369e-02	3.6860460711e-02	3.6860460711e-02	3.8945076190e-02	4.0292749896e-02	4.0292749896e-02	4.0292749896e-02	4.1917353727e-02	4.3265849703e-02	4.3265849703e-02	4.5560384888e-02	4.5560384888e-02	4.7147843472e-02	4.7147843472e-02	4.7147843472e-02	5.0095685134e-02	5.1653918089e-02	
127	0.0	9.8506320440e-03	1.3768156383e-02	4.8561914696e-03	4.8561914696e-03	4.8561914696e-03	4.8561914696e-03	-2.3403415227e-03	-2.3403415227e-03	-2.3403415227e-03	-2.3403415227e-03	-1.3724969032e-02	-1.3724969032e-02	-1.3724969032e-02	-1.3724969032e-02	-1.9731202385e-02	-1.9731202385e-02	-1.9731202385e-02	-1.9731202385e-02	-2.4962302129e-02	-2.4962302129e-02	-2.4962302129e-02	-2.5549019985e-02	-2.9161425109e-02	-2.9161425109e-02	-2.9161425109e-02	-3.2095189403e-02	-3.2095189403e-02	-3.2095189403e-02	-3.2095189403e-02	-3.3573335830e-02	-3.3573335830e-02	-3.3573335830e-02	-3.3573335830e-02	-3.3450752440e-02	-3.3450752440e-02	-3.3450752440e-02	-3.3450752440e-02	-3.1674459159e-02	-3.1674459159e-02	-3.1674459159e-02	-3.1674459159e-02	-2.8305828879e-02	-2.8305828879e-02	-2.8305828879e-02	-2.3850626400e-02	-2.3572610099e-02	-2.3572610099e-02	-2.3572610099e-02	-1.7908285452e-02	-1.7908285452e-02	-1.7908285452e-02	-1.7908285452e-02	-1.1960842314e-02	-1.1960842314e-02	-1.1960842314e-02	-6.9489071107e-03	-6.2587350588e-03	-6.2587350588e-03	-6.2587350588e-03	-6.2587350588e-03	5.0723228112e-03	5.0723228112e-03	5.0723228112e-03	5.0723228112e-03	1.1067124790e-02	1.1067124790e-02	1.1067124790e-02	1.5441599926e-02	1.6544205252e-02	1.6544205252e-02	1.6544205252e-02	2.1296250150e-02	2.1296250150e-02	2.1296250150e-02	2.4620673654e-02	2.4620673654e-02	2.6472932547e-02	2.6472932547e-02	2.6472932547e-02	3.1950759485e-02	3.3052230672e-02	3.3052230672e-02	3.3052230672e-02	3.5565211231e-02	3.6845803001e-02	3.6845803001e-02	3.8930372166e-02	4.0278007946e-02	4.0278007946e-02	4.0278007946e-02	4.1902550566e-02	4.3251008969e-02	4.3251008969e-02	4.5545512407e-02	4.5545512407e-02	4.7132877048e-02	4.7132877048e-02	4.7132877048e-02	5.0080755601e-02	5.1638819204e-02	
128	0.0	9.8459988812e-03	1.3764681927e-02	4.8472609062e-03	4.8472609062e-03	4.8472609062e-03	4.8472609062e-03	-2.3526446843e-03	-2.3526446843e-03	-2.3526446843e-03	-2.3526446843e-03	-1.3741588591e-02	-1.3741588591e-02	-1.3741588591e-02	-1.3741588591e-02	-1.9749193165e-02	-1.9749193165e-02	-1.9749193165e-02	-1.9749193165e-02	-2.4981464301e-02	-2.4981464301e-02	-2.4981464301e-02	-2.5568328130e-02	-2.9181455749e-02	-2.9181455749e-02	-2.9181455749e-02	-3.2115801216e-02	-3.2115801216e-02	-3.2115801216e-02	-3.2115801216e-02	-3.3594234369e-02	-3.3594234369e-02	-3.3594234369e-02	-3.3594234369e-02	-3.3471635411e-02	-3.3471635411e-02	-3.3471635411e-02	-3.3471635411e-02	-3.1695024758e-02	-3.1695024758e-02	-3.1695024758e-02	-3.1695024758e-02	-2.8325804275e-02	-2.8325804275e-02	-2.8325804275e-02	-2.3869879074e-02	-2.3591824036e-02	-2.3591824036e-02	-2.3591824036e-02	-1.7926744295e-02	-1.7926744295e-02	-1.7926744295e-02	-1.7926744295e-02	-1.1978684065e-02	-1.1978684065e-02	-1.1978684065e-02	-6.9663380539e-03	-6.2760556419e-03	-6.2760556419e-03	-6.2760556419e-03	-6.2760556419e-03	5.0562991331e-03	5.0562991331e-03	5.0562991331e-03	5.0562991331e-03	1.1051626346e-02	1.1051626346e-02	1.1051626346e-02	1.5426237353e-02	1.6529023897e-02	1.6529023897e-02	1.6529023897e-02	2.1281282679e-02	2.1281282679e-02	2.1281282679e-02	2.4605698883e-02	2.4605698883e-02	2.6458361375e-02	2.6458361375e-02	2.6458361375e-02	3.1936261205e-02	3.3037672443e-02	3.3037672443e-02	3.3037672443e-02	3.5550630901e-02	3.6831157742e-02	3.6831157742e-02	3.8915652731e-02	4.0263234986e-02	4.0263234986e-02	4.0263234986e-02	4.1887691256e-02	4.3236094655e-02	4.3236094655e-02	4.5530533277e-02	4.5530533277e-02	4.7117783274e-02	4.7117783274e-02	4.7117783274e-02	5.0065656576e-02	5.1623531972e-02	
129	0.0	9.8419339998e-03	1.3761754455e-02	4.8394002675e-03	4.8394002675e-03	4.8394002675e-03	4.8394002675e-03	-2.3635913575e-03	-2.3635913575e-03	-2.3635913575e-03	-2.3635913575e-03	-1.3756544526e-02	-1.3756544526e-02	-1.3756544526e-02	-1.3756544526e-02	-1.9765463108e-02	-1.9765463108e-02	-1.9765463108e-02	-1.9765463108e-02	-2.4998857345e-02	-2.4998857345e-02	-2.4998857345e-02	-2.5585865729e-02	-2.9199682993e-02	-2.9199682993e-02	-2.9199682993e-02	-3.2134587873e-02	-3.2134587873e-02	-3.2134587873e-02	-3.2134587873e-02	-3.3613297762e-02	-3.3613297762e-02	-3.3613297762e-02	-3.3613297762e-02	-3.3490684539e-02	-3.3490684539e-02	-3.3490684539e-02	-3.3490684539e-02	-3.1713768292e-02	-3.1713768292e-02	-3.1713768292e-02	-3.1713768292e-02	-2.8343977672e-02	-2.8343977672e-02	-2.8343977672e-02	-2.3887349878e-02	-2.3609257748e-02	-2.3609257748e-02	-2.3609257748e-02	-1.7943437637e-02	-1.7943437637e-02	-1.7943437637e-02	-1.7943437637e-02	-1.1994766786e-02	-1.1994766786e-02	-1.1994766786e-02	-6.9820111102e-03	-6.2916235914e-03	-6.2916235914e-03	-6.2916235914e-03	-6.2916235914e-03	5.0420201372e-03	5.0420201372e-03	5.0420201372e-03	5.0420201372e-03	1.1037863637e-02	1.1037863637e-02	1.1037863637e-02	1.5412608889e-02	1.6515567360e-02	1.6515567360e-02	1.6515567360e-02	2.1268027658e-02	2.1268027658e-02	2.1268027658e-02	2.4592432997e-02	2.4592432997e-02	2.6445477841e-02	2.6445477841e-02	2.6445477841e-02	3.1923441553e-02	3.3024790574e-02	3.3024790574e-02	3.3024790574e-02	3.5537714978e-02	3.6818173411e-02	3.6818173411e-02	3.8902578317e-02	4.0250101373e-02	4.0250101373e-02	4.0250101373e-02	4.1874455921e-02	4.3222796713e-02	4.3222796713e-02	4.5517146515e-02	4.5517146515e-02	4.7104272871e-02	4.7104272871e-02	4.7104272871e-02	5.0052105878e-02	5.1609785594e-02	
130	0.0	9.8382623251e-03	1.3759146908e-02	4.8322984980e-03	4.8322984980e-03	4.8322984980e-03	4.8322984980e-03	-2.3735497524e-03	-2.3735497524e-03	-2.3735497524e-03	-2.3735497524e-03	-1.3770260182e-02	-1.3770260182e-02	-1.3770260182e-02	-1.3770260182e-02	-1.9780427180e-02	-1.9780427180e-02	-1.9780427180e-02	-1.9780427180e-02	-2.5014882068e-02	-2.5014882068e-02	-2.5014882068e-02	-2.5602021580e-02	-2.9216492196e-02	-2.9216492196e-02	-2.9216492196e-02	-3.2151921853e-02	-3.2151921853e-02	-3.2151921853e-02	-3.2151921853e-02	-3.3630889967e-02	-3.3630889967e-02	-3.3630889967e-02	-3.3630889967e-02	-3.3508260499e-02	-3.3508260499e-02	-3.3508260499e-02	-3.3508260499e-02	-3.1731052458e-02	-3.1731052458e-02	-3.1731052458e-02	-3.1731052458e-02	-2.8360718351e-02	-2.8360718351e-02	-2.8360718351e-02	-2.3903416675e-02	-2.3625291030e-02	-2.3625291030e-02	-2.3625291030e-02	-1.7958758718e-02	-1.7958758718e-02	-1.7958758718e-02	-1.7958758718e-02	-1.2009498602e-02	-1.2009498602e-02	-1.2009498602e-02	-6.9963456585e-03	-6.3058622383e-03	-6.3058622383e-03	-6.3058622383e-03	-6.3058622383e-03	5.0290401027e-03	5.0290401027e-03	5.0290401027e-03	5.0290401027e-03	1.1025376406e-02	1.1025376406e-02	1.1025376406e-02	1.5400245267e-02	1.6503360859e-02	1.6503360859e-02	1.6503360859e-02	2.1255997822e-02	2.1255997822e-02	2.1255997822e-02	2.4580382803e-02	2.4580382803e-02	2.6433779670e-02	2.6433779670e-02	2.6433779670e-02	3.1911789481e-02	3.3013069080e-02	3.3013069080e-02	3.3013069080e-02	3.5525943721e-02	3.6806325576e-02	3.6806325576e-02	3.8890621429e-02	4.0238075093e-02	4.0238075093e-02	4.0238075093e-02	4.1862310467e-02	4.3210576941e-02	4.3210576941e-02	4.5504812688e-02	4.5504812688e-02	4.7091802482e-02	4.7091802482e-02	4.7091802482e-02	5.0039556208e-02	5.1597030204e-02	
131	0.0	9.8348583424e-03	1.3756724331e-02	4.8257450757e-03	4.8257450757e-03	4.8257450757e-03	4.8257450757e-03	-2.3827580326e-03	-2.3827580326e-03	-2.3827580326e-03	-2.3827580326e-03	-1.3782986315e-02	-1.3782986315e-02	-1.3782986315e-02	-1.3782986315e-02	-1.9794321695e-02	-1.9794321695e-02	-1.9794321695e-02	-1.9794321695e-02	-2.5029766020e-02	-2.5029766020e-02	-2.5029766020e-02	-2.5617024575e-02	-2.9232107150e-02	-2.9232107150e-02	-2.9232107150e-02	-3.2168025783e-02	-3.2168025783e-02	-3.2168025783e-02	-3.2168025783e-02	-3.3647233988e-02	-3.3647233988e-02	-3.3647233988e-02	-3.3647233988e-02	-3.3524587602e-02	-3.3524587602e-02	-3.3524587602e-02	-3.3524587602e-02	-3.1747103425e-02	-3.1747103425e-02	-3.1747103425e-02	-3.1747103425e-02	-2.8376254702e-02	-2.8376254702e-02	-2.8376254702e-02	-2.3918310864e-02	-2.3640154624e-02	-2.3640154624e-02	-2.3640154624e-02	-1.7972940507e-02	-1.7972940507e-02	-1.7972940507e-02	-1.7972940507e-02	-1.2023113828e-02	-1.2023113828e-02	-1.2023113828e-02	-7.0095778276e-03	-6.3190059744e-03	-6.3190059744e-03	-6.3190059744e-03	-6.3190059744e-03	5.0171231934e-03	5.0171231934e-03	5.0171231934e-03	5.0171231934e-03	1.1013931316e-02	1.1013931316e-02	1.1013931316e-02	1.5388914942e-02	1.6492175623e-02	1.6492175623e-02	1.6492175623e-02	2.1244969591e-02	2.1244969591e-02	2.1244969591e-02	2.4569327357e-02	2.4569327357e-02	2.6423050591e-02	2.6423050591e-02	2.6423050591e-02	3.1901091604e-02	3.3002298060e-02	3.3002298060e-02	3.3002298060e-02	3.5515109498e-02	3.6795410161e-02	3.6795410161e-02	3.8879580562e-02	4.0226958360e-02	4.0226958360e-02	4.0226958360e-02	4.1851059273e-02	4.3199243678e-02	4.3199243678e-02	4.5493341787e-02	4.5493341787e-02	4.7080187215e-02	4.7080187215e-02	4.7080187215e-02	5.0027820931e-02	5.1585084770e-02	
132	0.0	9.8317430086e-03	1.3754520477e-02	4.8197312628e-03	4.8197312628e-03	4.8197312628e-03	4.8197312628e-03	-2.3912400596e-03	-2.3912400596e-03	-2.3912400596e-03	-2.3912400596e-03	-1.3794756215e-02	-1.3794756215e-02	-1.3794756215e-02	-1.3794756215e-02	-1.9807179303e-02	-1.9807179303e-02	-1.9807179303e-02	-1.9807179303e-02	-2.5043544517e-02	-2.5043544517e-02	-2.5043544517e-02	-2.5630913480e-02	-2.9246567335e-02	-2.9246567335e-02	-2.9246567335e-02	-3.2182942874e-02	-3.2182942874e-02	-3.2182942874e-02	-3.2182942874e-02	-3.3662375582e-02	-3.3662375582e-02	-3.3662375582e-02	-3.3662375582e-02	-3.3539712617e-02	-3.3539712617e-02	-3.3539712617e-02	-3.3539712617e-02	-3.1761967388e-02	-3.1761967388e-02	-3.1761967388e-02	-3.1761967388e-02	-2.8390631064e-02	-2.8390631064e-02	-2.8390631064e-02	-2.3932074520e-02	-2.3653890097e-02	-2.3653890097e-02	-2.3653890097e-02	-1.7986021088e-02	-1.7986021088e-02	-1.7986021088e-02	-1.7986021088e-02	-1.2035646396e-02	-1.2035646396e-02	-1.2035646396e-02	-7.0217378847e-03	-6.3310841171e-03	-6.3310841171e-03	-6.3310841171e-03	-6.3310841171e-03	5.0062442531e-03	5.0062442531e-03	5.0062442531e-03	5.0062442531e-03	1.1003507825e-02	1.1003507825e-02	1.1003507825e-02	1.5378602036e-02	1.6481997305e-02	1.6481997305e-02	1.6481997305e-02	2.1234934675e-02	2.1234934675e-02	2.1234934675e-02	2.4559262540e-02	2.4559262540e-02	2.6413289170e-02	2.6413289170e-02	2.6413289170e-02	3.1891351112e-02	3.2992483253e-02	3.2992483253e-02	3.2992483253e-02	3.5505221042e-02	3.6785438982e-02	3.6785438982e-02	3.8869470627e-02	4.0216769521e-02	4.0216769521e-02	4.0216769521e-02	4.1840723187e-02	4.3188821565e-02	4.3188821565e-02	4.5482760294e-02	4.5482760294e-02	4.7069458593e-02	4.7069458593e-02	4.7069458593e-02	5.0016930178e-02	5.1573984976e-02	
133	0.0	9.8279076743e-03	1.3751401194e-02	4.8130843767e-03	4.8130843767e-03	4.8130843767e-03	4.8130843767e-03	-2.4002060030e-03	-2.4002060030e-03	-2.4002060030e-03	-2.4002060030e-03	-1.3806847546e-02	-1.3806847546e-02	-1.3806847546e-02	-1.3806847546e-02	-1.9820241402e-02	-1.9820241402e-02	-1.9820241402e-02	-1.9820241402e-02	-2.5057431230e-02	-2.5057431230e-02	-2.5057431230e-02	-2.5644887134e-02	-2.9261065640e-02	-2.9261065640e-02	-2.9261065640e-02	-3.2197851334e-02	-3.2197851334e-02	-3.2197851334e-02	-3.2197851334e-02	-3.3677483709e-02	-3.3677483709e-02	-3.3677483709e-02	-3.3677483709e-02	-3.3554800327e-02	-3.3554800327e-02	-3.3554800327e-02	-3.3554800327e-02	-3.1776809505e-02	-3.1776809505e-02	-3.1776809505e-02	-3.1776809505e-02	-2.8405016616e-02	-2.8405016616e-02	-2.8405016616e-02	-2.3945880807e-02	-2.3667673378e-02	-2.3667673378e-02	-2.3667673378e-02	-1.7999184886e-02	-1.7999184886e-02	-1.7999184886e-02	-1.7999184886e-02	-1.2048290026e-02	-1.2048290026e-02	-1.2048290026e-02	-7.0340231886e-03	-6.3432998226e-03	-6.3432998226e-03	-6.3432998226e-03	-6.3432998226e-03	4.9951878390e-03	4.9951878390e-03	4.9951878390e-03	4.9951878390e-03	1.0992881437e-02	1.0992881437e-02	1.0992881437e-02	1.5368081403e-02	1.6471593017e-02	1.6471593017e-02	1.6471593017e-02	2.1224653300e-02	2.1224653300e-02	2.1224653300e-02	2.4548949797e-02	2.4548949797e-02	2.6403244998e-02	2.6403244998e-02	2.6403244998e-02	3.1881321198e-02	3.2982370184e-02	3.2982370184e-02	3.2982370184e-02	3.5495027283e-02	3.6775152790e-02	3.6775152790e-02	3.8859036989e-02	4.0206245682e-02	4.0206245682e-02	4.0206245682e-02	4.1830044288e-02	4.3178044603e-02	4.3178044603e-02	4.5471811572e-02	4.5471811572e-02	4.7058350547e-02	4.7058350547e-02	4.7058350547e-02	5.0005635216e-02	5.1562472962e-02	
134	0.0	9.8235977550e-03	1.3747770969e-02	4.8057403020e-03	4.8057403020e-03	4.8057403020e-03	4.8057403020e-03	-2.4099333489e-03	-2.4099333489e-03	-2.4099333489e-03	-2.4099333489e-03	-1.3819757619e-02	-1.3819757619e-02	-1.3819757619e-02	-1.3819757619e-02	-1.9834092618e-02	-1.9834092618e-02	-1.9834092618e-02	-1.9834092618e-02	-2.5072080335e-02	-2.5072080335e-02	-2.5072080335e-02	-2.5659631670e-02	-2.9276307807e-02	-2.9276307807e-02	-2.9276307807e-02	-3.2213491948e-02	-3.2213491948e-02	-3.2213491948e-02	-3.2213491948e-02	-3.3693320061e-02	-3.3693320061e-02	-3.3693320061e-02	-3.3693320061e-02	-3.3570620823e-02	-3.3570620823e-02	-3.3570620823e-02	-3.3570620823e-02	-3.1792397636e-02	-3.1792397636e-02	-3.1792397636e-02	-3.1792397636e-02	-2.8420168804e-02	-2.8420168804e-02	-2.8420168804e-02	-2.3960475731e-02	-2.3682245234e-02	-2.3682245234e-02	-2.3682245234e-02	-1.8013151004e-02	-1.8013151004e-02	-1.8013151004e-02	-1.8013151004e-02	-1.2061738722e-02	-1.2061738722e-02	-1.2061738722e-02	-7.0471115384e-03	-6.3563203347e-03	-6.3563203347e-03	-6.3563203347e-03	-6.3563203347e-03	4.9833204433e-03	4.9833204433e-03	4.9833204433e-03	4.9833204433e-03	1.0981445541e-02	1.0981445541e-02	1.0981445541e-02	1.5356762076e-02	1.6460386000e-02	1.6460386000e-02	1.6460386000e-02	2.1213576382e-02	2.1213576382e-02	2.1213576382e-02	2.4537852677e-02	2.4537852677e-02	2.6392404287e-02	2.6392404287e-02	2.6392404287e-02	3.1870504399e-02	3.2971476504e-02	3.2971476504e-02	3.2971476504e-02	3.5484054808e-02	3.6764093839e-02	3.6764093839e-02	3.8847830196e-02	4.0194953175e-02	4.0194953175e-02	4.0194953175e-02	4.1818595156e-02	4.3166500954e-02	4.3166500954e-02	4.5460087187e-02	4.5460087187e-02	4.7046472794e-02	4.7046472794e-02	4.7046472794e-02	4.9993543301e-02	5.1550173225e-02	
135	0.0	9.8192095919e-03	1.3744046541e-02	4.7981636466e-03	4.7981636466e-03	4.7981636466e-03	4.7981636466e-03	-2.4199035562e-03	-2.4199035562e-03	-2.4199035562e-03	-2.4199035562e-03	-1.3832879259e-02	-1.3832879259e-02	-1.3832879259e-02	-1.3832879259e-02	-1.9848084897e-02	-1.9848084897e-02	-1.9848084897e-02	-1.9848084897e-02	-2.5086815441e-02	-2.5086815441e-02	-2.5086815441e-02	-2.5674459554e-02	-2.9291597657e-02	-2.9291597657e-02	-2.9291597657e-02	-3.2229155728e-02	-3.2229155728e-02	-3.2229155728e-02	-3.2229155728e-02	-3.3709167700e-02	-3.3709167700e-02	-3.3709167700e-02	-3.3709167700e-02	-3.3586453265e-02	-3.3586453265e-02	-3.3586453265e-02	-3.3586453265e-02	-3.1808010706e-02	-3.1808010706e-02	-3.1808010706e-02	-3.1808010706e-02	-2.8435369200e-02	-2.8435369200e-02	-2.8435369200e-02	-2.3975144349e-02	-2.3696892495e-02	-2.3696892495e-02	-2.3696892495e-02	-1.8027213668e-02	-1.8027213668e-02	-1.8027213668e-02	-1.8027213668e-02	-1.2075295468e-02	-1.2075295468e-02	-1.2075295468e-02	-7.0603119383e-03	-6.3694581498e-03	-6.3694581498e-03	-6.3694581498e-03	-6.3694581498e-03	4.9713146064e-03	4.9713146064e-03	4.9713146064e-03	4.9713146064e-03	1.0969861787e-02	1.0969861787e-02	1.0969861787e-02	1.5345299329e-02	1.6449026319e-02	1.6449026319e-02	1.6449026319e-02	2.1202343548e-02	2.1202343548e-02	2.1202343548e-02	2.4526606410e-02	2.4526606410e-02	2.6381393408e-02	2.6381393408e-02	2.6381393408e-02	3.1859521294e-02	3.2960417544e-02	3.2960417544e-02	3.2960417544e-02	3.5472916709e-02	3.6752870479e-02	3.6752870479e-02	3.8836456984e-02	4.0183494269e-02	4.0183494269e-02	4.0183494269e-02	4.1806977183e-02	4.3154787908e-02	4.3154787908e-02	4.5448185027e-02	4.5448185027e-02	4.7034419061e-02	4.7034419061e-02	4.7034419061e-02	4.9981249159e-02	5.1537677194e-02	
136	0.0	9.8150307356e-03	1.3740504543e-02	4.7908223888e-03	4.7908223888e-03	4.7908223888e-03	4.7908223888e-03	-2.4295527612e-03	-2.4295527612e-03	-2.4295527612e-03	-2.4295527612e-03	-1.3845543316e-02	-1.3845543316e-02	-1.3845543316e-02	-1.3845543316e-02	-1.9861534110e-02	-1.9861534110e-02	-1.9861534110e-02	-1.9861534110e-02	-2.5100946201e-02	-2.5100946201e-02	-2.5100946201e-02	-2.5688675314e-02	-2.9306241366e-02	-2.9306241366e-02	-2.9306241366e-02	-3.2244147239e-02	-3.2244147239e-02	-3.2244147239e-02	-3.2244147239e-02	-3.3724330705e-02	-3.3724330705e-02	-3.3724330705e-02	-3.3724330705e-02	-3.3601601356e-02	-3.3601601356e-02	-3.3601601356e-02	-3.3601601356e-02	-3.1822951498e-02	-3.1822951498e-02	-3.1822951498e-02	-3.1822951498e-02	-2.8449919014e-02	-2.8449919014e-02	-2.8449919014e-02	-2.3989186359e-02	-2.3710914458e-02	-2.3710914458e-02	-2.3710914458e-02	-1.8040670404e-02	-1.8040670404e-02	-1.8040670404e-02	-1.8040670404e-02	-1.2088255702e-02	-1.2088255702e-02	-1.2088255702e-02	-7.0729184377e-03	-6.3820058841e-03	-6.3820058841e-03	-6.3820058841e-03	-6.3820058841e-03	4.9598801918e-03	4.9598801918e-03	4.9598801918e-03	4.9598801918e-03	1.0958843462e-02	1.0958843462e-02	1.0958843462e-02	1.5334408922e-02	1.6438231816e-02	1.6438231816e-02	1.6438231816e-02	2.1191677385e-02	2.1191677385e-02	2.1191677385e-02	2.4515936606e-02	2.4515936606e-02	2.6370941144e-02	2.6370941144e-02	2.6370941144e-02	3.1849105768e-02	3.2949928050e-02	3.2949928050e-02	3.2949928050e-02	3.5462351350e-02	3.6742221431e-02	3.6742221431e-02	3.8825660220e-02	4.0172612016e-02	4.0172612016e-02	4.0172612016e-02	4.1795937240e-02	4.3143652453e-02	4.3143652453e-02	4.5436857435e-02	4.5436857435e-02	4.7022941745e-02	4.7022941745e-02	4.7022941745e-02	4.9969513263e-02	5.1525745266e-02	
137	0.0	9.8111729422e-03	1.3737241501e-02	4.7839620403e-03	4.7839620403e-03	4.7839620403e-03	4.7839620403e-03	-2.4385755348e-03	-2.4385755348e-03	-2.4385755348e-03	-2.4385755348e-03	-1.3857389520e-02	-1.3857389520e-02	-1.3857389520e-02	-1.3857389520e-02	-1.9874092438e-02	-1.9874092438e-02	-1.9874092438e-02	-1.9874092438e-02	-2.5114135159e-02	-2.5114135159e-02	-2.5114135159e-02	-2.5701940976e-02	-2.9319907253e-02	-2.9319907253e-02	-2.9319907253e-02	-3.2258137471e-02	-3.2258137471e-02	-3.2258137471e-02	-3.2258137471e-02	-3.3738481093e-02	-3.3738481093e-02	-3.3738481093e-02	-3.3738481093e-02	-3.3615737059e-02	-3.3615737059e-02	-3.3615737059e-02	-3.3615737059e-02	-3.1836891308e-02	-3.1836891308e-02	-3.1836891308e-02	-3.1836891308e-02	-2.8463488863e-02	-2.8463488863e-02	-2.8463488863e-02	-2.4002272058e-02	-2.3723981583e-02	-2.3723981583e-02	-2.3723981583e-02	-1.8053192472e-02	-1.8053192472e-02	-1.8053192472e-02	-1.8053192472e-02	-1.2100291958e-02	-1.2100291958e-02	-1.2100291958e-02	-7.0846037752e-03	-6.3936369427e-03	-6.3936369427e-03	-6.3936369427e-03	-6.3936369427e-03	4.9493415451e-03	4.9493415451e-03	4.9493415451e-03	4.9493415451e-03	1.0948714286e-02	1.0948714286e-02	1.0948714286e-02	1.5324415497e-02	1.6428326366e-02	1.6428326366e-02	1.6428326366e-02	2.1181902350e-02	2.1181902350e-02	2.1181902350e-02	2.4506169192e-02	2.4506169192e-02	2.6361372469e-02	2.6361372469e-02	2.6361372469e-02	3.1839584935e-02	3.2940334111e-02	3.2940334111e-02	3.2940334111e-02	3.5452686613e-02	3.6732473933e-02	3.6732473933e-02	3.8815769281e-02	4.0162635491e-02	4.0162635491e-02	4.0162635491e-02	4.1785806354e-02	4.3133425637e-02	4.3133425637e-02	4.5426438174e-02	4.5426438174e-02	4.7012374954e-02	4.7012374954e-02	4.7012374954e-02	4.9958673278e-02	5.1514715686e-02	
138	0.0	9.8076806854e-03	1.3734300556e-02	4.7777160614e-03	4.7777160614e-03	4.7777160614e-03	4.7777160614e-03	-2.4468103534e-03	-2.4468103534e-03	-2.4468103534e-03	-2.4468103534e-03	-1.3868237805e-02	-1.3868237805e-02	-1.3868237805e-02	-1.3868237805e-02	-1.9885602322e-02	-1.9885602322e-02	-1.9885602322e-02	-1.9885602322e-02	-2.5126241031e-02	-2.5126241031e-02	-2.5126241031e-02	-2.5714117668e-02	-2.9332464675e-02	-2.9332464675e-02	-2.9332464675e-02	-3.2271002317e-02	-3.2271002317e-02	-3.2271002317e-02	-3.2271002317e-02	-3.3751498234e-02	-3.3751498234e-02	-3.3751498234e-02	-3.3751498234e-02	-3.3628740452e-02	-3.3628740452e-02	-3.3628740452e-02	-3.3628740452e-02	-3.1849708672e-02	-3.1849708672e-02	-3.1849708672e-02	-3.1849708672e-02	-2.8475954180e-02	-2.8475954180e-02	-2.8475954180e-02	-2.4014273884e-02	-2.3735965463e-02	-2.3735965463e-02	-2.3735965463e-02	-1.8064647602e-02	-1.8064647602e-02	-1.8064647602e-02	-1.8064647602e-02	-1.2111268094e-02	-1.2111268094e-02	-1.2111268094e-02	-7.0952294451e-03	-6.4042107879e-03	-6.4042107879e-03	-6.4042107879e-03	-6.4042107879e-03	4.9398437685e-03	4.9398437685e-03	4.9398437685e-03	4.9398437685e-03	1.0939624231e-02	1.0939624231e-02	1.0939624231e-02	1.5315471797e-02	1.6419466095e-02	1.6419466095e-02	1.6419466095e-02	2.1173180806e-02	2.1173180806e-02	2.1173180806e-02	2.4497469323e-02	2.4497469323e-02	2.6352858542e-02	2.6352858542e-02	2.6352858542e-02	3.1831134180e-02	3.2931813860e-02	3.2931813860e-02	3.2931813860e-02	3.5444103566e-02	3.6723811683e-02	3.6723811683e-02	3.8806971128e-02	4.0153754259e-02	4.0153754259e-02	4.0153754259e-02	4.1776777031e-02	4.3124302504e-02	4.3124302504e-02	4.5417126062e-02	4.5417126062e-02	4.7002920284e-02	4.7002920284e-02	4.7002920284e-02	4.9948936032e-02	5.1504797652e-02	
139	0.0	9.8045065149e-03	1.3731625707e-02	4.7720369061e-03	4.7720369061e-03	4.7720369061e-03	4.7720369061e-03	-2.4543104360e-03	-2.4543104360e-03	-2.4543104360e-03	-2.4543104360e-03	-1.3878150451e-02	-1.3878150451e-02	-1.3878150451e-02	-1.3878150451e-02	-1.9896140548e-02	-1.9896140548e-02	-1.9896140548e-02	-1.9896140548e-02	-2.5137347307e-02	-2.5137347307e-02	-2.5137347307e-02	-2.5725286189e-02	-2.9343999648e-02	-2.9343999648e-02	-2.9343999648e-02	-3.2282827530e-02	-3.2282827530e-02	-3.2282827530e-02	-3.2282827530e-02	-3.3763465320e-02	-3.3763465320e-02	-3.3763465320e-02	-3.3763465320e-02	-3.3640690845e-02	-3.3640690845e-02	-3.3640690845e-02	-3.3640690845e-02	-3.1861479196e-02	-3.1861479196e-02	-3.1861479196e-02	-3.1861479196e-02	-2.8487388190e-02	-2.8487388190e-02	-2.8487388190e-02	-2.4025261367e-02	-2.3746938788e-02	-2.3746938788e-02	-2.3746938788e-02	-1.8075109929e-02	-1.8075109929e-02	-1.8075109929e-02	-1.8075109929e-02	-1.2121261243e-02	-1.2121261243e-02	-1.2121261243e-02	-7.1048699431e-03	-6.4138081825e-03	-6.4138081825e-03	-6.4138081825e-03	-6.4138081825e-03	4.9313041885e-03	4.9313041885e-03	4.9313041885e-03	4.9313041885e-03	1.0931487357e-02	1.0931487357e-02	1.0931487357e-02	1.5307496370e-02	1.6411562305e-02	1.6411562305e-02	1.6411562305e-02	2.1165422145e-02	2.1165422145e-02	2.1165422145e-02	2.4489751099e-02	2.4489751099e-02	2.6345303549e-02	2.6345303549e-02	2.6345303549e-02	3.1823666186e-02	3.2924273289e-02	3.2924273289e-02	3.2924273289e-02	3.5436513880e-02	3.6716139755e-02	3.6716139755e-02	3.8799177320e-02	4.0145873529e-02	4.0145873529e-02	4.0145873529e-02	4.1768760747e-02	4.3116188474e-02	4.3116188474e-02	4.5408836785e-02	4.5408836785e-02	4.6994486293e-02	4.6994486293e-02	4.6994486293e-02	4.9940229708e-02	5.1495912070e-02	
140	0.0	9.8016621051e-03	1.3729241214e-02	4.7669566733e-03	4.7669566733e-03	4.7669566733e-03	4.7669566733e-03	-2.4610420708e-03	-2.4610420708e-03	-2.4610420708e-03	-2.4610420708e-03	-1.3887090700e-02	-1.3887090700e-02	-1.3887090700e-02	-1.3887090700e-02	-1.9905672934e-02	-1.9905672934e-02	-1.9905672934e-02	-1.9905672934e-02	-2.5147420301e-02	-2.5147420301e-02	-2.5147420301e-02	-2.5735416924e-02	-2.9354479939e-02	-2.9354479939e-02	-2.9354479939e-02	-3.2293583149e-02	-3.2293583149e-02	-3.2293583149e-02	-3.2293583149e-02	-3.3774354864e-02	-3.3774354864e-02	-3.3774354864e-02	-3.3774354864e-02	-3.3651562724e-02	-3.3651562724e-02	-3.3651562724e-02	-3.3651562724e-02	-3.1872177851e-02	-3.1872177851e-02	-3.1872177851e-02	-3.1872177851e-02	-2.8497764234e-02	-2.8497764234e-02	-2.8497764234e-02	-2.4035207356e-02	-2.3756871724e-02	-2.3756871724e-02	-2.3756871724e-02	-1.8084546344e-02	-1.8084546344e-02	-1.8084546344e-02	-1.8084546344e-02	-1.2130235531e-02	-1.2130235531e-02	-1.2130235531e-02	-7.1134932294e-03	-6.4223904830e-03	-6.4223904830e-03	-6.4223904830e-03	-6.4223904830e-03	4.9237612283e-03	4.9237612283e-03	4.9237612283e-03	4.9237612283e-03	1.0924344928e-02	1.0924344928e-02	1.0924344928e-02	1.5300523888e-02	1.6404659187e-02	1.6404659187e-02	1.6404659187e-02	2.1158673261e-02	2.1158673261e-02	2.1158673261e-02	2.4483054302e-02	2.4483054302e-02	2.6338763407e-02	2.6338763407e-02	2.6338763407e-02	3.1817223264e-02	3.2917764754e-02	3.2917764754e-02	3.2917764754e-02	3.5429962064e-02	3.6709512911e-02	3.6709512911e-02	3.8792434215e-02	4.0139050200e-02	4.0139050200e-02	4.0139050200e-02	4.1761806295e-02	4.3109143161e-02	4.3109143161e-02	4.5401616325e-02	4.5401616325e-02	4.6987132116e-02	4.6987132116e-02	4.6987132116e-02	4.9932585329e-02	5.1488103585e-02	
141	0.0	9.7991027247e-03	1.3727099738e-02	4.7623931657e-03	4.7623931657e-03	4.7623931657e-03	4.7623931657e-03	-2.4671039711e-03	-2.4671039711e-03	-2.4671039711e-03	-2.4671039711e-03	-1.3895171033e-02	-1.3895171033e-02	-1.3895171033e-02	-1.3895171033e-02	-1.9914311495e-02	-1.9914311495e-02	-1.9914311495e-02	-1.9914311495e-02	-2.5156569223e-02	-2.5156569223e-02	-2.5156569223e-02	-2.5744618193e-02	-2.9364013165e-02	-2.9364013165e-02	-2.9364013165e-02	-3.2303376304e-02	-3.2303376304e-02	-3.2303376304e-02	-3.2303376304e-02	-3.3784274012e-02	-3.3784274012e-02	-3.3784274012e-02	-3.3784274012e-02	-3.3661462930e-02	-3.3661462930e-02	-3.3661462930e-02	-3.3661462930e-02	-3.1881909903e-02	-3.1881909903e-02	-3.1881909903e-02	-3.1881909903e-02	-2.8507184425e-02	-2.8507184425e-02	-2.8507184425e-02	-2.4044209707e-02	-2.3765862259e-02	-2.3765862259e-02	-2.3765862259e-02	-1.8093051102e-02	-1.8093051102e-02	-1.8093051102e-02	-1.8093051102e-02	-1.2138282789e-02	-1.2138282789e-02	-1.2138282789e-02	-7.1211882084e-03	-6.4300482692e-03	-6.4300482692e-03	-6.4300482692e-03	-6.4300482692e-03	4.9171280267e-03	4.9171280267e-03	4.9171280267e-03	4.9171280267e-03	1.0918110316e-02	1.0918110316e-02	1.0918110316e-02	1.5294471043e-02	1.6398669723e-02	1.6398669723e-02	1.6398669723e-02	2.1152846341e-02	2.1152846341e-02	2.1152846341e-02	2.4477293865e-02	2.4477293865e-02	2.6333146882e-02	2.6333146882e-02	2.6333146882e-02	3.1811718770e-02	3.2912198517e-02	3.2912198517e-02	3.2912198517e-02	3.5424361490e-02	3.6703842043e-02	3.6703842043e-02	3.8786656225e-02	4.0133196632e-02	4.0133196632e-02	4.0133196632e-02	4.1755829375e-02	4.3103080511e-02	4.3103080511e-02	4.5395383859e-02	4.5395383859e-02	4.6980774936e-02	4.6980774936e-02	4.6980774936e-02	4.9925929908e-02	5.1481297006e-02	
142	0.0	9.7967958914e-03	1.3725167771e-02	4.7582806463e-03	4.7582806463e-03	4.7582806463e-03	4.7582806463e-03	-2.4725761936e-03	-2.4725761936e-03	-2.4725761936e-03	-2.4725761936e-03	-1.3902483880e-02	-1.3902483880e-02	-1.3902483880e-02	-1.3902483880e-02	-1.9922146626e-02	-1.9922146626e-02	-1.9922146626e-02	-1.9922146626e-02	-2.5164881744e-02	-2.5164881744e-02	-2.5164881744e-02	-2.5752977113e-02	-2.9372685834e-02	-2.9372685834e-02	-2.9372685834e-02	-3.2312293366e-02	-3.2312293366e-02	-3.2312293366e-02	-3.2312293366e-02	-3.3793309317e-02	-3.3793309317e-02	-3.3793309317e-02	-3.3793309317e-02	-3.3670477932e-02	-3.3670477932e-02	-3.3670477932e-02	-3.3670477932e-02	-3.1890760572e-02	-3.1890760572e-02	-3.1890760572e-02	-3.1890760572e-02	-2.8515730987e-02	-2.8515730987e-02	-2.8515730987e-02	-2.4052346142e-02	-2.3773987980e-02	-2.3773987980e-02	-2.3773987980e-02	-1.8100696397e-02	-1.8100696397e-02	-1.8100696397e-02	-1.8100696397e-02	-1.2145470115e-02	-1.2145470115e-02	-1.2145470115e-02	-7.1280174529e-03	-6.4368440197e-03	-6.4368440197e-03	-6.4368440197e-03	-6.4368440197e-03	4.9113511777e-03	4.9113511777e-03	4.9113511777e-03	4.9113511777e-03	1.0912734892e-02	1.0912734892e-02	1.0912734892e-02	1.5289294022e-02	1.6393549962e-02	1.6393549962e-02	1.6393549962e-02	2.1147901519e-02	2.1147901519e-02	2.1147901519e-02	2.4472433993e-02	2.4472433993e-02	2.6328417991e-02	2.6328417991e-02	2.6328417991e-02	3.1807123737e-02	3.2907544759e-02	3.2907544759e-02	3.2907544759e-02	3.5419686816e-02	3.6699100221e-02	3.6699100221e-02	3.8781821346e-02	4.0128288931e-02	4.0128288931e-02	4.0128288931e-02	4.1750810714e-02	4.3097979156e-02	4.3097979156e-02	4.5390125138e-02	4.5390125138e-02	4.6975397469e-02	4.6975397469e-02	4.6975397469e-02	4.9920259737e-02	5.1475484864e-02	
143	0.0	9.7947241961e-03	1.3723430678e-02	4.7545824639e-03	4.7545824639e-03	4.7545824639e-03	4.7545824639e-03	-2.4775048652e-03	-2.4775048652e-03	-2.4775048652e-03	-2.4775048652e-03	-1.3909084185e-02	-1.3909084185e-02	-1.3909084185e-02	-1.3909084185e-02	-1.9929230749e-02	-1.9929230749e-02	-1.9929230749e-02	-1.9929230749e-02	-2.5172407757e-02	-2.5172407757e-02	-2.5172407757e-02	-2.5760544115e-02	-2.9380546378e-02	-2.9380546378e-02	-2.9380546378e-02	-3.2320382137e-02	-3.2320382137e-02	-3.2320382137e-02	-3.2320382137e-02	-3.3801508541e-02	-3.3801508541e-02	-3.3801508541e-02	-3.3801508541e-02	-3.3678655934e-02	-3.3678655934e-02	-3.3678655934e-02	-3.3678655934e-02	-3.1898778469e-02	-3.1898778469e-02	-3.1898778469e-02	-3.1898778469e-02	-2.8523452355e-02	-2.8523452355e-02	-2.8523452355e-02	-2.4059664241e-02	-2.3781296249e-02	-2.3781296249e-02	-2.3781296249e-02	-1.8107527832e-02	-1.8107527832e-02	-1.8107527832e-02	-1.8107527832e-02	-1.2151841529e-02	-1.2151841529e-02	-1.2151841529e-02	-7.1340244951e-03	-6.4428206746e-03	-6.4428206746e-03	-6.4428206746e-03	-6.4428206746e-03	4.9063909434e-03	4.9063909434e-03	4.9063909434e-03	4.9063909434e-03	1.0908180048e-02	1.0908180048e-02	1.0908180048e-02	1.5284953862e-02	1.6389261733e-02	1.6389261733e-02	1.6389261733e-02	2.1143800574e-02	2.1143800574e-02	2.1143800574e-02	2.4468435540e-02	2.4468435540e-02	2.6324538810e-02	2.6324538810e-02	2.6324538810e-02	3.1803398684e-02	3.2903764256e-02	3.2903764256e-02	3.2903764256e-02	3.5415898181e-02	3.6695247947e-02	3.6695247947e-02	3.8777889539e-02	4.0124287572e-02	4.0124287572e-02	4.0124287572e-02	4.1746710301e-02	4.3093799778e-02	4.3093799778e-02	4.5385800107e-02	4.5385800107e-02	4.6970960619e-02	4.6970960619e-02	4.6970960619e-02	4.9915534399e-02	5.1470627749e-02	
144	0.0	9.7928696187e-03	1.3721872923e-02	4.7512643047e-03	4.7512643047e-03	4.7512643047e-03	4.7512643047e-03	-2.4819333695e-03	-2.4819333695e-03	-2.4819333695e-03	-2.4819333695e-03	-1.3915025578e-02	-1.3915025578e-02	-1.3915025578e-02	-1.3915025578e-02	-1.9935617148e-02	-1.9935617148e-02	-1.9935617148e-02	-1.9935617148e-02	-2.5179200168e-02	-2.5179200168e-02	-2.5179200168e-02	-2.5767372572e-02	-2.9387647441e-02	-2.9387647441e-02	-2.9387647441e-02	-3.2327695089e-02	-3.2327695089e-02	-3.2327695089e-02	-3.2327695089e-02	-3.3808924137e-02	-3.3808924137e-02	-3.3808924137e-02	-3.3808924137e-02	-3.3686049787e-02	-3.3686049787e-02	-3.3686049787e-02	-3.3686049787e-02	-3.1906017158e-02	-3.1906017158e-02	-3.1906017158e-02	-3.1906017158e-02	-2.8530402730e-02	-2.8530402730e-02	-2.8530402730e-02	-2.4066218372e-02	-2.3787841328e-02	-2.3787841328e-02	-2.3787841328e-02	-1.8113598825e-02	-1.8113598825e-02	-1.8113598825e-02	-1.8113598825e-02	-1.2157449321e-02	-1.2157449321e-02	-1.2157449321e-02	-7.1392613057e-03	-6.4480297042e-03	-6.4480297042e-03	-6.4480297042e-03	-6.4480297042e-03	4.9021993384e-03	4.9021993384e-03	4.9021993384e-03	4.9021993384e-03	1.0904399174e-02	1.0904399174e-02	1.0904399174e-02	1.5281403827e-02	1.6385759202e-02	1.6385759202e-02	1.6385759202e-02	2.1140498063e-02	2.1140498063e-02	2.1140498063e-02	2.4465252494e-02	2.4465252494e-02	2.6321464978e-02	2.6321464978e-02	2.6321464978e-02	3.1800498828e-02	3.2900812239e-02	3.2900812239e-02	3.2900812239e-02	3.5412950851e-02	3.6692240480e-02	3.6692240480e-02	3.8774816272e-02	4.0121148112e-02	4.0121148112e-02	4.0121148112e-02	4.1743483954e-02	4.3090498366e-02	4.3090498366e-02	4.5382365327e-02	4.5382365327e-02	4.6967421113e-02	4.6967421113e-02	4.6967421113e-02	4.9911712091e-02	5.1466683914e-02	
145	0.0	9.7912122376e-03	1.3720476632e-02	4.7482907792e-03	4.7482907792e-03	4.7482907792e-03	4.7482907792e-03	-2.4859065487e-03	-2.4859065487e-03	-2.4859065487e-03	-2.4859065487e-03	-1.3920364847e-02	-1.3920364847e-02	-1.3920364847e-02	-1.3920364847e-02	-1.9941364405e-02	-1.9941364405e-02	-1.9941364405e-02	-1.9941364405e-02	-2.5185319102e-02	-2.5185319102e-02	-2.5185319102e-02	-2.5773522908e-02	-2.9394050035e-02	-2.9394050035e-02	-2.9394050035e-02	-3.2334293569e-02	-3.2334293569e-02	-3.2334293569e-02	-3.2334293569e-02	-3.3815617535e-02	-3.3815617535e-02	-3.3815617535e-02	-3.3815617535e-02	-3.3692721213e-02	-3.3692721213e-02	-3.3692721213e-02	-3.3692721213e-02	-3.1912539111e-02	-3.1912539111e-02	-3.1912539111e-02	-3.1912539111e-02	-2.8536645660e-02	-2.8536645660e-02	-2.8536645660e-02	-2.4072072969e-02	-2.3793687691e-02	-2.3793687691e-02	-2.3793687691e-02	-1.8118974022e-02	-1.8118974022e-02	-1.8118974022e-02	-1.8118974022e-02	-1.2162357854e-02	-1.2162357854e-02	-1.2162357854e-02	-7.1437922986e-03	-6.4525353806e-03	-6.4525353806e-03	-6.4525353806e-03	-6.4525353806e-03	4.8987149833e-03	4.8987149833e-03	4.8987149833e-03	4.8987149833e-03	1.0901331804e-02	1.0901331804e-02	1.0901331804e-02	1.5278583279e-02	1.6382982233e-02	1.6382982233e-02	1.6382982233e-02	2.1137933926e-02	2.1137933926e-02	2.1137933926e-02	2.4462824274e-02	2.4462824274e-02	2.6319137277e-02	2.6319137277e-02	2.6319137277e-02	3.1798365132e-02	3.2898629295e-02	3.2898629295e-02	3.2898629295e-02	3.5410785754e-02	3.6690018343e-02	3.6690018343e-02	3.8772542625e-02	4.0118811301e-02	4.0118811301e-02	4.0118811301e-02	4.1741073036e-02	4.3088015968e-02	4.3088015968e-02	4.5379763115e-02	4.5379763115e-02	4.6964720751e-02	4.6964720751e-02	4.6964720751e-02	4.9908737677e-02	5.1463597513e-02	
146	0.0	9.7897398010e-03	1.3719233736e-02	4.7456412715e-03	4.7456412715e-03	4.7456412715e-03	4.7456412715e-03	-2.4894523034e-03	-2.4894523034e-03	-2.4894523034e-03	-2.4894523034e-03	-1.3925140045e-02	-1.3925140045e-02	-1.3925140045e-02	-1.3925140045e-02	-1.9946512840e-02	-1.9946512840e-02	-1.9946512840e-02	-1.9946512840e-02	-2.5190807108e-02	-2.5190807108e-02	-2.5190807108e-02	-2.5779038544e-02	-2.9399798131e-02	-2.9399798131e-02	-2.9399798131e-02	-3.2340222273e-02	-3.2340222273e-02	-3.2340222273e-02	-3.2340222273e-02	-3.3821633815e-02	-3.3821633815e-02	-3.3821633815e-02	-3.3821633815e-02	-3.3698715832e-02	-3.3698715832e-02	-3.3698715832e-02	-3.3698715832e-02	-3.1918391058e-02	-3.1918391058e-02	-3.1918391058e-02	-3.1918391058e-02	-2.8542229623e-02	-2.8542229623e-02	-2.8542229623e-02	-2.4077278715e-02	-2.3798885909e-02	-2.3798885909e-02	-2.3798885909e-02	-1.8123705856e-02	-1.8123705856e-02	-1.8123705856e-02	-1.8123705856e-02	-1.2166621122e-02	-1.2166621122e-02	-1.2166621122e-02	-7.1476736207e-03	-6.4563933414e-03	-6.4563933414e-03	-6.4563933414e-03	-6.4563933414e-03	4.8958819390e-03	4.8958819390e-03	4.8958819390e-03	4.8958819390e-03	1.0898921203e-02	1.0898921203e-02	1.0898921203e-02	1.5276432806e-02	1.6380872528e-02	1.6380872528e-02	1.6380872528e-02	2.1136048245e-02	2.1136048245e-02	2.1136048245e-02	2.4461088069e-02	2.4461088069e-02	2.6317495646e-02	2.6317495646e-02	2.6317495646e-02	3.1796934008e-02	3.2897152521e-02	3.2897152521e-02	3.2897152521e-02	3.5409338049e-02	3.6688517489e-02	3.6688517489e-02	3.8771002668e-02	4.0117212162e-02	4.0117212162e-02	4.0117212162e-02	4.1739410903e-02	4.3086286976e-02	4.3086286976e-02	4.5377925761e-02	4.5377925761e-02	4.6962793038e-02	4.6962793038e-02	4.6962793038e-02	4.9906541428e-02	5.1461300067e-02	
147	0.0	9.7884312731e-03	1.3718124755e-02	4.7432790756e-03	4.7432790756e-03	4.7432790756e-03	4.7432790756e-03	-2.4926173598e-03	-2.4926173598e-03	-2.4926173598e-03	-2.4926173598e-03	-1.3929411106e-02	-1.3929411106e-02	-1.3929411106e-02	-1.3929411106e-02	-1.9951126068e-02	-1.9951126068e-02	-1.9951126068e-02	-1.9951126068e-02	-2.5195731066e-02	-2.5195731066e-02	-2.5195731066e-02	-2.5783986431e-02	-2.9404960754e-02	-2.9404960754e-02	-2.9404960754e-02	-3.2345551320e-02	-3.2345551320e-02	-3.2345551320e-02	-3.2345551320e-02	-3.3827043492e-02	-3.3827043492e-02	-3.3827043492e-02	-3.3827043492e-02	-3.3704104266e-02	-3.3704104266e-02	-3.3704104266e-02	-3.3704104266e-02	-3.1923643942e-02	-3.1923643942e-02	-3.1923643942e-02	-3.1923643942e-02	-2.8547226362e-02	-2.8547226362e-02	-2.8547226362e-02	-2.4081908459e-02	-2.3803508955e-02	-2.3803508955e-02	-2.3803508955e-02	-1.8127868594e-02	-1.8127868594e-02	-1.8127868594e-02	-1.8127868594e-02	-1.2170314510e-02	-1.2170314510e-02	-1.2170314510e-02	-7.1509815057e-03	-6.4596800073e-03	-6.4596800073e-03	-6.4596800073e-03	-6.4596800073e-03	4.8936247011e-03	4.8936247011e-03	4.8936247011e-03	4.8936247011e-03	1.0897091697e-02	1.0897091697e-02	1.0897091697e-02	1.5274876078e-02	1.6379353638e-02	1.6379353638e-02	1.6379353638e-02	2.1134763759e-02	2.1134763759e-02	2.1134763759e-02	2.4459965877e-02	2.4459965877e-02	2.6316462716e-02	2.6316462716e-02	2.6316462716e-02	3.1796128864e-02	3.2896304718e-02	3.2896304718e-02	3.2896304718e-02	3.5408531063e-02	3.6687660570e-02	3.6687660570e-02	3.8770119786e-02	4.0116273415e-02	4.0116273415e-02	4.0116273415e-02	4.1738421057e-02	4.3085234145e-02	4.3085234145e-02	4.5376777853e-02	4.5376777853e-02	4.6961561394e-02	4.6961561394e-02	4.6961561394e-02	4.9905051250e-02	5.1459718022e-02	
148	0.0	9.7872768155e-03	1.3717144218e-02	4.7411873828e-03	4.7411873828e-03	4.7411873828e-03	4.7411873828e-03	-2.4954253083e-03	-2.4954253083e-03	-2.4954253083e-03	-2.4954253083e-03	-1.3933211096e-02	-1.3933211096e-02	-1.3933211096e-02	-1.3933211096e-02	-1.9955239786e-02	-1.9955239786e-02	-1.9955239786e-02	-1.9955239786e-02	-2.5200129304e-02	-2.5200129304e-02	-2.5200129304e-02	-2.5788405768e-02	-2.9409578131e-02	-2.9409578131e-02	-2.9409578131e-02	-3.2350322092e-02	-3.2350322092e-02	-3.2350322092e-02	-3.2350322092e-02	-3.3831888609e-02	-3.3831888609e-02	-3.3831888609e-02	-3.3831888609e-02	-3.3708929005e-02	-3.3708929005e-02	-3.3708929005e-02	-3.3708929005e-02	-3.1928340889e-02	-3.1928340889e-02	-3.1928340889e-02	-3.1928340889e-02	-2.8551680171e-02	-2.8551680171e-02	-2.8551680171e-02	-2.4086008539e-02	-2.3807603005e-02	-2.3807603005e-02	-2.3807603005e-02	-1.8131510979e-02	-1.8131510979e-02	-1.8131510979e-02	-1.8131510979e-02	-1.2173489596e-02	-1.2173489596e-02	-1.2173489596e-02	-7.1537706895e-03	-6.4624496390e-03	-6.4624496390e-03	-6.4624496390e-03	-6.4624496390e-03	4.8918856289e-03	4.8918856289e-03	4.8918856289e-03	4.8918856289e-03	1.0895783353e-02	1.0895783353e-02	1.0895783353e-02	1.5273849260e-02	1.6378362539e-02	1.6378362539e-02	1.6378362539e-02	2.1134014457e-02	2.1134014457e-02	2.1134014457e-02	2.4459387894e-02	2.4459387894e-02	2.6315970742e-02	2.6315970742e-02	2.6315970742e-02	3.1795877483e-02	3.2896014550e-02	3.2896014550e-02	3.2896014550e-02	3.5408290745e-02	3.6687374575e-02	3.6687374575e-02	3.8769818173e-02	4.0115920467e-02	4.0115920467e-02	4.0115920467e-02	4.1738026359e-02	4.3084781642e-02	4.3084781642e-02	4.5376240357e-02	4.5376240357e-02	4.6960948342e-02	4.6960948342e-02	4.6960948342e-02	4.9904184551e-02	5.1458770416e-02	
149	0.0	9.7862605186e-03	1.3716278509e-02	4.7393380291e-03	4.7393380291e-03	4.7393380291e-03	4.7393380291e-03	-2.4979128127e-03	-2.4979128127e-03	-2.4979128127e-03	-2.4979128127e-03	-1.3936587785e-02	-1.3936587785e-02	-1.3936587785e-02	-1.3936587785e-02	-1.9958904806e-02	-1.9958904806e-02	-1.9958904806e-02	-1.9958904806e-02	-2.5204055430e-02	-2.5204055430e-02	-2.5204055430e-02	-2.5792350426e-02	-2.9413705895e-02	-2.9413705895e-02	-2.9413705895e-02	-3.2354591424e-02	-3.2354591424e-02	-3.2354591424e-02	-3.2354591424e-02	-3.3836226573e-02	-3.3836226573e-02	-3.3836226573e-02	-3.3836226573e-02	-3.3713247549e-02	-3.3713247549e-02	-3.3713247549e-02	-3.3713247549e-02	-3.1932539351e-02	-3.1932539351e-02	-3.1932539351e-02	-3.1932539351e-02	-2.8555648690e-02	-2.8555648690e-02	-2.8555648690e-02	-2.4089637404e-02	-2.3811226500e-02	-2.3811226500e-02	-2.3811226500e-02	-1.8134693121e-02	-1.8134693121e-02	-1.8134693121e-02	-1.8134693121e-02	-1.2176208625e-02	-1.2176208625e-02	-1.2176208625e-02	-7.1561053007e-03	-6.4647663668e-03	-6.4647663668e-03	-6.4647663668e-03	-6.4647663668e-03	4.8905977425e-03	4.8905977425e-03	4.8905977425e-03	4.8905977425e-03	1.0894927366e-02	1.0894927366e-02	1.0894927366e-02	1.5273281273e-02	1.6377828060e-02	1.6377828060e-02	1.6377828060e-02	2.1133726932e-02	2.1133726932e-02	2.1133726932e-02	2.4459278768e-02	2.4459278768e-02	2.6315944531e-02	2.6315944531e-02	2.6315944531e-02	3.1796103505e-02	3.2896205506e-02	3.2896205506e-02	3.2896205506e-02	3.5408539752e-02	3.6687582010e-02	3.6687582010e-02	3.8770019511e-02	4.0116074906e-02	4.0116074906e-02	4.0116074906e-02	4.1738147687e-02	4.3084850246e-02	4.3084850246e-02	4.5376233876e-02	4.5376233876e-02	4.6960874178e-02	4.6960874178e-02	4.6960874178e-02	4.9903862465e-02	5.1458377880e-02	
150	0.0	9.7853676729e-03	1.3715515229e-02	4.7377050152e-03	4.7377050152e-03	4.7377050152e-03	4.7377050152e-03	-2.5001138264e-03	-2.5001138264e-03	-2.5001138264e-03	-2.5001138264e-03	-1.3939585404e-02	-1.3939585404e-02	-1.3939585404e-02	-1.3939585404e-02	-1.9962168016e-02	-1.9962168016e-02	-1.9962168016e-02	-1.9962168016e-02	-2.5207558768e-02	-2.5207558768e-02	-2.5207558768e-02	-2.5795870021e-02	-2.9417395177e-02	-2.9417395177e-02	-2.9417395177e-02	-3.2358411572e-02	-3.2358411572e-02	-3.2358411572e-02	-3.2358411572e-02	-3.3840110195e-02	-3.3840110195e-02	-3.3840110195e-02	-3.3840110195e-02	-3.3717112767e-02	-3.3717112767e-02	-3.3717112767e-02	-3.3717112767e-02	-3.1936291961e-02	-3.1936291961e-02	-3.1936291961e-02	-3.1936291961e-02	-2.8559184383e-02	-2.8559184383e-02	-2.8559184383e-02	-2.4092847942e-02	-2.3814432285e-02	-2.3814432285e-02	-2.3814432285e-02	-1.8137469258e-02	-1.8137469258e-02	-1.8137469258e-02	-1.8137469258e-02	-1.2178527880e-02	-1.2178527880e-02	-1.2178527880e-02	-7.1580433903e-03	-6.4666882015e-03	-6.4666882015e-03	-6.4666882015e-03	-6.4666882015e-03	4.8896991275e-03	4.8896991275e-03	4.8896991275e-03	4.8896991275e-03	1.0894459758e-02	1.0894459758e-02	1.0894459758e-02	1.5273105871e-02	1.6377683859e-02	1.6377683859e-02	1.6377683859e-02	2.1133832681e-02	2.1133832681e-02	2.1133832681e-02	2.4459568247e-02	2.4459568247e-02	2.6316313658e-02	2.6316313658e-02	2.6316313658e-02	3.1796735283e-02	3.2896805863e-02	3.2896805863e-02	3.2896805863e-02	3.5409205395e-02	3.6688210138e-02	3.6688210138e-02	3.8770650002e-02	4.0116662959e-02	4.0116662959e-02	4.0116662959e-02	4.1738710280e-02	4.3085365247e-02	4.3085365247e-02	4.5376683060e-02	4.5376683060e-02	4.6961263483e-02	4.6961263483e-02	4.6961263483e-02	4.9904009463e-02	5.1458464624e-02	
151	0.0	9.7845866174e-03	1.3714845481e-02	4.7362675195e-03	4.7362675195e-03	4.7362675195e-03	4.7362675195e-03	-2.5020563595e-03	-2.5020563595e-03	-2.5020563595e-03	-2.5020563595e-03	-1.3942241432e-02	-1.3942241432e-02	-1.3942241432e-02	-1.3942241432e-02	-1.9965069443e-02	-1.9965069443e-02	-1.9965069443e-02	-1.9965069443e-02	-2.5210681701e-02	-2.5210681701e-02	-2.5210681701e-02	-2.5799007353e-02	-2.9420690159e-02	-2.9420690159e-02	-2.9420690159e-02	-3.2361827902e-02	-3.2361827902e-02	-3.2361827902e-02	-3.2361827902e-02	-3.3843585456e-02	-3.3843585456e-02	-3.3843585456e-02	-3.3843585456e-02	-3.3720570710e-02	-3.3720570710e-02	-3.3720570710e-02	-3.3720570710e-02	-3.1939644391e-02	-3.1939644391e-02	-3.1939644391e-02	-3.1939644391e-02	-2.8562332420e-02	-2.8562332420e-02	-2.8562332420e-02	-2.4095685342e-02	-2.3817265444e-02	-2.3817265444e-02	-2.3817265444e-02	-1.8139885387e-02	-1.8139885387e-02	-1.8139885387e-02	-1.8139885387e-02	-1.2180494966e-02	-1.2180494966e-02	-1.2180494966e-02	-7.1596340387e-03	-6.4682640301e-03	-6.4682640301e-03	-6.4682640301e-03	-6.4682640301e-03	4.8891363005e-03	4.8891363005e-03	4.8891363005e-03	4.8891363005e-03	1.0894324939e-02	1.0894324939e-02	1.0894324939e-02	1.5273265134e-02	1.6377872145e-02	1.6377872145e-02	1.6377872145e-02	2.1134271972e-02	2.1134271972e-02	2.1134271972e-02	2.4460194874e-02	2.4460194874e-02	2.6317016592e-02	2.6317016592e-02	2.6317016592e-02	3.1797709452e-02	3.2897752348e-02	3.2897752348e-02	3.2897752348e-02	3.5410223113e-02	3.6689194483e-02	3.6689194483e-02	3.8771643781e-02	4.0117618877e-02	4.0117618877e-02	4.0117618877e-02	4.1739647189e-02	4.3086259818e-02	4.3086259818e-02	4.5377520499e-02	4.5377520499e-02	4.6962048817e-02	4.6962048817e-02	4.6962048817e-02	4.9904558435e-02	5.1458963226e-02	
152	0.0	9.7839027086e-03	1.3714256360e-02	4.7349996671e-03	4.7349996671e-03	4.7349996671e-03	4.7349996671e-03	-2.5037736951e-03	-2.5037736951e-03	-2.5037736951e-03	-2.5037736951e-03	-1.3944598489e-02	-1.3944598489e-02	-1.3944598489e-02	-1.3944598489e-02	-1.9967653835e-02	-1.9967653835e-02	-1.9967653835e-02	-1.9967653835e-02	-2.5213470934e-02	-2.5213470934e-02	-2.5213470934e-02	-2.5801809306e-02	-2.9423638998e-02	-2.9423638998e-02	-2.9423638998e-02	-3.2364889498e-02	-3.2364889498e-02	-3.2364889498e-02	-3.2364889498e-02	-3.3846701868e-02	-3.3846701868e-02	-3.3846701868e-02	-3.3846701868e-02	-3.3723670836e-02	-3.3723670836e-02	-3.3723670836e-02	-3.3723670836e-02	-3.1942645608e-02	-3.1942645608e-02	-3.1942645608e-02	-3.1942645608e-02	-2.8565141075e-02	-2.8565141075e-02	-2.8565141075e-02	-2.4098197567e-02	-2.3819773902e-02	-2.3819773902e-02	-2.3819773902e-02	-1.8141990016e-02	-1.8141990016e-02	-1.8141990016e-02	-1.8141990016e-02	-1.2182159663e-02	-1.2182159663e-02	-1.2182159663e-02	-7.1609279862e-03	-6.4695445722e-03	-6.4695445722e-03	-6.4695445722e-03	-6.4695445722e-03	4.8888540877e-03	4.8888540877e-03	4.8888540877e-03	4.8888540877e-03	1.0894465928e-02	1.0894465928e-02	1.0894465928e-02	1.5273700651e-02	1.6378334370e-02	1.6378334370e-02	1.6378334370e-02	2.1134985013e-02	2.1134985013e-02	2.1134985013e-02	2.4461098131e-02	2.4461098131e-02	2.6317992137e-02	2.6317992137e-02	2.6317992137e-02	3.1798963966e-02	3.2898982674e-02	3.2898982674e-02	3.2898982674e-02	3.5411529891e-02	3.6690471806e-02	3.6690471806e-02	3.8772936734e-02	4.0118878354e-02	4.0118878354e-02	4.0118878354e-02	4.1740893294e-02	4.3087468677e-02	4.3087468677e-02	4.5378680505e-02	4.5378680505e-02	4.6963164182e-02	4.6963164182e-02	4.6963164182e-02	4.9905443678e-02	5.1459807437e-02	
153	0.0	9.7833011229e-03	1.3713734586e-02	4.7338756506e-03	4.7338756506e-03	4.7338756506e-03	4.7338756506e-03	-2.5052986993e-03	-2.5052986993e-03	-2.5052986993e-03	-2.5052986993e-03	-1.3946698269e-02	-1.3946698269e-02	-1.3946698269e-02	-1.3946698269e-02	-1.9969965276e-02	-1.9969965276e-02	-1.9969965276e-02	-1.9969965276e-02	-2.5215972549e-02	-2.5215972549e-02	-2.5215972549e-02	-2.5804322101e-02	-2.9426289192e-02	-2.9426289192e-02	-2.9426289192e-02	-3.2367644754e-02	-3.2367644754e-02	-3.2367644754e-02	-3.2367644754e-02	-3.3849508227e-02	-3.3849508227e-02	-3.3849508227e-02	-3.3849508227e-02	-3.3726461859e-02	-3.3726461859e-02	-3.3726461859e-02	-3.3726461859e-02	-3.1945343753e-02	-3.1945343753e-02	-3.1945343753e-02	-3.1945343753e-02	-2.8567657628e-02	-2.8567657628e-02	-2.8567657628e-02	-2.4100431268e-02	-2.3822004283e-02	-2.3822004283e-02	-2.3822004283e-02	-1.8143829871e-02	-1.8143829871e-02	-1.8143829871e-02	-1.8143829871e-02	-1.2183569367e-02	-1.2183569367e-02	-1.2183569367e-02	-7.1619729859e-03	-6.4705775569e-03	-6.4705775569e-03	-6.4705775569e-03	-6.4705775569e-03	4.8888011031e-03	4.8888011031e-03	4.8888011031e-03	4.8888011031e-03	1.0894830227e-02	1.0894830227e-02	1.0894830227e-02	1.5274359444e-02	1.6379017457e-02	1.6379017457e-02	1.6379017457e-02	2.1135918455e-02	2.1135918455e-02	2.1135918455e-02	2.4462224794e-02	2.4462224794e-02	2.6319186441e-02	2.6319186441e-02	2.6319186441e-02	3.1800444649e-02	3.2900442412e-02	3.2900442412e-02	3.2900442412e-02	3.5413070884e-02	3.6691987019e-02	3.6691987019e-02	3.8774473171e-02	4.0120385484e-02	4.0120385484e-02	4.0120385484e-02	4.1742392069e-02	4.3088935110e-02	4.3088935110e-02	4.5380105928e-02	4.5380105928e-02	4.6964552094e-02	4.6964552094e-02	4.6964552094e-02	4.9906607801e-02	5.1460939291e-02	
154	0.0	9.7827740542e-03	1.3713275296e-02	4.7328815404e-03	4.7328815404e-03	4.7328815404e-03	4.7328815404e-03	-2.5066510107e-03	-2.5066510107e-03	-2.5066510107e-03	-2.5066510107e-03	-1.3948568191e-02	-1.3948568191e-02	-1.3948568191e-02	-1.3948568191e-02	-1.9972033368e-02	-1.9972033368e-02	-1.9972033368e-02	-1.9972033368e-02	-2.5218218054e-02	-2.5218218054e-02	-2.5218218054e-02	-2.5806577759e-02	-2.9428673667e-02	-2.9428673667e-02	-2.9428673667e-02	-3.2370127581e-02	-3.2370127581e-02	-3.2370127581e-02	-3.2370127581e-02	-3.3852038976e-02	-3.3852038976e-02	-3.3852038976e-02	-3.3852038976e-02	-3.3728978302e-02	-3.3728978302e-02	-3.3728978302e-02	-3.3728978302e-02	-3.1947772965e-02	-3.1947772965e-02	-3.1947772965e-02	-3.1947772965e-02	-2.8569915508e-02	-2.8569915508e-02	-2.8569915508e-02	-2.4102419437e-02	-2.3823989434e-02	-2.3823989434e-02	-2.3823989434e-02	-1.8145437857e-02	-1.8145437857e-02	-1.8145437857e-02	-1.8145437857e-02	-1.2184757527e-02	-1.2184757527e-02	-1.2184757527e-02	-7.1628031185e-03	-6.4713966975e-03	-6.4713966975e-03	-6.4713966975e-03	-6.4713966975e-03	4.8889397852e-03	4.8889397852e-03	4.8889397852e-03	4.8889397852e-03	1.0895379198e-02	1.0895379198e-02	1.0895379198e-02	1.5275201866e-02	1.6379882265e-02	1.6379882265e-02	1.6379882265e-02	2.1137032920e-02	2.1137032920e-02	2.1137032920e-02	2.4463534875e-02	2.4463534875e-02	2.6320559944e-02	2.6320559944e-02	2.6320559944e-02	3.1802109536e-02	3.2902089964e-02	3.2902089964e-02	3.2902089964e-02	3.5414803046e-02	3.6693697504e-02	3.6693697504e-02	3.8776208862e-02	4.0122096499e-02	4.0122096499e-02	4.0122096499e-02	4.1744098337e-02	4.3090614419e-02	4.3090614419e-02	4.5381750638e-02	4.5381750638e-02	4.6966166895e-02	4.6966166895e-02	4.6966166895e-02	4.9908003719e-02	5.1462311943e-02	
155	0.0	9.7823108210e-03	1.3712869838e-02	4.7319984242e-03	4.7319984242e-03	4.7319984242e-03	4.7319984242e-03	-2.5078558051e-03	-2.5078558051e-03	-2.5078558051e-03	-2.5078558051e-03	-1.3950241505e-02	-1.3950241505e-02	-1.3950241505e-02	-1.3950241505e-02	-1.9973893344e-02	-1.9973893344e-02	-1.9973893344e-02	-1.9973893344e-02	-2.5220244426e-02	-2.5220244426e-02	-2.5220244426e-02	-2.5808613562e-02	-2.9430830683e-02	-2.9430830683e-02	-2.9430830683e-02	-3.2372377115e-02	-3.2372377115e-02	-3.2372377115e-02	-3.2372377115e-02	-3.3854333688e-02	-3.3854333688e-02	-3.3854333688e-02	-3.3854333688e-02	-3.3731259733e-02	-3.3731259733e-02	-3.3731259733e-02	-3.3731259733e-02	-3.1949972334e-02	-3.1949972334e-02	-3.1949972334e-02	-3.1949972334e-02	-2.8571952928e-02	-2.8571952928e-02	-2.8571952928e-02	-2.4104199479e-02	-2.3825766674e-02	-2.3825766674e-02	-2.3825766674e-02	-1.8146850840e-02	-1.8146850840e-02	-1.8146850840e-02	-1.8146850840e-02	-1.2185760899e-02	-1.2185760899e-02	-1.2185760899e-02	-7.1634549409e-03	-6.4720383328e-03	-6.4720383328e-03	-6.4720383328e-03	-6.4720383328e-03	4.8892318493e-03	4.8892318493e-03	4.8892318493e-03	4.8892318493e-03	1.0896074470e-02	1.0896074470e-02	1.0896074470e-02	1.5276189927e-02	1.6380891086e-02	1.6380891086e-02	1.6380891086e-02	2.1138291565e-02	2.1138291565e-02	2.1138291565e-02	2.4464992219e-02	2.4464992219e-02	2.6322076585e-02	2.6322076585e-02	2.6322076585e-02	3.1803922009e-02	3.2903888743e-02	3.2903888743e-02	3.2903888743e-02	3.5416689471e-02	3.6695566432e-02	3.6695566432e-02	3.8778106553e-02	4.0123974234e-02	4.0123974234e-02	4.0123974234e-02	4.1745974513e-02	4.3092469104e-02	4.3092469104e-02	4.5383576493e-02	4.5383576493e-02	4.6967970460e-02	4.6967970460e-02	4.6967970460e-02	4.9909592676e-02	5.1463886467e-02	
156	0.0	9.7819024387e-03	1.3712511453e-02	4.7312107288e-03	4.7312107288e-03	4.7312107288e-03	4.7312107288e-03	-2.5089341103e-03	-2.5089341103e-03	-2.5089341103e-03	-2.5089341103e-03	-1.3951746215e-02	-1.3951746215e-02	-1.3951746215e-02	-1.3951746215e-02	-1.9975574716e-02	-1.9975574716e-02	-1.9975574716e-02	-1.9975574716e-02	-2.5222082600e-02	-2.5222082600e-02	-2.5222082600e-02	-2.5810460788e-02	-2.9432792250e-02	-2.9432792250e-02	-2.9432792250e-02	-3.2374426112e-02	-3.2374426112e-02	-3.2374426112e-02	-3.2374426112e-02	-3.3856425518e-02	-3.3856425518e-02	-3.3856425518e-02	-3.3856425518e-02	-3.3733339331e-02	-3.3733339331e-02	-3.3733339331e-02	-3.3733339331e-02	-3.1951974702e-02	-3.1951974702e-02	-3.1951974702e-02	-3.1951974702e-02	-2.8573802100e-02	-2.8573802100e-02	-2.8573802100e-02	-2.4105803093e-02	-2.3827367610e-02	-2.3827367610e-02	-2.3827367610e-02	-1.8148100240e-02	-1.8148100240e-02	-1.8148100240e-02	-1.8148100240e-02	-1.2186611066e-02	-1.2186611066e-02	-1.2186611066e-02	-7.1639602965e-03	-6.4725340483e-03	-6.4725340483e-03	-6.4725340483e-03	-6.4725340483e-03	4.8896436422e-03	4.8896436422e-03	4.8896436422e-03	4.8896436422e-03	1.0896882064e-02	1.0896882064e-02	1.0896882064e-02	1.5277289558e-02	1.6382010257e-02	1.6382010257e-02	1.6382010257e-02	2.1139661216e-02	2.1139661216e-02	2.1139661216e-02	2.4466563728e-02	2.4466563728e-02	2.6323703708e-02	2.6323703708e-02	2.6323703708e-02	3.1805847697e-02	3.2905804526e-02	3.2905804526e-02	3.2905804526e-02	3.5418695153e-02	3.6697559007e-02	3.6697559007e-02	3.8780130660e-02	4.0125983339e-02	4.0125983339e-02	4.0125983339e-02	4.1747984615e-02	4.3094463414e-02	4.3094463414e-02	4.5385546758e-02	4.5385546758e-02	4.6969926259e-02	4.6969926259e-02	4.6969926259e-02	4.9911337089e-02	5.1465625332e-02	
157	0.0	9.7815372682e-03	1.3712189783e-02	4.7304981607e-03	4.7304981607e-03	4.7304981607e-03	4.7304981607e-03	-2.5099123098e-03	-2.5099123098e-03	-2.5099123098e-03	-2.5099123098e-03	-1.3953116327e-02	-1.3953116327e-02	-1.3953116327e-02	-1.3953116327e-02	-1.9977113229e-02	-1.9977113229e-02	-1.9977113229e-02	-1.9977113229e-02	-2.5223769908e-02	-2.5223769908e-02	-2.5223769908e-02	-2.5812156871e-02	-2.9434596878e-02	-2.9434596878e-02	-2.9434596878e-02	-3.2376313882e-02	-3.2376313882e-02	-3.2376313882e-02	-3.2376313882e-02	-3.3858354144e-02	-3.3858354144e-02	-3.3858354144e-02	-3.3858354144e-02	-3.3735256689e-02	-3.3735256689e-02	-3.3735256689e-02	-3.3735256689e-02	-3.1953819134e-02	-3.1953819134e-02	-3.1953819134e-02	-3.1953819134e-02	-2.8575501181e-02	-2.8575501181e-02	-2.8575501181e-02	-2.4107267449e-02	-2.3828829382e-02	-2.3828829382e-02	-2.3828829382e-02	-1.8149222438e-02	-1.8149222438e-02	-1.8149222438e-02	-1.8149222438e-02	-1.2187343920e-02	-1.2187343920e-02	-1.2187343920e-02	-7.1643545481e-03	-6.4729191181e-03	-6.4729191181e-03	-6.4729191181e-03	-6.4729191181e-03	4.8901397452e-03	4.8901397452e-03	4.8901397452e-03	4.8901397452e-03	1.0897767116e-02	1.0897767116e-02	1.0897767116e-02	1.5278466935e-02	1.6383206096e-02	1.6383206096e-02	1.6383206096e-02	2.1141109449e-02	2.1141109449e-02	2.1141109449e-02	2.4468218036e-02	2.4468218036e-02	2.6325410045e-02	2.6325410045e-02	2.6325410045e-02	3.1807855526e-02	3.2907806022e-02	3.2907806022e-02	3.2907806022e-02	3.5420789235e-02	3.6699644161e-02	3.6699644161e-02	3.8782250671e-02	4.0128093073e-02	4.0128093073e-02	4.0128093073e-02	4.1750098488e-02	4.3096566915e-02	4.3096566915e-02	4.5387631419e-02	4.5387631419e-02	4.6972003831e-02	4.6972003831e-02	4.6972003831e-02	4.9913207736e-02	5.1467498682e-02	
158	0.0	9.7812064863e-03	1.3711897815e-02	4.7298455021e-03	4.7298455021e-03	4.7298455021e-03	4.7298455021e-03	-2.5108107721e-03	-2.5108107721e-03	-2.5108107721e-03	-2.5108107721e-03	-1.3954378815e-02	-1.3954378815e-02	-1.3954378815e-02	-1.3954378815e-02	-1.9978537365e-02	-1.9978537365e-02	-1.9978537365e-02	-1.9978537365e-02	-2.5225336253e-02	-2.5225336253e-02	-2.5225336253e-02	-2.5813731983e-02	-2.9436275546e-02	-2.9436275546e-02	-2.9436275546e-02	-3.2378072148e-02	-3.2378072148e-02	-3.2378072148e-02	-3.2378072148e-02	-3.3860151678e-02	-3.3860151678e-02	-3.3860151678e-02	-3.3860151678e-02	-3.3737043917e-02	-3.3737043917e-02	-3.3737043917e-02	-3.3737043917e-02	-3.1955537365e-02	-3.1955537365e-02	-3.1955537365e-02	-3.1955537365e-02	-2.8577081204e-02	-2.8577081204e-02	-2.8577081204e-02	-2.4108622859e-02	-2.3830182224e-02	-2.3830182224e-02	-2.3830182224e-02	-1.8150247099e-02	-1.8150247099e-02	-1.8150247099e-02	-1.8150247099e-02	-1.2187988836e-02	-1.2187988836e-02	-1.2187988836e-02	-7.1646669467e-03	-6.4732225800e-03	-6.4732225800e-03	-6.4732225800e-03	-6.4732225800e-03	4.8906910559e-03	4.8906910559e-03	4.8906910559e-03	4.8906910559e-03	1.0898700903e-02	1.0898700903e-02	1.0898700903e-02	1.5279693790e-02	1.6384450691e-02	1.6384450691e-02	1.6384450691e-02	2.1142609201e-02	2.1142609201e-02	2.1142609201e-02	2.4469928488e-02	2.4469928488e-02	2.6327169491e-02	2.6327169491e-02	2.6327169491e-02	3.1809918874e-02	3.2909866657e-02	3.2909866657e-02	3.2909866657e-02	3.5422945238e-02	3.6701795487e-02	3.6701795487e-02	3.8784440435e-02	4.0130277363e-02	4.0130277363e-02	4.0130277363e-02	4.1752290363e-02	4.3098753893e-02	4.3098753893e-02	4.5389804542e-02	4.5389804542e-02	4.6974177243e-02	4.6974177243e-02	4.6974177243e-02	4.9915178515e-02	5.1469480331e-02	
159	0.0	9.7809012887e-03	1.3711628271e-02	4.7292374884e-03	4.7292374884e-03	4.7292374884e-03	4.7292374884e-03	-2.5116497550e-03	-2.5116497550e-03	-2.5116497550e-03	-2.5116497550e-03	-1.3955560359e-02	-1.3955560359e-02	-1.3955560359e-02	-1.3955560359e-02	-1.9979875306e-02	-1.9979875306e-02	-1.9979875306e-02	-1.9979875306e-02	-2.5226811201e-02	-2.5226811201e-02	-2.5226811201e-02	-2.5815215881e-02	-2.9437858840e-02	-2.9437858840e-02	-2.9437858840e-02	-3.2379732188e-02	-3.2379732188e-02	-3.2379732188e-02	-3.2379732188e-02	-3.3861849742e-02	-3.3861849742e-02	-3.3861849742e-02	-3.3861849742e-02	-3.3738732606e-02	-3.3738732606e-02	-3.3738732606e-02	-3.3738732606e-02	-3.1957160594e-02	-3.1957160594e-02	-3.1957160594e-02	-3.1957160594e-02	-2.8578572669e-02	-2.8578572669e-02	-2.8578572669e-02	-2.4109899056e-02	-2.3831455812e-02	-2.3831455812e-02	-2.3831455812e-02	-1.8151203261e-02	-1.8151203261e-02	-1.8151203261e-02	-1.8151203261e-02	-1.2188574487e-02	-1.2188574487e-02	-1.2188574487e-02	-7.1649259692e-03	-6.4734727631e-03	-6.4734727631e-03	-6.4734727631e-03	-6.4734727631e-03	4.8912697620e-03	4.8912697620e-03	4.8912697620e-03	4.8912697620e-03	1.0899656044e-02	1.0899656044e-02	1.0899656044e-02	1.5280943175e-02	1.6385717342e-02	1.6385717342e-02	1.6385717342e-02	2.1144134443e-02	2.1144134443e-02	2.1144134443e-02	2.4471669399e-02	2.4471669399e-02	2.6328956798e-02	2.6328956798e-02	2.6328956798e-02	3.1812012471e-02	3.2911961061e-02	3.2911961061e-02	3.2911961061e-02	3.5425138225e-02	3.6703987952e-02	3.6703987952e-02	3.8786675583e-02	4.0132511736e-02	4.0132511736e-02	4.0132511736e-02	4.1754536464e-02	4.3101000423e-02	4.3101000423e-02	4.5392042503e-02	4.5392042503e-02	4.6976422615e-02	4.6976422615e-02	4.6976422615e-02	4.9917226258e-02	5.1471546757e-02	
160	0.0	9.7806142363e-03	1.3711375327e-02	4.7286612488e-03	4.7286612488e-03	4.7286612488e-03	4.7286612488e-03	-2.5124465418e-03	-2.5124465418e-03	-2.5124465418e-03	-2.5124465418e-03	-1.3956683986e-02	-1.3956683986e-02	-1.3956683986e-02	-1.3956683986e-02	-1.9981151421e-02	-1.9981151421e-02	-1.9981151421e-02	-1.9981151421e-02	-2.5228220371e-02	-2.5228220371e-02	-2.5228220371e-02	-2.5816634414e-02	-2.9439373301e-02	-2.9439373301e-02	-2.9439373301e-02	-3.2381321172e-02	-3.2381321172e-02	-3.2381321172e-02	-3.2381321172e-02	-3.3863475833e-02	-3.3863475833e-02	-3.3863475833e-02	-3.3863475833e-02	-3.3740350247e-02	-3.3740350247e-02	-3.3740350247e-02	-3.3740350247e-02	-3.1958715994e-02	-3.1958715994e-02	-3.1958715994e-02	-3.1958715994e-02	-2.8580002155e-02	-2.8580002155e-02	-2.8580002155e-02	-2.4111121986e-02	-2.3832676023e-02	-2.3832676023e-02	-2.3832676023e-02	-1.8152116276e-02	-1.8152116276e-02	-1.8152116276e-02	-1.8152116276e-02	-1.2189125995e-02	-1.2189125995e-02	-1.2189125995e-02	-7.1651567857e-03	-6.4736946509e-03	-6.4736946509e-03	-6.4736946509e-03	-6.4736946509e-03	4.8918513795e-03	4.8918513795e-03	4.8918513795e-03	4.8918513795e-03	1.0900608246e-02	1.0900608246e-02	1.0900608246e-02	1.5282190692e-02	1.6386981966e-02	1.6386981966e-02	1.6386981966e-02	2.1145661260e-02	2.1145661260e-02	2.1145661260e-02	2.4473416642e-02	2.4473416642e-02	2.6330748430e-02	2.6330748430e-02	2.6330748430e-02	3.1814112385e-02	3.2914065292e-02	3.2914065292e-02	3.2914065292e-02	3.5427344451e-02	3.6706197801e-02	3.6706197801e-02	3.8788932811e-02	4.0134772870e-02	4.0134772870e-02	4.0134772870e-02	4.1756813951e-02	4.3103283621e-02	4.3103283621e-02	4.5394322404e-02	4.5394322404e-02	4.6978716941e-02	4.6978716941e-02	4.6978716941e-02	4.9919327975e-02	5.1473674835e-02	
161	0.0	9.7803379527e-03	1.3711132942e-02	4.7281039568e-03	4.7281039568e-03	4.7281039568e-03	4.7281039568e-03	-2.5132181547e-03	-2.5132181547e-03	-2.5132181547e-03	-2.5132181547e-03	-1.3957772153e-02	-1.3957772153e-02	-1.3957772153e-02	-1.3957772153e-02	-1.9982389453e-02	-1.9982389453e-02	-1.9982389453e-02	-1.9982389453e-02	-2.5229588687e-02	-2.5229588687e-02	-2.5229588687e-02	-2.5818012672e-02	-2.9440844717e-02	-2.9440844717e-02	-2.9440844717e-02	-3.2382865465e-02	-3.2382865465e-02	-3.2382865465e-02	-3.2382865465e-02	-3.3865056598e-02	-3.3865056598e-02	-3.3865056598e-02	-3.3865056598e-02	-3.3741923462e-02	-3.3741923462e-02	-3.3741923462e-02	-3.3741923462e-02	-3.1960229854e-02	-3.1960229854e-02	-3.1960229854e-02	-3.1960229854e-02	-2.8581395362e-02	-2.8581395362e-02	-2.8581395362e-02	-2.4112316702e-02	-2.3833867858e-02	-2.3833867858e-02	-2.3833867858e-02	-1.8153010599e-02	-1.8153010599e-02	-1.8153010599e-02	-1.8153010599e-02	-1.2189667574e-02	-1.2189667574e-02	-1.2189667574e-02	-7.1653836526e-03	-6.4739123656e-03	-6.4739123656e-03	-6.4739123656e-03	-6.4739123656e-03	4.8924124986e-03	4.8924124986e-03	4.8924124986e-03	4.8924124986e-03	1.0901534203e-02	1.0901534203e-02	1.0901534203e-02	1.5283412741e-02	1.6388221194e-02	1.6388221194e-02	1.6388221194e-02	2.1147166153e-02	2.1147166153e-02	2.1147166153e-02	2.4475146311e-02	2.4475146311e-02	2.6332520959e-02	2.6332520959e-02	2.6332520959e-02	3.1816194987e-02	3.2916155600e-02	3.2916155600e-02	3.2916155600e-02	3.5429540442e-02	3.6708401420e-02	3.6708401420e-02	3.8791189034e-02	4.0137037525e-02	4.0137037525e-02	4.0137037525e-02	4.1759100134e-02	4.3105580598e-02	4.3105580598e-02	4.5396621571e-02	4.5396621571e-02	4.6981037250e-02	4.6981037250e-02	4.6981037250e-02	4.9921461160e-02	5.1475841718e-02	
162	0.0	9.7800654721e-03	1.3710895303e-02	4.7275534711e-03	4.7275534711e-03	4.7275534711e-03	4.7275534711e-03	-2.5139806125e-03	-2.5139806125e-03	-2.5139806125e-03	-2.5139806125e-03	-1.3958845894e-02	-1.3958845894e-02	-1.3958845894e-02	-1.3958845894e-02	-1.9983611617e-02	-1.9983611617e-02	-1.9983611617e-02	-1.9983611617e-02	-2.5230939450e-02	-2.5230939450e-02	-2.5230939450e-02	-2.5819374077e-02	-2.9442297180e-02	-2.9442297180e-02	-2.9442297180e-02	-3.2384389685e-02	-3.2384389685e-02	-3.2384389685e-02	-3.2384389685e-02	-3.3866616907e-02	-3.3866616907e-02	-3.3866616907e-02	-3.3866616907e-02	-3.3743477076e-02	-3.3743477076e-02	-3.3743477076e-02	-3.3743477076e-02	-3.1961726671e-02	-3.1961726671e-02	-3.1961726671e-02	-3.1961726671e-02	-2.8582776218e-02	-2.8582776218e-02	-2.8582776218e-02	-2.4113506491e-02	-2.3835054571e-02	-2.3835054571e-02	-2.3835054571e-02	-1.8153908963e-02	-1.8153908963e-02	-1.8153908963e-02	-1.8153908963e-02	-1.2190221745e-02	-1.2190221745e-02	-1.2190221745e-02	-7.1656291550e-03	-6.4741483981e-03	-6.4741483981e-03	-6.4741483981e-03	-6.4741483981e-03	4.8929314028e-03	4.8929314028e-03	4.8929314028e-03	4.8929314028e-03	1.0902412195e-02	1.0902412195e-02	1.0902412195e-02	1.5284587117e-02	1.6389412986e-02	1.6389412986e-02	1.6389412986e-02	2.1148626677e-02	2.1148626677e-02	2.1148626677e-02	2.4476835383e-02	2.4476835383e-02	2.6334251750e-02	2.6334251750e-02	2.6334251750e-02	3.1818237567e-02	3.2918209074e-02	3.2918209074e-02	3.2918209074e-02	3.5431703575e-02	3.6710575946e-02	3.6710575946e-02	3.8793421932e-02	4.0139283102e-02	4.0139283102e-02	4.0139283102e-02	4.1761372985e-02	4.3107868999e-02	4.3107868999e-02	4.5398918112e-02	4.5398918112e-02	4.6983361180e-02	4.6983361180e-02	4.6983361180e-02	4.9923604469e-02	5.1478025535e-02	
163	0.0	9.7797883055e-03	1.3710654358e-02	4.7269948426e-03	4.7269948426e-03	4.7269948426e-03	4.7269948426e-03	-2.5147530010e-03	-2.5147530010e-03	-2.5147530010e-03	-2.5147530010e-03	-1.3959929525e-02	-1.3959929525e-02	-1.3959929525e-02	-1.3959929525e-02	-1.9984843516e-02	-1.9984843516e-02	-1.9984843516e-02	-1.9984843516e-02	-2.5232299385e-02	-2.5232299385e-02	-2.5232299385e-02	-2.5820745291e-02	-2.9443758216e-02	-2.9443758216e-02	-2.9443758216e-02	-3.2385921863e-02	-3.2385921863e-02	-3.2385921863e-02	-3.2385921863e-02	-3.3868184988e-02	-3.3868184988e-02	-3.3868184988e-02	-3.3868184988e-02	-3.3745039199e-02	-3.3745039199e-02	-3.3745039199e-02	-3.3745039199e-02	-3.1963234120e-02	-3.1963234120e-02	-3.1963234120e-02	-3.1963234120e-02	-2.8584171695e-02	-2.8584171695e-02	-2.8584171695e-02	-2.4114717464e-02	-2.3836262294e-02	-2.3836262294e-02	-2.3836262294e-02	-1.8154836767e-02	-1.8154836767e-02	-1.8154836767e-02	-1.8154836767e-02	-1.2190813455e-02	-1.2190813455e-02	-1.2190813455e-02	-7.1659179435e-03	-6.4744274422e-03	-6.4744274422e-03	-6.4744274422e-03	-6.4744274422e-03	4.8933847407e-03	4.8933847407e-03	4.8933847407e-03	4.8933847407e-03	1.0903219100e-02	1.0903219100e-02	1.0903219100e-02	1.5285690616e-02	1.6390534075e-02	1.6390534075e-02	1.6390534075e-02	2.1150019323e-02	2.1150019323e-02	2.1150019323e-02	2.4478460217e-02	2.4478460217e-02	2.6335917147e-02	2.6335917147e-02	2.6335917147e-02	3.1820217561e-02	3.2920202631e-02	3.2920202631e-02	3.2920202631e-02	3.5433811710e-02	3.6712698622e-02	3.6712698622e-02	3.8795610020e-02	4.0141487415e-02	4.0141487415e-02	4.0141487415e-02	4.1763611616e-02	4.3110127124e-02	4.3110127124e-02	4.5401192221e-02	4.5401192221e-02	4.6985667794e-02	4.6985667794e-02	4.6985667794e-02	4.9925740865e-02	5.1480207924e-02	
164	0.0	9.7795094055e-03	1.3710416361e-02	4.7264338336e-03	4.7264338336e-03	4.7264338336e-03	4.7264338336e-03	-2.5155301326e-03	-2.5155301326e-03	-2.5155301326e-03	-2.5155301326e-03	-1.3961019116e-02	-1.3961019116e-02	-1.3961019116e-02	-1.3961019116e-02	-1.9986081301e-02	-1.9986081301e-02	-1.9986081301e-02	-1.9986081301e-02	-2.5233664979e-02	-2.5233664979e-02	-2.5233664979e-02	-2.5822123566e-02	-2.9445224656e-02	-2.9445224656e-02	-2.9445224656e-02	-3.2387459184e-02	-3.2387459184e-02	-3.2387459184e-02	-3.2387459184e-02	-3.3869758362e-02	-3.3869758362e-02	-3.3869758362e-02	-3.3869758362e-02	-3.3746607631e-02	-3.3746607631e-02	-3.3746607631e-02	-3.3746607631e-02	-3.1964750204e-02	-3.1964750204e-02	-3.1964750204e-02	-3.1964750204e-02	-2.8585579938e-02	-2.8585579938e-02	-2.8585579938e-02	-2.4115948202e-02	-2.3837489371e-02	-2.3837489371e-02	-2.3837489371e-02	-1.8155792842e-02	-1.8155792842e-02	-1.8155792842e-02	-1.8155792842e-02	-1.2191442448e-02	-1.2191442448e-02	-1.2191442448e-02	-7.1662515434e-03	-6.4747503954e-03	-6.4747503954e-03	-6.4747503954e-03	-6.4747503954e-03	4.8937699689e-03	4.8937699689e-03	4.8937699689e-03	4.8937699689e-03	1.0903951008e-02	1.0903951008e-02	1.0903951008e-02	1.5286716260e-02	1.6391578518e-02	1.6391578518e-02	1.6391578518e-02	2.1151336048e-02	2.1151336048e-02	2.1151336048e-02	2.4480009595e-02	2.4480009595e-02	2.6337507855e-02	2.6337507855e-02	2.6337507855e-02	3.1822121098e-02	3.2922123352e-02	3.2922123352e-02	3.2922123352e-02	3.5435849324e-02	3.6714755008e-02	3.6714755008e-02	3.8797736170e-02	4.0143634508e-02	4.0143634508e-02	4.0143634508e-02	4.1765797531e-02	4.3112337738e-02	4.3112337738e-02	4.5403422572e-02	4.5403422572e-02	4.6987937419e-02	4.6987937419e-02	4.6987937419e-02	4.9927843059e-02	5.1482363519e-02	
165	0.0	9.7792249658e-03	1.3710178655e-02	4.7258638823e-03	4.7258638823e-03	4.7258638823e-03	4.7258638823e-03	-2.5163209869e-03	-2.5163209869e-03	-2.5163209869e-03	-2.5163209869e-03	-1.3962126874e-02	-1.3962126874e-02	-1.3962126874e-02	-1.3962126874e-02	-1.9987337909e-02	-1.9987337909e-02	-1.9987337909e-02	-1.9987337909e-02	-2.5235049893e-02	-2.5235049893e-02	-2.5235049893e-02	-2.5823522733e-02	-2.9446710714e-02	-2.9446710714e-02	-2.9446710714e-02	-3.2389016257e-02	-3.2389016257e-02	-3.2389016257e-02	-3.2389016257e-02	-3.3871351848e-02	-3.3871351848e-02	-3.3871351848e-02	-3.3871351848e-02	-3.3748197191e-02	-3.3748197191e-02	-3.3748197191e-02	-3.3748197191e-02	-3.1966289527e-02	-3.1966289527e-02	-3.1966289527e-02	-3.1966289527e-02	-2.8587015144e-02	-2.8587015144e-02	-2.8587015144e-02	-2.4117212466e-02	-2.3838749512e-02	-2.3838749512e-02	-2.3838749512e-02	-1.8156790562e-02	-1.8156790562e-02	-1.8156790562e-02	-1.8156790562e-02	-1.2192122060e-02	-1.2192122060e-02	-1.2192122060e-02	-7.1666436108e-03	-6.4751307630e-03	-6.4751307630e-03	-6.4751307630e-03	-6.4751307630e-03	4.8940740081e-03	4.8940740081e-03	4.8940740081e-03	4.8940740081e-03	1.0904594582e-02	1.0904594582e-02	1.0904594582e-02	1.5287649666e-02	1.6392532192e-02	1.6392532192e-02	1.6392532192e-02	2.1152561822e-02	2.1152561822e-02	2.1152561822e-02	2.4481467309e-02	2.4481467309e-02	2.6339008251e-02	2.6339008251e-02	2.6339008251e-02	3.1823931553e-02	3.2923954561e-02	3.2923954561e-02	3.2923954561e-02	3.5437799190e-02	3.6716727801e-02	3.6716727801e-02	3.8799782559e-02	4.0145706447e-02	4.0145706447e-02	4.0145706447e-02	4.1767912310e-02	4.3114482268e-02	4.3114482268e-02	4.5405590049e-02	4.5405590049e-02	4.6990150692e-02	4.6990150692e-02	4.6990150692e-02	4.9929891219e-02	5.1484472175e-02	
166	0.0	9.7789197566e-03	1.3709923714e-02	4.7252577249e-03	4.7252577249e-03	4.7252577249e-03	4.7252577249e-03	-2.5171583907e-03	-2.5171583907e-03	-2.5171583907e-03	-2.5171583907e-03	-1.3963292223e-02	-1.3963292223e-02	-1.3963292223e-02	-1.3963292223e-02	-1.9988654552e-02	-1.9988654552e-02	-1.9988654552e-02	-1.9988654552e-02	-2.5236496675e-02	-2.5236496675e-02	-2.5236496675e-02	-2.5824984540e-02	-2.9448259809e-02	-2.9448259809e-02	-2.9448259809e-02	-3.2390636949e-02	-3.2390636949e-02	-3.2390636949e-02	-3.2390636949e-02	-3.3873009311e-02	-3.3873009311e-02	-3.3873009311e-02	-3.3873009311e-02	-3.3749851284e-02	-3.3749851284e-02	-3.3749851284e-02	-3.3749851284e-02	-3.1967894592e-02	-3.1967894592e-02	-3.1967894592e-02	-3.1967894592e-02	-2.8588518521e-02	-2.8588518521e-02	-2.8588518521e-02	-2.4118549633e-02	-2.3840082344e-02	-2.3840082344e-02	-2.3840082344e-02	-1.8157867897e-02	-1.8157867897e-02	-1.8157867897e-02	-1.8157867897e-02	-1.2192888760e-02	-1.2192888760e-02	-1.2192888760e-02	-7.1671286225e-03	-6.4756036688e-03	-6.4756036688e-03	-6.4756036688e-03	-6.4756036688e-03	4.8942653198e-03	4.8942653198e-03	4.8942653198e-03	4.8942653198e-03	1.0905119657e-02	1.0905119657e-02	1.0905119657e-02	1.5288462771e-02	1.6393365998e-02	1.6393365998e-02	1.6393365998e-02	2.1153668379e-02	2.1153668379e-02	2.1153668379e-02	2.4482806998e-02	2.4482806998e-02	2.6340390301e-02	2.6340390301e-02	2.6340390301e-02	3.1825625250e-02	3.2925670871e-02	3.2925670871e-02	3.2925670871e-02	3.5439638458e-02	3.6718592183e-02	3.6718592183e-02	3.8801727093e-02	4.0147678964e-02	4.0147678964e-02	4.0147678964e-02	4.1769934218e-02	4.3116536581e-02	4.3116536581e-02	4.5407674754e-02	4.5407674754e-02	4.6992284521e-02	4.6992284521e-02	4.6992284521e-02	4.9931871125e-02	5.1486516033e-02	
167	0.0	9.7785840462e-03	1.3709640589e-02	4.7245979978e-03	4.7245979978e-03	4.7245979978e-03	4.7245979978e-03	-2.5180633704e-03	-2.5180633704e-03	-2.5180633704e-03	-2.5180633704e-03	-1.3964540575e-02	-1.3964540575e-02	-1.3964540575e-02	-1.3964540575e-02	-1.9990057624e-02	-1.9990057624e-02	-1.9990057624e-02	-1.9990057624e-02	-2.5238032432e-02	-2.5238032432e-02	-2.5238032432e-02	-2.5826535564e-02	-2.9449899464e-02	-2.9449899464e-02	-2.9449899464e-02	-3.2392348949e-02	-3.2392348949e-02	-3.2392348949e-02	-3.2392348949e-02	-3.3874758369e-02	-3.3874758369e-02	-3.3874758369e-02	-3.3874758369e-02	-3.3751597215e-02	-3.3751597215e-02	-3.3751597215e-02	-3.3751597215e-02	-3.1969592189e-02	-3.1969592189e-02	-3.1969592189e-02	-3.1969592189e-02	-2.8590116175e-02	-2.8590116175e-02	-2.8590116175e-02	-2.4119984879e-02	-2.3841513216e-02	-2.3841513216e-02	-2.3841513216e-02	-1.8159049546e-02	-1.8159049546e-02	-1.8159049546e-02	-1.8159049546e-02	-1.2193766866e-02	-1.2193766866e-02	-1.2193766866e-02	-7.1677303134e-03	-6.4761932932e-03	-6.4761932932e-03	-6.4761932932e-03	-6.4761932932e-03	4.8943208731e-03	4.8943208731e-03	4.8943208731e-03	4.8943208731e-03	1.0905503124e-02	1.0905503124e-02	1.0905503124e-02	1.5289132594e-02	1.6394056252e-02	1.6394056252e-02	1.6394056252e-02	2.1154631302e-02	2.1154631302e-02	2.1154631302e-02	2.4484004223e-02	2.4484004223e-02	2.6341628471e-02	2.6341628471e-02	2.6341628471e-02	3.1827177567e-02	3.2927246395e-02	3.2927246395e-02	3.2927246395e-02	3.5441341800e-02	3.6720321369e-02	3.6720321369e-02	3.8803543687e-02	4.0149524349e-02	4.0149524349e-02	4.0149524349e-02	4.1771836367e-02	4.3118471984e-02	4.3118471984e-02	4.5409650298e-02	4.5409650298e-02	4.6994310096e-02	4.6994310096e-02	4.6994310096e-02	4.9933759811e-02	5.1488469355e-02	
168	0.0	9.7782236422e-03	1.3709338113e-02	4.7238954016e-03	4.7238954016e-03	4.7238954016e-03	4.7238954016e-03	-2.5190244225e-03	-2.5190244225e-03	-2.5190244225e-03	-2.5190244225e-03	-1.3965860009e-02	-1.3965860009e-02	-1.3965860009e-02	-1.3965860009e-02	-1.9991534975e-02	-1.9991534975e-02	-1.9991534975e-02	-1.9991534975e-02	-2.5239645096e-02	-2.5239645096e-02	-2.5239645096e-02	-2.5828164514e-02	-2.9451617803e-02	-2.9451617803e-02	-2.9451617803e-02	-3.2394140665e-02	-3.2394140665e-02	-3.2394140665e-02	-3.2394140665e-02	-3.3876587751e-02	-3.3876587751e-02	-3.3876587751e-02	-3.3876587751e-02	-3.3753424022e-02	-3.3753424022e-02	-3.3753424022e-02	-3.3753424022e-02	-3.1971371592e-02	-3.1971371592e-02	-3.1971371592e-02	-3.1971371592e-02	-2.8591797537e-02	-2.8591797537e-02	-2.8591797537e-02	-2.4121508033e-02	-2.3843031708e-02	-2.3843031708e-02	-2.3843031708e-02	-1.8160325437e-02	-1.8160325437e-02	-1.8160325437e-02	-1.8160325437e-02	-1.2194746975e-02	-1.2194746975e-02	-1.2194746975e-02	-7.1684407761e-03	-6.4768910714e-03	-6.4768910714e-03	-6.4768910714e-03	-6.4768910714e-03	4.8942479605e-03	4.8942479605e-03	4.8942479605e-03	4.8942479605e-03	1.0905751303e-02	1.0905751303e-02	1.0905751303e-02	1.5289662846e-02	1.6394607737e-02	1.6394607737e-02	1.6394607737e-02	2.1155453749e-02	2.1155453749e-02	2.1155453749e-02	2.4485059409e-02	2.4485059409e-02	2.6342725161e-02	2.6342725161e-02	2.6342725161e-02	3.1828586689e-02	3.2928680372e-02	3.2928680372e-02	3.2928680372e-02	3.5442905807e-02	3.6721913141e-02	3.6721913141e-02	3.8805227237e-02	4.0151238778e-02	4.0151238778e-02	4.0151238778e-02	4.1773612190e-02	4.3120283276e-02	4.3120283276e-02	4.5411507536e-02	4.5411507536e-02	4.6996220040e-02	4.6996220040e-02	4.6996220040e-02	4.9935542937e-02	5.1490319746e-02	
169	0.0	9.7778359857e-03	1.3709014085e-02	4.7231456267e-03	4.7231456267e-03	4.7231456267e-03	4.7231456267e-03	-2.5200471024e-03	-2.5200471024e-03	-2.5200471024e-03	-2.5200471024e-03	-1.3967257710e-02	-1.3967257710e-02	-1.3967257710e-02	-1.3967257710e-02	-1.9993094020e-02	-1.9993094020e-02	-1.9993094020e-02	-1.9993094020e-02	-2.5241342326e-02	-2.5241342326e-02	-2.5241342326e-02	-2.5829879056e-02	-2.9453422664e-02	-2.9453422664e-02	-2.9453422664e-02	-3.2396020066e-02	-3.2396020066e-02	-3.2396020066e-02	-3.2396020066e-02	-3.3878505486e-02	-3.3878505486e-02	-3.3878505486e-02	-3.3878505486e-02	-3.3755339685e-02	-3.3755339685e-02	-3.3755339685e-02	-3.3755339685e-02	-3.1973240621e-02	-3.1973240621e-02	-3.1973240621e-02	-3.1973240621e-02	-2.8593570158e-02	-2.8593570158e-02	-2.8593570158e-02	-2.4123126339e-02	-2.3844645063e-02	-2.3844645063e-02	-2.3844645063e-02	-1.8161702613e-02	-1.8161702613e-02	-1.8161702613e-02	-1.8161702613e-02	-1.2195836195e-02	-1.2195836195e-02	-1.2195836195e-02	-7.1692673891e-03	-6.4777043752e-03	-6.4777043752e-03	-6.4777043752e-03	-6.4777043752e-03	4.8940393998e-03	4.8940393998e-03	4.8940393998e-03	4.8940393998e-03	1.0905856705e-02	1.0905856705e-02	1.0905856705e-02	1.5290045285e-02	1.6395012232e-02	1.6395012232e-02	1.6395012232e-02	2.1156126639e-02	2.1156126639e-02	2.1156126639e-02	2.4485962559e-02	2.4485962559e-02	2.6343670548e-02	2.6343670548e-02	2.6343670548e-02	3.1829841706e-02	3.2929961646e-02	3.2929961646e-02	3.2929961646e-02	3.5444318526e-02	3.6723355271e-02	3.6723355271e-02	3.8806764600e-02	4.0152808806e-02	4.0152808806e-02	4.0152808806e-02	4.1775247373e-02	4.3121955804e-02	4.3121955804e-02	4.5413230844e-02	4.5413230844e-02	4.6997998275e-02	4.6997998275e-02	4.6997998275e-02	4.9937203531e-02	5.1492049717e-02	
170	0.0	9.7774199463e-03	1.3708667822e-02	4.7223468464e-03	4.7223468464e-03	4.7223468464e-03	4.7223468464e-03	-2.5211339697e-03	-2.5211339697e-03	-2.5211339697e-03	-2.5211339697e-03	-1.3968737314e-02	-1.3968737314e-02	-1.3968737314e-02	-1.3968737314e-02	-1.9994738550e-02	-1.9994738550e-02	-1.9994738550e-02	-1.9994738550e-02	-2.5243128112e-02	-2.5243128112e-02	-2.5243128112e-02	-2.5831683206e-02	-2.9455318195e-02	-2.9455318195e-02	-2.9455318195e-02	-3.2397991419e-02	-3.2397991419e-02	-3.2397991419e-02	-3.2397991419e-02	-3.3880515897e-02	-3.3880515897e-02	-3.3880515897e-02	-3.3880515897e-02	-3.3757348499e-02	-3.3757348499e-02	-3.3757348499e-02	-3.3757348499e-02	-3.1975203430e-02	-3.1975203430e-02	-3.1975203430e-02	-3.1975203430e-02	-2.8595437950e-02	-2.8595437950e-02	-2.8595437950e-02	-2.4124843416e-02	-2.3846356890e-02	-2.3846356890e-02	-2.3846356890e-02	-1.8163184468e-02	-1.8163184468e-02	-1.8163184468e-02	-1.8163184468e-02	-1.2197037924e-02	-1.2197037924e-02	-1.2197037924e-02	-7.1702137643e-03	-6.4786367795e-03	-6.4786367795e-03	-6.4786367795e-03	-6.4786367795e-03	4.8936917844e-03	4.8936917844e-03	4.8936917844e-03	4.8936917844e-03	1.0905815606e-02	1.0905815606e-02	1.0905815606e-02	1.5290275380e-02	1.6395265280e-02	1.6395265280e-02	1.6395265280e-02	2.1156644642e-02	2.1156644642e-02	2.1156644642e-02	2.4486707340e-02	2.4486707340e-02	2.6344458541e-02	2.6344458541e-02	2.6344458541e-02	3.1830935117e-02	3.2931082529e-02	3.2931082529e-02	3.2931082529e-02	3.5445571281e-02	3.6724638851e-02	3.6724638851e-02	3.8808145764e-02	4.0154224149e-02	4.0154224149e-02	4.0154224149e-02	4.1776730639e-02	4.3123477973e-02	4.3123477973e-02	4.5414807752e-02	4.5414807752e-02	4.6999631869e-02	4.6999631869e-02	4.6999631869e-02	4.9938728200e-02	5.1493645293e-02	
171	0.0	9.7769750904e-03	1.3708299147e-02	4.7214983157e-03	4.7214983157e-03	4.7214983157e-03	4.7214983157e-03	-2.5222861504e-03	-2.5222861504e-03	-2.5222861504e-03	-2.5222861504e-03	-1.3970300569e-02	-1.3970300569e-02	-1.3970300569e-02	-1.3970300569e-02	-1.9996470308e-02	-1.9996470308e-02	-1.9996470308e-02	-1.9996470308e-02	-2.5245004229e-02	-2.5245004229e-02	-2.5245004229e-02	-2.5833578706e-02	-2.9457306188e-02	-2.9457306188e-02	-2.9457306188e-02	-3.2400056527e-02	-3.2400056527e-02	-3.2400056527e-02	-3.2400056527e-02	-3.3882620778e-02	-3.3882620778e-02	-3.3882620778e-02	-3.3882620778e-02	-3.3759452204e-02	-3.3759452204e-02	-3.3759452204e-02	-3.3759452204e-02	-3.1977261663e-02	-3.1977261663e-02	-3.1977261663e-02	-3.1977261663e-02	-2.8597402403e-02	-2.8597402403e-02	-2.8597402403e-02	-2.4126660577e-02	-2.3848168515e-02	-2.3848168515e-02	-2.3848168515e-02	-1.8164772269e-02	-1.8164772269e-02	-1.8164772269e-02	-1.8164772269e-02	-1.2198353606e-02	-1.2198353606e-02	-1.2198353606e-02	-7.1712817060e-03	-6.4796901072e-03	-6.4796901072e-03	-6.4796901072e-03	-6.4796901072e-03	4.8932030740e-03	4.8932030740e-03	4.8932030740e-03	4.8932030740e-03	1.0905625355e-02	1.0905625355e-02	1.0905625355e-02	1.5290349450e-02	1.6395363180e-02	1.6395363180e-02	1.6395363180e-02	2.1157002893e-02	2.1157002893e-02	2.1157002893e-02	2.4487287699e-02	2.4487287699e-02	2.6345083142e-02	2.6345083142e-02	2.6345083142e-02	3.1831859209e-02	3.2932034994e-02	3.2932034994e-02	3.2932034994e-02	3.5446654959e-02	3.6725754393e-02	3.6725754393e-02	3.8809360111e-02	4.0155473755e-02	4.0155473755e-02	4.0155473755e-02	4.1778050030e-02	4.3124837320e-02	4.3124837320e-02	4.5416225273e-02	4.5416225273e-02	4.7001107133e-02	4.7001107133e-02	4.7001107133e-02	4.9940103623e-02	5.1495092305e-02	
172	0.0	9.7764985344e-03	1.3707904875e-02	4.7205950518e-03	4.7205950518e-03	4.7205950518e-03	4.7205950518e-03	-2.5235096692e-03	-2.5235096692e-03	-2.5235096692e-03	-2.5235096692e-03	-1.3971954809e-02	-1.3971954809e-02	-1.3971954809e-02	-1.3971954809e-02	-1.9998296955e-02	-1.9998296955e-02	-1.9998296955e-02	-1.9998296955e-02	-2.5246978629e-02	-2.5246978629e-02	-2.5246978629e-02	-2.5835573416e-02	-2.9459394805e-02	-2.9459394805e-02	-2.9459394805e-02	-3.2402223704e-02	-3.2402223704e-02	-3.2402223704e-02	-3.2402223704e-02	-3.3884828491e-02	-3.3884828491e-02	-3.3884828491e-02	-3.3884828491e-02	-3.3761659086e-02	-3.3761659086e-02	-3.3761659086e-02	-3.3761659086e-02	-3.1979423368e-02	-3.1979423368e-02	-3.1979423368e-02	-3.1979423368e-02	-2.8599471162e-02	-2.8599471162e-02	-2.8599471162e-02	-2.4128584897e-02	-2.3850087033e-02	-2.3850087033e-02	-2.3850087033e-02	-1.8166472522e-02	-1.8166472522e-02	-1.8166472522e-02	-1.8166472522e-02	-1.2199789266e-02	-1.2199789266e-02	-1.2199789266e-02	-7.1724768080e-03	-6.4808699983e-03	-6.4808699983e-03	-6.4808699983e-03	-6.4808699983e-03	4.8925690558e-03	4.8925690558e-03	4.8925690558e-03	4.8925690558e-03	1.0905282275e-02	1.0905282275e-02	1.0905282275e-02	1.5290264209e-02	1.6395302593e-02	1.6395302593e-02	1.6395302593e-02	2.1157198268e-02	2.1157198268e-02	2.1157198268e-02	2.4487700750e-02	2.4487700750e-02	2.6345541496e-02	2.6345541496e-02	2.6345541496e-02	3.1832611772e-02	3.2932816581e-02	3.2932816581e-02	3.2932816581e-02	3.5447567245e-02	3.6726699322e-02	3.6726699322e-02	3.8810405068e-02	4.0156554788e-02	4.0156554788e-02	4.0156554788e-02	4.1779202568e-02	4.3126030604e-02	4.3126030604e-02	4.5417479701e-02	4.5417479701e-02	4.7002420030e-02	4.7002420030e-02	4.7002420030e-02	4.9941325212e-02	5.1496385802e-02	
173	0.0	9.7759920680e-03	1.3707487087e-02	4.7196402978e-03	4.7196402978e-03	4.7196402978e-03	4.7196402978e-03	-2.5248006722e-03	-2.5248006722e-03	-2.5248006722e-03	-2.5248006722e-03	-1.3973695612e-02	-1.3973695612e-02	-1.3973695612e-02	-1.3973695612e-02	-2.0000213718e-02	-2.0000213718e-02	-2.0000213718e-02	-2.0000213718e-02	-2.5249046292e-02	-2.5249046292e-02	-2.5249046292e-02	-2.5837662294e-02	-2.9461578852e-02	-2.9461578852e-02	-2.9461578852e-02	-3.2404487640e-02	-3.2404487640e-02	-3.2404487640e-02	-3.2404487640e-02	-3.3887133667e-02	-3.3887133667e-02	-3.3887133667e-02	-3.3887133667e-02	-3.3763963743e-02	-3.3763963743e-02	-3.3763963743e-02	-3.3763963743e-02	-3.1981683131e-02	-3.1981683131e-02	-3.1981683131e-02	-3.1981683131e-02	-2.8601638807e-02	-2.8601638807e-02	-2.8601638807e-02	-2.4130610959e-02	-2.3852107037e-02	-2.3852107037e-02	-2.3852107037e-02	-1.8168279936e-02	-1.8168279936e-02	-1.8168279936e-02	-1.8168279936e-02	-1.2201339931e-02	-1.2201339931e-02	-1.2201339931e-02	-7.1737946052e-03	-6.4821720032e-03	-6.4821720032e-03	-6.4821720032e-03	-6.4821720032e-03	4.8917936215e-03	4.8917936215e-03	4.8917936215e-03	4.8917936215e-03	1.0904789446e-02	1.0904789446e-02	1.0904789446e-02	1.5290021499e-02	1.6395085350e-02	1.6395085350e-02	1.6395085350e-02	2.1157231251e-02	2.1157231251e-02	2.1157231251e-02	2.4487945563e-02	2.4487945563e-02	2.6345832739e-02	2.6345832739e-02	2.6345832739e-02	3.1833189657e-02	3.2933423874e-02	3.2933423874e-02	3.2933423874e-02	3.5448303321e-02	3.6727468479e-02	3.6727468479e-02	3.8811274023e-02	4.0157460244e-02	4.0157460244e-02	4.0157460244e-02	4.1780180083e-02	4.3127049195e-02	4.3127049195e-02	4.5418561593e-02	4.5418561593e-02	4.7003560468e-02	4.7003560468e-02	4.7003560468e-02	4.9942382814e-02	5.1497514839e-02	
174	0.0	9.7754538580e-03	1.3707043507e-02	4.7186308497e-03	4.7186308497e-03	4.7186308497e-03	4.7186308497e-03	-2.5261628997e-03	-2.5261628997e-03	-2.5261628997e-03	-2.5261628997e-03	-1.3975527394e-02	-1.3975527394e-02	-1.3975527394e-02	-1.3975527394e-02	-2.0002225211e-02	-2.0002225211e-02	-2.0002225211e-02	-2.0002225211e-02	-2.5251212002e-02	-2.5251212002e-02	-2.5251212002e-02	-2.5839850019e-02	-2.9463863233e-02	-2.9463863233e-02	-2.9463863233e-02	-3.2406853329e-02	-3.2406853329e-02	-3.2406853329e-02	-3.2406853329e-02	-3.3889541320e-02	-3.3889541320e-02	-3.3889541320e-02	-3.3889541320e-02	-3.3766371118e-02	-3.3766371118e-02	-3.3766371118e-02	-3.3766371118e-02	-3.1984045697e-02	-3.1984045697e-02	-3.1984045697e-02	-3.1984045697e-02	-2.8603909743e-02	-2.8603909743e-02	-2.8603909743e-02	-2.4132742658e-02	-2.3854232448e-02	-2.3854232448e-02	-2.3854232448e-02	-1.8170197867e-02	-1.8170197867e-02	-1.8170197867e-02	-1.8170197867e-02	-1.2203008443e-02	-1.2203008443e-02	-1.2203008443e-02	-7.1752374557e-03	-6.4835985315e-03	-6.4835985315e-03	-6.4835985315e-03	-6.4835985315e-03	4.8908758621e-03	4.8908758621e-03	4.8908758621e-03	4.8908758621e-03	1.0904146560e-02	1.0904146560e-02	1.0904146560e-02	1.5289621522e-02	1.6394711590e-02	1.6394711590e-02	1.6394711590e-02	2.1157102328e-02	2.1157102328e-02	2.1157102328e-02	2.4488023002e-02	2.4488023002e-02	2.6345957738e-02	2.6345957738e-02	2.6345957738e-02	3.1833594570e-02	3.2933858367e-02	3.2933858367e-02	3.2933858367e-02	3.5448864976e-02	3.6728063439e-02	3.6728063439e-02	3.8811968739e-02	4.0158191670e-02	4.0158191670e-02	4.0158191670e-02	4.1780984190e-02	4.3127894493e-02	4.3127894493e-02	4.5419472168e-02	4.5419472168e-02	4.7004529398e-02	4.7004529398e-02	4.7004529398e-02	4.9943277255e-02	5.1498479943e-02	
175	0.0	9.7748861414e-03	1.3706576530e-02	4.7175708695e-03	4.7175708695e-03	4.7175708695e-03	4.7175708695e-03	-2.5275911838e-03	-2.5275911838e-03	-2.5275911838e-03	-2.5275911838e-03	-1.3977443868e-02	-1.3977443868e-02	-1.3977443868e-02	-1.3977443868e-02	-2.0004324659e-02	-2.0004324659e-02	-2.0004324659e-02	-2.0004324659e-02	-2.5253468613e-02	-2.5253468613e-02	-2.5253468613e-02	-2.5842129446e-02	-2.9466240533e-02	-2.9466240533e-02	-2.9466240533e-02	-3.2409313192e-02	-3.2409313192e-02	-3.2409313192e-02	-3.2409313192e-02	-3.3892043797e-02	-3.3892043797e-02	-3.3892043797e-02	-3.3892043797e-02	-3.3768873550e-02	-3.3768873550e-02	-3.3768873550e-02	-3.3768873550e-02	-3.1986503453e-02	-3.1986503453e-02	-3.1986503453e-02	-3.1986503453e-02	-2.8606276440e-02	-2.8606276440e-02	-2.8606276440e-02	-2.4134972574e-02	-2.3856455845e-02	-2.3856455845e-02	-2.3856455845e-02	-1.8172219072e-02	-1.8172219072e-02	-1.8172219072e-02	-1.8172219072e-02	-1.2204787901e-02	-1.2204787901e-02	-1.2204787901e-02	-7.1767989982e-03	-6.4851432118e-03	-6.4851432118e-03	-6.4851432118e-03	-6.4851432118e-03	4.8898216015e-03	4.8898216015e-03	4.8898216015e-03	4.8898216015e-03	1.0903358681e-02	1.0903358681e-02	1.0903358681e-02	1.5289068153e-02	1.6394185226e-02	1.6394185226e-02	1.6394185226e-02	2.1156814167e-02	2.1156814167e-02	2.1156814167e-02	2.4487934357e-02	2.4487934357e-02	2.6345917946e-02	2.6345917946e-02	2.6345917946e-02	3.1833825569e-02	3.2934119013e-02	3.2934119013e-02	3.2934119013e-02	3.5449249625e-02	3.6728481487e-02	3.6728481487e-02	3.8812484819e-02	4.0158744537e-02	4.0158744537e-02	4.0158744537e-02	4.1781608846e-02	4.3128560321e-02	4.3128560321e-02	4.5420203389e-02	4.5420203389e-02	4.7005318615e-02	4.7005318615e-02	4.7005318615e-02	4.9943997730e-02	5.1499270153e-02	
176	0.0	9.7742889422e-03	1.3706085615e-02	4.7164604242e-03	4.7164604242e-03	4.7164604242e-03	4.7164604242e-03	-2.5290850720e-03	-2.5290850720e-03	-2.5290850720e-03	-2.5290850720e-03	-1.3979444104e-02	-1.3979444104e-02	-1.3979444104e-02	-1.3979444104e-02	-2.0006510880e-02	-2.0006510880e-02	-2.0006510880e-02	-2.0006510880e-02	-2.5255814720e-02	-2.5255814720e-02	-2.5255814720e-02	-2.5844498988e-02	-2.9468709167e-02	-2.9468709167e-02	-2.9468709167e-02	-3.2411865508e-02	-3.2411865508e-02	-3.2411865508e-02	-3.2411865508e-02	-3.3894639272e-02	-3.3894639272e-02	-3.3894639272e-02	-3.3894639272e-02	-3.3771469122e-02	-3.3771469122e-02	-3.3771469122e-02	-3.3771469122e-02	-3.1989054392e-02	-3.1989054392e-02	-3.1989054392e-02	-3.1989054392e-02	-2.8608736784e-02	-2.8608736784e-02	-2.8608736784e-02	-2.4137298402e-02	-2.3858774981e-02	-2.3858774981e-02	-2.3858774981e-02	-1.8174341175e-02	-1.8174341175e-02	-1.8174341175e-02	-1.8174341175e-02	-1.2206675906e-02	-1.2206675906e-02	-1.2206675906e-02	-7.1784768270e-03	-6.4868037748e-03	-6.4868037748e-03	-6.4868037748e-03	-6.4868037748e-03	4.8886334693e-03	4.8886334693e-03	4.8886334693e-03	4.8886334693e-03	1.0902428214e-02	1.0902428214e-02	1.0902428214e-02	1.5288363470e-02	1.6393508135e-02	1.6393508135e-02	1.6393508135e-02	2.1156368033e-02	2.1156368033e-02	2.1156368033e-02	2.4487680414e-02	2.4487680414e-02	2.6345713898e-02	2.6345713898e-02	2.6345713898e-02	3.1833882418e-02	3.2934205228e-02	3.2934205228e-02	3.2934205228e-02	3.5449456092e-02	3.6728721060e-02	3.6728721060e-02	3.8812820006e-02	4.0159116190e-02	4.0159116190e-02	4.0159116190e-02	4.1782050750e-02	4.3129042974e-02	4.3129042974e-02	4.5420750692e-02	4.5420750692e-02	4.7005923054e-02	4.7005923054e-02	4.7005923054e-02	4.9944538116e-02	5.1499878838e-02	
177	0.0	9.7736656895e-03	1.3705574115e-02	4.7153050569e-03	4.7153050569e-03	4.7153050569e-03	4.7153050569e-03	-2.5306378500e-03	-2.5306378500e-03	-2.5306378500e-03	-2.5306378500e-03	-1.3981520120e-02	-1.3981520120e-02	-1.3981520120e-02	-1.3981520120e-02	-2.0008775564e-02	-2.0008775564e-02	-2.0008775564e-02	-2.0008775564e-02	-2.5258241796e-02	-2.5258241796e-02	-2.5258241796e-02	-2.5846950088e-02	-2.9471260484e-02	-2.9471260484e-02	-2.9471260484e-02	-3.2414501580e-02	-3.2414501580e-02	-3.2414501580e-02	-3.2414501580e-02	-3.3897319033e-02	-3.3897319033e-02	-3.3897319033e-02	-3.3897319033e-02	-3.3774149104e-02	-3.3774149104e-02	-3.3774149104e-02	-3.3774149104e-02	-3.1991689715e-02	-3.1991689715e-02	-3.1991689715e-02	-3.1991689715e-02	-2.8611281823e-02	-2.8611281823e-02	-2.8611281823e-02	-2.4139710918e-02	-2.3861180631e-02	-2.3861180631e-02	-2.3861180631e-02	-1.8176554579e-02	-1.8176554579e-02	-1.8176554579e-02	-1.8176554579e-02	-1.2208662474e-02	-1.2208662474e-02	-1.2208662474e-02	-7.1802606380e-03	-6.4885699011e-03	-6.4885699011e-03	-6.4885699011e-03	-6.4885699011e-03	4.8873230590e-03	4.8873230590e-03	4.8873230590e-03	4.8873230590e-03	1.0901367292e-02	1.0901367292e-02	1.0901367292e-02	1.5287519990e-02	1.6392692875e-02	1.6392692875e-02	1.6392692875e-02	2.1155776854e-02	2.1155776854e-02	2.1155776854e-02	2.4487274428e-02	2.4487274428e-02	2.6345358999e-02	2.6345358999e-02	2.6345358999e-02	3.1833779323e-02	3.2934131169e-02	3.2934131169e-02	3.2934131169e-02	3.5449498917e-02	3.6728796633e-02	3.6728796633e-02	3.8812989152e-02	4.0159321411e-02	4.0159321411e-02	4.0159321411e-02	4.1782325060e-02	4.3129357524e-02	4.3129357524e-02	4.5421129802e-02	4.5421129802e-02	4.7006358281e-02	4.7006358281e-02	4.7006358281e-02	4.9944915576e-02	5.1500322897e-02	
178	0.0	9.7730143579e-03	1.3705039597e-02	4.7141020390e-03	4.7141020390e-03	4.7141020390e-03	4.7141020390e-03	-2.5322523584e-03	-2.5322523584e-03	-2.5322523584e-03	-2.5322523584e-03	-1.3983674828e-02	-1.3983674828e-02	-1.3983674828e-02	-1.3983674828e-02	-2.0011121800e-02	-2.0011121800e-02	-2.0011121800e-02	-2.0011121800e-02	-2.5260753032e-02	-2.5260753032e-02	-2.5260753032e-02	-2.5849485910e-02	-2.9473897734e-02	-2.9473897734e-02	-2.9473897734e-02	-3.2417224691e-02	-3.2417224691e-02	-3.2417224691e-02	-3.2417224691e-02	-3.3900086375e-02	-3.3900086375e-02	-3.3900086375e-02	-3.3900086375e-02	-3.3776916764e-02	-3.3776916764e-02	-3.3776916764e-02	-3.3776916764e-02	-3.1994412618e-02	-3.1994412618e-02	-3.1994412618e-02	-3.1994412618e-02	-2.8613914606e-02	-2.8613914606e-02	-2.8613914606e-02	-2.4142212906e-02	-2.3863675586e-02	-2.3863675586e-02	-2.3863675586e-02	-1.8178861710e-02	-1.8178861710e-02	-1.8178861710e-02	-1.8178861710e-02	-1.2210749656e-02	-1.2210749656e-02	-1.2210749656e-02	-7.1821521580e-03	-6.4904433358e-03	-6.4904433358e-03	-6.4904433358e-03	-6.4904433358e-03	4.8858896577e-03	4.8858896577e-03	4.8858896577e-03	4.8858896577e-03	1.0900175551e-02	1.0900175551e-02	1.0900175551e-02	1.5286537552e-02	1.6391739260e-02	1.6391739260e-02	1.6391739260e-02	2.1155040538e-02	2.1155040538e-02	2.1155040538e-02	2.4486716378e-02	2.4486716378e-02	2.6344853238e-02	2.6344853238e-02	2.6344853238e-02	3.1833516434e-02	3.2933896862e-02	3.2933896862e-02	3.2933896862e-02	3.5449378098e-02	3.6728708052e-02	3.6728708052e-02	3.8812992017e-02	4.0159359787e-02	4.0159359787e-02	4.0159359787e-02	4.1782431283e-02	4.3129503284e-02	4.3129503284e-02	4.5421339988e-02	4.5421339988e-02	4.7006623284e-02	4.7006623284e-02	4.7006623284e-02	4.9945129375e-02	5.1500601242e-02	
179	0.0	9.7723378214e-03	1.3704484440e-02	4.7128568689e-03	4.7128568689e-03	4.7128568689e-03	4.7128568689e-03	-2.5339212864e-03	-2.5339212864e-03	-2.5339212864e-03	-2.5339212864e-03	-1.3985898787e-02	-1.3985898787e-02	-1.3985898787e-02	-1.3985898787e-02	-2.0013539374e-02	-2.0013539374e-02	-2.0013539374e-02	-2.0013539374e-02	-2.5263337616e-02	-2.5263337616e-02	-2.5263337616e-02	-2.5852095527e-02	-2.9476609690e-02	-2.9476609690e-02	-2.9476609690e-02	-3.2420023358e-02	-3.2420023358e-02	-3.2420023358e-02	-3.2420023358e-02	-3.3902929682e-02	-3.3902929682e-02	-3.3902929682e-02	-3.3902929682e-02	-3.3779760447e-02	-3.3779760447e-02	-3.3779760447e-02	-3.3779760447e-02	-3.1997211466e-02	-3.1997211466e-02	-3.1997211466e-02	-3.1997211466e-02	-2.8616623540e-02	-2.8616623540e-02	-2.8616623540e-02	-2.4144792746e-02	-2.3866248258e-02	-2.3866248258e-02	-2.3866248258e-02	-1.8181250918e-02	-1.8181250918e-02	-1.8181250918e-02	-1.8181250918e-02	-1.2212925738e-02	-1.2212925738e-02	-1.2212925738e-02	-7.1841396315e-03	-6.4924123922e-03	-6.4924123922e-03	-6.4924123922e-03	-6.4924123922e-03	4.8843454459e-03	4.8843454459e-03	4.8843454459e-03	4.8843454459e-03	1.0898865155e-02	1.0898865155e-02	1.0898865155e-02	1.5285428201e-02	1.6390659241e-02	1.6390659241e-02	1.6390659241e-02	2.1154170760e-02	2.1154170760e-02	2.1154170760e-02	2.4486017711e-02	2.4486017711e-02	2.6344207962e-02	2.6344207962e-02	2.6344207962e-02	3.1833104735e-02	3.2933513125e-02	3.2933513125e-02	3.2933513125e-02	3.5449104117e-02	3.6728465617e-02	3.6728465617e-02	3.8812838485e-02	4.0159241017e-02	4.0159241017e-02	4.0159241017e-02	4.1782378726e-02	4.3129489371e-02	4.3129489371e-02	4.5421389825e-02	4.5421389825e-02	4.7006726410e-02	4.7006726410e-02	4.7006726410e-02	4.9945187098e-02	5.1500721232e-02	
180	0.0	9.7716386019e-03	1.3703910822e-02	4.7115737557e-03	4.7115737557e-03	4.7115737557e-03	4.7115737557e-03	-2.5356393029e-03	-2.5356393029e-03	-2.5356393029e-03	-2.5356393029e-03	-1.3988185390e-02	-1.3988185390e-02	-1.3988185390e-02	-1.3988185390e-02	-2.0016021392e-02	-2.0016021392e-02	-2.0016021392e-02	-2.0016021392e-02	-2.5265988409e-02	-2.5265988409e-02	-2.5265988409e-02	-2.5854771729e-02	-2.9479389032e-02	-2.9479389032e-02	-2.9479389032e-02	-3.2422890144e-02	-3.2422890144e-02	-3.2422890144e-02	-3.2422890144e-02	-3.3905841448e-02	-3.3905841448e-02	-3.3905841448e-02	-3.3905841448e-02	-3.3782672616e-02	-3.3782672616e-02	-3.3782672616e-02	-3.3782672616e-02	-3.2000078698e-02	-3.2000078698e-02	-3.2000078698e-02	-3.2000078698e-02	-2.8619401018e-02	-2.8619401018e-02	-2.8619401018e-02	-2.4147442682e-02	-2.3868890915e-02	-2.3868890915e-02	-2.3868890915e-02	-1.8183714229e-02	-1.8183714229e-02	-1.8183714229e-02	-1.8183714229e-02	-1.2215182462e-02	-1.2215182462e-02	-1.2215182462e-02	-7.1862145391e-03	-6.4944686052e-03	-6.4944686052e-03	-6.4944686052e-03	-6.4944686052e-03	4.8826997309e-03	4.8826997309e-03	4.8826997309e-03	4.8826997309e-03	1.0897445634e-02	1.0897445634e-02	1.0897445634e-02	1.5284201600e-02	1.6389462409e-02	1.6389462409e-02	1.6389462409e-02	2.1153177096e-02	2.1153177096e-02	2.1153177096e-02	2.4485188010e-02	2.4485188010e-02	2.6343432688e-02	2.6343432688e-02	2.6343432688e-02	3.1832553748e-02	3.2932989360e-02	3.2932989360e-02	3.2932989360e-02	3.5448686255e-02	3.6728078470e-02	3.6728078470e-02	3.8812537501e-02	4.0158973903e-02	4.0158973903e-02	4.0158973903e-02	4.1782175994e-02	4.3129324243e-02	4.3129324243e-02	4.5421287495e-02	4.5421287495e-02	4.7006675645e-02	4.7006675645e-02	4.7006675645e-02	4.9945096406e-02	5.1500690322e-02	
181	0.0	9.7709192944e-03	1.3703320996e-02	4.7102570679e-03	4.7102570679e-03	4.7102570679e-03	4.7102570679e-03	-2.5374008294e-03	-2.5374008294e-03	-2.5374008294e-03	-2.5374008294e-03	-1.3990527611e-02	-1.3990527611e-02	-1.3990527611e-02	-1.3990527611e-02	-2.0018560470e-02	-2.0018560470e-02	-2.0018560470e-02	-2.0018560470e-02	-2.5268697713e-02	-2.5268697713e-02	-2.5268697713e-02	-2.5857506755e-02	-2.9482227831e-02	-2.9482227831e-02	-2.9482227831e-02	-3.2425816972e-02	-3.2425816972e-02	-3.2425816972e-02	-3.2425816972e-02	-3.3908813522e-02	-3.3908813522e-02	-3.3908813522e-02	-3.3908813522e-02	-3.3785645094e-02	-3.3785645094e-02	-3.3785645094e-02	-3.3785645094e-02	-3.2003006152e-02	-3.2003006152e-02	-3.2003006152e-02	-3.2003006152e-02	-2.8622238892e-02	-2.8622238892e-02	-2.8622238892e-02	-2.4150154503e-02	-2.3871595362e-02	-2.3871595362e-02	-2.3871595362e-02	-1.8186243284e-02	-1.8186243284e-02	-1.8186243284e-02	-1.8186243284e-02	-1.2217511254e-02	-1.2217511254e-02	-1.2217511254e-02	-7.1883681311e-03	-6.4966032578e-03	-6.4966032578e-03	-6.4966032578e-03	-6.4966032578e-03	4.8809619273e-03	4.8809619273e-03	4.8809619273e-03	4.8809619273e-03	1.0895926560e-02	1.0895926560e-02	1.0895926560e-02	1.5282867349e-02	1.6388158325e-02	1.6388158325e-02	1.6388158325e-02	2.1152069032e-02	2.1152069032e-02	2.1152069032e-02	2.4484236682e-02	2.4484236682e-02	2.6342536796e-02	2.6342536796e-02	2.6342536796e-02	3.1831872702e-02	3.2932334728e-02	3.2932334728e-02	3.2932334728e-02	3.5448133461e-02	3.6727555481e-02	3.6727555481e-02	3.8812097639e-02	4.0158566940e-02	4.0158566940e-02	4.0158566940e-02	4.1781831292e-02	4.3129016025e-02	4.3129016025e-02	4.5421040696e-02	4.5421040696e-02	4.7006478596e-02	4.7006478596e-02	4.7006478596e-02	4.9944864210e-02	5.1500515338e-02	
182	0.0	9.7701818240e-03	1.3702716366e-02	4.7089101397e-03	4.7089101397e-03	4.7089101397e-03	4.7089101397e-03	-2.5392013908e-03	-2.5392013908e-03	-2.5392013908e-03	-2.5392013908e-03	-1.3992919547e-02	-1.3992919547e-02	-1.3992919547e-02	-1.3992919547e-02	-2.0021150335e-02	-2.0021150335e-02	-2.0021150335e-02	-2.0021150335e-02	-2.5271458932e-02	-2.5271458932e-02	-2.5271458932e-02	-2.5860293918e-02	-2.9485119253e-02	-2.9485119253e-02	-2.9485119253e-02	-3.2428796855e-02	-3.2428796855e-02	-3.2428796855e-02	-3.2428796855e-02	-3.3911838831e-02	-3.3911838831e-02	-3.3911838831e-02	-3.3911838831e-02	-3.3788670783e-02	-3.3788670783e-02	-3.3788670783e-02	-3.3788670783e-02	-3.2005986729e-02	-3.2005986729e-02	-3.2005986729e-02	-3.2005986729e-02	-2.8625130056e-02	-2.8625130056e-02	-2.8625130056e-02	-2.4152920993e-02	-2.3874354408e-02	-2.3874354408e-02	-2.3874354408e-02	-1.8188830678e-02	-1.8188830678e-02	-1.8188830678e-02	-1.8188830678e-02	-1.2219904417e-02	-1.2219904417e-02	-1.2219904417e-02	-7.1905924168e-03	-6.4988084169e-03	-6.4988084169e-03	-6.4988084169e-03	-6.4988084169e-03	4.8791408548e-03	4.8791408548e-03	4.8791408548e-03	4.8791408548e-03	1.0894317046e-02	1.0894317046e-02	1.0894317046e-02	1.5281434814e-02	1.6386756272e-02	1.6386756272e-02	1.6386756272e-02	2.1150855958e-02	2.1150855958e-02	2.1150855958e-02	2.4483173266e-02	2.4483173266e-02	2.6341529726e-02	2.6341529726e-02	2.6341529726e-02	3.1831071278e-02	3.2931558820e-02	3.2931558820e-02	3.2931558820e-02	3.5447455332e-02	3.6726906148e-02	3.6726906148e-02	3.8811528326e-02	4.0158029457e-02	4.0158029457e-02	4.0158029457e-02	4.1781353846e-02	4.3128573847e-02	4.3128573847e-02	4.5420658340e-02	4.5420658340e-02	4.7006144057e-02	4.7006144057e-02	4.7006144057e-02	4.9944498901e-02	5.1500204564e-02	
183	0.0	9.7694296685e-03	1.3702100076e-02	4.7075389725e-03	4.7075389725e-03	4.7075389725e-03	4.7075389725e-03	-2.5410333586e-03	-2.5410333586e-03	-2.5410333586e-03	-2.5410333586e-03	-1.3995351635e-02	-1.3995351635e-02	-1.3995351635e-02	-1.3995351635e-02	-2.0023780931e-02	-2.0023780931e-02	-2.0023780931e-02	-2.0023780931e-02	-2.5274261601e-02	-2.5274261601e-02	-2.5274261601e-02	-2.5863122668e-02	-2.9488052545e-02	-2.9488052545e-02	-2.9488052545e-02	-3.2431818855e-02	-3.2431818855e-02	-3.2431818855e-02	-3.2431818855e-02	-3.3914906340e-02	-3.3914906340e-02	-3.3914906340e-02	-3.3914906340e-02	-3.3791738620e-02	-3.3791738620e-02	-3.3791738620e-02	-3.3791738620e-02	-3.2009009393e-02	-3.2009009393e-02	-3.2009009393e-02	-3.2009009393e-02	-2.8628063526e-02	-2.8628063526e-02	-2.8628063526e-02	-2.4155731155e-02	-2.3877157084e-02	-2.3877157084e-02	-2.3877157084e-02	-1.8191465350e-02	-1.8191465350e-02	-1.8191465350e-02	-1.8191465350e-02	-1.2222350737e-02	-1.2222350737e-02	-1.2222350737e-02	-7.1928760424e-03	-6.5010727947e-03	-6.5010727947e-03	-6.5010727947e-03	-6.5010727947e-03	4.8772482832e-03	4.8772482832e-03	4.8772482832e-03	4.8772482832e-03	1.0892628890e-02	1.0892628890e-02	1.0892628890e-02	1.5279915746e-02	1.6385267903e-02	1.6385267903e-02	1.6385267903e-02	2.1149549324e-02	2.1149549324e-02	2.1149549324e-02	2.4482009063e-02	2.4482009063e-02	2.6340422636e-02	2.6340422636e-02	2.6340422636e-02	3.1830160326e-02	3.2930672369e-02	3.2930672369e-02	3.2930672369e-02	3.5446662330e-02	3.6726140794e-02	3.6726140794e-02	3.8810839548e-02	4.0157371291e-02	4.0157371291e-02	4.0157371291e-02	4.1780753205e-02	4.3128007100e-02	4.3128007100e-02	4.5420149543e-02	4.5420149543e-02	4.7005680948e-02	4.7005680948e-02	4.7005680948e-02	4.9944009041e-02	5.1499766369e-02	
184	0.0	9.7686642758e-03	1.3701472906e-02	4.7061460509e-03	4.7061460509e-03	4.7061460509e-03	4.7061460509e-03	-2.5428932192e-03	-2.5428932192e-03	-2.5428932192e-03	-2.5428932192e-03	-1.3997819033e-02	-1.3997819033e-02	-1.3997819033e-02	-1.3997819033e-02	-2.0026447117e-02	-2.0026447117e-02	-2.0026447117e-02	-2.0026447117e-02	-2.5277100291e-02	-2.5277100291e-02	-2.5277100291e-02	-2.5865987475e-02	-2.9491022057e-02	-2.9491022057e-02	-2.9491022057e-02	-3.2434877172e-02	-3.2434877172e-02	-3.2434877172e-02	-3.2434877172e-02	-3.3918010166e-02	-3.3918010166e-02	-3.3918010166e-02	-3.3918010166e-02	-3.3794842696e-02	-3.3794842696e-02	-3.3794842696e-02	-3.3794842696e-02	-3.2012068244e-02	-3.2012068244e-02	-3.2012068244e-02	-3.2012068244e-02	-2.8631033406e-02	-2.8631033406e-02	-2.8631033406e-02	-2.4158579003e-02	-2.3879997426e-02	-2.3879997426e-02	-2.3879997426e-02	-1.8194141124e-02	-1.8194141124e-02	-1.8194141124e-02	-1.8194141124e-02	-1.2224843723e-02	-1.2224843723e-02	-1.2224843723e-02	-7.1952121818e-03	-6.5033896182e-03	-6.5033896182e-03	-6.5033896182e-03	-6.5033896182e-03	4.8752919286e-03	4.8752919286e-03	4.8752919286e-03	4.8752919286e-03	1.0890870199e-02	1.0890870199e-02	1.0890870199e-02	1.5278318641e-02	1.6383701640e-02	1.6383701640e-02	1.6383701640e-02	2.1148157822e-02	2.1148157822e-02	2.1148157822e-02	2.4480753087e-02	2.4480753087e-02	2.6339224436e-02	2.6339224436e-02	2.6339224436e-02	3.1829149304e-02	3.2929684784e-02	3.2929684784e-02	3.2929684784e-02	3.5445764058e-02	3.6725268969e-02	3.6725268969e-02	3.8810040980e-02	4.0156602068e-02	4.0156602068e-02	4.0156602068e-02	4.1780039062e-02	4.3127325437e-02	4.3127325437e-02	4.5419523907e-02	4.5419523907e-02	4.7005098833e-02	4.7005098833e-02	4.7005098833e-02	4.9943403907e-02	5.1499210016e-02	
185	0.0	9.7678890895e-03	1.3700838049e-02	4.7047375100e-03	4.7047375100e-03	4.7047375100e-03	4.7047375100e-03	-2.5447731349e-03	-2.5447731349e-03	-2.5447731349e-03	-2.5447731349e-03	-1.4000311841e-02	-1.4000311841e-02	-1.4000311841e-02	-1.4000311841e-02	-2.0029138464e-02	-2.0029138464e-02	-2.0029138464e-02	-2.0029138464e-02	-2.5279964141e-02	-2.5279964141e-02	-2.5279964141e-02	-2.5868877465e-02	-2.9494016632e-02	-2.9494016632e-02	-2.9494016632e-02	-3.2437960471e-02	-3.2437960471e-02	-3.2437960471e-02	-3.2437960471e-02	-3.3921138900e-02	-3.3921138900e-02	-3.3921138900e-02	-3.3921138900e-02	-3.3797971613e-02	-3.3797971613e-02	-3.3797971613e-02	-3.3797971613e-02	-3.2015151958e-02	-3.2015151958e-02	-3.2015151958e-02	-3.2015151958e-02	-2.8634028477e-02	-2.8634028477e-02	-2.8634028477e-02	-2.4161453370e-02	-2.3882864272e-02	-2.3882864272e-02	-2.3882864272e-02	-1.8196846778e-02	-1.8196846778e-02	-1.8196846778e-02	-1.8196846778e-02	-1.2227372008e-02	-1.2227372008e-02	-1.2227372008e-02	-7.1975893524e-03	-6.5057474142e-03	-6.5057474142e-03	-6.5057474142e-03	-6.5057474142e-03	4.8732837539e-03	4.8732837539e-03	4.8732837539e-03	4.8732837539e-03	1.0889053069e-02	1.0889053069e-02	1.0889053069e-02	1.5276655634e-02	1.6382069607e-02	1.6382069607e-02	1.6382069607e-02	2.1146693557e-02	2.1146693557e-02	2.1146693557e-02	2.4479417398e-02	2.4479417398e-02	2.6337947183e-02	2.6337947183e-02	2.6337947183e-02	3.1828050108e-02	3.2928607992e-02	3.2928607992e-02	3.2928607992e-02	3.5444772231e-02	3.6724302423e-02	3.6724302423e-02	3.8809144074e-02	4.0155733284e-02	4.0155733284e-02	4.0155733284e-02	4.1779222607e-02	4.3126540102e-02	4.3126540102e-02	4.5418792204e-02	4.5418792204e-02	4.7004408569e-02	4.7004408569e-02	4.7004408569e-02	4.9942693380e-02	5.1498545513e-02	
186	0.0	9.7671060546e-03	1.3700196807e-02	4.7033167360e-03	4.7033167360e-03	4.7033167360e-03	4.7033167360e-03	-2.5466684914e-03	-2.5466684914e-03	-2.5466684914e-03	-2.5466684914e-03	-1.4002823908e-02	-1.4002823908e-02	-1.4002823908e-02	-1.4002823908e-02	-2.0031848467e-02	-2.0031848467e-02	-2.0031848467e-02	-2.0031848467e-02	-2.5282846323e-02	-2.5282846323e-02	-2.5282846323e-02	-2.5871785691e-02	-2.9497029202e-02	-2.9497029202e-02	-2.9497029202e-02	-3.2441061521e-02	-3.2441061521e-02	-3.2441061521e-02	-3.2441061521e-02	-3.3924285213e-02	-3.3924285213e-02	-3.3924285213e-02	-3.3924285213e-02	-3.3801118004e-02	-3.3801118004e-02	-3.3801118004e-02	-3.3801118004e-02	-3.2018253175e-02	-3.2018253175e-02	-3.2018253175e-02	-3.2018253175e-02	-2.8637041395e-02	-2.8637041395e-02	-2.8637041395e-02	-2.4164346836e-02	-2.3885750236e-02	-2.3885750236e-02	-2.3885750236e-02	-1.8199574740e-02	-1.8199574740e-02	-1.8199574740e-02	-1.8199574740e-02	-1.2229927721e-02	-1.2229927721e-02	-1.2229927721e-02	-7.1999993343e-03	-6.5081380484e-03	-6.5081380484e-03	-6.5081380484e-03	-6.5081380484e-03	4.8712326803e-03	4.8712326803e-03	4.8712326803e-03	4.8712326803e-03	1.0887186726e-02	1.0887186726e-02	1.0887186726e-02	1.5274936318e-02	1.6380381267e-02	1.6380381267e-02	1.6380381267e-02	2.1145166177e-02	2.1145166177e-02	2.1145166177e-02	2.4478011934e-02	2.4478011934e-02	2.6336600600e-02	2.6336600600e-02	2.6336600600e-02	3.1826872884e-02	3.2927452035e-02	3.2927452035e-02	3.2927452035e-02	3.5443697029e-02	3.6723251216e-02	3.6723251216e-02	3.8808158965e-02	4.0154774950e-02	4.0154774950e-02	4.0154774950e-02	4.1778313898e-02	4.3125661024e-02	4.3125661024e-02	4.5417964408e-02	4.5417964408e-02	4.7003619977e-02	4.7003619977e-02	4.7003619977e-02	4.9941887244e-02	5.1497782503e-02	
187	0.0	9.7663175327e-03	1.3699551035e-02	4.7018878610e-03	4.7018878610e-03	4.7018878610e-03	4.7018878610e-03	-2.5485738219e-03	-2.5485738219e-03	-2.5485738219e-03	-2.5485738219e-03	-1.4005348108e-02	-1.4005348108e-02	-1.4005348108e-02	-1.4005348108e-02	-2.0034569618e-02	-2.0034569618e-02	-2.0034569618e-02	-2.0034569618e-02	-2.5285738989e-02	-2.5285738989e-02	-2.5285738989e-02	-2.5874704226e-02	-2.9500051668e-02	-2.9500051668e-02	-2.9500051668e-02	-3.2444172058e-02	-3.2444172058e-02	-3.2444172058e-02	-3.2444172058e-02	-3.3927440756e-02	-3.3927440756e-02	-3.3927440756e-02	-3.3927440756e-02	-3.3804273506e-02	-3.3804273506e-02	-3.3804273506e-02	-3.3804273506e-02	-3.2021363568e-02	-3.2021363568e-02	-3.2021363568e-02	-3.2021363568e-02	-2.8640063889e-02	-2.8640063889e-02	-2.8640063889e-02	-2.4167251110e-02	-2.3888647052e-02	-2.3888647052e-02	-2.3888647052e-02	-1.8202316613e-02	-1.8202316613e-02	-1.8202316613e-02	-1.8202316613e-02	-1.2232502220e-02	-1.2232502220e-02	-1.2232502220e-02	-7.2024332118e-03	-6.5105526603e-03	-6.5105526603e-03	-6.5105526603e-03	-6.5105526603e-03	4.8691482285e-03	4.8691482285e-03	4.8691482285e-03	4.8691482285e-03	1.0885280953e-02	1.0885280953e-02	1.0885280953e-02	1.5273170763e-02	1.6378646606e-02	1.6378646606e-02	1.6378646606e-02	2.1143585835e-02	2.1143585835e-02	2.1143585835e-02	2.4476547074e-02	2.4476547074e-02	2.6335194922e-02	2.6335194922e-02	2.6335194922e-02	3.1825628173e-02	3.2926227414e-02	3.2926227414e-02	3.2926227414e-02	3.5442549030e-02	3.6722125879e-02	3.6722125879e-02	3.8807096197e-02	4.0153737557e-02	4.0153737557e-02	4.0153737557e-02	4.1777323416e-02	4.3124698633e-02	4.3124698633e-02	4.5417050895e-02	4.5417050895e-02	4.7002743379e-02	4.7002743379e-02	4.7002743379e-02	4.9940995556e-02	5.1496931012e-02	
188	0.0	9.7655260144e-03	1.3698902779e-02	4.7004552489e-03	4.7004552489e-03	4.7004552489e-03	4.7004552489e-03	-2.5504834050e-03	-2.5504834050e-03	-2.5504834050e-03	-2.5504834050e-03	-1.4007877039e-02	-1.4007877039e-02	-1.4007877039e-02	-1.4007877039e-02	-2.0037294126e-02	-2.0037294126e-02	-2.0037294126e-02	-2.0037294126e-02	-2.5288633999e-02	-2.5288633999e-02	-2.5288633999e-02	-2.5877624872e-02	-2.9503075641e-02	-2.9503075641e-02	-2.9503075641e-02	-3.2447283533e-02	-3.2447283533e-02	-3.2447283533e-02	-3.2447283533e-02	-3.3930596898e-02	-3.3930596898e-02	-3.3930596898e-02	-3.3930596898e-02	-3.3807429481e-02	-3.3807429481e-02	-3.3807429481e-02	-3.3807429481e-02	-3.2024474549e-02	-3.2024474549e-02	-3.2024474549e-02	-3.2024474549e-02	-2.8643087452e-02	-2.8643087452e-02	-2.8643087452e-02	-2.4170157704e-02	-2.3891546247e-02	-2.3891546247e-02	-2.3891546247e-02	-1.8205063826e-02	-1.8205063826e-02	-1.8205063826e-02	-1.8205063826e-02	-1.2235086723e-02	-1.2235086723e-02	-1.2235086723e-02	-7.2048819658e-03	-6.5129822716e-03	-6.5129822716e-03	-6.5129822716e-03	-6.5129822716e-03	4.8670399508e-03	4.8670399508e-03	4.8670399508e-03	4.8670399508e-03	1.0883345537e-02	1.0883345537e-02	1.0883345537e-02	1.5271369010e-02	1.6376875605e-02	1.6376875605e-02	1.6376875605e-02	2.1141962666e-02	2.1141962666e-02	2.1141962666e-02	2.4475033148e-02	2.4475033148e-02	2.6333740367e-02	2.6333740367e-02	2.6333740367e-02	3.1824326440e-02	3.2924944588e-02	3.2924944588e-02	3.2924944588e-02	3.5441338735e-02	3.6720936908e-02	3.6720936908e-02	3.8805966242e-02	4.0152631575e-02	4.0152631575e-02	4.0152631575e-02	4.1776261579e-02	4.3123663350e-02	4.3123663350e-02	4.5416061960e-02	4.5416061960e-02	4.7001789094e-02	4.7001789094e-02	4.7001789094e-02	4.9940028191e-02	5.1496000973e-02	
189	0.0	9.7647338206e-03	1.3698253903e-02	4.6990229508e-03	4.6990229508e-03	4.6990229508e-03	4.6990229508e-03	-2.5523919075e-03	-2.5523919075e-03	-2.5523919075e-03	-2.5523919075e-03	-1.4010403772e-02	-1.4010403772e-02	-1.4010403772e-02	-1.4010403772e-02	-2.0040014696e-02	-2.0040014696e-02	-2.0040014696e-02	-2.0040014696e-02	-2.5291523735e-02	-2.5291523735e-02	-2.5291523735e-02	-2.5880539949e-02	-2.9506093269e-02	-2.9506093269e-02	-2.9506093269e-02	-3.2450387938e-02	-3.2450387938e-02	-3.2450387938e-02	-3.2450387938e-02	-3.3933745553e-02	-3.3933745553e-02	-3.3933745553e-02	-3.3933745553e-02	-3.3810577835e-02	-3.3810577835e-02	-3.3810577835e-02	-3.3810577835e-02	-3.2027578072e-02	-3.2027578072e-02	-3.2027578072e-02	-3.2027578072e-02	-2.8646104108e-02	-2.8646104108e-02	-2.8646104108e-02	-2.4173058652e-02	-2.3894439875e-02	-2.3894439875e-02	-2.3894439875e-02	-1.8207808329e-02	-1.8207808329e-02	-1.8207808329e-02	-1.8207808329e-02	-1.2237672953e-02	-1.2237672953e-02	-1.2237672953e-02	-7.2073370600e-03	-6.5154183928e-03	-6.5154183928e-03	-6.5154183928e-03	-6.5154183928e-03	4.8649169190e-03	4.8649169190e-03	4.8649169190e-03	4.8649169190e-03	1.0881389811e-02	1.0881389811e-02	1.0881389811e-02	1.5269540699e-02	1.6375077828e-02	1.6375077828e-02	1.6375077828e-02	2.1140306439e-02	2.1140306439e-02	2.1140306439e-02	2.4473480182e-02	2.4473480182e-02	2.6332246826e-02	2.6332246826e-02	2.6332246826e-02	3.1822977911e-02	3.2923613773e-02	3.2923613773e-02	3.2923613773e-02	3.5440076465e-02	3.6719694609e-02	3.6719694609e-02	3.8804779453e-02	4.0151467341e-02	4.0151467341e-02	4.0151467341e-02	4.1775138736e-02	4.3122565511e-02	4.3122565511e-02	4.5415007909e-02	4.5415007909e-02	4.7000767423e-02	4.7000767423e-02	4.7000767423e-02	4.9938995161e-02	5.1495002424e-02	
190	0.0	9.7639431191e-03	1.3697606106e-02	4.6975947445e-03	4.6975947445e-03	4.6975947445e-03	4.6975947445e-03	-2.5542943229e-03	-2.5542943229e-03	-2.5542943229e-03	-2.5542943229e-03	-1.4012921758e-02	-1.4012921758e-02	-1.4012921758e-02	-1.4012921758e-02	-2.0042724420e-02	-2.0042724420e-02	-2.0042724420e-02	-2.0042724420e-02	-2.5294400962e-02	-2.5294400962e-02	-2.5294400962e-02	-2.5883442149e-02	-2.9509097077e-02	-2.9509097077e-02	-2.9509097077e-02	-3.2453477636e-02	-3.2453477636e-02	-3.2453477636e-02	-3.2453477636e-02	-3.3936879002e-02	-3.3936879002e-02	-3.3936879002e-02	-3.3936879002e-02	-3.3813710836e-02	-3.3813710836e-02	-3.3813710836e-02	-3.3813710836e-02	-3.2030666455e-02	-3.2030666455e-02	-3.2030666455e-02	-3.2030666455e-02	-2.8649106260e-02	-2.8649106260e-02	-2.8649106260e-02	-2.4175946380e-02	-2.3897320382e-02	-2.3897320382e-02	-2.3897320382e-02	-1.8210542486e-02	-1.8210542486e-02	-1.8210542486e-02	-1.8210542486e-02	-1.2240253073e-02	-1.2240253073e-02	-1.2240253073e-02	-7.2097904071e-03	-6.5178529904e-03	-6.5178529904e-03	-6.5178529904e-03	-6.5178529904e-03	4.8627876910e-03	4.8627876910e-03	4.8627876910e-03	4.8627876910e-03	1.0879422570e-02	1.0879422570e-02	1.0879422570e-02	1.5267694931e-02	1.6373262294e-02	1.6373262294e-02	1.6373262294e-02	2.1138626371e-02	2.1138626371e-02	2.1138626371e-02	2.4471897663e-02	2.4471897663e-02	2.6330723624e-02	2.6330723624e-02	2.6330723624e-02	3.1821592263e-02	3.2922244624e-02	3.2922244624e-02	3.2922244624e-02	3.5438771994e-02	3.6718408731e-02	3.6718408731e-02	3.8803545640e-02	4.0150254638e-02	4.0150254638e-02	4.0150254638e-02	4.1773964706e-02	4.3121414910e-02	4.3121414910e-02	4.5413898528e-02	4.5413898528e-02	4.6999688143e-02	4.6999688143e-02	4.6999688143e-02	4.9937905985e-02	5.1493944908e-02	
191	0.0	9.7631561920e-03	1.3696961294e-02	4.6961746072e-03	4.6961746072e-03	4.6961746072e-03	4.6961746072e-03	-2.5561854628e-03	-2.5561854628e-03	-2.5561854628e-03	-2.5561854628e-03	-1.4015424300e-02	-1.4015424300e-02	-1.4015424300e-02	-1.4015424300e-02	-2.0045416271e-02	-2.0045416271e-02	-2.0045416271e-02	-2.0045416271e-02	-2.5297258358e-02	-2.5297258358e-02	-2.5297258358e-02	-2.5886324112e-02	-2.9512079532e-02	-2.9512079532e-02	-2.9512079532e-02	-3.2456544960e-02	-3.2456544960e-02	-3.2456544960e-02	-3.2456544960e-02	-3.3939989512e-02	-3.3939989512e-02	-3.3939989512e-02	-3.3939989512e-02	-3.3816820755e-02	-3.3816820755e-02	-3.3816820755e-02	-3.3816820755e-02	-3.2033732027e-02	-3.2033732027e-02	-3.2033732027e-02	-3.2033732027e-02	-2.8652086321e-02	-2.8652086321e-02	-2.8652086321e-02	-2.4178813340e-02	-2.3900180233e-02	-2.3900180233e-02	-2.3900180233e-02	-1.8213258685e-02	-1.8213258685e-02	-1.8213258685e-02	-1.8213258685e-02	-1.2242819267e-02	-1.2242819267e-02	-1.2242819267e-02	-7.2122339592e-03	-6.5202780431e-03	-6.5202780431e-03	-6.5202780431e-03	-6.5202780431e-03	4.8606607789e-03	4.8606607789e-03	4.8606607789e-03	4.8606607789e-03	1.0877452576e-02	1.0877452576e-02	1.0877452576e-02	1.5265840761e-02	1.6371438016e-02	1.6371438016e-02	1.6371438016e-02	2.1136931701e-02	2.1136931701e-02	2.1136931701e-02	2.4470295080e-02	2.4470295080e-02	2.6329180161e-02	2.6329180161e-02	2.6329180161e-02	3.1820179196e-02	3.2920846881e-02	3.2920846881e-02	3.2920846881e-02	3.5437435153e-02	3.6717089150e-02	3.6717089150e-02	3.8802274716e-02	4.0149003427e-02	4.0149003427e-02	4.0149003427e-02	4.1772749448e-02	4.3120221561e-02	4.3120221561e-02	4.5412743760e-02	4.5412743760e-02	4.6998561285e-02	4.6998561285e-02	4.6998561285e-02	4.9936770268e-02	5.1492838162e-02	
192	0.0	9.7623750244e-03	1.3696321052e-02	4.6947659809e-03	4.6947659809e-03	4.6947659809e-03	4.6947659809e-03	-2.5580607939e-03	-2.5580607939e-03	-2.5580607939e-03	-2.5580607939e-03	-1.4017905498e-02	-1.4017905498e-02	-1.4017905498e-02	-1.4017905498e-02	-2.0048084058e-02	-2.0048084058e-02	-2.0048084058e-02	-2.0048084058e-02	-2.5300089468e-02	-2.5300089468e-02	-2.5300089468e-02	-2.5889179330e-02	-2.9515033985e-02	-2.9515033985e-02	-2.9515033985e-02	-3.2459583135e-02	-3.2459583135e-02	-3.2459583135e-02	-3.2459583135e-02	-3.3943070243e-02	-3.3943070243e-02	-3.3943070243e-02	-3.3943070243e-02	-3.3819900750e-02	-3.3819900750e-02	-3.3819900750e-02	-3.3819900750e-02	-3.2036767994e-02	-3.2036767994e-02	-3.2036767994e-02	-3.2036767994e-02	-2.8655037572e-02	-2.8655037572e-02	-2.8655037572e-02	-2.4181652837e-02	-2.3903012745e-02	-2.3903012745e-02	-2.3903012745e-02	-1.8215950158e-02	-1.8215950158e-02	-1.8215950158e-02	-1.8215950158e-02	-1.2245364556e-02	-1.2245364556e-02	-1.2245364556e-02	-7.2146604800e-03	-6.5226863523e-03	-6.5226863523e-03	-6.5226863523e-03	-6.5226863523e-03	4.8585438812e-03	4.8585438812e-03	4.8585438812e-03	4.8585438812e-03	1.0875487795e-02	1.0875487795e-02	1.0875487795e-02	1.5263986492e-02	1.6369613237e-02	1.6369613237e-02	1.6369613237e-02	2.1135230934e-02	2.1135230934e-02	2.1135230934e-02	2.4468681247e-02	2.4468681247e-02	2.6327625126e-02	2.6327625126e-02	2.6327625126e-02	3.1818747796e-02	3.2919429647e-02	3.2919429647e-02	3.2919429647e-02	3.5436075203e-02	3.6715745147e-02	3.6715745147e-02	3.8800976067e-02	4.0147723112e-02	4.0147723112e-02	4.0147723112e-02	4.1771502439e-02	4.3118994963e-02	4.3118994963e-02	4.5411553136e-02	4.5411553136e-02	4.6997396431e-02	4.6997396431e-02	4.6997396431e-02	4.9935597351e-02	5.1491691611e-02	
193	0.0	9.7616017465e-03	1.3695687205e-02	4.6933725771e-03	4.6933725771e-03	4.6933725771e-03	4.6933725771e-03	-2.5599155004e-03	-2.5599155004e-03	-2.5599155004e-03	-2.5599155004e-03	-1.4020359161e-02	-1.4020359161e-02	-1.4020359161e-02	-1.4020359161e-02	-2.0050721287e-02	-2.0050721287e-02	-2.0050721287e-02	-2.0050721287e-02	-2.5302887527e-02	-2.5302887527e-02	-2.5302887527e-02	-2.5892001016e-02	-2.9517953483e-02	-2.9517953483e-02	-2.9517953483e-02	-3.2462585081e-02	-3.2462585081e-02	-3.2462585081e-02	-3.2462585081e-02	-3.3946114059e-02	-3.3946114059e-02	-3.3946114059e-02	-3.3946114059e-02	-3.3822943694e-02	-3.3822943694e-02	-3.3822943694e-02	-3.3822943694e-02	-3.2039767293e-02	-3.2039767293e-02	-3.2039767293e-02	-3.2039767293e-02	-2.8657953050e-02	-2.8657953050e-02	-2.8657953050e-02	-2.4184457971e-02	-2.3905811028e-02	-2.3905811028e-02	-2.3905811028e-02	-1.8218609973e-02	-1.8218609973e-02	-1.8218609973e-02	-1.8218609973e-02	-1.2247881846e-02	-1.2247881846e-02	-1.2247881846e-02	-7.2170626853e-03	-6.5250706532e-03	-6.5250706532e-03	-6.5250706532e-03	-6.5250706532e-03	4.8564446415e-03	4.8564446415e-03	4.8564446415e-03	4.8564446415e-03	1.0873536083e-02	1.0873536083e-02	1.0873536083e-02	1.5262140247e-02	1.6367796049e-02	1.6367796049e-02	1.6367796049e-02	2.1133532381e-02	2.1133532381e-02	2.1133532381e-02	2.4467064716e-02	2.4467064716e-02	2.6326066990e-02	2.6326066990e-02	2.6326066990e-02	3.1817306809e-02	3.2918001725e-02	3.2918001725e-02	3.2918001725e-02	3.5434701038e-02	3.6714385678e-02	3.6714385678e-02	3.8799658692e-02	4.0146422759e-02	4.0146422759e-02	4.0146422759e-02	4.1770232753e-02	4.3117744266e-02	4.3117744266e-02	4.5410335740e-02	4.5410335740e-02	4.6996202780e-02	4.6996202780e-02	4.6996202780e-02	4.9934395996e-02	5.1490514183e-02	
194	0.0	9.7608375062e-03	1.3695060381e-02	4.6919963308e-03	4.6919963308e-03	4.6919963308e-03	4.6919963308e-03	-2.5617468615e-03	-2.5617468615e-03	-2.5617468615e-03	-2.5617468615e-03	-1.4022781545e-02	-1.4022781545e-02	-1.4022781545e-02	-1.4022781545e-02	-2.0053324014e-02	-2.0053324014e-02	-2.0053324014e-02	-2.0053324014e-02	-2.5305648389e-02	-2.5305648389e-02	-2.5305648389e-02	-2.5894784929e-02	-2.9520833720e-02	-2.9520833720e-02	-2.9520833720e-02	-3.2465546380e-02	-3.2465546380e-02	-3.2465546380e-02	-3.2465546380e-02	-3.3949116473e-02	-3.3949116473e-02	-3.3949116473e-02	-3.3949116473e-02	-3.3825945075e-02	-3.3825945075e-02	-3.3825945075e-02	-3.3825945075e-02	-3.2042725429e-02	-3.2042725429e-02	-3.2042725429e-02	-3.2042725429e-02	-2.8660828296e-02	-2.8660828296e-02	-2.8660828296e-02	-2.4187224256e-02	-2.3908570623e-02	-2.3908570623e-02	-2.3908570623e-02	-1.8221233551e-02	-1.8221233551e-02	-1.8221233551e-02	-1.8221233551e-02	-1.2250366310e-02	-1.2250366310e-02	-1.2250366310e-02	-7.2194354066e-03	-6.5274258526e-03	-6.5274258526e-03	-6.5274258526e-03	-6.5274258526e-03	4.8543687129e-03	4.8543687129e-03	4.8543687129e-03	4.8543687129e-03	1.0871603410e-02	1.0871603410e-02	1.0871603410e-02	1.5260308474e-02	1.6365992778e-02	1.6365992778e-02	1.6365992778e-02	2.1131842714e-02	2.1131842714e-02	2.1131842714e-02	2.4465452618e-02	2.4465452618e-02	2.6324512647e-02	2.6324512647e-02	2.6324512647e-02	3.1815863793e-02	3.2916570611e-02	3.2916570611e-02	3.2916570611e-02	3.5433320486e-02	3.6713018501e-02	3.6713018501e-02	3.8798330651e-02	4.0145110351e-02	4.0145110351e-02	4.0145110351e-02	4.1768948627e-02	4.3116477625e-02	4.3116477625e-02	4.5409100043e-02	4.5409100043e-02	4.6994988714e-02	4.6994988714e-02	4.6994988714e-02	4.9933174875e-02	5.1489314478e-02	
195	0.0	9.7600849270e-03	1.3694443169e-02	4.6906418527e-03	4.6906418527e-03	4.6906418527e-03	4.6906418527e-03	-2.5635490972e-03	-2.5635490972e-03	-2.5635490972e-03	-2.5635490972e-03	-1.4025165446e-02	-1.4025165446e-02	-1.4025165446e-02	-1.4025165446e-02	-2.0055884716e-02	-2.0055884716e-02	-2.0055884716e-02	-2.0055884716e-02	-2.5308364265e-02	-2.5308364265e-02	-2.5308364265e-02	-2.5897523329e-02	-2.9523666731e-02	-2.9523666731e-02	-2.9523666731e-02	-3.2468458963e-02	-3.2468458963e-02	-3.2468458963e-02	-3.2468458963e-02	-3.3952069384e-02	-3.3952069384e-02	-3.3952069384e-02	-3.3952069384e-02	-3.3828896835e-02	-3.3828896835e-02	-3.3828896835e-02	-3.3828896835e-02	-3.2045634449e-02	-3.2045634449e-02	-3.2045634449e-02	-3.2045634449e-02	-2.8663655502e-02	-2.8663655502e-02	-2.8663655502e-02	-2.4189944034e-02	-2.3911283858e-02	-2.3911283858e-02	-2.3911283858e-02	-1.8223813263e-02	-1.8223813263e-02	-1.8223813263e-02	-1.8223813263e-02	-1.2252810254e-02	-1.2252810254e-02	-1.2252810254e-02	-7.2217709089e-03	-6.5297441757e-03	-6.5297441757e-03	-6.5297441757e-03	-6.5297441757e-03	4.8523240023e-03	4.8523240023e-03	4.8523240023e-03	4.8523240023e-03	1.0869697797e-02	1.0869697797e-02	1.0869697797e-02	1.5258499273e-02	1.6364211586e-02	1.6364211586e-02	1.6364211586e-02	2.1130170229e-02	2.1130170229e-02	2.1130170229e-02	2.4463853318e-02	2.4463853318e-02	2.6322970536e-02	2.6322970536e-02	2.6322970536e-02	3.1814427140e-02	3.2915144875e-02	3.2915144875e-02	3.2915144875e-02	3.5431942031e-02	3.6711652303e-02	3.6711652303e-02	3.8797000485e-02	4.0143794644e-02	4.0143794644e-02	4.0143794644e-02	4.1767658655e-02	4.3115203868e-02	4.3115203868e-02	4.5407854526e-02	4.5407854526e-02	4.6993763045e-02	4.6993763045e-02	4.6993763045e-02	4.9931941791e-02	5.1488100699e-02	
196	0.0	9.7593457022e-03	1.3693837023e-02	4.6893120795e-03	4.6893120795e-03	4.6893120795e-03	4.6893120795e-03	-2.5653184004e-03	-2.5653184004e-03	-2.5653184004e-03	-2.5653184004e-03	-1.4027505962e-02	-1.4027505962e-02	-1.4027505962e-02	-1.4027505962e-02	-2.0058398262e-02	-2.0058398262e-02	-2.0058398262e-02	-2.0058398262e-02	-2.5311029817e-02	-2.5311029817e-02	-2.5311029817e-02	-2.5900210859e-02	-2.9526447027e-02	-2.9526447027e-02	-2.9526447027e-02	-3.2471317241e-02	-3.2471317241e-02	-3.2471317241e-02	-3.2471317241e-02	-3.3954967160e-02	-3.3954967160e-02	-3.3954967160e-02	-3.3954967160e-02	-3.3831793352e-02	-3.3831793352e-02	-3.3831793352e-02	-3.3831793352e-02	-3.2048488791e-02	-3.2048488791e-02	-3.2048488791e-02	-3.2048488791e-02	-2.8666429201e-02	-2.8666429201e-02	-2.8666429201e-02	-2.4192611908e-02	-2.3913945339e-02	-2.3913945339e-02	-2.3913945339e-02	-1.8226343697e-02	-1.8226343697e-02	-1.8226343697e-02	-1.8226343697e-02	-1.2255208135e-02	-1.2255208135e-02	-1.2255208135e-02	-7.2240634825e-03	-6.5320199266e-03	-6.5320199266e-03	-6.5320199266e-03	-6.5320199266e-03	4.8503164826e-03	4.8503164826e-03	4.8503164826e-03	4.8503164826e-03	1.0867825409e-02	1.0867825409e-02	1.0867825409e-02	1.5256719068e-02	1.6362458872e-02	1.6362458872e-02	1.6362458872e-02	2.1128521562e-02	2.1128521562e-02	2.1128521562e-02	2.4462273703e-02	2.4462273703e-02	2.6321447474e-02	2.6321447474e-02	2.6321447474e-02	3.1813003960e-02	3.2913731692e-02	3.2913731692e-02	3.2913731692e-02	3.5430572971e-02	3.6710294457e-02	3.6710294457e-02	3.8795675657e-02	4.0142483179e-02	4.0142483179e-02	4.0142483179e-02	4.1766370431e-02	4.3113930678e-02	4.3113930678e-02	4.5406606869e-02	4.5406606869e-02	4.6992533585e-02	4.6992533585e-02	4.6992533585e-02	4.9930704215e-02	5.1486880497e-02	
197	0.0	9.7586209220e-03	1.3693242696e-02	4.6880088579e-03	4.6880088579e-03	4.6880088579e-03	4.6880088579e-03	-2.5670522693e-03	-2.5670522693e-03	-2.5670522693e-03	-2.5670522693e-03	-1.4029799748e-02	-1.4029799748e-02	-1.4029799748e-02	-1.4029799748e-02	-2.0060861144e-02	-2.0060861144e-02	-2.0060861144e-02	-2.0060861144e-02	-2.5313641379e-02	-2.5313641379e-02	-2.5313641379e-02	-2.5902843806e-02	-2.9529170824e-02	-2.9529170824e-02	-2.9529170824e-02	-3.2474117349e-02	-3.2474117349e-02	-3.2474117349e-02	-3.2474117349e-02	-3.3957805891e-02	-3.3957805891e-02	-3.3957805891e-02	-3.3957805891e-02	-3.3834630711e-02	-3.3834630711e-02	-3.3834630711e-02	-3.3834630711e-02	-3.2051284568e-02	-3.2051284568e-02	-3.2051284568e-02	-3.2051284568e-02	-2.8669145555e-02	-2.8669145555e-02	-2.8669145555e-02	-2.4195224053e-02	-2.3916551257e-02	-2.3916551257e-02	-2.3916551257e-02	-1.8228820974e-02	-1.8228820974e-02	-1.8228820974e-02	-1.8228820974e-02	-1.2257555891e-02	-1.2257555891e-02	-1.2257555891e-02	-7.2263088145e-03	-6.5342488334e-03	-6.5342488334e-03	-6.5342488334e-03	-6.5342488334e-03	4.8483508024e-03	4.8483508024e-03	4.8483508024e-03	4.8483508024e-03	1.0865991145e-02	1.0865991145e-02	1.0865991145e-02	1.5254973139e-02	1.6360739849e-02	1.6360739849e-02	1.6360739849e-02	2.1126902233e-02	2.1126902233e-02	2.1126902233e-02	2.4460719671e-02	2.4460719671e-02	2.6319949204e-02	2.6319949204e-02	2.6319949204e-02	3.1811600509e-02	3.2912337325e-02	3.2912337325e-02	3.2912337325e-02	3.5429219829e-02	3.6708951489e-02	3.6708951489e-02	3.8794362929e-02	4.0141182722e-02	4.0141182722e-02	4.0141182722e-02	4.1765090915e-02	4.3112665018e-02	4.3112665018e-02	4.5405364247e-02	4.5405364247e-02	4.6991307531e-02	4.6991307531e-02	4.6991307531e-02	4.9929469415e-02	5.1485661191e-02	
198	0.0	9.7579116042e-03	1.3692660913e-02	4.6867339115e-03	4.6867339115e-03	4.6867339115e-03	4.6867339115e-03	-2.5687483843e-03	-2.5687483843e-03	-2.5687483843e-03	-2.5687483843e-03	-1.4032043714e-02	-1.4032043714e-02	-1.4032043714e-02	-1.4032043714e-02	-2.0063270136e-02	-2.0063270136e-02	-2.0063270136e-02	-2.0063270136e-02	-2.5316195584e-02	-2.5316195584e-02	-2.5316195584e-02	-2.5905418764e-02	-2.9531834654e-02	-2.9531834654e-02	-2.9531834654e-02	-3.2476855746e-02	-3.2476855746e-02	-3.2476855746e-02	-3.2476855746e-02	-3.3960581994e-02	-3.3960581994e-02	-3.3960581994e-02	-3.3960581994e-02	-3.3837405326e-02	-3.3837405326e-02	-3.3837405326e-02	-3.3837405326e-02	-3.2054018227e-02	-3.2054018227e-02	-3.2054018227e-02	-3.2054018227e-02	-2.8671801064e-02	-2.8671801064e-02	-2.8671801064e-02	-2.4197776986e-02	-2.3919098143e-02	-2.3919098143e-02	-2.3919098143e-02	-1.8231241564e-02	-1.8231241564e-02	-1.8231241564e-02	-1.8231241564e-02	-1.2259849824e-02	-1.2259849824e-02	-1.2259849824e-02	-7.2285029790e-03	-6.5364270035e-03	-6.5364270035e-03	-6.5364270035e-03	-6.5364270035e-03	4.8464311862e-03	4.8464311862e-03	4.8464311862e-03	4.8464311862e-03	1.0864199465e-02	1.0864199465e-02	1.0864199465e-02	1.5253266304e-02	1.6359059277e-02	1.6359059277e-02	1.6359059277e-02	2.1125317301e-02	2.1125317301e-02	2.1125317301e-02	2.4459196638e-02	2.4459196638e-02	2.6318481011e-02	2.6318481011e-02	2.6318481011e-02	3.1810222552e-02	3.2910967554e-02	3.2910967554e-02	3.2910967554e-02	3.5427888634e-02	3.6707629450e-02	3.6707629450e-02	3.8793068577e-02	4.0139899564e-02	4.0139899564e-02	4.0139899564e-02	4.1763826587e-02	4.3111413387e-02	4.3111413387e-02	4.5404133358e-02	4.5404133358e-02	4.6990091626e-02	4.6990091626e-02	4.6990091626e-02	4.9928244174e-02	5.1484449639e-02	
199	0.0	9.7572191730e-03	1.3692092943e-02	4.6854896193e-03	4.6854896193e-03	4.6854896193e-03	4.6854896193e-03	-2.5704037336e-03	-2.5704037336e-03	-2.5704037336e-03	-2.5704037336e-03	-1.4034234076e-02	-1.4034234076e-02	-1.4034234076e-02	-1.4034234076e-02	-2.0065621333e-02	-2.0065621333e-02	-2.0065621333e-02	-2.0065621333e-02	-2.5318688418e-02	-2.5318688418e-02	-2.5318688418e-02	-2.5907931703e-02	-2.9534434426e-02	-2.9534434426e-02	-2.9534434426e-02	-3.2479528289e-02	-3.2479528289e-02	-3.2479528289e-02	-3.2479528289e-02	-3.3963291306e-02	-3.3963291306e-02	-3.3963291306e-02	-3.3963291306e-02	-3.3840113040e-02	-3.3840113040e-02	-3.3840113040e-02	-3.3840113040e-02	-3.2056685644e-02	-3.2056685644e-02	-3.2056685644e-02	-3.2056685644e-02	-2.8674391660e-02	-2.8674391660e-02	-2.8674391660e-02	-2.4200266674e-02	-2.3921581967e-02	-2.3921581967e-02	-2.3921581967e-02	-1.8233601399e-02	-1.8233601399e-02	-1.8233601399e-02	-1.8233601399e-02	-1.2262085728e-02	-1.2262085728e-02	-1.2262085728e-02	-7.2306415909e-03	-6.5385500668e-03	-6.5385500668e-03	-6.5385500668e-03	-6.5385500668e-03	4.8445622340e-03	4.8445622340e-03	4.8445622340e-03	4.8445622340e-03	1.0862455153e-02	1.0862455153e-02	1.0862455153e-02	1.5251603610e-02	1.6357422177e-02	1.6357422177e-02	1.6357422177e-02	2.1123772030e-02	2.1123772030e-02	2.1123772030e-02	2.4457710132e-02	2.4457710132e-02	2.6317048340e-02	2.6317048340e-02	2.6317048340e-02	3.1808875850e-02	3.2909628189e-02	3.2909628189e-02	3.2909628189e-02	3.5426585356e-02	3.6706334362e-02	3.6706334362e-02	3.8791798764e-02	4.0138639924e-02	4.0138639924e-02	4.0138639924e-02	4.1762583777e-02	4.3110182175e-02	4.3110182175e-02	4.5402920689e-02	4.5402920689e-02	4.6988892452e-02	4.6988892452e-02	4.6988892452e-02	4.9927034943e-02	5.1483252424e-02	
200	0.0	9.7565436880e-03	1.3691538520e-02	4.6842761393e-03	4.6842761393e-03	4.6842761393e-03	4.6842761393e-03	-2.5720178444e-03	-2.5720178444e-03	-2.5720178444e-03	-2.5720178444e-03	-1.4036369866e-02	-1.4036369866e-02	-1.4036369866e-02	-1.4036369866e-02	-2.0067913636e-02	-2.0067913636e-02	-2.0067913636e-02	-2.0067913636e-02	-2.5321118636e-02	-2.5321118636e-02	-2.5321118636e-02	-2.5910381356e-02	-2.9536968775e-02	-2.9536968775e-02	-2.9536968775e-02	-3.2482133528e-02	-3.2482133528e-02	-3.2482133528e-02	-3.2482133528e-02	-3.3965932332e-02	-3.3965932332e-02	-3.3965932332e-02	-3.3965932332e-02	-3.3842752366e-02	-3.3842752366e-02	-3.3842752366e-02	-3.3842752366e-02	-3.2059285390e-02	-3.2059285390e-02	-3.2059285390e-02	-3.2059285390e-02	-2.8676915999e-02	-2.8676915999e-02	-2.8676915999e-02	-2.4202691853e-02	-2.3924001470e-02	-2.3924001470e-02	-2.3924001470e-02	-1.8235899232e-02	-1.8235899232e-02	-1.8235899232e-02	-1.8235899232e-02	-1.2264262274e-02	-1.2264262274e-02	-1.2264262274e-02	-7.2327231888e-03	-6.5406165737e-03	-6.5406165737e-03	-6.5406165737e-03	-6.5406165737e-03	4.8427456083e-03	4.8427456083e-03	4.8427456083e-03	4.8427456083e-03	1.0860760068e-02	1.0860760068e-02	1.0860760068e-02	1.5249987223e-02	1.6355830692e-02	1.6355830692e-02	1.6355830692e-02	2.1122268858e-02	2.1122268858e-02	2.1122268858e-02	2.4456262925e-02	2.4456262925e-02	2.6315653893e-02	2.6315653893e-02	2.6315653893e-02	3.1807563573e-02	3.2908322465e-02	3.2908322465e-02	3.2908322465e-02	3.5425313477e-02	3.6705069785e-02	3.6705069785e-02	3.8790557278e-02	4.0137407671e-02	4.0137407671e-02	4.0137407671e-02	4.1761366532e-02	4.3108975522e-02	4.3108975522e-02	4.5401730522e-02	4.5401730522e-02	4.6987714428e-02	4.6987714428e-02	4.6987714428e-02	4.9925846039e-02	5.1482074038e-02	
201	0.0	9.7558867759e-03	1.3690999264e-02	4.6830962890e-03	4.6830962890e-03	4.6830962890e-03	4.6830962890e-03	-2.5735872390e-03	-2.5735872390e-03	-2.5735872390e-03	-2.5735872390e-03	-1.4038446840e-02	-1.4038446840e-02	-1.4038446840e-02	-1.4038446840e-02	-2.0070142684e-02	-2.0070142684e-02	-2.0070142684e-02	-2.0070142684e-02	-2.5323481794e-02	-2.5323481794e-02	-2.5323481794e-02	-2.5912763286e-02	-2.9539433219e-02	-2.9539433219e-02	-2.9539433219e-02	-3.2484666966e-02	-3.2484666966e-02	-3.2484666966e-02	-3.2484666966e-02	-3.3968500574e-02	-3.3968500574e-02	-3.3968500574e-02	-3.3968500574e-02	-3.3845318815e-02	-3.3845318815e-02	-3.3845318815e-02	-3.3845318815e-02	-3.2061812992e-02	-3.2061812992e-02	-3.2061812992e-02	-3.2061812992e-02	-2.8679369631e-02	-2.8679369631e-02	-2.8679369631e-02	-2.4205048065e-02	-2.3926352196e-02	-2.3926352196e-02	-2.3926352196e-02	-1.8238130528e-02	-1.8238130528e-02	-1.8238130528e-02	-1.8238130528e-02	-1.2266374756e-02	-1.2266374756e-02	-1.2266374756e-02	-7.2347428592e-03	-6.5426216213e-03	-6.5426216213e-03	-6.5426216213e-03	-6.5426216213e-03	4.8409864451e-03	4.8409864451e-03	4.8409864451e-03	4.8409864451e-03	1.0859119541e-02	1.0859119541e-02	1.0859119541e-02	1.5248422749e-02	1.6354290408e-02	1.6354290408e-02	1.6354290408e-02	2.1120813620e-02	2.1120813620e-02	2.1120813620e-02	2.4454861110e-02	2.4454861110e-02	2.6314303694e-02	2.6314303694e-02	2.6314303694e-02	3.1806292029e-02	3.2907056735e-02	3.2907056735e-02	3.2907056735e-02	3.5424079497e-02	3.6703842266e-02	3.6703842266e-02	3.8789350796e-02	4.0136209527e-02	4.0136209527e-02	4.0136209527e-02	4.1760181679e-02	4.3107800302e-02	4.3107800302e-02	4.5400569836e-02	4.5400569836e-02	4.6986564609e-02	4.6986564609e-02	4.6986564609e-02	4.9924684434e-02	5.1480921559e-02	
202	0.0	9.7552489395e-03	1.3690475511e-02	4.6819508575e-03	4.6819508575e-03	4.6819508575e-03	4.6819508575e-03	-2.5751108538e-03	-2.5751108538e-03	-2.5751108538e-03	-2.5751108538e-03	-1.4040463569e-02	-1.4040463569e-02	-1.4040463569e-02	-1.4040463569e-02	-2.0072307013e-02	-2.0072307013e-02	-2.0072307013e-02	-2.0072307013e-02	-2.5325776370e-02	-2.5325776370e-02	-2.5325776370e-02	-2.5915075955e-02	-2.9541826185e-02	-2.9541826185e-02	-2.9541826185e-02	-3.2487126985e-02	-3.2487126985e-02	-3.2487126985e-02	-3.2487126985e-02	-3.3970994392e-02	-3.3970994392e-02	-3.3970994392e-02	-3.3970994392e-02	-3.3847810754e-02	-3.3847810754e-02	-3.3847810754e-02	-3.3847810754e-02	-3.2064266851e-02	-3.2064266851e-02	-3.2064266851e-02	-3.2064266851e-02	-2.8681751015e-02	-2.8681751015e-02	-2.8681751015e-02	-2.4207333819e-02	-2.3928632658e-02	-2.3928632658e-02	-2.3928632658e-02	-1.8240293797e-02	-1.8240293797e-02	-1.8240293797e-02	-1.8240293797e-02	-1.2268421598e-02	-1.2268421598e-02	-1.2268421598e-02	-7.2366989010e-03	-6.5445635178e-03	-6.5445635178e-03	-6.5445635178e-03	-6.5445635178e-03	4.8392865740e-03	4.8392865740e-03	4.8392865740e-03	4.8392865740e-03	1.0857535544e-02	1.0857535544e-02	1.0857535544e-02	1.5246912389e-02	1.6352803508e-02	1.6352803508e-02	1.6352803508e-02	2.1119408724e-02	2.1119408724e-02	2.1119408724e-02	2.4453507344e-02	2.4453507344e-02	2.6313000335e-02	2.6313000335e-02	2.6313000335e-02	3.1805064135e-02	3.2905833970e-02	3.2905833970e-02	3.2905833970e-02	3.5422886568e-02	3.6702655021e-02	3.6702655021e-02	3.8788182705e-02	4.0135048945e-02	4.0135048945e-02	4.0135048945e-02	4.1759032813e-02	4.3106660180e-02	4.3106660180e-02	4.5399442431e-02	4.5399442431e-02	4.6985446904e-02	4.6985446904e-02	4.6985446904e-02	4.9923553981e-02	5.1479798983e-02	
203	0.0	9.7546307543e-03	1.3689967741e-02	4.6808408072e-03	4.6808408072e-03	4.6808408072e-03	4.6808408072e-03	-2.5765874367e-03	-2.5765874367e-03	-2.5765874367e-03	-2.5765874367e-03	-1.4042418423e-02	-1.4042418423e-02	-1.4042418423e-02	-1.4042418423e-02	-2.0074404939e-02	-2.0074404939e-02	-2.0074404939e-02	-2.0074404939e-02	-2.5328000627e-02	-2.5328000627e-02	-2.5328000627e-02	-2.5917317629e-02	-2.9544145897e-02	-2.9544145897e-02	-2.9544145897e-02	-3.2489511785e-02	-3.2489511785e-02	-3.2489511785e-02	-3.2489511785e-02	-3.3973411976e-02	-3.3973411976e-02	-3.3973411976e-02	-3.3973411976e-02	-3.3850226382e-02	-3.3850226382e-02	-3.3850226382e-02	-3.3850226382e-02	-3.2066645200e-02	-3.2066645200e-02	-3.2066645200e-02	-3.2066645200e-02	-2.8684058430e-02	-2.8684058430e-02	-2.8684058430e-02	-2.4209547436e-02	-2.3930841175e-02	-2.3930841175e-02	-2.3930841175e-02	-1.8242387344e-02	-1.8242387344e-02	-1.8242387344e-02	-1.8242387344e-02	-1.2270401017e-02	-1.2270401017e-02	-1.2270401017e-02	-7.2385894118e-03	-6.5464403600e-03	-6.5464403600e-03	-6.5464403600e-03	-6.5464403600e-03	4.8376480316e-03	4.8376480316e-03	4.8376480316e-03	4.8376480316e-03	1.0856010266e-02	1.0856010266e-02	1.0856010266e-02	1.5245458559e-02	1.6351372404e-02	1.6351372404e-02	1.6351372404e-02	2.1118056813e-02	2.1118056813e-02	2.1118056813e-02	2.4452204513e-02	2.4452204513e-02	2.6311746665e-02	2.6311746665e-02	2.6311746665e-02	3.1803883046e-02	3.2904657389e-02	3.2904657389e-02	3.2904657389e-02	3.5421738080e-02	3.6701511512e-02	3.6701511512e-02	3.8787056629e-02	4.0133929624e-02	4.0133929624e-02	4.0133929624e-02	4.1757923766e-02	4.3105559070e-02	4.3105559070e-02	4.5398352342e-02	4.5398352342e-02	4.6984365468e-02	4.6984365468e-02	4.6984365468e-02	4.9922458763e-02	5.1478710542e-02	
204	0.0	9.7540326086e-03	1.3689476250e-02	4.6797667711e-03	4.6797667711e-03	4.6797667711e-03	4.6797667711e-03	-2.5780161518e-03	-2.5780161518e-03	-2.5780161518e-03	-2.5780161518e-03	-1.4044310296e-02	-1.4044310296e-02	-1.4044310296e-02	-1.4044310296e-02	-2.0076435333e-02	-2.0076435333e-02	-2.0076435333e-02	-2.0076435333e-02	-2.5330153405e-02	-2.5330153405e-02	-2.5330153405e-02	-2.5919487145e-02	-2.9546391175e-02	-2.9546391175e-02	-2.9546391175e-02	-3.2491820170e-02	-3.2491820170e-02	-3.2491820170e-02	-3.2491820170e-02	-3.3975752124e-02	-3.3975752124e-02	-3.3975752124e-02	-3.3975752124e-02	-3.3852564505e-02	-3.3852564505e-02	-3.3852564505e-02	-3.3852564505e-02	-3.2068946864e-02	-3.2068946864e-02	-3.2068946864e-02	-3.2068946864e-02	-2.8686290733e-02	-2.8686290733e-02	-2.8686290733e-02	-2.4211687794e-02	-2.3932976628e-02	-2.3932976628e-02	-2.3932976628e-02	-1.8244410025e-02	-1.8244410025e-02	-1.8244410025e-02	-1.8244410025e-02	-1.2272311772e-02	-1.2272311772e-02	-1.2272311772e-02	-7.2404130196e-03	-6.5482507831e-03	-6.5482507831e-03	-6.5482507831e-03	-6.5482507831e-03	4.8360723210e-03	4.8360723210e-03	4.8360723210e-03	4.8360723210e-03	1.0854545363e-02	1.0854545363e-02	1.0854545363e-02	1.5244063152e-02	1.6349998975e-02	1.6349998975e-02	1.6349998975e-02	2.1116760002e-02	2.1116760002e-02	2.1116760002e-02	2.4450954987e-02	2.4450954987e-02	2.6310544997e-02	2.6310544997e-02	2.6310544997e-02	3.1802751410e-02	3.2903529683e-02	3.2903529683e-02	3.2903529683e-02	3.5420636919e-02	3.6700414675e-02	3.6700414675e-02	3.8785975695e-02	4.0132854741e-02	4.0132854741e-02	4.0132854741e-02	4.1756857875e-02	4.3104500365e-02	4.3104500365e-02	4.5397303127e-02	4.5397303127e-02	4.6983323944e-02	4.6983323944e-02	4.6983323944e-02	4.9921402456e-02	5.1477660025e-02	
205	0.0	9.7534548546e-03	1.3689001343e-02	4.6787293232e-03	4.6787293232e-03	4.6787293232e-03	4.6787293232e-03	-2.5793962679e-03	-2.5793962679e-03	-2.5793962679e-03	-2.5793962679e-03	-1.4046138251e-02	-1.4046138251e-02	-1.4046138251e-02	-1.4046138251e-02	-2.0078397253e-02	-2.0078397253e-02	-2.0078397253e-02	-2.0078397253e-02	-2.5332233749e-02	-2.5332233749e-02	-2.5332233749e-02	-2.5921583558e-02	-2.9548561056e-02	-2.9548561056e-02	-2.9548561056e-02	-3.2494051173e-02	-3.2494051173e-02	-3.2494051173e-02	-3.2494051173e-02	-3.3978013869e-02	-3.3978013869e-02	-3.3978013869e-02	-3.3978013869e-02	-3.3854824167e-02	-3.3854824167e-02	-3.3854824167e-02	-3.3854824167e-02	-3.2071170910e-02	-3.2071170910e-02	-3.2071170910e-02	-3.2071170910e-02	-2.8688447021e-02	-2.8688447021e-02	-2.8688447021e-02	-2.4213754017e-02	-2.3935038136e-02	-2.3935038136e-02	-2.3935038136e-02	-1.8246360942e-02	-1.8246360942e-02	-1.8246360942e-02	-1.8246360942e-02	-1.2274152885e-02	-1.2274152885e-02	-1.2274152885e-02	-7.2421686347e-03	-6.5499936932e-03	-6.5499936932e-03	-6.5499936932e-03	-6.5499936932e-03	4.8345606391e-03	4.8345606391e-03	4.8345606391e-03	4.8345606391e-03	1.0853142168e-02	1.0853142168e-02	1.0853142168e-02	1.5242727706e-02	1.6348684761e-02	1.6348684761e-02	1.6348684761e-02	2.1115520046e-02	2.1115520046e-02	2.1115520046e-02	2.4449760738e-02	2.4449760738e-02	2.6309397278e-02	2.6309397278e-02	2.6309397278e-02	3.1801671449e-02	3.2902453138e-02	3.2902453138e-02	3.2902453138e-02	3.5419585530e-02	3.6699367025e-02	3.6699367025e-02	3.8784942575e-02	4.0131827041e-02	4.0131827041e-02	4.0131827041e-02	4.1755838012e-02	4.3103487016e-02	4.3103487016e-02	4.5396297858e-02	4.5396297858e-02	4.6982325519e-02	4.6982325519e-02	4.6982325519e-02	4.9920388204e-02	5.1476650717e-02	
206	0.0	9.7528977106e-03	1.3688543212e-02	4.6777288034e-03	4.6777288034e-03	4.6777288034e-03	4.6777288034e-03	-2.5807273565e-03	-2.5807273565e-03	-2.5807273565e-03	-2.5807273565e-03	-1.4047901739e-02	-1.4047901739e-02	-1.4047901739e-02	-1.4047901739e-02	-2.0080290164e-02	-2.0080290164e-02	-2.0080290164e-02	-2.0080290164e-02	-2.5334241128e-02	-2.5334241128e-02	-2.5334241128e-02	-2.5923606343e-02	-2.9550655014e-02	-2.9550655014e-02	-2.9550655014e-02	-3.2496204266e-02	-3.2496204266e-02	-3.2496204266e-02	-3.2496204266e-02	-3.3980196687e-02	-3.3980196687e-02	-3.3980196687e-02	-3.3980196687e-02	-3.3857004852e-02	-3.3857004852e-02	-3.3857004852e-02	-3.3857004852e-02	-3.2073316838e-02	-3.2073316838e-02	-3.2073316838e-02	-3.2073316838e-02	-2.8690526820e-02	-2.8690526820e-02	-2.8690526820e-02	-2.4215745653e-02	-2.3937025248e-02	-2.3937025248e-02	-2.3937025248e-02	-1.8248239627e-02	-1.8248239627e-02	-1.8248239627e-02	-1.8248239627e-02	-1.2275923816e-02	-1.2275923816e-02	-1.2275923816e-02	-7.2438556205e-03	-6.5516684510e-03	-6.5516684510e-03	-6.5516684510e-03	-6.5516684510e-03	4.8331137050e-03	4.8331137050e-03	4.8331137050e-03	4.8331137050e-03	1.0851801519e-02	1.0851801519e-02	1.0851801519e-02	1.5241453244e-02	1.6347430788e-02	1.6347430788e-02	1.6347430788e-02	2.1114338168e-02	2.1114338168e-02	2.1114338168e-02	2.4448623191e-02	2.4448623191e-02	2.6308304912e-02	2.6308304912e-02	2.6308304912e-02	3.1800644822e-02	3.2901429467e-02	3.2901429467e-02	3.2901429467e-02	3.5418585780e-02	3.6698370493e-02	3.6698370493e-02	3.8783959349e-02	4.0130848671e-02	4.0130848671e-02	4.0130848671e-02	4.1754866452e-02	4.3102521367e-02	4.3102521367e-02	4.5395339008e-02	4.5395339008e-02	4.6981372768e-02	4.6981372768e-02	4.6981372768e-02	4.9919418568e-02	5.1475685306e-02	
207	0.0	9.7523612689e-03	1.3688101937e-02	4.6767653312e-03	4.6767653312e-03	4.6767653312e-03	4.6767653312e-03	-2.5820092745e-03	-2.5820092745e-03	-2.5820092745e-03	-2.5820092745e-03	-1.4049600578e-02	-1.4049600578e-02	-1.4049600578e-02	-1.4049600578e-02	-2.0082113917e-02	-2.0082113917e-02	-2.0082113917e-02	-2.0082113917e-02	-2.5336175411e-02	-2.5336175411e-02	-2.5336175411e-02	-2.5925555380e-02	-2.9552672933e-02	-2.9552672933e-02	-2.9552672933e-02	-3.2498279346e-02	-3.2498279346e-02	-3.2498279346e-02	-3.2498279346e-02	-3.3982300482e-02	-3.3982300482e-02	-3.3982300482e-02	-3.3982300482e-02	-3.3859106473e-02	-3.3859106473e-02	-3.3859106473e-02	-3.3859106473e-02	-3.2075384576e-02	-3.2075384576e-02	-3.2075384576e-02	-3.2075384576e-02	-2.8692530074e-02	-2.8692530074e-02	-2.8692530074e-02	-2.4217662661e-02	-2.3938937918e-02	-2.3938937918e-02	-2.3938937918e-02	-1.8250046015e-02	-1.8250046015e-02	-1.8250046015e-02	-1.8250046015e-02	-1.2277624429e-02	-1.2277624429e-02	-1.2277624429e-02	-7.2454737485e-03	-6.5532748231e-03	-6.5532748231e-03	-6.5532748231e-03	-6.5532748231e-03	4.8317318267e-03	4.8317318267e-03	4.8317318267e-03	4.8317318267e-03	1.0850523841e-02	1.0850523841e-02	1.0850523841e-02	1.5240240370e-02	1.6346237662e-02	1.6346237662e-02	1.6346237662e-02	2.1113215168e-02	2.1113215168e-02	2.1113215168e-02	2.4447543342e-02	2.4447543342e-02	2.6307268872e-02	2.6307268872e-02	2.6307268872e-02	3.1799672758e-02	3.2900459950e-02	3.2900459950e-02	3.2900459950e-02	3.5417639105e-02	3.6697426574e-02	3.6697426574e-02	3.8783027672e-02	4.0129921343e-02	4.0129921343e-02	4.0129921343e-02	4.1753945041e-02	4.3101605329e-02	4.3101605329e-02	4.5394428626e-02	4.5394428626e-02	4.6980467833e-02	4.6980467833e-02	4.6980467833e-02	4.9918495718e-02	5.1474766076e-02	
208	0.0	9.7518455452e-03	1.3687677548e-02	4.6758388943e-03	4.6758388943e-03	4.6758388943e-03	4.6758388943e-03	-2.5832420601e-03	-2.5832420601e-03	-2.5832420601e-03	-2.5832420601e-03	-1.4051234830e-02	-1.4051234830e-02	-1.4051234830e-02	-1.4051234830e-02	-2.0083868618e-02	-2.0083868618e-02	-2.0083868618e-02	-2.0083868618e-02	-2.5338036741e-02	-2.5338036741e-02	-2.5338036741e-02	-2.5927430828e-02	-2.9554614982e-02	-2.9554614982e-02	-2.9554614982e-02	-3.2500276597e-02	-3.2500276597e-02	-3.2500276597e-02	-3.2500276597e-02	-3.3984325448e-02	-3.3984325448e-02	-3.3984325448e-02	-3.3984325448e-02	-3.3861129235e-02	-3.3861129235e-02	-3.3861129235e-02	-3.3861129235e-02	-3.2077374339e-02	-3.2077374339e-02	-3.2077374339e-02	-3.2077374339e-02	-2.8694457014e-02	-2.8694457014e-02	-2.8694457014e-02	-2.4219505284e-02	-2.3940776388e-02	-2.3940776388e-02	-2.3940776388e-02	-1.8251780334e-02	-1.8251780334e-02	-1.8251780334e-02	-1.8251780334e-02	-1.2279254895e-02	-1.2279254895e-02	-1.2279254895e-02	-7.2470231120e-03	-6.5548128946e-03	-6.5548128946e-03	-6.5548128946e-03	-6.5548128946e-03	4.8304149667e-03	4.8304149667e-03	4.8304149667e-03	4.8304149667e-03	1.0849309197e-02	1.0849309197e-02	1.0849309197e-02	1.5239089297e-02	1.6345105607e-02	1.6345105607e-02	1.6345105607e-02	2.1112151441e-02	2.1112151441e-02	2.1112151441e-02	2.4446521754e-02	2.4446521754e-02	2.6306289716e-02	2.6306289716e-02	2.6306289716e-02	3.1798756033e-02	3.2899545417e-02	3.2899545417e-02	3.2899545417e-02	3.5416746471e-02	3.6696536294e-02	3.6696536294e-02	3.8782148706e-02	4.0129046284e-02	4.0129046284e-02	4.0129046284e-02	4.1753075123e-02	4.3100740315e-02	4.3100740315e-02	4.5393568245e-02	4.5393568245e-02	4.6979612345e-02	4.6979612345e-02	4.6979612345e-02	4.9917621293e-02	5.1473894784e-02	
209	0.0	9.7513504467e-03	1.3687269983e-02	4.6749492911e-03	4.6749492911e-03	4.6749492911e-03	4.6749492911e-03	-2.5844259975e-03	-2.5844259975e-03	-2.5844259975e-03	-2.5844259975e-03	-1.4052804875e-02	-1.4052804875e-02	-1.4052804875e-02	-1.4052804875e-02	-2.0085554712e-02	-2.0085554712e-02	-2.0085554712e-02	-2.0085554712e-02	-2.5339825607e-02	-2.5339825607e-02	-2.5339825607e-02	-2.5929233192e-02	-2.9556481687e-02	-2.9556481687e-02	-2.9556481687e-02	-3.2502196568e-02	-3.2502196568e-02	-3.2502196568e-02	-3.2502196568e-02	-3.3986272150e-02	-3.3986272150e-02	-3.3986272150e-02	-3.3986272150e-02	-3.3863073711e-02	-3.3863073711e-02	-3.3863073711e-02	-3.3863073711e-02	-3.2079286707e-02	-3.2079286707e-02	-3.2079286707e-02	-3.2079286707e-02	-2.8696308225e-02	-2.8696308225e-02	-2.8696308225e-02	-2.4221274121e-02	-2.3942541249e-02	-2.3942541249e-02	-2.3942541249e-02	-1.8253443160e-02	-1.8253443160e-02	-1.8253443160e-02	-1.8253443160e-02	-1.2280815737e-02	-1.2280815737e-02	-1.2280815737e-02	-7.2485041668e-03	-6.5562831122e-03	-6.5562831122e-03	-6.5562831122e-03	-6.5562831122e-03	4.8291627151e-03	4.8291627151e-03	4.8291627151e-03	4.8291627151e-03	1.0848157268e-02	1.0848157268e-02	1.0848157268e-02	1.5237999847e-02	1.6344034454e-02	1.6344034454e-02	1.6344034454e-02	2.1111146981e-02	2.1111146981e-02	2.1111146981e-02	2.4445558578e-02	2.4445558578e-02	2.6305367591e-02	2.6305367591e-02	2.6305367591e-02	3.1797894994e-02	3.2898686267e-02	3.2898686267e-02	3.2898686267e-02	3.5415908407e-02	3.6695700241e-02	3.6695700241e-02	3.8781323175e-02	4.0128224277e-02	4.0128224277e-02	4.0128224277e-02	4.1752257594e-02	4.3099927283e-02	4.3099927283e-02	4.5392758945e-02	4.5392758945e-02	4.6978807473e-02	4.6978807473e-02	4.6978807473e-02	4.9916796491e-02	5.1473072733e-02	
210	0.0	9.7508757626e-03	1.3686879072e-02	4.6740961135e-03	4.6740961135e-03	4.6740961135e-03	4.6740961135e-03	-2.5855616338e-03	-2.5855616338e-03	-2.5855616338e-03	-2.5855616338e-03	-1.4054311426e-02	-1.4054311426e-02	-1.4054311426e-02	-1.4054311426e-02	-2.0087172986e-02	-2.0087172986e-02	-2.0087172986e-02	-2.0087172986e-02	-2.5341542860e-02	-2.5341542860e-02	-2.5341542860e-02	-2.5930963337e-02	-2.9558273943e-02	-2.9558273943e-02	-2.9558273943e-02	-3.2504040183e-02	-3.2504040183e-02	-3.2504040183e-02	-3.2504040183e-02	-3.3988141527e-02	-3.3988141527e-02	-3.3988141527e-02	-3.3988141527e-02	-3.3864940848e-02	-3.3864940848e-02	-3.3864940848e-02	-3.3864940848e-02	-3.2081122631e-02	-3.2081122631e-02	-3.2081122631e-02	-3.2081122631e-02	-2.8698084661e-02	-2.8698084661e-02	-2.8698084661e-02	-2.4222970125e-02	-2.3944233453e-02	-2.3944233453e-02	-2.3944233453e-02	-1.8255035428e-02	-1.8255035428e-02	-1.8255035428e-02	-1.8255035428e-02	-1.2282307841e-02	-1.2282307841e-02	-1.2282307841e-02	-7.2499177337e-03	-6.5576862885e-03	-6.5576862885e-03	-6.5576862885e-03	-6.5576862885e-03	4.8279742884e-03	4.8279742884e-03	4.8279742884e-03	4.8279742884e-03	1.0847067354e-02	1.0847067354e-02	1.0847067354e-02	1.5236971449e-02	1.6343023644e-02	1.6343023644e-02	1.6343023644e-02	2.1110201376e-02	2.1110201376e-02	2.1110201376e-02	2.4444653549e-02	2.4444653549e-02	2.6304502229e-02	2.6304502229e-02	2.6304502229e-02	3.1797089573e-02	3.2897882472e-02	3.2897882472e-02	3.2897882472e-02	3.5415125013e-02	3.6694918562e-02	3.6694918562e-02	3.8780551359e-02	4.0127455652e-02	4.0127455652e-02	4.0127455652e-02	4.1751492902e-02	4.3099166735e-02	4.3099166735e-02	4.5392001357e-02	4.5392001357e-02	4.6978053925e-02	4.6978053925e-02	4.6978053925e-02	4.9916022080e-02	5.1472300784e-02	
211	0.0	9.7504210539e-03	1.3686504407e-02	4.6732786315e-03	4.6732786315e-03	4.6732786315e-03	4.6732786315e-03	-2.5866498895e-03	-2.5866498895e-03	-2.5866498895e-03	-2.5866498895e-03	-1.4055755628e-02	-1.4055755628e-02	-1.4055755628e-02	-1.4055755628e-02	-2.0088724655e-02	-2.0088724655e-02	-2.0088724655e-02	-2.0088724655e-02	-2.5343189764e-02	-2.5343189764e-02	-2.5343189764e-02	-2.5932622544e-02	-2.9559993053e-02	-2.9559993053e-02	-2.9559993053e-02	-3.2505808770e-02	-3.2505808770e-02	-3.2505808770e-02	-3.2505808770e-02	-3.3989934921e-02	-3.3989934921e-02	-3.3989934921e-02	-3.3989934921e-02	-3.3866731996e-02	-3.3866731996e-02	-3.3866731996e-02	-3.3866731996e-02	-3.2082883465e-02	-3.2082883465e-02	-3.2082883465e-02	-3.2082883465e-02	-2.8699787683e-02	-2.8699787683e-02	-2.8699787683e-02	-2.4224594672e-02	-2.3945854369e-02	-2.3945854369e-02	-2.3945854369e-02	-1.8256558507e-02	-1.8256558507e-02	-1.8256558507e-02	-1.8256558507e-02	-1.2283732552e-02	-1.2283732552e-02	-1.2283732552e-02	-7.2512651206e-03	-6.5590237226e-03	-6.5590237226e-03	-6.5590237226e-03	-6.5590237226e-03	4.8268483928e-03	4.8268483928e-03	4.8268483928e-03	4.8268483928e-03	1.0846038234e-02	1.0846038234e-02	1.0846038234e-02	1.5236003000e-02	1.6342072083e-02	1.6342072083e-02	1.6342072083e-02	2.1109313673e-02	2.1109313673e-02	2.1109313673e-02	2.4443805850e-02	2.4443805850e-02	2.6303692814e-02	2.6303692814e-02	2.6303692814e-02	3.1796339139e-02	3.2897133447e-02	3.2897133447e-02	3.2897133447e-02	3.5414395828e-02	3.6694190847e-02	3.6694190847e-02	3.8779832979e-02	4.0126740182e-02	4.0126740182e-02	4.0126740182e-02	4.1750780930e-02	4.3098458611e-02	4.3098458611e-02	4.5391295535e-02	4.5391295535e-02	4.6977351835e-02	4.6977351835e-02	4.6977351835e-02	4.9915298246e-02	5.1471579215e-02	
212	0.0	9.7499863687e-03	1.3686146175e-02	4.6724967653e-03	4.6724967653e-03	4.6724967653e-03	4.6724967653e-03	-2.5876910176e-03	-2.5876910176e-03	-2.5876910176e-03	-2.5876910176e-03	-1.4057137970e-02	-1.4057137970e-02	-1.4057137970e-02	-1.4057137970e-02	-2.0090210343e-02	-2.0090210343e-02	-2.0090210343e-02	-2.0090210343e-02	-2.5344767067e-02	-2.5344767067e-02	-2.5344767067e-02	-2.5934211587e-02	-2.9561639866e-02	-2.9561639866e-02	-2.9561639866e-02	-3.2507503246e-02	-3.2507503246e-02	-3.2507503246e-02	-3.2507503246e-02	-3.3991653285e-02	-3.3991653285e-02	-3.3991653285e-02	-3.3991653285e-02	-3.3868448115e-02	-3.3868448115e-02	-3.3868448115e-02	-3.3868448115e-02	-3.2084570153e-02	-3.2084570153e-02	-3.2084570153e-02	-3.2084570153e-02	-2.8701418197e-02	-2.8701418197e-02	-2.8701418197e-02	-2.4226148622e-02	-2.3947404852e-02	-2.3947404852e-02	-2.3947404852e-02	-1.8258013185e-02	-1.8258013185e-02	-1.8258013185e-02	-1.8258013185e-02	-1.2285090565e-02	-1.2285090565e-02	-1.2285090565e-02	-7.2525469207e-03	-6.5602959924e-03	-6.5602959924e-03	-6.5602959924e-03	-6.5602959924e-03	4.8257845123e-03	4.8257845123e-03	4.8257845123e-03	4.8257845123e-03	1.0845069480e-02	1.0845069480e-02	1.0845069480e-02	1.5235094182e-02	1.6341179475e-02	1.6341179475e-02	1.6341179475e-02	2.1108483711e-02	2.1108483711e-02	2.1108483711e-02	2.4443015434e-02	2.4443015434e-02	2.6302939316e-02	2.6302939316e-02	2.6302939316e-02	3.1795643801e-02	3.2896439338e-02	3.2896439338e-02	3.2896439338e-02	3.5413721093e-02	3.6693517378e-02	3.6693517378e-02	3.8779168420e-02	4.0126078293e-02	4.0126078293e-02	4.0126078293e-02	4.1750122195e-02	4.3097803468e-02	4.3097803468e-02	4.5390642168e-02	4.5390642168e-02	4.6976701942e-02	4.6976701942e-02	4.6976701942e-02	4.9914625843e-02	5.1470908938e-02	
213	0.0	9.7495708983e-03	1.3685803588e-02	4.6717490813e-03	4.6717490813e-03	4.6717490813e-03	4.6717490813e-03	-2.5886868058e-03	-2.5886868058e-03	-2.5886868058e-03	-2.5886868058e-03	-1.4058460642e-02	-1.4058460642e-02	-1.4058460642e-02	-1.4058460642e-02	-2.0091632352e-02	-2.0091632352e-02	-2.0091632352e-02	-2.0091632352e-02	-2.5346277146e-02	-2.5346277146e-02	-2.5346277146e-02	-2.5935732856e-02	-2.9563216798e-02	-2.9563216798e-02	-2.9563216798e-02	-3.2509126044e-02	-3.2509126044e-02	-3.2509126044e-02	-3.2509126044e-02	-3.3993299062e-02	-3.3993299062e-02	-3.3993299062e-02	-3.3993299062e-02	-3.3870091656e-02	-3.3870091656e-02	-3.3870091656e-02	-3.3870091656e-02	-3.2086185155e-02	-3.2086185155e-02	-3.2086185155e-02	-3.2086185155e-02	-2.8702978678e-02	-2.8702978678e-02	-2.8702978678e-02	-2.4227634481e-02	-2.3948887404e-02	-2.3948887404e-02	-2.3948887404e-02	-1.8259401995e-02	-1.8259401995e-02	-1.8259401995e-02	-1.8259401995e-02	-1.2286384434e-02	-1.2286384434e-02	-1.2286384434e-02	-7.2537657032e-03	-6.5615056585e-03	-6.5615056585e-03	-6.5615056585e-03	-6.5615056585e-03	4.8247800231e-03	4.8247800231e-03	4.8247800231e-03	4.8247800231e-03	1.0844158489e-02	1.0844158489e-02	1.0844158489e-02	1.5234242447e-02	1.6340343283e-02	1.6340343283e-02	1.6340343283e-02	2.1107709034e-02	2.1107709034e-02	2.1107709034e-02	2.4442279932e-02	2.4442279932e-02	2.6302239371e-02	2.6302239371e-02	2.6302239371e-02	3.1795001329e-02	3.2895797952e-02	3.2895797952e-02	3.2895797952e-02	3.5413098713e-02	3.6692896104e-02	3.6692896104e-02	3.8778555737e-02	4.0125468086e-02	4.0125468086e-02	4.0125468086e-02	4.1749514896e-02	4.3097199556e-02	4.3097199556e-02	4.5390039601e-02	4.5390039601e-02	4.6976102670e-02	4.6976102670e-02	4.6976102670e-02	4.9914003327e-02	5.1470288498e-02	
214	0.0	9.7491742847e-03	1.3685476413e-02	4.6710349543e-03	4.6710349543e-03	4.6710349543e-03	4.6710349543e-03	-2.5896381186e-03	-2.5896381186e-03	-2.5896381186e-03	-2.5896381186e-03	-1.4059724816e-02	-1.4059724816e-02	-1.4059724816e-02	-1.4059724816e-02	-2.0092991953e-02	-2.0092991953e-02	-2.0092991953e-02	-2.0092991953e-02	-2.5347721364e-02	-2.5347721364e-02	-2.5347721364e-02	-2.5937187742e-02	-2.9564725289e-02	-2.9564725289e-02	-2.9564725289e-02	-3.2510678660e-02	-3.2510678660e-02	-3.2510678660e-02	-3.2510678660e-02	-3.3994873781e-02	-3.3994873781e-02	-3.3994873781e-02	-3.3994873781e-02	-3.3871664154e-02	-3.3871664154e-02	-3.3871664154e-02	-3.3871664154e-02	-3.2087729995e-02	-3.2087729995e-02	-3.2087729995e-02	-3.2087729995e-02	-2.8704470627e-02	-2.8704470627e-02	-2.8704470627e-02	-2.4229053728e-02	-2.3950303495e-02	-2.3950303495e-02	-2.3950303495e-02	-1.8260726377e-02	-1.8260726377e-02	-1.8260726377e-02	-1.8260726377e-02	-1.2287615557e-02	-1.2287615557e-02	-1.2287615557e-02	-7.2549228234e-03	-6.5626540574e-03	-6.5626540574e-03	-6.5626540574e-03	-6.5626540574e-03	4.8238335997e-03	4.8238335997e-03	4.8238335997e-03	4.8238335997e-03	1.0843304002e-02	1.0843304002e-02	1.0843304002e-02	1.5233446617e-02	1.6339562356e-02	1.6339562356e-02	1.6339562356e-02	2.1106988609e-02	2.1106988609e-02	2.1106988609e-02	2.4441598405e-02	2.4441598405e-02	2.6301592075e-02	2.6301592075e-02	2.6301592075e-02	3.1794410935e-02	3.2895208543e-02	3.2895208543e-02	3.2895208543e-02	3.5412528024e-02	3.6692326410e-02	3.6692326410e-02	3.8777994407e-02	4.0124909089e-02	4.0124909089e-02	4.0124909089e-02	4.1748958635e-02	4.3096646530e-02	4.3096646530e-02	4.5389487578e-02	4.5389487578e-02	4.6975553828e-02	4.6975553828e-02	4.6975553828e-02	4.9913430557e-02	5.1469717828e-02	
215	0.0	9.7487961118e-03	1.3685164358e-02	4.6703535645e-03	4.6703535645e-03	4.6703535645e-03	4.6703535645e-03	-2.5905460928e-03	-2.5905460928e-03	-2.5905460928e-03	-2.5905460928e-03	-1.4060932029e-02	-1.4060932029e-02	-1.4060932029e-02	-1.4060932029e-02	-2.0094290834e-02	-2.0094290834e-02	-2.0094290834e-02	-2.0094290834e-02	-2.5349101535e-02	-2.5349101535e-02	-2.5349101535e-02	-2.5938578081e-02	-2.9566167246e-02	-2.9566167246e-02	-2.9566167246e-02	-3.2512163062e-02	-3.2512163062e-02	-3.2512163062e-02	-3.2512163062e-02	-3.3996379439e-02	-3.3996379439e-02	-3.3996379439e-02	-3.3996379439e-02	-3.3873167616e-02	-3.3873167616e-02	-3.3873167616e-02	-3.3873167616e-02	-3.2089206663e-02	-3.2089206663e-02	-3.2089206663e-02	-3.2089206663e-02	-2.8705896001e-02	-2.8705896001e-02	-2.8705896001e-02	-2.4230408291e-02	-2.3951655048e-02	-2.3951655048e-02	-2.3951655048e-02	-1.8261988220e-02	-1.8261988220e-02	-1.8261988220e-02	-1.8261988220e-02	-1.2288785781e-02	-1.2288785781e-02	-1.2288785781e-02	-7.2560200836e-03	-6.5637429779e-03	-6.5637429779e-03	-6.5637429779e-03	-6.5637429779e-03	4.8229434498e-03	4.8229434498e-03	4.8229434498e-03	4.8229434498e-03	1.0842504269e-02	1.0842504269e-02	1.0842504269e-02	1.5232705005e-02	1.6338835026e-02	1.6338835026e-02	1.6338835026e-02	2.1106320853e-02	2.1106320853e-02	2.1106320853e-02	2.4440969337e-02	2.4440969337e-02	2.6300995931e-02	2.6300995931e-02	2.6300995931e-02	3.1793871215e-02	3.2894669736e-02	3.2894669736e-02	3.2894669736e-02	3.5412007723e-02	3.6691807023e-02	3.6691807023e-02	3.8777483238e-02	4.0124400138e-02	4.0124400138e-02	4.0124400138e-02	4.1748452326e-02	4.3096143334e-02	4.3096143334e-02	4.5388985146e-02	4.5388985146e-02	4.6975054506e-02	4.6975054506e-02	4.6975054506e-02	4.9912906727e-02	5.1469196167e-02	
216	0.0	9.7484354321e-03	1.3684866530e-02	4.6697033300e-03	4.6697033300e-03	4.6697033300e-03	4.6697033300e-03	-2.5914127062e-03	-2.5914127062e-03	-2.5914127062e-03	-2.5914127062e-03	-1.4062084733e-02	-1.4062084733e-02	-1.4062084733e-02	-1.4062084733e-02	-2.0095531549e-02	-2.0095531549e-02	-2.0095531549e-02	-2.0095531549e-02	-2.5350420291e-02	-2.5350420291e-02	-2.5350420291e-02	-2.5939906523e-02	-2.9567545354e-02	-2.9567545354e-02	-2.9567545354e-02	-3.2513581966e-02	-3.2513581966e-02	-3.2513581966e-02	-3.2513581966e-02	-3.3997818768e-02	-3.3997818768e-02	-3.3997818768e-02	-3.3997818768e-02	-3.3874604776e-02	-3.3874604776e-02	-3.3874604776e-02	-3.3874604776e-02	-3.2090617893e-02	-3.2090617893e-02	-3.2090617893e-02	-3.2090617893e-02	-2.8707257534e-02	-2.8707257534e-02	-2.8707257534e-02	-2.4231700916e-02	-2.3952944805e-02	-2.3952944805e-02	-2.3952944805e-02	-1.8263190287e-02	-1.8263190287e-02	-1.8263190287e-02	-1.8263190287e-02	-1.2289897896e-02	-1.2289897896e-02	-1.2289897896e-02	-7.2570602996e-03	-6.5647752250e-03	-6.5647752250e-03	-6.5647752250e-03	-6.5647752250e-03	4.8221067079e-03	4.8221067079e-03	4.8221067079e-03	4.8221067079e-03	1.0841756447e-02	1.0841756447e-02	1.0841756447e-02	1.5232014810e-02	1.6338158507e-02	1.6338158507e-02	1.6338158507e-02	2.1105703053e-02	2.1105703053e-02	2.1105703053e-02	2.4440390084e-02	2.4440390084e-02	2.6300448318e-02	2.6300448318e-02	2.6300448318e-02	3.1793379658e-02	3.2894179047e-02	3.2894179047e-02	3.2894179047e-02	3.5411535411e-02	3.6691335579e-02	3.6691335579e-02	3.8777019959e-02	4.0123939004e-02	4.0123939004e-02	4.0123939004e-02	4.1747993817e-02	4.3095687861e-02	4.3095687861e-02	4.5388530271e-02	4.5388530271e-02	4.6974602732e-02	4.6974602732e-02	4.6974602732e-02	4.9912429905e-02	5.1468721654e-02	
217	0.0	9.7480919961e-03	1.3684582879e-02	4.6690837762e-03	4.6690837762e-03	4.6690837762e-03	4.6690837762e-03	-2.5922387119e-03	-2.5922387119e-03	-2.5922387119e-03	-2.5922387119e-03	-1.4063184059e-02	-1.4063184059e-02	-1.4063184059e-02	-1.4063184059e-02	-2.0096715365e-02	-2.0096715365e-02	-2.0096715365e-02	-2.0096715365e-02	-2.5351679034e-02	-2.5351679034e-02	-2.5351679034e-02	-2.5941174507e-02	-2.9568861125e-02	-2.9568861125e-02	-2.9568861125e-02	-3.2514936965e-02	-3.2514936965e-02	-3.2514936965e-02	-3.2514936965e-02	-3.3999193410e-02	-3.3999193410e-02	-3.3999193410e-02	-3.3999193410e-02	-3.3875977286e-02	-3.3875977286e-02	-3.3875977286e-02	-3.3875977286e-02	-3.2091965314e-02	-3.2091965314e-02	-3.2091965314e-02	-3.2091965314e-02	-2.8708556808e-02	-2.8708556808e-02	-2.8708556808e-02	-2.4232933140e-02	-2.3954174290e-02	-2.3954174290e-02	-2.3954174290e-02	-1.8264334046e-02	-1.8264334046e-02	-1.8264334046e-02	-1.8264334046e-02	-1.2290953310e-02	-1.2290953310e-02	-1.2290953310e-02	-7.2580448344e-03	-6.5657521345e-03	-6.5657521345e-03	-6.5657521345e-03	-6.5657521345e-03	4.8213220545e-03	4.8213220545e-03	4.8213220545e-03	4.8213220545e-03	1.0841059273e-02	1.0841059273e-02	1.0841059273e-02	1.5231374814e-02	1.6337531622e-02	1.6337531622e-02	1.6337531622e-02	2.1105134115e-02	2.1105134115e-02	2.1105134115e-02	2.4439859593e-02	2.4439859593e-02	2.6299948242e-02	2.6299948242e-02	2.6299948242e-02	3.1792935305e-02	3.2893735563e-02	3.2893735563e-02	3.2893735563e-02	3.5411110209e-02	3.6690911244e-02	3.6690911244e-02	3.8776603778e-02	4.0123524939e-02	4.0123524939e-02	4.0123524939e-02	4.1747582400e-02	4.3095279449e-02	4.3095279449e-02	4.5388122345e-02	4.5388122345e-02	4.6974197953e-02	4.6974197953e-02	4.6974197953e-02	4.9911999596e-02	5.1468293845e-02	
218	0.0	9.7477649679e-03	1.3684312660e-02	4.6684933834e-03	4.6684933834e-03	4.6684933834e-03	4.6684933834e-03	-2.5930260807e-03	-2.5930260807e-03	-2.5930260807e-03	-2.5930260807e-03	-1.4064232529e-02	-1.4064232529e-02	-1.4064232529e-02	-1.4064232529e-02	-2.0097844964e-02	-2.0097844964e-02	-2.0097844964e-02	-2.0097844964e-02	-2.5352880573e-02	-2.5352880573e-02	-2.5352880573e-02	-2.5942384856e-02	-2.9570117456e-02	-2.9570117456e-02	-2.9570117456e-02	-3.2516231008e-02	-3.2516231008e-02	-3.2516231008e-02	-3.2516231008e-02	-3.4000506335e-02	-3.4000506335e-02	-3.4000506335e-02	-3.4000506335e-02	-3.3877288118e-02	-3.3877288118e-02	-3.3877288118e-02	-3.3877288118e-02	-3.2093251881e-02	-3.2093251881e-02	-3.2093251881e-02	-3.2093251881e-02	-2.8709796752e-02	-2.8709796752e-02	-2.8709796752e-02	-2.4234107870e-02	-2.3955346409e-02	-2.3955346409e-02	-2.3955346409e-02	-1.8265422395e-02	-1.8265422395e-02	-1.8265422395e-02	-1.8265422395e-02	-1.2291954920e-02	-1.2291954920e-02	-1.2291954920e-02	-7.2589765768e-03	-6.5666765890e-03	-6.5666765890e-03	-6.5666765890e-03	-6.5666765890e-03	4.8205865701e-03	4.8205865701e-03	4.8205865701e-03	4.8205865701e-03	1.0840409838e-02	1.0840409838e-02	1.0840409838e-02	1.5230782132e-02	1.6336951494e-02	1.6336951494e-02	1.6336951494e-02	2.1104611203e-02	2.1104611203e-02	2.1104611203e-02	2.4439375068e-02	2.4439375068e-02	2.6299492914e-02	2.6299492914e-02	2.6299492914e-02	3.1792535439e-02	3.2893336572e-02	3.2893336572e-02	3.2893336572e-02	3.5410729465e-02	3.6690531379e-02	3.6690531379e-02	3.8776232128e-02	4.0123155388e-02	4.0123155388e-02	4.0123155388e-02	4.1747215586e-02	4.3094915618e-02	4.3094915618e-02	4.5387758987e-02	4.5387758987e-02	4.6973837802e-02	4.6973837802e-02	4.6973837802e-02	4.9911613564e-02	5.1467910521e-02	
219	0.0	9.7474536488e-03	1.3684055313e-02	4.6679309007e-03	4.6679309007e-03	4.6679309007e-03	4.6679309007e-03	-2.5937764701e-03	-2.5937764701e-03	-2.5937764701e-03	-2.5937764701e-03	-1.4065232306e-02	-1.4065232306e-02	-1.4065232306e-02	-1.4065232306e-02	-2.0098922654e-02	-2.0098922654e-02	-2.0098922654e-02	-2.0098922654e-02	-2.5354027339e-02	-2.5354027339e-02	-2.5354027339e-02	-2.5943540029e-02	-2.9571316870e-02	-2.9571316870e-02	-2.9571316870e-02	-3.2517466680e-02	-3.2517466680e-02	-3.2517466680e-02	-3.2517466680e-02	-3.4001760162e-02	-3.4001760162e-02	-3.4001760162e-02	-3.4001760162e-02	-3.3878539896e-02	-3.3878539896e-02	-3.3878539896e-02	-3.3878539896e-02	-3.2094480203e-02	-3.2094480203e-02	-3.2094480203e-02	-3.2094480203e-02	-2.8710979943e-02	-2.8710979943e-02	-2.8710979943e-02	-2.4235227658e-02	-2.3956463704e-02	-2.3956463704e-02	-2.3956463704e-02	-1.8266457853e-02	-1.8266457853e-02	-1.8266457853e-02	-1.8266457853e-02	-1.2292905231e-02	-1.2292905231e-02	-1.2292905231e-02	-7.2598580332e-03	-6.5675510749e-03	-6.5675510749e-03	-6.5675510749e-03	-6.5675510749e-03	4.8198977437e-03	4.8198977437e-03	4.8198977437e-03	4.8198977437e-03	1.0839805651e-02	1.0839805651e-02	1.0839805651e-02	1.5230234289e-02	1.6336415677e-02	1.6336415677e-02	1.6336415677e-02	2.1104131919e-02	2.1104131919e-02	2.1104131919e-02	2.4438934137e-02	2.4438934137e-02	2.6299080008e-02	2.6299080008e-02	2.6299080008e-02	3.1792177769e-02	3.2892979811e-02	3.2892979811e-02	3.2892979811e-02	3.5410390956e-02	3.6690193790e-02	3.6690193790e-02	3.8775902862e-02	4.0122828235e-02	4.0122828235e-02	4.0122828235e-02	4.1746891303e-02	4.3094594333e-02	4.3094594333e-02	4.5387438216e-02	4.5387438216e-02	4.6973520341e-02	4.6973520341e-02	4.6973520341e-02	4.9911269932e-02	5.1467569846e-02	
220	0.0	9.7471573125e-03	1.3683810250e-02	4.6673950340e-03	4.6673950340e-03	4.6673950340e-03	4.6673950340e-03	-2.5944915923e-03	-2.5944915923e-03	-2.5944915923e-03	-2.5944915923e-03	-1.4066185625e-02	-1.4066185625e-02	-1.4066185625e-02	-1.4066185625e-02	-2.0099950815e-02	-2.0099950815e-02	-2.0099950815e-02	-2.0099950815e-02	-2.5355121839e-02	-2.5355121839e-02	-2.5355121839e-02	-2.5944642556e-02	-2.9572461968e-02	-2.9572461968e-02	-2.9572461968e-02	-3.2518646643e-02	-3.2518646643e-02	-3.2518646643e-02	-3.2518646643e-02	-3.4002957584e-02	-3.4002957584e-02	-3.4002957584e-02	-3.4002957584e-02	-3.3879735319e-02	-3.3879735319e-02	-3.3879735319e-02	-3.3879735319e-02	-3.2095652958e-02	-3.2095652958e-02	-3.2095652958e-02	-3.2095652958e-02	-2.8712109023e-02	-2.8712109023e-02	-2.8712109023e-02	-2.4236295116e-02	-2.3957528780e-02	-2.3957528780e-02	-2.3957528780e-02	-1.8267443003e-02	-1.8267443003e-02	-1.8267443003e-02	-1.8267443003e-02	-1.2293806817e-02	-1.2293806817e-02	-1.2293806817e-02	-7.2606917755e-03	-6.5683781481e-03	-6.5683781481e-03	-6.5683781481e-03	-6.5683781481e-03	4.8192529950e-03	4.8192529950e-03	4.8192529950e-03	4.8192529950e-03	1.0839244149e-02	1.0839244149e-02	1.0839244149e-02	1.5229728731e-02	1.6335921642e-02	1.6335921642e-02	1.6335921642e-02	2.1103693775e-02	2.1103693775e-02	2.1103693775e-02	2.4438534330e-02	2.4438534330e-02	2.6298707093e-02	2.6298707093e-02	2.6298707093e-02	3.1791859899e-02	3.2892662904e-02	3.2892662904e-02	3.2892662904e-02	3.5410092342e-02	3.6689896158e-02	3.6689896158e-02	3.8775613709e-02	4.0122541232e-02	4.0122541232e-02	4.0122541232e-02	4.1746607346e-02	4.3094313409e-02	4.3094313409e-02	4.5387157906e-02	4.5387157906e-02	4.6973243473e-02	4.6973243473e-02	4.6973243473e-02	4.9910966689e-02	5.1467269835e-02	
221	0.0	9.7468750847e-03	1.3683576719e-02	4.6668842606e-03	4.6668842606e-03	4.6668842606e-03	4.6668842606e-03	-2.5951734162e-03	-2.5951734162e-03	-2.5951734162e-03	-2.5951734162e-03	-1.4067095001e-02	-1.4067095001e-02	-1.4067095001e-02	-1.4067095001e-02	-2.0100932101e-02	-2.0100932101e-02	-2.0100932101e-02	-2.0100932101e-02	-2.5356166849e-02	-2.5356166849e-02	-2.5356166849e-02	-2.5945695236e-02	-2.9573555613e-02	-2.9573555613e-02	-2.9573555613e-02	-3.2519773819e-02	-3.2519773819e-02	-3.2519773819e-02	-3.2519773819e-02	-3.4004101552e-02	-3.4004101552e-02	-3.4004101552e-02	-3.4004101552e-02	-3.3880877340e-02	-3.3880877340e-02	-3.3880877340e-02	-3.3880877340e-02	-3.2096773082e-02	-3.2096773082e-02	-3.2096773082e-02	-3.2096773082e-02	-2.8713186891e-02	-2.8713186891e-02	-2.8713186891e-02	-2.4237313111e-02	-2.3958544500e-02	-2.3958544500e-02	-2.3958544500e-02	-1.8268380686e-02	-1.8268380686e-02	-1.8268380686e-02	-1.8268380686e-02	-1.2294662510e-02	-1.2294662510e-02	-1.2294662510e-02	-7.2614806334e-03	-6.5691606229e-03	-6.5691606229e-03	-6.5691606229e-03	-6.5691606229e-03	4.8186494960e-03	4.8186494960e-03	4.8186494960e-03	4.8186494960e-03	1.0838722528e-02	1.0838722528e-02	1.0838722528e-02	1.5229262672e-02	1.6335466625e-02	1.6335466625e-02	1.6335466625e-02	2.1103294051e-02	2.1103294051e-02	2.1103294051e-02	2.4438172955e-02	2.4438172955e-02	2.6298371518e-02	2.6298371518e-02	2.6298371518e-02	3.1791579225e-02	3.2892383263e-02	3.2892383263e-02	3.2892383263e-02	3.5409831074e-02	3.6689635957e-02	3.6689635957e-02	3.8775362189e-02	4.0122291922e-02	4.0122291922e-02	4.0122291922e-02	4.1746361297e-02	4.3094070454e-02	4.3094070454e-02	4.5386915705e-02	4.5386915705e-02	4.6973004876e-02	4.6973004876e-02	4.6973004876e-02	4.9910701553e-02	5.1467008238e-02	
222	0.0	9.7466065879e-03	1.3683354551e-02	4.6663978576e-03	4.6663978576e-03	4.6663978576e-03	4.6663978576e-03	-2.5958230229e-03	-2.5958230229e-03	-2.5958230229e-03	-2.5958230229e-03	-1.4067962003e-02	-1.4067962003e-02	-1.4067962003e-02	-1.4067962003e-02	-2.0101868246e-02	-2.0101868246e-02	-2.0101868246e-02	-2.0101868246e-02	-2.5357164251e-02	-2.5357164251e-02	-2.5357164251e-02	-2.5946699983e-02	-2.9574599805e-02	-2.9574599805e-02	-2.9574599805e-02	-3.2520850287e-02	-3.2520850287e-02	-3.2520850287e-02	-3.2520850287e-02	-3.4005194190e-02	-3.4005194190e-02	-3.4005194190e-02	-3.4005194190e-02	-3.3881968088e-02	-3.3881968088e-02	-3.3881968088e-02	-3.3881968088e-02	-3.2097842673e-02	-3.2097842673e-02	-3.2097842673e-02	-3.2097842673e-02	-2.8714215595e-02	-2.8714215595e-02	-2.8714215595e-02	-2.4238283641e-02	-2.3959512852e-02	-2.3959512852e-02	-2.3959512852e-02	-1.8269272846e-02	-1.8269272846e-02	-1.8269272846e-02	-1.8269272846e-02	-1.2295474225e-02	-1.2295474225e-02	-1.2295474225e-02	-7.2622265167e-03	-6.5699003885e-03	-6.5699003885e-03	-6.5699003885e-03	-6.5699003885e-03	4.8180853286e-03	4.8180853286e-03	4.8180853286e-03	4.8180853286e-03	1.0838238869e-02	1.0838238869e-02	1.0838238869e-02	1.5228834167e-02	1.6335048713e-02	1.6335048713e-02	1.6335048713e-02	2.1102930836e-02	2.1102930836e-02	2.1102930836e-02	2.4437848069e-02	2.4437848069e-02	2.6298071390e-02	2.6298071390e-02	2.6298071390e-02	3.1791333795e-02	3.2892138953e-02	3.2892138953e-02	3.2892138953e-02	3.5409605203e-02	3.6689411251e-02	3.6689411251e-02	3.8775146361e-02	4.0122078376e-02	4.0122078376e-02	4.0122078376e-02	4.1746151236e-02	4.3093863556e-02	4.3093863556e-02	4.5386709757e-02	4.5386709757e-02	4.6972802697e-02	4.6972802697e-02	4.6972802697e-02	4.9910472815e-02	5.1466783335e-02	
223	0.0	9.7463507151e-03	1.3683142716e-02	4.6659338667e-03	4.6659338667e-03	4.6659338667e-03	4.6659338667e-03	-2.5964428994e-03	-2.5964428994e-03	-2.5964428994e-03	-2.5964428994e-03	-1.4068789751e-02	-1.4068789751e-02	-1.4068789751e-02	-1.4068789751e-02	-2.0102762525e-02	-2.0102762525e-02	-2.0102762525e-02	-2.0102762525e-02	-2.5358117442e-02	-2.5358117442e-02	-2.5358117442e-02	-2.5947660205e-02	-2.9575598021e-02	-2.9575598021e-02	-2.9575598021e-02	-3.2521879572e-02	-3.2521879572e-02	-3.2521879572e-02	-3.2521879572e-02	-3.4006239043e-02	-3.4006239043e-02	-3.4006239043e-02	-3.4006239043e-02	-3.3883011109e-02	-3.3883011109e-02	-3.3883011109e-02	-3.3883011109e-02	-3.2098865261e-02	-3.2098865261e-02	-3.2098865261e-02	-3.2098865261e-02	-2.8715198635e-02	-2.8715198635e-02	-2.8715198635e-02	-2.4239210188e-02	-2.3960437313e-02	-2.3960437313e-02	-2.3960437313e-02	-1.8270122958e-02	-1.8270122958e-02	-1.8270122958e-02	-1.8270122958e-02	-1.2296245458e-02	-1.2296245458e-02	-1.2296245458e-02	-7.2629329460e-03	-6.5706009535e-03	-6.5706009535e-03	-6.5706009535e-03	-6.5706009535e-03	4.8175569479e-03	4.8175569479e-03	4.8175569479e-03	4.8175569479e-03	1.0837789627e-02	1.0837789627e-02	1.0837789627e-02	1.5228439665e-02	1.6334664373e-02	1.6334664373e-02	1.6334664373e-02	2.1102600621e-02	2.1102600621e-02	2.1102600621e-02	2.4437556174e-02	2.4437556174e-02	2.6297803245e-02	2.6297803245e-02	2.6297803245e-02	3.1791120194e-02	3.2891926565e-02	3.2891926565e-02	3.2891926565e-02	3.5409411364e-02	3.6689218687e-02	3.6689218687e-02	3.8774962926e-02	4.0121897310e-02	4.0121897310e-02	4.0121897310e-02	4.1745973924e-02	4.3093689495e-02	4.3093689495e-02	4.5386536882e-02	4.5386536882e-02	4.6972633782e-02	4.6972633782e-02	4.6972633782e-02	4.9910277365e-02	5.1466592043e-02	
224	0.0	9.7461067889e-03	1.3682940700e-02	4.6654911048e-03	4.6654911048e-03	4.6654911048e-03	4.6654911048e-03	-2.5970346287e-03	-2.5970346287e-03	-2.5970346287e-03	-2.5970346287e-03	-1.4069580336e-02	-1.4069580336e-02	-1.4069580336e-02	-1.4069580336e-02	-2.0103617162e-02	-2.0103617162e-02	-2.0103617162e-02	-2.0103617162e-02	-2.5359028771e-02	-2.5359028771e-02	-2.5359028771e-02	-2.5948578281e-02	-2.9576552706e-02	-2.9576552706e-02	-2.9576552706e-02	-3.2522864187e-02	-3.2522864187e-02	-3.2522864187e-02	-3.2522864187e-02	-3.4007238662e-02	-3.4007238662e-02	-3.4007238662e-02	-3.4007238662e-02	-3.3884008957e-02	-3.3884008957e-02	-3.3884008957e-02	-3.3884008957e-02	-3.2099843376e-02	-3.2099843376e-02	-3.2099843376e-02	-3.2099843376e-02	-2.8716138494e-02	-2.8716138494e-02	-2.8716138494e-02	-2.4240095187e-02	-2.3961320311e-02	-2.3961320311e-02	-2.3961320311e-02	-1.8270933412e-02	-1.8270933412e-02	-1.8270933412e-02	-1.8270933412e-02	-1.2296978580e-02	-1.2296978580e-02	-1.2296978580e-02	-7.2636022917e-03	-6.5712646697e-03	-6.5712646697e-03	-6.5712646697e-03	-6.5712646697e-03	4.8170619982e-03	4.8170619982e-03	4.8170619982e-03	4.8170619982e-03	1.0837372465e-02	1.0837372465e-02	1.0837372465e-02	1.5228076823e-02	1.6334311291e-02	1.6334311291e-02	1.6334311291e-02	2.1102301113e-02	2.1102301113e-02	2.1102301113e-02	2.4437294975e-02	2.4437294975e-02	2.6297564840e-02	2.6297564840e-02	2.6297564840e-02	3.1790936169e-02	3.2891743862e-02	3.2891743862e-02	3.2891743862e-02	3.5409247325e-02	3.6689056048e-02	3.6689056048e-02	3.8774809681e-02	4.0121746535e-02	4.0121746535e-02	4.0121746535e-02	4.1745827185e-02	4.3093546108e-02	4.3093546108e-02	4.5386394942e-02	4.5386394942e-02	4.6972496006e-02	4.6972496006e-02	4.6972496006e-02	4.9910113140e-02	5.1466432306e-02	
225	0.0	9.7458740660e-03	1.3682747904e-02	4.6650682567e-03	4.6650682567e-03	4.6650682567e-03	4.6650682567e-03	-2.5975999545e-03	-2.5975999545e-03	-2.5975999545e-03	-2.5975999545e-03	-1.4070336044e-02	-1.4070336044e-02	-1.4070336044e-02	-1.4070336044e-02	-2.0104434589e-02	-2.0104434589e-02	-2.0104434589e-02	-2.0104434589e-02	-2.5359900799e-02	-2.5359900799e-02	-2.5359900799e-02	-2.5949456793e-02	-2.9577466517e-02	-2.9577466517e-02	-2.9577466517e-02	-3.2523806852e-02	-3.2523806852e-02	-3.2523806852e-02	-3.2523806852e-02	-3.4008195797e-02	-3.4008195797e-02	-3.4008195797e-02	-3.4008195797e-02	-3.3884964385e-02	-3.3884964385e-02	-3.3884964385e-02	-3.3884964385e-02	-3.2100779742e-02	-3.2100779742e-02	-3.2100779742e-02	-3.2100779742e-02	-2.8717037851e-02	-2.8717037851e-02	-2.8717037851e-02	-2.4240941275e-02	-2.3962164478e-02	-2.3962164478e-02	-2.3962164478e-02	-1.8271706810e-02	-1.8271706810e-02	-1.8271706810e-02	-1.8271706810e-02	-1.2297676183e-02	-1.2297676183e-02	-1.2297676183e-02	-7.2642371512e-03	-6.5718941197e-03	-6.5718941197e-03	-6.5718941197e-03	-6.5718941197e-03	4.8165978822e-03	4.8165978822e-03	4.8165978822e-03	4.8165978822e-03	1.0836984788e-02	1.0836984788e-02	1.0836984788e-02	1.5227743030e-02	1.6333986880e-02	1.6333986880e-02	1.6333986880e-02	2.1102029729e-02	2.1102029729e-02	2.1102029729e-02	2.4437061870e-02	2.4437061870e-02	2.6297353616e-02	2.6297353616e-02	2.6297353616e-02	3.1790779145e-02	3.2891588274e-02	3.2891588274e-02	3.2891588274e-02	3.5409110520e-02	3.6688920775e-02	3.6688920775e-02	3.8774684073e-02	4.0121623509e-02	4.0121623509e-02	4.0121623509e-02	4.1745708486e-02	4.3093430871e-02	4.3093430871e-02	4.5386281438e-02	4.5386281438e-02	4.6972386876e-02	4.6972386876e-02	4.6972386876e-02	4.9909977714e-02	5.1466301699e-02	
226	0.0	9.7456517946e-03	1.3682563716e-02	4.6646639926e-03	4.6646639926e-03	4.6646639926e-03	4.6646639926e-03	-2.5981406335e-03	-2.5981406335e-03	-2.5981406335e-03	-2.5981406335e-03	-1.4071059173e-02	-1.4071059173e-02	-1.4071059173e-02	-1.4071059173e-02	-2.0105217247e-02	-2.0105217247e-02	-2.0105217247e-02	-2.0105217247e-02	-2.5360736090e-02	-2.5360736090e-02	-2.5360736090e-02	-2.5950298325e-02	-2.9578342109e-02	-2.9578342109e-02	-2.9578342109e-02	-3.2524710284e-02	-3.2524710284e-02	-3.2524710284e-02	-3.2524710284e-02	-3.4009113197e-02	-3.4009113197e-02	-3.4009113197e-02	-3.4009113197e-02	-3.3885880141e-02	-3.3885880141e-02	-3.3885880141e-02	-3.3885880141e-02	-3.2101677085e-02	-3.2101677085e-02	-3.2101677085e-02	-3.2101677085e-02	-2.8717899385e-02	-2.8717899385e-02	-2.8717899385e-02	-2.4241751089e-02	-2.3962972443e-02	-2.3962972443e-02	-2.3962972443e-02	-1.8272445750e-02	-1.8272445750e-02	-1.8272445750e-02	-1.8272445750e-02	-1.2298340857e-02	-1.2298340857e-02	-1.2298340857e-02	-7.2648401242e-03	-6.5724918874e-03	-6.5724918874e-03	-6.5724918874e-03	-6.5724918874e-03	4.8161620048e-03	4.8161620048e-03	4.8161620048e-03	4.8161620048e-03	1.0836624003e-02	1.0836624003e-02	1.0836624003e-02	1.5227435670e-02	1.6333688546e-02	1.6333688546e-02	1.6333688546e-02	2.1101783880e-02	2.1101783880e-02	2.1101783880e-02	2.4436854248e-02	2.4436854248e-02	2.6297167010e-02	2.6297167010e-02	2.6297167010e-02	3.1790646533e-02	3.2891457219e-02	3.2891457219e-02	3.2891457219e-02	3.5408998362e-02	3.6688810289e-02	3.6688810289e-02	3.8774583531e-02	4.0121525665e-02	4.0121525665e-02	4.0121525665e-02	4.1745615269e-02	4.3093341232e-02	4.3093341232e-02	4.5386193835e-02	4.5386193835e-02	4.6972303864e-02	4.6972303864e-02	4.6972303864e-02	4.9909868625e-02	5.1466197756e-02	
227	0.0	9.7454392380e-03	1.3682387537e-02	4.6642770104e-03	4.6642770104e-03	4.6642770104e-03	4.6642770104e-03	-2.5986583855e-03	-2.5986583855e-03	-2.5986583855e-03	-2.5986583855e-03	-1.4071751969e-02	-1.4071751969e-02	-1.4071751969e-02	-1.4071751969e-02	-2.0105967520e-02	-2.0105967520e-02	-2.0105967520e-02	-2.0105967520e-02	-2.5361537152e-02	-2.5361537152e-02	-2.5361537152e-02	-2.5951105406e-02	-2.9579182079e-02	-2.9579182079e-02	-2.9579182079e-02	-3.2525577139e-02	-3.2525577139e-02	-3.2525577139e-02	-3.2525577139e-02	-3.4009993549e-02	-3.4009993549e-02	-3.4009993549e-02	-3.4009993549e-02	-3.3886758914e-02	-3.3886758914e-02	-3.3886758914e-02	-3.3886758914e-02	-3.2102538066e-02	-3.2102538066e-02	-3.2102538066e-02	-3.2102538066e-02	-2.8718725713e-02	-2.8718725713e-02	-2.8718725713e-02	-2.4242527202e-02	-2.3963746774e-02	-2.3963746774e-02	-2.3963746774e-02	-1.8273152769e-02	-1.8273152769e-02	-1.8273152769e-02	-1.8273152769e-02	-1.2298975134e-02	-1.2298975134e-02	-1.2298975134e-02	-7.2654137499e-03	-6.5730604975e-03	-6.5730604975e-03	-6.5730604975e-03	-6.5730604975e-03	4.8157518342e-03	4.8157518342e-03	4.8157518342e-03	4.8157518342e-03	1.0836287579e-02	1.0836287579e-02	1.0836287579e-02	1.5227152185e-02	1.6333413757e-02	1.6333413757e-02	1.6333413757e-02	2.1101561027e-02	2.1101561027e-02	2.1101561027e-02	2.4436669545e-02	2.4436669545e-02	2.6297002502e-02	2.6297002502e-02	2.6297002502e-02	3.1790535788e-02	3.2891348155e-02	3.2891348155e-02	3.2891348155e-02	3.5408908306e-02	3.6688722048e-02	3.6688722048e-02	3.8774505511e-02	4.0121450466e-02	4.0121450466e-02	4.0121450466e-02	4.1745545001e-02	4.3093274663e-02	4.3093274663e-02	4.5386129623e-02	4.5386129623e-02	4.6972244458e-02	4.6972244458e-02	4.6972244458e-02	4.9909783423e-02	5.1466118021e-02	
228	0.0	9.7452356749e-03	1.3682218778e-02	4.6639060366e-03	4.6639060366e-03	4.6639060366e-03	4.6639060366e-03	-2.5991548916e-03	-2.5991548916e-03	-2.5991548916e-03	-2.5991548916e-03	-1.4072416631e-02	-1.4072416631e-02	-1.4072416631e-02	-1.4072416631e-02	-2.0106687739e-02	-2.0106687739e-02	-2.0106687739e-02	-2.0106687739e-02	-2.5362306431e-02	-2.5362306431e-02	-2.5362306431e-02	-2.5951880502e-02	-2.9579988963e-02	-2.9579988963e-02	-2.9579988963e-02	-3.2526410010e-02	-3.2526410010e-02	-3.2526410010e-02	-3.2526410010e-02	-3.4010839473e-02	-3.4010839473e-02	-3.4010839473e-02	-3.4010839473e-02	-3.3887603325e-02	-3.3887603325e-02	-3.3887603325e-02	-3.3887603325e-02	-3.2103365282e-02	-3.2103365282e-02	-3.2103365282e-02	-3.2103365282e-02	-2.8719519386e-02	-2.8719519386e-02	-2.8719519386e-02	-2.4243272121e-02	-2.3964489973e-02	-2.3964489973e-02	-2.3964489973e-02	-1.8273830338e-02	-1.8273830338e-02	-1.8273830338e-02	-1.8273830338e-02	-1.2299581472e-02	-1.2299581472e-02	-1.2299581472e-02	-7.2659604986e-03	-6.5736024060e-03	-6.5736024060e-03	-6.5736024060e-03	-6.5736024060e-03	4.8153649122e-03	4.8153649122e-03	4.8153649122e-03	4.8153649122e-03	1.0835973057e-02	1.0835973057e-02	1.0835973057e-02	1.5226890091e-02	1.6333160049e-02	1.6333160049e-02	1.6333160049e-02	2.1101358703e-02	2.1101358703e-02	2.1101358703e-02	2.4436505265e-02	2.4436505265e-02	2.6296857641e-02	2.6296857641e-02	2.6296857641e-02	3.1790444428e-02	3.2891258601e-02	3.2891258601e-02	3.2891258601e-02	3.5408837862e-02	3.6688653564e-02	3.6688653564e-02	3.8774447525e-02	4.0121395424e-02	4.0121395424e-02	4.0121395424e-02	4.1745495193e-02	4.3093228676e-02	4.3093228676e-02	4.5386086324e-02	4.5386086324e-02	4.6972206179e-02	4.6972206179e-02	4.6972206179e-02	4.9909719689e-02	5.1466060063e-02	
229	0.0	9.7450404126e-03	1.3682056876e-02	4.6635498490e-03	4.6635498490e-03	4.6635498490e-03	4.6635498490e-03	-2.5996317669e-03	-2.5996317669e-03	-2.5996317669e-03	-2.5996317669e-03	-1.4073055270e-02	-1.4073055270e-02	-1.4073055270e-02	-1.4073055270e-02	-2.0107380145e-02	-2.0107380145e-02	-2.0107380145e-02	-2.0107380145e-02	-2.5363046284e-02	-2.5363046284e-02	-2.5363046284e-02	-2.5952625987e-02	-2.9580765199e-02	-2.9580765199e-02	-2.9580765199e-02	-3.2527211392e-02	-3.2527211392e-02	-3.2527211392e-02	-3.2527211392e-02	-3.4011653494e-02	-3.4011653494e-02	-3.4011653494e-02	-3.4011653494e-02	-3.3888415900e-02	-3.3888415900e-02	-3.3888415900e-02	-3.3888415900e-02	-3.2104161233e-02	-3.2104161233e-02	-3.2104161233e-02	-3.2104161233e-02	-2.8720282859e-02	-2.8720282859e-02	-2.8720282859e-02	-2.4243988255e-02	-2.3965204442e-02	-2.3965204442e-02	-2.3965204442e-02	-1.8274480826e-02	-1.8274480826e-02	-1.8274480826e-02	-1.8274480826e-02	-1.2300162235e-02	-1.2300162235e-02	-1.2300162235e-02	-7.2664827429e-03	-6.5741199716e-03	-6.5741199716e-03	-6.5741199716e-03	-6.5741199716e-03	4.8149988812e-03	4.8149988812e-03	4.8149988812e-03	4.8149988812e-03	1.0835678081e-02	1.0835678081e-02	1.0835678081e-02	1.5226647000e-02	1.6332925058e-02	1.6332925058e-02	1.6332925058e-02	2.1101174532e-02	2.1101174532e-02	2.1101174532e-02	2.4436359000e-02	2.4436359000e-02	2.6296730065e-02	2.6296730065e-02	2.6296730065e-02	3.1790370051e-02	3.2891186158e-02	3.2891186158e-02	3.2891186158e-02	3.5408784618e-02	3.6688602426e-02	3.6688602426e-02	3.8774407151e-02	4.0121358121e-02	4.0121358121e-02	4.0121358121e-02	4.1745463424e-02	4.3093200851e-02	4.3093200851e-02	4.5386061522e-02	4.5386061522e-02	4.6972186608e-02	4.6972186608e-02	4.6972186608e-02	4.9909675051e-02	5.1466021502e-02	
230	0.0	9.7448527805e-03	1.3681901286e-02	4.6632072652e-03	4.6632072652e-03	4.6632072652e-03	4.6632072652e-03	-2.6000905732e-03	-2.6000905732e-03	-2.6000905732e-03	-2.6000905732e-03	-1.4073669932e-02	-1.4073669932e-02	-1.4073669932e-02	-1.4073669932e-02	-2.0108046905e-02	-2.0108046905e-02	-2.0108046905e-02	-2.0108046905e-02	-2.5363758987e-02	-2.5363758987e-02	-2.5363758987e-02	-2.5953344155e-02	-2.9581513145e-02	-2.9581513145e-02	-2.9581513145e-02	-3.2527983699e-02	-3.2527983699e-02	-3.2527983699e-02	-3.2527983699e-02	-3.4012438053e-02	-3.4012438053e-02	-3.4012438053e-02	-3.4012438053e-02	-3.3889199077e-02	-3.3889199077e-02	-3.3889199077e-02	-3.3889199077e-02	-3.2104928331e-02	-3.2104928331e-02	-3.2104928331e-02	-3.2104928331e-02	-2.8721018499e-02	-2.8721018499e-02	-2.8721018499e-02	-2.4244677928e-02	-2.3965892502e-02	-2.3965892502e-02	-2.3965892502e-02	-1.8275106519e-02	-1.8275106519e-02	-1.8275106519e-02	-1.8275106519e-02	-1.2300719699e-02	-1.2300719699e-02	-1.2300719699e-02	-7.2669827675e-03	-6.5746154659e-03	-6.5746154659e-03	-6.5746154659e-03	-6.5746154659e-03	4.8146514767e-03	4.8146514767e-03	4.8146514767e-03	4.8146514767e-03	1.0835400385e-02	1.0835400385e-02	1.0835400385e-02	1.5226420616e-02	1.6332706509e-02	1.6332706509e-02	1.6332706509e-02	2.1101006227e-02	2.1101006227e-02	2.1101006227e-02	2.4436228429e-02	2.4436228429e-02	2.6296617497e-02	2.6296617497e-02	2.6296617497e-02	3.1790310345e-02	3.2891128510e-02	3.2891128510e-02	3.2891128510e-02	3.5408746242e-02	3.6688566301e-02	3.6688566301e-02	3.8774382048e-02	4.0121336214e-02	4.0121336214e-02	4.0121336214e-02	4.1745447341e-02	4.3093188833e-02	4.3093188833e-02	4.5386052865e-02	4.5386052865e-02	4.6972183386e-02	4.6972183386e-02	4.6972183386e-02	4.9909647201e-02	5.1466000011e-02	
231	0.0	9.7446721357e-03	1.3681751483e-02	4.6628771524e-03	4.6628771524e-03	4.6628771524e-03	4.6628771524e-03	-2.6005328067e-03	-2.6005328067e-03	-2.6005328067e-03	-2.6005328067e-03	-1.4074262575e-02	-1.4074262575e-02	-1.4074262575e-02	-1.4074262575e-02	-2.0108690097e-02	-2.0108690097e-02	-2.0108690097e-02	-2.0108690097e-02	-2.5364446720e-02	-2.5364446720e-02	-2.5364446720e-02	-2.5954037204e-02	-2.9582235060e-02	-2.9582235060e-02	-2.9582235060e-02	-3.2528729239e-02	-3.2528729239e-02	-3.2528729239e-02	-3.2528729239e-02	-3.4013195484e-02	-3.4013195484e-02	-3.4013195484e-02	-3.4013195484e-02	-3.3889955193e-02	-3.3889955193e-02	-3.3889955193e-02	-3.3889955193e-02	-3.2105668888e-02	-3.2105668888e-02	-3.2105668888e-02	-3.2105668888e-02	-2.8721728573e-02	-2.8721728573e-02	-2.8721728573e-02	-2.4245343360e-02	-2.3966556366e-02	-2.3966556366e-02	-2.3966556366e-02	-1.8275709599e-02	-1.8275709599e-02	-1.8275709599e-02	-1.8275709599e-02	-1.2301256035e-02	-1.2301256035e-02	-1.2301256035e-02	-7.2674627530e-03	-6.5750910569e-03	-6.5750910569e-03	-6.5750910569e-03	-6.5750910569e-03	4.8143205423e-03	4.8143205423e-03	4.8143205423e-03	4.8143205423e-03	1.0835137814e-02	1.0835137814e-02	1.0835137814e-02	1.5226208752e-02	1.6332502234e-02	1.6332502234e-02	1.6332502234e-02	2.1100851606e-02	2.1100851606e-02	2.1100851606e-02	2.4436111335e-02	2.4436111335e-02	2.6296517762e-02	2.6296517762e-02	2.6296517762e-02	3.1790263089e-02	3.2891083437e-02	3.2891083437e-02	3.2891083437e-02	3.5408720495e-02	3.6688542949e-02	3.6688542949e-02	3.8774369959e-02	4.0121327443e-02	4.0121327443e-02	4.0121327443e-02	4.1745444677e-02	4.3093190353e-02	4.3093190353e-02	4.5386058078e-02	4.5386058078e-02	4.6972194229e-02	4.6972194229e-02	4.6972194229e-02	4.9909633896e-02	5.1465993335e-02	
232	0.0	9.7444978637e-03	1.3681606965e-02	4.6625584284e-03	4.6625584284e-03	4.6625584284e-03	4.6625584284e-03	-2.6009598959e-03	-2.6009598959e-03	-2.6009598959e-03	-2.6009598959e-03	-1.4074835069e-02	-1.4074835069e-02	-1.4074835069e-02	-1.4074835069e-02	-2.0109311699e-02	-2.0109311699e-02	-2.0109311699e-02	-2.0109311699e-02	-2.5365111566e-02	-2.5365111566e-02	-2.5365111566e-02	-2.5954707230e-02	-2.9582933099e-02	-2.9582933099e-02	-2.9582933099e-02	-3.2529450218e-02	-3.2529450218e-02	-3.2529450218e-02	-3.2529450218e-02	-3.4013928017e-02	-3.4013928017e-02	-3.4013928017e-02	-3.4013928017e-02	-3.3890686475e-02	-3.3890686475e-02	-3.3890686475e-02	-3.3890686475e-02	-3.2106385106e-02	-3.2106385106e-02	-3.2106385106e-02	-3.2106385106e-02	-2.8722415239e-02	-2.8722415239e-02	-2.8722415239e-02	-2.4245986665e-02	-2.3967198145e-02	-2.3967198145e-02	-2.3967198145e-02	-1.8276292139e-02	-1.8276292139e-02	-1.8276292139e-02	-1.8276292139e-02	-1.2301773307e-02	-1.2301773307e-02	-1.2301773307e-02	-7.2679247697e-03	-6.5755488033e-03	-6.5755488033e-03	-6.5755488033e-03	-6.5755488033e-03	4.8140040361e-03	4.8140040361e-03	4.8140040361e-03	4.8140040361e-03	1.0834888325e-02	1.0834888325e-02	1.0834888325e-02	1.5226009334e-02	1.6332310179e-02	1.6332310179e-02	1.6332310179e-02	2.1100708598e-02	2.1100708598e-02	2.1100708598e-02	2.4436005609e-02	2.4436005609e-02	2.6296428795e-02	2.6296428795e-02	2.6296428795e-02	3.1790226178e-02	3.2891048827e-02	3.2891048827e-02	3.2891048827e-02	3.5408705247e-02	3.6688530232e-02	3.6688530232e-02	3.8774368730e-02	4.0121329652e-02	4.0121329652e-02	4.0121329652e-02	4.1745453261e-02	4.3093203233e-02	4.3093203233e-02	4.5386074981e-02	4.5386074981e-02	4.6972216947e-02	4.6972216947e-02	4.6972216947e-02	4.9909632987e-02	5.1465999301e-02	
233	0.0	9.7443293642e-03	1.3681467235e-02	4.6622500361e-03	4.6622500361e-03	4.6622500361e-03	4.6622500361e-03	-2.6013732315e-03	-2.6013732315e-03	-2.6013732315e-03	-2.6013732315e-03	-1.4075389230e-02	-1.4075389230e-02	-1.4075389230e-02	-1.4075389230e-02	-2.0109913637e-02	-2.0109913637e-02	-2.0109913637e-02	-2.0109913637e-02	-2.5365755542e-02	-2.5365755542e-02	-2.5365755542e-02	-2.5955356262e-02	-2.9583609349e-02	-2.9583609349e-02	-2.9583609349e-02	-3.2530148771e-02	-3.2530148771e-02	-3.2530148771e-02	-3.2530148771e-02	-3.4014637811e-02	-3.4014637811e-02	-3.4014637811e-02	-3.4014637811e-02	-3.3891395080e-02	-3.3891395080e-02	-3.3891395080e-02	-3.3891395080e-02	-3.2107079118e-02	-3.2107079118e-02	-3.2107079118e-02	-3.2107079118e-02	-2.8723080585e-02	-2.8723080585e-02	-2.8723080585e-02	-2.4246609883e-02	-2.3967819875e-02	-2.3967819875e-02	-2.3967819875e-02	-1.8276856141e-02	-1.8276856141e-02	-1.8276856141e-02	-1.8276856141e-02	-1.2302273500e-02	-1.2302273500e-02	-1.2302273500e-02	-7.2683708076e-03	-6.5759906852e-03	-6.5759906852e-03	-6.5759906852e-03	-6.5759906852e-03	4.8137000034e-03	4.8137000034e-03	4.8137000034e-03	4.8137000034e-03	1.0834649967e-02	1.0834649967e-02	1.0834649967e-02	1.5225820382e-02	1.6332128381e-02	1.6332128381e-02	1.6332128381e-02	2.1100575224e-02	2.1100575224e-02	2.1100575224e-02	2.4435909237e-02	2.4435909237e-02	2.6296348620e-02	2.6296348620e-02	2.6296348620e-02	3.1790197595e-02	3.2891022658e-02	3.2891022658e-02	3.2891022658e-02	3.5408698456e-02	3.6688526102e-02	3.6688526102e-02	3.8774376299e-02	4.0121340769e-02	4.0121340769e-02	4.0121340769e-02	4.1745471010e-02	4.3093225384e-02	4.3093225384e-02	4.5386101479e-02	4.5386101479e-02	4.6972249428e-02	4.6972249428e-02	4.6972249428e-02	4.9909642408e-02	5.1466015822e-02	
234	0.0	9.7441660966e-03	1.3681331856e-02	4.6619510249e-03	4.6619510249e-03	4.6619510249e-03	4.6619510249e-03	-2.6017740711e-03	-2.6017740711e-03	-2.6017740711e-03	-2.6017740711e-03	-1.4075926709e-02	-1.4075926709e-02	-1.4075926709e-02	-1.4075926709e-02	-2.0110497658e-02	-2.0110497658e-02	-2.0110497658e-02	-2.0110497658e-02	-2.5366380485e-02	-2.5366380485e-02	-2.5366380485e-02	-2.5955986153e-02	-2.9584265715e-02	-2.9584265715e-02	-2.9584265715e-02	-3.2530826847e-02	-3.2530826847e-02	-3.2530826847e-02	-3.2530826847e-02	-3.4015326837e-02	-3.4015326837e-02	-3.4015326837e-02	-3.4015326837e-02	-3.3892082979e-02	-3.3892082979e-02	-3.3892082979e-02	-3.3892082979e-02	-3.2107752869e-02	-3.2107752869e-02	-3.2107752869e-02	-3.2107752869e-02	-2.8723726515e-02	-2.8723726515e-02	-2.8723726515e-02	-2.4247214874e-02	-2.3968423412e-02	-2.3968423412e-02	-2.3968423412e-02	-1.8277403424e-02	-1.8277403424e-02	-1.8277403424e-02	-1.8277403424e-02	-1.2302758423e-02	-1.2302758423e-02	-1.2302758423e-02	-7.2688026821e-03	-6.5764185072e-03	-6.5764185072e-03	-6.5764185072e-03	-6.5764185072e-03	4.8134066644e-03	4.8134066644e-03	4.8134066644e-03	4.8134066644e-03	1.0834420961e-02	1.0834420961e-02	1.0834420961e-02	1.5225640085e-02	1.6331955046e-02	1.6331955046e-02	1.6331955046e-02	2.1100449670e-02	2.1100449670e-02	2.1100449670e-02	2.4435820368e-02	2.4435820368e-02	2.6296275423e-02	2.6296275423e-02	2.6296275423e-02	3.1790175481e-02	3.2891003065e-02	3.2891003065e-02	3.2891003065e-02	3.5408698233e-02	3.6688528665e-02	3.6688528665e-02	3.8774390747e-02	4.0121358870e-02	4.0121358870e-02	4.0121358870e-02	4.1745495981e-02	4.3093254856e-02	4.3093254856e-02	4.5386135608e-02	4.5386135608e-02	4.6972289698e-02	4.6972289698e-02	4.6972289698e-02	4.9909660210e-02	5.1466040928e-02	
235	0.0	9.7440075489e-03	1.3681200409e-02	4.6616604954e-03	4.6616604954e-03	4.6616604954e-03	4.6616604954e-03	-2.6021636034e-03	-2.6021636034e-03	-2.6021636034e-03	-2.6021636034e-03	-1.4076449066e-02	-1.4076449066e-02	-1.4076449066e-02	-1.4076449066e-02	-2.0111065415e-02	-2.0111065415e-02	-2.0111065415e-02	-2.0111065415e-02	-2.5366988132e-02	-2.5366988132e-02	-2.5366988132e-02	-2.5956598651e-02	-2.9584903993e-02	-2.9584903993e-02	-2.9584903993e-02	-3.2531486284e-02	-3.2531486284e-02	-3.2531486284e-02	-3.2531486284e-02	-3.4015996954e-02	-3.4015996954e-02	-3.4015996954e-02	-3.4015996954e-02	-3.3892752028e-02	-3.3892752028e-02	-3.3892752028e-02	-3.3892752028e-02	-3.2108408195e-02	-3.2108408195e-02	-3.2108408195e-02	-3.2108408195e-02	-2.8724354823e-02	-2.8724354823e-02	-2.8724354823e-02	-2.4247803389e-02	-2.3969010502e-02	-2.3969010502e-02	-2.3969010502e-02	-1.8277935701e-02	-1.8277935701e-02	-1.8277935701e-02	-1.8277935701e-02	-1.2303229774e-02	-1.2303229774e-02	-1.2303229774e-02	-7.2692220953e-03	-6.5768339617e-03	-6.5768339617e-03	-6.5768339617e-03	-6.5768339617e-03	4.8131223573e-03	4.8131223573e-03	4.8131223573e-03	4.8131223573e-03	1.0834199648e-02	1.0834199648e-02	1.0834199648e-02	1.5225466751e-02	1.6331788499e-02	1.6331788499e-02	1.6331788499e-02	2.1100330241e-02	2.1100330241e-02	2.1100330241e-02	2.4435737266e-02	2.4435737266e-02	2.6296207508e-02	2.6296207508e-02	2.6296207508e-02	3.1790158093e-02	3.2890988299e-02	3.2890988299e-02	3.2890988299e-02	3.5408702802e-02	3.6688536137e-02	3.6688536137e-02	3.8774410266e-02	4.0121382143e-02	4.0121382143e-02	4.0121382143e-02	4.1745526342e-02	4.3093289808e-02	4.3093289808e-02	4.5386175512e-02	4.5386175512e-02	4.6972335885e-02	4.6972335885e-02	4.6972335885e-02	4.9909684546e-02	5.1466072748e-02	
236	0.0	9.7438532367e-03	1.3681072497e-02	4.6613775961e-03	4.6613775961e-03	4.6613775961e-03	4.6613775961e-03	-2.6025429515e-03	-2.6025429515e-03	-2.6025429515e-03	-2.6025429515e-03	-1.4076957774e-02	-1.4076957774e-02	-1.4076957774e-02	-1.4076957774e-02	-2.0111618467e-02	-2.0111618467e-02	-2.0111618467e-02	-2.0111618467e-02	-2.5367580120e-02	-2.5367580120e-02	-2.5367580120e-02	-2.5957195402e-02	-2.9585525880e-02	-2.9585525880e-02	-2.9585525880e-02	-3.2532128817e-02	-3.2532128817e-02	-3.2532128817e-02	-3.2532128817e-02	-3.4016649915e-02	-3.4016649915e-02	-3.4016649915e-02	-3.4016649915e-02	-3.3893403981e-02	-3.3893403981e-02	-3.3893403981e-02	-3.3893403981e-02	-3.2109046824e-02	-3.2109046824e-02	-3.2109046824e-02	-3.2109046824e-02	-2.8724967198e-02	-2.8724967198e-02	-2.8724967198e-02	-2.4248377072e-02	-2.3969582789e-02	-2.3969582789e-02	-2.3969582789e-02	-1.8278454577e-02	-1.8278454577e-02	-1.8278454577e-02	-1.8278454577e-02	-1.2303689142e-02	-1.2303689142e-02	-1.2303689142e-02	-7.2696306381e-03	-6.5772386308e-03	-6.5772386308e-03	-6.5772386308e-03	-6.5772386308e-03	4.8128455365e-03	4.8128455365e-03	4.8128455365e-03	4.8128455365e-03	1.0833984485e-02	1.0833984485e-02	1.0833984485e-02	1.5225298810e-02	1.6331627184e-02	1.6331627184e-02	1.6331627184e-02	2.1100215362e-02	2.1100215362e-02	2.1100215362e-02	2.4435658319e-02	2.4435658319e-02	2.6296143298e-02	2.6296143298e-02	2.6296143298e-02	3.1790143810e-02	3.2890976732e-02	3.2890976732e-02	3.2890976732e-02	3.5408710513e-02	3.6688546859e-02	3.6688546859e-02	3.8774433173e-02	4.0121408893e-02	4.0121408893e-02	4.0121408893e-02	4.1745560379e-02	4.3093328519e-02	4.3093328519e-02	4.5386219453e-02	4.5386219453e-02	4.6972386235e-02	4.6972386235e-02	4.6972386235e-02	4.9909713685e-02	5.1466109528e-02	
237	0.0	9.7437027153e-03	1.3680947757e-02	4.6611015463e-03	4.6611015463e-03	4.6611015463e-03	4.6611015463e-03	-2.6029131467e-03	-2.6029131467e-03	-2.6029131467e-03	-2.6029131467e-03	-1.4077454186e-02	-1.4077454186e-02	-1.4077454186e-02	-1.4077454186e-02	-2.0112158248e-02	-2.0112158248e-02	-2.0112158248e-02	-2.0112158248e-02	-2.5368157955e-02	-2.5368157955e-02	-2.5368157955e-02	-2.5957777924e-02	-2.9586132935e-02	-2.9586132935e-02	-2.9586132935e-02	-3.2532756043e-02	-3.2532756043e-02	-3.2532756043e-02	-3.2532756043e-02	-3.4017287337e-02	-3.4017287337e-02	-3.4017287337e-02	-3.4017287337e-02	-3.3894040449e-02	-3.3894040449e-02	-3.3894040449e-02	-3.3894040449e-02	-3.2109670348e-02	-3.2109670348e-02	-3.2109670348e-02	-3.2109670348e-02	-2.8725565193e-02	-2.8725565193e-02	-2.8725565193e-02	-2.4248937433e-02	-2.3970141777e-02	-2.3970141777e-02	-2.3970141777e-02	-1.8278961521e-02	-1.8278961521e-02	-1.8278961521e-02	-1.8278961521e-02	-1.2304137982e-02	-1.2304137982e-02	-1.2304137982e-02	-7.2700297657e-03	-6.5776339618e-03	-6.5776339618e-03	-6.5776339618e-03	-6.5776339618e-03	4.8125747953e-03	4.8125747953e-03	4.8125747953e-03	4.8125747953e-03	1.0833774070e-02	1.0833774070e-02	1.0833774070e-02	1.5225134832e-02	1.6331469685e-02	1.6331469685e-02	1.6331469685e-02	2.1100103596e-02	2.1100103596e-02	2.1100103596e-02	2.4435582055e-02	2.4435582055e-02	2.6296081355e-02	2.6296081355e-02	2.6296081355e-02	3.1790131149e-02	3.2890966873e-02	3.2890966873e-02	3.2890966873e-02	3.5408719847e-02	3.6688559303e-02	3.6688559303e-02	3.8774457915e-02	4.0121437561e-02	4.0121437561e-02	4.0121437561e-02	4.1745596510e-02	4.3093369396e-02	4.3093369396e-02	4.5386265821e-02	4.5386265821e-02	4.6972439121e-02	4.6972439121e-02	4.6972439121e-02	4.9909746017e-02	5.1466149635e-02	
238	0.0	9.7435555718e-03	1.3680825850e-02	4.6608316213e-03	4.6608316213e-03	4.6608316213e-03	4.6608316213e-03	-2.6032751455e-03	-2.6032751455e-03	-2.6032751455e-03	-2.6032751455e-03	-1.4077939559e-02	-1.4077939559e-02	-1.4077939559e-02	-1.4077939559e-02	-2.0112686088e-02	-2.0112686088e-02	-2.0112686088e-02	-2.0112686088e-02	-2.5368723033e-02	-2.5368723033e-02	-2.5368723033e-02	-2.5958347620e-02	-2.9586726604e-02	-2.9586726604e-02	-2.9586726604e-02	-3.2533369441e-02	-3.2533369441e-02	-3.2533369441e-02	-3.2533369441e-02	-3.4017910714e-02	-3.4017910714e-02	-3.4017910714e-02	-3.4017910714e-02	-3.3894662927e-02	-3.3894662927e-02	-3.3894662927e-02	-3.3894662927e-02	-3.2110280240e-02	-3.2110280240e-02	-3.2110280240e-02	-3.2110280240e-02	-2.8726150245e-02	-2.8726150245e-02	-2.8726150245e-02	-2.4249485867e-02	-2.3970688860e-02	-2.3970688860e-02	-2.3970688860e-02	-1.8279457890e-02	-1.8279457890e-02	-1.8279457890e-02	-1.8279457890e-02	-1.2304577630e-02	-1.2304577630e-02	-1.2304577630e-02	-7.2704208150e-03	-6.5780212842e-03	-6.5780212842e-03	-6.5780212842e-03	-6.5780212842e-03	4.8123088493e-03	4.8123088493e-03	4.8123088493e-03	4.8123088493e-03	1.0833567125e-02	1.0833567125e-02	1.0833567125e-02	1.5224973513e-02	1.6331314710e-02	1.6331314710e-02	1.6331314710e-02	2.1099993632e-02	2.1099993632e-02	2.1099993632e-02	2.4435507126e-02	2.4435507126e-02	2.6296020363e-02	2.6296020363e-02	2.6296020363e-02	3.1790118753e-02	3.2890957356e-02	3.2890957356e-02	3.2890957356e-02	3.5408729413e-02	3.6688572068e-02	3.6688572068e-02	3.8774483064e-02	4.0121466708e-02	4.0121466708e-02	4.0121466708e-02	4.1745633275e-02	4.3093410969e-02	4.3093410969e-02	4.5386313125e-02	4.5386313125e-02	4.6972493035e-02	4.6972493035e-02	4.6972493035e-02	4.9909780049e-02	5.1466191549e-02	
239	0.0	9.7434114304e-03	1.3680706466e-02	4.6605671616e-03	4.6605671616e-03	4.6605671616e-03	4.6605671616e-03	-2.6036298189e-03	-2.6036298189e-03	-2.6036298189e-03	-2.6036298189e-03	-1.4078415038e-02	-1.4078415038e-02	-1.4078415038e-02	-1.4078415038e-02	-2.0113203198e-02	-2.0113203198e-02	-2.0113203198e-02	-2.0113203198e-02	-2.5369276628e-02	-2.5369276628e-02	-2.5369276628e-02	-2.5958905773e-02	-2.9587308207e-02	-2.9587308207e-02	-2.9587308207e-02	-3.2533970362e-02	-3.2533970362e-02	-3.2533970362e-02	-3.2533970362e-02	-3.4018521414e-02	-3.4018521414e-02	-3.4018521414e-02	-3.4018521414e-02	-3.3895272779e-02	-3.3895272779e-02	-3.3895272779e-02	-3.3895272779e-02	-3.2110877844e-02	-3.2110877844e-02	-3.2110877844e-02	-3.2110877844e-02	-2.8726723661e-02	-2.8726723661e-02	-2.8726723661e-02	-2.4250023641e-02	-2.3971225302e-02	-2.3971225302e-02	-2.3971225302e-02	-1.8279944913e-02	-1.8279944913e-02	-1.8279944913e-02	-1.8279944913e-02	-1.2305009297e-02	-1.2305009297e-02	-1.2305009297e-02	-7.2708049940e-03	-6.5784017995e-03	-6.5784017995e-03	-6.5784017995e-03	-6.5784017995e-03	4.8120465453e-03	4.8120465453e-03	4.8120465453e-03	4.8120465453e-03	1.0833362503e-02	1.0833362503e-02	1.0833362503e-02	1.5224813681e-02	1.6331161100e-02	1.6331161100e-02	1.6331161100e-02	2.1099884292e-02	2.1099884292e-02	2.1099884292e-02	2.4435432319e-02	2.4435432319e-02	2.6295959139e-02	2.6295959139e-02	2.6295959139e-02	3.1790105400e-02	3.2890946948e-02	3.2890946948e-02	3.2890946948e-02	3.5408737953e-02	3.6688583886e-02	3.6688583886e-02	3.8774507325e-02	4.0121495029e-02	4.0121495029e-02	4.0121495029e-02	4.1745669346e-02	4.3093451898e-02	4.3093451898e-02	4.5386360004e-02	4.5386360004e-02	4.6972546600e-02	4.6972546600e-02	4.6972546600e-02	4.9909814412e-02	5.1466233878e-02	
240	0.0	9.7432699513e-03	1.3680589330e-02	4.6603075716e-03	4.6603075716e-03	4.6603075716e-03	4.6603075716e-03	-2.6039779543e-03	-2.6039779543e-03	-2.6039779543e-03	-2.6039779543e-03	-1.4078881659e-02	-1.4078881659e-02	-1.4078881659e-02	-1.4078881659e-02	-2.0113710677e-02	-2.0113710677e-02	-2.0113710677e-02	-2.0113710677e-02	-2.5369819894e-02	-2.5369819894e-02	-2.5369819894e-02	-2.5959453542e-02	-2.9587878939e-02	-2.9587878939e-02	-2.9587878939e-02	-3.2534560031e-02	-3.2534560031e-02	-3.2534560031e-02	-3.2534560031e-02	-3.4019120673e-02	-3.4019120673e-02	-3.4019120673e-02	-3.4019120673e-02	-3.3895871239e-02	-3.3895871239e-02	-3.3895871239e-02	-3.3895871239e-02	-3.2111464375e-02	-3.2111464375e-02	-3.2111464375e-02	-3.2111464375e-02	-2.8727286625e-02	-2.8727286625e-02	-2.8727286625e-02	-2.4250551898e-02	-2.3971752245e-02	-2.3971752245e-02	-2.3971752245e-02	-1.8280423696e-02	-1.8280423696e-02	-1.8280423696e-02	-1.8280423696e-02	-1.2305434069e-02	-1.2305434069e-02	-1.2305434069e-02	-7.2711833859e-03	-6.5787765847e-03	-6.5787765847e-03	-6.5787765847e-03	-6.5787765847e-03	4.8117868581e-03	4.8117868581e-03	4.8117868581e-03	4.8117868581e-03	1.0833159188e-02	1.0833159188e-02	1.0833159188e-02	1.5224654295e-02	1.6331007825e-02	1.6331007825e-02	1.6331007825e-02	2.1099774525e-02	2.1099774525e-02	2.1099774525e-02	2.4435356553e-02	2.4435356553e-02	2.6295896630e-02	2.6295896630e-02	2.6295896630e-02	3.1790089994e-02	3.2890934548e-02	3.2890934548e-02	3.2890934548e-02	3.5408744338e-02	3.6688593619e-02	3.6688593619e-02	3.8774529532e-02	4.0121521347e-02	4.0121521347e-02	4.0121521347e-02	4.1745703522e-02	4.3093490973e-02	4.3093490973e-02	4.5386405223e-02	4.5386405223e-02	4.6972598563e-02	4.6972598563e-02	4.6972598563e-02	4.9909847857e-02	5.1466275349e-02	
241	0.0	9.7431308268e-03	1.3680474187e-02	4.6600523121e-03	4.6600523121e-03	4.6600523121e-03	4.6600523121e-03	-2.6043202646e-03	-2.6043202646e-03	-2.6043202646e-03	-2.6043202646e-03	-1.4079340363e-02	-1.4079340363e-02	-1.4079340363e-02	-1.4079340363e-02	-2.0114209519e-02	-2.0114209519e-02	-2.0114209519e-02	-2.0114209519e-02	-2.5370353876e-02	-2.5370353876e-02	-2.5370353876e-02	-2.5959991980e-02	-2.9588439884e-02	-2.9588439884e-02	-2.9588439884e-02	-3.2535139556e-02	-3.2535139556e-02	-3.2535139556e-02	-3.2535139556e-02	-3.4019709615e-02	-3.4019709615e-02	-3.4019709615e-02	-3.4019709615e-02	-3.3896459429e-02	-3.3896459429e-02	-3.3896459429e-02	-3.3896459429e-02	-3.2112040938e-02	-3.2112040938e-02	-3.2112040938e-02	-3.2112040938e-02	-2.8727840207e-02	-2.8727840207e-02	-2.8727840207e-02	-2.4251071672e-02	-2.3972270719e-02	-2.3972270719e-02	-2.3972270719e-02	-1.8280895233e-02	-1.8280895233e-02	-1.8280895233e-02	-1.8280895233e-02	-1.2305852921e-02	-1.2305852921e-02	-1.2305852921e-02	-7.2715569589e-03	-6.5791466027e-03	-6.5791466027e-03	-6.5791466027e-03	-6.5791466027e-03	4.8115288811e-03	4.8115288811e-03	4.8115288811e-03	4.8115288811e-03	1.0832956283e-02	1.0832956283e-02	1.0832956283e-02	1.5224494441e-02	1.6330853979e-02	1.6330853979e-02	1.6330853979e-02	2.1099663410e-02	2.1099663410e-02	2.1099663410e-02	2.4435278873e-02	2.4435278873e-02	2.6295831908e-02	2.6295831908e-02	2.6295831908e-02	3.1790071573e-02	3.2890919181e-02	3.2890919181e-02	3.2890919181e-02	3.5408747570e-02	3.6688600256e-02	3.6688600256e-02	3.8774548648e-02	4.0121544618e-02	4.0121544618e-02	4.0121544618e-02	4.1745734733e-02	4.3093527114e-02	4.3093527114e-02	4.5386447679e-02	4.5386447679e-02	4.6972647803e-02	4.6972647803e-02	4.6972647803e-02	4.9909879264e-02	5.1466314819e-02	
242	0.0	9.7429937753e-03	1.3680360804e-02	4.6598008888e-03	4.6598008888e-03	4.6598008888e-03	4.6598008888e-03	-2.6046574008e-03	-2.6046574008e-03	-2.6046574008e-03	-2.6046574008e-03	-1.4079792005e-02	-1.4079792005e-02	-1.4079792005e-02	-1.4079792005e-02	-2.0114700631e-02	-2.0114700631e-02	-2.0114700631e-02	-2.0114700631e-02	-2.5370879526e-02	-2.5370879526e-02	-2.5370879526e-02	-2.5960522043e-02	-2.9588992028e-02	-2.9588992028e-02	-2.9588992028e-02	-3.2535709948e-02	-3.2535709948e-02	-3.2535709948e-02	-3.2535709948e-02	-3.4020289259e-02	-3.4020289259e-02	-3.4020289259e-02	-3.4020289259e-02	-3.3897038365e-02	-3.3897038365e-02	-3.3897038365e-02	-3.3897038365e-02	-3.2112608532e-02	-3.2112608532e-02	-3.2112608532e-02	-3.2112608532e-02	-2.8728385375e-02	-2.8728385375e-02	-2.8728385375e-02	-2.4251583893e-02	-2.3972781654e-02	-2.3972781654e-02	-2.3972781654e-02	-1.8281360419e-02	-1.8281360419e-02	-1.8281360419e-02	-1.8281360419e-02	-1.2306266726e-02	-1.2306266726e-02	-1.2306266726e-02	-7.2719265784e-03	-6.5795127146e-03	-6.5795127146e-03	-6.5795127146e-03	-6.5795127146e-03	4.8112718126e-03	4.8112718126e-03	4.8112718126e-03	4.8112718126e-03	1.0832752996e-02	1.0832752996e-02	1.0832752996e-02	1.5224333309e-02	1.6330698761e-02	1.6330698761e-02	1.6330698761e-02	2.1099550129e-02	2.1099550129e-02	2.1099550129e-02	2.4435198436e-02	2.4435198436e-02	2.6295764153e-02	2.6295764153e-02	2.6295764153e-02	3.1790049285e-02	3.2890899987e-02	3.2890899987e-02	3.2890899987e-02	3.5408746764e-02	3.6688602902e-02	3.6688602902e-02	3.8774563751e-02	4.0121563906e-02	4.0121563906e-02	4.0121563906e-02	4.1745762023e-02	4.3093559350e-02	4.3093559350e-02	4.5386486380e-02	4.5386486380e-02	4.6972693309e-02	4.6972693309e-02	4.6972693309e-02	4.9909907627e-02	5.1466351256e-02	
243	0.0	9.7428585528e-03	1.3680248979e-02	4.6595528747e-03	4.6595528747e-03	4.6595528747e-03	4.6595528747e-03	-2.6049899278e-03	-2.6049899278e-03	-2.6049899278e-03	-2.6049899278e-03	-1.4080237332e-02	-1.4080237332e-02	-1.4080237332e-02	-1.4080237332e-02	-2.0115184803e-02	-2.0115184803e-02	-2.0115184803e-02	-2.0115184803e-02	-2.5371397676e-02	-2.5371397676e-02	-2.5371397676e-02	-2.5961044565e-02	-2.9589536232e-02	-2.9589536232e-02	-2.9589536232e-02	-3.2536272089e-02	-3.2536272089e-02	-3.2536272089e-02	-3.2536272089e-02	-3.4020860500e-02	-3.4020860500e-02	-3.4020860500e-02	-3.4020860500e-02	-3.3897608939e-02	-3.3897608939e-02	-3.3897608939e-02	-3.3897608939e-02	-3.2113168032e-02	-3.2113168032e-02	-3.2113168032e-02	-3.2113168032e-02	-2.8728922978e-02	-2.8728922978e-02	-2.8728922978e-02	-2.4252089372e-02	-2.3973285861e-02	-2.3973285861e-02	-2.3973285861e-02	-1.8281820030e-02	-1.8281820030e-02	-1.8281820030e-02	-1.8281820030e-02	-1.2306676235e-02	-1.2306676235e-02	-1.2306676235e-02	-7.2722929871e-03	-6.5798756591e-03	-6.5798756591e-03	-6.5798756591e-03	-6.5798756591e-03	4.8110149766e-03	4.8110149766e-03	4.8110149766e-03	4.8110149766e-03	1.0832548665e-02	1.0832548665e-02	1.0832548665e-02	1.5224170222e-02	1.6330541502e-02	1.6330541502e-02	1.6330541502e-02	2.1099433999e-02	2.1099433999e-02	2.1099433999e-02	2.4435114532e-02	2.4435114532e-02	2.6295692676e-02	2.6295692676e-02	2.6295692676e-02	3.1790022410e-02	3.2890876236e-02	3.2890876236e-02	3.2890876236e-02	3.5408741169e-02	3.6688600795e-02	3.6688600795e-02	3.8774574053e-02	4.0121578413e-02	4.0121578413e-02	4.0121578413e-02	4.1745784569e-02	4.3093586850e-02	4.3093586850e-02	4.5386520470e-02	4.5386520470e-02	4.6972734210e-02	4.6972734210e-02	4.6972734210e-02	4.9909932066e-02	5.1466383757e-02	
244	0.0	9.7427249360e-03	1.3680138525e-02	4.6593078781e-03	4.6593078781e-03	4.6593078781e-03	4.6593078781e-03	-2.6053183605e-03	-2.6053183605e-03	-2.6053183605e-03	-2.6053183605e-03	-1.4080677020e-02	-1.4080677020e-02	-1.4080677020e-02	-1.4080677020e-02	-2.0115662751e-02	-2.0115662751e-02	-2.0115662751e-02	-2.0115662751e-02	-2.5371909078e-02	-2.5371909078e-02	-2.5371909078e-02	-2.5961560302e-02	-2.9590073276e-02	-2.9590073276e-02	-2.9590073276e-02	-3.2536826777e-02	-3.2536826777e-02	-3.2536826777e-02	-3.2536826777e-02	-3.4021424144e-02	-3.4021424144e-02	-3.4021424144e-02	-3.4021424144e-02	-3.3898171954e-02	-3.3898171954e-02	-3.3898171954e-02	-3.3898171954e-02	-3.2113720226e-02	-3.2113720226e-02	-3.2113720226e-02	-3.2113720226e-02	-2.8729453776e-02	-2.8729453776e-02	-2.8729453776e-02	-2.4252588838e-02	-2.3973784065e-02	-2.3973784065e-02	-2.3973784065e-02	-1.8282274757e-02	-1.8282274757e-02	-1.8282274757e-02	-1.8282274757e-02	-1.2307082117e-02	-1.2307082117e-02	-1.2307082117e-02	-7.2726568433e-03	-6.5802360918e-03	-6.5802360918e-03	-6.5802360918e-03	-6.5802360918e-03	4.8107577809e-03	4.8107577809e-03	4.8107577809e-03	4.8107577809e-03	1.0832342711e-02	1.0832342711e-02	1.0832342711e-02	1.5224004589e-02	1.6330381615e-02	1.6330381615e-02	1.6330381615e-02	2.1099314418e-02	2.1099314418e-02	2.1099314418e-02	2.4435026536e-02	2.4435026536e-02	2.6295616872e-02	2.6295616872e-02	2.6295616872e-02	3.1789990316e-02	3.2890847286e-02	3.2890847286e-02	3.2890847286e-02	3.5408730119e-02	3.6688593257e-02	3.6688593257e-02	3.8774578851e-02	4.0121587424e-02	4.0121587424e-02	4.0121587424e-02	4.1745801635e-02	4.3093608862e-02	4.3093608862e-02	4.5386549176e-02	4.5386549176e-02	4.6972769710e-02	4.6972769710e-02	4.6972769710e-02	4.9909951785e-02	5.1466411504e-02	
245	0.0	9.7425927489e-03	1.3680029300e-02	4.6590655914e-03	4.6590655914e-03	4.6590655914e-03	4.6590655914e-03	-2.6056431091e-03	-2.6056431091e-03	-2.6056431091e-03	-2.6056431091e-03	-1.4081111618e-02	-1.4081111618e-02	-1.4081111618e-02	-1.4081111618e-02	-2.0116135055e-02	-2.0116135055e-02	-2.0116135055e-02	-2.0116135055e-02	-2.5372414343e-02	-2.5372414343e-02	-2.5372414343e-02	-2.5962069869e-02	-2.9590603796e-02	-2.9590603796e-02	-2.9590603796e-02	-3.2537374666e-02	-3.2537374666e-02	-3.2537374666e-02	-3.2537374666e-02	-3.4021980852e-02	-3.4021980852e-02	-3.4021980852e-02	-3.4021980852e-02	-3.3898728070e-02	-3.3898728070e-02	-3.3898728070e-02	-3.3898728070e-02	-3.2114265760e-02	-3.2114265760e-02	-3.2114265760e-02	-3.2114265760e-02	-2.8729978390e-02	-2.8729978390e-02	-2.8729978390e-02	-2.4253082878e-02	-2.3974276854e-02	-2.3974276854e-02	-2.3974276854e-02	-1.8282725155e-02	-1.8282725155e-02	-1.8282725155e-02	-1.8282725155e-02	-1.2307484902e-02	-1.2307484902e-02	-1.2307484902e-02	-7.2730186667e-03	-6.5805945286e-03	-6.5805945286e-03	-6.5805945286e-03	-6.5805945286e-03	4.8104997760e-03	4.8104997760e-03	4.8104997760e-03	4.8104997760e-03	1.0832134699e-02	1.0832134699e-02	1.0832134699e-02	1.5223835963e-02	1.6330218661e-02	1.6330218661e-02	1.6330218661e-02	2.1099190938e-02	2.1099190938e-02	2.1099190938e-02	2.4434933978e-02	2.4434933978e-02	2.6295536290e-02	2.6295536290e-02	2.6295536290e-02	3.1789952527e-02	3.2890812651e-02	3.2890812651e-02	3.2890812651e-02	3.5408713109e-02	3.6688579773e-02	3.6688579773e-02	3.8774577606e-02	4.0121590392e-02	4.0121590392e-02	4.0121590392e-02	4.1745812649e-02	4.3093624808e-02	4.3093624808e-02	4.5386571891e-02	4.5386571891e-02	4.6972799192e-02	4.6972799192e-02	4.6972799192e-02	4.9909966149e-02	5.1466433842e-02	
246	0.0	9.7424618308e-03	1.3679921169e-02	4.6588257330e-03	4.6588257330e-03	4.6588257330e-03	4.6588257330e-03	-2.6059645452e-03	-2.6059645452e-03	-2.6059645452e-03	-2.6059645452e-03	-1.4081541617e-02	-1.4081541617e-02	-1.4081541617e-02	-1.4081541617e-02	-2.0116602238e-02	-2.0116602238e-02	-2.0116602238e-02	-2.0116602238e-02	-2.5372914023e-02	-2.5372914023e-02	-2.5372914023e-02	-2.5962573819e-02	-2.9591128363e-02	-2.9591128363e-02	-2.9591128363e-02	-3.2537916341e-02	-3.2537916341e-02	-3.2537916341e-02	-3.2537916341e-02	-3.4022531217e-02	-3.4022531217e-02	-3.4022531217e-02	-3.4022531217e-02	-3.3899277877e-02	-3.3899277877e-02	-3.3899277877e-02	-3.3899277877e-02	-3.2114805211e-02	-3.2114805211e-02	-3.2114805211e-02	-3.2114805211e-02	-2.8730497373e-02	-2.8730497373e-02	-2.8730497373e-02	-2.4253572014e-02	-2.3974764750e-02	-2.3974764750e-02	-2.3974764750e-02	-1.8283171712e-02	-1.8283171712e-02	-1.8283171712e-02	-1.8283171712e-02	-1.2307885056e-02	-1.2307885056e-02	-1.2307885056e-02	-7.2733789075e-03	-6.5809514175e-03	-6.5809514175e-03	-6.5809514175e-03	-6.5809514175e-03	4.8102405818e-03	4.8102405818e-03	4.8102405818e-03	4.8102405818e-03	1.0831924266e-02	1.0831924266e-02	1.0831924266e-02	1.5223663974e-02	1.6330052275e-02	1.6330052275e-02	1.6330052275e-02	2.1099063182e-02	2.1099063182e-02	2.1099063182e-02	2.4434836463e-02	2.4434836463e-02	2.6295450551e-02	2.6295450551e-02	2.6295450551e-02	3.1789908641e-02	3.2890771923e-02	3.2890771923e-02	3.2890771923e-02	3.5408689709e-02	3.6688559904e-02	3.6688559904e-02	3.8774569852e-02	4.0121586841e-02	4.0121586841e-02	4.0121586841e-02	4.1745817114e-02	4.3093634180e-02	4.3093634180e-02	4.5386588085e-02	4.5386588085e-02	4.6972822109e-02	4.6972822109e-02	4.6972822109e-02	4.9909974599e-02	5.1466450192e-02	
247	0.0	9.7423320475e-03	1.3679814021e-02	4.6585880674e-03	4.6585880674e-03	4.6585880674e-03	4.6585880674e-03	-2.6062829804e-03	-2.6062829804e-03	-2.6062829804e-03	-2.6062829804e-03	-1.4081967433e-02	-1.4081967433e-02	-1.4081967433e-02	-1.4081967433e-02	-2.0117064740e-02	-2.0117064740e-02	-2.0117064740e-02	-2.0117064740e-02	-2.5373408579e-02	-2.5373408579e-02	-2.5373408579e-02	-2.5963072614e-02	-2.9591647458e-02	-2.9591647458e-02	-2.9591647458e-02	-3.2538452295e-02	-3.2538452295e-02	-3.2538452295e-02	-3.2538452295e-02	-3.4023075738e-02	-3.4023075738e-02	-3.4023075738e-02	-3.4023075738e-02	-3.3899821871e-02	-3.3899821871e-02	-3.3899821871e-02	-3.3899821871e-02	-3.2115339064e-02	-3.2115339064e-02	-3.2115339064e-02	-3.2115339064e-02	-2.8731011189e-02	-2.8731011189e-02	-2.8731011189e-02	-2.4254056680e-02	-2.3975248186e-02	-2.3975248186e-02	-2.3975248186e-02	-1.8283614829e-02	-1.8283614829e-02	-1.8283614829e-02	-1.8283614829e-02	-1.2308282952e-02	-1.2308282952e-02	-1.2308282952e-02	-7.2737379264e-03	-6.5813071174e-03	-6.5813071174e-03	-6.5813071174e-03	-6.5813071174e-03	4.8099799093e-03	4.8099799093e-03	4.8099799093e-03	4.8099799093e-03	1.0831711139e-02	1.0831711139e-02	1.0831711139e-02	1.5223488344e-02	1.6329882183e-02	1.6329882183e-02	1.6329882183e-02	2.1098930869e-02	2.1098930869e-02	2.1098930869e-02	2.4434733694e-02	2.4434733694e-02	2.6295359373e-02	2.6295359373e-02	2.6295359373e-02	3.1789858359e-02	3.2890724792e-02	3.2890724792e-02	3.2890724792e-02	3.5408659593e-02	3.6688533314e-02	3.6688533314e-02	3.8774555233e-02	4.0121576404e-02	4.0121576404e-02	4.0121576404e-02	4.1745814643e-02	4.3093636579e-02	4.3093636579e-02	4.5386597336e-02	4.5386597336e-02	4.6972838023e-02	4.6972838023e-02	4.6972838023e-02	4.9909976682e-02	5.1466460083e-02	
248	0.0	9.7422032893e-03	1.3679707762e-02	4.6583524028e-03	4.6583524028e-03	4.6583524028e-03	4.6583524028e-03	-2.6065986688e-03	-2.6065986688e-03	-2.6065986688e-03	-2.6065986688e-03	-1.4082389405e-02	-1.4082389405e-02	-1.4082389405e-02	-1.4082389405e-02	-2.0117522921e-02	-2.0117522921e-02	-2.0117522921e-02	-2.0117522921e-02	-2.5373898393e-02	-2.5373898393e-02	-2.5373898393e-02	-2.5963566638e-02	-2.9592161477e-02	-2.9592161477e-02	-2.9592161477e-02	-3.2538982935e-02	-3.2538982935e-02	-3.2538982935e-02	-3.2538982935e-02	-3.4023614827e-02	-3.4023614827e-02	-3.4023614827e-02	-3.4023614827e-02	-3.3900360462e-02	-3.3900360462e-02	-3.3900360462e-02	-3.3900360462e-02	-3.2115867718e-02	-3.2115867718e-02	-3.2115867718e-02	-3.2115867718e-02	-2.8731520215e-02	-2.8731520215e-02	-2.8731520215e-02	-2.4254537227e-02	-2.3975727510e-02	-2.3975727510e-02	-2.3975727510e-02	-1.8284054825e-02	-1.8284054825e-02	-1.8284054825e-02	-1.8284054825e-02	-1.2308678882e-02	-1.2308678882e-02	-1.2308678882e-02	-7.2740959995e-03	-6.5816619031e-03	-6.5816619031e-03	-6.5816619031e-03	-6.5816619031e-03	4.8097175543e-03	4.8097175543e-03	4.8097175543e-03	4.8097175543e-03	1.0831495133e-02	1.0831495133e-02	1.0831495133e-02	1.5223308887e-02	1.6329708201e-02	1.6329708201e-02	1.6329708201e-02	2.1098793809e-02	2.1098793809e-02	2.1098793809e-02	2.4434625468e-02	2.4434625468e-02	2.6295262567e-02	2.6295262567e-02	2.6295262567e-02	3.1789801477e-02	3.2890671046e-02	3.2890671046e-02	3.2890671046e-02	3.5408622532e-02	3.6688499762e-02	3.6688499762e-02	3.8774533487e-02	4.0121558811e-02	4.0121558811e-02	4.0121558811e-02	4.1745804945e-02	4.3093631706e-02	4.3093631706e-02	4.5386599323e-02	4.5386599323e-02	4.6972846598e-02	4.6972846598e-02	4.6972846598e-02	4.9909972046e-02	5.1466463145e-02	
249	0.0	9.7420754692e-03	1.3679602319e-02	4.6581185863e-03	4.6581185863e-03	4.6581185863e-03	4.6581185863e-03	-2.6069118130e-03	-2.6069118130e-03	-2.6069118130e-03	-2.6069118130e-03	-1.4082807804e-02	-1.4082807804e-02	-1.4082807804e-02	-1.4082807804e-02	-2.0117977069e-02	-2.0117977069e-02	-2.0117977069e-02	-2.0117977069e-02	-2.5374383769e-02	-2.5374383769e-02	-2.5374383769e-02	-2.5964056194e-02	-2.9592670737e-02	-2.9592670737e-02	-2.9592670737e-02	-3.2539508589e-02	-3.2539508589e-02	-3.2539508589e-02	-3.2539508589e-02	-3.4024148815e-02	-3.4024148815e-02	-3.4024148815e-02	-3.4024148815e-02	-3.3900893978e-02	-3.3900893978e-02	-3.3900893978e-02	-3.3900893978e-02	-3.2116391489e-02	-3.2116391489e-02	-3.2116391489e-02	-3.2116391489e-02	-2.8732024751e-02	-2.8732024751e-02	-2.8732024751e-02	-2.4255013926e-02	-2.3976202997e-02	-2.3976202997e-02	-2.3976202997e-02	-1.8284491942e-02	-1.8284491942e-02	-1.8284491942e-02	-1.8284491942e-02	-1.2309073065e-02	-1.2309073065e-02	-1.2309073065e-02	-7.2744533264e-03	-6.5820159731e-03	-6.5820159731e-03	-6.5820159731e-03	-6.5820159731e-03	4.8094533900e-03	4.8094533900e-03	4.8094533900e-03	4.8094533900e-03	1.0831276142e-02	1.0831276142e-02	1.0831276142e-02	1.5223125495e-02	1.6329530224e-02	1.6329530224e-02	1.6329530224e-02	2.1098651894e-02	2.1098651894e-02	2.1098651894e-02	2.4434511667e-02	2.4434511667e-02	2.6295160024e-02	2.6295160024e-02	2.6295160024e-02	3.1789737875e-02	3.2890610558e-02	3.2890610558e-02	3.2890610558e-02	3.5408578385e-02	3.6688459100e-02	3.6688459100e-02	3.8774504446e-02	4.0121533883e-02	4.0121533883e-02	4.0121533883e-02	4.1745787824e-02	4.3093619355e-02	4.3093619355e-02	4.5386593817e-02	4.5386593817e-02	4.6972847595e-02	4.6972847595e-02	4.6972847595e-02	4.9909960432e-02	5.1466459103e-02	
250	0.0	9.7419485102e-03	1.3679497624e-02	4.6578864780e-03	4.6578864780e-03	4.6578864780e-03	4.6578864780e-03	-2.6072226008e-03	-2.6072226008e-03	-2.6072226008e-03	-2.6072226008e-03	-1.4083222888e-02	-1.4083222888e-02	-1.4083222888e-02	-1.4083222888e-02	-2.0118427465e-02	-2.0118427465e-02	-2.0118427465e-02	-2.0118427465e-02	-2.5374865011e-02	-2.5374865011e-02	-2.5374865011e-02	-2.5964541586e-02	-2.9593175559e-02	-2.9593175559e-02	-2.9593175559e-02	-3.2540029590e-02	-3.2540029590e-02	-3.2540029590e-02	-3.2540029590e-02	-3.4024678042e-02	-3.4024678042e-02	-3.4024678042e-02	-3.4024678042e-02	-3.3901422756e-02	-3.3901422756e-02	-3.3901422756e-02	-3.3901422756e-02	-3.2116910703e-02	-3.2116910703e-02	-3.2116910703e-02	-3.2116910703e-02	-2.8732525095e-02	-2.8732525095e-02	-2.8732525095e-02	-2.4255487037e-02	-2.3976674905e-02	-2.3976674905e-02	-2.3976674905e-02	-1.8284926388e-02	-1.8284926388e-02	-1.8284926388e-02	-1.8284926388e-02	-1.2309465656e-02	-1.2309465656e-02	-1.2309465656e-02	-7.2748100150e-03	-6.5823694361e-03	-6.5823694361e-03	-6.5823694361e-03	-6.5823694361e-03	4.8091874444e-03	4.8091874444e-03	4.8091874444e-03	4.8091874444e-03	1.0831054257e-02	1.0831054257e-02	1.0831054257e-02	1.5222938324e-02	1.6329348406e-02	1.6329348406e-02	1.6329348406e-02	2.1098505332e-02	2.1098505332e-02	2.1098505332e-02	2.4434392559e-02	2.4434392559e-02	2.6295052012e-02	2.6295052012e-02	2.6295052012e-02	3.1789667955e-02	3.2890543709e-02	3.2890543709e-02	3.2890543709e-02	3.5408527609e-02	3.6688411761e-02	3.6688411761e-02	3.8774468627e-02	4.0121502110e-02	4.0121502110e-02	4.0121502110e-02	4.1745763855e-02	4.3093600064e-02	4.3093600064e-02	4.5386581523e-02	4.5386581523e-02	4.6972841655e-02	4.6972841655e-02	4.6972841655e-02	4.9909942849e-02	5.1466448881e-02	
251	0.0	9.7418223703e-03	1.3679393642e-02	4.6576560074e-03	4.6576560074e-03	4.6576560074e-03	4.6576560074e-03	-2.6075311252e-03	-2.6075311252e-03	-2.6075311252e-03	-2.6075311252e-03	-1.4083634783e-02	-1.4083634783e-02	-1.4083634783e-02	-1.4083634783e-02	-2.0118874241e-02	-2.0118874241e-02	-2.0118874241e-02	-2.0118874241e-02	-2.5375342254e-02	-2.5375342254e-02	-2.5375342254e-02	-2.5965022950e-02	-2.9593676083e-02	-2.9593676083e-02	-2.9593676083e-02	-3.2540546079e-02	-3.2540546079e-02	-3.2540546079e-02	-3.2540546079e-02	-3.4025202650e-02	-3.4025202650e-02	-3.4025202650e-02	-3.4025202650e-02	-3.3901946937e-02	-3.3901946937e-02	-3.3901946937e-02	-3.3901946937e-02	-3.2117425494e-02	-3.2117425494e-02	-3.2117425494e-02	-3.2117425494e-02	-2.8733021374e-02	-2.8733021374e-02	-2.8733021374e-02	-2.4255956672e-02	-2.3977143345e-02	-2.3977143345e-02	-2.3977143345e-02	-1.8285358260e-02	-1.8285358260e-02	-1.8285358260e-02	-1.8285358260e-02	-1.2309856736e-02	-1.2309856736e-02	-1.2309856736e-02	-7.2751661453e-03	-6.5827223690e-03	-6.5827223690e-03	-6.5827223690e-03	-6.5827223690e-03	4.8089196727e-03	4.8089196727e-03	4.8089196727e-03	4.8089196727e-03	1.0830829431e-02	1.0830829431e-02	1.0830829431e-02	1.5222747290e-02	1.6329162671e-02	1.6329162671e-02	1.6329162671e-02	2.1098354011e-02	2.1098354011e-02	2.1098354011e-02	2.4434267980e-02	2.4434267980e-02	2.6294938389e-02	2.6294938389e-02	2.6294938389e-02	3.1789591461e-02	3.2890470249e-02	3.2890470249e-02	3.2890470249e-02	3.5408469874e-02	3.6688357420e-02	3.6688357420e-02	3.8774425612e-02	4.0121463083e-02	4.0121463083e-02	4.0121463083e-02	4.1745732533e-02	4.3093573344e-02	4.3093573344e-02	4.5386561779e-02	4.5386561779e-02	4.6972828150e-02	4.6972828150e-02	4.6972828150e-02	4.9909918323e-02	5.1466431554e-02	
252	0.0	9.7416970213e-03	1.3679290348e-02	4.6574271238e-03	4.6574271238e-03	4.6574271238e-03	4.6574271238e-03	-2.6078374538e-03	-2.6078374538e-03	-2.6078374538e-03	-2.6078374538e-03	-1.4084043583e-02	-1.4084043583e-02	-1.4084043583e-02	-1.4084043583e-02	-2.0119317495e-02	-2.0119317495e-02	-2.0119317495e-02	-2.0119317495e-02	-2.5375815605e-02	-2.5375815605e-02	-2.5375815605e-02	-2.5965500390e-02	-2.9594172419e-02	-2.9594172419e-02	-2.9594172419e-02	-3.2541058171e-02	-3.2541058171e-02	-3.2541058171e-02	-3.2541058171e-02	-3.4025722756e-02	-3.4025722756e-02	-3.4025722756e-02	-3.4025722756e-02	-3.3902466637e-02	-3.3902466637e-02	-3.3902466637e-02	-3.3902466637e-02	-3.2117935972e-02	-3.2117935972e-02	-3.2117935972e-02	-3.2117935972e-02	-2.8733513682e-02	-2.8733513682e-02	-2.8733513682e-02	-2.4256422907e-02	-2.3977608395e-02	-2.3977608395e-02	-2.3977608395e-02	-1.8285787606e-02	-1.8285787606e-02	-1.8285787606e-02	-1.8285787606e-02	-1.2310246333e-02	-1.2310246333e-02	-1.2310246333e-02	-7.2755217278e-03	-6.5830747834e-03	-6.5830747834e-03	-6.5830747834e-03	-6.5830747834e-03	4.8086501251e-03	4.8086501251e-03	4.8086501251e-03	4.8086501251e-03	1.0830601724e-02	1.0830601724e-02	1.0830601724e-02	1.5222552451e-02	1.6328973076e-02	1.6328973076e-02	1.6328973076e-02	2.1098197980e-02	2.1098197980e-02	2.1098197980e-02	2.4434137962e-02	2.4434137962e-02	2.6294819192e-02	2.6294819192e-02	2.6294819192e-02	3.1789508405e-02	3.2890390184e-02	3.2890390184e-02	3.2890390184e-02	3.5408405161e-02	3.6688296055e-02	3.6688296055e-02	3.8774375341e-02	4.0121416741e-02	4.0121416741e-02	4.0121416741e-02	4.1745693762e-02	4.3093539098e-02	4.3093539098e-02	4.5386534439e-02	4.5386534439e-02	4.6972806930e-02	4.6972806930e-02	4.6972806930e-02	4.9909886623e-02	5.1466406890e-02	
253	0.0	9.7415724491e-03	1.3679187727e-02	4.6571998018e-03	4.6571998018e-03	4.6571998018e-03	4.6571998018e-03	-2.6081416209e-03	-2.6081416209e-03	-2.6081416209e-03	-2.6081416209e-03	-1.4084449340e-02	-1.4084449340e-02	-1.4084449340e-02	-1.4084449340e-02	-2.0119757285e-02	-2.0119757285e-02	-2.0119757285e-02	-2.0119757285e-02	-2.5376285125e-02	-2.5376285125e-02	-2.5376285125e-02	-2.5965973966e-02	-2.9594664634e-02	-2.9594664634e-02	-2.9594664634e-02	-3.2541565938e-02	-3.2541565938e-02	-3.2541565938e-02	-3.2541565938e-02	-3.4026238432e-02	-3.4026238432e-02	-3.4026238432e-02	-3.4026238432e-02	-3.3902981924e-02	-3.3902981924e-02	-3.3902981924e-02	-3.3902981924e-02	-3.2118442197e-02	-3.2118442197e-02	-3.2118442197e-02	-3.2118442197e-02	-2.8734002069e-02	-2.8734002069e-02	-2.8734002069e-02	-2.4256885770e-02	-2.3978070082e-02	-2.3978070082e-02	-2.3978070082e-02	-1.8286214431e-02	-1.8286214431e-02	-1.8286214431e-02	-1.8286214431e-02	-1.2310634423e-02	-1.2310634423e-02	-1.2310634423e-02	-7.2758767209e-03	-6.5834266377e-03	-6.5834266377e-03	-6.5834266377e-03	-6.5834266377e-03	4.8083789137e-03	4.8083789137e-03	4.8083789137e-03	4.8083789137e-03	1.0830371271e-02	1.0830371271e-02	1.0830371271e-02	1.5222353946e-02	1.6328779762e-02	1.6328779762e-02	1.6328779762e-02	2.1098037378e-02	2.1098037378e-02	2.1098037378e-02	2.4434002642e-02	2.4434002642e-02	2.6294694565e-02	2.6294694565e-02	2.6294694565e-02	3.1789418926e-02	3.2890303647e-02	3.2890303647e-02	3.2890303647e-02	3.5408333590e-02	3.6688227778e-02	3.6688227778e-02	3.8774317913e-02	4.0121363173e-02	4.0121363173e-02	4.0121363173e-02	4.1745647616e-02	4.3093497393e-02	4.3093497393e-02	4.5386499547e-02	4.5386499547e-02	4.6972778032e-02	4.6972778032e-02	4.6972778032e-02	4.9909847746e-02	5.1466374880e-02	
254	0.0	9.7414486558e-03	1.3679085777e-02	4.6569740439e-03	4.6569740439e-03	4.6569740439e-03	4.6569740439e-03	-2.6084436242e-03	-2.6084436242e-03	-2.6084436242e-03	-2.6084436242e-03	-1.4084852056e-02	-1.4084852056e-02	-1.4084852056e-02	-1.4084852056e-02	-2.0120193616e-02	-2.0120193616e-02	-2.0120193616e-02	-2.0120193616e-02	-2.5376750822e-02	-2.5376750822e-02	-2.5376750822e-02	-2.5966443687e-02	-2.9595152740e-02	-2.9595152740e-02	-2.9595152740e-02	-3.2542069392e-02	-3.2542069392e-02	-3.2542069392e-02	-3.2542069392e-02	-3.4026749693e-02	-3.4026749693e-02	-3.4026749693e-02	-3.4026749693e-02	-3.3903492811e-02	-3.3903492811e-02	-3.3903492811e-02	-3.3903492811e-02	-3.2118944178e-02	-3.2118944178e-02	-3.2118944178e-02	-3.2118944178e-02	-2.8734486530e-02	-2.8734486530e-02	-2.8734486530e-02	-2.4257345236e-02	-2.3978528384e-02	-2.3978528384e-02	-2.3978528384e-02	-1.8286638684e-02	-1.8286638684e-02	-1.8286638684e-02	-1.8286638684e-02	-1.2311020932e-02	-1.2311020932e-02	-1.2311020932e-02	-7.2762310300e-03	-6.5837778384e-03	-6.5837778384e-03	-6.5837778384e-03	-6.5837778384e-03	4.8081062023e-03	4.8081062023e-03	4.8081062023e-03	4.8081062023e-03	1.0830138258e-02	1.0830138258e-02	1.0830138258e-02	1.5222151971e-02	1.6328582924e-02	1.6328582924e-02	1.6328582924e-02	2.1097872405e-02	2.1097872405e-02	2.1097872405e-02	2.4433862220e-02	2.4433862220e-02	2.6294564711e-02	2.6294564711e-02	2.6294564711e-02	3.1789323230e-02	3.2890210838e-02	3.2890210838e-02	3.2890210838e-02	3.5408255356e-02	3.6688152777e-02	3.6688152777e-02	3.8774253501e-02	4.0121302549e-02	4.0121302549e-02	4.0121302549e-02	4.1745594250e-02	4.3093448378e-02	4.3093448378e-02	4.5386457235e-02	4.5386457235e-02	4.6972741578e-02	4.6972741578e-02	4.6972741578e-02	4.9909801789e-02	5.1466335610e-02	
255	0.0	9.7413256560e-03	1.3678984508e-02	4.6567498742e-03	4.6567498742e-03	4.6567498742e-03	4.6567498742e-03	-2.6087434329e-03	-2.6087434329e-03	-2.6087434329e-03	-2.6087434329e-03	-1.4085251699e-02	-1.4085251699e-02	-1.4085251699e-02	-1.4085251699e-02	-2.0120626454e-02	-2.0120626454e-02	-2.0120626454e-02	-2.0120626454e-02	-2.5377212666e-02	-2.5377212666e-02	-2.5377212666e-02	-2.5966909516e-02	-2.9595636705e-02	-2.9595636705e-02	-2.9595636705e-02	-3.2542568505e-02	-3.2542568505e-02	-3.2542568505e-02	-3.2542568505e-02	-3.4027256510e-02	-3.4027256510e-02	-3.4027256510e-02	-3.4027256510e-02	-3.3903999268e-02	-3.3903999268e-02	-3.3903999268e-02	-3.3903999268e-02	-3.2119441876e-02	-3.2119441876e-02	-3.2119441876e-02	-3.2119441876e-02	-2.8734967018e-02	-2.8734967018e-02	-2.8734967018e-02	-2.4257801242e-02	-2.3978983235e-02	-2.3978983235e-02	-2.3978983235e-02	-1.8287060277e-02	-1.8287060277e-02	-1.8287060277e-02	-1.8287060277e-02	-1.2311405744e-02	-1.2311405744e-02	-1.2311405744e-02	-7.2765845188e-03	-6.5841282496e-03	-6.5841282496e-03	-6.5841282496e-03	-6.5841282496e-03	4.8078321960e-03	4.8078321960e-03	4.8078321960e-03	4.8078321960e-03	1.0829902914e-02	1.0829902914e-02	1.0829902914e-02	1.5221946768e-02	1.6328382803e-02	1.6328382803e-02	1.6328382803e-02	2.1097703307e-02	2.1097703307e-02	2.1097703307e-02	2.4433716947e-02	2.4433716947e-02	2.6294429885e-02	2.6294429885e-02	2.6294429885e-02	3.1789221576e-02	3.2890112013e-02	3.2890112013e-02	3.2890112013e-02	3.5408170709e-02	3.6688071297e-02	3.6688071297e-02	3.8774182339e-02	4.0121235097e-02	4.0121235097e-02	4.0121235097e-02	4.1745533880e-02	4.3093392267e-02	4.3093392267e-02	4.5386407701e-02	4.5386407701e-02	4.6972697762e-02	4.6972697762e-02	4.6972697762e-02	4.9909748916e-02	5.1466289238e-02	
256	0.0	9.7412034775e-03	1.3678883940e-02	4.6565273404e-03	4.6565273404e-03	4.6565273404e-03	4.6565273404e-03	-2.6090409855e-03	-2.6090409855e-03	-2.6090409855e-03	-2.6090409855e-03	-1.4085648193e-02	-1.4085648193e-02	-1.4085648193e-02	-1.4085648193e-02	-2.0121055724e-02	-2.0121055724e-02	-2.0121055724e-02	-2.0121055724e-02	-2.5377670578e-02	-2.5377670578e-02	-2.5377670578e-02	-2.5967371377e-02	-2.9596116454e-02	-2.9596116454e-02	-2.9596116454e-02	-3.2543063200e-02	-3.2543063200e-02	-3.2543063200e-02	-3.2543063200e-02	-3.4027758806e-02	-3.4027758806e-02	-3.4027758806e-02	-3.4027758806e-02	-3.3904501216e-02	-3.3904501216e-02	-3.3904501216e-02	-3.3904501216e-02	-3.2119935211e-02	-3.2119935211e-02	-3.2119935211e-02	-3.2119935211e-02	-2.8735443442e-02	-2.8735443442e-02	-2.8735443442e-02	-2.4258253680e-02	-2.3979434529e-02	-2.3979434529e-02	-2.3979434529e-02	-1.8287479080e-02	-1.8287479080e-02	-1.8287479080e-02	-1.8287479080e-02	-1.2311788704e-02	-1.2311788704e-02	-1.2311788704e-02	-7.2769370091e-03	-6.5844776941e-03	-6.5844776941e-03	-6.5844776941e-03	-6.5844776941e-03	4.8075571402e-03	4.8075571402e-03	4.8075571402e-03	4.8075571402e-03	1.0829665507e-02	1.0829665507e-02	1.0829665507e-02	1.5221738621e-02	1.6328179681e-02	1.6328179681e-02	1.6328179681e-02	2.1097530376e-02	2.1097530376e-02	2.1097530376e-02	2.4433567120e-02	2.4433567120e-02	2.6294290385e-02	2.6294290385e-02	2.6294290385e-02	3.1789114273e-02	3.2890007474e-02	3.2890007474e-02	3.2890007474e-02	3.5408079948e-02	3.6687983631e-02	3.6687983631e-02	3.8774104712e-02	4.0121161096e-02	4.0121161096e-02	4.0121161096e-02	4.1745466778e-02	4.3093329323e-02	4.3093329323e-02	4.5386351196e-02	4.5386351196e-02	4.6972646826e-02	4.6972646826e-02	4.6972646826e-02	4.9909689347e-02	5.1466235976e-02	
257	0.0	9.7410821598e-03	1.3678784104e-02	4.6563065103e-03	4.6563065103e-03	4.6563065103e-03	4.6563065103e-03	-2.6093361948e-03	-2.6093361948e-03	-2.6093361948e-03	-2.6093361948e-03	-1.4086041433e-02	-1.4086041433e-02	-1.4086041433e-02	-1.4086041433e-02	-2.0121481316e-02	-2.0121481316e-02	-2.0121481316e-02	-2.0121481316e-02	-2.5378124447e-02	-2.5378124447e-02	-2.5378124447e-02	-2.5967829155e-02	-2.9596591872e-02	-2.9596591872e-02	-2.9596591872e-02	-3.2543553364e-02	-3.2543553364e-02	-3.2543553364e-02	-3.2543553364e-02	-3.4028256468e-02	-3.4028256468e-02	-3.4028256468e-02	-3.4028256468e-02	-3.3904998542e-02	-3.3904998542e-02	-3.3904998542e-02	-3.3904998542e-02	-3.2120424064e-02	-3.2120424064e-02	-3.2120424064e-02	-3.2120424064e-02	-2.8735915675e-02	-2.8735915675e-02	-2.8735915675e-02	-2.4258702406e-02	-2.3979882123e-02	-2.3979882123e-02	-2.3979882123e-02	-1.8287894926e-02	-1.8287894926e-02	-1.8287894926e-02	-1.8287894926e-02	-1.2312169619e-02	-1.2312169619e-02	-1.2312169619e-02	-7.2772882879e-03	-6.5848259598e-03	-6.5848259598e-03	-6.5848259598e-03	-6.5848259598e-03	4.8072813140e-03	4.8072813140e-03	4.8072813140e-03	4.8072813140e-03	1.0829426343e-02	1.0829426343e-02	1.0829426343e-02	1.5221527849e-02	1.6327973877e-02	1.6327973877e-02	1.6327973877e-02	2.1097353941e-02	2.1097353941e-02	2.1097353941e-02	2.4433413077e-02	2.4433413077e-02	2.6294146550e-02	2.6294146550e-02	2.6294146550e-02	3.1789001670e-02	3.2889897568e-02	3.2889897568e-02	3.2889897568e-02	3.5407983417e-02	3.6687890120e-02	3.6687890120e-02	3.8774020954e-02	4.0121080876e-02	4.0121080876e-02	4.0121080876e-02	4.1745393263e-02	4.3093259864e-02	4.3093259864e-02	4.5386288023e-02	4.5386288023e-02	4.6972589071e-02	4.6972589071e-02	4.6972589071e-02	4.9909623353e-02	5.1466176092e-02	
258	0.0	9.7409617538e-03	1.3678685041e-02	4.6560874713e-03	4.6560874713e-03	4.6560874713e-03	4.6560874713e-03	-2.6096289482e-03	-2.6096289482e-03	-2.6096289482e-03	-2.6096289482e-03	-1.4086431278e-02	-1.4086431278e-02	-1.4086431278e-02	-1.4086431278e-02	-2.0121903086e-02	-2.0121903086e-02	-2.0121903086e-02	-2.0121903086e-02	-2.5378574126e-02	-2.5378574126e-02	-2.5378574126e-02	-2.5968282702e-02	-2.9597062811e-02	-2.9597062811e-02	-2.9597062811e-02	-3.2544038847e-02	-3.2544038847e-02	-3.2544038847e-02	-3.2544038847e-02	-3.4028749347e-02	-3.4028749347e-02	-3.4028749347e-02	-3.4028749347e-02	-3.3905491092e-02	-3.3905491092e-02	-3.3905491092e-02	-3.3905491092e-02	-3.2120908279e-02	-3.2120908279e-02	-3.2120908279e-02	-3.2120908279e-02	-2.8736383555e-02	-2.8736383555e-02	-2.8736383555e-02	-2.4259147246e-02	-2.3980325842e-02	-2.3980325842e-02	-2.3980325842e-02	-1.8288307620e-02	-1.8288307620e-02	-1.8288307620e-02	-1.8288307620e-02	-1.2312548267e-02	-1.2312548267e-02	-1.2312548267e-02	-7.2776381098e-03	-6.5851728019e-03	-6.5851728019e-03	-6.5851728019e-03	-6.5851728019e-03	4.8070050275e-03	4.8070050275e-03	4.8070050275e-03	4.8070050275e-03	1.0829185755e-02	1.0829185755e-02	1.0829185755e-02	1.5221314803e-02	1.6327765744e-02	1.6327765744e-02	1.6327765744e-02	2.1097174364e-02	2.1097174364e-02	2.1097174364e-02	2.4433255189e-02	2.4433255189e-02	2.6293998754e-02	2.6293998754e-02	2.6293998754e-02	3.1788884154e-02	3.2889782679e-02	3.2889782679e-02	3.2889782679e-02	3.5407881499e-02	3.6687791144e-02	3.6687791144e-02	3.8773931436e-02	4.0120994807e-02	4.0120994807e-02	4.0120994807e-02	4.1745313697e-02	4.3093184249e-02	4.3093184249e-02	4.5386218532e-02	4.5386218532e-02	4.6972524840e-02	4.6972524840e-02	4.6972524840e-02	4.9909551251e-02	5.1466109899e-02	
259	0.0	9.7408423098e-03	1.3678586789e-02	4.6558703092e-03	4.6558703092e-03	4.6558703092e-03	4.6558703092e-03	-2.6099191327e-03	-2.6099191327e-03	-2.6099191327e-03	-2.6099191327e-03	-1.4086817587e-02	-1.4086817587e-02	-1.4086817587e-02	-1.4086817587e-02	-2.0122320886e-02	-2.0122320886e-02	-2.0122320886e-02	-2.0122320886e-02	-2.5379019462e-02	-2.5379019462e-02	-2.5379019462e-02	-2.5968731861e-02	-2.9597529116e-02	-2.9597529116e-02	-2.9597529116e-02	-3.2544519493e-02	-3.2544519493e-02	-3.2544519493e-02	-3.2544519493e-02	-3.4029237284e-02	-3.4029237284e-02	-3.4029237284e-02	-3.4029237284e-02	-3.3905978709e-02	-3.3905978709e-02	-3.3905978709e-02	-3.3905978709e-02	-3.2121387694e-02	-3.2121387694e-02	-3.2121387694e-02	-3.2121387694e-02	-2.8736846913e-02	-2.8736846913e-02	-2.8736846913e-02	-2.4259588016e-02	-2.3980765504e-02	-2.3980765504e-02	-2.3980765504e-02	-1.8288716956e-02	-1.8288716956e-02	-1.8288716956e-02	-1.8288716956e-02	-1.2312924419e-02	-1.2312924419e-02	-1.2312924419e-02	-7.2779862213e-03	-6.5855179685e-03	-6.5855179685e-03	-6.5855179685e-03	-6.5855179685e-03	4.8067285984e-03	4.8067285984e-03	4.8067285984e-03	4.8067285984e-03	1.0828944088e-02	1.0828944088e-02	1.0828944088e-02	1.5221099848e-02	1.6327555642e-02	1.6327555642e-02	1.6327555642e-02	2.1096992021e-02	2.1096992021e-02	2.1096992021e-02	2.4433093844e-02	2.4433093844e-02	2.6293847385e-02	2.6293847385e-02	2.6293847385e-02	3.1788762129e-02	3.2889663207e-02	3.2889663207e-02	3.2889663207e-02	3.5407774598e-02	3.6687687102e-02	3.6687687102e-02	3.8773836557e-02	4.0120903283e-02	4.0120903283e-02	4.0120903283e-02	4.1745228472e-02	4.3093102864e-02	4.3093102864e-02	4.5386143100e-02	4.5386143100e-02	4.6972454508e-02	4.6972454508e-02	4.6972454508e-02	4.9909473397e-02	5.1466037747e-02	
260	0.0	9.7407238858e-03	1.3678489390e-02	4.6556551234e-03	4.6556551234e-03	4.6556551234e-03	4.6556551234e-03	-2.6102066181e-03	-2.6102066181e-03	-2.6102066181e-03	-2.6102066181e-03	-1.4087200193e-02	-1.4087200193e-02	-1.4087200193e-02	-1.4087200193e-02	-2.0122734543e-02	-2.0122734543e-02	-2.0122734543e-02	-2.0122734543e-02	-2.5379460279e-02	-2.5379460279e-02	-2.5379460279e-02	-2.5969176454e-02	-2.9597990606e-02	-2.9597990606e-02	-2.9597990606e-02	-3.2544995120e-02	-3.2544995120e-02	-3.2544995120e-02	-3.2544995120e-02	-3.4029720095e-02	-3.4029720095e-02	-3.4029720095e-02	-3.4029720095e-02	-3.3906461207e-02	-3.3906461207e-02	-3.3906461207e-02	-3.3906461207e-02	-3.2121862121e-02	-3.2121862121e-02	-3.2121862121e-02	-3.2121862121e-02	-2.8737305555e-02	-2.8737305555e-02	-2.8737305555e-02	-2.4260024511e-02	-2.3981200905e-02	-2.3981200905e-02	-2.3981200905e-02	-1.8289122710e-02	-1.8289122710e-02	-1.8289122710e-02	-1.8289122710e-02	-1.2313297822e-02	-1.2313297822e-02	-1.2313297822e-02	-7.2783323473e-03	-6.5858611858e-03	-6.5858611858e-03	-6.5858611858e-03	-6.5858611858e-03	4.8064523647e-03	4.8064523647e-03	4.8064523647e-03	4.8064523647e-03	1.0828701705e-02	1.0828701705e-02	1.0828701705e-02	1.5220883368e-02	1.6327343954e-02	1.6327343954e-02	1.6327343954e-02	2.1096807309e-02	2.1096807309e-02	2.1096807309e-02	2.4432929456e-02	2.4432929456e-02	2.6293692853e-02	2.6293692853e-02	2.6293692853e-02	3.1788636027e-02	3.2889539582e-02	3.2889539582e-02	3.2889539582e-02	3.5407663146e-02	3.6687578423e-02	3.6687578423e-02	3.8773736745e-02	4.0120806727e-02	4.0120806727e-02	4.0120806727e-02	4.1745138006e-02	4.3093016126e-02	4.3093016126e-02	4.5386062140e-02	4.5386062140e-02	4.6972378482e-02	4.6972378482e-02	4.6972378482e-02	4.9909390177e-02	5.1465960020e-02	
261	0.0	9.7406065522e-03	1.3678392903e-02	4.6554420353e-03	4.6554420353e-03	4.6554420353e-03	4.6554420353e-03	-2.6104912472e-03	-2.6104912472e-03	-2.6104912472e-03	-2.6104912472e-03	-1.4087578899e-02	-1.4087578899e-02	-1.4087578899e-02	-1.4087578899e-02	-2.0123143853e-02	-2.0123143853e-02	-2.0123143853e-02	-2.0123143853e-02	-2.5379896364e-02	-2.5379896364e-02	-2.5379896364e-02	-2.5969616266e-02	-2.9598447065e-02	-2.9598447065e-02	-2.9598447065e-02	-3.2545465508e-02	-3.2545465508e-02	-3.2545465508e-02	-3.2545465508e-02	-3.4030197562e-02	-3.4030197562e-02	-3.4030197562e-02	-3.4030197562e-02	-3.3906938366e-02	-3.3906938366e-02	-3.3906938366e-02	-3.3906938366e-02	-3.2122331338e-02	-3.2122331338e-02	-3.2122331338e-02	-3.2122331338e-02	-2.8737759255e-02	-2.8737759255e-02	-2.8737759255e-02	-2.4260456492e-02	-2.3981631806e-02	-2.3981631806e-02	-2.3981631806e-02	-1.8289524625e-02	-1.8289524625e-02	-1.8289524625e-02	-1.8289524625e-02	-1.2313668195e-02	-1.2313668195e-02	-1.2313668195e-02	-7.2786761840e-03	-6.5862021513e-03	-6.5862021513e-03	-6.5862021513e-03	-6.5862021513e-03	4.8061766896e-03	4.8061766896e-03	4.8061766896e-03	4.8061766896e-03	1.0828458995e-02	1.0828458995e-02	1.0828458995e-02	1.5220665772e-02	1.6327131087e-02	1.6327131087e-02	1.6327131087e-02	2.1096620652e-02	2.1096620652e-02	2.1096620652e-02	2.4432762460e-02	2.4432762460e-02	2.6293535595e-02	2.6293535595e-02	2.6293535595e-02	3.1788506300e-02	3.2889412253e-02	3.2889412253e-02	3.2889412253e-02	3.5407547598e-02	3.6687465560e-02	3.6687465560e-02	3.8773632449e-02	4.0120705589e-02	4.0120705589e-02	4.0120705589e-02	4.1745042747e-02	4.3092924481e-02	4.3092924481e-02	4.5385976087e-02	4.5385976087e-02	4.6972297199e-02	4.6972297199e-02	4.6972297199e-02	4.9909302001e-02	5.1465877129e-02	
262	0.0	9.7404903780e-03	1.3678297382e-02	4.6552311630e-03	4.6552311630e-03	4.6552311630e-03	4.6552311630e-03	-2.6107728654e-03	-2.6107728654e-03	-2.6107728654e-03	-2.6107728654e-03	-1.4087953508e-02	-1.4087953508e-02	-1.4087953508e-02	-1.4087953508e-02	-2.0123548610e-02	-2.0123548610e-02	-2.0123548610e-02	-2.0123548610e-02	-2.5380327505e-02	-2.5380327505e-02	-2.5380327505e-02	-2.5970051083e-02	-2.9598898277e-02	-2.9598898277e-02	-2.9598898277e-02	-3.2545930440e-02	-3.2545930440e-02	-3.2545930440e-02	-3.2545930440e-02	-3.4030669464e-02	-3.4030669464e-02	-3.4030669464e-02	-3.4030669464e-02	-3.3907409964e-02	-3.3907409964e-02	-3.3907409964e-02	-3.3907409964e-02	-3.2122795122e-02	-3.2122795122e-02	-3.2122795122e-02	-3.2122795122e-02	-2.8738207785e-02	-2.8738207785e-02	-2.8738207785e-02	-2.4260883723e-02	-2.3982057971e-02	-2.3982057971e-02	-2.3982057971e-02	-1.8289922446e-02	-1.8289922446e-02	-1.8289922446e-02	-1.8289922446e-02	-1.2314035259e-02	-1.2314035259e-02	-1.2314035259e-02	-7.2790174276e-03	-6.5865405625e-03	-6.5865405625e-03	-6.5865405625e-03	-6.5865405625e-03	4.8059019366e-03	4.8059019366e-03	4.8059019366e-03	4.8059019366e-03	1.0828216346e-02	1.0828216346e-02	1.0828216346e-02	1.5220447471e-02	1.6326917453e-02	1.6326917453e-02	1.6326917453e-02	2.1096432476e-02	2.1096432476e-02	2.1096432476e-02	2.4432593300e-02	2.4432593300e-02	2.6293376053e-02	2.6293376053e-02	2.6293376053e-02	3.1788373413e-02	3.2889281686e-02	3.2889281686e-02	3.2889281686e-02	3.5407428422e-02	3.6687348980e-02	3.6687348980e-02	3.8773524139e-02	4.0120600337e-02	4.0120600337e-02	4.0120600337e-02	4.1744943160e-02	4.3092828393e-02	4.3092828393e-02	4.5385885405e-02	4.5385885405e-02	4.6972211119e-02	4.6972211119e-02	4.6972211119e-02	4.9909209309e-02	5.1465789515e-02	
263	0.0	9.7403754304e-03	1.3678202878e-02	4.6550226215e-03	4.6550226215e-03	4.6550226215e-03	4.6550226215e-03	-2.6110513214e-03	-2.6110513214e-03	-2.6110513214e-03	-2.6110513214e-03	-1.4088323825e-02	-1.4088323825e-02	-1.4088323825e-02	-1.4088323825e-02	-2.0123948613e-02	-2.0123948613e-02	-2.0123948613e-02	-2.0123948613e-02	-2.5380753495e-02	-2.5380753495e-02	-2.5380753495e-02	-2.5970480696e-02	-2.9599344030e-02	-2.9599344030e-02	-2.9599344030e-02	-3.2546389699e-02	-3.2546389699e-02	-3.2546389699e-02	-3.2546389699e-02	-3.4031135584e-02	-3.4031135584e-02	-3.4031135584e-02	-3.4031135584e-02	-3.3907875783e-02	-3.3907875783e-02	-3.3907875783e-02	-3.3907875783e-02	-3.2123253254e-02	-3.2123253254e-02	-3.2123253254e-02	-3.2123253254e-02	-2.8738650922e-02	-2.8738650922e-02	-2.8738650922e-02	-2.4261305970e-02	-2.3982479167e-02	-2.3982479167e-02	-2.3982479167e-02	-1.8290315920e-02	-1.8290315920e-02	-1.8290315920e-02	-1.8290315920e-02	-1.2314398737e-02	-1.2314398737e-02	-1.2314398737e-02	-7.2793557773e-03	-6.5868761204e-03	-6.5868761204e-03	-6.5868761204e-03	-6.5868761204e-03	4.8056284641e-03	4.8056284641e-03	4.8056284641e-03	4.8056284641e-03	1.0827974144e-02	1.0827974144e-02	1.0827974144e-02	1.5220228873e-02	1.6326703455e-02	1.6326703455e-02	1.6326703455e-02	2.1096243204e-02	2.1096243204e-02	2.1096243204e-02	2.4432422418e-02	2.4432422418e-02	2.6293214664e-02	2.6293214664e-02	2.6293214664e-02	3.1788237829e-02	3.2889148340e-02	3.2889148340e-02	3.2889148340e-02	3.5407306087e-02	3.6687229150e-02	3.6687229150e-02	3.8773412283e-02	4.0120491436e-02	4.0120491436e-02	4.0120491436e-02	4.1744839714e-02	4.3092728328e-02	4.3092728328e-02	4.5385790556e-02	4.5385790556e-02	4.6972120704e-02	4.6972120704e-02	4.6972120704e-02	4.9909112545e-02	5.1465697620e-02	
264	0.0	9.7402617894e-03	1.3678109456e-02	4.6548165481e-03	4.6548165481e-03	4.6548165481e-03	4.6548165481e-03	-2.6113264372e-03	-2.6113264372e-03	-2.6113264372e-03	-2.6113264372e-03	-1.4088689625e-02	-1.4088689625e-02	-1.4088689625e-02	-1.4088689625e-02	-2.0124343628e-02	-2.0124343628e-02	-2.0124343628e-02	-2.0124343628e-02	-2.5381174092e-02	-2.5381174092e-02	-2.5381174092e-02	-2.5970904860e-02	-2.9599784076e-02	-2.9599784076e-02	-2.9599784076e-02	-3.2546843036e-02	-3.2546843036e-02	-3.2546843036e-02	-3.2546843036e-02	-3.4031595670e-02	-3.4031595670e-02	-3.4031595670e-02	-3.4031595670e-02	-3.3908335572e-02	-3.3908335572e-02	-3.3908335572e-02	-3.3908335572e-02	-3.2123705479e-02	-3.2123705479e-02	-3.2123705479e-02	-3.2123705479e-02	-2.8739088411e-02	-2.8739088411e-02	-2.8739088411e-02	-2.4261722968e-02	-2.3982895131e-02	-2.3982895131e-02	-2.3982895131e-02	-1.8290704768e-02	-1.8290704768e-02	-1.8290704768e-02	-1.8290704768e-02	-1.2314758325e-02	-1.2314758325e-02	-1.2314758325e-02	-7.2796909086e-03	-6.5872085014e-03	-6.5872085014e-03	-6.5872085014e-03	-6.5872085014e-03	4.8053566515e-03	4.8053566515e-03	4.8053566515e-03	4.8053566515e-03	1.0827732792e-02	1.0827732792e-02	1.0827732792e-02	1.5220010406e-02	1.6326489520e-02	1.6326489520e-02	1.6326489520e-02	2.1096053280e-02	2.1096053280e-02	2.1096053280e-02	2.4432250274e-02	2.4432250274e-02	2.6293051889e-02	2.6293051889e-02	2.6293051889e-02	3.1788100028e-02	3.2889012697e-02	3.2889012697e-02	3.2889012697e-02	3.5407181079e-02	3.6687106556e-02	3.6687106556e-02	3.8773297371e-02	4.0120379379e-02	4.0120379379e-02	4.0120379379e-02	4.1744732897e-02	4.3092624778e-02	4.3092624778e-02	4.5385692028e-02	4.5385692028e-02	4.6972026444e-02	4.6972026444e-02	4.6972026444e-02	4.9909012175e-02	5.1465601915e-02	
265	0.0	9.7401495300e-03	1.3678017177e-02	4.6546130718e-03	4.6546130718e-03	4.6546130718e-03	4.6546130718e-03	-2.6115980445e-03	-2.6115980445e-03	-2.6115980445e-03	-2.6115980445e-03	-1.4089050693e-02	-1.4089050693e-02	-1.4089050693e-02	-1.4089050693e-02	-2.0124733431e-02	-2.0124733431e-02	-2.0124733431e-02	-2.0124733431e-02	-2.5381589065e-02	-2.5381589065e-02	-2.5381589065e-02	-2.5971323342e-02	-2.9600218180e-02	-2.9600218180e-02	-2.9600218180e-02	-3.2547290214e-02	-3.2547290214e-02	-3.2547290214e-02	-3.2547290214e-02	-3.4032049484e-02	-3.4032049484e-02	-3.4032049484e-02	-3.4032049484e-02	-3.3908789090e-02	-3.3908789090e-02	-3.3908789090e-02	-3.3908789090e-02	-3.2124151558e-02	-3.2124151558e-02	-3.2124151558e-02	-3.2124151558e-02	-2.8739520007e-02	-2.8739520007e-02	-2.8739520007e-02	-2.4262134466e-02	-2.3983305611e-02	-2.3983305611e-02	-2.3983305611e-02	-1.8291088722e-02	-1.8291088722e-02	-1.8291088722e-02	-1.8291088722e-02	-1.2315113734e-02	-1.2315113734e-02	-1.2315113734e-02	-7.2800225079e-03	-6.5875373933e-03	-6.5875373933e-03	-6.5875373933e-03	-6.5875373933e-03	4.8050868656e-03	4.8050868656e-03	4.8050868656e-03	4.8050868656e-03	1.0827492681e-02	1.0827492681e-02	1.0827492681e-02	1.5219792483e-02	1.6326276061e-02	1.6326276061e-02	1.6326276061e-02	2.1095863136e-02	2.1095863136e-02	2.1095863136e-02	2.4432077318e-02	2.4432077318e-02	2.6292888174e-02	2.6292888174e-02	2.6292888174e-02	3.1787960484e-02	3.2888875229e-02	3.2888875229e-02	3.2888875229e-02	3.5407053881e-02	3.6686981680e-02	3.6686981680e-02	3.8773179889e-02	4.0120264648e-02	4.0120264648e-02	4.0120264648e-02	4.1744623198e-02	4.3092518229e-02	4.3092518229e-02	4.5385590306e-02	4.5385590306e-02	4.6971928825e-02	4.6971928825e-02	4.6971928825e-02	4.9908908666e-02	5.1465502870e-02	
266	0.0	9.7400387254e-03	1.3677926097e-02	4.6544123172e-03	4.6544123172e-03	4.6544123172e-03	4.6544123172e-03	-2.6118659801e-03	-2.6118659801e-03	-2.6118659801e-03	-2.6118659801e-03	-1.4089406820e-02	-1.4089406820e-02	-1.4089406820e-02	-1.4089406820e-02	-2.0125117805e-02	-2.0125117805e-02	-2.0125117805e-02	-2.0125117805e-02	-2.5381998190e-02	-2.5381998190e-02	-2.5381998190e-02	-2.5971735917e-02	-2.9600646114e-02	-2.9600646114e-02	-2.9600646114e-02	-3.2547730999e-02	-3.2547730999e-02	-3.2547730999e-02	-3.2547730999e-02	-3.4032496791e-02	-3.4032496791e-02	-3.4032496791e-02	-3.4032496791e-02	-3.3909236102e-02	-3.3909236102e-02	-3.3909236102e-02	-3.3909236102e-02	-3.2124591255e-02	-3.2124591255e-02	-3.2124591255e-02	-3.2124591255e-02	-2.8739945474e-02	-2.8739945474e-02	-2.8739945474e-02	-2.4262540219e-02	-2.3983710362e-02	-2.3983710362e-02	-2.3983710362e-02	-1.8291467523e-02	-1.8291467523e-02	-1.8291467523e-02	-1.8291467523e-02	-1.2315464680e-02	-1.2315464680e-02	-1.2315464680e-02	-7.2803502702e-03	-6.5878624925e-03	-6.5878624925e-03	-6.5878624925e-03	-6.5878624925e-03	4.8048194630e-03	4.8048194630e-03	4.8048194630e-03	4.8048194630e-03	1.0827254194e-02	1.0827254194e-02	1.0827254194e-02	1.5219575512e-02	1.6326063481e-02	1.6326063481e-02	1.6326063481e-02	2.1095673194e-02	2.1095673194e-02	2.1095673194e-02	2.4431903993e-02	2.4431903993e-02	2.6292723961e-02	2.6292723961e-02	2.6292723961e-02	3.1787819662e-02	3.2888736402e-02	3.2888736402e-02	3.2888736402e-02	3.5406924967e-02	3.6686854997e-02	3.6686854997e-02	3.8773060317e-02	4.0120147726e-02	4.0120147726e-02	4.0120147726e-02	4.1744511099e-02	4.3092409166e-02	4.3092409166e-02	4.5385485875e-02	4.5385485875e-02	4.6971828336e-02	4.6971828336e-02	4.6971828336e-02	4.9908802488e-02	5.1465400958e-02	
267	0.0	9.7399294491e-03	1.3677836276e-02	4.6542144099e-03	4.6542144099e-03	4.6542144099e-03	4.6542144099e-03	-2.6121300801e-03	-2.6121300801e-03	-2.6121300801e-03	-2.6121300801e-03	-1.4089757797e-02	-1.4089757797e-02	-1.4089757797e-02	-1.4089757797e-02	-2.0125496533e-02	-2.0125496533e-02	-2.0125496533e-02	-2.0125496533e-02	-2.5382401242e-02	-2.5382401242e-02	-2.5382401242e-02	-2.5972142357e-02	-2.9601067648e-02	-2.9601067648e-02	-2.9601067648e-02	-3.2548165159e-02	-3.2548165159e-02	-3.2548165159e-02	-3.2548165159e-02	-3.4032937358e-02	-3.4032937358e-02	-3.4032937358e-02	-3.4032937358e-02	-3.3909676375e-02	-3.3909676375e-02	-3.3909676375e-02	-3.3909676375e-02	-3.2125024335e-02	-3.2125024335e-02	-3.2125024335e-02	-3.2125024335e-02	-2.8740364575e-02	-2.8740364575e-02	-2.8740364575e-02	-2.4262939984e-02	-2.3984109144e-02	-2.3984109144e-02	-2.3984109144e-02	-1.8291840912e-02	-1.8291840912e-02	-1.8291840912e-02	-1.8291840912e-02	-1.2315810884e-02	-1.2315810884e-02	-1.2315810884e-02	-7.2806738941e-03	-6.5881834988e-03	-6.5881834988e-03	-6.5881834988e-03	-6.5881834988e-03	4.8045547946e-03	4.8045547946e-03	4.8045547946e-03	4.8045547946e-03	1.0827017705e-02	1.0827017705e-02	1.0827017705e-02	1.5219359890e-02	1.6325852178e-02	1.6325852178e-02	1.6325852178e-02	2.1095483873e-02	2.1095483873e-02	2.1095483873e-02	2.4431730738e-02	2.4431730738e-02	2.6292559682e-02	2.6292559682e-02	2.6292559682e-02	3.1787678022e-02	3.2888596677e-02	3.2888596677e-02	3.2888596677e-02	3.5406794808e-02	3.6686726978e-02	3.6686726978e-02	3.8772939131e-02	4.0120029090e-02	4.0120029090e-02	4.0120029090e-02	4.1744397083e-02	4.3092298072e-02	4.3092298072e-02	4.5385379221e-02	4.5385379221e-02	4.6971725461e-02	4.6971725461e-02	4.6971725461e-02	4.9908694109e-02	5.1465296654e-02	
268	0.0	9.7398217734e-03	1.3677747771e-02	4.6540194737e-03	4.6540194737e-03	4.6540194737e-03	4.6540194737e-03	-2.6123901833e-03	-2.6123901833e-03	-2.6123901833e-03	-2.6123901833e-03	-1.4090103417e-02	-1.4090103417e-02	-1.4090103417e-02	-1.4090103417e-02	-2.0125869402e-02	-2.0125869402e-02	-2.0125869402e-02	-2.0125869402e-02	-2.5382798002e-02	-2.5382798002e-02	-2.5382798002e-02	-2.5972542442e-02	-2.9601482557e-02	-2.9601482557e-02	-2.9601482557e-02	-3.2548592468e-02	-3.2548592468e-02	-3.2548592468e-02	-3.2548592468e-02	-3.4033370957e-02	-3.4033370957e-02	-3.4033370957e-02	-3.4033370957e-02	-3.3910109679e-02	-3.3910109679e-02	-3.3910109679e-02	-3.3910109679e-02	-3.2125450569e-02	-3.2125450569e-02	-3.2125450569e-02	-3.2125450569e-02	-2.8740777079e-02	-2.8740777079e-02	-2.8740777079e-02	-2.4263333524e-02	-2.3984501717e-02	-2.3984501717e-02	-2.3984501717e-02	-1.8292208639e-02	-1.8292208639e-02	-1.8292208639e-02	-1.8292208639e-02	-1.2316152075e-02	-1.2316152075e-02	-1.2316152075e-02	-7.2809930866e-03	-6.5885001203e-03	-6.5885001203e-03	-6.5885001203e-03	-6.5885001203e-03	4.8042932007e-03	4.8042932007e-03	4.8042932007e-03	4.8042932007e-03	1.0826783579e-02	1.0826783579e-02	1.0826783579e-02	1.5219146006e-02	1.6325642538e-02	1.6325642538e-02	1.6325642538e-02	2.1095295576e-02	2.1095295576e-02	2.1095295576e-02	2.4431557976e-02	2.4431557976e-02	2.6292395761e-02	2.6292395761e-02	2.6292395761e-02	3.1787536014e-02	3.2888456504e-02	3.2888456504e-02	3.2888456504e-02	3.5406663864e-02	3.6686598084e-02	3.6686598084e-02	3.8772816801e-02	4.0119909209e-02	4.0119909209e-02	4.0119909209e-02	4.1744281623e-02	4.3092185421e-02	4.3092185421e-02	4.5385270818e-02	4.5385270818e-02	4.6971620682e-02	4.6971620682e-02	4.6971620682e-02	4.9908583993e-02	5.1465190424e-02	
269	0.0	9.7397157676e-03	1.3677660639e-02	4.6538276262e-03	4.6538276262e-03	4.6538276262e-03	4.6538276262e-03	-2.6126461363e-03	-2.6126461363e-03	-2.6126461363e-03	-2.6126461363e-03	-1.4090443484e-02	-1.4090443484e-02	-1.4090443484e-02	-1.4090443484e-02	-2.0126236208e-02	-2.0126236208e-02	-2.0126236208e-02	-2.0126236208e-02	-2.5383188261e-02	-2.5383188261e-02	-2.5383188261e-02	-2.5972935960e-02	-2.9601890628e-02	-2.9601890628e-02	-2.9601890628e-02	-3.2549012710e-02	-3.2549012710e-02	-3.2549012710e-02	-3.2549012710e-02	-3.4033797369e-02	-3.4033797369e-02	-3.4033797369e-02	-3.4033797369e-02	-3.3910535796e-02	-3.3910535796e-02	-3.3910535796e-02	-3.3910535796e-02	-3.2125869739e-02	-3.2125869739e-02	-3.2125869739e-02	-3.2125869739e-02	-2.8741182766e-02	-2.8741182766e-02	-2.8741182766e-02	-2.4263720613e-02	-2.3984887859e-02	-2.3984887859e-02	-2.3984887859e-02	-1.8292570465e-02	-1.8292570465e-02	-1.8292570465e-02	-1.8292570465e-02	-1.2316487993e-02	-1.2316487993e-02	-1.2316487993e-02	-7.2813075678e-03	-6.5888120784e-03	-6.5888120784e-03	-6.5888120784e-03	-6.5888120784e-03	4.8040350062e-03	4.8040350062e-03	4.8040350062e-03	4.8040350062e-03	1.0826552162e-02	1.0826552162e-02	1.0826552162e-02	1.5218934231e-02	1.6325434931e-02	1.6325434931e-02	1.6325434931e-02	2.1095108697e-02	2.1095108697e-02	2.1095108697e-02	2.4431386119e-02	2.4431386119e-02	2.6292232606e-02	2.6292232606e-02	2.6292232606e-02	3.1787394072e-02	3.2888316319e-02	3.2888316319e-02	3.2888316319e-02	3.5406532582e-02	3.6686468764e-02	3.6686468764e-02	3.8772693783e-02	4.0119788542e-02	4.0119788542e-02	4.0119788542e-02	4.1744165182e-02	4.3092071680e-02	4.3092071680e-02	4.5385161137e-02	4.5385161137e-02	4.6971514471e-02	4.6971514471e-02	4.6971514471e-02	4.9908472596e-02	5.1465082732e-02	
270	0.0	9.7396114978e-03	1.3677574931e-02	4.6536389797e-03	4.6536389797e-03	4.6536389797e-03	4.6536389797e-03	-2.6128977925e-03	-2.6128977925e-03	-2.6128977925e-03	-2.6128977925e-03	-1.4090777810e-02	-1.4090777810e-02	-1.4090777810e-02	-1.4090777810e-02	-2.0126596758e-02	-2.0126596758e-02	-2.0126596758e-02	-2.0126596758e-02	-2.5383571818e-02	-2.5383571818e-02	-2.5383571818e-02	-2.5973322711e-02	-2.9602291657e-02	-2.9602291657e-02	-2.9602291657e-02	-3.2549425677e-02	-3.2549425677e-02	-3.2549425677e-02	-3.2549425677e-02	-3.4034216387e-02	-3.4034216387e-02	-3.4034216387e-02	-3.4034216387e-02	-3.3910954520e-02	-3.3910954520e-02	-3.3910954520e-02	-3.3910954520e-02	-3.2126281637e-02	-3.2126281637e-02	-3.2126281637e-02	-3.2126281637e-02	-2.8741581430e-02	-2.8741581430e-02	-2.8741581430e-02	-2.4264101038e-02	-2.3985267356e-02	-2.3985267356e-02	-2.3985267356e-02	-1.8292926165e-02	-1.8292926165e-02	-1.8292926165e-02	-1.8292926165e-02	-1.2316818392e-02	-1.2316818392e-02	-1.2316818392e-02	-7.2816170721e-03	-6.5891191082e-03	-6.5891191082e-03	-6.5891191082e-03	-6.5891191082e-03	4.8037805202e-03	4.8037805202e-03	4.8037805202e-03	4.8037805202e-03	1.0826323788e-02	1.0826323788e-02	1.0826323788e-02	1.5218724921e-02	1.6325229711e-02	1.6325229711e-02	1.6325229711e-02	2.1094923606e-02	2.1094923606e-02	2.1094923606e-02	2.4431215562e-02	2.4431215562e-02	2.6292070607e-02	2.6292070607e-02	2.6292070607e-02	3.1787252616e-02	3.2888176542e-02	3.2888176542e-02	3.2888176542e-02	3.5406401393e-02	3.6686339450e-02	3.6686339450e-02	3.8772570515e-02	4.0119667530e-02	4.0119667530e-02	4.0119667530e-02	4.1744048205e-02	4.3091957296e-02	4.3091957296e-02	4.5385050627e-02	4.5385050627e-02	4.6971407282e-02	4.6971407282e-02	4.6971407282e-02	4.9908360358e-02	5.1464974023e-02	
271	0.0	9.7395090254e-03	1.3677490697e-02	4.6534536385e-03	4.6534536385e-03	4.6534536385e-03	4.6534536385e-03	-2.6131450166e-03	-2.6131450166e-03	-2.6131450166e-03	-2.6131450166e-03	-1.4091106223e-02	-1.4091106223e-02	-1.4091106223e-02	-1.4091106223e-02	-2.0126950873e-02	-2.0126950873e-02	-2.0126950873e-02	-2.0126950873e-02	-2.5383948490e-02	-2.5383948490e-02	-2.5383948490e-02	-2.5973702509e-02	-2.9602685458e-02	-2.9602685458e-02	-2.9602685458e-02	-3.2549831182e-02	-3.2549831182e-02	-3.2549831182e-02	-3.2549831182e-02	-3.4034627822e-02	-3.4034627822e-02	-3.4034627822e-02	-3.4034627822e-02	-3.3911365659e-02	-3.3911365659e-02	-3.3911365659e-02	-3.3911365659e-02	-3.2126686074e-02	-3.2126686074e-02	-3.2126686074e-02	-3.2126686074e-02	-2.8741972878e-02	-2.8741972878e-02	-2.8741972878e-02	-2.4264474602e-02	-2.3985640011e-02	-2.3985640011e-02	-2.3985640011e-02	-1.8293275529e-02	-1.8293275529e-02	-1.8293275529e-02	-1.8293275529e-02	-1.2317143045e-02	-1.2317143045e-02	-1.2317143045e-02	-7.2819213512e-03	-6.5894209626e-03	-6.5894209626e-03	-6.5894209626e-03	-6.5894209626e-03	4.8035300320e-03	4.8035300320e-03	4.8035300320e-03	4.8035300320e-03	1.0826098767e-02	1.0826098767e-02	1.0826098767e-02	1.5218518411e-02	1.6325027211e-02	1.6325027211e-02	1.6325027211e-02	2.1094740660e-02	2.1094740660e-02	2.1094740660e-02	2.4431046678e-02	2.4431046678e-02	2.6291910137e-02	2.6291910137e-02	2.6291910137e-02	3.1787112042e-02	3.2888037573e-02	3.2888037573e-02	3.2888037573e-02	3.5406270709e-02	3.6686210556e-02	3.6686210556e-02	3.8772447421e-02	4.0119546597e-02	4.0119546597e-02	4.0119546597e-02	4.1743931126e-02	4.3091842704e-02	4.3091842704e-02	4.5384939728e-02	4.5384939728e-02	4.6971299559e-02	4.6971299559e-02	4.6971299559e-02	4.9908247710e-02	5.1464864735e-02	
272	0.0	9.7394084094e-03	1.3677407985e-02	4.6532717020e-03	4.6532717020e-03	4.6532717020e-03	4.6532717020e-03	-2.6133876790e-03	-2.6133876790e-03	-2.6133876790e-03	-2.6133876790e-03	-1.4091428557e-02	-1.4091428557e-02	-1.4091428557e-02	-1.4091428557e-02	-2.0127298383e-02	-2.0127298383e-02	-2.0127298383e-02	-2.0127298383e-02	-2.5384318102e-02	-2.5384318102e-02	-2.5384318102e-02	-2.5974075178e-02	-2.9603071852e-02	-2.9603071852e-02	-2.9603071852e-02	-3.2550229043e-02	-3.2550229043e-02	-3.2550229043e-02	-3.2550229043e-02	-3.4035031493e-02	-3.4035031493e-02	-3.4035031493e-02	-3.4035031493e-02	-3.3911769034e-02	-3.3911769034e-02	-3.3911769034e-02	-3.3911769034e-02	-3.2127082868e-02	-3.2127082868e-02	-3.2127082868e-02	-3.2127082868e-02	-2.8742356928e-02	-2.8742356928e-02	-2.8742356928e-02	-2.4264841119e-02	-2.3986005639e-02	-2.3986005639e-02	-2.3986005639e-02	-1.8293618360e-02	-1.8293618360e-02	-1.8293618360e-02	-1.8293618360e-02	-1.2317461737e-02	-1.2317461737e-02	-1.2317461737e-02	-7.2822201715e-03	-6.5897174085e-03	-6.5897174085e-03	-6.5897174085e-03	-6.5897174085e-03	4.8032838144e-03	4.8032838144e-03	4.8032838144e-03	4.8032838144e-03	1.0825877392e-02	1.0825877392e-02	1.0825877392e-02	1.5218315016e-02	1.6324827746e-02	1.6324827746e-02	1.6324827746e-02	2.1094560192e-02	2.1094560192e-02	2.1094560192e-02	2.4430879822e-02	2.4430879822e-02	2.6291751547e-02	2.6291751547e-02	2.6291751547e-02	3.1786972730e-02	3.2887899792e-02	3.2887899792e-02	3.2887899792e-02	3.5406140921e-02	3.6686082476e-02	3.6686082476e-02	3.8772324903e-02	4.0119426149e-02	4.0119426149e-02	4.0119426149e-02	4.1743814353e-02	4.3091728317e-02	4.3091728317e-02	4.5384828857e-02	4.5384828857e-02	4.6971191725e-02	4.6971191725e-02	4.6971191725e-02	4.9908135061e-02	5.1464755283e-02	
273	0.0	9.7393097028e-03	1.3677326837e-02	4.6530932597e-03	4.6530932597e-03	4.6530932597e-03	4.6530932597e-03	-2.6136256639e-03	-2.6136256639e-03	-2.6136256639e-03	-2.6136256639e-03	-1.4091744664e-02	-1.4091744664e-02	-1.4091744664e-02	-1.4091744664e-02	-2.0127639136e-02	-2.0127639136e-02	-2.0127639136e-02	-2.0127639136e-02	-2.5384680499e-02	-2.5384680499e-02	-2.5384680499e-02	-2.5974440562e-02	-2.9603450682e-02	-2.9603450682e-02	-2.9603450682e-02	-3.2550619103e-02	-3.2550619103e-02	-3.2550619103e-02	-3.2550619103e-02	-3.4035427238e-02	-3.4035427238e-02	-3.4035427238e-02	-3.4035427238e-02	-3.3912164482e-02	-3.3912164482e-02	-3.3912164482e-02	-3.3912164482e-02	-3.2127471859e-02	-3.2127471859e-02	-3.2127471859e-02	-3.2127471859e-02	-2.8742733420e-02	-2.8742733420e-02	-2.8742733420e-02	-2.4265200424e-02	-2.3986364074e-02	-2.3986364074e-02	-2.3986364074e-02	-1.8293954483e-02	-1.8293954483e-02	-1.8293954483e-02	-1.8293954483e-02	-1.2317774273e-02	-1.2317774273e-02	-1.2317774273e-02	-7.2825133202e-03	-6.5900082338e-03	-6.5900082338e-03	-6.5900082338e-03	-6.5900082338e-03	4.8030421172e-03	4.8030421172e-03	4.8030421172e-03	4.8030421172e-03	1.0825659936e-02	1.0825659936e-02	1.0825659936e-02	1.5218115030e-02	1.6324631609e-02	1.6324631609e-02	1.6324631609e-02	2.1094382515e-02	2.1094382515e-02	2.1094382515e-02	2.4430715327e-02	2.4430715327e-02	2.6291595167e-02	2.6291595167e-02	2.6291595167e-02	3.1786835036e-02	3.2887763557e-02	3.2887763557e-02	3.2887763557e-02	3.5406012400e-02	3.6685955582e-02	3.6685955582e-02	3.8772203343e-02	4.0119306571e-02	4.0119306571e-02	4.0119306571e-02	4.1743698279e-02	4.3091614530e-02	4.3091614530e-02	4.5384718415e-02	4.5384718415e-02	4.6971084184e-02	4.6971084184e-02	4.6971084184e-02	4.9908022803e-02	5.1464646068e-02	
274	0.0	9.7392129534e-03	1.3677247292e-02	4.6529183913e-03	4.6529183913e-03	4.6529183913e-03	4.6529183913e-03	-2.6138588676e-03	-2.6138588676e-03	-2.6138588676e-03	-2.6138588676e-03	-1.4092054412e-02	-1.4092054412e-02	-1.4092054412e-02	-1.4092054412e-02	-2.0127972996e-02	-2.0127972996e-02	-2.0127972996e-02	-2.0127972996e-02	-2.5385035542e-02	-2.5385035542e-02	-2.5385035542e-02	-2.5974798522e-02	-2.9603821806e-02	-2.9603821806e-02	-2.9603821806e-02	-3.2551001218e-02	-3.2551001218e-02	-3.2551001218e-02	-3.2551001218e-02	-3.4035814917e-02	-3.4035814917e-02	-3.4035814917e-02	-3.4035814917e-02	-3.3912551863e-02	-3.3912551863e-02	-3.3912551863e-02	-3.3912551863e-02	-3.2127852906e-02	-3.2127852906e-02	-3.2127852906e-02	-3.2127852906e-02	-2.8743102211e-02	-2.8743102211e-02	-2.8743102211e-02	-2.4265552369e-02	-2.3986715170e-02	-2.3986715170e-02	-2.3986715170e-02	-1.8294283738e-02	-1.8294283738e-02	-1.8294283738e-02	-1.8294283738e-02	-1.2318080478e-02	-1.2318080478e-02	-1.2318080478e-02	-7.2828006051e-03	-6.5902932470e-03	-6.5902932470e-03	-6.5902932470e-03	-6.5902932470e-03	4.8028051679e-03	4.8028051679e-03	4.8028051679e-03	4.8028051679e-03	1.0825446645e-02	1.0825446645e-02	1.0825446645e-02	1.5217918723e-02	1.6324439069e-02	1.6324439069e-02	1.6324439069e-02	2.1094207917e-02	2.1094207917e-02	2.1094207917e-02	2.4430553501e-02	2.4430553501e-02	2.6291441302e-02	2.6291441302e-02	2.6291441302e-02	3.1786699292e-02	3.2887629204e-02	3.2887629204e-02	3.2887629204e-02	3.5405885491e-02	3.6685830223e-02	3.6685830223e-02	3.8772083099e-02	4.0119188222e-02	4.0119188222e-02	4.0119188222e-02	4.1743583272e-02	4.3091501713e-02	4.3091501713e-02	4.5384608778e-02	4.5384608778e-02	4.6970977318e-02	4.6970977318e-02	4.6970977318e-02	4.9907911309e-02	5.1464537468e-02	
275	0.0	9.7391182046e-03	1.3677169385e-02	4.6527471692e-03	4.6527471692e-03	4.6527471692e-03	4.6527471692e-03	-2.6140871967e-03	-2.6140871967e-03	-2.6140871967e-03	-2.6140871967e-03	-1.4092357683e-02	-1.4092357683e-02	-1.4092357683e-02	-1.4092357683e-02	-2.0128299843e-02	-2.0128299843e-02	-2.0128299843e-02	-2.0128299843e-02	-2.5385383107e-02	-2.5385383107e-02	-2.5385383107e-02	-2.5975148934e-02	-2.9604185100e-02	-2.9604185100e-02	-2.9604185100e-02	-3.2551375263e-02	-3.2551375263e-02	-3.2551375263e-02	-3.2551375263e-02	-3.4036194403e-02	-3.4036194403e-02	-3.4036194403e-02	-3.4036194403e-02	-3.3912931050e-02	-3.3912931050e-02	-3.3912931050e-02	-3.3912931050e-02	-3.2128225881e-02	-3.2128225881e-02	-3.2128225881e-02	-3.2128225881e-02	-2.8743463174e-02	-2.8743463174e-02	-2.8743463174e-02	-2.4265896825e-02	-2.3987058796e-02	-2.3987058796e-02	-2.3987058796e-02	-1.8294605987e-02	-1.8294605987e-02	-1.8294605987e-02	-1.8294605987e-02	-1.2318380197e-02	-1.2318380197e-02	-1.2318380197e-02	-7.2830818531e-03	-6.5905722753e-03	-6.5905722753e-03	-6.5905722753e-03	-6.5905722753e-03	4.8025731730e-03	4.8025731730e-03	4.8025731730e-03	4.8025731730e-03	1.0825237745e-02	1.0825237745e-02	1.0825237745e-02	1.5217726342e-02	1.6324250370e-02	1.6324250370e-02	1.6324250370e-02	2.1094036663e-02	2.1094036663e-02	2.1094036663e-02	2.4430394628e-02	2.4430394628e-02	2.6291290236e-02	2.6291290236e-02	2.6291290236e-02	3.1786565805e-02	3.2887497041e-02	3.2887497041e-02	3.2887497041e-02	3.5405760517e-02	3.6685706724e-02	3.6685706724e-02	3.8771964506e-02	4.0119071441e-02	4.0119071441e-02	4.0119071441e-02	4.1743469675e-02	4.3091390215e-02	4.3091390215e-02	4.5384500299e-02	4.5384500299e-02	4.6970871487e-02	4.6970871487e-02	4.6970871487e-02	4.9907800928e-02	5.1464429840e-02	
276	0.0	9.7390254958e-03	1.3677093148e-02	4.6525796587e-03	4.6525796587e-03	4.6525796587e-03	4.6525796587e-03	-2.6143105674e-03	-2.6143105674e-03	-2.6143105674e-03	-2.6143105674e-03	-1.4092654369e-02	-1.4092654369e-02	-1.4092654369e-02	-1.4092654369e-02	-2.0128619570e-02	-2.0128619570e-02	-2.0128619570e-02	-2.0128619570e-02	-2.5385723086e-02	-2.5385723086e-02	-2.5385723086e-02	-2.5975491690e-02	-2.9604540455e-02	-2.9604540455e-02	-2.9604540455e-02	-3.2551741129e-02	-3.2551741129e-02	-3.2551741129e-02	-3.2551741129e-02	-3.4036565586e-02	-3.4036565586e-02	-3.4036565586e-02	-3.4036565586e-02	-3.3913301933e-02	-3.3913301933e-02	-3.3913301933e-02	-3.3913301933e-02	-3.2128590676e-02	-3.2128590676e-02	-3.2128590676e-02	-3.2128590676e-02	-2.8743816199e-02	-2.8743816199e-02	-2.8743816199e-02	-2.4266233677e-02	-2.3987394839e-02	-2.3987394839e-02	-2.3987394839e-02	-1.8294921105e-02	-1.8294921105e-02	-1.8294921105e-02	-1.8294921105e-02	-1.2318673290e-02	-1.2318673290e-02	-1.2318673290e-02	-7.2833569093e-03	-6.5908451639e-03	-6.5908451639e-03	-6.5908451639e-03	-6.5908451639e-03	4.8023463188e-03	4.8023463188e-03	4.8023463188e-03	4.8023463188e-03	1.0825033440e-02	1.0825033440e-02	1.0825033440e-02	1.5217538110e-02	1.6324065739e-02	1.6324065739e-02	1.6324065739e-02	2.1093868997e-02	2.1093868997e-02	2.1093868997e-02	2.4430238971e-02	2.4430238971e-02	2.6291142229e-02	2.6291142229e-02	2.6291142229e-02	3.1786434860e-02	3.2887367358e-02	3.2887367358e-02	3.2887367358e-02	3.5405637777e-02	3.6685585388e-02	3.6685585388e-02	3.8771847875e-02	4.0118956543e-02	4.0118956543e-02	4.0118956543e-02	4.1743357811e-02	4.3091280362e-02	4.3091280362e-02	4.5384393311e-02	4.5384393311e-02	4.6970767028e-02	4.6970767028e-02	4.6970767028e-02	4.9907691987e-02	5.1464323520e-02	
277	0.0	9.7389348521e-03	1.3677018600e-02	4.6524158998e-03	4.6524158998e-03	4.6524158998e-03	4.6524158998e-03	-2.6145289269e-03	-2.6145289269e-03	-2.6145289269e-03	-2.6145289269e-03	-1.4092944403e-02	-1.4092944403e-02	-1.4092944403e-02	-1.4092944403e-02	-2.0128932108e-02	-2.0128932108e-02	-2.0128932108e-02	-2.0128932108e-02	-2.5386055410e-02	-2.5386055410e-02	-2.5386055410e-02	-2.5975826718e-02	-2.9604887801e-02	-2.9604887801e-02	-2.9604887801e-02	-3.2552098746e-02	-3.2552098746e-02	-3.2552098746e-02	-3.2552098746e-02	-3.4036928397e-02	-3.4036928397e-02	-3.4036928397e-02	-3.4036928397e-02	-3.3913664444e-02	-3.3913664444e-02	-3.3913664444e-02	-3.3913664444e-02	-3.2128947220e-02	-3.2128947220e-02	-3.2128947220e-02	-3.2128947220e-02	-2.8744161215e-02	-2.8744161215e-02	-2.8744161215e-02	-2.4266562849e-02	-2.3987723223e-02	-2.3987723223e-02	-2.3987723223e-02	-1.8295229008e-02	-1.8295229008e-02	-1.8295229008e-02	-1.8295229008e-02	-1.2318959658e-02	-1.2318959658e-02	-1.2318959658e-02	-7.2836256568e-03	-6.5911117967e-03	-6.5911117967e-03	-6.5911117967e-03	-6.5911117967e-03	4.8021247525e-03	4.8021247525e-03	4.8021247525e-03	4.8021247525e-03	1.0824833897e-02	1.0824833897e-02	1.0824833897e-02	1.5217354216e-02	1.6323885360e-02	1.6323885360e-02	1.6323885360e-02	2.1093705123e-02	2.1093705123e-02	2.1093705123e-02	2.4430086753e-02	2.4430086753e-02	2.6290997501e-02	2.6290997501e-02	2.6290997501e-02	3.1786306706e-02	3.2887240403e-02	3.2887240403e-02	3.2887240403e-02	3.5405517533e-02	3.6685466478e-02	3.6685466478e-02	3.8771733482e-02	4.0118843805e-02	4.0118843805e-02	4.0118843805e-02	4.1743247966e-02	4.3091172442e-02	4.3091172442e-02	4.5384288111e-02	4.5384288111e-02	4.6970664243e-02	4.6970664243e-02	4.6970664243e-02	4.9907584784e-02	5.1464218811e-02	
278	0.0	9.7388463056e-03	1.3676945767e-02	4.6522559449e-03	4.6522559449e-03	4.6522559449e-03	4.6522559449e-03	-2.6147422094e-03	-2.6147422094e-03	-2.6147422094e-03	-2.6147422094e-03	-1.4093227704e-02	-1.4093227704e-02	-1.4093227704e-02	-1.4093227704e-02	-2.0129237376e-02	-2.0129237376e-02	-2.0129237376e-02	-2.0129237376e-02	-2.5386379999e-02	-2.5386379999e-02	-2.5386379999e-02	-2.5976153940e-02	-2.9605227058e-02	-2.9605227058e-02	-2.9605227058e-02	-3.2552448034e-02	-3.2552448034e-02	-3.2552448034e-02	-3.2552448034e-02	-3.4037282756e-02	-3.4037282756e-02	-3.4037282756e-02	-3.4037282756e-02	-3.3914018502e-02	-3.3914018502e-02	-3.3914018502e-02	-3.3914018502e-02	-3.2129295434e-02	-3.2129295434e-02	-3.2129295434e-02	-3.2129295434e-02	-2.8744498141e-02	-2.8744498141e-02	-2.8744498141e-02	-2.4266884260e-02	-2.3988043865e-02	-2.3988043865e-02	-2.3988043865e-02	-1.8295529604e-02	-1.8295529604e-02	-1.8295529604e-02	-1.8295529604e-02	-1.2319239194e-02	-1.2319239194e-02	-1.2319239194e-02	-7.2838879769e-03	-6.5913720545e-03	-6.5913720545e-03	-6.5913720545e-03	-6.5913720545e-03	4.8019086203e-03	4.8019086203e-03	4.8019086203e-03	4.8019086203e-03	1.0824639277e-02	1.0824639277e-02	1.0824639277e-02	1.5217174839e-02	1.6323709415e-02	1.6323709415e-02	1.6323709415e-02	2.1093545240e-02	2.1093545240e-02	2.1093545240e-02	2.4429938190e-02	2.4429938190e-02	2.6290856269e-02	2.6290856269e-02	2.6290856269e-02	3.1786181579e-02	3.2887116418e-02	3.2887116418e-02	3.2887116418e-02	3.5405400037e-02	3.6685350251e-02	3.6685350251e-02	3.8771621590e-02	4.0118733496e-02	4.0118733496e-02	4.0118733496e-02	4.1743140415e-02	4.3091066734e-02	4.3091066734e-02	4.5384184983e-02	4.5384184983e-02	4.6970563422e-02	4.6970563422e-02	4.6970563422e-02	4.9907479601e-02	5.1464116003e-02	
279	0.0	9.7387598749e-03	1.3676874666e-02	4.6520998232e-03	4.6520998232e-03	4.6520998232e-03	4.6520998232e-03	-2.6149503781e-03	-2.6149503781e-03	-2.6149503781e-03	-2.6149503781e-03	-1.4093504226e-02	-1.4093504226e-02	-1.4093504226e-02	-1.4093504226e-02	-2.0129535330e-02	-2.0129535330e-02	-2.0129535330e-02	-2.0129535330e-02	-2.5386696808e-02	-2.5386696808e-02	-2.5386696808e-02	-2.5976473312e-02	-2.9605558183e-02	-2.9605558183e-02	-2.9605558183e-02	-3.2552788950e-02	-3.2552788950e-02	-3.2552788950e-02	-3.2552788950e-02	-3.4037628621e-02	-3.4037628621e-02	-3.4037628621e-02	-3.4037628621e-02	-3.3914364066e-02	-3.3914364066e-02	-3.3914364066e-02	-3.3914364066e-02	-3.2129635277e-02	-3.2129635277e-02	-3.2129635277e-02	-3.2129635277e-02	-2.8744826935e-02	-2.8744826935e-02	-2.8744826935e-02	-2.4267197862e-02	-2.3988356719e-02	-2.3988356719e-02	-2.3988356719e-02	-1.8295822838e-02	-1.8295822838e-02	-1.8295822838e-02	-1.8295822838e-02	-1.2319511831e-02	-1.2319511831e-02	-1.2319511831e-02	-7.2841437867e-03	-6.5916258546e-03	-6.5916258546e-03	-6.5916258546e-03	-6.5916258546e-03	4.8016980317e-03	4.8016980317e-03	4.8016980317e-03	4.8016980317e-03	1.0824449708e-02	1.0824449708e-02	1.0824449708e-02	1.5217000125e-02	1.6323538048e-02	1.6323538048e-02	1.6323538048e-02	2.1093389511e-02	2.1093389511e-02	2.1093389511e-02	2.4429793462e-02	2.4429793462e-02	2.6290718712e-02	2.6290718712e-02	2.6290718712e-02	3.1786059682e-02	3.2886995606e-02	3.2886995606e-02	3.2886995606e-02	3.5405285504e-02	3.6685236924e-02	3.6685236924e-02	3.8771512429e-02	4.0118625847e-02	4.0118625847e-02	4.0118625847e-02	4.1743035397e-02	4.3090963483e-02	4.3090963483e-02	4.5384084179e-02	4.5384084179e-02	4.6970464823e-02	4.6970464823e-02	4.6970464823e-02	4.9907376687e-02	5.1464015353e-02	
280	0.0	9.7386755721e-03	1.3676805304e-02	4.6519475518e-03	4.6519475518e-03	4.6519475518e-03	4.6519475518e-03	-2.6151534112e-03	-2.6151534112e-03	-2.6151534112e-03	-2.6151534112e-03	-1.4093773941e-02	-1.4093773941e-02	-1.4093773941e-02	-1.4093773941e-02	-2.0129825946e-02	-2.0129825946e-02	-2.0129825946e-02	-2.0129825946e-02	-2.5387005815e-02	-2.5387005815e-02	-2.5387005815e-02	-2.5976784811e-02	-2.9605881156e-02	-2.9605881156e-02	-2.9605881156e-02	-3.2553121476e-02	-3.2553121476e-02	-3.2553121476e-02	-3.2553121476e-02	-3.4037965974e-02	-3.4037965974e-02	-3.4037965974e-02	-3.4037965974e-02	-3.3914701118e-02	-3.3914701118e-02	-3.3914701118e-02	-3.3914701118e-02	-3.2129966730e-02	-3.2129966730e-02	-3.2129966730e-02	-3.2129966730e-02	-2.8745147578e-02	-2.8745147578e-02	-2.8745147578e-02	-2.4267503631e-02	-2.3988661760e-02	-2.3988661760e-02	-2.3988661760e-02	-1.8296108678e-02	-1.8296108678e-02	-1.8296108678e-02	-1.8296108678e-02	-1.2319777524e-02	-1.2319777524e-02	-1.2319777524e-02	-7.2843930268e-03	-6.5918731376e-03	-6.5918731376e-03	-6.5918731376e-03	-6.5918731376e-03	4.8014930713e-03	4.8014930713e-03	4.8014930713e-03	4.8014930713e-03	1.0824265290e-02	1.0824265290e-02	1.0824265290e-02	1.5216830192e-02	1.6323371379e-02	1.6323371379e-02	1.6323371379e-02	2.1093238072e-02	2.1093238072e-02	2.1093238072e-02	2.4429652722e-02	2.4429652722e-02	2.6290584979e-02	2.6290584979e-02	2.6290584979e-02	3.1785941188e-02	3.2886878145e-02	3.2886878145e-02	3.2886878145e-02	3.5405174123e-02	3.6685126690e-02	3.6685126690e-02	3.8771406199e-02	4.0118521062e-02	4.0118521062e-02	4.0118521062e-02	4.1742933124e-02	4.3090862903e-02	4.3090862903e-02	4.5383985920e-02	4.5383985920e-02	4.6970368674e-02	4.6970368674e-02	4.6970368674e-02	4.9907276268e-02	5.1463917094e-02	
281	0.0	9.7385934117e-03	1.3676737697e-02	4.6517991528e-03	4.6517991528e-03	4.6517991528e-03	4.6517991528e-03	-2.6153512832e-03	-2.6153512832e-03	-2.6153512832e-03	-2.6153512832e-03	-1.4094036822e-02	-1.4094036822e-02	-1.4094036822e-02	-1.4094036822e-02	-2.0130109199e-02	-2.0130109199e-02	-2.0130109199e-02	-2.0130109199e-02	-2.5387306997e-02	-2.5387306997e-02	-2.5387306997e-02	-2.5977088416e-02	-2.9606195955e-02	-2.9606195955e-02	-2.9606195955e-02	-3.2553445592e-02	-3.2553445592e-02	-3.2553445592e-02	-3.2553445592e-02	-3.4038294795e-02	-3.4038294795e-02	-3.4038294795e-02	-3.4038294795e-02	-3.3915029639e-02	-3.3915029639e-02	-3.3915029639e-02	-3.3915029639e-02	-3.2130289774e-02	-3.2130289774e-02	-3.2130289774e-02	-3.2130289774e-02	-2.8745460048e-02	-2.8745460048e-02	-2.8745460048e-02	-2.4267801545e-02	-2.3988958967e-02	-2.3988958967e-02	-2.3988958967e-02	-1.8296387093e-02	-1.8296387093e-02	-1.8296387093e-02	-1.8296387093e-02	-1.2320036229e-02	-1.2320036229e-02	-1.2320036229e-02	-7.2846356435e-03	-6.5921138487e-03	-6.5921138487e-03	-6.5921138487e-03	-6.5921138487e-03	4.8012938160e-03	4.8012938160e-03	4.8012938160e-03	4.8012938160e-03	1.0824086113e-02	1.0824086113e-02	1.0824086113e-02	1.5216665148e-02	1.6323209514e-02	1.6323209514e-02	1.6323209514e-02	2.1093091047e-02	2.1093091047e-02	2.1093091047e-02	2.4429516110e-02	2.4429516110e-02	2.6290455213e-02	2.6290455213e-02	2.6290455213e-02	3.1785826256e-02	3.2886764197e-02	3.2886764197e-02	3.2886764197e-02	3.5405066067e-02	3.6685019725e-02	3.6685019725e-02	3.8771303086e-02	4.0118419333e-02	4.0118419333e-02	4.0118419333e-02	4.1742833793e-02	4.3090765196e-02	4.3090765196e-02	4.5383890414e-02	4.5383890414e-02	4.6970275188e-02	4.6970275188e-02	4.6970275188e-02	4.9907178548e-02	5.1463821439e-02	
282	0.0	9.7385133912e-03	1.3676671840e-02	4.6516546176e-03	4.6516546176e-03	4.6516546176e-03	4.6516546176e-03	-2.6155440054e-03	-2.6155440054e-03	-2.6155440054e-03	-2.6155440054e-03	-1.4094292882e-02	-1.4094292882e-02	-1.4094292882e-02	-1.4094292882e-02	-2.0130385107e-02	-2.0130385107e-02	-2.0130385107e-02	-2.0130385107e-02	-2.5387600378e-02	-2.5387600378e-02	-2.5387600378e-02	-2.5977384150e-02	-2.9606502606e-02	-2.9606502606e-02	-2.9606502606e-02	-3.2553761324e-02	-3.2553761324e-02	-3.2553761324e-02	-3.2553761324e-02	-3.4038615114e-02	-3.4038615114e-02	-3.4038615114e-02	-3.4038615114e-02	-3.3915349658e-02	-3.3915349658e-02	-3.3915349658e-02	-3.3915349658e-02	-3.2130604438e-02	-3.2130604438e-02	-3.2130604438e-02	-3.2130604438e-02	-2.8745764372e-02	-2.8745764372e-02	-2.8745764372e-02	-2.4268091626e-02	-2.3989248360e-02	-2.3989248360e-02	-2.3989248360e-02	-1.8296658097e-02	-1.8296658097e-02	-1.8296658097e-02	-1.8296658097e-02	-1.2320287949e-02	-1.2320287949e-02	-1.2320287949e-02	-7.2848716257e-03	-6.5923479773e-03	-6.5923479773e-03	-6.5923479773e-03	-6.5923479773e-03	4.8011002993e-03	4.8011002993e-03	4.8011002993e-03	4.8011002993e-03	1.0823912227e-02	1.0823912227e-02	1.0823912227e-02	1.5216505057e-02	1.6323052520e-02	1.6323052520e-02	1.6323052520e-02	2.1092948517e-02	2.1092948517e-02	2.1092948517e-02	2.4429383722e-02	2.4429383722e-02	2.6290329508e-02	2.6290329508e-02	2.6290329508e-02	3.1785715006e-02	3.2886653884e-02	3.2886653884e-02	3.2886653884e-02	3.5404961466e-02	3.6684916163e-02	3.6684916163e-02	3.8771203234e-02	4.0118320805e-02	4.0118320805e-02	4.0118320805e-02	4.1742737559e-02	4.3090670520e-02	4.3090670520e-02	4.5383797828e-02	4.5383797828e-02	4.6970184537e-02	4.6970184537e-02	4.6970184537e-02	4.9907083700e-02	5.1463728566e-02	
283	0.0	9.7384355090e-03	1.3676607732e-02	4.6515139403e-03	4.6515139403e-03	4.6515139403e-03	4.6515139403e-03	-2.6157315878e-03	-2.6157315878e-03	-2.6157315878e-03	-2.6157315878e-03	-1.4094542138e-02	-1.4094542138e-02	-1.4094542138e-02	-1.4094542138e-02	-2.0130653691e-02	-2.0130653691e-02	-2.0130653691e-02	-2.0130653691e-02	-2.5387885981e-02	-2.5387885981e-02	-2.5387885981e-02	-2.5977672038e-02	-2.9606801137e-02	-2.9606801137e-02	-2.9606801137e-02	-3.2554068705e-02	-3.2554068705e-02	-3.2554068705e-02	-3.2554068705e-02	-3.4038926961e-02	-3.4038926961e-02	-3.4038926961e-02	-3.4038926961e-02	-3.3915661207e-02	-3.3915661207e-02	-3.3915661207e-02	-3.3915661207e-02	-3.2130910751e-02	-3.2130910751e-02	-3.2130910751e-02	-3.2130910751e-02	-2.8746060581e-02	-2.8746060581e-02	-2.8746060581e-02	-2.4268373900e-02	-2.3989529967e-02	-2.3989529967e-02	-2.3989529967e-02	-1.8296921710e-02	-1.8296921710e-02	-1.8296921710e-02	-1.8296921710e-02	-1.2320532692e-02	-1.2320532692e-02	-1.2320532692e-02	-7.2851009703e-03	-6.5925755195e-03	-6.5925755195e-03	-6.5925755195e-03	-6.5925755195e-03	4.8009125450e-03	4.8009125450e-03	4.8009125450e-03	4.8009125450e-03	1.0823743669e-02	1.0823743669e-02	1.0823743669e-02	1.5216349973e-02	1.6322900450e-02	1.6322900450e-02	1.6322900450e-02	2.1092810551e-02	2.1092810551e-02	2.1092810551e-02	2.4429255643e-02	2.4429255643e-02	2.6290207949e-02	2.6290207949e-02	2.6290207949e-02	3.1785607540e-02	3.2886547310e-02	3.2886547310e-02	3.2886547310e-02	3.5404860437e-02	3.6684816124e-02	3.6684816124e-02	3.8771106771e-02	4.0118225610e-02	4.0118225610e-02	4.0118225610e-02	4.1742644560e-02	4.3090579017e-02	4.3090579017e-02	4.5383708310e-02	4.5383708310e-02	4.6970096874e-02	4.6970096874e-02	4.6970096874e-02	4.9906991872e-02	5.1463638630e-02	
284	0.0	9.7383597572e-03	1.3676545367e-02	4.6513771032e-03	4.6513771032e-03	4.6513771032e-03	4.6513771032e-03	-2.6159140551e-03	-2.6159140551e-03	-2.6159140551e-03	-2.6159140551e-03	-1.4094784623e-02	-1.4094784623e-02	-1.4094784623e-02	-1.4094784623e-02	-2.0130914993e-02	-2.0130914993e-02	-2.0130914993e-02	-2.0130914993e-02	-2.5388163853e-02	-2.5388163853e-02	-2.5388163853e-02	-2.5977952128e-02	-2.9607091598e-02	-2.9607091598e-02	-2.9607091598e-02	-3.2554367785e-02	-3.2554367785e-02	-3.2554367785e-02	-3.2554367785e-02	-3.4039230391e-02	-3.4039230391e-02	-3.4039230391e-02	-3.4039230391e-02	-3.3915964340e-02	-3.3915964340e-02	-3.3915964340e-02	-3.3915964340e-02	-3.2131208769e-02	-3.2131208769e-02	-3.2131208769e-02	-3.2131208769e-02	-2.8746348724e-02	-2.8746348724e-02	-2.8746348724e-02	-2.4268648415e-02	-2.3989803833e-02	-2.3989803833e-02	-2.3989803833e-02	-1.8297177971e-02	-1.8297177971e-02	-1.8297177971e-02	-1.8297177971e-02	-1.2320770487e-02	-1.2320770487e-02	-1.2320770487e-02	-7.2853236958e-03	-6.5927964930e-03	-6.5927964930e-03	-6.5927964930e-03	-6.5927964930e-03	4.8007305547e-03	4.8007305547e-03	4.8007305547e-03	4.8007305547e-03	1.0823580453e-02	1.0823580453e-02	1.0823580453e-02	1.5216199923e-02	1.6322753333e-02	1.6322753333e-02	1.6322753333e-02	2.1092677193e-02	2.1092677193e-02	2.1092677193e-02	2.4429131929e-02	2.4429131929e-02	2.6290090594e-02	2.6290090594e-02	2.6290090594e-02	3.1785503934e-02	3.2886444556e-02	3.2886444556e-02	3.2886444556e-02	3.5404763070e-02	3.6684719699e-02	3.6684719699e-02	3.8771013799e-02	4.0118133852e-02	4.0118133852e-02	4.0118133852e-02	4.1742554907e-02	4.3090490801e-02	4.3090490801e-02	4.5383621983e-02	4.5383621983e-02	4.6970012328e-02	4.6970012328e-02	4.6970012328e-02	4.9906903192e-02	5.1463551766e-02	
285	0.0	9.7382861228e-03	1.3676484736e-02	4.6512440803e-03	4.6512440803e-03	4.6512440803e-03	4.6512440803e-03	-2.6160914434e-03	-2.6160914434e-03	-2.6160914434e-03	-2.6160914434e-03	-1.4095020388e-02	-1.4095020388e-02	-1.4095020388e-02	-1.4095020388e-02	-2.0131169067e-02	-2.0131169067e-02	-2.0131169067e-02	-2.0131169067e-02	-2.5388434055e-02	-2.5388434055e-02	-2.5388434055e-02	-2.5978224481e-02	-2.9607374055e-02	-2.9607374055e-02	-2.9607374055e-02	-3.2554658632e-02	-3.2554658632e-02	-3.2554658632e-02	-3.2554658632e-02	-3.4039525473e-02	-3.4039525473e-02	-3.4039525473e-02	-3.4039525473e-02	-3.3916259126e-02	-3.3916259126e-02	-3.3916259126e-02	-3.3916259126e-02	-3.2131498559e-02	-3.2131498559e-02	-3.2131498559e-02	-3.2131498559e-02	-2.8746628869e-02	-2.8746628869e-02	-2.8746628869e-02	-2.4268915235e-02	-2.3990070023e-02	-2.3990070023e-02	-2.3990070023e-02	-1.8297426936e-02	-1.8297426936e-02	-1.8297426936e-02	-1.8297426936e-02	-1.2321001380e-02	-1.2321001380e-02	-1.2321001380e-02	-7.2855398390e-03	-6.5930109341e-03	-6.5930109341e-03	-6.5930109341e-03	-6.5930109341e-03	4.8005543097e-03	4.8005543097e-03	4.8005543097e-03	4.8005543097e-03	1.0823422573e-02	1.0823422573e-02	1.0823422573e-02	1.5216054915e-02	1.6322611177e-02	1.6322611177e-02	1.6322611177e-02	2.1092548466e-02	2.1092548466e-02	2.1092548466e-02	2.4429012616e-02	2.4429012616e-02	2.6289977480e-02	2.6289977480e-02	2.6289977480e-02	3.1785404241e-02	3.2886345677e-02	3.2886345677e-02	3.2886345677e-02	3.5404669428e-02	3.6684626958e-02	3.6684626958e-02	3.8770924394e-02	4.0118045613e-02	4.0118045613e-02	4.0118045613e-02	4.1742468689e-02	4.3090405966e-02	4.3090405966e-02	4.5383538944e-02	4.5383538944e-02	4.6969931003e-02	4.6969931003e-02	4.6969931003e-02	4.9906817761e-02	5.1463468081e-02	
286	0.0	9.7382145872e-03	1.3676425822e-02	4.6511148354e-03	4.6511148354e-03	4.6511148354e-03	4.6511148354e-03	-2.6162638020e-03	-2.6162638020e-03	-2.6162638020e-03	-2.6162638020e-03	-1.4095249498e-02	-1.4095249498e-02	-1.4095249498e-02	-1.4095249498e-02	-2.0131415988e-02	-2.0131415988e-02	-2.0131415988e-02	-2.0131415988e-02	-2.5388696667e-02	-2.5388696667e-02	-2.5388696667e-02	-2.5978489179e-02	-2.9607648591e-02	-2.9607648591e-02	-2.9607648591e-02	-3.2554941336e-02	-3.2554941336e-02	-3.2554941336e-02	-3.2554941336e-02	-3.4039812297e-02	-3.4039812297e-02	-3.4039812297e-02	-3.4039812297e-02	-3.3916545657e-02	-3.3916545657e-02	-3.3916545657e-02	-3.3916545657e-02	-3.2131780211e-02	-3.2131780211e-02	-3.2131780211e-02	-3.2131780211e-02	-2.8746901103e-02	-2.8746901103e-02	-2.8746901103e-02	-2.4269174442e-02	-2.3990328619e-02	-2.3990328619e-02	-2.3990328619e-02	-1.8297668682e-02	-1.8297668682e-02	-1.8297668682e-02	-1.8297668682e-02	-1.2321225439e-02	-1.2321225439e-02	-1.2321225439e-02	-7.2857494563e-03	-6.5932188984e-03	-6.5932188984e-03	-6.5932188984e-03	-6.5932188984e-03	4.8003837713e-03	4.8003837713e-03	4.8003837713e-03	4.8003837713e-03	1.0823270003e-02	1.0823270003e-02	1.0823270003e-02	1.5215914936e-02	1.6322473970e-02	1.6322473970e-02	1.6322473970e-02	2.1092424371e-02	2.1092424371e-02	2.1092424371e-02	2.4428897718e-02	2.4428897718e-02	2.6289868620e-02	2.6289868620e-02	2.6289868620e-02	3.1785308494e-02	3.2886250708e-02	3.2886250708e-02	3.2886250708e-02	3.5404579556e-02	3.6684537946e-02	3.6684537946e-02	3.8770838610e-02	4.0117960949e-02	4.0117960949e-02	4.0117960949e-02	4.1742385968e-02	4.3090324577e-02	4.3090324577e-02	4.5383459269e-02	4.5383459269e-02	4.6969852977e-02	4.6969852977e-02	4.6969852977e-02	4.9906735656e-02	5.1463387659e-02	
287	0.0	9.7381451277e-03	1.3676368608e-02	4.6509893254e-03	4.6509893254e-03	4.6509893254e-03	4.6509893254e-03	-2.6164311891e-03	-2.6164311891e-03	-2.6164311891e-03	-2.6164311891e-03	-1.4095472031e-02	-1.4095472031e-02	-1.4095472031e-02	-1.4095472031e-02	-2.0131655841e-02	-2.0131655841e-02	-2.0131655841e-02	-2.0131655841e-02	-2.5388951781e-02	-2.5388951781e-02	-2.5388951781e-02	-2.5978746316e-02	-2.9607915305e-02	-2.9607915305e-02	-2.9607915305e-02	-3.2555215998e-02	-3.2555215998e-02	-3.2555215998e-02	-3.2555215998e-02	-3.4040090968e-02	-3.4040090968e-02	-3.4040090968e-02	-3.4040090968e-02	-3.3916824036e-02	-3.3916824036e-02	-3.3916824036e-02	-3.3916824036e-02	-3.2132053829e-02	-3.2132053829e-02	-3.2132053829e-02	-3.2132053829e-02	-2.8747165528e-02	-2.8747165528e-02	-2.8747165528e-02	-2.4269426133e-02	-2.3990579719e-02	-2.3990579719e-02	-2.3990579719e-02	-1.8297903299e-02	-1.8297903299e-02	-1.8297903299e-02	-1.8297903299e-02	-1.2321442744e-02	-1.2321442744e-02	-1.2321442744e-02	-7.2859526198e-03	-6.5934204571e-03	-6.5934204571e-03	-6.5934204571e-03	-6.5934204571e-03	4.8002188840e-03	4.8002188840e-03	4.8002188840e-03	4.8002188840e-03	1.0823122697e-02	1.0823122697e-02	1.0823122697e-02	1.5215779952e-02	1.6322341681e-02	1.6322341681e-02	1.6322341681e-02	2.1092304889e-02	2.1092304889e-02	2.1092304889e-02	2.4428787227e-02	2.4428787227e-02	2.6289764008e-02	2.6289764008e-02	2.6289764008e-02	3.1785216700e-02	3.2886159659e-02	3.2886159659e-02	3.2886159659e-02	3.5404493472e-02	3.6684452687e-02	3.6684452687e-02	3.8770756478e-02	4.0117879894e-02	4.0117879894e-02	4.0117879894e-02	4.1742306785e-02	4.3090246678e-02	4.3090246678e-02	4.5383383006e-02	4.5383383006e-02	4.6969778306e-02	4.6969778306e-02	4.6969778306e-02	4.9906656932e-02	5.1463310560e-02	
288	0.0	9.7380777163e-03	1.3676313071e-02	4.6508674983e-03	4.6508674983e-03	4.6508674983e-03	4.6508674983e-03	-2.6165936748e-03	-2.6165936748e-03	-2.6165936748e-03	-2.6165936748e-03	-1.4095688079e-02	-1.4095688079e-02	-1.4095688079e-02	-1.4095688079e-02	-2.0131888730e-02	-2.0131888730e-02	-2.0131888730e-02	-2.0131888730e-02	-2.5389199508e-02	-2.5389199508e-02	-2.5389199508e-02	-2.5978996003e-02	-2.9608174314e-02	-2.9608174314e-02	-2.9608174314e-02	-3.2555482737e-02	-3.2555482737e-02	-3.2555482737e-02	-3.2555482737e-02	-3.4040361605e-02	-3.4040361605e-02	-3.4040361605e-02	-3.4040361605e-02	-3.3917094384e-02	-3.3917094384e-02	-3.3917094384e-02	-3.3917094384e-02	-3.2132319532e-02	-3.2132319532e-02	-3.2132319532e-02	-3.2132319532e-02	-2.8747422259e-02	-2.8747422259e-02	-2.8747422259e-02	-2.4269670422e-02	-2.3990823433e-02	-2.3990823433e-02	-2.3990823433e-02	-1.8298130893e-02	-1.8298130893e-02	-1.8298130893e-02	-1.8298130893e-02	-1.2321653393e-02	-1.2321653393e-02	-1.2321653393e-02	-7.2861494190e-03	-6.5936156987e-03	-6.5936156987e-03	-6.5936156987e-03	-6.5936156987e-03	4.8000595741e-03	4.8000595741e-03	4.8000595741e-03	4.8000595741e-03	1.0822980593e-02	1.0822980593e-02	1.0822980593e-02	1.5215649912e-02	1.6322214258e-02	1.6322214258e-02	1.6322214258e-02	2.1092189981e-02	2.1092189981e-02	2.1092189981e-02	2.4428681116e-02	2.4428681116e-02	2.6289663620e-02	2.6289663620e-02	2.6289663620e-02	3.1785128849e-02	3.2886072524e-02	3.2886072524e-02	3.2886072524e-02	3.5404411178e-02	3.6684371183e-02	3.6684371183e-02	3.8770678009e-02	4.0117802463e-02	4.0117802463e-02	4.0117802463e-02	4.1742231160e-02	4.3090172294e-02	4.3090172294e-02	4.5383310187e-02	4.5383310187e-02	4.6969707023e-02	4.6969707023e-02	4.6969707023e-02	4.9906581624e-02	5.1463236825e-02	
289	0.0	9.7380123215e-03	1.3676259186e-02	4.6507492956e-03	4.6507492956e-03	4.6507492956e-03	4.6507492956e-03	-2.6167513377e-03	-2.6167513377e-03	-2.6167513377e-03	-2.6167513377e-03	-1.4095897749e-02	-1.4095897749e-02	-1.4095897749e-02	-1.4095897749e-02	-2.0132114767e-02	-2.0132114767e-02	-2.0132114767e-02	-2.0132114767e-02	-2.5389439970e-02	-2.5389439970e-02	-2.5389439970e-02	-2.5979238365e-02	-2.9608425744e-02	-2.9608425744e-02	-2.9608425744e-02	-3.2555741684e-02	-3.2555741684e-02	-3.2555741684e-02	-3.2555741684e-02	-3.4040624343e-02	-3.4040624343e-02	-3.4040624343e-02	-3.4040624343e-02	-3.3917356838e-02	-3.3917356838e-02	-3.3917356838e-02	-3.3917356838e-02	-3.2132577453e-02	-3.2132577453e-02	-3.2132577453e-02	-3.2132577453e-02	-2.8747671427e-02	-2.8747671427e-02	-2.8747671427e-02	-2.4269907435e-02	-2.3991059890e-02	-2.3991059890e-02	-2.3991059890e-02	-1.8298351583e-02	-1.8298351583e-02	-1.8298351583e-02	-1.8298351583e-02	-1.2321857496e-02	-1.2321857496e-02	-1.2321857496e-02	-7.2863399569e-03	-6.5938047253e-03	-6.5938047253e-03	-6.5938047253e-03	-6.5938047253e-03	4.7999057534e-03	4.7999057534e-03	4.7999057534e-03	4.7999057534e-03	1.0822843613e-02	1.0822843613e-02	1.0822843613e-02	1.5215524748e-02	1.6322091636e-02	1.6322091636e-02	1.6322091636e-02	2.1092079593e-02	2.1092079593e-02	2.1092079593e-02	2.4428579340e-02	2.4428579340e-02	2.6289567412e-02	2.6289567412e-02	2.6289567412e-02	3.1785044912e-02	3.2885989275e-02	3.2885989275e-02	3.2885989275e-02	3.5404332654e-02	3.6684293418e-02	3.6684293418e-02	3.8770603194e-02	4.0117728648e-02	4.0117728648e-02	4.0117728648e-02	4.1742159093e-02	4.3090101425e-02	4.3090101425e-02	4.5383240819e-02	4.5383240819e-02	4.6969639143e-02	4.6969639143e-02	4.6969639143e-02	4.9906509745e-02	5.1463166472e-02	
290	0.0	9.7379489079e-03	1.3676206924e-02	4.6506346522e-03	4.6506346522e-03	4.6506346522e-03	4.6506346522e-03	-2.6169042651e-03	-2.6169042651e-03	-2.6169042651e-03	-2.6169042651e-03	-1.4096101154e-02	-1.4096101154e-02	-1.4096101154e-02	-1.4096101154e-02	-2.0132334078e-02	-2.0132334078e-02	-2.0132334078e-02	-2.0132334078e-02	-2.5389673300e-02	-2.5389673300e-02	-2.5389673300e-02	-2.5979473536e-02	-2.9608669736e-02	-2.9608669736e-02	-2.9608669736e-02	-3.2555992986e-02	-3.2555992986e-02	-3.2555992986e-02	-3.2555992986e-02	-3.4040879330e-02	-3.4040879330e-02	-3.4040879330e-02	-3.4040879330e-02	-3.3917611542e-02	-3.3917611542e-02	-3.3917611542e-02	-3.3917611542e-02	-3.2132827739e-02	-3.2132827739e-02	-3.2132827739e-02	-3.2132827739e-02	-2.8747913176e-02	-2.8747913176e-02	-2.8747913176e-02	-2.4270137310e-02	-2.3991289226e-02	-2.3991289226e-02	-2.3991289226e-02	-1.8298565501e-02	-1.8298565501e-02	-1.8298565501e-02	-1.8298565501e-02	-1.2322055179e-02	-1.2322055179e-02	-1.2322055179e-02	-7.2865243508e-03	-6.5939876528e-03	-6.5939876528e-03	-6.5939876528e-03	-6.5939876528e-03	4.7997573188e-03	4.7997573188e-03	4.7997573188e-03	4.7997573188e-03	1.0822711662e-02	1.0822711662e-02	1.0822711662e-02	1.5215404376e-02	1.6321973731e-02	1.6321973731e-02	1.6321973731e-02	2.1091973653e-02	2.1091973653e-02	2.1091973653e-02	2.4428481837e-02	2.4428481837e-02	2.6289475325e-02	2.6289475325e-02	2.6289475325e-02	3.1784964842e-02	3.2885909867e-02	3.2885909867e-02	3.2885909867e-02	3.5404257861e-02	3.6684219357e-02	3.6684219357e-02	3.8770532002e-02	4.0117658425e-02	4.0117658425e-02	4.0117658425e-02	4.1742090562e-02	4.3090034056e-02	4.3090034056e-02	4.5383174891e-02	4.5383174891e-02	4.6969574658e-02	4.6969574658e-02	4.6969574658e-02	4.9906441288e-02	5.1463099500e-02	
291	0.0	9.7378874360e-03	1.3676156253e-02	4.6505234959e-03	4.6505234959e-03	4.6505234959e-03	4.6505234959e-03	-2.6170525533e-03	-2.6170525533e-03	-2.6170525533e-03	-2.6170525533e-03	-1.4096298422e-02	-1.4096298422e-02	-1.4096298422e-02	-1.4096298422e-02	-2.0132546801e-02	-2.0132546801e-02	-2.0132546801e-02	-2.0132546801e-02	-2.5389899645e-02	-2.5389899645e-02	-2.5389899645e-02	-2.5979701664e-02	-2.9608906444e-02	-2.9608906444e-02	-2.9608906444e-02	-3.2556236800e-02	-3.2556236800e-02	-3.2556236800e-02	-3.2556236800e-02	-3.4041126726e-02	-3.4041126726e-02	-3.4041126726e-02	-3.4041126726e-02	-3.3917858660e-02	-3.3917858660e-02	-3.3917858660e-02	-3.3917858660e-02	-3.2133070549e-02	-3.2133070549e-02	-3.2133070549e-02	-3.2133070549e-02	-2.8748147660e-02	-2.8748147660e-02	-2.8748147660e-02	-2.4270360200e-02	-2.3991511593e-02	-2.3991511593e-02	-2.3991511593e-02	-1.8298772793e-02	-1.8298772793e-02	-1.8298772793e-02	-1.8298772793e-02	-1.2322246578e-02	-1.2322246578e-02	-1.2322246578e-02	-7.2867027310e-03	-6.5941646108e-03	-6.5941646108e-03	-6.5941646108e-03	-6.5941646108e-03	4.7996141535e-03	4.7996141535e-03	4.7996141535e-03	4.7996141535e-03	1.0822584634e-02	1.0822584634e-02	1.0822584634e-02	1.5215288698e-02	1.6321860448e-02	1.6321860448e-02	1.6321860448e-02	2.1091872076e-02	2.1091872076e-02	2.1091872076e-02	2.4428388529e-02	2.4428388529e-02	2.6289387282e-02	2.6289387282e-02	2.6289387282e-02	3.1784888573e-02	3.2885834239e-02	3.2885834239e-02	3.2885834239e-02	3.5404186745e-02	3.6684148947e-02	3.6684148947e-02	3.8770464390e-02	4.0117591749e-02	4.0117591749e-02	4.0117591749e-02	4.1742025529e-02	4.3089970151e-02	4.3089970151e-02	4.5383112373e-02	4.5383112373e-02	4.6969513543e-02	4.6969513543e-02	4.6969513543e-02	4.9906376230e-02	5.1463035889e-02	
292	0.0	9.7378278634e-03	1.3676107139e-02	4.6504157496e-03	4.6504157496e-03	4.6504157496e-03	4.6504157496e-03	-2.6171963053e-03	-2.6171963053e-03	-2.6171963053e-03	-2.6171963053e-03	-1.4096489689e-02	-1.4096489689e-02	-1.4096489689e-02	-1.4096489689e-02	-2.0132753084e-02	-2.0132753084e-02	-2.0132753084e-02	-2.0132753084e-02	-2.5390119161e-02	-2.5390119161e-02	-2.5390119161e-02	-2.5979922909e-02	-2.9609136031e-02	-2.9609136031e-02	-2.9609136031e-02	-3.2556473294e-02	-3.2556473294e-02	-3.2556473294e-02	-3.2556473294e-02	-3.4041366702e-02	-3.4041366702e-02	-3.4041366702e-02	-3.4041366702e-02	-3.3918098361e-02	-3.3918098361e-02	-3.3918098361e-02	-3.3918098361e-02	-3.2133306052e-02	-3.2133306052e-02	-3.2133306052e-02	-3.2133306052e-02	-2.8748375047e-02	-2.8748375047e-02	-2.8748375047e-02	-2.4270576266e-02	-2.3991727152e-02	-2.3991727152e-02	-2.3991727152e-02	-1.8298973614e-02	-1.8298973614e-02	-1.8298973614e-02	-1.8298973614e-02	-1.2322431841e-02	-1.2322431841e-02	-1.2322431841e-02	-7.2868752386e-03	-6.5943357391e-03	-6.5943357391e-03	-6.5943357391e-03	-6.5943357391e-03	4.7994761292e-03	4.7994761292e-03	4.7994761292e-03	4.7994761292e-03	1.0822462409e-02	1.0822462409e-02	1.0822462409e-02	1.5215177600e-02	1.6321751676e-02	1.6321751676e-02	1.6321751676e-02	2.1091774760e-02	2.1091774760e-02	2.1091774760e-02	2.4428299323e-02	2.4428299323e-02	2.6289303194e-02	2.6289303194e-02	2.6289303194e-02	3.1784816028e-02	3.2885762313e-02	3.2885762313e-02	3.2885762313e-02	3.5404119236e-02	3.6684082120e-02	3.6684082120e-02	3.8770400293e-02	4.0117528561e-02	4.0117528561e-02	4.0117528561e-02	4.1741963941e-02	4.3089909657e-02	4.3089909657e-02	4.5383053220e-02	4.5383053220e-02	4.6969455755e-02	4.6969455755e-02	4.6969455755e-02	4.9906314529e-02	5.1462975602e-02	
293	0.0	9.7377701446e-03	1.3676059546e-02	4.6503113308e-03	4.6503113308e-03	4.6503113308e-03	4.6503113308e-03	-2.6173356312e-03	-2.6173356312e-03	-2.6173356312e-03	-2.6173356312e-03	-1.4096675101e-02	-1.4096675101e-02	-1.4096675101e-02	-1.4096675101e-02	-2.0132953082e-02	-2.0132953082e-02	-2.0132953082e-02	-2.0132953082e-02	-2.5390332016e-02	-2.5390332016e-02	-2.5390332016e-02	-2.5980137438e-02	-2.9609358670e-02	-2.9609358670e-02	-2.9609358670e-02	-3.2556702646e-02	-3.2556702646e-02	-3.2556702646e-02	-3.2556702646e-02	-3.4041599437e-02	-3.4041599437e-02	-3.4041599437e-02	-3.4041599437e-02	-3.3918330826e-02	-3.3918330826e-02	-3.3918330826e-02	-3.3918330826e-02	-3.2133534428e-02	-3.2133534428e-02	-3.2133534428e-02	-3.2133534428e-02	-2.8748595510e-02	-2.8748595510e-02	-2.8748595510e-02	-2.4270785678e-02	-2.3991936073e-02	-2.3991936073e-02	-2.3991936073e-02	-1.8299168127e-02	-1.8299168127e-02	-1.8299168127e-02	-1.8299168127e-02	-1.2322611127e-02	-1.2322611127e-02	-1.2322611127e-02	-7.2870420254e-03	-6.5945011881e-03	-6.5945011881e-03	-6.5945011881e-03	-6.5945011881e-03	4.7993431067e-03	4.7993431067e-03	4.7993431067e-03	4.7993431067e-03	1.0822344855e-02	1.0822344855e-02	1.0822344855e-02	1.5215070961e-02	1.6321647294e-02	1.6321647294e-02	1.6321647294e-02	2.1091681593e-02	2.1091681593e-02	2.1091681593e-02	2.4428214115e-02	2.4428214115e-02	2.6289222958e-02	2.6289222958e-02	2.6289222958e-02	3.1784747114e-02	3.2885693999e-02	3.2885693999e-02	3.2885693999e-02	3.5404055247e-02	3.6684018794e-02	3.6684018794e-02	3.8770339636e-02	4.0117468786e-02	4.0117468786e-02	4.0117468786e-02	4.1741905727e-02	4.3089852509e-02	4.3089852509e-02	4.5382997369e-02	4.5382997369e-02	4.6969401235e-02	4.6969401235e-02	4.6969401235e-02	4.9906256129e-02	5.1462918586e-02	
294	0.0	9.7377142322e-03	1.3676013434e-02	4.6502101539e-03	4.6502101539e-03	4.6502101539e-03	4.6502101539e-03	-2.6174706452e-03	-2.6174706452e-03	-2.6174706452e-03	-2.6174706452e-03	-1.4096854807e-02	-1.4096854807e-02	-1.4096854807e-02	-1.4096854807e-02	-2.0133146957e-02	-2.0133146957e-02	-2.0133146957e-02	-2.0133146957e-02	-2.5390538380e-02	-2.5390538380e-02	-2.5390538380e-02	-2.5980345424e-02	-2.9609574542e-02	-2.9609574542e-02	-2.9609574542e-02	-3.2556925041e-02	-3.2556925041e-02	-3.2556925041e-02	-3.2556925041e-02	-3.4041825120e-02	-3.4041825120e-02	-3.4041825120e-02	-3.4041825120e-02	-3.3918556244e-02	-3.3918556244e-02	-3.3918556244e-02	-3.3918556244e-02	-3.2133755861e-02	-3.2133755861e-02	-3.2133755861e-02	-3.2133755861e-02	-2.8748809234e-02	-2.8748809234e-02	-2.8748809234e-02	-2.4270988615e-02	-2.3992138534e-02	-2.3992138534e-02	-2.3992138534e-02	-1.8299356505e-02	-1.8299356505e-02	-1.8299356505e-02	-1.8299356505e-02	-1.2322784599e-02	-1.2322784599e-02	-1.2322784599e-02	-7.2872032504e-03	-6.5946611156e-03	-6.5946611156e-03	-6.5946611156e-03	-6.5946611156e-03	4.7992149386e-03	4.7992149386e-03	4.7992149386e-03	4.7992149386e-03	1.0822231833e-02	1.0822231833e-02	1.0822231833e-02	1.5214968647e-02	1.6321547170e-02	1.6321547170e-02	1.6321547170e-02	2.1091592452e-02	2.1091592452e-02	2.1091592452e-02	2.4428132788e-02	2.4428132788e-02	2.6289146462e-02	2.6289146462e-02	2.6289146462e-02	3.1784681726e-02	3.2885629196e-02	3.2885629196e-02	3.2885629196e-02	3.5403994683e-02	3.6683958874e-02	3.6683958874e-02	3.8770282329e-02	4.0117412338e-02	4.0117412338e-02	4.0117412338e-02	4.1741850804e-02	4.3089798624e-02	4.3089798624e-02	4.5382944744e-02	4.5382944744e-02	4.6969349911e-02	4.6969349911e-02	4.6969349911e-02	4.9906200957e-02	5.1462864774e-02	
295	0.0	9.7376600755e-03	1.3675968764e-02	4.6501121276e-03	4.6501121276e-03	4.6501121276e-03	4.6501121276e-03	-2.6176014686e-03	-2.6176014686e-03	-2.6176014686e-03	-2.6176014686e-03	-1.4097028968e-02	-1.4097028968e-02	-1.4097028968e-02	-1.4097028968e-02	-2.0133334882e-02	-2.0133334882e-02	-2.0133334882e-02	-2.0133334882e-02	-2.5390738436e-02	-2.5390738436e-02	-2.5390738436e-02	-2.5980547052e-02	-2.9609783835e-02	-2.9609783835e-02	-2.9609783835e-02	-3.2557140674e-02	-3.2557140674e-02	-3.2557140674e-02	-3.2557140674e-02	-3.4042043948e-02	-3.4042043948e-02	-3.4042043948e-02	-3.4042043948e-02	-3.3918774812e-02	-3.3918774812e-02	-3.3918774812e-02	-3.3918774812e-02	-3.2133970547e-02	-3.2133970547e-02	-3.2133970547e-02	-3.2133970547e-02	-2.8749016408e-02	-2.8749016408e-02	-2.8749016408e-02	-2.4271185263e-02	-2.3992334721e-02	-2.3992334721e-02	-2.3992334721e-02	-1.8299538926e-02	-1.8299538926e-02	-1.8299538926e-02	-1.8299538926e-02	-1.2322952431e-02	-1.2322952431e-02	-1.2322952431e-02	-7.2873590822e-03	-6.5948156891e-03	-6.5948156891e-03	-6.5948156891e-03	-6.5948156891e-03	4.7990914681e-03	4.7990914681e-03	4.7990914681e-03	4.7990914681e-03	1.0822123192e-02	1.0822123192e-02	1.0822123192e-02	1.5214870515e-02	1.6321451163e-02	1.6321451163e-02	1.6321451163e-02	2.1091507204e-02	2.1091507204e-02	2.1091507204e-02	2.4428055214e-02	2.4428055214e-02	2.6289073581e-02	2.6289073581e-02	2.6289073581e-02	3.1784619749e-02	3.2885567788e-02	3.2885567788e-02	3.2885567788e-02	3.5403937434e-02	3.6683902253e-02	3.6683902253e-02	3.8770228269e-02	4.0117359116e-02	4.0117359116e-02	4.0117359116e-02	4.1741799075e-02	4.3089747910e-02	4.3089747910e-02	4.5382895256e-02	4.5382895256e-02	4.6969301696e-02	4.6969301696e-02	4.6969301696e-02	4.9906148931e-02	5.1462814085e-02	
296	0.0	9.7376076230e-03	1.3675925492e-02	4.6500171588e-03	4.6500171588e-03	4.6500171588e-03	4.6500171588e-03	-2.6177282251e-03	-2.6177282251e-03	-2.6177282251e-03	-2.6177282251e-03	-1.4097197745e-02	-1.4097197745e-02	-1.4097197745e-02	-1.4097197745e-02	-2.0133517030e-02	-2.0133517030e-02	-2.0133517030e-02	-2.0133517030e-02	-2.5390932369e-02	-2.5390932369e-02	-2.5390932369e-02	-2.5980742509e-02	-2.9609986743e-02	-2.9609986743e-02	-2.9609986743e-02	-3.2557349744e-02	-3.2557349744e-02	-3.2557349744e-02	-3.2557349744e-02	-3.4042256122e-02	-3.4042256122e-02	-3.4042256122e-02	-3.4042256122e-02	-3.3918986730e-02	-3.3918986730e-02	-3.3918986730e-02	-3.3918986730e-02	-3.2134178687e-02	-3.2134178687e-02	-3.2134178687e-02	-3.2134178687e-02	-2.8749217229e-02	-2.8749217229e-02	-2.8749217229e-02	-2.4271375813e-02	-2.3992524824e-02	-2.3992524824e-02	-2.3992524824e-02	-1.8299715577e-02	-1.8299715577e-02	-1.8299715577e-02	-1.8299715577e-02	-1.2323114803e-02	-1.2323114803e-02	-1.2323114803e-02	-7.2875096940e-03	-6.5949650804e-03	-6.5949650804e-03	-6.5949650804e-03	-6.5949650804e-03	4.7989725327e-03	4.7989725327e-03	4.7989725327e-03	4.7989725327e-03	1.0822018779e-02	1.0822018779e-02	1.0822018779e-02	1.5214776415e-02	1.6321359126e-02	1.6321359126e-02	1.6321359126e-02	2.1091425710e-02	2.1091425710e-02	2.1091425710e-02	2.4427981260e-02	2.4427981260e-02	2.6289004184e-02	2.6289004184e-02	2.6289004184e-02	3.1784561058e-02	3.2885509654e-02	3.2885509654e-02	3.2885509654e-02	3.5403883382e-02	3.6683848815e-02	3.6683848815e-02	3.8770177344e-02	4.0117309010e-02	4.0117309010e-02	4.0117309010e-02	4.1741750434e-02	4.3089700261e-02	4.3089700261e-02	4.5382848803e-02	4.5382848803e-02	4.6969256493e-02	4.6969256493e-02	4.6969256493e-02	4.9906099955e-02	5.1462766427e-02	
297	0.0	9.7375568207e-03	1.3675883575e-02	4.6499251510e-03	4.6499251510e-03	4.6499251510e-03	4.6499251510e-03	-2.6178510434e-03	-2.6178510434e-03	-2.6178510434e-03	-2.6178510434e-03	-1.4097361309e-02	-1.4097361309e-02	-1.4097361309e-02	-1.4097361309e-02	-2.0133693584e-02	-2.0133693584e-02	-2.0133693584e-02	-2.0133693584e-02	-2.5391120370e-02	-2.5391120370e-02	-2.5391120370e-02	-2.5980931988e-02	-2.9610183466e-02	-2.9610183466e-02	-2.9610183466e-02	-3.2557552454e-02	-3.2557552454e-02	-3.2557552454e-02	-3.2557552454e-02	-3.4042461850e-02	-3.4042461850e-02	-3.4042461850e-02	-3.4042461850e-02	-3.3919192208e-02	-3.3919192208e-02	-3.3919192208e-02	-3.3919192208e-02	-3.2134380484e-02	-3.2134380484e-02	-3.2134380484e-02	-3.2134380484e-02	-2.8749411897e-02	-2.8749411897e-02	-2.8749411897e-02	-2.4271560461e-02	-2.3992709038e-02	-2.3992709038e-02	-2.3992709038e-02	-1.8299886646e-02	-1.8299886646e-02	-1.8299886646e-02	-1.8299886646e-02	-1.2323271897e-02	-1.2323271897e-02	-1.2323271897e-02	-7.2876552657e-03	-6.5951094680e-03	-6.5951094680e-03	-6.5951094680e-03	-6.5951094680e-03	4.7988579638e-03	4.7988579638e-03	4.7988579638e-03	4.7988579638e-03	1.0821918430e-02	1.0821918430e-02	1.0821918430e-02	1.5214686190e-02	1.6321270903e-02	1.6321270903e-02	1.6321270903e-02	2.1091347819e-02	2.1091347819e-02	2.1091347819e-02	2.4427910780e-02	2.4427910780e-02	2.6288938130e-02	2.6288938130e-02	2.6288938130e-02	3.1784505520e-02	3.2885454661e-02	3.2885454661e-02	3.2885454661e-02	3.5403832400e-02	3.6683798433e-02	3.6683798433e-02	3.8770129432e-02	4.0117261900e-02	4.0117261900e-02	4.0117261900e-02	4.1741704765e-02	4.3089655564e-02	4.3089655564e-02	4.5382805276e-02	4.5382805276e-02	4.6969214194e-02	4.6969214194e-02	4.6969214194e-02	4.9906053922e-02	5.1462721696e-02	
298	0.0	9.7375076145e-03	1.3675842970e-02	4.6498360070e-03	4.6498360070e-03	4.6498360070e-03	4.6498360070e-03	-2.6179700523e-03	-2.6179700523e-03	-2.6179700523e-03	-2.6179700523e-03	-1.4097519830e-02	-1.4097519830e-02	-1.4097519830e-02	-1.4097519830e-02	-2.0133864726e-02	-2.0133864726e-02	-2.0133864726e-02	-2.0133864726e-02	-2.5391302633e-02	-2.5391302633e-02	-2.5391302633e-02	-2.5981115684e-02	-2.9610374204e-02	-2.9610374204e-02	-2.9610374204e-02	-3.2557749011e-02	-3.2557749011e-02	-3.2557749011e-02	-3.2557749011e-02	-3.4042661341e-02	-3.4042661341e-02	-3.4042661341e-02	-3.4042661341e-02	-3.3919391454e-02	-3.3919391454e-02	-3.3919391454e-02	-3.3919391454e-02	-3.2134576148e-02	-3.2134576148e-02	-3.2134576148e-02	-3.2134576148e-02	-2.8749600616e-02	-2.8749600616e-02	-2.8749600616e-02	-2.4271739405e-02	-2.3992887562e-02	-2.3992887562e-02	-2.3992887562e-02	-1.8300052326e-02	-1.8300052326e-02	-1.8300052326e-02	-1.8300052326e-02	-1.2323423901e-02	-1.2323423901e-02	-1.2323423901e-02	-7.2877959790e-03	-6.5952490324e-03	-6.5952490324e-03	-6.5952490324e-03	-6.5952490324e-03	4.7987475898e-03	4.7987475898e-03	4.7987475898e-03	4.7987475898e-03	1.0821821980e-02	1.0821821980e-02	1.0821821980e-02	1.5214599680e-02	1.6321186336e-02	1.6321186336e-02	1.6321186336e-02	2.1091273381e-02	2.1091273381e-02	2.1091273381e-02	2.4427843628e-02	2.4427843628e-02	2.6288875276e-02	2.6288875276e-02	2.6288875276e-02	3.1784452997e-02	3.2885402673e-02	3.2885402673e-02	3.2885402673e-02	3.5403784353e-02	3.6683750976e-02	3.6683750976e-02	3.8770084405e-02	4.0117217659e-02	4.0117217659e-02	4.0117217659e-02	4.1741661943e-02	4.3089613695e-02	4.3089613695e-02	4.5382764556e-02	4.5382764556e-02	4.6969174682e-02	4.6969174682e-02	4.6969174682e-02	4.9906010719e-02	5.1462679780e-02	
299	0.0	9.7374599484e-03	1.3675803630e-02	4.6497496264e-03	4.6497496264e-03	4.6497496264e-03	4.6497496264e-03	-2.6180853854e-03	-2.6180853854e-03	-2.6180853854e-03	-2.6180853854e-03	-1.4097673481e-02	-1.4097673481e-02	-1.4097673481e-02	-1.4097673481e-02	-2.0134030642e-02	-2.0134030642e-02	-2.0134030642e-02	-2.0134030642e-02	-2.5391479356e-02	-2.5391479356e-02	-2.5391479356e-02	-2.5981293798e-02	-2.9610559163e-02	-2.9610559163e-02	-2.9610559163e-02	-3.2557939628e-02	-3.2557939628e-02	-3.2557939628e-02	-3.2557939628e-02	-3.4042854808e-02	-3.4042854808e-02	-3.4042854808e-02	-3.4042854808e-02	-3.3919584682e-02	-3.3919584682e-02	-3.3919584682e-02	-3.3919584682e-02	-3.2134765889e-02	-3.2134765889e-02	-3.2134765889e-02	-3.2134765889e-02	-2.8749783594e-02	-2.8749783594e-02	-2.8749783594e-02	-2.4271912848e-02	-2.3993060598e-02	-2.3993060598e-02	-2.3993060598e-02	-1.8300212812e-02	-1.8300212812e-02	-1.8300212812e-02	-1.8300212812e-02	-1.2323571005e-02	-1.2323571005e-02	-1.2323571005e-02	-7.2879320206e-03	-6.5953839590e-03	-6.5953839590e-03	-6.5953839590e-03	-6.5953839590e-03	4.7986412346e-03	4.7986412346e-03	4.7986412346e-03	4.7986412346e-03	1.0821729259e-02	1.0821729259e-02	1.0821729259e-02	1.5214516718e-02	1.6321105261e-02	1.6321105261e-02	1.6321105261e-02	2.1091202237e-02	2.1091202237e-02	2.1091202237e-02	2.4427779648e-02	2.4427779648e-02	2.6288815469e-02	2.6288815469e-02	2.6288815469e-02	3.1784403343e-02	3.2885353545e-02	3.2885353545e-02	3.2885353545e-02	3.5403739101e-02	3.6683706304e-02	3.6683706304e-02	3.8770042127e-02	4.0117176153e-02	4.0117176153e-02	4.0117176153e-02	4.1741621836e-02	4.3089574525e-02	4.3089574525e-02	4.5382726516e-02	4.5382726516e-02	4.6969137833e-02	4.6969137833e-02	4.6969137833e-02	4.9905970224e-02	5.1462640559e-02	
300	0.0	9.7374137663e-03	1.3675765511e-02	4.6496659093e-03	4.6496659093e-03	4.6496659093e-03	4.6496659093e-03	-2.6181971752e-03	-2.6181971752e-03	-2.6181971752e-03	-2.6181971752e-03	-1.4097822438e-02	-1.4097822438e-02	-1.4097822438e-02	-1.4097822438e-02	-2.0134191520e-02	-2.0134191520e-02	-2.0134191520e-02	-2.0134191520e-02	-2.5391650737e-02	-2.5391650737e-02	-2.5391650737e-02	-2.5981466527e-02	-2.9610738549e-02	-2.9610738549e-02	-2.9610738549e-02	-3.2558124513e-02	-3.2558124513e-02	-3.2558124513e-02	-3.2558124513e-02	-3.4043042466e-02	-3.4043042466e-02	-3.4043042466e-02	-3.4043042466e-02	-3.3919772106e-02	-3.3919772106e-02	-3.3919772106e-02	-3.3919772106e-02	-3.2134949918e-02	-3.2134949918e-02	-3.2134949918e-02	-3.2134949918e-02	-2.8749961037e-02	-2.8749961037e-02	-2.8749961037e-02	-2.4272080992e-02	-2.3993228346e-02	-2.3993228346e-02	-2.3993228346e-02	-1.8300368302e-02	-1.8300368302e-02	-1.8300368302e-02	-1.8300368302e-02	-1.2323713400e-02	-1.2323713400e-02	-1.2323713400e-02	-7.2880635770e-03	-6.5955144329e-03	-6.5955144329e-03	-6.5955144329e-03	-6.5955144329e-03	4.7985387215e-03	4.7985387215e-03	4.7985387215e-03	4.7985387215e-03	1.0821640096e-02	1.0821640096e-02	1.0821640096e-02	1.5214437138e-02	1.6321027512e-02	1.6321027512e-02	1.6321027512e-02	2.1091134228e-02	2.1091134228e-02	2.1091134228e-02	2.4427718685e-02	2.4427718685e-02	2.6288758559e-02	2.6288758559e-02	2.6288758559e-02	3.1784356409e-02	3.2885307131e-02	3.2885307131e-02	3.2885307131e-02	3.5403696499e-02	3.6683664275e-02	3.6683664275e-02	3.8770002457e-02	4.0117137243e-02	4.0117137243e-02	4.0117137243e-02	4.1741584308e-02	4.3089537919e-02	4.3089537919e-02	4.5382691024e-02	4.5382691024e-02	4.6969103516e-02	4.6969103516e-02	4.6969103516e-02	4.9905932308e-02	5.1462603908e-02	
301	0.0	9.7373690116e-03	1.3675728566e-02	4.6495847541e-03	4.6495847541e-03	4.6495847541e-03	4.6495847541e-03	-2.6183055564e-03	-2.6183055564e-03	-2.6183055564e-03	-2.6183055564e-03	-1.4097966878e-02	-1.4097966878e-02	-1.4097966878e-02	-1.4097966878e-02	-2.0134347549e-02	-2.0134347549e-02	-2.0134347549e-02	-2.0134347549e-02	-2.5391816974e-02	-2.5391816974e-02	-2.5391816974e-02	-2.5981634074e-02	-2.9610912570e-02	-2.9610912570e-02	-2.9610912570e-02	-3.2558303882e-02	-3.2558303882e-02	-3.2558303882e-02	-3.2558303882e-02	-3.4043224530e-02	-3.4043224530e-02	-3.4043224530e-02	-3.4043224530e-02	-3.3919953943e-02	-3.3919953943e-02	-3.3919953943e-02	-3.3919953943e-02	-3.2135128450e-02	-3.2135128450e-02	-3.2135128450e-02	-3.2135128450e-02	-2.8750133154e-02	-2.8750133154e-02	-2.8750133154e-02	-2.4272244041e-02	-2.3993391011e-02	-2.3993391011e-02	-2.3993391011e-02	-1.8300518992e-02	-1.8300518992e-02	-1.8300518992e-02	-1.8300518992e-02	-1.2323851277e-02	-1.2323851277e-02	-1.2323851277e-02	-7.2881908370e-03	-6.5956406418e-03	-6.5956406418e-03	-6.5956406418e-03	-6.5956406418e-03	4.7984398720e-03	4.7984398720e-03	4.7984398720e-03	4.7984398720e-03	1.0821554318e-02	1.0821554318e-02	1.0821554318e-02	1.5214360769e-02	1.6320952922e-02	1.6320952922e-02	1.6320952922e-02	2.1091069190e-02	2.1091069190e-02	2.1091069190e-02	2.4427660578e-02	2.4427660578e-02	2.6288704387e-02	2.6288704387e-02	2.6288704387e-02	3.1784312046e-02	3.2885263280e-02	3.2885263280e-02	3.2885263280e-02	3.5403656401e-02	3.6683624742e-02	3.6683624742e-02	3.8769965251e-02	4.0117100786e-02	4.0117100786e-02	4.0117100786e-02	4.1741549219e-02	4.3089503737e-02	4.3089503737e-02	4.5382657942e-02	4.5382657942e-02	4.6969071596e-02	4.6969071596e-02	4.6969071596e-02	4.9905896839e-02	5.1462569694e-02	
302	0.0	9.7373256283e-03	1.3675692749e-02	4.6495060612e-03	4.6495060612e-03	4.6495060612e-03	4.6495060612e-03	-2.6184106613e-03	-2.6184106613e-03	-2.6184106613e-03	-2.6184106613e-03	-1.4098106975e-02	-1.4098106975e-02	-1.4098106975e-02	-1.4098106975e-02	-2.0134498915e-02	-2.0134498915e-02	-2.0134498915e-02	-2.0134498915e-02	-2.5391978264e-02	-2.5391978264e-02	-2.5391978264e-02	-2.5981796637e-02	-2.9611081430e-02	-2.9611081430e-02	-2.9611081430e-02	-3.2558477942e-02	-3.2558477942e-02	-3.2558477942e-02	-3.2558477942e-02	-3.4043401212e-02	-3.4043401212e-02	-3.4043401212e-02	-3.4043401212e-02	-3.3920130404e-02	-3.3920130404e-02	-3.3920130404e-02	-3.3920130404e-02	-3.2135301695e-02	-3.2135301695e-02	-3.2135301695e-02	-3.2135301695e-02	-2.8750300152e-02	-2.8750300152e-02	-2.8750300152e-02	-2.4272402195e-02	-2.3993548792e-02	-2.3993548792e-02	-2.3993548792e-02	-1.8300665076e-02	-1.8300665076e-02	-1.8300665076e-02	-1.8300665076e-02	-1.2323984828e-02	-1.2323984828e-02	-1.2323984828e-02	-7.2883139869e-03	-6.5957627705e-03	-6.5957627705e-03	-6.5957627705e-03	-6.5957627705e-03	4.7983445095e-03	4.7983445095e-03	4.7983445095e-03	4.7983445095e-03	1.0821471753e-02	1.0821471753e-02	1.0821471753e-02	1.5214287442e-02	1.6320881325e-02	1.6320881325e-02	1.6320881325e-02	2.1091006961e-02	2.1091006961e-02	2.1091006961e-02	2.4427605168e-02	2.4427605168e-02	2.6288652799e-02	2.6288652799e-02	2.6288652799e-02	3.1784270098e-02	3.2885221839e-02	3.2885221839e-02	3.2885221839e-02	3.5403618655e-02	3.6683587556e-02	3.6683587556e-02	3.8769930363e-02	4.0117066636e-02	4.0117066636e-02	4.0117066636e-02	4.1741516424e-02	4.3089471837e-02	4.3089471837e-02	4.5382627131e-02	4.5382627131e-02	4.6969041934e-02	4.6969041934e-02	4.6969041934e-02	4.9905863680e-02	5.1462537783e-02	
303	0.0	9.7372835601e-03	1.3675658015e-02	4.6494297300e-03	4.6494297300e-03	4.6494297300e-03	4.6494297300e-03	-2.6185126234e-03	-2.6185126234e-03	-2.6185126234e-03	-2.6185126234e-03	-1.4098242904e-02	-1.4098242904e-02	-1.4098242904e-02	-1.4098242904e-02	-2.0134645804e-02	-2.0134645804e-02	-2.0134645804e-02	-2.0134645804e-02	-2.5392134806e-02	-2.5392134806e-02	-2.5392134806e-02	-2.5981954416e-02	-2.9611245334e-02	-2.9611245334e-02	-2.9611245334e-02	-3.2558646905e-02	-3.2558646905e-02	-3.2558646905e-02	-3.2558646905e-02	-3.4043572727e-02	-3.4043572727e-02	-3.4043572727e-02	-3.4043572727e-02	-3.3920301703e-02	-3.3920301703e-02	-3.3920301703e-02	-3.3920301703e-02	-3.2135469864e-02	-3.2135469864e-02	-3.2135469864e-02	-3.2135469864e-02	-2.8750462236e-02	-2.8750462236e-02	-2.8750462236e-02	-2.4272555656e-02	-2.3993701891e-02	-2.3993701891e-02	-2.3993701891e-02	-1.8300806751e-02	-1.8300806751e-02	-1.8300806751e-02	-1.8300806751e-02	-1.2324114241e-02	-1.2324114241e-02	-1.2324114241e-02	-7.2884332136e-03	-6.5958810047e-03	-6.5958810047e-03	-6.5958810047e-03	-6.5958810047e-03	4.7982524570e-03	4.7982524570e-03	4.7982524570e-03	4.7982524570e-03	1.0821392230e-02	1.0821392230e-02	1.0821392230e-02	1.5214216990e-02	1.6320812552e-02	1.6320812552e-02	1.6320812552e-02	2.1090947379e-02	2.1090947379e-02	2.1090947379e-02	2.4427552293e-02	2.4427552293e-02	2.6288603637e-02	2.6288603637e-02	2.6288603637e-02	3.1784230414e-02	3.2885182657e-02	3.2885182657e-02	3.2885182657e-02	3.5403583111e-02	3.6683552566e-02	3.6683552566e-02	3.8769897644e-02	4.0117034647e-02	4.0117034647e-02	4.0117034647e-02	4.1741485777e-02	4.3089442074e-02	4.3089442074e-02	4.5382598447e-02	4.5382598447e-02	4.6969014388e-02	4.6969014388e-02	4.6969014388e-02	4.9905832692e-02	5.1462508035e-02	
304	0.0	9.7372427515e-03	1.3675624319e-02	4.6493556617e-03	4.6493556617e-03	4.6493556617e-03	4.6493556617e-03	-2.6186115735e-03	-2.6186115735e-03	-2.6186115735e-03	-2.6186115735e-03	-1.4098374836e-02	-1.4098374836e-02	-1.4098374836e-02	-1.4098374836e-02	-2.0134788401e-02	-2.0134788401e-02	-2.0134788401e-02	-2.0134788401e-02	-2.5392286793e-02	-2.5392286793e-02	-2.5392286793e-02	-2.5982107605e-02	-2.9611404485e-02	-2.9611404485e-02	-2.9611404485e-02	-3.2558810979e-02	-3.2558810979e-02	-3.2558810979e-02	-3.2558810979e-02	-3.4043739282e-02	-3.4043739282e-02	-3.4043739282e-02	-3.4043739282e-02	-3.3920468049e-02	-3.3920468049e-02	-3.3920468049e-02	-3.3920468049e-02	-3.2135633163e-02	-3.2135633163e-02	-3.2135633163e-02	-3.2135633163e-02	-2.8750619610e-02	-2.8750619610e-02	-2.8750619610e-02	-2.4272704622e-02	-2.3993850503e-02	-2.3993850503e-02	-2.3993850503e-02	-1.8300944208e-02	-1.8300944208e-02	-1.8300944208e-02	-1.8300944208e-02	-1.2324239705e-02	-1.2324239705e-02	-1.2324239705e-02	-7.2885487001e-03	-6.5959955264e-03	-6.5959955264e-03	-6.5959955264e-03	-6.5959955264e-03	4.7981635409e-03	4.7981635409e-03	4.7981635409e-03	4.7981635409e-03	1.0821315579e-02	1.0821315579e-02	1.0821315579e-02	1.5214149245e-02	1.6320746440e-02	1.6320746440e-02	1.6320746440e-02	2.1090890283e-02	2.1090890283e-02	2.1090890283e-02	2.4427501795e-02	2.4427501795e-02	2.6288556747e-02	2.6288556747e-02	2.6288556747e-02	3.1784192840e-02	3.2885145581e-02	3.2885145581e-02	3.2885145581e-02	3.5403549619e-02	3.6683519624e-02	3.6683519624e-02	3.8769866945e-02	4.0117004670e-02	4.0117004670e-02	4.0117004670e-02	4.1741457133e-02	4.3089414302e-02	4.3089414302e-02	4.5382571749e-02	4.5382571749e-02	4.6968988816e-02	4.6968988816e-02	4.6968988816e-02	4.9905803734e-02	5.1462480312e-02	
305	0.0	9.7372031476e-03	1.3675591616e-02	4.6492837588e-03	4.6492837588e-03	4.6492837588e-03	4.6492837588e-03	-2.6187076411e-03	-2.6187076411e-03	-2.6187076411e-03	-2.6187076411e-03	-1.4098502943e-02	-1.4098502943e-02	-1.4098502943e-02	-1.4098502943e-02	-2.0134926888e-02	-2.0134926888e-02	-2.0134926888e-02	-2.0134926888e-02	-2.5392434416e-02	-2.5392434416e-02	-2.5392434416e-02	-2.5982256399e-02	-2.9611559080e-02	-2.9611559080e-02	-2.9611559080e-02	-3.2558970366e-02	-3.2558970366e-02	-3.2558970366e-02	-3.2558970366e-02	-3.4043901086e-02	-3.4043901086e-02	-3.4043901086e-02	-3.4043901086e-02	-3.3920629650e-02	-3.3920629650e-02	-3.3920629650e-02	-3.3920629650e-02	-3.2135791797e-02	-3.2135791797e-02	-3.2135791797e-02	-3.2135791797e-02	-2.8750772473e-02	-2.8750772473e-02	-2.8750772473e-02	-2.4272849286e-02	-2.3993994825e-02	-2.3993994825e-02	-2.3993994825e-02	-1.8301077634e-02	-1.8301077634e-02	-1.8301077634e-02	-1.8301077634e-02	-1.2324361401e-02	-1.2324361401e-02	-1.2324361401e-02	-7.2886606276e-03	-6.5961065153e-03	-6.5961065153e-03	-6.5961065153e-03	-6.5961065153e-03	4.7980775899e-03	4.7980775899e-03	4.7980775899e-03	4.7980775899e-03	1.0821241634e-02	1.0821241634e-02	1.0821241634e-02	1.5214084042e-02	1.6320682826e-02	1.6320682826e-02	1.6320682826e-02	2.1090835513e-02	2.1090835513e-02	2.1090835513e-02	2.4427453516e-02	2.4427453516e-02	2.6288511973e-02	2.6288511973e-02	2.6288511973e-02	3.1784157224e-02	3.2885110461e-02	3.2885110461e-02	3.2885110461e-02	3.5403518029e-02	3.6683488581e-02	3.6683488581e-02	3.8769838121e-02	4.0116976560e-02	4.0116976560e-02	4.0116976560e-02	4.1741430345e-02	4.3089388378e-02	4.3089388378e-02	4.5382546890e-02	4.5382546890e-02	4.6968965076e-02	4.6968965076e-02	4.6968965076e-02	4.9905776666e-02	5.1462454473e-02	
306	0.0	9.7371646948e-03	1.3675559862e-02	4.6492139255e-03	4.6492139255e-03	4.6492139255e-03	4.6492139255e-03	-2.6188009530e-03	-2.6188009530e-03	-2.6188009530e-03	-2.6188009530e-03	-1.4098627391e-02	-1.4098627391e-02	-1.4098627391e-02	-1.4098627391e-02	-2.0135061442e-02	-2.0135061442e-02	-2.0135061442e-02	-2.0135061442e-02	-2.5392577865e-02	-2.5392577865e-02	-2.5392577865e-02	-2.5982400987e-02	-2.9611709316e-02	-2.9611709316e-02	-2.9611709316e-02	-3.2559125267e-02	-3.2559125267e-02	-3.2559125267e-02	-3.2559125267e-02	-3.4044058341e-02	-3.4044058341e-02	-3.4044058341e-02	-3.4044058341e-02	-3.3920786708e-02	-3.3920786708e-02	-3.3920786708e-02	-3.3920786708e-02	-3.2135945967e-02	-3.2135945967e-02	-3.2135945967e-02	-3.2135945967e-02	-2.8750921021e-02	-2.8750921021e-02	-2.8750921021e-02	-2.4272989840e-02	-2.3994135044e-02	-2.3994135044e-02	-2.3994135044e-02	-1.8301207215e-02	-1.8301207215e-02	-1.8301207215e-02	-1.8301207215e-02	-1.2324479511e-02	-1.2324479511e-02	-1.2324479511e-02	-7.2887691730e-03	-6.5962141473e-03	-6.5962141473e-03	-6.5962141473e-03	-6.5962141473e-03	4.7979944368e-03	4.7979944368e-03	4.7979944368e-03	4.7979944368e-03	1.0821170231e-02	1.0821170231e-02	1.0821170231e-02	1.5214021221e-02	1.6320621551e-02	1.6320621551e-02	1.6320621551e-02	2.1090782915e-02	2.1090782915e-02	2.1090782915e-02	2.4427407302e-02	2.4427407302e-02	2.6288469165e-02	2.6288469165e-02	2.6288469165e-02	3.1784123418e-02	3.2885077147e-02	3.2885077147e-02	3.2885077147e-02	3.5403488193e-02	3.6683459289e-02	3.6683459289e-02	3.8769811023e-02	4.0116950170e-02	4.0116950170e-02	4.0116950170e-02	4.1741405269e-02	4.3089364156e-02	4.3089364156e-02	4.5382523729e-02	4.5382523729e-02	4.6968943024e-02	4.6968943024e-02	4.6968943024e-02	4.9905751347e-02	5.1462430378e-02	
307	0.0	9.7371273405e-03	1.3675529014e-02	4.6491460684e-03	4.6491460684e-03	4.6491460684e-03	4.6491460684e-03	-2.6188916330e-03	-2.6188916330e-03	-2.6188916330e-03	-2.6188916330e-03	-1.4098748343e-02	-1.4098748343e-02	-1.4098748343e-02	-1.4098748343e-02	-2.0135192237e-02	-2.0135192237e-02	-2.0135192237e-02	-2.0135192237e-02	-2.5392717320e-02	-2.5392717320e-02	-2.5392717320e-02	-2.5982541552e-02	-2.9611855383e-02	-2.9611855383e-02	-2.9611855383e-02	-3.2559275878e-02	-3.2559275878e-02	-3.2559275878e-02	-3.2559275878e-02	-3.4044211245e-02	-3.4044211245e-02	-3.4044211245e-02	-3.4044211245e-02	-3.3920939420e-02	-3.3920939420e-02	-3.3920939420e-02	-3.3920939420e-02	-3.2136095867e-02	-3.2136095867e-02	-3.2136095867e-02	-3.2136095867e-02	-2.8751065445e-02	-2.8751065445e-02	-2.8751065445e-02	-2.4273126468e-02	-2.3994271348e-02	-2.3994271348e-02	-2.3994271348e-02	-1.8301333131e-02	-1.8301333131e-02	-1.8301333131e-02	-1.8301333131e-02	-1.2324594210e-02	-1.2324594210e-02	-1.2324594210e-02	-7.2888745084e-03	-6.5963185934e-03	-6.5963185934e-03	-6.5963185934e-03	-6.5963185934e-03	4.7979139191e-03	4.7979139191e-03	4.7979139191e-03	4.7979139191e-03	1.0821101213e-02	1.0821101213e-02	1.0821101213e-02	1.5213960626e-02	1.6320562460e-02	1.6320562460e-02	1.6320562460e-02	2.1090732335e-02	2.1090732335e-02	2.1090732335e-02	2.4427363000e-02	2.4427363000e-02	2.6288428177e-02	2.6288428177e-02	2.6288428177e-02	3.1784091277e-02	3.2885045494e-02	3.2885045494e-02	3.2885045494e-02	3.5403459968e-02	3.6683431605e-02	3.6683431605e-02	3.8769785510e-02	4.0116925357e-02	4.0116925357e-02	4.0116925357e-02	4.1741381763e-02	4.3089341494e-02	4.3089341494e-02	4.5382502126e-02	4.5382502126e-02	4.6968922521e-02	4.6968922521e-02	4.6968922521e-02	4.9905727639e-02	5.1462407888e-02	
308	0.0	9.7370910333e-03	1.3675499030e-02	4.6490800963e-03	4.6490800963e-03	4.6490800963e-03	4.6490800963e-03	-2.6189798021e-03	-2.6189798021e-03	-2.6189798021e-03	-2.6189798021e-03	-1.4098865957e-02	-1.4098865957e-02	-1.4098865957e-02	-1.4098865957e-02	-2.0135319442e-02	-2.0135319442e-02	-2.0135319442e-02	-2.0135319442e-02	-2.5392852963e-02	-2.5392852963e-02	-2.5392852963e-02	-2.5982678277e-02	-2.9611997467e-02	-2.9611997467e-02	-2.9611997467e-02	-3.2559422389e-02	-3.2559422389e-02	-3.2559422389e-02	-3.2559422389e-02	-3.4044359990e-02	-3.4044359990e-02	-3.4044359990e-02	-3.4044359990e-02	-3.3921087980e-02	-3.3921087980e-02	-3.3921087980e-02	-3.3921087980e-02	-3.2136241688e-02	-3.2136241688e-02	-3.2136241688e-02	-3.2136241688e-02	-2.8751205931e-02	-2.8751205931e-02	-2.8751205931e-02	-2.4273259353e-02	-2.3994403916e-02	-2.3994403916e-02	-2.3994403916e-02	-1.8301455556e-02	-1.8301455556e-02	-1.8301455556e-02	-1.8301455556e-02	-1.2324705668e-02	-1.2324705668e-02	-1.2324705668e-02	-7.2889768017e-03	-6.5964200203e-03	-6.5964200203e-03	-6.5964200203e-03	-6.5964200203e-03	4.7978358785e-03	4.7978358785e-03	4.7978358785e-03	4.7978358785e-03	1.0821034426e-02	1.0821034426e-02	1.0821034426e-02	1.5213902102e-02	1.6320505402e-02	1.6320505402e-02	1.6320505402e-02	2.1090683626e-02	2.1090683626e-02	2.1090683626e-02	2.4427320465e-02	2.4427320465e-02	2.6288388863e-02	2.6288388863e-02	2.6288388863e-02	3.1784060656e-02	3.2885015361e-02	3.2885015361e-02	3.2885015361e-02	3.5403433211e-02	3.6683405387e-02	3.6683405387e-02	3.8769761440e-02	4.0116901983e-02	4.0116901983e-02	4.0116901983e-02	4.1741359686e-02	4.3089320254e-02	4.3089320254e-02	4.5382481941e-02	4.5382481941e-02	4.6968903429e-02	4.6968903429e-02	4.6968903429e-02	4.9905705405e-02	5.1462386867e-02	
309	0.0	9.7370557236e-03	1.3675469870e-02	4.6490159209e-03	4.6490159209e-03	4.6490159209e-03	4.6490159209e-03	-2.6190655771e-03	-2.6190655771e-03	-2.6190655771e-03	-2.6190655771e-03	-1.4098980388e-02	-1.4098980388e-02	-1.4098980388e-02	-1.4098980388e-02	-2.0135443222e-02	-2.0135443222e-02	-2.0135443222e-02	-2.0135443222e-02	-2.5392984965e-02	-2.5392984965e-02	-2.5392984965e-02	-2.5982811335e-02	-2.9612135747e-02	-2.9612135747e-02	-2.9612135747e-02	-3.2559564983e-02	-3.2559564983e-02	-3.2559564983e-02	-3.2559564983e-02	-3.4044504762e-02	-3.4044504762e-02	-3.4044504762e-02	-3.4044504762e-02	-3.3921232574e-02	-3.3921232574e-02	-3.3921232574e-02	-3.3921232574e-02	-3.2136383615e-02	-3.2136383615e-02	-3.2136383615e-02	-3.2136383615e-02	-2.8751342658e-02	-2.8751342658e-02	-2.8751342658e-02	-2.4273388668e-02	-2.3994532922e-02	-2.3994532922e-02	-2.3994532922e-02	-1.8301574659e-02	-1.8301574659e-02	-1.8301574659e-02	-1.8301574659e-02	-1.2324814050e-02	-1.2324814050e-02	-1.2324814050e-02	-7.2890762145e-03	-6.5965185886e-03	-6.5965185886e-03	-6.5965185886e-03	-6.5965185886e-03	4.7977601631e-03	4.7977601631e-03	4.7977601631e-03	4.7977601631e-03	1.0820969722e-02	1.0820969722e-02	1.0820969722e-02	1.5213845506e-02	1.6320450233e-02	1.6320450233e-02	1.6320450233e-02	2.1090636646e-02	2.1090636646e-02	2.1090636646e-02	2.4427279554e-02	2.4427279554e-02	2.6288351087e-02	2.6288351087e-02	2.6288351087e-02	3.1784031421e-02	3.2884986610e-02	3.2884986610e-02	3.2884986610e-02	3.5403407786e-02	3.6683380499e-02	3.6683380499e-02	3.8769738677e-02	4.0116879910e-02	4.0116879910e-02	4.0116879910e-02	4.1741338903e-02	4.3089300301e-02	4.3089300301e-02	4.5382463039e-02	4.5382463039e-02	4.6968885612e-02	4.6968885612e-02	4.6968885612e-02	4.9905684511e-02	5.1462367181e-02	
310	0.0	9.7370213634e-03	1.3675441495e-02	4.6489534569e-03	4.6489534569e-03	4.6489534569e-03	4.6489534569e-03	-2.6191490711e-03	-2.6191490711e-03	-2.6191490711e-03	-2.6191490711e-03	-1.4099091784e-02	-1.4099091784e-02	-1.4099091784e-02	-1.4099091784e-02	-2.0135563735e-02	-2.0135563735e-02	-2.0135563735e-02	-2.0135563735e-02	-2.5393113495e-02	-2.5393113495e-02	-2.5393113495e-02	-2.5982940894e-02	-2.9612270397e-02	-2.9612270397e-02	-2.9612270397e-02	-3.2559703840e-02	-3.2559703840e-02	-3.2559703840e-02	-3.2559703840e-02	-3.4044645744e-02	-3.4044645744e-02	-3.4044645744e-02	-3.4044645744e-02	-3.3921373382e-02	-3.3921373382e-02	-3.3921373382e-02	-3.3921373382e-02	-3.2136521825e-02	-3.2136521825e-02	-3.2136521825e-02	-3.2136521825e-02	-2.8751475801e-02	-2.8751475801e-02	-2.8751475801e-02	-2.4273514583e-02	-2.3994658535e-02	-2.3994658535e-02	-2.3994658535e-02	-1.8301690604e-02	-1.8301690604e-02	-1.8301690604e-02	-1.8301690604e-02	-1.2324919514e-02	-1.2324919514e-02	-1.2324919514e-02	-7.2891729027e-03	-6.5966144533e-03	-6.5966144533e-03	-6.5966144533e-03	-6.5966144533e-03	4.7976866268e-03	4.7976866268e-03	4.7976866268e-03	4.7976866268e-03	1.0820906958e-02	1.0820906958e-02	1.0820906958e-02	1.5213790694e-02	1.6320396813e-02	1.6320396813e-02	1.6320396813e-02	2.1090591258e-02	2.1090591258e-02	2.1090591258e-02	2.4427240130e-02	2.4427240130e-02	2.6288314714e-02	2.6288314714e-02	2.6288314714e-02	3.1784003437e-02	3.2884959110e-02	3.2884959110e-02	3.2884959110e-02	3.5403383562e-02	3.6683356809e-02	3.6683356809e-02	3.8769717090e-02	4.0116859008e-02	4.0116859008e-02	4.0116859008e-02	4.1741319284e-02	4.3089281502e-02	4.3089281502e-02	4.5382445290e-02	4.5382445290e-02	4.6968868939e-02	4.6968868939e-02	4.6968868939e-02	4.9905664829e-02	5.1462348701e-02	
311	0.0	9.7369879064e-03	1.3675413866e-02	4.6488926221e-03	4.6488926221e-03	4.6488926221e-03	4.6488926221e-03	-2.6192303931e-03	-2.6192303931e-03	-2.6192303931e-03	-2.6192303931e-03	-1.4099200288e-02	-1.4099200288e-02	-1.4099200288e-02	-1.4099200288e-02	-2.0135681133e-02	-2.0135681133e-02	-2.0135681133e-02	-2.0135681133e-02	-2.5393238712e-02	-2.5393238712e-02	-2.5393238712e-02	-2.5983067117e-02	-2.9612401584e-02	-2.9612401584e-02	-2.9612401584e-02	-3.2559839132e-02	-3.2559839132e-02	-3.2559839132e-02	-3.2559839132e-02	-3.4044783107e-02	-3.4044783107e-02	-3.4044783107e-02	-3.4044783107e-02	-3.3921510578e-02	-3.3921510578e-02	-3.3921510578e-02	-3.3921510578e-02	-3.2136656490e-02	-3.2136656490e-02	-3.2136656490e-02	-3.2136656490e-02	-2.8751605527e-02	-2.8751605527e-02	-2.8751605527e-02	-2.4273637259e-02	-2.3994780918e-02	-2.3994780918e-02	-2.3994780918e-02	-1.8301803546e-02	-1.8301803546e-02	-1.8301803546e-02	-1.8301803546e-02	-1.2325022213e-02	-1.2325022213e-02	-1.2325022213e-02	-7.2892670156e-03	-6.5967077627e-03	-6.5967077627e-03	-6.5967077627e-03	-6.5967077627e-03	4.7976151298e-03	4.7976151298e-03	4.7976151298e-03	4.7976151298e-03	1.0820845999e-02	1.0820845999e-02	1.0820845999e-02	1.5213737533e-02	1.6320345009e-02	1.6320345009e-02	1.6320345009e-02	2.1090547330e-02	2.1090547330e-02	2.1090547330e-02	2.4427202063e-02	2.4427202063e-02	2.6288279618e-02	2.6288279618e-02	2.6288279618e-02	3.1783976580e-02	3.2884932733e-02	3.2884932733e-02	3.2884932733e-02	3.5403360411e-02	3.6683334192e-02	3.6683334192e-02	3.8769696553e-02	4.0116839150e-02	4.0116839150e-02	4.0116839150e-02	4.1741300701e-02	4.3089263733e-02	4.3089263733e-02	4.5382428568e-02	4.5382428568e-02	4.6968853286e-02	4.6968853286e-02	4.6968853286e-02	4.9905646233e-02	5.1462331301e-02	
312	0.0	9.7369553081e-03	1.3675386947e-02	4.6488333378e-03	4.6488333378e-03	4.6488333378e-03	4.6488333378e-03	-2.6193096474e-03	-2.6193096474e-03	-2.6193096474e-03	-2.6193096474e-03	-1.4099306038e-02	-1.4099306038e-02	-1.4099306038e-02	-1.4099306038e-02	-2.0135795564e-02	-2.0135795564e-02	-2.0135795564e-02	-2.0135795564e-02	-2.5393360772e-02	-2.5393360772e-02	-2.5393360772e-02	-2.5983190160e-02	-2.9612529470e-02	-2.9612529470e-02	-2.9612529470e-02	-3.2559971022e-02	-3.2559971022e-02	-3.2559971022e-02	-3.2559971022e-02	-3.4044917020e-02	-3.4044917020e-02	-3.4044917020e-02	-3.4044917020e-02	-3.3921644329e-02	-3.3921644329e-02	-3.3921644329e-02	-3.3921644329e-02	-3.2136787773e-02	-3.2136787773e-02	-3.2136787773e-02	-3.2136787773e-02	-2.8751731996e-02	-2.8751731996e-02	-2.8751731996e-02	-2.4273756852e-02	-2.3994900223e-02	-2.3994900223e-02	-2.3994900223e-02	-1.8301913636e-02	-1.8301913636e-02	-1.8301913636e-02	-1.8301913636e-02	-1.2325122291e-02	-1.2325122291e-02	-1.2325122291e-02	-7.2893586959e-03	-6.5967986585e-03	-6.5967986585e-03	-6.5967986585e-03	-6.5967986585e-03	4.7975455394e-03	4.7975455394e-03	4.7975455394e-03	4.7975455394e-03	1.0820786716e-02	1.0820786716e-02	1.0820786716e-02	1.5213685895e-02	1.6320294696e-02	1.6320294696e-02	1.6320294696e-02	2.1090504739e-02	2.1090504739e-02	2.1090504739e-02	2.4427165228e-02	2.4427165228e-02	2.6288245677e-02	2.6288245677e-02	2.6288245677e-02	3.1783950727e-02	3.2884907359e-02	3.2884907359e-02	3.2884907359e-02	3.5403338215e-02	3.6683312526e-02	3.6683312526e-02	3.8769676945e-02	4.0116820216e-02	4.0116820216e-02	4.0116820216e-02	4.1741283033e-02	4.3089246871e-02	4.3089246871e-02	4.5382412751e-02	4.5382412751e-02	4.6968838530e-02	4.6968838530e-02	4.6968838530e-02	4.9905628603e-02	5.1462314860e-02	
313	0.0	9.7369235262e-03	1.3675360704e-02	4.6487755285e-03	4.6487755285e-03	4.6487755285e-03	4.6487755285e-03	-2.6193869337e-03	-2.6193869337e-03	-2.6193869337e-03	-2.6193869337e-03	-1.4099409166e-02	-1.4099409166e-02	-1.4099409166e-02	-1.4099409166e-02	-2.0135907166e-02	-2.0135907166e-02	-2.0135907166e-02	-2.0135907166e-02	-2.5393479822e-02	-2.5393479822e-02	-2.5393479822e-02	-2.5983310171e-02	-2.9612654208e-02	-2.9612654208e-02	-2.9612654208e-02	-3.2560099668e-02	-3.2560099668e-02	-3.2560099668e-02	-3.2560099668e-02	-3.4045047641e-02	-3.4045047641e-02	-3.4045047641e-02	-3.4045047641e-02	-3.3921774794e-02	-3.3921774794e-02	-3.3921774794e-02	-3.3921774794e-02	-3.2136915833e-02	-3.2136915833e-02	-3.2136915833e-02	-3.2136915833e-02	-2.8751855362e-02	-2.8751855362e-02	-2.8751855362e-02	-2.4273873510e-02	-2.3995016600e-02	-2.3995016600e-02	-2.3995016600e-02	-1.8302021016e-02	-1.8302021016e-02	-1.8302021016e-02	-1.8302021016e-02	-1.2325219888e-02	-1.2325219888e-02	-1.2325219888e-02	-7.2894480793e-03	-6.5968872756e-03	-6.5968872756e-03	-6.5968872756e-03	-6.5968872756e-03	4.7974777295e-03	4.7974777295e-03	4.7974777295e-03	4.7974777295e-03	1.0820728987e-02	1.0820728987e-02	1.0820728987e-02	1.5213635659e-02	1.6320245752e-02	1.6320245752e-02	1.6320245752e-02	2.1090463366e-02	2.1090463366e-02	2.1090463366e-02	2.4427129509e-02	2.4427129509e-02	2.6288212777e-02	2.6288212777e-02	2.6288212777e-02	3.1783925766e-02	3.2884882875e-02	3.2884882875e-02	3.2884882875e-02	3.5403316858e-02	3.6683291698e-02	3.6683291698e-02	3.8769658151e-02	4.0116802090e-02	4.0116802090e-02	4.0116802090e-02	4.1741266166e-02	4.3089230802e-02	4.3089230802e-02	4.5382397725e-02	4.5382397725e-02	4.6968824556e-02	4.6968824556e-02	4.6968824556e-02	4.9905611824e-02	5.1462299262e-02	
314	0.0	9.7368925203e-03	1.3675335103e-02	4.6487191226e-03	4.6487191226e-03	4.6487191226e-03	4.6487191226e-03	-2.6194623472e-03	-2.6194623472e-03	-2.6194623472e-03	-2.6194623472e-03	-1.4099509796e-02	-1.4099509796e-02	-1.4099509796e-02	-1.4099509796e-02	-2.0136016075e-02	-2.0136016075e-02	-2.0136016075e-02	-2.0136016075e-02	-2.5393596004e-02	-2.5393596004e-02	-2.5393596004e-02	-2.5983427292e-02	-2.9612775943e-02	-2.9612775943e-02	-2.9612775943e-02	-3.2560225220e-02	-3.2560225220e-02	-3.2560225220e-02	-3.2560225220e-02	-3.4045175122e-02	-3.4045175122e-02	-3.4045175122e-02	-3.4045175122e-02	-3.3921902124e-02	-3.3921902124e-02	-3.3921902124e-02	-3.3921902124e-02	-3.2137040819e-02	-3.2137040819e-02	-3.2137040819e-02	-3.2137040819e-02	-2.8751975769e-02	-2.8751975769e-02	-2.8751975769e-02	-2.4273987375e-02	-2.3995130190e-02	-2.3995130190e-02	-2.3995130190e-02	-1.8302125822e-02	-1.8302125822e-02	-1.8302125822e-02	-1.8302125822e-02	-1.2325315134e-02	-1.2325315134e-02	-1.2325315134e-02	-7.2895352942e-03	-6.5969737417e-03	-6.5969737417e-03	-6.5969737417e-03	-6.5969737417e-03	4.7974115816e-03	4.7974115816e-03	4.7974115816e-03	4.7974115816e-03	1.0820672696e-02	1.0820672696e-02	1.0820672696e-02	1.5213586711e-02	1.6320198066e-02	1.6320198066e-02	1.6320198066e-02	2.1090423100e-02	2.1090423100e-02	2.1090423100e-02	2.4427094793e-02	2.4427094793e-02	2.6288180811e-02	2.6288180811e-02	2.6288180811e-02	3.1783901589e-02	3.2884859173e-02	3.2884859173e-02	3.2884859173e-02	3.5403296232e-02	3.6683271599e-02	3.6683271599e-02	3.8769640063e-02	4.0116784666e-02	4.0116784666e-02	4.0116784666e-02	4.1741249990e-02	4.3089215418e-02	4.3089215418e-02	4.5382383380e-02	4.5382383380e-02	4.6968811254e-02	4.6968811254e-02	4.6968811254e-02	4.9905595787e-02	5.1462284398e-02	
315	0.0	9.7368622519e-03	1.3675310112e-02	4.6486640519e-03	4.6486640519e-03	4.6486640519e-03	4.6486640519e-03	-2.6195359781e-03	-2.6195359781e-03	-2.6195359781e-03	-2.6195359781e-03	-1.4099608048e-02	-1.4099608048e-02	-1.4099608048e-02	-1.4099608048e-02	-2.0136122416e-02	-2.0136122416e-02	-2.0136122416e-02	-2.0136122416e-02	-2.5393709450e-02	-2.5393709450e-02	-2.5393709450e-02	-2.5983541659e-02	-2.9612894816e-02	-2.9612894816e-02	-2.9612894816e-02	-3.2560347821e-02	-3.2560347821e-02	-3.2560347821e-02	-3.2560347821e-02	-3.4045299607e-02	-3.4045299607e-02	-3.4045299607e-02	-3.4045299607e-02	-3.3922026464e-02	-3.3922026464e-02	-3.3922026464e-02	-3.3922026464e-02	-3.2137162873e-02	-3.2137162873e-02	-3.2137162873e-02	-3.2137162873e-02	-2.8752093356e-02	-2.8752093356e-02	-2.8752093356e-02	-2.4274098578e-02	-2.3995241125e-02	-2.3995241125e-02	-2.3995241125e-02	-1.8302228181e-02	-1.8302228181e-02	-1.8302228181e-02	-1.8302228181e-02	-1.2325408153e-02	-1.2325408153e-02	-1.2325408153e-02	-7.2896204621e-03	-6.5970581774e-03	-6.5970581774e-03	-6.5970581774e-03	-6.5970581774e-03	4.7973469841e-03	4.7973469841e-03	4.7973469841e-03	4.7973469841e-03	1.0820617736e-02	1.0820617736e-02	1.0820617736e-02	1.5213538944e-02	1.6320151533e-02	1.6320151533e-02	1.6320151533e-02	2.1090383839e-02	2.1090383839e-02	2.1090383839e-02	2.4427060977e-02	2.4427060977e-02	2.6288149676e-02	2.6288149676e-02	2.6288149676e-02	3.1783878096e-02	3.2884836152e-02	3.2884836152e-02	3.2884836152e-02	3.5403276238e-02	3.6683252129e-02	3.6683252129e-02	3.8769622579e-02	4.0116767840e-02	4.0116767840e-02	4.0116767840e-02	4.1741234404e-02	4.3089200614e-02	4.3089200614e-02	4.5382369613e-02	4.5382369613e-02	4.6968798522e-02	4.6968798522e-02	4.6968798522e-02	4.9905580389e-02	5.1462270163e-02	
316	0.0	9.7368326850e-03	1.3675285703e-02	4.6486102523e-03	4.6486102523e-03	4.6486102523e-03	4.6486102523e-03	-2.6196079113e-03	-2.6196079113e-03	-2.6196079113e-03	-2.6196079113e-03	-1.4099704033e-02	-1.4099704033e-02	-1.4099704033e-02	-1.4099704033e-02	-2.0136226308e-02	-2.0136226308e-02	-2.0136226308e-02	-2.0136226308e-02	-2.5393820288e-02	-2.5393820288e-02	-2.5393820288e-02	-2.5983653397e-02	-2.9613010956e-02	-2.9613010956e-02	-2.9613010956e-02	-3.2560467605e-02	-3.2560467605e-02	-3.2560467605e-02	-3.2560467605e-02	-3.4045421234e-02	-3.4045421234e-02	-3.4045421234e-02	-3.4045421234e-02	-3.3922147951e-02	-3.3922147951e-02	-3.3922147951e-02	-3.3922147951e-02	-3.2137282129e-02	-3.2137282129e-02	-3.2137282129e-02	-3.2137282129e-02	-2.8752208253e-02	-2.8752208253e-02	-2.8752208253e-02	-2.4274207247e-02	-2.3995349530e-02	-2.3995349530e-02	-2.3995349530e-02	-1.8302328215e-02	-1.8302328215e-02	-1.8302328215e-02	-1.8302328215e-02	-1.2325499062e-02	-1.2325499062e-02	-1.2325499062e-02	-7.2897036963e-03	-6.5971406953e-03	-6.5971406953e-03	-6.5971406953e-03	-6.5971406953e-03	4.7972838335e-03	4.7972838335e-03	4.7972838335e-03	4.7972838335e-03	1.0820564008e-02	1.0820564008e-02	1.0820564008e-02	1.5213492259e-02	1.6320106054e-02	1.6320106054e-02	1.6320106054e-02	2.1090345486e-02	2.1090345486e-02	2.1090345486e-02	2.4427027966e-02	2.4427027966e-02	2.6288119281e-02	2.6288119281e-02	2.6288119281e-02	3.1783855193e-02	3.2884813718e-02	3.2884813718e-02	3.2884813718e-02	3.5403256782e-02	3.6683233194e-02	3.6683233194e-02	3.8769605605e-02	4.0116751519e-02	4.0116751519e-02	4.0116751519e-02	4.1741219312e-02	4.3089186297e-02	4.3089186297e-02	4.5382356329e-02	4.5382356329e-02	4.6968786262e-02	4.6968786262e-02	4.6968786262e-02	4.9905565533e-02	5.1462256461e-02	
317	0.0	9.7368037852e-03	1.3675261848e-02	4.6485576631e-03	4.6485576631e-03	4.6485576631e-03	4.6485576631e-03	-2.6196782275e-03	-2.6196782275e-03	-2.6196782275e-03	-2.6196782275e-03	-1.4099797858e-02	-1.4099797858e-02	-1.4099797858e-02	-1.4099797858e-02	-2.0136327866e-02	-2.0136327866e-02	-2.0136327866e-02	-2.0136327866e-02	-2.5393928635e-02	-2.5393928635e-02	-2.5393928635e-02	-2.5983762628e-02	-2.9613124489e-02	-2.9613124489e-02	-2.9613124489e-02	-3.2560584700e-02	-3.2560584700e-02	-3.2560584700e-02	-3.2560584700e-02	-3.4045540130e-02	-3.4045540130e-02	-3.4045540130e-02	-3.4045540130e-02	-3.3922266711e-02	-3.3922266711e-02	-3.3922266711e-02	-3.3922266711e-02	-3.2137398713e-02	-3.2137398713e-02	-3.2137398713e-02	-3.2137398713e-02	-2.8752320584e-02	-2.8752320584e-02	-2.8752320584e-02	-2.4274313500e-02	-2.3995455525e-02	-2.3995455525e-02	-2.3995455525e-02	-1.8302426036e-02	-1.8302426036e-02	-1.8302426036e-02	-1.8302426036e-02	-1.2325587970e-02	-1.2325587970e-02	-1.2325587970e-02	-7.2897851035e-03	-6.5972214016e-03	-6.5972214016e-03	-6.5972214016e-03	-6.5972214016e-03	4.7972220329e-03	4.7972220329e-03	4.7972220329e-03	4.7972220329e-03	1.0820511417e-02	1.0820511417e-02	1.0820511417e-02	1.5213446564e-02	1.6320061539e-02	1.6320061539e-02	1.6320061539e-02	2.1090307950e-02	2.1090307950e-02	2.1090307950e-02	2.4426995669e-02	2.4426995669e-02	2.6288089537e-02	2.6288089537e-02	2.6288089537e-02	3.1783832795e-02	3.2884791787e-02	3.2884791787e-02	3.2884791787e-02	3.5403237776e-02	3.6683214707e-02	3.6683214707e-02	3.8769589054e-02	4.0116735613e-02	4.0116735613e-02	4.0116735613e-02	4.1741204625e-02	4.3089172376e-02	4.3089172376e-02	4.5382343436e-02	4.5382343436e-02	4.6968774384e-02	4.6968774384e-02	4.6968774384e-02	4.9905551129e-02	5.1462243200e-02	
318	0.0	9.7367755207e-03	1.3675238518e-02	4.6485062274e-03	4.6485062274e-03	4.6485062274e-03	4.6485062274e-03	-2.6197470017e-03	-2.6197470017e-03	-2.6197470017e-03	-2.6197470017e-03	-1.4099889621e-02	-1.4099889621e-02	-1.4099889621e-02	-1.4099889621e-02	-2.0136427195e-02	-2.0136427195e-02	-2.0136427195e-02	-2.0136427195e-02	-2.5394034606e-02	-2.5394034606e-02	-2.5394034606e-02	-2.5983869463e-02	-2.9613235531e-02	-2.9613235531e-02	-2.9613235531e-02	-3.2560699224e-02	-3.2560699224e-02	-3.2560699224e-02	-3.2560699224e-02	-3.4045656416e-02	-3.4045656416e-02	-3.4045656416e-02	-3.4045656416e-02	-3.3922382868e-02	-3.3922382868e-02	-3.3922382868e-02	-3.3922382868e-02	-3.2137512746e-02	-3.2137512746e-02	-3.2137512746e-02	-3.2137512746e-02	-2.8752430464e-02	-2.8752430464e-02	-2.8752430464e-02	-2.4274417448e-02	-2.3995559221e-02	-2.3995559221e-02	-2.3995559221e-02	-1.8302521752e-02	-1.8302521752e-02	-1.8302521752e-02	-1.8302521752e-02	-1.2325674979e-02	-1.2325674979e-02	-1.2325674979e-02	-7.2898647829e-03	-6.5973003945e-03	-6.5973003945e-03	-6.5973003945e-03	-6.5973003945e-03	4.7971614932e-03	4.7971614932e-03	4.7971614932e-03	4.7971614932e-03	1.0820459879e-02	1.0820459879e-02	1.0820459879e-02	1.5213401776e-02	1.6320017904e-02	1.6320017904e-02	1.6320017904e-02	2.1090271152e-02	2.1090271152e-02	2.1090271152e-02	2.4426964004e-02	2.4426964004e-02	2.6288060367e-02	2.6288060367e-02	2.6288060367e-02	3.1783810822e-02	3.2884770277e-02	3.2884770277e-02	3.2884770277e-02	3.5403219141e-02	3.6683196587e-02	3.6683196587e-02	3.8769572844e-02	4.0116720044e-02	4.0116720044e-02	4.0116720044e-02	4.1741190262e-02	4.3089158771e-02	4.3089158771e-02	4.5382330854e-02	4.5382330854e-02	4.6968762805e-02	4.6968762805e-02	4.6968762805e-02	4.9905537093e-02	5.1462230295e-02	
319	0.0	9.7367478614e-03	1.3675215691e-02	4.6484558920e-03	4.6484558920e-03	4.6484558920e-03	4.6484558920e-03	-2.6198143046e-03	-2.6198143046e-03	-2.6198143046e-03	-2.6198143046e-03	-1.4099979417e-02	-1.4099979417e-02	-1.4099979417e-02	-1.4099979417e-02	-2.0136524394e-02	-2.0136524394e-02	-2.0136524394e-02	-2.0136524394e-02	-2.5394138303e-02	-2.5394138303e-02	-2.5394138303e-02	-2.5983974009e-02	-2.9613344190e-02	-2.9613344190e-02	-2.9613344190e-02	-3.2560811291e-02	-3.2560811291e-02	-3.2560811291e-02	-3.2560811291e-02	-3.4045770207e-02	-3.4045770207e-02	-3.4045770207e-02	-3.4045770207e-02	-3.3922496533e-02	-3.3922496533e-02	-3.3922496533e-02	-3.3922496533e-02	-3.2137624337e-02	-3.2137624337e-02	-3.2137624337e-02	-3.2137624337e-02	-2.8752538001e-02	-2.8752538001e-02	-2.8752538001e-02	-2.4274519194e-02	-2.3995660720e-02	-2.3995660720e-02	-2.3995660720e-02	-1.8302615460e-02	-1.8302615460e-02	-1.8302615460e-02	-1.8302615460e-02	-1.2325760183e-02	-1.2325760183e-02	-1.2325760183e-02	-7.2899428260e-03	-6.5973777652e-03	-6.5973777652e-03	-6.5973777652e-03	-6.5973777652e-03	4.7971021326e-03	4.7971021326e-03	4.7971021326e-03	4.7971021326e-03	1.0820409314e-02	1.0820409314e-02	1.0820409314e-02	1.5213357816e-02	1.6319975074e-02	1.6319975074e-02	1.6319975074e-02	2.1090235015e-02	2.1090235015e-02	2.1090235015e-02	2.4426932898e-02	2.4426932898e-02	2.6288031698e-02	2.6288031698e-02	2.6288031698e-02	3.1783789204e-02	3.2884749118e-02	3.2884749118e-02	3.2884749118e-02	3.5403200806e-02	3.6683178763e-02	3.6683178763e-02	3.8769556903e-02	4.0116704735e-02	4.0116704735e-02	4.0116704735e-02	4.1741176148e-02	4.3089145405e-02	4.3089145405e-02	4.5382318506e-02	4.5382318506e-02	4.6968751449e-02	4.6968751449e-02	4.6968751449e-02	4.9905523349e-02	5.1462217670e-02	
320	0.0	9.7367207796e-03	1.3675193343e-02	4.6484066076e-03	4.6484066076e-03	4.6484066076e-03	4.6484066076e-03	-2.6198802018e-03	-2.6198802018e-03	-2.6198802018e-03	-2.6198802018e-03	-1.4100067332e-02	-1.4100067332e-02	-1.4100067332e-02	-1.4100067332e-02	-2.0136619557e-02	-2.0136619557e-02	-2.0136619557e-02	-2.0136619557e-02	-2.5394239825e-02	-2.5394239825e-02	-2.5394239825e-02	-2.5984076364e-02	-2.9613450568e-02	-2.9613450568e-02	-2.9613450568e-02	-3.2560921004e-02	-3.2560921004e-02	-3.2560921004e-02	-3.2560921004e-02	-3.4045881607e-02	-3.4045881607e-02	-3.4045881607e-02	-3.4045881607e-02	-3.3922607812e-02	-3.3922607812e-02	-3.3922607812e-02	-3.3922607812e-02	-3.2137733591e-02	-3.2137733591e-02	-3.2137733591e-02	-3.2137733591e-02	-2.8752643296e-02	-2.8752643296e-02	-2.8752643296e-02	-2.4274618836e-02	-2.3995760118e-02	-2.3995760118e-02	-2.3995760118e-02	-1.8302707251e-02	-1.8302707251e-02	-1.8302707251e-02	-1.8302707251e-02	-1.2325843670e-02	-1.2325843670e-02	-1.2325843670e-02	-7.2900193175e-03	-6.5974535979e-03	-6.5974535979e-03	-6.5974535979e-03	-6.5974535979e-03	4.7970438762e-03	4.7970438762e-03	4.7970438762e-03	4.7970438762e-03	1.0820359653e-02	1.0820359653e-02	1.0820359653e-02	1.5213314614e-02	1.6319932979e-02	1.6319932979e-02	1.6319932979e-02	2.1090199472e-02	2.1090199472e-02	2.1090199472e-02	2.4426902283e-02	2.4426902283e-02	2.6288003465e-02	2.6288003465e-02	2.6288003465e-02	3.1783767874e-02	3.2884728244e-02	3.2884728244e-02	3.2884728244e-02	3.5403182704e-02	3.6683161168e-02	3.6683161168e-02	3.8769541163e-02	4.0116689622e-02	4.0116689622e-02	4.0116689622e-02	4.1741162215e-02	4.3089132212e-02	4.3089132212e-02	4.5382306324e-02	4.5382306324e-02	4.6968740247e-02	4.6968740247e-02	4.6968740247e-02	4.9905509828e-02	5.1462205253e-02	
321	0.0	9.7366942494e-03	1.3675171453e-02	4.6483583282e-03	4.6483583282e-03	4.6483583282e-03	4.6483583282e-03	-2.6199447540e-03	-2.6199447540e-03	-2.6199447540e-03	-2.6199447540e-03	-1.4100153446e-02	-1.4100153446e-02	-1.4100153446e-02	-1.4100153446e-02	-2.0136712768e-02	-2.0136712768e-02	-2.0136712768e-02	-2.0136712768e-02	-2.5394339264e-02	-2.5394339264e-02	-2.5394339264e-02	-2.5984176619e-02	-2.9613554760e-02	-2.9613554760e-02	-2.9613554760e-02	-3.2561028461e-02	-3.2561028461e-02	-3.2561028461e-02	-3.2561028461e-02	-3.4045990716e-02	-3.4045990716e-02	-3.4045990716e-02	-3.4045990716e-02	-3.3922716803e-02	-3.3922716803e-02	-3.3922716803e-02	-3.3922716803e-02	-3.2137840605e-02	-3.2137840605e-02	-3.2137840605e-02	-3.2137840605e-02	-2.8752746442e-02	-2.8752746442e-02	-2.8752746442e-02	-2.4274716462e-02	-2.3995857506e-02	-2.3995857506e-02	-2.3995857506e-02	-1.8302797211e-02	-1.8302797211e-02	-1.8302797211e-02	-1.8302797211e-02	-1.2325925520e-02	-1.2325925520e-02	-1.2325925520e-02	-7.2900943351e-03	-6.5975279696e-03	-6.5975279696e-03	-6.5975279696e-03	-6.5975279696e-03	4.7969866563e-03	4.7969866563e-03	4.7969866563e-03	4.7969866563e-03	1.0820310831e-02	1.0820310831e-02	1.0820310831e-02	1.5213272109e-02	1.6319891558e-02	1.6319891558e-02	1.6319891558e-02	2.1090164464e-02	2.1090164464e-02	2.1090164464e-02	2.4426872098e-02	2.4426872098e-02	2.6287975609e-02	2.6287975609e-02	2.6287975609e-02	3.1783746777e-02	3.2884707598e-02	3.2884707598e-02	3.2884707598e-02	3.5403164778e-02	3.6683143744e-02	3.6683143744e-02	3.8769525566e-02	4.0116674644e-02	4.0116674644e-02	4.0116674644e-02	4.1741148404e-02	4.3089119131e-02	4.3089119131e-02	4.5382294245e-02	4.5382294245e-02	4.6968729135e-02	4.6968729135e-02	4.6968729135e-02	4.9905496465e-02	5.1462192981e-02	
322	0.0	9.7366682469e-03	1.3675150001e-02	4.6483110114e-03	4.6483110114e-03	4.6483110114e-03	4.6483110114e-03	-2.6200080177e-03	-2.6200080177e-03	-2.6200080177e-03	-2.6200080177e-03	-1.4100237834e-02	-1.4100237834e-02	-1.4100237834e-02	-1.4100237834e-02	-2.0136804107e-02	-2.0136804107e-02	-2.0136804107e-02	-2.0136804107e-02	-2.5394436702e-02	-2.5394436702e-02	-2.5394436702e-02	-2.5984274859e-02	-2.9613656854e-02	-2.9613656854e-02	-2.9613656854e-02	-3.2561133750e-02	-3.2561133750e-02	-3.2561133750e-02	-3.2561133750e-02	-3.4046097623e-02	-3.4046097623e-02	-3.4046097623e-02	-3.4046097623e-02	-3.3922823598e-02	-3.3922823598e-02	-3.3922823598e-02	-3.3922823598e-02	-3.2137945467e-02	-3.2137945467e-02	-3.2137945467e-02	-3.2137945467e-02	-2.8752847526e-02	-2.8752847526e-02	-2.8752847526e-02	-2.4274812155e-02	-2.3995952965e-02	-2.3995952965e-02	-2.3995952965e-02	-1.8302885418e-02	-1.8302885418e-02	-1.8302885418e-02	-1.8302885418e-02	-1.2326005806e-02	-1.2326005806e-02	-1.2326005806e-02	-7.2901679495e-03	-6.5976009507e-03	-6.5976009507e-03	-6.5976009507e-03	-6.5976009507e-03	4.7969304120e-03	4.7969304120e-03	4.7969304120e-03	4.7969304120e-03	1.0820262790e-02	1.0820262790e-02	1.0820262790e-02	1.5213230244e-02	1.6319850754e-02	1.6319850754e-02	1.6319850754e-02	2.1090129935e-02	2.1090129935e-02	2.1090129935e-02	2.4426842290e-02	2.4426842290e-02	2.6287948080e-02	2.6287948080e-02	2.6287948080e-02	3.1783725860e-02	3.2884687128e-02	3.2884687128e-02	3.2884687128e-02	3.5403146976e-02	3.6683126440e-02	3.6683126440e-02	3.8769510059e-02	4.0116659749e-02	4.0116659749e-02	4.0116659749e-02	4.1741134660e-02	4.3089106106e-02	4.3089106106e-02	4.5382282215e-02	4.5382282215e-02	4.6968718059e-02	4.6968718059e-02	4.6968718059e-02	4.9905483204e-02	5.1462180795e-02	
323	0.0	9.7366427503e-03	1.3675128968e-02	4.6482646182e-03	4.6482646182e-03	4.6482646182e-03	4.6482646182e-03	-2.6200700444e-03	-2.6200700444e-03	-2.6200700444e-03	-2.6200700444e-03	-1.4100320565e-02	-1.4100320565e-02	-1.4100320565e-02	-1.4100320565e-02	-2.0136893648e-02	-2.0136893648e-02	-2.0136893648e-02	-2.0136893648e-02	-2.5394532218e-02	-2.5394532218e-02	-2.5394532218e-02	-2.5984371162e-02	-2.9613756930e-02	-2.9613756930e-02	-2.9613756930e-02	-3.2561236956e-02	-3.2561236956e-02	-3.2561236956e-02	-3.2561236956e-02	-3.4046202414e-02	-3.4046202414e-02	-3.4046202414e-02	-3.4046202414e-02	-3.3922928280e-02	-3.3922928280e-02	-3.3922928280e-02	-3.3922928280e-02	-3.2138048261e-02	-3.2138048261e-02	-3.2138048261e-02	-3.2138048261e-02	-2.8752946626e-02	-2.8752946626e-02	-2.8752946626e-02	-2.4274905991e-02	-2.3996046571e-02	-2.3996046571e-02	-2.3996046571e-02	-1.8302971942e-02	-1.8302971942e-02	-1.8302971942e-02	-1.8302971942e-02	-1.2326084597e-02	-1.2326084597e-02	-1.2326084597e-02	-7.2902402249e-03	-6.5976726049e-03	-6.5976726049e-03	-6.5976726049e-03	-6.5976726049e-03	4.7968750887e-03	4.7968750887e-03	4.7968750887e-03	4.7968750887e-03	1.0820215481e-02	1.0820215481e-02	1.0820215481e-02	1.5213188970e-02	1.6319810521e-02	1.6319810521e-02	1.6319810521e-02	2.1090095840e-02	2.1090095840e-02	2.1090095840e-02	2.4426812813e-02	2.4426812813e-02	2.6287920832e-02	2.6287920832e-02	2.6287920832e-02	3.1783705081e-02	3.2884666791e-02	3.2884666791e-02	3.2884666791e-02	3.5403129254e-02	3.6683109209e-02	3.6683109209e-02	3.8769494596e-02	4.0116644889e-02	4.0116644889e-02	4.0116644889e-02	4.1741120936e-02	4.3089093092e-02	4.3089093092e-02	4.5382270185e-02	4.5382270185e-02	4.6968706970e-02	4.6968706970e-02	4.6968706970e-02	4.9905469995e-02	5.1462168645e-02	
324	0.0	9.7366177395e-03	1.3675108339e-02	4.6482191128e-03	4.6482191128e-03	4.6482191128e-03	4.6482191128e-03	-2.6201308818e-03	-2.6201308818e-03	-2.6201308818e-03	-2.6201308818e-03	-1.4100401701e-02	-1.4100401701e-02	-1.4100401701e-02	-1.4100401701e-02	-2.0136981458e-02	-2.0136981458e-02	-2.0136981458e-02	-2.0136981458e-02	-2.5394625883e-02	-2.5394625883e-02	-2.5394625883e-02	-2.5984465600e-02	-2.9613855063e-02	-2.9613855063e-02	-2.9613855063e-02	-3.2561338155e-02	-3.2561338155e-02	-3.2561338155e-02	-3.2561338155e-02	-3.4046305166e-02	-3.4046305166e-02	-3.4046305166e-02	-3.4046305166e-02	-3.3923030926e-02	-3.3923030926e-02	-3.3923030926e-02	-3.3923030926e-02	-3.2138149061e-02	-3.2138149061e-02	-3.2138149061e-02	-3.2138149061e-02	-2.8753043816e-02	-2.8753043816e-02	-2.8753043816e-02	-2.4274998038e-02	-2.3996138394e-02	-2.3996138394e-02	-2.3996138394e-02	-1.8303056848e-02	-1.8303056848e-02	-1.8303056848e-02	-1.8303056848e-02	-1.2326161953e-02	-1.2326161953e-02	-1.2326161953e-02	-7.2903112194e-03	-6.5977429900e-03	-6.5977429900e-03	-6.5977429900e-03	-6.5977429900e-03	4.7968206382e-03	4.7968206382e-03	4.7968206382e-03	4.7968206382e-03	1.0820168857e-02	1.0820168857e-02	1.0820168857e-02	1.5213148243e-02	1.6319770814e-02	1.6319770814e-02	1.6319770814e-02	2.1090062137e-02	2.1090062137e-02	2.1090062137e-02	2.4426783625e-02	2.4426783625e-02	2.6287893827e-02	2.6287893827e-02	2.6287893827e-02	3.1783684401e-02	3.2884646547e-02	3.2884646547e-02	3.2884646547e-02	3.5403111573e-02	3.6683092014e-02	3.6683092014e-02	3.8769479138e-02	4.0116630026e-02	4.0116630026e-02	4.0116630026e-02	4.1741107192e-02	4.3089080046e-02	4.3089080046e-02	4.5382258114e-02	4.5382258114e-02	4.6968695825e-02	4.6968695825e-02	4.6968695825e-02	4.9905456795e-02	5.1462156487e-02	
325	0.0	9.7365931962e-03	1.3675088099e-02	4.6481744626e-03	4.6481744626e-03	4.6481744626e-03	4.6481744626e-03	-2.6201905731e-03	-2.6201905731e-03	-2.6201905731e-03	-2.6201905731e-03	-1.4100481300e-02	-1.4100481300e-02	-1.4100481300e-02	-1.4100481300e-02	-2.0137067599e-02	-2.0137067599e-02	-2.0137067599e-02	-2.0137067599e-02	-2.5394717761e-02	-2.5394717761e-02	-2.5394717761e-02	-2.5984558238e-02	-2.9613951320e-02	-2.9613951320e-02	-2.9613951320e-02	-3.2561437417e-02	-3.2561437417e-02	-3.2561437417e-02	-3.2561437417e-02	-3.4046405949e-02	-3.4046405949e-02	-3.4046405949e-02	-3.4046405949e-02	-3.3923131607e-02	-3.3923131607e-02	-3.3923131607e-02	-3.3923131607e-02	-3.2138247937e-02	-3.2138247937e-02	-3.2138247937e-02	-3.2138247937e-02	-2.8753139163e-02	-2.8753139163e-02	-2.8753139163e-02	-2.4275088361e-02	-2.3996228495e-02	-2.3996228495e-02	-2.3996228495e-02	-1.8303140195e-02	-1.8303140195e-02	-1.8303140195e-02	-1.8303140195e-02	-1.2326237928e-02	-1.2326237928e-02	-1.2326237928e-02	-7.2903809847e-03	-6.5978121572e-03	-6.5978121572e-03	-6.5978121572e-03	-6.5978121572e-03	4.7967670183e-03	4.7967670183e-03	4.7967670183e-03	4.7967670183e-03	1.0820122880e-02	1.0820122880e-02	1.0820122880e-02	1.5213108027e-02	1.6319731599e-02	1.6319731599e-02	1.6319731599e-02	2.1090028790e-02	2.1090028790e-02	2.1090028790e-02	2.4426754693e-02	2.4426754693e-02	2.6287867033e-02	2.6287867033e-02	2.6287867033e-02	3.1783663789e-02	3.2884626365e-02	3.2884626365e-02	3.2884626365e-02	3.5403093901e-02	3.6683074822e-02	3.6683074822e-02	3.8769463651e-02	4.0116615126e-02	4.0116615126e-02	4.0116615126e-02	4.1741093393e-02	4.3089066935e-02	4.3089066935e-02	4.5382245966e-02	4.5382245966e-02	4.6968684588e-02	4.6968684588e-02	4.6968684588e-02	4.9905443566e-02	5.1462144283e-02	
326	0.0	9.7365691038e-03	1.3675068232e-02	4.6481306381e-03	4.6481306381e-03	4.6481306381e-03	4.6481306381e-03	-2.6202491576e-03	-2.6202491576e-03	-2.6202491576e-03	-2.6202491576e-03	-1.4100559414e-02	-1.4100559414e-02	-1.4100559414e-02	-1.4100559414e-02	-2.0137152127e-02	-2.0137152127e-02	-2.0137152127e-02	-2.0137152127e-02	-2.5394807914e-02	-2.5394807914e-02	-2.5394807914e-02	-2.5984649137e-02	-2.9614045764e-02	-2.9614045764e-02	-2.9614045764e-02	-3.2561534805e-02	-3.2561534805e-02	-3.2561534805e-02	-3.2561534805e-02	-3.4046504828e-02	-3.4046504828e-02	-3.4046504828e-02	-3.4046504828e-02	-3.3923230388e-02	-3.3923230388e-02	-3.3923230388e-02	-3.3923230388e-02	-3.2138344953e-02	-3.2138344953e-02	-3.2138344953e-02	-3.2138344953e-02	-2.8753232727e-02	-2.8753232727e-02	-2.8753232727e-02	-2.4275177016e-02	-2.3996316933e-02	-2.3996316933e-02	-2.3996316933e-02	-1.8303222037e-02	-1.8303222037e-02	-1.8303222037e-02	-1.8303222037e-02	-1.2326312572e-02	-1.2326312572e-02	-1.2326312572e-02	-7.2904495670e-03	-6.5978801526e-03	-6.5978801526e-03	-6.5978801526e-03	-6.5978801526e-03	4.7967141924e-03	4.7967141924e-03	4.7967141924e-03	4.7967141924e-03	1.0820077518e-02	1.0820077518e-02	1.0820077518e-02	1.5213068290e-02	1.6319692843e-02	1.6319692843e-02	1.6319692843e-02	2.1089995772e-02	2.1089995772e-02	2.1089995772e-02	2.4426725987e-02	2.4426725987e-02	2.6287840421e-02	2.6287840421e-02	2.6287840421e-02	3.1783643219e-02	3.2884606219e-02	3.2884606219e-02	3.2884606219e-02	3.5403076213e-02	3.6683057606e-02	3.6683057606e-02	3.8769448109e-02	4.0116600161e-02	4.0116600161e-02	4.0116600161e-02	4.1741079512e-02	4.3089053730e-02	4.3089053730e-02	4.5382233711e-02	4.5382233711e-02	4.6968673229e-02	4.6968673229e-02	4.6968673229e-02	4.9905430277e-02	5.1462132000e-02	
327	0.0	9.7365454474e-03	1.3675048728e-02	4.6480876125e-03	4.6480876125e-03	4.6480876125e-03	4.6480876125e-03	-2.6203066710e-03	-2.6203066710e-03	-2.6203066710e-03	-2.6203066710e-03	-1.4100636091e-02	-1.4100636091e-02	-1.4100636091e-02	-1.4100636091e-02	-2.0137235093e-02	-2.0137235093e-02	-2.0137235093e-02	-2.0137235093e-02	-2.5394896394e-02	-2.5394896394e-02	-2.5394896394e-02	-2.5984738350e-02	-2.9614138450e-02	-2.9614138450e-02	-2.9614138450e-02	-3.2561630378e-02	-3.2561630378e-02	-3.2561630378e-02	-3.2561630378e-02	-3.4046601862e-02	-3.4046601862e-02	-3.4046601862e-02	-3.4046601862e-02	-3.3923327327e-02	-3.3923327327e-02	-3.3923327327e-02	-3.3923327327e-02	-3.2138440165e-02	-3.2138440165e-02	-3.2138440165e-02	-3.2138440165e-02	-2.8753324564e-02	-2.8753324564e-02	-2.8753324564e-02	-2.4275264055e-02	-2.3996403759e-02	-2.3996403759e-02	-2.3996403759e-02	-1.8303302420e-02	-1.8303302420e-02	-1.8303302420e-02	-1.8303302420e-02	-1.2326385928e-02	-1.2326385928e-02	-1.2326385928e-02	-7.2905170071e-03	-6.5979470165e-03	-6.5979470165e-03	-6.5979470165e-03	-6.5979470165e-03	4.7966621291e-03	4.7966621291e-03	4.7966621291e-03	4.7966621291e-03	1.0820032743e-02	1.0820032743e-02	1.0820032743e-02	1.5213029006e-02	1.6319654522e-02	1.6319654522e-02	1.6319654522e-02	2.1089963059e-02	2.1089963059e-02	2.1089963059e-02	2.4426697486e-02	2.4426697486e-02	2.6287813972e-02	2.6287813972e-02	2.6287813972e-02	3.1783622671e-02	3.2884586089e-02	3.2884586089e-02	3.2884586089e-02	3.5403058487e-02	3.6683040345e-02	3.6683040345e-02	3.8769432490e-02	4.0116585109e-02	4.0116585109e-02	4.0116585109e-02	4.1741065525e-02	4.3089040408e-02	4.3089040408e-02	4.5382221326e-02	4.5382221326e-02	4.6968661724e-02	4.6968661724e-02	4.6968661724e-02	4.9905416902e-02	5.1462119612e-02	
328	0.0	9.7365222136e-03	1.3675029574e-02	4.6480453616e-03	4.6480453616e-03	4.6480453616e-03	4.6480453616e-03	-2.6203631453e-03	-2.6203631453e-03	-2.6203631453e-03	-2.6203631453e-03	-1.4100711374e-02	-1.4100711374e-02	-1.4100711374e-02	-1.4100711374e-02	-2.0137316542e-02	-2.0137316542e-02	-2.0137316542e-02	-2.0137316542e-02	-2.5394983251e-02	-2.5394983251e-02	-2.5394983251e-02	-2.5984825926e-02	-2.9614229432e-02	-2.9614229432e-02	-2.9614229432e-02	-3.2561724188e-02	-3.2561724188e-02	-3.2561724188e-02	-3.2561724188e-02	-3.4046697105e-02	-3.4046697105e-02	-3.4046697105e-02	-3.4046697105e-02	-3.3923422478e-02	-3.3923422478e-02	-3.3923422478e-02	-3.3923422478e-02	-3.2138533627e-02	-3.2138533627e-02	-3.2138533627e-02	-3.2138533627e-02	-2.8753414723e-02	-2.8753414723e-02	-2.8753414723e-02	-2.4275349525e-02	-2.3996489019e-02	-2.3996489019e-02	-2.3996489019e-02	-1.8303381388e-02	-1.8303381388e-02	-1.8303381388e-02	-1.8303381388e-02	-1.2326458036e-02	-1.2326458036e-02	-1.2326458036e-02	-7.2905833405e-03	-6.5980127843e-03	-6.5980127843e-03	-6.5980127843e-03	-6.5980127843e-03	4.7966108023e-03	4.7966108023e-03	4.7966108023e-03	4.7966108023e-03	1.0819988531e-02	1.0819988531e-02	1.0819988531e-02	1.5212990155e-02	1.6319616616e-02	1.6319616616e-02	1.6319616616e-02	2.1089930631e-02	2.1089930631e-02	2.1089930631e-02	2.4426669172e-02	2.4426669172e-02	2.6287787668e-02	2.6287787668e-02	2.6287787668e-02	3.1783602130e-02	3.2884565959e-02	3.2884565959e-02	3.2884565959e-02	3.5403040707e-02	3.6683023024e-02	3.6683023024e-02	3.8769416777e-02	4.0116569954e-02	4.0116569954e-02	4.0116569954e-02	4.1741051415e-02	4.3089026951e-02	4.3089026951e-02	4.5382208793e-02	4.5382208793e-02	4.6968650054e-02	4.6968650054e-02	4.6968650054e-02	4.9905403421e-02	5.1462107097e-02	
329	0.0	9.7364993903e-03	1.3675010761e-02	4.6480038641e-03	4.6480038641e-03	4.6480038641e-03	4.6480038641e-03	-2.6204186092e-03	-2.6204186092e-03	-2.6204186092e-03	-2.6204186092e-03	-1.4100785301e-02	-1.4100785301e-02	-1.4100785301e-02	-1.4100785301e-02	-2.0137396516e-02	-2.0137396516e-02	-2.0137396516e-02	-2.0137396516e-02	-2.5395068528e-02	-2.5395068528e-02	-2.5395068528e-02	-2.5984911911e-02	-2.9614318753e-02	-2.9614318753e-02	-2.9614318753e-02	-3.2561816282e-02	-3.2561816282e-02	-3.2561816282e-02	-3.2561816282e-02	-3.4046790605e-02	-3.4046790605e-02	-3.4046790605e-02	-3.4046790605e-02	-3.3923515888e-02	-3.3923515888e-02	-3.3923515888e-02	-3.3923515888e-02	-3.2138625384e-02	-3.2138625384e-02	-3.2138625384e-02	-3.2138625384e-02	-2.8753503249e-02	-2.8753503249e-02	-2.8753503249e-02	-2.4275433468e-02	-2.3996572756e-02	-2.3996572756e-02	-2.3996572756e-02	-1.8303458977e-02	-1.8303458977e-02	-1.8303458977e-02	-1.8303458977e-02	-1.2326528928e-02	-1.2326528928e-02	-1.2326528928e-02	-7.2906485982e-03	-6.5980774867e-03	-6.5980774867e-03	-6.5980774867e-03	-6.5980774867e-03	4.7965601902e-03	4.7965601902e-03	4.7965601902e-03	4.7965601902e-03	1.0819944866e-02	1.0819944866e-02	1.0819944866e-02	1.5212951721e-02	1.6319579109e-02	1.6319579109e-02	1.6319579109e-02	2.1089898476e-02	2.1089898476e-02	2.1089898476e-02	2.4426641031e-02	2.4426641031e-02	2.6287761498e-02	2.6287761498e-02	2.6287761498e-02	3.1783581585e-02	3.2884545819e-02	3.2884545819e-02	3.2884545819e-02	3.5403022865e-02	3.6683005633e-02	3.6683005633e-02	3.8769400960e-02	4.0116554686e-02	4.0116554686e-02	4.0116554686e-02	4.1741037172e-02	4.3089013347e-02	4.3089013347e-02	4.5382196099e-02	4.5382196099e-02	4.6968638205e-02	4.6968638205e-02	4.6968638205e-02	4.9905389818e-02	5.1462094442e-02	
330	0.0	9.7364769670e-03	1.3674992280e-02	4.6479631006e-03	4.6479631006e-03	4.6479631006e-03	4.6479631006e-03	-2.6204730883e-03	-2.6204730883e-03	-2.6204730883e-03	-2.6204730883e-03	-1.4100857907e-02	-1.4100857907e-02	-1.4100857907e-02	-1.4100857907e-02	-2.0137475052e-02	-2.0137475052e-02	-2.0137475052e-02	-2.0137475052e-02	-2.5395152265e-02	-2.5395152265e-02	-2.5395152265e-02	-2.5984996343e-02	-2.9614406455e-02	-2.9614406455e-02	-2.9614406455e-02	-3.2561906704e-02	-3.2561906704e-02	-3.2561906704e-02	-3.2561906704e-02	-3.4046882404e-02	-3.4046882404e-02	-3.4046882404e-02	-3.4046882404e-02	-3.3923607601e-02	-3.3923607601e-02	-3.3923607601e-02	-3.3923607601e-02	-3.2138715478e-02	-3.2138715478e-02	-3.2138715478e-02	-3.2138715478e-02	-2.8753590182e-02	-2.8753590182e-02	-2.8753590182e-02	-2.4275515920e-02	-2.3996655005e-02	-2.3996655005e-02	-2.3996655005e-02	-1.8303535222e-02	-1.8303535222e-02	-1.8303535222e-02	-1.8303535222e-02	-1.2326598635e-02	-1.2326598635e-02	-1.2326598635e-02	-7.2907128066e-03	-6.5981411499e-03	-6.5981411499e-03	-6.5981411499e-03	-6.5981411499e-03	4.7965102756e-03	4.7965102756e-03	4.7965102756e-03	4.7965102756e-03	1.0819901733e-02	1.0819901733e-02	1.0819901733e-02	1.5212913691e-02	1.6319541989e-02	1.6319541989e-02	1.6319541989e-02	2.1089866583e-02	2.1089866583e-02	2.1089866583e-02	2.4426613055e-02	2.4426613055e-02	2.6287735455e-02	2.6287735455e-02	2.6287735455e-02	3.1783561032e-02	3.2884525663e-02	3.2884525663e-02	3.2884525663e-02	3.5403004954e-02	3.6682988164e-02	3.6682988164e-02	3.8769385032e-02	4.0116539296e-02	4.0116539296e-02	4.0116539296e-02	4.1741022786e-02	4.3088999590e-02	4.3088999590e-02	4.5382183235e-02	4.5382183235e-02	4.6968626170e-02	4.6968626170e-02	4.6968626170e-02	4.9905376084e-02	5.1462081634e-02	
331	0.0	9.7364549342e-03	1.3674974122e-02	4.6479230541e-03	4.6479230541e-03	4.6479230541e-03	4.6479230541e-03	-2.6205266055e-03	-2.6205266055e-03	-2.6205266055e-03	-2.6205266055e-03	-1.4100929222e-02	-1.4100929222e-02	-1.4100929222e-02	-1.4100929222e-02	-2.0137552184e-02	-2.0137552184e-02	-2.0137552184e-02	-2.0137552184e-02	-2.5395234497e-02	-2.5395234497e-02	-2.5395234497e-02	-2.5985079258e-02	-2.9614492576e-02	-2.9614492576e-02	-2.9614492576e-02	-3.2561995491e-02	-3.2561995491e-02	-3.2561995491e-02	-3.2561995491e-02	-3.4046972542e-02	-3.4046972542e-02	-3.4046972542e-02	-3.4046972542e-02	-3.3923697655e-02	-3.3923697655e-02	-3.3923697655e-02	-3.3923697655e-02	-3.2138803948e-02	-3.2138803948e-02	-3.2138803948e-02	-3.2138803948e-02	-2.8753675558e-02	-2.8753675558e-02	-2.8753675558e-02	-2.4275596914e-02	-2.3996735801e-02	-2.3996735801e-02	-2.3996735801e-02	-1.8303610152e-02	-1.8303610152e-02	-1.8303610152e-02	-1.8303610152e-02	-1.2326667181e-02	-1.2326667181e-02	-1.2326667181e-02	-7.2907759883e-03	-6.5982037962e-03	-6.5982037962e-03	-6.5982037962e-03	-6.5982037962e-03	4.7964610449e-03	4.7964610449e-03	4.7964610449e-03	4.7964610449e-03	1.0819859122e-02	1.0819859122e-02	1.0819859122e-02	1.5212876059e-02	1.6319505249e-02	1.6319505249e-02	1.6319505249e-02	2.1089834947e-02	2.1089834947e-02	2.1089834947e-02	2.4426585240e-02	2.4426585240e-02	2.6287709536e-02	2.6287709536e-02	2.6287709536e-02	3.1783540469e-02	3.2884505489e-02	3.2884505489e-02	3.2884505489e-02	3.5402986973e-02	3.6682970617e-02	3.6682970617e-02	3.8769368992e-02	4.0116523782e-02	4.0116523782e-02	4.0116523782e-02	4.1741008256e-02	4.3088985675e-02	4.3088985675e-02	4.5382170197e-02	4.5382170197e-02	4.6968613944e-02	4.6968613944e-02	4.6968613944e-02	4.9905362212e-02	5.1462068667e-02	
332	0.0	9.7364332836e-03	1.3674956282e-02	4.6478837097e-03	4.6478837097e-03	4.6478837097e-03	4.6478837097e-03	-2.6205791807e-03	-2.6205791807e-03	-2.6205791807e-03	-2.6205791807e-03	-1.4100999273e-02	-1.4100999273e-02	-1.4100999273e-02	-1.4100999273e-02	-2.0137627940e-02	-2.0137627940e-02	-2.0137627940e-02	-2.0137627940e-02	-2.5395315256e-02	-2.5395315256e-02	-2.5395315256e-02	-2.5985160687e-02	-2.9614577149e-02	-2.9614577149e-02	-2.9614577149e-02	-3.2562082678e-02	-3.2562082678e-02	-3.2562082678e-02	-3.2562082678e-02	-3.4047061053e-02	-3.4047061053e-02	-3.4047061053e-02	-3.4047061053e-02	-3.3923786084e-02	-3.3923786084e-02	-3.3923786084e-02	-3.3923786084e-02	-3.2138890827e-02	-3.2138890827e-02	-3.2138890827e-02	-3.2138890827e-02	-2.8753759408e-02	-2.8753759408e-02	-2.8753759408e-02	-2.4275676480e-02	-2.3996815172e-02	-2.3996815172e-02	-2.3996815172e-02	-1.8303683792e-02	-1.8303683792e-02	-1.8303683792e-02	-1.8303683792e-02	-1.2326734590e-02	-1.2326734590e-02	-1.2326734590e-02	-7.2908381618e-03	-6.5982654443e-03	-6.5982654443e-03	-6.5982654443e-03	-6.5982654443e-03	4.7964124882e-03	4.7964124882e-03	4.7964124882e-03	4.7964124882e-03	1.0819817028e-02	1.0819817028e-02	1.0819817028e-02	1.5212838819e-02	1.6319468886e-02	1.6319468886e-02	1.6319468886e-02	2.1089803567e-02	2.1089803567e-02	2.1089803567e-02	2.4426557585e-02	2.4426557585e-02	2.6287683740e-02	2.6287683740e-02	2.6287683740e-02	3.1783519897e-02	3.2884485298e-02	3.2884485298e-02	3.2884485298e-02	3.5402968924e-02	3.6682952993e-02	3.6682952993e-02	3.8769352840e-02	4.0116508147e-02	4.0116508147e-02	4.0116508147e-02	4.1740993583e-02	4.3088971603e-02	4.3088971603e-02	4.5382156986e-02	4.5382156986e-02	4.6968601527e-02	4.6968601527e-02	4.6968601527e-02	4.9905348201e-02	5.1462055540e-02	
333	0.0	9.7364120081e-03	1.3674938752e-02	4.6478450543e-03	4.6478450543e-03	4.6478450543e-03	4.6478450543e-03	-2.6206308314e-03	-2.6206308314e-03	-2.6206308314e-03	-2.6206308314e-03	-1.4101068083e-02	-1.4101068083e-02	-1.4101068083e-02	-1.4101068083e-02	-2.0137702346e-02	-2.0137702346e-02	-2.0137702346e-02	-2.0137702346e-02	-2.5395394569e-02	-2.5395394569e-02	-2.5395394569e-02	-2.5985240659e-02	-2.9614660202e-02	-2.9614660202e-02	-2.9614660202e-02	-3.2562168294e-02	-3.2562168294e-02	-3.2562168294e-02	-3.2562168294e-02	-3.4047147968e-02	-3.4047147968e-02	-3.4047147968e-02	-3.4047147968e-02	-3.3923872920e-02	-3.3923872920e-02	-3.3923872920e-02	-3.3923872920e-02	-3.2138976144e-02	-3.2138976144e-02	-3.2138976144e-02	-3.2138976144e-02	-2.8753841761e-02	-2.8753841761e-02	-2.8753841761e-02	-2.4275754643e-02	-2.3996893143e-02	-2.3996893143e-02	-2.3996893143e-02	-1.8303756163e-02	-1.8303756163e-02	-1.8303756163e-02	-1.8303756163e-02	-1.2326800878e-02	-1.2326800878e-02	-1.2326800878e-02	-7.2908993425e-03	-6.5983261090e-03	-6.5983261090e-03	-6.5983261090e-03	-6.5983261090e-03	4.7963645991e-03	4.7963645991e-03	4.7963645991e-03	4.7963645991e-03	1.0819775446e-02	1.0819775446e-02	1.0819775446e-02	1.5212801972e-02	1.6319432899e-02	1.6319432899e-02	1.6319432899e-02	2.1089772443e-02	2.1089772443e-02	2.1089772443e-02	2.4426530094e-02	2.4426530094e-02	2.6287658072e-02	2.6287658072e-02	2.6287658072e-02	3.1783499324e-02	3.2884465098e-02	3.2884465098e-02	3.2884465098e-02	3.5402950812e-02	3.6682935298e-02	3.6682935298e-02	3.8769336583e-02	4.0116492395e-02	4.0116492395e-02	4.0116492395e-02	4.1740978771e-02	4.3088957381e-02	4.3088957381e-02	4.5382143607e-02	4.5382143607e-02	4.6968588923e-02	4.6968588923e-02	4.6968588923e-02	4.9905334053e-02	5.1462042254e-02	
334	0.0	9.7363911012e-03	1.3674921527e-02	4.6478070760e-03	4.6478070760e-03	4.6478070760e-03	4.6478070760e-03	-2.6206815738e-03	-2.6206815738e-03	-2.6206815738e-03	-2.6206815738e-03	-1.4101135676e-02	-1.4101135676e-02	-1.4101135676e-02	-1.4101135676e-02	-2.0137775427e-02	-2.0137775427e-02	-2.0137775427e-02	-2.0137775427e-02	-2.5395472462e-02	-2.5395472462e-02	-2.5395472462e-02	-2.5985319199e-02	-2.9614741763e-02	-2.9614741763e-02	-2.9614741763e-02	-3.2562252368e-02	-3.2562252368e-02	-3.2562252368e-02	-3.2562252368e-02	-3.4047233316e-02	-3.4047233316e-02	-3.4047233316e-02	-3.4047233316e-02	-3.3923958190e-02	-3.3923958190e-02	-3.3923958190e-02	-3.3923958190e-02	-3.2139059927e-02	-3.2139059927e-02	-3.2139059927e-02	-3.2139059927e-02	-2.8753922641e-02	-2.8753922641e-02	-2.8753922641e-02	-2.4275831426e-02	-2.3996969738e-02	-2.3996969738e-02	-2.3996969738e-02	-1.8303827286e-02	-1.8303827286e-02	-1.8303827286e-02	-1.8303827286e-02	-1.2326866061e-02	-1.2326866061e-02	-1.2326866061e-02	-7.2909595431e-03	-6.5983858032e-03	-6.5983858032e-03	-6.5983858032e-03	-6.5983858032e-03	4.7963173732e-03	4.7963173732e-03	4.7963173732e-03	4.7963173732e-03	1.0819734377e-02	1.0819734377e-02	1.0819734377e-02	1.5212765519e-02	1.6319397289e-02	1.6319397289e-02	1.6319397289e-02	2.1089741579e-02	2.1089741579e-02	2.1089741579e-02	2.4426502771e-02	2.4426502771e-02	2.6287632537e-02	2.6287632537e-02	2.6287632537e-02	3.1783478756e-02	3.2884444896e-02	3.2884444896e-02	3.2884444896e-02	3.5402932648e-02	3.6682917540e-02	3.6682917540e-02	3.8769320229e-02	4.0116476535e-02	4.0116476535e-02	4.0116476535e-02	4.1740963829e-02	4.3088943015e-02	4.3088943015e-02	4.5382130067e-02	4.5382130067e-02	4.6968576139e-02	4.6968576139e-02	4.6968576139e-02	4.9905319773e-02	5.1462028815e-02	
335	0.0	9.7363705580e-03	1.3674904604e-02	4.6477697654e-03	4.6477697654e-03	4.6477697654e-03	4.6477697654e-03	-2.6207314203e-03	-2.6207314203e-03	-2.6207314203e-03	-2.6207314203e-03	-1.4101202067e-02	-1.4101202067e-02	-1.4101202067e-02	-1.4101202067e-02	-2.0137847200e-02	-2.0137847200e-02	-2.0137847200e-02	-2.0137847200e-02	-2.5395548956e-02	-2.5395548956e-02	-2.5395548956e-02	-2.5985396327e-02	-2.9614821853e-02	-2.9614821853e-02	-2.9614821853e-02	-3.2562334922e-02	-3.2562334922e-02	-3.2562334922e-02	-3.2562334922e-02	-3.4047317118e-02	-3.4047317118e-02	-3.4047317118e-02	-3.4047317118e-02	-3.3924041917e-02	-3.3924041917e-02	-3.3924041917e-02	-3.3924041917e-02	-3.2139142198e-02	-3.2139142198e-02	-3.2139142198e-02	-3.2139142198e-02	-2.8754002070e-02	-2.8754002070e-02	-2.8754002070e-02	-2.4275906847e-02	-2.3997044974e-02	-2.3997044974e-02	-2.3997044974e-02	-1.8303897176e-02	-1.8303897176e-02	-1.8303897176e-02	-1.8303897176e-02	-1.2326930153e-02	-1.2326930153e-02	-1.2326930153e-02	-7.2910187726e-03	-6.5984445356e-03	-6.5984445356e-03	-6.5984445356e-03	-6.5984445356e-03	4.7962708100e-03	4.7962708100e-03	4.7962708100e-03	4.7962708100e-03	1.0819693823e-02	1.0819693823e-02	1.0819693823e-02	1.5212729464e-02	1.6319362063e-02	1.6319362063e-02	1.6319362063e-02	2.1089710984e-02	2.1089710984e-02	2.1089710984e-02	2.4426475625e-02	2.4426475625e-02	2.6287607146e-02	2.6287607146e-02	2.6287607146e-02	3.1783458206e-02	3.2884424703e-02	3.2884424703e-02	3.2884424703e-02	3.5402914442e-02	3.6682899732e-02	3.6682899732e-02	3.8769303790e-02	4.0116460579e-02	4.0116460579e-02	4.0116460579e-02	4.1740948769e-02	4.3088928516e-02	4.3088928516e-02	4.5382116376e-02	4.5382116376e-02	4.6968563187e-02	4.6968563187e-02	4.6968563187e-02	4.9905305371e-02	5.1462015231e-02	
336	0.0	9.7363503733e-03	1.3674887977e-02	4.6477331134e-03	4.6477331134e-03	4.6477331134e-03	4.6477331134e-03	-2.6207803834e-03	-2.6207803834e-03	-2.6207803834e-03	-2.6207803834e-03	-1.4101267275e-02	-1.4101267275e-02	-1.4101267275e-02	-1.4101267275e-02	-2.0137917685e-02	-2.0137917685e-02	-2.0137917685e-02	-2.0137917685e-02	-2.5395624069e-02	-2.5395624069e-02	-2.5395624069e-02	-2.5985472064e-02	-2.9614900493e-02	-2.9614900493e-02	-2.9614900493e-02	-3.2562415979e-02	-3.2562415979e-02	-3.2562415979e-02	-3.2562415979e-02	-3.4047399399e-02	-3.4047399399e-02	-3.4047399399e-02	-3.4047399399e-02	-3.3924124124e-02	-3.3924124124e-02	-3.3924124124e-02	-3.3924124124e-02	-3.2139222978e-02	-3.2139222978e-02	-3.2139222978e-02	-3.2139222978e-02	-2.8754080068e-02	-2.8754080068e-02	-2.8754080068e-02	-2.4275980924e-02	-2.3997118869e-02	-2.3997118869e-02	-2.3997118869e-02	-1.8303965847e-02	-1.8303965847e-02	-1.8303965847e-02	-1.8303965847e-02	-1.2326993162e-02	-1.2326993162e-02	-1.2326993162e-02	-7.2910770390e-03	-6.5985023141e-03	-6.5985023141e-03	-6.5985023141e-03	-6.5985023141e-03	4.7962249097e-03	4.7962249097e-03	4.7962249097e-03	4.7962249097e-03	1.0819653788e-02	1.0819653788e-02	1.0819653788e-02	1.5212693815e-02	1.6319327227e-02	1.6319327227e-02	1.6319327227e-02	2.1089680666e-02	2.1089680666e-02	2.1089680666e-02	2.4426448668e-02	2.4426448668e-02	2.6287581910e-02	2.6287581910e-02	2.6287581910e-02	3.1783437688e-02	3.2884404533e-02	3.2884404533e-02	3.2884404533e-02	3.5402896208e-02	3.6682881887e-02	3.6682881887e-02	3.8769287280e-02	4.0116444540e-02	4.0116444540e-02	4.0116444540e-02	4.1740933603e-02	4.3088913900e-02	4.3088913900e-02	4.5382102547e-02	4.5382102547e-02	4.6968550079e-02	4.6968550079e-02	4.6968550079e-02	4.9905290857e-02	5.1462001514e-02	
337	0.0	9.7363305435e-03	1.3674871644e-02	4.6476971126e-03	4.6476971126e-03	4.6476971126e-03	4.6476971126e-03	-2.6208284730e-03	-2.6208284730e-03	-2.6208284730e-03	-2.6208284730e-03	-1.4101331312e-02	-1.4101331312e-02	-1.4101331312e-02	-1.4101331312e-02	-2.0137986897e-02	-2.0137986897e-02	-2.0137986897e-02	-2.0137986897e-02	-2.5395697820e-02	-2.5395697820e-02	-2.5395697820e-02	-2.5985546427e-02	-2.9614977701e-02	-2.9614977701e-02	-2.9614977701e-02	-3.2562495555e-02	-3.2562495555e-02	-3.2562495555e-02	-3.2562495555e-02	-3.4047480176e-02	-3.4047480176e-02	-3.4047480176e-02	-3.4047480176e-02	-3.3924204829e-02	-3.3924204829e-02	-3.3924204829e-02	-3.3924204829e-02	-3.2139302286e-02	-3.2139302286e-02	-3.2139302286e-02	-3.2139302286e-02	-2.8754156651e-02	-2.8754156651e-02	-2.8754156651e-02	-2.4276053672e-02	-2.3997191439e-02	-2.3997191439e-02	-2.3997191439e-02	-1.8304033310e-02	-1.8304033310e-02	-1.8304033310e-02	-1.8304033310e-02	-1.2327055098e-02	-1.2327055098e-02	-1.2327055098e-02	-7.2911343472e-03	-6.5985591436e-03	-6.5985591436e-03	-6.5985591436e-03	-6.5985591436e-03	4.7961796752e-03	4.7961796752e-03	4.7961796752e-03	4.7961796752e-03	1.0819614278e-02	1.0819614278e-02	1.0819614278e-02	1.5212658581e-02	1.6319292789e-02	1.6319292789e-02	1.6319292789e-02	2.1089650635e-02	2.1089650635e-02	2.1089650635e-02	2.4426421911e-02	2.4426421911e-02	2.6287556842e-02	2.6287556842e-02	2.6287556842e-02	3.1783417217e-02	3.2884384402e-02	3.2884384402e-02	3.2884384402e-02	3.5402877964e-02	3.6682864022e-02	3.6682864022e-02	3.8769270715e-02	4.0116428435e-02	4.0116428435e-02	4.0116428435e-02	4.1740918349e-02	4.3088899181e-02	4.3088899181e-02	4.5382088598e-02	4.5382088598e-02	4.6968536831e-02	4.6968536831e-02	4.6968536831e-02	4.9905276246e-02	5.1461987678e-02	
338	0.0	9.7363110650e-03	1.3674855601e-02	4.6476617567e-03	4.6476617567e-03	4.6476617567e-03	4.6476617567e-03	-2.6208756979e-03	-2.6208756979e-03	-2.6208756979e-03	-2.6208756979e-03	-1.4101394191e-02	-1.4101394191e-02	-1.4101394191e-02	-1.4101394191e-02	-2.0138054849e-02	-2.0138054849e-02	-2.0138054849e-02	-2.0138054849e-02	-2.5395770223e-02	-2.5395770223e-02	-2.5395770223e-02	-2.5985619430e-02	-2.9615053493e-02	-2.9615053493e-02	-2.9615053493e-02	-3.2562573669e-02	-3.2562573669e-02	-3.2562573669e-02	-3.2562573669e-02	-3.4047559466e-02	-3.4047559466e-02	-3.4047559466e-02	-3.4047559466e-02	-3.3924284049e-02	-3.3924284049e-02	-3.3924284049e-02	-3.3924284049e-02	-3.2139380137e-02	-3.2139380137e-02	-3.2139380137e-02	-3.2139380137e-02	-2.8754231835e-02	-2.8754231835e-02	-2.8754231835e-02	-2.4276125103e-02	-2.3997262696e-02	-2.3997262696e-02	-2.3997262696e-02	-1.8304099576e-02	-1.8304099576e-02	-1.8304099576e-02	-1.8304099576e-02	-1.2327115967e-02	-1.2327115967e-02	-1.2327115967e-02	-7.2911907008e-03	-6.5986150276e-03	-6.5986150276e-03	-6.5986150276e-03	-6.5986150276e-03	4.7961351110e-03	4.7961351110e-03	4.7961351110e-03	4.7961351110e-03	1.0819575302e-02	1.0819575302e-02	1.0819575302e-02	1.5212623770e-02	1.6319258761e-02	1.6319258761e-02	1.6319258761e-02	2.1089620906e-02	2.1089620906e-02	2.1089620906e-02	2.4426395369e-02	2.4426395369e-02	2.6287531957e-02	2.6287531957e-02	2.6287531957e-02	3.1783396811e-02	3.2884364327e-02	3.2884364327e-02	3.2884364327e-02	3.5402859727e-02	3.6682846154e-02	3.6682846154e-02	3.8769254113e-02	4.0116412282e-02	4.0116412282e-02	4.0116412282e-02	4.1740903025e-02	4.3088884378e-02	4.3088884378e-02	4.5382074546e-02	4.5382074546e-02	4.6968523462e-02	4.6968523462e-02	4.6968523462e-02	4.9905261554e-02	5.1461973739e-02	
339	0.0	9.7362919351e-03	1.3674839846e-02	4.6476270400e-03	4.6476270400e-03	4.6476270400e-03	4.6476270400e-03	-2.6209220657e-03	-2.6209220657e-03	-2.6209220657e-03	-2.6209220657e-03	-1.4101455923e-02	-1.4101455923e-02	-1.4101455923e-02	-1.4101455923e-02	-2.0138121554e-02	-2.0138121554e-02	-2.0138121554e-02	-2.0138121554e-02	-2.5395841290e-02	-2.5395841290e-02	-2.5395841290e-02	-2.5985691086e-02	-2.9615127883e-02	-2.9615127883e-02	-2.9615127883e-02	-3.2562650335e-02	-3.2562650335e-02	-3.2562650335e-02	-3.2562650335e-02	-3.4047637284e-02	-3.4047637284e-02	-3.4047637284e-02	-3.4047637284e-02	-3.3924361799e-02	-3.3924361799e-02	-3.3924361799e-02	-3.3924361799e-02	-3.2139456546e-02	-3.2139456546e-02	-3.2139456546e-02	-3.2139456546e-02	-2.8754305632e-02	-2.8754305632e-02	-2.8754305632e-02	-2.4276195229e-02	-2.3997332650e-02	-2.3997332650e-02	-2.3997332650e-02	-1.8304164653e-02	-1.8304164653e-02	-1.8304164653e-02	-1.8304164653e-02	-1.2327175774e-02	-1.2327175774e-02	-1.2327175774e-02	-7.2912461019e-03	-6.5986699681e-03	-6.5986699681e-03	-6.5986699681e-03	-6.5986699681e-03	4.7960912223e-03	4.7960912223e-03	4.7960912223e-03	4.7960912223e-03	1.0819536867e-02	1.0819536867e-02	1.0819536867e-02	1.5212589396e-02	1.6319225153e-02	1.6319225153e-02	1.6319225153e-02	2.1089591491e-02	2.1089591491e-02	2.1089591491e-02	2.4426369058e-02	2.4426369058e-02	2.6287507271e-02	2.6287507271e-02	2.6287507271e-02	3.1783376488e-02	3.2884344326e-02	3.2884344326e-02	3.2884344326e-02	3.5402841517e-02	3.6682828303e-02	3.6682828303e-02	3.8769237494e-02	4.0116396100e-02	4.0116396100e-02	4.0116396100e-02	4.1740887649e-02	4.3088869511e-02	4.3088869511e-02	4.5382060409e-02	4.5382060409e-02	4.6968509990e-02	4.6968509990e-02	4.6968509990e-02	4.9905246799e-02	5.1461959715e-02	
340	0.0	9.7362731513e-03	1.3674824377e-02	4.6475929578e-03	4.6475929578e-03	4.6475929578e-03	4.6475929578e-03	-2.6209675831e-03	-2.6209675831e-03	-2.6209675831e-03	-2.6209675831e-03	-1.4101516517e-02	-1.4101516517e-02	-1.4101516517e-02	-1.4101516517e-02	-2.0138187023e-02	-2.0138187023e-02	-2.0138187023e-02	-2.0138187023e-02	-2.5395911035e-02	-2.5395911035e-02	-2.5395911035e-02	-2.5985761408e-02	-2.9615200884e-02	-2.9615200884e-02	-2.9615200884e-02	-3.2562725566e-02	-3.2562725566e-02	-3.2562725566e-02	-3.2562725566e-02	-3.4047713645e-02	-3.4047713645e-02	-3.4047713645e-02	-3.4047713645e-02	-3.3924438092e-02	-3.3924438092e-02	-3.3924438092e-02	-3.3924438092e-02	-3.2139531527e-02	-3.2139531527e-02	-3.2139531527e-02	-3.2139531527e-02	-2.8754378054e-02	-2.8754378054e-02	-2.8754378054e-02	-2.4276264059e-02	-2.3997401312e-02	-2.3997401312e-02	-2.3997401312e-02	-1.8304228547e-02	-1.8304228547e-02	-1.8304228547e-02	-1.8304228547e-02	-1.2327234523e-02	-1.2327234523e-02	-1.2327234523e-02	-7.2913005514e-03	-6.5987239660e-03	-6.5987239660e-03	-6.5987239660e-03	-6.5987239660e-03	4.7960480159e-03	4.7960480159e-03	4.7960480159e-03	4.7960480159e-03	1.0819498983e-02	1.0819498983e-02	1.0819498983e-02	1.5212555469e-02	1.6319191979e-02	1.6319191979e-02	1.6319191979e-02	2.1089562405e-02	2.1089562405e-02	2.1089562405e-02	2.4426342995e-02	2.4426342995e-02	2.6287482802e-02	2.6287482802e-02	2.6287482802e-02	3.1783356268e-02	3.2884324420e-02	3.2884324420e-02	3.2884324420e-02	3.5402823354e-02	3.6682810490e-02	3.6682810490e-02	3.8769220880e-02	4.0116379911e-02	4.0116379911e-02	4.0116379911e-02	4.1740872243e-02	4.3088854600e-02	4.3088854600e-02	4.5382046210e-02	4.5382046210e-02	4.6968496438e-02	4.6968496438e-02	4.6968496438e-02	4.9905231999e-02	5.1461945625e-02	
341	0.0	9.7362547115e-03	1.3674809192e-02	4.6475595058e-03	4.6475595058e-03	4.6475595058e-03	4.6475595058e-03	-2.6210122560e-03	-2.6210122560e-03	-2.6210122560e-03	-2.6210122560e-03	-1.4101575981e-02	-1.4101575981e-02	-1.4101575981e-02	-1.4101575981e-02	-2.0138251263e-02	-2.0138251263e-02	-2.0138251263e-02	-2.0138251263e-02	-2.5395979467e-02	-2.5395979467e-02	-2.5395979467e-02	-2.5985830406e-02	-2.9615272506e-02	-2.9615272506e-02	-2.9615272506e-02	-3.2562799374e-02	-3.2562799374e-02	-3.2562799374e-02	-3.2562799374e-02	-3.4047788560e-02	-3.4047788560e-02	-3.4047788560e-02	-3.4047788560e-02	-3.3924512941e-02	-3.3924512941e-02	-3.3924512941e-02	-3.3924512941e-02	-3.2139605089e-02	-3.2139605089e-02	-3.2139605089e-02	-3.2139605089e-02	-2.8754449112e-02	-2.8754449112e-02	-2.8754449112e-02	-2.4276331602e-02	-2.3997468690e-02	-2.3997468690e-02	-2.3997468690e-02	-1.8304291265e-02	-1.8304291265e-02	-1.8304291265e-02	-1.8304291265e-02	-1.2327292216e-02	-1.2327292216e-02	-1.2327292216e-02	-7.2913540494e-03	-6.5987770212e-03	-6.5987770212e-03	-6.5987770212e-03	-6.5987770212e-03	4.7960054988e-03	4.7960054988e-03	4.7960054988e-03	4.7960054988e-03	1.0819461662e-02	1.0819461662e-02	1.0819461662e-02	1.5212522004e-02	1.6319159251e-02	1.6319159251e-02	1.6319159251e-02	2.1089533663e-02	2.1089533663e-02	2.1089533663e-02	2.4426317196e-02	2.4426317196e-02	2.6287458566e-02	2.6287458566e-02	2.6287458566e-02	3.1783336172e-02	3.2884304629e-02	3.2884304629e-02	3.2884304629e-02	3.5402805259e-02	3.6682792735e-02	3.6682792735e-02	3.8769204291e-02	4.0116363736e-02	4.0116363736e-02	4.0116363736e-02	4.1740856829e-02	4.3088839669e-02	4.3088839669e-02	4.5382031970e-02	4.5382031970e-02	4.6968482826e-02	4.6968482826e-02	4.6968482826e-02	4.9905217176e-02	5.1461931490e-02	
342	0.0	9.7362366139e-03	1.3674794289e-02	4.6475266803e-03	4.6475266803e-03	4.6475266803e-03	4.6475266803e-03	-2.6210560894e-03	-2.6210560894e-03	-2.6210560894e-03	-2.6210560894e-03	-1.4101634324e-02	-1.4101634324e-02	-1.4101634324e-02	-1.4101634324e-02	-2.0138314286e-02	-2.0138314286e-02	-2.0138314286e-02	-2.0138314286e-02	-2.5396046596e-02	-2.5396046596e-02	-2.5396046596e-02	-2.5985898089e-02	-2.9615342762e-02	-2.9615342762e-02	-2.9615342762e-02	-3.2562871771e-02	-3.2562871771e-02	-3.2562871771e-02	-3.2562871771e-02	-3.4047862041e-02	-3.4047862041e-02	-3.4047862041e-02	-3.4047862041e-02	-3.3924586357e-02	-3.3924586357e-02	-3.3924586357e-02	-3.3924586357e-02	-3.2139677245e-02	-3.2139677245e-02	-3.2139677245e-02	-3.2139677245e-02	-2.8754518815e-02	-2.8754518815e-02	-2.8754518815e-02	-2.4276397866e-02	-2.3997534793e-02	-2.3997534793e-02	-2.3997534793e-02	-1.8304352812e-02	-1.8304352812e-02	-1.8304352812e-02	-1.8304352812e-02	-1.2327348855e-02	-1.2327348855e-02	-1.2327348855e-02	-7.2914065953e-03	-6.5988291331e-03	-6.5988291331e-03	-6.5988291331e-03	-6.5988291331e-03	4.7959636787e-03	4.7959636787e-03	4.7959636787e-03	4.7959636787e-03	1.0819424914e-02	1.0819424914e-02	1.0819424914e-02	1.5212489014e-02	1.6319126983e-02	1.6319126983e-02	1.6319126983e-02	2.1089505283e-02	2.1089505283e-02	2.1089505283e-02	2.4426291681e-02	2.4426291681e-02	2.6287434583e-02	2.6287434583e-02	2.6287434583e-02	3.1783316220e-02	3.2884284974e-02	3.2884284974e-02	3.2884284974e-02	3.5402787254e-02	3.6682775061e-02	3.6682775061e-02	3.8769187750e-02	4.0116347598e-02	4.0116347598e-02	4.0116347598e-02	4.1740841430e-02	4.3088824738e-02	4.3088824738e-02	4.5382017712e-02	4.5382017712e-02	4.6968469178e-02	4.6968469178e-02	4.6968469178e-02	4.9905202351e-02	5.1461917332e-02	
343	0.0	9.7362188567e-03	1.3674779666e-02	4.6474944777e-03	4.6474944777e-03	4.6474944777e-03	4.6474944777e-03	-2.6210990885e-03	-2.6210990885e-03	-2.6210990885e-03	-2.6210990885e-03	-1.4101691551e-02	-1.4101691551e-02	-1.4101691551e-02	-1.4101691551e-02	-2.0138376097e-02	-2.0138376097e-02	-2.0138376097e-02	-2.0138376097e-02	-2.5396112431e-02	-2.5396112431e-02	-2.5396112431e-02	-2.5985964468e-02	-2.9615411659e-02	-2.9615411659e-02	-2.9615411659e-02	-3.2562942766e-02	-3.2562942766e-02	-3.2562942766e-02	-3.2562942766e-02	-3.4047934098e-02	-3.4047934098e-02	-3.4047934098e-02	-3.4047934098e-02	-3.3924658351e-02	-3.3924658351e-02	-3.3924658351e-02	-3.3924658351e-02	-3.2139748005e-02	-3.2139748005e-02	-3.2139748005e-02	-3.2139748005e-02	-2.8754587172e-02	-2.8754587172e-02	-2.8754587172e-02	-2.4276462859e-02	-2.3997599627e-02	-2.3997599627e-02	-2.3997599627e-02	-1.8304413193e-02	-1.8304413193e-02	-1.8304413193e-02	-1.8304413193e-02	-1.2327404443e-02	-1.2327404443e-02	-1.2327404443e-02	-7.2914581882e-03	-6.5988803007e-03	-6.5988803007e-03	-6.5988803007e-03	-6.5988803007e-03	4.7959225634e-03	4.7959225634e-03	4.7959225634e-03	4.7959225634e-03	1.0819388750e-02	1.0819388750e-02	1.0819388750e-02	1.5212456511e-02	1.6319095189e-02	1.6319095189e-02	1.6319095189e-02	2.1089477279e-02	2.1089477279e-02	2.1089477279e-02	2.4426266466e-02	2.4426266466e-02	2.6287410871e-02	2.6287410871e-02	2.6287410871e-02	3.1783296434e-02	3.2884265475e-02	3.2884265475e-02	3.2884265475e-02	3.5402769362e-02	3.6682757490e-02	3.6682757490e-02	3.8769171280e-02	4.0116331519e-02	4.0116331519e-02	4.0116331519e-02	4.1740826069e-02	4.3088809833e-02	4.3088809833e-02	4.5382003460e-02	4.5382003460e-02	4.6968455518e-02	4.6968455518e-02	4.6968455518e-02	4.9905187546e-02	5.1461903174e-02	
344	0.0	9.7362014385e-03	1.3674765324e-02	4.6474628951e-03	4.6474628951e-03	4.6474628951e-03	4.6474628951e-03	-2.6211412573e-03	-2.6211412573e-03	-2.6211412573e-03	-2.6211412573e-03	-1.4101747670e-02	-1.4101747670e-02	-1.4101747670e-02	-1.4101747670e-02	-2.0138436706e-02	-2.0138436706e-02	-2.0138436706e-02	-2.0138436706e-02	-2.5396176980e-02	-2.5396176980e-02	-2.5396176980e-02	-2.5986029549e-02	-2.9615479208e-02	-2.9615479208e-02	-2.9615479208e-02	-3.2563012369e-02	-3.2563012369e-02	-3.2563012369e-02	-3.2563012369e-02	-3.4048004741e-02	-3.4048004741e-02	-3.4048004741e-02	-3.4048004741e-02	-3.3924728931e-02	-3.3924728931e-02	-3.3924728931e-02	-3.3924728931e-02	-3.2139817376e-02	-3.2139817376e-02	-3.2139817376e-02	-3.2139817376e-02	-2.8754654192e-02	-2.8754654192e-02	-2.8754654192e-02	-2.4276526586e-02	-2.3997663199e-02	-2.3997663199e-02	-2.3997663199e-02	-1.8304472412e-02	-1.8304472412e-02	-1.8304472412e-02	-1.8304472412e-02	-1.2327458981e-02	-1.2327458981e-02	-1.2327458981e-02	-7.2915088267e-03	-6.5989305225e-03	-6.5989305225e-03	-6.5989305225e-03	-6.5989305225e-03	4.7958821608e-03	4.7958821608e-03	4.7958821608e-03	4.7958821608e-03	1.0819353181e-02	1.0819353181e-02	1.0819353181e-02	1.5212424511e-02	1.6319063882e-02	1.6319063882e-02	1.6319063882e-02	2.1089449668e-02	2.1089449668e-02	2.1089449668e-02	2.4426241570e-02	2.4426241570e-02	2.6287387449e-02	2.6287387449e-02	2.6287387449e-02	3.1783276834e-02	3.2884246155e-02	3.2884246155e-02	3.2884246155e-02	3.5402751605e-02	3.6682740044e-02	3.6682740044e-02	3.8769154904e-02	4.0116315523e-02	4.0116315523e-02	4.0116315523e-02	4.1740810769e-02	4.3088794976e-02	4.3088794976e-02	4.5381989236e-02	4.5381989236e-02	4.6968441869e-02	4.6968441869e-02	4.6968441869e-02	4.9905172782e-02	5.1461889037e-02	
345	0.0	9.7361843579e-03	1.3674751259e-02	4.6474319292e-03	4.6474319292e-03	4.6474319292e-03	4.6474319292e-03	-2.6211826005e-03	-2.6211826005e-03	-2.6211826005e-03	-2.6211826005e-03	-1.4101802687e-02	-1.4101802687e-02	-1.4101802687e-02	-1.4101802687e-02	-2.0138496119e-02	-2.0138496119e-02	-2.0138496119e-02	-2.0138496119e-02	-2.5396240252e-02	-2.5396240252e-02	-2.5396240252e-02	-2.5986093342e-02	-2.9615545417e-02	-2.9615545417e-02	-2.9615545417e-02	-3.2563080589e-02	-3.2563080589e-02	-3.2563080589e-02	-3.2563080589e-02	-3.4048073980e-02	-3.4048073980e-02	-3.4048073980e-02	-3.4048073980e-02	-3.3924798109e-02	-3.3924798109e-02	-3.3924798109e-02	-3.3924798109e-02	-3.2139885370e-02	-3.2139885370e-02	-3.2139885370e-02	-3.2139885370e-02	-2.8754719884e-02	-2.8754719884e-02	-2.8754719884e-02	-2.4276589056e-02	-2.3997725517e-02	-2.3997725517e-02	-2.3997725517e-02	-1.8304530474e-02	-1.8304530474e-02	-1.8304530474e-02	-1.8304530474e-02	-1.2327512470e-02	-1.2327512470e-02	-1.2327512470e-02	-7.2915585097e-03	-6.5989797975e-03	-6.5989797975e-03	-6.5989797975e-03	-6.5989797975e-03	4.7958424786e-03	4.7958424786e-03	4.7958424786e-03	4.7958424786e-03	1.0819318217e-02	1.0819318217e-02	1.0819318217e-02	1.5212393026e-02	1.6319033076e-02	1.6319033076e-02	1.6319033076e-02	2.1089422465e-02	2.1089422465e-02	2.1089422465e-02	2.4426217010e-02	2.4426217010e-02	2.6287364333e-02	2.6287364333e-02	2.6287364333e-02	3.1783257443e-02	3.2884227034e-02	3.2884227034e-02	3.2884227034e-02	3.5402734005e-02	3.6682722746e-02	3.6682722746e-02	3.8769138645e-02	4.0116299633e-02	4.0116299633e-02	4.0116299633e-02	4.1740795554e-02	4.3088780191e-02	4.3088780191e-02	4.5381975065e-02	4.5381975065e-02	4.6968428257e-02	4.6968428257e-02	4.6968428257e-02	4.9905158084e-02	5.1461874945e-02	
346	0.0	9.7361676135e-03	1.3674737471e-02	4.6474015772e-03	4.6474015772e-03	4.6474015772e-03	4.6474015772e-03	-2.6212231220e-03	-2.6212231220e-03	-2.6212231220e-03	-2.6212231220e-03	-1.4101856607e-02	-1.4101856607e-02	-1.4101856607e-02	-1.4101856607e-02	-2.0138554343e-02	-2.0138554343e-02	-2.0138554343e-02	-2.0138554343e-02	-2.5396302255e-02	-2.5396302255e-02	-2.5396302255e-02	-2.5986155855e-02	-2.9615610295e-02	-2.9615610295e-02	-2.9615610295e-02	-3.2563147437e-02	-3.2563147437e-02	-3.2563147437e-02	-3.2563147437e-02	-3.4048141824e-02	-3.4048141824e-02	-3.4048141824e-02	-3.4048141824e-02	-3.3924865892e-02	-3.3924865892e-02	-3.3924865892e-02	-3.3924865892e-02	-3.2139951995e-02	-3.2139951995e-02	-3.2139951995e-02	-3.2139951995e-02	-2.8754784254e-02	-2.8754784254e-02	-2.8754784254e-02	-2.4276650274e-02	-2.3997786587e-02	-2.3997786587e-02	-2.3997786587e-02	-1.8304587382e-02	-1.8304587382e-02	-1.8304587382e-02	-1.8304587382e-02	-1.2327564911e-02	-1.2327564911e-02	-1.2327564911e-02	-7.2916072361e-03	-6.5990281244e-03	-6.5990281244e-03	-6.5990281244e-03	-6.5990281244e-03	4.7958035241e-03	4.7958035241e-03	4.7958035241e-03	4.7958035241e-03	1.0819283870e-02	1.0819283870e-02	1.0819283870e-02	1.5212362068e-02	1.6319002785e-02	1.6319002785e-02	1.6319002785e-02	2.1089395687e-02	2.1089395687e-02	2.1089395687e-02	2.4426192805e-02	2.4426192805e-02	2.6287341543e-02	2.6287341543e-02	2.6287341543e-02	3.1783238279e-02	3.2884208134e-02	3.2884208134e-02	3.2884208134e-02	3.5402716583e-02	3.6682705616e-02	3.6682705616e-02	3.8769122524e-02	4.0116283871e-02	4.0116283871e-02	4.0116283871e-02	4.1740780447e-02	4.3088765501e-02	4.3088765501e-02	4.5381960971e-02	4.5381960971e-02	4.6968414703e-02	4.6968414703e-02	4.6968414703e-02	4.9905143473e-02	5.1461860921e-02	
347	0.0	9.7361512040e-03	1.3674723959e-02	4.6473718362e-03	4.6473718362e-03	4.6473718362e-03	4.6473718362e-03	-2.6212628260e-03	-2.6212628260e-03	-2.6212628260e-03	-2.6212628260e-03	-1.4101909437e-02	-1.4101909437e-02	-1.4101909437e-02	-1.4101909437e-02	-2.0138611385e-02	-2.0138611385e-02	-2.0138611385e-02	-2.0138611385e-02	-2.5396362995e-02	-2.5396362995e-02	-2.5396362995e-02	-2.5986217095e-02	-2.9615673851e-02	-2.9615673851e-02	-2.9615673851e-02	-3.2563212920e-02	-3.2563212920e-02	-3.2563212920e-02	-3.2563212920e-02	-3.4048208283e-02	-3.4048208283e-02	-3.4048208283e-02	-3.4048208283e-02	-3.3924932292e-02	-3.3924932292e-02	-3.3924932292e-02	-3.3924932292e-02	-3.2140017259e-02	-3.2140017259e-02	-3.2140017259e-02	-3.2140017259e-02	-2.8754847312e-02	-2.8754847312e-02	-2.8754847312e-02	-2.4276710247e-02	-2.3997846414e-02	-2.3997846414e-02	-2.3997846414e-02	-1.8304643141e-02	-1.8304643141e-02	-1.8304643141e-02	-1.8304643141e-02	-1.2327616307e-02	-1.2327616307e-02	-1.2327616307e-02	-7.2916550050e-03	-6.5990755022e-03	-6.5990755022e-03	-6.5990755022e-03	-6.5990755022e-03	4.7957653043e-03	4.7957653043e-03	4.7957653043e-03	4.7957653043e-03	1.0819250148e-02	1.0819250148e-02	1.0819250148e-02	1.5212331652e-02	1.6318973019e-02	1.6318973019e-02	1.6318973019e-02	2.1089369347e-02	2.1089369347e-02	2.1089369347e-02	2.4426168970e-02	2.4426168970e-02	2.6287319095e-02	2.6287319095e-02	2.6287319095e-02	3.1783219363e-02	3.2884189472e-02	3.2884189472e-02	3.2884189472e-02	3.5402699360e-02	3.6682688677e-02	3.6682688677e-02	3.8769106565e-02	4.0116268260e-02	4.0116268260e-02	4.0116268260e-02	4.1740765469e-02	4.3088750929e-02	4.3088750929e-02	4.5381946976e-02	4.5381946976e-02	4.6968401232e-02	4.6968401232e-02	4.6968401232e-02	4.9905128971e-02	5.1461846987e-02	
348	0.0	9.7361351280e-03	1.3674710722e-02	4.6473427033e-03	4.6473427033e-03	4.6473427033e-03	4.6473427033e-03	-2.6213017166e-03	-2.6213017166e-03	-2.6213017166e-03	-2.6213017166e-03	-1.4101961182e-02	-1.4101961182e-02	-1.4101961182e-02	-1.4101961182e-02	-2.0138667253e-02	-2.0138667253e-02	-2.0138667253e-02	-2.0138667253e-02	-2.5396422483e-02	-2.5396422483e-02	-2.5396422483e-02	-2.5986277071e-02	-2.9615736093e-02	-2.9615736093e-02	-2.9615736093e-02	-3.2563277047e-02	-3.2563277047e-02	-3.2563277047e-02	-3.2563277047e-02	-3.4048273365e-02	-3.4048273365e-02	-3.4048273365e-02	-3.4048273365e-02	-3.3924997316e-02	-3.3924997316e-02	-3.3924997316e-02	-3.3924997316e-02	-3.2140081171e-02	-3.2140081171e-02	-3.2140081171e-02	-3.2140081171e-02	-2.8754909065e-02	-2.8754909065e-02	-2.8754909065e-02	-2.4276768982e-02	-2.3997905007e-02	-2.3997905007e-02	-2.3997905007e-02	-1.8304697756e-02	-1.8304697756e-02	-1.8304697756e-02	-1.8304697756e-02	-1.2327666659e-02	-1.2327666659e-02	-1.2327666659e-02	-7.2917018160e-03	-6.5991219306e-03	-6.5991219306e-03	-6.5991219306e-03	-6.5991219306e-03	4.7957278252e-03	4.7957278252e-03	4.7957278252e-03	4.7957278252e-03	1.0819217061e-02	1.0819217061e-02	1.0819217061e-02	1.5212301787e-02	1.6318943792e-02	1.6318943792e-02	1.6318943792e-02	2.1089343459e-02	2.1089343459e-02	2.1089343459e-02	2.4426145522e-02	2.4426145522e-02	2.6287297006e-02	2.6287297006e-02	2.6287297006e-02	3.1783200714e-02	3.2884171070e-02	3.2884171070e-02	3.2884171070e-02	3.5402682357e-02	3.6682671949e-02	3.6682671949e-02	3.8769090787e-02	4.0116252819e-02	4.0116252819e-02	4.0116252819e-02	4.1740750643e-02	4.3088736497e-02	4.3088736497e-02	4.5381933101e-02	4.5381933101e-02	4.6968387867e-02	4.6968387867e-02	4.6968387867e-02	4.9905114598e-02	5.1461833165e-02	
349	0.0	9.7361193838e-03	1.3674697758e-02	4.6473141749e-03	4.6473141749e-03	4.6473141749e-03	4.6473141749e-03	-2.6213397988e-03	-2.6213397988e-03	-2.6213397988e-03	-2.6213397988e-03	-1.4102011850e-02	-1.4102011850e-02	-1.4102011850e-02	-1.4102011850e-02	-2.0138721954e-02	-2.0138721954e-02	-2.0138721954e-02	-2.0138721954e-02	-2.5396480725e-02	-2.5396480725e-02	-2.5396480725e-02	-2.5986335790e-02	-2.9615797030e-02	-2.9615797030e-02	-2.9615797030e-02	-3.2563339830e-02	-3.2563339830e-02	-3.2563339830e-02	-3.2563339830e-02	-3.4048337082e-02	-3.4048337082e-02	-3.4048337082e-02	-3.4048337082e-02	-3.3925060975e-02	-3.3925060975e-02	-3.3925060975e-02	-3.3925060975e-02	-3.2140143743e-02	-3.2140143743e-02	-3.2140143743e-02	-3.2140143743e-02	-2.8754969522e-02	-2.8754969522e-02	-2.8754969522e-02	-2.4276826486e-02	-2.3997962372e-02	-2.3997962372e-02	-2.3997962372e-02	-1.8304751232e-02	-1.8304751232e-02	-1.8304751232e-02	-1.8304751232e-02	-1.2327715970e-02	-1.2327715970e-02	-1.2327715970e-02	-7.2917476697e-03	-6.5991674099e-03	-6.5991674099e-03	-6.5991674099e-03	-6.5991674099e-03	4.7956910921e-03	4.7956910921e-03	4.7956910921e-03	4.7956910921e-03	1.0819184617e-02	1.0819184617e-02	1.0819184617e-02	1.5212272484e-02	1.6318915113e-02	1.6318915113e-02	1.6318915113e-02	2.1089318037e-02	2.1089318037e-02	2.1089318037e-02	2.4426122476e-02	2.4426122476e-02	2.6287275290e-02	2.6287275290e-02	2.6287275290e-02	3.1783182350e-02	3.2884152945e-02	3.2884152945e-02	3.2884152945e-02	3.5402665593e-02	3.6682655451e-02	3.6682655451e-02	3.8769075211e-02	4.0116237571e-02	4.0116237571e-02	4.0116237571e-02	4.1740735989e-02	4.3088722225e-02	4.3088722225e-02	4.5381919370e-02	4.5381919370e-02	4.6968374628e-02	4.6968374628e-02	4.6968374628e-02	4.9905100377e-02	5.1461819477e-02	
350	0.0	9.7361039698e-03	1.3674685065e-02	4.6472862478e-03	4.6472862478e-03	4.6472862478e-03	4.6472862478e-03	-2.6213770771e-03	-2.6213770771e-03	-2.6213770771e-03	-2.6213770771e-03	-1.4102061448e-02	-1.4102061448e-02	-1.4102061448e-02	-1.4102061448e-02	-2.0138775495e-02	-2.0138775495e-02	-2.0138775495e-02	-2.0138775495e-02	-2.5396537731e-02	-2.5396537731e-02	-2.5396537731e-02	-2.5986393263e-02	-2.9615856672e-02	-2.9615856672e-02	-2.9615856672e-02	-3.2563401278e-02	-3.2563401278e-02	-3.2563401278e-02	-3.2563401278e-02	-3.4048399443e-02	-3.4048399443e-02	-3.4048399443e-02	-3.4048399443e-02	-3.3925123279e-02	-3.3925123279e-02	-3.3925123279e-02	-3.3925123279e-02	-3.2140204982e-02	-3.2140204982e-02	-3.2140204982e-02	-3.2140204982e-02	-2.8755028693e-02	-2.8755028693e-02	-2.8755028693e-02	-2.4276882768e-02	-2.3998018518e-02	-2.3998018518e-02	-2.3998018518e-02	-1.8304803575e-02	-1.8304803575e-02	-1.8304803575e-02	-1.8304803575e-02	-1.2327764244e-02	-1.2327764244e-02	-1.2327764244e-02	-7.2917925669e-03	-6.5992119411e-03	-6.5992119411e-03	-6.5992119411e-03	-6.5992119411e-03	4.7956551096e-03	4.7956551096e-03	4.7956551096e-03	4.7956551096e-03	1.0819152824e-02	1.0819152824e-02	1.0819152824e-02	1.5212243753e-02	1.6318886993e-02	1.6318886993e-02	1.6318886993e-02	2.1089293093e-02	2.1089293093e-02	2.1089293093e-02	2.4426099845e-02	2.4426099845e-02	2.6287253962e-02	2.6287253962e-02	2.6287253962e-02	3.1783164288e-02	3.2884135113e-02	3.2884135113e-02	3.2884135113e-02	3.5402649086e-02	3.6682639201e-02	3.6682639201e-02	3.8769059857e-02	4.0116222534e-02	4.0116222534e-02	4.0116222534e-02	4.1740721528e-02	4.3088708135e-02	4.3088708135e-02	4.5381905803e-02	4.5381905803e-02	4.6968361539e-02	4.6968361539e-02	4.6968361539e-02	4.9905086327e-02	5.1461805942e-02	
351	0.0	9.7360888841e-03	1.3674672642e-02	4.6472589180e-03	4.6472589180e-03	4.6472589180e-03	4.6472589180e-03	-2.6214135569e-03	-2.6214135569e-03	-2.6214135569e-03	-2.6214135569e-03	-1.4102109982e-02	-1.4102109982e-02	-1.4102109982e-02	-1.4102109982e-02	-2.0138827887e-02	-2.0138827887e-02	-2.0138827887e-02	-2.0138827887e-02	-2.5396593511e-02	-2.5396593511e-02	-2.5396593511e-02	-2.5986449499e-02	-2.9615915030e-02	-2.9615915030e-02	-2.9615915030e-02	-3.2563461401e-02	-3.2563461401e-02	-3.2563461401e-02	-3.2563461401e-02	-3.4048460459e-02	-3.4048460459e-02	-3.4048460459e-02	-3.4048460459e-02	-3.3925184239e-02	-3.3925184239e-02	-3.3925184239e-02	-3.3925184239e-02	-3.2140264900e-02	-3.2140264900e-02	-3.2140264900e-02	-3.2140264900e-02	-2.8755086586e-02	-2.8755086586e-02	-2.8755086586e-02	-2.4276937835e-02	-2.3998073452e-02	-2.3998073452e-02	-2.3998073452e-02	-1.8304854792e-02	-1.8304854792e-02	-1.8304854792e-02	-1.8304854792e-02	-1.2327811484e-02	-1.2327811484e-02	-1.2327811484e-02	-7.2918365094e-03	-6.5992555257e-03	-6.5992555257e-03	-6.5992555257e-03	-6.5992555257e-03	4.7956198812e-03	4.7956198812e-03	4.7956198812e-03	4.7956198812e-03	1.0819121686e-02	1.0819121686e-02	1.0819121686e-02	1.5212215603e-02	1.6318859440e-02	1.6318859440e-02	1.6318859440e-02	2.1089268637e-02	2.1089268637e-02	2.1089268637e-02	2.4426077643e-02	2.4426077643e-02	2.6287233035e-02	2.6287233035e-02	2.6287233035e-02	3.1783146543e-02	3.2884117592e-02	3.2884117592e-02	3.2884117592e-02	3.5402632853e-02	3.6682623217e-02	3.6682623217e-02	3.8769044742e-02	4.0116207727e-02	4.0116207727e-02	4.0116207727e-02	4.1740707279e-02	4.3088694245e-02	4.3088694245e-02	4.5381892418e-02	4.5381892418e-02	4.6968348617e-02	4.6968348617e-02	4.6968348617e-02	4.9905072467e-02	5.1461792580e-02	
352	0.0	9.7360741248e-03	1.3674660488e-02	4.6472321817e-03	4.6472321817e-03	4.6472321817e-03	4.6472321817e-03	-2.6214492438e-03	-2.6214492438e-03	-2.6214492438e-03	-2.6214492438e-03	-1.4102157460e-02	-1.4102157460e-02	-1.4102157460e-02	-1.4102157460e-02	-2.0138879136e-02	-2.0138879136e-02	-2.0138879136e-02	-2.0138879136e-02	-2.5396648073e-02	-2.5396648073e-02	-2.5396648073e-02	-2.5986504506e-02	-2.9615972113e-02	-2.9615972113e-02	-2.9615972113e-02	-3.2563520210e-02	-3.2563520210e-02	-3.2563520210e-02	-3.2563520210e-02	-3.4048520141e-02	-3.4048520141e-02	-3.4048520141e-02	-3.4048520141e-02	-3.3925243866e-02	-3.3925243866e-02	-3.3925243866e-02	-3.3925243866e-02	-3.2140323507e-02	-3.2140323507e-02	-3.2140323507e-02	-3.2140323507e-02	-2.8755143213e-02	-2.8755143213e-02	-2.8755143213e-02	-2.4276991697e-02	-2.3998127184e-02	-2.3998127184e-02	-2.3998127184e-02	-1.8304904889e-02	-1.8304904889e-02	-1.8304904889e-02	-1.8304904889e-02	-1.2327857696e-02	-1.2327857696e-02	-1.2327857696e-02	-7.2918794999e-03	-6.5992981663e-03	-6.5992981663e-03	-6.5992981663e-03	-6.5992981663e-03	4.7955854093e-03	4.7955854093e-03	4.7955854093e-03	4.7955854093e-03	1.0819091210e-02	1.0819091210e-02	1.0819091210e-02	1.5212188041e-02	1.6318832461e-02	1.6318832461e-02	1.6318832461e-02	2.1089244679e-02	2.1089244679e-02	2.1089244679e-02	2.4426055881e-02	2.4426055881e-02	2.6287212521e-02	2.6287212521e-02	2.6287212521e-02	3.1783129130e-02	3.2884100396e-02	3.2884100396e-02	3.2884100396e-02	3.5402616910e-02	3.6682607515e-02	3.6682607515e-02	3.8769029884e-02	4.0116193166e-02	4.0116193166e-02	4.0116193166e-02	4.1740693259e-02	4.3088680574e-02	4.3088680574e-02	4.5381879236e-02	4.5381879236e-02	4.6968335883e-02	4.6968335883e-02	4.6968335883e-02	4.9905058815e-02	5.1461779411e-02	
353	0.0	9.7360596895e-03	1.3674648600e-02	4.6472060341e-03	4.6472060341e-03	4.6472060341e-03	4.6472060341e-03	-2.6214841439e-03	-2.6214841439e-03	-2.6214841439e-03	-2.6214841439e-03	-1.4102203892e-02	-1.4102203892e-02	-1.4102203892e-02	-1.4102203892e-02	-2.0138929253e-02	-2.0138929253e-02	-2.0138929253e-02	-2.0138929253e-02	-2.5396701429e-02	-2.5396701429e-02	-2.5396701429e-02	-2.5986558298e-02	-2.9616027933e-02	-2.9616027933e-02	-2.9616027933e-02	-3.2563577717e-02	-3.2563577717e-02	-3.2563577717e-02	-3.2563577717e-02	-3.4048578502e-02	-3.4048578502e-02	-3.4048578502e-02	-3.4048578502e-02	-3.3925302173e-02	-3.3925302173e-02	-3.3925302173e-02	-3.3925302173e-02	-3.2140380816e-02	-3.2140380816e-02	-3.2140380816e-02	-3.2140380816e-02	-2.8755198584e-02	-2.8755198584e-02	-2.8755198584e-02	-2.4277044364e-02	-2.3998179724e-02	-2.3998179724e-02	-2.3998179724e-02	-1.8304953875e-02	-1.8304953875e-02	-1.8304953875e-02	-1.8304953875e-02	-1.2327902884e-02	-1.2327902884e-02	-1.2327902884e-02	-7.2919215419e-03	-6.5993398665e-03	-6.5993398665e-03	-6.5993398665e-03	-6.5993398665e-03	4.7955516952e-03	4.7955516952e-03	4.7955516952e-03	4.7955516952e-03	1.0819061399e-02	1.0819061399e-02	1.0819061399e-02	1.5212161072e-02	1.6318806064e-02	1.6318806064e-02	1.6318806064e-02	2.1089221228e-02	2.1089221228e-02	2.1089221228e-02	2.4426034570e-02	2.4426034570e-02	2.6287192431e-02	2.6287192431e-02	2.6287192431e-02	3.1783112063e-02	3.2884083538e-02	3.2884083538e-02	3.2884083538e-02	3.5402601272e-02	3.6682592110e-02	3.6682592110e-02	3.8769015298e-02	4.0116178869e-02	4.0116178869e-02	4.0116178869e-02	4.1740679485e-02	4.3088667138e-02	4.3088667138e-02	4.5381866273e-02	4.5381866273e-02	4.6968323355e-02	4.6968323355e-02	4.6968323355e-02	4.9905045388e-02	5.1461766450e-02	
354	0.0	9.7360455757e-03	1.3674636977e-02	4.6471804706e-03	4.6471804706e-03	4.6471804706e-03	4.6471804706e-03	-2.6215182640e-03	-2.6215182640e-03	-2.6215182640e-03	-2.6215182640e-03	-1.4102249285e-02	-1.4102249285e-02	-1.4102249285e-02	-1.4102249285e-02	-2.0138978249e-02	-2.0138978249e-02	-2.0138978249e-02	-2.0138978249e-02	-2.5396753590e-02	-2.5396753590e-02	-2.5396753590e-02	-2.5986610883e-02	-2.9616082502e-02	-2.9616082502e-02	-2.9616082502e-02	-3.2563633936e-02	-3.2563633936e-02	-3.2563633936e-02	-3.2563633936e-02	-3.4048635555e-02	-3.4048635555e-02	-3.4048635555e-02	-3.4048635555e-02	-3.3925359173e-02	-3.3925359173e-02	-3.3925359173e-02	-3.3925359173e-02	-3.2140436839e-02	-3.2140436839e-02	-3.2140436839e-02	-3.2140436839e-02	-2.8755252712e-02	-2.8755252712e-02	-2.8755252712e-02	-2.4277095847e-02	-2.3998231083e-02	-2.3998231083e-02	-2.3998231083e-02	-1.8305001758e-02	-1.8305001758e-02	-1.8305001758e-02	-1.8305001758e-02	-1.2327947056e-02	-1.2327947056e-02	-1.2327947056e-02	-7.2919626400e-03	-6.5993806306e-03	-6.5993806306e-03	-6.5993806306e-03	-6.5993806306e-03	4.7955187393e-03	4.7955187393e-03	4.7955187393e-03	4.7955187393e-03	1.0819032256e-02	1.0819032256e-02	1.0819032256e-02	1.5212134703e-02	1.6318780252e-02	1.6318780252e-02	1.6318780252e-02	2.1089198291e-02	2.1089198291e-02	2.1089198291e-02	2.4426013718e-02	2.4426013718e-02	2.6287172773e-02	2.6287172773e-02	2.6287172773e-02	3.1783095352e-02	3.2884067031e-02	3.2884067031e-02	3.2884067031e-02	3.5402585951e-02	3.6682577015e-02	3.6682577015e-02	3.8769000998e-02	4.0116164849e-02	4.0116164849e-02	4.0116164849e-02	4.1740665972e-02	4.3088653953e-02	4.3088653953e-02	4.5381853545e-02	4.5381853545e-02	4.6968311048e-02	4.6968311048e-02	4.6968311048e-02	4.9905032201e-02	5.1461753715e-02	
355	0.0	9.7360317809e-03	1.3674625615e-02	4.6471554859e-03	4.6471554859e-03	4.6471554859e-03	4.6471554859e-03	-2.6215516111e-03	-2.6215516111e-03	-2.6215516111e-03	-2.6215516111e-03	-1.4102293651e-02	-1.4102293651e-02	-1.4102293651e-02	-1.4102293651e-02	-2.0139026134e-02	-2.0139026134e-02	-2.0139026134e-02	-2.0139026134e-02	-2.5396804568e-02	-2.5396804568e-02	-2.5396804568e-02	-2.5986662276e-02	-2.9616135833e-02	-2.9616135833e-02	-2.9616135833e-02	-3.2563688879e-02	-3.2563688879e-02	-3.2563688879e-02	-3.2563688879e-02	-3.4048691313e-02	-3.4048691313e-02	-3.4048691313e-02	-3.4048691313e-02	-3.3925414878e-02	-3.3925414878e-02	-3.3925414878e-02	-3.3925414878e-02	-3.2140491589e-02	-3.2140491589e-02	-3.2140491589e-02	-3.2140491589e-02	-2.8755305608e-02	-2.8755305608e-02	-2.8755305608e-02	-2.4277146156e-02	-2.3998281271e-02	-2.3998281271e-02	-2.3998281271e-02	-1.8305048548e-02	-1.8305048548e-02	-1.8305048548e-02	-1.8305048548e-02	-1.2327990219e-02	-1.2327990219e-02	-1.2327990219e-02	-7.2920027997e-03	-6.5994204641e-03	-6.5994204641e-03	-6.5994204641e-03	-6.5994204641e-03	4.7954865405e-03	4.7954865405e-03	4.7954865405e-03	4.7954865405e-03	1.0819003783e-02	1.0819003783e-02	1.0819003783e-02	1.5212108936e-02	1.6318755030e-02	1.6318755030e-02	1.6318755030e-02	2.1089175873e-02	2.1089175873e-02	2.1089175873e-02	2.4425993333e-02	2.4425993333e-02	2.6287153557e-02	2.6287153557e-02	2.6287153557e-02	3.1783079010e-02	3.2884050884e-02	3.2884050884e-02	3.2884050884e-02	3.5402570960e-02	3.6682562242e-02	3.6682562242e-02	3.8768986997e-02	4.0116151120e-02	4.0116151120e-02	4.0116151120e-02	4.1740652733e-02	4.3088641033e-02	4.3088641033e-02	4.5381841066e-02	4.5381841066e-02	4.6968298977e-02	4.6968298977e-02	4.6968298977e-02	4.9905019268e-02	5.1461741221e-02	
356	0.0	9.7360183020e-03	1.3674614514e-02	4.6471310743e-03	4.6471310743e-03	4.6471310743e-03	4.6471310743e-03	-2.6215841930e-03	-2.6215841930e-03	-2.6215841930e-03	-2.6215841930e-03	-1.4102336999e-02	-1.4102336999e-02	-1.4102336999e-02	-1.4102336999e-02	-2.0139072920e-02	-2.0139072920e-02	-2.0139072920e-02	-2.0139072920e-02	-2.5396854375e-02	-2.5396854375e-02	-2.5396854375e-02	-2.5986712488e-02	-2.9616187939e-02	-2.9616187939e-02	-2.9616187939e-02	-3.2563742560e-02	-3.2563742560e-02	-3.2563742560e-02	-3.2563742560e-02	-3.4048745790e-02	-3.4048745790e-02	-3.4048745790e-02	-3.4048745790e-02	-3.3925469303e-02	-3.3925469303e-02	-3.3925469303e-02	-3.3925469303e-02	-3.2140545080e-02	-3.2140545080e-02	-3.2140545080e-02	-3.2140545080e-02	-2.8755357287e-02	-2.8755357287e-02	-2.8755357287e-02	-2.4277195304e-02	-2.3998330301e-02	-2.3998330301e-02	-2.3998330301e-02	-1.8305094255e-02	-1.8305094255e-02	-1.8305094255e-02	-1.8305094255e-02	-1.2328032381e-02	-1.2328032381e-02	-1.2328032381e-02	-7.2920420276e-03	-6.5994593735e-03	-6.5994593735e-03	-6.5994593735e-03	-6.5994593735e-03	4.7954550966e-03	4.7954550966e-03	4.7954550966e-03	4.7954550966e-03	1.0818975979e-02	1.0818975979e-02	1.0818975979e-02	1.5212083774e-02	1.6318730400e-02	1.6318730400e-02	1.6318730400e-02	2.1089153979e-02	2.1089153979e-02	2.1089153979e-02	2.4425973422e-02	2.4425973422e-02	2.6287134788e-02	2.6287134788e-02	2.6287134788e-02	3.1783063044e-02	3.2884035108e-02	3.2884035108e-02	3.2884035108e-02	3.5402556309e-02	3.6682547801e-02	3.6682547801e-02	3.8768973307e-02	4.0116137692e-02	4.0116137692e-02	4.0116137692e-02	4.1740639782e-02	4.3088628390e-02	4.3088628390e-02	4.5381828850e-02	4.5381828850e-02	4.6968287157e-02	4.6968287157e-02	4.6968287157e-02	4.9905006603e-02	5.1461728980e-02	
357	0.0	9.7360051357e-03	1.3674603669e-02	4.6471072296e-03	4.6471072296e-03	4.6471072296e-03	4.6471072296e-03	-2.6216160180e-03	-2.6216160180e-03	-2.6216160180e-03	-2.6216160180e-03	-1.4102379341e-02	-1.4102379341e-02	-1.4102379341e-02	-1.4102379341e-02	-2.0139118619e-02	-2.0139118619e-02	-2.0139118619e-02	-2.0139118619e-02	-2.5396903025e-02	-2.5396903025e-02	-2.5396903025e-02	-2.5986761533e-02	-2.9616238835e-02	-2.9616238835e-02	-2.9616238835e-02	-3.2563794994e-02	-3.2563794994e-02	-3.2563794994e-02	-3.2563794994e-02	-3.4048799002e-02	-3.4048799002e-02	-3.4048799002e-02	-3.4048799002e-02	-3.3925522464e-02	-3.3925522464e-02	-3.3925522464e-02	-3.3925522464e-02	-3.2140597327e-02	-3.2140597327e-02	-3.2140597327e-02	-3.2140597327e-02	-2.8755407761e-02	-2.8755407761e-02	-2.8755407761e-02	-2.4277243305e-02	-2.3998378187e-02	-2.3998378187e-02	-2.3998378187e-02	-1.8305138892e-02	-1.8305138892e-02	-1.8305138892e-02	-1.8305138892e-02	-1.2328073552e-02	-1.2328073552e-02	-1.2328073552e-02	-7.2920803313e-03	-6.5994973663e-03	-6.5994973663e-03	-6.5994973663e-03	-6.5994973663e-03	4.7954244045e-03	4.7954244045e-03	4.7954244045e-03	4.7954244045e-03	1.0818948843e-02	1.0818948843e-02	1.0818948843e-02	1.5212059218e-02	1.6318706363e-02	1.6318706363e-02	1.6318706363e-02	2.1089132613e-02	2.1089132613e-02	2.1089132613e-02	2.4425953989e-02	2.4425953989e-02	2.6287116472e-02	2.6287116472e-02	2.6287116472e-02	3.1783047461e-02	3.2884019710e-02	3.2884019710e-02	3.2884019710e-02	3.5402542006e-02	3.6682533703e-02	3.6682533703e-02	3.8768959937e-02	4.0116124577e-02	4.0116124577e-02	4.0116124577e-02	4.1740627127e-02	4.3088616035e-02	4.3088616035e-02	4.5381816909e-02	4.5381816909e-02	4.6968275600e-02	4.6968275600e-02	4.6968275600e-02	4.9904994216e-02	5.1461717004e-02	
358	0.0	9.7359922788e-03	1.3674593078e-02	4.6470839455e-03	4.6470839455e-03	4.6470839455e-03	4.6470839455e-03	-2.6216470949e-03	-2.6216470949e-03	-2.6216470949e-03	-2.6216470949e-03	-1.4102420689e-02	-1.4102420689e-02	-1.4102420689e-02	-1.4102420689e-02	-2.0139163245e-02	-2.0139163245e-02	-2.0139163245e-02	-2.0139163245e-02	-2.5396950534e-02	-2.5396950534e-02	-2.5396950534e-02	-2.5986809426e-02	-2.9616288536e-02	-2.9616288536e-02	-2.9616288536e-02	-3.2563846197e-02	-3.2563846197e-02	-3.2563846197e-02	-3.2563846197e-02	-3.4048850965e-02	-3.4048850965e-02	-3.4048850965e-02	-3.4048850965e-02	-3.3925574376e-02	-3.3925574376e-02	-3.3925574376e-02	-3.3925574376e-02	-3.2140648347e-02	-3.2140648347e-02	-3.2140648347e-02	-3.2140648347e-02	-2.8755457048e-02	-2.8755457048e-02	-2.8755457048e-02	-2.4277290171e-02	-2.3998424941e-02	-2.3998424941e-02	-2.3998424941e-02	-1.8305182471e-02	-1.8305182471e-02	-1.8305182471e-02	-1.8305182471e-02	-1.2328113743e-02	-1.2328113743e-02	-1.2328113743e-02	-7.2921177194e-03	-6.5995344510e-03	-6.5995344510e-03	-6.5995344510e-03	-6.5995344510e-03	4.7953944595e-03	4.7953944595e-03	4.7953944595e-03	4.7953944595e-03	1.0818922373e-02	1.0818922373e-02	1.0818922373e-02	1.5212035266e-02	1.6318682919e-02	1.6318682919e-02	1.6318682919e-02	2.1089111776e-02	2.1089111776e-02	2.1089111776e-02	2.4425935038e-02	2.4425935038e-02	2.6287098612e-02	2.6287098612e-02	2.6287098612e-02	3.1783032269e-02	3.2884004695e-02	3.2884004695e-02	3.2884004695e-02	3.5402528059e-02	3.6682519954e-02	3.6682519954e-02	3.8768946895e-02	4.0116111783e-02	4.0116111783e-02	4.0116111783e-02	4.1740614780e-02	4.3088603979e-02	4.3088603979e-02	4.5381805251e-02	4.5381805251e-02	4.6968264315e-02	4.6968264315e-02	4.6968264315e-02	4.9904982119e-02	5.1461705305e-02	
359	0.0	9.7359797274e-03	1.3674582739e-02	4.6470612147e-03	4.6470612147e-03	4.6470612147e-03	4.6470612147e-03	-2.6216774333e-03	-2.6216774333e-03	-2.6216774333e-03	-2.6216774333e-03	-1.4102461056e-02	-1.4102461056e-02	-1.4102461056e-02	-1.4102461056e-02	-2.0139206812e-02	-2.0139206812e-02	-2.0139206812e-02	-2.0139206812e-02	-2.5396996914e-02	-2.5396996914e-02	-2.5396996914e-02	-2.5986856183e-02	-2.9616337058e-02	-2.9616337058e-02	-2.9616337058e-02	-3.2563896186e-02	-3.2563896186e-02	-3.2563896186e-02	-3.2563896186e-02	-3.4048901695e-02	-3.4048901695e-02	-3.4048901695e-02	-3.4048901695e-02	-3.3925625057e-02	-3.3925625057e-02	-3.3925625057e-02	-3.3925625057e-02	-3.2140698154e-02	-3.2140698154e-02	-3.2140698154e-02	-3.2140698154e-02	-2.8755505162e-02	-2.8755505162e-02	-2.8755505162e-02	-2.4277335920e-02	-2.3998470579e-02	-2.3998470579e-02	-2.3998470579e-02	-1.8305225004e-02	-1.8305225004e-02	-1.8305225004e-02	-1.8305225004e-02	-1.2328152965e-02	-1.2328152965e-02	-1.2328152965e-02	-7.2921542016e-03	-6.5995706370e-03	-6.5995706370e-03	-6.5995706370e-03	-6.5995706370e-03	4.7953652560e-03	4.7953652560e-03	4.7953652560e-03	4.7953652560e-03	1.0818896566e-02	1.0818896566e-02	1.0818896566e-02	1.5212011919e-02	1.6318660067e-02	1.6318660067e-02	1.6318660067e-02	2.1089091468e-02	2.1089091468e-02	2.1089091468e-02	2.4425916571e-02	2.4425916571e-02	2.6287081211e-02	2.6287081211e-02	2.6287081211e-02	3.1783017472e-02	3.2883990070e-02	3.2883990070e-02	3.2883990070e-02	3.5402514474e-02	3.6682506560e-02	3.6682506560e-02	3.8768934189e-02	4.0116099317e-02	4.0116099317e-02	4.0116099317e-02	4.1740602747e-02	4.3088592228e-02	4.3088592228e-02	4.5381793887e-02	4.5381793887e-02	4.6968253312e-02	4.6968253312e-02	4.6968253312e-02	4.9904970318e-02	5.1461693891e-02	
360	0.0	9.7359674775e-03	1.3674572647e-02	4.6470390300e-03	4.6470390300e-03	4.6470390300e-03	4.6470390300e-03	-2.6217070431e-03	-2.6217070431e-03	-2.6217070431e-03	-2.6217070431e-03	-1.4102500454e-02	-1.4102500454e-02	-1.4102500454e-02	-1.4102500454e-02	-2.0139249335e-02	-2.0139249335e-02	-2.0139249335e-02	-2.0139249335e-02	-2.5397042184e-02	-2.5397042184e-02	-2.5397042184e-02	-2.5986901818e-02	-2.9616384418e-02	-2.9616384418e-02	-2.9616384418e-02	-3.2563944978e-02	-3.2563944978e-02	-3.2563944978e-02	-3.2563944978e-02	-3.4048951211e-02	-3.4048951211e-02	-3.4048951211e-02	-3.4048951211e-02	-3.3925674524e-02	-3.3925674524e-02	-3.3925674524e-02	-3.3925674524e-02	-3.2140746768e-02	-3.2140746768e-02	-3.2140746768e-02	-3.2140746768e-02	-2.8755552119e-02	-2.8755552119e-02	-2.8755552119e-02	-2.4277380565e-02	-2.3998515117e-02	-2.3998515117e-02	-2.3998515117e-02	-1.8305266506e-02	-1.8305266506e-02	-1.8305266506e-02	-1.8305266506e-02	-1.2328191229e-02	-1.2328191229e-02	-1.2328191229e-02	-7.2921897884e-03	-6.5996059350e-03	-6.5996059350e-03	-6.5996059350e-03	-6.5996059350e-03	4.7953367872e-03	4.7953367872e-03	4.7953367872e-03	4.7953367872e-03	1.0818871416e-02	1.0818871416e-02	1.0818871416e-02	1.5211989172e-02	1.6318637803e-02	1.6318637803e-02	1.6318637803e-02	2.1089071688e-02	2.1089071688e-02	2.1089071688e-02	2.4425898588e-02	2.4425898588e-02	2.6287064270e-02	2.6287064270e-02	2.6287064270e-02	3.1783003072e-02	3.2883975837e-02	3.2883975837e-02	3.2883975837e-02	3.5402501254e-02	3.6682493525e-02	3.6682493525e-02	3.8768921824e-02	4.0116087185e-02	4.0116087185e-02	4.0116087185e-02	4.1740591036e-02	4.3088580791e-02	4.3088580791e-02	4.5381782823e-02	4.5381782823e-02	4.6968242599e-02	4.6968242599e-02	4.6968242599e-02	4.9904958822e-02	5.1461682770e-02	
361	0.0	9.7359555251e-03	1.3674562800e-02	4.6470173835e-03	4.6470173835e-03	4.6470173835e-03	4.6470173835e-03	-2.6217359348e-03	-2.6217359348e-03	-2.6217359348e-03	-2.6217359348e-03	-1.4102538898e-02	-1.4102538898e-02	-1.4102538898e-02	-1.4102538898e-02	-2.0139290828e-02	-2.0139290828e-02	-2.0139290828e-02	-2.0139290828e-02	-2.5397086358e-02	-2.5397086358e-02	-2.5397086358e-02	-2.5986946350e-02	-2.9616430633e-02	-2.9616430633e-02	-2.9616430633e-02	-3.2563992591e-02	-3.2563992591e-02	-3.2563992591e-02	-3.2563992591e-02	-3.4048999531e-02	-3.4048999531e-02	-3.4048999531e-02	-3.4048999531e-02	-3.3925722796e-02	-3.3925722796e-02	-3.3925722796e-02	-3.3925722796e-02	-3.2140794205e-02	-3.2140794205e-02	-3.2140794205e-02	-3.2140794205e-02	-2.8755597939e-02	-2.8755597939e-02	-2.8755597939e-02	-2.4277424123e-02	-2.3998558572e-02	-2.3998558572e-02	-2.3998558572e-02	-1.8305306992e-02	-1.8305306992e-02	-1.8305306992e-02	-1.8305306992e-02	-1.2328228550e-02	-1.2328228550e-02	-1.2328228550e-02	-7.2922244915e-03	-6.5996403563e-03	-6.5996403563e-03	-6.5996403563e-03	-6.5996403563e-03	4.7953090452e-03	4.7953090452e-03	4.7953090452e-03	4.7953090452e-03	1.0818846919e-02	1.0818846919e-02	1.0818846919e-02	1.5211967021e-02	1.6318616124e-02	1.6318616124e-02	1.6318616124e-02	2.1089052435e-02	2.1089052435e-02	2.1089052435e-02	2.4425881089e-02	2.4425881089e-02	2.6287047788e-02	2.6287047788e-02	2.6287047788e-02	3.1782989071e-02	3.2883961998e-02	3.2883961998e-02	3.2883961998e-02	3.5402488404e-02	3.6682480855e-02	3.6682480855e-02	3.8768909804e-02	4.0116075391e-02	4.0116075391e-02	4.0116075391e-02	4.1740579649e-02	4.3088569671e-02	4.3088569671e-02	4.5381772065e-02	4.5381772065e-02	4.6968232182e-02	4.6968232182e-02	4.6968232182e-02	4.9904947635e-02	5.1461671948e-02	
362	0.0	9.7359438656e-03	1.3674553194e-02	4.6469962671e-03	4.6469962671e-03	4.6469962671e-03	4.6469962671e-03	-2.6217641195e-03	-2.6217641195e-03	-2.6217641195e-03	-2.6217641195e-03	-1.4102576404e-02	-1.4102576404e-02	-1.4102576404e-02	-1.4102576404e-02	-2.0139331309e-02	-2.0139331309e-02	-2.0139331309e-02	-2.0139331309e-02	-2.5397129456e-02	-2.5397129456e-02	-2.5397129456e-02	-2.5986989795e-02	-2.9616475721e-02	-2.9616475721e-02	-2.9616475721e-02	-3.2564039045e-02	-3.2564039045e-02	-3.2564039045e-02	-3.2564039045e-02	-3.4049046673e-02	-3.4049046673e-02	-3.4049046673e-02	-3.4049046673e-02	-3.3925769891e-02	-3.3925769891e-02	-3.3925769891e-02	-3.3925769891e-02	-3.2140840486e-02	-3.2140840486e-02	-3.2140840486e-02	-3.2140840486e-02	-2.8755642638e-02	-2.8755642638e-02	-2.8755642638e-02	-2.4277466612e-02	-2.3998600959e-02	-2.3998600959e-02	-2.3998600959e-02	-1.8305346477e-02	-1.8305346477e-02	-1.8305346477e-02	-1.8305346477e-02	-1.2328264941e-02	-1.2328264941e-02	-1.2328264941e-02	-7.2922583233e-03	-6.5996739134e-03	-6.5996739134e-03	-6.5996739134e-03	-6.5996739134e-03	4.7952820212e-03	4.7952820212e-03	4.7952820212e-03	4.7952820212e-03	1.0818823066e-02	1.0818823066e-02	1.0818823066e-02	1.5211945462e-02	1.6318595025e-02	1.6318595025e-02	1.6318595025e-02	2.1089033704e-02	2.1089033704e-02	2.1089033704e-02	2.4425864071e-02	2.4425864071e-02	2.6287031764e-02	2.6287031764e-02	2.6287031764e-02	3.1782975471e-02	3.2883948555e-02	3.2883948555e-02	3.2883948555e-02	3.5402475923e-02	3.6682468549e-02	3.6682468549e-02	3.8768898131e-02	4.0116063937e-02	4.0116063937e-02	4.0116063937e-02	4.1740568592e-02	4.3088558873e-02	4.3088558873e-02	4.5381761618e-02	4.5381761618e-02	4.6968222065e-02	4.6968222065e-02	4.6968222065e-02	4.9904936763e-02	5.1461661430e-02	
363	0.0	9.7359324944e-03	1.3674543824e-02	4.6469756720e-03	4.6469756720e-03	4.6469756720e-03	4.6469756720e-03	-2.6217916087e-03	-2.6217916087e-03	-2.6217916087e-03	-2.6217916087e-03	-1.4102612985e-02	-1.4102612985e-02	-1.4102612985e-02	-1.4102612985e-02	-2.0139370794e-02	-2.0139370794e-02	-2.0139370794e-02	-2.0139370794e-02	-2.5397171494e-02	-2.5397171494e-02	-2.5397171494e-02	-2.5987032173e-02	-2.9616519702e-02	-2.9616519702e-02	-2.9616519702e-02	-3.2564084357e-02	-3.2564084357e-02	-3.2564084357e-02	-3.2564084357e-02	-3.4049092659e-02	-3.4049092659e-02	-3.4049092659e-02	-3.4049092659e-02	-3.3925815830e-02	-3.3925815830e-02	-3.3925815830e-02	-3.3925815830e-02	-3.2140885628e-02	-3.2140885628e-02	-3.2140885628e-02	-3.2140885628e-02	-2.8755686236e-02	-2.8755686236e-02	-2.8755686236e-02	-2.4277508050e-02	-2.3998642297e-02	-2.3998642297e-02	-2.3998642297e-02	-1.8305384979e-02	-1.8305384979e-02	-1.8305384979e-02	-1.8305384979e-02	-1.2328300418e-02	-1.2328300418e-02	-1.2328300418e-02	-7.2922912973e-03	-6.5997066194e-03	-6.5997066194e-03	-6.5997066194e-03	-6.5997066194e-03	4.7952557051e-03	4.7952557051e-03	4.7952557051e-03	4.7952557051e-03	1.0818799850e-02	1.0818799850e-02	1.0818799850e-02	1.5211924488e-02	1.6318574499e-02	1.6318574499e-02	1.6318574499e-02	2.1089015492e-02	2.1089015492e-02	2.1089015492e-02	2.4425847533e-02	2.4425847533e-02	2.6287016195e-02	2.6287016195e-02	2.6287016195e-02	3.1782962269e-02	3.2883935505e-02	3.2883935505e-02	3.2883935505e-02	3.5402463814e-02	3.6682456608e-02	3.6682456608e-02	3.8768886807e-02	4.0116052827e-02	4.0116052827e-02	4.0116052827e-02	4.1740557867e-02	4.3088548399e-02	4.3088548399e-02	4.5381751483e-02	4.5381751483e-02	4.6968212253e-02	4.6968212253e-02	4.6968212253e-02	4.9904926209e-02	5.1461651220e-02	
364	0.0	9.7359214116e-03	1.3674534693e-02	4.6469555970e-03	4.6469555970e-03	4.6469555970e-03	4.6469555970e-03	-2.6218184061e-03	-2.6218184061e-03	-2.6218184061e-03	-2.6218184061e-03	-1.4102648650e-02	-1.4102648650e-02	-1.4102648650e-02	-1.4102648650e-02	-2.0139409291e-02	-2.0139409291e-02	-2.0139409291e-02	-2.0139409291e-02	-2.5397212482e-02	-2.5397212482e-02	-2.5397212482e-02	-2.5987073492e-02	-2.9616562587e-02	-2.9616562587e-02	-2.9616562587e-02	-3.2564128542e-02	-3.2564128542e-02	-3.2564128542e-02	-3.2564128542e-02	-3.4049137500e-02	-3.4049137500e-02	-3.4049137500e-02	-3.4049137500e-02	-3.3925860626e-02	-3.3925860626e-02	-3.3925860626e-02	-3.3925860626e-02	-3.2140929646e-02	-3.2140929646e-02	-3.2140929646e-02	-3.2140929646e-02	-2.8755728744e-02	-2.8755728744e-02	-2.8755728744e-02	-2.4277548446e-02	-2.3998682597e-02	-2.3998682597e-02	-2.3998682597e-02	-1.8305422506e-02	-1.8305422506e-02	-1.8305422506e-02	-1.8305422506e-02	-1.2328334987e-02	-1.2328334987e-02	-1.2328334987e-02	-7.2923234193e-03	-6.5997384801e-03	-6.5997384801e-03	-6.5997384801e-03	-6.5997384801e-03	4.7952300938e-03	4.7952300938e-03	4.7952300938e-03	4.7952300938e-03	1.0818777268e-02	1.0818777268e-02	1.0818777268e-02	1.5211904097e-02	1.6318554546e-02	1.6318554546e-02	1.6318554546e-02	2.1088997798e-02	2.1088997798e-02	2.1088997798e-02	2.4425831473e-02	2.4425831473e-02	2.6287001082e-02	2.6287001082e-02	2.6287001082e-02	3.1782949468e-02	3.2883922851e-02	3.2883922851e-02	3.2883922851e-02	3.5402452077e-02	3.6682445035e-02	3.6682445035e-02	3.8768875834e-02	4.0116042060e-02	4.0116042060e-02	4.0116042060e-02	4.1740547474e-02	4.3088538251e-02	4.3088538251e-02	4.5381741665e-02	4.5381741665e-02	4.6968202747e-02	4.6968202747e-02	4.6968202747e-02	4.9904915975e-02	5.1461641321e-02	
365	0.0	9.7359105980e-03	1.3674525781e-02	4.6469360096e-03	4.6469360096e-03	4.6469360096e-03	4.6469360096e-03	-2.6218445503e-03	-2.6218445503e-03	-2.6218445503e-03	-2.6218445503e-03	-1.4102683444e-02	-1.4102683444e-02	-1.4102683444e-02	-1.4102683444e-02	-2.0139446848e-02	-2.0139446848e-02	-2.0139446848e-02	-2.0139446848e-02	-2.5397252469e-02	-2.5397252469e-02	-2.5397252469e-02	-2.5987113801e-02	-2.9616604424e-02	-2.9616604424e-02	-2.9616604424e-02	-3.2564171646e-02	-3.2564171646e-02	-3.2564171646e-02	-3.2564171646e-02	-3.4049181245e-02	-3.4049181245e-02	-3.4049181245e-02	-3.4049181245e-02	-3.3925904326e-02	-3.3925904326e-02	-3.3925904326e-02	-3.3925904326e-02	-3.2140972586e-02	-3.2140972586e-02	-3.2140972586e-02	-3.2140972586e-02	-2.8755770210e-02	-2.8755770210e-02	-2.8755770210e-02	-2.4277587849e-02	-2.3998721906e-02	-2.3998721906e-02	-2.3998721906e-02	-1.8305459104e-02	-1.8305459104e-02	-1.8305459104e-02	-1.8305459104e-02	-1.2328368693e-02	-1.2328368693e-02	-1.2328368693e-02	-7.2923547330e-03	-6.5997695391e-03	-6.5997695391e-03	-6.5997695391e-03	-6.5997695391e-03	4.7952051480e-03	4.7952051480e-03	4.7952051480e-03	4.7952051480e-03	1.0818755285e-02	1.0818755285e-02	1.0818755285e-02	1.5211884256e-02	1.6318535132e-02	1.6318535132e-02	1.6318535132e-02	2.1088980593e-02	2.1088980593e-02	2.1088980593e-02	2.4425815866e-02	2.4425815866e-02	2.6286986399e-02	2.6286986399e-02	2.6286986399e-02	3.1782937046e-02	3.2883910573e-02	3.2883910573e-02	3.2883910573e-02	3.5402440694e-02	3.6682433811e-02	3.6682433811e-02	3.8768865197e-02	4.0116031624e-02	4.0116031624e-02	4.0116031624e-02	4.1740537403e-02	4.3088528418e-02	4.3088528418e-02	4.5381732152e-02	4.5381732152e-02	4.6968193539e-02	4.6968193539e-02	4.6968193539e-02	4.9904906051e-02	5.1461631723e-02	
366	0.0	9.7359000614e-03	1.3674517097e-02	4.6469169233e-03	4.6469169233e-03	4.6469169233e-03	4.6469169233e-03	-2.6218700273e-03	-2.6218700273e-03	-2.6218700273e-03	-2.6218700273e-03	-1.4102717353e-02	-1.4102717353e-02	-1.4102717353e-02	-1.4102717353e-02	-2.0139483452e-02	-2.0139483452e-02	-2.0139483452e-02	-2.0139483452e-02	-2.5397291443e-02	-2.5397291443e-02	-2.5397291443e-02	-2.5987153089e-02	-2.9616645203e-02	-2.9616645203e-02	-2.9616645203e-02	-3.2564213662e-02	-3.2564213662e-02	-3.2564213662e-02	-3.2564213662e-02	-3.4049223886e-02	-3.4049223886e-02	-3.4049223886e-02	-3.4049223886e-02	-3.3925946922e-02	-3.3925946922e-02	-3.3925946922e-02	-3.3925946922e-02	-3.2141014440e-02	-3.2141014440e-02	-3.2141014440e-02	-3.2141014440e-02	-2.8755810624e-02	-2.8755810624e-02	-2.8755810624e-02	-2.4277626247e-02	-2.3998760212e-02	-2.3998760212e-02	-2.3998760212e-02	-1.8305494760e-02	-1.8305494760e-02	-1.8305494760e-02	-1.8305494760e-02	-1.2328401521e-02	-1.2328401521e-02	-1.2328401521e-02	-7.2923852214e-03	-6.5997997792e-03	-6.5997997792e-03	-6.5997997792e-03	-6.5997997792e-03	4.7951808876e-03	4.7951808876e-03	4.7951808876e-03	4.7951808876e-03	1.0818733922e-02	1.0818733922e-02	1.0818733922e-02	1.5211864987e-02	1.6318516280e-02	1.6318516280e-02	1.6318516280e-02	2.1088963899e-02	2.1088963899e-02	2.1088963899e-02	2.4425800734e-02	2.4425800734e-02	2.6286972168e-02	2.6286972168e-02	2.6286972168e-02	3.1782925024e-02	3.2883898691e-02	3.2883898691e-02	3.2883898691e-02	3.5402429687e-02	3.6682422959e-02	3.6682422959e-02	3.8768854915e-02	4.0116021539e-02	4.0116021539e-02	4.0116021539e-02	4.1740527672e-02	4.3088518919e-02	4.3088518919e-02	4.5381722963e-02	4.5381722963e-02	4.6968184647e-02	4.6968184647e-02	4.6968184647e-02	4.9904896454e-02	5.1461622445e-02	
367	0.0	9.7358897929e-03	1.3674508634e-02	4.6468983213e-03	4.6468983213e-03	4.6468983213e-03	4.6468983213e-03	-2.6218948588e-03	-2.6218948588e-03	-2.6218948588e-03	-2.6218948588e-03	-1.4102750405e-02	-1.4102750405e-02	-1.4102750405e-02	-1.4102750405e-02	-2.0139519133e-02	-2.0139519133e-02	-2.0139519133e-02	-2.0139519133e-02	-2.5397329436e-02	-2.5397329436e-02	-2.5397329436e-02	-2.5987191387e-02	-2.9616684955e-02	-2.9616684955e-02	-2.9616684955e-02	-3.2564254622e-02	-3.2564254622e-02	-3.2564254622e-02	-3.2564254622e-02	-3.4049265455e-02	-3.4049265455e-02	-3.4049265455e-02	-3.4049265455e-02	-3.3925988448e-02	-3.3925988448e-02	-3.3925988448e-02	-3.3925988448e-02	-3.2141055241e-02	-3.2141055241e-02	-3.2141055241e-02	-3.2141055241e-02	-2.8755850018e-02	-2.8755850018e-02	-2.8755850018e-02	-2.4277663671e-02	-2.3998797547e-02	-2.3998797547e-02	-2.3998797547e-02	-1.8305529504e-02	-1.8305529504e-02	-1.8305529504e-02	-1.8305529504e-02	-1.2328433501e-02	-1.2328433501e-02	-1.2328433501e-02	-7.2924149122e-03	-6.5998292279e-03	-6.5998292279e-03	-6.5998292279e-03	-6.5998292279e-03	4.7951572875e-03	4.7951572875e-03	4.7951572875e-03	4.7951572875e-03	1.0818713154e-02	1.0818713154e-02	1.0818713154e-02	1.5211846268e-02	1.6318497966e-02	1.6318497966e-02	1.6318497966e-02	2.1088947694e-02	2.1088947694e-02	2.1088947694e-02	2.4425786056e-02	2.4425786056e-02	2.6286958371e-02	2.6286958371e-02	2.6286958371e-02	3.1782913387e-02	3.2883887190e-02	3.2883887190e-02	3.2883887190e-02	3.5402419039e-02	3.6682412462e-02	3.6682412462e-02	3.8768844975e-02	4.0116011789e-02	4.0116011789e-02	4.0116011789e-02	4.1740518267e-02	4.3088509740e-02	4.3088509740e-02	4.5381714085e-02	4.5381714085e-02	4.6968176058e-02	4.6968176058e-02	4.6968176058e-02	4.9904887174e-02	5.1461613475e-02	
368	0.0	9.7358797868e-03	1.3674500387e-02	4.6468801931e-03	4.6468801931e-03	4.6468801931e-03	4.6468801931e-03	-2.6219190585e-03	-2.6219190585e-03	-2.6219190585e-03	-2.6219190585e-03	-1.4102782619e-02	-1.4102782619e-02	-1.4102782619e-02	-1.4102782619e-02	-2.0139553910e-02	-2.0139553910e-02	-2.0139553910e-02	-2.0139553910e-02	-2.5397366468e-02	-2.5397366468e-02	-2.5397366468e-02	-2.5987228717e-02	-2.9616723704e-02	-2.9616723704e-02	-2.9616723704e-02	-3.2564294547e-02	-3.2564294547e-02	-3.2564294547e-02	-3.2564294547e-02	-3.4049305975e-02	-3.4049305975e-02	-3.4049305975e-02	-3.4049305975e-02	-3.3926028926e-02	-3.3926028926e-02	-3.3926028926e-02	-3.3926028926e-02	-3.2141095011e-02	-3.2141095011e-02	-3.2141095011e-02	-3.2141095011e-02	-2.8755888415e-02	-2.8755888415e-02	-2.8755888415e-02	-2.4277700142e-02	-2.3998833931e-02	-2.3998833931e-02	-2.3998833931e-02	-1.8305563356e-02	-1.8305563356e-02	-1.8305563356e-02	-1.8305563356e-02	-1.2328464650e-02	-1.2328464650e-02	-1.2328464650e-02	-7.2924438228e-03	-6.5998579026e-03	-6.5998579026e-03	-6.5998579026e-03	-6.5998579026e-03	4.7951343333e-03	4.7951343333e-03	4.7951343333e-03	4.7951343333e-03	1.0818692969e-02	1.0818692969e-02	1.0818692969e-02	1.5211828086e-02	1.6318480181e-02	1.6318480181e-02	1.6318480181e-02	2.1088931970e-02	2.1088931970e-02	2.1088931970e-02	2.4425771825e-02	2.4425771825e-02	2.6286944998e-02	2.6286944998e-02	2.6286944998e-02	3.1782902126e-02	3.2883876061e-02	3.2883876061e-02	3.2883876061e-02	3.5402408745e-02	3.6682402314e-02	3.6682402314e-02	3.8768835370e-02	4.0116002370e-02	4.0116002370e-02	4.0116002370e-02	4.1740509185e-02	4.3088500878e-02	4.3088500878e-02	4.5381705516e-02	4.5381705516e-02	4.6968167771e-02	4.6968167771e-02	4.6968167771e-02	4.9904878206e-02	5.1461604810e-02	
369	0.0	9.7358700370e-03	1.3674492350e-02	4.6468625280e-03	4.6468625280e-03	4.6468625280e-03	4.6468625280e-03	-2.6219426409e-03	-2.6219426409e-03	-2.6219426409e-03	-2.6219426409e-03	-1.4102814012e-02	-1.4102814012e-02	-1.4102814012e-02	-1.4102814012e-02	-2.0139587803e-02	-2.0139587803e-02	-2.0139587803e-02	-2.0139587803e-02	-2.5397402560e-02	-2.5397402560e-02	-2.5397402560e-02	-2.5987265100e-02	-2.9616761471e-02	-2.9616761471e-02	-2.9616761471e-02	-3.2564333462e-02	-3.2564333462e-02	-3.2564333462e-02	-3.2564333462e-02	-3.4049345470e-02	-3.4049345470e-02	-3.4049345470e-02	-3.4049345470e-02	-3.3926068379e-02	-3.3926068379e-02	-3.3926068379e-02	-3.3926068379e-02	-3.2141133773e-02	-3.2141133773e-02	-3.2141133773e-02	-3.2141133773e-02	-2.8755925836e-02	-2.8755925836e-02	-2.8755925836e-02	-2.4277735683e-02	-2.3998869387e-02	-2.3998869387e-02	-2.3998869387e-02	-1.8305596337e-02	-1.8305596337e-02	-1.8305596337e-02	-1.8305596337e-02	-1.2328494987e-02	-1.2328494987e-02	-1.2328494987e-02	-7.2924719711e-03	-6.5998858210e-03	-6.5998858210e-03	-6.5998858210e-03	-6.5998858210e-03	4.7951120100e-03	4.7951120100e-03	4.7951120100e-03	4.7951120100e-03	1.0818673353e-02	1.0818673353e-02	1.0818673353e-02	1.5211810430e-02	1.6318462911e-02	1.6318462911e-02	1.6318462911e-02	2.1088916715e-02	2.1088916715e-02	2.1088916715e-02	2.4425758031e-02	2.4425758031e-02	2.6286932041e-02	2.6286932041e-02	2.6286932041e-02	3.1782891235e-02	3.2883865298e-02	3.2883865298e-02	3.2883865298e-02	3.5402398798e-02	3.6682392509e-02	3.6682392509e-02	3.8768826095e-02	4.0115993276e-02	4.0115993276e-02	4.0115993276e-02	4.1740500420e-02	4.3088492327e-02	4.3088492327e-02	4.5381697250e-02	4.5381697250e-02	4.6968159780e-02	4.6968159780e-02	4.6968159780e-02	4.9904869548e-02	5.1461596447e-02	
370	0.0	9.7358605380e-03	1.3674484520e-02	4.6468453156e-03	4.6468453156e-03	4.6468453156e-03	4.6468453156e-03	-2.6219656196e-03	-2.6219656196e-03	-2.6219656196e-03	-2.6219656196e-03	-1.4102844604e-02	-1.4102844604e-02	-1.4102844604e-02	-1.4102844604e-02	-2.0139620833e-02	-2.0139620833e-02	-2.0139620833e-02	-2.0139620833e-02	-2.5397437735e-02	-2.5397437735e-02	-2.5397437735e-02	-2.5987300557e-02	-2.9616798278e-02	-2.9616798278e-02	-2.9616798278e-02	-3.2564371389e-02	-3.2564371389e-02	-3.2564371389e-02	-3.2564371389e-02	-3.4049383963e-02	-3.4049383963e-02	-3.4049383963e-02	-3.4049383963e-02	-3.3926106831e-02	-3.3926106831e-02	-3.3926106831e-02	-3.3926106831e-02	-3.2141171551e-02	-3.2141171551e-02	-3.2141171551e-02	-3.2141171551e-02	-2.8755962304e-02	-2.8755962304e-02	-2.8755962304e-02	-2.4277770313e-02	-2.3998903935e-02	-2.3998903935e-02	-2.3998903935e-02	-1.8305628467e-02	-1.8305628467e-02	-1.8305628467e-02	-1.8305628467e-02	-1.2328524531e-02	-1.2328524531e-02	-1.2328524531e-02	-7.2924993744e-03	-6.5999130003e-03	-6.5999130003e-03	-6.5999130003e-03	-6.5999130003e-03	4.7950903031e-03	4.7950903031e-03	4.7950903031e-03	4.7950903031e-03	1.0818654294e-02	1.0818654294e-02	1.0818654294e-02	1.5211793288e-02	1.6318446145e-02	1.6318446145e-02	1.6318446145e-02	2.1088901919e-02	2.1088901919e-02	2.1088901919e-02	2.4425744665e-02	2.4425744665e-02	2.6286919491e-02	2.6286919491e-02	2.6286919491e-02	3.1782880706e-02	3.2883854895e-02	3.2883854895e-02	3.2883854895e-02	3.5402389191e-02	3.6682383041e-02	3.6682383041e-02	3.8768817145e-02	4.0115984503e-02	4.0115984503e-02	4.0115984503e-02	4.1740491966e-02	4.3088484083e-02	4.3088484083e-02	4.5381689284e-02	4.5381689284e-02	4.6968152082e-02	4.6968152082e-02	4.6968152082e-02	4.9904861194e-02	5.1461588381e-02	
371	0.0	9.7358512839e-03	1.3674476891e-02	4.6468285455e-03	4.6468285455e-03	4.6468285455e-03	4.6468285455e-03	-2.6219880088e-03	-2.6219880088e-03	-2.6219880088e-03	-2.6219880088e-03	-1.4102874413e-02	-1.4102874413e-02	-1.4102874413e-02	-1.4102874413e-02	-2.0139653020e-02	-2.0139653020e-02	-2.0139653020e-02	-2.0139653020e-02	-2.5397472012e-02	-2.5397472012e-02	-2.5397472012e-02	-2.5987335110e-02	-2.9616834148e-02	-2.9616834148e-02	-2.9616834148e-02	-3.2564408352e-02	-3.2564408352e-02	-3.2564408352e-02	-3.2564408352e-02	-3.4049421477e-02	-3.4049421477e-02	-3.4049421477e-02	-3.4049421477e-02	-3.3926144305e-02	-3.3926144305e-02	-3.3926144305e-02	-3.3926144305e-02	-3.2141208366e-02	-3.2141208366e-02	-3.2141208366e-02	-3.2141208366e-02	-2.8755997841e-02	-2.8755997841e-02	-2.8755997841e-02	-2.4277804056e-02	-2.3998937597e-02	-2.3998937597e-02	-2.3998937597e-02	-1.8305659764e-02	-1.8305659764e-02	-1.8305659764e-02	-1.8305659764e-02	-1.2328553302e-02	-1.2328553302e-02	-1.2328553302e-02	-7.2925260508e-03	-6.5999394582e-03	-6.5999394582e-03	-6.5999394582e-03	-6.5999394582e-03	4.7950691972e-03	4.7950691972e-03	4.7950691972e-03	4.7950691972e-03	1.0818635777e-02	1.0818635777e-02	1.0818635777e-02	1.5211776647e-02	1.6318429871e-02	1.6318429871e-02	1.6318429871e-02	2.1088887571e-02	2.1088887571e-02	2.1088887571e-02	2.4425731716e-02	2.4425731716e-02	2.6286907338e-02	2.6286907338e-02	2.6286907338e-02	3.1782870530e-02	3.2883844841e-02	3.2883844841e-02	3.2883844841e-02	3.5402379916e-02	3.6682373902e-02	3.6682373902e-02	3.8768808513e-02	4.0115976042e-02	4.0115976042e-02	4.0115976042e-02	4.1740483819e-02	4.3088476140e-02	4.3088476140e-02	4.5381681611e-02	4.5381681611e-02	4.6968144671e-02	4.6968144671e-02	4.6968144671e-02	4.9904853138e-02	5.1461580608e-02	
372	0.0	9.7358422688e-03	1.3674469459e-02	4.6468122069e-03	4.6468122069e-03	4.6468122069e-03	4.6468122069e-03	-2.6220098227e-03	-2.6220098227e-03	-2.6220098227e-03	-2.6220098227e-03	-1.4102903458e-02	-1.4102903458e-02	-1.4102903458e-02	-1.4102903458e-02	-2.0139684383e-02	-2.0139684383e-02	-2.0139684383e-02	-2.0139684383e-02	-2.5397505415e-02	-2.5397505415e-02	-2.5397505415e-02	-2.5987368781e-02	-2.9616869104e-02	-2.9616869104e-02	-2.9616869104e-02	-3.2564444373e-02	-3.2564444373e-02	-3.2564444373e-02	-3.2564444373e-02	-3.4049458036e-02	-3.4049458036e-02	-3.4049458036e-02	-3.4049458036e-02	-3.3926180825e-02	-3.3926180825e-02	-3.3926180825e-02	-3.3926180825e-02	-3.2141244244e-02	-3.2141244244e-02	-3.2141244244e-02	-3.2141244244e-02	-2.8756032470e-02	-2.8756032470e-02	-2.8756032470e-02	-2.4277836932e-02	-2.3998970395e-02	-2.3998970395e-02	-2.3998970395e-02	-1.8305690252e-02	-1.8305690252e-02	-1.8305690252e-02	-1.8305690252e-02	-1.2328581318e-02	-1.2328581318e-02	-1.2328581318e-02	-7.2925520186e-03	-6.5999652132e-03	-6.5999652132e-03	-6.5999652132e-03	-6.5999652132e-03	4.7950486765e-03	4.7950486765e-03	4.7950486765e-03	4.7950486765e-03	1.0818617788e-02	1.0818617788e-02	1.0818617788e-02	1.5211760494e-02	1.6318414075e-02	1.6318414075e-02	1.6318414075e-02	2.1088873660e-02	2.1088873660e-02	2.1088873660e-02	2.4425719173e-02	2.4425719173e-02	2.6286895571e-02	2.6286895571e-02	2.6286895571e-02	3.1782860698e-02	3.2883835128e-02	3.2883835128e-02	3.2883835128e-02	3.5402370966e-02	3.6682365084e-02	3.6682365084e-02	3.8768800189e-02	4.0115967887e-02	4.0115967887e-02	4.0115967887e-02	4.1740475969e-02	4.3088468490e-02	4.3088468490e-02	4.5381674224e-02	4.5381674224e-02	4.6968137541e-02	4.6968137541e-02	4.6968137541e-02	4.9904845375e-02	5.1461573121e-02	
373	0.0	9.7358334866e-03	1.3674462218e-02	4.6467962888e-03	4.6467962888e-03	4.6467962888e-03	4.6467962888e-03	-2.6220310760e-03	-2.6220310760e-03	-2.6220310760e-03	-2.6220310760e-03	-1.4102931758e-02	-1.4102931758e-02	-1.4102931758e-02	-1.4102931758e-02	-2.0139714945e-02	-2.0139714945e-02	-2.0139714945e-02	-2.0139714945e-02	-2.5397537965e-02	-2.5397537965e-02	-2.5397537965e-02	-2.5987401593e-02	-2.9616903169e-02	-2.9616903169e-02	-2.9616903169e-02	-3.2564479477e-02	-3.2564479477e-02	-3.2564479477e-02	-3.2564479477e-02	-3.4049493665e-02	-3.4049493665e-02	-3.4049493665e-02	-3.4049493665e-02	-3.3926216415e-02	-3.3926216415e-02	-3.3926216415e-02	-3.3926216415e-02	-3.2141279206e-02	-3.2141279206e-02	-3.2141279206e-02	-3.2141279206e-02	-2.8756066214e-02	-2.8756066214e-02	-2.8756066214e-02	-2.4277868964e-02	-2.3999002350e-02	-2.3999002350e-02	-2.3999002350e-02	-1.8305719949e-02	-1.8305719949e-02	-1.8305719949e-02	-1.8305719949e-02	-1.2328608600e-02	-1.2328608600e-02	-1.2328608600e-02	-7.2925772964e-03	-6.5999902836e-03	-6.5999902836e-03	-6.5999902836e-03	-6.5999902836e-03	4.7950287250e-03	4.7950287250e-03	4.7950287250e-03	4.7950287250e-03	1.0818600313e-02	1.0818600313e-02	1.0818600313e-02	1.5211744814e-02	1.6318398744e-02	1.6318398744e-02	1.6318398744e-02	2.1088860171e-02	2.1088860171e-02	2.1088860171e-02	2.4425707024e-02	2.4425707024e-02	2.6286884179e-02	2.6286884179e-02	2.6286884179e-02	3.1782851200e-02	3.2883825746e-02	3.2883825746e-02	3.2883825746e-02	3.5402362330e-02	3.6682356577e-02	3.6682356577e-02	3.8768792167e-02	4.0115960029e-02	4.0115960029e-02	4.0115960029e-02	4.1740468409e-02	4.3088461125e-02	4.3088461125e-02	4.5381667117e-02	4.5381667117e-02	4.6968130684e-02	4.6968130684e-02	4.6968130684e-02	4.9904837896e-02	5.1461565913e-02	
374	0.0	9.7358249313e-03	1.3674455164e-02	4.6467807804e-03	4.6467807804e-03	4.6467807804e-03	4.6467807804e-03	-2.6220517830e-03	-2.6220517830e-03	-2.6220517830e-03	-2.6220517830e-03	-1.4102959333e-02	-1.4102959333e-02	-1.4102959333e-02	-1.4102959333e-02	-2.0139744724e-02	-2.0139744724e-02	-2.0139744724e-02	-2.0139744724e-02	-2.5397569684e-02	-2.5397569684e-02	-2.5397569684e-02	-2.5987433567e-02	-2.9616936366e-02	-2.9616936366e-02	-2.9616936366e-02	-3.2564513687e-02	-3.2564513687e-02	-3.2564513687e-02	-3.2564513687e-02	-3.4049528386e-02	-3.4049528386e-02	-3.4049528386e-02	-3.4049528386e-02	-3.3926251099e-02	-3.3926251099e-02	-3.3926251099e-02	-3.3926251099e-02	-3.2141313278e-02	-3.2141313278e-02	-3.2141313278e-02	-3.2141313278e-02	-2.8756099097e-02	-2.8756099097e-02	-2.8756099097e-02	-2.4277900174e-02	-2.3999033485e-02	-2.3999033485e-02	-2.3999033485e-02	-1.8305748878e-02	-1.8305748878e-02	-1.8305748878e-02	-1.8305748878e-02	-1.2328635166e-02	-1.2328635166e-02	-1.2328635166e-02	-7.2926019030e-03	-6.6000146879e-03	-6.6000146879e-03	-6.6000146879e-03	-6.6000146879e-03	4.7950093264e-03	4.7950093264e-03	4.7950093264e-03	4.7950093264e-03	1.0818583335e-02	1.0818583335e-02	1.0818583335e-02	1.5211729595e-02	1.6318383864e-02	1.6318383864e-02	1.6318383864e-02	2.1088847094e-02	2.1088847094e-02	2.1088847094e-02	2.4425695258e-02	2.4425695258e-02	2.6286873152e-02	2.6286873152e-02	2.6286873152e-02	3.1782842025e-02	3.2883816686e-02	3.2883816686e-02	3.2883816686e-02	3.5402354000e-02	3.6682348373e-02	3.6682348373e-02	3.8768784436e-02	4.0115952458e-02	4.0115952458e-02	4.0115952458e-02	4.1740461131e-02	4.3088454038e-02	4.3088454038e-02	4.5381660281e-02	4.5381660281e-02	4.6968124093e-02	4.6968124093e-02	4.6968124093e-02	4.9904830695e-02	5.1461558977e-02	
375	0.0	9.7358165970e-03	1.3674448292e-02	4.6467656709e-03	4.6467656709e-03	4.6467656709e-03	4.6467656709e-03	-2.6220719583e-03	-2.6220719583e-03	-2.6220719583e-03	-2.6220719583e-03	-1.4102986202e-02	-1.4102986202e-02	-1.4102986202e-02	-1.4102986202e-02	-2.0139773743e-02	-2.0139773743e-02	-2.0139773743e-02	-2.0139773743e-02	-2.5397600594e-02	-2.5397600594e-02	-2.5397600594e-02	-2.5987464726e-02	-2.9616968717e-02	-2.9616968717e-02	-2.9616968717e-02	-3.2564547026e-02	-3.2564547026e-02	-3.2564547026e-02	-3.2564547026e-02	-3.4049562225e-02	-3.4049562225e-02	-3.4049562225e-02	-3.4049562225e-02	-3.3926284901e-02	-3.3926284901e-02	-3.3926284901e-02	-3.3926284901e-02	-3.2141346482e-02	-3.2141346482e-02	-3.2141346482e-02	-3.2141346482e-02	-2.8756131140e-02	-2.8756131140e-02	-2.8756131140e-02	-2.4277930583e-02	-2.3999063822e-02	-2.3999063822e-02	-2.3999063822e-02	-1.8305777059e-02	-1.8305777059e-02	-1.8305777059e-02	-1.8305777059e-02	-1.2328661037e-02	-1.2328661037e-02	-1.2328661037e-02	-7.2926258572e-03	-6.6000384450e-03	-6.6000384450e-03	-6.6000384450e-03	-6.6000384450e-03	4.7949904644e-03	4.7949904644e-03	4.7949904644e-03	4.7949904644e-03	1.0818566841e-02	1.0818566841e-02	1.0818566841e-02	1.5211714821e-02	1.6318369422e-02	1.6318369422e-02	1.6318369422e-02	2.1088834414e-02	2.1088834414e-02	2.1088834414e-02	2.4425683863e-02	2.4425683863e-02	2.6286862476e-02	2.6286862476e-02	2.6286862476e-02	3.1782833164e-02	3.2883807935e-02	3.2883807935e-02	3.2883807935e-02	3.5402345964e-02	3.6682340460e-02	3.6682340460e-02	3.8768776987e-02	4.0115945166e-02	4.0115945166e-02	4.0115945166e-02	4.1740454125e-02	4.3088447218e-02	4.3088447218e-02	4.5381653707e-02	4.5381653707e-02	4.6968117759e-02	4.6968117759e-02	4.6968117759e-02	4.9904823762e-02	5.1461552303e-02	
376	0.0	9.7358084775e-03	1.3674441597e-02	4.6467509493e-03	4.6467509493e-03	4.6467509493e-03	4.6467509493e-03	-2.6220916164e-03	-2.6220916164e-03	-2.6220916164e-03	-2.6220916164e-03	-1.4103012383e-02	-1.4103012383e-02	-1.4103012383e-02	-1.4103012383e-02	-2.0139802022e-02	-2.0139802022e-02	-2.0139802022e-02	-2.0139802022e-02	-2.5397630717e-02	-2.5397630717e-02	-2.5397630717e-02	-2.5987495091e-02	-2.9617000245e-02	-2.9617000245e-02	-2.9617000245e-02	-3.2564579519e-02	-3.2564579519e-02	-3.2564579519e-02	-3.2564579519e-02	-3.4049595204e-02	-3.4049595204e-02	-3.4049595204e-02	-3.4049595204e-02	-3.3926317844e-02	-3.3926317844e-02	-3.3926317844e-02	-3.3926317844e-02	-3.2141378842e-02	-3.2141378842e-02	-3.2141378842e-02	-3.2141378842e-02	-2.8756162367e-02	-2.8756162367e-02	-2.8756162367e-02	-2.4277960215e-02	-2.3999093383e-02	-2.3999093383e-02	-2.3999093383e-02	-1.8305804513e-02	-1.8305804513e-02	-1.8305804513e-02	-1.8305804513e-02	-1.2328686233e-02	-1.2328686233e-02	-1.2328686233e-02	-7.2926491778e-03	-6.6000615734e-03	-6.6000615734e-03	-6.6000615734e-03	-6.6000615734e-03	4.7949721224e-03	4.7949721224e-03	4.7949721224e-03	4.7949721224e-03	1.0818550814e-02	1.0818550814e-02	1.0818550814e-02	1.5211700479e-02	1.6318355402e-02	1.6318355402e-02	1.6318355402e-02	2.1088822119e-02	2.1088822119e-02	2.1088822119e-02	2.4425672825e-02	2.4425672825e-02	2.6286852140e-02	2.6286852140e-02	2.6286852140e-02	3.1782824604e-02	3.2883799484e-02	3.2883799484e-02	3.2883799484e-02	3.5402338212e-02	3.6682332830e-02	3.6682332830e-02	3.8768769811e-02	4.0115938143e-02	4.0115938143e-02	4.0115938143e-02	4.1740447382e-02	4.3088440658e-02	4.3088440658e-02	4.5381647387e-02	4.5381647387e-02	4.6968111674e-02	4.6968111674e-02	4.6968111674e-02	4.9904817089e-02	5.1461545885e-02	
377	0.0	9.7358005669e-03	1.3674435073e-02	4.6467366049e-03	4.6467366049e-03	4.6467366049e-03	4.6467366049e-03	-2.6221107716e-03	-2.6221107716e-03	-2.6221107716e-03	-2.6221107716e-03	-1.4103037896e-02	-1.4103037896e-02	-1.4103037896e-02	-1.4103037896e-02	-2.0139829580e-02	-2.0139829580e-02	-2.0139829580e-02	-2.0139829580e-02	-2.5397660075e-02	-2.5397660075e-02	-2.5397660075e-02	-2.5987524684e-02	-2.9617030973e-02	-2.9617030973e-02	-2.9617030973e-02	-3.2564611187e-02	-3.2564611187e-02	-3.2564611187e-02	-3.2564611187e-02	-3.4049627348e-02	-3.4049627348e-02	-3.4049627348e-02	-3.4049627348e-02	-3.3926349953e-02	-3.3926349953e-02	-3.3926349953e-02	-3.3926349953e-02	-3.2141410382e-02	-3.2141410382e-02	-3.2141410382e-02	-3.2141410382e-02	-2.8756192800e-02	-2.8756192800e-02	-2.8756192800e-02	-2.4277989091e-02	-2.3999122190e-02	-2.3999122190e-02	-2.3999122190e-02	-1.8305831261e-02	-1.8305831261e-02	-1.8305831261e-02	-1.8305831261e-02	-1.2328710773e-02	-1.2328710773e-02	-1.2328710773e-02	-7.2926718835e-03	-6.6000840918e-03	-6.6000840918e-03	-6.6000840918e-03	-6.6000840918e-03	4.7949542841e-03	4.7949542841e-03	4.7949542841e-03	4.7949542841e-03	1.0818535240e-02	1.0818535240e-02	1.0818535240e-02	1.5211686553e-02	1.6318341791e-02	1.6318341791e-02	1.6318341791e-02	2.1088810195e-02	2.1088810195e-02	2.1088810195e-02	2.4425662133e-02	2.4425662133e-02	2.6286842132e-02	2.6286842132e-02	2.6286842132e-02	3.1782816335e-02	3.2883791322e-02	3.2883791322e-02	3.2883791322e-02	3.5402330735e-02	3.6682325470e-02	3.6682325470e-02	3.8768762896e-02	4.0115931379e-02	4.0115931379e-02	4.0115931379e-02	4.1740440893e-02	4.3088434346e-02	4.3088434346e-02	4.5381641311e-02	4.5381641311e-02	4.6968105828e-02	4.6968105828e-02	4.6968105828e-02	4.9904810666e-02	5.1461539712e-02	
378	0.0	9.7357928592e-03	1.3674428717e-02	4.6467226268e-03	4.6467226268e-03	4.6467226268e-03	4.6467226268e-03	-2.6221294384e-03	-2.6221294384e-03	-2.6221294384e-03	-2.6221294384e-03	-1.4103062760e-02	-1.4103062760e-02	-1.4103062760e-02	-1.4103062760e-02	-2.0139856439e-02	-2.0139856439e-02	-2.0139856439e-02	-2.0139856439e-02	-2.5397688689e-02	-2.5397688689e-02	-2.5397688689e-02	-2.5987553528e-02	-2.9617060924e-02	-2.9617060924e-02	-2.9617060924e-02	-3.2564642055e-02	-3.2564642055e-02	-3.2564642055e-02	-3.2564642055e-02	-3.4049658679e-02	-3.4049658679e-02	-3.4049658679e-02	-3.4049658679e-02	-3.3926381250e-02	-3.3926381250e-02	-3.3926381250e-02	-3.3926381250e-02	-3.2141441124e-02	-3.2141441124e-02	-3.2141441124e-02	-3.2141441124e-02	-2.8756222462e-02	-2.8756222462e-02	-2.8756222462e-02	-2.4278017232e-02	-2.3999150263e-02	-2.3999150263e-02	-2.3999150263e-02	-1.8305857323e-02	-1.8305857323e-02	-1.8305857323e-02	-1.8305857323e-02	-1.2328734676e-02	-1.2328734676e-02	-1.2328734676e-02	-7.2926939930e-03	-6.6001060186e-03	-6.6001060186e-03	-6.6001060186e-03	-6.6001060186e-03	4.7949369330e-03	4.7949369330e-03	4.7949369330e-03	4.7949369330e-03	1.0818520104e-02	1.0818520104e-02	1.0818520104e-02	1.5211673029e-02	1.6318328574e-02	1.6318328574e-02	1.6318328574e-02	2.1088798629e-02	2.1088798629e-02	2.1088798629e-02	2.4425651773e-02	2.4425651773e-02	2.6286832440e-02	2.6286832440e-02	2.6286832440e-02	3.1782808345e-02	3.2883783436e-02	3.2883783436e-02	3.2883783436e-02	3.5402323520e-02	3.6682318372e-02	3.6682318372e-02	3.8768756233e-02	4.0115924863e-02	4.0115924863e-02	4.0115924863e-02	4.1740434646e-02	4.3088428275e-02	4.3088428275e-02	4.5381635469e-02	4.5381635469e-02	4.6968100212e-02	4.6968100212e-02	4.6968100212e-02	4.9904804485e-02	5.1461533776e-02	
379	0.0	9.7357853484e-03	1.3674422523e-02	4.6467090044e-03	4.6467090044e-03	4.6467090044e-03	4.6467090044e-03	-2.6221476309e-03	-2.6221476309e-03	-2.6221476309e-03	-2.6221476309e-03	-1.4103086994e-02	-1.4103086994e-02	-1.4103086994e-02	-1.4103086994e-02	-2.0139882620e-02	-2.0139882620e-02	-2.0139882620e-02	-2.0139882620e-02	-2.5397716580e-02	-2.5397716580e-02	-2.5397716580e-02	-2.5987581645e-02	-2.9617090120e-02	-2.9617090120e-02	-2.9617090120e-02	-3.2564672146e-02	-3.2564672146e-02	-3.2564672146e-02	-3.2564672146e-02	-3.4049689222e-02	-3.4049689222e-02	-3.4049689222e-02	-3.4049689222e-02	-3.3926411760e-02	-3.3926411760e-02	-3.3926411760e-02	-3.3926411760e-02	-3.2141471091e-02	-3.2141471091e-02	-3.2141471091e-02	-3.2141471091e-02	-2.8756251376e-02	-2.8756251376e-02	-2.8756251376e-02	-2.4278044660e-02	-2.3999177626e-02	-2.3999177626e-02	-2.3999177626e-02	-1.8305882720e-02	-1.8305882720e-02	-1.8305882720e-02	-1.8305882720e-02	-1.2328757963e-02	-1.2328757963e-02	-1.2328757963e-02	-7.2927155250e-03	-6.6001273724e-03	-6.6001273724e-03	-6.6001273724e-03	-6.6001273724e-03	4.7949200528e-03	4.7949200528e-03	4.7949200528e-03	4.7949200528e-03	1.0818505389e-02	1.0818505389e-02	1.0818505389e-02	1.5211659893e-02	1.6318315738e-02	1.6318315738e-02	1.6318315738e-02	2.1088787408e-02	2.1088787408e-02	2.1088787408e-02	2.4425641733e-02	2.4425641733e-02	2.6286823051e-02	2.6286823051e-02	2.6286823051e-02	3.1782800622e-02	3.2883775816e-02	3.2883775816e-02	3.2883775816e-02	3.5402316557e-02	3.6682311522e-02	3.6682311522e-02	3.8768749811e-02	4.0115918585e-02	4.0115918585e-02	4.0115918585e-02	4.1740428632e-02	4.3088422432e-02	4.3088422432e-02	4.5381629853e-02	4.5381629853e-02	4.6968094816e-02	4.6968094816e-02	4.6968094816e-02	4.9904798534e-02	5.1461528066e-02	
380	0.0	9.7357780288e-03	1.3674416487e-02	4.6466957273e-03	4.6466957273e-03	4.6466957273e-03	4.6466957273e-03	-2.6221653630e-03	-2.6221653630e-03	-2.6221653630e-03	-2.6221653630e-03	-1.4103110615e-02	-1.4103110615e-02	-1.4103110615e-02	-1.4103110615e-02	-2.0139908140e-02	-2.0139908140e-02	-2.0139908140e-02	-2.0139908140e-02	-2.5397743771e-02	-2.5397743771e-02	-2.5397743771e-02	-2.5987609054e-02	-2.9617118582e-02	-2.9617118582e-02	-2.9617118582e-02	-3.2564701482e-02	-3.2564701482e-02	-3.2564701482e-02	-3.2564701482e-02	-3.4049718999e-02	-3.4049718999e-02	-3.4049718999e-02	-3.4049718999e-02	-3.3926441504e-02	-3.3926441504e-02	-3.3926441504e-02	-3.3926441504e-02	-3.2141500306e-02	-3.2141500306e-02	-3.2141500306e-02	-3.2141500306e-02	-2.8756279562e-02	-2.8756279562e-02	-2.8756279562e-02	-2.4278071395e-02	-2.3999204298e-02	-2.3999204298e-02	-2.3999204298e-02	-1.8305907471e-02	-1.8305907471e-02	-1.8305907471e-02	-1.8305907471e-02	-1.2328780651e-02	-1.2328780651e-02	-1.2328780651e-02	-7.2927364973e-03	-6.6001481710e-03	-6.6001481710e-03	-6.6001481710e-03	-6.6001481710e-03	4.7949036276e-03	4.7949036276e-03	4.7949036276e-03	4.7949036276e-03	1.0818491081e-02	1.0818491081e-02	1.0818491081e-02	1.5211647131e-02	1.6318303268e-02	1.6318303268e-02	1.6318303268e-02	2.1088776518e-02	2.1088776518e-02	2.1088776518e-02	2.4425632000e-02	2.4425632000e-02	2.6286813952e-02	2.6286813952e-02	2.6286813952e-02	3.1782793156e-02	3.2883768450e-02	3.2883768450e-02	3.2883768450e-02	3.5402309835e-02	3.6682304912e-02	3.6682304912e-02	3.8768743619e-02	4.0115912534e-02	4.0115912534e-02	4.0115912534e-02	4.1740422840e-02	4.3088416808e-02	4.3088416808e-02	4.5381624451e-02	4.5381624451e-02	4.6968089631e-02	4.6968089631e-02	4.6968089631e-02	4.9904792805e-02	5.1461522574e-02	
381	0.0	9.7357708945e-03	1.3674410603e-02	4.6466827850e-03	4.6466827850e-03	4.6466827850e-03	4.6466827850e-03	-2.6221826485e-03	-2.6221826485e-03	-2.6221826485e-03	-2.6221826485e-03	-1.4103133643e-02	-1.4103133643e-02	-1.4103133643e-02	-1.4103133643e-02	-2.0139933021e-02	-2.0139933021e-02	-2.0139933021e-02	-2.0139933021e-02	-2.5397770280e-02	-2.5397770280e-02	-2.5397770280e-02	-2.5987635777e-02	-2.9617146334e-02	-2.9617146334e-02	-2.9617146334e-02	-3.2564730085e-02	-3.2564730085e-02	-3.2564730085e-02	-3.2564730085e-02	-3.4049748032e-02	-3.4049748032e-02	-3.4049748032e-02	-3.4049748032e-02	-3.3926470505e-02	-3.3926470505e-02	-3.3926470505e-02	-3.3926470505e-02	-3.2141528791e-02	-3.2141528791e-02	-3.2141528791e-02	-3.2141528791e-02	-2.8756307044e-02	-2.8756307044e-02	-2.8756307044e-02	-2.4278097460e-02	-2.3999230300e-02	-2.3999230300e-02	-2.3999230300e-02	-1.8305931597e-02	-1.8305931597e-02	-1.8305931597e-02	-1.8305931597e-02	-1.2328802760e-02	-1.2328802760e-02	-1.2328802760e-02	-7.2927569283e-03	-6.6001684325e-03	-6.6001684325e-03	-6.6001684325e-03	-6.6001684325e-03	4.7948876413e-03	4.7948876413e-03	4.7948876413e-03	4.7948876413e-03	1.0818477165e-02	1.0818477165e-02	1.0818477165e-02	1.5211634728e-02	1.6318291150e-02	1.6318291150e-02	1.6318291150e-02	2.1088765947e-02	2.1088765947e-02	2.1088765947e-02	2.4425622562e-02	2.4425622562e-02	2.6286805133e-02	2.6286805133e-02	2.6286805133e-02	3.1782785935e-02	3.2883761327e-02	3.2883761327e-02	3.2883761327e-02	3.5402303343e-02	3.6682298529e-02	3.6682298529e-02	3.8768737647e-02	4.0115906701e-02	4.0115906701e-02	4.0115906701e-02	4.1740417261e-02	4.3088411393e-02	4.3088411393e-02	4.5381619253e-02	4.5381619253e-02	4.6968084647e-02	4.6968084647e-02	4.6968084647e-02	4.9904787288e-02	5.1461517289e-02	
382	0.0	9.7357639398e-03	1.3674404867e-02	4.6466701673e-03	4.6466701673e-03	4.6466701673e-03	4.6466701673e-03	-2.6221995011e-03	-2.6221995011e-03	-2.6221995011e-03	-2.6221995011e-03	-1.4103156096e-02	-1.4103156096e-02	-1.4103156096e-02	-1.4103156096e-02	-2.0139957281e-02	-2.0139957281e-02	-2.0139957281e-02	-2.0139957281e-02	-2.5397796130e-02	-2.5397796130e-02	-2.5397796130e-02	-2.5987661835e-02	-2.9617173395e-02	-2.9617173395e-02	-2.9617173395e-02	-3.2564757977e-02	-3.2564757977e-02	-3.2564757977e-02	-3.2564757977e-02	-3.4049776344e-02	-3.4049776344e-02	-3.4049776344e-02	-3.4049776344e-02	-3.3926498787e-02	-3.3926498787e-02	-3.3926498787e-02	-3.3926498787e-02	-3.2141556569e-02	-3.2141556569e-02	-3.2141556569e-02	-3.2141556569e-02	-2.8756333841e-02	-2.8756333841e-02	-2.8756333841e-02	-2.4278122874e-02	-2.3999255653e-02	-2.3999255653e-02	-2.3999255653e-02	-1.8305955117e-02	-1.8305955117e-02	-1.8305955117e-02	-1.8305955117e-02	-1.2328824309e-02	-1.2328824309e-02	-1.2328824309e-02	-7.2927768356e-03	-6.6001881745e-03	-6.6001881745e-03	-6.6001881745e-03	-6.6001881745e-03	4.7948720783e-03	4.7948720783e-03	4.7948720783e-03	4.7948720783e-03	1.0818463626e-02	1.0818463626e-02	1.0818463626e-02	1.5211622671e-02	1.6318279370e-02	1.6318279370e-02	1.6318279370e-02	2.1088755680e-02	2.1088755680e-02	2.1088755680e-02	2.4425613405e-02	2.4425613405e-02	2.6286796580e-02	2.6286796580e-02	2.6286796580e-02	3.1782778947e-02	3.2883754436e-02	3.2883754436e-02	3.2883754436e-02	3.5402297070e-02	3.6682292363e-02	3.6682292363e-02	3.8768731883e-02	4.0115901073e-02	4.0115901073e-02	4.0115901073e-02	4.1740411883e-02	4.3088406177e-02	4.3088406177e-02	4.5381614250e-02	4.5381614250e-02	4.6968079853e-02	4.6968079853e-02	4.6968079853e-02	4.9904781972e-02	5.1461512202e-02	
383	0.0	9.7357571593e-03	1.3674399275e-02	4.6466578642e-03	4.6466578642e-03	4.6466578642e-03	4.6466578642e-03	-2.6222159341e-03	-2.6222159341e-03	-2.6222159341e-03	-2.6222159341e-03	-1.4103177990e-02	-1.4103177990e-02	-1.4103177990e-02	-1.4103177990e-02	-2.0139980939e-02	-2.0139980939e-02	-2.0139980939e-02	-2.0139980939e-02	-2.5397821339e-02	-2.5397821339e-02	-2.5397821339e-02	-2.5987687247e-02	-2.9617199786e-02	-2.9617199786e-02	-2.9617199786e-02	-3.2564785180e-02	-3.2564785180e-02	-3.2564785180e-02	-3.2564785180e-02	-3.4049803957e-02	-3.4049803957e-02	-3.4049803957e-02	-3.4049803957e-02	-3.3926526369e-02	-3.3926526369e-02	-3.3926526369e-02	-3.3926526369e-02	-3.2141583660e-02	-3.2141583660e-02	-3.2141583660e-02	-3.2141583660e-02	-2.8756359975e-02	-2.8756359975e-02	-2.8756359975e-02	-2.4278147658e-02	-2.3999280378e-02	-2.3999280378e-02	-2.3999280378e-02	-1.8305978050e-02	-1.8305978050e-02	-1.8305978050e-02	-1.8305978050e-02	-1.2328845315e-02	-1.2328845315e-02	-1.2328845315e-02	-7.2927962365e-03	-6.6002074141e-03	-6.6002074141e-03	-6.6002074141e-03	-6.6002074141e-03	4.7948569235e-03	4.7948569235e-03	4.7948569235e-03	4.7948569235e-03	1.0818450451e-02	1.0818450451e-02	1.0818450451e-02	1.5211610945e-02	1.6318267916e-02	1.6318267916e-02	1.6318267916e-02	2.1088745707e-02	2.1088745707e-02	2.1088745707e-02	2.4425604518e-02	2.4425604518e-02	2.6286788281e-02	2.6286788281e-02	2.6286788281e-02	3.1782772181e-02	3.2883747765e-02	3.2883747765e-02	3.2883747765e-02	3.5402291005e-02	3.6682286403e-02	3.6682286403e-02	3.8768726319e-02	4.0115895642e-02	4.0115895642e-02	4.0115895642e-02	4.1740406697e-02	4.3088401149e-02	4.3088401149e-02	4.5381609432e-02	4.5381609432e-02	4.6968075239e-02	4.6968075239e-02	4.6968075239e-02	4.9904776848e-02	5.1461507302e-02	
384	0.0	9.7357505473e-03	1.3674393821e-02	4.6466458660e-03	4.6466458660e-03	4.6466458660e-03	4.6466458660e-03	-2.6222319604e-03	-2.6222319604e-03	-2.6222319604e-03	-2.6222319604e-03	-1.4103199343e-02	-1.4103199343e-02	-1.4103199343e-02	-1.4103199343e-02	-2.0140004014e-02	-2.0140004014e-02	-2.0140004014e-02	-2.0140004014e-02	-2.5397845928e-02	-2.5397845928e-02	-2.5397845928e-02	-2.5987712034e-02	-2.9617225529e-02	-2.9617225529e-02	-2.9617225529e-02	-3.2564811715e-02	-3.2564811715e-02	-3.2564811715e-02	-3.2564811715e-02	-3.4049830892e-02	-3.4049830892e-02	-3.4049830892e-02	-3.4049830892e-02	-3.3926553274e-02	-3.3926553274e-02	-3.3926553274e-02	-3.3926553274e-02	-3.2141610085e-02	-3.2141610085e-02	-3.2141610085e-02	-3.2141610085e-02	-2.8756385467e-02	-2.8756385467e-02	-2.8756385467e-02	-2.4278171831e-02	-2.3999304492e-02	-2.3999304492e-02	-2.3999304492e-02	-1.8306000415e-02	-1.8306000415e-02	-1.8306000415e-02	-1.8306000415e-02	-1.2328865796e-02	-1.2328865796e-02	-1.2328865796e-02	-7.2928151482e-03	-6.6002261683e-03	-6.6002261683e-03	-6.6002261683e-03	-6.6002261683e-03	4.7948421616e-03	4.7948421616e-03	4.7948421616e-03	4.7948421616e-03	1.0818437625e-02	1.0818437625e-02	1.0818437625e-02	1.5211599537e-02	1.6318256772e-02	1.6318256772e-02	1.6318256772e-02	2.1088736012e-02	2.1088736012e-02	2.1088736012e-02	2.4425595889e-02	2.4425595889e-02	2.6286780226e-02	2.6286780226e-02	2.6286780226e-02	3.1782765626e-02	3.2883741304e-02	3.2883741304e-02	3.2883741304e-02	3.5402285137e-02	3.6682280639e-02	3.6682280639e-02	3.8768720942e-02	4.0115890396e-02	4.0115890396e-02	4.0115890396e-02	4.1740401692e-02	4.3088396299e-02	4.3088396299e-02	4.5381604788e-02	4.5381604788e-02	4.6968070797e-02	4.6968070797e-02	4.6968070797e-02	4.9904771905e-02	5.1461502580e-02	
385	0.0	9.7357440987e-03	1.3674388502e-02	4.6466341630e-03	4.6466341630e-03	4.6466341630e-03	4.6466341630e-03	-2.6222475929e-03	-2.6222475929e-03	-2.6222475929e-03	-2.6222475929e-03	-1.4103220172e-02	-1.4103220172e-02	-1.4103220172e-02	-1.4103220172e-02	-2.0140026524e-02	-2.0140026524e-02	-2.0140026524e-02	-2.0140026524e-02	-2.5397869915e-02	-2.5397869915e-02	-2.5397869915e-02	-2.5987736216e-02	-2.9617250643e-02	-2.9617250643e-02	-2.9617250643e-02	-3.2564837601e-02	-3.2564837601e-02	-3.2564837601e-02	-3.2564837601e-02	-3.4049857169e-02	-3.4049857169e-02	-3.4049857169e-02	-3.4049857169e-02	-3.3926579523e-02	-3.3926579523e-02	-3.3926579523e-02	-3.3926579523e-02	-3.2141635865e-02	-3.2141635865e-02	-3.2141635865e-02	-3.2141635865e-02	-2.8756410336e-02	-2.8756410336e-02	-2.8756410336e-02	-2.4278195412e-02	-2.3999328017e-02	-2.3999328017e-02	-2.3999328017e-02	-1.8306022230e-02	-1.8306022230e-02	-1.8306022230e-02	-1.8306022230e-02	-1.2328885770e-02	-1.2328885770e-02	-1.2328885770e-02	-7.2928335870e-03	-6.6002444535e-03	-6.6002444535e-03	-6.6002444535e-03	-6.6002444535e-03	4.7948277783e-03	4.7948277783e-03	4.7948277783e-03	4.7948277783e-03	1.0818425134e-02	1.0818425134e-02	1.0818425134e-02	1.5211588435e-02	1.6318245928e-02	1.6318245928e-02	1.6318245928e-02	2.1088726586e-02	2.1088726586e-02	2.1088726586e-02	2.4425587505e-02	2.4425587505e-02	2.6286772402e-02	2.6286772402e-02	2.6286772402e-02	3.1782759272e-02	3.2883735041e-02	3.2883735041e-02	3.2883735041e-02	3.5402279455e-02	3.6682275059e-02	3.6682275059e-02	3.8768715743e-02	4.0115885325e-02	4.0115885325e-02	4.0115885325e-02	4.1740396858e-02	4.3088391617e-02	4.3088391617e-02	4.5381600309e-02	4.5381600309e-02	4.6968066516e-02	4.6968066516e-02	4.6968066516e-02	4.9904767134e-02	5.1461498026e-02	
386	0.0	9.7357378081e-03	1.3674383314e-02	4.6466227459e-03	4.6466227459e-03	4.6466227459e-03	4.6466227459e-03	-2.6222628438e-03	-2.6222628438e-03	-2.6222628438e-03	-2.6222628438e-03	-1.4103240494e-02	-1.4103240494e-02	-1.4103240494e-02	-1.4103240494e-02	-2.0140048486e-02	-2.0140048486e-02	-2.0140048486e-02	-2.0140048486e-02	-2.5397893320e-02	-2.5397893320e-02	-2.5397893320e-02	-2.5987759810e-02	-2.9617275147e-02	-2.9617275147e-02	-2.9617275147e-02	-3.2564862860e-02	-3.2564862860e-02	-3.2564862860e-02	-3.2564862860e-02	-3.4049882809e-02	-3.4049882809e-02	-3.4049882809e-02	-3.4049882809e-02	-3.3926605135e-02	-3.3926605135e-02	-3.3926605135e-02	-3.3926605135e-02	-3.2141661020e-02	-3.2141661020e-02	-3.2141661020e-02	-3.2141661020e-02	-2.8756434601e-02	-2.8756434601e-02	-2.8756434601e-02	-2.4278218419e-02	-2.3999350969e-02	-2.3999350969e-02	-2.3999350969e-02	-1.8306043513e-02	-1.8306043513e-02	-1.8306043513e-02	-1.8306043513e-02	-1.2328905252e-02	-1.2328905252e-02	-1.2328905252e-02	-7.2928515691e-03	-6.6002622856e-03	-6.6002622856e-03	-6.6002622856e-03	-6.6002622856e-03	4.7948137593e-03	4.7948137593e-03	4.7948137593e-03	4.7948137593e-03	1.0818412965e-02	1.0818412965e-02	1.0818412965e-02	1.5211577625e-02	1.6318235370e-02	1.6318235370e-02	1.6318235370e-02	2.1088717415e-02	2.1088717415e-02	2.1088717415e-02	2.4425579356e-02	2.4425579356e-02	2.6286764799e-02	2.6286764799e-02	2.6286764799e-02	3.1782753107e-02	3.2883728967e-02	3.2883728967e-02	3.2883728967e-02	3.5402273951e-02	3.6682269655e-02	3.6682269655e-02	3.8768710712e-02	4.0115880420e-02	4.0115880420e-02	4.0115880420e-02	4.1740392185e-02	4.3088387094e-02	4.3088387094e-02	4.5381595984e-02	4.5381595984e-02	4.6968062386e-02	4.6968062386e-02	4.6968062386e-02	4.9904762525e-02	5.1461493630e-02	
387	0.0	9.7357316705e-03	1.3674378252e-02	4.6466116057e-03	4.6466116057e-03	4.6466116057e-03	4.6466116057e-03	-2.6222777254e-03	-2.6222777254e-03	-2.6222777254e-03	-2.6222777254e-03	-1.4103260324e-02	-1.4103260324e-02	-1.4103260324e-02	-1.4103260324e-02	-2.0140069919e-02	-2.0140069919e-02	-2.0140069919e-02	-2.0140069919e-02	-2.5397916160e-02	-2.5397916160e-02	-2.5397916160e-02	-2.5987782835e-02	-2.9617299061e-02	-2.9617299061e-02	-2.9617299061e-02	-3.2564887511e-02	-3.2564887511e-02	-3.2564887511e-02	-3.2564887511e-02	-3.4049907832e-02	-3.4049907832e-02	-3.4049907832e-02	-3.4049907832e-02	-3.3926630131e-02	-3.3926630131e-02	-3.3926630131e-02	-3.3926630131e-02	-3.2141685570e-02	-3.2141685570e-02	-3.2141685570e-02	-3.2141685570e-02	-2.8756458282e-02	-2.8756458282e-02	-2.8756458282e-02	-2.4278240872e-02	-2.3999373368e-02	-2.3999373368e-02	-2.3999373368e-02	-1.8306064280e-02	-1.8306064280e-02	-1.8306064280e-02	-1.8306064280e-02	-1.2328924261e-02	-1.2328924261e-02	-1.2328924261e-02	-7.2928691102e-03	-6.6002796802e-03	-6.6002796802e-03	-6.6002796802e-03	-6.6002796802e-03	4.7948000909e-03	4.7948000909e-03	4.7948000909e-03	4.7948000909e-03	1.0818401105e-02	1.0818401105e-02	1.0818401105e-02	1.5211567095e-02	1.6318225086e-02	1.6318225086e-02	1.6318225086e-02	2.1088708489e-02	2.1088708489e-02	2.1088708489e-02	2.4425571429e-02	2.4425571429e-02	2.6286757406e-02	2.6286757406e-02	2.6286757406e-02	3.1782747123e-02	3.2883723071e-02	3.2883723071e-02	3.2883723071e-02	3.5402268613e-02	3.6682264415e-02	3.6682264415e-02	3.8768705838e-02	4.0115875670e-02	4.0115875670e-02	4.0115875670e-02	4.1740387664e-02	4.3088382719e-02	4.3088382719e-02	4.5381591806e-02	4.5381591806e-02	4.6968058398e-02	4.6968058398e-02	4.6968058398e-02	4.9904758069e-02	5.1461489384e-02	
388	0.0	9.7357256811e-03	1.3674373312e-02	4.6466007335e-03	4.6466007335e-03	4.6466007335e-03	4.6466007335e-03	-2.6222922493e-03	-2.6222922493e-03	-2.6222922493e-03	-2.6222922493e-03	-1.4103279677e-02	-1.4103279677e-02	-1.4103279677e-02	-1.4103279677e-02	-2.0140090837e-02	-2.0140090837e-02	-2.0140090837e-02	-2.0140090837e-02	-2.5397938454e-02	-2.5397938454e-02	-2.5397938454e-02	-2.5987805308e-02	-2.9617322403e-02	-2.9617322403e-02	-2.9617322403e-02	-3.2564911572e-02	-3.2564911572e-02	-3.2564911572e-02	-3.2564911572e-02	-3.4049932257e-02	-3.4049932257e-02	-3.4049932257e-02	-3.4049932257e-02	-3.3926654529e-02	-3.3926654529e-02	-3.3926654529e-02	-3.3926654529e-02	-3.2141709532e-02	-3.2141709532e-02	-3.2141709532e-02	-3.2141709532e-02	-2.8756481396e-02	-2.8756481396e-02	-2.8756481396e-02	-2.4278262787e-02	-2.3999395230e-02	-2.3999395230e-02	-2.3999395230e-02	-1.8306084548e-02	-1.8306084548e-02	-1.8306084548e-02	-1.8306084548e-02	-1.2328942810e-02	-1.2328942810e-02	-1.2328942810e-02	-7.2928862253e-03	-6.6002966524e-03	-6.6002966524e-03	-6.6002966524e-03	-6.6002966524e-03	4.7947867600e-03	4.7947867600e-03	4.7947867600e-03	4.7947867600e-03	1.0818389543e-02	1.0818389543e-02	1.0818389543e-02	1.5211556834e-02	1.6318215065e-02	1.6318215065e-02	1.6318215065e-02	2.1088699796e-02	2.1088699796e-02	2.1088699796e-02	2.4425563715e-02	2.4425563715e-02	2.6286750213e-02	2.6286750213e-02	2.6286750213e-02	3.1782741308e-02	3.2883717343e-02	3.2883717343e-02	3.2883717343e-02	3.5402263433e-02	3.6682259332e-02	3.6682259332e-02	3.8768701114e-02	4.0115871067e-02	4.0115871067e-02	4.0115871067e-02	4.1740383286e-02	4.3088378485e-02	4.3088378485e-02	4.5381587764e-02	4.5381587764e-02	4.6968054544e-02	4.6968054544e-02	4.6968054544e-02	4.9904753757e-02	5.1461485278e-02	
389	0.0	9.7357198350e-03	1.3674368490e-02	4.6465901208e-03	4.6465901208e-03	4.6465901208e-03	4.6465901208e-03	-2.6223064269e-03	-2.6223064269e-03	-2.6223064269e-03	-2.6223064269e-03	-1.4103298570e-02	-1.4103298570e-02	-1.4103298570e-02	-1.4103298570e-02	-2.0140111257e-02	-2.0140111257e-02	-2.0140111257e-02	-2.0140111257e-02	-2.5397960217e-02	-2.5397960217e-02	-2.5397960217e-02	-2.5987827248e-02	-2.9617345190e-02	-2.9617345190e-02	-2.9617345190e-02	-3.2564935062e-02	-3.2564935062e-02	-3.2564935062e-02	-3.2564935062e-02	-3.4049956102e-02	-3.4049956102e-02	-3.4049956102e-02	-3.4049956102e-02	-3.3926678348e-02	-3.3926678348e-02	-3.3926678348e-02	-3.3926678348e-02	-3.2141732926e-02	-3.2141732926e-02	-3.2141732926e-02	-3.2141732926e-02	-2.8756503962e-02	-2.8756503962e-02	-2.8756503962e-02	-2.4278284182e-02	-2.3999416574e-02	-2.3999416574e-02	-2.3999416574e-02	-1.8306104335e-02	-1.8306104335e-02	-1.8306104335e-02	-1.8306104335e-02	-1.2328960916e-02	-1.2328960916e-02	-1.2328960916e-02	-7.2929029292e-03	-6.6003132166e-03	-6.6003132166e-03	-6.6003132166e-03	-6.6003132166e-03	4.7947737535e-03	4.7947737535e-03	4.7947737535e-03	4.7947737535e-03	1.0818378265e-02	1.0818378265e-02	1.0818378265e-02	1.5211546829e-02	1.6318205295e-02	1.6318205295e-02	1.6318205295e-02	2.1088691326e-02	2.1088691326e-02	2.1088691326e-02	2.4425556204e-02	2.4425556204e-02	2.6286743209e-02	2.6286743209e-02	2.6286743209e-02	3.1782735654e-02	3.2883711775e-02	3.2883711775e-02	3.2883711775e-02	3.5402258400e-02	3.6682254394e-02	3.6682254394e-02	3.8768696529e-02	4.0115866602e-02	4.0115866602e-02	4.0115866602e-02	4.1740379041e-02	4.3088374382e-02	4.3088374382e-02	4.5381583851e-02	4.5381583851e-02	4.6968050814e-02	4.6968050814e-02	4.6968050814e-02	4.9904749580e-02	5.1461481304e-02	
390	0.0	9.7357141276e-03	1.3674363783e-02	4.6465797592e-03	4.6465797592e-03	4.6465797592e-03	4.6465797592e-03	-2.6223202691e-03	-2.6223202691e-03	-2.6223202691e-03	-2.6223202691e-03	-1.4103317016e-02	-1.4103317016e-02	-1.4103317016e-02	-1.4103317016e-02	-2.0140131196e-02	-2.0140131196e-02	-2.0140131196e-02	-2.0140131196e-02	-2.5397981467e-02	-2.5397981467e-02	-2.5397981467e-02	-2.5987848670e-02	-2.9617367440e-02	-2.9617367440e-02	-2.9617367440e-02	-3.2564957998e-02	-3.2564957998e-02	-3.2564957998e-02	-3.2564957998e-02	-3.4049979385e-02	-3.4049979385e-02	-3.4049979385e-02	-3.4049979385e-02	-3.3926701606e-02	-3.3926701606e-02	-3.3926701606e-02	-3.3926701606e-02	-3.2141755769e-02	-3.2141755769e-02	-3.2141755769e-02	-3.2141755769e-02	-2.8756525997e-02	-2.8756525997e-02	-2.8756525997e-02	-2.4278305073e-02	-2.3999437414e-02	-2.3999437414e-02	-2.3999437414e-02	-1.8306123654e-02	-1.8306123654e-02	-1.8306123654e-02	-1.8306123654e-02	-1.2328978594e-02	-1.2328978594e-02	-1.2328978594e-02	-7.2929192360e-03	-6.6003293869e-03	-6.6003293869e-03	-6.6003293869e-03	-6.6003293869e-03	4.7947610594e-03	4.7947610594e-03	4.7947610594e-03	4.7947610594e-03	1.0818367261e-02	1.0818367261e-02	1.0818367261e-02	1.5211537070e-02	1.6318195765e-02	1.6318195765e-02	1.6318195765e-02	2.1088683067e-02	2.1088683067e-02	2.1088683067e-02	2.4425548884e-02	2.4425548884e-02	2.6286736385e-02	2.6286736385e-02	2.6286736385e-02	3.1782730151e-02	3.2883706356e-02	3.2883706356e-02	3.2883706356e-02	3.5402253507e-02	3.6682249594e-02	3.6682249594e-02	3.8768692075e-02	4.0115862265e-02	4.0115862265e-02	4.0115862265e-02	4.1740374921e-02	4.3088370401e-02	4.3088370401e-02	4.5381580056e-02	4.5381580056e-02	4.6968047201e-02	4.6968047201e-02	4.6968047201e-02	4.9904745529e-02	5.1461477452e-02	
391	0.0	9.7357085544e-03	1.3674359187e-02	4.6465696409e-03	4.6465696409e-03	4.6465696409e-03	4.6465696409e-03	-2.6223337866e-03	-2.6223337866e-03	-2.6223337866e-03	-2.6223337866e-03	-1.4103335029e-02	-1.4103335029e-02	-1.4103335029e-02	-1.4103335029e-02	-2.0140150668e-02	-2.0140150668e-02	-2.0140150668e-02	-2.0140150668e-02	-2.5398002220e-02	-2.5398002220e-02	-2.5398002220e-02	-2.5987869592e-02	-2.9617389170e-02	-2.9617389170e-02	-2.9617389170e-02	-3.2564980398e-02	-3.2564980398e-02	-3.2564980398e-02	-3.2564980398e-02	-3.4050002124e-02	-3.4050002124e-02	-3.4050002124e-02	-3.4050002124e-02	-3.3926724320e-02	-3.3926724320e-02	-3.3926724320e-02	-3.3926724320e-02	-3.2141778078e-02	-3.2141778078e-02	-3.2141778078e-02	-3.2141778078e-02	-2.8756547516e-02	-2.8756547516e-02	-2.8756547516e-02	-2.4278325475e-02	-2.3999457768e-02	-2.3999457768e-02	-2.3999457768e-02	-1.8306142522e-02	-1.8306142522e-02	-1.8306142522e-02	-1.8306142522e-02	-1.2328995857e-02	-1.2328995857e-02	-1.2328995857e-02	-7.2929351592e-03	-6.6003451767e-03	-6.6003451767e-03	-6.6003451767e-03	-6.6003451767e-03	4.7947486659e-03	4.7947486659e-03	4.7947486659e-03	4.7947486659e-03	1.0818356519e-02	1.0818356519e-02	1.0818356519e-02	1.5211527547e-02	1.6318186466e-02	1.6318186466e-02	1.6318186466e-02	2.1088675012e-02	2.1088675012e-02	2.1088675012e-02	2.4425541747e-02	2.4425541747e-02	2.6286729732e-02	2.6286729732e-02	2.6286729732e-02	3.1782724791e-02	3.2883701079e-02	3.2883701079e-02	3.2883701079e-02	3.5402248745e-02	3.6682244924e-02	3.6682244924e-02	3.8768687744e-02	4.0115858049e-02	4.0115858049e-02	4.0115858049e-02	4.1740370918e-02	4.3088366534e-02	4.3088366534e-02	4.5381576373e-02	4.5381576373e-02	4.6968043695e-02	4.6968043695e-02	4.6968043695e-02	4.9904741596e-02	5.1461473715e-02	
392	0.0	9.7357031113e-03	1.3674354698e-02	4.6465597582e-03	4.6465597582e-03	4.6465597582e-03	4.6465597582e-03	-2.6223469897e-03	-2.6223469897e-03	-2.6223469897e-03	-2.6223469897e-03	-1.4103352623e-02	-1.4103352623e-02	-1.4103352623e-02	-1.4103352623e-02	-2.0140169687e-02	-2.0140169687e-02	-2.0140169687e-02	-2.0140169687e-02	-2.5398022491e-02	-2.5398022491e-02	-2.5398022491e-02	-2.5987890027e-02	-2.9617410395e-02	-2.9617410395e-02	-2.9617410395e-02	-3.2565002278e-02	-3.2565002278e-02	-3.2565002278e-02	-3.2565002278e-02	-3.4050024335e-02	-3.4050024335e-02	-3.4050024335e-02	-3.4050024335e-02	-3.3926746508e-02	-3.3926746508e-02	-3.3926746508e-02	-3.3926746508e-02	-3.2141799870e-02	-3.2141799870e-02	-3.2141799870e-02	-3.2141799870e-02	-2.8756568537e-02	-2.8756568537e-02	-2.8756568537e-02	-2.4278345405e-02	-2.3999477649e-02	-2.3999477649e-02	-2.3999477649e-02	-1.8306160952e-02	-1.8306160952e-02	-1.8306160952e-02	-1.8306160952e-02	-1.2329012719e-02	-1.2329012719e-02	-1.2329012719e-02	-7.2929507118e-03	-6.6003605991e-03	-6.6003605991e-03	-6.6003605991e-03	-6.6003605991e-03	4.7947365616e-03	4.7947365616e-03	4.7947365616e-03	4.7947365616e-03	1.0818346029e-02	1.0818346029e-02	1.0818346029e-02	1.5211518249e-02	1.6318177386e-02	1.6318177386e-02	1.6318177386e-02	2.1088667149e-02	2.1088667149e-02	2.1088667149e-02	2.4425534784e-02	2.4425534784e-02	2.6286723241e-02	2.6286723241e-02	2.6286723241e-02	3.1782719566e-02	3.2883695935e-02	3.2883695935e-02	3.2883695935e-02	3.5402244105e-02	3.6682240375e-02	3.6682240375e-02	3.8768683528e-02	4.0115853946e-02	4.0115853946e-02	4.0115853946e-02	4.1740367025e-02	4.3088362774e-02	4.3088362774e-02	4.5381572793e-02	4.5381572793e-02	4.6968040290e-02	4.6968040290e-02	4.6968040290e-02	4.9904737774e-02	5.1461470085e-02	
393	0.0	9.7356977940e-03	1.3674350312e-02	4.6465501036e-03	4.6465501036e-03	4.6465501036e-03	4.6465501036e-03	-2.6223598881e-03	-2.6223598881e-03	-2.6223598881e-03	-2.6223598881e-03	-1.4103369812e-02	-1.4103369812e-02	-1.4103369812e-02	-1.4103369812e-02	-2.0140188267e-02	-2.0140188267e-02	-2.0140188267e-02	-2.0140188267e-02	-2.5398042295e-02	-2.5398042295e-02	-2.5398042295e-02	-2.5987909992e-02	-2.9617431131e-02	-2.9617431131e-02	-2.9617431131e-02	-3.2565023655e-02	-3.2565023655e-02	-3.2565023655e-02	-3.2565023655e-02	-3.4050046035e-02	-3.4050046035e-02	-3.4050046035e-02	-3.4050046035e-02	-3.3926768185e-02	-3.3926768185e-02	-3.3926768185e-02	-3.3926768185e-02	-3.2141821160e-02	-3.2141821160e-02	-3.2141821160e-02	-3.2141821160e-02	-2.8756589074e-02	-2.8756589074e-02	-2.8756589074e-02	-2.4278364877e-02	-2.3999497074e-02	-2.3999497074e-02	-2.3999497074e-02	-1.8306178958e-02	-1.8306178958e-02	-1.8306178958e-02	-1.8306178958e-02	-1.2329029194e-02	-1.2329029194e-02	-1.2329029194e-02	-7.2929659064e-03	-6.6003756663e-03	-6.6003756663e-03	-6.6003756663e-03	-6.6003756663e-03	4.7947247359e-03	4.7947247359e-03	4.7947247359e-03	4.7947247359e-03	1.0818335782e-02	1.0818335782e-02	1.0818335782e-02	1.5211509166e-02	1.6318168518e-02	1.6318168518e-02	1.6318168518e-02	2.1088659471e-02	2.1088659471e-02	2.1088659471e-02	2.4425527986e-02	2.4425527986e-02	2.6286716905e-02	2.6286716905e-02	2.6286716905e-02	3.1782714468e-02	3.2883690917e-02	3.2883690917e-02	3.2883690917e-02	3.5402239581e-02	3.6682235939e-02	3.6682235939e-02	3.8768679419e-02	4.0115849948e-02	4.0115849948e-02	4.0115849948e-02	4.1740363232e-02	4.3088359113e-02	4.3088359113e-02	4.5381569310e-02	4.5381569310e-02	4.6968036977e-02	4.6968036977e-02	4.6968036977e-02	4.9904734055e-02	5.1461466555e-02	
394	0.0	9.7356925987e-03	1.3674346028e-02	4.6465406701e-03	4.6465406701e-03	4.6465406701e-03	4.6465406701e-03	-2.6223724912e-03	-2.6223724912e-03	-2.6223724912e-03	-2.6223724912e-03	-1.4103386607e-02	-1.4103386607e-02	-1.4103386607e-02	-1.4103386607e-02	-2.0140206423e-02	-2.0140206423e-02	-2.0140206423e-02	-2.0140206423e-02	-2.5398061646e-02	-2.5398061646e-02	-2.5398061646e-02	-2.5987929500e-02	-2.9617451394e-02	-2.9617451394e-02	-2.9617451394e-02	-3.2565044542e-02	-3.2565044542e-02	-3.2565044542e-02	-3.2565044542e-02	-3.4050067239e-02	-3.4050067239e-02	-3.4050067239e-02	-3.4050067239e-02	-3.3926789366e-02	-3.3926789366e-02	-3.3926789366e-02	-3.3926789366e-02	-3.2141841964e-02	-3.2141841964e-02	-3.2141841964e-02	-3.2141841964e-02	-2.8756609142e-02	-2.8756609142e-02	-2.8756609142e-02	-2.4278383905e-02	-2.3999516056e-02	-2.3999516056e-02	-2.3999516056e-02	-1.8306196555e-02	-1.8306196555e-02	-1.8306196555e-02	-1.8306196555e-02	-1.2329045294e-02	-1.2329045294e-02	-1.2329045294e-02	-7.2929807549e-03	-6.6003903903e-03	-6.6003903903e-03	-6.6003903903e-03	-6.6003903903e-03	4.7947131784e-03	4.7947131784e-03	4.7947131784e-03	4.7947131784e-03	1.0818325766e-02	1.0818325766e-02	1.0818325766e-02	1.5211500291e-02	1.6318159852e-02	1.6318159852e-02	1.6318159852e-02	2.1088651969e-02	2.1088651969e-02	2.1088651969e-02	2.4425521345e-02	2.4425521345e-02	2.6286710715e-02	2.6286710715e-02	2.6286710715e-02	3.1782709489e-02	3.2883686017e-02	3.2883686017e-02	3.2883686017e-02	3.5402235164e-02	3.6682231610e-02	3.6682231610e-02	3.8768675411e-02	4.0115846049e-02	4.0115846049e-02	4.0115846049e-02	4.1740359535e-02	4.3088355544e-02	4.3088355544e-02	4.5381565915e-02	4.5381565915e-02	4.6968033752e-02	4.6968033752e-02	4.6968033752e-02	4.9904730431e-02	5.1461463118e-02	
395	0.0	9.7356875214e-03	1.3674341841e-02	4.6465314507e-03	4.6465314507e-03	4.6465314507e-03	4.6465314507e-03	-2.6223848083e-03	-2.6223848083e-03	-2.6223848083e-03	-2.6223848083e-03	-1.4103403020e-02	-1.4103403020e-02	-1.4103403020e-02	-1.4103403020e-02	-2.0140224166e-02	-2.0140224166e-02	-2.0140224166e-02	-2.0140224166e-02	-2.5398080558e-02	-2.5398080558e-02	-2.5398080558e-02	-2.5987948566e-02	-2.9617471196e-02	-2.9617471196e-02	-2.9617471196e-02	-3.2565064956e-02	-3.2565064956e-02	-3.2565064956e-02	-3.2565064956e-02	-3.4050087961e-02	-3.4050087961e-02	-3.4050087961e-02	-3.4050087961e-02	-3.3926810067e-02	-3.3926810067e-02	-3.3926810067e-02	-3.3926810067e-02	-3.2141862296e-02	-3.2141862296e-02	-3.2141862296e-02	-3.2141862296e-02	-2.8756628756e-02	-2.8756628756e-02	-2.8756628756e-02	-2.4278402502e-02	-2.3999534608e-02	-2.3999534608e-02	-2.3999534608e-02	-1.8306213754e-02	-1.8306213754e-02	-1.8306213754e-02	-1.8306213754e-02	-1.2329061030e-02	-1.2329061030e-02	-1.2329061030e-02	-7.2929952687e-03	-6.6004047824e-03	-6.6004047824e-03	-6.6004047824e-03	-6.6004047824e-03	4.7947018796e-03	4.7947018796e-03	4.7947018796e-03	4.7947018796e-03	1.0818315975e-02	1.0818315975e-02	1.0818315975e-02	1.5211491614e-02	1.6318151379e-02	1.6318151379e-02	1.6318151379e-02	2.1088644635e-02	2.1088644635e-02	2.1088644635e-02	2.4425514853e-02	2.4425514853e-02	2.6286704664e-02	2.6286704664e-02	2.6286704664e-02	3.1782704623e-02	3.2883681228e-02	3.2883681228e-02	3.2883681228e-02	3.5402230849e-02	3.6682227381e-02	3.6682227381e-02	3.8768671496e-02	4.0115842241e-02	4.0115842241e-02	4.0115842241e-02	4.1740355925e-02	4.3088352061e-02	4.3088352061e-02	4.5381562604e-02	4.5381562604e-02	4.6968030605e-02	4.6968030605e-02	4.6968030605e-02	4.9904726898e-02	5.1461459766e-02	
396	0.0	9.7356825586e-03	1.3674337748e-02	4.6465224391e-03	4.6465224391e-03	4.6465224391e-03	4.6465224391e-03	-2.6223968479e-03	-2.6223968479e-03	-2.6223968479e-03	-2.6223968479e-03	-1.4103419064e-02	-1.4103419064e-02	-1.4103419064e-02	-1.4103419064e-02	-2.0140241510e-02	-2.0140241510e-02	-2.0140241510e-02	-2.0140241510e-02	-2.5398099043e-02	-2.5398099043e-02	-2.5398099043e-02	-2.5987967202e-02	-2.9617490553e-02	-2.9617490553e-02	-2.9617490553e-02	-3.2565084910e-02	-3.2565084910e-02	-3.2565084910e-02	-3.2565084910e-02	-3.4050108217e-02	-3.4050108217e-02	-3.4050108217e-02	-3.4050108217e-02	-3.3926830301e-02	-3.3926830301e-02	-3.3926830301e-02	-3.3926830301e-02	-3.2141882170e-02	-3.2141882170e-02	-3.2141882170e-02	-3.2141882170e-02	-2.8756647929e-02	-2.8756647929e-02	-2.8756647929e-02	-2.4278420682e-02	-2.3999552744e-02	-2.3999552744e-02	-2.3999552744e-02	-1.8306230568e-02	-1.8306230568e-02	-1.8306230568e-02	-1.8306230568e-02	-1.2329076415e-02	-1.2329076415e-02	-1.2329076415e-02	-7.2930094587e-03	-6.6004188533e-03	-6.6004188533e-03	-6.6004188533e-03	-6.6004188533e-03	4.7946908303e-03	4.7946908303e-03	4.7946908303e-03	4.7946908303e-03	1.0818306399e-02	1.0818306399e-02	1.0818306399e-02	1.5211483128e-02	1.6318143092e-02	1.6318143092e-02	1.6318143092e-02	2.1088637462e-02	2.1088637462e-02	2.1088637462e-02	2.4425508504e-02	2.4425508504e-02	2.6286698745e-02	2.6286698745e-02	2.6286698745e-02	3.1782699864e-02	3.2883676545e-02	3.2883676545e-02	3.2883676545e-02	3.5402226629e-02	3.6682223245e-02	3.6682223245e-02	3.8768667668e-02	4.0115838519e-02	4.0115838519e-02	4.0115838519e-02	4.1740352398e-02	4.3088348658e-02	4.3088348658e-02	4.5381559370e-02	4.5381559370e-02	4.6968027533e-02	4.6968027533e-02	4.6968027533e-02	4.9904723447e-02	5.1461456494e-02	
397	0.0	9.7356777067e-03	1.3674333747e-02	4.6465136288e-03	4.6465136288e-03	4.6465136288e-03	4.6465136288e-03	-2.6224086184e-03	-2.6224086184e-03	-2.6224086184e-03	-2.6224086184e-03	-1.4103434749e-02	-1.4103434749e-02	-1.4103434749e-02	-1.4103434749e-02	-2.0140258466e-02	-2.0140258466e-02	-2.0140258466e-02	-2.0140258466e-02	-2.5398117116e-02	-2.5398117116e-02	-2.5398117116e-02	-2.5987985422e-02	-2.9617509476e-02	-2.9617509476e-02	-2.9617509476e-02	-3.2565104417e-02	-3.2565104417e-02	-3.2565104417e-02	-3.2565104417e-02	-3.4050128020e-02	-3.4050128020e-02	-3.4050128020e-02	-3.4050128020e-02	-3.3926850083e-02	-3.3926850083e-02	-3.3926850083e-02	-3.3926850083e-02	-3.2141901600e-02	-3.2141901600e-02	-3.2141901600e-02	-3.2141901600e-02	-2.8756666673e-02	-2.8756666673e-02	-2.8756666673e-02	-2.4278438456e-02	-2.3999570476e-02	-2.3999570476e-02	-2.3999570476e-02	-1.8306247008e-02	-1.8306247008e-02	-1.8306247008e-02	-1.8306247008e-02	-1.2329091459e-02	-1.2329091459e-02	-1.2329091459e-02	-7.2930233352e-03	-6.6004326134e-03	-6.6004326134e-03	-6.6004326134e-03	-6.6004326134e-03	4.7946800216e-03	4.7946800216e-03	4.7946800216e-03	4.7946800216e-03	1.0818297030e-02	1.0818297030e-02	1.0818297030e-02	1.5211474824e-02	1.6318134984e-02	1.6318134984e-02	1.6318134984e-02	2.1088630442e-02	2.1088630442e-02	2.1088630442e-02	2.4425502291e-02	2.4425502291e-02	2.6286692952e-02	2.6286692952e-02	2.6286692952e-02	3.1782695205e-02	3.2883671961e-02	3.2883671961e-02	3.2883671961e-02	3.5402222499e-02	3.6682219198e-02	3.6682219198e-02	3.8768663923e-02	4.0115834876e-02	4.0115834876e-02	4.0115834876e-02	4.1740348947e-02	4.3088345328e-02	4.3088345328e-02	4.5381556206e-02	4.5381556206e-02	4.6968024528e-02	4.6968024528e-02	4.6968024528e-02	4.9904720074e-02	5.1461453297e-02	
398	0.0	9.7356729626e-03	1.3674329835e-02	4.6465050141e-03	4.6465050141e-03	4.6465050141e-03	4.6465050141e-03	-2.6224201277e-03	-2.6224201277e-03	-2.6224201277e-03	-2.6224201277e-03	-1.4103450085e-02	-1.4103450085e-02	-1.4103450085e-02	-1.4103450085e-02	-2.0140275045e-02	-2.0140275045e-02	-2.0140275045e-02	-2.0140275045e-02	-2.5398134786e-02	-2.5398134786e-02	-2.5398134786e-02	-2.5988003236e-02	-2.9617527979e-02	-2.9617527979e-02	-2.9617527979e-02	-3.2565123491e-02	-3.2565123491e-02	-3.2565123491e-02	-3.2565123491e-02	-3.4050147382e-02	-3.4050147382e-02	-3.4050147382e-02	-3.4050147382e-02	-3.3926869426e-02	-3.3926869426e-02	-3.3926869426e-02	-3.3926869426e-02	-3.2141920599e-02	-3.2141920599e-02	-3.2141920599e-02	-3.2141920599e-02	-2.8756685002e-02	-2.8756685002e-02	-2.8756685002e-02	-2.4278455838e-02	-2.3999587815e-02	-2.3999587815e-02	-2.3999587815e-02	-1.8306263086e-02	-1.8306263086e-02	-1.8306263086e-02	-1.8306263086e-02	-1.2329106172e-02	-1.2329106172e-02	-1.2329106172e-02	-7.2930369080e-03	-6.6004460724e-03	-6.6004460724e-03	-6.6004460724e-03	-6.6004460724e-03	4.7946694455e-03	4.7946694455e-03	4.7946694455e-03	4.7946694455e-03	1.0818287860e-02	1.0818287860e-02	1.0818287860e-02	1.5211466697e-02	1.6318127047e-02	1.6318127047e-02	1.6318127047e-02	2.1088623570e-02	2.1088623570e-02	2.1088623570e-02	2.4425496207e-02	2.4425496207e-02	2.6286687279e-02	2.6286687279e-02	2.6286687279e-02	3.1782690641e-02	3.2883667470e-02	3.2883667470e-02	3.2883667470e-02	3.5402218453e-02	3.6682215233e-02	3.6682215233e-02	3.8768660254e-02	4.0115831308e-02	4.0115831308e-02	4.0115831308e-02	4.1740345567e-02	4.3088342067e-02	4.3088342067e-02	4.5381553108e-02	4.5381553108e-02	4.6968021587e-02	4.6968021587e-02	4.6968021587e-02	4.9904716773e-02	5.1461450168e-02	
399	0.0	9.7356683229e-03	1.3674326010e-02	4.6464965891e-03	4.6464965891e-03	4.6464965891e-03	4.6464965891e-03	-2.6224313835e-03	-2.6224313835e-03	-2.6224313835e-03	-2.6224313835e-03	-1.4103465083e-02	-1.4103465083e-02	-1.4103465083e-02	-1.4103465083e-02	-2.0140291259e-02	-2.0140291259e-02	-2.0140291259e-02	-2.0140291259e-02	-2.5398152067e-02	-2.5398152067e-02	-2.5398152067e-02	-2.5988020658e-02	-2.9617546073e-02	-2.9617546073e-02	-2.9617546073e-02	-3.2565142143e-02	-3.2565142143e-02	-3.2565142143e-02	-3.2565142143e-02	-3.4050166317e-02	-3.4050166317e-02	-3.4050166317e-02	-3.4050166317e-02	-3.3926888341e-02	-3.3926888341e-02	-3.3926888341e-02	-3.3926888341e-02	-3.2141939179e-02	-3.2141939179e-02	-3.2141939179e-02	-3.2141939179e-02	-2.8756702927e-02	-2.8756702927e-02	-2.8756702927e-02	-2.4278472837e-02	-2.3999604774e-02	-2.3999604774e-02	-2.3999604774e-02	-1.8306278811e-02	-1.8306278811e-02	-1.8306278811e-02	-1.8306278811e-02	-1.2329120565e-02	-1.2329120565e-02	-1.2329120565e-02	-7.2930501864e-03	-6.6004592395e-03	-6.6004592395e-03	-6.6004592395e-03	-6.6004592395e-03	4.7946590943e-03	4.7946590943e-03	4.7946590943e-03	4.7946590943e-03	1.0818278883e-02	1.0818278883e-02	1.0818278883e-02	1.5211458738e-02	1.6318119275e-02	1.6318119275e-02	1.6318119275e-02	2.1088616839e-02	2.1088616839e-02	2.1088616839e-02	2.4425490247e-02	2.4425490247e-02	2.6286681721e-02	2.6286681721e-02	2.6286681721e-02	3.1782686167e-02	3.2883663068e-02	3.2883663068e-02	3.2883663068e-02	3.5402214485e-02	3.6682211345e-02	3.6682211345e-02	3.8768656657e-02	4.0115827810e-02	4.0115827810e-02	4.0115827810e-02	4.1740342253e-02	4.3088338870e-02	4.3088338870e-02	4.5381550072e-02	4.5381550072e-02	4.6968018703e-02	4.6968018703e-02	4.6968018703e-02	4.9904713538e-02	5.1461447103e-02	
400	0.0	9.7356637846e-03	1.3674322268e-02	4.6464883485e-03	4.6464883485e-03	4.6464883485e-03	4.6464883485e-03	-2.6224423928e-03	-2.6224423928e-03	-2.6224423928e-03	-2.6224423928e-03	-1.4103479753e-02	-1.4103479753e-02	-1.4103479753e-02	-1.4103479753e-02	-2.0140307117e-02	-2.0140307117e-02	-2.0140307117e-02	-2.0140307117e-02	-2.5398168969e-02	-2.5398168969e-02	-2.5398168969e-02	-2.5988037698e-02	-2.9617563771e-02	-2.9617563771e-02	-2.9617563771e-02	-3.2565160387e-02	-3.2565160387e-02	-3.2565160387e-02	-3.2565160387e-02	-3.4050184837e-02	-3.4050184837e-02	-3.4050184837e-02	-3.4050184837e-02	-3.3926906841e-02	-3.3926906841e-02	-3.3926906841e-02	-3.3926906841e-02	-3.2141957351e-02	-3.2141957351e-02	-3.2141957351e-02	-3.2141957351e-02	-2.8756720460e-02	-2.8756720460e-02	-2.8756720460e-02	-2.4278489466e-02	-2.3999621362e-02	-2.3999621362e-02	-2.3999621362e-02	-1.8306294195e-02	-1.8306294195e-02	-1.8306294195e-02	-1.8306294195e-02	-1.2329134647e-02	-1.2329134647e-02	-1.2329134647e-02	-7.2930631793e-03	-6.6004721235e-03	-6.6004721235e-03	-6.6004721235e-03	-6.6004721235e-03	4.7946489606e-03	4.7946489606e-03	4.7946489606e-03	4.7946489606e-03	1.0818270093e-02	1.0818270093e-02	1.0818270093e-02	1.5211450942e-02	1.6318111662e-02	1.6318111662e-02	1.6318111662e-02	2.1088610244e-02	2.1088610244e-02	2.1088610244e-02	2.4425484406e-02	2.4425484406e-02	2.6286676272e-02	2.6286676272e-02	2.6286676272e-02	3.1782681778e-02	3.2883658750e-02	3.2883658750e-02	3.2883658750e-02	3.5402210593e-02	3.6682207531e-02	3.6682207531e-02	3.8768653127e-02	4.0115824378e-02	4.0115824378e-02	4.0115824378e-02	4.1740339001e-02	4.3088335733e-02	4.3088335733e-02	4.5381547092e-02	4.5381547092e-02	4.6968015873e-02	4.6968015873e-02	4.6968015873e-02	4.9904710367e-02	5.1461444097e-02	
401	0.0	9.7356593450e-03	1.3674318607e-02	4.6464802871e-03	4.6464802871e-03	4.6464802871e-03	4.6464802871e-03	-2.6224531627e-03	-2.6224531627e-03	-2.6224531627e-03	-2.6224531627e-03	-1.4103494103e-02	-1.4103494103e-02	-1.4103494103e-02	-1.4103494103e-02	-2.0140322629e-02	-2.0140322629e-02	-2.0140322629e-02	-2.0140322629e-02	-2.5398185502e-02	-2.5398185502e-02	-2.5398185502e-02	-2.5988054366e-02	-2.9617581082e-02	-2.9617581082e-02	-2.9617581082e-02	-3.2565178232e-02	-3.2565178232e-02	-3.2565178232e-02	-3.2565178232e-02	-3.4050202952e-02	-3.4050202952e-02	-3.4050202952e-02	-3.4050202952e-02	-3.3926924938e-02	-3.3926924938e-02	-3.3926924938e-02	-3.3926924938e-02	-3.2141975127e-02	-3.2141975127e-02	-3.2141975127e-02	-3.2141975127e-02	-2.8756737611e-02	-2.8756737611e-02	-2.8756737611e-02	-2.4278505733e-02	-2.3999637590e-02	-2.3999637590e-02	-2.3999637590e-02	-1.8306309247e-02	-1.8306309247e-02	-1.8306309247e-02	-1.8306309247e-02	-1.2329148426e-02	-1.2329148426e-02	-1.2329148426e-02	-7.2930758950e-03	-6.6004847326e-03	-6.6004847326e-03	-6.6004847326e-03	-6.6004847326e-03	4.7946390377e-03	4.7946390377e-03	4.7946390377e-03	4.7946390377e-03	1.0818261482e-02	1.0818261482e-02	1.0818261482e-02	1.5211443304e-02	1.6318104202e-02	1.6318104202e-02	1.6318104202e-02	2.1088603779e-02	2.1088603779e-02	2.1088603779e-02	2.4425478678e-02	2.4425478678e-02	2.6286670928e-02	2.6286670928e-02	2.6286670928e-02	3.1782677471e-02	3.2883654511e-02	3.2883654511e-02	3.2883654511e-02	3.5402206770e-02	3.6682203786e-02	3.6682203786e-02	3.8768649660e-02	4.0115821007e-02	4.0115821007e-02	4.0115821007e-02	4.1740335806e-02	4.3088332651e-02	4.3088332651e-02	4.5381544165e-02	4.5381544165e-02	4.6968013093e-02	4.6968013093e-02	4.6968013093e-02	4.9904707254e-02	5.1461441146e-02	
402	0.0	9.7356550012e-03	1.3674315026e-02	4.6464723999e-03	4.6464723999e-03	4.6464723999e-03	4.6464723999e-03	-2.6224636997e-03	-2.6224636997e-03	-2.6224636997e-03	-2.6224636997e-03	-1.4103508142e-02	-1.4103508142e-02	-1.4103508142e-02	-1.4103508142e-02	-2.0140337805e-02	-2.0140337805e-02	-2.0140337805e-02	-2.0140337805e-02	-2.5398201677e-02	-2.5398201677e-02	-2.5398201677e-02	-2.5988070673e-02	-2.9617598018e-02	-2.9617598018e-02	-2.9617598018e-02	-3.2565195690e-02	-3.2565195690e-02	-3.2565195690e-02	-3.2565195690e-02	-3.4050220674e-02	-3.4050220674e-02	-3.4050220674e-02	-3.4050220674e-02	-3.3926942642e-02	-3.3926942642e-02	-3.3926942642e-02	-3.3926942642e-02	-3.2141992517e-02	-3.2141992517e-02	-3.2141992517e-02	-3.2141992517e-02	-2.8756754390e-02	-2.8756754390e-02	-2.8756754390e-02	-2.4278521650e-02	-2.3999653467e-02	-2.3999653467e-02	-2.3999653467e-02	-1.8306323975e-02	-1.8306323975e-02	-1.8306323975e-02	-1.8306323975e-02	-1.2329161912e-02	-1.2329161912e-02	-1.2329161912e-02	-7.2930883414e-03	-6.6004970747e-03	-6.6004970747e-03	-6.6004970747e-03	-6.6004970747e-03	4.7946293193e-03	4.7946293193e-03	4.7946293193e-03	4.7946293193e-03	1.0818253046e-02	1.0818253046e-02	1.0818253046e-02	1.5211435818e-02	1.6318096890e-02	1.6318096890e-02	1.6318096890e-02	2.1088597440e-02	2.1088597440e-02	2.1088597440e-02	2.4425473059e-02	2.4425473059e-02	2.6286665685e-02	2.6286665685e-02	2.6286665685e-02	3.1782673240e-02	3.2883650349e-02	3.2883650349e-02	3.2883650349e-02	3.5402203015e-02	3.6682200106e-02	3.6682200106e-02	3.8768646253e-02	4.0115817693e-02	4.0115817693e-02	4.0115817693e-02	4.1740332666e-02	4.3088329621e-02	4.3088329621e-02	4.5381541287e-02	4.5381541287e-02	4.6968010359e-02	4.6968010359e-02	4.6968010359e-02	4.9904704195e-02	5.1461438247e-02	
403	0.0	9.7356507507e-03	1.3674311522e-02	4.6464646823e-03	4.6464646823e-03	4.6464646823e-03	4.6464646823e-03	-2.6224740099e-03	-2.6224740099e-03	-2.6224740099e-03	-2.6224740099e-03	-1.4103521879e-02	-1.4103521879e-02	-1.4103521879e-02	-1.4103521879e-02	-2.0140352654e-02	-2.0140352654e-02	-2.0140352654e-02	-2.0140352654e-02	-2.5398217502e-02	-2.5398217502e-02	-2.5398217502e-02	-2.5988086628e-02	-2.9617614588e-02	-2.9617614588e-02	-2.9617614588e-02	-3.2565212770e-02	-3.2565212770e-02	-3.2565212770e-02	-3.2565212770e-02	-3.4050238012e-02	-3.4050238012e-02	-3.4050238012e-02	-3.4050238012e-02	-3.3926959963e-02	-3.3926959963e-02	-3.3926959963e-02	-3.3926959963e-02	-3.2142009532e-02	-3.2142009532e-02	-3.2142009532e-02	-3.2142009532e-02	-2.8756770808e-02	-2.8756770808e-02	-2.8756770808e-02	-2.4278537224e-02	-2.3999669004e-02	-2.3999669004e-02	-2.3999669004e-02	-1.8306338389e-02	-1.8306338389e-02	-1.8306338389e-02	-1.8306338389e-02	-1.2329175111e-02	-1.2329175111e-02	-1.2329175111e-02	-7.2931005259e-03	-6.6005091571e-03	-6.6005091571e-03	-6.6005091571e-03	-6.6005091571e-03	4.7946197994e-03	4.7946197994e-03	4.7946197994e-03	4.7946197994e-03	1.0818244779e-02	1.0818244779e-02	1.0818244779e-02	1.5211428479e-02	1.6318089722e-02	1.6318089722e-02	1.6318089722e-02	2.1088591223e-02	2.1088591223e-02	2.1088591223e-02	2.4425467546e-02	2.4425467546e-02	2.6286660538e-02	2.6286660538e-02	2.6286660538e-02	3.1782669084e-02	3.2883646259e-02	3.2883646259e-02	3.2883646259e-02	3.5402199324e-02	3.6682196489e-02	3.6682196489e-02	3.8768642902e-02	4.0115814434e-02	4.0115814434e-02	4.0115814434e-02	4.1740329577e-02	4.3088326640e-02	4.3088326640e-02	4.5381538455e-02	4.5381538455e-02	4.6968007668e-02	4.6968007668e-02	4.6968007668e-02	4.9904701188e-02	5.1461435396e-02	
404	0.0	9.7356465910e-03	1.3674308093e-02	4.6464571298e-03	4.6464571298e-03	4.6464571298e-03	4.6464571298e-03	-2.6224840994e-03	-2.6224840994e-03	-2.6224840994e-03	-2.6224840994e-03	-1.4103535321e-02	-1.4103535321e-02	-1.4103535321e-02	-1.4103535321e-02	-2.0140367184e-02	-2.0140367184e-02	-2.0140367184e-02	-2.0140367184e-02	-2.5398232988e-02	-2.5398232988e-02	-2.5398232988e-02	-2.5988102240e-02	-2.9617630801e-02	-2.9617630801e-02	-2.9617630801e-02	-3.2565229483e-02	-3.2565229483e-02	-3.2565229483e-02	-3.2565229483e-02	-3.4050254978e-02	-3.4050254978e-02	-3.4050254978e-02	-3.4050254978e-02	-3.3926976911e-02	-3.3926976911e-02	-3.3926976911e-02	-3.3926976911e-02	-3.2142026181e-02	-3.2142026181e-02	-3.2142026181e-02	-3.2142026181e-02	-2.8756786874e-02	-2.8756786874e-02	-2.8756786874e-02	-2.4278552465e-02	-2.3999684209e-02	-2.3999684209e-02	-2.3999684209e-02	-1.8306352496e-02	-1.8306352496e-02	-1.8306352496e-02	-1.8306352496e-02	-1.2329188033e-02	-1.2329188033e-02	-1.2329188033e-02	-7.2931124555e-03	-6.6005209869e-03	-6.6005209869e-03	-6.6005209869e-03	-6.6005209869e-03	4.7946104724e-03	4.7946104724e-03	4.7946104724e-03	4.7946104724e-03	1.0818236675e-02	1.0818236675e-02	1.0818236675e-02	1.5211421283e-02	1.6318082693e-02	1.6318082693e-02	1.6318082693e-02	2.1088585123e-02	2.1088585123e-02	2.1088585123e-02	2.4425462134e-02	2.4425462134e-02	2.6286655485e-02	2.6286655485e-02	2.6286655485e-02	3.1782664998e-02	3.2883642238e-02	3.2883642238e-02	3.2883642238e-02	3.5402195692e-02	3.6682192930e-02	3.6682192930e-02	3.8768639605e-02	4.0115811227e-02	4.0115811227e-02	4.0115811227e-02	4.1740326537e-02	4.3088323705e-02	4.3088323705e-02	4.5381535666e-02	4.5381535666e-02	4.6968005017e-02	4.6968005017e-02	4.6968005017e-02	4.9904698230e-02	5.1461432590e-02	
405	0.0	9.7356425197e-03	1.3674304737e-02	4.6464497383e-03	4.6464497383e-03	4.6464497383e-03	4.6464497383e-03	-2.6224939737e-03	-2.6224939737e-03	-2.6224939737e-03	-2.6224939737e-03	-1.4103548476e-02	-1.4103548476e-02	-1.4103548476e-02	-1.4103548476e-02	-2.0140381404e-02	-2.0140381404e-02	-2.0140381404e-02	-2.0140381404e-02	-2.5398248142e-02	-2.5398248142e-02	-2.5398248142e-02	-2.5988117518e-02	-2.9617646668e-02	-2.9617646668e-02	-2.9617646668e-02	-3.2565245838e-02	-3.2565245838e-02	-3.2565245838e-02	-3.2565245838e-02	-3.4050271580e-02	-3.4050271580e-02	-3.4050271580e-02	-3.4050271580e-02	-3.3926993496e-02	-3.3926993496e-02	-3.3926993496e-02	-3.3926993496e-02	-3.2142042474e-02	-3.2142042474e-02	-3.2142042474e-02	-3.2142042474e-02	-2.8756802596e-02	-2.8756802596e-02	-2.8756802596e-02	-2.4278567382e-02	-2.3999699089e-02	-2.3999699089e-02	-2.3999699089e-02	-1.8306366305e-02	-1.8306366305e-02	-1.8306366305e-02	-1.8306366305e-02	-1.2329200683e-02	-1.2329200683e-02	-1.2329200683e-02	-7.2931241368e-03	-6.6005325704e-03	-6.6005325704e-03	-6.6005325704e-03	-6.6005325704e-03	4.7946013333e-03	4.7946013333e-03	4.7946013333e-03	4.7946013333e-03	1.0818228732e-02	1.0818228732e-02	1.0818228732e-02	1.5211414225e-02	1.6318075800e-02	1.6318075800e-02	1.6318075800e-02	2.1088579137e-02	2.1088579137e-02	2.1088579137e-02	2.4425456820e-02	2.4425456820e-02	2.6286650522e-02	2.6286650522e-02	2.6286650522e-02	3.1782660980e-02	3.2883638285e-02	3.2883638285e-02	3.2883638285e-02	3.5402192119e-02	3.6682189429e-02	3.6682189429e-02	3.8768636358e-02	4.0115808068e-02	4.0115808068e-02	4.0115808068e-02	4.1740323541e-02	4.3088320814e-02	4.3088320814e-02	4.5381532918e-02	4.5381532918e-02	4.6968002404e-02	4.6968002404e-02	4.6968002404e-02	4.9904695316e-02	5.1461429826e-02	
406	0.0	9.7356385347e-03	1.3674301452e-02	4.6464425036e-03	4.6464425036e-03	4.6464425036e-03	4.6464425036e-03	-2.6225036383e-03	-2.6225036383e-03	-2.6225036383e-03	-2.6225036383e-03	-1.4103561351e-02	-1.4103561351e-02	-1.4103561351e-02	-1.4103561351e-02	-2.0140395320e-02	-2.0140395320e-02	-2.0140395320e-02	-2.0140395320e-02	-2.5398262972e-02	-2.5398262972e-02	-2.5398262972e-02	-2.5988132470e-02	-2.9617662195e-02	-2.9617662195e-02	-2.9617662195e-02	-3.2565261843e-02	-3.2565261843e-02	-3.2565261843e-02	-3.2565261843e-02	-3.4050287827e-02	-3.4050287827e-02	-3.4050287827e-02	-3.4050287827e-02	-3.3927009727e-02	-3.3927009727e-02	-3.3927009727e-02	-3.3927009727e-02	-3.2142058418e-02	-3.2142058418e-02	-3.2142058418e-02	-3.2142058418e-02	-2.8756817983e-02	-2.8756817983e-02	-2.8756817983e-02	-2.4278581982e-02	-2.3999713654e-02	-2.3999713654e-02	-2.3999713654e-02	-1.8306379822e-02	-1.8306379822e-02	-1.8306379822e-02	-1.8306379822e-02	-1.2329213068e-02	-1.2329213068e-02	-1.2329213068e-02	-7.2931355761e-03	-6.6005439140e-03	-6.6005439140e-03	-6.6005439140e-03	-6.6005439140e-03	4.7945923771e-03	4.7945923771e-03	4.7945923771e-03	4.7945923771e-03	1.0818220944e-02	1.0818220944e-02	1.0818220944e-02	1.5211407303e-02	1.6318069037e-02	1.6318069037e-02	1.6318069037e-02	2.1088573261e-02	2.1088573261e-02	2.1088573261e-02	2.4425451601e-02	2.4425451601e-02	2.6286645647e-02	2.6286645647e-02	2.6286645647e-02	3.1782657028e-02	3.2883634395e-02	3.2883634395e-02	3.2883634395e-02	3.5402188602e-02	3.6682185981e-02	3.6682185981e-02	3.8768633161e-02	4.0115804957e-02	4.0115804957e-02	4.0115804957e-02	4.1740320590e-02	4.3088317963e-02	4.3088317963e-02	4.5381530208e-02	4.5381530208e-02	4.6967999827e-02	4.6967999827e-02	4.6967999827e-02	4.9904692447e-02	5.1461427102e-02	
407	0.0	9.7356346339e-03	1.3674298236e-02	4.6464354221e-03	4.6464354221e-03	4.6464354221e-03	4.6464354221e-03	-2.6225130980e-03	-2.6225130980e-03	-2.6225130980e-03	-2.6225130980e-03	-1.4103573952e-02	-1.4103573952e-02	-1.4103573952e-02	-1.4103573952e-02	-2.0140408940e-02	-2.0140408940e-02	-2.0140408940e-02	-2.0140408940e-02	-2.5398277487e-02	-2.5398277487e-02	-2.5398277487e-02	-2.5988147104e-02	-2.9617677392e-02	-2.9617677392e-02	-2.9617677392e-02	-3.2565277507e-02	-3.2565277507e-02	-3.2565277507e-02	-3.2565277507e-02	-3.4050303728e-02	-3.4050303728e-02	-3.4050303728e-02	-3.4050303728e-02	-3.3927025612e-02	-3.3927025612e-02	-3.3927025612e-02	-3.3927025612e-02	-3.2142074023e-02	-3.2142074023e-02	-3.2142074023e-02	-3.2142074023e-02	-2.8756833043e-02	-2.8756833043e-02	-2.8756833043e-02	-2.4278596273e-02	-2.3999727910e-02	-2.3999727910e-02	-2.3999727910e-02	-1.8306393055e-02	-1.8306393055e-02	-1.8306393055e-02	-1.8306393055e-02	-1.2329225195e-02	-1.2329225195e-02	-1.2329225195e-02	-7.2931467791e-03	-6.6005550235e-03	-6.6005550235e-03	-6.6005550235e-03	-6.6005550235e-03	4.7945835996e-03	4.7945835996e-03	4.7945835996e-03	4.7945835996e-03	1.0818213307e-02	1.0818213307e-02	1.0818213307e-02	1.5211400512e-02	1.6318062402e-02	1.6318062402e-02	1.6318062402e-02	2.1088567493e-02	2.1088567493e-02	2.1088567493e-02	2.4425446475e-02	2.4425446475e-02	2.6286640856e-02	2.6286640856e-02	2.6286640856e-02	3.1782653140e-02	3.2883630568e-02	3.2883630568e-02	3.2883630568e-02	3.5402185139e-02	3.6682182586e-02	3.6682182586e-02	3.8768630010e-02	4.0115801891e-02	4.0115801891e-02	4.0115801891e-02	4.1740317680e-02	4.3088315153e-02	4.3088315153e-02	4.5381527534e-02	4.5381527534e-02	4.6967997283e-02	4.6967997283e-02	4.6967997283e-02	4.9904689618e-02	5.1461424416e-02	
408	0.0	9.7356308152e-03	1.3674295089e-02	4.6464284901e-03	4.6464284901e-03	4.6464284901e-03	4.6464284901e-03	-2.6225223580e-03	-2.6225223580e-03	-2.6225223580e-03	-2.6225223580e-03	-1.4103586287e-02	-1.4103586287e-02	-1.4103586287e-02	-1.4103586287e-02	-2.0140422272e-02	-2.0140422272e-02	-2.0140422272e-02	-2.0140422272e-02	-2.5398291694e-02	-2.5398291694e-02	-2.5398291694e-02	-2.5988161427e-02	-2.9617692266e-02	-2.9617692266e-02	-2.9617692266e-02	-3.2565292839e-02	-3.2565292839e-02	-3.2565292839e-02	-3.2565292839e-02	-3.4050319290e-02	-3.4050319290e-02	-3.4050319290e-02	-3.4050319290e-02	-3.3927041159e-02	-3.3927041159e-02	-3.3927041159e-02	-3.3927041159e-02	-3.2142089297e-02	-3.2142089297e-02	-3.2142089297e-02	-3.2142089297e-02	-2.8756847784e-02	-2.8756847784e-02	-2.8756847784e-02	-2.4278610262e-02	-2.3999741865e-02	-2.3999741865e-02	-2.3999741865e-02	-1.8306406010e-02	-1.8306406010e-02	-1.8306406010e-02	-1.8306406010e-02	-1.2329237070e-02	-1.2329237070e-02	-1.2329237070e-02	-7.2931577515e-03	-6.6005659042e-03	-6.6005659042e-03	-6.6005659042e-03	-6.6005659042e-03	4.7945749964e-03	4.7945749964e-03	4.7945749964e-03	4.7945749964e-03	1.0818205819e-02	1.0818205819e-02	1.0818205819e-02	1.5211393849e-02	1.6318055893e-02	1.6318055893e-02	1.6318055893e-02	2.1088561831e-02	2.1088561831e-02	2.1088561831e-02	2.4425441438e-02	2.4425441438e-02	2.6286636149e-02	2.6286636149e-02	2.6286636149e-02	3.1782649313e-02	3.2883626802e-02	3.2883626802e-02	3.2883626802e-02	3.5402181728e-02	3.6682179242e-02	3.6682179242e-02	3.8768626905e-02	4.0115798868e-02	4.0115798868e-02	4.0115798868e-02	4.1740314810e-02	4.3088312380e-02	4.3088312380e-02	4.5381524896e-02	4.5381524896e-02	4.6967994772e-02	4.6967994772e-02	4.6967994772e-02	4.9904686829e-02	5.1461421767e-02	
409	0.0	9.7356270767e-03	1.3674292007e-02	4.6464217042e-03	4.6464217042e-03	4.6464217042e-03	4.6464217042e-03	-2.6225314226e-03	-2.6225314226e-03	-2.6225314226e-03	-2.6225314226e-03	-1.4103598362e-02	-1.4103598362e-02	-1.4103598362e-02	-1.4103598362e-02	-2.0140435322e-02	-2.0140435322e-02	-2.0140435322e-02	-2.0140435322e-02	-2.5398305600e-02	-2.5398305600e-02	-2.5398305600e-02	-2.5988175447e-02	-2.9617706824e-02	-2.9617706824e-02	-2.9617706824e-02	-3.2565307844e-02	-3.2565307844e-02	-3.2565307844e-02	-3.2565307844e-02	-3.4050334523e-02	-3.4050334523e-02	-3.4050334523e-02	-3.4050334523e-02	-3.3927056376e-02	-3.3927056376e-02	-3.3927056376e-02	-3.3927056376e-02	-3.2142104247e-02	-3.2142104247e-02	-3.2142104247e-02	-3.2142104247e-02	-2.8756862213e-02	-2.8756862213e-02	-2.8756862213e-02	-2.4278623956e-02	-2.3999755526e-02	-2.3999755526e-02	-2.3999755526e-02	-1.8306418694e-02	-1.8306418694e-02	-1.8306418694e-02	-1.8306418694e-02	-1.2329248699e-02	-1.2329248699e-02	-1.2329248699e-02	-7.2931684983e-03	-6.6005765613e-03	-6.6005765613e-03	-6.6005765613e-03	-6.6005765613e-03	4.7945665637e-03	4.7945665637e-03	4.7945665637e-03	4.7945665637e-03	1.0818198475e-02	1.0818198475e-02	1.0818198475e-02	1.5211387311e-02	1.6318049505e-02	1.6318049505e-02	1.6318049505e-02	2.1088556271e-02	2.1088556271e-02	2.1088556271e-02	2.4425436490e-02	2.4425436490e-02	2.6286631522e-02	2.6286631522e-02	2.6286631522e-02	3.1782645547e-02	3.2883623094e-02	3.2883623094e-02	3.2883623094e-02	3.5402178367e-02	3.6682175947e-02	3.6682175947e-02	3.8768623843e-02	4.0115795888e-02	4.0115795888e-02	4.0115795888e-02	4.1740311979e-02	4.3088309643e-02	4.3088309643e-02	4.5381522292e-02	4.5381522292e-02	4.6967992291e-02	4.6967992291e-02	4.6967992291e-02	4.9904684079e-02	5.1461419153e-02	
410	0.0	9.7356234167e-03	1.3674288991e-02	4.6464150610e-03	4.6464150610e-03	4.6464150610e-03	4.6464150610e-03	-2.6225402962e-03	-2.6225402962e-03	-2.6225402962e-03	-2.6225402962e-03	-1.4103610181e-02	-1.4103610181e-02	-1.4103610181e-02	-1.4103610181e-02	-2.0140448095e-02	-2.0140448095e-02	-2.0140448095e-02	-2.0140448095e-02	-2.5398319212e-02	-2.5398319212e-02	-2.5398319212e-02	-2.5988189170e-02	-2.9617721074e-02	-2.9617721074e-02	-2.9617721074e-02	-3.2565322532e-02	-3.2565322532e-02	-3.2565322532e-02	-3.2565322532e-02	-3.4050349432e-02	-3.4050349432e-02	-3.4050349432e-02	-3.4050349432e-02	-3.3927071271e-02	-3.3927071271e-02	-3.3927071271e-02	-3.3927071271e-02	-3.2142118880e-02	-3.2142118880e-02	-3.2142118880e-02	-3.2142118880e-02	-2.8756876337e-02	-2.8756876337e-02	-2.8756876337e-02	-2.4278637361e-02	-2.3999768898e-02	-2.3999768898e-02	-2.3999768898e-02	-1.8306431112e-02	-1.8306431112e-02	-1.8306431112e-02	-1.8306431112e-02	-1.2329260086e-02	-1.2329260086e-02	-1.2329260086e-02	-7.2931790246e-03	-6.6005869999e-03	-6.6005869999e-03	-6.6005869999e-03	-6.6005869999e-03	4.7945582980e-03	4.7945582980e-03	4.7945582980e-03	4.7945582980e-03	1.0818191272e-02	1.0818191272e-02	1.0818191272e-02	1.5211380896e-02	1.6318043237e-02	1.6318043237e-02	1.6318043237e-02	2.1088550811e-02	2.1088550811e-02	2.1088550811e-02	2.4425431628e-02	2.4425431628e-02	2.6286626974e-02	2.6286626974e-02	2.6286626974e-02	3.1782641839e-02	3.2883619444e-02	3.2883619444e-02	3.2883619444e-02	3.5402175056e-02	3.6682172700e-02	3.6682172700e-02	3.8768620825e-02	4.0115792948e-02	4.0115792948e-02	4.0115792948e-02	4.1740309185e-02	4.3088306943e-02	4.3088306943e-02	4.5381519721e-02	4.5381519721e-02	4.6967989841e-02	4.6967989841e-02	4.6967989841e-02	4.9904681365e-02	5.1461416573e-02	
411	0.0	9.7356198334e-03	1.3674286037e-02	4.6464085575e-03	4.6464085575e-03	4.6464085575e-03	4.6464085575e-03	-2.6225489831e-03	-2.6225489831e-03	-2.6225489831e-03	-2.6225489831e-03	-1.4103621751e-02	-1.4103621751e-02	-1.4103621751e-02	-1.4103621751e-02	-2.0140460599e-02	-2.0140460599e-02	-2.0140460599e-02	-2.0140460599e-02	-2.5398332535e-02	-2.5398332535e-02	-2.5398332535e-02	-2.5988202602e-02	-2.9617735022e-02	-2.9617735022e-02	-2.9617735022e-02	-3.2565336908e-02	-3.2565336908e-02	-3.2565336908e-02	-3.2565336908e-02	-3.4050364025e-02	-3.4050364025e-02	-3.4050364025e-02	-3.4050364025e-02	-3.3927085850e-02	-3.3927085850e-02	-3.3927085850e-02	-3.3927085850e-02	-3.2142133203e-02	-3.2142133203e-02	-3.2142133203e-02	-3.2142133203e-02	-2.8756890161e-02	-2.8756890161e-02	-2.8756890161e-02	-2.4278650484e-02	-2.3999781989e-02	-2.3999781989e-02	-2.3999781989e-02	-1.8306443270e-02	-1.8306443270e-02	-1.8306443270e-02	-1.8306443270e-02	-1.2329271237e-02	-1.2329271237e-02	-1.2329271237e-02	-7.2931893349e-03	-6.6005972242e-03	-6.6005972242e-03	-6.6005972242e-03	-6.6005972242e-03	4.7945501959e-03	4.7945501959e-03	4.7945501959e-03	4.7945501959e-03	1.0818184209e-02	1.0818184209e-02	1.0818184209e-02	1.5211374602e-02	1.6318037087e-02	1.6318037087e-02	1.6318037087e-02	2.1088545450e-02	2.1088545450e-02	2.1088545450e-02	2.4425426850e-02	2.4425426850e-02	2.6286622504e-02	2.6286622504e-02	2.6286622504e-02	3.1782638190e-02	3.2883615851e-02	3.2883615851e-02	3.2883615851e-02	3.5402171794e-02	3.6682169501e-02	3.6682169501e-02	3.8768617849e-02	4.0115790049e-02	4.0115790049e-02	4.0115790049e-02	4.1740306429e-02	4.3088304277e-02	4.3088304277e-02	4.5381517181e-02	4.5381517181e-02	4.6967987420e-02	4.6967987420e-02	4.6967987420e-02	4.9904678688e-02	5.1461414026e-02	
412	0.0	9.7356163253e-03	1.3674283146e-02	4.6464021908e-03	4.6464021908e-03	4.6464021908e-03	4.6464021908e-03	-2.6225574871e-03	-2.6225574871e-03	-2.6225574871e-03	-2.6225574871e-03	-1.4103633077e-02	-1.4103633077e-02	-1.4103633077e-02	-1.4103633077e-02	-2.0140472839e-02	-2.0140472839e-02	-2.0140472839e-02	-2.0140472839e-02	-2.5398345577e-02	-2.5398345577e-02	-2.5398345577e-02	-2.5988215751e-02	-2.9617748675e-02	-2.9617748675e-02	-2.9617748675e-02	-3.2565350980e-02	-3.2565350980e-02	-3.2565350980e-02	-3.2565350980e-02	-3.4050378309e-02	-3.4050378309e-02	-3.4050378309e-02	-3.4050378309e-02	-3.3927100119e-02	-3.3927100119e-02	-3.3927100119e-02	-3.3927100119e-02	-3.2142147223e-02	-3.2142147223e-02	-3.2142147223e-02	-3.2142147223e-02	-2.8756903694e-02	-2.8756903694e-02	-2.8756903694e-02	-2.4278663330e-02	-2.3999794805e-02	-2.3999794805e-02	-2.3999794805e-02	-1.8306455174e-02	-1.8306455174e-02	-1.8306455174e-02	-1.8306455174e-02	-1.2329282157e-02	-1.2329282157e-02	-1.2329282157e-02	-7.2931994336e-03	-6.6006072388e-03	-6.6006072388e-03	-6.6006072388e-03	-6.6006072388e-03	4.7945422543e-03	4.7945422543e-03	4.7945422543e-03	4.7945422543e-03	1.0818177283e-02	1.0818177283e-02	1.0818177283e-02	1.5211368426e-02	1.6318031051e-02	1.6318031051e-02	1.6318031051e-02	2.1088540185e-02	2.1088540185e-02	2.1088540185e-02	2.4425422155e-02	2.4425422155e-02	2.6286618110e-02	2.6286618110e-02	2.6286618110e-02	3.1782634597e-02	3.2883612313e-02	3.2883612313e-02	3.2883612313e-02	3.5402168580e-02	3.6682166348e-02	3.6682166348e-02	3.8768614914e-02	4.0115787190e-02	4.0115787190e-02	4.0115787190e-02	4.1740303709e-02	4.3088301646e-02	4.3088301646e-02	4.5381514674e-02	4.5381514674e-02	4.6967985028e-02	4.6967985028e-02	4.6967985028e-02	4.9904676046e-02	5.1461411511e-02	
413	0.0	9.7356128907e-03	1.3674280316e-02	4.6463959580e-03	4.6463959580e-03	4.6463959580e-03	4.6463959580e-03	-2.6225658120e-03	-2.6225658120e-03	-2.6225658120e-03	-2.6225658120e-03	-1.4103644165e-02	-1.4103644165e-02	-1.4103644165e-02	-1.4103644165e-02	-2.0140484820e-02	-2.0140484820e-02	-2.0140484820e-02	-2.0140484820e-02	-2.5398358343e-02	-2.5398358343e-02	-2.5398358343e-02	-2.5988228621e-02	-2.9617762039e-02	-2.9617762039e-02	-2.9617762039e-02	-3.2565364754e-02	-3.2565364754e-02	-3.2565364754e-02	-3.2565364754e-02	-3.4050392289e-02	-3.4050392289e-02	-3.4050392289e-02	-3.4050392289e-02	-3.3927114087e-02	-3.3927114087e-02	-3.3927114087e-02	-3.3927114087e-02	-3.2142160945e-02	-3.2142160945e-02	-3.2142160945e-02	-3.2142160945e-02	-2.8756916941e-02	-2.8756916941e-02	-2.8756916941e-02	-2.4278675906e-02	-2.3999807350e-02	-2.3999807350e-02	-2.3999807350e-02	-1.8306466828e-02	-1.8306466828e-02	-1.8306466828e-02	-1.8306466828e-02	-1.2329292851e-02	-1.2329292851e-02	-1.2329292851e-02	-7.2932093247e-03	-6.6006170477e-03	-6.6006170477e-03	-6.6006170477e-03	-6.6006170477e-03	4.7945344703e-03	4.7945344703e-03	4.7945344703e-03	4.7945344703e-03	1.0818170490e-02	1.0818170490e-02	1.0818170490e-02	1.5211362366e-02	1.6318025129e-02	1.6318025129e-02	1.6318025129e-02	2.1088535017e-02	2.1088535017e-02	2.1088535017e-02	2.4425417542e-02	2.4425417542e-02	2.6286613792e-02	2.6286613792e-02	2.6286613792e-02	3.1782631061e-02	3.2883608831e-02	3.2883608831e-02	3.2883608831e-02	3.5402165414e-02	3.6682163242e-02	3.6682163242e-02	3.8768612020e-02	4.0115784370e-02	4.0115784370e-02	4.0115784370e-02	4.1740301026e-02	4.3088299049e-02	4.3088299049e-02	4.5381512197e-02	4.5381512197e-02	4.6967982665e-02	4.6967982665e-02	4.6967982665e-02	4.9904673439e-02	5.1461409028e-02	
414	0.0	9.7356095282e-03	1.3674277545e-02	4.6463898563e-03	4.6463898563e-03	4.6463898563e-03	4.6463898563e-03	-2.6225739615e-03	-2.6225739615e-03	-2.6225739615e-03	-2.6225739615e-03	-1.4103655018e-02	-1.4103655018e-02	-1.4103655018e-02	-1.4103655018e-02	-2.0140496547e-02	-2.0140496547e-02	-2.0140496547e-02	-2.0140496547e-02	-2.5398370838e-02	-2.5398370838e-02	-2.5398370838e-02	-2.5988241219e-02	-2.9617775119e-02	-2.9617775119e-02	-2.9617775119e-02	-3.2565378235e-02	-3.2565378235e-02	-3.2565378235e-02	-3.2565378235e-02	-3.4050405974e-02	-3.4050405974e-02	-3.4050405974e-02	-3.4050405974e-02	-3.3927127757e-02	-3.3927127757e-02	-3.3927127757e-02	-3.3927127757e-02	-3.2142174377e-02	-3.2142174377e-02	-3.2142174377e-02	-3.2142174377e-02	-2.8756929907e-02	-2.8756929907e-02	-2.8756929907e-02	-2.4278688216e-02	-2.3999819630e-02	-2.3999819630e-02	-2.3999819630e-02	-1.8306478238e-02	-1.8306478238e-02	-1.8306478238e-02	-1.8306478238e-02	-1.2329303322e-02	-1.2329303322e-02	-1.2329303322e-02	-7.2932190124e-03	-6.6006266548e-03	-6.6006266548e-03	-6.6006266548e-03	-6.6006266548e-03	4.7945268411e-03	4.7945268411e-03	4.7945268411e-03	4.7945268411e-03	1.0818163829e-02	1.0818163829e-02	1.0818163829e-02	1.5211356421e-02	1.6318019319e-02	1.6318019319e-02	1.6318019319e-02	2.1088529942e-02	2.1088529942e-02	2.1088529942e-02	2.4425413010e-02	2.4425413010e-02	2.6286609548e-02	2.6286609548e-02	2.6286609548e-02	3.1782627581e-02	3.2883605403e-02	3.2883605403e-02	3.2883605403e-02	3.5402162295e-02	3.6682160181e-02	3.6682160181e-02	3.8768609167e-02	4.0115781589e-02	4.0115781589e-02	4.0115781589e-02	4.1740298378e-02	4.3088296486e-02	4.3088296486e-02	4.5381509752e-02	4.5381509752e-02	4.6967980330e-02	4.6967980330e-02	4.6967980330e-02	4.9904670866e-02	5.1461406576e-02	
415	0.0	9.7356062364e-03	1.3674274832e-02	4.6463838834e-03	4.6463838834e-03	4.6463838834e-03	4.6463838834e-03	-2.6225819390e-03	-2.6225819390e-03	-2.6225819390e-03	-2.6225819390e-03	-1.4103665642e-02	-1.4103665642e-02	-1.4103665642e-02	-1.4103665642e-02	-2.0140508027e-02	-2.0140508027e-02	-2.0140508027e-02	-2.0140508027e-02	-2.5398383068e-02	-2.5398383068e-02	-2.5398383068e-02	-2.5988253549e-02	-2.9617787922e-02	-2.9617787922e-02	-2.9617787922e-02	-3.2565391430e-02	-3.2565391430e-02	-3.2565391430e-02	-3.2565391430e-02	-3.4050419367e-02	-3.4050419367e-02	-3.4050419367e-02	-3.4050419367e-02	-3.3927141138e-02	-3.3927141138e-02	-3.3927141138e-02	-3.3927141138e-02	-3.2142187523e-02	-3.2142187523e-02	-3.2142187523e-02	-3.2142187523e-02	-2.8756942598e-02	-2.8756942598e-02	-2.8756942598e-02	-2.4278700266e-02	-2.3999831651e-02	-2.3999831651e-02	-2.3999831651e-02	-1.8306489408e-02	-1.8306489408e-02	-1.8306489408e-02	-1.8306489408e-02	-1.2329313575e-02	-1.2329313575e-02	-1.2329313575e-02	-7.2932285002e-03	-6.6006360638e-03	-6.6006360638e-03	-6.6006360638e-03	-6.6006360638e-03	4.7945193643e-03	4.7945193643e-03	4.7945193643e-03	4.7945193643e-03	1.0818157298e-02	1.0818157298e-02	1.0818157298e-02	1.5211350589e-02	1.6318013618e-02	1.6318013618e-02	1.6318013618e-02	2.1088524960e-02	2.1088524960e-02	2.1088524960e-02	2.4425408557e-02	2.4425408557e-02	2.6286605378e-02	2.6286605378e-02	2.6286605378e-02	3.1782624156e-02	3.2883602030e-02	3.2883602030e-02	3.2883602030e-02	3.5402159223e-02	3.6682157166e-02	3.6682157166e-02	3.8768606354e-02	4.0115778847e-02	4.0115778847e-02	4.0115778847e-02	4.1740295765e-02	4.3088293956e-02	4.3088293956e-02	4.5381507338e-02	4.5381507338e-02	4.6967978023e-02	4.6967978023e-02	4.6967978023e-02	4.9904668328e-02	5.1461404156e-02	
416	0.0	9.7356030139e-03	1.3674272176e-02	4.6463780366e-03	4.6463780366e-03	4.6463780366e-03	4.6463780366e-03	-2.6225897478e-03	-2.6225897478e-03	-2.6225897478e-03	-2.6225897478e-03	-1.4103676040e-02	-1.4103676040e-02	-1.4103676040e-02	-1.4103676040e-02	-2.0140519262e-02	-2.0140519262e-02	-2.0140519262e-02	-2.0140519262e-02	-2.5398395039e-02	-2.5398395039e-02	-2.5398395039e-02	-2.5988265618e-02	-2.9617800452e-02	-2.9617800452e-02	-2.9617800452e-02	-3.2565404344e-02	-3.2565404344e-02	-3.2565404344e-02	-3.2565404344e-02	-3.4050432475e-02	-3.4050432475e-02	-3.4050432475e-02	-3.4050432475e-02	-3.3927154233e-02	-3.3927154233e-02	-3.3927154233e-02	-3.3927154233e-02	-3.2142200390e-02	-3.2142200390e-02	-3.2142200390e-02	-3.2142200390e-02	-2.8756955019e-02	-2.8756955019e-02	-2.8756955019e-02	-2.4278712061e-02	-2.3999843417e-02	-2.3999843417e-02	-2.3999843417e-02	-1.8306500343e-02	-1.8306500343e-02	-1.8306500343e-02	-1.8306500343e-02	-1.2329323614e-02	-1.2329323614e-02	-1.2329323614e-02	-7.2932377917e-03	-6.6006452782e-03	-6.6006452782e-03	-6.6006452782e-03	-6.6006452782e-03	4.7945120374e-03	4.7945120374e-03	4.7945120374e-03	4.7945120374e-03	1.0818150895e-02	1.0818150895e-02	1.0818150895e-02	1.5211344868e-02	1.6318008026e-02	1.6318008026e-02	1.6318008026e-02	2.1088520070e-02	2.1088520070e-02	2.1088520070e-02	2.4425404184e-02	2.4425404184e-02	2.6286601280e-02	2.6286601280e-02	2.6286601280e-02	3.1782620787e-02	3.2883598711e-02	3.2883598711e-02	3.2883598711e-02	3.5402156197e-02	3.6682154196e-02	3.6682154196e-02	3.8768603583e-02	4.0115776144e-02	4.0115776144e-02	4.0115776144e-02	4.1740293189e-02	4.3088291461e-02	4.3088291461e-02	4.5381504955e-02	4.5381504955e-02	4.6967975745e-02	4.6967975745e-02	4.6967975745e-02	4.9904665824e-02	5.1461401768e-02	
417	0.0	9.7355998595e-03	1.3674269577e-02	4.6463723136e-03	4.6463723136e-03	4.6463723136e-03	4.6463723136e-03	-2.6225973910e-03	-2.6225973910e-03	-2.6225973910e-03	-2.6225973910e-03	-1.4103686218e-02	-1.4103686218e-02	-1.4103686218e-02	-1.4103686218e-02	-2.0140530259e-02	-2.0140530259e-02	-2.0140530259e-02	-2.0140530259e-02	-2.5398406755e-02	-2.5398406755e-02	-2.5398406755e-02	-2.5988277429e-02	-2.9617812715e-02	-2.9617812715e-02	-2.9617812715e-02	-3.2565416983e-02	-3.2565416983e-02	-3.2565416983e-02	-3.2565416983e-02	-3.4050445304e-02	-3.4050445304e-02	-3.4050445304e-02	-3.4050445304e-02	-3.3927167049e-02	-3.3927167049e-02	-3.3927167049e-02	-3.3927167049e-02	-3.2142212982e-02	-3.2142212982e-02	-3.2142212982e-02	-3.2142212982e-02	-2.8756967176e-02	-2.8756967176e-02	-2.8756967176e-02	-2.4278723605e-02	-2.3999854933e-02	-2.3999854933e-02	-2.3999854933e-02	-1.8306511047e-02	-1.8306511047e-02	-1.8306511047e-02	-1.8306511047e-02	-1.2329333442e-02	-1.2329333442e-02	-1.2329333442e-02	-7.2932468903e-03	-6.6006543013e-03	-6.6006543013e-03	-6.6006543013e-03	-6.6006543013e-03	4.7945048582e-03	4.7945048582e-03	4.7945048582e-03	4.7945048582e-03	1.0818144618e-02	1.0818144618e-02	1.0818144618e-02	1.5211339258e-02	1.6318002542e-02	1.6318002542e-02	1.6318002542e-02	2.1088515270e-02	2.1088515270e-02	2.1088515270e-02	2.4425399889e-02	2.4425399889e-02	2.6286597256e-02	2.6286597256e-02	2.6286597256e-02	3.1782617473e-02	3.2883595446e-02	3.2883595446e-02	3.2883595446e-02	3.5402153219e-02	3.6682151272e-02	3.6682151272e-02	3.8768600851e-02	4.0115773480e-02	4.0115773480e-02	4.0115773480e-02	4.1740290649e-02	4.3088288999e-02	4.3088288999e-02	4.5381502603e-02	4.5381502603e-02	4.6967973496e-02	4.6967973496e-02	4.6967973496e-02	4.9904663355e-02	5.1461399411e-02	
418	0.0	9.7355967718e-03	1.3674267033e-02	4.6463667121e-03	4.6463667121e-03	4.6463667121e-03	4.6463667121e-03	-2.6226048718e-03	-2.6226048718e-03	-2.6226048718e-03	-2.6226048718e-03	-1.4103696180e-02	-1.4103696180e-02	-1.4103696180e-02	-1.4103696180e-02	-2.0140541021e-02	-2.0140541021e-02	-2.0140541021e-02	-2.0140541021e-02	-2.5398418220e-02	-2.5398418220e-02	-2.5398418220e-02	-2.5988288989e-02	-2.9617824716e-02	-2.9617824716e-02	-2.9617824716e-02	-3.2565429351e-02	-3.2565429351e-02	-3.2565429351e-02	-3.2565429351e-02	-3.4050457858e-02	-3.4050457858e-02	-3.4050457858e-02	-3.4050457858e-02	-3.3927179591e-02	-3.3927179591e-02	-3.3927179591e-02	-3.3927179591e-02	-3.2142225306e-02	-3.2142225306e-02	-3.2142225306e-02	-3.2142225306e-02	-2.8756979073e-02	-2.8756979073e-02	-2.8756979073e-02	-2.4278734903e-02	-2.3999866204e-02	-2.3999866204e-02	-2.3999866204e-02	-1.8306521524e-02	-1.8306521524e-02	-1.8306521524e-02	-1.8306521524e-02	-1.2329343064e-02	-1.2329343064e-02	-1.2329343064e-02	-7.2932557992e-03	-6.6006631364e-03	-6.6006631364e-03	-6.6006631364e-03	-6.6006631364e-03	4.7944978246e-03	4.7944978246e-03	4.7944978246e-03	4.7944978246e-03	1.0818138466e-02	1.0818138466e-02	1.0818138466e-02	1.5211333756e-02	1.6317997163e-02	1.6317997163e-02	1.6317997163e-02	2.1088510561e-02	2.1088510561e-02	2.1088510561e-02	2.4425395673e-02	2.4425395673e-02	2.6286593303e-02	2.6286593303e-02	2.6286593303e-02	3.1782614214e-02	3.2883592234e-02	3.2883592234e-02	3.2883592234e-02	3.5402150287e-02	3.6682148393e-02	3.6682148393e-02	3.8768598161e-02	4.0115770855e-02	4.0115770855e-02	4.0115770855e-02	4.1740288145e-02	4.3088286572e-02	4.3088286572e-02	4.5381500283e-02	4.5381500283e-02	4.6967971276e-02	4.6967971276e-02	4.6967971276e-02	4.9904660921e-02	5.1461397086e-02	
419	0.0	9.7355937497e-03	1.3674264542e-02	4.6463612300e-03	4.6463612300e-03	4.6463612300e-03	4.6463612300e-03	-2.6226121931e-03	-2.6226121931e-03	-2.6226121931e-03	-2.6226121931e-03	-1.4103705928e-02	-1.4103705928e-02	-1.4103705928e-02	-1.4103705928e-02	-2.0140551553e-02	-2.0140551553e-02	-2.0140551553e-02	-2.0140551553e-02	-2.5398429440e-02	-2.5398429440e-02	-2.5398429440e-02	-2.5988300300e-02	-2.9617836460e-02	-2.9617836460e-02	-2.9617836460e-02	-3.2565441454e-02	-3.2565441454e-02	-3.2565441454e-02	-3.2565441454e-02	-3.4050470143e-02	-3.4050470143e-02	-3.4050470143e-02	-3.4050470143e-02	-3.3927191864e-02	-3.3927191864e-02	-3.3927191864e-02	-3.3927191864e-02	-3.2142237364e-02	-3.2142237364e-02	-3.2142237364e-02	-3.2142237364e-02	-2.8756990716e-02	-2.8756990716e-02	-2.8756990716e-02	-2.4278745960e-02	-2.3999877235e-02	-2.3999877235e-02	-2.3999877235e-02	-1.8306531778e-02	-1.8306531778e-02	-1.8306531778e-02	-1.8306531778e-02	-1.2329352483e-02	-1.2329352483e-02	-1.2329352483e-02	-7.2932645215e-03	-6.6006717865e-03	-6.6006717865e-03	-6.6006717865e-03	-6.6006717865e-03	4.7944909344e-03	4.7944909344e-03	4.7944909344e-03	4.7944909344e-03	1.0818132437e-02	1.0818132437e-02	1.0818132437e-02	1.5211328362e-02	1.6317991890e-02	1.6317991890e-02	1.6317991890e-02	2.1088505941e-02	2.1088505941e-02	2.1088505941e-02	2.4425391533e-02	2.4425391533e-02	2.6286589422e-02	2.6286589422e-02	2.6286589422e-02	3.1782611010e-02	3.2883589077e-02	3.2883589077e-02	3.2883589077e-02	3.5402147403e-02	3.6682145561e-02	3.6682145561e-02	3.8768595513e-02	4.0115768271e-02	4.0115768271e-02	4.0115768271e-02	4.1740285678e-02	4.3088284180e-02	4.3088284180e-02	4.5381497995e-02	4.5381497995e-02	4.6967969086e-02	4.6967969086e-02	4.6967969086e-02	4.9904658521e-02	5.1461394793e-02	
420	0.0	9.7355907920e-03	1.3674262105e-02	4.6463558650e-03	4.6463558650e-03	4.6463558650e-03	4.6463558650e-03	-2.6226193576e-03	-2.6226193576e-03	-2.6226193576e-03	-2.6226193576e-03	-1.4103715468e-02	-1.4103715468e-02	-1.4103715468e-02	-1.4103715468e-02	-2.0140561859e-02	-2.0140561859e-02	-2.0140561859e-02	-2.0140561859e-02	-2.5398440419e-02	-2.5398440419e-02	-2.5398440419e-02	-2.5988311369e-02	-2.9617847952e-02	-2.9617847952e-02	-2.9617847952e-02	-3.2565453296e-02	-3.2565453296e-02	-3.2565453296e-02	-3.2565453296e-02	-3.4050482163e-02	-3.4050482163e-02	-3.4050482163e-02	-3.4050482163e-02	-3.3927203873e-02	-3.3927203873e-02	-3.3927203873e-02	-3.3927203873e-02	-3.2142249164e-02	-3.2142249164e-02	-3.2142249164e-02	-3.2142249164e-02	-2.8757002108e-02	-2.8757002108e-02	-2.8757002108e-02	-2.4278756780e-02	-2.3999888028e-02	-2.3999888028e-02	-2.3999888028e-02	-1.8306541813e-02	-1.8306541813e-02	-1.8306541813e-02	-1.8306541813e-02	-1.2329361702e-02	-1.2329361702e-02	-1.2329361702e-02	-7.2932730603e-03	-6.6006802546e-03	-6.6006802546e-03	-6.6006802546e-03	-6.6006802546e-03	4.7944841858e-03	4.7944841858e-03	4.7944841858e-03	4.7944841858e-03	1.0818126530e-02	1.0818126530e-02	1.0818126530e-02	1.5211323074e-02	1.6317986721e-02	1.6317986721e-02	1.6317986721e-02	2.1088501409e-02	2.1088501409e-02	2.1088501409e-02	2.4425387471e-02	2.4425387471e-02	2.6286585613e-02	2.6286585613e-02	2.6286585613e-02	3.1782607861e-02	3.2883585973e-02	3.2883585973e-02	3.2883585973e-02	3.5402144566e-02	3.6682142774e-02	3.6682142774e-02	3.8768592905e-02	4.0115765726e-02	4.0115765726e-02	4.0115765726e-02	4.1740283247e-02	4.3088281823e-02	4.3088281823e-02	4.5381495740e-02	4.5381495740e-02	4.6967966926e-02	4.6967966926e-02	4.6967966926e-02	4.9904656157e-02	5.1461392533e-02	
421	0.0	9.7355878977e-03	1.3674259720e-02	4.6463506152e-03	4.6463506152e-03	4.6463506152e-03	4.6463506152e-03	-2.6226263684e-03	-2.6226263684e-03	-2.6226263684e-03	-2.6226263684e-03	-1.4103724802e-02	-1.4103724802e-02	-1.4103724802e-02	-1.4103724802e-02	-2.0140571943e-02	-2.0140571943e-02	-2.0140571943e-02	-2.0140571943e-02	-2.5398451161e-02	-2.5398451161e-02	-2.5398451161e-02	-2.5988322199e-02	-2.9617859195e-02	-2.9617859195e-02	-2.9617859195e-02	-3.2565464883e-02	-3.2565464883e-02	-3.2565464883e-02	-3.2565464883e-02	-3.4050493924e-02	-3.4050493924e-02	-3.4050493924e-02	-3.4050493924e-02	-3.3927215622e-02	-3.3927215622e-02	-3.3927215622e-02	-3.3927215622e-02	-3.2142260709e-02	-3.2142260709e-02	-3.2142260709e-02	-3.2142260709e-02	-2.8757013255e-02	-2.8757013255e-02	-2.8757013255e-02	-2.4278767367e-02	-2.3999898589e-02	-2.3999898589e-02	-2.3999898589e-02	-1.8306551633e-02	-1.8306551633e-02	-1.8306551633e-02	-1.8306551633e-02	-1.2329370725e-02	-1.2329370725e-02	-1.2329370725e-02	-7.2932814185e-03	-6.6006885437e-03	-6.6006885437e-03	-6.6006885437e-03	-6.6006885437e-03	4.7944775767e-03	4.7944775767e-03	4.7944775767e-03	4.7944775767e-03	1.0818120743e-02	1.0818120743e-02	1.0818120743e-02	1.5211317892e-02	1.6317981654e-02	1.6317981654e-02	1.6317981654e-02	2.1088496965e-02	2.1088496965e-02	2.1088496965e-02	2.4425383485e-02	2.4425383485e-02	2.6286581874e-02	2.6286581874e-02	2.6286581874e-02	3.1782604767e-02	3.2883582924e-02	3.2883582924e-02	3.2883582924e-02	3.5402141777e-02	3.6682140034e-02	3.6682140034e-02	3.8768590340e-02	4.0115763221e-02	4.0115763221e-02	4.0115763221e-02	4.1740280855e-02	4.3088279502e-02	4.3088279502e-02	4.5381493518e-02	4.5381493518e-02	4.6967964797e-02	4.6967964797e-02	4.6967964797e-02	4.9904653829e-02	5.1461390306e-02	
422	0.0	9.7355850655e-03	1.3674257387e-02	4.6463454785e-03	4.6463454785e-03	4.6463454785e-03	4.6463454785e-03	-2.6226332279e-03	-2.6226332279e-03	-2.6226332279e-03	-2.6226332279e-03	-1.4103733935e-02	-1.4103733935e-02	-1.4103733935e-02	-1.4103733935e-02	-2.0140581808e-02	-2.0140581808e-02	-2.0140581808e-02	-2.0140581808e-02	-2.5398461670e-02	-2.5398461670e-02	-2.5398461670e-02	-2.5988332794e-02	-2.9617870195e-02	-2.9617870195e-02	-2.9617870195e-02	-3.2565476219e-02	-3.2565476219e-02	-3.2565476219e-02	-3.2565476219e-02	-3.4050505429e-02	-3.4050505429e-02	-3.4050505429e-02	-3.4050505429e-02	-3.3927227117e-02	-3.3927227117e-02	-3.3927227117e-02	-3.3927227117e-02	-3.2142272003e-02	-3.2142272003e-02	-3.2142272003e-02	-3.2142272003e-02	-2.8757024160e-02	-2.8757024160e-02	-2.8757024160e-02	-2.4278777725e-02	-2.3999908922e-02	-2.3999908922e-02	-2.3999908922e-02	-1.8306561242e-02	-1.8306561242e-02	-1.8306561242e-02	-1.8306561242e-02	-1.2329379554e-02	-1.2329379554e-02	-1.2329379554e-02	-7.2932895989e-03	-6.6006966565e-03	-6.6006966565e-03	-6.6006966565e-03	-6.6006966565e-03	4.7944711054e-03	4.7944711054e-03	4.7944711054e-03	4.7944711054e-03	1.0818115074e-02	1.0818115074e-02	1.0818115074e-02	1.5211312814e-02	1.6317976689e-02	1.6317976689e-02	1.6317976689e-02	2.1088492609e-02	2.1088492609e-02	2.1088492609e-02	2.4425379575e-02	2.4425379575e-02	2.6286578207e-02	2.6286578207e-02	2.6286578207e-02	3.1782601729e-02	3.2883579929e-02	3.2883579929e-02	3.2883579929e-02	3.5402139035e-02	3.6682137341e-02	3.6682137341e-02	3.8768587817e-02	4.0115760758e-02	4.0115760758e-02	4.0115760758e-02	4.1740278500e-02	4.3088277217e-02	4.3088277217e-02	4.5381491330e-02	4.5381491330e-02	4.6967962699e-02	4.6967962699e-02	4.6967962699e-02	4.9904651537e-02	5.1461388112e-02	
423	0.0	9.7355822945e-03	1.3674255104e-02	4.6463404530e-03	4.6463404530e-03	4.6463404530e-03	4.6463404530e-03	-2.6226399388e-03	-2.6226399388e-03	-2.6226399388e-03	-2.6226399388e-03	-1.4103742870e-02	-1.4103742870e-02	-1.4103742870e-02	-1.4103742870e-02	-2.0140591460e-02	-2.0140591460e-02	-2.0140591460e-02	-2.0140591460e-02	-2.5398471951e-02	-2.5398471951e-02	-2.5398471951e-02	-2.5988343159e-02	-2.9617880955e-02	-2.9617880955e-02	-2.9617880955e-02	-3.2565487308e-02	-3.2565487308e-02	-3.2565487308e-02	-3.2565487308e-02	-3.4050516685e-02	-3.4050516685e-02	-3.4050516685e-02	-3.4050516685e-02	-3.3927238361e-02	-3.3927238361e-02	-3.3927238361e-02	-3.3927238361e-02	-3.2142283052e-02	-3.2142283052e-02	-3.2142283052e-02	-3.2142283052e-02	-2.8757034827e-02	-2.8757034827e-02	-2.8757034827e-02	-2.4278787858e-02	-2.3999919031e-02	-2.3999919031e-02	-2.3999919031e-02	-1.8306570642e-02	-1.8306570642e-02	-1.8306570642e-02	-1.8306570642e-02	-1.2329388193e-02	-1.2329388193e-02	-1.2329388193e-02	-7.2932976042e-03	-6.6007045957e-03	-6.6007045957e-03	-6.6007045957e-03	-6.6007045957e-03	4.7944647702e-03	4.7944647702e-03	4.7944647702e-03	4.7944647702e-03	1.0818109523e-02	1.0818109523e-02	1.0818109523e-02	1.5211307840e-02	1.6317971825e-02	1.6317971825e-02	1.6317971825e-02	2.1088488339e-02	2.1088488339e-02	2.1088488339e-02	2.4425375741e-02	2.4425375741e-02	2.6286574610e-02	2.6286574610e-02	2.6286574610e-02	3.1782598746e-02	3.2883576988e-02	3.2883576988e-02	3.2883576988e-02	3.5402136342e-02	3.6682134695e-02	3.6682134695e-02	3.8768585337e-02	4.0115758336e-02	4.0115758336e-02	4.0115758336e-02	4.1740276184e-02	4.3088274969e-02	4.3088274969e-02	4.5381489176e-02	4.5381489176e-02	4.6967960633e-02	4.6967960633e-02	4.6967960633e-02	4.9904649281e-02	5.1461385953e-02	
424	0.0	9.7355795836e-03	1.3674252870e-02	4.6463355366e-03	4.6463355366e-03	4.6463355366e-03	4.6463355366e-03	-2.6226465038e-03	-2.6226465038e-03	-2.6226465038e-03	-2.6226465038e-03	-1.4103751611e-02	-1.4103751611e-02	-1.4103751611e-02	-1.4103751611e-02	-2.0140600901e-02	-2.0140600901e-02	-2.0140600901e-02	-2.0140600901e-02	-2.5398482008e-02	-2.5398482008e-02	-2.5398482008e-02	-2.5988353298e-02	-2.9617891481e-02	-2.9617891481e-02	-2.9617891481e-02	-3.2565498155e-02	-3.2565498155e-02	-3.2565498155e-02	-3.2565498155e-02	-3.4050527694e-02	-3.4050527694e-02	-3.4050527694e-02	-3.4050527694e-02	-3.3927249360e-02	-3.3927249360e-02	-3.3927249360e-02	-3.3927249360e-02	-3.2142293859e-02	-3.2142293859e-02	-3.2142293859e-02	-3.2142293859e-02	-2.8757045263e-02	-2.8757045263e-02	-2.8757045263e-02	-2.4278797770e-02	-2.3999928919e-02	-2.3999928919e-02	-2.3999928919e-02	-1.8306579839e-02	-1.8306579839e-02	-1.8306579839e-02	-1.8306579839e-02	-1.2329396646e-02	-1.2329396646e-02	-1.2329396646e-02	-7.2933054372e-03	-6.6007123641e-03	-6.6007123641e-03	-6.6007123641e-03	-6.6007123641e-03	4.7944585691e-03	4.7944585691e-03	4.7944585691e-03	4.7944585691e-03	1.0818104088e-02	1.0818104088e-02	1.0818104088e-02	1.5211302968e-02	1.6317967061e-02	1.6317967061e-02	1.6317967061e-02	2.1088484155e-02	2.1088484155e-02	2.1088484155e-02	2.4425371983e-02	2.4425371983e-02	2.6286571083e-02	2.6286571083e-02	2.6286571083e-02	3.1782595819e-02	3.2883574102e-02	3.2883574102e-02	3.2883574102e-02	3.5402133698e-02	3.6682132096e-02	3.6682132096e-02	3.8768582901e-02	4.0115755955e-02	4.0115755955e-02	4.0115755955e-02	4.1740273907e-02	4.3088272758e-02	4.3088272758e-02	4.5381487058e-02	4.5381487058e-02	4.6967958600e-02	4.6967958600e-02	4.6967958600e-02	4.9904647063e-02	5.1461383828e-02	
425	0.0	9.7355769318e-03	1.3674250685e-02	4.6463307277e-03	4.6463307277e-03	4.6463307277e-03	4.6463307277e-03	-2.6226529252e-03	-2.6226529252e-03	-2.6226529252e-03	-2.6226529252e-03	-1.4103760160e-02	-1.4103760160e-02	-1.4103760160e-02	-1.4103760160e-02	-2.0140610136e-02	-2.0140610136e-02	-2.0140610136e-02	-2.0140610136e-02	-2.5398491844e-02	-2.5398491844e-02	-2.5398491844e-02	-2.5988363215e-02	-2.9617901775e-02	-2.9617901775e-02	-2.9617901775e-02	-3.2565508764e-02	-3.2565508764e-02	-3.2565508764e-02	-3.2565508764e-02	-3.4050538462e-02	-3.4050538462e-02	-3.4050538462e-02	-3.4050538462e-02	-3.3927260117e-02	-3.3927260117e-02	-3.3927260117e-02	-3.3927260117e-02	-3.2142304429e-02	-3.2142304429e-02	-3.2142304429e-02	-3.2142304429e-02	-2.8757055469e-02	-2.8757055469e-02	-2.8757055469e-02	-2.4278807465e-02	-2.3999938590e-02	-2.3999938590e-02	-2.3999938590e-02	-1.8306588834e-02	-1.8306588834e-02	-1.8306588834e-02	-1.8306588834e-02	-1.2329404914e-02	-1.2329404914e-02	-1.2329404914e-02	-7.2933131005e-03	-6.6007199642e-03	-6.6007199642e-03	-6.6007199642e-03	-6.6007199642e-03	4.7944525005e-03	4.7944525005e-03	4.7944525005e-03	4.7944525005e-03	1.0818098768e-02	1.0818098768e-02	1.0818098768e-02	1.5211298198e-02	1.6317962397e-02	1.6317962397e-02	1.6317962397e-02	2.1088480057e-02	2.1088480057e-02	2.1088480057e-02	2.4425368300e-02	2.4425368300e-02	2.6286567627e-02	2.6286567627e-02	2.6286567627e-02	3.1782592948e-02	3.2883571271e-02	3.2883571271e-02	3.2883571271e-02	3.5402131103e-02	3.6682129545e-02	3.6682129545e-02	3.8768580507e-02	4.0115753617e-02	4.0115753617e-02	4.0115753617e-02	4.1740271670e-02	4.3088270585e-02	4.3088270585e-02	4.5381484974e-02	4.5381484974e-02	4.6967956601e-02	4.6967956601e-02	4.6967956601e-02	4.9904644883e-02	5.1461381739e-02	
426	0.0	9.7355743428e-03	1.3674248553e-02	4.6463260319e-03	4.6463260319e-03	4.6463260319e-03	4.6463260319e-03	-2.6226591972e-03	-2.6226591972e-03	-2.6226591972e-03	-2.6226591972e-03	-1.4103768512e-02	-1.4103768512e-02	-1.4103768512e-02	-1.4103768512e-02	-2.0140619158e-02	-2.0140619158e-02	-2.0140619158e-02	-2.0140619158e-02	-2.5398501456e-02	-2.5398501456e-02	-2.5398501456e-02	-2.5988372905e-02	-2.9617911835e-02	-2.9617911835e-02	-2.9617911835e-02	-3.2565519131e-02	-3.2565519131e-02	-3.2565519131e-02	-3.2565519131e-02	-3.4050548984e-02	-3.4050548984e-02	-3.4050548984e-02	-3.4050548984e-02	-3.3927270629e-02	-3.3927270629e-02	-3.3927270629e-02	-3.3927270629e-02	-3.2142314758e-02	-3.2142314758e-02	-3.2142314758e-02	-3.2142314758e-02	-2.8757065442e-02	-2.8757065442e-02	-2.8757065442e-02	-2.4278816938e-02	-2.3999948040e-02	-2.3999948040e-02	-2.3999948040e-02	-1.8306597623e-02	-1.8306597623e-02	-1.8306597623e-02	-1.8306597623e-02	-1.2329412993e-02	-1.2329412993e-02	-1.2329412993e-02	-7.2933205890e-03	-6.6007273908e-03	-6.6007273908e-03	-6.6007273908e-03	-6.6007273908e-03	4.7944465697e-03	4.7944465697e-03	4.7944465697e-03	4.7944465697e-03	1.0818093568e-02	1.0818093568e-02	1.0818093568e-02	1.5211293534e-02	1.6317957836e-02	1.6317957836e-02	1.6317957836e-02	2.1088476048e-02	2.1088476048e-02	2.1088476048e-02	2.4425364696e-02	2.4425364696e-02	2.6286564245e-02	2.6286564245e-02	2.6286564245e-02	3.1782590136e-02	3.2883568498e-02	3.2883568498e-02	3.2883568498e-02	3.5402128559e-02	3.6682127044e-02	3.6682127044e-02	3.8768578160e-02	4.0115751324e-02	4.0115751324e-02	4.0115751324e-02	4.1740269474e-02	4.3088268452e-02	4.3088268452e-02	4.5381482929e-02	4.5381482929e-02	4.6967954636e-02	4.6967954636e-02	4.6967954636e-02	4.9904642742e-02	5.1461379687e-02	
427	0.0	9.7355718031e-03	1.3674246459e-02	4.6463214260e-03	4.6463214260e-03	4.6463214260e-03	4.6463214260e-03	-2.6226653466e-03	-2.6226653466e-03	-2.6226653466e-03	-2.6226653466e-03	-1.4103776698e-02	-1.4103776698e-02	-1.4103776698e-02	-1.4103776698e-02	-2.0140627999e-02	-2.0140627999e-02	-2.0140627999e-02	-2.0140627999e-02	-2.5398510872e-02	-2.5398510872e-02	-2.5398510872e-02	-2.5988382398e-02	-2.9617921690e-02	-2.9617921690e-02	-2.9617921690e-02	-3.2565529286e-02	-3.2565529286e-02	-3.2565529286e-02	-3.2565529286e-02	-3.4050559291e-02	-3.4050559291e-02	-3.4050559291e-02	-3.4050559291e-02	-3.3927280925e-02	-3.3927280925e-02	-3.3927280925e-02	-3.3927280925e-02	-3.2142324876e-02	-3.2142324876e-02	-3.2142324876e-02	-3.2142324876e-02	-2.8757075211e-02	-2.8757075211e-02	-2.8757075211e-02	-2.4278826219e-02	-2.3999957299e-02	-2.3999957299e-02	-2.3999957299e-02	-1.8306606236e-02	-1.8306606236e-02	-1.8306606236e-02	-1.8306606236e-02	-1.2329420912e-02	-1.2329420912e-02	-1.2329420912e-02	-7.2933279305e-03	-6.6007346719e-03	-6.6007346719e-03	-6.6007346719e-03	-6.6007346719e-03	4.7944407513e-03	4.7944407513e-03	4.7944407513e-03	4.7944407513e-03	1.0818088464e-02	1.0818088464e-02	1.0818088464e-02	1.5211288954e-02	1.6317953357e-02	1.6317953357e-02	1.6317953357e-02	2.1088472110e-02	2.1088472110e-02	2.1088472110e-02	2.4425361154e-02	2.4425361154e-02	2.6286560919e-02	2.6286560919e-02	2.6286560919e-02	3.1782587370e-02	3.2883565769e-02	3.2883565769e-02	3.2883565769e-02	3.5402126055e-02	3.6682124582e-02	3.6682124582e-02	3.8768575849e-02	4.0115749065e-02	4.0115749065e-02	4.0115749065e-02	4.1740267311e-02	4.3088266351e-02	4.3088266351e-02	4.5381480913e-02	4.5381480913e-02	4.6967952700e-02	4.6967952700e-02	4.6967952700e-02	4.9904640633e-02	5.1461377665e-02	
428	0.0	9.7355693222e-03	1.3674244415e-02	4.6463169275e-03	4.6463169275e-03	4.6463169275e-03	4.6463169275e-03	-2.6226713530e-03	-2.6226713530e-03	-2.6226713530e-03	-2.6226713530e-03	-1.4103784694e-02	-1.4103784694e-02	-1.4103784694e-02	-1.4103784694e-02	-2.0140636635e-02	-2.0140636635e-02	-2.0140636635e-02	-2.0140636635e-02	-2.5398520071e-02	-2.5398520071e-02	-2.5398520071e-02	-2.5988391671e-02	-2.9617931316e-02	-2.9617931316e-02	-2.9617931316e-02	-3.2565539206e-02	-3.2565539206e-02	-3.2565539206e-02	-3.2565539206e-02	-3.4050569359e-02	-3.4050569359e-02	-3.4050569359e-02	-3.4050569359e-02	-3.3927290984e-02	-3.3927290984e-02	-3.3927290984e-02	-3.3927290984e-02	-3.2142334760e-02	-3.2142334760e-02	-3.2142334760e-02	-3.2142334760e-02	-2.8757084755e-02	-2.8757084755e-02	-2.8757084755e-02	-2.4278835285e-02	-2.3999966343e-02	-2.3999966343e-02	-2.3999966343e-02	-1.8306614648e-02	-1.8306614648e-02	-1.8306614648e-02	-1.8306614648e-02	-1.2329428646e-02	-1.2329428646e-02	-1.2329428646e-02	-7.2933351009e-03	-6.6007417832e-03	-6.6007417832e-03	-6.6007417832e-03	-6.6007417832e-03	4.7944350694e-03	4.7944350694e-03	4.7944350694e-03	4.7944350694e-03	1.0818083480e-02	1.0818083480e-02	1.0818083480e-02	1.5211284482e-02	1.6317948984e-02	1.6317948984e-02	1.6317948984e-02	2.1088468265e-02	2.1088468265e-02	2.1088468265e-02	2.4425357695e-02	2.4425357695e-02	2.6286557672e-02	2.6286557672e-02	2.6286557672e-02	3.1782584668e-02	3.2883563104e-02	3.2883563104e-02	3.2883563104e-02	3.5402123609e-02	3.6682122177e-02	3.6682122177e-02	3.8768573591e-02	4.0115746857e-02	4.0115746857e-02	4.0115746857e-02	4.1740265197e-02	4.3088264297e-02	4.3088264297e-02	4.5381478941e-02	4.5381478941e-02	4.6967950806e-02	4.6967950806e-02	4.6967950806e-02	4.9904638570e-02	5.1461375686e-02	
429	0.0	9.7355668969e-03	1.3674242416e-02	4.6463125301e-03	4.6463125301e-03	4.6463125301e-03	4.6463125301e-03	-2.6226772247e-03	-2.6226772247e-03	-2.6226772247e-03	-2.6226772247e-03	-1.4103792511e-02	-1.4103792511e-02	-1.4103792511e-02	-1.4103792511e-02	-2.0140645078e-02	-2.0140645078e-02	-2.0140645078e-02	-2.0140645078e-02	-2.5398529063e-02	-2.5398529063e-02	-2.5398529063e-02	-2.5988400737e-02	-2.9617940727e-02	-2.9617940727e-02	-2.9617940727e-02	-3.2565548904e-02	-3.2565548904e-02	-3.2565548904e-02	-3.2565548904e-02	-3.4050579202e-02	-3.4050579202e-02	-3.4050579202e-02	-3.4050579202e-02	-3.3927300818e-02	-3.3927300818e-02	-3.3927300818e-02	-3.3927300818e-02	-3.2142344422e-02	-3.2142344422e-02	-3.2142344422e-02	-3.2142344422e-02	-2.8757094084e-02	-2.8757094084e-02	-2.8757094084e-02	-2.4278844147e-02	-2.3999975184e-02	-2.3999975184e-02	-2.3999975184e-02	-1.8306622872e-02	-1.8306622872e-02	-1.8306622872e-02	-1.8306622872e-02	-1.2329436208e-02	-1.2329436208e-02	-1.2329436208e-02	-7.2933421109e-03	-6.6007487356e-03	-6.6007487356e-03	-6.6007487356e-03	-6.6007487356e-03	4.7944295139e-03	4.7944295139e-03	4.7944295139e-03	4.7944295139e-03	1.0818078606e-02	1.0818078606e-02	1.0818078606e-02	1.5211280109e-02	1.6317944708e-02	1.6317944708e-02	1.6317944708e-02	2.1088464503e-02	2.1088464503e-02	2.1088464503e-02	2.4425354310e-02	2.4425354310e-02	2.6286554494e-02	2.6286554494e-02	2.6286554494e-02	3.1782582022e-02	3.2883560494e-02	3.2883560494e-02	3.2883560494e-02	3.5402121213e-02	3.6682119821e-02	3.6682119821e-02	3.8768571377e-02	4.0115744693e-02	4.0115744693e-02	4.0115744693e-02	4.1740263124e-02	4.3088262282e-02	4.3088262282e-02	4.5381477007e-02	4.5381477007e-02	4.6967948947e-02	4.6967948947e-02	4.6967948947e-02	4.9904636546e-02	5.1461373744e-02	
