/*---------------------------------------------------------------------------*\
|       o        |                                                            |
|    o     o     |  HELYX (R) : Open-source CFD for Enterprise                |
|   o   O   o    |  Version : 4.4.1                                           |
|    o     o     |  ENGYS Ltd. <http://engys.com/>                            |
|       o        |                                                            |
\*---------------------------------------------------------------------------*/
Build  : 4.4.1-unknown
API    : 4.4.1
Arch   : "LSB;label=32;scalar=64"
Exec   : helyxSolve -parallel
Date   : Jan 15 2026
Time   : 17:36:59
Host   : "tb133-VirtualBox"
PID    : 9506
I/O    : uncollated
Case   : /home/introcfd/Desktop/estudioAutomatizacionPerfiles/aleronTraseroV1
nProcs : 4
Slaves : 
3
(
"tb133-VirtualBox.9507"
"tb133-VirtualBox.9508"
"tb133-VirtualBox.9509"
)

Pstream initialized with:
    floatTransfer      : 0
    nProcsSimpleSum    : 0
    commsType          : nonBlocking
    polling iterations : 0
sigFpe : Enabling floating point exception trapping (HELYX_SIGFPE).
fileModificationChecking : Monitoring run-time modified files using timeStampMaster (fileModificationSkew 10)
allowSystemOperations : Allowing user-supplied system call operations

// * * * * * * * * * * * * * * * * * * * * * * * * * * * * * * * * * * * * * //
Creating time

Reading default options for solver configuration: helyxSolve

Creating solution schedule 
Building instance: defaultInstanceName

Constructing static mesh region0


Constructing Registry: region0

Creating fvOption for mesh region0
for region  region0
Creating finite volume options from "system/fvOptions"

Selecting finite volume options model type rhieChowFlowSolver
    Source: flowSolver
Selecting solution control: SIMPLE

SIMPLE: convergence criteria
    field U	 tolerance 1e-07
    field p	 tolerance 1e-07
    field k	 tolerance 1e-07
    field omega	 tolerance 1e-07

Creating initial p field

Reading field U

Reading material properties


Material settings
-----------------

Selecting materials package "fluid".
pRef [1 -1 -2 0 0 0 0] 101325
TRef [0 0 0 1 0 0 0] 0
TConst [0 0 0 1 0 0 0] 300

Solver settings from material properties:
"isochoric" "incompressible" "constant Cv" "isotropic"

Creating field rho

pressureControl
    pMax 1e+10
    pMin -1e+10

Calculating face flux field phi

Creating turbulence model

Selecting turbulence model type RAS
Selecting RAS turbulence model kOmegaSST
kOmegaSSTCoeffs
{
    curvature       false;
    solveCoupled    false;
    decoupledVariables false;
    alphaK1         0.85;
    alphaK2         1;
    alphaOmega1     0.5;
    alphaOmega2     0.856;
    gamma1          0.5555555556;
    gamma2          0.44;
    beta1           0.075;
    beta2           0.0828;
    betaStar        0.09;
    a1              0.31;
    b1              1;
    c1              10;
    F3              false;
    limitNearWallCell false;
    productionType  standard;
    maxTurbViscosityRatio 1000000;
    cr1             1;
    cr2             2;
    cr3             1;
    deferredS1      false;
    deferredS2      false;
}

Selecting finite volume options model type turbulenceSolver
    Source: turbulenceSolver
Selecting finite volume options model type fvMeshSolver
    Source: fvMeshSolver
Selecting finite volume options model type radiationSolver
    Source: radiationSolver
Selecting finite volume options model type phaseChangeSource
    Source: phaseChangeSource

GAMG:  Solving for pcorr, Initial residual = 1, Final residual = 0.004528702015, No Iterations 2
GAMG:  Solving for pcorr, Initial residual = 0.1882819936, Final residual = 0.001141559491, No Iterations 5
GAMG:  Solving for pcorr, Initial residual = 0.03122835429, Final residual = 0.0001277592337, No Iterations 3

	Selecting patchDistMethod meshWave
Removing fvOption fvMeshSolver
Radiation model not active: radiationProperties not found
Selecting radiationModel none
Removing fvOption radiationSolver
No phase change - not multiphase
Removing fvOption phaseChangeSource

Solution schedule:
  Corrector initialisation
    Solve solverMeshInit in region region0
  Corrector timeLoop
    Corrector outerCorrector
      Solve correctPhi in region region0
      Solve UPredictor in region region0
      Corrector PISOCorrector
        Corrector nonOrthogonalCorrector:p
          Solve p in region region0
        Solve U in region region0
      Solve turbulence in region region0


Starting initialisation schedule


Starting time loop

forces FR:
    Not including porosity effects

forces LD:
    Including porosity effects


liftDrag LD read:
    Creating lift/drag file.

--> HELYX Warning : 
    From function virtual bool Foam::functionObjects::liftDrag::read(const Foam::dictionary&)
    in file /home/introcfd/helyx/20251017-engys-HELYX-4.4.1-linux-x86_64-SRC/HELYXcore-4.4.1/src/functionObjects/forces/liftDrag/liftDrag.C at line 1174
    Old format used in binData.


################################################################################

Time = 1

Outer Loop Iteration = 1
smoothSolver:  Solving for Ux, Initial residual = 0.9999999993, Final residual = 0.04855862726, No Iterations 2
smoothSolver:  Solving for Uz, Initial residual = 0.9878546944, Final residual = 0.02585824401, No Iterations 2
GAMG:  Solving for p, Initial residual = 1, Final residual = 0.005444938307, No Iterations 7
GAMG:  Solving for p, Initial residual = 0.1494743459, Final residual = 0.0005502964649, No Iterations 3
GAMG:  Solving for p, Initial residual = 0.01307678562, Final residual = 7.75072122e-05, No Iterations 3
time step continuity errors (region0): sum local = 4.90929234e-06, global = -1.378017868e-07, cumulative = -1.378017868e-07
smoothSolver:  Solving for omega, Initial residual = 0.2551377354, Final residual = 0.01176007748, No Iterations 1
smoothSolver:  Solving for k, Initial residual = 1, Final residual = 0.0724445747, No Iterations 1

ExecutionTime = 0.08 s  ExecutionStepTime = 0.02 s  ClockTime = 1 s

forces FR write:
    Sum of forces
        Total    : ( 9.65693569 0 -24.48363698 )
        Pressure : ( 9.606524473 0 -24.4913434 )
        Viscous  : ( 0.05041121709 0 0.007706416568 )
    Sum of moments
        Total    : ( -11.87812546 6.596197114 -4.685018559 )
        Pressure : ( -11.88186419 6.598638266 -4.660561786 )
        Viscous  : ( 0.003738733052 -0.002441151079 -0.02445677337 )


liftDrag LD execute:
Viscous drag: 0.004186293875, pressure drag: 0.7977536922, porous drag: 0
Viscous lift: 0.0006399632133, pressure lift: -2.033832285, porous lift: 0
Total lift: -2.033192322, Front lift: -0.4688287956, Rear lift: -1.564363527, Drag: 0.8019399861
Location of Center of Mass: ( 0.1593065081 0.4851454654 -0.003834401379 )
Location of Center Of Pressure: ( 0.2558980679 0.4851454654 0.03426363455 )


yPlus yPlus execute:
    patch Bottom y+ : min = 64.00941597, max = 328.7921374, average = 182.796073
    patch Top y+ : min = 116.4581285, max = 324.5548436, average = 212.0303998
    patch e423_0 y+ : min = 106.5894001, max = 700.4946112, average = 416.8762379


################################################################################

Time = 2

Outer Loop Iteration = 2
smoothSolver:  Solving for Ux, Initial residual = 0.2343616164, Final residual = 0.007235693108, No Iterations 2
smoothSolver:  Solving for Uz, Initial residual = 0.1764390939, Final residual = 0.005029069766, No Iterations 2
GAMG:  Solving for p, Initial residual = 0.2658833993, Final residual = 0.001184762712, No Iterations 6
GAMG:  Solving for p, Initial residual = 0.09253843437, Final residual = 0.0003486239667, No Iterations 3
GAMG:  Solving for p, Initial residual = 0.01104329102, Final residual = 4.711428341e-05, No Iterations 3
time step continuity errors (region0): sum local = 3.571012477e-06, global = 5.921832408e-08, cumulative = -7.858346275e-08
smoothSolver:  Solving for omega, Initial residual = 0.1131940177, Final residual = 0.006620776268, No Iterations 1
smoothSolver:  Solving for k, Initial residual = 0.3806475565, Final residual = 0.03027878592, No Iterations 1

ExecutionTime = 0.11 s  ExecutionStepTime = 0.02 s  ClockTime = 1 s

forces FR write:
    Sum of forces
        Total    : ( 2.941840171 0 -9.015813723 )
        Pressure : ( 2.893148579 0 -9.024015117 )
        Viscous  : ( 0.04869159176 0 0.008201394196 )
    Sum of moments
        Total    : ( -4.373981144 2.129454572 -1.427220419 )
        Pressure : ( -4.377960013 2.131990504 -1.403597914 )
        Viscous  : ( 0.003978869204 -0.002535931871 -0.02362250494 )


liftDrag LD execute:
Viscous drag: 0.004043491193, pressure drag: 0.2402554605, porous drag: 0
Viscous lift: 0.0006810675931, pressure lift: -0.7493804235, porous lift: 0
Total lift: -0.7486993559, Front lift: -0.1975135858, Rear lift: -0.5511857701, Drag: 0.2442989517
Location of Center of Mass: ( 0.1593065081 0.4851454654 -0.003834401379 )
Location of Center Of Pressure: ( 0.2299235945 0.4851454654 0.01920779847 )


yPlus yPlus execute:
    patch Bottom y+ : min = 18.20175559, max = 295.3407698, average = 162.1923623
    patch Top y+ : min = 74.00372935, max = 401.3752112, average = 225.3368778
    patch e423_0 y+ : min = 100.181479, max = 706.2997202, average = 413.2913547


################################################################################

Time = 3

Outer Loop Iteration = 3
smoothSolver:  Solving for Ux, Initial residual = 0.06812492033, Final residual = 0.001852695326, No Iterations 2
smoothSolver:  Solving for Uz, Initial residual = 0.04384975091, Final residual = 0.001137192574, No Iterations 2
GAMG:  Solving for p, Initial residual = 0.1121361616, Final residual = 0.0006352158816, No Iterations 5
GAMG:  Solving for p, Initial residual = 0.03070885303, Final residual = 0.0001359538149, No Iterations 3
GAMG:  Solving for p, Initial residual = 0.004000713112, Final residual = 2.370370187e-05, No Iterations 3
time step continuity errors (region0): sum local = 1.358881509e-06, global = -1.785272893e-08, cumulative = -9.643619169e-08
smoothSolver:  Solving for omega, Initial residual = 0.0685524893, Final residual = 0.00472517842, No Iterations 1
smoothSolver:  Solving for k, Initial residual = 0.2249899699, Final residual = 0.01956547508, No Iterations 1

ExecutionTime = 0.14 s  ExecutionStepTime = 0.03 s  ClockTime = 1 s

forces FR write:
    Sum of forces
        Total    : ( 1.434771352 0 -5.587530761 )
        Pressure : ( 1.387289575 0 -5.595249005 )
        Viscous  : ( 0.04748177692 0 0.007718244674 )
    Sum of moments
        Total    : ( -2.710765211 1.188008944 -0.6960728152 )
        Pressure : ( -2.714509683 1.19046445 -0.6730372465 )
        Viscous  : ( 0.003744471404 -0.002455505797 -0.02303556876 )


liftDrag LD execute:
Viscous drag: 0.003943024655, pressure drag: 0.1152045554, porous drag: 0
Viscous lift: 0.0006409454536, pressure lift: -0.4646457275, porous lift: 0
Total lift: -0.4640047821, Front lift: -0.133346678, Rear lift: -0.3306581041, Drag: 0.11914758
Location of Center of Mass: ( 0.1593065081 0.4851454654 -0.003834401379 )
Location of Center Of Pressure: ( 0.2102438535 0.4851454654 0.009245337622 )


yPlus yPlus execute:
    patch Bottom y+ : min = 14.07824112, max = 321.6207843, average = 158.5172175
    patch Top y+ : min = 58.47292654, max = 453.8543241, average = 224.0765688
    patch e423_0 y+ : min = 84.79600832, max = 707.8296765, average = 409.8217548


################################################################################

Time = 4

Outer Loop Iteration = 4
smoothSolver:  Solving for Ux, Initial residual = 0.04026041966, Final residual = 0.001088541938, No Iterations 2
smoothSolver:  Solving for Uz, Initial residual = 0.02774046313, Final residual = 0.0006644835515, No Iterations 2
GAMG:  Solving for p, Initial residual = 0.09880057693, Final residual = 0.000479463262, No Iterations 4
GAMG:  Solving for p, Initial residual = 0.01490808518, Final residual = 7.045631925e-05, No Iterations 3
GAMG:  Solving for p, Initial residual = 0.002275133167, Final residual = 1.300131065e-05, No Iterations 3
time step continuity errors (region0): sum local = 6.919375924e-07, global = -8.518453126e-09, cumulative = -1.049546448e-07
smoothSolver:  Solving for omega, Initial residual = 0.04732534028, Final residual = 0.003407045965, No Iterations 1
smoothSolver:  Solving for k, Initial residual = 0.1562636223, Final residual = 0.01469588356, No Iterations 1

ExecutionTime = 0.16 s  ExecutionStepTime = 0.01 s  ClockTime = 1 s

forces FR write:
    Sum of forces
        Total    : ( 1.199113941 0 -5.194673745 )
        Pressure : ( 1.152160352 0 -5.202142525 )
        Viscous  : ( 0.0469535889 0 0.007468779666 )
    Sum of moments
        Total    : ( -2.520172412 1.060675776 -0.5817446911 )
        Pressure : ( -2.523795856 1.063101094 -0.5589653703 )
        Viscous  : ( 0.003623444586 -0.002425317694 -0.02277932074 )


liftDrag LD execute:
Viscous drag: 0.003899162388, pressure drag: 0.09567874185, porous drag: 0
Viscous lift: 0.0006202291548, pressure lift: -0.4320010237, porous lift: 0
Total lift: -0.4313807945, Front lift: -0.1276088004, Rear lift: -0.3037719942, Drag: 0.09957790423
Location of Center of Mass: ( 0.1593065081 0.4851454654 -0.003834401379 )
Location of Center Of Pressure: ( 0.202755208 0.4851454654 0.006195091202 )


yPlus yPlus execute:
    patch Bottom y+ : min = 11.77121674, max = 343.3135353, average = 150.3224852
    patch Top y+ : min = 74.48141118, max = 483.5003725, average = 226.6354214
    patch e423_0 y+ : min = 81.96615148, max = 712.5313707, average = 406.9727011


################################################################################

Time = 5

Outer Loop Iteration = 5
smoothSolver:  Solving for Ux, Initial residual = 0.03612711861, Final residual = 0.001056778451, No Iterations 2
smoothSolver:  Solving for Uz, Initial residual = 0.02319215511, Final residual = 0.0006213649521, No Iterations 2
GAMG:  Solving for p, Initial residual = 0.07069034948, Final residual = 0.0003991740944, No Iterations 4
GAMG:  Solving for p, Initial residual = 0.008662591717, Final residual = 3.989117604e-05, No Iterations 3
GAMG:  Solving for p, Initial residual = 0.001165553587, Final residual = 5.989637481e-06, No Iterations 3
time step continuity errors (region0): sum local = 3.21416331e-07, global = 1.318522215e-08, cumulative = -9.176942266e-08
smoothSolver:  Solving for omega, Initial residual = 0.03547304576, Final residual = 0.002631765299, No Iterations 1
smoothSolver:  Solving for k, Initial residual = 0.1183588974, Final residual = 0.00181486378, No Iterations 2

ExecutionTime = 0.18 s  ExecutionStepTime = 0.02 s  ClockTime = 1 s

forces FR write:
    Sum of forces
        Total    : ( 1.175279515 0 -5.367624509 )
        Pressure : ( 1.128913774 0 -5.374916328 )
        Viscous  : ( 0.04636574113 0 0.007291818154 )
    Sum of moments
        Total    : ( -2.60407869 1.067787991 -0.5701815272 )
        Pressure : ( -2.607616283 1.070191859 -0.5476873982 )
        Viscous  : ( 0.003537592512 -0.002403868269 -0.02249412905 )


liftDrag LD execute:
Viscous drag: 0.003850345802, pressure drag: 0.09374827845, porous drag: 0
Viscous lift: 0.0006055337569, pressure lift: -0.446348662, porous lift: 0
Total lift: -0.4457431283, Front lift: -0.1341993482, Rear lift: -0.3115437801, Drag: 0.09759862425
Location of Center of Mass: ( 0.1593065081 0.4851454654 -0.003834401379 )
Location of Center Of Pressure: ( 0.1979195747 0.4851454654 0.004620203844 )


yPlus yPlus execute:
    patch Bottom y+ : min = 17.2419452, max = 350.6686857, average = 166.7290495
    patch Top y+ : min = 76.25947827, max = 503.3847631, average = 228.3985112
    patch e423_0 y+ : min = 86.62795805, max = 715.0718585, average = 404.1949734


################################################################################

Time = 6

Outer Loop Iteration = 6
smoothSolver:  Solving for Ux, Initial residual = 0.034725287, Final residual = 0.001076989321, No Iterations 2
smoothSolver:  Solving for Uz, Initial residual = 0.02108357004, Final residual = 0.0006048410814, No Iterations 2
GAMG:  Solving for p, Initial residual = 0.05246536112, Final residual = 0.0003455441159, No Iterations 4
GAMG:  Solving for p, Initial residual = 0.006664169774, Final residual = 2.639416191e-05, No Iterations 3
GAMG:  Solving for p, Initial residual = 0.0008573036386, Final residual = 3.489538861e-06, No Iterations 3
time step continuity errors (region0): sum local = 1.916382505e-07, global = 9.043370053e-09, cumulative = -8.272605261e-08
smoothSolver:  Solving for omega, Initial residual = 0.02785762176, Final residual = 0.002138058056, No Iterations 1
smoothSolver:  Solving for k, Initial residual = 0.09328899837, Final residual = 0.00148342472, No Iterations 2

ExecutionTime = 0.21 s  ExecutionStepTime = 0.01 s  ClockTime = 1 s

forces FR write:
    Sum of forces
        Total    : ( 1.206323313 0 -5.661807306 )
        Pressure : ( 1.160274788 0 -5.66891474 )
        Viscous  : ( 0.04604852531 0 0.007107434049 )
    Sum of moments
        Total    : ( -2.74680014 1.108355699 -0.5852422853 )
        Pressure : ( -2.750248279 1.110743924 -0.562902052 )
        Viscous  : ( 0.003448139399 -0.0023882257 -0.02234023324 )


liftDrag LD execute:
Viscous drag: 0.003824003279, pressure drag: 0.09635258816, porous drag: 0
Viscous lift: 0.0005902219653, pressure lift: -0.470763144, porous lift: 0
Total lift: -0.4701729221, Front lift: -0.1430453849, Rear lift: -0.3271275372, Drag: 0.1001765914
Location of Center of Mass: ( 0.1593065081 0.4851454654 -0.003834401379 )
Location of Center Of Pressure: ( 0.1949585637 0.4851454654 0.003761743029 )


yPlus yPlus execute:
    patch Bottom y+ : min = 15.39939886, max = 362.9063582, average = 179.6153784
    patch Top y+ : min = 66.28939459, max = 520.7223765, average = 229.502629
    patch e423_0 y+ : min = 93.91158844, max = 718.8402367, average = 402.0375909


################################################################################

Time = 7

Outer Loop Iteration = 7
smoothSolver:  Solving for Ux, Initial residual = 0.03390902258, Final residual = 0.001095031352, No Iterations 2
smoothSolver:  Solving for Uz, Initial residual = 0.01988165901, Final residual = 0.0005844594891, No Iterations 2
GAMG:  Solving for p, Initial residual = 0.04247831286, Final residual = 0.0002631571286, No Iterations 4
GAMG:  Solving for p, Initial residual = 0.005990680113, Final residual = 2.240190575e-05, No Iterations 3
GAMG:  Solving for p, Initial residual = 0.000836297742, Final residual = 3.334930682e-06, No Iterations 3
time step continuity errors (region0): sum local = 1.869865893e-07, global = 7.799519388e-09, cumulative = -7.492653322e-08
smoothSolver:  Solving for omega, Initial residual = 0.02275757348, Final residual = 0.001787221836, No Iterations 1
smoothSolver:  Solving for k, Initial residual = 0.07656279892, Final residual = 0.001198812867, No Iterations 2

ExecutionTime = 0.23 s  ExecutionStepTime = 0.01 s  ClockTime = 1 s

forces FR write:
    Sum of forces
        Total    : ( 1.226782632 0 -5.884730751 )
        Pressure : ( 1.181119196 0 -5.891657252 )
        Viscous  : ( 0.04566343651 0 0.0069265012 )
    Sum of moments
        Total    : ( -2.854950439 1.139670818 -0.5951680309 )
        Pressure : ( -2.858310799 1.14204389 -0.5730146218 )
        Viscous  : ( 0.003360360648 -0.00237307171 -0.02215340915 )


liftDrag LD execute:
Viscous drag: 0.003792024386, pressure drag: 0.09808356829, porous drag: 0
Viscous lift: 0.0005751967761, pressure lift: -0.4892603292, porous lift: 0
Total lift: -0.4886851324, Front lift: -0.1497009915, Rear lift: -0.3389841409, Drag: 0.1018755927
Location of Center of Mass: ( 0.1593065081 0.4851454654 -0.003834401379 )
Location of Center Of Pressure: ( 0.1930007799 0.4851454654 0.003189802308 )


yPlus yPlus execute:
    patch Bottom y+ : min = 9.390974843, max = 377.1434133, average = 193.6555756
    patch Top y+ : min = 47.56738748, max = 535.386188, average = 230.7922277
    patch e423_0 y+ : min = 99.73477433, max = 722.2875344, average = 400.0456361


################################################################################

Time = 8

Outer Loop Iteration = 8
smoothSolver:  Solving for Ux, Initial residual = 0.03325654892, Final residual = 0.001086996926, No Iterations 2
smoothSolver:  Solving for Uz, Initial residual = 0.01896737854, Final residual = 0.0005758911198, No Iterations 2
GAMG:  Solving for p, Initial residual = 0.03529015702, Final residual = 0.0002311431957, No Iterations 4
GAMG:  Solving for p, Initial residual = 0.00569510082, Final residual = 3.036595749e-05, No Iterations 3
GAMG:  Solving for p, Initial residual = 0.0008400532313, Final residual = 3.723329553e-06, No Iterations 3
time step continuity errors (region0): sum local = 2.142475921e-07, global = 8.528007817e-09, cumulative = -6.63985254e-08
smoothSolver:  Solving for omega, Initial residual = 0.01912084753, Final residual = 0.001524566119, No Iterations 1
smoothSolver:  Solving for k, Initial residual = 0.06471314013, Final residual = 0.0009720135904, No Iterations 2

ExecutionTime = 0.27 s  ExecutionStepTime = 0.02 s  ClockTime = 1 s

forces FR write:
    Sum of forces
        Total    : ( 1.240103426 0 -6.060099637 )
        Pressure : ( 1.194881844 0 -6.066829155 )
        Viscous  : ( 0.04522158178 0 0.006729517678 )
    Sum of moments
        Total    : ( -2.940029859 1.16373786 -0.6016305535 )
        Pressure : ( -2.943294654 1.166091324 -0.5796915081 )
        Viscous  : ( 0.003264794985 -0.002353463901 -0.02193904534 )


liftDrag LD execute:
Viscous drag: 0.003755331487, pressure drag: 0.09922645856, porous drag: 0
Viscous lift: 0.0005588386923, pressure lift: -0.5038071127, porous lift: 0
Total lift: -0.503248274, Front lift: -0.1549839653, Rear lift: -0.3482643087, Drag: 0.10298179
Location of Center of Mass: ( 0.1593065081 0.4851454654 -0.003834401379 )
Location of Center Of Pressure: ( 0.1914705681 0.4851454654 0.002747464162 )


yPlus yPlus execute:
    patch Bottom y+ : min = 5.473946532, max = 389.3796889, average = 201.3805441
    patch Top y+ : min = 20.46019002, max = 545.4987163, average = 231.5587911
    patch e423_0 y+ : min = 103.5923372, max = 725.1914102, average = 398.0755673


################################################################################

Time = 9

Outer Loop Iteration = 9
smoothSolver:  Solving for Ux, Initial residual = 0.03250704353, Final residual = 0.001045718818, No Iterations 2
smoothSolver:  Solving for Uz, Initial residual = 0.01830301957, Final residual = 0.000577823554, No Iterations 2
GAMG:  Solving for p, Initial residual = 0.03084628252, Final residual = 0.0002113064596, No Iterations 4
GAMG:  Solving for p, Initial residual = 0.00528521107, Final residual = 2.307207423e-05, No Iterations 3
GAMG:  Solving for p, Initial residual = 0.0008256737432, Final residual = 6.426256396e-06, No Iterations 3
time step continuity errors (region0): sum local = 3.801930079e-07, global = 9.598972718e-09, cumulative = -5.679955268e-08
smoothSolver:  Solving for omega, Initial residual = 0.01631714893, Final residual = 0.001333254245, No Iterations 1
smoothSolver:  Solving for k, Initial residual = 0.05593746713, Final residual = 0.0007957872011, No Iterations 2

ExecutionTime = 0.29 s  ExecutionStepTime = 0.02 s  ClockTime = 1 s

forces FR write:
    Sum of forces
        Total    : ( 1.250722761 0 -6.24158639 )
        Pressure : ( 1.205937297 0 -6.248102174 )
        Viscous  : ( 0.04478546468 0 0.006515784438 )
    Sum of moments
        Total    : ( -3.028077334 1.187912706 -0.6067824762 )
        Pressure : ( -3.031238437 1.19024754 -0.5850550111 )
        Viscous  : ( 0.003161103273 -0.002334833851 -0.0217274651 )


liftDrag LD execute:
Viscous drag: 0.003719115056, pressure drag: 0.1001445355, porous drag: 0
Viscous lift: 0.0005410896633, pressure lift: -0.5188605507, porous lift: 0
Total lift: -0.5183194611, Front lift: -0.1605120094, Rear lift: -0.3578074517, Drag: 0.1038636506
Location of Center of Mass: ( 0.1593065081 0.4851454654 -0.003834401379 )
Location of Center Of Pressure: ( 0.1898635998 0.4851454654 0.00228879355 )


yPlus yPlus execute:
    patch Bottom y+ : min = 9.635435888, max = 400.2003151, average = 206.0290286
    patch Top y+ : min = 26.96541564, max = 556.6049695, average = 233.7204953
    patch e423_0 y+ : min = 106.9215197, max = 728.4697722, average = 396.1047714


################################################################################

Time = 10

Outer Loop Iteration = 10
smoothSolver:  Solving for Ux, Initial residual = 0.03152096732, Final residual = 0.0009941791165, No Iterations 2
smoothSolver:  Solving for Uz, Initial residual = 0.01780886529, Final residual = 0.00057874723, No Iterations 2
GAMG:  Solving for p, Initial residual = 0.02698222799, Final residual = 0.0001907350745, No Iterations 4
GAMG:  Solving for p, Initial residual = 0.004381108789, Final residual = 2.50403014e-05, No Iterations 3
GAMG:  Solving for p, Initial residual = 0.0007152764308, Final residual = 3.478620732e-06, No Iterations 3
time step continuity errors (region0): sum local = 2.119780185e-07, global = 7.271403942e-09, cumulative = -4.952814874e-08
smoothSolver:  Solving for omega, Initial residual = 0.01414400367, Final residual = 0.001165751579, No Iterations 1
smoothSolver:  Solving for k, Initial residual = 0.04922729103, Final residual = 0.000659849857, No Iterations 2

ExecutionTime = 0.3 s  ExecutionStepTime = 0.01 s  ClockTime = 1 s

forces FR write:
    Sum of forces
        Total    : ( 1.257551221 0 -6.410344577 )
        Pressure : ( 1.213167984 0 -6.4166543 )
        Viscous  : ( 0.04438323706 0 0.006309723191 )
    Sum of moments
        Total    : ( -3.109949603 1.208926058 -0.6100952721 )
        Pressure : ( -3.113010736 1.211241771 -0.5885629459 )
        Viscous  : ( 0.003061133594 -0.002315713511 -0.0215323262 )


liftDrag LD execute:
Viscous drag: 0.003685712907, pressure drag: 0.1007449927, porous drag: 0
Viscous lift: 0.000523977739, pressure lift: -0.5328576088, porous lift: 0
Total lift: -0.532333631, Front lift: -0.1657740847, Rear lift: -0.3665595464, Drag: 0.1044307056
Location of Center of Mass: ( 0.1593065081 0.4851454654 -0.003834401379 )
Location of Center Of Pressure: ( 0.1882290108 0.4851454654 0.001839479041 )


yPlus yPlus execute:
    patch Bottom y+ : min = 14.44025458, max = 409.9488889, average = 206.4838465
    patch Top y+ : min = 36.03320056, max = 561.2516671, average = 235.5089047
    patch e423_0 y+ : min = 110.3699328, max = 732.2945025, average = 394.1464592


################################################################################

Time = 11

Outer Loop Iteration = 11
smoothSolver:  Solving for Ux, Initial residual = 0.03037620854, Final residual = 0.0009284499446, No Iterations 2
smoothSolver:  Solving for Uz, Initial residual = 0.01733059126, Final residual = 0.000578407703, No Iterations 2
GAMG:  Solving for p, Initial residual = 0.02459113034, Final residual = 0.0001702603735, No Iterations 4
GAMG:  Solving for p, Initial residual = 0.003862367672, Final residual = 1.667199087e-05, No Iterations 3
GAMG:  Solving for p, Initial residual = 0.0005632843528, Final residual = 2.947745715e-06, No Iterations 3
time step continuity errors (region0): sum local = 1.857492647e-07, global = 1.265127754e-08, cumulative = -3.68768712e-08
smoothSolver:  Solving for omega, Initial residual = 0.01238759695, Final residual = 0.001016226272, No Iterations 1
smoothSolver:  Solving for k, Initial residual = 0.04394977439, Final residual = 0.0005548794064, No Iterations 2

ExecutionTime = 0.33 s  ExecutionStepTime = 0.02 s  ClockTime = 1 s

forces FR write:
    Sum of forces
        Total    : ( 1.261267179 0 -6.568790344 )
        Pressure : ( 1.21721277 0 -6.574907789 )
        Viscous  : ( 0.0440544084 0 0.006117445445 )
    Sum of moments
        Total    : ( -3.186818848 1.227843647 -0.6118980523 )
        Pressure : ( -3.189786699 1.230140198 -0.5905252558 )
        Viscous  : ( 0.002967850917 -0.002296550496 -0.02137279647 )


liftDrag LD execute:
Viscous drag: 0.00365840602, pressure drag: 0.1010808836, porous drag: 0
Viscous lift: 0.0005080104365, pressure lift: -0.5459994381, porous lift: 0
Total lift: -0.5454914277, Front lift: -0.1707820114, Rear lift: -0.3747094163, Drag: 0.1047392896
Location of Center of Mass: ( 0.1593065081 0.4851454654 -0.003834401379 )
Location of Center Of Pressure: ( 0.1866490063 0.4851454654 0.001415605669 )


yPlus yPlus execute:
    patch Bottom y+ : min = 15.48860771, max = 417.8622566, average = 208.7837224
    patch Top y+ : min = 45.234792, max = 559.9257212, average = 236.7005578
    patch e423_0 y+ : min = 113.8291369, max = 736.6005205, average = 392.3559015


################################################################################

Time = 12

Outer Loop Iteration = 12
smoothSolver:  Solving for Ux, Initial residual = 0.02924155231, Final residual = 0.0008550552804, No Iterations 2
smoothSolver:  Solving for Uz, Initial residual = 0.0168744836, Final residual = 0.0005790302645, No Iterations 2
GAMG:  Solving for p, Initial residual = 0.02202848914, Final residual = 0.0001533968008, No Iterations 4
GAMG:  Solving for p, Initial residual = 0.003225061747, Final residual = 1.381327626e-05, No Iterations 3
GAMG:  Solving for p, Initial residual = 0.000472309018, Final residual = 2.307028337e-06, No Iterations 3
time step continuity errors (region0): sum local = 1.498537289e-07, global = 1.374889914e-08, cumulative = -2.312797205e-08
smoothSolver:  Solving for omega, Initial residual = 0.01097700846, Final residual = 0.0009030726754, No Iterations 1
smoothSolver:  Solving for k, Initial residual = 0.03969055564, Final residual = 0.003928666754, No Iterations 1

ExecutionTime = 0.36 s  ExecutionStepTime = 0.03 s  ClockTime = 1 s

forces FR write:
    Sum of forces
        Total    : ( 1.259404653 0 -6.731201501 )
        Pressure : ( 1.215641852 0 -6.737118427 )
        Viscous  : ( 0.04376280081 0 0.005916925654 )
    Sum of moments
        Total    : ( -3.265611885 1.246095114 -0.6109944566 )
        Pressure : ( -3.268482454 1.248372649 -0.5897631322 )
        Viscous  : ( 0.00287056965 -0.002277534358 -0.02123132437 )


liftDrag LD execute:
Viscous drag: 0.003634190078, pressure drag: 0.10095043, porous drag: 0
Viscous lift: 0.0004913586907, pressure lift: -0.5594698806, porous lift: 0
Total lift: -0.5589785219, Front lift: -0.1760099036, Rear lift: -0.3829686182, Drag: 0.1045846201
Location of Center of Mass: ( 0.1593065081 0.4851454654 -0.003834401379 )
Location of Center Of Pressure: ( 0.1849422462 0.4851454654 0.0009620332387 )


yPlus yPlus execute:
    patch Bottom y+ : min = 17.36699777, max = 423.3736506, average = 209.7242598
    patch Top y+ : min = 57.72352202, max = 553.4015716, average = 237.6381417
    patch e423_0 y+ : min = 117.9650372, max = 741.1562216, average = 390.6966091


################################################################################

Time = 13

Outer Loop Iteration = 13
smoothSolver:  Solving for Ux, Initial residual = 0.02812395261, Final residual = 0.0007893102349, No Iterations 2
smoothSolver:  Solving for Uz, Initial residual = 0.01640778391, Final residual = 0.0005715036046, No Iterations 2
GAMG:  Solving for p, Initial residual = 0.0201072006, Final residual = 0.0001397488304, No Iterations 4
GAMG:  Solving for p, Initial residual = 0.002807421615, Final residual = 1.170885955e-05, No Iterations 3
GAMG:  Solving for p, Initial residual = 0.0004348741365, Final residual = 1.984594503e-06, No Iterations 3
time step continuity errors (region0): sum local = 1.323116239e-07, global = 1.266210083e-08, cumulative = -1.046587123e-08
smoothSolver:  Solving for omega, Initial residual = 0.009788187829, Final residual = 0.0008161768793, No Iterations 1
smoothSolver:  Solving for k, Initial residual = 0.03638529356, Final residual = 0.003577009014, No Iterations 1

ExecutionTime = 0.38 s  ExecutionStepTime = 0.01 s  ClockTime = 1 s

forces FR write:
    Sum of forces
        Total    : ( 1.254677714 0 -6.878582451 )
        Pressure : ( 1.211190358 0 -6.88429501 )
        Viscous  : ( 0.04348735619 0 0.005712559367 )
    Sum of moments
        Total    : ( -3.337113084 1.261292237 -0.6087012033 )
        Pressure : ( -3.339884506 1.263550748 -0.5876035097 )
        Viscous  : ( 0.002771422273 -0.002258511356 -0.02109769366 )


liftDrag LD execute:
Viscous drag: 0.003611316357, pressure drag: 0.1005807649, porous drag: 0
Viscous lift: 0.0004743875207, pressure lift: -0.5716918515, porous lift: 0
Total lift: -0.571217464, Front lift: -0.1808673615, Rear lift: -0.3903501024, Drag: 0.1041920813
Location of Center of Mass: ( 0.1593065081 0.4851454654 -0.003834401379 )
Location of Center Of Pressure: ( 0.1832673465 0.4851454654 0.0005361401146 )


yPlus yPlus execute:
    patch Bottom y+ : min = 20.35282118, max = 425.5408734, average = 208.7522126
    patch Top y+ : min = 69.73045427, max = 542.429444, average = 237.387761
    patch e423_0 y+ : min = 121.5850618, max = 746.0594103, average = 389.1259073


################################################################################

Time = 14

Outer Loop Iteration = 14
smoothSolver:  Solving for Ux, Initial residual = 0.02708604844, Final residual = 0.0007303562037, No Iterations 2
smoothSolver:  Solving for Uz, Initial residual = 0.01588308242, Final residual = 0.0005535567078, No Iterations 2
GAMG:  Solving for p, Initial residual = 0.01895436052, Final residual = 0.000124322234, No Iterations 4
GAMG:  Solving for p, Initial residual = 0.002635835989, Final residual = 1.219896889e-05, No Iterations 3
GAMG:  Solving for p, Initial residual = 0.0004423085358, Final residual = 2.180150858e-06, No Iterations 3
time step continuity errors (region0): sum local = 1.488909946e-07, global = 1.143065283e-08, cumulative = 9.647816014e-10
smoothSolver:  Solving for omega, Initial residual = 0.008803674749, Final residual = 0.0007424991219, No Iterations 1
smoothSolver:  Solving for k, Initial residual = 0.03358416635, Final residual = 0.003273991144, No Iterations 1

ExecutionTime = 0.39 s  ExecutionStepTime = 0.01 s  ClockTime = 1 s

forces FR write:
    Sum of forces
        Total    : ( 1.248273345 0 -7.0076416 )
        Pressure : ( 1.205021123 0 -7.013155776 )
        Viscous  : ( 0.04325222181 0 0.005514176277 )
    Sum of moments
        Total    : ( -3.399725545 1.273296372 -0.6055941529 )
        Pressure : ( -3.402400723 1.27553602 -0.5846105336 )
        Viscous  : ( 0.002675177616 -0.002239647627 -0.02098361928 )


liftDrag LD execute:
Viscous drag: 0.003591790115, pressure drag: 0.1000684538, porous drag: 0
Viscous lift: 0.0004579132127, pressure lift: -0.5823928237, porous lift: 0
Total lift: -0.5819349105, Front lift: -0.1852292265, Rear lift: -0.396705684, Drag: 0.1036602439
Location of Center of Mass: ( 0.1593065081 0.4851454654 -0.003834401379 )
Location of Center Of Pressure: ( 0.181674407 0.4851454654 0.0001499993063 )


yPlus yPlus execute:
    patch Bottom y+ : min = 23.20151494, max = 423.4184858, average = 206.4727516
    patch Top y+ : min = 81.47139511, max = 528.1422828, average = 236.1482205
    patch e423_0 y+ : min = 124.4982976, max = 751.2222584, average = 387.621653


################################################################################

Time = 15

Outer Loop Iteration = 15
smoothSolver:  Solving for Ux, Initial residual = 0.02605754999, Final residual = 0.0006891336041, No Iterations 2
smoothSolver:  Solving for Uz, Initial residual = 0.01531611053, Final residual = 0.0005267647075, No Iterations 2
GAMG:  Solving for p, Initial residual = 0.01741609517, Final residual = 0.000113759793, No Iterations 4
GAMG:  Solving for p, Initial residual = 0.002510914099, Final residual = 1.256140967e-05, No Iterations 3
GAMG:  Solving for p, Initial residual = 0.0004341311413, Final residual = 2.538074682e-06, No Iterations 3
time step continuity errors (region0): sum local = 1.771430613e-07, global = 1.210032584e-08, cumulative = 1.306510744e-08
smoothSolver:  Solving for omega, Initial residual = 0.0079735521, Final residual = 0.0006754878532, No Iterations 1
smoothSolver:  Solving for k, Initial residual = 0.03118921311, Final residual = 0.003018010685, No Iterations 1

ExecutionTime = 0.41 s  ExecutionStepTime = 0.02 s  ClockTime = 1 s

forces FR write:
    Sum of forces
        Total    : ( 1.239733739 0 -7.135000774 )
        Pressure : ( 1.196711077 0 -7.140311743 )
        Viscous  : ( 0.0430226613 0 0.005310968496 )
    Sum of moments
        Total    : ( -3.461513271 1.284392498 -0.6014512016 )
        Pressure : ( -3.464089863 1.286612527 -0.5805789526 )
        Viscous  : ( 0.002576592282 -0.002220028541 -0.02087224904 )


liftDrag LD execute:
Viscous drag: 0.003572726744, pressure drag: 0.09937836344, porous drag: 0
Viscous lift: 0.0004410382484, pressure lift: -0.5929522245, porous lift: 0
Total lift: -0.5925111862, Front lift: -0.1895959098, Rear lift: -0.4029152764, Drag: 0.1029510902
Location of Center of Mass: ( 0.1593065081 0.4851454654 -0.003834401379 )
Location of Center Of Pressure: ( 0.1800528463 0.4851454654 -0.0002296455704 )


yPlus yPlus execute:
    patch Bottom y+ : min = 25.23018972, max = 416.281636, average = 203.2111412
    patch Top y+ : min = 86.0592594, max = 511.0296808, average = 234.0963902
    patch e423_0 y+ : min = 129.4073004, max = 756.3241903, average = 386.2076041


################################################################################

Time = 16

Outer Loop Iteration = 16
smoothSolver:  Solving for Ux, Initial residual = 0.02512114183, Final residual = 0.0006567256107, No Iterations 2
smoothSolver:  Solving for Uz, Initial residual = 0.01485007486, Final residual = 0.000491555957, No Iterations 2
GAMG:  Solving for p, Initial residual = 0.01621623105, Final residual = 0.0001070443983, No Iterations 4
GAMG:  Solving for p, Initial residual = 0.002214699264, Final residual = 1.149285394e-05, No Iterations 3
GAMG:  Solving for p, Initial residual = 0.0003494660246, Final residual = 1.821945568e-06, No Iterations 3
time step continuity errors (region0): sum local = 1.300032926e-07, global = 7.930350356e-09, cumulative = 2.099545779e-08
smoothSolver:  Solving for omega, Initial residual = 0.00725557612, Final residual = 0.0006148242167, No Iterations 1
smoothSolver:  Solving for k, Initial residual = 0.02910490831, Final residual = 0.002801472073, No Iterations 1

ExecutionTime = 0.42 s  ExecutionStepTime = 0.01 s  ClockTime = 1 s

forces FR write:
    Sum of forces
        Total    : ( 1.22798227 0 -7.245717098 )
        Pressure : ( 1.185162432 0 -7.25080546 )
        Viscous  : ( 0.04281983795 0 0.005088362058 )
    Sum of moments
        Total    : ( -3.515226794 1.292819177 -0.5957500298 )
        Pressure : ( -3.517695389 1.295019406 -0.5749761796 )
        Viscous  : ( 0.002468595779 -0.002200228993 -0.02077385021 )


liftDrag LD execute:
Viscous drag: 0.003555883704, pressure drag: 0.09841933038, porous drag: 0
Viscous lift: 0.0004225523633, pressure lift: -0.6021279437, porous lift: 0
Total lift: -0.6017053914, Front lift: -0.1934932366, Rear lift: -0.4082121548, Drag: 0.1019752141
Location of Center of Mass: ( 0.1593065081 0.4851454654 -0.003834401379 )
Location of Center Of Pressure: ( 0.1785231831 0.4851454654 -0.0005776172758 )


yPlus yPlus execute:
    patch Bottom y+ : min = 26.41524357, max = 403.8761539, average = 199.2259635
    patch Top y+ : min = 73.3120437, max = 491.6408406, average = 231.3733635
    patch e423_0 y+ : min = 141.1692936, max = 761.3608913, average = 384.9632591


################################################################################

Time = 17

Outer Loop Iteration = 17
smoothSolver:  Solving for Ux, Initial residual = 0.02426495459, Final residual = 0.0006297490048, No Iterations 2
smoothSolver:  Solving for Uz, Initial residual = 0.01442757272, Final residual = 0.0004563564089, No Iterations 2
GAMG:  Solving for p, Initial residual = 0.01565859962, Final residual = 9.913707546e-05, No Iterations 4
GAMG:  Solving for p, Initial residual = 0.002003501925, Final residual = 8.431542095e-06, No Iterations 3
GAMG:  Solving for p, Initial residual = 0.0003040116505, Final residual = 1.407789196e-06, No Iterations 3
time step continuity errors (region0): sum local = 1.026157037e-07, global = 3.227503354e-09, cumulative = 2.422296115e-08
smoothSolver:  Solving for omega, Initial residual = 0.006635274607, Final residual = 0.0005611075718, No Iterations 1
smoothSolver:  Solving for k, Initial residual = 0.02726403047, Final residual = 0.002615053229, No Iterations 1

ExecutionTime = 0.43 s  ExecutionStepTime = 0.01 s  ClockTime = 1 s

forces FR write:
    Sum of forces
        Total    : ( 1.213198568 0 -7.34253547 )
        Pressure : ( 1.170551021 0 -7.347412155 )
        Viscous  : ( 0.04264754753 0 0.004876685302 )
    Sum of moments
        Total    : ( -3.562197787 1.299035937 -0.5885777839 )
        Pressure : ( -3.564563689 1.30121816 -0.5678875196 )
        Viscous  : ( 0.00236590176 -0.002182222888 -0.02069026429 )


liftDrag LD execute:
Viscous drag: 0.003541576207, pressure drag: 0.09720595635, porous drag: 0
Viscous lift: 0.0004049741107, pressure lift: -0.6101504442, porous lift: 0
Total lift: -0.6097454701, Front lift: -0.1969970181, Rear lift: -0.4127484521, Drag: 0.1007475326
Location of Center of Mass: ( 0.1593065081 0.4851454654 -0.003834401379 )
Location of Center Of Pressure: ( 0.1770679165 0.4851454654 -0.0008997045849 )


yPlus yPlus execute:
    patch Bottom y+ : min = 27.22739596, max = 386.7479248, average = 194.7981266
    patch Top y+ : min = 59.51364281, max = 470.7728698, average = 228.33854
    patch e423_0 y+ : min = 151.3490905, max = 766.4440514, average = 383.8027042


################################################################################

Time = 18

Outer Loop Iteration = 18
smoothSolver:  Solving for Ux, Initial residual = 0.02344753566, Final residual = 0.0006170395056, No Iterations 2
smoothSolver:  Solving for Uz, Initial residual = 0.01405791786, Final residual = 0.0004194663456, No Iterations 2
GAMG:  Solving for p, Initial residual = 0.01487520855, Final residual = 9.194830863e-05, No Iterations 4
GAMG:  Solving for p, Initial residual = 0.001950705925, Final residual = 7.409227671e-06, No Iterations 3
GAMG:  Solving for p, Initial residual = 0.0002922625082, Final residual = 1.353588098e-06, No Iterations 3
time step continuity errors (region0): sum local = 1.007135361e-07, global = 2.473333018e-09, cumulative = 2.669629417e-08
smoothSolver:  Solving for omega, Initial residual = 0.00609540673, Final residual = 0.0005137645769, No Iterations 1
smoothSolver:  Solving for k, Initial residual = 0.02564672973, Final residual = 0.002450914933, No Iterations 1

ExecutionTime = 0.44 s  ExecutionStepTime = 0.01 s  ClockTime = 1 s

forces FR write:
    Sum of forces
        Total    : ( 1.19793078 0 -7.442523893 )
        Pressure : ( 1.155418321 0 -7.447198394 )
        Viscous  : ( 0.04251245867 0 0.004674500576 )
    Sum of moments
        Total    : ( -3.610706718 1.305497446 -0.5811706857 )
        Pressure : ( -3.61297453 1.30766324 -0.5605459591 )
        Viscous  : ( 0.002267812757 -0.002165794204 -0.02062472655 )


liftDrag LD execute:
Viscous drag: 0.003530358036, pressure drag: 0.09594929304, porous drag: 0
Viscous lift: 0.0003881841039, pressure lift: -0.6184369833, porous lift: 0
Total lift: -0.6180487992, Front lift: -0.2006121001, Rear lift: -0.4174366991, Drag: 0.09947965108
Location of Center of Mass: ( 0.1593065081 0.4851454654 -0.003834401379 )
Location of Center Of Pressure: ( 0.1756054943 0.4851454654 -0.001210955676 )


yPlus yPlus execute:
    patch Bottom y+ : min = 22.93819529, max = 365.7640088, average = 191.1298463
    patch Top y+ : min = 41.41007114, max = 448.7769374, average = 224.9957789
    patch e423_0 y+ : min = 149.6004706, max = 771.2676436, average = 382.7884639


################################################################################

Time = 19

Outer Loop Iteration = 19
smoothSolver:  Solving for Ux, Initial residual = 0.02273669183, Final residual = 0.0006053977237, No Iterations 2
smoothSolver:  Solving for Uz, Initial residual = 0.01371260766, Final residual = 0.0003812714204, No Iterations 2
GAMG:  Solving for p, Initial residual = 0.014632218, Final residual = 8.860590757e-05, No Iterations 4
GAMG:  Solving for p, Initial residual = 0.001842069591, Final residual = 7.760605117e-06, No Iterations 3
GAMG:  Solving for p, Initial residual = 0.0002651376201, Final residual = 1.419806266e-06, No Iterations 3
time step continuity errors (region0): sum local = 1.077616693e-07, global = 2.064279979e-09, cumulative = 2.876057414e-08
smoothSolver:  Solving for omega, Initial residual = 0.005618677503, Final residual = 0.0004733234628, No Iterations 1
smoothSolver:  Solving for k, Initial residual = 0.02420953314, Final residual = 0.002304692274, No Iterations 1

ExecutionTime = 0.45 s  ExecutionStepTime = 0.01 s  ClockTime = 1 s

forces FR write:
    Sum of forces
        Total    : ( 1.181361682 0 -7.539000373 )
        Pressure : ( 1.138950532 0 -7.543482531 )
        Viscous  : ( 0.04241115014 0 0.004482157667 )
    Sum of moments
        Total    : ( -3.657511845 1.3112852 -0.5731322631 )
        Pressure : ( -3.659686343 1.313436353 -0.5525566859 )
        Viscous  : ( 0.002174498467 -0.002151153479 -0.02057557717 )


liftDrag LD execute:
Viscous drag: 0.003521945081, pressure drag: 0.09458176001, porous drag: 0
Viscous lift: 0.0003722113901, pressure lift: -0.6264326977, porous lift: 0
Total lift: -0.6260604863, Front lift: -0.2041373118, Rear lift: -0.4219231745, Drag: 0.09810370509
Location of Center of Mass: ( 0.1593065081 0.4851454654 -0.003834401379 )
Location of Center Of Pressure: ( 0.1741694561 0.4851454654 -0.001505376787 )


yPlus yPlus execute:
    patch Bottom y+ : min = 27.94083858, max = 342.1393427, average = 188.8653699
    patch Top y+ : min = 14.98426746, max = 426.3687934, average = 221.1105295
    patch e423_0 y+ : min = 146.7005388, max = 775.840486, average = 381.9188739


################################################################################

Time = 20

Outer Loop Iteration = 20
smoothSolver:  Solving for Ux, Initial residual = 0.02210128914, Final residual = 0.0005930003934, No Iterations 2
smoothSolver:  Solving for Uz, Initial residual = 0.01337065882, Final residual = 0.0003462456105, No Iterations 2
GAMG:  Solving for p, Initial residual = 0.01455527226, Final residual = 8.297640908e-05, No Iterations 4
GAMG:  Solving for p, Initial residual = 0.001813356585, Final residual = 7.977884059e-06, No Iterations 3
GAMG:  Solving for p, Initial residual = 0.0002783004482, Final residual = 1.176618653e-06, No Iterations 3
time step continuity errors (region0): sum local = 9.104555078e-08, global = 1.901911173e-09, cumulative = 3.066248532e-08
smoothSolver:  Solving for omega, Initial residual = 0.005204266161, Final residual = 0.0004396419416, No Iterations 1
smoothSolver:  Solving for k, Initial residual = 0.02293199455, Final residual = 0.002174497626, No Iterations 1

ExecutionTime = 0.46 s  ExecutionStepTime = 0.01 s  ClockTime = 1 s

forces FR write:
    Sum of forces
        Total    : ( 1.162035639 0 -7.628858096 )
        Pressure : ( 1.119685037 0 -7.633147247 )
        Viscous  : ( 0.04235060244 0 0.004289151033 )
    Sum of moments
        Total    : ( -3.701105911 1.31582879 -0.5637563209 )
        Pressure : ( -3.703186773 1.317967663 -0.5432101182 )
        Viscous  : ( 0.002080862174 -0.00213887305 -0.02054620273 )


liftDrag LD execute:
Viscous drag: 0.003516917024, pressure drag: 0.09298189732, porous drag: 0
Viscous lift: 0.0003561835587, pressure lift: -0.6338787161, porous lift: 0
Total lift: -0.6335225326, Front lift: -0.207491022, Rear lift: -0.4260315105, Drag: 0.09649881434
Location of Center of Mass: ( 0.1593065081 0.4851454654 -0.003834401379 )
Location of Center Of Pressure: ( 0.172752528 0.4851454654 -0.001786289564 )


yPlus yPlus execute:
    patch Bottom y+ : min = 27.9131073, max = 316.1854903, average = 186.0453839
    patch Top y+ : min = 46.90006108, max = 403.3560494, average = 220.3643903
    patch e423_0 y+ : min = 143.7951289, max = 780.18738, average = 381.2352499


################################################################################

Time = 21

Outer Loop Iteration = 21
smoothSolver:  Solving for Ux, Initial residual = 0.02144557644, Final residual = 0.0005747651869, No Iterations 2
smoothSolver:  Solving for Uz, Initial residual = 0.0131044489, Final residual = 0.0003149602089, No Iterations 2
GAMG:  Solving for p, Initial residual = 0.0142000644, Final residual = 7.630240424e-05, No Iterations 4
GAMG:  Solving for p, Initial residual = 0.001705502449, Final residual = 8.400565302e-06, No Iterations 3
GAMG:  Solving for p, Initial residual = 0.0002534328856, Final residual = 1.183400077e-06, No Iterations 3
time step continuity errors (region0): sum local = 9.337150224e-08, global = -3.7068124e-10, cumulative = 3.029180408e-08
smoothSolver:  Solving for omega, Initial residual = 0.004830816811, Final residual = 0.0004090349107, No Iterations 1
smoothSolver:  Solving for k, Initial residual = 0.02179319307, Final residual = 0.002058093139, No Iterations 1

ExecutionTime = 0.46 s  ExecutionStepTime = 0 s  ClockTime = 1 s

forces FR write:
    Sum of forces
        Total    : ( 1.141091787 0 -7.715487973 )
        Pressure : ( 1.098746496 0 -7.719588451 )
        Viscous  : ( 0.04234529135 0 0.004100478658 )
    Sum of moments
        Total    : ( -3.743134003 1.319835307 -0.5535955062 )
        Pressure : ( -3.745123332 1.32196394 -0.5330518802 )
        Viscous  : ( 0.001989328627 -0.002128632652 -0.02054362608 )


liftDrag LD execute:
Viscous drag: 0.003516475976, pressure drag: 0.09124310009, porous drag: 0
Viscous lift: 0.0003405156566, pressure lift: -0.6410570448, porous lift: 0
Total lift: -0.6407165291, Front lift: -0.2107553075, Rear lift: -0.4299612216, Drag: 0.09475957607
Location of Center of Mass: ( 0.1593065081 0.4851454654 -0.003834401379 )
Location of Center Of Pressure: ( 0.171366406 0.4851454654 -0.002050787624 )


yPlus yPlus execute:
    patch Bottom y+ : min = 27.64676369, max = 297.8810682, average = 182.9893971
    patch Top y+ : min = 64.24619737, max = 379.4590823, average = 218.8476088
    patch e423_0 y+ : min = 140.9808303, max = 784.2868698, average = 380.8029989


################################################################################

Time = 22

Outer Loop Iteration = 22
smoothSolver:  Solving for Ux, Initial residual = 0.02084479211, Final residual = 0.0005553536171, No Iterations 2
smoothSolver:  Solving for Uz, Initial residual = 0.01285498748, Final residual = 0.0002954358943, No Iterations 2
GAMG:  Solving for p, Initial residual = 0.0136725123, Final residual = 7.264390775e-05, No Iterations 4
GAMG:  Solving for p, Initial residual = 0.001632338419, Final residual = 8.55926874e-06, No Iterations 3
GAMG:  Solving for p, Initial residual = 0.0002554015838, Final residual = 1.269488407e-06, No Iterations 3
time step continuity errors (region0): sum local = 1.020230216e-07, global = 1.035283482e-09, cumulative = 3.132708756e-08
smoothSolver:  Solving for omega, Initial residual = 0.004497239621, Final residual = 0.0003832371489, No Iterations 1
smoothSolver:  Solving for k, Initial residual = 0.02077387633, Final residual = 0.001955012304, No Iterations 1

ExecutionTime = 0.48 s  ExecutionStepTime = 0.02 s  ClockTime = 1 s

forces FR write:
    Sum of forces
        Total    : ( 1.119600452 0 -7.802421633 )
        Pressure : ( 1.077221681 0 -7.806331764 )
        Viscous  : ( 0.04237877105 0 0.003910130651 )
    Sum of moments
        Total    : ( -3.785309474 1.323998883 -0.5431690824 )
        Pressure : ( -3.787206456 1.326119091 -0.5226092138 )
        Viscous  : ( 0.001896982154 -0.002120208191 -0.0205598686 )


liftDrag LD execute:
Viscous drag: 0.003519256227, pressure drag: 0.08945561695, porous drag: 0
Viscous lift: 0.0003247086053, pressure lift: -0.6482604614, porous lift: 0
Total lift: -0.6479357527, Front lift: -0.2140191639, Rear lift: -0.4339165889, Drag: 0.09297487318
Location of Center of Mass: ( 0.1593065081 0.4851454654 -0.003834401379 )
Location of Center Of Pressure: ( 0.1700203728 0.4851454654 -0.002297026402 )


yPlus yPlus execute:
    patch Bottom y+ : min = 27.03160763, max = 302.839559, average = 179.6440753
    patch Top y+ : min = 78.46224886, max = 354.7885805, average = 217.263606
    patch e423_0 y+ : min = 138.3572784, max = 788.2534741, average = 380.5420039


################################################################################

Time = 23

Outer Loop Iteration = 23
smoothSolver:  Solving for Ux, Initial residual = 0.02031717808, Final residual = 0.0005342406711, No Iterations 2
smoothSolver:  Solving for Uz, Initial residual = 0.01264531626, Final residual = 0.000279328703, No Iterations 2
GAMG:  Solving for p, Initial residual = 0.01303086825, Final residual = 6.9348116e-05, No Iterations 4
GAMG:  Solving for p, Initial residual = 0.00172083887, Final residual = 7.623938602e-06, No Iterations 3
GAMG:  Solving for p, Initial residual = 0.0003073673262, Final residual = 1.626275778e-06, No Iterations 3
time step continuity errors (region0): sum local = 1.328558804e-07, global = 1.937397343e-09, cumulative = 3.32644849e-08
smoothSolver:  Solving for omega, Initial residual = 0.004194006197, Final residual = 0.0003604642459, No Iterations 1
smoothSolver:  Solving for k, Initial residual = 0.01986184392, Final residual = 0.001865845614, No Iterations 1

ExecutionTime = 0.49 s  ExecutionStepTime = 0.01 s  ClockTime = 1 s

forces FR write:
    Sum of forces
        Total    : ( 1.098290808 0 -7.886178658 )
        Pressure : ( 1.05584527 0 -7.889898709 )
        Viscous  : ( 0.04244553804 0 0.00372005088 )
    Sum of moments
        Total    : ( -3.825943815 1.32793005 -0.5328308052 )
        Pressure : ( -3.827748581 1.330043726 -0.5122385449 )
        Viscous  : ( 0.001804765815 -0.002113676683 -0.02059226031 )


liftDrag LD execute:
Viscous drag: 0.003524800752, pressure drag: 0.08768045768, porous drag: 0
Viscous lift: 0.0003089238291, pressure lift: -0.6552001032, porous lift: 0
Total lift: -0.6548911793, Front lift: -0.2171704217, Rear lift: -0.4377207577, Drag: 0.09120525843
Location of Center of Mass: ( 0.1593065081 0.4851454654 -0.003834401379 )
Location of Center Of Pressure: ( 0.1687380889 0.4851454654 -0.002520885799 )


yPlus yPlus execute:
    patch Bottom y+ : min = 25.89690252, max = 307.6856459, average = 175.6531124
    patch Top y+ : min = 68.41517783, max = 340.9187006, average = 215.7370276
    patch e423_0 y+ : min = 135.9765705, max = 792.2081353, average = 380.4616435


################################################################################

Time = 24

Outer Loop Iteration = 24
smoothSolver:  Solving for Ux, Initial residual = 0.01986510806, Final residual = 0.0005124392707, No Iterations 2
smoothSolver:  Solving for Uz, Initial residual = 0.01246145777, Final residual = 0.0002736826502, No Iterations 2
GAMG:  Solving for p, Initial residual = 0.01248277229, Final residual = 6.489805616e-05, No Iterations 4
GAMG:  Solving for p, Initial residual = 0.001641957007, Final residual = 7.224757355e-06, No Iterations 3
GAMG:  Solving for p, Initial residual = 0.0002569724593, Final residual = 1.519717557e-06, No Iterations 3
time step continuity errors (region0): sum local = 1.260120873e-07, global = 1.991742308e-09, cumulative = 3.525622721e-08
smoothSolver:  Solving for omega, Initial residual = 0.003930142021, Final residual = 0.000339634111, No Iterations 1
smoothSolver:  Solving for k, Initial residual = 0.01902543071, Final residual = 0.001783325228, No Iterations 1

ExecutionTime = 0.5 s  ExecutionStepTime = 0.01 s  ClockTime = 1 s

forces FR write:
    Sum of forces
        Total    : ( 1.078647539 0 -7.964770952 )
        Pressure : ( 1.036114112 0 -7.968307433 )
        Viscous  : ( 0.04253342668 0 0.003536480038 )
    Sum of moments
        Total    : ( -3.86407251 1.331606659 -0.5233009621 )
        Pressure : ( -3.865788217 1.333716045 -0.502666063 )
        Viscous  : ( 0.001715707254 -0.002109385677 -0.02063489908 )


liftDrag LD execute:
Viscous drag: 0.00353209928, pressure drag: 0.08604192501, porous drag: 0
Viscous lift: 0.0002936795732, pressure lift: -0.6617113913, porous lift: 0
Total lift: -0.6614177117, Front lift: -0.2201283716, Rear lift: -0.4412893402, Drag: 0.08957402429
Location of Center of Mass: ( 0.1593065081 0.4851454654 -0.003834401379 )
Location of Center Of Pressure: ( 0.1675550621 0.4851454654 -0.002717321863 )


yPlus yPlus execute:
    patch Bottom y+ : min = 24.42232295, max = 312.3647581, average = 172.2562495
    patch Top y+ : min = 54.92513144, max = 346.140053, average = 213.9956944
    patch e423_0 y+ : min = 133.868693, max = 796.281333, average = 380.4860141


################################################################################

Time = 25

Outer Loop Iteration = 25
smoothSolver:  Solving for Ux, Initial residual = 0.01947654562, Final residual = 0.0004887627738, No Iterations 2
smoothSolver:  Solving for Uz, Initial residual = 0.01235397377, Final residual = 0.0002699412387, No Iterations 2
GAMG:  Solving for p, Initial residual = 0.01230931134, Final residual = 6.415822791e-05, No Iterations 4
GAMG:  Solving for p, Initial residual = 0.001720033218, Final residual = 9.201913193e-06, No Iterations 3
GAMG:  Solving for p, Initial residual = 0.0002909089932, Final residual = 1.926030369e-06, No Iterations 3
time step continuity errors (region0): sum local = 1.618932657e-07, global = -2.426672254e-10, cumulative = 3.501355998e-08
smoothSolver:  Solving for omega, Initial residual = 0.003686147508, Final residual = 0.0003206872969, No Iterations 1
smoothSolver:  Solving for k, Initial residual = 0.01823077365, Final residual = 0.001704125245, No Iterations 1

ExecutionTime = 0.51 s  ExecutionStepTime = 0.01 s  ClockTime = 1 s

forces FR write:
    Sum of forces
        Total    : ( 1.059738278 0 -8.045190553 )
        Pressure : ( 1.017081317 0 -8.048542235 )
        Viscous  : ( 0.04265696104 0 0.003351681887 )
    Sum of moments
        Total    : ( -3.903087715 1.335633734 -0.5141272202 )
        Pressure : ( -3.904713768 1.337740708 -0.493432389 )
        Viscous  : ( 0.001626053269 -0.002106974764 -0.02069483121 )


liftDrag LD execute:
Viscous drag: 0.003542357932, pressure drag: 0.08446138647, porous drag: 0
Viscous lift: 0.0002783333981, pressure lift: -0.6683743223, porous lift: 0
Total lift: -0.6680959889, Front lift: -0.2231330902, Rear lift: -0.4449628987, Drag: 0.0880037444
Location of Center of Mass: ( 0.1593065081 0.4851454654 -0.003834401379 )
Location of Center Of Pressure: ( 0.1663984474 0.4851454654 -0.002900228411 )


yPlus yPlus execute:
    patch Bottom y+ : min = 22.48419424, max = 316.952696, average = 174.1685812
    patch Top y+ : min = 35.70400093, max = 351.1827111, average = 211.77947
    patch e423_0 y+ : min = 132.0523667, max = 800.3690328, average = 380.6880088


################################################################################

Time = 26

Outer Loop Iteration = 26
smoothSolver:  Solving for Ux, Initial residual = 0.01910852043, Final residual = 0.0004629226992, No Iterations 2
smoothSolver:  Solving for Uz, Initial residual = 0.01222091114, Final residual = 0.0002699385154, No Iterations 2
GAMG:  Solving for p, Initial residual = 0.01217431033, Final residual = 6.233638616e-05, No Iterations 4
GAMG:  Solving for p, Initial residual = 0.001715808748, Final residual = 9.579929201e-06, No Iterations 3
GAMG:  Solving for p, Initial residual = 0.0002884277818, Final residual = 1.910148503e-06, No Iterations 3
time step continuity errors (region0): sum local = 1.626009564e-07, global = -6.843770744e-10, cumulative = 3.432918291e-08
smoothSolver:  Solving for omega, Initial residual = 0.003462479702, Final residual = 0.000301969262, No Iterations 1
smoothSolver:  Solving for k, Initial residual = 0.01747701755, Final residual = 0.001628579141, No Iterations 1

ExecutionTime = 0.52 s  ExecutionStepTime = 0.01 s  ClockTime = 1 s

forces FR write:
    Sum of forces
        Total    : ( 1.042399941 0 -8.126142032 )
        Pressure : ( 0.9995924119 0 -8.129324023 )
        Viscous  : ( 0.04280752868 0 0.003181991184 )
    Sum of moments
        Total    : ( -3.942360957 1.340351202 -0.5057156042 )
        Pressure : ( -3.943904686 1.342457626 -0.4849477258 )
        Viscous  : ( 0.001543728594 -0.002106423944 -0.02076787842 )


liftDrag LD execute:
Viscous drag: 0.003554861506, pressure drag: 0.08300905697, porous drag: 0
Viscous lift: 0.0002642417893, pressure lift: -0.6750826766, porous lift: 0
Total lift: -0.6748184348, Front lift: -0.2261025608, Rear lift: -0.448715874, Drag: 0.08656391848
Location of Center of Mass: ( 0.1593065081 0.4851454654 -0.003834401379 )
Location of Center Of Pressure: ( 0.1653357726 0.4851454654 -0.003060983321 )


yPlus yPlus execute:
    patch Bottom y+ : min = 20.13187081, max = 321.4277711, average = 173.8547622
    patch Top y+ : min = 26.11296979, max = 355.9647146, average = 209.8133666
    patch e423_0 y+ : min = 130.5589345, max = 804.5374368, average = 381.0051253


################################################################################

Time = 27

Outer Loop Iteration = 27
smoothSolver:  Solving for Ux, Initial residual = 0.01877515573, Final residual = 0.000435895166, No Iterations 2
smoothSolver:  Solving for Uz, Initial residual = 0.01209228471, Final residual = 0.0002721929297, No Iterations 2
GAMG:  Solving for p, Initial residual = 0.01203331988, Final residual = 6.172060444e-05, No Iterations 4
GAMG:  Solving for p, Initial residual = 0.00168131104, Final residual = 8.669473591e-06, No Iterations 3
GAMG:  Solving for p, Initial residual = 0.0002825794679, Final residual = 1.603471114e-06, No Iterations 3
time step continuity errors (region0): sum local = 1.380054818e-07, global = -4.159099912e-09, cumulative = 3.0170083e-08
smoothSolver:  Solving for omega, Initial residual = 0.003259423926, Final residual = 0.0002837111281, No Iterations 1
smoothSolver:  Solving for k, Initial residual = 0.01679356212, Final residual = 0.001559398962, No Iterations 1

ExecutionTime = 0.53 s  ExecutionStepTime = 0.01 s  ClockTime = 1 s

forces FR write:
    Sum of forces
        Total    : ( 1.026408947 0 -8.206607307 )
        Pressure : ( 0.9834516735 0 -8.209653411 )
        Viscous  : ( 0.04295727348 0 0.003046103908 )
    Sum of moments
        Total    : ( -3.981398321 1.345480162 -0.4979576462 )
        Pressure : ( -3.982876124 1.347586586 -0.4771171198 )
        Viscous  : ( 0.001477803498 -0.002106423705 -0.02084052643 )


liftDrag LD execute:
Viscous drag: 0.003567296749, pressure drag: 0.08166868317, porous drag: 0
Viscous lift: 0.0002529573152, pressure lift: -0.6817534623, porous lift: 0
Total lift: -0.681500505, Front lift: -0.2290176722, Rear lift: -0.4524828328, Drag: 0.08523597992
Location of Center of Mass: ( 0.1593065081 0.4851454654 -0.003834401379 )
Location of Center Of Pressure: ( 0.1643514951 0.4851454654 -0.003203419585 )


yPlus yPlus execute:
    patch Bottom y+ : min = 17.10472141, max = 325.7798394, average = 172.8366504
    patch Top y+ : min = 53.94809248, max = 361.6753386, average = 209.2336418
    patch e423_0 y+ : min = 129.3292536, max = 808.7789496, average = 381.313615


################################################################################

Time = 28

Outer Loop Iteration = 28
smoothSolver:  Solving for Ux, Initial residual = 0.01847725273, Final residual = 0.0004101872783, No Iterations 2
smoothSolver:  Solving for Uz, Initial residual = 0.01197610828, Final residual = 0.0002769564289, No Iterations 2
GAMG:  Solving for p, Initial residual = 0.01200089032, Final residual = 6.272669788e-05, No Iterations 4
GAMG:  Solving for p, Initial residual = 0.001535396866, Final residual = 7.660016292e-06, No Iterations 3
GAMG:  Solving for p, Initial residual = 0.0002206019334, Final residual = 1.133794629e-06, No Iterations 3
time step continuity errors (region0): sum local = 9.849260409e-08, global = -5.127895731e-09, cumulative = 2.504218727e-08
smoothSolver:  Solving for omega, Initial residual = 0.003070327381, Final residual = 0.0002668073963, No Iterations 1
smoothSolver:  Solving for k, Initial residual = 0.01617930937, Final residual = 0.001495072764, No Iterations 1

ExecutionTime = 0.55 s  ExecutionStepTime = 0.02 s  ClockTime = 1 s

forces FR write:
    Sum of forces
        Total    : ( 1.011271756 0 -8.28689619 )
        Pressure : ( 0.9681622058 0 -8.289834315 )
        Viscous  : ( 0.04310955001 0 0.002938124331 )
    Sum of moments
        Total    : ( -4.020350109 1.350699978 -0.4906139066 )
        Pressure : ( -4.021775526 1.352807387 -0.4696995039 )
        Viscous  : ( 0.001425417696 -0.002107409677 -0.0209144027 )


liftDrag LD execute:
Viscous drag: 0.003579942235, pressure drag: 0.08039900137, porous drag: 0
Viscous lift: 0.0002439903776, pressure lift: -0.6884119174, porous lift: 0
Total lift: -0.688167927, Front lift: -0.2319179146, Rear lift: -0.4562500125, Drag: 0.08397894361
Location of Center of Mass: ( 0.1593065081 0.4851454654 -0.003834401379 )
Location of Center Of Pressure: ( 0.163399238 0.4851454654 -0.003334954767 )


yPlus yPlus execute:
    patch Bottom y+ : min = 12.83718811, max = 329.9783949, average = 179.5539465
    patch Top y+ : min = 12.48610303, max = 367.509558, average = 205.573683
    patch e423_0 y+ : min = 128.2170647, max = 812.9906652, average = 381.6322077


################################################################################

Time = 29

Outer Loop Iteration = 29
smoothSolver:  Solving for Ux, Initial residual = 0.01823280565, Final residual = 0.0003856093501, No Iterations 2
smoothSolver:  Solving for Uz, Initial residual = 0.01188197124, Final residual = 0.0002850355546, No Iterations 2
GAMG:  Solving for p, Initial residual = 0.01206642798, Final residual = 6.23843334e-05, No Iterations 4
GAMG:  Solving for p, Initial residual = 0.001497420893, Final residual = 6.866962023e-06, No Iterations 3
GAMG:  Solving for p, Initial residual = 0.0002082994462, Final residual = 1.07595922e-06, No Iterations 3
time step continuity errors (region0): sum local = 9.432604942e-08, global = -4.436603236e-09, cumulative = 2.060558403e-08
smoothSolver:  Solving for omega, Initial residual = 0.002896733709, Final residual = 0.0002506320901, No Iterations 1
smoothSolver:  Solving for k, Initial residual = 0.01561754203, Final residual = 0.001435599176, No Iterations 1

ExecutionTime = 0.56 s  ExecutionStepTime = 0.01 s  ClockTime = 1 s

forces FR write:
    Sum of forces
        Total    : ( 0.9973010668 0 -8.364002618 )
        Pressure : ( 0.9540324307 0 -8.366842339 )
        Viscous  : ( 0.04326863613 0 0.002839721052 )
    Sum of moments
        Total    : ( -4.057757942 1.355866357 -0.4838360902 )
        Pressure : ( -4.05913562 1.357975509 -0.4628445075 )
        Viscous  : ( 0.001377677791 -0.002109151803 -0.02099158261 )


liftDrag LD execute:
Viscous drag: 0.003593153208, pressure drag: 0.07922562381, porous drag: 0
Viscous lift: 0.0002358186835, pressure lift: -0.6948068874, porous lift: 0
Total lift: -0.6945710687, Front lift: -0.2346904542, Rear lift: -0.4598806145, Drag: 0.08281877702
Location of Center of Mass: ( 0.1593065081 0.4851454654 -0.003834401379 )
Location of Center Of Pressure: ( 0.1625188884 0.4851454654 -0.003451365826 )


yPlus yPlus execute:
    patch Bottom y+ : min = 4.611010583, max = 334.0033213, average = 184.4095707
    patch Top y+ : min = 61.7662475, max = 373.0795208, average = 210.3941301
    patch e423_0 y+ : min = 127.2368384, max = 817.1062474, average = 381.9890095


################################################################################

Time = 30

Outer Loop Iteration = 30
smoothSolver:  Solving for Ux, Initial residual = 0.01807456224, Final residual = 0.0003637905841, No Iterations 2
smoothSolver:  Solving for Uz, Initial residual = 0.01181625179, Final residual = 0.0002942479677, No Iterations 2
GAMG:  Solving for p, Initial residual = 0.01196446432, Final residual = 6.110477289e-05, No Iterations 4
GAMG:  Solving for p, Initial residual = 0.001419868523, Final residual = 6.935756618e-06, No Iterations 3
GAMG:  Solving for p, Initial residual = 0.0001960058776, Final residual = 1.050474312e-06, No Iterations 3
time step continuity errors (region0): sum local = 9.294370393e-08, global = -3.985351718e-09, cumulative = 1.662023231e-08
smoothSolver:  Solving for omega, Initial residual = 0.00273500785, Final residual = 0.0002351465085, No Iterations 1
smoothSolver:  Solving for k, Initial residual = 0.01510611945, Final residual = 0.001382155301, No Iterations 1

ExecutionTime = 0.58 s  ExecutionStepTime = 0.02 s  ClockTime = 1 s

forces FR write:
    Sum of forces
        Total    : ( 0.9844382387 0 -8.432816747 )
        Pressure : ( 0.9410118611 0 -8.43556737 )
        Viscous  : ( 0.04342637762 0 0.002750623632 )
    Sum of moments
        Total    : ( -4.091142805 1.360335723 -0.4775957474 )
        Pressure : ( -4.092477257 1.36244739 -0.4565276373 )
        Viscous  : ( 0.001334452582 -0.002111666771 -0.02106811018 )


liftDrag LD execute:
Viscous drag: 0.003606252519, pressure drag: 0.0781443579, porous drag: 0
Viscous lift: 0.000228419775, pressure lift: -0.7005140136, porous lift: 0
Total lift: -0.7002855938, Front lift: -0.2371765677, Rear lift: -0.4631090261, Drag: 0.08175061042
Location of Center of Mass: ( 0.1593065081 0.4851454654 -0.003834401379 )
Location of Center Of Pressure: ( 0.1617291212 0.4851454654 -0.003551588041 )


yPlus yPlus execute:
    patch Bottom y+ : min = 8.720809457, max = 338.6820919, average = 188.6953396
    patch Top y+ : min = 45.23288901, max = 378.3995802, average = 211.979128
    patch e423_0 y+ : min = 126.367519, max = 821.122957, average = 382.3703511


################################################################################

Time = 31

Outer Loop Iteration = 31
smoothSolver:  Solving for Ux, Initial residual = 0.01796259833, Final residual = 0.0003430050602, No Iterations 2
smoothSolver:  Solving for Uz, Initial residual = 0.01177188092, Final residual = 0.000300324097, No Iterations 2
GAMG:  Solving for p, Initial residual = 0.01182136535, Final residual = 6.11324963e-05, No Iterations 4
GAMG:  Solving for p, Initial residual = 0.00137995975, Final residual = 6.691649117e-06, No Iterations 3
GAMG:  Solving for p, Initial residual = 0.00018756237, Final residual = 9.960769065e-07, No Iterations 3
time step continuity errors (region0): sum local = 8.889677822e-08, global = -3.764774049e-09, cumulative = 1.285545826e-08
smoothSolver:  Solving for omega, Initial residual = 0.002583924767, Final residual = 0.000219946389, No Iterations 1
smoothSolver:  Solving for k, Initial residual = 0.01462997377, Final residual = 0.001332763592, No Iterations 1

ExecutionTime = 0.59 s  ExecutionStepTime = 0.01 s  ClockTime = 1 s

forces FR write:
    Sum of forces
        Total    : ( 0.9724641252 0 -8.501103183 )
        Pressure : ( 0.9288810408 0 -8.503780175 )
        Viscous  : ( 0.04358308438 0 0.002676992031 )
    Sum of moments
        Total    : ( -4.12427166 1.3649913 -0.4717865605 )
        Pressure : ( -4.12557039 1.367106154 -0.4506424248 )
        Viscous  : ( 0.001298730544 -0.002114853744 -0.02114413575 )


liftDrag LD execute:
Viscous drag: 0.003619265904, pressure drag: 0.07713697935, porous drag: 0
Viscous lift: 0.0002223051929, pressure lift: -0.706178603, porous lift: 0
Total lift: -0.7059562979, Front lift: -0.2396253071, Rear lift: -0.4663309908, Drag: 0.08075624525
Location of Center of Mass: ( 0.1593065081 0.4851454654 -0.003834401379 )
Location of Center Of Pressure: ( 0.1609830611 0.4851454654 -0.003642615956 )


yPlus yPlus execute:
    patch Bottom y+ : min = 8.204559659, max = 343.7746958, average = 191.8051639
    patch Top y+ : min = 11.97185989, max = 383.3653301, average = 211.3033118
    patch e423_0 y+ : min = 125.6001705, max = 824.847303, average = 382.7746002


################################################################################

Time = 32

Outer Loop Iteration = 32
smoothSolver:  Solving for Ux, Initial residual = 0.01778395602, Final residual = 0.0003273742581, No Iterations 2
smoothSolver:  Solving for Uz, Initial residual = 0.01176439378, Final residual = 0.0003038313807, No Iterations 2
GAMG:  Solving for p, Initial residual = 0.01180352034, Final residual = 6.128255851e-05, No Iterations 4
GAMG:  Solving for p, Initial residual = 0.001385660061, Final residual = 7.73210272e-06, No Iterations 3
GAMG:  Solving for p, Initial residual = 0.000196310924, Final residual = 9.71634028e-07, No Iterations 3
time step continuity errors (region0): sum local = 8.756347929e-08, global = 1.968718033e-09, cumulative = 1.48241763e-08
smoothSolver:  Solving for omega, Initial residual = 0.00244469682, Final residual = 0.000205004965, No Iterations 1
smoothSolver:  Solving for k, Initial residual = 0.01419132166, Final residual = 0.001287609784, No Iterations 1

ExecutionTime = 0.61 s  ExecutionStepTime = 0.02 s  ClockTime = 1 s

forces FR write:
    Sum of forces
        Total    : ( 0.9611421665 0 -8.56371211 )
        Pressure : ( 0.9174068072 0 -8.566329568 )
        Viscous  : ( 0.04373535932 0 0.002617458228 )
    Sum of moments
        Total    : ( -4.154646097 1.369228427 -0.4662937636 )
        Pressure : ( -4.155915945 1.371347161 -0.4450757524 )
        Viscous  : ( 0.00126984799 -0.002118733733 -0.02121801125 )


liftDrag LD execute:
Viscous drag: 0.003631911257, pressure drag: 0.07618412567, porous drag: 0
Viscous lift: 0.000217361333, pressure lift: -0.7113728863, porous lift: 0
Total lift: -0.7111555249, Front lift: -0.2418730572, Rear lift: -0.4692824677, Drag: 0.07981603692
Location of Center of Mass: ( 0.1593065081 0.4851454654 -0.003834401379 )
Location of Center Of Pressure: ( 0.1603050291 0.4851454654 -0.003722333081 )


yPlus yPlus execute:
    patch Bottom y+ : min = 8.512122728, max = 348.6618769, average = 193.7020037
    patch Top y+ : min = 43.71368615, max = 388.0846422, average = 215.2384311
    patch e423_0 y+ : min = 124.9188554, max = 828.2889994, average = 383.1796024


################################################################################

Time = 33

Outer Loop Iteration = 33
smoothSolver:  Solving for Ux, Initial residual = 0.01761481195, Final residual = 0.0003178981987, No Iterations 2
smoothSolver:  Solving for Uz, Initial residual = 0.01177666605, Final residual = 0.0003052888782, No Iterations 2
GAMG:  Solving for p, Initial residual = 0.01173268305, Final residual = 6.154029762e-05, No Iterations 4
GAMG:  Solving for p, Initial residual = 0.001367097202, Final residual = 7.885857596e-06, No Iterations 3
GAMG:  Solving for p, Initial residual = 0.0001883852752, Final residual = 1.031942486e-06, No Iterations 3
time step continuity errors (region0): sum local = 9.384496587e-08, global = -2.427908403e-09, cumulative = 1.239626789e-08
smoothSolver:  Solving for omega, Initial residual = 0.002314531055, Final residual = 0.0001908832316, No Iterations 1
smoothSolver:  Solving for k, Initial residual = 0.01378886883, Final residual = 0.001247972165, No Iterations 1

ExecutionTime = 0.62 s  ExecutionStepTime = 0.01 s  ClockTime = 1 s

forces FR write:
    Sum of forces
        Total    : ( 0.9507789022 0 -8.622121043 )
        Pressure : ( 0.9068956473 0 -8.624690091 )
        Viscous  : ( 0.04388325484 0 0.002569047163 )
    Sum of moments
        Total    : ( -4.182982926 1.373334863 -0.4612660729 )
        Pressure : ( -4.184229288 1.375458179 -0.4399763109 )
        Viscous  : ( 0.001246361581 -0.002123315692 -0.02128976209 )


liftDrag LD execute:
Viscous drag: 0.003644192931, pressure drag: 0.07531124843, porous drag: 0
Viscous lift: 0.0002133411376, pressure lift: -0.7162193136, porous lift: 0
Total lift: -0.7160059724, Front lift: -0.2439572706, Rear lift: -0.4720487018, Drag: 0.07895544136
Location of Center of Mass: ( 0.1593065081 0.4851454654 -0.003834401379 )
Location of Center Of Pressure: ( 0.1596984582 0.4851454654 -0.003791180235 )


yPlus yPlus execute:
    patch Bottom y+ : min = 5.087885716, max = 353.2853447, average = 196.789992
    patch Top y+ : min = 63.92975162, max = 392.4489523, average = 222.4746597
    patch e423_0 y+ : min = 124.3191806, max = 831.4150545, average = 383.57707


################################################################################

Time = 34

Outer Loop Iteration = 34
smoothSolver:  Solving for Ux, Initial residual = 0.01743571258, Final residual = 0.0003121381068, No Iterations 2
smoothSolver:  Solving for Uz, Initial residual = 0.0118011696, Final residual = 0.0003050946889, No Iterations 2
GAMG:  Solving for p, Initial residual = 0.01188002832, Final residual = 5.988979214e-05, No Iterations 4
GAMG:  Solving for p, Initial residual = 0.001288038449, Final residual = 5.969722453e-06, No Iterations 3
GAMG:  Solving for p, Initial residual = 0.0001797960683, Final residual = 8.265909587e-07, No Iterations 3
time step continuity errors (region0): sum local = 7.586691576e-08, global = -1.005885636e-09, cumulative = 1.139038226e-08
smoothSolver:  Solving for omega, Initial residual = 0.002193954966, Final residual = 0.0001776208358, No Iterations 1
smoothSolver:  Solving for k, Initial residual = 0.01341820183, Final residual = 0.001213500594, No Iterations 1

ExecutionTime = 0.64 s  ExecutionStepTime = 0.02 s  ClockTime = 1 s

forces FR write:
    Sum of forces
        Total    : ( 0.940942255 0 -8.674732172 )
        Pressure : ( 0.8969177727 0 -8.677261816 )
        Viscous  : ( 0.04402448226 0 0.002529644086 )
    Sum of moments
        Total    : ( -4.208506977 1.377022061 -0.4564938682 )
        Pressure : ( -4.209734222 1.379150637 -0.4351355902 )
        Viscous  : ( 0.001227245357 -0.002128575548 -0.02135827794 )


liftDrag LD execute:
Viscous drag: 0.003655920866, pressure drag: 0.07448265674, porous drag: 0
Viscous lift: 0.0002100689917, pressure lift: -0.7205850223, porous lift: 0
Total lift: -0.7203749533, Front lift: -0.2458355655, Rear lift: -0.4745393879, Drag: 0.0781385776
Location of Center of Mass: ( 0.1593065081 0.4851454654 -0.003834401379 )
Location of Center Of Pressure: ( 0.1591571051 0.4851454654 -0.003850607019 )


yPlus yPlus execute:
    patch Bottom y+ : min = 3.32033927, max = 357.6084883, average = 201.8591877
    patch Top y+ : min = 53.86635993, max = 396.4993161, average = 227.9274302
    patch e423_0 y+ : min = 123.7973521, max = 834.2014824, average = 383.9604004


################################################################################

Time = 35

Outer Loop Iteration = 35
smoothSolver:  Solving for Ux, Initial residual = 0.01722479664, Final residual = 0.0003057769411, No Iterations 2
smoothSolver:  Solving for Uz, Initial residual = 0.01181769333, Final residual = 0.0002992061899, No Iterations 2
GAMG:  Solving for p, Initial residual = 0.01189717162, Final residual = 5.701267632e-05, No Iterations 4
GAMG:  Solving for p, Initial residual = 0.001225935722, Final residual = 5.22338384e-06, No Iterations 3
GAMG:  Solving for p, Initial residual = 0.0001632292347, Final residual = 7.097439412e-07, No Iterations 3
time step continuity errors (region0): sum local = 6.574539781e-08, global = -1.326817365e-09, cumulative = 1.006356489e-08
smoothSolver:  Solving for omega, Initial residual = 0.002082704191, Final residual = 0.0001649616094, No Iterations 1
smoothSolver:  Solving for k, Initial residual = 0.01308723669, Final residual = 0.001186257039, No Iterations 1

ExecutionTime = 0.65 s  ExecutionStepTime = 0.01 s  ClockTime = 1 s

forces FR write:
    Sum of forces
        Total    : ( 0.9318421095 0 -8.723894715 )
        Pressure : ( 0.8876822184 0 -8.726392547 )
        Viscous  : ( 0.04415989105 0 0.002497832673 )
    Sum of moments
        Total    : ( -4.232357961 1.380542266 -0.4520789738 )
        Pressure : ( -4.233569773 1.382676775 -0.4306550029 )
        Viscous  : ( 0.001211812195 -0.002134509044 -0.0214239709 )


liftDrag LD execute:
Viscous drag: 0.003667165605, pressure drag: 0.07371570949, porous drag: 0
Viscous lift: 0.0002074272796, pressure lift: -0.7246649809, porous lift: 0
Total lift: -0.7244575536, Front lift: -0.2475845376, Rear lift: -0.4768730161, Drag: 0.07738287509
Location of Center of Mass: ( 0.1593065081 0.4851454654 -0.003834401379 )
Location of Center Of Pressure: ( 0.1586652743 0.4851454654 -0.003902894712 )


yPlus yPlus execute:
    patch Bottom y+ : min = 2.317021909, max = 361.4434281, average = 205.8385374
    patch Top y+ : min = 32.88126482, max = 400.1398036, average = 232.1108366
    patch e423_0 y+ : min = 123.352869, max = 836.7003788, average = 384.330424


################################################################################

Time = 36

Outer Loop Iteration = 36
smoothSolver:  Solving for Ux, Initial residual = 0.01697856051, Final residual = 0.0002982351285, No Iterations 2
smoothSolver:  Solving for Uz, Initial residual = 0.01182422238, Final residual = 0.0002884682624, No Iterations 2
GAMG:  Solving for p, Initial residual = 0.01181140197, Final residual = 5.244021024e-05, No Iterations 4
GAMG:  Solving for p, Initial residual = 0.00117495881, Final residual = 4.600921216e-06, No Iterations 3
GAMG:  Solving for p, Initial residual = 0.0001652316193, Final residual = 6.517987745e-07, No Iterations 3
time step continuity errors (region0): sum local = 6.092419399e-08, global = -9.505626154e-10, cumulative = 9.113002278e-09
smoothSolver:  Solving for omega, Initial residual = 0.001978531613, Final residual = 0.0001530413451, No Iterations 1
smoothSolver:  Solving for k, Initial residual = 0.01278794031, Final residual = 0.00116170421, No Iterations 1

ExecutionTime = 0.66 s  ExecutionStepTime = 0.01 s  ClockTime = 1 s

forces FR write:
    Sum of forces
        Total    : ( 0.9235278672 0 -8.771488444 )
        Pressure : ( 0.8792361538 0 -8.773960907 )
        Viscous  : ( 0.04429171338 0 0.002472463013 )
    Sum of moments
        Total    : ( -4.255447843 1.384096902 -0.4480453569 )
        Pressure : ( -4.256647347 1.386237917 -0.426557433 )
        Viscous  : ( 0.001199504219 -0.002141015452 -0.0214879239 )


liftDrag LD execute:
Viscous drag: 0.003678112514, pressure drag: 0.07301432375, porous drag: 0
Viscous lift: 0.0002053205093, pressure lift: -0.7286151957, porous lift: 0
Total lift: -0.7284098752, Front lift: -0.2492655111, Rear lift: -0.4791443641, Drag: 0.07669243627
Location of Center of Mass: ( 0.1593065081 0.4851454654 -0.003834401379 )
Location of Center Of Pressure: ( 0.158210847 0.4851454654 -0.003949760768 )


yPlus yPlus execute:
    patch Bottom y+ : min = 1.862370777, max = 364.6523339, average = 209.350816
    patch Top y+ : min = 31.64375864, max = 403.3942898, average = 236.9727213
    patch e423_0 y+ : min = 122.983294, max = 838.8848935, average = 384.7011805


################################################################################

Time = 37

Outer Loop Iteration = 37
smoothSolver:  Solving for Ux, Initial residual = 0.01666853995, Final residual = 0.0002908908934, No Iterations 2
smoothSolver:  Solving for Uz, Initial residual = 0.01182147555, Final residual = 0.0002736339539, No Iterations 2
GAMG:  Solving for p, Initial residual = 0.01193163504, Final residual = 4.921496866e-05, No Iterations 4
GAMG:  Solving for p, Initial residual = 0.001140429026, Final residual = 4.602716698e-06, No Iterations 3
GAMG:  Solving for p, Initial residual = 0.0001581165242, Final residual = 7.454825683e-07, No Iterations 3
time step continuity errors (region0): sum local = 7.026030361e-08, global = -2.471402793e-09, cumulative = 6.641599484e-09
smoothSolver:  Solving for omega, Initial residual = 0.001879894297, Final residual = 0.0001424389879, No Iterations 1
smoothSolver:  Solving for k, Initial residual = 0.01251428543, Final residual = 0.00114143458, No Iterations 1

ExecutionTime = 0.68 s  ExecutionStepTime = 0.02 s  ClockTime = 1 s

forces FR write:
    Sum of forces
        Total    : ( 0.9158282444 0 -8.817905509 )
        Pressure : ( 0.8714084995 0 -8.820358402 )
        Viscous  : ( 0.04441974488 0 0.002452893293 )
    Sum of moments
        Total    : ( -4.277966872 1.387699582 -0.4443099198 )
        Pressure : ( -4.279156882 1.389847687 -0.422759882 )
        Viscous  : ( 0.001190010058 -0.002148105265 -0.0215500378 )


liftDrag LD execute:
Viscous drag: 0.003688744622, pressure drag: 0.0723642926, porous drag: 0
Viscous lift: 0.000203695383, pressure lift: -0.7324681784, porous lift: 0
Total lift: -0.732264483, Front lift: -0.250893638, Rear lift: -0.481370845, Drag: 0.07605303723
Location of Center of Mass: ( 0.1593065081 0.4851454654 -0.003834401379 )
Location of Center Of Pressure: ( 0.157787551 0.4851454654 -0.003992160362 )


yPlus yPlus execute:
    patch Bottom y+ : min = 1.736937883, max = 367.245785, average = 212.1722154
    patch Top y+ : min = 57.75210775, max = 406.248088, average = 243.00873
    patch e423_0 y+ : min = 122.6866324, max = 840.8177404, average = 385.0684638


################################################################################

Time = 38

Outer Loop Iteration = 38
smoothSolver:  Solving for Ux, Initial residual = 0.01628248836, Final residual = 0.0002819352451, No Iterations 2
smoothSolver:  Solving for Uz, Initial residual = 0.01181360871, Final residual = 0.0002566561744, No Iterations 2
GAMG:  Solving for p, Initial residual = 0.01196376391, Final residual = 0.000117559595, No Iterations 3
GAMG:  Solving for p, Initial residual = 0.001124091312, Final residual = 8.101199356e-06, No Iterations 3
GAMG:  Solving for p, Initial residual = 0.0001533753097, Final residual = 9.60311205e-07, No Iterations 3
time step continuity errors (region0): sum local = 9.119836346e-08, global = -3.305222013e-09, cumulative = 3.336377471e-09
smoothSolver:  Solving for omega, Initial residual = 0.001786146049, Final residual = 0.0001325527987, No Iterations 1
smoothSolver:  Solving for k, Initial residual = 0.01225741515, Final residual = 0.001122414815, No Iterations 1

ExecutionTime = 0.7 s  ExecutionStepTime = 0.01 s  ClockTime = 1 s

forces FR write:
    Sum of forces
        Total    : ( 0.908596711 0 -8.862930752 )
        Pressure : ( 0.864053258 0 -8.865368978 )
        Viscous  : ( 0.04454345306 0 0.002438225781 )
    Sum of moments
        Total    : ( -4.299810664 1.391284803 -0.4408015742 )
        Pressure : ( -4.300993558 1.393440517 -0.4191915199 )
        Viscous  : ( 0.001182894181 -0.002155714661 -0.02161005426 )


liftDrag LD execute:
Viscous drag: 0.003699017709, pressure drag: 0.07175349199, porous drag: 0
Viscous lift: 0.0002024773501, pressure lift: -0.7362059874, porous lift: 0
Total lift: -0.73600351, Front lift: -0.2524654243, Rear lift: -0.4835380857, Drag: 0.0754525097
Location of Center of Mass: ( 0.1593065081 0.4851454654 -0.003834401379 )
Location of Center Of Pressure: ( 0.1573911804 0.4851454654 -0.004030754086 )


yPlus yPlus execute:
    patch Bottom y+ : min = 1.732203585, max = 369.2981937, average = 214.4842175
    patch Top y+ : min = 66.51106852, max = 408.6814093, average = 248.1290835
    patch e423_0 y+ : min = 122.4608272, max = 842.5501199, average = 385.4288243


################################################################################

Time = 39

Outer Loop Iteration = 39
smoothSolver:  Solving for Ux, Initial residual = 0.0158515169, Final residual = 0.0002730932275, No Iterations 2
smoothSolver:  Solving for Uz, Initial residual = 0.01181198027, Final residual = 0.0002389912999, No Iterations 2
GAMG:  Solving for p, Initial residual = 0.01169287368, Final residual = 0.0001144952059, No Iterations 3
GAMG:  Solving for p, Initial residual = 0.001112138278, Final residual = 7.600752257e-06, No Iterations 3
GAMG:  Solving for p, Initial residual = 0.0001621033352, Final residual = 1.020936616e-06, No Iterations 3
time step continuity errors (region0): sum local = 9.768166068e-08, global = -3.855837912e-09, cumulative = -5.194604409e-10
smoothSolver:  Solving for omega, Initial residual = 0.001697342507, Final residual = 0.0001248827979, No Iterations 1
smoothSolver:  Solving for k, Initial residual = 0.01201603816, Final residual = 0.001104238309, No Iterations 1

ExecutionTime = 0.71 s  ExecutionStepTime = 0.01 s  ClockTime = 1 s

forces FR write:
    Sum of forces
        Total    : ( 0.9019067735 0 -8.907079968 )
        Pressure : ( 0.8572440849 0 -8.909507663 )
        Viscous  : ( 0.04466268855 0 0.002427695004 )
    Sum of moments
        Total    : ( -4.321229456 1.394965469 -0.4375559813 )
        Pressure : ( -4.322407241 1.397129231 -0.4158880805 )
        Viscous  : ( 0.001177785223 -0.002163761768 -0.02166790082 )


liftDrag LD execute:
Viscous drag: 0.00370891937, pressure drag: 0.07118803848, porous drag: 0
Viscous lift: 0.0002016028438, pressure lift: -0.7398713919, porous lift: 0
Total lift: -0.7396697891, Front lift: -0.2539929106, Rear lift: -0.4856768784, Drag: 0.07489695785
Location of Center of Mass: ( 0.1593065081 0.4851454654 -0.003834401379 )
Location of Center Of Pressure: ( 0.157024763 0.4851454654 -0.004065444697 )


yPlus yPlus execute:
    patch Bottom y+ : min = 10.79258135, max = 370.8002221, average = 218.6817149
    patch Top y+ : min = 48.77829192, max = 411.1089499, average = 252.4057937
    patch e423_0 y+ : min = 122.3068914, max = 844.1251835, average = 385.7770743


################################################################################

Time = 40

Outer Loop Iteration = 40
smoothSolver:  Solving for Ux, Initial residual = 0.01539465954, Final residual = 0.0002636605687, No Iterations 2
smoothSolver:  Solving for Uz, Initial residual = 0.0117884398, Final residual = 0.0002230654448, No Iterations 2
GAMG:  Solving for p, Initial residual = 0.01154604439, Final residual = 0.0001100059196, No Iterations 3
GAMG:  Solving for p, Initial residual = 0.001145053396, Final residual = 7.512627697e-06, No Iterations 3
GAMG:  Solving for p, Initial residual = 0.0001622841403, Final residual = 1.005745724e-06, No Iterations 3
time step continuity errors (region0): sum local = 9.697639139e-08, global = -2.245631297e-09, cumulative = -2.765091738e-09
smoothSolver:  Solving for omega, Initial residual = 0.001613683381, Final residual = 0.0001189227005, No Iterations 1
smoothSolver:  Solving for k, Initial residual = 0.01178848469, Final residual = 0.001087039513, No Iterations 1

ExecutionTime = 0.72 s  ExecutionStepTime = 0.01 s  ClockTime = 1 s

forces FR write:
    Sum of forces
        Total    : ( 0.8957178667 0 -8.949980295 )
        Pressure : ( 0.8509415305 0 -8.952400933 )
        Viscous  : ( 0.0447763362 0 0.002420638253 )
    Sum of moments
        Total    : ( -4.342042355 1.398694125 -0.4345534613 )
        Pressure : ( -4.343216717 1.400866281 -0.4128304248 )
        Viscous  : ( 0.001174361672 -0.002172155718 -0.02172303646 )


liftDrag LD execute:
Viscous drag: 0.003718357, pressure drag: 0.07066465606, porous drag: 0
Viscous lift: 0.0002010168307, pressure lift: -0.7434333737, porous lift: 0
Total lift: -0.7432323568, Front lift: -0.2554645561, Rear lift: -0.4877678007, Drag: 0.07438301306
Location of Center of Mass: ( 0.1593065081 0.4851454654 -0.003834401379 )
Location of Center Of Pressure: ( 0.1566889832 0.4851454654 -0.004096364394 )


yPlus yPlus execute:
    patch Bottom y+ : min = 9.674660404, max = 371.712455, average = 220.5666283
    patch Top y+ : min = 5.805531405, max = 414.5651188, average = 254.9487061
    patch e423_0 y+ : min = 122.2225906, max = 845.5817416, average = 386.1087167


################################################################################

Time = 41

Outer Loop Iteration = 41
smoothSolver:  Solving for Ux, Initial residual = 0.01498415962, Final residual = 0.000256428154, No Iterations 2
smoothSolver:  Solving for Uz, Initial residual = 0.01176614732, Final residual = 0.000210217352, No Iterations 2
GAMG:  Solving for p, Initial residual = 0.01168788839, Final residual = 0.0001069412013, No Iterations 3
GAMG:  Solving for p, Initial residual = 0.001194136072, Final residual = 7.281189835e-06, No Iterations 3
GAMG:  Solving for p, Initial residual = 0.0001790992509, Final residual = 9.338086358e-07, No Iterations 3
time step continuity errors (region0): sum local = 9.070780179e-08, global = -2.606385817e-09, cumulative = -5.371477556e-09
smoothSolver:  Solving for omega, Initial residual = 0.001535872273, Final residual = 0.0001134078359, No Iterations 1
smoothSolver:  Solving for k, Initial residual = 0.01157423477, Final residual = 0.001069304642, No Iterations 1

ExecutionTime = 0.74 s  ExecutionStepTime = 0.02 s  ClockTime = 1 s

forces FR write:
    Sum of forces
        Total    : ( 0.8899983194 0 -8.991694351 )
        Pressure : ( 0.8451134132 0 -8.994110702 )
        Viscous  : ( 0.04488490617 0 0.002416351363 )
    Sum of moments
        Total    : ( -4.36227974 1.402446712 -0.4317786488 )
        Pressure : ( -4.363452022 1.404627509 -0.4100029401 )
        Viscous  : ( 0.001172281906 -0.002180797552 -0.02177570869 )


liftDrag LD execute:
Viscous drag: 0.003727372966, pressure drag: 0.07018067227, porous drag: 0
Viscous lift: 0.0002006608349, pressure lift: -0.7468970741, porous lift: 0
Total lift: -0.7466964132, Front lift: -0.2568849586, Rear lift: -0.4898114546, Drag: 0.07390804524
Location of Center of Mass: ( 0.1593065081 0.4851454654 -0.003834401379 )
Location of Center Of Pressure: ( 0.1563795553 0.4851454654 -0.004124111301 )


yPlus yPlus execute:
    patch Bottom y+ : min = 21.08440004, max = 375.7207344, average = 225.1957446
    patch Top y+ : min = 52.95592311, max = 417.5333792, average = 262.1877556
    patch e423_0 y+ : min = 122.206904, max = 846.9442382, average = 386.4221035


################################################################################

Time = 42

Outer Loop Iteration = 42
smoothSolver:  Solving for Ux, Initial residual = 0.01458885519, Final residual = 0.0002487941406, No Iterations 2
smoothSolver:  Solving for Uz, Initial residual = 0.01177768096, Final residual = 0.0001986804626, No Iterations 2
GAMG:  Solving for p, Initial residual = 0.0118879981, Final residual = 0.0001109789444, No Iterations 3
GAMG:  Solving for p, Initial residual = 0.001215940625, Final residual = 7.963277351e-06, No Iterations 3
GAMG:  Solving for p, Initial residual = 0.0001809461898, Final residual = 1.032710228e-06, No Iterations 3
time step continuity errors (region0): sum local = 1.011385282e-07, global = -6.27232126e-09, cumulative = -1.164379882e-08
smoothSolver:  Solving for omega, Initial residual = 0.001462114465, Final residual = 0.0001085536493, No Iterations 1
smoothSolver:  Solving for k, Initial residual = 0.01137708352, Final residual = 0.001051907779, No Iterations 1

ExecutionTime = 0.75 s  ExecutionStepTime = 0.01 s  ClockTime = 1 s

forces FR write:
    Sum of forces
        Total    : ( 0.8847874922 0 -9.032855879 )
        Pressure : ( 0.8398006226 0 -9.035270346 )
        Viscous  : ( 0.04498686967 0 0.002414466868 )
    Sum of moments
        Total    : ( -4.382249069 1.406313775 -0.4292506397 )
        Pressure : ( -4.383420436 1.408503334 -0.4074254638 )
        Viscous  : ( 0.001171367652 -0.00218955825 -0.02182517582 )


liftDrag LD execute:
Viscous drag: 0.003735840312, pressure drag: 0.0697394827, porous drag: 0
Viscous lift: 0.000200504341, pressure lift: -0.7503150904, porous lift: 0
Total lift: -0.750114586, Front lift: -0.2582729128, Rear lift: -0.4918416732, Drag: 0.07347532302
Location of Center of Mass: ( 0.1593065081 0.4851454654 -0.003834401379 )
Location of Center Of Pressure: ( 0.1560951205 0.4851454654 -0.004148963643 )


yPlus yPlus execute:
    patch Bottom y+ : min = 37.30266071, max = 393.2670327, average = 232.6104619
    patch Top y+ : min = 18.10454828, max = 420.0234973, average = 267.120702
    patch e423_0 y+ : min = 122.2586491, max = 848.2246129, average = 386.7119679


################################################################################

Time = 43

Outer Loop Iteration = 43
smoothSolver:  Solving for Ux, Initial residual = 0.01424847898, Final residual = 0.0002421404889, No Iterations 2
smoothSolver:  Solving for Uz, Initial residual = 0.01180947933, Final residual = 0.0001914455587, No Iterations 2
GAMG:  Solving for p, Initial residual = 0.0122680604, Final residual = 0.0001140501336, No Iterations 3
GAMG:  Solving for p, Initial residual = 0.001190146282, Final residual = 7.550312704e-06, No Iterations 3
GAMG:  Solving for p, Initial residual = 0.0001706836448, Final residual = 9.829788871e-07, No Iterations 3
time step continuity errors (region0): sum local = 9.711430961e-08, global = -7.272716375e-09, cumulative = -1.891651519e-08
smoothSolver:  Solving for omega, Initial residual = 0.001390287753, Final residual = 0.0001046047147, No Iterations 1
smoothSolver:  Solving for k, Initial residual = 0.01119483719, Final residual = 0.001034629051, No Iterations 1

ExecutionTime = 0.76 s  ExecutionStepTime = 0.01 s  ClockTime = 1 s

forces FR write:
    Sum of forces
        Total    : ( 0.8799862894 0 -9.073929447 )
        Pressure : ( 0.8349058368 0 -9.076344317 )
        Viscous  : ( 0.04508045269 0 0.00241487053 )
    Sum of moments
        Total    : ( -4.402175724 1.410333975 -0.4269213579 )
        Pressure : ( -4.403347287 1.412532275 -0.4050507807 )
        Viscous  : ( 0.001171563487 -0.002198300241 -0.0218705772 )


liftDrag LD execute:
Viscous drag: 0.003743611718, pressure drag: 0.06933300548, porous drag: 0
Viscous lift: 0.0002005378623, pressure lift: -0.7537259923, porous lift: 0
Total lift: -0.7535254544, Front lift: -0.2596444979, Rear lift: -0.4938809565, Drag: 0.07307661719
Location of Center of Mass: ( 0.1593065081 0.4851454654 -0.003834401379 )
Location of Center Of Pressure: ( 0.1558315785 0.4851454654 -0.004171398755 )


yPlus yPlus execute:
    patch Bottom y+ : min = 20.05580646, max = 414.8275922, average = 238.1506771
    patch Top y+ : min = 52.67190681, max = 422.0155359, average = 275.5078762
    patch e423_0 y+ : min = 122.3759974, max = 849.3917218, average = 386.974151


################################################################################

Time = 44

Outer Loop Iteration = 44
smoothSolver:  Solving for Ux, Initial residual = 0.01387126028, Final residual = 0.0002354015689, No Iterations 2
smoothSolver:  Solving for Uz, Initial residual = 0.01182051508, Final residual = 0.0001889826883, No Iterations 2
GAMG:  Solving for p, Initial residual = 0.01233100893, Final residual = 0.0001162139785, No Iterations 3
GAMG:  Solving for p, Initial residual = 0.001247475369, Final residual = 7.818004237e-06, No Iterations 3
GAMG:  Solving for p, Initial residual = 0.0001932799812, Final residual = 1.010749562e-06, No Iterations 3
time step continuity errors (region0): sum local = 1.007377091e-07, global = -1.231995761e-08, cumulative = -3.12364728e-08
smoothSolver:  Solving for omega, Initial residual = 0.001323427489, Final residual = 0.0001006061699, No Iterations 1
smoothSolver:  Solving for k, Initial residual = 0.01102801886, Final residual = 0.00101658587, No Iterations 1

ExecutionTime = 0.77 s  ExecutionStepTime = 0.01 s  ClockTime = 1 s

forces FR write:
    Sum of forces
        Total    : ( 0.8755785155 0 -9.11497203 )
        Pressure : ( 0.8304110152 0 -9.117388275 )
        Viscous  : ( 0.04516750033 0 0.002416244747 )
    Sum of moments
        Total    : ( -4.422087347 1.41449354 -0.4247829464 )
        Pressure : ( -4.423259577 1.416700486 -0.4028701384 )
        Viscous  : ( 0.001172230182 -0.002206946408 -0.02191280796 )


liftDrag LD execute:
Viscous drag: 0.003750840406, pressure drag: 0.06895974244, porous drag: 0
Viscous lift: 0.0002006519812, pressure lift: -0.7571344017, porous lift: 0
Total lift: -0.7569337497, Front lift: -0.2610032232, Rear lift: -0.4959305265, Drag: 0.07271058285
Location of Center of Mass: ( 0.1593065081 0.4851454654 -0.003834401379 )
Location of Center Of Pressure: ( 0.1555861896 0.4851454654 -0.004191772847 )


yPlus yPlus execute:
    patch Bottom y+ : min = 43.43242642, max = 436.8152787, average = 247.607181
    patch Top y+ : min = 76.24655964, max = 423.462283, average = 282.9460037
    patch e423_0 y+ : min = 122.5544898, max = 850.4188843, average = 387.2121322


################################################################################

Time = 45

Outer Loop Iteration = 45
smoothSolver:  Solving for Ux, Initial residual = 0.01353951241, Final residual = 0.0002289462843, No Iterations 2
smoothSolver:  Solving for Uz, Initial residual = 0.01183886271, Final residual = 0.0001904453654, No Iterations 2
GAMG:  Solving for p, Initial residual = 0.01241937025, Final residual = 0.0001125947953, No Iterations 3
GAMG:  Solving for p, Initial residual = 0.001240036072, Final residual = 7.723570892e-06, No Iterations 3
GAMG:  Solving for p, Initial residual = 0.0001910518424, Final residual = 1.065233267e-06, No Iterations 3
time step continuity errors (region0): sum local = 1.072613815e-07, global = -1.583300432e-08, cumulative = -4.706947712e-08
smoothSolver:  Solving for omega, Initial residual = 0.001260702251, Final residual = 9.654347747e-05, No Iterations 1
smoothSolver:  Solving for k, Initial residual = 0.01087688259, Final residual = 0.0009986288615, No Iterations 1

ExecutionTime = 0.77 s  ExecutionStepTime = 0 s  ClockTime = 1 s

forces FR write:
    Sum of forces
        Total    : ( 0.8715040176 0 -9.155089665 )
        Pressure : ( 0.8262554593 0 -9.157507645 )
        Viscous  : ( 0.04524855829 0 0.002417979432 )
    Sum of moments
        Total    : ( -4.441550236 1.418664798 -0.4228062222 )
        Pressure : ( -4.442723308 1.420880232 -0.4008540893 )
        Viscous  : ( 0.001173071757 -0.002215434385 -0.02195213287 )


liftDrag LD execute:
Viscous drag: 0.003757571694, pressure drag: 0.06861465301, porous drag: 0
Viscous lift: 0.0002007960345, pressure lift: -0.7604660307, porous lift: 0
Total lift: -0.7602652347, Front lift: -0.2623225723, Rear lift: -0.4979426623, Drag: 0.07237222471
Location of Center of Mass: ( 0.1593065081 0.4851454654 -0.003834401379 )
Location of Center Of Pressure: ( 0.1553599103 0.4851454654 -0.004210091394 )


yPlus yPlus execute:
    patch Bottom y+ : min = 58.08541767, max = 457.8377485, average = 255.9061714
    patch Top y+ : min = 76.08606796, max = 424.3104929, average = 289.8877098
    patch e423_0 y+ : min = 122.7899861, max = 851.3713429, average = 387.4263969


################################################################################

Time = 46

Outer Loop Iteration = 46
smoothSolver:  Solving for Ux, Initial residual = 0.01319395325, Final residual = 0.0002225115937, No Iterations 2
smoothSolver:  Solving for Uz, Initial residual = 0.01183669501, Final residual = 0.0001932538519, No Iterations 2
GAMG:  Solving for p, Initial residual = 0.01238801358, Final residual = 0.0001108888971, No Iterations 3
GAMG:  Solving for p, Initial residual = 0.00118524802, Final residual = 7.669617393e-06, No Iterations 3
GAMG:  Solving for p, Initial residual = 0.0001800605746, Final residual = 1.03850397e-06, No Iterations 3
time step continuity errors (region0): sum local = 1.05447074e-07, global = -2.094810424e-08, cumulative = -6.801758135e-08
smoothSolver:  Solving for omega, Initial residual = 0.001201310788, Final residual = 9.2677227e-05, No Iterations 1
smoothSolver:  Solving for k, Initial residual = 0.01073386534, Final residual = 0.0009818616392, No Iterations 1

ExecutionTime = 0.78 s  ExecutionStepTime = 0 s  ClockTime = 1 s

forces FR write:
    Sum of forces
        Total    : ( 0.8678233574 0 -9.194549698 )
        Pressure : ( 0.8224998592 0 -9.196969451 )
        Viscous  : ( 0.04532349816 0 0.00241975363 )
    Sum of moments
        Total    : ( -4.460694092 1.422897381 -0.4210205666 )
        Pressure : ( -4.461868024 1.425121086 -0.399032077 )
        Viscous  : ( 0.001173932501 -0.002223705163 -0.02198848961 )


liftDrag LD execute:
Viscous drag: 0.003763794919, pressure drag: 0.06830277707, porous drag: 0
Viscous lift: 0.0002009433691, pressure lift: -0.7637430537, porous lift: 0
Total lift: -0.7635421104, Front lift: -0.2636095242, Rear lift: -0.4999325862, Drag: 0.07206657199
Location of Center of Mass: ( 0.1593065081 0.4851454654 -0.003834401379 )
Location of Center Of Pressure: ( 0.1551533455 0.4851454654 -0.004226395725 )


yPlus yPlus execute:
    patch Bottom y+ : min = 63.69433193, max = 478.4627629, average = 264.0415829
    patch Top y+ : min = 73.51350326, max = 442.3493438, average = 296.6840021
    patch e423_0 y+ : min = 123.0789043, max = 852.2692672, average = 387.6173629


################################################################################

Time = 47

Outer Loop Iteration = 47
smoothSolver:  Solving for Ux, Initial residual = 0.01280349254, Final residual = 0.0002155068837, No Iterations 2
smoothSolver:  Solving for Uz, Initial residual = 0.01188057701, Final residual = 0.0001976562925, No Iterations 2
GAMG:  Solving for p, Initial residual = 0.0123863813, Final residual = 0.0001140540263, No Iterations 3
GAMG:  Solving for p, Initial residual = 0.001209425445, Final residual = 7.769386292e-06, No Iterations 3
GAMG:  Solving for p, Initial residual = 0.0001860315146, Final residual = 9.61695417e-07, No Iterations 3
time step continuity errors (region0): sum local = 9.852296623e-08, global = -1.050535341e-08, cumulative = -7.852293477e-08
smoothSolver:  Solving for omega, Initial residual = 0.001142995961, Final residual = 8.908699067e-05, No Iterations 1
smoothSolver:  Solving for k, Initial residual = 0.01059995132, Final residual = 0.0009640985452, No Iterations 1

ExecutionTime = 0.81 s  ExecutionStepTime = 0.02 s  ClockTime = 1 s

forces FR write:
    Sum of forces
        Total    : ( 0.8645001823 0 -9.233346459 )
        Pressure : ( 0.8191078277 0 -9.235767703 )
        Viscous  : ( 0.04539235462 0 0.002421243243 )
    Sum of moments
        Total    : ( -4.479516165 1.427175275 -0.4194083432 )
        Pressure : ( -4.48069082 1.429406972 -0.3973864482 )
        Viscous  : ( 0.00117465518 -0.002231696554 -0.022021895 )


liftDrag LD execute:
Viscous drag: 0.003769512959, pressure drag: 0.06802109292, porous drag: 0
Viscous lift: 0.0002010670708, pressure lift: -0.7669649732, porous lift: 0
Total lift: -0.7667639061, Front lift: -0.2648651733, Rear lift: -0.5018987328, Drag: 0.07179060588
Location of Center of Mass: ( 0.1593065081 0.4851454654 -0.003834401379 )
Location of Center Of Pressure: ( 0.1549645695 0.4851454654 -0.004240928604 )


yPlus yPlus execute:
    patch Bottom y+ : min = 60.10426845, max = 498.6182249, average = 271.3993278
    patch Top y+ : min = 71.21134336, max = 463.5285888, average = 303.1768515
    patch e423_0 y+ : min = 123.4138305, max = 853.1357945, average = 387.7855896


################################################################################

Time = 48

Outer Loop Iteration = 48
smoothSolver:  Solving for Ux, Initial residual = 0.01238221817, Final residual = 0.0002078198143, No Iterations 2
smoothSolver:  Solving for Uz, Initial residual = 0.01194062762, Final residual = 0.0002031493086, No Iterations 2
GAMG:  Solving for p, Initial residual = 0.01233110738, Final residual = 0.0001141135326, No Iterations 3
GAMG:  Solving for p, Initial residual = 0.001270142034, Final residual = 7.518579411e-06, No Iterations 3
GAMG:  Solving for p, Initial residual = 0.0002028054927, Final residual = 9.64122621e-07, No Iterations 3
time step continuity errors (region0): sum local = 9.973700766e-08, global = -1.149581492e-08, cumulative = -9.001874968e-08
smoothSolver:  Solving for omega, Initial residual = 0.001088098178, Final residual = 8.549694251e-05, No Iterations 1
smoothSolver:  Solving for k, Initial residual = 0.01047235601, Final residual = 0.0009454089115, No Iterations 1

ExecutionTime = 0.82 s  ExecutionStepTime = 0.01 s  ClockTime = 1 s

forces FR write:
    Sum of forces
        Total    : ( 0.8616088401 0 -9.271282198 )
        Pressure : ( 0.8161528729 0 -9.27370429 )
        Viscous  : ( 0.04545596724 0 0.002422091925 )
    Sum of moments
        Total    : ( -4.497920516 1.431463924 -0.4180056217 )
        Pressure : ( -4.499095583 1.433703288 -0.3959528653 )
        Viscous  : ( 0.001175066914 -0.002239364072 -0.02205275638 )


liftDrag LD execute:
Viscous drag: 0.003774795536, pressure drag: 0.06777570489, porous drag: 0
Viscous lift: 0.0002011375478, pressure lift: -0.7701153376, porous lift: 0
Total lift: -0.7699142, Front lift: -0.2660841784, Rear lift: -0.5038300216, Drag: 0.07155050043
Location of Center of Mass: ( 0.1593065081 0.4851454654 -0.003834401379 )
Location of Center Of Pressure: ( 0.1547929463 0.4851454654 -0.004253860587 )


yPlus yPlus execute:
    patch Bottom y+ : min = 54.28996339, max = 517.9569204, average = 278.1378057
    patch Top y+ : min = 68.36446209, max = 486.8283717, average = 309.4556946
    patch e423_0 y+ : min = 123.7872142, max = 853.9716351, average = 387.9331841


################################################################################

Time = 49

Outer Loop Iteration = 49
smoothSolver:  Solving for Ux, Initial residual = 0.01195182005, Final residual = 0.0001997752836, No Iterations 2
smoothSolver:  Solving for Uz, Initial residual = 0.01200593778, Final residual = 0.0002080056899, No Iterations 2
GAMG:  Solving for p, Initial residual = 0.01241851695, Final residual = 0.0001077482173, No Iterations 3
GAMG:  Solving for p, Initial residual = 0.001321585901, Final residual = 6.630825079e-06, No Iterations 3
GAMG:  Solving for p, Initial residual = 0.0002020551227, Final residual = 9.533502531e-07, No Iterations 3
time step continuity errors (region0): sum local = 9.949007217e-08, global = -2.921302736e-08, cumulative = -1.19231777e-07
smoothSolver:  Solving for omega, Initial residual = 0.00103642536, Final residual = 8.179432037e-05, No Iterations 1
smoothSolver:  Solving for k, Initial residual = 0.01035465442, Final residual = 0.0009261618993, No Iterations 1

ExecutionTime = 0.83 s  ExecutionStepTime = 0.01 s  ClockTime = 1 s

forces FR write:
    Sum of forces
        Total    : ( 0.8589702719 0 -9.30861934 )
        Pressure : ( 0.8134559985 0 -9.311041784 )
        Viscous  : ( 0.04551427341 0 0.002422444654 )
    Sum of moments
        Total    : ( -4.516034461 1.435772681 -0.4167255323 )
        Pressure : ( -4.517209699 1.438019353 -0.3946444889 )
        Viscous  : ( 0.001175238039 -0.002246672063 -0.02208104335 )


liftDrag LD execute:
Viscous drag: 0.003779637449, pressure drag: 0.06755174861, porous drag: 0
Viscous lift: 0.0002011668395, pressure lift: -0.7732159515, porous lift: 0
Total lift: -0.7730147847, Front lift: -0.267276659, Rear lift: -0.5057381257, Drag: 0.07133138606
Location of Center of Mass: ( 0.1593065081 0.4851454654 -0.003834401379 )
Location of Center Of Pressure: ( 0.154634813 0.4851454654 -0.004265490784 )


yPlus yPlus execute:
    patch Bottom y+ : min = 33.79256303, max = 537.5250331, average = 283.6487848
    patch Top y+ : min = 65.22500107, max = 512.2513099, average = 315.5139453
    patch e423_0 y+ : min = 124.1901538, max = 854.7739751, average = 388.0599707


################################################################################

Time = 50

Outer Loop Iteration = 50
smoothSolver:  Solving for Ux, Initial residual = 0.01149035605, Final residual = 0.000190903544, No Iterations 2
smoothSolver:  Solving for Uz, Initial residual = 0.01198488425, Final residual = 0.0002138067298, No Iterations 2
GAMG:  Solving for p, Initial residual = 0.01229722473, Final residual = 9.802495265e-05, No Iterations 3
GAMG:  Solving for p, Initial residual = 0.001170534667, Final residual = 5.745555888e-06, No Iterations 3
GAMG:  Solving for p, Initial residual = 0.0001788172544, Final residual = 7.880800349e-07, No Iterations 3
time step continuity errors (region0): sum local = 8.298747136e-08, global = -1.734435447e-08, cumulative = -1.365761315e-07
smoothSolver:  Solving for omega, Initial residual = 0.0009885187211, Final residual = 7.815681288e-05, No Iterations 1
smoothSolver:  Solving for k, Initial residual = 0.01024551879, Final residual = 0.000907047964, No Iterations 1

ExecutionTime = 0.83 s  ExecutionStepTime = 0 s  ClockTime = 1 s

forces FR write:
    Sum of forces
        Total    : ( 0.8564121779 0 -9.344544426 )
        Pressure : ( 0.810844461 0 -9.346966616 )
        Viscous  : ( 0.04556771682 0 0.00242219015 )
    Sum of moments
        Total    : ( -4.533463354 1.439944764 -0.4154844846 )
        Pressure : ( -4.534638469 1.442198367 -0.3933775134 )
        Viscous  : ( 0.001175114568 -0.002253602955 -0.02210697118 )


liftDrag LD execute:
Viscous drag: 0.003784075546, pressure drag: 0.06733487896, porous drag: 0
Viscous lift: 0.0002011457048, pressure lift: -0.7761992539, porous lift: 0
Total lift: -0.7759981082, Front lift: -0.2684218589, Rear lift: -0.5075762493, Drag: 0.0711189545
Location of Center of Mass: ( 0.1593065081 0.4851454654 -0.003834401379 )
Location of Center Of Pressure: ( 0.1544866005 0.4851454654 -0.004276138011 )


yPlus yPlus execute:
    patch Bottom y+ : min = 64.49259396, max = 558.4805512, average = 290.2183205
    patch Top y+ : min = 62.4045062, max = 537.2952371, average = 321.3425541
    patch e423_0 y+ : min = 124.6132534, max = 855.5475688, average = 388.1680475


################################################################################

Time = 51

Outer Loop Iteration = 51
smoothSolver:  Solving for Ux, Initial residual = 0.01101793193, Final residual = 0.0001808855049, No Iterations 2
smoothSolver:  Solving for Uz, Initial residual = 0.0118924102, Final residual = 0.0002192992537, No Iterations 2
GAMG:  Solving for p, Initial residual = 0.01213841691, Final residual = 9.218251597e-05, No Iterations 3
GAMG:  Solving for p, Initial residual = 0.00105411246, Final residual = 5.623643729e-06, No Iterations 3
GAMG:  Solving for p, Initial residual = 0.0001424188174, Final residual = 6.755313983e-07, No Iterations 3
time step continuity errors (region0): sum local = 7.181306107e-08, global = 5.941748689e-09, cumulative = -1.306343828e-07
smoothSolver:  Solving for omega, Initial residual = 0.0009433098331, Final residual = 7.461980948e-05, No Iterations 1
smoothSolver:  Solving for k, Initial residual = 0.01014839841, Final residual = 0.0008879154597, No Iterations 1

ExecutionTime = 0.84 s  ExecutionStepTime = 0 s  ClockTime = 1 s

forces FR write:
    Sum of forces
        Total    : ( 0.85400206 0 -9.379729165 )
        Pressure : ( 0.8083854867 0 -9.382150407 )
        Viscous  : ( 0.04561657328 0 0.002421242035 )
    Sum of moments
        Total    : ( -4.550533071 1.444086972 -0.4143152268 )
        Pressure : ( -4.551707725 1.446347107 -0.3921845531 )
        Viscous  : ( 0.001174654594 -0.002260134844 -0.02213067367 )


liftDrag LD execute:
Viscous drag: 0.003788132728, pressure drag: 0.06713067858, porous drag: 0
Viscous lift: 0.0002010669706, pressure lift: -0.7791210181, porous lift: 0
Total lift: -0.7789199511, Front lift: -0.2695387994, Rear lift: -0.5093811518, Drag: 0.07091881131
Location of Center of Mass: ( 0.1593065081 0.4851454654 -0.003834401379 )
Location of Center Of Pressure: ( 0.1543484938 0.4851454654 -0.004285816804 )


yPlus yPlus execute:
    patch Bottom y+ : min = 68.62095733, max = 581.9374948, average = 294.4337544
    patch Top y+ : min = 59.76600572, max = 558.552901, average = 326.5875317
    patch e423_0 y+ : min = 125.0485654, max = 856.2934109, average = 388.2578168


################################################################################

Time = 52

Outer Loop Iteration = 52
smoothSolver:  Solving for Ux, Initial residual = 0.01067760417, Final residual = 0.0001707687036, No Iterations 2
smoothSolver:  Solving for Uz, Initial residual = 0.01173809585, Final residual = 0.0002222832992, No Iterations 2
GAMG:  Solving for p, Initial residual = 0.01197087406, Final residual = 8.449887347e-05, No Iterations 3
GAMG:  Solving for p, Initial residual = 0.0009903249247, Final residual = 5.260040509e-06, No Iterations 3
GAMG:  Solving for p, Initial residual = 0.0001430577334, Final residual = 6.512693447e-07, No Iterations 3
time step continuity errors (region0): sum local = 6.975510563e-08, global = -1.065198888e-08, cumulative = -1.412863717e-07
smoothSolver:  Solving for omega, Initial residual = 0.0009006885858, Final residual = 7.111871544e-05, No Iterations 1
smoothSolver:  Solving for k, Initial residual = 0.0100599832, Final residual = 0.0008691386502, No Iterations 1

ExecutionTime = 0.85 s  ExecutionStepTime = 0.01 s  ClockTime = 1 s

forces FR write:
    Sum of forces
        Total    : ( 0.8517527974 0 -9.413891002 )
        Pressure : ( 0.8060913706 0 -9.416310571 )
        Viscous  : ( 0.04566142684 0 0.00241956919 )
    Sum of moments
        Total    : ( -4.567106531 1.448145636 -0.4132240073 )
        Pressure : ( -4.568280374 1.450411912 -0.3910715731 )
        Viscous  : ( 0.001173843021 -0.002266276452 -0.02215243417 )


liftDrag LD execute:
Viscous drag: 0.003791857498, pressure drag: 0.06694016852, porous drag: 0
Viscous lift: 0.0002009280526, pressure lift: -0.7819577773, porous lift: 0
Total lift: -0.7817568493, Front lift: -0.2706202052, Rear lift: -0.5111366441, Drag: 0.07073202602
Location of Center of Mass: ( 0.1593065081 0.4851454654 -0.003834401379 )
Location of Center Of Pressure: ( 0.1542192962 0.4851454654 -0.00429468363 )


yPlus yPlus execute:
    patch Bottom y+ : min = 70.02688516, max = 604.2291048, average = 297.6910758
    patch Top y+ : min = 55.46295108, max = 582.8256795, average = 330.9603539
    patch e423_0 y+ : min = 125.4880578, max = 857.0119972, average = 388.3317736


################################################################################

Time = 53

Outer Loop Iteration = 53
smoothSolver:  Solving for Ux, Initial residual = 0.01035222122, Final residual = 0.0001601174931, No Iterations 2
smoothSolver:  Solving for Uz, Initial residual = 0.01154399879, Final residual = 0.0002231429714, No Iterations 2
GAMG:  Solving for p, Initial residual = 0.01186371708, Final residual = 8.411482433e-05, No Iterations 3
GAMG:  Solving for p, Initial residual = 0.0009513643236, Final residual = 4.937343867e-06, No Iterations 3
GAMG:  Solving for p, Initial residual = 0.0001342419082, Final residual = 6.473170018e-07, No Iterations 3
time step continuity errors (region0): sum local = 6.985442699e-08, global = -8.289246065e-09, cumulative = -1.495756178e-07
smoothSolver:  Solving for omega, Initial residual = 0.0008606123613, Final residual = 6.756788492e-05, No Iterations 1
smoothSolver:  Solving for k, Initial residual = 0.009980874957, Final residual = 0.0008507578097, No Iterations 1

ExecutionTime = 0.87 s  ExecutionStepTime = 0.02 s  ClockTime = 1 s

forces FR write:
    Sum of forces
        Total    : ( 0.849685449 0 -9.44705001 )
        Pressure : ( 0.8039829277 0 -9.449467109 )
        Viscous  : ( 0.0457025213 0 0.002417098791 )
    Sum of moments
        Total    : ( -4.583193473 1.452109277 -0.4122210426 )
        Pressure : ( -4.584366118 1.454381308 -0.3900486716 )
        Viscous  : ( 0.001172644518 -0.002272030545 -0.02217237096 )


liftDrag LD execute:
Viscous drag: 0.003795270101, pressure drag: 0.0667650773, porous drag: 0
Viscous lift: 0.0002007229035, pressure lift: -0.7847111925, porous lift: 0
Total lift: -0.7845104696, Front lift: -0.2716678631, Rear lift: -0.5128426065, Drag: 0.0705603474
Location of Center of Mass: ( 0.1593065081 0.4851454654 -0.003834401379 )
Location of Center Of Pressure: ( 0.1540973538 0.4851454654 -0.004302922511 )


yPlus yPlus execute:
    patch Bottom y+ : min = 71.18968657, max = 625.826148, average = 300.6413572
    patch Top y+ : min = 52.06718818, max = 606.2344205, average = 334.8212369
    patch e423_0 y+ : min = 125.9241913, max = 857.7043551, average = 388.3913721


################################################################################

Time = 54

Outer Loop Iteration = 54
smoothSolver:  Solving for Ux, Initial residual = 0.01011102546, Final residual = 0.0001494156528, No Iterations 2
smoothSolver:  Solving for Uz, Initial residual = 0.01131139772, Final residual = 0.0002223689316, No Iterations 2
GAMG:  Solving for p, Initial residual = 0.0115336915, Final residual = 8.129598667e-05, No Iterations 3
GAMG:  Solving for p, Initial residual = 0.0008984031554, Final residual = 4.596815112e-06, No Iterations 3
GAMG:  Solving for p, Initial residual = 0.0001330563735, Final residual = 6.234890074e-07, No Iterations 3
time step continuity errors (region0): sum local = 6.781922786e-08, global = -7.068435988e-09, cumulative = -1.566440538e-07
smoothSolver:  Solving for omega, Initial residual = 0.0008226839142, Final residual = 6.407784963e-05, No Iterations 1
smoothSolver:  Solving for k, Initial residual = 0.009911832917, Final residual = 0.0008330062403, No Iterations 1

ExecutionTime = 0.88 s  ExecutionStepTime = 0.01 s  ClockTime = 1 s

forces FR write:
    Sum of forces
        Total    : ( 0.8476847235 0 -9.479395886 )
        Pressure : ( 0.8019449583 0 -9.481809802 )
        Viscous  : ( 0.04573976522 0 0.002413915103 )
    Sum of moments
        Total    : ( -4.598885929 1.455986879 -0.4112503997 )
        Pressure : ( -4.600057029 1.458264286 -0.38905996 )
        Viscous  : ( 0.001171099966 -0.002277406867 -0.02219043969 )


liftDrag LD execute:
Viscous drag: 0.003798362945, pressure drag: 0.0665958384, porous drag: 0
Viscous lift: 0.0002004585208, pressure lift: -0.7873970237, porous lift: 0
Total lift: -0.7871965651, Front lift: -0.2726889036, Rear lift: -0.5145076616, Drag: 0.07039420135
Location of Center of Mass: ( 0.1593065081 0.4851454654 -0.003834401379 )
Location of Center Of Pressure: ( 0.15398038 0.4851454654 -0.004310684624 )


yPlus yPlus execute:
    patch Bottom y+ : min = 71.80658324, max = 647.9745289, average = 303.1814271
    patch Top y+ : min = 49.9330947, max = 629.26738, average = 338.3021381
    patch e423_0 y+ : min = 126.3503906, max = 858.3684732, average = 388.4373995


################################################################################

Time = 55

Outer Loop Iteration = 55
smoothSolver:  Solving for Ux, Initial residual = 0.009854276704, Final residual = 0.0001385516385, No Iterations 2
smoothSolver:  Solving for Uz, Initial residual = 0.01106857229, Final residual = 0.0002188918354, No Iterations 2
GAMG:  Solving for p, Initial residual = 0.01060202436, Final residual = 7.858127839e-05, No Iterations 3
GAMG:  Solving for p, Initial residual = 0.0008204573584, Final residual = 4.214853157e-06, No Iterations 3
GAMG:  Solving for p, Initial residual = 0.0001327241553, Final residual = 6.13841689e-07, No Iterations 3
time step continuity errors (region0): sum local = 6.717087909e-08, global = -5.426422561e-09, cumulative = -1.620704763e-07
smoothSolver:  Solving for omega, Initial residual = 0.0007862267903, Final residual = 6.059274202e-05, No Iterations 1
smoothSolver:  Solving for k, Initial residual = 0.00984599376, Final residual = 0.0008161386833, No Iterations 1

ExecutionTime = 0.89 s  ExecutionStepTime = 0.01 s  ClockTime = 1 s

forces FR write:
    Sum of forces
        Total    : ( 0.8456893757 0 -9.510341436 )
        Pressure : ( 0.7999152716 0 -9.512751504 )
        Viscous  : ( 0.04577410409 0 0.002410068428 )
    Sum of moments
        Total    : ( -4.613899022 1.459686342 -0.4102823657 )
        Pressure : ( -4.615068255 1.461968747 -0.3880752667 )
        Viscous  : ( 0.001169233769 -0.002282405169 -0.02220709903 )


liftDrag LD execute:
Viscous drag: 0.003801214544, pressure drag: 0.06642728732, porous drag: 0
Viscous lift: 0.0002001390818, pressure lift: -0.7899665125, porous lift: 0
Total lift: -0.7897663734, Front lift: -0.2736665936, Rear lift: -0.5160997799, Drag: 0.07022850187
Location of Center of Mass: ( 0.1593065081 0.4851454654 -0.003834401379 )
Location of Center Of Pressure: ( 0.1538680857 0.4851454654 -0.004318002946 )


yPlus yPlus execute:
    patch Bottom y+ : min = 69.90710554, max = 669.725275, average = 305.2494449
    patch Top y+ : min = 48.42609579, max = 652.2617471, average = 341.4864722
    patch e423_0 y+ : min = 126.7612748, max = 859.0090784, average = 388.4716464


################################################################################

Time = 56

Outer Loop Iteration = 56
smoothSolver:  Solving for Ux, Initial residual = 0.009601396063, Final residual = 0.0001278137274, No Iterations 2
smoothSolver:  Solving for Uz, Initial residual = 0.0107857576, Final residual = 0.0002130122395, No Iterations 2
GAMG:  Solving for p, Initial residual = 0.01038344103, Final residual = 7.637372909e-05, No Iterations 3
GAMG:  Solving for p, Initial residual = 0.0008033410485, Final residual = 3.802937612e-06, No Iterations 3
GAMG:  Solving for p, Initial residual = 0.000122039671, Final residual = 4.731583081e-07, No Iterations 3
time step continuity errors (region0): sum local = 5.200357067e-08, global = 2.359295217e-09, cumulative = -1.597111811e-07
smoothSolver:  Solving for omega, Initial residual = 0.0007514966209, Final residual = 5.729522724e-05, No Iterations 1
smoothSolver:  Solving for k, Initial residual = 0.009787293103, Final residual = 0.0008003160701, No Iterations 1

ExecutionTime = 0.9 s  ExecutionStepTime = 0.01 s  ClockTime = 1 s

forces FR write:
    Sum of forces
        Total    : ( 0.8437159541 0 -9.539725281 )
        Pressure : ( 0.7979100549 0 -9.542130891 )
        Viscous  : ( 0.04580589918 0 0.002405610915 )
    Sum of moments
        Total    : ( -4.628154461 1.463190994 -0.4093249692 )
        Pressure : ( -4.629321532 1.465478032 -0.3871024449 )
        Viscous  : ( 0.001167071227 -0.002287038225 -0.02222252427 )


liftDrag LD execute:
Viscous drag: 0.003803854901, pressure drag: 0.0662607683, porous drag: 0
Viscous lift: 0.0001997689169, pressure lift: -0.7924062622, porous lift: 0
Total lift: -0.7922064932, Front lift: -0.274595617, Rear lift: -0.5176108762, Drag: 0.0700646232
Location of Center of Mass: ( 0.1593065081 0.4851454654 -0.003834401379 )
Location of Center Of Pressure: ( 0.1537612338 0.4851454654 -0.004324838605 )


yPlus yPlus execute:
    patch Bottom y+ : min = 72.03767624, max = 690.2469749, average = 307.4437764
    patch Top y+ : min = 47.38993709, max = 675.3227721, average = 344.2998876
    patch e423_0 y+ : min = 127.1530007, max = 859.6278339, average = 388.4960992


################################################################################

Time = 57

Outer Loop Iteration = 57
smoothSolver:  Solving for Ux, Initial residual = 0.00942291108, Final residual = 0.0001176783842, No Iterations 2
smoothSolver:  Solving for Uz, Initial residual = 0.01047608545, Final residual = 0.0002049000601, No Iterations 2
GAMG:  Solving for p, Initial residual = 0.01006015034, Final residual = 7.494865742e-05, No Iterations 3
GAMG:  Solving for p, Initial residual = 0.0008278806187, Final residual = 3.438426196e-06, No Iterations 3
GAMG:  Solving for p, Initial residual = 0.0001180736222, Final residual = 4.446752158e-07, No Iterations 3
time step continuity errors (region0): sum local = 4.907646777e-08, global = 7.754580152e-09, cumulative = -1.519566009e-07
smoothSolver:  Solving for omega, Initial residual = 0.0007185065566, Final residual = 5.408118262e-05, No Iterations 1
smoothSolver:  Solving for k, Initial residual = 0.009730889824, Final residual = 0.0007853882624, No Iterations 1

ExecutionTime = 0.91 s  ExecutionStepTime = 0.01 s  ClockTime = 1 s

forces FR write:
    Sum of forces
        Total    : ( 0.8417717361 0 -9.568014545 )
        Pressure : ( 0.7959363718 0 -9.570415141 )
        Viscous  : ( 0.04583536427 0 0.002400595532 )
    Sum of moments
        Total    : ( -4.641878869 1.466553124 -0.4083817406 )
        Pressure : ( -4.643043507 1.46884445 -0.3861449215 )
        Viscous  : ( 0.001164638037 -0.002291326397 -0.02223681913 )


liftDrag LD execute:
Viscous drag: 0.003806301768, pressure drag: 0.06609686793, porous drag: 0
Viscous lift: 0.000199352425, pressure lift: -0.7947550684, porous lift: 0
Total lift: -0.7945557159, Front lift: -0.2754910273, Rear lift: -0.5190646887, Drag: 0.0699031697
Location of Center of Mass: ( 0.1593065081 0.4851454654 -0.003834401379 )
Location of Center Of Pressure: ( 0.1536577042 0.4851454654 -0.004331370045 )


yPlus yPlus execute:
    patch Bottom y+ : min = 71.67645202, max = 708.5868134, average = 309.187302
    patch Top y+ : min = 46.82686824, max = 698.0010289, average = 346.514923
    patch e423_0 y+ : min = 127.5227082, max = 860.2252666, average = 388.5122715


################################################################################

Time = 58

Outer Loop Iteration = 58
smoothSolver:  Solving for Ux, Initial residual = 0.009276804088, Final residual = 0.0001087124892, No Iterations 2
smoothSolver:  Solving for Uz, Initial residual = 0.01015756104, Final residual = 0.0001952639026, No Iterations 2
GAMG:  Solving for p, Initial residual = 0.009625804207, Final residual = 7.476129887e-05, No Iterations 3
GAMG:  Solving for p, Initial residual = 0.0008030501723, Final residual = 3.551522561e-06, No Iterations 3
GAMG:  Solving for p, Initial residual = 0.0001134034446, Final residual = 4.300748305e-07, No Iterations 3
time step continuity errors (region0): sum local = 4.764417398e-08, global = 3.957884421e-09, cumulative = -1.479987165e-07
smoothSolver:  Solving for omega, Initial residual = 0.0006870012487, Final residual = 5.10780105e-05, No Iterations 1
smoothSolver:  Solving for k, Initial residual = 0.00967453023, Final residual = 0.0007713874002, No Iterations 1

ExecutionTime = 0.92 s  ExecutionStepTime = 0.01 s  ClockTime = 1 s

forces FR write:
    Sum of forces
        Total    : ( 0.8398062813 0 -9.594954978 )
        Pressure : ( 0.7939434942 0 -9.597350094 )
        Viscous  : ( 0.04586278712 0 0.002395115744 )
    Sum of moments
        Total    : ( -4.654948898 1.469727833 -0.4074282092 )
        Pressure : ( -4.656110878 1.472023121 -0.385178086 )
        Viscous  : ( 0.001161979542 -0.002295287675 -0.0222501232 )


liftDrag LD execute:
Viscous drag: 0.00380857904, pressure drag: 0.06593137359, porous drag: 0
Viscous lift: 0.0001988973674, pressure lift: -0.7969918251, porous lift: 0
Total lift: -0.7967929278, Front lift: -0.2763459961, Rear lift: -0.5204469316, Drag: 0.06973995263
Location of Center of Mass: ( 0.1593065081 0.4851454654 -0.003834401379 )
Location of Center Of Pressure: ( 0.1535568037 0.4851454654 -0.004337648956 )


yPlus yPlus execute:
    patch Bottom y+ : min = 71.09867024, max = 724.158771, average = 310.0031982
    patch Top y+ : min = 46.68692797, max = 717.9423315, average = 348.1702439
    patch e423_0 y+ : min = 127.8685054, max = 860.8010893, average = 388.521832


################################################################################

Time = 59

Outer Loop Iteration = 59
smoothSolver:  Solving for Ux, Initial residual = 0.009102881606, Final residual = 0.0001007186026, No Iterations 2
smoothSolver:  Solving for Uz, Initial residual = 0.009850520253, Final residual = 0.0001856628354, No Iterations 2
GAMG:  Solving for p, Initial residual = 0.00928834416, Final residual = 7.092505921e-05, No Iterations 3
GAMG:  Solving for p, Initial residual = 0.0008513190584, Final residual = 3.524775886e-06, No Iterations 3
GAMG:  Solving for p, Initial residual = 0.0001200946431, Final residual = 4.777433328e-07, No Iterations 3
time step continuity errors (region0): sum local = 5.309234256e-08, global = 9.375683871e-09, cumulative = -1.386230327e-07
smoothSolver:  Solving for omega, Initial residual = 0.0006567331257, Final residual = 4.816658221e-05, No Iterations 1
smoothSolver:  Solving for k, Initial residual = 0.009615958924, Final residual = 0.0007580824823, No Iterations 1

ExecutionTime = 0.94 s  ExecutionStepTime = 0.02 s  ClockTime = 1 s

forces FR write:
    Sum of forces
        Total    : ( 0.8378424448 0 -9.620548993 )
        Pressure : ( 0.7919540685 0 -9.622938229 )
        Viscous  : ( 0.04588837625 0 0.002389235292 )
    Sum of moments
        Total    : ( -4.667365718 1.47271157 -0.4064754628 )
        Pressure : ( -4.668524845 1.475010514 -0.3842129251 )
        Viscous  : ( 0.001159126668 -0.002298944194 -0.02226253765 )


liftDrag LD execute:
Viscous drag: 0.003810704036, pressure drag: 0.0657661659, porous drag: 0
Viscous lift: 0.0001984090377, pressure lift: -0.7991167381, porous lift: 0
Total lift: -0.7989183291, Front lift: -0.2771609186, Rear lift: -0.5217574105, Drag: 0.06957686994
Location of Center of Mass: ( 0.1593065081 0.4851454654 -0.003834401379 )
Location of Center Of Pressure: ( 0.1534580757 0.4851454654 -0.004343734569 )


yPlus yPlus execute:
    patch Bottom y+ : min = 70.37715721, max = 736.1928036, average = 309.6833618
    patch Top y+ : min = 46.94616662, max = 735.1015859, average = 349.249018
    patch e423_0 y+ : min = 128.1888313, max = 861.357899, average = 388.5257439


################################################################################

Time = 60

Outer Loop Iteration = 60
smoothSolver:  Solving for Ux, Initial residual = 0.008985750715, Final residual = 9.352047575e-05, No Iterations 2
smoothSolver:  Solving for Uz, Initial residual = 0.009539224445, Final residual = 0.0001757055666, No Iterations 2
GAMG:  Solving for p, Initial residual = 0.008664199124, Final residual = 6.640163537e-05, No Iterations 3
GAMG:  Solving for p, Initial residual = 0.0008147330524, Final residual = 3.461988567e-06, No Iterations 3
GAMG:  Solving for p, Initial residual = 0.0001118277069, Final residual = 4.092707834e-07, No Iterations 3
time step continuity errors (region0): sum local = 4.552680148e-08, global = 6.594812251e-09, cumulative = -1.320282204e-07
smoothSolver:  Solving for omega, Initial residual = 0.0006278043807, Final residual = 4.53646009e-05, No Iterations 1
smoothSolver:  Solving for k, Initial residual = 0.009555855536, Final residual = 0.0007454630442, No Iterations 1

ExecutionTime = 0.95 s  ExecutionStepTime = 0.01 s  ClockTime = 1 s

forces FR write:
    Sum of forces
        Total    : ( 0.8358724011 0 -9.644806586 )
        Pressure : ( 0.7899600998 0 -9.647189627 )
        Viscous  : ( 0.0459123013 0 0.002383040699 )
    Sum of moments
        Total    : ( -4.67913418 1.475500221 -0.405519705 )
        Pressure : ( -4.680290301 1.477802541 -0.3832455602 )
        Viscous  : ( 0.001156121389 -0.002302320131 -0.02227414478 )


liftDrag LD execute:
Viscous drag: 0.003812690841, pressure drag: 0.06560058094, porous drag: 0
Viscous lift: 0.0001978946207, pressure lift: -0.8011306447, porous lift: 0
Total lift: -0.8009327501, Front lift: -0.2779365514, Rear lift: -0.5229961986, Drag: 0.06941327178
Location of Center of Mass: ( 0.1593065081 0.4851454654 -0.003834401379 )
Location of Center Of Pressure: ( 0.1533608774 0.4851454654 -0.004349682687 )


yPlus yPlus execute:
    patch Bottom y+ : min = 69.43420146, max = 744.3307515, average = 308.3227249
    patch Top y+ : min = 47.78843412, max = 749.1361531, average = 349.6741406
    patch e423_0 y+ : min = 127.5692216, max = 861.8960433, average = 388.5248962


################################################################################

Time = 61

Outer Loop Iteration = 61
smoothSolver:  Solving for Ux, Initial residual = 0.008889232695, Final residual = 8.764903321e-05, No Iterations 2
smoothSolver:  Solving for Uz, Initial residual = 0.009244664615, Final residual = 0.0001660747795, No Iterations 2
GAMG:  Solving for p, Initial residual = 0.00811237274, Final residual = 6.209698276e-05, No Iterations 3
GAMG:  Solving for p, Initial residual = 0.0008063954117, Final residual = 3.441301482e-06, No Iterations 3
GAMG:  Solving for p, Initial residual = 0.0001081059743, Final residual = 3.798696249e-07, No Iterations 3
time step continuity errors (region0): sum local = 4.229842509e-08, global = 7.402322538e-09, cumulative = -1.246258979e-07
smoothSolver:  Solving for omega, Initial residual = 0.0006007358578, Final residual = 4.270552332e-05, No Iterations 1
smoothSolver:  Solving for k, Initial residual = 0.009493736168, Final residual = 0.0007334452106, No Iterations 1

ExecutionTime = 0.96 s  ExecutionStepTime = 0.01 s  ClockTime = 1 s

forces FR write:
    Sum of forces
        Total    : ( 0.8338469943 0 -9.66777086 )
        Pressure : ( 0.7879123822 0 -9.670147545 )
        Viscous  : ( 0.04593461206 0 0.002376684836 )
    Sum of moments
        Total    : ( -4.690275193 1.47809814 -0.4045370881 )
        Pressure : ( -4.691428231 1.480403583 -0.3822521193 )
        Viscous  : ( 0.001153037871 -0.002305442641 -0.02228496875 )


liftDrag LD execute:
Viscous drag: 0.003814543592, pressure drag: 0.06543053253, porous drag: 0
Viscous lift: 0.0001973668113, pressure lift: -0.8030371369, porous lift: 0
Total lift: -0.8028397701, Front lift: -0.2786743227, Rear lift: -0.5241654474, Drag: 0.06924507612
Location of Center of Mass: ( 0.1593065081 0.4851454654 -0.003834401379 )
Location of Center Of Pressure: ( 0.153264902 0.4851454654 -0.004355491001 )


yPlus yPlus execute:
    patch Bottom y+ : min = 68.35606705, max = 744.5655706, average = 306.9822821
    patch Top y+ : min = 48.85321035, max = 759.2431325, average = 349.4337465
    patch e423_0 y+ : min = 126.8061445, max = 862.4153374, average = 388.5196523


################################################################################

Time = 62

Outer Loop Iteration = 62
smoothSolver:  Solving for Ux, Initial residual = 0.00878387302, Final residual = 8.273528611e-05, No Iterations 2
smoothSolver:  Solving for Uz, Initial residual = 0.008966300937, Final residual = 0.0001574622523, No Iterations 2
GAMG:  Solving for p, Initial residual = 0.007643120698, Final residual = 5.937326116e-05, No Iterations 3
GAMG:  Solving for p, Initial residual = 0.0008135537695, Final residual = 3.618319586e-06, No Iterations 3
GAMG:  Solving for p, Initial residual = 0.0001058696668, Final residual = 3.946439207e-07, No Iterations 3
time step continuity errors (region0): sum local = 4.399741758e-08, global = 1.170201496e-08, cumulative = -1.129238829e-07
smoothSolver:  Solving for omega, Initial residual = 0.0005751636687, Final residual = 4.028194519e-05, No Iterations 1
smoothSolver:  Solving for k, Initial residual = 0.009428361073, Final residual = 0.0007220912268, No Iterations 1

ExecutionTime = 0.97 s  ExecutionStepTime = 0.01 s  ClockTime = 1 s

forces FR write:
    Sum of forces
        Total    : ( 0.8318460678 0 -9.689392561 )
        Pressure : ( 0.7858905092 0 -9.69176275 )
        Viscous  : ( 0.04595555857 0 0.002370189011 )
    Sum of moments
        Total    : ( -4.700764863 1.480508412 -0.4035663477 )
        Pressure : ( -4.701914749 1.482816747 -0.3812712168 )
        Viscous  : ( 0.001149886451 -0.002308334709 -0.02229513085 )


liftDrag LD execute:
Viscous drag: 0.003816283051, pressure drag: 0.06526263032, porous drag: 0
Viscous lift: 0.0001968273792, pressure lift: -0.8048321263, porous lift: 0
Total lift: -0.8046352989, Front lift: -0.2793719311, Rear lift: -0.5252633678, Drag: 0.06907891337
Location of Center of Mass: ( 0.1593065081 0.4851454654 -0.003834401379 )
Location of Center Of Pressure: ( 0.1531712319 0.4851454654 -0.004361122261 )


yPlus yPlus execute:
    patch Bottom y+ : min = 67.05613911, max = 742.5454571, average = 305.5474526
    patch Top y+ : min = 50.1556136, max = 766.0257765, average = 348.624137
    patch e423_0 y+ : min = 126.0761144, max = 862.9199686, average = 388.5115185


################################################################################

Time = 63

Outer Loop Iteration = 63
smoothSolver:  Solving for Ux, Initial residual = 0.008641007479, Final residual = 7.841829578e-05, No Iterations 2
smoothSolver:  Solving for Uz, Initial residual = 0.00874706662, Final residual = 0.0001502957605, No Iterations 2
GAMG:  Solving for p, Initial residual = 0.007278021797, Final residual = 5.640818364e-05, No Iterations 3
GAMG:  Solving for p, Initial residual = 0.0008025048407, Final residual = 3.643017005e-06, No Iterations 3
GAMG:  Solving for p, Initial residual = 9.615553395e-05, Final residual = 3.706835611e-07, No Iterations 3
time step continuity errors (region0): sum local = 4.135451116e-08, global = 8.959303962e-09, cumulative = -1.039645789e-07
smoothSolver:  Solving for omega, Initial residual = 0.0005507156748, Final residual = 3.81357143e-05, No Iterations 1
smoothSolver:  Solving for k, Initial residual = 0.009362302173, Final residual = 0.0007116028681, No Iterations 1

ExecutionTime = 0.98 s  ExecutionStepTime = 0.01 s  ClockTime = 1 s

forces FR write:
    Sum of forces
        Total    : ( 0.8298877274 0 -9.709750791 )
        Pressure : ( 0.7839123404 0 -9.712114447 )
        Viscous  : ( 0.04597538698 0 0.002363655425 )
    Sum of moments
        Total    : ( -4.710641566 1.482742035 -0.4026162677 )
        Pressure : ( -4.711788283 1.485053055 -0.3803115172 )
        Viscous  : ( 0.001146716711 -0.002311020079 -0.02230475051 )


liftDrag LD execute:
Viscous drag: 0.00381792966, pressure drag: 0.06509835744, porous drag: 0
Viscous lift: 0.0001962848112, pressure lift: -0.8065221903, porous lift: 0
Total lift: -0.8063259055, Front lift: -0.2800317479, Rear lift: -0.5262941576, Drag: 0.0689162871
Location of Center of Mass: ( 0.1593065081 0.4851454654 -0.003834401379 )
Location of Center Of Pressure: ( 0.1530797089 0.4851454654 -0.004366602906 )


yPlus yPlus execute:
    patch Bottom y+ : min = 65.48775474, max = 738.2146614, average = 303.8028015
    patch Top y+ : min = 51.69812306, max = 769.9734983, average = 347.2786069
    patch e423_0 y+ : min = 125.3800462, max = 863.4083857, average = 388.5018365


################################################################################

Time = 64

Outer Loop Iteration = 64
smoothSolver:  Solving for Ux, Initial residual = 0.008442474783, Final residual = 7.47496839e-05, No Iterations 2
smoothSolver:  Solving for Uz, Initial residual = 0.008558973999, Final residual = 0.0001440440261, No Iterations 2
GAMG:  Solving for p, Initial residual = 0.007004834852, Final residual = 5.386673602e-05, No Iterations 3
GAMG:  Solving for p, Initial residual = 0.000809729305, Final residual = 3.708540153e-06, No Iterations 3
GAMG:  Solving for p, Initial residual = 0.0001044719294, Final residual = 3.67394889e-07, No Iterations 3
time step continuity errors (region0): sum local = 4.097581745e-08, global = 8.998345444e-09, cumulative = -9.496623349e-08
smoothSolver:  Solving for omega, Initial residual = 0.0005273501683, Final residual = 3.62391548e-05, No Iterations 1
smoothSolver:  Solving for k, Initial residual = 0.009295696036, Final residual = 0.0007018209956, No Iterations 1

ExecutionTime = 0.98 s  ExecutionStepTime = 0 s  ClockTime = 1 s

forces FR write:
    Sum of forces
        Total    : ( 0.8279492515 0 -9.728766833 )
        Pressure : ( 0.7819549484 0 -9.731124021 )
        Viscous  : ( 0.0459943031 0 0.002357188474 )
    Sum of moments
        Total    : ( -4.719867112 1.484787517 -0.4016758249 )
        Pressure : ( -4.721010692 1.487101041 -0.3793618973 )
        Viscous  : ( 0.001143579299 -0.002313523908 -0.02231392758 )


liftDrag LD execute:
Viscous drag: 0.003819500509, pressure drag: 0.06493580992, porous drag: 0
Viscous lift: 0.0001957477768, pressure lift: -0.8081008005, porous lift: 0
Total lift: -0.8079050528, Front lift: -0.2806514588, Rear lift: -0.527253594, Drag: 0.06875531043
Location of Center of Mass: ( 0.1593065081 0.4851454654 -0.003834401379 )
Location of Center Of Pressure: ( 0.1529903303 0.4851454654 -0.004371928357 )


yPlus yPlus execute:
    patch Bottom y+ : min = 63.8462529, max = 731.2082934, average = 301.4448368
    patch Top y+ : min = 53.45613975, max = 771.0513751, average = 345.3950918
    patch e423_0 y+ : min = 124.7199416, max = 863.8816121, average = 388.4916347


################################################################################

Time = 65

Outer Loop Iteration = 65
smoothSolver:  Solving for Ux, Initial residual = 0.008206678675, Final residual = 7.171834603e-05, No Iterations 2
smoothSolver:  Solving for Uz, Initial residual = 0.008396209949, Final residual = 0.0001383461817, No Iterations 2
GAMG:  Solving for p, Initial residual = 0.006789533883, Final residual = 5.244876578e-05, No Iterations 3
GAMG:  Solving for p, Initial residual = 0.0008224623913, Final residual = 3.870860476e-06, No Iterations 3
GAMG:  Solving for p, Initial residual = 0.0001065763967, Final residual = 4.053260464e-07, No Iterations 3
time step continuity errors (region0): sum local = 4.515541639e-08, global = 9.409041962e-09, cumulative = -8.555719153e-08
smoothSolver:  Solving for omega, Initial residual = 0.0005053217775, Final residual = 3.44523295e-05, No Iterations 1
smoothSolver:  Solving for k, Initial residual = 0.009226516086, Final residual = 0.0006924717677, No Iterations 1

ExecutionTime = 1 s  ExecutionStepTime = 0.02 s  ClockTime = 1 s

forces FR write:
    Sum of forces
        Total    : ( 0.8260462395 0 -9.746479276 )
        Pressure : ( 0.7800337655 0 -9.748830154 )
        Viscous  : ( 0.04601247395 0 0.002350877607 )
    Sum of moments
        Total    : ( -4.728460224 1.486657617 -0.4007525873 )
        Pressure : ( -4.729600742 1.488973485 -0.3784298442 )
        Viscous  : ( 0.001140517611 -0.002315867801 -0.02232274309 )


liftDrag LD execute:
Viscous drag: 0.003821009469, pressure drag: 0.06477626932, porous drag: 0
Viscous lift: 0.0001952237041, pressure lift: -0.8095711692, porous lift: 0
Total lift: -0.8093759455, Front lift: -0.2812316066, Rear lift: -0.5281443389, Drag: 0.06859727879
Location of Center of Mass: ( 0.1593065081 0.4851454654 -0.003834401379 )
Location of Center Of Pressure: ( 0.1529037538 0.4851454654 -0.004377055903 )


yPlus yPlus execute:
    patch Bottom y+ : min = 59.96009343, max = 721.95805, average = 298.3831198
    patch Top y+ : min = 59.04557907, max = 769.0822349, average = 343.1281892
    patch e423_0 y+ : min = 124.0972839, max = 864.3411122, average = 388.4819559


################################################################################

Time = 66

Outer Loop Iteration = 66
smoothSolver:  Solving for Ux, Initial residual = 0.007924076529, Final residual = 6.935390537e-05, No Iterations 2
smoothSolver:  Solving for Uz, Initial residual = 0.008245521003, Final residual = 0.0001328504278, No Iterations 2
GAMG:  Solving for p, Initial residual = 0.006693675038, Final residual = 5.222823736e-05, No Iterations 3
GAMG:  Solving for p, Initial residual = 0.0007917509471, Final residual = 3.910983768e-06, No Iterations 3
GAMG:  Solving for p, Initial residual = 0.0001097483052, Final residual = 4.20829942e-07, No Iterations 3
time step continuity errors (region0): sum local = 4.677677525e-08, global = 1.060759875e-08, cumulative = -7.494959278e-08
smoothSolver:  Solving for omega, Initial residual = 0.0004844964624, Final residual = 3.275572381e-05, No Iterations 1
smoothSolver:  Solving for k, Initial residual = 0.009153535846, Final residual = 0.0006834010223, No Iterations 1

ExecutionTime = 1.01 s  ExecutionStepTime = 0.01 s  ClockTime = 1 s

forces FR write:
    Sum of forces
        Total    : ( 0.8241910219 0 -9.762897103 )
        Pressure : ( 0.7781608971 0 -9.765241918 )
        Viscous  : ( 0.04603012479 0 0.002344814888 )
    Sum of moments
        Total    : ( -4.736425258 1.488355692 -0.3998525369 )
        Pressure : ( -4.737562835 1.490673766 -0.3775212306 )
        Viscous  : ( 0.00113757631 -0.002318074216 -0.02233130631 )


liftDrag LD execute:
Viscous drag: 0.003822475246, pressure drag: 0.06462074089, porous drag: 0
Viscous lift: 0.0001947202382, pressure lift: -0.8109340498, porous lift: 0
Total lift: -0.8107393296, Front lift: -0.2817722855, Rear lift: -0.528967044, Drag: 0.06844321613
Location of Center of Mass: ( 0.1593065081 0.4851454654 -0.003834401379 )
Location of Center Of Pressure: ( 0.1528201383 0.4851454654 -0.004381985535 )


yPlus yPlus execute:
    patch Bottom y+ : min = 51.29688434, max = 710.561064, average = 294.4255518
    patch Top y+ : min = 60.25938187, max = 764.2154256, average = 340.355538
    patch e423_0 y+ : min = 123.5134181, max = 864.7875803, average = 388.47382


################################################################################

Time = 67

Outer Loop Iteration = 67
smoothSolver:  Solving for Ux, Initial residual = 0.007621017701, Final residual = 6.741871925e-05, No Iterations 2
smoothSolver:  Solving for Uz, Initial residual = 0.008085594759, Final residual = 0.0001266606138, No Iterations 2
GAMG:  Solving for p, Initial residual = 0.006608810372, Final residual = 5.418627799e-05, No Iterations 3
GAMG:  Solving for p, Initial residual = 0.0007111533713, Final residual = 3.796402499e-06, No Iterations 3
GAMG:  Solving for p, Initial residual = 8.634594118e-05, Final residual = 3.904111787e-07, No Iterations 3
time step continuity errors (region0): sum local = 4.321519066e-08, global = 5.063734514e-09, cumulative = -6.988585826e-08
smoothSolver:  Solving for omega, Initial residual = 0.0004641937199, Final residual = 3.122121057e-05, No Iterations 1
smoothSolver:  Solving for k, Initial residual = 0.00907436665, Final residual = 0.0006742825002, No Iterations 1

ExecutionTime = 1.02 s  ExecutionStepTime = 0.01 s  ClockTime = 1 s

forces FR write:
    Sum of forces
        Total    : ( 0.8223945714 0 -9.778014003 )
        Pressure : ( 0.7763470789 0 -9.78035309 )
        Viscous  : ( 0.04604749246 0 0.002339087257 )
    Sum of moments
        Total    : ( -4.743759154 1.489881586 -0.398980997 )
        Pressure : ( -4.744893951 1.492201751 -0.3766412649 )
        Viscous  : ( 0.001134797576 -0.002320165141 -0.02233973216 )


liftDrag LD execute:
Viscous drag: 0.003823917508, pressure drag: 0.06447011616, porous drag: 0
Viscous lift: 0.0001942445992, pressure lift: -0.8121889254, porous lift: 0
Total lift: -0.8119946808, Front lift: -0.2822732465, Rear lift: -0.5297214343, Drag: 0.06829403366
Location of Center of Mass: ( 0.1593065081 0.4851454654 -0.003834401379 )
Location of Center Of Pressure: ( 0.1527395243 0.4851454654 -0.004386727428 )


yPlus yPlus execute:
    patch Bottom y+ : min = 36.76167612, max = 697.3142008, average = 289.7721787
    patch Top y+ : min = 62.13966978, max = 756.9245996, average = 337.2872465
    patch e423_0 y+ : min = 122.9694357, max = 865.2216149, average = 388.4682642


################################################################################

Time = 68

Outer Loop Iteration = 68
smoothSolver:  Solving for Ux, Initial residual = 0.007336307643, Final residual = 6.605641594e-05, No Iterations 2
smoothSolver:  Solving for Uz, Initial residual = 0.007921993856, Final residual = 0.0001207132966, No Iterations 2
GAMG:  Solving for p, Initial residual = 0.006356352691, Final residual = 5.539503933e-05, No Iterations 3
GAMG:  Solving for p, Initial residual = 0.0006691049048, Final residual = 3.784771345e-06, No Iterations 3
GAMG:  Solving for p, Initial residual = 8.324268852e-05, Final residual = 4.151569541e-07, No Iterations 3
time step continuity errors (region0): sum local = 4.569616878e-08, global = 2.264498174e-09, cumulative = -6.762136009e-08
smoothSolver:  Solving for omega, Initial residual = 0.0004445291173, Final residual = 3.002145174e-05, No Iterations 1
smoothSolver:  Solving for k, Initial residual = 0.008988985198, Final residual = 0.0006650187385, No Iterations 1

ExecutionTime = 1.03 s  ExecutionStepTime = 0.01 s  ClockTime = 1 s

forces FR write:
    Sum of forces
        Total    : ( 0.8206723451 0 -9.791879313 )
        Pressure : ( 0.7746075452 0 -9.794213091 )
        Viscous  : ( 0.0460647999 0 0.002333777505 )
    Sum of moments
        Total    : ( -4.750485846 1.491246208 -0.3981454668 )
        Pressure : ( -4.751618068 1.49356837 -0.375797338 )
        Viscous  : ( 0.001132221574 -0.002322162074 -0.02234812878 )


liftDrag LD execute:
Viscous drag: 0.003825354768, pressure drag: 0.06432566022, porous drag: 0
Viscous lift: 0.000193803662, pressure lift: -0.8133399001, porous lift: 0
Total lift: -0.8131460964, Front lift: -0.2827356321, Rear lift: -0.5304104643, Drag: 0.06815101499
Location of Center of Mass: ( 0.1593065081 0.4851454654 -0.003834401379 )
Location of Center Of Pressure: ( 0.1526622167 0.4851454654 -0.004391269579 )


yPlus yPlus execute:
    patch Bottom y+ : min = 53.42423755, max = 682.1281347, average = 286.5550015
    patch Top y+ : min = 63.77068756, max = 747.5075176, average = 333.9352639
    patch e423_0 y+ : min = 122.4657952, max = 865.645055, average = 388.4662573


################################################################################

Time = 69

Outer Loop Iteration = 69
smoothSolver:  Solving for Ux, Initial residual = 0.007012574323, Final residual = 6.542638508e-05, No Iterations 2
smoothSolver:  Solving for Uz, Initial residual = 0.007745523795, Final residual = 0.0001151011282, No Iterations 2
GAMG:  Solving for p, Initial residual = 0.006355089876, Final residual = 5.490382268e-05, No Iterations 3
GAMG:  Solving for p, Initial residual = 0.0006307457907, Final residual = 3.76765795e-06, No Iterations 3
GAMG:  Solving for p, Initial residual = 7.73236219e-05, Final residual = 3.643244454e-07, No Iterations 3
time step continuity errors (region0): sum local = 3.985597879e-08, global = 3.004540238e-09, cumulative = -6.461681985e-08
smoothSolver:  Solving for omega, Initial residual = 0.0004257086158, Final residual = 2.887667565e-05, No Iterations 1
smoothSolver:  Solving for k, Initial residual = 0.008898528736, Final residual = 0.0006555126206, No Iterations 1

ExecutionTime = 1.04 s  ExecutionStepTime = 0.01 s  ClockTime = 1 s

forces FR write:
    Sum of forces
        Total    : ( 0.819035154 0 -9.804601903 )
        Pressure : ( 0.7729529523 0 -9.806930868 )
        Viscous  : ( 0.04608220179 0 0.002328964595 )
    Sum of moments
        Total    : ( -4.756658153 1.492473236 -0.397351191 )
        Pressure : ( -4.75778804 1.49479732 -0.3749946197 )
        Viscous  : ( 0.001129886612 -0.002324084342 -0.02235657123 )


liftDrag LD execute:
Viscous drag: 0.003826799872, pressure drag: 0.06418825802, porous drag: 0
Viscous lift: 0.0001934039839, pressure lift: -0.8143960212, porous lift: 0
Total lift: -0.8142026173, Front lift: -0.2831619966, Rear lift: -0.5310406207, Drag: 0.06801505789
Location of Center of Mass: ( 0.1593065081 0.4851454654 -0.003834401379 )
Location of Center Of Pressure: ( 0.1525888935 0.4851454654 -0.004395562609 )


yPlus yPlus execute:
    patch Bottom y+ : min = 51.19932039, max = 665.5503499, average = 282.0183629
    patch Top y+ : min = 65.49133673, max = 736.2175264, average = 330.3652843
    patch e423_0 y+ : min = 122.0026507, max = 866.0596962, average = 388.468503


################################################################################

Time = 70

Outer Loop Iteration = 70
smoothSolver:  Solving for Ux, Initial residual = 0.006661361299, Final residual = 6.463733325e-05, No Iterations 2
smoothSolver:  Solving for Uz, Initial residual = 0.007528296127, Final residual = 0.0001095617394, No Iterations 2
GAMG:  Solving for p, Initial residual = 0.006428811911, Final residual = 5.310272341e-05, No Iterations 3
GAMG:  Solving for p, Initial residual = 0.0005881643678, Final residual = 3.595775756e-06, No Iterations 3
GAMG:  Solving for p, Initial residual = 7.363740578e-05, Final residual = 4.141034583e-07, No Iterations 3
time step continuity errors (region0): sum local = 4.502446266e-08, global = 5.378233163e-09, cumulative = -5.923858669e-08
smoothSolver:  Solving for omega, Initial residual = 0.0004076924607, Final residual = 2.779989242e-05, No Iterations 1
smoothSolver:  Solving for k, Initial residual = 0.008801951619, Final residual = 0.0006454930865, No Iterations 1

ExecutionTime = 1.05 s  ExecutionStepTime = 0.01 s  ClockTime = 1 s

forces FR write:
    Sum of forces
        Total    : ( 0.8174930638 0 -9.816164449 )
        Pressure : ( 0.7713932446 0 -9.818489159 )
        Viscous  : ( 0.04609981929 0 0.002324710269 )
    Sum of moments
        Total    : ( -4.762267669 1.493562617 -0.3966030529 )
        Pressure : ( -4.763395492 1.495888566 -0.3742379346 )
        Viscous  : ( 0.001127822645 -0.002325949101 -0.02236511828 )


liftDrag LD execute:
Viscous drag: 0.00382826288, pressure drag: 0.06405873536, porous drag: 0
Viscous lift: 0.0001930506923, pressure lift: -0.8153558553, porous lift: 0
Total lift: -0.8151628046, Front lift: -0.2835516249, Rear lift: -0.5316111797, Drag: 0.06788699824
Location of Center of Mass: ( 0.1593065081 0.4851454654 -0.003834401379 )
Location of Center Of Pressure: ( 0.1525197819 0.4851454654 -0.00439960193 )


yPlus yPlus execute:
    patch Bottom y+ : min = 49.31581339, max = 647.7509619, average = 277.0888757
    patch Top y+ : min = 67.32548, max = 721.624785, average = 326.6430702
    patch e423_0 y+ : min = 121.5811937, max = 866.4633023, average = 388.4754841


################################################################################

Time = 71

Outer Loop Iteration = 71
smoothSolver:  Solving for Ux, Initial residual = 0.006274563168, Final residual = 6.398637134e-05, No Iterations 2
smoothSolver:  Solving for Uz, Initial residual = 0.007251198144, Final residual = 0.0001045990572, No Iterations 2
GAMG:  Solving for p, Initial residual = 0.006553805641, Final residual = 5.142454067e-05, No Iterations 3
GAMG:  Solving for p, Initial residual = 0.0005953052863, Final residual = 3.336732884e-06, No Iterations 3
GAMG:  Solving for p, Initial residual = 8.44043961e-05, Final residual = 3.795852559e-07, No Iterations 3
time step continuity errors (region0): sum local = 4.103473461e-08, global = 2.8789618e-09, cumulative = -5.635962489e-08
smoothSolver:  Solving for omega, Initial residual = 0.0003903051003, Final residual = 2.686388805e-05, No Iterations 1
smoothSolver:  Solving for k, Initial residual = 0.008701173606, Final residual = 0.00063493977, No Iterations 1

ExecutionTime = 1.06 s  ExecutionStepTime = 0.01 s  ClockTime = 1 s

forces FR write:
    Sum of forces
        Total    : ( 0.8160665518 0 -9.826614074 )
        Pressure : ( 0.7699487557 0 -9.828935128 )
        Viscous  : ( 0.04611779609 0 0.002321053673 )
    Sum of moments
        Total    : ( -4.767337258 1.494519681 -0.395910987 )
        Pressure : ( -4.768463306 1.496847454 -0.3735371474 )
        Viscous  : ( 0.001126048664 -0.002327772986 -0.02237383964 )


liftDrag LD execute:
Viscous drag: 0.003829755726, pressure drag: 0.06393878081, porous drag: 0
Viscous lift: 0.000192747038, pressure lift: -0.8162233189, porous lift: 0
Total lift: -0.8160305718, Front lift: -0.2839060311, Rear lift: -0.5321245407, Drag: 0.06776853654
Location of Center of Mass: ( 0.1593065081 0.4851454654 -0.003834401379 )
Location of Center Of Pressure: ( 0.1524546661 0.4851454654 -0.004403423322 )


yPlus yPlus execute:
    patch Bottom y+ : min = 46.23295622, max = 629.6822399, average = 271.7614962
    patch Top y+ : min = 69.0459084, max = 704.6171841, average = 322.7042636
    patch e423_0 y+ : min = 121.20222, max = 866.8563823, average = 388.4875504


################################################################################

Time = 72

Outer Loop Iteration = 72
smoothSolver:  Solving for Ux, Initial residual = 0.00587801673, Final residual = 6.378852026e-05, No Iterations 2
smoothSolver:  Solving for Uz, Initial residual = 0.006962692553, Final residual = 0.0001001140077, No Iterations 2
GAMG:  Solving for p, Initial residual = 0.006490014651, Final residual = 4.869113326e-05, No Iterations 3
GAMG:  Solving for p, Initial residual = 0.0005583764448, Final residual = 3.184843573e-06, No Iterations 3
GAMG:  Solving for p, Initial residual = 7.607881619e-05, Final residual = 3.578008879e-07, No Iterations 3
time step continuity errors (region0): sum local = 3.8458875e-08, global = 1.407369309e-09, cumulative = -5.495225558e-08
smoothSolver:  Solving for omega, Initial residual = 0.000373122864, Final residual = 2.585748065e-05, No Iterations 1
smoothSolver:  Solving for k, Initial residual = 0.008596617113, Final residual = 0.0006237705627, No Iterations 1

ExecutionTime = 1.07 s  ExecutionStepTime = 0.01 s  ClockTime = 1 s

forces FR write:
    Sum of forces
        Total    : ( 0.8147605813 0 -9.836027057 )
        Pressure : ( 0.7686245235 0 -9.838345077 )
        Viscous  : ( 0.0461360578 0 0.002318020361 )
    Sum of moments
        Total    : ( -4.771903924 1.495365869 -0.3952774014 )
        Pressure : ( -4.773028501 1.497695435 -0.3728947021 )
        Viscous  : ( 0.001124577067 -0.002329565433 -0.02238269923 )


liftDrag LD execute:
Viscous drag: 0.003831272231, pressure drag: 0.06382881272, porous drag: 0
Viscous lift: 0.0001924951429, pressure lift: -0.8170047484, porous lift: 0
Total lift: -0.8168122533, Front lift: -0.2842266019, Rear lift: -0.5325856514, Drag: 0.06766008496
Location of Center of Mass: ( 0.1593065081 0.4851454654 -0.003834401379 )
Location of Center Of Pressure: ( 0.1523945056 0.4851454654 -0.004406952382 )


yPlus yPlus execute:
    patch Bottom y+ : min = 29.0953595, max = 612.2533687, average = 265.9952562
    patch Top y+ : min = 70.30353083, max = 684.5446144, average = 318.4849352
    patch e423_0 y+ : min = 120.864366, max = 867.2376483, average = 388.5045241


################################################################################

Time = 73

Outer Loop Iteration = 73
smoothSolver:  Solving for Ux, Initial residual = 0.005538866925, Final residual = 6.335666397e-05, No Iterations 2
smoothSolver:  Solving for Uz, Initial residual = 0.006661702405, Final residual = 9.692055837e-05, No Iterations 2
GAMG:  Solving for p, Initial residual = 0.00628406616, Final residual = 4.592013766e-05, No Iterations 3
GAMG:  Solving for p, Initial residual = 0.0004973133911, Final residual = 2.953126273e-06, No Iterations 3
GAMG:  Solving for p, Initial residual = 6.607144566e-05, Final residual = 3.11538954e-07, No Iterations 3
time step continuity errors (region0): sum local = 3.329899847e-08, global = 2.031602505e-09, cumulative = -5.292065308e-08
smoothSolver:  Solving for omega, Initial residual = 0.0003568697412, Final residual = 2.4883202e-05, No Iterations 1
smoothSolver:  Solving for k, Initial residual = 0.00848771562, Final residual = 0.0006118851134, No Iterations 1

ExecutionTime = 1.08 s  ExecutionStepTime = 0.01 s  ClockTime = 1 s

forces FR write:
    Sum of forces
        Total    : ( 0.8135846778 0 -9.84459498 )
        Pressure : ( 0.7674300831 0 -9.84691059 )
        Viscous  : ( 0.04615459469 0 0.00231561016 )
    Sum of moments
        Total    : ( -4.776060613 1.496129742 -0.3947069171 )
        Pressure : ( -4.77718402 1.498461076 -0.3723152248 )
        Viscous  : ( 0.001123407768 -0.002331334387 -0.02239169232 )


liftDrag LD execute:
Viscous drag: 0.003832811588, pressure drag: 0.06372962293, porous drag: 0
Viscous lift: 0.0001922949928, pressure lift: -0.8177160535, porous lift: 0
Total lift: -0.8175237585, Front lift: -0.2845189203, Rear lift: -0.5330048381, Drag: 0.06756243452
Location of Center of Mass: ( 0.1593065081 0.4851454654 -0.003834401379 )
Location of Center Of Pressure: ( 0.1523392089 0.4851454654 -0.004410198335 )


yPlus yPlus execute:
    patch Bottom y+ : min = 24.7881548, max = 595.6476019, average = 261.6427259
    patch Top y+ : min = 71.37850082, max = 663.5161037, average = 314.1890122
    patch e423_0 y+ : min = 120.5673822, max = 867.6036783, average = 388.5262999


################################################################################

Time = 74

Outer Loop Iteration = 74
smoothSolver:  Solving for Ux, Initial residual = 0.005212445879, Final residual = 6.300346264e-05, No Iterations 2
smoothSolver:  Solving for Uz, Initial residual = 0.006348114973, Final residual = 9.605967112e-05, No Iterations 2
GAMG:  Solving for p, Initial residual = 0.006012245114, Final residual = 4.297020961e-05, No Iterations 3
GAMG:  Solving for p, Initial residual = 0.000490842257, Final residual = 2.706098762e-06, No Iterations 3
GAMG:  Solving for p, Initial residual = 7.646065273e-05, Final residual = 2.925783959e-07, No Iterations 3
time step continuity errors (region0): sum local = 3.110856883e-08, global = -6.4794215e-10, cumulative = -5.356859523e-08
smoothSolver:  Solving for omega, Initial residual = 0.0003410047464, Final residual = 2.382762931e-05, No Iterations 1
smoothSolver:  Solving for k, Initial residual = 0.008373053207, Final residual = 0.000599117295, No Iterations 1

ExecutionTime = 1.09 s  ExecutionStepTime = 0.01 s  ClockTime = 1 s

forces FR write:
    Sum of forces
        Total    : ( 0.8125470119 0 -9.852340004 )
        Pressure : ( 0.7663736215 0 -9.854653831 )
        Viscous  : ( 0.04617339042 0 0.002313827669 )
    Sum of moments
        Total    : ( -4.779818076 1.496813808 -0.3942034982 )
        Pressure : ( -4.780940619 1.499146895 -0.3718026872 )
        Viscous  : ( 0.001122543001 -0.002333086909 -0.02240081098 )


liftDrag LD execute:
Viscous drag: 0.003834372441, pressure drag: 0.06364189129, porous drag: 0
Viscous lift: 0.0001921469696, pressure lift: -0.8183590747, porous lift: 0
Total lift: -0.8181669278, Front lift: -0.2847836981, Rear lift: -0.5333832296, Drag: 0.06747626373
Location of Center of Mass: ( 0.1593065081 0.4851454654 -0.003834401379 )
Location of Center Of Pressure: ( 0.1522886668 0.4851454654 -0.004413180221 )


yPlus yPlus execute:
    patch Bottom y+ : min = 36.25093671, max = 579.3828776, average = 260.2466747
    patch Top y+ : min = 72.48874471, max = 644.7184224, average = 310.0986277
    patch e423_0 y+ : min = 120.3100265, max = 867.9572346, average = 388.5528909


################################################################################

Time = 75

Outer Loop Iteration = 75
smoothSolver:  Solving for Ux, Initial residual = 0.004894959099, Final residual = 6.251553329e-05, No Iterations 2
smoothSolver:  Solving for Uz, Initial residual = 0.006043020705, Final residual = 9.588031538e-05, No Iterations 2
GAMG:  Solving for p, Initial residual = 0.005868519672, Final residual = 4.082753126e-05, No Iterations 3
GAMG:  Solving for p, Initial residual = 0.0004768192659, Final residual = 2.598527723e-06, No Iterations 3
GAMG:  Solving for p, Initial residual = 7.232300986e-05, Final residual = 2.710959264e-07, No Iterations 3
time step continuity errors (region0): sum local = 2.868990199e-08, global = 9.496816272e-10, cumulative = -5.26189136e-08
smoothSolver:  Solving for omega, Initial residual = 0.0003258419658, Final residual = 2.290615014e-05, No Iterations 1
smoothSolver:  Solving for k, Initial residual = 0.008251410425, Final residual = 0.000585305551, No Iterations 1

ExecutionTime = 1.1 s  ExecutionStepTime = 0.01 s  ClockTime = 1 s

forces FR write:
    Sum of forces
        Total    : ( 0.8116599151 0 -9.859325858 )
        Pressure : ( 0.765467486 0 -9.861638529 )
        Viscous  : ( 0.04619242906 0 0.002312670776 )
    Sum of moments
        Total    : ( -4.783207231 1.497432407 -0.3937731272 )
        Pressure : ( -4.784329213 1.499767236 -0.3713630797 )
        Viscous  : ( 0.00112198174 -0.002334828764 -0.02241004749 )


liftDrag LD execute:
Viscous drag: 0.003835953464, pressure drag: 0.06356664316, porous drag: 0
Viscous lift: 0.0001920508979, pressure lift: -0.8189391043, porous lift: 0
Total lift: -0.8187470534, Front lift: -0.2850223906, Rear lift: -0.5337246628, Drag: 0.06740259663
Location of Center of Mass: ( 0.1593065081 0.4851454654 -0.003834401379 )
Location of Center Of Pressure: ( 0.1522433293 0.4851454654 -0.004415871065 )


yPlus yPlus execute:
    patch Bottom y+ : min = 24.74639924, max = 563.1864513, average = 257.6992308
    patch Top y+ : min = 73.52210193, max = 626.6900851, average = 306.1861905
    patch e423_0 y+ : min = 120.089759, max = 868.2988427, average = 388.5841836


################################################################################

Time = 76

Outer Loop Iteration = 76
smoothSolver:  Solving for Ux, Initial residual = 0.004592827945, Final residual = 6.168545571e-05, No Iterations 2
smoothSolver:  Solving for Uz, Initial residual = 0.00573643075, Final residual = 9.613532501e-05, No Iterations 2
GAMG:  Solving for p, Initial residual = 0.005676677702, Final residual = 3.8454927e-05, No Iterations 3
GAMG:  Solving for p, Initial residual = 0.0004323948368, Final residual = 2.382516224e-06, No Iterations 3
GAMG:  Solving for p, Initial residual = 6.534123123e-05, Final residual = 2.52474519e-07, No Iterations 3
time step continuity errors (region0): sum local = 2.660942081e-08, global = 1.092770131e-09, cumulative = -5.152614347e-08
smoothSolver:  Solving for omega, Initial residual = 0.000311308322, Final residual = 2.199288565e-05, No Iterations 1
smoothSolver:  Solving for k, Initial residual = 0.008123960322, Final residual = 0.0005705117122, No Iterations 1

ExecutionTime = 1.11 s  ExecutionStepTime = 0.01 s  ClockTime = 1 s

forces FR write:
    Sum of forces
        Total    : ( 0.8109254939 0 -9.865631144 )
        Pressure : ( 0.7647137967 0 -9.867943267 )
        Viscous  : ( 0.04621169721 0 0.002312122827 )
    Sum of moments
        Total    : ( -4.786266213 1.497996537 -0.3934168261 )
        Pressure : ( -4.787387928 1.500333101 -0.3709974307 )
        Viscous  : ( 0.001121715905 -0.002336563736 -0.02241939535 )


liftDrag LD execute:
Viscous drag: 0.003837553548, pressure drag: 0.06350405461, porous drag: 0
Viscous lift: 0.0001920053946, pressure lift: -0.8194626681, porous lift: 0
Total lift: -0.8192706627, Front lift: -0.2852373483, Rear lift: -0.5340333144, Drag: 0.06734160816
Location of Center of Mass: ( 0.1593065081 0.4851454654 -0.003834401379 )
Location of Center Of Pressure: ( 0.1522030788 0.4851454654 -0.004418282104 )


yPlus yPlus execute:
    patch Bottom y+ : min = 11.86401081, max = 547.5687185, average = 254.3396302
    patch Top y+ : min = 74.40822898, max = 608.8903768, average = 302.4379906
    patch e423_0 y+ : min = 119.9037634, max = 868.6287767, average = 388.6199644


################################################################################

Time = 77

Outer Loop Iteration = 77
smoothSolver:  Solving for Ux, Initial residual = 0.004311935275, Final residual = 6.069450523e-05, No Iterations 2
smoothSolver:  Solving for Uz, Initial residual = 0.005424198176, Final residual = 9.674926123e-05, No Iterations 2
GAMG:  Solving for p, Initial residual = 0.005474634254, Final residual = 3.501343632e-05, No Iterations 3
GAMG:  Solving for p, Initial residual = 0.0004125447316, Final residual = 2.152016914e-06, No Iterations 3
GAMG:  Solving for p, Initial residual = 6.522638707e-05, Final residual = 6.358478422e-07, No Iterations 2
time step continuity errors (region0): sum local = 6.675166415e-08, global = 1.419519153e-09, cumulative = -5.010662432e-08
smoothSolver:  Solving for omega, Initial residual = 0.0002975155008, Final residual = 2.107455947e-05, No Iterations 1
smoothSolver:  Solving for k, Initial residual = 0.007991865156, Final residual = 0.0005548316782, No Iterations 1

ExecutionTime = 1.12 s  ExecutionStepTime = 0.01 s  ClockTime = 1 s

forces FR write:
    Sum of forces
        Total    : ( 0.8103358741 0 -9.871352513 )
        Pressure : ( 0.7641047265 0 -9.873664679 )
        Viscous  : ( 0.04623114751 0 0.00231216612 )
    Sum of moments
        Total    : ( -4.789041908 1.498520598 -0.3931307747 )
        Pressure : ( -4.790163645 1.500858892 -0.3707019431 )
        Viscous  : ( 0.001121736908 -0.00233829464 -0.02242883157 )


liftDrag LD execute:
Viscous drag: 0.003839168757, pressure drag: 0.06345347566, porous drag: 0
Viscous lift: 0.0001920089897, pressure lift: -0.8199377907, porous lift: 0
Total lift: -0.8197457817, Front lift: -0.2854313883, Rear lift: -0.5343143934, Drag: 0.06729264442
Location of Center of Mass: ( 0.1593065081 0.4851454654 -0.003834401379 )
Location of Center Of Pressure: ( 0.1521678628 0.4851454654 -0.004420410271 )


yPlus yPlus execute:
    patch Bottom y+ : min = 6.119906027, max = 533.1067347, average = 251.2782197
    patch Top y+ : min = 75.21655489, max = 590.7268149, average = 298.888792
    patch e423_0 y+ : min = 119.7488141, max = 868.9466492, average = 388.6599275


################################################################################

Time = 78

Outer Loop Iteration = 78
smoothSolver:  Solving for Ux, Initial residual = 0.004049497541, Final residual = 5.930075588e-05, No Iterations 2
smoothSolver:  Solving for Uz, Initial residual = 0.005114604286, Final residual = 9.730130439e-05, No Iterations 2
GAMG:  Solving for p, Initial residual = 0.00519771663, Final residual = 3.278600784e-05, No Iterations 3
GAMG:  Solving for p, Initial residual = 0.0003751431591, Final residual = 2.069527134e-06, No Iterations 3
GAMG:  Solving for p, Initial residual = 5.64715208e-05, Final residual = 1.933935943e-07, No Iterations 3
time step continuity errors (region0): sum local = 2.023936251e-08, global = -2.665280636e-09, cumulative = -5.277190495e-08
smoothSolver:  Solving for omega, Initial residual = 0.0002841351964, Final residual = 2.024012773e-05, No Iterations 1
smoothSolver:  Solving for k, Initial residual = 0.007855556845, Final residual = 0.0005383407933, No Iterations 1

ExecutionTime = 1.14 s  ExecutionStepTime = 0.02 s  ClockTime = 1 s

forces FR write:
    Sum of forces
        Total    : ( 0.8098870414 0 -9.876564712 )
        Pressure : ( 0.7636363192 0 -9.878877483 )
        Viscous  : ( 0.04625072222 0 0.002312771389 )
    Sum of moments
        Total    : ( -4.791570583 1.499013517 -0.3929130256 )
        Pressure : ( -4.792692614 1.50135354 -0.3704746974 )
        Viscous  : ( 0.001122030552 -0.002340023168 -0.02243832815 )


liftDrag LD execute:
Viscous drag: 0.003840794298, pressure drag: 0.06341457775, porous drag: 0
Viscous lift: 0.0001920592531, pressure lift: -0.8203706772, porous lift: 0
Total lift: -0.8201786179, Front lift: -0.285606873, Rear lift: -0.5345717449, Drag: 0.06725537205
Location of Center of Mass: ( 0.1593065081 0.4851454654 -0.003834401379 )
Location of Center Of Pressure: ( 0.1521374185 0.4851454654 -0.004422273067 )


yPlus yPlus execute:
    patch Bottom y+ : min = 3.549196978, max = 519.523462, average = 248.1855631
    patch Top y+ : min = 75.95685955, max = 573.1267783, average = 295.4819811
    patch e423_0 y+ : min = 119.621922, max = 869.2520278, average = 388.7037566


################################################################################

Time = 79

Outer Loop Iteration = 79
smoothSolver:  Solving for Ux, Initial residual = 0.003839800263, Final residual = 5.766685939e-05, No Iterations 2
smoothSolver:  Solving for Uz, Initial residual = 0.004813047524, Final residual = 9.745723318e-05, No Iterations 2
GAMG:  Solving for p, Initial residual = 0.004862240218, Final residual = 3.032878955e-05, No Iterations 3
GAMG:  Solving for p, Initial residual = 0.0003334749674, Final residual = 1.758714841e-06, No Iterations 3
GAMG:  Solving for p, Initial residual = 4.968264359e-05, Final residual = 4.900366005e-07, No Iterations 2
time step continuity errors (region0): sum local = 5.11448509e-08, global = -9.87827402e-09, cumulative = -6.265017897e-08
smoothSolver:  Solving for omega, Initial residual = 0.000270835207, Final residual = 1.946170137e-05, No Iterations 1
smoothSolver:  Solving for k, Initial residual = 0.007713538321, Final residual = 0.000520996163, No Iterations 1

ExecutionTime = 1.15 s  ExecutionStepTime = 0.01 s  ClockTime = 1 s

forces FR write:
    Sum of forces
        Total    : ( 0.809569457 0 -9.881346839 )
        Pressure : ( 0.7632990845 0 -9.883660746 )
        Viscous  : ( 0.04627037246 0 0.002313906291 )
    Sum of moments
        Total    : ( -4.793890611 1.499484813 -0.3927589509 )
        Pressure : ( -4.795013192 1.501826563 -0.3703110896 )
        Viscous  : ( 0.001122581144 -0.002341750732 -0.02244786138 )


liftDrag LD execute:
Viscous drag: 0.00384242611, pressure drag: 0.06338657281, porous drag: 0
Viscous lift: 0.0001921534986, pressure lift: -0.8207678931, porous lift: 0
Total lift: -0.8205757396, Front lift: -0.2857662961, Rear lift: -0.5348094436, Drag: 0.06722899892
Location of Center of Mass: ( 0.1593065081 0.4851454654 -0.003834401379 )
Location of Center Of Pressure: ( 0.1521114761 0.4851454654 -0.004423883583 )


yPlus yPlus execute:
    patch Bottom y+ : min = 2.449202272, max = 506.4866658, average = 245.7026844
    patch Top y+ : min = 76.59509539, max = 556.8400213, average = 292.4451406
    patch e423_0 y+ : min = 119.5200035, max = 869.543839, average = 388.7511484


################################################################################

Time = 80

Outer Loop Iteration = 80
smoothSolver:  Solving for Ux, Initial residual = 0.003622235308, Final residual = 5.582857123e-05, No Iterations 2
smoothSolver:  Solving for Uz, Initial residual = 0.004523856116, Final residual = 9.67403824e-05, No Iterations 2
GAMG:  Solving for p, Initial residual = 0.004561064349, Final residual = 2.66746928e-05, No Iterations 3
GAMG:  Solving for p, Initial residual = 0.0002820967914, Final residual = 1.480616787e-06, No Iterations 3
GAMG:  Solving for p, Initial residual = 4.162815061e-05, Final residual = 1.433087952e-07, No Iterations 3
time step continuity errors (region0): sum local = 1.491926565e-08, global = 4.821702976e-10, cumulative = -6.216800867e-08
smoothSolver:  Solving for omega, Initial residual = 0.0002577873443, Final residual = 1.869084755e-05, No Iterations 1
smoothSolver:  Solving for k, Initial residual = 0.007562857516, Final residual = 0.0005026905157, No Iterations 1

ExecutionTime = 1.16 s  ExecutionStepTime = 0.01 s  ClockTime = 1 s

forces FR write:
    Sum of forces
        Total    : ( 0.8093757245 0 -9.885798352 )
        Pressure : ( 0.763085669 0 -9.888113886 )
        Viscous  : ( 0.04629005546 0 0.002315534018 )
    Sum of moments
        Total    : ( -4.796050242 1.499947064 -0.3926649625 )
        Pressure : ( -4.797173613 1.502290543 -0.370207552 )
        Viscous  : ( 0.001123370829 -0.002343478252 -0.0224574105 )


liftDrag LD execute:
Viscous drag: 0.003844060644, pressure drag: 0.06336885016, porous drag: 0
Viscous lift: 0.0001922886698, pressure lift: -0.8211376949, porous lift: 0
Total lift: -0.8209454062, Front lift: -0.2859127426, Rear lift: -0.5350326636, Drag: 0.06721291081
Location of Center of Mass: ( 0.1593065081 0.4851454654 -0.003834401379 )
Location of Center Of Pressure: ( 0.152089766 0.4851454654 -0.004425254604 )


yPlus yPlus execute:
    patch Bottom y+ : min = 1.092128795, max = 493.3946415, average = 244.9431392
    patch Top y+ : min = 77.1161271, max = 544.2258854, average = 289.859947
    patch e423_0 y+ : min = 119.4396812, max = 869.821223, average = 388.8018427


################################################################################

Time = 81

Outer Loop Iteration = 81
smoothSolver:  Solving for Ux, Initial residual = 0.003431757269, Final residual = 5.377570053e-05, No Iterations 2
smoothSolver:  Solving for Uz, Initial residual = 0.004244346405, Final residual = 9.51793901e-05, No Iterations 2
GAMG:  Solving for p, Initial residual = 0.004200916212, Final residual = 2.493797074e-05, No Iterations 3
GAMG:  Solving for p, Initial residual = 0.000373764095, Final residual = 1.398855644e-06, No Iterations 3
GAMG:  Solving for p, Initial residual = 7.804096468e-05, Final residual = 4.906318429e-07, No Iterations 2
time step continuity errors (region0): sum local = 5.093600996e-08, global = -4.570677809e-09, cumulative = -6.673868648e-08
smoothSolver:  Solving for omega, Initial residual = 0.0002450460362, Final residual = 1.795859508e-05, No Iterations 1
smoothSolver:  Solving for k, Initial residual = 0.007406954459, Final residual = 0.0004837391038, No Iterations 1

ExecutionTime = 1.18 s  ExecutionStepTime = 0.02 s  ClockTime = 1 s

forces FR write:
    Sum of forces
        Total    : ( 0.8092900374 0 -9.88998006 )
        Pressure : ( 0.7629803225 0 -9.892297672 )
        Viscous  : ( 0.04630971497 0 0.002317612433 )
    Sum of moments
        Total    : ( -4.798078979 1.500405668 -0.3926233918 )
        Pressure : ( -4.799203358 1.502750873 -0.3701564436 )
        Viscous  : ( 0.001124379163 -0.002345205637 -0.02246694822 )


liftDrag LD execute:
Viscous drag: 0.003845693227, pressure drag: 0.06336010188, porous drag: 0
Viscous lift: 0.0001924612674, pressure lift: -0.8214851286, porous lift: 0
Total lift: -0.8212926674, Front lift: -0.2860482894, Rear lift: -0.5352443779, Drag: 0.06720579511
Location of Center of Mass: ( 0.1593065081 0.4851454654 -0.003834401379 )
Location of Center Of Pressure: ( 0.1520718853 0.4851454654 -0.004426405415 )


yPlus yPlus execute:
    patch Bottom y+ : min = 2.922684801, max = 482.2355068, average = 244.2177602
    patch Top y+ : min = 77.54271111, max = 534.1301266, average = 287.648321
    patch e423_0 y+ : min = 119.3774732, max = 870.0831932, average = 388.8554641


################################################################################

Time = 82

Outer Loop Iteration = 82
smoothSolver:  Solving for Ux, Initial residual = 0.003251833371, Final residual = 5.16530042e-05, No Iterations 2
smoothSolver:  Solving for Uz, Initial residual = 0.00398164097, Final residual = 9.302563532e-05, No Iterations 2
GAMG:  Solving for p, Initial residual = 0.003865842945, Final residual = 2.292322494e-05, No Iterations 3
GAMG:  Solving for p, Initial residual = 0.0004150504921, Final residual = 3.917716246e-06, No Iterations 2
GAMG:  Solving for p, Initial residual = 6.92704288e-05, Final residual = 6.601766928e-07, No Iterations 2
time step continuity errors (region0): sum local = 6.839783582e-08, global = -2.476512751e-08, cumulative = -9.150381399e-08
smoothSolver:  Solving for omega, Initial residual = 0.0002325587001, Final residual = 1.718074682e-05, No Iterations 1
smoothSolver:  Solving for k, Initial residual = 0.007247827265, Final residual = 0.0004643507052, No Iterations 1

ExecutionTime = 1.19 s  ExecutionStepTime = 0.01 s  ClockTime = 1 s

forces FR write:
    Sum of forces
        Total    : ( 0.8093046265 0 -9.893981686 )
        Pressure : ( 0.7629753324 0 -9.89630178 )
        Viscous  : ( 0.04632929405 0 0.002320093937 )
    Sum of moments
        Total    : ( -4.800020349 1.500871411 -0.3926304696 )
        Pressure : ( -4.801145932 1.503218343 -0.3701540227 )
        Viscous  : ( 0.001125583053 -0.002346931916 -0.02247644692 )


liftDrag LD execute:
Viscous drag: 0.003847319131, pressure drag: 0.06335968749, porous drag: 0
Viscous lift: 0.0001926673387, pressure lift: -0.8218176413, porous lift: 0
Total lift: -0.821624974, Front lift: -0.2861757661, Rear lift: -0.5354492079, Drag: 0.06720700662
Location of Center of Mass: ( 0.1593065081 0.4851454654 -0.003834401379 )
Location of Center Of Pressure: ( 0.152057537 0.4851454654 -0.004427350305 )


yPlus yPlus execute:
    patch Bottom y+ : min = 4.134749687, max = 472.9197435, average = 243.7391784
    patch Top y+ : min = 77.86275547, max = 525.7074857, average = 285.8152289
    patch e423_0 y+ : min = 119.3299633, max = 870.3292674, average = 388.9116035


################################################################################

Time = 83

Outer Loop Iteration = 83
smoothSolver:  Solving for Ux, Initial residual = 0.003092740283, Final residual = 4.949343953e-05, No Iterations 2
smoothSolver:  Solving for Uz, Initial residual = 0.003744869288, Final residual = 9.029824145e-05, No Iterations 2
GAMG:  Solving for p, Initial residual = 0.003489436888, Final residual = 2.163190151e-05, No Iterations 3
GAMG:  Solving for p, Initial residual = 0.0003573397754, Final residual = 3.427132736e-06, No Iterations 2
GAMG:  Solving for p, Initial residual = 5.712883263e-05, Final residual = 5.673186125e-07, No Iterations 2
time step continuity errors (region0): sum local = 5.868473074e-08, global = -2.148203908e-08, cumulative = -1.129858531e-07
smoothSolver:  Solving for omega, Initial residual = 0.0002206778973, Final residual = 1.640106358e-05, No Iterations 1
smoothSolver:  Solving for k, Initial residual = 0.007086476791, Final residual = 0.0004446902298, No Iterations 1

ExecutionTime = 1.21 s  ExecutionStepTime = 0.02 s  ClockTime = 1 s

forces FR write:
    Sum of forces
        Total    : ( 0.8094050725 0 -9.897868519 )
        Pressure : ( 0.7630563354 0 -9.900191447 )
        Viscous  : ( 0.04634873716 0 0.00232292792 )
    Sum of moments
        Total    : ( -4.801906029 1.501349826 -0.3926792006 )
        Pressure : ( -4.803032987 1.503698482 -0.3701933209 )
        Viscous  : ( 0.001126957947 -0.002348655436 -0.02248587966 )


liftDrag LD execute:
Viscous drag: 0.003848933743, pressure drag: 0.06336641421, porous drag: 0
Viscous lift: 0.0001929026809, pressure lift: -0.8221406506, porous lift: 0
Total lift: -0.8219477479, Front lift: -0.2862974241, Rear lift: -0.5356503239, Drag: 0.06721534795
Location of Center of Mass: ( 0.1593065081 0.4851454654 -0.003834401379 )
Location of Center Of Pressure: ( 0.1520462674 0.4851454654 -0.004428112606 )


yPlus yPlus execute:
    patch Bottom y+ : min = 4.884508888, max = 465.7745915, average = 243.5318487
    patch Top y+ : min = 78.08625056, max = 518.6470594, average = 284.3209017
    patch e423_0 y+ : min = 119.2937713, max = 870.5590129, average = 388.9698458


################################################################################

Time = 84

Outer Loop Iteration = 84
smoothSolver:  Solving for Ux, Initial residual = 0.002967338849, Final residual = 4.738525199e-05, No Iterations 2
smoothSolver:  Solving for Uz, Initial residual = 0.003541333636, Final residual = 8.717314465e-05, No Iterations 2
GAMG:  Solving for p, Initial residual = 0.003114956298, Final residual = 2.056166176e-05, No Iterations 3
GAMG:  Solving for p, Initial residual = 0.000350578672, Final residual = 3.318314112e-06, No Iterations 2
GAMG:  Solving for p, Initial residual = 7.157504778e-05, Final residual = 6.916004815e-07, No Iterations 2
time step continuity errors (region0): sum local = 7.153450053e-08, global = -5.850428042e-09, cumulative = -1.188362811e-07
smoothSolver:  Solving for omega, Initial residual = 0.0002091117521, Final residual = 1.57031912e-05, No Iterations 1
smoothSolver:  Solving for k, Initial residual = 0.006922058445, Final residual = 0.0004248075007, No Iterations 1

ExecutionTime = 1.22 s  ExecutionStepTime = 0.01 s  ClockTime = 1 s

forces FR write:
    Sum of forces
        Total    : ( 0.8095774617 0 -9.901696724 )
        Pressure : ( 0.7632094763 0 -9.904022786 )
        Viscous  : ( 0.04636798543 0 0.002326061789 )
    Sum of moments
        Total    : ( -4.803763265 1.501845648 -0.3927628344 )
        Pressure : ( -4.804891743 1.504196022 -0.3702676165 )
        Viscous  : ( 0.001128478329 -0.002350373843 -0.02249521787 )


liftDrag LD execute:
Viscous drag: 0.003850532175, pressure drag: 0.06337913148, porous drag: 0
Viscous lift: 0.0001931629264, pressure lift: -0.8224588161, porous lift: 0
Total lift: -0.8222656532, Front lift: -0.2864152022, Rear lift: -0.535850451, Drag: 0.06722966365
Location of Center of Mass: ( 0.1593065081 0.4851454654 -0.003834401379 )
Location of Center Of Pressure: ( 0.1520376835 0.4851454654 -0.004428711291 )


yPlus yPlus execute:
    patch Bottom y+ : min = 5.693985476, max = 460.6454252, average = 243.6394081
    patch Top y+ : min = 78.21219053, max = 512.8800322, average = 283.1933662
    patch e423_0 y+ : min = 119.2656135, max = 870.7721164, average = 389.0297481


################################################################################

Time = 85

Outer Loop Iteration = 85
smoothSolver:  Solving for Ux, Initial residual = 0.002871179392, Final residual = 4.534271824e-05, No Iterations 2
smoothSolver:  Solving for Uz, Initial residual = 0.003328386014, Final residual = 8.35856554e-05, No Iterations 2
GAMG:  Solving for p, Initial residual = 0.003050289171, Final residual = 1.99266375e-05, No Iterations 3
GAMG:  Solving for p, Initial residual = 0.000366572782, Final residual = 3.50277738e-06, No Iterations 2
GAMG:  Solving for p, Initial residual = 8.143889134e-05, Final residual = 7.209196327e-07, No Iterations 2
time step continuity errors (region0): sum local = 7.461748286e-08, global = -1.232657168e-08, cumulative = -1.311628528e-07
smoothSolver:  Solving for omega, Initial residual = 0.000197854191, Final residual = 1.496705709e-05, No Iterations 1
smoothSolver:  Solving for k, Initial residual = 0.006754714509, Final residual = 0.0004048282149, No Iterations 1

ExecutionTime = 1.23 s  ExecutionStepTime = 0.01 s  ClockTime = 1 s

forces FR write:
    Sum of forces
        Total    : ( 0.80981011 0 -9.905545866 )
        Pressure : ( 0.7634231384 0 -9.907875301 )
        Viscous  : ( 0.04638697156 0 0.00232943526 )
    Sum of moments
        Total    : ( -4.805630659 1.502367202 -0.3928757027 )
        Pressure : ( -4.806760774 1.504719286 -0.3703712738 )
        Viscous  : ( 0.001130114953 -0.002352083213 -0.0225044289 )


liftDrag LD execute:
Viscous drag: 0.003852108839, pressure drag: 0.0633968746, porous drag: 0
Viscous lift: 0.0001934430693, pressure lift: -0.8227787402, porous lift: 0
Total lift: -0.8225852971, Front lift: -0.2865317128, Rear lift: -0.5360535843, Drag: 0.06724898344
Location of Center of Mass: ( 0.1593065081 0.4851454654 -0.003834401379 )
Location of Center Of Pressure: ( 0.1520313979 0.4851454654 -0.004429164943 )


yPlus yPlus execute:
    patch Bottom y+ : min = 6.559515935, max = 457.1899061, average = 244.033505
    patch Top y+ : min = 78.2557845, max = 507.7120605, average = 282.3238221
    patch e423_0 y+ : min = 119.2423622, max = 870.9690175, average = 389.0908078


################################################################################

Time = 86

Outer Loop Iteration = 86
smoothSolver:  Solving for Ux, Initial residual = 0.002771607413, Final residual = 4.363996541e-05, No Iterations 2
smoothSolver:  Solving for Uz, Initial residual = 0.00316183203, Final residual = 7.973360854e-05, No Iterations 2
GAMG:  Solving for p, Initial residual = 0.002845249574, Final residual = 1.926625891e-05, No Iterations 3
GAMG:  Solving for p, Initial residual = 0.0003425168733, Final residual = 1.355020543e-06, No Iterations 3
GAMG:  Solving for p, Initial residual = 6.31080939e-05, Final residual = 5.681060182e-07, No Iterations 2
time step continuity errors (region0): sum local = 5.881970605e-08, global = -1.283535715e-08, cumulative = -1.439982099e-07
smoothSolver:  Solving for omega, Initial residual = 0.0001870890708, Final residual = 1.424022109e-05, No Iterations 1
smoothSolver:  Solving for k, Initial residual = 0.006584508675, Final residual = 0.0003848441012, No Iterations 1

ExecutionTime = 1.24 s  ExecutionStepTime = 0.01 s  ClockTime = 1 s

forces FR write:
    Sum of forces
        Total    : ( 0.8100875755 0 -9.909458382 )
        Pressure : ( 0.7636819485 0 -9.911791369 )
        Viscous  : ( 0.046405627 0 0.002332986678 )
    Sum of moments
        Total    : ( -4.807528798 1.502916994 -0.3930103138 )
        Pressure : ( -4.808660636 1.505270773 -0.3704968343 )
        Viscous  : ( 0.001131837907 -0.00235377904 -0.02251347951 )


liftDrag LD execute:
Viscous drag: 0.003853658041, pressure drag: 0.06341836694, porous drag: 0
Viscous lift: 0.0001937379893, pressure lift: -0.8231039418, porous lift: 0
Total lift: -0.8229102038, Front lift: -0.2866485099, Rear lift: -0.5362616939, Drag: 0.06727202498
Location of Center of Mass: ( 0.1593065081 0.4851454654 -0.003834401379 )
Location of Center Of Pressure: ( 0.1520270042 0.4851454654 -0.004429493 )


yPlus yPlus execute:
    patch Bottom y+ : min = 7.334525514, max = 455.504636, average = 244.6289437
    patch Top y+ : min = 78.22813281, max = 502.3641913, average = 281.7861042
    patch e423_0 y+ : min = 119.2210624, max = 871.149873, average = 389.1524982


################################################################################

Time = 87

Outer Loop Iteration = 87
smoothSolver:  Solving for Ux, Initial residual = 0.002671633812, Final residual = 4.204654709e-05, No Iterations 2
smoothSolver:  Solving for Uz, Initial residual = 0.003049550664, Final residual = 7.561536659e-05, No Iterations 2
GAMG:  Solving for p, Initial residual = 0.002633302908, Final residual = 1.860830614e-05, No Iterations 3
GAMG:  Solving for p, Initial residual = 0.0003340121863, Final residual = 3.218598172e-06, No Iterations 2
GAMG:  Solving for p, Initial residual = 4.924684839e-05, Final residual = 2.531177643e-07, No Iterations 3
time step continuity errors (region0): sum local = 2.622516021e-08, global = -2.430733037e-09, cumulative = -1.46428943e-07
smoothSolver:  Solving for omega, Initial residual = 0.0001766960157, Final residual = 1.350940965e-05, No Iterations 1
smoothSolver:  Solving for k, Initial residual = 0.006412410861, Final residual = 0.0003650510186, No Iterations 1

ExecutionTime = 1.25 s  ExecutionStepTime = 0.01 s  ClockTime = 1 s

forces FR write:
    Sum of forces
        Total    : ( 0.8103896691 0 -9.913443489 )
        Pressure : ( 0.7639657873 0 -9.915780146 )
        Viscous  : ( 0.0464238818 0 0.00233665778 )
    Sum of moments
        Total    : ( -4.809462155 1.503490844 -0.3931568731 )
        Pressure : ( -4.810595773 1.505846301 -0.3706345374 )
        Viscous  : ( 0.001133618926 -0.002355456861 -0.02252233574 )


liftDrag LD execute:
Viscous drag: 0.003855173972, pressure drag: 0.06344193774, porous drag: 0
Viscous lift: 0.0001940428483, pressure lift: -0.8234351815, porous lift: 0
Total lift: -0.8232411386, Front lift: -0.2867663231, Rear lift: -0.5364748156, Drag: 0.06729711171
Location of Center of Mass: ( 0.1593065081 0.4851454654 -0.003834401379 )
Location of Center Of Pressure: ( 0.152023931 0.4851454654 -0.004429726829 )


yPlus yPlus execute:
    patch Bottom y+ : min = 7.87461734, max = 455.1697829, average = 245.3349578
    patch Top y+ : min = 78.13592883, max = 498.1688372, average = 281.678428
    patch e423_0 y+ : min = 119.198996, max = 871.3150731, average = 389.2143361


################################################################################

Time = 88

Outer Loop Iteration = 88
smoothSolver:  Solving for Ux, Initial residual = 0.002585236771, Final residual = 4.085983412e-05, No Iterations 2
smoothSolver:  Solving for Uz, Initial residual = 0.002918720183, Final residual = 7.148642322e-05, No Iterations 2
GAMG:  Solving for p, Initial residual = 0.002329125702, Final residual = 1.741589945e-05, No Iterations 3
GAMG:  Solving for p, Initial residual = 0.000282754461, Final residual = 1.379881755e-06, No Iterations 3
GAMG:  Solving for p, Initial residual = 4.721429339e-05, Final residual = 4.270837741e-07, No Iterations 2
time step continuity errors (region0): sum local = 4.430680094e-08, global = 9.778143345e-09, cumulative = -1.366507996e-07
smoothSolver:  Solving for omega, Initial residual = 0.0001666859603, Final residual = 1.280647665e-05, No Iterations 1
smoothSolver:  Solving for k, Initial residual = 0.006238623879, Final residual = 0.0003454922254, No Iterations 1

ExecutionTime = 1.27 s  ExecutionStepTime = 0.02 s  ClockTime = 1 s

forces FR write:
    Sum of forces
        Total    : ( 0.8107066053 0 -9.917546443 )
        Pressure : ( 0.7642649354 0 -9.919886832 )
        Viscous  : ( 0.04644166996 0 0.002340389794 )
    Sum of moments
        Total    : ( -4.811452684 1.504092643 -0.3933106333 )
        Pressure : ( -4.812588114 1.506449754 -0.3707796677 )
        Viscous  : ( 0.001135429496 -0.002357111774 -0.02253096558 )


liftDrag LD execute:
Viscous drag: 0.003856651153, pressure drag: 0.06346677986, porous drag: 0
Viscous lift: 0.0001943527656, pressure lift: -0.8237762126, porous lift: 0
Total lift: -0.8235818598, Front lift: -0.2868867086, Rear lift: -0.5366951512, Drag: 0.06732343102
Location of Center of Mass: ( 0.1593065081 0.4851454654 -0.003834401379 )
Location of Center Of Pressure: ( 0.1520218721 0.4851454654 -0.004429881575 )


yPlus yPlus execute:
    patch Bottom y+ : min = 8.120496674, max = 455.1859331, average = 246.1374162
    patch Top y+ : min = 77.97018297, max = 495.5173337, average = 281.8678875
    patch e423_0 y+ : min = 119.1738179, max = 871.4653035, average = 389.2758482


################################################################################

Time = 89

Outer Loop Iteration = 89
smoothSolver:  Solving for Ux, Initial residual = 0.002522453686, Final residual = 3.980061877e-05, No Iterations 2
smoothSolver:  Solving for Uz, Initial residual = 0.002822586754, Final residual = 6.759832647e-05, No Iterations 2
GAMG:  Solving for p, Initial residual = 0.002216493608, Final residual = 1.701278035e-05, No Iterations 3
GAMG:  Solving for p, Initial residual = 0.0002230066175, Final residual = 1.345657442e-06, No Iterations 3
GAMG:  Solving for p, Initial residual = 3.810116617e-05, Final residual = 1.592065948e-07, No Iterations 3
time step continuity errors (region0): sum local = 1.654164146e-08, global = 9.248877436e-10, cumulative = -1.357259119e-07
smoothSolver:  Solving for omega, Initial residual = 0.0001571180951, Final residual = 1.212256165e-05, No Iterations 1
smoothSolver:  Solving for k, Initial residual = 0.006063119657, Final residual = 0.0003262589547, No Iterations 1

ExecutionTime = 1.28 s  ExecutionStepTime = 0.01 s  ClockTime = 1 s

forces FR write:
    Sum of forces
        Total    : ( 0.8110275373 0 -9.92179649 )
        Pressure : ( 0.7645685984 0 -9.924140616 )
        Viscous  : ( 0.04645893895 0 0.002344126292 )
    Sum of moments
        Total    : ( -4.813514575 1.504723716 -0.393466332 )
        Pressure : ( -4.814651818 1.507082455 -0.3709269885 )
        Viscous  : ( 0.001137242241 -0.002358738805 -0.02253934356 )


liftDrag LD execute:
Viscous drag: 0.00385808522, pressure drag: 0.06349199692, porous drag: 0
Viscous lift: 0.0001946630553, pressure lift: -0.8241294592, porous lift: 0
Total lift: -0.8239347961, Front lift: -0.2870107705, Rear lift: -0.5369240256, Drag: 0.06735008214
Location of Center of Mass: ( 0.1593065081 0.4851454654 -0.003834401379 )
Location of Center Of Pressure: ( 0.1520205084 0.4851454654 -0.004429973597 )


yPlus yPlus execute:
    patch Bottom y+ : min = 8.030689598, max = 456.3154055, average = 247.0246471
    patch Top y+ : min = 77.75785857, max = 494.1633967, average = 282.3022723
    patch e423_0 y+ : min = 119.1434273, max = 871.6014076, average = 389.3366069


################################################################################

Time = 90

Outer Loop Iteration = 90
smoothSolver:  Solving for Ux, Initial residual = 0.002465030156, Final residual = 3.888233737e-05, No Iterations 2
smoothSolver:  Solving for Uz, Initial residual = 0.002731180959, Final residual = 6.385815779e-05, No Iterations 2
GAMG:  Solving for p, Initial residual = 0.002080177263, Final residual = 1.708687708e-05, No Iterations 3
GAMG:  Solving for p, Initial residual = 0.0002429530355, Final residual = 1.391604864e-06, No Iterations 3
GAMG:  Solving for p, Initial residual = 3.913637141e-05, Final residual = 1.554035349e-07, No Iterations 3
time step continuity errors (region0): sum local = 1.617167463e-08, global = 1.639519039e-09, cumulative = -1.340863929e-07
smoothSolver:  Solving for omega, Initial residual = 0.0001479711723, Final residual = 1.146130282e-05, No Iterations 1
smoothSolver:  Solving for k, Initial residual = 0.005886394066, Final residual = 0.0003074438251, No Iterations 1

ExecutionTime = 1.29 s  ExecutionStepTime = 0.01 s  ClockTime = 1 s

forces FR write:
    Sum of forces
        Total    : ( 0.8113390019 0 -9.92620076 )
        Pressure : ( 0.7648633535 0 -9.928548577 )
        Viscous  : ( 0.04647564842 0 0.002347816886 )
    Sum of moments
        Total    : ( -4.815651287 1.505381521 -0.3936174377 )
        Pressure : ( -4.81679032 1.507741854 -0.3710699876 )
        Viscous  : ( 0.001139032716 -0.002360333367 -0.02254745008 )


liftDrag LD execute:
Viscous drag: 0.003859472822, pressure drag: 0.06351647425, porous drag: 0
Viscous lift: 0.0001949695329, pressure lift: -0.824495509, porous lift: 0
Total lift: -0.8243005395, Front lift: -0.2871390162, Rear lift: -0.5371615233, Drag: 0.06737594707
Location of Center of Mass: ( 0.1593065081 0.4851454654 -0.003834401379 )
Location of Center Of Pressure: ( 0.1520194692 0.4851454654 -0.004430022902 )


yPlus yPlus execute:
    patch Bottom y+ : min = 7.71211085, max = 458.736649, average = 247.9882195
    patch Top y+ : min = 77.51312359, max = 493.7471285, average = 282.9484084
    patch e423_0 y+ : min = 119.1060554, max = 871.7242143, average = 389.3962382


################################################################################

Time = 91

Outer Loop Iteration = 91
smoothSolver:  Solving for Ux, Initial residual = 0.002415615034, Final residual = 3.812253308e-05, No Iterations 2
smoothSolver:  Solving for Uz, Initial residual = 0.002648361861, Final residual = 6.0127094e-05, No Iterations 2
GAMG:  Solving for p, Initial residual = 0.001935330854, Final residual = 1.715829771e-05, No Iterations 3
GAMG:  Solving for p, Initial residual = 0.0002308426825, Final residual = 1.44581204e-06, No Iterations 3
GAMG:  Solving for p, Initial residual = 3.651025043e-05, Final residual = 1.65088191e-07, No Iterations 3
time step continuity errors (region0): sum local = 1.720278593e-08, global = 1.411374197e-09, cumulative = -1.326750187e-07
smoothSolver:  Solving for omega, Initial residual = 0.0001392249001, Final residual = 1.083289141e-05, No Iterations 1
smoothSolver:  Solving for k, Initial residual = 0.005709303754, Final residual = 0.0002891582597, No Iterations 1

ExecutionTime = 1.31 s  ExecutionStepTime = 0.02 s  ClockTime = 1 s

forces FR write:
    Sum of forces
        Total    : ( 0.8116325018 0 -9.930778101 )
        Pressure : ( 0.7651407368 0 -9.933129514 )
        Viscous  : ( 0.04649176501 0 0.002351413637 )
    Sum of moments
        Total    : ( -4.817871963 1.506066343 -0.3937598278 )
        Pressure : ( -4.819012741 1.508428234 -0.3712045588 )
        Viscous  : ( 0.001140777663 -0.002361890709 -0.02255526897 )


liftDrag LD execute:
Viscous drag: 0.003860811191, pressure drag: 0.06353950896, porous drag: 0
Viscous lift: 0.0001952682175, pressure lift: -0.8248759234, porous lift: 0
Total lift: -0.8246806552, Front lift: -0.2872722044, Rear lift: -0.5374084507, Drag: 0.06740032015
Location of Center of Mass: ( 0.1593065081 0.4851454654 -0.003834401379 )
Location of Center Of Pressure: ( 0.1520184919 0.4851454654 -0.004430043606 )


yPlus yPlus execute:
    patch Bottom y+ : min = 7.230265166, max = 461.6017045, average = 249.0004727
    patch Top y+ : min = 77.23263712, max = 493.7370643, average = 283.7888983
    patch e423_0 y+ : min = 119.0602708, max = 871.8348233, average = 389.454383


################################################################################

Time = 92

Outer Loop Iteration = 92
smoothSolver:  Solving for Ux, Initial residual = 0.002369650708, Final residual = 3.732035943e-05, No Iterations 2
smoothSolver:  Solving for Uz, Initial residual = 0.002565395206, Final residual = 5.642317471e-05, No Iterations 2
GAMG:  Solving for p, Initial residual = 0.001780466985, Final residual = 1.725010621e-05, No Iterations 3
GAMG:  Solving for p, Initial residual = 0.0002173208647, Final residual = 1.467469535e-06, No Iterations 3
GAMG:  Solving for p, Initial residual = 3.295468179e-05, Final residual = 1.717664923e-07, No Iterations 3
time step continuity errors (region0): sum local = 1.791680828e-08, global = 1.322166602e-09, cumulative = -1.313528521e-07
smoothSolver:  Solving for omega, Initial residual = 0.0001309110251, Final residual = 1.022284504e-05, No Iterations 1
smoothSolver:  Solving for k, Initial residual = 0.005532084413, Final residual = 0.0002714596171, No Iterations 1

ExecutionTime = 1.32 s  ExecutionStepTime = 0.01 s  ClockTime = 1 s

forces FR write:
    Sum of forces
        Total    : ( 0.8118987796 0 -9.935532029 )
        Pressure : ( 0.7653915183 0 -9.937886901 )
        Viscous  : ( 0.04650726131 0 0.002354872246 )
    Sum of moments
        Total    : ( -4.82017831 1.506776029 -0.3938890113 )
        Pressure : ( -4.821320765 1.509139435 -0.3713262243 )
        Viscous  : ( 0.001142455592 -0.002363406143 -0.02256278693 )


liftDrag LD execute:
Viscous drag: 0.003862098049, pressure drag: 0.06356033459, porous drag: 0
Viscous lift: 0.0001955554305, pressure lift: -0.8252709906, porous lift: 0
Total lift: -0.8250754351, Front lift: -0.2874106601, Rear lift: -0.5376647751, Drag: 0.06742243264
Location of Center of Mass: ( 0.1593065081 0.4851454654 -0.003834401379 )
Location of Center Of Pressure: ( 0.1520173029 0.4851454654 -0.004430051091 )


yPlus yPlus execute:
    patch Bottom y+ : min = 6.592742013, max = 464.5924752, average = 250.0321553
    patch Top y+ : min = 76.92383288, max = 494.1997507, average = 284.8015714
    patch e423_0 y+ : min = 119.0049366, max = 871.9343216, average = 389.5107173


################################################################################

Time = 93

Outer Loop Iteration = 93
smoothSolver:  Solving for Ux, Initial residual = 0.002335192898, Final residual = 3.653736759e-05, No Iterations 2
smoothSolver:  Solving for Uz, Initial residual = 0.00248177137, Final residual = 5.27412253e-05, No Iterations 2
GAMG:  Solving for p, Initial residual = 0.001642130346, Final residual = 7.309909599e-06, No Iterations 4
GAMG:  Solving for p, Initial residual = 0.0002044845618, Final residual = 8.063772973e-07, No Iterations 3
GAMG:  Solving for p, Initial residual = 2.935057741e-05, Final residual = 1.208537378e-07, No Iterations 3
time step continuity errors (region0): sum local = 1.261348201e-08, global = -7.096194718e-10, cumulative = -1.320624715e-07
smoothSolver:  Solving for omega, Initial residual = 0.0001231125645, Final residual = 9.630735273e-06, No Iterations 1
smoothSolver:  Solving for k, Initial residual = 0.005354348321, Final residual = 0.0002543685001, No Iterations 1

ExecutionTime = 1.34 s  ExecutionStepTime = 0.02 s  ClockTime = 1 s

forces FR write:
    Sum of forces
        Total    : ( 0.8121306143 0 -9.940464786 )
        Pressure : ( 0.7656085059 0 -9.942822937 )
        Viscous  : ( 0.04652210847 0 0.00235815084 )
    Sum of moments
        Total    : ( -4.822571415 1.507508695 -0.3940014848 )
        Pressure : ( -4.823715461 1.50987357 -0.3714314949 )
        Viscous  : ( 0.001144046187 -0.002364874928 -0.02256998996 )


liftDrag LD execute:
Viscous drag: 0.003863331, pressure drag: 0.06357835386, porous drag: 0
Viscous lift: 0.0001958276945, pressure lift: -0.8256808934, porous lift: 0
Total lift: -0.8254850657, Front lift: -0.2875546326, Rear lift: -0.5379304331, Drag: 0.06744168486
Location of Center of Mass: ( 0.1593065081 0.4851454654 -0.003834401379 )
Location of Center Of Pressure: ( 0.1520156767 0.4851454654 -0.004430058372 )


yPlus yPlus execute:
    patch Bottom y+ : min = 5.833924493, max = 467.6318675, average = 251.0616071
    patch Top y+ : min = 76.54284719, max = 495.2008703, average = 285.9977623
    patch e423_0 y+ : min = 118.939231, max = 872.0238767, average = 389.5649144


################################################################################

Time = 94

Outer Loop Iteration = 94
smoothSolver:  Solving for Ux, Initial residual = 0.00229944816, Final residual = 3.575013911e-05, No Iterations 2
smoothSolver:  Solving for Uz, Initial residual = 0.002400039809, Final residual = 4.921572814e-05, No Iterations 2
GAMG:  Solving for p, Initial residual = 0.001556617396, Final residual = 7.318463521e-06, No Iterations 4
GAMG:  Solving for p, Initial residual = 0.0001942502875, Final residual = 8.21982971e-07, No Iterations 3
GAMG:  Solving for p, Initial residual = 2.775629972e-05, Final residual = 1.211597754e-07, No Iterations 3
time step continuity errors (region0): sum local = 1.264945972e-08, global = -1.423746592e-09, cumulative = -1.334862181e-07
smoothSolver:  Solving for omega, Initial residual = 0.0001158867421, Final residual = 9.059593441e-06, No Iterations 1
smoothSolver:  Solving for k, Initial residual = 0.005176147764, Final residual = 0.0002379332775, No Iterations 1

ExecutionTime = 1.37 s  ExecutionStepTime = 0.03 s  ClockTime = 2 s

forces FR write:
    Sum of forces
        Total    : ( 0.8123214745 0 -9.945569472 )
        Pressure : ( 0.7657852025 0 -9.947930681 )
        Viscous  : ( 0.04653627196 0 0.002361209588 )
    Sum of moments
        Total    : ( -4.82504793 1.508261379 -0.3940940797 )
        Pressure : ( -4.82619346 1.510627672 -0.3715172184 )
        Viscous  : ( 0.001145530124 -0.002366292322 -0.02257686132 )


liftDrag LD execute:
Viscous drag: 0.003864507178, pressure drag: 0.06359302726, porous drag: 0
Viscous lift: 0.0001960817018, pressure lift: -0.8261050553, porous lift: 0
Total lift: -0.8259089736, Front lift: -0.2877040814, Rear lift: -0.5382048921, Drag: 0.06745753444
Location of Center of Mass: ( 0.1593065081 0.4851454654 -0.003834401379 )
Location of Center Of Pressure: ( 0.1520134197 0.4851454654 -0.004430076905 )


yPlus yPlus execute:
    patch Bottom y+ : min = 4.95878651, max = 470.8235465, average = 252.0919625
    patch Top y+ : min = 76.16755438, max = 497.0849879, average = 287.3448504
    patch e423_0 y+ : min = 118.8626096, max = 872.1047465, average = 389.6166255


################################################################################

Time = 95

Outer Loop Iteration = 95
smoothSolver:  Solving for Ux, Initial residual = 0.002260617301, Final residual = 3.485041179e-05, No Iterations 2
smoothSolver:  Solving for Uz, Initial residual = 0.002317425091, Final residual = 4.597896901e-05, No Iterations 2
GAMG:  Solving for p, Initial residual = 0.001479505837, Final residual = 7.298254628e-06, No Iterations 4
GAMG:  Solving for p, Initial residual = 0.0001849956547, Final residual = 8.049192168e-07, No Iterations 3
GAMG:  Solving for p, Initial residual = 2.675892882e-05, Final residual = 1.217021293e-07, No Iterations 3
time step continuity errors (region0): sum local = 1.27075805e-08, global = -1.817706326e-09, cumulative = -1.353039244e-07
smoothSolver:  Solving for omega, Initial residual = 0.000109245891, Final residual = 8.502901116e-06, No Iterations 1
smoothSolver:  Solving for k, Initial residual = 0.004997955728, Final residual = 0.0002221705884, No Iterations 1

ExecutionTime = 1.39 s  ExecutionStepTime = 0.01 s  ClockTime = 2 s

forces FR write:
    Sum of forces
        Total    : ( 0.8124665417 0 -9.950838095 )
        Pressure : ( 0.7659168392 0 -9.953202104 )
        Viscous  : ( 0.04654970252 0 0.002364008944 )
    Sum of moments
        Total    : ( -4.827603978 1.509031655 -0.3941644585 )
        Pressure : ( -4.828750866 1.511399308 -0.3715810814 )
        Viscous  : ( 0.001146888219 -0.00236765313 -0.02258337709 )


liftDrag LD execute:
Viscous drag: 0.003865622491, pressure drag: 0.06360395876, porous drag: 0
Viscous lift: 0.0001963141684, pressure lift: -0.8265428095, porous lift: 0
Total lift: -0.8263464953, Front lift: -0.2878588764, Rear lift: -0.5384876189, Drag: 0.06746958125
Location of Center of Mass: ( 0.1593065081 0.4851454654 -0.003834401379 )
Location of Center Of Pressure: ( 0.1520104095 0.4851454654 -0.00443011361 )


yPlus yPlus execute:
    patch Bottom y+ : min = 4.008535201, max = 474.2368413, average = 253.1283622
    patch Top y+ : min = 75.78065257, max = 499.6859757, average = 288.7721323
    patch e423_0 y+ : min = 118.7748294, max = 872.1780772, average = 389.6654514


################################################################################

Time = 96

Outer Loop Iteration = 96
smoothSolver:  Solving for Ux, Initial residual = 0.002219987519, Final residual = 3.389047847e-05, No Iterations 2
smoothSolver:  Solving for Uz, Initial residual = 0.002237274816, Final residual = 4.297786123e-05, No Iterations 2
GAMG:  Solving for p, Initial residual = 0.001414732615, Final residual = 7.208568237e-06, No Iterations 4
GAMG:  Solving for p, Initial residual = 0.0001867771659, Final residual = 7.901925905e-07, No Iterations 3
GAMG:  Solving for p, Initial residual = 2.65335338e-05, Final residual = 1.189833066e-07, No Iterations 3
time step continuity errors (region0): sum local = 1.242319702e-08, global = -1.751877934e-09, cumulative = -1.370558024e-07
smoothSolver:  Solving for omega, Initial residual = 0.0001031205045, Final residual = 7.961526065e-06, No Iterations 1
smoothSolver:  Solving for k, Initial residual = 0.004819426606, Final residual = 0.0002070923721, No Iterations 1

ExecutionTime = 1.41 s  ExecutionStepTime = 0.02 s  ClockTime = 2 s

forces FR write:
    Sum of forces
        Total    : ( 0.8125628555 0 -9.956260296 )
        Pressure : ( 0.7660005093 0 -9.958626806 )
        Viscous  : ( 0.04656234624 0 0.002366510487 )
    Sum of moments
        Total    : ( -4.830234534 1.509817074 -0.3942111847 )
        Pressure : ( -4.831382636 1.512186026 -0.3716216735 )
        Viscous  : ( 0.001148101831 -0.002368951786 -0.02258951113 )


liftDrag LD execute:
Viscous drag: 0.003866672461, pressure drag: 0.06361090696, porous drag: 0
Viscous lift: 0.0001965219038, pressure lift: -0.8269932925, porous lift: 0
Total lift: -0.8267967706, Front lift: -0.2880187906, Rear lift: -0.5387779801, Drag: 0.06747757942
Location of Center of Mass: ( 0.1593065081 0.4851454654 -0.003834401379 )
Location of Center Of Pressure: ( 0.1520065591 0.4851454654 -0.004430174009 )


yPlus yPlus execute:
    patch Bottom y+ : min = 3.006879508, max = 477.8997659, average = 254.1646106
    patch Top y+ : min = 75.38660857, max = 502.6295274, average = 290.2274625
    patch e423_0 y+ : min = 118.6758743, max = 872.2450224, average = 389.7110212


################################################################################

Time = 97

Outer Loop Iteration = 97
smoothSolver:  Solving for Ux, Initial residual = 0.00217608836, Final residual = 3.282430843e-05, No Iterations 2
smoothSolver:  Solving for Uz, Initial residual = 0.002156990985, Final residual = 4.028179844e-05, No Iterations 2
GAMG:  Solving for p, Initial residual = 0.001395755017, Final residual = 7.076301535e-06, No Iterations 4
GAMG:  Solving for p, Initial residual = 0.0001919185915, Final residual = 7.556408266e-07, No Iterations 3
GAMG:  Solving for p, Initial residual = 2.822119108e-05, Final residual = 1.145445357e-07, No Iterations 3
time step continuity errors (region0): sum local = 1.195799424e-08, global = -1.570818695e-09, cumulative = -1.386266211e-07
smoothSolver:  Solving for omega, Initial residual = 9.745262673e-05, Final residual = 7.438333664e-06, No Iterations 1
smoothSolver:  Solving for k, Initial residual = 0.004641014533, Final residual = 0.0001927190848, No Iterations 1

ExecutionTime = 1.42 s  ExecutionStepTime = 0.01 s  ClockTime = 2 s

forces FR write:
    Sum of forces
        Total    : ( 0.8126073908 0 -9.961818419 )
        Pressure : ( 0.7660332375 0 -9.964187098 )
        Viscous  : ( 0.04657415337 0 0.002368679405 )
    Sum of moments
        Total    : ( -4.832931033 1.510614021 -0.3942327908 )
        Pressure : ( -4.834080187 1.512984204 -0.3716375515 )
        Viscous  : ( 0.001149154072 -0.002370182801 -0.02259523931 )


liftDrag LD execute:
Viscous drag: 0.003867652959, pressure drag: 0.06361362481, porous drag: 0
Viscous lift: 0.0001967020171, pressure lift: -0.8274550353, porous lift: 0
Total lift: -0.8272583333, Front lift: -0.2881833911, Rear lift: -0.5390749422, Drag: 0.06748127777
Location of Center of Mass: ( 0.1593065081 0.4851454654 -0.003834401379 )
Location of Center Of Pressure: ( 0.1520017755 0.4851454654 -0.004430264446 )


yPlus yPlus execute:
    patch Bottom y+ : min = 1.934374622, max = 481.4136524, average = 255.1545159
    patch Top y+ : min = 74.98939292, max = 505.6911504, average = 291.6692141
    patch e423_0 y+ : min = 118.5659579, max = 872.3066926, average = 389.7529999


################################################################################

Time = 98

Outer Loop Iteration = 98
smoothSolver:  Solving for Ux, Initial residual = 0.002124788002, Final residual = 3.166954474e-05, No Iterations 2
smoothSolver:  Solving for Uz, Initial residual = 0.002074440032, Final residual = 3.777275412e-05, No Iterations 2
GAMG:  Solving for p, Initial residual = 0.001410390263, Final residual = 6.884283045e-06, No Iterations 4
GAMG:  Solving for p, Initial residual = 0.0001928504097, Final residual = 7.398393125e-07, No Iterations 3
GAMG:  Solving for p, Initial residual = 2.864421001e-05, Final residual = 1.105723531e-07, No Iterations 3
time step continuity errors (region0): sum local = 1.154091826e-08, global = -1.426091201e-09, cumulative = -1.400527123e-07
smoothSolver:  Solving for omega, Initial residual = 9.229602851e-05, Final residual = 6.939130251e-06, No Iterations 1
smoothSolver:  Solving for k, Initial residual = 0.00446337212, Final residual = 0.0001790673761, No Iterations 1

ExecutionTime = 1.44 s  ExecutionStepTime = 0.02 s  ClockTime = 2 s

forces FR write:
    Sum of forces
        Total    : ( 0.8125979846 0 -9.967489998 )
        Pressure : ( 0.7660129006 0 -9.969860484 )
        Viscous  : ( 0.04658508394 0 0.002370486182 )
    Sum of moments
        Total    : ( -4.835682573 1.511418292 -0.3942282274 )
        Pressure : ( -4.836832604 1.513789633 -0.3716276851 )
        Viscous  : ( 0.001150030622 -0.002371340991 -0.02260054223 )


liftDrag LD execute:
Viscous drag: 0.003868560666, pressure drag: 0.06361193598, porous drag: 0
Viscous lift: 0.0001968520571, pressure lift: -0.8279261697, porous lift: 0
Total lift: -0.8277293177, Front lift: -0.2883520943, Rear lift: -0.5393772234, Drag: 0.06748049664
Location of Center of Mass: ( 0.1593065081 0.4851454654 -0.003834401379 )
Location of Center Of Pressure: ( 0.1519959809 0.4851454654 -0.004430390906 )


yPlus yPlus execute:
    patch Bottom y+ : min = 0.5836923078, max = 484.7923182, average = 256.0823566
    patch Top y+ : min = 74.59757661, max = 508.7138023, average = 293.065646
    patch e423_0 y+ : min = 118.4455021, max = 872.3641394, average = 389.7911042


################################################################################

Time = 99

Outer Loop Iteration = 99
smoothSolver:  Solving for Ux, Initial residual = 0.002067941771, Final residual = 3.059583939e-05, No Iterations 2
smoothSolver:  Solving for Uz, Initial residual = 0.00198909552, Final residual = 3.531104289e-05, No Iterations 2
GAMG:  Solving for p, Initial residual = 0.001424276756, Final residual = 6.639766345e-06, No Iterations 4
GAMG:  Solving for p, Initial residual = 0.0002004591937, Final residual = 7.563038619e-07, No Iterations 3
GAMG:  Solving for p, Initial residual = 3.085694911e-05, Final residual = 1.113062561e-07, No Iterations 3
time step continuity errors (region0): sum local = 1.161382635e-08, global = -1.354078726e-09, cumulative = -1.41406791e-07
smoothSolver:  Solving for omega, Initial residual = 8.760879133e-05, Final residual = 6.472394047e-06, No Iterations 1
smoothSolver:  Solving for k, Initial residual = 0.004286292964, Final residual = 0.0001661229643, No Iterations 1

ExecutionTime = 1.45 s  ExecutionStepTime = 0.01 s  ClockTime = 2 s

forces FR write:
    Sum of forces
        Total    : ( 0.8125335113 0 -9.973250074 )
        Pressure : ( 0.7659384282 0 -9.975621972 )
        Viscous  : ( 0.04659508313 0 0.002371897235 )
    Sum of moments
        Total    : ( -4.838477048 1.512225533 -0.3941969485 )
        Pressure : ( -4.839627764 1.514597952 -0.3715915552 )
        Viscous  : ( 0.001150715188 -0.002372419522 -0.02260539329 )


liftDrag LD execute:
Viscous drag: 0.003869391028, pressure drag: 0.06360575157, porous drag: 0
Viscous lift: 0.000196969235, pressure lift: -0.8284046204, porous lift: 0
Total lift: -0.8282076512, Front lift: -0.2885242255, Rear lift: -0.5396834257, Drag: 0.0674751426
Location of Center of Mass: ( 0.1593065081 0.4851454654 -0.003834401379 )
Location of Center Of Pressure: ( 0.1519891207 0.4851454654 -0.004430558337 )


yPlus yPlus execute:
    patch Bottom y+ : min = 1.078007132, max = 487.927711, average = 257.0227419
    patch Top y+ : min = 74.21190471, max = 511.6089576, average = 294.4286954
    patch e423_0 y+ : min = 118.3151189, max = 872.4183427, average = 389.8249151


################################################################################

Time = 100

Outer Loop Iteration = 100
smoothSolver:  Solving for Ux, Initial residual = 0.002006497654, Final residual = 2.951267436e-05, No Iterations 2
smoothSolver:  Solving for Uz, Initial residual = 0.001906326995, Final residual = 3.314443157e-05, No Iterations 2
GAMG:  Solving for p, Initial residual = 0.001427405729, Final residual = 6.365410062e-06, No Iterations 4
GAMG:  Solving for p, Initial residual = 0.0001974057183, Final residual = 7.575260038e-07, No Iterations 3
GAMG:  Solving for p, Initial residual = 3.100128426e-05, Final residual = 3.085298492e-07, No Iterations 2
time step continuity errors (region0): sum local = 3.218076744e-08, global = -2.073446307e-09, cumulative = -1.434802373e-07
smoothSolver:  Solving for omega, Initial residual = 8.333536369e-05, Final residual = 6.026633547e-06, No Iterations 1
smoothSolver:  Solving for k, Initial residual = 0.004109885152, Final residual = 0.0001538825025, No Iterations 1

ExecutionTime = 1.46 s  ExecutionStepTime = 0.01 s  ClockTime = 2 s

forces FR write:
    Sum of forces
        Total    : ( 0.8124175326 0 -9.979084355 )
        Pressure : ( 0.7658133491 0 -9.981457267 )
        Viscous  : ( 0.04660418353 0 0.002372912494 )
    Sum of moments
        Total    : ( -4.841307523 1.51303502 -0.3941406819 )
        Pressure : ( -4.842458731 1.515408438 -0.3715308736 )
        Viscous  : ( 0.001151207736 -0.002373417902 -0.02260980831 )


liftDrag LD execute:
Viscous drag: 0.003870146751, pressure drag: 0.06359536464, porous drag: 0
Viscous lift: 0.000197053545, pressure lift: -0.8288892003, porous lift: 0
Total lift: -0.8286921468, Front lift: -0.2886992511, Rear lift: -0.5399928957, Drag: 0.06746551139
Location of Center of Mass: ( 0.1593065081 0.4851454654 -0.003834401379 )
Location of Center Of Pressure: ( 0.1519813433 0.4851454654 -0.004430757922 )


yPlus yPlus execute:
    patch Bottom y+ : min = 0.9600734855, max = 490.8121945, average = 257.7478994
    patch Top y+ : min = 73.84094359, max = 514.5999959, average = 295.7480063
    patch e423_0 y+ : min = 118.1755755, max = 872.4702127, average = 389.8546035


################################################################################

Time = 101

Outer Loop Iteration = 101
smoothSolver:  Solving for Ux, Initial residual = 0.001940372841, Final residual = 2.842052133e-05, No Iterations 2
smoothSolver:  Solving for Uz, Initial residual = 0.001819573158, Final residual = 3.107092483e-05, No Iterations 2
GAMG:  Solving for p, Initial residual = 0.001429828828, Final residual = 6.112000129e-06, No Iterations 4
GAMG:  Solving for p, Initial residual = 0.0001964283123, Final residual = 7.489451925e-07, No Iterations 3
GAMG:  Solving for p, Initial residual = 3.144124827e-05, Final residual = 1.214755063e-07, No Iterations 3
time step continuity errors (region0): sum local = 1.266493543e-08, global = 9.496647922e-10, cumulative = -1.425305725e-07
smoothSolver:  Solving for omega, Initial residual = 7.944957035e-05, Final residual = 5.600743988e-06, No Iterations 1
smoothSolver:  Solving for k, Initial residual = 0.003934767753, Final residual = 0.0001423604412, No Iterations 1

ExecutionTime = 1.48 s  ExecutionStepTime = 0.02 s  ClockTime = 2 s

forces FR write:
    Sum of forces
        Total    : ( 0.8122440548 0 -9.984948493 )
        Pressure : ( 0.7656316256 0 -9.987322034 )
        Viscous  : ( 0.04661242914 0 0.002373540208 )
    Sum of moments
        Total    : ( -4.844152483 1.513836816 -0.3940565199 )
        Pressure : ( -4.845303996 1.516211153 -0.3714427113 )
        Viscous  : ( 0.001151512269 -0.002374337172 -0.02261380863 )


liftDrag LD execute:
Viscous drag: 0.003870831491, pressure drag: 0.06358027379, porous drag: 0
Viscous lift: 0.0001971056723, pressure lift: -0.8293762276, porous lift: 0
Total lift: -0.8291791219, Front lift: -0.2888761552, Rear lift: -0.5403029667, Drag: 0.06745110529
Location of Center of Mass: ( 0.1593065081 0.4851454654 -0.003834401379 )
Location of Center Of Pressure: ( 0.1519723293 0.4851454654 -0.004431013684 )


yPlus yPlus execute:
    patch Bottom y+ : min = 0.9062667103, max = 493.4273947, average = 259.0605447
    patch Top y+ : min = 73.48148978, max = 517.5063068, average = 296.9836613
    patch e423_0 y+ : min = 118.0277647, max = 872.5205139, average = 389.8802416


################################################################################

Time = 102

Outer Loop Iteration = 102
smoothSolver:  Solving for Ux, Initial residual = 0.001872932978, Final residual = 2.740199929e-05, No Iterations 2
smoothSolver:  Solving for Uz, Initial residual = 0.001734297712, Final residual = 2.911324032e-05, No Iterations 2
GAMG:  Solving for p, Initial residual = 0.001446670314, Final residual = 1.368539193e-05, No Iterations 3
GAMG:  Solving for p, Initial residual = 0.0001956623833, Final residual = 1.20519928e-06, No Iterations 3
GAMG:  Solving for p, Initial residual = 3.406296886e-05, Final residual = 1.718813405e-07, No Iterations 3
time step continuity errors (region0): sum local = 1.791033748e-08, global = 1.260172777e-09, cumulative = -1.412703997e-07
smoothSolver:  Solving for omega, Initial residual = 7.592292171e-05, Final residual = 5.19706759e-06, No Iterations 1
smoothSolver:  Solving for k, Initial residual = 0.003761458994, Final residual = 0.0001315513124, No Iterations 1

ExecutionTime = 1.49 s  ExecutionStepTime = 0.01 s  ClockTime = 2 s

forces FR write:
    Sum of forces
        Total    : ( 0.8120127289 0 -9.990801701 )
        Pressure : ( 0.7653928644 0 -9.993175486 )
        Viscous  : ( 0.04661986449 0 0.002373785022 )
    Sum of moments
        Total    : ( -4.84699214 1.514623879 -0.3939442932 )
        Pressure : ( -4.848143771 1.516999055 -0.3713268774 )
        Viscous  : ( 0.001151631039 -0.002375175985 -0.02261741585 )


liftDrag LD execute:
Viscous drag: 0.003871448944, pressure drag: 0.06356044637, porous drag: 0
Viscous lift: 0.0001971260023, pressure lift: -0.8298623152, porous lift: 0
Total lift: -0.8296651892, Front lift: -0.2890538288, Rear lift: -0.5406113604, Drag: 0.06743189531
Location of Center of Mass: ( 0.1593065081 0.4851454654 -0.003834401379 )
Location of Center Of Pressure: ( 0.151961997 0.4851454654 -0.004431334099 )


yPlus yPlus execute:
    patch Bottom y+ : min = 1.381402794, max = 495.6271921, average = 260.306721
    patch Top y+ : min = 73.11855595, max = 520.2009714, average = 298.1500283
    patch e423_0 y+ : min = 117.8726688, max = 872.5700141, average = 389.9019485


################################################################################

Time = 103

Outer Loop Iteration = 103
smoothSolver:  Solving for Ux, Initial residual = 0.001802983339, Final residual = 2.638840916e-05, No Iterations 2
smoothSolver:  Solving for Uz, Initial residual = 0.001650516551, Final residual = 2.740274624e-05, No Iterations 2
GAMG:  Solving for p, Initial residual = 0.001464332995, Final residual = 1.297951936e-05, No Iterations 3
GAMG:  Solving for p, Initial residual = 0.0001838544724, Final residual = 1.125268167e-06, No Iterations 3
GAMG:  Solving for p, Initial residual = 2.934166684e-05, Final residual = 1.560119366e-07, No Iterations 3
time step continuity errors (region0): sum local = 1.624829961e-08, global = 2.720519298e-09, cumulative = -1.385498804e-07
smoothSolver:  Solving for omega, Initial residual = 7.263834017e-05, Final residual = 4.837446292e-06, No Iterations 1
smoothSolver:  Solving for k, Initial residual = 0.003590129591, Final residual = 0.0001214164182, No Iterations 1

ExecutionTime = 1.51 s  ExecutionStepTime = 0.02 s  ClockTime = 2 s

forces FR write:
    Sum of forces
        Total    : ( 0.8117254632 0 -9.996619563 )
        Pressure : ( 0.765098921 0 -9.998993226 )
        Viscous  : ( 0.04662654223 0 0.002373662174 )
    Sum of moments
        Total    : ( -4.84981465 1.515392526 -0.3938049276 )
        Pressure : ( -4.850966221 1.517768462 -0.3711842721 )
        Viscous  : ( 0.00115157144 -0.002375935682 -0.02262065553 )


liftDrag LD execute:
Viscous drag: 0.003872003483, pressure drag: 0.06353603645, porous drag: 0
Viscous lift: 0.0001971158007, pressure lift: -0.8303454372, porous lift: 0
Total lift: -0.8301483214, Front lift: -0.2892315642, Rear lift: -0.5409167572, Drag: 0.06740803993
Location of Center of Mass: ( 0.1593065081 0.4851454654 -0.003834401379 )
Location of Center Of Pressure: ( 0.1519503526 0.4851454654 -0.004431721174 )


yPlus yPlus execute:
    patch Bottom y+ : min = 1.532852925, max = 497.7857669, average = 261.414957
    patch Top y+ : min = 72.76162287, max = 522.7555753, average = 299.2320902
    patch e423_0 y+ : min = 117.713418, max = 872.6192819, average = 389.9198689


################################################################################

Time = 104

Outer Loop Iteration = 104
smoothSolver:  Solving for Ux, Initial residual = 0.001730634691, Final residual = 2.54764949e-05, No Iterations 2
smoothSolver:  Solving for Uz, Initial residual = 0.001568598636, Final residual = 2.57923915e-05, No Iterations 2
GAMG:  Solving for p, Initial residual = 0.001480599507, Final residual = 1.228605201e-05, No Iterations 3
GAMG:  Solving for p, Initial residual = 0.0001787682427, Final residual = 1.079131692e-06, No Iterations 3
GAMG:  Solving for p, Initial residual = 2.873474109e-05, Final residual = 1.505740376e-07, No Iterations 3
time step continuity errors (region0): sum local = 1.567248891e-08, global = 2.802824118e-09, cumulative = -1.357470563e-07
smoothSolver:  Solving for omega, Initial residual = 6.961284822e-05, Final residual = 4.522847208e-06, No Iterations 1
smoothSolver:  Solving for k, Initial residual = 0.003421099053, Final residual = 0.0001119376479, No Iterations 1

ExecutionTime = 1.52 s  ExecutionStepTime = 0.01 s  ClockTime = 2 s

forces FR write:
    Sum of forces
        Total    : ( 0.8113854033 0 -10.00237543 )
        Pressure : ( 0.7647529068 0 -10.00474861 )
        Viscous  : ( 0.04663249649 0 0.002373184452 )
    Sum of moments
        Total    : ( -4.852607081 1.51613945 -0.3936399491 )
        Pressure : ( -4.853758421 1.518516067 -0.3710164048 )
        Viscous  : ( 0.001151339676 -0.002376617297 -0.02262354421 )


liftDrag LD execute:
Viscous drag: 0.003872497942, pressure drag: 0.06350730243, porous drag: 0
Viscous lift: 0.0001970761293, pressure lift: -0.8308233812, porous lift: 0
Total lift: -0.8306263051, Front lift: -0.2894085294, Rear lift: -0.5412177757, Drag: 0.06737980037
Location of Center of Mass: ( 0.1593065081 0.4851454654 -0.003834401379 )
Location of Center Of Pressure: ( 0.1519374733 0.4851454654 -0.004432172108 )


yPlus yPlus execute:
    patch Bottom y+ : min = 1.594711817, max = 499.8784251, average = 262.4359146
    patch Top y+ : min = 72.48980843, max = 525.0306318, average = 300.2416441
    patch e423_0 y+ : min = 117.5501462, max = 872.668841, average = 389.9341382


################################################################################

Time = 105

Outer Loop Iteration = 105
smoothSolver:  Solving for Ux, Initial residual = 0.001658545661, Final residual = 2.46756324e-05, No Iterations 2
smoothSolver:  Solving for Uz, Initial residual = 0.001486104688, Final residual = 2.42637119e-05, No Iterations 2
GAMG:  Solving for p, Initial residual = 0.001496470552, Final residual = 1.150421236e-05, No Iterations 3
GAMG:  Solving for p, Initial residual = 0.0001756388681, Final residual = 1.010359652e-06, No Iterations 3
GAMG:  Solving for p, Initial residual = 2.83908572e-05, Final residual = 1.446894208e-07, No Iterations 3
time step continuity errors (region0): sum local = 1.505100619e-08, global = 3.526823013e-09, cumulative = -1.322202333e-07
smoothSolver:  Solving for omega, Initial residual = 6.679580446e-05, Final residual = 4.226838163e-06, No Iterations 1
smoothSolver:  Solving for k, Initial residual = 0.003254578184, Final residual = 0.0001030937002, No Iterations 1

ExecutionTime = 1.53 s  ExecutionStepTime = 0.01 s  ClockTime = 2 s

forces FR write:
    Sum of forces
        Total    : ( 0.8109967423 0 -10.00804675 )
        Pressure : ( 0.7643589857 0 -10.01041911 )
        Viscous  : ( 0.04663775658 0 0.002372365978 )
    Sum of moments
        Total    : ( -4.855358497 1.516862137 -0.3934513919 )
        Pressure : ( -4.85650944 1.519239359 -0.3708252958 )
        Viscous  : ( 0.001150942596 -0.002377222177 -0.02262609612 )


liftDrag LD execute:
Viscous drag: 0.003872934755, pressure drag: 0.06347459008, porous drag: 0
Viscous lift: 0.0001970081608, pressure lift: -0.8312942762, porous lift: 0
Total lift: -0.8310972681, Front lift: -0.2895839968, Rear lift: -0.5415132712, Drag: 0.06734752483
Location of Center of Mass: ( 0.1593065081 0.4851454654 -0.003834401379 )
Location of Center Of Pressure: ( 0.1519234538 0.4851454654 -0.004432683249 )


yPlus yPlus execute:
    patch Bottom y+ : min = 1.625116081, max = 501.8369624, average = 263.3839339
    patch Top y+ : min = 72.24006537, max = 527.0156132, average = 301.1638268
    patch e423_0 y+ : min = 117.3828915, max = 872.7191348, average = 389.9448909


################################################################################

Time = 106

Outer Loop Iteration = 106
smoothSolver:  Solving for Ux, Initial residual = 0.001585267764, Final residual = 2.383727468e-05, No Iterations 2
smoothSolver:  Solving for Uz, Initial residual = 0.001403588615, Final residual = 2.284194897e-05, No Iterations 2
GAMG:  Solving for p, Initial residual = 0.001501111359, Final residual = 1.06719424e-05, No Iterations 3
GAMG:  Solving for p, Initial residual = 0.0001672513851, Final residual = 9.471033252e-07, No Iterations 3
GAMG:  Solving for p, Initial residual = 2.842763897e-05, Final residual = 1.330530733e-07, No Iterations 3
time step continuity errors (region0): sum local = 1.383186789e-08, global = 2.732067006e-09, cumulative = -1.294881663e-07
smoothSolver:  Solving for omega, Initial residual = 6.409826633e-05, Final residual = 3.951052268e-06, No Iterations 1
smoothSolver:  Solving for k, Initial residual = 0.003090868301, Final residual = 9.485731792e-05, No Iterations 1

ExecutionTime = 1.54 s  ExecutionStepTime = 0.01 s  ClockTime = 2 s

forces FR write:
    Sum of forces
        Total    : ( 0.8105640431 0 -10.01361201 )
        Pressure : ( 0.7639216892 0 -10.01598324 )
        Viscous  : ( 0.04664235388 0 0.002371224477 )
    Sum of moments
        Total    : ( -4.85805846 1.517558507 -0.3932414699 )
        Pressure : ( -4.859208848 1.519936259 -0.3706131434 )
        Viscous  : ( 0.001150388802 -0.002377752187 -0.02262832648 )


liftDrag LD execute:
Viscous drag: 0.003873316528, pressure drag: 0.06343827571, porous drag: 0
Viscous lift: 0.0001969133672, pressure lift: -0.8317563371, porous lift: 0
Total lift: -0.8315594237, Front lift: -0.2897572461, Rear lift: -0.5418021777, Drag: 0.06731159224
Location of Center of Mass: ( 0.1593065081 0.4851454654 -0.003834401379 )
Location of Center Of Pressure: ( 0.151908416 0.4851454654 -0.004433248972 )


yPlus yPlus execute:
    patch Bottom y+ : min = 1.64344553, max = 503.6341814, average = 264.2625005
    patch Top y+ : min = 72.01171464, max = 528.7083855, average = 302.0019133
    patch e423_0 y+ : min = 117.2130012, max = 872.7704909, average = 389.9522864


################################################################################

Time = 107

Outer Loop Iteration = 107
smoothSolver:  Solving for Ux, Initial residual = 0.001511096724, Final residual = 2.296549642e-05, No Iterations 2
smoothSolver:  Solving for Uz, Initial residual = 0.001326817882, Final residual = 2.147579326e-05, No Iterations 2
GAMG:  Solving for p, Initial residual = 0.001491278944, Final residual = 1.008516936e-05, No Iterations 3
GAMG:  Solving for p, Initial residual = 0.0001781679694, Final residual = 8.825232084e-07, No Iterations 3
GAMG:  Solving for p, Initial residual = 3.259523686e-05, Final residual = 1.239237487e-07, No Iterations 3
time step continuity errors (region0): sum local = 1.287461558e-08, global = -4.260841202e-11, cumulative = -1.295307747e-07
smoothSolver:  Solving for omega, Initial residual = 6.148706847e-05, Final residual = 3.693302961e-06, No Iterations 1
smoothSolver:  Solving for k, Initial residual = 0.00293060722, Final residual = 8.72221934e-05, No Iterations 1

ExecutionTime = 1.55 s  ExecutionStepTime = 0.01 s  ClockTime = 2 s

forces FR write:
    Sum of forces
        Total    : ( 0.8100926198 0 -10.01905474 )
        Pressure : ( 0.7634463083 0 -10.02142451 )
        Viscous  : ( 0.04664631151 0 0.002369778289 )
    Sum of moments
        Total    : ( -4.860698972 1.518227593 -0.393012761 )
        Pressure : ( -4.86184866 1.520605803 -0.3703825145 )
        Viscous  : ( 0.001149687191 -0.002378209432 -0.02263024651 )


liftDrag LD execute:
Viscous drag: 0.003873645181, pressure drag: 0.0633987987, porous drag: 0
Viscous lift: 0.0001967932716, pressure lift: -0.8322081966, porous lift: 0
Total lift: -0.8320114033, Front lift: -0.289927673, Rear lift: -0.5420837304, Drag: 0.06727244388
Location of Center of Mass: ( 0.1593065081 0.4851454654 -0.003834401379 )
Location of Center Of Pressure: ( 0.151892516 0.4851454654 -0.004433861151 )


yPlus yPlus execute:
    patch Bottom y+ : min = 1.656622232, max = 505.2289531, average = 265.0741945
    patch Top y+ : min = 71.7832204, max = 530.0839572, average = 302.7477695
    patch e423_0 y+ : min = 117.0415705, max = 872.8231588, average = 389.9564529


################################################################################

Time = 108

Outer Loop Iteration = 108
smoothSolver:  Solving for Ux, Initial residual = 0.001438488941, Final residual = 2.206618415e-05, No Iterations 2
smoothSolver:  Solving for Uz, Initial residual = 0.001255412799, Final residual = 2.034259832e-05, No Iterations 2
GAMG:  Solving for p, Initial residual = 0.001453005194, Final residual = 9.552639855e-06, No Iterations 3
GAMG:  Solving for p, Initial residual = 0.0001624736434, Final residual = 7.963146526e-07, No Iterations 3
GAMG:  Solving for p, Initial residual = 2.948999274e-05, Final residual = 2.924649173e-07, No Iterations 2
time step continuity errors (region0): sum local = 3.036419318e-08, global = -1.744411143e-09, cumulative = -1.312751859e-07
smoothSolver:  Solving for omega, Initial residual = 5.895828825e-05, Final residual = 3.45529496e-06, No Iterations 1
smoothSolver:  Solving for k, Initial residual = 0.002774502145, Final residual = 8.016306842e-05, No Iterations 1

ExecutionTime = 1.56 s  ExecutionStepTime = 0.01 s  ClockTime = 2 s

forces FR write:
    Sum of forces
        Total    : ( 0.8095874152 0 -10.02435657 )
        Pressure : ( 0.762937758 0 -10.02672461 )
        Viscous  : ( 0.04664965721 0 0.002368048114 )
    Sum of moments
        Total    : ( -4.863271131 1.518867666 -0.3927676633 )
        Pressure : ( -4.864419979 1.521246263 -0.3701357936 )
        Viscous  : ( 0.001148847804 -0.00237859648 -0.02263186966 )


liftDrag LD execute:
Viscous drag: 0.003873923018, pressure drag: 0.0633565672, porous drag: 0
Viscous lift: 0.0001966495929, pressure lift: -0.8326483323, porous lift: 0
Total lift: -0.8324516827, Front lift: -0.2900946591, Rear lift: -0.5423570236, Drag: 0.06723049022
Location of Center of Mass: ( 0.1593065081 0.4851454654 -0.003834401379 )
Location of Center Of Pressure: ( 0.151875862 0.4851454654 -0.004434515462 )


yPlus yPlus execute:
    patch Bottom y+ : min = 1.667214835, max = 506.4283527, average = 265.7906309
    patch Top y+ : min = 71.56913242, max = 531.2685118, average = 303.4252852
    patch e423_0 y+ : min = 116.8697008, max = 872.8773232, average = 389.9575245


################################################################################

Time = 109

Outer Loop Iteration = 109
smoothSolver:  Solving for Ux, Initial residual = 0.001366098306, Final residual = 2.131695543e-05, No Iterations 2
smoothSolver:  Solving for Uz, Initial residual = 0.001180841815, Final residual = 1.933888096e-05, No Iterations 2
GAMG:  Solving for p, Initial residual = 0.001431358349, Final residual = 8.981335292e-06, No Iterations 3
GAMG:  Solving for p, Initial residual = 0.0001539420254, Final residual = 7.414766235e-07, No Iterations 3
GAMG:  Solving for p, Initial residual = 2.797636215e-05, Final residual = 2.605552877e-07, No Iterations 2
time step continuity errors (region0): sum local = 2.703397524e-08, global = 3.535059792e-09, cumulative = -1.277401261e-07
smoothSolver:  Solving for omega, Initial residual = 5.649120096e-05, Final residual = 3.243481839e-06, No Iterations 1
smoothSolver:  Solving for k, Initial residual = 0.002622639612, Final residual = 7.364119061e-05, No Iterations 1

ExecutionTime = 1.58 s  ExecutionStepTime = 0.01 s  ClockTime = 2 s

forces FR write:
    Sum of forces
        Total    : ( 0.8090529173 0 -10.02950264 )
        Pressure : ( 0.762400493 0 -10.03186869 )
        Viscous  : ( 0.04665242436 0 0.002366058095 )
    Sum of moments
        Total    : ( -4.865767724 1.519477468 -0.3925083541 )
        Pressure : ( -4.866915606 1.521856385 -0.369875142 )
        Viscous  : ( 0.001147882356 -0.00237891658 -0.02263321212 )


liftDrag LD execute:
Viscous drag: 0.00387415281, pressure drag: 0.06331195115, porous drag: 0
Viscous lift: 0.0001964843359, pressure lift: -0.8330755117, porous lift: 0
Total lift: -0.8328790273, Front lift: -0.2902576917, Rear lift: -0.5426213356, Drag: 0.06718610396
Location of Center of Mass: ( 0.1593065081 0.4851454654 -0.003834401379 )
Location of Center Of Pressure: ( 0.1518585558 0.4851454654 -0.004435207591 )


yPlus yPlus execute:
    patch Bottom y+ : min = 1.676206618, max = 507.527189, average = 266.4360615
    patch Top y+ : min = 71.366251, max = 532.4031407, average = 304.0446021
    patch e423_0 y+ : min = 116.6984426, max = 872.9330437, average = 389.9556477


################################################################################

Time = 110

Outer Loop Iteration = 110
smoothSolver:  Solving for Ux, Initial residual = 0.00129574539, Final residual = 2.057880009e-05, No Iterations 2
smoothSolver:  Solving for Uz, Initial residual = 0.001110655959, Final residual = 1.844911479e-05, No Iterations 2
GAMG:  Solving for p, Initial residual = 0.001397699832, Final residual = 8.419356667e-06, No Iterations 3
GAMG:  Solving for p, Initial residual = 0.0001563543298, Final residual = 7.062488799e-07, No Iterations 3
GAMG:  Solving for p, Initial residual = 2.70001622e-05, Final residual = 2.634387885e-07, No Iterations 2
time step continuity errors (region0): sum local = 2.731767956e-08, global = -2.300101476e-10, cumulative = -1.279701362e-07
smoothSolver:  Solving for omega, Initial residual = 5.409043117e-05, Final residual = 3.054490861e-06, No Iterations 1
smoothSolver:  Solving for k, Initial residual = 0.002475090762, Final residual = 6.76182128e-05, No Iterations 1

ExecutionTime = 1.59 s  ExecutionStepTime = 0.01 s  ClockTime = 2 s

forces FR write:
    Sum of forces
        Total    : ( 0.8084931409 0 -10.03446973 )
        Pressure : ( 0.7618384812 0 -10.03683356 )
        Viscous  : ( 0.04665465971 0 0.002363834936 )
    Sum of moments
        Total    : ( -4.868177485 1.520053996 -0.3922367811 )
        Pressure : ( -4.869324289 1.522433169 -0.3696024845 )
        Viscous  : ( 0.0011468038 -0.002379173448 -0.02263429659 )


liftDrag LD execute:
Viscous drag: 0.00387433844, pressure drag: 0.06326528007, porous drag: 0
Viscous lift: 0.0001962997183, pressure lift: -0.8334878087, porous lift: 0
Total lift: -0.833291509, Front lift: -0.290416056, Rear lift: -0.542875453, Drag: 0.06713961851
Location of Center of Mass: ( 0.1593065081 0.4851454654 -0.003834401379 )
Location of Center Of Pressure: ( 0.1518406515 0.4851454654 -0.004435937284 )


yPlus yPlus execute:
    patch Bottom y+ : min = 1.684048826, max = 508.962947, average = 267.0157981
    patch Top y+ : min = 71.17913543, max = 533.5307792, average = 304.6243325
    patch e423_0 y+ : min = 116.5287392, max = 872.990381, average = 389.9510405


################################################################################

Time = 111

Outer Loop Iteration = 111
smoothSolver:  Solving for Ux, Initial residual = 0.001233294458, Final residual = 1.986625096e-05, No Iterations 2
smoothSolver:  Solving for Uz, Initial residual = 0.001042589532, Final residual = 1.757776323e-05, No Iterations 2
GAMG:  Solving for p, Initial residual = 0.001366970536, Final residual = 7.839631939e-06, No Iterations 3
GAMG:  Solving for p, Initial residual = 0.0001490329495, Final residual = 6.570848533e-07, No Iterations 3
GAMG:  Solving for p, Initial residual = 2.64094626e-05, Final residual = 2.576647204e-07, No Iterations 2
time step continuity errors (region0): sum local = 2.670414855e-08, global = 8.215664437e-10, cumulative = -1.271485698e-07
smoothSolver:  Solving for omega, Initial residual = 5.175627671e-05, Final residual = 2.877464167e-06, No Iterations 1
smoothSolver:  Solving for k, Initial residual = 0.00233228558, Final residual = 6.207055728e-05, No Iterations 1

ExecutionTime = 1.6 s  ExecutionStepTime = 0.01 s  ClockTime = 2 s

forces FR write:
    Sum of forces
        Total    : ( 0.8079127725 0 -10.03924587 )
        Pressure : ( 0.7612563632 0 -10.04160728 )
        Viscous  : ( 0.04665640929 0 0.002361408251 )
    Sum of moments
        Total    : ( -4.870494611 1.520597044 -0.391955218 )
        Pressure : ( -4.871640238 1.522976415 -0.3693200726 )
        Viscous  : ( 0.001145626505 -0.002379371357 -0.0226351454 )


liftDrag LD execute:
Viscous drag: 0.00387448373, pressure drag: 0.0632169393, porous drag: 0
Viscous lift: 0.0001960981994, pressure lift: -0.8338842322, porous lift: 0
Total lift: -0.833688134, Front lift: -0.2905692723, Rear lift: -0.5431188617, Drag: 0.06709142303
Location of Center of Mass: ( 0.1593065081 0.4851454654 -0.003834401379 )
Location of Center Of Pressure: ( 0.1518223107 0.4851454654 -0.004436695485 )


yPlus yPlus execute:
    patch Bottom y+ : min = 1.690966022, max = 510.6544694, average = 267.5367686
    patch Top y+ : min = 71.0124347, max = 534.5685966, average = 305.14792
    patch e423_0 y+ : min = 116.3614683, max = 873.04926, average = 389.9439387


################################################################################

Time = 112

Outer Loop Iteration = 112
smoothSolver:  Solving for Ux, Initial residual = 0.001175980452, Final residual = 1.916645506e-05, No Iterations 2
smoothSolver:  Solving for Uz, Initial residual = 0.0009800963776, Final residual = 1.676714846e-05, No Iterations 2
GAMG:  Solving for p, Initial residual = 0.001344484099, Final residual = 7.284669625e-06, No Iterations 3
GAMG:  Solving for p, Initial residual = 0.0001439266513, Final residual = 6.02663217e-07, No Iterations 3
GAMG:  Solving for p, Initial residual = 2.612567213e-05, Final residual = 2.471842027e-07, No Iterations 2
time step continuity errors (region0): sum local = 2.560452342e-08, global = 1.201154732e-09, cumulative = -1.25947415e-07
smoothSolver:  Solving for omega, Initial residual = 4.951916511e-05, Final residual = 2.72137379e-06, No Iterations 1
smoothSolver:  Solving for k, Initial residual = 0.002194554056, Final residual = 5.697378689e-05, No Iterations 1

ExecutionTime = 1.61 s  ExecutionStepTime = 0.01 s  ClockTime = 2 s

forces FR write:
    Sum of forces
        Total    : ( 0.8073154449 0 -10.04381678 )
        Pressure : ( 0.7606577179 0 -10.04617559 )
        Viscous  : ( 0.046657727 0 0.002358807204 )
    Sum of moments
        Total    : ( -4.872712167 1.521104906 -0.3916654272 )
        Pressure : ( -4.873856532 1.523484421 -0.3690296425 )
        Viscous  : ( 0.001144364619 -0.002379514686 -0.02263578468 )


liftDrag LD execute:
Viscous drag: 0.003874593156, pressure drag: 0.06316722605, porous drag: 0
Viscous lift: 0.0001958822008, pressure lift: -0.8342635978, porous lift: 0
Total lift: -0.8340677156, Front lift: -0.2907168887, Rear lift: -0.5433508269, Drag: 0.06704181921
Location of Center of Mass: ( 0.1593065081 0.4851454654 -0.003834401379 )
Location of Center Of Pressure: ( 0.1518035809 0.4851454654 -0.004437481773 )


yPlus yPlus execute:
    patch Bottom y+ : min = 1.697063556, max = 512.205606, average = 268.0044114
    patch Top y+ : min = 70.84954673, max = 535.4951172, average = 305.6206013
    patch e423_0 y+ : min = 116.1975057, max = 873.1096159, average = 389.9346249


################################################################################

Time = 113

Outer Loop Iteration = 113
smoothSolver:  Solving for Ux, Initial residual = 0.001120357294, Final residual = 1.848292428e-05, No Iterations 2
smoothSolver:  Solving for Uz, Initial residual = 0.0009216658295, Final residual = 1.611999439e-05, No Iterations 2
GAMG:  Solving for p, Initial residual = 0.001312917264, Final residual = 6.796136848e-06, No Iterations 3
GAMG:  Solving for p, Initial residual = 0.0001367224411, Final residual = 5.511309052e-07, No Iterations 3
GAMG:  Solving for p, Initial residual = 2.510036861e-05, Final residual = 2.216157549e-07, No Iterations 2
time step continuity errors (region0): sum local = 2.294480828e-08, global = 8.897799721e-10, cumulative = -1.250576351e-07
smoothSolver:  Solving for omega, Initial residual = 4.733323267e-05, Final residual = 2.585321891e-06, No Iterations 1
smoothSolver:  Solving for k, Initial residual = 0.002062022516, Final residual = 5.229858286e-05, No Iterations 1

ExecutionTime = 1.62 s  ExecutionStepTime = 0.01 s  ClockTime = 2 s

forces FR write:
    Sum of forces
        Total    : ( 0.8067052711 0 -10.0481715 )
        Pressure : ( 0.7600466133 0 -10.05052756 )
        Viscous  : ( 0.0466586578 0 0.002356060234 )
    Sum of moments
        Total    : ( -4.874824837 1.5215768 -0.3913694041 )
        Pressure : ( -4.875967869 1.523956408 -0.3687331679 )
        Viscous  : ( 0.001143031939 -0.002379607885 -0.02263623625 )


liftDrag LD execute:
Viscous drag: 0.003874670453, pressure drag: 0.06311647815, porous drag: 0
Viscous lift: 0.0001956540845, pressure lift: -0.8346249978, porous lift: 0
Total lift: -0.8344293437, Front lift: -0.2908585153, Rear lift: -0.5435708284, Drag: 0.0669911486
Location of Center of Mass: ( 0.1593065081 0.4851454654 -0.003834401379 )
Location of Center Of Pressure: ( 0.1517845505 0.4851454654 -0.004438292628 )


yPlus yPlus execute:
    patch Bottom y+ : min = 1.70233634, max = 513.5562088, average = 268.4228333
    patch Top y+ : min = 70.70176416, max = 536.3107733, average = 306.0498557
    patch e423_0 y+ : min = 116.0376179, max = 873.1712915, average = 389.9233765


################################################################################

Time = 114

Outer Loop Iteration = 114
smoothSolver:  Solving for Ux, Initial residual = 0.001068629511, Final residual = 1.775423018e-05, No Iterations 2
smoothSolver:  Solving for Uz, Initial residual = 0.0008657475688, Final residual = 1.553770617e-05, No Iterations 2
GAMG:  Solving for p, Initial residual = 0.001254966235, Final residual = 6.25693758e-06, No Iterations 3
GAMG:  Solving for p, Initial residual = 0.0001272951146, Final residual = 4.998910521e-07, No Iterations 3
GAMG:  Solving for p, Initial residual = 2.304574317e-05, Final residual = 2.001828803e-07, No Iterations 2
time step continuity errors (region0): sum local = 2.071588181e-08, global = 1.193058375e-10, cumulative = -1.249383292e-07
smoothSolver:  Solving for omega, Initial residual = 4.524647543e-05, Final residual = 2.46596297e-06, No Iterations 1
smoothSolver:  Solving for k, Initial residual = 0.001934713428, Final residual = 4.800963876e-05, No Iterations 1

ExecutionTime = 1.64 s  ExecutionStepTime = 0.02 s  ClockTime = 2 s

forces FR write:
    Sum of forces
        Total    : ( 0.8060868179 0 -10.05230352 )
        Pressure : ( 0.7594275788 0 -10.05465671 )
        Viscous  : ( 0.04665923915 0 0.002353195056 )
    Sum of moments
        Total    : ( -4.876829468 1.522013147 -0.3910693644 )
        Pressure : ( -4.87797111 1.524392803 -0.3684328461 )
        Viscous  : ( 0.00114164191 -0.002379655388 -0.02263651829 )


liftDrag LD execute:
Viscous drag: 0.00387471873, pressure drag: 0.06306507172, porous drag: 0
Viscous lift: 0.0001954161518, pressure lift: -0.8349678949, porous lift: 0
Total lift: -0.8347724787, Front lift: -0.2909938473, Rear lift: -0.5437786315, Drag: 0.06693979045
Location of Center of Mass: ( 0.1593065081 0.4851454654 -0.003834401379 )
Location of Center Of Pressure: ( 0.1517653602 0.4851454654 -0.004439120477 )


yPlus yPlus execute:
    patch Bottom y+ : min = 1.706808681, max = 514.7354108, average = 268.795156
    patch Top y+ : min = 70.57363291, max = 537.0485114, average = 306.4369164
    patch e423_0 y+ : min = 115.882464, max = 873.234036, average = 389.9104484


################################################################################

Time = 115

Outer Loop Iteration = 115
smoothSolver:  Solving for Ux, Initial residual = 0.001017653397, Final residual = 1.702095855e-05, No Iterations 2
smoothSolver:  Solving for Uz, Initial residual = 0.0008158563159, Final residual = 1.489841132e-05, No Iterations 2
GAMG:  Solving for p, Initial residual = 0.001203398998, Final residual = 5.657122516e-06, No Iterations 3
GAMG:  Solving for p, Initial residual = 0.0001175177973, Final residual = 4.302700177e-07, No Iterations 3
GAMG:  Solving for p, Initial residual = 2.209918086e-05, Final residual = 1.659541585e-07, No Iterations 2
time step continuity errors (region0): sum local = 1.716681921e-08, global = -2.399847665e-09, cumulative = -1.273381769e-07
smoothSolver:  Solving for omega, Initial residual = 4.329878032e-05, Final residual = 2.360993057e-06, No Iterations 1
smoothSolver:  Solving for k, Initial residual = 0.001812662666, Final residual = 4.408461725e-05, No Iterations 1

ExecutionTime = 1.65 s  ExecutionStepTime = 0.01 s  ClockTime = 2 s

forces FR write:
    Sum of forces
        Total    : ( 0.8054645187 0 -10.05620796 )
        Pressure : ( 0.7588050094 0 -10.05855819 )
        Viscous  : ( 0.04665950925 0 0.002350236851 )
    Sum of moments
        Total    : ( -4.878723689 1.522413743 -0.3907674587 )
        Pressure : ( -4.879863896 1.524793404 -0.3681308094 )
        Viscous  : ( 0.001140206751 -0.002379661422 -0.02263664933 )


liftDrag LD execute:
Viscous drag: 0.00387474116, pressure drag: 0.06301337176, porous drag: 0
Viscous lift: 0.0001951704938, pressure lift: -0.8352918852, porous lift: 0
Total lift: -0.8350967147, Front lift: -0.2911226986, Rear lift: -0.5439740161, Drag: 0.06688811292
Location of Center of Mass: ( 0.1593065081 0.4851454654 -0.003834401379 )
Location of Center Of Pressure: ( 0.151746064 0.4851454654 -0.004439964572 )


yPlus yPlus execute:
    patch Bottom y+ : min = 1.710472664, max = 515.7806148, average = 269.1277345
    patch Top y+ : min = 70.46612361, max = 537.7229609, average = 306.7848852
    patch e423_0 y+ : min = 115.732645, max = 873.2976691, average = 389.8960933


################################################################################

Time = 116

Outer Loop Iteration = 116
smoothSolver:  Solving for Ux, Initial residual = 0.0009699256415, Final residual = 1.628009936e-05, No Iterations 2
smoothSolver:  Solving for Uz, Initial residual = 0.0007686926105, Final residual = 1.430029646e-05, No Iterations 2
GAMG:  Solving for p, Initial residual = 0.00113265948, Final residual = 5.182100508e-06, No Iterations 3
GAMG:  Solving for p, Initial residual = 0.0001153033447, Final residual = 3.747792322e-07, No Iterations 3
GAMG:  Solving for p, Initial residual = 2.247300342e-05, Final residual = 1.744410633e-07, No Iterations 2
time step continuity errors (region0): sum local = 1.803856983e-08, global = -1.104218347e-09, cumulative = -1.284423952e-07
smoothSolver:  Solving for omega, Initial residual = 4.150478938e-05, Final residual = 2.276214421e-06, No Iterations 1
smoothSolver:  Solving for k, Initial residual = 0.001695912127, Final residual = 4.049061627e-05, No Iterations 1

ExecutionTime = 1.66 s  ExecutionStepTime = 0.01 s  ClockTime = 2 s

forces FR write:
    Sum of forces
        Total    : ( 0.8048415787 0 -10.05988587 )
        Pressure : ( 0.7581820776 0 -10.06223308 )
        Viscous  : ( 0.04665950107 0 0.002347210055 )
    Sum of moments
        Total    : ( -4.88050801 1.522779661 -0.3904652422 )
        Pressure : ( -4.881646748 1.525159292 -0.3678285969 )
        Viscous  : ( 0.001138738314 -0.002379630397 -0.02263664536 )


liftDrag LD execute:
Viscous drag: 0.00387474048, pressure drag: 0.06296164169, porous drag: 0
Viscous lift: 0.0001949191399, pressure lift: -0.835597058, porous lift: 0
Total lift: -0.8354021389, Front lift: -0.2912450238, Rear lift: -0.5441571151, Drag: 0.06683638217
Location of Center of Mass: ( 0.1593065081 0.4851454654 -0.003834401379 )
Location of Center Of Pressure: ( 0.151726753 0.4851454654 -0.004440819992 )


yPlus yPlus execute:
    patch Bottom y+ : min = 1.713347302, max = 516.6893313, average = 269.4242635
    patch Top y+ : min = 70.37569278, max = 538.3566479, average = 307.0952451
    patch e423_0 y+ : min = 115.5886217, max = 873.3619881, average = 389.8805401


################################################################################

Time = 117

Outer Loop Iteration = 117
smoothSolver:  Solving for Ux, Initial residual = 0.0009232943787, Final residual = 1.557549952e-05, No Iterations 2
smoothSolver:  Solving for Uz, Initial residual = 0.0007187709939, Final residual = 1.384176949e-05, No Iterations 2
GAMG:  Solving for p, Initial residual = 0.001055499767, Final residual = 4.656413222e-06, No Iterations 3
GAMG:  Solving for p, Initial residual = 0.0001080674196, Final residual = 4.01047982e-07, No Iterations 3
GAMG:  Solving for p, Initial residual = 2.209851826e-05, Final residual = 1.759930733e-07, No Iterations 2
time step continuity errors (region0): sum local = 1.819324038e-08, global = -6.897959903e-09, cumulative = -1.353403551e-07
smoothSolver:  Solving for omega, Initial residual = 3.980820411e-05, Final residual = 2.211498834e-06, No Iterations 1
smoothSolver:  Solving for k, Initial residual = 0.001584481665, Final residual = 3.721051898e-05, No Iterations 1

ExecutionTime = 1.68 s  ExecutionStepTime = 0.02 s  ClockTime = 2 s

forces FR write:
    Sum of forces
        Total    : ( 0.804221274 0 -10.06334679 )
        Pressure : ( 0.7575620176 0 -10.06569093 )
        Viscous  : ( 0.04665925635 0 0.00234413781 )
    Sum of moments
        Total    : ( -4.882187063 1.523113092 -0.3901643042 )
        Pressure : ( -4.88332431 1.525492658 -0.3675277776 )
        Viscous  : ( 0.001137247829 -0.002379566788 -0.02263652663 )


liftDrag LD execute:
Viscous drag: 0.003874720158, pressure drag: 0.06291015011, porous drag: 0
Viscous lift: 0.0001946640117, pressure lift: -0.8358842083, porous lift: 0
Total lift: -0.8356895443, Front lift: -0.2913610375, Rear lift: -0.5443285068, Drag: 0.06678487027
Location of Center of Mass: ( 0.1593065081 0.4851454654 -0.003834401379 )
Location of Center Of Pressure: ( 0.1517075004 0.4851454654 -0.004441682809 )


yPlus yPlus execute:
    patch Bottom y+ : min = 1.715482105, max = 517.5495522, average = 269.6962672
    patch Top y+ : min = 70.29723287, max = 538.9272615, average = 307.3624018
    patch e423_0 y+ : min = 115.4507782, max = 873.4255199, average = 389.8640295


################################################################################

Time = 118

Outer Loop Iteration = 118
smoothSolver:  Solving for Ux, Initial residual = 0.0008814581439, Final residual = 1.485330893e-05, No Iterations 2
smoothSolver:  Solving for Uz, Initial residual = 0.0006765575355, Final residual = 1.334756815e-05, No Iterations 2
GAMG:  Solving for p, Initial residual = 0.0009875610441, Final residual = 4.158769082e-06, No Iterations 3
GAMG:  Solving for p, Initial residual = 0.0001073126829, Final residual = 9.670874958e-07, No Iterations 2
GAMG:  Solving for p, Initial residual = 1.941771591e-05, Final residual = 1.702969749e-07, No Iterations 2
time step continuity errors (region0): sum local = 1.759950967e-08, global = 8.943757021e-11, cumulative = -1.352509176e-07
smoothSolver:  Solving for omega, Initial residual = 3.822825321e-05, Final residual = 2.155999233e-06, No Iterations 1
smoothSolver:  Solving for k, Initial residual = 0.001478333103, Final residual = 3.421396978e-05, No Iterations 1

ExecutionTime = 1.69 s  ExecutionStepTime = 0.01 s  ClockTime = 2 s

forces FR write:
    Sum of forces
        Total    : ( 0.8036058053 0 -10.06659402 )
        Pressure : ( 0.7569469935 0 -10.06893506 )
        Viscous  : ( 0.04665881179 0 0.002341042552 )
    Sum of moments
        Total    : ( -4.883762441 1.523414668 -0.3898657124 )
        Pressure : ( -4.884898187 1.525794143 -0.3672294014 )
        Viscous  : ( 0.001135746179 -0.002379474817 -0.02263631096 )


liftDrag LD execute:
Viscous drag: 0.003874683241, pressure drag: 0.06285907672, porous drag: 0
Viscous lift: 0.0001944069726, pressure lift: -0.8361536106, porous lift: 0
Total lift: -0.8359592037, Front lift: -0.2914708234, Rear lift: -0.5444883803, Drag: 0.06673375996
Location of Center of Mass: ( 0.1593065081 0.4851454654 -0.003834401379 )
Location of Center Of Pressure: ( 0.1516883195 0.4851454654 -0.004442553509 )


yPlus yPlus execute:
    patch Bottom y+ : min = 1.717001467, max = 518.4186753, average = 269.9529323
    patch Top y+ : min = 70.22909358, max = 539.3921691, average = 307.5800822
    patch e423_0 y+ : min = 115.319423, max = 873.4876833, average = 389.846787


################################################################################

Time = 119

Outer Loop Iteration = 119
smoothSolver:  Solving for Ux, Initial residual = 0.0008367051294, Final residual = 1.414007711e-05, No Iterations 2
smoothSolver:  Solving for Uz, Initial residual = 0.0006382445784, Final residual = 1.287279131e-05, No Iterations 2
GAMG:  Solving for p, Initial residual = 0.0008977616933, Final residual = 3.683063818e-06, No Iterations 3
GAMG:  Solving for p, Initial residual = 9.526706431e-05, Final residual = 8.485191596e-07, No Iterations 2
GAMG:  Solving for p, Initial residual = 1.770685437e-05, Final residual = 1.641706193e-07, No Iterations 2
time step continuity errors (region0): sum local = 1.69618589e-08, global = 1.546309695e-09, cumulative = -1.337046079e-07
smoothSolver:  Solving for omega, Initial residual = 3.675200809e-05, Final residual = 2.108155347e-06, No Iterations 1
smoothSolver:  Solving for k, Initial residual = 0.001377421933, Final residual = 3.147406974e-05, No Iterations 1

ExecutionTime = 1.7 s  ExecutionStepTime = 0.01 s  ClockTime = 2 s

forces FR write:
    Sum of forces
        Total    : ( 0.8029984452 0 -10.06961405 )
        Pressure : ( 0.7563402317 0 -10.07195201 )
        Viscous  : ( 0.04665821349 0 0.002337952106 )
    Sum of moments
        Total    : ( -4.885227597 1.523683652 -0.3895710544 )
        Pressure : ( -4.886361844 1.526063011 -0.3669350337 )
        Viscous  : ( 0.001134246863 -0.002379359429 -0.02263602069 )


liftDrag LD execute:
Viscous drag: 0.003874633556, pressure drag: 0.06280868946, porous drag: 0
Viscous lift: 0.0001941503329, pressure lift: -0.8364041463, porous lift: 0
Total lift: -0.836209996, Front lift: -0.2915738824, Rear lift: -0.5446361136, Drag: 0.06668332301
Location of Center of Mass: ( 0.1593065081 0.4851454654 -0.003834401379 )
Location of Center Of Pressure: ( 0.1516693397 0.4851454654 -0.004443425148 )


yPlus yPlus execute:
    patch Bottom y+ : min = 1.717995564, max = 519.274112, average = 270.1748113
    patch Top y+ : min = 70.17270852, max = 539.7393022, average = 307.7531452
    patch e423_0 y+ : min = 115.1947891, max = 873.5497872, average = 389.829088


################################################################################

Time = 120

Outer Loop Iteration = 120
smoothSolver:  Solving for Ux, Initial residual = 0.0007992847512, Final residual = 1.348658997e-05, No Iterations 2
smoothSolver:  Solving for Uz, Initial residual = 0.0005981258759, Final residual = 1.244080731e-05, No Iterations 2
GAMG:  Solving for p, Initial residual = 0.0008385262031, Final residual = 3.345699739e-06, No Iterations 3
GAMG:  Solving for p, Initial residual = 8.668918643e-05, Final residual = 7.717031118e-07, No Iterations 2
GAMG:  Solving for p, Initial residual = 1.511324673e-05, Final residual = 1.448991047e-07, No Iterations 2
time step continuity errors (region0): sum local = 1.496808666e-08, global = -2.650366378e-10, cumulative = -1.339696445e-07
smoothSolver:  Solving for omega, Initial residual = 3.536328953e-05, Final residual = 2.064493881e-06, No Iterations 1
smoothSolver:  Solving for k, Initial residual = 0.001281707099, Final residual = 2.897119085e-05, No Iterations 1

ExecutionTime = 1.72 s  ExecutionStepTime = 0.02 s  ClockTime = 2 s

forces FR write:
    Sum of forces
        Total    : ( 0.8024021466 0 -10.07240684 )
        Pressure : ( 0.7557446318 0 -10.07474174 )
        Viscous  : ( 0.04665751478 0 0.002334894116 )
    Sum of moments
        Total    : ( -4.886582505 1.52392074 -0.3892817628 )
        Pressure : ( -4.887715268 1.526299966 -0.3666460811 )
        Viscous  : ( 0.001132763293 -0.002379225743 -0.02263568172 )


liftDrag LD execute:
Viscous drag: 0.003874575533, pressure drag: 0.06275922911, porous drag: 0
Viscous lift: 0.0001938963886, pressure lift: -0.8366358136, porous lift: 0
Total lift: -0.8364419172, Front lift: -0.2916701545, Rear lift: -0.5447717627, Drag: 0.06663380465
Location of Center of Mass: ( 0.1593065081 0.4851454654 -0.003834401379 )
Location of Center Of Pressure: ( 0.1516506308 0.4851454654 -0.004444294571 )


yPlus yPlus execute:
    patch Bottom y+ : min = 1.718486889, max = 520.0694777, average = 270.3634751
    patch Top y+ : min = 70.12868188, max = 540.003481, average = 307.8814877
    patch e423_0 y+ : min = 115.0770403, max = 873.6120542, average = 389.8112296


################################################################################

Time = 121

Outer Loop Iteration = 121
smoothSolver:  Solving for Ux, Initial residual = 0.0007634842961, Final residual = 1.287844385e-05, No Iterations 2
smoothSolver:  Solving for Uz, Initial residual = 0.0005629001215, Final residual = 1.199531903e-05, No Iterations 2
GAMG:  Solving for p, Initial residual = 0.0007913288612, Final residual = 3.135271815e-06, No Iterations 3
GAMG:  Solving for p, Initial residual = 8.266057627e-05, Final residual = 7.302154047e-07, No Iterations 2
GAMG:  Solving for p, Initial residual = 1.47962602e-05, Final residual = 1.353507682e-07, No Iterations 2
time step continuity errors (region0): sum local = 1.398039215e-08, global = -3.24420886e-10, cumulative = -1.342940654e-07
smoothSolver:  Solving for omega, Initial residual = 3.404823729e-05, Final residual = 2.026656393e-06, No Iterations 1
smoothSolver:  Solving for k, Initial residual = 0.001191130086, Final residual = 2.667859877e-05, No Iterations 1

ExecutionTime = 1.72 s  ExecutionStepTime = 0 s  ClockTime = 2 s

forces FR write:
    Sum of forces
        Total    : ( 0.8018194994 0 -10.07497575 )
        Pressure : ( 0.7551627325 0 -10.07730764 )
        Viscous  : ( 0.04665676693 0 0.002331894249 )
    Sum of moments
        Total    : ( -4.887828798 1.524127124 -0.3889990942 )
        Pressure : ( -4.888960106 1.526506202 -0.3663637753 )
        Viscous  : ( 0.001131307921 -0.002379078685 -0.0226353189 )


liftDrag LD execute:
Viscous drag: 0.00387451343, pressure drag: 0.0627109065, porous drag: 0
Viscous lift: 0.0001936472709, pressure lift: -0.8368488939, porous lift: 0
Total lift: -0.8366552467, Front lift: -0.2917596805, Rear lift: -0.5448955662, Drag: 0.06658541993
Location of Center of Mass: ( 0.1593065081 0.4851454654 -0.003834401379 )
Location of Center Of Pressure: ( 0.1516322596 0.4851454654 -0.004445158388 )


yPlus yPlus execute:
    patch Bottom y+ : min = 1.718464839, max = 520.7655944, average = 270.516004
    patch Top y+ : min = 70.09574385, max = 540.1720795, average = 307.9628964
    patch e423_0 y+ : min = 114.9662838, max = 873.674365, average = 389.7935001


################################################################################

Time = 122

Outer Loop Iteration = 122
smoothSolver:  Solving for Ux, Initial residual = 0.0007320554695, Final residual = 1.230562108e-05, No Iterations 2
smoothSolver:  Solving for Uz, Initial residual = 0.0005287784976, Final residual = 1.152224738e-05, No Iterations 2
GAMG:  Solving for p, Initial residual = 0.0007452656311, Final residual = 3.049425807e-06, No Iterations 3
GAMG:  Solving for p, Initial residual = 7.950811252e-05, Final residual = 7.447119735e-07, No Iterations 2
GAMG:  Solving for p, Initial residual = 1.487982488e-05, Final residual = 5.022567863e-08, No Iterations 3
time step continuity errors (region0): sum local = 5.187244566e-09, global = -1.331078557e-10, cumulative = -1.344271733e-07
smoothSolver:  Solving for omega, Initial residual = 3.278474969e-05, Final residual = 1.992071191e-06, No Iterations 1
smoothSolver:  Solving for k, Initial residual = 0.001105548471, Final residual = 2.457858693e-05, No Iterations 1

ExecutionTime = 1.73 s  ExecutionStepTime = 0 s  ClockTime = 2 s

forces FR write:
    Sum of forces
        Total    : ( 0.8012529927 0 -10.07732793 )
        Pressure : ( 0.7545969792 0 -10.0796569 )
        Viscous  : ( 0.04665601353 0 0.0023289749 )
    Sum of moments
        Total    : ( -4.888969947 1.524304573 -0.388724256 )
        Pressure : ( -4.890099839 1.526683496 -0.3660893026 )
        Viscous  : ( 0.001129891612 -0.002378922752 -0.02263495339 )


liftDrag LD execute:
Viscous drag: 0.003874450865, pressure drag: 0.0626639247, porous drag: 0
Viscous lift: 0.0001934048397, pressure lift: -0.8370439832, porous lift: 0
Total lift: -0.8368505784, Front lift: -0.2918426105, Rear lift: -0.5450079679, Drag: 0.06653837557
Location of Center of Mass: ( 0.1593065081 0.4851454654 -0.003834401379 )
Location of Center Of Pressure: ( 0.1516142935 0.4851454654 -0.004446012909 )


yPlus yPlus execute:
    patch Bottom y+ : min = 1.717944066, max = 521.3287455, average = 270.6368875
    patch Top y+ : min = 70.07002934, max = 540.1545899, average = 308.001567
    patch e423_0 y+ : min = 114.8625668, max = 873.7363931, average = 389.776148


################################################################################

Time = 123

Outer Loop Iteration = 123
smoothSolver:  Solving for Ux, Initial residual = 0.0007025396058, Final residual = 1.176246771e-05, No Iterations 2
smoothSolver:  Solving for Uz, Initial residual = 0.0004992703758, Final residual = 1.108254613e-05, No Iterations 2
GAMG:  Solving for p, Initial residual = 0.0007026034546, Final residual = 2.956256261e-06, No Iterations 3
GAMG:  Solving for p, Initial residual = 8.072068201e-05, Final residual = 7.389415906e-07, No Iterations 2
GAMG:  Solving for p, Initial residual = 1.575932137e-05, Final residual = 1.442897766e-07, No Iterations 2
time step continuity errors (region0): sum local = 1.490015296e-08, global = -9.494889553e-10, cumulative = -1.353766622e-07
smoothSolver:  Solving for omega, Initial residual = 3.1581689e-05, Final residual = 1.964462547e-06, No Iterations 1
smoothSolver:  Solving for k, Initial residual = 0.001024908107, Final residual = 2.26565847e-05, No Iterations 1

ExecutionTime = 1.74 s  ExecutionStepTime = 0 s  ClockTime = 2 s

forces FR write:
    Sum of forces
        Total    : ( 0.8007057395 0 -10.0794734 )
        Pressure : ( 0.7540504491 0 -10.08179955 )
        Viscous  : ( 0.04665529037 0 0.002326155073 )
    Sum of moments
        Total    : ( -4.890010811 1.524455409 -0.3884587586 )
        Pressure : ( -4.891139335 1.526834171 -0.365824156 )
        Viscous  : ( 0.001128523585 -0.002378762053 -0.02263460256 )


liftDrag LD execute:
Viscous drag: 0.003874390812, pressure drag: 0.06261853926, porous drag: 0
Viscous lift: 0.000193170673, pressure lift: -0.837221915, porous lift: 0
Total lift: -0.8370287443, Front lift: -0.2919191675, Rear lift: -0.5451095768, Drag: 0.06649293007
Location of Center of Mass: ( 0.1593065081 0.4851454654 -0.003834401379 )
Location of Center Of Pressure: ( 0.1515968117 0.4851454654 -0.004446853823 )


yPlus yPlus execute:
    patch Bottom y+ : min = 1.717004695, max = 521.7467474, average = 270.7298167
    patch Top y+ : min = 70.05215079, max = 540.0390701, average = 308.0081979
    patch e423_0 y+ : min = 114.7658698, max = 873.7977659, average = 389.7593853


################################################################################

Time = 124

Outer Loop Iteration = 124
smoothSolver:  Solving for Ux, Initial residual = 0.0006766285157, Final residual = 1.125963244e-05, No Iterations 2
smoothSolver:  Solving for Uz, Initial residual = 0.0004740871961, Final residual = 1.062446975e-05, No Iterations 2
GAMG:  Solving for p, Initial residual = 0.0006627139856, Final residual = 2.83190184e-06, No Iterations 3
GAMG:  Solving for p, Initial residual = 7.175615271e-05, Final residual = 6.407758701e-07, No Iterations 2
GAMG:  Solving for p, Initial residual = 1.351222866e-05, Final residual = 1.10031565e-07, No Iterations 2
time step continuity errors (region0): sum local = 1.136111937e-08, global = -1.383408558e-09, cumulative = -1.367600708e-07
smoothSolver:  Solving for omega, Initial residual = 3.042919911e-05, Final residual = 1.942876126e-06, No Iterations 1
smoothSolver:  Solving for k, Initial residual = 0.0009490384845, Final residual = 2.089079191e-05, No Iterations 1

ExecutionTime = 1.75 s  ExecutionStepTime = 0.01 s  ClockTime = 2 s

forces FR write:
    Sum of forces
        Total    : ( 0.8001793471 0 -10.0814227 )
        Pressure : ( 0.7535247246 0 -10.08374615 )
        Viscous  : ( 0.0466546225 0 0.002323450065 )
    Sum of moments
        Total    : ( -4.890956507 1.524582094 -0.3882033817 )
        Pressure : ( -4.892083718 1.526960694 -0.3655691031 )
        Viscous  : ( 0.001127211263 -0.002378600133 -0.02263427854 )


liftDrag LD execute:
Viscous drag: 0.00387433535, pressure drag: 0.06257488157, porous drag: 0
Viscous lift: 0.0001929460413, pressure lift: -0.8373835661, porous lift: 0
Total lift: -0.8371906201, Front lift: -0.2919895852, Rear lift: -0.5452010349, Drag: 0.06644921692
Location of Center of Mass: ( 0.1593065081 0.4851454654 -0.003834401379 )
Location of Center Of Pressure: ( 0.1515798987 0.4851454654 -0.004447675258 )


yPlus yPlus execute:
    patch Bottom y+ : min = 1.715713629, max = 522.0240767, average = 270.7919942
    patch Top y+ : min = 70.04373337, max = 539.9087992, average = 307.9855392
    patch e423_0 y+ : min = 114.6761347, max = 873.8580496, average = 389.7433687


################################################################################

Time = 125

Outer Loop Iteration = 125
smoothSolver:  Solving for Ux, Initial residual = 0.000653058429, Final residual = 1.080124765e-05, No Iterations 2
smoothSolver:  Solving for Uz, Initial residual = 0.0004523274359, Final residual = 1.018219335e-05, No Iterations 2
GAMG:  Solving for p, Initial residual = 0.0006216235041, Final residual = 2.680059571e-06, No Iterations 3
GAMG:  Solving for p, Initial residual = 6.640817909e-05, Final residual = 6.045338673e-07, No Iterations 2
GAMG:  Solving for p, Initial residual = 1.232640142e-05, Final residual = 1.143605522e-07, No Iterations 2
time step continuity errors (region0): sum local = 1.180693841e-08, global = -1.608444347e-09, cumulative = -1.383685151e-07
smoothSolver:  Solving for omega, Initial residual = 2.93072943e-05, Final residual = 1.923635467e-06, No Iterations 1
smoothSolver:  Solving for k, Initial residual = 0.000877832306, Final residual = 1.92764526e-05, No Iterations 1

ExecutionTime = 1.76 s  ExecutionStepTime = 0.01 s  ClockTime = 2 s

forces FR write:
    Sum of forces
        Total    : ( 0.7996766331 0 -10.08318749 )
        Pressure : ( 0.7530226049 0 -10.08550836 )
        Viscous  : ( 0.04665402825 0 0.002320871859 )
    Sum of moments
        Total    : ( -4.891812686 1.524687285 -0.3879594923 )
        Pressure : ( -4.892938646 1.527065725 -0.3653255021 )
        Viscous  : ( 0.001125960458 -0.002378440062 -0.02263399024 )


liftDrag LD execute:
Viscous drag: 0.003874286002, pressure drag: 0.06253318409, porous drag: 0
Viscous lift: 0.0001927319396, pressure lift: -0.8375299052, porous lift: 0
Total lift: -0.8373371732, Front lift: -0.2920541263, Rear lift: -0.5452830469, Drag: 0.06640747009
Location of Center of Mass: ( 0.1593065081 0.4851454654 -0.003834401379 )
Location of Center Of Pressure: ( 0.1515636426 0.4851454654 -0.004448471941 )


yPlus yPlus execute:
    patch Bottom y+ : min = 1.714071805, max = 522.1890902, average = 270.8314986
    patch Top y+ : min = 70.04139202, max = 539.8135025, average = 307.9393603
    patch e423_0 y+ : min = 114.5932602, max = 873.9169732, average = 389.7282222


################################################################################

Time = 126

Outer Loop Iteration = 126
smoothSolver:  Solving for Ux, Initial residual = 0.0006319035057, Final residual = 1.037180587e-05, No Iterations 2
smoothSolver:  Solving for Uz, Initial residual = 0.0004326032519, Final residual = 9.71761765e-06, No Iterations 2
GAMG:  Solving for p, Initial residual = 0.0005765470409, Final residual = 2.582179826e-06, No Iterations 3
GAMG:  Solving for p, Initial residual = 6.289789795e-05, Final residual = 5.729928506e-07, No Iterations 2
GAMG:  Solving for p, Initial residual = 1.133822406e-05, Final residual = 4.124263479e-08, No Iterations 3
time step continuity errors (region0): sum local = 4.25772679e-09, global = -9.156895669e-10, cumulative = -1.392842047e-07
smoothSolver:  Solving for omega, Initial residual = 2.822401396e-05, Final residual = 1.902641276e-06, No Iterations 1
smoothSolver:  Solving for k, Initial residual = 0.0008111224004, Final residual = 1.780205695e-05, No Iterations 1

ExecutionTime = 1.77 s  ExecutionStepTime = 0.01 s  ClockTime = 2 s

forces FR write:
    Sum of forces
        Total    : ( 0.7991987766 0 -10.08477775 )
        Pressure : ( 0.7525452563 0 -10.08709618 )
        Viscous  : ( 0.04665352023 0 0.002318429455 )
    Sum of moments
        Total    : ( -4.892584196 1.524772679 -0.3877276624 )
        Pressure : ( -4.893708972 1.527150964 -0.3650939186 )
        Viscous  : ( 0.001124775537 -0.002378284465 -0.02263374378 )


liftDrag LD execute:
Viscous drag: 0.003874243814, pressure drag: 0.06249354368, porous drag: 0
Viscous lift: 0.0001925291153, pressure lift: -0.8376617627, porous lift: 0
Total lift: -0.8374692336, Front lift: -0.2921130652, Rear lift: -0.5453561684, Drag: 0.0663677875
Location of Center of Mass: ( 0.1593065081 0.4851454654 -0.003834401379 )
Location of Center Of Pressure: ( 0.1515480605 0.4851454654 -0.004449243073 )


yPlus yPlus execute:
    patch Bottom y+ : min = 1.712113553, max = 522.2808021, average = 270.8510069
    patch Top y+ : min = 70.04626164, max = 539.7476545, average = 307.8675706
    patch e423_0 y+ : min = 114.5171093, max = 873.9742876, average = 389.7140329


################################################################################

Time = 127

Outer Loop Iteration = 127
smoothSolver:  Solving for Ux, Initial residual = 0.0006133851766, Final residual = 9.947927665e-06, No Iterations 2
smoothSolver:  Solving for Uz, Initial residual = 0.0004163281018, Final residual = 9.267824934e-06, No Iterations 2
GAMG:  Solving for p, Initial residual = 0.000540340681, Final residual = 2.558341762e-06, No Iterations 3
GAMG:  Solving for p, Initial residual = 6.015784113e-05, Final residual = 5.593363939e-07, No Iterations 2
GAMG:  Solving for p, Initial residual = 1.068021036e-05, Final residual = 4.263328221e-08, No Iterations 3
time step continuity errors (region0): sum local = 4.401079192e-09, global = -7.832189859e-10, cumulative = -1.400674237e-07
smoothSolver:  Solving for omega, Initial residual = 2.719578483e-05, Final residual = 1.884246961e-06, No Iterations 1
smoothSolver:  Solving for k, Initial residual = 0.0007487776626, Final residual = 1.645541558e-05, No Iterations 1

ExecutionTime = 1.78 s  ExecutionStepTime = 0.01 s  ClockTime = 2 s

forces FR write:
    Sum of forces
        Total    : ( 0.798747549 0 -10.08620535 )
        Pressure : ( 0.7520944417 0 -10.08852148 )
        Viscous  : ( 0.04665310731 0 0.002316129879 )
    Sum of moments
        Total    : ( -4.893276789 1.524840787 -0.3875087513 )
        Pressure : ( -4.894400449 1.527218922 -0.3648752079 )
        Viscous  : ( 0.001123659908 -0.002378135635 -0.02263354345 )


liftDrag LD execute:
Viscous drag: 0.003874209524, pressure drag: 0.06245610672, porous drag: 0
Viscous lift: 0.0001923381518, pressure lift: -0.8377801236, porous lift: 0
Total lift: -0.8375877854, Front lift: -0.2921666853, Rear lift: -0.5454211002, Drag: 0.06633031625
Location of Center of Mass: ( 0.1593065081 0.4851454654 -0.003834401379 )
Location of Center Of Pressure: ( 0.1515332226 0.4851454654 -0.004449984001 )


yPlus yPlus execute:
    patch Bottom y+ : min = 1.709860756, max = 522.3245522, average = 270.8532892
    patch Top y+ : min = 70.05639976, max = 539.7014627, average = 307.7703264
    patch e423_0 y+ : min = 114.4474625, max = 874.0298355, average = 389.7008516


################################################################################

Time = 128

Outer Loop Iteration = 128
smoothSolver:  Solving for Ux, Initial residual = 0.0005945940974, Final residual = 9.54985478e-06, No Iterations 2
smoothSolver:  Solving for Uz, Initial residual = 0.000402707557, Final residual = 8.799155579e-06, No Iterations 2
GAMG:  Solving for p, Initial residual = 0.0005064775163, Final residual = 2.546080393e-06, No Iterations 3
GAMG:  Solving for p, Initial residual = 5.737104219e-05, Final residual = 5.581545738e-07, No Iterations 2
GAMG:  Solving for p, Initial residual = 1.021807104e-05, Final residual = 4.374630502e-08, No Iterations 3
time step continuity errors (region0): sum local = 4.515854317e-09, global = -6.281552033e-10, cumulative = -1.406955789e-07
smoothSolver:  Solving for omega, Initial residual = 2.620502012e-05, Final residual = 1.86395904e-06, No Iterations 1
smoothSolver:  Solving for k, Initial residual = 0.0006906280912, Final residual = 1.521342144e-05, No Iterations 1

ExecutionTime = 1.78 s  ExecutionStepTime = 0 s  ClockTime = 2 s

forces FR write:
    Sum of forces
        Total    : ( 0.7983233802 0 -10.08748151 )
        Pressure : ( 0.751670582 0 -10.08979549 )
        Viscous  : ( 0.04665279821 0 0.002313978855 )
    Sum of moments
        Total    : ( -4.893895913 1.524893586 -0.3873029678 )
        Pressure : ( -4.89501853 1.527271581 -0.3646695743 )
        Viscous  : ( 0.001122616349 -0.002377995595 -0.0226333935 )


liftDrag LD execute:
Viscous drag: 0.003874183856, pressure drag: 0.06242090818, porous drag: 0
Viscous lift: 0.0001921595246, pressure lift: -0.8378859212, porous lift: 0
Total lift: -0.8376937617, Front lift: -0.2922152888, Rear lift: -0.5454784729, Drag: 0.06629509204
Location of Center of Mass: ( 0.1593065081 0.4851454654 -0.003834401379 )
Location of Center Of Pressure: ( 0.1515191552 0.4851454654 -0.004450692554 )


yPlus yPlus execute:
    patch Bottom y+ : min = 1.707352331, max = 522.3328713, average = 270.8389671
    patch Top y+ : min = 70.07095208, max = 539.661673, average = 307.648975
    patch e423_0 y+ : min = 114.3840875, max = 874.0834722, average = 389.6887249


################################################################################

Time = 129

Outer Loop Iteration = 129
smoothSolver:  Solving for Ux, Initial residual = 0.0005780667259, Final residual = 9.149197962e-06, No Iterations 2
smoothSolver:  Solving for Uz, Initial residual = 0.0003893343011, Final residual = 8.335108008e-06, No Iterations 2
GAMG:  Solving for p, Initial residual = 0.0004774400644, Final residual = 2.48808198e-06, No Iterations 3
GAMG:  Solving for p, Initial residual = 5.397303118e-05, Final residual = 5.294570223e-07, No Iterations 2
GAMG:  Solving for p, Initial residual = 9.356014992e-06, Final residual = 4.426002563e-08, No Iterations 3
time step continuity errors (region0): sum local = 4.568758599e-09, global = -4.818553076e-10, cumulative = -1.411774342e-07
smoothSolver:  Solving for omega, Initial residual = 2.525321471e-05, Final residual = 1.840248334e-06, No Iterations 1
smoothSolver:  Solving for k, Initial residual = 0.0006364742817, Final residual = 1.407374264e-05, No Iterations 1

ExecutionTime = 1.79 s  ExecutionStepTime = 0.01 s  ClockTime = 2 s

forces FR write:
    Sum of forces
        Total    : ( 0.7979265502 0 -10.08861539 )
        Pressure : ( 0.7512739472 0 -10.09092737 )
        Viscous  : ( 0.04665260307 0 0.002311981085 )
    Sum of moments
        Total    : ( -4.89444601 1.524932529 -0.3871104475 )
        Pressure : ( -4.895567657 1.527310395 -0.3644771487 )
        Viscous  : ( 0.001121647139 -0.002377866153 -0.02263329883 )


liftDrag LD execute:
Viscous drag: 0.003874167651, pressure drag: 0.06238797048, porous drag: 0
Viscous lift: 0.0001919936239, pressure lift: -0.8379799159, porous lift: 0
Total lift: -0.8377879223, Front lift: -0.2922591351, Rear lift: -0.5455287872, Drag: 0.06626213813
Location of Center of Mass: ( 0.1593065081 0.4851454654 -0.003834401379 )
Location of Center Of Pressure: ( 0.1515058642 0.4851454654 -0.004451368188 )


yPlus yPlus execute:
    patch Bottom y+ : min = 1.704636095, max = 522.3076525, average = 270.8070788
    patch Top y+ : min = 70.09004897, max = 539.6164227, average = 307.5056292
    patch e423_0 y+ : min = 114.3267263, max = 874.1351143, average = 389.6776992


################################################################################

Time = 130

Outer Loop Iteration = 130
smoothSolver:  Solving for Ux, Initial residual = 0.0005614012691, Final residual = 8.762281636e-06, No Iterations 2
smoothSolver:  Solving for Uz, Initial residual = 0.000376320222, Final residual = 7.89828342e-06, No Iterations 2
GAMG:  Solving for p, Initial residual = 0.0004570869912, Final residual = 2.435413693e-06, No Iterations 3
GAMG:  Solving for p, Initial residual = 5.071839912e-05, Final residual = 1.867368989e-07, No Iterations 3
GAMG:  Solving for p, Initial residual = 8.50133748e-06, Final residual = 3.189196693e-08, No Iterations 3
time step continuity errors (region0): sum local = 3.291977376e-09, global = 5.779832329e-11, cumulative = -1.411196359e-07
smoothSolver:  Solving for omega, Initial residual = 2.435252511e-05, Final residual = 1.81252092e-06, No Iterations 1
smoothSolver:  Solving for k, Initial residual = 0.000586135858, Final residual = 1.303105606e-05, No Iterations 1

ExecutionTime = 1.81 s  ExecutionStepTime = 0.02 s  ClockTime = 2 s

forces FR write:
    Sum of forces
        Total    : ( 0.797557288 0 -10.08961819 )
        Pressure : ( 0.7509047561 0 -10.09192833 )
        Viscous  : ( 0.04665253185 0 0.002310140355 )
    Sum of moments
        Total    : ( -4.894932513 1.524959569 -0.3869313016 )
        Pressure : ( -4.896053267 1.527337318 -0.3642980373 )
        Viscous  : ( 0.001120754118 -0.002377748919 -0.02263326427 )


liftDrag LD execute:
Viscous drag: 0.003874161736, pressure drag: 0.06235731178, porous drag: 0
Viscous lift: 0.0001918407643, pressure lift: -0.8380630384, porous lift: 0
Total lift: -0.8378711976, Front lift: -0.2922985273, Rear lift: -0.5455726703, Drag: 0.06623147351
Location of Center of Mass: ( 0.1593065081 0.4851454654 -0.003834401379 )
Location of Center Of Pressure: ( 0.1514933738 0.4851454654 -0.004452008708 )


yPlus yPlus execute:
    patch Bottom y+ : min = 1.701745487, max = 522.2445443, average = 270.7585777
    patch Top y+ : min = 70.11301847, max = 539.5566733, average = 307.3424582
    patch e423_0 y+ : min = 114.275101, max = 874.1846758, average = 389.6678171


################################################################################

Time = 131

Outer Loop Iteration = 131
smoothSolver:  Solving for Ux, Initial residual = 0.0005442962719, Final residual = 8.419616416e-06, No Iterations 2
smoothSolver:  Solving for Uz, Initial residual = 0.0003644388135, Final residual = 7.479802468e-06, No Iterations 2
GAMG:  Solving for p, Initial residual = 0.0004412622702, Final residual = 2.382120666e-06, No Iterations 3
GAMG:  Solving for p, Initial residual = 4.524313737e-05, Final residual = 1.889900607e-07, No Iterations 3
GAMG:  Solving for p, Initial residual = 7.764111114e-06, Final residual = 3.02418117e-08, No Iterations 3
time step continuity errors (region0): sum local = 3.121616914e-09, global = 6.69653398e-11, cumulative = -1.410526705e-07
smoothSolver:  Solving for omega, Initial residual = 2.349377049e-05, Final residual = 1.78029256e-06, No Iterations 1
smoothSolver:  Solving for k, Initial residual = 0.0005394200162, Final residual = 1.206735126e-05, No Iterations 1

ExecutionTime = 1.82 s  ExecutionStepTime = 0.01 s  ClockTime = 2 s

forces FR write:
    Sum of forces
        Total    : ( 0.7972154982 0 -10.09049949 )
        Pressure : ( 0.7505629058 0 -10.09280795 )
        Viscous  : ( 0.04665259237 0 0.002308459104 )
    Sum of moments
        Total    : ( -4.895360072 1.524976206 -0.3867654839 )
        Pressure : ( -4.896480011 1.527353852 -0.3641321902 )
        Viscous  : ( 0.001119938466 -0.002377645262 -0.02263329364 )


liftDrag LD execute:
Viscous drag: 0.003874166762, pressure drag: 0.06232892354, porous drag: 0
Viscous lift: 0.0001917011484, pressure lift: -0.8381360846, porous lift: 0
Total lift: -0.8379443835, Front lift: -0.2923337386, Rear lift: -0.5456106449, Drag: 0.0662030903
Location of Center of Mass: ( 0.1593065081 0.4851454654 -0.003834401379 )
Location of Center Of Pressure: ( 0.1514816883 0.4851454654 -0.004452613354 )


yPlus yPlus execute:
    patch Bottom y+ : min = 1.698705471, max = 522.1488852, average = 270.6956339
    patch Top y+ : min = 70.1390842, max = 539.4761952, average = 307.1617656
    patch e423_0 y+ : min = 114.2289206, max = 874.232107, average = 389.6591101


################################################################################

Time = 132

Outer Loop Iteration = 132
smoothSolver:  Solving for Ux, Initial residual = 0.0005262475576, Final residual = 8.081656414e-06, No Iterations 2
smoothSolver:  Solving for Uz, Initial residual = 0.0003540630947, Final residual = 7.080996436e-06, No Iterations 2
GAMG:  Solving for p, Initial residual = 0.0004259920119, Final residual = 2.360075143e-06, No Iterations 3
GAMG:  Solving for p, Initial residual = 4.255703333e-05, Final residual = 1.926367781e-07, No Iterations 3
GAMG:  Solving for p, Initial residual = 7.176204571e-06, Final residual = 2.908705811e-08, No Iterations 3
time step continuity errors (region0): sum local = 3.00240156e-09, global = 1.196051909e-10, cumulative = -1.409330653e-07
smoothSolver:  Solving for omega, Initial residual = 2.268751928e-05, Final residual = 1.746879822e-06, No Iterations 1
smoothSolver:  Solving for k, Initial residual = 0.0004961373632, Final residual = 1.118157008e-05, No Iterations 1

ExecutionTime = 1.82 s  ExecutionStepTime = 0 s  ClockTime = 2 s

forces FR write:
    Sum of forces
        Total    : ( 0.7969009443 0 -10.09126958 )
        Pressure : ( 0.7502481535 0 -10.09357652 )
        Viscous  : ( 0.04665279072 0 0.002306938056 )
    Sum of moments
        Total    : ( -4.895733675 1.524983863 -0.3866128794 )
        Pressure : ( -4.896852876 1.52736142 -0.3639794896 )
        Viscous  : ( 0.001119200537 -0.002377556263 -0.02263338986 )


liftDrag LD execute:
Viscous drag: 0.003874183233, pressure drag: 0.06230278559, porous drag: 0
Viscous lift: 0.0001915748361, pressure lift: -0.8381999084, porous lift: 0
Total lift: -0.8380083335, Front lift: -0.2923650778, Rear lift: -0.5456432558, Drag: 0.06617696883
Location of Center of Mass: ( 0.1593065081 0.4851454654 -0.003834401379 )
Location of Center Of Pressure: ( 0.1514707933 0.4851454654 -0.004453182635 )


yPlus yPlus execute:
    patch Bottom y+ : min = 1.695541503, max = 522.0263253, average = 270.6196137
    patch Top y+ : min = 70.16773829, max = 539.3755862, average = 306.9669035
    patch e423_0 y+ : min = 114.187901, max = 874.2773658, average = 389.6516042


################################################################################

Time = 133

Outer Loop Iteration = 133
smoothSolver:  Solving for Ux, Initial residual = 0.0005085690379, Final residual = 7.746943872e-06, No Iterations 2
smoothSolver:  Solving for Uz, Initial residual = 0.0003439476659, Final residual = 6.705209226e-06, No Iterations 2
GAMG:  Solving for p, Initial residual = 0.0004085019648, Final residual = 2.322720167e-06, No Iterations 3
GAMG:  Solving for p, Initial residual = 3.973973791e-05, Final residual = 1.898101766e-07, No Iterations 3
GAMG:  Solving for p, Initial residual = 6.65496711e-06, Final residual = 2.786270462e-08, No Iterations 3
time step continuity errors (region0): sum local = 2.875997525e-09, global = 1.456370395e-10, cumulative = -1.407874283e-07
smoothSolver:  Solving for omega, Initial residual = 2.191520654e-05, Final residual = 1.711975572e-06, No Iterations 1
smoothSolver:  Solving for k, Initial residual = 0.0004560912602, Final residual = 1.036388081e-05, No Iterations 1

ExecutionTime = 1.83 s  ExecutionStepTime = 0.01 s  ClockTime = 2 s

forces FR write:
    Sum of forces
        Total    : ( 0.7966132539 0 -10.09193801 )
        Pressure : ( 0.7499601245 0 -10.09424358 )
        Viscous  : ( 0.04665312944 0 0.002305576058 )
    Sum of moments
        Total    : ( -4.896057961 1.52498392 -0.3864733078 )
        Pressure : ( -4.897176501 1.527361403 -0.3638397536 )
        Viscous  : ( 0.001118539769 -0.00237748268 -0.02263355419 )


liftDrag LD execute:
Viscous drag: 0.003874211362, pressure drag: 0.06227886683, porous drag: 0
Viscous lift: 0.0001914617318, pressure lift: -0.8382553037, porous lift: 0
Total lift: -0.8380638419, Front lift: -0.2923928272, Rear lift: -0.5456710147, Drag: 0.06615307819
Location of Center of Mass: ( 0.1593065081 0.4851454654 -0.003834401379 )
Location of Center Of Pressure: ( 0.1514606817 0.4851454654 -0.00445371645 )


yPlus yPlus execute:
    patch Bottom y+ : min = 1.692253186, max = 521.8777478, average = 270.5312878
    patch Top y+ : min = 70.19783908, max = 539.2553402, average = 306.7606679
    patch e423_0 y+ : min = 114.1517433, max = 874.3204264, average = 389.6453104


################################################################################

Time = 134

Outer Loop Iteration = 134
smoothSolver:  Solving for Ux, Initial residual = 0.0004923443287, Final residual = 7.397271635e-06, No Iterations 2
smoothSolver:  Solving for Uz, Initial residual = 0.0003336935254, Final residual = 6.355612361e-06, No Iterations 2
GAMG:  Solving for p, Initial residual = 0.0003973589396, Final residual = 2.283815982e-06, No Iterations 3
GAMG:  Solving for p, Initial residual = 3.687616717e-05, Final residual = 1.843662623e-07, No Iterations 3
GAMG:  Solving for p, Initial residual = 6.186490614e-06, Final residual = 2.688186586e-08, No Iterations 3
time step continuity errors (region0): sum local = 2.774732208e-09, global = 1.426990867e-10, cumulative = -1.406447292e-07
smoothSolver:  Solving for omega, Initial residual = 2.117499935e-05, Final residual = 1.673072336e-06, No Iterations 1
smoothSolver:  Solving for k, Initial residual = 0.0004190993403, Final residual = 9.610095108e-06, No Iterations 1

ExecutionTime = 1.84 s  ExecutionStepTime = 0.01 s  ClockTime = 2 s

forces FR write:
    Sum of forces
        Total    : ( 0.7963520125 0 -10.09251492 )
        Pressure : ( 0.7496984064 0 -10.09481929 )
        Viscous  : ( 0.04665360611 0 0.002304370276 )
    Sum of moments
        Total    : ( -4.896337848 1.52497799 -0.3863465677 )
        Pressure : ( -4.897455803 1.527355415 -0.3637127823 )
        Viscous  : ( 0.00111795479 -0.002377424955 -0.02263378545 )


liftDrag LD execute:
Viscous drag: 0.003874250946, pressure drag: 0.062257133, porous drag: 0
Viscous lift: 0.0001913616003, pressure lift: -0.838303112, porous lift: 0
Total lift: -0.8381117504, Front lift: -0.292417274, Rear lift: -0.5456944765, Drag: 0.06613138394
Location of Center of Mass: ( 0.1593065081 0.4851454654 -0.003834401379 )
Location of Center Of Pressure: ( 0.1514513601 0.4851454654 -0.004454213478 )


yPlus yPlus execute:
    patch Bottom y+ : min = 1.688838079, max = 521.6993486, average = 270.4283867
    patch Top y+ : min = 70.22943774, max = 539.1169481, average = 306.5454105
    patch e423_0 y+ : min = 114.1201358, max = 874.3612717, average = 389.6402107


################################################################################

Time = 135

Outer Loop Iteration = 135
smoothSolver:  Solving for Ux, Initial residual = 0.0004769744565, Final residual = 7.07033163e-06, No Iterations 2
smoothSolver:  Solving for Uz, Initial residual = 0.000323348016, Final residual = 6.050087476e-06, No Iterations 2
GAMG:  Solving for p, Initial residual = 0.0003853743491, Final residual = 2.224652058e-06, No Iterations 3
GAMG:  Solving for p, Initial residual = 3.515066907e-05, Final residual = 1.777041227e-07, No Iterations 3
GAMG:  Solving for p, Initial residual = 5.831299487e-06, Final residual = 2.598085646e-08, No Iterations 3
time step continuity errors (region0): sum local = 2.681749986e-09, global = 1.854545781e-10, cumulative = -1.404592746e-07
smoothSolver:  Solving for omega, Initial residual = 2.046630071e-05, Final residual = 1.630174412e-06, No Iterations 1
smoothSolver:  Solving for k, Initial residual = 0.0003849819042, Final residual = 8.909576428e-06, No Iterations 1

ExecutionTime = 1.85 s  ExecutionStepTime = 0.01 s  ClockTime = 2 s

forces FR write:
    Sum of forces
        Total    : ( 0.79611663 0 -10.09300941 )
        Pressure : ( 0.7494624158 0 -10.09531273 )
        Viscous  : ( 0.0466542142 0 0.002303315951 )
    Sum of moments
        Total    : ( -4.896577748 1.524967285 -0.386232373 )
        Pressure : ( -4.897695191 1.527344668 -0.3635982925 )
        Viscous  : ( 0.001117443289 -0.002377383198 -0.02263408046 )


liftDrag LD execute:
Viscous drag: 0.003874301444, pressure drag: 0.06223753565, porous drag: 0
Viscous lift: 0.0001912740461, pressure lift: -0.8383440884, porous lift: 0
Total lift: -0.8381528143, Front lift: -0.2924386949, Rear lift: -0.5457141194, Drag: 0.0661118371
Location of Center of Mass: ( 0.1593065081 0.4851454654 -0.003834401379 )
Location of Center Of Pressure: ( 0.1514428118 0.4851454654 -0.004454674195 )


yPlus yPlus execute:
    patch Bottom y+ : min = 1.685315886, max = 521.4728584, average = 270.3111907
    patch Top y+ : min = 70.26186592, max = 538.9607997, average = 306.3234855
    patch e423_0 y+ : min = 114.0927751, max = 874.3999147, average = 389.6362614


################################################################################

Time = 136

Outer Loop Iteration = 136
smoothSolver:  Solving for Ux, Initial residual = 0.0004617290828, Final residual = 6.756279706e-06, No Iterations 2
smoothSolver:  Solving for Uz, Initial residual = 0.0003142107079, Final residual = 5.755373105e-06, No Iterations 2
GAMG:  Solving for p, Initial residual = 0.0003766516716, Final residual = 2.145618845e-06, No Iterations 3
GAMG:  Solving for p, Initial residual = 3.319354485e-05, Final residual = 1.691753782e-07, No Iterations 3
GAMG:  Solving for p, Initial residual = 5.38416087e-06, Final residual = 2.346367361e-08, No Iterations 3
time step continuity errors (region0): sum local = 2.421997214e-09, global = 3.464317646e-10, cumulative = -1.401128429e-07
smoothSolver:  Solving for omega, Initial residual = 1.978600569e-05, Final residual = 1.583971187e-06, No Iterations 1
smoothSolver:  Solving for k, Initial residual = 0.0003535452344, Final residual = 8.258421084e-06, No Iterations 1

ExecutionTime = 1.86 s  ExecutionStepTime = 0.01 s  ClockTime = 2 s

forces FR write:
    Sum of forces
        Total    : ( 0.7959066931 0 -10.09343386 )
        Pressure : ( 0.7492517493 0 -10.09573626 )
        Viscous  : ( 0.04665494375 0 0.002302407394 )
    Sum of moments
        Total    : ( -4.896783665 1.524953778 -0.386130523 )
        Pressure : ( -4.897900668 1.527331135 -0.3634960886 )
        Viscous  : ( 0.001117002507 -0.002377357293 -0.0226344344 )


liftDrag LD execute:
Viscous drag: 0.003874362028, pressure drag: 0.0622200413, porous drag: 0
Viscous lift: 0.0001911985968, pressure lift: -0.8383792601, porous lift: 0
Total lift: -0.8381880615, Front lift: -0.2924574402, Rear lift: -0.5457306213, Drag: 0.06609440332
Location of Center of Mass: ( 0.1593065081 0.4851454654 -0.003834401379 )
Location of Center Of Pressure: ( 0.1514350459 0.4851454654 -0.004455096926 )


yPlus yPlus execute:
    patch Bottom y+ : min = 1.681719109, max = 521.2023463, average = 270.1849536
    patch Top y+ : min = 70.2944101, max = 538.790751, average = 306.0975155
    patch e423_0 y+ : min = 114.0693421, max = 874.4363737, average = 389.6334


################################################################################

Time = 137

Outer Loop Iteration = 137
smoothSolver:  Solving for Ux, Initial residual = 0.0004466068541, Final residual = 6.471880581e-06, No Iterations 2
smoothSolver:  Solving for Uz, Initial residual = 0.0003043243724, Final residual = 5.457394805e-06, No Iterations 2
GAMG:  Solving for p, Initial residual = 0.0003715080655, Final residual = 2.082680957e-06, No Iterations 3
GAMG:  Solving for p, Initial residual = 3.165383815e-05, Final residual = 1.627016352e-07, No Iterations 3
GAMG:  Solving for p, Initial residual = 5.041067348e-06, Final residual = 2.160193934e-08, No Iterations 3
time step continuity errors (region0): sum local = 2.229902735e-09, global = 4.331467114e-10, cumulative = -1.396796962e-07
smoothSolver:  Solving for omega, Initial residual = 1.911795663e-05, Final residual = 1.53460249e-06, No Iterations 1
smoothSolver:  Solving for k, Initial residual = 0.0003246164745, Final residual = 7.662534662e-06, No Iterations 1

ExecutionTime = 1.88 s  ExecutionStepTime = 0.02 s  ClockTime = 2 s

forces FR write:
    Sum of forces
        Total    : ( 0.7957212342 0 -10.09379635 )
        Pressure : ( 0.7490654489 0 -10.09609799 )
        Viscous  : ( 0.04665578535 0 0.002301637963 )
    Sum of moments
        Total    : ( -4.896959527 1.524938424 -0.3860405485 )
        Pressure : ( -4.898076156 1.527315771 -0.3634057058 )
        Viscous  : ( 0.001116629221 -0.002377346935 -0.02263484269 )


liftDrag LD execute:
Viscous drag: 0.003874431916, pressure drag: 0.06220457036, porous drag: 0
Viscous lift: 0.000191134701, pressure lift: -0.8384092986, porous lift: 0
Total lift: -0.8382181639, Front lift: -0.2924737663, Rear lift: -0.5457443975, Drag: 0.06607900228
Location of Center of Mass: ( 0.1593065081 0.4851454654 -0.003834401379 )
Location of Center Of Pressure: ( 0.151428035 0.4851454654 -0.004455482695 )


yPlus yPlus execute:
    patch Bottom y+ : min = 1.678088105, max = 520.9062058, average = 270.0532045
    patch Top y+ : min = 70.32730045, max = 538.6127105, average = 305.8693702
    patch e423_0 y+ : min = 114.0495365, max = 874.4706836, average = 389.6315669


################################################################################

Time = 138

Outer Loop Iteration = 138
smoothSolver:  Solving for Ux, Initial residual = 0.0004311194974, Final residual = 6.215608357e-06, No Iterations 2
smoothSolver:  Solving for Uz, Initial residual = 0.0002938368964, Final residual = 5.16677841e-06, No Iterations 2
GAMG:  Solving for p, Initial residual = 0.0003634292558, Final residual = 2.020882758e-06, No Iterations 3
GAMG:  Solving for p, Initial residual = 2.998817219e-05, Final residual = 1.565802253e-07, No Iterations 3
GAMG:  Solving for p, Initial residual = 4.737040615e-06, Final residual = 1.951988118e-08, No Iterations 3
time step continuity errors (region0): sum local = 2.015106394e-09, global = 4.520187224e-10, cumulative = -1.392276774e-07
smoothSolver:  Solving for omega, Initial residual = 1.846206418e-05, Final residual = 1.484936655e-06, No Iterations 1
smoothSolver:  Solving for k, Initial residual = 0.0002980095183, Final residual = 7.106733795e-06, No Iterations 1

ExecutionTime = 1.89 s  ExecutionStepTime = 0.01 s  ClockTime = 2 s

forces FR write:
    Sum of forces
        Total    : ( 0.7955591343 0 -10.09410438 )
        Pressure : ( 0.7489024041 0 -10.09640538 )
        Viscous  : ( 0.04665673021 0 0.002301000612 )
    Sum of moments
        Total    : ( -4.897108967 1.52492205 -0.3859619064 )
        Pressure : ( -4.898225287 1.527299402 -0.3633266053 )
        Viscous  : ( 0.001116320013 -0.002377351677 -0.02263530109 )


liftDrag LD execute:
Viscous drag: 0.00387451038, pressure drag: 0.06219103065, porous drag: 0
Viscous lift: 0.0001910817735, pressure lift: -0.8384348255, porous lift: 0
Total lift: -0.8382437437, Front lift: -0.292487916, Rear lift: -0.5457558277, Drag: 0.06606554103
Location of Center of Mass: ( 0.1593065081 0.4851454654 -0.003834401379 )
Location of Center Of Pressure: ( 0.1514217479 0.4851454654 -0.004455832734 )


yPlus yPlus execute:
    patch Bottom y+ : min = 1.674456339, max = 520.5895563, average = 269.9172352
    patch Top y+ : min = 70.35992941, max = 538.4316108, average = 305.639726
    patch e423_0 y+ : min = 114.0330555, max = 874.5028854, average = 389.6306978


################################################################################

Time = 139

Outer Loop Iteration = 139
smoothSolver:  Solving for Ux, Initial residual = 0.0004165649908, Final residual = 5.958060721e-06, No Iterations 2
smoothSolver:  Solving for Uz, Initial residual = 0.000283257355, Final residual = 4.90784585e-06, No Iterations 2
GAMG:  Solving for p, Initial residual = 0.0003541066891, Final residual = 1.965414028e-06, No Iterations 3
GAMG:  Solving for p, Initial residual = 2.889410981e-05, Final residual = 1.512470619e-07, No Iterations 3
GAMG:  Solving for p, Initial residual = 4.63039913e-06, Final residual = 1.823627748e-08, No Iterations 3
time step continuity errors (region0): sum local = 1.88275791e-09, global = 4.559060789e-10, cumulative = -1.387717714e-07
smoothSolver:  Solving for omega, Initial residual = 1.780743121e-05, Final residual = 1.434044368e-06, No Iterations 1
smoothSolver:  Solving for k, Initial residual = 0.0002735826185, Final residual = 6.59049609e-06, No Iterations 1

ExecutionTime = 1.9 s  ExecutionStepTime = 0.01 s  ClockTime = 2 s

forces FR write:
    Sum of forces
        Total    : ( 0.79541909 0 -10.09436473 )
        Pressure : ( 0.7487613197 0 -10.09666522 )
        Viscous  : ( 0.0466577703 0 0.002300488145 )
    Sum of moments
        Total    : ( -4.897235275 1.524905311 -0.3858939645 )
        Pressure : ( -4.898351346 1.527282682 -0.3632581589 )
        Viscous  : ( 0.001116071392 -0.002377370991 -0.02263580568 )


liftDrag LD execute:
Viscous drag: 0.003874596752, pressure drag: 0.06217931459, porous drag: 0
Viscous lift: 0.0001910392168, pressure lift: -0.8384564033, porous lift: 0
Total lift: -0.8382653641, Front lift: -0.2925001163, Rear lift: -0.5457652478, Drag: 0.06605391134
Location of Center of Mass: ( 0.1593065081 0.4851454654 -0.003834401379 )
Location of Center Of Pressure: ( 0.1514161472 0.4851454654 -0.004456148642 )


yPlus yPlus execute:
    patch Bottom y+ : min = 1.670853558, max = 520.2601105, average = 269.779335
    patch Top y+ : min = 70.39244406, max = 538.2322512, average = 305.4129155
    patch e423_0 y+ : min = 114.019596, max = 874.5330286, average = 389.6307304


################################################################################

Time = 140

Outer Loop Iteration = 140
smoothSolver:  Solving for Ux, Initial residual = 0.0004022568576, Final residual = 5.707448745e-06, No Iterations 2
smoothSolver:  Solving for Uz, Initial residual = 0.0002726547219, Final residual = 4.664031386e-06, No Iterations 2
GAMG:  Solving for p, Initial residual = 0.0003459895452, Final residual = 1.920068435e-06, No Iterations 3
GAMG:  Solving for p, Initial residual = 2.847524617e-05, Final residual = 1.471727419e-07, No Iterations 3
GAMG:  Solving for p, Initial residual = 4.762604518e-06, Final residual = 4.624937413e-08, No Iterations 2
time step continuity errors (region0): sum local = 4.775403358e-09, global = 1.105297649e-09, cumulative = -1.376664737e-07
smoothSolver:  Solving for omega, Initial residual = 1.716915055e-05, Final residual = 1.380723705e-06, No Iterations 1
smoothSolver:  Solving for k, Initial residual = 0.0002511535564, Final residual = 6.11188005e-06, No Iterations 1

ExecutionTime = 1.9 s  ExecutionStepTime = 0 s  ClockTime = 2 s

forces FR write:
    Sum of forces
        Total    : ( 0.7952998938 0 -10.0945846 )
        Pressure : ( 0.7486409958 0 -10.09688469 )
        Viscous  : ( 0.04665889807 0 0.002300093383 )
    Sum of moments
        Total    : ( -4.897341942 1.524889021 -0.3858361371 )
        Pressure : ( -4.898457822 1.527266425 -0.3631997843 )
        Viscous  : ( 0.001115879874 -0.002377404285 -0.02263635282 )


liftDrag LD execute:
Viscous drag: 0.003874690405, pressure drag: 0.06216932254, porous drag: 0
Viscous lift: 0.0001910064346, pressure lift: -0.8384746288, porous lift: 0
Total lift: -0.8382836223, Front lift: -0.2925105982, Rear lift: -0.5457730242, Drag: 0.06604401295
Location of Center of Mass: ( 0.1593065081 0.4851454654 -0.003834401379 )
Location of Center Of Pressure: ( 0.1514112053 0.4851454654 -0.004456431282 )


yPlus yPlus execute:
    patch Bottom y+ : min = 1.667300432, max = 519.9291124, average = 269.6410042
    patch Top y+ : min = 70.42483885, max = 538.0190728, average = 305.1894396
    patch e423_0 y+ : min = 114.0088597, max = 874.5611698, average = 389.6316034


################################################################################

Time = 141

Outer Loop Iteration = 141
smoothSolver:  Solving for Ux, Initial residual = 0.0003857190648, Final residual = 5.473291379e-06, No Iterations 2
smoothSolver:  Solving for Uz, Initial residual = 0.000262333716, Final residual = 4.428751342e-06, No Iterations 2
GAMG:  Solving for p, Initial residual = 0.0003313357115, Final residual = 1.797662292e-06, No Iterations 3
GAMG:  Solving for p, Initial residual = 2.812021019e-05, Final residual = 1.350079053e-07, No Iterations 3
GAMG:  Solving for p, Initial residual = 4.671075724e-06, Final residual = 4.313136457e-08, No Iterations 2
time step continuity errors (region0): sum local = 4.453916637e-09, global = 7.037643823e-10, cumulative = -1.369627093e-07
smoothSolver:  Solving for omega, Initial residual = 1.655378179e-05, Final residual = 1.325586084e-06, No Iterations 1
smoothSolver:  Solving for k, Initial residual = 0.0002305808063, Final residual = 5.66303591e-06, No Iterations 1

ExecutionTime = 1.91 s  ExecutionStepTime = 0.01 s  ClockTime = 2 s

forces FR write:
    Sum of forces
        Total    : ( 0.7952003012 0 -10.09477053 )
        Pressure : ( 0.7485401952 0 -10.09707034 )
        Viscous  : ( 0.04666010598 0 0.002299808717 )
    Sum of moments
        Total    : ( -4.897432149 1.524873799 -0.3857878202 )
        Pressure : ( -4.89854789 1.52725125 -0.3631508813 )
        Viscous  : ( 0.00111574177 -0.002377450859 -0.02263693883 )


liftDrag LD execute:
Viscous drag: 0.003874790714, pressure drag: 0.06216095177, porous drag: 0
Viscous lift: 0.0001909827951, pressure lift: -0.8384900459, porous lift: 0
Total lift: -0.8382990631, Front lift: -0.2925195826, Rear lift: -0.5457794805, Drag: 0.06603574248
Location of Center of Mass: ( 0.1593065081 0.4851454654 -0.003834401379 )
Location of Center Of Pressure: ( 0.1514068843 0.4851454654 -0.004456682309 )


yPlus yPlus execute:
    patch Bottom y+ : min = 1.663806872, max = 519.6043811, average = 269.5046135
    patch Top y+ : min = 70.45496884, max = 537.7125252, average = 304.9679148
    patch e423_0 y+ : min = 114.0005664, max = 874.5873758, average = 389.6332556


################################################################################

Time = 142

Outer Loop Iteration = 142
smoothSolver:  Solving for Ux, Initial residual = 0.0003694584569, Final residual = 5.243171984e-06, No Iterations 2
smoothSolver:  Solving for Uz, Initial residual = 0.0002518217232, Final residual = 4.21276402e-06, No Iterations 2
GAMG:  Solving for p, Initial residual = 0.0003172645316, Final residual = 1.646414096e-06, No Iterations 3
GAMG:  Solving for p, Initial residual = 2.746573044e-05, Final residual = 1.24992929e-07, No Iterations 3
GAMG:  Solving for p, Initial residual = 4.65113727e-06, Final residual = 4.055125245e-08, No Iterations 2
time step continuity errors (region0): sum local = 4.187870005e-09, global = 4.514178795e-10, cumulative = -1.365112914e-07
smoothSolver:  Solving for omega, Initial residual = 1.596078427e-05, Final residual = 1.275208739e-06, No Iterations 1
smoothSolver:  Solving for k, Initial residual = 0.0002117178829, Final residual = 5.243002122e-06, No Iterations 1

ExecutionTime = 1.92 s  ExecutionStepTime = 0.01 s  ClockTime = 2 s

forces FR write:
    Sum of forces
        Total    : ( 0.795119122 0 -10.09492899 )
        Pressure : ( 0.7484577359 0 -10.09722862 )
        Viscous  : ( 0.04666138614 0 0.002299626282 )
    Sum of moments
        Total    : ( -4.897509022 1.524860307 -0.3857484365 )
        Pressure : ( -4.898624675 1.527237817 -0.3631108766 )
        Viscous  : ( 0.001115653263 -0.002377509916 -0.02263755989 )


liftDrag LD execute:
Viscous drag: 0.003874897022, pressure drag: 0.06215410411, porous drag: 0
Viscous lift: 0.0001909676452, pressure lift: -0.8385031893, porous lift: 0
Total lift: -0.8383122216, Front lift: -0.2925272823, Rear lift: -0.5457849394, Drag: 0.06602900114
Location of Center of Mass: ( 0.1593065081 0.4851454654 -0.003834401379 )
Location of Center Of Pressure: ( 0.1514031528 0.4851454654 -0.004456902926 )


yPlus yPlus execute:
    patch Bottom y+ : min = 1.660400184, max = 519.28912, average = 269.3708164
    patch Top y+ : min = 70.48249025, max = 537.3193406, average = 304.7516469
    patch e423_0 y+ : min = 113.9944422, max = 874.6117178, average = 389.635625


################################################################################

Time = 143

Outer Loop Iteration = 143
smoothSolver:  Solving for Ux, Initial residual = 0.0003545233103, Final residual = 5.022722878e-06, No Iterations 2
smoothSolver:  Solving for Uz, Initial residual = 0.0002412371119, Final residual = 4.031661922e-06, No Iterations 2
GAMG:  Solving for p, Initial residual = 0.0003093476185, Final residual = 1.54578364e-06, No Iterations 3
GAMG:  Solving for p, Initial residual = 2.723789034e-05, Final residual = 1.18425125e-07, No Iterations 3
GAMG:  Solving for p, Initial residual = 4.68597119e-06, Final residual = 4.001389958e-08, No Iterations 2
time step continuity errors (region0): sum local = 4.132759762e-09, global = 2.662184653e-10, cumulative = -1.36245073e-07
smoothSolver:  Solving for omega, Initial residual = 1.53921246e-05, Final residual = 1.225451324e-06, No Iterations 1
smoothSolver:  Solving for k, Initial residual = 0.0001944168423, Final residual = 4.853068564e-06, No Iterations 1

ExecutionTime = 1.93 s  ExecutionStepTime = 0.01 s  ClockTime = 2 s

forces FR write:
    Sum of forces
        Total    : ( 0.7950550404 0 -10.09506555 )
        Pressure : ( 0.7483923109 0 -10.09736509 )
        Viscous  : ( 0.04666272951 0 0.002299537823 )
    Sum of moments
        Total    : ( -4.897575274 1.524849037 -0.3857173476 )
        Pressure : ( -4.898690884 1.527226618 -0.3630791359 )
        Viscous  : ( 0.001115610347 -0.002377580551 -0.02263821162 )


liftDrag LD execute:
Viscous drag: 0.00387500858, pressure drag: 0.06214867103, porous drag: 0
Viscous lift: 0.0001909602993, pressure lift: -0.8385145224, porous lift: 0
Total lift: -0.8383235621, Front lift: -0.2925338884, Rear lift: -0.5457896737, Drag: 0.06602367961
Location of Center of Mass: ( 0.1593065081 0.4851454654 -0.003834401379 )
Location of Center Of Pressure: ( 0.1513999751 0.4851454654 -0.004457094601 )


yPlus yPlus execute:
    patch Bottom y+ : min = 1.657116458, max = 518.9820151, average = 269.2389889
    patch Top y+ : min = 70.50885335, max = 536.9170179, average = 304.5455762
    patch e423_0 y+ : min = 113.9902241, max = 874.6342701, average = 389.6386452


################################################################################

Time = 144

Outer Loop Iteration = 144
smoothSolver:  Solving for Ux, Initial residual = 0.0003396085317, Final residual = 4.810420802e-06, No Iterations 2
smoothSolver:  Solving for Uz, Initial residual = 0.0002309400605, Final residual = 3.862573472e-06, No Iterations 2
GAMG:  Solving for p, Initial residual = 0.0003037953834, Final residual = 1.462075907e-06, No Iterations 3
GAMG:  Solving for p, Initial residual = 2.715684227e-05, Final residual = 1.104582163e-07, No Iterations 3
GAMG:  Solving for p, Initial residual = 4.782909596e-06, Final residual = 3.887850557e-08, No Iterations 2
time step continuity errors (region0): sum local = 4.015905016e-09, global = -1.836483298e-10, cumulative = -1.364287213e-07
smoothSolver:  Solving for omega, Initial residual = 1.484297761e-05, Final residual = 1.174567664e-06, No Iterations 1
smoothSolver:  Solving for k, Initial residual = 0.0001785518732, Final residual = 4.488311582e-06, No Iterations 1

ExecutionTime = 1.95 s  ExecutionStepTime = 0.02 s  ClockTime = 2 s

forces FR write:
    Sum of forces
        Total    : ( 0.795006702 0 -10.09518521 )
        Pressure : ( 0.7483425761 0 -10.09748474 )
        Viscous  : ( 0.04666412583 0 0.002299534792 )
    Sum of moments
        Total    : ( -4.897633326 1.52484038 -0.3856938964 )
        Pressure : ( -4.898748935 1.527218042 -0.3630550073 )
        Viscous  : ( 0.001115608877 -0.002377661765 -0.02263888904 )


liftDrag LD execute:
Viscous drag: 0.003875124534, pressure drag: 0.06214454091, porous drag: 0
Viscous lift: 0.0001909600476, pressure lift: -0.838524459, porous lift: 0
Total lift: -0.838333499, Front lift: -0.2925395758, Rear lift: -0.5457939232, Drag: 0.06601966545
Location of Center of Mass: ( 0.1593065081 0.4851454654 -0.003834401379 )
Location of Center Of Pressure: ( 0.1513973146 0.4851454654 -0.004457258881 )


yPlus yPlus execute:
    patch Bottom y+ : min = 1.653970176, max = 518.6825432, average = 269.1102641
    patch Top y+ : min = 70.53454334, max = 536.5356789, average = 304.3515545
    patch e423_0 y+ : min = 113.9876616, max = 874.6551107, average = 389.6422445


################################################################################

Time = 145

Outer Loop Iteration = 145
smoothSolver:  Solving for Ux, Initial residual = 0.000325057163, Final residual = 4.601980406e-06, No Iterations 2
smoothSolver:  Solving for Uz, Initial residual = 0.0002205673394, Final residual = 3.70537975e-06, No Iterations 2
GAMG:  Solving for p, Initial residual = 0.0002951702803, Final residual = 1.377648891e-06, No Iterations 3
GAMG:  Solving for p, Initial residual = 2.691507677e-05, Final residual = 1.028414687e-07, No Iterations 3
GAMG:  Solving for p, Initial residual = 4.898027432e-06, Final residual = 3.842056546e-08, No Iterations 2
time step continuity errors (region0): sum local = 3.969046139e-09, global = -6.929352614e-10, cumulative = -1.371216566e-07
smoothSolver:  Solving for omega, Initial residual = 1.429973039e-05, Final residual = 1.12285952e-06, No Iterations 1
smoothSolver:  Solving for k, Initial residual = 0.0001640111727, Final residual = 4.146330544e-06, No Iterations 1

ExecutionTime = 1.96 s  ExecutionStepTime = 0.01 s  ClockTime = 2 s

forces FR write:
    Sum of forces
        Total    : ( 0.7949729103 0 -10.0952932 )
        Pressure : ( 0.7483073462 0 -10.0975928 )
        Viscous  : ( 0.04666556403 0 0.002299608455 )
    Sum of moments
        Total    : ( -4.897685715 1.524834801 -0.3856775025 )
        Pressure : ( -4.89880136 1.527212554 -0.3630379157 )
        Viscous  : ( 0.001115644614 -0.002377752491 -0.02263958678 )


liftDrag LD execute:
Viscous drag: 0.003875243966, pressure drag: 0.06214161532, porous drag: 0
Viscous lift: 0.0001909661648, pressure lift: -0.8385334326, porous lift: 0
Total lift: -0.8383424664, Front lift: -0.2925445228, Rear lift: -0.5457979436, Drag: 0.06601685928
Location of Center of Mass: ( 0.1593065081 0.4851454654 -0.003834401379 )
Location of Center Of Pressure: ( 0.1513951385 0.4851454654 -0.004457397104 )


yPlus yPlus execute:
    patch Bottom y+ : min = 1.650961224, max = 518.3907587, average = 268.9848646
    patch Top y+ : min = 70.55905659, max = 536.1774651, average = 304.1694697
    patch e423_0 y+ : min = 113.9865171, max = 874.6743224, average = 389.6463477


################################################################################

Time = 146

Outer Loop Iteration = 146
smoothSolver:  Solving for Ux, Initial residual = 0.000310977773, Final residual = 4.392832512e-06, No Iterations 2
smoothSolver:  Solving for Uz, Initial residual = 0.0002104984693, Final residual = 3.565939276e-06, No Iterations 2
GAMG:  Solving for p, Initial residual = 0.0002872257603, Final residual = 1.289800377e-06, No Iterations 3
GAMG:  Solving for p, Initial residual = 2.679323705e-05, Final residual = 2.653828478e-07, No Iterations 2
GAMG:  Solving for p, Initial residual = 5.073067016e-06, Final residual = 5.059248928e-08, No Iterations 2
time step continuity errors (region0): sum local = 5.227077499e-09, global = -1.001645384e-10, cumulative = -1.372218211e-07
smoothSolver:  Solving for omega, Initial residual = 1.376337446e-05, Final residual = 1.070404902e-06, No Iterations 1
smoothSolver:  Solving for k, Initial residual = 0.0001506886323, Final residual = 3.82645938e-06, No Iterations 1

ExecutionTime = 1.96 s  ExecutionStepTime = 0 s  ClockTime = 2 s

forces FR write:
    Sum of forces
        Total    : ( 0.7949523798 0 -10.09539384 )
        Pressure : ( 0.7482853469 0 -10.09769359 )
        Viscous  : ( 0.04666703293 0 0.002299750132 )
    Sum of moments
        Total    : ( -4.897734542 1.524832603 -0.3856675423 )
        Pressure : ( -4.898850256 1.527210455 -0.3630272428 )
        Viscous  : ( 0.001115713348 -0.002377851632 -0.02264029941 )


liftDrag LD execute:
Viscous drag: 0.003875365948, pressure drag: 0.06213978843, porous drag: 0
Viscous lift: 0.0001909779301, pressure lift: -0.8385418021, porous lift: 0
Total lift: -0.8383508242, Front lift: -0.2925488842, Rear lift: -0.54580194, Drag: 0.06601515438
Location of Center of Mass: ( 0.1593065081 0.4851454654 -0.003834401379 )
Location of Center Of Pressure: ( 0.1513934113 0.4851454654 -0.004457510809 )


yPlus yPlus execute:
    patch Bottom y+ : min = 1.648090006, max = 518.1062738, average = 268.8638915
    patch Top y+ : min = 70.58207208, max = 535.8421354, average = 303.9990384
    patch e423_0 y+ : min = 113.9865653, max = 874.6919879, average = 389.650879


################################################################################

Time = 147

Outer Loop Iteration = 147
smoothSolver:  Solving for Ux, Initial residual = 0.0002973983584, Final residual = 4.19272521e-06, No Iterations 2
smoothSolver:  Solving for Uz, Initial residual = 0.0002003538901, Final residual = 3.444964059e-06, No Iterations 2
GAMG:  Solving for p, Initial residual = 0.0002777247371, Final residual = 1.209463169e-06, No Iterations 3
GAMG:  Solving for p, Initial residual = 2.656870983e-05, Final residual = 2.535776526e-07, No Iterations 2
GAMG:  Solving for p, Initial residual = 5.175853979e-06, Final residual = 4.726309896e-08, No Iterations 2
time step continuity errors (region0): sum local = 4.883696802e-09, global = -2.099473879e-10, cumulative = -1.374317685e-07
smoothSolver:  Solving for omega, Initial residual = 1.323746886e-05, Final residual = 1.019131114e-06, No Iterations 1
smoothSolver:  Solving for k, Initial residual = 0.0001384766022, Final residual = 3.530439437e-06, No Iterations 1

ExecutionTime = 1.97 s  ExecutionStepTime = 0.01 s  ClockTime = 2 s

forces FR write:
    Sum of forces
        Total    : ( 0.7949438721 0 -10.09549119 )
        Pressure : ( 0.7482753501 0 -10.09779114 )
        Viscous  : ( 0.04666852193 0 0.002299951323 )
    Sum of moments
        Total    : ( -4.897781772 1.524834026 -0.3856634147 )
        Pressure : ( -4.898897583 1.527211984 -0.3630223929 )
        Viscous  : ( 0.001115810955 -0.002377958077 -0.02264102179 )


liftDrag LD execute:
Viscous drag: 0.003875489599, pressure drag: 0.06213895827, porous drag: 0
Viscous lift: 0.0001909946376, pressure lift: -0.8385499032, porous lift: 0
Total lift: -0.8383589086, Front lift: -0.2925528083, Rear lift: -0.5458061003, Drag: 0.06601444787
Location of Center of Mass: ( 0.1593065081 0.4851454654 -0.003834401379 )
Location of Center Of Pressure: ( 0.1513920957 0.4851454654 -0.004457601725 )


yPlus yPlus execute:
    patch Bottom y+ : min = 1.645360285, max = 517.8339947, average = 268.7482553
    patch Top y+ : min = 70.60335284, max = 535.5251769, average = 303.8399676
    patch e423_0 y+ : min = 113.9875945, max = 874.7081948, average = 389.6557653


################################################################################

Time = 148

Outer Loop Iteration = 148
smoothSolver:  Solving for Ux, Initial residual = 0.0002842414269, Final residual = 3.996330444e-06, No Iterations 2
smoothSolver:  Solving for Uz, Initial residual = 0.0001905574875, Final residual = 3.355034516e-06, No Iterations 2
GAMG:  Solving for p, Initial residual = 0.0002668560789, Final residual = 1.141326005e-06, No Iterations 3
GAMG:  Solving for p, Initial residual = 2.64875268e-05, Final residual = 2.466512193e-07, No Iterations 2
GAMG:  Solving for p, Initial residual = 5.357528559e-06, Final residual = 4.649439074e-08, No Iterations 2
time step continuity errors (region0): sum local = 4.804865537e-09, global = -6.640328985e-10, cumulative = -1.380958014e-07
smoothSolver:  Solving for omega, Initial residual = 1.27178402e-05, Final residual = 9.721513143e-07, No Iterations 1
smoothSolver:  Solving for k, Initial residual = 0.0001272797525, Final residual = 3.254092366e-06, No Iterations 1

ExecutionTime = 1.98 s  ExecutionStepTime = 0.01 s  ClockTime = 2 s

forces FR write:
    Sum of forces
        Total    : ( 0.7949460203 0 -10.09558823 )
        Pressure : ( 0.7482759988 0 -10.09788843 )
        Viscous  : ( 0.04667002153 0 0.002300203945 )
    Sum of moments
        Total    : ( -4.89782885 1.524839135 -0.385664457 )
        Pressure : ( -4.898944783 1.527217206 -0.3630227076 )
        Viscous  : ( 0.001115933513 -0.002378070749 -0.02264174931 )


liftDrag LD execute:
Viscous drag: 0.00387561413, pressure drag: 0.06213901213, porous drag: 0
Viscous lift: 0.000191015616, pressure lift: -0.8385579825, porous lift: 0
Total lift: -0.8383669669, Front lift: -0.2925564132, Rear lift: -0.5458105538, Drag: 0.06601462626
Location of Center of Mass: ( 0.1593065081 0.4851454654 -0.003834401379 )
Location of Center Of Pressure: ( 0.1513911531 0.4851454654 -0.004457671643 )


yPlus yPlus execute:
    patch Bottom y+ : min = 1.642774189, max = 517.5858974, average = 268.6397036
    patch Top y+ : min = 70.62273385, max = 535.2234405, average = 303.6923633
    patch e423_0 y+ : min = 113.9894081, max = 874.7230245, average = 389.6609383


################################################################################

Time = 149

Outer Loop Iteration = 149
smoothSolver:  Solving for Ux, Initial residual = 0.0002717472947, Final residual = 3.799594045e-06, No Iterations 2
smoothSolver:  Solving for Uz, Initial residual = 0.0001804942602, Final residual = 3.272627583e-06, No Iterations 2
GAMG:  Solving for p, Initial residual = 0.000255186599, Final residual = 1.084401156e-06, No Iterations 3
GAMG:  Solving for p, Initial residual = 2.59548804e-05, Final residual = 2.391764215e-07, No Iterations 2
GAMG:  Solving for p, Initial residual = 5.407000787e-06, Final residual = 4.591563463e-08, No Iterations 2
time step continuity errors (region0): sum local = 4.745628648e-09, global = -1.063582425e-09, cumulative = -1.391593838e-07
smoothSolver:  Solving for omega, Initial residual = 1.2214249e-05, Final residual = 9.25707623e-07, No Iterations 1
smoothSolver:  Solving for k, Initial residual = 0.0001170131818, Final residual = 2.997860071e-06, No Iterations 1

ExecutionTime = 1.99 s  ExecutionStepTime = 0.01 s  ClockTime = 2 s

forces FR write:
    Sum of forces
        Total    : ( 0.7949575582 0 -10.0956877 )
        Pressure : ( 0.7482860349 0 -10.0979882 )
        Viscous  : ( 0.04667152337 0 0.002300500357 )
    Sum of moments
        Total    : ( -4.897877107 1.52484796 -0.3856700545 )
        Pressure : ( -4.898993184 1.527226149 -0.3630275766 )
        Viscous  : ( 0.001116077316 -0.002378188602 -0.02264247793 )


liftDrag LD execute:
Viscous drag: 0.003875738848, pressure drag: 0.06213984556, porous drag: 0
Viscous lift: 0.0001910402309, pressure lift: -0.8385662674, porous lift: 0
Total lift: -0.8383752272, Front lift: -0.2925598104, Rear lift: -0.5458154168, Drag: 0.06601558441
Location of Center of Mass: ( 0.1593065081 0.4851454654 -0.003834401379 )
Location of Center Of Pressure: ( 0.1513905447 0.4851454654 -0.004457722451 )


yPlus yPlus execute:
    patch Bottom y+ : min = 1.640335347, max = 517.3691654, average = 268.5389348
    patch Top y+ : min = 70.64002646, max = 534.9379336, average = 303.5566924
    patch e423_0 y+ : min = 113.9918236, max = 874.7365653, average = 389.6663356


################################################################################

Time = 150

Outer Loop Iteration = 150
smoothSolver:  Solving for Ux, Initial residual = 0.0002596753746, Final residual = 3.598185377e-06, No Iterations 2
smoothSolver:  Solving for Uz, Initial residual = 0.0001702959635, Final residual = 3.195998044e-06, No Iterations 2
GAMG:  Solving for p, Initial residual = 0.0002422958311, Final residual = 1.017666713e-06, No Iterations 3
GAMG:  Solving for p, Initial residual = 2.431616159e-05, Final residual = 2.25126485e-07, No Iterations 2
GAMG:  Solving for p, Initial residual = 5.117450933e-06, Final residual = 4.102715432e-08, No Iterations 2
time step continuity errors (region0): sum local = 4.240871675e-09, global = -7.98674854e-10, cumulative = -1.399580587e-07
smoothSolver:  Solving for omega, Initial residual = 1.172735284e-05, Final residual = 8.800721012e-07, No Iterations 1
smoothSolver:  Solving for k, Initial residual = 0.0001075946568, Final residual = 2.762123238e-06, No Iterations 1

ExecutionTime = 1.99 s  ExecutionStepTime = 0 s  ClockTime = 2 s

forces FR write:
    Sum of forces
        Total    : ( 0.794977228 0 -10.09579185 )
        Pressure : ( 0.7483042079 0 -10.09809268 )
        Viscous  : ( 0.04667302015 0 0.002300833368 )
    Sum of moments
        Total    : ( -4.897927634 1.524860458 -0.3856795972 )
        Pressure : ( -4.899043873 1.527238769 -0.3630363931 )
        Viscous  : ( 0.001116238875 -0.002378310639 -0.02264320408 )


liftDrag LD execute:
Viscous drag: 0.003875863144, pressure drag: 0.0621413547, porous drag: 0
Viscous lift: 0.0001910678852, pressure lift: -0.8385749438, porous lift: 0
Total lift: -0.8383838759, Front lift: -0.2925630969, Rear lift: -0.545820779, Drag: 0.06601721784
Location of Center of Mass: ( 0.1593065081 0.4851454654 -0.003834401379 )
Location of Center Of Pressure: ( 0.1513902323 0.4851454654 -0.00445775605 )


yPlus yPlus execute:
    patch Bottom y+ : min = 1.638049116, max = 517.1837775, average = 268.4470781
    patch Top y+ : min = 70.65480627, max = 534.6738607, average = 303.4334431
    patch e423_0 y+ : min = 113.9946733, max = 874.748902, average = 389.6719006


################################################################################

Time = 151

Outer Loop Iteration = 151
smoothSolver:  Solving for Ux, Initial residual = 0.0002481127105, Final residual = 3.399840025e-06, No Iterations 2
smoothSolver:  Solving for Uz, Initial residual = 0.0001617138533, Final residual = 3.125359247e-06, No Iterations 2
GAMG:  Solving for p, Initial residual = 0.0002313903321, Final residual = 9.584622131e-07, No Iterations 3
GAMG:  Solving for p, Initial residual = 2.386969904e-05, Final residual = 2.214213336e-07, No Iterations 2
GAMG:  Solving for p, Initial residual = 5.116175671e-06, Final residual = 3.939762438e-08, No Iterations 2
time step continuity errors (region0): sum local = 4.072911016e-09, global = -7.986936746e-10, cumulative = -1.407567523e-07
smoothSolver:  Solving for omega, Initial residual = 1.1242218e-05, Final residual = 8.359534469e-07, No Iterations 1
smoothSolver:  Solving for k, Initial residual = 9.895551769e-05, Final residual = 2.546319882e-06, No Iterations 1

ExecutionTime = 2 s  ExecutionStepTime = 0.01 s  ClockTime = 2 s

forces FR write:
    Sum of forces
        Total    : ( 0.7950038056 0 -10.09590246 )
        Pressure : ( 0.7483293004 0 -10.09820366 )
        Viscous  : ( 0.04667450521 0 0.002301196193 )
    Sum of moments
        Total    : ( -4.897981298 1.524876526 -0.3856924912 )
        Pressure : ( -4.899097713 1.527254962 -0.3630485667 )
        Viscous  : ( 0.001116414898 -0.0023784359 -0.02264392455 )


liftDrag LD execute:
Viscous drag: 0.003875986468, pressure drag: 0.06214343846, porous drag: 0
Viscous lift: 0.0001910980152, pressure lift: -0.8385841596, porous lift: 0
Total lift: -0.8383930616, Front lift: -0.2925663554, Rear lift: -0.5458267062, Drag: 0.06601942493
Location of Center of Mass: ( 0.1593065081 0.4851454654 -0.003834401379 )
Location of Center Of Pressure: ( 0.1513901783 0.4851454654 -0.004457774308 )


yPlus yPlus execute:
    patch Bottom y+ : min = 1.635923824, max = 517.0262512, average = 268.3596588
    patch Top y+ : min = 70.66758174, max = 534.4328202, average = 303.3222407
    patch e423_0 y+ : min = 113.9978041, max = 874.7601185, average = 389.6775812


################################################################################

Time = 152

Outer Loop Iteration = 152
smoothSolver:  Solving for Ux, Initial residual = 0.000237027153, Final residual = 3.216152063e-06, No Iterations 2
smoothSolver:  Solving for Uz, Initial residual = 0.000153489823, Final residual = 3.062101627e-06, No Iterations 2
GAMG:  Solving for p, Initial residual = 0.0002247431222, Final residual = 9.014257217e-07, No Iterations 3
GAMG:  Solving for p, Initial residual = 2.346394967e-05, Final residual = 2.209734631e-07, No Iterations 2
GAMG:  Solving for p, Initial residual = 5.140323178e-06, Final residual = 3.77028895e-08, No Iterations 2
time step continuity errors (region0): sum local = 3.898177226e-09, global = -7.825618602e-10, cumulative = -1.415393142e-07
smoothSolver:  Solving for omega, Initial residual = 1.076559278e-05, Final residual = 7.926935878e-07, No Iterations 1
smoothSolver:  Solving for k, Initial residual = 9.102779806e-05, Final residual = 2.345005197e-06, No Iterations 1

ExecutionTime = 2.02 s  ExecutionStepTime = 0.02 s  ClockTime = 2 s

forces FR write:
    Sum of forces
        Total    : ( 0.7950361631 0 -10.09602114 )
        Pressure : ( 0.7483601908 0 -10.09832272 )
        Viscous  : ( 0.04667597224 0 0.002301582396 )
    Sum of moments
        Total    : ( -4.898038872 1.52489606 -0.3857081893 )
        Pressure : ( -4.899155474 1.527274623 -0.363063553 )
        Viscous  : ( 0.001116602263 -0.002378563462 -0.02264463627 )


liftDrag LD execute:
Viscous drag: 0.003876108294, pressure drag: 0.06214600369, porous drag: 0
Viscous lift: 0.0001911300866, pressure lift: -0.8385940468, porous lift: 0
Total lift: -0.8384029167, Front lift: -0.2925696609, Rear lift: -0.5458332558, Drag: 0.06602211198
Location of Center of Mass: ( 0.1593065081 0.4851454654 -0.003834401379 )
Location of Center Of Pressure: ( 0.1513903482 0.4851454654 -0.004457778975 )


yPlus yPlus execute:
    patch Bottom y+ : min = 1.633963233, max = 516.8868058, average = 268.2729392
    patch Top y+ : min = 70.67824927, max = 534.2102941, average = 303.2226598
    patch e423_0 y+ : min = 114.001078, max = 874.7702975, average = 389.6833283


################################################################################

Time = 153

Outer Loop Iteration = 153
smoothSolver:  Solving for Ux, Initial residual = 0.0002262357925, Final residual = 3.036831505e-06, No Iterations 2
smoothSolver:  Solving for Uz, Initial residual = 0.0001453199352, Final residual = 2.991228033e-06, No Iterations 2
GAMG:  Solving for p, Initial residual = 0.0002171100746, Final residual = 8.331240281e-07, No Iterations 3
GAMG:  Solving for p, Initial residual = 2.508790502e-05, Final residual = 2.325420794e-07, No Iterations 2
GAMG:  Solving for p, Initial residual = 5.00598267e-06, Final residual = 3.904816477e-08, No Iterations 2
time step continuity errors (region0): sum local = 4.037794104e-09, global = 4.359957208e-10, cumulative = -1.411033185e-07
smoothSolver:  Solving for omega, Initial residual = 1.030703816e-05, Final residual = 7.519259895e-07, No Iterations 1
smoothSolver:  Solving for k, Initial residual = 8.376027658e-05, Final residual = 2.156916155e-06, No Iterations 1

ExecutionTime = 2.03 s  ExecutionStepTime = 0.01 s  ClockTime = 2 s

forces FR write:
    Sum of forces
        Total    : ( 0.7950732421 0 -10.09614919 )
        Pressure : ( 0.748395827 0 -10.09845117 )
        Viscous  : ( 0.04667741507 0 0.002301985863 )
    Sum of moments
        Total    : ( -4.898100996 1.524918933 -0.385726178 )
        Pressure : ( -4.899217794 1.527297625 -0.3630808418 )
        Viscous  : ( 0.001116798003 -0.002378692439 -0.02264533626 )


liftDrag LD execute:
Viscous drag: 0.003876228111, pressure drag: 0.06214896302, porous drag: 0
Viscous lift: 0.0001911635917, pressure lift: -0.838604714, porous lift: 0
Total lift: -0.8384135505, Front lift: -0.2925730783, Rear lift: -0.5458404722, Drag: 0.06602519113
Location of Center of Mass: ( 0.1593065081 0.4851454654 -0.003834401379 )
Location of Center Of Pressure: ( 0.1513907094 0.4851454654 -0.004457771693 )


yPlus yPlus execute:
    patch Bottom y+ : min = 1.632165807, max = 516.7614969, average = 268.1774439
    patch Top y+ : min = 70.68716523, max = 534.0012333, average = 303.1335924
    patch e423_0 y+ : min = 114.0043709, max = 874.7795195, average = 389.6890952


################################################################################

Time = 154

Outer Loop Iteration = 154
smoothSolver:  Solving for Ux, Initial residual = 0.0002158018492, Final residual = 2.862218312e-06, No Iterations 2
smoothSolver:  Solving for Uz, Initial residual = 0.0001377388593, Final residual = 2.912930118e-06, No Iterations 2
GAMG:  Solving for p, Initial residual = 0.0002086508351, Final residual = 7.850222632e-07, No Iterations 3
GAMG:  Solving for p, Initial residual = 2.510636641e-05, Final residual = 2.396195183e-07, No Iterations 2
GAMG:  Solving for p, Initial residual = 5.120825156e-06, Final residual = 4.028527625e-08, No Iterations 2
time step continuity errors (region0): sum local = 4.166295928e-09, global = 6.312234067e-10, cumulative = -1.404720951e-07
smoothSolver:  Solving for omega, Initial residual = 9.863742924e-06, Final residual = 7.146197661e-07, No Iterations 1
smoothSolver:  Solving for k, Initial residual = 7.709632101e-05, Final residual = 1.981624046e-06, No Iterations 1

ExecutionTime = 2.04 s  ExecutionStepTime = 0.01 s  ClockTime = 2 s

forces FR write:
    Sum of forces
        Total    : ( 0.7951141006 0 -10.0962878 )
        Pressure : ( 0.748435273 0 -10.0985902 )
        Viscous  : ( 0.04667882768 0 0.002302400808 )
    Sum of moments
        Total    : ( -4.898168245 1.524945037 -0.3857460004 )
        Pressure : ( -4.899285244 1.527323859 -0.3630999788 )
        Viscous  : ( 0.001116999311 -0.00237882198 -0.02264602158 )


liftDrag LD execute:
Viscous drag: 0.003876345418, pressure drag: 0.06215223873, porous drag: 0
Viscous lift: 0.0001911980499, pressure lift: -0.8386162596, porous lift: 0
Total lift: -0.8384250616, Front lift: -0.292576666, Rear lift: -0.5458483955, Drag: 0.06602858414
Location of Center of Mass: ( 0.1593065081 0.4851454654 -0.003834401379 )
Location of Center Of Pressure: ( 0.1513912331 0.4851454654 -0.004457753928 )


yPlus yPlus execute:
    patch Bottom y+ : min = 1.256001104, max = 516.653546, average = 268.0877923
    patch Top y+ : min = 70.69412654, max = 533.8074217, average = 303.0558111
    patch e423_0 y+ : min = 114.0075726, max = 874.7878638, average = 389.694837


################################################################################

Time = 155

Outer Loop Iteration = 155
smoothSolver:  Solving for Ux, Initial residual = 0.0002058820444, Final residual = 2.694525799e-06, No Iterations 2
smoothSolver:  Solving for Uz, Initial residual = 0.0001304039794, Final residual = 2.844778014e-06, No Iterations 2
GAMG:  Solving for p, Initial residual = 0.0002014217896, Final residual = 7.436663057e-07, No Iterations 3
GAMG:  Solving for p, Initial residual = 2.430303559e-05, Final residual = 2.420108811e-07, No Iterations 2
GAMG:  Solving for p, Initial residual = 5.015336315e-06, Final residual = 4.139132262e-08, No Iterations 2
time step continuity errors (region0): sum local = 4.281275213e-09, global = 7.472517051e-10, cumulative = -1.397248434e-07
smoothSolver:  Solving for omega, Initial residual = 9.44816077e-06, Final residual = 6.795754829e-07, No Iterations 1
smoothSolver:  Solving for k, Initial residual = 7.096413747e-05, Final residual = 1.818291845e-06, No Iterations 1

ExecutionTime = 2.04 s  ExecutionStepTime = 0 s  ClockTime = 2 s

forces FR write:
    Sum of forces
        Total    : ( 0.7951578017 0 -10.09643775 )
        Pressure : ( 0.7484775974 0 -10.09874057 )
        Viscous  : ( 0.04668020433 0 0.002302821808 )
    Sum of moments
        Total    : ( -4.898240991 1.524974201 -0.3857672018 )
        Pressure : ( -4.899358194 1.527353153 -0.3631205123 )
        Viscous  : ( 0.001117203558 -0.002378951279 -0.02264668945 )


liftDrag LD execute:
Viscous drag: 0.003876459739, pressure drag: 0.06215575347, porous drag: 0
Viscous lift: 0.0001912330109, pressure lift: -0.8386287466, porous lift: 0
Total lift: -0.8384375136, Front lift: -0.2925804702, Rear lift: -0.5458570434, Drag: 0.06603221321
Location of Center of Mass: ( 0.1593065081 0.4851454654 -0.003834401379 )
Location of Center Of Pressure: ( 0.1513918905 0.4851454654 -0.00445772716 )


yPlus yPlus execute:
    patch Bottom y+ : min = 1.618545829, max = 516.5624146, average = 268.1907455
    patch Top y+ : min = 70.69925405, max = 533.6326728, average = 302.9892269
    patch e423_0 y+ : min = 114.0105863, max = 874.795406, average = 389.7005113


################################################################################

Time = 156

Outer Loop Iteration = 156
smoothSolver:  Solving for Ux, Initial residual = 0.0001963532968, Final residual = 2.536457595e-06, No Iterations 2
smoothSolver:  Solving for Uz, Initial residual = 0.0001236451332, Final residual = 2.775024789e-06, No Iterations 2
GAMG:  Solving for p, Initial residual = 0.0001936934416, Final residual = 7.244191748e-07, No Iterations 3
GAMG:  Solving for p, Initial residual = 2.345412027e-05, Final residual = 8.503286893e-08, No Iterations 3
GAMG:  Solving for p, Initial residual = 4.880813151e-06, Final residual = 3.166960409e-08, No Iterations 2
time step continuity errors (region0): sum local = 3.276167985e-09, global = -5.954803916e-10, cumulative = -1.403203238e-07
smoothSolver:  Solving for omega, Initial residual = 9.046155454e-06, Final residual = 6.461818529e-07, No Iterations 1
smoothSolver:  Solving for k, Initial residual = 6.532653011e-05, Final residual = 1.670397388e-06, No Iterations 1

ExecutionTime = 2.05 s  ExecutionStepTime = 0.01 s  ClockTime = 2 s

forces FR write:
    Sum of forces
        Total    : ( 0.795203539 0 -10.09659978 )
        Pressure : ( 0.7485219991 0 -10.09890302 )
        Viscous  : ( 0.04668153984 0 0.002303243846 )
    Sum of moments
        Total    : ( -4.898319598 1.525006279 -0.385789391 )
        Pressure : ( -4.899437006 1.527385359 -0.3631420536 )
        Viscous  : ( 0.001117408308 -0.00237907958 -0.02264733737 )


liftDrag LD execute:
Viscous drag: 0.003876570644, pressure drag: 0.06215944072, porous drag: 0
Viscous lift: 0.0001912680582, pressure lift: -0.8386422369, porous lift: 0
Total lift: -0.8384509689, Front lift: -0.292584534, Rear lift: -0.5458664349, Drag: 0.06603601136
Location of Center of Mass: ( 0.1593065081 0.4851454654 -0.003834401379 )
Location of Center Of Pressure: ( 0.1513926555 0.4851454654 -0.004457692754 )


yPlus yPlus execute:
    patch Bottom y+ : min = 1.559838044, max = 516.4889758, average = 268.2496242
    patch Top y+ : min = 70.70241143, max = 533.478563, average = 302.9333644
    patch e423_0 y+ : min = 114.0133278, max = 874.802221, average = 389.7060793


################################################################################

Time = 157

Outer Loop Iteration = 157
smoothSolver:  Solving for Ux, Initial residual = 0.0001876248975, Final residual = 2.386808748e-06, No Iterations 2
smoothSolver:  Solving for Uz, Initial residual = 0.0001175910799, Final residual = 2.705054192e-06, No Iterations 2
GAMG:  Solving for p, Initial residual = 0.0001852676349, Final residual = 7.202640572e-07, No Iterations 3
GAMG:  Solving for p, Initial residual = 2.273632942e-05, Final residual = 8.911857148e-08, No Iterations 3
GAMG:  Solving for p, Initial residual = 4.81827908e-06, Final residual = 3.235315015e-08, No Iterations 2
time step continuity errors (region0): sum local = 3.34731365e-09, global = -5.524987547e-10, cumulative = -1.408728225e-07
smoothSolver:  Solving for omega, Initial residual = 8.658071335e-06, Final residual = 6.142118508e-07, No Iterations 1
smoothSolver:  Solving for k, Initial residual = 6.01361901e-05, Final residual = 1.534196551e-06, No Iterations 1

ExecutionTime = 2.06 s  ExecutionStepTime = 0.01 s  ClockTime = 2 s

forces FR write:
    Sum of forces
        Total    : ( 0.795250317 0 -10.09677323 )
        Pressure : ( 0.7485674872 0 -10.09907689 )
        Viscous  : ( 0.04668282986 0 0.002303662495 )
    Sum of moments
        Total    : ( -4.898403745 1.525040878 -0.3858120851 )
        Pressure : ( -4.899521357 1.527420084 -0.3631641219 )
        Viscous  : ( 0.001117611413 -0.002379206204 -0.02264796322 )


liftDrag LD execute:
Viscous drag: 0.003876677771, pressure drag: 0.06216321818, porous drag: 0
Viscous lift: 0.0001913028241, pressure lift: -0.8386566752, porous lift: 0
Total lift: -0.8384653724, Front lift: -0.2925888626, Rear lift: -0.5458765098, Drag: 0.06603989595
Location of Center of Mass: ( 0.1593065081 0.4851454654 -0.003834401379 )
Location of Center Of Pressure: ( 0.151393499 0.4851454654 -0.004457652277 )


yPlus yPlus execute:
    patch Bottom y+ : min = 1.48971019, max = 516.434161, average = 268.2981867
    patch Top y+ : min = 70.70395057, max = 533.345021, average = 302.8875573
    patch e423_0 y+ : min = 114.0157248, max = 874.8083742, average = 389.7115066


################################################################################

Time = 158

Outer Loop Iteration = 158
smoothSolver:  Solving for Ux, Initial residual = 0.0001794999713, Final residual = 2.253735716e-06, No Iterations 2
smoothSolver:  Solving for Uz, Initial residual = 0.0001119717183, Final residual = 2.625155114e-06, No Iterations 2
GAMG:  Solving for p, Initial residual = 0.0001764520893, Final residual = 7.160696228e-07, No Iterations 3
GAMG:  Solving for p, Initial residual = 2.20913916e-05, Final residual = 9.158745202e-08, No Iterations 3
GAMG:  Solving for p, Initial residual = 4.78825412e-06, Final residual = 3.273243441e-08, No Iterations 2
time step continuity errors (region0): sum local = 3.386975202e-09, global = -4.915409967e-10, cumulative = -1.413643635e-07
smoothSolver:  Solving for omega, Initial residual = 8.282984558e-06, Final residual = 5.851581639e-07, No Iterations 1
smoothSolver:  Solving for k, Initial residual = 5.535735006e-05, Final residual = 1.407357299e-06, No Iterations 1

ExecutionTime = 2.06 s  ExecutionStepTime = 0 s  ClockTime = 2 s

forces FR write:
    Sum of forces
        Total    : ( 0.7952975742 0 -10.09695867 )
        Pressure : ( 0.7486135032 0 -10.09926274 )
        Viscous  : ( 0.04668407094 0 0.002304073777 )
    Sum of moments
        Total    : ( -4.898493711 1.525077879 -0.3858350117 )
        Pressure : ( -4.899611522 1.52745721 -0.3631864464 )
        Viscous  : ( 0.001117810945 -0.002379330534 -0.02264856532 )


liftDrag LD execute:
Viscous drag: 0.003876780834, pressure drag: 0.06216703948, porous drag: 0
Viscous lift: 0.0001913369781, pressure lift: -0.838672109, porous lift: 0
Total lift: -0.8384807721, Front lift: -0.2925934897, Rear lift: -0.5458872824, Drag: 0.06604382032
Location of Center of Mass: ( 0.1593065081 0.4851454654 -0.003834401379 )
Location of Center Of Pressure: ( 0.1513944004 0.4851454654 -0.004457606867 )


yPlus yPlus execute:
    patch Bottom y+ : min = 1.42119286, max = 516.3969905, average = 268.3439391
    patch Top y+ : min = 70.70389624, max = 533.2304805, average = 302.8509875
    patch e423_0 y+ : min = 114.0177184, max = 874.8139387, average = 389.7167641


################################################################################

Time = 159

Outer Loop Iteration = 159
smoothSolver:  Solving for Ux, Initial residual = 0.0001719741079, Final residual = 2.131103471e-06, No Iterations 2
smoothSolver:  Solving for Uz, Initial residual = 0.000106977442, Final residual = 2.539122747e-06, No Iterations 2
GAMG:  Solving for p, Initial residual = 0.0001697249777, Final residual = 7.150284628e-07, No Iterations 3
GAMG:  Solving for p, Initial residual = 2.151331547e-05, Final residual = 9.363947558e-08, No Iterations 3
GAMG:  Solving for p, Initial residual = 4.795008829e-06, Final residual = 3.264723177e-08, No Iterations 2
time step continuity errors (region0): sum local = 3.378560581e-09, global = -5.148656569e-10, cumulative = -1.418792292e-07
smoothSolver:  Solving for omega, Initial residual = 7.92467932e-06, Final residual = 5.575877225e-07, No Iterations 1
smoothSolver:  Solving for k, Initial residual = 5.095620494e-05, Final residual = 1.292300976e-06, No Iterations 1

ExecutionTime = 2.07 s  ExecutionStepTime = 0 s  ClockTime = 2 s

forces FR write:
    Sum of forces
        Total    : ( 0.7953445537 0 -10.09715552 )
        Pressure : ( 0.7486592931 0 -10.09946 )
        Viscous  : ( 0.0466852606 0 0.002304474243 )
    Sum of moments
        Total    : ( -4.898589216 1.525116952 -0.3858578036 )
        Pressure : ( -4.899707221 1.527496404 -0.3632086612 )
        Viscous  : ( 0.001118005229 -0.002379452027 -0.02264914248 )


liftDrag LD execute:
Viscous drag: 0.003876879627, pressure drag: 0.06217084201, porous drag: 0
Viscous lift: 0.000191370234, pressure lift: -0.8386884899, porous lift: 0
Total lift: -0.8384971196, Front lift: -0.2925984188, Rear lift: -0.5458987009, Drag: 0.06604772164
Location of Center of Mass: ( 0.1593065081 0.4851454654 -0.003834401379 )
Location of Center Of Pressure: ( 0.1513953353 0.4851454654 -0.004457557885 )


yPlus yPlus execute:
    patch Bottom y+ : min = 1.358442379, max = 516.3767622, average = 268.3889923
    patch Top y+ : min = 70.70255803, max = 533.1332802, average = 302.8227895
    patch e423_0 y+ : min = 114.0192604, max = 874.8189746, average = 389.7218275


################################################################################

Time = 160

Outer Loop Iteration = 160
smoothSolver:  Solving for Ux, Initial residual = 0.000165262089, Final residual = 2.015693497e-06, No Iterations 2
smoothSolver:  Solving for Uz, Initial residual = 0.0001033385982, Final residual = 2.451277644e-06, No Iterations 2
GAMG:  Solving for p, Initial residual = 0.0001646714884, Final residual = 7.10078011e-07, No Iterations 3
GAMG:  Solving for p, Initial residual = 2.159419417e-05, Final residual = 1.767674879e-07, No Iterations 2
GAMG:  Solving for p, Initial residual = 4.666228039e-06, Final residual = 4.168210357e-08, No Iterations 2
time step continuity errors (region0): sum local = 4.314015376e-09, global = -3.246946712e-10, cumulative = -1.422039238e-07
smoothSolver:  Solving for omega, Initial residual = 7.583697291e-06, Final residual = 5.327007709e-07, No Iterations 1
smoothSolver:  Solving for k, Initial residual = 4.689291815e-05, Final residual = 1.185398969e-06, No Iterations 1

ExecutionTime = 2.09 s  ExecutionStepTime = 0.02 s  ClockTime = 2 s

forces FR write:
    Sum of forces
        Total    : ( 0.7953905711 0 -10.09736294 )
        Pressure : ( 0.7487041741 0 -10.0996678 )
        Viscous  : ( 0.04668639699 0 0.002304860942 )
    Sum of moments
        Total    : ( -4.898689843 1.525157746 -0.3858801287 )
        Pressure : ( -4.899808036 1.527537317 -0.3632304349 )
        Viscous  : ( 0.001118192834 -0.002379570208 -0.02264969379 )


liftDrag LD execute:
Viscous drag: 0.003876973996, pressure drag: 0.06217456905, porous drag: 0
Viscous lift: 0.0001914023466, pressure lift: -0.8387057464, porous lift: 0
Total lift: -0.8385143441, Front lift: -0.2926036433, Rear lift: -0.5459107008, Drag: 0.06605154305
Location of Center of Mass: ( 0.1593065081 0.4851454654 -0.003834401379 )
Location of Center Of Pressure: ( 0.1513962818 0.4851454654 -0.004457506584 )


yPlus yPlus execute:
    patch Bottom y+ : min = 1.303281274, max = 516.3736073, average = 268.4334994
    patch Top y+ : min = 70.7001602, max = 533.05699, average = 302.8028592
    patch e423_0 y+ : min = 114.0203135, max = 874.8235413, average = 389.7266774


################################################################################

Time = 161

Outer Loop Iteration = 161
smoothSolver:  Solving for Ux, Initial residual = 0.0001583219763, Final residual = 1.915061471e-06, No Iterations 2
smoothSolver:  Solving for Uz, Initial residual = 0.0001005555409, Final residual = 2.36094652e-06, No Iterations 2
GAMG:  Solving for p, Initial residual = 0.0001606239377, Final residual = 7.10564375e-07, No Iterations 3
GAMG:  Solving for p, Initial residual = 2.203108809e-05, Final residual = 1.749978167e-07, No Iterations 2
GAMG:  Solving for p, Initial residual = 5.047259328e-06, Final residual = 4.737768343e-08, No Iterations 2
time step continuity errors (region0): sum local = 4.903973116e-09, global = 6.229841239e-10, cumulative = -1.415809397e-07
smoothSolver:  Solving for omega, Initial residual = 7.253272725e-06, Final residual = 5.088143638e-07, No Iterations 1
smoothSolver:  Solving for k, Initial residual = 4.314101393e-05, Final residual = 1.085837801e-06, No Iterations 1

ExecutionTime = 2.1 s  ExecutionStepTime = 0.01 s  ClockTime = 2 s

forces FR write:
    Sum of forces
        Total    : ( 0.7954352641 0 -10.09758107 )
        Pressure : ( 0.7487477853 0 -10.0998863 )
        Viscous  : ( 0.04668747878 0 0.002305231245 )
    Sum of moments
        Total    : ( -4.898795668 1.525200138 -0.3859018114 )
        Pressure : ( -4.89991404 1.527579823 -0.3632515927 )
        Viscous  : ( 0.001118372485 -0.002379684649 -0.02265021862 )


liftDrag LD execute:
Viscous drag: 0.003877063831, pressure drag: 0.06217819066, porous drag: 0
Viscous lift: 0.0001914330976, pressure lift: -0.8387238914, porous lift: 0
Total lift: -0.8385324583, Front lift: -0.2926091801, Rear lift: -0.5459232782, Drag: 0.06605525449
Location of Center of Mass: ( 0.1593065081 0.4851454654 -0.003834401379 )
Location of Center Of Pressure: ( 0.151397225 0.4851454654 -0.00445745383 )


yPlus yPlus execute:
    patch Bottom y+ : min = 1.256380142, max = 516.3867346, average = 268.477378
    patch Top y+ : min = 70.69651855, max = 533.0103104, average = 302.7920558
    patch e423_0 y+ : min = 114.0208515, max = 874.8276993, average = 389.7312973


################################################################################

Time = 162

Outer Loop Iteration = 162
smoothSolver:  Solving for Ux, Initial residual = 0.0001522865905, Final residual = 1.828589056e-06, No Iterations 2
smoothSolver:  Solving for Uz, Initial residual = 9.749215709e-05, Final residual = 2.271678374e-06, No Iterations 2
GAMG:  Solving for p, Initial residual = 0.0001533809977, Final residual = 6.903137141e-07, No Iterations 3
GAMG:  Solving for p, Initial residual = 2.092561899e-05, Final residual = 1.710505955e-07, No Iterations 2
GAMG:  Solving for p, Initial residual = 4.809510687e-06, Final residual = 4.71367757e-08, No Iterations 2
time step continuity errors (region0): sum local = 4.879464417e-09, global = 6.081814566e-10, cumulative = -1.409727583e-07
smoothSolver:  Solving for omega, Initial residual = 6.937970343e-06, Final residual = 4.85810425e-07, No Iterations 1
smoothSolver:  Solving for k, Initial residual = 3.967478006e-05, Final residual = 9.932392871e-07, No Iterations 1

ExecutionTime = 2.11 s  ExecutionStepTime = 0.01 s  ClockTime = 2 s

forces FR write:
    Sum of forces
        Total    : ( 0.7954780141 0 -10.0978086 )
        Pressure : ( 0.7487895091 0 -10.10011418 )
        Viscous  : ( 0.04668850499 0 0.002305582949 )
    Sum of moments
        Total    : ( -4.898906052 1.525243735 -0.3859225513 )
        Pressure : ( -4.900024595 1.52762353 -0.3632718349 )
        Viscous  : ( 0.001118543113 -0.002379794989 -0.02265071648 )


liftDrag LD execute:
Viscous drag: 0.00387714905, pressure drag: 0.06218165553, porous drag: 0
Viscous lift: 0.0001914623041, pressure lift: -0.8387428152, porous lift: 0
Total lift: -0.8385513529, Front lift: -0.292615007, Rear lift: -0.5459363459, Drag: 0.06605880458
Location of Center of Mass: ( 0.1593065081 0.4851454654 -0.003834401379 )
Location of Center Of Pressure: ( 0.1513981458 0.4851454654 -0.004457400739 )


yPlus yPlus execute:
    patch Bottom y+ : min = 1.218864354, max = 516.4088103, average = 268.5214118
    patch Top y+ : min = 70.69192415, max = 532.985353, average = 302.7887987
    patch e423_0 y+ : min = 114.0208555, max = 874.8314966, average = 389.735674


################################################################################

Time = 163

Outer Loop Iteration = 163
smoothSolver:  Solving for Ux, Initial residual = 0.0001465832652, Final residual = 1.74414899e-06, No Iterations 2
smoothSolver:  Solving for Uz, Initial residual = 9.467290623e-05, Final residual = 2.181717908e-06, No Iterations 2
GAMG:  Solving for p, Initial residual = 0.000149572678, Final residual = 6.839393727e-07, No Iterations 3
GAMG:  Solving for p, Initial residual = 2.025231373e-05, Final residual = 1.686305735e-07, No Iterations 2
GAMG:  Solving for p, Initial residual = 4.71025181e-06, Final residual = 4.694243104e-08, No Iterations 2
time step continuity errors (region0): sum local = 4.859732423e-09, global = 5.694396863e-10, cumulative = -1.404033186e-07
smoothSolver:  Solving for omega, Initial residual = 6.636459602e-06, Final residual = 4.639103936e-07, No Iterations 1
smoothSolver:  Solving for k, Initial residual = 3.647181654e-05, Final residual = 9.07418872e-07, No Iterations 1

ExecutionTime = 2.11 s  ExecutionStepTime = 0 s  ClockTime = 2 s

forces FR write:
    Sum of forces
        Total    : ( 0.7955184766 0 -10.09804491 )
        Pressure : ( 0.7488290019 0 -10.10035082 )
        Viscous  : ( 0.04668947473 0 0.002305914149 )
    Sum of moments
        Total    : ( -4.899020696 1.525288317 -0.3859421815 )
        Pressure : ( -4.9001394 1.527668218 -0.3632909946 )
        Viscous  : ( 0.001118703793 -0.002379900905 -0.02265118694 )


liftDrag LD execute:
Viscous drag: 0.00387722958, pressure drag: 0.06218493512, porous drag: 0
Viscous lift: 0.0001914898079, pressure lift: -0.8387624664, porous lift: 0
Total lift: -0.8385709766, Front lift: -0.2926211166, Rear lift: -0.54594986, Drag: 0.0660621647
Location of Center of Mass: ( 0.1593065081 0.4851454654 -0.003834401379 )
Location of Center Of Pressure: ( 0.1513990316 0.4851454654 -0.004457348069 )


yPlus yPlus execute:
    patch Bottom y+ : min = 1.190258585, max = 516.4406496, average = 268.5652108
    patch Top y+ : min = 70.68638082, max = 532.9803075, average = 302.7924648
    patch e423_0 y+ : min = 114.0203161, max = 874.834985, average = 389.7397963


################################################################################

Time = 164

Outer Loop Iteration = 164
smoothSolver:  Solving for Ux, Initial residual = 0.0001410612625, Final residual = 1.66349896e-06, No Iterations 2
smoothSolver:  Solving for Uz, Initial residual = 9.220093173e-05, Final residual = 2.090652779e-06, No Iterations 2
GAMG:  Solving for p, Initial residual = 0.0001460980001, Final residual = 6.752759197e-07, No Iterations 3
GAMG:  Solving for p, Initial residual = 1.975879996e-05, Final residual = 1.676796285e-07, No Iterations 2
GAMG:  Solving for p, Initial residual = 4.651728125e-06, Final residual = 1.437547446e-08, No Iterations 3
time step continuity errors (region0): sum local = 1.488340634e-09, global = 1.414288129e-10, cumulative = -1.402618898e-07
smoothSolver:  Solving for omega, Initial residual = 6.350138812e-06, Final residual = 4.425849289e-07, No Iterations 1
smoothSolver:  Solving for k, Initial residual = 3.351273518e-05, Final residual = 8.293171285e-07, No Iterations 1

ExecutionTime = 2.12 s  ExecutionStepTime = 0.01 s  ClockTime = 2 s

forces FR write:
    Sum of forces
        Total    : ( 0.7955563932 0 -10.09828947 )
        Pressure : ( 0.7488660059 0 -10.10059569 )
        Viscous  : ( 0.04669038735 0 0.002306223213 )
    Sum of moments
        Total    : ( -4.899139343 1.525333704 -0.3859605766 )
        Pressure : ( -4.900258197 1.527713706 -0.3633089469 )
        Viscous  : ( 0.001118853734 -0.002380002122 -0.0226516297 )


liftDrag LD execute:
Viscous drag: 0.003877305367, pressure drag: 0.06218800804, porous drag: 0
Viscous lift: 0.0001915154735, pressure lift: -0.8387828011, porous lift: 0
Total lift: -0.8385912856, Front lift: -0.2926275021, Rear lift: -0.5459637836, Drag: 0.06606531341
Location of Center of Mass: ( 0.1593065081 0.4851454654 -0.003834401379 )
Location of Center Of Pressure: ( 0.1513998722 0.4851454654 -0.004457296451 )


yPlus yPlus execute:
    patch Bottom y+ : min = 1.170819726, max = 516.4821433, average = 268.6093208
    patch Top y+ : min = 70.68006577, max = 532.9918091, average = 302.801711
    patch e423_0 y+ : min = 114.0192315, max = 874.8382124, average = 389.7436546


################################################################################

Time = 165

Outer Loop Iteration = 165
smoothSolver:  Solving for Ux, Initial residual = 0.0001357058749, Final residual = 1.598672584e-06, No Iterations 2
smoothSolver:  Solving for Uz, Initial residual = 8.981976759e-05, Final residual = 1.999124059e-06, No Iterations 2
GAMG:  Solving for p, Initial residual = 0.0001426521434, Final residual = 6.632912946e-07, No Iterations 3
GAMG:  Solving for p, Initial residual = 1.602144444e-05, Final residual = 5.972047129e-08, No Iterations 3
GAMG:  Solving for p, Initial residual = 3.287895279e-06, Final residual = 3.068336868e-08, No Iterations 2
time step continuity errors (region0): sum local = 3.176961947e-09, global = 4.965917012e-10, cumulative = -1.397652981e-07
smoothSolver:  Solving for omega, Initial residual = 6.074538131e-06, Final residual = 4.220386327e-07, No Iterations 1
smoothSolver:  Solving for k, Initial residual = 3.078969105e-05, Final residual = 7.574657728e-07, No Iterations 1

ExecutionTime = 2.13 s  ExecutionStepTime = 0.01 s  ClockTime = 2 s

forces FR write:
    Sum of forces
        Total    : ( 0.795591313 0 -10.09854057 )
        Pressure : ( 0.7489000705 0 -10.10084708 )
        Viscous  : ( 0.04669124246 0 0.002306508898 )
    Sum of moments
        Total    : ( -4.899261166 1.525379498 -0.3859775178 )
        Pressure : ( -4.900380159 1.527759596 -0.3633254732 )
        Viscous  : ( 0.001118992333 -0.002380098418 -0.02265204455 )


liftDrag LD execute:
Viscous drag: 0.003877376378, pressure drag: 0.06219083686, porous drag: 0
Viscous lift: 0.0001915391976, pressure lift: -0.8388036774, porous lift: 0
Total lift: -0.8386121382, Front lift: -0.2926341255, Rear lift: -0.5459780127, Drag: 0.06606821324
Location of Center of Mass: ( 0.1593065081 0.4851454654 -0.003834401379 )
Location of Center Of Pressure: ( 0.1514006537 0.4851454654 -0.004457246729 )


yPlus yPlus execute:
    patch Bottom y+ : min = 1.159179924, max = 516.5290806, average = 268.6526268
    patch Top y+ : min = 70.67331043, max = 533.0165086, average = 302.8161044
    patch e423_0 y+ : min = 114.017606, max = 874.8412127, average = 389.7472422


################################################################################

Time = 166

Outer Loop Iteration = 166
smoothSolver:  Solving for Ux, Initial residual = 0.0001303400605, Final residual = 1.535779737e-06, No Iterations 2
smoothSolver:  Solving for Uz, Initial residual = 8.747530165e-05, Final residual = 1.909892969e-06, No Iterations 2
GAMG:  Solving for p, Initial residual = 0.0001383667004, Final residual = 6.540911457e-07, No Iterations 3
GAMG:  Solving for p, Initial residual = 1.695455347e-05, Final residual = 6.467785325e-08, No Iterations 3
GAMG:  Solving for p, Initial residual = 3.094997422e-06, Final residual = 2.570442159e-08, No Iterations 2
time step continuity errors (region0): sum local = 2.661582674e-09, global = -7.959643237e-10, cumulative = -1.405612624e-07
smoothSolver:  Solving for omega, Initial residual = 5.807033872e-06, Final residual = 4.020411586e-07, No Iterations 1
smoothSolver:  Solving for k, Initial residual = 2.827078882e-05, Final residual = 6.910676982e-07, No Iterations 1

ExecutionTime = 2.14 s  ExecutionStepTime = 0.01 s  ClockTime = 2 s

forces FR write:
    Sum of forces
        Total    : ( 0.795623207 0 -10.09879797 )
        Pressure : ( 0.748931167 0 -10.10110474 )
        Viscous  : ( 0.04669204 0 0.002306770213 )
    Sum of moments
        Total    : ( -4.899386039 1.525425619 -0.385992991 )
        Pressure : ( -4.900505158 1.527805809 -0.3633405595 )
        Viscous  : ( 0.001119119108 -0.002380189614 -0.02265243147 )


liftDrag LD execute:
Viscous drag: 0.003877442608, pressure drag: 0.06219341921, porous drag: 0
Viscous lift: 0.0001915608979, pressure lift: -0.8388250737, porous lift: 0
Total lift: -0.8386335128, Front lift: -0.2926409827, Rear lift: -0.54599253, Drag: 0.06607086181
Location of Center of Mass: ( 0.1593065081 0.4851454654 -0.003834401379 )
Location of Center Of Pressure: ( 0.1514013723 0.4851454654 -0.004457199213 )


yPlus yPlus execute:
    patch Bottom y+ : min = 1.154100519, max = 516.5740982, average = 268.6938794
    patch Top y+ : min = 70.66624919, max = 533.0534535, average = 302.8355915
    patch e423_0 y+ : min = 114.0154516, max = 874.8440326, average = 389.750554


################################################################################

Time = 167

Outer Loop Iteration = 167
smoothSolver:  Solving for Ux, Initial residual = 0.000125051306, Final residual = 1.474469149e-06, No Iterations 2
smoothSolver:  Solving for Uz, Initial residual = 8.56583599e-05, Final residual = 1.820047612e-06, No Iterations 2
GAMG:  Solving for p, Initial residual = 0.0001333850804, Final residual = 6.404387728e-07, No Iterations 3
GAMG:  Solving for p, Initial residual = 1.698352637e-05, Final residual = 6.631765808e-08, No Iterations 3
GAMG:  Solving for p, Initial residual = 3.164503628e-06, Final residual = 2.582989788e-08, No Iterations 2
time step continuity errors (region0): sum local = 2.674700193e-09, global = -6.646318598e-10, cumulative = -1.412258942e-07
smoothSolver:  Solving for omega, Initial residual = 5.546172922e-06, Final residual = 3.826738175e-07, No Iterations 1
smoothSolver:  Solving for k, Initial residual = 2.594852791e-05, Final residual = 6.325667289e-07, No Iterations 1

ExecutionTime = 2.16 s  ExecutionStepTime = 0.02 s  ClockTime = 2 s

forces FR write:
    Sum of forces
        Total    : ( 0.7956518749 0 -10.09906049 )
        Pressure : ( 0.7489590944 0 -10.1013675 )
        Viscous  : ( 0.04669278051 0 0.002307006516 )
    Sum of moments
        Total    : ( -4.899513401 1.525471813 -0.3860068991 )
        Pressure : ( -4.900632635 1.527852088 -0.3633541084 )
        Viscous  : ( 0.00111923375 -0.002380275586 -0.02265279073 )


liftDrag LD execute:
Viscous drag: 0.003877504102, pressure drag: 0.06219573838, porous drag: 0
Viscous lift: 0.0001915805212, pressure lift: -0.838846894, porous lift: 0
Total lift: -0.8386553135, Front lift: -0.292648047, Rear lift: -0.5460072665, Drag: 0.06607324248
Location of Center of Mass: ( 0.1593065081 0.4851454654 -0.003834401379 )
Location of Center Of Pressure: ( 0.1514020198 0.4851454654 -0.004457154449 )


yPlus yPlus execute:
    patch Bottom y+ : min = 1.154149825, max = 516.6221838, average = 268.7349648
    patch Top y+ : min = 70.6586394, max = 533.1031452, average = 302.8586725
    patch e423_0 y+ : min = 114.0127848, max = 874.8467035, average = 389.7535886


################################################################################

Time = 168

Outer Loop Iteration = 168
smoothSolver:  Solving for Ux, Initial residual = 0.0001198754401, Final residual = 1.418992206e-06, No Iterations 2
smoothSolver:  Solving for Uz, Initial residual = 8.377203466e-05, Final residual = 1.731779705e-06, No Iterations 2
GAMG:  Solving for p, Initial residual = 0.0001303107945, Final residual = 6.35695808e-07, No Iterations 3
GAMG:  Solving for p, Initial residual = 1.695098332e-05, Final residual = 6.720517484e-08, No Iterations 3
GAMG:  Solving for p, Initial residual = 2.363968378e-06, Final residual = 2.138529454e-08, No Iterations 2
time step continuity errors (region0): sum local = 2.214546031e-09, global = -4.558201273e-10, cumulative = -1.416817144e-07
smoothSolver:  Solving for omega, Initial residual = 5.292343561e-06, Final residual = 3.639899768e-07, No Iterations 1
smoothSolver:  Solving for k, Initial residual = 2.38061346e-05, Final residual = 5.816377114e-07, No Iterations 1

ExecutionTime = 2.17 s  ExecutionStepTime = 0.01 s  ClockTime = 2 s

forces FR write:
    Sum of forces
        Total    : ( 0.7956771685 0 -10.09932699 )
        Pressure : ( 0.7489837035 0 -10.10163421 )
        Viscous  : ( 0.04669346497 0 0.002307217489 )
    Sum of moments
        Total    : ( -4.899642692 1.525517838 -0.3860191702 )
        Pressure : ( -4.900762028 1.527898194 -0.3633660474 )
        Viscous  : ( 0.001119336103 -0.00238035626 -0.02265312279 )


liftDrag LD execute:
Viscous drag: 0.003877560942, pressure drag: 0.06219778199, porous drag: 0
Viscous lift: 0.0001915980411, pressure lift: -0.8388690424, porous lift: 0
Total lift: -0.8386774443, Front lift: -0.2926552904, Rear lift: -0.5460221539, Drag: 0.06607534293
Location of Center of Mass: ( 0.1593065081 0.4851454654 -0.003834401379 )
Location of Center Of Pressure: ( 0.1514025898 0.4851454654 -0.004457112907 )


yPlus yPlus execute:
    patch Bottom y+ : min = 1.15956721, max = 516.681723, average = 268.7758988
    patch Top y+ : min = 70.65078337, max = 533.1604371, average = 302.8847117
    patch e423_0 y+ : min = 114.009627, max = 874.8492564, average = 389.7563472


################################################################################

Time = 169

Outer Loop Iteration = 169
smoothSolver:  Solving for Ux, Initial residual = 0.0001147557725, Final residual = 1.365829258e-06, No Iterations 2
smoothSolver:  Solving for Uz, Initial residual = 8.080159342e-05, Final residual = 1.646120912e-06, No Iterations 2
GAMG:  Solving for p, Initial residual = 0.0001270673795, Final residual = 6.251431424e-07, No Iterations 3
GAMG:  Solving for p, Initial residual = 1.364904118e-05, Final residual = 5.889066378e-08, No Iterations 3
GAMG:  Solving for p, Initial residual = 2.953455104e-06, Final residual = 2.895717511e-08, No Iterations 2
time step continuity errors (region0): sum local = 2.998777922e-09, global = -7.669278028e-10, cumulative = -1.424486422e-07
smoothSolver:  Solving for omega, Initial residual = 5.046641249e-06, Final residual = 3.459049271e-07, No Iterations 1
smoothSolver:  Solving for k, Initial residual = 2.182785438e-05, Final residual = 5.356210575e-07, No Iterations 1

ExecutionTime = 2.17 s  ExecutionStepTime = 0 s  ClockTime = 2 s

forces FR write:
    Sum of forces
        Total    : ( 0.7956990041 0 -10.09959639 )
        Pressure : ( 0.7490049093 0 -10.10190379 )
        Viscous  : ( 0.04669409483 0 0.002307403108 )
    Sum of moments
        Total    : ( -4.899773389 1.525563485 -0.3860297636 )
        Pressure : ( -4.900892815 1.527943917 -0.3633763353 )
        Viscous  : ( 0.001119426154 -0.002380431609 -0.02265342837 )


liftDrag LD execute:
Viscous drag: 0.003877613247, pressure drag: 0.06219954298, porous drag: 0
Viscous lift: 0.0001916134554, pressure lift: -0.8388914293, porous lift: 0
Total lift: -0.8386998159, Front lift: -0.2926626855, Rear lift: -0.5460371304, Drag: 0.06607715623
Location of Center of Mass: ( 0.1593065081 0.4851454654 -0.003834401379 )
Location of Center Of Pressure: ( 0.1514030776 0.4851454654 -0.004457074953 )


yPlus yPlus execute:
    patch Bottom y+ : min = 1.169383386, max = 516.7533035, average = 268.8176935
    patch Top y+ : min = 70.64230849, max = 533.2188602, average = 302.91214
    patch e423_0 y+ : min = 114.0060036, max = 874.8517191, average = 389.7588339


################################################################################

Time = 170

Outer Loop Iteration = 170
smoothSolver:  Solving for Ux, Initial residual = 0.000109759871, Final residual = 1.315592391e-06, No Iterations 2
smoothSolver:  Solving for Uz, Initial residual = 7.556313453e-05, Final residual = 1.561434669e-06, No Iterations 2
GAMG:  Solving for p, Initial residual = 0.0001206936501, Final residual = 6.084129591e-07, No Iterations 3
GAMG:  Solving for p, Initial residual = 1.20805713e-05, Final residual = 5.267202073e-08, No Iterations 3
GAMG:  Solving for p, Initial residual = 2.595271384e-06, Final residual = 2.430880039e-08, No Iterations 2
time step continuity errors (region0): sum local = 2.517488566e-09, global = -4.380968005e-10, cumulative = -1.42886739e-07
smoothSolver:  Solving for omega, Initial residual = 4.809245476e-06, Final residual = 3.283922881e-07, No Iterations 1
smoothSolver:  Solving for k, Initial residual = 2.000553397e-05, Final residual = 4.927903862e-07, No Iterations 1

ExecutionTime = 2.18 s  ExecutionStepTime = 0.01 s  ClockTime = 2 s

forces FR write:
    Sum of forces
        Total    : ( 0.7957173357 0 -10.09986759 )
        Pressure : ( 0.7490226638 0 -10.10217515 )
        Viscous  : ( 0.04669467187 0 0.002307563602 )
    Sum of moments
        Total    : ( -4.899904961 1.525608553 -0.3860386571 )
        Pressure : ( -4.901024465 1.527989054 -0.3633849488 )
        Viscous  : ( 0.001119504017 -0.002380501648 -0.02265370831 )


liftDrag LD execute:
Viscous drag: 0.003877661166, pressure drag: 0.06220101737, porous drag: 0
Viscous lift: 0.0001916267833, pressure lift: -0.8389139641, porous lift: 0
Total lift: -0.8387223373, Front lift: -0.2926702037, Rear lift: -0.5460521336, Drag: 0.06607867854
Location of Center of Mass: ( 0.1593065081 0.4851454654 -0.003834401379 )
Location of Center Of Pressure: ( 0.1514034797 0.4851454654 -0.004457040896 )


yPlus yPlus execute:
    patch Bottom y+ : min = 1.184557734, max = 516.8318127, average = 268.8589555
    patch Top y+ : min = 70.63346637, max = 533.263175, average = 302.9403878
    patch e423_0 y+ : min = 114.0019435, max = 874.8541159, average = 389.7610549


################################################################################

Time = 171

Outer Loop Iteration = 171
smoothSolver:  Solving for Ux, Initial residual = 0.0001049690244, Final residual = 1.265141587e-06, No Iterations 2
smoothSolver:  Solving for Uz, Initial residual = 7.298938615e-05, Final residual = 1.478071993e-06, No Iterations 2
GAMG:  Solving for p, Initial residual = 0.0001156528971, Final residual = 5.9914251e-07, No Iterations 3
GAMG:  Solving for p, Initial residual = 1.161096864e-05, Final residual = 5.10484744e-08, No Iterations 3
GAMG:  Solving for p, Initial residual = 2.485982766e-06, Final residual = 2.330941324e-08, No Iterations 2
time step continuity errors (region0): sum local = 2.41406701e-09, global = -3.431626274e-10, cumulative = -1.432299016e-07
smoothSolver:  Solving for omega, Initial residual = 4.580562334e-06, Final residual = 3.115317243e-07, No Iterations 1
smoothSolver:  Solving for k, Initial residual = 1.83181582e-05, Final residual = 4.529553334e-07, No Iterations 1

ExecutionTime = 2.19 s  ExecutionStepTime = 0.01 s  ClockTime = 2 s

forces FR write:
    Sum of forces
        Total    : ( 0.7957321548 0 -10.10013948 )
        Pressure : ( 0.7490369567 0 -10.10244718 )
        Viscous  : ( 0.0466951981 0 0.002307699424 )
    Sum of moments
        Total    : ( -4.900036868 1.525652849 -0.3860458465 )
        Pressure : ( -4.901156438 1.528033416 -0.3633918829 )
        Viscous  : ( 0.001119569911 -0.002380566429 -0.02265396361 )


liftDrag LD execute:
Viscous drag: 0.003877704865, pressure drag: 0.06220220429, porous drag: 0
Viscous lift: 0.0001916380623, pressure lift: -0.8389365539, porous lift: 0
Total lift: -0.8387449159, Front lift: -0.2926778144, Rear lift: -0.5460671015, Drag: 0.06607990916
Location of Center of Mass: ( 0.1593065081 0.4851454654 -0.003834401379 )
Location of Center Of Pressure: ( 0.1514037939 0.4851454654 -0.004457010975 )


yPlus yPlus execute:
    patch Bottom y+ : min = 1.204368028, max = 516.9299734, average = 268.9004708
    patch Top y+ : min = 70.62467316, max = 533.3103864, average = 302.9698266
    patch e423_0 y+ : min = 113.9974783, max = 874.8564683, average = 389.7630183


################################################################################

Time = 172

Outer Loop Iteration = 172
smoothSolver:  Solving for Ux, Initial residual = 0.000100285281, Final residual = 1.216598548e-06, No Iterations 2
smoothSolver:  Solving for Uz, Initial residual = 7.050439586e-05, Final residual = 1.397572592e-06, No Iterations 2
GAMG:  Solving for p, Initial residual = 0.0001116196917, Final residual = 5.860011145e-07, No Iterations 3
GAMG:  Solving for p, Initial residual = 1.12781689e-05, Final residual = 4.942684118e-08, No Iterations 3
GAMG:  Solving for p, Initial residual = 2.41783035e-06, Final residual = 2.289725991e-08, No Iterations 2
time step continuity errors (region0): sum local = 2.37145181e-09, global = -3.131204391e-10, cumulative = -1.43543022e-07
smoothSolver:  Solving for omega, Initial residual = 4.359951391e-06, Final residual = 2.952346321e-07, No Iterations 1
smoothSolver:  Solving for k, Initial residual = 1.67627988e-05, Final residual = 4.159605382e-07, No Iterations 1

ExecutionTime = 2.2 s  ExecutionStepTime = 0.01 s  ClockTime = 2 s

forces FR write:
    Sum of forces
        Total    : ( 0.7957434938 0 -10.10041101 )
        Pressure : ( 0.7490478182 0 -10.10271883 )
        Viscous  : ( 0.04669567561 0 0.002307811195 )
    Sum of moments
        Total    : ( -4.900168602 1.525696209 -0.3860513476 )
        Pressure : ( -4.901288226 1.528076835 -0.3633971523 )
        Viscous  : ( 0.001119624136 -0.002380626037 -0.02265419527 )


liftDrag LD execute:
Viscous drag: 0.003877744519, pressure drag: 0.06220310626, porous drag: 0
Viscous lift: 0.0001916473442, pressure lift: -0.8389591123, porous lift: 0
Total lift: -0.8387674649, Front lift: -0.2926854883, Rear lift: -0.5460819767, Drag: 0.06608085078
Location of Center of Mass: ( 0.1593065081 0.4851454654 -0.003834401379 )
Location of Center Of Pressure: ( 0.1514040195 0.4851454654 -0.004456985339 )


yPlus yPlus execute:
    patch Bottom y+ : min = 1.226114839, max = 517.0340839, average = 268.9409784
    patch Top y+ : min = 70.61592396, max = 533.3587785, average = 302.9999856
    patch e423_0 y+ : min = 113.9926421, max = 874.8587943, average = 389.764733


################################################################################

Time = 173

Outer Loop Iteration = 173
smoothSolver:  Solving for Ux, Initial residual = 9.565560852e-05, Final residual = 1.173151874e-06, No Iterations 2
smoothSolver:  Solving for Uz, Initial residual = 6.793140212e-05, Final residual = 1.318308246e-06, No Iterations 2
GAMG:  Solving for p, Initial residual = 0.0001079644147, Final residual = 5.711958565e-07, No Iterations 3
GAMG:  Solving for p, Initial residual = 1.093246304e-05, Final residual = 4.78388177e-08, No Iterations 3
GAMG:  Solving for p, Initial residual = 2.350914722e-06, Final residual = 2.246782113e-08, No Iterations 2
time step continuity errors (region0): sum local = 2.327037817e-09, global = -3.126332436e-10, cumulative = -1.438556553e-07
smoothSolver:  Solving for omega, Initial residual = 4.147184777e-06, Final residual = 2.795029268e-07, No Iterations 1
smoothSolver:  Solving for k, Initial residual = 1.53282636e-05, Final residual = 3.82106458e-07, No Iterations 1

ExecutionTime = 2.21 s  ExecutionStepTime = 0.01 s  ClockTime = 2 s

forces FR write:
    Sum of forces
        Total    : ( 0.7957514336 0 -10.10068125 )
        Pressure : ( 0.7490553271 0 -10.10298915 )
        Viscous  : ( 0.04669610652 0 0.002307899675 )
    Sum of moments
        Total    : ( -4.900299706 1.525738496 -0.3860551996 )
        Pressure : ( -4.901419373 1.528119176 -0.3634007953 )
        Viscous  : ( 0.001119667062 -0.00238068058 -0.02265440433 )


liftDrag LD execute:
Viscous drag: 0.003877780303, pressure drag: 0.06220372982, porous drag: 0
Viscous lift: 0.0001916546918, pressure lift: -0.8389815609, porous lift: 0
Total lift: -0.8387899062, Front lift: -0.2926931973, Rear lift: -0.546096709, Drag: 0.06608151013
Location of Center of Mass: ( 0.1593065081 0.4851454654 -0.003834401379 )
Location of Center Of Pressure: ( 0.1514041571 0.4851454654 -0.00445696405 )


yPlus yPlus execute:
    patch Bottom y+ : min = 1.248837412, max = 517.1396089, average = 268.979962
    patch Top y+ : min = 70.60727736, max = 533.4077571, average = 303.0308445
    patch e423_0 y+ : min = 113.9874709, max = 874.8611097, average = 389.7662091


################################################################################

Time = 174

Outer Loop Iteration = 174
smoothSolver:  Solving for Ux, Initial residual = 9.103115514e-05, Final residual = 1.131466572e-06, No Iterations 2
smoothSolver:  Solving for Uz, Initial residual = 6.53244615e-05, Final residual = 1.240482557e-06, No Iterations 2
GAMG:  Solving for p, Initial residual = 0.0001050602041, Final residual = 5.55072774e-07, No Iterations 3
GAMG:  Solving for p, Initial residual = 1.065126255e-05, Final residual = 4.670138402e-08, No Iterations 3
GAMG:  Solving for p, Initial residual = 2.309229768e-06, Final residual = 2.258153371e-08, No Iterations 2
time step continuity errors (region0): sum local = 2.338871251e-09, global = -3.1123818e-10, cumulative = -1.441668935e-07
smoothSolver:  Solving for omega, Initial residual = 3.94203659e-06, Final residual = 2.643623029e-07, No Iterations 1
smoothSolver:  Solving for k, Initial residual = 1.400621412e-05, Final residual = 3.518149604e-07, No Iterations 1

ExecutionTime = 2.22 s  ExecutionStepTime = 0.01 s  ClockTime = 2 s

forces FR write:
    Sum of forces
        Total    : ( 0.7957560833 0 -10.1009493 )
        Pressure : ( 0.7490595904 0 -10.10325726 )
        Viscous  : ( 0.04669649296 0 0.002307965736 )
    Sum of moments
        Total    : ( -4.900429747 1.525779592 -0.3860574554 )
        Pressure : ( -4.901549446 1.528160322 -0.3634028636 )
        Viscous  : ( 0.001119699111 -0.002380730188 -0.02265459181 )


liftDrag LD execute:
Viscous drag: 0.003877812394, pressure drag: 0.06220408386, porous drag: 0
Viscous lift: 0.0001916601777, pressure lift: -0.8390038257, porous lift: 0
Total lift: -0.8388121655, Front lift: -0.2927009142, Rear lift: -0.5461112513, Drag: 0.06608189625
Location of Center of Mass: ( 0.1593065081 0.4851454654 -0.003834401379 )
Location of Center Of Pressure: ( 0.1514042086 0.4851454654 -0.004456947109 )


yPlus yPlus execute:
    patch Bottom y+ : min = 1.272334099, max = 517.2454991, average = 269.017189
    patch Top y+ : min = 70.59876149, max = 533.4569729, average = 303.0618998
    patch e423_0 y+ : min = 113.982002, max = 874.8634273, average = 389.7674569


################################################################################

Time = 175

Outer Loop Iteration = 175
smoothSolver:  Solving for Ux, Initial residual = 8.657191264e-05, Final residual = 1.089646312e-06, No Iterations 2
smoothSolver:  Solving for Uz, Initial residual = 6.275364204e-05, Final residual = 1.164503057e-06, No Iterations 2
GAMG:  Solving for p, Initial residual = 0.000102014736, Final residual = 5.366861075e-07, No Iterations 3
GAMG:  Solving for p, Initial residual = 1.030539204e-05, Final residual = 4.538129806e-08, No Iterations 3
GAMG:  Solving for p, Initial residual = 2.243492862e-06, Final residual = 2.241636164e-08, No Iterations 2
time step continuity errors (region0): sum local = 2.321810738e-09, global = -3.177755382e-10, cumulative = -1.44484669e-07
smoothSolver:  Solving for omega, Initial residual = 3.745169313e-06, Final residual = 2.497852476e-07, No Iterations 1
smoothSolver:  Solving for k, Initial residual = 1.279039418e-05, Final residual = 3.252067002e-07, No Iterations 1

ExecutionTime = 2.23 s  ExecutionStepTime = 0.01 s  ClockTime = 2 s

forces FR write:
    Sum of forces
        Total    : ( 0.7957575733 0 -10.1012143 )
        Pressure : ( 0.7490607362 0 -10.10352231 )
        Viscous  : ( 0.04669683709 0 0.002308010363 )
    Sum of moments
        Total    : ( -4.900558312 1.525819393 -0.3860581782 )
        Pressure : ( -4.901678033 1.528200168 -0.3634034195 )
        Viscous  : ( 0.001119720761 -0.002380775014 -0.02265475876 )


liftDrag LD execute:
Viscous drag: 0.003877840972, pressure drag: 0.06220417901, porous drag: 0
Viscous lift: 0.0001916638836, pressure lift: -0.839025836, porous lift: 0
Total lift: -0.8388341722, Front lift: -0.2927086123, Rear lift: -0.5461255599, Drag: 0.06608201998
Location of Center of Mass: ( 0.1593065081 0.4851454654 -0.003834401379 )
Location of Center Of Pressure: ( 0.1514041765 0.4851454654 -0.004456934476 )


yPlus yPlus execute:
    patch Bottom y+ : min = 1.296359222, max = 517.3504751, average = 269.0524137
    patch Top y+ : min = 70.59039949, max = 533.5057511, average = 303.0928436
    patch e423_0 y+ : min = 113.9762731, max = 874.8657576, average = 389.7684874


################################################################################

Time = 176

Outer Loop Iteration = 176
smoothSolver:  Solving for Ux, Initial residual = 8.215480808e-05, Final residual = 1.049260092e-06, No Iterations 2
smoothSolver:  Solving for Uz, Initial residual = 6.011165845e-05, Final residual = 1.091846608e-06, No Iterations 2
GAMG:  Solving for p, Initial residual = 9.895995824e-05, Final residual = 5.168772578e-07, No Iterations 3
GAMG:  Solving for p, Initial residual = 9.931163013e-06, Final residual = 4.378485304e-08, No Iterations 3
GAMG:  Solving for p, Initial residual = 2.15984535e-06, Final residual = 7.246345539e-09, No Iterations 3
time step continuity errors (region0): sum local = 7.505646581e-10, global = -1.186926574e-10, cumulative = -1.446033617e-07
smoothSolver:  Solving for omega, Initial residual = 3.556280745e-06, Final residual = 2.357778399e-07, No Iterations 1
smoothSolver:  Solving for k, Initial residual = 1.167300187e-05, Final residual = 3.017003523e-07, No Iterations 1

ExecutionTime = 2.24 s  ExecutionStepTime = 0 s  ClockTime = 2 s

forces FR write:
    Sum of forces
        Total    : ( 0.7957560599 0 -10.10147553 )
        Pressure : ( 0.7490589187 0 -10.10378356 )
        Viscous  : ( 0.04669714117 0 0.00230803463 )
    Sum of moments
        Total    : ( -4.900685047 1.525857821 -0.386057444 )
        Pressure : ( -4.901804779 1.528238636 -0.3634025377 )
        Viscous  : ( 0.001119732534 -0.002380815227 -0.02265490628 )


liftDrag LD execute:
Viscous drag: 0.003877866224, pressure drag: 0.06220402808, porous drag: 0
Viscous lift: 0.0001916658988, pressure lift: -0.8390475314, porous lift: 0
Total lift: -0.8388558655, Front lift: -0.2927162678, Rear lift: -0.5461395977, Drag: 0.0660818943
Location of Center of Mass: ( 0.1593065081 0.4851454654 -0.003834401379 )
Location of Center Of Pressure: ( 0.1514040639 0.4851454654 -0.00445692606 )


yPlus yPlus execute:
    patch Bottom y+ : min = 1.320669659, max = 517.4534127, average = 269.0855757
    patch Top y+ : min = 70.58219322, max = 533.5538136, average = 303.1234578
    patch e423_0 y+ : min = 113.9703224, max = 874.868109, average = 389.7693121


################################################################################

Time = 177

Outer Loop Iteration = 177
smoothSolver:  Solving for Ux, Initial residual = 7.781568928e-05, Final residual = 1.009441142e-06, No Iterations 2
smoothSolver:  Solving for Uz, Initial residual = 5.73985967e-05, Final residual = 1.022558299e-06, No Iterations 2
GAMG:  Solving for p, Initial residual = 9.507160333e-05, Final residual = 4.934296334e-07, No Iterations 3
GAMG:  Solving for p, Initial residual = 9.4652997e-06, Final residual = 4.185262163e-08, No Iterations 3
GAMG:  Solving for p, Initial residual = 2.049190473e-06, Final residual = 7.053791524e-09, No Iterations 3
time step continuity errors (region0): sum local = 7.306301783e-10, global = -1.267519814e-10, cumulative = -1.447301136e-07
smoothSolver:  Solving for omega, Initial residual = 3.375111497e-06, Final residual = 2.223742789e-07, No Iterations 1
smoothSolver:  Solving for k, Initial residual = 1.065112337e-05, Final residual = 2.803330512e-07, No Iterations 1

ExecutionTime = 2.25 s  ExecutionStepTime = 0.01 s  ClockTime = 2 s

forces FR write:
    Sum of forces
        Total    : ( 0.7957516749 0 -10.10173199 )
        Pressure : ( 0.7490542673 0 -10.10404003 )
        Viscous  : ( 0.04669740756 0 0.002308039745 )
    Sum of moments
        Total    : ( -4.900809465 1.525894751 -0.3860553166 )
        Pressure : ( -4.9019292 1.528275602 -0.3634002811 )
        Viscous  : ( 0.001119735016 -0.00238085102 -0.02265503552 )


liftDrag LD execute:
Viscous drag: 0.003877888346, pressure drag: 0.06220364181, porous drag: 0
Viscous lift: 0.0001916663236, pressure lift: -0.8390688285, porous lift: 0
Total lift: -0.8388771622, Front lift: -0.2927238493, Rear lift: -0.5461533129, Drag: 0.06608153016
Location of Center of Mass: ( 0.1593065081 0.4851454654 -0.003834401379 )
Location of Center Of Pressure: ( 0.1514038738 0.4851454654 -0.004456921803 )


yPlus yPlus execute:
    patch Bottom y+ : min = 1.344956024, max = 517.5538017, average = 269.1164734
    patch Top y+ : min = 70.57420656, max = 533.6011886, average = 303.1535733
    patch e423_0 y+ : min = 113.9641873, max = 874.8704877, average = 389.7699436


################################################################################

Time = 178

Outer Loop Iteration = 178
smoothSolver:  Solving for Ux, Initial residual = 7.3734205e-05, Final residual = 9.70008664e-07, No Iterations 2
smoothSolver:  Solving for Uz, Initial residual = 5.463754912e-05, Final residual = 9.572625619e-07, No Iterations 2
GAMG:  Solving for p, Initial residual = 9.087861662e-05, Final residual = 4.729644016e-07, No Iterations 3
GAMG:  Solving for p, Initial residual = 9.020561544e-06, Final residual = 3.991167897e-08, No Iterations 3
GAMG:  Solving for p, Initial residual = 1.94759958e-06, Final residual = 6.797361714e-09, No Iterations 3
time step continuity errors (region0): sum local = 7.040762096e-10, global = -1.388817793e-10, cumulative = -1.448689954e-07
smoothSolver:  Solving for omega, Initial residual = 3.202034271e-06, Final residual = 2.095796015e-07, No Iterations 1
smoothSolver:  Solving for k, Initial residual = 9.717935647e-06, Final residual = 2.61936128e-07, No Iterations 1

ExecutionTime = 2.28 s  ExecutionStepTime = 0.03 s  ClockTime = 3 s

forces FR write:
    Sum of forces
        Total    : ( 0.7957446251 0 -10.10198316 )
        Pressure : ( 0.7490469863 0 -10.10429119 )
        Viscous  : ( 0.0466976388 0 0.002308026977 )
    Sum of moments
        Total    : ( -4.900931323 1.525930155 -0.3860518964 )
        Pressure : ( -4.902051052 1.528311038 -0.3633967487 )
        Viscous  : ( 0.001119728822 -0.0023808826 -0.0226551477 )


liftDrag LD execute:
Viscous drag: 0.003877907548, pressure drag: 0.06220303717, porous drag: 0
Viscous lift: 0.0001916652633, pressure lift: -0.8390896861, porous lift: 0
Total lift: -0.8388980209, Front lift: -0.2927313387, Rear lift: -0.5461666822, Drag: 0.06608094472
Location of Center of Mass: ( 0.1593065081 0.4851454654 -0.003834401379 )
Location of Center Of Pressure: ( 0.1514036107 0.4851454654 -0.004456921532 )


yPlus yPlus execute:
    patch Bottom y+ : min = 1.369153301, max = 517.6512929, average = 269.1452831
    patch Top y+ : min = 70.56643178, max = 533.6479577, average = 303.1830215
    patch e423_0 y+ : min = 113.9579063, max = 874.8728979, average = 389.7703951


################################################################################

Time = 179

Outer Loop Iteration = 179
smoothSolver:  Solving for Ux, Initial residual = 6.986393967e-05, Final residual = 9.333927405e-07, No Iterations 2
smoothSolver:  Solving for Uz, Initial residual = 5.194971203e-05, Final residual = 8.942527591e-07, No Iterations 2
GAMG:  Solving for p, Initial residual = 8.654380964e-05, Final residual = 4.512998802e-07, No Iterations 3
GAMG:  Solving for p, Initial residual = 8.583273486e-06, Final residual = 3.792094413e-08, No Iterations 3
GAMG:  Solving for p, Initial residual = 1.84557116e-06, Final residual = 6.539463121e-09, No Iterations 3
time step continuity errors (region0): sum local = 6.773673495e-10, global = -1.415959492e-10, cumulative = -1.450105914e-07
smoothSolver:  Solving for omega, Initial residual = 3.036831358e-06, Final residual = 1.973698352e-07, No Iterations 1
smoothSolver:  Solving for k, Initial residual = 8.861839506e-06, Final residual = 2.463976873e-07, No Iterations 1

ExecutionTime = 2.28 s  ExecutionStepTime = 0 s  ClockTime = 3 s

forces FR write:
    Sum of forces
        Total    : ( 0.795735076 0 -10.10222833 )
        Pressure : ( 0.7490372386 0 -10.10453633 )
        Viscous  : ( 0.04669783746 0 0.002307997672 )
    Sum of moments
        Total    : ( -4.901050264 1.525963957 -0.3860472638 )
        Pressure : ( -4.902169978 1.528344867 -0.3633920197 )
        Viscous  : ( 0.001119714605 -0.00238091019 -0.02265524409 )


liftDrag LD execute:
Viscous drag: 0.003877924046, pressure drag: 0.0622022277, porous drag: 0
Viscous lift: 0.0001916628298, pressure lift: -0.8391100428, porous lift: 0
Total lift: -0.83891838, Front lift: -0.2927387112, Rear lift: -0.5461796688, Drag: 0.06608015174
Location of Center of Mass: ( 0.1593065081 0.4851454654 -0.003834401379 )
Location of Center Of Pressure: ( 0.1514032785 0.4851454654 -0.004456925123 )


yPlus yPlus execute:
    patch Bottom y+ : min = 1.392776173, max = 517.7450467, average = 269.1719059
    patch Top y+ : min = 70.5589185, max = 533.6940863, average = 303.2116365
    patch e423_0 y+ : min = 113.9515156, max = 874.8753422, average = 389.7706804


################################################################################

Time = 180

Outer Loop Iteration = 180
smoothSolver:  Solving for Ux, Initial residual = 6.625417893e-05, Final residual = 9.044916663e-07, No Iterations 2
smoothSolver:  Solving for Uz, Initial residual = 4.931726582e-05, Final residual = 8.343971413e-07, No Iterations 2
GAMG:  Solving for p, Initial residual = 8.201184148e-05, Final residual = 4.29811839e-07, No Iterations 3
GAMG:  Solving for p, Initial residual = 8.131809861e-06, Final residual = 3.659150726e-08, No Iterations 3
GAMG:  Solving for p, Initial residual = 1.710685337e-06, Final residual = 6.064209394e-09, No Iterations 3
time step continuity errors (region0): sum local = 6.281421996e-10, global = -1.196291477e-10, cumulative = -1.451302205e-07
smoothSolver:  Solving for omega, Initial residual = 2.880047136e-06, Final residual = 1.863872723e-07, No Iterations 1
smoothSolver:  Solving for k, Initial residual = 8.079681653e-06, Final residual = 2.320236193e-07, No Iterations 1

ExecutionTime = 2.29 s  ExecutionStepTime = 0 s  ClockTime = 3 s

forces FR write:
    Sum of forces
        Total    : ( 0.795723219 0 -10.10246688 )
        Pressure : ( 0.7490252128 0 -10.10477483 )
        Viscous  : ( 0.0466980062 0 0.002307953223 )
    Sum of moments
        Total    : ( -4.901165994 1.525996112 -0.3860415114 )
        Pressure : ( -4.902285687 1.528377046 -0.3633861854 )
        Viscous  : ( 0.00111969304 -0.002380934023 -0.02265532595 )


liftDrag LD execute:
Viscous drag: 0.003877938059, pressure drag: 0.06220122904, porous drag: 0
Viscous lift: 0.0001916591385, pressure lift: -0.8391298489, porous lift: 0
Total lift: -0.8389381897, Front lift: -0.2927459458, Rear lift: -0.5461922439, Drag: 0.0660791671
Location of Center of Mass: ( 0.1593065081 0.4851454654 -0.003834401379 )
Location of Center Of Pressure: ( 0.1514028817 0.4851454654 -0.004456932402 )


yPlus yPlus execute:
    patch Bottom y+ : min = 1.415618262, max = 517.8340917, average = 269.1958909
    patch Top y+ : min = 70.55168988, max = 533.7395507, average = 303.2392585
    patch e423_0 y+ : min = 113.9450505, max = 874.8778217, average = 389.7708137


################################################################################

Time = 181

Outer Loop Iteration = 181
smoothSolver:  Solving for Ux, Initial residual = 6.287291558e-05, Final residual = 8.758951064e-07, No Iterations 2
smoothSolver:  Solving for Uz, Initial residual = 4.683993095e-05, Final residual = 7.769412922e-07, No Iterations 2
GAMG:  Solving for p, Initial residual = 7.743486446e-05, Final residual = 4.082904639e-07, No Iterations 3
GAMG:  Solving for p, Initial residual = 7.703431826e-06, Final residual = 3.475707554e-08, No Iterations 3
GAMG:  Solving for p, Initial residual = 1.600098823e-06, Final residual = 5.791336452e-09, No Iterations 3
time step continuity errors (region0): sum local = 5.998785845e-10, global = -1.249493795e-10, cumulative = -1.452551699e-07
smoothSolver:  Solving for omega, Initial residual = 2.731601816e-06, Final residual = 1.760250756e-07, No Iterations 1
smoothSolver:  Solving for k, Initial residual = 7.367570508e-06, Final residual = 2.185175807e-07, No Iterations 1

ExecutionTime = 2.3 s  ExecutionStepTime = 0.01 s  ClockTime = 3 s

forces FR write:
    Sum of forces
        Total    : ( 0.7957092508 0 -10.10269829 )
        Pressure : ( 0.7490111031 0 -10.10500618 )
        Viscous  : ( 0.04669814763 0 0.002307895039 )
    Sum of moments
        Total    : ( -4.901278262 1.52602659 -0.3860347348 )
        Pressure : ( -4.902397927 1.528407545 -0.3633793402 )
        Viscous  : ( 0.001119664812 -0.002380954338 -0.02265539456 )


liftDrag LD execute:
Viscous drag: 0.003877949803, pressure drag: 0.06220005734, porous drag: 0
Viscous lift: 0.0001916543068, pressure lift: -0.8391490611, porous lift: 0
Total lift: -0.8389574068, Front lift: -0.2927530233, Rear lift: -0.5462043835, Drag: 0.06607800714
Location of Center of Mass: ( 0.1593065081 0.4851454654 -0.003834401379 )
Location of Center Of Pressure: ( 0.1514024252 0.4851454654 -0.004456943171 )


yPlus yPlus execute:
    patch Bottom y+ : min = 1.437534437, max = 517.9161591, average = 269.2176824
    patch Top y+ : min = 70.54474865, max = 533.7840609, average = 303.2657411
    patch e423_0 y+ : min = 113.9385453, max = 874.8803359, average = 389.770809


################################################################################

Time = 182

Outer Loop Iteration = 182
smoothSolver:  Solving for Ux, Initial residual = 5.972799823e-05, Final residual = 8.470501946e-07, No Iterations 2
smoothSolver:  Solving for Uz, Initial residual = 4.439457683e-05, Final residual = 7.229353927e-07, No Iterations 2
GAMG:  Solving for p, Initial residual = 7.317630368e-05, Final residual = 3.865898157e-07, No Iterations 3
GAMG:  Solving for p, Initial residual = 7.244861134e-06, Final residual = 3.264516208e-08, No Iterations 3
GAMG:  Solving for p, Initial residual = 1.490097724e-06, Final residual = 5.507797237e-09, No Iterations 3
time step continuity errors (region0): sum local = 5.705090867e-10, global = -1.336408264e-10, cumulative = -1.453888107e-07
smoothSolver:  Solving for omega, Initial residual = 2.591233153e-06, Final residual = 1.662534928e-07, No Iterations 1
smoothSolver:  Solving for k, Initial residual = 6.720710304e-06, Final residual = 2.057543102e-07, No Iterations 1

ExecutionTime = 2.31 s  ExecutionStepTime = 0.01 s  ClockTime = 3 s

forces FR write:
    Sum of forces
        Total    : ( 0.7956933784 0 -10.10292213 )
        Pressure : ( 0.7489951141 0 -10.10522996 )
        Viscous  : ( 0.04669826424 0 0.002307824526 )
    Sum of moments
        Total    : ( -4.901386859 1.526055379 -0.3860270343 )
        Pressure : ( -4.90250649 1.52843635 -0.3633715832 )
        Viscous  : ( 0.001119630603 -0.002380971378 -0.02265545114 )


liftDrag LD execute:
Viscous drag: 0.003877959487, pressure drag: 0.06219872956, porous drag: 0
Viscous lift: 0.0001916484512, pressure lift: -0.8391676439, porous lift: 0
Total lift: -0.8389759954, Front lift: -0.292759927, Rear lift: -0.5462160685, Drag: 0.06607668905
Location of Center of Mass: ( 0.1593065081 0.4851454654 -0.003834401379 )
Location of Center Of Pressure: ( 0.1514019142 0.4851454654 -0.004456957199 )


yPlus yPlus execute:
    patch Bottom y+ : min = 1.458305481, max = 517.9927886, average = 269.2373067
    patch Top y+ : min = 70.53828814, max = 533.827181, average = 303.2910743
    patch e423_0 y+ : min = 113.9320322, max = 874.8828831, average = 389.7706803


################################################################################

Time = 183

Outer Loop Iteration = 183
smoothSolver:  Solving for Ux, Initial residual = 5.676516368e-05, Final residual = 8.176303381e-07, No Iterations 2
smoothSolver:  Solving for Uz, Initial residual = 4.192515803e-05, Final residual = 6.725933744e-07, No Iterations 2
GAMG:  Solving for p, Initial residual = 6.896027746e-05, Final residual = 3.647943989e-07, No Iterations 3
GAMG:  Solving for p, Initial residual = 6.792338723e-06, Final residual = 3.048383844e-08, No Iterations 3
GAMG:  Solving for p, Initial residual = 1.384457963e-06, Final residual = 5.222399648e-09, No Iterations 3
time step continuity errors (region0): sum local = 5.409458397e-10, global = -1.321579966e-10, cumulative = -1.455209687e-07
smoothSolver:  Solving for omega, Initial residual = 2.458769289e-06, Final residual = 1.57455312e-07, No Iterations 1
smoothSolver:  Solving for k, Initial residual = 6.126687672e-06, Final residual = 1.947263876e-07, No Iterations 1

ExecutionTime = 2.32 s  ExecutionStepTime = 0.01 s  ClockTime = 3 s

forces FR write:
    Sum of forces
        Total    : ( 0.7956758127 0 -10.10313806 )
        Pressure : ( 0.7489774542 0 -10.1054458 )
        Viscous  : ( 0.04669835845 0 0.002307743066 )
    Sum of moments
        Total    : ( -4.901491614 1.52608248 -0.3860185124 )
        Pressure : ( -4.902611206 1.528463465 -0.3633630156 )
        Viscous  : ( 0.001119591084 -0.002380985385 -0.02265549684 )


liftDrag LD execute:
Viscous drag: 0.00387796731, pressure drag: 0.06219726303, porous drag: 0
Viscous lift: 0.0001916416866, pressure lift: -0.8391855682, porous lift: 0
Total lift: -0.8389939265, Front lift: -0.292766642, Rear lift: -0.5462272845, Drag: 0.06607523034
Location of Center of Mass: ( 0.1593065081 0.4851454654 -0.003834401379 )
Location of Center Of Pressure: ( 0.1514013545 0.4851454654 -0.004456974236 )


yPlus yPlus execute:
    patch Bottom y+ : min = 1.477974995, max = 518.0649829, average = 269.2547483
    patch Top y+ : min = 70.53228448, max = 533.8688026, average = 303.3152489
    patch e423_0 y+ : min = 113.9255418, max = 874.8854606, average = 389.7704411


################################################################################

Time = 184

Outer Loop Iteration = 184
smoothSolver:  Solving for Ux, Initial residual = 5.395362076e-05, Final residual = 7.891621409e-07, No Iterations 2
smoothSolver:  Solving for Uz, Initial residual = 3.955772556e-05, Final residual = 6.262338016e-07, No Iterations 2
GAMG:  Solving for p, Initial residual = 6.479357055e-05, Final residual = 3.436679126e-07, No Iterations 3
GAMG:  Solving for p, Initial residual = 6.349653727e-06, Final residual = 2.850182726e-08, No Iterations 3
GAMG:  Solving for p, Initial residual = 1.282676484e-06, Final residual = 4.97589154e-09, No Iterations 3
time step continuity errors (region0): sum local = 5.154098065e-10, global = -1.321938551e-10, cumulative = -1.456531626e-07
smoothSolver:  Solving for omega, Initial residual = 2.33385776e-06, Final residual = 1.497622833e-07, No Iterations 1
smoothSolver:  Solving for k, Initial residual = 5.588031367e-06, Final residual = 1.848853679e-07, No Iterations 1

ExecutionTime = 2.33 s  ExecutionStepTime = 0.01 s  ClockTime = 3 s

forces FR write:
    Sum of forces
        Total    : ( 0.7956567635 0 -10.10334578 )
        Pressure : ( 0.748958331 0 -10.10565343 )
        Viscous  : ( 0.04669843251 0 0.00230765201 )
    Sum of moments
        Total    : ( -4.901592391 1.526107906 -0.3860092708 )
        Pressure : ( -4.902711938 1.528488903 -0.363353738 )
        Viscous  : ( 0.001119546908 -0.0023809966 -0.02265553277 )


liftDrag LD execute:
Viscous drag: 0.00387797346, pressure drag: 0.06219567498, porous drag: 0
Viscous lift: 0.000191634125, pressure lift: -0.8392028107, porous lift: 0
Total lift: -0.8390111765, Front lift: -0.2927731555, Rear lift: -0.546238021, Drag: 0.06607364844
Location of Center of Mass: ( 0.1593065081 0.4851454654 -0.003834401379 )
Location of Center Of Pressure: ( 0.1514007515 0.4851454654 -0.004456994019 )


yPlus yPlus execute:
    patch Bottom y+ : min = 1.496590307, max = 518.1330283, average = 269.2701023
    patch Top y+ : min = 70.52665754, max = 533.9089182, average = 303.338217
    patch e423_0 y+ : min = 113.9191028, max = 874.8880645, average = 389.7701042


################################################################################

Time = 185

Outer Loop Iteration = 185
smoothSolver:  Solving for Ux, Initial residual = 5.122902859e-05, Final residual = 7.613140518e-07, No Iterations 2
smoothSolver:  Solving for Uz, Initial residual = 3.729112502e-05, Final residual = 5.847024358e-07, No Iterations 2
GAMG:  Solving for p, Initial residual = 6.063775948e-05, Final residual = 3.224289776e-07, No Iterations 3
GAMG:  Solving for p, Initial residual = 5.912004093e-06, Final residual = 2.654162492e-08, No Iterations 3
GAMG:  Solving for p, Initial residual = 1.184355313e-06, Final residual = 4.697364178e-09, No Iterations 3
time step continuity errors (region0): sum local = 4.865565088e-10, global = -1.318629286e-10, cumulative = -1.457850255e-07
smoothSolver:  Solving for omega, Initial residual = 2.216789588e-06, Final residual = 1.428492223e-07, No Iterations 1
smoothSolver:  Solving for k, Initial residual = 5.097309968e-06, Final residual = 1.758611381e-07, No Iterations 1

ExecutionTime = 2.34 s  ExecutionStepTime = 0.01 s  ClockTime = 3 s

forces FR write:
    Sum of forces
        Total    : ( 0.7956364371 0 -10.10354508 )
        Pressure : ( 0.7489379485 0 -10.10585263 )
        Viscous  : ( 0.04669848857 0 0.002307552669 )
    Sum of moments
        Total    : ( -4.90168908 1.526131681 -0.3859994095 )
        Pressure : ( -4.902808579 1.528512686 -0.3633438496 )
        Viscous  : ( 0.001119498714 -0.002381005259 -0.02265555997 )


liftDrag LD execute:
Viscous drag: 0.003877978116, pressure drag: 0.06219398237, porous drag: 0
Viscous lift: 0.0001916258754, pressure lift: -0.8392193529, porous lift: 0
Total lift: -0.839027727, Front lift: -0.2927794564, Rear lift: -0.5462482706, Drag: 0.06607196048
Location of Center of Mass: ( 0.1593065081 0.4851454654 -0.003834401379 )
Location of Center Of Pressure: ( 0.1514001109 0.4851454654 -0.004457016279 )


yPlus yPlus execute:
    patch Bottom y+ : min = 1.514077638, max = 518.1969471, average = 269.2833905
    patch Top y+ : min = 70.52135117, max = 533.9475441, average = 303.3599196
    patch e423_0 y+ : min = 113.9127415, max = 874.8906905, average = 389.7696819


################################################################################

Time = 186

Outer Loop Iteration = 186
smoothSolver:  Solving for Ux, Initial residual = 4.865532736e-05, Final residual = 7.337717713e-07, No Iterations 2
smoothSolver:  Solving for Uz, Initial residual = 3.510779361e-05, Final residual = 5.477470735e-07, No Iterations 2
GAMG:  Solving for p, Initial residual = 5.642370829e-05, Final residual = 3.021635892e-07, No Iterations 3
GAMG:  Solving for p, Initial residual = 5.488498954e-06, Final residual = 2.453173636e-08, No Iterations 3
GAMG:  Solving for p, Initial residual = 1.091325103e-06, Final residual = 4.503322096e-09, No Iterations 3
time step continuity errors (region0): sum local = 4.664536832e-10, global = -1.249504428e-10, cumulative = -1.459099759e-07
smoothSolver:  Solving for omega, Initial residual = 2.106679689e-06, Final residual = 1.363329564e-07, No Iterations 1
smoothSolver:  Solving for k, Initial residual = 4.652251632e-06, Final residual = 1.673016518e-07, No Iterations 1

ExecutionTime = 2.34 s  ExecutionStepTime = 0 s  ClockTime = 3 s

forces FR write:
    Sum of forces
        Total    : ( 0.7956150339 0 -10.10373579 )
        Pressure : ( 0.7489165053 0 -10.10604324 )
        Viscous  : ( 0.04669852868 0 0.002307446317 )
    Sum of moments
        Total    : ( -4.901781603 1.526153834 -0.3859890259 )
        Pressure : ( -4.90290105 1.528534845 -0.3633334465 )
        Viscous  : ( 0.001119447117 -0.002381011596 -0.02265557943 )


liftDrag LD execute:
Viscous drag: 0.003877981447, pressure drag: 0.06219220165, porous drag: 0
Viscous lift: 0.0001916170436, pressure lift: -0.8392351813, porous lift: 0
Total lift: -0.8390435642, Front lift: -0.2927855354, Rear lift: -0.5462580288, Drag: 0.0660701831
Location of Center of Mass: ( 0.1593065081 0.4851454654 -0.003834401379 )
Location of Center Of Pressure: ( 0.1513994381 0.4851454654 -0.004457040751 )


yPlus yPlus execute:
    patch Bottom y+ : min = 1.530386038, max = 518.256732, average = 269.2946222
    patch Top y+ : min = 70.51633247, max = 533.984678, average = 303.380303
    patch e423_0 y+ : min = 113.9064822, max = 874.8933334, average = 389.7691862


################################################################################

Time = 187

Outer Loop Iteration = 187
smoothSolver:  Solving for Ux, Initial residual = 4.627259104e-05, Final residual = 7.067463484e-07, No Iterations 2
smoothSolver:  Solving for Uz, Initial residual = 3.301854402e-05, Final residual = 5.151389915e-07, No Iterations 2
GAMG:  Solving for p, Initial residual = 5.246439729e-05, Final residual = 2.829242982e-07, No Iterations 3
GAMG:  Solving for p, Initial residual = 5.139543394e-06, Final residual = 2.269782821e-08, No Iterations 3
GAMG:  Solving for p, Initial residual = 9.980960789e-07, Final residual = 3.97413411e-09, No Iterations 3
time step continuity errors (region0): sum local = 4.116366524e-10, global = -1.021491798e-10, cumulative = -1.460121251e-07
smoothSolver:  Solving for omega, Initial residual = 2.003455771e-06, Final residual = 1.301813414e-07, No Iterations 1
smoothSolver:  Solving for k, Initial residual = 4.247607158e-06, Final residual = 1.593674779e-07, No Iterations 1

ExecutionTime = 2.35 s  ExecutionStepTime = 0.01 s  ClockTime = 3 s

forces FR write:
    Sum of forces
        Total    : ( 0.7955927466 0 -10.1039178 )
        Pressure : ( 0.7488941917 0 -10.10622513 )
        Viscous  : ( 0.04669855485 0 0.002307334186 )
    Sum of moments
        Total    : ( -4.901869902 1.5261744 -0.3859782133 )
        Pressure : ( -4.902989294 1.528555416 -0.3633226211 )
        Viscous  : ( 0.001119392717 -0.002381015842 -0.02265559212 )


liftDrag LD execute:
Viscous drag: 0.00387798362, pressure drag: 0.06219034867, porous drag: 0
Viscous lift: 0.0001916077319, pressure lift: -0.8392502861, porous lift: 0
Total lift: -0.8390586784, Front lift: -0.2927913846, Rear lift: -0.5462672938, Drag: 0.06606833229
Location of Center of Mass: ( 0.1593065081 0.4851454654 -0.003834401379 )
Location of Center Of Pressure: ( 0.1513987387 0.4851454654 -0.004457067172 )


yPlus yPlus execute:
    patch Bottom y+ : min = 1.545496844, max = 518.3124147, average = 269.3038662
    patch Top y+ : min = 70.51159284, max = 534.0203005, average = 303.3993247
    patch e423_0 y+ : min = 113.9003469, max = 874.8959874, average = 389.7686284


################################################################################

Time = 188

Outer Loop Iteration = 188
smoothSolver:  Solving for Ux, Initial residual = 4.401222313e-05, Final residual = 6.811527043e-07, No Iterations 2
smoothSolver:  Solving for Uz, Initial residual = 3.101231464e-05, Final residual = 4.858549131e-07, No Iterations 2
GAMG:  Solving for p, Initial residual = 4.930485942e-05, Final residual = 2.645143219e-07, No Iterations 3
GAMG:  Solving for p, Initial residual = 4.917430916e-06, Final residual = 2.092685552e-08, No Iterations 3
GAMG:  Solving for p, Initial residual = 9.434280907e-07, Final residual = 3.670836447e-09, No Iterations 3
time step continuity errors (region0): sum local = 3.80217239e-10, global = -9.86491443e-11, cumulative = -1.461107743e-07
smoothSolver:  Solving for omega, Initial residual = 1.90626673e-06, Final residual = 1.24516126e-07, No Iterations 1
smoothSolver:  Solving for k, Initial residual = 3.880279767e-06, Final residual = 1.520139322e-07, No Iterations 1

ExecutionTime = 2.37 s  ExecutionStepTime = 0.02 s  ClockTime = 3 s

forces FR write:
    Sum of forces
        Total    : ( 0.795569757 0 -10.10409102 )
        Pressure : ( 0.748871188 0 -10.10639824 )
        Viscous  : ( 0.046698569 0 0.002307217469 )
    Sum of moments
        Total    : ( -4.90195394 1.526193418 -0.38596706 )
        Pressure : ( -4.903073276 1.528574436 -0.363311461 )
        Viscous  : ( 0.001119336092 -0.002381018218 -0.02265559899 )


liftDrag LD execute:
Viscous drag: 0.003877984795, pressure drag: 0.06218843837, porous drag: 0
Viscous lift: 0.0001915980394, pressure lift: -0.8392646613, porous lift: 0
Total lift: -0.8390730633, Front lift: -0.2927969977, Rear lift: -0.5462760656, Drag: 0.06606642317
Location of Center of Mass: ( 0.1593065081 0.4851454654 -0.003834401379 )
Location of Center Of Pressure: ( 0.1513980174 0.4851454654 -0.004457095292 )


yPlus yPlus execute:
    patch Bottom y+ : min = 1.559375483, max = 518.3640209, average = 269.3112133
    patch Top y+ : min = 70.50712703, max = 534.0543676, average = 303.4169582
    patch e423_0 y+ : min = 113.8943555, max = 874.8986465, average = 389.7680197


################################################################################

Time = 189

Outer Loop Iteration = 189
smoothSolver:  Solving for Ux, Initial residual = 4.188439414e-05, Final residual = 6.572236542e-07, No Iterations 2
smoothSolver:  Solving for Uz, Initial residual = 2.912003155e-05, Final residual = 4.618153644e-07, No Iterations 2
GAMG:  Solving for p, Initial residual = 4.667297689e-05, Final residual = 2.467595282e-07, No Iterations 3
GAMG:  Solving for p, Initial residual = 4.698825437e-06, Final residual = 1.917383172e-08, No Iterations 3
GAMG:  Solving for p, Initial residual = 9.0100621e-07, Final residual = 3.384023783e-09, No Iterations 3
time step continuity errors (region0): sum local = 3.505056522e-10, global = -9.424779405e-11, cumulative = -1.462050221e-07
smoothSolver:  Solving for omega, Initial residual = 1.814494276e-06, Final residual = 1.194191981e-07, No Iterations 1
smoothSolver:  Solving for k, Initial residual = 3.550023127e-06, Final residual = 1.451752638e-07, No Iterations 1

ExecutionTime = 2.39 s  ExecutionStepTime = 0.02 s  ClockTime = 3 s

forces FR write:
    Sum of forces
        Total    : ( 0.7955462416 0 -10.10425545 )
        Pressure : ( 0.7488476686 0 -10.10656254 )
        Viscous  : ( 0.04669857299 0 0.002307097305 )
    Sum of moments
        Total    : ( -4.90203371 1.526210936 -0.3859556516 )
        Pressure : ( -4.903152988 1.528591955 -0.3633000507 )
        Viscous  : ( 0.001119277795 -0.002381018944 -0.02265560092 )


liftDrag LD execute:
Viscous drag: 0.003877985126, pressure drag: 0.06218648526, porous drag: 0
Viscous lift: 0.0001915880606, pressure lift: -0.8392783058, porous lift: 0
Total lift: -0.8390867177, Front lift: -0.2928023702, Rear lift: -0.5462843475, Drag: 0.06606447039
Location of Center of Mass: ( 0.1593065081 0.4851454654 -0.003834401379 )
Location of Center Of Pressure: ( 0.1513972794 0.4851454654 -0.004457124861 )


yPlus yPlus execute:
    patch Bottom y+ : min = 1.571983744, max = 518.4115999, average = 269.3167076
    patch Top y+ : min = 70.50293593, max = 534.086833, average = 303.4331938
    patch e423_0 y+ : min = 113.8885254, max = 874.9013044, average = 389.7673705


################################################################################

Time = 190

Outer Loop Iteration = 190
smoothSolver:  Solving for Ux, Initial residual = 3.992118876e-05, Final residual = 6.329401717e-07, No Iterations 2
smoothSolver:  Solving for Uz, Initial residual = 2.737337138e-05, Final residual = 4.398705936e-07, No Iterations 2
GAMG:  Solving for p, Initial residual = 4.417511351e-05, Final residual = 2.289825094e-07, No Iterations 3
GAMG:  Solving for p, Initial residual = 4.486788273e-06, Final residual = 1.75079234e-08, No Iterations 3
GAMG:  Solving for p, Initial residual = 7.530981167e-07, Final residual = 2.792348429e-09, No Iterations 3
time step continuity errors (region0): sum local = 2.892183886e-10, global = -8.6796681e-11, cumulative = -1.462918187e-07
smoothSolver:  Solving for omega, Initial residual = 1.727616914e-06, Final residual = 1.147777603e-07, No Iterations 1
smoothSolver:  Solving for k, Initial residual = 3.251452713e-06, Final residual = 1.387723571e-07, No Iterations 1

ExecutionTime = 2.4 s  ExecutionStepTime = 0.01 s  ClockTime = 3 s

forces FR write:
    Sum of forces
        Total    : ( 0.7955223662 0 -10.1044111 )
        Pressure : ( 0.7488237975 0 -10.10671808 )
        Viscous  : ( 0.04669856867 0 0.002306974785 )
    Sum of moments
        Total    : ( -4.902109225 1.526227004 -0.3859440685 )
        Pressure : ( -4.903228444 1.528608022 -0.3632884697 )
        Viscous  : ( 0.001119218356 -0.002381018229 -0.02265559883 )


liftDrag LD execute:
Viscous drag: 0.003877984767, pressure drag: 0.06218450293, porous drag: 0
Viscous lift: 0.0001915778862, pressure lift: -0.8392912216, porous lift: 0
Total lift: -0.8390996437, Front lift: -0.2928074989, Rear lift: -0.5462921448, Drag: 0.0660624877
Location of Center of Mass: ( 0.1593065081 0.4851454654 -0.003834401379 )
Location of Center Of Pressure: ( 0.1513965292 0.4851454654 -0.004457155641 )


yPlus yPlus execute:
    patch Bottom y+ : min = 1.583313481, max = 518.4552235, average = 269.3205052
    patch Top y+ : min = 70.49901948, max = 534.11767, average = 303.448026
    patch e423_0 y+ : min = 113.8828719, max = 874.9039547, average = 389.7666913


################################################################################

Time = 191

Outer Loop Iteration = 191
smoothSolver:  Solving for Ux, Initial residual = 3.815817202e-05, Final residual = 6.09885635e-07, No Iterations 2
smoothSolver:  Solving for Uz, Initial residual = 2.570784797e-05, Final residual = 4.202925926e-07, No Iterations 2
GAMG:  Solving for p, Initial residual = 4.1787493e-05, Final residual = 2.119025034e-07, No Iterations 3
GAMG:  Solving for p, Initial residual = 4.378068142e-06, Final residual = 1.879633271e-08, No Iterations 3
GAMG:  Solving for p, Initial residual = 8.197318324e-07, Final residual = 2.750685243e-09, No Iterations 3
time step continuity errors (region0): sum local = 2.848998887e-10, global = -6.433135325e-11, cumulative = -1.463561501e-07
smoothSolver:  Solving for omega, Initial residual = 1.645885839e-06, Final residual = 1.104072138e-07, No Iterations 1
smoothSolver:  Solving for k, Initial residual = 2.982456386e-06, Final residual = 1.327139404e-07, No Iterations 1

ExecutionTime = 2.41 s  ExecutionStepTime = 0.01 s  ClockTime = 3 s

forces FR write:
    Sum of forces
        Total    : ( 0.7954982923 0 -10.10455808 )
        Pressure : ( 0.7487997345 0 -10.10686493 )
        Viscous  : ( 0.04669855774 0 0.002306850929 )
    Sum of moments
        Total    : ( -4.902180532 1.526241682 -0.3859323892 )
        Pressure : ( -4.90329969 1.528622698 -0.3632767957 )
        Viscous  : ( 0.001119158268 -0.002381016275 -0.02265559353 )


liftDrag LD execute:
Viscous drag: 0.00387798386, pressure drag: 0.06218250467, porous drag: 0
Viscous lift: 0.0001915676009, pressure lift: -0.8393034169, porous lift: 0
Total lift: -0.8391118493, Front lift: -0.2928123828, Rear lift: -0.5462994665, Drag: 0.06606048853
Location of Center of Mass: ( 0.1593065081 0.4851454654 -0.003834401379 )
Location of Center Of Pressure: ( 0.1513957715 0.4851454654 -0.004457187389 )


yPlus yPlus execute:
    patch Bottom y+ : min = 1.349075698, max = 518.4948422, average = 269.3229718
    patch Top y+ : min = 70.49537827, max = 534.1469432, average = 303.4614174
    patch e423_0 y+ : min = 113.8774084, max = 874.9065909, average = 389.7659916


################################################################################

Time = 192

Outer Loop Iteration = 192
smoothSolver:  Solving for Ux, Initial residual = 3.660504298e-05, Final residual = 5.864363673e-07, No Iterations 2
smoothSolver:  Solving for Uz, Initial residual = 2.427222994e-05, Final residual = 4.019198536e-07, No Iterations 2
GAMG:  Solving for p, Initial residual = 3.939208711e-05, Final residual = 1.943077295e-07, No Iterations 3
GAMG:  Solving for p, Initial residual = 4.221083485e-06, Final residual = 1.733481021e-08, No Iterations 3
GAMG:  Solving for p, Initial residual = 7.759679287e-07, Final residual = 2.430401188e-09, No Iterations 3
time step continuity errors (region0): sum local = 2.517231717e-10, global = -5.926396813e-11, cumulative = -1.464154141e-07
smoothSolver:  Solving for omega, Initial residual = 1.569496282e-06, Final residual = 1.064308886e-07, No Iterations 1
smoothSolver:  Solving for k, Initial residual = 2.740029432e-06, Final residual = 1.26935585e-07, No Iterations 1

ExecutionTime = 2.42 s  ExecutionStepTime = 0.01 s  ClockTime = 3 s

forces FR write:
    Sum of forces
        Total    : ( 0.7954741857 0 -10.10469674 )
        Pressure : ( 0.7487756442 0 -10.10700347 )
        Viscous  : ( 0.04669854148 0 0.002306726707 )
    Sum of moments
        Total    : ( -4.902247801 1.526255094 -0.385920694 )
        Pressure : ( -4.903366899 1.528636107 -0.3632651084 )
        Viscous  : ( 0.001119098002 -0.002381013275 -0.02265558564 )


liftDrag LD execute:
Viscous drag: 0.003877982509, pressure drag: 0.06218050414, porous drag: 0
Viscous lift: 0.0001915572851, pressure lift: -0.8393149212, porous lift: 0
Total lift: -0.8391233639, Front lift: -0.2928170263, Rear lift: -0.5463063376, Drag: 0.06605848665
Location of Center of Mass: ( 0.1593065081 0.4851454654 -0.003834401379 )
Location of Center Of Pressure: ( 0.1513950133 0.4851454654 -0.00445721966 )


yPlus yPlus execute:
    patch Bottom y+ : min = 1.073305677, max = 518.5316978, average = 269.322059
    patch Top y+ : min = 70.49190519, max = 534.1753429, average = 303.4736968
    patch e423_0 y+ : min = 113.8721458, max = 874.9092059, average = 389.7652796


################################################################################

Time = 193

Outer Loop Iteration = 193
smoothSolver:  Solving for Ux, Initial residual = 3.523589174e-05, Final residual = 5.631020179e-07, No Iterations 2
smoothSolver:  Solving for Uz, Initial residual = 2.28958516e-05, Final residual = 3.85844932e-07, No Iterations 2
GAMG:  Solving for p, Initial residual = 3.726242112e-05, Final residual = 1.797793427e-07, No Iterations 3
GAMG:  Solving for p, Initial residual = 3.995031346e-06, Final residual = 1.573124202e-08, No Iterations 3
GAMG:  Solving for p, Initial residual = 7.27888496e-07, Final residual = 2.227354471e-09, No Iterations 3
time step continuity errors (region0): sum local = 2.306896662e-10, global = -5.687554709e-11, cumulative = -1.464722896e-07
smoothSolver:  Solving for omega, Initial residual = 1.497663898e-06, Final residual = 1.026540025e-07, No Iterations 1
smoothSolver:  Solving for k, Initial residual = 2.520519308e-06, Final residual = 1.214226614e-07, No Iterations 1

ExecutionTime = 2.44 s  ExecutionStepTime = 0.02 s  ClockTime = 3 s

forces FR write:
    Sum of forces
        Total    : ( 0.7954501378 0 -10.10482673 )
        Pressure : ( 0.7487516163 0 -10.10713334 )
        Viscous  : ( 0.04669852145 0 0.002306602915 )
    Sum of moments
        Total    : ( -4.902310868 1.526267172 -0.3859090273 )
        Pressure : ( -4.903429906 1.528648181 -0.3632534513 )
        Viscous  : ( 0.001119037945 -0.002381009401 -0.02265557592 )


liftDrag LD execute:
Viscous drag: 0.003877980846, pressure drag: 0.0621785088, porous drag: 0
Viscous lift: 0.0001915470051, pressure lift: -0.8393257061, porous lift: 0
Total lift: -0.8391341591, Front lift: -0.2928214209, Rear lift: -0.5463127382, Drag: 0.06605648964
Location of Center of Mass: ( 0.1593065081 0.4851454654 -0.003834401379 )
Location of Center Of Pressure: ( 0.1513942529 0.4851454654 -0.004457252676 )


yPlus yPlus execute:
    patch Bottom y+ : min = 0.7531143696, max = 518.5658419, average = 269.3172859
    patch Top y+ : min = 70.488663, max = 534.203418, average = 303.484835
    patch e423_0 y+ : min = 113.8670968, max = 874.9117952, average = 389.764564


################################################################################

Time = 194

Outer Loop Iteration = 194
smoothSolver:  Solving for Ux, Initial residual = 3.39643648e-05, Final residual = 5.393744192e-07, No Iterations 2
smoothSolver:  Solving for Uz, Initial residual = 2.165369983e-05, Final residual = 3.724193554e-07, No Iterations 2
GAMG:  Solving for p, Initial residual = 3.518768182e-05, Final residual = 1.658696656e-07, No Iterations 3
GAMG:  Solving for p, Initial residual = 3.738482562e-06, Final residual = 1.415246756e-08, No Iterations 3
GAMG:  Solving for p, Initial residual = 6.857085797e-07, Final residual = 6.690046088e-09, No Iterations 2
time step continuity errors (region0): sum local = 6.928855896e-10, global = -1.179978271e-10, cumulative = -1.465902874e-07
smoothSolver:  Solving for omega, Initial residual = 1.431322351e-06, Final residual = 9.916320896e-08, No Iterations 1
smoothSolver:  Solving for k, Initial residual = 2.321687889e-06, Final residual = 1.16170151e-07, No Iterations 1

ExecutionTime = 2.45 s  ExecutionStepTime = 0.01 s  ClockTime = 3 s

forces FR write:
    Sum of forces
        Total    : ( 0.7954263036 0 -10.10494849 )
        Pressure : ( 0.7487278049 0 -10.10725497 )
        Viscous  : ( 0.04669849876 0 0.002306480331 )
    Sum of moments
        Total    : ( -4.902369936 1.526278041 -0.3858974642 )
        Pressure : ( -4.903488914 1.528659046 -0.3632418993 )
        Viscous  : ( 0.001118978473 -0.002381004815 -0.02265556491 )


liftDrag LD execute:
Viscous drag: 0.003877978962, pressure drag: 0.06217653142, porous drag: 0
Viscous lift: 0.0001915368253, pressure lift: -0.8393358066, porous lift: 0
Total lift: -0.8391442698, Front lift: -0.2928255737, Rear lift: -0.5463186962, Drag: 0.06605451038
Location of Center of Mass: ( 0.1593065081 0.4851454654 -0.003834401379 )
Location of Center Of Pressure: ( 0.1513934965 0.4851454654 -0.004457286051 )


yPlus yPlus execute:
    patch Bottom y+ : min = 0.3164232548, max = 518.5970027, average = 269.3046746
    patch Top y+ : min = 70.48567616, max = 534.2308083, average = 303.4947867
    patch e423_0 y+ : min = 113.8622661, max = 874.9143518, average = 389.7638507


################################################################################

Time = 195

Outer Loop Iteration = 195
smoothSolver:  Solving for Ux, Initial residual = 3.276687265e-05, Final residual = 5.177382551e-07, No Iterations 2
smoothSolver:  Solving for Uz, Initial residual = 2.047956937e-05, Final residual = 3.599376853e-07, No Iterations 2
GAMG:  Solving for p, Initial residual = 3.326943283e-05, Final residual = 1.526656719e-07, No Iterations 3
GAMG:  Solving for p, Initial residual = 3.502144997e-06, Final residual = 1.268959459e-08, No Iterations 3
GAMG:  Solving for p, Initial residual = 6.47834603e-07, Final residual = 6.019786227e-09, No Iterations 2
time step continuity errors (region0): sum local = 6.234575532e-10, global = -1.073261577e-10, cumulative = -1.466976136e-07
smoothSolver:  Solving for omega, Initial residual = 1.369241872e-06, Final residual = 9.609319185e-08, No Iterations 1
smoothSolver:  Solving for k, Initial residual = 2.140522592e-06, Final residual = 1.112459041e-07, No Iterations 1

ExecutionTime = 2.46 s  ExecutionStepTime = 0.01 s  ClockTime = 3 s

forces FR write:
    Sum of forces
        Total    : ( 0.7954028009 0 -10.10506239 )
        Pressure : ( 0.7487043265 0 -10.10736875 )
        Viscous  : ( 0.04669847436 0 0.002306359643 )
    Sum of moments
        Total    : ( -4.902425194 1.526287802 -0.385886062 )
        Pressure : ( -4.903544114 1.528668802 -0.3632305089 )
        Viscous  : ( 0.001118919922 -0.002380999673 -0.02265555307 )


liftDrag LD execute:
Viscous drag: 0.003877976936, pressure drag: 0.06217458171, porous drag: 0
Viscous lift: 0.000191526803, pressure lift: -0.8393452552, porous lift: 0
Total lift: -0.8391537283, Front lift: -0.2928294923, Rear lift: -0.546324236, Drag: 0.06605255865
Location of Center of Mass: ( 0.1593065081 0.4851454654 -0.003834401379 )
Location of Center Of Pressure: ( 0.1513927483 0.4851454654 -0.004457319519 )


yPlus yPlus execute:
    patch Bottom y+ : min = 0.4960401393, max = 518.6249722, average = 269.324993
    patch Top y+ : min = 70.48293221, max = 534.2571025, average = 303.5035402
    patch e423_0 y+ : min = 113.8576578, max = 874.916869, average = 389.7631454


################################################################################

Time = 196

Outer Loop Iteration = 196
smoothSolver:  Solving for Ux, Initial residual = 3.15833793e-05, Final residual = 4.961399311e-07, No Iterations 2
smoothSolver:  Solving for Uz, Initial residual = 1.938083236e-05, Final residual = 3.489430239e-07, No Iterations 2
GAMG:  Solving for p, Initial residual = 3.147900186e-05, Final residual = 1.400753482e-07, No Iterations 3
GAMG:  Solving for p, Initial residual = 3.298374972e-06, Final residual = 3.271430589e-08, No Iterations 2
GAMG:  Solving for p, Initial residual = 6.1776366e-07, Final residual = 2.208156734e-09, No Iterations 3
time step continuity errors (region0): sum local = 2.286911035e-10, global = -6.045811003e-11, cumulative = -1.467580717e-07
smoothSolver:  Solving for omega, Initial residual = 1.311619472e-06, Final residual = 9.316090125e-08, No Iterations 1
smoothSolver:  Solving for k, Initial residual = 1.977321797e-06, Final residual = 1.069331764e-07, No Iterations 1

ExecutionTime = 2.47 s  ExecutionStepTime = 0.01 s  ClockTime = 3 s

forces FR write:
    Sum of forces
        Total    : ( 0.7953797418 0 -10.10516862 )
        Pressure : ( 0.7486812927 0 -10.10747487 )
        Viscous  : ( 0.04669844918 0 0.00230624148 )
    Sum of moments
        Total    : ( -4.902476734 1.526296521 -0.385874875 )
        Pressure : ( -4.903595597 1.528677515 -0.3632193341 )
        Viscous  : ( 0.001118862596 -0.002380994114 -0.02265554086 )


liftDrag LD execute:
Viscous drag: 0.003877974844, pressure drag: 0.06217266892, porous drag: 0
Viscous lift: 0.0001915169904, pressure lift: -0.8393540676, porous lift: 0
Total lift: -0.8391625506, Front lift: -0.2928331794, Rear lift: -0.5463293712, Drag: 0.06605064376
Location of Center of Mass: ( 0.1593065081 0.4851454654 -0.003834401379 )
Location of Center Of Pressure: ( 0.151392012 0.4851454654 -0.004457352871 )


yPlus yPlus execute:
    patch Bottom y+ : min = 0.6940199425, max = 518.6497248, average = 269.3449991
    patch Top y+ : min = 70.48045209, max = 534.2819861, average = 303.5111187
    patch e423_0 y+ : min = 113.8532739, max = 874.9193426, average = 389.7624538


################################################################################

Time = 197

Outer Loop Iteration = 197
smoothSolver:  Solving for Ux, Initial residual = 3.042246208e-05, Final residual = 4.75633031e-07, No Iterations 2
smoothSolver:  Solving for Uz, Initial residual = 1.83391529e-05, Final residual = 3.377954703e-07, No Iterations 2
GAMG:  Solving for p, Initial residual = 2.978943433e-05, Final residual = 1.284108749e-07, No Iterations 3
GAMG:  Solving for p, Initial residual = 3.099617275e-06, Final residual = 2.928933677e-08, No Iterations 2
GAMG:  Solving for p, Initial residual = 5.79395771e-07, Final residual = 2.01353433e-09, No Iterations 3
time step continuity errors (region0): sum local = 2.085318095e-10, global = -5.842994096e-11, cumulative = -1.468165017e-07
smoothSolver:  Solving for omega, Initial residual = 1.259199786e-06, Final residual = 9.046136664e-08, No Iterations 1
smoothSolver:  Solving for k, Initial residual = 1.830760217e-06, Final residual = 1.035822191e-07, No Iterations 1

ExecutionTime = 2.48 s  ExecutionStepTime = 0.01 s  ClockTime = 3 s

forces FR write:
    Sum of forces
        Total    : ( 0.795357232 0 -10.10526747 )
        Pressure : ( 0.7486588079 0 -10.1075736 )
        Viscous  : ( 0.04669842409 0 0.002306126405 )
    Sum of moments
        Total    : ( -4.902524692 1.526304271 -0.3858639545 )
        Pressure : ( -4.903643498 1.52868526 -0.3632084258 )
        Viscous  : ( 0.001118806768 -0.00238098827 -0.02265552869 )


liftDrag LD execute:
Viscous drag: 0.003877972761, pressure drag: 0.06217080172, porous drag: 0
Viscous lift: 0.0001915074343, pressure lift: -0.839362267, porous lift: 0
Total lift: -0.8391707595, Front lift: -0.2928366403, Rear lift: -0.5463341193, Drag: 0.06604877448
Location of Center of Mass: ( 0.1593065081 0.4851454654 -0.003834401379 )
Location of Center Of Pressure: ( 0.1513912907 0.4851454654 -0.004457385919 )


yPlus yPlus execute:
    patch Bottom y+ : min = 0.7839452733, max = 518.6713516, average = 269.3577986
    patch Top y+ : min = 70.4782202, max = 534.3052531, average = 303.5175594
    patch e423_0 y+ : min = 113.8491164, max = 874.9217676, average = 389.7617809


################################################################################

Time = 198

Outer Loop Iteration = 198
smoothSolver:  Solving for Ux, Initial residual = 2.926991477e-05, Final residual = 4.558197563e-07, No Iterations 2
smoothSolver:  Solving for Uz, Initial residual = 1.735812989e-05, Final residual = 3.271783248e-07, No Iterations 2
GAMG:  Solving for p, Initial residual = 2.815410836e-05, Final residual = 1.177289732e-07, No Iterations 3
GAMG:  Solving for p, Initial residual = 2.912090109e-06, Final residual = 2.621067791e-08, No Iterations 2
GAMG:  Solving for p, Initial residual = 5.433076282e-07, Final residual = 5.327806956e-09, No Iterations 2
time step continuity errors (region0): sum local = 5.517669216e-10, global = -1.252121548e-10, cumulative = -1.469417138e-07
smoothSolver:  Solving for omega, Initial residual = 1.210965337e-06, Final residual = 8.794596481e-08, No Iterations 1
smoothSolver:  Solving for k, Initial residual = 1.699524043e-06, Final residual = 1.003689198e-07, No Iterations 1

ExecutionTime = 2.49 s  ExecutionStepTime = 0.01 s  ClockTime = 3 s

forces FR write:
    Sum of forces
        Total    : ( 0.7953353423 0 -10.10535922 )
        Pressure : ( 0.7486369424 0 -10.10766523 )
        Viscous  : ( 0.0466983999 0 0.002306014908 )
    Sum of moments
        Total    : ( -4.902569201 1.526311117 -0.3858533347 )
        Pressure : ( -4.903687954 1.528692099 -0.3631978178 )
        Viscous  : ( 0.001118752676 -0.00238098226 -0.02265551695 )


liftDrag LD execute:
Viscous drag: 0.003877970753, pressure drag: 0.06216898594, porous drag: 0
Viscous lift: 0.0001914981753, pressure lift: -0.8393698764, porous lift: 0
Total lift: -0.8391783783, Front lift: -0.2928398812, Rear lift: -0.5463384971, Drag: 0.06604695669
Location of Center of Mass: ( 0.1593065081 0.4851454654 -0.003834401379 )
Location of Center Of Pressure: ( 0.1513905866 0.4851454654 -0.004457418533 )


yPlus yPlus execute:
    patch Bottom y+ : min = 0.8049683053, max = 518.6899975, average = 269.3656872
    patch Top y+ : min = 70.47622849, max = 534.3267764, average = 303.5229062
    patch e423_0 y+ : min = 113.845186, max = 874.9241385, average = 389.7611313


################################################################################

Time = 199

Outer Loop Iteration = 199
smoothSolver:  Solving for Ux, Initial residual = 2.811833616e-05, Final residual = 4.365622755e-07, No Iterations 2
smoothSolver:  Solving for Uz, Initial residual = 1.645139378e-05, Final residual = 3.161732738e-07, No Iterations 2
GAMG:  Solving for p, Initial residual = 2.665951815e-05, Final residual = 1.076782441e-07, No Iterations 3
GAMG:  Solving for p, Initial residual = 2.722736938e-06, Final residual = 2.342554495e-08, No Iterations 2
GAMG:  Solving for p, Initial residual = 5.089964335e-07, Final residual = 4.849757057e-09, No Iterations 2
time step continuity errors (region0): sum local = 5.02251936e-10, global = -1.1802136e-10, cumulative = -1.470597352e-07
smoothSolver:  Solving for omega, Initial residual = 1.167250749e-06, Final residual = 8.55103404e-08, No Iterations 1
smoothSolver:  Solving for k, Initial residual = 1.582756376e-06, Final residual = 9.724653001e-08, No Iterations 1

ExecutionTime = 2.5 s  ExecutionStepTime = 0.01 s  ClockTime = 3 s

forces FR write:
    Sum of forces
        Total    : ( 0.7953141297 0 -10.10544417 )
        Pressure : ( 0.7486157524 0 -10.10775008 )
        Viscous  : ( 0.04669837726 0 0.002305907414 )
    Sum of moments
        Total    : ( -4.902610417 1.526317126 -0.3858430436 )
        Pressure : ( -4.903729117 1.528698102 -0.3631875376 )
        Viscous  : ( 0.001118700525 -0.00238097619 -0.02265550597 )


liftDrag LD execute:
Viscous drag: 0.003877968872, pressure drag: 0.06216722627, porous drag: 0
Viscous lift: 0.0001914892486, pressure lift: -0.8393769224, porous lift: 0
Total lift: -0.8391854332, Front lift: -0.2928429097, Rear lift: -0.5463425235, Drag: 0.06604519514
Location of Center of Mass: ( 0.1593065081 0.4851454654 -0.003834401379 )
Location of Center Of Pressure: ( 0.1513899016 0.4851454654 -0.004457450588 )


yPlus yPlus execute:
    patch Bottom y+ : min = 0.749328178, max = 518.7058554, average = 269.3683137
    patch Top y+ : min = 70.4744771, max = 534.3464819, average = 303.5271903
    patch e423_0 y+ : min = 113.8414816, max = 874.9264505, average = 389.7605086


################################################################################

Time = 200

Outer Loop Iteration = 200
smoothSolver:  Solving for Ux, Initial residual = 2.701955918e-05, Final residual = 4.191016756e-07, No Iterations 2
smoothSolver:  Solving for Uz, Initial residual = 1.561869905e-05, Final residual = 3.047428851e-07, No Iterations 2
GAMG:  Solving for p, Initial residual = 2.527002806e-05, Final residual = 9.826990271e-08, No Iterations 3
GAMG:  Solving for p, Initial residual = 2.55556121e-06, Final residual = 2.108355435e-08, No Iterations 2
GAMG:  Solving for p, Initial residual = 4.781677446e-07, Final residual = 4.413380028e-09, No Iterations 2
time step continuity errors (region0): sum local = 4.57054123e-10, global = -1.125478606e-10, cumulative = -1.47172283e-07
smoothSolver:  Solving for omega, Initial residual = 1.127220004e-06, Final residual = 8.326751132e-08, No Iterations 1
smoothSolver:  Solving for k, Initial residual = 1.478583804e-06, Final residual = 9.418130427e-08, No Iterations 1

ExecutionTime = 2.52 s  ExecutionStepTime = 0.02 s  ClockTime = 3 s

forces FR write:
    Sum of forces
        Total    : ( 0.7952936684 0 -10.10552263 )
        Pressure : ( 0.7485953117 0 -10.10782843 )
        Viscous  : ( 0.04669835674 0 0.002305804288 )
    Sum of moments
        Total    : ( -4.902648479 1.526322362 -0.3858331169 )
        Pressure : ( -4.90376713 1.528703332 -0.3631776209 )
        Viscous  : ( 0.001118650494 -0.00238097016 -0.02265549601 )


liftDrag LD execute:
Viscous drag: 0.003877967168, pressure drag: 0.06216552881, porous drag: 0
Viscous lift: 0.0001914806848, pressure lift: -0.8393834291, porous lift: 0
Total lift: -0.8391919484, Front lift: -0.2928457324, Rear lift: -0.546346216, Drag: 0.06604349598
Location of Center of Mass: ( 0.1593065081 0.4851454654 -0.003834401379 )
Location of Center Of Pressure: ( 0.1513892379 0.4851454654 -0.004457481956 )


yPlus yPlus execute:
    patch Bottom y+ : min = 0.6213296113, max = 518.719018, average = 269.3659996
    patch Top y+ : min = 70.47295439, max = 534.3642967, average = 303.530475
    patch e423_0 y+ : min = 113.8380003, max = 874.9287008, average = 389.7599161


################################################################################

Time = 201

Outer Loop Iteration = 201
smoothSolver:  Solving for Ux, Initial residual = 2.600416691e-05, Final residual = 4.027921363e-07, No Iterations 2
smoothSolver:  Solving for Uz, Initial residual = 1.482687674e-05, Final residual = 2.942043335e-07, No Iterations 2
GAMG:  Solving for p, Initial residual = 2.396528089e-05, Final residual = 9.168435948e-08, No Iterations 3
GAMG:  Solving for p, Initial residual = 2.397915076e-06, Final residual = 1.919666781e-08, No Iterations 2
GAMG:  Solving for p, Initial residual = 4.477904623e-07, Final residual = 4.03675686e-09, No Iterations 2
time step continuity errors (region0): sum local = 4.18045634e-10, global = -1.063254605e-10, cumulative = -1.472786085e-07
smoothSolver:  Solving for omega, Initial residual = 1.090403768e-06, Final residual = 8.116093319e-08, No Iterations 1
smoothSolver:  Solving for k, Initial residual = 1.384652237e-06, Final residual = 9.138134703e-08, No Iterations 1

ExecutionTime = 2.53 s  ExecutionStepTime = 0.01 s  ClockTime = 3 s

forces FR write:
    Sum of forces
        Total    : ( 0.7952740091 0 -10.10559493 )
        Pressure : ( 0.7485756703 0 -10.10790064 )
        Viscous  : ( 0.04669833881 0 0.00230570583 )
    Sum of moments
        Total    : ( -4.902683555 1.526326896 -0.3858235793 )
        Pressure : ( -4.903802158 1.52870786 -0.3631680919 )
        Viscous  : ( 0.001118602728 -0.002380964254 -0.02265548732 )


liftDrag LD execute:
Viscous drag: 0.00387796568, pressure drag: 0.06216389773, porous drag: 0
Viscous lift: 0.0001914725085, pressure lift: -0.8393894249, porous lift: 0
Total lift: -0.8391979524, Front lift: -0.2928483579, Rear lift: -0.5463495945, Drag: 0.06604186341
Location of Center of Mass: ( 0.1593065081 0.4851454654 -0.003834401379 )
Location of Center Of Pressure: ( 0.1513885971 0.4851454654 -0.00445751252 )


yPlus yPlus execute:
    patch Bottom y+ : min = 0.3659763078, max = 518.7296479, average = 269.3557606
    patch Top y+ : min = 70.47163653, max = 534.3802754, average = 303.532822
    patch e423_0 y+ : min = 113.8347387, max = 874.9308854, average = 389.7593563


################################################################################

Time = 202

Outer Loop Iteration = 202
smoothSolver:  Solving for Ux, Initial residual = 2.505725872e-05, Final residual = 3.87211942e-07, No Iterations 2
smoothSolver:  Solving for Uz, Initial residual = 1.410493222e-05, Final residual = 2.83653162e-07, No Iterations 2
GAMG:  Solving for p, Initial residual = 2.262945575e-05, Final residual = 8.572279994e-08, No Iterations 3
GAMG:  Solving for p, Initial residual = 2.234145808e-06, Final residual = 1.746927932e-08, No Iterations 2
GAMG:  Solving for p, Initial residual = 4.14925419e-07, Final residual = 3.677389799e-09, No Iterations 2
time step continuity errors (region0): sum local = 3.808256417e-10, global = -1.009763797e-10, cumulative = -1.473795849e-07
smoothSolver:  Solving for omega, Initial residual = 1.056497796e-06, Final residual = 7.941787212e-08, No Iterations 1
smoothSolver:  Solving for k, Initial residual = 1.30153509e-06, Final residual = 8.867550035e-08, No Iterations 1

ExecutionTime = 2.54 s  ExecutionStepTime = 0.01 s  ClockTime = 3 s

forces FR write:
    Sum of forces
        Total    : ( 0.7952551922 0 -10.1056614 )
        Pressure : ( 0.7485568683 0 -10.10796701 )
        Viscous  : ( 0.04669832389 0 0.002305612279 )
    Sum of moments
        Total    : ( -4.902715802 1.52633079 -0.3858144503 )
        Pressure : ( -4.903834359 1.528711748 -0.3631589702 )
        Viscous  : ( 0.001118557342 -0.002380958549 -0.02265548007 )


liftDrag LD execute:
Viscous drag: 0.00387796444, pressure drag: 0.06216233636, porous drag: 0
Viscous lift: 0.0001914647397, pressure lift: -0.8393949368, porous lift: 0
Total lift: -0.8392034721, Front lift: -0.2928507944, Rear lift: -0.5463526777, Drag: 0.0660403008
Location of Center of Mass: ( 0.1593065081 0.4851454654 -0.003834401379 )
Location of Center Of Pressure: ( 0.1513879808 0.4851454654 -0.004457542182 )


yPlus yPlus execute:
    patch Bottom y+ : min = 0.4609005733, max = 518.7380245, average = 269.3641735
    patch Top y+ : min = 70.47054797, max = 534.3947491, average = 303.5342558
    patch e423_0 y+ : min = 113.8316924, max = 874.9330014, average = 389.7588315


################################################################################

Time = 203

Outer Loop Iteration = 203
smoothSolver:  Solving for Ux, Initial residual = 2.411427668e-05, Final residual = 3.720250681e-07, No Iterations 2
smoothSolver:  Solving for Uz, Initial residual = 1.337732347e-05, Final residual = 2.736039417e-07, No Iterations 2
GAMG:  Solving for p, Initial residual = 2.137256311e-05, Final residual = 8.092071259e-08, No Iterations 3
GAMG:  Solving for p, Initial residual = 2.101951999e-06, Final residual = 1.624228069e-08, No Iterations 2
GAMG:  Solving for p, Initial residual = 3.898244917e-07, Final residual = 3.351550721e-09, No Iterations 2
time step continuity errors (region0): sum local = 3.470783293e-10, global = -8.931312374e-11, cumulative = -1.47468898e-07
smoothSolver:  Solving for omega, Initial residual = 1.025297011e-06, Final residual = 7.770118744e-08, No Iterations 1
smoothSolver:  Solving for k, Initial residual = 1.227668208e-06, Final residual = 8.616611554e-08, No Iterations 1

ExecutionTime = 2.54 s  ExecutionStepTime = 0 s  ClockTime = 3 s

forces FR write:
    Sum of forces
        Total    : ( 0.7952372538 0 -10.10572237 )
        Pressure : ( 0.7485389416 0 -10.10802789 )
        Viscous  : ( 0.04669831226 0 0.002305523814 )
    Sum of moments
        Total    : ( -4.902745382 1.526334108 -0.3858057476 )
        Pressure : ( -4.903863897 1.528715061 -0.3631502732 )
        Viscous  : ( 0.001118514424 -0.00238095311 -0.02265547443 )


liftDrag LD execute:
Viscous drag: 0.003877963474, pressure drag: 0.06216084767, porous drag: 0
Viscous lift: 0.0001914573934, pressure lift: -0.8393999928, porous lift: 0
Total lift: -0.8392085354, Front lift: -0.2928530505, Rear lift: -0.5463554849, Drag: 0.06603881114
Location of Center of Mass: ( 0.1593065081 0.4851454654 -0.003834401379 )
Location of Center Of Pressure: ( 0.1513873901 0.4851454654 -0.004457570849 )


yPlus yPlus execute:
    patch Bottom y+ : min = 0.7878686822, max = 518.7440149, average = 269.3846725
    patch Top y+ : min = 70.46963054, max = 534.4070634, average = 303.5348355
    patch e423_0 y+ : min = 113.8288561, max = 874.9350467, average = 389.7583431


################################################################################

Time = 204

Outer Loop Iteration = 204
smoothSolver:  Solving for Ux, Initial residual = 2.321818881e-05, Final residual = 3.57510419e-07, No Iterations 2
smoothSolver:  Solving for Uz, Initial residual = 1.270294687e-05, Final residual = 2.635915121e-07, No Iterations 2
GAMG:  Solving for p, Initial residual = 2.027735698e-05, Final residual = 7.775480452e-08, No Iterations 3
GAMG:  Solving for p, Initial residual = 1.974166378e-06, Final residual = 1.567421971e-08, No Iterations 2
GAMG:  Solving for p, Initial residual = 3.65426409e-07, Final residual = 3.084296073e-09, No Iterations 2
time step continuity errors (region0): sum local = 3.193991561e-10, global = -7.833162914e-11, cumulative = -1.475472296e-07
smoothSolver:  Solving for omega, Initial residual = 9.962096703e-07, Final residual = 7.594688841e-08, No Iterations 1
smoothSolver:  Solving for k, Initial residual = 1.161957245e-06, Final residual = 8.38455965e-08, No Iterations 1

ExecutionTime = 2.55 s  ExecutionStepTime = 0.01 s  ClockTime = 3 s

forces FR write:
    Sum of forces
        Total    : ( 0.7952202199 0 -10.10577818 )
        Pressure : ( 0.7485219157 0 -10.10808362 )
        Viscous  : ( 0.04669830415 0 0.002305440562 )
    Sum of moments
        Total    : ( -4.902772456 1.52633691 -0.3857974836 )
        Pressure : ( -4.90389093 1.528717858 -0.3631420131 )
        Viscous  : ( 0.001118474034 -0.002380947991 -0.0226554705 )


liftDrag LD execute:
Viscous drag: 0.003877962801, pressure drag: 0.06215943379, porous drag: 0
Viscous lift: 0.0001914504799, pressure lift: -0.8394046202, porous lift: 0
Total lift: -0.8392131697, Front lift: -0.2928551349, Rear lift: -0.5463580348, Drag: 0.06603739659
Location of Center of Mass: ( 0.1593065081 0.4851454654 -0.003834401379 )
Location of Center Of Pressure: ( 0.151386826 0.4851454654 -0.004457598445 )


yPlus yPlus execute:
    patch Bottom y+ : min = 1.042317881, max = 518.7477848, average = 269.4003722
    patch Top y+ : min = 70.46887294, max = 534.4173518, average = 303.5346546
    patch e423_0 y+ : min = 113.8262238, max = 874.9370193, average = 389.7578922


################################################################################

Time = 205

Outer Loop Iteration = 205
smoothSolver:  Solving for Ux, Initial residual = 2.232649458e-05, Final residual = 3.433988372e-07, No Iterations 2
smoothSolver:  Solving for Uz, Initial residual = 1.215157477e-05, Final residual = 2.53441868e-07, No Iterations 2
GAMG:  Solving for p, Initial residual = 1.938588477e-05, Final residual = 7.404094703e-08, No Iterations 3
GAMG:  Solving for p, Initial residual = 1.850035391e-06, Final residual = 1.523463349e-08, No Iterations 2
GAMG:  Solving for p, Initial residual = 3.465740807e-07, Final residual = 2.824628474e-09, No Iterations 2
time step continuity errors (region0): sum local = 2.925061823e-10, global = -5.74012648e-11, cumulative = -1.476046309e-07
smoothSolver:  Solving for omega, Initial residual = 9.679608739e-07, Final residual = 7.426277287e-08, No Iterations 1
smoothSolver:  Solving for k, Initial residual = 1.103700691e-06, Final residual = 8.154767728e-08, No Iterations 1

ExecutionTime = 2.56 s  ExecutionStepTime = 0.01 s  ClockTime = 3 s

forces FR write:
    Sum of forces
        Total    : ( 0.7952041089 0 -10.10582914 )
        Pressure : ( 0.7485058092 0 -10.1081345 )
        Viscous  : ( 0.04669829971 0 0.0023053626 )
    Sum of moments
        Total    : ( -4.902797181 1.526339253 -0.3857896675 )
        Pressure : ( -4.903915618 1.528720196 -0.3631341991 )
        Viscous  : ( 0.001118436211 -0.00238094324 -0.02265546835 )


liftDrag LD execute:
Viscous drag: 0.003877962433, pressure drag: 0.06215809626, porous drag: 0
Viscous lift: 0.0001914440057, pressure lift: -0.8394088459, porous lift: 0
Total lift: -0.8392174019, Front lift: -0.2928570565, Rear lift: -0.5463603454, Drag: 0.06603605869
Location of Center of Mass: ( 0.1593065081 0.4851454654 -0.003834401379 )
Location of Center Of Pressure: ( 0.1513862893 0.4851454654 -0.004457624906 )


yPlus yPlus execute:
    patch Bottom y+ : min = 1.266888854, max = 518.7495005, average = 269.4137387
    patch Top y+ : min = 70.46826163, max = 534.4258619, average = 303.5337938
    patch e423_0 y+ : min = 113.8237889, max = 874.9389179, average = 389.7574795


################################################################################

Time = 206

Outer Loop Iteration = 206
smoothSolver:  Solving for Ux, Initial residual = 2.14955327e-05, Final residual = 3.294100414e-07, No Iterations 2
smoothSolver:  Solving for Uz, Initial residual = 1.165999551e-05, Final residual = 2.430226116e-07, No Iterations 2
GAMG:  Solving for p, Initial residual = 1.863033373e-05, Final residual = 7.167116481e-08, No Iterations 3
GAMG:  Solving for p, Initial residual = 1.73795628e-06, Final residual = 1.493474737e-08, No Iterations 2
GAMG:  Solving for p, Initial residual = 3.317726642e-07, Final residual = 2.664685024e-09, No Iterations 2
time step continuity errors (region0): sum local = 2.759411271e-10, global = -5.101355506e-11, cumulative = -1.476556444e-07
smoothSolver:  Solving for omega, Initial residual = 9.407384957e-07, Final residual = 7.257830331e-08, No Iterations 1
smoothSolver:  Solving for k, Initial residual = 1.051002062e-06, Final residual = 7.924857749e-08, No Iterations 1

ExecutionTime = 2.57 s  ExecutionStepTime = 0.01 s  ClockTime = 3 s

forces FR write:
    Sum of forces
        Total    : ( 0.7951889327 0 -10.10587559 )
        Pressure : ( 0.7484906336 0 -10.10818088 )
        Viscous  : ( 0.04669829905 0 0.00230528996 )
    Sum of moments
        Total    : ( -4.902819715 1.52634119 -0.3857823048 )
        Pressure : ( -4.903938116 1.528722129 -0.3631268368 )
        Viscous  : ( 0.00111840097 -0.002380938892 -0.02265546802 )


liftDrag LD execute:
Viscous drag: 0.003877962377, pressure drag: 0.06215683603, porous drag: 0
Viscous lift: 0.0001914379735, pressure lift: -0.839412697, porous lift: 0
Total lift: -0.8392212591, Front lift: -0.2928588242, Rear lift: -0.5463624349, Drag: 0.06603479841
Location of Center of Mass: ( 0.1593065081 0.4851454654 -0.003834401379 )
Location of Center Of Pressure: ( 0.1513857806 0.4851454654 -0.004457650179 )


yPlus yPlus execute:
    patch Bottom y+ : min = 1.474701745, max = 518.7493729, average = 269.4255797
    patch Top y+ : min = 70.46778498, max = 534.4327695, average = 303.5323173
    patch e423_0 y+ : min = 113.821544, max = 874.9407415, average = 389.7571051


################################################################################

Time = 207

Outer Loop Iteration = 207
smoothSolver:  Solving for Ux, Initial residual = 2.068359281e-05, Final residual = 3.156716113e-07, No Iterations 2
smoothSolver:  Solving for Uz, Initial residual = 1.122141164e-05, Final residual = 2.326442654e-07, No Iterations 2
GAMG:  Solving for p, Initial residual = 1.798819726e-05, Final residual = 6.936770225e-08, No Iterations 3
GAMG:  Solving for p, Initial residual = 1.639694612e-06, Final residual = 1.467068239e-08, No Iterations 2
GAMG:  Solving for p, Initial residual = 3.193085996e-07, Final residual = 2.541463237e-09, No Iterations 2
time step continuity errors (region0): sum local = 2.631789091e-10, global = -4.37302877e-11, cumulative = -1.476993747e-07
smoothSolver:  Solving for omega, Initial residual = 9.143966386e-07, Final residual = 7.085235903e-08, No Iterations 1
smoothSolver:  Solving for k, Initial residual = 1.002982362e-06, Final residual = 7.694867887e-08, No Iterations 1

ExecutionTime = 2.59 s  ExecutionStepTime = 0.02 s  ClockTime = 3 s

forces FR write:
    Sum of forces
        Total    : ( 0.795174693 0 -10.10591782 )
        Pressure : ( 0.7484763908 0 -10.10822304 )
        Viscous  : ( 0.04669830219 0 0.002305222636 )
    Sum of moments
        Total    : ( -4.902840203 1.526342771 -0.3857753965 )
        Pressure : ( -4.903958572 1.528723706 -0.3631199269 )
        Viscous  : ( 0.001118368308 -0.002380934978 -0.02265546955 )


liftDrag LD execute:
Viscous drag: 0.003877962639, pressure drag: 0.06215565327, porous drag: 0
Viscous lift: 0.0001914323827, pressure lift: -0.8394161984, porous lift: 0
Total lift: -0.839224766, Front lift: -0.2928604464, Rear lift: -0.5463643197, Drag: 0.06603361591
Location of Center of Mass: ( 0.1593065081 0.4851454654 -0.003834401379 )
Location of Center Of Pressure: ( 0.1513853 0.4851454654 -0.004457674228 )


yPlus yPlus execute:
    patch Bottom y+ : min = 1.607199524, max = 518.7477516, average = 269.4362453
    patch Top y+ : min = 70.46744367, max = 534.438176, average = 303.5302739
    patch e423_0 y+ : min = 113.8194817, max = 874.9424896, average = 389.756769


################################################################################

Time = 208

Outer Loop Iteration = 208
smoothSolver:  Solving for Ux, Initial residual = 1.988604333e-05, Final residual = 3.026726273e-07, No Iterations 2
smoothSolver:  Solving for Uz, Initial residual = 1.081469926e-05, Final residual = 2.222691925e-07, No Iterations 2
GAMG:  Solving for p, Initial residual = 1.738931463e-05, Final residual = 6.745208996e-08, No Iterations 3
GAMG:  Solving for p, Initial residual = 1.548848593e-06, Final residual = 1.453446469e-08, No Iterations 2
GAMG:  Solving for p, Initial residual = 3.063658109e-07, Final residual = 2.455411098e-09, No Iterations 2
time step continuity errors (region0): sum local = 2.542661296e-10, global = -3.773101728e-11, cumulative = -1.477371057e-07
smoothSolver:  Solving for omega, Initial residual = 8.886749395e-07, Final residual = 6.908146358e-08, No Iterations 1
smoothSolver:  Solving for k, Initial residual = 9.591347073e-07, Final residual = 7.46638063e-08, No Iterations 1

ExecutionTime = 2.6 s  ExecutionStepTime = 0.01 s  ClockTime = 3 s

forces FR write:
    Sum of forces
        Total    : ( 0.7951613873 0 -10.10595613 )
        Pressure : ( 0.7484630781 0 -10.10826129 )
        Viscous  : ( 0.04669830916 0 0.002305160586 )
    Sum of moments
        Total    : ( -4.902858791 1.526344041 -0.3857689412 )
        Pressure : ( -4.903977129 1.528724973 -0.3631134683 )
        Viscous  : ( 0.001118338205 -0.00238093152 -0.02265547293 )


liftDrag LD execute:
Viscous drag: 0.003877963217, pressure drag: 0.06215454774, porous drag: 0
Viscous lift: 0.0001914272299, pressure lift: -0.839419375, porous lift: 0
Total lift: -0.8392279477, Front lift: -0.2928619318, Rear lift: -0.546366016, Drag: 0.06603251096
Location of Center of Mass: ( 0.1593065081 0.4851454654 -0.003834401379 )
Location of Center Of Pressure: ( 0.1513848477 0.4851454654 -0.004457697027 )


yPlus yPlus execute:
    patch Bottom y+ : min = 1.600824948, max = 518.7449381, average = 269.4459749
    patch Top y+ : min = 70.46723283, max = 534.4420795, average = 303.5277028
    patch e423_0 y+ : min = 113.8175939, max = 874.9441622, average = 389.7564708


################################################################################

Time = 209

Outer Loop Iteration = 209
smoothSolver:  Solving for Ux, Initial residual = 1.910992484e-05, Final residual = 2.896447618e-07, No Iterations 2
smoothSolver:  Solving for Uz, Initial residual = 1.04443824e-05, Final residual = 2.121560173e-07, No Iterations 2
GAMG:  Solving for p, Initial residual = 1.685747783e-05, Final residual = 6.580675334e-08, No Iterations 3
GAMG:  Solving for p, Initial residual = 1.458364561e-06, Final residual = 1.431734953e-08, No Iterations 2
GAMG:  Solving for p, Initial residual = 2.91544296e-07, Final residual = 2.380698027e-09, No Iterations 2
time step continuity errors (region0): sum local = 2.465277895e-10, global = -3.220163525e-11, cumulative = -1.477693074e-07
smoothSolver:  Solving for omega, Initial residual = 8.638128606e-07, Final residual = 6.73939472e-08, No Iterations 1
smoothSolver:  Solving for k, Initial residual = 9.217907961e-07, Final residual = 7.240736475e-08, No Iterations 1

ExecutionTime = 2.6 s  ExecutionStepTime = 0 s  ClockTime = 3 s

forces FR write:
    Sum of forces
        Total    : ( 0.7951490077 0 -10.10599082 )
        Pressure : ( 0.7484506878 0 -10.10829593 )
        Viscous  : ( 0.0466983199 0 0.002305103737 )
    Sum of moments
        Total    : ( -4.90287562 1.526345044 -0.3857629354 )
        Pressure : ( -4.903993931 1.528725972 -0.3631074572 )
        Viscous  : ( 0.001118310625 -0.002380928533 -0.02265547814 )


liftDrag LD execute:
Viscous drag: 0.003877964109, pressure drag: 0.06215351882, porous drag: 0
Viscous lift: 0.000191422509, pressure lift: -0.8394222508, porous lift: 0
Total lift: -0.8392308283, Front lift: -0.2928632888, Rear lift: -0.5463675395, Drag: 0.06603148292
Location of Center of Mass: ( 0.1593065081 0.4851454654 -0.003834401379 )
Location of Center Of Pressure: ( 0.1513844235 0.4851454654 -0.004457718558 )


yPlus yPlus execute:
    patch Bottom y+ : min = 1.593922472, max = 518.7410164, average = 269.4548007
    patch Top y+ : min = 70.4671367, max = 534.4444121, average = 303.5246489
    patch e423_0 y+ : min = 113.8158725, max = 874.9457595, average = 389.7562099


################################################################################

Time = 210

Outer Loop Iteration = 210
smoothSolver:  Solving for Ux, Initial residual = 1.837857879e-05, Final residual = 2.768664063e-07, No Iterations 2
smoothSolver:  Solving for Uz, Initial residual = 1.010442273e-05, Final residual = 2.023127943e-07, No Iterations 2
GAMG:  Solving for p, Initial residual = 1.633304772e-05, Final residual = 6.427769058e-08, No Iterations 3
GAMG:  Solving for p, Initial residual = 1.372813001e-06, Final residual = 4.883871288e-09, No Iterations 3
GAMG:  Solving for p, Initial residual = 2.734272939e-07, Final residual = 1.694369908e-09, No Iterations 2
time step continuity errors (region0): sum local = 1.754558538e-10, global = -2.525931897e-13, cumulative = -1.4776956e-07
smoothSolver:  Solving for omega, Initial residual = 8.393777401e-07, Final residual = 6.564802706e-08, No Iterations 1
smoothSolver:  Solving for k, Initial residual = 8.878879229e-07, Final residual = 7.029393266e-08, No Iterations 1

ExecutionTime = 2.62 s  ExecutionStepTime = 0.01 s  ClockTime = 3 s

forces FR write:
    Sum of forces
        Total    : ( 0.7951375394 0 -10.10602216 )
        Pressure : ( 0.748439205 0 -10.10832722 )
        Viscous  : ( 0.04669833435 0 0.002305051988 )
    Sum of moments
        Total    : ( -4.902890825 1.526345819 -0.3857573716 )
        Pressure : ( -4.904009111 1.528726745 -0.3631018864 )
        Viscous  : ( 0.001118285519 -0.002380926026 -0.02265548515 )


liftDrag LD execute:
Viscous drag: 0.003877965309, pressure drag: 0.06215256525, porous drag: 0
Viscous lift: 0.0001914182115, pressure lift: -0.8394248493, porous lift: 0
Total lift: -0.8392334311, Front lift: -0.2928645258, Rear lift: -0.5463689052, Drag: 0.06603053056
Location of Center of Mass: ( 0.1593065081 0.4851454654 -0.003834401379 )
Location of Center Of Pressure: ( 0.1513840272 0.4851454654 -0.004457738814 )


yPlus yPlus execute:
    patch Bottom y+ : min = 1.586582522, max = 518.7361581, average = 269.4628407
    patch Top y+ : min = 70.46714464, max = 534.4452103, average = 303.5211669
    patch e423_0 y+ : min = 113.8143093, max = 874.9472822, average = 389.7559854


################################################################################

Time = 211

Outer Loop Iteration = 211
smoothSolver:  Solving for Ux, Initial residual = 1.772388527e-05, Final residual = 2.641872829e-07, No Iterations 2
smoothSolver:  Solving for Uz, Initial residual = 9.780438956e-06, Final residual = 1.929022646e-07, No Iterations 2
GAMG:  Solving for p, Initial residual = 1.58206592e-05, Final residual = 6.261923237e-08, No Iterations 3
GAMG:  Solving for p, Initial residual = 1.302477008e-06, Final residual = 4.820889476e-09, No Iterations 3
GAMG:  Solving for p, Initial residual = 2.57657811e-07, Final residual = 1.74295344e-09, No Iterations 2
time step continuity errors (region0): sum local = 1.804858869e-10, global = -9.147035986e-12, cumulative = -1.47778707e-07
smoothSolver:  Solving for omega, Initial residual = 8.153555734e-07, Final residual = 6.384846109e-08, No Iterations 1
smoothSolver:  Solving for k, Initial residual = 8.563982063e-07, Final residual = 6.820603798e-08, No Iterations 1

ExecutionTime = 2.63 s  ExecutionStepTime = 0.01 s  ClockTime = 3 s

forces FR write:
    Sum of forces
        Total    : ( 0.7951269698 0 -10.10605043 )
        Pressure : ( 0.7484286174 0 -10.10835544 )
        Viscous  : ( 0.0466983524 0 0.002305005206 )
    Sum of moments
        Total    : ( -4.902904541 1.526346404 -0.3857522438 )
        Pressure : ( -4.904022804 1.528727328 -0.3630967499 )
        Viscous  : ( 0.001118262823 -0.002380924003 -0.0226554939 )


liftDrag LD execute:
Viscous drag: 0.003877966808, pressure drag: 0.06215168602, porous drag: 0
Viscous lift: 0.0001914143267, pressure lift: -0.8394271931, porous lift: 0
Total lift: -0.8392357788, Front lift: -0.292865651, Rear lift: -0.5463701277, Drag: 0.06602965283
Location of Center of Mass: ( 0.1593065081 0.4851454654 -0.003834401379 )
Location of Center Of Pressure: ( 0.1513836585 0.4851454654 -0.004457757794 )


yPlus yPlus execute:
    patch Bottom y+ : min = 1.578872946, max = 518.730529, average = 269.4701343
    patch Top y+ : min = 70.46724194, max = 534.4445842, average = 303.5173153
    patch e423_0 y+ : min = 113.8128958, max = 874.9487313, average = 389.7557962


################################################################################

Time = 212

Outer Loop Iteration = 212
smoothSolver:  Solving for Ux, Initial residual = 1.708670579e-05, Final residual = 2.51874452e-07, No Iterations 2
smoothSolver:  Solving for Uz, Initial residual = 9.480349371e-06, Final residual = 1.840523574e-07, No Iterations 2
GAMG:  Solving for p, Initial residual = 1.529386147e-05, Final residual = 6.101196731e-08, No Iterations 3
GAMG:  Solving for p, Initial residual = 1.233353696e-06, Final residual = 4.798630499e-09, No Iterations 3
GAMG:  Solving for p, Initial residual = 2.420878873e-07, Final residual = 1.72057538e-09, No Iterations 2
time step continuity errors (region0): sum local = 1.781679462e-10, global = -7.334758928e-12, cumulative = -1.477860418e-07
smoothSolver:  Solving for omega, Initial residual = 7.914886437e-07, Final residual = 6.199996024e-08, No Iterations 1
smoothSolver:  Solving for k, Initial residual = 8.267717317e-07, Final residual = 6.614538382e-08, No Iterations 1

ExecutionTime = 2.64 s  ExecutionStepTime = 0.01 s  ClockTime = 3 s

forces FR write:
    Sum of forces
        Total    : ( 0.7951172743 0 -10.10607589 )
        Pressure : ( 0.7484189004 0 -10.10838086 )
        Viscous  : ( 0.04669837389 0 0.00230496324 )
    Sum of moments
        Total    : ( -4.902916892 1.526346835 -0.38574754 )
        Pressure : ( -4.904035135 1.528727757 -0.3630920357 )
        Viscous  : ( 0.001118242463 -0.002380922462 -0.02265550433 )


liftDrag LD execute:
Viscous drag: 0.003877968593, pressure drag: 0.0621508791, porous drag: 0
Viscous lift: 0.0001914108417, pressure lift: -0.8394293038, porous lift: 0
Total lift: -0.8392378929, Front lift: -0.2928666724, Rear lift: -0.5463712205, Drag: 0.06602884769
Location of Center of Mass: ( 0.1593065081 0.4851454654 -0.003834401379 )
Location of Center Of Pressure: ( 0.1513833168 0.4851454654 -0.004457775504 )


yPlus yPlus execute:
    patch Bottom y+ : min = 1.570883712, max = 518.7242685, average = 269.4767951
    patch Top y+ : min = 70.46742255, max = 534.4426921, average = 303.5131552
    patch e423_0 y+ : min = 113.8116236, max = 874.950108, average = 389.755641


################################################################################

Time = 213

Outer Loop Iteration = 213
smoothSolver:  Solving for Ux, Initial residual = 1.644975128e-05, Final residual = 2.398425854e-07, No Iterations 2
smoothSolver:  Solving for Uz, Initial residual = 9.199212921e-06, Final residual = 1.751448213e-07, No Iterations 2
GAMG:  Solving for p, Initial residual = 1.475768567e-05, Final residual = 5.93345729e-08, No Iterations 3
GAMG:  Solving for p, Initial residual = 1.169002252e-06, Final residual = 4.717157861e-09, No Iterations 3
GAMG:  Solving for p, Initial residual = 2.278414658e-07, Final residual = 1.682223909e-09, No Iterations 2
time step continuity errors (region0): sum local = 1.74196201e-10, global = -2.086401243e-12, cumulative = -1.477881282e-07
smoothSolver:  Solving for omega, Initial residual = 7.677894606e-07, Final residual = 6.016660497e-08, No Iterations 1
smoothSolver:  Solving for k, Initial residual = 7.992362396e-07, Final residual = 6.411059883e-08, No Iterations 1

ExecutionTime = 2.66 s  ExecutionStepTime = 0.02 s  ClockTime = 3 s

forces FR write:
    Sum of forces
        Total    : ( 0.7951084287 0 -10.10609879 )
        Pressure : ( 0.74841003 0 -10.10840372 )
        Viscous  : ( 0.04669839867 0 0.002304925914 )
    Sum of moments
        Total    : ( -4.902928 1.526347141 -0.3857432486 )
        Pressure : ( -4.904046224 1.528728062 -0.3630877323 )
        Viscous  : ( 0.001118224355 -0.002380921396 -0.02265551635 )


liftDrag LD execute:
Viscous drag: 0.00387797065, pressure drag: 0.06215014248, porous drag: 0
Viscous lift: 0.000191407742, pressure lift: -0.839431202, porous lift: 0
Total lift: -0.8392397943, Front lift: -0.2928675976, Rear lift: -0.5463721967, Drag: 0.06602811313
Location of Center of Mass: ( 0.1593065081 0.4851454654 -0.003834401379 )
Location of Center Of Pressure: ( 0.1513830016 0.4851454654 -0.00445779196 )


yPlus yPlus execute:
    patch Bottom y+ : min = 1.562666212, max = 518.7174874, average = 269.4828968
    patch Top y+ : min = 70.4676717, max = 534.4397057, average = 303.5087434
    patch e423_0 y+ : min = 113.8104843, max = 874.9514136, average = 389.7555183


################################################################################

Time = 214

Outer Loop Iteration = 214
smoothSolver:  Solving for Ux, Initial residual = 1.581506067e-05, Final residual = 2.284482942e-07, No Iterations 2
smoothSolver:  Solving for Uz, Initial residual = 8.912102167e-06, Final residual = 1.666193427e-07, No Iterations 2
GAMG:  Solving for p, Initial residual = 1.418291675e-05, Final residual = 5.762576136e-08, No Iterations 3
GAMG:  Solving for p, Initial residual = 1.103880342e-06, Final residual = 4.599945751e-09, No Iterations 3
GAMG:  Solving for p, Initial residual = 2.138630395e-07, Final residual = 1.642898251e-09, No Iterations 2
time step continuity errors (region0): sum local = 1.701234551e-10, global = 1.888897889e-12, cumulative = -1.477862393e-07
smoothSolver:  Solving for omega, Initial residual = 7.442354602e-07, Final residual = 5.830549122e-08, No Iterations 1
smoothSolver:  Solving for k, Initial residual = 7.727836588e-07, Final residual = 6.218842437e-08, No Iterations 1

ExecutionTime = 2.67 s  ExecutionStepTime = 0.01 s  ClockTime = 3 s

forces FR write:
    Sum of forces
        Total    : ( 0.795100406 0 -10.10611936 )
        Pressure : ( 0.7484019795 0 -10.10842426 )
        Viscous  : ( 0.04669842651 0 0.002304893035 )
    Sum of moments
        Total    : ( -4.902937981 1.526347353 -0.3857393565 )
        Pressure : ( -4.90405619 1.528728274 -0.3630838266 )
        Viscous  : ( 0.001118208404 -0.002380920794 -0.02265552986 )


liftDrag LD execute:
Viscous drag: 0.003877972962, pressure drag: 0.06214947394, porous drag: 0
Viscous lift: 0.0001914050117, pressure lift: -0.8394329078, porous lift: 0
Total lift: -0.8392415028, Front lift: -0.2928684343, Rear lift: -0.5463730685, Drag: 0.0660274469
Location of Center of Mass: ( 0.1593065081 0.4851454654 -0.003834401379 )
Location of Center Of Pressure: ( 0.151382712 0.4851454654 -0.004457807181 )


yPlus yPlus execute:
    patch Bottom y+ : min = 1.554268462, max = 518.7102789, average = 269.4884942
    patch Top y+ : min = 70.46798193, max = 534.4357861, average = 303.5041334
    patch e423_0 y+ : min = 113.8094694, max = 874.95265, average = 389.7554265


################################################################################

Time = 215

Outer Loop Iteration = 215
smoothSolver:  Solving for Ux, Initial residual = 1.51811107e-05, Final residual = 2.174506334e-07, No Iterations 2
smoothSolver:  Solving for Uz, Initial residual = 8.622307929e-06, Final residual = 1.583991886e-07, No Iterations 2
GAMG:  Solving for p, Initial residual = 1.361894261e-05, Final residual = 5.571868109e-08, No Iterations 3
GAMG:  Solving for p, Initial residual = 1.036871133e-06, Final residual = 4.439603973e-09, No Iterations 3
GAMG:  Solving for p, Initial residual = 1.994704357e-07, Final residual = 1.591182947e-09, No Iterations 2
time step continuity errors (region0): sum local = 1.647679925e-10, global = 6.151150654e-12, cumulative = -1.477800881e-07
smoothSolver:  Solving for omega, Initial residual = 7.209259441e-07, Final residual = 5.640572185e-08, No Iterations 1
smoothSolver:  Solving for k, Initial residual = 7.472869974e-07, Final residual = 6.028986256e-08, No Iterations 1

ExecutionTime = 2.68 s  ExecutionStepTime = 0.01 s  ClockTime = 3 s

forces FR write:
    Sum of forces
        Total    : ( 0.7950931759 0 -10.10613784 )
        Pressure : ( 0.7483947187 0 -10.10844271 )
        Viscous  : ( 0.04669845719 0 0.002304864396 )
    Sum of moments
        Total    : ( -4.902946946 1.526347497 -0.3857358488 )
        Pressure : ( -4.904065141 1.528728417 -0.3630803041 )
        Viscous  : ( 0.00111819451 -0.002380920641 -0.02265554474 )


liftDrag LD execute:
Viscous drag: 0.00387797551, pressure drag: 0.06214887098, porous drag: 0
Viscous lift: 0.0001914026334, pressure lift: -0.8394344399, porous lift: 0
Total lift: -0.8392430373, Front lift: -0.2928691896, Rear lift: -0.5463738477, Drag: 0.06602684649
Location of Center of Mass: ( 0.1593065081 0.4851454654 -0.003834401379 )
Location of Center Of Pressure: ( 0.1513824474 0.4851454654 -0.004457821194 )


yPlus yPlus execute:
    patch Bottom y+ : min = 1.545741604, max = 518.7027265, average = 269.4936338
    patch Top y+ : min = 70.46834461, max = 534.4310757, average = 303.4993746
    patch e423_0 y+ : min = 113.8085706, max = 874.9538187, average = 389.7553639


################################################################################

Time = 216

Outer Loop Iteration = 216
smoothSolver:  Solving for Ux, Initial residual = 1.455750975e-05, Final residual = 2.06539557e-07, No Iterations 2
smoothSolver:  Solving for Uz, Initial residual = 8.325005734e-06, Final residual = 1.503027441e-07, No Iterations 2
GAMG:  Solving for p, Initial residual = 1.309175174e-05, Final residual = 5.390206703e-08, No Iterations 3
GAMG:  Solving for p, Initial residual = 9.797097395e-07, Final residual = 4.313921421e-09, No Iterations 3
GAMG:  Solving for p, Initial residual = 1.846519944e-07, Final residual = 1.539162003e-09, No Iterations 2
time step continuity errors (region0): sum local = 1.593811143e-10, global = 9.366691298e-12, cumulative = -1.477707214e-07
smoothSolver:  Solving for omega, Initial residual = 6.978491879e-07, Final residual = 5.447794401e-08, No Iterations 1
smoothSolver:  Solving for k, Initial residual = 7.227589082e-07, Final residual = 5.84078614e-08, No Iterations 1

ExecutionTime = 2.69 s  ExecutionStepTime = 0.01 s  ClockTime = 3 s

forces FR write:
    Sum of forces
        Total    : ( 0.7950867056 0 -10.10615444 )
        Pressure : ( 0.7483882152 0 -10.10845928 )
        Viscous  : ( 0.04669849047 0 0.002304839779 )
    Sum of moments
        Total    : ( -4.902954998 1.526347596 -0.3857327098 )
        Pressure : ( -4.904073181 1.528728517 -0.3630771489 )
        Viscous  : ( 0.001118182567 -0.002380920918 -0.02265556089 )


liftDrag LD execute:
Viscous drag: 0.003877978273, pressure drag: 0.06214833091, porous drag: 0
Viscous lift: 0.0001914005892, pressure lift: -0.8394358162, porous lift: 0
Total lift: -0.8392444156, Front lift: -0.2928698705, Rear lift: -0.5463745451, Drag: 0.06602630918
Location of Center of Mass: ( 0.1593065081 0.4851454654 -0.003834401379 )
Location of Center Of Pressure: ( 0.1513822067 0.4851454654 -0.00445783403 )


yPlus yPlus execute:
    patch Bottom y+ : min = 1.537138251, max = 518.6949093, average = 269.4983641
    patch Top y+ : min = 70.46875143, max = 534.4256978, average = 303.4945118
    patch e423_0 y+ : min = 113.8077797, max = 874.9549218, average = 389.7553285


################################################################################

Time = 217

Outer Loop Iteration = 217
smoothSolver:  Solving for Ux, Initial residual = 1.393479364e-05, Final residual = 1.959305332e-07, No Iterations 2
smoothSolver:  Solving for Uz, Initial residual = 8.041947886e-06, Final residual = 1.425256156e-07, No Iterations 2
GAMG:  Solving for p, Initial residual = 1.254513546e-05, Final residual = 5.208886933e-08, No Iterations 3
GAMG:  Solving for p, Initial residual = 9.244149548e-07, Final residual = 4.174375191e-09, No Iterations 3
GAMG:  Solving for p, Initial residual = 1.699093161e-07, Final residual = 1.488456e-09, No Iterations 2
time step continuity errors (region0): sum local = 1.54130322e-10, global = 1.58670589e-11, cumulative = -1.477548544e-07
smoothSolver:  Solving for omega, Initial residual = 6.749527267e-07, Final residual = 5.252559864e-08, No Iterations 1
smoothSolver:  Solving for k, Initial residual = 6.987154749e-07, Final residual = 5.655190547e-08, No Iterations 1

ExecutionTime = 2.7 s  ExecutionStepTime = 0.01 s  ClockTime = 3 s

forces FR write:
    Sum of forces
        Total    : ( 0.7950809601 0 -10.10616936 )
        Pressure : ( 0.748382434 0 -10.10847418 )
        Viscous  : ( 0.04669852611 0 0.002304818958 )
    Sum of moments
        Total    : ( -4.902962236 1.526347671 -0.3857299224 )
        Pressure : ( -4.904080408 1.528728593 -0.3630743442 )
        Viscous  : ( 0.001118172466 -0.002380921607 -0.02265557818 )


liftDrag LD execute:
Viscous drag: 0.003877981233, pressure drag: 0.06214785083, porous drag: 0
Viscous lift: 0.0001913988601, pressure lift: -0.8394370533, porous lift: 0
Total lift: -0.8392456545, Front lift: -0.2928704837, Rear lift: -0.5463751708, Drag: 0.06602583206
Location of Center of Mass: ( 0.1593065081 0.4851454654 -0.003834401379 )
Location of Center Of Pressure: ( 0.1513819891 0.4851454654 -0.004457845727 )


yPlus yPlus execute:
    patch Bottom y+ : min = 1.528505454, max = 518.6869034, average = 269.5027242
    patch Top y+ : min = 70.4691954, max = 534.4197605, average = 303.4895869
    patch e423_0 y+ : min = 113.8070886, max = 874.9559613, average = 389.7553185


################################################################################

Time = 218

Outer Loop Iteration = 218
smoothSolver:  Solving for Ux, Initial residual = 1.332370108e-05, Final residual = 1.863486278e-07, No Iterations 2
smoothSolver:  Solving for Uz, Initial residual = 7.760764858e-06, Final residual = 1.352049381e-07, No Iterations 2
GAMG:  Solving for p, Initial residual = 1.200204818e-05, Final residual = 5.024583404e-08, No Iterations 3
GAMG:  Solving for p, Initial residual = 8.728567287e-07, Final residual = 4.007729712e-09, No Iterations 3
GAMG:  Solving for p, Initial residual = 1.565701061e-07, Final residual = 1.425870207e-09, No Iterations 2
time step continuity errors (region0): sum local = 1.476495282e-10, global = 1.966697915e-11, cumulative = -1.477351874e-07
smoothSolver:  Solving for omega, Initial residual = 6.523424444e-07, Final residual = 5.057087262e-08, No Iterations 1
smoothSolver:  Solving for k, Initial residual = 6.751652297e-07, Final residual = 5.472661764e-08, No Iterations 1

ExecutionTime = 2.71 s  ExecutionStepTime = 0.01 s  ClockTime = 3 s

forces FR write:
    Sum of forces
        Total    : ( 0.7950759025 0 -10.10618278 )
        Pressure : ( 0.7483773387 0 -10.10848758 )
        Viscous  : ( 0.04669856386 0 0.002304801703 )
    Sum of moments
        Total    : ( -4.902968749 1.52634774 -0.3857274687 )
        Pressure : ( -4.904086913 1.528728663 -0.3630718722 )
        Viscous  : ( 0.001118164095 -0.002380922684 -0.02265559649 )


liftDrag LD execute:
Viscous drag: 0.003877984368, pressure drag: 0.06214742769, porous drag: 0
Viscous lift: 0.0001913974272, pressure lift: -0.8394381668, porous lift: 0
Total lift: -0.8392467694, Front lift: -0.2928710354, Rear lift: -0.546375734, Drag: 0.06602541206
Location of Center of Mass: ( 0.1593065081 0.4851454654 -0.003834401379 )
Location of Center Of Pressure: ( 0.1513817934 0.4851454654 -0.004457856327 )


yPlus yPlus execute:
    patch Bottom y+ : min = 1.519889701, max = 518.6787822, average = 269.5067601
    patch Top y+ : min = 70.46966828, max = 534.4133626, average = 303.4846382
    patch e423_0 y+ : min = 113.8064894, max = 874.9569394, average = 389.755332


################################################################################

Time = 219

Outer Loop Iteration = 219
smoothSolver:  Solving for Ux, Initial residual = 1.274969225e-05, Final residual = 1.772571282e-07, No Iterations 2
smoothSolver:  Solving for Uz, Initial residual = 7.478799774e-06, Final residual = 1.282476213e-07, No Iterations 2
GAMG:  Solving for p, Initial residual = 1.145380521e-05, Final residual = 4.83711837e-08, No Iterations 3
GAMG:  Solving for p, Initial residual = 8.229162955e-07, Final residual = 3.843396717e-09, No Iterations 3
GAMG:  Solving for p, Initial residual = 1.434387102e-07, Final residual = 1.376366207e-09, No Iterations 2
time step continuity errors (region0): sum local = 1.425236615e-10, global = 2.260621235e-11, cumulative = -1.477125812e-07
smoothSolver:  Solving for omega, Initial residual = 6.300284683e-07, Final residual = 4.872568463e-08, No Iterations 1
smoothSolver:  Solving for k, Initial residual = 6.524745865e-07, Final residual = 5.292181104e-08, No Iterations 1

ExecutionTime = 2.73 s  ExecutionStepTime = 0.02 s  ClockTime = 3 s

forces FR write:
    Sum of forces
        Total    : ( 0.7950714948 0 -10.10619489 )
        Pressure : ( 0.7483728913 0 -10.10849968 )
        Viscous  : ( 0.04669860347 0 0.00230478778 )
    Sum of moments
        Total    : ( -4.902974625 1.526347819 -0.3857253303 )
        Pressure : ( -4.904092782 1.528728743 -0.3630697146 )
        Viscous  : ( 0.00111815734 -0.002380924125 -0.02265561571 )


liftDrag LD execute:
Viscous drag: 0.003877987658, pressure drag: 0.06214705837, porous drag: 0
Viscous lift: 0.0001913962709, pressure lift: -0.8394391714, porous lift: 0
Total lift: -0.8392477751, Front lift: -0.2928715317, Rear lift: -0.5463762434, Drag: 0.06602504603
Location of Center of Mass: ( 0.1593065081 0.4851454654 -0.003834401379 )
Location of Center Of Pressure: ( 0.1513816186 0.4851454654 -0.004457865875 )


yPlus yPlus execute:
    patch Bottom y+ : min = 1.511327633, max = 518.6706152, average = 269.5105031
    patch Top y+ : min = 70.47016365, max = 534.4065941, average = 303.4797008
    patch e423_0 y+ : min = 113.8059743, max = 874.9578581, average = 389.7553671


################################################################################

Time = 220

Outer Loop Iteration = 220
smoothSolver:  Solving for Ux, Initial residual = 1.223414146e-05, Final residual = 1.684180446e-07, No Iterations 2
smoothSolver:  Solving for Uz, Initial residual = 7.202110773e-06, Final residual = 1.21786741e-07, No Iterations 2
GAMG:  Solving for p, Initial residual = 1.090470755e-05, Final residual = 4.644232004e-08, No Iterations 3
GAMG:  Solving for p, Initial residual = 7.720099168e-07, Final residual = 3.672728515e-09, No Iterations 3
GAMG:  Solving for p, Initial residual = 1.304682568e-07, Final residual = 4.298408858e-10, No Iterations 3
time step continuity errors (region0): sum local = 4.451036515e-11, global = 7.744574615e-12, cumulative = -1.477048366e-07
smoothSolver:  Solving for omega, Initial residual = 6.080120859e-07, Final residual = 4.68896284e-08, No Iterations 1
smoothSolver:  Solving for k, Initial residual = 6.30232712e-07, Final residual = 5.113045673e-08, No Iterations 1

ExecutionTime = 2.74 s  ExecutionStepTime = 0.01 s  ClockTime = 3 s

forces FR write:
    Sum of forces
        Total    : ( 0.7950676968 0 -10.10620585 )
        Pressure : ( 0.7483690521 0 -10.10851063 )
        Viscous  : ( 0.04669864471 0 0.002304776954 )
    Sum of moments
        Total    : ( -4.902979941 1.52634792 -0.3857234878 )
        Pressure : ( -4.904098093 1.528728846 -0.363067852 )
        Viscous  : ( 0.001118152088 -0.002380925906 -0.02265563572 )


liftDrag LD execute:
Viscous drag: 0.003877991083, pressure drag: 0.06214673955, porous drag: 0
Viscous lift: 0.000191395372, pressure lift: -0.8394400805, porous lift: 0
Total lift: -0.8392486851, Front lift: -0.2928719783, Rear lift: -0.5463767068, Drag: 0.06602473063
Location of Center of Mass: ( 0.1593065081 0.4851454654 -0.003834401379 )
Location of Center Of Pressure: ( 0.1513814635 0.4851454654 -0.004457874423 )


yPlus yPlus execute:
    patch Bottom y+ : min = 1.502858387, max = 518.662467, average = 269.5139936
    patch Top y+ : min = 70.47067536, max = 534.399535, average = 303.4748061
    patch e423_0 y+ : min = 113.8055358, max = 874.9587197, average = 389.755422


################################################################################

Time = 221

Outer Loop Iteration = 221
smoothSolver:  Solving for Ux, Initial residual = 1.174216698e-05, Final residual = 1.597941366e-07, No Iterations 2
smoothSolver:  Solving for Uz, Initial residual = 6.924604828e-06, Final residual = 1.158522634e-07, No Iterations 2
GAMG:  Solving for p, Initial residual = 1.03696819e-05, Final residual = 4.456338314e-08, No Iterations 3
GAMG:  Solving for p, Initial residual = 7.241719323e-07, Final residual = 3.486149521e-09, No Iterations 3
GAMG:  Solving for p, Initial residual = 1.182073084e-07, Final residual = 4.127271277e-10, No Iterations 3
time step continuity errors (region0): sum local = 4.273837462e-11, global = 7.944324043e-12, cumulative = -1.476968923e-07
smoothSolver:  Solving for omega, Initial residual = 5.863375232e-07, Final residual = 4.506238248e-08, No Iterations 1
smoothSolver:  Solving for k, Initial residual = 6.084536757e-07, Final residual = 4.935547501e-08, No Iterations 1

ExecutionTime = 2.75 s  ExecutionStepTime = 0.01 s  ClockTime = 3 s

forces FR write:
    Sum of forces
        Total    : ( 0.7950644715 0 -10.10621581 )
        Pressure : ( 0.7483657842 0 -10.10852058 )
        Viscous  : ( 0.04669868734 0 0.002304768995 )
    Sum of moments
        Total    : ( -4.902984772 1.526348057 -0.385721923 )
        Pressure : ( -4.904102921 1.528728985 -0.3630662666 )
        Viscous  : ( 0.001118148226 -0.002380928 -0.0226556564 )


liftDrag LD execute:
Viscous drag: 0.003877994622, pressure drag: 0.06214646818, porous drag: 0
Viscous lift: 0.000191394711, pressure lift: -0.8394409068, porous lift: 0
Total lift: -0.8392495121, Front lift: -0.2928723804, Rear lift: -0.5463771317, Drag: 0.0660244628
Location of Center of Mass: ( 0.1593065081 0.4851454654 -0.003834401379 )
Location of Center Of Pressure: ( 0.1513813271 0.4851454654 -0.004457882014 )


yPlus yPlus execute:
    patch Bottom y+ : min = 1.494510514, max = 518.6543983, average = 269.5172341
    patch Top y+ : min = 70.47119558, max = 534.3922565, average = 303.4699814
    patch e423_0 y+ : min = 113.8051667, max = 874.9595266, average = 389.7554947


################################################################################

Time = 222

Outer Loop Iteration = 222
smoothSolver:  Solving for Ux, Initial residual = 1.128398292e-05, Final residual = 1.51532956e-07, No Iterations 2
smoothSolver:  Solving for Uz, Initial residual = 6.665370495e-06, Final residual = 1.104888079e-07, No Iterations 2
GAMG:  Solving for p, Initial residual = 9.846907142e-06, Final residual = 4.267229512e-08, No Iterations 3
GAMG:  Solving for p, Initial residual = 7.045820958e-07, Final residual = 3.300623031e-09, No Iterations 3
GAMG:  Solving for p, Initial residual = 1.094425852e-07, Final residual = 3.96985805e-10, No Iterations 3
time step continuity errors (region0): sum local = 4.110836448e-11, global = 8.212886226e-12, cumulative = -1.476886794e-07
smoothSolver:  Solving for omega, Initial residual = 5.648461246e-07, Final residual = 4.32333741e-08, No Iterations 1
smoothSolver:  Solving for k, Initial residual = 5.868643264e-07, Final residual = 4.759601398e-08, No Iterations 1

ExecutionTime = 2.75 s  ExecutionStepTime = 0 s  ClockTime = 3 s

forces FR write:
    Sum of forces
        Total    : ( 0.7950617778 0 -10.10622491 )
        Pressure : ( 0.7483630467 0 -10.10852968 )
        Viscous  : ( 0.04669873111 0 0.002304763668 )
    Sum of moments
        Total    : ( -4.902989189 1.526348239 -0.3857206162 )
        Pressure : ( -4.904107334 1.528729169 -0.3630649385 )
        Viscous  : ( 0.001118145642 -0.002380930381 -0.02265567764 )


liftDrag LD execute:
Viscous drag: 0.003877998257, pressure drag: 0.06214624085, porous drag: 0
Viscous lift: 0.0001913942686, pressure lift: -0.8394416623, porous lift: 0
Total lift: -0.8392502681, Front lift: -0.2928727433, Rear lift: -0.5463775247, Drag: 0.0660242391
Location of Center of Mass: ( 0.1593065081 0.4851454654 -0.003834401379 )
Location of Center Of Pressure: ( 0.151381208 0.4851454654 -0.004457888705 )


yPlus yPlus execute:
    patch Bottom y+ : min = 1.486335577, max = 518.646463, average = 269.520275
    patch Top y+ : min = 70.47172074, max = 534.3848231, average = 303.4652524
    patch e423_0 y+ : min = 113.80486, max = 874.9602809, average = 389.7555835


################################################################################

Time = 223

Outer Loop Iteration = 223
smoothSolver:  Solving for Ux, Initial residual = 1.083489445e-05, Final residual = 1.438062959e-07, No Iterations 2
smoothSolver:  Solving for Uz, Initial residual = 6.410781644e-06, Final residual = 1.052329187e-07, No Iterations 2
GAMG:  Solving for p, Initial residual = 9.495488921e-06, Final residual = 4.083443375e-08, No Iterations 3
GAMG:  Solving for p, Initial residual = 7.040570416e-07, Final residual = 3.10703967e-09, No Iterations 3
GAMG:  Solving for p, Initial residual = 1.114491709e-07, Final residual = 3.784705321e-10, No Iterations 3
time step continuity errors (region0): sum local = 3.919113819e-11, global = 8.359845908e-12, cumulative = -1.476803195e-07
smoothSolver:  Solving for omega, Initial residual = 5.43837438e-07, Final residual = 4.143094126e-08, No Iterations 1
smoothSolver:  Solving for k, Initial residual = 5.656382708e-07, Final residual = 4.586973446e-08, No Iterations 1

ExecutionTime = 2.76 s  ExecutionStepTime = 0 s  ClockTime = 3 s

forces FR write:
    Sum of forces
        Total    : ( 0.7950595759 0 -10.10623329 )
        Pressure : ( 0.7483608001 0 -10.10853805 )
        Viscous  : ( 0.04669877579 0 0.002304760743 )
    Sum of moments
        Total    : ( -4.902993252 1.526348473 -0.3857195479 )
        Pressure : ( -4.904111396 1.528729406 -0.3630638486 )
        Viscous  : ( 0.001118144223 -0.002380933021 -0.02265569931 )


liftDrag LD execute:
Viscous drag: 0.003878001968, pressure drag: 0.06214605428, porous drag: 0
Viscous lift: 0.0001913940258, pressure lift: -0.8394423576, porous lift: 0
Total lift: -0.8392509636, Front lift: -0.2928730716, Rear lift: -0.5463778919, Drag: 0.06602405625
Location of Center of Mass: ( 0.1593065081 0.4851454654 -0.003834401379 )
Location of Center Of Pressure: ( 0.1513811052 0.4851454654 -0.004457894548 )


yPlus yPlus execute:
    patch Bottom y+ : min = 1.47835056, max = 518.6387122, average = 269.5231314
    patch Top y+ : min = 70.47224442, max = 534.377296, average = 303.4606413
    patch e423_0 y+ : min = 113.804609, max = 874.9609849, average = 389.7556866


################################################################################

Time = 224

Outer Loop Iteration = 224
smoothSolver:  Solving for Ux, Initial residual = 1.040289026e-05, Final residual = 1.364067441e-07, No Iterations 2
smoothSolver:  Solving for Uz, Initial residual = 6.158995851e-06, Final residual = 1.007895785e-07, No Iterations 2
GAMG:  Solving for p, Initial residual = 9.22472528e-06, Final residual = 3.904762136e-08, No Iterations 3
GAMG:  Solving for p, Initial residual = 7.020838061e-07, Final residual = 2.905593969e-09, No Iterations 3
GAMG:  Solving for p, Initial residual = 1.134267294e-07, Final residual = 1.107076633e-09, No Iterations 2
time step continuity errors (region0): sum local = 1.146397944e-10, global = 1.719043504e-11, cumulative = -1.476631291e-07
smoothSolver:  Solving for omega, Initial residual = 5.232729284e-07, Final residual = 3.973182718e-08, No Iterations 1
smoothSolver:  Solving for k, Initial residual = 5.449763544e-07, Final residual = 4.431275839e-08, No Iterations 1

ExecutionTime = 2.77 s  ExecutionStepTime = 0.01 s  ClockTime = 3 s

forces FR write:
    Sum of forces
        Total    : ( 0.7950578273 0 -10.10624106 )
        Pressure : ( 0.7483590061 0 -10.10854582 )
        Viscous  : ( 0.04669882115 0 0.002304759997 )
    Sum of moments
        Total    : ( -4.902997021 1.526348767 -0.3857186996 )
        Pressure : ( -4.904115165 1.528729703 -0.3630629783 )
        Viscous  : ( 0.001118143861 -0.002380935894 -0.02265572132 )


liftDrag LD execute:
Viscous drag: 0.003878005735, pressure drag: 0.06214590531, porous drag: 0
Viscous lift: 0.0001913939638, pressure lift: -0.8394430027, porous lift: 0
Total lift: -0.8392516087, Front lift: -0.2928733698, Rear lift: -0.5463782389, Drag: 0.06602391104
Location of Center of Mass: ( 0.1593065081 0.4851454654 -0.003834401379 )
Location of Center Of Pressure: ( 0.1513810175 0.4851454654 -0.004457899596 )


yPlus yPlus execute:
    patch Bottom y+ : min = 1.470584704, max = 518.6311926, average = 269.5258197
    patch Top y+ : min = 70.47276133, max = 534.3697318, average = 303.456168
    patch e423_0 y+ : min = 113.8044073, max = 874.961641, average = 389.7558021


################################################################################

Time = 225

Outer Loop Iteration = 225
smoothSolver:  Solving for Ux, Initial residual = 9.989551087e-06, Final residual = 1.294962767e-07, No Iterations 2
smoothSolver:  Solving for Uz, Initial residual = 5.914484105e-06, Final residual = 9.670706474e-08, No Iterations 2
GAMG:  Solving for p, Initial residual = 8.955055099e-06, Final residual = 3.734985353e-08, No Iterations 3
GAMG:  Solving for p, Initial residual = 6.972243691e-07, Final residual = 2.716309932e-09, No Iterations 3
GAMG:  Solving for p, Initial residual = 1.149269821e-07, Final residual = 1.053212782e-09, No Iterations 2
time step continuity errors (region0): sum local = 1.090623238e-10, global = 1.657024329e-11, cumulative = -1.476465589e-07
smoothSolver:  Solving for omega, Initial residual = 5.030660845e-07, Final residual = 3.816471055e-08, No Iterations 1
smoothSolver:  Solving for k, Initial residual = 5.249693599e-07, Final residual = 4.277950824e-08, No Iterations 1

ExecutionTime = 2.78 s  ExecutionStepTime = 0.01 s  ClockTime = 3 s

forces FR write:
    Sum of forces
        Total    : ( 0.7950564936 0 -10.10624833 )
        Pressure : ( 0.7483576266 0 -10.10855309 )
        Viscous  : ( 0.04669886697 0 0.002304761208 )
    Sum of moments
        Total    : ( -4.903000551 1.526349126 -0.3857180526 )
        Pressure : ( -4.904118695 1.528730065 -0.363062309 )
        Viscous  : ( 0.001118144449 -0.002380938973 -0.02265574355 )


liftDrag LD execute:
Viscous drag: 0.003878009539, pressure drag: 0.06214579075, porous drag: 0
Viscous lift: 0.0001913940643, pressure lift: -0.839443607, porous lift: 0
Total lift: -0.8392522129, Front lift: -0.2928736421, Rear lift: -0.5463785708, Drag: 0.06602380029
Location of Center of Mass: ( 0.1593065081 0.4851454654 -0.003834401379 )
Location of Center Of Pressure: ( 0.1513809438 0.4851454654 -0.004457903902 )


yPlus yPlus execute:
    patch Bottom y+ : min = 1.463068142, max = 518.6239452, average = 269.5283744
    patch Top y+ : min = 70.47326974, max = 534.3621841, average = 303.4518508
    patch e423_0 y+ : min = 113.8042489, max = 874.9622515, average = 389.7559283


################################################################################

Time = 226

Outer Loop Iteration = 226
smoothSolver:  Solving for Ux, Initial residual = 9.579040835e-06, Final residual = 1.230358745e-07, No Iterations 2
smoothSolver:  Solving for Uz, Initial residual = 5.685509734e-06, Final residual = 9.293283477e-08, No Iterations 2
GAMG:  Solving for p, Initial residual = 8.67920795e-06, Final residual = 3.565196315e-08, No Iterations 3
GAMG:  Solving for p, Initial residual = 6.902124765e-07, Final residual = 2.528872636e-09, No Iterations 3
GAMG:  Solving for p, Initial residual = 1.156757309e-07, Final residual = 9.851086734e-10, No Iterations 2
time step continuity errors (region0): sum local = 1.020103333e-10, global = 1.311337582e-11, cumulative = -1.476334455e-07
smoothSolver:  Solving for omega, Initial residual = 4.833236987e-07, Final residual = 3.660854155e-08, No Iterations 1
smoothSolver:  Solving for k, Initial residual = 5.055424541e-07, Final residual = 4.12605044e-08, No Iterations 1

ExecutionTime = 2.79 s  ExecutionStepTime = 0.01 s  ClockTime = 3 s

forces FR write:
    Sum of forces
        Total    : ( 0.7950555365 0 -10.10625521 )
        Pressure : ( 0.7483566234 0 -10.10855997 )
        Viscous  : ( 0.04669891302 0 0.002304764162 )
    Sum of moments
        Total    : ( -4.903003886 1.526349552 -0.3857175882 )
        Pressure : ( -4.904122032 1.528730494 -0.3630618223 )
        Viscous  : ( 0.001118145882 -0.002380942229 -0.02265576589 )


liftDrag LD execute:
Viscous drag: 0.003878013364, pressure drag: 0.06214570744, porous drag: 0
Viscous lift: 0.0001913943096, pressure lift: -0.8394441781, porous lift: 0
Total lift: -0.8392527838, Front lift: -0.2928738922, Rear lift: -0.5463788916, Drag: 0.0660237208
Location of Center of Mass: ( 0.1593065081 0.4851454654 -0.003834401379 )
Location of Center Of Pressure: ( 0.1513808829 0.4851454654 -0.004457907521 )


yPlus yPlus execute:
    patch Bottom y+ : min = 1.45581092, max = 518.6170077, average = 269.5307988
    patch Top y+ : min = 70.47376246, max = 534.3547048, average = 303.4477046
    patch e423_0 y+ : min = 113.804128, max = 874.9628188, average = 389.7560637


################################################################################

Time = 227

Outer Loop Iteration = 227
smoothSolver:  Solving for Ux, Initial residual = 9.170203721e-06, Final residual = 1.169516553e-07, No Iterations 2
smoothSolver:  Solving for Uz, Initial residual = 5.458836605e-06, Final residual = 8.932393559e-08, No Iterations 2
GAMG:  Solving for p, Initial residual = 8.39228109e-06, Final residual = 3.408037806e-08, No Iterations 3
GAMG:  Solving for p, Initial residual = 6.823175447e-07, Final residual = 6.78856458e-09, No Iterations 2
GAMG:  Solving for p, Initial residual = 1.176908521e-07, Final residual = 4.559957001e-10, No Iterations 3
time step continuity errors (region0): sum local = 4.721970471e-11, global = 1.061030166e-11, cumulative = -1.476228352e-07
smoothSolver:  Solving for omega, Initial residual = 4.639044369e-07, Final residual = 3.509700808e-08, No Iterations 1
smoothSolver:  Solving for k, Initial residual = 4.867224224e-07, Final residual = 3.978233083e-08, No Iterations 1

ExecutionTime = 2.81 s  ExecutionStepTime = 0.02 s  ClockTime = 3 s

forces FR write:
    Sum of forces
        Total    : ( 0.7950549198 0 -10.10626178 )
        Pressure : ( 0.7483559606 0 -10.10856654 )
        Viscous  : ( 0.04669895912 0 0.002304768653 )
    Sum of moments
        Total    : ( -4.903007072 1.526350049 -0.385717289 )
        Pressure : ( -4.90412522 1.528730995 -0.3630615008 )
        Viscous  : ( 0.00111814806 -0.002380945638 -0.02265578825 )


liftDrag LD execute:
Viscous drag: 0.003878017191, pressure drag: 0.0621456524, porous drag: 0
Viscous lift: 0.0001913946826, pressure lift: -0.8394447238, porous lift: 0
Total lift: -0.8392533292, Front lift: -0.2928741236, Rear lift: -0.5463792056, Drag: 0.06602366959
Location of Center of Mass: ( 0.1593065081 0.4851454654 -0.003834401379 )
Location of Center Of Pressure: ( 0.1513808337 0.4851454654 -0.004457910503 )


yPlus yPlus execute:
    patch Bottom y+ : min = 1.448839845, max = 518.6104396, average = 269.5331144
    patch Top y+ : min = 70.47423774, max = 534.3473417, average = 303.4437426
    patch e423_0 y+ : min = 113.8040392, max = 874.9633451, average = 389.7562065


################################################################################

Time = 228

Outer Loop Iteration = 228
smoothSolver:  Solving for Ux, Initial residual = 8.766595663e-06, Final residual = 1.112383998e-07, No Iterations 2
smoothSolver:  Solving for Uz, Initial residual = 5.236584291e-06, Final residual = 8.625952698e-08, No Iterations 2
GAMG:  Solving for p, Initial residual = 8.107863281e-06, Final residual = 3.264334245e-08, No Iterations 3
GAMG:  Solving for p, Initial residual = 6.727390608e-07, Final residual = 6.483149453e-09, No Iterations 2
GAMG:  Solving for p, Initial residual = 1.173958619e-07, Final residual = 4.341193697e-10, No Iterations 3
time step continuity errors (region0): sum local = 4.495435467e-11, global = 1.038491985e-11, cumulative = -1.476124503e-07
smoothSolver:  Solving for omega, Initial residual = 4.448296643e-07, Final residual = 3.359142336e-08, No Iterations 1
smoothSolver:  Solving for k, Initial residual = 4.681725305e-07, Final residual = 3.834020503e-08, No Iterations 1

ExecutionTime = 2.81 s  ExecutionStepTime = 0 s  ClockTime = 3 s

forces FR write:
    Sum of forces
        Total    : ( 0.7950546072 0 -10.10626811 )
        Pressure : ( 0.7483556021 0 -10.10857288 )
        Viscous  : ( 0.04669900505 0 0.002304774484 )
    Sum of moments
        Total    : ( -4.903010145 1.526350618 -0.3857171374 )
        Pressure : ( -4.904128296 1.528731567 -0.3630613268 )
        Viscous  : ( 0.00111815089 -0.002380949173 -0.02265581054 )


liftDrag LD execute:
Viscous drag: 0.003878021006, pressure drag: 0.06214562263, porous drag: 0
Viscous lift: 0.0001913951669, pressure lift: -0.8394452503, porous lift: 0
Total lift: -0.8392538552, Front lift: -0.2928743394, Rear lift: -0.5463795158, Drag: 0.06602364363
Location of Center of Mass: ( 0.1593065081 0.4851454654 -0.003834401379 )
Location of Center Of Pressure: ( 0.1513807951 0.4851454654 -0.004457912903 )


yPlus yPlus execute:
    patch Bottom y+ : min = 1.442171877, max = 518.6042729, average = 269.5353426
    patch Top y+ : min = 70.47469152, max = 534.3401393, average = 303.4399756
    patch e423_0 y+ : min = 113.8039776, max = 874.9638326, average = 389.7563554


################################################################################

Time = 229

Outer Loop Iteration = 229
smoothSolver:  Solving for Ux, Initial residual = 8.372123607e-06, Final residual = 1.057094894e-07, No Iterations 2
smoothSolver:  Solving for Uz, Initial residual = 5.016125047e-06, Final residual = 8.366107536e-08, No Iterations 2
GAMG:  Solving for p, Initial residual = 7.832748083e-06, Final residual = 3.133357033e-08, No Iterations 3
GAMG:  Solving for p, Initial residual = 6.614006767e-07, Final residual = 6.222504389e-09, No Iterations 2
GAMG:  Solving for p, Initial residual = 1.165730281e-07, Final residual = 4.168550676e-10, No Iterations 3
time step continuity errors (region0): sum local = 4.316677541e-11, global = 1.013077969e-11, cumulative = -1.476023195e-07
smoothSolver:  Solving for omega, Initial residual = 4.26200496e-07, Final residual = 3.209948154e-08, No Iterations 1
smoothSolver:  Solving for k, Initial residual = 4.501646749e-07, Final residual = 3.691567784e-08, No Iterations 1

ExecutionTime = 2.82 s  ExecutionStepTime = 0.01 s  ClockTime = 3 s

forces FR write:
    Sum of forces
        Total    : ( 0.795054565 0 -10.10627428 )
        Pressure : ( 0.7483555143 0 -10.10857907 )
        Viscous  : ( 0.04669905066 0 0.002304781469 )
    Sum of moments
        Total    : ( -4.90301314 1.526351258 -0.3857171169 )
        Pressure : ( -4.904131295 1.52873221 -0.3630612842 )
        Viscous  : ( 0.001118154278 -0.00238095281 -0.02265583266 )


liftDrag LD execute:
Viscous drag: 0.003878024794, pressure drag: 0.06214561533, porous drag: 0
Viscous lift: 0.0001913957469, pressure lift: -0.8394457636, porous lift: 0
Total lift: -0.8392543679, Front lift: -0.2928745426, Rear lift: -0.5463798253, Drag: 0.06602364013
Location of Center of Mass: ( 0.1593065081 0.4851454654 -0.003834401379 )
Location of Center Of Pressure: ( 0.1513807661 0.4851454654 -0.004457914771 )


yPlus yPlus execute:
    patch Bottom y+ : min = 1.435816146, max = 518.5985256, average = 269.5374947
    patch Top y+ : min = 70.47512282, max = 534.3331382, average = 303.436413
    patch e423_0 y+ : min = 113.8039384, max = 874.9642837, average = 389.7565089


################################################################################

Time = 230

Outer Loop Iteration = 230
smoothSolver:  Solving for Ux, Initial residual = 7.986482057e-06, Final residual = 1.003997271e-07, No Iterations 2
smoothSolver:  Solving for Uz, Initial residual = 4.79990908e-06, Final residual = 8.148231862e-08, No Iterations 2
GAMG:  Solving for p, Initial residual = 7.569326652e-06, Final residual = 3.013563173e-08, No Iterations 3
GAMG:  Solving for p, Initial residual = 6.488523057e-07, Final residual = 5.992262545e-09, No Iterations 2
GAMG:  Solving for p, Initial residual = 1.150920404e-07, Final residual = 4.027419923e-10, No Iterations 3
time step continuity errors (region0): sum local = 4.170543419e-11, global = 9.808279418e-12, cumulative = -1.475925112e-07
smoothSolver:  Solving for omega, Initial residual = 4.079813141e-07, Final residual = 3.064287507e-08, No Iterations 1
smoothSolver:  Solving for k, Initial residual = 4.327561541e-07, Final residual = 3.551185485e-08, No Iterations 1

ExecutionTime = 2.83 s  ExecutionStepTime = 0.01 s  ClockTime = 3 s

forces FR write:
    Sum of forces
        Total    : ( 0.7950547596 0 -10.10628036 )
        Pressure : ( 0.7483556638 0 -10.10858514 )
        Viscous  : ( 0.04669909578 0 0.002304789427 )
    Sum of moments
        Total    : ( -4.903016086 1.526351968 -0.3857172113 )
        Pressure : ( -4.904134244 1.528732925 -0.3630613568 )
        Viscous  : ( 0.001118158139 -0.002380956525 -0.02265585455 )


liftDrag LD execute:
Viscous drag: 0.00387802854, pressure drag: 0.06214562775, porous drag: 0
Viscous lift: 0.0001913964078, pressure lift: -0.8394462685, porous lift: 0
Total lift: -0.8392548721, Front lift: -0.2928747357, Rear lift: -0.5463801364, Drag: 0.06602365629
Location of Center of Mass: ( 0.1593065081 0.4851454654 -0.003834401379 )
Location of Center Of Pressure: ( 0.1513807456 0.4851454654 -0.004457916159 )


yPlus yPlus execute:
    patch Bottom y+ : min = 1.429783967, max = 518.5932042, average = 269.5395796
    patch Top y+ : min = 70.47552864, max = 534.3263754, average = 303.4330617
    patch e423_0 y+ : min = 113.8039175, max = 874.9647007, average = 389.7566657


################################################################################

Time = 231

Outer Loop Iteration = 231
smoothSolver:  Solving for Ux, Initial residual = 7.609819416e-06, Final residual = 9.519839757e-08, No Iterations 2
smoothSolver:  Solving for Uz, Initial residual = 4.591520203e-06, Final residual = 7.972170471e-08, No Iterations 2
GAMG:  Solving for p, Initial residual = 7.333759979e-06, Final residual = 2.897213047e-08, No Iterations 3
GAMG:  Solving for p, Initial residual = 6.34634631e-07, Final residual = 5.793155242e-09, No Iterations 2
GAMG:  Solving for p, Initial residual = 1.131740841e-07, Final residual = 3.935450243e-10, No Iterations 3
time step continuity errors (region0): sum local = 4.075341137e-11, global = 9.380796684e-12, cumulative = -1.475831304e-07
smoothSolver:  Solving for omega, Initial residual = 3.902371942e-07, Final residual = 2.924712515e-08, No Iterations 1
smoothSolver:  Solving for k, Initial residual = 4.159299764e-07, Final residual = 3.414024367e-08, No Iterations 1

ExecutionTime = 2.84 s  ExecutionStepTime = 0.01 s  ClockTime = 3 s

forces FR write:
    Sum of forces
        Total    : ( 0.7950551598 0 -10.10628638 )
        Pressure : ( 0.7483560195 0 -10.10859118 )
        Viscous  : ( 0.04669914025 0 0.002304798192 )
    Sum of moments
        Total    : ( -4.903019008 1.526352747 -0.3857174055 )
        Pressure : ( -4.90413717 1.528733707 -0.3630615293 )
        Viscous  : ( 0.001118162391 -0.002380960297 -0.02265587613 )


liftDrag LD execute:
Viscous drag: 0.003878032233, pressure drag: 0.06214565729, porous drag: 0
Viscous lift: 0.0001913971356, pressure lift: -0.8394467694, porous lift: 0
Total lift: -0.8392553723, Front lift: -0.2928749211, Rear lift: -0.5463804512, Drag: 0.06602368952
Location of Center of Mass: ( 0.1593065081 0.4851454654 -0.003834401379 )
Location of Center Of Pressure: ( 0.1513807327 0.4851454654 -0.004457917114 )


yPlus yPlus execute:
    patch Bottom y+ : min = 1.424084444, max = 518.5883048, average = 269.5416024
    patch Top y+ : min = 70.47590721, max = 534.3198826, average = 303.4299266
    patch e423_0 y+ : min = 113.8039107, max = 874.9650856, average = 389.7568246


################################################################################

Time = 232

Outer Loop Iteration = 232
smoothSolver:  Solving for Ux, Initial residual = 7.243472854e-06, Final residual = 9.020171282e-08, No Iterations 2
smoothSolver:  Solving for Uz, Initial residual = 4.392547716e-06, Final residual = 7.828460773e-08, No Iterations 2
GAMG:  Solving for p, Initial residual = 7.126817062e-06, Final residual = 2.788719853e-08, No Iterations 3
GAMG:  Solving for p, Initial residual = 6.185378967e-07, Final residual = 5.630683374e-09, No Iterations 2
GAMG:  Solving for p, Initial residual = 1.109718687e-07, Final residual = 1.103624343e-09, No Iterations 2
time step continuity errors (region0): sum local = 1.142854945e-10, global = 1.845831074e-11, cumulative = -1.475646721e-07
smoothSolver:  Solving for omega, Initial residual = 3.731195092e-07, Final residual = 2.794981883e-08, No Iterations 1
smoothSolver:  Solving for k, Initial residual = 3.998193214e-07, Final residual = 3.279335995e-08, No Iterations 1

ExecutionTime = 2.85 s  ExecutionStepTime = 0.01 s  ClockTime = 3 s

forces FR write:
    Sum of forces
        Total    : ( 0.7950557345 0 -10.10629239 )
        Pressure : ( 0.7483565506 0 -10.1085972 )
        Viscous  : ( 0.04669918394 0 0.002304807604 )
    Sum of moments
        Total    : ( -4.903021925 1.526353592 -0.3857176843 )
        Pressure : ( -4.904140092 1.528734556 -0.363061787 )
        Viscous  : ( 0.001118166958 -0.002380964103 -0.02265589732 )


liftDrag LD execute:
Viscous drag: 0.003878035861, pressure drag: 0.06214570139, porous drag: 0
Viscous lift: 0.0001913979172, pressure lift: -0.8394472695, porous lift: 0
Total lift: -0.8392558716, Front lift: -0.2928751006, Rear lift: -0.546380771, Drag: 0.06602373725
Location of Center of Mass: ( 0.1593065081 0.4851454654 -0.003834401379 )
Location of Center Of Pressure: ( 0.1513807265 0.4851454654 -0.004457917683 )


yPlus yPlus execute:
    patch Bottom y+ : min = 1.418723, max = 518.5838175, average = 269.5435571
    patch Top y+ : min = 70.47625654, max = 534.3136865, average = 303.4270105
    patch e423_0 y+ : min = 113.8039146, max = 874.9654406, average = 389.7569844


################################################################################

Time = 233

Outer Loop Iteration = 233
smoothSolver:  Solving for Ux, Initial residual = 6.892853956e-06, Final residual = 8.533790912e-08, No Iterations 2
smoothSolver:  Solving for Uz, Initial residual = 4.200613145e-06, Final residual = 7.687194052e-08, No Iterations 2
GAMG:  Solving for p, Initial residual = 6.937325746e-06, Final residual = 2.699504616e-08, No Iterations 3
GAMG:  Solving for p, Initial residual = 6.011453604e-07, Final residual = 5.508696199e-09, No Iterations 2
GAMG:  Solving for p, Initial residual = 1.086197327e-07, Final residual = 1.080089719e-09, No Iterations 2
time step continuity errors (region0): sum local = 1.118488553e-10, global = 1.751207707e-11, cumulative = -1.4754716e-07
smoothSolver:  Solving for omega, Initial residual = 3.570515818e-07, Final residual = 2.672330552e-08, No Iterations 1
smoothSolver:  Solving for k, Initial residual = 3.84511009e-07, Final residual = 3.147105556e-08, No Iterations 1

ExecutionTime = 2.85 s  ExecutionStepTime = 0 s  ClockTime = 3 s

forces FR write:
    Sum of forces
        Total    : ( 0.7950564603 0 -10.10629845 )
        Pressure : ( 0.7483572335 0 -10.10860327 )
        Viscous  : ( 0.04669922672 0 0.002304817514 )
    Sum of moments
        Total    : ( -4.903024865 1.526354502 -0.3857180364 )
        Pressure : ( -4.904143037 1.52873547 -0.3630621183 )
        Viscous  : ( 0.001118171765 -0.002380967923 -0.02265591808 )


liftDrag LD execute:
Viscous drag: 0.003878039414, pressure drag: 0.0621457581, porous drag: 0
Viscous lift: 0.0001913987402, pressure lift: -0.8394477735, porous lift: 0
Total lift: -0.8392563748, Front lift: -0.2928752766, Rear lift: -0.5463810982, Drag: 0.06602379752
Location of Center of Mass: ( 0.1593065081 0.4851454654 -0.003834401379 )
Location of Center Of Pressure: ( 0.1513807261 0.4851454654 -0.004457917908 )


yPlus yPlus execute:
    patch Bottom y+ : min = 1.413711003, max = 518.5797339, average = 269.5454679
    patch Top y+ : min = 70.47657706, max = 534.3078092, average = 303.4243154
    patch e423_0 y+ : min = 113.8039257, max = 874.965768, average = 389.7571441


################################################################################

Time = 234

Outer Loop Iteration = 234
smoothSolver:  Solving for Ux, Initial residual = 6.563074842e-06, Final residual = 8.078325963e-08, No Iterations 2
smoothSolver:  Solving for Uz, Initial residual = 4.01315529e-06, Final residual = 7.544659321e-08, No Iterations 2
GAMG:  Solving for p, Initial residual = 6.764862328e-06, Final residual = 2.614501232e-08, No Iterations 3
GAMG:  Solving for p, Initial residual = 5.852830958e-07, Final residual = 5.398524741e-09, No Iterations 2
GAMG:  Solving for p, Initial residual = 1.067081739e-07, Final residual = 1.053326731e-09, No Iterations 2
time step continuity errors (region0): sum local = 1.09077863e-10, global = 1.628924827e-11, cumulative = -1.475308708e-07
smoothSolver:  Solving for omega, Initial residual = 3.419457563e-07, Final residual = 2.554308594e-08, No Iterations 1
smoothSolver:  Solving for k, Initial residual = 3.699935184e-07, Final residual = 3.017494235e-08, No Iterations 1

ExecutionTime = 2.86 s  ExecutionStepTime = 0.01 s  ClockTime = 3 s

forces FR write:
    Sum of forces
        Total    : ( 0.7950573058 0 -10.10630457 )
        Pressure : ( 0.7483580373 0 -10.1086094 )
        Viscous  : ( 0.04669926848 0 0.002304827782 )
    Sum of moments
        Total    : ( -4.903027834 1.52635547 -0.3857184466 )
        Pressure : ( -4.904146011 1.528736442 -0.3630625083 )
        Viscous  : ( 0.001118176747 -0.002380971738 -0.02265593834 )


liftDrag LD execute:
Viscous drag: 0.003878042881, pressure drag: 0.06214582485, porous drag: 0
Viscous lift: 0.0001913995929, pressure lift: -0.8394482826, porous lift: 0
Total lift: -0.839256883, Front lift: -0.2928754503, Rear lift: -0.5463814327, Drag: 0.06602386773
Location of Center of Mass: ( 0.1593065081 0.4851454654 -0.003834401379 )
Location of Center Of Pressure: ( 0.1513807307 0.4851454654 -0.004457917836 )


yPlus yPlus execute:
    patch Bottom y+ : min = 1.409028934, max = 518.5760512, average = 269.5473171
    patch Top y+ : min = 70.47686607, max = 534.3022694, average = 303.4218408
    patch e423_0 y+ : min = 113.8039411, max = 874.9660696, average = 389.7573026


################################################################################

Time = 235

Outer Loop Iteration = 235
smoothSolver:  Solving for Ux, Initial residual = 6.250067899e-06, Final residual = 7.637043974e-08, No Iterations 2
smoothSolver:  Solving for Uz, Initial residual = 3.830591805e-06, Final residual = 7.414908202e-08, No Iterations 2
GAMG:  Solving for p, Initial residual = 6.583973292e-06, Final residual = 2.535944861e-08, No Iterations 3
GAMG:  Solving for p, Initial residual = 5.724764545e-07, Final residual = 5.305337169e-09, No Iterations 2
GAMG:  Solving for p, Initial residual = 1.065557278e-07, Final residual = 1.038046467e-09, No Iterations 2
time step continuity errors (region0): sum local = 1.074959633e-10, global = 1.508877589e-11, cumulative = -1.47515782e-07
smoothSolver:  Solving for omega, Initial residual = 3.275553545e-07, Final residual = 2.439714552e-08, No Iterations 1
smoothSolver:  Solving for k, Initial residual = 3.561905552e-07, Final residual = 2.890497388e-08, No Iterations 1

ExecutionTime = 2.88 s  ExecutionStepTime = 0.02 s  ClockTime = 3 s

forces FR write:
    Sum of forces
        Total    : ( 0.7950582484 0 -10.10631078 )
        Pressure : ( 0.7483589393 0 -10.10861562 )
        Viscous  : ( 0.0466993091 0 0.002304838281 )
    Sum of moments
        Total    : ( -4.903030848 1.526356495 -0.3857189039 )
        Pressure : ( -4.904149029 1.528737471 -0.3630629459 )
        Viscous  : ( 0.001118181841 -0.00238097553 -0.02265595805 )


liftDrag LD execute:
Viscous drag: 0.003878046255, pressure drag: 0.06214589976, porous drag: 0
Viscous lift: 0.0001914004648, pressure lift: -0.8394487993, porous lift: 0
Total lift: -0.8392573988, Front lift: -0.2928756231, Rear lift: -0.5463817757, Drag: 0.06602394601
Location of Center of Mass: ( 0.1593065081 0.4851454654 -0.003834401379 )
Location of Center Of Pressure: ( 0.1513807394 0.4851454654 -0.004457917504 )


yPlus yPlus execute:
    patch Bottom y+ : min = 1.404689385, max = 518.5727703, average = 269.5491136
    patch Top y+ : min = 70.47712406, max = 534.2970801, average = 303.4195851
    patch e423_0 y+ : min = 113.8039583, max = 874.9663475, average = 389.7574591


################################################################################

Time = 236

Outer Loop Iteration = 236
smoothSolver:  Solving for Ux, Initial residual = 5.955320054e-06, Final residual = 7.206690351e-08, No Iterations 2
smoothSolver:  Solving for Uz, Initial residual = 3.65302752e-06, Final residual = 7.267731058e-08, No Iterations 2
GAMG:  Solving for p, Initial residual = 6.393309001e-06, Final residual = 2.434971637e-08, No Iterations 3
GAMG:  Solving for p, Initial residual = 5.632922155e-07, Final residual = 5.228624567e-09, No Iterations 2
GAMG:  Solving for p, Initial residual = 1.061613103e-07, Final residual = 1.017990051e-09, No Iterations 2
time step continuity errors (region0): sum local = 1.054194188e-10, global = 1.403330018e-11, cumulative = -1.475017487e-07
smoothSolver:  Solving for omega, Initial residual = 3.137704032e-07, Final residual = 2.331135432e-08, No Iterations 1
smoothSolver:  Solving for k, Initial residual = 3.430542922e-07, Final residual = 2.766112881e-08, No Iterations 1

ExecutionTime = 2.88 s  ExecutionStepTime = 0 s  ClockTime = 3 s

forces FR write:
    Sum of forces
        Total    : ( 0.7950592655 0 -10.1063171 )
        Pressure : ( 0.748359917 0 -10.10862195 )
        Viscous  : ( 0.04669934851 0 0.002304848892 )
    Sum of moments
        Total    : ( -4.903033915 1.526357572 -0.3857193973 )
        Pressure : ( -4.904152102 1.528738551 -0.3630634202 )
        Viscous  : ( 0.001118186988 -0.002380979282 -0.02265597716 )


liftDrag LD execute:
Viscous drag: 0.003878049527, pressure drag: 0.06214598095, porous drag: 0
Viscous lift: 0.0001914013459, pressure lift: -0.8394493252, porous lift: 0
Total lift: -0.8392579239, Front lift: -0.2928757962, Rear lift: -0.5463821276, Drag: 0.06602403047
Location of Center of Mass: ( 0.1593065081 0.4851454654 -0.003834401379 )
Location of Center Of Pressure: ( 0.1513807516 0.4851454654 -0.00445791695 )


yPlus yPlus execute:
    patch Bottom y+ : min = 1.400688539, max = 518.569892, average = 269.5508609
    patch Top y+ : min = 70.47735046, max = 534.292251, average = 303.4175454
    patch e423_0 y+ : min = 113.8039747, max = 874.9666035, average = 389.7576127


################################################################################

Time = 237

Outer Loop Iteration = 237
smoothSolver:  Solving for Ux, Initial residual = 5.680876358e-06, Final residual = 6.805468222e-08, No Iterations 2
smoothSolver:  Solving for Uz, Initial residual = 3.483293011e-06, Final residual = 7.103175619e-08, No Iterations 2
GAMG:  Solving for p, Initial residual = 6.219925246e-06, Final residual = 2.334785509e-08, No Iterations 3
GAMG:  Solving for p, Initial residual = 5.530838068e-07, Final residual = 5.170502266e-09, No Iterations 2
GAMG:  Solving for p, Initial residual = 1.054549648e-07, Final residual = 1.000943691e-09, No Iterations 2
time step continuity errors (region0): sum local = 1.036545725e-10, global = 1.301250997e-11, cumulative = -1.474887362e-07
smoothSolver:  Solving for omega, Initial residual = 3.005672137e-07, Final residual = 2.224482312e-08, No Iterations 1
smoothSolver:  Solving for k, Initial residual = 3.305988691e-07, Final residual = 2.644347328e-08, No Iterations 1

ExecutionTime = 2.89 s  ExecutionStepTime = 0 s  ClockTime = 3 s

forces FR write:
    Sum of forces
        Total    : ( 0.7950603358 0 -10.10632355 )
        Pressure : ( 0.7483609492 0 -10.10862841 )
        Viscous  : ( 0.04669938661 0 0.002304859507 )
    Sum of moments
        Total    : ( -4.903037043 1.526358695 -0.3857199166 )
        Pressure : ( -4.904155235 1.528739678 -0.3630639209 )
        Viscous  : ( 0.001118192138 -0.00238098298 -0.02265599565 )


liftDrag LD execute:
Viscous drag: 0.003878052692, pressure drag: 0.06214606666, porous drag: 0
Viscous lift: 0.0001914022274, pressure lift: -0.8394498615, porous lift: 0
Total lift: -0.8392584593, Front lift: -0.2928759707, Rear lift: -0.5463824887, Drag: 0.06602411935
Location of Center of Mass: ( 0.1593065081 0.4851454654 -0.003834401379 )
Location of Center Of Pressure: ( 0.1513807667 0.4851454654 -0.00445791621 )


yPlus yPlus execute:
    patch Bottom y+ : min = 1.397020924, max = 518.5674133, average = 269.5525624
    patch Top y+ : min = 70.47754541, max = 534.2877877, average = 303.4157176
    patch e423_0 y+ : min = 113.8039885, max = 874.9668393, average = 389.7577627


################################################################################

Time = 238

Outer Loop Iteration = 238
smoothSolver:  Solving for Ux, Initial residual = 5.42507078e-06, Final residual = 6.426975357e-08, No Iterations 2
smoothSolver:  Solving for Uz, Initial residual = 3.319644174e-06, Final residual = 6.948859325e-08, No Iterations 2
GAMG:  Solving for p, Initial residual = 6.033416635e-06, Final residual = 2.259965908e-08, No Iterations 3
GAMG:  Solving for p, Initial residual = 5.413812174e-07, Final residual = 5.082314363e-09, No Iterations 2
GAMG:  Solving for p, Initial residual = 1.040985803e-07, Final residual = 9.83020493e-10, No Iterations 2
time step continuity errors (region0): sum local = 1.017988325e-10, global = 1.211862721e-11, cumulative = -1.474766176e-07
smoothSolver:  Solving for omega, Initial residual = 2.87924577e-07, Final residual = 2.120257809e-08, No Iterations 1
smoothSolver:  Solving for k, Initial residual = 3.187651565e-07, Final residual = 2.525651958e-08, No Iterations 1

ExecutionTime = 2.9 s  ExecutionStepTime = 0.01 s  ClockTime = 3 s

forces FR write:
    Sum of forces
        Total    : ( 0.7950614398 0 -10.10633014 )
        Pressure : ( 0.7483620165 0 -10.10863501 )
        Viscous  : ( 0.04669942335 0 0.002304870027 )
    Sum of moments
        Total    : ( -4.903040236 1.526359861 -0.3857204522 )
        Pressure : ( -4.904158434 1.528740848 -0.3630644387 )
        Viscous  : ( 0.001118197242 -0.00238098661 -0.02265601347 )


liftDrag LD execute:
Viscous drag: 0.003878055742, pressure drag: 0.06214615529, porous drag: 0
Viscous lift: 0.000191403101, pressure lift: -0.839450409, porous lift: 0
Total lift: -0.8392590059, Front lift: -0.2928761471, Rear lift: -0.5463828588, Drag: 0.06602421104
Location of Center of Mass: ( 0.1593065081 0.4851454654 -0.003834401379 )
Location of Center Of Pressure: ( 0.1513807838 0.4851454654 -0.004457915319 )


yPlus yPlus execute:
    patch Bottom y+ : min = 1.39367862, max = 518.5653265, average = 269.5542205
    patch Top y+ : min = 70.47770919, max = 534.2836937, average = 303.4140968
    patch e423_0 y+ : min = 113.8039976, max = 874.9670568, average = 389.7579085


################################################################################

Time = 239

Outer Loop Iteration = 239
smoothSolver:  Solving for Ux, Initial residual = 5.179446556e-06, Final residual = 6.089436839e-08, No Iterations 2
smoothSolver:  Solving for Uz, Initial residual = 3.170719771e-06, Final residual = 6.816829126e-08, No Iterations 2
GAMG:  Solving for p, Initial residual = 5.836666708e-06, Final residual = 2.205164977e-08, No Iterations 3
GAMG:  Solving for p, Initial residual = 5.285705351e-07, Final residual = 4.97515156e-09, No Iterations 2
GAMG:  Solving for p, Initial residual = 1.023603239e-07, Final residual = 9.675878855e-10, No Iterations 2
time step continuity errors (region0): sum local = 1.002009323e-10, global = 1.107128563e-11, cumulative = -1.474655463e-07
smoothSolver:  Solving for omega, Initial residual = 2.757191347e-07, Final residual = 2.024861682e-08, No Iterations 1
smoothSolver:  Solving for k, Initial residual = 3.07283236e-07, Final residual = 2.409929257e-08, No Iterations 1

ExecutionTime = 2.91 s  ExecutionStepTime = 0.01 s  ClockTime = 3 s

forces FR write:
    Sum of forces
        Total    : ( 0.79506256 0 -10.10633686 )
        Pressure : ( 0.7483631014 0 -10.10864174 )
        Viscous  : ( 0.04669945866 0 0.002304880365 )
    Sum of moments
        Total    : ( -4.903043497 1.526361064 -0.3857209957 )
        Pressure : ( -4.904161699 1.528742054 -0.3630649651 )
        Viscous  : ( 0.001118202257 -0.002380990159 -0.0226560306 )


liftDrag LD execute:
Viscous drag: 0.003878058675, pressure drag: 0.06214624539, porous drag: 0
Viscous lift: 0.0001914039595, pressure lift: -0.839450968, porous lift: 0
Total lift: -0.8392595641, Front lift: -0.2928763263, Rear lift: -0.5463832378, Drag: 0.06602430406
Location of Center of Mass: ( 0.1593065081 0.4851454654 -0.003834401379 )
Location of Center Of Pressure: ( 0.1513808026 0.4851454654 -0.004457914307 )


yPlus yPlus execute:
    patch Bottom y+ : min = 1.390652379, max = 518.563619, average = 269.5558362
    patch Top y+ : min = 70.47784258, max = 534.2799702, average = 303.412677
    patch e423_0 y+ : min = 113.8040008, max = 874.9672575, average = 389.7580495


################################################################################

Time = 240

Outer Loop Iteration = 240
smoothSolver:  Solving for Ux, Initial residual = 4.941490808e-06, Final residual = 5.767994664e-08, No Iterations 2
smoothSolver:  Solving for Uz, Initial residual = 3.038205432e-06, Final residual = 6.69372101e-08, No Iterations 2
GAMG:  Solving for p, Initial residual = 5.632248627e-06, Final residual = 2.155175424e-08, No Iterations 3
GAMG:  Solving for p, Initial residual = 5.146688454e-07, Final residual = 4.931687998e-09, No Iterations 2
GAMG:  Solving for p, Initial residual = 1.005381603e-07, Final residual = 9.600612347e-10, No Iterations 2
time step continuity errors (region0): sum local = 9.942189462e-11, global = 1.02048876e-11, cumulative = -1.474553414e-07
smoothSolver:  Solving for omega, Initial residual = 2.639506614e-07, Final residual = 1.933263403e-08, No Iterations 1
smoothSolver:  Solving for k, Initial residual = 2.96084959e-07, Final residual = 2.297214592e-08, No Iterations 1

ExecutionTime = 2.91 s  ExecutionStepTime = 0 s  ClockTime = 3 s

forces FR write:
    Sum of forces
        Total    : ( 0.7950636802 0 -10.10634372 )
        Pressure : ( 0.7483641877 0 -10.10864861 )
        Viscous  : ( 0.04669949251 0 0.002304890443 )
    Sum of moments
        Total    : ( -4.903046826 1.526362299 -0.3857215391 )
        Pressure : ( -4.904165033 1.528743292 -0.3630654921 )
        Viscous  : ( 0.001118207146 -0.002380993615 -0.02265604703 )


liftDrag LD execute:
Viscous drag: 0.003878061486, pressure drag: 0.0621463356, porous drag: 0
Viscous lift: 0.0001914047964, pressure lift: -0.8394515387, porous lift: 0
Total lift: -0.8392601339, Front lift: -0.2928765087, Rear lift: -0.5463836252, Drag: 0.06602439709
Location of Center of Mass: ( 0.1593065081 0.4851454654 -0.003834401379 )
Location of Center Of Pressure: ( 0.1513808224 0.4851454654 -0.004457913203 )


yPlus yPlus execute:
    patch Bottom y+ : min = 1.387932706, max = 518.5622753, average = 269.5574099
    patch Top y+ : min = 70.4779463, max = 534.2766154, average = 303.4114513
    patch e423_0 y+ : min = 113.8039966, max = 874.967443, average = 389.7581853


################################################################################

Time = 241

Outer Loop Iteration = 241
smoothSolver:  Solving for Ux, Initial residual = 4.715210349e-06, Final residual = 5.464759484e-08, No Iterations 2
smoothSolver:  Solving for Uz, Initial residual = 2.917826203e-06, Final residual = 6.564866675e-08, No Iterations 2
GAMG:  Solving for p, Initial residual = 5.419358447e-06, Final residual = 2.108106068e-08, No Iterations 3
GAMG:  Solving for p, Initial residual = 5.017437092e-07, Final residual = 4.82453847e-09, No Iterations 2
GAMG:  Solving for p, Initial residual = 9.854802128e-08, Final residual = 9.502362643e-10, No Iterations 2
time step continuity errors (region0): sum local = 9.84047441e-11, global = 9.834341526e-12, cumulative = -1.474455071e-07
smoothSolver:  Solving for omega, Initial residual = 2.526480264e-07, Final residual = 1.845835322e-08, No Iterations 1
smoothSolver:  Solving for k, Initial residual = 2.851793108e-07, Final residual = 2.188014408e-08, No Iterations 1

ExecutionTime = 2.92 s  ExecutionStepTime = 0.01 s  ClockTime = 3 s

forces FR write:
    Sum of forces
        Total    : ( 0.795064786 0 -10.10635072 )
        Pressure : ( 0.7483652611 0 -10.10865562 )
        Viscous  : ( 0.04669952486 0 0.00230490019 )
    Sum of moments
        Total    : ( -4.903050221 1.52636356 -0.3857220756 )
        Pressure : ( -4.904168433 1.528744557 -0.3630660129 )
        Viscous  : ( 0.001118211875 -0.00238099697 -0.02265606272 )


liftDrag LD execute:
Viscous drag: 0.003878064173, pressure drag: 0.06214642474, porous drag: 0
Viscous lift: 0.0001914056058, pressure lift: -0.8394521207, porous lift: 0
Total lift: -0.8392607151, Front lift: -0.2928766945, Rear lift: -0.5463840205, Drag: 0.06602448891
Location of Center of Mass: ( 0.1593065081 0.4851454654 -0.003834401379 )
Location of Center Of Pressure: ( 0.1513808428 0.4851454654 -0.004457912035 )


yPlus yPlus execute:
    patch Bottom y+ : min = 1.385509193, max = 518.5613067, average = 269.558951
    patch Top y+ : min = 70.47802331, max = 534.2736288, average = 303.4104109
    patch e423_0 y+ : min = 113.8039839, max = 874.9676148, average = 389.7583153


################################################################################

Time = 242

Outer Loop Iteration = 242
smoothSolver:  Solving for Ux, Initial residual = 4.507410981e-06, Final residual = 5.193330591e-08, No Iterations 2
smoothSolver:  Solving for Uz, Initial residual = 2.810879841e-06, Final residual = 6.422686637e-08, No Iterations 2
GAMG:  Solving for p, Initial residual = 5.203514875e-06, Final residual = 2.06242004e-08, No Iterations 3
GAMG:  Solving for p, Initial residual = 4.906180002e-07, Final residual = 4.771920175e-09, No Iterations 2
GAMG:  Solving for p, Initial residual = 9.650467032e-08, Final residual = 9.442129624e-10, No Iterations 2
time step continuity errors (region0): sum local = 9.778118502e-11, global = 9.408130195e-12, cumulative = -1.474360989e-07
smoothSolver:  Solving for omega, Initial residual = 2.416554716e-07, Final residual = 1.7626163e-08, No Iterations 1
smoothSolver:  Solving for k, Initial residual = 2.745547978e-07, Final residual = 2.082327964e-08, No Iterations 1

ExecutionTime = 2.93 s  ExecutionStepTime = 0.01 s  ClockTime = 3 s

forces FR write:
    Sum of forces
        Total    : ( 0.7950658644 0 -10.10635785 )
        Pressure : ( 0.7483663088 0 -10.10866276 )
        Viscous  : ( 0.04669955569 0 0.002304909547 )
    Sum of moments
        Total    : ( -4.903053681 1.526364843 -0.3857225988 )
        Pressure : ( -4.904171897 1.528745843 -0.3630665211 )
        Viscous  : ( 0.001118216415 -0.002381000214 -0.02265607768 )


liftDrag LD execute:
Viscous drag: 0.003878066733, pressure drag: 0.06214651174, porous drag: 0
Viscous lift: 0.0001914063829, pressure lift: -0.8394527136, porous lift: 0
Total lift: -0.8392613072, Front lift: -0.292876884, Rear lift: -0.5463844231, Drag: 0.06602457847
Location of Center of Mass: ( 0.1593065081 0.4851454654 -0.003834401379 )
Location of Center Of Pressure: ( 0.1513808633 0.4851454654 -0.004457910827 )


yPlus yPlus execute:
    patch Bottom y+ : min = 1.383361093, max = 518.5606838, average = 269.5604561
    patch Top y+ : min = 70.47807433, max = 534.2709872, average = 303.4095455
    patch e423_0 y+ : min = 113.8039621, max = 874.9677742, average = 389.7584392


################################################################################

Time = 243

Outer Loop Iteration = 243
smoothSolver:  Solving for Ux, Initial residual = 4.309739367e-06, Final residual = 4.953609139e-08, No Iterations 2
smoothSolver:  Solving for Uz, Initial residual = 2.713061782e-06, Final residual = 6.263757701e-08, No Iterations 2
GAMG:  Solving for p, Initial residual = 4.993760152e-06, Final residual = 2.017974847e-08, No Iterations 3
GAMG:  Solving for p, Initial residual = 4.795720264e-07, Final residual = 4.733859051e-09, No Iterations 2
GAMG:  Solving for p, Initial residual = 9.446936551e-08, Final residual = 9.372478146e-10, No Iterations 2
time step continuity errors (region0): sum local = 9.706021605e-11, global = 9.261544535e-12, cumulative = -1.474268374e-07
smoothSolver:  Solving for omega, Initial residual = 2.309825838e-07, Final residual = 1.681455072e-08, No Iterations 1
smoothSolver:  Solving for k, Initial residual = 2.642051041e-07, Final residual = 1.980433726e-08, No Iterations 1

ExecutionTime = 2.94 s  ExecutionStepTime = 0.01 s  ClockTime = 3 s

forces FR write:
    Sum of forces
        Total    : ( 0.7950669044 0 -10.1063651 )
        Pressure : ( 0.7483673194 0 -10.10867002 )
        Viscous  : ( 0.04669958499 0 0.002304918463 )
    Sum of moments
        Total    : ( -4.9030572 1.526366142 -0.3857231033 )
        Pressure : ( -4.90417542 1.528747146 -0.3630670114 )
        Viscous  : ( 0.00111822074 -0.00238100334 -0.02265609189 )


liftDrag LD execute:
Viscous drag: 0.003878069166, pressure drag: 0.06214659566, porous drag: 0
Viscous lift: 0.0001914071232, pressure lift: -0.8394533167, porous lift: 0
Total lift: -0.8392619095, Front lift: -0.2928770773, Rear lift: -0.5463848322, Drag: 0.06602466483
Location of Center of Mass: ( 0.1593065081 0.4851454654 -0.003834401379 )
Location of Center Of Pressure: ( 0.1513808836 0.4851454654 -0.0044579096 )


yPlus yPlus execute:
    patch Bottom y+ : min = 1.38147438, max = 518.5603748, average = 269.5619219
    patch Top y+ : min = 70.47810018, max = 534.2686657, average = 303.4088455
    patch e423_0 y+ : min = 113.8039304, max = 874.9679224, average = 389.7585569


################################################################################

Time = 244

Outer Loop Iteration = 244
smoothSolver:  Solving for Ux, Initial residual = 4.119551018e-06, Final residual = 4.735348701e-08, No Iterations 2
smoothSolver:  Solving for Uz, Initial residual = 2.621638641e-06, Final residual = 6.088808135e-08, No Iterations 2
GAMG:  Solving for p, Initial residual = 4.796796656e-06, Final residual = 1.975001523e-08, No Iterations 3
GAMG:  Solving for p, Initial residual = 4.677226128e-07, Final residual = 1.659397201e-09, No Iterations 3
GAMG:  Solving for p, Initial residual = 9.159969126e-08, Final residual = 7.456382874e-10, No Iterations 2
time step continuity errors (region0): sum local = 7.721759257e-11, global = -1.670950982e-12, cumulative = -1.474285083e-07
smoothSolver:  Solving for omega, Initial residual = 2.206983033e-07, Final residual = 1.602290107e-08, No Iterations 1
smoothSolver:  Solving for k, Initial residual = 2.541361623e-07, Final residual = 1.881804228e-08, No Iterations 1

ExecutionTime = 2.95 s  ExecutionStepTime = 0.01 s  ClockTime = 3 s

forces FR write:
    Sum of forces
        Total    : ( 0.7950678973 0 -10.10637247 )
        Pressure : ( 0.7483682845 0 -10.1086774 )
        Viscous  : ( 0.04669961274 0 0.002304926891 )
    Sum of moments
        Total    : ( -4.903060777 1.526367454 -0.385723585 )
        Pressure : ( -4.904179001 1.52874846 -0.3630674797 )
        Viscous  : ( 0.001118224829 -0.002381006342 -0.02265610536 )


liftDrag LD execute:
Viscous drag: 0.00387807147, pressure drag: 0.06214667581, porous drag: 0
Viscous lift: 0.0001914078231, pressure lift: -0.8394539296, porous lift: 0
Total lift: -0.8392625218, Front lift: -0.2928772745, Rear lift: -0.5463852473, Drag: 0.06602474728
Location of Center of Mass: ( 0.1593065081 0.4851454654 -0.003834401379 )
Location of Center Of Pressure: ( 0.1513809033 0.4851454654 -0.004457908374 )


yPlus yPlus execute:
    patch Bottom y+ : min = 1.379838154, max = 518.5603563, average = 269.5633496
    patch Top y+ : min = 70.47810117, max = 534.266645, average = 303.4083019
    patch e423_0 y+ : min = 113.8038883, max = 874.9680608, average = 389.758668


################################################################################

Time = 245

Outer Loop Iteration = 245
smoothSolver:  Solving for Ux, Initial residual = 3.933931284e-06, Final residual = 4.549359462e-08, No Iterations 2
smoothSolver:  Solving for Uz, Initial residual = 2.539827778e-06, Final residual = 5.909615635e-08, No Iterations 2
GAMG:  Solving for p, Initial residual = 4.610700354e-06, Final residual = 1.936584044e-08, No Iterations 3
GAMG:  Solving for p, Initial residual = 4.552503764e-07, Final residual = 1.645919762e-09, No Iterations 3
GAMG:  Solving for p, Initial residual = 8.965040681e-08, Final residual = 7.382060076e-10, No Iterations 2
time step continuity errors (region0): sum local = 7.644796372e-11, global = -1.706008383e-12, cumulative = -1.474302143e-07
smoothSolver:  Solving for omega, Initial residual = 2.107096442e-07, Final residual = 1.524960027e-08, No Iterations 1
smoothSolver:  Solving for k, Initial residual = 2.443610504e-07, Final residual = 1.786618301e-08, No Iterations 1

ExecutionTime = 2.96 s  ExecutionStepTime = 0.01 s  ClockTime = 3 s

forces FR write:
    Sum of forces
        Total    : ( 0.7950688307 0 -10.10637994 )
        Pressure : ( 0.7483691917 0 -10.10868487 )
        Viscous  : ( 0.04669963895 0 0.002304934797 )
    Sum of moments
        Total    : ( -4.903064397 1.52636877 -0.3857240378 )
        Pressure : ( -4.904182626 1.528749779 -0.3630679198 )
        Viscous  : ( 0.001118228665 -0.002381009215 -0.02265611807 )


liftDrag LD execute:
Viscous drag: 0.003878073647, pressure drag: 0.06214675115, porous drag: 0
Viscous lift: 0.0001914084797, pressure lift: -0.83945455, porous lift: 0
Total lift: -0.8392631415, Front lift: -0.2928774751, Rear lift: -0.5463856664, Drag: 0.06602482479
Location of Center of Mass: ( 0.1593065081 0.4851454654 -0.003834401379 )
Location of Center Of Pressure: ( 0.151380922 0.4851454654 -0.004457907171 )


yPlus yPlus execute:
    patch Bottom y+ : min = 1.378438048, max = 518.5606091, average = 269.5647305
    patch Top y+ : min = 70.47807963, max = 534.2649139, average = 303.407906
    patch e423_0 y+ : min = 113.8038357, max = 874.9681903, average = 389.7587724


################################################################################

Time = 246

Outer Loop Iteration = 246
smoothSolver:  Solving for Ux, Initial residual = 3.752292898e-06, Final residual = 4.375793916e-08, No Iterations 2
smoothSolver:  Solving for Uz, Initial residual = 2.463830376e-06, Final residual = 5.730575873e-08, No Iterations 2
GAMG:  Solving for p, Initial residual = 4.423294834e-06, Final residual = 1.90436825e-08, No Iterations 3
GAMG:  Solving for p, Initial residual = 4.422787929e-07, Final residual = 1.630813555e-09, No Iterations 3
GAMG:  Solving for p, Initial residual = 8.75821103e-08, Final residual = 7.314008613e-10, No Iterations 2
time step continuity errors (region0): sum local = 7.574354583e-11, global = -1.364437756e-12, cumulative = -1.474315788e-07
smoothSolver:  Solving for omega, Initial residual = 2.010058367e-07, Final residual = 1.449812205e-08, No Iterations 1
smoothSolver:  Solving for k, Initial residual = 2.34845824e-07, Final residual = 1.695066456e-08, No Iterations 1

ExecutionTime = 2.97 s  ExecutionStepTime = 0.01 s  ClockTime = 3 s

forces FR write:
    Sum of forces
        Total    : ( 0.7950697018 0 -10.10638749 )
        Pressure : ( 0.7483700381 0 -10.10869243 )
        Viscous  : ( 0.04669966363 0 0.002304942153 )
    Sum of moments
        Total    : ( -4.903068062 1.526370089 -0.3857244605 )
        Pressure : ( -4.904186294 1.528751101 -0.3630683304 )
        Viscous  : ( 0.001118232233 -0.002381011953 -0.02265613004 )


liftDrag LD execute:
Viscous drag: 0.003878075696, pressure drag: 0.06214682144, porous drag: 0
Viscous lift: 0.0001914090906, pressure lift: -0.8394551779, porous lift: 0
Total lift: -0.8392637688, Front lift: -0.2928776793, Rear lift: -0.5463860896, Drag: 0.06602489713
Location of Center of Mass: ( 0.1593065081 0.4851454654 -0.003834401379 )
Location of Center Of Pressure: ( 0.1513809396 0.4851454654 -0.004457906002 )


yPlus yPlus execute:
    patch Bottom y+ : min = 1.377270149, max = 518.561116, average = 269.566072
    patch Top y+ : min = 70.4780349, max = 534.2634653, average = 303.4076491
    patch e423_0 y+ : min = 113.8037723, max = 874.9683121, average = 389.75887


################################################################################

Time = 247

Outer Loop Iteration = 247
smoothSolver:  Solving for Ux, Initial residual = 3.575634919e-06, Final residual = 4.216128765e-08, No Iterations 2
smoothSolver:  Solving for Uz, Initial residual = 2.39596966e-06, Final residual = 5.547245204e-08, No Iterations 2
GAMG:  Solving for p, Initial residual = 4.240645661e-06, Final residual = 1.86645975e-08, No Iterations 3
GAMG:  Solving for p, Initial residual = 4.280376392e-07, Final residual = 1.616135157e-09, No Iterations 3
GAMG:  Solving for p, Initial residual = 8.5480256e-08, Final residual = 7.186764224e-10, No Iterations 2
time step continuity errors (region0): sum local = 7.44260017e-11, global = -1.759055931e-12, cumulative = -1.474333378e-07
smoothSolver:  Solving for omega, Initial residual = 1.916343145e-07, Final residual = 1.376825906e-08, No Iterations 1
smoothSolver:  Solving for k, Initial residual = 2.255898983e-07, Final residual = 1.606908566e-08, No Iterations 1

ExecutionTime = 2.98 s  ExecutionStepTime = 0.01 s  ClockTime = 3 s

forces FR write:
    Sum of forces
        Total    : ( 0.7950705031 0 -10.10639511 )
        Pressure : ( 0.7483708163 0 -10.10870006 )
        Viscous  : ( 0.0466996868 0 0.002304948936 )
    Sum of moments
        Total    : ( -4.903071761 1.526371404 -0.3857248492 )
        Pressure : ( -4.904189997 1.528752419 -0.3630687079 )
        Viscous  : ( 0.001118235524 -0.002381014556 -0.02265614128 )


liftDrag LD execute:
Viscous drag: 0.00387807762, pressure drag: 0.06214688606, porous drag: 0
Viscous lift: 0.0001914096538, pressure lift: -0.8394558117, porous lift: 0
Total lift: -0.839264402, Front lift: -0.2928778866, Rear lift: -0.5463865154, Drag: 0.06602496368
Location of Center of Mass: ( 0.1593065081 0.4851454654 -0.003834401379 )
Location of Center Of Pressure: ( 0.1513809559 0.4851454654 -0.004457904882 )


yPlus yPlus execute:
    patch Bottom y+ : min = 1.376316475, max = 518.5618593, average = 269.5673721
    patch Top y+ : min = 70.47796938, max = 534.262294, average = 303.4075224
    patch e423_0 y+ : min = 113.8036982, max = 874.968427, average = 389.7589607


################################################################################

Time = 248

Outer Loop Iteration = 248
smoothSolver:  Solving for Ux, Initial residual = 3.408118059e-06, Final residual = 4.079891668e-08, No Iterations 2
smoothSolver:  Solving for Uz, Initial residual = 2.333384205e-06, Final residual = 5.360669836e-08, No Iterations 2
GAMG:  Solving for p, Initial residual = 4.062784532e-06, Final residual = 1.828838781e-08, No Iterations 3
GAMG:  Solving for p, Initial residual = 4.128417402e-07, Final residual = 1.597515071e-09, No Iterations 3
GAMG:  Solving for p, Initial residual = 8.303177234e-08, Final residual = 7.052655816e-10, No Iterations 2
time step continuity errors (region0): sum local = 7.303734593e-11, global = -2.649213105e-12, cumulative = -1.47435987e-07
smoothSolver:  Solving for omega, Initial residual = 1.825866444e-07, Final residual = 1.306080016e-08, No Iterations 1
smoothSolver:  Solving for k, Initial residual = 2.166065937e-07, Final residual = 1.522271241e-08, No Iterations 1

ExecutionTime = 2.98 s  ExecutionStepTime = 0 s  ClockTime = 3 s

forces FR write:
    Sum of forces
        Total    : ( 0.7950712301 0 -10.10640279 )
        Pressure : ( 0.7483715217 0 -10.10870775 )
        Viscous  : ( 0.04669970847 0 0.002304955131 )
    Sum of moments
        Total    : ( -4.903075487 1.526372713 -0.3857252019 )
        Pressure : ( -4.904193725 1.52875373 -0.3630690501 )
        Viscous  : ( 0.00111823853 -0.00238101702 -0.0226561518 )


liftDrag LD execute:
Viscous drag: 0.00387807942, pressure drag: 0.06214694463, porous drag: 0
Viscous lift: 0.0001914101683, pressure lift: -0.8394564499, porous lift: 0
Total lift: -0.8392650398, Front lift: -0.2928780968, Rear lift: -0.546386943, Drag: 0.06602502405
Location of Center of Mass: ( 0.1593065081 0.4851454654 -0.003834401379 )
Location of Center Of Pressure: ( 0.1513809706 0.4851454654 -0.004457903824 )


yPlus yPlus execute:
    patch Bottom y+ : min = 1.375563402, max = 518.5628197, average = 269.5686307
    patch Top y+ : min = 70.47788429, max = 534.2613937, average = 303.4075167
    patch e423_0 y+ : min = 113.8036135, max = 874.968536, average = 389.7590446


################################################################################

Time = 249

Outer Loop Iteration = 249
smoothSolver:  Solving for Ux, Initial residual = 3.256065833e-06, Final residual = 3.940922721e-08, No Iterations 2
smoothSolver:  Solving for Uz, Initial residual = 2.273847426e-06, Final residual = 5.167965652e-08, No Iterations 2
GAMG:  Solving for p, Initial residual = 3.888506351e-06, Final residual = 1.791962989e-08, No Iterations 3
GAMG:  Solving for p, Initial residual = 3.970473707e-07, Final residual = 1.579826312e-09, No Iterations 3
GAMG:  Solving for p, Initial residual = 8.045292854e-08, Final residual = 6.935506933e-10, No Iterations 2
time step continuity errors (region0): sum local = 7.182414127e-11, global = -3.659350217e-12, cumulative = -1.474396464e-07
smoothSolver:  Solving for omega, Initial residual = 1.738416126e-07, Final residual = 1.237818174e-08, No Iterations 1
smoothSolver:  Solving for k, Initial residual = 2.078955907e-07, Final residual = 1.441368215e-08, No Iterations 1

ExecutionTime = 2.99 s  ExecutionStepTime = 0.01 s  ClockTime = 3 s

forces FR write:
    Sum of forces
        Total    : ( 0.7950718791 0 -10.10641051 )
        Pressure : ( 0.7483721504 0 -10.10871547 )
        Viscous  : ( 0.04669972868 0 0.002304960728 )
    Sum of moments
        Total    : ( -4.90307923 1.52637401 -0.3857255168 )
        Pressure : ( -4.904197472 1.528755029 -0.3630693552 )
        Viscous  : ( 0.001118241245 -0.002381019345 -0.0226561616 )


liftDrag LD execute:
Viscous drag: 0.003878081098, pressure drag: 0.06214699685, porous drag: 0
Viscous lift: 0.0001914106331, pressure lift: -0.8394570912, porous lift: 0
Total lift: -0.8392656806, Front lift: -0.2928783095, Rear lift: -0.5463873711, Drag: 0.06602507795
Location of Center of Mass: ( 0.1593065081 0.4851454654 -0.003834401379 )
Location of Center Of Pressure: ( 0.1513809835 0.4851454654 -0.004457902838 )


yPlus yPlus execute:
    patch Bottom y+ : min = 1.374996719, max = 518.5639767, average = 269.5698473
    patch Top y+ : min = 70.47778124, max = 534.2607559, average = 303.4076227
    patch e423_0 y+ : min = 113.8035185, max = 874.9686398, average = 389.7591217


################################################################################

Time = 250

Outer Loop Iteration = 250
smoothSolver:  Solving for Ux, Initial residual = 3.115424356e-06, Final residual = 3.806258357e-08, No Iterations 2
smoothSolver:  Solving for Uz, Initial residual = 2.215221557e-06, Final residual = 4.969980576e-08, No Iterations 2
GAMG:  Solving for p, Initial residual = 3.71957144e-06, Final residual = 1.755937781e-08, No Iterations 3
GAMG:  Solving for p, Initial residual = 3.809842254e-07, Final residual = 1.562026594e-09, No Iterations 3
GAMG:  Solving for p, Initial residual = 7.758559785e-08, Final residual = 6.829434092e-10, No Iterations 2
time step continuity errors (region0): sum local = 7.072570402e-11, global = -4.813275968e-12, cumulative = -1.474444597e-07
smoothSolver:  Solving for omega, Initial residual = 1.654228673e-07, Final residual = 1.17217468e-08, No Iterations 1
smoothSolver:  Solving for k, Initial residual = 1.99415709e-07, Final residual = 1.364020883e-08, No Iterations 1

ExecutionTime = 3 s  ExecutionStepTime = 0.01 s  ClockTime = 3 s

forces FR write:
    Sum of forces
        Total    : ( 0.7950724475 0 -10.10641825 )
        Pressure : ( 0.7483727 0 -10.10872321 )
        Viscous  : ( 0.04669974747 0 0.002304965725 )
    Sum of moments
        Total    : ( -4.903082983 1.526375291 -0.3857257925 )
        Pressure : ( -4.904201227 1.528756313 -0.3630696218 )
        Viscous  : ( 0.001118243669 -0.00238102153 -0.02265617072 )


liftDrag LD execute:
Viscous drag: 0.003878082658, pressure drag: 0.06214704249, porous drag: 0
Viscous lift: 0.000191411048, pressure lift: -0.839457734, porous lift: 0
Total lift: -0.8392663229, Front lift: -0.2928785243, Rear lift: -0.5463877986, Drag: 0.06602512515
Location of Center of Mass: ( 0.1593065081 0.4851454654 -0.003834401379 )
Location of Center Of Pressure: ( 0.1513809946 0.4851454654 -0.004457901934 )


yPlus yPlus execute:
    patch Bottom y+ : min = 1.374602295, max = 518.5653087, average = 269.5710216
    patch Top y+ : min = 70.47766191, max = 534.2603694, average = 303.4078306
    patch e423_0 y+ : min = 113.8034136, max = 874.9687391, average = 389.7591921


################################################################################

Time = 251

Outer Loop Iteration = 251
smoothSolver:  Solving for Ux, Initial residual = 2.982353717e-06, Final residual = 3.678026761e-08, No Iterations 2
smoothSolver:  Solving for Uz, Initial residual = 2.156768572e-06, Final residual = 4.770896342e-08, No Iterations 2
GAMG:  Solving for p, Initial residual = 3.555962058e-06, Final residual = 1.719858653e-08, No Iterations 3
GAMG:  Solving for p, Initial residual = 3.646364898e-07, Final residual = 1.542232214e-09, No Iterations 3
GAMG:  Solving for p, Initial residual = 7.456147798e-08, Final residual = 6.736698607e-10, No Iterations 2
time step continuity errors (region0): sum local = 6.976555596e-11, global = -5.453167859e-12, cumulative = -1.474499128e-07
smoothSolver:  Solving for omega, Initial residual = 1.573434493e-07, Final residual = 1.108977404e-08, No Iterations 1
smoothSolver:  Solving for k, Initial residual = 1.911818301e-07, Final residual = 1.290172035e-08, No Iterations 1

ExecutionTime = 3.01 s  ExecutionStepTime = 0.01 s  ClockTime = 3 s

forces FR write:
    Sum of forces
        Total    : ( 0.7950729337 0 -10.10642598 )
        Pressure : ( 0.7483731689 0 -10.10873095 )
        Viscous  : ( 0.04669976487 0 0.002304970122 )
    Sum of moments
        Total    : ( -4.903086736 1.526376553 -0.3857260284 )
        Pressure : ( -4.904204982 1.528757577 -0.3630698493 )
        Viscous  : ( 0.001118245803 -0.002381023576 -0.02265617916 )


liftDrag LD execute:
Viscous drag: 0.003878084104, pressure drag: 0.06214708142, porous drag: 0
Viscous lift: 0.0001914114132, pressure lift: -0.8394583768, porous lift: 0
Total lift: -0.8392669653, Front lift: -0.2928787407, Rear lift: -0.5463882247, Drag: 0.06602516552
Location of Center of Mass: ( 0.1593065081 0.4851454654 -0.003834401379 )
Location of Center Of Pressure: ( 0.1513810038 0.4851454654 -0.004457901117 )


yPlus yPlus execute:
    patch Bottom y+ : min = 1.374365653, max = 518.566794, average = 269.5721533
    patch Top y+ : min = 70.47752803, max = 534.2602205, average = 303.4081307
    patch e423_0 y+ : min = 113.8032992, max = 874.9688346, average = 389.7592559


################################################################################

Time = 252

Outer Loop Iteration = 252
smoothSolver:  Solving for Ux, Initial residual = 2.853062454e-06, Final residual = 3.557131077e-08, No Iterations 2
smoothSolver:  Solving for Uz, Initial residual = 2.097171401e-06, Final residual = 4.563948002e-08, No Iterations 2
GAMG:  Solving for p, Initial residual = 3.399964429e-06, Final residual = 1.680644759e-08, No Iterations 3
GAMG:  Solving for p, Initial residual = 3.479617432e-07, Final residual = 1.516781922e-09, No Iterations 3
GAMG:  Solving for p, Initial residual = 7.144191528e-08, Final residual = 6.618337655e-10, No Iterations 2
time step continuity errors (region0): sum local = 6.853988306e-11, global = -7.026500388e-12, cumulative = -1.474569393e-07
smoothSolver:  Solving for omega, Initial residual = 1.495909788e-07, Final residual = 1.048248613e-08, No Iterations 1
smoothSolver:  Solving for k, Initial residual = 1.832084096e-07, Final residual = 1.219765217e-08, No Iterations 1

ExecutionTime = 3.02 s  ExecutionStepTime = 0.01 s  ClockTime = 3 s

forces FR write:
    Sum of forces
        Total    : ( 0.795073337 0 -10.1064337 )
        Pressure : ( 0.7483735561 0 -10.10873867 )
        Viscous  : ( 0.04669978093 0 0.002304973926 )
    Sum of moments
        Total    : ( -4.90309048 1.526377793 -0.3857262241 )
        Pressure : ( -4.904208728 1.528758818 -0.3630700371 )
        Viscous  : ( 0.001118247648 -0.002381025484 -0.02265618695 )


liftDrag LD execute:
Viscous drag: 0.003878085437, pressure drag: 0.06214711358, porous drag: 0
Viscous lift: 0.0001914117291, pressure lift: -0.839459018, porous lift: 0
Total lift: -0.8392676063, Front lift: -0.2928789582, Rear lift: -0.5463886481, Drag: 0.06602519901
Location of Center of Mass: ( 0.1593065081 0.4851454654 -0.003834401379 )
Location of Center Of Pressure: ( 0.1513810109 0.4851454654 -0.004457900394 )


yPlus yPlus execute:
    patch Bottom y+ : min = 1.374271949, max = 518.5684112, average = 269.5732425
    patch Top y+ : min = 70.47738104, max = 534.2602937, average = 303.4085133
    patch e423_0 y+ : min = 113.8031758, max = 874.9689269, average = 389.7593133


################################################################################

Time = 253

Outer Loop Iteration = 253
smoothSolver:  Solving for Ux, Initial residual = 2.729230449e-06, Final residual = 3.436667205e-08, No Iterations 2
smoothSolver:  Solving for Uz, Initial residual = 2.036943453e-06, Final residual = 4.350045824e-08, No Iterations 2
GAMG:  Solving for p, Initial residual = 3.247502758e-06, Final residual = 1.646105928e-08, No Iterations 3
GAMG:  Solving for p, Initial residual = 3.314956799e-07, Final residual = 1.492246511e-09, No Iterations 3
GAMG:  Solving for p, Initial residual = 6.831414782e-08, Final residual = 6.471602503e-10, No Iterations 2
time step continuity errors (region0): sum local = 6.702036385e-11, global = -7.398312133e-12, cumulative = -1.474643377e-07
smoothSolver:  Solving for omega, Initial residual = 1.421422043e-07, Final residual = 9.901349301e-09, No Iterations 1
smoothSolver:  Solving for k, Initial residual = 1.754871087e-07, Final residual = 1.152986927e-08, No Iterations 1

ExecutionTime = 3.03 s  ExecutionStepTime = 0.01 s  ClockTime = 3 s

forces FR write:
    Sum of forces
        Total    : ( 0.7950736576 0 -10.10644138 )
        Pressure : ( 0.7483738619 0 -10.10874636 )
        Viscous  : ( 0.0466997957 0 0.002304977147 )
    Sum of moments
        Total    : ( -4.903094207 1.526379006 -0.3857263796 )
        Pressure : ( -4.904212457 1.528760034 -0.3630701855 )
        Viscous  : ( 0.001118249211 -0.002381027257 -0.02265619412 )


liftDrag LD execute:
Viscous drag: 0.003878086664, pressure drag: 0.06214713897, porous drag: 0
Viscous lift: 0.0001914119966, pressure lift: -0.8394596562, porous lift: 0
Total lift: -0.8392682442, Front lift: -0.2928791764, Rear lift: -0.5463890678, Drag: 0.06602522563
Location of Center of Mass: ( 0.1593065081 0.4851454654 -0.003834401379 )
Location of Center Of Pressure: ( 0.1513810161 0.4851454654 -0.004457899768 )


yPlus yPlus execute:
    patch Bottom y+ : min = 1.374306501, max = 518.5701395, average = 269.574288
    patch Top y+ : min = 70.47722295, max = 534.2605724, average = 303.4089688
    patch e423_0 y+ : min = 113.803044, max = 874.9690164, average = 389.7593644


################################################################################

Time = 254

Outer Loop Iteration = 254
smoothSolver:  Solving for Ux, Initial residual = 2.613169017e-06, Final residual = 3.321243675e-08, No Iterations 2
smoothSolver:  Solving for Uz, Initial residual = 1.975478328e-06, Final residual = 4.13431737e-08, No Iterations 2
GAMG:  Solving for p, Initial residual = 3.102907287e-06, Final residual = 1.605685343e-08, No Iterations 3
GAMG:  Solving for p, Initial residual = 3.153249158e-07, Final residual = 1.465323065e-09, No Iterations 3
GAMG:  Solving for p, Initial residual = 6.505861233e-08, Final residual = 6.322370089e-10, No Iterations 2
time step continuity errors (region0): sum local = 6.547483082e-11, global = -7.723665782e-12, cumulative = -1.474720613e-07
smoothSolver:  Solving for omega, Initial residual = 1.350011752e-07, Final residual = 9.345390991e-09, No Iterations 1
smoothSolver:  Solving for k, Initial residual = 1.680036568e-07, Final residual = 1.089408936e-08, No Iterations 1

ExecutionTime = 3.04 s  ExecutionStepTime = 0.01 s  ClockTime = 3 s

forces FR write:
    Sum of forces
        Total    : ( 0.7950738962 0 -10.10644901 )
        Pressure : ( 0.7483740869 0 -10.10875399 )
        Viscous  : ( 0.04669980923 0 0.002304979799 )
    Sum of moments
        Total    : ( -4.903097908 1.526380192 -0.3857264953 )
        Pressure : ( -4.904216159 1.52876122 -0.3630702947 )
        Viscous  : ( 0.001118250497 -0.002381028897 -0.02265620068 )


liftDrag LD execute:
Viscous drag: 0.003878087787, pressure drag: 0.06214715766, porous drag: 0
Viscous lift: 0.0001914122168, pressure lift: -0.8394602899, porous lift: 0
Total lift: -0.8392688777, Front lift: -0.2928793947, Rear lift: -0.546389483, Drag: 0.06602524545
Location of Center of Mass: ( 0.1593065081 0.4851454654 -0.003834401379 )
Location of Center Of Pressure: ( 0.1513810191 0.4851454654 -0.004457899243 )


yPlus yPlus execute:
    patch Bottom y+ : min = 1.374456117, max = 518.5719588, average = 269.5752911
    patch Top y+ : min = 70.47705508, max = 534.2610389, average = 303.4094878
    patch e423_0 y+ : min = 113.8029045, max = 874.9691037, average = 389.7594095


################################################################################

Time = 255

Outer Loop Iteration = 255
smoothSolver:  Solving for Ux, Initial residual = 2.501957609e-06, Final residual = 3.20705634e-08, No Iterations 2
smoothSolver:  Solving for Uz, Initial residual = 1.911818558e-06, Final residual = 3.920904444e-08, No Iterations 2
GAMG:  Solving for p, Initial residual = 2.96489362e-06, Final residual = 1.561643162e-08, No Iterations 3
GAMG:  Solving for p, Initial residual = 2.996718743e-07, Final residual = 1.430767209e-09, No Iterations 3
GAMG:  Solving for p, Initial residual = 6.182332906e-08, Final residual = 6.161320986e-10, No Iterations 2
time step continuity errors (region0): sum local = 6.380708421e-11, global = -8.290197855e-12, cumulative = -1.474803515e-07
smoothSolver:  Solving for omega, Initial residual = 1.281667912e-07, Final residual = 8.814184362e-09, No Iterations 1
smoothSolver:  Solving for k, Initial residual = 1.607577084e-07, Final residual = 1.028992888e-08, No Iterations 1

ExecutionTime = 3.05 s  ExecutionStepTime = 0.01 s  ClockTime = 3 s

forces FR write:
    Sum of forces
        Total    : ( 0.7950740544 0 -10.10645657 )
        Pressure : ( 0.7483742328 0 -10.10876155 )
        Viscous  : ( 0.04669982157 0 0.0023049819 )
    Sum of moments
        Total    : ( -4.903101574 1.526381346 -0.3857265721 )
        Pressure : ( -4.904219826 1.528762376 -0.3630703654 )
        Viscous  : ( 0.001118251516 -0.002381030407 -0.02265620667 )


liftDrag LD execute:
Viscous drag: 0.003878088812, pressure drag: 0.06214716977, porous drag: 0
Viscous lift: 0.0001914123912, pressure lift: -0.8394609176, porous lift: 0
Total lift: -0.8392695052, Front lift: -0.2928796126, Rear lift: -0.5463898926, Drag: 0.06602525859
Location of Center of Mass: ( 0.1593065081 0.4851454654 -0.003834401379 )
Location of Center Of Pressure: ( 0.1513810202 0.4851454654 -0.00445789882 )


yPlus yPlus execute:
    patch Bottom y+ : min = 1.374705976, max = 518.5738502, average = 269.5762511
    patch Top y+ : min = 70.47687914, max = 534.2616756, average = 303.4100614
    patch e423_0 y+ : min = 113.8027579, max = 874.9691892, average = 389.7594488


################################################################################

Time = 256

Outer Loop Iteration = 256
smoothSolver:  Solving for Ux, Initial residual = 2.39301696e-06, Final residual = 3.093190309e-08, No Iterations 2
smoothSolver:  Solving for Uz, Initial residual = 1.845409153e-06, Final residual = 3.711773699e-08, No Iterations 2
GAMG:  Solving for p, Initial residual = 2.829615783e-06, Final residual = 1.522886681e-08, No Iterations 3
GAMG:  Solving for p, Initial residual = 2.851305257e-07, Final residual = 1.397261732e-09, No Iterations 3
GAMG:  Solving for p, Initial residual = 5.868888956e-08, Final residual = 1.959084421e-10, No Iterations 3
time step continuity errors (region0): sum local = 2.028843606e-11, global = -3.642691367e-12, cumulative = -1.474839942e-07
smoothSolver:  Solving for omega, Initial residual = 1.216339609e-07, Final residual = 8.307557863e-09, No Iterations 1
smoothSolver:  Solving for k, Initial residual = 1.537316473e-07, Final residual = 9.717781696e-09, No Iterations 1

ExecutionTime = 3.05 s  ExecutionStepTime = 0 s  ClockTime = 3 s

forces FR write:
    Sum of forces
        Total    : ( 0.7950741346 0 -10.10646404 )
        Pressure : ( 0.7483743018 0 -10.10876902 )
        Viscous  : ( 0.04669983277 0 0.002304983468 )
    Sum of moments
        Total    : ( -4.903105199 1.526382467 -0.385726611 )
        Pressure : ( -4.904223452 1.528763499 -0.3630703989 )
        Viscous  : ( 0.001118252277 -0.002381031791 -0.0226562121 )


liftDrag LD execute:
Viscous drag: 0.003878089742, pressure drag: 0.06214717551, porous drag: 0
Viscous lift: 0.0001914125215, pressure lift: -0.8394615382, porous lift: 0
Total lift: -0.8392701257, Front lift: -0.2928798298, Rear lift: -0.5463902959, Drag: 0.06602526525
Location of Center of Mass: ( 0.1593065081 0.4851454654 -0.003834401379 )
Location of Center Of Pressure: ( 0.1513810192 0.4851454654 -0.004457898499 )


yPlus yPlus execute:
    patch Bottom y+ : min = 1.37504337, max = 518.5757957, average = 269.5771685
    patch Top y+ : min = 70.47669629, max = 534.2624646, average = 303.4106808
    patch e423_0 y+ : min = 113.802605, max = 874.9692731, average = 389.7594826


################################################################################

Time = 257

Outer Loop Iteration = 257
smoothSolver:  Solving for Ux, Initial residual = 2.289348049e-06, Final residual = 2.979960419e-08, No Iterations 2
smoothSolver:  Solving for Uz, Initial residual = 1.778746707e-06, Final residual = 3.511256128e-08, No Iterations 2
GAMG:  Solving for p, Initial residual = 2.701046699e-06, Final residual = 1.47688226e-08, No Iterations 3
GAMG:  Solving for p, Initial residual = 2.709017562e-07, Final residual = 1.357446114e-09, No Iterations 3
GAMG:  Solving for p, Initial residual = 5.560262158e-08, Final residual = 1.897489455e-10, No Iterations 3
time step continuity errors (region0): sum local = 1.965058668e-11, global = -3.804065164e-12, cumulative = -1.474877983e-07
smoothSolver:  Solving for omega, Initial residual = 1.154012567e-07, Final residual = 7.824470766e-09, No Iterations 1
smoothSolver:  Solving for k, Initial residual = 1.46920152e-07, Final residual = 9.180479313e-09, No Iterations 1

ExecutionTime = 3.06 s  ExecutionStepTime = 0.01 s  ClockTime = 3 s

forces FR write:
    Sum of forces
        Total    : ( 0.7950741384 0 -10.1064714 )
        Pressure : ( 0.7483742955 0 -10.10877639 )
        Viscous  : ( 0.04669984289 0 0.002304984527 )
    Sum of moments
        Total    : ( -4.903108771 1.526383552 -0.3857266129 )
        Pressure : ( -4.904227024 1.528764585 -0.3630703959 )
        Viscous  : ( 0.001118252791 -0.002381033053 -0.02265621701 )


liftDrag LD execute:
Viscous drag: 0.003878090583, pressure drag: 0.06214717498, porous drag: 0
Viscous lift: 0.0001914126094, pressure lift: -0.8394621498, porous lift: 0
Total lift: -0.8392707372, Front lift: -0.2928800454, Rear lift: -0.5463906917, Drag: 0.06602526556
Location of Center of Mass: ( 0.1593065081 0.4851454654 -0.003834401379 )
Location of Center Of Pressure: ( 0.1513810162 0.4851454654 -0.004457898281 )


yPlus yPlus execute:
    patch Bottom y+ : min = 1.375455433, max = 518.5777781, average = 269.5780432
    patch Top y+ : min = 70.47650924, max = 534.2633884, average = 303.4113379
    patch e423_0 y+ : min = 113.8024464, max = 874.9693558, average = 389.7595112


################################################################################

Time = 258

Outer Loop Iteration = 258
smoothSolver:  Solving for Ux, Initial residual = 2.190022862e-06, Final residual = 2.873426023e-08, No Iterations 2
smoothSolver:  Solving for Uz, Initial residual = 1.711660027e-06, Final residual = 3.317823057e-08, No Iterations 2
GAMG:  Solving for p, Initial residual = 2.573528351e-06, Final residual = 1.432066847e-08, No Iterations 3
GAMG:  Solving for p, Initial residual = 2.56836916e-07, Final residual = 1.317234993e-09, No Iterations 3
GAMG:  Solving for p, Initial residual = 5.254062186e-08, Final residual = 1.839123003e-10, No Iterations 3
time step continuity errors (region0): sum local = 1.904619529e-11, global = -3.965844199e-12, cumulative = -1.474917641e-07
smoothSolver:  Solving for omega, Initial residual = 1.094622322e-07, Final residual = 7.364449688e-09, No Iterations 1
smoothSolver:  Solving for k, Initial residual = 1.403363389e-07, Final residual = 8.676107226e-09, No Iterations 1

ExecutionTime = 3.07 s  ExecutionStepTime = 0.01 s  ClockTime = 3 s

forces FR write:
    Sum of forces
        Total    : ( 0.7950740701 0 -10.10647865 )
        Pressure : ( 0.7483742181 0 -10.10878363 )
        Viscous  : ( 0.04669985199 0 0.002304985102 )
    Sum of moments
        Total    : ( -4.903112287 1.5263846 -0.3857265797 )
        Pressure : ( -4.90423054 1.528765634 -0.3630703583 )
        Viscous  : ( 0.00111825307 -0.002381034198 -0.02265622143 )


liftDrag LD execute:
Viscous drag: 0.003878091339, pressure drag: 0.06214716855, porous drag: 0
Viscous lift: 0.0001914126572, pressure lift: -0.8394627516, porous lift: 0
Total lift: -0.8392713389, Front lift: -0.2928802592, Rear lift: -0.5463910797, Drag: 0.06602525989
Location of Center of Mass: ( 0.1593065081 0.4851454654 -0.003834401379 )
Location of Center Of Pressure: ( 0.1513810114 0.4851454654 -0.004457898162 )


yPlus yPlus execute:
    patch Bottom y+ : min = 1.375930759, max = 518.5797827, average = 269.5788762
    patch Top y+ : min = 70.4763178, max = 534.2644301, average = 303.4120245
    patch e423_0 y+ : min = 113.802283, max = 874.9694375, average = 389.7595347


################################################################################

Time = 259

Outer Loop Iteration = 259
smoothSolver:  Solving for Ux, Initial residual = 2.095154388e-06, Final residual = 2.770686076e-08, No Iterations 2
smoothSolver:  Solving for Uz, Initial residual = 1.644578751e-06, Final residual = 3.122718332e-08, No Iterations 2
GAMG:  Solving for p, Initial residual = 2.448091103e-06, Final residual = 1.384957532e-08, No Iterations 3
GAMG:  Solving for p, Initial residual = 2.429623446e-07, Final residual = 1.274220142e-09, No Iterations 3
GAMG:  Solving for p, Initial residual = 4.947708516e-08, Final residual = 1.77263999e-10, No Iterations 3
time step continuity errors (region0): sum local = 1.835775435e-11, global = -3.995523451e-12, cumulative = -1.474957596e-07
smoothSolver:  Solving for omega, Initial residual = 1.038295645e-07, Final residual = 6.92756424e-09, No Iterations 1
smoothSolver:  Solving for k, Initial residual = 1.339946892e-07, Final residual = 8.202260571e-09, No Iterations 1

ExecutionTime = 3.08 s  ExecutionStepTime = 0.01 s  ClockTime = 3 s

forces FR write:
    Sum of forces
        Total    : ( 0.7950739326 0 -10.10648576 )
        Pressure : ( 0.7483740725 0 -10.10879075 )
        Viscous  : ( 0.04669986014 0 0.00230498522 )
    Sum of moments
        Total    : ( -4.903115738 1.52638561 -0.385726513 )
        Pressure : ( -4.904233991 1.528766645 -0.3630702877 )
        Viscous  : ( 0.001118253127 -0.00238103523 -0.02265622538 )


liftDrag LD execute:
Viscous drag: 0.003878092015, pressure drag: 0.06214715646, porous drag: 0
Viscous lift: 0.0001914126669, pressure lift: -0.8394633422, porous lift: 0
Total lift: -0.8392719296, Front lift: -0.2928804707, Rear lift: -0.5463914588, Drag: 0.06602524847
Location of Center of Mass: ( 0.1593065081 0.4851454654 -0.003834401379 )
Location of Center Of Pressure: ( 0.1513810047 0.4851454654 -0.004457898142 )


yPlus yPlus execute:
    patch Bottom y+ : min = 1.376457795, max = 518.5817948, average = 269.5796682
    patch Top y+ : min = 70.47612416, max = 534.2655731, average = 303.4127333
    patch e423_0 y+ : min = 113.8021155, max = 874.9695184, average = 389.7595535


################################################################################

Time = 260

Outer Loop Iteration = 260
smoothSolver:  Solving for Ux, Initial residual = 2.002906155e-06, Final residual = 2.669666311e-08, No Iterations 2
smoothSolver:  Solving for Uz, Initial residual = 1.576716793e-06, Final residual = 2.925321891e-08, No Iterations 2
GAMG:  Solving for p, Initial residual = 2.328777976e-06, Final residual = 1.336072497e-08, No Iterations 3
GAMG:  Solving for p, Initial residual = 2.306205417e-07, Final residual = 1.225762753e-09, No Iterations 3
GAMG:  Solving for p, Initial residual = 4.646057565e-08, Final residual = 1.680023745e-10, No Iterations 3
time step continuity errors (region0): sum local = 1.739850138e-11, global = -2.991355928e-12, cumulative = -1.47498751e-07
smoothSolver:  Solving for omega, Initial residual = 9.847941941e-08, Final residual = 6.514106938e-09, No Iterations 1
smoothSolver:  Solving for k, Initial residual = 1.27888628e-07, Final residual = 7.757268631e-09, No Iterations 1

ExecutionTime = 3.09 s  ExecutionStepTime = 0.01 s  ClockTime = 3 s

forces FR write:
    Sum of forces
        Total    : ( 0.7950737298 0 -10.10649273 )
        Pressure : ( 0.7483738624 0 -10.10879771 )
        Viscous  : ( 0.04669986737 0 0.002304984907 )
    Sum of moments
        Total    : ( -4.903119117 1.52638658 -0.3857264146 )
        Pressure : ( -4.90423737 1.528767616 -0.3630701857 )
        Viscous  : ( 0.001118252975 -0.002381036154 -0.02265622889 )


liftDrag LD execute:
Viscous drag: 0.003878092616, pressure drag: 0.06214713901, porous drag: 0
Viscous lift: 0.000191412641, pressure lift: -0.8394639207, porous lift: 0
Total lift: -0.8392725081, Front lift: -0.2928806794, Rear lift: -0.5463918287, Drag: 0.06602523163
Location of Center of Mass: ( 0.1593065081 0.4851454654 -0.003834401379 )
Location of Center Of Pressure: ( 0.1513809962 0.4851454654 -0.004457898217 )


yPlus yPlus execute:
    patch Bottom y+ : min = 1.377025661, max = 518.583801, average = 269.5804197
    patch Top y+ : min = 70.47592942, max = 534.2668015, average = 303.4134573
    patch e423_0 y+ : min = 113.8019447, max = 874.9695988, average = 389.759568


################################################################################

Time = 261

Outer Loop Iteration = 261
smoothSolver:  Solving for Ux, Initial residual = 1.914321787e-06, Final residual = 2.572207685e-08, No Iterations 2
smoothSolver:  Solving for Uz, Initial residual = 1.50987957e-06, Final residual = 2.73748203e-08, No Iterations 2
GAMG:  Solving for p, Initial residual = 2.21086371e-06, Final residual = 1.286246567e-08, No Iterations 3
GAMG:  Solving for p, Initial residual = 2.185850716e-07, Final residual = 1.177671054e-09, No Iterations 3
GAMG:  Solving for p, Initial residual = 4.352090573e-08, Final residual = 1.60930022e-10, No Iterations 3
time step continuity errors (region0): sum local = 1.666604443e-11, global = -2.908647439e-12, cumulative = -1.475016596e-07
smoothSolver:  Solving for omega, Initial residual = 9.340063798e-08, Final residual = 6.122997729e-09, No Iterations 1
smoothSolver:  Solving for k, Initial residual = 1.220411351e-07, Final residual = 7.340312865e-09, No Iterations 1

ExecutionTime = 3.1 s  ExecutionStepTime = 0 s  ClockTime = 3 s

forces FR write:
    Sum of forces
        Total    : ( 0.7950734656 0 -10.10649953 )
        Pressure : ( 0.7483735918 0 -10.10880452 )
        Viscous  : ( 0.04669987377 0 0.002304984195 )
    Sum of moments
        Total    : ( -4.90312242 1.526387509 -0.3857262864 )
        Pressure : ( -4.904240672 1.528768546 -0.3630700544 )
        Viscous  : ( 0.00111825263 -0.002381036977 -0.02265623199 )


liftDrag LD execute:
Viscous drag: 0.003878093147, pressure drag: 0.06214711654, porous drag: 0
Viscous lift: 0.0001914125818, pressure lift: -0.8394644859, porous lift: 0
Total lift: -0.8392730734, Front lift: -0.2928808849, Rear lift: -0.5463921885, Drag: 0.06602520969
Location of Center of Mass: ( 0.1593065081 0.4851454654 -0.003834401379 )
Location of Center Of Pressure: ( 0.1513809861 0.4851454654 -0.004457898384 )


yPlus yPlus execute:
    patch Bottom y+ : min = 1.377624673, max = 518.5857891, average = 269.5811329
    patch Top y+ : min = 70.47573462, max = 534.2681001, average = 303.4141898
    patch e423_0 y+ : min = 113.8017713, max = 874.9696786, average = 389.7595783


################################################################################

Time = 262

Outer Loop Iteration = 262
smoothSolver:  Solving for Ux, Initial residual = 1.826777567e-06, Final residual = 2.48254747e-08, No Iterations 2
smoothSolver:  Solving for Uz, Initial residual = 1.445283695e-06, Final residual = 2.559551161e-08, No Iterations 2
GAMG:  Solving for p, Initial residual = 2.096893283e-06, Final residual = 1.23692485e-08, No Iterations 3
GAMG:  Solving for p, Initial residual = 2.066310975e-07, Final residual = 1.127327117e-09, No Iterations 3
GAMG:  Solving for p, Initial residual = 4.065554553e-08, Final residual = 1.53634253e-10, No Iterations 3
time step continuity errors (region0): sum local = 1.591048991e-11, global = -2.802163534e-12, cumulative = -1.475044618e-07
smoothSolver:  Solving for omega, Initial residual = 8.860285795e-08, Final residual = 5.755288344e-09, No Iterations 1
smoothSolver:  Solving for k, Initial residual = 1.1644058e-07, Final residual = 6.949868949e-09, No Iterations 1

ExecutionTime = 3.11 s  ExecutionStepTime = 0.01 s  ClockTime = 3 s

forces FR write:
    Sum of forces
        Total    : ( 0.7950731443 0 -10.10650617 )
        Pressure : ( 0.7483732649 0 -10.10881115 )
        Viscous  : ( 0.04669987938 0 0.002304983111 )
    Sum of moments
        Total    : ( -4.90312564 1.526388397 -0.3857261306 )
        Pressure : ( -4.904243892 1.528769435 -0.3630698959 )
        Viscous  : ( 0.001118252104 -0.002381037702 -0.02265623472 )


liftDrag LD execute:
Viscous drag: 0.003878093613, pressure drag: 0.06214708939, porous drag: 0
Viscous lift: 0.0001914124918, pressure lift: -0.839465037, porous lift: 0
Total lift: -0.8392736245, Front lift: -0.2928810867, Rear lift: -0.5463925378, Drag: 0.06602518301
Location of Center of Mass: ( 0.1593065081 0.4851454654 -0.003834401379 )
Location of Center Of Pressure: ( 0.1513809745 0.4851454654 -0.004457898639 )


yPlus yPlus execute:
    patch Bottom y+ : min = 1.37824422, max = 518.5877479, average = 269.5818076
    patch Top y+ : min = 70.4755411, max = 534.2694543, average = 303.4149247
    patch e423_0 y+ : min = 113.801596, max = 874.9697581, average = 389.7595849


################################################################################

Time = 263

Outer Loop Iteration = 263
smoothSolver:  Solving for Ux, Initial residual = 1.744241532e-06, Final residual = 2.397524191e-08, No Iterations 2
smoothSolver:  Solving for Uz, Initial residual = 1.381474666e-06, Final residual = 2.39320464e-08, No Iterations 2
GAMG:  Solving for p, Initial residual = 1.986305631e-06, Final residual = 1.187896349e-08, No Iterations 3
GAMG:  Solving for p, Initial residual = 1.949196407e-07, Final residual = 1.075781434e-09, No Iterations 3
GAMG:  Solving for p, Initial residual = 3.783329112e-08, Final residual = 1.467120468e-10, No Iterations 3
time step continuity errors (region0): sum local = 1.519358832e-11, global = -2.714884173e-12, cumulative = -1.475071767e-07
smoothSolver:  Solving for omega, Initial residual = 8.408549845e-08, Final residual = 5.439465991e-09, No Iterations 1
smoothSolver:  Solving for k, Initial residual = 1.110428446e-07, Final residual = 6.584136714e-09, No Iterations 1

ExecutionTime = 3.12 s  ExecutionStepTime = 0.01 s  ClockTime = 3 s

forces FR write:
    Sum of forces
        Total    : ( 0.7950727703 0 -10.10651263 )
        Pressure : ( 0.7483728861 0 -10.10881761 )
        Viscous  : ( 0.04669988427 0 0.002304981687 )
    Sum of moments
        Total    : ( -4.903128772 1.526389244 -0.3857259492 )
        Pressure : ( -4.904247024 1.528770282 -0.3630697121 )
        Viscous  : ( 0.001118251413 -0.002381038336 -0.02265623709 )


liftDrag LD execute:
Viscous drag: 0.003878094019, pressure drag: 0.06214705794, porous drag: 0
Viscous lift: 0.0001914123736, pressure lift: -0.8394655731, porous lift: 0
Total lift: -0.8392741607, Front lift: -0.2928812845, Rear lift: -0.5463928762, Drag: 0.06602515195
Location of Center of Mass: ( 0.1593065081 0.4851454654 -0.003834401379 )
Location of Center Of Pressure: ( 0.1513809614 0.4851454654 -0.004457898976 )


yPlus yPlus execute:
    patch Bottom y+ : min = 1.378876548, max = 518.5896675, average = 269.5824453
    patch Top y+ : min = 70.47534979, max = 534.2708503, average = 303.4156565
    patch e423_0 y+ : min = 113.8014197, max = 874.9698372, average = 389.759588


################################################################################

Time = 264

Outer Loop Iteration = 264
smoothSolver:  Solving for Ux, Initial residual = 1.666702087e-06, Final residual = 2.323214844e-08, No Iterations 2
smoothSolver:  Solving for Uz, Initial residual = 1.318567165e-06, Final residual = 2.232883397e-08, No Iterations 2
GAMG:  Solving for p, Initial residual = 1.878357596e-06, Final residual = 1.137159713e-08, No Iterations 3
GAMG:  Solving for p, Initial residual = 1.834106053e-07, Final residual = 1.025006885e-09, No Iterations 3
GAMG:  Solving for p, Initial residual = 3.507222213e-08, Final residual = 1.39707222e-10, No Iterations 3
time step continuity errors (region0): sum local = 1.446825467e-11, global = -2.651144698e-12, cumulative = -1.475098278e-07
smoothSolver:  Solving for omega, Initial residual = 7.981336762e-08, Final residual = 5.163028318e-09, No Iterations 1
smoothSolver:  Solving for k, Initial residual = 1.058507641e-07, Final residual = 6.242696574e-09, No Iterations 1

ExecutionTime = 3.13 s  ExecutionStepTime = 0.01 s  ClockTime = 3 s

forces FR write:
    Sum of forces
        Total    : ( 0.7950723483 0 -10.1065189 )
        Pressure : ( 0.7483724598 0 -10.10882388 )
        Viscous  : ( 0.04669988848 0 0.002304979954 )
    Sum of moments
        Total    : ( -4.903131813 1.526390049 -0.3857257444 )
        Pressure : ( -4.904250064 1.528771088 -0.3630695053 )
        Viscous  : ( 0.001118250572 -0.002381038885 -0.02265623913 )


liftDrag LD execute:
Viscous drag: 0.003878094369, pressure drag: 0.06214702254, porous drag: 0
Viscous lift: 0.0001914122296, pressure lift: -0.8394660935, porous lift: 0
Total lift: -0.8392746812, Front lift: -0.2928814779, Rear lift: -0.5463932033, Drag: 0.06602511691
Location of Center of Mass: ( 0.1593065081 0.4851454654 -0.003834401379 )
Location of Center Of Pressure: ( 0.151380947 0.4851454654 -0.004457899392 )


yPlus yPlus execute:
    patch Bottom y+ : min = 1.37951364, max = 518.5915391, average = 269.5830474
    patch Top y+ : min = 70.47516164, max = 534.2722752, average = 303.4163799
    patch e423_0 y+ : min = 113.8012428, max = 874.9699161, average = 389.7595879


################################################################################

Time = 265

Outer Loop Iteration = 265
smoothSolver:  Solving for Ux, Initial residual = 1.590545053e-06, Final residual = 2.249139311e-08, No Iterations 2
smoothSolver:  Solving for Uz, Initial residual = 1.256651689e-06, Final residual = 2.082561169e-08, No Iterations 2
GAMG:  Solving for p, Initial residual = 1.773563789e-06, Final residual = 1.085422639e-08, No Iterations 3
GAMG:  Solving for p, Initial residual = 1.722390107e-07, Final residual = 9.719227231e-10, No Iterations 3
GAMG:  Solving for p, Initial residual = 3.239669982e-08, Final residual = 1.325459163e-10, No Iterations 3
time step continuity errors (region0): sum local = 1.372665072e-11, global = -2.543818356e-12, cumulative = -1.475123717e-07
smoothSolver:  Solving for omega, Initial residual = 7.579452277e-08, Final residual = 4.904268473e-09, No Iterations 1
smoothSolver:  Solving for k, Initial residual = 1.009054961e-07, Final residual = 5.935815658e-09, No Iterations 1

ExecutionTime = 3.13 s  ExecutionStepTime = 0 s  ClockTime = 3 s

forces FR write:
    Sum of forces
        Total    : ( 0.7950718827 0 -10.10652497 )
        Pressure : ( 0.7483719906 0 -10.10882995 )
        Viscous  : ( 0.04669989208 0 0.002304977941 )
    Sum of moments
        Total    : ( -4.903134759 1.526390812 -0.3857255185 )
        Pressure : ( -4.904253008 1.528771851 -0.3630692777 )
        Viscous  : ( 0.001118249596 -0.002381039353 -0.02265624088 )


liftDrag LD execute:
Viscous drag: 0.003878094668, pressure drag: 0.06214698358, porous drag: 0
Viscous lift: 0.0001914120625, pressure lift: -0.8394665975, porous lift: 0
Total lift: -0.8392751854, Front lift: -0.2928816666, Rear lift: -0.5463935188, Drag: 0.06602507824
Location of Center of Mass: ( 0.1593065081 0.4851454654 -0.003834401379 )
Location of Center Of Pressure: ( 0.1513809314 0.4851454654 -0.00445789988 )


yPlus yPlus execute:
    patch Bottom y+ : min = 1.38014815, max = 518.5933547, average = 269.5836151
    patch Top y+ : min = 70.47497752, max = 534.2737168, average = 303.4170903
    patch e423_0 y+ : min = 113.8010662, max = 874.9699946, average = 389.759585


################################################################################

Time = 266

Outer Loop Iteration = 266
smoothSolver:  Solving for Ux, Initial residual = 1.517317827e-06, Final residual = 2.176129603e-08, No Iterations 2
smoothSolver:  Solving for Uz, Initial residual = 1.19570916e-06, Final residual = 1.943727191e-08, No Iterations 2
GAMG:  Solving for p, Initial residual = 1.673460538e-06, Final residual = 1.034443091e-08, No Iterations 3
GAMG:  Solving for p, Initial residual = 1.624175944e-07, Final residual = 9.202817715e-10, No Iterations 3
GAMG:  Solving for p, Initial residual = 2.984729335e-08, Final residual = 1.254562914e-10, No Iterations 3
time step continuity errors (region0): sum local = 1.299232242e-11, global = -2.437572666e-12, cumulative = -1.475148092e-07
smoothSolver:  Solving for omega, Initial residual = 7.197952483e-08, Final residual = 4.66184619e-09, No Iterations 1
smoothSolver:  Solving for k, Initial residual = 9.623311851e-08, Final residual = 5.649710243e-09, No Iterations 1

ExecutionTime = 3.14 s  ExecutionStepTime = 0.01 s  ClockTime = 3 s

forces FR write:
    Sum of forces
        Total    : ( 0.7950713783 0 -10.10653084 )
        Pressure : ( 0.7483714832 0 -10.10883581 )
        Viscous  : ( 0.04669989512 0 0.002304975678 )
    Sum of moments
        Total    : ( -4.903137605 1.526391533 -0.3857252738 )
        Pressure : ( -4.904255854 1.528772573 -0.3630690315 )
        Viscous  : ( 0.001118248498 -0.002381039748 -0.02265624235 )


liftDrag LD execute:
Viscous drag: 0.00387809492, pressure drag: 0.06214694143, porous drag: 0
Viscous lift: 0.0001914118746, pressure lift: -0.8394670846, porous lift: 0
Total lift: -0.8392756727, Front lift: -0.2928818504, Rear lift: -0.5463938223, Drag: 0.06602503635
Location of Center of Mass: ( 0.1593065081 0.4851454654 -0.003834401379 )
Location of Center Of Pressure: ( 0.1513809147 0.4851454654 -0.004457900435 )


yPlus yPlus execute:
    patch Bottom y+ : min = 1.380773476, max = 518.5951076, average = 269.5841497
    patch Top y+ : min = 70.47479818, max = 534.2751638, average = 303.4177833
    patch e423_0 y+ : min = 113.8008905, max = 874.9700729, average = 389.7595794


################################################################################

Time = 267

Outer Loop Iteration = 267
smoothSolver:  Solving for Ux, Initial residual = 1.446400292e-06, Final residual = 2.104636069e-08, No Iterations 2
smoothSolver:  Solving for Uz, Initial residual = 1.135984565e-06, Final residual = 1.817699081e-08, No Iterations 2
GAMG:  Solving for p, Initial residual = 1.590924699e-06, Final residual = 9.828698419e-09, No Iterations 3
GAMG:  Solving for p, Initial residual = 1.579204495e-07, Final residual = 8.687431438e-10, No Iterations 3
GAMG:  Solving for p, Initial residual = 2.829453451e-08, Final residual = 1.183835878e-10, No Iterations 3
time step continuity errors (region0): sum local = 1.225991623e-11, global = -2.331434868e-12, cumulative = -1.475171407e-07
smoothSolver:  Solving for omega, Initial residual = 6.836996509e-08, Final residual = 4.433705154e-09, No Iterations 1
smoothSolver:  Solving for k, Initial residual = 9.176378338e-08, Final residual = 5.386846477e-09, No Iterations 1

ExecutionTime = 3.15 s  ExecutionStepTime = 0.01 s  ClockTime = 3 s

forces FR write:
    Sum of forces
        Total    : ( 0.7950708396 0 -10.10653649 )
        Pressure : ( 0.7483709419 0 -10.10884147 )
        Viscous  : ( 0.04669989765 0 0.002304973196 )
    Sum of moments
        Total    : ( -4.903140351 1.526392214 -0.3857250124 )
        Pressure : ( -4.904258598 1.528773254 -0.3630687689 )
        Viscous  : ( 0.001118247294 -0.002381040073 -0.02265624358 )


liftDrag LD execute:
Viscous drag: 0.00387809513, pressure drag: 0.06214689649, porous drag: 0
Viscous lift: 0.0001914116685, pressure lift: -0.8394675543, porous lift: 0
Total lift: -0.8392761426, Front lift: -0.2928820288, Rear lift: -0.5463941138, Drag: 0.06602499162
Location of Center of Mass: ( 0.1593065081 0.4851454654 -0.003834401379 )
Location of Center Of Pressure: ( 0.1513808971 0.4851454654 -0.004457901052 )


yPlus yPlus execute:
    patch Bottom y+ : min = 1.381383639, max = 518.5967919, average = 269.5846527
    patch Top y+ : min = 70.47462434, max = 534.2766055, average = 303.4184551
    patch e423_0 y+ : min = 113.8007162, max = 874.9701508, average = 389.7595716


################################################################################

Time = 268

Outer Loop Iteration = 268
smoothSolver:  Solving for Ux, Initial residual = 1.379471495e-06, Final residual = 2.04108126e-08, No Iterations 2
smoothSolver:  Solving for Uz, Initial residual = 1.079737182e-06, Final residual = 1.701917154e-08, No Iterations 2
GAMG:  Solving for p, Initial residual = 1.537461562e-06, Final residual = 9.31836784e-09, No Iterations 3
GAMG:  Solving for p, Initial residual = 1.534943176e-07, Final residual = 8.12018096e-10, No Iterations 3
GAMG:  Solving for p, Initial residual = 2.737024199e-08, Final residual = 1.086399649e-10, No Iterations 3
time step continuity errors (region0): sum local = 1.125078853e-11, global = -1.822550523e-12, cumulative = -1.475189632e-07
smoothSolver:  Solving for omega, Initial residual = 6.497102312e-08, Final residual = 4.225537271e-09, No Iterations 1
smoothSolver:  Solving for k, Initial residual = 8.748459851e-08, Final residual = 5.142222944e-09, No Iterations 1

ExecutionTime = 3.17 s  ExecutionStepTime = 0.02 s  ClockTime = 3 s

forces FR write:
    Sum of forces
        Total    : ( 0.7950702711 0 -10.10654194 )
        Pressure : ( 0.7483703714 0 -10.10884691 )
        Viscous  : ( 0.04669989972 0 0.002304970524 )
    Sum of moments
        Total    : ( -4.903142993 1.526392853 -0.3857247367 )
        Pressure : ( -4.904261239 1.528773894 -0.3630684921 )
        Viscous  : ( 0.001118245998 -0.002381040335 -0.02265624458 )


liftDrag LD execute:
Viscous drag: 0.003878095302, pressure drag: 0.06214684911, porous drag: 0
Viscous lift: 0.0001914114466, pressure lift: -0.8394680063, porous lift: 0
Total lift: -0.8392765949, Front lift: -0.2928822018, Rear lift: -0.546394393, Drag: 0.06602494441
Location of Center of Mass: ( 0.1593065081 0.4851454654 -0.003834401379 )
Location of Center Of Pressure: ( 0.1513808786 0.4851454654 -0.004457901724 )


yPlus yPlus execute:
    patch Bottom y+ : min = 1.381973425, max = 518.5984025, average = 269.5851253
    patch Top y+ : min = 70.47445661, max = 534.2780324, average = 303.4191025
    patch e423_0 y+ : min = 113.800544, max = 874.9702283, average = 389.7595617


################################################################################

Time = 269

Outer Loop Iteration = 269
smoothSolver:  Solving for Ux, Initial residual = 1.316309951e-06, Final residual = 1.982253854e-08, No Iterations 2
smoothSolver:  Solving for Uz, Initial residual = 1.025363805e-06, Final residual = 1.595455574e-08, No Iterations 2
GAMG:  Solving for p, Initial residual = 1.483724531e-06, Final residual = 8.813683603e-09, No Iterations 3
GAMG:  Solving for p, Initial residual = 1.48828967e-07, Final residual = 7.651395512e-10, No Iterations 3
GAMG:  Solving for p, Initial residual = 2.647860291e-08, Final residual = 1.024571066e-10, No Iterations 3
time step continuity errors (region0): sum local = 1.06104888e-11, global = -1.793219099e-12, cumulative = -1.475207564e-07
smoothSolver:  Solving for omega, Initial residual = 6.176919434e-08, Final residual = 4.04380359e-09, No Iterations 1
smoothSolver:  Solving for k, Initial residual = 8.338511684e-08, Final residual = 4.918582086e-09, No Iterations 1

ExecutionTime = 3.18 s  ExecutionStepTime = 0.01 s  ClockTime = 3 s

forces FR write:
    Sum of forces
        Total    : ( 0.7950696775 0 -10.10654717 )
        Pressure : ( 0.7483697761 0 -10.10885214 )
        Viscous  : ( 0.04669990138 0 0.002304967691 )
    Sum of moments
        Total    : ( -4.90314553 1.526393453 -0.3857244487 )
        Pressure : ( -4.904263774 1.528774494 -0.3630682033 )
        Viscous  : ( 0.001118244623 -0.00238104054 -0.02265624539 )


liftDrag LD execute:
Viscous drag: 0.00387809544, pressure drag: 0.06214679967, porous drag: 0
Viscous lift: 0.0001914112113, pressure lift: -0.8394684403, porous lift: 0
Total lift: -0.8392770291, Front lift: -0.2928823692, Rear lift: -0.5463946599, Drag: 0.06602489511
Location of Center of Mass: ( 0.1593065081 0.4851454654 -0.003834401379 )
Location of Center Of Pressure: ( 0.1513808594 0.4851454654 -0.004457902445 )


yPlus yPlus execute:
    patch Bottom y+ : min = 1.38253826, max = 518.5999352, average = 269.5855692
    patch Top y+ : min = 70.47429549, max = 534.2794355, average = 303.4197225
    patch e423_0 y+ : min = 113.8003743, max = 874.9703055, average = 389.7595501


################################################################################

Time = 270

Outer Loop Iteration = 270
smoothSolver:  Solving for Ux, Initial residual = 1.257816259e-06, Final residual = 1.921359324e-08, No Iterations 2
smoothSolver:  Solving for Uz, Initial residual = 9.72589385e-07, Final residual = 1.500181084e-08, No Iterations 2
GAMG:  Solving for p, Initial residual = 1.429972567e-06, Final residual = 8.32459858e-09, No Iterations 3
GAMG:  Solving for p, Initial residual = 1.439988898e-07, Final residual = 7.182162174e-10, No Iterations 3
GAMG:  Solving for p, Initial residual = 2.555173887e-08, Final residual = 9.603015212e-11, No Iterations 3
time step continuity errors (region0): sum local = 9.944817257e-12, global = -1.767925371e-12, cumulative = -1.475225244e-07
smoothSolver:  Solving for omega, Initial residual = 5.876147154e-08, Final residual = 3.873352287e-09, No Iterations 1
smoothSolver:  Solving for k, Initial residual = 7.94625614e-08, Final residual = 4.707065494e-09, No Iterations 1

ExecutionTime = 3.23 s  ExecutionStepTime = 0.05 s  ClockTime = 4 s

forces FR write:
    Sum of forces
        Total    : ( 0.7950690629 0 -10.10655218 )
        Pressure : ( 0.7483691603 0 -10.10885714 )
        Viscous  : ( 0.04669990267 0 0.002304964722 )
    Sum of moments
        Total    : ( -4.90314796 1.526394014 -0.3857241505 )
        Pressure : ( -4.904266203 1.528775054 -0.3630679045 )
        Viscous  : ( 0.001118243183 -0.002381040692 -0.02265624601 )


liftDrag LD execute:
Viscous drag: 0.003878095547, pressure drag: 0.06214674853, porous drag: 0
Viscous lift: 0.0001914109648, pressure lift: -0.8394688561, porous lift: 0
Total lift: -0.8392774451, Front lift: -0.2928825306, Rear lift: -0.5463949145, Drag: 0.06602484408
Location of Center of Mass: ( 0.1593065081 0.4851454654 -0.003834401379 )
Location of Center Of Pressure: ( 0.1513808396 0.4851454654 -0.004457903211 )


yPlus yPlus execute:
    patch Bottom y+ : min = 1.383073948, max = 518.6013868, average = 269.5859856
    patch Top y+ : min = 70.47414145, max = 534.280807, average = 303.4203126
    patch e423_0 y+ : min = 113.8002077, max = 874.9703821, average = 389.7595369


################################################################################

Time = 271

Outer Loop Iteration = 271
smoothSolver:  Solving for Ux, Initial residual = 1.202022026e-06, Final residual = 1.85765386e-08, No Iterations 2
smoothSolver:  Solving for Uz, Initial residual = 9.222762236e-07, Final residual = 1.414450679e-08, No Iterations 2
GAMG:  Solving for p, Initial residual = 1.376653638e-06, Final residual = 7.836849041e-09, No Iterations 3
GAMG:  Solving for p, Initial residual = 1.391673372e-07, Final residual = 6.69535214e-10, No Iterations 3
GAMG:  Solving for p, Initial residual = 2.4851554e-08, Final residual = 8.974032229e-11, No Iterations 3
time step continuity errors (region0): sum local = 9.293559965e-12, global = -1.723545292e-12, cumulative = -1.475242479e-07
smoothSolver:  Solving for omega, Initial residual = 5.595179154e-08, Final residual = 3.71420601e-09, No Iterations 1
smoothSolver:  Solving for k, Initial residual = 7.571711068e-08, Final residual = 4.507304224e-09, No Iterations 1

ExecutionTime = 3.24 s  ExecutionStepTime = 0.01 s  ClockTime = 4 s

forces FR write:
    Sum of forces
        Total    : ( 0.7950684318 0 -10.10655697 )
        Pressure : ( 0.7483685282 0 -10.10886193 )
        Viscous  : ( 0.04669990365 0 0.002304961646 )
    Sum of moments
        Total    : ( -4.903150284 1.526394536 -0.3857238443 )
        Pressure : ( -4.904268526 1.528775577 -0.3630675978 )
        Viscous  : ( 0.001118241691 -0.002381040796 -0.02265624649 )


liftDrag LD execute:
Viscous drag: 0.003878095628, pressure drag: 0.06214669604, porous drag: 0
Viscous lift: 0.0001914107093, pressure lift: -0.8394692536, porous lift: 0
Total lift: -0.8392778429, Front lift: -0.2928826861, Rear lift: -0.5463951568, Drag: 0.06602479167
Location of Center of Mass: ( 0.1593065081 0.4851454654 -0.003834401379 )
Location of Center Of Pressure: ( 0.1513808194 0.4851454654 -0.004457904014 )


yPlus yPlus execute:
    patch Bottom y+ : min = 1.383577211, max = 518.6027545, average = 269.5863758
    patch Top y+ : min = 70.47399487, max = 534.2821396, average = 303.4208707
    patch e423_0 y+ : min = 113.8000446, max = 874.9704581, average = 389.7595225


################################################################################

Time = 272

Outer Loop Iteration = 272
smoothSolver:  Solving for Ux, Initial residual = 1.149804804e-06, Final residual = 1.79584535e-08, No Iterations 2
smoothSolver:  Solving for Uz, Initial residual = 8.745905496e-07, Final residual = 1.340967035e-08, No Iterations 2
GAMG:  Solving for p, Initial residual = 1.324630124e-06, Final residual = 7.354652843e-09, No Iterations 3
GAMG:  Solving for p, Initial residual = 1.343580641e-07, Final residual = 6.232500265e-10, No Iterations 3
GAMG:  Solving for p, Initial residual = 2.415045176e-08, Final residual = 8.375175929e-11, No Iterations 3
time step continuity errors (region0): sum local = 8.67344577e-12, global = -1.626971685e-12, cumulative = -1.475258749e-07
smoothSolver:  Solving for omega, Initial residual = 5.331163245e-08, Final residual = 3.570325612e-09, No Iterations 1
smoothSolver:  Solving for k, Initial residual = 7.214459505e-08, Final residual = 4.317832742e-09, No Iterations 1

ExecutionTime = 3.25 s  ExecutionStepTime = 0.01 s  ClockTime = 4 s

forces FR write:
    Sum of forces
        Total    : ( 0.7950677882 0 -10.10656154 )
        Pressure : ( 0.7483678838 0 -10.1088665 )
        Viscous  : ( 0.04669990435 0 0.002304958488 )
    Sum of moments
        Total    : ( -4.9031525 1.526395021 -0.3857235321 )
        Pressure : ( -4.904270741 1.528776062 -0.3630672853 )
        Viscous  : ( 0.001118240158 -0.002381040859 -0.02265624683 )


liftDrag LD execute:
Viscous drag: 0.003878095686, pressure drag: 0.06214664254, porous drag: 0
Viscous lift: 0.000191410447, pressure lift: -0.8394696327, porous lift: 0
Total lift: -0.8392782223, Front lift: -0.2928828355, Rear lift: -0.5463953868, Drag: 0.06602473822
Location of Center of Mass: ( 0.1593065081 0.4851454654 -0.003834401379 )
Location of Center Of Pressure: ( 0.1513807987 0.4851454654 -0.004457904849 )


yPlus yPlus execute:
    patch Bottom y+ : min = 1.384045255, max = 518.6040364, average = 269.5867414
    patch Top y+ : min = 70.47385604, max = 534.283427, average = 303.4213953
    patch e423_0 y+ : min = 113.7998855, max = 874.9705335, average = 389.7595071


################################################################################

Time = 273

Outer Loop Iteration = 273
smoothSolver:  Solving for Ux, Initial residual = 1.10144228e-06, Final residual = 1.732730139e-08, No Iterations 2
smoothSolver:  Solving for Uz, Initial residual = 8.29059233e-07, Final residual = 1.274200375e-08, No Iterations 2
GAMG:  Solving for p, Initial residual = 1.276774333e-06, Final residual = 6.881354236e-09, No Iterations 3
GAMG:  Solving for p, Initial residual = 1.297753766e-07, Final residual = 5.77539526e-10, No Iterations 3
GAMG:  Solving for p, Initial residual = 2.337488258e-08, Final residual = 7.777573686e-11, No Iterations 3
time step continuity errors (region0): sum local = 8.054633819e-12, global = -1.551621661e-12, cumulative = -1.475274265e-07
smoothSolver:  Solving for omega, Initial residual = 5.082818256e-08, Final residual = 3.434403781e-09, No Iterations 1
smoothSolver:  Solving for k, Initial residual = 6.873922956e-08, Final residual = 4.138077163e-09, No Iterations 1

ExecutionTime = 3.26 s  ExecutionStepTime = 0.01 s  ClockTime = 4 s

forces FR write:
    Sum of forces
        Total    : ( 0.795067136 0 -10.10656589 )
        Pressure : ( 0.7483672312 0 -10.10887084 )
        Viscous  : ( 0.0466999048 0 0.00230495527 )
    Sum of moments
        Total    : ( -4.90315461 1.526395471 -0.3857232157 )
        Pressure : ( -4.904272849 1.528776512 -0.3630669686 )
        Viscous  : ( 0.001118238597 -0.002381040884 -0.02265624705 )


liftDrag LD execute:
Viscous drag: 0.003878095724, pressure drag: 0.06214658834, porous drag: 0
Viscous lift: 0.0001914101799, pressure lift: -0.8394699936, porous lift: 0
Total lift: -0.8392785834, Front lift: -0.2928829787, Rear lift: -0.5463956047, Drag: 0.06602468406
Location of Center of Mass: ( 0.1593065081 0.4851454654 -0.003834401379 )
Location of Center Of Pressure: ( 0.1513807779 0.4851454654 -0.004457905711 )


yPlus yPlus execute:
    patch Bottom y+ : min = 1.384475698, max = 518.6052314, average = 269.5870837
    patch Top y+ : min = 70.47372518, max = 534.2846636, average = 303.4218849
    patch e423_0 y+ : min = 113.7997306, max = 874.9706082, average = 389.7594908


################################################################################

Time = 274

Outer Loop Iteration = 274
smoothSolver:  Solving for Ux, Initial residual = 1.057305153e-06, Final residual = 1.671511999e-08, No Iterations 2
smoothSolver:  Solving for Uz, Initial residual = 7.858228659e-07, Final residual = 1.219612286e-08, No Iterations 2
GAMG:  Solving for p, Initial residual = 1.229620339e-06, Final residual = 6.421689968e-09, No Iterations 3
GAMG:  Solving for p, Initial residual = 1.249386727e-07, Final residual = 5.330572201e-10, No Iterations 3
GAMG:  Solving for p, Initial residual = 2.254569461e-08, Final residual = 7.203409301e-11, No Iterations 3
time step continuity errors (region0): sum local = 7.459866355e-12, global = -1.476327794e-12, cumulative = -1.475289028e-07
smoothSolver:  Solving for omega, Initial residual = 4.851556567e-08, Final residual = 3.304523079e-09, No Iterations 1
smoothSolver:  Solving for k, Initial residual = 6.549749576e-08, Final residual = 3.968426098e-09, No Iterations 1

ExecutionTime = 3.27 s  ExecutionStepTime = 0.01 s  ClockTime = 4 s

forces FR write:
    Sum of forces
        Total    : ( 0.795066479 0 -10.10657002 )
        Pressure : ( 0.748366574 0 -10.10887497 )
        Viscous  : ( 0.04669990506 0 0.002304952017 )
    Sum of moments
        Total    : ( -4.903156613 1.526395886 -0.385722897 )
        Pressure : ( -4.90427485 1.528776927 -0.3630666498 )
        Viscous  : ( 0.001118237019 -0.002381040876 -0.02265624717 )


liftDrag LD execute:
Viscous drag: 0.003878095745, pressure drag: 0.06214653376, porous drag: 0
Viscous lift: 0.0001914099097, pressure lift: -0.8394703362, porous lift: 0
Total lift: -0.8392789263, Front lift: -0.2928831157, Rear lift: -0.5463958106, Drag: 0.06602462951
Location of Center of Mass: ( 0.1593065081 0.4851454654 -0.003834401379 )
Location of Center Of Pressure: ( 0.1513807569 0.4851454654 -0.004457906593 )


yPlus yPlus execute:
    patch Bottom y+ : min = 1.384866741, max = 518.6063388, average = 269.5874039
    patch Top y+ : min = 70.47360247, max = 534.2858446, average = 303.4223386
    patch e423_0 y+ : min = 113.7995804, max = 874.970682, average = 389.759474


################################################################################

Time = 275

Outer Loop Iteration = 275
smoothSolver:  Solving for Ux, Initial residual = 1.01677701e-06, Final residual = 1.612161496e-08, No Iterations 2
smoothSolver:  Solving for Uz, Initial residual = 7.453672478e-07, Final residual = 1.171323333e-08, No Iterations 2
GAMG:  Solving for p, Initial residual = 1.184241905e-06, Final residual = 5.977340954e-09, No Iterations 3
GAMG:  Solving for p, Initial residual = 1.198479687e-07, Final residual = 4.900773767e-10, No Iterations 3
GAMG:  Solving for p, Initial residual = 2.166875546e-08, Final residual = 2.11790671e-10, No Iterations 2
time step continuity errors (region0): sum local = 2.193316376e-11, global = -3.005425573e-12, cumulative = -1.475319082e-07
smoothSolver:  Solving for omega, Initial residual = 4.635279835e-08, Final residual = 3.181267424e-09, No Iterations 1
smoothSolver:  Solving for k, Initial residual = 6.241413774e-08, Final residual = 3.807786974e-09, No Iterations 1

ExecutionTime = 3.28 s  ExecutionStepTime = 0.01 s  ClockTime = 4 s

forces FR write:
    Sum of forces
        Total    : ( 0.7950658209 0 -10.10657393 )
        Pressure : ( 0.7483659158 0 -10.10887888 )
        Viscous  : ( 0.04669990515 0 0.00230494875 )
    Sum of moments
        Total    : ( -4.903158512 1.526396268 -0.3857225777 )
        Pressure : ( -4.904276747 1.528777309 -0.3630663305 )
        Viscous  : ( 0.001118235434 -0.00238104084 -0.02265624721 )


liftDrag LD execute:
Viscous drag: 0.003878095753, pressure drag: 0.0621464791, porous drag: 0
Viscous lift: 0.0001914096384, pressure lift: -0.8394706609, porous lift: 0
Total lift: -0.8392792512, Front lift: -0.2928832464, Rear lift: -0.5463960048, Drag: 0.06602457486
Location of Center of Mass: ( 0.1593065081 0.4851454654 -0.003834401379 )
Location of Center Of Pressure: ( 0.1513807358 0.4851454654 -0.004457907491 )


yPlus yPlus execute:
    patch Bottom y+ : min = 1.385217156, max = 518.6073587, average = 269.5877033
    patch Top y+ : min = 70.47348819, max = 534.286966, average = 303.4227559
    patch e423_0 y+ : min = 113.7994351, max = 874.9707549, average = 389.7594567


################################################################################

Time = 276

Outer Loop Iteration = 276
smoothSolver:  Solving for Ux, Initial residual = 9.784214862e-07, Final residual = 1.555508961e-08, No Iterations 2
smoothSolver:  Solving for Uz, Initial residual = 7.071477854e-07, Final residual = 1.126866969e-08, No Iterations 2
GAMG:  Solving for p, Initial residual = 1.139364708e-06, Final residual = 5.553054221e-09, No Iterations 3
GAMG:  Solving for p, Initial residual = 1.146137738e-07, Final residual = 4.496193646e-10, No Iterations 3
GAMG:  Solving for p, Initial residual = 2.075954974e-08, Final residual = 1.954202518e-10, No Iterations 2
time step continuity errors (region0): sum local = 2.023773106e-11, global = -2.828793086e-12, cumulative = -1.47534737e-07
smoothSolver:  Solving for omega, Initial residual = 4.43515356e-08, Final residual = 3.0670068e-09, No Iterations 1
smoothSolver:  Solving for k, Initial residual = 5.94801202e-08, Final residual = 3.655289329e-09, No Iterations 1

ExecutionTime = 3.29 s  ExecutionStepTime = 0.01 s  ClockTime = 4 s

forces FR write:
    Sum of forces
        Total    : ( 0.7950651647 0 -10.10657763 )
        Pressure : ( 0.7483652596 0 -10.10888257 )
        Viscous  : ( 0.0466999051 0 0.002304945487 )
    Sum of moments
        Total    : ( -4.903160307 1.526396618 -0.3857222593 )
        Pressure : ( -4.90427854 1.528777659 -0.3630660121 )
        Viscous  : ( 0.001118233851 -0.002381040779 -0.02265624719 )


liftDrag LD execute:
Viscous drag: 0.003878095749, pressure drag: 0.06214642461, porous drag: 0
Viscous lift: 0.0001914093674, pressure lift: -0.8394709678, porous lift: 0
Total lift: -0.8392795585, Front lift: -0.292883371, Rear lift: -0.5463961875, Drag: 0.06602452036
Location of Center of Mass: ( 0.1593065081 0.4851454654 -0.003834401379 )
Location of Center Of Pressure: ( 0.1513807148 0.4851454654 -0.0044579084 )


yPlus yPlus execute:
    patch Bottom y+ : min = 1.385526317, max = 518.6082917, average = 269.5879835
    patch Top y+ : min = 70.47338165, max = 534.2880244, average = 303.4231362
    patch e423_0 y+ : min = 113.7992949, max = 874.9708267, average = 389.7594392


################################################################################

Time = 277

Outer Loop Iteration = 277
smoothSolver:  Solving for Ux, Initial residual = 9.411773428e-07, Final residual = 1.500481389e-08, No Iterations 2
smoothSolver:  Solving for Uz, Initial residual = 6.708150822e-07, Final residual = 1.087610604e-08, No Iterations 2
GAMG:  Solving for p, Initial residual = 1.09364897e-06, Final residual = 5.141413693e-09, No Iterations 3
GAMG:  Solving for p, Initial residual = 1.091876112e-07, Final residual = 4.10187811e-10, No Iterations 3
GAMG:  Solving for p, Initial residual = 1.980990704e-08, Final residual = 1.795720218e-10, No Iterations 2
time step continuity errors (region0): sum local = 1.859662847e-11, global = -2.628432569e-12, cumulative = -1.475373655e-07
smoothSolver:  Solving for omega, Initial residual = 4.250031284e-08, Final residual = 2.962877781e-09, No Iterations 1
smoothSolver:  Solving for k, Initial residual = 5.667107903e-08, Final residual = 3.509913466e-09, No Iterations 1

ExecutionTime = 3.3 s  ExecutionStepTime = 0 s  ClockTime = 4 s

forces FR write:
    Sum of forces
        Total    : ( 0.7950645137 0 -10.10658112 )
        Pressure : ( 0.7483646087 0 -10.10888606 )
        Viscous  : ( 0.04669990495 0 0.002304942248 )
    Sum of moments
        Total    : ( -4.903161999 1.526396938 -0.3857219435 )
        Pressure : ( -4.904280232 1.528777979 -0.3630656964 )
        Viscous  : ( 0.00111823228 -0.002381040698 -0.02265624712 )


liftDrag LD execute:
Viscous drag: 0.003878095736, pressure drag: 0.06214637056, porous drag: 0
Viscous lift: 0.0001914090985, pressure lift: -0.8394712573, porous lift: 0
Total lift: -0.8392798483, Front lift: -0.2928834893, Rear lift: -0.5463963589, Drag: 0.0660244663
Location of Center of Mass: ( 0.1593065081 0.4851454654 -0.003834401379 )
Location of Center Of Pressure: ( 0.151380694 0.4851454654 -0.004457909313 )


yPlus yPlus execute:
    patch Bottom y+ : min = 1.3857933, max = 518.6091386, average = 269.5882453
    patch Top y+ : min = 70.47328373, max = 534.2890171, average = 303.4234797
    patch e423_0 y+ : min = 113.7991602, max = 874.9708975, average = 389.7594217


################################################################################

Time = 278

Outer Loop Iteration = 278
smoothSolver:  Solving for Ux, Initial residual = 9.046446562e-07, Final residual = 1.447921964e-08, No Iterations 2
smoothSolver:  Solving for Uz, Initial residual = 6.362238223e-07, Final residual = 1.052522885e-08, No Iterations 2
GAMG:  Solving for p, Initial residual = 1.047607263e-06, Final residual = 4.745871138e-09, No Iterations 3
GAMG:  Solving for p, Initial residual = 1.036720854e-07, Final residual = 3.731077567e-10, No Iterations 3
GAMG:  Solving for p, Initial residual = 1.884803676e-08, Final residual = 1.648617797e-10, No Iterations 2
time step continuity errors (region0): sum local = 1.70732216e-11, global = -2.443599643e-12, cumulative = -1.475398091e-07
smoothSolver:  Solving for omega, Initial residual = 4.079329936e-08, Final residual = 2.865221556e-09, No Iterations 1
smoothSolver:  Solving for k, Initial residual = 5.398198375e-08, Final residual = 3.372062222e-09, No Iterations 1

ExecutionTime = 3.31 s  ExecutionStepTime = 0.01 s  ClockTime = 4 s

forces FR write:
    Sum of forces
        Total    : ( 0.7950638708 0 -10.1065844 )
        Pressure : ( 0.7483639661 0 -10.10888934 )
        Viscous  : ( 0.04669990472 0 0.00230493905 )
    Sum of moments
        Total    : ( -4.903163593 1.526397229 -0.3857216316 )
        Pressure : ( -4.904281823 1.528778269 -0.3630653846 )
        Viscous  : ( 0.001118230728 -0.0023810406 -0.02265624701 )


liftDrag LD execute:
Viscous drag: 0.003878095717, pressure drag: 0.06214631719, porous drag: 0
Viscous lift: 0.0001914088329, pressure lift: -0.8394715298, porous lift: 0
Total lift: -0.8392801209, Front lift: -0.2928836015, Rear lift: -0.5463965194, Drag: 0.06602441291
Location of Center of Mass: ( 0.1593065081 0.4851454654 -0.003834401379 )
Location of Center Of Pressure: ( 0.1513806734 0.4851454654 -0.004457910228 )


yPlus yPlus execute:
    patch Bottom y+ : min = 1.386018505, max = 518.609901, average = 269.58849
    patch Top y+ : min = 70.4731939, max = 534.2899421, average = 303.4237866
    patch e423_0 y+ : min = 113.7990309, max = 874.970967, average = 389.7594042


################################################################################

Time = 279

Outer Loop Iteration = 279
smoothSolver:  Solving for Ux, Initial residual = 8.689554073e-07, Final residual = 1.395445312e-08, No Iterations 2
smoothSolver:  Solving for Uz, Initial residual = 6.036489373e-07, Final residual = 1.020330861e-08, No Iterations 2
GAMG:  Solving for p, Initial residual = 1.002355768e-06, Final residual = 4.368350225e-09, No Iterations 3
GAMG:  Solving for p, Initial residual = 9.825478653e-08, Final residual = 9.584849699e-10, No Iterations 2
GAMG:  Solving for p, Initial residual = 1.809979316e-08, Final residual = 6.701446007e-11, No Iterations 3
time step continuity errors (region0): sum local = 6.940118547e-12, global = -1.719430704e-12, cumulative = -1.475415285e-07
smoothSolver:  Solving for omega, Initial residual = 3.923058478e-08, Final residual = 2.773151791e-09, No Iterations 1
smoothSolver:  Solving for k, Initial residual = 5.141550226e-08, Final residual = 3.246844618e-09, No Iterations 1

ExecutionTime = 3.32 s  ExecutionStepTime = 0.01 s  ClockTime = 4 s

forces FR write:
    Sum of forces
        Total    : ( 0.7950632384 0 -10.10658748 )
        Pressure : ( 0.748363334 0 -10.10889242 )
        Viscous  : ( 0.04669990443 0 0.002304935908 )
    Sum of moments
        Total    : ( -4.903165088 1.526397492 -0.3857213248 )
        Pressure : ( -4.904283317 1.528778533 -0.3630650779 )
        Viscous  : ( 0.001118229204 -0.002381040488 -0.02265624687 )


liftDrag LD execute:
Viscous drag: 0.003878095693, pressure drag: 0.0621462647, porous drag: 0
Viscous lift: 0.000191408572, pressure lift: -0.8394717855, porous lift: 0
Total lift: -0.839280377, Front lift: -0.2928837076, Rear lift: -0.5463966693, Drag: 0.0660243604
Location of Center of Mass: ( 0.1593065081 0.4851454654 -0.003834401379 )
Location of Center Of Pressure: ( 0.1513806531 0.4851454654 -0.004457911139 )


yPlus yPlus execute:
    patch Bottom y+ : min = 1.386202235, max = 518.6105811, average = 269.5887188
    patch Top y+ : min = 70.47311211, max = 534.2907983, average = 303.4240575
    patch e423_0 y+ : min = 113.7989074, max = 874.9710353, average = 389.7593869


################################################################################

Time = 280

Outer Loop Iteration = 280
smoothSolver:  Solving for Ux, Initial residual = 8.352128748e-07, Final residual = 1.343823753e-08, No Iterations 2
smoothSolver:  Solving for Uz, Initial residual = 5.725975564e-07, Final residual = 9.895593362e-09, No Iterations 2
GAMG:  Solving for p, Initial residual = 9.576538941e-07, Final residual = 4.011957205e-09, No Iterations 3
GAMG:  Solving for p, Initial residual = 9.284984551e-08, Final residual = 8.737638921e-10, No Iterations 2
GAMG:  Solving for p, Initial residual = 1.709957364e-08, Final residual = 6.111715635e-11, No Iterations 3
time step continuity errors (region0): sum local = 6.329382517e-12, global = -1.648450425e-12, cumulative = -1.47543177e-07
smoothSolver:  Solving for omega, Initial residual = 3.777843311e-08, Final residual = 2.689301907e-09, No Iterations 1
smoothSolver:  Solving for k, Initial residual = 4.897720925e-08, Final residual = 3.13291321e-09, No Iterations 1

ExecutionTime = 3.33 s  ExecutionStepTime = 0.01 s  ClockTime = 4 s

forces FR write:
    Sum of forces
        Total    : ( 0.7950626195 0 -10.10659037 )
        Pressure : ( 0.7483627154 0 -10.1088953 )
        Viscous  : ( 0.04669990411 0 0.002304932836 )
    Sum of moments
        Total    : ( -4.903166489 1.52639773 -0.3857210245 )
        Pressure : ( -4.904284717 1.528778771 -0.3630647778 )
        Viscous  : ( 0.001118227713 -0.002381040367 -0.02265624671 )


liftDrag LD execute:
Viscous drag: 0.003878095667, pressure drag: 0.06214621333, porous drag: 0
Viscous lift: 0.0001914083169, pressure lift: -0.8394720251, porous lift: 0
Total lift: -0.8392806167, Front lift: -0.2928838078, Rear lift: -0.546396809, Drag: 0.066024309
Location of Center of Mass: ( 0.1593065081 0.4851454654 -0.003834401379 )
Location of Center Of Pressure: ( 0.1513806332 0.4851454654 -0.004457912043 )


yPlus yPlus execute:
    patch Bottom y+ : min = 1.386345028, max = 518.611181, average = 269.5889325
    patch Top y+ : min = 70.47303833, max = 534.2915848, average = 303.424293
    patch e423_0 y+ : min = 113.7987896, max = 874.9711021, average = 389.75937


################################################################################

Time = 281

Outer Loop Iteration = 281
smoothSolver:  Solving for Ux, Initial residual = 8.027616762e-07, Final residual = 1.293705207e-08, No Iterations 2
smoothSolver:  Solving for Uz, Initial residual = 5.434873344e-07, Final residual = 9.597900311e-09, No Iterations 2
GAMG:  Solving for p, Initial residual = 9.133886867e-07, Final residual = 3.688724064e-09, No Iterations 3
GAMG:  Solving for p, Initial residual = 8.754609928e-08, Final residual = 7.970953158e-10, No Iterations 2
GAMG:  Solving for p, Initial residual = 1.610519187e-08, Final residual = 1.600908076e-10, No Iterations 2
time step continuity errors (region0): sum local = 1.657919241e-11, global = -3.566262494e-12, cumulative = -1.475467432e-07
smoothSolver:  Solving for omega, Initial residual = 3.642606841e-08, Final residual = 2.6092459e-09, No Iterations 1
smoothSolver:  Solving for k, Initial residual = 4.667783964e-08, Final residual = 3.028336363e-09, No Iterations 1

ExecutionTime = 3.33 s  ExecutionStepTime = 0 s  ClockTime = 4 s

forces FR write:
    Sum of forces
        Total    : ( 0.7950620159 0 -10.10659307 )
        Pressure : ( 0.7483621121 0 -10.108898 )
        Viscous  : ( 0.04669990378 0 0.002304929847 )
    Sum of moments
        Total    : ( -4.903167798 1.526397944 -0.3857207317 )
        Pressure : ( -4.904286024 1.528778984 -0.3630644851 )
        Viscous  : ( 0.001118226263 -0.002381040239 -0.02265624655 )


liftDrag LD execute:
Viscous drag: 0.003878095639, pressure drag: 0.06214616323, porous drag: 0
Viscous lift: 0.0001914080686, pressure lift: -0.8394722489, porous lift: 0
Total lift: -0.8392808408, Front lift: -0.2928839021, Rear lift: -0.5463969387, Drag: 0.06602425887
Location of Center of Mass: ( 0.1593065081 0.4851454654 -0.003834401379 )
Location of Center Of Pressure: ( 0.1513806137 0.4851454654 -0.004457912935 )


yPlus yPlus execute:
    patch Bottom y+ : min = 1.386448271, max = 518.6117036, average = 269.5891325
    patch Top y+ : min = 70.47297225, max = 534.2923017, average = 303.4244943
    patch e423_0 y+ : min = 113.7986776, max = 874.9711675, average = 389.7593536


################################################################################

Time = 282

Outer Loop Iteration = 282
smoothSolver:  Solving for Ux, Initial residual = 7.704929117e-07, Final residual = 1.246172436e-08, No Iterations 2
smoothSolver:  Solving for Uz, Initial residual = 5.161110894e-07, Final residual = 9.303039149e-09, No Iterations 2
GAMG:  Solving for p, Initial residual = 8.702880659e-07, Final residual = 3.390482294e-09, No Iterations 3
GAMG:  Solving for p, Initial residual = 8.237177641e-08, Final residual = 7.277597679e-10, No Iterations 2
GAMG:  Solving for p, Initial residual = 1.514097421e-08, Final residual = 1.470358708e-10, No Iterations 2
time step continuity errors (region0): sum local = 1.522695788e-11, global = -3.392720199e-12, cumulative = -1.475501359e-07
smoothSolver:  Solving for omega, Initial residual = 3.517355282e-08, Final residual = 2.535103754e-09, No Iterations 1
smoothSolver:  Solving for k, Initial residual = 4.454385131e-08, Final residual = 2.934757844e-09, No Iterations 1

ExecutionTime = 3.35 s  ExecutionStepTime = 0.01 s  ClockTime = 4 s

forces FR write:
    Sum of forces
        Total    : ( 0.7950614293 0 -10.10659559 )
        Pressure : ( 0.7483615258 0 -10.10890051 )
        Viscous  : ( 0.04669990346 0 0.002304926952 )
    Sum of moments
        Total    : ( -4.903169019 1.526398135 -0.3857204471 )
        Pressure : ( -4.904287243 1.528779175 -0.3630642007 )
        Viscous  : ( 0.001118224859 -0.002381040106 -0.0226562464 )


liftDrag LD execute:
Viscous drag: 0.003878095613, pressure drag: 0.06214611455, porous drag: 0
Viscous lift: 0.0001914078282, pressure lift: -0.8394724575, porous lift: 0
Total lift: -0.8392810497, Front lift: -0.2928839907, Rear lift: -0.5463970591, Drag: 0.06602421016
Location of Center of Mass: ( 0.1593065081 0.4851454654 -0.003834401379 )
Location of Center Of Pressure: ( 0.1513805947 0.4851454654 -0.004457913812 )


yPlus yPlus execute:
    patch Bottom y+ : min = 1.386512875, max = 518.6121521, average = 269.5893196
    patch Top y+ : min = 70.47291314, max = 534.2929493, average = 303.4246621
    patch e423_0 y+ : min = 113.7985716, max = 874.9712314, average = 389.7593377


################################################################################

Time = 283

Outer Loop Iteration = 283
smoothSolver:  Solving for Ux, Initial residual = 7.388736776e-07, Final residual = 1.199331967e-08, No Iterations 2
smoothSolver:  Solving for Uz, Initial residual = 4.906430176e-07, Final residual = 9.039376145e-09, No Iterations 2
GAMG:  Solving for p, Initial residual = 8.301274714e-07, Final residual = 3.132951462e-09, No Iterations 3
GAMG:  Solving for p, Initial residual = 7.73205348e-08, Final residual = 6.639527826e-10, No Iterations 2
GAMG:  Solving for p, Initial residual = 1.421746947e-08, Final residual = 1.340285261e-10, No Iterations 2
time step continuity errors (region0): sum local = 1.387994809e-11, global = -3.131094584e-12, cumulative = -1.47553267e-07
smoothSolver:  Solving for omega, Initial residual = 3.399620304e-08, Final residual = 2.463475943e-09, No Iterations 1
smoothSolver:  Solving for k, Initial residual = 4.254176578e-08, Final residual = 2.844508767e-09, No Iterations 1

ExecutionTime = 3.36 s  ExecutionStepTime = 0.01 s  ClockTime = 4 s

forces FR write:
    Sum of forces
        Total    : ( 0.7950608616 0 -10.10659792 )
        Pressure : ( 0.7483609585 0 -10.10890285 )
        Viscous  : ( 0.04669990317 0 0.00230492416 )
    Sum of moments
        Total    : ( -4.903170153 1.526398305 -0.3857201717 )
        Pressure : ( -4.904288377 1.528779345 -0.3630639255 )
        Viscous  : ( 0.001118223504 -0.002381039972 -0.02265624625 )


liftDrag LD execute:
Viscous drag: 0.003878095588, pressure drag: 0.06214606743, porous drag: 0
Viscous lift: 0.0001914075964, pressure lift: -0.8394726515, porous lift: 0
Total lift: -0.8392812439, Front lift: -0.2928840737, Rear lift: -0.5463971703, Drag: 0.06602416302
Location of Center of Mass: ( 0.1593065081 0.4851454654 -0.003834401379 )
Location of Center Of Pressure: ( 0.1513805763 0.4851454654 -0.004457914671 )


yPlus yPlus execute:
    patch Bottom y+ : min = 1.38654031, max = 518.6125295, average = 269.5894946
    patch Top y+ : min = 70.47286146, max = 534.2935282, average = 303.4247979
    patch e423_0 y+ : min = 113.7984713, max = 874.9712936, average = 389.7593224


################################################################################

Time = 284

Outer Loop Iteration = 284
smoothSolver:  Solving for Ux, Initial residual = 7.097087729e-07, Final residual = 1.152691716e-08, No Iterations 2
smoothSolver:  Solving for Uz, Initial residual = 4.671267575e-07, Final residual = 8.75360522e-09, No Iterations 2
GAMG:  Solving for p, Initial residual = 7.94482155e-07, Final residual = 2.899915205e-09, No Iterations 3
GAMG:  Solving for p, Initial residual = 7.245681366e-08, Final residual = 6.057813048e-10, No Iterations 2
GAMG:  Solving for p, Initial residual = 1.33102211e-08, Final residual = 1.220906719e-10, No Iterations 2
time step continuity errors (region0): sum local = 1.264370901e-11, global = -2.854952149e-12, cumulative = -1.47556122e-07
smoothSolver:  Solving for omega, Initial residual = 3.288733162e-08, Final residual = 2.402510891e-09, No Iterations 1
smoothSolver:  Solving for k, Initial residual = 4.06750479e-08, Final residual = 2.757645537e-09, No Iterations 1

ExecutionTime = 3.37 s  ExecutionStepTime = 0.01 s  ClockTime = 4 s

forces FR write:
    Sum of forces
        Total    : ( 0.7950603145 0 -10.10660009 )
        Pressure : ( 0.7483604116 0 -10.10890502 )
        Viscous  : ( 0.04669990291 0 0.00230492148 )
    Sum of moments
        Total    : ( -4.903171206 1.526398455 -0.3857199063 )
        Pressure : ( -4.904289428 1.528779495 -0.3630636601 )
        Viscous  : ( 0.001118222204 -0.002381039837 -0.02265624613 )


liftDrag LD execute:
Viscous drag: 0.003878095566, pressure drag: 0.06214602202, porous drag: 0
Viscous lift: 0.0001914073738, pressure lift: -0.8394728315, porous lift: 0
Total lift: -0.8392814241, Front lift: -0.2928841513, Rear lift: -0.5463972728, Drag: 0.06602411759
Location of Center of Mass: ( 0.1593065081 0.4851454654 -0.003834401379 )
Location of Center Of Pressure: ( 0.1513805585 0.4851454654 -0.00445791551 )


yPlus yPlus execute:
    patch Bottom y+ : min = 1.386532471, max = 518.6128397, average = 269.5896587
    patch Top y+ : min = 70.47281653, max = 534.2940399, average = 303.4249031
    patch e423_0 y+ : min = 113.7983769, max = 874.9713542, average = 389.7593079


################################################################################

Time = 285

Outer Loop Iteration = 285
smoothSolver:  Solving for Ux, Initial residual = 6.822822078e-07, Final residual = 1.108348348e-08, No Iterations 2
smoothSolver:  Solving for Uz, Initial residual = 4.451883579e-07, Final residual = 8.487917614e-09, No Iterations 2
GAMG:  Solving for p, Initial residual = 7.607948368e-07, Final residual = 2.731300161e-09, No Iterations 3
GAMG:  Solving for p, Initial residual = 6.788053126e-08, Final residual = 5.56028782e-10, No Iterations 2
GAMG:  Solving for p, Initial residual = 1.241960041e-08, Final residual = 1.11437348e-10, No Iterations 2
time step continuity errors (region0): sum local = 1.154031415e-11, global = -2.549928419e-12, cumulative = -1.475586719e-07
smoothSolver:  Solving for omega, Initial residual = 3.183268435e-08, Final residual = 2.343991895e-09, No Iterations 1
smoothSolver:  Solving for k, Initial residual = 3.89309274e-08, Final residual = 2.673963014e-09, No Iterations 1

ExecutionTime = 3.37 s  ExecutionStepTime = 0 s  ClockTime = 4 s

forces FR write:
    Sum of forces
        Total    : ( 0.7950597891 0 -10.1066021 )
        Pressure : ( 0.7483598864 0 -10.10890702 )
        Viscous  : ( 0.04669990269 0 0.002304918919 )
    Sum of moments
        Total    : ( -4.903172179 1.526398587 -0.3857196514 )
        Pressure : ( -4.9042904 1.528779626 -0.3630634053 )
        Viscous  : ( 0.001118220961 -0.002381039706 -0.02265624602 )


liftDrag LD execute:
Viscous drag: 0.003878095549, pressure drag: 0.0621459784, porous drag: 0
Viscous lift: 0.0001914071611, pressure lift: -0.8394729979, porous lift: 0
Total lift: -0.8392815908, Front lift: -0.2928842237, Rear lift: -0.5463973671, Drag: 0.06602407395
Location of Center of Mass: ( 0.1593065081 0.4851454654 -0.003834401379 )
Location of Center Of Pressure: ( 0.1513805413 0.4851454654 -0.004457916325 )


yPlus yPlus execute:
    patch Bottom y+ : min = 1.38649112, max = 518.6130864, average = 269.5898125
    patch Top y+ : min = 70.47277815, max = 534.2944861, average = 303.4249793
    patch e423_0 y+ : min = 113.7982883, max = 874.971413, average = 389.7592941


################################################################################

Time = 286

Outer Loop Iteration = 286
smoothSolver:  Solving for Ux, Initial residual = 6.581380434e-07, Final residual = 1.065107109e-08, No Iterations 2
smoothSolver:  Solving for Uz, Initial residual = 4.252236587e-07, Final residual = 8.223762684e-09, No Iterations 2
GAMG:  Solving for p, Initial residual = 7.277580706e-07, Final residual = 2.61245609e-09, No Iterations 3
GAMG:  Solving for p, Initial residual = 6.347983673e-08, Final residual = 5.142139774e-10, No Iterations 2
GAMG:  Solving for p, Initial residual = 1.154852228e-08, Final residual = 1.014848e-10, No Iterations 2
time step continuity errors (region0): sum local = 1.050969783e-11, global = -2.151455481e-12, cumulative = -1.475608234e-07
smoothSolver:  Solving for omega, Initial residual = 3.084563644e-08, Final residual = 2.28647119e-09, No Iterations 1
smoothSolver:  Solving for k, Initial residual = 3.729845167e-08, Final residual = 2.592561362e-09, No Iterations 1

ExecutionTime = 3.38 s  ExecutionStepTime = 0.01 s  ClockTime = 4 s

forces FR write:
    Sum of forces
        Total    : ( 0.7950592864 0 -10.10660395 )
        Pressure : ( 0.7483593839 0 -10.10890887 )
        Viscous  : ( 0.04669990254 0 0.002304916482 )
    Sum of moments
        Total    : ( -4.903173078 1.526398702 -0.3857194075 )
        Pressure : ( -4.904291298 1.528779742 -0.3630631615 )
        Viscous  : ( 0.001118219779 -0.002381039578 -0.02265624595 )


liftDrag LD execute:
Viscous drag: 0.003878095536, pressure drag: 0.06214593667, porous drag: 0
Viscous lift: 0.0001914069588, pressure lift: -0.8394731516, porous lift: 0
Total lift: -0.8392817446, Front lift: -0.292884291, Rear lift: -0.5463974536, Drag: 0.06602403221
Location of Center of Mass: ( 0.1593065081 0.4851454654 -0.003834401379 )
Location of Center Of Pressure: ( 0.1513805248 0.4851454654 -0.004457917115 )


yPlus yPlus execute:
    patch Bottom y+ : min = 1.386418286, max = 518.6132734, average = 269.5899568
    patch Top y+ : min = 70.47274592, max = 534.294869, average = 303.4250282
    patch e423_0 y+ : min = 113.7982053, max = 874.9714701, average = 389.7592812


################################################################################

Time = 287

Outer Loop Iteration = 287
smoothSolver:  Solving for Ux, Initial residual = 6.343854205e-07, Final residual = 1.023521614e-08, No Iterations 2
smoothSolver:  Solving for Uz, Initial residual = 4.076091875e-07, Final residual = 7.957176267e-09, No Iterations 2
GAMG:  Solving for p, Initial residual = 6.959064447e-07, Final residual = 2.455490295e-09, No Iterations 3
GAMG:  Solving for p, Initial residual = 5.927135084e-08, Final residual = 4.830748034e-10, No Iterations 2
GAMG:  Solving for p, Initial residual = 1.070549797e-08, Final residual = 9.259544306e-11, No Iterations 2
time step continuity errors (region0): sum local = 9.589311415e-12, global = -2.069244367e-12, cumulative = -1.475628926e-07
smoothSolver:  Solving for omega, Initial residual = 2.990442219e-08, Final residual = 2.231740624e-09, No Iterations 1
smoothSolver:  Solving for k, Initial residual = 3.576879232e-08, Final residual = 2.516319992e-09, No Iterations 1

ExecutionTime = 3.39 s  ExecutionStepTime = 0.01 s  ClockTime = 4 s

forces FR write:
    Sum of forces
        Total    : ( 0.7950588073 0 -10.10660566 )
        Pressure : ( 0.7483589049 0 -10.10891057 )
        Viscous  : ( 0.04669990246 0 0.002304914175 )
    Sum of moments
        Total    : ( -4.903173905 1.526398802 -0.3857191751 )
        Pressure : ( -4.904292124 1.528779842 -0.3630629292 )
        Viscous  : ( 0.00111821866 -0.002381039456 -0.02265624591 )


liftDrag LD execute:
Viscous drag: 0.003878095529, pressure drag: 0.0621458969, porous drag: 0
Viscous lift: 0.0001914067672, pressure lift: -0.839473293, porous lift: 0
Total lift: -0.8392818862, Front lift: -0.2928843535, Rear lift: -0.5463975327, Drag: 0.06602399243
Location of Center of Mass: ( 0.1593065081 0.4851454654 -0.003834401379 )
Location of Center Of Pressure: ( 0.151380509 0.4851454654 -0.004457917876 )


yPlus yPlus execute:
    patch Bottom y+ : min = 1.386316082, max = 518.6134047, average = 269.5900925
    patch Top y+ : min = 70.47271944, max = 534.2951908, average = 303.4250513
    patch e423_0 y+ : min = 113.7981279, max = 874.9715253, average = 389.7592691


################################################################################

Time = 288

Outer Loop Iteration = 288
smoothSolver:  Solving for Ux, Initial residual = 6.117340537e-07, Final residual = 9.832772059e-09, No Iterations 2
smoothSolver:  Solving for Uz, Initial residual = 3.912833444e-07, Final residual = 7.667856389e-09, No Iterations 2
GAMG:  Solving for p, Initial residual = 6.656394341e-07, Final residual = 2.327077429e-09, No Iterations 3
GAMG:  Solving for p, Initial residual = 5.532654446e-08, Final residual = 4.640821316e-10, No Iterations 2
GAMG:  Solving for p, Initial residual = 9.933088367e-09, Final residual = 8.542329439e-11, No Iterations 2
time step continuity errors (region0): sum local = 8.846425919e-12, global = -1.931505301e-12, cumulative = -1.475648241e-07
smoothSolver:  Solving for omega, Initial residual = 2.900888378e-08, Final residual = 2.176149361e-09, No Iterations 1
smoothSolver:  Solving for k, Initial residual = 3.430673635e-08, Final residual = 2.443591186e-09, No Iterations 1

ExecutionTime = 3.4 s  ExecutionStepTime = 0.01 s  ClockTime = 4 s

forces FR write:
    Sum of forces
        Total    : ( 0.7950583525 0 -10.10660722 )
        Pressure : ( 0.74835845 0 -10.10891214 )
        Viscous  : ( 0.04669990245 0 0.002304912 )
    Sum of moments
        Total    : ( -4.903174665 1.526398888 -0.3857189544 )
        Pressure : ( -4.904292882 1.528779928 -0.3630627085 )
        Viscous  : ( 0.001118217605 -0.002381039341 -0.02265624591 )


liftDrag LD execute:
Viscous drag: 0.003878095529, pressure drag: 0.06214585913, porous drag: 0
Viscous lift: 0.0001914065866, pressure lift: -0.8394734228, porous lift: 0
Total lift: -0.8392820162, Front lift: -0.2928844114, Rear lift: -0.5463976049, Drag: 0.06602395465
Location of Center of Mass: ( 0.1593065081 0.4851454654 -0.003834401379 )
Location of Center Of Pressure: ( 0.1513804939 0.4851454654 -0.004457918609 )


yPlus yPlus execute:
    patch Bottom y+ : min = 1.386186456, max = 518.6134845, average = 269.5902201
    patch Top y+ : min = 70.47269844, max = 534.2954544, average = 303.4250505
    patch e423_0 y+ : min = 113.7980559, max = 874.9715787, average = 389.7592579


################################################################################

Time = 289

Outer Loop Iteration = 289
smoothSolver:  Solving for Ux, Initial residual = 5.89676284e-07, Final residual = 9.445054195e-09, No Iterations 2
smoothSolver:  Solving for Uz, Initial residual = 3.764718177e-07, Final residual = 7.37528291e-09, No Iterations 2
GAMG:  Solving for p, Initial residual = 6.380878823e-07, Final residual = 2.238124644e-09, No Iterations 3
GAMG:  Solving for p, Initial residual = 5.161664842e-08, Final residual = 4.489579114e-10, No Iterations 2
GAMG:  Solving for p, Initial residual = 9.265215768e-09, Final residual = 7.930042072e-11, No Iterations 2
time step continuity errors (region0): sum local = 8.212284899e-12, global = -1.754013535e-12, cumulative = -1.475665781e-07
smoothSolver:  Solving for omega, Initial residual = 2.81514383e-08, Final residual = 2.121499576e-09, No Iterations 1
smoothSolver:  Solving for k, Initial residual = 3.291050746e-08, Final residual = 2.372606904e-09, No Iterations 1

ExecutionTime = 3.4 s  ExecutionStepTime = 0 s  ClockTime = 4 s

forces FR write:
    Sum of forces
        Total    : ( 0.7950579224 0 -10.10660866 )
        Pressure : ( 0.7483580198 0 -10.10891357 )
        Viscous  : ( 0.04669990252 0 0.00230490996 )
    Sum of moments
        Total    : ( -4.90317536 1.526398962 -0.3857187457 )
        Pressure : ( -4.904293577 1.528780001 -0.3630624998 )
        Viscous  : ( 0.001118216615 -0.002381039235 -0.02265624594 )


liftDrag LD execute:
Viscous drag: 0.003878095534, pressure drag: 0.0621458234, porous drag: 0
Viscous lift: 0.0001914064171, pressure lift: -0.8394735417, porous lift: 0
Total lift: -0.8392821353, Front lift: -0.2928844648, Rear lift: -0.5463976705, Drag: 0.06602391894
Location of Center of Mass: ( 0.1593065081 0.4851454654 -0.003834401379 )
Location of Center Of Pressure: ( 0.1513804796 0.4851454654 -0.00445791931 )


yPlus yPlus execute:
    patch Bottom y+ : min = 1.386032092, max = 518.6135167, average = 269.5903402
    patch Top y+ : min = 70.47268248, max = 534.2956626, average = 303.4250277
    patch e423_0 y+ : min = 113.7979893, max = 874.9716302, average = 389.7592477


################################################################################

Time = 290

Outer Loop Iteration = 290
smoothSolver:  Solving for Ux, Initial residual = 5.690680482e-07, Final residual = 9.069354063e-09, No Iterations 2
smoothSolver:  Solving for Uz, Initial residual = 3.631551123e-07, Final residual = 7.064373607e-09, No Iterations 2
GAMG:  Solving for p, Initial residual = 6.127186947e-07, Final residual = 2.169301453e-09, No Iterations 3
GAMG:  Solving for p, Initial residual = 4.82372138e-08, Final residual = 4.36632574e-10, No Iterations 2
GAMG:  Solving for p, Initial residual = 8.793282171e-09, Final residual = 7.437083223e-11, No Iterations 2
time step continuity errors (region0): sum local = 7.701737645e-12, global = -1.619515307e-12, cumulative = -1.475681976e-07
smoothSolver:  Solving for omega, Initial residual = 2.731024477e-08, Final residual = 2.066148848e-09, No Iterations 1
smoothSolver:  Solving for k, Initial residual = 3.158747631e-08, Final residual = 2.302852465e-09, No Iterations 1

ExecutionTime = 3.41 s  ExecutionStepTime = 0 s  ClockTime = 4 s

forces FR write:
    Sum of forces
        Total    : ( 0.7950575172 0 -10.10660997 )
        Pressure : ( 0.7483576145 0 -10.10891488 )
        Viscous  : ( 0.04669990267 0 0.002304908056 )
    Sum of moments
        Total    : ( -4.903175996 1.526399024 -0.3857185492 )
        Pressure : ( -4.904294211 1.528780063 -0.3630623032 )
        Viscous  : ( 0.001118215691 -0.002381039138 -0.02265624602 )


liftDrag LD execute:
Viscous drag: 0.003878095547, pressure drag: 0.06214578974, porous drag: 0
Viscous lift: 0.000191406259, pressure lift: -0.8394736503, porous lift: 0
Total lift: -0.839282244, Front lift: -0.292884514, Rear lift: -0.54639773, Drag: 0.06602388529
Location of Center of Mass: ( 0.1593065081 0.4851454654 -0.003834401379 )
Location of Center Of Pressure: ( 0.151380466 0.4851454654 -0.00445791998 )


yPlus yPlus execute:
    patch Bottom y+ : min = 1.385855229, max = 518.6135055, average = 269.5904537
    patch Top y+ : min = 70.47267119, max = 534.2958185, average = 303.4249847
    patch e423_0 y+ : min = 113.7979278, max = 874.9716797, average = 389.7592384


################################################################################

Time = 291

Outer Loop Iteration = 291
smoothSolver:  Solving for Ux, Initial residual = 5.494039043e-07, Final residual = 8.699844621e-09, No Iterations 2
smoothSolver:  Solving for Uz, Initial residual = 3.473113584e-07, Final residual = 6.76769322e-09, No Iterations 2
GAMG:  Solving for p, Initial residual = 5.781952391e-07, Final residual = 2.088501984e-09, No Iterations 3
GAMG:  Solving for p, Initial residual = 4.54251148e-08, Final residual = 4.252993917e-10, No Iterations 2
GAMG:  Solving for p, Initial residual = 8.396652959e-09, Final residual = 7.091273267e-11, No Iterations 2
time step continuity errors (region0): sum local = 7.343682533e-12, global = -1.420535374e-12, cumulative = -1.475696182e-07
smoothSolver:  Solving for omega, Initial residual = 2.648790755e-08, Final residual = 2.009975172e-09, No Iterations 1
smoothSolver:  Solving for k, Initial residual = 3.036205929e-08, Final residual = 2.23470897e-09, No Iterations 1

ExecutionTime = 3.43 s  ExecutionStepTime = 0.02 s  ClockTime = 4 s

forces FR write:
    Sum of forces
        Total    : ( 0.7950571371 0 -10.10661116 )
        Pressure : ( 0.7483572342 0 -10.10891607 )
        Viscous  : ( 0.04669990292 0 0.002304906288 )
    Sum of moments
        Total    : ( -4.903176574 1.526399076 -0.3857183648 )
        Pressure : ( -4.904294789 1.528780115 -0.3630621187 )
        Viscous  : ( 0.001118214834 -0.002381039051 -0.02265624613 )


liftDrag LD execute:
Viscous drag: 0.003878095567, pressure drag: 0.06214575816, porous drag: 0
Viscous lift: 0.0001914061122, pressure lift: -0.8394737492, porous lift: 0
Total lift: -0.8392823431, Front lift: -0.2928845592, Rear lift: -0.5463977839, Drag: 0.06602385373
Location of Center of Mass: ( 0.1593065081 0.4851454654 -0.003834401379 )
Location of Center Of Pressure: ( 0.1513804532 0.4851454654 -0.004457920618 )


yPlus yPlus execute:
    patch Bottom y+ : min = 1.385658046, max = 518.6134549, average = 269.5905631
    patch Top y+ : min = 70.47266461, max = 534.2959254, average = 303.4249231
    patch e423_0 y+ : min = 113.7978712, max = 874.9717274, average = 389.75923


################################################################################

Time = 292

Outer Loop Iteration = 292
smoothSolver:  Solving for Ux, Initial residual = 5.306196946e-07, Final residual = 8.336825122e-09, No Iterations 2
smoothSolver:  Solving for Uz, Initial residual = 3.292601087e-07, Final residual = 6.459498821e-09, No Iterations 2
GAMG:  Solving for p, Initial residual = 5.393589105e-07, Final residual = 2.015329256e-09, No Iterations 3
GAMG:  Solving for p, Initial residual = 4.268872629e-08, Final residual = 4.146554769e-10, No Iterations 2
GAMG:  Solving for p, Initial residual = 8.001199713e-09, Final residual = 6.846285138e-11, No Iterations 2
time step continuity errors (region0): sum local = 7.090141534e-12, global = -1.196444274e-12, cumulative = -1.475708146e-07
smoothSolver:  Solving for omega, Initial residual = 2.568807927e-08, Final residual = 1.955951397e-09, No Iterations 1
smoothSolver:  Solving for k, Initial residual = 2.921826862e-08, Final residual = 2.169916985e-09, No Iterations 1

ExecutionTime = 3.44 s  ExecutionStepTime = 0.01 s  ClockTime = 4 s

forces FR write:
    Sum of forces
        Total    : ( 0.7950567821 0 -10.10661224 )
        Pressure : ( 0.7483568789 0 -10.10891715 )
        Viscous  : ( 0.04669990324 0 0.002304904656 )
    Sum of moments
        Total    : ( -4.9031771 1.526399119 -0.3857181926 )
        Pressure : ( -4.904295314 1.528780158 -0.3630619463 )
        Viscous  : ( 0.001118214042 -0.002381038974 -0.02265624629 )


liftDrag LD execute:
Viscous drag: 0.003878095594, pressure drag: 0.06214572865, porous drag: 0
Viscous lift: 0.0001914059767, pressure lift: -0.8394738391, porous lift: 0
Total lift: -0.8392824331, Front lift: -0.2928846006, Rear lift: -0.5463978325, Drag: 0.06602382425
Location of Center of Mass: ( 0.1593065081 0.4851454654 -0.003834401379 )
Location of Center Of Pressure: ( 0.1513804411 0.4851454654 -0.004457921221 )


yPlus yPlus execute:
    patch Bottom y+ : min = 1.385440372, max = 518.6133688, average = 269.5906677
    patch Top y+ : min = 70.47266225, max = 534.2959865, average = 303.424845
    patch e423_0 y+ : min = 113.7978195, max = 874.971773, average = 389.7592225


################################################################################

Time = 293

Outer Loop Iteration = 293
smoothSolver:  Solving for Ux, Initial residual = 5.120581357e-07, Final residual = 7.989808565e-09, No Iterations 2
smoothSolver:  Solving for Uz, Initial residual = 3.146855784e-07, Final residual = 6.148163326e-09, No Iterations 2
GAMG:  Solving for p, Initial residual = 5.040085322e-07, Final residual = 1.956859194e-09, No Iterations 3
GAMG:  Solving for p, Initial residual = 3.975358126e-08, Final residual = 1.42929808e-10, No Iterations 3
GAMG:  Solving for p, Initial residual = 7.448354496e-09, Final residual = 5.097861702e-11, No Iterations 2
time step continuity errors (region0): sum local = 5.279339754e-12, global = -5.792949831e-13, cumulative = -1.475713939e-07
smoothSolver:  Solving for omega, Initial residual = 2.490626167e-08, Final residual = 1.901236102e-09, No Iterations 1
smoothSolver:  Solving for k, Initial residual = 2.817095853e-08, Final residual = 2.106586662e-09, No Iterations 1

ExecutionTime = 3.45 s  ExecutionStepTime = 0.01 s  ClockTime = 4 s

forces FR write:
    Sum of forces
        Total    : ( 0.795056452 0 -10.10661323 )
        Pressure : ( 0.7483565483 0 -10.10891813 )
        Viscous  : ( 0.04669990366 0 0.002304903158 )
    Sum of moments
        Total    : ( -4.903177577 1.526399155 -0.3857180324 )
        Pressure : ( -4.90429579 1.528780194 -0.3630617859 )
        Viscous  : ( 0.001118213315 -0.002381038909 -0.02265624649 )


liftDrag LD execute:
Viscous drag: 0.003878095629, pressure drag: 0.0621457012, porous drag: 0
Viscous lift: 0.0001914058523, pressure lift: -0.8394739205, porous lift: 0
Total lift: -0.8392825147, Front lift: -0.2928846384, Rear lift: -0.5463978762, Drag: 0.06602379683
Location of Center of Mass: ( 0.1593065081 0.4851454654 -0.003834401379 )
Location of Center Of Pressure: ( 0.1513804298 0.4851454654 -0.004457921792 )


yPlus yPlus execute:
    patch Bottom y+ : min = 1.385204997, max = 518.6132508, average = 269.5907643
    patch Top y+ : min = 70.47266299, max = 534.2960049, average = 303.424752
    patch e423_0 y+ : min = 113.7977722, max = 874.9718168, average = 389.759216


################################################################################

Time = 294

Outer Loop Iteration = 294
smoothSolver:  Solving for Ux, Initial residual = 4.951270734e-07, Final residual = 7.640939116e-09, No Iterations 2
smoothSolver:  Solving for Uz, Initial residual = 3.012147419e-07, Final residual = 5.848987601e-09, No Iterations 2
GAMG:  Solving for p, Initial residual = 4.729526648e-07, Final residual = 1.905240518e-09, No Iterations 3
GAMG:  Solving for p, Initial residual = 3.67984562e-08, Final residual = 1.409241995e-10, No Iterations 3
GAMG:  Solving for p, Initial residual = 6.923626091e-09, Final residual = 4.833955683e-11, No Iterations 2
time step continuity errors (region0): sum local = 5.006033918e-12, global = -4.165192584e-13, cumulative = -1.475718104e-07
smoothSolver:  Solving for omega, Initial residual = 2.414519247e-08, Final residual = 1.84540724e-09, No Iterations 1
smoothSolver:  Solving for k, Initial residual = 2.716415374e-08, Final residual = 2.043966416e-09, No Iterations 1

ExecutionTime = 3.46 s  ExecutionStepTime = 0.01 s  ClockTime = 4 s

forces FR write:
    Sum of forces
        Total    : ( 0.7950561465 0 -10.10661412 )
        Pressure : ( 0.7483562423 0 -10.10891902 )
        Viscous  : ( 0.04669990416 0 0.002304901793 )
    Sum of moments
        Total    : ( -4.903178008 1.526399184 -0.3857178842 )
        Pressure : ( -4.904296221 1.528780222 -0.3630616374 )
        Viscous  : ( 0.001118212653 -0.002381038855 -0.02265624674 )


liftDrag LD execute:
Viscous drag: 0.003878095671, pressure drag: 0.06214567579, porous drag: 0
Viscous lift: 0.000191405739, pressure lift: -0.8394739942, porous lift: 0
Total lift: -0.8392825885, Front lift: -0.292884673, Rear lift: -0.5463979155, Drag: 0.06602377146
Location of Center of Mass: ( 0.1593065081 0.4851454654 -0.003834401379 )
Location of Center Of Pressure: ( 0.1513804193 0.4851454654 -0.004457922328 )


yPlus yPlus execute:
    patch Bottom y+ : min = 1.384958701, max = 518.613105, average = 269.5908539
    patch Top y+ : min = 70.47266657, max = 534.295984, average = 303.4246461
    patch e423_0 y+ : min = 113.7977294, max = 874.9718586, average = 389.7592104


################################################################################

Time = 295

Outer Loop Iteration = 295
smoothSolver:  Solving for Ux, Initial residual = 4.79241928e-07, Final residual = 7.299431208e-09, No Iterations 2
smoothSolver:  Solving for Uz, Initial residual = 2.899146005e-07, Final residual = 5.567283088e-09, No Iterations 2
GAMG:  Solving for p, Initial residual = 4.461612381e-07, Final residual = 1.848174097e-09, No Iterations 3
GAMG:  Solving for p, Initial residual = 3.421095781e-08, Final residual = 1.394051873e-10, No Iterations 3
GAMG:  Solving for p, Initial residual = 6.402799091e-09, Final residual = 4.655850343e-11, No Iterations 2
time step continuity errors (region0): sum local = 4.821536073e-12, global = -2.634799857e-13, cumulative = -1.475720739e-07
smoothSolver:  Solving for omega, Initial residual = 2.339817139e-08, Final residual = 1.789721522e-09, No Iterations 1
smoothSolver:  Solving for k, Initial residual = 2.618722295e-08, Final residual = 1.982201743e-09, No Iterations 1

ExecutionTime = 3.47 s  ExecutionStepTime = 0.01 s  ClockTime = 4 s

forces FR write:
    Sum of forces
        Total    : ( 0.795055865 0 -10.10661492 )
        Pressure : ( 0.7483559603 0 -10.10891982 )
        Viscous  : ( 0.04669990475 0 0.002304900557 )
    Sum of moments
        Total    : ( -4.903178397 1.526399207 -0.3857177476 )
        Pressure : ( -4.904296609 1.528780245 -0.3630615006 )
        Viscous  : ( 0.001118212053 -0.002381038813 -0.02265624702 )


liftDrag LD execute:
Viscous drag: 0.003878095719, pressure drag: 0.06214565237, porous drag: 0
Viscous lift: 0.0001914056363, pressure lift: -0.8394740607, porous lift: 0
Total lift: -0.839282655, Front lift: -0.2928847043, Rear lift: -0.5463979507, Drag: 0.06602374809
Location of Center of Mass: ( 0.1593065081 0.4851454654 -0.003834401379 )
Location of Center Of Pressure: ( 0.1513804094 0.4851454654 -0.00445792283 )


yPlus yPlus execute:
    patch Bottom y+ : min = 1.384705117, max = 518.6129349, average = 269.5909394
    patch Top y+ : min = 70.47267275, max = 534.2959269, average = 303.4245289
    patch e423_0 y+ : min = 113.7976907, max = 874.9718985, average = 389.7592057


################################################################################

Time = 296

Outer Loop Iteration = 296
smoothSolver:  Solving for Ux, Initial residual = 4.634800764e-07, Final residual = 6.97366598e-09, No Iterations 2
smoothSolver:  Solving for Uz, Initial residual = 2.798001004e-07, Final residual = 5.296101252e-09, No Iterations 2
GAMG:  Solving for p, Initial residual = 4.236078275e-07, Final residual = 1.785907016e-09, No Iterations 3
GAMG:  Solving for p, Initial residual = 3.191711454e-08, Final residual = 1.360911326e-10, No Iterations 3
GAMG:  Solving for p, Initial residual = 5.9304514e-09, Final residual = 4.486155255e-11, No Iterations 2
time step continuity errors (region0): sum local = 4.645809295e-12, global = -9.712001571e-14, cumulative = -1.47572171e-07
smoothSolver:  Solving for omega, Initial residual = 2.266068696e-08, Final residual = 1.733717201e-09, No Iterations 1
smoothSolver:  Solving for k, Initial residual = 2.522812904e-08, Final residual = 1.92138393e-09, No Iterations 1

ExecutionTime = 3.48 s  ExecutionStepTime = 0.01 s  ClockTime = 4 s

forces FR write:
    Sum of forces
        Total    : ( 0.7950556072 0 -10.10661564 )
        Pressure : ( 0.7483557018 0 -10.10892054 )
        Viscous  : ( 0.04669990542 0 0.002304899447 )
    Sum of moments
        Total    : ( -4.903178747 1.526399225 -0.3857176225 )
        Pressure : ( -4.904296959 1.528780263 -0.3630613752 )
        Viscous  : ( 0.001118211515 -0.002381038783 -0.02265624735 )


liftDrag LD execute:
Viscous drag: 0.003878095775, pressure drag: 0.0621456309, porous drag: 0
Viscous lift: 0.0001914055441, pressure lift: -0.8394741205, porous lift: 0
Total lift: -0.839282715, Front lift: -0.2928847328, Rear lift: -0.5463979822, Drag: 0.06602372668
Location of Center of Mass: ( 0.1593065081 0.4851454654 -0.003834401379 )
Location of Center Of Pressure: ( 0.1513804004 0.4851454654 -0.004457923299 )


yPlus yPlus execute:
    patch Bottom y+ : min = 1.384443907, max = 518.6127437, average = 269.5910214
    patch Top y+ : min = 70.4726814, max = 534.2958367, average = 303.4244021
    patch e423_0 y+ : min = 113.7976559, max = 874.9719365, average = 389.7592018


################################################################################

Time = 297

Outer Loop Iteration = 297
smoothSolver:  Solving for Ux, Initial residual = 4.475623165e-07, Final residual = 6.657782275e-09, No Iterations 2
smoothSolver:  Solving for Uz, Initial residual = 2.703997121e-07, Final residual = 5.02901475e-09, No Iterations 2
GAMG:  Solving for p, Initial residual = 4.041683269e-07, Final residual = 1.722738624e-09, No Iterations 3
GAMG:  Solving for p, Initial residual = 2.987545357e-08, Final residual = 1.329955551e-10, No Iterations 3
GAMG:  Solving for p, Initial residual = 5.490358612e-09, Final residual = 4.36580612e-11, No Iterations 2
time step continuity errors (region0): sum local = 4.521253561e-12, global = 2.29472196e-14, cumulative = -1.475721481e-07
smoothSolver:  Solving for omega, Initial residual = 2.19352429e-08, Final residual = 1.678020602e-09, No Iterations 1
smoothSolver:  Solving for k, Initial residual = 2.429326834e-08, Final residual = 1.861441246e-09, No Iterations 1

ExecutionTime = 3.5 s  ExecutionStepTime = 0.02 s  ClockTime = 4 s

forces FR write:
    Sum of forces
        Total    : ( 0.7950553723 0 -10.10661629 )
        Pressure : ( 0.7483554661 0 -10.10892119 )
        Viscous  : ( 0.04669990617 0 0.002304898458 )
    Sum of moments
        Total    : ( -4.903179062 1.526399239 -0.3857175086 )
        Pressure : ( -4.904297273 1.528780278 -0.3630612608 )
        Viscous  : ( 0.001118211035 -0.002381038765 -0.02265624771 )


liftDrag LD execute:
Viscous drag: 0.003878095837, pressure drag: 0.06214561133, porous drag: 0
Viscous lift: 0.000191405462, pressure lift: -0.8394741743, porous lift: 0
Total lift: -0.8392827688, Front lift: -0.2928847585, Rear lift: -0.5463980103, Drag: 0.06602370717
Location of Center of Mass: ( 0.1593065081 0.4851454654 -0.003834401379 )
Location of Center Of Pressure: ( 0.151380392 0.4851454654 -0.004457923734 )


yPlus yPlus execute:
    patch Bottom y+ : min = 1.384175871, max = 518.6125348, average = 269.5911003
    patch Top y+ : min = 70.47269228, max = 534.2957163, average = 303.4242674
    patch e423_0 y+ : min = 113.7976247, max = 874.9719726, average = 389.7591988


################################################################################

Time = 298

Outer Loop Iteration = 298
smoothSolver:  Solving for Ux, Initial residual = 4.315054598e-07, Final residual = 6.352629058e-09, No Iterations 2
smoothSolver:  Solving for Uz, Initial residual = 2.613645534e-07, Final residual = 4.773249814e-09, No Iterations 2
GAMG:  Solving for p, Initial residual = 3.861028813e-07, Final residual = 1.662427091e-09, No Iterations 3
GAMG:  Solving for p, Initial residual = 2.803245759e-08, Final residual = 1.302187417e-10, No Iterations 3
GAMG:  Solving for p, Initial residual = 5.054195237e-09, Final residual = 4.227625151e-11, No Iterations 2
time step continuity errors (region0): sum local = 4.378205924e-12, global = 2.311261039e-13, cumulative = -1.47571917e-07
smoothSolver:  Solving for omega, Initial residual = 2.122077443e-08, Final residual = 1.62171199e-09, No Iterations 1
smoothSolver:  Solving for k, Initial residual = 2.338357318e-08, Final residual = 1.802393992e-09, No Iterations 1

ExecutionTime = 3.51 s  ExecutionStepTime = 0 s  ClockTime = 4 s

forces FR write:
    Sum of forces
        Total    : ( 0.7950551595 0 -10.10661687 )
        Pressure : ( 0.7483552525 0 -10.10892177 )
        Viscous  : ( 0.04669990699 0 0.002304897587 )
    Sum of moments
        Total    : ( -4.903179344 1.52639925 -0.3857174053 )
        Pressure : ( -4.904297555 1.528780288 -0.3630611572 )
        Viscous  : ( 0.001118210613 -0.002381038758 -0.02265624811 )


liftDrag LD execute:
Viscous drag: 0.003878095905, pressure drag: 0.06214559359, porous drag: 0
Viscous lift: 0.0001914053897, pressure lift: -0.8394742225, porous lift: 0
Total lift: -0.8392828172, Front lift: -0.2928847818, Rear lift: -0.5463980353, Drag: 0.0660236895
Location of Center of Mass: ( 0.1593065081 0.4851454654 -0.003834401379 )
Location of Center Of Pressure: ( 0.1513803843 0.4851454654 -0.004457924137 )


yPlus yPlus execute:
    patch Bottom y+ : min = 1.38390248, max = 518.6123112, average = 269.5911759
    patch Top y+ : min = 70.47270514, max = 534.2955688, average = 303.4241261
    patch e423_0 y+ : min = 113.7975971, max = 874.9720069, average = 389.7591965


################################################################################

Time = 299

Outer Loop Iteration = 299
smoothSolver:  Solving for Ux, Initial residual = 4.154542357e-07, Final residual = 6.057339355e-09, No Iterations 2
smoothSolver:  Solving for Uz, Initial residual = 2.522771676e-07, Final residual = 4.535548366e-09, No Iterations 2
GAMG:  Solving for p, Initial residual = 3.695915574e-07, Final residual = 1.60356785e-09, No Iterations 3
GAMG:  Solving for p, Initial residual = 2.650894298e-08, Final residual = 1.26582385e-10, No Iterations 3
GAMG:  Solving for p, Initial residual = 4.629662104e-09, Final residual = 4.090977969e-11, No Iterations 2
time step continuity errors (region0): sum local = 4.236505536e-12, global = 3.794988123e-13, cumulative = -1.475715375e-07
smoothSolver:  Solving for omega, Initial residual = 2.051846604e-08, Final residual = 1.565058946e-09, No Iterations 1
smoothSolver:  Solving for k, Initial residual = 2.249934533e-08, Final residual = 1.743906669e-09, No Iterations 1

ExecutionTime = 3.53 s  ExecutionStepTime = 0.01 s  ClockTime = 4 s

forces FR write:
    Sum of forces
        Total    : ( 0.7950549681 0 -10.10661739 )
        Pressure : ( 0.7483550602 0 -10.10892229 )
        Viscous  : ( 0.04669990788 0 0.002304896829 )
    Sum of moments
        Total    : ( -4.903179597 1.526399258 -0.3857173125 )
        Pressure : ( -4.904297807 1.528780297 -0.3630610639 )
        Viscous  : ( 0.001118210245 -0.002381038762 -0.02265624854 )


liftDrag LD execute:
Viscous drag: 0.00387809598, pressure drag: 0.06214557762, porous drag: 0
Viscous lift: 0.0001914053267, pressure lift: -0.8394742658, porous lift: 0
Total lift: -0.8392828605, Front lift: -0.2928848028, Rear lift: -0.5463980577, Drag: 0.0660236736
Location of Center of Mass: ( 0.1593065081 0.4851454654 -0.003834401379 )
Location of Center Of Pressure: ( 0.1513803772 0.4851454654 -0.004457924508 )


yPlus yPlus execute:
    patch Bottom y+ : min = 1.383625719, max = 518.6120762, average = 269.5912487
    patch Top y+ : min = 70.47271959, max = 534.2953973, average = 303.4239797
    patch e423_0 y+ : min = 113.7975727, max = 874.9720394, average = 389.759195


################################################################################

Time = 300

Outer Loop Iteration = 300
smoothSolver:  Solving for Ux, Initial residual = 4.001712096e-07, Final residual = 5.764430112e-09, No Iterations 2
smoothSolver:  Solving for Uz, Initial residual = 2.440085152e-07, Final residual = 4.306284782e-09, No Iterations 2
GAMG:  Solving for p, Initial residual = 3.538494984e-07, Final residual = 1.547196974e-09, No Iterations 3
GAMG:  Solving for p, Initial residual = 2.516205091e-08, Final residual = 1.221459891e-10, No Iterations 3
GAMG:  Solving for p, Initial residual = 4.240590916e-09, Final residual = 3.971905511e-11, No Iterations 2
time step continuity errors (region0): sum local = 4.113369189e-12, global = 4.469359378e-13, cumulative = -1.475710905e-07
smoothSolver:  Solving for omega, Initial residual = 1.983062389e-08, Final residual = 1.50931117e-09, No Iterations 1
smoothSolver:  Solving for k, Initial residual = 2.164168415e-08, Final residual = 1.686568217e-09, No Iterations 1

ExecutionTime = 3.54 s  ExecutionStepTime = 0.01 s  ClockTime = 4 s

forces FR write:
    Sum of forces
        Total    : ( 0.7950547972 0 -10.10661786 )
        Pressure : ( 0.7483548883 0 -10.10892275 )
        Viscous  : ( 0.04669990884 0 0.002304896178 )
    Sum of moments
        Total    : ( -4.903179824 1.526399265 -0.3857172295 )
        Pressure : ( -4.904298034 1.528780304 -0.3630609805 )
        Viscous  : ( 0.001118209929 -0.002381038777 -0.02265624901 )


liftDrag LD execute:
Viscous drag: 0.003878096059, pressure drag: 0.06214556335, porous drag: 0
Viscous lift: 0.0001914052727, pressure lift: -0.8394743045, porous lift: 0
Total lift: -0.8392828992, Front lift: -0.2928848216, Rear lift: -0.5463980776, Drag: 0.06602365941
Location of Center of Mass: ( 0.1593065081 0.4851454654 -0.003834401379 )
Location of Center Of Pressure: ( 0.1513803709 0.4851454654 -0.004457924847 )


yPlus yPlus execute:
    patch Bottom y+ : min = 1.383347539, max = 518.611833, average = 269.5913188
    patch Top y+ : min = 70.47273531, max = 534.295205, average = 303.4238297
    patch e423_0 y+ : min = 113.7975513, max = 874.9720701, average = 389.7591942


################################################################################

Time = 301

Outer Loop Iteration = 301
smoothSolver:  Solving for Ux, Initial residual = 3.857393487e-07, Final residual = 5.480021842e-09, No Iterations 2
smoothSolver:  Solving for Uz, Initial residual = 2.356665165e-07, Final residual = 4.101356042e-09, No Iterations 2
GAMG:  Solving for p, Initial residual = 3.388301062e-07, Final residual = 1.492455933e-09, No Iterations 3
GAMG:  Solving for p, Initial residual = 2.394087154e-08, Final residual = 1.181595261e-10, No Iterations 3
GAMG:  Solving for p, Initial residual = 3.881052335e-09, Final residual = 3.890287351e-11, No Iterations 2
time step continuity errors (region0): sum local = 4.028845862e-12, global = 3.252669633e-13, cumulative = -1.475707653e-07
smoothSolver:  Solving for omega, Initial residual = 1.915251003e-08, Final residual = 1.456190693e-09, No Iterations 1
smoothSolver:  Solving for k, Initial residual = 2.081036647e-08, Final residual = 1.630362851e-09, No Iterations 1

ExecutionTime = 3.55 s  ExecutionStepTime = 0.01 s  ClockTime = 4 s

forces FR write:
    Sum of forces
        Total    : ( 0.7950546458 0 -10.10661828 )
        Pressure : ( 0.7483547359 0 -10.10892317 )
        Viscous  : ( 0.04669990986 0 0.002304895629 )
    Sum of moments
        Total    : ( -4.903180026 1.52639927 -0.3857171561 )
        Pressure : ( -4.904298236 1.528780309 -0.3630609066 )
        Viscous  : ( 0.001118209662 -0.002381038803 -0.0226562495 )


liftDrag LD execute:
Viscous drag: 0.003878096144, pressure drag: 0.06214555069, porous drag: 0
Viscous lift: 0.000191405227, pressure lift: -0.8394743392, porous lift: 0
Total lift: -0.839282934, Front lift: -0.2928848385, Rear lift: -0.5463980954, Drag: 0.06602364684
Location of Center of Mass: ( 0.1593065081 0.4851454654 -0.003834401379 )
Location of Center Of Pressure: ( 0.1513803651 0.4851454654 -0.004457925157 )


yPlus yPlus execute:
    patch Bottom y+ : min = 1.383069845, max = 518.6115844, average = 269.5913863
    patch Top y+ : min = 70.47275194, max = 534.2949952, average = 303.4236774
    patch e423_0 y+ : min = 113.7975327, max = 874.972099, average = 389.7591941


################################################################################

Time = 302

Outer Loop Iteration = 302
smoothSolver:  Solving for Ux, Initial residual = 3.718974988e-07, Final residual = 5.227491502e-09, No Iterations 2
smoothSolver:  Solving for Uz, Initial residual = 2.274403046e-07, Final residual = 3.909715809e-09, No Iterations 2
GAMG:  Solving for p, Initial residual = 3.238793956e-07, Final residual = 1.437787215e-09, No Iterations 3
GAMG:  Solving for p, Initial residual = 2.27587736e-08, Final residual = 1.139104225e-10, No Iterations 3
GAMG:  Solving for p, Initial residual = 3.604600722e-09, Final residual = 3.796972818e-11, No Iterations 2
time step continuity errors (region0): sum local = 3.93201867e-12, global = 3.414087892e-13, cumulative = -1.475704239e-07
smoothSolver:  Solving for omega, Initial residual = 1.848235781e-08, Final residual = 1.403033309e-09, No Iterations 1
smoothSolver:  Solving for k, Initial residual = 2.000683921e-08, Final residual = 1.574702986e-09, No Iterations 1

ExecutionTime = 3.56 s  ExecutionStepTime = 0.01 s  ClockTime = 4 s

forces FR write:
    Sum of forces
        Total    : ( 0.795054513 0 -10.10661865 )
        Pressure : ( 0.7483546021 0 -10.10892355 )
        Viscous  : ( 0.04669991093 0 0.002304895176 )
    Sum of moments
        Total    : ( -4.903180208 1.526399275 -0.3857170917 )
        Pressure : ( -4.904298418 1.528780314 -0.3630608417 )
        Viscous  : ( 0.001118209443 -0.002381038838 -0.02265625002 )


liftDrag LD execute:
Viscous drag: 0.003878096233, pressure drag: 0.06214553958, porous drag: 0
Viscous lift: 0.0001914051894, pressure lift: -0.8394743703, porous lift: 0
Total lift: -0.8392829651, Front lift: -0.2928848537, Rear lift: -0.5463981114, Drag: 0.06602363581
Location of Center of Mass: ( 0.1593065081 0.4851454654 -0.003834401379 )
Location of Center Of Pressure: ( 0.1513803599 0.4851454654 -0.004457925437 )


yPlus yPlus execute:
    patch Bottom y+ : min = 1.382794341, max = 518.6113334, average = 269.5914516
    patch Top y+ : min = 70.47276923, max = 534.294771, average = 303.4235242
    patch e423_0 y+ : min = 113.7975166, max = 874.9721263, average = 389.7591946


################################################################################

Time = 303

Outer Loop Iteration = 303
smoothSolver:  Solving for Ux, Initial residual = 3.583717552e-07, Final residual = 4.981985534e-09, No Iterations 2
smoothSolver:  Solving for Uz, Initial residual = 2.194302831e-07, Final residual = 3.722832252e-09, No Iterations 2
GAMG:  Solving for p, Initial residual = 3.093470729e-07, Final residual = 1.382605071e-09, No Iterations 3
GAMG:  Solving for p, Initial residual = 2.156714024e-08, Final residual = 1.092650561e-10, No Iterations 3
GAMG:  Solving for p, Initial residual = 3.376410016e-09, Final residual = 3.687479302e-11, No Iterations 2
time step continuity errors (region0): sum local = 3.818682331e-12, global = 3.708993318e-13, cumulative = -1.47570053e-07
smoothSolver:  Solving for omega, Initial residual = 1.782010121e-08, Final residual = 1.350395079e-09, No Iterations 1
smoothSolver:  Solving for k, Initial residual = 1.923577445e-08, Final residual = 1.522875043e-09, No Iterations 1

ExecutionTime = 3.58 s  ExecutionStepTime = 0.02 s  ClockTime = 4 s

forces FR write:
    Sum of forces
        Total    : ( 0.7950543978 0 -10.10661899 )
        Pressure : ( 0.7483544857 0 -10.10892388 )
        Viscous  : ( 0.04669991205 0 0.002304894813 )
    Sum of moments
        Total    : ( -4.903180372 1.52639928 -0.3857170358 )
        Pressure : ( -4.904298581 1.528780318 -0.3630607852 )
        Viscous  : ( 0.001118209267 -0.002381038883 -0.02265625057 )


liftDrag LD execute:
Viscous drag: 0.003878096326, pressure drag: 0.06214552992, porous drag: 0
Viscous lift: 0.0001914051593, pressure lift: -0.8394743982, porous lift: 0
Total lift: -0.8392829931, Front lift: -0.2928848673, Rear lift: -0.5463981258, Drag: 0.06602362625
Location of Center of Mass: ( 0.1593065081 0.4851454654 -0.003834401379 )
Location of Center Of Pressure: ( 0.1513803553 0.4851454654 -0.00445792569 )


yPlus yPlus execute:
    patch Bottom y+ : min = 1.382522717, max = 518.6110827, average = 269.591515
    patch Top y+ : min = 70.47278687, max = 534.2945357, average = 303.4233712
    patch e423_0 y+ : min = 113.7975029, max = 874.9721519, average = 389.7591957


################################################################################

Time = 304

Outer Loop Iteration = 304
smoothSolver:  Solving for Ux, Initial residual = 3.44824182e-07, Final residual = 4.738600933e-09, No Iterations 2
smoothSolver:  Solving for Uz, Initial residual = 2.115580347e-07, Final residual = 3.54586419e-09, No Iterations 2
GAMG:  Solving for p, Initial residual = 2.960581377e-07, Final residual = 1.328320529e-09, No Iterations 3
GAMG:  Solving for p, Initial residual = 2.149382872e-08, Final residual = 1.043147755e-10, No Iterations 3
GAMG:  Solving for p, Initial residual = 3.27953754e-09, Final residual = 3.576309848e-11, No Iterations 2
time step continuity errors (region0): sum local = 3.703637195e-12, global = 3.966427132e-13, cumulative = -1.475696563e-07
smoothSolver:  Solving for omega, Initial residual = 1.716963825e-08, Final residual = 1.297858936e-09, No Iterations 1
smoothSolver:  Solving for k, Initial residual = 1.849917405e-08, Final residual = 1.471589764e-09, No Iterations 1

ExecutionTime = 3.59 s  ExecutionStepTime = 0.01 s  ClockTime = 4 s

forces FR write:
    Sum of forces
        Total    : ( 0.7950542991 0 -10.10661929 )
        Pressure : ( 0.7483543859 0 -10.10892419 )
        Viscous  : ( 0.04669991322 0 0.002304894534 )
    Sum of moments
        Total    : ( -4.903180519 1.526399284 -0.3857169879 )
        Pressure : ( -4.904298728 1.528780323 -0.3630607368 )
        Viscous  : ( 0.001118209131 -0.002381038938 -0.02265625113 )


liftDrag LD execute:
Viscous drag: 0.003878096423, pressure drag: 0.06214552163, porous drag: 0
Viscous lift: 0.0001914051361, pressure lift: -0.8394744234, porous lift: 0
Total lift: -0.8392830182, Front lift: -0.2928848795, Rear lift: -0.5463981388, Drag: 0.06602361805
Location of Center of Mass: ( 0.1593065081 0.4851454654 -0.003834401379 )
Location of Center Of Pressure: ( 0.1513803512 0.4851454654 -0.004457925915 )


yPlus yPlus execute:
    patch Bottom y+ : min = 1.382256201, max = 518.6108348, average = 269.5915768
    patch Top y+ : min = 70.47280466, max = 534.2942925, average = 303.4232197
    patch e423_0 y+ : min = 113.7974913, max = 874.9721759, average = 389.7591974


################################################################################

Time = 305

Outer Loop Iteration = 305
smoothSolver:  Solving for Ux, Initial residual = 3.31339709e-07, Final residual = 4.501814838e-09, No Iterations 2
smoothSolver:  Solving for Uz, Initial residual = 2.036661594e-07, Final residual = 3.380015606e-09, No Iterations 2
GAMG:  Solving for p, Initial residual = 2.885927164e-07, Final residual = 1.275110111e-09, No Iterations 3
GAMG:  Solving for p, Initial residual = 2.146537986e-08, Final residual = 9.914297478e-11, No Iterations 3
GAMG:  Solving for p, Initial residual = 3.345655826e-09, Final residual = 3.46489858e-11, No Iterations 2
time step continuity errors (region0): sum local = 3.588193005e-12, global = 4.178410531e-13, cumulative = -1.475692385e-07
smoothSolver:  Solving for omega, Initial residual = 1.653325083e-08, Final residual = 1.246170428e-09, No Iterations 1
smoothSolver:  Solving for k, Initial residual = 1.779143978e-08, Final residual = 1.421062258e-09, No Iterations 1

ExecutionTime = 3.6 s  ExecutionStepTime = 0.01 s  ClockTime = 4 s

forces FR write:
    Sum of forces
        Total    : ( 0.7950542159 0 -10.10661956 )
        Pressure : ( 0.7483543015 0 -10.10892446 )
        Viscous  : ( 0.04669991442 0 0.002304894334 )
    Sum of moments
        Total    : ( -4.903180652 1.52639929 -0.3857169476 )
        Pressure : ( -4.904298861 1.528780329 -0.3630606959 )
        Viscous  : ( 0.001118209034 -0.002381039 -0.02265625171 )


liftDrag LD execute:
Viscous drag: 0.003878096523, pressure drag: 0.06214551462, porous drag: 0
Viscous lift: 0.0001914051195, pressure lift: -0.8394744461, porous lift: 0
Total lift: -0.839283041, Front lift: -0.2928848904, Rear lift: -0.5463981506, Drag: 0.06602361114
Location of Center of Mass: ( 0.1593065081 0.4851454654 -0.003834401379 )
Location of Center Of Pressure: ( 0.1513803476 0.4851454654 -0.004457926115 )


yPlus yPlus execute:
    patch Bottom y+ : min = 1.381995972, max = 518.6105921, average = 269.5916371
    patch Top y+ : min = 70.4728224, max = 534.2940445, average = 303.4230706
    patch e423_0 y+ : min = 113.7974817, max = 874.9721985, average = 389.7591995


################################################################################

Time = 306

Outer Loop Iteration = 306
smoothSolver:  Solving for Ux, Initial residual = 3.182129708e-07, Final residual = 4.27933903e-09, No Iterations 2
smoothSolver:  Solving for Uz, Initial residual = 1.958209606e-07, Final residual = 3.22649218e-09, No Iterations 2
GAMG:  Solving for p, Initial residual = 2.819509717e-07, Final residual = 1.223162803e-09, No Iterations 3
GAMG:  Solving for p, Initial residual = 2.135244587e-08, Final residual = 9.380324196e-11, No Iterations 3
GAMG:  Solving for p, Initial residual = 3.386286152e-09, Final residual = 3.382481169e-11, No Iterations 2
time step continuity errors (region0): sum local = 3.503081615e-12, global = 4.245154923e-13, cumulative = -1.47568814e-07
smoothSolver:  Solving for omega, Initial residual = 1.590999963e-08, Final residual = 1.198205384e-09, No Iterations 1
smoothSolver:  Solving for k, Initial residual = 1.711511075e-08, Final residual = 1.371544441e-09, No Iterations 1

ExecutionTime = 3.6 s  ExecutionStepTime = 0 s  ClockTime = 4 s

forces FR write:
    Sum of forces
        Total    : ( 0.7950541472 0 -10.10661981 )
        Pressure : ( 0.7483542315 0 -10.10892471 )
        Viscous  : ( 0.04669991565 0 0.002304894205 )
    Sum of moments
        Total    : ( -4.903180773 1.526399296 -0.3857169142 )
        Pressure : ( -4.904298982 1.528780335 -0.3630606619 )
        Viscous  : ( 0.001118208972 -0.00238103907 -0.02265625231 )


liftDrag LD execute:
Viscous drag: 0.003878096625, pressure drag: 0.06214550881, porous drag: 0
Viscous lift: 0.0001914051088, pressure lift: -0.8394744669, porous lift: 0
Total lift: -0.8392830618, Front lift: -0.2928849002, Rear lift: -0.5463981615, Drag: 0.06602360543
Location of Center of Mass: ( 0.1593065081 0.4851454654 -0.003834401379 )
Location of Center Of Pressure: ( 0.1513803445 0.4851454654 -0.004457926292 )


yPlus yPlus execute:
    patch Bottom y+ : min = 1.381743056, max = 518.6103567, average = 269.5916963
    patch Top y+ : min = 70.47283991, max = 534.2937945, average = 303.422925
    patch e423_0 y+ : min = 113.7974738, max = 874.9722195, average = 389.759202


################################################################################

Time = 307

Outer Loop Iteration = 307
smoothSolver:  Solving for Ux, Initial residual = 3.055702143e-07, Final residual = 4.064068021e-09, No Iterations 2
smoothSolver:  Solving for Uz, Initial residual = 1.879476296e-07, Final residual = 3.080274534e-09, No Iterations 2
GAMG:  Solving for p, Initial residual = 2.749568317e-07, Final residual = 1.171678471e-09, No Iterations 3
GAMG:  Solving for p, Initial residual = 2.115578384e-08, Final residual = 8.886918012e-11, No Iterations 3
GAMG:  Solving for p, Initial residual = 3.404606071e-09, Final residual = 3.30704024e-11, No Iterations 2
time step continuity errors (region0): sum local = 3.424865444e-12, global = 4.319916509e-13, cumulative = -1.47568382e-07
smoothSolver:  Solving for omega, Initial residual = 1.529907533e-08, Final residual = 1.152782818e-09, No Iterations 1
smoothSolver:  Solving for k, Initial residual = 1.64574265e-08, Final residual = 1.322649181e-09, No Iterations 1

ExecutionTime = 3.61 s  ExecutionStepTime = 0 s  ClockTime = 4 s

forces FR write:
    Sum of forces
        Total    : ( 0.7950540917 0 -10.10662004 )
        Pressure : ( 0.7483541748 0 -10.10892494 )
        Viscous  : ( 0.04669991691 0 0.002304894142 )
    Sum of moments
        Total    : ( -4.903180884 1.526399304 -0.3857168873 )
        Pressure : ( -4.904299093 1.528780343 -0.3630606344 )
        Viscous  : ( 0.001118208941 -0.002381039146 -0.02265625292 )


liftDrag LD execute:
Viscous drag: 0.003878096729, pressure drag: 0.0621455041, porous drag: 0
Viscous lift: 0.0001914051036, pressure lift: -0.8394744859, porous lift: 0
Total lift: -0.8392830808, Front lift: -0.2928849091, Rear lift: -0.5463981717, Drag: 0.06602360083
Location of Center of Mass: ( 0.1593065081 0.4851454654 -0.003834401379 )
Location of Center Of Pressure: ( 0.1513803418 0.4851454654 -0.004457926445 )


yPlus yPlus execute:
    patch Bottom y+ : min = 1.381498329, max = 518.6101303, average = 269.5917545
    patch Top y+ : min = 70.47285705, max = 534.2935453, average = 303.4227838
    patch e423_0 y+ : min = 113.7974674, max = 874.9722392, average = 389.759205


################################################################################

Time = 308

Outer Loop Iteration = 308
smoothSolver:  Solving for Ux, Initial residual = 2.93234189e-07, Final residual = 3.868158281e-09, No Iterations 2
smoothSolver:  Solving for Uz, Initial residual = 1.803311001e-07, Final residual = 2.95557924e-09, No Iterations 2
GAMG:  Solving for p, Initial residual = 2.676274889e-07, Final residual = 1.121606516e-09, No Iterations 3
GAMG:  Solving for p, Initial residual = 2.09185976e-08, Final residual = 8.435756853e-11, No Iterations 3
GAMG:  Solving for p, Initial residual = 3.408576446e-09, Final residual = 3.200710594e-11, No Iterations 2
time step continuity errors (region0): sum local = 3.314613153e-12, global = 3.530169988e-13, cumulative = -1.475680289e-07
smoothSolver:  Solving for omega, Initial residual = 1.470227357e-08, Final residual = 1.10792353e-09, No Iterations 1
smoothSolver:  Solving for k, Initial residual = 1.582445619e-08, Final residual = 1.274430202e-09, No Iterations 1

ExecutionTime = 3.62 s  ExecutionStepTime = 0.01 s  ClockTime = 4 s

forces FR write:
    Sum of forces
        Total    : ( 0.7950540486 0 -10.10662025 )
        Pressure : ( 0.7483541304 0 -10.10892515 )
        Viscous  : ( 0.04669991818 0 0.00230489414 )
    Sum of moments
        Total    : ( -4.903180987 1.526399313 -0.3857168664 )
        Pressure : ( -4.904299196 1.528780352 -0.3630606129 )
        Viscous  : ( 0.00111820894 -0.00238103923 -0.02265625354 )


liftDrag LD execute:
Viscous drag: 0.003878096835, pressure drag: 0.06214550041, porous drag: 0
Viscous lift: 0.0001914051034, pressure lift: -0.8394745034, porous lift: 0
Total lift: -0.8392830983, Front lift: -0.2928849171, Rear lift: -0.5463981812, Drag: 0.06602359725
Location of Center of Mass: ( 0.1593065081 0.4851454654 -0.003834401379 )
Location of Center Of Pressure: ( 0.1513803395 0.4851454654 -0.004457926577 )


yPlus yPlus execute:
    patch Bottom y+ : min = 1.381262523, max = 518.6099144, average = 269.5918118
    patch Top y+ : min = 70.47287369, max = 534.2932991, average = 303.4226475
    patch e423_0 y+ : min = 113.7974624, max = 874.9722575, average = 389.7592083


################################################################################

Time = 309

Outer Loop Iteration = 309
smoothSolver:  Solving for Ux, Initial residual = 2.81086665e-07, Final residual = 3.686087016e-09, No Iterations 2
smoothSolver:  Solving for Uz, Initial residual = 1.729617984e-07, Final residual = 2.84401161e-09, No Iterations 2
GAMG:  Solving for p, Initial residual = 2.603646532e-07, Final residual = 1.073676968e-09, No Iterations 3
GAMG:  Solving for p, Initial residual = 2.064754599e-08, Final residual = 7.941799149e-11, No Iterations 3
GAMG:  Solving for p, Initial residual = 3.402812544e-09, Final residual = 3.116711717e-11, No Iterations 2
time step continuity errors (region0): sum local = 3.227629428e-12, global = 3.263308259e-13, cumulative = -1.475677026e-07
smoothSolver:  Solving for omega, Initial residual = 1.411611078e-08, Final residual = 1.063908885e-09, No Iterations 1
smoothSolver:  Solving for k, Initial residual = 1.521402084e-08, Final residual = 1.22704172e-09, No Iterations 1

ExecutionTime = 3.63 s  ExecutionStepTime = 0.01 s  ClockTime = 4 s

forces FR write:
    Sum of forces
        Total    : ( 0.7950540167 0 -10.10662045 )
        Pressure : ( 0.7483540972 0 -10.10892535 )
        Viscous  : ( 0.04669991947 0 0.002304894191 )
    Sum of moments
        Total    : ( -4.903181083 1.526399324 -0.3857168509 )
        Pressure : ( -4.904299292 1.528780363 -0.3630605967 )
        Viscous  : ( 0.001118208965 -0.002381039318 -0.02265625416 )


liftDrag LD execute:
Viscous drag: 0.003878096942, pressure drag: 0.06214549766, porous drag: 0
Viscous lift: 0.0001914051076, pressure lift: -0.8394745198, porous lift: 0
Total lift: -0.8392831147, Front lift: -0.2928849244, Rear lift: -0.5463981903, Drag: 0.0660235946
Location of Center of Mass: ( 0.1593065081 0.4851454654 -0.003834401379 )
Location of Center Of Pressure: ( 0.1513803376 0.4851454654 -0.004457926689 )


yPlus yPlus execute:
    patch Bottom y+ : min = 1.381036233, max = 518.60971, average = 269.5918683
    patch Top y+ : min = 70.47288973, max = 534.2930578, average = 303.4225169
    patch e423_0 y+ : min = 113.7974586, max = 874.9722745, average = 389.7592119


################################################################################

Time = 310

Outer Loop Iteration = 310
smoothSolver:  Solving for Ux, Initial residual = 2.689471418e-07, Final residual = 3.511485761e-09, No Iterations 2
smoothSolver:  Solving for Uz, Initial residual = 1.657782308e-07, Final residual = 2.734066049e-09, No Iterations 2
GAMG:  Solving for p, Initial residual = 2.527025857e-07, Final residual = 1.028521497e-09, No Iterations 3
GAMG:  Solving for p, Initial residual = 2.031091365e-08, Final residual = 7.518486223e-11, No Iterations 3
GAMG:  Solving for p, Initial residual = 3.383441492e-09, Final residual = 3.035793214e-11, No Iterations 2
time step continuity errors (region0): sum local = 3.143796899e-12, global = 3.059067564e-13, cumulative = -1.475673967e-07
smoothSolver:  Solving for omega, Initial residual = 1.354136414e-08, Final residual = 1.019983953e-09, No Iterations 1
smoothSolver:  Solving for k, Initial residual = 1.462441813e-08, Final residual = 1.181052099e-09, No Iterations 1

ExecutionTime = 3.65 s  ExecutionStepTime = 0.02 s  ClockTime = 4 s

forces FR write:
    Sum of forces
        Total    : ( 0.795053995 0 -10.10662064 )
        Pressure : ( 0.7483540742 0 -10.10892553 )
        Viscous  : ( 0.04669992077 0 0.00230489429 )
    Sum of moments
        Total    : ( -4.903181173 1.526399336 -0.3857168404 )
        Pressure : ( -4.904299382 1.528780376 -0.3630605856 )
        Viscous  : ( 0.001118209013 -0.002381039412 -0.02265625479 )


liftDrag LD execute:
Viscous drag: 0.00387809705, pressure drag: 0.06214549575, porous drag: 0
Viscous lift: 0.0001914051159, pressure lift: -0.8394745353, porous lift: 0
Total lift: -0.8392831302, Front lift: -0.2928849311, Rear lift: -0.5463981991, Drag: 0.06602359279
Location of Center of Mass: ( 0.1593065081 0.4851454654 -0.003834401379 )
Location of Center Of Pressure: ( 0.1513803361 0.4851454654 -0.004457926783 )


yPlus yPlus execute:
    patch Bottom y+ : min = 1.380819946, max = 518.6095179, average = 269.591924
    patch Top y+ : min = 70.47290507, max = 534.2928229, average = 303.4223923
    patch e423_0 y+ : min = 113.7974558, max = 874.9722903, average = 389.7592157


################################################################################

Time = 311

Outer Loop Iteration = 311
smoothSolver:  Solving for Ux, Initial residual = 2.569976991e-07, Final residual = 3.342426239e-09, No Iterations 2
smoothSolver:  Solving for Uz, Initial residual = 1.587575396e-07, Final residual = 2.638979217e-09, No Iterations 2
GAMG:  Solving for p, Initial residual = 2.448185011e-07, Final residual = 9.868039989e-10, No Iterations 3
GAMG:  Solving for p, Initial residual = 1.992093521e-08, Final residual = 7.126610188e-11, No Iterations 3
GAMG:  Solving for p, Initial residual = 3.355556501e-09, Final residual = 2.958814512e-11, No Iterations 2
time step continuity errors (region0): sum local = 3.064095516e-12, global = 2.832734751e-13, cumulative = -1.475671134e-07
smoothSolver:  Solving for omega, Initial residual = 1.297856434e-08, Final residual = 9.762794018e-10, No Iterations 1
smoothSolver:  Solving for k, Initial residual = 1.405601195e-08, Final residual = 1.13589372e-09, No Iterations 1

ExecutionTime = 3.67 s  ExecutionStepTime = 0.02 s  ClockTime = 4 s

forces FR write:
    Sum of forces
        Total    : ( 0.7950539825 0 -10.10662082 )
        Pressure : ( 0.7483540604 0 -10.10892571 )
        Viscous  : ( 0.04669992206 0 0.002304894432 )
    Sum of moments
        Total    : ( -4.903181259 1.526399351 -0.3857168343 )
        Pressure : ( -4.904299468 1.52878039 -0.3630605789 )
        Viscous  : ( 0.001118209082 -0.002381039509 -0.02265625542 )


liftDrag LD execute:
Viscous drag: 0.003878097157, pressure drag: 0.0621454946, porous drag: 0
Viscous lift: 0.0001914051277, pressure lift: -0.8394745501, porous lift: 0
Total lift: -0.839283145, Front lift: -0.2928849373, Rear lift: -0.5463982076, Drag: 0.06602359175
Location of Center of Mass: ( 0.1593065081 0.4851454654 -0.003834401379 )
Location of Center Of Pressure: ( 0.1513803348 0.4851454654 -0.004457926859 )


yPlus yPlus execute:
    patch Bottom y+ : min = 1.380614035, max = 518.6093384, average = 269.591979
    patch Top y+ : min = 70.47291963, max = 534.2925955, average = 303.4222742
    patch e423_0 y+ : min = 113.7974539, max = 874.9723049, average = 389.7592198


################################################################################

Time = 312

Outer Loop Iteration = 312
smoothSolver:  Solving for Ux, Initial residual = 2.453813591e-07, Final residual = 3.179140504e-09, No Iterations 2
smoothSolver:  Solving for Uz, Initial residual = 1.51928401e-07, Final residual = 2.558528722e-09, No Iterations 2
GAMG:  Solving for p, Initial residual = 2.369128162e-07, Final residual = 9.470016744e-10, No Iterations 3
GAMG:  Solving for p, Initial residual = 1.948798836e-08, Final residual = 1.924859446e-10, No Iterations 2
GAMG:  Solving for p, Initial residual = 3.361810249e-09, Final residual = 3.738564202e-11, No Iterations 2
time step continuity errors (region0): sum local = 3.871798988e-12, global = 6.342732026e-13, cumulative = -1.475664792e-07
smoothSolver:  Solving for omega, Initial residual = 1.242837934e-08, Final residual = 9.33613063e-10, No Iterations 1
smoothSolver:  Solving for k, Initial residual = 1.351489627e-08, Final residual = 1.091454377e-09, No Iterations 1

ExecutionTime = 3.68 s  ExecutionStepTime = 0.01 s  ClockTime = 4 s

forces FR write:
    Sum of forces
        Total    : ( 0.7950539781 0 -10.10662099 )
        Pressure : ( 0.7483540548 0 -10.10892588 )
        Viscous  : ( 0.04669992335 0 0.002304894611 )
    Sum of moments
        Total    : ( -4.903181342 1.526399367 -0.3857168322 )
        Pressure : ( -4.904299552 1.528780407 -0.3630605761 )
        Viscous  : ( 0.001118209169 -0.00238103961 -0.02265625605 )


liftDrag LD execute:
Viscous drag: 0.003878097265, pressure drag: 0.06214549413, porous drag: 0
Viscous lift: 0.0001914051425, pressure lift: -0.8394745644, porous lift: 0
Total lift: -0.8392831592, Front lift: -0.2928849431, Rear lift: -0.5463982161, Drag: 0.06602359139
Location of Center of Mass: ( 0.1593065081 0.4851454654 -0.003834401379 )
Location of Center Of Pressure: ( 0.1513803339 0.4851454654 -0.00445792692 )


yPlus yPlus execute:
    patch Bottom y+ : min = 1.380418767, max = 518.6091718, average = 269.5920331
    patch Top y+ : min = 70.47293333, max = 534.2923765, average = 303.4221628
    patch e423_0 y+ : min = 113.7974527, max = 874.9723185, average = 389.759224


################################################################################

Time = 313

Outer Loop Iteration = 313
smoothSolver:  Solving for Ux, Initial residual = 2.34107066e-07, Final residual = 3.02207199e-09, No Iterations 2
smoothSolver:  Solving for Uz, Initial residual = 1.452585583e-07, Final residual = 2.488514368e-09, No Iterations 2
GAMG:  Solving for p, Initial residual = 2.29136777e-07, Final residual = 9.103001819e-10, No Iterations 3
GAMG:  Solving for p, Initial residual = 1.903793409e-08, Final residual = 1.847703313e-10, No Iterations 2
GAMG:  Solving for p, Initial residual = 3.308897777e-09, Final residual = 3.644528606e-11, No Iterations 2
time step continuity errors (region0): sum local = 3.774169877e-12, global = 6.218490135e-13, cumulative = -1.475658573e-07
smoothSolver:  Solving for omega, Initial residual = 1.189171178e-08, Final residual = 8.923546788e-10, No Iterations 1
smoothSolver:  Solving for k, Initial residual = 1.299985978e-08, Final residual = 1.047753639e-09, No Iterations 1

ExecutionTime = 3.69 s  ExecutionStepTime = 0.01 s  ClockTime = 4 s

forces FR write:
    Sum of forces
        Total    : ( 0.7950539811 0 -10.10662116 )
        Pressure : ( 0.7483540565 0 -10.10892605 )
        Viscous  : ( 0.04669992464 0 0.002304894822 )
    Sum of moments
        Total    : ( -4.903181424 1.526399385 -0.3857168336 )
        Pressure : ( -4.904299633 1.528780425 -0.363060577 )
        Viscous  : ( 0.001118209271 -0.002381039714 -0.02265625667 )


liftDrag LD execute:
Viscous drag: 0.003878097371, pressure drag: 0.06214549427, porous drag: 0
Viscous lift: 0.00019140516, pressure lift: -0.8394745783, porous lift: 0
Total lift: -0.8392831732, Front lift: -0.2928849485, Rear lift: -0.5463982246, Drag: 0.06602359164
Location of Center of Mass: ( 0.1593065081 0.4851454654 -0.003834401379 )
Location of Center Of Pressure: ( 0.1513803332 0.4851454654 -0.004457926966 )


yPlus yPlus execute:
    patch Bottom y+ : min = 1.380234608, max = 518.609018, average = 269.5920869
    patch Top y+ : min = 70.47294615, max = 534.2921665, average = 303.4220583
    patch e423_0 y+ : min = 113.7974521, max = 874.972331, average = 389.7592283


################################################################################

Time = 314

Outer Loop Iteration = 314
smoothSolver:  Solving for Ux, Initial residual = 2.23114376e-07, Final residual = 2.869696569e-09, No Iterations 2
smoothSolver:  Solving for Uz, Initial residual = 1.38865574e-07, Final residual = 2.432612874e-09, No Iterations 2
GAMG:  Solving for p, Initial residual = 2.21603776e-07, Final residual = 8.739456933e-10, No Iterations 3
GAMG:  Solving for p, Initial residual = 1.856381847e-08, Final residual = 1.774639737e-10, No Iterations 2
GAMG:  Solving for p, Initial residual = 3.24711714e-09, Final residual = 3.530157144e-11, No Iterations 2
time step continuity errors (region0): sum local = 3.655745062e-12, global = 6.011738708e-13, cumulative = -1.475652561e-07
smoothSolver:  Solving for omega, Initial residual = 1.137013898e-08, Final residual = 8.515545749e-10, No Iterations 1
smoothSolver:  Solving for k, Initial residual = 1.251129721e-08, Final residual = 1.005110949e-09, No Iterations 1

ExecutionTime = 3.7 s  ExecutionStepTime = 0.01 s  ClockTime = 4 s

forces FR write:
    Sum of forces
        Total    : ( 0.7950539904 0 -10.10662132 )
        Pressure : ( 0.7483540645 0 -10.10892622 )
        Viscous  : ( 0.04669992591 0 0.002304895059 )
    Sum of moments
        Total    : ( -4.903181504 1.526399406 -0.3857168382 )
        Pressure : ( -4.904299714 1.528780446 -0.3630605809 )
        Viscous  : ( 0.001118209386 -0.00238103982 -0.02265625729 )


liftDrag LD execute:
Viscous drag: 0.003878097477, pressure drag: 0.06214549494, porous drag: 0
Viscous lift: 0.0001914051798, pressure lift: -0.8394745921, porous lift: 0
Total lift: -0.8392831869, Front lift: -0.2928849537, Rear lift: -0.5463982332, Drag: 0.06602359241
Location of Center of Mass: ( 0.1593065081 0.4851454654 -0.003834401379 )
Location of Center Of Pressure: ( 0.1513803327 0.4851454654 -0.004457926999 )


yPlus yPlus execute:
    patch Bottom y+ : min = 1.380060962, max = 518.608877, average = 269.5921397
    patch Top y+ : min = 70.47295802, max = 534.291966, average = 303.4219608
    patch e423_0 y+ : min = 113.797452, max = 874.9723425, average = 389.7592328


################################################################################

Time = 315

Outer Loop Iteration = 315
smoothSolver:  Solving for Ux, Initial residual = 2.124852921e-07, Final residual = 2.721327976e-09, No Iterations 2
smoothSolver:  Solving for Uz, Initial residual = 1.327285475e-07, Final residual = 2.381515188e-09, No Iterations 2
GAMG:  Solving for p, Initial residual = 2.144857326e-07, Final residual = 8.395938051e-10, No Iterations 3
GAMG:  Solving for p, Initial residual = 1.813456179e-08, Final residual = 1.712303203e-10, No Iterations 2
GAMG:  Solving for p, Initial residual = 3.182432786e-09, Final residual = 3.425226029e-11, No Iterations 2
time step continuity errors (region0): sum local = 3.547225217e-12, global = 5.738425092e-13, cumulative = -1.475646823e-07
smoothSolver:  Solving for omega, Initial residual = 1.086816559e-08, Final residual = 8.12899456e-10, No Iterations 1
smoothSolver:  Solving for k, Initial residual = 1.204204913e-08, Final residual = 9.634968996e-10, No Iterations 1

ExecutionTime = 3.71 s  ExecutionStepTime = 0.01 s  ClockTime = 4 s

forces FR write:
    Sum of forces
        Total    : ( 0.7950540052 0 -10.10662149 )
        Pressure : ( 0.748354078 0 -10.10892638 )
        Viscous  : ( 0.04669992716 0 0.002304895319 )
    Sum of moments
        Total    : ( -4.903181584 1.526399428 -0.3857168453 )
        Pressure : ( -4.904299794 1.528780468 -0.3630605874 )
        Viscous  : ( 0.001118209512 -0.002381039928 -0.0226562579 )


liftDrag LD execute:
Viscous drag: 0.003878097581, pressure drag: 0.06214549606, porous drag: 0
Viscous lift: 0.0001914052013, pressure lift: -0.8394746058, porous lift: 0
Total lift: -0.8392832006, Front lift: -0.2928849587, Rear lift: -0.5463982419, Drag: 0.06602359364
Location of Center of Mass: ( 0.1593065081 0.4851454654 -0.003834401379 )
Location of Center Of Pressure: ( 0.1513803325 0.4851454654 -0.004457927021 )


yPlus yPlus execute:
    patch Bottom y+ : min = 1.379898413, max = 518.6087486, average = 269.5921917
    patch Top y+ : min = 70.47296891, max = 534.2917754, average = 303.4218704
    patch e423_0 y+ : min = 113.7974522, max = 874.9723531, average = 389.7592373


################################################################################

Time = 316

Outer Loop Iteration = 316
smoothSolver:  Solving for Ux, Initial residual = 2.022302536e-07, Final residual = 2.575247601e-09, No Iterations 2
smoothSolver:  Solving for Uz, Initial residual = 1.268602759e-07, Final residual = 2.335628259e-09, No Iterations 2
GAMG:  Solving for p, Initial residual = 2.081852811e-07, Final residual = 8.094513123e-10, No Iterations 3
GAMG:  Solving for p, Initial residual = 1.769664019e-08, Final residual = 1.662569534e-10, No Iterations 2
GAMG:  Solving for p, Initial residual = 3.17915275e-09, Final residual = 3.328006581e-11, No Iterations 2
time step continuity errors (region0): sum local = 3.44642319e-12, global = 5.464333338e-13, cumulative = -1.475641359e-07
smoothSolver:  Solving for omega, Initial residual = 1.039211208e-08, Final residual = 7.767162833e-10, No Iterations 1
smoothSolver:  Solving for k, Initial residual = 1.159594045e-08, Final residual = 9.228410269e-10, No Iterations 1

ExecutionTime = 3.72 s  ExecutionStepTime = 0.01 s  ClockTime = 4 s

forces FR write:
    Sum of forces
        Total    : ( 0.7950540246 0 -10.10662165 )
        Pressure : ( 0.7483540962 0 -10.10892655 )
        Viscous  : ( 0.04669992839 0 0.002304895596 )
    Sum of moments
        Total    : ( -4.903181665 1.526399452 -0.3857168548 )
        Pressure : ( -4.904299874 1.528780492 -0.3630605963 )
        Viscous  : ( 0.001118209646 -0.002381040036 -0.02265625849 )


liftDrag LD execute:
Viscous drag: 0.003878097683, pressure drag: 0.06214549757, porous drag: 0
Viscous lift: 0.0001914052243, pressure lift: -0.8394746196, porous lift: 0
Total lift: -0.8392832144, Front lift: -0.2928849636, Rear lift: -0.5463982508, Drag: 0.06602359526
Location of Center of Mass: ( 0.1593065081 0.4851454654 -0.003834401379 )
Location of Center Of Pressure: ( 0.1513803324 0.4851454654 -0.004457927032 )


yPlus yPlus execute:
    patch Bottom y+ : min = 1.379746914, max = 518.6086326, average = 269.5922429
    patch Top y+ : min = 70.47297879, max = 534.2915951, average = 303.421787
    patch e423_0 y+ : min = 113.7974527, max = 874.9723629, average = 389.7592419


################################################################################

Time = 317

Outer Loop Iteration = 317
smoothSolver:  Solving for Ux, Initial residual = 1.923380141e-07, Final residual = 2.438285728e-09, No Iterations 2
smoothSolver:  Solving for Uz, Initial residual = 1.211574615e-07, Final residual = 2.288273149e-09, No Iterations 2
GAMG:  Solving for p, Initial residual = 2.021832443e-07, Final residual = 7.829866125e-10, No Iterations 3
GAMG:  Solving for p, Initial residual = 1.731883842e-08, Final residual = 1.620660859e-10, No Iterations 2
GAMG:  Solving for p, Initial residual = 3.170581581e-09, Final residual = 3.265419937e-11, No Iterations 2
time step continuity errors (region0): sum local = 3.381596639e-12, global = 5.151520803e-13, cumulative = -1.475636207e-07
smoothSolver:  Solving for omega, Initial residual = 9.949845289e-09, Final residual = 7.419901363e-10, No Iterations 1
smoothSolver:  Solving for k, Initial residual = 1.117171165e-08, Final residual = 8.830777176e-10, No Iterations 1

ExecutionTime = 3.74 s  ExecutionStepTime = 0.02 s  ClockTime = 4 s

forces FR write:
    Sum of forces
        Total    : ( 0.7950540479 0 -10.10662182 )
        Pressure : ( 0.7483541183 0 -10.10892672 )
        Viscous  : ( 0.0466999296 0 0.002304895886 )
    Sum of moments
        Total    : ( -4.903181746 1.526399478 -0.3857168661 )
        Pressure : ( -4.904299956 1.528780519 -0.363060607 )
        Viscous  : ( 0.001118209787 -0.002381040145 -0.02265625908 )


liftDrag LD execute:
Viscous drag: 0.003878097783, pressure drag: 0.06214549941, porous drag: 0
Viscous lift: 0.0001914052484, pressure lift: -0.8394746336, porous lift: 0
Total lift: -0.8392832283, Front lift: -0.2928849684, Rear lift: -0.5463982599, Drag: 0.06602359719
Location of Center of Mass: ( 0.1593065081 0.4851454654 -0.003834401379 )
Location of Center Of Pressure: ( 0.1513803325 0.4851454654 -0.004457927034 )


yPlus yPlus execute:
    patch Bottom y+ : min = 1.379606346, max = 518.6085288, average = 269.5922932
    patch Top y+ : min = 70.47298766, max = 534.2914253, average = 303.4217108
    patch e423_0 y+ : min = 113.7974534, max = 874.9723719, average = 389.7592464


################################################################################

Time = 318

Outer Loop Iteration = 318
smoothSolver:  Solving for Ux, Initial residual = 1.83076842e-07, Final residual = 2.305768135e-09, No Iterations 2
smoothSolver:  Solving for Uz, Initial residual = 1.156110736e-07, Final residual = 2.247211446e-09, No Iterations 2
GAMG:  Solving for p, Initial residual = 1.96115484e-07, Final residual = 7.57873564e-10, No Iterations 3
GAMG:  Solving for p, Initial residual = 1.697036149e-08, Final residual = 1.582931593e-10, No Iterations 2
GAMG:  Solving for p, Initial residual = 3.151364888e-09, Final residual = 3.177948235e-11, No Iterations 2
time step continuity errors (region0): sum local = 3.291127095e-12, global = 4.821329318e-13, cumulative = -1.475631386e-07
smoothSolver:  Solving for omega, Initial residual = 9.528754662e-09, Final residual = 7.089897526e-10, No Iterations 1
smoothSolver:  Solving for k, Initial residual = 1.076877374e-08, Final residual = 8.4431975e-10, No Iterations 1

ExecutionTime = 3.74 s  ExecutionStepTime = 0 s  ClockTime = 4 s

forces FR write:
    Sum of forces
        Total    : ( 0.7950540744 0 -10.10662199 )
        Pressure : ( 0.7483541436 0 -10.10892689 )
        Viscous  : ( 0.04669993078 0 0.002304896186 )
    Sum of moments
        Total    : ( -4.903181829 1.526399506 -0.3857168789 )
        Pressure : ( -4.904300039 1.528780546 -0.3630606192 )
        Viscous  : ( 0.001118209933 -0.002381040253 -0.02265625965 )


liftDrag LD execute:
Viscous drag: 0.003878097881, pressure drag: 0.06214550151, porous drag: 0
Viscous lift: 0.0001914052733, pressure lift: -0.8394746478, porous lift: 0
Total lift: -0.8392832425, Front lift: -0.2928849732, Rear lift: -0.5463982693, Drag: 0.06602359939
Location of Center of Mass: ( 0.1593065081 0.4851454654 -0.003834401379 )
Location of Center Of Pressure: ( 0.1513803327 0.4851454654 -0.004457927028 )


yPlus yPlus execute:
    patch Bottom y+ : min = 1.379476587, max = 518.6084372, average = 269.5923427
    patch Top y+ : min = 70.4729955, max = 534.2912664, average = 303.4216415
    patch e423_0 y+ : min = 113.7974541, max = 874.9723802, average = 389.7592509


################################################################################

Time = 319

Outer Loop Iteration = 319
smoothSolver:  Solving for Ux, Initial residual = 1.744005455e-07, Final residual = 2.177037401e-09, No Iterations 2
smoothSolver:  Solving for Uz, Initial residual = 1.102136584e-07, Final residual = 2.202618688e-09, No Iterations 2
GAMG:  Solving for p, Initial residual = 1.904257476e-07, Final residual = 7.275308833e-10, No Iterations 3
GAMG:  Solving for p, Initial residual = 1.660916399e-08, Final residual = 1.557009119e-10, No Iterations 2
GAMG:  Solving for p, Initial residual = 3.1190812e-09, Final residual = 3.10157758e-11, No Iterations 2
time step continuity errors (region0): sum local = 3.212042811e-12, global = 4.542589189e-13, cumulative = -1.475626843e-07
smoothSolver:  Solving for omega, Initial residual = 9.124500132e-09, Final residual = 6.769164739e-10, No Iterations 1
smoothSolver:  Solving for k, Initial residual = 1.037953306e-08, Final residual = 8.065618699e-10, No Iterations 1

ExecutionTime = 3.75 s  ExecutionStepTime = 0 s  ClockTime = 4 s

forces FR write:
    Sum of forces
        Total    : ( 0.7950541033 0 -10.10662217 )
        Pressure : ( 0.7483541713 0 -10.10892706 )
        Viscous  : ( 0.04669993192 0 0.002304896491 )
    Sum of moments
        Total    : ( -4.903181914 1.526399536 -0.3857168929 )
        Pressure : ( -4.904300124 1.528780576 -0.3630606327 )
        Viscous  : ( 0.001118210081 -0.002381040361 -0.0226562602 )


liftDrag LD execute:
Viscous drag: 0.003878097976, pressure drag: 0.06214550381, porous drag: 0
Viscous lift: 0.0001914052986, pressure lift: -0.8394746623, porous lift: 0
Total lift: -0.839283257, Front lift: -0.292884978, Rear lift: -0.546398279, Drag: 0.06602360179
Location of Center of Mass: ( 0.1593065081 0.4851454654 -0.003834401379 )
Location of Center Of Pressure: ( 0.151380333 0.4851454654 -0.004457927015 )


yPlus yPlus execute:
    patch Bottom y+ : min = 1.379357463, max = 518.6083574, average = 269.5923912
    patch Top y+ : min = 70.47300232, max = 534.2911184, average = 303.4215791
    patch e423_0 y+ : min = 113.7974548, max = 874.9723878, average = 389.7592553


################################################################################

Time = 320

Outer Loop Iteration = 320
smoothSolver:  Solving for Ux, Initial residual = 1.663497748e-07, Final residual = 2.05607684e-09, No Iterations 2
smoothSolver:  Solving for Uz, Initial residual = 1.050734543e-07, Final residual = 2.153388129e-09, No Iterations 2
GAMG:  Solving for p, Initial residual = 1.845343442e-07, Final residual = 6.967367202e-10, No Iterations 3
GAMG:  Solving for p, Initial residual = 1.623276989e-08, Final residual = 1.507830354e-10, No Iterations 2
GAMG:  Solving for p, Initial residual = 3.073933273e-09, Final residual = 3.003579935e-11, No Iterations 2
time step continuity errors (region0): sum local = 3.110545381e-12, global = 4.27545669e-13, cumulative = -1.475622568e-07
smoothSolver:  Solving for omega, Initial residual = 8.737871376e-09, Final residual = 6.455216399e-10, No Iterations 1
smoothSolver:  Solving for k, Initial residual = 1.00005091e-08, Final residual = 7.697012511e-10, No Iterations 1

ExecutionTime = 3.76 s  ExecutionStepTime = 0.01 s  ClockTime = 4 s

forces FR write:
    Sum of forces
        Total    : ( 0.7950541339 0 -10.10662234 )
        Pressure : ( 0.7483542009 0 -10.10892724 )
        Viscous  : ( 0.04669993303 0 0.002304896798 )
    Sum of moments
        Total    : ( -4.903182 1.526399567 -0.3857169078 )
        Pressure : ( -4.90430021 1.528780607 -0.3630606471 )
        Viscous  : ( 0.00111821023 -0.002381040468 -0.02265626074 )


liftDrag LD execute:
Viscous drag: 0.003878098068, pressure drag: 0.06214550627, porous drag: 0
Viscous lift: 0.0001914053242, pressure lift: -0.8394746771, porous lift: 0
Total lift: -0.8392832718, Front lift: -0.2928849828, Rear lift: -0.546398289, Drag: 0.06602360433
Location of Center of Mass: ( 0.1593065081 0.4851454654 -0.003834401379 )
Location of Center Of Pressure: ( 0.1513803334 0.4851454654 -0.004457926996 )


yPlus yPlus execute:
    patch Bottom y+ : min = 1.379248769, max = 518.6082894, average = 269.5924389
    patch Top y+ : min = 70.47300811, max = 534.2909817, average = 303.4215235
    patch e423_0 y+ : min = 113.7974554, max = 874.9723948, average = 389.7592597


################################################################################

Time = 321

Outer Loop Iteration = 321
smoothSolver:  Solving for Ux, Initial residual = 1.589055068e-07, Final residual = 1.942296389e-09, No Iterations 2
smoothSolver:  Solving for Uz, Initial residual = 1.001339492e-07, Final residual = 2.105347186e-09, No Iterations 2
GAMG:  Solving for p, Initial residual = 1.784096677e-07, Final residual = 6.717769859e-10, No Iterations 3
GAMG:  Solving for p, Initial residual = 1.583214772e-08, Final residual = 1.478761843e-10, No Iterations 2
GAMG:  Solving for p, Initial residual = 3.021179367e-09, Final residual = 2.934801109e-11, No Iterations 2
time step continuity errors (region0): sum local = 3.039314136e-12, global = 3.958913256e-13, cumulative = -1.475618609e-07
smoothSolver:  Solving for omega, Initial residual = 8.365932414e-09, Final residual = 6.148941623e-10, No Iterations 1
smoothSolver:  Solving for k, Initial residual = 9.631565794e-09, Final residual = 7.339016641e-10, No Iterations 1

ExecutionTime = 3.77 s  ExecutionStepTime = 0.01 s  ClockTime = 4 s

forces FR write:
    Sum of forces
        Total    : ( 0.7950541659 0 -10.10662253 )
        Pressure : ( 0.7483542318 0 -10.10892742 )
        Viscous  : ( 0.0466999341 0 0.002304897105 )
    Sum of moments
        Total    : ( -4.903182089 1.526399599 -0.3857169233 )
        Pressure : ( -4.904300299 1.52878064 -0.363060662 )
        Viscous  : ( 0.001118210379 -0.002381040573 -0.02265626126 )


liftDrag LD execute:
Viscous drag: 0.003878098157, pressure drag: 0.06214550883, porous drag: 0
Viscous lift: 0.0001914053496, pressure lift: -0.8394746923, porous lift: 0
Total lift: -0.839283287, Front lift: -0.2928849877, Rear lift: -0.5463982993, Drag: 0.06602360698
Location of Center of Mass: ( 0.1593065081 0.4851454654 -0.003834401379 )
Location of Center Of Pressure: ( 0.1513803339 0.4851454654 -0.004457926973 )


yPlus yPlus execute:
    patch Bottom y+ : min = 1.379150238, max = 518.6082327, average = 269.5924856
    patch Top y+ : min = 70.4730129, max = 534.2908563, average = 303.4214745
    patch e423_0 y+ : min = 113.797456, max = 874.9724012, average = 389.759264


################################################################################

Time = 322

Outer Loop Iteration = 322
smoothSolver:  Solving for Ux, Initial residual = 1.517602295e-07, Final residual = 1.83729898e-09, No Iterations 2
smoothSolver:  Solving for Uz, Initial residual = 9.566994286e-08, Final residual = 2.06249774e-09, No Iterations 2
GAMG:  Solving for p, Initial residual = 1.722206771e-07, Final residual = 6.537861984e-10, No Iterations 3
GAMG:  Solving for p, Initial residual = 1.54171517e-08, Final residual = 1.456379952e-10, No Iterations 2
GAMG:  Solving for p, Initial residual = 2.962129073e-09, Final residual = 2.891433267e-11, No Iterations 2
time step continuity errors (region0): sum local = 2.994416751e-12, global = 3.651248312e-13, cumulative = -1.475614958e-07
smoothSolver:  Solving for omega, Initial residual = 8.007255104e-09, Final residual = 5.866542819e-10, No Iterations 1
smoothSolver:  Solving for k, Initial residual = 9.271884813e-09, Final residual = 6.991952448e-10, No Iterations 1

ExecutionTime = 3.78 s  ExecutionStepTime = 0.01 s  ClockTime = 4 s

forces FR write:
    Sum of forces
        Total    : ( 0.7950541984 0 -10.10662271 )
        Pressure : ( 0.7483542633 0 -10.10892761 )
        Viscous  : ( 0.04669993514 0 0.002304897408 )
    Sum of moments
        Total    : ( -4.90318218 1.526399633 -0.3857169391 )
        Pressure : ( -4.90430039 1.528780673 -0.3630606773 )
        Viscous  : ( 0.001118210525 -0.002381040676 -0.02265626176 )


liftDrag LD execute:
Viscous drag: 0.003878098243, pressure drag: 0.06214551145, porous drag: 0
Viscous lift: 0.0001914053748, pressure lift: -0.8394747079, porous lift: 0
Total lift: -0.8392833026, Front lift: -0.2928849927, Rear lift: -0.5463983099, Drag: 0.06602360969
Location of Center of Mass: ( 0.1593065081 0.4851454654 -0.003834401379 )
Location of Center Of Pressure: ( 0.1513803344 0.4851454654 -0.004457926945 )


yPlus yPlus execute:
    patch Bottom y+ : min = 1.37906158, max = 518.608187, average = 269.5925313
    patch Top y+ : min = 70.47301672, max = 534.2907423, average = 303.4214318
    patch e423_0 y+ : min = 113.7974563, max = 874.9724072, average = 389.7592681


################################################################################

Time = 323

Outer Loop Iteration = 323
smoothSolver:  Solving for Ux, Initial residual = 1.449559412e-07, Final residual = 1.741533416e-09, No Iterations 2
smoothSolver:  Solving for Uz, Initial residual = 9.157215001e-08, Final residual = 2.022030247e-09, No Iterations 2
GAMG:  Solving for p, Initial residual = 1.659583407e-07, Final residual = 6.385885013e-10, No Iterations 3
GAMG:  Solving for p, Initial residual = 1.498621763e-08, Final residual = 1.428051042e-10, No Iterations 2
GAMG:  Solving for p, Initial residual = 2.898970994e-09, Final residual = 2.863598306e-11, No Iterations 2
time step continuity errors (region0): sum local = 2.965540678e-12, global = 3.497839764e-13, cumulative = -1.47561146e-07
smoothSolver:  Solving for omega, Initial residual = 7.661516016e-09, Final residual = 5.596425102e-10, No Iterations 1
smoothSolver:  Solving for k, Initial residual = 8.921219909e-09, Final residual = 6.655687138e-10, No Iterations 1

ExecutionTime = 3.79 s  ExecutionStepTime = 0.01 s  ClockTime = 4 s

forces FR write:
    Sum of forces
        Total    : ( 0.7950542312 0 -10.10662291 )
        Pressure : ( 0.7483542951 0 -10.1089278 )
        Viscous  : ( 0.04669993613 0 0.002304897704 )
    Sum of moments
        Total    : ( -4.903182273 1.526399667 -0.385716955 )
        Pressure : ( -4.904300484 1.528780708 -0.3630606927 )
        Viscous  : ( 0.001118210669 -0.002381040777 -0.02265626225 )


liftDrag LD execute:
Viscous drag: 0.003878098326, pressure drag: 0.06214551408, porous drag: 0
Viscous lift: 0.0001914053994, pressure lift: -0.8394747239, porous lift: 0
Total lift: -0.8392833185, Front lift: -0.2928849978, Rear lift: -0.5463983207, Drag: 0.06602361241
Location of Center of Mass: ( 0.1593065081 0.4851454654 -0.003834401379 )
Location of Center Of Pressure: ( 0.151380335 0.4851454654 -0.004457926914 )


yPlus yPlus execute:
    patch Bottom y+ : min = 1.378982449, max = 518.6081521, average = 269.5925761
    patch Top y+ : min = 70.47301958, max = 534.2906395, average = 303.4213952
    patch e423_0 y+ : min = 113.7974564, max = 874.9724126, average = 389.7592721


################################################################################

Time = 324

Outer Loop Iteration = 324
smoothSolver:  Solving for Ux, Initial residual = 1.384192449e-07, Final residual = 1.64739403e-09, No Iterations 2
smoothSolver:  Solving for Uz, Initial residual = 8.789995793e-08, Final residual = 1.979167531e-09, No Iterations 2
GAMG:  Solving for p, Initial residual = 1.596156057e-07, Final residual = 6.248908978e-10, No Iterations 3
GAMG:  Solving for p, Initial residual = 1.456746788e-08, Final residual = 1.415638603e-10, No Iterations 2
GAMG:  Solving for p, Initial residual = 2.834718566e-09, Final residual = 2.850743507e-11, No Iterations 2
time step continuity errors (region0): sum local = 2.952188177e-12, global = 3.331159924e-13, cumulative = -1.475608129e-07
smoothSolver:  Solving for omega, Initial residual = 7.329691359e-09, Final residual = 5.338745789e-10, No Iterations 1
smoothSolver:  Solving for k, Initial residual = 8.579399236e-09, Final residual = 6.33056547e-10, No Iterations 1

ExecutionTime = 3.81 s  ExecutionStepTime = 0.02 s  ClockTime = 4 s

forces FR write:
    Sum of forces
        Total    : ( 0.7950542637 0 -10.1066231 )
        Pressure : ( 0.7483543266 0 -10.108928 )
        Viscous  : ( 0.04669993708 0 0.002304897992 )
    Sum of moments
        Total    : ( -4.903182369 1.526399703 -0.3857169707 )
        Pressure : ( -4.90430058 1.528780744 -0.363060708 )
        Viscous  : ( 0.001118210809 -0.002381040874 -0.02265626271 )


liftDrag LD execute:
Viscous drag: 0.003878098405, pressure drag: 0.0621455167, porous drag: 0
Viscous lift: 0.0001914054233, pressure lift: -0.8394747404, porous lift: 0
Total lift: -0.8392833349, Front lift: -0.292885003, Rear lift: -0.5463983319, Drag: 0.06602361511
Location of Center of Mass: ( 0.1593065081 0.4851454654 -0.003834401379 )
Location of Center Of Pressure: ( 0.1513803356 0.4851454654 -0.004457926881 )


yPlus yPlus execute:
    patch Bottom y+ : min = 1.378912461, max = 518.6081275, average = 269.5926198
    patch Top y+ : min = 70.47302153, max = 534.2905479, average = 303.4213645
    patch e423_0 y+ : min = 113.7974563, max = 874.9724176, average = 389.7592759


################################################################################

Time = 325

Outer Loop Iteration = 325
smoothSolver:  Solving for Ux, Initial residual = 1.322937701e-07, Final residual = 1.564010486e-09, No Iterations 2
smoothSolver:  Solving for Uz, Initial residual = 8.463617178e-08, Final residual = 1.931770961e-09, No Iterations 2
GAMG:  Solving for p, Initial residual = 1.532261944e-07, Final residual = 6.112872681e-10, No Iterations 3
GAMG:  Solving for p, Initial residual = 1.415153749e-08, Final residual = 1.40642402e-10, No Iterations 2
GAMG:  Solving for p, Initial residual = 2.771741073e-09, Final residual = 2.834538073e-11, No Iterations 2
time step continuity errors (region0): sum local = 2.935320299e-12, global = 3.193596047e-13, cumulative = -1.475604935e-07
smoothSolver:  Solving for omega, Initial residual = 7.006749394e-09, Final residual = 5.094103676e-10, No Iterations 1
smoothSolver:  Solving for k, Initial residual = 8.246385542e-09, Final residual = 6.018247131e-10, No Iterations 1

ExecutionTime = 3.82 s  ExecutionStepTime = 0.01 s  ClockTime = 4 s

forces FR write:
    Sum of forces
        Total    : ( 0.7950542955 0 -10.10662331 )
        Pressure : ( 0.7483543575 0 -10.1089282 )
        Viscous  : ( 0.04669993799 0 0.00230489827 )
    Sum of moments
        Total    : ( -4.903182467 1.52639974 -0.3857169862 )
        Pressure : ( -4.904300678 1.528780781 -0.363060723 )
        Viscous  : ( 0.001118210944 -0.002381040969 -0.02265626315 )


liftDrag LD execute:
Viscous drag: 0.00387809848, pressure drag: 0.06214551927, porous drag: 0
Viscous lift: 0.0001914054464, pressure lift: -0.8394747572, porous lift: 0
Total lift: -0.8392833517, Front lift: -0.2928850084, Rear lift: -0.5463983433, Drag: 0.06602361775
Location of Center of Mass: ( 0.1593065081 0.4851454654 -0.003834401379 )
Location of Center Of Pressure: ( 0.1513803362 0.4851454654 -0.004457926847 )


yPlus yPlus execute:
    patch Bottom y+ : min = 1.378851228, max = 518.6081126, average = 269.5926625
    patch Top y+ : min = 70.47302261, max = 534.2904673, average = 303.4213394
    patch e423_0 y+ : min = 113.7974558, max = 874.9724222, average = 389.7592796


################################################################################

Time = 326

Outer Loop Iteration = 326
smoothSolver:  Solving for Ux, Initial residual = 1.266476383e-07, Final residual = 1.48763913e-09, No Iterations 2
smoothSolver:  Solving for Uz, Initial residual = 8.155701126e-08, Final residual = 1.878570552e-09, No Iterations 2
GAMG:  Solving for p, Initial residual = 1.467776208e-07, Final residual = 5.983573567e-10, No Iterations 3
GAMG:  Solving for p, Initial residual = 1.37899169e-08, Final residual = 4.924637596e-11, No Iterations 3
GAMG:  Solving for p, Initial residual = 2.676644931e-09, Final residual = 2.210244956e-11, No Iterations 2
time step continuity errors (region0): sum local = 2.288985726e-12, global = -4.980775202e-14, cumulative = -1.475605433e-07
smoothSolver:  Solving for omega, Initial residual = 6.694833515e-09, Final residual = 4.855842874e-10, No Iterations 1
smoothSolver:  Solving for k, Initial residual = 7.922383428e-09, Final residual = 5.718650147e-10, No Iterations 1

ExecutionTime = 3.83 s  ExecutionStepTime = 0.01 s  ClockTime = 4 s

forces FR write:
    Sum of forces
        Total    : ( 0.7950543263 0 -10.10662351 )
        Pressure : ( 0.7483543875 0 -10.10892841 )
        Viscous  : ( 0.04669993885 0 0.002304898535 )
    Sum of moments
        Total    : ( -4.903182567 1.526399777 -0.3857170011 )
        Pressure : ( -4.904300778 1.528780818 -0.3630607376 )
        Viscous  : ( 0.001118211072 -0.002381041061 -0.02265626357 )


liftDrag LD execute:
Viscous drag: 0.003878098552, pressure drag: 0.06214552176, porous drag: 0
Viscous lift: 0.0001914054684, pressure lift: -0.8394747744, porous lift: 0
Total lift: -0.8392833689, Front lift: -0.2928850139, Rear lift: -0.546398355, Drag: 0.06602362031
Location of Center of Mass: ( 0.1593065081 0.4851454654 -0.003834401379 )
Location of Center Of Pressure: ( 0.1513803368 0.4851454654 -0.004457926811 )


yPlus yPlus execute:
    patch Bottom y+ : min = 1.378798303, max = 518.608107, average = 269.5927042
    patch Top y+ : min = 70.47302283, max = 534.2903974, average = 303.4213197
    patch e423_0 y+ : min = 113.7974551, max = 874.9724265, average = 389.7592831


################################################################################

Time = 327

Outer Loop Iteration = 327
smoothSolver:  Solving for Ux, Initial residual = 1.212556365e-07, Final residual = 1.417359266e-09, No Iterations 2
smoothSolver:  Solving for Uz, Initial residual = 7.869764519e-08, Final residual = 1.822452999e-09, No Iterations 2
GAMG:  Solving for p, Initial residual = 1.403537337e-07, Final residual = 5.881119092e-10, No Iterations 3
GAMG:  Solving for p, Initial residual = 1.341878302e-08, Final residual = 4.874775649e-11, No Iterations 3
GAMG:  Solving for p, Initial residual = 2.602883765e-09, Final residual = 2.237786478e-11, No Iterations 2
time step continuity errors (region0): sum local = 2.317490533e-12, global = -1.050482862e-14, cumulative = -1.475605538e-07
smoothSolver:  Solving for omega, Initial residual = 6.392479561e-09, Final residual = 4.624294594e-10, No Iterations 1
smoothSolver:  Solving for k, Initial residual = 7.606681454e-09, Final residual = 5.429293258e-10, No Iterations 1

ExecutionTime = 3.84 s  ExecutionStepTime = 0.01 s  ClockTime = 4 s

forces FR write:
    Sum of forces
        Total    : ( 0.7950543557 0 -10.10662372 )
        Pressure : ( 0.748354416 0 -10.10892862 )
        Viscous  : ( 0.04669993967 0 0.002304898787 )
    Sum of moments
        Total    : ( -4.90318267 1.526399814 -0.3857170154 )
        Pressure : ( -4.904300881 1.528780856 -0.3630607514 )
        Viscous  : ( 0.001118211195 -0.002381041149 -0.02265626397 )


liftDrag LD execute:
Viscous drag: 0.00387809862, pressure drag: 0.06214552413, porous drag: 0
Viscous lift: 0.0001914054893, pressure lift: -0.8394747919, porous lift: 0
Total lift: -0.8392833864, Front lift: -0.2928850195, Rear lift: -0.5463983669, Drag: 0.06602362275
Location of Center of Mass: ( 0.1593065081 0.4851454654 -0.003834401379 )
Location of Center Of Pressure: ( 0.1513803373 0.4851454654 -0.004457926776 )


yPlus yPlus execute:
    patch Bottom y+ : min = 1.378753121, max = 518.6081101, average = 269.5927447
    patch Top y+ : min = 70.47302232, max = 534.2903378, average = 303.4213049
    patch e423_0 y+ : min = 113.7974541, max = 874.9724305, average = 389.7592864


################################################################################

Time = 328

Outer Loop Iteration = 328
smoothSolver:  Solving for Ux, Initial residual = 1.160191281e-07, Final residual = 1.35512139e-09, No Iterations 2
smoothSolver:  Solving for Uz, Initial residual = 7.612496539e-08, Final residual = 1.765119789e-09, No Iterations 2
GAMG:  Solving for p, Initial residual = 1.341926237e-07, Final residual = 5.798935513e-10, No Iterations 3
GAMG:  Solving for p, Initial residual = 1.304303571e-08, Final residual = 4.836693496e-11, No Iterations 3
GAMG:  Solving for p, Initial residual = 2.54174488e-09, Final residual = 2.213089365e-11, No Iterations 2
time step continuity errors (region0): sum local = 2.291853173e-12, global = -1.039836633e-14, cumulative = -1.475605642e-07
smoothSolver:  Solving for omega, Initial residual = 6.098739245e-09, Final residual = 4.399175658e-10, No Iterations 1
smoothSolver:  Solving for k, Initial residual = 7.300423515e-09, Final residual = 5.151316714e-10, No Iterations 1

ExecutionTime = 3.84 s  ExecutionStepTime = 0 s  ClockTime = 4 s

forces FR write:
    Sum of forces
        Total    : ( 0.7950543836 0 -10.10662394 )
        Pressure : ( 0.7483544431 0 -10.10892884 )
        Viscous  : ( 0.04669994045 0 0.002304899024 )
    Sum of moments
        Total    : ( -4.903182774 1.526399852 -0.3857170289 )
        Pressure : ( -4.904300985 1.528780894 -0.3630607645 )
        Viscous  : ( 0.001118211309 -0.002381041234 -0.02265626434 )


liftDrag LD execute:
Viscous drag: 0.003878098684, pressure drag: 0.06214552638, porous drag: 0
Viscous lift: 0.000191405509, pressure lift: -0.8394748097, porous lift: 0
Total lift: -0.8392834042, Front lift: -0.2928850253, Rear lift: -0.5463983789, Drag: 0.06602362506
Location of Center of Mass: ( 0.1593065081 0.4851454654 -0.003834401379 )
Location of Center Of Pressure: ( 0.1513803379 0.4851454654 -0.00445792674 )


yPlus yPlus execute:
    patch Bottom y+ : min = 1.378715531, max = 518.6081212, average = 269.5927841
    patch Top y+ : min = 70.47302104, max = 534.2902883, average = 303.4212948
    patch e423_0 y+ : min = 113.7974527, max = 874.9724342, average = 389.7592895


################################################################################

Time = 329

Outer Loop Iteration = 329
smoothSolver:  Solving for Ux, Initial residual = 1.107977305e-07, Final residual = 1.30425203e-09, No Iterations 2
smoothSolver:  Solving for Uz, Initial residual = 7.372093632e-08, Final residual = 1.707259125e-09, No Iterations 2
GAMG:  Solving for p, Initial residual = 1.285909422e-07, Final residual = 5.691583831e-10, No Iterations 3
GAMG:  Solving for p, Initial residual = 1.264674423e-08, Final residual = 4.786952799e-11, No Iterations 3
GAMG:  Solving for p, Initial residual = 2.4804862e-09, Final residual = 2.183557802e-11, No Iterations 2
time step continuity errors (region0): sum local = 2.261291808e-12, global = -5.253973083e-15, cumulative = -1.475605695e-07
smoothSolver:  Solving for omega, Initial residual = 5.813987965e-09, Final residual = 4.180494007e-10, No Iterations 1
smoothSolver:  Solving for k, Initial residual = 7.002781495e-09, Final residual = 4.884746603e-10, No Iterations 1

ExecutionTime = 3.85 s  ExecutionStepTime = 0.01 s  ClockTime = 4 s

forces FR write:
    Sum of forces
        Total    : ( 0.7950544096 0 -10.10662416 )
        Pressure : ( 0.7483544684 0 -10.10892905 )
        Viscous  : ( 0.04669994118 0 0.002304899244 )
    Sum of moments
        Total    : ( -4.903182879 1.526399891 -0.3857170415 )
        Pressure : ( -4.904301091 1.528780932 -0.3630607768 )
        Viscous  : ( 0.001118211417 -0.002381041314 -0.0226562647 )


liftDrag LD execute:
Viscous drag: 0.003878098745, pressure drag: 0.06214552848, porous drag: 0
Viscous lift: 0.0001914055273, pressure lift: -0.8394748278, porous lift: 0
Total lift: -0.8392834223, Front lift: -0.2928850311, Rear lift: -0.5463983911, Drag: 0.06602362722
Location of Center of Mass: ( 0.1593065081 0.4851454654 -0.003834401379 )
Location of Center Of Pressure: ( 0.1513803384 0.4851454654 -0.004457926706 )


yPlus yPlus execute:
    patch Bottom y+ : min = 1.378684801, max = 518.6081398, average = 269.5928224
    patch Top y+ : min = 70.4730191, max = 534.2902483, average = 303.4212891
    patch e423_0 y+ : min = 113.797451, max = 874.9724377, average = 389.7592924


################################################################################

Time = 330

Outer Loop Iteration = 330
smoothSolver:  Solving for Ux, Initial residual = 1.057693579e-07, Final residual = 1.254433635e-09, No Iterations 2
smoothSolver:  Solving for Uz, Initial residual = 7.15367755e-08, Final residual = 1.648611306e-09, No Iterations 2
GAMG:  Solving for p, Initial residual = 1.2317311e-07, Final residual = 5.589219034e-10, No Iterations 3
GAMG:  Solving for p, Initial residual = 1.22480129e-08, Final residual = 4.760370358e-11, No Iterations 3
GAMG:  Solving for p, Initial residual = 2.415235408e-09, Final residual = 9.898260625e-11, No Iterations 1
time step continuity errors (region0): sum local = 1.025070767e-11, global = 1.417602141e-14, cumulative = -1.475605553e-07
smoothSolver:  Solving for omega, Initial residual = 5.539506477e-09, Final residual = 3.969266392e-10, No Iterations 1
smoothSolver:  Solving for k, Initial residual = 6.713670464e-09, Final residual = 4.628915687e-10, No Iterations 1

ExecutionTime = 3.86 s  ExecutionStepTime = 0.01 s  ClockTime = 4 s

forces FR write:
    Sum of forces
        Total    : ( 0.7950544335 0 -10.10662438 )
        Pressure : ( 0.7483544916 0 -10.10892928 )
        Viscous  : ( 0.04669994187 0 0.002304899449 )
    Sum of moments
        Total    : ( -4.903182986 1.526399929 -0.3857170531 )
        Pressure : ( -4.904301198 1.52878097 -0.3630607881 )
        Viscous  : ( 0.001118211516 -0.002381041391 -0.02265626503 )


liftDrag LD execute:
Viscous drag: 0.003878098802, pressure drag: 0.06214553041, porous drag: 0
Viscous lift: 0.0001914055443, pressure lift: -0.8394748461, porous lift: 0
Total lift: -0.8392834406, Front lift: -0.2928850371, Rear lift: -0.5463984034, Drag: 0.06602362921
Location of Center of Mass: ( 0.1593065081 0.4851454654 -0.003834401379 )
Location of Center Of Pressure: ( 0.1513803389 0.4851454654 -0.004457926673 )


yPlus yPlus execute:
    patch Bottom y+ : min = 1.378660486, max = 518.6081653, average = 269.5928595
    patch Top y+ : min = 70.47301657, max = 534.2902174, average = 303.4212874
    patch e423_0 y+ : min = 113.7974489, max = 874.972441, average = 389.7592951


################################################################################

Time = 331

Outer Loop Iteration = 331
smoothSolver:  Solving for Ux, Initial residual = 1.010147149e-07, Final residual = 1.211477585e-09, No Iterations 2
smoothSolver:  Solving for Uz, Initial residual = 6.952197152e-08, Final residual = 1.58784715e-09, No Iterations 2
GAMG:  Solving for p, Initial residual = 1.178409971e-07, Final residual = 5.504470539e-10, No Iterations 3
GAMG:  Solving for p, Initial residual = 1.185317606e-08, Final residual = 4.736865156e-11, No Iterations 3
GAMG:  Solving for p, Initial residual = 2.345620143e-09, Final residual = 9.712022912e-11, No Iterations 1
time step continuity errors (region0): sum local = 1.005772662e-11, global = -4.973184785e-14, cumulative = -1.47560605e-07
smoothSolver:  Solving for omega, Initial residual = 5.275381206e-09, Final residual = 3.764957468e-10, No Iterations 1
smoothSolver:  Solving for k, Initial residual = 6.433309448e-09, Final residual = 4.38477861e-10, No Iterations 1

ExecutionTime = 3.87 s  ExecutionStepTime = 0.01 s  ClockTime = 4 s

forces FR write:
    Sum of forces
        Total    : ( 0.7950544554 0 -10.1066246 )
        Pressure : ( 0.7483545129 0 -10.1089295 )
        Viscous  : ( 0.04669994251 0 0.002304899635 )
    Sum of moments
        Total    : ( -4.903183094 1.526399967 -0.3857170637 )
        Pressure : ( -4.904301306 1.528781008 -0.3630607984 )
        Viscous  : ( 0.001118211606 -0.002381041464 -0.02265626534 )


liftDrag LD execute:
Viscous drag: 0.003878098855, pressure drag: 0.06214553217, porous drag: 0
Viscous lift: 0.0001914055598, pressure lift: -0.8394748646, porous lift: 0
Total lift: -0.8392834591, Front lift: -0.2928850432, Rear lift: -0.5463984159, Drag: 0.06602363103
Location of Center of Mass: ( 0.1593065081 0.4851454654 -0.003834401379 )
Location of Center Of Pressure: ( 0.1513803393 0.4851454654 -0.004457926642 )


yPlus yPlus execute:
    patch Bottom y+ : min = 1.378642328, max = 518.6081972, average = 269.5928956
    patch Top y+ : min = 70.47301337, max = 534.2901951, average = 303.4212894
    patch e423_0 y+ : min = 113.7974466, max = 874.9724441, average = 389.7592976


################################################################################

Time = 332

Outer Loop Iteration = 332
smoothSolver:  Solving for Ux, Initial residual = 9.663775977e-08, Final residual = 1.171739406e-09, No Iterations 2
smoothSolver:  Solving for Uz, Initial residual = 6.764937773e-08, Final residual = 1.526447095e-09, No Iterations 2
GAMG:  Solving for p, Initial residual = 1.127543842e-07, Final residual = 5.395437412e-10, No Iterations 3
GAMG:  Solving for p, Initial residual = 1.142969723e-08, Final residual = 4.705325361e-11, No Iterations 3
GAMG:  Solving for p, Initial residual = 2.28083376e-09, Final residual = 9.502525107e-11, No Iterations 1
time step continuity errors (region0): sum local = 9.840852768e-12, global = -1.155063344e-13, cumulative = -1.475607205e-07
smoothSolver:  Solving for omega, Initial residual = 5.02068117e-09, Final residual = 3.568431507e-10, No Iterations 1
smoothSolver:  Solving for k, Initial residual = 6.162012147e-09, Final residual = 4.151828463e-10, No Iterations 1

ExecutionTime = 3.88 s  ExecutionStepTime = 0.01 s  ClockTime = 4 s

Residual convergence tolerance reached

forces FR write:
    Sum of forces
        Total    : ( 0.7950544749 0 -10.10662482 )
        Pressure : ( 0.7483545318 0 -10.10892972 )
        Viscous  : ( 0.04669994311 0 0.002304899805 )
    Sum of moments
        Total    : ( -4.903183203 1.526400005 -0.3857170732 )
        Pressure : ( -4.904301415 1.528781046 -0.3630608076 )
        Viscous  : ( 0.001118211688 -0.002381041533 -0.02265626563 )


liftDrag LD execute:
Viscous drag: 0.003878098905, pressure drag: 0.06214553374, porous drag: 0
Viscous lift: 0.0001914055738, pressure lift: -0.8394748833, porous lift: 0
Total lift: -0.8392834777, Front lift: -0.2928850494, Rear lift: -0.5463984284, Drag: 0.06602363265
Location of Center of Mass: ( 0.1593065081 0.4851454654 -0.003834401379 )
Location of Center Of Pressure: ( 0.1513803397 0.4851454654 -0.004457926612 )


yPlus yPlus execute:
    patch Bottom y+ : min = 1.378629365, max = 518.6082346, average = 269.5929305
    patch Top y+ : min = 70.47300972, max = 534.290181, average = 303.4212947
    patch e423_0 y+ : min = 113.7974439, max = 874.9724471, average = 389.7592999
yPlus yPlus write:
    writing field yPlus
End

Finalising parallel run

--- INICIO COMANDO: mpirun -n 4 helyxSolve -parallel ---
