# Time           	e423_0           
1	6.7723506672e-17	
2	-5.0616293937e-18	
3	-1.3706565825e-19	
4	1.2655269424e-18	
5	9.7744268246e-19	
6	1.0804383308e-18	
7	3.2546151197e-19	
8	5.0366382135e-20	
9	1.8231854254e-19	
10	1.9179720443e-19	
11	-5.2117943098e-20	
12	1.3465889800e-20	
13	2.3778407108e-19	
14	3.2477571346e-19	
15	2.6912523785e-19	
16	2.7051982984e-19	
17	2.6053982254e-19	
18	2.5664857480e-19	
19	2.5485290809e-19	
20	2.5961215909e-19	
21	2.6253412841e-19	
22	2.6811212067e-19	
23	2.7703600179e-19	
24	2.9982553490e-19	
25	3.0889733911e-19	
26	3.1980273494e-19	
27	3.2759240922e-19	
28	3.3670620554e-19	
29	3.4215544046e-19	
30	3.4848225594e-19	
31	3.5324161852e-19	
32	3.5769460996e-19	
33	3.5756971544e-19	
34	3.6092757002e-19	
35	3.6226903659e-19	
36	3.6482029683e-19	
37	3.6487560510e-19	
38	3.6631484026e-19	
39	3.6601890061e-19	
40	3.6714626772e-19	
41	3.6719430055e-19	
42	3.6865284165e-19	
43	3.6701041435e-19	
44	3.6577642999e-19	
45	3.6375383154e-19	
46	3.6338563121e-19	
47	3.6307206307e-19	
48	3.6517335107e-19	
49	3.6608723126e-19	
50	3.6630919017e-19	
51	3.6476683937e-19	
52	3.6570017280e-19	
53	3.5070390073e-19	
54	3.3925515446e-19	
55	3.3011046132e-19	
56	3.2256999893e-19	
57	3.1459975652e-19	
58	3.0901939211e-19	
59	3.0417776342e-19	
60	2.9771410372e-19	
61	2.9149638802e-19	
62	2.9025611262e-19	
63	2.8495256550e-19	
64	2.8195716284e-19	
65	6.7397803696e-20	
66	2.3372554327e-19	
67	7.8313609184e-20	
68	1.0509040846e-19	
69	9.5470019328e-20	
70	9.5021269629e-20	
71	8.7540734388e-20	
72	1.4948613666e-19	
73	2.2912958086e-19	
74	2.4538373203e-19	
75	2.2712129236e-19	
76	2.2601984775e-19	
77	2.2246933119e-19	
78	2.5746946357e-19	
79	2.8617753832e-19	
80	3.0358287295e-19	
81	3.0170812944e-19	
82	1.0025655047e-19	
83	1.5311889454e-19	
84	5.2004174144e-19	
85	5.4933029059e-19	
86	4.6706857088e-19	
87	3.2919537546e-19	
88	3.1934383826e-19	
89	3.4504357504e-19	
90	3.6333881875e-19	
91	3.9709719073e-19	
92	4.0951625147e-19	
93	4.0765315779e-19	
94	3.9984435550e-19	
95	3.6267195255e-19	
96	3.2766871142e-19	
97	2.7700151555e-19	
98	2.4601755333e-19	
99	2.2427198740e-19	
100	2.3289462635e-19	
101	5.2575095621e-20	
102	9.1578213535e-20	
103	9.3113386662e-20	
104	1.6457615317e-19	
105	1.9513954427e-19	
106	2.4540774262e-19	
107	2.4274008933e-19	
108	2.3818144176e-19	
109	2.3781046573e-19	
110	2.3650013842e-19	
111	2.3595553522e-19	
112	2.3423476263e-19	
113	2.3506902443e-19	
114	2.3270986441e-19	
115	2.3248687026e-19	
116	2.3211388392e-19	
117	2.3055502369e-19	
118	2.3109764814e-19	
119	2.2908679207e-19	
120	2.2932981296e-19	
121	2.2799868430e-19	
122	2.2871526290e-19	
123	2.2702612756e-19	
124	2.2778543191e-19	
125	8.1270438647e-20	
126	3.0267910610e-20	
127	1.6524685990e-19	
128	-1.2459203632e-21	
129	3.0053492460e-20	
130	1.9334546337e-19	
131	2.4134584046e-19	
132	2.2091065309e-19	
133	2.2104754137e-19	
134	2.1910209369e-19	
135	2.1886750845e-19	
136	3.1498674427e-19	
137	4.6293874322e-19	
138	4.2439411881e-19	
139	4.2356942761e-19	
140	4.2406015330e-19	
141	4.2315237427e-19	
142	4.1330273867e-19	
143	2.4814633200e-19	
144	1.9652543868e-19	
145	2.1499809796e-19	
146	2.1453557660e-19	
147	2.1293546095e-19	
148	2.1342971139e-19	
149	2.1034787450e-19	
150	2.0770444602e-19	
151	2.0520516652e-19	
152	2.0075518199e-19	
153	1.9714663426e-19	
154	1.9451233128e-19	
155	1.9066899350e-19	
156	1.8785143507e-19	
157	1.8637322187e-19	
158	1.8427684465e-19	
159	4.8925829481e-19	
160	4.2198074146e-19	
161	4.2025832363e-19	
162	1.7877953355e-19	
163	1.4775458472e-19	
164	-1.3504253457e-19	
165	-7.2312819724e-20	
166	-7.4351731942e-20	
167	1.6602206719e-19	
168	1.8596222322e-19	
169	1.6942643485e-19	
170	1.6730341795e-19	
171	1.6678548903e-19	
172	1.6700596910e-19	
173	1.6557040346e-19	
174	1.6516457994e-19	
175	1.6601992736e-19	
176	1.6450375681e-19	
177	1.6482723252e-19	
178	1.6600762820e-19	
179	1.6671680246e-19	
180	1.6841011435e-19	
181	1.7185337432e-19	
182	1.7371066414e-19	
183	1.7747628201e-19	
184	1.7825862862e-19	
185	1.8095934003e-19	
186	1.8095220867e-19	
187	1.8274999544e-19	
188	1.8242334436e-19	
189	1.8407025350e-19	
190	1.8378226057e-19	
191	1.8596024553e-19	
192	1.8563206654e-19	
193	1.8744742160e-19	
194	1.8768232727e-19	
195	1.9024986212e-19	
196	1.9027617397e-19	
197	1.9267039735e-19	
198	1.9353451731e-19	
199	1.9627252210e-19	
200	1.9670423200e-19	
201	1.9987191564e-19	
202	2.0051436369e-19	
203	2.0414979945e-19	
204	2.0478564121e-19	
205	2.0869797562e-19	
206	2.1028816139e-19	
207	2.1502777639e-19	
208	2.1653357877e-19	
209	2.2116031471e-19	
210	2.2347064047e-19	
211	2.2835879629e-19	
212	2.2971742407e-19	
213	2.3449225546e-19	
214	2.3701512247e-19	
215	2.0950084196e-19	
216	-7.1132882384e-21	
217	6.2963722407e-19	
218	5.6048400271e-19	
219	5.3835891790e-19	
220	4.6254973324e-19	
221	1.0335040406e-19	
222	1.5988071427e-19	
223	1.2110706487e-19	
224	-2.4241773175e-19	
225	7.4740977197e-19	
226	-2.1343864398e-19	
227	1.6254740862e-20	
228	5.2344727967e-19	
229	4.0826713892e-19	
230	2.5849650634e-19	
231	2.5983788301e-19	
232	2.8666933496e-19	
233	2.9382412948e-19	
234	2.8132477687e-19	
235	2.7335769339e-19	
236	2.6158513544e-19	
237	2.5630206306e-19	
238	2.5389018545e-19	
239	2.6120046797e-19	
240	2.6148364368e-19	
241	2.6808149807e-19	
242	2.6443315521e-19	
243	2.6617801050e-19	
244	2.6857780860e-19	
245	2.7837434849e-19	
246	2.8229462394e-19	
247	2.8969501474e-19	
248	2.9846804566e-19	
249	3.1038286804e-19	
250	3.1670792398e-19	
251	3.2729879888e-19	
252	3.3128574140e-19	
253	3.3787320430e-19	
254	3.3668142915e-19	
255	3.4077976748e-19	
256	2.9177713000e-19	
257	5.4640281064e-20	
258	-2.8181116405e-19	
259	-1.0194038042e-19	
260	-9.4320752956e-20	
261	-1.7082327967e-19	
262	-1.4572300717e-19	
263	3.9755734120e-19	
264	4.1067727140e-19	
265	5.7402451243e-19	
266	8.8267125984e-19	
267	7.8575778006e-19	
268	5.4385900597e-19	
269	8.7036372273e-19	
270	7.8663923952e-19	
271	5.1237344058e-19	
272	2.0984278387e-19	
273	3.1181215100e-19	
274	5.9432258926e-19	
275	5.2091703890e-19	
276	5.0812864167e-19	
277	5.3126318485e-19	
278	5.2945024726e-19	
279	5.2952174653e-19	
280	3.3567053014e-19	
281	3.0360017418e-19	
282	3.1542827574e-19	
283	3.1153503419e-19	
284	2.8820447021e-19	
285	2.7147400053e-19	
286	2.3484880844e-19	
287	2.1255249223e-19	
288	1.6145491297e-19	
289	2.1983558702e-19	
290	1.9555914237e-19	
291	2.0247791871e-19	
292	3.1759873011e-19	
293	4.5368931568e-19	
294	4.0633456584e-19	
295	4.0546910680e-19	
296	4.0180713865e-19	
297	3.9820085389e-19	
298	3.9154367407e-19	
299	4.3236485372e-19	
300	3.4987021975e-19	
301	2.8852085286e-19	
302	3.4663426677e-19	
303	3.4635746149e-19	
304	3.5764765807e-19	
305	3.6685024311e-19	
306	3.7156666350e-19	
307	3.7626747251e-19	
308	3.8055084350e-19	
309	3.9011090137e-19	
310	4.0119732530e-19	
311	4.1206956586e-19	
312	3.3942593500e-19	
313	2.4672926062e-19	
314	1.9161176604e-19	
315	2.1087587613e-19	
316	2.1350733999e-19	
317	2.1626086380e-19	
318	2.1715055956e-19	
319	2.1928954081e-19	
320	2.1996189154e-19	
321	2.2043589752e-19	
322	2.2063355238e-19	
323	2.2034987884e-19	
324	2.1949082252e-19	
325	2.1945951014e-19	
326	2.1871227103e-19	
327	2.1787118987e-19	
328	2.1677019095e-19	
329	2.1506865174e-19	
330	2.1324582640e-19	
331	2.1118351953e-19	
332	2.0918550621e-19	
333	2.0717077639e-19	
334	2.0501543795e-19	
335	2.0292366096e-19	
336	2.0067970857e-19	
337	1.9887872373e-19	
338	1.9680118594e-19	
339	1.9517999457e-19	
340	1.9332882671e-19	
341	1.9173093861e-19	
342	1.9013858203e-19	
343	1.8864768273e-19	
344	1.8732175768e-19	
345	1.8623175799e-19	
346	1.8415641036e-19	
347	1.8196257253e-19	
348	1.7630191939e-19	
349	1.7542162218e-19	
350	1.7522742340e-19	
351	1.7499146892e-19	
352	1.7499352827e-19	
353	1.7531061061e-19	
354	1.7561719791e-19	
355	1.7654230681e-19	
356	1.7774445122e-19	
357	1.7930484843e-19	
358	1.8325557106e-19	
359	1.8717193664e-19	
360	1.8917122088e-19	
361	1.8862473832e-19	
362	1.9308281860e-19	
363	1.9751367180e-19	
364	2.0243105172e-19	
365	2.1995624467e-19	
366	2.4533413344e-19	
367	2.6717887380e-19	
368	4.3897692796e-19	
369	4.5282553583e-19	
370	4.5205917502e-19	
371	4.7906364414e-19	
372	5.0787514367e-19	
373	5.1765914860e-19	
374	5.2527300079e-19	
375	5.2250551118e-19	
376	5.2251303342e-19	
377	5.2366655722e-19	
378	5.2782257632e-19	
379	5.3669538693e-19	
380	5.3630510106e-19	
381	5.3557621241e-19	
382	4.9838244766e-19	
383	4.4624775007e-19	
384	3.6923721802e-19	
385	3.8053388911e-19	
386	3.6367727650e-19	
387	3.3480629526e-19	
388	3.4543258696e-19	
389	3.5234746989e-19	
390	3.5859889535e-19	
391	3.6354468471e-19	
392	3.6869002158e-19	
393	3.7542642697e-19	
394	3.8324661073e-19	
395	4.1228297003e-19	
396	4.5626997934e-19	
397	4.4927506458e-19	
398	4.4653592718e-19	
399	4.4187830896e-19	
400	4.3759454504e-19	
401	4.3131609356e-19	
402	4.2259202687e-19	
403	4.1427800753e-19	
404	4.0181908546e-19	
405	4.0055255570e-19	
406	4.0965128451e-19	
407	3.9413405647e-19	
408	3.8465301514e-19	
409	3.6250696884e-19	
410	3.5968446870e-19	
411	3.6100857298e-19	
412	3.6324780614e-19	
413	3.7062797834e-19	
414	3.5514978676e-19	
415	3.2634167669e-19	
416	3.0880612500e-19	
417	2.9400255651e-19	
418	2.8152187477e-19	
419	2.7193142948e-19	
420	2.5506720816e-19	
421	2.4348444251e-19	
422	2.2667748396e-19	
423	2.2015198346e-19	
424	2.1400655755e-19	
425	2.0759578283e-19	
426	2.2345968863e-19	
427	2.4533484254e-19	
428	2.4694692399e-19	
429	2.4069233984e-19	
430	2.3846008802e-19	
431	2.4460606586e-19	
432	2.4808084783e-19	
433	2.6514631425e-19	
434	2.7790482964e-19	
435	2.8130369697e-19	
436	2.7500033080e-19	
437	2.6718466294e-19	
438	2.6779898456e-19	
439	2.7688888683e-19	
440	2.7069610732e-19	
441	2.6685451699e-19	
442	2.6157356947e-19	
443	2.5572756184e-19	
444	2.4616693437e-19	
445	2.4424544070e-19	
446	1.2992241222e-19	
447	2.1548822792e-19	
448	2.6914641528e-19	
449	2.1938759176e-19	
450	2.1648461491e-19	
451	2.1587399562e-19	
452	2.2397078321e-19	
453	2.2364810487e-19	
454	2.2591704349e-19	
455	2.3115864891e-19	
456	2.3656354513e-19	
457	2.4115577073e-19	
458	2.4575187247e-19	
459	2.5996993026e-19	
460	3.0804003126e-19	
461	2.7196145377e-19	
462	2.0194297795e-19	
463	2.4223449206e-19	
464	2.5917885597e-19	
465	2.8381189957e-19	
466	2.9798873309e-19	
467	2.8477423701e-19	
468	2.9825672541e-19	
469	3.2067039017e-19	
470	3.2284723116e-19	
471	3.2962530506e-19	
472	3.3832032092e-19	
473	3.3658238308e-19	
474	3.3661873674e-19	
475	3.3633447411e-19	
476	3.3171732030e-19	
477	2.7934894423e-19	
478	2.3844349748e-19	
479	2.2516694003e-19	
480	2.1335269221e-19	
481	2.0455648170e-19	
482	1.9807681602e-19	
483	1.9185795831e-19	
484	1.8627246675e-19	
485	1.8099891182e-19	
486	1.7571174171e-19	
487	1.7098401799e-19	
488	1.6683307399e-19	
489	1.6322131808e-19	
490	1.6006789484e-19	
491	1.5741374127e-19	
492	1.5496464972e-19	
493	1.5308982694e-19	
494	1.4837703092e-19	
495	1.4239322601e-19	
496	1.5060024881e-19	
497	1.5147180425e-19	
498	1.5133425557e-19	
499	1.5217806844e-19	
500	1.6497433360e-19	
501	1.6895511814e-19	
502	1.7143990034e-19	
503	1.7596655252e-19	
504	1.8092528854e-19	
505	1.6913167393e-19	
506	1.7446116034e-19	
507	1.7934513668e-19	
508	1.8367845800e-19	
509	1.8744480924e-19	
510	1.9064920549e-19	
511	1.9301963176e-19	
512	1.9566147552e-19	
513	1.9507715509e-19	
514	1.9491797366e-19	
515	1.9529541773e-19	
516	1.9369773626e-19	
517	1.9258405953e-19	
518	1.9144014019e-19	
519	1.8922001371e-19	
520	2.0189659817e-19	
521	2.3299646126e-19	
522	2.2070763787e-19	
523	1.5859958681e-19	
524	1.1435115922e-19	
525	1.1828105228e-19	
526	1.7318202965e-19	
527	1.6193021667e-19	
528	1.5613244034e-19	
529	1.5168595327e-19	
530	1.4722929225e-19	
531	1.4338756570e-19	
532	1.3983510005e-19	
533	1.3649255740e-19	
534	1.3253966433e-19	
535	1.2904534080e-19	
536	1.2555943776e-19	
537	1.2244979514e-19	
538	1.1831410969e-19	
539	1.1439775316e-19	
540	1.1842011791e-19	
541	1.1967642410e-19	
542	1.2022304651e-19	
543	1.1991196848e-19	
544	1.2002929496e-19	
545	1.2042274310e-19	
546	1.2055175446e-19	
547	1.2090676264e-19	
548	1.2098385195e-19	
549	1.2131853582e-19	
550	1.2136320782e-19	
551	1.2164861841e-19	
552	1.2168462200e-19	
553	-2.9909601154e-20	
554	1.6754762622e-20	
555	1.3134477632e-19	
556	9.3063111029e-20	
557	1.8977432299e-19	
558	2.4667159412e-19	
559	2.2393544737e-19	
560	2.2190839656e-19	
561	2.1639766462e-19	
562	2.1527788752e-19	
563	2.1574680661e-19	
564	1.0119544294e-19	
565	1.1407075873e-19	
566	1.1983873064e-19	
567	1.1197023216e-19	
568	1.2162811738e-19	
569	1.2135622034e-19	
570	1.2231221588e-19	
571	1.2087112985e-19	
572	1.2042465485e-19	
573	1.2138486838e-19	
574	1.1966131822e-19	
575	1.1937993984e-19	
576	1.2006612862e-19	
577	1.1848528083e-19	
578	1.1842793097e-19	
579	1.1849315272e-19	
580	1.1684335258e-19	
581	1.1804192075e-19	
582	1.1621937262e-19	
583	1.1654592653e-19	
584	1.1634925371e-19	
585	1.1539220915e-19	
586	1.1689156003e-19	
587	1.1531034796e-19	
588	1.1568613035e-19	
589	1.1614092369e-19	
590	1.1510914682e-19	
591	1.1682037351e-19	
592	1.1547647456e-19	
593	1.1644607893e-19	
594	1.1602393469e-19	
595	1.1714424370e-19	
596	1.1601128348e-19	
597	1.1790644251e-19	
598	1.1655681572e-19	
599	1.1854026666e-19	
600	1.1756794317e-19	
601	1.2020786007e-19	
602	1.1871282395e-19	
603	1.2005264230e-19	
604	1.2032703736e-19	
605	1.2046590386e-19	
606	1.2217169741e-19	
607	1.2164387711e-19	
608	1.2332156517e-19	
609	1.2346552178e-19	
610	1.2597476060e-19	
611	1.2539190079e-19	
612	1.2727888860e-19	
613	1.2753843081e-19	
614	1.2945978369e-19	
615	1.1715746407e-19	
616	8.8542674334e-20	
617	7.8147626664e-20	
618	8.8589329090e-20	
619	8.6756492174e-20	
620	9.0738161726e-20	
621	9.2265781623e-20	
622	9.7568602080e-20	
623	9.8069815570e-20	
624	1.4590692187e-19	
625	1.4628670120e-19	
626	1.4504951805e-19	
627	1.4565407898e-19	
628	1.4416055415e-19	
629	1.4480027247e-19	
630	1.4315124154e-19	
631	1.4442313262e-19	
632	1.4238672589e-19	
633	1.4290513410e-19	
634	1.4198698840e-19	
635	1.4373273887e-19	
636	1.4243433970e-19	
637	1.4377540729e-19	
638	1.4330722831e-19	
639	1.4465975912e-19	
640	1.4353388194e-19	
641	1.4533588880e-19	
642	1.4412699833e-19	
643	1.4573161410e-19	
644	1.4467983555e-19	
645	1.4709234821e-19	
646	1.4607830845e-19	
647	1.4688836446e-19	
648	1.4893079928e-19	
649	1.4870993152e-19	
650	1.4943717783e-19	
651	1.5086072230e-19	
652	1.5257771545e-19	
653	1.5328887021e-19	
654	1.5216250332e-19	
655	1.5710941347e-19	
656	1.5880041466e-19	
657	1.5768055594e-19	
658	1.6319252013e-19	
659	1.6384680396e-19	
660	1.6534905378e-19	
661	1.6525896314e-19	
662	1.6974439309e-19	
663	1.6997086740e-19	
664	1.7037137629e-19	
665	1.7290770370e-19	
666	1.7272714012e-19	
667	1.7357672154e-19	
668	1.7403380233e-19	
669	1.7390223204e-19	
670	1.7412232941e-19	
671	1.7490903627e-19	
672	1.7444343122e-19	
673	1.7471213448e-19	
674	1.7581952104e-19	
675	1.7554083135e-19	
676	1.7612388283e-19	
677	1.7687500756e-19	
678	1.7684751487e-19	
679	1.7705841153e-19	
680	1.7820758889e-19	
681	1.7722568748e-19	
682	1.7727349245e-19	
683	1.7791392392e-19	
684	1.7709753030e-19	
685	1.7724696211e-19	
686	1.7735498821e-19	
687	1.7632885493e-19	
688	1.7758728236e-19	
689	1.7628413371e-19	
690	1.7613241548e-19	
691	1.7735706077e-19	
692	1.7609817862e-19	
693	1.7594099696e-19	
694	1.7726114193e-19	
695	1.7625609948e-19	
696	1.7669342765e-19	
697	1.7815259385e-19	
698	1.7770565892e-19	
699	1.7828024799e-19	
700	1.8029524877e-19	
701	1.7990993625e-19	
702	1.8095188583e-19	
703	1.8307059847e-19	
704	1.9208342602e-19	
705	3.4586189913e-19	
706	1.9195923799e-19	
707	5.2482632679e-20	
708	4.9422112216e-20	
709	1.4607099926e-19	
710	2.0847770209e-19	
711	1.9035646442e-19	
712	1.9251183547e-19	
713	1.9203702435e-19	
714	1.9294665502e-19	
715	1.9434416294e-19	
716	1.9379349502e-19	
717	1.9441718579e-19	
718	1.9500433689e-19	
719	1.9391019768e-19	
720	1.9573428564e-19	
721	1.9381859385e-19	
722	1.9344159836e-19	
723	1.9446891630e-19	
724	1.9263872213e-19	
725	1.2664248590e-19	
726	1.8269225007e-19	
727	5.4848588423e-20	
728	5.1666735050e-20	
729	2.3571230239e-19	
730	2.5571149208e-19	
731	1.8867784080e-19	
732	2.9214461596e-19	
733	3.1409781796e-19	
734	3.0341120573e-19	
735	2.5475100575e-19	
736	1.6027698458e-19	
737	2.5987778223e-19	
738	1.7797272972e-19	
739	1.8378872641e-19	
740	1.8707859181e-19	
741	1.8707517486e-19	
742	1.8755196689e-19	
743	1.8188293823e-19	
744	1.8557214494e-19	
745	1.8564002447e-19	
746	1.8837982162e-19	
747	1.8214308171e-19	
748	1.9391326690e-19	
749	2.0269339531e-19	
750	2.1187233634e-19	
751	2.2365158844e-19	
752	2.3829005744e-19	
753	2.5632890788e-19	
754	2.7625469057e-19	
755	2.9799525509e-19	
756	3.2476158916e-19	
757	3.0649453227e-19	
758	3.0636804216e-19	
759	3.0745373099e-19	
760	3.0922973218e-19	
761	3.1065256510e-19	
762	3.1218278629e-19	
763	3.1237208992e-19	
764	3.1418255098e-19	
765	3.1627678340e-19	
766	3.1803081177e-19	
767	3.1944151612e-19	
768	3.2065502464e-19	
769	3.2187327002e-19	
770	3.2313914324e-19	
771	3.2397732383e-19	
772	3.2490624650e-19	
773	3.2550431896e-19	
774	3.2622424668e-19	
775	3.2672699441e-19	
776	3.2725215709e-19	
777	3.2737388161e-19	
778	3.2757571368e-19	
779	3.2786644578e-19	
780	3.2817503827e-19	
781	3.2826778972e-19	
782	3.2844753808e-19	
783	3.2849091918e-19	
784	3.2882348130e-19	
785	3.2905214277e-19	
786	3.2921491213e-19	
787	3.2932483621e-19	
788	3.2948857978e-19	
789	3.2946971777e-19	
790	3.2947147723e-19	
791	3.2938269469e-19	
792	3.2943671447e-19	
793	3.2926692635e-19	
794	3.2923353536e-19	
795	3.2916634906e-19	
796	3.2916919640e-19	
797	3.2905663961e-19	
798	3.2909638648e-19	
799	3.2915533242e-19	
800	3.2935834568e-19	
801	3.2949967722e-19	
802	3.2983730244e-19	
803	3.3002910342e-19	
804	3.3042545568e-19	
805	3.3076168083e-19	
806	3.3129475288e-19	
807	3.3171154236e-19	
808	3.2887920511e-19	
809	3.2309619293e-19	
810	3.1888371463e-19	
811	3.1437013963e-19	
812	3.1005881398e-19	
813	3.0622592999e-19	
814	3.0243787535e-19	
815	2.9854306344e-19	
816	2.9499731413e-19	
817	2.9166229391e-19	
818	2.8885276674e-19	
819	2.8620131530e-19	
820	2.8393616503e-19	
821	2.8168348781e-19	
822	2.7970743540e-19	
823	2.7775494741e-19	
824	2.7617273270e-19	
825	2.7457911240e-19	
826	2.7327116791e-19	
827	2.4428671307e-19	
828	1.9354686996e-19	
829	1.5315637159e-19	
830	1.6490775531e-19	
831	2.4208913509e-19	
832	3.7053863621e-19	
833	2.4839181791e-19	
834	3.6692851957e-19	
835	2.4886823166e-19	
836	2.7119161447e-19	
837	2.7195162014e-19	
838	2.7305140269e-19	
839	2.7427564303e-19	
840	2.7594650400e-19	
841	2.7775246664e-19	
842	2.7995305760e-19	
843	2.8241796818e-19	
844	2.8534389758e-19	
845	2.8847138025e-19	
846	2.9213745885e-19	
847	2.9620660460e-19	
848	3.0096958891e-19	
849	3.0631372101e-19	
850	3.1189004353e-19	
851	3.1817458451e-19	
852	3.2082396761e-19	
853	4.2988116501e-19	
854	2.8928472564e-19	
855	3.1359353065e-19	
856	3.1276537269e-19	
857	3.1183168062e-19	
858	3.1107684251e-19	
859	3.1020581501e-19	
860	3.0941944692e-19	
861	3.0240851503e-19	
862	2.0727475706e-19	
863	3.3022177541e-19	
864	3.0733209009e-19	
865	3.0692133417e-19	
866	3.0661577118e-19	
867	3.0631413077e-19	
868	3.0616729494e-19	
869	3.0597386730e-19	
870	3.0593454842e-19	
871	3.0586949911e-19	
872	3.0596770485e-19	
873	3.0604202184e-19	
874	3.0628094744e-19	
875	3.0649528484e-19	
876	3.0683902335e-19	
877	3.0717172044e-19	
878	3.0763761361e-19	
879	3.0807861995e-19	
880	3.0862913520e-19	
881	3.0901890648e-19	
882	3.0962366211e-19	
883	3.1015491979e-19	
884	3.1076009478e-19	
885	3.1130390689e-19	
886	3.1191086129e-19	
887	3.1242417717e-19	
888	3.1299689088e-19	
889	3.1355815375e-19	
890	3.1416173171e-19	
891	3.1482794709e-19	
892	3.1555436067e-19	
893	3.1624029876e-19	
894	3.1694323795e-19	
895	3.1752077485e-19	
896	3.1813346932e-19	
897	3.1884421344e-19	
898	3.1956436568e-19	
899	3.2011343901e-19	
900	3.2061118106e-19	
901	3.2101229357e-19	
902	3.1857033249e-19	
903	3.0292897132e-19	
904	2.9446021659e-19	
905	2.8755130945e-19	
906	2.8131464347e-19	
907	2.7551964668e-19	
908	2.7046157883e-19	
909	2.6591360711e-19	
910	2.6187587214e-19	
911	2.5810774953e-19	
912	2.5484581736e-19	
913	2.5140452156e-19	
914	2.4808934855e-19	
915	2.4483979317e-19	
916	2.4169252046e-19	
917	2.3863309757e-19	
918	2.3579705879e-19	
919	2.3294599299e-19	
920	2.3025714307e-19	
921	2.2759962783e-19	
922	2.2514268849e-19	
923	2.2269280408e-19	
924	2.2048104371e-19	
925	2.1833588303e-19	
926	2.1639233741e-19	
927	2.1447345365e-19	
928	2.1273308309e-19	
929	2.1098316214e-19	
930	2.0940347202e-19	
931	2.0779388234e-19	
932	2.0633478170e-19	
933	2.0486611416e-19	
934	2.0365853672e-19	
935	2.0241496428e-19	
936	2.0131458712e-19	
937	2.0021433147e-19	
938	1.9926069741e-19	
939	1.9829754599e-19	
940	1.9747970226e-19	
941	1.9667533656e-19	
942	1.9601998253e-19	
943	1.9534339017e-19	
944	1.9478997001e-19	
945	1.9411401043e-19	
946	1.9354761483e-19	
947	1.9295774191e-19	
948	1.9250692665e-19	
949	1.9204498511e-19	
950	1.9172496642e-19	
951	1.9139222414e-19	
952	1.9120010090e-19	
953	1.9098325737e-19	
954	1.9087685692e-19	
955	1.9073957761e-19	
956	1.9072387726e-19	
957	1.9067007793e-19	
958	1.9074069065e-19	
959	1.9077997323e-19	
960	1.9092667752e-19	
961	1.9103598353e-19	
962	1.9126302278e-19	
963	1.9143765992e-19	
964	1.9174588659e-19	
965	1.9201445637e-19	
966	1.9239188306e-19	
967	1.9273670710e-19	
968	1.9318126911e-19	
969	1.9358712903e-19	
970	1.9407742966e-19	
971	1.9451909281e-19	
972	1.9505871894e-19	
973	1.9555840805e-19	
974	1.9616212075e-19	
975	1.9673045865e-19	
976	1.9737122912e-19	
977	1.9794916378e-19	
978	1.9859377575e-19	
979	1.9918368007e-19	
980	1.9984129804e-19	
981	2.0042067082e-19	
982	2.0105913798e-19	
983	2.0162473005e-19	
984	2.0222535920e-19	
985	2.0273234770e-19	
986	2.0327435817e-19	
987	2.0371360088e-19	
988	2.0417471566e-19	
989	2.0452537872e-19	
990	2.0487042596e-19	
991	2.0510662574e-19	
992	2.0533768664e-19	
993	2.0544174378e-19	
994	2.0552017472e-19	
995	2.0548055218e-19	
996	2.0541223082e-19	
997	2.0521483009e-19	
998	2.0498768522e-19	
999	2.0463787979e-19	
1000	2.0424251081e-19	
1001	2.0373465966e-19	
1002	2.0317138291e-19	
1003	2.0250159652e-19	
1004	2.0180563337e-19	
1005	2.0099709284e-19	
1006	2.0016386601e-19	
1007	1.9925511470e-19	
1008	1.9833588089e-19	
1009	1.9735525165e-19	
1010	1.9639426188e-19	
1011	1.9546178178e-19	
1012	1.9452020373e-19	
1013	1.9348240171e-19	
1014	1.9243660125e-19	
1015	1.9127018743e-19	
1016	1.9006323658e-19	
1017	1.8880843907e-19	
1018	1.8756618496e-19	
1019	1.8628490791e-19	
1020	1.8510109399e-19	
1021	1.8389460817e-19	
1022	1.8269263089e-19	
1023	1.8149527748e-19	
1024	1.8035541073e-19	
1025	1.7922966032e-19	
1026	1.7813196210e-19	
1027	1.7699093986e-19	
1028	1.7591411879e-19	
1029	1.7481638769e-19	
1030	1.7378223153e-19	
1031	1.7272351816e-19	
1032	1.7173592778e-19	
1033	1.7071932879e-19	
1034	1.6980300884e-19	
1035	1.6891522116e-19	
1036	1.6810296577e-19	
1037	1.6732879689e-19	
1038	1.6635341693e-19	
1039	1.6546341742e-19	
1040	1.6468601864e-19	
1041	1.6391395850e-19	
1042	1.6322577855e-19	
1043	1.6258937998e-19	
1044	1.6339795781e-19	
1045	1.6352286921e-19	
1046	1.6365966111e-19	
1047	1.6376524312e-19	
1048	1.6389937717e-19	
1049	1.6400293662e-19	
1050	1.6415577586e-19	
1051	1.6427081559e-19	
1052	1.6442230397e-19	
1053	1.6453921880e-19	
1054	1.6469296600e-19	
1055	1.6480549361e-19	
1056	1.6496047933e-19	
1057	1.6510366044e-19	
1058	1.6526907496e-19	
1059	1.6537577936e-19	
1060	1.6547736784e-19	
1061	1.6554811467e-19	
1062	1.6560857426e-19	
1063	1.6562912953e-19	
1064	1.6566028628e-19	
1065	1.6564433340e-19	
1066	1.6561483181e-19	
1067	1.6555867613e-19	
1068	1.6553945361e-19	
1069	1.6551350776e-19	
1070	1.6545463281e-19	
1071	1.6538577827e-19	
1072	1.6530638085e-19	
1073	1.6519667309e-19	
1074	1.6514465255e-19	
1075	1.6500921489e-19	
1076	1.6493335659e-19	
1077	1.6479229771e-19	
1078	1.6471083937e-19	
1079	1.6457858748e-19	
1080	1.6445859735e-19	
1081	1.6424549410e-19	
1082	1.6402124245e-19	
1083	1.6377702834e-19	
1084	1.6469891555e-19	
1085	1.6590857689e-19	
1086	1.6682773113e-19	
1087	1.6774084913e-19	
1088	1.6847232530e-19	
1089	1.6901171945e-19	
1090	1.6993935125e-19	
1091	1.7097628040e-19	
1092	1.7211944293e-19	
1093	1.7316201173e-19	
1094	1.7424690417e-19	
1095	1.7527842655e-19	
1096	1.7643615108e-19	
1097	1.7752544255e-19	
1098	1.7869774115e-19	
1099	1.7981298989e-19	
1100	1.8111166201e-19	
1101	1.8234076491e-19	
1102	1.8360536610e-19	
1103	1.8462587106e-19	
1104	1.8571766250e-19	
1105	1.8672474036e-19	
1106	1.8763278676e-19	
1107	1.8856686862e-19	
1108	1.8945894665e-19	
1109	1.9010179328e-19	
1110	1.9084935379e-19	
1111	1.9160295326e-19	
1112	1.9242225821e-19	
1113	1.9324658798e-19	
1114	1.9410582545e-19	
1115	1.9473740586e-19	
1116	1.9531376680e-19	
1117	1.9583528055e-19	
1118	1.9634396305e-19	
1119	1.9674976978e-19	
1120	1.9711775611e-19	
1121	1.9746853605e-19	
1122	1.9791053602e-19	
1123	1.9817636570e-19	
1124	1.9818849461e-19	
1125	1.9817435219e-19	
1126	1.9820600522e-19	
1127	1.9805251969e-19	
1128	1.9781349167e-19	
1129	1.9758244184e-19	
1130	1.9714196278e-19	
1131	1.9673451044e-19	
1132	1.9645355514e-19	
1133	1.9604723078e-19	
1134	1.9581730821e-19	
1135	1.9560944360e-19	
1136	1.9534587120e-19	
1137	1.9484950679e-19	
1138	1.9449377467e-19	
1139	1.9404425293e-19	
1140	1.9359004619e-19	
1141	1.9304206430e-19	
1142	1.9262341171e-19	
1143	1.9229457981e-19	
1144	1.9171139476e-19	
1145	1.9105340705e-19	
1146	1.9047530618e-19	
1147	1.8987591388e-19	
1148	1.8930154989e-19	
1149	1.8855973237e-19	
1150	1.8795752443e-19	
1151	1.8709582794e-19	
1152	1.8647384746e-19	
1153	1.8589832475e-19	
1154	1.8536739471e-19	
1155	1.8492501825e-19	
1156	1.8464035775e-19	
1157	1.8422651536e-19	
1158	1.8370368097e-19	
1159	1.8333378650e-19	
1160	1.8299447431e-19	
1161	1.8263732009e-19	
1162	1.8237182950e-19	
1163	1.8229847229e-19	
1164	1.8219439940e-19	
1165	1.8186650729e-19	
1166	1.8173096262e-19	
1167	1.8156358584e-19	
1168	1.8148537773e-19	
1169	1.8139829658e-19	
1170	1.8133324511e-19	
1171	1.8126372022e-19	
1172	1.8109583078e-19	
1173	1.8114316434e-19	
1174	1.8131303022e-19	
1175	1.8143413277e-19	
1176	1.8182727224e-19	
1177	1.8226013784e-19	
1178	1.8278880643e-19	
1179	1.8304311981e-19	
1180	1.8360244411e-19	
1181	1.8407421819e-19	
1182	1.8462715206e-19	
1183	1.8517565981e-19	
1184	1.8615794476e-19	
1185	1.8664430247e-19	
1186	1.8727659896e-19	
1187	1.8795853889e-19	
1188	1.8877720538e-19	
1189	1.8949160631e-19	
1190	1.9039760670e-19	
1191	1.9114287702e-19	
1192	1.9197632673e-19	
1193	1.9268488863e-19	
1194	1.9370277191e-19	
1195	1.9471492200e-19	
1196	1.9577514061e-19	
1197	1.9705673636e-19	
1198	1.9851723878e-19	
1199	1.9994863991e-19	
1200	2.0125387312e-19	
1201	2.0269023351e-19	
1202	2.0418606962e-19	
1203	2.0559593526e-19	
1204	2.0713376936e-19	
1205	2.0906651868e-19	
1206	2.1044043521e-19	
1207	2.1180605306e-19	
1208	2.1325808847e-19	
1209	2.1469545882e-19	
1210	2.1604866857e-19	
1211	2.1744650669e-19	
1212	2.1867250994e-19	
1213	2.1968939024e-19	
1214	2.2080090262e-19	
1215	2.2197967764e-19	
1216	2.2323376283e-19	
1217	2.2439792660e-19	
1218	2.2587634290e-19	
1219	2.2724769422e-19	
1220	2.2854759361e-19	
1221	2.2955996108e-19	
1222	2.3073563277e-19	
1223	2.3175528457e-19	
1224	2.3270883326e-19	
1225	2.3358044870e-19	
1226	2.3486714367e-19	
1227	2.3533418537e-19	
1228	2.3595921831e-19	
1229	2.3647563516e-19	
1230	2.3701458247e-19	
1231	2.3728825596e-19	
1232	2.3766005736e-19	
1233	2.3763053394e-19	
1234	2.3744008350e-19	
1235	2.3731706902e-19	
1236	2.3729839168e-19	
1237	2.3712472698e-19	
1238	2.3696781647e-19	
1239	2.3696165467e-19	
1240	2.3691890674e-19	
1241	2.3656269190e-19	
1242	2.3611195154e-19	
1243	2.3566789734e-19	
1244	2.3519255852e-19	
1245	2.3454653468e-19	
1246	2.3403295961e-19	
1247	2.3363336162e-19	
1248	2.3268280392e-19	
1249	2.3180721320e-19	
1250	2.3102305502e-19	
1251	2.3018543272e-19	
1252	2.2928075671e-19	
1253	2.2837251686e-19	
1254	2.2732296073e-19	
1255	2.2602735921e-19	
1256	2.2500623550e-19	
1257	2.2401820474e-19	
1258	2.2312205901e-19	
1259	2.2220847379e-19	
1260	2.2157360076e-19	
1261	2.2087476836e-19	
1262	2.2000832705e-19	
1263	2.1912884615e-19	
1264	2.1840279850e-19	
1265	2.1758297223e-19	
1266	2.1679869170e-19	
1267	2.1618341669e-19	
1268	2.1563420935e-19	
1269	2.1470591733e-19	
1270	2.1391292799e-19	
1271	2.1321550682e-19	
1272	2.1255022106e-19	
1273	2.1180302107e-19	
1274	2.1119851918e-19	
1275	2.1045008918e-19	
1276	2.0956947071e-19	
1277	2.0890976533e-19	
1278	2.0837877560e-19	
1279	2.0784016984e-19	
1280	2.0746869625e-19	
1281	2.0719967779e-19	
1282	2.0703795097e-19	
1283	2.0657158880e-19	
1284	2.0631060655e-19	
1285	2.0604759802e-19	
1286	2.0582146327e-19	
1287	2.0555936503e-19	
1288	2.0566440004e-19	
1289	2.0546150405e-19	
1290	2.0524211775e-19	
1291	2.0504071699e-19	
1292	2.0501123872e-19	
1293	2.0491684563e-19	
1294	2.0489166536e-19	
1295	2.0483994436e-19	
1296	2.0480608142e-19	
1297	2.0447838918e-19	
1298	2.0456108659e-19	
1299	2.0464083644e-19	
1300	2.0481813614e-19	
1301	2.0511678353e-19	
1302	2.0558501523e-19	
1303	2.0605415988e-19	
1304	2.0633217133e-19	
1305	2.0678327261e-19	
1306	2.0730334491e-19	
1307	2.0776071443e-19	
1308	2.0836875611e-19	
1309	2.0930703663e-19	
1310	2.0982028407e-19	
1311	2.1036320478e-19	
1312	2.1104024237e-19	
1313	2.1171965366e-19	
1314	2.1243089242e-19	
1315	2.1317019363e-19	
1316	2.1389853922e-19	
1317	2.1454265863e-19	
1318	2.1503778914e-19	
1319	2.1580051258e-19	
1320	2.1668007289e-19	
1321	2.1748706340e-19	
1322	2.1857595854e-19	
1323	2.1964065232e-19	
1324	2.2074530766e-19	
1325	2.2152045979e-19	
1326	2.2248838286e-19	
1327	2.2336831693e-19	
1328	2.2424381289e-19	
1329	2.2506622932e-19	
1330	2.2632276126e-19	
1331	2.2681092281e-19	
1332	2.2746744408e-19	
1333	2.2808820747e-19	
1334	2.2875769400e-19	
1335	2.2922467548e-19	
1336	2.2980400553e-19	
1337	2.3010765328e-19	
1338	2.3029155844e-19	
1339	2.3030698032e-19	
1340	2.3051046526e-19	
1341	2.3062771729e-19	
1342	2.3073396043e-19	
1343	2.3095330598e-19	
1344	2.3117338822e-19	
1345	2.3113382129e-19	
1346	2.3100568794e-19	
1347	2.3078117010e-19	
1348	2.3059938051e-19	
1349	2.3024775569e-19	
1350	2.3005209705e-19	
1351	2.2984936251e-19	
1352	2.2923638440e-19	
1353	2.2861574987e-19	
1354	2.2806223244e-19	
1355	2.2744801794e-19	
1356	2.2675402519e-19	
1357	2.2611788838e-19	
1358	2.2524440617e-19	
1359	2.2413193041e-19	
1360	2.2321424512e-19	
1361	2.2236137302e-19	
1362	2.2157237984e-19	
1363	2.2074107519e-19	
1364	2.2010435533e-19	
1365	2.1945766216e-19	
1366	2.1855846897e-19	
1367	2.1769622644e-19	
1368	2.1685641064e-19	
1369	2.1596740536e-19	
1370	2.1513372135e-19	
1371	2.1452485467e-19	
1372	2.1365472686e-19	
1373	2.1266728236e-19	
1374	2.1176975248e-19	
1375	2.1089372301e-19	
1376	2.1006795509e-19	
1377	2.0917732967e-19	
1378	2.0840021398e-19	
1379	2.0744038123e-19	
1380	2.0628500598e-19	
1381	2.0544640264e-19	
1382	2.0470479724e-19	
1383	2.0392792297e-19	
1384	2.0337140120e-19	
1385	2.0285915658e-19	
1386	2.0242286419e-19	
1387	2.0169285179e-19	
1388	2.0118982826e-19	
1389	2.0057699877e-19	
1390	2.0004385584e-19	
1391	1.9950540393e-19	
1392	1.9934884760e-19	
1393	1.9861488556e-19	
1394	1.9806447146e-19	
1395	1.9753596665e-19	
1396	1.9709531784e-19	
1397	1.9659588554e-19	
1398	1.9618228299e-19	
1399	1.9570026765e-19	
1400	1.9522527793e-19	
1401	1.9449212631e-19	
1402	1.9411736878e-19	
1403	1.9378505620e-19	
1404	1.9350267495e-19	
1405	1.9337168079e-19	
1406	1.9337200122e-19	
1407	1.9324006418e-19	
1408	1.9312413149e-19	
1409	1.9297820584e-19	
1410	1.9291707871e-19	
1411	1.9285673840e-19	
1412	1.9293147503e-19	
1413	1.9308025675e-19	
1414	1.9298328225e-19	
1415	1.9292096140e-19	
1416	1.9298263067e-19	
1417	1.9304202218e-19	
1418	1.9309798814e-19	
1419	1.9322001397e-19	
1420	1.9324259634e-19	
1421	1.9310539550e-19	
1422	1.9312623009e-19	
1423	1.9323000662e-19	
1424	1.9346895414e-19	
1425	1.9372752252e-19	
1426	1.9418632765e-19	
1427	1.9464968535e-19	
1428	1.9496147752e-19	
1429	1.9537701187e-19	
1430	1.9575929469e-19	
1431	1.9615842955e-19	
1432	1.9661621005e-19	
1433	1.9728196425e-19	
1434	1.9769781209e-19	
1435	1.9801927368e-19	
1436	1.9847218335e-19	
1437	1.9890823863e-19	
1438	1.9935552033e-19	
1439	1.9975891830e-19	
1440	2.0021624001e-19	
1441	2.0054644909e-19	
1442	2.0066358439e-19	
1443	2.0102423451e-19	
1444	2.0148069877e-19	
1445	2.0186332700e-19	
1446	2.0244975407e-19	
1447	2.0308913515e-19	
1448	2.0369619587e-19	
1449	2.0406581891e-19	
1450	2.0457494210e-19	
1451	2.0494618432e-19	
1452	2.0537518507e-19	
1453	2.0574016799e-19	
1454	2.0646431205e-19	
1455	2.0659904950e-19	
1456	2.0683464533e-19	
1457	2.0703489143e-19	
1458	2.0728979336e-19	
1459	2.0734272498e-19	
1460	2.0752504514e-19	
1461	2.0748585306e-19	
1462	2.0735298264e-19	
1463	2.0708720555e-19	
1464	2.0702493008e-19	
1465	2.0697360436e-19	
1466	2.0691885342e-19	
1467	2.0697528833e-19	
1468	2.0708480552e-19	
1469	2.0694988241e-19	
1470	2.0682508261e-19	
1471	2.0659405993e-19	
1472	2.0640689189e-19	
1473	2.0615482670e-19	
1474	2.0604222258e-19	
1475	2.0588320060e-19	
1476	2.0543074645e-19	
1477	2.0501801360e-19	
1478	2.0466628588e-19	
1479	2.0426456110e-19	
1480	2.0379895593e-19	
1481	2.0341396914e-19	
1482	2.0284439161e-19	
1483	2.0205255726e-19	
1484	2.0148135989e-19	
1485	2.0092778327e-19	
1486	2.0044864619e-19	
1487	2.0000431347e-19	
1488	1.9973750896e-19	
1489	1.9943978779e-19	
1490	1.9892940231e-19	
1491	1.9853260032e-19	
1492	1.9807903180e-19	
1493	1.9762278222e-19	
1494	1.9721779504e-19	
1495	1.9704773844e-19	
1496	1.9653965505e-19	
1497	1.9597703705e-19	
1498	1.9550829122e-19	
1499	1.9504857195e-19	
1500	1.9458014500e-19	
1501	1.9409653332e-19	
1502	1.9366140037e-19	
1503	1.9313581509e-19	
1504	1.9239266467e-19	
1505	1.9191410951e-19	
1506	1.9155171684e-19	
1507	1.9113416179e-19	
1508	1.9094363061e-19	
1509	1.9079158975e-19	
1510	1.9064886374e-19	
1511	1.9030734008e-19	
1512	1.9012192124e-19	
1513	1.8984964613e-19	
1514	1.8966715321e-19	
1515	1.8945993290e-19	
1516	1.8962549027e-19	
1517	1.8925531517e-19	
1518	1.8906005935e-19	
1519	1.8887678114e-19	
1520	1.8879986039e-19	
1521	1.8860407968e-19	
1522	1.8856255348e-19	
1523	1.8838088518e-19	
1524	1.8816956890e-19	
1525	1.8787419510e-19	
1526	1.8782650344e-19	
1527	1.8783573018e-19	
1528	1.8790415615e-19	
1529	1.8811299592e-19	
1530	1.8843786689e-19	
1531	1.8857693759e-19	
1532	1.8881252427e-19	
1533	1.8898060059e-19	
1534	1.8924778686e-19	
1535	1.8949692807e-19	
1536	1.8995142297e-19	
1537	1.9031824469e-19	
1538	1.9053686996e-19	
1539	1.9080091471e-19	
1540	1.9114077440e-19	
1541	1.9148244379e-19	
1542	1.9182226837e-19	
1543	1.9221841629e-19	
1544	1.9249588527e-19	
1545	1.9256545537e-19	
1546	1.9291132546e-19	
1547	1.9328075597e-19	
1548	1.9374291822e-19	
1549	1.9424473822e-19	
1550	1.9493356473e-19	
1551	1.9559453608e-19	
1552	1.9605966745e-19	
1553	1.9665204848e-19	
1554	1.9719542913e-19	
1555	1.9772358840e-19	
1556	1.9829158117e-19	
1557	1.9909677726e-19	
1558	1.9956296110e-19	
1559	1.9995899150e-19	
1560	2.0046271084e-19	
1561	2.0095590935e-19	
1562	2.0140596158e-19	
1563	2.0186189840e-19	
1564	2.0225832891e-19	
1565	2.0255997489e-19	
1566	2.0265274954e-19	
1567	2.0299287459e-19	
1568	2.0340475921e-19	
1569	2.0370948414e-19	
1570	2.0425271982e-19	
1571	2.0479135821e-19	
1572	2.0533902500e-19	
1573	2.0559414594e-19	
1574	2.0598978395e-19	
1575	2.0626983798e-19	
1576	2.0656399750e-19	
1577	2.0681790437e-19	
1578	2.0745176854e-19	
1579	2.0742783973e-19	
1580	2.0754285941e-19	
1581	2.0762897908e-19	
1582	2.0778141404e-19	
1583	2.0774257438e-19	
1584	2.0783846115e-19	
1585	2.0770613796e-19	
1586	2.0748950879e-19	
1587	2.0716376597e-19	
1588	2.0704765110e-19	
1589	2.0693718832e-19	
1590	2.0682375207e-19	
1591	2.0686634637e-19	
1592	2.0694385192e-19	
1593	2.0682487451e-19	
1594	2.0667118079e-19	
1595	2.0646727562e-19	
1596	2.0633078439e-19	
1597	2.0610395096e-19	
1598	2.0603488712e-19	
1599	2.0597380403e-19	
1600	2.0557722054e-19	
1601	2.0522647524e-19	
1602	2.0495374884e-19	
1603	2.0464854043e-19	
1604	2.0428617185e-19	
1605	2.0401173528e-19	
1606	2.0354675407e-19	
1607	2.0288248547e-19	
1608	2.0243187319e-19	
1609	2.0203384423e-19	
1610	2.0170631534e-19	
1611	2.0138188928e-19	
1612	2.0126611721e-19	
1613	2.0115046105e-19	
1614	2.0082096629e-19	
1615	2.0055580718e-19	
1616	2.0031356378e-19	
1617	2.0003847329e-19	
1618	1.9980338125e-19	
1619	1.9978738797e-19	
1620	1.9953097032e-19	
1621	1.9916706251e-19	
1622	1.9890657927e-19	
1623	1.9865557445e-19	
1624	1.9844439189e-19	
1625	1.9818476337e-19	
1626	1.9799661979e-19	
1627	1.9766902071e-19	
1628	1.9714487021e-19	
1629	1.9689545996e-19	
1630	1.9674313683e-19	
1631	1.9654557344e-19	
1632	1.9656265746e-19	
1633	1.9662166331e-19	
1634	1.9676968101e-19	
1635	1.9662509268e-19	
1636	1.9670509059e-19	
1637	1.9669175842e-19	
1638	1.9672547459e-19	
1639	1.9676666276e-19	
1640	1.9717854080e-19	
1641	1.9704680908e-19	
1642	1.9706765791e-19	
1643	1.9710533225e-19	
1644	1.9723852885e-19	
1645	1.9728724104e-19	
1646	1.9744331097e-19	
1647	1.9747713060e-19	
1648	1.9751708325e-19	
1649	1.9732353014e-19	
1650	1.9746967256e-19	
1651	1.9763550677e-19	
1652	1.9782834783e-19	
1653	1.9819744517e-19	
1654	1.9866130999e-19	
1655	1.9905566258e-19	
1656	1.9933809254e-19	
1657	1.9966380216e-19	
1658	2.0003776869e-19	
1659	2.0035692107e-19	
1660	2.0079053232e-19	
1661	2.0146006105e-19	
1662	2.0167569080e-19	
1663	2.0197346652e-19	
1664	2.0236869709e-19	
1665	2.0276145367e-19	
1666	2.0310765171e-19	
1667	2.0352880384e-19	
1668	2.0381810042e-19	
1669	2.0394676210e-19	
1670	2.0416530849e-19	
1671	2.0449173483e-19	
1672	2.0492843896e-19	
1673	2.0531590908e-19	
1674	2.0597090401e-19	
1675	2.0660145689e-19	
1676	2.0709682115e-19	
1677	2.0753982826e-19	
1678	2.0800402284e-19	
1679	2.0844806222e-19	
1680	2.0888526963e-19	
1681	2.0945712101e-19	
1682	2.1000096702e-19	
1683	2.1021669053e-19	
1684	2.1052718548e-19	
1685	2.1082682016e-19	
1686	2.1115167434e-19	
1687	2.1134752329e-19	
1688	2.1166380760e-19	
1689	2.1171224901e-19	
1690	2.1158435737e-19	
1691	2.1164413172e-19	
1692	2.1178887211e-19	
1693	2.1187937026e-19	
1694	2.1207449476e-19	
1695	2.1234384525e-19	
1696	2.1268109120e-19	
1697	2.1265012829e-19	
1698	2.1276544157e-19	
1699	2.1278150667e-19	
1700	2.1280551273e-19	
1701	2.1276833808e-19	
1702	2.1305548638e-19	
1703	2.1289259996e-19	
1704	2.1270604394e-19	
1705	2.1251317889e-19	
1706	2.1237870690e-19	
1707	2.1216507078e-19	
1708	2.1196677042e-19	
1709	2.1168852565e-19	
1710	2.1135295034e-19	
1711	2.1067599842e-19	
1712	2.1036957917e-19	
1713	2.1004856157e-19	
1714	2.0972441089e-19	
1715	2.0955732477e-19	
1716	2.0946124431e-19	
1717	2.0934954219e-19	
1718	2.0897562645e-19	
1719	2.0872930899e-19	
1720	2.0846710752e-19	
1721	2.0814072048e-19	
1722	2.0788218306e-19	
1723	2.0793751611e-19	
1724	2.0746002524e-19	
1725	2.0706645533e-19	
1726	2.0675583373e-19	
1727	2.0643322602e-19	
1728	2.0609845258e-19	
1729	2.0578269111e-19	
1730	2.0539000468e-19	
1731	2.0492498925e-19	
1732	2.0431883593e-19	
1733	2.0395386855e-19	
1734	2.0367060155e-19	
1735	2.0334375663e-19	
1736	2.0327600871e-19	
1737	2.0319111969e-19	
1738	2.0309390347e-19	
1739	2.0282453980e-19	
1740	2.0266369135e-19	
1741	2.0248216818e-19	
1742	2.0232111344e-19	
1743	2.0220239060e-19	
1744	2.0233906145e-19	
1745	2.0198411541e-19	
1746	2.0178556813e-19	
1747	2.0161125905e-19	
1748	2.0150821211e-19	
1749	2.0130009699e-19	
1750	2.0123878628e-19	
1751	2.0097938672e-19	
1752	2.0064343325e-19	
1753	2.0032650638e-19	
1754	2.0020920601e-19	
1755	2.0011773944e-19	
1756	2.0009226493e-19	
1757	2.0021891581e-19	
1758	2.0042265978e-19	
1759	2.0040292945e-19	
1760	2.0048598757e-19	
1761	2.0050224927e-19	
1762	2.0060353925e-19	
1763	2.0065818860e-19	
1764	2.0096646217e-19	
1765	2.0108698550e-19	
1766	2.0108976986e-19	
1767	2.0112701224e-19	
1768	2.0126561046e-19	
1769	2.0136661623e-19	
1770	2.0147186934e-19	
1771	2.0163268740e-19	
1772	2.0166650691e-19	
1773	2.0145931097e-19	
1774	2.0156973129e-19	
1775	2.0169940870e-19	
1776	2.0188976749e-19	
1777	2.0216293588e-19	
1778	2.0258954080e-19	
1779	2.0302536390e-19	
1780	2.0322643262e-19	
1781	2.0357155513e-19	
1782	2.0388372546e-19	
1783	2.0415594779e-19	
1784	2.0449713781e-19	
1785	2.0511154006e-19	
1786	2.0529310925e-19	
1787	2.0548261634e-19	
1788	2.0576926717e-19	
1789	2.0605672351e-19	
1790	2.0633297687e-19	
1791	2.0660126021e-19	
1792	2.0682187377e-19	
1793	2.0693996617e-19	
1794	2.0683571155e-19	
1795	2.0700378370e-19	
1796	2.0724906740e-19	
1797	2.0740307742e-19	
1798	2.0779838429e-19	
1799	2.0818607283e-19	
1800	2.0858248504e-19	
1801	2.0868526714e-19	
1802	2.0892578676e-19	
1803	2.0907432913e-19	
1804	2.0923955747e-19	
1805	2.0938006770e-19	
1806	2.0989112308e-19	
1807	2.0975641459e-19	
1808	2.0976605825e-19	
1809	2.0977132161e-19	
1810	2.0983628899e-19	
1811	2.0975007077e-19	
1812	2.0978497156e-19	
1813	2.0960521324e-19	
1814	2.0934145120e-19	
1815	2.0898450846e-19	
1816	2.0884651559e-19	
1817	2.0872479464e-19	
1818	2.0861611984e-19	
1819	2.0866095494e-19	
1820	2.0875594845e-19	
1821	2.0864676396e-19	
1822	2.0853493588e-19	
1823	2.0835890724e-19	
1824	2.0824967827e-19	
1825	2.0806412550e-19	
1826	2.0806055172e-19	
1827	2.0800218499e-19	
1828	2.0767512434e-19	
1829	2.0737897727e-19	
1830	2.0716600025e-19	
1831	2.0691822167e-19	
1832	2.0662332978e-19	
1833	2.0643397750e-19	
1834	2.0603246065e-19	
1835	2.0542998653e-19	
1836	2.0505901534e-19	
1837	2.0472550706e-19	
1838	2.0445328258e-19	
1839	2.0421279245e-19	
1840	2.0415233543e-19	
1841	2.0409301123e-19	
1842	2.0379285230e-19	
1843	2.0359645038e-19	
1844	2.0338071299e-19	
1845	2.0313354285e-19	
1846	2.0293500926e-19	
1847	2.0297911246e-19	
1848	2.0267555435e-19	
1849	2.0233450254e-19	
1850	2.0207574796e-19	
1851	2.0182573189e-19	
1852	2.0158879640e-19	
1853	2.0132657284e-19	
1854	2.0109172204e-19	
1855	2.0074267042e-19	
1856	2.0016639689e-19	
1857	1.9987903630e-19	
1858	1.9967973551e-19	
1859	1.9941978986e-19	
1860	1.9939565743e-19	
1861	1.9938962543e-19	
1862	1.9944446564e-19	
1863	1.9922382347e-19	
1864	1.9920802450e-19	
1865	1.9909047451e-19	
1866	1.9903298329e-19	
1867	1.9897353686e-19	
1868	1.9929099533e-19	
1869	1.9902230746e-19	
1870	1.9891767640e-19	
1871	1.9884332366e-19	
1872	1.9884957840e-19	
1873	1.9875899259e-19	
1874	1.9878175799e-19	
1875	1.9866855166e-19	
1876	1.9852175858e-19	
1877	1.9822648094e-19	
1878	1.9820626208e-19	
1879	1.9822701787e-19	
1880	1.9827133681e-19	
1881	1.9848182449e-19	
1882	1.9877435538e-19	
1883	1.9893461078e-19	
1884	1.9907618693e-19	
1885	1.9918244046e-19	
1886	1.9936239797e-19	
1887	1.9950168004e-19	
1888	1.9978809458e-19	
1889	2.0012039753e-19	
1890	2.0015536923e-19	
1891	2.0024422101e-19	
1892	2.0041456046e-19	
1893	2.0057699924e-19	
1894	2.0068670066e-19	
1895	2.0090471897e-19	
1896	2.0093494080e-19	
1897	2.0078970814e-19	
1898	2.0082170518e-19	
1899	2.0091291179e-19	
1900	2.0109471957e-19	
1901	2.0128118382e-19	
1902	2.0165951091e-19	
1903	2.0204320377e-19	
1904	2.0221358532e-19	
1905	2.0245828266e-19	
1906	2.0267270005e-19	
1907	2.0287623334e-19	
1908	2.0310832842e-19	
1909	2.0355079262e-19	
1910	2.0373382153e-19	
1911	2.0380272724e-19	
1912	2.0395823899e-19	
1913	2.0410765589e-19	
1914	2.0426097222e-19	
1915	2.0436476889e-19	
1916	2.0449230361e-19	
1917	2.0449147704e-19	
1918	2.0424835647e-19	
1919	2.0428121338e-19	
1920	2.0437896202e-19	
1921	2.0440883804e-19	
1922	2.0463995457e-19	
1923	2.0489196010e-19	
1924	2.0518976226e-19	
1925	2.0517344393e-19	
1926	2.0535968026e-19	
1927	2.0541403353e-19	
1928	2.0549579905e-19	
1929	2.0556059811e-19	
1930	2.0597844217e-19	
1931	2.0582238269e-19	
1932	2.0575765218e-19	
1933	2.0571637243e-19	
1934	2.0573323581e-19	
1935	2.0562406568e-19	
1936	2.0560822730e-19	
1937	2.0543310062e-19	
1938	2.0523006725e-19	
1939	2.0479283128e-19	
1940	2.0465540645e-19	
1941	2.0452373380e-19	
1942	2.0438624352e-19	
1943	2.0441414949e-19	
1944	2.0449924611e-19	
1945	2.0447711106e-19	
1946	2.0433560307e-19	
1947	2.0420720235e-19	
1948	2.0410751883e-19	
1949	2.0395261066e-19	
1950	2.0388595767e-19	
1951	2.0400096755e-19	
1952	2.0367093169e-19	
1953	2.0341474444e-19	
1954	2.0323830504e-19	
1955	2.0304712243e-19	
1956	2.0279647568e-19	
1957	2.0262579080e-19	
1958	2.0230738153e-19	
1959	2.0182313932e-19	
1960	2.0143674764e-19	
1961	2.0115640840e-19	
1962	2.0096656476e-19	
1963	2.0076203694e-19	
1964	2.0077478324e-19	
1965	2.0078302832e-19	
1966	2.0062419793e-19	
1967	2.0049451151e-19	
1968	2.0036182926e-19	
1969	2.0023264720e-19	
1970	2.0013094106e-19	
1971	2.0020220169e-19	
1972	2.0014528747e-19	
1973	1.9989964506e-19	
1974	1.9975863785e-19	
1975	1.9963421093e-19	
1976	1.9954765158e-19	
1977	1.9938115536e-19	
1978	1.9933691495e-19	
1979	1.9910408133e-19	
1980	1.9869456860e-19	
1981	1.9852955578e-19	
1982	1.9844788490e-19	
1983	1.9835008367e-19	
1984	1.9840698412e-19	
1985	1.9854528254e-19	
1986	1.9875647070e-19	
1987	1.9866816734e-19	
1988	1.9880215504e-19	
1989	1.9882184448e-19	
1990	1.9888717354e-19	
1991	1.9895019136e-19	
1992	1.9935528103e-19	
1993	1.9926448955e-19	
1994	1.9926342022e-19	
1995	1.9928809317e-19	
1996	1.9939008328e-19	
1997	1.9940971538e-19	
1998	1.9950822510e-19	
1999	1.9950677544e-19	
2000	1.9948881790e-19	
2001	1.9920204713e-19	
2002	1.9926129813e-19	
2003	1.9933801683e-19	
2004	1.9941417428e-19	
2005	1.9966416938e-19	
2006	1.9999543369e-19	
2007	2.0027049706e-19	
2008	2.0038893926e-19	
2009	2.0057181243e-19	
2010	2.0076290762e-19	
2011	2.0092276560e-19	
2012	2.0114161079e-19	
2013	2.0165270692e-19	
2014	2.0165213613e-19	
2015	2.0174480626e-19	
2016	2.0191527396e-19	
2017	2.0209031421e-19	
2018	2.0220248414e-19	
2019	2.0239058379e-19	
2020	2.0245015603e-19	
2021	2.0236154867e-19	
2022	2.0230761484e-19	
2023	2.0238645635e-19	
2024	2.0256959264e-19	
2025	2.0270851687e-19	
2026	2.0307201516e-19	
2027	2.0342445637e-19	
2028	2.0364517001e-19	
2029	2.0383352794e-19	
2030	2.0402184963e-19	
2031	2.0420861624e-19	
2032	2.0440086240e-19	
2033	2.0471991915e-19	
2034	2.0500710568e-19	
2035	2.0500051724e-19	
2036	2.0509802884e-19	
2037	2.0519790714e-19	
2038	2.0532393801e-19	
2039	2.0533299473e-19	
2040	2.0548634994e-19	
2041	2.0537824141e-19	
2042	2.0511053564e-19	
2043	2.0503180566e-19	
2044	2.0503749877e-19	
2045	2.0502138177e-19	
2046	2.0510906781e-19	
2047	2.0528872435e-19	
2048	2.0553215263e-19	
2049	2.0545040975e-19	
2050	2.0554043182e-19	
2051	2.0552472955e-19	
2052	2.0553500194e-19	
2053	2.0551126335e-19	
2054	2.0580552803e-19	
2055	2.0564726819e-19	
2056	2.0551723475e-19	
2057	2.0539513850e-19	
2058	2.0533213733e-19	
2059	2.0519390154e-19	
2060	2.0510199734e-19	
2061	2.0492369089e-19	
2062	2.0470950687e-19	
2063	2.0418068136e-19	
2064	2.0401689033e-19	
2065	2.0385242142e-19	
2066	2.0367703288e-19	
2067	2.0367825338e-19	
2068	2.0374319971e-19	
2069	2.0379282562e-19	
2070	2.0360368177e-19	
2071	2.0355330456e-19	
2072	2.0346610700e-19	
2073	2.0334161337e-19	
2074	2.0328392497e-19	
2075	2.0353595010e-19	
2076	2.0323012931e-19	
2077	2.0302568921e-19	
2078	2.0291165156e-19	
2079	2.0279648194e-19	
2080	2.0264256898e-19	
2081	2.0253253982e-19	
2082	2.0233321405e-19	
2083	2.0203263204e-19	
2084	2.0164169379e-19	
2085	2.0146051927e-19	
2086	2.0136737513e-19	
2087	2.0122880162e-19	
2088	2.0133173545e-19	
2089	2.0142873471e-19	
2090	2.0146539775e-19	
2091	2.0138952612e-19	
2092	2.0136299618e-19	
2093	2.0133652267e-19	
2094	2.0132207913e-19	
2095	2.0138312022e-19	
2096	2.0158552748e-19	
2097	2.0138072134e-19	
2098	2.0130942646e-19	
2099	2.0125502677e-19	
2100	2.0125539089e-19	
2101	2.0114318486e-19	
2102	2.0119222047e-19	
2103	2.0100535435e-19	
2104	2.0071115526e-19	
2105	2.0051515927e-19	
2106	2.0046130521e-19	
2107	2.0042724882e-19	
2108	2.0046648863e-19	
2109	2.0064375946e-19	
2110	2.0089287230e-19	
2111	2.0087823996e-19	
2112	2.0099571277e-19	
2113	2.0103879107e-19	
2114	2.0114158394e-19	
2115	2.0120577978e-19	
2116	2.0154612140e-19	
2117	2.0160798293e-19	
2118	2.0160693036e-19	
2119	2.0163153477e-19	
2120	2.0173709874e-19	
2121	2.0180018490e-19	
2122	2.0187506439e-19	
2123	2.0194808348e-19	
2124	2.0194391140e-19	
2125	2.0165795615e-19	
2126	2.0171721468e-19	
2127	2.0178238876e-19	
2128	2.0187467936e-19	
2129	2.0208796832e-19	
2130	2.0241782082e-19	
2131	2.0274982159e-19	
2132	2.0283766353e-19	
2133	2.0307644895e-19	
2134	2.0326789498e-19	
2135	2.0342247531e-19	
2136	2.0364042980e-19	
2137	2.0414397376e-19	
2138	2.0416463024e-19	
2139	2.0422557230e-19	
2140	2.0437312638e-19	
2141	2.0451662010e-19	
2142	2.0462734771e-19	
2143	2.0475640785e-19	
2144	2.0481158680e-19	
2145	2.0477872079e-19	
2146	2.0455328792e-19	
2147	2.0458660885e-19	
2148	2.0468990236e-19	
2149	2.0471871756e-19	
2150	2.0498281577e-19	
2151	2.0524445982e-19	
2152	2.0549119040e-19	
2153	2.0550994672e-19	
2154	2.0563665868e-19	
2155	2.0570880047e-19	
2156	2.0578912601e-19	
2157	2.0586831771e-19	
2158	2.0627182401e-19	
2159	2.0608888642e-19	
2160	2.0605595908e-19	
2161	2.0603223392e-19	
2162	2.0606285265e-19	
2163	2.0595954316e-19	
2164	2.0599019989e-19	
2165	2.0580834941e-19	
2166	2.0553097971e-19	
2167	2.0524410302e-19	
2168	2.0514318593e-19	
2169	2.0506550077e-19	
2170	2.0501396010e-19	
2171	2.0512401139e-19	
2172	2.0528090152e-19	
2173	2.0522727783e-19	
2174	2.0521499592e-19	
2175	2.0514407502e-19	
2176	2.0513905337e-19	
2177	2.0507008109e-19	
2178	2.0521084738e-19	
2179	2.0523274533e-19	
2180	2.0504934963e-19	
2181	2.0490423034e-19	
2182	2.0483838277e-19	
2183	2.0473795873e-19	
2184	2.0459916810e-19	
2185	2.0453996206e-19	
2186	2.0430081719e-19	
2187	2.0383832420e-19	
2188	2.0364791361e-19	
2189	2.0348270626e-19	
2190	2.0336297072e-19	
2191	2.0330285579e-19	
2192	2.0340132786e-19	
2193	2.0350881926e-19	
2194	2.0336094848e-19	
2195	2.0334140616e-19	
2196	2.0328734328e-19	
2197	2.0319940691e-19	
2198	2.0315886537e-19	
2199	2.0338402069e-19	
2200	2.0320170978e-19	
2201	2.0301755958e-19	
2202	2.0290779012e-19	
2203	2.0280398466e-19	
2204	2.0269879649e-19	
2205	2.0258429103e-19	
2206	2.0245690230e-19	
2207	2.0223293321e-19	
2208	2.0176902152e-19	
2209	2.0161181643e-19	
2210	2.0152514150e-19	
2211	2.0137240794e-19	
2212	2.0146105340e-19	
2213	2.0155877465e-19	
2214	2.0170265295e-19	
2215	2.0156990897e-19	
2216	2.0162396373e-19	
2217	2.0159199579e-19	
2218	2.0159661540e-19	
2219	2.0160573318e-19	
2220	2.0198748086e-19	
2221	2.0176412372e-19	
2222	2.0171086392e-19	
2223	2.0168327078e-19	
2224	2.0172692098e-19	
2225	2.0166695375e-19	
2226	2.0172347688e-19	
2227	2.0162533396e-19	
2228	2.0147511446e-19	
2229	2.0121470311e-19	
2230	2.0120196260e-19	
2231	2.0123099032e-19	
2232	2.0127957533e-19	
2233	2.0150116456e-19	
2234	2.0178342144e-19	
2235	2.0192196614e-19	
2236	2.0204468183e-19	
2237	2.0212975298e-19	
2238	2.0228565769e-19	
2239	2.0238865662e-19	
2240	2.0265085589e-19	
2241	2.0292504342e-19	
2242	2.0290366688e-19	
2243	2.0293908043e-19	
2244	2.0304850810e-19	
2245	2.0314312007e-19	
2246	2.0317781695e-19	
2247	2.0332294234e-19	
2248	2.0325898809e-19	
2249	2.0301665746e-19	
2250	2.0296535424e-19	
2251	2.0296753194e-19	
2252	2.0304151167e-19	
2253	2.0313103159e-19	
2254	2.0340203828e-19	
2255	2.0367912925e-19	
2256	2.0372349637e-19	
2257	2.0385232283e-19	
2258	2.0395165023e-19	
2259	2.0403473008e-19	
2260	2.0413794448e-19	
2261	2.0447119182e-19	
2262	2.0451286748e-19	
2263	2.0446071168e-19	
2264	2.0448737699e-19	
2265	2.0452000478e-19	
2266	2.0455434876e-19	
2267	2.0454998318e-19	
2268	2.0456109163e-19	
2269	2.0445644518e-19	
2270	2.0410417631e-19	
2271	2.0404412971e-19	
2272	2.0404736418e-19	
2273	2.0399162118e-19	
2274	2.0414260130e-19	
2275	2.0432243698e-19	
2276	2.0455403984e-19	
2277	2.0447923707e-19	
2278	2.0460704464e-19	
2279	2.0462542424e-19	
2280	2.0466573353e-19	
2281	2.0470689751e-19	
2282	2.0510214136e-19	
2283	2.0491781417e-19	
2284	2.0485496882e-19	
2285	2.0481702215e-19	
2286	2.0483757730e-19	
2287	2.0475473972e-19	
2288	2.0475979458e-19	
2289	2.0461851392e-19	
2290	2.0445360529e-19	
2291	2.0406254085e-19	
2292	2.0397253326e-19	
2293	2.0389780311e-19	
2294	2.0381887917e-19	
2295	2.0391413215e-19	
2296	2.0406770423e-19	
2297	2.0412223318e-19	
2298	2.0405634254e-19	
2299	2.0401084849e-19	
2300	2.0399435598e-19	
2301	2.0392707440e-19	
2302	2.0394905741e-19	
2303	2.0415297426e-19	
2304	2.0391262998e-19	
2305	2.0375060199e-19	
2306	2.0366419180e-19	
2307	2.0356922907e-19	
2308	2.0341291226e-19	
2309	2.0333738632e-19	
2310	2.0310813999e-19	
2311	2.0271810747e-19	
2312	2.0241922314e-19	
2313	2.0223155867e-19	
2314	2.0212916552e-19	
2315	2.0201495017e-19	
2316	2.0211174507e-19	
2317	2.0220812314e-19	
2318	2.0213246359e-19	
2319	2.0208530562e-19	
2320	2.0203019943e-19	
2321	2.0198185819e-19	
2322	2.0194930478e-19	
2323	2.0209634393e-19	
2324	2.0211025246e-19	
2325	2.0193073536e-19	
2326	2.0185222387e-19	
2327	2.0179285262e-19	
2328	2.0176059801e-19	
2329	2.0165373660e-19	
2330	2.0165884051e-19	
2331	2.0147406258e-19	
2332	2.0110115125e-19	
2333	2.0098163772e-19	
2334	2.0093585768e-19	
2335	2.0087339794e-19	
2336	2.0096101997e-19	
2337	2.0112916611e-19	
2338	2.0136597761e-19	
2339	2.0129593853e-19	
2340	2.0144044483e-19	
2341	2.0147608463e-19	
2342	2.0154229641e-19	
2343	2.0161052690e-19	
2344	2.0201242803e-19	
2345	2.0191380283e-19	
2346	2.0189653633e-19	
2347	2.0190507860e-19	
2348	2.0197872955e-19	
2349	2.0197452894e-19	
2350	2.0203698630e-19	
2351	2.0200011358e-19	
2352	2.0193519543e-19	
2353	2.0159443377e-19	
2354	2.0159906736e-19	
2355	2.0161776168e-19	
2356	2.0162547714e-19	
2357	2.0181150510e-19	
2358	2.0206535147e-19	
2359	2.0227435009e-19	
2360	2.0230146506e-19	
2361	2.0240412526e-19	
2362	2.0250302336e-19	
2363	2.0257079880e-19	
2364	2.0269094711e-19	
2365	2.0311065039e-19	
2366	2.0299755816e-19	
2367	2.0298563649e-19	
2368	2.0304674080e-19	
2369	2.0311625455e-19	
2370	2.0311910113e-19	
2371	2.0319681214e-19	
2372	2.0314656471e-19	
2373	2.0295948678e-19	
2374	2.0277961975e-19	
2375	2.0275075780e-19	
2376	2.0281957946e-19	
2377	2.0285087224e-19	
2378	2.0310269796e-19	
2379	2.0335216385e-19	
2380	2.0346914236e-19	
2381	2.0355743608e-19	
2382	2.0364191562e-19	
2383	2.0373641820e-19	
2384	2.0383271802e-19	
2385	2.0405913635e-19	
2386	2.0426211517e-19	
2387	2.0417443405e-19	
2388	2.0418874634e-19	
2389	2.0421654496e-19	
2390	2.0426927071e-19	
2391	2.0421538517e-19	
2392	2.0431288572e-19	
2393	2.0414817431e-19	
2394	2.0383557053e-19	
2395	2.0370593973e-19	
2396	2.0366634547e-19	
2397	2.0361796143e-19	
2398	2.0366986061e-19	
2399	2.0382391036e-19	
2400	2.0403973253e-19	
2401	2.0394554021e-19	
2402	2.0402252909e-19	
2403	2.0400101014e-19	
2404	2.0400775770e-19	
2405	2.0399159020e-19	
2406	2.0428732834e-19	
2407	2.0414512970e-19	
2408	2.0402939028e-19	
2409	2.0393191904e-19	
2410	2.0389232776e-19	
2411	2.0378876560e-19	
2412	2.0372753310e-19	
2413	2.0359254274e-19	
2414	2.0341982172e-19	
2415	2.0294084514e-19	
2416	2.0282153632e-19	
2417	2.0271081524e-19	
2418	2.0258900344e-19	
2419	2.0264510825e-19	
2420	2.0276723565e-19	
2421	2.0287992243e-19	
2422	2.0275668706e-19	
2423	2.0277362527e-19	
2424	2.0275002570e-19	
2425	2.0270026586e-19	
2426	2.0271068287e-19	
2427	2.0303643770e-19	
2428	2.0280435666e-19	
2429	2.0267830881e-19	
2430	2.0263405501e-19	
2431	2.0259859679e-19	
2432	2.0251487878e-19	
2433	2.0248113182e-19	
2434	2.0235368454e-19	
2435	2.0212204044e-19	
2436	2.0180363545e-19	
2437	2.0169053522e-19	
2438	2.0166595672e-19	
2439	2.0159660392e-19	
2440	2.0175893642e-19	
2441	2.0192123248e-19	
2442	2.0201043516e-19	
2443	2.0199745211e-19	
2444	2.0201803993e-19	
2445	2.0204267535e-19	
2446	2.0207268479e-19	
2447	2.0218357845e-19	
2448	2.0241422627e-19	
2449	2.0225047417e-19	
2450	2.0220893035e-19	
2451	2.0218479966e-19	
2452	2.0220686320e-19	
2453	2.0211495617e-19	
2454	2.0218184278e-19	
2455	2.0200472921e-19	
2456	2.0171068550e-19	
2457	2.0152712674e-19	
2458	2.0147041874e-19	
2459	2.0143570867e-19	
2460	2.0146807554e-19	
2461	2.0163778200e-19	
2462	2.0187206509e-19	
2463	2.0183555648e-19	
2464	2.0193115303e-19	
2465	2.0194999124e-19	
2466	2.0202015694e-19	
2467	2.0205484373e-19	
2468	2.0236419489e-19	
2469	2.0237936875e-19	
2470	2.0233363728e-19	
2471	2.0231572712e-19	
2472	2.0236938691e-19	
2473	2.0238075262e-19	
2474	2.0240074733e-19	
2475	2.0241186295e-19	
2476	2.0234761291e-19	
2477	2.0200017440e-19	
2478	2.0199359786e-19	
2479	2.0199641968e-19	
2480	2.0201608097e-19	
2481	2.0216535860e-19	
2482	2.0242106576e-19	
2483	2.0267967051e-19	
2484	2.0269136430e-19	
2485	2.0285539083e-19	
2486	2.0296564209e-19	
2487	2.0304750448e-19	
2488	2.0318576601e-19	
2489	2.0361703303e-19	
2490	2.0355285359e-19	
2491	2.0353977415e-19	
2492	2.0360880581e-19	
2493	2.0368207931e-19	
2494	2.0371391361e-19	
2495	2.0377373580e-19	
2496	2.0375382392e-19	
2497	2.0365421048e-19	
2498	2.0336547498e-19	
2499	2.0333630684e-19	
2500	2.0337660515e-19	
2501	2.0335136986e-19	
2502	2.0355642351e-19	
2503	2.0376711405e-19	
2504	2.0395148662e-19	
2505	2.0393408646e-19	
2506	2.0400940846e-19	
2507	2.0404579214e-19	
2508	2.0409010551e-19	
2509	2.0415084433e-19	
2510	2.0449866595e-19	
2511	2.0430338178e-19	
2512	2.0424948419e-19	
2513	2.0421363082e-19	
2514	2.0422781639e-19	
2515	2.0411917650e-19	
2516	2.0414502463e-19	
2517	2.0396512854e-19	
2518	2.0368392253e-19	
2519	2.0341611581e-19	
2520	2.0332370609e-19	
2521	2.0326313547e-19	
2522	2.0323371023e-19	
2523	2.0336586154e-19	
2524	2.0354577816e-19	
2525	2.0351297748e-19	
2526	2.0353754328e-19	
2527	2.0350208737e-19	
2528	2.0352984476e-19	
2529	2.0350724252e-19	
2530	2.0370085468e-19	
2531	2.0375050030e-19	
2532	2.0361755029e-19	
2533	2.0353256535e-19	
2534	2.0351785929e-19	
2535	2.0347311588e-19	
2536	2.0339319909e-19	
2537	2.0338589371e-19	
2538	2.0321408621e-19	
2539	2.0281069176e-19	
2540	2.0269326753e-19	
2541	2.0259783764e-19	
2542	2.0253971457e-19	
2543	2.0255741092e-19	
2544	2.0271903789e-19	
2545	2.0289347861e-19	
2546	2.0280791258e-19	
2547	2.0286564128e-19	
2548	2.0287473300e-19	
2549	2.0285432425e-19	
2550	2.0288136510e-19	
2551	2.0318186142e-19	
2552	2.0305201042e-19	
2553	2.0293240418e-19	
2554	2.0288687644e-19	
2555	2.0284788695e-19	
2556	2.0279423701e-19	
2557	2.0274276086e-19	
2558	2.0265787431e-19	
2559	2.0248516630e-19	
2560	2.0207554417e-19	
2561	2.0196884495e-19	
2562	2.0192717488e-19	
2563	2.0182071859e-19	
2564	2.0194885809e-19	
2565	2.0208977836e-19	
2566	2.0225853384e-19	
2567	2.0216863538e-19	
2568	2.0223743751e-19	
2569	2.0223461535e-19	
2570	2.0225911986e-19	
2571	2.0228838516e-19	
2572	2.0267988730e-19	
2573	2.0247550487e-19	
2574	2.0243225159e-19	
2575	2.0241384982e-19	
2576	2.0246130959e-19	
2577	2.0239869852e-19	
2578	2.0245741250e-19	
2579	2.0235089403e-19	
2580	2.0217846702e-19	
2581	2.0192220407e-19	
2582	2.0189418943e-19	
2583	2.0191181650e-19	
2584	2.0194399548e-19	
2585	2.0215182692e-19	
2586	2.0241268080e-19	
2587	2.0251264814e-19	
2588	2.0261186862e-19	
2589	2.0266796372e-19	
2590	2.0279004498e-19	
2591	2.0286182106e-19	
2592	2.0310098267e-19	
2593	2.0331604541e-19	
2594	2.0325835185e-19	
2595	2.0325694567e-19	
2596	2.0332456289e-19	
2597	2.0337340419e-19	
2598	2.0336200957e-19	
2599	2.0346756220e-19	
2600	2.0334876338e-19	
2601	2.0305246191e-19	
2602	2.0296359526e-19	
2603	2.0292496168e-19	
2604	2.0294332275e-19	
2605	2.0299407541e-19	
2606	2.0321429297e-19	
2607	2.0344510438e-19	
2608	2.0343123364e-19	
2609	2.0351998225e-19	
2610	2.0357206535e-19	
2611	2.0360841396e-19	
2612	2.0366655391e-19	
2613	2.0397192175e-19	
2614	2.0394361533e-19	
2615	2.0385572236e-19	
2616	2.0384234469e-19	
2617	2.0383858841e-19	
2618	2.0382961029e-19	
2619	2.0380003694e-19	
2620	2.0376705112e-19	
2621	2.0363444244e-19	
2622	2.0325070695e-19	
2623	2.0316969406e-19	
2624	2.0314903087e-19	
2625	2.0307002123e-19	
2626	2.0321027940e-19	
2627	2.0337352759e-19	
2628	2.0358340128e-19	
2629	2.0349940855e-19	
2630	2.0361422855e-19	
2631	2.0362770538e-19	
2632	2.0366310272e-19	
2633	2.0370732793e-19	
2634	2.0410695348e-19	
2635	2.0392008927e-19	
2636	2.0386543363e-19	
2637	2.0384273104e-19	
2638	2.0387715583e-19	
2639	2.0381192966e-19	
2640	2.0383708895e-19	
2641	2.0372055612e-19	
2642	2.0356395553e-19	
2643	2.0322034331e-19	
2644	2.0315744759e-19	
2645	2.0312053345e-19	
2646	2.0308087502e-19	
2647	2.0322070804e-19	
2648	2.0341320286e-19	
2649	2.0349910679e-19	
2650	2.0348865130e-19	
2651	2.0348374204e-19	
2652	2.0351738856e-19	
2653	2.0350245138e-19	
2654	2.0359124191e-19	
2655	2.0382154772e-19	
2656	2.0364066632e-19	
2657	2.0353792882e-19	
2658	2.0350454324e-19	
2659	2.0346578923e-19	
2660	2.0336045099e-19	
2661	2.0334869325e-19	
2662	2.0316499464e-19	
2663	2.0281799773e-19	
2664	2.0258597025e-19	
2665	2.0245426685e-19	
2666	2.0239900678e-19	
2667	2.0234339589e-19	
2668	2.0248875124e-19	
2669	2.0263933504e-19	
2670	2.0259668586e-19	
2671	2.0260130258e-19	
2672	2.0259026640e-19	
2673	2.0258301806e-19	
2674	2.0258815655e-19	
2675	2.0278890334e-19	
2676	2.0281844407e-19	
2677	2.0267946546e-19	
2678	2.0263148309e-19	
2679	2.0260379739e-19	
2680	2.0259494213e-19	
2681	2.0252058200e-19	
2682	2.0253035810e-19	
2683	2.0237609946e-19	
2684	2.0200968769e-19	
2685	2.0191704137e-19	
2686	2.0188602904e-19	
2687	2.0183479739e-19	
2688	2.0194065790e-19	
2689	2.0212035340e-19	
2690	2.0236144052e-19	
2691	2.0229604254e-19	
2692	2.0244124822e-19	
2693	2.0248097287e-19	
2694	2.0254257034e-19	
2695	2.0261093690e-19	
2696	2.0301288908e-19	
2697	2.0289797934e-19	
2698	2.0287105799e-19	
2699	2.0287240732e-19	
2700	2.0293117500e-19	
2701	2.0291280957e-19	
2702	2.0296070552e-19	
2703	2.0290391401e-19	
2704	2.0281193326e-19	
2705	2.0245647724e-19	
2706	2.0243673520e-19	
2707	2.0243259372e-19	
2708	2.0241298756e-19	
2709	2.0257600190e-19	
2710	2.0279959771e-19	
2711	2.0297474011e-19	
2712	2.0296979507e-19	
2713	2.0303482737e-19	
2714	2.0309803891e-19	
2715	2.0312947530e-19	
2716	2.0320759355e-19	
2717	2.0358623650e-19	
2718	2.0342915694e-19	
2719	2.0337450046e-19	
2720	2.0339085551e-19	
2721	2.0341570046e-19	
2722	2.0337048722e-19	
2723	2.0340428295e-19	
2724	2.0330216399e-19	
2725	2.0306242405e-19	
2726	2.0284176216e-19	
2727	2.0277073708e-19	
2728	2.0278905396e-19	
2729	2.0277857614e-19	
2730	2.0298501474e-19	
2731	2.0319228854e-19	
2732	2.0325853949e-19	
2733	2.0330918966e-19	
2734	2.0335282188e-19	
2735	2.0341260044e-19	
2736	2.0347126097e-19	
2737	2.0367238379e-19	
2738	2.0383198621e-19	
2739	2.0372131960e-19	
2740	2.0370884159e-19	
2741	2.0371755782e-19	
2742	2.0374810284e-19	
2743	2.0368250404e-19	
2744	2.0376211075e-19	
2745	2.0359394300e-19	
2746	2.0326888712e-19	
2747	2.0314326739e-19	
2748	2.0310281990e-19	
2749	2.0305723179e-19	
2750	2.0311721029e-19	
2751	2.0327998458e-19	
2752	2.0350536290e-19	
2753	2.0342376474e-19	
2754	2.0351831417e-19	
2755	2.0351757833e-19	
2756	2.0354157046e-19	
2757	2.0355181941e-19	
2758	2.0387457584e-19	
2759	2.0375105854e-19	
2760	2.0366142094e-19	
2761	2.0359466870e-19	
2762	2.0358184803e-19	
2763	2.0350941716e-19	
2764	2.0347879512e-19	
2765	2.0337296298e-19	
2766	2.0322740749e-19	
2767	2.0278217242e-19	
2768	2.0269238936e-19	
2769	2.0261686018e-19	
2770	2.0252491254e-19	
2771	2.0261556628e-19	
2772	2.0276774785e-19	
2773	2.0291052581e-19	
2774	2.0281847189e-19	
2775	2.0286286801e-19	
2776	2.0286713631e-19	
2777	2.0284915896e-19	
2778	2.0288589557e-19	
2779	2.0324288395e-19	
2780	2.0303563530e-19	
2781	2.0294197614e-19	
2782	2.0292342942e-19	
2783	2.0291866096e-19	
2784	2.0285841509e-19	
2785	2.0285633688e-19	
2786	2.0275069759e-19	
2787	2.0253895168e-19	
2788	2.0225368403e-19	
2789	2.0216762577e-19	
2790	2.0216833643e-19	
2791	2.0212968793e-19	
2792	2.0231757508e-19	
2793	2.0250803575e-19	
2794	2.0261156517e-19	
2795	2.0262853632e-19	
2796	2.0266705605e-19	
2797	2.0271662975e-19	
2798	2.0276435587e-19	
2799	2.0290626859e-19	
2800	2.0313799754e-19	
2801	2.0299557617e-19	
2802	2.0296700174e-19	
2803	2.0295820732e-19	
2804	2.0298725155e-19	
2805	2.0290437109e-19	
2806	2.0297916820e-19	
2807	2.0280261844e-19	
2808	2.0250144237e-19	
2809	2.0232585364e-19	
2810	2.0226506034e-19	
2811	2.0222496344e-19	
2812	2.0225070960e-19	
2813	2.0241180448e-19	
2814	2.0263265279e-19	
2815	2.0257573135e-19	
2816	2.0265249214e-19	
2817	2.0265377546e-19	
2818	2.0269699693e-19	
2819	2.0270891988e-19	
2820	2.0299756778e-19	
2821	2.0297130898e-19	
2822	2.0289310378e-19	
2823	2.0284484863e-19	
2824	2.0286216104e-19	
2825	2.0283697892e-19	
2826	2.0282238309e-19	
2827	2.0279116770e-19	
2828	2.0268862880e-19	
2829	2.0230056681e-19	
2830	2.0225364379e-19	
2831	2.0222209407e-19	
2832	2.0219705658e-19	
2833	2.0231547476e-19	
2834	2.0252995921e-19	
2835	2.0274953187e-19	
2836	2.0272184656e-19	
2837	2.0284842253e-19	
2838	2.0292032254e-19	
2839	2.0296832658e-19	
2840	2.0307117358e-19	
2841	2.0347509695e-19	
2842	2.0336905224e-19	
2843	2.0332905864e-19	
2844	2.0336781962e-19	
2845	2.0341624824e-19	
2846	2.0341910693e-19	
2847	2.0345751234e-19	
2848	2.0340843839e-19	
2849	2.0328727869e-19	
2850	2.0298323428e-19	
2851	2.0293693946e-19	
2852	2.0295865442e-19	
2853	2.0292310521e-19	
2854	2.0311381150e-19	
2855	2.0331476387e-19	
2856	2.0347759548e-19	
2857	2.0345820685e-19	
2858	2.0351845158e-19	
2859	2.0355117211e-19	
2860	2.0358805210e-19	
2861	2.0365491141e-19	
2862	2.0397734295e-19	
2863	2.0378698529e-19	
2864	2.0372956128e-19	
2865	2.0369543530e-19	
2866	2.0370590978e-19	
2867	2.0360004218e-19	
2868	2.0362746282e-19	
2869	2.0345056849e-19	
2870	2.0316498344e-19	
2871	2.0291130645e-19	
2872	2.0282207546e-19	
2873	2.0276784973e-19	
2874	2.0274699008e-19	
2875	2.0288788787e-19	
2876	2.0307677280e-19	
2877	2.0304772895e-19	
2878	2.0308616267e-19	
2879	2.0306528602e-19	
2880	2.0310292987e-19	
2881	2.0309839407e-19	
2882	2.0331499114e-19	
2883	2.0336835277e-19	
2884	2.0325479392e-19	
2885	2.0319312629e-19	
2886	2.0319718827e-19	
2887	2.0317371846e-19	
2888	2.0311876367e-19	
2889	2.0312731205e-19	
2890	2.0298458010e-19	
2891	2.0260271864e-19	
2892	2.0251567873e-19	
2893	2.0245095632e-19	
2894	2.0241568549e-19	
2895	2.0247090957e-19	
2896	2.0265813557e-19	
2897	2.0286170327e-19	
2898	2.0280059174e-19	
2899	2.0289366178e-19	
2900	2.0292967266e-19	
2901	2.0293884793e-19	
2902	2.0299428919e-19	
2903	2.0332989686e-19	
2904	2.0321715528e-19	
2905	2.0312653874e-19	
2906	2.0310685034e-19	
2907	2.0309664461e-19	
2908	2.0306220342e-19	
2909	2.0303766535e-19	
2910	2.0296659786e-19	
2911	2.0281339544e-19	
2912	2.0242289313e-19	
2913	2.0233578829e-19	
2914	2.0230817882e-19	
2915	2.0221810265e-19	
2916	2.0235732202e-19	
2917	2.0251212619e-19	
2918	2.0268198250e-19	
2919	2.0260552544e-19	
2920	2.0266869621e-19	
2921	2.0267126594e-19	
2922	2.0269415368e-19	
2923	2.0272227068e-19	
2924	2.0310466710e-19	
2925	2.0289794246e-19	
2926	2.0284561261e-19	
2927	2.0282025710e-19	
2928	2.0285487874e-19	
2929	2.0277918860e-19	
2930	2.0282443830e-19	
2931	2.0270029545e-19	
2932	2.0250219948e-19	
2933	2.0223636050e-19	
2934	2.0218764713e-19	
2935	2.0218790699e-19	
2936	2.0220066485e-19	
2937	2.0238970884e-19	
2938	2.0262782803e-19	
2939	2.0269685275e-19	
2940	2.0277548555e-19	
2941	2.0280884363e-19	
2942	2.0290518896e-19	
2943	2.0295504566e-19	
2944	2.0317706676e-19	
2945	2.0335426425e-19	
2946	2.0327449918e-19	
2947	2.0325190588e-19	
2948	2.0329608844e-19	
2949	2.0332055838e-19	
2950	2.0328799695e-19	
2951	2.0337131748e-19	
2952	2.0322829879e-19	
2953	2.0290714334e-19	
2954	2.0280261273e-19	
2955	2.0274817809e-19	
2956	2.0274199338e-19	
2957	2.0278146317e-19	
2958	2.0298049313e-19	
2959	2.0319457596e-19	
2960	2.0315632950e-19	
2961	2.0323451086e-19	
2962	2.0326862947e-19	
2963	2.0328910576e-19	
2964	2.0333263910e-19	
2965	2.0363436137e-19	
2966	2.0357343780e-19	
2967	2.0347677522e-19	
2968	2.0345053403e-19	
2969	2.0343583275e-19	
2970	2.0341040398e-19	
2971	2.0337489070e-19	
2972	2.0332417033e-19	
2973	2.0318298351e-19	
2974	2.0278738666e-19	
2975	2.0270130980e-19	
2976	2.0267322881e-19	
2977	2.0258787560e-19	
2978	2.0272645398e-19	
2979	2.0288578220e-19	
2980	2.0308642097e-19	
2981	2.0300061132e-19	
2982	2.0310903954e-19	
2983	2.0312248969e-19	
2984	2.0315668933e-19	
2985	2.0320406586e-19	
2986	2.0360773960e-19	
2987	2.0341982875e-19	
2988	2.0337061132e-19	
2989	2.0335644331e-19	
2990	2.0339769293e-19	
2991	2.0334078923e-19	
2992	2.0337741600e-19	
2993	2.0327292634e-19	
2994	2.0311644014e-19	
2995	2.0280239628e-19	
2996	2.0275185901e-19	
2997	2.0273618034e-19	
2998	2.0271737961e-19	
2999	2.0288182203e-19	
3000	2.0309355258e-19	
3001	2.0319235453e-19	
3002	2.0321300021e-19	
3003	2.0322787347e-19	
3004	2.0328610078e-19	
3005	2.0329856019e-19	
3006	2.0342431347e-19	
3007	2.0366023677e-19	
3008	2.0351002846e-19	
3009	2.0343750603e-19	
3010	2.0342869323e-19	
3011	2.0341743266e-19	
3012	2.0333453792e-19	
3013	2.0335614513e-19	
3014	2.0318813372e-19	
3015	2.0285593631e-19	
3016	2.0265875901e-19	
3017	2.0255122280e-19	
3018	2.0251354306e-19	
3019	2.0248464982e-19	
3020	2.0264717165e-19	
3021	2.0282023091e-19	
3022	2.0278188176e-19	
3023	2.0280838027e-19	
3024	2.0281058986e-19	
3025	2.0281621967e-19	
3026	2.0283045766e-19	
3027	2.0305591186e-19	
3028	2.0307472469e-19	
3029	2.0294905395e-19	
3030	2.0290672463e-19	
3031	2.0288591060e-19	
3032	2.0287641741e-19	
3033	2.0281256915e-19	
3034	2.0280950570e-19	
3035	2.0266376230e-19	
3036	2.0229017961e-19	
3037	2.0220270555e-19	
3038	2.0217175310e-19	
3039	2.0211713872e-19	
3040	2.0222590452e-19	
3041	2.0240416401e-19	
3042	2.0263699394e-19	
3043	2.0256985758e-19	
3044	2.0270659431e-19	
3045	2.0274256357e-19	
3046	2.0279612072e-19	
3047	2.0286054190e-19	
3048	2.0325976783e-19	
3049	2.0313137030e-19	
3050	2.0309607437e-19	
3051	2.0309361588e-19	
3052	2.0314461125e-19	
3053	2.0311762113e-19	
3054	2.0315785479e-19	
3055	2.0308862975e-19	
3056	2.0298509823e-19	
3057	2.0262710374e-19	
3058	2.0259546170e-19	
3059	2.0258388486e-19	
3060	2.0255479938e-19	
3061	2.0271113746e-19	
3062	2.0292353842e-19	
3063	2.0308044169e-19	
3064	2.0306686751e-19	
3065	2.0311575705e-19	
3066	2.0316606877e-19	
3067	2.0318494235e-19	
3068	2.0325371227e-19	
3069	2.0360455751e-19	
3070	2.0343333457e-19	
3071	2.0336415863e-19	
3072	2.0336260792e-19	
3073	2.0336994571e-19	
3074	2.0330434280e-19	
3075	2.0332334580e-19	
3076	2.0319671522e-19	
3077	2.0293134263e-19	
3078	2.0270009987e-19	
3079	2.0261292180e-19	
3080	2.0260991000e-19	
3081	2.0258596392e-19	
3082	2.0277395965e-19	
3083	2.0296567238e-19	
3084	2.0300594335e-19	
3085	2.0304529173e-19	
3086	2.0307304080e-19	
3087	2.0312037815e-19	
3088	2.0316511883e-19	
3089	2.0336570967e-19	
3090	2.0350019152e-19	
3091	2.0338560036e-19	
3092	2.0336701763e-19	
3093	2.0337292060e-19	
3094	2.0339738491e-19	
3095	2.0333428140e-19	
3096	2.0340585752e-19	
3097	2.0324759088e-19	
3098	2.0291803834e-19	
3099	2.0280747419e-19	
3100	2.0277375965e-19	
3101	2.0273654306e-19	
3102	2.0281019298e-19	
3103	2.0298564401e-19	
3104	2.0322178716e-19	
3105	2.0315238151e-19	
3106	2.0326416449e-19	
3107	2.0328139642e-19	
3108	2.0331797684e-19	
3109	2.0334932983e-19	
3110	2.0369494300e-19	
3111	2.0358103265e-19	
3112	2.0350880029e-19	
3113	2.0346313443e-19	
3114	2.0346747063e-19	
3115	2.0341283658e-19	
3116	2.0340043397e-19	
3117	2.0331034858e-19	
3118	2.0317815309e-19	
3119	2.0275408675e-19	
3120	2.0267993990e-19	
3121	2.0262297095e-19	
3122	2.0254495218e-19	
3123	2.0265399692e-19	
3124	2.0281979877e-19	
3125	2.0297332916e-19	
3126	2.0289771043e-19	
3127	2.0294923498e-19	
3128	2.0296325838e-19	
3129	2.0295780012e-19	
3130	2.0300221572e-19	
3131	2.0336770321e-19	
3132	2.0316990826e-19	
3133	2.0308827544e-19	
3134	2.0307628373e-19	
3135	2.0308289661e-19	
3136	2.0302584058e-19	
3137	2.0303689645e-19	
3138	2.0293305355e-19	
3139	2.0272132794e-19	
3140	2.0245179340e-19	
3141	2.0237374182e-19	
3142	2.0238166489e-19	
3143	2.0235573833e-19	
3144	2.0255177085e-19	
3145	2.0275277567e-19	
3146	2.0285075450e-19	
3147	2.0288272170e-19	
3148	2.0292453199e-19	
3149	2.0298347369e-19	
3150	2.0303609996e-19	
3151	2.0319876808e-19	
3152	2.0341425694e-19	
3153	2.0328381858e-19	
3154	2.0325928354e-19	
3155	2.0325812870e-19	
3156	2.0328621032e-19	
3157	2.0320784355e-19	
3158	2.0328688854e-19	
3159	2.0310727967e-19	
3160	2.0279756350e-19	
3161	2.0263204540e-19	
3162	2.0256990445e-19	
3163	2.0252613123e-19	
3164	2.0255151848e-19	
3165	2.0270919003e-19	
3166	2.0292308786e-19	
3167	2.0285433957e-19	
3168	2.0292479669e-19	
3169	2.0291972412e-19	
3170	2.0294902619e-19	
3171	2.0295283003e-19	
3172	2.0323994720e-19	
3173	2.0318245471e-19	
3174	2.0309156246e-19	
3175	2.0303210539e-19	
3176	2.0303255584e-19	
3177	2.0298978666e-19	
3178	2.0296348391e-19	
3179	2.0290791466e-19	
3180	2.0278999316e-19	
3181	2.0238286218e-19	
3182	2.0231940671e-19	
3183	2.0227495978e-19	
3184	2.0222714921e-19	
3185	2.0234014909e-19	
3186	2.0253458258e-19	
3187	2.0273617461e-19	
3188	2.0269030640e-19	
3189	2.0280106399e-19	
3190	2.0285537300e-19	
3191	2.0289053740e-19	
3192	2.0297828221e-19	
3193	2.0337508292e-19	
3194	2.0324592705e-19	
3195	2.0319666162e-19	
3196	2.0322452113e-19	
3197	2.0326588716e-19	
3198	2.0325630095e-19	
3199	2.0328995341e-19	
3200	2.0322993201e-19	
3201	2.0309615044e-19	
3202	2.0279649705e-19	
3203	2.0274698674e-19	
3204	2.0276508662e-19	
3205	2.0273299806e-19	
3206	2.0292355549e-19	
3207	2.0312749227e-19	
3208	2.0327877335e-19	
3209	2.0327128719e-19	
3210	2.0332661137e-19	
3211	2.0336734797e-19	
3212	2.0340590847e-19	
3213	2.0349188971e-19	
3214	2.0379508496e-19	
3215	2.0361790221e-19	
3216	2.0356551668e-19	
3217	2.0353932488e-19	
3218	2.0355303531e-19	
3219	2.0345483878e-19	
3220	2.0349021561e-19	
3221	2.0331718492e-19	
3222	2.0302814410e-19	
3223	2.0279122489e-19	
3224	2.0270681844e-19	
3225	2.0265888276e-19	
3226	2.0264667739e-19	
3227	2.0279551343e-19	
3228	2.0299105301e-19	
3229	2.0296035263e-19	
3230	2.0300695626e-19	
3231	2.0299494218e-19	
3232	2.0303406566e-19	
3233	2.0303788871e-19	
3234	2.0326934190e-19	
3235	2.0331439230e-19	
3236	2.0320962933e-19	
3237	2.0315648480e-19	
3238	2.0316540858e-19	
3239	2.0314943378e-19	
3240	2.0310412301e-19	
3241	2.0311092869e-19	
3242	2.0298084800e-19	
3243	2.0260250153e-19	
3244	2.0252944557e-19	
3245	2.0247683123e-19	
3246	2.0244713266e-19	
3247	2.0252147539e-19	
3248	2.0271729286e-19	
3249	2.0293154409e-19	
3250	2.0287776605e-19	
3251	2.0298586381e-19	
3252	2.0303181851e-19	
3253	2.0305352072e-19	
3254	2.0312044177e-19	
3255	2.0347412482e-19	
3256	2.0336323941e-19	
3257	2.0328652943e-19	
3258	2.0327792748e-19	
3259	2.0328209209e-19	
3260	2.0325457318e-19	
3261	2.0324446733e-19	
3262	2.0317762580e-19	
3263	2.0303063173e-19	
3264	2.0265253903e-19	
3265	2.0257414184e-19	
3266	2.0255202833e-19	
3267	2.0247055531e-19	
3268	2.0261461603e-19	
3269	2.0277600906e-19	
3270	2.0294187691e-19	
3271	2.0287198110e-19	
3272	2.0292729482e-19	
3273	2.0293176386e-19	
3274	2.0295002917e-19	
3275	2.0297453692e-19	
3276	2.0334600280e-19	
3277	2.0313556857e-19	
3278	2.0307290599e-19	
3279	2.0304055936e-19	
3280	2.0306240911e-19	
3281	2.0297535666e-19	
3282	2.0300765158e-19	
3283	2.0286893441e-19	
3284	2.0264598579e-19	
3285	2.0237612832e-19	
3286	2.0231160397e-19	
3287	2.0229713128e-19	
3288	2.0229497659e-19	
3289	2.0247080249e-19	
3290	2.0269135261e-19	
3291	2.0273857339e-19	
3292	2.0280335282e-19	
3293	2.0282257500e-19	
3294	2.0290238398e-19	
3295	2.0293960022e-19	
3296	2.0315381154e-19	
3297	2.0330678507e-19	
3298	2.0321682557e-19	
3299	2.0318555813e-19	
3300	2.0321873790e-19	
3301	2.0323417588e-19	
3302	2.0319369113e-19	
3303	2.0326558810e-19	
3304	2.0311975925e-19	
3305	2.0278947014e-19	
3306	2.0268516437e-19	
3307	2.0263091139e-19	
3308	2.0261820316e-19	
3309	2.0266222603e-19	
3310	2.0285734863e-19	
3311	2.0307244107e-19	
3312	2.0302861018e-19	
3313	2.0311212365e-19	
3314	2.0314543279e-19	
3315	2.0316582643e-19	
3316	2.0321118444e-19	
3317	2.0352261120e-19	
3318	2.0344920383e-19	
3319	2.0335609031e-19	
3320	2.0332940223e-19	
3321	2.0331661451e-19	
3322	2.0328846974e-19	
3323	2.0325744775e-19	
3324	2.0320062488e-19	
3325	2.0306049291e-19	
3326	2.0266186911e-19	
3327	2.0257757265e-19	
3328	2.0254821737e-19	
3329	2.0246342303e-19	
3330	2.0260055565e-19	
3331	2.0276050049e-19	
3332	2.0295634755e-19	
3333	2.0287019537e-19	
3334	2.0297135668e-19	
3335	2.0298401985e-19	
3336	2.0301584588e-19	
3337	2.0306261009e-19	
3338	2.0346839085e-19	
3339	2.0327373250e-19	
3340	2.0322590299e-19	
3341	2.0321374168e-19	
3342	2.0325516619e-19	
3343	2.0320041963e-19	
3344	2.0323998085e-19	
3345	2.0313809061e-19	
3346	2.0297533860e-19	
3347	2.0267839223e-19	
3348	2.0263077015e-19	
3349	2.0262499176e-19	
3350	2.0261637465e-19	
3351	2.0279329320e-19	
3352	2.0301327412e-19	
3353	2.0311489063e-19	
3354	2.0315093971e-19	
3355	2.0317621716e-19	
3356	2.0324662506e-19	
3357	2.0327335763e-19	
3358	2.0342117418e-19	
3359	2.0365238503e-19	
3360	2.0351840903e-19	
3361	2.0346163942e-19	
3362	2.0346426170e-19	
3363	2.0346582441e-19	
3364	2.0339314861e-19	
3365	2.0343178877e-19	
3366	2.0326837042e-19	
3367	2.0293946473e-19	
3368	2.0276032994e-19	
3369	2.0266314468e-19	
3370	2.0263005305e-19	
3371	2.0261354862e-19	
3372	2.0277962527e-19	
3373	2.0296124125e-19	
3374	2.0291673422e-19	
3375	2.0295078915e-19	
3376	2.0295389639e-19	
3377	2.0296029551e-19	
3378	2.0297279784e-19	
3379	2.0320965863e-19	
3380	2.0320740415e-19	
3381	2.0308437424e-19	
3382	2.0303681060e-19	
3383	2.0301376144e-19	
3384	2.0299443328e-19	
3385	2.0293304098e-19	
3386	2.0291311329e-19	
3387	2.0276636259e-19	
3388	2.0238216538e-19	
3389	2.0229300341e-19	
3390	2.0225652872e-19	
3391	2.0219489890e-19	
3392	2.0230233854e-19	
3393	2.0247653031e-19	
3394	2.0269900259e-19	
3395	2.0262871138e-19	
3396	2.0275642863e-19	
3397	2.0278844856e-19	
3398	2.0283569940e-19	
3399	2.0289741474e-19	
3400	2.0329531149e-19	
3401	2.0315749216e-19	
3402	2.0311739587e-19	
3403	2.0311476401e-19	
3404	2.0316287875e-19	
3405	2.0313176140e-19	
3406	2.0317034938e-19	
3407	2.0309430548e-19	
3408	2.0298457829e-19	
3409	2.0263369199e-19	
3410	2.0259649706e-19	
3411	2.0258544676e-19	
3412	2.0255532585e-19	
3413	2.0271284299e-19	
3414	2.0292357747e-19	
3415	2.0307086575e-19	
3416	2.0305889597e-19	
3417	2.0310168542e-19	
3418	2.0314937806e-19	
3419	2.0316596173e-19	
3420	2.0324039665e-19	
3421	2.0356876634e-19	
3422	2.0339671946e-19	
3423	2.0332490373e-19	
3424	2.0331716628e-19	
3425	2.0331863402e-19	
3426	2.0324468240e-19	
3427	2.0326101231e-19	
3428	2.0312258149e-19	
3429	2.0284297499e-19	
3430	2.0261322123e-19	
3431	2.0252108703e-19	
3432	2.0250781158e-19	
3433	2.0248275148e-19	
3434	2.0266313291e-19	
3435	2.0285098594e-19	
3436	2.0287496804e-19	
3437	2.0291337710e-19	
3438	2.0293449627e-19	
3439	2.0297795364e-19	
3440	2.0301700238e-19	
3441	2.0322591782e-19	
3442	2.0334140832e-19	
3443	2.0322874726e-19	
3444	2.0320993399e-19	
3445	2.0321773549e-19	
3446	2.0323928374e-19	
3447	2.0318289662e-19	
3448	2.0324652696e-19	
3449	2.0309831438e-19	
3450	2.0276476839e-19	
3451	2.0266980350e-19	
3452	2.0264172413e-19	
3453	2.0260993410e-19	
3454	2.0269441463e-19	
3455	2.0287917263e-19	
3456	2.0312048783e-19	
3457	2.0305841919e-19	
3458	2.0318100059e-19	
3459	2.0320944886e-19	
3460	2.0325202300e-19	
3461	2.0329668486e-19	
3462	2.0365611414e-19	
3463	2.0354366496e-19	
3464	2.0347932887e-19	
3465	2.0344551414e-19	
3466	2.0345876075e-19	
3467	2.0341151993e-19	
3468	2.0340774693e-19	
3469	2.0332315783e-19	
3470	2.0319390991e-19	
3471	2.0278097066e-19	
3472	2.0271216466e-19	
3473	2.0266331749e-19	
3474	2.0258936348e-19	
3475	2.0270558938e-19	
3476	2.0287531056e-19	
3477	2.0302846293e-19	
3478	2.0295948990e-19	
3479	2.0300732077e-19	
3480	2.0302227833e-19	
3481	2.0301950126e-19	
3482	2.0306187442e-19	
3483	2.0342493327e-19	
3484	2.0322719116e-19	
3485	2.0314754147e-19	
3486	2.0313329179e-19	
3487	2.0314065608e-19	
3488	2.0307789373e-19	
3489	2.0309241337e-19	
3490	2.0298241297e-19	
3491	2.0276367343e-19	
3492	2.0249852589e-19	
3493	2.0242057482e-19	
3494	2.0242735331e-19	
3495	2.0240525750e-19	
3496	2.0260091355e-19	
3497	2.0280556664e-19	
3498	2.0289179484e-19	
3499	2.0293098594e-19	
3500	2.0297038631e-19	
3501	2.0303206105e-19	
3502	2.0308467178e-19	
3503	2.0326019547e-19	
3504	2.0345855351e-19	
3505	2.0333626717e-19	
3506	2.0331292472e-19	
3507	2.0331688180e-19	
3508	2.0334313261e-19	
3509	2.0326844719e-19	
3510	2.0335138031e-19	
3511	2.0317066707e-19	
3512	2.0285497736e-19	
3513	2.0270075321e-19	
3514	2.0264128189e-19	
3515	2.0259772171e-19	
3516	2.0262762845e-19	
3517	2.0278733702e-19	
3518	2.0299950856e-19	
3519	2.0292736568e-19	
3520	2.0299971211e-19	
3521	2.0299580532e-19	
3522	2.0301978475e-19	
3523	2.0302484989e-19	
3524	2.0331785691e-19	
3525	2.0324181257e-19	
3526	2.0314824099e-19	
3527	2.0308802693e-19	
3528	2.0308229923e-19	
3529	2.0303272072e-19	
3530	2.0300422917e-19	
3531	2.0293731080e-19	
3532	2.0281174625e-19	
3533	2.0239820416e-19	
3534	2.0232814584e-19	
3535	2.0228046064e-19	
3536	2.0222031014e-19	
3537	2.0233600883e-19	
3538	2.0252078956e-19	
3539	2.0271289229e-19	
3540	2.0265714645e-19	
3541	2.0276061850e-19	
3542	2.0280489063e-19	
3543	2.0283425819e-19	
3544	2.0291457567e-19	
3545	2.0330942542e-19	
3546	2.0316562371e-19	
3547	2.0311255934e-19	
3548	2.0313483262e-19	
3549	2.0317425669e-19	
3550	2.0315699983e-19	
3551	2.0319049260e-19	
3552	2.0312535044e-19	
3553	2.0297990544e-19	
3554	2.0268897571e-19	
3555	2.0263899598e-19	
3556	2.0265719599e-19	
3557	2.0263186650e-19	
3558	2.0282637001e-19	
3559	2.0303454162e-19	
3560	2.0317750268e-19	
3561	2.0318387729e-19	
3562	2.0323625685e-19	
3563	2.0328585592e-19	
3564	2.0332883833e-19	
3565	2.0343371405e-19	
3566	2.0372202284e-19	
3567	2.0355790730e-19	
3568	2.0351223840e-19	
3569	2.0349429895e-19	
3570	2.0351242259e-19	
3571	2.0342098131e-19	
3572	2.0346582024e-19	
3573	2.0329475343e-19	
3574	2.0300123624e-19	
3575	2.0278188516e-19	
3576	2.0270168115e-19	
3577	2.0265751531e-19	
3578	2.0265204965e-19	
3579	2.0280601972e-19	
3580	2.0300535698e-19	
3581	2.0296944944e-19	
3582	2.0302030409e-19	
3583	2.0301274507e-19	
3584	2.0304919399e-19	
3585	2.0305519123e-19	
3586	2.0329651824e-19	
3587	2.0332678862e-19	
3588	2.0322388385e-19	
3589	2.0317198565e-19	
3590	2.0317817736e-19	
3591	2.0316107931e-19	
3592	2.0311697415e-19	
3593	2.0311316926e-19	
3594	2.0298572752e-19	
3595	2.0260214105e-19	
3596	2.0253211780e-19	
3597	2.0248176993e-19	
3598	2.0244818571e-19	
3599	2.0253076694e-19	
3600	2.0272544743e-19	
3601	2.0293935769e-19	
3602	2.0288389935e-19	
3603	2.0299625855e-19	
3604	2.0304249001e-19	
3605	2.0306750692e-19	
3606	2.0313733179e-19	
3607	2.0350016488e-19	
3608	2.0338371122e-19	
3609	2.0331326362e-19	
3610	2.0330935538e-19	
3611	2.0332142640e-19	
3612	2.0329564427e-19	
3613	2.0329464484e-19	
3614	2.0322856542e-19	
3615	2.0308591549e-19	
3616	2.0271711643e-19	
3617	2.0264557935e-19	
3618	2.0262760541e-19	
3619	2.0255467824e-19	
3620	2.0270393448e-19	
3621	2.0287277266e-19	
3622	2.0303511457e-19	
3623	2.0297502896e-19	
3624	2.0302654112e-19	
3625	2.0303644856e-19	
3626	2.0305446421e-19	
3627	2.0308001734e-19	
3628	2.0344659969e-19	
3629	2.0323759072e-19	
3630	2.0317150089e-19	
3631	2.0313857575e-19	
3632	2.0315380808e-19	
3633	2.0306229131e-19	
3634	2.0308845604e-19	
3635	2.0294214844e-19	
3636	2.0270070004e-19	
3637	2.0243506232e-19	
3638	2.0236208597e-19	
3639	2.0233965112e-19	
3640	2.0232956661e-19	
3641	2.0249838444e-19	
3642	2.0270815858e-19	
3643	2.0274090438e-19	
3644	2.0279739399e-19	
3645	2.0280941798e-19	
3646	2.0287863343e-19	
3647	2.0290897028e-19	
3648	2.0312120226e-19	
3649	2.0325597780e-19	
3650	2.0316080268e-19	
3651	2.0312636386e-19	
3652	2.0315353411e-19	
3653	2.0316500800e-19	
3654	2.0312134500e-19	
3655	2.0318716776e-19	
3656	2.0304320705e-19	
3657	2.0270796785e-19	
3658	2.0260885164e-19	
3659	2.0255846555e-19	
3660	2.0254431590e-19	
3661	2.0259707236e-19	
3662	2.0279286075e-19	
3663	2.0301383504e-19	
3664	2.0296935113e-19	
3665	2.0306266986e-19	
3666	2.0310005483e-19	
3667	2.0312514552e-19	
3668	2.0317634573e-19	
3669	2.0350092089e-19	
3670	2.0342154230e-19	
3671	2.0333640921e-19	
3672	2.0331432543e-19	
3673	2.0330752420e-19	
3674	2.0328075101e-19	
3675	2.0325742202e-19	
3676	2.0319837830e-19	
3677	2.0306172873e-19	
3678	2.0266424452e-19	
3679	2.0258407710e-19	
3680	2.0255611123e-19	
3681	2.0247379703e-19	
3682	2.0261197794e-19	
3683	2.0277385434e-19	
3684	2.0296471565e-19	
3685	2.0288128360e-19	
3686	2.0297364466e-19	
3687	2.0298614527e-19	
3688	2.0301467317e-19	
3689	2.0305905493e-19	
3690	2.0346305931e-19	
3691	2.0326172372e-19	
3692	2.0321271159e-19	
3693	2.0319910576e-19	
3694	2.0323752106e-19	
3695	2.0317994290e-19	
3696	2.0321934305e-19	
3697	2.0311470080e-19	
3698	2.0294110246e-19	
3699	2.0265525316e-19	
3700	2.0260542290e-19	
3701	2.0260332107e-19	
3702	2.0259877516e-19	
3703	2.0278164569e-19	
3704	2.0300405590e-19	
3705	2.0310070353e-19	
3706	2.0314543397e-19	
3707	2.0317372141e-19	
3708	2.0324914601e-19	
3709	2.0328259744e-19	
3710	2.0344688636e-19	
3711	2.0366495662e-19	
3712	2.0354084300e-19	
3713	2.0349230336e-19	
3714	2.0350034057e-19	
3715	2.0350651724e-19	
3716	2.0343701219e-19	
3717	2.0348576845e-19	
3718	2.0331981892e-19	
3719	2.0298982347e-19	
3720	2.0282144806e-19	
3721	2.0272982279e-19	
3722	2.0269521205e-19	
3723	2.0268653964e-19	
3724	2.0285125631e-19	
3725	2.0303621900e-19	
3726	2.0298083376e-19	
3727	2.0301801237e-19	
3728	2.0301875674e-19	
3729	2.0302198886e-19	
3730	2.0303063763e-19	
3731	2.0327606781e-19	
3732	2.0324901140e-19	
3733	2.0312670741e-19	
3734	2.0307270793e-19	
3735	2.0304610246e-19	
3736	2.0301553508e-19	
3737	2.0295656232e-19	
3738	2.0291987947e-19	
3739	2.0277262342e-19	
3740	2.0237784346e-19	
3741	2.0228677263e-19	
3742	2.0224781355e-19	
3743	2.0217943981e-19	
3744	2.0229008085e-19	
3745	2.0246099473e-19	
3746	2.0267572143e-19	
3747	2.0260529811e-19	
3748	2.0272713907e-19	
3749	2.0275817484e-19	
3750	2.0280288683e-19	
3751	2.0286594651e-19	
3752	2.0326688836e-19	
3753	2.0312297876e-19	
3754	2.0308319889e-19	
3755	2.0308466130e-19	
3756	2.0313444053e-19	
3757	2.0310407924e-19	
3758	2.0314576229e-19	
3759	2.0306702465e-19	
3760	2.0295385299e-19	
3761	2.0261786038e-19	
3762	2.0258040479e-19	
3763	2.0257460219e-19	
3764	2.0254933795e-19	
3765	2.0271429262e-19	
3766	2.0292776304e-19	
3767	2.0306909788e-19	
3768	2.0306543182e-19	
3769	2.0310667744e-19	
3770	2.0315775561e-19	
3771	2.0317701031e-19	
3772	2.0326368981e-19	
3773	2.0357329199e-19	
3774	2.0340626197e-19	
3775	2.0333664839e-19	
3776	2.0332846939e-19	
3777	2.0332905175e-19	
3778	2.0325194336e-19	
3779	2.0327098994e-19	
3780	2.0312532405e-19	
3781	2.0283597258e-19	
3782	2.0261241835e-19	
3783	2.0251951498e-19	
3784	2.0250025253e-19	
3785	2.0247765952e-19	
3786	2.0265396094e-19	
3787	2.0284237580e-19	
3788	2.0285217588e-19	
3789	2.0289210813e-19	
3790	2.0290920701e-19	
3791	2.0295002671e-19	
3792	2.0298524263e-19	
3793	2.0320362810e-19	
3794	2.0329988347e-19	
3795	2.0318989952e-19	
3796	2.0316950194e-19	
3797	2.0317797013e-19	
3798	2.0319514774e-19	
3799	2.0314470970e-19	
3800	2.0319562985e-19	
3801	2.0305583881e-19	
3802	2.0271521400e-19	
3803	2.0263054504e-19	
3804	2.0260495196e-19	
3805	2.0257314784e-19	
3806	2.0266627063e-19	
3807	2.0285485933e-19	
3808	2.0309643272e-19	
3809	2.0303606196e-19	
3810	2.0316464802e-19	
3811	2.0319913503e-19	
3812	2.0324259802e-19	
3813	2.0329443016e-19	
3814	2.0366218730e-19	
3815	2.0354541866e-19	
3816	2.0348465113e-19	
3817	2.0345774016e-19	
3818	2.0347527598e-19	
3819	2.0343124241e-19	
3820	2.0343235534e-19	
3821	2.0334868574e-19	
3822	2.0321902377e-19	
3823	2.0281366037e-19	
3824	2.0274770852e-19	
3825	2.0270373827e-19	
3826	2.0263169875e-19	
3827	2.0275246318e-19	
3828	2.0292367859e-19	
3829	2.0307405106e-19	
3830	2.0301040608e-19	
3831	2.0305154543e-19	
3832	2.0306620630e-19	
3833	2.0306389852e-19	
3834	2.0310239335e-19	
3835	2.0345982147e-19	
3836	2.0326047078e-19	
3837	2.0317931088e-19	
3838	2.0316080576e-19	
3839	2.0316553922e-19	
3840	2.0309530654e-19	
3841	2.0310930083e-19	
3842	2.0298955858e-19	
3843	2.0276015104e-19	
3844	2.0249597308e-19	
3845	2.0241438267e-19	
3846	2.0241606766e-19	
3847	2.0239409021e-19	
3848	2.0258457546e-19	
3849	2.0278778472e-19	
3850	2.0285864442e-19	
3851	2.0290044446e-19	
3852	2.0293384123e-19	
3853	2.0299430631e-19	
3854	2.0304314254e-19	
3855	2.0322719240e-19	
3856	2.0340628649e-19	
3857	2.0328869432e-19	
3858	2.0326462955e-19	
3859	2.0327140081e-19	
3860	2.0329521378e-19	
3861	2.0322569527e-19	
3862	2.0330924517e-19	
3863	2.0312912379e-19	
3864	2.0280883136e-19	
3865	2.0266732663e-19	
3866	2.0261269439e-19	
3867	2.0257173897e-19	
3868	2.0261058725e-19	
3869	2.0277571062e-19	
3870	2.0299100979e-19	
3871	2.0292037680e-19	
3872	2.0300065104e-19	
3873	2.0300300908e-19	
3874	2.0302824147e-19	
3875	2.0304115376e-19	
3876	2.0334702168e-19	
3877	2.0325940013e-19	
3878	2.0317077465e-19	
3879	2.0311696118e-19	
3880	2.0311219658e-19	
3881	2.0306328242e-19	
3882	2.0303907493e-19	
3883	2.0296854620e-19	
3884	2.0284166898e-19	
3885	2.0242784926e-19	
3886	2.0235749593e-19	
3887	2.0231209916e-19	
3888	2.0224606843e-19	
3889	2.0236866076e-19	
3890	2.0254889612e-19	
3891	2.0273670668e-19	
3892	2.0267511599e-19	
3893	2.0277361267e-19	
3894	2.0281228425e-19	
3895	2.0283851697e-19	
3896	2.0291340432e-19	
3897	2.0330915344e-19	
3898	2.0315226849e-19	
3899	2.0309799891e-19	
3900	2.0311462732e-19	
3901	2.0315244654e-19	
3902	2.0312795472e-19	
3903	2.0316176317e-19	
3904	2.0309055252e-19	
3905	2.0293368286e-19	
3906	2.0265192332e-19	
3907	2.0260050542e-19	
3908	2.0261867040e-19	
3909	2.0259892014e-19	
3910	2.0279664263e-19	
3911	2.0300786613e-19	
3912	2.0314199589e-19	
3913	2.0316119202e-19	
3914	2.0321014804e-19	
3915	2.0326712739e-19	
3916	2.0331325243e-19	
3917	2.0343629702e-19	
3918	2.0370796940e-19	
3919	2.0355555720e-19	
3920	2.0351541121e-19	
3921	2.0350410322e-19	
3922	2.0352532396e-19	
3923	2.0343868335e-19	
3924	2.0349156378e-19	
3925	2.0332002433e-19	
3926	2.0301850194e-19	
3927	2.0281586396e-19	
3928	2.0273730944e-19	
3929	2.0269432116e-19	
3930	2.0269296859e-19	
3931	2.0284870908e-19	
3932	2.0304893241e-19	
3933	2.0300375106e-19	
3934	2.0305578342e-19	
3935	2.0304837285e-19	
3936	2.0307882284e-19	
3937	2.0308234885e-19	
3938	2.0332969269e-19	
3939	2.0333926526e-19	
3940	2.0323384794e-19	
3941	2.0317825957e-19	
3942	2.0317710124e-19	
3943	2.0315276945e-19	
3944	2.0310637067e-19	
3945	2.0308685403e-19	
3946	2.0295713481e-19	
3947	2.0256462901e-19	
3948	2.0249139278e-19	
3949	2.0243976663e-19	
3950	2.0239790922e-19	
3951	2.0248398441e-19	
3952	2.0267351251e-19	
3953	2.0288304802e-19	
3954	2.0282456965e-19	
3955	2.0293561221e-19	
3956	2.0297915253e-19	
3957	2.0300551810e-19	
3958	2.0307539881e-19	
3959	2.0344570314e-19	
3960	2.0332248185e-19	
3961	2.0325707512e-19	
3962	2.0325757244e-19	
3963	2.0327719811e-19	
3964	2.0325293632e-19	
3965	2.0326109440e-19	
3966	2.0319468234e-19	
3967	2.0305906037e-19	
3968	2.0270094925e-19	
3969	2.0263701914e-19	
3970	2.0262579808e-19	
3971	2.0256368103e-19	
3972	2.0272059732e-19	
3973	2.0289962881e-19	
3974	2.0305941761e-19	
3975	2.0301232736e-19	
3976	2.0306338112e-19	
3977	2.0308152825e-19	
3978	2.0310251779e-19	
3979	2.0313811020e-19	
3980	2.0349434650e-19	
3981	2.0329207349e-19	
3982	2.0322626035e-19	
3983	2.0319542668e-19	
3984	2.0320740865e-19	
3985	2.0311422937e-19	
3986	2.0313851359e-19	
3987	2.0298594828e-19	
3988	2.0272988460e-19	
3989	2.0247109652e-19	
3990	2.0239219291e-19	
3991	2.0236484162e-19	
3992	2.0235019455e-19	
3993	2.0251488884e-19	
3994	2.0271722520e-19	
3995	2.0273713773e-19	
3996	2.0278863177e-19	
3997	2.0279614123e-19	
3998	2.0285737070e-19	
3999	2.0288367147e-19	
4000	2.0309787389e-19	
4001	2.0321647737e-19	
4002	2.0311843049e-19	
4003	2.0308397389e-19	
4004	2.0310782265e-19	
4005	2.0311801399e-19	
4006	2.0307407658e-19	
4007	2.0313446047e-19	
4008	2.0299606320e-19	
4009	2.0265673818e-19	
4010	2.0256684070e-19	
4011	2.0252264507e-19	
4012	2.0250916350e-19	
4013	2.0257323017e-19	
4014	2.0277285908e-19	
4015	2.0300088920e-19	
4016	2.0295774587e-19	
4017	2.0306270156e-19	
4018	2.0310620524e-19	
4019	2.0313734194e-19	
4020	2.0319629464e-19	
4021	2.0353582879e-19	
4022	2.0345191022e-19	
4023	2.0337509574e-19	
4024	2.0335844500e-19	
4025	2.0335893398e-19	
4026	2.0333375816e-19	
4027	2.0331788026e-19	
4028	2.0325765283e-19	
4029	2.0312285032e-19	
4030	2.0272846579e-19	
4031	2.0265136458e-19	
4032	2.0262403305e-19	
4033	2.0254320528e-19	
4034	2.0268145860e-19	
4035	2.0284411747e-19	
4036	2.0302735830e-19	
4037	2.0294760645e-19	
4038	2.0302853031e-19	
4039	2.0303825212e-19	
4040	2.0306107435e-19	
4041	2.0310072578e-19	
4042	2.0349444907e-19	
4043	2.0329086882e-19	
4044	2.0323585129e-19	
4045	2.0321727508e-19	
4046	2.0324964413e-19	
4047	2.0318495232e-19	
4048	2.0322044160e-19	
4049	2.0310805921e-19	
4050	2.0291969170e-19	
4051	2.0263998958e-19	
4052	2.0258377873e-19	
4053	2.0258081179e-19	
4054	2.0257516714e-19	
4055	2.0275912123e-19	
4056	2.0297958916e-19	
4057	2.0306510335e-19	
4058	2.0311427591e-19	
4059	2.0314146042e-19	
4060	2.0321685708e-19	
4061	2.0325293223e-19	
4062	2.0342977042e-19	
4063	2.0362997875e-19	
4064	2.0351243677e-19	
4065	2.0346850738e-19	
4066	2.0347972466e-19	
4067	2.0348734856e-19	
4068	2.0341996538e-19	
4069	2.0347676672e-19	
4070	2.0330713669e-19	
4071	2.0297483685e-19	
4072	2.0281715681e-19	
4073	2.0273116687e-19	
4074	2.0269518051e-19	
4075	2.0269509384e-19	
4076	2.0285987873e-19	
4077	2.0304816861e-19	
4078	2.0298577322e-19	
4079	2.0302884302e-19	
4080	2.0302942431e-19	
4081	2.0303178684e-19	
4082	2.0304014909e-19	
4083	2.0329813743e-19	
4084	2.0324803481e-19	
4085	2.0312877856e-19	
4086	2.0307336297e-19	
4087	2.0304606608e-19	
4088	2.0300805684e-19	
4089	2.0295379075e-19	
4090	2.0290390569e-19	
4091	2.0275855360e-19	
4092	2.0235625378e-19	
4093	2.0226582908e-19	
4094	2.0222602399e-19	
4095	2.0215255367e-19	
4096	2.0226985353e-19	
4097	2.0243836710e-19	
4098	2.0264659234e-19	
4099	2.0257569341e-19	
4100	2.0269328601e-19	
4101	2.0272351998e-19	
4102	2.0276609334e-19	
4103	2.0283035600e-19	
4104	2.0323495442e-19	
4105	2.0308408016e-19	
4106	2.0304429809e-19	
4107	2.0305010943e-19	
4108	2.0310162201e-19	
4109	2.0307198893e-19	
4110	2.0311666911e-19	
4111	2.0303736798e-19	
4112	2.0291799487e-19	
4113	2.0259811065e-19	
4114	2.0256212613e-19	
4115	2.0256250756e-19	
4116	2.0254460534e-19	
4117	2.0271828760e-19	
4118	2.0293742639e-19	
4119	2.0307395807e-19	
4120	2.0308217678e-19	
4121	2.0312377299e-19	
4122	2.0318158875e-19	
4123	2.0320696304e-19	
4124	2.0331024571e-19	
4125	2.0360313006e-19	
4126	2.0344505662e-19	
4127	2.0338156168e-19	
4128	2.0337583474e-19	
4129	2.0337940791e-19	
4130	2.0330306138e-19	
4131	2.0332856382e-19	
4132	2.0317839560e-19	
4133	2.0288194350e-19	
4134	2.0266706491e-19	
4135	2.0257538591e-19	
4136	2.0255198764e-19	
4137	2.0253284535e-19	
4138	2.0270613493e-19	
4139	2.0289548490e-19	
4140	2.0289122784e-19	
4141	2.0293239712e-19	
4142	2.0294595245e-19	
4143	2.0298048134e-19	
4144	2.0301058991e-19	
4145	2.0323643656e-19	
4146	2.0330956323e-19	
4147	2.0320010820e-19	
4148	2.0317377341e-19	
4149	2.0317837033e-19	
4150	2.0318869849e-19	
4151	2.0313865664e-19	
4152	2.0317271661e-19	
4153	2.0303703698e-19	
4154	2.0268484043e-19	
4155	2.0260569051e-19	
4156	2.0257806642e-19	
4157	2.0254246597e-19	
4158	2.0264074402e-19	
4159	2.0282968967e-19	
4160	2.0306799895e-19	
4161	2.0300679359e-19	
4162	2.0313720254e-19	
4163	2.0317459531e-19	
4164	2.0321785664e-19	
4165	2.0327487078e-19	
4166	2.0364875791e-19	
4167	2.0352812494e-19	
4168	2.0347039572e-19	
4169	2.0344959793e-19	
4170	2.0347157892e-19	
4171	2.0343085708e-19	
4172	2.0343753274e-19	
4173	2.0335615822e-19	
4174	2.0322504491e-19	
4175	2.0283109282e-19	
4176	2.0276737672e-19	
4177	2.0272879123e-19	
4178	2.0266056235e-19	
4179	2.0278723628e-19	
4180	2.0296105250e-19	
4181	2.0310926423e-19	
4182	2.0305021510e-19	
4183	2.0308687199e-19	
4184	2.0310203624e-19	
4185	2.0310013165e-19	
4186	2.0313483029e-19	
4187	2.0348677816e-19	
4188	2.0328499440e-19	
4189	2.0320093895e-19	
4190	2.0317742134e-19	
4191	2.0317774369e-19	
4192	2.0309923848e-19	
4193	2.0310934071e-19	
4194	2.0297899651e-19	
4195	2.0273479459e-19	
4196	2.0247120267e-19	
4197	2.0238425350e-19	
4198	2.0237698359e-19	
4199	2.0235177980e-19	
4200	2.0253496091e-19	
4201	2.0273243307e-19	
4202	2.0278783370e-19	
4203	2.0282874930e-19	
4204	2.0285509142e-19	
4205	2.0291181966e-19	
4206	2.0295576117e-19	
4207	2.0314557729e-19	
4208	2.0330724847e-19	
4209	2.0319336201e-19	
4210	2.0316853960e-19	
4211	2.0317841476e-19	
4212	2.0320093045e-19	
4213	2.0313723187e-19	
4214	2.0321715371e-19	
4215	2.0304769557e-19	
4216	2.0272587928e-19	
4217	2.0259806708e-19	
4218	2.0255118800e-19	
4219	2.0251660593e-19	
4220	2.0256796774e-19	
4221	2.0274166838e-19	
4222	2.0296523319e-19	
4223	2.0290105008e-19	
4224	2.0299341200e-19	
4225	2.0300650436e-19	
4226	2.0303727027e-19	
4227	2.0306292677e-19	
4228	2.0338412853e-19	
4229	2.0329346029e-19	
4230	2.0321218715e-19	
4231	2.0316790846e-19	
4232	2.0316813633e-19	
4233	2.0312409782e-19	
4234	2.0310660532e-19	
4235	2.0303582466e-19	
4236	2.0291080880e-19	
4237	2.0249874105e-19	
4238	2.0243024245e-19	
4239	2.0238782740e-19	
4240	2.0232050673e-19	
4241	2.0244530323e-19	
4242	2.0262339530e-19	
4243	2.0280845318e-19	
4244	2.0274195286e-19	
4245	2.0283385603e-19	
4246	2.0286668358e-19	
4247	2.0288939105e-19	
4248	2.0295737145e-19	
4249	2.0335404228e-19	
4250	2.0318234716e-19	
4251	2.0312660358e-19	
4252	2.0313667518e-19	
4253	2.0317104350e-19	
4254	2.0313890184e-19	
4255	2.0317155950e-19	
4256	2.0309267769e-19	
4257	2.0292434878e-19	
4258	2.0264904013e-19	
4259	2.0259494947e-19	
4260	2.0261190176e-19	
4261	2.0259634269e-19	
4262	2.0279542724e-19	
4263	2.0300873020e-19	
4264	2.0313387396e-19	
4265	2.0316228159e-19	
4266	2.0320995523e-19	
4267	2.0327257997e-19	
4268	2.0332072059e-19	
4269	2.0345965691e-19	
4270	2.0371460640e-19	
4271	2.0357217043e-19	
4272	2.0353604189e-19	
4273	2.0353007374e-19	
4274	2.0355238813e-19	
4275	2.0347044066e-19	
4276	2.0352887609e-19	
4277	2.0335617767e-19	
4278	2.0304732532e-19	
4279	2.0285763831e-19	
4280	2.0277932524e-19	
4281	2.0273627799e-19	
4282	2.0273764308e-19	
4283	2.0289282770e-19	
4284	2.0309220376e-19	
4285	2.0303718777e-19	
4286	2.0308801768e-19	
4287	2.0307892092e-19	
4288	2.0310208546e-19	
4289	2.0310170962e-19	
4290	2.0335338061e-19	
4291	2.0334014427e-19	
4292	2.0323142216e-19	
4293	2.0317007204e-19	
4294	2.0316138095e-19	
4295	2.0312748331e-19	
4296	2.0307902284e-19	
4297	2.0304424114e-19	
4298	2.0291006814e-19	
4299	2.0250958761e-19	
4300	2.0243205814e-19	
4301	2.0237835026e-19	
4302	2.0232798908e-19	
4303	2.0241686208e-19	
4304	2.0260161032e-19	
4305	2.0280601648e-19	
4306	2.0274520776e-19	
4307	2.0285357388e-19	
4308	2.0289462752e-19	
4309	2.0292187534e-19	
4310	2.0299174954e-19	
4311	2.0336855801e-19	
4312	2.0323907216e-19	
4313	2.0317781337e-19	
4314	2.0318210793e-19	
4315	2.0320840356e-19	
4316	2.0318466958e-19	
4317	2.0320109801e-19	
4318	2.0313256109e-19	
4319	2.0300175243e-19	
4320	2.0265586486e-19	
4321	2.0259720196e-19	
4322	2.0259223056e-19	
4323	2.0254004696e-19	
4324	2.0270392313e-19	
4325	2.0289252690e-19	
4326	2.0304822847e-19	
4327	2.0301402049e-19	
4328	2.0306460430e-19	
4329	2.0309093626e-19	
4330	2.0311512961e-19	
4331	2.0316740149e-19	
4332	2.0350621165e-19	
4333	2.0331348456e-19	
4334	2.0324999487e-19	
4335	2.0322282418e-19	
4336	2.0323367363e-19	
4337	2.0314132145e-19	
4338	2.0316714860e-19	
4339	2.0301135142e-19	
4340	2.0274383613e-19	
4341	2.0249545822e-19	
4342	2.0241440949e-19	
4343	2.0238480409e-19	
4344	2.0237112052e-19	
4345	2.0253546536e-19	
4346	2.0273561413e-19	
4347	2.0274555430e-19	
4348	2.0279706490e-19	
4349	2.0280358354e-19	
4350	2.0286108971e-19	
4351	2.0288661763e-19	
4352	2.0310873011e-19	
4353	2.0321259930e-19	
4354	2.0311489568e-19	
4355	2.0308377053e-19	
4356	2.0310722793e-19	
4357	2.0311717413e-19	
4358	2.0307680728e-19	
4359	2.0313073142e-19	
4360	2.0299887719e-19	
4361	2.0265593862e-19	
4362	2.0257709945e-19	
4363	2.0253866762e-19	
4364	2.0252534058e-19	
4365	2.0259958654e-19	
4366	2.0280258358e-19	
4367	2.0303470599e-19	
4368	2.0299197893e-19	
4369	2.0310547674e-19	
4370	2.0315301415e-19	
4371	2.0318758102e-19	
4372	2.0325120599e-19	
4373	2.0360193058e-19	
4374	2.0351059437e-19	
4375	2.0343802440e-19	
4376	2.0342407078e-19	
4377	2.0342941032e-19	
4378	2.0340230285e-19	
4379	2.0339052587e-19	
4380	2.0332615335e-19	
4381	2.0318942052e-19	
4382	2.0279623822e-19	
4383	2.0271965770e-19	
4384	2.0269048941e-19	
4385	2.0260856894e-19	
4386	2.0274421021e-19	
4387	2.0290582096e-19	
4388	2.0307888560e-19	
4389	2.0300096409e-19	
4390	2.0306860264e-19	
4391	2.0307469039e-19	
4392	2.0309059226e-19	
4393	2.0312399626e-19	
4394	2.0350606924e-19	
4395	2.0329865958e-19	
4396	2.0323673394e-19	
4397	2.0321245925e-19	
4398	2.0323724448e-19	
4399	2.0316408981e-19	
4400	2.0319509617e-19	
4401	2.0307431924e-19	
4402	2.0287206134e-19	
4403	2.0259486787e-19	
4404	2.0253222872e-19	
4405	2.0252684010e-19	
4406	2.0251913659e-19	
4407	2.0270200892e-19	
4408	2.0292065340e-19	
4409	2.0299452912e-19	
4410	2.0304644241e-19	
4411	2.0307195051e-19	
4412	2.0314625656e-19	
4413	2.0318390536e-19	
4414	2.0337046509e-19	
4415	2.0355534646e-19	
4416	2.0344368512e-19	
4417	2.0340407656e-19	
4418	2.0341851171e-19	
4419	2.0342813362e-19	
4420	2.0336343257e-19	
4421	2.0342857395e-19	
4422	2.0325772998e-19	
4423	2.0292473529e-19	
4424	2.0277851635e-19	
4425	2.0270057221e-19	
4426	2.0266576531e-19	
4427	2.0267628005e-19	
4428	2.0284427016e-19	
4429	2.0303750499e-19	
4430	2.0297374177e-19	
4431	2.0302622814e-19	
4432	2.0303015450e-19	
4433	2.0303487901e-19	
4434	2.0304734071e-19	
4435	2.0331963178e-19	
4436	2.0325328156e-19	
4437	2.0313985619e-19	
4438	2.0308713225e-19	
4439	2.0306218309e-19	
4440	2.0302082238e-19	
4441	2.0297281684e-19	
4442	2.0291494941e-19	
4443	2.0277095249e-19	
4444	2.0236590275e-19	
4445	2.0227731757e-19	
4446	2.0223800899e-19	
4447	2.0216051003e-19	
4448	2.0228422880e-19	
4449	2.0245151921e-19	
4450	2.0265346141e-19	
4451	2.0258094216e-19	
4452	2.0269446137e-19	
4453	2.0272238607e-19	
4454	2.0276214262e-19	
4455	2.0282635283e-19	
4456	2.0323150131e-19	
4457	2.0307310985e-19	
4458	2.0303127824e-19	
4459	2.0303857201e-19	
4460	2.0308971080e-19	
4461	2.0305834809e-19	
4462	2.0310388123e-19	
4463	2.0302503509e-19	
4464	2.0289376101e-19	
4465	2.0258794590e-19	
4466	2.0255123143e-19	
4467	2.0255615415e-19	
4468	2.0254400924e-19	
4469	2.0272527528e-19	
4470	2.0294749331e-19	
4471	2.0307926389e-19	
4472	2.0309903608e-19	
4473	2.0314008467e-19	
4474	2.0320425384e-19	
4475	2.0323575934e-19	
4476	2.0335462584e-19	
4477	2.0363366465e-19	
4478	2.0348483652e-19	
4479	2.0342847838e-19	
4480	2.0342653258e-19	
4481	2.0343457646e-19	
4482	2.0335969481e-19	
4483	2.0339432103e-19	
4484	2.0324072146e-19	
4485	2.0293863050e-19	
4486	2.0273526458e-19	
4487	2.0264618205e-19	
4488	2.0261984185e-19	
4489	2.0260545234e-19	
4490	2.0277711770e-19	
4491	2.0296797180e-19	
4492	2.0295113141e-19	
4493	2.0299373765e-19	
4494	2.0300418977e-19	
4495	2.0303304035e-19	
4496	2.0305752387e-19	
4497	2.0328992086e-19	
4498	2.0334039237e-19	
4499	2.0322947852e-19	
4500	2.0319599631e-19	
4501	2.0319451732e-19	
4502	2.0319582211e-19	
4503	2.0314353674e-19	
4504	2.0315872207e-19	
4505	2.0302259966e-19	
4506	2.0265707755e-19	
4507	2.0257826553e-19	
4508	2.0254498760e-19	
4509	2.0250272009e-19	
4510	2.0260153268e-19	
4511	2.0278683413e-19	
4512	2.0301754937e-19	
4513	2.0295220664e-19	
4514	2.0308020356e-19	
4515	2.0311605735e-19	
4516	2.0315620191e-19	
4517	2.0321471054e-19	
4518	2.0359174969e-19	
4519	2.0346442893e-19	
4520	2.0340771576e-19	
4521	2.0339128526e-19	
4522	2.0341633538e-19	
4523	2.0337764469e-19	
4524	2.0338902928e-19	
4525	2.0330945499e-19	
4526	2.0317893918e-19	
4527	2.0279550952e-19	
4528	2.0273531533e-19	
4529	2.0270274740e-19	
4530	2.0264037605e-19	
4531	2.0277457958e-19	
4532	2.0295370504e-19	
4533	2.0310140433e-19	
4534	2.0305075044e-19	
4535	2.0308701166e-19	
4536	2.0310663538e-19	
4537	2.0310855355e-19	
4538	2.0314380596e-19	
4539	2.0349466249e-19	
4540	2.0329496141e-19	
4541	2.0321230781e-19	
4542	2.0318864579e-19	
4543	2.0318762494e-19	
4544	2.0310550640e-19	
4545	2.0311513394e-19	
4546	2.0297828280e-19	
4547	2.0272167892e-19	
4548	2.0246386766e-19	
4549	2.0237451713e-19	
4550	2.0236114721e-19	
4551	2.0233452024e-19	
4552	2.0251248885e-19	
4553	2.0270590091e-19	
4554	2.0274865065e-19	
4555	2.0278841117e-19	
4556	2.0280962028e-19	
4557	2.0286265903e-19	
4558	2.0290215380e-19	
4559	2.0309714531e-19	
4560	2.0324262172e-19	
4561	2.0313094371e-19	
4562	2.0310544184e-19	
4563	2.0311639473e-19	
4564	2.0313728327e-19	
4565	2.0307737259e-19	
4566	2.0315325229e-19	
4567	2.0299274330e-19	
4568	2.0266784979e-19	
4569	2.0255217092e-19	
4570	2.0251114269e-19	
4571	2.0248167502e-19	
4572	2.0254359446e-19	
4573	2.0272414810e-19	
4574	2.0295505442e-19	
4575	2.0289597093e-19	
4576	2.0299937351e-19	
4577	2.0302199779e-19	
4578	2.0305817692e-19	
4579	2.0309496346e-19	
4580	2.0343003708e-19	
4581	2.0333791155e-19	
4582	2.0326448503e-19	
4583	2.0322905699e-19	
4584	2.0323458950e-19	
4585	2.0319541273e-19	
4586	2.0318467677e-19	
4587	2.0311415567e-19	
4588	2.0299117614e-19	
4589	2.0258232630e-19	
4590	2.0251590568e-19	
4591	2.0247699318e-19	
4592	2.0240917050e-19	
4593	2.0253666483e-19	
4594	2.0271343439e-19	
4595	2.0289483057e-19	
4596	2.0282652923e-19	
4597	2.0291019537e-19	
4598	2.0293846370e-19	
4599	2.0295804295e-19	
4600	2.0301873120e-19	
4601	2.0341436561e-19	
4602	2.0322935311e-19	
4603	2.0317191103e-19	
4604	2.0317488339e-19	
4605	2.0320505382e-19	
4606	2.0316431595e-19	
4607	2.0319526975e-19	
4608	2.0310756469e-19	
4609	2.0292656752e-19	
4610	2.0265628894e-19	
4611	2.0259824932e-19	
4612	2.0261244769e-19	
4613	2.0259919283e-19	
4614	2.0279789673e-19	
4615	2.0301163526e-19	
4616	2.0312535649e-19	
4617	2.0316054675e-19	
4618	2.0320479987e-19	
4619	2.0327096710e-19	
4620	2.0331980894e-19	
4621	2.0347338583e-19	
4622	2.0370858501e-19	
4623	2.0357407307e-19	
4624	2.0354034973e-19	
4625	2.0353828357e-19	
4626	2.0355938318e-19	
4627	2.0347957761e-19	
4628	2.0354241167e-19	
4629	2.0336653703e-19	
4630	2.0305085541e-19	
4631	2.0287107462e-19	
4632	2.0279306079e-19	
4633	2.0274791337e-19	
4634	2.0275219749e-19	
4635	2.0290609076e-19	
4636	2.0310439404e-19	
4637	2.0303857015e-19	
4638	2.0308850117e-19	
4639	2.0307760781e-19	
4640	2.0309375618e-19	
4641	2.0309043124e-19	
4642	2.0334725668e-19	
4643	2.0331026647e-19	
4644	2.0319963280e-19	
4645	2.0313315461e-19	
4646	2.0311834686e-19	
4647	2.0307544846e-19	
4648	2.0302718856e-19	
4649	2.0297833448e-19	
4650	2.0284182857e-19	
4651	2.0243380654e-19	
4652	2.0235323738e-19	
4653	2.0230014524e-19	
4654	2.0224243778e-19	
4655	2.0233777047e-19	
4656	2.0251872032e-19	
4657	2.0271934906e-19	
4658	2.0265825915e-19	
4659	2.0276530572e-19	
4660	2.0280569286e-19	
4661	2.0283516510e-19	
4662	2.0290695088e-19	
4663	2.0329184289e-19	
4664	2.0315724462e-19	
4665	2.0310168093e-19	
4666	2.0311118338e-19	
4667	2.0314489879e-19	
4668	2.0312304332e-19	
4669	2.0314848473e-19	
4670	2.0307880828e-19	
4671	2.0295013158e-19	
4672	2.0262095701e-19	
4673	2.0256782673e-19	
4674	2.0256997661e-19	
4675	2.0252849175e-19	
4676	2.0270135355e-19	
4677	2.0289885347e-19	
4678	2.0305019376e-19	
4679	2.0302988882e-19	
4680	2.0308048192e-19	
4681	2.0311607275e-19	
4682	2.0314431708e-19	
4683	2.0321468140e-19	
4684	2.0353600483e-19	
4685	2.0335383031e-19	
4686	2.0329381226e-19	
4687	2.0327114773e-19	
4688	2.0328194566e-19	
4689	2.0319136673e-19	
4690	2.0322057705e-19	
4691	2.0306223783e-19	
4692	2.0278500586e-19	
4693	2.0254744818e-19	
4694	2.0246577430e-19	
4695	2.0243440351e-19	
4696	2.0242299346e-19	
4697	2.0258725641e-19	
4698	2.0278740487e-19	
4699	2.0278678233e-19	
4700	2.0283879915e-19	
4701	2.0284470841e-19	
4702	2.0289843143e-19	
4703	2.0292284775e-19	
4704	2.0315301263e-19	
4705	2.0324051167e-19	
4706	2.0314344905e-19	
4707	2.0311284034e-19	
4708	2.0313487532e-19	
4709	2.0314225724e-19	
4710	2.0310508258e-19	
4711	2.0314771127e-19	
4712	2.0302095509e-19	
4713	2.0267182055e-19	
4714	2.0260033813e-19	
4715	2.0256517034e-19	
4716	2.0254802397e-19	
4717	2.0263102205e-19	
4718	2.0283385107e-19	
4719	2.0306635882e-19	
4720	2.0302072632e-19	
4721	2.0313985911e-19	
4722	2.0318865882e-19	
4723	2.0322318522e-19	
4724	2.0328928044e-19	
4725	2.0364723827e-19	
4726	2.0354613417e-19	
4727	2.0347611872e-19	
4728	2.0346352726e-19	
4729	2.0347181981e-19	
4730	2.0344229423e-19	
4731	2.0343395072e-19	
4732	2.0336471660e-19	
4733	2.0322604899e-19	
4734	2.0283441396e-19	
4735	2.0275916264e-19	
4736	2.0272916322e-19	
4737	2.0264773762e-19	
4738	2.0278213290e-19	
4739	2.0294372993e-19	
4740	2.0310857900e-19	
4741	2.0303466394e-19	
4742	2.0309020670e-19	
4743	2.0309499276e-19	
4744	2.0310613792e-19	
4745	2.0313485370e-19	
4746	2.0350630859e-19	
4747	2.0329678908e-19	
4748	2.0322876701e-19	
4749	2.0320009795e-19	
4750	2.0321794435e-19	
4751	2.0313748336e-19	
4752	2.0316412081e-19	
4753	2.0303422117e-19	
4754	2.0281799944e-19	
4755	2.0254249651e-19	
4756	2.0247310118e-19	
4757	2.0246388052e-19	
4758	2.0245350417e-19	
4759	2.0263273572e-19	
4760	2.0284770553e-19	
4761	2.0290798330e-19	
4762	2.0296063255e-19	
4763	2.0298232221e-19	
4764	2.0305373046e-19	
4765	2.0309009204e-19	
4766	2.0328419580e-19	
4767	2.0345232265e-19	
4768	2.0334451660e-19	
4769	2.0330729369e-19	
4770	2.0332371574e-19	
4771	2.0333439333e-19	
4772	2.0327414050e-19	
4773	2.0334397798e-19	
4774	2.0317314026e-19	
4775	2.0283927173e-19	
4776	2.0270572600e-19	
4777	2.0263662361e-19	
4778	2.0260440966e-19	
4779	2.0262801096e-19	
4780	2.0280158578e-19	
4781	2.0300215750e-19	
4782	2.0294012636e-19	
4783	2.0300495599e-19	
4784	2.0301553494e-19	
4785	2.0302588562e-19	
4786	2.0304666161e-19	
4787	2.0333657736e-19	
4788	2.0325866041e-19	
4789	2.0315508054e-19	
4790	2.0310924844e-19	
4791	2.0308995216e-19	
4792	2.0304973345e-19	
4793	2.0301074129e-19	
4794	2.0294966483e-19	
4795	2.0280883566e-19	
4796	2.0240408067e-19	
4797	2.0232011583e-19	
4798	2.0228361675e-19	
4799	2.0220450084e-19	
4800	2.0233592792e-19	
4801	2.0250323315e-19	
4802	2.0270116439e-19	
4803	2.0262712932e-19	
4804	2.0273615414e-19	
4805	2.0276256909e-19	
4806	2.0279935331e-19	
4807	2.0286241947e-19	
4808	2.0326849308e-19	
4809	2.0310087848e-19	
4810	2.0305751685e-19	
4811	2.0306285736e-19	
4812	2.0311194649e-19	
4813	2.0307671843e-19	
4814	2.0312163619e-19	
4815	2.0304019450e-19	
4816	2.0289582605e-19	
4817	2.0260224221e-19	
4818	2.0256278882e-19	
4819	2.0257020726e-19	
4820	2.0256185423e-19	
4821	2.0274873056e-19	
4822	2.0297181886e-19	
4823	2.0309660533e-19	
4824	2.0312727073e-19	
4825	2.0316616247e-19	
4826	2.0323507726e-19	
4827	2.0327101567e-19	
4828	2.0340495643e-19	
4829	2.0366872496e-19	
4830	2.0352816512e-19	
4831	2.0347800228e-19	
4832	2.0347917645e-19	
4833	2.0349075911e-19	
4834	2.0341692418e-19	
4835	2.0345970606e-19	
4836	2.0330187724e-19	
4837	2.0299209229e-19	
4838	2.0280121916e-19	
4839	2.0271343642e-19	
4840	2.0268401302e-19	
4841	2.0267335934e-19	
4842	2.0284257663e-19	
4843	2.0303388353e-19	
4844	2.0300350719e-19	
4845	2.0304666366e-19	
4846	2.0305286054e-19	
4847	2.0307519072e-19	
4848	2.0309266185e-19	
4849	2.0333037884e-19	
4850	2.0335614096e-19	
4851	2.0324195097e-19	
4852	2.0320036316e-19	
4853	2.0319102148e-19	
4854	2.0318079567e-19	
4855	2.0312551442e-19	
4856	2.0312069087e-19	
4857	2.0298205785e-19	
4858	2.0260326302e-19	
4859	2.0252097994e-19	
4860	2.0248217687e-19	
4861	2.0243160072e-19	
4862	2.0252974841e-19	
4863	2.0270997286e-19	
4864	2.0293230288e-19	
4865	2.0286397264e-19	
4866	2.0298717413e-19	
4867	2.0302069108e-19	
4868	2.0305855531e-19	
4869	2.0311785893e-19	
4870	2.0349882399e-19	
4871	2.0336553277e-19	
4872	2.0331075143e-19	
4873	2.0329966584e-19	
4874	2.0332936924e-19	
4875	2.0329361795e-19	
4876	2.0331150441e-19	
4877	2.0323363182e-19	
4878	2.0310768364e-19	
4879	2.0273648871e-19	
4880	2.0268194675e-19	
4881	2.0265802995e-19	
4882	2.0260465757e-19	
4883	2.0274866312e-19	
4884	2.0293634540e-19	
4885	2.0308422629e-19	
4886	2.0304525151e-19	
4887	2.0308382194e-19	
4888	2.0311053621e-19	
4889	2.0311850678e-19	
4890	2.0316146372e-19	
4891	2.0350705138e-19	
4892	2.0331294177e-19	
4893	2.0323402826e-19	
4894	2.0321195801e-19	
4895	2.0321134352e-19	
4896	2.0312709325e-19	
4897	2.0313842456e-19	
4898	2.0299538211e-19	
4899	2.0272791865e-19	
4900	2.0247690442e-19	
4901	2.0238557223e-19	
4902	2.0236735433e-19	
4903	2.0234006923e-19	
4904	2.0251388864e-19	
4905	2.0270381174e-19	
4906	2.0273402998e-19	
4907	2.0277284282e-19	
4908	2.0278970919e-19	
4909	2.0283883592e-19	
4910	2.0287450030e-19	
4911	2.0307537099e-19	
4912	2.0320502453e-19	
4913	2.0309453871e-19	
4914	2.0306916525e-19	
4915	2.0308088901e-19	
4916	2.0310056807e-19	
4917	2.0304432100e-19	
4918	2.0311506264e-19	
4919	2.0296388769e-19	
4920	2.0263495405e-19	
4921	2.0253207020e-19	
4922	2.0249711388e-19	
4923	2.0247203187e-19	
4924	2.0254495880e-19	
4925	2.0273275927e-19	
4926	2.0297047558e-19	
4927	2.0291607391e-19	
4928	2.0303045945e-19	
4929	2.0306232489e-19	
4930	2.0310374005e-19	
4931	2.0315118982e-19	
4932	2.0350009638e-19	
4933	2.0340629456e-19	
4934	2.0333997791e-19	
4935	2.0331249836e-19	
4936	2.0332356213e-19	
4937	2.0328826341e-19	
4938	2.0328319474e-19	
4939	2.0321326813e-19	
4940	2.0309019782e-19	
4941	2.0268571159e-19	
4942	2.0261998380e-19	
4943	2.0258328761e-19	
4944	2.0251423173e-19	
4945	2.0264304583e-19	
4946	2.0281773832e-19	
4947	2.0299253086e-19	
4948	2.0292451395e-19	
4949	2.0299763629e-19	
4950	2.0301994051e-19	
4951	2.0303435292e-19	
4952	2.0308689395e-19	
4953	2.0347277309e-19	
4954	2.0328194322e-19	
4955	2.0321867323e-19	
4956	2.0321311405e-19	
4957	2.0323735419e-19	
4958	2.0318595646e-19	
4959	2.0321309965e-19	
4960	2.0311403736e-19	
4961	2.0291856512e-19	
4962	2.0265068058e-19	
4963	2.0258647724e-19	
4964	2.0259603580e-19	
4965	2.0258183190e-19	
4966	2.0277805452e-19	
4967	2.0299002049e-19	
4968	2.0308923057e-19	
4969	2.0312900693e-19	
4970	2.0316862930e-19	
4971	2.0323510997e-19	
4972	2.0328305421e-19	
4973	2.0344942322e-19	
4974	2.0366380437e-19	
4975	2.0353621141e-19	
4976	2.0350362341e-19	
4977	2.0350505995e-19	
4978	2.0352406781e-19	
4979	2.0344671711e-19	
4980	2.0351414639e-19	
4981	2.0333499803e-19	
4982	2.0301402141e-19	
4983	2.0284519020e-19	
4984	2.0276941181e-19	
4985	2.0272336768e-19	
4986	2.0273288522e-19	
4987	2.0288723076e-19	
4988	2.0308569192e-19	
4989	2.0301312651e-19	
4990	2.0306581775e-19	
4991	2.0305546797e-19	
4992	2.0306791319e-19	
4993	2.0306503777e-19	
4994	2.0333138429e-19	
4995	2.0327248845e-19	
4996	2.0316235386e-19	
4997	2.0309552412e-19	
4998	2.0307766910e-19	
4999	2.0302883704e-19	
5000	2.0298325410e-19	
