/*---------------------------------------------------------------------------*\
|       o        |                                                            |
|    o     o     |  HELYX (R) : Open-source CFD for Enterprise                |
|   o   O   o    |  Version : 4.4.1                                           |
|    o     o     |  ENGYS Ltd. <http://engys.com/>                            |
|       o        |                                                            |
\*---------------------------------------------------------------------------*/
Build  : 4.4.1-unknown
API    : 4.4.1
Arch   : "LSB;label=32;scalar=64"
Exec   : helyxSolve -parallel
Date   : Jan 15 2026
Time   : 17:35:54
Host   : "tb133-VirtualBox"
PID    : 9091
I/O    : uncollated
Case   : /home/introcfd/Desktop/estudioAutomatizacionPerfiles/aleronTraseroV1
nProcs : 4
Slaves : 
3
(
"tb133-VirtualBox.9092"
"tb133-VirtualBox.9093"
"tb133-VirtualBox.9094"
)

Pstream initialized with:
    floatTransfer      : 0
    nProcsSimpleSum    : 0
    commsType          : nonBlocking
    polling iterations : 0
sigFpe : Enabling floating point exception trapping (HELYX_SIGFPE).
fileModificationChecking : Monitoring run-time modified files using timeStampMaster (fileModificationSkew 10)
allowSystemOperations : Allowing user-supplied system call operations

// * * * * * * * * * * * * * * * * * * * * * * * * * * * * * * * * * * * * * //
Creating time

Reading default options for solver configuration: helyxSolve

Creating solution schedule 
Building instance: defaultInstanceName

Constructing static mesh region0


Constructing Registry: region0

Creating fvOption for mesh region0
for region  region0
Creating finite volume options from "system/fvOptions"

Selecting finite volume options model type rhieChowFlowSolver
    Source: flowSolver
Selecting solution control: SIMPLE

SIMPLE: convergence criteria
    field U	 tolerance 1e-07
    field p	 tolerance 1e-07
    field k	 tolerance 1e-07
    field omega	 tolerance 1e-07

Creating initial p field

Reading field U

Reading material properties


Material settings
-----------------

Selecting materials package "fluid".
pRef [1 -1 -2 0 0 0 0] 101325
TRef [0 0 0 1 0 0 0] 0
TConst [0 0 0 1 0 0 0] 300

Solver settings from material properties:
"isochoric" "incompressible" "constant Cv" "isotropic"

Creating field rho

pressureControl
    pMax 1e+10
    pMin -1e+10

Calculating face flux field phi

Creating turbulence model

Selecting turbulence model type RAS
Selecting RAS turbulence model kOmegaSST
kOmegaSSTCoeffs
{
    curvature       false;
    solveCoupled    false;
    decoupledVariables false;
    alphaK1         0.85;
    alphaK2         1;
    alphaOmega1     0.5;
    alphaOmega2     0.856;
    gamma1          0.5555555556;
    gamma2          0.44;
    beta1           0.075;
    beta2           0.0828;
    betaStar        0.09;
    a1              0.31;
    b1              1;
    c1              10;
    F3              false;
    limitNearWallCell false;
    productionType  standard;
    maxTurbViscosityRatio 1000000;
    cr1             1;
    cr2             2;
    cr3             1;
    deferredS1      false;
    deferredS2      false;
}

Selecting finite volume options model type turbulenceSolver
    Source: turbulenceSolver
Selecting finite volume options model type fvMeshSolver
    Source: fvMeshSolver
Selecting finite volume options model type radiationSolver
    Source: radiationSolver
Selecting finite volume options model type phaseChangeSource
    Source: phaseChangeSource

GAMG:  Solving for pcorr, Initial residual = 1, Final residual = 0.00793328348, No Iterations 1
GAMG:  Solving for pcorr, Initial residual = 0.1928200145, Final residual = 0.001671017912, No Iterations 5
GAMG:  Solving for pcorr, Initial residual = 0.04888568624, Final residual = 0.0002540601114, No Iterations 3

	Selecting patchDistMethod meshWave
Removing fvOption fvMeshSolver
Radiation model not active: radiationProperties not found
Selecting radiationModel none
Removing fvOption radiationSolver
No phase change - not multiphase
Removing fvOption phaseChangeSource

Solution schedule:
  Corrector initialisation
    Solve solverMeshInit in region region0
  Corrector timeLoop
    Corrector outerCorrector
      Solve correctPhi in region region0
      Solve UPredictor in region region0
      Corrector PISOCorrector
        Corrector nonOrthogonalCorrector:p
          Solve p in region region0
        Solve U in region region0
      Solve turbulence in region region0


Starting initialisation schedule


Starting time loop

forces FR:
    Not including porosity effects

forces LD:
    Including porosity effects


liftDrag LD read:
    Creating lift/drag file.

--> HELYX Warning : 
    From function virtual bool Foam::functionObjects::liftDrag::read(const Foam::dictionary&)
    in file /home/introcfd/helyx/20251017-engys-HELYX-4.4.1-linux-x86_64-SRC/HELYXcore-4.4.1/src/functionObjects/forces/liftDrag/liftDrag.C at line 1174
    Old format used in binData.


################################################################################

Time = 1

Outer Loop Iteration = 1
smoothSolver:  Solving for Ux, Initial residual = 0.9999999994, Final residual = 0.0346707729, No Iterations 2
smoothSolver:  Solving for Uz, Initial residual = 0.9873572056, Final residual = 0.02137191505, No Iterations 2
GAMG:  Solving for p, Initial residual = 1, Final residual = 0.008214695979, No Iterations 6
GAMG:  Solving for p, Initial residual = 0.05907408916, Final residual = 0.00026728075, No Iterations 3
GAMG:  Solving for p, Initial residual = 0.006426077271, Final residual = 4.208116896e-05, No Iterations 3
time step continuity errors (region0): sum local = 3.844384514e-06, global = -9.745759797e-08, cumulative = -9.745759797e-08
smoothSolver:  Solving for omega, Initial residual = 0.2587266701, Final residual = 0.01238177289, No Iterations 1
smoothSolver:  Solving for k, Initial residual = 1, Final residual = 0.07031266242, No Iterations 1

ExecutionTime = 0.05 s  ExecutionStepTime = 0.02 s  ClockTime = 0 s

forces FR write:
    Sum of forces
        Total    : ( 5.44717436 0 9.229519188 )
        Pressure : ( 5.393894011 0 9.232628378 )
        Viscous  : ( 0.05328034887 0 -0.003109189268 )
    Sum of moments
        Total    : ( 4.477659371 -0.5913696142 -2.642671934 )
        Pressure : ( 4.47916778 -0.588517873 -2.616823214 )
        Viscous  : ( -0.001508409071 -0.002851741215 -0.02584871958 )


liftDrag LD execute:
Viscous drag: 0.00442455491, pressure drag: 0.447924624, porous drag: 0
Viscous lift: -0.0002581961068, pressure lift: 0.7667042745, porous lift: 0
Total lift: 0.7664460784, Front lift: 0.3341139889, Rear lift: 0.4323320895, Drag: 0.4523491789
Location of Center of Mass: ( 0.15305161 0.4851454642 -0.0449368109 )
Location of Center Of Pressure: ( 0.06739037371 0.4851454642 0.005619635248 )


yPlus yPlus execute:
    patch Bottom y+ : min = 41.15428378, max = 264.6085759, average = 161.3183642
    patch Top y+ : min = 36.053136, max = 237.9134149, average = 134.7131093
    patch e423_0 y+ : min = 73.05663049, max = 591.5398919, average = 440.1826302


################################################################################

Time = 2

Outer Loop Iteration = 2
smoothSolver:  Solving for Ux, Initial residual = 0.2604479641, Final residual = 0.006377816174, No Iterations 2
smoothSolver:  Solving for Uz, Initial residual = 0.2301461953, Final residual = 0.006706650563, No Iterations 2
GAMG:  Solving for p, Initial residual = 0.1504880661, Final residual = 0.0006899449514, No Iterations 6
GAMG:  Solving for p, Initial residual = 0.07519383629, Final residual = 0.0002884891499, No Iterations 3
GAMG:  Solving for p, Initial residual = 0.0103230856, Final residual = 4.1260384e-05, No Iterations 3
time step continuity errors (region0): sum local = 2.608020889e-06, global = -1.212313074e-08, cumulative = -1.095807287e-07
smoothSolver:  Solving for omega, Initial residual = 0.1151494071, Final residual = 0.00631137499, No Iterations 1
smoothSolver:  Solving for k, Initial residual = 0.3833521181, Final residual = 0.0291789892, No Iterations 1

ExecutionTime = 0.06 s  ExecutionStepTime = 0.01 s  ClockTime = 0 s

forces FR write:
    Sum of forces
        Total    : ( 1.840492151 0 -0.6608561492 )
        Pressure : ( 1.789846362 0 -0.6586402613 )
        Viscous  : ( 0.05064578942 0 -0.002215887935 )
    Sum of moments
        Total    : ( -0.3206113633 0.75210432 -0.8929064192 )
        Pressure : ( -0.3195363353 0.7549257218 -0.8683358442 )
        Viscous  : ( -0.001075027981 -0.002821401866 -0.02457057502 )


liftDrag LD execute:
Viscous drag: 0.004205773443, pressure drag: 0.1486340401, porous drag: 0
Viscous lift: -0.0001840137697, pressure lift: -0.05469540017, porous lift: 0
Total lift: -0.05487941394, Front lift: 0.03501722008, Rear lift: -0.08989663401, Drag: 0.1528398135
Location of Center of Mass: ( 0.15305161 0.4851454642 -0.0449368109 )
Location of Center Of Pressure: ( 0.2798374476 0.4851454642 0.3081632386 )


yPlus yPlus execute:
    patch Bottom y+ : min = 47.45150134, max = 259.0424275, average = 149.73792
    patch Top y+ : min = 19.79345179, max = 182.7709037, average = 106.956804
    patch e423_0 y+ : min = 10.46068705, max = 621.053632, average = 428.1202884


################################################################################

Time = 3

Outer Loop Iteration = 3
smoothSolver:  Solving for Ux, Initial residual = 0.06943535642, Final residual = 0.001738929574, No Iterations 2
smoothSolver:  Solving for Uz, Initial residual = 0.07089421587, Final residual = 0.001531285746, No Iterations 2
GAMG:  Solving for p, Initial residual = 0.1083515746, Final residual = 0.000478127496, No Iterations 5
GAMG:  Solving for p, Initial residual = 0.02918905686, Final residual = 0.0001131700116, No Iterations 3
GAMG:  Solving for p, Initial residual = 0.003466041603, Final residual = 1.683274621e-05, No Iterations 3
time step continuity errors (region0): sum local = 8.004169598e-07, global = 1.426699147e-09, cumulative = -1.081540296e-07
smoothSolver:  Solving for omega, Initial residual = 0.06989425619, Final residual = 0.004453788973, No Iterations 1
smoothSolver:  Solving for k, Initial residual = 0.2268089766, Final residual = 0.01875401198, No Iterations 1

ExecutionTime = 0.07 s  ExecutionStepTime = 0.01 s  ClockTime = 0 s

forces FR write:
    Sum of forces
        Total    : ( 0.8905006499 0 -1.197429659 )
        Pressure : ( 0.8416478637 0 -1.195350133 )
        Viscous  : ( 0.04885278618 0 -0.002079525476 )
    Sum of moments
        Total    : ( -0.5809275676 0.6075360426 -0.4320223512 )
        Pressure : ( -0.5799186953 0.6103265476 -0.4083216435 )
        Viscous  : ( -0.001008872352 -0.002790504998 -0.02370070763 )


liftDrag LD execute:
Viscous drag: 0.004056877246, pressure drag: 0.06989288298, porous drag: 0
Viscous lift: -0.000172689835, pressure lift: -0.09926534668, porous lift: 0
Total lift: -0.09943803651, Front lift: 0.000732539168, Rear lift: -0.1001705757, Drag: 0.07394976022
Location of Center of Mass: ( 0.15305161 0.4851454642 -0.0449368109 )
Location of Center Of Pressure: ( 0.4027102507 0.4851454642 0.1407285267 )


yPlus yPlus execute:
    patch Bottom y+ : min = 47.44438293, max = 246.6252425, average = 130.0418637
    patch Top y+ : min = 19.58724328, max = 145.1789838, average = 83.11598266
    patch e423_0 y+ : min = 45.80410918, max = 609.8977533, average = 423.8347498


################################################################################

Time = 4

Outer Loop Iteration = 4
smoothSolver:  Solving for Ux, Initial residual = 0.03116851077, Final residual = 0.00067523591, No Iterations 2
smoothSolver:  Solving for Uz, Initial residual = 0.0439219901, Final residual = 0.001032455686, No Iterations 2
GAMG:  Solving for p, Initial residual = 0.08480709566, Final residual = 0.0005277012934, No Iterations 4
GAMG:  Solving for p, Initial residual = 0.01338667132, Final residual = 7.545275338e-05, No Iterations 3
GAMG:  Solving for p, Initial residual = 0.001625669424, Final residual = 9.872343308e-06, No Iterations 3
time step continuity errors (region0): sum local = 4.457953084e-07, global = -1.870720153e-08, cumulative = -1.268612311e-07
smoothSolver:  Solving for omega, Initial residual = 0.04841653188, Final residual = 0.003210348076, No Iterations 1
smoothSolver:  Solving for k, Initial residual = 0.1575651707, Final residual = 0.01408499194, No Iterations 1

ExecutionTime = 0.08 s  ExecutionStepTime = 0.01 s  ClockTime = 0 s

forces FR write:
    Sum of forces
        Total    : ( 0.7046155588 0 -1.045321402 )
        Pressure : ( 0.657472203 0 -1.043418005 )
        Viscous  : ( 0.04714335582 0 -0.001903397459 )
    Sum of moments
        Total    : ( -0.5071329369 0.5242288794 -0.3418410424 )
        Pressure : ( -0.5062095123 0.5269858176 -0.3189696571 )
        Viscous  : ( -0.000923424644 -0.00275693819 -0.02287138524 )


liftDrag LD execute:
Viscous drag: 0.003914921184, pressure drag: 0.05459840122, porous drag: 0
Viscous lift: -0.000158063653, pressure lift: -0.08664846148, porous lift: 0
Total lift: -0.08680652513, Front lift: 0.0001302260818, Rear lift: -0.08693675122, Drag: 0.0585133224
Location of Center of Mass: ( 0.15305161 0.4851454642 -0.0449368109 )
Location of Center Of Pressure: ( 0.4134669652 0.4851454642 0.1306003116 )


yPlus yPlus execute:
    patch Bottom y+ : min = 38.42208702, max = 238.5889659, average = 109.3441983
    patch Top y+ : min = 35.47733773, max = 119.9053176, average = 63.74930255
    patch e423_0 y+ : min = 37.86850715, max = 609.9256345, average = 417.4039046


################################################################################

Time = 5

Outer Loop Iteration = 5
smoothSolver:  Solving for Ux, Initial residual = 0.02317527718, Final residual = 0.000474644857, No Iterations 2
smoothSolver:  Solving for Uz, Initial residual = 0.03624472684, Final residual = 0.0008468073143, No Iterations 2
GAMG:  Solving for p, Initial residual = 0.05555529198, Final residual = 0.0005111681546, No Iterations 3
GAMG:  Solving for p, Initial residual = 0.006543024056, Final residual = 2.671670164e-05, No Iterations 3
GAMG:  Solving for p, Initial residual = 0.0009535447376, Final residual = 3.965984512e-06, No Iterations 3
time step continuity errors (region0): sum local = 1.83368125e-07, global = 2.75109723e-09, cumulative = -1.241101339e-07
smoothSolver:  Solving for omega, Initial residual = 0.03621158386, Final residual = 0.002491757848, No Iterations 1
smoothSolver:  Solving for k, Initial residual = 0.1194115968, Final residual = 0.01140186037, No Iterations 1

ExecutionTime = 0.09 s  ExecutionStepTime = 0.01 s  ClockTime = 0 s

forces FR write:
    Sum of forces
        Total    : ( 0.7037794897 0 -1.076729445 )
        Pressure : ( 0.6581035178 0 -1.075018572 )
        Viscous  : ( 0.04567597188 0 -0.00171087326 )
    Sum of moments
        Total    : ( -0.5223704066 0.5298709826 -0.3414354272 )
        Pressure : ( -0.5215403842 0.5325907329 -0.3192759366 )
        Viscous  : ( -0.000830022402 -0.002719750317 -0.02215949058 )


liftDrag LD execute:
Viscous drag: 0.00379306536, pressure drag: 0.05465082743, porous drag: 0
Viscous lift: -0.0001420758844, pressure lift: -0.08927266437, porous lift: 0
Total lift: -0.08941474026, Front lift: -0.0007053448472, Rear lift: -0.08870939541, Drag: 0.05844389279
Location of Center of Mass: ( 0.15305161 0.4851454642 -0.0449368109 )
Location of Center Of Pressure: ( 0.4111966016 0.4851454642 0.1237937381 )


yPlus yPlus execute:
    patch Bottom y+ : min = 35.77538448, max = 230.3262464, average = 88.21779683
    patch Top y+ : min = 11.34310656, max = 137.6078434, average = 60.17875317
    patch e423_0 y+ : min = 33.52816283, max = 610.413598, average = 410.2206837


################################################################################

Time = 6

Outer Loop Iteration = 6
smoothSolver:  Solving for Ux, Initial residual = 0.02112750456, Final residual = 0.0004524633711, No Iterations 2
smoothSolver:  Solving for Uz, Initial residual = 0.03425826739, Final residual = 0.000799355351, No Iterations 2
GAMG:  Solving for p, Initial residual = 0.03623396805, Final residual = 0.0002488077363, No Iterations 3
GAMG:  Solving for p, Initial residual = 0.00431149973, Final residual = 2.01402741e-05, No Iterations 3
GAMG:  Solving for p, Initial residual = 0.0007343042668, Final residual = 2.656397907e-06, No Iterations 3
time step continuity errors (region0): sum local = 1.250430198e-07, global = 6.674747024e-09, cumulative = -1.174353868e-07
smoothSolver:  Solving for omega, Initial residual = 0.02838217328, Final residual = 0.002038974378, No Iterations 1
smoothSolver:  Solving for k, Initial residual = 0.09562378036, Final residual = 0.001476243919, No Iterations 2

ExecutionTime = 0.09 s  ExecutionStepTime = 0 s  ClockTime = 0 s

forces FR write:
    Sum of forces
        Total    : ( 0.7149865142 0 -1.06689036 )
        Pressure : ( 0.6706393467 0 -1.065331105 )
        Viscous  : ( 0.0443471675 0 -0.001559255501 )
    Sum of moments
        Total    : ( -0.5175970191 0.5310127012 -0.3468724643 )
        Pressure : ( -0.5168405534 0.5336962058 -0.3253576372 )
        Viscous  : ( -0.0007564657338 -0.002683504562 -0.02151482716 )


liftDrag LD execute:
Viscous drag: 0.003682717585, pressure drag: 0.05569183907, porous drag: 0
Viscous lift: -0.0001294851053, pressure lift: -0.08846818895, porous lift: 0
Total lift: -0.08859767406, Front lift: -0.0002020001177, Rear lift: -0.08839567394, Drag: 0.05937455665
Location of Center of Mass: ( 0.15305161 0.4851454642 -0.0449368109 )
Location of Center Of Pressure: ( 0.4116809301 0.4851454642 0.1283860374 )


yPlus yPlus execute:
    patch Bottom y+ : min = 16.90161554, max = 219.6555407, average = 77.80365333
    patch Top y+ : min = 12.98753737, max = 174.8300689, average = 72.30139363
    patch e423_0 y+ : min = 28.80439838, max = 614.8274203, average = 403.2014824


################################################################################

Time = 7

Outer Loop Iteration = 7
smoothSolver:  Solving for Ux, Initial residual = 0.01910785407, Final residual = 0.0004448993264, No Iterations 2
smoothSolver:  Solving for Uz, Initial residual = 0.03429731311, Final residual = 0.0008167902337, No Iterations 2
GAMG:  Solving for p, Initial residual = 0.02650023099, Final residual = 0.0001745926897, No Iterations 3
GAMG:  Solving for p, Initial residual = 0.003426451653, Final residual = 1.511828803e-05, No Iterations 3
GAMG:  Solving for p, Initial residual = 0.0006067973183, Final residual = 2.185171163e-06, No Iterations 3
time step continuity errors (region0): sum local = 1.047613367e-07, global = 7.630899286e-09, cumulative = -1.098044876e-07
smoothSolver:  Solving for omega, Initial residual = 0.02313353926, Final residual = 0.001721256844, No Iterations 1
smoothSolver:  Solving for k, Initial residual = 0.07849693509, Final residual = 0.001235492164, No Iterations 2

ExecutionTime = 0.11 s  ExecutionStepTime = 0.02 s  ClockTime = 0 s

forces FR write:
    Sum of forces
        Total    : ( 0.7303570665 0 -1.065217588 )
        Pressure : ( 0.6872415122 0 -1.063773058 )
        Viscous  : ( 0.04311555433 0 -0.001444530173 )
    Sum of moments
        Total    : ( -0.5167854811 0.5341500735 -0.3543294181 )
        Pressure : ( -0.5160846739 0.5367961081 -0.3334121024 )
        Viscous  : ( -0.0007008072615 -0.002646034621 -0.02091731562 )


liftDrag LD execute:
Viscous drag: 0.003580440851, pressure drag: 0.05707053111, porous drag: 0
Viscous lift: -0.0001199579809, pressure lift: -0.08833880419, porous lift: 0
Total lift: -0.08845876217, Front lift: 0.0001279923292, Rear lift: -0.0885867545, Drag: 0.06065097196
Location of Center of Mass: ( 0.15305161 0.4851454642 -0.0449368109 )
Location of Center Of Pressure: ( 0.4109965385 0.4851454642 0.1319208597 )


yPlus yPlus execute:
    patch Bottom y+ : min = 14.34645532, max = 206.0107571, average = 80.11040812
    patch Top y+ : min = 39.32922285, max = 206.5081546, average = 82.28816623
    patch e423_0 y+ : min = 27.11436201, max = 619.2326575, average = 396.4114225


################################################################################

Time = 8

Outer Loop Iteration = 8
smoothSolver:  Solving for Ux, Initial residual = 0.01754342187, Final residual = 0.0004341746198, No Iterations 2
smoothSolver:  Solving for Uz, Initial residual = 0.03440462713, Final residual = 0.0008314847947, No Iterations 2
GAMG:  Solving for p, Initial residual = 0.02077179923, Final residual = 0.0001560915579, No Iterations 3
GAMG:  Solving for p, Initial residual = 0.002634425456, Final residual = 1.287670747e-05, No Iterations 3
GAMG:  Solving for p, Initial residual = 0.0004538187484, Final residual = 1.9351617e-06, No Iterations 3
time step continuity errors (region0): sum local = 9.427473339e-08, global = 3.113363122e-09, cumulative = -1.066911244e-07
smoothSolver:  Solving for omega, Initial residual = 0.01937944224, Final residual = 0.001475057441, No Iterations 1
smoothSolver:  Solving for k, Initial residual = 0.06639525152, Final residual = 0.001020616354, No Iterations 2

ExecutionTime = 0.11 s  ExecutionStepTime = 0 s  ClockTime = 0 s

forces FR write:
    Sum of forces
        Total    : ( 0.7433740825 0 -1.064498382 )
        Pressure : ( 0.7014161701 0 -1.063140564 )
        Viscous  : ( 0.04195791243 0 -0.001357818301 )
    Sum of moments
        Total    : ( -0.5164365618 0.5359144397 -0.3606445644 )
        Pressure : ( -0.5157778224 0.5385226378 -0.3402888735 )
        Viscous  : ( -0.0006587393897 -0.002608198176 -0.0203556909 )


liftDrag LD execute:
Viscous drag: 0.003484306905, pressure drag: 0.05824763587, porous drag: 0
Viscous lift: -0.0001127571751, pressure lift: -0.08828628008, porous lift: 0
Total lift: -0.08839903725, Front lift: 0.000304372883, Rear lift: -0.08870341014, Drag: 0.06173194277
Location of Center of Mass: ( 0.15305161 0.4851454642 -0.0449368109 )
Location of Center Of Pressure: ( 0.4096762365 0.4851454642 0.1342725702 )


yPlus yPlus execute:
    patch Bottom y+ : min = 42.87273621, max = 186.5110644, average = 84.88060431
    patch Top y+ : min = 35.65210497, max = 231.1811699, average = 85.62331722
    patch e423_0 y+ : min = 26.69797072, max = 621.4768824, average = 389.7598653


################################################################################

Time = 9

Outer Loop Iteration = 9
smoothSolver:  Solving for Ux, Initial residual = 0.01645105645, Final residual = 0.0004179726745, No Iterations 2
smoothSolver:  Solving for Uz, Initial residual = 0.03455102093, Final residual = 0.0008249816415, No Iterations 2
GAMG:  Solving for p, Initial residual = 0.01679531978, Final residual = 0.0001494988342, No Iterations 3
GAMG:  Solving for p, Initial residual = 0.002263346927, Final residual = 1.186223062e-05, No Iterations 3
GAMG:  Solving for p, Initial residual = 0.0003760018448, Final residual = 1.589927468e-06, No Iterations 3
time step continuity errors (region0): sum local = 7.860952829e-08, global = 2.703474813e-09, cumulative = -1.039876496e-07
smoothSolver:  Solving for omega, Initial residual = 0.01653449826, Final residual = 0.001300705117, No Iterations 1
smoothSolver:  Solving for k, Initial residual = 0.05746272909, Final residual = 0.000845493041, No Iterations 2

ExecutionTime = 0.12 s  ExecutionStepTime = 0.01 s  ClockTime = 0 s

forces FR write:
    Sum of forces
        Total    : ( 0.7538693069 0 -1.065108621 )
        Pressure : ( 0.7129819229 0 -1.063817193 )
        Viscous  : ( 0.04088738395 0 -0.001291427971 )
    Sum of moments
        Total    : ( -0.5167326164 0.5365856257 -0.3657362748 )
        Pressure : ( -0.516106086 0.5391574471 -0.345899946 )
        Viscous  : ( -0.0006265304223 -0.002571821371 -0.01983632887 )


liftDrag LD execute:
Viscous drag: 0.003395407111, pressure drag: 0.05920808957, porous drag: 0
Viscous lift: -0.0001072439293, pressure lift: -0.08834246933, porous lift: 0
Total lift: -0.08844971326, Front lift: 0.0003347721199, Rear lift: -0.08878448538, Drag: 0.06260349668
Location of Center of Mass: ( 0.15305161 0.4851454642 -0.0449368109 )
Location of Center Of Pressure: ( 0.4079142059 0.4851454642 0.1354514469 )


yPlus yPlus execute:
    patch Bottom y+ : min = 42.40621755, max = 158.7318444, average = 83.82459366
    patch Top y+ : min = 18.81663444, max = 247.3923216, average = 85.57827731
    patch e423_0 y+ : min = 27.10264282, max = 623.6928605, average = 383.1824981


################################################################################

Time = 10

Outer Loop Iteration = 10
smoothSolver:  Solving for Ux, Initial residual = 0.01557549054, Final residual = 0.0004006091649, No Iterations 2
smoothSolver:  Solving for Uz, Initial residual = 0.03429369089, Final residual = 0.0007854244719, No Iterations 2
GAMG:  Solving for p, Initial residual = 0.01470067104, Final residual = 0.0001391445092, No Iterations 3
GAMG:  Solving for p, Initial residual = 0.002185527336, Final residual = 1.302665006e-05, No Iterations 3
GAMG:  Solving for p, Initial residual = 0.0003717783539, Final residual = 1.7736532e-06, No Iterations 3
time step continuity errors (region0): sum local = 8.881494782e-08, global = 2.900934828e-09, cumulative = -1.010867148e-07
smoothSolver:  Solving for omega, Initial residual = 0.0143327767, Final residual = 0.001142706548, No Iterations 1
smoothSolver:  Solving for k, Initial residual = 0.05064428213, Final residual = 0.0007070704709, No Iterations 2

ExecutionTime = 0.14 s  ExecutionStepTime = 0.02 s  ClockTime = 0 s

forces FR write:
    Sum of forces
        Total    : ( 0.7612292451 0 -1.067842906 )
        Pressure : ( 0.7213710349 0 -1.066602713 )
        Viscous  : ( 0.0398582102 0 -0.001240193025 )
    Sum of moments
        Total    : ( -0.5180591425 0.5364417321 -0.3693069155 )
        Pressure : ( -0.5174574685 0.5389772088 -0.3499698856 )
        Viscous  : ( -0.0006016740208 -0.0025354767 -0.01933702989 )


liftDrag LD execute:
Viscous drag: 0.003309941534, pressure drag: 0.05990474579, porous drag: 0
Viscous lift: -0.0001029892307, pressure lift: -0.08857378702, porous lift: 0
Total lift: -0.08867677625, Front lift: 0.0002092912805, Rear lift: -0.08888606753, Drag: 0.06321468733
Location of Center of Mass: ( 0.15305161 0.4851454642 -0.0449368109 )
Location of Center Of Pressure: ( 0.4059013324 0.4851454642 0.1353112407 )


yPlus yPlus execute:
    patch Bottom y+ : min = 8.469020809, max = 117.9960473, average = 75.31921247
    patch Top y+ : min = 22.88689832, max = 255.3031658, average = 89.04238523
    patch e423_0 y+ : min = 27.42860603, max = 625.622639, average = 376.7124893


################################################################################

Time = 11

Outer Loop Iteration = 11
smoothSolver:  Solving for Ux, Initial residual = 0.014851748, Final residual = 0.0003782902792, No Iterations 2
smoothSolver:  Solving for Uz, Initial residual = 0.03293191407, Final residual = 0.0007288398236, No Iterations 2
GAMG:  Solving for p, Initial residual = 0.01329501821, Final residual = 5.077464747e-05, No Iterations 4
GAMG:  Solving for p, Initial residual = 0.002165584527, Final residual = 9.179178635e-06, No Iterations 3
GAMG:  Solving for p, Initial residual = 0.0004275886058, Final residual = 1.651925689e-06, No Iterations 3
time step continuity errors (region0): sum local = 8.358467647e-08, global = 9.921068964e-10, cumulative = -1.000946079e-07
smoothSolver:  Solving for omega, Initial residual = 0.01256222922, Final residual = 0.001003408544, No Iterations 1
smoothSolver:  Solving for k, Initial residual = 0.04528241031, Final residual = 0.004504957577, No Iterations 1

ExecutionTime = 0.14 s  ExecutionStepTime = 0 s  ClockTime = 0 s

forces FR write:
    Sum of forces
        Total    : ( 0.7644414393 0 -1.078029304 )
        Pressure : ( 0.7255513048 0 -1.076830013 )
        Viscous  : ( 0.0388901345 0 -0.00119929122 )
    Sum of moments
        Total    : ( -0.5230010271 0.5360430814 -0.370865297 )
        Pressure : ( -0.5224191964 0.5385438918 -0.3519979246 )
        Viscous  : ( -0.0005818306956 -0.002500810397 -0.01886737236 )


liftDrag LD execute:
Viscous drag: 0.003229549716, pressure drag: 0.06025188755, porous drag: 0
Viscous lift: -9.959262597e-05, pressure lift: -0.08942309167, porous lift: 0
Total lift: -0.08952268429, Front lift: -0.0002467678566, Rear lift: -0.08927591644, Drag: 0.06348143727
Location of Center of Mass: ( 0.15305161 0.4851454642 -0.0449368109 )
Location of Center Of Pressure: ( 0.4032830236 0.4851454642 0.1325048053 )


yPlus yPlus execute:
    patch Bottom y+ : min = 30.72579606, max = 108.7931547, average = 73.81677434
    patch Top y+ : min = 19.6353135, max = 252.2298299, average = 95.49980798
    patch e423_0 y+ : min = 27.42451129, max = 627.2579148, average = 370.3088211


################################################################################

Time = 12

Outer Loop Iteration = 12
smoothSolver:  Solving for Ux, Initial residual = 0.01411637478, Final residual = 0.0003521774239, No Iterations 2
smoothSolver:  Solving for Uz, Initial residual = 0.03141886591, Final residual = 0.0006892752959, No Iterations 2
GAMG:  Solving for p, Initial residual = 0.0123635515, Final residual = 5.148650584e-05, No Iterations 4
GAMG:  Solving for p, Initial residual = 0.002131414896, Final residual = 1.019691331e-05, No Iterations 3
GAMG:  Solving for p, Initial residual = 0.0004571151673, Final residual = 1.718790565e-06, No Iterations 3
time step continuity errors (region0): sum local = 8.780762827e-08, global = -1.168214925e-10, cumulative = -1.002114294e-07
smoothSolver:  Solving for omega, Initial residual = 0.01114945808, Final residual = 0.0008889725583, No Iterations 1
smoothSolver:  Solving for k, Initial residual = 0.04123701, Final residual = 0.004088709921, No Iterations 1

ExecutionTime = 0.15 s  ExecutionStepTime = 0.01 s  ClockTime = 0 s

forces FR write:
    Sum of forces
        Total    : ( 0.7639777651 0 -1.090200181 )
        Pressure : ( 0.7259892798 0 -1.089034074 )
        Viscous  : ( 0.03798848533 0 -0.001166106901 )
    Sum of moments
        Total    : ( -0.528905673 0.5342777283 -0.3706403475 )
        Pressure : ( -0.5283399415 0.5367461258 -0.3522104062 )
        Viscous  : ( -0.0005657314738 -0.002468397466 -0.01842994135 )


liftDrag LD execute:
Viscous drag: 0.003154674151, pressure drag: 0.06028825826, porous drag: 0
Viscous lift: -9.683690375e-05, pressure lift: -0.09043655237, porous lift: 0
Total lift: -0.09053338928, Front lift: -0.0008987203891, Rear lift: -0.08963466889, Drag: 0.06344293241
Location of Center of Mass: ( 0.15305161 0.4851454642 -0.0449368109 )
Location of Center Of Pressure: ( 0.4001964039 0.4851454642 0.1282544347 )


yPlus yPlus execute:
    patch Bottom y+ : min = 13.40191827, max = 151.8892007, average = 76.50824174
    patch Top y+ : min = 45.18594357, max = 251.3836422, average = 100.3209159
    patch e423_0 y+ : min = 27.09345993, max = 628.6034694, average = 364.0318551


################################################################################

Time = 13

Outer Loop Iteration = 13
smoothSolver:  Solving for Ux, Initial residual = 0.01343366328, Final residual = 0.0003240733147, No Iterations 2
smoothSolver:  Solving for Uz, Initial residual = 0.02989750654, Final residual = 0.0006863211918, No Iterations 2
GAMG:  Solving for p, Initial residual = 0.01170140258, Final residual = 5.301290702e-05, No Iterations 4
GAMG:  Solving for p, Initial residual = 0.002021791883, Final residual = 9.891218411e-06, No Iterations 3
GAMG:  Solving for p, Initial residual = 0.0004323434995, Final residual = 1.394209327e-06, No Iterations 3
time step continuity errors (region0): sum local = 7.186258288e-08, global = 6.184987512e-10, cumulative = -9.959293063e-08
smoothSolver:  Solving for omega, Initial residual = 0.009957178257, Final residual = 0.0008020514042, No Iterations 1
smoothSolver:  Solving for k, Initial residual = 0.03787412179, Final residual = 0.003736012892, No Iterations 1

ExecutionTime = 0.17 s  ExecutionStepTime = 0.02 s  ClockTime = 0 s

forces FR write:
    Sum of forces
        Total    : ( 0.7600797941 0 -1.101808348 )
        Pressure : ( 0.7229227239 0 -1.100665722 )
        Viscous  : ( 0.03715707022 0 -0.001142625985 )
    Sum of moments
        Total    : ( -0.5345373226 0.5303682996 -0.3687492645 )
        Pressure : ( -0.5339829828 0.5328054851 -0.3507226805 )
        Viscous  : ( -0.000554339814 -0.002437185574 -0.01802658408 )


liftDrag LD execute:
Viscous drag: 0.003085631025, pressure drag: 0.06003360255, porous drag: 0
Viscous lift: -9.48869803e-05, pressure lift: -0.09140247821, porous lift: 0
Total lift: -0.09149736519, Front lift: -0.001705358667, Rear lift: -0.08979200652, Drag: 0.06311923358
Location of Center of Mass: ( 0.15305161 0.4851454642 -0.0449368109 )
Location of Center Of Pressure: ( 0.3965045018 0.4851454642 0.123008571 )


yPlus yPlus execute:
    patch Bottom y+ : min = 32.60465959, max = 178.4404265, average = 78.76177589
    patch Top y+ : min = 32.65098669, max = 251.4122144, average = 101.1518747
    patch e423_0 y+ : min = 26.55095298, max = 629.6936216, average = 357.9777622


################################################################################

Time = 14

Outer Loop Iteration = 14
smoothSolver:  Solving for Ux, Initial residual = 0.01277342867, Final residual = 0.000295966883, No Iterations 2
smoothSolver:  Solving for Uz, Initial residual = 0.02856609391, Final residual = 0.0006918042102, No Iterations 2
GAMG:  Solving for p, Initial residual = 0.01137332576, Final residual = 5.480336275e-05, No Iterations 4
GAMG:  Solving for p, Initial residual = 0.001887510017, Final residual = 8.587527945e-06, No Iterations 3
GAMG:  Solving for p, Initial residual = 0.0003475882151, Final residual = 1.489282764e-06, No Iterations 3
time step continuity errors (region0): sum local = 7.736914645e-08, global = -4.938433743e-10, cumulative = -1.00086774e-07
smoothSolver:  Solving for omega, Initial residual = 0.008963924083, Final residual = 0.0007276569555, No Iterations 1
smoothSolver:  Solving for k, Initial residual = 0.03503041988, Final residual = 0.003437379477, No Iterations 1

ExecutionTime = 0.17 s  ExecutionStepTime = 0 s  ClockTime = 0 s

forces FR write:
    Sum of forces
        Total    : ( 0.753633534 0 -1.111927286 )
        Pressure : ( 0.7172455362 0 -1.110794988 )
        Viscous  : ( 0.03638799778 0 -0.001132298498 )
    Sum of moments
        Total    : ( -0.5394464794 0.5249735754 -0.3656218907 )
        Pressure : ( -0.5388971499 0.5273793461 -0.3479684186 )
        Viscous  : ( -0.0005493294802 -0.002405770697 -0.01765347207 )


liftDrag LD execute:
Viscous drag: 0.003021765016, pressure drag: 0.0595621524, porous drag: 0
Viscous lift: -9.402935574e-05, pressure lift: -0.09224364181, porous lift: 0
Total lift: -0.09233767117, Front lift: -0.002573505215, Rear lift: -0.08976416595, Drag: 0.06258391742
Location of Center of Mass: ( 0.15305161 0.4851454642 -0.0449368109 )
Location of Center Of Pressure: ( 0.3925614363 0.4851454642 0.1173963193 )


yPlus yPlus execute:
    patch Bottom y+ : min = 14.87007324, max = 195.0136268, average = 79.02851396
    patch Top y+ : min = 24.31275002, max = 248.7255266, average = 100.9370701
    patch e423_0 y+ : min = 25.89895105, max = 630.5671128, average = 352.1627619


################################################################################

Time = 15

Outer Loop Iteration = 15
smoothSolver:  Solving for Ux, Initial residual = 0.01212647639, Final residual = 0.000266865566, No Iterations 2
smoothSolver:  Solving for Uz, Initial residual = 0.02712102166, Final residual = 0.0006970944624, No Iterations 2
GAMG:  Solving for p, Initial residual = 0.0110945495, Final residual = 5.534295723e-05, No Iterations 4
GAMG:  Solving for p, Initial residual = 0.001734525379, Final residual = 7.328259769e-06, No Iterations 3
GAMG:  Solving for p, Initial residual = 0.0002938841367, Final residual = 1.385599936e-06, No Iterations 3
time step continuity errors (region0): sum local = 7.245700996e-08, global = -6.119377653e-10, cumulative = -1.006987118e-07
smoothSolver:  Solving for omega, Initial residual = 0.008128052044, Final residual = 0.0006627868699, No Iterations 1
smoothSolver:  Solving for k, Initial residual = 0.03259008689, Final residual = 0.003181111711, No Iterations 1

ExecutionTime = 0.19 s  ExecutionStepTime = 0.02 s  ClockTime = 0 s

forces FR write:
    Sum of forces
        Total    : ( 0.7449637048 0 -1.120123594 )
        Pressure : ( 0.7092722598 0 -1.118989356 )
        Viscous  : ( 0.03569144496 0 -0.001134238435 )
    Sum of moments
        Total    : ( -0.5434228812 0.518103812 -0.3614157624 )
        Pressure : ( -0.5428726106 0.5204786899 -0.3441002197 )
        Viscous  : ( -0.0005502706319 -0.002374877859 -0.01731554263 )


liftDrag LD execute:
Viscous drag: 0.002963921247, pressure drag: 0.05890002837, porous drag: 0
Viscous lift: -9.419045375e-05, pressure lift: -0.09292412597, porous lift: 0
Total lift: -0.09301831642, Front lift: -0.003484312945, Rear lift: -0.08953400348, Drag: 0.06186394962
Location of Center of Mass: ( 0.15305161 0.4851454642 -0.0449368109 )
Location of Center Of Pressure: ( 0.3883502014 0.4851454642 0.1115538757 )


yPlus yPlus execute:
    patch Bottom y+ : min = 21.28279137, max = 204.4369421, average = 79.6566268
    patch Top y+ : min = 40.3138741, max = 243.6517858, average = 100.9647335
    patch e423_0 y+ : min = 25.23286809, max = 631.2688963, average = 346.7167108


################################################################################

Time = 16

Outer Loop Iteration = 16
smoothSolver:  Solving for Ux, Initial residual = 0.01155859363, Final residual = 0.0002443912286, No Iterations 2
smoothSolver:  Solving for Uz, Initial residual = 0.02579692777, Final residual = 0.0006944616156, No Iterations 2
GAMG:  Solving for p, Initial residual = 0.01130147079, Final residual = 5.604716606e-05, No Iterations 4
GAMG:  Solving for p, Initial residual = 0.001628310571, Final residual = 7.682221775e-06, No Iterations 3
GAMG:  Solving for p, Initial residual = 0.0002766245596, Final residual = 1.274245482e-06, No Iterations 3
time step continuity errors (region0): sum local = 6.695626175e-08, global = 8.848340018e-10, cumulative = -9.981387777e-08
smoothSolver:  Solving for omega, Initial residual = 0.00740228024, Final residual = 0.000602952245, No Iterations 1
smoothSolver:  Solving for k, Initial residual = 0.03046911433, Final residual = 0.002959340405, No Iterations 1

ExecutionTime = 0.2 s  ExecutionStepTime = 0.01 s  ClockTime = 0 s

forces FR write:
    Sum of forces
        Total    : ( 0.7347718723 0 -1.123973869 )
        Pressure : ( 0.6997023313 0 -1.122828738 )
        Viscous  : ( 0.03506954096 0 -0.001145131512 )
    Sum of moments
        Total    : ( -0.5452908245 0.5097110009 -0.3564712411 )
        Pressure : ( -0.5447352692 0.5120566854 -0.3394574124 )
        Viscous  : ( -0.0005555553591 -0.002345684484 -0.01701382873 )


liftDrag LD execute:
Viscous drag: 0.002912276533, pressure drag: 0.05810531372, porous drag: 0
Viscous lift: -9.509504655e-05, pressure lift: -0.09324295938, porous lift: 0
Total lift: -0.09333805442, Front lift: -0.004341145361, Rear lift: -0.08899690906, Drag: 0.06101759025
Location of Center of Mass: ( 0.15305161 0.4851454642 -0.0449368109 )
Location of Center Of Pressure: ( 0.3841181629 0.4851454642 0.1061175938 )


yPlus yPlus execute:
    patch Bottom y+ : min = 20.4079619, max = 206.2823697, average = 79.54398927
    patch Top y+ : min = 34.66657009, max = 237.6471721, average = 99.9266187
    patch e423_0 y+ : min = 24.70374553, max = 631.8828482, average = 341.6446935


################################################################################

Time = 17

Outer Loop Iteration = 17
smoothSolver:  Solving for Ux, Initial residual = 0.0110039211, Final residual = 0.0002295040616, No Iterations 2
smoothSolver:  Solving for Uz, Initial residual = 0.02454531574, Final residual = 0.000672889837, No Iterations 2
GAMG:  Solving for p, Initial residual = 0.0113374008, Final residual = 5.831754996e-05, No Iterations 4
GAMG:  Solving for p, Initial residual = 0.001603315632, Final residual = 5.869172479e-06, No Iterations 3
GAMG:  Solving for p, Initial residual = 0.0002561322073, Final residual = 1.189486294e-06, No Iterations 3
time step continuity errors (region0): sum local = 6.271058592e-08, global = 7.168057529e-10, cumulative = -9.909707202e-08
smoothSolver:  Solving for omega, Initial residual = 0.006776029749, Final residual = 0.0005484356182, No Iterations 1
smoothSolver:  Solving for k, Initial residual = 0.02861119681, Final residual = 0.002765516979, No Iterations 1

ExecutionTime = 0.2 s  ExecutionStepTime = 0 s  ClockTime = 0 s

forces FR write:
    Sum of forces
        Total    : ( 0.723483232 0 -1.125683573 )
        Pressure : ( 0.6889661447 0 -1.124519376 )
        Viscous  : ( 0.03451708735 0 -0.001164196558 )
    Sum of moments
        Total    : ( -0.5461202794 0.5004492758 -0.3509946084 )
        Pressure : ( -0.5455554748 0.5027672971 -0.3342488001 )
        Viscous  : ( -0.0005648046797 -0.002318021318 -0.01674580836 )


liftDrag LD execute:
Viscous drag: 0.00286639918, pressure drag: 0.0572137496, porous drag: 0
Viscous lift: -9.667826334e-05, pressure lift: -0.0933833549, porous lift: 0
Total lift: -0.09348003317, Front lift: -0.005181255279, Rear lift: -0.08829877789, Drag: 0.06008014878
Location of Center of Mass: ( 0.15305161 0.4851454642 -0.0449368109 )
Location of Center Of Pressure: ( 0.3797941401 0.4851454642 0.1007919023 )


yPlus yPlus execute:
    patch Bottom y+ : min = 13.32794448, max = 203.4147057, average = 78.81408633
    patch Top y+ : min = 23.83550805, max = 231.6499848, average = 98.33430227
    patch e423_0 y+ : min = 24.67567524, max = 632.4720718, average = 336.9827076


################################################################################

Time = 18

Outer Loop Iteration = 18
smoothSolver:  Solving for Ux, Initial residual = 0.01047495124, Final residual = 0.0002149857724, No Iterations 2
smoothSolver:  Solving for Uz, Initial residual = 0.023271208, Final residual = 0.0006467569707, No Iterations 2
GAMG:  Solving for p, Initial residual = 0.01123152116, Final residual = 5.918864337e-05, No Iterations 4
GAMG:  Solving for p, Initial residual = 0.001557900395, Final residual = 5.140208173e-06, No Iterations 3
GAMG:  Solving for p, Initial residual = 0.0002799357494, Final residual = 1.158732096e-06, No Iterations 3
time step continuity errors (region0): sum local = 6.12457415e-08, global = 5.979158282e-10, cumulative = -9.849915619e-08
smoothSolver:  Solving for omega, Initial residual = 0.006228685381, Final residual = 0.0005023060861, No Iterations 1
smoothSolver:  Solving for k, Initial residual = 0.02697266196, Final residual = 0.002594647383, No Iterations 1

ExecutionTime = 0.22 s  ExecutionStepTime = 0.02 s  ClockTime = 0 s

forces FR write:
    Sum of forces
        Total    : ( 0.7121080735 0 -1.12523953 )
        Pressure : ( 0.6780733648 0 -1.124050584 )
        Viscous  : ( 0.03403470874 0 -0.001188946094 )
    Sum of moments
        Total    : ( -0.5459048542 0.4907958523 -0.3454760019 )
        Pressure : ( -0.5453280424 0.4930882516 -0.3289642173 )
        Viscous  : ( -0.0005768118046 -0.002292399347 -0.01651178457 )


liftDrag LD execute:
Viscous drag: 0.002826341059, pressure drag: 0.05630918152, porous drag: 0
Viscous lift: -9.873353664e-05, pressure lift: -0.09334442505, porous lift: 0
Total lift: -0.09344315858, Front lift: -0.005964466313, Rear lift: -0.08747869227, Drag: 0.05913552258
Location of Center of Mass: ( 0.15305161 0.4851454642 -0.0449368109 )
Location of Center Of Pressure: ( 0.3755128085 0.4851454642 0.09584780543 )


yPlus yPlus execute:
    patch Bottom y+ : min = 8.533554708, max = 201.2931896, average = 77.87274026
    patch Top y+ : min = 11.22996782, max = 224.0108312, average = 96.37293331
    patch e423_0 y+ : min = 24.73813291, max = 633.0806778, average = 332.7052127


################################################################################

Time = 19

Outer Loop Iteration = 19
smoothSolver:  Solving for Ux, Initial residual = 0.009974251013, Final residual = 0.0002024288141, No Iterations 2
smoothSolver:  Solving for Uz, Initial residual = 0.02210639981, Final residual = 0.0006108382696, No Iterations 2
GAMG:  Solving for p, Initial residual = 0.01130889397, Final residual = 6.023229198e-05, No Iterations 4
GAMG:  Solving for p, Initial residual = 0.001481923182, Final residual = 4.924307117e-06, No Iterations 3
GAMG:  Solving for p, Initial residual = 0.0002637594167, Final residual = 9.435570482e-07, No Iterations 3
time step continuity errors (region0): sum local = 5.003684651e-08, global = 1.191405726e-09, cumulative = -9.730775047e-08
smoothSolver:  Solving for omega, Initial residual = 0.005741692187, Final residual = 0.0004608898323, No Iterations 1
smoothSolver:  Solving for k, Initial residual = 0.02551967701, Final residual = 0.002442728039, No Iterations 1

ExecutionTime = 0.23 s  ExecutionStepTime = 0.01 s  ClockTime = 0 s

forces FR write:
    Sum of forces
        Total    : ( 0.7006035257 0 -1.119600078 )
        Pressure : ( 0.6669940489 0 -1.118383788 )
        Viscous  : ( 0.03360947681 0 -0.001216289779 )
    Sum of moments
        Total    : ( -0.5431688997 0.4799166421 -0.3398946227 )
        Pressure : ( -0.5425788222 0.4821857161 -0.3235891375 )
        Viscous  : ( -0.0005900774693 -0.002269074011 -0.01630548523 )


liftDrag LD execute:
Viscous drag: 0.002791028566, pressure drag: 0.05538912295, porous drag: 0
Viscous lift: -0.0001010042356, pressure lift: -0.09287383788, porous lift: 0
Total lift: -0.09297484211, Front lift: -0.006633749288, Rear lift: -0.08634109283, Drag: 0.05818015152
Location of Center of Mass: ( 0.15305161 0.4851454642 -0.0449368109 )
Location of Center Of Pressure: ( 0.3713060756 0.4851454642 0.09163860659 )


yPlus yPlus execute:
    patch Bottom y+ : min = 5.313512706, max = 197.2584517, average = 76.75532901
    patch Top y+ : min = 15.91176556, max = 215.1172971, average = 95.33847553
    patch e423_0 y+ : min = 24.7082422, max = 633.7410607, average = 328.7804627


################################################################################

Time = 20

Outer Loop Iteration = 20
smoothSolver:  Solving for Ux, Initial residual = 0.009488665823, Final residual = 0.0001954116502, No Iterations 2
smoothSolver:  Solving for Uz, Initial residual = 0.02094286684, Final residual = 0.0005666608328, No Iterations 2
GAMG:  Solving for p, Initial residual = 0.0111811878, Final residual = 6.047682684e-05, No Iterations 4
GAMG:  Solving for p, Initial residual = 0.001537836292, Final residual = 5.427499015e-06, No Iterations 3
GAMG:  Solving for p, Initial residual = 0.0002881611754, Final residual = 1.070533594e-06, No Iterations 3
time step continuity errors (region0): sum local = 5.701384272e-08, global = -4.735321903e-10, cumulative = -9.778128266e-08
smoothSolver:  Solving for omega, Initial residual = 0.005316045347, Final residual = 0.0004248609659, No Iterations 1
smoothSolver:  Solving for k, Initial residual = 0.02422630461, Final residual = 0.00230637507, No Iterations 1

ExecutionTime = 0.25 s  ExecutionStepTime = 0.02 s  ClockTime = 0 s

forces FR write:
    Sum of forces
        Total    : ( 0.6890885411 0 -1.111261874 )
        Pressure : ( 0.6558311487 0 -1.110019961 )
        Viscous  : ( 0.03325739242 0 -0.001241912157 )
    Sum of moments
        Total    : ( -0.5391236575 0.468409782 -0.3343081802 )
        Pressure : ( -0.5385211495 0.4706596648 -0.3181735071 )
        Viscous  : ( -0.0006025080497 -0.002249882798 -0.01613467308 )


liftDrag LD execute:
Viscous drag: 0.002761790455, pressure drag: 0.0544621233, porous drag: 0
Viscous lift: -0.0001031319923, pressure lift: -0.09217928139, porous lift: 0
Total lift: -0.09228241338, Front lift: -0.007243098005, Rear lift: -0.08503931538, Drag: 0.05722391375
Location of Center of Mass: ( 0.15305161 0.4851454642 -0.0449368109 )
Location of Center Of Pressure: ( 0.3670791721 0.4851454642 0.08778072762 )


yPlus yPlus execute:
    patch Bottom y+ : min = 8.659416003, max = 189.052246, average = 75.75016848
    patch Top y+ : min = 25.23057092, max = 205.858695, average = 94.74704714
    patch e423_0 y+ : min = 24.58052812, max = 634.4703173, average = 325.2765457


################################################################################

Time = 21

Outer Loop Iteration = 21
smoothSolver:  Solving for Ux, Initial residual = 0.00905803835, Final residual = 0.0001903950117, No Iterations 2
smoothSolver:  Solving for Uz, Initial residual = 0.02013106778, Final residual = 0.0005172145331, No Iterations 2
GAMG:  Solving for p, Initial residual = 0.01099568812, Final residual = 6.1068183e-05, No Iterations 4
GAMG:  Solving for p, Initial residual = 0.001504945785, Final residual = 5.716730993e-06, No Iterations 3
GAMG:  Solving for p, Initial residual = 0.0002884671606, Final residual = 9.795741899e-07, No Iterations 3
time step continuity errors (region0): sum local = 5.245094431e-08, global = -1.199181666e-09, cumulative = -9.898046432e-08
smoothSolver:  Solving for omega, Initial residual = 0.004932606472, Final residual = 0.0003919823026, No Iterations 1
smoothSolver:  Solving for k, Initial residual = 0.02307290668, Final residual = 0.002184465979, No Iterations 1

ExecutionTime = 0.25 s  ExecutionStepTime = 0 s  ClockTime = 0 s

forces FR write:
    Sum of forces
        Total    : ( 0.6776519079 0 -1.098676633 )
        Pressure : ( 0.6446738174 0 -1.097411677 )
        Viscous  : ( 0.03297809057 0 -0.001264956625 )
    Sum of moments
        Total    : ( -0.5330179853 0.456084537 -0.3287597494 )
        Pressure : ( -0.5324042973 0.458319604 -0.3127605784 )
        Viscous  : ( -0.0006136879688 -0.002235067007 -0.01599917106 )


liftDrag LD execute:
Viscous drag: 0.002738596418, pressure drag: 0.0535355861, porous drag: 0
Viscous lift: -0.0001050456719, pressure lift: -0.09113225281, porous lift: 0
Total lift: -0.09123729848, Front lift: -0.007744064695, Rear lift: -0.08349323379, Drag: 0.05627418252
Location of Center of Mass: ( 0.15305161 0.4851454642 -0.0449368109 )
Location of Center Of Pressure: ( 0.3629766876 0.4851454642 0.08454271477 )


yPlus yPlus execute:
    patch Bottom y+ : min = 6.525778078, max = 178.0315024, average = 74.2288938
    patch Top y+ : min = 32.40177931, max = 196.629757, average = 94.20352736
    patch e423_0 y+ : min = 24.36426181, max = 635.2594401, average = 322.2219606


################################################################################

Time = 22

Outer Loop Iteration = 22
smoothSolver:  Solving for Ux, Initial residual = 0.008637007086, Final residual = 0.0001876986476, No Iterations 2
smoothSolver:  Solving for Uz, Initial residual = 0.0194422437, Final residual = 0.0004641720863, No Iterations 2
GAMG:  Solving for p, Initial residual = 0.0107668044, Final residual = 6.077559416e-05, No Iterations 4
GAMG:  Solving for p, Initial residual = 0.001472629892, Final residual = 5.26359823e-06, No Iterations 3
GAMG:  Solving for p, Initial residual = 0.0002485390504, Final residual = 1.100993509e-06, No Iterations 3
time step continuity errors (region0): sum local = 5.938703093e-08, global = 1.239249724e-09, cumulative = -9.77412146e-08
smoothSolver:  Solving for omega, Initial residual = 0.004588853217, Final residual = 0.0003639912775, No Iterations 1
smoothSolver:  Solving for k, Initial residual = 0.02203968857, Final residual = 0.002073790626, No Iterations 1

ExecutionTime = 0.27 s  ExecutionStepTime = 0.02 s  ClockTime = 0 s

forces FR write:
    Sum of forces
        Total    : ( 0.6669599956 0 -1.081332709 )
        Pressure : ( 0.6342032193 0 -1.080047755 )
        Viscous  : ( 0.03275677632 0 -0.001284954238 )
    Sum of moments
        Total    : ( -0.524603659 0.4430788004 -0.3235726167 )
        Pressure : ( -0.5239802693 0.4453029047 -0.3076808152 )
        Viscous  : ( -0.0006233897204 -0.002224104209 -0.01589180145 )


liftDrag LD execute:
Viscous drag: 0.00272021784, pressure drag: 0.05266607723, porous drag: 0
Viscous lift: -0.0001067063318, pressure lift: -0.0896903023, porous lift: 0
Total lift: -0.08979700863, Front lift: -0.008103953905, Rear lift: -0.08169305472, Drag: 0.05538629507
Location of Center of Mass: ( 0.15305161 0.4851454642 -0.0449368109 )
Location of Center Of Pressure: ( 0.3590863788 0.4851454642 0.08214428763 )


yPlus yPlus execute:
    patch Bottom y+ : min = 4.653354617, max = 166.4798424, average = 72.58155773
    patch Top y+ : min = 31.49329332, max = 187.3091285, average = 93.68892711
    patch e423_0 y+ : min = 24.08265929, max = 636.0917009, average = 319.5740436


################################################################################

Time = 23

Outer Loop Iteration = 23
smoothSolver:  Solving for Ux, Initial residual = 0.008232273986, Final residual = 0.0001837484386, No Iterations 2
smoothSolver:  Solving for Uz, Initial residual = 0.01857554625, Final residual = 0.0004063107392, No Iterations 2
GAMG:  Solving for p, Initial residual = 0.01033137084, Final residual = 5.581756325e-05, No Iterations 4
GAMG:  Solving for p, Initial residual = 0.001354551622, Final residual = 6.47811809e-06, No Iterations 3
GAMG:  Solving for p, Initial residual = 0.000281651436, Final residual = 1.777967234e-06, No Iterations 3
time step continuity errors (region0): sum local = 9.662815061e-08, global = -1.748038648e-09, cumulative = -9.948925325e-08
smoothSolver:  Solving for omega, Initial residual = 0.004276149251, Final residual = 0.0003380726837, No Iterations 1
smoothSolver:  Solving for k, Initial residual = 0.02111223038, Final residual = 0.001972800944, No Iterations 1

ExecutionTime = 0.28 s  ExecutionStepTime = 0.01 s  ClockTime = 0 s

forces FR write:
    Sum of forces
        Total    : ( 0.6569524086 0 -1.074404039 )
        Pressure : ( 0.6243545727 0 -1.073101609 )
        Viscous  : ( 0.03259783593 0 -0.001302429884 )
    Sum of moments
        Total    : ( -0.5212422461 0.4334917459 -0.3187174812 )
        Pressure : ( -0.5206103782 0.4357085468 -0.302902789 )
        Viscous  : ( -0.0006318679507 -0.002216800845 -0.01581469224 )


liftDrag LD execute:
Viscous drag: 0.002707018968, pressure drag: 0.05184821701, porous drag: 0
Viscous lift: -0.0001081575602, pressure lift: -0.08911347418, porous lift: 0
Total lift: -0.08922163174, Front lift: -0.008612402311, Rear lift: -0.08060922943, Drag: 0.05455523598
Location of Center of Mass: ( 0.15305161 0.4851454642 -0.0449368109 )
Location of Center Of Pressure: ( 0.3553233498 0.4851454642 0.07874376164 )


yPlus yPlus execute:
    patch Bottom y+ : min = 8.601030083, max = 154.3628669, average = 71.28629077
    patch Top y+ : min = 23.89069674, max = 178.4148001, average = 93.04272969
    patch e423_0 y+ : min = 23.75755191, max = 636.9483786, average = 317.4935286


################################################################################

Time = 24

Outer Loop Iteration = 24
smoothSolver:  Solving for Ux, Initial residual = 0.007875978179, Final residual = 0.0001787430759, No Iterations 2
smoothSolver:  Solving for Uz, Initial residual = 0.01782527017, Final residual = 0.0003587858745, No Iterations 2
GAMG:  Solving for p, Initial residual = 0.009745590475, Final residual = 5.288110867e-05, No Iterations 4
GAMG:  Solving for p, Initial residual = 0.001374354871, Final residual = 7.557660545e-06, No Iterations 3
GAMG:  Solving for p, Initial residual = 0.0003137669973, Final residual = 2.2927775e-06, No Iterations 3
time step continuity errors (region0): sum local = 1.256099221e-07, global = 5.725721053e-10, cumulative = -9.891668114e-08
smoothSolver:  Solving for omega, Initial residual = 0.003992648394, Final residual = 0.0003142106452, No Iterations 1
smoothSolver:  Solving for k, Initial residual = 0.02022351951, Final residual = 0.00187544979, No Iterations 1

ExecutionTime = 0.3 s  ExecutionStepTime = 0.02 s  ClockTime = 0 s

forces FR write:
    Sum of forces
        Total    : ( 0.6479011863 0 -1.069315699 )
        Pressure : ( 0.6154123197 0 -1.067995729 )
        Viscous  : ( 0.0324888666 0 -0.001319970008 )
    Sum of moments
        Total    : ( -0.5187736611 0.4251403199 -0.3143263218 )
        Pressure : ( -0.5181332837 0.4273515055 -0.2985644955 )
        Viscous  : ( -0.0006403774622 -0.002211185627 -0.01576182627 )


liftDrag LD execute:
Viscous drag: 0.002697969839, pressure drag: 0.05110562635, porous drag: 0
Viscous lift: -0.000109614143, pressure lift: -0.08868946707, porous lift: 0
Total lift: -0.08879908122, Front lift: -0.009094653723, Rear lift: -0.07970442749, Drag: 0.05380359619
Location of Center of Mass: ( 0.15305161 0.4851454642 -0.0449368109 )
Location of Center Of Pressure: ( 0.3518328363 0.4851454642 0.07550525548 )


yPlus yPlus execute:
    patch Bottom y+ : min = 9.403572307, max = 141.7424114, average = 69.85003515
    patch Top y+ : min = 11.27274575, max = 169.6521912, average = 91.97205452
    patch e423_0 y+ : min = 23.42027504, max = 637.8013192, average = 315.9484647


################################################################################

Time = 25

Outer Loop Iteration = 25
smoothSolver:  Solving for Ux, Initial residual = 0.007549837693, Final residual = 0.0001730726256, No Iterations 2
smoothSolver:  Solving for Uz, Initial residual = 0.01725851985, Final residual = 0.0003254069698, No Iterations 2
GAMG:  Solving for p, Initial residual = 0.009087626866, Final residual = 4.719732946e-05, No Iterations 4
GAMG:  Solving for p, Initial residual = 0.001170270268, Final residual = 6.90776184e-06, No Iterations 3
GAMG:  Solving for p, Initial residual = 0.0002604089995, Final residual = 2.071646228e-06, No Iterations 3
time step continuity errors (region0): sum local = 1.143566979e-07, global = -2.780224912e-09, cumulative = -1.016969061e-07
smoothSolver:  Solving for omega, Initial residual = 0.003733334663, Final residual = 0.0002928755644, No Iterations 1
smoothSolver:  Solving for k, Initial residual = 0.01936322001, Final residual = 0.001780371779, No Iterations 1

ExecutionTime = 0.31 s  ExecutionStepTime = 0.01 s  ClockTime = 0 s

forces FR write:
    Sum of forces
        Total    : ( 0.6397543387 0 -1.070516252 )
        Pressure : ( 0.607325148 0 -1.069180688 )
        Viscous  : ( 0.03242919076 0 -0.001335564037 )
    Sum of moments
        Total    : ( -0.5193561041 0.4191908482 -0.3103739156 )
        Pressure : ( -0.5187081612 0.4213989486 -0.2946410408 )
        Viscous  : ( -0.0006479428349 -0.002208100369 -0.01573287481 )


liftDrag LD execute:
Viscous drag: 0.002693014184, pressure drag: 0.05043404412, porous drag: 0
Viscous lift: -0.0001109091165, pressure lift: -0.08878786953, porous lift: 0
Total lift: -0.08889877864, Front lift: -0.009638563844, Rear lift: -0.0792602148, Drag: 0.05312705831
Location of Center of Mass: ( 0.15305161 0.4851454642 -0.0449368109 )
Location of Center Of Pressure: ( 0.3485960595 0.4851454642 0.07192307775 )


yPlus yPlus execute:
    patch Bottom y+ : min = 7.25558729, max = 127.9746654, average = 68.35638142
    patch Top y+ : min = 17.54121519, max = 160.6337239, average = 91.72617365
    patch e423_0 y+ : min = 23.08991722, max = 638.6100263, average = 314.9746683


################################################################################

Time = 26

Outer Loop Iteration = 26
smoothSolver:  Solving for Ux, Initial residual = 0.007269557576, Final residual = 0.0001670451273, No Iterations 2
smoothSolver:  Solving for Uz, Initial residual = 0.01670638133, Final residual = 0.0003079042208, No Iterations 2
GAMG:  Solving for p, Initial residual = 0.008744970201, Final residual = 4.624469741e-05, No Iterations 4
GAMG:  Solving for p, Initial residual = 0.001170452393, Final residual = 6.097967789e-06, No Iterations 3
GAMG:  Solving for p, Initial residual = 0.0002558212424, Final residual = 1.87110136e-06, No Iterations 3
time step continuity errors (region0): sum local = 1.041376022e-07, global = 9.590213906e-11, cumulative = -1.016010039e-07
smoothSolver:  Solving for omega, Initial residual = 0.003496226697, Final residual = 0.000273109381, No Iterations 1
smoothSolver:  Solving for k, Initial residual = 0.01858382352, Final residual = 0.001692688136, No Iterations 1

ExecutionTime = 0.33 s  ExecutionStepTime = 0.02 s  ClockTime = 0 s

forces FR write:
    Sum of forces
        Total    : ( 0.6326426438 0 -1.067898693 )
        Pressure : ( 0.600242176 0 -1.066547937 )
        Viscous  : ( 0.03240046783 0 -0.001350755885 )
    Sum of moments
        Total    : ( -0.5180862073 0.412946661 -0.3069237091 )
        Pressure : ( -0.5174308942 0.4151530281 -0.2912047691 )
        Viscous  : ( -0.000655313091 -0.002206367125 -0.01571894 )


liftDrag LD execute:
Viscous drag: 0.002690628948, pressure drag: 0.04984585356, porous drag: 0
Viscous lift: -0.0001121706917, pressure lift: -0.08856923826, porous lift: 0
Total lift: -0.08868140896, Front lift: -0.01004841444, Rear lift: -0.07863299452, Drag: 0.05253648251
Location of Center of Mass: ( 0.15305161 0.4851454642 -0.0449368109 )
Location of Center Of Pressure: ( 0.3457003622 0.4851454642 0.0691918201 )


yPlus yPlus execute:
    patch Bottom y+ : min = 5.903884982, max = 113.8096767, average = 66.8038596
    patch Top y+ : min = 26.85310124, max = 150.8559587, average = 91.41464849
    patch e423_0 y+ : min = 22.78436957, max = 639.3503994, average = 314.4408651


################################################################################

Time = 27

Outer Loop Iteration = 27
smoothSolver:  Solving for Ux, Initial residual = 0.007007980847, Final residual = 0.0001603606573, No Iterations 2
smoothSolver:  Solving for Uz, Initial residual = 0.01622200375, Final residual = 0.0003021448066, No Iterations 2
GAMG:  Solving for p, Initial residual = 0.008374867287, Final residual = 3.871200968e-05, No Iterations 4
GAMG:  Solving for p, Initial residual = 0.0009322465983, Final residual = 4.324785389e-06, No Iterations 3
GAMG:  Solving for p, Initial residual = 0.000173370868, Final residual = 6.882235873e-07, No Iterations 3
time step continuity errors (region0): sum local = 3.853214229e-08, global = -1.408205617e-09, cumulative = -1.030092095e-07
smoothSolver:  Solving for omega, Initial residual = 0.003277779138, Final residual = 0.0002537762642, No Iterations 1
smoothSolver:  Solving for k, Initial residual = 0.01787501357, Final residual = 0.001612293735, No Iterations 1

ExecutionTime = 0.34 s  ExecutionStepTime = 0.01 s  ClockTime = 0 s

forces FR write:
    Sum of forces
        Total    : ( 0.62672019 0 -1.07451856 )
        Pressure : ( 0.5942967394 0 -1.073150919 )
        Viscous  : ( 0.03242345053 0 -0.001367641114 )
    Sum of moments
        Total    : ( -0.5212978056 0.4100037564 -0.3040504575 )
        Pressure : ( -0.5206343007 0.4122097213 -0.2883203675 )
        Viscous  : ( -0.0006635048833 -0.002205964853 -0.01573008996 )


liftDrag LD execute:
Viscous drag: 0.002692537499, pressure drag: 0.04935212724, porous drag: 0
Viscous lift: -0.0001135728901, pressure lift: -0.08911756903, porous lift: 0
Total lift: -0.08923114192, Front lift: -0.01056766826, Rear lift: -0.07866347365, Drag: 0.05204466474
Location of Center of Mass: ( 0.15305161 0.4851454642 -0.0449368109 )
Location of Center Of Pressure: ( 0.3431202698 0.4851454642 0.06592201561 )


yPlus yPlus execute:
    patch Bottom y+ : min = 12.62814853, max = 109.055104, average = 65.32113741
    patch Top y+ : min = 29.43896858, max = 144.3043389, average = 90.8160424
    patch e423_0 y+ : min = 22.50475917, max = 640.0290814, average = 314.5398041


################################################################################

Time = 28

Outer Loop Iteration = 28
smoothSolver:  Solving for Ux, Initial residual = 0.006784817051, Final residual = 0.0001535842095, No Iterations 2
smoothSolver:  Solving for Uz, Initial residual = 0.01580279194, Final residual = 0.0002973799757, No Iterations 2
GAMG:  Solving for p, Initial residual = 0.007695845689, Final residual = 3.484689893e-05, No Iterations 4
GAMG:  Solving for p, Initial residual = 0.0007952910582, Final residual = 4.751082639e-06, No Iterations 3
GAMG:  Solving for p, Initial residual = 0.0001463031408, Final residual = 1.078386111e-06, No Iterations 3
time step continuity errors (region0): sum local = 6.073378207e-08, global = -3.148844948e-11, cumulative = -1.03040698e-07
smoothSolver:  Solving for omega, Initial residual = 0.003081343642, Final residual = 0.0002361503413, No Iterations 1
smoothSolver:  Solving for k, Initial residual = 0.01723133616, Final residual = 0.001538444992, No Iterations 1

ExecutionTime = 0.36 s  ExecutionStepTime = 0.02 s  ClockTime = 0 s

forces FR write:
    Sum of forces
        Total    : ( 0.6219570961 0 -1.089327368 )
        Pressure : ( 0.5894896757 0 -1.087943889 )
        Viscous  : ( 0.03246742039 0 -0.001383478972 )
    Sum of moments
        Total    : ( -0.5284822315 0.4099401423 -0.3017396641 )
        Pressure : ( -0.527811043 0.4121468362 -0.2859882424 )
        Viscous  : ( -0.0006711885483 -0.00220669393 -0.01575142174 )


liftDrag LD execute:
Viscous drag: 0.002696188884, pressure drag: 0.04895293471, porous drag: 0
Viscous lift: -0.0001148881119, pressure lift: -0.09034602021, porous lift: 0
Total lift: -0.09046090832, Front lift: -0.01118783417, Rear lift: -0.07927307415, Drag: 0.05164912359
Location of Center of Mass: ( 0.15305161 0.4851454642 -0.0449368109 )
Location of Center Of Pressure: ( 0.3407826119 0.4851454642 0.06224917585 )


yPlus yPlus execute:
    patch Bottom y+ : min = 17.80947515, max = 110.7232611, average = 65.71057601
    patch Top y+ : min = 22.82086708, max = 145.9613642, average = 89.9956283
    patch e423_0 y+ : min = 22.24810505, max = 640.6597419, average = 315.0219205


################################################################################

Time = 29

Outer Loop Iteration = 29
smoothSolver:  Solving for Ux, Initial residual = 0.006609506189, Final residual = 0.0001468765252, No Iterations 2
smoothSolver:  Solving for Uz, Initial residual = 0.01544735891, Final residual = 0.0002965519474, No Iterations 2
GAMG:  Solving for p, Initial residual = 0.007224605081, Final residual = 3.269392773e-05, No Iterations 4
GAMG:  Solving for p, Initial residual = 0.0006989764229, Final residual = 4.53178233e-06, No Iterations 3
GAMG:  Solving for p, Initial residual = 0.000127022531, Final residual = 8.490489545e-07, No Iterations 3
time step continuity errors (region0): sum local = 4.804423134e-08, global = 9.452507297e-10, cumulative = -1.020954473e-07
smoothSolver:  Solving for omega, Initial residual = 0.002900072217, Final residual = 0.0002195498996, No Iterations 1
smoothSolver:  Solving for k, Initial residual = 0.01664473334, Final residual = 0.001470625465, No Iterations 1

ExecutionTime = 0.37 s  ExecutionStepTime = 0.01 s  ClockTime = 0 s

forces FR write:
    Sum of forces
        Total    : ( 0.6179027468 0 -1.112383839 )
        Pressure : ( 0.5853680892 0 -1.110984358 )
        Viscous  : ( 0.03253465761 0 -0.001399481824 )
    Sum of moments
        Total    : ( -0.5396679741 0.4124762708 -0.2997727149 )
        Pressure : ( -0.5389890219 0.4146843812 -0.2839886734 )
        Viscous  : ( -0.0006789522593 -0.002208110384 -0.01578404157 )


liftDrag LD execute:
Viscous drag: 0.002701772457, pressure drag: 0.04861066619, porous drag: 0
Viscous lift: -0.0001162170352, pressure lift: -0.09225936765, porous lift: 0
Total lift: -0.09237558469, Front lift: -0.01193456487, Rear lift: -0.08044101981, Drag: 0.05131243865
Location of Center of Mass: ( 0.15305161 0.4851454642 -0.0449368109 )
Location of Center Of Pressure: ( 0.3385339508 0.4851454642 0.05809421473 )


yPlus yPlus execute:
    patch Bottom y+ : min = 22.55326182, max = 112.48739, average = 66.71712146
    patch Top y+ : min = 12.83855196, max = 147.4672891, average = 88.9021467
    patch e423_0 y+ : min = 22.0151794, max = 641.2552739, average = 315.8484246


################################################################################

Time = 30

Outer Loop Iteration = 30
smoothSolver:  Solving for Ux, Initial residual = 0.006493862728, Final residual = 0.0001390199865, No Iterations 2
smoothSolver:  Solving for Uz, Initial residual = 0.01520748916, Final residual = 0.0003015797313, No Iterations 2
GAMG:  Solving for p, Initial residual = 0.0070470438, Final residual = 3.441967343e-05, No Iterations 4
GAMG:  Solving for p, Initial residual = 0.0006481947793, Final residual = 4.203577405e-06, No Iterations 3
GAMG:  Solving for p, Initial residual = 0.0001167866975, Final residual = 6.849746625e-07, No Iterations 3
time step continuity errors (region0): sum local = 3.887444085e-08, global = 2.712994166e-10, cumulative = -1.018241478e-07
smoothSolver:  Solving for omega, Initial residual = 0.002735060244, Final residual = 0.0002042110225, No Iterations 1
smoothSolver:  Solving for k, Initial residual = 0.01610780341, Final residual = 0.001409530116, No Iterations 1

ExecutionTime = 0.38 s  ExecutionStepTime = 0.01 s  ClockTime = 0 s

forces FR write:
    Sum of forces
        Total    : ( 0.614560998 0 -1.144288893 )
        Pressure : ( 0.5819453346 0 -1.14287485 )
        Viscous  : ( 0.03261566335 0 -0.001414042732 )
    Sum of moments
        Total    : ( -0.5551465661 0.4177297522 -0.2981514806 )
        Pressure : ( -0.5544605497 0.4199401356 -0.2823281395 )
        Viscous  : ( -0.0006860164175 -0.002210383339 -0.01582334114 )


liftDrag LD execute:
Viscous drag: 0.002708499409, pressure drag: 0.04832643071, porous drag: 0
Viscous lift: -0.0001174262152, pressure lift: -0.09490764677, porous lift: 0
Total lift: -0.09502507299, Front lift: -0.01282304467, Rear lift: -0.08220202832, Drag: 0.05103493012
Location of Center of Mass: ( 0.15305161 0.4851454642 -0.0449368109 )
Location of Center Of Pressure: ( 0.336326214 0.4851454642 0.05349412228 )


yPlus yPlus execute:
    patch Bottom y+ : min = 26.85875345, max = 114.3012857, average = 67.11673419
    patch Top y+ : min = 14.43555691, max = 148.8374977, average = 88.42267847
    patch e423_0 y+ : min = 21.80204282, max = 641.8255278, average = 316.8315117


################################################################################

Time = 31

Outer Loop Iteration = 31
smoothSolver:  Solving for Ux, Initial residual = 0.006410579094, Final residual = 0.0001305912533, No Iterations 2
smoothSolver:  Solving for Uz, Initial residual = 0.01504277418, Final residual = 0.0003167607279, No Iterations 2
GAMG:  Solving for p, Initial residual = 0.006996430091, Final residual = 3.946280988e-05, No Iterations 4
GAMG:  Solving for p, Initial residual = 0.0007451519883, Final residual = 4.084724236e-06, No Iterations 3
GAMG:  Solving for p, Initial residual = 0.0001415948356, Final residual = 7.399791115e-07, No Iterations 3
time step continuity errors (region0): sum local = 4.210234509e-08, global = -1.554458805e-09, cumulative = -1.033786066e-07
smoothSolver:  Solving for omega, Initial residual = 0.002586794369, Final residual = 0.0001901002616, No Iterations 1
smoothSolver:  Solving for k, Initial residual = 0.01561899311, Final residual = 0.001355436351, No Iterations 1

ExecutionTime = 0.39 s  ExecutionStepTime = 0.01 s  ClockTime = 0 s

forces FR write:
    Sum of forces
        Total    : ( 0.6119310968 0 -1.183856679 )
        Pressure : ( 0.5792300541 0 -1.18242984 )
        Viscous  : ( 0.03270104274 0 -0.00142683852 )
    Sum of moments
        Total    : ( -0.574342698 0.4252774284 -0.296875596 )
        Pressure : ( -0.5736504737 0.4274907402 -0.2810108335 )
        Viscous  : ( -0.000692224236 -0.002213311808 -0.01586476256 )


liftDrag LD execute:
Viscous drag: 0.002715589562, pressure drag: 0.04810094593, porous drag: 0
Viscous lift: -0.0001184888146, pressure lift: -0.09819240802, porous lift: 0
Total lift: -0.09831089684, Front lift: -0.01383917565, Rear lift: -0.08447172119, Drag: 0.05081653549
Location of Center of Mass: ( 0.15305161 0.4851454642 -0.0449368109 )
Location of Center Of Pressure: ( 0.3340884354 0.4851454642 0.0486404482 )


yPlus yPlus execute:
    patch Bottom y+ : min = 11.89161703, max = 116.1413139, average = 66.9319697
    patch Top y+ : min = 24.59422187, max = 150.1262505, average = 88.20346875
    patch e423_0 y+ : min = 21.6034198, max = 642.3800382, average = 317.8128791


################################################################################

Time = 32

Outer Loop Iteration = 32
smoothSolver:  Solving for Ux, Initial residual = 0.006365477429, Final residual = 0.0001231216664, No Iterations 2
smoothSolver:  Solving for Uz, Initial residual = 0.01494645807, Final residual = 0.0003368156693, No Iterations 2
GAMG:  Solving for p, Initial residual = 0.007078697183, Final residual = 4.508443559e-05, No Iterations 4
GAMG:  Solving for p, Initial residual = 0.0008394651991, Final residual = 4.424853585e-06, No Iterations 3
GAMG:  Solving for p, Initial residual = 0.000156089748, Final residual = 8.457130079e-07, No Iterations 3
time step continuity errors (region0): sum local = 4.81970038e-08, global = -1.647487888e-09, cumulative = -1.050260945e-07
smoothSolver:  Solving for omega, Initial residual = 0.00245068362, Final residual = 0.0001766773327, No Iterations 1
smoothSolver:  Solving for k, Initial residual = 0.01517095624, Final residual = 0.001307636672, No Iterations 1

ExecutionTime = 0.39 s  ExecutionStepTime = 0 s  ClockTime = 0 s

forces FR write:
    Sum of forces
        Total    : ( 0.6097738856 0 -1.229839846 )
        Pressure : ( 0.5769823319 0 -1.228403047 )
        Viscous  : ( 0.03279155375 0 -0.001436798787 )
    Sum of moments
        Total    : ( -0.5966512228 0.4346907035 -0.2958290348 )
        Pressure : ( -0.5959541664 0.436908085 -0.2799203612 )
        Viscous  : ( -0.0006970564144 -0.002217381496 -0.01590867356 )


liftDrag LD execute:
Viscous drag: 0.002723105859, pressure drag: 0.04791428855, porous drag: 0
Viscous lift: -0.0001193159441, pressure lift: -0.1020101566, porous lift: 0
Total lift: -0.1021294726, Front lift: -0.0149667578, Rear lift: -0.08716271476, Drag: 0.05063739441
Location of Center of Mass: ( 0.15305161 0.4851454642 -0.0449368109 )
Location of Center Of Pressure: ( 0.3317929253 0.4851454642 0.04368593684 )


yPlus yPlus execute:
    patch Bottom y+ : min = 23.44952356, max = 117.9986562, average = 69.93251413
    patch Top y+ : min = 11.21914932, max = 151.3910593, average = 87.02416975
    patch e423_0 y+ : min = 21.41425643, max = 642.9261714, average = 318.8040363


################################################################################

Time = 33

Outer Loop Iteration = 33
smoothSolver:  Solving for Ux, Initial residual = 0.006354447225, Final residual = 0.0001165888866, No Iterations 2
smoothSolver:  Solving for Uz, Initial residual = 0.01487463296, Final residual = 0.0003521639485, No Iterations 2
GAMG:  Solving for p, Initial residual = 0.007231232187, Final residual = 4.914890848e-05, No Iterations 4
GAMG:  Solving for p, Initial residual = 0.001033042807, Final residual = 6.217752958e-06, No Iterations 3
GAMG:  Solving for p, Initial residual = 0.0002305837203, Final residual = 1.607451679e-06, No Iterations 3
time step continuity errors (region0): sum local = 9.175225853e-08, global = -1.181206488e-09, cumulative = -1.06207301e-07
smoothSolver:  Solving for omega, Initial residual = 0.002324658213, Final residual = 0.0001641680858, No Iterations 1
smoothSolver:  Solving for k, Initial residual = 0.01475761948, Final residual = 0.001265588763, No Iterations 1

ExecutionTime = 0.41 s  ExecutionStepTime = 0.02 s  ClockTime = 0 s

forces FR write:
    Sum of forces
        Total    : ( 0.6079291955 0 -1.279236605 )
        Pressure : ( 0.5750406911 0 -1.277791899 )
        Viscous  : ( 0.03288850445 0 -0.001444706264 )
    Sum of moments
        Total    : ( -0.6206158365 0.4450967882 -0.2949340918 )
        Pressure : ( -0.6199149438 0.4473191612 -0.278978383 )
        Viscous  : ( -0.0007008926912 -0.002222373012 -0.01595570876 )


liftDrag LD execute:
Viscous drag: 0.002731156927, pressure drag: 0.04775304906, porous drag: 0
Viscous lift: -0.000119972604, pressure lift: -0.1061115503, porous lift: 0
Total lift: -0.1062315229, Front lift: -0.01615363148, Rear lift: -0.09007789143, Drag: 0.05048420599
Location of Center of Mass: ( 0.15305161 0.4851454642 -0.0449368109 )
Location of Center Of Pressure: ( 0.3294552951 0.4851454642 0.03889517921 )


yPlus yPlus execute:
    patch Bottom y+ : min = 18.22895999, max = 119.8424591, average = 71.79087014
    patch Top y+ : min = 18.92935973, max = 152.6751202, average = 88.42686393
    patch e423_0 y+ : min = 21.22957295, max = 643.4737804, average = 319.8420543


################################################################################

Time = 34

Outer Loop Iteration = 34
smoothSolver:  Solving for Ux, Initial residual = 0.006373385594, Final residual = 0.0001123139567, No Iterations 2
smoothSolver:  Solving for Uz, Initial residual = 0.01492838878, Final residual = 0.0003640481092, No Iterations 2
GAMG:  Solving for p, Initial residual = 0.007263914295, Final residual = 4.981731302e-05, No Iterations 4
GAMG:  Solving for p, Initial residual = 0.001054099433, Final residual = 5.83564724e-06, No Iterations 3
GAMG:  Solving for p, Initial residual = 0.0002297138444, Final residual = 1.655333143e-06, No Iterations 3
time step continuity errors (region0): sum local = 9.465815367e-08, global = -1.283555344e-09, cumulative = -1.074908564e-07
smoothSolver:  Solving for omega, Initial residual = 0.002209942668, Final residual = 0.0001527026063, No Iterations 1
smoothSolver:  Solving for k, Initial residual = 0.01437559424, Final residual = 0.001228704614, No Iterations 1

ExecutionTime = 0.42 s  ExecutionStepTime = 0.01 s  ClockTime = 0 s

forces FR write:
    Sum of forces
        Total    : ( 0.6063038571 0 -1.327516368 )
        Pressure : ( 0.5732986725 0 -1.326063452 )
        Viscous  : ( 0.03300518467 0 -0.001452915236 )
    Sum of moments
        Total    : ( -0.6440385444 0.4552705555 -0.2941455662 )
        Pressure : ( -0.6433336691 0.4574985083 -0.2781332506 )
        Viscous  : ( -0.0007048752368 -0.00222795279 -0.01601231564 )


liftDrag LD execute:
Viscous drag: 0.002740846391, pressure drag: 0.04760838677, porous drag: 0
Viscous lift: -0.0001206543009, pressure lift: -0.1101201603, porous lift: 0
Total lift: -0.1102408146, Front lift: -0.01731341815, Rear lift: -0.09292739647, Drag: 0.05034923317
Location of Center of Mass: ( 0.15305161 0.4851454642 -0.0449368109 )
Location of Center Of Pressure: ( 0.3271556812 0.4851454642 0.03458007683 )


yPlus yPlus execute:
    patch Bottom y+ : min = 9.855896059, max = 121.5749027, average = 73.1330062
    patch Top y+ : min = 3.012889985, max = 153.9961379, average = 88.65632564
    patch e423_0 y+ : min = 21.04525062, max = 644.0273291, average = 320.9840045


################################################################################

Time = 35

Outer Loop Iteration = 35
smoothSolver:  Solving for Ux, Initial residual = 0.006394941485, Final residual = 0.0001072694854, No Iterations 2
smoothSolver:  Solving for Uz, Initial residual = 0.01500349165, Final residual = 0.0003695630521, No Iterations 2
GAMG:  Solving for p, Initial residual = 0.007202804003, Final residual = 5.01315842e-05, No Iterations 4
GAMG:  Solving for p, Initial residual = 0.0009920376263, Final residual = 4.964401897e-06, No Iterations 3
GAMG:  Solving for p, Initial residual = 0.0002015468649, Final residual = 1.499222844e-06, No Iterations 3
time step continuity errors (region0): sum local = 8.588714995e-08, global = -1.076177184e-09, cumulative = -1.085670335e-07
smoothSolver:  Solving for omega, Initial residual = 0.002096805145, Final residual = 0.0001421293679, No Iterations 1
smoothSolver:  Solving for k, Initial residual = 0.01402003677, Final residual = 0.001196378376, No Iterations 1

ExecutionTime = 0.42 s  ExecutionStepTime = 0 s  ClockTime = 0 s

forces FR write:
    Sum of forces
        Total    : ( 0.6048396672 0 -1.375100149 )
        Pressure : ( 0.5717239594 0 -1.373642181 )
        Viscous  : ( 0.03311570777 0 -0.001457968877 )
    Sum of moments
        Total    : ( -0.6671236003 0.4653231842 -0.2934352211 )
        Pressure : ( -0.6664162734 0.4675576489 -0.2773692857 )
        Viscous  : ( -0.0007073269877 -0.00223446463 -0.01606593542 )


liftDrag LD execute:
Viscous drag: 0.00275002455, pressure drag: 0.04747761803, porous drag: 0
Viscous lift: -0.0001210739699, pressure lift: -0.1140712361, porous lift: 0
Total lift: -0.1141923101, Front lift: -0.01845436639, Rear lift: -0.09573794368, Drag: 0.05022764258
Location of Center of Mass: ( 0.15305161 0.4851454642 -0.0449368109 )
Location of Center Of Pressure: ( 0.3249086789 0.4851454642 0.03065475415 )


yPlus yPlus execute:
    patch Bottom y+ : min = 12.28247201, max = 123.1685411, average = 74.8718747
    patch Top y+ : min = 19.77992791, max = 155.7671731, average = 90.21432948
    patch e423_0 y+ : min = 20.85837373, max = 644.5897601, average = 321.953784


################################################################################

Time = 36

Outer Loop Iteration = 36
smoothSolver:  Solving for Ux, Initial residual = 0.006429641171, Final residual = 0.0001020608631, No Iterations 2
smoothSolver:  Solving for Uz, Initial residual = 0.01498315737, Final residual = 0.0003624206046, No Iterations 2
GAMG:  Solving for p, Initial residual = 0.007223083282, Final residual = 4.912128388e-05, No Iterations 4
GAMG:  Solving for p, Initial residual = 0.0009277610436, Final residual = 4.765160982e-06, No Iterations 3
GAMG:  Solving for p, Initial residual = 0.0001736428232, Final residual = 1.073781107e-06, No Iterations 3
time step continuity errors (region0): sum local = 6.161750201e-08, global = -1.97134102e-09, cumulative = -1.105383746e-07
smoothSolver:  Solving for omega, Initial residual = 0.001990333889, Final residual = 0.0001326146885, No Iterations 1
smoothSolver:  Solving for k, Initial residual = 0.01369204259, Final residual = 0.001168155876, No Iterations 1

ExecutionTime = 0.44 s  ExecutionStepTime = 0.02 s  ClockTime = 0 s

forces FR write:
    Sum of forces
        Total    : ( 0.6032986176 0 -1.424940911 )
        Pressure : ( 0.5700767029 0 -1.423479557 )
        Viscous  : ( 0.03322191465 0 -0.001461354625 )
    Sum of moments
        Total    : ( -0.6913036198 0.4759876204 -0.2926875879 )
        Pressure : ( -0.6905946503 0.4782290054 -0.2765701267 )
        Viscous  : ( -0.0007089695678 -0.002241384989 -0.01611746121 )


liftDrag LD execute:
Viscous drag: 0.002758844278, pressure drag: 0.04734082507, porous drag: 0
Viscous lift: -0.0001213551322, pressure lift: -0.1182098765, porous lift: 0
Total lift: -0.1183312317, Front lift: -0.01963822144, Rear lift: -0.09869301024, Drag: 0.05009966934
Location of Center of Mass: ( 0.15305161 0.4851454642 -0.0449368109 )
Location of Center Of Pressure: ( 0.322662285 0.4851454642 0.02687380594 )


yPlus yPlus execute:
    patch Bottom y+ : min = 20.14343302, max = 124.6904398, average = 76.77957786
    patch Top y+ : min = 23.75057209, max = 157.7777325, average = 91.10230301
    patch e423_0 y+ : min = 20.6658409, max = 645.1607172, average = 322.8433845


################################################################################

Time = 37

Outer Loop Iteration = 37
smoothSolver:  Solving for Ux, Initial residual = 0.006432543884, Final residual = 9.746756006e-05, No Iterations 2
smoothSolver:  Solving for Uz, Initial residual = 0.01489955022, Final residual = 0.0003471403054, No Iterations 2
GAMG:  Solving for p, Initial residual = 0.007207149571, Final residual = 4.618093581e-05, No Iterations 4
GAMG:  Solving for p, Initial residual = 0.0009337633714, Final residual = 4.575101067e-06, No Iterations 3
GAMG:  Solving for p, Initial residual = 0.0001638060407, Final residual = 1.102992424e-06, No Iterations 3
time step continuity errors (region0): sum local = 6.346651913e-08, global = -5.281487919e-10, cumulative = -1.110665234e-07
smoothSolver:  Solving for omega, Initial residual = 0.001889191261, Final residual = 0.0001237741235, No Iterations 1
smoothSolver:  Solving for k, Initial residual = 0.01338749721, Final residual = 0.001143351193, No Iterations 1

ExecutionTime = 0.45 s  ExecutionStepTime = 0.01 s  ClockTime = 0 s

forces FR write:
    Sum of forces
        Total    : ( 0.6017328916 0 -1.472585196 )
        Pressure : ( 0.5684071909 0 -1.47112138 )
        Viscous  : ( 0.03332570069 0 -0.001463816569 )
    Sum of moments
        Total    : ( -0.7144180287 0.4860340641 -0.291927983 )
        Pressure : ( -0.7137078647 0.4882825919 -0.2757601705 )
        Viscous  : ( -0.0007101639687 -0.002248527872 -0.01616781253 )


liftDrag LD execute:
Viscous drag: 0.002767462972, pressure drag: 0.04720218394, porous drag: 0
Viscous lift: -0.0001215595792, pressure lift: -0.1221661919, porous lift: 0
Total lift: -0.1222877515, Front lift: -0.02078219549, Rear lift: -0.101505556, Drag: 0.04996964691
Location of Center of Mass: ( 0.15305161 0.4851454642 -0.0449368109 )
Location of Center Of Pressure: ( 0.3204638567 0.4851454642 0.02347176443 )


yPlus yPlus execute:
    patch Bottom y+ : min = 25.67348737, max = 126.5375505, average = 78.44023071
    patch Top y+ : min = 15.14391004, max = 159.6808237, average = 91.70570231
    patch e423_0 y+ : min = 20.46449555, max = 645.7375033, average = 323.6605008


################################################################################

Time = 38

Outer Loop Iteration = 38
smoothSolver:  Solving for Ux, Initial residual = 0.006417765782, Final residual = 9.723877814e-05, No Iterations 2
smoothSolver:  Solving for Uz, Initial residual = 0.01485487101, Final residual = 0.0003246087484, No Iterations 2
GAMG:  Solving for p, Initial residual = 0.007186491555, Final residual = 4.282634446e-05, No Iterations 4
GAMG:  Solving for p, Initial residual = 0.0008932146947, Final residual = 4.369401884e-06, No Iterations 3
GAMG:  Solving for p, Initial residual = 0.0001562963655, Final residual = 9.959436118e-07, No Iterations 3
time step continuity errors (region0): sum local = 5.751494522e-08, global = 5.009401413e-10, cumulative = -1.105655832e-07
smoothSolver:  Solving for omega, Initial residual = 0.001792509734, Final residual = 0.0001168281878, No Iterations 1
smoothSolver:  Solving for k, Initial residual = 0.01310546795, Final residual = 0.00112144006, No Iterations 1

ExecutionTime = 0.46 s  ExecutionStepTime = 0.01 s  ClockTime = 0 s

forces FR write:
    Sum of forces
        Total    : ( 0.6000164558 0 -1.517805833 )
        Pressure : ( 0.5665936682 0 -1.516337916 )
        Viscous  : ( 0.03342278763 0 -0.001467916575 )
    Sum of moments
        Total    : ( -0.7363566154 0.4953841249 -0.291095262 )
        Pressure : ( -0.7356444623 0.4976388733 -0.2748803482 )
        Viscous  : ( -0.0007121530684 -0.00225474838 -0.01621491382 )


liftDrag LD execute:
Viscous drag: 0.002775525354, pressure drag: 0.04705158375, porous drag: 0
Viscous lift: -0.0001219000556, pressure lift: -0.1259211044, porous lift: 0
Total lift: -0.1260430045, Front lift: -0.02188336578, Rear lift: -0.1041596387, Drag: 0.0498271091
Location of Center of Mass: ( 0.15305161 0.4851454642 -0.0449368109 )
Location of Center Of Pressure: ( 0.3183187176 0.4851454642 0.02039630488 )


yPlus yPlus execute:
    patch Bottom y+ : min = 27.60042332, max = 128.3476678, average = 79.93323266
    patch Top y+ : min = 6.494977969, max = 161.4731161, average = 94.22124267
    patch e423_0 y+ : min = 20.26219459, max = 646.3172888, average = 324.4045628


################################################################################

Time = 39

Outer Loop Iteration = 39
smoothSolver:  Solving for Ux, Initial residual = 0.006381150272, Final residual = 9.880779198e-05, No Iterations 2
smoothSolver:  Solving for Uz, Initial residual = 0.01481295161, Final residual = 0.0002958288265, No Iterations 2
GAMG:  Solving for p, Initial residual = 0.007245570011, Final residual = 4.052188592e-05, No Iterations 4
GAMG:  Solving for p, Initial residual = 0.0008558359071, Final residual = 4.272377034e-06, No Iterations 3
GAMG:  Solving for p, Initial residual = 0.0001422846074, Final residual = 7.915622208e-07, No Iterations 3
time step continuity errors (region0): sum local = 4.587922174e-08, global = -1.224498391e-09, cumulative = -1.117900816e-07
smoothSolver:  Solving for omega, Initial residual = 0.001701258347, Final residual = 0.0001117403456, No Iterations 1
smoothSolver:  Solving for k, Initial residual = 0.01284514474, Final residual = 0.001101673924, No Iterations 1

ExecutionTime = 0.47 s  ExecutionStepTime = 0.01 s  ClockTime = 0 s

forces FR write:
    Sum of forces
        Total    : ( 0.5980399725 0 -1.561413822 )
        Pressure : ( 0.5645235267 0 -1.559941763 )
        Viscous  : ( 0.03351644581 0 -0.001472058546 )
    Sum of moments
        Total    : ( -0.7575128335 0.5042550217 -0.2901363801 )
        Pressure : ( -0.756798671 0.5065158067 -0.2738760284 )
        Viscous  : ( -0.0007141625269 -0.00226078499 -0.01626035166 )


liftDrag LD execute:
Viscous drag: 0.002783303001, pressure drag: 0.04687967318, porous drag: 0
Viscous lift: -0.000122244017, pressure lift: -0.1295420945, porous lift: 0
Total lift: -0.1296643385, Front lift: -0.02295736778, Rear lift: -0.1067069708, Drag: 0.04966297618
Location of Center of Mass: ( 0.15305161 0.4851454642 -0.0449368109 )
Location of Center Of Pressure: ( 0.3162222286 0.4851454642 0.01755946708 )


yPlus yPlus execute:
    patch Bottom y+ : min = 24.06499028, max = 130.1920677, average = 81.24666889
    patch Top y+ : min = 18.22103222, max = 163.2051917, average = 97.25413629
    patch e423_0 y+ : min = 20.04232774, max = 646.8955219, average = 325.0908381


################################################################################

Time = 40

Outer Loop Iteration = 40
smoothSolver:  Solving for Ux, Initial residual = 0.006349022771, Final residual = 0.0001003822229, No Iterations 2
smoothSolver:  Solving for Uz, Initial residual = 0.01479423035, Final residual = 0.0002635159847, No Iterations 2
GAMG:  Solving for p, Initial residual = 0.007380994746, Final residual = 3.806094556e-05, No Iterations 4
GAMG:  Solving for p, Initial residual = 0.0008400032319, Final residual = 4.408740185e-06, No Iterations 3
GAMG:  Solving for p, Initial residual = 0.0001441829661, Final residual = 7.86600392e-07, No Iterations 3
time step continuity errors (region0): sum local = 4.578748616e-08, global = -1.318506148e-09, cumulative = -1.131085878e-07
smoothSolver:  Solving for omega, Initial residual = 0.001616338875, Final residual = 0.0001078199604, No Iterations 1
smoothSolver:  Solving for k, Initial residual = 0.0126039722, Final residual = 0.001083211659, No Iterations 1

ExecutionTime = 0.49 s  ExecutionStepTime = 0.02 s  ClockTime = 0 s

forces FR write:
    Sum of forces
        Total    : ( 0.5959948539 0 -1.601798059 )
        Pressure : ( 0.562386349 0 -1.600322942 )
        Viscous  : ( 0.03360850494 0 -0.001475117 )
    Sum of moments
        Total    : ( -0.777105063 0.5122626351 -0.2891442001 )
        Pressure : ( -0.7763894167 0.5145298069 -0.2728391863 )
        Viscous  : ( -0.0007156463218 -0.002267171781 -0.01630501373 )


liftDrag LD execute:
Viscous drag: 0.002790947859, pressure drag: 0.04670219574, porous drag: 0
Viscous lift: -0.0001224979998, pressure lift: -0.1328954649, porous lift: 0
Total lift: -0.1330179629, Front lift: -0.02396920448, Rear lift: -0.1090487584, Drag: 0.0494931436
Location of Center of Mass: ( 0.15305161 0.4851454642 -0.0449368109 )
Location of Center Of Pressure: ( 0.3142131699 0.4851454642 0.0150279642 )


yPlus yPlus execute:
    patch Bottom y+ : min = 19.95532131, max = 132.0938567, average = 82.3534039
    patch Top y+ : min = 24.92445166, max = 164.8930643, average = 99.76497339
    patch e423_0 y+ : min = 19.81190936, max = 647.4689967, average = 325.7483645


################################################################################

Time = 41

Outer Loop Iteration = 41
smoothSolver:  Solving for Ux, Initial residual = 0.006262203218, Final residual = 0.0001011274431, No Iterations 2
smoothSolver:  Solving for Uz, Initial residual = 0.0147628722, Final residual = 0.0002264883537, No Iterations 2
GAMG:  Solving for p, Initial residual = 0.007232358076, Final residual = 3.701337584e-05, No Iterations 4
GAMG:  Solving for p, Initial residual = 0.0008484893125, Final residual = 4.161132787e-06, No Iterations 3
GAMG:  Solving for p, Initial residual = 0.0001388187692, Final residual = 8.379501002e-07, No Iterations 3
time step continuity errors (region0): sum local = 4.897629931e-08, global = -2.579053505e-10, cumulative = -1.133664931e-07
smoothSolver:  Solving for omega, Initial residual = 0.001536859654, Final residual = 0.0001040612956, No Iterations 1
smoothSolver:  Solving for k, Initial residual = 0.01237998673, Final residual = 0.001065406719, No Iterations 1

ExecutionTime = 0.5 s  ExecutionStepTime = 0.01 s  ClockTime = 0 s

forces FR write:
    Sum of forces
        Total    : ( 0.5934821428 0 -1.640683127 )
        Pressure : ( 0.559786388 0 -1.639205231 )
        Viscous  : ( 0.03369575484 0 -0.001477895936 )
    Sum of moments
        Total    : ( -0.7959699772 0.5198453883 -0.2879251697 )
        Pressure : ( -0.7952529827 0.5221188655 -0.2715778271 )
        Viscous  : ( -0.0007169945099 -0.002273477158 -0.01634734262 )


liftDrag LD execute:
Viscous drag: 0.002798193343, pressure drag: 0.04648628743, porous drag: 0
Viscous lift: -0.0001227287707, pressure lift: -0.1361243631, porous lift: 0
Total lift: -0.1362470918, Front lift: -0.0249540751, Rear lift: -0.1112930167, Drag: 0.04928448077
Location of Center of Mass: ( 0.15305161 0.4851454642 -0.0449368109 )
Location of Center Of Pressure: ( 0.3122686724 0.4851454642 0.01265656703 )


yPlus yPlus execute:
    patch Bottom y+ : min = 14.63009404, max = 133.9563438, average = 83.33702676
    patch Top y+ : min = 21.13580571, max = 166.5119681, average = 102.0612259
    patch e423_0 y+ : min = 19.57039016, max = 648.0345217, average = 326.3509838


################################################################################

Time = 42

Outer Loop Iteration = 42
smoothSolver:  Solving for Ux, Initial residual = 0.006172832573, Final residual = 0.0001006238178, No Iterations 2
smoothSolver:  Solving for Uz, Initial residual = 0.01472525593, Final residual = 0.0001991982964, No Iterations 2
GAMG:  Solving for p, Initial residual = 0.007196478276, Final residual = 3.634561872e-05, No Iterations 4
GAMG:  Solving for p, Initial residual = 0.0008276420694, Final residual = 4.233730498e-06, No Iterations 3
GAMG:  Solving for p, Initial residual = 0.0001330690336, Final residual = 7.381238599e-07, No Iterations 3
time step continuity errors (region0): sum local = 4.334490419e-08, global = 8.179902321e-11, cumulative = -1.132846941e-07
smoothSolver:  Solving for omega, Initial residual = 0.001460439066, Final residual = 0.0001006571754, No Iterations 1
smoothSolver:  Solving for k, Initial residual = 0.01217165334, Final residual = 0.001047861316, No Iterations 1

ExecutionTime = 0.52 s  ExecutionStepTime = 0.02 s  ClockTime = 0 s

forces FR write:
    Sum of forces
        Total    : ( 0.5908422338 0 -1.677844595 )
        Pressure : ( 0.557063446 0 -1.676362151 )
        Viscous  : ( 0.03377878784 0 -0.001482444348 )
    Sum of moments
        Total    : ( -0.8139986951 0.5269990276 -0.2866444298 )
        Pressure : ( -0.813279494 0.5292779543 -0.2702568041 )
        Viscous  : ( -0.0007192011513 -0.002278926755 -0.01638762571 )


liftDrag LD execute:
Viscous drag: 0.002805088645, pressure drag: 0.04626016642, porous drag: 0
Viscous lift: -0.0001231064841, pressure lift: -0.1392099816, porous lift: 0
Total lift: -0.1393330881, Front lift: -0.02590301426, Rear lift: -0.1134300739, Drag: 0.04906525506
Location of Center of Mass: ( 0.15305161 0.4851454642 -0.0449368109 )
Location of Center Of Pressure: ( 0.310404517 0.4851454642 0.01047400805 )


yPlus yPlus execute:
    patch Bottom y+ : min = 4.428044835, max = 135.6347687, average = 84.07295613
    patch Top y+ : min = 15.70597703, max = 168.0708275, average = 104.1348806
    patch e423_0 y+ : min = 19.3174931, max = 648.5909905, average = 326.9250698


################################################################################

Time = 43

Outer Loop Iteration = 43
smoothSolver:  Solving for Ux, Initial residual = 0.006095399811, Final residual = 9.955472531e-05, No Iterations 2
smoothSolver:  Solving for Uz, Initial residual = 0.0146352414, Final residual = 0.0001886604265, No Iterations 2
GAMG:  Solving for p, Initial residual = 0.007206452839, Final residual = 3.419215066e-05, No Iterations 4
GAMG:  Solving for p, Initial residual = 0.0008215025865, Final residual = 4.061505113e-06, No Iterations 3
GAMG:  Solving for p, Initial residual = 0.0001591809034, Final residual = 6.827031985e-07, No Iterations 3
time step continuity errors (region0): sum local = 4.031709259e-08, global = 4.441029671e-10, cumulative = -1.128405911e-07
smoothSolver:  Solving for omega, Initial residual = 0.001389345231, Final residual = 9.724493825e-05, No Iterations 1
smoothSolver:  Solving for k, Initial residual = 0.01197943596, Final residual = 0.001030545215, No Iterations 1

ExecutionTime = 0.53 s  ExecutionStepTime = 0.01 s  ClockTime = 0 s

forces FR write:
    Sum of forces
        Total    : ( 0.5882674864 0 -1.712174224 )
        Pressure : ( 0.5544064004 0 -1.710686766 )
        Viscous  : ( 0.03386108605 0 -0.001487458268 )
    Sum of moments
        Total    : ( -0.8306535588 0.5334082947 -0.2853953028 )
        Pressure : ( -0.8299319252 0.5356924831 -0.2689677505 )
        Viscous  : ( -0.000721633632 -0.002284188395 -0.01642755231 )


liftDrag LD execute:
Viscous drag: 0.002811922927, pressure drag: 0.04603951763, porous drag: 0
Viscous lift: -0.0001235228546, pressure lift: -0.1420603973, porous lift: 0
Total lift: -0.1421839202, Front lift: -0.02679618614, Rear lift: -0.115387734, Drag: 0.04885144056
Location of Center of Mass: ( 0.15305161 0.4851454642 -0.0449368109 )
Location of Center Of Pressure: ( 0.3086142612 0.4851454642 0.008511283661 )


yPlus yPlus execute:
    patch Bottom y+ : min = 14.06633922, max = 137.0788464, average = 85.95505485
    patch Top y+ : min = 4.394980492, max = 169.5521609, average = 105.7282877
    patch e423_0 y+ : min = 19.05359967, max = 649.1385758, average = 327.494304


################################################################################

Time = 44

Outer Loop Iteration = 44
smoothSolver:  Solving for Ux, Initial residual = 0.006017426617, Final residual = 9.690871536e-05, No Iterations 2
smoothSolver:  Solving for Uz, Initial residual = 0.01452900486, Final residual = 0.00019749035, No Iterations 2
GAMG:  Solving for p, Initial residual = 0.00710260832, Final residual = 3.296213322e-05, No Iterations 4
GAMG:  Solving for p, Initial residual = 0.0008030858444, Final residual = 3.671919768e-06, No Iterations 3
GAMG:  Solving for p, Initial residual = 0.0001476913393, Final residual = 7.419081995e-07, No Iterations 3
time step continuity errors (region0): sum local = 4.40318766e-08, global = -3.523386099e-10, cumulative = -1.131929297e-07
smoothSolver:  Solving for omega, Initial residual = 0.001323011733, Final residual = 9.381838568e-05, No Iterations 1
smoothSolver:  Solving for k, Initial residual = 0.01180165908, Final residual = 0.001012682356, No Iterations 1

ExecutionTime = 0.55 s  ExecutionStepTime = 0.02 s  ClockTime = 0 s

forces FR write:
    Sum of forces
        Total    : ( 0.5855074449 0 -1.74441709 )
        Pressure : ( 0.5515664234 0 -1.74292393 )
        Viscous  : ( 0.03394102149 0 -0.001493160155 )
    Sum of moments
        Total    : ( -0.8462960388 0.5392503697 -0.2840562811 )
        Pressure : ( -0.8455716389 0.5415394802 -0.2675899485 )
        Viscous  : ( -0.0007243998765 -0.002289110483 -0.01646633263 )


liftDrag LD execute:
Viscous drag: 0.002818560998, pressure drag: 0.04580367769, porous drag: 0
Viscous lift: -0.0001239963558, pressure lift: -0.144737465, porous lift: 0
Total lift: -0.1448614614, Front lift: -0.02764981386, Rear lift: -0.1172116475, Drag: 0.04862223869
Location of Center of Mass: ( 0.15305161 0.4851454642 -0.0449368109 )
Location of Center Of Pressure: ( 0.3068818525 0.4851454642 0.006695767545 )


yPlus yPlus execute:
    patch Bottom y+ : min = 21.18563946, max = 139.7709137, average = 88.1923947
    patch Top y+ : min = 15.66892118, max = 170.9407999, average = 108.4246382
    patch e423_0 y+ : min = 18.77796147, max = 649.6758118, average = 328.0528978


################################################################################

Time = 45

Outer Loop Iteration = 45
smoothSolver:  Solving for Ux, Initial residual = 0.005927845903, Final residual = 9.416525576e-05, No Iterations 2
smoothSolver:  Solving for Uz, Initial residual = 0.01443957132, Final residual = 0.0002107717405, No Iterations 2
GAMG:  Solving for p, Initial residual = 0.006924130153, Final residual = 3.232892209e-05, No Iterations 4
GAMG:  Solving for p, Initial residual = 0.0007841500779, Final residual = 3.679280854e-06, No Iterations 3
GAMG:  Solving for p, Initial residual = 0.0001410610966, Final residual = 7.18061423e-07, No Iterations 3
time step continuity errors (region0): sum local = 4.2808919e-08, global = -1.496979897e-09, cumulative = -1.146899096e-07
smoothSolver:  Solving for omega, Initial residual = 0.001260065294, Final residual = 9.027838618e-05, No Iterations 1
smoothSolver:  Solving for k, Initial residual = 0.01163968127, Final residual = 0.0009950925567, No Iterations 1

ExecutionTime = 0.55 s  ExecutionStepTime = 0 s  ClockTime = 0 s

forces FR write:
    Sum of forces
        Total    : ( 0.5825996341 0 -1.77484004 )
        Pressure : ( 0.5485802254 0 -1.773340478 )
        Viscous  : ( 0.03401940868 0 -0.001499561997 )
    Sum of moments
        Total    : ( -0.8610555952 0.5446243386 -0.2826455699 )
        Pressure : ( -0.8603280895 0.5469180299 -0.2661412081 )
        Viscous  : ( -0.0007275057013 -0.002293691292 -0.01650436182 )


liftDrag LD execute:
Viscous drag: 0.002825070498, pressure drag: 0.04555569514, porous drag: 0
Viscous lift: -0.0001245279834, pressure lift: -0.1472633436, porous lift: 0
Total lift: -0.1473878716, Front lift: -0.02846674896, Rear lift: -0.1189211226, Drag: 0.04838076564
Location of Center of Mass: ( 0.15305161 0.4851454642 -0.0449368109 )
Location of Center Of Pressure: ( 0.3052133793 0.4851454642 0.005011009266 )


yPlus yPlus execute:
    patch Bottom y+ : min = 26.96928866, max = 146.3750866, average = 90.51763758
    patch Top y+ : min = 10.63197773, max = 172.2446754, average = 110.6073769
    patch e423_0 y+ : min = 18.54152382, max = 650.2012519, average = 328.6125501


################################################################################

Time = 46

Outer Loop Iteration = 46
smoothSolver:  Solving for Ux, Initial residual = 0.005835153265, Final residual = 8.992063458e-05, No Iterations 2
smoothSolver:  Solving for Uz, Initial residual = 0.01426568975, Final residual = 0.0002262005644, No Iterations 2
GAMG:  Solving for p, Initial residual = 0.006768789405, Final residual = 2.989623014e-05, No Iterations 4
GAMG:  Solving for p, Initial residual = 0.0007453804435, Final residual = 3.551923414e-06, No Iterations 3
GAMG:  Solving for p, Initial residual = 0.0001303801825, Final residual = 7.600933439e-07, No Iterations 3
time step continuity errors (region0): sum local = 4.551194783e-08, global = 1.348118893e-10, cumulative = -1.145550977e-07
smoothSolver:  Solving for omega, Initial residual = 0.00120048023, Final residual = 8.682694377e-05, No Iterations 1
smoothSolver:  Solving for k, Initial residual = 0.01148966482, Final residual = 0.0009771705708, No Iterations 1

ExecutionTime = 0.57 s  ExecutionStepTime = 0.01 s  ClockTime = 0 s

forces FR write:
    Sum of forces
        Total    : ( 0.5796123397 0 -1.803068447 )
        Pressure : ( 0.5455160031 0 -1.801561705 )
        Viscous  : ( 0.03409633662 0 -0.001506741373 )
    Sum of moments
        Total    : ( -0.8747504786 0.5494711709 -0.2811962976 )
        Pressure : ( -0.8740194899 0.5517690706 -0.2646546146 )
        Viscous  : ( -0.0007309887428 -0.00229789969 -0.01654168306 )


liftDrag LD execute:
Viscous drag: 0.002831458818, pressure drag: 0.04530123322, porous drag: 0
Viscous lift: -0.0001251241796, pressure lift: -0.1496069162, porous lift: 0
Total lift: -0.1497320404, Front lift: -0.02923633836, Rear lift: -0.1204957021, Drag: 0.04813269204
Location of Center of Mass: ( 0.15305161 0.4851454642 -0.0449368109 )
Location of Center Of Pressure: ( 0.3036277044 0.4851454642 0.003467209785 )


yPlus yPlus execute:
    patch Bottom y+ : min = 32.07906775, max = 153.0532382, average = 92.83317511
    patch Top y+ : min = 12.17047043, max = 173.4230894, average = 113.1136499
    patch e423_0 y+ : min = 18.3579018, max = 650.7138419, average = 329.1742567


################################################################################

Time = 47

Outer Loop Iteration = 47
smoothSolver:  Solving for Ux, Initial residual = 0.005728285417, Final residual = 8.488483623e-05, No Iterations 2
smoothSolver:  Solving for Uz, Initial residual = 0.01411664193, Final residual = 0.0002394684214, No Iterations 2
GAMG:  Solving for p, Initial residual = 0.00670975086, Final residual = 2.954739189e-05, No Iterations 4
GAMG:  Solving for p, Initial residual = 0.0007015388801, Final residual = 3.199720071e-06, No Iterations 3
GAMG:  Solving for p, Initial residual = 0.0001191149364, Final residual = 5.882547876e-07, No Iterations 3
time step continuity errors (region0): sum local = 3.534941061e-08, global = 2.739995721e-10, cumulative = -1.142810982e-07
smoothSolver:  Solving for omega, Initial residual = 0.001143947311, Final residual = 8.352521517e-05, No Iterations 1
smoothSolver:  Solving for k, Initial residual = 0.01134923356, Final residual = 0.0009586826849, No Iterations 1

ExecutionTime = 0.58 s  ExecutionStepTime = 0.01 s  ClockTime = 0 s

forces FR write:
    Sum of forces
        Total    : ( 0.5765604838 0 -1.829670008 )
        Pressure : ( 0.5423885289 0 -1.828155234 )
        Viscous  : ( 0.03417195492 0 -0.001514774225 )
    Sum of moments
        Total    : ( -0.8876561053 0.5539638683 -0.2797157036 )
        Pressure : ( -0.8869212194 0.5562655942 -0.2631373346 )
        Viscous  : ( -0.0007348858447 -0.002301725914 -0.01657836893 )


liftDrag LD execute:
Viscous drag: 0.002837738381, pressure drag: 0.04504151868, porous drag: 0
Viscous lift: -0.000125791251, pressure lift: -0.15181532, porous lift: 0
Total lift: -0.1519411113, Front lift: -0.02996778717, Rear lift: -0.1219733241, Drag: 0.04787925707
Location of Center of Mass: ( 0.15305161 0.4851454642 -0.0449368109 )
Location of Center Of Pressure: ( 0.3021246711 0.4851454642 0.002038674227 )


yPlus yPlus execute:
    patch Bottom y+ : min = 29.47716314, max = 160.030694, average = 95.11974077
    patch Top y+ : min = 21.02819159, max = 174.5244109, average = 116.0741471
    patch e423_0 y+ : min = 18.20528973, max = 651.2130176, average = 329.738116


################################################################################

Time = 48

Outer Loop Iteration = 48
smoothSolver:  Solving for Ux, Initial residual = 0.005622036009, Final residual = 7.948290646e-05, No Iterations 2
smoothSolver:  Solving for Uz, Initial residual = 0.01395905568, Final residual = 0.0002542752148, No Iterations 2
GAMG:  Solving for p, Initial residual = 0.006749620896, Final residual = 2.897011984e-05, No Iterations 4
GAMG:  Solving for p, Initial residual = 0.0006928097867, Final residual = 2.991089429e-06, No Iterations 3
GAMG:  Solving for p, Initial residual = 0.0001232578651, Final residual = 6.396353893e-07, No Iterations 3
time step continuity errors (region0): sum local = 3.858791179e-08, global = -3.106238109e-09, cumulative = -1.173873363e-07
smoothSolver:  Solving for omega, Initial residual = 0.00109023001, Final residual = 8.017138805e-05, No Iterations 1
smoothSolver:  Solving for k, Initial residual = 0.01121999026, Final residual = 0.000939678878, No Iterations 1

ExecutionTime = 0.6 s  ExecutionStepTime = 0.02 s  ClockTime = 0 s

forces FR write:
    Sum of forces
        Total    : ( 0.573482794 0 -1.854481381 )
        Pressure : ( 0.5392360182 0 -1.852957829 )
        Viscous  : ( 0.03424677577 0 -0.001523551721 )
    Sum of moments
        Total    : ( -0.8996932303 0.5580564199 -0.2782225763 )
        Pressure : ( -0.8989540861 0.5603616421 -0.2616079084 )
        Viscous  : ( -0.0007391442068 -0.002305222275 -0.01661466793 )


liftDrag LD execute:
Viscous drag: 0.002843951722, pressure drag: 0.04477972504, porous drag: 0
Viscous lift: -0.0001265201597, pressure lift: -0.1538749996, porous lift: 0
Total lift: -0.1540015198, Front lift: -0.03065813403, Rear lift: -0.1233433857, Drag: 0.04762367676
Location of Center of Mass: ( 0.15305161 0.4851454642 -0.0449368109 )
Location of Center Of Pressure: ( 0.3006998482 0.4851454642 0.0007221668928 )


yPlus yPlus execute:
    patch Bottom y+ : min = 22.73873352, max = 167.2385046, average = 97.2930854
    patch Top y+ : min = 27.50486047, max = 175.5282122, average = 118.9718353
    patch e423_0 y+ : min = 18.08082751, max = 651.6985641, average = 330.3069678


################################################################################

Time = 49

Outer Loop Iteration = 49
smoothSolver:  Solving for Ux, Initial residual = 0.005503828999, Final residual = 7.510607194e-05, No Iterations 2
smoothSolver:  Solving for Uz, Initial residual = 0.01378017651, Final residual = 0.000269137146, No Iterations 2
GAMG:  Solving for p, Initial residual = 0.006849447548, Final residual = 6.678055613e-05, No Iterations 3
GAMG:  Solving for p, Initial residual = 0.000692785729, Final residual = 5.428235672e-06, No Iterations 3
GAMG:  Solving for p, Initial residual = 0.0001171019761, Final residual = 7.762692816e-07, No Iterations 3
time step continuity errors (region0): sum local = 4.701018875e-08, global = -1.556080465e-09, cumulative = -1.189434167e-07
smoothSolver:  Solving for omega, Initial residual = 0.001040756893, Final residual = 7.667318228e-05, No Iterations 1
smoothSolver:  Solving for k, Initial residual = 0.01110339489, Final residual = 0.0009204195142, No Iterations 1

ExecutionTime = 0.61 s  ExecutionStepTime = 0.01 s  ClockTime = 0 s

forces FR write:
    Sum of forces
        Total    : ( 0.5704024605 0 -1.877877927 )
        Pressure : ( 0.5360809709 0 -1.876344971 )
        Viscous  : ( 0.0343214895 0 -0.00153295582 )
    Sum of moments
        Total    : ( -0.9110439587 0.5618486191 -0.2767281665 )
        Pressure : ( -0.9103002522 0.5641570775 -0.2600772515 )
        Viscous  : ( -0.0007437065629 -0.002308458394 -0.01665091496 )


liftDrag LD execute:
Viscous drag: 0.002850156167, pressure drag: 0.04451772075, porous drag: 0
Viscous lift: -0.0001273011034, pressure lift: -0.1558171358, porous lift: 0
Total lift: -0.1559444369, Front lift: -0.03131467738, Rear lift: -0.1246297596, Drag: 0.04736787692
Location of Center of Mass: ( 0.15305161 0.4851454642 -0.0449368109 )
Location of Center Of Pressure: ( 0.2993453385 0.4851454642 -0.0005003214633 )


yPlus yPlus execute:
    patch Bottom y+ : min = 10.11495393, max = 175.5593331, average = 99.16557281
    patch Top y+ : min = 33.78030062, max = 176.418634, average = 122.0131748
    patch e423_0 y+ : min = 17.96609987, max = 652.1707879, average = 330.8841796


################################################################################

Time = 50

Outer Loop Iteration = 50
smoothSolver:  Solving for Ux, Initial residual = 0.005351570807, Final residual = 7.105159809e-05, No Iterations 2
smoothSolver:  Solving for Uz, Initial residual = 0.0135256879, Final residual = 0.0002758098948, No Iterations 2
GAMG:  Solving for p, Initial residual = 0.00690009973, Final residual = 6.5420762e-05, No Iterations 3
GAMG:  Solving for p, Initial residual = 0.0006719226412, Final residual = 5.484156027e-06, No Iterations 3
GAMG:  Solving for p, Initial residual = 0.0001123289583, Final residual = 7.689925508e-07, No Iterations 3
time step continuity errors (region0): sum local = 4.671963471e-08, global = -3.261947015e-09, cumulative = -1.222053637e-07
smoothSolver:  Solving for omega, Initial residual = 0.0009933730906, Final residual = 7.327895003e-05, No Iterations 1
smoothSolver:  Solving for k, Initial residual = 0.01099531705, Final residual = 0.000900981015, No Iterations 1

ExecutionTime = 0.62 s  ExecutionStepTime = 0.01 s  ClockTime = 0 s

forces FR write:
    Sum of forces
        Total    : ( 0.5673409143 0 -1.900273499 )
        Pressure : ( 0.5329442201 0 -1.898730643 )
        Viscous  : ( 0.03439669422 0 -0.001542855443 )
    Sum of moments
        Total    : ( -0.9219090686 0.5654440589 -0.2752428713 )
        Pressure : ( -0.9211605592 0.5677555597 -0.2585554711 )
        Viscous  : ( -0.00074850932 -0.00231150078 -0.01668740018 )


liftDrag LD execute:
Viscous drag: 0.002856401385, pressure drag: 0.04425723585, porous drag: 0
Viscous lift: -0.0001281231968, pressure lift: -0.157676107, porous lift: 0
Total lift: -0.1578042302, Front lift: -0.03194599826, Rear lift: -0.125858232, Drag: 0.04711363724
Location of Center of Mass: ( 0.15305161 0.4851454642 -0.0449368109 )
Location of Center Of Pressure: ( 0.2980507939 0.4851454642 -0.00164621634 )


yPlus yPlus execute:
    patch Bottom y+ : min = 19.65502011, max = 184.435767, average = 102.2205764
    patch Top y+ : min = 39.86570553, max = 177.2086545, average = 125.1618397
    patch e423_0 y+ : min = 17.86189933, max = 652.6167408, average = 331.4754138


################################################################################

Time = 51

Outer Loop Iteration = 51
smoothSolver:  Solving for Ux, Initial residual = 0.005189951385, Final residual = 6.774896383e-05, No Iterations 2
smoothSolver:  Solving for Uz, Initial residual = 0.01331117913, Final residual = 0.0002747536871, No Iterations 2
GAMG:  Solving for p, Initial residual = 0.006834275564, Final residual = 6.579068557e-05, No Iterations 3
GAMG:  Solving for p, Initial residual = 0.0006634215448, Final residual = 5.394486768e-06, No Iterations 3
GAMG:  Solving for p, Initial residual = 0.0001111065619, Final residual = 7.486282626e-07, No Iterations 3
time step continuity errors (region0): sum local = 4.561896685e-08, global = -3.463055157e-09, cumulative = -1.256684189e-07
smoothSolver:  Solving for omega, Initial residual = 0.0009482873265, Final residual = 6.982301845e-05, No Iterations 1
smoothSolver:  Solving for k, Initial residual = 0.01089824747, Final residual = 0.0008819137718, No Iterations 1

ExecutionTime = 0.63 s  ExecutionStepTime = 0.01 s  ClockTime = 0 s

forces FR write:
    Sum of forces
        Total    : ( 0.5642971989 0 -1.921675299 )
        Pressure : ( 0.5298247335 0 -1.920122202 )
        Viscous  : ( 0.03447246537 0 -0.001553096095 )
    Sum of moments
        Total    : ( -0.9322920548 0.5688533529 -0.2737662265 )
        Pressure : ( -0.9315385773 0.5711677387 -0.2570420663 )
        Viscous  : ( -0.0007534775261 -0.002314385781 -0.01672416022 )


liftDrag LD execute:
Viscous drag: 0.002862693642, pressure drag: 0.04399818463, porous drag: 0
Viscous lift: -0.0001289736104, pressure lift: -0.1594525242, porous lift: 0
Total lift: -0.1595814979, Front lift: -0.0325515144, Rear lift: -0.1270299835, Drag: 0.04686087827
Location of Center of Mass: ( 0.15305161 0.4851454642 -0.0449368109 )
Location of Center Of Pressure: ( 0.2968182069 0.4851454642 -0.002719955647 )


yPlus yPlus execute:
    patch Bottom y+ : min = 29.94614343, max = 193.2439989, average = 105.2721843
    patch Top y+ : min = 46.08810249, max = 177.8416673, average = 128.3794748
    patch e423_0 y+ : min = 17.76392472, max = 652.9958949, average = 332.0806204


################################################################################

Time = 52

Outer Loop Iteration = 52
smoothSolver:  Solving for Ux, Initial residual = 0.005022451236, Final residual = 6.596981281e-05, No Iterations 2
smoothSolver:  Solving for Uz, Initial residual = 0.01305215917, Final residual = 0.0002683058367, No Iterations 2
GAMG:  Solving for p, Initial residual = 0.006666116454, Final residual = 6.555599156e-05, No Iterations 3
GAMG:  Solving for p, Initial residual = 0.0006424128172, Final residual = 5.352608971e-06, No Iterations 3
GAMG:  Solving for p, Initial residual = 0.0001067070378, Final residual = 7.149819623e-07, No Iterations 3
time step continuity errors (region0): sum local = 4.369540293e-08, global = -2.923428846e-09, cumulative = -1.285918478e-07
smoothSolver:  Solving for omega, Initial residual = 0.0009058039435, Final residual = 6.629034222e-05, No Iterations 1
smoothSolver:  Solving for k, Initial residual = 0.01080957567, Final residual = 0.0008633465749, No Iterations 1

ExecutionTime = 0.64 s  ExecutionStepTime = 0.01 s  ClockTime = 0 s

forces FR write:
    Sum of forces
        Total    : ( 0.5613148842 0 -1.942494409 )
        Pressure : ( 0.5267659831 0 -1.940930751 )
        Viscous  : ( 0.0345489011 0 -0.001563657807 )
    Sum of moments
        Total    : ( -0.9423923517 0.5721803696 -0.2723193701 )
        Pressure : ( -0.9416337502 0.5744975185 -0.2555581274 )
        Viscous  : ( -0.0007586014925 -0.002317148873 -0.01676124266 )


liftDrag LD execute:
Viscous drag: 0.002869041087, pressure drag: 0.04374417711, porous drag: 0
Viscous lift: -0.0001298506855, pressure lift: -0.1611805265, porous lift: 0
Total lift: -0.1613103772, Front lift: -0.03313966896, Rear lift: -0.1281707083, Drag: 0.04661321819
Location of Center of Mass: ( 0.15305161 0.4851454642 -0.0449368109 )
Location of Center Of Pressure: ( 0.2956386003 0.4851454642 -0.003734015372 )


yPlus yPlus execute:
    patch Bottom y+ : min = 38.14341029, max = 201.8765295, average = 108.1437337
    patch Top y+ : min = 49.79629944, max = 184.6356758, average = 131.6633978
    patch e423_0 y+ : min = 17.6713308, max = 653.4013122, average = 332.7006179


################################################################################

Time = 53

Outer Loop Iteration = 53
smoothSolver:  Solving for Ux, Initial residual = 0.004868933972, Final residual = 6.627418794e-05, No Iterations 2
smoothSolver:  Solving for Uz, Initial residual = 0.01272273031, Final residual = 0.0002567330772, No Iterations 2
GAMG:  Solving for p, Initial residual = 0.006487001229, Final residual = 6.308641208e-05, No Iterations 3
GAMG:  Solving for p, Initial residual = 0.0006087543562, Final residual = 5.066310885e-06, No Iterations 3
GAMG:  Solving for p, Initial residual = 0.000100588649, Final residual = 6.545175616e-07, No Iterations 3
time step continuity errors (region0): sum local = 4.011474765e-08, global = -3.042009679e-09, cumulative = -1.316338574e-07
smoothSolver:  Solving for omega, Initial residual = 0.0008661542799, Final residual = 6.258172387e-05, No Iterations 1
smoothSolver:  Solving for k, Initial residual = 0.01072677541, Final residual = 0.0008453056448, No Iterations 1

ExecutionTime = 0.66 s  ExecutionStepTime = 0.02 s  ClockTime = 0 s

forces FR write:
    Sum of forces
        Total    : ( 0.5584446433 0 -1.962629561 )
        Pressure : ( 0.5238188259 0 -1.961055212 )
        Viscous  : ( 0.03462581747 0 -0.001574348996 )
    Sum of moments
        Total    : ( -0.9521608295 0.57543515 -0.2709268857 )
        Pressure : ( -0.9513970412 0.5777549655 -0.2541283274 )
        Viscous  : ( -0.0007637882745 -0.002319815492 -0.01679855829 )


liftDrag LD execute:
Viscous drag: 0.002875428446, pressure drag: 0.04349943661, porous drag: 0
Viscous lift: -0.000130738513, pressure lift: -0.1628517202, porous lift: 0
Total lift: -0.1629824588, Front lift: -0.0337054233, Rear lift: -0.1292770355, Drag: 0.04637486506
Location of Center of Mass: ( 0.15305161 0.4851454642 -0.0449368109 )
Location of Center Of Pressure: ( 0.2945280074 0.4851454642 -0.004681258915 )


yPlus yPlus execute:
    patch Bottom y+ : min = 40.55101399, max = 210.2851859, average = 110.8613224
    patch Top y+ : min = 49.53602718, max = 198.8972873, average = 134.9947646
    patch e423_0 y+ : min = 17.58284481, max = 653.7946066, average = 333.3326354


################################################################################

Time = 54

Outer Loop Iteration = 54
smoothSolver:  Solving for Ux, Initial residual = 0.004705575196, Final residual = 6.686034785e-05, No Iterations 2
smoothSolver:  Solving for Uz, Initial residual = 0.01234959364, Final residual = 0.0002396998582, No Iterations 2
GAMG:  Solving for p, Initial residual = 0.006221371864, Final residual = 5.981330851e-05, No Iterations 3
GAMG:  Solving for p, Initial residual = 0.000586047128, Final residual = 4.709305074e-06, No Iterations 3
GAMG:  Solving for p, Initial residual = 9.76189174e-05, Final residual = 5.842364536e-07, No Iterations 3
time step continuity errors (region0): sum local = 3.590533475e-08, global = -2.915923449e-09, cumulative = -1.345497809e-07
smoothSolver:  Solving for omega, Initial residual = 0.0008277943627, Final residual = 5.901306638e-05, No Iterations 1
smoothSolver:  Solving for k, Initial residual = 0.01064845765, Final residual = 0.0008279234981, No Iterations 1

ExecutionTime = 0.66 s  ExecutionStepTime = 0 s  ClockTime = 0 s

forces FR write:
    Sum of forces
        Total    : ( 0.5557239204 0 -1.98228536 )
        Pressure : ( 0.5210209482 0 -1.980700127 )
        Viscous  : ( 0.0347029722 0 -0.001585232977 )
    Sum of moments
        Total    : ( -0.9616967513 0.5786758493 -0.2696069393 )
        Pressure : ( -0.9609276828 0.5809982328 -0.2527709498 )
        Viscous  : ( -0.0007690685886 -0.002322383456 -0.01683598956 )


liftDrag LD execute:
Viscous drag: 0.002881835599, pressure drag: 0.04326709272, porous drag: 0
Viscous lift: -0.0001316423504, pressure lift: -0.1644830911, porous lift: 0
Total lift: -0.1646147334, Front lift: -0.03425244355, Rear lift: -0.1303622899, Drag: 0.04614892832
Location of Center of Mass: ( 0.15305161 0.4851454642 -0.0449368109 )
Location of Center Of Pressure: ( 0.2934843204 0.4851454642 -0.005567193406 )


yPlus yPlus execute:
    patch Bottom y+ : min = 40.4371262, max = 218.4365128, average = 113.4315541
    patch Top y+ : min = 49.25493681, max = 211.7966015, average = 138.1742502
    patch e423_0 y+ : min = 17.49773821, max = 654.1779475, average = 333.9733074


################################################################################

Time = 55

Outer Loop Iteration = 55
smoothSolver:  Solving for Ux, Initial residual = 0.004548264223, Final residual = 6.738302622e-05, No Iterations 2
smoothSolver:  Solving for Uz, Initial residual = 0.0119617316, Final residual = 0.0002190796088, No Iterations 2
GAMG:  Solving for p, Initial residual = 0.006123551665, Final residual = 5.760793933e-05, No Iterations 3
GAMG:  Solving for p, Initial residual = 0.0006160260517, Final residual = 4.340195462e-06, No Iterations 3
GAMG:  Solving for p, Initial residual = 0.0001057354681, Final residual = 5.86232026e-07, No Iterations 3
time step continuity errors (region0): sum local = 3.613381044e-08, global = -3.352114733e-09, cumulative = -1.379018956e-07
smoothSolver:  Solving for omega, Initial residual = 0.0007916025795, Final residual = 5.551345398e-05, No Iterations 1
smoothSolver:  Solving for k, Initial residual = 0.01057393373, Final residual = 0.0008113883369, No Iterations 1

ExecutionTime = 0.67 s  ExecutionStepTime = 0.01 s  ClockTime = 0 s

forces FR write:
    Sum of forces
        Total    : ( 0.5530966196 0 -2.001625595 )
        Pressure : ( 0.5183168612 0 -2.00002942 )
        Viscous  : ( 0.03477975842 0 -0.00159617471 )
    Sum of moments
        Total    : ( -0.9710795783 0.5819264793 -0.2683323163 )
        Pressure : ( -0.9703052014 0.5842513133 -0.2514590742 )
        Viscous  : ( -0.0007743769209 -0.002324834074 -0.01687324205 )


liftDrag LD execute:
Viscous drag: 0.002888212149, pressure drag: 0.04304253748, porous drag: 0
Viscous lift: -0.0001325509837, pressure lift: -0.1660882517, porous lift: 0
Total lift: -0.1662208026, Front lift: -0.03478553641, Rear lift: -0.1314352662, Drag: 0.04593074963
Location of Center of Mass: ( 0.15305161 0.4851454642 -0.0449368109 )
Location of Center Of Pressure: ( 0.2924967397 0.4851454642 -0.006404814659 )


yPlus yPlus execute:
    patch Bottom y+ : min = 40.51309438, max = 226.2682626, average = 115.8318206
    patch Top y+ : min = 48.92408617, max = 222.8510502, average = 141.0912192
    patch e423_0 y+ : min = 17.41568473, max = 654.5460485, average = 334.6165919


################################################################################

Time = 56

Outer Loop Iteration = 56
smoothSolver:  Solving for Ux, Initial residual = 0.004401505626, Final residual = 6.722095012e-05, No Iterations 2
smoothSolver:  Solving for Uz, Initial residual = 0.01156202607, Final residual = 0.0001984135083, No Iterations 2
GAMG:  Solving for p, Initial residual = 0.005999508066, Final residual = 5.47135965e-05, No Iterations 3
GAMG:  Solving for p, Initial residual = 0.0005978418424, Final residual = 4.114478062e-06, No Iterations 3
GAMG:  Solving for p, Initial residual = 9.721235011e-05, Final residual = 5.784309348e-07, No Iterations 3
time step continuity errors (region0): sum local = 3.575819749e-08, global = -1.503122221e-09, cumulative = -1.394050178e-07
smoothSolver:  Solving for omega, Initial residual = 0.000757456296, Final residual = 5.226412797e-05, No Iterations 1
smoothSolver:  Solving for k, Initial residual = 0.01049890328, Final residual = 0.0007955846369, No Iterations 1

ExecutionTime = 0.68 s  ExecutionStepTime = 0.01 s  ClockTime = 0 s

forces FR write:
    Sum of forces
        Total    : ( 0.5505723616 0 -2.02066366 )
        Pressure : ( 0.5157162511 0 -2.019056464 )
        Viscous  : ( 0.03485611049 0 -0.001607195466 )
    Sum of moments
        Total    : ( -0.9803158093 0.5851864756 -0.2671076839 )
        Pressure : ( -0.9795360857 0.5875136394 -0.2501974 )
        Viscous  : ( -0.0007797235906 -0.002327163877 -0.0169102839 )


liftDrag LD execute:
Viscous drag: 0.002894552646, pressure drag: 0.04282657527, porous drag: 0
Viscous lift: -0.0001334661793, pressure lift: -0.1676683127, porous lift: 0
Total lift: -0.1678017789, Front lift: -0.03530530496, Rear lift: -0.1324964739, Drag: 0.04572112792
Location of Center of Mass: ( 0.15305161 0.4851454642 -0.0449368109 )
Location of Center Of Pressure: ( 0.291562029 0.4851454642 -0.007196730734 )


yPlus yPlus execute:
    patch Bottom y+ : min = 40.65149309, max = 233.1130216, average = 118.0003627
    patch Top y+ : min = 48.59460106, max = 232.2711962, average = 143.7416895
    patch e423_0 y+ : min = 17.33737763, max = 654.9044371, average = 335.2607459


################################################################################

Time = 57

Outer Loop Iteration = 57
smoothSolver:  Solving for Ux, Initial residual = 0.004259067441, Final residual = 6.643736675e-05, No Iterations 2
smoothSolver:  Solving for Uz, Initial residual = 0.01112803838, Final residual = 0.0001790327872, No Iterations 2
GAMG:  Solving for p, Initial residual = 0.005674542883, Final residual = 4.911902078e-05, No Iterations 3
GAMG:  Solving for p, Initial residual = 0.0005082763063, Final residual = 3.690047551e-06, No Iterations 3
GAMG:  Solving for p, Initial residual = 7.841304862e-05, Final residual = 5.366114546e-07, No Iterations 3
time step continuity errors (region0): sum local = 3.327508059e-08, global = -6.295284031e-10, cumulative = -1.400345462e-07
smoothSolver:  Solving for omega, Initial residual = 0.0007247371722, Final residual = 4.914868142e-05, No Iterations 1
smoothSolver:  Solving for k, Initial residual = 0.0104199107, Final residual = 0.0007803715246, No Iterations 1

ExecutionTime = 0.69 s  ExecutionStepTime = 0.01 s  ClockTime = 0 s

forces FR write:
    Sum of forces
        Total    : ( 0.5481777584 0 -2.039154525 )
        Pressure : ( 0.5132457373 0 -2.037536228 )
        Viscous  : ( 0.03493202114 0 -0.001618296652 )
    Sum of moments
        Total    : ( -0.9892865684 0.5884025572 -0.2659459531 )
        Pressure : ( -0.9885014591 0.5907319329 -0.2489988415 )
        Viscous  : ( -0.0007851092806 -0.002329375689 -0.01694711161 )


liftDrag LD execute:
Viscous drag: 0.002900856488, pressure drag: 0.04262141663, porous drag: 0
Viscous lift: -0.000134388054, pressure lift: -0.1692029259, porous lift: 0
Total lift: -0.169337314, Front lift: -0.03580599976, Rear lift: -0.1335313142, Drag: 0.04552227312
Location of Center of Mass: ( 0.15305161 0.4851454642 -0.0449368109 )
Location of Center Of Pressure: ( 0.2906859228 0.4851454642 -0.007937128835 )


yPlus yPlus execute:
    patch Bottom y+ : min = 40.70092866, max = 241.6633105, average = 119.8424153
    patch Top y+ : min = 48.30510257, max = 243.7529047, average = 146.1042769
    patch e423_0 y+ : min = 17.26277871, max = 655.2526283, average = 335.9049972


################################################################################

Time = 58

Outer Loop Iteration = 58
smoothSolver:  Solving for Ux, Initial residual = 0.004134938421, Final residual = 6.516591107e-05, No Iterations 2
smoothSolver:  Solving for Uz, Initial residual = 0.01067428056, Final residual = 0.0001612287148, No Iterations 2
GAMG:  Solving for p, Initial residual = 0.005347396814, Final residual = 4.372673026e-05, No Iterations 3
GAMG:  Solving for p, Initial residual = 0.0004657312865, Final residual = 3.335531114e-06, No Iterations 3
GAMG:  Solving for p, Initial residual = 8.209911951e-05, Final residual = 5.364229348e-07, No Iterations 3
time step continuity errors (region0): sum local = 3.336611434e-08, global = -1.643058965e-09, cumulative = -1.416776052e-07
smoothSolver:  Solving for omega, Initial residual = 0.0006930027781, Final residual = 4.601975479e-05, No Iterations 1
smoothSolver:  Solving for k, Initial residual = 0.01033808263, Final residual = 0.0007659397079, No Iterations 1

ExecutionTime = 0.7 s  ExecutionStepTime = 0.01 s  ClockTime = 0 s

forces FR write:
    Sum of forces
        Total    : ( 0.545902979 0 -2.057028069 )
        Pressure : ( 0.5108959259 0 -2.05539862 )
        Viscous  : ( 0.03500705315 0 -0.001629449019 )
    Sum of moments
        Total    : ( -0.9979578375 0.5915499446 -0.2648423542 )
        Pressure : ( -0.9971673177 0.5938814017 -0.2478588411 )
        Viscous  : ( -0.0007905198007 -0.002331457097 -0.01698351305 )


liftDrag LD execute:
Viscous drag: 0.002907087363, pressure drag: 0.04242628147, porous drag: 0
Viscous lift: -0.0001353141789, pressure lift: -0.1706862709, porous lift: 0
Total lift: -0.170821585, Front lift: -0.0362867671, Rear lift: -0.1345348179, Drag: 0.04533336883
Location of Center of Mass: ( 0.15305161 0.4851454642 -0.0449368109 )
Location of Center Of Pressure: ( 0.289864967 0.4851454642 -0.008628692265 )


yPlus yPlus execute:
    patch Bottom y+ : min = 40.51577529, max = 249.6723873, average = 121.4065953
    patch Top y+ : min = 48.09205305, max = 254.8087238, average = 148.1244098
    patch e423_0 y+ : min = 17.19164501, max = 655.5893897, average = 336.5465226


################################################################################

Time = 59

Outer Loop Iteration = 59
smoothSolver:  Solving for Ux, Initial residual = 0.00401229517, Final residual = 6.327033522e-05, No Iterations 2
smoothSolver:  Solving for Uz, Initial residual = 0.01018812297, Final residual = 0.0001468626135, No Iterations 2
GAMG:  Solving for p, Initial residual = 0.005069286333, Final residual = 4.193166525e-05, No Iterations 3
GAMG:  Solving for p, Initial residual = 0.0004509384361, Final residual = 3.087000028e-06, No Iterations 3
GAMG:  Solving for p, Initial residual = 7.51560345e-05, Final residual = 4.84630859e-07, No Iterations 3
time step continuity errors (region0): sum local = 3.022484198e-08, global = 3.818401046e-10, cumulative = -1.412957651e-07
smoothSolver:  Solving for omega, Initial residual = 0.0006628816207, Final residual = 4.288861668e-05, No Iterations 1
smoothSolver:  Solving for k, Initial residual = 0.01025659471, Final residual = 0.0007525668289, No Iterations 1

ExecutionTime = 0.72 s  ExecutionStepTime = 0.01 s  ClockTime = 0 s

forces FR write:
    Sum of forces
        Total    : ( 0.5437444635 0 -2.074369583 )
        Pressure : ( 0.5086634599 0 -2.072728894 )
        Viscous  : ( 0.03508100366 0 -0.001640689887 )
    Sum of moments
        Total    : ( -1.006370994 0.5946484107 -0.2637951602 )
        Pressure : ( -1.005575021 0.5969818011 -0.2467757704 )
        Viscous  : ( -0.0007959732571 -0.00233339041 -0.01701938981 )


liftDrag LD execute:
Viscous drag: 0.002913228429, pressure drag: 0.042240891, porous drag: 0
Viscous lift: -0.0001362476533, pressure lift: -0.1721254271, porous lift: 0
Total lift: -0.1722616747, Front lift: -0.03674950632, Rear lift: -0.1355121684, Drag: 0.04515411943
Location of Center of Mass: ( 0.15305161 0.4851454642 -0.0449368109 )
Location of Center Of Pressure: ( 0.2890961437 0.4851454642 -0.009276115434 )


yPlus yPlus execute:
    patch Bottom y+ : min = 40.00228284, max = 256.9932449, average = 122.7460541
    patch Top y+ : min = 47.97945221, max = 264.4826729, average = 149.8872993
    patch e423_0 y+ : min = 17.12382779, max = 655.9152933, average = 337.1811795


################################################################################

Time = 60

Outer Loop Iteration = 60
smoothSolver:  Solving for Ux, Initial residual = 0.003884828802, Final residual = 6.163546228e-05, No Iterations 2
smoothSolver:  Solving for Uz, Initial residual = 0.009706165858, Final residual = 0.0001340067885, No Iterations 2
GAMG:  Solving for p, Initial residual = 0.004805571901, Final residual = 4.015190465e-05, No Iterations 3
GAMG:  Solving for p, Initial residual = 0.0004387232419, Final residual = 2.79484617e-06, No Iterations 3
GAMG:  Solving for p, Initial residual = 7.457700945e-05, Final residual = 4.302569935e-07, No Iterations 3
time step continuity errors (region0): sum local = 2.687952667e-08, global = -7.643765867e-10, cumulative = -1.420601417e-07
smoothSolver:  Solving for omega, Initial residual = 0.0006336392682, Final residual = 3.984815527e-05, No Iterations 1
smoothSolver:  Solving for k, Initial residual = 0.01017658493, Final residual = 0.0007402916581, No Iterations 1

ExecutionTime = 0.73 s  ExecutionStepTime = 0.01 s  ClockTime = 1 s

forces FR write:
    Sum of forces
        Total    : ( 0.5417007139 0 -2.091184969 )
        Pressure : ( 0.5065468311 0 -2.089533039 )
        Viscous  : ( 0.03515388282 0 -0.001651930194 )
    Sum of moments
        Total    : ( -1.014528903 0.5977080166 -0.2628036443 )
        Pressure : ( -1.013727476 0.6000432118 -0.2457488975 )
        Viscous  : ( -0.0008014264408 -0.002335195217 -0.0170547468 )


liftDrag LD execute:
Viscous drag: 0.002919280526, pressure drag: 0.04206512, porous drag: 0
Viscous lift: -0.000137181081, pressure lift: -0.1735208921, porous lift: 0
Total lift: -0.1736580732, Front lift: -0.037193627, Rear lift: -0.1364644462, Drag: 0.04498440053
Location of Center of Mass: ( 0.15305161 0.4851454642 -0.0449368109 )
Location of Center Of Pressure: ( 0.2883821605 0.4851454642 -0.009880774784 )


yPlus yPlus execute:
    patch Bottom y+ : min = 39.15125693, max = 263.6346745, average = 123.8336332
    patch Top y+ : min = 47.93671302, max = 273.0602605, average = 151.4404648
    patch e423_0 y+ : min = 17.05921687, max = 656.2303926, average = 337.8079446


################################################################################

Time = 61

Outer Loop Iteration = 61
smoothSolver:  Solving for Ux, Initial residual = 0.003773482287, Final residual = 6.011893953e-05, No Iterations 2
smoothSolver:  Solving for Uz, Initial residual = 0.009246150139, Final residual = 0.0001244302251, No Iterations 2
GAMG:  Solving for p, Initial residual = 0.004680404075, Final residual = 4.061704035e-05, No Iterations 3
GAMG:  Solving for p, Initial residual = 0.0004334357277, Final residual = 2.690754626e-06, No Iterations 3
GAMG:  Solving for p, Initial residual = 7.169517035e-05, Final residual = 4.17174794e-07, No Iterations 3
time step continuity errors (region0): sum local = 2.608752248e-08, global = -7.109510841e-10, cumulative = -1.427710928e-07
smoothSolver:  Solving for omega, Initial residual = 0.0006056730961, Final residual = 3.702334498e-05, No Iterations 1
smoothSolver:  Solving for k, Initial residual = 0.01009571164, Final residual = 0.0007288794989, No Iterations 1

ExecutionTime = 0.75 s  ExecutionStepTime = 0.01 s  ClockTime = 1 s

forces FR write:
    Sum of forces
        Total    : ( 0.5397568749 0 -2.107277042 )
        Pressure : ( 0.5045312795 0 -2.105614002 )
        Viscous  : ( 0.03522559547 0 -0.001663039365 )
    Sum of moments
        Total    : ( -1.022335899 0.6006666073 -0.2618605997 )
        Pressure : ( -1.021529083 0.6030035342 -0.2447710618 )
        Viscous  : ( -0.000806816005 -0.002336926954 -0.01708953787 )


liftDrag LD execute:
Viscous drag: 0.002925235752, pressure drag: 0.04189774274, porous drag: 0
Viscous lift: -0.0001381036188, pressure lift: -0.174856302, porous lift: 0
Total lift: -0.1749944056, Front lift: -0.03761610325, Rear lift: -0.1373783024, Drag: 0.04482297849
Location of Center of Mass: ( 0.15305161 0.4851454642 -0.0449368109 )
Location of Center Of Pressure: ( 0.2877188838 0.4851454642 -0.01044320355 )


yPlus yPlus execute:
    patch Bottom y+ : min = 37.98621256, max = 269.4937646, average = 124.6846323
    patch Top y+ : min = 47.93203978, max = 280.6290039, average = 152.7836327
    patch e423_0 y+ : min = 16.99778753, max = 656.5351946, average = 338.4257486


################################################################################

Time = 62

Outer Loop Iteration = 62
smoothSolver:  Solving for Ux, Initial residual = 0.003685936117, Final residual = 5.890619044e-05, No Iterations 2
smoothSolver:  Solving for Uz, Initial residual = 0.008839787511, Final residual = 0.0001177072146, No Iterations 2
GAMG:  Solving for p, Initial residual = 0.004591710463, Final residual = 4.219333685e-05, No Iterations 3
GAMG:  Solving for p, Initial residual = 0.000428590053, Final residual = 2.722162401e-06, No Iterations 3
GAMG:  Solving for p, Initial residual = 7.13203084e-05, Final residual = 4.058005202e-07, No Iterations 3
time step continuity errors (region0): sum local = 2.537817864e-08, global = -1.55888675e-09, cumulative = -1.443299795e-07
smoothSolver:  Solving for omega, Initial residual = 0.0005790227249, Final residual = 3.440220389e-05, No Iterations 1
smoothSolver:  Solving for k, Initial residual = 0.01001255938, Final residual = 0.0007181714264, No Iterations 1

ExecutionTime = 0.76 s  ExecutionStepTime = 0.01 s  ClockTime = 1 s

forces FR write:
    Sum of forces
        Total    : ( 0.5379118586 0 -2.122690196 )
        Pressure : ( 0.502615611 0 -2.121016218 )
        Viscous  : ( 0.03529624756 0 -0.001673978144 )
    Sum of moments
        Total    : ( -1.029813521 0.6035282659 -0.2609654983 )
        Pressure : ( -1.029001398 0.6058668579 -0.2438416839 )
        Viscous  : ( -0.0008121229037 -0.002338591967 -0.01712381441 )


liftDrag LD execute:
Viscous drag: 0.002931102907, pressure drag: 0.04173866007, porous drag: 0
Viscous lift: -0.0001390120067, pressure lift: -0.1761353468, porous lift: 0
Total lift: -0.1762743588, Front lift: -0.03801843938, Rear lift: -0.1382559194, Drag: 0.04466976298
Location of Center of Mass: ( 0.15305161 0.4851454642 -0.0449368109 )
Location of Center Of Pressure: ( 0.2871015429 0.4851454642 -0.0109671583 )


yPlus yPlus execute:
    patch Bottom y+ : min = 36.50336712, max = 274.5986597, average = 125.2979124
    patch Top y+ : min = 47.97494792, max = 287.2474086, average = 153.939847
    patch e423_0 y+ : min = 16.93929037, max = 656.8295327, average = 339.0336245


################################################################################

Time = 63

Outer Loop Iteration = 63
smoothSolver:  Solving for Ux, Initial residual = 0.003623492579, Final residual = 5.730786231e-05, No Iterations 2
smoothSolver:  Solving for Uz, Initial residual = 0.008472616443, Final residual = 0.0001167197343, No Iterations 2
GAMG:  Solving for p, Initial residual = 0.004626291376, Final residual = 4.503292914e-05, No Iterations 3
GAMG:  Solving for p, Initial residual = 0.000429241231, Final residual = 2.877616707e-06, No Iterations 3
GAMG:  Solving for p, Initial residual = 6.995513951e-05, Final residual = 4.150549465e-07, No Iterations 3
time step continuity errors (region0): sum local = 2.594932772e-08, global = -1.362796168e-09, cumulative = -1.456927757e-07
smoothSolver:  Solving for omega, Initial residual = 0.000553997285, Final residual = 3.222084525e-05, No Iterations 1
smoothSolver:  Solving for k, Initial residual = 0.009924118373, Final residual = 0.0007078572383, No Iterations 1

ExecutionTime = 0.77 s  ExecutionStepTime = 0.01 s  ClockTime = 1 s

forces FR write:
    Sum of forces
        Total    : ( 0.5361774757 0 -2.137382013 )
        Pressure : ( 0.5008114327 0 -2.135697352 )
        Viscous  : ( 0.03536604299 0 -0.001684660943 )
    Sum of moments
        Total    : ( -1.036941189 0.6062762652 -0.2601240703 )
        Pressure : ( -1.036123883 0.6086164912 -0.242966395 )
        Viscous  : ( -0.0008173056152 -0.002340226009 -0.01715767534 )


liftDrag LD execute:
Viscous drag: 0.002936898922, pressure drag: 0.04158883586, porous drag: 0
Viscous lift: -0.0001398991374, pressure lift: -0.1773545108, porous lift: 0
Total lift: -0.1774944099, Front lift: -0.0384002631, Rear lift: -0.1390941468, Drag: 0.04452573478
Location of Center of Mass: ( 0.15305161 0.4851454642 -0.0449368109 )
Location of Center Of Pressure: ( 0.28652689 0.4851454642 -0.01145358784 )


yPlus yPlus execute:
    patch Bottom y+ : min = 34.66364435, max = 278.848299, average = 125.6519612
    patch Top y+ : min = 48.03724354, max = 292.8799244, average = 154.8799757
    patch e423_0 y+ : min = 16.88365312, max = 657.1135469, average = 339.6322957


################################################################################

Time = 64

Outer Loop Iteration = 64
smoothSolver:  Solving for Ux, Initial residual = 0.003572109654, Final residual = 5.56902254e-05, No Iterations 2
smoothSolver:  Solving for Uz, Initial residual = 0.008133854176, Final residual = 0.0001185880768, No Iterations 2
GAMG:  Solving for p, Initial residual = 0.004664168953, Final residual = 4.553864257e-05, No Iterations 3
GAMG:  Solving for p, Initial residual = 0.0004280757823, Final residual = 2.977436059e-06, No Iterations 3
GAMG:  Solving for p, Initial residual = 6.819074133e-05, Final residual = 3.929369701e-07, No Iterations 3
time step continuity errors (region0): sum local = 2.455445086e-08, global = 1.225147902e-10, cumulative = -1.455702609e-07
smoothSolver:  Solving for omega, Initial residual = 0.0005301843913, Final residual = 3.019976078e-05, No Iterations 1
smoothSolver:  Solving for k, Initial residual = 0.009831236996, Final residual = 0.0006978447566, No Iterations 1

ExecutionTime = 0.78 s  ExecutionStepTime = 0.01 s  ClockTime = 1 s

forces FR write:
    Sum of forces
        Total    : ( 0.5345679889 0 -2.151228846 )
        Pressure : ( 0.4991332067 0 -2.14953381 )
        Viscous  : ( 0.03543478221 0 -0.00169503685 )
    Sum of moments
        Total    : ( -1.043658917 0.6088900828 -0.2593432352 )
        Pressure : ( -1.042836578 0.6112319182 -0.2421522113 )
        Viscous  : ( -0.0008223394394 -0.002341835353 -0.01719102387 )


liftDrag LD execute:
Viscous drag: 0.002942607227, pressure drag: 0.0414494711, porous drag: 0
Viscous lift: -0.0001407607829, pressure lift: -0.1785035304, porous lift: 0
Total lift: -0.1786442912, Front lift: -0.03875814472, Rear lift: -0.1398861464, Drag: 0.04439207833
Location of Center of Mass: ( 0.15305161 0.4851454642 -0.0449368109 )
Location of Center Of Pressure: ( 0.2859999732 0.4851454642 -0.01189990769 )


yPlus yPlus execute:
    patch Bottom y+ : min = 32.41264539, max = 282.0226059, average = 125.7462103
    patch Top y+ : min = 48.13324546, max = 297.3059407, average = 155.5738091
    patch e423_0 y+ : min = 16.83102604, max = 657.3878236, average = 340.2192587


################################################################################

Time = 65

Outer Loop Iteration = 65
smoothSolver:  Solving for Ux, Initial residual = 0.003537598208, Final residual = 5.408096495e-05, No Iterations 2
smoothSolver:  Solving for Uz, Initial residual = 0.007900602405, Final residual = 0.0001230067782, No Iterations 2
GAMG:  Solving for p, Initial residual = 0.004660148273, Final residual = 4.621900452e-05, No Iterations 3
GAMG:  Solving for p, Initial residual = 0.0004342729569, Final residual = 3.215006317e-06, No Iterations 3
GAMG:  Solving for p, Initial residual = 6.876375238e-05, Final residual = 4.348060041e-07, No Iterations 3
time step continuity errors (region0): sum local = 2.716941511e-08, global = 2.305913535e-09, cumulative = -1.432643474e-07
smoothSolver:  Solving for omega, Initial residual = 0.0005078784864, Final residual = 2.829868989e-05, No Iterations 1
smoothSolver:  Solving for k, Initial residual = 0.00973308165, Final residual = 0.00068792251, No Iterations 1

ExecutionTime = 0.79 s  ExecutionStepTime = 0.01 s  ClockTime = 1 s

forces FR write:
    Sum of forces
        Total    : ( 0.5330518331 0 -2.164406724 )
        Pressure : ( 0.4975494477 0 -2.162701637 )
        Viscous  : ( 0.03550238543 0 -0.001705086971 )
    Sum of moments
        Total    : ( -1.050052105 0.6114013976 -0.258607679 )
        Pressure : ( -1.049224889 0.613744831 -0.2413838578 )
        Viscous  : ( -0.0008272152099 -0.002343433479 -0.01722382126 )


liftDrag LD execute:
Viscous drag: 0.002948221195, pressure drag: 0.04131795115, porous drag: 0
Viscous lift: -0.0001415953741, pressure lift: -0.179597025, porous lift: 0
Total lift: -0.1797386204, Front lift: -0.03909676245, Rear lift: -0.1406418579, Drag: 0.04426617235
Location of Center of Mass: ( 0.15305161 0.4851454642 -0.0449368109 )
Location of Center Of Pressure: ( 0.285512652 0.4851454642 -0.01231419866 )


yPlus yPlus execute:
    patch Bottom y+ : min = 29.58442111, max = 284.0212702, average = 125.5827347
    patch Top y+ : min = 48.30040005, max = 300.456502, average = 155.8957972
    patch e423_0 y+ : min = 16.78162114, max = 657.6502108, average = 340.7928418


################################################################################

Time = 66

Outer Loop Iteration = 66
smoothSolver:  Solving for Ux, Initial residual = 0.003499128087, Final residual = 5.256588284e-05, No Iterations 2
smoothSolver:  Solving for Uz, Initial residual = 0.007744513011, Final residual = 0.0001305918304, No Iterations 2
GAMG:  Solving for p, Initial residual = 0.004605793588, Final residual = 1.835996027e-05, No Iterations 4
GAMG:  Solving for p, Initial residual = 0.0004134452888, Final residual = 1.685107855e-06, No Iterations 3
GAMG:  Solving for p, Initial residual = 6.571627708e-05, Final residual = 3.175786265e-07, No Iterations 3
time step continuity errors (region0): sum local = 1.983961034e-08, global = 1.950466378e-09, cumulative = -1.41313881e-07
smoothSolver:  Solving for omega, Initial residual = 0.000486348136, Final residual = 2.654362548e-05, No Iterations 1
smoothSolver:  Solving for k, Initial residual = 0.009630011925, Final residual = 0.0006779595476, No Iterations 1

ExecutionTime = 0.8 s  ExecutionStepTime = 0.01 s  ClockTime = 1 s

forces FR write:
    Sum of forces
        Total    : ( 0.5316365465 0 -2.176764661 )
        Pressure : ( 0.4960679103 0 -2.175049935 )
        Viscous  : ( 0.0355686362 0 -0.001714726113 )
    Sum of moments
        Total    : ( -1.056047502 0.613776288 -0.2579210591 )
        Pressure : ( -1.05521561 0.6161213133 -0.2406650966 )
        Viscous  : ( -0.000831891596 -0.002345025307 -0.01725596252 )


liftDrag LD execute:
Viscous drag: 0.002953722851, pressure drag: 0.04119491998, porous drag: 0
Viscous lift: -0.0001423958364, pressure lift: -0.1806224635, porous lift: 0
Total lift: -0.1807648593, Front lift: -0.03941266414, Rear lift: -0.1413521952, Drag: 0.04414864284
Location of Center of Mass: ( 0.15305161 0.4851454642 -0.0449368109 )
Location of Center Of Pressure: ( 0.2850675668 0.4851454642 -0.01269423151 )


yPlus yPlus execute:
    patch Bottom y+ : min = 26.0860664, max = 284.6916178, average = 125.1513695
    patch Top y+ : min = 48.49268692, max = 301.2948723, average = 155.9190569
    patch e423_0 y+ : min = 16.73526969, max = 657.9004076, average = 341.351644


################################################################################

Time = 67

Outer Loop Iteration = 67
smoothSolver:  Solving for Ux, Initial residual = 0.0034616305, Final residual = 5.126702274e-05, No Iterations 2
smoothSolver:  Solving for Uz, Initial residual = 0.007576225574, Final residual = 0.0001383420376, No Iterations 2
GAMG:  Solving for p, Initial residual = 0.0045243624, Final residual = 1.78991472e-05, No Iterations 4
GAMG:  Solving for p, Initial residual = 0.0004101691695, Final residual = 1.627761407e-06, No Iterations 3
GAMG:  Solving for p, Initial residual = 6.143073108e-05, Final residual = 3.108783868e-07, No Iterations 3
time step continuity errors (region0): sum local = 1.940609149e-08, global = 1.401846731e-09, cumulative = -1.399120343e-07
smoothSolver:  Solving for omega, Initial residual = 0.0004654711697, Final residual = 2.534153194e-05, No Iterations 1
smoothSolver:  Solving for k, Initial residual = 0.009525143438, Final residual = 0.0006680052328, No Iterations 1

ExecutionTime = 0.8 s  ExecutionStepTime = 0 s  ClockTime = 1 s

forces FR write:
    Sum of forces
        Total    : ( 0.5303004417 0 -2.188410462 )
        Pressure : ( 0.4946671582 0 -2.18668656 )
        Viscous  : ( 0.03563328354 0 -0.00172390214 )
    Sum of moments
        Total    : ( -1.06169741 0.6160257572 -0.257272854 )
        Pressure : ( -1.060861066 0.618372363 -0.2399855281 )
        Viscous  : ( -0.000836343304 -0.002346605746 -0.01728732589 )


liftDrag LD execute:
Viscous drag: 0.002959091354, pressure drag: 0.04107859746, porous drag: 0
Viscous lift: -0.0001431578404, pressure lift: -0.1815888027, porous lift: 0
Total lift: -0.1817319605, Front lift: -0.03970941227, Rear lift: -0.1420225482, Drag: 0.04403768882
Location of Center of Mass: ( 0.15305161 0.4851454642 -0.0449368109 )
Location of Center Of Pressure: ( 0.284655985 0.4851454642 -0.01304614896 )


yPlus yPlus execute:
    patch Bottom y+ : min = 21.81979128, max = 284.1339131, average = 124.4673162
    patch Top y+ : min = 48.69088245, max = 300.2386534, average = 155.7881043
    patch e423_0 y+ : min = 16.69129037, max = 658.1372826, average = 341.8942315


################################################################################

Time = 68

Outer Loop Iteration = 68
smoothSolver:  Solving for Ux, Initial residual = 0.003422460216, Final residual = 5.038550086e-05, No Iterations 2
smoothSolver:  Solving for Uz, Initial residual = 0.007465070151, Final residual = 0.0001441466247, No Iterations 2
GAMG:  Solving for p, Initial residual = 0.004377660494, Final residual = 4.329899468e-05, No Iterations 3
GAMG:  Solving for p, Initial residual = 0.000397863602, Final residual = 2.835850475e-06, No Iterations 3
GAMG:  Solving for p, Initial residual = 5.861444808e-05, Final residual = 3.446546803e-07, No Iterations 3
time step continuity errors (region0): sum local = 2.14985398e-08, global = 2.733087271e-10, cumulative = -1.396387255e-07
smoothSolver:  Solving for omega, Initial residual = 0.0004453615411, Final residual = 2.430380703e-05, No Iterations 1
smoothSolver:  Solving for k, Initial residual = 0.009417170565, Final residual = 0.0006578345625, No Iterations 1

ExecutionTime = 0.82 s  ExecutionStepTime = 0.01 s  ClockTime = 1 s

forces FR write:
    Sum of forces
        Total    : ( 0.5290691137 0 -2.199376033 )
        Pressure : ( 0.4933728272 0 -2.197643426 )
        Viscous  : ( 0.03569628652 0 -0.001732606484 )
    Sum of moments
        Total    : ( -1.067017306 0.6181712769 -0.2566754808 )
        Pressure : ( -1.06617674 0.6205194546 -0.2393575893 )
        Viscous  : ( -0.0008405661772 -0.002348177716 -0.01731789149 )


liftDrag LD execute:
Viscous drag: 0.002964323304, pressure drag: 0.04097111246, porous drag: 0
Viscous lift: -0.0001438806744, pressure lift: -0.1824986927, porous lift: 0
Total lift: -0.1826425734, Front lift: -0.03998654851, Rear lift: -0.1426560248, Drag: 0.04393543576
Location of Center of Mass: ( 0.15305161 0.4851454642 -0.0449368109 )
Location of Center Of Pressure: ( 0.2842825475 0.4851454642 -0.01336865939 )


yPlus yPlus execute:
    patch Bottom y+ : min = 16.406067, max = 282.2491951, average = 123.5168082
    patch Top y+ : min = 48.91219291, max = 298.222715, average = 155.5012882
    patch e423_0 y+ : min = 16.64959075, max = 658.3620501, average = 342.4210268


################################################################################

Time = 69

Outer Loop Iteration = 69
smoothSolver:  Solving for Ux, Initial residual = 0.003378877147, Final residual = 4.986384969e-05, No Iterations 2
smoothSolver:  Solving for Uz, Initial residual = 0.007333567053, Final residual = 0.0001463834831, No Iterations 2
GAMG:  Solving for p, Initial residual = 0.004248687782, Final residual = 4.043769436e-05, No Iterations 3
GAMG:  Solving for p, Initial residual = 0.0004031008393, Final residual = 2.597512813e-06, No Iterations 3
GAMG:  Solving for p, Initial residual = 6.033016365e-05, Final residual = 3.312553197e-07, No Iterations 3
time step continuity errors (region0): sum local = 2.064325517e-08, global = 3.531589651e-10, cumulative = -1.392855666e-07
smoothSolver:  Solving for omega, Initial residual = 0.000426407007, Final residual = 2.333730665e-05, No Iterations 1
smoothSolver:  Solving for k, Initial residual = 0.009304507069, Final residual = 0.0006471690011, No Iterations 1

ExecutionTime = 0.83 s  ExecutionStepTime = 0.01 s  ClockTime = 1 s

forces FR write:
    Sum of forces
        Total    : ( 0.5279265341 0 -2.209704715 )
        Pressure : ( 0.4921689354 0 -2.207963862 )
        Viscous  : ( 0.03575759874 0 -0.001740853019 )
    Sum of moments
        Total    : ( -1.07202822 0.6202145176 -0.2561211635 )
        Pressure : ( -1.071183653 0.6225642545 -0.2387735266 )
        Viscous  : ( -0.0008445669461 -0.002349736927 -0.01734763684 )


liftDrag LD execute:
Viscous drag: 0.002969414849, pressure drag: 0.04087113778, porous drag: 0
Viscous lift: -0.0001445654906, pressure lift: -0.1833557316, porous lift: 0
Total lift: -0.1835002971, Front lift: -0.04024573375, Rear lift: -0.1432545634, Drag: 0.04384055263
Location of Center of Mass: ( 0.15305161 0.4851454642 -0.0449368109 )
Location of Center Of Pressure: ( 0.2839423795 0.4851454642 -0.0136653429 )


yPlus yPlus execute:
    patch Bottom y+ : min = 9.394835604, max = 279.0216784, average = 122.3317276
    patch Top y+ : min = 49.12819786, max = 294.8851789, average = 155.0421533
    patch e423_0 y+ : min = 16.6101326, max = 658.5715739, average = 342.9322087


################################################################################

Time = 70

Outer Loop Iteration = 70
smoothSolver:  Solving for Ux, Initial residual = 0.003319043468, Final residual = 4.882886548e-05, No Iterations 2
smoothSolver:  Solving for Uz, Initial residual = 0.007139476588, Final residual = 0.0001446705926, No Iterations 2
GAMG:  Solving for p, Initial residual = 0.004082947412, Final residual = 3.791654362e-05, No Iterations 3
GAMG:  Solving for p, Initial residual = 0.0003750914246, Final residual = 2.356755394e-06, No Iterations 3
GAMG:  Solving for p, Initial residual = 5.491969935e-05, Final residual = 2.861208496e-07, No Iterations 3
time step continuity errors (region0): sum local = 1.781627389e-08, global = 8.544572801e-10, cumulative = -1.384311093e-07
smoothSolver:  Solving for omega, Initial residual = 0.0004079372782, Final residual = 2.263829623e-05, No Iterations 1
smoothSolver:  Solving for k, Initial residual = 0.009184213459, Final residual = 0.000635679401, No Iterations 1

ExecutionTime = 0.85 s  ExecutionStepTime = 0.02 s  ClockTime = 1 s

forces FR write:
    Sum of forces
        Total    : ( 0.5268697534 0 -2.219259488 )
        Pressure : ( 0.4910529017 0 -2.217510834 )
        Viscous  : ( 0.03581685172 0 -0.001748653948 )
    Sum of moments
        Total    : ( -1.076663674 0.6221184743 -0.2556084711 )
        Pressure : ( -1.075815323 0.6244697384 -0.2382320879 )
        Viscous  : ( -0.0008483515314 -0.002351264126 -0.01737638315 )


liftDrag LD execute:
Viscous drag: 0.002974335388, pressure drag: 0.0407784591, porous drag: 0
Viscous lift: -0.0001452133024, pressure lift: -0.1841485399, porous lift: 0
Total lift: -0.1842937532, Front lift: -0.04048435169, Rear lift: -0.1438094015, Drag: 0.04375279449
Location of Center of Mass: ( 0.15305161 0.4851454642 -0.0449368109 )
Location of Center Of Pressure: ( 0.2836353787 0.4851454642 -0.01393519149 )


yPlus yPlus execute:
    patch Bottom y+ : min = 7.362609831, max = 274.7512961, average = 121.3322842
    patch Top y+ : min = 49.33917525, max = 290.1750535, average = 154.4223146
    patch e423_0 y+ : min = 16.57281966, max = 658.7658634, average = 343.4250268


################################################################################

Time = 71

Outer Loop Iteration = 71
smoothSolver:  Solving for Ux, Initial residual = 0.003250428881, Final residual = 4.779810169e-05, No Iterations 2
smoothSolver:  Solving for Uz, Initial residual = 0.006957191999, Final residual = 0.0001396835171, No Iterations 2
GAMG:  Solving for p, Initial residual = 0.003886968084, Final residual = 3.593922423e-05, No Iterations 3
GAMG:  Solving for p, Initial residual = 0.0003586909561, Final residual = 2.198003155e-06, No Iterations 3
GAMG:  Solving for p, Initial residual = 5.353393236e-05, Final residual = 2.818327383e-07, No Iterations 3
time step continuity errors (region0): sum local = 1.753442308e-08, global = 1.852998379e-10, cumulative = -1.382458094e-07
smoothSolver:  Solving for omega, Initial residual = 0.0003899061867, Final residual = 2.195661855e-05, No Iterations 1
smoothSolver:  Solving for k, Initial residual = 0.009058101777, Final residual = 0.0006233931121, No Iterations 1

ExecutionTime = 0.86 s  ExecutionStepTime = 0.01 s  ClockTime = 1 s

forces FR write:
    Sum of forces
        Total    : ( 0.5258928349 0 -2.228115314 )
        Pressure : ( 0.4900191389 0 -2.226359268 )
        Viscous  : ( 0.03587369593 0 -0.001756045678 )
    Sum of moments
        Total    : ( -1.080960038 0.6238970798 -0.2551345235 )
        Pressure : ( -1.080108101 0.6262498155 -0.2377305626 )
        Viscous  : ( -0.0008519375958 -0.002352735781 -0.01740396086 )


liftDrag LD execute:
Viscous drag: 0.002979055897, pressure drag: 0.04069261245, porous drag: 0
Viscous lift: -0.0001458271332, pressure lift: -0.1848833396, porous lift: 0
Total lift: -0.1850291667, Front lift: -0.04070435789, Rear lift: -0.1443248088, Drag: 0.04367166834
Location of Center of Mass: ( 0.15305161 0.4851454642 -0.0449368109 )
Location of Center Of Pressure: ( 0.2833582282 0.4851454642 -0.01418107916 )


yPlus yPlus execute:
    patch Bottom y+ : min = 13.10680022, max = 269.5953976, average = 120.6917111
    patch Top y+ : min = 49.53204856, max = 284.5345014, average = 153.6682475
    patch e423_0 y+ : min = 16.53784445, max = 658.9464237, average = 343.8961467


################################################################################

Time = 72

Outer Loop Iteration = 72
smoothSolver:  Solving for Ux, Initial residual = 0.003189345615, Final residual = 4.681182682e-05, No Iterations 2
smoothSolver:  Solving for Uz, Initial residual = 0.006769796247, Final residual = 0.0001323805665, No Iterations 2
GAMG:  Solving for p, Initial residual = 0.00365693894, Final residual = 3.312149589e-05, No Iterations 3
GAMG:  Solving for p, Initial residual = 0.0003308590879, Final residual = 2.091628161e-06, No Iterations 3
GAMG:  Solving for p, Initial residual = 5.025872939e-05, Final residual = 2.647793046e-07, No Iterations 3
time step continuity errors (region0): sum local = 1.64521842e-08, global = -5.174572576e-10, cumulative = -1.387632667e-07
smoothSolver:  Solving for omega, Initial residual = 0.0003727272573, Final residual = 2.145918319e-05, No Iterations 1
smoothSolver:  Solving for k, Initial residual = 0.008927435253, Final residual = 0.0006103228207, No Iterations 1

ExecutionTime = 0.88 s  ExecutionStepTime = 0.02 s  ClockTime = 1 s

forces FR write:
    Sum of forces
        Total    : ( 0.5249848424 0 -2.236428139 )
        Pressure : ( 0.4890566772 0 -2.2346651 )
        Viscous  : ( 0.0359281652 0 -0.001763038819 )
    Sum of moments
        Total    : ( -1.084992968 0.6255823208 -0.2546940151 )
        Pressure : ( -1.084137638 0.6279364728 -0.2372636287 )
        Viscous  : ( -0.0008553302861 -0.002354151983 -0.01743038638 )


liftDrag LD execute:
Viscous drag: 0.002983579183, pressure drag: 0.04061268682, porous drag: 0
Viscous lift: -0.0001464078638, pressure lift: -0.18557308, porous lift: 0
Total lift: -0.1857194879, Front lift: -0.04090957116, Rear lift: -0.1448099167, Drag: 0.04359626601
Location of Center of Mass: ( 0.15305161 0.4851454642 -0.0449368109 )
Location of Center Of Pressure: ( 0.2831059243 0.4851454642 -0.01440752963 )


yPlus yPlus execute:
    patch Bottom y+ : min = 16.54573538, max = 263.7166125, average = 119.8942116
    patch Top y+ : min = 49.69028143, max = 278.2259573, average = 152.8263774
    patch e423_0 y+ : min = 16.50512614, max = 659.1147064, average = 344.346069


################################################################################

Time = 73

Outer Loop Iteration = 73
smoothSolver:  Solving for Ux, Initial residual = 0.003124067696, Final residual = 4.611146194e-05, No Iterations 2
smoothSolver:  Solving for Uz, Initial residual = 0.00654185462, Final residual = 0.0001239116579, No Iterations 2
GAMG:  Solving for p, Initial residual = 0.003498233525, Final residual = 2.856344958e-05, No Iterations 3
GAMG:  Solving for p, Initial residual = 0.0003032151657, Final residual = 1.797693465e-06, No Iterations 3
GAMG:  Solving for p, Initial residual = 4.748354032e-05, Final residual = 2.507846492e-07, No Iterations 3
time step continuity errors (region0): sum local = 1.555970041e-08, global = -1.17812275e-09, cumulative = -1.399413895e-07
smoothSolver:  Solving for omega, Initial residual = 0.0003558771323, Final residual = 2.101959537e-05, No Iterations 1
smoothSolver:  Solving for k, Initial residual = 0.00879121422, Final residual = 0.0005963519135, No Iterations 1

ExecutionTime = 0.89 s  ExecutionStepTime = 0.01 s  ClockTime = 1 s

forces FR write:
    Sum of forces
        Total    : ( 0.5241444803 0 -2.244122739 )
        Pressure : ( 0.4881641433 0 -2.242353097 )
        Viscous  : ( 0.03598033694 0 -0.001769641476 )
    Sum of moments
        Total    : ( -1.088725968 0.6271514071 -0.2542863172 )
        Pressure : ( -1.087867434 0.6295069232 -0.2368306199 )
        Viscous  : ( -0.0008585335356 -0.00235551607 -0.01745569727 )


liftDrag LD execute:
Viscous drag: 0.002987911676, pressure drag: 0.04053856822, porous drag: 0
Viscous lift: -0.0001469561677, pressure lift: -0.1862115136, porous lift: 0
Total lift: -0.1863584698, Front lift: -0.04109876061, Rear lift: -0.1452597091, Drag: 0.0435264799
Location of Center of Mass: ( 0.15305161 0.4851454642 -0.0449368109 )
Location of Center Of Pressure: ( 0.2828773147 0.4851454642 -0.01461430432 )


yPlus yPlus execute:
    patch Bottom y+ : min = 19.10721116, max = 257.3254695, average = 119.0678309
    patch Top y+ : min = 49.81991095, max = 271.7585171, average = 151.9406043
    patch e423_0 y+ : min = 16.47456554, max = 659.27181, average = 344.7754065


################################################################################

Time = 74

Outer Loop Iteration = 74
smoothSolver:  Solving for Ux, Initial residual = 0.003052405127, Final residual = 4.527885799e-05, No Iterations 2
smoothSolver:  Solving for Uz, Initial residual = 0.006274711383, Final residual = 0.0001141921313, No Iterations 2
GAMG:  Solving for p, Initial residual = 0.003424760488, Final residual = 2.671355343e-05, No Iterations 3
GAMG:  Solving for p, Initial residual = 0.0002801189212, Final residual = 1.631534208e-06, No Iterations 3
GAMG:  Solving for p, Initial residual = 4.432100489e-05, Final residual = 2.336219946e-07, No Iterations 3
time step continuity errors (region0): sum local = 1.447376626e-08, global = -6.917431291e-10, cumulative = -1.406331326e-07
smoothSolver:  Solving for omega, Initial residual = 0.0003397847871, Final residual = 2.070245932e-05, No Iterations 1
smoothSolver:  Solving for k, Initial residual = 0.008643731783, Final residual = 0.0005810935497, No Iterations 1

ExecutionTime = 0.91 s  ExecutionStepTime = 0.02 s  ClockTime = 1 s

forces FR write:
    Sum of forces
        Total    : ( 0.5233621437 0 -2.25126525 )
        Pressure : ( 0.4873320136 0 -2.249489393 )
        Viscous  : ( 0.03603013011 0 -0.001775857415 )
    Sum of moments
        Total    : ( -1.092191125 0.6286158345 -0.2539067702 )
        Pressure : ( -1.091329576 0.6309726596 -0.236426916 )
        Viscous  : ( -0.00086154917 -0.002356825129 -0.0174798542 )


liftDrag LD execute:
Viscous drag: 0.002992046645, pressure drag: 0.04046946576, porous drag: 0
Viscous lift: -0.0001474723573, pressure lift: -0.1868041323, porous lift: 0
Total lift: -0.1869516047, Front lift: -0.04127371777, Rear lift: -0.1456778869, Drag: 0.0434615124
Location of Center of Mass: ( 0.15305161 0.4851454642 -0.0449368109 )
Location of Center Of Pressure: ( 0.2826693444 0.4851454642 -0.01480397099 )


yPlus yPlus execute:
    patch Bottom y+ : min = 23.00133104, max = 250.6508129, average = 118.3244673
    patch Top y+ : min = 49.9075234, max = 265.471214, average = 151.051681
    patch e423_0 y+ : min = 16.4461232, max = 659.418803, average = 345.184113


################################################################################

Time = 75

Outer Loop Iteration = 75
smoothSolver:  Solving for Ux, Initial residual = 0.002977814865, Final residual = 4.434819358e-05, No Iterations 2
smoothSolver:  Solving for Uz, Initial residual = 0.006014599892, Final residual = 0.0001040056583, No Iterations 2
GAMG:  Solving for p, Initial residual = 0.003371748366, Final residual = 2.742515934e-05, No Iterations 3
GAMG:  Solving for p, Initial residual = 0.0002771420764, Final residual = 1.695706036e-06, No Iterations 3
GAMG:  Solving for p, Initial residual = 4.705315868e-05, Final residual = 2.691832861e-07, No Iterations 3
time step continuity errors (region0): sum local = 1.665485115e-08, global = -9.578155664e-11, cumulative = -1.407289141e-07
smoothSolver:  Solving for omega, Initial residual = 0.0003241886729, Final residual = 2.033004095e-05, No Iterations 1
smoothSolver:  Solving for k, Initial residual = 0.008488003948, Final residual = 0.0005647331945, No Iterations 1

ExecutionTime = 0.92 s  ExecutionStepTime = 0.01 s  ClockTime = 1 s

forces FR write:
    Sum of forces
        Total    : ( 0.5226286148 0 -2.257889727 )
        Pressure : ( 0.48655086 0 -2.256108006 )
        Viscous  : ( 0.03607775476 0 -0.001781720964 )
    Sum of moments
        Total    : ( -1.09540496 0.6299795848 -0.2535509019 )
        Pressure : ( -1.094540566 0.6323376682 -0.2360479428 )
        Viscous  : ( -0.0008643938441 -0.002358083416 -0.01750295908 )


liftDrag LD execute:
Viscous drag: 0.002996001534, pressure drag: 0.04040459649, porous drag: 0
Viscous lift: -0.0001479592834, pressure lift: -0.1873537612, porous lift: 0
Total lift: -0.1875017205, Front lift: -0.04143552589, Rear lift: -0.1460661946, Drag: 0.04340059802
Location of Center of Mass: ( 0.15305161 0.4851454642 -0.0449368109 )
Location of Center Of Pressure: ( 0.2824795757 0.4851454642 -0.01497841319 )


yPlus yPlus execute:
    patch Bottom y+ : min = 26.81019076, max = 243.9055181, average = 117.6867462
    patch Top y+ : min = 49.94328536, max = 259.2637864, average = 150.1855286
    patch e423_0 y+ : min = 16.41976383, max = 659.5564158, average = 345.5737109


################################################################################

Time = 76

Outer Loop Iteration = 76
smoothSolver:  Solving for Ux, Initial residual = 0.002901907107, Final residual = 4.343774443e-05, No Iterations 2
smoothSolver:  Solving for Uz, Initial residual = 0.005774408819, Final residual = 9.25511766e-05, No Iterations 2
GAMG:  Solving for p, Initial residual = 0.003313232912, Final residual = 2.846849496e-05, No Iterations 3
GAMG:  Solving for p, Initial residual = 0.0002750621077, Final residual = 1.779387573e-06, No Iterations 3
GAMG:  Solving for p, Initial residual = 4.410298985e-05, Final residual = 2.794591492e-07, No Iterations 3
time step continuity errors (region0): sum local = 1.727507524e-08, global = 3.439872429e-10, cumulative = -1.403849269e-07
smoothSolver:  Solving for omega, Initial residual = 0.0003092026033, Final residual = 1.989974852e-05, No Iterations 1
smoothSolver:  Solving for k, Initial residual = 0.008327335561, Final residual = 0.0005475235488, No Iterations 1

ExecutionTime = 0.94 s  ExecutionStepTime = 0.02 s  ClockTime = 1 s

forces FR write:
    Sum of forces
        Total    : ( 0.5219618479 0 -2.263941135 )
        Pressure : ( 0.485838833 0 -2.262153872 )
        Viscous  : ( 0.0361230149 0 -0.001787262988 )
    Sum of moments
        Total    : ( -1.098340773 0.6312405028 -0.253227423 )
        Pressure : ( -1.097473691 0.6335997768 -0.2357025061 )
        Viscous  : ( -0.0008670825321 -0.002359274044 -0.01752491683 )


liftDrag LD execute:
Viscous drag: 0.002999760068, pressure drag: 0.0403454677, porous drag: 0
Viscous lift: -0.0001484195092, pressure lift: -0.1878558275, porous lift: 0
Total lift: -0.188004247, Front lift: -0.04158207885, Rear lift: -0.1464221681, Drag: 0.04334522776
Location of Center of Mass: ( 0.15305161 0.4851454642 -0.0449368109 )
Location of Center Of Pressure: ( 0.2823131631 0.4851454642 -0.01513497636 )


yPlus yPlus execute:
    patch Bottom y+ : min = 29.50854977, max = 237.0407179, average = 117.1704917
    patch Top y+ : min = 49.91914079, max = 253.2878412, average = 149.3865574
    patch e423_0 y+ : min = 16.39542138, max = 659.6851751, average = 345.9415433


################################################################################

Time = 77

Outer Loop Iteration = 77
smoothSolver:  Solving for Ux, Initial residual = 0.002840414384, Final residual = 4.250977854e-05, No Iterations 2
smoothSolver:  Solving for Uz, Initial residual = 0.005565768713, Final residual = 8.184312299e-05, No Iterations 2
GAMG:  Solving for p, Initial residual = 0.003241985351, Final residual = 2.960438185e-05, No Iterations 3
GAMG:  Solving for p, Initial residual = 0.0002837342853, Final residual = 1.831999522e-06, No Iterations 3
GAMG:  Solving for p, Initial residual = 4.785566582e-05, Final residual = 2.758427155e-07, No Iterations 3
time step continuity errors (region0): sum local = 1.703856753e-08, global = 5.196320335e-11, cumulative = -1.403329637e-07
smoothSolver:  Solving for omega, Initial residual = 0.0002947407913, Final residual = 1.950313236e-05, No Iterations 1
smoothSolver:  Solving for k, Initial residual = 0.008163064398, Final residual = 0.0005296123052, No Iterations 1

ExecutionTime = 0.95 s  ExecutionStepTime = 0.01 s  ClockTime = 1 s

forces FR write:
    Sum of forces
        Total    : ( 0.5213612698 0 -2.269603314 )
        Pressure : ( 0.4851955337 0 -2.267810836 )
        Viscous  : ( 0.03616573611 0 -0.0017924781 )
    Sum of moments
        Total    : ( -1.101087753 0.6324436168 -0.2529360553 )
        Pressure : ( -1.100218141 0.6348040131 -0.2353904124 )
        Viscous  : ( -0.0008696126197 -0.002360396296 -0.01754564283 )


liftDrag LD execute:
Viscous drag: 0.003003307762, pressure drag: 0.04029204626, porous drag: 0
Viscous lift: -0.0001488525872, pressure lift: -0.1883255981, porous lift: 0
Total lift: -0.1884744507, Front lift: -0.04171727063, Rear lift: -0.1467571801, Drag: 0.04329535402
Location of Center of Mass: ( 0.15305161 0.4851454642 -0.0449368109 )
Location of Center Of Pressure: ( 0.2821675651 0.4851454642 -0.01527697656 )


yPlus yPlus execute:
    patch Bottom y+ : min = 31.50006001, max = 230.5489738, average = 116.8014957
    patch Top y+ : min = 49.83078804, max = 247.7520036, average = 148.6946465
    patch e423_0 y+ : min = 16.37305466, max = 659.8058722, average = 346.2860601


################################################################################

Time = 78

Outer Loop Iteration = 78
smoothSolver:  Solving for Ux, Initial residual = 0.002786819924, Final residual = 4.146441245e-05, No Iterations 2
smoothSolver:  Solving for Uz, Initial residual = 0.005361148426, Final residual = 7.266663153e-05, No Iterations 2
GAMG:  Solving for p, Initial residual = 0.003114612997, Final residual = 3.078964396e-05, No Iterations 3
GAMG:  Solving for p, Initial residual = 0.000293966025, Final residual = 2.001011368e-06, No Iterations 3
GAMG:  Solving for p, Initial residual = 4.948640289e-05, Final residual = 3.06200677e-07, No Iterations 3
time step continuity errors (region0): sum local = 1.890386651e-08, global = -8.944643728e-11, cumulative = -1.404224101e-07
smoothSolver:  Solving for omega, Initial residual = 0.000280695594, Final residual = 1.907327367e-05, No Iterations 1
smoothSolver:  Solving for k, Initial residual = 0.007993780484, Final residual = 0.0005109824961, No Iterations 1

ExecutionTime = 0.96 s  ExecutionStepTime = 0.01 s  ClockTime = 1 s

forces FR write:
    Sum of forces
        Total    : ( 0.5208261078 0 -2.275034148 )
        Pressure : ( 0.4846201549 0 -2.273236804 )
        Viscous  : ( 0.03620595286 0 -0.001797344019 )
    Sum of moments
        Total    : ( -1.103722498 0.6336267564 -0.2526764238 )
        Pressure : ( -1.102850524 0.6359882216 -0.23511127 )
        Viscous  : ( -0.0008719732985 -0.002361465184 -0.01756515381 )


liftDrag LD execute:
Viscous drag: 0.003006647477, pressure drag: 0.04024426513, porous drag: 0
Viscous lift: -0.0001492566673, pressure lift: -0.1887761863, porous lift: 0
Total lift: -0.1889254429, Front lift: -0.0418445154, Rear lift: -0.1470809275, Drag: 0.04325091261
Location of Center of Mass: ( 0.15305161 0.4851454642 -0.0449368109 )
Location of Center Of Pressure: ( 0.2820402832 0.4851454642 -0.01540728992 )


yPlus yPlus execute:
    patch Bottom y+ : min = 32.71242827, max = 224.8025588, average = 116.6272038
    patch Top y+ : min = 49.66148612, max = 242.9970016, average = 148.2229815
    patch e423_0 y+ : min = 16.35260169, max = 659.9191535, average = 346.6079455


################################################################################

Time = 79

Outer Loop Iteration = 79
smoothSolver:  Solving for Ux, Initial residual = 0.002752277879, Final residual = 4.05112154e-05, No Iterations 2
smoothSolver:  Solving for Uz, Initial residual = 0.005235266561, Final residual = 6.454690146e-05, No Iterations 2
GAMG:  Solving for p, Initial residual = 0.003027710679, Final residual = 1.210958177e-05, No Iterations 4
GAMG:  Solving for p, Initial residual = 0.0002882706917, Final residual = 1.210893891e-06, No Iterations 3
GAMG:  Solving for p, Initial residual = 4.862489391e-05, Final residual = 2.35369382e-07, No Iterations 3
time step continuity errors (region0): sum local = 1.452531923e-08, global = -3.166976792e-10, cumulative = -1.407391078e-07
smoothSolver:  Solving for omega, Initial residual = 0.0002675032779, Final residual = 1.856853787e-05, No Iterations 1
smoothSolver:  Solving for k, Initial residual = 0.007819782866, Final residual = 0.0004916925912, No Iterations 1

ExecutionTime = 0.97 s  ExecutionStepTime = 0 s  ClockTime = 1 s

forces FR write:
    Sum of forces
        Total    : ( 0.5203422685 0 -2.280327262 )
        Pressure : ( 0.4840986837 0 -2.27852539 )
        Viscous  : ( 0.03624358481 0 -0.001801872007 )
    Sum of moments
        Total    : ( -1.106290428 0.6348041448 -0.2524416914 )
        Pressure : ( -1.105416258 0.6371666229 -0.2348582806 )
        Viscous  : ( -0.0008741700312 -0.002362478039 -0.01758341078 )


liftDrag LD execute:
Viscous drag: 0.003009772544, pressure drag: 0.04020096065, porous drag: 0
Viscous lift: -0.0001496326846, pressure lift: -0.1892153658, porous lift: 0
Total lift: -0.1893649985, Front lift: -0.04196651943, Rear lift: -0.1473984791, Drag: 0.04321073319
Location of Center of Mass: ( 0.15305161 0.4851454642 -0.0449368109 )
Location of Center Of Pressure: ( 0.2819264762 0.4851454642 -0.0155291722 )


yPlus yPlus execute:
    patch Bottom y+ : min = 33.2230363, max = 220.0716893, average = 116.7447057
    patch Top y+ : min = 49.41317301, max = 239.4404729, average = 148.0425761
    patch e423_0 y+ : min = 16.33387096, max = 660.0255254, average = 346.906919


################################################################################

Time = 80

Outer Loop Iteration = 80
smoothSolver:  Solving for Ux, Initial residual = 0.002744315163, Final residual = 3.973851366e-05, No Iterations 2
smoothSolver:  Solving for Uz, Initial residual = 0.00508470312, Final residual = 5.825591974e-05, No Iterations 2
GAMG:  Solving for p, Initial residual = 0.002923464005, Final residual = 1.21665093e-05, No Iterations 4
GAMG:  Solving for p, Initial residual = 0.0003034012236, Final residual = 1.122040844e-06, No Iterations 3
GAMG:  Solving for p, Initial residual = 5.047631635e-05, Final residual = 2.43405427e-07, No Iterations 3
time step continuity errors (region0): sum local = 1.502205852e-08, global = -8.384285354e-11, cumulative = -1.408229507e-07
smoothSolver:  Solving for omega, Initial residual = 0.0002550329359, Final residual = 1.799026022e-05, No Iterations 1
smoothSolver:  Solving for k, Initial residual = 0.007644098296, Final residual = 0.0004720399964, No Iterations 1

ExecutionTime = 0.98 s  ExecutionStepTime = 0.01 s  ClockTime = 1 s

forces FR write:
    Sum of forces
        Total    : ( 0.5199083279 0 -2.285486717 )
        Pressure : ( 0.4836297004 0 -2.283680637 )
        Viscous  : ( 0.03627862749 0 -0.001806079884 )
    Sum of moments
        Total    : ( -1.108793514 0.6359736376 -0.2522311671 )
        Pressure : ( -1.107917303 0.6383370703 -0.2346307555 )
        Viscous  : ( -0.0008762114635 -0.002363432755 -0.01760041158 )


liftDrag LD execute:
Viscous drag: 0.00301268259, pressure drag: 0.04016201492, porous drag: 0
Viscous lift: -0.0001499821189, pressure lift: -0.1896434725, porous lift: 0
Total lift: -0.1897934546, Front lift: -0.04208362942, Rear lift: -0.1477098252, Drag: 0.04317469751
Location of Center of Mass: ( 0.15305161 0.4851454642 -0.0449368109 )
Location of Center Of Pressure: ( 0.2818247205 0.4851454642 -0.01564317638 )


yPlus yPlus execute:
    patch Bottom y+ : min = 33.09542372, max = 216.5795625, average = 117.1813887
    patch Top y+ : min = 49.09298675, max = 237.1157039, average = 148.0726448
    patch e423_0 y+ : min = 16.31664672, max = 660.1255566, average = 347.1834868


################################################################################

Time = 81

Outer Loop Iteration = 81
smoothSolver:  Solving for Ux, Initial residual = 0.002748217368, Final residual = 3.899090405e-05, No Iterations 2
smoothSolver:  Solving for Uz, Initial residual = 0.004945966817, Final residual = 5.392139876e-05, No Iterations 2
GAMG:  Solving for p, Initial residual = 0.002920410705, Final residual = 1.186650381e-05, No Iterations 4
GAMG:  Solving for p, Initial residual = 0.0002981117346, Final residual = 1.123460293e-06, No Iterations 3
GAMG:  Solving for p, Initial residual = 5.028524854e-05, Final residual = 1.836009314e-07, No Iterations 3
time step continuity errors (region0): sum local = 1.133229344e-08, global = -1.493986091e-10, cumulative = -1.409723493e-07
smoothSolver:  Solving for omega, Initial residual = 0.0002428651094, Final residual = 1.734397786e-05, No Iterations 1
smoothSolver:  Solving for k, Initial residual = 0.007465155297, Final residual = 0.0004520172152, No Iterations 1

ExecutionTime = 1 s  ExecutionStepTime = 0.02 s  ClockTime = 1 s

forces FR write:
    Sum of forces
        Total    : ( 0.5195098176 0 -2.290447648 )
        Pressure : ( 0.4831987338 0 -2.288637652 )
        Viscous  : ( 0.03631108382 0 -0.001809996316 )
    Sum of moments
        Total    : ( -1.111200287 0.6371119487 -0.2520378316 )
        Pressure : ( -1.110322176 0.6394762713 -0.234421674 )
        Viscous  : ( -0.0008781115029 -0.002364322591 -0.01761615762 )


liftDrag LD execute:
Viscous drag: 0.003015377858, pressure drag: 0.0401262262, porous drag: 0
Viscous lift: -0.0001503073508, pressure lift: -0.1900551174, porous lift: 0
Total lift: -0.1902054248, Front lift: -0.04219508582, Rear lift: -0.1480103389, Drag: 0.04314160405
Location of Center of Mass: ( 0.15305161 0.4851454642 -0.0449368109 )
Location of Center Of Pressure: ( 0.2817327734 0.4851454642 -0.01574988414 )


yPlus yPlus execute:
    patch Bottom y+ : min = 32.36929735, max = 214.450642, average = 117.9051132
    patch Top y+ : min = 48.73896423, max = 235.9630963, average = 148.4347584
    patch e423_0 y+ : min = 16.30070839, max = 660.2195959, average = 347.4380702


################################################################################

Time = 82

Outer Loop Iteration = 82
smoothSolver:  Solving for Ux, Initial residual = 0.002743890381, Final residual = 3.82286896e-05, No Iterations 2
smoothSolver:  Solving for Uz, Initial residual = 0.004839505402, Final residual = 5.142595757e-05, No Iterations 2
GAMG:  Solving for p, Initial residual = 0.002917203632, Final residual = 2.880341728e-05, No Iterations 3
GAMG:  Solving for p, Initial residual = 0.0002993001314, Final residual = 2.025568738e-06, No Iterations 3
GAMG:  Solving for p, Initial residual = 4.68036134e-05, Final residual = 2.734694392e-07, No Iterations 3
time step continuity errors (region0): sum local = 1.688299892e-08, global = -5.655383018e-10, cumulative = -1.415378876e-07
smoothSolver:  Solving for omega, Initial residual = 0.000231107358, Final residual = 1.664047499e-05, No Iterations 1
smoothSolver:  Solving for k, Initial residual = 0.00728421519, Final residual = 0.0004317970467, No Iterations 1

ExecutionTime = 1.01 s  ExecutionStepTime = 0.01 s  ClockTime = 1 s

forces FR write:
    Sum of forces
        Total    : ( 0.5191347466 0 -2.295261119 )
        Pressure : ( 0.4827937347 0 -2.293447458 )
        Viscous  : ( 0.0363410119 0 -0.001813660635 )
    Sum of moments
        Total    : ( -1.113535521 0.6382297432 -0.2518558676 )
        Pressure : ( -1.112655632 0.6405948806 -0.2342251906 )
        Viscous  : ( -0.0008798892309 -0.002365137392 -0.01763067709 )


liftDrag LD execute:
Viscous drag: 0.003017863172, pressure drag: 0.0400925939, porous drag: 0
Viscous lift: -0.0001506116465, pressure lift: -0.1904545377, porous lift: 0
Total lift: -0.1906051494, Front lift: -0.04230212321, Rear lift: -0.1483030261, Drag: 0.04311045707
Location of Center of Mass: ( 0.15305161 0.4851454642 -0.0449368109 )
Location of Center Of Pressure: ( 0.2816492424 0.4851454642 -0.01585101374 )


yPlus yPlus execute:
    patch Bottom y+ : min = 31.19089575, max = 213.8938981, average = 118.9407864
    patch Top y+ : min = 48.37226772, max = 236.3645103, average = 149.1152719
    patch e423_0 y+ : min = 16.28586189, max = 660.3079381, average = 347.6726992


################################################################################

Time = 83

Outer Loop Iteration = 83
smoothSolver:  Solving for Ux, Initial residual = 0.002721124863, Final residual = 3.753619392e-05, No Iterations 2
smoothSolver:  Solving for Uz, Initial residual = 0.004766314928, Final residual = 5.120062974e-05, No Iterations 2
GAMG:  Solving for p, Initial residual = 0.002921290752, Final residual = 2.59846689e-05, No Iterations 3
GAMG:  Solving for p, Initial residual = 0.000280997066, Final residual = 1.82359411e-06, No Iterations 3
GAMG:  Solving for p, Initial residual = 4.49777605e-05, Final residual = 2.405439521e-07, No Iterations 3
time step continuity errors (region0): sum local = 1.485892666e-08, global = -3.533047766e-10, cumulative = -1.418911923e-07
smoothSolver:  Solving for omega, Initial residual = 0.0002198444925, Final residual = 1.589594379e-05, No Iterations 1
smoothSolver:  Solving for k, Initial residual = 0.00710093076, Final residual = 0.0004114360028, No Iterations 1

ExecutionTime = 1.03 s  ExecutionStepTime = 0.02 s  ClockTime = 1 s

forces FR write:
    Sum of forces
        Total    : ( 0.518781392 0 -2.299896747 )
        Pressure : ( 0.482410428 0 -2.298079955 )
        Viscous  : ( 0.03637096402 0 -0.001816791638 )
    Sum of moments
        Total    : ( -1.115784475 0.6393158403 -0.2516844393 )
        Pressure : ( -1.114903067 0.6416819228 -0.234039231 )
        Viscous  : ( -0.0008814082226 -0.002366082572 -0.01764520822 )


liftDrag LD execute:
Viscous drag: 0.003020350483, pressure drag: 0.04006076299, porous drag: 0
Viscous lift: -0.0001508716541, pressure lift: -0.1908392337, porous lift: 0
Total lift: -0.1909901054, Front lift: -0.04240440857, Rear lift: -0.1485856968, Drag: 0.04308111347
Location of Center of Mass: ( 0.15305161 0.4851454642 -0.0449368109 )
Location of Center Of Pressure: ( 0.2815729213 0.4851454642 -0.01594661172 )


yPlus yPlus execute:
    patch Bottom y+ : min = 29.19612218, max = 218.221966, average = 120.2628703
    patch Top y+ : min = 48.01430021, max = 238.0011506, average = 150.0440349
    patch e423_0 y+ : min = 16.27190651, max = 660.3907744, average = 347.9147121


################################################################################

Time = 84

Outer Loop Iteration = 84
smoothSolver:  Solving for Ux, Initial residual = 0.002677483524, Final residual = 3.668781011e-05, No Iterations 2
smoothSolver:  Solving for Uz, Initial residual = 0.004687856113, Final residual = 5.172884817e-05, No Iterations 2
GAMG:  Solving for p, Initial residual = 0.002803333685, Final residual = 2.302914495e-05, No Iterations 3
GAMG:  Solving for p, Initial residual = 0.0002666799689, Final residual = 1.709318609e-06, No Iterations 3
GAMG:  Solving for p, Initial residual = 4.39607528e-05, Final residual = 2.346413386e-07, No Iterations 3
time step continuity errors (region0): sum local = 1.4505449e-08, global = 2.47348693e-10, cumulative = -1.416438437e-07
smoothSolver:  Solving for omega, Initial residual = 0.0002089661382, Final residual = 1.51190809e-05, No Iterations 1
smoothSolver:  Solving for k, Initial residual = 0.00691633015, Final residual = 0.0003910958857, No Iterations 1

ExecutionTime = 1.03 s  ExecutionStepTime = 0 s  ClockTime = 1 s

forces FR write:
    Sum of forces
        Total    : ( 0.5184520752 0 -2.303516938 )
        Pressure : ( 0.4820526894 0 -2.301697136 )
        Viscous  : ( 0.03639938582 0 -0.001819802037 )
    Sum of moments
        Total    : ( -1.117540794 0.6401323563 -0.2515246727 )
        Pressure : ( -1.116657926 0.6424993055 -0.2338656758 )
        Viscous  : ( -0.0008828687041 -0.002366949178 -0.01765899693 )


liftDrag LD execute:
Viscous drag: 0.003022710712, pressure drag: 0.04003105534, porous drag: 0
Viscous lift: -0.0001511216464, pressure lift: -0.1911396149, porous lift: 0
Total lift: -0.1912907366, Front lift: -0.0424869183, Rear lift: -0.1488038183, Drag: 0.04305376605
Location of Center of Mass: ( 0.15305161 0.4851454642 -0.0449368109 )
Location of Center Of Pressure: ( 0.2815006397 0.4851454642 -0.01602681466 )


yPlus yPlus execute:
    patch Bottom y+ : min = 26.75004366, max = 224.0692595, average = 121.8351706
    patch Top y+ : min = 47.58517627, max = 240.7693757, average = 151.1262769
    patch e423_0 y+ : min = 16.25865795, max = 660.4678109, average = 348.1435826


################################################################################

Time = 85

Outer Loop Iteration = 85
smoothSolver:  Solving for Ux, Initial residual = 0.002614439814, Final residual = 3.58398953e-05, No Iterations 2
smoothSolver:  Solving for Uz, Initial residual = 0.004636943271, Final residual = 5.310132461e-05, No Iterations 2
GAMG:  Solving for p, Initial residual = 0.002671392849, Final residual = 2.099971891e-05, No Iterations 3
GAMG:  Solving for p, Initial residual = 0.000259074936, Final residual = 1.575275421e-06, No Iterations 3
GAMG:  Solving for p, Initial residual = 4.396287427e-05, Final residual = 2.135135659e-07, No Iterations 3
time step continuity errors (region0): sum local = 1.320845264e-08, global = -1.669666654e-10, cumulative = -1.418108103e-07
smoothSolver:  Solving for omega, Initial residual = 0.0001985366691, Final residual = 1.432166767e-05, No Iterations 1
smoothSolver:  Solving for k, Initial residual = 0.006729759751, Final residual = 0.0003708388564, No Iterations 1

ExecutionTime = 1.04 s  ExecutionStepTime = 0.01 s  ClockTime = 1 s

forces FR write:
    Sum of forces
        Total    : ( 0.5181525009 0 -2.306690053 )
        Pressure : ( 0.4817260965 0 -2.304867384 )
        Viscous  : ( 0.03642640447 0 -0.00182266941 )
    Sum of moments
        Total    : ( -1.119080217 0.6408390749 -0.2513793356 )
        Pressure : ( -1.118195957 0.6432068316 -0.2337072307 )
        Viscous  : ( -0.0008842597968 -0.002367756759 -0.01767210491 )


liftDrag LD execute:
Viscous drag: 0.003024954419, pressure drag: 0.04000393411, porous drag: 0
Viscous lift: -0.0001513597613, pressure lift: -0.1914028815, porous lift: 0
Total lift: -0.1915542413, Front lift: -0.04255998268, Rear lift: -0.1489942586, Drag: 0.04302888853
Location of Center of Mass: ( 0.15305161 0.4851454642 -0.0449368109 )
Location of Center Of Pressure: ( 0.2814337553 0.4851454642 -0.01609828983 )


yPlus yPlus execute:
    patch Bottom y+ : min = 23.69705869, max = 230.9994323, average = 123.6138177
    patch Top y+ : min = 47.1429829, max = 244.293394, average = 152.3574067
    patch e423_0 y+ : min = 16.24603133, max = 660.5399064, average = 348.3600944


################################################################################

Time = 86

Outer Loop Iteration = 86
smoothSolver:  Solving for Ux, Initial residual = 0.002531884804, Final residual = 3.488167783e-05, No Iterations 2
smoothSolver:  Solving for Uz, Initial residual = 0.004583229569, Final residual = 5.517201514e-05, No Iterations 2
GAMG:  Solving for p, Initial residual = 0.002534065455, Final residual = 1.97592061e-05, No Iterations 3
GAMG:  Solving for p, Initial residual = 0.0002483794733, Final residual = 1.410088113e-06, No Iterations 3
GAMG:  Solving for p, Initial residual = 4.362186772e-05, Final residual = 2.060282127e-07, No Iterations 3
time step continuity errors (region0): sum local = 1.275368463e-08, global = 1.557866047e-10, cumulative = -1.416550237e-07
smoothSolver:  Solving for omega, Initial residual = 0.0001885166897, Final residual = 1.351286879e-05, No Iterations 1
smoothSolver:  Solving for k, Initial residual = 0.006542721707, Final residual = 0.0003508459142, No Iterations 1

ExecutionTime = 1.06 s  ExecutionStepTime = 0.02 s  ClockTime = 1 s

forces FR write:
    Sum of forces
        Total    : ( 0.5178689279 0 -2.309613159 )
        Pressure : ( 0.4814170412 0 -2.307787771 )
        Viscous  : ( 0.03645188676 0 -0.00182538751 )
    Sum of moments
        Total    : ( -1.120498348 0.6414898439 -0.2512417614 )
        Pressure : ( -1.11961277 0.6438583504 -0.2335572939 )
        Viscous  : ( -0.000885578471 -0.002368506534 -0.01768446752 )


liftDrag LD execute:
Viscous drag: 0.003027070542, pressure drag: 0.03997826926, porous drag: 0
Viscous lift: -0.0001515854803, pressure lift: -0.191645399, porous lift: 0
Total lift: -0.1917969844, Front lift: -0.04262731253, Rear lift: -0.1491696719, Drag: 0.0430053398
Location of Center of Mass: ( 0.15305161 0.4851454642 -0.0449368109 )
Location of Center Of Pressure: ( 0.2813721689 0.4851454642 -0.01616436039 )


yPlus yPlus execute:
    patch Bottom y+ : min = 19.90380411, max = 239.0292265, average = 125.5397385
    patch Top y+ : min = 46.69350013, max = 248.6531285, average = 153.7436435
    patch e423_0 y+ : min = 16.23439077, max = 660.606949, average = 348.5632775


################################################################################

Time = 87

Outer Loop Iteration = 87
smoothSolver:  Solving for Ux, Initial residual = 0.002423552696, Final residual = 3.38375936e-05, No Iterations 2
smoothSolver:  Solving for Uz, Initial residual = 0.004513886453, Final residual = 5.724008214e-05, No Iterations 2
GAMG:  Solving for p, Initial residual = 0.002475739397, Final residual = 1.906981056e-05, No Iterations 3
GAMG:  Solving for p, Initial residual = 0.0002441831719, Final residual = 1.328456429e-06, No Iterations 3
GAMG:  Solving for p, Initial residual = 4.339543884e-05, Final residual = 2.054099778e-07, No Iterations 3
time step continuity errors (region0): sum local = 1.272163719e-08, global = -4.999204686e-10, cumulative = -1.421549442e-07
smoothSolver:  Solving for omega, Initial residual = 0.0001789099744, Final residual = 1.26911378e-05, No Iterations 1
smoothSolver:  Solving for k, Initial residual = 0.006354883376, Final residual = 0.0003311881596, No Iterations 1

ExecutionTime = 1.06 s  ExecutionStepTime = 0 s  ClockTime = 1 s

forces FR write:
    Sum of forces
        Total    : ( 0.5175938382 0 -2.312334002 )
        Pressure : ( 0.4811180406 0 -2.310506047 )
        Viscous  : ( 0.03647579768 0 -0.001827955141 )
    Sum of moments
        Total    : ( -1.121818353 0.6420956679 -0.2511083029 )
        Pressure : ( -1.120931529 0.6444648688 -0.2334122351 )
        Viscous  : ( -0.0008868241457 -0.002369200933 -0.0176960678 )


liftDrag LD execute:
Viscous drag: 0.003029056175, pressure drag: 0.03995343938, porous drag: 0
Viscous lift: -0.0001517987038, pressure lift: -0.1918711325, porous lift: 0
Total lift: -0.1920229312, Front lift: -0.0426899765, Rear lift: -0.1493329547, Drag: 0.04298249556
Location of Center of Mass: ( 0.15305161 0.4851454642 -0.0449368109 )
Location of Center Of Pressure: ( 0.2813150205 0.4851454642 -0.01622627387 )


yPlus yPlus execute:
    patch Bottom y+ : min = 15.04192824, max = 247.8472524, average = 127.5318775
    patch Top y+ : min = 46.25353594, max = 253.8926092, average = 155.251222
    patch e423_0 y+ : min = 16.22322763, max = 660.6691585, average = 348.7531322


################################################################################

Time = 88

Outer Loop Iteration = 88
smoothSolver:  Solving for Ux, Initial residual = 0.002307724913, Final residual = 3.262020443e-05, No Iterations 2
smoothSolver:  Solving for Uz, Initial residual = 0.004426083333, Final residual = 5.888515481e-05, No Iterations 2
GAMG:  Solving for p, Initial residual = 0.002386285447, Final residual = 1.873109194e-05, No Iterations 3
GAMG:  Solving for p, Initial residual = 0.0002405182809, Final residual = 1.203946824e-06, No Iterations 3
GAMG:  Solving for p, Initial residual = 4.331935191e-05, Final residual = 1.969234476e-07, No Iterations 3
time step continuity errors (region0): sum local = 1.219802029e-08, global = -1.185371239e-09, cumulative = -1.433403154e-07
smoothSolver:  Solving for omega, Initial residual = 0.0001698402221, Final residual = 1.190689423e-05, No Iterations 1
smoothSolver:  Solving for k, Initial residual = 0.006166765208, Final residual = 0.0003119747989, No Iterations 1

ExecutionTime = 1.07 s  ExecutionStepTime = 0.01 s  ClockTime = 1 s

forces FR write:
    Sum of forces
        Total    : ( 0.5173363698 0 -2.314837931 )
        Pressure : ( 0.4808381536 0 -2.313007555 )
        Viscous  : ( 0.03649821621 0 -0.001830376263 )
    Sum of moments
        Total    : ( -1.123033123 0.6426532403 -0.2509833933 )
        Pressure : ( -1.122145124 0.6450230857 -0.2332764492 )
        Viscous  : ( -0.0008879987419 -0.002369845336 -0.01770694405 )


liftDrag LD execute:
Viscous drag: 0.003030917875, pressure drag: 0.03993019676, porous drag: 0
Viscous lift: -0.0001519997608, pressure lift: -0.192078865, porous lift: 0
Total lift: -0.1922308647, Front lift: -0.04274764085, Rear lift: -0.1494832239, Drag: 0.04296111463
Location of Center of Mass: ( 0.15305161 0.4851454642 -0.0449368109 )
Location of Center Of Pressure: ( 0.28126254 0.4851454642 -0.01628332452 )


yPlus yPlus execute:
    patch Bottom y+ : min = 7.487005864, max = 256.5529686, average = 129.3731708
    patch Top y+ : min = 45.83568484, max = 259.9614189, average = 156.8440093
    patch e423_0 y+ : min = 16.21225681, max = 660.7269422, average = 348.9305175


################################################################################

Time = 89

Outer Loop Iteration = 89
smoothSolver:  Solving for Ux, Initial residual = 0.002206635845, Final residual = 3.137607509e-05, No Iterations 2
smoothSolver:  Solving for Uz, Initial residual = 0.004335568143, Final residual = 6.025652987e-05, No Iterations 2
GAMG:  Solving for p, Initial residual = 0.002372315113, Final residual = 1.830959433e-05, No Iterations 3
GAMG:  Solving for p, Initial residual = 0.0002315490202, Final residual = 1.108905477e-06, No Iterations 3
GAMG:  Solving for p, Initial residual = 3.624572077e-05, Final residual = 1.79523433e-07, No Iterations 3
time step continuity errors (region0): sum local = 1.112095688e-08, global = 2.22130137e-12, cumulative = -1.433380941e-07
smoothSolver:  Solving for omega, Initial residual = 0.0001614067867, Final residual = 1.117914357e-05, No Iterations 1
smoothSolver:  Solving for k, Initial residual = 0.005978188947, Final residual = 0.0002932620165, No Iterations 1

ExecutionTime = 1.08 s  ExecutionStepTime = 0.01 s  ClockTime = 1 s

forces FR write:
    Sum of forces
        Total    : ( 0.5170885304 0 -2.3171444 )
        Pressure : ( 0.480569313 0 -2.315311746 )
        Viscous  : ( 0.03651921743 0 -0.001832654404 )
    Sum of moments
        Total    : ( -1.124152096 0.6431652175 -0.2508631551 )
        Pressure : ( -1.123262992 0.6455356622 -0.2331460224 )
        Viscous  : ( -0.0008891039715 -0.002370444768 -0.01771713269 )


liftDrag LD execute:
Viscous drag: 0.003032661877, pressure drag: 0.03990787145, porous drag: 0
Viscous lift: -0.0001521889442, pressure lift: -0.1922702117, porous lift: 0
Total lift: -0.1924224006, Front lift: -0.04280089271, Rear lift: -0.1496215079, Drag: 0.04294053333
Location of Center of Mass: ( 0.15305161 0.4851454642 -0.0449368109 )
Location of Center Of Pressure: ( 0.2812136435 0.4851454642 -0.01633647095 )


yPlus yPlus execute:
    patch Bottom y+ : min = 10.49618666, max = 264.5680118, average = 131.6929694
    patch Top y+ : min = 45.45154816, max = 266.6928818, average = 158.4467344
    patch e423_0 y+ : min = 16.20141885, max = 660.7804714, average = 349.0962711


################################################################################

Time = 90

Outer Loop Iteration = 90
smoothSolver:  Solving for Ux, Initial residual = 0.002119489314, Final residual = 3.014516676e-05, No Iterations 2
smoothSolver:  Solving for Uz, Initial residual = 0.004199493408, Final residual = 6.11096133e-05, No Iterations 2
GAMG:  Solving for p, Initial residual = 0.002297329774, Final residual = 1.740946459e-05, No Iterations 3
GAMG:  Solving for p, Initial residual = 0.000203953736, Final residual = 9.748308592e-07, No Iterations 3
GAMG:  Solving for p, Initial residual = 3.288477367e-05, Final residual = 1.598071997e-07, No Iterations 3
time step continuity errors (region0): sum local = 9.899936874e-09, global = 1.009765491e-10, cumulative = -1.432371176e-07
smoothSolver:  Solving for omega, Initial residual = 0.000153485846, Final residual = 1.046372722e-05, No Iterations 1
smoothSolver:  Solving for k, Initial residual = 0.005790221225, Final residual = 0.0002751494363, No Iterations 1

ExecutionTime = 1.09 s  ExecutionStepTime = 0 s  ClockTime = 1 s

forces FR write:
    Sum of forces
        Total    : ( 0.5168521888 0 -2.319241081 )
        Pressure : ( 0.4803132668 0 -2.31740629 )
        Viscous  : ( 0.03653892203 0 -0.001834790804 )
    Sum of moments
        Total    : ( -1.125169291 0.6436282929 -0.2507484951 )
        Pressure : ( -1.12427915 0.6459992994 -0.2330218028 )
        Viscous  : ( -0.0008901404365 -0.002371006542 -0.01772669229 )


liftDrag LD execute:
Viscous drag: 0.003034298204, pressure drag: 0.03988660863, porous drag: 0
Viscous lift: -0.0001523663571, pressure lift: -0.1924441487, porous lift: 0
Total lift: -0.1925965151, Front lift: -0.04284949482, Rear lift: -0.1497470202, Drag: 0.04292090683
Location of Center of Mass: ( 0.15305161 0.4851454642 -0.0449368109 )
Location of Center Of Pressure: ( 0.2811683404 0.4851454642 -0.01638548302 )


yPlus yPlus execute:
    patch Bottom y+ : min = 16.37339197, max = 271.2579715, average = 133.9255367
    patch Top y+ : min = 45.10997911, max = 273.7457918, average = 159.9882513
    patch e423_0 y+ : min = 16.19063001, max = 660.8299681, average = 349.251509


################################################################################

Time = 91

Outer Loop Iteration = 91
smoothSolver:  Solving for Ux, Initial residual = 0.002042851797, Final residual = 2.878582218e-05, No Iterations 2
smoothSolver:  Solving for Uz, Initial residual = 0.004051696163, Final residual = 6.158358554e-05, No Iterations 2
GAMG:  Solving for p, Initial residual = 0.002211745992, Final residual = 1.633988996e-05, No Iterations 3
GAMG:  Solving for p, Initial residual = 0.0001906027793, Final residual = 8.867428298e-07, No Iterations 3
GAMG:  Solving for p, Initial residual = 3.163695085e-05, Final residual = 1.608396815e-07, No Iterations 3
time step continuity errors (region0): sum local = 9.961719904e-09, global = 5.537328209e-10, cumulative = -1.426833848e-07
smoothSolver:  Solving for omega, Initial residual = 0.0001460887899, Final residual = 9.765023498e-06, No Iterations 1
smoothSolver:  Solving for k, Initial residual = 0.005603220458, Final residual = 0.0002576995323, No Iterations 1

ExecutionTime = 1.1 s  ExecutionStepTime = 0.01 s  ClockTime = 1 s

forces FR write:
    Sum of forces
        Total    : ( 0.5166270269 0 -2.321152245 )
        Pressure : ( 0.4800695582 0 -2.319315463 )
        Viscous  : ( 0.03655746877 0 -0.001836782219 )
    Sum of moments
        Total    : ( -1.126096484 0.6440485797 -0.2506392588 )
        Pressure : ( -1.125205377 0.6464201192 -0.2329035686 )
        Viscous  : ( -0.0008911065623 -0.002371539556 -0.01773569016 )


liftDrag LD execute:
Viscous drag: 0.003035838379, pressure drag: 0.03986637036, porous drag: 0
Viscous lift: -0.00015253173, pressure lift: -0.192602692, porous lift: 0
Total lift: -0.1927552237, Front lift: -0.04289394731, Rear lift: -0.1498612764, Drag: 0.04290220874
Location of Center of Mass: ( 0.15305161 0.4851454642 -0.0449368109 )
Location of Center Of Pressure: ( 0.2811263904 0.4851454642 -0.01643075612 )


yPlus yPlus execute:
    patch Bottom y+ : min = 20.35122785, max = 277.2876386, average = 135.8418633
    patch Top y+ : min = 44.80058593, max = 280.668881, average = 161.4208827
    patch e423_0 y+ : min = 16.17989155, max = 660.8756974, average = 349.3973817


################################################################################

Time = 92

Outer Loop Iteration = 92
smoothSolver:  Solving for Ux, Initial residual = 0.001980475178, Final residual = 2.737198023e-05, No Iterations 2
smoothSolver:  Solving for Uz, Initial residual = 0.003909605286, Final residual = 6.151139453e-05, No Iterations 2
GAMG:  Solving for p, Initial residual = 0.002160961131, Final residual = 1.509795467e-05, No Iterations 3
GAMG:  Solving for p, Initial residual = 0.0001840040135, Final residual = 8.421887079e-07, No Iterations 3
GAMG:  Solving for p, Initial residual = 3.224570677e-05, Final residual = 1.552403476e-07, No Iterations 3
time step continuity errors (region0): sum local = 9.610854285e-09, global = 4.924578675e-10, cumulative = -1.421909269e-07
smoothSolver:  Solving for omega, Initial residual = 0.0001391298572, Final residual = 9.087364429e-06, No Iterations 1
smoothSolver:  Solving for k, Initial residual = 0.005416985304, Final residual = 0.0002409351301, No Iterations 1

ExecutionTime = 1.11 s  ExecutionStepTime = 0 s  ClockTime = 1 s

forces FR write:
    Sum of forces
        Total    : ( 0.5164135916 0 -2.32290425 )
        Pressure : ( 0.4798385879 0 -2.321065596 )
        Viscous  : ( 0.03657500377 0 -0.00183865314 )
    Sum of moments
        Total    : ( -1.12694646 0.6444314257 -0.2505357116 )
        Pressure : ( -1.126054446 0.6468034699 -0.2327915145 )
        Viscous  : ( -0.000892014231 -0.002372044269 -0.01774419718 )


liftDrag LD execute:
Viscous drag: 0.003037294537, pressure drag: 0.03984718992, porous drag: 0
Viscous lift: -0.0001526870967, pressure lift: -0.1927480281, porous lift: 0
Total lift: -0.1929007152, Front lift: -0.04293490042, Rear lift: -0.1499658148, Drag: 0.04288448445
Location of Center of Mass: ( 0.15305161 0.4851454642 -0.0449368109 )
Location of Center Of Pressure: ( 0.2810870029 0.4851454642 -0.01647278053 )


yPlus yPlus execute:
    patch Bottom y+ : min = 22.88827568, max = 282.4056992, average = 137.4328085
    patch Top y+ : min = 44.52593525, max = 287.0520702, average = 162.6704195
    patch e423_0 y+ : min = 16.16921307, max = 660.9179245, average = 349.5352647


################################################################################

Time = 93

Outer Loop Iteration = 93
smoothSolver:  Solving for Ux, Initial residual = 0.001925892445, Final residual = 2.592985793e-05, No Iterations 2
smoothSolver:  Solving for Uz, Initial residual = 0.00374339093, Final residual = 6.113358852e-05, No Iterations 2
GAMG:  Solving for p, Initial residual = 0.002059393994, Final residual = 1.276113973e-05, No Iterations 3
GAMG:  Solving for p, Initial residual = 0.0001798781292, Final residual = 6.90389391e-07, No Iterations 3
GAMG:  Solving for p, Initial residual = 3.210521295e-05, Final residual = 1.530952247e-07, No Iterations 3
time step continuity errors (region0): sum local = 9.476332932e-09, global = 1.118566358e-09, cumulative = -1.410723605e-07
smoothSolver:  Solving for omega, Initial residual = 0.0001325502271, Final residual = 8.466253997e-06, No Iterations 1
smoothSolver:  Solving for k, Initial residual = 0.005231249687, Final residual = 0.000224876691, No Iterations 1

ExecutionTime = 1.12 s  ExecutionStepTime = 0 s  ClockTime = 1 s

forces FR write:
    Sum of forces
        Total    : ( 0.516213971 0 -2.324506575 )
        Pressure : ( 0.4796224225 0 -2.322666157 )
        Viscous  : ( 0.0365915485 0 -0.001840418555 )
    Sum of moments
        Total    : ( -1.127723822 0.6447825297 -0.2504388666 )
        Pressure : ( -1.126830951 0.6471550485 -0.2326866428 )
        Viscous  : ( -0.0008928707141 -0.002372518801 -0.01775222378 )


liftDrag LD execute:
Viscous drag: 0.003038668459, pressure drag: 0.03982923892, porous drag: 0
Viscous lift: -0.0001528337019, pressure lift: -0.1928809433, porous lift: 0
Total lift: -0.193033777, Front lift: -0.04297227462, Rear lift: -0.1500615024, Drag: 0.04286790738
Location of Center of Mass: ( 0.15305161 0.4851454642 -0.0449368109 )
Location of Center Of Pressure: ( 0.2810514278 0.4851454642 -0.01651129689 )


yPlus yPlus execute:
    patch Bottom y+ : min = 24.33999011, max = 286.4808193, average = 138.7059177
    patch Top y+ : min = 44.31625318, max = 292.9622088, average = 163.7104391
    patch e423_0 y+ : min = 16.15866222, max = 660.9568209, average = 349.665303


################################################################################

Time = 94

Outer Loop Iteration = 94
smoothSolver:  Solving for Ux, Initial residual = 0.001876327311, Final residual = 2.439149459e-05, No Iterations 2
smoothSolver:  Solving for Uz, Initial residual = 0.003573626298, Final residual = 6.003982407e-05, No Iterations 2
GAMG:  Solving for p, Initial residual = 0.001959183442, Final residual = 1.141847888e-05, No Iterations 3
GAMG:  Solving for p, Initial residual = 0.0001729802631, Final residual = 5.927296621e-07, No Iterations 3
GAMG:  Solving for p, Initial residual = 3.009851542e-05, Final residual = 1.369953222e-07, No Iterations 3
time step continuity errors (region0): sum local = 8.477254566e-09, global = 7.180641237e-10, cumulative = -1.403542964e-07
smoothSolver:  Solving for omega, Initial residual = 0.0001263311289, Final residual = 7.902055112e-06, No Iterations 1
smoothSolver:  Solving for k, Initial residual = 0.005046235436, Final residual = 0.0002095490888, No Iterations 1

ExecutionTime = 1.13 s  ExecutionStepTime = 0.01 s  ClockTime = 1 s

forces FR write:
    Sum of forces
        Total    : ( 0.51602507 0 -2.3259782 )
        Pressure : ( 0.4794179027 0 -2.32413611 )
        Viscous  : ( 0.03660716737 0 -0.001842090028 )
    Sum of moments
        Total    : ( -1.128437774 0.6451042555 -0.2503472221 )
        Pressure : ( -1.127544092 0.6474772196 -0.2325874209 )
        Viscous  : ( -0.0008936816216 -0.002372964028 -0.01775980121 )


liftDrag LD execute:
Viscous drag: 0.003039965495, pressure drag: 0.039812255, porous drag: 0
Viscous lift: -0.0001529725058, pressure lift: -0.1930030125, porous lift: 0
Total lift: -0.193155985, Front lift: -0.04300666157, Rear lift: -0.1501493234, Drag: 0.04285222049
Location of Center of Mass: ( 0.15305161 0.4851454642 -0.0449368109 )
Location of Center Of Pressure: ( 0.2810185034 0.4851454642 -0.01654698114 )


yPlus yPlus execute:
    patch Bottom y+ : min = 25.09964851, max = 291.0871944, average = 139.6407108
    patch Top y+ : min = 44.15539098, max = 297.9655703, average = 164.5708068
    patch e423_0 y+ : min = 16.14832604, max = 660.9927167, average = 349.788122


################################################################################

Time = 95

Outer Loop Iteration = 95
smoothSolver:  Solving for Ux, Initial residual = 0.001838624375, Final residual = 2.280302518e-05, No Iterations 2
smoothSolver:  Solving for Uz, Initial residual = 0.003377731128, Final residual = 5.824866073e-05, No Iterations 2
GAMG:  Solving for p, Initial residual = 0.001966274656, Final residual = 9.684802388e-06, No Iterations 3
GAMG:  Solving for p, Initial residual = 0.0001550958728, Final residual = 1.516475173e-06, No Iterations 2
GAMG:  Solving for p, Initial residual = 2.725525583e-05, Final residual = 1.329638166e-07, No Iterations 3
time step continuity errors (region0): sum local = 8.224324465e-09, global = 1.575177047e-10, cumulative = -1.401967787e-07
smoothSolver:  Solving for omega, Initial residual = 0.0001204908487, Final residual = 7.355231549e-06, No Iterations 1
smoothSolver:  Solving for k, Initial residual = 0.004862269452, Final residual = 0.0001949775112, No Iterations 1

ExecutionTime = 1.14 s  ExecutionStepTime = 0.01 s  ClockTime = 1 s

forces FR write:
    Sum of forces
        Total    : ( 0.5158460532 0 -2.327327699 )
        Pressure : ( 0.4792241385 0 -2.325484024 )
        Viscous  : ( 0.03662191471 0 -0.001843674739 )
    Sum of moments
        Total    : ( -1.129092477 0.6453984564 -0.2502603729 )
        Pressure : ( -1.128198026 0.647771837 -0.2324934171 )
        Viscous  : ( -0.0008944504371 -0.00237338064 -0.01776695581 )


liftDrag LD execute:
Viscous drag: 0.003041190157, pressure drag: 0.03979616426, porous drag: 0
Viscous lift: -0.0001531041048, pressure lift: -0.1931149472, porous lift: 0
Total lift: -0.1932680513, Front lift: -0.04303826342, Rear lift: -0.1502297879, Drag: 0.04283735441
Location of Center of Mass: ( 0.15305161 0.4851454642 -0.0449368109 )
Location of Center Of Pressure: ( 0.2809880216 0.4851454642 -0.0165800423 )


yPlus yPlus execute:
    patch Bottom y+ : min = 25.3851876, max = 295.24766, average = 140.3278458
    patch Top y+ : min = 44.06134024, max = 302.2211609, average = 165.2564096
    patch e423_0 y+ : min = 16.13833263, max = 661.0258619, average = 349.9042789


################################################################################

Time = 96

Outer Loop Iteration = 96
smoothSolver:  Solving for Ux, Initial residual = 0.001803723457, Final residual = 2.121360529e-05, No Iterations 2
smoothSolver:  Solving for Uz, Initial residual = 0.003195074358, Final residual = 5.562621376e-05, No Iterations 2
GAMG:  Solving for p, Initial residual = 0.001890646153, Final residual = 8.784091692e-06, No Iterations 3
GAMG:  Solving for p, Initial residual = 0.0001666712018, Final residual = 1.620278049e-06, No Iterations 2
GAMG:  Solving for p, Initial residual = 2.884890221e-05, Final residual = 1.158018759e-07, No Iterations 3
time step continuity errors (region0): sum local = 7.159635689e-09, global = 6.433955504e-10, cumulative = -1.395533831e-07
smoothSolver:  Solving for omega, Initial residual = 0.000115119999, Final residual = 6.839737747e-06, No Iterations 1
smoothSolver:  Solving for k, Initial residual = 0.004678991776, Final residual = 0.000181150922, No Iterations 1

ExecutionTime = 1.15 s  ExecutionStepTime = 0.01 s  ClockTime = 1 s

forces FR write:
    Sum of forces
        Total    : ( 0.51567924 0 -2.328553792 )
        Pressure : ( 0.4790434163 0 -2.326708611 )
        Viscous  : ( 0.03663582372 0 -0.001845181736 )
    Sum of moments
        Total    : ( -1.129687311 0.6456660191 -0.2501794443 )
        Pressure : ( -1.128792129 0.6480397871 -0.2324057406 )
        Viscous  : ( -0.0008951815499 -0.002373768006 -0.01777370371 )


liftDrag LD execute:
Viscous drag: 0.003042345202, pressure drag: 0.03978115656, porous drag: 0
Viscous lift: -0.0001532292503, pressure lift: -0.1932166404, porous lift: 0
Total lift: -0.1933698697, Front lift: -0.04306695342, Rear lift: -0.1503029162, Drag: 0.04282350176
Location of Center of Mass: ( 0.15305161 0.4851454642 -0.0449368109 )
Location of Center Of Pressure: ( 0.2809604729 0.4851454642 -0.01661023951 )


yPlus yPlus execute:
    patch Bottom y+ : min = 25.34371861, max = 298.4751825, average = 140.761952
    patch Top y+ : min = 44.00340836, max = 305.6617923, average = 165.7983289
    patch e423_0 y+ : min = 16.12881031, max = 661.0565128, average = 350.0141137


################################################################################

Time = 97

Outer Loop Iteration = 97
smoothSolver:  Solving for Ux, Initial residual = 0.001757754451, Final residual = 1.980190855e-05, No Iterations 2
smoothSolver:  Solving for Uz, Initial residual = 0.00298898024, Final residual = 5.250239822e-05, No Iterations 2
GAMG:  Solving for p, Initial residual = 0.001795135685, Final residual = 8.489272609e-06, No Iterations 3
GAMG:  Solving for p, Initial residual = 0.0001649913758, Final residual = 1.645172642e-06, No Iterations 2
GAMG:  Solving for p, Initial residual = 2.7348485e-05, Final residual = 1.105590083e-07, No Iterations 3
time step continuity errors (region0): sum local = 6.832900202e-09, global = 9.524408809e-10, cumulative = -1.386009423e-07
smoothSolver:  Solving for omega, Initial residual = 0.0001101422696, Final residual = 6.378431379e-06, No Iterations 1
smoothSolver:  Solving for k, Initial residual = 0.004496080272, Final residual = 0.0001680569774, No Iterations 1

ExecutionTime = 1.16 s  ExecutionStepTime = 0.01 s  ClockTime = 1 s

forces FR write:
    Sum of forces
        Total    : ( 0.515525161 0 -2.329666817 )
        Pressure : ( 0.4788762238 0 -2.327820198 )
        Viscous  : ( 0.03664893725 0 -0.001846619307 )
    Sum of moments
        Total    : ( -1.130227289 0.6459100838 -0.2501046935 )
        Pressure : ( -1.12933141 0.6482842099 -0.2323246279 )
        Viscous  : ( -0.0008958789807 -0.002374126108 -0.01778006568 )


liftDrag LD execute:
Viscous drag: 0.003043434188, pressure drag: 0.03976727241, porous drag: 0
Viscous lift: -0.0001533486303, pressure lift: -0.1933089498, porous lift: 0
Total lift: -0.1934622985, Front lift: -0.04309289997, Rear lift: -0.1503693985, Drag: 0.04281070659
Location of Center of Mass: ( 0.15305161 0.4851454642 -0.0449368109 )
Location of Center Of Pressure: ( 0.2809359726 0.4851454642 -0.01663765405 )


yPlus yPlus execute:
    patch Bottom y+ : min = 25.08158165, max = 300.7771893, average = 140.9743648
    patch Top y+ : min = 43.97471775, max = 308.2603524, average = 166.2279364
    patch e423_0 y+ : min = 16.11988212, max = 661.084922, average = 350.1180114


################################################################################

Time = 98

Outer Loop Iteration = 98
smoothSolver:  Solving for Ux, Initial residual = 0.001708509235, Final residual = 1.862250545e-05, No Iterations 2
smoothSolver:  Solving for Uz, Initial residual = 0.002815038691, Final residual = 4.920147932e-05, No Iterations 2
GAMG:  Solving for p, Initial residual = 0.001712579487, Final residual = 8.31259801e-06, No Iterations 3
GAMG:  Solving for p, Initial residual = 0.0001593889642, Final residual = 1.5672251e-06, No Iterations 2
GAMG:  Solving for p, Initial residual = 2.579942123e-05, Final residual = 1.094421006e-07, No Iterations 3
time step continuity errors (region0): sum local = 6.760677784e-09, global = 8.145235608e-10, cumulative = -1.377864187e-07
smoothSolver:  Solving for omega, Initial residual = 0.0001056121907, Final residual = 5.972458567e-06, No Iterations 1
smoothSolver:  Solving for k, Initial residual = 0.004313516651, Final residual = 0.0001556847921, No Iterations 1

ExecutionTime = 1.17 s  ExecutionStepTime = 0 s  ClockTime = 1 s

forces FR write:
    Sum of forces
        Total    : ( 0.5153845483 0 -2.330667945 )
        Pressure : ( 0.4787232647 0 -2.32881995 )
        Viscous  : ( 0.03666128358 0 -0.001847994597 )
    Sum of moments
        Total    : ( -1.130712982 0.6461316391 -0.2500364759 )
        Pressure : ( -1.129816436 0.6485060937 -0.2322504205 )
        Viscous  : ( -0.0008965461965 -0.002374454563 -0.01778605544 )


liftDrag LD execute:
Viscous drag: 0.003044459463, pressure drag: 0.03975457024, porous drag: 0
Viscous lift: -0.0001534628384, pressure lift: -0.1933919722, porous lift: 0
Total lift: -0.193545435, Front lift: -0.04311606966, Rear lift: -0.1504293654, Drag: 0.04279902971
Location of Center of Mass: ( 0.15305161 0.4851454642 -0.0449368109 )
Location of Center Of Pressure: ( 0.2809147851 0.4851454642 -0.01666221051 )


yPlus yPlus execute:
    patch Bottom y+ : min = 24.62394342, max = 302.2148728, average = 140.9806368
    patch Top y+ : min = 43.98216695, max = 310.1207401, average = 166.5329308
    patch e423_0 y+ : min = 16.11168643, max = 661.1113085, average = 350.2161772


################################################################################

Time = 99

Outer Loop Iteration = 99
smoothSolver:  Solving for Ux, Initial residual = 0.00166397859, Final residual = 1.758189442e-05, No Iterations 2
smoothSolver:  Solving for Uz, Initial residual = 0.002647885512, Final residual = 4.612765939e-05, No Iterations 2
GAMG:  Solving for p, Initial residual = 0.001595287455, Final residual = 7.85821347e-06, No Iterations 3
GAMG:  Solving for p, Initial residual = 0.0001504949713, Final residual = 1.467300259e-06, No Iterations 2
GAMG:  Solving for p, Initial residual = 2.351129571e-05, Final residual = 1.072249925e-07, No Iterations 3
time step continuity errors (region0): sum local = 6.618735302e-09, global = 5.589207634e-11, cumulative = -1.377305266e-07
smoothSolver:  Solving for omega, Initial residual = 0.0001014383754, Final residual = 5.628519488e-06, No Iterations 1
smoothSolver:  Solving for k, Initial residual = 0.004132087146, Final residual = 0.0001440449607, No Iterations 1

ExecutionTime = 1.18 s  ExecutionStepTime = 0.01 s  ClockTime = 1 s

forces FR write:
    Sum of forces
        Total    : ( 0.5152583658 0 -2.331556985 )
        Pressure : ( 0.4785854626 0 -2.329707674 )
        Viscous  : ( 0.03667290316 0 -0.001849311096 )
    Sum of moments
        Total    : ( -1.131144296 0.6463313822 -0.2499752591 )
        Pressure : ( -1.130247111 0.6487061368 -0.2321835664 )
        Viscous  : ( -0.00089718489 -0.002374754646 -0.01779169263 )


liftDrag LD execute:
Viscous drag: 0.003045424386, pressure drag: 0.03974312676, porous drag: 0
Viscous lift: -0.0001535721643, pressure lift: -0.1934656913, porous lift: 0
Total lift: -0.1936192635, Front lift: -0.04313639666, Rear lift: -0.1504828669, Drag: 0.04278855114
Location of Center of Mass: ( 0.15305161 0.4851454642 -0.0449368109 )
Location of Center Of Pressure: ( 0.2808972081 0.4851454642 -0.01668379611 )


yPlus yPlus execute:
    patch Bottom y+ : min = 23.97479243, max = 302.8592503, average = 140.8021776
    patch Top y+ : min = 44.01893289, max = 311.167654, average = 166.7218014
    patch e423_0 y+ : min = 16.10436447, max = 661.1358794, average = 350.3089157


################################################################################

Time = 100

Outer Loop Iteration = 100
smoothSolver:  Solving for Ux, Initial residual = 0.001620465963, Final residual = 1.669813388e-05, No Iterations 2
smoothSolver:  Solving for Uz, Initial residual = 0.002503085496, Final residual = 4.29479444e-05, No Iterations 2
GAMG:  Solving for p, Initial residual = 0.001519199603, Final residual = 7.629375597e-06, No Iterations 3
GAMG:  Solving for p, Initial residual = 0.0001403892073, Final residual = 5.124737766e-07, No Iterations 3
GAMG:  Solving for p, Initial residual = 2.122565653e-05, Final residual = 7.378565051e-08, No Iterations 3
time step continuity errors (region0): sum local = 4.549790884e-09, global = 1.865659715e-10, cumulative = -1.375439607e-07
smoothSolver:  Solving for omega, Initial residual = 9.751381241e-05, Final residual = 5.295469733e-06, No Iterations 1
smoothSolver:  Solving for k, Initial residual = 0.003952141809, Final residual = 0.0001331282974, No Iterations 1

ExecutionTime = 1.18 s  ExecutionStepTime = 0 s  ClockTime = 1 s

forces FR write:
    Sum of forces
        Total    : ( 0.5151477631 0 -2.332336986 )
        Pressure : ( 0.4784639255 0 -2.330486416 )
        Viscous  : ( 0.03668383759 0 -0.001850570115 )
    Sum of moments
        Total    : ( -1.13152271 0.6465108821 -0.2499216007 )
        Pressure : ( -1.130624914 0.6488859104 -0.2321246033 )
        Viscous  : ( -0.0008977956973 -0.002375028343 -0.01779699742 )


liftDrag LD execute:
Viscous drag: 0.003046332413, pressure drag: 0.03973303396, porous drag: 0
Viscous lift: -0.0001536767169, pressure lift: -0.1935303604, porous lift: 0
Total lift: -0.1936840371, Front lift: -0.04315387725, Rear lift: -0.1505301598, Drag: 0.04277936638
Location of Center of Mass: ( 0.15305161 0.4851454642 -0.0449368109 )
Location of Center Of Pressure: ( 0.2808835314 0.4851454642 -0.01670232816 )


yPlus yPlus execute:
    patch Bottom y+ : min = 23.15163344, max = 302.7385174, average = 140.4621893
    patch Top y+ : min = 44.07672743, max = 311.3912883, average = 166.8001799
    patch e423_0 y+ : min = 16.09804237, max = 661.1588248, average = 350.3965076


################################################################################

Time = 101

Outer Loop Iteration = 101
smoothSolver:  Solving for Ux, Initial residual = 0.001566256659, Final residual = 1.601051559e-05, No Iterations 2
smoothSolver:  Solving for Uz, Initial residual = 0.002392643753, Final residual = 3.999496088e-05, No Iterations 2
GAMG:  Solving for p, Initial residual = 0.001465540362, Final residual = 7.412948465e-06, No Iterations 3
GAMG:  Solving for p, Initial residual = 0.0001315623158, Final residual = 5.256696064e-07, No Iterations 3
GAMG:  Solving for p, Initial residual = 1.990480934e-05, Final residual = 7.461657658e-08, No Iterations 3
time step continuity errors (region0): sum local = 4.595575871e-09, global = 4.077278483e-11, cumulative = -1.375031879e-07
smoothSolver:  Solving for omega, Initial residual = 9.380203349e-05, Final residual = 4.976695216e-06, No Iterations 1
smoothSolver:  Solving for k, Initial residual = 0.003773652574, Final residual = 0.0001229061606, No Iterations 1

ExecutionTime = 1.2 s  ExecutionStepTime = 0.01 s  ClockTime = 1 s

forces FR write:
    Sum of forces
        Total    : ( 0.5150535652 0 -2.33300583 )
        Pressure : ( 0.4783594335 0 -2.331154061 )
        Viscous  : ( 0.03669413169 0 -0.001851769625 )
    Sum of moments
        Total    : ( -1.131847197 0.6466703028 -0.249875901 )
        Pressure : ( -1.130948819 0.6490455816 -0.2320739094 )
        Viscous  : ( -0.0008983776344 -0.002375278821 -0.01780199155 )


liftDrag LD execute:
Viscous drag: 0.003047187265, pressure drag: 0.03972435664, porous drag: 0
Viscous lift: -0.0001537763277, pressure lift: -0.1935858035, porous lift: 0
Total lift: -0.1937395798, Front lift: -0.04316840987, Rear lift: -0.15057117, Drag: 0.04277154391
Location of Center of Mass: ( 0.15305161 0.4851454642 -0.0449368109 )
Location of Center Of Pressure: ( 0.2808740523 0.4851454642 -0.01671767668 )


yPlus yPlus execute:
    patch Bottom y+ : min = 22.18747495, max = 301.8777157, average = 139.9876907
    patch Top y+ : min = 44.14956913, max = 310.9268398, average = 166.764292
    patch e423_0 y+ : min = 16.09282681, max = 661.1802935, average = 350.479231


################################################################################

Time = 102

Outer Loop Iteration = 102
smoothSolver:  Solving for Ux, Initial residual = 0.001503204143, Final residual = 1.541511383e-05, No Iterations 2
smoothSolver:  Solving for Uz, Initial residual = 0.002299698995, Final residual = 3.758233076e-05, No Iterations 2
GAMG:  Solving for p, Initial residual = 0.001405502517, Final residual = 7.184583952e-06, No Iterations 3
GAMG:  Solving for p, Initial residual = 0.0001219517561, Final residual = 5.222953065e-07, No Iterations 3
GAMG:  Solving for p, Initial residual = 1.783565988e-05, Final residual = 7.679893786e-08, No Iterations 3
time step continuity errors (region0): sum local = 4.724142107e-09, global = 2.202773583e-11, cumulative = -1.374811601e-07
smoothSolver:  Solving for omega, Initial residual = 9.010783304e-05, Final residual = 4.700925637e-06, No Iterations 1
smoothSolver:  Solving for k, Initial residual = 0.00359691774, Final residual = 0.0001133543778, No Iterations 1

ExecutionTime = 1.21 s  ExecutionStepTime = 0.01 s  ClockTime = 1 s

forces FR write:
    Sum of forces
        Total    : ( 0.5149767001 0 -2.333561574 )
        Pressure : ( 0.4782728771 0 -2.331708669 )
        Viscous  : ( 0.03670382301 0 -0.001852904498 )
    Sum of moments
        Total    : ( -1.132116813 0.6468098261 -0.2498386102 )
        Pressure : ( -1.131217885 0.6491853359 -0.232031917 )
        Viscous  : ( -0.0008989282128 -0.002375509806 -0.01780669325 )


liftDrag LD execute:
Viscous drag: 0.003047992061, pressure drag: 0.03971716875, porous drag: 0
Viscous lift: -0.0001538705708, pressure lift: -0.1936318598, porous lift: 0
Total lift: -0.1937857304, Front lift: -0.04317989873, Rear lift: -0.1506058317, Drag: 0.04276516081
Location of Center of Mass: ( 0.15305161 0.4851454642 -0.0449368109 )
Location of Center Of Pressure: ( 0.2808690562 0.4851454642 -0.01672971003 )


yPlus yPlus execute:
    patch Bottom y+ : min = 21.11631683, max = 300.375814, average = 139.4152848
    patch Top y+ : min = 44.23207843, max = 310.3352845, average = 166.6372157
    patch e423_0 y+ : min = 16.08880074, max = 661.2004062, average = 350.5572579


################################################################################

Time = 103

Outer Loop Iteration = 103
smoothSolver:  Solving for Ux, Initial residual = 0.001436718224, Final residual = 1.485119453e-05, No Iterations 2
smoothSolver:  Solving for Uz, Initial residual = 0.002202572249, Final residual = 3.545026241e-05, No Iterations 2
GAMG:  Solving for p, Initial residual = 0.001328444293, Final residual = 7.068205884e-06, No Iterations 3
GAMG:  Solving for p, Initial residual = 0.0001122969176, Final residual = 5.170752485e-07, No Iterations 3
GAMG:  Solving for p, Initial residual = 1.623038684e-05, Final residual = 7.493045953e-08, No Iterations 3
time step continuity errors (region0): sum local = 4.603442415e-09, global = 5.199064011e-11, cumulative = -1.374291695e-07
smoothSolver:  Solving for omega, Initial residual = 8.645205763e-05, Final residual = 4.441918687e-06, No Iterations 1
smoothSolver:  Solving for k, Initial residual = 0.003423075217, Final residual = 0.0001044727167, No Iterations 1

ExecutionTime = 1.23 s  ExecutionStepTime = 0.02 s  ClockTime = 1 s

forces FR write:
    Sum of forces
        Total    : ( 0.5149175602 0 -2.334006398 )
        Pressure : ( 0.4782046082 0 -2.332152429 )
        Viscous  : ( 0.03671295199 0 -0.001853969304 )
    Sum of moments
        Total    : ( -1.132332617 0.6469305236 -0.2498099188 )
        Pressure : ( -1.131433173 0.6493062488 -0.2319987966 )
        Viscous  : ( -0.0008994447988 -0.002375725171 -0.01781112214 )


liftDrag LD execute:
Viscous drag: 0.003048750158, pressure drag: 0.0397114995, porous drag: 0
Viscous lift: -0.0001539589955, pressure lift: -0.1936687109, porous lift: 0
Total lift: -0.1938226699, Front lift: -0.0431883454, Rear lift: -0.1506343245, Drag: 0.04276024966
Location of Center of Mass: ( 0.15305161 0.4851454642 -0.0449368109 )
Location of Center Of Pressure: ( 0.2808687321 0.4851454642 -0.01673839606 )


yPlus yPlus execute:
    patch Bottom y+ : min = 19.96117181, max = 298.3823072, average = 138.7762294
    patch Top y+ : min = 44.32581331, max = 309.4426795, average = 166.4076173
    patch e423_0 y+ : min = 16.08602125, max = 661.2192578, average = 350.6308284


################################################################################

Time = 104

Outer Loop Iteration = 104
smoothSolver:  Solving for Ux, Initial residual = 0.001369668265, Final residual = 1.434382979e-05, No Iterations 2
smoothSolver:  Solving for Uz, Initial residual = 0.002105102376, Final residual = 3.343912527e-05, No Iterations 2
GAMG:  Solving for p, Initial residual = 0.001243172576, Final residual = 6.920721302e-06, No Iterations 3
GAMG:  Solving for p, Initial residual = 0.0001099001336, Final residual = 5.170875275e-07, No Iterations 3
GAMG:  Solving for p, Initial residual = 1.61092461e-05, Final residual = 7.525750854e-08, No Iterations 3
time step continuity errors (region0): sum local = 4.617872578e-09, global = -9.392402598e-12, cumulative = -1.374385619e-07
smoothSolver:  Solving for omega, Initial residual = 8.287284155e-05, Final residual = 4.191133378e-06, No Iterations 1
smoothSolver:  Solving for k, Initial residual = 0.003252565951, Final residual = 9.623519279e-05, No Iterations 1

ExecutionTime = 1.24 s  ExecutionStepTime = 0.01 s  ClockTime = 1 s

forces FR write:
    Sum of forces
        Total    : ( 0.5148760322 0 -2.334344287 )
        Pressure : ( 0.4781544822 0 -2.332489328 )
        Viscous  : ( 0.03672154999 0 -0.001854959589 )
    Sum of moments
        Total    : ( -1.132496543 0.6470337594 -0.2497897717 )
        Pressure : ( -1.131596618 0.6494096875 -0.2319744782 )
        Viscous  : ( -0.0008999252308 -0.002375928092 -0.01781529342 )


liftDrag LD execute:
Viscous drag: 0.00304946416, pressure drag: 0.03970733689, porous drag: 0
Viscous lift: -0.0001540412316, pressure lift: -0.193696688, porous lift: 0
Total lift: -0.1938507292, Front lift: -0.04319380206, Rear lift: -0.1506569271, Drag: 0.04275680105
Location of Center of Mass: ( 0.15305161 0.4851454642 -0.0449368109 )
Location of Center Of Pressure: ( 0.2808731891 0.4851454642 -0.01674376849 )


yPlus yPlus execute:
    patch Bottom y+ : min = 18.72638984, max = 296.1058247, average = 138.1008516
    patch Top y+ : min = 44.42258967, max = 308.2017281, average = 166.0770824
    patch e423_0 y+ : min = 16.08440541, max = 661.2369098, average = 350.7001271


################################################################################

Time = 105

Outer Loop Iteration = 105
smoothSolver:  Solving for Ux, Initial residual = 0.001303078948, Final residual = 1.39020331e-05, No Iterations 2
smoothSolver:  Solving for Uz, Initial residual = 0.002006559056, Final residual = 3.161032984e-05, No Iterations 2
GAMG:  Solving for p, Initial residual = 0.00115915771, Final residual = 6.720731028e-06, No Iterations 3
GAMG:  Solving for p, Initial residual = 0.0001043219335, Final residual = 5.045157405e-07, No Iterations 3
GAMG:  Solving for p, Initial residual = 1.545070084e-05, Final residual = 7.25872107e-08, No Iterations 3
time step continuity errors (region0): sum local = 4.44894271e-09, global = -3.746853149e-11, cumulative = -1.374760304e-07
smoothSolver:  Solving for omega, Initial residual = 7.93675656e-05, Final residual = 3.978113088e-06, No Iterations 1
smoothSolver:  Solving for k, Initial residual = 0.003085347706, Final residual = 8.859927146e-05, No Iterations 1

ExecutionTime = 1.26 s  ExecutionStepTime = 0.02 s  ClockTime = 1 s

forces FR write:
    Sum of forces
        Total    : ( 0.5148563246 0 -2.334564236 )
        Pressure : ( 0.4781266626 0 -2.332708369 )
        Viscous  : ( 0.03672966195 0 -0.001855866672 )
    Sum of moments
        Total    : ( -1.13260325 0.6471181392 -0.2497802106 )
        Pressure : ( -1.131702885 0.6494942628 -0.2319609817 )
        Viscous  : ( -0.0009003652979 -0.00237612352 -0.0178192289 )


liftDrag LD execute:
Viscous drag: 0.003050137801, pressure drag: 0.03970502667, porous drag: 0
Viscous lift: -0.0001541165584, pressure lift: -0.1937148778, porous lift: 0
Total lift: -0.1938689943, Front lift: -0.04319592749, Rear lift: -0.1506730669, Drag: 0.04275516447
Location of Center of Mass: ( 0.15305161 0.4851454642 -0.0449368109 )
Location of Center Of Pressure: ( 0.2808830724 0.4851454642 -0.01674532407 )


yPlus yPlus execute:
    patch Bottom y+ : min = 17.41432122, max = 293.8437599, average = 137.4207657
    patch Top y+ : min = 44.51910035, max = 306.6243739, average = 165.6617618
    patch e423_0 y+ : min = 16.08397135, max = 661.2533992, average = 350.7653197


################################################################################

Time = 106

Outer Loop Iteration = 106
smoothSolver:  Solving for Ux, Initial residual = 0.001238748323, Final residual = 1.346795286e-05, No Iterations 2
smoothSolver:  Solving for Uz, Initial residual = 0.001914765207, Final residual = 3.006022576e-05, No Iterations 2
GAMG:  Solving for p, Initial residual = 0.001089475369, Final residual = 6.517429648e-06, No Iterations 3
GAMG:  Solving for p, Initial residual = 0.0001008807624, Final residual = 4.894358074e-07, No Iterations 3
GAMG:  Solving for p, Initial residual = 1.462170931e-05, Final residual = 7.07937912e-08, No Iterations 3
time step continuity errors (region0): sum local = 4.334221142e-09, global = -3.804279679e-11, cumulative = -1.375140732e-07
smoothSolver:  Solving for omega, Initial residual = 7.589766619e-05, Final residual = 3.774483064e-06, No Iterations 1
smoothSolver:  Solving for k, Initial residual = 0.002921519482, Final residual = 8.152542219e-05, No Iterations 1

ExecutionTime = 1.26 s  ExecutionStepTime = 0 s  ClockTime = 1 s

forces FR write:
    Sum of forces
        Total    : ( 0.5148573875 0 -2.334695383 )
        Pressure : ( 0.4781200979 0 -2.332838696 )
        Viscous  : ( 0.03673728963 0 -0.001856686957 )
    Sum of moments
        Total    : ( -1.132666876 0.6471913196 -0.2497807263 )
        Pressure : ( -1.131766112 0.6495676323 -0.2319577968 )
        Viscous  : ( -0.0009007632557 -0.00237631271 -0.01782292943 )


liftDrag LD execute:
Viscous drag: 0.003050771226, pressure drag: 0.03970448152, porous drag: 0
Viscous lift: -0.0001541846772, pressure lift: -0.1937257005, porous lift: 0
Total lift: -0.1938798852, Front lift: -0.04319529581, Rear lift: -0.1506845894, Drag: 0.04275525274
Location of Center of Mass: ( 0.15305161 0.4851454642 -0.0449368109 )
Location of Center Of Pressure: ( 0.2808982451 0.4851454642 -0.01674350352 )


yPlus yPlus execute:
    patch Bottom y+ : min = 16.03147961, max = 291.6289929, average = 136.7473509
    patch Top y+ : min = 44.61425271, max = 304.7761914, average = 165.1885404
    patch e423_0 y+ : min = 16.08477272, max = 661.2687687, average = 350.8263938


################################################################################

Time = 107

Outer Loop Iteration = 107
smoothSolver:  Solving for Ux, Initial residual = 0.00117750306, Final residual = 1.30198788e-05, No Iterations 2
smoothSolver:  Solving for Uz, Initial residual = 0.001822427222, Final residual = 2.867146872e-05, No Iterations 2
GAMG:  Solving for p, Initial residual = 0.001031565603, Final residual = 6.331653723e-06, No Iterations 3
GAMG:  Solving for p, Initial residual = 9.582190436e-05, Final residual = 4.863415009e-07, No Iterations 3
GAMG:  Solving for p, Initial residual = 1.397820924e-05, Final residual = 7.025532182e-08, No Iterations 3
time step continuity errors (region0): sum local = 4.296613735e-09, global = -2.330341758e-11, cumulative = -1.375373766e-07
smoothSolver:  Solving for omega, Initial residual = 7.250362762e-05, Final residual = 3.585351779e-06, No Iterations 1
smoothSolver:  Solving for k, Initial residual = 0.002762002095, Final residual = 7.499985933e-05, No Iterations 1

ExecutionTime = 1.27 s  ExecutionStepTime = 0.01 s  ClockTime = 1 s

forces FR write:
    Sum of forces
        Total    : ( 0.5148757609 0 -2.33473905 )
        Pressure : ( 0.4781313555 0 -2.332881634 )
        Viscous  : ( 0.0367444054 0 -0.001857415681 )
    Sum of moments
        Total    : ( -1.13268806 0.6472522456 -0.24978964 )
        Pressure : ( -1.131786943 0.6496287417 -0.2319632584 )
        Viscous  : ( -0.000901116793 -0.002376496066 -0.01782638162 )


liftDrag LD execute:
Viscous drag: 0.00305136214, pressure drag: 0.03970541638, porous drag: 0
Viscous lift: -0.0001542451926, pressure lift: -0.1937292662, porous lift: 0
Total lift: -0.1938835114, Front lift: -0.04319204943, Rear lift: -0.150691462, Drag: 0.04275677852
Location of Center of Mass: ( 0.15305161 0.4851454642 -0.0449368109 )
Location of Center Of Pressure: ( 0.2809181453 0.4851454642 -0.01673863617 )


yPlus yPlus execute:
    patch Bottom y+ : min = 14.58542863, max = 289.5033551, average = 136.0858269
    patch Top y+ : min = 44.70507126, max = 302.7562952, average = 164.6828113
    patch e423_0 y+ : min = 16.08680844, max = 661.2829931, average = 350.883276


################################################################################

Time = 108

Outer Loop Iteration = 108
smoothSolver:  Solving for Ux, Initial residual = 0.001118786146, Final residual = 1.252957101e-05, No Iterations 2
smoothSolver:  Solving for Uz, Initial residual = 0.001729409403, Final residual = 2.749528632e-05, No Iterations 2
GAMG:  Solving for p, Initial residual = 0.0009767286764, Final residual = 5.985354955e-06, No Iterations 3
GAMG:  Solving for p, Initial residual = 9.377204251e-05, Final residual = 4.447805883e-07, No Iterations 3
GAMG:  Solving for p, Initial residual = 1.329433859e-05, Final residual = 6.35316163e-08, No Iterations 3
time step continuity errors (region0): sum local = 3.881493884e-09, global = 1.040717111e-10, cumulative = -1.374333049e-07
smoothSolver:  Solving for omega, Initial residual = 6.920167015e-05, Final residual = 3.424081253e-06, No Iterations 1
smoothSolver:  Solving for k, Initial residual = 0.002607407619, Final residual = 6.899732614e-05, No Iterations 1

ExecutionTime = 1.29 s  ExecutionStepTime = 0.02 s  ClockTime = 1 s

forces FR write:
    Sum of forces
        Total    : ( 0.5149123368 0 -2.334680605 )
        Pressure : ( 0.4781613073 0 -2.332822557 )
        Viscous  : ( 0.03675102955 0 -0.00185804812 )
    Sum of moments
        Total    : ( -1.132659706 0.6472967147 -0.2498073847 )
        Pressure : ( -1.131758282 0.6496733907 -0.2319777894 )
        Viscous  : ( -0.0009014236177 -0.002376676001 -0.01782959529 )


liftDrag LD execute:
Viscous drag: 0.003051912229, pressure drag: 0.03970790367, porous drag: 0
Viscous lift: -0.0001542977122, pressure lift: -0.1937243603, porous lift: 0
Total lift: -0.193878658, Front lift: -0.04318592988, Rear lift: -0.1506927281, Drag: 0.0427598159
Location of Center of Mass: ( 0.15305161 0.4851454642 -0.0449368109 )
Location of Center Of Pressure: ( 0.2809426954 0.4851454642 -0.01673051257 )


yPlus yPlus execute:
    patch Bottom y+ : min = 13.08002106, max = 287.558797, average = 135.4438792
    patch Top y+ : min = 44.78920039, max = 300.6556842, average = 164.1613146
    patch e423_0 y+ : min = 16.09004548, max = 661.2960569, average = 350.9360909


################################################################################

Time = 109

Outer Loop Iteration = 109
smoothSolver:  Solving for Ux, Initial residual = 0.001063748689, Final residual = 1.20572614e-05, No Iterations 2
smoothSolver:  Solving for Uz, Initial residual = 0.001633064541, Final residual = 2.635460216e-05, No Iterations 2
GAMG:  Solving for p, Initial residual = 0.0009467281227, Final residual = 5.667115251e-06, No Iterations 3
GAMG:  Solving for p, Initial residual = 9.154036711e-05, Final residual = 4.486029468e-07, No Iterations 3
GAMG:  Solving for p, Initial residual = 1.36416524e-05, Final residual = 6.572186458e-08, No Iterations 3
time step continuity errors (region0): sum local = 4.011320773e-09, global = 5.47425002e-11, cumulative = -1.373785624e-07
smoothSolver:  Solving for omega, Initial residual = 6.593994185e-05, Final residual = 3.290229302e-06, No Iterations 1
smoothSolver:  Solving for k, Initial residual = 0.002457902959, Final residual = 6.348243047e-05, No Iterations 1

ExecutionTime = 1.3 s  ExecutionStepTime = 0.01 s  ClockTime = 1 s

forces FR write:
    Sum of forces
        Total    : ( 0.5149665447 0 -2.334526634 )
        Pressure : ( 0.4782093789 0 -2.332668051 )
        Viscous  : ( 0.03675716577 0 -0.001858582904 )
    Sum of moments
        Total    : ( -1.132585007 0.647325928 -0.2498336834 )
        Pressure : ( -1.131683324 0.6497027811 -0.2320011111 )
        Viscous  : ( -0.0009016830656 -0.002376853017 -0.01783257225 )


liftDrag LD execute:
Viscous drag: 0.003052421799, pressure drag: 0.03971189568, porous drag: 0
Viscous lift: -0.0001543421221, pressure lift: -0.1937115296, porous lift: 0
Total lift: -0.1938658717, Front lift: -0.0431771108, Rear lift: -0.1506887609, Drag: 0.04276431748
Location of Center of Mass: ( 0.15305161 0.4851454642 -0.0449368109 )
Location of Center Of Pressure: ( 0.2809716523 0.4851454642 -0.01671929508 )


yPlus yPlus execute:
    patch Bottom y+ : min = 11.52389143, max = 285.672229, average = 134.821741
    patch Top y+ : min = 44.86456184, max = 298.5716462, average = 163.6400231
    patch e423_0 y+ : min = 16.09440638, max = 661.307951, average = 350.9848815


################################################################################

Time = 110

Outer Loop Iteration = 110
smoothSolver:  Solving for Ux, Initial residual = 0.001011898496, Final residual = 1.157743689e-05, No Iterations 2
smoothSolver:  Solving for Uz, Initial residual = 0.001541988038, Final residual = 2.52378513e-05, No Iterations 2
GAMG:  Solving for p, Initial residual = 0.0008946259096, Final residual = 5.272485144e-06, No Iterations 3
GAMG:  Solving for p, Initial residual = 8.757260467e-05, Final residual = 4.173009582e-07, No Iterations 3
GAMG:  Solving for p, Initial residual = 1.337236358e-05, Final residual = 6.454028036e-08, No Iterations 3
time step continuity errors (region0): sum local = 3.935911658e-09, global = 8.79305405e-11, cumulative = -1.372906319e-07
smoothSolver:  Solving for omega, Initial residual = 6.278777571e-05, Final residual = 3.15614064e-06, No Iterations 1
smoothSolver:  Solving for k, Initial residual = 0.002313325276, Final residual = 5.841126299e-05, No Iterations 1

ExecutionTime = 1.31 s  ExecutionStepTime = 0.01 s  ClockTime = 1 s

forces FR write:
    Sum of forces
        Total    : ( 0.5150373614 0 -2.334284821 )
        Pressure : ( 0.4782745469 0 -2.332425801 )
        Viscous  : ( 0.03676281451 0 -0.00185902035 )
    Sum of moments
        Total    : ( -1.132467693 0.6473411793 -0.2498680398 )
        Pressure : ( -1.131565798 0.6497182064 -0.2320327271 )
        Viscous  : ( -0.0009018952907 -0.002377027163 -0.01783531271 )


liftDrag LD execute:
Viscous drag: 0.003052890886, pressure drag: 0.03971730741, porous drag: 0
Viscous lift: -0.000154378449, pressure lift: -0.1936914125, porous lift: 0
Total lift: -0.193845791, Front lift: -0.0431658039, Rear lift: -0.1506799871, Drag: 0.0427701983
Location of Center of Mass: ( 0.15305161 0.4851454642 -0.0449368109 )
Location of Center Of Pressure: ( 0.2810046899 0.4851454642 -0.01670520178 )


yPlus yPlus execute:
    patch Bottom y+ : min = 9.908930769, max = 283.7021109, average = 134.2353636
    patch Top y+ : min = 44.93246627, max = 296.5837917, average = 163.1289666
    patch e423_0 y+ : min = 16.09978159, max = 661.318647, average = 351.0296132


################################################################################

Time = 111

Outer Loop Iteration = 111
smoothSolver:  Solving for Ux, Initial residual = 0.0009633932649, Final residual = 1.109705266e-05, No Iterations 2
smoothSolver:  Solving for Uz, Initial residual = 0.001452412503, Final residual = 2.406401379e-05, No Iterations 2
GAMG:  Solving for p, Initial residual = 0.0008574230364, Final residual = 4.874516874e-06, No Iterations 3
GAMG:  Solving for p, Initial residual = 8.243283377e-05, Final residual = 3.959759223e-07, No Iterations 3
GAMG:  Solving for p, Initial residual = 1.276186895e-05, Final residual = 6.354844769e-08, No Iterations 3
time step continuity errors (region0): sum local = 3.87255503e-09, global = 1.564557886e-10, cumulative = -1.371341761e-07
smoothSolver:  Solving for omega, Initial residual = 5.975369769e-05, Final residual = 3.027153556e-06, No Iterations 1
smoothSolver:  Solving for k, Initial residual = 0.002173781153, Final residual = 5.37495834e-05, No Iterations 1

ExecutionTime = 1.32 s  ExecutionStepTime = 0 s  ClockTime = 1 s

forces FR write:
    Sum of forces
        Total    : ( 0.5151237349 0 -2.333958876 )
        Pressure : ( 0.4783557547 0 -2.332099514 )
        Viscous  : ( 0.0367679802 0 -0.001859362648 )
    Sum of moments
        Total    : ( -1.132309562 0.6473427269 -0.2499099435 )
        Pressure : ( -1.131407501 0.6497199251 -0.2320721247 )
        Viscous  : ( -0.000902061355 -0.002377198221 -0.01783781882 )


liftDrag LD execute:
Viscous drag: 0.00305331986, pressure drag: 0.03972405114, porous drag: 0
Viscous lift: -0.0001544068744, pressure lift: -0.1936643167, porous lift: 0
Total lift: -0.1938187235, Front lift: -0.04315214167, Rear lift: -0.1506665819, Drag: 0.042777371
Location of Center of Mass: ( 0.15305161 0.4851454642 -0.0449368109 )
Location of Center Of Pressure: ( 0.2810415058 0.4851454642 -0.01668839838 )


yPlus yPlus execute:
    patch Bottom y+ : min = 8.188426191, max = 281.8385305, average = 133.6992966
    patch Top y+ : min = 44.99166105, max = 294.7357587, average = 162.6346099
    patch e423_0 y+ : min = 16.10582502, max = 661.3281207, average = 351.0703118


################################################################################

Time = 112

Outer Loop Iteration = 112
smoothSolver:  Solving for Ux, Initial residual = 0.0009173825807, Final residual = 1.060470116e-05, No Iterations 2
smoothSolver:  Solving for Uz, Initial residual = 0.001366843812, Final residual = 2.288661367e-05, No Iterations 2
GAMG:  Solving for p, Initial residual = 0.0008178033663, Final residual = 4.526452194e-06, No Iterations 3
GAMG:  Solving for p, Initial residual = 7.717886692e-05, Final residual = 3.587365542e-07, No Iterations 3
GAMG:  Solving for p, Initial residual = 1.202583796e-05, Final residual = 5.65573693e-08, No Iterations 3
time step continuity errors (region0): sum local = 3.444182132e-09, global = 2.329795376e-10, cumulative = -1.369011966e-07
smoothSolver:  Solving for omega, Initial residual = 5.679140057e-05, Final residual = 2.898536518e-06, No Iterations 1
smoothSolver:  Solving for k, Initial residual = 0.002039516256, Final residual = 4.946752716e-05, No Iterations 1

ExecutionTime = 1.34 s  ExecutionStepTime = 0.02 s  ClockTime = 1 s

forces FR write:
    Sum of forces
        Total    : ( 0.515223461 0 -2.333558008 )
        Pressure : ( 0.4784507963 0 -2.331698397 )
        Viscous  : ( 0.03677266464 0 -0.001859610856 )
    Sum of moments
        Total    : ( -1.132115083 0.6473318873 -0.2499583251 )
        Pressure : ( -1.131212901 0.6497092533 -0.2321182337 )
        Viscous  : ( -0.000902181772 -0.002377366035 -0.01784009146 )


liftDrag LD execute:
Viscous drag: 0.00305370887, pressure drag: 0.03973194368, porous drag: 0
Viscous lift: -0.0001544274863, pressure lift: -0.1936310068, porous lift: 0
Total lift: -0.1937854343, Front lift: -0.04313639719, Rear lift: -0.1506490371, Drag: 0.04278565255
Location of Center of Mass: ( 0.15305161 0.4851454642 -0.0449368109 )
Location of Center Of Pressure: ( 0.2810816179 0.4851454642 -0.01666921971 )


yPlus yPlus execute:
    patch Bottom y+ : min = 6.265663601, max = 280.1874161, average = 133.207821
    patch Top y+ : min = 45.04320723, max = 293.0476211, average = 162.1643473
    patch e423_0 y+ : min = 16.11246869, max = 661.3363326, average = 351.1069634


################################################################################

Time = 113

Outer Loop Iteration = 113
smoothSolver:  Solving for Ux, Initial residual = 0.00087388887, Final residual = 1.012557788e-05, No Iterations 2
smoothSolver:  Solving for Uz, Initial residual = 0.00128581286, Final residual = 2.172163776e-05, No Iterations 2
GAMG:  Solving for p, Initial residual = 0.000806172136, Final residual = 4.234666913e-06, No Iterations 3
GAMG:  Solving for p, Initial residual = 7.32983626e-05, Final residual = 3.312617259e-07, No Iterations 3
GAMG:  Solving for p, Initial residual = 1.139646321e-05, Final residual = 5.062803757e-08, No Iterations 3
time step continuity errors (region0): sum local = 3.081001221e-09, global = 2.98287601e-10, cumulative = -1.36602909e-07
smoothSolver:  Solving for omega, Initial residual = 5.392194878e-05, Final residual = 2.771784546e-06, No Iterations 1
smoothSolver:  Solving for k, Initial residual = 0.001910706952, Final residual = 4.553722932e-05, No Iterations 1

ExecutionTime = 1.35 s  ExecutionStepTime = 0.01 s  ClockTime = 1 s

forces FR write:
    Sum of forces
        Total    : ( 0.5153347208 0 -2.333090375 )
        Pressure : ( 0.4785578476 0 -2.331230608 )
        Viscous  : ( 0.03677687319 0 -0.001859767573 )
    Sum of moments
        Total    : ( -1.131888213 0.6473095453 -0.2500123023 )
        Pressure : ( -1.130985955 0.6496870758 -0.2321701691 )
        Viscous  : ( -0.0009022578027 -0.00237753056 -0.01784213322 )


liftDrag LD execute:
Viscous drag: 0.00305405836, pressure drag: 0.03974083352, porous drag: 0
Viscous lift: -0.0001544405006, pressure lift: -0.1935921602, porous lift: 0
Total lift: -0.1937466007, Front lift: -0.04311883574, Rear lift: -0.1506277649, Drag: 0.04279489188
Location of Center of Mass: ( 0.15305161 0.4851454642 -0.0449368109 )
Location of Center Of Pressure: ( 0.2811244838 0.4851454642 -0.01664798018 )


yPlus yPlus execute:
    patch Bottom y+ : min = 0.3895325418, max = 278.7571116, average = 132.5471519
    patch Top y+ : min = 45.0870332, max = 291.5500144, average = 161.726288
    patch e423_0 y+ : min = 16.11957772, max = 661.3432808, average = 351.1395908


################################################################################

Time = 114

Outer Loop Iteration = 114
smoothSolver:  Solving for Ux, Initial residual = 0.0008341696795, Final residual = 9.645359655e-06, No Iterations 2
smoothSolver:  Solving for Uz, Initial residual = 0.001204794967, Final residual = 2.054590275e-05, No Iterations 2
GAMG:  Solving for p, Initial residual = 0.0007888635232, Final residual = 4.031133143e-06, No Iterations 3
GAMG:  Solving for p, Initial residual = 7.103605563e-05, Final residual = 3.221082313e-07, No Iterations 3
GAMG:  Solving for p, Initial residual = 1.113787703e-05, Final residual = 4.978880993e-08, No Iterations 3
time step continuity errors (region0): sum local = 3.027864666e-09, global = 2.695320984e-10, cumulative = -1.363333769e-07
smoothSolver:  Solving for omega, Initial residual = 5.116865071e-05, Final residual = 2.647781508e-06, No Iterations 1
smoothSolver:  Solving for k, Initial residual = 0.001787359943, Final residual = 4.192950019e-05, No Iterations 1

ExecutionTime = 1.36 s  ExecutionStepTime = 0.01 s  ClockTime = 1 s

forces FR write:
    Sum of forces
        Total    : ( 0.5154556944 0 -2.332562742 )
        Pressure : ( 0.4786750779 0 -2.330702906 )
        Viscous  : ( 0.03678061651 0 -0.001859835635 )
    Sum of moments
        Total    : ( -1.131632234 0.6472763116 -0.2500709922 )
        Pressure : ( -1.130729943 0.6496540036 -0.2322270429 )
        Viscous  : ( -0.0009022908224 -0.002377691955 -0.01784394927 )


liftDrag LD execute:
Viscous drag: 0.003054369216, pressure drag: 0.03975056867, porous drag: 0
Viscous lift: -0.0001544461526, pressure lift: -0.1935483383, porous lift: 0
Total lift: -0.1937027845, Front lift: -0.04309968746, Rear lift: -0.150603097, Drag: 0.04280493789
Location of Center of Mass: ( 0.15305161 0.4851454642 -0.0449368109 )
Location of Center Of Pressure: ( 0.2811696055 0.4851454642 -0.01662496781 )


yPlus yPlus execute:
    patch Bottom y+ : min = 6.959062689, max = 277.5321134, average = 132.6254159
    patch Top y+ : min = 45.1253555, max = 290.259844, average = 161.3214569
    patch e423_0 y+ : min = 16.12703207, max = 661.3489537, average = 351.1682442


################################################################################

Time = 115

Outer Loop Iteration = 115
smoothSolver:  Solving for Ux, Initial residual = 0.0007952184666, Final residual = 9.174073168e-06, No Iterations 2
smoothSolver:  Solving for Uz, Initial residual = 0.001131802966, Final residual = 1.939836867e-05, No Iterations 2
GAMG:  Solving for p, Initial residual = 0.0007675669449, Final residual = 3.888869518e-06, No Iterations 3
GAMG:  Solving for p, Initial residual = 6.905315598e-05, Final residual = 3.112188289e-07, No Iterations 3
GAMG:  Solving for p, Initial residual = 1.087937642e-05, Final residual = 4.790050131e-08, No Iterations 3
time step continuity errors (region0): sum local = 2.911076864e-09, global = 2.367055629e-10, cumulative = -1.360966713e-07
smoothSolver:  Solving for omega, Initial residual = 4.850417029e-05, Final residual = 2.526160526e-06, No Iterations 1
smoothSolver:  Solving for k, Initial residual = 0.00166947745, Final residual = 3.861665137e-05, No Iterations 1

ExecutionTime = 1.38 s  ExecutionStepTime = 0.02 s  ClockTime = 1 s

forces FR write:
    Sum of forces
        Total    : ( 0.5155844975 0 -2.331982901 )
        Pressure : ( 0.4788005896 0 -2.330123083 )
        Viscous  : ( 0.03678390798 0 -0.00185981822 )
    Sum of moments
        Total    : ( -1.131350927 0.6472330378 -0.2501334804 )
        Pressure : ( -1.130448645 0.6496108883 -0.2322879343 )
        Viscous  : ( -0.0009022823737 -0.002377850485 -0.01784554611 )


liftDrag LD execute:
Viscous drag: 0.003054642549, pressure drag: 0.03976099152, porous drag: 0
Viscous lift: -0.0001544447064, pressure lift: -0.1935001881, porous lift: 0
Total lift: -0.1936546328, Front lift: -0.0430792052, Rear lift: -0.1505754276, Drag: 0.04281563407
Location of Center of Mass: ( 0.15305161 0.4851454642 -0.0449368109 )
Location of Center Of Pressure: ( 0.2812164675 0.4851454642 -0.01660049093 )


yPlus yPlus execute:
    patch Bottom y+ : min = 9.840758157, max = 276.4801357, average = 132.5401604
    patch Top y+ : min = 45.15937094, max = 289.1582204, average = 160.9470546
    patch e423_0 y+ : min = 16.13470032, max = 661.3533563, average = 351.193002


################################################################################

Time = 116

Outer Loop Iteration = 116
smoothSolver:  Solving for Ux, Initial residual = 0.0007579760615, Final residual = 8.714827444e-06, No Iterations 2
smoothSolver:  Solving for Uz, Initial residual = 0.001065039114, Final residual = 1.824927064e-05, No Iterations 2
GAMG:  Solving for p, Initial residual = 0.0007509999932, Final residual = 3.758889457e-06, No Iterations 3
GAMG:  Solving for p, Initial residual = 6.550425108e-05, Final residual = 2.979499631e-07, No Iterations 3
GAMG:  Solving for p, Initial residual = 1.01728045e-05, Final residual = 4.624704861e-08, No Iterations 3
time step continuity errors (region0): sum local = 2.808779506e-09, global = 2.335685958e-10, cumulative = -1.358631027e-07
smoothSolver:  Solving for omega, Initial residual = 4.5916815e-05, Final residual = 2.408156569e-06, No Iterations 1
smoothSolver:  Solving for k, Initial residual = 0.00155705788, Final residual = 3.557378949e-05, No Iterations 1

ExecutionTime = 1.38 s  ExecutionStepTime = 0 s  ClockTime = 1 s

forces FR write:
    Sum of forces
        Total    : ( 0.5157197402 0 -2.331355698 )
        Pressure : ( 0.478932973 0 -2.329495979 )
        Viscous  : ( 0.03678676715 0 -0.001859718498 )
    Sum of moments
        Total    : ( -1.131046642 0.6471798684 -0.2501990927 )
        Pressure : ( -1.130144408 0.6495578752 -0.2323521595 )
        Viscous  : ( -0.0009022339941 -0.002378006803 -0.01784693323 )


liftDrag LD execute:
Viscous drag: 0.003054879983, pressure drag: 0.03977198503, porous drag: 0
Viscous lift: -0.0001544364252, pressure lift: -0.1934481116, porous lift: 0
Total lift: -0.193602548, Front lift: -0.04305757816, Rear lift: -0.1505449699, Drag: 0.04282686501
Location of Center of Mass: ( 0.15305161 0.4851454642 -0.0449368109 )
Location of Center Of Pressure: ( 0.2812645937 0.4851454642 -0.01657478673 )


yPlus yPlus execute:
    patch Bottom y+ : min = 11.88825752, max = 275.5633198, average = 132.442685
    patch Top y+ : min = 45.18949664, max = 288.216667, average = 160.6014717
    patch e423_0 y+ : min = 16.14246266, max = 661.3565073, average = 351.2139978


################################################################################

Time = 117

Outer Loop Iteration = 117
smoothSolver:  Solving for Ux, Initial residual = 0.0007228110837, Final residual = 8.27937237e-06, No Iterations 2
smoothSolver:  Solving for Uz, Initial residual = 0.00100444786, Final residual = 1.715790969e-05, No Iterations 2
GAMG:  Solving for p, Initial residual = 0.0007360642964, Final residual = 3.676490209e-06, No Iterations 3
GAMG:  Solving for p, Initial residual = 6.311380706e-05, Final residual = 2.893980103e-07, No Iterations 3
GAMG:  Solving for p, Initial residual = 9.874536115e-06, Final residual = 4.448117211e-08, No Iterations 3
time step continuity errors (region0): sum local = 2.699839625e-09, global = 2.161794331e-10, cumulative = -1.356469233e-07
smoothSolver:  Solving for omega, Initial residual = 4.340944697e-05, Final residual = 2.290086619e-06, No Iterations 1
smoothSolver:  Solving for k, Initial residual = 0.001450080472, Final residual = 3.277774797e-05, No Iterations 1

ExecutionTime = 1.39 s  ExecutionStepTime = 0 s  ClockTime = 1 s

forces FR write:
    Sum of forces
        Total    : ( 0.5158588849 0 -2.330695921 )
        Pressure : ( 0.4790696766 0 -2.32883638 )
        Viscous  : ( 0.0367892083 0 -0.001859541569 )
    Sum of moments
        Total    : ( -1.130726555 0.6471193555 -0.2502665982 )
        Pressure : ( -1.129824406 0.6494975162 -0.2324184807 )
        Viscous  : ( -0.0009021481578 -0.002378160704 -0.01784811754 )


liftDrag LD execute:
Viscous drag: 0.003055082703, pressure drag: 0.03978333729, porous drag: 0
Viscous lift: -0.0001544217325, pressure lift: -0.1933933365, porous lift: 0
Total lift: -0.1935477583, Front lift: -0.04303520844, Rear lift: -0.1505125498, Drag: 0.04283842
Location of Center of Mass: ( 0.15305161 0.4851454642 -0.0449368109 )
Location of Center Of Pressure: ( 0.2813133794 0.4851454642 -0.01654830566 )


yPlus yPlus execute:
    patch Bottom y+ : min = 13.46636676, max = 274.7483469, average = 132.3475149
    patch Top y+ : min = 45.21713181, max = 287.4093365, average = 160.284903
    patch e423_0 y+ : min = 16.15020978, max = 661.3584421, average = 351.2313422


################################################################################

Time = 118

Outer Loop Iteration = 118
smoothSolver:  Solving for Ux, Initial residual = 0.0006890616369, Final residual = 7.857074658e-06, No Iterations 2
smoothSolver:  Solving for Uz, Initial residual = 0.0009477254837, Final residual = 1.613473315e-05, No Iterations 2
GAMG:  Solving for p, Initial residual = 0.0007148301186, Final residual = 3.592015177e-06, No Iterations 3
GAMG:  Solving for p, Initial residual = 6.12578288e-05, Final residual = 2.821137694e-07, No Iterations 3
GAMG:  Solving for p, Initial residual = 9.839348553e-06, Final residual = 4.250066344e-08, No Iterations 3
time step continuity errors (region0): sum local = 2.578058293e-09, global = 3.003459052e-10, cumulative = -1.353465774e-07
smoothSolver:  Solving for omega, Initial residual = 4.098447765e-05, Final residual = 2.173788546e-06, No Iterations 1
smoothSolver:  Solving for k, Initial residual = 0.001348506355, Final residual = 3.020858774e-05, No Iterations 1

ExecutionTime = 1.41 s  ExecutionStepTime = 0.01 s  ClockTime = 1 s

forces FR write:
    Sum of forces
        Total    : ( 0.5160003601 0 -2.330008619 )
        Pressure : ( 0.4792091164 0 -2.328149326 )
        Viscous  : ( 0.03679124373 0 -0.001859292973 )
    Sum of moments
        Total    : ( -1.130393113 0.647051679 -0.2503352342 )
        Pressure : ( -1.129491086 0.6494299908 -0.2324861292 )
        Viscous  : ( -0.0009020275525 -0.002378311813 -0.01784910502 )


liftDrag LD execute:
Viscous drag: 0.003055251731, pressure drag: 0.03979491678, porous drag: 0
Viscous lift: -0.0001544010884, pressure lift: -0.1933362816, porous lift: 0
Total lift: -0.1934906827, Front lift: -0.04301229072, Rear lift: -0.150478392, Drag: 0.04285016851
Location of Center of Mass: ( 0.15305161 0.4851454642 -0.0449368109 )
Location of Center Of Pressure: ( 0.2813623396 0.4851454642 -0.01652130113 )


yPlus yPlus execute:
    patch Bottom y+ : min = 14.75790067, max = 274.0123138, average = 132.2610186
    patch Top y+ : min = 45.24227628, max = 286.7179405, average = 159.9968223
    patch e423_0 y+ : min = 16.15784576, max = 661.3592026, average = 351.2451708


################################################################################

Time = 119

Outer Loop Iteration = 119
smoothSolver:  Solving for Ux, Initial residual = 0.0006573559075, Final residual = 7.471280748e-06, No Iterations 2
smoothSolver:  Solving for Uz, Initial residual = 0.0008947008242, Final residual = 1.518656106e-05, No Iterations 2
GAMG:  Solving for p, Initial residual = 0.0006917429375, Final residual = 3.51599179e-06, No Iterations 3
GAMG:  Solving for p, Initial residual = 5.897400993e-05, Final residual = 2.764645899e-07, No Iterations 3
GAMG:  Solving for p, Initial residual = 9.471557696e-06, Final residual = 4.003445899e-08, No Iterations 3
time step continuity errors (region0): sum local = 2.427018144e-09, global = 2.584203812e-10, cumulative = -1.35088157e-07
smoothSolver:  Solving for omega, Initial residual = 3.869315665e-05, Final residual = 2.076833158e-06, No Iterations 1
smoothSolver:  Solving for k, Initial residual = 0.001252273397, Final residual = 2.784618055e-05, No Iterations 1

ExecutionTime = 1.41 s  ExecutionStepTime = 0 s  ClockTime = 1 s

forces FR write:
    Sum of forces
        Total    : ( 0.5161427694 0 -2.329299707 )
        Pressure : ( 0.4793498798 0 -2.327440728 )
        Viscous  : ( 0.03679288967 0 -0.001858979172 )
    Sum of moments
        Total    : ( -1.130049188 0.6469774339 -0.2504043235 )
        Pressure : ( -1.129147312 0.6493558935 -0.2325544199 )
        Viscous  : ( -0.0009018753136 -0.002378459622 -0.01784990354 )


liftDrag LD execute:
Viscous drag: 0.003055388414, pressure drag: 0.03980660618, porous drag: 0
Viscous lift: -0.0001543750295, pressure lift: -0.1932774376, porous lift: 0
Total lift: -0.1934318126, Front lift: -0.0429890212, Rear lift: -0.1504427914, Drag: 0.04286199459
Location of Center of Mass: ( 0.15305161 0.4851454642 -0.0449368109 )
Location of Center Of Pressure: ( 0.2814110598 0.4851454642 -0.01649401253 )


yPlus yPlus execute:
    patch Bottom y+ : min = 15.86783185, max = 273.3383091, average = 132.1847205
    patch Top y+ : min = 45.26577262, max = 286.1270608, average = 159.7353455
    patch e423_0 y+ : min = 16.16528853, max = 661.3588478, average = 351.2556498


################################################################################

Time = 120

Outer Loop Iteration = 120
smoothSolver:  Solving for Ux, Initial residual = 0.000627284275, Final residual = 7.128920644e-06, No Iterations 2
smoothSolver:  Solving for Uz, Initial residual = 0.0008471641349, Final residual = 1.431435901e-05, No Iterations 2
GAMG:  Solving for p, Initial residual = 0.0006695230622, Final residual = 3.422717745e-06, No Iterations 3
GAMG:  Solving for p, Initial residual = 5.679142845e-05, Final residual = 2.707868713e-07, No Iterations 3
GAMG:  Solving for p, Initial residual = 8.817944513e-06, Final residual = 3.775859701e-08, No Iterations 3
time step continuity errors (region0): sum local = 2.287730893e-09, global = 1.469331102e-10, cumulative = -1.349412239e-07
smoothSolver:  Solving for omega, Initial residual = 3.652995522e-05, Final residual = 1.991114879e-06, No Iterations 1
smoothSolver:  Solving for k, Initial residual = 0.00116130772, Final residual = 2.567211593e-05, No Iterations 1

ExecutionTime = 1.43 s  ExecutionStepTime = 0.02 s  ClockTime = 1 s

forces FR write:
    Sum of forces
        Total    : ( 0.5162846743 0 -2.32857688 )
        Pressure : ( 0.4794905121 0 -2.326718273 )
        Viscous  : ( 0.03679416223 0 -0.001858607585 )
    Sum of moments
        Total    : ( -1.129698512 0.6468976703 -0.250473168 )
        Pressure : ( -1.128796817 0.6492762736 -0.2326226471 )
        Viscous  : ( -0.0009016950396 -0.002378603299 -0.01785052092 )


liftDrag LD execute:
Viscous drag: 0.003055494092, pressure drag: 0.03981828469, porous drag: 0
Viscous lift: -0.0001543441718, pressure lift: -0.1932174428, porous lift: 0
Total lift: -0.193371787, Front lift: -0.04296563218, Rear lift: -0.1504061548, Drag: 0.04287377878
Location of Center of Mass: ( 0.15305161 0.4851454642 -0.0449368109 )
Location of Center Of Pressure: ( 0.2814591111 0.4851454642 -0.01646670735 )


yPlus yPlus execute:
    patch Bottom y+ : min = 16.85189866, max = 272.7119734, average = 132.1183085
    patch Top y+ : min = 45.28761166, max = 285.607374, average = 159.5006707
    patch e423_0 y+ : min = 16.17247195, max = 661.35745, average = 351.2629588


################################################################################

Time = 121

Outer Loop Iteration = 121
smoothSolver:  Solving for Ux, Initial residual = 0.0005987829664, Final residual = 6.823147476e-06, No Iterations 2
smoothSolver:  Solving for Uz, Initial residual = 0.0008019809424, Final residual = 1.349831479e-05, No Iterations 2
GAMG:  Solving for p, Initial residual = 0.0006530498306, Final residual = 3.33953261e-06, No Iterations 3
GAMG:  Solving for p, Initial residual = 5.384371023e-05, Final residual = 2.625812856e-07, No Iterations 3
GAMG:  Solving for p, Initial residual = 8.272454005e-06, Final residual = 3.545331006e-08, No Iterations 3
time step continuity errors (region0): sum local = 2.146876903e-09, global = 5.865055211e-11, cumulative = -1.348825733e-07
smoothSolver:  Solving for omega, Initial residual = 3.448126614e-05, Final residual = 1.90699531e-06, No Iterations 1
smoothSolver:  Solving for k, Initial residual = 0.001075512763, Final residual = 2.366873192e-05, No Iterations 1

ExecutionTime = 1.44 s  ExecutionStepTime = 0.01 s  ClockTime = 1 s

forces FR write:
    Sum of forces
        Total    : ( 0.5164248856 0 -2.327845774 )
        Pressure : ( 0.4796298081 0 -2.325987587 )
        Viscous  : ( 0.0367950775 0 -0.001858186461 )
    Sum of moments
        Total    : ( -1.129343819 0.6468130829 -0.2505411908 )
        Pressure : ( -1.128442328 0.6491918246 -0.2326902259 )
        Viscous  : ( -0.0009014907332 -0.002378741697 -0.01785096496 )


liftDrag LD execute:
Viscous drag: 0.003055570099, pressure drag: 0.03982985224, porous drag: 0
Viscous lift: -0.0001543092004, pressure lift: -0.1931567646, porous lift: 0
Total lift: -0.1933110738, Front lift: -0.04294229995, Rear lift: -0.1503687738, Drag: 0.04288542233
Location of Center of Mass: ( 0.15305161 0.4851454642 -0.0449368109 )
Location of Center Of Pressure: ( 0.2815061491 0.4851454642 -0.01643959626 )


yPlus yPlus execute:
    patch Bottom y+ : min = 17.73933739, max = 272.1218796, average = 132.0599876
    patch Top y+ : min = 45.30828032, max = 285.1383475, average = 159.2892494
    patch e423_0 y+ : min = 16.17934477, max = 661.3550893, average = 351.2672903


################################################################################

Time = 122

Outer Loop Iteration = 122
smoothSolver:  Solving for Ux, Initial residual = 0.0005712787693, Final residual = 6.52475448e-06, No Iterations 2
smoothSolver:  Solving for Uz, Initial residual = 0.0007599289342, Final residual = 1.274297443e-05, No Iterations 2
GAMG:  Solving for p, Initial residual = 0.0006325123598, Final residual = 3.259112831e-06, No Iterations 3
GAMG:  Solving for p, Initial residual = 5.151583304e-05, Final residual = 2.547403475e-07, No Iterations 3
GAMG:  Solving for p, Initial residual = 7.815021691e-06, Final residual = 3.20331158e-08, No Iterations 3
time step continuity errors (region0): sum local = 1.938752815e-09, global = -1.103312636e-10, cumulative = -1.349929046e-07
smoothSolver:  Solving for omega, Initial residual = 3.256817522e-05, Final residual = 1.824569218e-06, No Iterations 1
smoothSolver:  Solving for k, Initial residual = 0.0009947764466, Final residual = 2.182150459e-05, No Iterations 1

ExecutionTime = 1.46 s  ExecutionStepTime = 0.02 s  ClockTime = 1 s

forces FR write:
    Sum of forces
        Total    : ( 0.5165622421 0 -2.327112155 )
        Pressure : ( 0.4797665897 0 -2.32525443 )
        Viscous  : ( 0.03679565246 0 -0.001857724614 )
    Sum of moments
        Total    : ( -1.128987907 0.6467244279 -0.2506078287 )
        Pressure : ( -1.12808664 0.6491033014 -0.2327565849 )
        Viscous  : ( -0.0009012666702 -0.002378873509 -0.01785124389 )


liftDrag LD execute:
Viscous drag: 0.003055617845, pressure drag: 0.03984121098, porous drag: 0
Viscous lift: -0.0001542708473, pressure lift: -0.1930958811, porous lift: 0
Total lift: -0.1932501519, Front lift: -0.04291920119, Rear lift: -0.1503309507, Drag: 0.04289682882
Location of Center of Mass: ( 0.15305161 0.4851454642 -0.0449368109 )
Location of Center Of Pressure: ( 0.2815518389 0.4851454642 -0.01641288857 )


yPlus yPlus execute:
    patch Bottom y+ : min = 18.54530876, max = 271.5630299, average = 132.0091131
    patch Top y+ : min = 45.32771106, max = 284.7234461, average = 159.0970618
    patch e423_0 y+ : min = 16.18586935, max = 661.3518559, average = 351.2688427


################################################################################

Time = 123

Outer Loop Iteration = 123
smoothSolver:  Solving for Ux, Initial residual = 0.0005446300314, Final residual = 6.23090577e-06, No Iterations 2
smoothSolver:  Solving for Uz, Initial residual = 0.0007203801909, Final residual = 1.203380242e-05, No Iterations 2
GAMG:  Solving for p, Initial residual = 0.0006115501847, Final residual = 3.161621805e-06, No Iterations 3
GAMG:  Solving for p, Initial residual = 6.100296414e-05, Final residual = 2.498065294e-07, No Iterations 3
GAMG:  Solving for p, Initial residual = 1.158586002e-05, Final residual = 9.433073611e-08, No Iterations 2
time step continuity errors (region0): sum local = 5.706550007e-09, global = 1.198847683e-10, cumulative = -1.348730198e-07
smoothSolver:  Solving for omega, Initial residual = 3.073132766e-05, Final residual = 1.742369949e-06, No Iterations 1
smoothSolver:  Solving for k, Initial residual = 0.0009189743548, Final residual = 2.011938728e-05, No Iterations 1

ExecutionTime = 1.47 s  ExecutionStepTime = 0.01 s  ClockTime = 1 s

forces FR write:
    Sum of forces
        Total    : ( 0.5166956119 0 -2.326381604 )
        Pressure : ( 0.4798997077 0 -2.324524373 )
        Viscous  : ( 0.03679590425 0 -0.001857231154 )
    Sum of moments
        Total    : ( -1.128633483 0.6466324825 -0.2506725325 )
        Pressure : ( -1.127732456 0.6490114798 -0.2328211665 )
        Viscous  : ( -0.0009010272701 -0.0023789973 -0.01785136605 )


liftDrag LD execute:
Viscous drag: 0.003055638755, pressure drag: 0.03985226548, porous drag: 0
Viscous lift: -0.0001542298689, pressure lift: -0.193035255, porous lift: 0
Total lift: -0.1931894848, Front lift: -0.04289650307, Rear lift: -0.1502929818, Drag: 0.04290790424
Location of Center of Mass: ( 0.15305161 0.4851454642 -0.0449368109 )
Location of Center Of Pressure: ( 0.2815958744 0.4851454642 -0.01638678401 )


yPlus yPlus execute:
    patch Bottom y+ : min = 19.2827366, max = 271.0058207, average = 131.9617835
    patch Top y+ : min = 45.34616295, max = 284.3448938, average = 158.9188786
    patch e423_0 y+ : min = 16.19202094, max = 661.3478362, average = 351.2678138


################################################################################

Time = 124

Outer Loop Iteration = 124
smoothSolver:  Solving for Ux, Initial residual = 0.0005192871803, Final residual = 5.948806879e-06, No Iterations 2
smoothSolver:  Solving for Uz, Initial residual = 0.0006908429872, Final residual = 1.140935426e-05, No Iterations 2
GAMG:  Solving for p, Initial residual = 0.0005911927345, Final residual = 3.063552884e-06, No Iterations 3
GAMG:  Solving for p, Initial residual = 5.55546963e-05, Final residual = 2.372592598e-07, No Iterations 3
GAMG:  Solving for p, Initial residual = 9.5278235e-06, Final residual = 8.140880659e-08, No Iterations 2
time step continuity errors (region0): sum local = 4.922550075e-09, global = -9.495080358e-11, cumulative = -1.349679706e-07
smoothSolver:  Solving for omega, Initial residual = 2.901573318e-05, Final residual = 1.663250273e-06, No Iterations 1
smoothSolver:  Solving for k, Initial residual = 0.0008479607894, Final residual = 1.855125528e-05, No Iterations 1

ExecutionTime = 1.48 s  ExecutionStepTime = 0.01 s  ClockTime = 1 s

forces FR write:
    Sum of forces
        Total    : ( 0.5168246305 0 -2.32565617 )
        Pressure : ( 0.4800287776 0 -2.323799456 )
        Viscous  : ( 0.03679585292 0 -0.001856714818 )
    Sum of moments
        Total    : ( -1.128281542 0.6465375947 -0.2507351253 )
        Pressure : ( -1.127380766 0.6489167066 -0.2328837841 )
        Viscous  : ( -0.0009007767724 -0.002379111848 -0.01785134114 )


liftDrag LD execute:
Viscous drag: 0.003055634491, pressure drag: 0.03986298382, porous drag: 0
Viscous lift: -0.0001541869909, pressure lift: -0.1929750557, porous lift: 0
Total lift: -0.1931292427, Front lift: -0.04287426178, Rear lift: -0.150254981, Drag: 0.04291861831
Location of Center of Mass: ( 0.15305161 0.4851454642 -0.0449368109 )
Location of Center Of Pressure: ( 0.2816381678 0.4851454642 -0.0163613486 )


yPlus yPlus execute:
    patch Bottom y+ : min = 19.95805627, max = 270.460463, average = 131.9201068
    patch Top y+ : min = 45.36317587, max = 283.9664344, average = 158.7531355
    patch e423_0 y+ : min = 16.19778521, max = 661.343153, average = 351.2644067


################################################################################

Time = 125

Outer Loop Iteration = 125
smoothSolver:  Solving for Ux, Initial residual = 0.0004947192766, Final residual = 5.682219335e-06, No Iterations 2
smoothSolver:  Solving for Uz, Initial residual = 0.0006608044917, Final residual = 1.085440101e-05, No Iterations 2
GAMG:  Solving for p, Initial residual = 0.0005677121845, Final residual = 2.995597698e-06, No Iterations 3
GAMG:  Solving for p, Initial residual = 5.267621993e-05, Final residual = 2.326800014e-07, No Iterations 3
GAMG:  Solving for p, Initial residual = 8.956746184e-06, Final residual = 7.718186453e-08, No Iterations 2
time step continuity errors (region0): sum local = 4.665363279e-09, global = -9.372910195e-11, cumulative = -1.350616997e-07
smoothSolver:  Solving for omega, Initial residual = 2.740006723e-05, Final residual = 1.591620183e-06, No Iterations 1
smoothSolver:  Solving for k, Initial residual = 0.0007815843975, Final residual = 1.710615982e-05, No Iterations 1

ExecutionTime = 1.5 s  ExecutionStepTime = 0.02 s  ClockTime = 1 s

forces FR write:
    Sum of forces
        Total    : ( 0.5169484432 0 -2.324941884 )
        Pressure : ( 0.4801529223 0 -2.3230857 )
        Viscous  : ( 0.03679552095 0 -0.001856183587 )
    Sum of moments
        Total    : ( -1.127935009 0.6464408838 -0.2507951925 )
        Pressure : ( -1.12703449 0.6488201001 -0.2329440124 )
        Viscous  : ( -0.0009005190479 -0.002379216249 -0.01785118009 )


liftDrag LD execute:
Viscous drag: 0.003055606923, pressure drag: 0.03987329316, porous drag: 0
Viscous lift: -0.0001541428759, pressure lift: -0.1929157834, porous lift: 0
Total lift: -0.1930699263, Front lift: -0.0428526347, Rear lift: -0.1502172916, Drag: 0.04292890008
Location of Center of Mass: ( 0.15305161 0.4851454642 -0.0449368109 )
Location of Center Of Pressure: ( 0.2816785004 0.4851454642 -0.01633675374 )


yPlus yPlus execute:
    patch Bottom y+ : min = 20.58013343, max = 269.927324, average = 131.8796407
    patch Top y+ : min = 45.37930256, max = 283.6103302, average = 158.5996366
    patch e423_0 y+ : min = 16.2031609, max = 661.3378869, average = 351.2588363


################################################################################

Time = 126

Outer Loop Iteration = 126
smoothSolver:  Solving for Ux, Initial residual = 0.0004710397425, Final residual = 5.433280565e-06, No Iterations 2
smoothSolver:  Solving for Uz, Initial residual = 0.0006302678207, Final residual = 1.027517079e-05, No Iterations 2
GAMG:  Solving for p, Initial residual = 0.0005503658641, Final residual = 2.898327576e-06, No Iterations 3
GAMG:  Solving for p, Initial residual = 5.058459152e-05, Final residual = 2.259345438e-07, No Iterations 3
GAMG:  Solving for p, Initial residual = 8.501122103e-06, Final residual = 7.247974473e-08, No Iterations 2
time step continuity errors (region0): sum local = 4.379750255e-09, global = -1.134270788e-10, cumulative = -1.351751268e-07
smoothSolver:  Solving for omega, Initial residual = 2.588510227e-05, Final residual = 1.521134912e-06, No Iterations 1
smoothSolver:  Solving for k, Initial residual = 0.0007196718841, Final residual = 1.577218258e-05, No Iterations 1

ExecutionTime = 1.51 s  ExecutionStepTime = 0.01 s  ClockTime = 1 s

forces FR write:
    Sum of forces
        Total    : ( 0.5170666322 0 -2.324241883 )
        Pressure : ( 0.4802716986 0 -2.322386238 )
        Viscous  : ( 0.03679493363 0 -0.001855644506 )
    Sum of moments
        Total    : ( -1.127595407 0.6463429671 -0.2508525313 )
        Pressure : ( -1.12669515 0.6487222771 -0.2330016361 )
        Viscous  : ( -0.0009002575154 -0.002379309998 -0.01785089516 )


liftDrag LD execute:
Viscous drag: 0.003055558151, pressure drag: 0.03988315669, porous drag: 0
Viscous lift: -0.0001540981091, pressure lift: -0.192857698, porous lift: 0
Total lift: -0.1930117962, Front lift: -0.04283170093, Rear lift: -0.1501800952, Drag: 0.04293871484
Location of Center of Mass: ( 0.15305161 0.4851454642 -0.0449368109 )
Location of Center Of Pressure: ( 0.2817167715 0.4851454642 -0.01631308536 )


yPlus yPlus execute:
    patch Bottom y+ : min = 21.15543067, max = 269.3904328, average = 131.8378591
    patch Top y+ : min = 45.39427049, max = 283.3008985, average = 158.462897
    patch e423_0 y+ : min = 16.20815186, max = 661.3321453, average = 351.2513268


################################################################################

Time = 127

Outer Loop Iteration = 127
smoothSolver:  Solving for Ux, Initial residual = 0.0004484693706, Final residual = 5.197113204e-06, No Iterations 2
smoothSolver:  Solving for Uz, Initial residual = 0.0006016405841, Final residual = 9.747120233e-06, No Iterations 2
GAMG:  Solving for p, Initial residual = 0.0005349269003, Final residual = 2.815180338e-06, No Iterations 3
GAMG:  Solving for p, Initial residual = 4.947557822e-05, Final residual = 2.202581638e-07, No Iterations 3
GAMG:  Solving for p, Initial residual = 8.061231081e-06, Final residual = 6.928624634e-08, No Iterations 2
time step continuity errors (region0): sum local = 4.185469312e-09, global = -1.948666837e-10, cumulative = -1.353699935e-07
smoothSolver:  Solving for omega, Initial residual = 2.446352906e-05, Final residual = 1.452187457e-06, No Iterations 1
smoothSolver:  Solving for k, Initial residual = 0.0006620453806, Final residual = 1.454095945e-05, No Iterations 1

ExecutionTime = 1.52 s  ExecutionStepTime = 0.01 s  ClockTime = 1 s

forces FR write:
    Sum of forces
        Total    : ( 0.5171789136 0 -2.323559089 )
        Pressure : ( 0.4803847955 0 -2.321703985 )
        Viscous  : ( 0.03679411811 0 -0.001855103623 )
    Sum of moments
        Total    : ( -1.127264153 0.6462444801 -0.2509070041 )
        Pressure : ( -1.126364158 0.6486238731 -0.2330565046 )
        Viscous  : ( -0.0008999951083 -0.002379392963 -0.01785049951 )


liftDrag LD execute:
Viscous drag: 0.003055490428, pressure drag: 0.03989254859, porous drag: 0
Viscous lift: -0.0001540531926, pressure lift: -0.1928010418, porous lift: 0
Total lift: -0.192955095, Front lift: -0.042811529, Rear lift: -0.150143566, Drag: 0.04294803901
Location of Center of Mass: ( 0.15305161 0.4851454642 -0.0449368109 )
Location of Center Of Pressure: ( 0.2817529113 0.4851454642 -0.01629041256 )


yPlus yPlus execute:
    patch Bottom y+ : min = 21.68976421, max = 268.8364186, average = 131.7921874
    patch Top y+ : min = 45.40815054, max = 283.0543017, average = 158.3431072
    patch e423_0 y+ : min = 16.21277129, max = 661.3260284, average = 351.2421078


################################################################################

Time = 128

Outer Loop Iteration = 128
smoothSolver:  Solving for Ux, Initial residual = 0.000426501986, Final residual = 4.968198662e-06, No Iterations 2
smoothSolver:  Solving for Uz, Initial residual = 0.0005765604421, Final residual = 9.269618554e-06, No Iterations 2
GAMG:  Solving for p, Initial residual = 0.0005164673499, Final residual = 2.738568687e-06, No Iterations 3
GAMG:  Solving for p, Initial residual = 4.631781415e-05, Final residual = 2.125098991e-07, No Iterations 3
GAMG:  Solving for p, Initial residual = 7.477798174e-06, Final residual = 6.647738928e-08, No Iterations 2
time step continuity errors (region0): sum local = 4.014564004e-09, global = -1.676055709e-10, cumulative = -1.355375991e-07
smoothSolver:  Solving for omega, Initial residual = 2.31314762e-05, Final residual = 1.384933437e-06, No Iterations 1
smoothSolver:  Solving for k, Initial residual = 0.0006085075535, Final residual = 1.340295256e-05, No Iterations 1

ExecutionTime = 1.53 s  ExecutionStepTime = 0.01 s  ClockTime = 1 s

forces FR write:
    Sum of forces
        Total    : ( 0.5172851466 0 -2.322895853 )
        Pressure : ( 0.480492044 0 -2.321041287 )
        Viscous  : ( 0.03679310257 0 -0.001854565923 )
    Sum of moments
        Total    : ( -1.126942387 0.6461460163 -0.2509585426 )
        Pressure : ( -1.126042653 0.6485254817 -0.2331085357 )
        Viscous  : ( -0.0008997342457 -0.002379465356 -0.01785000683 )


liftDrag LD execute:
Viscous drag: 0.003055406095, pressure drag: 0.03990145481, porous drag: 0
Viscous lift: -0.0001540085404, pressure lift: -0.1927460094, porous lift: 0
Total lift: -0.1929000179, Front lift: -0.04279216719, Rear lift: -0.1501078508, Drag: 0.04295686091
Location of Center of Mass: ( 0.15305161 0.4851454642 -0.0449368109 )
Location of Center Of Pressure: ( 0.2817868969 0.4851454642 -0.01626877928 )


yPlus yPlus execute:
    patch Bottom y+ : min = 22.189919, max = 268.2482959, average = 131.7421707
    patch Top y+ : min = 45.4219855, max = 282.8757941, average = 158.2360397
    patch e423_0 y+ : min = 16.21703727, max = 661.3196299, average = 351.2314105


################################################################################

Time = 129

Outer Loop Iteration = 129
smoothSolver:  Solving for Ux, Initial residual = 0.0004061578783, Final residual = 4.734536147e-06, No Iterations 2
smoothSolver:  Solving for Uz, Initial residual = 0.0005483605468, Final residual = 8.787121887e-06, No Iterations 2
GAMG:  Solving for p, Initial residual = 0.0004980678551, Final residual = 2.63347073e-06, No Iterations 3
GAMG:  Solving for p, Initial residual = 4.363692244e-05, Final residual = 2.018748031e-07, No Iterations 3
GAMG:  Solving for p, Initial residual = 6.997746948e-06, Final residual = 6.283783341e-08, No Iterations 2
time step continuity errors (region0): sum local = 3.793654718e-09, global = -2.198579615e-10, cumulative = -1.35757457e-07
smoothSolver:  Solving for omega, Initial residual = 2.188668979e-05, Final residual = 1.322434824e-06, No Iterations 1
smoothSolver:  Solving for k, Initial residual = 0.0005588630353, Final residual = 1.235047953e-05, No Iterations 1

ExecutionTime = 1.55 s  ExecutionStepTime = 0.02 s  ClockTime = 1 s

forces FR write:
    Sum of forces
        Total    : ( 0.5173852987 0 -2.32225413 )
        Pressure : ( 0.4805933871 0 -2.320400094 )
        Viscous  : ( 0.03679191159 0 -0.001854035619 )
    Sum of moments
        Total    : ( -1.126631058 0.6460481328 -0.2510071309 )
        Pressure : ( -1.125731581 0.6484276602 -0.2331577019 )
        Viscous  : ( -0.0008994769709 -0.002379527433 -0.01784942903 )


liftDrag LD execute:
Viscous drag: 0.003055307192, pressure drag: 0.03990987064, porous drag: 0
Viscous lift: -0.0001539645024, pressure lift: -0.1926927629, porous lift: 0
Total lift: -0.1928467274, Front lift: -0.04277365045, Rear lift: -0.1500730769, Drag: 0.04296517783
Location of Center of Mass: ( 0.15305161 0.4851454642 -0.0449368109 )
Location of Center Of Pressure: ( 0.281818734 0.4851454642 -0.01624821215 )


yPlus yPlus execute:
    patch Bottom y+ : min = 22.65924565, max = 267.6264434, average = 131.6881656
    patch Top y+ : min = 45.43480729, max = 282.7442083, average = 158.1383214
    patch e423_0 y+ : min = 16.22097201, max = 661.3130388, average = 351.2194215


################################################################################

Time = 130

Outer Loop Iteration = 130
smoothSolver:  Solving for Ux, Initial residual = 0.0003860471721, Final residual = 4.507036073e-06, No Iterations 2
smoothSolver:  Solving for Uz, Initial residual = 0.0005214894507, Final residual = 8.296656905e-06, No Iterations 2
GAMG:  Solving for p, Initial residual = 0.0004739726402, Final residual = 2.60353432e-06, No Iterations 3
GAMG:  Solving for p, Initial residual = 4.207071046e-05, Final residual = 1.955577926e-07, No Iterations 3
GAMG:  Solving for p, Initial residual = 6.725385334e-06, Final residual = 6.144529087e-08, No Iterations 2
time step continuity errors (region0): sum local = 3.708683764e-09, global = -1.826625129e-10, cumulative = -1.359401195e-07
smoothSolver:  Solving for omega, Initial residual = 2.071951859e-05, Final residual = 1.266296532e-06, No Iterations 1
smoothSolver:  Solving for k, Initial residual = 0.0005129128526, Final residual = 1.137735895e-05, No Iterations 1

ExecutionTime = 1.56 s  ExecutionStepTime = 0.01 s  ClockTime = 1 s

forces FR write:
    Sum of forces
        Total    : ( 0.517479436 0 -2.321636878 )
        Pressure : ( 0.4806888677 0 -2.319783362 )
        Viscous  : ( 0.03679056832 0 -0.001853516284 )
    Sum of moments
        Total    : ( -1.126331601 0.6459517343 -0.2510528012 )
        Pressure : ( -1.125432376 0.6483313139 -0.2332040239 )
        Viscous  : ( -0.0008992250183 -0.002379579544 -0.01784877735 )


liftDrag LD execute:
Viscous drag: 0.003055195643, pressure drag: 0.03991779962, porous drag: 0
Viscous lift: -0.0001539213754, pressure lift: -0.1926415477, porous lift: 0
Total lift: -0.192795469, Front lift: -0.04275602648, Rear lift: -0.1500394426, Drag: 0.04297299527
Location of Center of Mass: ( 0.15305161 0.4851454642 -0.0449368109 )
Location of Center Of Pressure: ( 0.2818484574 0.4851454642 -0.01622873835 )


yPlus yPlus execute:
    patch Bottom y+ : min = 23.10521638, max = 266.9733264, average = 131.6301695
    patch Top y+ : min = 45.44799195, max = 282.6405443, average = 158.0462704
    patch e423_0 y+ : min = 16.22459951, max = 661.3063366, average = 351.2063288


################################################################################

Time = 131

Outer Loop Iteration = 131
smoothSolver:  Solving for Ux, Initial residual = 0.0003676641959, Final residual = 4.294093446e-06, No Iterations 2
smoothSolver:  Solving for Uz, Initial residual = 0.0004979442028, Final residual = 7.847358534e-06, No Iterations 2
GAMG:  Solving for p, Initial residual = 0.0004576794708, Final residual = 2.549883045e-06, No Iterations 3
GAMG:  Solving for p, Initial residual = 4.026213204e-05, Final residual = 1.825382166e-07, No Iterations 3
GAMG:  Solving for p, Initial residual = 6.406151576e-06, Final residual = 5.778283403e-08, No Iterations 2
time step continuity errors (region0): sum local = 3.486826629e-09, global = -1.88779626e-10, cumulative = -1.361288992e-07
smoothSolver:  Solving for omega, Initial residual = 1.964861551e-05, Final residual = 1.212503161e-06, No Iterations 1
smoothSolver:  Solving for k, Initial residual = 0.000470452835, Final residual = 1.04780485e-05, No Iterations 1

ExecutionTime = 1.58 s  ExecutionStepTime = 0.02 s  ClockTime = 1 s

forces FR write:
    Sum of forces
        Total    : ( 0.5175676205 0 -2.321047293 )
        Pressure : ( 0.4807785212 0 -2.319194283 )
        Viscous  : ( 0.03678909934 0 -0.001853010107 )
    Sum of moments
        Total    : ( -1.126045566 0.6458577293 -0.2510955835 )
        Pressure : ( -1.125146587 0.6482373519 -0.2332475188 )
        Viscous  : ( -0.0008989794486 -0.002379622551 -0.01784806468 )


liftDrag LD execute:
Viscous drag: 0.003055073655, pressure drag: 0.03992524471, porous drag: 0
Viscous lift: -0.0001538793409, pressure lift: -0.1925926288, porous lift: 0
Total lift: -0.1927465081, Front lift: -0.04273935248, Rear lift: -0.1500071557, Drag: 0.04298031836
Location of Center of Mass: ( 0.15305161 0.4851454642 -0.0449368109 )
Location of Center Of Pressure: ( 0.2818760765 0.4851454642 -0.01621039382 )


yPlus yPlus execute:
    patch Bottom y+ : min = 23.52370877, max = 266.2881994, average = 131.5680602
    patch Top y+ : min = 45.45847228, max = 282.5453548, average = 157.9684899
    patch e423_0 y+ : min = 16.22794508, max = 661.2996007, average = 351.1923637


################################################################################

Time = 132

Outer Loop Iteration = 132
smoothSolver:  Solving for Ux, Initial residual = 0.0003493376581, Final residual = 4.077052271e-06, No Iterations 2
smoothSolver:  Solving for Uz, Initial residual = 0.0004736602451, Final residual = 7.423724785e-06, No Iterations 2
GAMG:  Solving for p, Initial residual = 0.0004368556001, Final residual = 2.472277583e-06, No Iterations 3
GAMG:  Solving for p, Initial residual = 3.72506907e-05, Final residual = 1.714732965e-07, No Iterations 3
GAMG:  Solving for p, Initial residual = 6.079344803e-06, Final residual = 5.398642466e-08, No Iterations 2
time step continuity errors (region0): sum local = 3.256991955e-09, global = -3.666102743e-11, cumulative = -1.361655602e-07
smoothSolver:  Solving for omega, Initial residual = 1.865825951e-05, Final residual = 1.162091098e-06, No Iterations 1
smoothSolver:  Solving for k, Initial residual = 0.0004312780739, Final residual = 9.64681689e-06, No Iterations 1

ExecutionTime = 1.58 s  ExecutionStepTime = 0 s  ClockTime = 1 s

forces FR write:
    Sum of forces
        Total    : ( 0.5176501486 0 -2.320482662 )
        Pressure : ( 0.4808626171 0 -2.318630142 )
        Viscous  : ( 0.03678753156 0 -0.001852519182 )
    Sum of moments
        Total    : ( -1.125771638 0.6457656291 -0.2511356217 )
        Pressure : ( -1.124872897 0.6481452864 -0.2332883176 )
        Viscous  : ( -0.0008987412788 -0.00237965728 -0.01784730408 )


liftDrag LD execute:
Viscous drag: 0.003054943462, pressure drag: 0.03993222828, porous drag: 0
Viscous lift: -0.0001538385731, pressure lift: -0.192545781, porous lift: 0
Total lift: -0.1926996195, Front lift: -0.04272355645, Rear lift: -0.1499760631, Drag: 0.04298717174
Location of Center of Mass: ( 0.15305161 0.4851454642 -0.0449368109 )
Location of Center Of Pressure: ( 0.2819016942 0.4851454642 -0.01619310755 )


yPlus yPlus execute:
    patch Bottom y+ : min = 23.91468858, max = 265.5703181, average = 131.5038894
    patch Top y+ : min = 45.46809411, max = 282.5238046, average = 157.9033834
    patch e423_0 y+ : min = 16.23103255, max = 661.2928918, average = 351.1777442


################################################################################

Time = 133

Outer Loop Iteration = 133
smoothSolver:  Solving for Ux, Initial residual = 0.0003317397145, Final residual = 3.862814236e-06, No Iterations 2
smoothSolver:  Solving for Uz, Initial residual = 0.0004450145632, Final residual = 7.027383502e-06, No Iterations 2
GAMG:  Solving for p, Initial residual = 0.0004082760772, Final residual = 2.332370931e-06, No Iterations 3
GAMG:  Solving for p, Initial residual = 3.560680157e-05, Final residual = 1.592338485e-07, No Iterations 3
GAMG:  Solving for p, Initial residual = 6.150397156e-06, Final residual = 5.279257171e-08, No Iterations 2
time step continuity errors (region0): sum local = 3.18424775e-09, global = -9.351811186e-11, cumulative = -1.362590783e-07
smoothSolver:  Solving for omega, Initial residual = 1.77434235e-05, Final residual = 1.112420412e-06, No Iterations 1
smoothSolver:  Solving for k, Initial residual = 0.0003951944276, Final residual = 8.878433689e-06, No Iterations 1

ExecutionTime = 1.59 s  ExecutionStepTime = 0.01 s  ClockTime = 1 s

forces FR write:
    Sum of forces
        Total    : ( 0.5177273339 0 -2.319942431 )
        Pressure : ( 0.4809414455 0 -2.318090386 )
        Viscous  : ( 0.03678588832 0 -0.001852045368 )
    Sum of moments
        Total    : ( -1.125509548 0.6456755845 -0.2511730677 )
        Pressure : ( -1.124611036 0.6480552689 -0.2333265609 )
        Viscous  : ( -0.00089851141 -0.00237968441 -0.01784650686 )


liftDrag LD execute:
Viscous drag: 0.003054807002, pressure drag: 0.03993877442, porous drag: 0
Viscous lift: -0.0001537992262, pressure lift: -0.192500958, porous lift: 0
Total lift: -0.1926547572, Front lift: -0.04270860285, Rear lift: -0.1499461544, Drag: 0.04299358142
Location of Center of Mass: ( 0.15305161 0.4851454642 -0.0449368109 )
Location of Center Of Pressure: ( 0.2819254318 0.4851454642 -0.01617682993 )


yPlus yPlus execute:
    patch Bottom y+ : min = 24.27847037, max = 264.8358514, average = 131.440685
    patch Top y+ : min = 45.47663067, max = 282.5648364, average = 157.8461711
    patch e423_0 y+ : min = 16.23388498, max = 661.2862655, average = 351.162669


################################################################################

Time = 134

Outer Loop Iteration = 134
smoothSolver:  Solving for Ux, Initial residual = 0.0003147854265, Final residual = 3.659215785e-06, No Iterations 2
smoothSolver:  Solving for Uz, Initial residual = 0.0004221446896, Final residual = 6.655223624e-06, No Iterations 2
GAMG:  Solving for p, Initial residual = 0.0003836690369, Final residual = 2.176381693e-06, No Iterations 3
GAMG:  Solving for p, Initial residual = 3.379300443e-05, Final residual = 1.472818062e-07, No Iterations 3
GAMG:  Solving for p, Initial residual = 5.830994957e-06, Final residual = 5.02261935e-08, No Iterations 2
time step continuity errors (region0): sum local = 3.028783962e-09, global = -1.519706525e-10, cumulative = -1.36411049e-07
smoothSolver:  Solving for omega, Initial residual = 1.690485415e-05, Final residual = 1.064232851e-06, No Iterations 1
smoothSolver:  Solving for k, Initial residual = 0.000362002726, Final residual = 8.168665585e-06, No Iterations 1

ExecutionTime = 1.61 s  ExecutionStepTime = 0.02 s  ClockTime = 1 s

forces FR write:
    Sum of forces
        Total    : ( 0.51779931 0 -2.319428074 )
        Pressure : ( 0.4810151201 0 -2.317576484 )
        Viscous  : ( 0.03678418989 0 -0.001851590334 )
    Sum of moments
        Total    : ( -1.12526001 0.6455881727 -0.2512079866 )
        Pressure : ( -1.124361719 0.6479678772 -0.2333623037 )
        Viscous  : ( -0.0008982906523 -0.002379704492 -0.01784568288 )


liftDrag LD execute:
Viscous drag: 0.00305466596, pressure drag: 0.03994489257, porous drag: 0
Viscous lift: -0.0001537614389, pressure lift: -0.1924582821, porous lift: 0
Total lift: -0.1926120435, Front lift: -0.04269450494, Rear lift: -0.1499175386, Drag: 0.04299955853
Location of Center of Mass: ( 0.15305161 0.4851454642 -0.0449368109 )
Location of Center Of Pressure: ( 0.2819473574 0.4851454642 -0.01616155813 )


yPlus yPlus execute:
    patch Bottom y+ : min = 24.6152132, max = 264.1087093, average = 131.3795909
    patch Top y+ : min = 45.48383534, max = 282.6278856, average = 157.7936796
    patch e423_0 y+ : min = 16.23652429, max = 661.2797694, average = 351.1473105


################################################################################

Time = 135

Outer Loop Iteration = 135
smoothSolver:  Solving for Ux, Initial residual = 0.0002990568432, Final residual = 3.456784132e-06, No Iterations 2
smoothSolver:  Solving for Uz, Initial residual = 0.0004048950656, Final residual = 6.2927917e-06, No Iterations 2
GAMG:  Solving for p, Initial residual = 0.0003565660917, Final residual = 1.998446672e-06, No Iterations 3
GAMG:  Solving for p, Initial residual = 3.082847064e-05, Final residual = 1.346771814e-07, No Iterations 3
GAMG:  Solving for p, Initial residual = 5.442868827e-06, Final residual = 4.588462987e-08, No Iterations 2
time step continuity errors (region0): sum local = 2.766380609e-09, global = -1.09351327e-11, cumulative = -1.364219841e-07
smoothSolver:  Solving for omega, Initial residual = 1.613113216e-05, Final residual = 1.016897834e-06, No Iterations 1
smoothSolver:  Solving for k, Initial residual = 0.0003315004234, Final residual = 7.511594162e-06, No Iterations 1

ExecutionTime = 1.61 s  ExecutionStepTime = 0 s  ClockTime = 1 s

forces FR write:
    Sum of forces
        Total    : ( 0.5178664259 0 -2.318939362 )
        Pressure : ( 0.481083972 0 -2.317088207 )
        Viscous  : ( 0.03678245385 0 -0.001851155351 )
    Sum of moments
        Total    : ( -1.125022913 0.645503639 -0.2512405476 )
        Pressure : ( -1.124124834 0.647883357 -0.2333957069 )
        Viscous  : ( -0.0008980796222 -0.002379718017 -0.01784484065 )


liftDrag LD execute:
Viscous drag: 0.003054521794, pressure drag: 0.03995061023, porous drag: 0
Viscous lift: -0.0001537253166, pressure lift: -0.1924177342, porous lift: 0
Total lift: -0.1925714595, Front lift: -0.04268123284, Rear lift: -0.1498902266, Drag: 0.04300513203
Location of Center of Mass: ( 0.15305161 0.4851454642 -0.0449368109 )
Location of Center Of Pressure: ( 0.2819675948 0.4851454642 -0.01614724384 )


yPlus yPlus execute:
    patch Bottom y+ : min = 24.92387693, max = 263.4125863, average = 131.3263977
    patch Top y+ : min = 45.48905969, max = 282.71559, average = 157.7459646
    patch e423_0 y+ : min = 16.23897076, max = 661.2734403, average = 351.1318153


################################################################################

Time = 136

Outer Loop Iteration = 136
smoothSolver:  Solving for Ux, Initial residual = 0.000285410667, Final residual = 3.264294742e-06, No Iterations 2
smoothSolver:  Solving for Uz, Initial residual = 0.0003800092913, Final residual = 5.98093047e-06, No Iterations 2
GAMG:  Solving for p, Initial residual = 0.0003331489224, Final residual = 1.838780623e-06, No Iterations 3
GAMG:  Solving for p, Initial residual = 2.781597429e-05, Final residual = 1.204349701e-07, No Iterations 3
GAMG:  Solving for p, Initial residual = 4.895693115e-06, Final residual = 4.255646715e-08, No Iterations 2
time step continuity errors (region0): sum local = 2.565218772e-09, global = -3.674967008e-11, cumulative = -1.364587338e-07
smoothSolver:  Solving for omega, Initial residual = 1.541595991e-05, Final residual = 9.728101704e-07, No Iterations 1
smoothSolver:  Solving for k, Initial residual = 0.0003035024931, Final residual = 6.904105213e-06, No Iterations 1

ExecutionTime = 1.62 s  ExecutionStepTime = 0.01 s  ClockTime = 1 s

forces FR write:
    Sum of forces
        Total    : ( 0.5179289673 0 -2.318476338 )
        Pressure : ( 0.4811482709 0 -2.316625596 )
        Viscous  : ( 0.03678069642 0 -0.001850741395 )
    Sum of moments
        Total    : ( -1.124798279 0.6454222699 -0.2512708893 )
        Pressure : ( -1.1239004 0.6478019953 -0.2334269012 )
        Viscous  : ( -0.0008978787934 -0.002379725478 -0.01784398804 )


liftDrag LD execute:
Viscous drag: 0.003054375852, pressure drag: 0.0399559498, porous drag: 0
Viscous lift: -0.0001536909405, pressure lift: -0.1923793176, porous lift: 0
Total lift: -0.1925330086, Front lift: -0.04266876452, Rear lift: -0.1498642441, Drag: 0.04301032565
Location of Center of Mass: ( 0.15305161 0.4851454642 -0.0449368109 )
Location of Center Of Pressure: ( 0.2819862539 0.4851454642 -0.01613384841 )


yPlus yPlus execute:
    patch Bottom y+ : min = 25.20617884, max = 262.7703976, average = 131.2810822
    patch Top y+ : min = 45.49353749, max = 282.8184695, average = 157.6997771
    patch e423_0 y+ : min = 16.24124115, max = 661.2673081, average = 351.1163123


################################################################################

Time = 137

Outer Loop Iteration = 137
smoothSolver:  Solving for Ux, Initial residual = 0.0002720142151, Final residual = 3.078164104e-06, No Iterations 2
smoothSolver:  Solving for Uz, Initial residual = 0.0003590380679, Final residual = 5.714469077e-06, No Iterations 2
GAMG:  Solving for p, Initial residual = 0.0003110474829, Final residual = 1.691528762e-06, No Iterations 3
GAMG:  Solving for p, Initial residual = 2.618283197e-05, Final residual = 1.082297883e-07, No Iterations 3
GAMG:  Solving for p, Initial residual = 4.584758245e-06, Final residual = 3.864695498e-08, No Iterations 2
time step continuity errors (region0): sum local = 2.329121996e-09, global = -9.755715563e-12, cumulative = -1.364684895e-07
smoothSolver:  Solving for omega, Initial residual = 1.474100857e-05, Final residual = 9.297628303e-07, No Iterations 1
smoothSolver:  Solving for k, Initial residual = 0.0002778305287, Final residual = 6.343387062e-06, No Iterations 1

ExecutionTime = 1.63 s  ExecutionStepTime = 0.01 s  ClockTime = 1 s

forces FR write:
    Sum of forces
        Total    : ( 0.5179872093 0 -2.318038933 )
        Pressure : ( 0.4812082766 0 -2.316188584 )
        Viscous  : ( 0.03677893273 0 -0.00185034911 )
    Sum of moments
        Total    : ( -1.124586074 0.6453442995 -0.2512991451 )
        Pressure : ( -1.123688386 0.6477240269 -0.2334560127 )
        Viscous  : ( -0.0008976884777 -0.002379727397 -0.01784313239 )


liftDrag LD execute:
Viscous drag: 0.003054229389, pressure drag: 0.03996093284, porous drag: 0
Viscous lift: -0.000153658364, pressure lift: -0.1923430269, porous lift: 0
Total lift: -0.1924966852, Front lift: -0.04265707772, Rear lift: -0.1498396075, Drag: 0.04301516223
Location of Center of Mass: ( 0.15305161 0.4851454642 -0.0449368109 )
Location of Center Of Pressure: ( 0.2820034362 0.4851454642 -0.01612133431 )


yPlus yPlus execute:
    patch Bottom y+ : min = 25.46255005, max = 262.158129, average = 131.2416733
    patch Top y+ : min = 45.49649125, max = 282.863944, average = 157.6529066
    patch e423_0 y+ : min = 16.24335038, max = 661.2613955, average = 351.1009168


################################################################################

Time = 138

Outer Loop Iteration = 138
smoothSolver:  Solving for Ux, Initial residual = 0.0002589318253, Final residual = 2.894768473e-06, No Iterations 2
smoothSolver:  Solving for Uz, Initial residual = 0.0003410700592, Final residual = 5.490126859e-06, No Iterations 2
GAMG:  Solving for p, Initial residual = 0.0002904924643, Final residual = 1.557191915e-06, No Iterations 3
GAMG:  Solving for p, Initial residual = 2.418044491e-05, Final residual = 9.793483881e-08, No Iterations 3
GAMG:  Solving for p, Initial residual = 4.105866028e-06, Final residual = 3.507871146e-08, No Iterations 2
time step continuity errors (region0): sum local = 2.113699234e-09, global = 1.556223848e-10, cumulative = -1.363128671e-07
smoothSolver:  Solving for omega, Initial residual = 1.411283935e-05, Final residual = 8.875899965e-07, No Iterations 1
smoothSolver:  Solving for k, Initial residual = 0.0002543141129, Final residual = 5.824859688e-06, No Iterations 1

ExecutionTime = 1.65 s  ExecutionStepTime = 0.02 s  ClockTime = 2 s

forces FR write:
    Sum of forces
        Total    : ( 0.518041408 0 -2.31762689 )
        Pressure : ( 0.4812642365 0 -2.315776911 )
        Viscous  : ( 0.03677717152 0 -0.00184997883 )
    Sum of moments
        Total    : ( -1.124386173 0.6452698943 -0.2513254394 )
        Pressure : ( -1.123488665 0.6476496184 -0.2334831614 )
        Viscous  : ( -0.0008975088385 -0.002379724099 -0.01784227795 )


liftDrag LD execute:
Viscous drag: 0.003054083134, pressure drag: 0.03996557992, porous drag: 0
Viscous lift: -0.0001536276149, pressure lift: -0.1923088403, porous lift: 0
Total lift: -0.192462468, Front lift: -0.04264614792, Rear lift: -0.14981632, Drag: 0.04301966305
Location of Center of Mass: ( 0.15305161 0.4851454642 -0.0449368109 )
Location of Center Of Pressure: ( 0.282019237 0.4851454642 -0.01610966387 )


yPlus yPlus execute:
    patch Bottom y+ : min = 25.69501286, max = 261.5708971, average = 131.2067059
    patch Top y+ : min = 45.49855155, max = 282.8437283, average = 157.6048982
    patch e423_0 y+ : min = 16.24531088, max = 661.2557191, average = 351.0856943


################################################################################

Time = 139

Outer Loop Iteration = 139
smoothSolver:  Solving for Ux, Initial residual = 0.0002459677479, Final residual = 2.716027112e-06, No Iterations 2
smoothSolver:  Solving for Uz, Initial residual = 0.0003234121152, Final residual = 5.267441674e-06, No Iterations 2
GAMG:  Solving for p, Initial residual = 0.000274508812, Final residual = 1.43210393e-06, No Iterations 3
GAMG:  Solving for p, Initial residual = 2.294414569e-05, Final residual = 2.282711255e-07, No Iterations 2
GAMG:  Solving for p, Initial residual = 3.928876747e-06, Final residual = 1.767345085e-08, No Iterations 3
time step continuity errors (region0): sum local = 1.064750459e-09, global = 3.83076343e-11, cumulative = -1.362745595e-07
smoothSolver:  Solving for omega, Initial residual = 1.352278428e-05, Final residual = 8.459004606e-07, No Iterations 1
smoothSolver:  Solving for k, Initial residual = 0.0002327880219, Final residual = 5.346109294e-06, No Iterations 1

ExecutionTime = 1.65 s  ExecutionStepTime = 0 s  ClockTime = 2 s

forces FR write:
    Sum of forces
        Total    : ( 0.5180917712 0 -2.317239785 )
        Pressure : ( 0.481316348 0 -2.315390155 )
        Viscous  : ( 0.03677542317 0 -0.00184962987 )
    Sum of moments
        Total    : ( -1.124198371 0.6451991778 -0.2513498728 )
        Pressure : ( -1.123301032 0.647578894 -0.2335084431 )
        Viscous  : ( -0.0008973395421 -0.002379716193 -0.01784142975 )


liftDrag LD execute:
Viscous drag: 0.003053937946, pressure drag: 0.03996990741, porous drag: 0
Viscous lift: -0.0001535986363, pressure lift: -0.192276723, porous lift: 0
Total lift: -0.1924303216, Front lift: -0.04263594726, Rear lift: -0.1497943744, Drag: 0.04302384536
Location of Center of Mass: ( 0.15305161 0.4851454642 -0.0449368109 )
Location of Center Of Pressure: ( 0.2820337531 0.4851454642 -0.01609879965 )


yPlus yPlus execute:
    patch Bottom y+ : min = 25.91380717, max = 261.0093303, average = 131.1765418
    patch Top y+ : min = 45.49873802, max = 282.7623173, average = 157.561342
    patch e423_0 y+ : min = 16.24722586, max = 661.2502919, average = 351.0707175


################################################################################

Time = 140

Outer Loop Iteration = 140
smoothSolver:  Solving for Ux, Initial residual = 0.0002338375554, Final residual = 2.546889797e-06, No Iterations 2
smoothSolver:  Solving for Uz, Initial residual = 0.0003056820409, Final residual = 5.042588102e-06, No Iterations 2
GAMG:  Solving for p, Initial residual = 0.0002624382654, Final residual = 1.31654314e-06, No Iterations 3
GAMG:  Solving for p, Initial residual = 2.216181207e-05, Final residual = 2.059363116e-07, No Iterations 2
GAMG:  Solving for p, Initial residual = 3.844086572e-06, Final residual = 1.605219467e-08, No Iterations 3
time step continuity errors (region0): sum local = 9.669209998e-10, global = 2.564884562e-11, cumulative = -1.362489106e-07
smoothSolver:  Solving for omega, Initial residual = 1.297022574e-05, Final residual = 8.04548099e-07, No Iterations 1
smoothSolver:  Solving for k, Initial residual = 0.0002130962907, Final residual = 4.903320268e-06, No Iterations 1

ExecutionTime = 1.66 s  ExecutionStepTime = 0.01 s  ClockTime = 2 s

forces FR write:
    Sum of forces
        Total    : ( 0.5181383915 0 -2.316877824 )
        Pressure : ( 0.4813646945 0 -2.315028522 )
        Viscous  : ( 0.03677369701 0 -0.001849301747 )
    Sum of moments
        Total    : ( -1.124022767 0.6451323398 -0.2513724905 )
        Pressure : ( -1.123125587 0.6475120441 -0.2335318982 )
        Viscous  : ( -0.0008971803543 -0.002379704301 -0.0178405923 )


liftDrag LD execute:
Viscous drag: 0.0030537946, pressure drag: 0.03997392224, porous drag: 0
Viscous lift: -0.0001535713879, pressure lift: -0.192246692, porous lift: 0
Total lift: -0.1924002633, Front lift: -0.04262646853, Rear lift: -0.1497737948, Drag: 0.04302771684
Location of Center of Mass: ( 0.15305161 0.4851454642 -0.0449368109 )
Location of Center Of Pressure: ( 0.2820470379 0.4851454642 -0.01608872799 )


yPlus yPlus execute:
    patch Bottom y+ : min = 26.10813443, max = 260.4826262, average = 131.1519897
    patch Top y+ : min = 45.49743008, max = 282.6599139, average = 157.525081
    patch e423_0 y+ : min = 16.24899233, max = 661.2451116, average = 351.0560418


################################################################################

Time = 141

Outer Loop Iteration = 141
smoothSolver:  Solving for Ux, Initial residual = 0.0002224937688, Final residual = 2.394714138e-06, No Iterations 2
smoothSolver:  Solving for Uz, Initial residual = 0.0002883864458, Final residual = 4.823700608e-06, No Iterations 2
GAMG:  Solving for p, Initial residual = 0.0002498925767, Final residual = 1.204034676e-06, No Iterations 3
GAMG:  Solving for p, Initial residual = 2.11639334e-05, Final residual = 1.86179314e-07, No Iterations 2
GAMG:  Solving for p, Initial residual = 3.712019842e-06, Final residual = 1.417196148e-08, No Iterations 3
time step continuity errors (region0): sum local = 8.535270615e-10, global = 1.293557172e-11, cumulative = -1.36235975e-07
smoothSolver:  Solving for omega, Initial residual = 1.244061845e-05, Final residual = 7.638430569e-07, No Iterations 1
smoothSolver:  Solving for k, Initial residual = 0.0001950870933, Final residual = 4.493889956e-06, No Iterations 1

ExecutionTime = 1.68 s  ExecutionStepTime = 0.02 s  ClockTime = 2 s

forces FR write:
    Sum of forces
        Total    : ( 0.5181815599 0 -2.316539653 )
        Pressure : ( 0.4814095575 0 -2.314690659 )
        Viscous  : ( 0.03677200244 0 -0.001848993629 )
    Sum of moments
        Total    : ( -1.123858705 0.6450692312 -0.2513934334 )
        Pressure : ( -1.122961674 0.6474489204 -0.2335536633 )
        Viscous  : ( -0.0008970308726 -0.002379689146 -0.01783977019 )


liftDrag LD execute:
Viscous drag: 0.003053653879, pressure drag: 0.0399776478, porous drag: 0
Viscous lift: -0.000153545801, pressure lift: -0.1922186348, porous lift: 0
Total lift: -0.1923721806, Front lift: -0.04261766789, Rear lift: -0.1497545127, Drag: 0.04303130168
Location of Center of Mass: ( 0.15305161 0.4851454642 -0.0449368109 )
Location of Center Of Pressure: ( 0.2820591814 0.4851454642 -0.01607939656 )


yPlus yPlus execute:
    patch Bottom y+ : min = 26.27603453, max = 259.998335, average = 131.1328963
    patch Top y+ : min = 45.4948042, max = 282.5850007, average = 157.4976593
    patch e423_0 y+ : min = 16.2506347, max = 661.2401883, average = 351.041721


################################################################################

Time = 142

Outer Loop Iteration = 142
smoothSolver:  Solving for Ux, Initial residual = 0.0002115942453, Final residual = 2.264361352e-06, No Iterations 2
smoothSolver:  Solving for Uz, Initial residual = 0.0002726906307, Final residual = 4.62891148e-06, No Iterations 2
GAMG:  Solving for p, Initial residual = 0.0002365645902, Final residual = 1.119764525e-06, No Iterations 3
GAMG:  Solving for p, Initial residual = 2.013306377e-05, Final residual = 1.730074376e-07, No Iterations 2
GAMG:  Solving for p, Initial residual = 3.571250014e-06, Final residual = 1.287152882e-08, No Iterations 3
time step continuity errors (region0): sum local = 7.750875389e-10, global = -1.790527056e-12, cumulative = -1.362377656e-07
smoothSolver:  Solving for omega, Initial residual = 1.192425274e-05, Final residual = 7.244396546e-07, No Iterations 1
smoothSolver:  Solving for k, Initial residual = 0.0001786189738, Final residual = 4.115627937e-06, No Iterations 1

ExecutionTime = 1.68 s  ExecutionStepTime = 0 s  ClockTime = 2 s

forces FR write:
    Sum of forces
        Total    : ( 0.5182214612 0 -2.316224757 )
        Pressure : ( 0.4814511136 0 -2.314376052 )
        Viscous  : ( 0.03677034755 0 -0.001848704441 )
    Sum of moments
        Total    : ( -1.123705935 0.6450098819 -0.2514127914 )
        Pressure : ( -1.122809044 0.6473895534 -0.233573824 )
        Viscous  : ( -0.0008968905742 -0.002379671455 -0.01783896733 )


liftDrag LD execute:
Viscous drag: 0.003053516452, pressure drag: 0.03998109874, porous drag: 0
Viscous lift: -0.0001535217859, pressure lift: -0.1921925089, porous lift: 0
Total lift: -0.1923460307, Front lift: -0.04260952149, Rear lift: -0.1497365092, Drag: 0.04303461519
Location of Center of Mass: ( 0.15305161 0.4851454642 -0.0449368109 )
Location of Center Of Pressure: ( 0.2820702525 0.4851454642 -0.01607077394 )


yPlus yPlus execute:
    patch Bottom y+ : min = 26.41788951, max = 259.7726609, average = 131.1189635
    patch Top y+ : min = 45.49078593, max = 282.5428197, average = 157.4782264
    patch e423_0 y+ : min = 16.25215301, max = 661.2355187, average = 351.0277996


################################################################################

Time = 143

Outer Loop Iteration = 143
smoothSolver:  Solving for Ux, Initial residual = 0.0002010811753, Final residual = 2.138520702e-06, No Iterations 2
smoothSolver:  Solving for Uz, Initial residual = 0.0002582391836, Final residual = 4.455157423e-06, No Iterations 2
GAMG:  Solving for p, Initial residual = 0.0002233209816, Final residual = 1.042568039e-06, No Iterations 3
GAMG:  Solving for p, Initial residual = 1.888400413e-05, Final residual = 1.71919074e-07, No Iterations 2
GAMG:  Solving for p, Initial residual = 3.542955344e-06, Final residual = 3.483848879e-08, No Iterations 2
time step continuity errors (region0): sum local = 2.097550954e-09, global = -1.911112529e-10, cumulative = -1.364288768e-07
smoothSolver:  Solving for omega, Initial residual = 1.142163417e-05, Final residual = 6.860866583e-07, No Iterations 1
smoothSolver:  Solving for k, Initial residual = 0.0001635650124, Final residual = 3.766969328e-06, No Iterations 1

ExecutionTime = 1.69 s  ExecutionStepTime = 0.01 s  ClockTime = 2 s

forces FR write:
    Sum of forces
        Total    : ( 0.5182582149 0 -2.315932691 )
        Pressure : ( 0.4814894759 0 -2.314084258 )
        Viscous  : ( 0.03676873908 0 -0.00184843296 )
    Sum of moments
        Total    : ( -1.123564241 0.6449543085 -0.2514306223 )
        Pressure : ( -1.122667482 0.6473339604 -0.2335924353 )
        Viscous  : ( -0.0008967588664 -0.00237965193 -0.01783818699 )


liftDrag LD execute:
Viscous drag: 0.00305338288, pressure drag: 0.03998428445, porous drag: 0
Viscous lift: -0.0001534992413, pressure lift: -0.1921682775, porous lift: 0
Total lift: -0.1923217768, Front lift: -0.04260200949, Rear lift: -0.1497197673, Drag: 0.04303766733
Location of Center of Mass: ( 0.15305161 0.4851454642 -0.0449368109 )
Location of Center Of Pressure: ( 0.2820803073 0.4851454642 -0.01606283602 )


yPlus yPlus execute:
    patch Bottom y+ : min = 26.53556451, max = 259.7157551, average = 131.1091151
    patch Top y+ : min = 45.48575431, max = 282.5162245, average = 157.4653944
    patch e423_0 y+ : min = 16.25355363, max = 661.231096, average = 351.0143148


################################################################################

Time = 144

Outer Loop Iteration = 144
smoothSolver:  Solving for Ux, Initial residual = 0.0001906828822, Final residual = 2.0153535e-06, No Iterations 2
smoothSolver:  Solving for Uz, Initial residual = 0.0002446524589, Final residual = 4.270193169e-06, No Iterations 2
GAMG:  Solving for p, Initial residual = 0.000210834156, Final residual = 9.747053392e-07, No Iterations 3
GAMG:  Solving for p, Initial residual = 1.807181417e-05, Final residual = 1.635396294e-07, No Iterations 2
GAMG:  Solving for p, Initial residual = 3.433369953e-06, Final residual = 3.312708988e-08, No Iterations 2
time step continuity errors (region0): sum local = 1.994200136e-09, global = -2.30170061e-10, cumulative = -1.366590469e-07
smoothSolver:  Solving for omega, Initial residual = 1.09247314e-05, Final residual = 6.483632081e-07, No Iterations 1
smoothSolver:  Solving for k, Initial residual = 0.0001498184823, Final residual = 3.445573353e-06, No Iterations 1

ExecutionTime = 1.73 s  ExecutionStepTime = 0.03 s  ClockTime = 2 s

forces FR write:
    Sum of forces
        Total    : ( 0.5182921061 0 -2.315661865 )
        Pressure : ( 0.4815249236 0 -2.313813687 )
        Viscous  : ( 0.03676718251 0 -0.00184817804 )
    Sum of moments
        Total    : ( -1.123432851 0.6449022779 -0.2514470644 )
        Pressure : ( -1.122536215 0.647281909 -0.2336096326 )
        Viscous  : ( -0.000896635193 -0.002379631188 -0.01783743183 )


liftDrag LD execute:
Viscous drag: 0.003053253618, pressure drag: 0.03998722813, porous drag: 0
Viscous lift: -0.000153478072, pressure lift: -0.1921458085, porous lift: 0
Total lift: -0.1922992866, Front lift: -0.04259508519, Rear lift: -0.1497042014, Drag: 0.04304048175
Location of Center of Mass: ( 0.15305161 0.4851454642 -0.0449368109 )
Location of Center Of Pressure: ( 0.2820894284 0.4851454642 -0.0160555292 )


yPlus yPlus execute:
    patch Bottom y+ : min = 26.62949192, max = 259.6709549, average = 131.1071799
    patch Top y+ : min = 45.47946726, max = 282.4976805, average = 157.4586574
    patch e423_0 y+ : min = 16.25483907, max = 661.2269219, average = 351.0012965


################################################################################

Time = 145

Outer Loop Iteration = 145
smoothSolver:  Solving for Ux, Initial residual = 0.0001814925188, Final residual = 1.898531285e-06, No Iterations 2
smoothSolver:  Solving for Uz, Initial residual = 0.0002316491554, Final residual = 4.065735023e-06, No Iterations 2
GAMG:  Solving for p, Initial residual = 0.0002037083587, Final residual = 9.173501537e-07, No Iterations 3
GAMG:  Solving for p, Initial residual = 1.719787221e-05, Final residual = 1.559147685e-07, No Iterations 2
GAMG:  Solving for p, Initial residual = 3.275282513e-06, Final residual = 3.154088968e-08, No Iterations 2
time step continuity errors (region0): sum local = 1.898433256e-09, global = -2.728993977e-10, cumulative = -1.369319463e-07
smoothSolver:  Solving for omega, Initial residual = 1.043992674e-05, Final residual = 6.128083292e-07, No Iterations 1
smoothSolver:  Solving for k, Initial residual = 0.0001372535095, Final residual = 3.149204313e-06, No Iterations 1

ExecutionTime = 1.74 s  ExecutionStepTime = 0.01 s  ClockTime = 2 s

forces FR write:
    Sum of forces
        Total    : ( 0.5183231674 0 -2.315412307 )
        Pressure : ( 0.4815574859 0 -2.313564368 )
        Viscous  : ( 0.03676568146 0 -0.001847938625 )
    Sum of moments
        Total    : ( -1.123311779 0.6448538788 -0.2514621336 )
        Pressure : ( -1.12241526 0.6472334885 -0.23362543 )
        Viscous  : ( -0.0008965190421 -0.002379609718 -0.0178367036 )


liftDrag LD execute:
Viscous drag: 0.003053128966, pressure drag: 0.0399899322, porous drag: 0
Viscous lift: -0.0001534581903, pressure lift: -0.1921251044, porous lift: 0
Total lift: -0.1922785626, Front lift: -0.04258874236, Rear lift: -0.1496898202, Drag: 0.04304306117
Location of Center of Mass: ( 0.15305161 0.4851454642 -0.0449368109 )
Location of Center Of Pressure: ( 0.2820976485 0.4851454642 -0.01604884516 )


yPlus yPlus execute:
    patch Bottom y+ : min = 26.70014589, max = 259.6332669, average = 131.1136359
    patch Top y+ : min = 45.47208814, max = 282.4857219, average = 157.4576737
    patch e423_0 y+ : min = 16.25601351, max = 661.2229828, average = 350.9887659


################################################################################

Time = 146

Outer Loop Iteration = 146
smoothSolver:  Solving for Ux, Initial residual = 0.000172432702, Final residual = 1.788904514e-06, No Iterations 2
smoothSolver:  Solving for Uz, Initial residual = 0.0002190713356, Final residual = 3.839976323e-06, No Iterations 2
GAMG:  Solving for p, Initial residual = 0.000196189481, Final residual = 8.772137676e-07, No Iterations 3
GAMG:  Solving for p, Initial residual = 1.606499817e-05, Final residual = 1.505066909e-07, No Iterations 2
GAMG:  Solving for p, Initial residual = 3.079827885e-06, Final residual = 3.019324905e-08, No Iterations 2
time step continuity errors (region0): sum local = 1.817052975e-09, global = -3.245624066e-10, cumulative = -1.372565087e-07
smoothSolver:  Solving for omega, Initial residual = 9.972284098e-06, Final residual = 5.80837142e-07, No Iterations 1
smoothSolver:  Solving for k, Initial residual = 0.0001257662086, Final residual = 2.87624309e-06, No Iterations 1

ExecutionTime = 1.78 s  ExecutionStepTime = 0.04 s  ClockTime = 2 s

forces FR write:
    Sum of forces
        Total    : ( 0.5183515789 0 -2.315182946 )
        Pressure : ( 0.4815873406 0 -2.313335232 )
        Viscous  : ( 0.03676423827 0 -0.00184771384 )
    Sum of moments
        Total    : ( -1.123200505 0.6448089554 -0.2514759173 )
        Pressure : ( -1.122304095 0.6471885433 -0.2336399139 )
        Viscous  : ( -0.0008964099889 -0.002379587883 -0.01783600344 )


liftDrag LD execute:
Viscous drag: 0.003053009119, pressure drag: 0.03999241142, porous drag: 0
Viscous lift: -0.0001534395236, pressure lift: -0.1921060762, porous lift: 0
Total lift: -0.1922595158, Front lift: -0.04258294952, Rear lift: -0.1496765662, Drag: 0.04304542054
Location of Center of Mass: ( 0.15305161 0.4851454642 -0.0449368109 )
Location of Center Of Pressure: ( 0.2821050235 0.4851454642 -0.01604274844 )


yPlus yPlus execute:
    patch Bottom y+ : min = 26.74915589, max = 259.5989072, average = 131.1250879
    patch Top y+ : min = 45.4639105, max = 282.4808678, average = 157.4620009
    patch e423_0 y+ : min = 16.25707911, max = 661.2192748, average = 350.9767377


################################################################################

Time = 147

Outer Loop Iteration = 147
smoothSolver:  Solving for Ux, Initial residual = 0.000163585181, Final residual = 1.683492587e-06, No Iterations 2
smoothSolver:  Solving for Uz, Initial residual = 0.0002075034602, Final residual = 3.601301705e-06, No Iterations 2
GAMG:  Solving for p, Initial residual = 0.0001884192929, Final residual = 8.457973158e-07, No Iterations 3
GAMG:  Solving for p, Initial residual = 1.518602045e-05, Final residual = 1.457828828e-07, No Iterations 2
GAMG:  Solving for p, Initial residual = 2.910578819e-06, Final residual = 1.135350653e-08, No Iterations 3
time step continuity errors (region0): sum local = 6.831627547e-10, global = -1.411280588e-10, cumulative = -1.373976367e-07
smoothSolver:  Solving for omega, Initial residual = 9.517668107e-06, Final residual = 5.496559007e-07, No Iterations 1
smoothSolver:  Solving for k, Initial residual = 0.0001152571778, Final residual = 2.627162934e-06, No Iterations 1

ExecutionTime = 1.81 s  ExecutionStepTime = 0.03 s  ClockTime = 2 s

forces FR write:
    Sum of forces
        Total    : ( 0.5183774419 0 -2.314972925 )
        Pressure : ( 0.481614594 0 -2.313125422 )
        Viscous  : ( 0.03676284785 0 -0.001847503354 )
    Sum of moments
        Total    : ( -1.123098614 0.6447673763 -0.2514884647 )
        Pressure : ( -1.122202307 0.6471469418 -0.2336531358 )
        Viscous  : ( -0.0008963078725 -0.002379565536 -0.01783532889 )


liftDrag LD execute:
Viscous drag: 0.003052893655, pressure drag: 0.03999467463, porous drag: 0
Viscous lift: -0.0001534220442, pressure lift: -0.192088653, porous lift: 0
Total lift: -0.192242075, Front lift: -0.042577682, Rear lift: -0.149664393, Drag: 0.04304756828
Location of Center of Mass: ( 0.15305161 0.4851454642 -0.0449368109 )
Location of Center Of Pressure: ( 0.2821115958 0.4851454642 -0.0160372136 )


yPlus yPlus execute:
    patch Bottom y+ : min = 26.77832756, max = 259.5728955, average = 131.1402761
    patch Top y+ : min = 45.45490867, max = 282.4833593, average = 157.4713152
    patch e423_0 y+ : min = 16.25803952, max = 661.2157901, average = 350.9651508


################################################################################

Time = 148

Outer Loop Iteration = 148
smoothSolver:  Solving for Ux, Initial residual = 0.0001552538576, Final residual = 1.586255721e-06, No Iterations 2
smoothSolver:  Solving for Uz, Initial residual = 0.0001961850228, Final residual = 3.35926482e-06, No Iterations 2
GAMG:  Solving for p, Initial residual = 0.0001806551372, Final residual = 8.115423811e-07, No Iterations 3
GAMG:  Solving for p, Initial residual = 1.472369495e-05, Final residual = 1.396281592e-07, No Iterations 2
GAMG:  Solving for p, Initial residual = 2.876149989e-06, Final residual = 1.100407588e-08, No Iterations 3
time step continuity errors (region0): sum local = 6.620425822e-10, global = -1.47675099e-10, cumulative = -1.375453118e-07
smoothSolver:  Solving for omega, Initial residual = 9.085324382e-06, Final residual = 5.225156093e-07, No Iterations 1
smoothSolver:  Solving for k, Initial residual = 0.0001056403112, Final residual = 2.398553314e-06, No Iterations 1

ExecutionTime = 1.83 s  ExecutionStepTime = 0.02 s  ClockTime = 2 s

forces FR write:
    Sum of forces
        Total    : ( 0.5184007218 0 -2.314784492 )
        Pressure : ( 0.4816392147 0 -2.312937185 )
        Viscous  : ( 0.0367615071 0 -0.001847306606 )
    Sum of moments
        Total    : ( -1.123007197 0.6447297764 -0.2514997588 )
        Pressure : ( -1.122110984 0.6471093191 -0.2336650804 )
        Viscous  : ( -0.0008962124208 -0.002379542682 -0.01783467843 )


liftDrag LD execute:
Viscous drag: 0.003052782315, pressure drag: 0.0399967192, porous drag: 0
Viscous lift: -0.0001534057056, pressure lift: -0.1920730212, porous lift: 0
Total lift: -0.1922264269, Front lift: -0.04257298037, Rear lift: -0.1496534466, Drag: 0.04304950152
Location of Center of Mass: ( 0.15305161 0.4851454642 -0.0449368109 )
Location of Center Of Pressure: ( 0.2821173716 0.4851454642 -0.01603226958 )


yPlus yPlus execute:
    patch Bottom y+ : min = 26.78935815, max = 259.559693, average = 131.1587791
    patch Top y+ : min = 45.44531657, max = 282.4936629, average = 157.4851468
    patch e423_0 y+ : min = 16.25889665, max = 661.2125159, average = 350.9539971


################################################################################

Time = 149

Outer Loop Iteration = 149
smoothSolver:  Solving for Ux, Initial residual = 0.0001471631389, Final residual = 1.502055438e-06, No Iterations 2
smoothSolver:  Solving for Uz, Initial residual = 0.0001861903825, Final residual = 3.118636347e-06, No Iterations 2
GAMG:  Solving for p, Initial residual = 0.0001719531261, Final residual = 7.878474847e-07, No Iterations 3
GAMG:  Solving for p, Initial residual = 1.402349494e-05, Final residual = 1.325668582e-07, No Iterations 2
GAMG:  Solving for p, Initial residual = 2.717698551e-06, Final residual = 1.057760884e-08, No Iterations 3
time step continuity errors (region0): sum local = 6.362975406e-10, global = -1.361395037e-10, cumulative = -1.376814513e-07
smoothSolver:  Solving for omega, Initial residual = 8.662563562e-06, Final residual = 4.963050845e-07, No Iterations 1
smoothSolver:  Solving for k, Initial residual = 9.684709297e-05, Final residual = 2.189673407e-06, No Iterations 1

ExecutionTime = 1.86 s  ExecutionStepTime = 0.02 s  ClockTime = 2 s

forces FR write:
    Sum of forces
        Total    : ( 0.5184216176 0 -2.314615283 )
        Pressure : ( 0.4816613993 0 -2.312768159 )
        Viscous  : ( 0.0367602183 0 -0.001847123076 )
    Sum of moments
        Total    : ( -1.122925106 0.6446956005 -0.2515098963 )
        Pressure : ( -1.122028982 0.6470751201 -0.2336758431 )
        Viscous  : ( -0.000896123382 -0.002379519544 -0.01783405317 )


liftDrag LD execute:
Viscous drag: 0.003052675289, pressure drag: 0.03999856147, porous drag: 0
Viscous lift: -0.0001533904647, pressure lift: -0.1920589849, porous lift: 0
Total lift: -0.1922123753, Front lift: -0.04256879263, Rear lift: -0.1496435827, Drag: 0.04305123676
Location of Center of Mass: ( 0.15305161 0.4851454642 -0.0449368109 )
Location of Center Of Pressure: ( 0.2821223892 0.4851454642 -0.01602786752 )


yPlus yPlus execute:
    patch Bottom y+ : min = 26.78312028, max = 259.5619642, average = 131.1804977
    patch Top y+ : min = 45.43491682, max = 282.5117652, average = 157.5033193
    patch e423_0 y+ : min = 16.25965275, max = 661.2094503, average = 350.9433033


################################################################################

Time = 150

Outer Loop Iteration = 150
smoothSolver:  Solving for Ux, Initial residual = 0.0001392450394, Final residual = 1.426347329e-06, No Iterations 2
smoothSolver:  Solving for Uz, Initial residual = 0.000176216765, Final residual = 2.882467733e-06, No Iterations 2
GAMG:  Solving for p, Initial residual = 0.0001634916973, Final residual = 7.262604842e-07, No Iterations 3
GAMG:  Solving for p, Initial residual = 1.327275612e-05, Final residual = 1.313815009e-07, No Iterations 2
GAMG:  Solving for p, Initial residual = 2.663927232e-06, Final residual = 2.600746948e-08, No Iterations 2
time step continuity errors (region0): sum local = 1.564307337e-09, global = -6.56691455e-11, cumulative = -1.377471205e-07
smoothSolver:  Solving for omega, Initial residual = 8.254028326e-06, Final residual = 4.706715182e-07, No Iterations 1
smoothSolver:  Solving for k, Initial residual = 8.879684766e-05, Final residual = 1.998839295e-06, No Iterations 1

ExecutionTime = 1.9 s  ExecutionStepTime = 0.02 s  ClockTime = 2 s

forces FR write:
    Sum of forces
        Total    : ( 0.5184402303 0 -2.314462237 )
        Pressure : ( 0.4816812474 0 -2.312615285 )
        Viscous  : ( 0.03675898292 0 -0.00184695244 )
    Sum of moments
        Total    : ( -1.122850857 0.6446641329 -0.2515189262 )
        Pressure : ( -1.121954816 0.6470436291 -0.2336854724 )
        Viscous  : ( -0.0008960405989 -0.002379496234 -0.01783345383 )


liftDrag LD execute:
Viscous drag: 0.0030525727, pressure drag: 0.04000020972, porous drag: 0
Viscous lift: -0.0001533762947, pressure lift: -0.1920462897, porous lift: 0
Total lift: -0.192199666, Front lift: -0.04256505113, Rear lift: -0.1496346149, Drag: 0.04305278242
Location of Center of Mass: ( 0.15305161 0.4851454642 -0.0449368109 )
Location of Center Of Pressure: ( 0.2821267005 0.4851454642 -0.0160239522 )


yPlus yPlus execute:
    patch Bottom y+ : min = 26.76467584, max = 259.5842797, average = 131.2060562
    patch Top y+ : min = 45.42536544, max = 282.5424439, average = 157.5192891
    patch e423_0 y+ : min = 16.2603107, max = 661.20658, average = 350.9330802


################################################################################

Time = 151

Outer Loop Iteration = 151
smoothSolver:  Solving for Ux, Initial residual = 0.0001325483901, Final residual = 1.354944775e-06, No Iterations 2
smoothSolver:  Solving for Uz, Initial residual = 0.0001645789966, Final residual = 2.659665733e-06, No Iterations 2
GAMG:  Solving for p, Initial residual = 0.0001581685343, Final residual = 7.047039737e-07, No Iterations 3
GAMG:  Solving for p, Initial residual = 1.300706097e-05, Final residual = 4.624235845e-08, No Iterations 3
GAMG:  Solving for p, Initial residual = 2.657979537e-06, Final residual = 1.892075493e-08, No Iterations 2
time step continuity errors (region0): sum local = 1.137935458e-09, global = 4.038095724e-11, cumulative = -1.377067395e-07
smoothSolver:  Solving for omega, Initial residual = 7.864145837e-06, Final residual = 4.457589398e-07, No Iterations 1
smoothSolver:  Solving for k, Initial residual = 8.141864014e-05, Final residual = 1.823832559e-06, No Iterations 1

ExecutionTime = 1.93 s  ExecutionStepTime = 0.02 s  ClockTime = 2 s

forces FR write:
    Sum of forces
        Total    : ( 0.5184567196 0 -2.314323997 )
        Pressure : ( 0.4816989179 0 -2.312477202 )
        Viscous  : ( 0.03675780168 0 -0.001846794483 )
    Sum of moments
        Total    : ( -1.12278379 0.6446351307 -0.2515269259 )
        Pressure : ( -1.121887826 0.6470146035 -0.2336940452 )
        Viscous  : ( -0.0008959639666 -0.002379472807 -0.01783288076 )


liftDrag LD execute:
Viscous drag: 0.003052474606, pressure drag: 0.04000167713, porous drag: 0
Viscous lift: -0.0001533631774, pressure lift: -0.1920348229, porous lift: 0
Total lift: -0.1921881861, Front lift: -0.04256171961, Rear lift: -0.1496264665, Drag: 0.04305415174
Location of Center of Mass: ( 0.15305161 0.4851454642 -0.0449368109 )
Location of Center Of Pressure: ( 0.2821303587 0.4851454642 -0.016020486 )


yPlus yPlus execute:
    patch Bottom y+ : min = 26.73479639, max = 259.6199425, average = 131.2347194
    patch Top y+ : min = 45.41512608, max = 282.5279015, average = 157.5332751
    patch e423_0 y+ : min = 16.26087397, max = 661.203902, average = 350.9233344


################################################################################

Time = 152

Outer Loop Iteration = 152
smoothSolver:  Solving for Ux, Initial residual = 0.0001259854669, Final residual = 1.283298665e-06, No Iterations 2
smoothSolver:  Solving for Uz, Initial residual = 0.0001586838161, Final residual = 2.449946841e-06, No Iterations 2
GAMG:  Solving for p, Initial residual = 0.0001554423052, Final residual = 6.813892292e-07, No Iterations 3
GAMG:  Solving for p, Initial residual = 1.336532462e-05, Final residual = 1.32030289e-07, No Iterations 2
GAMG:  Solving for p, Initial residual = 2.689497838e-06, Final residual = 2.466982498e-08, No Iterations 2
time step continuity errors (region0): sum local = 1.483550839e-09, global = 1.65636003e-11, cumulative = -1.376901759e-07
smoothSolver:  Solving for omega, Initial residual = 7.497847347e-06, Final residual = 4.214995863e-07, No Iterations 1
smoothSolver:  Solving for k, Initial residual = 7.465260064e-05, Final residual = 1.663567272e-06, No Iterations 1

ExecutionTime = 1.96 s  ExecutionStepTime = 0.03 s  ClockTime = 2 s

forces FR write:
    Sum of forces
        Total    : ( 0.5184710789 0 -2.314200215 )
        Pressure : ( 0.4817144017 0 -2.312353566 )
        Viscous  : ( 0.03675667717 0 -0.001846649321 )
    Sum of moments
        Total    : ( -1.122723738 0.6446085658 -0.2515338923 )
        Pressure : ( -1.121827844 0.6469880152 -0.233701557 )
        Viscous  : ( -0.000895893542 -0.002379449345 -0.01783233521 )


liftDrag LD execute:
Viscous drag: 0.003052381223, pressure drag: 0.04000296295, porous drag: 0
Viscous lift: -0.0001533511228, pressure lift: -0.1920245558, porous lift: 0
Total lift: -0.1921779069, Front lift: -0.04255878603, Rear lift: -0.1496191209, Drag: 0.04305534417
Location of Center of Mass: ( 0.15305161 0.4851454642 -0.0449368109 )
Location of Center Of Pressure: ( 0.2821333914 0.4851454642 -0.01601745895 )


yPlus yPlus execute:
    patch Bottom y+ : min = 26.69441807, max = 259.660337, average = 131.2648847
    patch Top y+ : min = 45.40479255, max = 282.4718918, average = 157.5459452
    patch e423_0 y+ : min = 16.26134665, max = 661.2014037, average = 350.9140884


################################################################################

Time = 153

Outer Loop Iteration = 153
smoothSolver:  Solving for Ux, Initial residual = 0.0001195995111, Final residual = 1.213871449e-06, No Iterations 2
smoothSolver:  Solving for Uz, Initial residual = 0.0001542633799, Final residual = 2.253349008e-06, No Iterations 2
GAMG:  Solving for p, Initial residual = 0.0001491256212, Final residual = 6.552041822e-07, No Iterations 3
GAMG:  Solving for p, Initial residual = 1.321686393e-05, Final residual = 1.283932589e-07, No Iterations 2
GAMG:  Solving for p, Initial residual = 2.763798201e-06, Final residual = 2.622590091e-08, No Iterations 2
time step continuity errors (region0): sum local = 1.576977797e-09, global = -1.943440229e-11, cumulative = -1.377096103e-07
smoothSolver:  Solving for omega, Initial residual = 7.146149688e-06, Final residual = 3.980548122e-07, No Iterations 1
smoothSolver:  Solving for k, Initial residual = 6.845584399e-05, Final residual = 1.516900679e-06, No Iterations 1

ExecutionTime = 1.99 s  ExecutionStepTime = 0.02 s  ClockTime = 2 s

forces FR write:
    Sum of forces
        Total    : ( 0.5184835405 0 -2.314089761 )
        Pressure : ( 0.4817279308 0 -2.312243245 )
        Viscous  : ( 0.03675560966 0 -0.00184651637 )
    Sum of moments
        Total    : ( -1.122670151 0.644584325 -0.2515399379 )
        Pressure : ( -1.121774322 0.6469637509 -0.2337081206 )
        Viscous  : ( -0.0008958290415 -0.00237942597 -0.01783181731 )


liftDrag LD execute:
Viscous drag: 0.003052292574, pressure drag: 0.04000408644, porous drag: 0
Viscous lift: -0.0001533400822, pressure lift: -0.1920153944, porous lift: 0
Total lift: -0.1921687345, Front lift: -0.04255621285, Rear lift: -0.1496125216, Drag: 0.04305637902
Location of Center of Mass: ( 0.15305161 0.4851454642 -0.0449368109 )
Location of Center Of Pressure: ( 0.282135879 0.4851454642 -0.01601482614 )


yPlus yPlus execute:
    patch Bottom y+ : min = 26.64377575, max = 259.7101178, average = 131.2965919
    patch Top y+ : min = 45.39397507, max = 282.3980886, average = 157.5602291
    patch e423_0 y+ : min = 16.26173302, max = 661.1990786, average = 350.9053389


################################################################################

Time = 154

Outer Loop Iteration = 154
smoothSolver:  Solving for Ux, Initial residual = 0.0001135021182, Final residual = 1.151876609e-06, No Iterations 2
smoothSolver:  Solving for Uz, Initial residual = 0.0001479833233, Final residual = 2.071040905e-06, No Iterations 2
GAMG:  Solving for p, Initial residual = 0.0001427228003, Final residual = 6.227549436e-07, No Iterations 3
GAMG:  Solving for p, Initial residual = 1.311738127e-05, Final residual = 4.492767749e-08, No Iterations 3
GAMG:  Solving for p, Initial residual = 2.563121652e-06, Final residual = 1.864493957e-08, No Iterations 2
time step continuity errors (region0): sum local = 1.121025957e-09, global = 8.785353238e-11, cumulative = -1.376217568e-07
smoothSolver:  Solving for omega, Initial residual = 6.808523373e-06, Final residual = 3.757133873e-07, No Iterations 1
smoothSolver:  Solving for k, Initial residual = 6.276782769e-05, Final residual = 1.382668804e-06, No Iterations 1

ExecutionTime = 2 s  ExecutionStepTime = 0.01 s  ClockTime = 2 s

forces FR write:
    Sum of forces
        Total    : ( 0.5184941263 0 -2.313992237 )
        Pressure : ( 0.4817395278 0 -2.312145842 )
        Viscous  : ( 0.0367545985 0 -0.001846394878 )
    Sum of moments
        Total    : ( -1.122622838 0.6445623241 -0.2515450736 )
        Pressure : ( -1.121727068 0.646941727 -0.2337137469 )
        Viscous  : ( -0.0008957701001 -0.002379402832 -0.01783132675 )


liftDrag LD execute:
Viscous drag: 0.003052208605, pressure drag: 0.04000504949, porous drag: 0
Viscous lift: -0.0001533299931, pressure lift: -0.1920073058, porous lift: 0
Total lift: -0.1921606358, Front lift: -0.04255399051, Rear lift: -0.1496066453, Drag: 0.0430572581
Location of Center of Mass: ( 0.15305161 0.4851454642 -0.0449368109 )
Location of Center Of Pressure: ( 0.2821378318 0.4851454642 -0.01601257912 )


yPlus yPlus execute:
    patch Bottom y+ : min = 26.58322566, max = 259.7715246, average = 131.3302638
    patch Top y+ : min = 45.38288846, max = 282.327952, average = 157.578015
    patch e423_0 y+ : min = 16.26203757, max = 661.1969204, average = 350.8970724


################################################################################

Time = 155

Outer Loop Iteration = 155
smoothSolver:  Solving for Ux, Initial residual = 0.0001077997319, Final residual = 1.093707459e-06, No Iterations 2
smoothSolver:  Solving for Uz, Initial residual = 0.0001433141419, Final residual = 1.906761948e-06, No Iterations 2
GAMG:  Solving for p, Initial residual = 0.0001387056946, Final residual = 5.970854261e-07, No Iterations 3
GAMG:  Solving for p, Initial residual = 1.19686802e-05, Final residual = 4.340163504e-08, No Iterations 3
GAMG:  Solving for p, Initial residual = 2.283240966e-06, Final residual = 1.88694275e-08, No Iterations 2
time step continuity errors (region0): sum local = 1.134419705e-09, global = -8.707800329e-12, cumulative = -1.376304646e-07
smoothSolver:  Solving for omega, Initial residual = 6.48413793e-06, Final residual = 3.544149111e-07, No Iterations 1
smoothSolver:  Solving for k, Initial residual = 5.754816124e-05, Final residual = 1.259957313e-06, No Iterations 1

ExecutionTime = 2.01 s  ExecutionStepTime = 0.01 s  ClockTime = 2 s

forces FR write:
    Sum of forces
        Total    : ( 0.5185028761 0 -2.313907 )
        Pressure : ( 0.481749232 0 -2.312060716 )
        Viscous  : ( 0.03675364409 0 -0.001846284318 )
    Sum of moments
        Total    : ( -1.122581486 0.6445424131 -0.2515493185 )
        Pressure : ( -1.121685769 0.6469217932 -0.2337184548 )
        Viscous  : ( -0.0008957164625 -0.002379380096 -0.01783086373 )


liftDrag LD execute:
Viscous drag: 0.003052129348, pressure drag: 0.04000585535, porous drag: 0
Viscous lift: -0.0001533208119, pressure lift: -0.1920002367, porous lift: 0
Total lift: -0.1921535575, Front lift: -0.04255210484, Rear lift: -0.1496014527, Drag: 0.0430579847
Location of Center of Mass: ( 0.15305161 0.4851454642 -0.0449368109 )
Location of Center Of Pressure: ( 0.2821392605 0.4851454642 -0.01601070537 )


yPlus yPlus execute:
    patch Bottom y+ : min = 26.51314003, max = 259.8462751, average = 131.3655426
    patch Top y+ : min = 45.37158863, max = 282.2947102, average = 157.5997808
    patch e423_0 y+ : min = 16.26226562, max = 661.194923, average = 350.8892857


################################################################################

Time = 156

Outer Loop Iteration = 156
smoothSolver:  Solving for Ux, Initial residual = 0.0001021181719, Final residual = 1.044582895e-06, No Iterations 2
smoothSolver:  Solving for Uz, Initial residual = 0.0001368644101, Final residual = 1.758313756e-06, No Iterations 2
GAMG:  Solving for p, Initial residual = 0.0001325289074, Final residual = 5.781118141e-07, No Iterations 3
GAMG:  Solving for p, Initial residual = 1.139892273e-05, Final residual = 4.183090553e-08, No Iterations 3
GAMG:  Solving for p, Initial residual = 2.12557929e-06, Final residual = 1.918503592e-08, No Iterations 2
time step continuity errors (region0): sum local = 1.153290469e-09, global = -3.54641529e-11, cumulative = -1.376659288e-07
smoothSolver:  Solving for omega, Initial residual = 6.172614652e-06, Final residual = 3.338760525e-07, No Iterations 1
smoothSolver:  Solving for k, Initial residual = 5.275805429e-05, Final residual = 1.147818075e-06, No Iterations 1

ExecutionTime = 2.03 s  ExecutionStepTime = 0.02 s  ClockTime = 2 s

forces FR write:
    Sum of forces
        Total    : ( 0.5185099473 0 -2.313833246 )
        Pressure : ( 0.481757201 0 -2.311987062 )
        Viscous  : ( 0.03675274634 0 -0.001846184033 )
    Sum of moments
        Total    : ( -1.122545704 0.6445244934 -0.2515527491 )
        Pressure : ( -1.121650037 0.6469038513 -0.2337223209 )
        Viscous  : ( -0.0008956678098 -0.002379357921 -0.01783042819 )


liftDrag LD execute:
Viscous drag: 0.003052054796, pressure drag: 0.04000651712, porous drag: 0
Viscous lift: -0.0001533124839, pressure lift: -0.1919941203, porous lift: 0
Total lift: -0.1921474328, Front lift: -0.04255053059, Rear lift: -0.1495969022, Drag: 0.04305857192
Location of Center of Mass: ( 0.15305161 0.4851454642 -0.0449368109 )
Location of Center Of Pressure: ( 0.2821402151 0.4851454642 -0.01600917493 )


yPlus yPlus execute:
    patch Bottom y+ : min = 26.43493323, max = 259.9330435, average = 131.4023415
    patch Top y+ : min = 45.36032756, max = 282.2908885, average = 157.6242491
    patch e423_0 y+ : min = 16.26242285, max = 661.1930799, average = 350.8819725


################################################################################

Time = 157

Outer Loop Iteration = 157
smoothSolver:  Solving for Ux, Initial residual = 9.67060617e-05, Final residual = 9.966326166e-07, No Iterations 2
smoothSolver:  Solving for Uz, Initial residual = 0.000130938629, Final residual = 1.640993071e-06, No Iterations 2
GAMG:  Solving for p, Initial residual = 0.0001254754269, Final residual = 5.550542684e-07, No Iterations 3
GAMG:  Solving for p, Initial residual = 1.067107068e-05, Final residual = 4.00495231e-08, No Iterations 3
GAMG:  Solving for p, Initial residual = 1.88467587e-06, Final residual = 6.088421098e-09, No Iterations 3
time step continuity errors (region0): sum local = 3.659671508e-10, global = -2.732455729e-11, cumulative = -1.376932533e-07
smoothSolver:  Solving for omega, Initial residual = 5.873428656e-06, Final residual = 3.146230972e-07, No Iterations 1
smoothSolver:  Solving for k, Initial residual = 4.836122368e-05, Final residual = 1.045292092e-06, No Iterations 1

ExecutionTime = 2.04 s  ExecutionStepTime = 0.01 s  ClockTime = 2 s

forces FR write:
    Sum of forces
        Total    : ( 0.5185154714 0 -2.313770303 )
        Pressure : ( 0.4817635665 0 -2.31192421 )
        Viscous  : ( 0.03675190485 0 -0.001846093399 )
    Sum of moments
        Total    : ( -1.122515168 0.6445084778 -0.2515554291 )
        Pressure : ( -1.121619544 0.6468878142 -0.2337254091 )
        Viscous  : ( -0.0008956238391 -0.002379336446 -0.01783001994 )


liftDrag LD execute:
Viscous drag: 0.003051984916, pressure drag: 0.04000704573, porous drag: 0
Viscous lift: -0.0001533049574, pressure lift: -0.1919889008, porous lift: 0
Total lift: -0.1921422058, Front lift: -0.04254924708, Rear lift: -0.1495929587, Drag: 0.04305903065
Location of Center of Mass: ( 0.15305161 0.4851454642 -0.0449368109 )
Location of Center Of Pressure: ( 0.2821407352 0.4851454642 -0.01600796325 )


yPlus yPlus execute:
    patch Bottom y+ : min = 26.3501405, max = 260.0286612, average = 131.4398734
    patch Top y+ : min = 45.34920034, max = 282.304857, average = 157.650399
    patch e423_0 y+ : min = 16.26251473, max = 661.1913862, average = 350.8751259


################################################################################

Time = 158

Outer Loop Iteration = 158
smoothSolver:  Solving for Ux, Initial residual = 9.158636623e-05, Final residual = 9.496394196e-07, No Iterations 2
smoothSolver:  Solving for Uz, Initial residual = 0.000124778826, Final residual = 1.556286234e-06, No Iterations 2
GAMG:  Solving for p, Initial residual = 0.0001179501776, Final residual = 5.352983334e-07, No Iterations 3
GAMG:  Solving for p, Initial residual = 9.944684852e-06, Final residual = 3.837892179e-08, No Iterations 3
GAMG:  Solving for p, Initial residual = 1.732843563e-06, Final residual = 5.985901469e-09, No Iterations 3
time step continuity errors (region0): sum local = 3.597739973e-10, global = -2.534236387e-11, cumulative = -1.377185957e-07
smoothSolver:  Solving for omega, Initial residual = 5.585868355e-06, Final residual = 2.960842159e-07, No Iterations 1
smoothSolver:  Solving for k, Initial residual = 4.432272063e-05, Final residual = 9.516142022e-07, No Iterations 1

ExecutionTime = 2.05 s  ExecutionStepTime = 0.01 s  ClockTime = 2 s

forces FR write:
    Sum of forces
        Total    : ( 0.5185195568 0 -2.313717524 )
        Pressure : ( 0.481768438 0 -2.311871512 )
        Viscous  : ( 0.03675111878 0 -0.001846011803 )
    Sum of moments
        Total    : ( -1.122489562 0.6444942848 -0.2515574111 )
        Pressure : ( -1.121593978 0.6468736006 -0.2337277725 )
        Viscous  : ( -0.0008955842531 -0.00237931578 -0.01782963858 )


liftDrag LD execute:
Viscous drag: 0.003051919638, pressure drag: 0.04000745028, porous drag: 0
Viscous lift: -0.0001532981814, pressure lift: -0.1919845247, porous lift: 0
Total lift: -0.1921378229, Front lift: -0.04254823424, Rear lift: -0.1495895886, Drag: 0.04305936992
Location of Center of Mass: ( 0.15305161 0.4851454642 -0.0449368109 )
Location of Center Of Pressure: ( 0.2821408599 0.4851454642 -0.01600704744 )


yPlus yPlus execute:
    patch Bottom y+ : min = 26.26059139, max = 260.1314117, average = 131.4776378
    patch Top y+ : min = 45.33841407, max = 282.3315716, average = 157.6776834
    patch e423_0 y+ : min = 16.262547, max = 661.1898344, average = 350.8687377


################################################################################

Time = 159

Outer Loop Iteration = 159
smoothSolver:  Solving for Ux, Initial residual = 8.676707693e-05, Final residual = 9.053496066e-07, No Iterations 2
smoothSolver:  Solving for Uz, Initial residual = 0.0001184711089, Final residual = 1.504129461e-06, No Iterations 2
GAMG:  Solving for p, Initial residual = 0.0001104944103, Final residual = 5.134336498e-07, No Iterations 3
GAMG:  Solving for p, Initial residual = 9.316484927e-06, Final residual = 3.616647274e-08, No Iterations 3
GAMG:  Solving for p, Initial residual = 1.593286204e-06, Final residual = 5.725172418e-09, No Iterations 3
time step continuity errors (region0): sum local = 3.440747321e-10, global = -1.913317812e-11, cumulative = -1.377377289e-07
smoothSolver:  Solving for omega, Initial residual = 5.310425718e-06, Final residual = 2.784159446e-07, No Iterations 1
smoothSolver:  Solving for k, Initial residual = 4.061259596e-05, Final residual = 8.661367809e-07, No Iterations 1

ExecutionTime = 2.06 s  ExecutionStepTime = 0.01 s  ClockTime = 2 s

forces FR write:
    Sum of forces
        Total    : ( 0.5185223419 0 -2.313674207 )
        Pressure : ( 0.481771955 0 -2.311828268 )
        Viscous  : ( 0.0367503869 0 -0.001845938745 )
    Sum of moments
        Total    : ( -1.122468547 0.6444818112 -0.2515587623 )
        Pressure : ( -1.121572998 0.6468611072 -0.2337294788 )
        Viscous  : ( -0.0008955488092 -0.002379295977 -0.01782928351 )


liftDrag LD execute:
Viscous drag: 0.003051858862, pressure drag: 0.04000774234, porous drag: 0
Viscous lift: -0.0001532921145, pressure lift: -0.1919809336, porous lift: 0
Total lift: -0.1921342257, Front lift: -0.0425474715, Rear lift: -0.1495867542, Drag: 0.0430596012
Location of Center of Mass: ( 0.15305161 0.4851454642 -0.0449368109 )
Location of Center Of Pressure: ( 0.2821406258 0.4851454642 -0.01600640289 )


yPlus yPlus execute:
    patch Bottom y+ : min = 26.16812612, max = 260.239451, average = 131.5151497
    patch Top y+ : min = 45.32804865, max = 282.3681919, average = 157.7056223
    patch e423_0 y+ : min = 16.26252567, max = 661.1884211, average = 350.8627985


################################################################################

Time = 160

Outer Loop Iteration = 160
smoothSolver:  Solving for Ux, Initial residual = 8.219322327e-05, Final residual = 8.623165143e-07, No Iterations 2
smoothSolver:  Solving for Uz, Initial residual = 0.0001124174664, Final residual = 1.472643438e-06, No Iterations 2
GAMG:  Solving for p, Initial residual = 0.0001049194582, Final residual = 4.883662095e-07, No Iterations 3
GAMG:  Solving for p, Initial residual = 8.755450107e-06, Final residual = 3.349596278e-08, No Iterations 3
GAMG:  Solving for p, Initial residual = 1.452444558e-06, Final residual = 5.457278431e-09, No Iterations 3
time step continuity errors (region0): sum local = 3.279487479e-10, global = -9.959069556e-12, cumulative = -1.377476879e-07
smoothSolver:  Solving for omega, Initial residual = 5.046082387e-06, Final residual = 2.613756174e-07, No Iterations 1
smoothSolver:  Solving for k, Initial residual = 3.720307593e-05, Final residual = 7.881852313e-07, No Iterations 1

ExecutionTime = 2.08 s  ExecutionStepTime = 0.01 s  ClockTime = 2 s

forces FR write:
    Sum of forces
        Total    : ( 0.518523949 0 -2.313639685 )
        Pressure : ( 0.4817742414 0 -2.311793811 )
        Viscous  : ( 0.03674970759 0 -0.00184587379 )
    Sum of moments
        Total    : ( -1.122451799 0.6444709664 -0.2515595419 )
        Pressure : ( -1.121556282 0.6468502434 -0.233730588 )
        Viscous  : ( -0.0008955172966 -0.002379277047 -0.01782895395 )


liftDrag LD execute:
Viscous drag: 0.00305180245, pressure drag: 0.04000793221, porous drag: 0
Viscous lift: -0.0001532867204, pressure lift: -0.1919780722, porous lift: 0
Total lift: -0.1921313589, Front lift: -0.04254693868, Rear lift: -0.1495844202, Drag: 0.04305973466
Location of Center of Mass: ( 0.15305161 0.4851454642 -0.0449368109 )
Location of Center Of Pressure: ( 0.2821400705 0.4851454642 -0.01600600602 )


yPlus yPlus execute:
    patch Bottom y+ : min = 26.07468139, max = 260.3505198, average = 131.5519886
    patch Top y+ : min = 45.31828734, max = 282.4133743, average = 157.7337733
    patch e423_0 y+ : min = 16.26245692, max = 661.1871404, average = 350.8572966


################################################################################

Time = 161

Outer Loop Iteration = 161
smoothSolver:  Solving for Ux, Initial residual = 7.776385219e-05, Final residual = 8.189076844e-07, No Iterations 2
smoothSolver:  Solving for Uz, Initial residual = 0.0001066434392, Final residual = 1.450496974e-06, No Iterations 2
GAMG:  Solving for p, Initial residual = 0.0001002908162, Final residual = 4.601574456e-07, No Iterations 3
GAMG:  Solving for p, Initial residual = 8.058360849e-06, Final residual = 3.109277383e-08, No Iterations 3
GAMG:  Solving for p, Initial residual = 1.325703011e-06, Final residual = 5.153232453e-09, No Iterations 3
time step continuity errors (region0): sum local = 3.09653426e-10, global = -1.09137593e-11, cumulative = -1.377586017e-07
smoothSolver:  Solving for omega, Initial residual = 4.792125579e-06, Final residual = 2.471056108e-07, No Iterations 1
smoothSolver:  Solving for k, Initial residual = 3.406938673e-05, Final residual = 7.169762463e-07, No Iterations 1

ExecutionTime = 2.11 s  ExecutionStepTime = 0.01 s  ClockTime = 2 s

forces FR write:
    Sum of forces
        Total    : ( 0.518524496 0 -2.3136133 )
        Pressure : ( 0.4817754171 0 -2.311767484 )
        Viscous  : ( 0.03674907886 0 -0.001845816576 )
    Sum of moments
        Total    : ( -1.122438998 0.6444616588 -0.2515598073 )
        Pressure : ( -1.121543509 0.6468409177 -0.2337311584 )
        Viscous  : ( -0.0008954895396 -0.002379258954 -0.01782864892 )


liftDrag LD execute:
Viscous drag: 0.003051750237, pressure drag: 0.04000802985, porous drag: 0
Viscous lift: -0.0001532819692, pressure lift: -0.1919758858, porous lift: 0
Total lift: -0.1921291678, Front lift: -0.04254661606, Rear lift: -0.1495825517, Drag: 0.04305978008
Location of Center of Mass: ( 0.15305161 0.4851454642 -0.0449368109 )
Location of Center Of Pressure: ( 0.2821392303 0.4851454642 -0.01600583386 )


yPlus yPlus execute:
    patch Bottom y+ : min = 25.98195559, max = 260.4624763, average = 131.5876685
    patch Top y+ : min = 45.30921767, max = 282.466245, average = 157.7617891
    patch e423_0 y+ : min = 16.2623468, max = 661.1859867, average = 350.8522182


################################################################################

Time = 162

Outer Loop Iteration = 162
smoothSolver:  Solving for Ux, Initial residual = 7.353389745e-05, Final residual = 7.766245705e-07, No Iterations 2
smoothSolver:  Solving for Uz, Initial residual = 0.0001010208319, Final residual = 1.439471912e-06, No Iterations 2
GAMG:  Solving for p, Initial residual = 9.643344967e-05, Final residual = 4.294929079e-07, No Iterations 3
GAMG:  Solving for p, Initial residual = 7.234756412e-06, Final residual = 2.862315569e-08, No Iterations 3
GAMG:  Solving for p, Initial residual = 1.153346851e-06, Final residual = 4.801368342e-09, No Iterations 3
time step continuity errors (region0): sum local = 2.884889133e-10, global = -4.590164257e-12, cumulative = -1.377631918e-07
smoothSolver:  Solving for omega, Initial residual = 4.548959746e-06, Final residual = 2.336030487e-07, No Iterations 1
smoothSolver:  Solving for k, Initial residual = 3.118861923e-05, Final residual = 6.521572066e-07, No Iterations 1

ExecutionTime = 2.12 s  ExecutionStepTime = 0.01 s  ClockTime = 2 s

forces FR write:
    Sum of forces
        Total    : ( 0.5185240969 0 -2.313594392 )
        Pressure : ( 0.4817755984 0 -2.311748625 )
        Viscous  : ( 0.0367484985 0 -0.001845766787 )
    Sum of moments
        Total    : ( -1.122429825 0.6444537931 -0.2515596137 )
        Pressure : ( -1.12153436 0.6468330347 -0.2337312463 )
        Viscous  : ( -0.0008954653848 -0.002379241639 -0.01782836736 )


liftDrag LD execute:
Viscous drag: 0.003051702043, pressure drag: 0.0400080449, porous drag: 0
Viscous lift: -0.0001532778346, pressure lift: -0.1919743197, porous lift: 0
Total lift: -0.1921275976, Front lift: -0.04254648414, Rear lift: -0.1495811134, Drag: 0.04305974694
Location of Center of Mass: ( 0.15305161 0.4851454642 -0.0449368109 )
Location of Center Of Pressure: ( 0.2821381404 0.4851454642 -0.01600586395 )


yPlus yPlus execute:
    patch Bottom y+ : min = 25.89304948, max = 260.5707667, average = 131.6215766
    patch Top y+ : min = 45.30089391, max = 282.5260713, average = 157.7893119
    patch e423_0 y+ : min = 16.2622012, max = 661.1849547, average = 350.8475473


################################################################################

Time = 163

Outer Loop Iteration = 163
smoothSolver:  Solving for Ux, Initial residual = 6.954746413e-05, Final residual = 7.349867047e-07, No Iterations 2
smoothSolver:  Solving for Uz, Initial residual = 9.613809359e-05, Final residual = 1.432132157e-06, No Iterations 2
GAMG:  Solving for p, Initial residual = 9.250605416e-05, Final residual = 3.921083979e-07, No Iterations 3
GAMG:  Solving for p, Initial residual = 6.697070973e-06, Final residual = 2.607283394e-08, No Iterations 3
GAMG:  Solving for p, Initial residual = 1.077375049e-06, Final residual = 4.455812219e-09, No Iterations 3
time step continuity errors (region0): sum local = 2.677069286e-10, global = -1.82719032e-12, cumulative = -1.37765019e-07
smoothSolver:  Solving for omega, Initial residual = 4.319203791e-06, Final residual = 2.21533477e-07, No Iterations 1
smoothSolver:  Solving for k, Initial residual = 2.854027359e-05, Final residual = 5.942346532e-07, No Iterations 1

ExecutionTime = 2.14 s  ExecutionStepTime = 0.01 s  ClockTime = 2 s

forces FR write:
    Sum of forces
        Total    : ( 0.5185228612 0 -2.313582258 )
        Pressure : ( 0.4817748969 0 -2.311736534 )
        Viscous  : ( 0.03674796426 0 -0.001845724115 )
    Sum of moments
        Total    : ( -1.122423939 0.644447262 -0.2515590142 )
        Pressure : ( -1.121528494 0.646826487 -0.233730906 )
        Viscous  : ( -0.0008954446827 -0.002379225033 -0.01782810818 )


liftDrag LD execute:
Viscous drag: 0.003051657678, pressure drag: 0.04000798665, porous drag: 0
Viscous lift: -0.000153274291, pressure lift: -0.1919733157, porous lift: 0
Total lift: -0.19212659, Front lift: -0.04254652272, Rear lift: -0.1495800673, Drag: 0.04305964432
Location of Center of Mass: ( 0.15305161 0.4851454642 -0.0449368109 )
Location of Center Of Pressure: ( 0.2821368355 0.4851454642 -0.01600607362 )


yPlus yPlus execute:
    patch Bottom y+ : min = 25.81137181, max = 260.672777, average = 131.6530745
    patch Top y+ : min = 45.29351797, max = 282.5916264, average = 157.8158885
    patch e423_0 y+ : min = 16.2620258, max = 661.1840389, average = 350.8432666


################################################################################

Time = 164

Outer Loop Iteration = 164
smoothSolver:  Solving for Ux, Initial residual = 6.579630169e-05, Final residual = 6.976588757e-07, No Iterations 2
smoothSolver:  Solving for Uz, Initial residual = 9.109522782e-05, Final residual = 1.418703528e-06, No Iterations 2
GAMG:  Solving for p, Initial residual = 8.845911919e-05, Final residual = 3.558433909e-07, No Iterations 3
GAMG:  Solving for p, Initial residual = 6.306915942e-06, Final residual = 2.34465204e-08, No Iterations 3
GAMG:  Solving for p, Initial residual = 9.974555882e-07, Final residual = 4.048877428e-09, No Iterations 3
time step continuity errors (region0): sum local = 2.432413922e-10, global = -4.218063419e-12, cumulative = -1.377692371e-07
smoothSolver:  Solving for omega, Initial residual = 4.098110875e-06, Final residual = 2.112306631e-07, No Iterations 1
smoothSolver:  Solving for k, Initial residual = 2.610607419e-05, Final residual = 5.422740242e-07, No Iterations 1

ExecutionTime = 2.16 s  ExecutionStepTime = 0.01 s  ClockTime = 3 s

forces FR write:
    Sum of forces
        Total    : ( 0.5185208926 0 -2.313576264 )
        Pressure : ( 0.4817734187 0 -2.311730576 )
        Viscous  : ( 0.03674747393 0 -0.001845688238 )
    Sum of moments
        Total    : ( -1.12242103 0.6444419693 -0.2515580592 )
        Pressure : ( -1.121525603 0.6468211784 -0.2337301889 )
        Viscous  : ( -0.0008954272772 -0.002379209078 -0.0178278703 )


liftDrag LD execute:
Viscous drag: 0.00305161696, pressure drag: 0.04000786389, porous drag: 0
Viscous lift: -0.0001532713117, pressure lift: -0.1919728209, porous lift: 0
Total lift: -0.1921260922, Front lift: -0.04254671333, Rear lift: -0.1495793789, Drag: 0.04305948085
Location of Center of Mass: ( 0.15305161 0.4851454642 -0.0449368109 )
Location of Center Of Pressure: ( 0.2821353478 0.4851454642 -0.01600644192 )


yPlus yPlus execute:
    patch Bottom y+ : min = 25.73451668, max = 260.7744995, average = 131.6821473
    patch Top y+ : min = 45.28705311, max = 282.6606643, average = 157.8409933
    patch e423_0 y+ : min = 16.26182607, max = 661.1832338, average = 350.839358


################################################################################

Time = 165

Outer Loop Iteration = 165
smoothSolver:  Solving for Ux, Initial residual = 6.219097462e-05, Final residual = 6.615150551e-07, No Iterations 2
smoothSolver:  Solving for Uz, Initial residual = 8.606887511e-05, Final residual = 1.396247682e-06, No Iterations 2
GAMG:  Solving for p, Initial residual = 8.401417383e-05, Final residual = 3.118852972e-07, No Iterations 3
GAMG:  Solving for p, Initial residual = 5.935838977e-06, Final residual = 2.102757395e-08, No Iterations 3
GAMG:  Solving for p, Initial residual = 9.254211256e-07, Final residual = 3.686563036e-09, No Iterations 3
time step continuity errors (region0): sum local = 2.214604323e-10, global = -4.572855478e-12, cumulative = -1.3777381e-07
smoothSolver:  Solving for omega, Initial residual = 3.887941873e-06, Final residual = 2.011876013e-07, No Iterations 1
smoothSolver:  Solving for k, Initial residual = 2.387040979e-05, Final residual = 4.955319623e-07, No Iterations 1

ExecutionTime = 2.17 s  ExecutionStepTime = 0.01 s  ClockTime = 3 s

forces FR write:
    Sum of forces
        Total    : ( 0.5185182888 0 -2.313575759 )
        Pressure : ( 0.4817712633 0 -2.3117301 )
        Viscous  : ( 0.03674702547 0 -0.001845658788 )
    Sum of moments
        Total    : ( -1.122420786 0.6444378121 -0.2515567959 )
        Pressure : ( -1.121525373 0.6468170059 -0.2337291432 )
        Viscous  : ( -0.0008954129894 -0.002379193738 -0.01782765273 )


liftDrag LD execute:
Viscous drag: 0.003051579718, pressure drag: 0.0400076849, porous drag: 0
Viscous lift: -0.000153268866, pressure lift: -0.1919727814, porous lift: 0
Total lift: -0.1921260503, Front lift: -0.0425470376, Rear lift: -0.1495790127, Drag: 0.04305926462
Location of Center of Mass: ( 0.15305161 0.4851454642 -0.0449368109 )
Location of Center Of Pressure: ( 0.282133708 0.4851454642 -0.01600694841 )


yPlus yPlus execute:
    patch Bottom y+ : min = 25.66323056, max = 260.8731286, average = 131.7085642
    patch Top y+ : min = 45.28148566, max = 282.7307128, average = 157.8642566
    patch e423_0 y+ : min = 16.26160714, max = 661.1825338, average = 350.8358036


################################################################################

Time = 166

Outer Loop Iteration = 166
smoothSolver:  Solving for Ux, Initial residual = 5.870660919e-05, Final residual = 6.244671186e-07, No Iterations 2
smoothSolver:  Solving for Uz, Initial residual = 8.107894181e-05, Final residual = 1.362743159e-06, No Iterations 2
GAMG:  Solving for p, Initial residual = 7.988905716e-05, Final residual = 2.793683728e-07, No Iterations 3
GAMG:  Solving for p, Initial residual = 5.691309308e-06, Final residual = 1.924085922e-08, No Iterations 3
GAMG:  Solving for p, Initial residual = 8.920187914e-07, Final residual = 3.471233145e-09, No Iterations 3
time step continuity errors (region0): sum local = 2.08511937e-10, global = -4.547353375e-12, cumulative = -1.377783573e-07
smoothSolver:  Solving for omega, Initial residual = 3.688804698e-06, Final residual = 1.920786442e-07, No Iterations 1
smoothSolver:  Solving for k, Initial residual = 2.181632202e-05, Final residual = 4.535470557e-07, No Iterations 1

ExecutionTime = 2.19 s  ExecutionStepTime = 0.02 s  ClockTime = 3 s

forces FR write:
    Sum of forces
        Total    : ( 0.5185151415 0 -2.313580096 )
        Pressure : ( 0.4817685245 0 -2.311734461 )
        Viscous  : ( 0.036746617 0 -0.001845635334 )
    Sum of moments
        Total    : ( -1.12242289 0.6444346847 -0.251555269 )
        Pressure : ( -1.121527488 0.6468138637 -0.2337278144 )
        Viscous  : ( -0.0008954016111 -0.00237917901 -0.01782745456 )


liftDrag LD execute:
Viscous drag: 0.003051545798, pressure drag: 0.04000745746, porous drag: 0
Viscous lift: -0.0001532669184, pressure lift: -0.1919731435, porous lift: 0
Total lift: -0.1921264104, Front lift: -0.04254747739, Rear lift: -0.149578933, Drag: 0.04305900326
Location of Center of Mass: ( 0.15305161 0.4851454642 -0.0449368109 )
Location of Center Of Pressure: ( 0.2821319456 0.4851454642 -0.01600757322 )


yPlus yPlus execute:
    patch Bottom y+ : min = 25.59802885, max = 260.964675, average = 131.7320279
    patch Top y+ : min = 45.27685209, max = 282.7999516, average = 157.8853625
    patch e423_0 y+ : min = 16.26137382, max = 661.181933, average = 350.8325856


################################################################################

Time = 167

Outer Loop Iteration = 167
smoothSolver:  Solving for Ux, Initial residual = 5.535562675e-05, Final residual = 5.878128779e-07, No Iterations 2
smoothSolver:  Solving for Uz, Initial residual = 7.613331647e-05, Final residual = 1.321669589e-06, No Iterations 2
GAMG:  Solving for p, Initial residual = 7.601431943e-05, Final residual = 2.539639241e-07, No Iterations 3
GAMG:  Solving for p, Initial residual = 5.443721752e-06, Final residual = 5.425550106e-08, No Iterations 2
GAMG:  Solving for p, Initial residual = 8.802528165e-07, Final residual = 4.109400613e-09, No Iterations 3
time step continuity errors (region0): sum local = 2.468314706e-10, global = -1.312672768e-11, cumulative = -1.37791484e-07
smoothSolver:  Solving for omega, Initial residual = 3.496554179e-06, Final residual = 1.833540811e-07, No Iterations 1
smoothSolver:  Solving for k, Initial residual = 1.992906123e-05, Final residual = 4.155745569e-07, No Iterations 1

ExecutionTime = 2.2 s  ExecutionStepTime = 0.01 s  ClockTime = 3 s

forces FR write:
    Sum of forces
        Total    : ( 0.5185115443 0 -2.313588645 )
        Pressure : ( 0.4817652975 0 -2.311743028 )
        Viscous  : ( 0.03674624686 0 -0.001845617392 )
    Sum of moments
        Total    : ( -1.122427037 0.6444324837 -0.2515535239 )
        Pressure : ( -1.121531644 0.6468116486 -0.2337262489 )
        Viscous  : ( -0.0008953929064 -0.00237916492 -0.01782727499 )


liftDrag LD execute:
Viscous drag: 0.003051515061, pressure drag: 0.04000718948, porous drag: 0
Viscous lift: -0.0001532654284, pressure lift: -0.191973855, porous lift: 0
Total lift: -0.1921271204, Front lift: -0.04254801514, Rear lift: -0.1495791052, Drag: 0.04305870454
Location of Center of Mass: ( 0.15305161 0.4851454642 -0.0449368109 )
Location of Center Of Pressure: ( 0.282130089 0.4851454642 -0.0160082969 )


yPlus yPlus execute:
    patch Bottom y+ : min = 25.53955952, max = 261.0462997, average = 131.7522636
    patch Top y+ : min = 45.27313901, max = 282.8668179, average = 157.9040471
    patch e423_0 y+ : min = 16.26113061, max = 661.1814255, average = 350.8296873


################################################################################

Time = 168

Outer Loop Iteration = 168
smoothSolver:  Solving for Ux, Initial residual = 5.216053955e-05, Final residual = 5.530215196e-07, No Iterations 2
smoothSolver:  Solving for Uz, Initial residual = 7.147970975e-05, Final residual = 1.273490006e-06, No Iterations 2
GAMG:  Solving for p, Initial residual = 7.215065322e-05, Final residual = 7.065146407e-07, No Iterations 2
GAMG:  Solving for p, Initial residual = 5.44184338e-06, Final residual = 3.16173446e-08, No Iterations 3
GAMG:  Solving for p, Initial residual = 8.810571504e-07, Final residual = 3.587465361e-09, No Iterations 3
time step continuity errors (region0): sum local = 2.154698333e-10, global = -9.290141779e-12, cumulative = -1.378007742e-07
smoothSolver:  Solving for omega, Initial residual = 3.313515622e-06, Final residual = 1.747733583e-07, No Iterations 1
smoothSolver:  Solving for k, Initial residual = 1.819809928e-05, Final residual = 3.809743834e-07, No Iterations 1

ExecutionTime = 2.21 s  ExecutionStepTime = 0.01 s  ClockTime = 3 s

forces FR write:
    Sum of forces
        Total    : ( 0.518507583 0 -2.313600826 )
        Pressure : ( 0.4817616694 0 -2.311755222 )
        Viscous  : ( 0.0367459136 0 -0.001845604438 )
    Sum of moments
        Total    : ( -1.122432947 0.6444311136 -0.251551602 )
        Pressure : ( -1.12153756 0.6468102651 -0.2337244887 )
        Viscous  : ( -0.0008953866217 -0.002379151517 -0.01782711331 )


liftDrag LD execute:
Viscous drag: 0.003051487385, pressure drag: 0.04000688819, porous drag: 0
Viscous lift: -0.0001532643526, pressure lift: -0.1919748676, porous lift: 0
Total lift: -0.1921281319, Front lift: -0.04254863468, Rear lift: -0.1495794972, Drag: 0.04305837558
Location of Center of Mass: ( 0.15305161 0.4851454642 -0.0449368109 )
Location of Center Of Pressure: ( 0.2821281644 0.4851454642 -0.01600910155 )


yPlus yPlus execute:
    patch Bottom y+ : min = 25.48831831, max = 261.1164348, average = 131.7690985
    patch Top y+ : min = 45.27034212, max = 282.929984, average = 157.9201142
    patch e423_0 y+ : min = 16.26088171, max = 661.1810052, average = 350.8270928


################################################################################

Time = 169

Outer Loop Iteration = 169
smoothSolver:  Solving for Ux, Initial residual = 4.920848427e-05, Final residual = 5.186513276e-07, No Iterations 2
smoothSolver:  Solving for Uz, Initial residual = 6.701871039e-05, Final residual = 1.214635531e-06, No Iterations 2
GAMG:  Solving for p, Initial residual = 6.832604753e-05, Final residual = 6.562248442e-07, No Iterations 2
GAMG:  Solving for p, Initial residual = 5.171006096e-06, Final residual = 2.938142034e-08, No Iterations 3
GAMG:  Solving for p, Initial residual = 8.494651074e-07, Final residual = 3.381480334e-09, No Iterations 3
time step continuity errors (region0): sum local = 2.030880065e-10, global = -2.810722121e-12, cumulative = -1.378035849e-07
smoothSolver:  Solving for omega, Initial residual = 3.13958441e-06, Final residual = 1.663308742e-07, No Iterations 1
smoothSolver:  Solving for k, Initial residual = 1.660849729e-05, Final residual = 3.495082869e-07, No Iterations 1

ExecutionTime = 2.23 s  ExecutionStepTime = 0.02 s  ClockTime = 3 s

forces FR write:
    Sum of forces
        Total    : ( 0.5185033425 0 -2.313616088 )
        Pressure : ( 0.4817577268 0 -2.311770492 )
        Viscous  : ( 0.03674561571 0 -0.001845595918 )
    Sum of moments
        Total    : ( -1.122440351 0.6444304816 -0.2515495448 )
        Pressure : ( -1.121544969 0.6468096205 -0.233722576 )
        Viscous  : ( -0.0008953824884 -0.002379138862 -0.01782696879 )


liftDrag LD execute:
Viscous drag: 0.003051462648, pressure drag: 0.04000656079, porous drag: 0
Viscous lift: -0.0001532636451, pressure lift: -0.1919761357, porous lift: 0
Total lift: -0.1921293993, Front lift: -0.04254932087, Rear lift: -0.1495800785, Drag: 0.04305802344
Location of Center of Mass: ( 0.15305161 0.4851454642 -0.0449368109 )
Location of Center Of Pressure: ( 0.2821261955 0.4851454642 -0.0160099702 )


yPlus yPlus execute:
    patch Bottom y+ : min = 25.44471772, max = 261.174642, average = 131.7824934
    patch Top y+ : min = 45.26843272, max = 282.9883131, average = 157.9334252
    patch e423_0 y+ : min = 16.26063103, max = 661.1806661, average = 350.8247865


################################################################################

Time = 170

Outer Loop Iteration = 170
smoothSolver:  Solving for Ux, Initial residual = 4.641755441e-05, Final residual = 4.847433691e-07, No Iterations 2
smoothSolver:  Solving for Uz, Initial residual = 6.252998845e-05, Final residual = 1.145210401e-06, No Iterations 2
GAMG:  Solving for p, Initial residual = 6.449613846e-05, Final residual = 6.158055449e-07, No Iterations 2
GAMG:  Solving for p, Initial residual = 4.950257232e-06, Final residual = 2.810286509e-08, No Iterations 3
GAMG:  Solving for p, Initial residual = 8.2010562e-07, Final residual = 3.261345046e-09, No Iterations 3
time step continuity errors (region0): sum local = 1.958639116e-10, global = -8.920713612e-12, cumulative = -1.378125056e-07
smoothSolver:  Solving for omega, Initial residual = 2.97325477e-06, Final residual = 1.58506072e-07, No Iterations 1
smoothSolver:  Solving for k, Initial residual = 1.514979363e-05, Final residual = 3.207329071e-07, No Iterations 1

ExecutionTime = 2.24 s  ExecutionStepTime = 0.01 s  ClockTime = 3 s

forces FR write:
    Sum of forces
        Total    : ( 0.5184989052 0 -2.313633887 )
        Pressure : ( 0.4817535538 0 -2.311788295 )
        Viscous  : ( 0.03674535132 0 -0.001845591257 )
    Sum of moments
        Total    : ( -1.122448986 0.6444304975 -0.251547392 )
        Pressure : ( -1.121553606 0.6468096246 -0.2337205515 )
        Viscous  : ( -0.0008953802273 -0.002379127003 -0.01782684052 )


liftDrag LD execute:
Viscous drag: 0.003051440692, pressure drag: 0.04000621425, porous drag: 0
Viscous lift: -0.0001532632581, pressure lift: -0.1919776141, porous lift: 0
Total lift: -0.1921308774, Front lift: -0.04255005856, Rear lift: -0.1495808188, Drag: 0.04305765495
Location of Center of Mass: ( 0.15305161 0.4851454642 -0.0449368109 )
Location of Center Of Pressure: ( 0.2821242065 0.4851454642 -0.01601088602 )


yPlus yPlus execute:
    patch Bottom y+ : min = 25.40897464, max = 261.2209961, average = 131.7924966
    patch Top y+ : min = 45.26737247, max = 283.0408408, average = 157.9438931
    patch e423_0 y+ : min = 16.26038206, max = 661.1804021, average = 350.8227518


################################################################################

Time = 171

Outer Loop Iteration = 171
smoothSolver:  Solving for Ux, Initial residual = 4.383542859e-05, Final residual = 4.535235858e-07, No Iterations 2
smoothSolver:  Solving for Uz, Initial residual = 5.830082674e-05, Final residual = 1.067797051e-06, No Iterations 2
GAMG:  Solving for p, Initial residual = 6.047242159e-05, Final residual = 6.001299427e-07, No Iterations 2
GAMG:  Solving for p, Initial residual = 4.737493194e-06, Final residual = 2.986626251e-08, No Iterations 3
GAMG:  Solving for p, Initial residual = 7.979228532e-07, Final residual = 3.261826856e-09, No Iterations 3
time step continuity errors (region0): sum local = 1.958846265e-10, global = -1.293589368e-11, cumulative = -1.378254415e-07
smoothSolver:  Solving for omega, Initial residual = 2.814960682e-06, Final residual = 1.507744934e-07, No Iterations 1
smoothSolver:  Solving for k, Initial residual = 1.381271586e-05, Final residual = 2.943886715e-07, No Iterations 1

ExecutionTime = 2.25 s  ExecutionStepTime = 0.01 s  ClockTime = 3 s

forces FR write:
    Sum of forces
        Total    : ( 0.5184943473 0 -2.31365374 )
        Pressure : ( 0.4817492286 0 -2.31180815 )
        Viscous  : ( 0.03674511873 0 -0.001845589931 )
    Sum of moments
        Total    : ( -1.122458618 0.6444310821 -0.2515451808 )
        Pressure : ( -1.121563238 0.646810198 -0.2337184531 )
        Viscous  : ( -0.0008953795839 -0.002379115984 -0.01782672768 )


liftDrag LD execute:
Viscous drag: 0.003051421377, pressure drag: 0.04000585507, porous drag: 0
Viscous lift: -0.000153263148, pressure lift: -0.1919792629, porous lift: 0
Total lift: -0.1921325261, Front lift: -0.04255083438, Rear lift: -0.1495816917, Drag: 0.04305727645
Location of Center of Mass: ( 0.15305161 0.4851454642 -0.0449368109 )
Location of Center Of Pressure: ( 0.2821222191 0.4851454642 -0.0160118339 )


yPlus yPlus execute:
    patch Bottom y+ : min = 25.38119376, max = 261.2556468, average = 131.7992297
    patch Top y+ : min = 45.2671369, max = 283.0862167, average = 157.9513294
    patch e423_0 y+ : min = 16.26013807, max = 661.1802069, average = 350.820973


################################################################################

Time = 172

Outer Loop Iteration = 172
smoothSolver:  Solving for Ux, Initial residual = 4.147187196e-05, Final residual = 4.290217962e-07, No Iterations 2
smoothSolver:  Solving for Uz, Initial residual = 5.444208715e-05, Final residual = 9.844320885e-07, No Iterations 2
GAMG:  Solving for p, Initial residual = 5.68463616e-05, Final residual = 2.055649583e-07, No Iterations 3
GAMG:  Solving for p, Initial residual = 4.41555059e-06, Final residual = 4.15585899e-08, No Iterations 2
GAMG:  Solving for p, Initial residual = 7.790792862e-07, Final residual = 3.563278321e-09, No Iterations 3
time step continuity errors (region0): sum local = 2.139798253e-10, global = -1.523137865e-11, cumulative = -1.378406729e-07
smoothSolver:  Solving for omega, Initial residual = 2.66434396e-06, Final residual = 1.43139642e-07, No Iterations 1
smoothSolver:  Solving for k, Initial residual = 1.258763444e-05, Final residual = 2.70247639e-07, No Iterations 1

ExecutionTime = 2.27 s  ExecutionStepTime = 0.01 s  ClockTime = 3 s

forces FR write:
    Sum of forces
        Total    : ( 0.518489737 0 -2.31367522 )
        Pressure : ( 0.4817448209 0 -2.311829628 )
        Viscous  : ( 0.03674491602 0 -0.001845591453 )
    Sum of moments
        Total    : ( -1.122469038 0.6444321628 -0.2515429441 )
        Pressure : ( -1.121573658 0.6468112686 -0.2337163148 )
        Viscous  : ( -0.0008953803223 -0.002379105824 -0.01782662934 )


liftDrag LD execute:
Viscous drag: 0.003051404543, pressure drag: 0.04000548905, porous drag: 0
Viscous lift: -0.0001532632744, pressure lift: -0.1919810465, porous lift: 0
Total lift: -0.1921343098, Front lift: -0.04255163648, Rear lift: -0.1495826733, Drag: 0.04305689359
Location of Center of Mass: ( 0.15305161 0.4851454642 -0.0449368109 )
Location of Center Of Pressure: ( 0.2821202518 0.4851454642 -0.01601280048 )


yPlus yPlus execute:
    patch Bottom y+ : min = 25.3612446, max = 261.2793431, average = 131.8028406
    patch Top y+ : min = 45.26764313, max = 283.1226616, average = 157.9557124
    patch e423_0 y+ : min = 16.25990202, max = 661.1800745, average = 350.8194336


################################################################################

Time = 173

Outer Loop Iteration = 173
smoothSolver:  Solving for Ux, Initial residual = 3.925782639e-05, Final residual = 4.07093237e-07, No Iterations 2
smoothSolver:  Solving for Uz, Initial residual = 5.128367317e-05, Final residual = 9.029267608e-07, No Iterations 2
GAMG:  Solving for p, Initial residual = 5.322241796e-05, Final residual = 1.959639078e-07, No Iterations 3
GAMG:  Solving for p, Initial residual = 4.271800428e-06, Final residual = 3.938049353e-08, No Iterations 2
GAMG:  Solving for p, Initial residual = 7.564400214e-07, Final residual = 3.391474569e-09, No Iterations 3
time step continuity errors (region0): sum local = 2.036558259e-10, global = -1.673311065e-11, cumulative = -1.37857406e-07
smoothSolver:  Solving for omega, Initial residual = 2.520628778e-06, Final residual = 1.356286552e-07, No Iterations 1
smoothSolver:  Solving for k, Initial residual = 1.146565176e-05, Final residual = 2.481252911e-07, No Iterations 1

ExecutionTime = 2.28 s  ExecutionStepTime = 0.01 s  ClockTime = 3 s

forces FR write:
    Sum of forces
        Total    : ( 0.5184851449 0 -2.313697876 )
        Pressure : ( 0.4817404037 0 -2.31185228 )
        Viscous  : ( 0.03674474118 0 -0.001845595401 )
    Sum of moments
        Total    : ( -1.12248003 0.6444336649 -0.2515407163 )
        Pressure : ( -1.121584648 0.6468127614 -0.2337141718 )
        Viscous  : ( -0.0008953822376 -0.002379096519 -0.01782654452 )


liftDrag LD execute:
Viscous drag: 0.003051390024, pressure drag: 0.04000512223, porous drag: 0
Viscous lift: -0.0001532636022, pressure lift: -0.1919829276, porous lift: 0
Total lift: -0.1921361912, Front lift: -0.04255245246, Rear lift: -0.1495837388, Drag: 0.04305651225
Location of Center of Mass: ( 0.15305161 0.4851454642 -0.0449368109 )
Location of Center Of Pressure: ( 0.2821183243 0.4851454642 -0.01601377182 )


yPlus yPlus execute:
    patch Bottom y+ : min = 25.34884892, max = 261.2930885, average = 131.8036399
    patch Top y+ : min = 45.26880932, max = 283.1503121, average = 157.9572203
    patch e423_0 y+ : min = 16.25967644, max = 661.1799989, average = 350.8181174


################################################################################

Time = 174

Outer Loop Iteration = 174
smoothSolver:  Solving for Ux, Initial residual = 3.720133117e-05, Final residual = 3.871808486e-07, No Iterations 2
smoothSolver:  Solving for Uz, Initial residual = 4.857131976e-05, Final residual = 8.323931238e-07, No Iterations 2
GAMG:  Solving for p, Initial residual = 4.968303053e-05, Final residual = 1.920703426e-07, No Iterations 3
GAMG:  Solving for p, Initial residual = 4.116596348e-06, Final residual = 3.860223499e-08, No Iterations 2
GAMG:  Solving for p, Initial residual = 7.298850932e-07, Final residual = 3.326457575e-09, No Iterations 3
time step continuity errors (region0): sum local = 1.997457699e-10, global = -1.542314903e-11, cumulative = -1.378728291e-07
smoothSolver:  Solving for omega, Initial residual = 2.383869168e-06, Final residual = 1.283802186e-07, No Iterations 1
smoothSolver:  Solving for k, Initial residual = 1.043877876e-05, Final residual = 2.278248074e-07, No Iterations 1

ExecutionTime = 2.3 s  ExecutionStepTime = 0.02 s  ClockTime = 3 s

forces FR write:
    Sum of forces
        Total    : ( 0.5184806253 0 -2.313721354 )
        Pressure : ( 0.4817360332 0 -2.311875752 )
        Viscous  : ( 0.03674459202 0 -0.001845601396 )
    Sum of moments
        Total    : ( -1.12249142 0.6444355267 -0.2515385236 )
        Pressure : ( -1.121596035 0.6468146148 -0.2337120515 )
        Viscous  : ( -0.000895385146 -0.002379088042 -0.01782647215 )


liftDrag LD execute:
Viscous drag: 0.003051377638, pressure drag: 0.04000475929, porous drag: 0
Viscous lift: -0.0001532641, pressure lift: -0.1919848768, porous lift: 0
Total lift: -0.1921381409, Front lift: -0.0425532727, Rear lift: -0.1495848682, Drag: 0.04305613693
Location of Center of Mass: ( 0.15305161 0.4851454642 -0.0449368109 )
Location of Center Of Pressure: ( 0.2821164513 0.4851454642 -0.01601473715 )


yPlus yPlus execute:
    patch Bottom y+ : min = 25.34353973, max = 261.2977314, average = 131.8019156
    patch Top y+ : min = 45.270552, max = 283.1694492, average = 157.9560204
    patch e423_0 y+ : min = 16.25946366, max = 661.1799741, average = 350.8170068


################################################################################

Time = 175

Outer Loop Iteration = 175
smoothSolver:  Solving for Ux, Initial residual = 3.535878116e-05, Final residual = 3.691051146e-07, No Iterations 2
smoothSolver:  Solving for Uz, Initial residual = 4.618205432e-05, Final residual = 7.66317155e-07, No Iterations 2
GAMG:  Solving for p, Initial residual = 4.63913116e-05, Final residual = 1.905685455e-07, No Iterations 3
GAMG:  Solving for p, Initial residual = 3.967480737e-06, Final residual = 3.80456057e-08, No Iterations 2
GAMG:  Solving for p, Initial residual = 7.080117899e-07, Final residual = 3.267842368e-09, No Iterations 3
time step continuity errors (region0): sum local = 1.962209746e-10, global = -1.614205641e-11, cumulative = -1.378889712e-07
smoothSolver:  Solving for omega, Initial residual = 2.253776185e-06, Final residual = 1.214310241e-07, No Iterations 1
smoothSolver:  Solving for k, Initial residual = 9.499595054e-06, Final residual = 2.091882379e-07, No Iterations 1

ExecutionTime = 2.31 s  ExecutionStepTime = 0.01 s  ClockTime = 3 s

forces FR write:
    Sum of forces
        Total    : ( 0.5184762266 0 -2.313745309 )
        Pressure : ( 0.4817317603 0 -2.3118997 )
        Viscous  : ( 0.03674446632 0 -0.001845609108 )
    Sum of moments
        Total    : ( -1.122503042 0.6444376867 -0.2515363897 )
        Pressure : ( -1.121607653 0.646816767 -0.2337099785 )
        Viscous  : ( -0.0008953888876 -0.00237908035 -0.01782641117 )


liftDrag LD execute:
Viscous drag: 0.003051367199, pressure drag: 0.04000440446, porous drag: 0
Viscous lift: -0.0001532647405, pressure lift: -0.1919868655, porous lift: 0
Total lift: -0.1921401302, Front lift: -0.04255408799, Rear lift: -0.1495860422, Drag: 0.04305577166
Location of Center of Mass: ( 0.15305161 0.4851454642 -0.0449368109 )
Location of Center Of Pressure: ( 0.2821146462 0.4851454642 -0.01601568645 )


yPlus yPlus execute:
    patch Bottom y+ : min = 25.34469464, max = 261.2941318, average = 131.7979756
    patch Top y+ : min = 45.27277328, max = 283.1805372, average = 157.9523049
    patch e423_0 y+ : min = 16.25926549, max = 661.1799947, average = 350.8160841


################################################################################

Time = 176

Outer Loop Iteration = 176
smoothSolver:  Solving for Ux, Initial residual = 3.380685257e-05, Final residual = 3.51697458e-07, No Iterations 2
smoothSolver:  Solving for Uz, Initial residual = 4.403404212e-05, Final residual = 7.017522268e-07, No Iterations 2
GAMG:  Solving for p, Initial residual = 4.359012672e-05, Final residual = 1.897598193e-07, No Iterations 3
GAMG:  Solving for p, Initial residual = 3.972475116e-06, Final residual = 3.909731747e-08, No Iterations 2
GAMG:  Solving for p, Initial residual = 8.417513772e-07, Final residual = 3.628060903e-09, No Iterations 3
time step continuity errors (region0): sum local = 2.178456834e-10, global = 4.111993946e-11, cumulative = -1.378478513e-07
smoothSolver:  Solving for omega, Initial residual = 2.130023858e-06, Final residual = 1.146568739e-07, No Iterations 1
smoothSolver:  Solving for k, Initial residual = 8.641276769e-06, Final residual = 1.920476353e-07, No Iterations 1

ExecutionTime = 2.33 s  ExecutionStepTime = 0.02 s  ClockTime = 3 s

forces FR write:
    Sum of forces
        Total    : ( 0.5184719902 0 -2.313769427 )
        Pressure : ( 0.4817276283 0 -2.311923809 )
        Viscous  : ( 0.03674436191 0 -0.001845618245 )
    Sum of moments
        Total    : ( -1.122514743 0.6444400862 -0.2515343344 )
        Pressure : ( -1.121619349 0.6468191596 -0.2337079738 )
        Viscous  : ( -0.0008953933203 -0.002379073392 -0.01782636052 )


liftDrag LD execute:
Viscous drag: 0.003051358529, pressure drag: 0.04000406132, porous drag: 0
Viscous lift: -0.0001532654993, pressure lift: -0.1919888675, porous lift: 0
Total lift: -0.192142133, Front lift: -0.04255489012, Rear lift: -0.1495872429, Drag: 0.04305541985
Location of Center of Mass: ( 0.15305161 0.4851454642 -0.0449368109 )
Location of Center Of Pressure: ( 0.2821129205 0.4851454642 -0.01601661092 )


yPlus yPlus execute:
    patch Bottom y+ : min = 25.35161538, max = 261.2831708, average = 131.7921155
    patch Top y+ : min = 45.27539196, max = 283.1841816, average = 157.9462973
    patch e423_0 y+ : min = 16.25908335, max = 661.180055, average = 350.8153319


################################################################################

Time = 177

Outer Loop Iteration = 177
smoothSolver:  Solving for Ux, Initial residual = 3.249290032e-05, Final residual = 3.355924053e-07, No Iterations 2
smoothSolver:  Solving for Uz, Initial residual = 4.224752653e-05, Final residual = 6.456455403e-07, No Iterations 2
GAMG:  Solving for p, Initial residual = 4.116217092e-05, Final residual = 1.885340592e-07, No Iterations 3
GAMG:  Solving for p, Initial residual = 4.64033196e-06, Final residual = 2.174154736e-08, No Iterations 3
GAMG:  Solving for p, Initial residual = 1.276032921e-06, Final residual = 4.791190995e-09, No Iterations 3
time step continuity errors (region0): sum local = 2.876796836e-10, global = 1.62868111e-10, cumulative = -1.376849832e-07
smoothSolver:  Solving for omega, Initial residual = 2.012180495e-06, Final residual = 1.082239092e-07, No Iterations 1
smoothSolver:  Solving for k, Initial residual = 7.857354782e-06, Final residual = 1.762989936e-07, No Iterations 1

ExecutionTime = 2.34 s  ExecutionStepTime = 0.01 s  ClockTime = 3 s

forces FR write:
    Sum of forces
        Total    : ( 0.5184679474 0 -2.313793429 )
        Pressure : ( 0.4817236707 0 -2.311947801 )
        Viscous  : ( 0.03674427669 0 -0.001845628533 )
    Sum of moments
        Total    : ( -1.122526387 0.6444426711 -0.251532373 )
        Pressure : ( -1.121630989 0.6468217382 -0.2337060538 )
        Viscous  : ( -0.0008953983116 -0.00237906712 -0.01782631917 )


liftDrag LD execute:
Viscous drag: 0.003051351452, pressure drag: 0.04000373267, porous drag: 0
Viscous lift: -0.0001532663536, pressure lift: -0.1919908599, porous lift: 0
Total lift: -0.1921441263, Front lift: -0.04255567209, Rear lift: -0.1495884542, Drag: 0.04305508412
Location of Center of Mass: ( 0.15305161 0.4851454642 -0.0449368109 )
Location of Center Of Pressure: ( 0.2821112831 0.4851454642 -0.01601750334 )


yPlus yPlus execute:
    patch Bottom y+ : min = 25.36349081, max = 261.2651241, average = 131.7845226
    patch Top y+ : min = 45.27832239, max = 283.1810745, average = 157.9384356
    patch e423_0 y+ : min = 16.25891824, max = 661.1801499, average = 350.814733


################################################################################

Time = 178

Outer Loop Iteration = 178
smoothSolver:  Solving for Ux, Initial residual = 3.133344869e-05, Final residual = 3.205250212e-07, No Iterations 2
smoothSolver:  Solving for Uz, Initial residual = 4.042229245e-05, Final residual = 6.006927084e-07, No Iterations 2
GAMG:  Solving for p, Initial residual = 3.896332562e-05, Final residual = 1.854070297e-07, No Iterations 3
GAMG:  Solving for p, Initial residual = 3.52252805e-06, Final residual = 1.644686676e-08, No Iterations 3
GAMG:  Solving for p, Initial residual = 7.521707044e-07, Final residual = 3.317528533e-09, No Iterations 3
time step continuity errors (region0): sum local = 1.991928286e-10, global = 1.023600326e-10, cumulative = -1.375826231e-07
smoothSolver:  Solving for omega, Initial residual = 1.900017616e-06, Final residual = 1.020825429e-07, No Iterations 1
smoothSolver:  Solving for k, Initial residual = 7.141734567e-06, Final residual = 1.618407408e-07, No Iterations 1

ExecutionTime = 2.35 s  ExecutionStepTime = 0.01 s  ClockTime = 3 s

forces FR write:
    Sum of forces
        Total    : ( 0.5184641302 0 -2.313817029 )
        Pressure : ( 0.4817199215 0 -2.311971389 )
        Viscous  : ( 0.03674420871 0 -0.001845639711 )
    Sum of moments
        Total    : ( -1.122537836 0.6444453834 -0.2515305211 )
        Pressure : ( -1.121642433 0.6468244449 -0.2337042349 )
        Viscous  : ( -0.0008954037345 -0.002379061491 -0.01782628619 )


liftDrag LD execute:
Viscous drag: 0.003051345807, pressure drag: 0.04000342132, porous drag: 0
Viscous lift: -0.0001532672819, pressure lift: -0.1919928187, porous lift: 0
Total lift: -0.192146086, Front lift: -0.04255642671, Rear lift: -0.1495896593, Drag: 0.04305476713
Location of Center of Mass: ( 0.15305161 0.4851454642 -0.0449368109 )
Location of Center Of Pressure: ( 0.2821097427 0.4851454642 -0.01601835636 )


yPlus yPlus execute:
    patch Bottom y+ : min = 25.37972766, max = 261.2427804, average = 131.7757429
    patch Top y+ : min = 45.28149388, max = 283.1716491, average = 157.9287823
    patch e423_0 y+ : min = 16.25877077, max = 661.1802744, average = 350.814271


################################################################################

Time = 179

Outer Loop Iteration = 179
smoothSolver:  Solving for Ux, Initial residual = 3.020110459e-05, Final residual = 3.050584651e-07, No Iterations 2
smoothSolver:  Solving for Uz, Initial residual = 3.871103114e-05, Final residual = 5.651257655e-07, No Iterations 2
GAMG:  Solving for p, Initial residual = 3.695648662e-05, Final residual = 1.823363601e-07, No Iterations 3
GAMG:  Solving for p, Initial residual = 3.301321896e-06, Final residual = 1.310860736e-08, No Iterations 3
GAMG:  Solving for p, Initial residual = 6.184464046e-07, Final residual = 5.776082906e-09, No Iterations 2
time step continuity errors (region0): sum local = 3.468058486e-10, global = 1.490463896e-11, cumulative = -1.375677185e-07
smoothSolver:  Solving for omega, Initial residual = 1.793683913e-06, Final residual = 9.612446067e-08, No Iterations 1
smoothSolver:  Solving for k, Initial residual = 6.488914546e-06, Final residual = 1.485245554e-07, No Iterations 1

ExecutionTime = 2.36 s  ExecutionStepTime = 0 s  ClockTime = 3 s

forces FR write:
    Sum of forces
        Total    : ( 0.5184605558 0 -2.313840041 )
        Pressure : ( 0.4817163996 0 -2.311994389 )
        Viscous  : ( 0.0367441562 0 -0.001845651513 )
    Sum of moments
        Total    : ( -1.122549001 0.6444481851 -0.251528787 )
        Pressure : ( -1.121653591 0.6468272416 -0.2337025263 )
        Viscous  : ( -0.0008954094601 -0.002379056474 -0.01782626071 )


liftDrag LD execute:
Viscous drag: 0.003051341445, pressure drag: 0.04000312886, porous drag: 0
Viscous lift: -0.0001532682619, pressure lift: -0.1919947288, porous lift: 0
Total lift: -0.192147997, Front lift: -0.04255714956, Rear lift: -0.1495908475, Drag: 0.04305447031
Location of Center of Mass: ( 0.15305161 0.4851454642 -0.0449368109 )
Location of Center Of Pressure: ( 0.2821083044 0.4851454642 -0.01601916562 )


yPlus yPlus execute:
    patch Bottom y+ : min = 25.39938535, max = 261.2166877, average = 131.7660028
    patch Top y+ : min = 45.28477142, max = 283.154743, average = 157.9177346
    patch e423_0 y+ : min = 16.25864114, max = 661.1804237, average = 350.8139302


################################################################################

Time = 180

Outer Loop Iteration = 180
smoothSolver:  Solving for Ux, Initial residual = 2.908057297e-05, Final residual = 2.90109043e-07, No Iterations 2
smoothSolver:  Solving for Uz, Initial residual = 3.752384222e-05, Final residual = 5.381800499e-07, No Iterations 2
GAMG:  Solving for p, Initial residual = 3.528034615e-05, Final residual = 1.796050337e-07, No Iterations 3
GAMG:  Solving for p, Initial residual = 3.302842204e-06, Final residual = 3.284272302e-08, No Iterations 2
GAMG:  Solving for p, Initial residual = 6.242035038e-07, Final residual = 2.972609603e-09, No Iterations 3
time step continuity errors (region0): sum local = 1.784785426e-10, global = 1.021060629e-11, cumulative = -1.375575079e-07
smoothSolver:  Solving for omega, Initial residual = 1.693182685e-06, Final residual = 9.034985278e-08, No Iterations 1
smoothSolver:  Solving for k, Initial residual = 5.893863909e-06, Final residual = 1.362158576e-07, No Iterations 1

ExecutionTime = 2.37 s  ExecutionStepTime = 0.01 s  ClockTime = 3 s

forces FR write:
    Sum of forces
        Total    : ( 0.5184572268 0 -2.313862382 )
        Pressure : ( 0.4817131093 0 -2.312016718 )
        Viscous  : ( 0.03674411751 0 -0.001845663673 )
    Sum of moments
        Total    : ( -1.122559839 0.644451051 -0.251527172 )
        Pressure : ( -1.121664424 0.6468301031 -0.23370093 )
        Viscous  : ( -0.0008954153592 -0.002379052052 -0.01782624195 )


liftDrag LD execute:
Viscous drag: 0.003051338233, pressure drag: 0.04000285562, porous drag: 0
Viscous lift: -0.0001532692717, pressure lift: -0.191996583, porous lift: 0
Total lift: -0.1921498523, Front lift: -0.04255783921, Rear lift: -0.1495920131, Drag: 0.04305419386
Location of Center of Mass: ( 0.15305161 0.4851454642 -0.0449368109 )
Location of Center Of Pressure: ( 0.2821069674 0.4851454642 -0.01601993009 )


yPlus yPlus execute:
    patch Bottom y+ : min = 25.42178558, max = 261.1885246, average = 131.7557734
    patch Top y+ : min = 45.28816229, max = 283.1343247, average = 157.9053079
    patch e423_0 y+ : min = 16.25852917, max = 661.1805926, average = 350.813696


################################################################################

Time = 181

Outer Loop Iteration = 181
smoothSolver:  Solving for Ux, Initial residual = 2.801042724e-05, Final residual = 2.754021963e-07, No Iterations 2
smoothSolver:  Solving for Uz, Initial residual = 3.638211292e-05, Final residual = 5.156767035e-07, No Iterations 2
GAMG:  Solving for p, Initial residual = 3.410447599e-05, Final residual = 1.766429488e-07, No Iterations 3
GAMG:  Solving for p, Initial residual = 3.258679834e-06, Final residual = 3.168490013e-08, No Iterations 2
GAMG:  Solving for p, Initial residual = 6.131340929e-07, Final residual = 2.866558021e-09, No Iterations 3
time step continuity errors (region0): sum local = 1.721097506e-10, global = 1.224716141e-11, cumulative = -1.375452607e-07
smoothSolver:  Solving for omega, Initial residual = 1.597933644e-06, Final residual = 8.475255199e-08, No Iterations 1
smoothSolver:  Solving for k, Initial residual = 5.351919783e-06, Final residual = 1.248320408e-07, No Iterations 1

ExecutionTime = 2.38 s  ExecutionStepTime = 0.01 s  ClockTime = 3 s

forces FR write:
    Sum of forces
        Total    : ( 0.5184541623 0 -2.313883783 )
        Pressure : ( 0.4817100711 0 -2.312038107 )
        Viscous  : ( 0.03674409122 0 -0.001845675923 )
    Sum of moments
        Total    : ( -1.122570222 0.6444539192 -0.2515256853 )
        Pressure : ( -1.121674801 0.6468329674 -0.2336994561 )
        Viscous  : ( -0.0008954213025 -0.002379048219 -0.01782622919 )


liftDrag LD execute:
Viscous drag: 0.00305133605, pressure drag: 0.04000260332, porous drag: 0
Viscous lift: -0.000153270289, pressure lift: -0.1919983592, porous lift: 0
Total lift: -0.1921516295, Front lift: -0.04255848964, Rear lift: -0.1495931399, Drag: 0.04305393937
Location of Center of Mass: ( 0.15305161 0.4851454642 -0.0449368109 )
Location of Center Of Pressure: ( 0.2821057365 0.4851454642 -0.01602064426 )


yPlus yPlus execute:
    patch Bottom y+ : min = 25.44620008, max = 261.1591769, average = 131.7453772
    patch Top y+ : min = 45.29155875, max = 283.1103236, average = 157.8917314
    patch e423_0 y+ : min = 16.25843423, max = 661.1807779, average = 350.8135552


################################################################################

Time = 182

Outer Loop Iteration = 182
smoothSolver:  Solving for Ux, Initial residual = 2.694018921e-05, Final residual = 2.609379073e-07, No Iterations 2
smoothSolver:  Solving for Uz, Initial residual = 3.521353177e-05, Final residual = 5.010424221e-07, No Iterations 2
GAMG:  Solving for p, Initial residual = 3.325853904e-05, Final residual = 1.733363371e-07, No Iterations 3
GAMG:  Solving for p, Initial residual = 3.223482503e-06, Final residual = 3.028766996e-08, No Iterations 2
GAMG:  Solving for p, Initial residual = 6.00408201e-07, Final residual = 2.737049671e-09, No Iterations 3
time step continuity errors (region0): sum local = 1.643331257e-10, global = 1.299572804e-11, cumulative = -1.37532265e-07
smoothSolver:  Solving for omega, Initial residual = 1.50809783e-06, Final residual = 7.935378373e-08, No Iterations 1
smoothSolver:  Solving for k, Initial residual = 4.858577285e-06, Final residual = 1.143145201e-07, No Iterations 1

ExecutionTime = 2.39 s  ExecutionStepTime = 0 s  ClockTime = 3 s

forces FR write:
    Sum of forces
        Total    : ( 0.5184513597 0 -2.313904193 )
        Pressure : ( 0.4817072838 0 -2.312058505 )
        Viscous  : ( 0.03674407594 0 -0.001845688018 )
    Sum of moments
        Total    : ( -1.122580124 0.6444567684 -0.2515243256 )
        Pressure : ( -1.121684697 0.6468358134 -0.2336981038 )
        Viscous  : ( -0.0008954271704 -0.002379044969 -0.01782622178 )


liftDrag LD execute:
Viscous drag: 0.003051334781, pressure drag: 0.04000237185, porous drag: 0
Viscous lift: -0.0001532712934, pressure lift: -0.1920000531, porous lift: 0
Total lift: -0.1921533244, Front lift: -0.04255910046, Rear lift: -0.1495942239, Drag: 0.04305370664
Location of Center of Mass: ( 0.15305161 0.4851454642 -0.0449368109 )
Location of Center Of Pressure: ( 0.282104609 0.4851454642 -0.01602130825 )


yPlus yPlus execute:
    patch Bottom y+ : min = 25.47193368, max = 261.1296989, average = 131.7350659
    patch Top y+ : min = 45.2949088, max = 283.0828022, average = 157.8772984
    patch e423_0 y+ : min = 16.25835552, max = 661.1809748, average = 350.8134954


################################################################################

Time = 183

Outer Loop Iteration = 183
smoothSolver:  Solving for Ux, Initial residual = 2.584153201e-05, Final residual = 2.467535371e-07, No Iterations 2
smoothSolver:  Solving for Uz, Initial residual = 3.391353985e-05, Final residual = 4.897793054e-07, No Iterations 2
GAMG:  Solving for p, Initial residual = 3.280100701e-05, Final residual = 1.698533412e-07, No Iterations 3
GAMG:  Solving for p, Initial residual = 3.174624657e-06, Final residual = 2.887186928e-08, No Iterations 2
GAMG:  Solving for p, Initial residual = 5.876866299e-07, Final residual = 2.593003101e-09, No Iterations 3
time step continuity errors (region0): sum local = 1.556842682e-10, global = 1.389109379e-11, cumulative = -1.375183739e-07
smoothSolver:  Solving for omega, Initial residual = 1.423529973e-06, Final residual = 7.413880267e-08, No Iterations 1
smoothSolver:  Solving for k, Initial residual = 4.409805958e-06, Final residual = 1.046145647e-07, No Iterations 1

ExecutionTime = 2.4 s  ExecutionStepTime = 0.01 s  ClockTime = 3 s

forces FR write:
    Sum of forces
        Total    : ( 0.5184488168 0 -2.313923527 )
        Pressure : ( 0.4817047464 0 -2.312077827 )
        Viscous  : ( 0.0367440704 0 -0.001845699735 )
    Sum of moments
        Total    : ( -1.122589504 0.6444595707 -0.2515230919 )
        Pressure : ( -1.121694071 0.646838613 -0.2336968728 )
        Viscous  : ( -0.0008954328549 -0.002379042297 -0.01782621909 )


liftDrag LD execute:
Viscous drag: 0.003051334321, pressure drag: 0.04000216114, porous drag: 0
Viscous lift: -0.0001532722664, pressure lift: -0.1920016577, porous lift: 0
Total lift: -0.19215493, Front lift: -0.04255967054, Rear lift: -0.1495952594, Drag: 0.04305349547
Location of Center of Mass: ( 0.15305161 0.4851454642 -0.0449368109 )
Location of Center Of Pressure: ( 0.2821035827 0.4851454642 -0.01602192163 )


yPlus yPlus execute:
    patch Bottom y+ : min = 25.4983007, max = 261.101289, average = 131.7251299
    patch Top y+ : min = 45.29813842, max = 283.0526744, average = 157.8623599
    patch e423_0 y+ : min = 16.25829185, max = 661.1811798, average = 350.8135053


################################################################################

Time = 184

Outer Loop Iteration = 184
smoothSolver:  Solving for Ux, Initial residual = 2.470734427e-05, Final residual = 2.323687748e-07, No Iterations 2
smoothSolver:  Solving for Uz, Initial residual = 3.254127634e-05, Final residual = 4.810638249e-07, No Iterations 2
GAMG:  Solving for p, Initial residual = 3.251804751e-05, Final residual = 1.64844106e-07, No Iterations 3
GAMG:  Solving for p, Initial residual = 3.109219359e-06, Final residual = 2.734536254e-08, No Iterations 2
GAMG:  Solving for p, Initial residual = 5.72573899e-07, Final residual = 2.449629647e-09, No Iterations 3
time step continuity errors (region0): sum local = 1.4707609e-10, global = 1.586665368e-11, cumulative = -1.375025072e-07
smoothSolver:  Solving for omega, Initial residual = 1.343470115e-06, Final residual = 6.942204313e-08, No Iterations 1
smoothSolver:  Solving for k, Initial residual = 4.001897886e-06, Final residual = 9.561597578e-08, No Iterations 1

ExecutionTime = 2.41 s  ExecutionStepTime = 0.01 s  ClockTime = 3 s

forces FR write:
    Sum of forces
        Total    : ( 0.5184465276 0 -2.313941745 )
        Pressure : ( 0.4817024543 0 -2.312096034 )
        Viscous  : ( 0.03674407334 0 -0.001845710889 )
    Sum of moments
        Total    : ( -1.122598342 0.6444623055 -0.2515219813 )
        Pressure : ( -1.121702904 0.6468413457 -0.2336957608 )
        Viscous  : ( -0.000895438266 -0.002379040188 -0.01782622052 )


liftDrag LD execute:
Viscous drag: 0.003051334565, pressure drag: 0.0400019708, porous drag: 0
Viscous lift: -0.0001532731927, pressure lift: -0.1920031696, porous lift: 0
Total lift: -0.1921564428, Front lift: -0.04256019985, Rear lift: -0.1495962429, Drag: 0.04305330536
Location of Center of Mass: ( 0.15305161 0.4851454642 -0.0449368109 )
Location of Center Of Pressure: ( 0.2821026539 0.4851454642 -0.01602248504 )


yPlus yPlus execute:
    patch Bottom y+ : min = 25.52462471, max = 261.074921, average = 131.7158261
    patch Top y+ : min = 45.30119055, max = 283.0210953, average = 157.8472455
    patch e423_0 y+ : min = 16.25824183, max = 661.1813894, average = 350.8135744


################################################################################

Time = 185

Outer Loop Iteration = 185
smoothSolver:  Solving for Ux, Initial residual = 2.355095943e-05, Final residual = 2.19156281e-07, No Iterations 2
smoothSolver:  Solving for Uz, Initial residual = 3.117654708e-05, Final residual = 4.71237362e-07, No Iterations 2
GAMG:  Solving for p, Initial residual = 3.215144757e-05, Final residual = 1.585342719e-07, No Iterations 3
GAMG:  Solving for p, Initial residual = 3.03095574e-06, Final residual = 2.581788101e-08, No Iterations 2
GAMG:  Solving for p, Initial residual = 5.659780539e-07, Final residual = 2.389052125e-09, No Iterations 3
time step continuity errors (region0): sum local = 1.434395881e-10, global = 1.717555811e-11, cumulative = -1.374853317e-07
smoothSolver:  Solving for omega, Initial residual = 1.267492989e-06, Final residual = 6.556173156e-08, No Iterations 1
smoothSolver:  Solving for k, Initial residual = 3.631277326e-06, Final residual = 8.725552509e-08, No Iterations 1

ExecutionTime = 2.43 s  ExecutionStepTime = 0.01 s  ClockTime = 3 s

forces FR write:
    Sum of forces
        Total    : ( 0.5184444818 0 -2.313958834 )
        Pressure : ( 0.4817003983 0 -2.312113113 )
        Viscous  : ( 0.03674408354 0 -0.001845721338 )
    Sum of moments
        Total    : ( -1.122606633 0.6444649578 -0.2515209888 )
        Pressure : ( -1.121711189 0.6468439964 -0.2336947633 )
        Viscous  : ( -0.0008954433353 -0.002379038617 -0.01782622547 )


liftDrag LD execute:
Viscous drag: 0.003051335412, pressure drag: 0.04000180006, porous drag: 0
Viscous lift: -0.0001532740604, pressure lift: -0.1920045879, porous lift: 0
Total lift: -0.1921578619, Front lift: -0.04256068917, Rear lift: -0.1495971728, Drag: 0.04305313547
Location of Center of Mass: ( 0.15305161 0.4851454642 -0.0449368109 )
Location of Center Of Pressure: ( 0.2821018179 0.4851454642 -0.01602299998 )


yPlus yPlus execute:
    patch Bottom y+ : min = 25.55028931, max = 261.0513366, average = 131.707363
    patch Top y+ : min = 45.30402201, max = 282.9892168, average = 157.8322362
    patch e423_0 y+ : min = 16.25820391, max = 661.1816005, average = 350.8136929


################################################################################

Time = 186

Outer Loop Iteration = 186
smoothSolver:  Solving for Ux, Initial residual = 2.24155338e-05, Final residual = 2.059914605e-07, No Iterations 2
smoothSolver:  Solving for Uz, Initial residual = 2.986166618e-05, Final residual = 4.610958955e-07, No Iterations 2
GAMG:  Solving for p, Initial residual = 3.18348354e-05, Final residual = 1.522424123e-07, No Iterations 3
GAMG:  Solving for p, Initial residual = 2.944919251e-06, Final residual = 2.474361924e-08, No Iterations 2
GAMG:  Solving for p, Initial residual = 5.402779568e-07, Final residual = 5.389280776e-09, No Iterations 2
time step continuity errors (region0): sum local = 3.235758026e-10, global = 1.89943821e-11, cumulative = -1.374663373e-07
smoothSolver:  Solving for omega, Initial residual = 1.195654103e-06, Final residual = 6.177381512e-08, No Iterations 1
smoothSolver:  Solving for k, Initial residual = 3.294731278e-06, Final residual = 7.95009978e-08, No Iterations 1

ExecutionTime = 2.44 s  ExecutionStepTime = 0.01 s  ClockTime = 3 s

forces FR write:
    Sum of forces
        Total    : ( 0.5184426682 0 -2.313974789 )
        Pressure : ( 0.4816985684 0 -2.312129058 )
        Viscous  : ( 0.03674409978 0 -0.00184573099 )
    Sum of moments
        Total    : ( -1.122614373 0.6444675131 -0.2515201089 )
        Pressure : ( -1.121718925 0.6468465506 -0.2336938756 )
        Viscous  : ( -0.0008954480181 -0.002379037547 -0.01782623334 )


liftDrag LD execute:
Viscous drag: 0.003051336761, pressure drag: 0.0400016481, porous drag: 0
Viscous lift: -0.0001532748619, pressure lift: -0.192005912, porous lift: 0
Total lift: -0.1921591869, Front lift: -0.04256113944, Rear lift: -0.1495980474, Drag: 0.04305298486
Location of Center of Mass: ( 0.15305161 0.4851454642 -0.0449368109 )
Location of Center Of Pressure: ( 0.2821010695 0.4851454642 -0.01602346818 )


yPlus yPlus execute:
    patch Bottom y+ : min = 25.57476833, max = 261.0311918, average = 131.6999075
    patch Top y+ : min = 45.30659627, max = 282.9578081, average = 157.8177183
    patch e423_0 y+ : min = 16.25817639, max = 661.1818105, average = 350.8138516


################################################################################

Time = 187

Outer Loop Iteration = 187
smoothSolver:  Solving for Ux, Initial residual = 2.129600459e-05, Final residual = 1.930994093e-07, No Iterations 2
smoothSolver:  Solving for Uz, Initial residual = 2.857499579e-05, Final residual = 4.52064864e-07, No Iterations 2
GAMG:  Solving for p, Initial residual = 3.146438122e-05, Final residual = 1.470588778e-07, No Iterations 3
GAMG:  Solving for p, Initial residual = 2.867368539e-06, Final residual = 2.355601745e-08, No Iterations 2
GAMG:  Solving for p, Initial residual = 5.261645709e-07, Final residual = 5.074064003e-09, No Iterations 2
time step continuity errors (region0): sum local = 3.046520228e-10, global = 2.229686199e-11, cumulative = -1.374440404e-07
smoothSolver:  Solving for omega, Initial residual = 1.129103432e-06, Final residual = 5.815735294e-08, No Iterations 1
smoothSolver:  Solving for k, Initial residual = 2.98935036e-06, Final residual = 7.235837901e-08, No Iterations 1

ExecutionTime = 2.45 s  ExecutionStepTime = 0.01 s  ClockTime = 3 s

forces FR write:
    Sum of forces
        Total    : ( 0.5184410619 0 -2.313989708 )
        Pressure : ( 0.481696941 0 -2.312143968 )
        Viscous  : ( 0.03674412088 0 -0.001845739802 )
    Sum of moments
        Total    : ( -1.122621611 0.6444699775 -0.2515193297 )
        Pressure : ( -1.121726159 0.6468490145 -0.2336930861 )
        Viscous  : ( -0.0008954522931 -0.002379036926 -0.01782624358 )


liftDrag LD execute:
Viscous drag: 0.003051338513, pressure drag: 0.04000151296, porous drag: 0
Viscous lift: -0.0001532755937, pressure lift: -0.1920071502, porous lift: 0
Total lift: -0.1921604258, Front lift: -0.04256155425, Rear lift: -0.1495988715, Drag: 0.04305285147
Location of Center of Mass: ( 0.15305161 0.4851454642 -0.0449368109 )
Location of Center Of Pressure: ( 0.2821004 0.4851454642 -0.01602389416 )


yPlus yPlus execute:
    patch Bottom y+ : min = 25.59767063, max = 261.0148595, average = 131.6935671
    patch Top y+ : min = 45.30891623, max = 282.9273908, average = 157.8039569
    patch e423_0 y+ : min = 16.25815755, max = 661.1820168, average = 350.814042


################################################################################

Time = 188

Outer Loop Iteration = 188
smoothSolver:  Solving for Ux, Initial residual = 2.021899465e-05, Final residual = 1.804447359e-07, No Iterations 2
smoothSolver:  Solving for Uz, Initial residual = 2.733736418e-05, Final residual = 4.454321342e-07, No Iterations 2
GAMG:  Solving for p, Initial residual = 3.102548025e-05, Final residual = 1.404128996e-07, No Iterations 3
GAMG:  Solving for p, Initial residual = 2.793441739e-06, Final residual = 2.2579906e-08, No Iterations 2
GAMG:  Solving for p, Initial residual = 5.129691265e-07, Final residual = 4.669865374e-09, No Iterations 2
time step continuity errors (region0): sum local = 2.803859898e-10, global = 2.308938402e-11, cumulative = -1.374209511e-07
smoothSolver:  Solving for omega, Initial residual = 1.067086854e-06, Final residual = 5.466516274e-08, No Iterations 1
smoothSolver:  Solving for k, Initial residual = 2.712366925e-06, Final residual = 6.584522557e-08, No Iterations 1

ExecutionTime = 2.46 s  ExecutionStepTime = 0.01 s  ClockTime = 3 s

forces FR write:
    Sum of forces
        Total    : ( 0.5184396486 0 -2.314003585 )
        Pressure : ( 0.4816955028 0 -2.312157837 )
        Viscous  : ( 0.03674414574 0 -0.001845747766 )
    Sum of moments
        Total    : ( -1.122628343 0.644472335 -0.251518644 )
        Pressure : ( -1.121732887 0.6468513717 -0.2336923883 )
        Viscous  : ( -0.0008954561567 -0.002379036698 -0.01782625564 )


liftDrag LD execute:
Viscous drag: 0.003051340577, pressure drag: 0.04000139353, porous drag: 0
Viscous lift: -0.000153276255, pressure lift: -0.1920083019, porous lift: 0
Total lift: -0.1921615782, Front lift: -0.04256193466, Rear lift: -0.1495996435, Drag: 0.04305273411
Location of Center of Mass: ( 0.15305161 0.4851454642 -0.0449368109 )
Location of Center Of Pressure: ( 0.2820998037 0.4851454642 -0.01602427997 )


yPlus yPlus execute:
    patch Bottom y+ : min = 25.61866413, max = 261.0027081, average = 131.6884292
    patch Top y+ : min = 45.31094978, max = 282.8987498, average = 157.790998
    patch e423_0 y+ : min = 16.25814554, max = 661.1822175, average = 350.8142561


################################################################################

Time = 189

Outer Loop Iteration = 189
smoothSolver:  Solving for Ux, Initial residual = 1.918821259e-05, Final residual = 1.678065702e-07, No Iterations 2
smoothSolver:  Solving for Uz, Initial residual = 2.61339928e-05, Final residual = 4.412427346e-07, No Iterations 2
GAMG:  Solving for p, Initial residual = 3.052475489e-05, Final residual = 1.343253544e-07, No Iterations 3
GAMG:  Solving for p, Initial residual = 2.728208846e-06, Final residual = 2.188739027e-08, No Iterations 2
GAMG:  Solving for p, Initial residual = 4.995837123e-07, Final residual = 4.316615449e-09, No Iterations 2
time step continuity errors (region0): sum local = 2.591788498e-10, global = 2.316189428e-11, cumulative = -1.373977892e-07
smoothSolver:  Solving for omega, Initial residual = 1.008511928e-06, Final residual = 5.189069519e-08, No Iterations 1
smoothSolver:  Solving for k, Initial residual = 2.460693552e-06, Final residual = 6.029384112e-08, No Iterations 1

ExecutionTime = 2.47 s  ExecutionStepTime = 0.01 s  ClockTime = 3 s

forces FR write:
    Sum of forces
        Total    : ( 0.5184384045 0 -2.314016499 )
        Pressure : ( 0.4816942312 0 -2.312170744 )
        Viscous  : ( 0.03674417331 0 -0.001845754908 )
    Sum of moments
        Total    : ( -1.122634609 0.6444745874 -0.2515180404 )
        Pressure : ( -1.121739149 0.6468536242 -0.2336917714 )
        Viscous  : ( -0.0008954596215 -0.002379036801 -0.01782626902 )


liftDrag LD execute:
Viscous drag: 0.003051342866, pressure drag: 0.04000128793, porous drag: 0
Viscous lift: -0.0001532768481, pressure lift: -0.1920093738, porous lift: 0
Total lift: -0.1921626506, Front lift: -0.04256228384, Rear lift: -0.1496003668, Drag: 0.04305263079
Location of Center of Mass: ( 0.15305161 0.4851454642 -0.0449368109 )
Location of Center Of Pressure: ( 0.2820992725 0.4851454642 -0.01602462973 )


yPlus yPlus execute:
    patch Bottom y+ : min = 25.6375014, max = 260.9949256, average = 131.6845454
    patch Top y+ : min = 45.31269641, max = 282.8726113, average = 157.7789435
    patch e423_0 y+ : min = 16.25813864, max = 661.1824109, average = 350.8144866


################################################################################

Time = 190

Outer Loop Iteration = 190
smoothSolver:  Solving for Ux, Initial residual = 1.819988082e-05, Final residual = 1.55719529e-07, No Iterations 2
smoothSolver:  Solving for Uz, Initial residual = 2.499077173e-05, Final residual = 4.373496917e-07, No Iterations 2
GAMG:  Solving for p, Initial residual = 2.999558876e-05, Final residual = 1.294521795e-07, No Iterations 3
GAMG:  Solving for p, Initial residual = 2.671132081e-06, Final residual = 2.13563447e-08, No Iterations 2
GAMG:  Solving for p, Initial residual = 4.871438355e-07, Final residual = 4.063242881e-09, No Iterations 2
time step continuity errors (region0): sum local = 2.439687259e-10, global = 2.41792327e-11, cumulative = -1.373736099e-07
smoothSolver:  Solving for omega, Initial residual = 9.537272401e-07, Final residual = 4.965982222e-08, No Iterations 1
smoothSolver:  Solving for k, Initial residual = 2.232071118e-06, Final residual = 5.515008888e-08, No Iterations 1

ExecutionTime = 2.48 s  ExecutionStepTime = 0.01 s  ClockTime = 3 s

forces FR write:
    Sum of forces
        Total    : ( 0.5184373043 0 -2.314028525 )
        Pressure : ( 0.4816931016 0 -2.312182764 )
        Viscous  : ( 0.0367442027 0 -0.001845761275 )
    Sum of moments
        Total    : ( -1.122640443 0.6444767347 -0.2515175067 )
        Pressure : ( -1.12174498 0.6468557718 -0.2336912234 )
        Viscous  : ( -0.0008954627104 -0.002379037174 -0.01782628328 )


liftDrag LD execute:
Viscous drag: 0.003051345307, pressure drag: 0.04000119413, porous drag: 0
Viscous lift: -0.0001532773768, pressure lift: -0.1920103719, porous lift: 0
Total lift: -0.1921636493, Front lift: -0.04256260487, Rear lift: -0.1496010444, Drag: 0.04305253943
Location of Center of Mass: ( 0.15305161 0.4851454642 -0.0449368109 )
Location of Center Of Pressure: ( 0.2820987979 0.4851454642 -0.01602494766 )


yPlus yPlus execute:
    patch Bottom y+ : min = 25.65400978, max = 260.9915316, average = 131.6819305
    patch Top y+ : min = 45.31415442, max = 282.8493681, average = 157.7678927
    patch e423_0 y+ : min = 16.25813509, max = 661.1825956, average = 350.8147272


################################################################################

Time = 191

Outer Loop Iteration = 191
smoothSolver:  Solving for Ux, Initial residual = 1.733830637e-05, Final residual = 1.447607225e-07, No Iterations 2
smoothSolver:  Solving for Uz, Initial residual = 2.387157652e-05, Final residual = 4.31124965e-07, No Iterations 2
GAMG:  Solving for p, Initial residual = 2.974004226e-05, Final residual = 1.247273666e-07, No Iterations 3
GAMG:  Solving for p, Initial residual = 2.65896278e-06, Final residual = 2.092820161e-08, No Iterations 2
GAMG:  Solving for p, Initial residual = 4.842007621e-07, Final residual = 3.908833111e-09, No Iterations 2
time step continuity errors (region0): sum local = 2.347009072e-10, global = 2.396339676e-11, cumulative = -1.373496465e-07
smoothSolver:  Solving for omega, Initial residual = 9.034455547e-07, Final residual = 4.761402116e-08, No Iterations 1
smoothSolver:  Solving for k, Initial residual = 2.026415045e-06, Final residual = 5.036362822e-08, No Iterations 1

ExecutionTime = 2.5 s  ExecutionStepTime = 0.01 s  ClockTime = 3 s

forces FR write:
    Sum of forces
        Total    : ( 0.5184363226 0 -2.314039744 )
        Pressure : ( 0.4816920894 0 -2.312193977 )
        Viscous  : ( 0.03674423317 0 -0.001845766925 )
    Sum of moments
        Total    : ( -1.122645886 0.6444787783 -0.2515170304 )
        Pressure : ( -1.12175042 0.6468578161 -0.2336907323 )
        Viscous  : ( -0.0008954654517 -0.002379037764 -0.01782629806 )


liftDrag LD execute:
Viscous drag: 0.003051347837, pressure drag: 0.04000111007, porous drag: 0
Viscous lift: -0.0001532778461, pressure lift: -0.1920113031, porous lift: 0
Total lift: -0.1921645809, Front lift: -0.04256290097, Rear lift: -0.14960168, Drag: 0.04305245791
Location of Center of Mass: ( 0.15305161 0.4851454642 -0.0449368109 )
Location of Center Of Pressure: ( 0.2820983717 0.4851454642 -0.01602523806 )


yPlus yPlus execute:
    patch Bottom y+ : min = 25.66808058, max = 260.9923618, average = 131.6805708
    patch Top y+ : min = 45.31533273, max = 282.8292157, average = 157.7579147
    patch e423_0 y+ : min = 16.25813326, max = 661.1827707, average = 350.8149724


################################################################################

Time = 192

Outer Loop Iteration = 192
smoothSolver:  Solving for Ux, Initial residual = 1.64760234e-05, Final residual = 1.351102611e-07, No Iterations 2
smoothSolver:  Solving for Uz, Initial residual = 2.295605462e-05, Final residual = 4.22326883e-07, No Iterations 2
GAMG:  Solving for p, Initial residual = 2.943918473e-05, Final residual = 1.211717848e-07, No Iterations 3
GAMG:  Solving for p, Initial residual = 2.646608691e-06, Final residual = 2.054582191e-08, No Iterations 2
GAMG:  Solving for p, Initial residual = 4.79493636e-07, Final residual = 3.777130064e-09, No Iterations 2
time step continuity errors (region0): sum local = 2.267963549e-10, global = 1.959809611e-11, cumulative = -1.373300484e-07
smoothSolver:  Solving for omega, Initial residual = 8.564878927e-07, Final residual = 4.556490797e-08, No Iterations 1
smoothSolver:  Solving for k, Initial residual = 1.841146375e-06, Final residual = 4.598980827e-08, No Iterations 1

ExecutionTime = 2.51 s  ExecutionStepTime = 0.01 s  ClockTime = 3 s

forces FR write:
    Sum of forces
        Total    : ( 0.5184354336 0 -2.314050238 )
        Pressure : ( 0.4816911695 0 -2.312204466 )
        Viscous  : ( 0.03674426411 0 -0.001845771921 )
    Sum of moments
        Total    : ( -1.122650977 0.6444807209 -0.2515165991 )
        Pressure : ( -1.121755509 0.6468597594 -0.2336902861 )
        Viscous  : ( -0.0008954678756 -0.002379038524 -0.01782631307 )


liftDrag LD execute:
Viscous drag: 0.003051350407, pressure drag: 0.04000103368, porous drag: 0
Viscous lift: -0.000153278261, pressure lift: -0.1920121741, porous lift: 0
Total lift: -0.1921654524, Front lift: -0.04256317537, Rear lift: -0.149602277, Drag: 0.04305238409
Location of Center of Mass: ( 0.15305161 0.4851454642 -0.0449368109 )
Location of Center Of Pressure: ( 0.2820979856 0.4851454642 -0.01602550525 )


yPlus yPlus execute:
    patch Bottom y+ : min = 25.67966128, max = 260.9971455, average = 131.6804041
    patch Top y+ : min = 45.31624845, max = 282.8122013, average = 157.7490614
    patch e423_0 y+ : min = 16.25813161, max = 661.1829355, average = 350.8152179


################################################################################

Time = 193

Outer Loop Iteration = 193
smoothSolver:  Solving for Ux, Initial residual = 1.566640234e-05, Final residual = 1.267501279e-07, No Iterations 2
smoothSolver:  Solving for Uz, Initial residual = 2.216099613e-05, Final residual = 4.107185357e-07, No Iterations 2
GAMG:  Solving for p, Initial residual = 2.907533771e-05, Final residual = 1.185208797e-07, No Iterations 3
GAMG:  Solving for p, Initial residual = 2.624514987e-06, Final residual = 2.045817643e-08, No Iterations 2
GAMG:  Solving for p, Initial residual = 4.72650197e-07, Final residual = 3.713350822e-09, No Iterations 2
time step continuity errors (region0): sum local = 2.229705138e-10, global = 1.847406347e-11, cumulative = -1.373115744e-07
smoothSolver:  Solving for omega, Initial residual = 8.120086343e-07, Final residual = 4.348947032e-08, No Iterations 1
smoothSolver:  Solving for k, Initial residual = 1.673237328e-06, Final residual = 4.217242733e-08, No Iterations 1

ExecutionTime = 2.52 s  ExecutionStepTime = 0.01 s  ClockTime = 3 s

forces FR write:
    Sum of forces
        Total    : ( 0.5184346132 0 -2.314060092 )
        Pressure : ( 0.4816903182 0 -2.312214316 )
        Viscous  : ( 0.03674429508 0 -0.001845776324 )
    Sum of moments
        Total    : ( -1.122655758 0.6444825661 -0.2515162011 )
        Pressure : ( -1.121760288 0.6468616055 -0.233689873 )
        Viscous  : ( -0.0008954700115 -0.002379039416 -0.0178263281 )


liftDrag LD execute:
Viscous drag: 0.003051352979, pressure drag: 0.04000096298, porous drag: 0
Viscous lift: -0.0001532786266, pressure lift: -0.1920129921, porous lift: 0
Total lift: -0.1921662707, Front lift: -0.04256343132, Rear lift: -0.1496028394, Drag: 0.04305231596
Location of Center of Mass: ( 0.15305161 0.4851454642 -0.0449368109 )
Location of Center Of Pressure: ( 0.2820976316 0.4851454642 -0.01602575344 )


yPlus yPlus execute:
    patch Bottom y+ : min = 25.68878753, max = 261.0055938, average = 131.6813534
    patch Top y+ : min = 45.31692075, max = 282.7983416, average = 157.7413499
    patch e423_0 y+ : min = 16.25812875, max = 661.1830897, average = 350.8154602


################################################################################

Time = 194

Outer Loop Iteration = 194
smoothSolver:  Solving for Ux, Initial residual = 1.489500987e-05, Final residual = 1.18985675e-07, No Iterations 2
smoothSolver:  Solving for Uz, Initial residual = 2.150285893e-05, Final residual = 3.968727446e-07, No Iterations 2
GAMG:  Solving for p, Initial residual = 2.861038742e-05, Final residual = 1.160743504e-07, No Iterations 3
GAMG:  Solving for p, Initial residual = 2.588848246e-06, Final residual = 2.032679559e-08, No Iterations 2
GAMG:  Solving for p, Initial residual = 4.641021069e-07, Final residual = 3.654818588e-09, No Iterations 2
time step continuity errors (region0): sum local = 2.194599446e-10, global = 1.671401247e-11, cumulative = -1.372948604e-07
smoothSolver:  Solving for omega, Initial residual = 7.698475189e-07, Final residual = 4.14184922e-08, No Iterations 1
smoothSolver:  Solving for k, Initial residual = 1.521498734e-06, Final residual = 3.93529327e-08, No Iterations 1

ExecutionTime = 2.53 s  ExecutionStepTime = 0.01 s  ClockTime = 3 s

forces FR write:
    Sum of forces
        Total    : ( 0.5184338386 0 -2.314069395 )
        Pressure : ( 0.4816895128 0 -2.312223615 )
        Viscous  : ( 0.03674432577 0 -0.001845780192 )
    Sum of moments
        Total    : ( -1.122660271 0.6444843193 -0.2515158253 )
        Pressure : ( -1.121764799 0.6468633597 -0.2336894823 )
        Viscous  : ( -0.000895471888 -0.002379040413 -0.01782634298 )


liftDrag LD execute:
Viscous drag: 0.003051355527, pressure drag: 0.0400008961, porous drag: 0
Viscous lift: -0.0001532789478, pressure lift: -0.1920137643, porous lift: 0
Total lift: -0.1921670432, Front lift: -0.04256367199, Rear lift: -0.1496033713, Drag: 0.04305225163
Location of Center of Mass: ( 0.15305161 0.4851454642 -0.0449368109 )
Location of Center Of Pressure: ( 0.282097302 0.4851454642 -0.01602598669 )


yPlus yPlus execute:
    patch Bottom y+ : min = 25.69555816, max = 261.0173814, average = 131.6833335
    patch Top y+ : min = 45.31736511, max = 282.7875754, average = 157.7347726
    patch e423_0 y+ : min = 16.25812346, max = 661.1832332, average = 350.8156969


################################################################################

Time = 195

Outer Loop Iteration = 195
smoothSolver:  Solving for Ux, Initial residual = 1.415419255e-05, Final residual = 1.129598535e-07, No Iterations 2
smoothSolver:  Solving for Uz, Initial residual = 2.096474312e-05, Final residual = 3.815232322e-07, No Iterations 2
GAMG:  Solving for p, Initial residual = 2.800533683e-05, Final residual = 1.125638328e-07, No Iterations 3
GAMG:  Solving for p, Initial residual = 2.538561403e-06, Final residual = 1.995677433e-08, No Iterations 2
GAMG:  Solving for p, Initial residual = 4.524920676e-07, Final residual = 3.522373225e-09, No Iterations 2
time step continuity errors (region0): sum local = 2.115112038e-10, global = 1.503758175e-11, cumulative = -1.372798228e-07
smoothSolver:  Solving for omega, Initial residual = 7.300249341e-07, Final residual = 3.955697867e-08, No Iterations 1
smoothSolver:  Solving for k, Initial residual = 1.384432132e-06, Final residual = 3.668824249e-08, No Iterations 1

ExecutionTime = 2.55 s  ExecutionStepTime = 0.01 s  ClockTime = 3 s

forces FR write:
    Sum of forces
        Total    : ( 0.5184330889 0 -2.314078233 )
        Pressure : ( 0.4816887329 0 -2.312232449 )
        Viscous  : ( 0.03674435595 0 -0.001845783584 )
    Sum of moments
        Total    : ( -1.122664559 0.6444859871 -0.2515154616 )
        Pressure : ( -1.121769085 0.6468650285 -0.2336891039 )
        Viscous  : ( -0.0008954735335 -0.002379041491 -0.01782635763 )


liftDrag LD execute:
Viscous drag: 0.003051358034, pressure drag: 0.04000083134, porous drag: 0
Viscous lift: -0.0001532792294, pressure lift: -0.192014498, porous lift: 0
Total lift: -0.1921677772, Front lift: -0.04256390046, Rear lift: -0.1496038767, Drag: 0.04305218937
Location of Center of Mass: ( 0.15305161 0.4851454642 -0.0449368109 )
Location of Center Of Pressure: ( 0.2820969899 0.4851454642 -0.01602620884 )


yPlus yPlus execute:
    patch Bottom y+ : min = 25.70010371, max = 261.0321261, average = 131.6862477
    patch Top y+ : min = 45.31759665, max = 282.7797934, average = 157.7293004
    patch e423_0 y+ : min = 16.25811467, max = 661.1833662, average = 350.8159264


################################################################################

Time = 196

Outer Loop Iteration = 196
smoothSolver:  Solving for Ux, Initial residual = 1.345324754e-05, Final residual = 1.082340529e-07, No Iterations 2
smoothSolver:  Solving for Uz, Initial residual = 2.052355122e-05, Final residual = 3.657696925e-07, No Iterations 2
GAMG:  Solving for p, Initial residual = 2.726463554e-05, Final residual = 1.099567148e-07, No Iterations 3
GAMG:  Solving for p, Initial residual = 2.478903499e-06, Final residual = 1.982606571e-08, No Iterations 2
GAMG:  Solving for p, Initial residual = 4.390722175e-07, Final residual = 3.470008845e-09, No Iterations 2
time step continuity errors (region0): sum local = 2.083709241e-10, global = 1.487874803e-11, cumulative = -1.37264944e-07
smoothSolver:  Solving for omega, Initial residual = 6.926302468e-07, Final residual = 3.795697583e-08, No Iterations 1
smoothSolver:  Solving for k, Initial residual = 1.261144577e-06, Final residual = 3.418174048e-08, No Iterations 1

ExecutionTime = 2.57 s  ExecutionStepTime = 0.02 s  ClockTime = 3 s

forces FR write:
    Sum of forces
        Total    : ( 0.5184323458 0 -2.314086693 )
        Pressure : ( 0.4816879604 0 -2.312240906 )
        Viscous  : ( 0.03674438549 0 -0.00184578656 )
    Sum of moments
        Total    : ( -1.122668663 0.6444875774 -0.2515151011 )
        Pressure : ( -1.121773188 0.64686662 -0.2336887291 )
        Viscous  : ( -0.0008954749773 -0.002379042632 -0.01782637196 )


liftDrag LD execute:
Viscous drag: 0.003051360487, pressure drag: 0.04000076718, porous drag: 0
Viscous lift: -0.0001532794766, pressure lift: -0.1920152002, porous lift: 0
Total lift: -0.1921684797, Front lift: -0.04256411966, Rear lift: -0.14960436, Drag: 0.04305212767
Location of Center of Mass: ( 0.15305161 0.4851454642 -0.0449368109 )
Location of Center Of Pressure: ( 0.2820966888 0.4851454642 -0.01602642342 )


yPlus yPlus execute:
    patch Bottom y+ : min = 25.70256301, max = 261.0493742, average = 131.6899865
    patch Top y+ : min = 45.31763259, max = 282.7748106, average = 157.7248846
    patch e423_0 y+ : min = 16.25810151, max = 661.183489, average = 350.816148


################################################################################

Time = 197

Outer Loop Iteration = 197
smoothSolver:  Solving for Ux, Initial residual = 1.277284338e-05, Final residual = 1.041386848e-07, No Iterations 2
smoothSolver:  Solving for Uz, Initial residual = 1.989825646e-05, Final residual = 3.500474477e-07, No Iterations 2
GAMG:  Solving for p, Initial residual = 2.627544071e-05, Final residual = 1.065988485e-07, No Iterations 3
GAMG:  Solving for p, Initial residual = 2.439671767e-06, Final residual = 1.9984481e-08, No Iterations 2
GAMG:  Solving for p, Initial residual = 4.259415266e-07, Final residual = 3.500260313e-09, No Iterations 2
time step continuity errors (region0): sum local = 2.101919004e-10, global = 2.671689907e-11, cumulative = -1.372382271e-07
smoothSolver:  Solving for omega, Initial residual = 6.575320618e-07, Final residual = 3.638713054e-08, No Iterations 1
smoothSolver:  Solving for k, Initial residual = 1.149140446e-06, Final residual = 3.184442713e-08, No Iterations 1

ExecutionTime = 2.58 s  ExecutionStepTime = 0.01 s  ClockTime = 3 s

forces FR write:
    Sum of forces
        Total    : ( 0.5184315933 0 -2.314094857 )
        Pressure : ( 0.481687179 0 -2.312249068 )
        Viscous  : ( 0.03674441428 0 -0.001845789186 )
    Sum of moments
        Total    : ( -1.122672624 0.6444890991 -0.251514736 )
        Pressure : ( -1.121777148 0.6468681429 -0.23368835 )
        Viscous  : ( -0.0008954762516 -0.002379043817 -0.01782638592 )


liftDrag LD execute:
Viscous drag: 0.003051362878, pressure drag: 0.04000070229, porous drag: 0
Viscous lift: -0.0001532796947, pressure lift: -0.192015878, porous lift: 0
Total lift: -0.1921691577, Front lift: -0.0425643323, Rear lift: -0.1496048254, Drag: 0.04305206517
Location of Center of Mass: ( 0.15305161 0.4851454642 -0.0449368109 )
Location of Center Of Pressure: ( 0.282096393 0.4851454642 -0.01602663367 )


yPlus yPlus execute:
    patch Bottom y+ : min = 25.70307971, max = 261.0687497, average = 131.6944473
    patch Top y+ : min = 45.31748495, max = 282.7723857, average = 157.7214642
    patch e423_0 y+ : min = 16.25808333, max = 661.1836022, average = 350.8163613


################################################################################

Time = 198

Outer Loop Iteration = 198
smoothSolver:  Solving for Ux, Initial residual = 1.206162413e-05, Final residual = 1.009219875e-07, No Iterations 2
smoothSolver:  Solving for Uz, Initial residual = 2.034607018e-05, Final residual = 3.349629565e-07, No Iterations 2
GAMG:  Solving for p, Initial residual = 2.504896485e-05, Final residual = 1.0274424e-07, No Iterations 3
GAMG:  Solving for p, Initial residual = 2.101755226e-06, Final residual = 1.907717162e-08, No Iterations 2
GAMG:  Solving for p, Initial residual = 3.536759932e-07, Final residual = 3.353225764e-09, No Iterations 2
time step continuity errors (region0): sum local = 2.013666218e-10, global = 2.839827463e-11, cumulative = -1.372098289e-07
smoothSolver:  Solving for omega, Initial residual = 6.249409809e-07, Final residual = 3.480846211e-08, No Iterations 1
smoothSolver:  Solving for k, Initial residual = 1.04762953e-06, Final residual = 2.972221872e-08, No Iterations 1

ExecutionTime = 2.59 s  ExecutionStepTime = 0.01 s  ClockTime = 3 s

forces FR write:
    Sum of forces
        Total    : ( 0.5184308185 0 -2.31410279 )
        Pressure : ( 0.4816863762 0 -2.312256999 )
        Viscous  : ( 0.03674444226 0 -0.001845791536 )
    Sum of moments
        Total    : ( -1.122676472 0.6444905586 -0.2515143601 )
        Pressure : ( -1.121780995 0.6468696036 -0.2336879606 )
        Viscous  : ( -0.0008954773914 -0.002379045025 -0.0178263995 )


liftDrag LD execute:
Viscous drag: 0.003051365201, pressure drag: 0.04000063563, porous drag: 0
Viscous lift: -0.0001532798898, pressure lift: -0.1920165366, porous lift: 0
Total lift: -0.1921698165, Front lift: -0.04256454048, Rear lift: -0.149605276, Drag: 0.04305200083
Location of Center of Mass: ( 0.15305161 0.4851454642 -0.0449368109 )
Location of Center Of Pressure: ( 0.282096098 0.4851454642 -0.01602684207 )


yPlus yPlus execute:
    patch Bottom y+ : min = 25.70210846, max = 261.087176, average = 131.6991917
    patch Top y+ : min = 45.3172944, max = 282.7682339, average = 157.7183177
    patch e423_0 y+ : min = 16.25805961, max = 661.1837065, average = 350.8165664


################################################################################

Time = 199

Outer Loop Iteration = 199
smoothSolver:  Solving for Ux, Initial residual = 1.134401677e-05, Final residual = 9.839187048e-08, No Iterations 2
smoothSolver:  Solving for Uz, Initial residual = 1.895163088e-05, Final residual = 3.237103714e-07, No Iterations 2
GAMG:  Solving for p, Initial residual = 2.322206105e-05, Final residual = 1.010235725e-07, No Iterations 3
GAMG:  Solving for p, Initial residual = 1.991083974e-06, Final residual = 1.771796347e-08, No Iterations 2
GAMG:  Solving for p, Initial residual = 3.292434476e-07, Final residual = 3.281838691e-09, No Iterations 2
time step continuity errors (region0): sum local = 1.970837366e-10, global = 3.760480477e-11, cumulative = -1.37172224e-07
smoothSolver:  Solving for omega, Initial residual = 5.93544462e-07, Final residual = 3.355405644e-08, No Iterations 1
smoothSolver:  Solving for k, Initial residual = 9.558474874e-07, Final residual = 2.773400109e-08, No Iterations 1

ExecutionTime = 2.6 s  ExecutionStepTime = 0.01 s  ClockTime = 3 s

forces FR write:
    Sum of forces
        Total    : ( 0.5184300109 0 -2.314110569 )
        Pressure : ( 0.4816855415 0 -2.312264775 )
        Viscous  : ( 0.03674446938 0 -0.00184579369 )
    Sum of moments
        Total    : ( -1.122680246 0.6444919668 -0.2515139683 )
        Pressure : ( -1.121784768 0.6468710131 -0.2336875556 )
        Viscous  : ( -0.0008954784366 -0.002379046235 -0.01782641265 )


liftDrag LD execute:
Viscous drag: 0.003051367453, pressure drag: 0.04000056631, porous drag: 0
Viscous lift: -0.0001532800687, pressure lift: -0.1920171824, porous lift: 0
Total lift: -0.1921704624, Front lift: -0.04256474651, Rear lift: -0.1496057159, Drag: 0.04305193376
Location of Center of Mass: ( 0.15305161 0.4851454642 -0.0449368109 )
Location of Center Of Pressure: ( 0.2820957995 0.4851454642 -0.01602705114 )


yPlus yPlus execute:
    patch Bottom y+ : min = 25.69989388, max = 261.1056664, average = 131.7041195
    patch Top y+ : min = 45.31698736, max = 282.7612371, average = 157.7155771
    patch e423_0 y+ : min = 16.2580301, max = 661.1838028, average = 350.8167637


################################################################################

Time = 200

Outer Loop Iteration = 200
smoothSolver:  Solving for Ux, Initial residual = 1.0752906e-05, Final residual = 9.656952482e-08, No Iterations 2
smoothSolver:  Solving for Uz, Initial residual = 1.851418287e-05, Final residual = 3.121452541e-07, No Iterations 2
GAMG:  Solving for p, Initial residual = 2.180434467e-05, Final residual = 9.743020362e-08, No Iterations 3
GAMG:  Solving for p, Initial residual = 1.865306179e-06, Final residual = 1.711810472e-08, No Iterations 2
GAMG:  Solving for p, Initial residual = 3.031529872e-07, Final residual = 1.368452247e-09, No Iterations 3
time step continuity errors (region0): sum local = 8.218090629e-11, global = 1.866139546e-11, cumulative = -1.371535627e-07
smoothSolver:  Solving for omega, Initial residual = 5.63727676e-07, Final residual = 3.230582684e-08, No Iterations 1
smoothSolver:  Solving for k, Initial residual = 8.729583044e-07, Final residual = 2.594761323e-08, No Iterations 1

ExecutionTime = 2.61 s  ExecutionStepTime = 0.01 s  ClockTime = 3 s

forces FR write:
    Sum of forces
        Total    : ( 0.51842916 0 -2.314118267 )
        Pressure : ( 0.4816846644 0 -2.312272472 )
        Viscous  : ( 0.03674449558 0 -0.001845795738 )
    Sum of moments
        Total    : ( -1.122683981 0.6444933352 -0.2515135555 )
        Pressure : ( -1.121788502 0.6468723826 -0.2336871301 )
        Viscous  : ( -0.0008954794303 -0.002379047421 -0.01782642537 )


liftDrag LD execute:
Viscous drag: 0.003051369629, pressure drag: 0.04000049347, porous drag: 0
Viscous lift: -0.0001532802388, pressure lift: -0.1920178215, porous lift: 0
Total lift: -0.1921711017, Front lift: -0.04256495253, Rear lift: -0.1496061492, Drag: 0.0430518631
Location of Center of Mass: ( 0.15305161 0.4851454642 -0.0449368109 )
Location of Center Of Pressure: ( 0.282095494 0.4851454642 -0.01602726321 )


yPlus yPlus execute:
    patch Bottom y+ : min = 25.69659845, max = 261.1247693, average = 131.7094243
    patch Top y+ : min = 45.31656259, max = 282.7538569, average = 157.7135034
    patch e423_0 y+ : min = 16.25799467, max = 661.1838919, average = 350.8169539


################################################################################

Time = 201

Outer Loop Iteration = 201
smoothSolver:  Solving for Ux, Initial residual = 1.021503252e-05, Final residual = 9.492012037e-08, No Iterations 2
smoothSolver:  Solving for Uz, Initial residual = 1.796759651e-05, Final residual = 3.012048016e-07, No Iterations 2
GAMG:  Solving for p, Initial residual = 2.042153262e-05, Final residual = 9.36769827e-08, No Iterations 3
GAMG:  Solving for p, Initial residual = 1.760076183e-06, Final residual = 1.668255697e-08, No Iterations 2
GAMG:  Solving for p, Initial residual = 2.833314613e-07, Final residual = 1.359311978e-09, No Iterations 3
time step continuity errors (region0): sum local = 8.163359045e-11, global = 1.89218395e-11, cumulative = -1.371346408e-07
smoothSolver:  Solving for omega, Initial residual = 5.358017818e-07, Final residual = 3.10398895e-08, No Iterations 1
smoothSolver:  Solving for k, Initial residual = 7.978200459e-07, Final residual = 2.457959987e-08, No Iterations 1

ExecutionTime = 2.63 s  ExecutionStepTime = 0.02 s  ClockTime = 3 s

forces FR write:
    Sum of forces
        Total    : ( 0.5184282624 0 -2.314125912 )
        Pressure : ( 0.4816837415 0 -2.312280114 )
        Viscous  : ( 0.03674452086 0 -0.001845797771 )
    Sum of moments
        Total    : ( -1.12268769 0.6444946666 -0.25151312 )
        Pressure : ( -1.121792209 0.6468737151 -0.2336866824 )
        Viscous  : ( -0.0008954804165 -0.002379048559 -0.01782643763 )


liftDrag LD execute:
Viscous drag: 0.003051371729, pressure drag: 0.04000041684, porous drag: 0
Viscous lift: -0.0001532804076, pressure lift: -0.1920184561, porous lift: 0
Total lift: -0.1921717366, Front lift: -0.04256515938, Rear lift: -0.1496065772, Drag: 0.04305178856
Location of Center of Mass: ( 0.15305161 0.4851454642 -0.0449368109 )
Location of Center Of Pressure: ( 0.2820951796 0.4851454642 -0.01602747919 )


yPlus yPlus execute:
    patch Bottom y+ : min = 25.69226687, max = 261.1441928, average = 131.7149868
    patch Top y+ : min = 45.31603985, max = 282.7465678, average = 157.7120721
    patch e423_0 y+ : min = 16.25795337, max = 661.1839749, average = 350.8171376


################################################################################

Time = 202

Outer Loop Iteration = 202
smoothSolver:  Solving for Ux, Initial residual = 9.707759434e-06, Final residual = 9.347632667e-08, No Iterations 2
smoothSolver:  Solving for Uz, Initial residual = 1.745359952e-05, Final residual = 2.899321032e-07, No Iterations 2
GAMG:  Solving for p, Initial residual = 1.910019096e-05, Final residual = 9.04573038e-08, No Iterations 3
GAMG:  Solving for p, Initial residual = 1.662618066e-06, Final residual = 1.623764458e-08, No Iterations 2
GAMG:  Solving for p, Initial residual = 2.656152181e-07, Final residual = 1.404803977e-09, No Iterations 3
time step continuity errors (region0): sum local = 8.436710133e-11, global = 2.10117955e-11, cumulative = -1.37113629e-07
smoothSolver:  Solving for omega, Initial residual = 5.096472189e-07, Final residual = 2.977647867e-08, No Iterations 1
smoothSolver:  Solving for k, Initial residual = 7.297967514e-07, Final residual = 2.327214331e-08, No Iterations 1

ExecutionTime = 2.64 s  ExecutionStepTime = 0.01 s  ClockTime = 3 s

forces FR write:
    Sum of forces
        Total    : ( 0.5184273111 0 -2.314133569 )
        Pressure : ( 0.4816827659 0 -2.312287769 )
        Viscous  : ( 0.03674454522 0 -0.001845799878 )
    Sum of moments
        Total    : ( -1.122691404 0.6444959735 -0.2515126585 )
        Pressure : ( -1.121795923 0.6468750231 -0.2336862091 )
        Viscous  : ( -0.0008954814387 -0.002379049625 -0.01782644945 )


liftDrag LD execute:
Viscous drag: 0.003051373751, pressure drag: 0.04000033581, porous drag: 0
Viscous lift: -0.0001532805826, pressure lift: -0.1920190918, porous lift: 0
Total lift: -0.1921723724, Front lift: -0.04256536878, Rear lift: -0.1496070036, Drag: 0.04305170957
Location of Center of Mass: ( 0.15305161 0.4851454642 -0.0449368109 )
Location of Center Of Pressure: ( 0.282094854 0.4851454642 -0.01602770083 )


yPlus yPlus execute:
    patch Bottom y+ : min = 25.68695823, max = 261.1637887, average = 131.7207156
    patch Top y+ : min = 45.31542824, max = 282.739894, average = 157.7112457
    patch e423_0 y+ : min = 16.25790641, max = 661.1840527, average = 350.8173157


################################################################################

Time = 203

Outer Loop Iteration = 203
smoothSolver:  Solving for Ux, Initial residual = 9.214640015e-06, Final residual = 9.196274515e-08, No Iterations 2
smoothSolver:  Solving for Uz, Initial residual = 1.692175232e-05, Final residual = 2.784199498e-07, No Iterations 2
GAMG:  Solving for p, Initial residual = 1.785411522e-05, Final residual = 8.72512198e-08, No Iterations 3
GAMG:  Solving for p, Initial residual = 1.570754168e-06, Final residual = 6.20749658e-09, No Iterations 3
GAMG:  Solving for p, Initial residual = 2.442717767e-07, Final residual = 1.921282026e-09, No Iterations 2
time step continuity errors (region0): sum local = 1.153867593e-10, global = 2.356488493e-11, cumulative = -1.370900641e-07
smoothSolver:  Solving for omega, Initial residual = 4.846536457e-07, Final residual = 2.851372651e-08, No Iterations 1
smoothSolver:  Solving for k, Initial residual = 6.684744777e-07, Final residual = 2.202247934e-08, No Iterations 1

ExecutionTime = 2.65 s  ExecutionStepTime = 0.01 s  ClockTime = 3 s

forces FR write:
    Sum of forces
        Total    : ( 0.5184263044 0 -2.31414126 )
        Pressure : ( 0.4816817357 0 -2.312295458 )
        Viscous  : ( 0.0367445687 0 -0.00184580214 )
    Sum of moments
        Total    : ( -1.122695136 0.6444972599 -0.2515121701 )
        Pressure : ( -1.121799653 0.6468763105 -0.2336857092 )
        Viscous  : ( -0.0008954825363 -0.002379050598 -0.01782646084 )


liftDrag LD execute:
Viscous drag: 0.003051375701, pressure drag: 0.04000025026, porous drag: 0
Viscous lift: -0.0001532807705, pressure lift: -0.1920197304, porous lift: 0
Total lift: -0.1921730111, Front lift: -0.04256558131, Rear lift: -0.1496074298, Drag: 0.04305162596
Location of Center of Mass: ( 0.15305161 0.4851454642 -0.0449368109 )
Location of Center Of Pressure: ( 0.2820945164 0.4851454642 -0.01602792869 )


yPlus yPlus execute:
    patch Bottom y+ : min = 25.6807551, max = 261.1834063, average = 131.726516
    patch Top y+ : min = 45.31475091, max = 282.7339977, average = 157.7109688
    patch e423_0 y+ : min = 16.25785411, max = 661.1841264, average = 350.8174891


################################################################################

Time = 204

Outer Loop Iteration = 204
smoothSolver:  Solving for Ux, Initial residual = 8.740027514e-06, Final residual = 9.023988997e-08, No Iterations 2
smoothSolver:  Solving for Uz, Initial residual = 1.640749983e-05, Final residual = 2.664682711e-07, No Iterations 2
GAMG:  Solving for p, Initial residual = 1.667632033e-05, Final residual = 8.415623837e-08, No Iterations 3
GAMG:  Solving for p, Initial residual = 1.482311403e-06, Final residual = 6.098996735e-09, No Iterations 3
GAMG:  Solving for p, Initial residual = 2.293049972e-07, Final residual = 1.851937106e-09, No Iterations 2
time step continuity errors (region0): sum local = 1.112237596e-10, global = 2.139031026e-11, cumulative = -1.370686738e-07
smoothSolver:  Solving for omega, Initial residual = 4.60813741e-07, Final residual = 2.726682553e-08, No Iterations 1
smoothSolver:  Solving for k, Initial residual = 6.130300292e-07, Final residual = 2.086201488e-08, No Iterations 1

ExecutionTime = 2.66 s  ExecutionStepTime = 0.01 s  ClockTime = 3 s

forces FR write:
    Sum of forces
        Total    : ( 0.5184252404 0 -2.314149014 )
        Pressure : ( 0.481680649 0 -2.31230321 )
        Viscous  : ( 0.03674459139 0 -0.001845804627 )
    Sum of moments
        Total    : ( -1.122698898 0.6444985323 -0.2515116539 )
        Pressure : ( -1.121803414 0.6468775837 -0.2336851821 )
        Viscous  : ( -0.0008954837425 -0.002379051464 -0.01782647185 )


liftDrag LD execute:
Viscous drag: 0.003051377585, pressure drag: 0.04000016003, porous drag: 0
Viscous lift: -0.0001532809769, pressure lift: -0.1920203741, porous lift: 0
Total lift: -0.192173655, Front lift: -0.04256579761, Rear lift: -0.1496078574, Drag: 0.04305153761
Location of Center of Mass: ( 0.15305161 0.4851454642 -0.0449368109 )
Location of Center Of Pressure: ( 0.2820941662 0.4851454642 -0.01602816334 )


yPlus yPlus execute:
    patch Bottom y+ : min = 25.67377327, max = 261.2028816, average = 131.7323131
    patch Top y+ : min = 45.3140226, max = 282.7289259, average = 157.7111868
    patch e423_0 y+ : min = 16.25779693, max = 661.1841968, average = 350.8176589


################################################################################

Time = 205

Outer Loop Iteration = 205
smoothSolver:  Solving for Ux, Initial residual = 8.287800622e-06, Final residual = 8.840248137e-08, No Iterations 2
smoothSolver:  Solving for Uz, Initial residual = 1.586573793e-05, Final residual = 2.546971477e-07, No Iterations 2
GAMG:  Solving for p, Initial residual = 1.555549512e-05, Final residual = 8.095108551e-08, No Iterations 3
GAMG:  Solving for p, Initial residual = 1.395836406e-06, Final residual = 5.966622945e-09, No Iterations 3
GAMG:  Solving for p, Initial residual = 2.152615321e-07, Final residual = 1.783522684e-09, No Iterations 2
time step continuity errors (region0): sum local = 1.0711651e-10, global = 1.960620046e-11, cumulative = -1.370490676e-07
smoothSolver:  Solving for omega, Initial residual = 4.381065977e-07, Final residual = 2.602621306e-08, No Iterations 1
smoothSolver:  Solving for k, Initial residual = 5.623621504e-07, Final residual = 1.99411595e-08, No Iterations 1

ExecutionTime = 2.68 s  ExecutionStepTime = 0.01 s  ClockTime = 3 s

forces FR write:
    Sum of forces
        Total    : ( 0.5184241219 0 -2.314156836 )
        Pressure : ( 0.4816795085 0 -2.312311028 )
        Viscous  : ( 0.0367446134 0 -0.001845807391 )
    Sum of moments
        Total    : ( -1.122702692 0.644499793 -0.2515111113 )
        Pressure : ( -1.121807207 0.6468788452 -0.2336846287 )
        Viscous  : ( -0.0008954850835 -0.002379052215 -0.01782648252 )


liftDrag LD execute:
Viscous drag: 0.003051379413, pressure drag: 0.04000006531, porous drag: 0
Viscous lift: -0.0001532812065, pressure lift: -0.1920210234, porous lift: 0
Total lift: -0.1921743046, Front lift: -0.04256601767, Rear lift: -0.1496082869, Drag: 0.04305144472
Location of Center of Mass: ( 0.15305161 0.4851454642 -0.0449368109 )
Location of Center Of Pressure: ( 0.2820938039 0.4851454642 -0.01602840459 )


yPlus yPlus execute:
    patch Bottom y+ : min = 25.66614368, max = 261.2220429, average = 131.7380399
    patch Top y+ : min = 45.31325799, max = 282.7246778, average = 157.7118439
    patch e423_0 y+ : min = 16.25773538, max = 661.1842651, average = 350.8178263


################################################################################

Time = 206

Outer Loop Iteration = 206
smoothSolver:  Solving for Ux, Initial residual = 7.863376086e-06, Final residual = 8.65643336e-08, No Iterations 2
smoothSolver:  Solving for Uz, Initial residual = 1.533076975e-05, Final residual = 2.443642733e-07, No Iterations 2
GAMG:  Solving for p, Initial residual = 1.448907658e-05, Final residual = 7.777244681e-08, No Iterations 3
GAMG:  Solving for p, Initial residual = 1.311580702e-06, Final residual = 5.81514221e-09, No Iterations 3
GAMG:  Solving for p, Initial residual = 2.0192168e-07, Final residual = 1.721834428e-09, No Iterations 2
time step continuity errors (region0): sum local = 1.034130202e-10, global = 1.7944411e-11, cumulative = -1.370311232e-07
smoothSolver:  Solving for omega, Initial residual = 4.164280206e-07, Final residual = 2.479555031e-08, No Iterations 1
smoothSolver:  Solving for k, Initial residual = 5.165416436e-07, Final residual = 1.904984394e-08, No Iterations 1

ExecutionTime = 2.69 s  ExecutionStepTime = 0.01 s  ClockTime = 3 s

forces FR write:
    Sum of forces
        Total    : ( 0.5184229516 0 -2.31416473 )
        Pressure : ( 0.4816783168 0 -2.31231892 )
        Viscous  : ( 0.03674463489 0 -0.001845810469 )
    Sum of moments
        Total    : ( -1.122706522 0.6445010455 -0.2515105435 )
        Pressure : ( -1.121811036 0.6468800983 -0.2336840506 )
        Viscous  : ( -0.0008954865769 -0.002379052848 -0.01782649295 )


liftDrag LD execute:
Viscous drag: 0.003051381198, pressure drag: 0.03999996635, porous drag: 0
Viscous lift: -0.0001532814621, pressure lift: -0.1920216787, porous lift: 0
Total lift: -0.1921749602, Front lift: -0.04256624145, Rear lift: -0.1496087187, Drag: 0.04305134755
Location of Center of Mass: ( 0.15305161 0.4851454642 -0.0449368109 )
Location of Center Of Pressure: ( 0.2820934302 0.4851454642 -0.01602865219 )


yPlus yPlus execute:
    patch Bottom y+ : min = 25.6580002, max = 261.2407097, average = 131.7436387
    patch Top y+ : min = 45.31246823, max = 282.7212321, average = 157.7128833
    patch e423_0 y+ : min = 16.25767009, max = 661.184332, average = 350.8179924


################################################################################

Time = 207

Outer Loop Iteration = 207
smoothSolver:  Solving for Ux, Initial residual = 7.446774772e-06, Final residual = 8.471086744e-08, No Iterations 2
smoothSolver:  Solving for Uz, Initial residual = 1.481528898e-05, Final residual = 2.348328064e-07, No Iterations 2
GAMG:  Solving for p, Initial residual = 1.34234947e-05, Final residual = 7.450040338e-08, No Iterations 3
GAMG:  Solving for p, Initial residual = 1.228018021e-06, Final residual = 5.65691001e-09, No Iterations 3
GAMG:  Solving for p, Initial residual = 1.892788169e-07, Final residual = 1.668534671e-09, No Iterations 2
time step continuity errors (region0): sum local = 1.002129884e-10, global = 1.634777778e-11, cumulative = -1.370147754e-07
smoothSolver:  Solving for omega, Initial residual = 3.95760775e-07, Final residual = 2.362875023e-08, No Iterations 1
smoothSolver:  Solving for k, Initial residual = 4.75119962e-07, Final residual = 1.819847038e-08, No Iterations 1

ExecutionTime = 2.7 s  ExecutionStepTime = 0.01 s  ClockTime = 3 s

forces FR write:
    Sum of forces
        Total    : ( 0.5184217344 0 -2.314172696 )
        Pressure : ( 0.4816770783 0 -2.312326883 )
        Viscous  : ( 0.03674465605 0 -0.00184581388 )
    Sum of moments
        Total    : ( -1.122710387 0.6445022923 -0.251509953 )
        Pressure : ( -1.121814899 0.6468813457 -0.2336834498 )
        Viscous  : ( -0.0008954882319 -0.002379053368 -0.01782650322 )


liftDrag LD execute:
Viscous drag: 0.003051382955, pressure drag: 0.03999986351, porous drag: 0
Viscous lift: -0.0001532817454, pressure lift: -0.19202234, porous lift: 0
Total lift: -0.1921756217, Front lift: -0.04256646869, Rear lift: -0.149609153, Drag: 0.04305124646
Location of Center of Mass: ( 0.15305161 0.4851454642 -0.0449368109 )
Location of Center Of Pressure: ( 0.2820930462 0.4851454642 -0.01602890559 )


yPlus yPlus execute:
    patch Bottom y+ : min = 25.64946166, max = 261.2587116, average = 131.7490596
    patch Top y+ : min = 45.31166307, max = 282.7185425, average = 157.7142479
    patch e423_0 y+ : min = 16.25760173, max = 661.1843983, average = 350.8181585


################################################################################

Time = 208

Outer Loop Iteration = 208
smoothSolver:  Solving for Ux, Initial residual = 7.049547394e-06, Final residual = 8.26669762e-08, No Iterations 2
smoothSolver:  Solving for Uz, Initial residual = 1.430338797e-05, Final residual = 2.250075004e-07, No Iterations 2
GAMG:  Solving for p, Initial residual = 1.203441643e-05, Final residual = 7.219732411e-08, No Iterations 3
GAMG:  Solving for p, Initial residual = 1.127478734e-06, Final residual = 5.627532493e-09, No Iterations 3
GAMG:  Solving for p, Initial residual = 1.74381665e-07, Final residual = 1.624726781e-09, No Iterations 2
time step continuity errors (region0): sum local = 9.758282143e-11, global = 1.463384587e-11, cumulative = -1.370001416e-07
smoothSolver:  Solving for omega, Initial residual = 3.760581221e-07, Final residual = 2.250359983e-08, No Iterations 1
smoothSolver:  Solving for k, Initial residual = 4.37949174e-07, Final residual = 1.737871421e-08, No Iterations 1

ExecutionTime = 2.71 s  ExecutionStepTime = 0.01 s  ClockTime = 3 s

forces FR write:
    Sum of forces
        Total    : ( 0.5184204756 0 -2.314180729 )
        Pressure : ( 0.4816757985 0 -2.312334912 )
        Viscous  : ( 0.03674467706 0 -0.00184581763 )
    Sum of moments
        Total    : ( -1.122714284 0.6445035358 -0.2515093423 )
        Pressure : ( -1.121818794 0.6468825896 -0.2336828289 )
        Viscous  : ( -0.0008954900508 -0.002379053785 -0.01782651341 )


liftDrag LD execute:
Viscous drag: 0.0030513847, pressure drag: 0.03999975722, porous drag: 0
Viscous lift: -0.0001532820567, pressure lift: -0.1920230067, porous lift: 0
Total lift: -0.1921762888, Front lift: -0.04256669895, Rear lift: -0.1496095898, Drag: 0.04305114192
Location of Center of Mass: ( 0.15305161 0.4851454642 -0.0449368109 )
Location of Center Of Pressure: ( 0.2820926535 0.4851454642 -0.01602916409 )


yPlus yPlus execute:
    patch Bottom y+ : min = 25.6405487, max = 261.2759347, average = 131.7542782
    patch Top y+ : min = 45.31084191, max = 282.7165372, average = 157.7158825
    patch e423_0 y+ : min = 16.25753098, max = 661.1844647, average = 350.818326


################################################################################

Time = 209

Outer Loop Iteration = 209
smoothSolver:  Solving for Ux, Initial residual = 6.679406176e-06, Final residual = 8.034402163e-08, No Iterations 2
smoothSolver:  Solving for Uz, Initial residual = 1.376253753e-05, Final residual = 2.166641274e-07, No Iterations 2
GAMG:  Solving for p, Initial residual = 1.095092681e-05, Final residual = 6.916129345e-08, No Iterations 3
GAMG:  Solving for p, Initial residual = 1.042183124e-06, Final residual = 5.459688605e-09, No Iterations 3
GAMG:  Solving for p, Initial residual = 1.622116529e-07, Final residual = 1.57075468e-09, No Iterations 2
time step continuity errors (region0): sum local = 9.434213343e-11, global = 1.198079674e-11, cumulative = -1.369881608e-07
smoothSolver:  Solving for omega, Initial residual = 3.57565436e-07, Final residual = 2.143777192e-08, No Iterations 1
smoothSolver:  Solving for k, Initial residual = 4.039331503e-07, Final residual = 1.658695426e-08, No Iterations 1

ExecutionTime = 2.72 s  ExecutionStepTime = 0 s  ClockTime = 3 s

forces FR write:
    Sum of forces
        Total    : ( 0.5184191829 0 -2.314188813 )
        Pressure : ( 0.4816744848 0 -2.312342991 )
        Viscous  : ( 0.0367446981 0 -0.001845821709 )
    Sum of moments
        Total    : ( -1.122718206 0.6445047765 -0.2515087151 )
        Pressure : ( -1.121822714 0.6468838306 -0.2336821915 )
        Viscous  : ( -0.00089549203 -0.00237905411 -0.01782652362 )


liftDrag LD execute:
Viscous drag: 0.003051386446, pressure drag: 0.03999964813, porous drag: 0
Viscous lift: -0.0001532823955, pressure lift: -0.1920236776, porous lift: 0
Total lift: -0.19217696, Front lift: -0.04256693156, Rear lift: -0.1496100285, Drag: 0.04305103457
Location of Center of Mass: ( 0.15305161 0.4851454642 -0.0449368109 )
Location of Center Of Pressure: ( 0.2820922542 0.4851454642 -0.01602942661 )


yPlus yPlus execute:
    patch Bottom y+ : min = 25.63138014, max = 261.2922435, average = 131.7592338
    patch Top y+ : min = 45.3100343, max = 282.7151103, average = 157.7177397
    patch e423_0 y+ : min = 16.25745852, max = 661.1845318, average = 350.8184961


################################################################################

Time = 210

Outer Loop Iteration = 210
smoothSolver:  Solving for Ux, Initial residual = 6.326040855e-06, Final residual = 7.80439368e-08, No Iterations 2
smoothSolver:  Solving for Uz, Initial residual = 1.322198132e-05, Final residual = 2.107970598e-07, No Iterations 2
GAMG:  Solving for p, Initial residual = 1.002173461e-05, Final residual = 6.590563379e-08, No Iterations 3
GAMG:  Solving for p, Initial residual = 9.669693838e-07, Final residual = 5.250719246e-09, No Iterations 3
GAMG:  Solving for p, Initial residual = 1.514789791e-07, Final residual = 1.512840649e-09, No Iterations 2
time step continuity errors (region0): sum local = 9.086453321e-11, global = 9.6229897e-12, cumulative = -1.369785378e-07
smoothSolver:  Solving for omega, Initial residual = 3.400806816e-07, Final residual = 2.050697622e-08, No Iterations 1
smoothSolver:  Solving for k, Initial residual = 3.73116978e-07, Final residual = 1.581888617e-08, No Iterations 1

ExecutionTime = 2.73 s  ExecutionStepTime = 0.01 s  ClockTime = 3 s

forces FR write:
    Sum of forces
        Total    : ( 0.5184178646 0 -2.31419693 )
        Pressure : ( 0.4816731453 0 -2.312351104 )
        Viscous  : ( 0.03674471931 0 -0.001845826104 )
    Sum of moments
        Total    : ( -1.122722144 0.6445060152 -0.2515080756 )
        Pressure : ( -1.12182665 0.6468850696 -0.2336815417 )
        Viscous  : ( -0.000895494162 -0.002379054356 -0.01782653391 )


liftDrag LD execute:
Viscous drag: 0.003051388208, pressure drag: 0.03999953689, porous drag: 0
Viscous lift: -0.0001532827604, pressure lift: -0.1920243514, porous lift: 0
Total lift: -0.1921776341, Front lift: -0.04256716574, Rear lift: -0.1496104684, Drag: 0.0430509251
Location of Center of Mass: ( 0.15305161 0.4851454642 -0.0449368109 )
Location of Center Of Pressure: ( 0.2820918503 0.4851454642 -0.016029692 )


yPlus yPlus execute:
    patch Bottom y+ : min = 25.62207017, max = 261.3076406, average = 131.7638981
    patch Top y+ : min = 45.30924032, max = 282.7141991, average = 157.7197768
    patch e423_0 y+ : min = 16.25738504, max = 661.1846, average = 350.8186697


################################################################################

Time = 211

Outer Loop Iteration = 211
smoothSolver:  Solving for Ux, Initial residual = 5.999070933e-06, Final residual = 7.563613396e-08, No Iterations 2
smoothSolver:  Solving for Uz, Initial residual = 1.268157236e-05, Final residual = 2.048587187e-07, No Iterations 2
GAMG:  Solving for p, Initial residual = 9.235725816e-06, Final residual = 6.27803465e-08, No Iterations 3
GAMG:  Solving for p, Initial residual = 8.994559694e-07, Final residual = 5.035133609e-09, No Iterations 3
GAMG:  Solving for p, Initial residual = 1.41455113e-07, Final residual = 5.747990495e-10, No Iterations 3
time step continuity errors (region0): sum local = 3.452408268e-11, global = 3.606895098e-12, cumulative = -1.369749309e-07
smoothSolver:  Solving for omega, Initial residual = 3.234539371e-07, Final residual = 1.978744179e-08, No Iterations 1
smoothSolver:  Solving for k, Initial residual = 3.449390421e-07, Final residual = 1.507830728e-08, No Iterations 1

ExecutionTime = 2.74 s  ExecutionStepTime = 0.01 s  ClockTime = 3 s

forces FR write:
    Sum of forces
        Total    : ( 0.5184165279 0 -2.314205069 )
        Pressure : ( 0.4816717871 0 -2.312359238 )
        Viscous  : ( 0.03674474084 0 -0.001845830793 )
    Sum of moments
        Total    : ( -1.122726092 0.6445072533 -0.2515074271 )
        Pressure : ( -1.121830596 0.6468863078 -0.2336808827 )
        Viscous  : ( -0.0008954964372 -0.002379054533 -0.01782654435 )


liftDrag LD execute:
Viscous drag: 0.003051389996, pressure drag: 0.0399994241, porous drag: 0
Viscous lift: -0.0001532831499, pressure lift: -0.1920250268, porous lift: 0
Total lift: -0.19217831, Front lift: -0.04256740086, Rear lift: -0.1496109091, Drag: 0.0430508141
Location of Center of Mass: ( 0.15305161 0.4851454642 -0.0449368109 )
Location of Center Of Pressure: ( 0.2820914438 0.4851454642 -0.01602995925 )


yPlus yPlus execute:
    patch Bottom y+ : min = 25.61271617, max = 261.3221079, average = 131.7682575
    patch Top y+ : min = 45.30845907, max = 282.7137503, average = 157.721953
    patch e423_0 y+ : min = 16.25731119, max = 661.1846696, average = 350.8188478


################################################################################

Time = 212

Outer Loop Iteration = 212
smoothSolver:  Solving for Ux, Initial residual = 5.698439161e-06, Final residual = 7.306661655e-08, No Iterations 2
smoothSolver:  Solving for Uz, Initial residual = 1.217548736e-05, Final residual = 1.988896637e-07, No Iterations 2
GAMG:  Solving for p, Initial residual = 8.579761121e-06, Final residual = 5.968041933e-08, No Iterations 3
GAMG:  Solving for p, Initial residual = 8.360599993e-07, Final residual = 4.807845837e-09, No Iterations 3
GAMG:  Solving for p, Initial residual = 1.318163964e-07, Final residual = 5.448001091e-10, No Iterations 3
time step continuity errors (region0): sum local = 3.27223401e-11, global = 2.961870421e-12, cumulative = -1.36971969e-07
smoothSolver:  Solving for omega, Initial residual = 3.078688363e-07, Final residual = 1.907170903e-08, No Iterations 1
smoothSolver:  Solving for k, Initial residual = 3.19110836e-07, Final residual = 1.440217776e-08, No Iterations 1

ExecutionTime = 2.75 s  ExecutionStepTime = 0.01 s  ClockTime = 3 s

forces FR write:
    Sum of forces
        Total    : ( 0.5184151852 0 -2.314213189 )
        Pressure : ( 0.4816704224 0 -2.312367354 )
        Viscous  : ( 0.03674476276 0 -0.001845835756 )
    Sum of moments
        Total    : ( -1.122730032 0.6445084877 -0.2515067757 )
        Pressure : ( -1.121834533 0.6468875423 -0.2336802207 )
        Viscous  : ( -0.0008954988447 -0.002379054654 -0.01782655499 )


liftDrag LD execute:
Viscous drag: 0.003051391816, pressure drag: 0.03999931078, porous drag: 0
Viscous lift: -0.000153283562, pressure lift: -0.1920257008, porous lift: 0
Total lift: -0.1921789843, Front lift: -0.04256763553, Rear lift: -0.1496113488, Drag: 0.0430507026
Location of Center of Mass: ( 0.15305161 0.4851454642 -0.0449368109 )
Location of Center Of Pressure: ( 0.2820910379 0.4851454642 -0.01603022648 )


yPlus yPlus execute:
    patch Bottom y+ : min = 25.60340062, max = 261.3356017, average = 131.7723017
    patch Top y+ : min = 45.30770077, max = 282.7137093, average = 157.7242315
    patch e423_0 y+ : min = 16.25723757, max = 661.1847412, average = 350.819031


################################################################################

Time = 213

Outer Loop Iteration = 213
smoothSolver:  Solving for Ux, Initial residual = 5.415207171e-06, Final residual = 7.070288455e-08, No Iterations 2
smoothSolver:  Solving for Uz, Initial residual = 1.168460599e-05, Final residual = 1.925180955e-07, No Iterations 2
GAMG:  Solving for p, Initial residual = 8.016167899e-06, Final residual = 5.67756375e-08, No Iterations 3
GAMG:  Solving for p, Initial residual = 7.761683119e-07, Final residual = 4.592499964e-09, No Iterations 3
GAMG:  Solving for p, Initial residual = 1.226610534e-07, Final residual = 5.175632265e-10, No Iterations 3
time step continuity errors (region0): sum local = 3.108651965e-11, global = 2.457235184e-12, cumulative = -1.369695118e-07
smoothSolver:  Solving for omega, Initial residual = 2.934757997e-07, Final residual = 1.837475855e-08, No Iterations 1
smoothSolver:  Solving for k, Initial residual = 2.955013199e-07, Final residual = 1.38031215e-08, No Iterations 1

ExecutionTime = 2.76 s  ExecutionStepTime = 0.01 s  ClockTime = 3 s

forces FR write:
    Sum of forces
        Total    : ( 0.5184138423 0 -2.314221284 )
        Pressure : ( 0.4816690572 0 -2.312375443 )
        Viscous  : ( 0.03674478512 0 -0.001845840968 )
    Sum of moments
        Total    : ( -1.122733959 0.6445097206 -0.2515061242 )
        Pressure : ( -1.121838458 0.6468887753 -0.2336795583 )
        Viscous  : ( -0.0008955013735 -0.002379054725 -0.01782656583 )


liftDrag LD execute:
Viscous drag: 0.003051393673, pressure drag: 0.03999919741, porous drag: 0
Viscous lift: -0.0001532839948, pressure lift: -0.1920263726, porous lift: 0
Total lift: -0.1921796566, Front lift: -0.04256786925, Rear lift: -0.1496117873, Drag: 0.04305059108
Location of Center of Mass: ( 0.15305161 0.4851454642 -0.0449368109 )
Location of Center Of Pressure: ( 0.2820906343 0.4851454642 -0.01603049288 )


yPlus yPlus execute:
    patch Bottom y+ : min = 25.5941958, max = 261.3480812, average = 131.776025
    patch Top y+ : min = 45.30696298, max = 282.7140288, average = 157.7265789
    patch e423_0 y+ : min = 16.25716475, max = 661.1848145, average = 350.8192197


################################################################################

Time = 214

Outer Loop Iteration = 214
smoothSolver:  Solving for Ux, Initial residual = 5.152721615e-06, Final residual = 6.855811142e-08, No Iterations 2
smoothSolver:  Solving for Uz, Initial residual = 1.122106544e-05, Final residual = 1.866083947e-07, No Iterations 2
GAMG:  Solving for p, Initial residual = 7.507161149e-06, Final residual = 5.382763888e-08, No Iterations 3
GAMG:  Solving for p, Initial residual = 7.209262343e-07, Final residual = 4.36220234e-09, No Iterations 3
GAMG:  Solving for p, Initial residual = 1.137157102e-07, Final residual = 4.9047077e-10, No Iterations 3
time step continuity errors (region0): sum local = 2.945961391e-11, global = 2.085217171e-12, cumulative = -1.369674266e-07
smoothSolver:  Solving for omega, Initial residual = 2.79706021e-07, Final residual = 1.767017548e-08, No Iterations 1
smoothSolver:  Solving for k, Initial residual = 2.742346496e-07, Final residual = 1.327544265e-08, No Iterations 1

ExecutionTime = 2.77 s  ExecutionStepTime = 0.01 s  ClockTime = 3 s

forces FR write:
    Sum of forces
        Total    : ( 0.5184125077 0 -2.314229324 )
        Pressure : ( 0.4816676997 0 -2.312383477 )
        Viscous  : ( 0.03674480794 0 -0.001845846407 )
    Sum of moments
        Total    : ( -1.122737859 0.6445109498 -0.2515054767 )
        Pressure : ( -1.121842355 0.6468900046 -0.2336788998 )
        Viscous  : ( -0.0008955040118 -0.002379054752 -0.01782657691 )


liftDrag LD execute:
Viscous drag: 0.003051395568, pressure drag: 0.03999908468, porous drag: 0
Viscous lift: -0.0001532844464, pressure lift: -0.1920270397, porous lift: 0
Total lift: -0.1921803242, Front lift: -0.04256810098, Rear lift: -0.1496122232, Drag: 0.04305048025
Location of Center of Mass: ( 0.15305161 0.4851454642 -0.0449368109 )
Location of Center Of Pressure: ( 0.2820902355 0.4851454642 -0.01603075706 )


yPlus yPlus execute:
    patch Bottom y+ : min = 25.58516181, max = 261.3595255, average = 131.7794258
    patch Top y+ : min = 45.30625217, max = 282.7146835, average = 157.7289683
    patch e423_0 y+ : min = 16.25709323, max = 661.1848897, average = 350.819414


################################################################################

Time = 215

Outer Loop Iteration = 215
smoothSolver:  Solving for Ux, Initial residual = 4.906095864e-06, Final residual = 6.641513795e-08, No Iterations 2
smoothSolver:  Solving for Uz, Initial residual = 1.077343054e-05, Final residual = 1.810645596e-07, No Iterations 2
GAMG:  Solving for p, Initial residual = 7.049771005e-06, Final residual = 5.097241507e-08, No Iterations 3
GAMG:  Solving for p, Initial residual = 6.676143934e-07, Final residual = 4.124210697e-09, No Iterations 3
GAMG:  Solving for p, Initial residual = 1.054486502e-07, Final residual = 4.633552428e-10, No Iterations 3
time step continuity errors (region0): sum local = 2.783102977e-11, global = 1.78186334e-12, cumulative = -1.369656447e-07
smoothSolver:  Solving for omega, Initial residual = 2.665248203e-07, Final residual = 1.697042002e-08, No Iterations 1
smoothSolver:  Solving for k, Initial residual = 2.551967096e-07, Final residual = 1.27831467e-08, No Iterations 1

ExecutionTime = 2.78 s  ExecutionStepTime = 0.01 s  ClockTime = 3 s

forces FR write:
    Sum of forces
        Total    : ( 0.5184111892 0 -2.31423728 )
        Pressure : ( 0.481666358 0 -2.312391428 )
        Viscous  : ( 0.03674483122 0 -0.001845852046 )
    Sum of moments
        Total    : ( -1.12274172 0.6445121733 -0.251504837 )
        Pressure : ( -1.121846213 0.6468912281 -0.2336782488 )
        Viscous  : ( -0.0008955067477 -0.002379054741 -0.0178265882 )


liftDrag LD execute:
Viscous drag: 0.003051397501, pressure drag: 0.03999897326, porous drag: 0
Viscous lift: -0.0001532849147, pressure lift: -0.1920277, porous lift: 0
Total lift: -0.1921809849, Front lift: -0.04256832975, Rear lift: -0.1496126552, Drag: 0.04305037076
Location of Center of Mass: ( 0.15305161 0.4851454642 -0.0449368109 )
Location of Center Of Pressure: ( 0.2820898435 0.4851454642 -0.01603101776 )


yPlus yPlus execute:
    patch Bottom y+ : min = 25.57634953, max = 261.369948, average = 131.782509
    patch Top y+ : min = 45.30557064, max = 282.7156674, average = 157.7313774
    patch e423_0 y+ : min = 16.25702345, max = 661.1849668, average = 350.8196138


################################################################################

Time = 216

Outer Loop Iteration = 216
smoothSolver:  Solving for Ux, Initial residual = 4.674905446e-06, Final residual = 6.426595577e-08, No Iterations 2
smoothSolver:  Solving for Uz, Initial residual = 1.033617891e-05, Final residual = 1.751723622e-07, No Iterations 2
GAMG:  Solving for p, Initial residual = 6.625176524e-06, Final residual = 4.824380552e-08, No Iterations 3
GAMG:  Solving for p, Initial residual = 6.347613017e-07, Final residual = 3.912792601e-09, No Iterations 3
GAMG:  Solving for p, Initial residual = 9.812277007e-08, Final residual = 4.374329147e-10, No Iterations 3
time step continuity errors (region0): sum local = 2.627404994e-11, global = 1.937595242e-12, cumulative = -1.369637071e-07
smoothSolver:  Solving for omega, Initial residual = 2.54068482e-07, Final residual = 1.626562912e-08, No Iterations 1
smoothSolver:  Solving for k, Initial residual = 2.380057745e-07, Final residual = 1.230906314e-08, No Iterations 1

ExecutionTime = 2.79 s  ExecutionStepTime = 0.01 s  ClockTime = 3 s

forces FR write:
    Sum of forces
        Total    : ( 0.5184098938 0 -2.314245128 )
        Pressure : ( 0.4816650389 0 -2.31239927 )
        Viscous  : ( 0.03674485494 0 -0.001845857859 )
    Sum of moments
        Total    : ( -1.122745527 0.6445133887 -0.2515042086 )
        Pressure : ( -1.121850017 0.6468924434 -0.2336776089 )
        Viscous  : ( -0.000895509568 -0.002379054697 -0.01782659971 )


liftDrag LD execute:
Viscous drag: 0.003051399471, pressure drag: 0.03999886371, porous drag: 0
Viscous lift: -0.0001532853975, pressure lift: -0.1920283512, porous lift: 0
Total lift: -0.1921816366, Front lift: -0.04256855466, Rear lift: -0.1496130819, Drag: 0.04305026319
Location of Center of Mass: ( 0.15305161 0.4851454642 -0.0449368109 )
Location of Center Of Pressure: ( 0.2820894606 0.4851454642 -0.01603127379 )


yPlus yPlus execute:
    patch Bottom y+ : min = 25.56780204, max = 261.3794012, average = 131.7852866
    patch Top y+ : min = 45.30492051, max = 282.7169866, average = 157.7337856
    patch e423_0 y+ : min = 16.25695577, max = 661.1850456, average = 350.8198188


################################################################################

Time = 217

Outer Loop Iteration = 217
smoothSolver:  Solving for Ux, Initial residual = 4.474367468e-06, Final residual = 6.219589649e-08, No Iterations 2
smoothSolver:  Solving for Uz, Initial residual = 9.927112905e-06, Final residual = 1.687221927e-07, No Iterations 2
GAMG:  Solving for p, Initial residual = 6.279300825e-06, Final residual = 4.501514197e-08, No Iterations 3
GAMG:  Solving for p, Initial residual = 5.890943223e-07, Final residual = 3.563008987e-09, No Iterations 3
GAMG:  Solving for p, Initial residual = 9.073901807e-08, Final residual = 4.01515711e-10, No Iterations 3
time step continuity errors (region0): sum local = 2.41168557e-11, global = 3.673742885e-12, cumulative = -1.369600334e-07
smoothSolver:  Solving for omega, Initial residual = 2.423371148e-07, Final residual = 1.55617705e-08, No Iterations 1
smoothSolver:  Solving for k, Initial residual = 2.223579231e-07, Final residual = 1.184203866e-08, No Iterations 1

ExecutionTime = 2.8 s  ExecutionStepTime = 0.01 s  ClockTime = 3 s

forces FR write:
    Sum of forces
        Total    : ( 0.5184086282 0 -2.314252832 )
        Pressure : ( 0.4816637491 0 -2.312406968 )
        Viscous  : ( 0.03674487906 0 -0.001845863816 )
    Sum of moments
        Total    : ( -1.122749265 0.6445145918 -0.2515035946 )
        Pressure : ( -1.121853752 0.6468936465 -0.2336769832 )
        Viscous  : ( -0.0008955124578 -0.002379054625 -0.01782661141 )


liftDrag LD execute:
Viscous drag: 0.003051401475, pressure drag: 0.03999875661, porous drag: 0
Viscous lift: -0.0001532858921, pressure lift: -0.1920289905, porous lift: 0
Total lift: -0.1921822764, Front lift: -0.04256877464, Rear lift: -0.1496135017, Drag: 0.04305015808
Location of Center of Mass: ( 0.15305161 0.4851454642 -0.0449368109 )
Location of Center Of Pressure: ( 0.2820890886 0.4851454642 -0.01603152391 )


yPlus yPlus execute:
    patch Bottom y+ : min = 25.55970432, max = 261.3881234, average = 131.7878066
    patch Top y+ : min = 45.30435786, max = 282.7187328, average = 157.7359281
    patch e423_0 y+ : min = 16.25689054, max = 661.1851258, average = 350.8200285


################################################################################

Time = 218

Outer Loop Iteration = 218
smoothSolver:  Solving for Ux, Initial residual = 4.267571361e-06, Final residual = 6.010709993e-08, No Iterations 2
smoothSolver:  Solving for Uz, Initial residual = 9.547542551e-06, Final residual = 1.621539118e-07, No Iterations 2
GAMG:  Solving for p, Initial residual = 6.034273976e-06, Final residual = 4.242465646e-08, No Iterations 3
GAMG:  Solving for p, Initial residual = 5.336524023e-07, Final residual = 3.304983387e-09, No Iterations 3
GAMG:  Solving for p, Initial residual = 8.240766161e-08, Final residual = 3.70607534e-10, No Iterations 3
time step continuity errors (region0): sum local = 2.226049285e-11, global = 2.689256449e-12, cumulative = -1.369573441e-07
smoothSolver:  Solving for omega, Initial residual = 2.312558961e-07, Final residual = 1.4860177e-08, No Iterations 1
smoothSolver:  Solving for k, Initial residual = 2.082306427e-07, Final residual = 1.139585768e-08, No Iterations 1

ExecutionTime = 2.82 s  ExecutionStepTime = 0.02 s  ClockTime = 3 s

forces FR write:
    Sum of forces
        Total    : ( 0.5184073979 0 -2.314260371 )
        Pressure : ( 0.4816624944 0 -2.312414501 )
        Viscous  : ( 0.03674490357 0 -0.001845869882 )
    Sum of moments
        Total    : ( -1.122752922 0.6445157803 -0.2515029977 )
        Pressure : ( -1.121857407 0.6468948348 -0.2336763744 )
        Viscous  : ( -0.0008955154007 -0.002379054532 -0.0178266233 )


liftDrag LD execute:
Viscous drag: 0.00305140351, pressure drag: 0.03999865241, porous drag: 0
Viscous lift: -0.0001532863959, pressure lift: -0.192029616, porous lift: 0
Total lift: -0.1921829024, Front lift: -0.04256898898, Rear lift: -0.1496139135, Drag: 0.04305005592
Location of Center of Mass: ( 0.15305161 0.4851454642 -0.0449368109 )
Location of Center Of Pressure: ( 0.2820887292 0.4851454642 -0.01603176718 )


yPlus yPlus execute:
    patch Bottom y+ : min = 25.55210023, max = 261.3961798, average = 131.7900995
    patch Top y+ : min = 45.30383391, max = 282.7190571, average = 157.7378054
    patch e423_0 y+ : min = 16.25682802, max = 661.1852073, average = 350.8202426


################################################################################

Time = 219

Outer Loop Iteration = 219
smoothSolver:  Solving for Ux, Initial residual = 4.068392181e-06, Final residual = 5.790125424e-08, No Iterations 2
smoothSolver:  Solving for Uz, Initial residual = 9.155851549e-06, Final residual = 1.553878159e-07, No Iterations 2
GAMG:  Solving for p, Initial residual = 5.760735265e-06, Final residual = 3.936671259e-08, No Iterations 3
GAMG:  Solving for p, Initial residual = 4.848765283e-07, Final residual = 3.082091438e-09, No Iterations 3
GAMG:  Solving for p, Initial residual = 7.497278459e-08, Final residual = 3.475119376e-10, No Iterations 3
time step continuity errors (region0): sum local = 2.087327878e-11, global = 2.099954575e-12, cumulative = -1.369552442e-07
smoothSolver:  Solving for omega, Initial residual = 2.208149434e-07, Final residual = 1.416744064e-08, No Iterations 1
smoothSolver:  Solving for k, Initial residual = 1.955610022e-07, Final residual = 1.100745477e-08, No Iterations 1

ExecutionTime = 2.83 s  ExecutionStepTime = 0.01 s  ClockTime = 3 s

forces FR write:
    Sum of forces
        Total    : ( 0.5184062077 0 -2.314267722 )
        Pressure : ( 0.4816612793 0 -2.312421846 )
        Viscous  : ( 0.03674492843 0 -0.00184587602 )
    Sum of moments
        Total    : ( -1.122756488 0.6445169513 -0.2515024203 )
        Pressure : ( -1.12186097 0.6468960057 -0.2336757849 )
        Viscous  : ( -0.0008955183784 -0.002379054426 -0.01782663536 )


liftDrag LD execute:
Viscous drag: 0.003051405574, pressure drag: 0.0399985515, porous drag: 0
Viscous lift: -0.0001532869056, pressure lift: -0.192030226, porous lift: 0
Total lift: -0.1921835129, Front lift: -0.04256919696, Rear lift: -0.1496143159, Drag: 0.04304995708
Location of Center of Mass: ( 0.15305161 0.4851454642 -0.0449368109 )
Location of Center Of Pressure: ( 0.2820883837 0.4851454642 -0.01603200276 )


yPlus yPlus execute:
    patch Bottom y+ : min = 25.54492866, max = 261.4035661, average = 131.79217
    patch Top y+ : min = 45.30332591, max = 282.7181343, average = 157.7395812
    patch e423_0 y+ : min = 16.25676843, max = 661.1852896, average = 350.8204603


################################################################################

Time = 220

Outer Loop Iteration = 220
smoothSolver:  Solving for Ux, Initial residual = 3.884732199e-06, Final residual = 5.580268944e-08, No Iterations 2
smoothSolver:  Solving for Uz, Initial residual = 8.774582512e-06, Final residual = 1.491599251e-07, No Iterations 2
GAMG:  Solving for p, Initial residual = 5.515843916e-06, Final residual = 3.648021573e-08, No Iterations 3
GAMG:  Solving for p, Initial residual = 4.404771548e-07, Final residual = 2.857352078e-09, No Iterations 3
GAMG:  Solving for p, Initial residual = 6.875061279e-08, Final residual = 3.232759682e-10, No Iterations 3
time step continuity errors (region0): sum local = 1.941768329e-11, global = 1.663327106e-12, cumulative = -1.369535808e-07
smoothSolver:  Solving for omega, Initial residual = 2.11014587e-07, Final residual = 1.349012333e-08, No Iterations 1
smoothSolver:  Solving for k, Initial residual = 1.84057279e-07, Final residual = 1.068212036e-08, No Iterations 1

ExecutionTime = 2.84 s  ExecutionStepTime = 0.01 s  ClockTime = 3 s

forces FR write:
    Sum of forces
        Total    : ( 0.5184050616 0 -2.314274862 )
        Pressure : ( 0.481660108 0 -2.31242898 )
        Viscous  : ( 0.0367449536 0 -0.001845882189 )
    Sum of moments
        Total    : ( -1.122759952 0.6445181014 -0.2515018643 )
        Pressure : ( -1.121864431 0.6468971557 -0.2336752167 )
        Viscous  : ( -0.0008955213713 -0.002379054316 -0.01782664757 )


liftDrag LD execute:
Viscous drag: 0.003051407664, pressure drag: 0.03999845424, porous drag: 0
Viscous lift: -0.0001532874179, pressure lift: -0.1920308184, porous lift: 0
Total lift: -0.1921841058, Front lift: -0.04256939792, Rear lift: -0.1496147079, Drag: 0.04304986191
Location of Center of Mass: ( 0.15305161 0.4851454642 -0.0449368109 )
Location of Center Of Pressure: ( 0.2820880532 0.4851454642 -0.01603222985 )


yPlus yPlus execute:
    patch Bottom y+ : min = 25.5381376, max = 261.410334, average = 131.7940264
    patch Top y+ : min = 45.30284463, max = 282.7172521, average = 157.7413309
    patch e423_0 y+ : min = 16.25671193, max = 661.1853725, average = 350.8206811


################################################################################

Time = 221

Outer Loop Iteration = 221
smoothSolver:  Solving for Ux, Initial residual = 3.711577007e-06, Final residual = 5.380825098e-08, No Iterations 2
smoothSolver:  Solving for Uz, Initial residual = 8.407145125e-06, Final residual = 1.440600333e-07, No Iterations 2
GAMG:  Solving for p, Initial residual = 5.288007878e-06, Final residual = 3.38092446e-08, No Iterations 3
GAMG:  Solving for p, Initial residual = 3.991909874e-07, Final residual = 2.638142709e-09, No Iterations 3
GAMG:  Solving for p, Initial residual = 6.309078325e-08, Final residual = 2.996562039e-10, No Iterations 3
time step continuity errors (region0): sum local = 1.799903196e-11, global = 1.263954869e-12, cumulative = -1.369523169e-07
smoothSolver:  Solving for omega, Initial residual = 2.019518594e-07, Final residual = 1.282596089e-08, No Iterations 1
smoothSolver:  Solving for k, Initial residual = 1.737746609e-07, Final residual = 1.034919672e-08, No Iterations 1

ExecutionTime = 2.85 s  ExecutionStepTime = 0.01 s  ClockTime = 3 s

forces FR write:
    Sum of forces
        Total    : ( 0.5184039635 0 -2.314281769 )
        Pressure : ( 0.4816589844 0 -2.312435881 )
        Viscous  : ( 0.03674497906 0 -0.001845888347 )
    Sum of moments
        Total    : ( -1.122763303 0.6445192271 -0.2515013315 )
        Pressure : ( -1.121867779 0.6468982813 -0.2336746716 )
        Viscous  : ( -0.0008955243589 -0.002379054211 -0.01782665992 )


liftDrag LD execute:
Viscous drag: 0.003051409779, pressure drag: 0.03999836093, porous drag: 0
Viscous lift: -0.0001532879293, pressure lift: -0.1920313915, porous lift: 0
Total lift: -0.1921846794, Front lift: -0.04256959124, Rear lift: -0.1496150882, Drag: 0.04304977071
Location of Center of Mass: ( 0.15305161 0.4851454642 -0.0449368109 )
Location of Center Of Pressure: ( 0.2820877389 0.4851454642 -0.01603244776 )


yPlus yPlus execute:
    patch Bottom y+ : min = 25.53168346, max = 261.4165407, average = 131.7956781
    patch Top y+ : min = 45.30238998, max = 282.7169177, average = 157.7430761
    patch e423_0 y+ : min = 16.25665866, max = 661.1854557, average = 350.8209043


################################################################################

Time = 222

Outer Loop Iteration = 222
smoothSolver:  Solving for Ux, Initial residual = 3.550269728e-06, Final residual = 5.191249033e-08, No Iterations 2
smoothSolver:  Solving for Uz, Initial residual = 8.04974282e-06, Final residual = 1.395063662e-07, No Iterations 2
GAMG:  Solving for p, Initial residual = 5.048731633e-06, Final residual = 3.130471442e-08, No Iterations 3
GAMG:  Solving for p, Initial residual = 3.656190283e-07, Final residual = 2.422603853e-09, No Iterations 3
GAMG:  Solving for p, Initial residual = 5.788943212e-08, Final residual = 2.764888746e-10, No Iterations 3
time step continuity errors (region0): sum local = 1.660745049e-11, global = 9.162171825e-13, cumulative = -1.369514007e-07
smoothSolver:  Solving for omega, Initial residual = 1.933722631e-07, Final residual = 1.22343352e-08, No Iterations 1
smoothSolver:  Solving for k, Initial residual = 1.643127168e-07, Final residual = 1.001210805e-08, No Iterations 1

ExecutionTime = 2.86 s  ExecutionStepTime = 0.01 s  ClockTime = 3 s

forces FR write:
    Sum of forces
        Total    : ( 0.5184029165 0 -2.314288424 )
        Pressure : ( 0.4816579117 0 -2.31244253 )
        Viscous  : ( 0.03674500476 0 -0.001845894452 )
    Sum of moments
        Total    : ( -1.122766532 0.644520325 -0.2515008236 )
        Pressure : ( -1.121871005 0.6468993792 -0.2336741512 )
        Viscous  : ( -0.000895527321 -0.002379054121 -0.01782667239 )


liftDrag LD execute:
Viscous drag: 0.003051411912, pressure drag: 0.03999827186, porous drag: 0
Viscous lift: -0.0001532884363, pressure lift: -0.1920319436, porous lift: 0
Total lift: -0.1921852321, Front lift: -0.04256977638, Rear lift: -0.1496154557, Drag: 0.04304968377
Location of Center of Mass: ( 0.15305161 0.4851454642 -0.0449368109 )
Location of Center Of Pressure: ( 0.2820874416 0.4851454642 -0.01603265586 )


yPlus yPlus execute:
    patch Bottom y+ : min = 25.52554633, max = 261.4222513, average = 131.7971366
    patch Top y+ : min = 45.30196386, max = 282.7172863, average = 157.7448137
    patch e423_0 y+ : min = 16.25660868, max = 661.1855386, average = 350.8211292


################################################################################

Time = 223

Outer Loop Iteration = 223
smoothSolver:  Solving for Ux, Initial residual = 3.393886829e-06, Final residual = 5.009243035e-08, No Iterations 2
smoothSolver:  Solving for Uz, Initial residual = 7.688832362e-06, Final residual = 1.3570969e-07, No Iterations 2
GAMG:  Solving for p, Initial residual = 4.80805211e-06, Final residual = 2.892399805e-08, No Iterations 3
GAMG:  Solving for p, Initial residual = 3.401331545e-07, Final residual = 2.206205474e-09, No Iterations 3
GAMG:  Solving for p, Initial residual = 5.31604813e-08, Final residual = 2.540089173e-10, No Iterations 3
time step continuity errors (region0): sum local = 1.525719714e-11, global = 7.549946244e-13, cumulative = -1.369506457e-07
smoothSolver:  Solving for omega, Initial residual = 1.852382921e-07, Final residual = 1.171375884e-08, No Iterations 1
smoothSolver:  Solving for k, Initial residual = 1.558436337e-07, Final residual = 9.666859286e-09, No Iterations 1

ExecutionTime = 2.87 s  ExecutionStepTime = 0.01 s  ClockTime = 3 s

forces FR write:
    Sum of forces
        Total    : ( 0.5184019234 0 -2.31429481 )
        Pressure : ( 0.4816568928 0 -2.312448909 )
        Viscous  : ( 0.03674503063 0 -0.001845900466 )
    Sum of moments
        Total    : ( -1.12276963 0.6445213923 -0.2515003418 )
        Pressure : ( -1.1218741 0.6469004463 -0.2336736568 )
        Viscous  : ( -0.0008955302382 -0.002379054054 -0.01782668494 )


liftDrag LD execute:
Viscous drag: 0.003051414061, pressure drag: 0.03999818724, porous drag: 0
Viscous lift: -0.0001532889357, pressure lift: -0.1920324734, porous lift: 0
Total lift: -0.1921857623, Front lift: -0.04256995289, Rear lift: -0.1496158095, Drag: 0.0430496013
Location of Center of Mass: ( 0.15305161 0.4851454642 -0.0449368109 )
Location of Center Of Pressure: ( 0.2820871618 0.4851454642 -0.01603285365 )


yPlus yPlus execute:
    patch Bottom y+ : min = 25.51972681, max = 261.4275153, average = 131.7984142
    patch Top y+ : min = 45.30156811, max = 282.718358, average = 157.7465305
    patch e423_0 y+ : min = 16.25656207, max = 661.185621, average = 350.821355


################################################################################

Time = 224

Outer Loop Iteration = 224
smoothSolver:  Solving for Ux, Initial residual = 3.244312982e-06, Final residual = 4.85000432e-08, No Iterations 2
smoothSolver:  Solving for Uz, Initial residual = 7.347129429e-06, Final residual = 1.317877328e-07, No Iterations 2
GAMG:  Solving for p, Initial residual = 4.553540132e-06, Final residual = 2.68262292e-08, No Iterations 3
GAMG:  Solving for p, Initial residual = 3.162760596e-07, Final residual = 2.003505288e-09, No Iterations 3
GAMG:  Solving for p, Initial residual = 5.081195159e-08, Final residual = 2.306815513e-10, No Iterations 3
time step continuity errors (region0): sum local = 1.385610208e-11, global = 4.899655608e-13, cumulative = -1.369501557e-07
smoothSolver:  Solving for omega, Initial residual = 1.775590621e-07, Final residual = 1.121866712e-08, No Iterations 1
smoothSolver:  Solving for k, Initial residual = 1.48138257e-07, Final residual = 9.318833652e-09, No Iterations 1

ExecutionTime = 2.89 s  ExecutionStepTime = 0.01 s  ClockTime = 3 s

forces FR write:
    Sum of forces
        Total    : ( 0.5184009863 0 -2.314300912 )
        Pressure : ( 0.4816559297 0 -2.312455005 )
        Viscous  : ( 0.03674505662 0 -0.001845906351 )
    Sum of moments
        Total    : ( -1.12277259 0.6445224261 -0.2514998872 )
        Pressure : ( -1.121877057 0.6469014801 -0.2336731896 )
        Viscous  : ( -0.0008955330936 -0.002379054016 -0.01782669755 )


liftDrag LD execute:
Viscous drag: 0.003051416219, pressure drag: 0.03999810726, porous drag: 0
Viscous lift: -0.0001532894244, pressure lift: -0.1920329797, porous lift: 0
Total lift: -0.1921862691, Front lift: -0.04257012041, Rear lift: -0.1496161487, Drag: 0.04304952348
Location of Center of Mass: ( 0.15305161 0.4851454642 -0.0449368109 )
Location of Center Of Pressure: ( 0.2820869001 0.4851454642 -0.01603304072 )


yPlus yPlus execute:
    patch Bottom y+ : min = 25.51423724, max = 261.4323611, average = 131.7995228
    patch Top y+ : min = 45.30120451, max = 282.7200632, average = 157.7482093
    patch e423_0 y+ : min = 16.25651883, max = 661.1857026, average = 350.8215812


################################################################################

Time = 225

Outer Loop Iteration = 225
smoothSolver:  Solving for Ux, Initial residual = 3.105048873e-06, Final residual = 4.690883904e-08, No Iterations 2
smoothSolver:  Solving for Uz, Initial residual = 7.026907264e-06, Final residual = 1.28468643e-07, No Iterations 2
GAMG:  Solving for p, Initial residual = 4.295805566e-06, Final residual = 2.482700704e-08, No Iterations 3
GAMG:  Solving for p, Initial residual = 2.953511379e-07, Final residual = 1.804365647e-09, No Iterations 3
GAMG:  Solving for p, Initial residual = 4.836514874e-08, Final residual = 2.067266391e-10, No Iterations 3
time step continuity errors (region0): sum local = 1.241723567e-11, global = 1.576850672e-13, cumulative = -1.36949998e-07
smoothSolver:  Solving for omega, Initial residual = 1.702735117e-07, Final residual = 1.07466664e-08, No Iterations 1
smoothSolver:  Solving for k, Initial residual = 1.411140925e-07, Final residual = 8.970356511e-09, No Iterations 1

ExecutionTime = 2.9 s  ExecutionStepTime = 0.01 s  ClockTime = 3 s

forces FR write:
    Sum of forces
        Total    : ( 0.518400107 0 -2.314306718 )
        Pressure : ( 0.4816550243 0 -2.312460806 )
        Viscous  : ( 0.03674508263 0 -0.001845912079 )
    Sum of moments
        Total    : ( -1.122775407 0.6445234238 -0.2514994605 )
        Pressure : ( -1.121879871 0.6469024778 -0.2336727504 )
        Viscous  : ( -0.0008955358724 -0.002379054011 -0.01782671017 )


liftDrag LD execute:
Viscous drag: 0.003051418379, pressure drag: 0.03999803208, porous drag: 0
Viscous lift: -0.0001532899001, pressure lift: -0.1920334614, porous lift: 0
Total lift: -0.1921867513, Front lift: -0.04257027865, Rear lift: -0.1496164726, Drag: 0.04304945046
Location of Center of Mass: ( 0.15305161 0.4851454642 -0.0449368109 )
Location of Center Of Pressure: ( 0.2820866568 0.4851454642 -0.01603321676 )


yPlus yPlus execute:
    patch Bottom y+ : min = 25.50909425, max = 261.4368004, average = 131.8004723
    patch Top y+ : min = 45.3008747, max = 282.7223067, average = 157.7498328
    patch e423_0 y+ : min = 16.25647898, max = 661.1857829, average = 350.8218068


################################################################################

Time = 226

Outer Loop Iteration = 226
smoothSolver:  Solving for Ux, Initial residual = 2.971955187e-06, Final residual = 4.518440138e-08, No Iterations 2
smoothSolver:  Solving for Uz, Initial residual = 6.722204858e-06, Final residual = 1.262717263e-07, No Iterations 2
GAMG:  Solving for p, Initial residual = 4.042019224e-06, Final residual = 2.290485653e-08, No Iterations 3
GAMG:  Solving for p, Initial residual = 2.785233469e-07, Final residual = 1.609666646e-09, No Iterations 3
GAMG:  Solving for p, Initial residual = 4.617038412e-08, Final residual = 1.856323822e-10, No Iterations 3
time step continuity errors (region0): sum local = 1.115011646e-11, global = 3.149737594e-13, cumulative = -1.369496831e-07
smoothSolver:  Solving for omega, Initial residual = 1.634757262e-07, Final residual = 1.02671745e-08, No Iterations 1
smoothSolver:  Solving for k, Initial residual = 1.348298119e-07, Final residual = 8.62395702e-09, No Iterations 1

ExecutionTime = 2.91 s  ExecutionStepTime = 0.01 s  ClockTime = 3 s

forces FR write:
    Sum of forces
        Total    : ( 0.5183992863 0 -2.31431222 )
        Pressure : ( 0.4816541778 0 -2.312466302 )
        Viscous  : ( 0.03674510857 0 -0.001845917624 )
    Sum of moments
        Total    : ( -1.122778076 0.6445243833 -0.2514990624 )
        Pressure : ( -1.121882538 0.6469034373 -0.2336723397 )
        Viscous  : ( -0.0008955385626 -0.002379054041 -0.01782672276 )


liftDrag LD execute:
Viscous drag: 0.003051420534, pressure drag: 0.03999796178, porous drag: 0
Viscous lift: -0.0001532903605, pressure lift: -0.1920339177, porous lift: 0
Total lift: -0.1921872081, Front lift: -0.04257042739, Rear lift: -0.1496167807, Drag: 0.04304938231
Location of Center of Mass: ( 0.15305161 0.4851454642 -0.0449368109 )
Location of Center Of Pressure: ( 0.2820864321 0.4851454642 -0.01603338156 )


yPlus yPlus execute:
    patch Bottom y+ : min = 25.50431471, max = 261.4408359, average = 131.8012715
    patch Top y+ : min = 45.30058004, max = 282.7249874, average = 157.7513854
    patch e423_0 y+ : min = 16.25644246, max = 661.1858616, average = 350.822031


################################################################################

Time = 227

Outer Loop Iteration = 227
smoothSolver:  Solving for Ux, Initial residual = 2.846997115e-06, Final residual = 4.336697727e-08, No Iterations 2
smoothSolver:  Solving for Uz, Initial residual = 6.430490929e-06, Final residual = 1.242367859e-07, No Iterations 2
GAMG:  Solving for p, Initial residual = 3.790253873e-06, Final residual = 2.109747596e-08, No Iterations 3
GAMG:  Solving for p, Initial residual = 2.684051696e-07, Final residual = 1.423380039e-09, No Iterations 3
GAMG:  Solving for p, Initial residual = 4.477764562e-08, Final residual = 1.697609333e-10, No Iterations 3
time step continuity errors (region0): sum local = 1.019696928e-11, global = -2.963302639e-13, cumulative = -1.369499794e-07
smoothSolver:  Solving for omega, Initial residual = 1.570598976e-07, Final residual = 9.782717652e-09, No Iterations 1
smoothSolver:  Solving for k, Initial residual = 1.290904292e-07, Final residual = 8.281123618e-09, No Iterations 1

ExecutionTime = 2.92 s  ExecutionStepTime = 0.01 s  ClockTime = 3 s

forces FR write:
    Sum of forces
        Total    : ( 0.5183985249 0 -2.314317409 )
        Pressure : ( 0.4816533906 0 -2.312471486 )
        Viscous  : ( 0.03674513434 0 -0.001845922967 )
    Sum of moments
        Total    : ( -1.122780594 0.6445253026 -0.251498693 )
        Pressure : ( -1.121885052 0.6469043567 -0.2336719578 )
        Viscous  : ( -0.0008955411549 -0.002379054105 -0.01782673526 )


liftDrag LD execute:
Viscous drag: 0.003051422673, pressure drag: 0.03999789641, porous drag: 0
Viscous lift: -0.0001532908043, pressure lift: -0.1920343482, porous lift: 0
Total lift: -0.192187639, Front lift: -0.04257056651, Rear lift: -0.1496170725, Drag: 0.04304931908
Location of Center of Mass: ( 0.15305161 0.4851454642 -0.0449368109 )
Location of Center Of Pressure: ( 0.2820862259 0.4851454642 -0.016033535 )


yPlus yPlus execute:
    patch Bottom y+ : min = 25.49991438, max = 261.4444671, average = 131.8019279
    patch Top y+ : min = 45.30032138, max = 282.728008, average = 157.7528533
    patch e423_0 y+ : min = 16.25640924, max = 661.1859385, average = 350.8222531


################################################################################

Time = 228

Outer Loop Iteration = 228
smoothSolver:  Solving for Ux, Initial residual = 2.725151133e-06, Final residual = 4.149055654e-08, No Iterations 2
smoothSolver:  Solving for Uz, Initial residual = 6.154678909e-06, Final residual = 1.221976186e-07, No Iterations 2
GAMG:  Solving for p, Initial residual = 3.54759388e-06, Final residual = 1.942485137e-08, No Iterations 3
GAMG:  Solving for p, Initial residual = 2.594656761e-07, Final residual = 1.241543669e-09, No Iterations 3
GAMG:  Solving for p, Initial residual = 4.363116211e-08, Final residual = 1.519169922e-10, No Iterations 3
time step continuity errors (region0): sum local = 9.125085293e-12, global = 1.115048754e-13, cumulative = -1.369498679e-07
smoothSolver:  Solving for omega, Initial residual = 1.507905116e-07, Final residual = 9.295852623e-09, No Iterations 1
smoothSolver:  Solving for k, Initial residual = 1.237870919e-07, Final residual = 7.939938979e-09, No Iterations 1

ExecutionTime = 2.93 s  ExecutionStepTime = 0.01 s  ClockTime = 3 s

forces FR write:
    Sum of forces
        Total    : ( 0.5183978227 0 -2.31432228 )
        Pressure : ( 0.4816526629 0 -2.312476351 )
        Viscous  : ( 0.03674515982 0 -0.001845928094 )
    Sum of moments
        Total    : ( -1.122782957 0.6445261797 -0.2514983524 )
        Pressure : ( -1.121887413 0.6469052339 -0.2336716047 )
        Viscous  : ( -0.0008955436422 -0.002379054202 -0.01782674762 )


liftDrag LD execute:
Viscous drag: 0.00305142479, pressure drag: 0.03999783598, porous drag: 0
Viscous lift: -0.00015329123, pressure lift: -0.1920347523, porous lift: 0
Total lift: -0.1921880435, Front lift: -0.04257069591, Rear lift: -0.1496173476, Drag: 0.04304926077
Location of Center of Mass: ( 0.15305161 0.4851454642 -0.0449368109 )
Location of Center Of Pressure: ( 0.2820860382 0.4851454642 -0.01603367703 )


yPlus yPlus execute:
    patch Bottom y+ : min = 25.49590586, max = 261.4476929, average = 131.8024485
    patch Top y+ : min = 45.30009949, max = 282.7312797, average = 157.7542255
    patch e423_0 y+ : min = 16.25637924, max = 661.1860132, average = 350.8224721


################################################################################

Time = 229

Outer Loop Iteration = 229
smoothSolver:  Solving for Ux, Initial residual = 2.614545442e-06, Final residual = 3.948043534e-08, No Iterations 2
smoothSolver:  Solving for Uz, Initial residual = 5.884329034e-06, Final residual = 1.197604319e-07, No Iterations 2
GAMG:  Solving for p, Initial residual = 3.332057085e-06, Final residual = 1.79206964e-08, No Iterations 3
GAMG:  Solving for p, Initial residual = 2.517044105e-07, Final residual = 1.08615644e-09, No Iterations 3
GAMG:  Solving for p, Initial residual = 4.272511972e-08, Final residual = 1.396988347e-10, No Iterations 3
time step continuity errors (region0): sum local = 8.391103663e-12, global = 6.924116769e-15, cumulative = -1.36949861e-07
smoothSolver:  Solving for omega, Initial residual = 1.446456453e-07, Final residual = 8.810248005e-09, No Iterations 1
smoothSolver:  Solving for k, Initial residual = 1.190430777e-07, Final residual = 7.610564922e-09, No Iterations 1

ExecutionTime = 2.94 s  ExecutionStepTime = 0.01 s  ClockTime = 3 s

forces FR write:
    Sum of forces
        Total    : ( 0.5183971791 0 -2.314326829 )
        Pressure : ( 0.4816519942 0 -2.312480896 )
        Viscous  : ( 0.03674518492 0 -0.001845932994 )
    Sum of moments
        Total    : ( -1.122785164 0.6445270132 -0.2514980401 )
        Pressure : ( -1.121889618 0.6469060675 -0.2336712803 )
        Viscous  : ( -0.0008955460194 -0.002379054329 -0.0178267598 )


liftDrag LD execute:
Viscous drag: 0.003051426874, pressure drag: 0.03999778045, porous drag: 0
Viscous lift: -0.0001532916369, pressure lift: -0.1920351297, porous lift: 0
Total lift: -0.1921884213, Front lift: -0.04257081561, Rear lift: -0.1496176057, Drag: 0.04304920732
Location of Center of Mass: ( 0.15305161 0.4851454642 -0.0449368109 )
Location of Center Of Pressure: ( 0.2820858686 0.4851454642 -0.01603380772 )


yPlus yPlus execute:
    patch Bottom y+ : min = 25.49230052, max = 261.4505118, average = 131.8028397
    patch Top y+ : min = 45.29991408, max = 282.7347243, average = 157.7554928
    patch e423_0 y+ : min = 16.25635236, max = 661.1860855, average = 350.8226872


################################################################################

Time = 230

Outer Loop Iteration = 230
smoothSolver:  Solving for Ux, Initial residual = 2.514404041e-06, Final residual = 3.738447972e-08, No Iterations 2
smoothSolver:  Solving for Uz, Initial residual = 5.61853031e-06, Final residual = 1.167536149e-07, No Iterations 2
GAMG:  Solving for p, Initial residual = 3.124635024e-06, Final residual = 1.66065204e-08, No Iterations 3
GAMG:  Solving for p, Initial residual = 2.452035077e-07, Final residual = 9.615780219e-10, No Iterations 3
GAMG:  Solving for p, Initial residual = 4.168752419e-08, Final residual = 4.042059249e-10, No Iterations 2
time step continuity errors (region0): sum local = 2.42791121e-11, global = -1.233390758e-13, cumulative = -1.369499843e-07
smoothSolver:  Solving for omega, Initial residual = 1.385985281e-07, Final residual = 8.348633411e-09, No Iterations 1
smoothSolver:  Solving for k, Initial residual = 1.146353206e-07, Final residual = 7.290464692e-09, No Iterations 1

ExecutionTime = 2.95 s  ExecutionStepTime = 0.01 s  ClockTime = 3 s

forces FR write:
    Sum of forces
        Total    : ( 0.5183965938 0 -2.314331054 )
        Pressure : ( 0.4816513842 0 -2.312485116 )
        Viscous  : ( 0.03674520954 0 -0.001845937659 )
    Sum of moments
        Total    : ( -1.122787213 0.6445278012 -0.2514977561 )
        Pressure : ( -1.121891665 0.6469068557 -0.2336709844 )
        Viscous  : ( -0.0008955482824 -0.002379054483 -0.01782677174 )


liftDrag LD execute:
Viscous drag: 0.003051428918, pressure drag: 0.03999772979, porous drag: 0
Viscous lift: -0.0001532920243, pressure lift: -0.1920354801, porous lift: 0
Total lift: -0.1921887721, Front lift: -0.04257092557, Rear lift: -0.1496178466, Drag: 0.04304915871
Location of Center of Mass: ( 0.15305161 0.4851454642 -0.0449368109 )
Location of Center Of Pressure: ( 0.2820857169 0.4851454642 -0.0160339271 )


yPlus yPlus execute:
    patch Bottom y+ : min = 25.489106, max = 261.4529219, average = 131.8031075
    patch Top y+ : min = 45.29976525, max = 282.7382702, average = 157.7566479
    patch e423_0 y+ : min = 16.25632849, max = 661.1861552, average = 350.8228977


################################################################################

Time = 231

Outer Loop Iteration = 231
smoothSolver:  Solving for Ux, Initial residual = 2.42090251e-06, Final residual = 3.529162524e-08, No Iterations 2
smoothSolver:  Solving for Uz, Initial residual = 5.364076788e-06, Final residual = 1.131559645e-07, No Iterations 2
GAMG:  Solving for p, Initial residual = 2.930899976e-06, Final residual = 1.550490612e-08, No Iterations 3
GAMG:  Solving for p, Initial residual = 2.39553638e-07, Final residual = 8.629684617e-10, No Iterations 3
GAMG:  Solving for p, Initial residual = 4.061885322e-08, Final residual = 3.893945107e-10, No Iterations 2
time step continuity errors (region0): sum local = 2.338942724e-11, global = 3.197956239e-13, cumulative = -1.369496645e-07
smoothSolver:  Solving for omega, Initial residual = 1.326819032e-07, Final residual = 7.899950096e-09, No Iterations 1
smoothSolver:  Solving for k, Initial residual = 1.104034739e-07, Final residual = 6.995815684e-09, No Iterations 1

ExecutionTime = 2.96 s  ExecutionStepTime = 0.01 s  ClockTime = 3 s

forces FR write:
    Sum of forces
        Total    : ( 0.5183960637 0 -2.314334961 )
        Pressure : ( 0.4816508301 0 -2.312489018 )
        Viscous  : ( 0.0367452336 0 -0.001845942081 )
    Sum of moments
        Total    : ( -1.122789109 0.6445285441 -0.251497499 )
        Pressure : ( -1.121893558 0.6469075988 -0.2336707156 )
        Viscous  : ( -0.0008955504277 -0.002379054662 -0.01782678341 )


liftDrag LD execute:
Viscous drag: 0.003051430916, pressure drag: 0.03999768378, porous drag: 0
Viscous lift: -0.0001532923915, pressure lift: -0.1920358042, porous lift: 0
Total lift: -0.1921890966, Front lift: -0.0425710261, Rear lift: -0.1496180705, Drag: 0.04304911469
Location of Center of Mass: ( 0.15305161 0.4851454642 -0.0449368109 )
Location of Center Of Pressure: ( 0.2820855823 0.4851454642 -0.01603403559 )


yPlus yPlus execute:
    patch Bottom y+ : min = 25.48632642, max = 261.4549224, average = 131.8032576
    patch Top y+ : min = 45.29965198, max = 282.7418522, average = 157.757685
    patch e423_0 y+ : min = 16.25630752, max = 661.1862221, average = 350.8231028


################################################################################

Time = 232

Outer Loop Iteration = 232
smoothSolver:  Solving for Ux, Initial residual = 2.341399231e-06, Final residual = 3.329632682e-08, No Iterations 2
smoothSolver:  Solving for Uz, Initial residual = 5.123869823e-06, Final residual = 1.089313366e-07, No Iterations 2
GAMG:  Solving for p, Initial residual = 2.750361769e-06, Final residual = 1.475391459e-08, No Iterations 3
GAMG:  Solving for p, Initial residual = 2.3555198e-07, Final residual = 8.202241248e-10, No Iterations 3
GAMG:  Solving for p, Initial residual = 3.968024291e-08, Final residual = 3.807544026e-10, No Iterations 2
time step continuity errors (region0): sum local = 2.287048056e-11, global = 4.021067126e-13, cumulative = -1.369492624e-07
smoothSolver:  Solving for omega, Initial residual = 1.269916892e-07, Final residual = 7.456071821e-09, No Iterations 1
smoothSolver:  Solving for k, Initial residual = 1.063508958e-07, Final residual = 6.727573354e-09, No Iterations 1

ExecutionTime = 2.97 s  ExecutionStepTime = 0 s  ClockTime = 3 s

forces FR write:
    Sum of forces
        Total    : ( 0.5183955886 0 -2.314338545 )
        Pressure : ( 0.4816503315 0 -2.312492599 )
        Viscous  : ( 0.03674525702 0 -0.001845946254 )
    Sum of moments
        Total    : ( -1.122790848 0.6445292397 -0.2514972685 )
        Pressure : ( -1.121895295 0.6469082946 -0.2336704737 )
        Viscous  : ( -0.0008955524525 -0.002379054864 -0.01782679477 )


liftDrag LD execute:
Viscous drag: 0.003051432861, pressure drag: 0.03999764237, porous drag: 0
Viscous lift: -0.0001532927381, pressure lift: -0.1920361015, porous lift: 0
Total lift: -0.1921893943, Front lift: -0.04257111718, Rear lift: -0.1496182771, Drag: 0.04304907523
Location of Center of Mass: ( 0.15305161 0.4851454642 -0.0449368109 )
Location of Center Of Pressure: ( 0.2820854646 0.4851454642 -0.01603413323 )


yPlus yPlus execute:
    patch Bottom y+ : min = 25.48396231, max = 261.4565143, average = 131.8032959
    patch Top y+ : min = 45.29957395, max = 282.7454137, average = 157.7586009
    patch e423_0 y+ : min = 16.25628929, max = 661.186286, average = 350.823302


################################################################################

Time = 233

Outer Loop Iteration = 233
smoothSolver:  Solving for Ux, Initial residual = 2.280482856e-06, Final residual = 3.139452316e-08, No Iterations 2
smoothSolver:  Solving for Uz, Initial residual = 4.896356468e-06, Final residual = 1.041944838e-07, No Iterations 2
GAMG:  Solving for p, Initial residual = 2.58099614e-06, Final residual = 1.424938758e-08, No Iterations 3
GAMG:  Solving for p, Initial residual = 2.329658734e-07, Final residual = 2.292524358e-09, No Iterations 2
GAMG:  Solving for p, Initial residual = 3.983485401e-08, Final residual = 1.597995024e-10, No Iterations 3
time step continuity errors (region0): sum local = 9.598581953e-12, global = -4.279981651e-13, cumulative = -1.369496904e-07
smoothSolver:  Solving for omega, Initial residual = 1.214802707e-07, Final residual = 7.0291347e-09, No Iterations 1
smoothSolver:  Solving for k, Initial residual = 1.024445851e-07, Final residual = 6.461955717e-09, No Iterations 1

ExecutionTime = 2.98 s  ExecutionStepTime = 0.01 s  ClockTime = 3 s

forces FR write:
    Sum of forces
        Total    : ( 0.518395166 0 -2.314341815 )
        Pressure : ( 0.4816498862 0 -2.312495864 )
        Viscous  : ( 0.03674527975 0 -0.001845950174 )
    Sum of moments
        Total    : ( -1.122792434 0.6445298881 -0.2514970635 )
        Pressure : ( -1.12189688 0.6469089432 -0.2336702577 )
        Viscous  : ( -0.0008955543541 -0.002379055087 -0.0178268058 )


liftDrag LD execute:
Viscous drag: 0.003051434748, pressure drag: 0.0399976054, porous drag: 0
Viscous lift: -0.0001532930636, pressure lift: -0.1920363727, porous lift: 0
Total lift: -0.1921896658, Front lift: -0.04257119908, Rear lift: -0.1496184667, Drag: 0.04304904014
Location of Center of Mass: ( 0.15305161 0.4851454642 -0.0449368109 )
Location of Center Of Pressure: ( 0.2820853628 0.4851454642 -0.01603422041 )


yPlus yPlus execute:
    patch Bottom y+ : min = 25.48201064, max = 261.457701, average = 131.8032279
    patch Top y+ : min = 45.29952992, max = 282.748906, average = 157.7593932
    patch e423_0 y+ : min = 16.25627368, max = 661.1863468, average = 350.8234946


################################################################################

Time = 234

Outer Loop Iteration = 234
smoothSolver:  Solving for Ux, Initial residual = 2.231952542e-06, Final residual = 2.970667803e-08, No Iterations 2
smoothSolver:  Solving for Uz, Initial residual = 4.690272844e-06, Final residual = 9.911469789e-08, No Iterations 2
GAMG:  Solving for p, Initial residual = 2.448758029e-06, Final residual = 1.390291573e-08, No Iterations 3
GAMG:  Solving for p, Initial residual = 2.303766223e-07, Final residual = 2.207970108e-09, No Iterations 2
GAMG:  Solving for p, Initial residual = 3.929453805e-08, Final residual = 1.633998255e-10, No Iterations 3
time step continuity errors (region0): sum local = 9.814897281e-12, global = -5.668048762e-13, cumulative = -1.369502572e-07
smoothSolver:  Solving for omega, Initial residual = 1.161433558e-07, Final residual = 6.651631508e-09, No Iterations 1
smoothSolver:  Solving for k, Initial residual = 9.876264615e-08, Final residual = 6.214544488e-09, No Iterations 1

ExecutionTime = 3 s  ExecutionStepTime = 0.01 s  ClockTime = 3 s

forces FR write:
    Sum of forces
        Total    : ( 0.5183947948 0 -2.314344771 )
        Pressure : ( 0.4816494931 0 -2.312498818 )
        Viscous  : ( 0.03674530173 0 -0.001845953836 )
    Sum of moments
        Total    : ( -1.122793869 0.6445304885 -0.2514968834 )
        Pressure : ( -1.121898312 0.6469095439 -0.2336700669 )
        Viscous  : ( -0.0008955561305 -0.002379055332 -0.01782681647 )


liftDrag LD execute:
Viscous drag: 0.003051436574, pressure drag: 0.03999757274, porous drag: 0
Viscous lift: -0.0001532933677, pressure lift: -0.1920366179, porous lift: 0
Total lift: -0.1921899113, Front lift: -0.04257127199, Rear lift: -0.1496186393, Drag: 0.04304900932
Location of Center of Mass: ( 0.15305161 0.4851454642 -0.0449368109 )
Location of Center Of Pressure: ( 0.2820852765 0.4851454642 -0.01603429736 )


yPlus yPlus execute:
    patch Bottom y+ : min = 25.48046438, max = 261.4584872, average = 131.8030594
    patch Top y+ : min = 45.29951865, max = 282.7522859, average = 157.7600609
    patch e423_0 y+ : min = 16.25626054, max = 661.1864044, average = 350.8236803


################################################################################

Time = 235

Outer Loop Iteration = 235
smoothSolver:  Solving for Ux, Initial residual = 2.185058302e-06, Final residual = 2.817787201e-08, No Iterations 2
smoothSolver:  Solving for Uz, Initial residual = 4.501260482e-06, Final residual = 9.387585595e-08, No Iterations 2
GAMG:  Solving for p, Initial residual = 2.349186492e-06, Final residual = 1.359537535e-08, No Iterations 3
GAMG:  Solving for p, Initial residual = 2.270111381e-07, Final residual = 2.180823565e-09, No Iterations 2
GAMG:  Solving for p, Initial residual = 3.86628024e-08, Final residual = 1.712054222e-10, No Iterations 3
time step continuity errors (region0): sum local = 1.028368436e-11, global = -8.548240078e-13, cumulative = -1.36951112e-07
smoothSolver:  Solving for omega, Initial residual = 1.109712056e-07, Final residual = 6.280187836e-09, No Iterations 1
smoothSolver:  Solving for k, Initial residual = 9.516589662e-08, Final residual = 5.966503295e-09, No Iterations 1

ExecutionTime = 3.01 s  ExecutionStepTime = 0.01 s  ClockTime = 3 s

forces FR write:
    Sum of forces
        Total    : ( 0.5183944722 0 -2.314347426 )
        Pressure : ( 0.4816491492 0 -2.312501469 )
        Viscous  : ( 0.03674532294 0 -0.001845957236 )
    Sum of moments
        Total    : ( -1.122795157 0.644531042 -0.2514967268 )
        Pressure : ( -1.121899599 0.6469100976 -0.2336699001 )
        Viscous  : ( -0.0008955577801 -0.002379055597 -0.01782682676 )


liftDrag LD execute:
Viscous drag: 0.003051438335, pressure drag: 0.03999754419, porous drag: 0
Viscous lift: -0.00015329365, pressure lift: -0.1920368381, porous lift: 0
Total lift: -0.1921901318, Front lift: -0.04257133627, Rear lift: -0.1496187955, Drag: 0.04304898253
Location of Center of Mass: ( 0.15305161 0.4851454642 -0.0449368109 )
Location of Center Of Pressure: ( 0.2820852049 0.4851454642 -0.01603436455 )


yPlus yPlus execute:
    patch Bottom y+ : min = 25.47931474, max = 261.4588803, average = 131.8027958
    patch Top y+ : min = 45.29953874, max = 282.7555149, average = 157.7606037
    patch e423_0 y+ : min = 16.25624973, max = 661.1864587, average = 350.8238587


################################################################################

Time = 236

Outer Loop Iteration = 236
smoothSolver:  Solving for Ux, Initial residual = 2.13698796e-06, Final residual = 2.675204941e-08, No Iterations 2
smoothSolver:  Solving for Uz, Initial residual = 4.330243195e-06, Final residual = 8.864551065e-08, No Iterations 2
GAMG:  Solving for p, Initial residual = 2.257062141e-06, Final residual = 1.32831166e-08, No Iterations 3
GAMG:  Solving for p, Initial residual = 2.232831251e-07, Final residual = 2.189439754e-09, No Iterations 2
GAMG:  Solving for p, Initial residual = 3.791867764e-08, Final residual = 1.803899496e-10, No Iterations 3
time step continuity errors (region0): sum local = 1.083528405e-11, global = -1.080284543e-12, cumulative = -1.369521923e-07
smoothSolver:  Solving for omega, Initial residual = 1.05958642e-07, Final residual = 5.92127392e-09, No Iterations 1
smoothSolver:  Solving for k, Initial residual = 9.167090979e-08, Final residual = 5.720953522e-09, No Iterations 1

ExecutionTime = 3.02 s  ExecutionStepTime = 0.01 s  ClockTime = 3 s

forces FR write:
    Sum of forces
        Total    : ( 0.5183941961 0 -2.314349787 )
        Pressure : ( 0.4816488528 0 -2.312503827 )
        Viscous  : ( 0.03674534333 0 -0.001845960373 )
    Sum of moments
        Total    : ( -1.122796302 0.6445315486 -0.2514965929 )
        Pressure : ( -1.121900743 0.6469106045 -0.2336697563 )
        Viscous  : ( -0.0008955593019 -0.002379055881 -0.01782683665 )


liftDrag LD execute:
Viscous drag: 0.003051440029, pressure drag: 0.03999751957, porous drag: 0
Viscous lift: -0.0001532939105, pressure lift: -0.1920370339, porous lift: 0
Total lift: -0.1921903278, Front lift: -0.04257139222, Rear lift: -0.1496189356, Drag: 0.0430489596
Location of Center of Mass: ( 0.15305161 0.4851454642 -0.0449368109 )
Location of Center Of Pressure: ( 0.2820851471 0.4851454642 -0.01603442237 )


yPlus yPlus execute:
    patch Bottom y+ : min = 25.47855099, max = 261.4588897, average = 131.8024426
    patch Top y+ : min = 45.29958898, max = 282.7585589, average = 157.7610227
    patch e423_0 y+ : min = 16.25624109, max = 661.1865097, average = 350.8240294


################################################################################

Time = 237

Outer Loop Iteration = 237
smoothSolver:  Solving for Ux, Initial residual = 2.09020112e-06, Final residual = 2.55177437e-08, No Iterations 2
smoothSolver:  Solving for Uz, Initial residual = 4.17871334e-06, Final residual = 8.384095598e-08, No Iterations 2
GAMG:  Solving for p, Initial residual = 2.169237874e-06, Final residual = 1.310761898e-08, No Iterations 3
GAMG:  Solving for p, Initial residual = 2.189067056e-07, Final residual = 8.612156628e-10, No Iterations 3
GAMG:  Solving for p, Initial residual = 3.671221373e-08, Final residual = 3.581211126e-10, No Iterations 2
time step continuity errors (region0): sum local = 2.151091057e-11, global = -3.249488887e-13, cumulative = -1.369525173e-07
smoothSolver:  Solving for omega, Initial residual = 1.01117682e-07, Final residual = 5.572059606e-09, No Iterations 1
smoothSolver:  Solving for k, Initial residual = 8.830138432e-08, Final residual = 5.480781847e-09, No Iterations 1

ExecutionTime = 3.03 s  ExecutionStepTime = 0.01 s  ClockTime = 3 s

forces FR write:
    Sum of forces
        Total    : ( 0.5183939647 0 -2.314351863 )
        Pressure : ( 0.4816486019 0 -2.3125059 )
        Viscous  : ( 0.03674536287 0 -0.001845963247 )
    Sum of moments
        Total    : ( -1.122797309 0.6445320093 -0.2514964807 )
        Pressure : ( -1.121901748 0.6469110655 -0.2336696345 )
        Viscous  : ( -0.0008955606966 -0.002379056184 -0.01782684613 )


liftDrag LD execute:
Viscous drag: 0.003051441652, pressure drag: 0.03999749874, porous drag: 0
Viscous lift: -0.0001532941492, pressure lift: -0.192037206, porous lift: 0
Total lift: -0.1921905002, Front lift: -0.04257144015, Rear lift: -0.14961906, Drag: 0.04304894039
Location of Center of Mass: ( 0.15305161 0.4851454642 -0.0449368109 )
Location of Center Of Pressure: ( 0.2820851025 0.4851454642 -0.01603447119 )


yPlus yPlus execute:
    patch Bottom y+ : min = 25.47816071, max = 261.4585275, average = 131.8020055
    patch Top y+ : min = 45.29966738, max = 282.7613893, average = 157.7613202
    patch e423_0 y+ : min = 16.25623449, max = 661.1865574, average = 350.8241923


################################################################################

Time = 238

Outer Loop Iteration = 238
smoothSolver:  Solving for Ux, Initial residual = 2.045864494e-06, Final residual = 2.437528468e-08, No Iterations 2
smoothSolver:  Solving for Uz, Initial residual = 4.044101577e-06, Final residual = 7.902212595e-08, No Iterations 2
GAMG:  Solving for p, Initial residual = 2.084899058e-06, Final residual = 1.300748216e-08, No Iterations 3
GAMG:  Solving for p, Initial residual = 2.144285734e-07, Final residual = 9.010398747e-10, No Iterations 3
GAMG:  Solving for p, Initial residual = 3.595039374e-08, Final residual = 1.285778192e-10, No Iterations 3
time step continuity errors (region0): sum local = 7.72315668e-12, global = -1.698850084e-13, cumulative = -1.369526871e-07
smoothSolver:  Solving for omega, Initial residual = 9.649460841e-08, Final residual = 5.238231149e-09, No Iterations 1
smoothSolver:  Solving for k, Initial residual = 8.502033098e-08, Final residual = 5.248678373e-09, No Iterations 1

ExecutionTime = 3.04 s  ExecutionStepTime = 0.01 s  ClockTime = 3 s

forces FR write:
    Sum of forces
        Total    : ( 0.5183937752 0 -2.314353666 )
        Pressure : ( 0.4816483936 0 -2.3125077 )
        Viscous  : ( 0.03674538154 0 -0.001845965863 )
    Sum of moments
        Total    : ( -1.122798184 0.6445324253 -0.2514963887 )
        Pressure : ( -1.121902622 0.6469114818 -0.2336695335 )
        Viscous  : ( -0.0008955619653 -0.002379056503 -0.01782685519 )


liftDrag LD execute:
Viscous drag: 0.003051443202, pressure drag: 0.03999748144, porous drag: 0
Viscous lift: -0.0001532943664, pressure lift: -0.1920373556, porous lift: 0
Total lift: -0.1921906499, Front lift: -0.04257148047, Rear lift: -0.1496191695, Drag: 0.04304892464
Location of Center of Mass: ( 0.15305161 0.4851454642 -0.0449368109 )
Location of Center Of Pressure: ( 0.2820850702 0.4851454642 -0.01603451151 )


yPlus yPlus execute:
    patch Bottom y+ : min = 25.47812879, max = 261.4578094, average = 131.8014904
    patch Top y+ : min = 45.29977262, max = 282.7639832, average = 157.7614994
    patch e423_0 y+ : min = 16.2562298, max = 661.1866016, average = 350.8243471


################################################################################

Time = 239

Outer Loop Iteration = 239
smoothSolver:  Solving for Ux, Initial residual = 2.005700397e-06, Final residual = 2.332812045e-08, No Iterations 2
smoothSolver:  Solving for Uz, Initial residual = 3.922218788e-06, Final residual = 7.404831207e-08, No Iterations 2
GAMG:  Solving for p, Initial residual = 2.009500506e-06, Final residual = 1.299232434e-08, No Iterations 3
GAMG:  Solving for p, Initial residual = 2.098781777e-07, Final residual = 9.367277729e-10, No Iterations 3
GAMG:  Solving for p, Initial residual = 3.505875921e-08, Final residual = 1.303450635e-10, No Iterations 3
time step continuity errors (region0): sum local = 7.829216053e-12, global = -2.302227784e-13, cumulative = -1.369529174e-07
smoothSolver:  Solving for omega, Initial residual = 9.202072722e-08, Final residual = 4.933153719e-09, No Iterations 1
smoothSolver:  Solving for k, Initial residual = 8.186274819e-08, Final residual = 5.022471696e-09, No Iterations 1

ExecutionTime = 3.05 s  ExecutionStepTime = 0.01 s  ClockTime = 3 s

forces FR write:
    Sum of forces
        Total    : ( 0.5183936261 0 -2.314355205 )
        Pressure : ( 0.4816482268 0 -2.312509237 )
        Viscous  : ( 0.0367453993 0 -0.001845968225 )
    Sum of moments
        Total    : ( -1.12279893 0.6445327973 -0.2514963164 )
        Pressure : ( -1.121903367 0.6469118541 -0.2336694526 )
        Viscous  : ( -0.0008955631112 -0.002379056836 -0.0178268638 )


liftDrag LD execute:
Viscous drag: 0.003051444677, pressure drag: 0.03999746759, porous drag: 0
Viscous lift: -0.0001532945626, pressure lift: -0.1920374832, porous lift: 0
Total lift: -0.1921907777, Front lift: -0.04257151349, Rear lift: -0.1496192643, Drag: 0.04304891226
Location of Center of Mass: ( 0.15305161 0.4851454642 -0.0449368109 )
Location of Center Of Pressure: ( 0.2820850495 0.4851454642 -0.01603454368 )


yPlus yPlus execute:
    patch Bottom y+ : min = 25.47843829, max = 261.4567526, average = 131.8009038
    patch Top y+ : min = 45.29990086, max = 282.7663224, average = 157.7615646
    patch e423_0 y+ : min = 16.25622689, max = 661.1866425, average = 350.8244938


################################################################################

Time = 240

Outer Loop Iteration = 240
smoothSolver:  Solving for Ux, Initial residual = 1.961487921e-06, Final residual = 2.238198567e-08, No Iterations 2
smoothSolver:  Solving for Uz, Initial residual = 3.825932324e-06, Final residual = 6.905165439e-08, No Iterations 2
GAMG:  Solving for p, Initial residual = 1.956251105e-06, Final residual = 1.302349874e-08, No Iterations 3
GAMG:  Solving for p, Initial residual = 2.057700484e-07, Final residual = 9.650862665e-10, No Iterations 3
GAMG:  Solving for p, Initial residual = 3.424855537e-08, Final residual = 1.319887923e-10, No Iterations 3
time step continuity errors (region0): sum local = 7.928087089e-12, global = -3.272625959e-13, cumulative = -1.369532446e-07
smoothSolver:  Solving for omega, Initial residual = 8.770480426e-08, Final residual = 4.63791693e-09, No Iterations 1
smoothSolver:  Solving for k, Initial residual = 7.886596937e-08, Final residual = 4.80533593e-09, No Iterations 1

ExecutionTime = 3.06 s  ExecutionStepTime = 0.01 s  ClockTime = 3 s

forces FR write:
    Sum of forces
        Total    : ( 0.5183935148 0 -2.314356494 )
        Pressure : ( 0.4816480986 0 -2.312510524 )
        Viscous  : ( 0.03674541613 0 -0.001845970341 )
    Sum of moments
        Total    : ( -1.122799556 0.6445331271 -0.2514962624 )
        Pressure : ( -1.121903992 0.6469121843 -0.2336693904 )
        Viscous  : ( -0.0008955641382 -0.002379057179 -0.01782687197 )


liftDrag LD execute:
Viscous drag: 0.003051446074, pressure drag: 0.03999745695, porous drag: 0
Viscous lift: -0.0001532947383, pressure lift: -0.1920375901, porous lift: 0
Total lift: -0.1921908848, Front lift: -0.04257153963, Rear lift: -0.1496193452, Drag: 0.04304890302
Location of Center of Mass: ( 0.15305161 0.4851454642 -0.0449368109 )
Location of Center Of Pressure: ( 0.2820850396 0.4851454642 -0.0160345682 )


yPlus yPlus execute:
    patch Bottom y+ : min = 25.47906856, max = 261.4553767, average = 131.8002521
    patch Top y+ : min = 45.30005089, max = 282.768394, average = 157.7615214
    patch e423_0 y+ : min = 16.25622564, max = 661.1866801, average = 350.8246321


################################################################################

Time = 241

Outer Loop Iteration = 241
smoothSolver:  Solving for Ux, Initial residual = 1.915669264e-06, Final residual = 2.141321412e-08, No Iterations 2
smoothSolver:  Solving for Uz, Initial residual = 3.732429e-06, Final residual = 6.454437577e-08, No Iterations 2
GAMG:  Solving for p, Initial residual = 1.908997823e-06, Final residual = 1.303916097e-08, No Iterations 3
GAMG:  Solving for p, Initial residual = 2.017139669e-07, Final residual = 9.63033657e-10, No Iterations 3
GAMG:  Solving for p, Initial residual = 3.35996378e-08, Final residual = 1.324100948e-10, No Iterations 3
time step continuity errors (region0): sum local = 7.953446924e-12, global = -7.979114543e-13, cumulative = -1.369540425e-07
smoothSolver:  Solving for omega, Initial residual = 8.358253042e-08, Final residual = 4.360122489e-09, No Iterations 1
smoothSolver:  Solving for k, Initial residual = 7.592409376e-08, Final residual = 4.595192107e-09, No Iterations 1

ExecutionTime = 3.07 s  ExecutionStepTime = 0.01 s  ClockTime = 3 s

forces FR write:
    Sum of forces
        Total    : ( 0.518393439 0 -2.314357545 )
        Pressure : ( 0.481648007 0 -2.312511573 )
        Viscous  : ( 0.03674543201 0 -0.001845972223 )
    Sum of moments
        Total    : ( -1.122800066 0.6445334162 -0.2514962256 )
        Pressure : ( -1.121904501 0.6469124737 -0.2336693459 )
        Viscous  : ( -0.000895565051 -0.00237905753 -0.01782687967 )


liftDrag LD execute:
Viscous drag: 0.003051447393, pressure drag: 0.03999744933, porous drag: 0
Viscous lift: -0.0001532948946, pressure lift: -0.1920376772, porous lift: 0
Total lift: -0.1921909721, Front lift: -0.04257155926, Rear lift: -0.1496194128, Drag: 0.04304889673
Location of Center of Mass: ( 0.15305161 0.4851454642 -0.0449368109 )
Location of Center Of Pressure: ( 0.2820850397 0.4851454642 -0.01603458551 )


yPlus yPlus execute:
    patch Bottom y+ : min = 25.4799969, max = 261.4537037, average = 131.7995425
    patch Top y+ : min = 45.30021966, max = 282.770189, average = 157.761376
    patch e423_0 y+ : min = 16.25622592, max = 661.1867145, average = 350.8247621


################################################################################

Time = 242

Outer Loop Iteration = 242
smoothSolver:  Solving for Ux, Initial residual = 1.868202896e-06, Final residual = 2.047474975e-08, No Iterations 2
smoothSolver:  Solving for Uz, Initial residual = 3.643235486e-06, Final residual = 6.0617323e-08, No Iterations 2
GAMG:  Solving for p, Initial residual = 1.866548251e-06, Final residual = 1.302003948e-08, No Iterations 3
GAMG:  Solving for p, Initial residual = 1.978179277e-07, Final residual = 9.855788235e-10, No Iterations 3
GAMG:  Solving for p, Initial residual = 3.294784839e-08, Final residual = 1.331886083e-10, No Iterations 3
time step continuity errors (region0): sum local = 8.000043464e-12, global = -8.321910474e-13, cumulative = -1.369548747e-07
smoothSolver:  Solving for omega, Initial residual = 7.959711073e-08, Final residual = 4.104563105e-09, No Iterations 1
smoothSolver:  Solving for k, Initial residual = 7.309483792e-08, Final residual = 4.390370596e-09, No Iterations 1

ExecutionTime = 3.08 s  ExecutionStepTime = 0.01 s  ClockTime = 3 s

forces FR write:
    Sum of forces
        Total    : ( 0.5183933964 0 -2.31435837 )
        Pressure : ( 0.4816479495 0 -2.312512397 )
        Viscous  : ( 0.03674544692 0 -0.00184597388 )
    Sum of moments
        Total    : ( -1.122800466 0.6445336661 -0.2514962049 )
        Pressure : ( -1.1219049 0.646912724 -0.233669318 )
        Viscous  : ( -0.0008955658549 -0.002379057884 -0.01782688691 )


liftDrag LD execute:
Viscous drag: 0.003051448631, pressure drag: 0.03999744456, porous drag: 0
Viscous lift: -0.0001532950322, pressure lift: -0.1920377456, porous lift: 0
Total lift: -0.1921910406, Front lift: -0.04257157277, Rear lift: -0.1496194678, Drag: 0.04304889319
Location of Center of Mass: ( 0.15305161 0.4851454642 -0.0449368109 )
Location of Center Of Pressure: ( 0.2820850492 0.4851454642 -0.01603459607 )


yPlus yPlus execute:
    patch Bottom y+ : min = 25.48119839, max = 261.4517577, average = 131.798782
    patch Top y+ : min = 45.30040466, max = 282.7717037, average = 157.7611358
    patch e423_0 y+ : min = 16.25622763, max = 661.1867457, average = 350.8248836


################################################################################

Time = 243

Outer Loop Iteration = 243
smoothSolver:  Solving for Ux, Initial residual = 1.818002433e-06, Final residual = 1.961503764e-08, No Iterations 2
smoothSolver:  Solving for Uz, Initial residual = 3.553805528e-06, Final residual = 5.748719575e-08, No Iterations 2
GAMG:  Solving for p, Initial residual = 1.829734624e-06, Final residual = 1.299127428e-08, No Iterations 3
GAMG:  Solving for p, Initial residual = 1.936099346e-07, Final residual = 1.000555069e-09, No Iterations 3
GAMG:  Solving for p, Initial residual = 3.221884798e-08, Final residual = 1.311808119e-10, No Iterations 3
time step continuity errors (region0): sum local = 7.879605226e-12, global = -8.044551942e-13, cumulative = -1.369556792e-07
smoothSolver:  Solving for omega, Initial residual = 7.576340757e-08, Final residual = 3.862371103e-09, No Iterations 1
smoothSolver:  Solving for k, Initial residual = 7.032025913e-08, Final residual = 4.189512474e-09, No Iterations 1

ExecutionTime = 3.1 s  ExecutionStepTime = 0.02 s  ClockTime = 3 s

forces FR write:
    Sum of forces
        Total    : ( 0.5183933847 0 -2.314358983 )
        Pressure : ( 0.4816479238 0 -2.312513007 )
        Viscous  : ( 0.03674546086 0 -0.001845975324 )
    Sum of moments
        Total    : ( -1.122800763 0.6445338785 -0.2514961993 )
        Pressure : ( -1.121905196 0.6469129367 -0.2336693056 )
        Viscous  : ( -0.0008955665556 -0.002379058238 -0.01782689367 )


liftDrag LD execute:
Viscous drag: 0.003051449788, pressure drag: 0.03999744243, porous drag: 0
Viscous lift: -0.0001532951521, pressure lift: -0.1920377963, porous lift: 0
Total lift: -0.1921910914, Front lift: -0.04257158055, Rear lift: -0.1496195109, Drag: 0.04304889222
Location of Center of Mass: ( 0.15305161 0.4851454642 -0.0449368109 )
Location of Center Of Pressure: ( 0.2820850672 0.4851454642 -0.01603460033 )


yPlus yPlus execute:
    patch Bottom y+ : min = 25.48264676, max = 261.4495653, average = 131.7979783
    patch Top y+ : min = 45.30060325, max = 282.7729385, average = 157.7608085
    patch e423_0 y+ : min = 16.25623066, max = 661.1867739, average = 350.8249968


################################################################################

Time = 244

Outer Loop Iteration = 244
smoothSolver:  Solving for Ux, Initial residual = 1.765688577e-06, Final residual = 1.88378777e-08, No Iterations 2
smoothSolver:  Solving for Uz, Initial residual = 3.464866578e-06, Final residual = 5.463165219e-08, No Iterations 2
GAMG:  Solving for p, Initial residual = 1.798659334e-06, Final residual = 1.293803328e-08, No Iterations 3
GAMG:  Solving for p, Initial residual = 1.894211488e-07, Final residual = 1.007819749e-09, No Iterations 3
GAMG:  Solving for p, Initial residual = 3.136329877e-08, Final residual = 1.304826474e-10, No Iterations 3
time step continuity errors (region0): sum local = 7.837470183e-12, global = -3.30862042e-13, cumulative = -1.3695601e-07
smoothSolver:  Solving for omega, Initial residual = 7.209492118e-08, Final residual = 3.632598414e-09, No Iterations 1
smoothSolver:  Solving for k, Initial residual = 6.762809313e-08, Final residual = 3.992999976e-09, No Iterations 1

ExecutionTime = 3.11 s  ExecutionStepTime = 0.01 s  ClockTime = 3 s

forces FR write:
    Sum of forces
        Total    : ( 0.5183934015 0 -2.314359394 )
        Pressure : ( 0.4816479277 0 -2.312513417 )
        Viscous  : ( 0.03674547382 0 -0.001845976567 )
    Sum of moments
        Total    : ( -1.122800963 0.644534055 -0.2514962074 )
        Pressure : ( -1.121905395 0.6469131136 -0.2336693075 )
        Viscous  : ( -0.0008955671584 -0.00237905859 -0.01782689995 )


liftDrag LD execute:
Viscous drag: 0.003051450865, pressure drag: 0.03999744275, porous drag: 0
Viscous lift: -0.0001532952553, pressure lift: -0.1920378304, porous lift: 0
Total lift: -0.1921911256, Front lift: -0.04257158298, Rear lift: -0.1496195426, Drag: 0.04304889362
Location of Center of Mass: ( 0.15305161 0.4851454642 -0.0449368109 )
Location of Center Of Pressure: ( 0.2820850931 0.4851454642 -0.01603459873 )


yPlus yPlus execute:
    patch Bottom y+ : min = 25.48431477, max = 261.4471548, average = 131.7971393
    patch Top y+ : min = 45.30081281, max = 282.7738982, average = 157.7604027
    patch e423_0 y+ : min = 16.2562349, max = 661.1867991, average = 350.8251015


################################################################################

Time = 245

Outer Loop Iteration = 245
smoothSolver:  Solving for Ux, Initial residual = 1.710880705e-06, Final residual = 1.809809759e-08, No Iterations 2
smoothSolver:  Solving for Uz, Initial residual = 3.380638161e-06, Final residual = 5.190143319e-08, No Iterations 2
GAMG:  Solving for p, Initial residual = 1.768766322e-06, Final residual = 1.283285058e-08, No Iterations 3
GAMG:  Solving for p, Initial residual = 1.84748229e-07, Final residual = 1.008280844e-09, No Iterations 3
GAMG:  Solving for p, Initial residual = 3.040875775e-08, Final residual = 1.293969949e-10, No Iterations 3
time step continuity errors (region0): sum local = 7.772460191e-12, global = -2.985271124e-13, cumulative = -1.369563086e-07
smoothSolver:  Solving for omega, Initial residual = 6.855331118e-08, Final residual = 3.420663179e-09, No Iterations 1
smoothSolver:  Solving for k, Initial residual = 6.500112777e-08, Final residual = 3.802104193e-09, No Iterations 1

ExecutionTime = 3.12 s  ExecutionStepTime = 0.01 s  ClockTime = 3 s

forces FR write:
    Sum of forces
        Total    : ( 0.5183934447 0 -2.314359618 )
        Pressure : ( 0.4816479589 0 -2.31251364 )
        Viscous  : ( 0.03674548581 0 -0.001845977618 )
    Sum of moments
        Total    : ( -1.122801071 0.6445341974 -0.2514962284 )
        Pressure : ( -1.121905503 0.6469132563 -0.2336693226 )
        Viscous  : ( -0.0008955676685 -0.002379058937 -0.01782690577 )


liftDrag LD execute:
Viscous drag: 0.00305145186, pressure drag: 0.03999744534, porous drag: 0
Viscous lift: -0.0001532953426, pressure lift: -0.1920378488, porous lift: 0
Total lift: -0.1921911442, Front lift: -0.04257158044, Rear lift: -0.1496195637, Drag: 0.0430488972
Location of Center of Mass: ( 0.15305161 0.4851454642 -0.0449368109 )
Location of Center Of Pressure: ( 0.2820851261 0.4851454642 -0.01603459173 )


yPlus yPlus execute:
    patch Bottom y+ : min = 25.4861744, max = 261.4445567, average = 131.7962729
    patch Top y+ : min = 45.30103065, max = 282.7745916, average = 157.7599276
    patch e423_0 y+ : min = 16.25624025, max = 661.1868214, average = 350.825198


################################################################################

Time = 246

Outer Loop Iteration = 246
smoothSolver:  Solving for Ux, Initial residual = 1.654368908e-06, Final residual = 1.742854015e-08, No Iterations 2
smoothSolver:  Solving for Uz, Initial residual = 3.294594345e-06, Final residual = 4.914037402e-08, No Iterations 2
GAMG:  Solving for p, Initial residual = 1.738784238e-06, Final residual = 1.26813849e-08, No Iterations 3
GAMG:  Solving for p, Initial residual = 1.795085333e-07, Final residual = 1.005292513e-09, No Iterations 3
GAMG:  Solving for p, Initial residual = 2.946264321e-08, Final residual = 1.281503872e-10, No Iterations 3
time step continuity errors (region0): sum local = 7.697448666e-12, global = -2.763147906e-13, cumulative = -1.369565849e-07
smoothSolver:  Solving for omega, Initial residual = 6.512161392e-08, Final residual = 3.232055527e-09, No Iterations 1
smoothSolver:  Solving for k, Initial residual = 6.244104914e-08, Final residual = 3.616654626e-09, No Iterations 1

ExecutionTime = 3.14 s  ExecutionStepTime = 0.01 s  ClockTime = 3 s

forces FR write:
    Sum of forces
        Total    : ( 0.5183935119 0 -2.314359666 )
        Pressure : ( 0.481648015 0 -2.312513688 )
        Viscous  : ( 0.03674549685 0 -0.001845978489 )
    Sum of moments
        Total    : ( -1.122801095 0.6445343075 -0.251496261 )
        Pressure : ( -1.121905527 0.6469133668 -0.2336693498 )
        Viscous  : ( -0.0008955680908 -0.002379059278 -0.01782691113 )


liftDrag LD execute:
Viscous drag: 0.003051452777, pressure drag: 0.03999745, porous drag: 0
Viscous lift: -0.0001532954149, pressure lift: -0.1920378528, porous lift: 0
Total lift: -0.1921911482, Front lift: -0.04257157332, Rear lift: -0.1496195749, Drag: 0.04304890278
Location of Center of Mass: ( 0.15305161 0.4851454642 -0.0449368109 )
Location of Center Of Pressure: ( 0.2820851655 0.4851454642 -0.01603457976 )


yPlus yPlus execute:
    patch Bottom y+ : min = 25.48819715, max = 261.4418027, average = 131.7953873
    patch Top y+ : min = 45.30125412, max = 282.7750316, average = 157.7593925
    patch e423_0 y+ : min = 16.2562466, max = 661.1868411, average = 350.8252864


################################################################################

Time = 247

Outer Loop Iteration = 247
smoothSolver:  Solving for Ux, Initial residual = 1.594318932e-06, Final residual = 1.677534686e-08, No Iterations 2
smoothSolver:  Solving for Uz, Initial residual = 3.20889665e-06, Final residual = 4.648836267e-08, No Iterations 2
GAMG:  Solving for p, Initial residual = 1.709997167e-06, Final residual = 1.247023972e-08, No Iterations 3
GAMG:  Solving for p, Initial residual = 1.739389216e-07, Final residual = 9.933045813e-10, No Iterations 3
GAMG:  Solving for p, Initial residual = 2.85170719e-08, Final residual = 1.264294823e-10, No Iterations 3
time step continuity errors (region0): sum local = 7.59414814e-12, global = -2.471532791e-13, cumulative = -1.36956832e-07
smoothSolver:  Solving for omega, Initial residual = 6.181444155e-08, Final residual = 3.062196674e-09, No Iterations 1
smoothSolver:  Solving for k, Initial residual = 5.995621e-08, Final residual = 3.436649229e-09, No Iterations 1

ExecutionTime = 3.15 s  ExecutionStepTime = 0.01 s  ClockTime = 3 s

forces FR write:
    Sum of forces
        Total    : ( 0.5183936009 0 -2.314359553 )
        Pressure : ( 0.4816480939 0 -2.312513574 )
        Viscous  : ( 0.03674550696 0 -0.001845979187 )
    Sum of moments
        Total    : ( -1.12280104 0.6445343872 -0.2514963041 )
        Pressure : ( -1.121905471 0.6469134468 -0.2336693881 )
        Viscous  : ( -0.0008955684296 -0.002379059612 -0.01782691603 )


liftDrag LD execute:
Viscous drag: 0.003051453617, pressure drag: 0.03999745656, porous drag: 0
Viscous lift: -0.0001532954729, pressure lift: -0.1920378433, porous lift: 0
Total lift: -0.1921911388, Front lift: -0.04257156198, Rear lift: -0.1496195768, Drag: 0.04304891017
Location of Center of Mass: ( 0.15305161 0.4851454642 -0.0449368109 )
Location of Center Of Pressure: ( 0.2820852107 0.4851454642 -0.01603456326 )


yPlus yPlus execute:
    patch Bottom y+ : min = 25.49035415, max = 261.4389257, average = 131.7944908
    patch Top y+ : min = 45.30148057, max = 282.7752343, average = 157.7588071
    patch e423_0 y+ : min = 16.25625384, max = 661.1868581, average = 350.8253668


################################################################################

Time = 248

Outer Loop Iteration = 248
smoothSolver:  Solving for Ux, Initial residual = 1.53186948e-06, Final residual = 1.614836683e-08, No Iterations 2
smoothSolver:  Solving for Uz, Initial residual = 3.11608258e-06, Final residual = 4.415133188e-08, No Iterations 2
GAMG:  Solving for p, Initial residual = 1.680138009e-06, Final residual = 1.219837655e-08, No Iterations 3
GAMG:  Solving for p, Initial residual = 1.681885292e-07, Final residual = 9.734715617e-10, No Iterations 3
GAMG:  Solving for p, Initial residual = 2.748356723e-08, Final residual = 1.237850001e-10, No Iterations 3
time step continuity errors (region0): sum local = 7.43522221e-12, global = -2.280866112e-13, cumulative = -1.369570601e-07
smoothSolver:  Solving for omega, Initial residual = 5.869135895e-08, Final residual = 2.898662957e-09, No Iterations 1
smoothSolver:  Solving for k, Initial residual = 5.751239064e-08, Final residual = 3.262743213e-09, No Iterations 1

ExecutionTime = 3.17 s  ExecutionStepTime = 0.02 s  ClockTime = 3 s

forces FR write:
    Sum of forces
        Total    : ( 0.5183937096 0 -2.31435929 )
        Pressure : ( 0.4816481935 0 -2.31251331 )
        Viscous  : ( 0.03674551616 0 -0.001845979722 )
    Sum of moments
        Total    : ( -1.122800912 0.6445344383 -0.2514963569 )
        Pressure : ( -1.121905343 0.6469134982 -0.2336694364 )
        Viscous  : ( -0.0008955686893 -0.002379059938 -0.0178269205 )


liftDrag LD execute:
Viscous drag: 0.003051454381, pressure drag: 0.03999746482, porous drag: 0
Viscous lift: -0.0001532955174, pressure lift: -0.1920378215, porous lift: 0
Total lift: -0.192191117, Front lift: -0.04257154683, Rear lift: -0.1496195701, Drag: 0.0430489192
Location of Center of Mass: ( 0.15305161 0.4851454642 -0.0449368109 )
Location of Center Of Pressure: ( 0.282085261 0.4851454642 -0.01603454265 )


yPlus yPlus execute:
    patch Bottom y+ : min = 25.49261636, max = 261.4359594, average = 131.7935917
    patch Top y+ : min = 45.30170741, max = 282.7752184, average = 157.7581814
    patch e423_0 y+ : min = 16.25626188, max = 661.1868726, average = 350.8254396


################################################################################

Time = 249

Outer Loop Iteration = 249
smoothSolver:  Solving for Ux, Initial residual = 1.467889833e-06, Final residual = 1.561432073e-08, No Iterations 2
smoothSolver:  Solving for Uz, Initial residual = 3.015465334e-06, Final residual = 4.207073157e-08, No Iterations 2
GAMG:  Solving for p, Initial residual = 1.644871887e-06, Final residual = 1.187730555e-08, No Iterations 3
GAMG:  Solving for p, Initial residual = 1.625210591e-07, Final residual = 9.458767918e-10, No Iterations 3
GAMG:  Solving for p, Initial residual = 2.642292274e-08, Final residual = 1.206435959e-10, No Iterations 3
time step continuity errors (region0): sum local = 7.24662629e-12, global = -2.089793933e-13, cumulative = -1.369572691e-07
smoothSolver:  Solving for omega, Initial residual = 5.570422274e-08, Final residual = 2.742080556e-09, No Iterations 1
smoothSolver:  Solving for k, Initial residual = 5.512541283e-08, Final residual = 3.095396061e-09, No Iterations 1

ExecutionTime = 3.18 s  ExecutionStepTime = 0.01 s  ClockTime = 3 s

forces FR write:
    Sum of forces
        Total    : ( 0.518393836 0 -2.314358891 )
        Pressure : ( 0.4816483115 0 -2.312512911 )
        Viscous  : ( 0.0367455245 0 -0.001845980103 )
    Sum of moments
        Total    : ( -1.122800719 0.6445344629 -0.2514964182 )
        Pressure : ( -1.12190515 0.6469135232 -0.2336694937 )
        Viscous  : ( -0.0008955688739 -0.002379060257 -0.01782692454 )


liftDrag LD execute:
Viscous drag: 0.003051455073, pressure drag: 0.03999747463, porous drag: 0
Viscous lift: -0.000153295549, pressure lift: -0.1920377883, porous lift: 0
Total lift: -0.1921910838, Front lift: -0.04257152821, Rear lift: -0.1496195556, Drag: 0.0430489297
Location of Center of Mass: ( 0.15305161 0.4851454642 -0.0449368109 )
Location of Center Of Pressure: ( 0.2820853157 0.4851454642 -0.01603451837 )


yPlus yPlus execute:
    patch Bottom y+ : min = 25.49495484, max = 261.4329372, average = 131.7926982
    patch Top y+ : min = 45.30193219, max = 282.7750048, average = 157.7575252
    patch e423_0 y+ : min = 16.25627061, max = 661.1868847, average = 350.8255048


################################################################################

Time = 250

Outer Loop Iteration = 250
smoothSolver:  Solving for Ux, Initial residual = 1.403690133e-06, Final residual = 1.509138155e-08, No Iterations 2
smoothSolver:  Solving for Uz, Initial residual = 2.908040016e-06, Final residual = 4.019879126e-08, No Iterations 2
GAMG:  Solving for p, Initial residual = 1.610518149e-06, Final residual = 1.150285736e-08, No Iterations 3
GAMG:  Solving for p, Initial residual = 1.567820089e-07, Final residual = 9.140490728e-10, No Iterations 3
GAMG:  Solving for p, Initial residual = 2.528899693e-08, Final residual = 1.169155848e-10, No Iterations 3
time step continuity errors (region0): sum local = 7.022751309e-12, global = -1.983508975e-13, cumulative = -1.369574675e-07
smoothSolver:  Solving for omega, Initial residual = 5.282080583e-08, Final residual = 2.607275981e-09, No Iterations 1
smoothSolver:  Solving for k, Initial residual = 5.282040677e-08, Final residual = 2.935334792e-09, No Iterations 1

ExecutionTime = 3.2 s  ExecutionStepTime = 0.02 s  ClockTime = 3 s

forces FR write:
    Sum of forces
        Total    : ( 0.5183939781 0 -2.314358369 )
        Pressure : ( 0.4816484461 0 -2.312512389 )
        Viscous  : ( 0.03674553198 0 -0.001845980338 )
    Sum of moments
        Total    : ( -1.122800465 0.6445344631 -0.2514964871 )
        Pressure : ( -1.121904896 0.6469135237 -0.233669559 )
        Viscous  : ( -0.0008955689878 -0.002379060567 -0.01782692817 )


liftDrag LD execute:
Viscous drag: 0.003051455695, pressure drag: 0.0399974858, porous drag: 0
Viscous lift: -0.0001532955685, pressure lift: -0.1920377449, porous lift: 0
Total lift: -0.1921910405, Front lift: -0.04257150652, Rear lift: -0.149619534, Drag: 0.04304894149
Location of Center of Mass: ( 0.15305161 0.4851454642 -0.0449368109 )
Location of Center Of Pressure: ( 0.2820853742 0.4851454642 -0.01603449083 )


yPlus yPlus execute:
    patch Bottom y+ : min = 25.49734117, max = 261.4298921, average = 131.7918181
    patch Top y+ : min = 45.30215263, max = 282.7746161, average = 157.756848
    patch e423_0 y+ : min = 16.25627992, max = 661.1868947, average = 350.8255629


################################################################################

Time = 251

Outer Loop Iteration = 251
smoothSolver:  Solving for Ux, Initial residual = 1.339585973e-06, Final residual = 1.458417544e-08, No Iterations 2
smoothSolver:  Solving for Uz, Initial residual = 2.79527398e-06, Final residual = 3.831601959e-08, No Iterations 2
GAMG:  Solving for p, Initial residual = 1.57322712e-06, Final residual = 1.108913224e-08, No Iterations 3
GAMG:  Solving for p, Initial residual = 1.505705521e-07, Final residual = 8.747075446e-10, No Iterations 3
GAMG:  Solving for p, Initial residual = 2.408701149e-08, Final residual = 1.124627242e-10, No Iterations 3
time step continuity errors (region0): sum local = 6.755147511e-12, global = -1.855744851e-13, cumulative = -1.36957653e-07
smoothSolver:  Solving for omega, Initial residual = 5.006473341e-08, Final residual = 2.496570529e-09, No Iterations 1
smoothSolver:  Solving for k, Initial residual = 5.056742832e-08, Final residual = 2.782470331e-09, No Iterations 1

ExecutionTime = 3.21 s  ExecutionStepTime = 0.01 s  ClockTime = 3 s

forces FR write:
    Sum of forces
        Total    : ( 0.5183941338 0 -2.314357737 )
        Pressure : ( 0.4816485951 0 -2.312511756 )
        Viscous  : ( 0.03674553866 0 -0.001845980436 )
    Sum of moments
        Total    : ( -1.122800159 0.6445344408 -0.2514965627 )
        Pressure : ( -1.121904589 0.6469135017 -0.2336696313 )
        Viscous  : ( -0.0008955690355 -0.002379060869 -0.01782693141 )


liftDrag LD execute:
Viscous drag: 0.003051456249, pressure drag: 0.03999749817, porous drag: 0
Viscous lift: -0.0001532955766, pressure lift: -0.1920376924, porous lift: 0
Total lift: -0.192190988, Front lift: -0.04257148212, Rear lift: -0.1496195059, Drag: 0.04304895442
Location of Center of Mass: ( 0.15305161 0.4851454642 -0.0449368109 )
Location of Center Of Pressure: ( 0.2820854359 0.4851454642 -0.01603446043 )


yPlus yPlus execute:
    patch Bottom y+ : min = 25.49974795, max = 261.4268559, average = 131.7909588
    patch Top y+ : min = 45.30236666, max = 282.774076, average = 157.7561593
    patch e423_0 y+ : min = 16.25628972, max = 661.1869025, average = 350.8256141


################################################################################

Time = 252

Outer Loop Iteration = 252
smoothSolver:  Solving for Ux, Initial residual = 1.27476609e-06, Final residual = 1.411080458e-08, No Iterations 2
smoothSolver:  Solving for Uz, Initial residual = 2.678872005e-06, Final residual = 3.666680704e-08, No Iterations 2
GAMG:  Solving for p, Initial residual = 1.534764372e-06, Final residual = 1.065839871e-08, No Iterations 3
GAMG:  Solving for p, Initial residual = 1.438529296e-07, Final residual = 8.316663927e-10, No Iterations 3
GAMG:  Solving for p, Initial residual = 2.289703767e-08, Final residual = 1.075343311e-10, No Iterations 3
time step continuity errors (region0): sum local = 6.459250443e-12, global = -1.719440874e-13, cumulative = -1.36957825e-07
smoothSolver:  Solving for omega, Initial residual = 4.744792612e-08, Final residual = 2.396990529e-09, No Iterations 1
smoothSolver:  Solving for k, Initial residual = 4.836490762e-08, Final residual = 2.634557848e-09, No Iterations 1

ExecutionTime = 3.23 s  ExecutionStepTime = 0.02 s  ClockTime = 3 s

forces FR write:
    Sum of forces
        Total    : ( 0.5183943012 0 -2.314357007 )
        Pressure : ( 0.4816487566 0 -2.312511026 )
        Viscous  : ( 0.03674554455 0 -0.001845980408 )
    Sum of moments
        Total    : ( -1.122799804 0.6445343981 -0.2514966439 )
        Pressure : ( -1.121904235 0.6469134593 -0.2336697096 )
        Viscous  : ( -0.0008955690217 -0.002379061161 -0.01782693427 )


liftDrag LD execute:
Viscous drag: 0.003051456738, pressure drag: 0.03999751159, porous drag: 0
Viscous lift: -0.0001532955743, pressure lift: -0.1920376318, porous lift: 0
Total lift: -0.1921909274, Front lift: -0.04257145536, Rear lift: -0.149619472, Drag: 0.04304896833
Location of Center of Mass: ( 0.15305161 0.4851454642 -0.0449368109 )
Location of Center Of Pressure: ( 0.2820855002 0.4851454642 -0.01603442757 )


yPlus yPlus execute:
    patch Bottom y+ : min = 25.50214927, max = 261.4238588, average = 131.7901273
    patch Top y+ : min = 45.30257244, max = 282.7734087, average = 157.755468
    patch e423_0 y+ : min = 16.2562999, max = 661.1869083, average = 350.8256586


################################################################################

Time = 253

Outer Loop Iteration = 253
smoothSolver:  Solving for Ux, Initial residual = 1.210891698e-06, Final residual = 1.36749406e-08, No Iterations 2
smoothSolver:  Solving for Uz, Initial residual = 2.561425792e-06, Final residual = 3.508084482e-08, No Iterations 2
GAMG:  Solving for p, Initial residual = 1.494007821e-06, Final residual = 1.020092094e-08, No Iterations 3
GAMG:  Solving for p, Initial residual = 1.36808362e-07, Final residual = 7.860854951e-10, No Iterations 3
GAMG:  Solving for p, Initial residual = 2.177990049e-08, Final residual = 1.020312903e-10, No Iterations 3
time step continuity errors (region0): sum local = 6.128594647e-12, global = -1.616408147e-13, cumulative = -1.369579866e-07
smoothSolver:  Solving for omega, Initial residual = 4.496258797e-08, Final residual = 2.297312157e-09, No Iterations 1
smoothSolver:  Solving for k, Initial residual = 4.62372375e-08, Final residual = 2.490899042e-09, No Iterations 1

ExecutionTime = 3.24 s  ExecutionStepTime = 0.01 s  ClockTime = 3 s

forces FR write:
    Sum of forces
        Total    : ( 0.5183944785 0 -2.314356192 )
        Pressure : ( 0.4816489288 0 -2.312510212 )
        Viscous  : ( 0.03674554969 0 -0.001845980263 )
    Sum of moments
        Total    : ( -1.122799409 0.644534337 -0.2514967299 )
        Pressure : ( -1.12190384 0.6469133985 -0.2336697932 )
        Viscous  : ( -0.0008955689517 -0.002379061443 -0.01782693676 )


liftDrag LD execute:
Viscous drag: 0.003051457165, pressure drag: 0.03999752589, porous drag: 0
Viscous lift: -0.0001532955623, pressure lift: -0.1920375641, porous lift: 0
Total lift: -0.1921908597, Front lift: -0.04257142659, Rear lift: -0.1496194331, Drag: 0.04304898305
Location of Center of Mass: ( 0.15305161 0.4851454642 -0.0449368109 )
Location of Center Of Pressure: ( 0.2820855666 0.4851454642 -0.01603439264 )


yPlus yPlus execute:
    patch Bottom y+ : min = 25.50452103, max = 261.4209291, average = 131.7893299
    patch Top y+ : min = 45.30276832, max = 282.772639, average = 157.7547827
    patch e423_0 y+ : min = 16.25631037, max = 661.1869122, average = 350.8256968


################################################################################

Time = 254

Outer Loop Iteration = 254
smoothSolver:  Solving for Ux, Initial residual = 1.147903482e-06, Final residual = 1.328232918e-08, No Iterations 2
smoothSolver:  Solving for Uz, Initial residual = 2.442745474e-06, Final residual = 3.374533061e-08, No Iterations 2
GAMG:  Solving for p, Initial residual = 1.454175221e-06, Final residual = 9.722698296e-09, No Iterations 3
GAMG:  Solving for p, Initial residual = 1.296024777e-07, Final residual = 7.386998874e-10, No Iterations 3
GAMG:  Solving for p, Initial residual = 2.065818742e-08, Final residual = 9.61214831e-11, No Iterations 3
time step continuity errors (region0): sum local = 5.773643191e-12, global = -1.534625584e-13, cumulative = -1.369581401e-07
smoothSolver:  Solving for omega, Initial residual = 4.258816083e-08, Final residual = 2.196358466e-09, No Iterations 1
smoothSolver:  Solving for k, Initial residual = 4.417784403e-08, Final residual = 2.351591546e-09, No Iterations 1

ExecutionTime = 3.26 s  ExecutionStepTime = 0.02 s  ClockTime = 3 s

forces FR write:
    Sum of forces
        Total    : ( 0.5183946638 0 -2.314355304 )
        Pressure : ( 0.4816491097 0 -2.312509324 )
        Viscous  : ( 0.0367455541 0 -0.001845980013 )
    Sum of moments
        Total    : ( -1.122798978 0.6445342595 -0.2514968198 )
        Pressure : ( -1.121903409 0.6469133212 -0.2336698809 )
        Viscous  : ( -0.0008955688305 -0.002379061714 -0.0178269389 )


liftDrag LD execute:
Viscous drag: 0.003051457531, pressure drag: 0.03999754091, porous drag: 0
Viscous lift: -0.0001532955415, pressure lift: -0.1920374904, porous lift: 0
Total lift: -0.1921907859, Front lift: -0.04257139616, Rear lift: -0.1496193898, Drag: 0.04304899844
Location of Center of Mass: ( 0.15305161 0.4851454642 -0.0449368109 )
Location of Center Of Pressure: ( 0.2820856344 0.4851454642 -0.01603435603 )


yPlus yPlus execute:
    patch Bottom y+ : min = 25.50684114, max = 261.4180927, average = 131.7885723
    patch Top y+ : min = 45.30295285, max = 282.7717912, average = 157.7541112
    patch e423_0 y+ : min = 16.25632103, max = 661.1869145, average = 350.825729


################################################################################

Time = 255

Outer Loop Iteration = 255
smoothSolver:  Solving for Ux, Initial residual = 1.08691242e-06, Final residual = 1.28977505e-08, No Iterations 2
smoothSolver:  Solving for Uz, Initial residual = 2.32388706e-06, Final residual = 3.258221504e-08, No Iterations 2
GAMG:  Solving for p, Initial residual = 1.424509239e-06, Final residual = 9.227308207e-09, No Iterations 3
GAMG:  Solving for p, Initial residual = 1.224084705e-07, Final residual = 6.901264405e-10, No Iterations 3
GAMG:  Solving for p, Initial residual = 1.962892856e-08, Final residual = 8.988475692e-11, No Iterations 3
time step continuity errors (region0): sum local = 5.399099318e-12, global = -1.428894787e-13, cumulative = -1.36958283e-07
smoothSolver:  Solving for omega, Initial residual = 4.031474019e-08, Final residual = 2.095515076e-09, No Iterations 1
smoothSolver:  Solving for k, Initial residual = 4.217630225e-08, Final residual = 2.217258062e-09, No Iterations 1

ExecutionTime = 3.27 s  ExecutionStepTime = 0.01 s  ClockTime = 3 s

forces FR write:
    Sum of forces
        Total    : ( 0.5183948552 0 -2.314354354 )
        Pressure : ( 0.4816492974 0 -2.312508375 )
        Viscous  : ( 0.03674555781 0 -0.001845979669 )
    Sum of moments
        Total    : ( -1.122798518 0.6445341675 -0.2514969127 )
        Pressure : ( -1.121902949 0.6469132294 -0.233669972 )
        Viscous  : ( -0.0008955686634 -0.002379061972 -0.0178269407 )


liftDrag LD execute:
Viscous drag: 0.00305145784, pressure drag: 0.03999755649, porous drag: 0
Viscous lift: -0.0001532955129, pressure lift: -0.1920374116, porous lift: 0
Total lift: -0.1921907071, Front lift: -0.04257136438, Rear lift: -0.1496193427, Drag: 0.04304901433
Location of Center of Mass: ( 0.15305161 0.4851454642 -0.0449368109 )
Location of Center Of Pressure: ( 0.2820857032 0.4851454642 -0.01603431809 )


yPlus yPlus execute:
    patch Bottom y+ : min = 25.50908954, max = 261.4153729, average = 131.7878596
    patch Top y+ : min = 45.30312477, max = 282.7708892, average = 157.7534608
    patch e423_0 y+ : min = 16.25633179, max = 661.1869151, average = 350.8257555


################################################################################

Time = 256

Outer Loop Iteration = 256
smoothSolver:  Solving for Ux, Initial residual = 1.028965416e-06, Final residual = 1.248201465e-08, No Iterations 2
smoothSolver:  Solving for Uz, Initial residual = 2.206825772e-06, Final residual = 3.145957981e-08, No Iterations 2
GAMG:  Solving for p, Initial residual = 1.392386338e-06, Final residual = 8.699157005e-09, No Iterations 3
GAMG:  Solving for p, Initial residual = 1.153093761e-07, Final residual = 6.392654931e-10, No Iterations 3
GAMG:  Solving for p, Initial residual = 1.863520262e-08, Final residual = 8.335049704e-11, No Iterations 3
time step continuity errors (region0): sum local = 5.006539827e-12, global = -1.405184231e-13, cumulative = -1.369584235e-07
smoothSolver:  Solving for omega, Initial residual = 3.814359192e-08, Final residual = 1.99574016e-09, No Iterations 1
smoothSolver:  Solving for k, Initial residual = 4.024434147e-08, Final residual = 2.087771824e-09, No Iterations 1

ExecutionTime = 3.29 s  ExecutionStepTime = 0.02 s  ClockTime = 3 s

forces FR write:
    Sum of forces
        Total    : ( 0.518395051 0 -2.314353355 )
        Pressure : ( 0.4816494901 0 -2.312507375 )
        Viscous  : ( 0.03674556086 0 -0.001845979241 )
    Sum of moments
        Total    : ( -1.122798033 0.6445340627 -0.2514970077 )
        Pressure : ( -1.121902464 0.6469131249 -0.2336700655 )
        Viscous  : ( -0.0008955684557 -0.002379062216 -0.01782694218 )


liftDrag LD execute:
Viscous drag: 0.003051458093, pressure drag: 0.0399975725, porous drag: 0
Viscous lift: -0.0001532954774, pressure lift: -0.1920373286, porous lift: 0
Total lift: -0.1921906241, Front lift: -0.04257133157, Rear lift: -0.1496192925, Drag: 0.04304903059
Location of Center of Mass: ( 0.15305161 0.4851454642 -0.0449368109 )
Location of Center Of Pressure: ( 0.2820857724 0.4851454642 -0.01603427919 )


yPlus yPlus execute:
    patch Bottom y+ : min = 25.51124816, max = 261.4127903, average = 131.787196
    patch Top y+ : min = 45.30328303, max = 282.769956, average = 157.752838
    patch e423_0 y+ : min = 16.25634257, max = 661.1869142, average = 350.8257765


################################################################################

Time = 257

Outer Loop Iteration = 257
smoothSolver:  Solving for Ux, Initial residual = 9.741579629e-07, Final residual = 1.203430434e-08, No Iterations 2
smoothSolver:  Solving for Uz, Initial residual = 2.090287163e-06, Final residual = 3.053014204e-08, No Iterations 2
GAMG:  Solving for p, Initial residual = 1.355982148e-06, Final residual = 8.149695208e-09, No Iterations 3
GAMG:  Solving for p, Initial residual = 1.088191481e-07, Final residual = 5.872327775e-10, No Iterations 3
GAMG:  Solving for p, Initial residual = 1.768129785e-08, Final residual = 7.684962646e-11, No Iterations 3
time step continuity errors (region0): sum local = 4.616071099e-12, global = -1.467716226e-13, cumulative = -1.369585703e-07
smoothSolver:  Solving for omega, Initial residual = 3.607293846e-08, Final residual = 1.907202555e-09, No Iterations 1
smoothSolver:  Solving for k, Initial residual = 3.83867926e-08, Final residual = 1.965942139e-09, No Iterations 1

ExecutionTime = 3.3 s  ExecutionStepTime = 0.01 s  ClockTime = 3 s

forces FR write:
    Sum of forces
        Total    : ( 0.5183952495 0 -2.314352315 )
        Pressure : ( 0.4816496862 0 -2.312506337 )
        Viscous  : ( 0.03674556328 0 -0.001845978739 )
    Sum of moments
        Total    : ( -1.122797528 0.6445339469 -0.2514971039 )
        Pressure : ( -1.12190196 0.6469130094 -0.2336701606 )
        Viscous  : ( -0.0008955682124 -0.002379062446 -0.01782694336 )


liftDrag LD execute:
Viscous drag: 0.003051458294, pressure drag: 0.03999758878, porous drag: 0
Viscous lift: -0.0001532954357, pressure lift: -0.1920372423, porous lift: 0
Total lift: -0.1921905378, Front lift: -0.04257129803, Rear lift: -0.1496192397, Drag: 0.04304904707
Location of Center of Mass: ( 0.15305161 0.4851454642 -0.0449368109 )
Location of Center Of Pressure: ( 0.2820858416 0.4851454642 -0.01603423965 )


yPlus yPlus execute:
    patch Bottom y+ : min = 25.513301, max = 261.4103625, average = 131.7865849
    patch Top y+ : min = 45.30342681, max = 282.769013, average = 157.7522488
    patch e423_0 y+ : min = 16.25635327, max = 661.186912, average = 350.8257924


################################################################################

Time = 258

Outer Loop Iteration = 258
smoothSolver:  Solving for Ux, Initial residual = 9.237106473e-07, Final residual = 1.159313172e-08, No Iterations 2
smoothSolver:  Solving for Uz, Initial residual = 1.975291311e-06, Final residual = 2.977646917e-08, No Iterations 2
GAMG:  Solving for p, Initial residual = 1.31328287e-06, Final residual = 7.577995359e-09, No Iterations 3
GAMG:  Solving for p, Initial residual = 1.025070062e-07, Final residual = 5.344985245e-10, No Iterations 3
GAMG:  Solving for p, Initial residual = 1.677738324e-08, Final residual = 7.036645444e-11, No Iterations 3
time step continuity errors (region0): sum local = 4.226662309e-12, global = -1.51404374e-13, cumulative = -1.369587217e-07
smoothSolver:  Solving for omega, Initial residual = 3.410353419e-08, Final residual = 1.823441553e-09, No Iterations 1
smoothSolver:  Solving for k, Initial residual = 3.657218867e-08, Final residual = 1.853404921e-09, No Iterations 1

ExecutionTime = 3.32 s  ExecutionStepTime = 0.02 s  ClockTime = 3 s

forces FR write:
    Sum of forces
        Total    : ( 0.5183954489 0 -2.314351247 )
        Pressure : ( 0.4816498838 0 -2.312505268 )
        Viscous  : ( 0.03674556511 0 -0.001845978174 )
    Sum of moments
        Total    : ( -1.12279701 0.6445338218 -0.2514972007 )
        Pressure : ( -1.121901442 0.6469128845 -0.2336702565 )
        Viscous  : ( -0.0008955679381 -0.00237906266 -0.01782694424 )


liftDrag LD execute:
Viscous drag: 0.003051458445, pressure drag: 0.03999760519, porous drag: 0
Viscous lift: -0.0001532953888, pressure lift: -0.1920371536, porous lift: 0
Total lift: -0.192190449, Front lift: -0.04257126404, Rear lift: -0.149619185, Drag: 0.04304906364
Location of Center of Mass: ( 0.15305161 0.4851454642 -0.0449368109 )
Location of Center Of Pressure: ( 0.2820859103 0.4851454642 -0.0160341998 )


yPlus yPlus execute:
    patch Bottom y+ : min = 25.51523421, max = 261.4081038, average = 131.7860291
    patch Top y+ : min = 45.30355552, max = 282.7680801, average = 157.7516981
    patch e423_0 y+ : min = 16.25636383, max = 661.1869085, average = 350.8258034


################################################################################

Time = 259

Outer Loop Iteration = 259
smoothSolver:  Solving for Ux, Initial residual = 8.770118219e-07, Final residual = 1.114563812e-08, No Iterations 2
smoothSolver:  Solving for Uz, Initial residual = 1.865895385e-06, Final residual = 2.930035578e-08, No Iterations 2
GAMG:  Solving for p, Initial residual = 1.265579417e-06, Final residual = 6.988236287e-09, No Iterations 3
GAMG:  Solving for p, Initial residual = 9.640928247e-08, Final residual = 4.816222043e-10, No Iterations 3
GAMG:  Solving for p, Initial residual = 1.590186299e-08, Final residual = 6.405891146e-11, No Iterations 3
time step continuity errors (region0): sum local = 3.847762104e-12, global = -1.599651529e-13, cumulative = -1.369588816e-07
smoothSolver:  Solving for omega, Initial residual = 3.223857074e-08, Final residual = 1.742443887e-09, No Iterations 1
smoothSolver:  Solving for k, Initial residual = 3.480515083e-08, Final residual = 1.750027796e-09, No Iterations 1

ExecutionTime = 3.33 s  ExecutionStepTime = 0.01 s  ClockTime = 3 s

forces FR write:
    Sum of forces
        Total    : ( 0.5183956478 0 -2.314350158 )
        Pressure : ( 0.4816500814 0 -2.312504181 )
        Viscous  : ( 0.03674556638 0 -0.001845977554 )
    Sum of moments
        Total    : ( -1.122796482 0.644533689 -0.2514972972 )
        Pressure : ( -1.121900914 0.6469127518 -0.2336703523 )
        Viscous  : ( -0.0008955676374 -0.00237906286 -0.01782694486 )


liftDrag LD execute:
Viscous drag: 0.003051458551, pressure drag: 0.0399976216, porous drag: 0
Viscous lift: -0.0001532953373, pressure lift: -0.1920370633, porous lift: 0
Total lift: -0.1921903586, Front lift: -0.04257122988, Rear lift: -0.1496191287, Drag: 0.04304908015
Location of Center of Mass: ( 0.15305161 0.4851454642 -0.0449368109 )
Location of Center Of Pressure: ( 0.282085978 0.4851454642 -0.01603415995 )


yPlus yPlus execute:
    patch Bottom y+ : min = 25.51703623, max = 261.4060256, average = 131.7855305
    patch Top y+ : min = 45.30366885, max = 282.7671754, average = 157.7511901
    patch e423_0 y+ : min = 16.25637416, max = 661.1869038, average = 350.82581


################################################################################

Time = 260

Outer Loop Iteration = 260
smoothSolver:  Solving for Ux, Initial residual = 8.328887084e-07, Final residual = 1.070359336e-08, No Iterations 2
smoothSolver:  Solving for Uz, Initial residual = 1.760807798e-06, Final residual = 2.896701677e-08, No Iterations 2
GAMG:  Solving for p, Initial residual = 1.211593853e-06, Final residual = 6.422398204e-09, No Iterations 3
GAMG:  Solving for p, Initial residual = 9.056092539e-08, Final residual = 4.313644527e-10, No Iterations 3
GAMG:  Solving for p, Initial residual = 1.502419611e-08, Final residual = 5.788738296e-11, No Iterations 3
time step continuity errors (region0): sum local = 3.477035492e-12, global = -1.701430806e-13, cumulative = -1.369590518e-07
smoothSolver:  Solving for omega, Initial residual = 3.050489698e-08, Final residual = 1.662689728e-09, No Iterations 1
smoothSolver:  Solving for k, Initial residual = 3.308965598e-08, Final residual = 1.649902626e-09, No Iterations 1

ExecutionTime = 3.35 s  ExecutionStepTime = 0.02 s  ClockTime = 3 s

forces FR write:
    Sum of forces
        Total    : ( 0.5183958447 0 -2.314349059 )
        Pressure : ( 0.4816502776 0 -2.312503082 )
        Viscous  : ( 0.03674556713 0 -0.001845976888 )
    Sum of moments
        Total    : ( -1.122795949 0.6445335499 -0.2514973927 )
        Pressure : ( -1.121900381 0.646912613 -0.2336704475 )
        Viscous  : ( -0.0008955673143 -0.002379063045 -0.01782694522 )


liftDrag LD execute:
Viscous drag: 0.003051458614, pressure drag: 0.03999763789, porous drag: 0
Viscous lift: -0.000153295282, pressure lift: -0.1920369721, porous lift: 0
Total lift: -0.1921902674, Front lift: -0.04257119579, Rear lift: -0.1496190716, Drag: 0.04304909651
Location of Center of Mass: ( 0.15305161 0.4851454642 -0.0449368109 )
Location of Center Of Pressure: ( 0.2820860444 0.4851454642 -0.01603412038 )


yPlus yPlus execute:
    patch Bottom y+ : min = 25.51869799, max = 261.404136, average = 131.78509
    patch Top y+ : min = 45.3037667, max = 282.766315, average = 157.7507283
    patch e423_0 y+ : min = 16.25638421, max = 661.1868982, average = 350.8258124


################################################################################

Time = 261

Outer Loop Iteration = 261
smoothSolver:  Solving for Ux, Initial residual = 7.908351835e-07, Final residual = 1.023767017e-08, No Iterations 2
smoothSolver:  Solving for Uz, Initial residual = 1.661448694e-06, Final residual = 2.862246597e-08, No Iterations 2
GAMG:  Solving for p, Initial residual = 1.15594143e-06, Final residual = 5.882196848e-09, No Iterations 3
GAMG:  Solving for p, Initial residual = 8.491465034e-08, Final residual = 3.838066488e-10, No Iterations 3
GAMG:  Solving for p, Initial residual = 1.41518977e-08, Final residual = 5.225130721e-11, No Iterations 3
time step continuity errors (region0): sum local = 3.138517274e-12, global = -1.710723948e-13, cumulative = -1.369592228e-07
smoothSolver:  Solving for omega, Initial residual = 2.886155056e-08, Final residual = 1.592228674e-09, No Iterations 1
smoothSolver:  Solving for k, Initial residual = 3.145246543e-08, Final residual = 1.554996624e-09, No Iterations 1

ExecutionTime = 3.36 s  ExecutionStepTime = 0.01 s  ClockTime = 3 s

forces FR write:
    Sum of forces
        Total    : ( 0.5183960383 0 -2.314347958 )
        Pressure : ( 0.4816504709 0 -2.312501982 )
        Viscous  : ( 0.03674556741 0 -0.001845976184 )
    Sum of moments
        Total    : ( -1.122795414 0.6445334061 -0.2514974867 )
        Pressure : ( -1.121899847 0.6469124693 -0.2336705413 )
        Viscous  : ( -0.0008955669725 -0.002379063215 -0.01782694536 )


liftDrag LD execute:
Viscous drag: 0.003051458637, pressure drag: 0.03999765395, porous drag: 0
Viscous lift: -0.0001532952235, pressure lift: -0.1920368807, porous lift: 0
Total lift: -0.1921901759, Front lift: -0.04257116201, Rear lift: -0.1496190139, Drag: 0.04304911258
Location of Center of Mass: ( 0.15305161 0.4851454642 -0.0449368109 )
Location of Center Of Pressure: ( 0.282086109 0.4851454642 -0.01603408135 )


yPlus yPlus execute:
    patch Bottom y+ : min = 25.52021294, max = 261.4024402, average = 131.7847078
    patch Top y+ : min = 45.3038492, max = 282.7655129, average = 157.7503152
    patch e423_0 y+ : min = 16.25639391, max = 661.1868916, average = 350.825811


################################################################################

Time = 262

Outer Loop Iteration = 262
smoothSolver:  Solving for Ux, Initial residual = 7.512598065e-07, Final residual = 9.736251926e-09, No Iterations 2
smoothSolver:  Solving for Uz, Initial residual = 1.565052353e-06, Final residual = 2.814414064e-08, No Iterations 2
GAMG:  Solving for p, Initial residual = 1.09679496e-06, Final residual = 5.384000428e-09, No Iterations 3
GAMG:  Solving for p, Initial residual = 7.948936772e-08, Final residual = 3.397070591e-10, No Iterations 3
GAMG:  Solving for p, Initial residual = 1.332704915e-08, Final residual = 4.720489682e-11, No Iterations 3
time step continuity errors (region0): sum local = 2.835464021e-12, global = -1.715680507e-13, cumulative = -1.369593944e-07
smoothSolver:  Solving for omega, Initial residual = 2.732696084e-08, Final residual = 1.52366177e-09, No Iterations 1
smoothSolver:  Solving for k, Initial residual = 2.988045862e-08, Final residual = 1.463142107e-09, No Iterations 1

ExecutionTime = 3.37 s  ExecutionStepTime = 0.01 s  ClockTime = 3 s

forces FR write:
    Sum of forces
        Total    : ( 0.5183962274 0 -2.314346862 )
        Pressure : ( 0.4816506601 0 -2.312500887 )
        Viscous  : ( 0.03674556727 0 -0.001845975448 )
    Sum of moments
        Total    : ( -1.122794883 0.6445332588 -0.2514975784 )
        Pressure : ( -1.121899316 0.6469123222 -0.2336706331 )
        Viscous  : ( -0.0008955666157 -0.002379063372 -0.01782694529 )


liftDrag LD execute:
Viscous drag: 0.003051458625, pressure drag: 0.03999766966, porous drag: 0
Viscous lift: -0.0001532951624, pressure lift: -0.1920367898, porous lift: 0
Total lift: -0.1921900849, Front lift: -0.04257112876, Rear lift: -0.1496189562, Drag: 0.04304912829
Location of Center of Mass: ( 0.15305161 0.4851454642 -0.0449368109 )
Location of Center Of Pressure: ( 0.2820861717 0.4851454642 -0.01603404309 )


yPlus yPlus execute:
    patch Bottom y+ : min = 25.52157699, max = 261.4009405, average = 131.7843835
    patch Top y+ : min = 45.30391664, max = 282.7647813, average = 157.7499527
    patch e423_0 y+ : min = 16.25640321, max = 661.1868842, average = 350.8258061


################################################################################

Time = 263

Outer Loop Iteration = 263
smoothSolver:  Solving for Ux, Initial residual = 7.132686076e-07, Final residual = 9.211966467e-09, No Iterations 2
smoothSolver:  Solving for Uz, Initial residual = 1.472962495e-06, Final residual = 2.750329442e-08, No Iterations 2
GAMG:  Solving for p, Initial residual = 1.036732082e-06, Final residual = 4.939418515e-09, No Iterations 3
GAMG:  Solving for p, Initial residual = 7.449249953e-08, Final residual = 3.004131718e-10, No Iterations 3
GAMG:  Solving for p, Initial residual = 1.260517911e-08, Final residual = 4.279364279e-11, No Iterations 3
time step continuity errors (region0): sum local = 2.570398832e-12, global = -1.717821428e-13, cumulative = -1.369595662e-07
smoothSolver:  Solving for omega, Initial residual = 2.591563469e-08, Final residual = 1.466199213e-09, No Iterations 1
smoothSolver:  Solving for k, Initial residual = 2.835558743e-08, Final residual = 1.374000632e-09, No Iterations 1

ExecutionTime = 3.39 s  ExecutionStepTime = 0.01 s  ClockTime = 3 s

forces FR write:
    Sum of forces
        Total    : ( 0.5183964109 0 -2.31434578 )
        Pressure : ( 0.4816508442 0 -2.312499806 )
        Viscous  : ( 0.03674556673 0 -0.001845974689 )
    Sum of moments
        Total    : ( -1.122794358 0.6445331095 -0.2514976674 )
        Pressure : ( -1.121898792 0.646912173 -0.2336707224 )
        Viscous  : ( -0.0008955662474 -0.002379063514 -0.01782694503 )


liftDrag LD execute:
Viscous drag: 0.00305145858, pressure drag: 0.03999768495, porous drag: 0
Viscous lift: -0.0001532950994, pressure lift: -0.1920367, porous lift: 0
Total lift: -0.1921899951, Front lift: -0.04257109623, Rear lift: -0.1496188988, Drag: 0.04304914353
Location of Center of Mass: ( 0.15305161 0.4851454642 -0.0449368109 )
Location of Center Of Pressure: ( 0.282086232 0.4851454642 -0.01603400584 )


yPlus yPlus execute:
    patch Bottom y+ : min = 25.52278833, max = 261.3996362, average = 131.7841157
    patch Top y+ : min = 45.30396947, max = 282.7641299, average = 157.7496417
    patch e423_0 y+ : min = 16.25641206, max = 661.1868762, average = 350.8257981


################################################################################

Time = 264

Outer Loop Iteration = 264
smoothSolver:  Solving for Ux, Initial residual = 6.771100973e-07, Final residual = 8.676400629e-09, No Iterations 2
smoothSolver:  Solving for Uz, Initial residual = 1.38244904e-06, Final residual = 2.666831681e-08, No Iterations 2
GAMG:  Solving for p, Initial residual = 9.751883442e-07, Final residual = 4.535310302e-09, No Iterations 3
GAMG:  Solving for p, Initial residual = 6.986309402e-08, Final residual = 2.66835703e-10, No Iterations 3
GAMG:  Solving for p, Initial residual = 1.196881313e-08, Final residual = 1.190726406e-10, No Iterations 2
time step continuity errors (region0): sum local = 7.152149853e-12, global = -4.116937342e-13, cumulative = -1.369599779e-07
smoothSolver:  Solving for omega, Initial residual = 2.460241852e-08, Final residual = 1.409074765e-09, No Iterations 1
smoothSolver:  Solving for k, Initial residual = 2.688845882e-08, Final residual = 1.305817333e-09, No Iterations 1

ExecutionTime = 3.4 s  ExecutionStepTime = 0.01 s  ClockTime = 3 s

forces FR write:
    Sum of forces
        Total    : ( 0.5183965878 0 -2.314344719 )
        Pressure : ( 0.4816510219 0 -2.312498745 )
        Viscous  : ( 0.03674556583 0 -0.001845973913 )
    Sum of moments
        Total    : ( -1.122793843 0.6445329595 -0.2514977532 )
        Pressure : ( -1.121898277 0.6469120231 -0.2336708086 )
        Viscous  : ( -0.0008955658709 -0.002379063644 -0.01782694459 )


liftDrag LD execute:
Viscous drag: 0.003051458506, pressure drag: 0.03999769971, porous drag: 0
Viscous lift: -0.0001532950349, pressure lift: -0.1920366119, porous lift: 0
Total lift: -0.192189907, Front lift: -0.04257106463, Rear lift: -0.1496188423, Drag: 0.04304915821
Location of Center of Mass: ( 0.15305161 0.4851454642 -0.0449368109 )
Location of Center Of Pressure: ( 0.2820862896 0.4851454642 -0.01603396981 )


yPlus yPlus execute:
    patch Bottom y+ : min = 25.52384711, max = 261.3985243, average = 131.7839028
    patch Top y+ : min = 45.30400825, max = 282.7635665, average = 157.7493825
    patch e423_0 y+ : min = 16.25642042, max = 661.1868676, average = 350.8257873


################################################################################

Time = 265

Outer Loop Iteration = 265
smoothSolver:  Solving for Ux, Initial residual = 6.426894627e-07, Final residual = 8.148715135e-09, No Iterations 2
smoothSolver:  Solving for Uz, Initial residual = 1.295625363e-06, Final residual = 2.56579166e-08, No Iterations 2
GAMG:  Solving for p, Initial residual = 9.147713525e-07, Final residual = 4.175230477e-09, No Iterations 3
GAMG:  Solving for p, Initial residual = 6.604473239e-08, Final residual = 2.380039263e-10, No Iterations 3
GAMG:  Solving for p, Initial residual = 1.138226251e-08, Final residual = 1.111593312e-10, No Iterations 2
time step continuity errors (region0): sum local = 6.676811792e-12, global = -4.315378595e-13, cumulative = -1.369604094e-07
smoothSolver:  Solving for omega, Initial residual = 2.334086209e-08, Final residual = 1.351397828e-09, No Iterations 1
smoothSolver:  Solving for k, Initial residual = 2.547580787e-08, Final residual = 1.243576982e-09, No Iterations 1

ExecutionTime = 3.42 s  ExecutionStepTime = 0.02 s  ClockTime = 3 s

forces FR write:
    Sum of forces
        Total    : ( 0.5183967575 0 -2.314343682 )
        Pressure : ( 0.4816511929 0 -2.312497709 )
        Viscous  : ( 0.03674556462 0 -0.001845973127 )
    Sum of moments
        Total    : ( -1.12279334 0.6445328094 -0.2514978356 )
        Pressure : ( -1.121897775 0.6469118732 -0.2336708916 )
        Viscous  : ( -0.0008955654897 -0.00237906376 -0.01782694401 )


liftDrag LD execute:
Viscous drag: 0.003051458405, pressure drag: 0.0399977139, porous drag: 0
Viscous lift: -0.0001532949697, pressure lift: -0.1920365259, porous lift: 0
Total lift: -0.1921898209, Front lift: -0.04257103404, Rear lift: -0.1496187868, Drag: 0.04304917231
Location of Center of Mass: ( 0.15305161 0.4851454642 -0.0449368109 )
Location of Center Of Pressure: ( 0.2820863445 0.4851454642 -0.0160339351 )


yPlus yPlus execute:
    patch Bottom y+ : min = 25.52475524, max = 261.3975992, average = 131.7837422
    patch Top y+ : min = 45.30403368, max = 282.7630966, average = 157.7491747
    patch e423_0 y+ : min = 16.25642827, max = 661.1868585, average = 350.8257741


################################################################################

Time = 266

Outer Loop Iteration = 266
smoothSolver:  Solving for Ux, Initial residual = 6.097562021e-07, Final residual = 7.626710842e-09, No Iterations 2
smoothSolver:  Solving for Uz, Initial residual = 1.217944958e-06, Final residual = 2.447026467e-08, No Iterations 2
GAMG:  Solving for p, Initial residual = 8.552957227e-07, Final residual = 3.854000602e-09, No Iterations 3
GAMG:  Solving for p, Initial residual = 6.291538032e-08, Final residual = 6.157656654e-10, No Iterations 2
GAMG:  Solving for p, Initial residual = 1.104430051e-08, Final residual = 4.820880628e-11, No Iterations 3
time step continuity errors (region0): sum local = 2.895652714e-12, global = -3.241298146e-13, cumulative = -1.369607336e-07
smoothSolver:  Solving for omega, Initial residual = 2.212916882e-08, Final residual = 1.295033652e-09, No Iterations 1
smoothSolver:  Solving for k, Initial residual = 2.41387176e-08, Final residual = 1.1832872e-09, No Iterations 1

ExecutionTime = 3.43 s  ExecutionStepTime = 0.01 s  ClockTime = 3 s

forces FR write:
    Sum of forces
        Total    : ( 0.5183969193 0 -2.314342678 )
        Pressure : ( 0.4816513561 0 -2.312496705 )
        Viscous  : ( 0.03674556313 0 -0.001845972338 )
    Sum of moments
        Total    : ( -1.122792853 0.6445326608 -0.251497914 )
        Pressure : ( -1.121897288 0.6469117247 -0.2336709708 )
        Viscous  : ( -0.000895565107 -0.002379063864 -0.01782694328 )


liftDrag LD execute:
Viscous drag: 0.003051458281, pressure drag: 0.03999772746, porous drag: 0
Viscous lift: -0.0001532949042, pressure lift: -0.1920364425, porous lift: 0
Total lift: -0.1921897374, Front lift: -0.04257100467, Rear lift: -0.1496187328, Drag: 0.04304918574
Location of Center of Mass: ( 0.15305161 0.4851454642 -0.0449368109 )
Location of Center Of Pressure: ( 0.2820863965 0.4851454642 -0.01603390191 )


yPlus yPlus execute:
    patch Bottom y+ : min = 25.52551613, max = 261.3968535, average = 131.7836311
    patch Top y+ : min = 45.30404652, max = 282.7627237, average = 157.7490171
    patch e423_0 y+ : min = 16.25643556, max = 661.186849, average = 350.8257586


################################################################################

Time = 267

Outer Loop Iteration = 267
smoothSolver:  Solving for Ux, Initial residual = 5.806163012e-07, Final residual = 7.14169263e-09, No Iterations 2
smoothSolver:  Solving for Uz, Initial residual = 1.142785321e-06, Final residual = 2.313285086e-08, No Iterations 2
GAMG:  Solving for p, Initial residual = 7.980053867e-07, Final residual = 3.579371978e-09, No Iterations 3
GAMG:  Solving for p, Initial residual = 6.026750938e-08, Final residual = 5.646314573e-10, No Iterations 2
GAMG:  Solving for p, Initial residual = 1.064134344e-08, Final residual = 4.698311164e-11, No Iterations 3
time step continuity errors (region0): sum local = 2.822165152e-12, global = -3.606826776e-13, cumulative = -1.369610942e-07
smoothSolver:  Solving for omega, Initial residual = 2.09782313e-08, Final residual = 1.241851994e-09, No Iterations 1
smoothSolver:  Solving for k, Initial residual = 2.286459952e-08, Final residual = 1.12681095e-09, No Iterations 1

ExecutionTime = 3.44 s  ExecutionStepTime = 0.01 s  ClockTime = 3 s

forces FR write:
    Sum of forces
        Total    : ( 0.5183970721 0 -2.314341711 )
        Pressure : ( 0.4816515107 0 -2.312495739 )
        Viscous  : ( 0.03674556139 0 -0.001845971553 )
    Sum of moments
        Total    : ( -1.122792384 0.6445325148 -0.2514979882 )
        Pressure : ( -1.121896819 0.6469115787 -0.2336710458 )
        Viscous  : ( -0.0008955647262 -0.002379063954 -0.01782694244 )


liftDrag LD execute:
Viscous drag: 0.003051458136, pressure drag: 0.0399977403, porous drag: 0
Viscous lift: -0.000153294839, pressure lift: -0.1920363623, porous lift: 0
Total lift: -0.1921896571, Front lift: -0.04257097665, Rear lift: -0.1496186805, Drag: 0.04304919844
Location of Center of Mass: ( 0.15305161 0.4851454642 -0.0449368109 )
Location of Center Of Pressure: ( 0.2820864452 0.4851454642 -0.01603387039 )


yPlus yPlus execute:
    patch Bottom y+ : min = 25.52613475, max = 261.3962772, average = 131.7835662
    patch Top y+ : min = 45.30404777, max = 282.7624492, average = 157.7489083
    patch e423_0 y+ : min = 16.2564423, max = 661.1868393, average = 350.8257413


################################################################################

Time = 268

Outer Loop Iteration = 268
smoothSolver:  Solving for Ux, Initial residual = 5.548417942e-07, Final residual = 6.700044917e-09, No Iterations 2
smoothSolver:  Solving for Uz, Initial residual = 1.073431124e-06, Final residual = 2.168894628e-08, No Iterations 2
GAMG:  Solving for p, Initial residual = 7.407779166e-07, Final residual = 3.381269291e-09, No Iterations 3
GAMG:  Solving for p, Initial residual = 5.785022507e-08, Final residual = 5.383237145e-10, No Iterations 2
GAMG:  Solving for p, Initial residual = 1.028340585e-08, Final residual = 4.694346268e-11, No Iterations 3
time step continuity errors (region0): sum local = 2.819687489e-12, global = -3.721503245e-13, cumulative = -1.369614664e-07
smoothSolver:  Solving for omega, Initial residual = 1.989004522e-08, Final residual = 1.193175721e-09, No Iterations 1
smoothSolver:  Solving for k, Initial residual = 2.165363525e-08, Final residual = 1.071867164e-09, No Iterations 1

ExecutionTime = 3.45 s  ExecutionStepTime = 0.01 s  ClockTime = 3 s

forces FR write:
    Sum of forces
        Total    : ( 0.5183972159 0 -2.314340784 )
        Pressure : ( 0.4816516565 0 -2.312494813 )
        Viscous  : ( 0.03674555943 0 -0.001845970779 )
    Sum of moments
        Total    : ( -1.122791934 0.6445323718 -0.251498058 )
        Pressure : ( -1.12189637 0.6469114358 -0.2336711165 )
        Viscous  : ( -0.0008955643504 -0.002379064032 -0.01782694149 )


liftDrag LD execute:
Viscous drag: 0.003051457974, pressure drag: 0.0399977524, porous drag: 0
Viscous lift: -0.0001532947747, pressure lift: -0.1920362854, porous lift: 0
Total lift: -0.1921895802, Front lift: -0.04257095005, Rear lift: -0.1496186301, Drag: 0.04304921037
Location of Center of Mass: ( 0.15305161 0.4851454642 -0.0449368109 )
Location of Center Of Pressure: ( 0.2820864907 0.4851454642 -0.01603384061 )


yPlus yPlus execute:
    patch Bottom y+ : min = 25.52661731, max = 261.3958593, average = 131.7835437
    patch Top y+ : min = 45.3040384, max = 282.7622725, average = 157.748846
    patch e423_0 y+ : min = 16.25644846, max = 661.1868293, average = 350.8257224


################################################################################

Time = 269

Outer Loop Iteration = 269
smoothSolver:  Solving for Ux, Initial residual = 5.314352138e-07, Final residual = 6.305571159e-09, No Iterations 2
smoothSolver:  Solving for Uz, Initial residual = 1.00915253e-06, Final residual = 2.019896434e-08, No Iterations 2
GAMG:  Solving for p, Initial residual = 6.86552984e-07, Final residual = 3.234841158e-09, No Iterations 3
GAMG:  Solving for p, Initial residual = 5.568330189e-08, Final residual = 5.248749279e-10, No Iterations 2
GAMG:  Solving for p, Initial residual = 9.966239657e-09, Final residual = 4.6859758e-11, No Iterations 3
time step continuity errors (region0): sum local = 2.814700366e-12, global = -3.889113457e-13, cumulative = -1.369618553e-07
smoothSolver:  Solving for omega, Initial residual = 1.886537411e-08, Final residual = 1.144806682e-09, No Iterations 1
smoothSolver:  Solving for k, Initial residual = 2.051373284e-08, Final residual = 1.019475835e-09, No Iterations 1

ExecutionTime = 3.48 s  ExecutionStepTime = 0.02 s  ClockTime = 4 s

forces FR write:
    Sum of forces
        Total    : ( 0.5183973501 0 -2.314339902 )
        Pressure : ( 0.4816517929 0 -2.312493932 )
        Viscous  : ( 0.03674555728 0 -0.00184597002 )
    Sum of moments
        Total    : ( -1.122791506 0.6445322328 -0.2514981231 )
        Pressure : ( -1.121895942 0.6469112969 -0.2336711826 )
        Viscous  : ( -0.0008955639825 -0.002379064097 -0.01782694045 )


liftDrag LD execute:
Viscous drag: 0.003051457796, pressure drag: 0.03999776373, porous drag: 0
Viscous lift: -0.0001532947117, pressure lift: -0.1920362122, porous lift: 0
Total lift: -0.1921895069, Front lift: -0.04257092495, Rear lift: -0.149618582, Drag: 0.04304922152
Location of Center of Mass: ( 0.15305161 0.4851454642 -0.0449368109 )
Location of Center Of Pressure: ( 0.2820865329 0.4851454642 -0.01603381266 )


yPlus yPlus execute:
    patch Bottom y+ : min = 25.52697133, max = 261.3955874, average = 131.7835595
    patch Top y+ : min = 45.30401947, max = 282.7621917, average = 157.7488277
    patch e423_0 y+ : min = 16.25645404, max = 661.1868193, average = 350.8257022


################################################################################

Time = 270

Outer Loop Iteration = 270
smoothSolver:  Solving for Ux, Initial residual = 5.11843976e-07, Final residual = 5.956299858e-09, No Iterations 2
smoothSolver:  Solving for Uz, Initial residual = 9.504471899e-07, Final residual = 1.879318331e-08, No Iterations 2
GAMG:  Solving for p, Initial residual = 6.355448879e-07, Final residual = 3.11115027e-09, No Iterations 3
GAMG:  Solving for p, Initial residual = 5.369315057e-08, Final residual = 5.126184256e-10, No Iterations 2
GAMG:  Solving for p, Initial residual = 9.647855808e-09, Final residual = 4.652173009e-11, No Iterations 3
time step continuity errors (region0): sum local = 2.794417951e-12, global = -3.912450228e-13, cumulative = -1.369622465e-07
smoothSolver:  Solving for omega, Initial residual = 1.79045301e-08, Final residual = 1.097710537e-09, No Iterations 1
smoothSolver:  Solving for k, Initial residual = 1.943609165e-08, Final residual = 9.719599159e-10, No Iterations 1

ExecutionTime = 3.49 s  ExecutionStepTime = 0.01 s  ClockTime = 4 s

forces FR write:
    Sum of forces
        Total    : ( 0.5183974746 0 -2.314339066 )
        Pressure : ( 0.4816519196 0 -2.312493097 )
        Viscous  : ( 0.03674555498 0 -0.001845969283 )
    Sum of moments
        Total    : ( -1.122791101 0.6445320983 -0.2514981834 )
        Pressure : ( -1.121895537 0.6469111625 -0.2336712441 )
        Viscous  : ( -0.000895563625 -0.002379064149 -0.01782693933 )


liftDrag LD execute:
Viscous drag: 0.003051457605, pressure drag: 0.03999777425, porous drag: 0
Viscous lift: -0.0001532946505, pressure lift: -0.1920361429, porous lift: 0
Total lift: -0.1921894375, Front lift: -0.04257090141, Rear lift: -0.1496185361, Drag: 0.04304923185
Location of Center of Mass: ( 0.15305161 0.4851454642 -0.0449368109 )
Location of Center Of Pressure: ( 0.2820865717 0.4851454642 -0.01603378659 )


yPlus yPlus execute:
    patch Bottom y+ : min = 25.52720541, max = 261.3954481, average = 131.7836095
    patch Top y+ : min = 45.30399211, max = 282.7622033, average = 157.7488502
    patch e423_0 y+ : min = 16.25645905, max = 661.1868092, average = 350.825681


################################################################################

Time = 271

Outer Loop Iteration = 271
smoothSolver:  Solving for Ux, Initial residual = 4.935704819e-07, Final residual = 5.656796244e-09, No Iterations 2
smoothSolver:  Solving for Uz, Initial residual = 8.985153681e-07, Final residual = 1.741453295e-08, No Iterations 2
GAMG:  Solving for p, Initial residual = 5.894159016e-07, Final residual = 3.035774497e-09, No Iterations 3
GAMG:  Solving for p, Initial residual = 5.16584502e-08, Final residual = 5.052880893e-10, No Iterations 2
GAMG:  Solving for p, Initial residual = 9.319068953e-09, Final residual = 4.640534047e-11, No Iterations 3
time step continuity errors (region0): sum local = 2.787452043e-12, global = -3.986843315e-13, cumulative = -1.369626452e-07
smoothSolver:  Solving for omega, Initial residual = 1.699447642e-08, Final residual = 1.052010363e-09, No Iterations 1
smoothSolver:  Solving for k, Initial residual = 1.843042663e-08, Final residual = 9.325827578e-10, No Iterations 1

ExecutionTime = 3.5 s  ExecutionStepTime = 0.01 s  ClockTime = 4 s

forces FR write:
    Sum of forces
        Total    : ( 0.518397589 0 -2.314338279 )
        Pressure : ( 0.4816520365 0 -2.312492311 )
        Viscous  : ( 0.03674555256 0 -0.001845968573 )
    Sum of moments
        Total    : ( -1.122790719 0.6445319691 -0.251498239 )
        Pressure : ( -1.121895156 0.6469110333 -0.2336713008 )
        Viscous  : ( -0.0008955632801 -0.002379064189 -0.01782693815 )


liftDrag LD execute:
Viscous drag: 0.003051457403, pressure drag: 0.03999778396, porous drag: 0
Viscous lift: -0.0001532945915, pressure lift: -0.1920360776, porous lift: 0
Total lift: -0.1921893722, Front lift: -0.04257087948, Rear lift: -0.1496184927, Drag: 0.04304924136
Location of Center of Mass: ( 0.15305161 0.4851454642 -0.0449368109 )
Location of Center Of Pressure: ( 0.2820866071 0.4851454642 -0.01603376245 )


yPlus yPlus execute:
    patch Bottom y+ : min = 25.52732896, max = 261.3954276, average = 131.7836894
    patch Top y+ : min = 45.30395742, max = 282.7623025, average = 157.7489103
    patch e423_0 y+ : min = 16.25646348, max = 661.1867992, average = 350.8256589


################################################################################

Time = 272

Outer Loop Iteration = 272
smoothSolver:  Solving for Ux, Initial residual = 4.764598658e-07, Final residual = 5.39089608e-09, No Iterations 2
smoothSolver:  Solving for Uz, Initial residual = 8.512114343e-07, Final residual = 1.608050704e-08, No Iterations 2
GAMG:  Solving for p, Initial residual = 5.464660966e-07, Final residual = 2.982030216e-09, No Iterations 3
GAMG:  Solving for p, Initial residual = 4.962089761e-08, Final residual = 1.97932455e-10, No Iterations 3
GAMG:  Solving for p, Initial residual = 8.866790746e-09, Final residual = 8.620475003e-11, No Iterations 2
time step continuity errors (region0): sum local = 5.177893581e-12, global = -8.251205648e-13, cumulative = -1.369634703e-07
smoothSolver:  Solving for omega, Initial residual = 1.615638329e-08, Final residual = 1.012278135e-09, No Iterations 1
smoothSolver:  Solving for k, Initial residual = 1.748487758e-08, Final residual = 8.944190284e-10, No Iterations 1

ExecutionTime = 3.51 s  ExecutionStepTime = 0.01 s  ClockTime = 4 s

forces FR write:
    Sum of forces
        Total    : ( 0.5183976933 0 -2.314337543 )
        Pressure : ( 0.4816521433 0 -2.312491576 )
        Viscous  : ( 0.03674555003 0 -0.001845967891 )
    Sum of moments
        Total    : ( -1.122790362 0.6445318455 -0.2514982896 )
        Pressure : ( -1.121894799 0.6469109097 -0.2336713527 )
        Viscous  : ( -0.0008955629496 -0.002379064218 -0.01782693693 )


liftDrag LD execute:
Viscous drag: 0.003051457194, pressure drag: 0.03999779283, porous drag: 0
Viscous lift: -0.0001532945349, pressure lift: -0.1920360165, porous lift: 0
Total lift: -0.1921893111, Front lift: -0.04257085919, Rear lift: -0.1496184519, Drag: 0.04304925002
Location of Center of Mass: ( 0.15305161 0.4851454642 -0.0449368109 )
Location of Center Of Pressure: ( 0.2820866391 0.4851454642 -0.01603374027 )


yPlus yPlus execute:
    patch Bottom y+ : min = 25.52735206, max = 261.3955114, average = 131.7837947
    patch Top y+ : min = 45.30391653, max = 282.7624836, average = 157.7490044
    patch e423_0 y+ : min = 16.25646735, max = 661.1867893, average = 350.8256363


################################################################################

Time = 273

Outer Loop Iteration = 273
smoothSolver:  Solving for Ux, Initial residual = 4.592454835e-07, Final residual = 5.137164126e-09, No Iterations 2
smoothSolver:  Solving for Uz, Initial residual = 8.095760242e-07, Final residual = 1.490173137e-08, No Iterations 2
GAMG:  Solving for p, Initial residual = 5.084251306e-07, Final residual = 2.933475042e-09, No Iterations 3
GAMG:  Solving for p, Initial residual = 4.759898914e-08, Final residual = 1.980736541e-10, No Iterations 3
GAMG:  Solving for p, Initial residual = 8.585294389e-09, Final residual = 8.417405738e-11, No Iterations 2
time step continuity errors (region0): sum local = 5.055977798e-12, global = -7.804837292e-13, cumulative = -1.369642508e-07
smoothSolver:  Solving for omega, Initial residual = 1.539247225e-08, Final residual = 9.767691807e-10, No Iterations 1
smoothSolver:  Solving for k, Initial residual = 1.659041205e-08, Final residual = 8.572294096e-10, No Iterations 1

ExecutionTime = 3.52 s  ExecutionStepTime = 0.01 s  ClockTime = 4 s

forces FR write:
    Sum of forces
        Total    : ( 0.5183977878 0 -2.314336858 )
        Pressure : ( 0.4816522404 0 -2.312490891 )
        Viscous  : ( 0.03674554744 0 -0.001845967243 )
    Sum of moments
        Total    : ( -1.122790029 0.6445317278 -0.2514983354 )
        Pressure : ( -1.121894467 0.646910792 -0.2336713997 )
        Viscous  : ( -0.0008955626351 -0.002379064235 -0.01782693567 )


liftDrag LD execute:
Viscous drag: 0.003051456978, pressure drag: 0.03999780089, porous drag: 0
Viscous lift: -0.0001532944811, pressure lift: -0.1920359597, porous lift: 0
Total lift: -0.1921892542, Front lift: -0.04257084052, Rear lift: -0.1496184137, Drag: 0.04304925787
Location of Center of Mass: ( 0.15305161 0.4851454642 -0.0449368109 )
Location of Center Of Pressure: ( 0.2820866679 0.4851454642 -0.01603372001 )


yPlus yPlus execute:
    patch Bottom y+ : min = 25.52728481, max = 261.3956855, average = 131.7839213
    patch Top y+ : min = 45.30387038, max = 282.7627401, average = 157.749129
    patch e423_0 y+ : min = 16.25647069, max = 661.1867796, average = 350.8256133


################################################################################

Time = 274

Outer Loop Iteration = 274
smoothSolver:  Solving for Ux, Initial residual = 4.432055425e-07, Final residual = 4.892267376e-09, No Iterations 2
smoothSolver:  Solving for Uz, Initial residual = 7.739143683e-07, Final residual = 1.3818267e-08, No Iterations 2
GAMG:  Solving for p, Initial residual = 4.749041786e-07, Final residual = 2.89300776e-09, No Iterations 3
GAMG:  Solving for p, Initial residual = 4.580728011e-08, Final residual = 1.974929798e-10, No Iterations 3
GAMG:  Solving for p, Initial residual = 8.35798389e-09, Final residual = 8.329191001e-11, No Iterations 2
time step continuity errors (region0): sum local = 5.003106367e-12, global = -7.251815837e-13, cumulative = -1.36964976e-07
smoothSolver:  Solving for omega, Initial residual = 1.469293171e-08, Final residual = 9.427230096e-10, No Iterations 1
smoothSolver:  Solving for k, Initial residual = 1.575794728e-08, Final residual = 8.215562319e-10, No Iterations 1

ExecutionTime = 3.53 s  ExecutionStepTime = 0.01 s  ClockTime = 4 s

forces FR write:
    Sum of forces
        Total    : ( 0.5183978724 0 -2.314336225 )
        Pressure : ( 0.4816523276 0 -2.312490259 )
        Viscous  : ( 0.0367455448 0 -0.00184596663 )
    Sum of moments
        Total    : ( -1.122789722 0.6445316164 -0.2514983764 )
        Pressure : ( -1.12189416 0.6469106806 -0.2336714421 )
        Viscous  : ( -0.0008955623377 -0.002379064242 -0.01782693439 )


liftDrag LD execute:
Viscous drag: 0.003051456759, pressure drag: 0.03999780813, porous drag: 0
Viscous lift: -0.0001532944301, pressure lift: -0.1920359072, porous lift: 0
Total lift: -0.1921892016, Front lift: -0.04257082349, Rear lift: -0.1496183781, Drag: 0.04304926489
Location of Center of Mass: ( 0.15305161 0.4851454642 -0.0449368109 )
Location of Center Of Pressure: ( 0.2820866934 0.4851454642 -0.01603370167 )


yPlus yPlus execute:
    patch Bottom y+ : min = 25.52713761, max = 261.3959356, average = 131.7840648
    patch Top y+ : min = 45.30382008, max = 282.7630645, average = 157.7492801
    patch e423_0 y+ : min = 16.2564735, max = 661.1867701, average = 350.8255902


################################################################################

Time = 275

Outer Loop Iteration = 275
smoothSolver:  Solving for Ux, Initial residual = 4.269275404e-07, Final residual = 4.685058549e-09, No Iterations 2
smoothSolver:  Solving for Uz, Initial residual = 7.410376409e-07, Final residual = 1.28478995e-08, No Iterations 2
GAMG:  Solving for p, Initial residual = 4.477793636e-07, Final residual = 2.845627382e-09, No Iterations 3
GAMG:  Solving for p, Initial residual = 4.445607172e-08, Final residual = 1.954612479e-10, No Iterations 3
GAMG:  Solving for p, Initial residual = 8.157884017e-09, Final residual = 8.164071452e-11, No Iterations 2
time step continuity errors (region0): sum local = 4.903829434e-12, global = -6.783387102e-13, cumulative = -1.369656543e-07
smoothSolver:  Solving for omega, Initial residual = 1.406333927e-08, Final residual = 9.086413348e-10, No Iterations 1
smoothSolver:  Solving for k, Initial residual = 1.495360374e-08, Final residual = 7.935925344e-10, No Iterations 1

ExecutionTime = 3.54 s  ExecutionStepTime = 0.01 s  ClockTime = 4 s

forces FR write:
    Sum of forces
        Total    : ( 0.5183979473 0 -2.314335644 )
        Pressure : ( 0.4816524052 0 -2.312489678 )
        Viscous  : ( 0.03674554215 0 -0.001845966054 )
    Sum of moments
        Total    : ( -1.122789441 0.6445315116 -0.2514984128 )
        Pressure : ( -1.121893878 0.6469105758 -0.2336714797 )
        Viscous  : ( -0.0008955620581 -0.00237906424 -0.01782693311 )


liftDrag LD execute:
Viscous drag: 0.003051456539, pressure drag: 0.03999781457, porous drag: 0
Viscous lift: -0.0001532943823, pressure lift: -0.192035859, porous lift: 0
Total lift: -0.1921891534, Front lift: -0.04257080807, Rear lift: -0.1496183453, Drag: 0.04304927111
Location of Center of Mass: ( 0.15305161 0.4851454642 -0.0449368109 )
Location of Center Of Pressure: ( 0.2820867158 0.4851454642 -0.01603368523 )


yPlus yPlus execute:
    patch Bottom y+ : min = 25.52692067, max = 261.3962479, average = 131.7842214
    patch Top y+ : min = 45.30376659, max = 282.763449, average = 157.7494539
    patch e423_0 y+ : min = 16.25647583, max = 661.1867609, average = 350.8255671


################################################################################

Time = 276

Outer Loop Iteration = 276
smoothSolver:  Solving for Ux, Initial residual = 4.102838823e-07, Final residual = 4.467282886e-09, No Iterations 2
smoothSolver:  Solving for Uz, Initial residual = 7.104269755e-07, Final residual = 1.202764396e-08, No Iterations 2
GAMG:  Solving for p, Initial residual = 4.273774557e-07, Final residual = 2.794165683e-09, No Iterations 3
GAMG:  Solving for p, Initial residual = 4.342566874e-08, Final residual = 1.930929814e-10, No Iterations 3
GAMG:  Solving for p, Initial residual = 7.994129874e-09, Final residual = 7.992253511e-11, No Iterations 2
time step continuity errors (region0): sum local = 4.800581658e-12, global = -6.403396973e-13, cumulative = -1.369662947e-07
smoothSolver:  Solving for omega, Initial residual = 1.34657583e-08, Final residual = 8.745292402e-10, No Iterations 1
smoothSolver:  Solving for k, Initial residual = 1.41959688e-08, Final residual = 7.66896759e-10, No Iterations 1

ExecutionTime = 3.55 s  ExecutionStepTime = 0.01 s  ClockTime = 4 s

forces FR write:
    Sum of forces
        Total    : ( 0.518398013 0 -2.314335115 )
        Pressure : ( 0.4816524735 0 -2.312489149 )
        Viscous  : ( 0.03674553951 0 -0.001845965516 )
    Sum of moments
        Total    : ( -1.122789184 0.6445314135 -0.2514984447 )
        Pressure : ( -1.121893622 0.6469104777 -0.2336715128 )
        Viscous  : ( -0.000895561797 -0.00237906423 -0.01782693182 )


liftDrag LD execute:
Viscous drag: 0.00305145632, pressure drag: 0.03999782025, porous drag: 0
Viscous lift: -0.0001532943376, pressure lift: -0.192035815, porous lift: 0
Total lift: -0.1921891094, Front lift: -0.04257079422, Rear lift: -0.1496183152, Drag: 0.04304927657
Location of Center of Mass: ( 0.15305161 0.4851454642 -0.0449368109 )
Location of Center Of Pressure: ( 0.2820867351 0.4851454642 -0.01603367062 )


yPlus yPlus execute:
    patch Bottom y+ : min = 25.52664409, max = 261.3966092, average = 131.7843871
    patch Top y+ : min = 45.30371089, max = 282.7638856, average = 157.7496468
    patch e423_0 y+ : min = 16.25647769, max = 661.1867521, average = 350.8255443


################################################################################

Time = 277

Outer Loop Iteration = 277
smoothSolver:  Solving for Ux, Initial residual = 3.932447599e-07, Final residual = 4.254451267e-09, No Iterations 2
smoothSolver:  Solving for Uz, Initial residual = 6.838252268e-07, Final residual = 1.130849036e-08, No Iterations 2
GAMG:  Solving for p, Initial residual = 4.115243236e-07, Final residual = 2.74424394e-09, No Iterations 3
GAMG:  Solving for p, Initial residual = 4.25369656e-08, Final residual = 1.899789428e-10, No Iterations 3
GAMG:  Solving for p, Initial residual = 7.83645382e-09, Final residual = 7.81953513e-11, No Iterations 2
time step continuity errors (region0): sum local = 4.696911246e-12, global = -6.035803641e-13, cumulative = -1.369668983e-07
smoothSolver:  Solving for omega, Initial residual = 1.289508459e-08, Final residual = 8.409582513e-10, No Iterations 1
smoothSolver:  Solving for k, Initial residual = 1.349228801e-08, Final residual = 7.39510096e-10, No Iterations 1

ExecutionTime = 3.56 s  ExecutionStepTime = 0.01 s  ClockTime = 4 s

forces FR write:
    Sum of forces
        Total    : ( 0.5183980697 0 -2.314334636 )
        Pressure : ( 0.4816525328 0 -2.312488671 )
        Viscous  : ( 0.03674553689 0 -0.001845965016 )
    Sum of moments
        Total    : ( -1.122788951 0.6445313222 -0.2514984722 )
        Pressure : ( -1.12189339 0.6469103864 -0.2336715416 )
        Viscous  : ( -0.0008955615548 -0.002379064212 -0.01782693055 )


liftDrag LD execute:
Viscous drag: 0.003051456103, pressure drag: 0.03999782518, porous drag: 0
Viscous lift: -0.0001532942962, pressure lift: -0.1920357753, porous lift: 0
Total lift: -0.1921890696, Front lift: -0.04257078191, Rear lift: -0.1496182877, Drag: 0.04304928128
Location of Center of Mass: ( 0.15305161 0.4851454642 -0.0449368109 )
Location of Center Of Pressure: ( 0.2820867516 0.4851454642 -0.01603365778 )


yPlus yPlus execute:
    patch Bottom y+ : min = 25.52631774, max = 261.397007, average = 131.7845584
    patch Top y+ : min = 45.30365385, max = 282.764366, average = 157.7498548
    patch e423_0 y+ : min = 16.25647913, max = 661.1867436, average = 350.8255219


################################################################################

Time = 278

Outer Loop Iteration = 278
smoothSolver:  Solving for Ux, Initial residual = 3.762849237e-07, Final residual = 4.061913666e-09, No Iterations 2
smoothSolver:  Solving for Uz, Initial residual = 6.578666613e-07, Final residual = 1.069627102e-08, No Iterations 2
GAMG:  Solving for p, Initial residual = 4.026173402e-07, Final residual = 2.678005924e-09, No Iterations 3
GAMG:  Solving for p, Initial residual = 4.16425612e-08, Final residual = 1.849200664e-10, No Iterations 3
GAMG:  Solving for p, Initial residual = 7.665376891e-09, Final residual = 7.620854918e-11, No Iterations 2
time step continuity errors (region0): sum local = 4.577671078e-12, global = -5.746071758e-13, cumulative = -1.369674729e-07
smoothSolver:  Solving for omega, Initial residual = 1.236514291e-08, Final residual = 8.076951667e-10, No Iterations 1
smoothSolver:  Solving for k, Initial residual = 1.283966735e-08, Final residual = 7.119505072e-10, No Iterations 1

ExecutionTime = 3.57 s  ExecutionStepTime = 0.01 s  ClockTime = 4 s

forces FR write:
    Sum of forces
        Total    : ( 0.518398118 0 -2.314334206 )
        Pressure : ( 0.4816525837 0 -2.312488241 )
        Viscous  : ( 0.03674553432 0 -0.001845964557 )
    Sum of moments
        Total    : ( -1.122788743 0.6445312378 -0.2514984956 )
        Pressure : ( -1.121893181 0.646910302 -0.2336715663 )
        Viscous  : ( -0.0008955613318 -0.002379064188 -0.01782692931 )


liftDrag LD execute:
Viscous drag: 0.003051455889, pressure drag: 0.0399978294, porous drag: 0
Viscous lift: -0.000153294258, pressure lift: -0.1920357396, porous lift: 0
Total lift: -0.1921890339, Front lift: -0.04257077107, Rear lift: -0.1496182628, Drag: 0.04304928529
Location of Center of Mass: ( 0.15305161 0.4851454642 -0.0449368109 )
Location of Center Of Pressure: ( 0.2820867653 0.4851454642 -0.01603364664 )


yPlus yPlus execute:
    patch Bottom y+ : min = 25.52595122, max = 261.3974296, average = 131.7847319
    patch Top y+ : min = 45.30359631, max = 282.764882, average = 157.7500745
    patch e423_0 y+ : min = 16.25648016, max = 661.1867356, average = 350.8255


################################################################################

Time = 279

Outer Loop Iteration = 279
smoothSolver:  Solving for Ux, Initial residual = 3.598611689e-07, Final residual = 3.875335009e-09, No Iterations 2
smoothSolver:  Solving for Uz, Initial residual = 6.325667241e-07, Final residual = 1.015573676e-08, No Iterations 2
GAMG:  Solving for p, Initial residual = 3.965765469e-07, Final residual = 2.597620164e-09, No Iterations 3
GAMG:  Solving for p, Initial residual = 4.080992175e-08, Final residual = 1.782861108e-10, No Iterations 3
GAMG:  Solving for p, Initial residual = 7.466986705e-09, Final residual = 7.372653293e-11, No Iterations 2
time step continuity errors (region0): sum local = 4.428503369e-12, global = -5.447512994e-13, cumulative = -1.369680176e-07
smoothSolver:  Solving for omega, Initial residual = 1.188281724e-08, Final residual = 7.745286837e-10, No Iterations 1
smoothSolver:  Solving for k, Initial residual = 1.221897401e-08, Final residual = 6.836254922e-10, No Iterations 1

ExecutionTime = 3.58 s  ExecutionStepTime = 0.01 s  ClockTime = 4 s

forces FR write:
    Sum of forces
        Total    : ( 0.5183981584 0 -2.314333823 )
        Pressure : ( 0.4816526266 0 -2.312487859 )
        Viscous  : ( 0.03674553182 0 -0.001845964137 )
    Sum of moments
        Total    : ( -1.122788557 0.6445311602 -0.2514985152 )
        Pressure : ( -1.121892996 0.6469102243 -0.2336715871 )
        Viscous  : ( -0.000895561128 -0.002379064157 -0.01782692809 )


liftDrag LD execute:
Viscous drag: 0.003051455681, pressure drag: 0.03999783296, porous drag: 0
Viscous lift: -0.0001532942231, pressure lift: -0.1920357079, porous lift: 0
Total lift: -0.1921890021, Front lift: -0.04257076164, Rear lift: -0.1496182405, Drag: 0.04304928864
Location of Center of Mass: ( 0.15305161 0.4851454642 -0.0449368109 )
Location of Center Of Pressure: ( 0.2820867766 0.4851454642 -0.0160336371 )


yPlus yPlus execute:
    patch Bottom y+ : min = 25.52555379, max = 261.3978666, average = 131.7849046
    patch Top y+ : min = 45.30353904, max = 282.7654256, average = 157.7503023
    patch e423_0 y+ : min = 16.25648084, max = 661.186728, average = 350.8254789


################################################################################

Time = 280

Outer Loop Iteration = 280
smoothSolver:  Solving for Ux, Initial residual = 3.43742692e-07, Final residual = 3.713316866e-09, No Iterations 2
smoothSolver:  Solving for Uz, Initial residual = 6.072756948e-07, Final residual = 9.623640313e-09, No Iterations 2
GAMG:  Solving for p, Initial residual = 3.950988148e-07, Final residual = 2.512334222e-09, No Iterations 3
GAMG:  Solving for p, Initial residual = 3.998613269e-08, Final residual = 1.704960484e-10, No Iterations 3
GAMG:  Solving for p, Initial residual = 7.265563492e-09, Final residual = 7.086391717e-11, No Iterations 2
time step continuity errors (region0): sum local = 4.256630433e-12, global = -5.161931031e-13, cumulative = -1.369685338e-07
smoothSolver:  Solving for omega, Initial residual = 1.142776695e-08, Final residual = 7.41519994e-10, No Iterations 1
smoothSolver:  Solving for k, Initial residual = 1.163109963e-08, Final residual = 6.546623922e-10, No Iterations 1

ExecutionTime = 3.59 s  ExecutionStepTime = 0.01 s  ClockTime = 4 s

forces FR write:
    Sum of forces
        Total    : ( 0.5183981913 0 -2.314333487 )
        Pressure : ( 0.4816526619 0 -2.312487523 )
        Viscous  : ( 0.03674552938 0 -0.001845963756 )
    Sum of moments
        Total    : ( -1.122788394 0.6445310893 -0.2514985312 )
        Pressure : ( -1.121892833 0.6469101534 -0.2336716043 )
        Viscous  : ( -0.0008955609434 -0.002379064122 -0.01782692691 )


liftDrag LD execute:
Viscous drag: 0.003051455479, pressure drag: 0.0399978359, porous drag: 0
Viscous lift: -0.0001532941915, pressure lift: -0.19203568, porous lift: 0
Total lift: -0.1921889742, Front lift: -0.04257075354, Rear lift: -0.1496182206, Drag: 0.04304929137
Location of Center of Mass: ( 0.15305161 0.4851454642 -0.0449368109 )
Location of Center Of Pressure: ( 0.2820867854 0.4851454642 -0.01603362907 )


yPlus yPlus execute:
    patch Bottom y+ : min = 25.52513417, max = 261.3983084, average = 131.7850739
    patch Top y+ : min = 45.30348269, max = 282.7659892, average = 157.750535
    patch e423_0 y+ : min = 16.25648119, max = 661.1867209, average = 350.8254585


################################################################################

Time = 281

Outer Loop Iteration = 281
smoothSolver:  Solving for Ux, Initial residual = 3.279967739e-07, Final residual = 3.544151974e-09, No Iterations 2
smoothSolver:  Solving for Uz, Initial residual = 5.816107132e-07, Final residual = 9.16759048e-09, No Iterations 2
GAMG:  Solving for p, Initial residual = 3.937746291e-07, Final residual = 2.420960333e-09, No Iterations 3
GAMG:  Solving for p, Initial residual = 3.909478213e-08, Final residual = 1.623252414e-10, No Iterations 3
GAMG:  Solving for p, Initial residual = 7.052478757e-09, Final residual = 6.810458341e-11, No Iterations 2
time step continuity errors (region0): sum local = 4.090697788e-12, global = -4.953180218e-13, cumulative = -1.369690291e-07
smoothSolver:  Solving for omega, Initial residual = 1.099325273e-08, Final residual = 7.087198228e-10, No Iterations 1
smoothSolver:  Solving for k, Initial residual = 1.107131956e-08, Final residual = 6.253407553e-10, No Iterations 1

ExecutionTime = 3.6 s  ExecutionStepTime = 0.01 s  ClockTime = 4 s

forces FR write:
    Sum of forces
        Total    : ( 0.5183982174 0 -2.314333193 )
        Pressure : ( 0.4816526903 0 -2.31248723 )
        Viscous  : ( 0.03674552704 0 -0.001845963415 )
    Sum of moments
        Total    : ( -1.122788251 0.6445310251 -0.2514985438 )
        Pressure : ( -1.121892691 0.6469100892 -0.233671618 )
        Viscous  : ( -0.0008955607778 -0.002379064081 -0.01782692577 )


liftDrag LD execute:
Viscous drag: 0.003051455284, pressure drag: 0.03999783826, porous drag: 0
Viscous lift: -0.0001532941631, pressure lift: -0.1920356557, porous lift: 0
Total lift: -0.1921889498, Front lift: -0.04257074669, Rear lift: -0.1496182031, Drag: 0.04304929354
Location of Center of Mass: ( 0.15305161 0.4851454642 -0.0449368109 )
Location of Center Of Pressure: ( 0.2820867921 0.4851454642 -0.01603362246 )


yPlus yPlus execute:
    patch Bottom y+ : min = 25.52470043, max = 261.3987466, average = 131.7852373
    patch Top y+ : min = 45.30342784, max = 282.7665656, average = 157.7507696
    patch e423_0 y+ : min = 16.25648126, max = 661.1867142, average = 350.825439


################################################################################

Time = 282

Outer Loop Iteration = 282
smoothSolver:  Solving for Ux, Initial residual = 3.122413609e-07, Final residual = 3.392909041e-09, No Iterations 2
smoothSolver:  Solving for Uz, Initial residual = 5.565264596e-07, Final residual = 8.766125025e-09, No Iterations 2
GAMG:  Solving for p, Initial residual = 3.920840416e-07, Final residual = 2.334258418e-09, No Iterations 3
GAMG:  Solving for p, Initial residual = 3.818503212e-08, Final residual = 1.543342096e-10, No Iterations 3
GAMG:  Solving for p, Initial residual = 6.828972163e-09, Final residual = 6.518311648e-11, No Iterations 2
time step continuity errors (region0): sum local = 3.915221061e-12, global = -4.701806609e-13, cumulative = -1.369694993e-07
smoothSolver:  Solving for omega, Initial residual = 1.058069391e-08, Final residual = 6.759626193e-10, No Iterations 1
smoothSolver:  Solving for k, Initial residual = 1.05465575e-08, Final residual = 5.968413722e-10, No Iterations 1

ExecutionTime = 3.61 s  ExecutionStepTime = 0.01 s  ClockTime = 4 s

forces FR write:
    Sum of forces
        Total    : ( 0.5183982372 0 -2.314332941 )
        Pressure : ( 0.4816527124 0 -2.312486978 )
        Viscous  : ( 0.03674552479 0 -0.001845963112 )
    Sum of moments
        Total    : ( -1.122788129 0.6445309673 -0.2514985534 )
        Pressure : ( -1.121892568 0.6469100313 -0.2336716287 )
        Viscous  : ( -0.000895560631 -0.002379064036 -0.01782692468 )


liftDrag LD execute:
Viscous drag: 0.003051455097, pressure drag: 0.03999784008, porous drag: 0
Viscous lift: -0.000153294138, pressure lift: -0.1920356347, porous lift: 0
Total lift: -0.1921889289, Front lift: -0.04257074102, Rear lift: -0.1496181879, Drag: 0.04304929518
Location of Center of Mass: ( 0.15305161 0.4851454642 -0.0449368109 )
Location of Center Of Pressure: ( 0.2820867968 0.4851454642 -0.01603361715 )


yPlus yPlus execute:
    patch Bottom y+ : min = 25.52425988, max = 261.3991739, average = 131.785393
    patch Top y+ : min = 45.30337499, max = 282.7671479, average = 157.7510032
    patch e423_0 y+ : min = 16.25648107, max = 661.186708, average = 350.8254205


################################################################################

Time = 283

Outer Loop Iteration = 283
smoothSolver:  Solving for Ux, Initial residual = 2.967862477e-07, Final residual = 3.244961539e-09, No Iterations 2
smoothSolver:  Solving for Uz, Initial residual = 5.322817422e-07, Final residual = 8.381987739e-09, No Iterations 2
GAMG:  Solving for p, Initial residual = 3.885693334e-07, Final residual = 2.242658903e-09, No Iterations 3
GAMG:  Solving for p, Initial residual = 3.714611148e-08, Final residual = 1.463037194e-10, No Iterations 3
GAMG:  Solving for p, Initial residual = 6.590696201e-09, Final residual = 6.208530278e-11, No Iterations 2
time step continuity errors (region0): sum local = 3.729110207e-12, global = -4.487203399e-13, cumulative = -1.36969948e-07
smoothSolver:  Solving for omega, Initial residual = 1.018195598e-08, Final residual = 6.436610889e-10, No Iterations 1
smoothSolver:  Solving for k, Initial residual = 1.006848117e-08, Final residual = 5.688741703e-10, No Iterations 1

ExecutionTime = 3.62 s  ExecutionStepTime = 0.01 s  ClockTime = 4 s

forces FR write:
    Sum of forces
        Total    : ( 0.5183982512 0 -2.314332727 )
        Pressure : ( 0.4816527286 0 -2.312486764 )
        Viscous  : ( 0.03674552264 0 -0.001845962847 )
    Sum of moments
        Total    : ( -1.122788025 0.6445309157 -0.2514985602 )
        Pressure : ( -1.121892465 0.6469099796 -0.2336716366 )
        Viscous  : ( -0.0008955605024 -0.002379063988 -0.01782692364 )


liftDrag LD execute:
Viscous drag: 0.003051454919, pressure drag: 0.03999784143, porous drag: 0
Viscous lift: -0.000153294116, pressure lift: -0.192035617, porous lift: 0
Total lift: -0.1921889111, Front lift: -0.04257073643, Rear lift: -0.1496181747, Drag: 0.04304929635
Location of Center of Mass: ( 0.15305161 0.4851454642 -0.0449368109 )
Location of Center Of Pressure: ( 0.2820867998 0.4851454642 -0.01603361303 )


yPlus yPlus execute:
    patch Bottom y+ : min = 25.52381904, max = 261.399584, average = 131.7855393
    patch Top y+ : min = 45.30332455, max = 282.7677298, average = 157.7512334
    patch e423_0 y+ : min = 16.25648067, max = 661.1867024, average = 350.8254029


################################################################################

Time = 284

Outer Loop Iteration = 284
smoothSolver:  Solving for Ux, Initial residual = 2.817237638e-07, Final residual = 3.104892839e-09, No Iterations 2
smoothSolver:  Solving for Uz, Initial residual = 5.072947243e-07, Final residual = 8.052961433e-09, No Iterations 2
GAMG:  Solving for p, Initial residual = 3.848346531e-07, Final residual = 2.146384006e-09, No Iterations 3
GAMG:  Solving for p, Initial residual = 3.597138479e-08, Final residual = 1.381160439e-10, No Iterations 3
GAMG:  Solving for p, Initial residual = 6.332574133e-09, Final residual = 5.880553946e-11, No Iterations 2
time step continuity errors (region0): sum local = 3.532233353e-12, global = -4.279643633e-13, cumulative = -1.36970376e-07
smoothSolver:  Solving for omega, Initial residual = 9.792712109e-09, Final residual = 6.14699091e-10, No Iterations 1
smoothSolver:  Solving for k, Initial residual = 9.608938585e-09, Final residual = 5.414811187e-10, No Iterations 1

ExecutionTime = 3.63 s  ExecutionStepTime = 0.01 s  ClockTime = 4 s

forces FR write:
    Sum of forces
        Total    : ( 0.5183982602 0 -2.314332549 )
        Pressure : ( 0.4816527396 0 -2.312486586 )
        Viscous  : ( 0.0367455206 0 -0.001845962618 )
    Sum of moments
        Total    : ( -1.122787939 0.6445308699 -0.2514985646 )
        Pressure : ( -1.121892378 0.6469099339 -0.2336716419 )
        Viscous  : ( -0.0008955603913 -0.002379063937 -0.01782692265 )


liftDrag LD execute:
Viscous drag: 0.00305145475, pressure drag: 0.03999784234, porous drag: 0
Viscous lift: -0.000153294097, pressure lift: -0.1920356022, porous lift: 0
Total lift: -0.1921888963, Front lift: -0.04257073282, Rear lift: -0.1496181635, Drag: 0.04304929709
Location of Center of Mass: ( 0.15305161 0.4851454642 -0.0449368109 )
Location of Center Of Pressure: ( 0.2820868011 0.4851454642 -0.01603361001 )


yPlus yPlus execute:
    patch Bottom y+ : min = 25.5233837, max = 261.3999718, average = 131.7856749
    patch Top y+ : min = 45.30327689, max = 282.7683055, average = 157.7514578
    patch e423_0 y+ : min = 16.25648009, max = 661.1866972, average = 350.8253864


################################################################################

Time = 285

Outer Loop Iteration = 285
smoothSolver:  Solving for Ux, Initial residual = 2.672583278e-07, Final residual = 2.968200618e-09, No Iterations 2
smoothSolver:  Solving for Uz, Initial residual = 4.816670766e-07, Final residual = 7.74050242e-09, No Iterations 2
GAMG:  Solving for p, Initial residual = 3.794005412e-07, Final residual = 2.044037308e-09, No Iterations 3
GAMG:  Solving for p, Initial residual = 3.470856515e-08, Final residual = 1.296300045e-10, No Iterations 3
GAMG:  Solving for p, Initial residual = 6.060390107e-09, Final residual = 5.552504811e-11, No Iterations 2
time step continuity errors (region0): sum local = 3.335114863e-12, global = -4.09317461e-13, cumulative = -1.369707853e-07
smoothSolver:  Solving for omega, Initial residual = 9.410086396e-09, Final residual = 5.870997962e-10, No Iterations 1
smoothSolver:  Solving for k, Initial residual = 9.17147228e-09, Final residual = 5.144004624e-10, No Iterations 1

ExecutionTime = 3.64 s  ExecutionStepTime = 0.01 s  ClockTime = 4 s

forces FR write:
    Sum of forces
        Total    : ( 0.5183982645 0 -2.314332404 )
        Pressure : ( 0.4816527459 0 -2.312486441 )
        Viscous  : ( 0.03674551868 0 -0.001845962424 )
    Sum of moments
        Total    : ( -1.122787868 0.6445308298 -0.2514985667 )
        Pressure : ( -1.121892308 0.6469098937 -0.233671645 )
        Viscous  : ( -0.0008955602969 -0.002379063883 -0.01782692172 )


liftDrag LD execute:
Viscous drag: 0.00305145459, pressure drag: 0.03999784287, porous drag: 0
Viscous lift: -0.0001532940808, pressure lift: -0.1920355902, porous lift: 0
Total lift: -0.1921888842, Front lift: -0.04257073012, Rear lift: -0.1496181541, Drag: 0.04304929746
Location of Center of Mass: ( 0.15305161 0.4851454642 -0.0449368109 )
Location of Center Of Pressure: ( 0.2820868011 0.4851454642 -0.01603360796 )


yPlus yPlus execute:
    patch Bottom y+ : min = 25.52295893, max = 261.4003332, average = 131.7857988
    patch Top y+ : min = 45.30323231, max = 282.7688697, average = 157.7516746
    patch e423_0 y+ : min = 16.25647937, max = 661.1866925, average = 350.825371


################################################################################

Time = 286

Outer Loop Iteration = 286
smoothSolver:  Solving for Ux, Initial residual = 2.534024962e-07, Final residual = 2.834273734e-09, No Iterations 2
smoothSolver:  Solving for Uz, Initial residual = 4.579104681e-07, Final residual = 7.432926576e-09, No Iterations 2
GAMG:  Solving for p, Initial residual = 3.729386501e-07, Final residual = 1.931239706e-09, No Iterations 3
GAMG:  Solving for p, Initial residual = 3.336598161e-08, Final residual = 1.207442283e-10, No Iterations 3
GAMG:  Solving for p, Initial residual = 5.783349768e-09, Final residual = 5.255628681e-11, No Iterations 2
time step continuity errors (region0): sum local = 3.156810198e-12, global = -3.917918558e-13, cumulative = -1.369711771e-07
smoothSolver:  Solving for omega, Initial residual = 9.046068344e-09, Final residual = 5.604480862e-10, No Iterations 1
smoothSolver:  Solving for k, Initial residual = 8.746078346e-09, Final residual = 4.911497632e-10, No Iterations 1

ExecutionTime = 3.65 s  ExecutionStepTime = 0.01 s  ClockTime = 4 s

forces FR write:
    Sum of forces
        Total    : ( 0.518398265 0 -2.314332288 )
        Pressure : ( 0.4816527481 0 -2.312486326 )
        Viscous  : ( 0.03674551688 0 -0.001845962261 )
    Sum of moments
        Total    : ( -1.122787812 0.644530795 -0.2514985669 )
        Pressure : ( -1.121892252 0.6469098588 -0.2336716461 )
        Viscous  : ( -0.0008955602182 -0.002379063828 -0.01782692085 )


liftDrag LD execute:
Viscous drag: 0.003051454441, pressure drag: 0.03999784305, porous drag: 0
Viscous lift: -0.0001532940674, pressure lift: -0.1920355806, porous lift: 0
Total lift: -0.1921888747, Front lift: -0.04257072822, Rear lift: -0.1496181464, Drag: 0.04304929749
Location of Center of Mass: ( 0.15305161 0.4851454642 -0.0449368109 )
Location of Center Of Pressure: ( 0.2820867998 0.4851454642 -0.01603360677 )


yPlus yPlus execute:
    patch Bottom y+ : min = 25.52254916, max = 261.4006649, average = 131.7859101
    patch Top y+ : min = 45.30319104, max = 282.7694181, average = 157.751882
    patch e423_0 y+ : min = 16.25647853, max = 661.1866882, average = 350.8253567


################################################################################

Time = 287

Outer Loop Iteration = 287
smoothSolver:  Solving for Ux, Initial residual = 2.403368229e-07, Final residual = 2.698669138e-09, No Iterations 2
smoothSolver:  Solving for Uz, Initial residual = 4.343703737e-07, Final residual = 7.164287059e-09, No Iterations 2
GAMG:  Solving for p, Initial residual = 3.648494394e-07, Final residual = 1.808082679e-09, No Iterations 3
GAMG:  Solving for p, Initial residual = 3.197055215e-08, Final residual = 1.118154151e-10, No Iterations 3
GAMG:  Solving for p, Initial residual = 5.507520304e-09, Final residual = 4.943085756e-11, No Iterations 2
time step continuity errors (region0): sum local = 2.969170545e-12, global = -3.688864785e-13, cumulative = -1.36971546e-07
smoothSolver:  Solving for omega, Initial residual = 8.703937894e-09, Final residual = 5.385583867e-10, No Iterations 1
smoothSolver:  Solving for k, Initial residual = 8.333969679e-09, Final residual = 4.679236823e-10, No Iterations 1

ExecutionTime = 3.66 s  ExecutionStepTime = 0.01 s  ClockTime = 4 s

forces FR write:
    Sum of forces
        Total    : ( 0.518398262 0 -2.3143322 )
        Pressure : ( 0.4816527467 0 -2.312486238 )
        Viscous  : ( 0.03674551521 0 -0.001845962129 )
    Sum of moments
        Total    : ( -1.122787769 0.6445307651 -0.2514985654 )
        Pressure : ( -1.121892209 0.6469098288 -0.2336716454 )
        Viscous  : ( -0.000895560154 -0.002379063773 -0.01782692003 )


liftDrag LD execute:
Viscous drag: 0.003051454302, pressure drag: 0.03999784294, porous drag: 0
Viscous lift: -0.0001532940564, pressure lift: -0.1920355732, porous lift: 0
Total lift: -0.1921888673, Front lift: -0.04257072703, Rear lift: -0.1496181403, Drag: 0.04304929724
Location of Center of Mass: ( 0.15305161 0.4851454642 -0.0449368109 )
Location of Center Of Pressure: ( 0.2820867976 0.4851454642 -0.01603360634 )


yPlus yPlus execute:
    patch Bottom y+ : min = 25.52215825, max = 261.4009647, average = 131.7860086
    patch Top y+ : min = 45.30315325, max = 282.7699465, average = 157.7520784
    patch e423_0 y+ : min = 16.25647761, max = 661.1866845, average = 350.8253434


################################################################################

Time = 288

Outer Loop Iteration = 288
smoothSolver:  Solving for Ux, Initial residual = 2.278197627e-07, Final residual = 2.559308323e-09, No Iterations 2
smoothSolver:  Solving for Uz, Initial residual = 4.120026063e-07, Final residual = 6.941568874e-09, No Iterations 2
GAMG:  Solving for p, Initial residual = 3.552918514e-07, Final residual = 1.683103084e-09, No Iterations 3
GAMG:  Solving for p, Initial residual = 3.054734448e-08, Final residual = 3.031385474e-10, No Iterations 2
GAMG:  Solving for p, Initial residual = 5.328622188e-09, Final residual = 6.14290157e-11, No Iterations 2
time step continuity errors (region0): sum local = 3.689743381e-12, global = -8.960807467e-13, cumulative = -1.369724421e-07
smoothSolver:  Solving for omega, Initial residual = 8.370944424e-09, Final residual = 5.171442388e-10, No Iterations 1
smoothSolver:  Solving for k, Initial residual = 7.954266914e-09, Final residual = 4.521589086e-10, No Iterations 1

ExecutionTime = 3.67 s  ExecutionStepTime = 0.01 s  ClockTime = 4 s

forces FR write:
    Sum of forces
        Total    : ( 0.5183982561 0 -2.314332135 )
        Pressure : ( 0.4816527424 0 -2.312486173 )
        Viscous  : ( 0.03674551365 0 -0.001845962024 )
    Sum of moments
        Total    : ( -1.122787738 0.6445307397 -0.2514985626 )
        Pressure : ( -1.121892178 0.6469098034 -0.2336716433 )
        Viscous  : ( -0.0008955601031 -0.002379063717 -0.01782691928 )


liftDrag LD execute:
Viscous drag: 0.003051454173, pressure drag: 0.03999784258, porous drag: 0
Viscous lift: -0.0001532940477, pressure lift: -0.1920355679, porous lift: 0
Total lift: -0.192188862, Front lift: -0.04257072647, Rear lift: -0.1496181355, Drag: 0.04304929675
Location of Center of Mass: ( 0.15305161 0.4851454642 -0.0449368109 )
Location of Center Of Pressure: ( 0.2820867945 0.4851454642 -0.01603360656 )


yPlus yPlus execute:
    patch Bottom y+ : min = 25.52178952, max = 261.4012313, average = 131.7860939
    patch Top y+ : min = 45.30311907, max = 282.7704517, average = 157.7522628
    patch e423_0 y+ : min = 16.25647663, max = 661.1866811, average = 350.8253313


################################################################################

Time = 289

Outer Loop Iteration = 289
smoothSolver:  Solving for Ux, Initial residual = 2.158780098e-07, Final residual = 2.425361751e-09, No Iterations 2
smoothSolver:  Solving for Uz, Initial residual = 3.892024443e-07, Final residual = 6.733205528e-09, No Iterations 2
GAMG:  Solving for p, Initial residual = 3.439761847e-07, Final residual = 1.560356061e-09, No Iterations 3
GAMG:  Solving for p, Initial residual = 2.90998551e-08, Final residual = 2.859861896e-10, No Iterations 2
GAMG:  Solving for p, Initial residual = 5.062821747e-09, Final residual = 5.674973152e-11, No Iterations 2
time step continuity errors (region0): sum local = 3.408696121e-12, global = -8.27401707e-13, cumulative = -1.369732695e-07
smoothSolver:  Solving for omega, Initial residual = 8.042392512e-09, Final residual = 4.959270851e-10, No Iterations 1
smoothSolver:  Solving for k, Initial residual = 7.58663439e-09, Final residual = 4.377878226e-10, No Iterations 1

ExecutionTime = 3.68 s  ExecutionStepTime = 0.01 s  ClockTime = 4 s

forces FR write:
    Sum of forces
        Total    : ( 0.5183982479 0 -2.314332092 )
        Pressure : ( 0.4816527356 0 -2.31248613 )
        Viscous  : ( 0.03674551223 0 -0.001845961944 )
    Sum of moments
        Total    : ( -1.122787717 0.6445307185 -0.2514985586 )
        Pressure : ( -1.121892157 0.6469097822 -0.23367164 )
        Viscous  : ( -0.0008955600644 -0.002379063661 -0.01782691859 )


liftDrag LD execute:
Viscous drag: 0.003051454054, pressure drag: 0.03999784202, porous drag: 0
Viscous lift: -0.000153294041, pressure lift: -0.1920355644, porous lift: 0
Total lift: -0.1921888584, Front lift: -0.04257072644, Rear lift: -0.149618132, Drag: 0.04304929607
Location of Center of Mass: ( 0.15305161 0.4851454642 -0.0449368109 )
Location of Center Of Pressure: ( 0.2820867907 0.4851454642 -0.01603360733 )


yPlus yPlus execute:
    patch Bottom y+ : min = 25.52144541, max = 261.4014638, average = 131.7861661
    patch Top y+ : min = 45.30308846, max = 282.770931, average = 157.7524342
    patch e423_0 y+ : min = 16.25647562, max = 661.1866782, average = 350.8253202


################################################################################

Time = 290

Outer Loop Iteration = 290
smoothSolver:  Solving for Ux, Initial residual = 2.047953443e-07, Final residual = 2.303498893e-09, No Iterations 2
smoothSolver:  Solving for Uz, Initial residual = 3.672288895e-07, Final residual = 6.533723417e-09, No Iterations 2
GAMG:  Solving for p, Initial residual = 3.313980073e-07, Final residual = 1.441180228e-09, No Iterations 3
GAMG:  Solving for p, Initial residual = 2.764073469e-08, Final residual = 2.621349733e-10, No Iterations 2
GAMG:  Solving for p, Initial residual = 4.786257482e-09, Final residual = 5.150365494e-11, No Iterations 2
time step continuity errors (region0): sum local = 3.093631051e-12, global = -6.744576721e-13, cumulative = -1.369739439e-07
smoothSolver:  Solving for omega, Initial residual = 7.730430264e-09, Final residual = 4.752583871e-10, No Iterations 1
smoothSolver:  Solving for k, Initial residual = 7.225752865e-09, Final residual = 4.227443299e-10, No Iterations 1

ExecutionTime = 3.69 s  ExecutionStepTime = 0.01 s  ClockTime = 4 s

forces FR write:
    Sum of forces
        Total    : ( 0.5183982378 0 -2.314332068 )
        Pressure : ( 0.4816527269 0 -2.312486106 )
        Viscous  : ( 0.03674551093 0 -0.001845961887 )
    Sum of moments
        Total    : ( -1.122787706 0.6445307012 -0.2514985537 )
        Pressure : ( -1.121892146 0.6469097648 -0.2336716358 )
        Viscous  : ( -0.0008955600364 -0.002379063607 -0.01782691796 )


liftDrag LD execute:
Viscous drag: 0.003051453946, pressure drag: 0.03999784129, porous drag: 0
Viscous lift: -0.0001532940362, pressure lift: -0.1920355623, porous lift: 0
Total lift: -0.1921888564, Front lift: -0.04257072687, Rear lift: -0.1496181295, Drag: 0.04304929524
Location of Center of Mass: ( 0.15305161 0.4851454642 -0.0449368109 )
Location of Center Of Pressure: ( 0.2820867863 0.4851454642 -0.01603360856 )


yPlus yPlus execute:
    patch Bottom y+ : min = 25.52112795, max = 261.4016623, average = 131.7862254
    patch Top y+ : min = 45.3030615, max = 282.7713822, average = 157.752592
    patch e423_0 y+ : min = 16.2564746, max = 661.1866757, average = 350.8253102


################################################################################

Time = 291

Outer Loop Iteration = 291
smoothSolver:  Solving for Ux, Initial residual = 1.945009227e-07, Final residual = 2.188760273e-09, No Iterations 2
smoothSolver:  Solving for Uz, Initial residual = 3.462710314e-07, Final residual = 6.355588612e-09, No Iterations 2
GAMG:  Solving for p, Initial residual = 3.182411059e-07, Final residual = 1.340645121e-09, No Iterations 3
GAMG:  Solving for p, Initial residual = 2.624009069e-08, Final residual = 2.494189437e-10, No Iterations 2
GAMG:  Solving for p, Initial residual = 4.513290698e-09, Final residual = 4.782554675e-11, No Iterations 2
time step continuity errors (region0): sum local = 2.872630601e-12, global = -6.29967532e-13, cumulative = -1.369745739e-07
smoothSolver:  Solving for omega, Initial residual = 7.43259128e-09, Final residual = 4.545177545e-10, No Iterations 1
smoothSolver:  Solving for k, Initial residual = 6.883061231e-09, Final residual = 4.075083298e-10, No Iterations 1

ExecutionTime = 3.7 s  ExecutionStepTime = 0.01 s  ClockTime = 4 s

forces FR write:
    Sum of forces
        Total    : ( 0.5183982264 0 -2.31433206 )
        Pressure : ( 0.4816527166 0 -2.312486098 )
        Viscous  : ( 0.03674550974 0 -0.001845961849 )
    Sum of moments
        Total    : ( -1.122787702 0.6445306874 -0.2514985482 )
        Pressure : ( -1.121892142 0.6469097509 -0.2336716308 )
        Viscous  : ( -0.000895560018 -0.002379063554 -0.01782691738 )


liftDrag LD execute:
Viscous drag: 0.003051453848, pressure drag: 0.03999784044, porous drag: 0
Viscous lift: -0.0001532940331, pressure lift: -0.1920355617, porous lift: 0
Total lift: -0.1921888557, Front lift: -0.04257072768, Rear lift: -0.149618128, Drag: 0.04304929429
Location of Center of Mass: ( 0.15305161 0.4851454642 -0.0449368109 )
Location of Center Of Pressure: ( 0.2820867816 0.4851454642 -0.01603361015 )


yPlus yPlus execute:
    patch Bottom y+ : min = 25.52083854, max = 261.4018275, average = 131.7862723
    patch Top y+ : min = 45.30303808, max = 282.7718036, average = 157.7527355
    patch e423_0 y+ : min = 16.25647359, max = 661.1866736, average = 350.8253012


################################################################################

Time = 292

Outer Loop Iteration = 292
smoothSolver:  Solving for Ux, Initial residual = 1.847683143e-07, Final residual = 2.08167125e-09, No Iterations 2
smoothSolver:  Solving for Uz, Initial residual = 3.265477142e-07, Final residual = 6.195997272e-09, No Iterations 2
GAMG:  Solving for p, Initial residual = 3.043009978e-07, Final residual = 1.24315537e-09, No Iterations 3
GAMG:  Solving for p, Initial residual = 2.492985589e-08, Final residual = 2.375484634e-10, No Iterations 2
GAMG:  Solving for p, Initial residual = 4.254842612e-09, Final residual = 4.479117841e-11, No Iterations 2
time step continuity errors (region0): sum local = 2.690476937e-12, global = -5.94535481e-13, cumulative = -1.369751684e-07
smoothSolver:  Solving for omega, Initial residual = 7.140292752e-09, Final residual = 4.338574813e-10, No Iterations 1
smoothSolver:  Solving for k, Initial residual = 6.559645837e-09, Final residual = 3.922291557e-10, No Iterations 1

ExecutionTime = 3.71 s  ExecutionStepTime = 0.01 s  ClockTime = 4 s

forces FR write:
    Sum of forces
        Total    : ( 0.518398214 0 -2.314332065 )
        Pressure : ( 0.4816527053 0 -2.312486104 )
        Viscous  : ( 0.03674550868 0 -0.001845961828 )
    Sum of moments
        Total    : ( -1.122787704 0.6445306767 -0.2514985422 )
        Pressure : ( -1.121892144 0.6469097402 -0.2336716253 )
        Viscous  : ( -0.000895560008 -0.002379063503 -0.01782691687 )


liftDrag LD execute:
Viscous drag: 0.00305145376, pressure drag: 0.0399978395, porous drag: 0
Viscous lift: -0.0001532940314, pressure lift: -0.1920355621, porous lift: 0
Total lift: -0.1921888562, Front lift: -0.04257072879, Rear lift: -0.1496181274, Drag: 0.04304929326
Location of Center of Mass: ( 0.15305161 0.4851454642 -0.0449368109 )
Location of Center Of Pressure: ( 0.2820867767 0.4851454642 -0.01603361202 )


yPlus yPlus execute:
    patch Bottom y+ : min = 25.52057796, max = 261.4019603, average = 131.7863074
    patch Top y+ : min = 45.30301814, max = 282.7721941, average = 157.7528646
    patch e423_0 y+ : min = 16.25647262, max = 661.1866718, average = 350.8252931


################################################################################

Time = 293

Outer Loop Iteration = 293
smoothSolver:  Solving for Ux, Initial residual = 1.753754138e-07, Final residual = 1.977228784e-09, No Iterations 2
smoothSolver:  Solving for Uz, Initial residual = 3.082438141e-07, Final residual = 6.027938327e-09, No Iterations 2
GAMG:  Solving for p, Initial residual = 2.898809276e-07, Final residual = 1.167208924e-09, No Iterations 3
GAMG:  Solving for p, Initial residual = 2.372628096e-08, Final residual = 2.284891736e-10, No Iterations 2
GAMG:  Solving for p, Initial residual = 4.009712509e-09, Final residual = 4.22315167e-11, No Iterations 2
time step continuity errors (region0): sum local = 2.536786902e-12, global = -5.569351195e-13, cumulative = -1.369757254e-07
smoothSolver:  Solving for omega, Initial residual = 6.854461281e-09, Final residual = 4.132782306e-10, No Iterations 1
smoothSolver:  Solving for k, Initial residual = 6.241932788e-09, Final residual = 3.773174082e-10, No Iterations 1

ExecutionTime = 3.72 s  ExecutionStepTime = 0.01 s  ClockTime = 4 s

forces FR write:
    Sum of forces
        Total    : ( 0.518398201 0 -2.314332082 )
        Pressure : ( 0.4816526932 0 -2.31248612 )
        Viscous  : ( 0.03674550773 0 -0.001845961823 )
    Sum of moments
        Total    : ( -1.122787712 0.6445306688 -0.2514985359 )
        Pressure : ( -1.121892152 0.6469097322 -0.2336716195 )
        Viscous  : ( -0.0008955600053 -0.002379063454 -0.0178269164 )


liftDrag LD execute:
Viscous drag: 0.003051453681, pressure drag: 0.0399978385, porous drag: 0
Viscous lift: -0.0001532940309, pressure lift: -0.1920355635, porous lift: 0
Total lift: -0.1921888575, Front lift: -0.04257073014, Rear lift: -0.1496181274, Drag: 0.04304929218
Location of Center of Mass: ( 0.15305161 0.4851454642 -0.0449368109 )
Location of Center Of Pressure: ( 0.2820867716 0.4851454642 -0.01603361409 )


yPlus yPlus execute:
    patch Bottom y+ : min = 25.52034656, max = 261.4020621, average = 131.7863312
    patch Top y+ : min = 45.30300156, max = 282.7725528, average = 157.7529792
    patch e423_0 y+ : min = 16.25647169, max = 661.1866703, average = 350.825286


################################################################################

Time = 294

Outer Loop Iteration = 294
smoothSolver:  Solving for Ux, Initial residual = 1.665933443e-07, Final residual = 1.878037468e-09, No Iterations 2
smoothSolver:  Solving for Uz, Initial residual = 2.903551938e-07, Final residual = 5.859506681e-09, No Iterations 2
GAMG:  Solving for p, Initial residual = 2.752148365e-07, Final residual = 1.093596242e-09, No Iterations 3
GAMG:  Solving for p, Initial residual = 2.253637763e-08, Final residual = 2.223245588e-10, No Iterations 2
GAMG:  Solving for p, Initial residual = 3.778102141e-09, Final residual = 4.088887531e-11, No Iterations 2
time step continuity errors (region0): sum local = 2.45596109e-12, global = -5.496964392e-13, cumulative = -1.369762751e-07
smoothSolver:  Solving for omega, Initial residual = 6.574706116e-09, Final residual = 3.929518986e-10, No Iterations 1
smoothSolver:  Solving for k, Initial residual = 5.940110259e-09, Final residual = 3.627669427e-10, No Iterations 1

ExecutionTime = 3.73 s  ExecutionStepTime = 0.01 s  ClockTime = 4 s

forces FR write:
    Sum of forces
        Total    : ( 0.5183981878 0 -2.314332108 )
        Pressure : ( 0.4816526809 0 -2.312486146 )
        Viscous  : ( 0.03674550688 0 -0.00184596183 )
    Sum of moments
        Total    : ( -1.122787725 0.6445306633 -0.2514985294 )
        Pressure : ( -1.121892165 0.6469097267 -0.2336716135 )
        Viscous  : ( -0.0008955600089 -0.002379063408 -0.01782691599 )


liftDrag LD execute:
Viscous drag: 0.003051453611, pressure drag: 0.03999783747, porous drag: 0
Viscous lift: -0.0001532940315, pressure lift: -0.1920355656, porous lift: 0
Total lift: -0.1921888597, Front lift: -0.04257073166, Rear lift: -0.149618128, Drag: 0.04304929108
Location of Center of Mass: ( 0.15305161 0.4851454642 -0.0449368109 )
Location of Center Of Pressure: ( 0.2820867665 0.4851454642 -0.01603361629 )


yPlus yPlus execute:
    patch Bottom y+ : min = 25.52014432, max = 261.4021346, average = 131.7863445
    patch Top y+ : min = 45.30298822, max = 282.7728795, average = 157.7530794
    patch e423_0 y+ : min = 16.25647081, max = 661.1866692, average = 350.8252798


################################################################################

Time = 295

Outer Loop Iteration = 295
smoothSolver:  Solving for Ux, Initial residual = 1.581194227e-07, Final residual = 1.78196735e-09, No Iterations 2
smoothSolver:  Solving for Uz, Initial residual = 2.739836834e-07, Final residual = 5.661006473e-09, No Iterations 2
GAMG:  Solving for p, Initial residual = 2.606428884e-07, Final residual = 1.039749591e-09, No Iterations 3
GAMG:  Solving for p, Initial residual = 2.137466208e-08, Final residual = 2.113040167e-10, No Iterations 2
GAMG:  Solving for p, Initial residual = 3.566057068e-09, Final residual = 3.918840087e-11, No Iterations 2
time step continuity errors (region0): sum local = 2.353869511e-12, global = -5.224498791e-13, cumulative = -1.369767975e-07
smoothSolver:  Solving for omega, Initial residual = 6.300667603e-09, Final residual = 3.732683586e-10, No Iterations 1
smoothSolver:  Solving for k, Initial residual = 5.657466032e-09, Final residual = 3.483131832e-10, No Iterations 1

ExecutionTime = 3.74 s  ExecutionStepTime = 0.01 s  ClockTime = 4 s

forces FR write:
    Sum of forces
        Total    : ( 0.5183981746 0 -2.31433214 )
        Pressure : ( 0.4816526685 0 -2.312486179 )
        Viscous  : ( 0.03674550614 0 -0.001845961848 )
    Sum of moments
        Total    : ( -1.122787741 0.6445306599 -0.2514985231 )
        Pressure : ( -1.121892181 0.6469097233 -0.2336716074 )
        Viscous  : ( -0.0008955600177 -0.002379063364 -0.01782691563 )


liftDrag LD execute:
Viscous drag: 0.003051453549, pressure drag: 0.03999783644, porous drag: 0
Viscous lift: -0.000153294033, pressure lift: -0.1920355684, porous lift: 0
Total lift: -0.1921888624, Front lift: -0.0425707333, Rear lift: -0.1496181291, Drag: 0.04304928999
Location of Center of Mass: ( 0.15305161 0.4851454642 -0.0449368109 )
Location of Center Of Pressure: ( 0.2820867615 0.4851454642 -0.01603361855 )


yPlus yPlus execute:
    patch Bottom y+ : min = 25.5199709, max = 261.4021798, average = 131.7863482
    patch Top y+ : min = 45.30297798, max = 282.7731741, average = 157.7531655
    patch e423_0 y+ : min = 16.25647001, max = 661.1866683, average = 350.8252744


################################################################################

Time = 296

Outer Loop Iteration = 296
smoothSolver:  Solving for Ux, Initial residual = 1.500045581e-07, Final residual = 1.687072496e-09, No Iterations 2
smoothSolver:  Solving for Uz, Initial residual = 2.582174485e-07, Final residual = 5.447287161e-09, No Iterations 2
GAMG:  Solving for p, Initial residual = 2.457596388e-07, Final residual = 9.888254465e-10, No Iterations 3
GAMG:  Solving for p, Initial residual = 2.020977373e-08, Final residual = 6.728697229e-11, No Iterations 3
GAMG:  Solving for p, Initial residual = 3.312816961e-09, Final residual = 2.911454728e-11, No Iterations 2
time step continuity errors (region0): sum local = 1.748860879e-12, global = -2.491987336e-13, cumulative = -1.369770467e-07
smoothSolver:  Solving for omega, Initial residual = 6.033302514e-09, Final residual = 3.542417369e-10, No Iterations 1
smoothSolver:  Solving for k, Initial residual = 5.392193039e-09, Final residual = 3.341601731e-10, No Iterations 1

ExecutionTime = 3.75 s  ExecutionStepTime = 0.01 s  ClockTime = 4 s

forces FR write:
    Sum of forces
        Total    : ( 0.5183981618 0 -2.314332178 )
        Pressure : ( 0.4816526563 0 -2.312486216 )
        Viscous  : ( 0.03674550549 0 -0.001845961875 )
    Sum of moments
        Total    : ( -1.122787759 0.6445306584 -0.2514985169 )
        Pressure : ( -1.121892199 0.6469097217 -0.2336716015 )
        Viscous  : ( -0.0008955600308 -0.002379063323 -0.01782691532 )


liftDrag LD execute:
Viscous drag: 0.003051453495, pressure drag: 0.03999783543, porous drag: 0
Viscous lift: -0.0001532940353, pressure lift: -0.1920355715, porous lift: 0
Total lift: -0.1921888655, Front lift: -0.04257073501, Rear lift: -0.1496181305, Drag: 0.04304928892
Location of Center of Mass: ( 0.15305161 0.4851454642 -0.0449368109 )
Location of Center Of Pressure: ( 0.2820867566 0.4851454642 -0.01603362083 )


yPlus yPlus execute:
    patch Bottom y+ : min = 25.51982573, max = 261.4021998, average = 131.7863431
    patch Top y+ : min = 45.30297064, max = 282.773437, average = 157.7532377
    patch e423_0 y+ : min = 16.25646928, max = 661.1866676, average = 350.8252698


################################################################################

Time = 297

Outer Loop Iteration = 297
smoothSolver:  Solving for Ux, Initial residual = 1.422738351e-07, Final residual = 1.599246055e-09, No Iterations 2
smoothSolver:  Solving for Uz, Initial residual = 2.446486719e-07, Final residual = 5.225536176e-09, No Iterations 2
GAMG:  Solving for p, Initial residual = 2.310178466e-07, Final residual = 9.317976729e-10, No Iterations 3
GAMG:  Solving for p, Initial residual = 1.910692572e-08, Final residual = 6.49118421e-11, No Iterations 3
GAMG:  Solving for p, Initial residual = 3.131857756e-09, Final residual = 2.807094186e-11, No Iterations 2
time step continuity errors (region0): sum local = 1.686244107e-12, global = -2.153104134e-13, cumulative = -1.36977262e-07
smoothSolver:  Solving for omega, Initial residual = 5.772488446e-09, Final residual = 3.359682089e-10, No Iterations 1
smoothSolver:  Solving for k, Initial residual = 5.142126377e-09, Final residual = 3.198544409e-10, No Iterations 1

ExecutionTime = 3.76 s  ExecutionStepTime = 0.01 s  ClockTime = 4 s

forces FR write:
    Sum of forces
        Total    : ( 0.5183981496 0 -2.31433222 )
        Pressure : ( 0.4816526446 0 -2.312486258 )
        Viscous  : ( 0.03674550493 0 -0.001845961909 )
    Sum of moments
        Total    : ( -1.122787779 0.6445306583 -0.2514985109 )
        Pressure : ( -1.121892219 0.6469097216 -0.2336715959 )
        Viscous  : ( -0.0008955600474 -0.002379063285 -0.01782691505 )


liftDrag LD execute:
Viscous drag: 0.003051453448, pressure drag: 0.03999783446, porous drag: 0
Viscous lift: -0.0001532940381, pressure lift: -0.1920355749, porous lift: 0
Total lift: -0.192188869, Front lift: -0.04257073672, Rear lift: -0.1496181322, Drag: 0.04304928791
Location of Center of Mass: ( 0.15305161 0.4851454642 -0.0449368109 )
Location of Center Of Pressure: ( 0.282086752 0.4851454642 -0.01603362307 )


yPlus yPlus execute:
    patch Bottom y+ : min = 25.51970801, max = 261.4021969, average = 131.7863301
    patch Top y+ : min = 45.30296601, max = 282.7736688, average = 157.7532966
    patch e423_0 y+ : min = 16.25646864, max = 661.1866672, average = 350.8252658


################################################################################

Time = 298

Outer Loop Iteration = 298
smoothSolver:  Solving for Ux, Initial residual = 1.349926831e-07, Final residual = 1.521820804e-09, No Iterations 2
smoothSolver:  Solving for Uz, Initial residual = 2.322075303e-07, Final residual = 4.974215056e-09, No Iterations 2
GAMG:  Solving for p, Initial residual = 2.162131711e-07, Final residual = 8.823251194e-10, No Iterations 3
GAMG:  Solving for p, Initial residual = 1.80725524e-08, Final residual = 6.33281592e-11, No Iterations 3
GAMG:  Solving for p, Initial residual = 2.946411751e-09, Final residual = 2.707386328e-11, No Iterations 2
time step continuity errors (region0): sum local = 1.626253329e-12, global = -1.856673801e-13, cumulative = -1.369774477e-07
smoothSolver:  Solving for omega, Initial residual = 5.518378786e-09, Final residual = 3.182861961e-10, No Iterations 1
smoothSolver:  Solving for k, Initial residual = 4.904810505e-09, Final residual = 3.057166803e-10, No Iterations 1

ExecutionTime = 3.77 s  ExecutionStepTime = 0.01 s  ClockTime = 4 s

forces FR write:
    Sum of forces
        Total    : ( 0.518398138 0 -2.314332263 )
        Pressure : ( 0.4816526336 0 -2.312486301 )
        Viscous  : ( 0.03674550444 0 -0.001845961949 )
    Sum of moments
        Total    : ( -1.1227878 0.6445306594 -0.2514985053 )
        Pressure : ( -1.12189224 0.6469097227 -0.2336715905 )
        Viscous  : ( -0.0008955600664 -0.002379063249 -0.01782691481 )


liftDrag LD execute:
Viscous drag: 0.003051453408, pressure drag: 0.03999783354, porous drag: 0
Viscous lift: -0.0001532940414, pressure lift: -0.1920355785, porous lift: 0
Total lift: -0.1921888725, Front lift: -0.04257073842, Rear lift: -0.1496181341, Drag: 0.04304928695
Location of Center of Mass: ( 0.15305161 0.4851454642 -0.0449368109 )
Location of Center Of Pressure: ( 0.2820867476 0.4851454642 -0.01603362523 )


yPlus yPlus execute:
    patch Bottom y+ : min = 25.51961666, max = 261.4021734, average = 131.7863102
    patch Top y+ : min = 45.30296391, max = 282.7738705, average = 157.7533428
    patch e423_0 y+ : min = 16.25646808, max = 661.1866669, average = 350.8252625


################################################################################

Time = 299

Outer Loop Iteration = 299
smoothSolver:  Solving for Ux, Initial residual = 1.27951513e-07, Final residual = 1.455874582e-09, No Iterations 2
smoothSolver:  Solving for Uz, Initial residual = 2.218751574e-07, Final residual = 4.714620329e-09, No Iterations 2
GAMG:  Solving for p, Initial residual = 2.01829534e-07, Final residual = 8.375507686e-10, No Iterations 3
GAMG:  Solving for p, Initial residual = 1.703055507e-08, Final residual = 6.19087806e-11, No Iterations 3
GAMG:  Solving for p, Initial residual = 2.75786569e-09, Final residual = 2.600060209e-11, No Iterations 2
time step continuity errors (region0): sum local = 1.561757454e-12, global = -1.592311865e-13, cumulative = -1.369776069e-07
smoothSolver:  Solving for omega, Initial residual = 5.271828711e-09, Final residual = 3.009046622e-10, No Iterations 1
smoothSolver:  Solving for k, Initial residual = 4.677550621e-09, Final residual = 2.916652505e-10, No Iterations 1

ExecutionTime = 3.78 s  ExecutionStepTime = 0.01 s  ClockTime = 4 s

forces FR write:
    Sum of forces
        Total    : ( 0.5183981274 0 -2.314332306 )
        Pressure : ( 0.4816526234 0 -2.312486344 )
        Viscous  : ( 0.03674550404 0 -0.001845961991 )
    Sum of moments
        Total    : ( -1.122787821 0.6445306615 -0.2514985002 )
        Pressure : ( -1.121892261 0.6469097247 -0.2336715856 )
        Viscous  : ( -0.0008955600872 -0.002379063217 -0.01782691461 )


liftDrag LD execute:
Viscous drag: 0.003051453374, pressure drag: 0.0399978327, porous drag: 0
Viscous lift: -0.0001532940449, pressure lift: -0.1920355821, porous lift: 0
Total lift: -0.1921888762, Front lift: -0.04257074006, Rear lift: -0.1496181361, Drag: 0.04304928607
Location of Center of Mass: ( 0.15305161 0.4851454642 -0.0449368109 )
Location of Center Of Pressure: ( 0.2820867436 0.4851454642 -0.01603362727 )


yPlus yPlus execute:
    patch Bottom y+ : min = 25.51955038, max = 261.4021316, average = 131.7862842
    patch Top y+ : min = 45.3029641, max = 282.7740429, average = 157.7533769
    patch e423_0 y+ : min = 16.25646761, max = 661.1866668, average = 350.8252598


################################################################################

Time = 300

Outer Loop Iteration = 300
smoothSolver:  Solving for Ux, Initial residual = 1.21130353e-07, Final residual = 1.397695869e-09, No Iterations 2
smoothSolver:  Solving for Uz, Initial residual = 2.126048948e-07, Final residual = 4.462311179e-09, No Iterations 2
GAMG:  Solving for p, Initial residual = 1.87417291e-07, Final residual = 8.031651987e-10, No Iterations 3
GAMG:  Solving for p, Initial residual = 1.598360684e-08, Final residual = 6.059001858e-11, No Iterations 3
GAMG:  Solving for p, Initial residual = 2.568130836e-09, Final residual = 2.503050895e-11, No Iterations 2
time step continuity errors (region0): sum local = 1.503462857e-12, global = -1.180725889e-13, cumulative = -1.36977725e-07
smoothSolver:  Solving for omega, Initial residual = 5.033212542e-09, Final residual = 2.864767384e-10, No Iterations 1
smoothSolver:  Solving for k, Initial residual = 4.463209527e-09, Final residual = 2.779304863e-10, No Iterations 1

ExecutionTime = 3.79 s  ExecutionStepTime = 0.01 s  ClockTime = 4 s

forces FR write:
    Sum of forces
        Total    : ( 0.5183981178 0 -2.314332349 )
        Pressure : ( 0.4816526141 0 -2.312486387 )
        Viscous  : ( 0.03674550369 0 -0.001845962036 )
    Sum of moments
        Total    : ( -1.122787842 0.6445306643 -0.2514984955 )
        Pressure : ( -1.121892282 0.6469097275 -0.2336715811 )
        Viscous  : ( -0.0008955601089 -0.002379063188 -0.01782691445 )


liftDrag LD execute:
Viscous drag: 0.003051453346, pressure drag: 0.03999783193, porous drag: 0
Viscous lift: -0.0001532940487, pressure lift: -0.1920355857, porous lift: 0
Total lift: -0.1921888797, Front lift: -0.04257074161, Rear lift: -0.1496181381, Drag: 0.04304928527
Location of Center of Mass: ( 0.15305161 0.4851454642 -0.0449368109 )
Location of Center Of Pressure: ( 0.2820867399 0.4851454642 -0.01603362916 )


yPlus yPlus execute:
    patch Bottom y+ : min = 25.51950766, max = 261.4020738, average = 131.786253
    patch Top y+ : min = 45.30296638, max = 282.7741872, average = 157.7533997
    patch e423_0 y+ : min = 16.25646722, max = 661.1866668, average = 350.8252576


################################################################################

Time = 301

Outer Loop Iteration = 301
smoothSolver:  Solving for Ux, Initial residual = 1.145746514e-07, Final residual = 1.346789186e-09, No Iterations 2
smoothSolver:  Solving for Uz, Initial residual = 2.049254332e-07, Final residual = 4.233958324e-09, No Iterations 2
GAMG:  Solving for p, Initial residual = 1.739717863e-07, Final residual = 7.743233658e-10, No Iterations 3
GAMG:  Solving for p, Initial residual = 1.493153197e-08, Final residual = 5.917441863e-11, No Iterations 3
GAMG:  Solving for p, Initial residual = 2.389381019e-09, Final residual = 9.928478459e-11, No Iterations 1
time step continuity errors (region0): sum local = 5.963642937e-12, global = -2.486447491e-13, cumulative = -1.369779736e-07
smoothSolver:  Solving for omega, Initial residual = 4.801924296e-09, Final residual = 2.74053485e-10, No Iterations 1
smoothSolver:  Solving for k, Initial residual = 4.256658089e-09, Final residual = 2.645133744e-10, No Iterations 1

ExecutionTime = 3.8 s  ExecutionStepTime = 0.01 s  ClockTime = 4 s

forces FR write:
    Sum of forces
        Total    : ( 0.5183981093 0 -2.31433239 )
        Pressure : ( 0.4816526059 0 -2.312486428 )
        Viscous  : ( 0.03674550341 0 -0.001845962081 )
    Sum of moments
        Total    : ( -1.122787862 0.6445306675 -0.2514984914 )
        Pressure : ( -1.121892302 0.6469097307 -0.2336715771 )
        Viscous  : ( -0.0008955601309 -0.002379063161 -0.01782691431 )


liftDrag LD execute:
Viscous drag: 0.003051453322, pressure drag: 0.03999783125, porous drag: 0
Viscous lift: -0.0001532940524, pressure lift: -0.1920355891, porous lift: 0
Total lift: -0.1921888831, Front lift: -0.04257074304, Rear lift: -0.1496181401, Drag: 0.04304928457
Location of Center of Mass: ( 0.15305161 0.4851454642 -0.0449368109 )
Location of Center Of Pressure: ( 0.2820867366 0.4851454642 -0.01603363088 )


yPlus yPlus execute:
    patch Bottom y+ : min = 25.5194869, max = 261.4020021, average = 131.7862176
    patch Top y+ : min = 45.30297047, max = 282.7743048, average = 157.7534119
    patch e423_0 y+ : min = 16.25646693, max = 661.1866669, average = 350.8252558


################################################################################

Time = 302

Outer Loop Iteration = 302
smoothSolver:  Solving for Ux, Initial residual = 1.085104571e-07, Final residual = 1.296524254e-09, No Iterations 2
smoothSolver:  Solving for Uz, Initial residual = 1.984478087e-07, Final residual = 4.008358172e-09, No Iterations 2
GAMG:  Solving for p, Initial residual = 1.613315266e-07, Final residual = 7.495536545e-10, No Iterations 3
GAMG:  Solving for p, Initial residual = 1.39372431e-08, Final residual = 5.867346497e-11, No Iterations 3
GAMG:  Solving for p, Initial residual = 2.219837441e-09, Final residual = 9.357928339e-11, No Iterations 1
time step continuity errors (region0): sum local = 5.620883175e-12, global = -2.262395617e-13, cumulative = -1.369781999e-07
smoothSolver:  Solving for omega, Initial residual = 4.581157877e-09, Final residual = 2.629714493e-10, No Iterations 1
smoothSolver:  Solving for k, Initial residual = 4.059412015e-09, Final residual = 2.5362074e-10, No Iterations 1

ExecutionTime = 3.81 s  ExecutionStepTime = 0.01 s  ClockTime = 4 s

forces FR write:
    Sum of forces
        Total    : ( 0.518398102 0 -2.314332429 )
        Pressure : ( 0.4816525988 0 -2.312486467 )
        Viscous  : ( 0.03674550319 0 -0.001845962126 )
    Sum of moments
        Total    : ( -1.122787881 0.6445306711 -0.2514984878 )
        Pressure : ( -1.12189232 0.6469097343 -0.2336715736 )
        Viscous  : ( -0.0008955601525 -0.002379063138 -0.0178269142 )


liftDrag LD execute:
Viscous drag: 0.003051453304, pressure drag: 0.03999783065, porous drag: 0
Viscous lift: -0.0001532940561, pressure lift: -0.1920355923, porous lift: 0
Total lift: -0.1921888864, Front lift: -0.04257074436, Rear lift: -0.149618142, Drag: 0.04304928396
Location of Center of Mass: ( 0.15305161 0.4851454642 -0.0449368109 )
Location of Center Of Pressure: ( 0.2820867338 0.4851454642 -0.01603363242 )


yPlus yPlus execute:
    patch Bottom y+ : min = 25.51948641, max = 261.4019185, average = 131.7861786
    patch Top y+ : min = 45.30297635, max = 282.7743971, average = 157.7534143
    patch e423_0 y+ : min = 16.25646672, max = 661.1866671, average = 350.8252544


################################################################################

Time = 303

Outer Loop Iteration = 303
smoothSolver:  Solving for Ux, Initial residual = 1.032101609e-07, Final residual = 1.24790626e-09, No Iterations 2
smoothSolver:  Solving for Uz, Initial residual = 1.926742012e-07, Final residual = 3.776020845e-09, No Iterations 2
GAMG:  Solving for p, Initial residual = 1.494534899e-07, Final residual = 7.233631204e-10, No Iterations 3
GAMG:  Solving for p, Initial residual = 1.29378288e-08, Final residual = 5.76745974e-11, No Iterations 3
GAMG:  Solving for p, Initial residual = 2.052036237e-09, Final residual = 8.762263086e-11, No Iterations 1
time step continuity errors (region0): sum local = 5.263240488e-12, global = -1.944955616e-13, cumulative = -1.369783944e-07
smoothSolver:  Solving for omega, Initial residual = 4.367344977e-09, Final residual = 2.526693208e-10, No Iterations 1
smoothSolver:  Solving for k, Initial residual = 3.874196882e-09, Final residual = 2.435002722e-10, No Iterations 1

ExecutionTime = 3.82 s  ExecutionStepTime = 0.01 s  ClockTime = 4 s

forces FR write:
    Sum of forces
        Total    : ( 0.5183980958 0 -2.314332465 )
        Pressure : ( 0.4816525928 0 -2.312486502 )
        Viscous  : ( 0.03674550301 0 -0.001845962168 )
    Sum of moments
        Total    : ( -1.122787898 0.6445306748 -0.2514984849 )
        Pressure : ( -1.121892338 0.6469097379 -0.2336715707 )
        Viscous  : ( -0.0008955601731 -0.002379063118 -0.01782691412 )


liftDrag LD execute:
Viscous drag: 0.003051453289, pressure drag: 0.03999783016, porous drag: 0
Viscous lift: -0.0001532940596, pressure lift: -0.1920355952, porous lift: 0
Total lift: -0.1921888893, Front lift: -0.04257074552, Rear lift: -0.1496181438, Drag: 0.04304928345
Location of Center of Mass: ( 0.15305161 0.4851454642 -0.0449368109 )
Location of Center Of Pressure: ( 0.2820867313 0.4851454642 -0.01603363376 )


yPlus yPlus execute:
    patch Bottom y+ : min = 25.51950448, max = 261.401825, average = 131.7861369
    patch Top y+ : min = 45.30298364, max = 282.7744653, average = 157.7534078
    patch e423_0 y+ : min = 16.25646659, max = 661.1866674, average = 350.8252534


################################################################################

Time = 304

Outer Loop Iteration = 304
smoothSolver:  Solving for Ux, Initial residual = 9.826644196e-08, Final residual = 1.20135787e-09, No Iterations 2
smoothSolver:  Solving for Uz, Initial residual = 1.878123003e-07, Final residual = 3.543612591e-09, No Iterations 2
GAMG:  Solving for p, Initial residual = 1.376571878e-07, Final residual = 6.988995781e-10, No Iterations 3
GAMG:  Solving for p, Initial residual = 1.195212704e-08, Final residual = 5.674633691e-11, No Iterations 3
GAMG:  Solving for p, Initial residual = 1.896875301e-09, Final residual = 8.242607198e-11, No Iterations 1
time step continuity errors (region0): sum local = 4.950972262e-12, global = -1.609427374e-13, cumulative = -1.369785553e-07
smoothSolver:  Solving for omega, Initial residual = 4.161496111e-09, Final residual = 2.436243389e-10, No Iterations 1
smoothSolver:  Solving for k, Initial residual = 3.705425207e-09, Final residual = 2.344895252e-10, No Iterations 1

ExecutionTime = 3.83 s  ExecutionStepTime = 0.01 s  ClockTime = 4 s

forces FR write:
    Sum of forces
        Total    : ( 0.5183980909 0 -2.314332496 )
        Pressure : ( 0.481652588 0 -2.312486534 )
        Viscous  : ( 0.03674550288 0 -0.001845962208 )
    Sum of moments
        Total    : ( -1.122787913 0.6445306785 -0.2514984825 )
        Pressure : ( -1.121892353 0.6469097416 -0.2336715684 )
        Viscous  : ( -0.0008955601923 -0.0023790631 -0.01782691405 )


liftDrag LD execute:
Viscous drag: 0.003051453278, pressure drag: 0.03999782976, porous drag: 0
Viscous lift: -0.0001532940629, pressure lift: -0.1920355979, porous lift: 0
Total lift: -0.1921888919, Front lift: -0.04257074653, Rear lift: -0.1496181454, Drag: 0.04304928304
Location of Center of Mass: ( 0.15305161 0.4851454642 -0.0449368109 )
Location of Center Of Pressure: ( 0.2820867292 0.4851454642 -0.01603363489 )


yPlus yPlus execute:
    patch Bottom y+ : min = 25.51953942, max = 261.4017236, average = 131.7860932
    patch Top y+ : min = 45.30299222, max = 282.7745109, average = 157.7533932
    patch e423_0 y+ : min = 16.25646654, max = 661.1866677, average = 350.8252526


################################################################################

Time = 305

Outer Loop Iteration = 305
smoothSolver:  Solving for Ux, Initial residual = 9.402676791e-08, Final residual = 1.153867596e-09, No Iterations 2
smoothSolver:  Solving for Uz, Initial residual = 1.826196397e-07, Final residual = 3.324666158e-09, No Iterations 2
GAMG:  Solving for p, Initial residual = 1.265657021e-07, Final residual = 6.750169302e-10, No Iterations 3
GAMG:  Solving for p, Initial residual = 1.098297591e-08, Final residual = 5.582845027e-11, No Iterations 3
GAMG:  Solving for p, Initial residual = 1.752069179e-09, Final residual = 7.797535694e-11, No Iterations 1
time step continuity errors (region0): sum local = 4.683464677e-12, global = -1.259456733e-13, cumulative = -1.369786813e-07
smoothSolver:  Solving for omega, Initial residual = 3.965659047e-09, Final residual = 2.348442103e-10, No Iterations 1
smoothSolver:  Solving for k, Initial residual = 3.54741957e-09, Final residual = 2.258300629e-10, No Iterations 1

ExecutionTime = 3.84 s  ExecutionStepTime = 0.01 s  ClockTime = 4 s

forces FR write:
    Sum of forces
        Total    : ( 0.5183980872 0 -2.314332524 )
        Pressure : ( 0.4816525844 0 -2.312486561 )
        Viscous  : ( 0.03674550278 0 -0.001845962244 )
    Sum of moments
        Total    : ( -1.122787927 0.644530682 -0.2514984807 )
        Pressure : ( -1.121892366 0.6469097451 -0.2336715667 )
        Viscous  : ( -0.0008955602099 -0.002379063086 -0.017826914 )


liftDrag LD execute:
Viscous drag: 0.003051453269, pressure drag: 0.03999782946, porous drag: 0
Viscous lift: -0.0001532940659, pressure lift: -0.1920356001, porous lift: 0
Total lift: -0.1921888942, Front lift: -0.04257074738, Rear lift: -0.1496181468, Drag: 0.04304928273
Location of Center of Mass: ( 0.15305161 0.4851454642 -0.0449368109 )
Location of Center Of Pressure: ( 0.2820867276 0.4851454642 -0.01603363581 )


yPlus yPlus execute:
    patch Bottom y+ : min = 25.51958957, max = 261.4016159, average = 131.7860481
    patch Top y+ : min = 45.30300188, max = 282.7745357, average = 157.7533712
    patch e423_0 y+ : min = 16.25646656, max = 661.1866681, average = 350.8252522


################################################################################

Time = 306

Outer Loop Iteration = 306
smoothSolver:  Solving for Ux, Initial residual = 9.049907053e-08, Final residual = 1.104718352e-09, No Iterations 2
smoothSolver:  Solving for Uz, Initial residual = 1.776385664e-07, Final residual = 3.137735444e-09, No Iterations 2
GAMG:  Solving for p, Initial residual = 1.159052859e-07, Final residual = 6.520415831e-10, No Iterations 3
GAMG:  Solving for p, Initial residual = 1.004291724e-08, Final residual = 5.466977188e-11, No Iterations 3
GAMG:  Solving for p, Initial residual = 1.622683805e-09, Final residual = 7.378988189e-11, No Iterations 1
time step continuity errors (region0): sum local = 4.43215964e-12, global = -1.1816283e-13, cumulative = -1.369787994e-07
smoothSolver:  Solving for omega, Initial residual = 3.777009215e-09, Final residual = 2.265949216e-10, No Iterations 1
smoothSolver:  Solving for k, Initial residual = 3.397484103e-09, Final residual = 2.171930867e-10, No Iterations 1

ExecutionTime = 3.85 s  ExecutionStepTime = 0.01 s  ClockTime = 4 s

forces FR write:
    Sum of forces
        Total    : ( 0.5183980847 0 -2.314332547 )
        Pressure : ( 0.481652582 0 -2.312486584 )
        Viscous  : ( 0.03674550271 0 -0.001845962276 )
    Sum of moments
        Total    : ( -1.122787938 0.6445306853 -0.2514984794 )
        Pressure : ( -1.121892378 0.6469097484 -0.2336715655 )
        Viscous  : ( -0.0008955602254 -0.002379063074 -0.01782691397 )


liftDrag LD execute:
Viscous drag: 0.003051453264, pressure drag: 0.03999782926, porous drag: 0
Viscous lift: -0.0001532940686, pressure lift: -0.1920356021, porous lift: 0
Total lift: -0.1921888961, Front lift: -0.04257074806, Rear lift: -0.1496181481, Drag: 0.04304928252
Location of Center of Mass: ( 0.15305161 0.4851454642 -0.0449368109 )
Location of Center Of Pressure: ( 0.2820867263 0.4851454642 -0.01603363652 )


yPlus yPlus execute:
    patch Bottom y+ : min = 25.51965322, max = 261.4015035, average = 131.7860022
    patch Top y+ : min = 45.30301243, max = 282.7745409, average = 157.7533429
    patch e423_0 y+ : min = 16.25646665, max = 661.1866685, average = 350.8252519


################################################################################

Time = 307

Outer Loop Iteration = 307
smoothSolver:  Solving for Ux, Initial residual = 8.719398991e-08, Final residual = 1.061131917e-09, No Iterations 2
smoothSolver:  Solving for Uz, Initial residual = 1.729528742e-07, Final residual = 2.979977378e-09, No Iterations 2
GAMG:  Solving for p, Initial residual = 1.058205624e-07, Final residual = 6.301520811e-10, No Iterations 3
GAMG:  Solving for p, Initial residual = 9.452044832e-09, Final residual = 5.352920329e-11, No Iterations 3
GAMG:  Solving for p, Initial residual = 1.555662315e-09, Final residual = 7.0148912e-11, No Iterations 1
time step continuity errors (region0): sum local = 4.213399418e-12, global = -7.285803237e-14, cumulative = -1.369788723e-07
smoothSolver:  Solving for omega, Initial residual = 3.595623796e-09, Final residual = 2.186887234e-10, No Iterations 1
smoothSolver:  Solving for k, Initial residual = 3.255532595e-09, Final residual = 2.090461415e-10, No Iterations 1

ExecutionTime = 3.86 s  ExecutionStepTime = 0.01 s  ClockTime = 4 s

forces FR write:
    Sum of forces
        Total    : ( 0.5183980833 0 -2.314332565 )
        Pressure : ( 0.4816525806 0 -2.312486603 )
        Viscous  : ( 0.03674550266 0 -0.001845962304 )
    Sum of moments
        Total    : ( -1.122787947 0.6445306883 -0.2514984788 )
        Pressure : ( -1.121892386 0.6469097513 -0.2336715648 )
        Viscous  : ( -0.0008955602387 -0.002379063065 -0.01782691395 )


liftDrag LD execute:
Viscous drag: 0.00305145326, pressure drag: 0.03999782914, porous drag: 0
Viscous lift: -0.0001532940709, pressure lift: -0.1920356036, porous lift: 0
Total lift: -0.1921888977, Front lift: -0.04257074858, Rear lift: -0.1496181491, Drag: 0.0430492824
Location of Center of Mass: ( 0.15305161 0.4851454642 -0.0449368109 )
Location of Center Of Pressure: ( 0.2820867255 0.4851454642 -0.01603363702 )


yPlus yPlus execute:
    patch Bottom y+ : min = 25.51972869, max = 261.4013879, average = 131.7859561
    patch Top y+ : min = 45.3030237, max = 282.7745283, average = 157.7533088
    patch e423_0 y+ : min = 16.2564668, max = 661.1866688, average = 350.8252517


################################################################################

Time = 308

Outer Loop Iteration = 308
smoothSolver:  Solving for Ux, Initial residual = 8.410866658e-08, Final residual = 1.017526876e-09, No Iterations 2
smoothSolver:  Solving for Uz, Initial residual = 1.686704073e-07, Final residual = 2.851151258e-09, No Iterations 2
GAMG:  Solving for p, Initial residual = 9.754829059e-08, Final residual = 6.095346837e-10, No Iterations 3
GAMG:  Solving for p, Initial residual = 8.919321414e-09, Final residual = 5.232718481e-11, No Iterations 3
GAMG:  Solving for p, Initial residual = 1.503754488e-09, Final residual = 6.688454985e-11, No Iterations 1
time step continuity errors (region0): sum local = 4.017427187e-12, global = -2.850633485e-15, cumulative = -1.369788751e-07
smoothSolver:  Solving for omega, Initial residual = 3.422245414e-09, Final residual = 2.110224244e-10, No Iterations 1
smoothSolver:  Solving for k, Initial residual = 3.117439535e-09, Final residual = 2.008218171e-10, No Iterations 1

ExecutionTime = 3.87 s  ExecutionStepTime = 0.01 s  ClockTime = 4 s

forces FR write:
    Sum of forces
        Total    : ( 0.518398083 0 -2.314332579 )
        Pressure : ( 0.4816525803 0 -2.312486617 )
        Viscous  : ( 0.03674550264 0 -0.001845962326 )
    Sum of moments
        Total    : ( -1.122787953 0.6445306908 -0.2514984786 )
        Pressure : ( -1.121892393 0.6469097539 -0.2336715647 )
        Viscous  : ( -0.0008955602497 -0.002379063057 -0.01782691393 )


liftDrag LD execute:
Viscous drag: 0.003051453258, pressure drag: 0.03999782912, porous drag: 0
Viscous lift: -0.0001532940728, pressure lift: -0.1920356047, porous lift: 0
Total lift: -0.1921888988, Front lift: -0.04257074894, Rear lift: -0.1496181499, Drag: 0.04304928238
Location of Center of Mass: ( 0.15305161 0.4851454642 -0.0449368109 )
Location of Center Of Pressure: ( 0.282086725 0.4851454642 -0.01603363732 )


yPlus yPlus execute:
    patch Bottom y+ : min = 25.51981429, max = 261.4012705, average = 131.7859103
    patch Top y+ : min = 45.3030355, max = 282.7744993, average = 157.75327
    patch e423_0 y+ : min = 16.256467, max = 661.1866692, average = 350.8252517


################################################################################

Time = 309

Outer Loop Iteration = 309
smoothSolver:  Solving for Ux, Initial residual = 8.113356099e-08, Final residual = 9.746600145e-10, No Iterations 2
smoothSolver:  Solving for Uz, Initial residual = 1.644790439e-07, Final residual = 2.734583199e-09, No Iterations 2
GAMG:  Solving for p, Initial residual = 9.118459367e-08, Final residual = 5.874010237e-10, No Iterations 3
GAMG:  Solving for p, Initial residual = 8.442401421e-09, Final residual = 5.063515861e-11, No Iterations 3
GAMG:  Solving for p, Initial residual = 1.458833783e-09, Final residual = 6.411631416e-11, No Iterations 1
time step continuity errors (region0): sum local = 3.851153288e-12, global = 4.913863005e-15, cumulative = -1.369788702e-07
smoothSolver:  Solving for omega, Initial residual = 3.2578945e-09, Final residual = 2.029727225e-10, No Iterations 1
smoothSolver:  Solving for k, Initial residual = 2.985477772e-09, Final residual = 1.929639659e-10, No Iterations 1

ExecutionTime = 3.88 s  ExecutionStepTime = 0.01 s  ClockTime = 4 s

forces FR write:
    Sum of forces
        Total    : ( 0.5183980836 0 -2.314332588 )
        Pressure : ( 0.481652581 0 -2.312486626 )
        Viscous  : ( 0.03674550263 0 -0.001845962344 )
    Sum of moments
        Total    : ( -1.122787958 0.6445306929 -0.2514984789 )
        Pressure : ( -1.121892398 0.646909756 -0.233671565 )
        Viscous  : ( -0.0008955602584 -0.002379063052 -0.01782691393 )


liftDrag LD execute:
Viscous drag: 0.003051453257, pressure drag: 0.03999782918, porous drag: 0
Viscous lift: -0.0001532940742, pressure lift: -0.1920356055, porous lift: 0
Total lift: -0.1921888996, Front lift: -0.04257074915, Rear lift: -0.1496181504, Drag: 0.04304928243
Location of Center of Mass: ( 0.15305161 0.4851454642 -0.0449368109 )
Location of Center Of Pressure: ( 0.2820867248 0.4851454642 -0.01603363744 )


yPlus yPlus execute:
    patch Bottom y+ : min = 25.51990837, max = 261.4011524, average = 131.7858653
    patch Top y+ : min = 45.30304767, max = 282.7744554, average = 157.753227
    patch e423_0 y+ : min = 16.25646726, max = 661.1866695, average = 350.8252517


################################################################################

Time = 310

Outer Loop Iteration = 310
smoothSolver:  Solving for Ux, Initial residual = 7.804414588e-08, Final residual = 9.363491179e-10, No Iterations 2
smoothSolver:  Solving for Uz, Initial residual = 1.603793485e-07, Final residual = 2.662284044e-09, No Iterations 2
GAMG:  Solving for p, Initial residual = 8.67413059e-08, Final residual = 5.688659787e-10, No Iterations 3
GAMG:  Solving for p, Initial residual = 7.994367221e-09, Final residual = 4.86942063e-11, No Iterations 3
GAMG:  Solving for p, Initial residual = 1.422767835e-09, Final residual = 6.190303718e-11, No Iterations 1
time step continuity errors (region0): sum local = 3.718338012e-12, global = 2.809345833e-14, cumulative = -1.369788421e-07
smoothSolver:  Solving for omega, Initial residual = 3.099287185e-09, Final residual = 1.944736984e-10, No Iterations 1
smoothSolver:  Solving for k, Initial residual = 2.859375484e-09, Final residual = 1.849909465e-10, No Iterations 1

ExecutionTime = 3.89 s  ExecutionStepTime = 0.01 s  ClockTime = 4 s

forces FR write:
    Sum of forces
        Total    : ( 0.5183980853 0 -2.314332593 )
        Pressure : ( 0.4816525826 0 -2.31248663 )
        Viscous  : ( 0.03674550263 0 -0.001845962357 )
    Sum of moments
        Total    : ( -1.12278796 0.6445306945 -0.2514984797 )
        Pressure : ( -1.1218924 0.6469097576 -0.2336715658 )
        Viscous  : ( -0.0008955602647 -0.002379063048 -0.01782691393 )


liftDrag LD execute:
Viscous drag: 0.003051453257, pressure drag: 0.03999782931, porous drag: 0
Viscous lift: -0.0001532940753, pressure lift: -0.1920356059, porous lift: 0
Total lift: -0.1921888999, Front lift: -0.04257074921, Rear lift: -0.1496181507, Drag: 0.04304928257
Location of Center of Mass: ( 0.15305161 0.4851454642 -0.0449368109 )
Location of Center Of Pressure: ( 0.2820867249 0.4851454642 -0.01603363737 )


yPlus yPlus execute:
    patch Bottom y+ : min = 25.52000929, max = 261.4010347, average = 131.7858213
    patch Top y+ : min = 45.30306008, max = 282.774398, average = 157.7531807
    patch e423_0 y+ : min = 16.25646755, max = 661.1866699, average = 350.8252518


################################################################################

Time = 311

Outer Loop Iteration = 311
smoothSolver:  Solving for Ux, Initial residual = 7.490198114e-08, Final residual = 8.974119072e-10, No Iterations 2
smoothSolver:  Solving for Uz, Initial residual = 1.562854552e-07, Final residual = 2.591845645e-09, No Iterations 2
GAMG:  Solving for p, Initial residual = 8.429181971e-08, Final residual = 5.532687668e-10, No Iterations 3
GAMG:  Solving for p, Initial residual = 7.612720527e-09, Final residual = 4.669143124e-11, No Iterations 3
GAMG:  Solving for p, Initial residual = 1.393156556e-09, Final residual = 6.00834915e-11, No Iterations 1
time step continuity errors (region0): sum local = 3.608870779e-12, global = 5.382590719e-14, cumulative = -1.369787883e-07
smoothSolver:  Solving for omega, Initial residual = 2.946451513e-09, Final residual = 1.857998713e-10, No Iterations 1
smoothSolver:  Solving for k, Initial residual = 2.742495913e-09, Final residual = 1.769736853e-10, No Iterations 1

ExecutionTime = 3.9 s  ExecutionStepTime = 0.01 s  ClockTime = 4 s

forces FR write:
    Sum of forces
        Total    : ( 0.5183980877 0 -2.314332593 )
        Pressure : ( 0.4816525851 0 -2.31248663 )
        Viscous  : ( 0.03674550263 0 -0.001845962365 )
    Sum of moments
        Total    : ( -1.12278796 0.6445306956 -0.2514984809 )
        Pressure : ( -1.1218924 0.6469097586 -0.233671567 )
        Viscous  : ( -0.0008955602687 -0.002379063046 -0.01782691393 )


liftDrag LD execute:
Viscous drag: 0.003051453257, pressure drag: 0.03999782951, porous drag: 0
Viscous lift: -0.000153294076, pressure lift: -0.1920356059, porous lift: 0
Total lift: -0.1921889, Front lift: -0.04257074913, Rear lift: -0.1496181508, Drag: 0.04304928277
Location of Center of Mass: ( 0.15305161 0.4851454642 -0.0449368109 )
Location of Center Of Pressure: ( 0.2820867253 0.4851454642 -0.01603363715 )


yPlus yPlus execute:
    patch Bottom y+ : min = 25.52011554, max = 261.4009184, average = 131.7857788
    patch Top y+ : min = 45.30307258, max = 282.7743286, average = 157.7531318
    patch e423_0 y+ : min = 16.25646788, max = 661.1866702, average = 350.825252


################################################################################

Time = 312

Outer Loop Iteration = 312
smoothSolver:  Solving for Ux, Initial residual = 7.171237705e-08, Final residual = 8.594347079e-10, No Iterations 2
smoothSolver:  Solving for Uz, Initial residual = 1.525897501e-07, Final residual = 2.523469889e-09, No Iterations 2
GAMG:  Solving for p, Initial residual = 8.312374519e-08, Final residual = 5.40525347e-10, No Iterations 3
GAMG:  Solving for p, Initial residual = 7.324720395e-09, Final residual = 4.466781007e-11, No Iterations 3
GAMG:  Solving for p, Initial residual = 1.357016064e-09, Final residual = 5.824414608e-11, No Iterations 1
time step continuity errors (region0): sum local = 3.498444483e-12, global = 6.919585355e-14, cumulative = -1.369787191e-07
smoothSolver:  Solving for omega, Initial residual = 2.799599002e-09, Final residual = 1.773111713e-10, No Iterations 1
smoothSolver:  Solving for k, Initial residual = 2.631084889e-09, Final residual = 1.689230792e-10, No Iterations 1

ExecutionTime = 3.92 s  ExecutionStepTime = 0.01 s  ClockTime = 4 s

forces FR write:
    Sum of forces
        Total    : ( 0.5183980909 0 -2.314332589 )
        Pressure : ( 0.4816525883 0 -2.312486627 )
        Viscous  : ( 0.03674550264 0 -0.001845962369 )
    Sum of moments
        Total    : ( -1.122787958 0.6445306961 -0.2514984825 )
        Pressure : ( -1.121892398 0.6469097592 -0.2336715685 )
        Viscous  : ( -0.0008955602703 -0.002379063046 -0.01782691394 )


liftDrag LD execute:
Viscous drag: 0.003051453258, pressure drag: 0.03999782978, porous drag: 0
Viscous lift: -0.0001532940763, pressure lift: -0.1920356056, porous lift: 0
Total lift: -0.1921888996, Front lift: -0.04257074892, Rear lift: -0.1496181507, Drag: 0.04304928304
Location of Center of Mass: ( 0.15305161 0.4851454642 -0.0449368109 )
Location of Center Of Pressure: ( 0.282086726 0.4851454642 -0.01603363677 )


yPlus yPlus execute:
    patch Bottom y+ : min = 25.52022569, max = 261.4008044, average = 131.785738
    patch Top y+ : min = 45.30308506, max = 282.7742485, average = 157.7530809
    patch e423_0 y+ : min = 16.25646823, max = 661.1866704, average = 350.8252521


################################################################################

Time = 313

Outer Loop Iteration = 313
smoothSolver:  Solving for Ux, Initial residual = 6.863095602e-08, Final residual = 8.217776535e-10, No Iterations 2
smoothSolver:  Solving for Uz, Initial residual = 1.482794716e-07, Final residual = 2.454796649e-09, No Iterations 2
GAMG:  Solving for p, Initial residual = 8.189940396e-08, Final residual = 5.288305705e-10, No Iterations 3
GAMG:  Solving for p, Initial residual = 7.051993995e-09, Final residual = 4.272201193e-11, No Iterations 3
GAMG:  Solving for p, Initial residual = 1.314788146e-09, Final residual = 5.645187036e-11, No Iterations 1
time step continuity errors (region0): sum local = 3.39082637e-12, global = 8.454965107e-14, cumulative = -1.369786346e-07
smoothSolver:  Solving for omega, Initial residual = 2.660599949e-09, Final residual = 1.687577154e-10, No Iterations 1
smoothSolver:  Solving for k, Initial residual = 2.521806668e-09, Final residual = 1.608149683e-10, No Iterations 1

ExecutionTime = 3.93 s  ExecutionStepTime = 0.01 s  ClockTime = 4 s

forces FR write:
    Sum of forces
        Total    : ( 0.5183980947 0 -2.314332581 )
        Pressure : ( 0.4816525921 0 -2.312486619 )
        Viscous  : ( 0.03674550265 0 -0.001845962368 )
    Sum of moments
        Total    : ( -1.122787954 0.6445306962 -0.2514984843 )
        Pressure : ( -1.121892394 0.6469097592 -0.2336715704 )
        Viscous  : ( -0.0008955602698 -0.002379063047 -0.01782691394 )


liftDrag LD execute:
Viscous drag: 0.003051453259, pressure drag: 0.0399978301, porous drag: 0
Viscous lift: -0.0001532940762, pressure lift: -0.1920356049, porous lift: 0
Total lift: -0.192188899, Front lift: -0.04257074859, Rear lift: -0.1496181504, Drag: 0.04304928336
Location of Center of Mass: ( 0.15305161 0.4851454642 -0.0449368109 )
Location of Center Of Pressure: ( 0.2820867269 0.4851454642 -0.01603363627 )


yPlus yPlus execute:
    patch Bottom y+ : min = 25.52033841, max = 261.4006935, average = 131.7856992
    patch Top y+ : min = 45.30309739, max = 282.7741591, average = 157.7530287
    patch e423_0 y+ : min = 16.25646861, max = 661.1866706, average = 350.8252522


################################################################################

Time = 314

Outer Loop Iteration = 314
smoothSolver:  Solving for Ux, Initial residual = 6.579739197e-08, Final residual = 7.863387268e-10, No Iterations 2
smoothSolver:  Solving for Uz, Initial residual = 1.439327098e-07, Final residual = 2.381440861e-09, No Iterations 2
GAMG:  Solving for p, Initial residual = 8.124478206e-08, Final residual = 5.16389937e-10, No Iterations 3
GAMG:  Solving for p, Initial residual = 6.844075318e-09, Final residual = 4.076993303e-11, No Iterations 3
GAMG:  Solving for p, Initial residual = 1.284595637e-09, Final residual = 5.451929157e-11, No Iterations 1
time step continuity errors (region0): sum local = 3.27472577e-12, global = 9.85957903e-14, cumulative = -1.36978536e-07
smoothSolver:  Solving for omega, Initial residual = 2.529735076e-09, Final residual = 1.600903893e-10, No Iterations 1
smoothSolver:  Solving for k, Initial residual = 2.415865052e-09, Final residual = 1.527349796e-10, No Iterations 1

ExecutionTime = 3.94 s  ExecutionStepTime = 0.01 s  ClockTime = 4 s

forces FR write:
    Sum of forces
        Total    : ( 0.5183980991 0 -2.31433257 )
        Pressure : ( 0.4816525965 0 -2.312486607 )
        Viscous  : ( 0.03674550266 0 -0.001845962362 )
    Sum of moments
        Total    : ( -1.122787949 0.6445306957 -0.2514984865 )
        Pressure : ( -1.121892389 0.6469097587 -0.2336715725 )
        Viscous  : ( -0.000895560267 -0.002379063048 -0.01782691395 )


liftDrag LD execute:
Viscous drag: 0.00305145326, pressure drag: 0.03999783046, porous drag: 0
Viscous lift: -0.0001532940757, pressure lift: -0.192035604, porous lift: 0
Total lift: -0.192188898, Front lift: -0.04257074816, Rear lift: -0.1496181499, Drag: 0.04304928372
Location of Center of Mass: ( 0.15305161 0.4851454642 -0.0449368109 )
Location of Center Of Pressure: ( 0.2820867279 0.4851454642 -0.01603363564 )


yPlus yPlus execute:
    patch Bottom y+ : min = 25.52045244, max = 261.4005863, average = 131.7856626
    patch Top y+ : min = 45.30310946, max = 282.7740619, average = 157.7529757
    patch e423_0 y+ : min = 16.256469, max = 661.1866708, average = 350.8252522


################################################################################

Time = 315

Outer Loop Iteration = 315
smoothSolver:  Solving for Ux, Initial residual = 6.312468323e-08, Final residual = 7.507323297e-10, No Iterations 2
smoothSolver:  Solving for Uz, Initial residual = 1.392544006e-07, Final residual = 2.303740614e-09, No Iterations 2
GAMG:  Solving for p, Initial residual = 8.094228073e-08, Final residual = 5.017622744e-10, No Iterations 3
GAMG:  Solving for p, Initial residual = 6.841023022e-09, Final residual = 9.604395706e-11, No Iterations 2
GAMG:  Solving for p, Initial residual = 1.286274839e-09, Final residual = 6.434307958e-11, No Iterations 1
time step continuity errors (region0): sum local = 3.864782704e-12, global = 2.549476295e-13, cumulative = -1.36978281e-07
smoothSolver:  Solving for omega, Initial residual = 2.404587843e-09, Final residual = 1.516110715e-10, No Iterations 1
smoothSolver:  Solving for k, Initial residual = 2.312508743e-09, Final residual = 1.446833852e-10, No Iterations 1

ExecutionTime = 3.95 s  ExecutionStepTime = 0.01 s  ClockTime = 4 s

forces FR write:
    Sum of forces
        Total    : ( 0.518398104 0 -2.314332555 )
        Pressure : ( 0.4816526013 0 -2.312486593 )
        Viscous  : ( 0.03674550267 0 -0.001845962352 )
    Sum of moments
        Total    : ( -1.122787942 0.6445306947 -0.2514984888 )
        Pressure : ( -1.121892382 0.6469097577 -0.2336715749 )
        Viscous  : ( -0.0008955602623 -0.002379063051 -0.01782691395 )


liftDrag LD execute:
Viscous drag: 0.00305145326, pressure drag: 0.03999783086, porous drag: 0
Viscous lift: -0.0001532940749, pressure lift: -0.1920356028, porous lift: 0
Total lift: -0.1921888968, Front lift: -0.04257074764, Rear lift: -0.1496181492, Drag: 0.04304928412
Location of Center of Mass: ( 0.15305161 0.4851454642 -0.0449368109 )
Location of Center Of Pressure: ( 0.2820867291 0.4851454642 -0.01603363492 )


yPlus yPlus execute:
    patch Bottom y+ : min = 25.52056655, max = 261.4004836, average = 131.7856284
    patch Top y+ : min = 45.30312114, max = 282.7739581, average = 157.7529225
    patch e423_0 y+ : min = 16.2564694, max = 661.1866709, average = 350.8252522


################################################################################

Time = 316

Outer Loop Iteration = 316
smoothSolver:  Solving for Ux, Initial residual = 6.080474473e-08, Final residual = 7.191761871e-10, No Iterations 2
smoothSolver:  Solving for Uz, Initial residual = 1.347101219e-07, Final residual = 2.223456329e-09, No Iterations 2
GAMG:  Solving for p, Initial residual = 8.036790155e-08, Final residual = 4.869421287e-10, No Iterations 3
GAMG:  Solving for p, Initial residual = 6.892704107e-09, Final residual = 9.204536429e-11, No Iterations 2
GAMG:  Solving for p, Initial residual = 1.283796382e-09, Final residual = 6.196677028e-11, No Iterations 1
time step continuity errors (region0): sum local = 3.722030202e-12, global = 3.12238456e-13, cumulative = -1.369779688e-07
smoothSolver:  Solving for omega, Initial residual = 2.285602966e-09, Final residual = 1.43499408e-10, No Iterations 1
smoothSolver:  Solving for k, Initial residual = 2.211831764e-09, Final residual = 1.366907019e-10, No Iterations 1

ExecutionTime = 3.96 s  ExecutionStepTime = 0.01 s  ClockTime = 4 s

forces FR write:
    Sum of forces
        Total    : ( 0.5183981092 0 -2.314332538 )
        Pressure : ( 0.4816526066 0 -2.312486575 )
        Viscous  : ( 0.03674550267 0 -0.001845962338 )
    Sum of moments
        Total    : ( -1.122787933 0.6445306932 -0.2514984913 )
        Pressure : ( -1.121892373 0.6469097562 -0.2336715774 )
        Viscous  : ( -0.0008955602556 -0.002379063054 -0.01782691395 )


liftDrag LD execute:
Viscous drag: 0.003051453261, pressure drag: 0.0399978313, porous drag: 0
Viscous lift: -0.0001532940738, pressure lift: -0.1920356013, porous lift: 0
Total lift: -0.1921888954, Front lift: -0.04257074704, Rear lift: -0.1496181483, Drag: 0.04304928456
Location of Center of Mass: ( 0.15305161 0.4851454642 -0.0449368109 )
Location of Center Of Pressure: ( 0.2820867305 0.4851454642 -0.01603363411 )


yPlus yPlus execute:
    patch Bottom y+ : min = 25.52067972, max = 261.4003858, average = 131.7855966
    patch Top y+ : min = 45.30313245, max = 282.7738489, average = 157.7528696
    patch e423_0 y+ : min = 16.25646981, max = 661.1866709, average = 350.8252522


################################################################################

Time = 317

Outer Loop Iteration = 317
smoothSolver:  Solving for Ux, Initial residual = 5.845589971e-08, Final residual = 6.917679855e-10, No Iterations 2
smoothSolver:  Solving for Uz, Initial residual = 1.301863679e-07, Final residual = 2.140780989e-09, No Iterations 2
GAMG:  Solving for p, Initial residual = 7.993513402e-08, Final residual = 4.64480999e-10, No Iterations 3
GAMG:  Solving for p, Initial residual = 6.931053068e-09, Final residual = 8.662388164e-11, No Iterations 2
GAMG:  Solving for p, Initial residual = 1.272133194e-09, Final residual = 5.901857613e-11, No Iterations 1
time step continuity errors (region0): sum local = 3.544941549e-12, global = 3.449359135e-13, cumulative = -1.369776238e-07
smoothSolver:  Solving for omega, Initial residual = 2.172208509e-09, Final residual = 1.352777655e-10, No Iterations 1
smoothSolver:  Solving for k, Initial residual = 2.114273667e-09, Final residual = 1.288434702e-10, No Iterations 1

ExecutionTime = 3.97 s  ExecutionStepTime = 0.01 s  ClockTime = 4 s

forces FR write:
    Sum of forces
        Total    : ( 0.5183981147 0 -2.314332518 )
        Pressure : ( 0.4816526121 0 -2.312486556 )
        Viscous  : ( 0.03674550267 0 -0.001845962321 )
    Sum of moments
        Total    : ( -1.122787924 0.6445306913 -0.251498494 )
        Pressure : ( -1.121892364 0.6469097544 -0.2336715801 )
        Viscous  : ( -0.0008955602472 -0.002379063058 -0.01782691395 )


liftDrag LD execute:
Viscous drag: 0.00305145326, pressure drag: 0.03999783176, porous drag: 0
Viscous lift: -0.0001532940723, pressure lift: -0.1920355997, porous lift: 0
Total lift: -0.1921888937, Front lift: -0.04257074637, Rear lift: -0.1496181474, Drag: 0.04304928502
Location of Center of Mass: ( 0.15305161 0.4851454642 -0.0449368109 )
Location of Center Of Pressure: ( 0.2820867319 0.4851454642 -0.01603363323 )


yPlus yPlus execute:
    patch Bottom y+ : min = 25.52079087, max = 261.4002937, average = 131.7855675
    patch Top y+ : min = 45.30314317, max = 282.7737356, average = 157.7528174
    patch e423_0 y+ : min = 16.25647022, max = 661.186671, average = 350.825252


################################################################################

Time = 318

Outer Loop Iteration = 318
smoothSolver:  Solving for Ux, Initial residual = 5.608955846e-08, Final residual = 6.645050124e-10, No Iterations 2
smoothSolver:  Solving for Uz, Initial residual = 1.25564768e-07, Final residual = 2.067448988e-09, No Iterations 2
GAMG:  Solving for p, Initial residual = 7.935002884e-08, Final residual = 4.411151542e-10, No Iterations 3
GAMG:  Solving for p, Initial residual = 6.920692113e-09, Final residual = 8.03254067e-11, No Iterations 2
GAMG:  Solving for p, Initial residual = 1.25410687e-09, Final residual = 5.590147794e-11, No Iterations 1
time step continuity errors (region0): sum local = 3.357910627e-12, global = 2.286361176e-13, cumulative = -1.369773952e-07
smoothSolver:  Solving for omega, Initial residual = 2.063671533e-09, Final residual = 1.269940645e-10, No Iterations 1
smoothSolver:  Solving for k, Initial residual = 2.019629656e-09, Final residual = 1.211944442e-10, No Iterations 1

ExecutionTime = 3.98 s  ExecutionStepTime = 0.01 s  ClockTime = 4 s

forces FR write:
    Sum of forces
        Total    : ( 0.5183981204 0 -2.314332496 )
        Pressure : ( 0.4816526178 0 -2.312486534 )
        Viscous  : ( 0.03674550266 0 -0.001845962301 )
    Sum of moments
        Total    : ( -1.122787913 0.644530689 -0.2514984968 )
        Pressure : ( -1.121892353 0.6469097521 -0.2336715828 )
        Viscous  : ( -0.0008955602372 -0.002379063063 -0.01782691394 )


liftDrag LD execute:
Viscous drag: 0.00305145326, pressure drag: 0.03999783223, porous drag: 0
Viscous lift: -0.0001532940706, pressure lift: -0.1920355979, porous lift: 0
Total lift: -0.1921888919, Front lift: -0.04257074565, Rear lift: -0.1496181463, Drag: 0.04304928549
Location of Center of Mass: ( 0.15305161 0.4851454642 -0.0449368109 )
Location of Center Of Pressure: ( 0.2820867334 0.4851454642 -0.0160336323 )


yPlus yPlus execute:
    patch Bottom y+ : min = 25.52089908, max = 261.4002074, average = 131.7855411
    patch Top y+ : min = 45.30315329, max = 282.7736193, average = 157.7527665
    patch e423_0 y+ : min = 16.25647062, max = 661.1866709, average = 350.8252518


################################################################################

Time = 319

Outer Loop Iteration = 319
smoothSolver:  Solving for Ux, Initial residual = 5.379032277e-08, Final residual = 6.387601913e-10, No Iterations 2
smoothSolver:  Solving for Uz, Initial residual = 1.211119059e-07, Final residual = 2.003142282e-09, No Iterations 2
GAMG:  Solving for p, Initial residual = 7.84093396e-08, Final residual = 4.17174685e-10, No Iterations 3
GAMG:  Solving for p, Initial residual = 6.861741064e-09, Final residual = 7.473385877e-11, No Iterations 2
GAMG:  Solving for p, Initial residual = 1.228852688e-09, Final residual = 5.290926474e-11, No Iterations 1
time step continuity errors (region0): sum local = 3.178039644e-12, global = 2.364152105e-13, cumulative = -1.369771588e-07
smoothSolver:  Solving for omega, Initial residual = 1.960472265e-09, Final residual = 1.187569116e-10, No Iterations 1
smoothSolver:  Solving for k, Initial residual = 1.927562405e-09, Final residual = 1.136768631e-10, No Iterations 1

ExecutionTime = 3.99 s  ExecutionStepTime = 0.01 s  ClockTime = 4 s

forces FR write:
    Sum of forces
        Total    : ( 0.5183981263 0 -2.314332473 )
        Pressure : ( 0.4816526236 0 -2.31248651 )
        Viscous  : ( 0.03674550264 0 -0.001845962277 )
    Sum of moments
        Total    : ( -1.122787902 0.6445306864 -0.2514984996 )
        Pressure : ( -1.121892342 0.6469097495 -0.2336715857 )
        Viscous  : ( -0.0008955602259 -0.002379063068 -0.01782691394 )


liftDrag LD execute:
Viscous drag: 0.003051453258, pressure drag: 0.03999783272, porous drag: 0
Viscous lift: -0.0001532940687, pressure lift: -0.1920355959, porous lift: 0
Total lift: -0.19218889, Front lift: -0.0425707449, Rear lift: -0.1496181451, Drag: 0.04304928597
Location of Center of Mass: ( 0.15305161 0.4851454642 -0.0449368109 )
Location of Center Of Pressure: ( 0.282086735 0.4851454642 -0.01603363134 )


yPlus yPlus execute:
    patch Bottom y+ : min = 25.52100333, max = 261.4001275, average = 131.7855174
    patch Top y+ : min = 45.3031628, max = 282.7735011, average = 157.7527171
    patch e423_0 y+ : min = 16.25647102, max = 661.1866709, average = 350.8252516


################################################################################

Time = 320

Outer Loop Iteration = 320
smoothSolver:  Solving for Ux, Initial residual = 5.159348397e-08, Final residual = 6.125673118e-10, No Iterations 2
smoothSolver:  Solving for Uz, Initial residual = 1.163628446e-07, Final residual = 1.959465356e-09, No Iterations 2
GAMG:  Solving for p, Initial residual = 7.708815865e-08, Final residual = 3.947331868e-10, No Iterations 3
GAMG:  Solving for p, Initial residual = 6.752953189e-09, Final residual = 6.965065735e-11, No Iterations 2
GAMG:  Solving for p, Initial residual = 1.195734374e-09, Final residual = 5.009268343e-11, No Iterations 1
time step continuity errors (region0): sum local = 3.00880472e-12, global = 2.501292844e-13, cumulative = -1.369769087e-07
smoothSolver:  Solving for omega, Initial residual = 1.861953265e-09, Final residual = 1.108451579e-10, No Iterations 1
smoothSolver:  Solving for k, Initial residual = 1.837867781e-09, Final residual = 1.0631099e-10, No Iterations 1

ExecutionTime = 4 s  ExecutionStepTime = 0.01 s  ClockTime = 4 s

forces FR write:
    Sum of forces
        Total    : ( 0.5183981321 0 -2.314332448 )
        Pressure : ( 0.4816526295 0 -2.312486486 )
        Viscous  : ( 0.03674550261 0 -0.001845962251 )
    Sum of moments
        Total    : ( -1.12278789 0.6445306835 -0.2514985025 )
        Pressure : ( -1.12189233 0.6469097466 -0.2336715885 )
        Viscous  : ( -0.0008955602134 -0.002379063073 -0.01782691392 )


liftDrag LD execute:
Viscous drag: 0.003051453256, pressure drag: 0.0399978332, porous drag: 0
Viscous lift: -0.0001532940665, pressure lift: -0.1920355939, porous lift: 0
Total lift: -0.1921888879, Front lift: -0.04257074412, Rear lift: -0.1496181438, Drag: 0.04304928646
Location of Center of Mass: ( 0.15305161 0.4851454642 -0.0449368109 )
Location of Center Of Pressure: ( 0.2820867365 0.4851454642 -0.01603363035 )


yPlus yPlus execute:
    patch Bottom y+ : min = 25.52110291, max = 261.4000542, average = 131.7854964
    patch Top y+ : min = 45.30317159, max = 282.7733821, average = 157.7526696
    patch e423_0 y+ : min = 16.2564714, max = 661.1866708, average = 350.8252512


################################################################################

Time = 321

Outer Loop Iteration = 321
smoothSolver:  Solving for Ux, Initial residual = 4.950578377e-08, Final residual = 5.869491899e-10, No Iterations 2
smoothSolver:  Solving for Uz, Initial residual = 1.119934483e-07, Final residual = 1.927516319e-09, No Iterations 2
GAMG:  Solving for p, Initial residual = 7.558880483e-08, Final residual = 3.74914169e-10, No Iterations 3
GAMG:  Solving for p, Initial residual = 6.601586031e-09, Final residual = 6.54636762e-11, No Iterations 2
GAMG:  Solving for p, Initial residual = 1.156382358e-09, Final residual = 4.743136378e-11, No Iterations 1
time step continuity errors (region0): sum local = 2.84886222e-12, global = 2.607458896e-13, cumulative = -1.369766479e-07
smoothSolver:  Solving for omega, Initial residual = 1.768399386e-09, Final residual = 1.034099052e-10, No Iterations 1
smoothSolver:  Solving for k, Initial residual = 1.750632244e-09, Final residual = 9.919368765e-11, No Iterations 1

ExecutionTime = 4.01 s  ExecutionStepTime = 0.01 s  ClockTime = 4 s

forces FR write:
    Sum of forces
        Total    : ( 0.518398138 0 -2.314332423 )
        Pressure : ( 0.4816526354 0 -2.31248646 )
        Viscous  : ( 0.03674550258 0 -0.001845962224 )
    Sum of moments
        Total    : ( -1.122787878 0.6445306804 -0.2514985053 )
        Pressure : ( -1.121892317 0.6469097434 -0.2336715914 )
        Viscous  : ( -0.0008955602 -0.002379063078 -0.01782691391 )


liftDrag LD execute:
Viscous drag: 0.003051453253, pressure drag: 0.03999783369, porous drag: 0
Viscous lift: -0.0001532940642, pressure lift: -0.1920355918, porous lift: 0
Total lift: -0.1921888858, Front lift: -0.04257074332, Rear lift: -0.1496181425, Drag: 0.04304928694
Location of Center of Mass: ( 0.15305161 0.4851454642 -0.0449368109 )
Location of Center Of Pressure: ( 0.2820867381 0.4851454642 -0.01603362936 )


yPlus yPlus execute:
    patch Bottom y+ : min = 25.52119716, max = 261.3999879, average = 131.7854782
    patch Top y+ : min = 45.30317966, max = 282.7732632, average = 157.7526244
    patch e423_0 y+ : min = 16.25647177, max = 661.1866706, average = 350.8252508


################################################################################

Time = 322

Outer Loop Iteration = 322
smoothSolver:  Solving for Ux, Initial residual = 4.74656333e-08, Final residual = 5.608700145e-10, No Iterations 2
smoothSolver:  Solving for Uz, Initial residual = 1.071698807e-07, Final residual = 1.896706586e-09, No Iterations 2
GAMG:  Solving for p, Initial residual = 7.386271234e-08, Final residual = 3.558846757e-10, No Iterations 3
GAMG:  Solving for p, Initial residual = 6.421121045e-09, Final residual = 6.164726904e-11, No Iterations 2
GAMG:  Solving for p, Initial residual = 1.115571911e-09, Final residual = 4.481538236e-11, No Iterations 1
time step continuity errors (region0): sum local = 2.691835688e-12, global = 2.700133484e-13, cumulative = -1.369763779e-07
smoothSolver:  Solving for omega, Initial residual = 1.680307046e-09, Final residual = 9.612178277e-11, No Iterations 1
smoothSolver:  Solving for k, Initial residual = 1.666049916e-09, Final residual = 9.230064649e-11, No Iterations 1

ExecutionTime = 4.02 s  ExecutionStepTime = 0.01 s  ClockTime = 4 s

forces FR write:
    Sum of forces
        Total    : ( 0.5183981437 0 -2.314332397 )
        Pressure : ( 0.4816526412 0 -2.312486435 )
        Viscous  : ( 0.03674550254 0 -0.001845962195 )
    Sum of moments
        Total    : ( -1.122787865 0.644530677 -0.2514985081 )
        Pressure : ( -1.121892305 0.6469097401 -0.2336715942 )
        Viscous  : ( -0.0008955601859 -0.002379063083 -0.01782691389 )


liftDrag LD execute:
Viscous drag: 0.00305145325, pressure drag: 0.03999783417, porous drag: 0
Viscous lift: -0.0001532940618, pressure lift: -0.1920355896, porous lift: 0
Total lift: -0.1921888837, Front lift: -0.04257074253, Rear lift: -0.1496181412, Drag: 0.04304928742
Location of Center of Mass: ( 0.15305161 0.4851454642 -0.0449368109 )
Location of Center Of Pressure: ( 0.2820867396 0.4851454642 -0.01603362838 )


yPlus yPlus execute:
    patch Bottom y+ : min = 25.52128553, max = 261.3999286, average = 131.7854628
    patch Top y+ : min = 45.30318696, max = 282.7731456, average = 157.7525815
    patch e423_0 y+ : min = 16.25647212, max = 661.1866705, average = 350.8252503


################################################################################

Time = 323

Outer Loop Iteration = 323
smoothSolver:  Solving for Ux, Initial residual = 4.541301156e-08, Final residual = 5.361368762e-10, No Iterations 2
smoothSolver:  Solving for Uz, Initial residual = 1.027481826e-07, Final residual = 1.875262778e-09, No Iterations 2
GAMG:  Solving for p, Initial residual = 7.210991365e-08, Final residual = 3.372903287e-10, No Iterations 3
GAMG:  Solving for p, Initial residual = 6.218971756e-09, Final residual = 5.824845235e-11, No Iterations 2
GAMG:  Solving for p, Initial residual = 1.072622731e-09, Final residual = 4.201853122e-11, No Iterations 1
time step continuity errors (region0): sum local = 2.523905459e-12, global = 2.758368735e-13, cumulative = -1.369761021e-07
smoothSolver:  Solving for omega, Initial residual = 1.5961087e-09, Final residual = 8.922032982e-11, No Iterations 1
smoothSolver:  Solving for k, Initial residual = 1.58389775e-09, Final residual = 8.564144119e-11, No Iterations 1

ExecutionTime = 4.03 s  ExecutionStepTime = 0.01 s  ClockTime = 4 s

forces FR write:
    Sum of forces
        Total    : ( 0.5183981493 0 -2.314332371 )
        Pressure : ( 0.4816526468 0 -2.312486409 )
        Viscous  : ( 0.03674550249 0 -0.001845962164 )
    Sum of moments
        Total    : ( -1.122787852 0.6445306736 -0.2514985108 )
        Pressure : ( -1.121892292 0.6469097367 -0.2336715969 )
        Viscous  : ( -0.0008955601712 -0.002379063088 -0.01782691386 )


liftDrag LD execute:
Viscous drag: 0.003051453245, pressure drag: 0.03999783464, porous drag: 0
Viscous lift: -0.0001532940593, pressure lift: -0.1920355875, porous lift: 0
Total lift: -0.1921888815, Front lift: -0.04257074174, Rear lift: -0.1496181398, Drag: 0.04304928788
Location of Center of Mass: ( 0.15305161 0.4851454642 -0.0449368109 )
Location of Center Of Pressure: ( 0.2820867411 0.4851454642 -0.01603362741 )


yPlus yPlus execute:
    patch Bottom y+ : min = 25.52136755, max = 261.3998767, average = 131.7854501
    patch Top y+ : min = 45.30319349, max = 282.7730299, average = 157.7525414
    patch e423_0 y+ : min = 16.25647245, max = 661.1866703, average = 350.8252497


################################################################################

Time = 324

Outer Loop Iteration = 324
smoothSolver:  Solving for Ux, Initial residual = 4.347224216e-08, Final residual = 5.107758733e-10, No Iterations 2
smoothSolver:  Solving for Uz, Initial residual = 9.830162997e-08, Final residual = 1.870394159e-09, No Iterations 2
GAMG:  Solving for p, Initial residual = 6.997930939e-08, Final residual = 3.188475951e-10, No Iterations 3
GAMG:  Solving for p, Initial residual = 5.998272638e-09, Final residual = 5.512068307e-11, No Iterations 2
GAMG:  Solving for p, Initial residual = 1.028673485e-09, Final residual = 3.95248359e-11, No Iterations 1
time step continuity errors (region0): sum local = 2.37421202e-12, global = 2.79672011e-13, cumulative = -1.369758224e-07
smoothSolver:  Solving for omega, Initial residual = 1.51530646e-09, Final residual = 8.320810955e-11, No Iterations 1
smoothSolver:  Solving for k, Initial residual = 1.504671331e-09, Final residual = 7.924685879e-11, No Iterations 1

ExecutionTime = 4.05 s  ExecutionStepTime = 0.01 s  ClockTime = 4 s

Residual convergence tolerance reached

forces FR write:
    Sum of forces
        Total    : ( 0.5183981546 0 -2.314332345 )
        Pressure : ( 0.4816526522 0 -2.312486383 )
        Viscous  : ( 0.03674550243 0 -0.001845962134 )
    Sum of moments
        Total    : ( -1.12278784 0.64453067 -0.2514985134 )
        Pressure : ( -1.12189228 0.6469097331 -0.2336715995 )
        Viscous  : ( -0.0008955601562 -0.002379063093 -0.01782691383 )


liftDrag LD execute:
Viscous drag: 0.00305145324, pressure drag: 0.03999783509, porous drag: 0
Viscous lift: -0.0001532940568, pressure lift: -0.1920355853, porous lift: 0
Total lift: -0.1921888794, Front lift: -0.04257074096, Rear lift: -0.1496181384, Drag: 0.04304928833
Location of Center of Mass: ( 0.15305161 0.4851454642 -0.0449368109 )
Location of Center Of Pressure: ( 0.2820867425 0.4851454642 -0.01603362647 )


yPlus yPlus execute:
    patch Bottom y+ : min = 25.52144282, max = 261.3998321, average = 131.7854401
    patch Top y+ : min = 45.30319922, max = 282.7729171, average = 157.7525041
    patch e423_0 y+ : min = 16.25647275, max = 661.18667, average = 350.8252491
yPlus yPlus write:
    writing field yPlus
End

Finalising parallel run

--- INICIO COMANDO: mpirun -n 4 helyxSolve -parallel ---
