# Time           	e423_0           
1	-8.2672263712e+01	
2	-4.2580153474e+00	
3	-1.6561711997e+00	
4	-1.0194154029e+00	
5	-8.5997664899e-01	
6	-8.7151327997e-01	
7	-8.6966570905e-01	
8	-8.7814027894e-01	
9	-8.8564747926e-01	
10	-8.9386664670e-01	
11	-9.1960561377e-01	
12	-9.3681296781e-01	
13	-9.4748778395e-01	
14	-9.5722406343e-01	
15	-9.6739087426e-01	
16	-9.7812859725e-01	
17	-9.8971187913e-01	
18	-1.0010982642e+00	
19	-1.0135244647e+00	
20	-1.0265496234e+00	
21	-1.0404238958e+00	
22	-1.0545730118e+00	
23	-1.0702195086e+00	
24	-1.0867665914e+00	
25	-1.1043856651e+00	
26	-1.1233923054e+00	
27	-1.1433180492e+00	
28	-1.1632857774e+00	
29	-1.1843194349e+00	
30	-1.2047904592e+00	
31	-1.2234354905e+00	
32	-1.2412567535e+00	
33	-1.2580462812e+00	
34	-1.2737359444e+00	
35	-1.2871033967e+00	
36	-1.2978694876e+00	
37	-1.3071334373e+00	
38	-1.3162222658e+00	
39	-1.3235161799e+00	
40	-1.3295790271e+00	
41	-1.3343049496e+00	
42	-1.3389030082e+00	
43	-1.3430589405e+00	
44	-1.3470022032e+00	
45	-1.3511087013e+00	
46	-1.3545976770e+00	
47	-1.3576531575e+00	
48	-1.3606074399e+00	
49	-1.3635768762e+00	
50	-1.3656430916e+00	
51	-1.3687200214e+00	
52	-1.3729293494e+00	
53	-1.3775184101e+00	
54	-1.3813609098e+00	
55	-1.3867740206e+00	
56	-1.3924916099e+00	
57	-1.3976792768e+00	
58	-1.4027665543e+00	
59	-1.4079445396e+00	
60	-1.4123429375e+00	
61	-1.4167962565e+00	
62	-1.4196419733e+00	
63	-1.4229579626e+00	
64	-1.4276243056e+00	
65	-1.4323116858e+00	
66	-1.4358009252e+00	
67	-1.4395546727e+00	
68	-1.4433895514e+00	
69	-1.4471661245e+00	
70	-1.4499234783e+00	
71	-1.4523503977e+00	
72	-1.4545329282e+00	
73	-1.4565531970e+00	
74	-1.4585039813e+00	
75	-1.4604544823e+00	
76	-1.4621665786e+00	
77	-1.4641695127e+00	
78	-1.4671130025e+00	
79	-1.4723446842e+00	
80	-1.4805429072e+00	
81	-1.4878982544e+00	
82	-1.4934253561e+00	
83	-1.5005963011e+00	
84	-1.5079462636e+00	
85	-1.5150885711e+00	
86	-1.5220579478e+00	
87	-1.5277276723e+00	
88	-1.5317735102e+00	
89	-1.5352914996e+00	
90	-1.5377603985e+00	
91	-1.5395662302e+00	
92	-1.5400135634e+00	
93	-1.5480718296e+00	
94	-1.5499574793e+00	
95	-1.5480574515e+00	
96	-1.5445484072e+00	
97	-1.5443978095e+00	
98	-1.5432001757e+00	
99	-1.5437439571e+00	
100	-1.5447534732e+00	
101	-1.5459064275e+00	
102	-1.5459365382e+00	
103	-1.5436233943e+00	
104	-1.5419763858e+00	
105	-1.5402981824e+00	
106	-1.5370264073e+00	
107	-1.5380894314e+00	
108	-1.5358775161e+00	
109	-1.5347755691e+00	
110	-1.5348345049e+00	
111	-1.5347859220e+00	
112	-1.5354648666e+00	
113	-1.5362773412e+00	
114	-1.5364104165e+00	
115	-1.5375187628e+00	
116	-1.5391931983e+00	
117	-1.5389699501e+00	
118	-1.5397683488e+00	
119	-1.5412205488e+00	
120	-1.5413440996e+00	
121	-1.5415344903e+00	
122	-1.5408421861e+00	
123	-1.5414156418e+00	
124	-1.5430614923e+00	
125	-1.5429137724e+00	
126	-1.5444628530e+00	
127	-1.5449755642e+00	
128	-1.5452946621e+00	
129	-1.5458230263e+00	
130	-1.5460971690e+00	
131	-1.5470507784e+00	
132	-1.5499324821e+00	
133	-1.5516468817e+00	
134	-1.5526156304e+00	
135	-1.5524258760e+00	
136	-1.5520192719e+00	
137	-1.5515110019e+00	
138	-1.5487169929e+00	
139	-1.5461435193e+00	
140	-1.5437538809e+00	
141	-1.5407377797e+00	
142	-1.5364024559e+00	
143	-1.5313843154e+00	
144	-1.5264073135e+00	
145	-1.5212173783e+00	
146	-1.5154356639e+00	
147	-1.5088530184e+00	
148	-1.5029779666e+00	
149	-1.4972835131e+00	
150	-1.4911539743e+00	
151	-1.4832970816e+00	
152	-1.4737810434e+00	
153	-1.4647900262e+00	
154	-1.4546364014e+00	
155	-1.4437727836e+00	
156	-1.4351962787e+00	
157	-1.4228880508e+00	
158	-1.4095775108e+00	
159	-1.3979106166e+00	
160	-1.3880165379e+00	
161	-1.3803613751e+00	
162	-1.3723199828e+00	
163	-1.3674724394e+00	
164	-1.3637400299e+00	
165	-1.3619159618e+00	
166	-1.3595445422e+00	
167	-1.3584371004e+00	
168	-1.3559442778e+00	
169	-1.3544880662e+00	
170	-1.3520284490e+00	
171	-1.3506686382e+00	
172	-1.3500152758e+00	
173	-1.3472990943e+00	
174	-1.3451721582e+00	
175	-1.3439945688e+00	
176	-1.3420932972e+00	
177	-1.3425285038e+00	
178	-1.3429602849e+00	
179	-1.3425627750e+00	
180	-1.3400026803e+00	
181	-1.3367774890e+00	
182	-1.3356566436e+00	
183	-1.3342597667e+00	
184	-1.3311196147e+00	
185	-1.3286170954e+00	
186	-1.3240513524e+00	
187	-1.3175594561e+00	
188	-1.3082635913e+00	
189	-1.2991796700e+00	
190	-1.2912429859e+00	
191	-1.2789336983e+00	
192	-1.2651543052e+00	
193	-1.2525069824e+00	
194	-1.2357634191e+00	
195	-1.2202264267e+00	
196	-1.2000886594e+00	
197	-1.1829982943e+00	
198	-1.1639831923e+00	
199	-1.1447320418e+00	
200	-1.1232673100e+00	
201	-1.1018373050e+00	
202	-1.0785463453e+00	
203	-1.0572566820e+00	
204	-1.0321618874e+00	
205	-1.0100538139e+00	
206	-9.8276131297e-01	
207	-9.5967722131e-01	
208	-9.3365169578e-01	
209	-9.0795331953e-01	
210	-8.8263805266e-01	
211	-8.5494481504e-01	
212	-8.2997995027e-01	
213	-8.0342142391e-01	
214	-7.7734722332e-01	
215	-7.5433629382e-01	
216	-7.3005059750e-01	
217	-7.0780556459e-01	
218	-6.8739286303e-01	
219	-6.6647227657e-01	
220	-6.4634118725e-01	
221	-6.3027051016e-01	
222	-6.1304656896e-01	
223	-5.9838923937e-01	
224	-5.8659489249e-01	
225	-5.7508988907e-01	
226	-5.6540594934e-01	
227	-5.5548582550e-01	
228	-5.4714163330e-01	
229	-5.3929049787e-01	
230	-5.3258963487e-01	
231	-5.2700767785e-01	
232	-5.2144503486e-01	
233	-5.1523797507e-01	
234	-5.0911499989e-01	
235	-5.0488317659e-01	
236	-5.0016663978e-01	
237	-4.9491606603e-01	
238	-4.8871794561e-01	
239	-4.8300512724e-01	
240	-4.7928308745e-01	
241	-4.7556571308e-01	
242	-4.7253552160e-01	
243	-4.7082660978e-01	
244	-4.7002287475e-01	
245	-4.7026694326e-01	
246	-4.7252857304e-01	
247	-4.7614594064e-01	
248	-4.8087414472e-01	
249	-4.8652897113e-01	
250	-4.9393897186e-01	
251	-5.0248994101e-01	
252	-5.1242233998e-01	
253	-5.2428233093e-01	
254	-5.3807271953e-01	
255	-5.5390724341e-01	
256	-5.6962143435e-01	
257	-5.8829078388e-01	
258	-6.0681651654e-01	
259	-6.3010065253e-01	
260	-6.5175034732e-01	
261	-6.7263282699e-01	
262	-6.9369205532e-01	
263	-7.1404082606e-01	
264	-7.3465587337e-01	
265	-7.5368810511e-01	
266	-7.7275016974e-01	
267	-7.9229909417e-01	
268	-8.1159082490e-01	
269	-8.3031241629e-01	
270	-8.4860732833e-01	
271	-8.6826104331e-01	
272	-8.8650420980e-01	
273	-9.0520231670e-01	
274	-9.2272908730e-01	
275	-9.4066640031e-01	
276	-9.5907218855e-01	
277	-9.7745040402e-01	
278	-9.9495977783e-01	
279	-1.0125683678e+00	
280	-1.0305678161e+00	
281	-1.0481712931e+00	
282	-1.0650392115e+00	
283	-1.0809347742e+00	
284	-1.0974123968e+00	
285	-1.1134945089e+00	
286	-1.1300385659e+00	
287	-1.1457095940e+00	
288	-1.1608992952e+00	
289	-1.1759637874e+00	
290	-1.1913569167e+00	
291	-1.2063101444e+00	
292	-1.2203563108e+00	
293	-1.2342557435e+00	
294	-1.2474043523e+00	
295	-1.2603516930e+00	
296	-1.2721853640e+00	
297	-1.2836707088e+00	
298	-1.2946147255e+00	
299	-1.3049031137e+00	
300	-1.3147395148e+00	
301	-1.3241365982e+00	
302	-1.3330363435e+00	
303	-1.3413793636e+00	
304	-1.3490983876e+00	
305	-1.3560993381e+00	
306	-1.3626614408e+00	
307	-1.3688370446e+00	
308	-1.3743247326e+00	
309	-1.3795892963e+00	
310	-1.3844181037e+00	
311	-1.3888389240e+00	
312	-1.3929499774e+00	
313	-1.3965820544e+00	
314	-1.3999346497e+00	
315	-1.4030693614e+00	
316	-1.4062309843e+00	
317	-1.4094151802e+00	
318	-1.4126260786e+00	
319	-1.4156619691e+00	
320	-1.4187108386e+00	
321	-1.4222540256e+00	
322	-1.4255341303e+00	
323	-1.4285731049e+00	
324	-1.4318070007e+00	
325	-1.4352374639e+00	
326	-1.4375017153e+00	
327	-1.4395271448e+00	
328	-1.4421203023e+00	
329	-1.4449980832e+00	
330	-1.4480881855e+00	
331	-1.4524369570e+00	
332	-1.4563192086e+00	
333	-1.4605177477e+00	
334	-1.4635337428e+00	
335	-1.4663093257e+00	
336	-1.4683615910e+00	
337	-1.4704222230e+00	
338	-1.4722877046e+00	
339	-1.4744306020e+00	
340	-1.4784821978e+00	
341	-1.4821086943e+00	
342	-1.4859459585e+00	
343	-1.4890645047e+00	
344	-1.4925725156e+00	
345	-1.4965110892e+00	
346	-1.4990118949e+00	
347	-1.5016062337e+00	
348	-1.5048196524e+00	
349	-1.5078345356e+00	
350	-1.5108428190e+00	
351	-1.5138192513e+00	
352	-1.5164009186e+00	
353	-1.5189088469e+00	
354	-1.5215107541e+00	
355	-1.5242002574e+00	
356	-1.5273653448e+00	
357	-1.5305808911e+00	
358	-1.5337018039e+00	
359	-1.5370496741e+00	
360	-1.5408660879e+00	
361	-1.5453781466e+00	
362	-1.5494772878e+00	
363	-1.5525474244e+00	
364	-1.5553085495e+00	
365	-1.5578911341e+00	
366	-1.5597066048e+00	
367	-1.5622511256e+00	
368	-1.5660071211e+00	
369	-1.5716428980e+00	
370	-1.5750146013e+00	
371	-1.5786494950e+00	
372	-1.5805519758e+00	
373	-1.5826817321e+00	
374	-1.5843554478e+00	
375	-1.5859994272e+00	
376	-1.5883662956e+00	
377	-1.5921160605e+00	
378	-1.5936890187e+00	
379	-1.5903132954e+00	
380	-1.5868462924e+00	
381	-1.5853531548e+00	
382	-1.5855613812e+00	
383	-1.5862044270e+00	
384	-1.5856503738e+00	
385	-1.5857723002e+00	
386	-1.5875962602e+00	
387	-1.5871326999e+00	
388	-1.5867201361e+00	
389	-1.5865598773e+00	
390	-1.5873407567e+00	
391	-1.5893776939e+00	
392	-1.5896907586e+00	
393	-1.5887570276e+00	
394	-1.5919569923e+00	
395	-1.5946249624e+00	
396	-1.5981624548e+00	
397	-1.6027803908e+00	
398	-1.6091830156e+00	
399	-1.6140150703e+00	
400	-1.6193478174e+00	
401	-1.6233469937e+00	
402	-1.6272656132e+00	
403	-1.6321650728e+00	
404	-1.6361905486e+00	
405	-1.6393666323e+00	
406	-1.6438178759e+00	
407	-1.6468049860e+00	
408	-1.6479113226e+00	
409	-1.6482059680e+00	
410	-1.6481753936e+00	
411	-1.6476596810e+00	
412	-1.6475296293e+00	
413	-1.6474900247e+00	
414	-1.6465074630e+00	
415	-1.6444607293e+00	
416	-1.6429539984e+00	
417	-1.6410691185e+00	
418	-1.6368435332e+00	
419	-1.6316544479e+00	
420	-1.6257125118e+00	
421	-1.6206077242e+00	
422	-1.6136426821e+00	
423	-1.6066659922e+00	
424	-1.6012228217e+00	
425	-1.5953435489e+00	
426	-1.5903705330e+00	
427	-1.5844993651e+00	
428	-1.5763752407e+00	
429	-1.5707819098e+00	
430	-1.5633408944e+00	
431	-1.5552301082e+00	
432	-1.5499853891e+00	
433	-1.5440878624e+00	
434	-1.5386063844e+00	
435	-1.5329529661e+00	
436	-1.5283213956e+00	
437	-1.5224969595e+00	
438	-1.5176829433e+00	
439	-1.5129452714e+00	
440	-1.5093841447e+00	
441	-1.5072329763e+00	
442	-1.5051084776e+00	
443	-1.5032887155e+00	
444	-1.5036405202e+00	
445	-1.5023731942e+00	
446	-1.5019322498e+00	
447	-1.5004603002e+00	
448	-1.5002884193e+00	
449	-1.4992264052e+00	
450	-1.4981332270e+00	
451	-1.4960679008e+00	
452	-1.4935779987e+00	
453	-1.4892433895e+00	
454	-1.4855950168e+00	
455	-1.4807272990e+00	
456	-1.4768345132e+00	
457	-1.4742481336e+00	
458	-1.4732460624e+00	
459	-1.4728328620e+00	
460	-1.4733397030e+00	
461	-1.4727332013e+00	
462	-1.4725000585e+00	
463	-1.4735006517e+00	
464	-1.4740128851e+00	
465	-1.4736204638e+00	
466	-1.4752949000e+00	
467	-1.4757719769e+00	
468	-1.4746316704e+00	
469	-1.4723874827e+00	
470	-1.4685390553e+00	
471	-1.4604343523e+00	
472	-1.4541842760e+00	
473	-1.4469193855e+00	
474	-1.4381813274e+00	
475	-1.4286640200e+00	
476	-1.4178800664e+00	
477	-1.4090569219e+00	
478	-1.3948973134e+00	
479	-1.3854674293e+00	
480	-1.3725087915e+00	
481	-1.3652555498e+00	
482	-1.3588080534e+00	
483	-1.3483683137e+00	
484	-1.3348697147e+00	
485	-1.3241294781e+00	
486	-1.3088659996e+00	
487	-1.2987264931e+00	
488	-1.2805046764e+00	
489	-1.2663338611e+00	
490	-1.2470934935e+00	
491	-1.2312182829e+00	
492	-1.2100277187e+00	
493	-1.1906936459e+00	
494	-1.1699608543e+00	
495	-1.1471982261e+00	
496	-1.1266137746e+00	
497	-1.1007135509e+00	
498	-1.0770298651e+00	
499	-1.0515261044e+00	
500	-1.0253158503e+00	
501	-9.9947234670e-01	
502	-9.7328030110e-01	
503	-9.4700753016e-01	
504	-9.2067241322e-01	
505	-8.9420423210e-01	
506	-8.6879551143e-01	
507	-8.4442268125e-01	
508	-8.2022580969e-01	
509	-7.9707544358e-01	
510	-7.7548041847e-01	
511	-7.5468526187e-01	
512	-7.3512951229e-01	
513	-7.1599842449e-01	
514	-6.9999815696e-01	
515	-6.8492819918e-01	
516	-6.6996024325e-01	
517	-6.5862769353e-01	
518	-6.4887933136e-01	
519	-6.3872730039e-01	
520	-6.2991866904e-01	
521	-6.2098663952e-01	
522	-6.1340639675e-01	
523	-6.0486859261e-01	
524	-5.9628372460e-01	
525	-5.8822866507e-01	
526	-5.7858920759e-01	
527	-5.6816460000e-01	
528	-5.5694132466e-01	
529	-5.4707069168e-01	
530	-5.3607116625e-01	
531	-5.2620447181e-01	
532	-5.1714777428e-01	
533	-5.0896881489e-01	
534	-5.0225311367e-01	
535	-4.9832748961e-01	
536	-4.9483943687e-01	
537	-4.9360279646e-01	
538	-4.9248294555e-01	
539	-4.9302117483e-01	
540	-4.9491616808e-01	
541	-4.9830465986e-01	
542	-5.0301642030e-01	
543	-5.0943534507e-01	
544	-5.1674987795e-01	
545	-5.2532825484e-01	
546	-5.3500932675e-01	
547	-5.4674165125e-01	
548	-5.6081163095e-01	
549	-5.7664979824e-01	
550	-5.9435170066e-01	
551	-6.1393551226e-01	
552	-6.3638629399e-01	
553	-6.6156040174e-01	
554	-6.8471858522e-01	
555	-7.1152942605e-01	
556	-7.4003523700e-01	
557	-7.6346431280e-01	
558	-7.8811022846e-01	
559	-8.1359959127e-01	
560	-8.3722569027e-01	
561	-8.5928123538e-01	
562	-8.8292130008e-01	
563	-9.0676746426e-01	
564	-9.2914380718e-01	
565	-9.4935643734e-01	
566	-9.7185009983e-01	
567	-9.9264342744e-01	
568	-1.0131564934e+00	
569	-1.0331972315e+00	
570	-1.0528269933e+00	
571	-1.0727510148e+00	
572	-1.0917770493e+00	
573	-1.1105395382e+00	
574	-1.1307386010e+00	
575	-1.1490276797e+00	
576	-1.1672633694e+00	
577	-1.1842181470e+00	
578	-1.2011398686e+00	
579	-1.2180457337e+00	
580	-1.2347306720e+00	
581	-1.2506108525e+00	
582	-1.2667122971e+00	
583	-1.2828798707e+00	
584	-1.2980809972e+00	
585	-1.3127301764e+00	
586	-1.3270498577e+00	
587	-1.3405284957e+00	
588	-1.3531248415e+00	
589	-1.3648535159e+00	
590	-1.3763018027e+00	
591	-1.3870617957e+00	
592	-1.3977257606e+00	
593	-1.4073531186e+00	
594	-1.4166223168e+00	
595	-1.4251125431e+00	
596	-1.4329966998e+00	
597	-1.4405252168e+00	
598	-1.4473006514e+00	
599	-1.4533438384e+00	
600	-1.4590658299e+00	
601	-1.4642976816e+00	
602	-1.4687783733e+00	
603	-1.4727967910e+00	
604	-1.4762714075e+00	
605	-1.4795350281e+00	
606	-1.4825486114e+00	
607	-1.4852620015e+00	
608	-1.4878540807e+00	
609	-1.4902995986e+00	
610	-1.4924342923e+00	
611	-1.4945277417e+00	
612	-1.4971259946e+00	
613	-1.4988142652e+00	
614	-1.5005207692e+00	
615	-1.5023678480e+00	
616	-1.5033150385e+00	
617	-1.5041424027e+00	
618	-1.5046244433e+00	
619	-1.5061816759e+00	
620	-1.5082530582e+00	
621	-1.5093777145e+00	
622	-1.5130826857e+00	
623	-1.5157581578e+00	
624	-1.5185796863e+00	
625	-1.5217054849e+00	
626	-1.5228509869e+00	
627	-1.5239868522e+00	
628	-1.5249040128e+00	
629	-1.5258635985e+00	
630	-1.5267585457e+00	
631	-1.5292201798e+00	
632	-1.5320015282e+00	
633	-1.5342055069e+00	
634	-1.5362962274e+00	
635	-1.5383829681e+00	
636	-1.5411086425e+00	
637	-1.5429352813e+00	
638	-1.5450593160e+00	
639	-1.5473133615e+00	
640	-1.5497668724e+00	
641	-1.5521837545e+00	
642	-1.5550674667e+00	
643	-1.5581901595e+00	
644	-1.5616715553e+00	
645	-1.5652493102e+00	
646	-1.5686595356e+00	
647	-1.5712659122e+00	
648	-1.5741240205e+00	
649	-1.5771078416e+00	
650	-1.5801093652e+00	
651	-1.5840214039e+00	
652	-1.5884939588e+00	
653	-1.5919717807e+00	
654	-1.5942502534e+00	
655	-1.5972591140e+00	
656	-1.5993654602e+00	
657	-1.6007900275e+00	
658	-1.6003745122e+00	
659	-1.6019278897e+00	
660	-1.5984689038e+00	
661	-1.5957530554e+00	
662	-1.5981946831e+00	
663	-1.5999396233e+00	
664	-1.6038564729e+00	
665	-1.6093965272e+00	
666	-1.6139452099e+00	
667	-1.6172662069e+00	
668	-1.6203197579e+00	
669	-1.6217968465e+00	
670	-1.6212612578e+00	
671	-1.6168459509e+00	
672	-1.6148029565e+00	
673	-1.6134544286e+00	
674	-1.6131512558e+00	
675	-1.6138157340e+00	
676	-1.6152669637e+00	
677	-1.6160731897e+00	
678	-1.6162955279e+00	
679	-1.6158788503e+00	
680	-1.6167718051e+00	
681	-1.6181708150e+00	
682	-1.6220214387e+00	
683	-1.6242359379e+00	
684	-1.6257233104e+00	
685	-1.6259723465e+00	
686	-1.6271048665e+00	
687	-1.6303430592e+00	
688	-1.6357165149e+00	
689	-1.6419590415e+00	
690	-1.6486581867e+00	
691	-1.6558526291e+00	
692	-1.6615714912e+00	
693	-1.6674822621e+00	
694	-1.6732212239e+00	
695	-1.6791167917e+00	
696	-1.6838601947e+00	
697	-1.6893008913e+00	
698	-1.6949367820e+00	
699	-1.6977021335e+00	
700	-1.6986553943e+00	
701	-1.6993970850e+00	
702	-1.7009101653e+00	
703	-1.7017752452e+00	
704	-1.7004406778e+00	
705	-1.6983192836e+00	
706	-1.6953060808e+00	
707	-1.6938615644e+00	
708	-1.6917694792e+00	
709	-1.6873238221e+00	
710	-1.6821025337e+00	
711	-1.6779653540e+00	
712	-1.6727727951e+00	
713	-1.6673840987e+00	
714	-1.6610400603e+00	
715	-1.6541544526e+00	
716	-1.6491113064e+00	
717	-1.6444347641e+00	
718	-1.6391317913e+00	
719	-1.6338594116e+00	
720	-1.6266133076e+00	
721	-1.6196686625e+00	
722	-1.6127294333e+00	
723	-1.6045359912e+00	
724	-1.5965110216e+00	
725	-1.5906663566e+00	
726	-1.5850060700e+00	
727	-1.5807506290e+00	
728	-1.5759022341e+00	
729	-1.5701305330e+00	
730	-1.5668066871e+00	
731	-1.5616205528e+00	
732	-1.5560705310e+00	
733	-1.5529457340e+00	
734	-1.5486142758e+00	
735	-1.5455764723e+00	
736	-1.5431556426e+00	
737	-1.5411284075e+00	
738	-1.5400943818e+00	
739	-1.5371926181e+00	
740	-1.5347132324e+00	
741	-1.5310508513e+00	
742	-1.5269618439e+00	
743	-1.5234264265e+00	
744	-1.5179805789e+00	
745	-1.5139878942e+00	
746	-1.5091740746e+00	
747	-1.5037518438e+00	
748	-1.5021860003e+00	
749	-1.5038716728e+00	
750	-1.5046468345e+00	
751	-1.5053043688e+00	
752	-1.5066940302e+00	
753	-1.5082293633e+00	
754	-1.5094778973e+00	
755	-1.5111130969e+00	
756	-1.5127230488e+00	
757	-1.5157302386e+00	
758	-1.5192045157e+00	
759	-1.5226556632e+00	
760	-1.5258018891e+00	
761	-1.5295721530e+00	
762	-1.5280825587e+00	
763	-1.5254808816e+00	
764	-1.5199241786e+00	
765	-1.5153856531e+00	
766	-1.5104277113e+00	
767	-1.5024601939e+00	
768	-1.4958667169e+00	
769	-1.4876129357e+00	
770	-1.4773877577e+00	
771	-1.4676817276e+00	
772	-1.4523721686e+00	
773	-1.4408147630e+00	
774	-1.4269785101e+00	
775	-1.4145369627e+00	
776	-1.4044758341e+00	
777	-1.3879461129e+00	
778	-1.3692853897e+00	
779	-1.3518733242e+00	
780	-1.3301882962e+00	
781	-1.3129015221e+00	
782	-1.2898396895e+00	
783	-1.2679544356e+00	
784	-1.2445720032e+00	
785	-1.2199340808e+00	
786	-1.1973268339e+00	
787	-1.1718714672e+00	
788	-1.1505254013e+00	
789	-1.1221850965e+00	
790	-1.0960114403e+00	
791	-1.0736189496e+00	
792	-1.0461789194e+00	
793	-1.0220893398e+00	
794	-9.9833313340e-01	
795	-9.7310741502e-01	
796	-9.4897147586e-01	
797	-9.2418824562e-01	
798	-8.9924697119e-01	
799	-8.7463849721e-01	
800	-8.5016982475e-01	
801	-8.2590115229e-01	
802	-8.0237183870e-01	
803	-7.7806874245e-01	
804	-7.5666266396e-01	
805	-7.3522746324e-01	
806	-7.1206896860e-01	
807	-6.9076598359e-01	
808	-6.7122940418e-01	
809	-6.5020768013e-01	
810	-6.3269808361e-01	
811	-6.1482234786e-01	
812	-5.9858167598e-01	
813	-5.8148229336e-01	
814	-5.6664445037e-01	
815	-5.5298289415e-01	
816	-5.3931653359e-01	
817	-5.2610409121e-01	
818	-5.1531709585e-01	
819	-5.0191721724e-01	
820	-4.9010635649e-01	
821	-4.7843812016e-01	
822	-4.6769004045e-01	
823	-4.5747966502e-01	
824	-4.4873401442e-01	
825	-4.4091752284e-01	
826	-4.3732485315e-01	
827	-4.3502550091e-01	
828	-4.3440826411e-01	
829	-4.3421405636e-01	
830	-4.3532805195e-01	
831	-4.3753852473e-01	
832	-4.4079008219e-01	
833	-4.4440379336e-01	
834	-4.5062163047e-01	
835	-4.5804606085e-01	
836	-4.6610642433e-01	
837	-4.7500443464e-01	
838	-4.8612009569e-01	
839	-4.9914008297e-01	
840	-5.1300273649e-01	
841	-5.2926001940e-01	
842	-5.4778111291e-01	
843	-5.6898938207e-01	
844	-5.9151195452e-01	
845	-6.1595546063e-01	
846	-6.4379973960e-01	
847	-6.7372550908e-01	
848	-7.0235141508e-01	
849	-7.3059950641e-01	
850	-7.6344448456e-01	
851	-7.9031398717e-01	
852	-8.1898058324e-01	
853	-8.4749560431e-01	
854	-8.7394794400e-01	
855	-8.9717435183e-01	
856	-9.2243234565e-01	
857	-9.4674683622e-01	
858	-9.6976845680e-01	
859	-9.9210478862e-01	
860	-1.0149173796e+00	
861	-1.0370246471e+00	
862	-1.0587869100e+00	
863	-1.0792312195e+00	
864	-1.1010012958e+00	
865	-1.1211446049e+00	
866	-1.1406506887e+00	
867	-1.1603524646e+00	
868	-1.1794427143e+00	
869	-1.1975135295e+00	
870	-1.2145864757e+00	
871	-1.2319791059e+00	
872	-1.2481302911e+00	
873	-1.2647550403e+00	
874	-1.2812925858e+00	
875	-1.2964203162e+00	
876	-1.3114163479e+00	
877	-1.3260342905e+00	
878	-1.3400657480e+00	
879	-1.3527405850e+00	
880	-1.3650331405e+00	
881	-1.3766482130e+00	
882	-1.3874770975e+00	
883	-1.3982957597e+00	
884	-1.4082673694e+00	
885	-1.4176903608e+00	
886	-1.4261584098e+00	
887	-1.4338925289e+00	
888	-1.4410459120e+00	
889	-1.4474448036e+00	
890	-1.4531419518e+00	
891	-1.4588599577e+00	
892	-1.4639838702e+00	
893	-1.4684452240e+00	
894	-1.4724115685e+00	
895	-1.4758541802e+00	
896	-1.4788975432e+00	
897	-1.4817873864e+00	
898	-1.4844822990e+00	
899	-1.4870423383e+00	
900	-1.4893114602e+00	
901	-1.4915280504e+00	
902	-1.4940159762e+00	
903	-1.4958688378e+00	
904	-1.4974454665e+00	
905	-1.4992927850e+00	
906	-1.5005729302e+00	
907	-1.5011704403e+00	
908	-1.5009069461e+00	
909	-1.5016993640e+00	
910	-1.5037546747e+00	
911	-1.5037701272e+00	
912	-1.5072737454e+00	
913	-1.5094074842e+00	
914	-1.5124219794e+00	
915	-1.5155555461e+00	
916	-1.5169154027e+00	
917	-1.5183657878e+00	
918	-1.5189057893e+00	
919	-1.5197198668e+00	
920	-1.5210852167e+00	
921	-1.5233438848e+00	
922	-1.5252618497e+00	
923	-1.5268682854e+00	
924	-1.5282736655e+00	
925	-1.5299062026e+00	
926	-1.5317224205e+00	
927	-1.5332788265e+00	
928	-1.5349981194e+00	
929	-1.5367469445e+00	
930	-1.5388784482e+00	
931	-1.5410021023e+00	
932	-1.5436905667e+00	
933	-1.5466503085e+00	
934	-1.5503040257e+00	
935	-1.5543734477e+00	
936	-1.5579075476e+00	
937	-1.5611685079e+00	
938	-1.5654201479e+00	
939	-1.5707744890e+00	
940	-1.5752751564e+00	
941	-1.5777544174e+00	
942	-1.5819694066e+00	
943	-1.5847191767e+00	
944	-1.5883533086e+00	
945	-1.5917430207e+00	
946	-1.5968329085e+00	
947	-1.6019359736e+00	
948	-1.6037917206e+00	
949	-1.6027425535e+00	
950	-1.6032259294e+00	
951	-1.6068997142e+00	
952	-1.6113701341e+00	
953	-1.6145662844e+00	
954	-1.6170587509e+00	
955	-1.6192070271e+00	
956	-1.6188776483e+00	
957	-1.6170860223e+00	
958	-1.6152246972e+00	
959	-1.6133921401e+00	
960	-1.6121836608e+00	
961	-1.6123309211e+00	
962	-1.6116541277e+00	
963	-1.6112512532e+00	
964	-1.6127050692e+00	
965	-1.6123236101e+00	
966	-1.6119667485e+00	
967	-1.6135713075e+00	
968	-1.6122731408e+00	
969	-1.6099373095e+00	
970	-1.6107724394e+00	
971	-1.6136095785e+00	
972	-1.6154820391e+00	
973	-1.6164754040e+00	
974	-1.6163845876e+00	
975	-1.6174056718e+00	
976	-1.6205277396e+00	
977	-1.6231464792e+00	
978	-1.6272135124e+00	
979	-1.6319107886e+00	
980	-1.6383473185e+00	
981	-1.6429234041e+00	
982	-1.6470536968e+00	
983	-1.6521476822e+00	
984	-1.6557605485e+00	
985	-1.6588551572e+00	
986	-1.6619883754e+00	
987	-1.6634325231e+00	
988	-1.6645263622e+00	
989	-1.6653154037e+00	
990	-1.6626836487e+00	
991	-1.6611873964e+00	
992	-1.6611431893e+00	
993	-1.6598737166e+00	
994	-1.6573541826e+00	
995	-1.6542724920e+00	
996	-1.6500561996e+00	
997	-1.6458856978e+00	
998	-1.6400384846e+00	
999	-1.6341767073e+00	
1000	-1.6282254616e+00	
1001	-1.6207097584e+00	
1002	-1.6113883371e+00	
1003	-1.6021038982e+00	
1004	-1.5929837543e+00	
1005	-1.5828137741e+00	
1006	-1.5715698603e+00	
1007	-1.5604253421e+00	
1008	-1.5505319888e+00	
1009	-1.5406458678e+00	
1010	-1.5323606111e+00	
1011	-1.5235578720e+00	
1012	-1.5156209166e+00	
1013	-1.5055682856e+00	
1014	-1.4977511969e+00	
1015	-1.4925736417e+00	
1016	-1.4857691165e+00	
1017	-1.4797824917e+00	
1018	-1.4735597178e+00	
1019	-1.4711752840e+00	
1020	-1.4667997485e+00	
1021	-1.4658384105e+00	
1022	-1.4663034787e+00	
1023	-1.4677251621e+00	
1024	-1.4690511650e+00	
1025	-1.4690731832e+00	
1026	-1.4695363256e+00	
1027	-1.4701605110e+00	
1028	-1.4718789752e+00	
1029	-1.4729359358e+00	
1030	-1.4721983960e+00	
1031	-1.4733464108e+00	
1032	-1.4714415606e+00	
1033	-1.4705534977e+00	
1034	-1.4672029922e+00	
1035	-1.4627138208e+00	
1036	-1.4585127643e+00	
1037	-1.4531292245e+00	
1038	-1.4484683697e+00	
1039	-1.4464049782e+00	
1040	-1.4450627111e+00	
1041	-1.4461816886e+00	
1042	-1.4444953229e+00	
1043	-1.4412043067e+00	
1044	-1.4360211885e+00	
1045	-1.4324005825e+00	
1046	-1.4278210068e+00	
1047	-1.4229035447e+00	
1048	-1.4111075697e+00	
1049	-1.3971724619e+00	
1050	-1.3791631312e+00	
1051	-1.3585979413e+00	
1052	-1.3347018529e+00	
1053	-1.3154504742e+00	
1054	-1.2936720933e+00	
1055	-1.2733005965e+00	
1056	-1.2563714771e+00	
1057	-1.2365379746e+00	
1058	-1.2140461326e+00	
1059	-1.1962834082e+00	
1060	-1.1771046521e+00	
1061	-1.1575455029e+00	
1062	-1.1369788821e+00	
1063	-1.1159271374e+00	
1064	-1.0962555625e+00	
1065	-1.0753281609e+00	
1066	-1.0566152046e+00	
1067	-1.0352157583e+00	
1068	-1.0154175715e+00	
1069	-9.9464625564e-01	
1070	-9.7342995733e-01	
1071	-9.5126015218e-01	
1072	-9.2752241129e-01	
1073	-9.0537225710e-01	
1074	-8.7940894511e-01	
1075	-8.5414808901e-01	
1076	-8.2999518475e-01	
1077	-8.0076397125e-01	
1078	-7.7593579219e-01	
1079	-7.4977140098e-01	
1080	-7.2258822528e-01	
1081	-7.0001912506e-01	
1082	-6.7650128618e-01	
1083	-6.5398179633e-01	
1084	-6.3517295840e-01	
1085	-6.1692078713e-01	
1086	-6.0159705326e-01	
1087	-5.8694838639e-01	
1088	-5.7484882713e-01	
1089	-5.6295515338e-01	
1090	-5.5274200256e-01	
1091	-5.4440141503e-01	
1092	-5.3771420409e-01	
1093	-5.3145610807e-01	
1094	-5.2585174310e-01	
1095	-5.2093442104e-01	
1096	-5.1637421648e-01	
1097	-5.1246711666e-01	
1098	-5.0880821789e-01	
1099	-5.0662130006e-01	
1100	-5.0303543258e-01	
1101	-5.0093489244e-01	
1102	-4.9795790719e-01	
1103	-4.9528719267e-01	
1104	-4.9239074041e-01	
1105	-4.8925741389e-01	
1106	-4.8796519070e-01	
1107	-4.8737283163e-01	
1108	-4.8841894154e-01	
1109	-4.8975926744e-01	
1110	-4.9262870782e-01	
1111	-4.9615164190e-01	
1112	-5.0085097997e-01	
1113	-5.0762786231e-01	
1114	-5.1546346539e-01	
1115	-5.2495704553e-01	
1116	-5.3690215850e-01	
1117	-5.5000786976e-01	
1118	-5.6384487677e-01	
1119	-5.8002480279e-01	
1120	-5.9748805879e-01	
1121	-6.1795470626e-01	
1122	-6.3701923988e-01	
1123	-6.6241062560e-01	
1124	-6.8379388677e-01	
1125	-7.0343559329e-01	
1126	-7.2358176098e-01	
1127	-7.4342418204e-01	
1128	-7.6166802357e-01	
1129	-7.7862855938e-01	
1130	-7.9742482387e-01	
1131	-8.1547541026e-01	
1132	-8.3368954623e-01	
1133	-8.5103779438e-01	
1134	-8.6965641228e-01	
1135	-8.8753086945e-01	
1136	-9.0577671450e-01	
1137	-9.2308562155e-01	
1138	-9.4179180905e-01	
1139	-9.6015948299e-01	
1140	-9.7834432451e-01	
1141	-9.9620447265e-01	
1142	-1.0150327909e+00	
1143	-1.0342468694e+00	
1144	-1.0530710777e+00	
1145	-1.0710984701e+00	
1146	-1.0896885372e+00	
1147	-1.1074686532e+00	
1148	-1.1252224197e+00	
1149	-1.1433401077e+00	
1150	-1.1599758474e+00	
1151	-1.1764373758e+00	
1152	-1.1924247146e+00	
1153	-1.2083266288e+00	
1154	-1.2231980029e+00	
1155	-1.2383803437e+00	
1156	-1.2529289139e+00	
1157	-1.2674548626e+00	
1158	-1.2807385673e+00	
1159	-1.2938463590e+00	
1160	-1.3060346247e+00	
1161	-1.3176250743e+00	
1162	-1.3282525325e+00	
1163	-1.3383002332e+00	
1164	-1.3478300680e+00	
1165	-1.3571542344e+00	
1166	-1.3657590954e+00	
1167	-1.3736917476e+00	
1168	-1.3808605355e+00	
1169	-1.3873563394e+00	
1170	-1.3935976580e+00	
1171	-1.3989455638e+00	
1172	-1.4037191066e+00	
1173	-1.4084303755e+00	
1174	-1.4128256210e+00	
1175	-1.4167065174e+00	
1176	-1.4201884650e+00	
1177	-1.4231862394e+00	
1178	-1.4259854135e+00	
1179	-1.4287086662e+00	
1180	-1.4312340566e+00	
1181	-1.4338934126e+00	
1182	-1.4365014016e+00	
1183	-1.4390325914e+00	
1184	-1.4418930729e+00	
1185	-1.4446829321e+00	
1186	-1.4471483640e+00	
1187	-1.4498287044e+00	
1188	-1.4525016268e+00	
1189	-1.4543931206e+00	
1190	-1.4557667149e+00	
1191	-1.4580137343e+00	
1192	-1.4613387300e+00	
1193	-1.4631010599e+00	
1194	-1.4677922277e+00	
1195	-1.4716418024e+00	
1196	-1.4759326632e+00	
1197	-1.4802682571e+00	
1198	-1.4834729272e+00	
1199	-1.4862010023e+00	
1200	-1.4882987815e+00	
1201	-1.4907417378e+00	
1202	-1.4928483147e+00	
1203	-1.4958810280e+00	
1204	-1.4998203812e+00	
1205	-1.5031163934e+00	
1206	-1.5062175470e+00	
1207	-1.5095085095e+00	
1208	-1.5133962940e+00	
1209	-1.5163797296e+00	
1210	-1.5196392658e+00	
1211	-1.5229419252e+00	
1212	-1.5265105892e+00	
1213	-1.5300602048e+00	
1214	-1.5340234950e+00	
1215	-1.5385060632e+00	
1216	-1.5429507615e+00	
1217	-1.5476482787e+00	
1218	-1.5520621023e+00	
1219	-1.5558284341e+00	
1220	-1.5596705001e+00	
1221	-1.5636409087e+00	
1222	-1.5675893998e+00	
1223	-1.5727396727e+00	
1224	-1.5780827972e+00	
1225	-1.5821252924e+00	
1226	-1.5849893772e+00	
1227	-1.5894291387e+00	
1228	-1.5925271865e+00	
1229	-1.5958146749e+00	
1230	-1.5971374421e+00	
1231	-1.5997970175e+00	
1232	-1.5977652440e+00	
1233	-1.5931534247e+00	
1234	-1.5899603507e+00	
1235	-1.5871344329e+00	
1236	-1.5912292873e+00	
1237	-1.5963007501e+00	
1238	-1.5993241319e+00	
1239	-1.6027913840e+00	
1240	-1.6064111132e+00	
1241	-1.6078746366e+00	
1242	-1.6064516947e+00	
1243	-1.6022585094e+00	
1244	-1.6004371717e+00	
1245	-1.5993780355e+00	
1246	-1.6001905669e+00	
1247	-1.6009236737e+00	
1248	-1.6021395199e+00	
1249	-1.6044143054e+00	
1250	-1.6053434318e+00	
1251	-1.6052335342e+00	
1252	-1.6057276266e+00	
1253	-1.6062592629e+00	
1254	-1.6098466028e+00	
1255	-1.6138178266e+00	
1256	-1.6146916104e+00	
1257	-1.6142406502e+00	
1258	-1.6167424593e+00	
1259	-1.6202044692e+00	
1260	-1.6242184940e+00	
1261	-1.6298045576e+00	
1262	-1.6366740789e+00	
1263	-1.6434124155e+00	
1264	-1.6498226064e+00	
1265	-1.6552773084e+00	
1266	-1.6606286326e+00	
1267	-1.6656280227e+00	
1268	-1.6708193720e+00	
1269	-1.6742590000e+00	
1270	-1.6780058017e+00	
1271	-1.6811014837e+00	
1272	-1.6819840676e+00	
1273	-1.6829506759e+00	
1274	-1.6827817223e+00	
1275	-1.6809042745e+00	
1276	-1.6780587519e+00	
1277	-1.6761998441e+00	
1278	-1.6737689096e+00	
1279	-1.6697996900e+00	
1280	-1.6668770895e+00	
1281	-1.6630264547e+00	
1282	-1.6589996984e+00	
1283	-1.6547484442e+00	
1284	-1.6498855351e+00	
1285	-1.6433371607e+00	
1286	-1.6380093626e+00	
1287	-1.6325152450e+00	
1288	-1.6254209503e+00	
1289	-1.6194507446e+00	
1290	-1.6131477131e+00	
1291	-1.6053689911e+00	
1292	-1.6005539629e+00	
1293	-1.5930921153e+00	
1294	-1.5838524648e+00	
1295	-1.5772409245e+00	
1296	-1.5710381825e+00	
1297	-1.5651595363e+00	
1298	-1.5587770825e+00	
1299	-1.5542631838e+00	
1300	-1.5499949981e+00	
1301	-1.5427665991e+00	
1302	-1.5369479436e+00	
1303	-1.5315367079e+00	
1304	-1.5252933794e+00	
1305	-1.5201539942e+00	
1306	-1.5143807654e+00	
1307	-1.5088614376e+00	
1308	-1.5028716046e+00	
1309	-1.4967741675e+00	
1310	-1.4919225911e+00	
1311	-1.4861358618e+00	
1312	-1.4798673665e+00	
1313	-1.4734210535e+00	
1314	-1.4658123741e+00	
1315	-1.4601868360e+00	
1316	-1.4558542965e+00	
1317	-1.4532894281e+00	
1318	-1.4527496311e+00	
1319	-1.4520445944e+00	
1320	-1.4550997107e+00	
1321	-1.4580609826e+00	
1322	-1.4606448021e+00	
1323	-1.4640734317e+00	
1324	-1.4689596233e+00	
1325	-1.4737129556e+00	
1326	-1.4777989746e+00	
1327	-1.4834118154e+00	
1328	-1.4879691815e+00	
1329	-1.4933545839e+00	
1330	-1.4994620185e+00	
1331	-1.5057184118e+00	
1332	-1.5101343567e+00	
1333	-1.5147413571e+00	
1334	-1.5142981468e+00	
1335	-1.5135971923e+00	
1336	-1.5114324451e+00	
1337	-1.5092497437e+00	
1338	-1.5057097497e+00	
1339	-1.4990151370e+00	
1340	-1.4938677041e+00	
1341	-1.4857622562e+00	
1342	-1.4759342585e+00	
1343	-1.4644154961e+00	
1344	-1.4490294665e+00	
1345	-1.4332992606e+00	
1346	-1.4205494378e+00	
1347	-1.4032924354e+00	
1348	-1.3882403817e+00	
1349	-1.3687596528e+00	
1350	-1.3462490615e+00	
1351	-1.3256552414e+00	
1352	-1.3035522749e+00	
1353	-1.2846254547e+00	
1354	-1.2587766492e+00	
1355	-1.2380877292e+00	
1356	-1.2125082428e+00	
1357	-1.1917386963e+00	
1358	-1.1654758537e+00	
1359	-1.1419142355e+00	
1360	-1.1185361769e+00	
1361	-1.0904978021e+00	
1362	-1.0679743220e+00	
1363	-1.0427497970e+00	
1364	-1.0166927776e+00	
1365	-9.9356141432e-01	
1366	-9.6786448907e-01	
1367	-9.4304279917e-01	
1368	-9.1857334309e-01	
1369	-8.9247181766e-01	
1370	-8.6754197148e-01	
1371	-8.4277231939e-01	
1372	-8.1907266723e-01	
1373	-7.9439405575e-01	
1374	-7.6991140937e-01	
1375	-7.4556690004e-01	
1376	-7.2364864799e-01	
1377	-7.0147039520e-01	
1378	-6.7814647306e-01	
1379	-6.5806547439e-01	
1380	-6.3773059864e-01	
1381	-6.1692922230e-01	
1382	-5.9930883997e-01	
1383	-5.8091576056e-01	
1384	-5.6445565301e-01	
1385	-5.4860613607e-01	
1386	-5.3363068494e-01	
1387	-5.1982198004e-01	
1388	-5.0571844659e-01	
1389	-4.9359999432e-01	
1390	-4.8279435152e-01	
1391	-4.7124412527e-01	
1392	-4.6120458527e-01	
1393	-4.5057043604e-01	
1394	-4.4100363981e-01	
1395	-4.3171139575e-01	
1396	-4.2413238144e-01	
1397	-4.1733792469e-01	
1398	-4.1412413254e-01	
1399	-4.1137821278e-01	
1400	-4.1116803628e-01	
1401	-4.1235179449e-01	
1402	-4.1544641701e-01	
1403	-4.1904462925e-01	
1404	-4.2313332527e-01	
1405	-4.2953130601e-01	
1406	-4.3728730620e-01	
1407	-4.4623448364e-01	
1408	-4.5618629558e-01	
1409	-4.6751744704e-01	
1410	-4.8112288828e-01	
1411	-4.9559832773e-01	
1412	-5.1208535839e-01	
1413	-5.3079935019e-01	
1414	-5.5194745043e-01	
1415	-5.7563282909e-01	
1416	-6.0040710224e-01	
1417	-6.2770847550e-01	
1418	-6.5732112534e-01	
1419	-6.8610764491e-01	
1420	-7.1405644118e-01	
1421	-7.4695723396e-01	
1422	-7.7640950459e-01	
1423	-8.0355991524e-01	
1424	-8.3237414935e-01	
1425	-8.5980962193e-01	
1426	-8.8342337843e-01	
1427	-9.0910416833e-01	
1428	-9.3342215885e-01	
1429	-9.5732082717e-01	
1430	-9.7962452934e-01	
1431	-1.0024641828e+00	
1432	-1.0250536101e+00	
1433	-1.0470235870e+00	
1434	-1.0681374729e+00	
1435	-1.0895230406e+00	
1436	-1.1103526745e+00	
1437	-1.1310723295e+00	
1438	-1.1503721074e+00	
1439	-1.1704566700e+00	
1440	-1.1888136961e+00	
1441	-1.2063344488e+00	
1442	-1.2225878049e+00	
1443	-1.2399283954e+00	
1444	-1.2569616022e+00	
1445	-1.2738367407e+00	
1446	-1.2894188144e+00	
1447	-1.3044768101e+00	
1448	-1.3191632319e+00	
1449	-1.3325431932e+00	
1450	-1.3450912892e+00	
1451	-1.3567164744e+00	
1452	-1.3681026774e+00	
1453	-1.3791107347e+00	
1454	-1.3896008769e+00	
1455	-1.3991300398e+00	
1456	-1.4083324532e+00	
1457	-1.4166316155e+00	
1458	-1.4242634382e+00	
1459	-1.4317097538e+00	
1460	-1.4382698629e+00	
1461	-1.4435674488e+00	
1462	-1.4487666025e+00	
1463	-1.4531139728e+00	
1464	-1.4568909129e+00	
1465	-1.4605447332e+00	
1466	-1.4635991487e+00	
1467	-1.4665031415e+00	
1468	-1.4691321615e+00	
1469	-1.4715302102e+00	
1470	-1.4734631051e+00	
1471	-1.4758664868e+00	
1472	-1.4781599476e+00	
1473	-1.4796219576e+00	
1474	-1.4809225406e+00	
1475	-1.4820084296e+00	
1476	-1.4825583361e+00	
1477	-1.4821933977e+00	
1478	-1.4822820853e+00	
1479	-1.4834896656e+00	
1480	-1.4831018850e+00	
1481	-1.4855008454e+00	
1482	-1.4866361043e+00	
1483	-1.4886020140e+00	
1484	-1.4903950360e+00	
1485	-1.4907989779e+00	
1486	-1.4911807092e+00	
1487	-1.4908192503e+00	
1488	-1.4913017291e+00	
1489	-1.4919961098e+00	
1490	-1.4932732414e+00	
1491	-1.4929970825e+00	
1492	-1.4933577938e+00	
1493	-1.4931622393e+00	
1494	-1.4935698409e+00	
1495	-1.4944395305e+00	
1496	-1.4957999150e+00	
1497	-1.4971174258e+00	
1498	-1.4981526511e+00	
1499	-1.4999309789e+00	
1500	-1.5021578002e+00	
1501	-1.5053096355e+00	
1502	-1.5089197619e+00	
1503	-1.5121516384e+00	
1504	-1.5155968320e+00	
1505	-1.5197829373e+00	
1506	-1.5244137768e+00	
1507	-1.5281217915e+00	
1508	-1.5321134855e+00	
1509	-1.5362574388e+00	
1510	-1.5413511480e+00	
1511	-1.5455864398e+00	
1512	-1.5483223480e+00	
1513	-1.5508292750e+00	
1514	-1.5520227572e+00	
1515	-1.5535161681e+00	
1516	-1.5548275926e+00	
1517	-1.5564509196e+00	
1518	-1.5593971103e+00	
1519	-1.5626946685e+00	
1520	-1.5659414548e+00	
1521	-1.5674309177e+00	
1522	-1.5667919184e+00	
1523	-1.5671389306e+00	
1524	-1.5666036251e+00	
1525	-1.5642079005e+00	
1526	-1.5630118082e+00	
1527	-1.5620347491e+00	
1528	-1.5617355314e+00	
1529	-1.5603957776e+00	
1530	-1.5581463514e+00	
1531	-1.5579767018e+00	
1532	-1.5563626570e+00	
1533	-1.5531590341e+00	
1534	-1.5539938636e+00	
1535	-1.5521717903e+00	
1536	-1.5489398715e+00	
1537	-1.5484955885e+00	
1538	-1.5485086797e+00	
1539	-1.5499962059e+00	
1540	-1.5505809538e+00	
1541	-1.5492814132e+00	
1542	-1.5498649066e+00	
1543	-1.5514767852e+00	
1544	-1.5529938574e+00	
1545	-1.5555570141e+00	
1546	-1.5591749014e+00	
1547	-1.5621167776e+00	
1548	-1.5663027630e+00	
1549	-1.5696657790e+00	
1550	-1.5717683320e+00	
1551	-1.5750028719e+00	
1552	-1.5759233098e+00	
1553	-1.5762842580e+00	
1554	-1.5779736351e+00	
1555	-1.5773079592e+00	
1556	-1.5770106966e+00	
1557	-1.5780563904e+00	
1558	-1.5773355367e+00	
1559	-1.5780596635e+00	
1560	-1.5776871657e+00	
1561	-1.5777227011e+00	
1562	-1.5752502102e+00	
1563	-1.5726527699e+00	
1564	-1.5686597805e+00	
1565	-1.5640496239e+00	
1566	-1.5587123886e+00	
1567	-1.5527130901e+00	
1568	-1.5453596919e+00	
1569	-1.5388353369e+00	
1570	-1.5315053205e+00	
1571	-1.5227067979e+00	
1572	-1.5147799212e+00	
1573	-1.5059681859e+00	
1574	-1.4970424805e+00	
1575	-1.4897167887e+00	
1576	-1.4833208474e+00	
1577	-1.4746998857e+00	
1578	-1.4663039329e+00	
1579	-1.4575879447e+00	
1580	-1.4479628333e+00	
1581	-1.4403305987e+00	
1582	-1.4306733125e+00	
1583	-1.4228959629e+00	
1584	-1.4176725298e+00	
1585	-1.4133140053e+00	
1586	-1.4102747089e+00	
1587	-1.4089822597e+00	
1588	-1.4100305262e+00	
1589	-1.4094887979e+00	
1590	-1.4102243769e+00	
1591	-1.4132805886e+00	
1592	-1.4159526242e+00	
1593	-1.4173537453e+00	
1594	-1.4182615440e+00	
1595	-1.4202208472e+00	
1596	-1.4205077036e+00	
1597	-1.4202279314e+00	
1598	-1.4183984255e+00	
1599	-1.4153786360e+00	
1600	-1.4122838697e+00	
1601	-1.4079935188e+00	
1602	-1.4036246058e+00	
1603	-1.3982276038e+00	
1604	-1.3925193766e+00	
1605	-1.3887110655e+00	
1606	-1.3851157828e+00	
1607	-1.3814870736e+00	
1608	-1.3770529485e+00	
1609	-1.3731800366e+00	
1610	-1.3711531730e+00	
1611	-1.3648731976e+00	
1612	-1.3542862859e+00	
1613	-1.3391375820e+00	
1614	-1.3241064815e+00	
1615	-1.3034354958e+00	
1616	-1.2837676251e+00	
1617	-1.2621425724e+00	
1618	-1.2357523081e+00	
1619	-1.2121784086e+00	
1620	-1.1866704024e+00	
1621	-1.1572928256e+00	
1622	-1.1337486881e+00	
1623	-1.1076846004e+00	
1624	-1.0819823792e+00	
1625	-1.0569185492e+00	
1626	-1.0326912171e+00	
1627	-1.0089213882e+00	
1628	-9.8641404812e-01	
1629	-9.6376567422e-01	
1630	-9.4166159690e-01	
1631	-9.1971336067e-01	
1632	-8.9864722073e-01	
1633	-8.7853959081e-01	
1634	-8.5745052949e-01	
1635	-8.3605549154e-01	
1636	-8.1358850231e-01	
1637	-7.9475796088e-01	
1638	-7.7146359603e-01	
1639	-7.5270282136e-01	
1640	-7.3068731901e-01	
1641	-7.1028853999e-01	
1642	-6.9088045293e-01	
1643	-6.7008525878e-01	
1644	-6.5178354998e-01	
1645	-6.3241249998e-01	
1646	-6.1546859912e-01	
1647	-5.9907481409e-01	
1648	-5.8225653458e-01	
1649	-5.6916216436e-01	
1650	-5.5413221238e-01	
1651	-5.4231193342e-01	
1652	-5.3029855810e-01	
1653	-5.1980499337e-01	
1654	-5.0986115213e-01	
1655	-5.0071501690e-01	
1656	-4.9267949645e-01	
1657	-4.8564315049e-01	
1658	-4.7880808675e-01	
1659	-4.7211156563e-01	
1660	-4.6574257155e-01	
1661	-4.5936185821e-01	
1662	-4.5378579322e-01	
1663	-4.4726793791e-01	
1664	-4.4251756173e-01	
1665	-4.3807961570e-01	
1666	-4.3419264857e-01	
1667	-4.3126499187e-01	
1668	-4.2952378655e-01	
1669	-4.2934478981e-01	
1670	-4.3109340783e-01	
1671	-4.3360363641e-01	
1672	-4.3892845940e-01	
1673	-4.4606592852e-01	
1674	-4.5388744434e-01	
1675	-4.6436836413e-01	
1676	-4.7516940567e-01	
1677	-4.8726965778e-01	
1678	-5.0010172123e-01	
1679	-5.1423737104e-01	
1680	-5.2832005194e-01	
1681	-5.4412221446e-01	
1682	-5.5613187851e-01	
1683	-5.7244212336e-01	
1684	-5.8457726206e-01	
1685	-5.9581910356e-01	
1686	-6.0580795532e-01	
1687	-6.1524100906e-01	
1688	-6.2285925822e-01	
1689	-6.3074940270e-01	
1690	-6.3771041209e-01	
1691	-6.4480465580e-01	
1692	-6.5300883350e-01	
1693	-6.6044437711e-01	
1694	-6.6886490959e-01	
1695	-6.7752441548e-01	
1696	-6.8875521290e-01	
1697	-7.0063790051e-01	
1698	-7.1357343590e-01	
1699	-7.2624642553e-01	
1700	-7.4035680850e-01	
1701	-7.5498874073e-01	
1702	-7.7041343376e-01	
1703	-7.8739230100e-01	
1704	-8.0506412706e-01	
1705	-8.2271360559e-01	
1706	-8.4064776562e-01	
1707	-8.5892516258e-01	
1708	-8.7915635768e-01	
1709	-8.9809891949e-01	
1710	-9.1686499053e-01	
1711	-9.3514666217e-01	
1712	-9.5298333275e-01	
1713	-9.7250158903e-01	
1714	-9.9056353890e-01	
1715	-1.0073386773e+00	
1716	-1.0234269709e+00	
1717	-1.0395452910e+00	
1718	-1.0539702972e+00	
1719	-1.0680751811e+00	
1720	-1.0805370062e+00	
1721	-1.0925554873e+00	
1722	-1.1032363862e+00	
1723	-1.1126157577e+00	
1724	-1.1202143889e+00	
1725	-1.1272953056e+00	
1726	-1.1334834964e+00	
1727	-1.1393431433e+00	
1728	-1.1437801867e+00	
1729	-1.1475594532e+00	
1730	-1.1502340756e+00	
1731	-1.1525055166e+00	
1732	-1.1542483145e+00	
1733	-1.1556295747e+00	
1734	-1.1566296591e+00	
1735	-1.1571643173e+00	
1736	-1.1579269557e+00	
1737	-1.1583965123e+00	
1738	-1.1588387513e+00	
1739	-1.1593241953e+00	
1740	-1.1596583469e+00	
1741	-1.1601891437e+00	
1742	-1.1609609243e+00	
1743	-1.1617788738e+00	
1744	-1.1632378539e+00	
1745	-1.1644431268e+00	
1746	-1.1656573753e+00	
1747	-1.1674561588e+00	
1748	-1.1687497816e+00	
1749	-1.1693662634e+00	
1750	-1.1710975105e+00	
1751	-1.1739898863e+00	
1752	-1.1762740023e+00	
1753	-1.1818187094e+00	
1754	-1.1868849313e+00	
1755	-1.1933465862e+00	
1756	-1.1996605294e+00	
1757	-1.2049818684e+00	
1758	-1.2103545976e+00	
1759	-1.2159751670e+00	
1760	-1.2229630807e+00	
1761	-1.2293269393e+00	
1762	-1.2346005164e+00	
1763	-1.2410122512e+00	
1764	-1.2479832409e+00	
1765	-1.2548255518e+00	
1766	-1.2619310217e+00	
1767	-1.2707471676e+00	
1768	-1.2793524715e+00	
1769	-1.2875293338e+00	
1770	-1.2952149149e+00	
1771	-1.3029257724e+00	
1772	-1.3104852267e+00	
1773	-1.3180927189e+00	
1774	-1.3262021844e+00	
1775	-1.3344058393e+00	
1776	-1.3420272093e+00	
1777	-1.3498363239e+00	
1778	-1.3567182296e+00	
1779	-1.3629500548e+00	
1780	-1.3681402291e+00	
1781	-1.3717799112e+00	
1782	-1.3752054281e+00	
1783	-1.3784136469e+00	
1784	-1.3815725576e+00	
1785	-1.3866884998e+00	
1786	-1.3924163901e+00	
1787	-1.3970446577e+00	
1788	-1.4013848168e+00	
1789	-1.4058391165e+00	
1790	-1.4092729567e+00	
1791	-1.4138847758e+00	
1792	-1.4201883945e+00	
1793	-1.4244387988e+00	
1794	-1.4275152432e+00	
1795	-1.4302197528e+00	
1796	-1.4327689880e+00	
1797	-1.4344185356e+00	
1798	-1.4362370576e+00	
1799	-1.4375464174e+00	
1800	-1.4379482684e+00	
1801	-1.4398110759e+00	
1802	-1.4406904542e+00	
1803	-1.4418267987e+00	
1804	-1.4421666708e+00	
1805	-1.4420023861e+00	
1806	-1.4433793658e+00	
1807	-1.4441471048e+00	
1808	-1.4451820289e+00	
1809	-1.4462893559e+00	
1810	-1.4473271108e+00	
1811	-1.4497638741e+00	
1812	-1.4518468707e+00	
1813	-1.4541463513e+00	
1814	-1.4543847012e+00	
1815	-1.4545610534e+00	
1816	-1.4563117506e+00	
1817	-1.4593264528e+00	
1818	-1.4636796174e+00	
1819	-1.4679643177e+00	
1820	-1.4713710451e+00	
1821	-1.4766432033e+00	
1822	-1.4816563581e+00	
1823	-1.4854117415e+00	
1824	-1.4883186293e+00	
1825	-1.4912886121e+00	
1826	-1.4960934908e+00	
1827	-1.5007664835e+00	
1828	-1.5036486479e+00	
1829	-1.5057751834e+00	
1830	-1.5106782375e+00	
1831	-1.5131664402e+00	
1832	-1.5136388532e+00	
1833	-1.5144593253e+00	
1834	-1.5143450369e+00	
1835	-1.5131859020e+00	
1836	-1.5113855529e+00	
1837	-1.5102842669e+00	
1838	-1.5091675594e+00	
1839	-1.5077777709e+00	
1840	-1.5062067241e+00	
1841	-1.5033293336e+00	
1842	-1.4997380494e+00	
1843	-1.4985786933e+00	
1844	-1.4960317043e+00	
1845	-1.4922240146e+00	
1846	-1.4878965555e+00	
1847	-1.4820740501e+00	
1848	-1.4739424483e+00	
1849	-1.4661737754e+00	
1850	-1.4582910027e+00	
1851	-1.4510394352e+00	
1852	-1.4457558283e+00	
1853	-1.4399952890e+00	
1854	-1.4305836339e+00	
1855	-1.4223818294e+00	
1856	-1.4162031953e+00	
1857	-1.4082219543e+00	
1858	-1.4009823766e+00	
1859	-1.3948329714e+00	
1860	-1.3893617650e+00	
1861	-1.3838947024e+00	
1862	-1.3798147384e+00	
1863	-1.3777710002e+00	
1864	-1.3759580633e+00	
1865	-1.3731593399e+00	
1866	-1.3715962265e+00	
1867	-1.3694251493e+00	
1868	-1.3688214920e+00	
1869	-1.3680141129e+00	
1870	-1.3661711657e+00	
1871	-1.3653192421e+00	
1872	-1.3664940521e+00	
1873	-1.3663610760e+00	
1874	-1.3674043735e+00	
1875	-1.3677950512e+00	
1876	-1.3686511526e+00	
1877	-1.3715293816e+00	
1878	-1.3744679125e+00	
1879	-1.3767844952e+00	
1880	-1.3799069575e+00	
1881	-1.3835113626e+00	
1882	-1.3891233733e+00	
1883	-1.3925062151e+00	
1884	-1.3964681685e+00	
1885	-1.3984113904e+00	
1886	-1.3986172214e+00	
1887	-1.3995874268e+00	
1888	-1.4025108754e+00	
1889	-1.3997817922e+00	
1890	-1.3966647288e+00	
1891	-1.3900708196e+00	
1892	-1.3820585385e+00	
1893	-1.3676644969e+00	
1894	-1.3569961853e+00	
1895	-1.3439515517e+00	
1896	-1.3265364945e+00	
1897	-1.3134210158e+00	
1898	-1.2929180566e+00	
1899	-1.2741385812e+00	
1900	-1.2538826183e+00	
1901	-1.2322067426e+00	
1902	-1.2081143523e+00	
1903	-1.1813897706e+00	
1904	-1.1546506531e+00	
1905	-1.1285210640e+00	
1906	-1.1029000437e+00	
1907	-1.0762182979e+00	
1908	-1.0501914321e+00	
1909	-1.0222621497e+00	
1910	-9.9790805330e-01	
1911	-9.7038705831e-01	
1912	-9.4719308319e-01	
1913	-9.2083818930e-01	
1914	-8.9513186311e-01	
1915	-8.7287465975e-01	
1916	-8.4671116212e-01	
1917	-8.2293832457e-01	
1918	-8.0082640461e-01	
1919	-7.7634792432e-01	
1920	-7.5574247342e-01	
1921	-7.3475073415e-01	
1922	-7.1340045962e-01	
1923	-6.9622351761e-01	
1924	-6.7836518942e-01	
1925	-6.6040057662e-01	
1926	-6.4634571214e-01	
1927	-6.3184005767e-01	
1928	-6.1709471306e-01	
1929	-6.0676150958e-01	
1930	-5.9427284518e-01	
1931	-5.8438107896e-01	
1932	-5.7319744859e-01	
1933	-5.6287290225e-01	
1934	-5.5258958170e-01	
1935	-5.4218726529e-01	
1936	-5.3156660167e-01	
1937	-5.1972357381e-01	
1938	-5.0923466191e-01	
1939	-4.9812485342e-01	
1940	-4.8875365263e-01	
1941	-4.7914960017e-01	
1942	-4.7075807042e-01	
1943	-4.6300110671e-01	
1944	-4.5852408405e-01	
1945	-4.5539693411e-01	
1946	-4.5339451837e-01	
1947	-4.5193037065e-01	
1948	-4.5260288061e-01	
1949	-4.5330454686e-01	
1950	-4.5590932116e-01	
1951	-4.5948282783e-01	
1952	-4.6510720810e-01	
1953	-4.7243607652e-01	
1954	-4.8162303998e-01	
1955	-4.9145858530e-01	
1956	-5.0440583899e-01	
1957	-5.1893394681e-01	
1958	-5.3562749069e-01	
1959	-5.5517453005e-01	
1960	-5.7508801326e-01	
1961	-5.9801129128e-01	
1962	-6.2280280735e-01	
1963	-6.4692300680e-01	
1964	-6.7487159604e-01	
1965	-7.0186930385e-01	
1966	-7.2444335180e-01	
1967	-7.4896756764e-01	
1968	-7.7294362616e-01	
1969	-7.9620957802e-01	
1970	-8.1716111533e-01	
1971	-8.4017954633e-01	
1972	-8.6154723044e-01	
1973	-8.8274824451e-01	
1974	-9.0243811970e-01	
1975	-9.2317396001e-01	
1976	-9.4303697082e-01	
1977	-9.6217791514e-01	
1978	-9.8160658132e-01	
1979	-1.0007587908e+00	
1980	-1.0193661407e+00	
1981	-1.0381536753e+00	
1982	-1.0571991839e+00	
1983	-1.0762706380e+00	
1984	-1.0939945413e+00	
1985	-1.1118386599e+00	
1986	-1.1294582499e+00	
1987	-1.1470386350e+00	
1988	-1.1636354991e+00	
1989	-1.1803245515e+00	
1990	-1.1973876495e+00	
1991	-1.2141216276e+00	
1992	-1.2293316850e+00	
1993	-1.2447456806e+00	
1994	-1.2588751778e+00	
1995	-1.2731923414e+00	
1996	-1.2861699691e+00	
1997	-1.2988549631e+00	
1998	-1.3108332115e+00	
1999	-1.3226348809e+00	
2000	-1.3340299112e+00	
2001	-1.3449170857e+00	
2002	-1.3552275355e+00	
2003	-1.3646405655e+00	
2004	-1.3729114517e+00	
2005	-1.3806986206e+00	
2006	-1.3877140507e+00	
2007	-1.3939738434e+00	
2008	-1.3997797050e+00	
2009	-1.4049604801e+00	
2010	-1.4098572880e+00	
2011	-1.4140689366e+00	
2012	-1.4180341151e+00	
2013	-1.4220299204e+00	
2014	-1.4259155865e+00	
2015	-1.4297432665e+00	
2016	-1.4332553620e+00	
2017	-1.4370032719e+00	
2018	-1.4409482361e+00	
2019	-1.4443085624e+00	
2020	-1.4476342332e+00	
2021	-1.4506539379e+00	
2022	-1.4526417224e+00	
2023	-1.4537625591e+00	
2024	-1.4554916168e+00	
2025	-1.4580363592e+00	
2026	-1.4586953484e+00	
2027	-1.4622997685e+00	
2028	-1.4656037793e+00	
2029	-1.4694254646e+00	
2030	-1.4737425333e+00	
2031	-1.4772055295e+00	
2032	-1.4800114395e+00	
2033	-1.4820848878e+00	
2034	-1.4844785433e+00	
2035	-1.4870957893e+00	
2036	-1.4904661889e+00	
2037	-1.4930546345e+00	
2038	-1.4942706915e+00	
2039	-1.4956043004e+00	
2040	-1.4966884137e+00	
2041	-1.4981107442e+00	
2042	-1.5002803036e+00	
2043	-1.5021494727e+00	
2044	-1.5042368687e+00	
2045	-1.5073917625e+00	
2046	-1.5112617672e+00	
2047	-1.5159137007e+00	
2048	-1.5203423504e+00	
2049	-1.5252474047e+00	
2050	-1.5301588119e+00	
2051	-1.5344773019e+00	
2052	-1.5367922176e+00	
2053	-1.5401121399e+00	
2054	-1.5436388520e+00	
2055	-1.5468239691e+00	
2056	-1.5511160858e+00	
2057	-1.5539833235e+00	
2058	-1.5540798245e+00	
2059	-1.5546101231e+00	
2060	-1.5531072369e+00	
2061	-1.5548911141e+00	
2062	-1.5581079163e+00	
2063	-1.5595503107e+00	
2064	-1.5604451402e+00	
2065	-1.5626661535e+00	
2066	-1.5617429585e+00	
2067	-1.5593958438e+00	
2068	-1.5578603188e+00	
2069	-1.5580865213e+00	
2070	-1.5574237007e+00	
2071	-1.5570188639e+00	
2072	-1.5562103877e+00	
2073	-1.5563086170e+00	
2074	-1.5547122998e+00	
2075	-1.5513839692e+00	
2076	-1.5504406538e+00	
2077	-1.5480993217e+00	
2078	-1.5457183224e+00	
2079	-1.5449357022e+00	
2080	-1.5415525100e+00	
2081	-1.5404811849e+00	
2082	-1.5391867751e+00	
2083	-1.5374512037e+00	
2084	-1.5372842303e+00	
2085	-1.5368220866e+00	
2086	-1.5357971027e+00	
2087	-1.5359664373e+00	
2088	-1.5358346474e+00	
2089	-1.5348880038e+00	
2090	-1.5346756947e+00	
2091	-1.5338299577e+00	
2092	-1.5326491628e+00	
2093	-1.5319340746e+00	
2094	-1.5315566464e+00	
2095	-1.5308026351e+00	
2096	-1.5303024544e+00	
2097	-1.5294018100e+00	
2098	-1.5279745047e+00	
2099	-1.5278089969e+00	
2100	-1.5248391590e+00	
2101	-1.5226087224e+00	
2102	-1.5234816130e+00	
2103	-1.5237874146e+00	
2104	-1.5249152615e+00	
2105	-1.5246128690e+00	
2106	-1.5225901534e+00	
2107	-1.5202018763e+00	
2108	-1.5168139010e+00	
2109	-1.5150995763e+00	
2110	-1.5125944189e+00	
2111	-1.5076774225e+00	
2112	-1.5030785002e+00	
2113	-1.4991913026e+00	
2114	-1.4942462909e+00	
2115	-1.4875664692e+00	
2116	-1.4838733095e+00	
2117	-1.4795485332e+00	
2118	-1.4750772272e+00	
2119	-1.4711803586e+00	
2120	-1.4670207578e+00	
2121	-1.4613146489e+00	
2122	-1.4561434011e+00	
2123	-1.4520402746e+00	
2124	-1.4469206992e+00	
2125	-1.4408292587e+00	
2126	-1.4362291104e+00	
2127	-1.4323897508e+00	
2128	-1.4279036037e+00	
2129	-1.4250011239e+00	
2130	-1.4212862889e+00	
2131	-1.4186209106e+00	
2132	-1.4173154890e+00	
2133	-1.4167077655e+00	
2134	-1.4161625683e+00	
2135	-1.4161988521e+00	
2136	-1.4171970258e+00	
2137	-1.4177339611e+00	
2138	-1.4183590303e+00	
2139	-1.4199445177e+00	
2140	-1.4192384601e+00	
2141	-1.4198162314e+00	
2142	-1.4196279408e+00	
2143	-1.4185567762e+00	
2144	-1.4174373395e+00	
2145	-1.4153916054e+00	
2146	-1.4129200994e+00	
2147	-1.4108382462e+00	
2148	-1.4077577226e+00	
2149	-1.4035799788e+00	
2150	-1.4007396514e+00	
2151	-1.3971477740e+00	
2152	-1.3936892172e+00	
2153	-1.3889483707e+00	
2154	-1.3814382340e+00	
2155	-1.3707817077e+00	
2156	-1.3626125031e+00	
2157	-1.3547386274e+00	
2158	-1.3431522067e+00	
2159	-1.3278390701e+00	
2160	-1.3086695502e+00	
2161	-1.2869856228e+00	
2162	-1.2649131063e+00	
2163	-1.2427472297e+00	
2164	-1.2173806038e+00	
2165	-1.1960799729e+00	
2166	-1.1682372164e+00	
2167	-1.1428778488e+00	
2168	-1.1166314536e+00	
2169	-1.0936541320e+00	
2170	-1.0670028063e+00	
2171	-1.0438384879e+00	
2172	-1.0177795371e+00	
2173	-9.9693240804e-01	
2174	-9.7310176162e-01	
2175	-9.5189534929e-01	
2176	-9.2964534371e-01	
2177	-9.1023665414e-01	
2178	-8.8810134476e-01	
2179	-8.6783806156e-01	
2180	-8.4596214063e-01	
2181	-8.2556192649e-01	
2182	-8.0144818104e-01	
2183	-7.8029820904e-01	
2184	-7.5770118650e-01	
2185	-7.3503804699e-01	
2186	-7.1504101505e-01	
2187	-6.9249964679e-01	
2188	-6.7305129785e-01	
2189	-6.5246843587e-01	
2190	-6.3425641204e-01	
2191	-6.1555186609e-01	
2192	-5.9819231796e-01	
2193	-5.8324116494e-01	
2194	-5.6805627966e-01	
2195	-5.5619851170e-01	
2196	-5.4458874948e-01	
2197	-5.3468631334e-01	
2198	-5.2598689441e-01	
2199	-5.1832973107e-01	
2200	-5.1202034124e-01	
2201	-5.0619801646e-01	
2202	-5.0144753035e-01	
2203	-4.9600153695e-01	
2204	-4.9208717357e-01	
2205	-4.8797023464e-01	
2206	-4.8418691395e-01	
2207	-4.7963641910e-01	
2208	-4.7602414955e-01	
2209	-4.7343247321e-01	
2210	-4.7104383104e-01	
2211	-4.7003801812e-01	
2212	-4.6964783775e-01	
2213	-4.7020840820e-01	
2214	-4.7197509333e-01	
2215	-4.7589782115e-01	
2216	-4.8164640865e-01	
2217	-4.8850152508e-01	
2218	-4.9750437102e-01	
2219	-5.0831214189e-01	
2220	-5.2036180112e-01	
2221	-5.3343623206e-01	
2222	-5.5092456652e-01	
2223	-5.6839387286e-01	
2224	-5.8491858634e-01	
2225	-6.0253967148e-01	
2226	-6.2412860261e-01	
2227	-6.4384709688e-01	
2228	-6.6101027660e-01	
2229	-6.7976320376e-01	
2230	-6.9774632780e-01	
2231	-7.1583847147e-01	
2232	-7.3489745654e-01	
2233	-7.5336406547e-01	
2234	-7.7461657645e-01	
2235	-7.9581647355e-01	
2236	-8.1687840977e-01	
2237	-8.3781535691e-01	
2238	-8.5825182684e-01	
2239	-8.7865065060e-01	
2240	-8.9881230698e-01	
2241	-9.1946946977e-01	
2242	-9.4091052213e-01	
2243	-9.6260544244e-01	
2244	-9.8247464897e-01	
2245	-1.0016273507e+00	
2246	-1.0167105200e+00	
2247	-1.0326110902e+00	
2248	-1.0481808072e+00	
2249	-1.0620527107e+00	
2250	-1.0748456539e+00	
2251	-1.0856845138e+00	
2252	-1.0971322225e+00	
2253	-1.1085357038e+00	
2254	-1.1189323188e+00	
2255	-1.1282737427e+00	
2256	-1.1368415170e+00	
2257	-1.1435285873e+00	
2258	-1.1503846575e+00	
2259	-1.1566133077e+00	
2260	-1.1609112390e+00	
2261	-1.1642760917e+00	
2262	-1.1666610915e+00	
2263	-1.1687453590e+00	
2264	-1.1703362390e+00	
2265	-1.1716159923e+00	
2266	-1.1725579743e+00	
2267	-1.1736271746e+00	
2268	-1.1748809382e+00	
2269	-1.1762618024e+00	
2270	-1.1760994253e+00	
2271	-1.1741295115e+00	
2272	-1.1712063811e+00	
2273	-1.1672879273e+00	
2274	-1.1628001091e+00	
2275	-1.1567251331e+00	
2276	-1.1504323625e+00	
2277	-1.1439916619e+00	
2278	-1.1378237773e+00	
2279	-1.1321259175e+00	
2280	-1.1265974746e+00	
2281	-1.1202429980e+00	
2282	-1.1140250239e+00	
2283	-1.1080796191e+00	
2284	-1.1023084764e+00	
2285	-1.0971423018e+00	
2286	-1.0923241700e+00	
2287	-1.0880397510e+00	
2288	-1.0863944950e+00	
2289	-1.0854237530e+00	
2290	-1.0851796598e+00	
2291	-1.0864398649e+00	
2292	-1.0873078436e+00	
2293	-1.0882871735e+00	
2294	-1.0889547433e+00	
2295	-1.0920885581e+00	
2296	-1.0955978832e+00	
2297	-1.0986820581e+00	
2298	-1.1037170414e+00	
2299	-1.1103914279e+00	
2300	-1.1178504092e+00	
2301	-1.1270564706e+00	
2302	-1.1369799531e+00	
2303	-1.1483882391e+00	
2304	-1.1592786768e+00	
2305	-1.1708575655e+00	
2306	-1.1834443907e+00	
2307	-1.1962311571e+00	
2308	-1.2095708198e+00	
2309	-1.2231097474e+00	
2310	-1.2366353041e+00	
2311	-1.2503780972e+00	
2312	-1.2636223344e+00	
2313	-1.2750089564e+00	
2314	-1.2874572457e+00	
2315	-1.2964966789e+00	
2316	-1.3063126757e+00	
2317	-1.3154437463e+00	
2318	-1.3232447836e+00	
2319	-1.3325726742e+00	
2320	-1.3422743325e+00	
2321	-1.3465529357e+00	
2322	-1.3534980897e+00	
2323	-1.3604915802e+00	
2324	-1.3648260200e+00	
2325	-1.3696886828e+00	
2326	-1.3742189261e+00	
2327	-1.3790373896e+00	
2328	-1.3828348020e+00	
2329	-1.3863719985e+00	
2330	-1.3902411274e+00	
2331	-1.3931123298e+00	
2332	-1.3960766838e+00	
2333	-1.3979954846e+00	
2334	-1.3979257788e+00	
2335	-1.3989666492e+00	
2336	-1.3988233269e+00	
2337	-1.3983467169e+00	
2338	-1.3981735501e+00	
2339	-1.3962949569e+00	
2340	-1.3969398792e+00	
2341	-1.3957821860e+00	
2342	-1.3953793549e+00	
2343	-1.3947380257e+00	
2344	-1.3944464596e+00	
2345	-1.3944776131e+00	
2346	-1.3955777394e+00	
2347	-1.3960664699e+00	
2348	-1.3966688608e+00	
2349	-1.3969389011e+00	
2350	-1.3959494991e+00	
2351	-1.3974790329e+00	
2352	-1.3996565872e+00	
2353	-1.4016081595e+00	
2354	-1.4044666708e+00	
2355	-1.4080054640e+00	
2356	-1.4098805400e+00	
2357	-1.4127548279e+00	
2358	-1.4149974999e+00	
2359	-1.4174504372e+00	
2360	-1.4213509344e+00	
2361	-1.4244166069e+00	
2362	-1.4257636702e+00	
2363	-1.4290434904e+00	
2364	-1.4307309968e+00	
2365	-1.4319986634e+00	
2366	-1.4319535216e+00	
2367	-1.4323489202e+00	
2368	-1.4330981924e+00	
2369	-1.4331232380e+00	
2370	-1.4327910008e+00	
2371	-1.4323401238e+00	
2372	-1.4325379742e+00	
2373	-1.4307219515e+00	
2374	-1.4294779290e+00	
2375	-1.4283858417e+00	
2376	-1.4256696303e+00	
2377	-1.4228733203e+00	
2378	-1.4197455165e+00	
2379	-1.4146200305e+00	
2380	-1.4082589903e+00	
2381	-1.4022798457e+00	
2382	-1.3968182537e+00	
2383	-1.3918679291e+00	
2384	-1.3879564636e+00	
2385	-1.3842963042e+00	
2386	-1.3782441857e+00	
2387	-1.3721278136e+00	
2388	-1.3674034453e+00	
2389	-1.3633671048e+00	
2390	-1.3580727733e+00	
2391	-1.3518496375e+00	
2392	-1.3480670727e+00	
2393	-1.3435589202e+00	
2394	-1.3406469356e+00	
2395	-1.3378415562e+00	
2396	-1.3367047531e+00	
2397	-1.3361241865e+00	
2398	-1.3366691501e+00	
2399	-1.3368625068e+00	
2400	-1.3380089844e+00	
2401	-1.3376269359e+00	
2402	-1.3381027077e+00	
2403	-1.3378760348e+00	
2404	-1.3384916131e+00	
2405	-1.3377269518e+00	
2406	-1.3369768212e+00	
2407	-1.3364155276e+00	
2408	-1.3365669835e+00	
2409	-1.3368201626e+00	
2410	-1.3365210076e+00	
2411	-1.3358541279e+00	
2412	-1.3355220140e+00	
2413	-1.3370071702e+00	
2414	-1.3368223358e+00	
2415	-1.3367739878e+00	
2416	-1.3331142788e+00	
2417	-1.3280461255e+00	
2418	-1.3233140192e+00	
2419	-1.3193373313e+00	
2420	-1.3126087617e+00	
2421	-1.3064086960e+00	
2422	-1.2962446892e+00	
2423	-1.2860681981e+00	
2424	-1.2715555539e+00	
2425	-1.2585722938e+00	
2426	-1.2457587187e+00	
2427	-1.2300035725e+00	
2428	-1.2178783104e+00	
2429	-1.1989605489e+00	
2430	-1.1804652251e+00	
2431	-1.1613308825e+00	
2432	-1.1422838031e+00	
2433	-1.1198658440e+00	
2434	-1.0972468997e+00	
2435	-1.0742713958e+00	
2436	-1.0520235960e+00	
2437	-1.0289139201e+00	
2438	-1.0070576314e+00	
2439	-9.8348028258e-01	
2440	-9.6248441230e-01	
2441	-9.4029790837e-01	
2442	-9.1848857540e-01	
2443	-8.9700510162e-01	
2444	-8.7524896774e-01	
2445	-8.5294124209e-01	
2446	-8.3053215631e-01	
2447	-8.0985575594e-01	
2448	-7.8513070160e-01	
2449	-7.6448136973e-01	
2450	-7.4013956982e-01	
2451	-7.1803605531e-01	
2452	-6.9758587678e-01	
2453	-6.7400829117e-01	
2454	-6.5386198034e-01	
2455	-6.3150843420e-01	
2456	-6.1192634744e-01	
2457	-5.9271965651e-01	
2458	-5.7336889019e-01	
2459	-5.5724698825e-01	
2460	-5.4000430102e-01	
2461	-5.2580173468e-01	
2462	-5.1204801451e-01	
2463	-5.0040082055e-01	
2464	-4.8962377793e-01	
2465	-4.8066916296e-01	
2466	-4.7248994516e-01	
2467	-4.6586931091e-01	
2468	-4.6002493088e-01	
2469	-4.5597605052e-01	
2470	-4.5191451616e-01	
2471	-4.4955655943e-01	
2472	-4.4672058771e-01	
2473	-4.4579341205e-01	
2474	-4.4532256365e-01	
2475	-4.4659770137e-01	
2476	-4.4762051479e-01	
2477	-4.4897001601e-01	
2478	-4.5337606295e-01	
2479	-4.5840390711e-01	
2480	-4.6540701493e-01	
2481	-4.7155596265e-01	
2482	-4.7700004239e-01	
2483	-4.8575978286e-01	
2484	-4.9224855864e-01	
2485	-4.9858444820e-01	
2486	-5.0696665698e-01	
2487	-5.1642413943e-01	
2488	-5.2770147858e-01	
2489	-5.3645974908e-01	
2490	-5.4786726390e-01	
2491	-5.6049902837e-01	
2492	-5.7184758795e-01	
2493	-5.8465988985e-01	
2494	-5.9779753032e-01	
2495	-6.1034668669e-01	
2496	-6.2174242119e-01	
2497	-6.3461524223e-01	
2498	-6.4766999080e-01	
2499	-6.5892038890e-01	
2500	-6.7151134074e-01	
2501	-6.8289392497e-01	
2502	-6.9580047084e-01	
2503	-7.0824171367e-01	
2504	-7.2134653084e-01	
2505	-7.3366651496e-01	
2506	-7.4581827826e-01	
2507	-7.5866505386e-01	
2508	-7.7157718248e-01	
2509	-7.8493482478e-01	
2510	-7.9789930790e-01	
2511	-8.1224181704e-01	
2512	-8.2662430617e-01	
2513	-8.4202672749e-01	
2514	-8.5728360078e-01	
2515	-8.7212570086e-01	
2516	-8.8820409291e-01	
2517	-9.0431174953e-01	
2518	-9.2117415928e-01	
2519	-9.3748390685e-01	
2520	-9.5408380895e-01	
2521	-9.7088683694e-01	
2522	-9.8780536919e-01	
2523	-1.0052427713e+00	
2524	-1.0222522075e+00	
2525	-1.0384712348e+00	
2526	-1.0548975554e+00	
2527	-1.0711806647e+00	
2528	-1.0883984691e+00	
2529	-1.1044100762e+00	
2530	-1.1203660442e+00	
2531	-1.1357405789e+00	
2532	-1.1502838798e+00	
2533	-1.1643485445e+00	
2534	-1.1779672403e+00	
2535	-1.1908717876e+00	
2536	-1.2032183008e+00	
2537	-1.2149531540e+00	
2538	-1.2266695657e+00	
2539	-1.2376135980e+00	
2540	-1.2478966159e+00	
2541	-1.2576664046e+00	
2542	-1.2666560035e+00	
2543	-1.2752229383e+00	
2544	-1.2831573689e+00	
2545	-1.2905473695e+00	
2546	-1.2975419270e+00	
2547	-1.3043995616e+00	
2548	-1.3106634452e+00	
2549	-1.3163834194e+00	
2550	-1.3220044920e+00	
2551	-1.3272174437e+00	
2552	-1.3323030316e+00	
2553	-1.3373314214e+00	
2554	-1.3421959497e+00	
2555	-1.3470033971e+00	
2556	-1.3523568913e+00	
2557	-1.3574026705e+00	
2558	-1.3618488428e+00	
2559	-1.3661550353e+00	
2560	-1.3700301641e+00	
2561	-1.3733943778e+00	
2562	-1.3759330538e+00	
2563	-1.3793169655e+00	
2564	-1.3836199414e+00	
2565	-1.3866037323e+00	
2566	-1.3921573560e+00	
2567	-1.3970730191e+00	
2568	-1.4027836226e+00	
2569	-1.4084320192e+00	
2570	-1.4128352167e+00	
2571	-1.4172706359e+00	
2572	-1.4206953003e+00	
2573	-1.4255354903e+00	
2574	-1.4301117287e+00	
2575	-1.4356947867e+00	
2576	-1.4386934346e+00	
2577	-1.4417624190e+00	
2578	-1.4450334133e+00	
2579	-1.4474794871e+00	
2580	-1.4512517313e+00	
2581	-1.4553460480e+00	
2582	-1.4590702940e+00	
2583	-1.4636465909e+00	
2584	-1.4690755077e+00	
2585	-1.4751080731e+00	
2586	-1.4810775676e+00	
2587	-1.4873303709e+00	
2588	-1.4931094150e+00	
2589	-1.4982186796e+00	
2590	-1.5027432621e+00	
2591	-1.5059315775e+00	
2592	-1.5089669110e+00	
2593	-1.5112880951e+00	
2594	-1.5124996556e+00	
2595	-1.5119029948e+00	
2596	-1.5108016895e+00	
2597	-1.5128072853e+00	
2598	-1.5134170253e+00	
2599	-1.5143290118e+00	
2600	-1.5187500408e+00	
2601	-1.5230995655e+00	
2602	-1.5260035907e+00	
2603	-1.5307416307e+00	
2604	-1.5320949508e+00	
2605	-1.5318329808e+00	
2606	-1.5310667836e+00	
2607	-1.5322057955e+00	
2608	-1.5344226958e+00	
2609	-1.5350301114e+00	
2610	-1.5363397043e+00	
2611	-1.5367855757e+00	
2612	-1.5378182149e+00	
2613	-1.5375929338e+00	
2614	-1.5363496637e+00	
2615	-1.5366143591e+00	
2616	-1.5351176845e+00	
2617	-1.5344775870e+00	
2618	-1.5339505665e+00	
2619	-1.5312587708e+00	
2620	-1.5309896620e+00	
2621	-1.5301151423e+00	
2622	-1.5293846323e+00	
2623	-1.5304192630e+00	
2624	-1.5300236104e+00	
2625	-1.5297101082e+00	
2626	-1.5304300786e+00	
2627	-1.5309792790e+00	
2628	-1.5305350665e+00	
2629	-1.5303819447e+00	
2630	-1.5304949462e+00	
2631	-1.5294552956e+00	
2632	-1.5286069080e+00	
2633	-1.5289361926e+00	
2634	-1.5281518007e+00	
2635	-1.5274937383e+00	
2636	-1.5269610440e+00	
2637	-1.5253755798e+00	
2638	-1.5244552210e+00	
2639	-1.5223267104e+00	
2640	-1.5187682400e+00	
2641	-1.5187456926e+00	
2642	-1.5181648330e+00	
2643	-1.5189453733e+00	
2644	-1.5181858490e+00	
2645	-1.5156717261e+00	
2646	-1.5129417403e+00	
2647	-1.5099554416e+00	
2648	-1.5070720515e+00	
2649	-1.5047193826e+00	
2650	-1.5001659305e+00	
2651	-1.4955451854e+00	
2652	-1.4919867714e+00	
2653	-1.4870599123e+00	
2654	-1.4816686016e+00	
2655	-1.4758094971e+00	
2656	-1.4729056395e+00	
2657	-1.4678564370e+00	
2658	-1.4637780035e+00	
2659	-1.4612224080e+00	
2660	-1.4571593291e+00	
2661	-1.4520455422e+00	
2662	-1.4479985522e+00	
2663	-1.4441791297e+00	
2664	-1.4399707866e+00	
2665	-1.4334635362e+00	
2666	-1.4292034892e+00	
2667	-1.4246003969e+00	
2668	-1.4191079609e+00	
2669	-1.4143769078e+00	
2670	-1.4082913773e+00	
2671	-1.4035804458e+00	
2672	-1.3994105177e+00	
2673	-1.3961671166e+00	
2674	-1.3915900001e+00	
2675	-1.3872941559e+00	
2676	-1.3845450567e+00	
2677	-1.3820918188e+00	
2678	-1.3793794628e+00	
2679	-1.3787603859e+00	
2680	-1.3777460174e+00	
2681	-1.3766775390e+00	
2682	-1.3763244283e+00	
2683	-1.3744654245e+00	
2684	-1.3749143660e+00	
2685	-1.3734796541e+00	
2686	-1.3726228831e+00	
2687	-1.3712348019e+00	
2688	-1.3704742830e+00	
2689	-1.3687822450e+00	
2690	-1.3694339137e+00	
2691	-1.3689157221e+00	
2692	-1.3674544189e+00	
2693	-1.3653306870e+00	
2694	-1.3576487326e+00	
2695	-1.3511027476e+00	
2696	-1.3412671524e+00	
2697	-1.3365150179e+00	
2698	-1.3278469064e+00	
2699	-1.3201722844e+00	
2700	-1.3105210438e+00	
2701	-1.2985826615e+00	
2702	-1.2861874205e+00	
2703	-1.2730575459e+00	
2704	-1.2607247694e+00	
2705	-1.2509974944e+00	
2706	-1.2405509826e+00	
2707	-1.2252823706e+00	
2708	-1.2105644002e+00	
2709	-1.1913717575e+00	
2710	-1.1725816738e+00	
2711	-1.1553813046e+00	
2712	-1.1331853354e+00	
2713	-1.1128722032e+00	
2714	-1.0897714561e+00	
2715	-1.0701168084e+00	
2716	-1.0465717511e+00	
2717	-1.0252452388e+00	
2718	-1.0018212321e+00	
2719	-9.8087291013e-01	
2720	-9.5755207034e-01	
2721	-9.3650286721e-01	
2722	-9.1316044209e-01	
2723	-8.9202465829e-01	
2724	-8.7025795816e-01	
2725	-8.4599227965e-01	
2726	-8.2577222618e-01	
2727	-8.0204130454e-01	
2728	-7.8044366076e-01	
2729	-7.5905550605e-01	
2730	-7.3587052055e-01	
2731	-7.1608904946e-01	
2732	-6.9490666847e-01	
2733	-6.7390475034e-01	
2734	-6.5581614235e-01	
2735	-6.3591523361e-01	
2736	-6.1983020585e-01	
2737	-6.0411081889e-01	
2738	-5.8880080979e-01	
2739	-5.7551282957e-01	
2740	-5.6324193840e-01	
2741	-5.5267148073e-01	
2742	-5.4216466397e-01	
2743	-5.3326769779e-01	
2744	-5.2527525836e-01	
2745	-5.1837659492e-01	
2746	-5.1149789927e-01	
2747	-5.0549465397e-01	
2748	-5.0033118319e-01	
2749	-4.9625355739e-01	
2750	-4.9146910824e-01	
2751	-4.8939288733e-01	
2752	-4.8604789476e-01	
2753	-4.8604562992e-01	
2754	-4.8590958559e-01	
2755	-4.8585922616e-01	
2756	-4.8788055075e-01	
2757	-4.9006367810e-01	
2758	-4.9416184878e-01	
2759	-4.9817661372e-01	
2760	-5.0390550234e-01	
2761	-5.0796447250e-01	
2762	-5.1440909361e-01	
2763	-5.2008329776e-01	
2764	-5.2531584981e-01	
2765	-5.3197247565e-01	
2766	-5.4080069567e-01	
2767	-5.4974848101e-01	
2768	-5.5887377454e-01	
2769	-5.6916504613e-01	
2770	-5.7870138280e-01	
2771	-5.9077058773e-01	
2772	-6.0380198639e-01	
2773	-6.1843277219e-01	
2774	-6.3418475407e-01	
2775	-6.4819452024e-01	
2776	-6.6200952650e-01	
2777	-6.7676199943e-01	
2778	-6.9046411027e-01	
2779	-7.0442301350e-01	
2780	-7.1704715703e-01	
2781	-7.3131737038e-01	
2782	-7.4506515400e-01	
2783	-7.5951371842e-01	
2784	-7.7320150074e-01	
2785	-7.8719153044e-01	
2786	-8.0123552738e-01	
2787	-8.1547850022e-01	
2788	-8.2941015297e-01	
2789	-8.4327252753e-01	
2790	-8.5788448455e-01	
2791	-8.7262958554e-01	
2792	-8.8856882529e-01	
2793	-9.0419327940e-01	
2794	-9.1970316185e-01	
2795	-9.3611688057e-01	
2796	-9.5286521914e-01	
2797	-9.6924072400e-01	
2798	-9.8651644083e-01	
2799	-1.0032744307e+00	
2800	-1.0209404619e+00	
2801	-1.0382990935e+00	
2802	-1.0554941104e+00	
2803	-1.0729432831e+00	
2804	-1.0908649736e+00	
2805	-1.1081205691e+00	
2806	-1.1247837633e+00	
2807	-1.1418944310e+00	
2808	-1.1590489769e+00	
2809	-1.1756241223e+00	
2810	-1.1920806071e+00	
2811	-1.2079235910e+00	
2812	-1.2231412107e+00	
2813	-1.2371946711e+00	
2814	-1.2509683012e+00	
2815	-1.2643378613e+00	
2816	-1.2774207233e+00	
2817	-1.2898544258e+00	
2818	-1.3016580949e+00	
2819	-1.3129107165e+00	
2820	-1.3234177880e+00	
2821	-1.3334767064e+00	
2822	-1.3427439126e+00	
2823	-1.3513141973e+00	
2824	-1.3593932609e+00	
2825	-1.3670270681e+00	
2826	-1.3740491483e+00	
2827	-1.3806040027e+00	
2828	-1.3866824640e+00	
2829	-1.3923672764e+00	
2830	-1.3975592232e+00	
2831	-1.4025466351e+00	
2832	-1.4073545336e+00	
2833	-1.4117754594e+00	
2834	-1.4160786833e+00	
2835	-1.4206402980e+00	
2836	-1.4244040617e+00	
2837	-1.4282153263e+00	
2838	-1.4317363085e+00	
2839	-1.4340287599e+00	
2840	-1.4358725924e+00	
2841	-1.4379185826e+00	
2842	-1.4410202038e+00	
2843	-1.4444217055e+00	
2844	-1.4462925740e+00	
2845	-1.4508360704e+00	
2846	-1.4546122493e+00	
2847	-1.4595015490e+00	
2848	-1.4644516638e+00	
2849	-1.4683654861e+00	
2850	-1.4719024019e+00	
2851	-1.4757689810e+00	
2852	-1.4786004932e+00	
2853	-1.4821297568e+00	
2854	-1.4862704204e+00	
2855	-1.4902614863e+00	
2856	-1.4941444226e+00	
2857	-1.4982563895e+00	
2858	-1.5024469925e+00	
2859	-1.5047865555e+00	
2860	-1.5079843096e+00	
2861	-1.5095008627e+00	
2862	-1.5116595510e+00	
2863	-1.5147899549e+00	
2864	-1.5194378174e+00	
2865	-1.5250634018e+00	
2866	-1.5320500402e+00	
2867	-1.5385897958e+00	
2868	-1.5436031358e+00	
2869	-1.5462878311e+00	
2870	-1.5481299819e+00	
2871	-1.5489250082e+00	
2872	-1.5492368763e+00	
2873	-1.5495001766e+00	
2874	-1.5472895238e+00	
2875	-1.5449664924e+00	
2876	-1.5405708394e+00	
2877	-1.5393597729e+00	
2878	-1.5426983405e+00	
2879	-1.5477876045e+00	
2880	-1.5477364493e+00	
2881	-1.5462229945e+00	
2882	-1.5460136570e+00	
2883	-1.5454233734e+00	
2884	-1.5476960984e+00	
2885	-1.5501245449e+00	
2886	-1.5540787345e+00	
2887	-1.5559992550e+00	
2888	-1.5583513456e+00	
2889	-1.5552284074e+00	
2890	-1.5553475674e+00	
2891	-1.5559380884e+00	
2892	-1.5581645095e+00	
2893	-1.5621589302e+00	
2894	-1.5663328837e+00	
2895	-1.5707530951e+00	
2896	-1.5743364121e+00	
2897	-1.5760891268e+00	
2898	-1.5795286931e+00	
2899	-1.5822801251e+00	
2900	-1.5842827797e+00	
2901	-1.5855484502e+00	
2902	-1.5862523117e+00	
2903	-1.5878812830e+00	
2904	-1.5886902383e+00	
2905	-1.5877215173e+00	
2906	-1.5865045009e+00	
2907	-1.5842087357e+00	
2908	-1.5809946007e+00	
2909	-1.5775942809e+00	
2910	-1.5735395150e+00	
2911	-1.5695731557e+00	
2912	-1.5652618983e+00	
2913	-1.5603608524e+00	
2914	-1.5556912030e+00	
2915	-1.5509475163e+00	
2916	-1.5464207927e+00	
2917	-1.5414680585e+00	
2918	-1.5361948107e+00	
2919	-1.5306691675e+00	
2920	-1.5272202353e+00	
2921	-1.5245054155e+00	
2922	-1.5213828192e+00	
2923	-1.5180658547e+00	
2924	-1.5131916286e+00	
2925	-1.5097493869e+00	
2926	-1.5062390786e+00	
2927	-1.4992579302e+00	
2928	-1.4949064441e+00	
2929	-1.4914184786e+00	
2930	-1.4875960946e+00	
2931	-1.4834949541e+00	
2932	-1.4798003421e+00	
2933	-1.4765563882e+00	
2934	-1.4735037881e+00	
2935	-1.4708279309e+00	
2936	-1.4683579293e+00	
2937	-1.4643878949e+00	
2938	-1.4608214178e+00	
2939	-1.4598693160e+00	
2940	-1.4585678704e+00	
2941	-1.4569882125e+00	
2942	-1.4548444233e+00	
2943	-1.4502743792e+00	
2944	-1.4475437007e+00	
2945	-1.4429997418e+00	
2946	-1.4373392560e+00	
2947	-1.4346379524e+00	
2948	-1.4301642381e+00	
2949	-1.4251431284e+00	
2950	-1.4206293780e+00	
2951	-1.4163311709e+00	
2952	-1.4121815480e+00	
2953	-1.4087415104e+00	
2954	-1.4062569106e+00	
2955	-1.4040745560e+00	
2956	-1.4040764666e+00	
2957	-1.4043779719e+00	
2958	-1.4072944875e+00	
2959	-1.4105013150e+00	
2960	-1.4144123030e+00	
2961	-1.4187525591e+00	
2962	-1.4219999487e+00	
2963	-1.4257241577e+00	
2964	-1.4296856747e+00	
2965	-1.4345003886e+00	
2966	-1.4384420854e+00	
2967	-1.4433004223e+00	
2968	-1.4467043679e+00	
2969	-1.4509549593e+00	
2970	-1.4539056274e+00	
2971	-1.4551787544e+00	
2972	-1.4569923822e+00	
2973	-1.4577142356e+00	
2974	-1.4563809053e+00	
2975	-1.4533678953e+00	
2976	-1.4457554086e+00	
2977	-1.4393382869e+00	
2978	-1.4324242022e+00	
2979	-1.4266613267e+00	
2980	-1.4208909279e+00	
2981	-1.4126657246e+00	
2982	-1.4040298092e+00	
2983	-1.3888669894e+00	
2984	-1.3768399590e+00	
2985	-1.3620621973e+00	
2986	-1.3481693729e+00	
2987	-1.3367665952e+00	
2988	-1.3209189447e+00	
2989	-1.3031856878e+00	
2990	-1.2900347933e+00	
2991	-1.2726234823e+00	
2992	-1.2588826403e+00	
2993	-1.2393738838e+00	
2994	-1.2232142429e+00	
2995	-1.2009776903e+00	
2996	-1.1820660037e+00	
2997	-1.1626709417e+00	
2998	-1.1399301555e+00	
2999	-1.1211356133e+00	
3000	-1.0972251376e+00	
3001	-1.0759760315e+00	
3002	-1.0527061414e+00	
3003	-1.0298776538e+00	
3004	-1.0067177952e+00	
3005	-9.8293708236e-01	
3006	-9.5977462619e-01	
3007	-9.3552809808e-01	
3008	-9.1098535980e-01	
3009	-8.8652061474e-01	
3010	-8.6250149161e-01	
3011	-8.3812424543e-01	
3012	-8.1378680022e-01	
3013	-7.9038646427e-01	
3014	-7.6708969870e-01	
3015	-7.4538536947e-01	
3016	-7.2375458070e-01	
3017	-7.0356666989e-01	
3018	-6.8489962143e-01	
3019	-6.6629517138e-01	
3020	-6.5099096967e-01	
3021	-6.3623957991e-01	
3022	-6.2114251987e-01	
3023	-6.0993828830e-01	
3024	-5.9822147770e-01	
3025	-5.8934694612e-01	
3026	-5.8030730831e-01	
3027	-5.7330539113e-01	
3028	-5.6681351016e-01	
3029	-5.5954661298e-01	
3030	-5.5293421342e-01	
3031	-5.4602536836e-01	
3032	-5.3889769441e-01	
3033	-5.3092969287e-01	
3034	-5.2454648533e-01	
3035	-5.1725106727e-01	
3036	-5.1079717838e-01	
3037	-5.0441170448e-01	
3038	-4.9869037294e-01	
3039	-4.9413395402e-01	
3040	-4.9069762898e-01	
3041	-4.8962549043e-01	
3042	-4.8755206048e-01	
3043	-4.8680526213e-01	
3044	-4.8628404121e-01	
3045	-4.8706755828e-01	
3046	-4.8902446285e-01	
3047	-4.9209735340e-01	
3048	-4.9750220692e-01	
3049	-5.0299850855e-01	
3050	-5.1066880257e-01	
3051	-5.1954578736e-01	
3052	-5.3049916749e-01	
3053	-5.4366005580e-01	
3054	-5.5831660291e-01	
3055	-5.7389061085e-01	
3056	-5.9230634137e-01	
3057	-6.1315029389e-01	
3058	-6.3553992047e-01	
3059	-6.5698141810e-01	
3060	-6.8303092990e-01	
3061	-7.0720481519e-01	
3062	-7.2896802325e-01	
3063	-7.5099458134e-01	
3064	-7.7320521406e-01	
3065	-7.9387323278e-01	
3066	-8.1254826606e-01	
3067	-8.3456401790e-01	
3068	-8.5545920121e-01	
3069	-8.7540117454e-01	
3070	-8.9537778928e-01	
3071	-9.1534042374e-01	
3072	-9.3551812100e-01	
3073	-9.5505395894e-01	
3074	-9.7521446168e-01	
3075	-9.9557102071e-01	
3076	-1.0149830159e+00	
3077	-1.0347805609e+00	
3078	-1.0554596241e+00	
3079	-1.0759051769e+00	
3080	-1.0961936957e+00	
3081	-1.1152068116e+00	
3082	-1.1336107763e+00	
3083	-1.1521619587e+00	
3084	-1.1707758783e+00	
3085	-1.1894949617e+00	
3086	-1.2070217988e+00	
3087	-1.2239358164e+00	
3088	-1.2413077388e+00	
3089	-1.2581720143e+00	
3090	-1.2746137639e+00	
3091	-1.2898104749e+00	
3092	-1.3051604909e+00	
3093	-1.3191263647e+00	
3094	-1.3326925610e+00	
3095	-1.3451954038e+00	
3096	-1.3570839666e+00	
3097	-1.3685605555e+00	
3098	-1.3792916652e+00	
3099	-1.3895438165e+00	
3100	-1.3984893029e+00	
3101	-1.4067754047e+00	
3102	-1.4146856408e+00	
3103	-1.4221056725e+00	
3104	-1.4283000439e+00	
3105	-1.4342151782e+00	
3106	-1.4393977822e+00	
3107	-1.4442296280e+00	
3108	-1.4486360444e+00	
3109	-1.4523783145e+00	
3110	-1.4559391702e+00	
3111	-1.4592692051e+00	
3112	-1.4621228762e+00	
3113	-1.4647588321e+00	
3114	-1.4671752593e+00	
3115	-1.4695043976e+00	
3116	-1.4721746214e+00	
3117	-1.4747809753e+00	
3118	-1.4768498798e+00	
3119	-1.4787555620e+00	
3120	-1.4804333865e+00	
3121	-1.4808488509e+00	
3122	-1.4817209791e+00	
3123	-1.4832579633e+00	
3124	-1.4862933594e+00	
3125	-1.4874212576e+00	
3126	-1.4905757856e+00	
3127	-1.4944654830e+00	
3128	-1.4979467703e+00	
3129	-1.5021544253e+00	
3130	-1.5061038254e+00	
3131	-1.5090603861e+00	
3132	-1.5126880276e+00	
3133	-1.5148942733e+00	
3134	-1.5170691393e+00	
3135	-1.5207101845e+00	
3136	-1.5242574687e+00	
3137	-1.5273628755e+00	
3138	-1.5308292566e+00	
3139	-1.5339638818e+00	
3140	-1.5363348178e+00	
3141	-1.5383493555e+00	
3142	-1.5405071014e+00	
3143	-1.5432777015e+00	
3144	-1.5463510557e+00	
3145	-1.5501386989e+00	
3146	-1.5545984127e+00	
3147	-1.5594984286e+00	
3148	-1.5655228362e+00	
3149	-1.5716436850e+00	
3150	-1.5760785506e+00	
3151	-1.5801881008e+00	
3152	-1.5835742760e+00	
3153	-1.5859088212e+00	
3154	-1.5875418364e+00	
3155	-1.5901603207e+00	
3156	-1.5927274694e+00	
3157	-1.5936511649e+00	
3158	-1.5936605322e+00	
3159	-1.5945579673e+00	
3160	-1.5914822555e+00	
3161	-1.5870923589e+00	
3162	-1.5823992182e+00	
3163	-1.5845046003e+00	
3164	-1.5838293065e+00	
3165	-1.5865130031e+00	
3166	-1.5895110307e+00	
3167	-1.5912922342e+00	
3168	-1.5907671677e+00	
3169	-1.5906807543e+00	
3170	-1.5912487592e+00	
3171	-1.5944658323e+00	
3172	-1.5975575374e+00	
3173	-1.6003487953e+00	
3174	-1.6034393649e+00	
3175	-1.6047417750e+00	
3176	-1.6076439326e+00	
3177	-1.6102333756e+00	
3178	-1.6114453284e+00	
3179	-1.6132266717e+00	
3180	-1.6128285046e+00	
3181	-1.6115608572e+00	
3182	-1.6123040414e+00	
3183	-1.6117156091e+00	
3184	-1.6105430151e+00	
3185	-1.6099839743e+00	
3186	-1.6091273624e+00	
3187	-1.6083237766e+00	
3188	-1.6080824257e+00	
3189	-1.6067914842e+00	
3190	-1.6056198793e+00	
3191	-1.6049798652e+00	
3192	-1.6050726369e+00	
3193	-1.6045961200e+00	
3194	-1.6027801698e+00	
3195	-1.6020016008e+00	
3196	-1.6010511742e+00	
3197	-1.5992419769e+00	
3198	-1.5979914133e+00	
3199	-1.5957965941e+00	
3200	-1.5946494951e+00	
3201	-1.5938439050e+00	
3202	-1.5925761818e+00	
3203	-1.5894019719e+00	
3204	-1.5874814570e+00	
3205	-1.5880107324e+00	
3206	-1.5874137012e+00	
3207	-1.5863583523e+00	
3208	-1.5841634124e+00	
3209	-1.5817220749e+00	
3210	-1.5789192724e+00	
3211	-1.5773751598e+00	
3212	-1.5727427970e+00	
3213	-1.5683106483e+00	
3214	-1.5649219628e+00	
3215	-1.5623097892e+00	
3216	-1.5582708192e+00	
3217	-1.5543047052e+00	
3218	-1.5515870833e+00	
3219	-1.5487248918e+00	
3220	-1.5422311344e+00	
3221	-1.5390898463e+00	
3222	-1.5348094096e+00	
3223	-1.5299480760e+00	
3224	-1.5256534649e+00	
3225	-1.5220531992e+00	
3226	-1.5184149304e+00	
3227	-1.5163601157e+00	
3228	-1.5128556960e+00	
3229	-1.5064173353e+00	
3230	-1.5020590383e+00	
3231	-1.4988128444e+00	
3232	-1.4940766639e+00	
3233	-1.4897539612e+00	
3234	-1.4866760568e+00	
3235	-1.4819455355e+00	
3236	-1.4777052180e+00	
3237	-1.4731049575e+00	
3238	-1.4700261260e+00	
3239	-1.4649150319e+00	
3240	-1.4596732219e+00	
3241	-1.4553861183e+00	
3242	-1.4507588817e+00	
3243	-1.4486140758e+00	
3244	-1.4458632152e+00	
3245	-1.4439153374e+00	
3246	-1.4440021657e+00	
3247	-1.4441790526e+00	
3248	-1.4428364246e+00	
3249	-1.4410091981e+00	
3250	-1.4394844942e+00	
3251	-1.4393079977e+00	
3252	-1.4385091020e+00	
3253	-1.4381886866e+00	
3254	-1.4372663965e+00	
3255	-1.4361684956e+00	
3256	-1.4341657042e+00	
3257	-1.4339743104e+00	
3258	-1.4329735427e+00	
3259	-1.4282313982e+00	
3260	-1.4260882128e+00	
3261	-1.4190656881e+00	
3262	-1.4130242096e+00	
3263	-1.4033236917e+00	
3264	-1.3953309357e+00	
3265	-1.3878439724e+00	
3266	-1.3800764058e+00	
3267	-1.3734633866e+00	
3268	-1.3639290754e+00	
3269	-1.3553399686e+00	
3270	-1.3408063567e+00	
3271	-1.3311515343e+00	
3272	-1.3169829834e+00	
3273	-1.3080524185e+00	
3274	-1.2989886523e+00	
3275	-1.2831074624e+00	
3276	-1.2655127441e+00	
3277	-1.2493199523e+00	
3278	-1.2301899624e+00	
3279	-1.2160696012e+00	
3280	-1.1939369397e+00	
3281	-1.1767841332e+00	
3282	-1.1535668311e+00	
3283	-1.1346104017e+00	
3284	-1.1103631625e+00	
3285	-1.0904583255e+00	
3286	-1.0653697899e+00	
3287	-1.0450246994e+00	
3288	-1.0215803168e+00	
3289	-9.9811634165e-01	
3290	-9.7754990806e-01	
3291	-9.5345063541e-01	
3292	-9.3088542592e-01	
3293	-9.0766844586e-01	
3294	-8.8451157574e-01	
3295	-8.6033592235e-01	
3296	-8.3690888598e-01	
3297	-8.1321596610e-01	
3298	-7.8980972753e-01	
3299	-7.6732239532e-01	
3300	-7.4432759441e-01	
3301	-7.2284020926e-01	
3302	-7.0233590654e-01	
3303	-6.8259422959e-01	
3304	-6.6506090548e-01	
3305	-6.4728785867e-01	
3306	-6.3098284022e-01	
3307	-6.1801030511e-01	
3308	-6.0359079539e-01	
3309	-5.9303330865e-01	
3310	-5.8263129030e-01	
3311	-5.7429438839e-01	
3312	-5.6567132628e-01	
3313	-5.5832672143e-01	
3314	-5.5164532633e-01	
3315	-5.4574114743e-01	
3316	-5.4072981914e-01	
3317	-5.3538205782e-01	
3318	-5.2954319468e-01	
3319	-5.2511414914e-01	
3320	-5.2064955640e-01	
3321	-5.1622724795e-01	
3322	-5.1208740959e-01	
3323	-5.1011696718e-01	
3324	-5.0793300286e-01	
3325	-5.0733988490e-01	
3326	-5.0749762884e-01	
3327	-5.0882871510e-01	
3328	-5.0902852457e-01	
3329	-5.1142887925e-01	
3330	-5.1353723407e-01	
3331	-5.1441371674e-01	
3332	-5.1653847637e-01	
3333	-5.2071339372e-01	
3334	-5.2638913635e-01	
3335	-5.3298169832e-01	
3336	-5.4087807649e-01	
3337	-5.5002626475e-01	
3338	-5.5984459748e-01	
3339	-5.7092448296e-01	
3340	-5.8303739196e-01	
3341	-5.9789163602e-01	
3342	-6.1423357198e-01	
3343	-6.3276041218e-01	
3344	-6.4997778487e-01	
3345	-6.7336510435e-01	
3346	-6.9290601135e-01	
3347	-7.1197950825e-01	
3348	-7.3115819517e-01	
3349	-7.5020751260e-01	
3350	-7.6799228897e-01	
3351	-7.8378329815e-01	
3352	-8.0263385583e-01	
3353	-8.2058330952e-01	
3354	-8.3848176372e-01	
3355	-8.5496406736e-01	
3356	-8.7224495552e-01	
3357	-8.8987509003e-01	
3358	-9.0730942214e-01	
3359	-9.2386626353e-01	
3360	-9.4106605139e-01	
3361	-9.5915879070e-01	
3362	-9.7715856670e-01	
3363	-9.9501630390e-01	
3364	-1.0133251218e+00	
3365	-1.0318358690e+00	
3366	-1.0507182234e+00	
3367	-1.0692133530e+00	
3368	-1.0872518241e+00	
3369	-1.1045584349e+00	
3370	-1.1222845561e+00	
3371	-1.1397383948e+00	
3372	-1.1583429277e+00	
3373	-1.1755817681e+00	
3374	-1.1917423582e+00	
3375	-1.2083890615e+00	
3376	-1.2253904440e+00	
3377	-1.2413149958e+00	
3378	-1.2565724319e+00	
3379	-1.2717696263e+00	
3380	-1.2861032387e+00	
3381	-1.2997090737e+00	
3382	-1.3123309930e+00	
3383	-1.3245836966e+00	
3384	-1.3362286219e+00	
3385	-1.3475332847e+00	
3386	-1.3581150528e+00	
3387	-1.3677858253e+00	
3388	-1.3769052072e+00	
3389	-1.3854918470e+00	
3390	-1.3934169104e+00	
3391	-1.4004150690e+00	
3392	-1.4069201893e+00	
3393	-1.4129680082e+00	
3394	-1.4184551490e+00	
3395	-1.4234219379e+00	
3396	-1.4278612206e+00	
3397	-1.4318676840e+00	
3398	-1.4356647539e+00	
3399	-1.4390120369e+00	
3400	-1.4421932573e+00	
3401	-1.4450198078e+00	
3402	-1.4477643385e+00	
3403	-1.4507284347e+00	
3404	-1.4538415364e+00	
3405	-1.4561140339e+00	
3406	-1.4584607896e+00	
3407	-1.4609091796e+00	
3408	-1.4619887377e+00	
3409	-1.4629897746e+00	
3410	-1.4642175153e+00	
3411	-1.4669021254e+00	
3412	-1.4683135511e+00	
3413	-1.4712060298e+00	
3414	-1.4749311188e+00	
3415	-1.4785052401e+00	
3416	-1.4821905796e+00	
3417	-1.4856719605e+00	
3418	-1.4885078914e+00	
3419	-1.4908897993e+00	
3420	-1.4926039736e+00	
3421	-1.4949534139e+00	
3422	-1.4980887450e+00	
3423	-1.5011646082e+00	
3424	-1.5048125599e+00	
3425	-1.5068021156e+00	
3426	-1.5092962852e+00	
3427	-1.5120912630e+00	
3428	-1.5148561461e+00	
3429	-1.5179361551e+00	
3430	-1.5209766558e+00	
3431	-1.5243416942e+00	
3432	-1.5280370774e+00	
3433	-1.5320045112e+00	
3434	-1.5367108842e+00	
3435	-1.5413400648e+00	
3436	-1.5468955409e+00	
3437	-1.5520868489e+00	
3438	-1.5571678420e+00	
3439	-1.5623767800e+00	
3440	-1.5674610459e+00	
3441	-1.5708857488e+00	
3442	-1.5735770753e+00	
3443	-1.5773303263e+00	
3444	-1.5800891507e+00	
3445	-1.5818177649e+00	
3446	-1.5823655869e+00	
3447	-1.5800904928e+00	
3448	-1.5782540397e+00	
3449	-1.5756721909e+00	
3450	-1.5740553769e+00	
3451	-1.5779891440e+00	
3452	-1.5798111973e+00	
3453	-1.5820009393e+00	
3454	-1.5846682337e+00	
3455	-1.5894200780e+00	
3456	-1.5921801057e+00	
3457	-1.5946184580e+00	
3458	-1.5956692391e+00	
3459	-1.5972206273e+00	
3460	-1.5976652965e+00	
3461	-1.5986267394e+00	
3462	-1.6004936018e+00	
3463	-1.6017214562e+00	
3464	-1.6002409186e+00	
3465	-1.6004055433e+00	
3466	-1.6002878941e+00	
3467	-1.5989565095e+00	
3468	-1.5995596471e+00	
3469	-1.5988810979e+00	
3470	-1.5977053662e+00	
3471	-1.5980984702e+00	
3472	-1.5993826681e+00	
3473	-1.5988515937e+00	
3474	-1.6002458969e+00	
3475	-1.6019673513e+00	
3476	-1.6024536852e+00	
3477	-1.6046816891e+00	
3478	-1.6066579586e+00	
3479	-1.6070732751e+00	
3480	-1.6061892146e+00	
3481	-1.6066447088e+00	
3482	-1.6087735585e+00	
3483	-1.6099097181e+00	
3484	-1.6117803677e+00	
3485	-1.6134461839e+00	
3486	-1.6157380846e+00	
3487	-1.6179114012e+00	
3488	-1.6188856662e+00	
3489	-1.6207091281e+00	
3490	-1.6210728119e+00	
3491	-1.6207431629e+00	
3492	-1.6194985810e+00	
3493	-1.6198281446e+00	
3494	-1.6207683095e+00	
3495	-1.6202506491e+00	
3496	-1.6205533457e+00	
3497	-1.6186650085e+00	
3498	-1.6145308285e+00	
3499	-1.6127883156e+00	
3500	-1.6103542359e+00	
3501	-1.6049278903e+00	
3502	-1.6004312417e+00	
3503	-1.5951041355e+00	
3504	-1.5909778635e+00	
3505	-1.5859701662e+00	
3506	-1.5795504576e+00	
3507	-1.5735102402e+00	
3508	-1.5664329073e+00	
3509	-1.5604881097e+00	
3510	-1.5543266652e+00	
3511	-1.5437262932e+00	
3512	-1.5382472442e+00	
3513	-1.5315201502e+00	
3514	-1.5239942206e+00	
3515	-1.5169446844e+00	
3516	-1.5093114534e+00	
3517	-1.5006995352e+00	
3518	-1.4936465134e+00	
3519	-1.4855159369e+00	
3520	-1.4749394925e+00	
3521	-1.4657723187e+00	
3522	-1.4575303202e+00	
3523	-1.4494783454e+00	
3524	-1.4410308113e+00	
3525	-1.4353415056e+00	
3526	-1.4303353675e+00	
3527	-1.4232206438e+00	
3528	-1.4177937038e+00	
3529	-1.4127240311e+00	
3530	-1.4090190434e+00	
3531	-1.4067423854e+00	
3532	-1.4050810650e+00	
3533	-1.4036555336e+00	
3534	-1.4033266799e+00	
3535	-1.4028063998e+00	
3536	-1.4012469454e+00	
3537	-1.4023243296e+00	
3538	-1.4012783260e+00	
3539	-1.4014625205e+00	
3540	-1.4026738519e+00	
3541	-1.4041185448e+00	
3542	-1.4057502818e+00	
3543	-1.4072630486e+00	
3544	-1.4085151541e+00	
3545	-1.4121934445e+00	
3546	-1.4149800296e+00	
3547	-1.4168446066e+00	
3548	-1.4189313894e+00	
3549	-1.4176362951e+00	
3550	-1.4146212966e+00	
3551	-1.4114895184e+00	
3552	-1.4109069327e+00	
3553	-1.4055020012e+00	
3554	-1.4029919019e+00	
3555	-1.3968128057e+00	
3556	-1.3883102497e+00	
3557	-1.3766222463e+00	
3558	-1.3651589704e+00	
3559	-1.3535421305e+00	
3560	-1.3376422401e+00	
3561	-1.3300685648e+00	
3562	-1.3133257690e+00	
3563	-1.2960039836e+00	
3564	-1.2772906929e+00	
3565	-1.2576231763e+00	
3566	-1.2377662045e+00	
3567	-1.2172311487e+00	
3568	-1.1934292559e+00	
3569	-1.1738530236e+00	
3570	-1.1503973959e+00	
3571	-1.1282145277e+00	
3572	-1.1028578440e+00	
3573	-1.0778154960e+00	
3574	-1.0547080409e+00	
3575	-1.0270065950e+00	
3576	-1.0032021814e+00	
3577	-9.7640232644e-01	
3578	-9.5030614117e-01	
3579	-9.2413539122e-01	
3580	-8.9829407781e-01	
3581	-8.7291673452e-01	
3582	-8.4755482493e-01	
3583	-8.2297691083e-01	
3584	-7.9908351739e-01	
3585	-7.7531622583e-01	
3586	-7.5327112915e-01	
3587	-7.3254865044e-01	
3588	-7.1261857935e-01	
3589	-6.9447357442e-01	
3590	-6.7822446672e-01	
3591	-6.6305386647e-01	
3592	-6.4918875517e-01	
3593	-6.3607230551e-01	
3594	-6.2665839344e-01	
3595	-6.1791899913e-01	
3596	-6.0963865223e-01	
3597	-6.0484847030e-01	
3598	-5.9711460380e-01	
3599	-5.9182483995e-01	
3600	-5.8564165042e-01	
3601	-5.7959369493e-01	
3602	-5.7235063173e-01	
3603	-5.6424412416e-01	
3604	-5.5582713387e-01	
3605	-5.4656444348e-01	
3606	-5.3690433786e-01	
3607	-5.2738199084e-01	
3608	-5.1990913963e-01	
3609	-5.1149192377e-01	
3610	-5.0490819624e-01	
3611	-5.0079310194e-01	
3612	-4.9819047852e-01	
3613	-4.9596219683e-01	
3614	-4.9478836673e-01	
3615	-4.9488467574e-01	
3616	-4.9708100713e-01	
3617	-5.0040583253e-01	
3618	-5.0485752455e-01	
3619	-5.1133144242e-01	
3620	-5.1853436964e-01	
3621	-5.2786628456e-01	
3622	-5.3813706902e-01	
3623	-5.5080166154e-01	
3624	-5.6590838573e-01	
3625	-5.8239809550e-01	
3626	-6.0109620526e-01	
3627	-6.2223792014e-01	
3628	-6.4659847429e-01	
3629	-6.7308216960e-01	
3630	-6.9645442354e-01	
3631	-7.2531914969e-01	
3632	-7.5215838787e-01	
3633	-7.7566035597e-01	
3634	-8.0120097804e-01	
3635	-8.2607335231e-01	
3636	-8.4771077906e-01	
3637	-8.7026896251e-01	
3638	-8.9326346151e-01	
3639	-9.1490126919e-01	
3640	-9.3533374117e-01	
3641	-9.5678413504e-01	
3642	-9.7694289728e-01	
3643	-9.9765609073e-01	
3644	-1.0165877927e+00	
3645	-1.0366145914e+00	
3646	-1.0566310762e+00	
3647	-1.0758873711e+00	
3648	-1.0949845096e+00	
3649	-1.1143370484e+00	
3650	-1.1333425435e+00	
3651	-1.1515659772e+00	
3652	-1.1686849925e+00	
3653	-1.1864111525e+00	
3654	-1.2039301545e+00	
3655	-1.2202626159e+00	
3656	-1.2371917027e+00	
3657	-1.2538853302e+00	
3658	-1.2707161552e+00	
3659	-1.2861731858e+00	
3660	-1.3014631665e+00	
3661	-1.3156885789e+00	
3662	-1.3293905540e+00	
3663	-1.3424408178e+00	
3664	-1.3547416625e+00	
3665	-1.3664116403e+00	
3666	-1.3776209696e+00	
3667	-1.3882131211e+00	
3668	-1.3981683717e+00	
3669	-1.4073375485e+00	
3670	-1.4157076537e+00	
3671	-1.4237626846e+00	
3672	-1.4307751173e+00	
3673	-1.4375795545e+00	
3674	-1.4438383237e+00	
3675	-1.4493386017e+00	
3676	-1.4541715172e+00	
3677	-1.4584385139e+00	
3678	-1.4624747771e+00	
3679	-1.4662822872e+00	
3680	-1.4697086258e+00	
3681	-1.4730679272e+00	
3682	-1.4761542208e+00	
3683	-1.4789814150e+00	
3684	-1.4817539445e+00	
3685	-1.4848754011e+00	
3686	-1.4870754522e+00	
3687	-1.4894599810e+00	
3688	-1.4917462019e+00	
3689	-1.4926688045e+00	
3690	-1.4935087550e+00	
3691	-1.4945751869e+00	
3692	-1.4970616854e+00	
3693	-1.4988117482e+00	
3694	-1.5010417481e+00	
3695	-1.5048004887e+00	
3696	-1.5081215143e+00	
3697	-1.5118904295e+00	
3698	-1.5157692410e+00	
3699	-1.5186547081e+00	
3700	-1.5216050980e+00	
3701	-1.5234215652e+00	
3702	-1.5250413695e+00	
3703	-1.5285012593e+00	
3704	-1.5312946219e+00	
3705	-1.5342888310e+00	
3706	-1.5377582721e+00	
3707	-1.5393408958e+00	
3708	-1.5413370457e+00	
3709	-1.5435964664e+00	
3710	-1.5449464304e+00	
3711	-1.5474430649e+00	
3712	-1.5501726307e+00	
3713	-1.5533322598e+00	
3714	-1.5568351588e+00	
3715	-1.5610463058e+00	
3716	-1.5656004839e+00	
3717	-1.5705182489e+00	
3718	-1.5753122823e+00	
3719	-1.5789963243e+00	
3720	-1.5825548366e+00	
3721	-1.5836776574e+00	
3722	-1.5849430147e+00	
3723	-1.5866982906e+00	
3724	-1.5896207610e+00	
3725	-1.5919105125e+00	
3726	-1.5924276164e+00	
3727	-1.5927941013e+00	
3728	-1.5941751000e+00	
3729	-1.5949386331e+00	
3730	-1.5960718278e+00	
3731	-1.5998788174e+00	
3732	-1.6021917743e+00	
3733	-1.6060777072e+00	
3734	-1.6102822078e+00	
3735	-1.6112814509e+00	
3736	-1.6096035343e+00	
3737	-1.6103773629e+00	
3738	-1.6112483035e+00	
3739	-1.6155520646e+00	
3740	-1.6169782184e+00	
3741	-1.6197773211e+00	
3742	-1.6217006883e+00	
3743	-1.6221093707e+00	
3744	-1.6222166878e+00	
3745	-1.6233483001e+00	
3746	-1.6228981687e+00	
3747	-1.6221855727e+00	
3748	-1.6215337183e+00	
3749	-1.6190932109e+00	
3750	-1.6168921066e+00	
3751	-1.6163006749e+00	
3752	-1.6146167049e+00	
3753	-1.6146157487e+00	
3754	-1.6152488118e+00	
3755	-1.6141516264e+00	
3756	-1.6139736615e+00	
3757	-1.6146826919e+00	
3758	-1.6141467461e+00	
3759	-1.6132299685e+00	
3760	-1.6136719222e+00	
3761	-1.6134978049e+00	
3762	-1.6134246063e+00	
3763	-1.6124949380e+00	
3764	-1.6115899567e+00	
3765	-1.6104866778e+00	
3766	-1.6098652125e+00	
3767	-1.6085923048e+00	
3768	-1.6062196038e+00	
3769	-1.6054860073e+00	
3770	-1.6040493755e+00	
3771	-1.6012222339e+00	
3772	-1.6002829825e+00	
3773	-1.6008848321e+00	
3774	-1.5996104435e+00	
3775	-1.6006224374e+00	
3776	-1.5987451304e+00	
3777	-1.5947385984e+00	
3778	-1.5913019769e+00	
3779	-1.5875576541e+00	
3780	-1.5846211326e+00	
3781	-1.5808663016e+00	
3782	-1.5752687213e+00	
3783	-1.5696625630e+00	
3784	-1.5644583675e+00	
3785	-1.5580471646e+00	
3786	-1.5512940104e+00	
3787	-1.5437099386e+00	
3788	-1.5388362236e+00	
3789	-1.5349643772e+00	
3790	-1.5296238650e+00	
3791	-1.5247343094e+00	
3792	-1.5190447485e+00	
3793	-1.5137483656e+00	
3794	-1.5081841399e+00	
3795	-1.5030014363e+00	
3796	-1.4976680246e+00	
3797	-1.4923235203e+00	
3798	-1.4878871690e+00	
3799	-1.4834735075e+00	
3800	-1.4774552321e+00	
3801	-1.4725961517e+00	
3802	-1.4687153405e+00	
3803	-1.4659817663e+00	
3804	-1.4638347801e+00	
3805	-1.4615950906e+00	
3806	-1.4593365130e+00	
3807	-1.4556757731e+00	
3808	-1.4527612565e+00	
3809	-1.4518097235e+00	
3810	-1.4502897516e+00	
3811	-1.4471362623e+00	
3812	-1.4453783480e+00	
3813	-1.4423071786e+00	
3814	-1.4389024346e+00	
3815	-1.4365131116e+00	
3816	-1.4335860266e+00	
3817	-1.4316486906e+00	
3818	-1.4279843588e+00	
3819	-1.4252993072e+00	
3820	-1.4222354136e+00	
3821	-1.4185988299e+00	
3822	-1.4156789202e+00	
3823	-1.4130345414e+00	
3824	-1.4089478462e+00	
3825	-1.4031092939e+00	
3826	-1.3951574093e+00	
3827	-1.3869450176e+00	
3828	-1.3752274676e+00	
3829	-1.3648031666e+00	
3830	-1.3494557798e+00	
3831	-1.3364067433e+00	
3832	-1.3202591550e+00	
3833	-1.3040453755e+00	
3834	-1.2847100904e+00	
3835	-1.2673971849e+00	
3836	-1.2522926981e+00	
3837	-1.2374023989e+00	
3838	-1.2274311352e+00	
3839	-1.2097050826e+00	
3840	-1.1948578399e+00	
3841	-1.1764925780e+00	
3842	-1.1603856861e+00	
3843	-1.1459269305e+00	
3844	-1.1258715980e+00	
3845	-1.1069865620e+00	
3846	-1.0863027406e+00	
3847	-1.0692532019e+00	
3848	-1.0488441927e+00	
3849	-1.0295127415e+00	
3850	-1.0088838557e+00	
3851	-9.8877215760e-01	
3852	-9.6616341624e-01	
3853	-9.4576031100e-01	
3854	-9.2287848035e-01	
3855	-9.0148098458e-01	
3856	-8.7937645817e-01	
3857	-8.5546711010e-01	
3858	-8.3471285333e-01	
3859	-8.1013678104e-01	
3860	-7.8884878469e-01	
3861	-7.6687706122e-01	
3862	-7.4392485942e-01	
3863	-7.2435446036e-01	
3864	-7.0257314051e-01	
3865	-6.8276578694e-01	
3866	-6.6431664409e-01	
3867	-6.4412340029e-01	
3868	-6.2852130764e-01	
3869	-6.1192849237e-01	
3870	-5.9684245024e-01	
3871	-5.8284305287e-01	
3872	-5.7024895557e-01	
3873	-5.5898971478e-01	
3874	-5.4869745786e-01	
3875	-5.3913405676e-01	
3876	-5.3053770343e-01	
3877	-5.2260375624e-01	
3878	-5.1547435883e-01	
3879	-5.0875016461e-01	
3880	-5.0265152653e-01	
3881	-4.9715836450e-01	
3882	-4.9216275929e-01	
3883	-4.8842940741e-01	
3884	-4.8441187180e-01	
3885	-4.8195532476e-01	
3886	-4.8188344560e-01	
3887	-4.8071577563e-01	
3888	-4.8213934970e-01	
3889	-4.8403379788e-01	
3890	-4.8680653618e-01	
3891	-4.9089459939e-01	
3892	-4.9505613715e-01	
3893	-5.0065561957e-01	
3894	-5.0706897787e-01	
3895	-5.1424059643e-01	
3896	-5.2242405986e-01	
3897	-5.2954064862e-01	
3898	-5.3817688409e-01	
3899	-5.4673335519e-01	
3900	-5.5578095220e-01	
3901	-5.6652546642e-01	
3902	-5.7691525387e-01	
3903	-5.8809470418e-01	
3904	-5.9967887361e-01	
3905	-6.1215345321e-01	
3906	-6.2774900702e-01	
3907	-6.3999179221e-01	
3908	-6.5216851721e-01	
3909	-6.6495382191e-01	
3910	-6.7667708061e-01	
3911	-6.8796497338e-01	
3912	-6.9886057099e-01	
3913	-7.1055849194e-01	
3914	-7.2283253271e-01	
3915	-7.3446678713e-01	
3916	-7.4676439143e-01	
3917	-7.5880098773e-01	
3918	-7.7051479774e-01	
3919	-7.8327150852e-01	
3920	-7.9608256779e-01	
3921	-8.0867868871e-01	
3922	-8.2114062599e-01	
3923	-8.3442268994e-01	
3924	-8.4786115677e-01	
3925	-8.6170280188e-01	
3926	-8.7595385931e-01	
3927	-8.9049128553e-01	
3928	-9.0540837723e-01	
3929	-9.2124308201e-01	
3930	-9.3727779686e-01	
3931	-9.5345381539e-01	
3932	-9.7026436651e-01	
3933	-9.8736942078e-01	
3934	-1.0046585772e+00	
3935	-1.0215942302e+00	
3936	-1.0384971174e+00	
3937	-1.0563099400e+00	
3938	-1.0742207941e+00	
3939	-1.0916337553e+00	
3940	-1.1086761378e+00	
3941	-1.1255789951e+00	
3942	-1.1431270138e+00	
3943	-1.1601894732e+00	
3944	-1.1764929051e+00	
3945	-1.1929412034e+00	
3946	-1.2086704103e+00	
3947	-1.2237380426e+00	
3948	-1.2379599015e+00	
3949	-1.2514253568e+00	
3950	-1.2643793900e+00	
3951	-1.2772762241e+00	
3952	-1.2895397290e+00	
3953	-1.3011465314e+00	
3954	-1.3121412843e+00	
3955	-1.3223403658e+00	
3956	-1.3319320323e+00	
3957	-1.3408063416e+00	
3958	-1.3489695993e+00	
3959	-1.3567262617e+00	
3960	-1.3639809015e+00	
3961	-1.3705615998e+00	
3962	-1.3765815590e+00	
3963	-1.3821523323e+00	
3964	-1.3872812215e+00	
3965	-1.3920119235e+00	
3966	-1.3966540017e+00	
3967	-1.4010426941e+00	
3968	-1.4051655848e+00	
3969	-1.4090199076e+00	
3970	-1.4130848814e+00	
3971	-1.4164674521e+00	
3972	-1.4198794413e+00	
3973	-1.4231317268e+00	
3974	-1.4250661778e+00	
3975	-1.4267750542e+00	
3976	-1.4284081462e+00	
3977	-1.4313659836e+00	
3978	-1.4334945540e+00	
3979	-1.4361053071e+00	
3980	-1.4403302515e+00	
3981	-1.4441264433e+00	
3982	-1.4483104666e+00	
3983	-1.4524114724e+00	
3984	-1.4555274200e+00	
3985	-1.4588471860e+00	
3986	-1.4607907846e+00	
3987	-1.4636354904e+00	
3988	-1.4671034804e+00	
3989	-1.4705655094e+00	
3990	-1.4746157971e+00	
3991	-1.4767995803e+00	
3992	-1.4796024931e+00	
3993	-1.4822083517e+00	
3994	-1.4843183785e+00	
3995	-1.4880756808e+00	
3996	-1.4917948585e+00	
3997	-1.4956188946e+00	
3998	-1.4997570081e+00	
3999	-1.5048764701e+00	
4000	-1.5103848049e+00	
4001	-1.5165230782e+00	
4002	-1.5221904858e+00	
4003	-1.5280424068e+00	
4004	-1.5339479170e+00	
4005	-1.5389973025e+00	
4006	-1.5425582243e+00	
4007	-1.5463019999e+00	
4008	-1.5505652181e+00	
4009	-1.5542744590e+00	
4010	-1.5562550497e+00	
4011	-1.5564893658e+00	
4012	-1.5550152428e+00	
4013	-1.5514944699e+00	
4014	-1.5490452533e+00	
4015	-1.5486734529e+00	
4016	-1.5527554306e+00	
4017	-1.5551724527e+00	
4018	-1.5586295369e+00	
4019	-1.5606347829e+00	
4020	-1.5622903010e+00	
4021	-1.5641082214e+00	
4022	-1.5686175326e+00	
4023	-1.5694732837e+00	
4024	-1.5717015018e+00	
4025	-1.5740168745e+00	
4026	-1.5760467842e+00	
4027	-1.5787451684e+00	
4028	-1.5809095772e+00	
4029	-1.5818086449e+00	
4030	-1.5832709187e+00	
4031	-1.5827425309e+00	
4032	-1.5816945393e+00	
4033	-1.5818134403e+00	
4034	-1.5809266077e+00	
4035	-1.5795816605e+00	
4036	-1.5803834586e+00	
4037	-1.5804485101e+00	
4038	-1.5804709706e+00	
4039	-1.5818944829e+00	
4040	-1.5815136108e+00	
4041	-1.5815890106e+00	
4042	-1.5833405891e+00	
4043	-1.5852240596e+00	
4044	-1.5852242501e+00	
4045	-1.5856265740e+00	
4046	-1.5865789529e+00	
4047	-1.5873669496e+00	
4048	-1.5868694542e+00	
4049	-1.5867499674e+00	
4050	-1.5880410528e+00	
4051	-1.5883151105e+00	
4052	-1.5886248437e+00	
4053	-1.5886186263e+00	
4054	-1.5877478895e+00	
4055	-1.5882699354e+00	
4056	-1.5868687384e+00	
4057	-1.5858158528e+00	
4058	-1.5865130506e+00	
4059	-1.5866451712e+00	
4060	-1.5864080099e+00	
4061	-1.5876167747e+00	
4062	-1.5871086405e+00	
4063	-1.5841636241e+00	
4064	-1.5817207817e+00	
4065	-1.5786499293e+00	
4066	-1.5755065813e+00	
4067	-1.5721613941e+00	
4068	-1.5674629681e+00	
4069	-1.5628632663e+00	
4070	-1.5592930973e+00	
4071	-1.5538819786e+00	
4072	-1.5475890624e+00	
4073	-1.5404267276e+00	
4074	-1.5349503211e+00	
4075	-1.5294239862e+00	
4076	-1.5239733838e+00	
4077	-1.5183530899e+00	
4078	-1.5114811162e+00	
4079	-1.5045751521e+00	
4080	-1.4980870288e+00	
4081	-1.4904130392e+00	
4082	-1.4819950720e+00	
4083	-1.4744084384e+00	
4084	-1.4659211979e+00	
4085	-1.4539148290e+00	
4086	-1.4419536905e+00	
4087	-1.4315929373e+00	
4088	-1.4225219474e+00	
4089	-1.4121874815e+00	
4090	-1.4038268280e+00	
4091	-1.3960755485e+00	
4092	-1.3902464792e+00	
4093	-1.3859608073e+00	
4094	-1.3834443551e+00	
4095	-1.3823104250e+00	
4096	-1.3811859022e+00	
4097	-1.3809332500e+00	
4098	-1.3810925050e+00	
4099	-1.3813707418e+00	
4100	-1.3832885741e+00	
4101	-1.3847879967e+00	
4102	-1.3868202715e+00	
4103	-1.3877692337e+00	
4104	-1.3899653968e+00	
4105	-1.3908653430e+00	
4106	-1.3918919042e+00	
4107	-1.3953844429e+00	
4108	-1.3976527727e+00	
4109	-1.3999820344e+00	
4110	-1.4030771995e+00	
4111	-1.4045949361e+00	
4112	-1.4068166359e+00	
4113	-1.4056529137e+00	
4114	-1.4036187704e+00	
4115	-1.4015715042e+00	
4116	-1.4022429702e+00	
4117	-1.3973989352e+00	
4118	-1.3927212155e+00	
4119	-1.3836479305e+00	
4120	-1.3753909733e+00	
4121	-1.3627238107e+00	
4122	-1.3475450066e+00	
4123	-1.3353717287e+00	
4124	-1.3203644203e+00	
4125	-1.3062985985e+00	
4126	-1.2887721222e+00	
4127	-1.2751921098e+00	
4128	-1.2541119182e+00	
4129	-1.2331397190e+00	
4130	-1.2131594914e+00	
4131	-1.1892182245e+00	
4132	-1.1677194113e+00	
4133	-1.1419939335e+00	
4134	-1.1209808806e+00	
4135	-1.0962058156e+00	
4136	-1.0743596743e+00	
4137	-1.0484296312e+00	
4138	-1.0247216655e+00	
4139	-9.9854076944e-01	
4140	-9.7352879641e-01	
4141	-9.5033397032e-01	
4142	-9.2208737450e-01	
4143	-8.9792837613e-01	
4144	-8.7314552392e-01	
4145	-8.4678558205e-01	
4146	-8.2393524868e-01	
4147	-7.9949255724e-01	
4148	-7.7472036751e-01	
4149	-7.5311124246e-01	
4150	-7.3083468739e-01	
4151	-7.0901896549e-01	
4152	-6.8993530491e-01	
4153	-6.7109582712e-01	
4154	-6.5311818867e-01	
4155	-6.3950754580e-01	
4156	-6.2485087260e-01	
4157	-6.1142883446e-01	
4158	-6.0143252661e-01	
4159	-5.9104355216e-01	
4160	-5.8329722720e-01	
4161	-5.7609952938e-01	
4162	-5.7091842110e-01	
4163	-5.6541737296e-01	
4164	-5.5952036541e-01	
4165	-5.5384629462e-01	
4166	-5.4820503594e-01	
4167	-5.4203928160e-01	
4168	-5.3470177147e-01	
4169	-5.2848471791e-01	
4170	-5.1926073529e-01	
4171	-5.1124524547e-01	
4172	-5.0336761089e-01	
4173	-4.9720203519e-01	
4174	-4.9201858482e-01	
4175	-4.8830342389e-01	
4176	-4.8553586787e-01	
4177	-4.8474434128e-01	
4178	-4.8353756233e-01	
4179	-4.8391547980e-01	
4180	-4.8598350641e-01	
4181	-4.8978684423e-01	
4182	-4.9504834314e-01	
4183	-5.0128412000e-01	
4184	-5.0971945989e-01	
4185	-5.1922683035e-01	
4186	-5.3079129605e-01	
4187	-5.4455910756e-01	
4188	-5.6043338776e-01	
4189	-5.7770465515e-01	
4190	-5.9622544124e-01	
4191	-6.1799359093e-01	
4192	-6.4217101566e-01	
4193	-6.6511563679e-01	
4194	-6.9213519725e-01	
4195	-7.1942497508e-01	
4196	-7.4241281603e-01	
4197	-7.6681105518e-01	
4198	-7.9118304494e-01	
4199	-8.1352752052e-01	
4200	-8.3509180419e-01	
4201	-8.5746953502e-01	
4202	-8.7951077337e-01	
4203	-9.0053259000e-01	
4204	-9.2054535805e-01	
4205	-9.4177011160e-01	
4206	-9.6197361152e-01	
4207	-9.8115386162e-01	
4208	-1.0015430784e+00	
4209	-1.0210485378e+00	
4210	-1.0406904505e+00	
4211	-1.0600480673e+00	
4212	-1.0793752291e+00	
4213	-1.0994787186e+00	
4214	-1.1180230390e+00	
4215	-1.1358292995e+00	
4216	-1.1538666581e+00	
4217	-1.1717846655e+00	
4218	-1.1894764500e+00	
4219	-1.2064058117e+00	
4220	-1.2234539933e+00	
4221	-1.2403813673e+00	
4222	-1.2567578557e+00	
4223	-1.2728065542e+00	
4224	-1.2878720722e+00	
4225	-1.3023539075e+00	
4226	-1.3161456137e+00	
4227	-1.3293481768e+00	
4228	-1.3415879681e+00	
4229	-1.3535725752e+00	
4230	-1.3648788231e+00	
4231	-1.3756181612e+00	
4232	-1.3859110248e+00	
4233	-1.3951245933e+00	
4234	-1.4037662036e+00	
4235	-1.4120152916e+00	
4236	-1.4194127196e+00	
4237	-1.4260597078e+00	
4238	-1.4319790920e+00	
4239	-1.4374663496e+00	
4240	-1.4422671185e+00	
4241	-1.4467282491e+00	
4242	-1.4508409916e+00	
4243	-1.4545451745e+00	
4244	-1.4581586530e+00	
4245	-1.4615324852e+00	
4246	-1.4645153197e+00	
4247	-1.4673364024e+00	
4248	-1.4703374025e+00	
4249	-1.4732090614e+00	
4250	-1.4756349033e+00	
4251	-1.4780490756e+00	
4252	-1.4798737520e+00	
4253	-1.4809395233e+00	
4254	-1.4815895729e+00	
4255	-1.4830637591e+00	
4256	-1.4858918448e+00	
4257	-1.4866399822e+00	
4258	-1.4898134362e+00	
4259	-1.4934948243e+00	
4260	-1.4969135359e+00	
4261	-1.5008589046e+00	
4262	-1.5044247615e+00	
4263	-1.5071699238e+00	
4264	-1.5099082811e+00	
4265	-1.5115796252e+00	
4266	-1.5142675325e+00	
4267	-1.5173679840e+00	
4268	-1.5200825112e+00	
4269	-1.5235500931e+00	
4270	-1.5255718648e+00	
4271	-1.5271442679e+00	
4272	-1.5292601279e+00	
4273	-1.5299197495e+00	
4274	-1.5324788526e+00	
4275	-1.5353241378e+00	
4276	-1.5379845046e+00	
4277	-1.5410404707e+00	
4278	-1.5447282724e+00	
4279	-1.5485993170e+00	
4280	-1.5536536944e+00	
4281	-1.5582617108e+00	
4282	-1.5623912321e+00	
4283	-1.5656673180e+00	
4284	-1.5674847271e+00	
4285	-1.5687093221e+00	
4286	-1.5698809055e+00	
4287	-1.5723014918e+00	
4288	-1.5747107797e+00	
4289	-1.5754336832e+00	
4290	-1.5751792105e+00	
4291	-1.5749379857e+00	
4292	-1.5753253395e+00	
4293	-1.5773867238e+00	
4294	-1.5778984749e+00	
4295	-1.5830486514e+00	
4296	-1.5847969579e+00	
4297	-1.5888233698e+00	
4298	-1.5916811825e+00	
4299	-1.5904400665e+00	
4300	-1.5903498027e+00	
4301	-1.5910150384e+00	
4302	-1.5936667694e+00	
4303	-1.5952352785e+00	
4304	-1.5967814226e+00	
4305	-1.5992700926e+00	
4306	-1.6003670165e+00	
4307	-1.5997966141e+00	
4308	-1.6010581775e+00	
4309	-1.6008295126e+00	
4310	-1.5993877307e+00	
4311	-1.5989998783e+00	
4312	-1.5968862788e+00	
4313	-1.5943025133e+00	
4314	-1.5939046944e+00	
4315	-1.5927386797e+00	
4316	-1.5921470212e+00	
4317	-1.5930564272e+00	
4318	-1.5916499986e+00	
4319	-1.5912177562e+00	
4320	-1.5923051462e+00	
4321	-1.5917228181e+00	
4322	-1.5907926713e+00	
4323	-1.5913155369e+00	
4324	-1.5912093611e+00	
4325	-1.5912765713e+00	
4326	-1.5899363929e+00	
4327	-1.5892570764e+00	
4328	-1.5886277765e+00	
4329	-1.5878467848e+00	
4330	-1.5878256742e+00	
4331	-1.5872349738e+00	
4332	-1.5865227130e+00	
4333	-1.5856465883e+00	
4334	-1.5826801033e+00	
4335	-1.5811906452e+00	
4336	-1.5821087573e+00	
4337	-1.5814272514e+00	
4338	-1.5819779631e+00	
4339	-1.5808457559e+00	
4340	-1.5777194425e+00	
4341	-1.5744940205e+00	
4342	-1.5719040852e+00	
4343	-1.5681466809e+00	
4344	-1.5642811151e+00	
4345	-1.5595082488e+00	
4346	-1.5561875176e+00	
4347	-1.5506170545e+00	
4348	-1.5445904876e+00	
4349	-1.5382035769e+00	
4350	-1.5337538654e+00	
4351	-1.5293490429e+00	
4352	-1.5221500037e+00	
4353	-1.5179648215e+00	
4354	-1.5141646671e+00	
4355	-1.5085108191e+00	
4356	-1.5030233087e+00	
4357	-1.4983191335e+00	
4358	-1.4952146648e+00	
4359	-1.4902593100e+00	
4360	-1.4847501938e+00	
4361	-1.4814008455e+00	
4362	-1.4775384898e+00	
4363	-1.4728644851e+00	
4364	-1.4690746506e+00	
4365	-1.4650053382e+00	
4366	-1.4629275729e+00	
4367	-1.4606700839e+00	
4368	-1.4597736955e+00	
4369	-1.4588441723e+00	
4370	-1.4558268869e+00	
4371	-1.4551730058e+00	
4372	-1.4541635145e+00	
4373	-1.4535760764e+00	
4374	-1.4525790877e+00	
4375	-1.4505921354e+00	
4376	-1.4487356156e+00	
4377	-1.4458017890e+00	
4378	-1.4425025286e+00	
4379	-1.4403036401e+00	
4380	-1.4383976694e+00	
4381	-1.4360179396e+00	
4382	-1.4331808172e+00	
4383	-1.4302291629e+00	
4384	-1.4271719095e+00	
4385	-1.4240516063e+00	
4386	-1.4202619339e+00	
4387	-1.4181966560e+00	
4388	-1.4116885197e+00	
4389	-1.4070746241e+00	
4390	-1.3995896294e+00	
4391	-1.3903252762e+00	
4392	-1.3796002636e+00	
4393	-1.3699603953e+00	
4394	-1.3561413774e+00	
4395	-1.3414305228e+00	
4396	-1.3253284974e+00	
4397	-1.3082761861e+00	
4398	-1.2861235924e+00	
4399	-1.2682602652e+00	
4400	-1.2508053107e+00	
4401	-1.2337610137e+00	
4402	-1.2229748325e+00	
4403	-1.2047651111e+00	
4404	-1.1879231850e+00	
4405	-1.1711730971e+00	
4406	-1.1539581282e+00	
4407	-1.1392394198e+00	
4408	-1.1205488983e+00	
4409	-1.1021903584e+00	
4410	-1.0829787714e+00	
4411	-1.0644292479e+00	
4412	-1.0441819332e+00	
4413	-1.0250702710e+00	
4414	-1.0041673161e+00	
4415	-9.8405495824e-01	
4416	-9.6218725324e-01	
4417	-9.4303944624e-01	
4418	-9.1970821233e-01	
4419	-8.9982616600e-01	
4420	-8.7656909954e-01	
4421	-8.5362228592e-01	
4422	-8.3309144688e-01	
4423	-8.0867242854e-01	
4424	-7.8804896809e-01	
4425	-7.6569067791e-01	
4426	-7.4374590601e-01	
4427	-7.2376828721e-01	
4428	-7.0305076416e-01	
4429	-6.8430809752e-01	
4430	-6.6635097922e-01	
4431	-6.4714416077e-01	
4432	-6.3186608841e-01	
4433	-6.1508415508e-01	
4434	-6.0095540551e-01	
4435	-5.8788120946e-01	
4436	-5.7504515914e-01	
4437	-5.6354841510e-01	
4438	-5.5352625044e-01	
4439	-5.4362681419e-01	
4440	-5.3463540223e-01	
4441	-5.2598989894e-01	
4442	-5.1805200817e-01	
4443	-5.1043319092e-01	
4444	-5.0332308789e-01	
4445	-4.9722748903e-01	
4446	-4.9196119618e-01	
4447	-4.8733284779e-01	
4448	-4.8348293900e-01	
4449	-4.8021678876e-01	
4450	-4.7776510272e-01	
4451	-4.7668624064e-01	
4452	-4.7797656065e-01	
4453	-4.7932635184e-01	
4454	-4.8228880740e-01	
4455	-4.8545302115e-01	
4456	-4.8965575234e-01	
4457	-4.9580322810e-01	
4458	-5.0254384524e-01	
4459	-5.1116846302e-01	
4460	-5.1934268532e-01	
4461	-5.2781093278e-01	
4462	-5.3740946841e-01	
4463	-5.4763910516e-01	
4464	-5.5654861858e-01	
4465	-5.6646436112e-01	
4466	-5.7491433511e-01	
4467	-5.8546782670e-01	
4468	-5.9644969392e-01	
4469	-6.0809906101e-01	
4470	-6.2041866819e-01	
4471	-6.3079840579e-01	
4472	-6.3908937879e-01	
4473	-6.4921190833e-01	
4474	-6.5844483918e-01	
4475	-6.6626329226e-01	
4476	-6.7365920995e-01	
4477	-6.8255097058e-01	
4478	-6.9031486565e-01	
4479	-6.9957624437e-01	
4480	-7.0911514821e-01	
4481	-7.1826652329e-01	
4482	-7.2798047737e-01	
4483	-7.3750466172e-01	
4484	-7.4745744317e-01	
4485	-7.5749257120e-01	
4486	-7.6794333113e-01	
4487	-7.7901470285e-01	
4488	-7.9065379561e-01	
4489	-8.0264663667e-01	
4490	-8.1489459322e-01	
4491	-8.2759786299e-01	
4492	-8.4103362514e-01	
4493	-8.5481771536e-01	
4494	-8.6978230732e-01	
4495	-8.8511415510e-01	
4496	-9.0068504597e-01	
4497	-9.1732165375e-01	
4498	-9.3474793629e-01	
4499	-9.5190204241e-01	
4500	-9.6905437769e-01	
4501	-9.8690402493e-01	
4502	-1.0050780185e+00	
4503	-1.0237960208e+00	
4504	-1.0423956962e+00	
4505	-1.0608351503e+00	
4506	-1.0789536366e+00	
4507	-1.0974635036e+00	
4508	-1.1158582549e+00	
4509	-1.1335407225e+00	
4510	-1.1509925581e+00	
4511	-1.1679626846e+00	
4512	-1.1839488579e+00	
4513	-1.1991508751e+00	
4514	-1.2138983690e+00	
4515	-1.2279420187e+00	
4516	-1.2415979683e+00	
4517	-1.2543210096e+00	
4518	-1.2666956249e+00	
4519	-1.2781151987e+00	
4520	-1.2888286125e+00	
4521	-1.2988048960e+00	
4522	-1.3078961600e+00	
4523	-1.3164535586e+00	
4524	-1.3244589375e+00	
4525	-1.3319576130e+00	
4526	-1.3385979070e+00	
4527	-1.3447222245e+00	
4528	-1.3503840829e+00	
4529	-1.3555720027e+00	
4530	-1.3605082455e+00	
4531	-1.3651965865e+00	
4532	-1.3694214505e+00	
4533	-1.3736290042e+00	
4534	-1.3779311343e+00	
4535	-1.3816688096e+00	
4536	-1.3851977987e+00	
4537	-1.3883602122e+00	
4538	-1.3906148523e+00	
4539	-1.3925600557e+00	
4540	-1.3941775455e+00	
4541	-1.3965514510e+00	
4542	-1.3995808413e+00	
4543	-1.4011250941e+00	
4544	-1.4051412144e+00	
4545	-1.4087328675e+00	
4546	-1.4131455656e+00	
4547	-1.4175128025e+00	
4548	-1.4208220686e+00	
4549	-1.4242681678e+00	
4550	-1.4267210348e+00	
4551	-1.4294207130e+00	
4552	-1.4332473366e+00	
4553	-1.4367800628e+00	
4554	-1.4410985185e+00	
4555	-1.4434463973e+00	
4556	-1.4461253850e+00	
4557	-1.4481036573e+00	
4558	-1.4501288483e+00	
4559	-1.4540920117e+00	
4560	-1.4578312601e+00	
4561	-1.4618448750e+00	
4562	-1.4671225645e+00	
4563	-1.4729143575e+00	
4564	-1.4796870795e+00	
4565	-1.4861198234e+00	
4566	-1.4923598813e+00	
4567	-1.4984400795e+00	
4568	-1.5035556621e+00	
4569	-1.5083117962e+00	
4570	-1.5123187908e+00	
4571	-1.5169819455e+00	
4572	-1.5215897923e+00	
4573	-1.5239939103e+00	
4574	-1.5243343661e+00	
4575	-1.5237617160e+00	
4576	-1.5224822076e+00	
4577	-1.5207470213e+00	
4578	-1.5208418705e+00	
4579	-1.5242952122e+00	
4580	-1.5269640042e+00	
4581	-1.5315501185e+00	
4582	-1.5353940259e+00	
4583	-1.5372265256e+00	
4584	-1.5368972672e+00	
4585	-1.5389575932e+00	
4586	-1.5418417293e+00	
4587	-1.5449484847e+00	
4588	-1.5474485572e+00	
4589	-1.5500053154e+00	
4590	-1.5528781649e+00	
4591	-1.5556057144e+00	
4592	-1.5573144041e+00	
4593	-1.5601464503e+00	
4594	-1.5611589255e+00	
4595	-1.5608426243e+00	
4596	-1.5611329398e+00	
4597	-1.5599480401e+00	
4598	-1.5585938421e+00	
4599	-1.5592487608e+00	
4600	-1.5590220768e+00	
4601	-1.5589794002e+00	
4602	-1.5604064274e+00	
4603	-1.5598953551e+00	
4604	-1.5597711583e+00	
4605	-1.5615420958e+00	
4606	-1.5618571192e+00	
4607	-1.5618099425e+00	
4608	-1.5626676067e+00	
4609	-1.5633124538e+00	
4610	-1.5639907062e+00	
4611	-1.5636089926e+00	
4612	-1.5631151622e+00	
4613	-1.5634144840e+00	
4614	-1.5632314937e+00	
4615	-1.5637927887e+00	
4616	-1.5634431567e+00	
4617	-1.5623761526e+00	
4618	-1.5626576642e+00	
4619	-1.5615413273e+00	
4620	-1.5598805791e+00	
4621	-1.5609750552e+00	
4622	-1.5615377234e+00	
4623	-1.5619213814e+00	
4624	-1.5630600433e+00	
4625	-1.5617338697e+00	
4626	-1.5595224938e+00	
4627	-1.5572946164e+00	
4628	-1.5551574388e+00	
4629	-1.5529560920e+00	
4630	-1.5497872752e+00	
4631	-1.5454725620e+00	
4632	-1.5422397013e+00	
4633	-1.5388233963e+00	
4634	-1.5337648197e+00	
4635	-1.5279178705e+00	
4636	-1.5219699808e+00	
4637	-1.5184259019e+00	
4638	-1.5117973775e+00	
4639	-1.5059677557e+00	
4640	-1.5012108131e+00	
4641	-1.4948171431e+00	
4642	-1.4889683240e+00	
4643	-1.4814006586e+00	
4644	-1.4738045047e+00	
4645	-1.4651845601e+00	
4646	-1.4573478323e+00	
4647	-1.4486929001e+00	
4648	-1.4367228333e+00	
4649	-1.4250686404e+00	
4650	-1.4145440307e+00	
4651	-1.4048682785e+00	
4652	-1.3978790488e+00	
4653	-1.3906932177e+00	
4654	-1.3847169573e+00	
4655	-1.3797368742e+00	
4656	-1.3758910016e+00	
4657	-1.3744120010e+00	
4658	-1.3736904904e+00	
4659	-1.3750285901e+00	
4660	-1.3750620086e+00	
4661	-1.3767668309e+00	
4662	-1.3767182266e+00	
4663	-1.3796537609e+00	
4664	-1.3815709948e+00	
4665	-1.3851422981e+00	
4666	-1.3870321417e+00	
4667	-1.3885849632e+00	
4668	-1.3911966492e+00	
4669	-1.3929617992e+00	
4670	-1.3959323537e+00	
4671	-1.3987747580e+00	
4672	-1.4027286091e+00	
4673	-1.4057669113e+00	
4674	-1.4067709106e+00	
4675	-1.4088370530e+00	
4676	-1.4082494600e+00	
4677	-1.4053205302e+00	
4678	-1.4028769502e+00	
4679	-1.4031058953e+00	
4680	-1.3978586050e+00	
4681	-1.3935590316e+00	
4682	-1.3841173834e+00	
4683	-1.3741740128e+00	
4684	-1.3610491265e+00	
4685	-1.3466129709e+00	
4686	-1.3336690686e+00	
4687	-1.3172310925e+00	
4688	-1.3025510821e+00	
4689	-1.2836458431e+00	
4690	-1.2694718652e+00	
4691	-1.2483595982e+00	
4692	-1.2269931101e+00	
4693	-1.2081451073e+00	
4694	-1.1835648235e+00	
4695	-1.1619890746e+00	
4696	-1.1364010771e+00	
4697	-1.1151611891e+00	
4698	-1.0903945073e+00	
4699	-1.0679250646e+00	
4700	-1.0433785974e+00	
4701	-1.0198332711e+00	
4702	-9.9495575841e-01	
4703	-9.6904779170e-01	
4704	-9.4781731822e-01	
4705	-9.2037494964e-01	
4706	-8.9513901326e-01	
4707	-8.7232332922e-01	
4708	-8.4688512585e-01	
4709	-8.2371560860e-01	
4710	-8.0008084533e-01	
4711	-7.7561149015e-01	
4712	-7.5439162732e-01	
4713	-7.3265259537e-01	
4714	-7.1112406538e-01	
4715	-6.9253907293e-01	
4716	-6.7275647102e-01	
4717	-6.5371894880e-01	
4718	-6.3889683565e-01	
4719	-6.2402874094e-01	
4720	-6.1002431808e-01	
4721	-5.9975034329e-01	
4722	-5.8867459426e-01	
4723	-5.8013981775e-01	
4724	-5.7179246525e-01	
4725	-5.6530677001e-01	
4726	-5.6020972105e-01	
4727	-5.5493526449e-01	
4728	-5.4927677810e-01	
4729	-5.4295768485e-01	
4730	-5.3732247054e-01	
4731	-5.3099271062e-01	
4732	-5.2538006904e-01	
4733	-5.1777909771e-01	
4734	-5.1057400011e-01	
4735	-5.0252757097e-01	
4736	-4.9560787760e-01	
4737	-4.9063271862e-01	
4738	-4.8651191150e-01	
4739	-4.8410965236e-01	
4740	-4.8202688782e-01	
4741	-4.8147402410e-01	
4742	-4.8200458589e-01	
4743	-4.8344462514e-01	
4744	-4.8592762202e-01	
4745	-4.9044318091e-01	
4746	-4.9654808453e-01	
4747	-5.0413509690e-01	
4748	-5.1337989741e-01	
4749	-5.2525481047e-01	
4750	-5.3859747370e-01	
4751	-5.5399337119e-01	
4752	-5.7154789309e-01	
4753	-5.8937739934e-01	
4754	-6.1079567859e-01	
4755	-6.3353494364e-01	
4756	-6.5568004213e-01	
4757	-6.8288761439e-01	
4758	-7.0877280311e-01	
4759	-7.3129320911e-01	
4760	-7.5495318191e-01	
4761	-7.7853396843e-01	
4762	-8.0065820309e-01	
4763	-8.2116999355e-01	
4764	-8.4348331939e-01	
4765	-8.6500297674e-01	
4766	-8.8555480308e-01	
4767	-9.0577415267e-01	
4768	-9.2621353197e-01	
4769	-9.4639475027e-01	
4770	-9.6592196825e-01	
4771	-9.8566670037e-01	
4772	-1.0053884302e+00	
4773	-1.0251450679e+00	
4774	-1.0441124935e+00	
4775	-1.0635613046e+00	
4776	-1.0837100640e+00	
4777	-1.1028695838e+00	
4778	-1.1206985917e+00	
4779	-1.1387654617e+00	
4780	-1.1573974433e+00	
4781	-1.1752522094e+00	
4782	-1.1921453792e+00	
4783	-1.2092944152e+00	
4784	-1.2265807840e+00	
4785	-1.2429806782e+00	
4786	-1.2591638927e+00	
4787	-1.2746404613e+00	
4788	-1.2894991931e+00	
4789	-1.3034781457e+00	
4790	-1.3169822141e+00	
4791	-1.3297043401e+00	
4792	-1.3415660539e+00	
4793	-1.3535262043e+00	
4794	-1.3645771269e+00	
4795	-1.3750515744e+00	
4796	-1.3847054895e+00	
4797	-1.3937161108e+00	
4798	-1.4021711786e+00	
4799	-1.4098444089e+00	
4800	-1.4165298868e+00	
4801	-1.4226761159e+00	
4802	-1.4282763485e+00	
4803	-1.4331553744e+00	
4804	-1.4377064757e+00	
4805	-1.4418583441e+00	
4806	-1.4456502050e+00	
4807	-1.4492767202e+00	
4808	-1.4527388825e+00	
4809	-1.4557612825e+00	
4810	-1.4587572215e+00	
4811	-1.4618658375e+00	
4812	-1.4647851669e+00	
4813	-1.4673015497e+00	
4814	-1.4697711836e+00	
4815	-1.4717887935e+00	
4816	-1.4728547386e+00	
4817	-1.4734294842e+00	
4818	-1.4747772445e+00	
4819	-1.4775959182e+00	
4820	-1.4782613038e+00	
4821	-1.4814739297e+00	
4822	-1.4850484375e+00	
4823	-1.4884643520e+00	
4824	-1.4926076243e+00	
4825	-1.4961182929e+00	
4826	-1.4988483669e+00	
4827	-1.5016206417e+00	
4828	-1.5032937065e+00	
4829	-1.5063290352e+00	
4830	-1.5093451351e+00	
4831	-1.5121640647e+00	
4832	-1.5156396341e+00	
4833	-1.5169580379e+00	
4834	-1.5187287690e+00	
4835	-1.5201491477e+00	
4836	-1.5212098124e+00	
4837	-1.5239231244e+00	
4838	-1.5265973487e+00	
4839	-1.5293657209e+00	
4840	-1.5324271102e+00	
4841	-1.5359354144e+00	
4842	-1.5407633172e+00	
4843	-1.5455826104e+00	
4844	-1.5498914636e+00	
4845	-1.5541977060e+00	
4846	-1.5569941565e+00	
4847	-1.5581379544e+00	
4848	-1.5596222089e+00	
4849	-1.5612534723e+00	
4850	-1.5638228997e+00	
4851	-1.5653726453e+00	
4852	-1.5642524290e+00	
4853	-1.5634294689e+00	
4854	-1.5640915871e+00	
4855	-1.5641839906e+00	
4856	-1.5659219231e+00	
4857	-1.5694436683e+00	
4858	-1.5715340102e+00	
4859	-1.5748298881e+00	
4860	-1.5789243565e+00	
4861	-1.5801340079e+00	
4862	-1.5779579840e+00	
4863	-1.5782988856e+00	
4864	-1.5789136026e+00	
4865	-1.5817858603e+00	
4866	-1.5821974772e+00	
4867	-1.5846118375e+00	
4868	-1.5864103553e+00	
4869	-1.5864165538e+00	
4870	-1.5862900402e+00	
4871	-1.5871940484e+00	
4872	-1.5863637988e+00	
4873	-1.5854632645e+00	
4874	-1.5843115350e+00	
4875	-1.5811182206e+00	
4876	-1.5803338748e+00	
4877	-1.5793419020e+00	
4878	-1.5779422235e+00	
4879	-1.5784969230e+00	
4880	-1.5776443723e+00	
4881	-1.5770185317e+00	
4882	-1.5776800199e+00	
4883	-1.5778896250e+00	
4884	-1.5766863693e+00	
4885	-1.5762065052e+00	
4886	-1.5761457893e+00	
4887	-1.5762813972e+00	
4888	-1.5755084794e+00	
4889	-1.5739912095e+00	
4890	-1.5732875343e+00	
4891	-1.5723507815e+00	
4892	-1.5724317543e+00	
4893	-1.5720416212e+00	
4894	-1.5714090169e+00	
4895	-1.5710357852e+00	
4896	-1.5690014543e+00	
4897	-1.5660769073e+00	
4898	-1.5671314605e+00	
4899	-1.5667524872e+00	
4900	-1.5667765880e+00	
4901	-1.5664849558e+00	
4902	-1.5642076263e+00	
4903	-1.5615489192e+00	
4904	-1.5590123294e+00	
4905	-1.5553653996e+00	
4906	-1.5514887287e+00	
4907	-1.5470552022e+00	
4908	-1.5439102101e+00	
4909	-1.5399730381e+00	
4910	-1.5344091552e+00	
4911	-1.5286795617e+00	
4912	-1.5245912836e+00	
4913	-1.5205219331e+00	
4914	-1.5129567423e+00	
4915	-1.5090713306e+00	
4916	-1.5049651069e+00	
4917	-1.4993142941e+00	
4918	-1.4947009173e+00	
4919	-1.4894243433e+00	
4920	-1.4869039259e+00	
4921	-1.4836431318e+00	
4922	-1.4777655148e+00	
4923	-1.4737480442e+00	
4924	-1.4707218999e+00	
4925	-1.4664711105e+00	
4926	-1.4627689168e+00	
4927	-1.4598935506e+00	
4928	-1.4575300675e+00	
4929	-1.4549708159e+00	
4930	-1.4544574285e+00	
4931	-1.4538951649e+00	
4932	-1.4511063054e+00	
4933	-1.4506946603e+00	
4934	-1.4510821799e+00	
4935	-1.4504843515e+00	
4936	-1.4500450598e+00	
4937	-1.4488637768e+00	
4938	-1.4475149424e+00	
4939	-1.4454680411e+00	
4940	-1.4426953262e+00	
4941	-1.4407560430e+00	
4942	-1.4383500888e+00	
4943	-1.4366641082e+00	
4944	-1.4338988505e+00	
4945	-1.4323450462e+00	
4946	-1.4291056010e+00	
4947	-1.4264728948e+00	
4948	-1.4224283565e+00	
4949	-1.4199055988e+00	
4950	-1.4162180232e+00	
4951	-1.4112436145e+00	
4952	-1.4063499872e+00	
4953	-1.3984559024e+00	
4954	-1.3885923016e+00	
4955	-1.3806784914e+00	
4956	-1.3693435706e+00	
4957	-1.3565501730e+00	
4958	-1.3407569020e+00	
4959	-1.3239000378e+00	
4960	-1.3053904380e+00	
4961	-1.2839615128e+00	
4962	-1.2652328212e+00	
4963	-1.2501376278e+00	
4964	-1.2318784882e+00	
4965	-1.2194116625e+00	
4966	-1.2017859936e+00	
4967	-1.1842395869e+00	
4968	-1.1678199256e+00	
4969	-1.1534257572e+00	
4970	-1.1361106440e+00	
4971	-1.1183067095e+00	
4972	-1.0975050840e+00	
4973	-1.0797824150e+00	
4974	-1.0587998535e+00	
4975	-1.0407475405e+00	
4976	-1.0199394864e+00	
4977	-1.0005434461e+00	
4978	-9.7900577599e-01	
4979	-9.5802736617e-01	
4980	-9.3773422994e-01	
4981	-9.1444226900e-01	
4982	-8.9434096800e-01	
4983	-8.7112348977e-01	
4984	-8.4894743108e-01	
4985	-8.2685399091e-01	
4986	-8.0331158772e-01	
4987	-7.8240027439e-01	
4988	-7.6026245969e-01	
4989	-7.3952773042e-01	
4990	-7.1916237568e-01	
4991	-6.9839560464e-01	
4992	-6.8025758243e-01	
4993	-6.6161892958e-01	
4994	-6.4365022878e-01	
4995	-6.2834037966e-01	
4996	-6.1180645154e-01	
4997	-5.9875954056e-01	
4998	-5.8559871089e-01	
4999	-5.7353249327e-01	
5000	-5.6236491936e-01	
