# Time           	0.0              	3.6634739288e-03	7.3269478575e-03	1.0990421786e-02	1.4653895715e-02	1.8317369644e-02	2.1980843573e-02	2.5644317501e-02	2.9307791430e-02	3.2971265359e-02	3.6634739288e-02	4.0298213216e-02	4.3961687145e-02	4.7625161074e-02	5.1288635003e-02	5.4952108931e-02	5.8615582860e-02	6.2279056789e-02	6.5942530718e-02	6.9606004647e-02	7.3269478575e-02	7.6932952504e-02	8.0596426433e-02	8.4259900362e-02	8.7923374290e-02	9.1586848219e-02	9.5250322148e-02	9.8913796077e-02	1.0257727001e-01	1.0624074393e-01	1.0990421786e-01	1.1356769179e-01	1.1723116572e-01	1.2089463965e-01	1.2455811358e-01	1.2822158751e-01	1.3188506144e-01	1.3554853536e-01	1.3921200929e-01	1.4287548322e-01	1.4653895715e-01	1.5020243108e-01	1.5386590501e-01	1.5752937894e-01	1.6119285287e-01	1.6485632679e-01	1.6851980072e-01	1.7218327465e-01	1.7584674858e-01	1.7951022251e-01	1.8317369644e-01	1.8683717037e-01	1.9050064430e-01	1.9416411822e-01	1.9782759215e-01	2.0149106608e-01	2.0515454001e-01	2.0881801394e-01	2.1248148787e-01	2.1614496180e-01	2.1980843573e-01	2.2347190965e-01	2.2713538358e-01	2.3079885751e-01	2.3446233144e-01	2.3812580537e-01	2.4178927930e-01	2.4545275323e-01	2.4911622716e-01	2.5277970108e-01	2.5644317501e-01	2.6010664894e-01	2.6377012287e-01	2.6743359680e-01	2.7109707073e-01	2.7476054466e-01	2.7842401859e-01	2.8208749251e-01	2.8575096644e-01	2.8941444037e-01	2.9307791430e-01	2.9674138823e-01	3.0040486216e-01	3.0406833609e-01	3.0773181002e-01	3.1139528395e-01	3.1505875787e-01	3.1872223180e-01	3.2238570573e-01	3.2604917966e-01	3.2971265359e-01	3.3337612752e-01	3.3703960145e-01	3.4070307538e-01	3.4436654930e-01	3.4803002323e-01	3.5169349716e-01	3.5535697109e-01	3.5902044502e-01	3.6268391895e-01	3.6634739288e-01
1	0.0	2.9077427714e-02	2.9077427714e-02	-6.0923610578e-02	-3.6431080162e-02	-3.6431080162e-02	-3.6431080162e-02	-3.6431080162e-02	-6.7918491443e-02	-6.7918491443e-02	-6.7918491443e-02	-6.7918491443e-02	-1.1396378037e-01	-1.1396378037e-01	-1.1396378037e-01	-1.1825267004e-01	-1.7503565538e-01	-1.7503565538e-01	-1.7503565538e-01	-1.9020301236e-01	-2.5046158361e-01	-2.5046158361e-01	-2.5046158361e-01	-2.5046158361e-01	-3.4052428838e-01	-3.4052428838e-01	-3.4052428838e-01	-3.7573168118e-01	-4.4475510689e-01	-4.4475510689e-01	-4.4475510689e-01	-4.8809495179e-01	-5.6247207374e-01	-5.6247207374e-01	-5.6247207374e-01	-6.1200303338e-01	-6.8015508451e-01	-6.8015508451e-01	-6.8015508451e-01	-7.3470111153e-01	-8.4988325763e-01	-8.4988325763e-01	-8.4988325763e-01	-9.6979164216e-01	-9.6979164216e-01	-1.0417944791e+00	-1.0417944791e+00	-1.0417944791e+00	-1.1959701541e+00	-1.1959701541e+00	-1.1959701541e+00	-1.2740591908e+00	-1.3642291441e+00	-1.3642291441e+00	-1.3642291441e+00	-1.4335819918e+00	-1.5168192794e+00	-1.5168192794e+00	-1.5168192794e+00	-1.6784199048e+00	-1.8236977223e+00	-1.8236977223e+00	-1.8236977223e+00	-1.8236977223e+00	-1.9008034456e+00	-1.9831558036e+00	-1.9831558036e+00	-1.9831558036e+00	-2.1435310099e+00	-2.2368960592e+00	-2.2368960592e+00	-2.2368960592e+00	-2.4011480087e+00	-2.4011480087e+00	-2.4011480087e+00	-2.4755939476e+00	-2.4755939476e+00	-2.6329536983e+00	-2.6329536983e+00	-2.7795831259e+00	-2.7795831259e+00	-2.8593651146e+00	-2.8593651146e+00	-2.8593651146e+00	-2.9245355166e+00	-3.0194532825e+00	-3.0194532825e+00	-3.1269699418e+00	-3.1269699418e+00	-3.2640423177e+00	-3.2640423177e+00	-3.2640423177e+00	-3.3349141991e+00	-3.3349141991e+00	-3.3912998877e+00	-3.4627044799e+00	-3.4627044799e+00	-3.5220395815e+00	-3.5220395815e+00	-3.5220395815e+00	-3.6130615542e+00	
2	0.0	1.1032192969e-02	1.1032192969e-02	-2.6928776765e-02	-3.0080293140e-02	-3.0080293140e-02	-3.0080293140e-02	-3.0080293140e-02	-5.3821700652e-02	-5.3821700652e-02	-5.3821700652e-02	-5.3821700652e-02	-8.6739130808e-02	-8.6739130808e-02	-8.6739130808e-02	-1.1130507500e-01	-1.2682490281e-01	-1.2682490281e-01	-1.2682490281e-01	-1.5610021158e-01	-1.7213485087e-01	-1.7213485087e-01	-1.7213485087e-01	-1.7213485087e-01	-2.2121996997e-01	-2.2121996997e-01	-2.2121996997e-01	-2.5466146981e-01	-2.7259684005e-01	-2.7259684005e-01	-2.7259684005e-01	-3.0590536135e-01	-3.2504256726e-01	-3.2504256726e-01	-3.2504256726e-01	-3.5698349796e-01	-3.7430256751e-01	-3.7430256751e-01	-3.7430256751e-01	-4.0459990363e-01	-4.3403057498e-01	-4.3403057498e-01	-4.3403057498e-01	-4.9009648240e-01	-4.9009648240e-01	-5.0740654681e-01	-5.0740654681e-01	-5.0740654681e-01	-5.5604864123e-01	-5.5604864123e-01	-5.5604864123e-01	-5.8424642137e-01	-6.0569459282e-01	-6.0569459282e-01	-6.0569459282e-01	-6.2887424903e-01	-6.4840477394e-01	-6.4840477394e-01	-6.4840477394e-01	-7.0322715033e-01	-7.3770783866e-01	-7.3770783866e-01	-7.3770783866e-01	-7.3770783866e-01	-7.6085280133e-01	-7.7860265243e-01	-7.7860265243e-01	-7.7860265243e-01	-8.2447523537e-01	-8.4530222952e-01	-8.4530222952e-01	-8.4530222952e-01	-8.8478685092e-01	-8.8478685092e-01	-8.8478685092e-01	-9.0166490746e-01	-9.0166490746e-01	-9.3996848354e-01	-9.3996848354e-01	-9.7604638076e-01	-9.7604638076e-01	-9.9284331059e-01	-9.9284331059e-01	-9.9284331059e-01	-1.0074538489e+00	-1.0290025212e+00	-1.0290025212e+00	-1.0565239915e+00	-1.0565239915e+00	-1.0905517301e+00	-1.0905517301e+00	-1.0905517301e+00	-1.1082004484e+00	-1.1082004484e+00	-1.1167037757e+00	-1.1403972905e+00	-1.1403972905e+00	-1.1496955372e+00	-1.1496955372e+00	-1.1496955372e+00	-1.1760643762e+00	
3	0.0	6.1775109804e-03	6.1775109804e-03	-1.9865611810e-02	-3.0681321627e-02	-3.0681321627e-02	-3.0681321627e-02	-3.0681321627e-02	-5.2249019504e-02	-5.2249019504e-02	-5.2249019504e-02	-5.2249019504e-02	-8.0081376852e-02	-8.0081376852e-02	-8.0081376852e-02	-1.0456819243e-01	-1.1171563590e-01	-1.1171563590e-01	-1.1171563590e-01	-1.3756076238e-01	-1.4510750668e-01	-1.4510750668e-01	-1.4510750668e-01	-1.4510750668e-01	-1.7886070753e-01	-1.7886070753e-01	-1.7886070753e-01	-2.0322820251e-01	-2.1207543909e-01	-2.1207543909e-01	-2.1207543909e-01	-2.3493835037e-01	-2.4446464296e-01	-2.4446464296e-01	-2.4446464296e-01	-2.6549975370e-01	-2.7412026862e-01	-2.7412026862e-01	-2.7412026862e-01	-2.9323289145e-01	-3.0781348778e-01	-3.0781348778e-01	-3.0781348778e-01	-3.4478296334e-01	-3.4478296334e-01	-3.5290941744e-01	-3.5290941744e-01	-3.5290941744e-01	-3.7941044453e-01	-3.7941044453e-01	-3.7941044453e-01	-3.9468852358e-01	-4.0491394859e-01	-4.0491394859e-01	-4.0491394859e-01	-4.1666989847e-01	-4.2601129613e-01	-4.2601129613e-01	-4.2601129613e-01	-4.5411040022e-01	-4.7069733368e-01	-4.7069733368e-01	-4.7069733368e-01	-4.7069733368e-01	-4.8095221151e-01	-4.8848620261e-01	-4.8848620261e-01	-4.8848620261e-01	-5.0755707422e-01	-5.1662598887e-01	-5.1662598887e-01	-5.1662598887e-01	-5.3220543793e-01	-5.3220543793e-01	-5.3220543793e-01	-5.3711856550e-01	-5.3711856550e-01	-5.5416178488e-01	-5.5416178488e-01	-5.6622897019e-01	-5.6622897019e-01	-5.7241377739e-01	-5.7241377739e-01	-5.7241377739e-01	-5.7669516190e-01	-5.8518358567e-01	-5.8518358567e-01	-5.9400543805e-01	-5.9400543805e-01	-6.0801331593e-01	-6.0801331593e-01	-6.0801331593e-01	-6.1357178737e-01	-6.1357178737e-01	-6.1604310643e-01	-6.2413416506e-01	-6.2413416506e-01	-6.2778383312e-01	-6.2778383312e-01	-6.2778383312e-01	-6.3892958303e-01	
4	0.0	4.6881337821e-03	4.6881337821e-03	-2.0492604570e-02	-3.4211230369e-02	-3.4211230369e-02	-3.4211230369e-02	-3.4211230369e-02	-5.6761296422e-02	-5.6761296422e-02	-5.6761296422e-02	-5.6761296422e-02	-8.4454274160e-02	-8.4454274160e-02	-8.4454274160e-02	-1.0816324699e-01	-1.1487958630e-01	-1.1487958630e-01	-1.1487958630e-01	-1.3919859528e-01	-1.4644487270e-01	-1.4644487270e-01	-1.4644487270e-01	-1.4644487270e-01	-1.7835667669e-01	-1.7835667669e-01	-1.7835667669e-01	-2.0117071139e-01	-2.0972982828e-01	-2.0972982828e-01	-2.0972982828e-01	-2.3093744681e-01	-2.4010155865e-01	-2.4010155865e-01	-2.4010155865e-01	-2.5941120435e-01	-2.6763614632e-01	-2.6763614632e-01	-2.6763614632e-01	-2.8505755163e-01	-2.9864900413e-01	-2.9864900413e-01	-2.9864900413e-01	-3.3401846072e-01	-3.3401846072e-01	-3.4161818616e-01	-3.4161818616e-01	-3.4161818616e-01	-3.6623553880e-01	-3.6623553880e-01	-3.6623553880e-01	-3.8009726359e-01	-3.8954083208e-01	-3.8954083208e-01	-3.8954083208e-01	-4.0013959018e-01	-4.0871855107e-01	-4.0871855107e-01	-4.0871855107e-01	-4.3274821891e-01	-4.4766701864e-01	-4.4766701864e-01	-4.4766701864e-01	-4.4766701864e-01	-4.5649514800e-01	-4.6314895722e-01	-4.6314895722e-01	-4.6314895722e-01	-4.7878450138e-01	-4.8660681904e-01	-4.8660681904e-01	-4.8660681904e-01	-4.9983219849e-01	-4.9983219849e-01	-4.9983219849e-01	-5.0429289629e-01	-5.0429289629e-01	-5.1803231682e-01	-5.1803231682e-01	-5.2819604663e-01	-5.2819604663e-01	-5.3327533170e-01	-5.3327533170e-01	-5.3327533170e-01	-5.3715982864e-01	-5.4388443225e-01	-5.4388443225e-01	-5.5110765680e-01	-5.5110765680e-01	-5.6140811469e-01	-5.6140811469e-01	-5.6140811469e-01	-5.6618495376e-01	-5.6618495376e-01	-5.6867868863e-01	-5.7450178655e-01	-5.7450178655e-01	-5.7810406861e-01	-5.7810406861e-01	-5.7810406861e-01	-5.8657808928e-01	
5	0.0	3.3249403805e-03	3.3249403805e-03	-2.2255886886e-02	-3.8363708884e-02	-3.8363708884e-02	-3.8363708884e-02	-3.8363708884e-02	-6.2792363139e-02	-6.2792363139e-02	-6.2792363139e-02	-6.2792363139e-02	-9.1984877032e-02	-9.1984877032e-02	-9.1984877032e-02	-1.1639190298e-01	-1.2364655616e-01	-1.2364655616e-01	-1.2364655616e-01	-1.4875902518e-01	-1.5655322221e-01	-1.5655322221e-01	-1.5655322221e-01	-1.5655322221e-01	-1.9006062349e-01	-1.9006062349e-01	-1.9006062349e-01	-2.1427123816e-01	-2.2322677641e-01	-2.2322677641e-01	-2.2322677641e-01	-2.4592844578e-01	-2.5539826036e-01	-2.5539826036e-01	-2.5539826036e-01	-2.7614681611e-01	-2.8457616496e-01	-2.8457616496e-01	-2.8457616496e-01	-3.0337322067e-01	-3.1712543998e-01	-3.1712543998e-01	-3.1712543998e-01	-3.5524952000e-01	-3.5524952000e-01	-3.6301744715e-01	-3.6301744715e-01	-3.6301744715e-01	-3.8905340370e-01	-3.8905340370e-01	-3.8905340370e-01	-4.0405670710e-01	-4.1357406713e-01	-4.1357406713e-01	-4.1357406713e-01	-4.2512869178e-01	-4.3375157775e-01	-4.3375157775e-01	-4.3375157775e-01	-4.5812497817e-01	-4.7303964308e-01	-4.7303964308e-01	-4.7303964308e-01	-4.7303964308e-01	-4.8240273919e-01	-4.8929572248e-01	-4.8929572248e-01	-4.8929572248e-01	-5.0537341126e-01	-5.1334430842e-01	-5.1334430842e-01	-5.1334430842e-01	-5.2728179687e-01	-5.2728179687e-01	-5.2728179687e-01	-5.3265609679e-01	-5.3265609679e-01	-5.4612702417e-01	-5.4612702417e-01	-5.5702042883e-01	-5.5702042883e-01	-5.6241052301e-01	-5.6241052301e-01	-5.6241052301e-01	-5.6685075750e-01	-5.7364967821e-01	-5.7364967821e-01	-5.8096019331e-01	-5.8096019331e-01	-5.9079787795e-01	-5.9079787795e-01	-5.9079787795e-01	-5.9583019446e-01	-5.9583019446e-01	-5.9915514555e-01	-6.0486205747e-01	-6.0486205747e-01	-6.0920379411e-01	-6.0920379411e-01	-6.0920379411e-01	-6.1775061450e-01	
6	0.0	2.4198422513e-03	2.4198422513e-03	-2.4012341764e-02	-4.2197269019e-02	-4.2197269019e-02	-4.2197269019e-02	-4.2197269019e-02	-6.8806711013e-02	-6.8806711013e-02	-6.8806711013e-02	-6.8806711013e-02	-1.0008636630e-01	-1.0008636630e-01	-1.0008636630e-01	-1.2584973833e-01	-1.3389050283e-01	-1.3389050283e-01	-1.3389050283e-01	-1.6067730115e-01	-1.6918546962e-01	-1.6918546962e-01	-1.6918546962e-01	-1.6918546962e-01	-2.0539155259e-01	-2.0539155259e-01	-2.0539155259e-01	-2.3208174161e-01	-2.4152828102e-01	-2.4152828102e-01	-2.4152828102e-01	-2.6678753860e-01	-2.7665703640e-01	-2.7665703640e-01	-2.7665703640e-01	-2.9972820819e-01	-3.0845296882e-01	-3.0845296882e-01	-3.0845296882e-01	-3.2926678920e-01	-3.4339762770e-01	-3.4339762770e-01	-3.4339762770e-01	-3.8453870641e-01	-3.8453870641e-01	-3.9258094651e-01	-3.9258094651e-01	-3.9258094651e-01	-4.2024973305e-01	-4.2024973305e-01	-4.2024973305e-01	-4.3644186272e-01	-4.4615325486e-01	-4.4615325486e-01	-4.4615325486e-01	-4.5866482725e-01	-4.6741786332e-01	-4.6741786332e-01	-4.6741786332e-01	-4.9257801269e-01	-5.0757999258e-01	-5.0757999258e-01	-5.0757999258e-01	-5.0757999258e-01	-5.1753188683e-01	-5.2477946151e-01	-5.2477946151e-01	-5.2477946151e-01	-5.4142684581e-01	-5.4972205336e-01	-5.4972205336e-01	-5.4972205336e-01	-5.6446236898e-01	-5.6446236898e-01	-5.6446236898e-01	-5.7052246796e-01	-5.7052246796e-01	-5.8419533567e-01	-5.8419533567e-01	-5.9571323509e-01	-5.9571323509e-01	-6.0153947366e-01	-6.0153947366e-01	-6.0153947366e-01	-6.0638288904e-01	-6.1353455558e-01	-6.1353455558e-01	-6.2102389273e-01	-6.2102389273e-01	-6.3103718703e-01	-6.3103718703e-01	-6.3103718703e-01	-6.3624300438e-01	-6.3624300438e-01	-6.4014511911e-01	-6.4576323619e-01	-6.4576323619e-01	-6.5069736932e-01	-6.5069736932e-01	-6.5069736932e-01	-6.5946396480e-01	
7	0.0	1.6745620247e-03	1.6745620247e-03	-2.5574394637e-02	-4.5853136336e-02	-4.5853136336e-02	-4.5853136336e-02	-4.5853136336e-02	-7.4807482014e-02	-7.4807482014e-02	-7.4807482014e-02	-7.4807482014e-02	-1.0848125459e-01	-1.0848125459e-01	-1.0848125459e-01	-1.3600181056e-01	-1.4475192307e-01	-1.4475192307e-01	-1.4475192307e-01	-1.7348820356e-01	-1.8260023684e-01	-1.8260023684e-01	-1.8260023684e-01	-1.8260023684e-01	-2.2147123494e-01	-2.2147123494e-01	-2.2147123494e-01	-2.5062583051e-01	-2.6047287122e-01	-2.6047287122e-01	-2.6047287122e-01	-2.8830282250e-01	-2.9851248751e-01	-2.9851248751e-01	-2.9851248751e-01	-3.2387589624e-01	-3.3287360066e-01	-3.3287360066e-01	-3.3287360066e-01	-3.5555178025e-01	-3.7008910357e-01	-3.7008910357e-01	-3.7008910357e-01	-4.1376314516e-01	-4.1376314516e-01	-4.2207904704e-01	-4.2207904704e-01	-4.2207904704e-01	-4.5107029758e-01	-4.5107029758e-01	-4.5107029758e-01	-4.6815650161e-01	-4.7809691441e-01	-4.7809691441e-01	-4.7809691441e-01	-4.9135469672e-01	-5.0027801001e-01	-5.0027801001e-01	-5.0027801001e-01	-5.2629412850e-01	-5.4142563509e-01	-5.4142563509e-01	-5.4142563509e-01	-5.4142563509e-01	-5.5191104646e-01	-5.5945476563e-01	-5.5945476563e-01	-5.5945476563e-01	-5.7673728065e-01	-5.8530212003e-01	-5.8530212003e-01	-5.8530212003e-01	-6.0073845115e-01	-6.0073845115e-01	-6.0073845115e-01	-6.0734715365e-01	-6.0734715365e-01	-6.2123122500e-01	-6.2123122500e-01	-6.3336681646e-01	-6.3336681646e-01	-6.3947723529e-01	-6.3947723529e-01	-6.3947723529e-01	-6.4466763934e-01	-6.5205390677e-01	-6.5205390677e-01	-6.5976805807e-01	-6.5976805807e-01	-6.6987691167e-01	-6.6987691167e-01	-6.6987691167e-01	-6.7523724718e-01	-6.7523724718e-01	-6.7945809824e-01	-6.8501267300e-01	-6.8501267300e-01	-6.9028351657e-01	-6.9028351657e-01	-6.9028351657e-01	-6.9906797641e-01	
8	0.0	9.3730475316e-04	9.3730475316e-04	-2.6991221277e-02	-4.9380960844e-02	-4.9380960844e-02	-4.9380960844e-02	-4.9380960844e-02	-8.0740988815e-02	-8.0740988815e-02	-8.0740988815e-02	-8.0740988815e-02	-1.1697331579e-01	-1.1697331579e-01	-1.1697331579e-01	-1.4650472633e-01	-1.5586189962e-01	-1.5586189962e-01	-1.5586189962e-01	-1.8672483108e-01	-1.9634100070e-01	-1.9634100070e-01	-1.9634100070e-01	-1.9634100070e-01	-2.3775397751e-01	-2.3775397751e-01	-2.3775397751e-01	-2.6904874310e-01	-2.7925404562e-01	-2.7925404562e-01	-2.7925404562e-01	-3.0929061412e-01	-3.1983041287e-01	-3.1983041287e-01	-3.1983041287e-01	-3.4721330469e-01	-3.5649012799e-01	-3.5649012799e-01	-3.5649012799e-01	-3.8079873656e-01	-3.9575845484e-01	-3.9575845484e-01	-3.9575845484e-01	-4.4165487607e-01	-4.4165487607e-01	-4.5024901795e-01	-4.5024901795e-01	-4.5024901795e-01	-4.8040504284e-01	-4.8040504284e-01	-4.8040504284e-01	-4.9820635150e-01	-5.0842030824e-01	-5.0842030824e-01	-5.0842030824e-01	-5.2228312626e-01	-5.3143479552e-01	-5.3143479552e-01	-5.3143479552e-01	-5.5833779621e-01	-5.7374466599e-01	-5.7374466599e-01	-5.7374466599e-01	-5.7374466599e-01	-5.8471842488e-01	-5.9254117475e-01	-5.9254117475e-01	-5.9254117475e-01	-6.1046924316e-01	-6.1930399720e-01	-6.1930399720e-01	-6.1930399720e-01	-6.3538942518e-01	-6.3538942518e-01	-6.3538942518e-01	-6.4243997238e-01	-6.4243997238e-01	-6.5665328862e-01	-6.5665328862e-01	-6.6928301420e-01	-6.6928301420e-01	-6.7565657225e-01	-6.7565657225e-01	-6.7565657225e-01	-6.8110068477e-01	-6.8873254141e-01	-6.8873254141e-01	-6.9676333928e-01	-6.9676333928e-01	-7.0710028997e-01	-7.0710028997e-01	-7.0710028997e-01	-7.1264967222e-01	-7.1264967222e-01	-7.1714992218e-01	-7.2268358442e-01	-7.2268358442e-01	-7.2825718104e-01	-7.2825718104e-01	-7.2825718104e-01	-7.3707952404e-01	
9	0.0	1.5168548795e-04	1.5168548795e-04	-2.8353380074e-02	-5.2862530757e-02	-5.2862530757e-02	-5.2862530757e-02	-5.2862530757e-02	-8.6599329982e-02	-8.6599329982e-02	-8.6599329982e-02	-8.6599329982e-02	-1.2544302096e-01	-1.2544302096e-01	-1.2544302096e-01	-1.5714029507e-01	-1.6703888170e-01	-1.6703888170e-01	-1.6703888170e-01	-2.0013784400e-01	-2.1019983549e-01	-2.1019983549e-01	-2.1019983549e-01	-2.1019983549e-01	-2.5412950640e-01	-2.5412950640e-01	-2.5412950640e-01	-2.8739940603e-01	-2.9794565608e-01	-2.9794565608e-01	-2.9794565608e-01	-3.2983947564e-01	-3.4071105429e-01	-3.4071105429e-01	-3.4071105429e-01	-3.6981629167e-01	-3.7937970073e-01	-3.7937970073e-01	-3.7937970073e-01	-4.0510968999e-01	-4.2049688571e-01	-4.2049688571e-01	-4.2049688571e-01	-4.6858410694e-01	-4.6858410694e-01	-4.7744379950e-01	-4.7744379950e-01	-4.7744379950e-01	-5.0876783296e-01	-5.0876783296e-01	-5.0876783296e-01	-5.2730660045e-01	-5.3779348640e-01	-5.3779348640e-01	-5.3779348640e-01	-5.5228164508e-01	-5.6167044591e-01	-5.6167044591e-01	-5.6167044591e-01	-5.8959450401e-01	-6.0533121501e-01	-6.0533121501e-01	-6.0533121501e-01	-6.0533121501e-01	-6.1680310512e-01	-6.2487236265e-01	-6.2487236265e-01	-6.2487236265e-01	-6.4345676714e-01	-6.5254890549e-01	-6.5254890549e-01	-6.5254890549e-01	-6.6924291577e-01	-6.6924291577e-01	-6.6924291577e-01	-6.7666127961e-01	-6.7666127961e-01	-6.9126608722e-01	-6.9126608722e-01	-7.0429022290e-01	-7.0429022290e-01	-7.1092887809e-01	-7.1092887809e-01	-7.1092887809e-01	-7.1656375945e-01	-7.2449266883e-01	-7.2449266883e-01	-7.3272847209e-01	-7.3272847209e-01	-7.4344195165e-01	-7.4344195165e-01	-7.4344195165e-01	-7.4910950649e-01	-7.4910950649e-01	-7.5384723908e-01	-7.5939769339e-01	-7.5939769339e-01	-7.6520153005e-01	-7.6520153005e-01	-7.6520153005e-01	-7.7400855846e-01	
10	0.0	-6.6345669816e-04	-6.6345669816e-04	-2.9619908659e-02	-5.6246528952e-02	-5.6246528952e-02	-5.6246528952e-02	-5.6246528952e-02	-9.2276611851e-02	-9.2276611851e-02	-9.2276611851e-02	-9.2276611851e-02	-1.3363723864e-01	-1.3363723864e-01	-1.3363723864e-01	-1.6745344141e-01	-1.7782191955e-01	-1.7782191955e-01	-1.7782191955e-01	-2.1305611792e-01	-2.2350973033e-01	-2.2350973033e-01	-2.2350973033e-01	-2.2350973033e-01	-2.6982467208e-01	-2.6982467208e-01	-2.6982467208e-01	-3.0492516104e-01	-3.1579686702e-01	-3.1579686702e-01	-3.1579686702e-01	-3.4929342658e-01	-3.6049129101e-01	-3.6049129101e-01	-3.6049129101e-01	-3.9099354166e-01	-4.0083456453e-01	-4.0083456453e-01	-4.0083456453e-01	-4.2772635917e-01	-4.4352031066e-01	-4.4352031066e-01	-4.4352031066e-01	-4.9356282231e-01	-4.9356282231e-01	-5.0264428287e-01	-5.0264428287e-01	-5.0264428287e-01	-5.3499786921e-01	-5.3499786921e-01	-5.3499786921e-01	-5.5417783805e-01	-5.6489767048e-01	-5.6489767048e-01	-5.6489767048e-01	-5.7991110078e-01	-5.8950570521e-01	-5.8950570521e-01	-5.8950570521e-01	-6.1825529132e-01	-6.3429242064e-01	-6.3429242064e-01	-6.3429242064e-01	-6.3429242064e-01	-6.4614805215e-01	-6.5440573033e-01	-6.5440573033e-01	-6.5440573033e-01	-6.7345416707e-01	-6.8274399257e-01	-6.8274399257e-01	-6.8274399257e-01	-6.9987634306e-01	-6.9987634306e-01	-6.9987634306e-01	-7.0753529960e-01	-7.0753529960e-01	-7.2245014753e-01	-7.2245014753e-01	-7.3575960742e-01	-7.3575960742e-01	-7.4259688969e-01	-7.4259688969e-01	-7.4259688969e-01	-7.4837298606e-01	-7.5653551135e-01	-7.5653551135e-01	-7.6495196268e-01	-7.6495196268e-01	-7.7597519478e-01	-7.7597519478e-01	-7.7597519478e-01	-7.8173292152e-01	-7.8173292152e-01	-7.8662964369e-01	-7.9220148064e-01	-7.9220148064e-01	-7.9813935265e-01	-7.9813935265e-01	-7.9813935265e-01	-8.0689160621e-01	
11	0.0	-1.5227663779e-03	-1.5227663779e-03	-3.0743956458e-02	-5.9497320090e-02	-5.9497320090e-02	-5.9497320090e-02	-5.9497320090e-02	-9.7745494457e-02	-9.7745494457e-02	-9.7745494457e-02	-9.7745494457e-02	-1.4153406513e-01	-1.4153406513e-01	-1.4153406513e-01	-1.7741871152e-01	-1.8821020895e-01	-1.8821020895e-01	-1.8821020895e-01	-2.2550868009e-01	-2.3632310483e-01	-2.3632310483e-01	-2.3632310483e-01	-2.3632310483e-01	-2.8493942470e-01	-2.8493942470e-01	-2.8493942470e-01	-3.2185564804e-01	-3.3303675759e-01	-3.3303675759e-01	-3.3303675759e-01	-3.6808351864e-01	-3.7958303981e-01	-3.7958303981e-01	-3.7958303981e-01	-4.1136192355e-01	-4.2145143388e-01	-4.2145143388e-01	-4.2145143388e-01	-4.4939507893e-01	-4.6555303098e-01	-4.6555303098e-01	-4.6555303098e-01	-5.1737855481e-01	-5.1737855481e-01	-5.2662027477e-01	-5.2662027477e-01	-5.2662027477e-01	-5.5989503022e-01	-5.5989503022e-01	-5.5989503022e-01	-5.7967664327e-01	-5.9056964950e-01	-5.9056964950e-01	-5.9056964950e-01	-6.0606130873e-01	-6.1580985643e-01	-6.1580985643e-01	-6.1580985643e-01	-6.4526085418e-01	-6.6152287207e-01	-6.6152287207e-01	-6.6152287207e-01	-6.6152287207e-01	-6.7369906406e-01	-6.8207985329e-01	-6.8207985329e-01	-6.8207985329e-01	-7.0147471601e-01	-7.1089308112e-01	-7.1089308112e-01	-7.1089308112e-01	-7.2834762463e-01	-7.2834762463e-01	-7.2834762463e-01	-7.3619957634e-01	-7.3619957634e-01	-7.5131086746e-01	-7.5131086746e-01	-7.6478424862e-01	-7.6478424862e-01	-7.7174084911e-01	-7.7174084911e-01	-7.7174084911e-01	-7.7762996429e-01	-7.8593101423e-01	-7.8593101423e-01	-7.9456146482e-01	-7.9456146482e-01	-8.0575670971e-01	-8.0575670971e-01	-8.0575670971e-01	-8.1164826804e-01	-8.1164826804e-01	-8.1661344964e-01	-8.2229634499e-01	-8.2229634499e-01	-8.2825637586e-01	-8.2825637586e-01	-8.2825637586e-01	-8.3699155736e-01	
12	0.0	-2.3977564576e-03	-2.3977564576e-03	-3.1783229247e-02	-6.2597232487e-02	-6.2597232487e-02	-6.2597232487e-02	-6.2597232487e-02	-1.0299163957e-01	-1.0299163957e-01	-1.0299163957e-01	-1.0299163957e-01	-1.4910897830e-01	-1.4910897830e-01	-1.4910897830e-01	-1.8694654688e-01	-1.9815165759e-01	-1.9815165759e-01	-1.9815165759e-01	-2.3738283478e-01	-2.4855124001e-01	-2.4855124001e-01	-2.4855124001e-01	-2.4855124001e-01	-2.9930913847e-01	-2.9930913847e-01	-2.9930913847e-01	-3.3788708542e-01	-3.4934865631e-01	-3.4934865631e-01	-3.4934865631e-01	-3.8580426104e-01	-3.9756690230e-01	-3.9756690230e-01	-3.9756690230e-01	-4.3045288961e-01	-4.4075476908e-01	-4.4075476908e-01	-4.4075476908e-01	-4.6956540866e-01	-4.8604340078e-01	-4.8604340078e-01	-4.8604340078e-01	-5.3933559111e-01	-5.3933559111e-01	-5.4868178214e-01	-5.4868178214e-01	-5.4868178214e-01	-5.8266396189e-01	-5.8266396189e-01	-5.8266396189e-01	-6.0290434689e-01	-6.1391865230e-01	-6.1391865230e-01	-6.1391865230e-01	-6.2977766518e-01	-6.3963573766e-01	-6.3963573766e-01	-6.3963573766e-01	-6.6958840058e-01	-6.8601039756e-01	-6.8601039756e-01	-6.8601039756e-01	-6.8601039756e-01	-6.9842324867e-01	-7.0688555134e-01	-7.0688555134e-01	-7.0688555134e-01	-7.2646772997e-01	-7.3597306397e-01	-7.3597306397e-01	-7.3597306397e-01	-7.5362852963e-01	-7.5362852963e-01	-7.5362852963e-01	-7.6159989570e-01	-7.6159989570e-01	-7.7684476670e-01	-7.7684476670e-01	-7.9032878767e-01	-7.9032878767e-01	-7.9736442162e-01	-7.9736442162e-01	-7.9736442162e-01	-8.0331435184e-01	-8.1170749768e-01	-8.1170749768e-01	-8.2047226062e-01	-8.2047226062e-01	-8.3177286583e-01	-8.3177286583e-01	-8.3177286583e-01	-8.3774717036e-01	-8.3774717036e-01	-8.4274545062e-01	-8.4848545267e-01	-8.4848545267e-01	-8.5443192185e-01	-8.5443192185e-01	-8.5443192185e-01	-8.6311714859e-01	
13	0.0	-3.2655815974e-03	-3.2655815974e-03	-3.2714712947e-02	-6.5485917366e-02	-6.5485917366e-02	-6.5485917366e-02	-6.5485917366e-02	-1.0796615211e-01	-1.0796615211e-01	-1.0796615211e-01	-1.0796615211e-01	-1.5639647061e-01	-1.5639647061e-01	-1.5639647061e-01	-1.9620831379e-01	-2.0779943640e-01	-2.0779943640e-01	-2.0779943640e-01	-2.4897646376e-01	-2.6047430765e-01	-2.6047430765e-01	-2.6047430765e-01	-2.6047430765e-01	-3.1335054477e-01	-3.1335054477e-01	-3.1335054477e-01	-3.5356186927e-01	-3.6528296991e-01	-3.6528296991e-01	-3.6528296991e-01	-4.0310148741e-01	-4.1510592074e-01	-4.1510592074e-01	-4.1510592074e-01	-4.4902950132e-01	-4.5952471946e-01	-4.5952471946e-01	-4.5952471946e-01	-4.8910430246e-01	-5.0588330749e-01	-5.0588330749e-01	-5.0588330749e-01	-5.6048108236e-01	-5.6048108236e-01	-5.6989709532e-01	-5.6989709532e-01	-5.6989709532e-01	-6.0446880684e-01	-6.0446880684e-01	-6.0446880684e-01	-6.2509130478e-01	-6.3618650963e-01	-6.3618650963e-01	-6.3618650963e-01	-6.5235474016e-01	-6.6228470053e-01	-6.6228470053e-01	-6.6228470053e-01	-6.9265994401e-01	-7.0918166829e-01	-7.0918166829e-01	-7.0918166829e-01	-7.0918166829e-01	-7.2179919252e-01	-7.3030865674e-01	-7.3030865674e-01	-7.3030865674e-01	-7.5014962087e-01	-7.5970432986e-01	-7.5970432986e-01	-7.5970432986e-01	-7.7754976549e-01	-7.7754976549e-01	-7.7754976549e-01	-7.8566452161e-01	-7.8566452161e-01	-8.0097972702e-01	-8.0097972702e-01	-8.1459178219e-01	-8.1459178219e-01	-8.2166835420e-01	-8.2166835420e-01	-8.2166835420e-01	-8.2770792554e-01	-8.3614822140e-01	-8.3614822140e-01	-8.4504031781e-01	-8.4504031781e-01	-8.5637873086e-01	-8.5637873086e-01	-8.5637873086e-01	-8.6242151591e-01	-8.6242151591e-01	-8.6741847263e-01	-8.7321443993e-01	-8.7321443993e-01	-8.7911325407e-01	-8.7911325407e-01	-8.7911325407e-01	-8.8776694063e-01	
14	0.0	-4.1174911087e-03	-4.1174911087e-03	-3.3511579340e-02	-6.8083413780e-02	-6.8083413780e-02	-6.8083413780e-02	-6.8083413780e-02	-1.1253843648e-01	-1.1253843648e-01	-1.1253843648e-01	-1.1253843648e-01	-1.6322925699e-01	-1.6322925699e-01	-1.6322925699e-01	-2.0502485978e-01	-2.1694634943e-01	-2.1694634943e-01	-2.1694634943e-01	-2.6007051777e-01	-2.7184384786e-01	-2.7184384786e-01	-2.7184384786e-01	-2.7184384786e-01	-3.2677437023e-01	-3.2677437023e-01	-3.2677437023e-01	-3.6858146957e-01	-3.8052346640e-01	-3.8052346640e-01	-3.8052346640e-01	-4.1964187124e-01	-4.3185828533e-01	-4.3185828533e-01	-4.3185828533e-01	-4.6674439790e-01	-4.7741210195e-01	-4.7741210195e-01	-4.7741210195e-01	-5.0767270283e-01	-5.2472773673e-01	-5.2472773673e-01	-5.2472773673e-01	-5.8040828867e-01	-5.8040828867e-01	-5.8986780671e-01	-5.8986780671e-01	-5.8986780671e-01	-6.2490018067e-01	-6.2490018067e-01	-6.2490018067e-01	-6.4579925661e-01	-6.5694571638e-01	-6.5694571638e-01	-6.5694571638e-01	-6.7333811063e-01	-6.8331206432e-01	-6.8331206432e-01	-6.8331206432e-01	-7.1398562455e-01	-7.3056105368e-01	-7.3056105368e-01	-7.3056105368e-01	-7.3056105368e-01	-7.4332293425e-01	-7.5185221128e-01	-7.5185221128e-01	-7.5185221128e-01	-7.7177972860e-01	-7.8135321026e-01	-7.8135321026e-01	-7.8135321026e-01	-7.9928511030e-01	-7.9928511030e-01	-7.9928511030e-01	-8.0750721295e-01	-8.0750721295e-01	-8.2284023475e-01	-8.2284023475e-01	-8.3656853605e-01	-8.3656853605e-01	-8.4365545424e-01	-8.4365545424e-01	-8.4365545424e-01	-8.4977129450e-01	-8.5822288075e-01	-8.5822288075e-01	-8.6721226129e-01	-8.6721226129e-01	-8.7853854613e-01	-8.7853854613e-01	-8.7853854613e-01	-8.8463118233e-01	-8.8463118233e-01	-8.8959698705e-01	-8.9544078804e-01	-8.9544078804e-01	-9.0126125069e-01	-9.0126125069e-01	-9.0126125069e-01	-9.0988494040e-01	
15	0.0	-4.9651530153e-03	-4.9651530153e-03	-3.4152846467e-02	-7.0465010693e-02	-7.0465010693e-02	-7.0465010693e-02	-7.0465010693e-02	-1.1681075314e-01	-1.1681075314e-01	-1.1681075314e-01	-1.1681075314e-01	-1.6963158583e-01	-1.6963158583e-01	-1.6963158583e-01	-2.1329485475e-01	-2.2550225470e-01	-2.2550225470e-01	-2.2550225470e-01	-2.7043149402e-01	-2.8243716371e-01	-2.8243716371e-01	-2.8243716371e-01	-2.8243716371e-01	-3.3922157935e-01	-3.3922157935e-01	-3.3922157935e-01	-3.8245377874e-01	-3.9457406418e-01	-3.9457406418e-01	-3.9457406418e-01	-4.3480155104e-01	-4.4719719797e-01	-4.4719719797e-01	-4.4719719797e-01	-4.8286190194e-01	-4.9368022739e-01	-4.9368022739e-01	-4.9368022739e-01	-5.2445097917e-01	-5.4174745878e-01	-5.4174745878e-01	-5.4174745878e-01	-5.9817638109e-01	-5.9817638109e-01	-6.0766253495e-01	-6.0766253495e-01	-6.0766253495e-01	-6.4298327520e-01	-6.4298327520e-01	-6.4298327520e-01	-6.6401059405e-01	-6.7518704855e-01	-6.7518704855e-01	-6.7518704855e-01	-6.9168249766e-01	-7.0167969776e-01	-7.0167969776e-01	-7.0167969776e-01	-7.3250196551e-01	-7.4909617761e-01	-7.4909617761e-01	-7.4909617761e-01	-7.4909617761e-01	-7.6193185699e-01	-7.7045602250e-01	-7.7045602250e-01	-7.7045602250e-01	-7.9031922818e-01	-7.9988305411e-01	-7.9988305411e-01	-7.9988305411e-01	-8.1782585321e-01	-8.1782585321e-01	-8.1782585321e-01	-8.2614178620e-01	-8.2614178620e-01	-8.4144296268e-01	-8.4144296268e-01	-8.5527916623e-01	-8.5527916623e-01	-8.6234800382e-01	-8.6234800382e-01	-8.6234800382e-01	-8.6853002804e-01	-8.7695918581e-01	-8.7695918581e-01	-8.8602858887e-01	-8.8602858887e-01	-8.9729821339e-01	-8.9729821339e-01	-8.9729821339e-01	-9.0343243105e-01	-9.0343243105e-01	-9.0833702084e-01	-9.1422699463e-01	-9.1422699463e-01	-9.1993675000e-01	-9.1993675000e-01	-9.1993675000e-01	-9.2852681953e-01	
16	0.0	-5.7771648641e-03	-5.7771648641e-03	-3.4741974506e-02	-7.2694477049e-02	-7.2694477049e-02	-7.2694477049e-02	-7.2694477049e-02	-1.2083997703e-01	-1.2083997703e-01	-1.2083997703e-01	-1.2083997703e-01	-1.7564857828e-01	-1.7564857828e-01	-1.7564857828e-01	-2.2104919653e-01	-2.3350160793e-01	-2.3350160793e-01	-2.3350160793e-01	-2.8010624344e-01	-2.9230173672e-01	-2.9230173672e-01	-2.9230173672e-01	-2.9230173672e-01	-3.5077183810e-01	-3.5077183810e-01	-3.5077183810e-01	-3.9531052514e-01	-4.0756295742e-01	-4.0756295742e-01	-4.0756295742e-01	-4.4877397418e-01	-4.6130377276e-01	-4.6130377276e-01	-4.6130377276e-01	-4.9762501547e-01	-5.0856444766e-01	-5.0856444766e-01	-5.0856444766e-01	-5.3974248851e-01	-5.5722746322e-01	-5.5722746322e-01	-5.5722746322e-01	-6.1419181283e-01	-6.1419181283e-01	-6.2369148827e-01	-6.2369148827e-01	-6.2369148827e-01	-6.5920186585e-01	-6.5920186585e-01	-6.5920186585e-01	-6.8028695436e-01	-6.9147464393e-01	-6.9147464393e-01	-6.9147464393e-01	-7.0801422329e-01	-7.1801638295e-01	-7.1801638295e-01	-7.1801638295e-01	-7.4891074916e-01	-7.6549368422e-01	-7.6549368422e-01	-7.6549368422e-01	-7.6549368422e-01	-7.7836777945e-01	-7.8686123066e-01	-7.8686123066e-01	-7.8686123066e-01	-8.0661360747e-01	-8.1613929841e-01	-8.1613929841e-01	-8.1613929841e-01	-8.3406338737e-01	-8.3406338737e-01	-8.3406338737e-01	-8.4247672112e-01	-8.4247672112e-01	-8.5769834284e-01	-8.5769834284e-01	-8.7165438568e-01	-8.7165438568e-01	-8.7867811374e-01	-8.7867811374e-01	-8.7867811374e-01	-8.8492426679e-01	-8.9329838221e-01	-8.9329838221e-01	-9.0244704815e-01	-9.0244704815e-01	-9.1361551496e-01	-9.1361551496e-01	-9.1361551496e-01	-9.1979509321e-01	-9.1979509321e-01	-9.2461039040e-01	-9.3055975429e-01	-9.3055975429e-01	-9.3612647001e-01	-9.3612647001e-01	-9.3612647001e-01	-9.4468945225e-01	
17	0.0	-6.5433955474e-03	-6.5433955474e-03	-3.5186033195e-02	-7.4676433461e-02	-7.4676433461e-02	-7.4676433461e-02	-7.4676433461e-02	-1.2451120307e-01	-1.2451120307e-01	-1.2451120307e-01	-1.2451120307e-01	-1.8116885870e-01	-1.8116885870e-01	-1.8116885870e-01	-2.2818193878e-01	-2.4083802260e-01	-2.4083802260e-01	-2.4083802260e-01	-2.8898536024e-01	-3.0132874351e-01	-3.0132874351e-01	-3.0132874351e-01	-3.0132874351e-01	-3.6130044278e-01	-3.6130044278e-01	-3.6130044278e-01	-4.0699746390e-01	-4.1931633839e-01	-4.1931633839e-01	-4.1931633839e-01	-4.6136493751e-01	-4.7395523549e-01	-4.7395523549e-01	-4.7395523549e-01	-5.1078765130e-01	-5.2178566852e-01	-5.2178566852e-01	-5.2178566852e-01	-5.5324201010e-01	-5.7080947958e-01	-5.7080947958e-01	-5.7080947958e-01	-6.2806009012e-01	-6.2806009012e-01	-6.3755545460e-01	-6.3755545460e-01	-6.3755545460e-01	-6.7314085164e-01	-6.7314085164e-01	-6.7314085164e-01	-6.9420678107e-01	-7.0539126422e-01	-7.0539126422e-01	-7.0539126422e-01	-7.2191764112e-01	-7.3191363155e-01	-7.3191363155e-01	-7.3191363155e-01	-7.6282082227e-01	-7.7937842347e-01	-7.7937842347e-01	-7.7937842347e-01	-7.7937842347e-01	-7.9227819712e-01	-8.0072673845e-01	-8.0072673845e-01	-8.0072673845e-01	-8.2045911881e-01	-8.2993157550e-01	-8.2993157550e-01	-8.2993157550e-01	-8.4784203905e-01	-8.4784203905e-01	-8.4784203905e-01	-8.5633570827e-01	-8.5633570827e-01	-8.7145319534e-01	-8.7145319534e-01	-8.8548545941e-01	-8.8548545941e-01	-8.9245077142e-01	-8.9245077142e-01	-8.9245077142e-01	-8.9873514681e-01	-9.0703770130e-01	-9.0703770130e-01	-9.1623404482e-01	-9.1623404482e-01	-9.2727900967e-01	-9.2727900967e-01	-9.2727900967e-01	-9.3348896494e-01	-9.3348896494e-01	-9.3820199208e-01	-9.4420179699e-01	-9.4420179699e-01	-9.4960974372e-01	-9.4960974372e-01	-9.4960974372e-01	-9.5813203135e-01	
18	0.0	-7.2736060818e-03	-7.2736060818e-03	-3.5497833448e-02	-7.6437006364e-02	-7.6437006364e-02	-7.6437006364e-02	-7.6437006364e-02	-1.2784044170e-01	-1.2784044170e-01	-1.2784044170e-01	-1.2784044170e-01	-1.8621184435e-01	-1.8621184435e-01	-1.8621184435e-01	-2.3471782173e-01	-2.4755423797e-01	-2.4755423797e-01	-2.4755423797e-01	-2.9711783715e-01	-3.0958552035e-01	-3.0958552035e-01	-3.0958552035e-01	-3.0958552035e-01	-3.7089492533e-01	-3.7089492533e-01	-3.7089492533e-01	-4.1759446277e-01	-4.2996457180e-01	-4.2996457180e-01	-4.2996457180e-01	-4.7269375253e-01	-4.8532271277e-01	-4.8532271277e-01	-4.8532271277e-01	-5.2251754389e-01	-5.3354765755e-01	-5.3354765755e-01	-5.3354765755e-01	-5.6514995251e-01	-5.8273743080e-01	-5.8273743080e-01	-5.8273743080e-01	-6.4001452419e-01	-6.4001452419e-01	-6.4951223140e-01	-6.4951223140e-01	-6.4951223140e-01	-6.8507317432e-01	-6.8507317432e-01	-6.8507317432e-01	-7.0603701272e-01	-7.1721994602e-01	-7.1721994602e-01	-7.1721994602e-01	-7.3366507543e-01	-7.4365516004e-01	-7.4365516004e-01	-7.4365516004e-01	-7.7445468511e-01	-7.9098668713e-01	-7.9098668713e-01	-7.9098668713e-01	-7.9098668713e-01	-8.0386403641e-01	-8.1226735500e-01	-8.1226735500e-01	-8.1226735500e-01	-8.3195211534e-01	-8.4137047859e-01	-8.4137047859e-01	-8.4137047859e-01	-8.5924606381e-01	-8.5924606381e-01	-8.5924606381e-01	-8.6778854307e-01	-8.6778854307e-01	-8.8279716902e-01	-8.8279716902e-01	-8.9688405492e-01	-8.9688405492e-01	-9.0378599928e-01	-9.0378599928e-01	-9.0378599928e-01	-9.1010231432e-01	-9.1832472774e-01	-9.1832472774e-01	-9.2757887435e-01	-9.2757887435e-01	-9.3848532543e-01	-9.3848532543e-01	-9.3848532543e-01	-9.4473982332e-01	-9.4473982332e-01	-9.4934571473e-01	-9.5541293748e-01	-9.5541293748e-01	-9.6065235086e-01	-9.6065235086e-01	-9.6065235086e-01	-9.6914500317e-01	
19	0.0	-7.9561289139e-03	-7.9561289139e-03	-3.5680009106e-02	-7.7930548901e-02	-7.7930548901e-02	-7.7930548901e-02	-7.7930548901e-02	-1.3072152932e-01	-1.3072152932e-01	-1.3072152932e-01	-1.3072152932e-01	-1.9060533832e-01	-1.9060533832e-01	-1.9060533832e-01	-2.4043856515e-01	-2.5342077132e-01	-2.5342077132e-01	-2.5342077132e-01	-3.0423049285e-01	-3.1679201933e-01	-3.1679201933e-01	-3.1679201933e-01	-3.1679201933e-01	-3.7922943046e-01	-3.7922943046e-01	-3.7922943046e-01	-4.2672845888e-01	-4.3912942501e-01	-4.3912942501e-01	-4.3912942501e-01	-4.8232417267e-01	-4.9496807964e-01	-4.9496807964e-01	-4.9496807964e-01	-5.3231996008e-01	-5.4335872498e-01	-5.4335872498e-01	-5.4335872498e-01	-5.7492980193e-01	-5.9249500954e-01	-5.9249500954e-01	-5.9249500954e-01	-6.4949682777e-01	-6.4949682777e-01	-6.5898775630e-01	-6.5898775630e-01	-6.5898775630e-01	-6.9439126065e-01	-6.9439126065e-01	-6.9439126065e-01	-7.1516115816e-01	-7.2632654606e-01	-7.2632654606e-01	-7.2632654606e-01	-7.4261954438e-01	-7.5258768448e-01	-7.5258768448e-01	-7.5258768448e-01	-7.8314437670e-01	-7.9961983169e-01	-7.9961983169e-01	-7.9961983169e-01	-7.9961983169e-01	-8.1241946767e-01	-8.2076950763e-01	-8.2076950763e-01	-8.2076950763e-01	-8.4035131941e-01	-8.4970717587e-01	-8.4970717587e-01	-8.4970717587e-01	-8.6750885270e-01	-8.6750885270e-01	-8.6750885270e-01	-8.7606733388e-01	-8.7606733388e-01	-8.9095254837e-01	-8.9095254837e-01	-9.0508221749e-01	-9.0508221749e-01	-9.1190972958e-01	-9.1190972958e-01	-9.1190972958e-01	-9.1825884132e-01	-9.2638565797e-01	-9.2638565797e-01	-9.3572095043e-01	-9.3572095043e-01	-9.4646453214e-01	-9.4646453214e-01	-9.4646453214e-01	-9.5278624054e-01	-9.5278624054e-01	-9.5727126283e-01	-9.6343410515e-01	-9.6343410515e-01	-9.6848319475e-01	-9.6848319475e-01	-9.6848319475e-01	-9.7696027330e-01	
20	0.0	-8.5846466454e-03	-8.5846466454e-03	-3.5801276160e-02	-7.9226416526e-02	-7.9226416526e-02	-7.9226416526e-02	-7.9226416526e-02	-1.3325326496e-01	-1.3325326496e-01	-1.3325326496e-01	-1.3325326496e-01	-1.9448585221e-01	-1.9448585221e-01	-1.9448585221e-01	-2.4551815330e-01	-2.5862122328e-01	-2.5862122328e-01	-2.5862122328e-01	-3.1055330059e-01	-3.2318937585e-01	-3.2318937585e-01	-3.2318937585e-01	-3.2318937585e-01	-3.8661076922e-01	-3.8661076922e-01	-3.8661076922e-01	-4.3476189382e-01	-4.4718418276e-01	-4.4718418276e-01	-4.4718418276e-01	-4.9068299739e-01	-5.0333244670e-01	-5.0333244670e-01	-5.0333244670e-01	-5.4068609814e-01	-5.5172359759e-01	-5.5172359759e-01	-5.5172359759e-01	-5.8313563010e-01	-6.0066628963e-01	-6.0066628963e-01	-6.0066628963e-01	-6.5715935225e-01	-6.5715935225e-01	-6.6663962385e-01	-6.6663962385e-01	-6.6663962385e-01	-7.0179770072e-01	-7.0179770072e-01	-7.0179770072e-01	-7.2232664364e-01	-7.3346444486e-01	-7.3346444486e-01	-7.3346444486e-01	-7.4957065971e-01	-7.5950607941e-01	-7.5950607941e-01	-7.5950607941e-01	-7.8973166883e-01	-8.0612810643e-01	-8.0612810643e-01	-8.0612810643e-01	-8.0612810643e-01	-8.1881355414e-01	-8.2711062696e-01	-8.2711062696e-01	-8.2711062696e-01	-8.4654691024e-01	-8.5584074802e-01	-8.5584074802e-01	-8.5584074802e-01	-8.7354064433e-01	-8.7354064433e-01	-8.7354064433e-01	-8.8208535744e-01	-8.8208535744e-01	-8.9683555913e-01	-8.9683555913e-01	-9.1099425858e-01	-9.1099425858e-01	-9.1774139334e-01	-9.1774139334e-01	-9.1774139334e-01	-9.2412263563e-01	-9.3214715397e-01	-9.3214715397e-01	-9.4158108012e-01	-9.4158108012e-01	-9.5215241800e-01	-9.5215241800e-01	-9.5215241800e-01	-9.5855899740e-01	-9.5855899740e-01	-9.6291447859e-01	-9.6919769960e-01	-9.6919769960e-01	-9.7404100374e-01	-9.7404100374e-01	-9.7404100374e-01	-9.8251341191e-01	
21	0.0	-9.1585359630e-03	-9.1585359630e-03	-3.5906830909e-02	-8.0391381146e-02	-8.0391381146e-02	-8.0391381146e-02	-8.0391381146e-02	-1.3553162598e-01	-1.3553162598e-01	-1.3553162598e-01	-1.3553162598e-01	-1.9797368027e-01	-1.9797368027e-01	-1.9797368027e-01	-2.5007677986e-01	-2.6329034845e-01	-2.6329034845e-01	-2.6329034845e-01	-3.1621600061e-01	-3.2892446302e-01	-3.2892446302e-01	-3.2892446302e-01	-3.2892446302e-01	-3.9319652553e-01	-3.9319652553e-01	-3.9319652553e-01	-4.4185481350e-01	-4.5429782212e-01	-4.5429782212e-01	-4.5429782212e-01	-4.9794589444e-01	-5.1060206296e-01	-5.1060206296e-01	-5.1060206296e-01	-5.4781324878e-01	-5.5884434538e-01	-5.5884434538e-01	-5.5884434538e-01	-5.8998539467e-01	-6.0746905403e-01	-6.0746905403e-01	-6.0746905403e-01	-6.6324360387e-01	-6.6324360387e-01	-6.7269906165e-01	-6.7269906165e-01	-6.7269906165e-01	-7.0751042512e-01	-7.0751042512e-01	-7.0751042512e-01	-7.2774132552e-01	-7.3883112903e-01	-7.3883112903e-01	-7.3883112903e-01	-7.5470551662e-01	-7.6458841954e-01	-7.6458841954e-01	-7.6458841954e-01	-7.9437998345e-01	-8.1065907912e-01	-8.1065907912e-01	-8.1065907912e-01	-8.1065907912e-01	-8.2318364962e-01	-8.3141126901e-01	-8.3141126901e-01	-8.3141126901e-01	-8.5062522569e-01	-8.5983527784e-01	-8.5983527784e-01	-8.5983527784e-01	-8.7736683294e-01	-8.7736683294e-01	-8.7736683294e-01	-8.8585430147e-01	-8.8585430147e-01	-9.0041420274e-01	-9.0041420274e-01	-9.1456818435e-01	-9.1456818435e-01	-9.2121443079e-01	-9.2121443079e-01	-9.2121443079e-01	-9.2761876002e-01	-9.3551597658e-01	-9.3551597658e-01	-9.4505776815e-01	-9.4505776815e-01	-9.5541741268e-01	-9.5541741268e-01	-9.5541741268e-01	-9.6192278897e-01	-9.6192278897e-01	-9.6612509225e-01	-9.7255618415e-01	-9.7255618415e-01	-9.7715710526e-01	-9.7715710526e-01	-9.7715710526e-01	-9.8562873215e-01	
22	0.0	-9.6749305262e-03	-9.6749305262e-03	-3.5951903231e-02	-8.1375050107e-02	-8.1375050107e-02	-8.1375050107e-02	-8.1375050107e-02	-1.3748150367e-01	-1.3748150367e-01	-1.3748150367e-01	-1.3748150367e-01	-2.0096854877e-01	-2.0096854877e-01	-2.0096854877e-01	-2.5400419637e-01	-2.6729864713e-01	-2.6729864713e-01	-2.6729864713e-01	-3.2107824617e-01	-3.3383662404e-01	-3.3383662404e-01	-3.3383662404e-01	-3.3383662404e-01	-3.9880459447e-01	-3.9880459447e-01	-3.9880459447e-01	-4.4782361362e-01	-4.6027871523e-01	-4.6027871523e-01	-4.6027871523e-01	-5.0393083152e-01	-5.1658364116e-01	-5.1658364116e-01	-5.1658364116e-01	-5.5352329223e-01	-5.6453857945e-01	-5.6453857945e-01	-5.6453857945e-01	-5.9532959726e-01	-6.1275417709e-01	-6.1275417709e-01	-6.1275417709e-01	-6.6763263139e-01	-6.6763263139e-01	-6.7704161808e-01	-6.7704161808e-01	-6.7704161808e-01	-7.1139748164e-01	-7.1139748164e-01	-7.1139748164e-01	-7.3125887116e-01	-7.4227580758e-01	-7.4227580758e-01	-7.4227580758e-01	-7.5785795673e-01	-7.6766597699e-01	-7.6766597699e-01	-7.6766597699e-01	-7.9688466807e-01	-8.1300373311e-01	-8.1300373311e-01	-8.1300373311e-01	-8.1300373311e-01	-8.2530530650e-01	-8.3344426223e-01	-8.3344426223e-01	-8.3344426223e-01	-8.5231956135e-01	-8.6142275720e-01	-8.6142275720e-01	-8.6142275720e-01	-8.7870368132e-01	-8.7870368132e-01	-8.7870368132e-01	-8.8707990946e-01	-8.8707990946e-01	-9.0140583872e-01	-9.0140583872e-01	-9.1550234577e-01	-9.1550234577e-01	-9.2202978826e-01	-9.2202978826e-01	-9.2202978826e-01	-9.2843832921e-01	-9.3618563350e-01	-9.3618563350e-01	-9.4583138206e-01	-9.4583138206e-01	-9.5594237309e-01	-9.5594237309e-01	-9.5594237309e-01	-9.6255307455e-01	-9.6255307455e-01	-9.6657190193e-01	-9.7317060993e-01	-9.7317060993e-01	-9.7748411092e-01	-9.7748411092e-01	-9.7748411092e-01	-9.8594524595e-01	
23	0.0	-1.0127931416e-02	-1.0127931416e-02	-3.5911199184e-02	-8.2149990213e-02	-8.2149990213e-02	-8.2149990213e-02	-8.2149990213e-02	-1.3906880371e-01	-1.3906880371e-01	-1.3906880371e-01	-1.3906880371e-01	-2.0342782442e-01	-2.0342782442e-01	-2.0342782442e-01	-2.5724685836e-01	-2.7059128831e-01	-2.7059128831e-01	-2.7059128831e-01	-3.2506928961e-01	-3.3785310705e-01	-3.3785310705e-01	-3.3785310705e-01	-3.3785310705e-01	-4.0334135126e-01	-4.0334135126e-01	-4.0334135126e-01	-4.5255349598e-01	-4.6501281141e-01	-4.6501281141e-01	-4.6501281141e-01	-5.0850373540e-01	-5.2114082858e-01	-5.2114082858e-01	-5.2114082858e-01	-5.5766090550e-01	-5.6865083911e-01	-5.6865083911e-01	-5.6865083911e-01	-5.9898437391e-01	-6.1634046575e-01	-6.1634046575e-01	-6.1634046575e-01	-6.7010580501e-01	-6.7010580501e-01	-6.7944862408e-01	-6.7944862408e-01	-6.7944862408e-01	-7.1322003247e-01	-7.1322003247e-01	-7.1322003247e-01	-7.3261551037e-01	-7.4353721910e-01	-7.4353721910e-01	-7.4353721910e-01	-7.5875058483e-01	-7.6846313657e-01	-7.6846313657e-01	-7.6846313657e-01	-7.9694840087e-01	-8.1286805039e-01	-8.1286805039e-01	-8.1286805039e-01	-8.1286805039e-01	-8.2487381620e-01	-8.3290238935e-01	-8.3290238935e-01	-8.3290238935e-01	-8.5132203933e-01	-8.6029292532e-01	-8.6029292532e-01	-8.6029292532e-01	-8.7724048175e-01	-8.7724048175e-01	-8.7724048175e-01	-8.8545536610e-01	-8.8545536610e-01	-8.9950340485e-01	-8.9950340485e-01	-9.1348113469e-01	-9.1348113469e-01	-9.1985836753e-01	-9.1985836753e-01	-9.1985836753e-01	-9.2624704289e-01	-9.3380232293e-01	-9.3380232293e-01	-9.4354511693e-01	-9.4354511693e-01	-9.5333434228e-01	-9.5333434228e-01	-9.5333434228e-01	-9.6005775950e-01	-9.6005775950e-01	-9.6383752703e-01	-9.7063412538e-01	-9.7063412538e-01	-9.7458478835e-01	-9.7458478835e-01	-9.7458478835e-01	-9.8302079454e-01	
24	0.0	-1.0509097731e-02	-1.0509097731e-02	-3.5794578148e-02	-8.2727072953e-02	-8.2727072953e-02	-8.2727072953e-02	-8.2727072953e-02	-1.4030291508e-01	-1.4030291508e-01	-1.4030291508e-01	-1.4030291508e-01	-2.0535626327e-01	-2.0535626327e-01	-2.0535626327e-01	-2.5980302465e-01	-2.7316571010e-01	-2.7316571010e-01	-2.7316571010e-01	-3.2817736703e-01	-3.4095985332e-01	-3.4095985332e-01	-3.4095985332e-01	-3.4095985332e-01	-4.0677301685e-01	-4.0677301685e-01	-4.0677301685e-01	-4.5599376439e-01	-4.6843657257e-01	-4.6843657257e-01	-4.6843657257e-01	-5.1158234581e-01	-5.2418612951e-01	-5.2418612951e-01	-5.2418612951e-01	-5.6012146679e-01	-5.7106802692e-01	-5.7106802692e-01	-5.7106802692e-01	-6.0081977848e-01	-6.1808029515e-01	-6.1808029515e-01	-6.1808029515e-01	-6.7048975400e-01	-6.7048975400e-01	-6.7974853671e-01	-6.7974853671e-01	-6.7974853671e-01	-7.1279806558e-01	-7.1279806558e-01	-7.1279806558e-01	-7.3161336444e-01	-7.4242346295e-01	-7.4242346295e-01	-7.4242346295e-01	-7.5717371485e-01	-7.6677457742e-01	-7.6677457742e-01	-7.6677457742e-01	-7.9433198729e-01	-8.1002377693e-01	-8.1002377693e-01	-8.1002377693e-01	-8.1002377693e-01	-8.2164620640e-01	-8.2954724507e-01	-8.2954724507e-01	-8.2954724507e-01	-8.4737485378e-01	-8.5619330348e-01	-8.5619330348e-01	-8.5619330348e-01	-8.7272222759e-01	-8.7272222759e-01	-8.7272222759e-01	-8.8071721795e-01	-8.8071721795e-01	-8.9445245938e-01	-8.9445245938e-01	-9.0822593502e-01	-9.0822593502e-01	-9.1442166459e-01	-9.1442166459e-01	-9.1442166459e-01	-9.2075656360e-01	-9.2807837857e-01	-9.2807837857e-01	-9.3790427416e-01	-9.3790427416e-01	-9.4729937630e-01	-9.4729937630e-01	-9.4729937630e-01	-9.5414169417e-01	-9.5414169417e-01	-9.5762002932e-01	-9.6465960728e-01	-9.6465960728e-01	-9.6816098588e-01	-9.6816098588e-01	-9.6816098588e-01	-9.7657322180e-01	
25	0.0	-1.0801203497e-02	-1.0801203497e-02	-3.5591415173e-02	-8.3079708410e-02	-8.3079708410e-02	-8.3079708410e-02	-8.3079708410e-02	-1.4114314216e-01	-1.4114314216e-01	-1.4114314216e-01	-1.4114314216e-01	-2.0670525006e-01	-2.0670525006e-01	-2.0670525006e-01	-2.6161411084e-01	-2.7496601633e-01	-2.7496601633e-01	-2.7496601633e-01	-3.3033697378e-01	-3.4309380706e-01	-3.4309380706e-01	-3.4309380706e-01	-3.4309380706e-01	-4.0902856266e-01	-4.0902856266e-01	-4.0902856266e-01	-4.5806672518e-01	-4.7047523941e-01	-4.7047523941e-01	-4.7047523941e-01	-5.1309115981e-01	-5.2564553506e-01	-5.2564553506e-01	-5.2564553506e-01	-5.6083751526e-01	-5.7172642921e-01	-5.7172642921e-01	-5.7172642921e-01	-6.0077312308e-01	-6.1792073545e-01	-6.1792073545e-01	-6.1792073545e-01	-6.6873650450e-01	-6.6873650450e-01	-6.7789801415e-01	-6.7789801415e-01	-6.7789801415e-01	-7.1009392538e-01	-7.1009392538e-01	-7.1009392538e-01	-7.2822006639e-01	-7.3890129335e-01	-7.3890129335e-01	-7.3890129335e-01	-7.5310382998e-01	-7.6257258012e-01	-7.6257258012e-01	-7.6257258012e-01	-7.8904934618e-01	-8.0447595735e-01	-8.0447595735e-01	-8.0447595735e-01	-8.0447595735e-01	-8.1564860204e-01	-8.2340370295e-01	-8.2340370295e-01	-8.2340370295e-01	-8.4054772901e-01	-8.4919407039e-01	-8.4919407039e-01	-8.4919407039e-01	-8.6524574858e-01	-8.6524574858e-01	-8.6524574858e-01	-8.7298750001e-01	-8.7298750001e-01	-8.8638122852e-01	-8.8638122852e-01	-8.9992100340e-01	-8.9992100340e-01	-9.0591058676e-01	-9.0591058676e-01	-9.0591058676e-01	-9.1218959889e-01	-9.1924644175e-01	-9.1924644175e-01	-9.2921564306e-01	-9.2921564306e-01	-9.3816126467e-01	-9.3816126467e-01	-9.3816126467e-01	-9.4519425454e-01	-9.4519425454e-01	-9.4831303434e-01	-9.5575955210e-01	-9.5575955210e-01	-9.5873707618e-01	-9.5873707618e-01	-9.5873707618e-01	-9.6729283772e-01	
26	0.0	-1.0983539038e-02	-1.0983539038e-02	-3.5283276801e-02	-8.3198157717e-02	-8.3198157717e-02	-8.3198157717e-02	-8.3198157717e-02	-1.4158821580e-01	-1.4158821580e-01	-1.4158821580e-01	-1.4158821580e-01	-2.0749114611e-01	-2.0749114611e-01	-2.0749114611e-01	-2.6271417308e-01	-2.7603400950e-01	-2.7603400950e-01	-2.7603400950e-01	-3.3161808327e-01	-3.4433273053e-01	-3.4433273053e-01	-3.4433273053e-01	-3.4433273053e-01	-4.1023253728e-01	-4.1023253728e-01	-4.1023253728e-01	-4.5895115994e-01	-4.7131309331e-01	-4.7131309331e-01	-4.7131309331e-01	-5.1328594701e-01	-5.2577769577e-01	-5.2577769577e-01	-5.2577769577e-01	-5.6018978417e-01	-5.7100955810e-01	-5.7100955810e-01	-5.7100955810e-01	-5.9933487920e-01	-6.1635478899e-01	-6.1635478899e-01	-6.1635478899e-01	-6.6543342992e-01	-6.6543342992e-01	-6.7449415718e-01	-6.7449415718e-01	-6.7449415718e-01	-7.0575286246e-01	-7.0575286246e-01	-7.0575286246e-01	-7.2311352911e-01	-7.3366008931e-01	-7.3366008931e-01	-7.3366008931e-01	-7.4725930007e-01	-7.5658435955e-01	-7.5658435955e-01	-7.5658435955e-01	-7.8187740312e-01	-7.9701345903e-01	-7.9701345903e-01	-7.9701345903e-01	-7.9701345903e-01	-8.0769694430e-01	-8.1530674965e-01	-8.1530674965e-01	-8.1530674965e-01	-8.3174436203e-01	-8.4022123329e-01	-8.4022123329e-01	-8.4022123329e-01	-8.5579861743e-01	-8.5579861743e-01	-8.5579861743e-01	-8.6330187811e-01	-8.6330187811e-01	-8.7636047059e-01	-8.7636047059e-01	-8.8975747216e-01	-8.8975747216e-01	-8.9554225540e-01	-8.9554225540e-01	-8.9554225540e-01	-9.0182642067e-01	-9.0861409033e-01	-9.0861409033e-01	-9.1893624221e-01	-9.1893624221e-01	-9.2742470792e-01	-9.2742470792e-01	-9.2742470792e-01	-9.3483927335e-01	-9.3483927335e-01	-9.3758808096e-01	-9.4568588132e-01	-9.4568588132e-01	-9.4814854057e-01	-9.4814854057e-01	-9.4814854057e-01	-9.5711282743e-01	
27	0.0	-1.1115522237e-02	-1.1115522237e-02	-3.4934473430e-02	-8.3181472539e-02	-8.3181472539e-02	-8.3181472539e-02	-8.3181472539e-02	-1.4177338733e-01	-1.4177338733e-01	-1.4177338733e-01	-1.4177338733e-01	-2.0788223645e-01	-2.0788223645e-01	-2.0788223645e-01	-2.6328721090e-01	-2.7657778975e-01	-2.7657778975e-01	-2.7657778975e-01	-3.3223474906e-01	-3.4491523515e-01	-3.4491523515e-01	-3.4491523515e-01	-3.4491523515e-01	-4.1064387112e-01	-4.1064387112e-01	-4.1064387112e-01	-4.5891146079e-01	-4.7123560847e-01	-4.7123560847e-01	-4.7123560847e-01	-5.1245193815e-01	-5.2489023593e-01	-5.2489023593e-01	-5.2489023593e-01	-5.5846255296e-01	-5.6921785016e-01	-5.6921785016e-01	-5.6921785016e-01	-5.9680083891e-01	-6.1370077796e-01	-6.1370077796e-01	-6.1370077796e-01	-6.6104722899e-01	-6.6104722899e-01	-6.7002091065e-01	-6.7002091065e-01	-6.7002091065e-01	-7.0038212540e-01	-7.0038212540e-01	-7.0038212540e-01	-7.1702663114e-01	-7.2745642753e-01	-7.2745642753e-01	-7.2745642753e-01	-7.4051215165e-01	-7.4970292054e-01	-7.4970292054e-01	-7.4970292054e-01	-7.7399511659e-01	-7.8885124332e-01	-7.8885124332e-01	-7.8885124332e-01	-7.8885124332e-01	-7.9915525794e-01	-8.0664715039e-01	-8.0664715039e-01	-8.0664715039e-01	-8.2268465498e-01	-8.3102477590e-01	-8.3102477590e-01	-8.3102477590e-01	-8.4633455766e-01	-8.4633455766e-01	-8.4633455766e-01	-8.5380581296e-01	-8.5380581296e-01	-8.6657089528e-01	-8.6657089528e-01	-8.8032108775e-01	-8.8032108775e-01	-8.8593670663e-01	-8.8593670663e-01	-8.8593670663e-01	-8.9248328283e-01	-8.9904228121e-01	-8.9904228121e-01	-9.1014933421e-01	-9.1014933421e-01	-9.1825153970e-01	-9.1825153970e-01	-9.1825153970e-01	-9.2631540797e-01	-9.2631540797e-01	-9.2878244541e-01	-9.3754291270e-01	-9.3754291270e-01	-9.3958694403e-01	-9.3958694403e-01	-9.3958694403e-01	-9.4895806521e-01	
28	0.0	-1.1288730388e-02	-1.1288730388e-02	-3.4846128448e-02	-8.3382160562e-02	-8.3382160562e-02	-8.3382160562e-02	-8.3382160562e-02	-1.4219015026e-01	-1.4219015026e-01	-1.4219015026e-01	-1.4219015026e-01	-2.0849173283e-01	-2.0849173283e-01	-2.0849173283e-01	-2.6396148425e-01	-2.7730902814e-01	-2.7730902814e-01	-2.7730902814e-01	-3.3289848865e-01	-3.4562225726e-01	-3.4562225726e-01	-3.4562225726e-01	-3.4562225726e-01	-4.1107864488e-01	-4.1107864488e-01	-4.1107864488e-01	-4.5872287730e-01	-4.7106119713e-01	-4.7106119713e-01	-4.7106119713e-01	-5.1135761924e-01	-5.2378489734e-01	-5.2378489734e-01	-5.2378489734e-01	-5.5639272328e-01	-5.6711155844e-01	-5.6711155844e-01	-5.6711155844e-01	-5.9386179269e-01	-6.1067277029e-01	-6.1067277029e-01	-6.1067277029e-01	-6.5618604011e-01	-6.5618604011e-01	-6.6509321263e-01	-6.6509321263e-01	-6.6509321263e-01	-6.9453468605e-01	-6.9453468605e-01	-6.9453468605e-01	-7.1044355440e-01	-7.2077026252e-01	-7.2077026252e-01	-7.2077026252e-01	-7.3327854505e-01	-7.4233670069e-01	-7.4233670069e-01	-7.4233670069e-01	-7.6564811649e-01	-7.8021930170e-01	-7.8021930170e-01	-7.8021930170e-01	-7.8021930170e-01	-7.9015617632e-01	-7.9753487489e-01	-7.9753487489e-01	-7.9753487489e-01	-8.1322871664e-01	-8.2143317713e-01	-8.2143317713e-01	-8.2143317713e-01	-8.3650138154e-01	-8.3650138154e-01	-8.3650138154e-01	-8.4397613893e-01	-8.4397613893e-01	-8.5641076405e-01	-8.5641076405e-01	-8.7053255983e-01	-8.7053255983e-01	-8.7596735769e-01	-8.7596735769e-01	-8.7596735769e-01	-8.8275390874e-01	-8.8906224796e-01	-8.8906224796e-01	-9.0073987379e-01	-9.0073987379e-01	-9.0840575190e-01	-9.0840575190e-01	-9.0840575190e-01	-9.1692046411e-01	-9.1692046411e-01	-9.1910231789e-01	-9.2818237603e-01	-9.2818237603e-01	-9.2981988303e-01	-9.2981988303e-01	-9.2981988303e-01	-9.3933209813e-01	
29	0.0	-1.1468315334e-02	-1.1468315334e-02	-3.4845313492e-02	-8.3486043319e-02	-8.3486043319e-02	-8.3486043319e-02	-8.3486043319e-02	-1.4233360205e-01	-1.4233360205e-01	-1.4233360205e-01	-1.4233360205e-01	-2.0861371329e-01	-2.0861371329e-01	-2.0861371329e-01	-2.6396766619e-01	-2.7732300838e-01	-2.7732300838e-01	-2.7732300838e-01	-3.3265538322e-01	-3.4536287696e-01	-3.4536287696e-01	-3.4536287696e-01	-3.4536287696e-01	-4.1027199334e-01	-4.1027199334e-01	-4.1027199334e-01	-4.5708091902e-01	-4.6936060363e-01	-4.6936060363e-01	-4.6936060363e-01	-5.0853670303e-01	-5.2088045010e-01	-5.2088045010e-01	-5.2088045010e-01	-5.5237110002e-01	-5.6299098914e-01	-5.6299098914e-01	-5.6299098914e-01	-5.8880810954e-01	-6.0542710202e-01	-6.0542710202e-01	-6.0542710202e-01	-6.4901738008e-01	-6.4901738008e-01	-6.5781682348e-01	-6.5781682348e-01	-6.5781682348e-01	-6.8627016631e-01	-6.8627016631e-01	-6.8627016631e-01	-7.0144395727e-01	-7.1162436276e-01	-7.1162436276e-01	-7.1162436276e-01	-7.2358782201e-01	-7.3247136230e-01	-7.3247136230e-01	-7.3247136230e-01	-7.5482982917e-01	-7.6905778703e-01	-7.6905778703e-01	-7.6905778703e-01	-7.6905778703e-01	-7.7865680705e-01	-7.8589653077e-01	-7.8589653077e-01	-7.8589653077e-01	-8.0135074603e-01	-8.0939128560e-01	-8.0939128560e-01	-8.0939128560e-01	-8.2424202660e-01	-8.2424202660e-01	-8.2424202660e-01	-8.3177521738e-01	-8.3177521738e-01	-8.4379698533e-01	-8.4379698533e-01	-8.5831009116e-01	-8.5831009116e-01	-8.6354100658e-01	-8.6354100658e-01	-8.6354100658e-01	-8.7055659621e-01	-8.7658535902e-01	-8.7658535902e-01	-8.8874102989e-01	-8.8874102989e-01	-8.9591561060e-01	-8.9591561060e-01	-8.9591561060e-01	-9.0482148541e-01	-9.0482148541e-01	-9.0669187715e-01	-9.1596577227e-01	-9.1596577227e-01	-9.1717457147e-01	-9.1717457147e-01	-9.1717457147e-01	-9.2666914953e-01	
30	0.0	-1.1650032835e-02	-1.1650032835e-02	-3.4937375786e-02	-8.3520983935e-02	-8.3520983935e-02	-8.3520983935e-02	-8.3520983935e-02	-1.4223360929e-01	-1.4223360929e-01	-1.4223360929e-01	-1.4223360929e-01	-2.0830908417e-01	-2.0830908417e-01	-2.0830908417e-01	-2.6344135929e-01	-2.7672129154e-01	-2.7672129154e-01	-2.7672129154e-01	-3.3169074119e-01	-3.4430470626e-01	-3.4430470626e-01	-3.4430470626e-01	-3.4430470626e-01	-4.0848933352e-01	-4.0848933352e-01	-4.0848933352e-01	-4.5435490867e-01	-4.6652170504e-01	-4.6652170504e-01	-4.6652170504e-01	-5.0450005171e-01	-5.1671781497e-01	-5.1671781497e-01	-5.1671781497e-01	-5.4704572620e-01	-5.5753683603e-01	-5.5753683603e-01	-5.5753683603e-01	-5.8239497441e-01	-5.9877854274e-01	-5.9877854274e-01	-5.9877854274e-01	-6.4044343337e-01	-6.4044343337e-01	-6.4911957776e-01	-6.4911957776e-01	-6.4911957776e-01	-6.7658092281e-01	-6.7658092281e-01	-6.7658092281e-01	-6.9105305091e-01	-7.0106648484e-01	-7.0106648484e-01	-7.0106648484e-01	-7.1252318848e-01	-7.2122217870e-01	-7.2122217870e-01	-7.2122217870e-01	-7.4274032977e-01	-7.5661748653e-01	-7.5661748653e-01	-7.5661748653e-01	-7.5661748653e-01	-7.6594882930e-01	-7.7303141198e-01	-7.7303141198e-01	-7.7303141198e-01	-7.8840950996e-01	-7.9626286468e-01	-7.9626286468e-01	-7.9626286468e-01	-8.1093998954e-01	-8.1093998954e-01	-8.1093998954e-01	-8.1858727731e-01	-8.1858727731e-01	-8.3013181500e-01	-8.3013181500e-01	-8.4503208305e-01	-8.4503208305e-01	-8.5003941927e-01	-8.5003941927e-01	-8.5003941927e-01	-8.5726731069e-01	-8.6299034728e-01	-8.6299034728e-01	-8.7559530025e-01	-8.7559530025e-01	-8.8223855568e-01	-8.8223855568e-01	-8.8223855568e-01	-8.9151644710e-01	-8.9151644710e-01	-8.9304673560e-01	-9.0254596565e-01	-9.0254596565e-01	-9.0328384569e-01	-9.0328384569e-01	-9.0328384569e-01	-9.1274826717e-01	
31	0.0	-1.1717132630e-02	-1.1717132630e-02	-3.4944445707e-02	-8.3367841303e-02	-8.3367841303e-02	-8.3367841303e-02	-8.3367841303e-02	-1.4186867726e-01	-1.4186867726e-01	-1.4186867726e-01	-1.4186867726e-01	-2.0767199268e-01	-2.0767199268e-01	-2.0767199268e-01	-2.6251297010e-01	-2.7571754902e-01	-2.7571754902e-01	-2.7571754902e-01	-3.3025214455e-01	-3.4278150855e-01	-3.4278150855e-01	-3.4278150855e-01	-3.4278150855e-01	-4.0619071805e-01	-4.0619071805e-01	-4.0619071805e-01	-4.5105212609e-01	-4.6313631957e-01	-4.6313631957e-01	-4.6313631957e-01	-4.9992654426e-01	-5.1205424293e-01	-5.1205424293e-01	-5.1205424293e-01	-5.4124717017e-01	-5.5164118169e-01	-5.5164118169e-01	-5.5164118169e-01	-5.7551077419e-01	-5.9170622280e-01	-5.9170622280e-01	-5.9170622280e-01	-6.3136302362e-01	-6.3136302362e-01	-6.3993862871e-01	-6.3993862871e-01	-6.3993862871e-01	-6.6637797197e-01	-6.6637797197e-01	-6.6637797197e-01	-6.8009725103e-01	-6.8996085695e-01	-6.8996085695e-01	-6.8996085695e-01	-7.0086301450e-01	-7.0939655677e-01	-7.0939655677e-01	-7.0939655677e-01	-7.2998601471e-01	-7.4355208052e-01	-7.4355208052e-01	-7.4355208052e-01	-7.4355208052e-01	-7.5257761930e-01	-7.5951896071e-01	-7.5951896071e-01	-7.5951896071e-01	-7.7472824148e-01	-7.8241331582e-01	-7.8241331582e-01	-7.8241331582e-01	-7.9687281588e-01	-7.9687281588e-01	-7.9687281588e-01	-8.0455074047e-01	-8.0455074047e-01	-8.1566344187e-01	-8.1566344187e-01	-8.3079670988e-01	-8.3079670988e-01	-8.3558892216e-01	-8.3558892216e-01	-8.3558892216e-01	-8.4296199695e-01	-8.4838034605e-01	-8.4838034605e-01	-8.6134987948e-01	-8.6134987948e-01	-8.6746400512e-01	-8.6746400512e-01	-8.6746400512e-01	-8.7705188873e-01	-8.7705188873e-01	-8.7824422725e-01	-8.8789004300e-01	-8.8789004300e-01	-8.8816293479e-01	-8.8816293479e-01	-8.8816293479e-01	-8.9755072887e-01	
32	0.0	-1.1706202861e-02	-1.1706202861e-02	-3.4880167923e-02	-8.3032797429e-02	-8.3032797429e-02	-8.3032797429e-02	-8.3032797429e-02	-1.4121385572e-01	-1.4121385572e-01	-1.4121385572e-01	-1.4121385572e-01	-2.0662493788e-01	-2.0662493788e-01	-2.0662493788e-01	-2.6105416676e-01	-2.7417628068e-01	-2.7417628068e-01	-2.7417628068e-01	-3.2815011576e-01	-3.4058932718e-01	-3.4058932718e-01	-3.4058932718e-01	-3.4058932718e-01	-4.0309669107e-01	-4.0309669107e-01	-4.0309669107e-01	-4.4684422197e-01	-4.5884657607e-01	-4.5884657607e-01	-4.5884657607e-01	-4.9439728468e-01	-5.0643785872e-01	-5.0643785872e-01	-5.0643785872e-01	-5.3449354373e-01	-5.4479344310e-01	-5.4479344310e-01	-5.4479344310e-01	-5.6766528379e-01	-5.8367944796e-01	-5.8367944796e-01	-5.8367944796e-01	-6.2135382501e-01	-6.2135382501e-01	-6.2983429339e-01	-6.2983429339e-01	-6.2983429339e-01	-6.5528476228e-01	-6.5528476228e-01	-6.5528476228e-01	-6.6828485961e-01	-6.7800729096e-01	-6.7800729096e-01	-6.7800729096e-01	-6.8838046911e-01	-6.9676220469e-01	-6.9676220469e-01	-6.9676220469e-01	-7.1650145554e-01	-7.2979182440e-01	-7.2979182440e-01	-7.2979182440e-01	-7.2979182440e-01	-7.3855480538e-01	-7.4537536526e-01	-7.4537536526e-01	-7.4537536526e-01	-7.6049789213e-01	-7.6804173267e-01	-7.6804173267e-01	-7.6804173267e-01	-7.8235459168e-01	-7.8235459168e-01	-7.8235459168e-01	-7.9008687818e-01	-7.9008687818e-01	-8.0084758122e-01	-8.0084758122e-01	-8.1625188364e-01	-8.1625188364e-01	-8.2084621895e-01	-8.2084621895e-01	-8.2084621895e-01	-8.2836025806e-01	-8.3349541003e-01	-8.3349541003e-01	-8.4677874186e-01	-8.4677874186e-01	-8.5241418834e-01	-8.5241418834e-01	-8.5241418834e-01	-8.6225430002e-01	-8.6225430002e-01	-8.6315957909e-01	-8.7298251981e-01	-8.7298251981e-01	-8.7287079566e-01	-8.7287079566e-01	-8.7287079566e-01	-8.8225359327e-01	
33	0.0	-1.1626886763e-02	-1.1626886763e-02	-3.4722879921e-02	-8.2490999903e-02	-8.2490999903e-02	-8.2490999903e-02	-8.2490999903e-02	-1.4023329906e-01	-1.4023329906e-01	-1.4023329906e-01	-1.4023329906e-01	-2.0512335620e-01	-2.0512335620e-01	-2.0512335620e-01	-2.5903834034e-01	-2.7205261237e-01	-2.7205261237e-01	-2.7205261237e-01	-3.2536450261e-01	-3.3769050558e-01	-3.3769050558e-01	-3.3769050558e-01	-3.3769050558e-01	-3.9917945479e-01	-3.9917945479e-01	-3.9917945479e-01	-4.4173518280e-01	-4.5363555124e-01	-4.5363555124e-01	-4.5363555124e-01	-4.8792289793e-01	-4.9985739226e-01	-4.9985739226e-01	-4.9985739226e-01	-5.2680699204e-01	-5.3700013083e-01	-5.3700013083e-01	-5.3700013083e-01	-5.5892039175e-01	-5.7474052520e-01	-5.7474052520e-01	-5.7474052520e-01	-6.1058456794e-01	-6.1058456794e-01	-6.1895934267e-01	-6.1895934267e-01	-6.1895934267e-01	-6.4351754690e-01	-6.4351754690e-01	-6.4351754690e-01	-6.5591989026e-01	-6.6549102737e-01	-6.6549102737e-01	-6.6549102737e-01	-6.7543211687e-01	-6.8365620603e-01	-6.8365620603e-01	-6.8365620603e-01	-7.0273021843e-01	-7.1574518571e-01	-7.1574518571e-01	-7.1574518571e-01	-7.1574518571e-01	-7.2433445141e-01	-7.3102900065e-01	-7.3102900065e-01	-7.3102900065e-01	-7.4618566730e-01	-7.5358271380e-01	-7.5358271380e-01	-7.5358271380e-01	-7.6778833670e-01	-7.6778833670e-01	-7.6778833670e-01	-7.7559264737e-01	-7.7559264737e-01	-7.8601507856e-01	-7.8601507856e-01	-8.0169255616e-01	-8.0169255616e-01	-8.0609186525e-01	-8.0609186525e-01	-8.0609186525e-01	-8.1374356736e-01	-8.1860790710e-01	-8.1860790710e-01	-8.3213418215e-01	-8.3213418215e-01	-8.3733114864e-01	-8.3733114864e-01	-8.3733114864e-01	-8.4735439403e-01	-8.4735439403e-01	-8.4800071071e-01	-8.5805041492e-01	-8.5805041492e-01	-8.5759353029e-01	-8.5759353029e-01	-8.5759353029e-01	-8.6704394108e-01	
34	0.0	-1.1497537075e-02	-1.1497537075e-02	-3.4520030792e-02	-8.1823947546e-02	-8.1823947546e-02	-8.1823947546e-02	-8.1823947546e-02	-1.3906127040e-01	-1.3906127040e-01	-1.3906127040e-01	-1.3906127040e-01	-2.0335652233e-01	-2.0335652233e-01	-2.0335652233e-01	-2.5667613170e-01	-2.6958805388e-01	-2.6958805388e-01	-2.6958805388e-01	-3.2215290807e-01	-3.3437431139e-01	-3.3437431139e-01	-3.3437431139e-01	-3.3437431139e-01	-3.9476633732e-01	-3.9476633732e-01	-3.9476633732e-01	-4.3604985626e-01	-4.4785525787e-01	-4.4785525787e-01	-4.4785525787e-01	-4.8083841492e-01	-4.9267269380e-01	-4.9267269380e-01	-4.9267269380e-01	-5.1851929921e-01	-5.2861408667e-01	-5.2861408667e-01	-5.2861408667e-01	-5.4960726365e-01	-5.6525411303e-01	-5.6525411303e-01	-5.6525411303e-01	-5.9935101319e-01	-5.9935101319e-01	-6.0762649955e-01	-6.0762649955e-01	-6.0762649955e-01	-6.3134888000e-01	-6.3134888000e-01	-6.3134888000e-01	-6.4319977409e-01	-6.5262672211e-01	-6.5262672211e-01	-6.5262672211e-01	-6.6217569319e-01	-6.7025172125e-01	-6.7025172125e-01	-6.7025172125e-01	-6.8872646059e-01	-7.0149146917e-01	-7.0149146917e-01	-7.0149146917e-01	-7.0149146917e-01	-7.0993087788e-01	-7.1650778061e-01	-7.1650778061e-01	-7.1650778061e-01	-7.3170085927e-01	-7.3895980130e-01	-7.3895980130e-01	-7.3895980130e-01	-7.5305683870e-01	-7.5305683870e-01	-7.5305683870e-01	-7.6090284324e-01	-7.6090284324e-01	-7.7101209010e-01	-7.7101209010e-01	-7.8689065540e-01	-7.8689065540e-01	-7.9111962076e-01	-7.9111962076e-01	-7.9111962076e-01	-7.9887599671e-01	-8.0351288021e-01	-8.0351288021e-01	-8.1720492893e-01	-8.1720492893e-01	-8.2203645506e-01	-8.2203645506e-01	-8.2203645506e-01	-8.3216350210e-01	-8.3216350210e-01	-8.3258704504e-01	-8.4291470430e-01	-8.4291470430e-01	-8.4216176045e-01	-8.4216176045e-01	-8.4216176045e-01	-8.5173876485e-01	
35	0.0	-1.1317340502e-02	-1.1317340502e-02	-3.4280241599e-02	-8.1031218761e-02	-8.1031218761e-02	-8.1031218761e-02	-8.1031218761e-02	-1.3769104976e-01	-1.3769104976e-01	-1.3769104976e-01	-1.3769104976e-01	-2.0131012672e-01	-2.0131012672e-01	-2.0131012672e-01	-2.5393597179e-01	-2.6675922727e-01	-2.6675922727e-01	-2.6675922727e-01	-3.1847158717e-01	-3.3060077998e-01	-3.3060077998e-01	-3.3060077998e-01	-3.3060077998e-01	-3.8979093638e-01	-3.8979093638e-01	-3.8979093638e-01	-4.2969527139e-01	-4.4140841124e-01	-4.4140841124e-01	-4.4140841124e-01	-4.7302122764e-01	-4.8475574397e-01	-4.8475574397e-01	-4.8475574397e-01	-5.0947974954e-01	-5.1947881146e-01	-5.1947881146e-01	-5.1947881146e-01	-5.3955182348e-01	-5.5503554927e-01	-5.5503554927e-01	-5.5503554927e-01	-5.8745551236e-01	-5.8745551236e-01	-5.9563753217e-01	-5.9563753217e-01	-5.9563753217e-01	-6.1857859376e-01	-6.1857859376e-01	-6.1857859376e-01	-6.2993445969e-01	-6.3922844479e-01	-6.3922844479e-01	-6.3922844479e-01	-6.4842676777e-01	-6.5636889498e-01	-6.5636889498e-01	-6.5636889498e-01	-6.7428744576e-01	-6.8683366614e-01	-6.8683366614e-01	-6.8683366614e-01	-6.8683366614e-01	-6.9512791526e-01	-7.0159675144e-01	-7.0159675144e-01	-7.0159675144e-01	-7.1677733954e-01	-7.2390928886e-01	-7.2390928886e-01	-7.2390928886e-01	-7.3787636527e-01	-7.3787636527e-01	-7.3787636527e-01	-7.4573243370e-01	-7.4573243370e-01	-7.5556327492e-01	-7.5556327492e-01	-7.7157443903e-01	-7.7157443903e-01	-7.7565064023e-01	-7.7565064023e-01	-7.7565064023e-01	-7.8348164208e-01	-7.8791739571e-01	-7.8791739571e-01	-8.0170179411e-01	-8.0170179411e-01	-8.0621228379e-01	-8.0621228379e-01	-8.0621228379e-01	-8.1639386644e-01	-8.1639386644e-01	-8.1660684222e-01	-8.2728893420e-01	-8.2728893420e-01	-8.2625800163e-01	-8.2625800163e-01	-8.2625800163e-01	-8.3602611696e-01	
36	0.0	-1.1100905951e-02	-1.1100905951e-02	-3.3993330214e-02	-8.0134723243e-02	-8.0134723243e-02	-8.0134723243e-02	-8.0134723243e-02	-1.3616407638e-01	-1.3616407638e-01	-1.3616407638e-01	-1.3616407638e-01	-1.9905409084e-01	-1.9905409084e-01	-1.9905409084e-01	-2.5094217153e-01	-2.6367451126e-01	-2.6367451126e-01	-2.6367451126e-01	-3.1449450811e-01	-3.2653006514e-01	-3.2653006514e-01	-3.2653006514e-01	-3.2653006514e-01	-3.8448096466e-01	-3.8448096466e-01	-3.8448096466e-01	-4.2297498509e-01	-4.3459312971e-01	-4.3459312971e-01	-4.3459312971e-01	-4.6483548165e-01	-4.7646803541e-01	-4.7646803541e-01	-4.7646803541e-01	-5.0012122963e-01	-5.1002546965e-01	-5.1002546965e-01	-5.1002546965e-01	-5.2926206831e-01	-5.4458844598e-01	-5.4458844598e-01	-5.4458844598e-01	-5.7553033140e-01	-5.7553033140e-01	-5.8362571870e-01	-5.8362571870e-01	-5.8362571870e-01	-6.0591462396e-01	-6.0591462396e-01	-6.0591462396e-01	-6.1691358925e-01	-6.2609004302e-01	-6.2609004302e-01	-6.2609004302e-01	-6.3505832163e-01	-6.4288253134e-01	-6.4288253134e-01	-6.4288253134e-01	-6.6045392816e-01	-6.7280863826e-01	-6.7280863826e-01	-6.7280863826e-01	-6.7280863826e-01	-6.8104836390e-01	-6.8741448986e-01	-6.8741448986e-01	-6.8741448986e-01	-7.0271574993e-01	-7.0972817247e-01	-7.0972817247e-01	-7.0972817247e-01	-7.2363983223e-01	-7.2363983223e-01	-7.2363983223e-01	-7.3157556687e-01	-7.3157556687e-01	-7.4115797001e-01	-7.4115797001e-01	-7.5742406169e-01	-7.5742406169e-01	-7.6136507343e-01	-7.6136507343e-01	-7.6136507343e-01	-7.6933493809e-01	-7.7359561321e-01	-7.7359561321e-01	-7.8758091375e-01	-7.8758091375e-01	-7.9181647793e-01	-7.9181647793e-01	-7.9181647793e-01	-8.0213323227e-01	-8.0213323227e-01	-8.0215554359e-01	-8.1329639017e-01	-8.1329639017e-01	-8.1201958816e-01	-8.1201958816e-01	-8.1201958816e-01	-8.2205783341e-01	
37	0.0	-1.0854919715e-02	-1.0854919715e-02	-3.3671153746e-02	-7.9169275089e-02	-7.9169275089e-02	-7.9169275089e-02	-7.9169275089e-02	-1.3454090378e-01	-1.3454090378e-01	-1.3454090378e-01	-1.3454090378e-01	-1.9668311942e-01	-1.9668311942e-01	-1.9668311942e-01	-2.4783491767e-01	-2.6047602833e-01	-2.6047602833e-01	-2.6047602833e-01	-3.1043066405e-01	-3.2237376544e-01	-3.2237376544e-01	-3.2237376544e-01	-3.2237376544e-01	-3.7914864562e-01	-3.7914864562e-01	-3.7914864562e-01	-4.1637396541e-01	-4.2790065012e-01	-4.2790065012e-01	-4.2790065012e-01	-4.5693495816e-01	-4.6847077153e-01	-4.6847077153e-01	-4.6847077153e-01	-4.9113161489e-01	-5.0094740350e-01	-5.0094740350e-01	-5.0094740350e-01	-5.1940375834e-01	-5.3458468637e-01	-5.3458468637e-01	-5.3458468637e-01	-5.6414309860e-01	-5.6414309860e-01	-5.7216074637e-01	-5.7216074637e-01	-5.7216074637e-01	-5.9385212416e-01	-5.9385212416e-01	-5.9385212416e-01	-6.0453559054e-01	-6.1361019536e-01	-6.1361019536e-01	-6.1361019536e-01	-6.2236807854e-01	-6.3009136898e-01	-6.3009136898e-01	-6.3009136898e-01	-6.4730823519e-01	-6.5949922529e-01	-6.5949922529e-01	-6.5949922529e-01	-6.5949922529e-01	-6.6766101045e-01	-6.7393418001e-01	-6.7393418001e-01	-6.7393418001e-01	-6.8923441323e-01	-6.9614016066e-01	-6.9614016066e-01	-6.9614016066e-01	-7.0994849809e-01	-7.0994849809e-01	-7.0994849809e-01	-7.1789428494e-01	-7.1789428494e-01	-7.2726350549e-01	-7.2726350549e-01	-7.4360600338e-01	-7.4360600338e-01	-7.4743203600e-01	-7.4743203600e-01	-7.4743203600e-01	-7.5545234768e-01	-7.5956498366e-01	-7.5956498366e-01	-7.7345816672e-01	-7.7345816672e-01	-7.7746937908e-01	-7.7746937908e-01	-7.7746937908e-01	-7.8771788463e-01	-7.8771788463e-01	-7.8757154817e-01	-7.9902175755e-01	-7.9902175755e-01	-7.9752536777e-01	-7.9752536777e-01	-7.9752536777e-01	-8.0768509176e-01	
38	0.0	-1.0578514968e-02	-1.0578514968e-02	-3.3316506620e-02	-7.8123428788e-02	-7.8123428788e-02	-7.8123428788e-02	-7.8123428788e-02	-1.3278956324e-01	-1.3278956324e-01	-1.3278956324e-01	-1.3278956324e-01	-1.9412997072e-01	-1.9412997072e-01	-1.9412997072e-01	-2.4449505363e-01	-2.5704625520e-01	-2.5704625520e-01	-2.5704625520e-01	-3.0610027646e-01	-3.1795372487e-01	-3.1795372487e-01	-3.1795372487e-01	-3.1795372487e-01	-3.7355004661e-01	-3.7355004661e-01	-3.7355004661e-01	-4.0955231395e-01	-4.2099332721e-01	-4.2099332721e-01	-4.2099332721e-01	-4.4889238822e-01	-4.6033943275e-01	-4.6033943275e-01	-4.6033943275e-01	-4.8205579112e-01	-4.9179138773e-01	-4.9179138773e-01	-4.9179138773e-01	-5.0950625727e-01	-5.2455576982e-01	-5.2455576982e-01	-5.2455576982e-01	-5.5283967396e-01	-5.5283967396e-01	-5.6078788027e-01	-5.6078788027e-01	-5.6078788027e-01	-5.8193979833e-01	-5.8193979833e-01	-5.8193979833e-01	-5.9234882797e-01	-6.0133528725e-01	-6.0133528725e-01	-6.0133528725e-01	-6.0991070748e-01	-6.1754807504e-01	-6.1754807504e-01	-6.1754807504e-01	-6.3445004742e-01	-6.4650129262e-01	-6.4650129262e-01	-6.4650129262e-01	-6.4650129262e-01	-6.5458905470e-01	-6.6078065077e-01	-6.6078065077e-01	-6.6078065077e-01	-6.7602598633e-01	-6.8283984919e-01	-6.8283984919e-01	-6.8283984919e-01	-6.9653033573e-01	-6.9653033573e-01	-6.9653033573e-01	-7.0445664039e-01	-7.0445664039e-01	-7.1364975668e-01	-7.1364975668e-01	-7.3000574180e-01	-7.3000574180e-01	-7.3373737676e-01	-7.3373737676e-01	-7.3373737676e-01	-7.4178506728e-01	-7.4577598071e-01	-7.4577598071e-01	-7.5951329185e-01	-7.5951329185e-01	-7.6334773773e-01	-7.6334773773e-01	-7.6334773773e-01	-7.7349821449e-01	-7.7349821449e-01	-7.7321716743e-01	-7.8493471679e-01	-7.8493471679e-01	-7.8326574716e-01	-7.8326574716e-01	-7.8326574716e-01	-7.9349362766e-01	
39	0.0	-1.0310714277e-02	-1.0310714277e-02	-3.3040902275e-02	-7.7150363782e-02	-7.7150363782e-02	-7.7150363782e-02	-7.7150363782e-02	-1.3113816306e-01	-1.3113816306e-01	-1.3113816306e-01	-1.3113816306e-01	-1.9170015997e-01	-1.9170015997e-01	-1.9170015997e-01	-2.4127507227e-01	-2.5376588456e-01	-2.5376588456e-01	-2.5376588456e-01	-3.0193078016e-01	-3.1372122912e-01	-3.1372122912e-01	-3.1372122912e-01	-3.1372122912e-01	-3.6820174584e-01	-3.6820174584e-01	-3.6820174584e-01	-4.0305980661e-01	-4.1443841573e-01	-4.1443841573e-01	-4.1443841573e-01	-4.4129770765e-01	-4.5267929637e-01	-4.5267929637e-01	-4.5267929637e-01	-4.7352868191e-01	-4.8320395305e-01	-4.8320395305e-01	-4.8320395305e-01	-5.0024259315e-01	-5.1519112631e-01	-5.1519112631e-01	-5.1519112631e-01	-5.4235166528e-01	-5.4235166528e-01	-5.5024527510e-01	-5.5024527510e-01	-5.5024527510e-01	-5.7094379254e-01	-5.7094379254e-01	-5.7094379254e-01	-5.8114081804e-01	-5.9005708774e-01	-5.9005708774e-01	-5.9005708774e-01	-5.9849944493e-01	-6.0606796928e-01	-6.0606796928e-01	-6.0606796928e-01	-6.2273044437e-01	-6.3466728809e-01	-6.3466728809e-01	-6.3466728809e-01	-6.3466728809e-01	-6.4270462659e-01	-6.4882651965e-01	-6.4882651965e-01	-6.4882651965e-01	-6.6403771467e-01	-6.7077345327e-01	-6.7077345327e-01	-6.7077345327e-01	-6.8436859901e-01	-6.8436859901e-01	-6.8436859901e-01	-6.9228079139e-01	-6.9228079139e-01	-7.0132696370e-01	-7.0132696370e-01	-7.1768155247e-01	-7.1768155247e-01	-7.2133278731e-01	-7.2133278731e-01	-7.2133278731e-01	-7.2940413295e-01	-7.3328937081e-01	-7.3328937081e-01	-7.4684927812e-01	-7.4684927812e-01	-7.5053397514e-01	-7.5053397514e-01	-7.5053397514e-01	-7.6060736034e-01	-7.6060736034e-01	-7.6021656917e-01	-7.7210080050e-01	-7.7210080050e-01	-7.7029267985e-01	-7.7029267985e-01	-7.7029267985e-01	-7.8049127295e-01	
40	0.0	-1.0066239534e-02	-1.0066239534e-02	-3.2915878665e-02	-7.6297931345e-02	-7.6297931345e-02	-7.6297931345e-02	-7.6297931345e-02	-1.2961363782e-01	-1.2961363782e-01	-1.2961363782e-01	-1.2961363782e-01	-1.8938299839e-01	-1.8938299839e-01	-1.8938299839e-01	-2.3814121336e-01	-2.5057559546e-01	-2.5057559546e-01	-2.5057559546e-01	-2.9783979871e-01	-3.0956487582e-01	-3.0956487582e-01	-3.0956487582e-01	-3.0956487582e-01	-3.6293857803e-01	-3.6293857803e-01	-3.6293857803e-01	-3.9670389915e-01	-4.0801390917e-01	-4.0801390917e-01	-4.0801390917e-01	-4.3390343256e-01	-4.4521441557e-01	-4.4521441557e-01	-4.4521441557e-01	-4.6526224778e-01	-4.7487461003e-01	-4.7487461003e-01	-4.7487461003e-01	-4.9129705711e-01	-5.0614259916e-01	-5.0614259916e-01	-5.0614259916e-01	-5.3232142320e-01	-5.3232142320e-01	-5.4016096104e-01	-5.4016096104e-01	-5.4016096104e-01	-5.6047509274e-01	-5.6047509274e-01	-5.6047509274e-01	-5.7051742433e-01	-5.7936770446e-01	-5.7936770446e-01	-5.7936770446e-01	-5.8772452065e-01	-5.9522974172e-01	-5.9522974172e-01	-5.9522974172e-01	-6.1173943188e-01	-6.2357028611e-01	-6.2357028611e-01	-6.2357028611e-01	-6.2357028611e-01	-6.3158892395e-01	-6.3764695798e-01	-6.3764695798e-01	-6.3764695798e-01	-6.5286723499e-01	-6.5953283245e-01	-6.5953283245e-01	-6.5953283245e-01	-6.7306878445e-01	-6.7306878445e-01	-6.7306878445e-01	-6.8099304362e-01	-6.8099304362e-01	-6.8991428764e-01	-6.8991428764e-01	-7.0631211139e-01	-7.0631211139e-01	-7.0989634974e-01	-7.0989634974e-01	-7.0989634974e-01	-7.1800995070e-01	-7.2180944433e-01	-7.2180944433e-01	-7.3533874168e-01	-7.3533874168e-01	-7.3891103429e-01	-7.3891103429e-01	-7.3891103429e-01	-7.4898884578e-01	-7.4898884578e-01	-7.4852665068e-01	-7.6053916369e-01	-7.6053916369e-01	-7.5865269765e-01	-7.5865269765e-01	-7.5865269765e-01	-7.6887118438e-01	
41	0.0	-9.8302334766e-03	-9.8302334766e-03	-3.3020443574e-02	-7.5610833537e-02	-7.5610833537e-02	-7.5610833537e-02	-7.5610833537e-02	-1.2823054913e-01	-1.2823054913e-01	-1.2823054913e-01	-1.2823054913e-01	-1.8716757954e-01	-1.8716757954e-01	-1.8716757954e-01	-2.3507742627e-01	-2.4744136967e-01	-2.4744136967e-01	-2.4744136967e-01	-2.9379012066e-01	-3.0543558167e-01	-3.0543558167e-01	-3.0543558167e-01	-3.0543558167e-01	-3.5770206179e-01	-3.5770206179e-01	-3.5770206179e-01	-3.9041804458e-01	-4.0165247421e-01	-4.0165247421e-01	-4.0165247421e-01	-4.2663090839e-01	-4.3786904748e-01	-4.3786904748e-01	-4.3786904748e-01	-4.5717268772e-01	-4.6672468801e-01	-4.6672468801e-01	-4.6672468801e-01	-4.8257958517e-01	-4.9733010722e-01	-4.9733010722e-01	-4.9733010722e-01	-5.2262778070e-01	-5.2262778070e-01	-5.3041981872e-01	-5.3041981872e-01	-5.3041981872e-01	-5.5040053033e-01	-5.5040053033e-01	-5.5040053033e-01	-5.6031774253e-01	-5.6911302304e-01	-5.6911302304e-01	-5.6911302304e-01	-5.7740403014e-01	-5.8485780032e-01	-5.8485780032e-01	-5.8485780032e-01	-6.0124475227e-01	-6.1298972562e-01	-6.1298972562e-01	-6.1298972562e-01	-6.1298972562e-01	-6.2098981932e-01	-6.2699848270e-01	-6.2699848270e-01	-6.2699848270e-01	-6.4220612800e-01	-6.4881962509e-01	-6.4881962509e-01	-6.4881962509e-01	-6.6229857905e-01	-6.6229857905e-01	-6.6229857905e-01	-6.7020737401e-01	-6.7020737401e-01	-6.7904331441e-01	-6.7904331441e-01	-6.9538383677e-01	-6.9538383677e-01	-6.9892679425e-01	-6.9892679425e-01	-6.9892679425e-01	-7.0702290057e-01	-7.1077630012e-01	-7.1077630012e-01	-7.2422396154e-01	-7.2422396154e-01	-7.2775339854e-01	-7.2775339854e-01	-7.2775339854e-01	-7.3779918736e-01	-7.3779918736e-01	-7.3731962342e-01	-7.4940713744e-01	-7.4940713744e-01	-7.4752541699e-01	-7.4752541699e-01	-7.4752541699e-01	-7.5779370327e-01	
42	0.0	-9.5669529577e-03	-9.5669529577e-03	-3.3296785811e-02	-7.5032645936e-02	-7.5032645936e-02	-7.5032645936e-02	-7.5032645936e-02	-1.2690051548e-01	-1.2690051548e-01	-1.2690051548e-01	-1.2690051548e-01	-1.8495361784e-01	-1.8495361784e-01	-1.8495361784e-01	-2.3201559449e-01	-2.4426665290e-01	-2.4426665290e-01	-2.4426665290e-01	-2.8972016150e-01	-3.0125467734e-01	-3.0125467734e-01	-3.0125467734e-01	-3.0125467734e-01	-3.5243986639e-01	-3.5243986639e-01	-3.5243986639e-01	-3.8417861913e-01	-3.9532687896e-01	-3.9532687896e-01	-3.9532687896e-01	-4.1947633776e-01	-4.3063919947e-01	-4.3063919947e-01	-4.3063919947e-01	-4.4928282419e-01	-4.5877812159e-01	-4.5877812159e-01	-4.5877812159e-01	-4.7414095895e-01	-4.8880652915e-01	-4.8880652915e-01	-4.8880652915e-01	-5.1335256764e-01	-5.1335256764e-01	-5.2110371901e-01	-5.2110371901e-01	-5.2110371901e-01	-5.4081805331e-01	-5.4081805331e-01	-5.4081805331e-01	-5.5065520448e-01	-5.5940809906e-01	-5.5940809906e-01	-5.5940809906e-01	-5.6766870323e-01	-5.7508502227e-01	-5.7508502227e-01	-5.7508502227e-01	-5.9140958787e-01	-6.0309419138e-01	-6.0309419138e-01	-6.0309419138e-01	-6.0309419138e-01	-6.1109162036e-01	-6.1707004100e-01	-6.1707004100e-01	-6.1707004100e-01	-6.3228181223e-01	-6.3886701753e-01	-6.3886701753e-01	-6.3886701753e-01	-6.5232169089e-01	-6.5232169089e-01	-6.5232169089e-01	-6.6022571998e-01	-6.6022571998e-01	-6.6902821608e-01	-6.6902821608e-01	-6.8531148139e-01	-6.8531148139e-01	-6.8884748262e-01	-6.8884748262e-01	-6.8884748262e-01	-6.9691449763e-01	-7.0067181274e-01	-7.0067181274e-01	-7.1402309046e-01	-7.1402309046e-01	-7.1759699496e-01	-7.1759699496e-01	-7.1759699496e-01	-7.2758580786e-01	-7.2758580786e-01	-7.2714935640e-01	-7.3927018489e-01	-7.3927018489e-01	-7.3747568481e-01	-7.3747568481e-01	-7.3747568481e-01	-7.4780793041e-01	
43	0.0	-9.2542090860e-03	-9.2542090860e-03	-3.3519114507e-02	-7.4381837260e-02	-7.4381837260e-02	-7.4381837260e-02	-7.4381837260e-02	-1.2549910719e-01	-1.2549910719e-01	-1.2549910719e-01	-1.2549910719e-01	-1.8270385385e-01	-1.8270385385e-01	-1.8270385385e-01	-2.2894216674e-01	-2.4111398047e-01	-2.4111398047e-01	-2.4111398047e-01	-2.8570841366e-01	-2.9717751599e-01	-2.9717751599e-01	-2.9717751599e-01	-2.9717751599e-01	-3.4738678698e-01	-3.4738678698e-01	-3.4738678698e-01	-3.7821851791e-01	-3.8933098690e-01	-3.8933098690e-01	-3.8933098690e-01	-4.1271996054e-01	-4.2385662224e-01	-4.2385662224e-01	-4.2385662224e-01	-4.4189891477e-01	-4.5137706294e-01	-4.5137706294e-01	-4.5137706294e-01	-4.6628935081e-01	-4.8092594596e-01	-4.8092594596e-01	-4.8092594596e-01	-5.0478073703e-01	-5.0478073703e-01	-5.1251050801e-01	-5.1251050801e-01	-5.1251050801e-01	-5.3199212601e-01	-5.3199212601e-01	-5.3199212601e-01	-5.4174608323e-01	-5.5047533540e-01	-5.5047533540e-01	-5.5047533540e-01	-5.5869489359e-01	-5.6608933751e-01	-5.6608933751e-01	-5.6608933751e-01	-5.8231815367e-01	-5.9396632475e-01	-5.9396632475e-01	-5.9396632475e-01	-5.9396632475e-01	-6.0193423569e-01	-6.0789386940e-01	-6.0789386940e-01	-6.0789386940e-01	-6.2305208176e-01	-6.2962108562e-01	-6.2962108562e-01	-6.2962108562e-01	-6.4303344944e-01	-6.4303344944e-01	-6.4303344944e-01	-6.5090448709e-01	-6.5090448709e-01	-6.5969531466e-01	-6.5969531466e-01	-6.7584924291e-01	-6.7584924291e-01	-6.7938894361e-01	-6.7938894361e-01	-6.7938894361e-01	-6.8738268444e-01	-6.9115929840e-01	-6.9115929840e-01	-7.0429424877e-01	-7.0429424877e-01	-7.0794157056e-01	-7.0794157056e-01	-7.0794157056e-01	-7.1779082636e-01	-7.1779082636e-01	-7.1740978163e-01	-7.2950043675e-01	-7.2950043675e-01	-7.2779083535e-01	-7.2779083535e-01	-7.2779083535e-01	-7.3812950887e-01	
44	0.0	-8.9316010170e-03	-8.9316010170e-03	-3.3854620079e-02	-7.3913491463e-02	-7.3913491463e-02	-7.3913491463e-02	-7.3913491463e-02	-1.2438135112e-01	-1.2438135112e-01	-1.2438135112e-01	-1.2438135112e-01	-1.8084649142e-01	-1.8084649142e-01	-1.8084649142e-01	-2.2633162940e-01	-2.3846297310e-01	-2.3846297310e-01	-2.3846297310e-01	-2.8226716954e-01	-2.9370217213e-01	-2.9370217213e-01	-2.9370217213e-01	-2.9370217213e-01	-3.4303367391e-01	-3.4303367391e-01	-3.4303367391e-01	-3.7303876041e-01	-3.8412877164e-01	-3.8412877164e-01	-3.8412877164e-01	-4.0682808078e-01	-4.1794473612e-01	-4.1794473612e-01	-4.1794473612e-01	-4.3544095333e-01	-4.4490303484e-01	-4.4490303484e-01	-4.4490303484e-01	-4.5940258194e-01	-4.7400742074e-01	-4.7400742074e-01	-4.7400742074e-01	-4.9722912474e-01	-4.9722912474e-01	-5.0493334155e-01	-5.0493334155e-01	-5.0493334155e-01	-5.2419326414e-01	-5.2419326414e-01	-5.2419326414e-01	-5.3386161221e-01	-5.4256593197e-01	-5.4256593197e-01	-5.4256593197e-01	-5.5073708160e-01	-5.5810911076e-01	-5.5810911076e-01	-5.5810911076e-01	-5.7422412862e-01	-5.8583634276e-01	-5.8583634276e-01	-5.8583634276e-01	-5.8583634276e-01	-5.9376066280e-01	-5.9970157887e-01	-5.9970157887e-01	-5.9970157887e-01	-6.1478136489e-01	-6.2133377293e-01	-6.2133377293e-01	-6.2133377293e-01	-6.3469335731e-01	-6.3469335731e-01	-6.3469335731e-01	-6.4252274018e-01	-6.4252274018e-01	-6.5130584207e-01	-6.5130584207e-01	-6.6732639353e-01	-6.6732639353e-01	-6.7086842162e-01	-6.7086842162e-01	-6.7086842162e-01	-6.7878553785e-01	-6.8257973726e-01	-6.8257973726e-01	-6.9542880718e-01	-6.9542880718e-01	-6.9914118674e-01	-6.9914118674e-01	-6.9914118674e-01	-7.0877549743e-01	-7.0877549743e-01	-7.0843904764e-01	-7.2038583119e-01	-7.2038583119e-01	-7.1873959226e-01	-7.1873959226e-01	-7.1873959226e-01	-7.2900574842e-01	
45	0.0	-8.5937278834e-03	-8.5937278834e-03	-3.4053427397e-02	-7.3327896841e-02	-7.3327896841e-02	-7.3327896841e-02	-7.3327896841e-02	-1.2308836829e-01	-1.2308836829e-01	-1.2308836829e-01	-1.2308836829e-01	-1.7873261625e-01	-1.7873261625e-01	-1.7873261625e-01	-2.2348079244e-01	-2.3547597195e-01	-2.3547597195e-01	-2.3547597195e-01	-2.7850546701e-01	-2.8982210688e-01	-2.8982210688e-01	-2.8982210688e-01	-2.8982210688e-01	-3.3822397468e-01	-3.3822397468e-01	-3.3822397468e-01	-3.6743697149e-01	-3.7843738755e-01	-3.7843738755e-01	-3.7843738755e-01	-4.0048361938e-01	-4.1151947506e-01	-4.1151947506e-01	-4.1151947506e-01	-4.2850134217e-01	-4.3790167710e-01	-4.3790167710e-01	-4.3790167710e-01	-4.5201139263e-01	-4.6652135589e-01	-4.6652135589e-01	-4.6652135589e-01	-4.8916339172e-01	-4.8916339172e-01	-4.9681536306e-01	-4.9681536306e-01	-4.9681536306e-01	-5.1584422658e-01	-5.1584422658e-01	-5.1584422658e-01	-5.2543236511e-01	-5.3408943521e-01	-5.3408943521e-01	-5.3408943521e-01	-5.4221476389e-01	-5.4954805892e-01	-5.4954805892e-01	-5.4954805892e-01	-5.6555824969e-01	-5.7711274035e-01	-5.7711274035e-01	-5.7711274035e-01	-5.7711274035e-01	-5.8499578582e-01	-5.9090968864e-01	-5.9090968864e-01	-5.9090968864e-01	-6.0592139279e-01	-6.1244981395e-01	-6.1244981395e-01	-6.1244981395e-01	-6.2575942480e-01	-6.2575942480e-01	-6.2575942480e-01	-6.3355442609e-01	-6.3355442609e-01	-6.4232832231e-01	-6.4232832231e-01	-6.5823981928e-01	-6.5823981928e-01	-6.6178661493e-01	-6.6178661493e-01	-6.6178661493e-01	-6.6964659681e-01	-6.7346388135e-01	-6.7346388135e-01	-6.8605904523e-01	-6.8605904523e-01	-6.8984144789e-01	-6.8984144789e-01	-6.8984144789e-01	-6.9926828381e-01	-6.9926828381e-01	-6.9898246343e-01	-7.1070425240e-01	-7.1070425240e-01	-7.0913739070e-01	-7.0913739070e-01	-7.0913739070e-01	-7.1925410933e-01	
46	0.0	-8.2704199626e-03	-8.2704199626e-03	-3.4130826346e-02	-7.2685189186e-02	-7.2685189186e-02	-7.2685189186e-02	-7.2685189186e-02	-1.2177085917e-01	-1.2177085917e-01	-1.2177085917e-01	-1.2177085917e-01	-1.7663937398e-01	-1.7663937398e-01	-1.7663937398e-01	-2.2069481264e-01	-2.3256795251e-01	-2.3256795251e-01	-2.3256795251e-01	-2.7486527687e-01	-2.8609993423e-01	-2.8609993423e-01	-2.8609993423e-01	-2.8609993423e-01	-3.3366914778e-01	-3.3366914778e-01	-3.3366914778e-01	-3.6214563253e-01	-3.7311251889e-01	-3.7311251889e-01	-3.7311251889e-01	-3.9456242591e-01	-4.0557464219e-01	-4.0557464219e-01	-4.0557464219e-01	-4.2209289920e-01	-4.3148074163e-01	-4.3148074163e-01	-4.3148074163e-01	-4.4524037414e-01	-4.5973234285e-01	-4.5973234285e-01	-4.5973234285e-01	-4.8186521725e-01	-4.8186521725e-01	-4.8949886585e-01	-4.8949886585e-01	-4.8949886585e-01	-5.0835469433e-01	-5.0835469433e-01	-5.0835469433e-01	-5.1787671714e-01	-5.2651821950e-01	-5.2651821950e-01	-5.2651821950e-01	-5.3460535606e-01	-5.4192610984e-01	-5.4192610984e-01	-5.4192610984e-01	-5.5784770326e-01	-5.6938595271e-01	-5.6938595271e-01	-5.6938595271e-01	-5.6938595271e-01	-5.7723357019e-01	-5.8314110589e-01	-5.8314110589e-01	-5.8314110589e-01	-5.9810107141e-01	-6.0462678256e-01	-6.0462678256e-01	-6.0462678256e-01	-6.1791569296e-01	-6.1791569296e-01	-6.1791569296e-01	-6.2568798168e-01	-6.2568798168e-01	-6.3448719008e-01	-6.3448719008e-01	-6.5034350484e-01	-6.5034350484e-01	-6.5391619876e-01	-6.5391619876e-01	-6.5391619876e-01	-6.6175080852e-01	-6.6561531684e-01	-6.6561531684e-01	-6.7802138139e-01	-6.7802138139e-01	-6.8190605899e-01	-6.8190605899e-01	-6.8190605899e-01	-6.9116637105e-01	-6.9116637105e-01	-6.9095224952e-01	-7.0244241059e-01	-7.0244241059e-01	-7.0098638800e-01	-7.0098638800e-01	-7.0098638800e-01	-7.1093414972e-01	
47	0.0	-7.9552249364e-03	-7.9552249364e-03	-3.4083799595e-02	-7.1958666542e-02	-7.1958666542e-02	-7.1958666542e-02	-7.1958666542e-02	-1.2037601101e-01	-1.2037601101e-01	-1.2037601101e-01	-1.2037601101e-01	-1.7448703335e-01	-1.7448703335e-01	-1.7448703335e-01	-2.1786732073e-01	-2.2962660966e-01	-2.2962660966e-01	-2.2962660966e-01	-2.7120998012e-01	-2.8237397542e-01	-2.8237397542e-01	-2.8237397542e-01	-2.8237397542e-01	-3.2914634214e-01	-3.2914634214e-01	-3.2914634214e-01	-3.5691910839e-01	-3.6785956372e-01	-3.6785956372e-01	-3.6785956372e-01	-3.8874832884e-01	-3.9973660994e-01	-3.9973660994e-01	-3.9973660994e-01	-4.1582178251e-01	-4.2519326917e-01	-4.2519326917e-01	-4.2519326917e-01	-4.3862336138e-01	-4.5309116407e-01	-4.5309116407e-01	-4.5309116407e-01	-4.7474921238e-01	-4.7474921238e-01	-4.8235945902e-01	-4.8235945902e-01	-4.8235945902e-01	-5.0104351165e-01	-5.0104351165e-01	-5.0104351165e-01	-5.1049245074e-01	-5.1911584940e-01	-5.1911584940e-01	-5.1911584940e-01	-5.2715521470e-01	-5.3446144635e-01	-5.3446144635e-01	-5.3446144635e-01	-5.5028115754e-01	-5.6180132752e-01	-5.6180132752e-01	-5.6180132752e-01	-5.6180132752e-01	-5.6960499942e-01	-5.7550508644e-01	-5.7550508644e-01	-5.7550508644e-01	-5.9039949428e-01	-5.9692117287e-01	-5.9692117287e-01	-5.9692117287e-01	-6.1018179414e-01	-6.1018179414e-01	-6.1018179414e-01	-6.1792364563e-01	-6.1792364563e-01	-6.2674700894e-01	-6.2674700894e-01	-6.4254356742e-01	-6.4254356742e-01	-6.4613843816e-01	-6.4613843816e-01	-6.4613843816e-01	-6.5395073688e-01	-6.5785640458e-01	-6.5785640458e-01	-6.7010806469e-01	-6.7010806469e-01	-6.7408468111e-01	-6.7408468111e-01	-6.7408468111e-01	-6.8320265123e-01	-6.8320265123e-01	-6.8305812582e-01	-6.9432096790e-01	-6.9432096790e-01	-6.9297187495e-01	-6.9297187495e-01	-6.9297187495e-01	-7.0276995497e-01	
48	0.0	-7.6547801286e-03	-7.6547801286e-03	-3.3909421137e-02	-7.1148069938e-02	-7.1148069938e-02	-7.1148069938e-02	-7.1148069938e-02	-1.1893083054e-01	-1.1893083054e-01	-1.1893083054e-01	-1.1893083054e-01	-1.7233733767e-01	-1.7233733767e-01	-1.7233733767e-01	-2.1507250107e-01	-2.2675222405e-01	-2.2675222405e-01	-2.2675222405e-01	-2.6765798647e-01	-2.7877826541e-01	-2.7877826541e-01	-2.7877826541e-01	-2.7877826541e-01	-3.2482069184e-01	-3.2482069184e-01	-3.2482069184e-01	-3.5194550548e-01	-3.6287509947e-01	-3.6287509947e-01	-3.6287509947e-01	-3.8326071653e-01	-3.9423596588e-01	-3.9423596588e-01	-3.9423596588e-01	-4.0994039272e-01	-4.1930321219e-01	-4.1930321219e-01	-4.1930321219e-01	-4.3244587018e-01	-4.4690359921e-01	-4.4690359921e-01	-4.4690359921e-01	-4.6815288642e-01	-4.6815288642e-01	-4.7574840666e-01	-4.7574840666e-01	-4.7574840666e-01	-4.9429334420e-01	-4.9429334420e-01	-4.9429334420e-01	-5.0368193089e-01	-5.1229704714e-01	-5.1229704714e-01	-5.1229704714e-01	-5.2029712099e-01	-5.2759763476e-01	-5.2759763476e-01	-5.2759763476e-01	-5.4333565172e-01	-5.5485310215e-01	-5.5485310215e-01	-5.5485310215e-01	-5.5485310215e-01	-5.6262138922e-01	-5.6852199836e-01	-5.6852199836e-01	-5.6852199836e-01	-5.8336897660e-01	-5.8989492070e-01	-5.8989492070e-01	-5.8989492070e-01	-6.0314471834e-01	-6.0314471834e-01	-6.0314471834e-01	-6.1086601653e-01	-6.1086601653e-01	-6.1972566275e-01	-6.1972566275e-01	-6.3548437664e-01	-6.3548437664e-01	-6.3910582532e-01	-6.3910582532e-01	-6.3910582532e-01	-6.4690734121e-01	-6.5085696428e-01	-6.5085696428e-01	-6.6300334102e-01	-6.6300334102e-01	-6.6707246719e-01	-6.6707246719e-01	-6.6707246719e-01	-6.7607956650e-01	-6.7607956650e-01	-6.7600702237e-01	-6.8704032594e-01	-6.8704032594e-01	-6.8579562910e-01	-6.8579562910e-01	-6.8579562910e-01	-6.9545499755e-01	
49	0.0	-7.3653852949e-03	-7.3653852949e-03	-3.3659594194e-02	-7.0292930434e-02	-7.0292930434e-02	-7.0292930434e-02	-7.0292930434e-02	-1.1747641267e-01	-1.1747641267e-01	-1.1747641267e-01	-1.1747641267e-01	-1.7022653934e-01	-1.7022653934e-01	-1.7022653934e-01	-2.1233610950e-01	-2.2397149842e-01	-2.2397149842e-01	-2.2397149842e-01	-2.6422806316e-01	-2.7532455934e-01	-2.7532455934e-01	-2.7532455934e-01	-2.7532455934e-01	-3.2068745034e-01	-3.2068745034e-01	-3.2068745034e-01	-3.4721311034e-01	-3.5813705770e-01	-3.5813705770e-01	-3.5813705770e-01	-3.7806788272e-01	-3.8903248917e-01	-3.8903248917e-01	-3.8903248917e-01	-4.0439756741e-01	-4.1375327845e-01	-4.1375327845e-01	-4.1375327845e-01	-4.2664049872e-01	-4.4109216126e-01	-4.4109216126e-01	-4.4109216126e-01	-4.6198001053e-01	-4.6198001053e-01	-4.6956699218e-01	-4.6956699218e-01	-4.6956699218e-01	-4.8799310877e-01	-4.8799310877e-01	-4.8799310877e-01	-4.9732384470e-01	-5.0593826986e-01	-5.0593826986e-01	-5.0593826986e-01	-5.1389796882e-01	-5.2119974103e-01	-5.2119974103e-01	-5.2119974103e-01	-5.3685543301e-01	-5.4838236041e-01	-5.4838236041e-01	-5.4838236041e-01	-5.4838236041e-01	-5.5611383239e-01	-5.6202122793e-01	-5.6202122793e-01	-5.6202122793e-01	-5.7681725604e-01	-5.8335396458e-01	-5.8335396458e-01	-5.8335396458e-01	-5.9659687585e-01	-5.9659687585e-01	-5.9659687585e-01	-6.0429657126e-01	-6.0429657126e-01	-6.1320092868e-01	-6.1320092868e-01	-6.2892572042e-01	-6.2892572042e-01	-6.3257687243e-01	-6.3257687243e-01	-6.3257687243e-01	-6.4037089220e-01	-6.4436594298e-01	-6.4436594298e-01	-6.5645640658e-01	-6.5645640658e-01	-6.6061653494e-01	-6.6061653494e-01	-6.6061653494e-01	-6.6956413298e-01	-6.6956413298e-01	-6.6956477227e-01	-6.8036358046e-01	-6.8036358046e-01	-6.7922336093e-01	-6.7922336093e-01	-6.7922336093e-01	-6.8873471275e-01	
50	0.0	-7.0827690750e-03	-7.0827690750e-03	-3.3413543509e-02	-6.9457922113e-02	-6.9457922113e-02	-6.9457922113e-02	-6.9457922113e-02	-1.1606066241e-01	-1.1606066241e-01	-1.1606066241e-01	-1.1606066241e-01	-1.6817561705e-01	-1.6817561705e-01	-1.6817561705e-01	-2.0966705596e-01	-2.2127329681e-01	-2.2127329681e-01	-2.2127329681e-01	-2.6089732791e-01	-2.7197019198e-01	-2.7197019198e-01	-2.7197019198e-01	-2.7197019198e-01	-3.1667210140e-01	-3.1667210140e-01	-3.1667210140e-01	-3.4263347363e-01	-3.5353981255e-01	-3.5353981255e-01	-3.5353981255e-01	-3.7304613251e-01	-3.8398940812e-01	-3.8398940812e-01	-3.8398940812e-01	-3.9903590080e-01	-4.0837649807e-01	-4.0837649807e-01	-4.0837649807e-01	-4.2101798670e-01	-4.3545221597e-01	-4.3545221597e-01	-4.3545221597e-01	-4.5598488818e-01	-4.5598488818e-01	-4.6356122967e-01	-4.6356122967e-01	-4.6356122967e-01	-4.8185605098e-01	-4.8185605098e-01	-4.8185605098e-01	-4.9110776627e-01	-4.9971924404e-01	-4.9971924404e-01	-4.9971924404e-01	-5.0761665354e-01	-5.1491783588e-01	-5.1491783588e-01	-5.1491783588e-01	-5.3044765613e-01	-5.4198102343e-01	-5.4198102343e-01	-5.4198102343e-01	-5.4198102343e-01	-5.4965275870e-01	-5.5556428526e-01	-5.5556428526e-01	-5.5556428526e-01	-5.7026209522e-01	-5.7680622715e-01	-5.7680622715e-01	-5.7680622715e-01	-5.9001377796e-01	-5.9001377796e-01	-5.9001377796e-01	-5.9766638457e-01	-5.9766638457e-01	-6.0660736352e-01	-6.0660736352e-01	-6.2224057409e-01	-6.2224057409e-01	-6.2591570344e-01	-6.2591570344e-01	-6.2591570344e-01	-6.3367174128e-01	-6.3770344973e-01	-6.3770344973e-01	-6.4969480951e-01	-6.4969480951e-01	-6.5393013620e-01	-6.5393013620e-01	-6.5393013620e-01	-6.6280738186e-01	-6.6280738186e-01	-6.6287278398e-01	-6.7345597972e-01	-6.7345597972e-01	-6.7240883215e-01	-6.7240883215e-01	-6.7240883215e-01	-6.8179492893e-01	
51	0.0	-6.8081347069e-03	-6.8081347069e-03	-3.3175794528e-02	-6.8643759510e-02	-6.8643759510e-02	-6.8643759510e-02	-6.8643759510e-02	-1.1466909637e-01	-1.1466909637e-01	-1.1466909637e-01	-1.1466909637e-01	-1.6615325241e-01	-1.6615325241e-01	-1.6615325241e-01	-2.0703830326e-01	-2.1861135349e-01	-2.1861135349e-01	-2.1861135349e-01	-2.5762497797e-01	-2.6866324499e-01	-2.6866324499e-01	-2.6866324499e-01	-2.6866324499e-01	-3.1272306682e-01	-3.1272306682e-01	-3.1272306682e-01	-3.3816000607e-01	-3.4903241226e-01	-3.4903241226e-01	-3.4903241226e-01	-3.6814689586e-01	-3.7905686522e-01	-3.7905686522e-01	-3.7905686522e-01	-3.9380711122e-01	-4.0312477930e-01	-4.0312477930e-01	-4.0312477930e-01	-4.1553205952e-01	-4.2993701243e-01	-4.2993701243e-01	-4.2993701243e-01	-4.5012662904e-01	-4.5012662904e-01	-4.5768842505e-01	-4.5768842505e-01	-4.5768842505e-01	-4.7584146960e-01	-4.7584146960e-01	-4.7584146960e-01	-4.8499928327e-01	-4.9360228444e-01	-4.9360228444e-01	-4.9360228444e-01	-5.0142162878e-01	-5.0871712620e-01	-5.0871712620e-01	-5.0871712620e-01	-5.2408811738e-01	-5.3561882586e-01	-5.3561882586e-01	-5.3561882586e-01	-5.3561882586e-01	-5.4321330410e-01	-5.4912287266e-01	-5.4912287266e-01	-5.4912287266e-01	-5.6368712451e-01	-5.7023159440e-01	-5.7023159440e-01	-5.7023159440e-01	-5.8337879924e-01	-5.8337879924e-01	-5.8337879924e-01	-5.9096720426e-01	-5.9096720426e-01	-5.9993054478e-01	-5.9993054478e-01	-6.1544321259e-01	-6.1544321259e-01	-6.1913400428e-01	-6.1913400428e-01	-6.1913400428e-01	-6.2683669217e-01	-6.3089373387e-01	-6.3089373387e-01	-6.4278403828e-01	-6.4278403828e-01	-6.4707587920e-01	-6.4707587920e-01	-6.4707587920e-01	-6.5588342297e-01	-6.5588342297e-01	-6.5600308620e-01	-6.6639133603e-01	-6.6639133603e-01	-6.6542340681e-01	-6.6542340681e-01	-6.6542340681e-01	-6.7468107128e-01	
52	0.0	-6.5398496855e-03	-6.5398496855e-03	-3.2962753362e-02	-6.7866028490e-02	-6.7866028490e-02	-6.7866028490e-02	-6.7866028490e-02	-1.1331531129e-01	-1.1331531129e-01	-1.1331531129e-01	-1.1331531129e-01	-1.6417057456e-01	-1.6417057456e-01	-1.6417057456e-01	-2.0446426092e-01	-2.1599560445e-01	-2.1599560445e-01	-2.1599560445e-01	-2.5442463087e-01	-2.6541896589e-01	-2.6541896589e-01	-2.6541896589e-01	-2.6541896589e-01	-3.0886604297e-01	-3.0886604297e-01	-3.0886604297e-01	-3.3382164276e-01	-3.4465087436e-01	-3.4465087436e-01	-3.4465087436e-01	-3.6340843625e-01	-3.7427870790e-01	-3.7427870790e-01	-3.7427870790e-01	-3.8875756232e-01	-3.9804878002e-01	-3.9804878002e-01	-3.9804878002e-01	-4.1023719747e-01	-4.2460703709e-01	-4.2460703709e-01	-4.2460703709e-01	-4.4447632249e-01	-4.4447632249e-01	-4.5202124816e-01	-4.5202124816e-01	-4.5202124816e-01	-4.7003163562e-01	-4.7003163562e-01	-4.7003163562e-01	-4.7909080326e-01	-4.8768125722e-01	-4.8768125722e-01	-4.8768125722e-01	-4.9541768225e-01	-5.0270351772e-01	-5.0270351772e-01	-5.0270351772e-01	-5.1790887521e-01	-5.2942929702e-01	-5.2942929702e-01	-5.2942929702e-01	-5.2942929702e-01	-5.3694242952e-01	-5.4284498587e-01	-5.4284498587e-01	-5.4284498587e-01	-5.5726431678e-01	-5.6380308450e-01	-5.6380308450e-01	-5.6380308450e-01	-5.7687730139e-01	-5.7687730139e-01	-5.7687730139e-01	-5.8439484352e-01	-5.8439484352e-01	-5.9336685825e-01	-5.9336685825e-01	-6.0875013134e-01	-6.0875013134e-01	-6.1244785092e-01	-6.1244785092e-01	-6.1244785092e-01	-6.2009162410e-01	-6.2416177354e-01	-6.2416177354e-01	-6.3597076037e-01	-6.3597076037e-01	-6.4029812591e-01	-6.4029812591e-01	-6.4029812591e-01	-6.4904953699e-01	-6.4904953699e-01	-6.4920907742e-01	-6.5942492348e-01	-6.5942492348e-01	-6.5851484901e-01	-6.5851484901e-01	-6.5851484901e-01	-6.6764851843e-01	
53	0.0	-6.2807308498e-03	-6.2807308498e-03	-3.2769613781e-02	-6.7126357347e-02	-6.7126357347e-02	-6.7126357347e-02	-6.7126357347e-02	-1.1200397290e-01	-1.1200397290e-01	-1.1200397290e-01	-1.1200397290e-01	-1.6223669992e-01	-1.6223669992e-01	-1.6223669992e-01	-2.0196338428e-01	-2.1344056189e-01	-2.1344056189e-01	-2.1344056189e-01	-2.5132019636e-01	-2.6226057959e-01	-2.6226057959e-01	-2.6226057959e-01	-2.6226057959e-01	-3.0513563329e-01	-3.0513563329e-01	-3.0513563329e-01	-3.2966175536e-01	-3.4044084171e-01	-3.4044084171e-01	-3.4044084171e-01	-3.5888399287e-01	-3.6970883271e-01	-3.6970883271e-01	-3.6970883271e-01	-3.8394917061e-01	-3.9320949781e-01	-3.9320949781e-01	-3.9320949781e-01	-4.0520360112e-01	-4.1953077681e-01	-4.1953077681e-01	-4.1953077681e-01	-4.3911909253e-01	-4.3911909253e-01	-4.4664116510e-01	-4.4664116510e-01	-4.4664116510e-01	-4.6451530929e-01	-4.6451530929e-01	-4.6451530929e-01	-4.7348420682e-01	-4.8205333641e-01	-4.8205333641e-01	-4.8205333641e-01	-4.8971344557e-01	-4.9698129096e-01	-4.9698129096e-01	-4.9698129096e-01	-5.1203638414e-01	-5.2353147607e-01	-5.2353147607e-01	-5.2353147607e-01	-5.2353147607e-01	-5.3097046347e-01	-5.3685661095e-01	-5.3685661095e-01	-5.3685661095e-01	-5.5114139793e-01	-5.5766348494e-01	-5.5766348494e-01	-5.5766348494e-01	-5.7065847496e-01	-5.7065847496e-01	-5.7065847496e-01	-5.7810965750e-01	-5.7810965750e-01	-5.8706782150e-01	-5.8706782150e-01	-6.0233480313e-01	-6.0233480313e-01	-6.0602515781e-01	-6.0602515781e-01	-6.0602515781e-01	-6.1361483725e-01	-6.1767892059e-01	-6.1767892059e-01	-6.2944942626e-01	-6.2944942626e-01	-6.3377991574e-01	-6.3377991574e-01	-6.3377991574e-01	-6.4250192061e-01	-6.4250192061e-01	-6.4267885031e-01	-6.5275181962e-01	-6.5275181962e-01	-6.5186785140e-01	-6.5186785140e-01	-6.5186785140e-01	-6.6088239171e-01	
54	0.0	-6.0279654768e-03	-6.0279654768e-03	-3.2594335550e-02	-6.6417844484e-02	-6.6417844484e-02	-6.6417844484e-02	-6.6417844484e-02	-1.1072817899e-01	-1.1072817899e-01	-1.1072817899e-01	-1.1072817899e-01	-1.6034511874e-01	-1.6034511874e-01	-1.6034511874e-01	-1.9952239738e-01	-2.1093895898e-01	-2.1093895898e-01	-2.1093895898e-01	-2.4829524688e-01	-2.5917851714e-01	-2.5917851714e-01	-2.5917851714e-01	-2.5917851714e-01	-3.0151952473e-01	-3.0151952473e-01	-3.0151952473e-01	-3.2565535115e-01	-3.3638559960e-01	-3.3638559960e-01	-3.3638559960e-01	-3.5454279607e-01	-3.6532491534e-01	-3.6532491534e-01	-3.6532491534e-01	-3.7934476290e-01	-3.8857656804e-01	-3.8857656804e-01	-3.8857656804e-01	-4.0038574782e-01	-4.1467395460e-01	-4.1467395460e-01	-4.1467395460e-01	-4.3399235738e-01	-4.3399235738e-01	-4.4149196687e-01	-4.4149196687e-01	-4.4149196687e-01	-4.5922776166e-01	-4.5922776166e-01	-4.5922776166e-01	-4.6809715979e-01	-4.7664512190e-01	-4.7664512190e-01	-4.7664512190e-01	-4.8421909475e-01	-4.9146944465e-01	-4.9146944465e-01	-4.9146944465e-01	-5.0635521074e-01	-5.1782511478e-01	-5.1782511478e-01	-5.1782511478e-01	-5.1782511478e-01	-5.2517991974e-01	-5.3105046858e-01	-5.3105046858e-01	-5.3105046858e-01	-5.4517763452e-01	-5.5168416450e-01	-5.5168416450e-01	-5.5168416450e-01	-5.6458818095e-01	-5.6458818095e-01	-5.6458818095e-01	-5.7196008367e-01	-5.7196008367e-01	-5.8090436963e-01	-5.8090436963e-01	-5.9603225709e-01	-5.9603225709e-01	-5.9971617675e-01	-5.9971617675e-01	-5.9971617675e-01	-6.0724031145e-01	-6.1129949248e-01	-6.1129949248e-01	-6.2302549776e-01	-6.2302549776e-01	-6.2735993665e-01	-6.2735993665e-01	-6.2735993665e-01	-6.3605140679e-01	-6.3605140679e-01	-6.3624888058e-01	-6.4620041109e-01	-6.4620041109e-01	-6.4535033500e-01	-6.4535033500e-01	-6.4535033500e-01	-6.5429017646e-01	
55	0.0	-5.7829656316e-03	-5.7829656316e-03	-3.2435069069e-02	-6.5741234590e-02	-6.5741234590e-02	-6.5741234590e-02	-6.5741234590e-02	-1.0949523229e-01	-1.0949523229e-01	-1.0949523229e-01	-1.0949523229e-01	-1.5851043808e-01	-1.5851043808e-01	-1.5851043808e-01	-1.9715754762e-01	-2.0851159506e-01	-2.0851159506e-01	-2.0851159506e-01	-2.4536993654e-01	-2.5619639625e-01	-2.5619639625e-01	-2.5619639625e-01	-2.5619639625e-01	-2.9804131496e-01	-2.9804131496e-01	-2.9804131496e-01	-3.2182047299e-01	-3.3250537496e-01	-3.3250537496e-01	-3.3250537496e-01	-3.5039650719e-01	-3.6114047979e-01	-3.6114047979e-01	-3.6114047979e-01	-3.7494756242e-01	-3.8415473492e-01	-3.8415473492e-01	-3.8415473492e-01	-3.9577746772e-01	-4.1003305025e-01	-4.1003305025e-01	-4.1003305025e-01	-4.2907342738e-01	-4.2907342738e-01	-4.3655171292e-01	-4.3655171292e-01	-4.3655171292e-01	-4.5413697977e-01	-4.5413697977e-01	-4.5413697977e-01	-4.6288675929e-01	-4.7141470257e-01	-4.7141470257e-01	-4.7141470257e-01	-4.7888367716e-01	-4.8611805211e-01	-4.8611805211e-01	-4.8611805211e-01	-5.0079768979e-01	-5.1224415116e-01	-5.1224415116e-01	-5.1224415116e-01	-5.1224415116e-01	-5.1949590236e-01	-5.2535187551e-01	-5.2535187551e-01	-5.2535187551e-01	-5.3928056755e-01	-5.4577264782e-01	-5.4577264782e-01	-5.4577264782e-01	-5.5856436163e-01	-5.5856436163e-01	-5.5856436163e-01	-5.6583344257e-01	-5.6583344257e-01	-5.7476389661e-01	-5.7476389661e-01	-5.8970054111e-01	-5.8970054111e-01	-5.9337951140e-01	-5.9337951140e-01	-5.9337951140e-01	-6.0081152429e-01	-6.0486801708e-01	-6.0486801708e-01	-6.1651090901e-01	-6.1651090901e-01	-6.2085283813e-01	-6.2085283813e-01	-6.2085283813e-01	-6.2949042802e-01	-6.2949042802e-01	-6.2971094589e-01	-6.3954064877e-01	-6.3954064877e-01	-6.3872781173e-01	-6.3872781173e-01	-6.3872781173e-01	-6.4759695926e-01	
56	0.0	-5.5531966244e-03	-5.5531966244e-03	-3.2295262502e-02	-6.5112355572e-02	-6.5112355572e-02	-6.5112355572e-02	-6.5112355572e-02	-1.0833735124e-01	-1.0833735124e-01	-1.0833735124e-01	-1.0833735124e-01	-1.5678173994e-01	-1.5678173994e-01	-1.5678173994e-01	-1.9493235511e-01	-2.0622413414e-01	-2.0622413414e-01	-2.0622413414e-01	-2.4262437321e-01	-2.5339476114e-01	-2.5339476114e-01	-2.5339476114e-01	-2.5339476114e-01	-2.9479602852e-01	-2.9479602852e-01	-2.9479602852e-01	-3.1826757024e-01	-3.2890899060e-01	-3.2890899060e-01	-3.2890899060e-01	-3.4656734366e-01	-3.5727567315e-01	-3.5727567315e-01	-3.5727567315e-01	-3.7089161768e-01	-3.8007648702e-01	-3.8007648702e-01	-3.8007648702e-01	-3.9152654619e-01	-4.0575384273e-01	-4.0575384273e-01	-4.0575384273e-01	-4.2453833335e-01	-4.2453833335e-01	-4.3199529573e-01	-4.3199529573e-01	-4.3199529573e-01	-4.4943575146e-01	-4.4943575146e-01	-4.4943575146e-01	-4.5806780611e-01	-4.6657549321e-01	-4.6657549321e-01	-4.6657549321e-01	-4.7394118035e-01	-4.8115953715e-01	-4.8115953715e-01	-4.8115953715e-01	-4.9563915316e-01	-5.0706134234e-01	-5.0706134234e-01	-5.0706134234e-01	-5.0706134234e-01	-5.1421300077e-01	-5.2005295696e-01	-5.2005295696e-01	-5.2005295696e-01	-5.3378639500e-01	-5.4026192997e-01	-5.4026192997e-01	-5.4026192997e-01	-5.5293997963e-01	-5.5293997963e-01	-5.5293997963e-01	-5.6010751030e-01	-5.6010751030e-01	-5.6901733897e-01	-5.6901733897e-01	-5.8377231115e-01	-5.8377231115e-01	-5.8744222341e-01	-5.8744222341e-01	-5.8744222341e-01	-5.9478600196e-01	-5.9883390419e-01	-5.9883390419e-01	-6.1041893610e-01	-6.1041893610e-01	-6.1475740901e-01	-6.1475740901e-01	-6.1475740901e-01	-6.2336053045e-01	-6.2336053045e-01	-6.2359379549e-01	-6.3334139180e-01	-6.3334139180e-01	-6.3254783533e-01	-6.3254783533e-01	-6.3254783533e-01	-6.4136719807e-01	
57	0.0	-5.3355666775e-03	-5.3355666775e-03	-3.2170216462e-02	-6.4522061647e-02	-6.4522061647e-02	-6.4522061647e-02	-6.4522061647e-02	-1.0723596826e-01	-1.0723596826e-01	-1.0723596826e-01	-1.0723596826e-01	-1.5512913081e-01	-1.5512913081e-01	-1.5512913081e-01	-1.9280916551e-01	-2.0403310936e-01	-2.0403310936e-01	-2.0403310936e-01	-2.4000505164e-01	-2.5071389018e-01	-2.5071389018e-01	-2.5071389018e-01	-2.5071389018e-01	-2.9170398217e-01	-2.9170398217e-01	-2.9170398217e-01	-3.1490424452e-01	-3.2549655261e-01	-3.2549655261e-01	-3.2549655261e-01	-3.4294669285e-01	-3.5361388946e-01	-3.5361388946e-01	-3.5361388946e-01	-3.6705333967e-01	-3.7621155012e-01	-3.7621155012e-01	-3.7621155012e-01	-3.8749692599e-01	-4.0169001118e-01	-4.0169001118e-01	-4.0169001118e-01	-4.2023214468e-01	-4.2023214468e-01	-4.2766187906e-01	-4.2766187906e-01	-4.2766187906e-01	-4.4495219779e-01	-4.4495219779e-01	-4.4495219779e-01	-4.5346366885e-01	-4.6194371835e-01	-4.6194371835e-01	-4.6194371835e-01	-4.6920270673e-01	-4.7639822206e-01	-4.7639822206e-01	-4.7639822206e-01	-4.9067133478e-01	-5.0205695619e-01	-5.0205695619e-01	-5.0205695619e-01	-5.0205695619e-01	-5.0910489013e-01	-5.1491979640e-01	-5.1491979640e-01	-5.1491979640e-01	-5.2844693043e-01	-5.3489510942e-01	-5.3489510942e-01	-5.3489510942e-01	-5.4744193365e-01	-5.4744193365e-01	-5.4744193365e-01	-5.5450039912e-01	-5.5450039912e-01	-5.6336712041e-01	-5.6336712041e-01	-5.7793156085e-01	-5.7793156085e-01	-5.8157795113e-01	-5.8157795113e-01	-5.8157795113e-01	-5.8882869905e-01	-5.9284832143e-01	-5.9284832143e-01	-6.0437324153e-01	-6.0437324153e-01	-6.0867413689e-01	-6.0867413689e-01	-6.0867413689e-01	-6.1723855332e-01	-6.1723855332e-01	-6.1745827889e-01	-6.2713850928e-01	-6.2713850928e-01	-6.2632490248e-01	-6.2632490248e-01	-6.2632490248e-01	-6.3507968213e-01	
58	0.0	-5.1286191658e-03	-5.1286191658e-03	-3.2052801016e-02	-6.3961734932e-02	-6.3961734932e-02	-6.3961734932e-02	-6.3961734932e-02	-1.0618399836e-01	-1.0618399836e-01	-1.0618399836e-01	-1.0618399836e-01	-1.5354782536e-01	-1.5354782536e-01	-1.5354782536e-01	-1.9077975421e-01	-2.0193545040e-01	-2.0193545040e-01	-2.0193545040e-01	-2.3750286929e-01	-2.4814983032e-01	-2.4814983032e-01	-2.4814983032e-01	-2.4814983032e-01	-2.8875561525e-01	-2.8875561525e-01	-2.8875561525e-01	-3.1170986315e-01	-3.2225186017e-01	-3.2225186017e-01	-3.2225186017e-01	-3.3951199388e-01	-3.5013664234e-01	-3.5013664234e-01	-3.5013664234e-01	-3.6341038564e-01	-3.7254115414e-01	-3.7254115414e-01	-3.7254115414e-01	-3.8366652307e-01	-3.9782518019e-01	-3.9782518019e-01	-3.9782518019e-01	-4.1613179998e-01	-4.1613179998e-01	-4.2353327744e-01	-4.2353327744e-01	-4.2353327744e-01	-4.4067003430e-01	-4.4067003430e-01	-4.4067003430e-01	-4.4905407101e-01	-4.5750561482e-01	-4.5750561482e-01	-4.5750561482e-01	-4.6465107840e-01	-4.7182298698e-01	-4.7182298698e-01	-4.7182298698e-01	-4.8587648648e-01	-4.9722424251e-01	-4.9722424251e-01	-4.9722424251e-01	-4.9722424251e-01	-5.0416164112e-01	-5.0994979750e-01	-5.0994979750e-01	-5.0994979750e-01	-5.2325326969e-01	-5.2967223158e-01	-5.2967223158e-01	-5.2967223158e-01	-5.4207575301e-01	-5.4207575301e-01	-5.4207575301e-01	-5.4901365702e-01	-5.4901365702e-01	-5.5783224348e-01	-5.5783224348e-01	-5.7216977323e-01	-5.7216977323e-01	-5.7579014796e-01	-5.7579014796e-01	-5.7579014796e-01	-5.8292668182e-01	-5.8691413073e-01	-5.8691413073e-01	-5.9834896144e-01	-5.9834896144e-01	-6.0260361696e-01	-6.0260361696e-01	-6.0260361696e-01	-6.1110686549e-01	-6.1110686549e-01	-6.1130710960e-01	-6.2091743193e-01	-6.2091743193e-01	-6.2007746523e-01	-6.2007746523e-01	-6.2007746523e-01	-6.2875923147e-01	
59	0.0	-4.9343837903e-03	-4.9343837903e-03	-3.1928510214e-02	-6.3420344823e-02	-6.3420344823e-02	-6.3420344823e-02	-6.3420344823e-02	-1.0518731747e-01	-1.0518731747e-01	-1.0518731747e-01	-1.0518731747e-01	-1.5206010996e-01	-1.5206010996e-01	-1.5206010996e-01	-1.8887266232e-01	-1.9996989535e-01	-1.9996989535e-01	-1.9996989535e-01	-2.3516335329e-01	-2.4575665955e-01	-2.4575665955e-01	-2.4575665955e-01	-2.4575665955e-01	-2.8601987509e-01	-2.8601987509e-01	-2.8601987509e-01	-3.0876085997e-01	-3.1925752290e-01	-3.1925752290e-01	-3.1925752290e-01	-3.3635057163e-01	-3.4693657307e-01	-3.4693657307e-01	-3.4693657307e-01	-3.6006032061e-01	-3.6916692853e-01	-3.6916692853e-01	-3.6916692853e-01	-3.8014202759e-01	-3.9427178806e-01	-3.9427178806e-01	-3.9427178806e-01	-4.1235844826e-01	-4.1235844826e-01	-4.1973502401e-01	-4.1973502401e-01	-4.1973502401e-01	-4.3672516151e-01	-4.3672516151e-01	-4.3672516151e-01	-4.4498160377e-01	-4.5340881554e-01	-4.5340881554e-01	-4.5340881554e-01	-4.6044031718e-01	-4.6759230798e-01	-4.6759230798e-01	-4.6759230798e-01	-4.8142685532e-01	-4.9274280177e-01	-4.9274280177e-01	-4.9274280177e-01	-4.9274280177e-01	-4.9956994090e-01	-5.0533426628e-01	-5.0533426628e-01	-5.0533426628e-01	-5.1841208437e-01	-5.2480529973e-01	-5.2480529973e-01	-5.2480529973e-01	-5.3706732257e-01	-5.3706732257e-01	-5.3706732257e-01	-5.4388354705e-01	-5.4388354705e-01	-5.5265920639e-01	-5.5265920639e-01	-5.6676134042e-01	-5.6676134042e-01	-5.7035899529e-01	-5.7035899529e-01	-5.7035899529e-01	-5.7737449464e-01	-5.8133361220e-01	-5.8133361220e-01	-5.9266005086e-01	-5.9266005086e-01	-5.9687307411e-01	-5.9687307411e-01	-5.9687307411e-01	-6.0530116940e-01	-6.0530116940e-01	-6.0548426217e-01	-6.1502665458e-01	-6.1502665458e-01	-6.1416399735e-01	-6.1416399735e-01	-6.1416399735e-01	-6.2277590672e-01	
60	0.0	-4.7492314050e-03	-4.7492314050e-03	-3.1804955898e-02	-6.2900929078e-02	-6.2900929078e-02	-6.2900929078e-02	-6.2900929078e-02	-1.0423334126e-01	-1.0423334126e-01	-1.0423334126e-01	-1.0423334126e-01	-1.5063470968e-01	-1.5063470968e-01	-1.5063470968e-01	-1.8705275496e-01	-1.9808699415e-01	-1.9808699415e-01	-1.9808699415e-01	-2.3293408547e-01	-2.4346882453e-01	-2.4346882453e-01	-2.4346882453e-01	-2.4346882453e-01	-2.8341688204e-01	-2.8341688204e-01	-2.8341688204e-01	-3.0597664171e-01	-3.1642172003e-01	-3.1642172003e-01	-3.1642172003e-01	-3.3337174270e-01	-3.4391247498e-01	-3.4391247498e-01	-3.4391247498e-01	-3.5690352498e-01	-3.6598056060e-01	-3.6598056060e-01	-3.6598056060e-01	-3.7681743470e-01	-3.9091037417e-01	-3.9091037417e-01	-3.9091037417e-01	-4.0879684582e-01	-4.0879684582e-01	-4.1614631804e-01	-4.1614631804e-01	-4.1614631804e-01	-4.3299400904e-01	-4.3299400904e-01	-4.3299400904e-01	-4.4112610096e-01	-4.4952751304e-01	-4.4952751304e-01	-4.4952751304e-01	-4.5644741284e-01	-4.6357839003e-01	-4.6357839003e-01	-4.6357839003e-01	-4.7720029683e-01	-4.8848281108e-01	-4.8848281108e-01	-4.8848281108e-01	-4.8848281108e-01	-4.9520282466e-01	-5.0094234577e-01	-5.0094234577e-01	-5.0094234577e-01	-5.1379734563e-01	-5.2016414611e-01	-5.2016414611e-01	-5.2016414611e-01	-5.3228534484e-01	-5.3228534484e-01	-5.3228534484e-01	-5.3898048114e-01	-5.3898048114e-01	-5.4771343338e-01	-5.4771343338e-01	-5.6157425177e-01	-5.6157425177e-01	-5.6514914191e-01	-5.6514914191e-01	-5.6514914191e-01	-5.7203942179e-01	-5.7597044656e-01	-5.7597044656e-01	-5.8717069659e-01	-5.8717069659e-01	-5.9134235444e-01	-5.9134235444e-01	-5.9134235444e-01	-5.9968290982e-01	-5.9968290982e-01	-5.9984854652e-01	-6.0934125543e-01	-6.0934125543e-01	-6.0845573604e-01	-6.0845573604e-01	-6.0845573604e-01	-6.1701231430e-01	
61	0.0	-4.5732656002e-03	-4.5732656002e-03	-3.1681372551e-02	-6.2404507448e-02	-6.2404507448e-02	-6.2404507448e-02	-6.2404507448e-02	-1.0332558158e-01	-1.0332558158e-01	-1.0332558158e-01	-1.0332558158e-01	-1.4928002789e-01	-1.4928002789e-01	-1.4928002789e-01	-1.8533252144e-01	-1.9630160785e-01	-1.9630160785e-01	-1.9630160785e-01	-2.3083550100e-01	-2.4131127228e-01	-2.4131127228e-01	-2.4131127228e-01	-2.4131127228e-01	-2.8098361721e-01	-2.8098361721e-01	-2.8098361721e-01	-3.0340077877e-01	-3.1379474016e-01	-3.1379474016e-01	-3.1379474016e-01	-3.3063313921e-01	-3.4112925539e-01	-3.4112925539e-01	-3.4112925539e-01	-3.5401233898e-01	-3.6306056306e-01	-3.6306056306e-01	-3.6306056306e-01	-3.7377858166e-01	-3.8783584507e-01	-3.8783584507e-01	-3.8783584507e-01	-4.0555328937e-01	-4.0555328937e-01	-4.1287851560e-01	-4.1287851560e-01	-4.1287851560e-01	-4.2959974029e-01	-4.2959974029e-01	-4.2959974029e-01	-4.3761812452e-01	-4.4599706027e-01	-4.4599706027e-01	-4.4599706027e-01	-4.5281409732e-01	-4.5992701499e-01	-4.5992701499e-01	-4.5992701499e-01	-4.7335559125e-01	-4.8460945304e-01	-4.8460945304e-01	-4.8460945304e-01	-4.8460945304e-01	-4.9123178328e-01	-4.9694945826e-01	-4.9694945826e-01	-4.9694945826e-01	-5.0960028009e-01	-5.1594424588e-01	-5.1594424588e-01	-5.1594424588e-01	-5.2793850484e-01	-5.2793850484e-01	-5.2793850484e-01	-5.3452262054e-01	-5.3452262054e-01	-5.4322064939e-01	-5.4322064939e-01	-5.5685270702e-01	-5.5685270702e-01	-5.6040847811e-01	-5.6040847811e-01	-5.6040847811e-01	-5.6717886485e-01	-5.7108647505e-01	-5.7108647505e-01	-5.8215406375e-01	-5.8215406375e-01	-5.8629130445e-01	-5.8629130445e-01	-5.8629130445e-01	-5.9453928395e-01	-5.9453928395e-01	-5.9469071001e-01	-6.0415105193e-01	-6.0415105193e-01	-6.0324672237e-01	-6.0324672237e-01	-6.0324672237e-01	-6.1176673010e-01	
62	0.0	-4.4045393182e-03	-4.4045393182e-03	-3.1559493597e-02	-6.1929187362e-02	-6.1929187362e-02	-6.1929187362e-02	-6.1929187362e-02	-1.0245986091e-01	-1.0245986091e-01	-1.0245986091e-01	-1.0245986091e-01	-1.4798961381e-01	-1.4798961381e-01	-1.4798961381e-01	-1.8369955242e-01	-1.9460421355e-01	-1.9460421355e-01	-1.9460421355e-01	-2.2885154628e-01	-2.3927070570e-01	-2.3927070570e-01	-2.3927070570e-01	-2.3927070570e-01	-2.7870239800e-01	-2.7870239800e-01	-2.7870239800e-01	-3.0100747402e-01	-3.1135321340e-01	-3.1135321340e-01	-3.1135321340e-01	-3.2810257211e-01	-3.3855698033e-01	-3.3855698033e-01	-3.3855698033e-01	-3.5134801088e-01	-3.6036980618e-01	-3.6036980618e-01	-3.6036980618e-01	-3.7097932625e-01	-3.8500407812e-01	-3.8500407812e-01	-3.8500407812e-01	-4.0256606908e-01	-4.0256606908e-01	-4.0987104309e-01	-4.0987104309e-01	-4.0987104309e-01	-4.2647270280e-01	-4.2647270280e-01	-4.2647270280e-01	-4.3437661100e-01	-4.4273785200e-01	-4.4273785200e-01	-4.4273785200e-01	-4.4945008578e-01	-4.5654921372e-01	-4.5654921372e-01	-4.5654921372e-01	-4.6978138243e-01	-4.8101358759e-01	-4.8101358759e-01	-4.8101358759e-01	-4.8101358759e-01	-4.8753604023e-01	-4.9323671058e-01	-4.9323671058e-01	-4.9323671058e-01	-5.0568233762e-01	-5.1200920813e-01	-5.1200920813e-01	-5.1200920813e-01	-5.2388248001e-01	-5.2388248001e-01	-5.2388248001e-01	-5.3035548001e-01	-5.3035548001e-01	-5.3902998006e-01	-5.3902998006e-01	-5.5242838767e-01	-5.5242838767e-01	-5.5597103220e-01	-5.5597103220e-01	-5.5597103220e-01	-5.6261932933e-01	-5.6651135784e-01	-5.6651135784e-01	-5.7743327944e-01	-5.7743327944e-01	-5.8154835505e-01	-5.8154835505e-01	-5.8154835505e-01	-5.8969442142e-01	-5.8969442142e-01	-5.8983871750e-01	-5.9927319407e-01	-5.9927319407e-01	-5.9836009637e-01	-5.9836009637e-01	-5.9836009637e-01	-6.0685191527e-01	
63	0.0	-4.2438896661e-03	-4.2438896661e-03	-3.1438602825e-02	-6.1475981420e-02	-6.1475981420e-02	-6.1475981420e-02	-6.1475981420e-02	-1.0163787094e-01	-1.0163787094e-01	-1.0163787094e-01	-1.0163787094e-01	-1.4676731317e-01	-1.4676731317e-01	-1.4676731317e-01	-1.8216060996e-01	-1.9300147166e-01	-1.9300147166e-01	-1.9300147166e-01	-2.2699213802e-01	-2.3735640730e-01	-2.3735640730e-01	-2.3735640730e-01	-2.3735640730e-01	-2.7658515474e-01	-2.7658515474e-01	-2.7658515474e-01	-2.9881282831e-01	-3.0911187767e-01	-3.0911187767e-01	-3.0911187767e-01	-3.2579932265e-01	-3.3621353007e-01	-3.3621353007e-01	-3.3621353007e-01	-3.4893329439e-01	-3.5792977528e-01	-3.5792977528e-01	-3.5792977528e-01	-3.6844645177e-01	-3.8243985472e-01	-3.8243985472e-01	-3.8243985472e-01	-3.9986863299e-01	-3.9986863299e-01	-4.0715564069e-01	-4.0715564069e-01	-4.0715564069e-01	-4.2364768634e-01	-4.2364768634e-01	-4.2364768634e-01	-4.3144167252e-01	-4.3978776003e-01	-4.3978776003e-01	-4.3978776003e-01	-4.4639833175e-01	-4.5348592645e-01	-4.5348592645e-01	-4.5348592645e-01	-4.6652901958e-01	-4.7774315137e-01	-4.7774315137e-01	-4.7774315137e-01	-4.7774315137e-01	-4.8416875985e-01	-4.8985556696e-01	-4.8985556696e-01	-4.8985556696e-01	-5.0210476315e-01	-5.0841832240e-01	-5.0841832240e-01	-5.0841832240e-01	-5.2017883190e-01	-5.2017883190e-01	-5.2017883190e-01	-5.2654463105e-01	-5.2654463105e-01	-5.3520361012e-01	-5.3520361012e-01	-5.4836621270e-01	-5.4836621270e-01	-5.5190000496e-01	-5.5190000496e-01	-5.5190000496e-01	-5.5842544248e-01	-5.6230785460e-01	-5.6230785460e-01	-5.7307891654e-01	-5.7307891654e-01	-5.7718177441e-01	-5.7718177441e-01	-5.7718177441e-01	-5.8522052971e-01	-5.8522052971e-01	-5.8536328750e-01	-5.9477361376e-01	-5.9477361376e-01	-5.9385973622e-01	-5.9385973622e-01	-5.9385973622e-01	-6.0232774174e-01	
64	0.0	-4.0927683360e-03	-4.0927683360e-03	-3.1320086480e-02	-6.1050470747e-02	-6.1050470747e-02	-6.1050470747e-02	-6.1050470747e-02	-1.0086873785e-01	-1.0086873785e-01	-1.0086873785e-01	-1.0086873785e-01	-1.4562789137e-01	-1.4562789137e-01	-1.4562789137e-01	-1.8073680764e-01	-1.9151568855e-01	-1.9151568855e-01	-1.9151568855e-01	-2.2528742163e-01	-2.3559919773e-01	-2.3559919773e-01	-2.3559919773e-01	-2.3559919773e-01	-2.7467253732e-01	-2.7467253732e-01	-2.7467253732e-01	-2.9686808707e-01	-3.0712254616e-01	-3.0712254616e-01	-3.0712254616e-01	-3.2378713207e-01	-3.3416337733e-01	-3.3416337733e-01	-3.3416337733e-01	-3.4684592422e-01	-3.5581898240e-01	-3.5581898240e-01	-3.5581898240e-01	-3.6627324223e-01	-3.8023772803e-01	-3.8023772803e-01	-3.8023772803e-01	-3.9758415104e-01	-3.9758415104e-01	-4.0485569247e-01	-4.0485569247e-01	-4.0485569247e-01	-4.2126609269e-01	-4.2126609269e-01	-4.2126609269e-01	-4.2897448428e-01	-4.3730818955e-01	-4.3730818955e-01	-4.3730818955e-01	-4.4383834753e-01	-4.5091698523e-01	-4.5091698523e-01	-4.5091698523e-01	-4.6381406457e-01	-4.7501444156e-01	-4.7501444156e-01	-4.7501444156e-01	-4.7501444156e-01	-4.8136426607e-01	-4.8704120574e-01	-4.8704120574e-01	-4.8704120574e-01	-4.9913655151e-01	-5.0544156702e-01	-5.0544156702e-01	-5.0544156702e-01	-5.1711619386e-01	-5.1711619386e-01	-5.1711619386e-01	-5.2339824185e-01	-5.2339824185e-01	-5.3205159029e-01	-5.3205159029e-01	-5.4501979660e-01	-5.4501979660e-01	-5.4855082458e-01	-5.4855082458e-01	-5.4855082458e-01	-5.5497521441e-01	-5.5885654703e-01	-5.5885654703e-01	-5.6952793510e-01	-5.6952793510e-01	-5.7363301022e-01	-5.7363301022e-01	-5.7363301022e-01	-5.8159660968e-01	-5.8159660968e-01	-5.8174688271e-01	-5.9115230698e-01	-5.9115230698e-01	-5.9025082525e-01	-5.9025082525e-01	-5.9025082525e-01	-5.9871260550e-01	
65	0.0	-3.9514324590e-03	-3.9514324590e-03	-3.1204959745e-02	-6.0654449335e-02	-6.0654449335e-02	-6.0654449335e-02	-6.0654449335e-02	-1.0015447465e-01	-1.0015447465e-01	-1.0015447465e-01	-1.0015447465e-01	-1.4457324724e-01	-1.4457324724e-01	-1.4457324724e-01	-1.7942934377e-01	-1.9014843447e-01	-1.9014843447e-01	-1.9014843447e-01	-2.2373825068e-01	-2.3399962821e-01	-2.3399962821e-01	-2.3399962821e-01	-2.3399962821e-01	-2.7296480584e-01	-2.7296480584e-01	-2.7296480584e-01	-2.9517308816e-01	-3.0538551917e-01	-3.0538551917e-01	-3.0538551917e-01	-3.2206579033e-01	-3.3240645099e-01	-3.3240645099e-01	-3.3240645099e-01	-3.4508530191e-01	-3.5403839316e-01	-3.5403839316e-01	-3.5403839316e-01	-3.6446008639e-01	-3.7840081378e-01	-3.7840081378e-01	-3.7840081378e-01	-3.9571393676e-01	-3.9571393676e-01	-4.0297303932e-01	-4.0297303932e-01	-4.0297303932e-01	-4.1932933634e-01	-4.1932933634e-01	-4.1932933634e-01	-4.2697484342e-01	-4.3529932050e-01	-4.3529932050e-01	-4.3529932050e-01	-4.4176853591e-01	-4.4884109487e-01	-4.4884109487e-01	-4.4884109487e-01	-4.6162778413e-01	-4.7281914579e-01	-4.7281914579e-01	-4.7281914579e-01	-4.7281914579e-01	-4.7910988957e-01	-4.8478097534e-01	-4.8478097534e-01	-4.8478097534e-01	-4.9675438406e-01	-5.0305540323e-01	-5.0305540323e-01	-5.0305540323e-01	-5.1466457316e-01	-5.1466457316e-01	-5.1466457316e-01	-5.2087820213e-01	-5.2087820213e-01	-5.2953478066e-01	-5.2953478066e-01	-5.4232783800e-01	-5.4232783800e-01	-5.4586171627e-01	-5.4586171627e-01	-5.4586171627e-01	-5.5219332847e-01	-5.5608146897e-01	-5.5608146897e-01	-5.6665934138e-01	-5.6665934138e-01	-5.7078004224e-01	-5.7078004224e-01	-5.7078004224e-01	-5.7866720842e-01	-5.7866720842e-01	-5.7883305640e-01	-5.8823922701e-01	-5.8823922701e-01	-5.8736133320e-01	-5.8736133320e-01	-5.8736133320e-01	-5.9583541558e-01	
66	0.0	-3.8209008816e-03	-3.8209008816e-03	-3.1093339494e-02	-6.0290142729e-02	-6.0290142729e-02	-6.0290142729e-02	-6.0290142729e-02	-9.9498690301e-02	-9.9498690301e-02	-9.9498690301e-02	-9.9498690301e-02	-1.4360876200e-01	-1.4360876200e-01	-1.4360876200e-01	-1.7824614367e-01	-1.8890736011e-01	-1.8890736011e-01	-1.8890736011e-01	-2.2235506382e-01	-2.3256776882e-01	-2.3256776882e-01	-2.3256776882e-01	-2.3256776882e-01	-2.7147476738e-01	-2.7147476738e-01	-2.7147476738e-01	-2.9374503659e-01	-3.0391788558e-01	-3.0391788558e-01	-3.0391788558e-01	-3.2065782436e-01	-3.3096588857e-01	-3.3096588857e-01	-3.3096588857e-01	-3.4368030976e-01	-3.5261253186e-01	-3.5261253186e-01	-3.5261253186e-01	-3.6303736344e-01	-3.7695370948e-01	-3.7695370948e-01	-3.7695370948e-01	-3.9429290804e-01	-3.9429290804e-01	-4.0153878410e-01	-4.0153878410e-01	-4.0153878410e-01	-4.1787037163e-01	-4.1787037163e-01	-4.1787037163e-01	-4.2548218732e-01	-4.3379578355e-01	-4.3379578355e-01	-4.3379578355e-01	-4.4022913974e-01	-4.4729398087e-01	-4.4729398087e-01	-4.4729398087e-01	-4.6002038817e-01	-4.7119954732e-01	-4.7119954732e-01	-4.7119954732e-01	-4.7119954732e-01	-4.7745530214e-01	-4.8311891784e-01	-4.8311891784e-01	-4.8311891784e-01	-4.9501646940e-01	-5.0131121515e-01	-5.0131121515e-01	-5.0131121515e-01	-5.1287639892e-01	-5.1287639892e-01	-5.1287639892e-01	-5.1904626174e-01	-5.1904626174e-01	-5.2770138111e-01	-5.2770138111e-01	-5.4036642320e-01	-5.4036642320e-01	-5.4389965511e-01	-5.4389965511e-01	-5.4389965511e-01	-5.5016180439e-01	-5.5405231274e-01	-5.5405231274e-01	-5.6457496641e-01	-5.6457496641e-01	-5.6870404689e-01	-5.6870404689e-01	-5.6870404689e-01	-5.7653834632e-01	-5.7653834632e-01	-5.7671205872e-01	-5.8612361220e-01	-5.8612361220e-01	-5.8525641463e-01	-5.8525641463e-01	-5.8525641463e-01	-5.9374336401e-01	
67	0.0	-3.7046668445e-03	-3.7046668445e-03	-3.0984412899e-02	-5.9963507659e-02	-5.9963507659e-02	-5.9963507659e-02	-5.9963507659e-02	-9.8912730397e-02	-9.8912730397e-02	-9.8912730397e-02	-9.8912730397e-02	-1.4275300118e-01	-1.4275300118e-01	-1.4275300118e-01	-1.7721525913e-01	-1.8781931549e-01	-1.8781931549e-01	-1.8781931549e-01	-2.2117494099e-01	-2.3133944099e-01	-2.3133944099e-01	-2.3133944099e-01	-2.3133944099e-01	-2.7024728303e-01	-2.7024728303e-01	-2.7024728303e-01	-2.9264084621e-01	-3.0277380352e-01	-3.0277380352e-01	-3.0277380352e-01	-3.1962983044e-01	-3.2990408381e-01	-3.2990408381e-01	-3.2990408381e-01	-3.4270523887e-01	-3.5161624267e-01	-3.5161624267e-01	-3.5161624267e-01	-3.6209127131e-01	-3.7598037096e-01	-3.7598037096e-01	-3.7598037096e-01	-3.9342260202e-01	-3.9342260202e-01	-4.0065584872e-01	-4.0065584872e-01	-4.0065584872e-01	-4.1700339361e-01	-4.1700339361e-01	-4.1700339361e-01	-4.2462047492e-01	-4.3292326449e-01	-4.3292326449e-01	-4.3292326449e-01	-4.3935392578e-01	-4.4641098605e-01	-4.4641098605e-01	-4.4641098605e-01	-4.5914327960e-01	-4.7030982889e-01	-4.7030982889e-01	-4.7030982889e-01	-4.7030982889e-01	-4.7656257895e-01	-4.8221862985e-01	-4.8221862985e-01	-4.8221862985e-01	-4.9410088166e-01	-5.0038876036e-01	-5.0038876036e-01	-5.0038876036e-01	-5.1193903670e-01	-5.1193903670e-01	-5.1193903670e-01	-5.1809498254e-01	-5.1809498254e-01	-5.2674612649e-01	-5.2674612649e-01	-5.3933837206e-01	-5.3933837206e-01	-5.4286888237e-01	-5.4286888237e-01	-5.4286888237e-01	-5.4908862583e-01	-5.5297824807e-01	-5.5297824807e-01	-5.6349861364e-01	-5.6349861364e-01	-5.6762931265e-01	-5.6762931265e-01	-5.6762931265e-01	-5.7545492530e-01	-5.7545492530e-01	-5.7562974337e-01	-5.8505830307e-01	-5.8505830307e-01	-5.8419157388e-01	-5.8419157388e-01	-5.8419157388e-01	-5.9269537764e-01	
68	0.0	-3.5949469880e-03	-3.5949469880e-03	-3.0876037519e-02	-5.9661329376e-02	-5.9661329376e-02	-5.9661329376e-02	-5.9661329376e-02	-9.8376607363e-02	-9.8376607363e-02	-9.8376607363e-02	-9.8376607363e-02	-1.4197713985e-01	-1.4197713985e-01	-1.4197713985e-01	-1.7629200839e-01	-1.8684442752e-01	-1.8684442752e-01	-1.8684442752e-01	-2.2014016737e-01	-2.3026234877e-01	-2.3026234877e-01	-2.3026234877e-01	-2.3026234877e-01	-2.6921742073e-01	-2.6921742073e-01	-2.6921742073e-01	-2.9177574343e-01	-3.0187518449e-01	-3.0187518449e-01	-3.0187518449e-01	-3.1888239989e-01	-3.2912838415e-01	-3.2912838415e-01	-3.2912838415e-01	-3.4204421443e-01	-3.5093766497e-01	-3.5093766497e-01	-3.5093766497e-01	-3.6148517185e-01	-3.7535230569e-01	-3.7535230569e-01	-3.7535230569e-01	-3.9292931691e-01	-3.9292931691e-01	-4.0015386710e-01	-4.0015386710e-01	-4.0015386710e-01	-4.1653408179e-01	-4.1653408179e-01	-4.1653408179e-01	-4.2416456548e-01	-4.3246069019e-01	-4.3246069019e-01	-4.3246069019e-01	-4.3889366918e-01	-4.4594676671e-01	-4.4594676671e-01	-4.4594676671e-01	-4.5869362799e-01	-4.6985418027e-01	-4.6985418027e-01	-4.6985418027e-01	-4.6985418027e-01	-4.7610691857e-01	-4.8175999556e-01	-4.8175999556e-01	-4.8175999556e-01	-4.9363101782e-01	-4.9991708792e-01	-4.9991708792e-01	-4.9991708792e-01	-5.1145781393e-01	-5.1145781393e-01	-5.1145781393e-01	-5.1759967530e-01	-5.1759967530e-01	-5.2625509781e-01	-5.2625509781e-01	-5.3876653280e-01	-5.3876653280e-01	-5.4229975306e-01	-5.4229975306e-01	-5.4229975306e-01	-5.4847125822e-01	-5.5236653273e-01	-5.5236653273e-01	-5.6287517747e-01	-5.6287517747e-01	-5.6701648092e-01	-5.6701648092e-01	-5.6701648092e-01	-5.7482545174e-01	-5.7482545174e-01	-5.7500674786e-01	-5.8443785975e-01	-5.8443785975e-01	-5.8357951735e-01	-5.8357951735e-01	-5.8357951735e-01	-5.9209739290e-01	
69	0.0	-3.4947836448e-03	-3.4947836448e-03	-3.0769031448e-02	-5.9386713872e-02	-5.9386713872e-02	-5.9386713872e-02	-5.9386713872e-02	-9.7898587441e-02	-9.7898587441e-02	-9.7898587441e-02	-9.7898587441e-02	-1.4129356247e-01	-1.4129356247e-01	-1.4129356247e-01	-1.7548762080e-01	-1.8599702727e-01	-1.8599702727e-01	-1.8599702727e-01	-2.1926146455e-01	-2.2934902684e-01	-2.2934902684e-01	-2.2934902684e-01	-2.2934902684e-01	-2.6839172546e-01	-2.6839172546e-01	-2.6839172546e-01	-2.9114884479e-01	-3.0122247486e-01	-3.0122247486e-01	-3.0122247486e-01	-3.1840831390e-01	-3.2863193528e-01	-3.2863193528e-01	-3.2863193528e-01	-3.4168817613e-01	-3.5056706417e-01	-3.5056706417e-01	-3.5056706417e-01	-3.6120863347e-01	-3.7505798403e-01	-3.7505798403e-01	-3.7505798403e-01	-3.9279355254e-01	-3.9279355254e-01	-4.0001342803e-01	-4.0001342803e-01	-4.0001342803e-01	-4.1643741800e-01	-4.1643741800e-01	-4.1643741800e-01	-4.2408317827e-01	-4.3237675642e-01	-4.3237675642e-01	-4.3237675642e-01	-4.3881203261e-01	-4.4586491689e-01	-4.4586491689e-01	-4.4586491689e-01	-4.5862648737e-01	-4.6978745842e-01	-4.6978745842e-01	-4.6978745842e-01	-4.6978745842e-01	-4.7603914408e-01	-4.8169339235e-01	-4.8169339235e-01	-4.8169339235e-01	-4.9354690946e-01	-4.9983560056e-01	-4.9983560056e-01	-4.9983560056e-01	-5.1137011082e-01	-5.1137011082e-01	-5.1137011082e-01	-5.1749792767e-01	-5.1749792767e-01	-5.2616465403e-01	-5.2616465403e-01	-5.3858771949e-01	-5.3858771949e-01	-5.4212824724e-01	-5.4212824724e-01	-5.4212824724e-01	-5.4824502666e-01	-5.5215162616e-01	-5.5215162616e-01	-5.6262182479e-01	-5.6262182479e-01	-5.6678200377e-01	-5.6678200377e-01	-5.6678200377e-01	-5.7454861280e-01	-5.7454861280e-01	-5.7474170250e-01	-5.8414871359e-01	-5.8414871359e-01	-5.8330633170e-01	-5.8330633170e-01	-5.8330633170e-01	-5.9184118894e-01	
70	0.0	-3.4015456752e-03	-3.4015456752e-03	-3.0667805771e-02	-5.9136034074e-02	-5.9136034074e-02	-5.9136034074e-02	-5.9136034074e-02	-9.7464448645e-02	-9.7464448645e-02	-9.7464448645e-02	-9.7464448645e-02	-1.4067571461e-01	-1.4067571461e-01	-1.4067571461e-01	-1.7476698374e-01	-1.8523715355e-01	-1.8523715355e-01	-1.8523715355e-01	-2.1848906309e-01	-2.2854460406e-01	-2.2854460406e-01	-2.2854460406e-01	-2.2854460406e-01	-2.6769866361e-01	-2.6769866361e-01	-2.6769866361e-01	-2.9067792674e-01	-3.0072764561e-01	-3.0072764561e-01	-3.0072764561e-01	-3.1811111352e-01	-3.2831365251e-01	-3.2831365251e-01	-3.2831365251e-01	-3.4152763236e-01	-3.5039142980e-01	-3.5039142980e-01	-3.5039142980e-01	-3.6113987743e-01	-3.7496970718e-01	-3.7496970718e-01	-3.7496970718e-01	-3.9287359099e-01	-3.9287359099e-01	-4.0008963914e-01	-4.0008963914e-01	-4.0008963914e-01	-4.1655744843e-01	-4.1655744843e-01	-4.1655744843e-01	-4.2421278789e-01	-4.3250476414e-01	-4.3250476414e-01	-4.3250476414e-01	-4.3893601816e-01	-4.4598982675e-01	-4.4598982675e-01	-4.4598982675e-01	-4.5875319049e-01	-4.6991701140e-01	-4.6991701140e-01	-4.6991701140e-01	-4.6991701140e-01	-4.7616021957e-01	-4.8181776684e-01	-4.8181776684e-01	-4.8181776684e-01	-4.9363861285e-01	-4.9993230818e-01	-4.9993230818e-01	-4.9993230818e-01	-5.1145619599e-01	-5.1145619599e-01	-5.1145619599e-01	-5.1756296007e-01	-5.1756296007e-01	-5.2624548727e-01	-5.2624548727e-01	-5.3856503842e-01	-5.3856503842e-01	-5.4211632073e-01	-5.4211632073e-01	-5.4211632073e-01	-5.4817101559e-01	-5.5209357359e-01	-5.5209357359e-01	-5.6250104707e-01	-5.6250104707e-01	-5.6668766423e-01	-5.6668766423e-01	-5.6668766423e-01	-5.7439575344e-01	-5.7439575344e-01	-5.7460658915e-01	-5.8395767918e-01	-5.8395767918e-01	-5.8314029314e-01	-5.8314029314e-01	-5.8314029314e-01	-5.9166878367e-01	
71	0.0	-3.3133693428e-03	-3.3133693428e-03	-3.0578940826e-02	-5.8910671542e-02	-5.8910671542e-02	-5.8910671542e-02	-5.8910671542e-02	-9.7071446591e-02	-9.7071446591e-02	-9.7071446591e-02	-9.7071446591e-02	-1.4011658019e-01	-1.4011658019e-01	-1.4011658019e-01	-1.7411728714e-01	-1.8455327387e-01	-1.8455327387e-01	-1.8455327387e-01	-2.1780423172e-01	-2.2783234886e-01	-2.2783234886e-01	-2.2783234886e-01	-2.2783234886e-01	-2.6711502680e-01	-2.6711502680e-01	-2.6711502680e-01	-2.9033081011e-01	-3.0036145484e-01	-3.0036145484e-01	-3.0036145484e-01	-3.1795347926e-01	-3.2814030895e-01	-3.2814030895e-01	-3.2814030895e-01	-3.4151967594e-01	-3.5037246635e-01	-3.5037246635e-01	-3.5037246635e-01	-3.6122979132e-01	-3.7504615327e-01	-3.7504615327e-01	-3.7504615327e-01	-3.9311104272e-01	-3.9311104272e-01	-4.0032714230e-01	-4.0032714230e-01	-4.0032714230e-01	-4.1683224151e-01	-4.1683224151e-01	-4.1683224151e-01	-4.2448120894e-01	-4.3277587619e-01	-4.3277587619e-01	-4.3277587619e-01	-4.3918761397e-01	-4.4624650403e-01	-4.4624650403e-01	-4.4624650403e-01	-4.5897976398e-01	-4.7015399631e-01	-4.7015399631e-01	-4.7015399631e-01	-4.7015399631e-01	-4.7637184236e-01	-4.8203784449e-01	-4.8203784449e-01	-4.8203784449e-01	-4.9379433571e-01	-5.0009883478e-01	-5.0009883478e-01	-5.0009883478e-01	-5.1160013821e-01	-5.1160013821e-01	-5.1160013821e-01	-5.1766702239e-01	-5.1766702239e-01	-5.2637609497e-01	-5.2637609497e-01	-5.3855363396e-01	-5.3855363396e-01	-5.4212301789e-01	-5.4212301789e-01	-5.4212301789e-01	-5.4809650673e-01	-5.5204473972e-01	-5.5204473972e-01	-5.6234510613e-01	-5.6234510613e-01	-5.6657421760e-01	-5.6657421760e-01	-5.6657421760e-01	-5.7419329922e-01	-5.7419329922e-01	-5.7443401852e-01	-5.8368703187e-01	-5.8368703187e-01	-5.8291239573e-01	-5.8291239573e-01	-5.8291239573e-01	-5.9140099116e-01	
72	0.0	-3.2314101050e-03	-3.2314101050e-03	-3.0502301071e-02	-5.8712302221e-02	-5.8712302221e-02	-5.8712302221e-02	-5.8712302221e-02	-9.6723455630e-02	-9.6723455630e-02	-9.6723455630e-02	-9.6723455630e-02	-1.3962320132e-01	-1.3962320132e-01	-1.3962320132e-01	-1.7354900077e-01	-1.8395572013e-01	-1.8395572013e-01	-1.8395572013e-01	-2.1721997222e-01	-2.2722518320e-01	-2.2722518320e-01	-2.2722518320e-01	-2.2722518320e-01	-2.6665415641e-01	-2.6665415641e-01	-2.6665415641e-01	-2.9012304788e-01	-3.0013841524e-01	-3.0013841524e-01	-3.0013841524e-01	-3.1795646407e-01	-3.2813387326e-01	-3.2813387326e-01	-3.2813387326e-01	-3.4169414960e-01	-3.5054106992e-01	-3.5054106992e-01	-3.5054106992e-01	-3.6151833384e-01	-3.7532944187e-01	-3.7532944187e-01	-3.7532944187e-01	-3.9356762305e-01	-3.9356762305e-01	-4.0078754537e-01	-4.0078754537e-01	-4.0078754537e-01	-4.1733574819e-01	-4.1733574819e-01	-4.1733574819e-01	-4.2497641821e-01	-4.3327794272e-01	-4.3327794272e-01	-4.3327794272e-01	-4.3966730510e-01	-4.4673523238e-01	-4.4673523238e-01	-4.4673523238e-01	-4.5943155138e-01	-4.7062328836e-01	-4.7062328836e-01	-4.7062328836e-01	-4.7062328836e-01	-4.7681173437e-01	-4.8249076222e-01	-4.8249076222e-01	-4.8249076222e-01	-4.9417564918e-01	-5.0049605530e-01	-5.0049605530e-01	-5.0049605530e-01	-5.1197677104e-01	-5.1197677104e-01	-5.1197677104e-01	-5.1800087422e-01	-5.1800087422e-01	-5.2674639869e-01	-5.2674639869e-01	-5.3877935075e-01	-5.3877935075e-01	-5.4237374735e-01	-5.4237374735e-01	-5.4237374735e-01	-5.4826442542e-01	-5.5224786204e-01	-5.5224786204e-01	-5.6242513585e-01	-5.6242513585e-01	-5.6671350269e-01	-5.6671350269e-01	-5.6671350269e-01	-5.7423151301e-01	-5.7423151301e-01	-5.7451511768e-01	-5.8364241294e-01	-5.8364241294e-01	-5.8292935234e-01	-5.8292935234e-01	-5.8292935234e-01	-5.9135650524e-01	
73	0.0	-3.1580899861e-03	-3.1580899861e-03	-3.0433544099e-02	-5.8541247055e-02	-5.8541247055e-02	-5.8541247055e-02	-5.8541247055e-02	-9.6422774043e-02	-9.6422774043e-02	-9.6422774043e-02	-9.6422774043e-02	-1.3919998766e-01	-1.3919998766e-01	-1.3919998766e-01	-1.7307067688e-01	-1.8345073380e-01	-1.8345073380e-01	-1.8345073380e-01	-2.1674530974e-01	-2.2672960425e-01	-2.2672960425e-01	-2.2672960425e-01	-2.2672960425e-01	-2.6631943311e-01	-2.6631943311e-01	-2.6631943311e-01	-2.9005688275e-01	-3.0005807303e-01	-3.0005807303e-01	-3.0005807303e-01	-3.1812055150e-01	-3.2828843731e-01	-3.2828843731e-01	-3.2828843731e-01	-3.4204740991e-01	-3.5088871216e-01	-3.5088871216e-01	-3.5088871216e-01	-3.6200068865e-01	-3.7580775596e-01	-3.7580775596e-01	-3.7580775596e-01	-3.9424042325e-01	-3.9424042325e-01	-4.0146369181e-01	-4.0146369181e-01	-4.0146369181e-01	-4.1806253776e-01	-4.1806253776e-01	-4.1806253776e-01	-4.2570004455e-01	-4.3400781860e-01	-4.3400781860e-01	-4.3400781860e-01	-4.4037839807e-01	-4.4745510258e-01	-4.4745510258e-01	-4.4745510258e-01	-4.6012215751e-01	-4.7133134743e-01	-4.7133134743e-01	-4.7133134743e-01	-4.7133134743e-01	-4.7749364286e-01	-4.8318539100e-01	-4.8318539100e-01	-4.8318539100e-01	-4.9480471474e-01	-5.0114045097e-01	-5.0114045097e-01	-5.0114045097e-01	-5.1260332586e-01	-5.1260332586e-01	-5.1260332586e-01	-5.1859034236e-01	-5.1859034236e-01	-5.2737172209e-01	-5.2737172209e-01	-5.3928135405e-01	-5.3928135405e-01	-5.4290123138e-01	-5.4290123138e-01	-5.4290123138e-01	-5.4872112448e-01	-5.5274108895e-01	-5.5274108895e-01	-5.6280974584e-01	-5.6280974584e-01	-5.6715943859e-01	-5.6715943859e-01	-5.6715943859e-01	-5.7458843677e-01	-5.7458843677e-01	-5.7491664176e-01	-5.8392595702e-01	-5.8392595702e-01	-5.8327603728e-01	-5.8327603728e-01	-5.8327603728e-01	-5.9164885315e-01	
74	0.0	-3.0927946680e-03	-3.0927946680e-03	-3.0373402467e-02	-5.8397293247e-02	-5.8397293247e-02	-5.8397293247e-02	-5.8397293247e-02	-9.6169511544e-02	-9.6169511544e-02	-9.6169511544e-02	-9.6169511544e-02	-1.3884690404e-01	-1.3884690404e-01	-1.3884690404e-01	-1.7268027702e-01	-1.8303796536e-01	-1.8303796536e-01	-1.8303796536e-01	-2.1637742312e-01	-2.2634444553e-01	-2.2634444553e-01	-2.2634444553e-01	-2.2634444553e-01	-2.6610861348e-01	-2.6610861348e-01	-2.6610861348e-01	-2.9012208540e-01	-3.0011169030e-01	-3.0011169030e-01	-3.0011169030e-01	-3.1842754547e-01	-3.2858751602e-01	-3.2858751602e-01	-3.2858751602e-01	-3.4255639397e-01	-3.5139412274e-01	-3.5139412274e-01	-3.5139412274e-01	-3.6265079596e-01	-3.7645839295e-01	-3.7645839295e-01	-3.7645839295e-01	-3.9510057689e-01	-3.9510057689e-01	-4.0232938394e-01	-4.0232938394e-01	-4.0232938394e-01	-4.1898705924e-01	-4.1898705924e-01	-4.1898705924e-01	-4.2662453811e-01	-4.3494183329e-01	-4.3494183329e-01	-4.3494183329e-01	-4.4129576761e-01	-4.4838452717e-01	-4.4838452717e-01	-4.4838452717e-01	-4.6102576298e-01	-4.7225822543e-01	-4.7225822543e-01	-4.7225822543e-01	-4.7225822543e-01	-4.7839512323e-01	-4.8410222337e-01	-4.8410222337e-01	-4.8410222337e-01	-4.9565648543e-01	-5.0201043580e-01	-5.0201043580e-01	-5.0201043580e-01	-5.1345803054e-01	-5.1345803054e-01	-5.1345803054e-01	-5.1940797475e-01	-5.1940797475e-01	-5.2823099101e-01	-5.2823099101e-01	-5.4002431399e-01	-5.4002431399e-01	-5.4367401808e-01	-5.4367401808e-01	-5.4367401808e-01	-5.4942725327e-01	-5.5348993053e-01	-5.5348993053e-01	-5.6344769693e-01	-5.6344769693e-01	-5.6786792242e-01	-5.6786792242e-01	-5.6786792242e-01	-5.7520648426e-01	-5.7520648426e-01	-5.7558567493e-01	-5.8446862490e-01	-5.8446862490e-01	-5.8389076010e-01	-5.8389076010e-01	-5.8389076010e-01	-5.9220385488e-01	
75	0.0	-3.0366849523e-03	-3.0366849523e-03	-3.0320234640e-02	-5.8280889413e-02	-5.8280889413e-02	-5.8280889413e-02	-5.8280889413e-02	-9.5965371612e-02	-9.5965371612e-02	-9.5965371612e-02	-9.5965371612e-02	-1.3856710541e-01	-1.3856710541e-01	-1.3856710541e-01	-1.7238402363e-01	-1.8272266815e-01	-1.8272266815e-01	-1.8272266815e-01	-2.1612483513e-01	-2.2607707006e-01	-2.2607707006e-01	-2.2607707006e-01	-2.2607707006e-01	-2.6603048545e-01	-2.6603048545e-01	-2.6603048545e-01	-2.9033047969e-01	-3.0030829169e-01	-3.0030829169e-01	-3.0030829169e-01	-3.1889007656e-01	-3.2904106733e-01	-3.2904106733e-01	-3.2904106733e-01	-3.4323527711e-01	-3.5206862661e-01	-3.5206862661e-01	-3.5206862661e-01	-3.6348550108e-01	-3.7729303900e-01	-3.7729303900e-01	-3.7729303900e-01	-3.9617097404e-01	-3.9617097404e-01	-4.0340588530e-01	-4.0340588530e-01	-4.0340588530e-01	-4.2013630518e-01	-4.2013630518e-01	-4.2013630518e-01	-4.2778552530e-01	-4.3611387930e-01	-4.3611387930e-01	-4.3611387930e-01	-4.4246094190e-01	-4.4956314759e-01	-4.4956314759e-01	-4.4956314759e-01	-4.6219653718e-01	-4.7345429041e-01	-4.7345429041e-01	-4.7345429041e-01	-4.7345429041e-01	-4.7957382395e-01	-4.8529584230e-01	-4.8529584230e-01	-4.8529584230e-01	-4.9680006398e-01	-5.0317164325e-01	-5.0317164325e-01	-5.0317164325e-01	-5.1461134992e-01	-5.1461134992e-01	-5.1461134992e-01	-5.2053188566e-01	-5.2053188566e-01	-5.2939626288e-01	-5.2939626288e-01	-5.4109819529e-01	-5.4109819529e-01	-5.4477792608e-01	-5.4477792608e-01	-5.4477792608e-01	-5.5047865964e-01	-5.5458483715e-01	-5.5458483715e-01	-5.6445227542e-01	-5.6445227542e-01	-5.6894348024e-01	-5.6894348024e-01	-5.6894348024e-01	-5.7620776919e-01	-5.7620776919e-01	-5.7663850177e-01	-5.8540855996e-01	-5.8540855996e-01	-5.8490300652e-01	-5.8490300652e-01	-5.8490300652e-01	-5.9316539253e-01	
76	0.0	-2.9894302168e-03	-2.9894302168e-03	-3.0274491367e-02	-5.8191874293e-02	-5.8191874293e-02	-5.8191874293e-02	-5.8191874293e-02	-9.5810208475e-02	-9.5810208475e-02	-9.5810208475e-02	-9.5810208475e-02	-1.3835950923e-01	-1.3835950923e-01	-1.3835950923e-01	-1.7217935341e-01	-1.8250241941e-01	-1.8250241941e-01	-1.8250241941e-01	-2.1598331382e-01	-2.2592346678e-01	-2.2592346678e-01	-2.2592346678e-01	-2.2592346678e-01	-2.6607887446e-01	-2.6607887446e-01	-2.6607887446e-01	-2.9067432802e-01	-3.0064228401e-01	-3.0064228401e-01	-3.0064228401e-01	-3.1950144746e-01	-3.2964451883e-01	-3.2964451883e-01	-3.2964451883e-01	-3.4407762800e-01	-3.5290689133e-01	-3.5290689133e-01	-3.5290689133e-01	-3.6449817597e-01	-3.7830566687e-01	-3.7830566687e-01	-3.7830566687e-01	-3.9744564980e-01	-3.9744564980e-01	-4.0468771148e-01	-4.0468771148e-01	-4.0468771148e-01	-4.2150558568e-01	-4.2150558568e-01	-4.2150558568e-01	-4.2917874029e-01	-4.3751980839e-01	-4.3751980839e-01	-4.3751980839e-01	-4.4386986986e-01	-4.5098697619e-01	-4.5098697619e-01	-4.5098697619e-01	-4.6363131217e-01	-4.7491647128e-01	-4.7491647128e-01	-4.7491647128e-01	-4.7491647128e-01	-4.8102773532e-01	-4.8676476613e-01	-4.8676476613e-01	-4.8676476613e-01	-4.9823490495e-01	-5.0462412316e-01	-5.0462412316e-01	-5.0462412316e-01	-5.1606333218e-01	-5.1606333218e-01	-5.1606333218e-01	-5.2196162222e-01	-5.2196162222e-01	-5.3086750558e-01	-5.3086750558e-01	-5.4250000850e-01	-5.4250000850e-01	-5.4620953669e-01	-5.4620953669e-01	-5.4620953669e-01	-5.5187060902e-01	-5.5602000306e-01	-5.5602000306e-01	-5.6581264963e-01	-5.6581264963e-01	-5.7037157338e-01	-5.7037157338e-01	-5.7037157338e-01	-5.7757427970e-01	-5.7757427970e-01	-5.7805431402e-01	-5.8672303615e-01	-5.8672303615e-01	-5.8628948842e-01	-5.8628948842e-01	-5.8628948842e-01	-5.9450693714e-01	
77	0.0	-2.9499111580e-03	-2.9499111580e-03	-3.0237852287e-02	-5.8129561830e-02	-5.8129561830e-02	-5.8129561830e-02	-5.8129561830e-02	-9.5702218711e-02	-9.5702218711e-02	-9.5702218711e-02	-9.5702218711e-02	-1.3822049869e-01	-1.3822049869e-01	-1.3822049869e-01	-1.7205924941e-01	-1.8237060645e-01	-1.8237060645e-01	-1.8237060645e-01	-2.1594208501e-01	-2.2587370047e-01	-2.2587370047e-01	-2.2587370047e-01	-2.2587370047e-01	-2.6623965671e-01	-2.6623965671e-01	-2.6623965671e-01	-2.9113372390e-01	-3.0109511336e-01	-3.0109511336e-01	-3.0109511336e-01	-3.2023701284e-01	-3.3037505747e-01	-3.3037505747e-01	-3.3037505747e-01	-3.4505430469e-01	-3.5388137822e-01	-3.5388137822e-01	-3.5388137822e-01	-3.6565506175e-01	-3.7946452841e-01	-3.7946452841e-01	-3.7946452841e-01	-3.9888379891e-01	-3.9888379891e-01	-4.0613439704e-01	-4.0613439704e-01	-4.0613439704e-01	-4.2305014640e-01	-4.2305014640e-01	-4.2305014640e-01	-4.3075543463e-01	-4.3911088180e-01	-4.3911088180e-01	-4.3911088180e-01	-4.4547053916e-01	-4.5260391735e-01	-4.5260391735e-01	-4.5260391735e-01	-4.6527274080e-01	-4.7658722480e-01	-4.7658722480e-01	-4.7658722480e-01	-4.7658722480e-01	-4.8269675470e-01	-4.8844914869e-01	-4.8844914869e-01	-4.8844914869e-01	-4.9989756971e-01	-5.0630471253e-01	-5.0630471253e-01	-5.0630471253e-01	-5.1774943684e-01	-5.1774943684e-01	-5.1774943684e-01	-5.2363141524e-01	-5.2363141524e-01	-5.3257893997e-01	-5.3257893997e-01	-5.4415992926e-01	-5.4415992926e-01	-5.4789869696e-01	-5.4789869696e-01	-5.4789869696e-01	-5.5353075320e-01	-5.5772241774e-01	-5.5772241774e-01	-5.6746065476e-01	-5.6746065476e-01	-5.7208294067e-01	-5.7208294067e-01	-5.7208294067e-01	-5.7924054053e-01	-5.7924054053e-01	-5.7976509098e-01	-5.8835217836e-01	-5.8835217836e-01	-5.8798648837e-01	-5.8798648837e-01	-5.8798648837e-01	-5.9617108090e-01	
78	0.0	-2.9186677665e-03	-2.9186677665e-03	-3.0212203051e-02	-5.8098126214e-02	-5.8098126214e-02	-5.8098126214e-02	-5.8098126214e-02	-9.5649233447e-02	-9.5649233447e-02	-9.5649233447e-02	-9.5649233447e-02	-1.3816288903e-01	-1.3816288903e-01	-1.3816288903e-01	-1.7204104921e-01	-1.8234564757e-01	-1.8234564757e-01	-1.8234564757e-01	-2.1602399250e-01	-2.2595187633e-01	-2.2595187633e-01	-2.2595187633e-01	-2.2595187633e-01	-2.6654117954e-01	-2.6654117954e-01	-2.6654117954e-01	-2.9173881410e-01	-3.0169884953e-01	-3.0169884953e-01	-3.0169884953e-01	-3.2113227742e-01	-3.3127058139e-01	-3.3127058139e-01	-3.3127058139e-01	-3.4620772866e-01	-3.5503695885e-01	-3.5503695885e-01	-3.5503695885e-01	-3.6700695994e-01	-3.8082483850e-01	-3.8082483850e-01	-3.8082483850e-01	-4.0055057546e-01	-4.0055057546e-01	-4.0781344631e-01	-4.0781344631e-01	-4.0781344631e-01	-4.2484625420e-01	-4.2484625420e-01	-4.2484625420e-01	-4.3259912483e-01	-4.4097376044e-01	-4.4097376044e-01	-4.4097376044e-01	-4.4735648862e-01	-4.5451059762e-01	-4.5451059762e-01	-4.5451059762e-01	-4.6723207770e-01	-4.7858330170e-01	-4.7858330170e-01	-4.7858330170e-01	-4.7858330170e-01	-4.8470481950e-01	-4.9047722436e-01	-4.9047722436e-01	-4.9047722436e-01	-5.0193060077e-01	-5.0836110842e-01	-5.0836110842e-01	-5.0836110842e-01	-5.1982992658e-01	-5.1982992658e-01	-5.1982992658e-01	-5.2570895058e-01	-5.2570895058e-01	-5.3470794481e-01	-5.3470794481e-01	-5.4626773855e-01	-5.4626773855e-01	-5.5004174686e-01	-5.5004174686e-01	-5.5004174686e-01	-5.5566083384e-01	-5.5990245750e-01	-5.5990245750e-01	-5.6961479326e-01	-5.6961479326e-01	-5.7431196296e-01	-5.7431196296e-01	-5.7431196296e-01	-5.8144657188e-01	-5.8144657188e-01	-5.8202255680e-01	-5.9055401564e-01	-5.9055401564e-01	-5.9026597299e-01	-5.9026597299e-01	-5.9026597299e-01	-5.9844731380e-01	
79	0.0	-2.8957578937e-03	-2.8957578937e-03	-3.0196995126e-02	-5.8095992818e-02	-5.8095992818e-02	-5.8095992818e-02	-5.8095992818e-02	-9.5647528070e-02	-9.5647528070e-02	-9.5647528070e-02	-9.5647528070e-02	-1.3817944835e-01	-1.3817944835e-01	-1.3817944835e-01	-1.7211326148e-01	-1.8241545885e-01	-1.8241545885e-01	-1.8241545885e-01	-2.1621220163e-01	-2.2614018103e-01	-2.2614018103e-01	-2.2614018103e-01	-2.2614018103e-01	-2.6696036788e-01	-2.6696036788e-01	-2.6696036788e-01	-2.9246293725e-01	-3.0242543359e-01	-3.0242543359e-01	-3.0242543359e-01	-3.2215586795e-01	-3.3229816223e-01	-3.3229816223e-01	-3.3229816223e-01	-3.4750239412e-01	-3.5633683435e-01	-3.5633683435e-01	-3.5633683435e-01	-3.6851482177e-01	-3.8234577206e-01	-3.8234577206e-01	-3.8234577206e-01	-4.0240018387e-01	-4.0240018387e-01	-4.0967739404e-01	-4.0967739404e-01	-4.0967739404e-01	-4.2684172484e-01	-4.2684172484e-01	-4.2684172484e-01	-4.3465480757e-01	-4.4305109272e-01	-4.4305109272e-01	-4.4305109272e-01	-4.4946762691e-01	-4.5664462914e-01	-4.5664462914e-01	-4.5664462914e-01	-4.6943964386e-01	-4.8083082773e-01	-4.8083082773e-01	-4.8083082773e-01	-4.8083082773e-01	-4.8697389876e-01	-4.9276803341e-01	-4.9276803341e-01	-4.9276803341e-01	-5.0424397683e-01	-5.1069967539e-01	-5.1069967539e-01	-5.1069967539e-01	-5.2220280205e-01	-5.2220280205e-01	-5.2220280205e-01	-5.2808725907e-01	-5.2808725907e-01	-5.3714051110e-01	-5.3714051110e-01	-5.4869724389e-01	-5.4869724389e-01	-5.5250783303e-01	-5.5250783303e-01	-5.5250783303e-01	-5.5812376151e-01	-5.6241705569e-01	-5.6241705569e-01	-5.7212322468e-01	-5.7212322468e-01	-5.7689722208e-01	-5.7689722208e-01	-5.7689722208e-01	-5.8402461264e-01	-5.8402461264e-01	-5.8465243595e-01	-5.9314752495e-01	-5.9314752495e-01	-5.9293762686e-01	-5.9293762686e-01	-5.9293762686e-01	-6.0113223884e-01	
80	0.0	-2.8818798878e-03	-2.8818798878e-03	-3.0191257612e-02	-5.8122823834e-02	-5.8122823834e-02	-5.8122823834e-02	-5.8122823834e-02	-9.5696736863e-02	-9.5696736863e-02	-9.5696736863e-02	-9.5696736863e-02	-1.3827012125e-01	-1.3827012125e-01	-1.3827012125e-01	-1.7227741980e-01	-1.8258065590e-01	-1.8258065590e-01	-1.8258065590e-01	-2.1650910713e-01	-2.2643993995e-01	-2.2643993995e-01	-2.2643993995e-01	-2.2643993995e-01	-2.6749964292e-01	-2.6749964292e-01	-2.6749964292e-01	-2.9331143297e-01	-3.0327877331e-01	-3.0327877331e-01	-3.0327877331e-01	-3.2331395418e-01	-3.3346253707e-01	-3.3346253707e-01	-3.3346253707e-01	-3.4894397376e-01	-3.5778545429e-01	-3.5778545429e-01	-3.5778545429e-01	-3.7018333132e-01	-3.8403010964e-01	-3.8403010964e-01	-3.8403010964e-01	-4.0443406672e-01	-4.0443406672e-01	-4.1172637964e-01	-4.1172637964e-01	-4.1172637964e-01	-4.2903460427e-01	-4.2903460427e-01	-4.2903460427e-01	-4.3691978964e-01	-4.4533850669e-01	-4.4533850669e-01	-4.4533850669e-01	-4.5179901525e-01	-4.5899944803e-01	-4.5899944803e-01	-4.5899944803e-01	-4.7188856293e-01	-4.8332005624e-01	-4.8332005624e-01	-4.8332005624e-01	-4.8332005624e-01	-4.8949393289e-01	-4.9530966780e-01	-4.9530966780e-01	-4.9530966780e-01	-5.0682375116e-01	-5.1330426070e-01	-5.1330426070e-01	-5.1330426070e-01	-5.2484843541e-01	-5.2484843541e-01	-5.2484843541e-01	-5.3074532729e-01	-5.3074532729e-01	-5.3985111520e-01	-5.3985111520e-01	-5.5141919216e-01	-5.5141919216e-01	-5.5526467223e-01	-5.5526467223e-01	-5.5526467223e-01	-5.6088461236e-01	-5.6522706274e-01	-5.6522706274e-01	-5.7494172660e-01	-5.7494172660e-01	-5.7978740287e-01	-5.7978740287e-01	-5.7978740287e-01	-5.8691970469e-01	-5.8691970469e-01	-5.8759395258e-01	-5.9606955624e-01	-5.9606955624e-01	-5.9592894436e-01	-5.9592894436e-01	-5.9592894436e-01	-6.0414494743e-01	
81	0.0	-2.8764424843e-03	-2.8764424843e-03	-3.0194190813e-02	-5.8175057381e-02	-5.8175057381e-02	-5.8175057381e-02	-5.8175057381e-02	-9.5790099901e-02	-9.5790099901e-02	-9.5790099901e-02	-9.5790099901e-02	-1.3842397691e-01	-1.3842397691e-01	-1.3842397691e-01	-1.7251821816e-01	-1.8282547551e-01	-1.8282547551e-01	-1.8282547551e-01	-2.1689401450e-01	-2.2682993391e-01	-2.2682993391e-01	-2.2682993391e-01	-2.2682993391e-01	-2.6813158175e-01	-2.6813158175e-01	-2.6813158175e-01	-2.9425048064e-01	-3.0422421021e-01	-3.0422421021e-01	-3.0422421021e-01	-3.2456357181e-01	-3.3471984783e-01	-3.3471984783e-01	-3.3471984783e-01	-3.5047848774e-01	-3.5932802261e-01	-3.5932802261e-01	-3.5932802261e-01	-3.7194691605e-01	-3.8581083793e-01	-3.8581083793e-01	-3.8581083793e-01	-4.0656545678e-01	-4.0656545678e-01	-4.1387273647e-01	-4.1387273647e-01	-4.1387273647e-01	-4.3132485770e-01	-4.3132485770e-01	-4.3132485770e-01	-4.3928192538e-01	-4.4772266026e-01	-4.4772266026e-01	-4.4772266026e-01	-4.5422634716e-01	-4.6144961068e-01	-4.6144961068e-01	-4.6144961068e-01	-4.7442911888e-01	-4.8589936268e-01	-4.8589936268e-01	-4.8589936268e-01	-4.8589936268e-01	-4.9210138287e-01	-4.9793747956e-01	-4.9793747956e-01	-4.9793747956e-01	-5.0948262739e-01	-5.1598634648e-01	-5.1598634648e-01	-5.1598634648e-01	-5.2756503080e-01	-5.2756503080e-01	-5.2756503080e-01	-5.3346927290e-01	-5.3346927290e-01	-5.4262360893e-01	-5.4262360893e-01	-5.5419707357e-01	-5.5419707357e-01	-5.5807444862e-01	-5.5807444862e-01	-5.5807444862e-01	-5.6369586609e-01	-5.6808314449e-01	-5.6808314449e-01	-5.7780351900e-01	-5.7780351900e-01	-5.8271328361e-01	-5.8271328361e-01	-5.8271328361e-01	-5.8984951901e-01	-5.8984951901e-01	-5.9056339910e-01	-5.9902308124e-01	-5.9902308124e-01	-5.9894062898e-01	-5.9894062898e-01	-5.9894062898e-01	-6.0717276965e-01	
82	0.0	-2.8786368230e-03	-2.8786368230e-03	-3.0205502455e-02	-5.8249464694e-02	-5.8249464694e-02	-5.8249464694e-02	-5.8249464694e-02	-9.5921864792e-02	-9.5921864792e-02	-9.5921864792e-02	-9.5921864792e-02	-1.3863248259e-01	-1.3863248259e-01	-1.3863248259e-01	-1.7282421694e-01	-1.8313846186e-01	-1.8313846186e-01	-1.8313846186e-01	-2.1735231052e-01	-2.2729558143e-01	-2.2729558143e-01	-2.2729558143e-01	-2.2729558143e-01	-2.6883759920e-01	-2.6883759920e-01	-2.6883759920e-01	-2.9525650058e-01	-3.0523816688e-01	-3.0523816688e-01	-3.0523816688e-01	-3.2587559140e-01	-3.3604095355e-01	-3.3604095355e-01	-3.3604095355e-01	-3.5207129051e-01	-3.6092986153e-01	-3.6092986153e-01	-3.6092986153e-01	-3.7376598078e-01	-3.8764817661e-01	-3.8764817661e-01	-3.8764817661e-01	-4.0874832212e-01	-4.0874832212e-01	-4.1607043598e-01	-4.1607043598e-01	-4.1607043598e-01	-4.3366388881e-01	-4.3366388881e-01	-4.3366388881e-01	-4.4169057569e-01	-4.5015290110e-01	-4.5015290110e-01	-4.5015290110e-01	-4.5669778838e-01	-4.6394326588e-01	-4.6394326588e-01	-4.6394326588e-01	-4.7700924647e-01	-4.8851672625e-01	-4.8851672625e-01	-4.8851672625e-01	-4.8851672625e-01	-4.9474476934e-01	-5.0060008750e-01	-5.0060008750e-01	-5.0060008750e-01	-5.1217007681e-01	-5.1869555940e-01	-5.1869555940e-01	-5.1869555940e-01	-5.3030270897e-01	-5.3030270897e-01	-5.3030270897e-01	-5.3620947707e-01	-5.3620947707e-01	-5.4540848503e-01	-5.4540848503e-01	-5.5697910751e-01	-5.5697910751e-01	-5.6088547896e-01	-5.6088547896e-01	-5.6088547896e-01	-5.6650423438e-01	-5.7093200560e-01	-5.7093200560e-01	-5.8065224306e-01	-5.8065224306e-01	-5.8561875124e-01	-5.8561875124e-01	-5.8561875124e-01	-5.9275535823e-01	-5.9275535823e-01	-5.9350269361e-01	-6.0194821056e-01	-6.0194821056e-01	-6.0191371833e-01	-6.0191371833e-01	-6.0191371833e-01	-6.1015752878e-01	
83	0.0	-2.8888478858e-03	-2.8888478858e-03	-3.0224362213e-02	-5.8346047551e-02	-5.8346047551e-02	-5.8346047551e-02	-5.8346047551e-02	-9.6092708804e-02	-9.6092708804e-02	-9.6092708804e-02	-9.6092708804e-02	-1.3889783486e-01	-1.3889783486e-01	-1.3889783486e-01	-1.7320056610e-01	-1.8352413375e-01	-1.8352413375e-01	-1.8352413375e-01	-2.1789221577e-01	-2.2784460655e-01	-2.2784460655e-01	-2.2784460655e-01	-2.2784460655e-01	-2.6962880711e-01	-2.6962880711e-01	-2.6962880711e-01	-2.9634342283e-01	-3.0633427759e-01	-3.0633427759e-01	-3.0633427759e-01	-3.2726578287e-01	-3.3744135857e-01	-3.3744135857e-01	-3.3744135857e-01	-3.5373954238e-01	-3.6260793338e-01	-3.6260793338e-01	-3.6260793338e-01	-3.7566006541e-01	-3.8956134023e-01	-3.8956134023e-01	-3.8956134023e-01	-4.1100808318e-01	-4.1100808318e-01	-4.1834484371e-01	-4.1834484371e-01	-4.1834484371e-01	-4.3608097827e-01	-4.3608097827e-01	-4.3608097827e-01	-4.4417977309e-01	-4.5266323707e-01	-4.5266323707e-01	-4.5266323707e-01	-4.5925165374e-01	-4.6651874800e-01	-4.6651874800e-01	-4.6651874800e-01	-4.7967488646e-01	-4.9121825659e-01	-4.9121825659e-01	-4.9121825659e-01	-4.9121825659e-01	-4.9747378864e-01	-5.0334740258e-01	-5.0334740258e-01	-5.0334740258e-01	-5.1494535295e-01	-5.2149145643e-01	-5.2149145643e-01	-5.2149145643e-01	-5.3312667017e-01	-5.3312667017e-01	-5.3312667017e-01	-5.3903704566e-01	-5.3903704566e-01	-5.4827741872e-01	-5.4827741872e-01	-5.5984890862e-01	-5.5984890862e-01	-5.6378181235e-01	-5.6378181235e-01	-5.6378181235e-01	-5.6939961368e-01	-5.7386405778e-01	-5.7386405778e-01	-5.8358666023e-01	-5.8358666023e-01	-5.8860363067e-01	-5.8860363067e-01	-5.8860363067e-01	-5.9574219916e-01	-5.9574219916e-01	-5.9651813854e-01	-6.0495295686e-01	-6.0495295686e-01	-6.0495827278e-01	-6.0495827278e-01	-6.0495827278e-01	-6.1321102985e-01	
84	0.0	-2.9056685428e-03	-2.9056685428e-03	-3.0251407084e-02	-5.8462646747e-02	-5.8462646747e-02	-5.8462646747e-02	-5.8462646747e-02	-9.6298197926e-02	-9.6298197926e-02	-9.6298197926e-02	-9.6298197926e-02	-1.3921244215e-01	-1.3921244215e-01	-1.3921244215e-01	-1.7363502076e-01	-1.8397131567e-01	-1.8397131567e-01	-1.8397131567e-01	-2.1849758219e-01	-2.2846197286e-01	-2.2846197286e-01	-2.2846197286e-01	-2.2846197286e-01	-2.7048600663e-01	-2.7048600663e-01	-2.7048600663e-01	-2.9748487707e-01	-3.0748745088e-01	-3.0748745088e-01	-3.0748745088e-01	-3.2869983235e-01	-3.3888805187e-01	-3.3888805187e-01	-3.3888805187e-01	-3.5543978569e-01	-3.6431993767e-01	-3.6431993767e-01	-3.6431993767e-01	-3.7758094921e-01	-3.9150398060e-01	-3.9150398060e-01	-3.9150398060e-01	-4.1329148655e-01	-4.1329148655e-01	-4.2064395245e-01	-4.2064395245e-01	-4.2064395245e-01	-4.3851992448e-01	-4.3851992448e-01	-4.3851992448e-01	-4.4668658535e-01	-4.5519224890e-01	-4.5519224890e-01	-4.5519224890e-01	-4.6182025035e-01	-4.6910979328e-01	-4.6910979328e-01	-4.6910979328e-01	-4.8234662824e-01	-4.9392711485e-01	-4.9392711485e-01	-4.9392711485e-01	-4.9392711485e-01	-5.0020361911e-01	-5.0609632137e-01	-5.0609632137e-01	-5.0609632137e-01	-5.1771110750e-01	-5.2427870788e-01	-5.2427870788e-01	-5.2427870788e-01	-5.3593797731e-01	-5.3593797731e-01	-5.3593797731e-01	-5.4184789001e-01	-5.4184789001e-01	-5.5113014881e-01	-5.5113014881e-01	-5.6269579421e-01	-5.6269579421e-01	-5.6665537771e-01	-5.6665537771e-01	-5.6665537771e-01	-5.7226888415e-01	-5.7676962410e-01	-5.7676962410e-01	-5.8648792240e-01	-5.8648792240e-01	-5.9155487938e-01	-5.9155487938e-01	-5.9155487938e-01	-5.9869020780e-01	-5.9869020780e-01	-5.9949463437e-01	-6.0791362735e-01	-6.0791362735e-01	-6.0795781457e-01	-6.0795781457e-01	-6.0795781457e-01	-6.1621302978e-01	
85	0.0	-2.9287029599e-03	-2.9287029599e-03	-3.0286406719e-02	-5.8598484729e-02	-5.8598484729e-02	-5.8598484729e-02	-5.8598484729e-02	-9.6537570015e-02	-9.6537570015e-02	-9.6537570015e-02	-9.6537570015e-02	-1.3957657379e-01	-1.3957657379e-01	-1.3957657379e-01	-1.7412952020e-01	-1.8448199163e-01	-1.8448199163e-01	-1.8448199163e-01	-2.1917301582e-01	-2.2915233678e-01	-2.2915233678e-01	-2.2915233678e-01	-2.2915233678e-01	-2.7141819505e-01	-2.7141819505e-01	-2.7141819505e-01	-2.9869376915e-01	-3.0871070617e-01	-3.0871070617e-01	-3.0871070617e-01	-3.3019162582e-01	-3.4039501108e-01	-3.4039501108e-01	-3.4039501108e-01	-3.5718579739e-01	-3.6607972672e-01	-3.6607972672e-01	-3.6607972672e-01	-3.7954007558e-01	-3.9348767016e-01	-3.9348767016e-01	-3.9348767016e-01	-4.1560453467e-01	-4.1560453467e-01	-4.2297384970e-01	-4.2297384970e-01	-4.2297384970e-01	-4.4098451270e-01	-4.4098451270e-01	-4.4098451270e-01	-4.4921338237e-01	-4.5774236761e-01	-4.5774236761e-01	-4.5774236761e-01	-4.6440603091e-01	-4.7171890140e-01	-4.7171890140e-01	-4.7171890140e-01	-4.8502926559e-01	-4.9664817970e-01	-4.9664817970e-01	-4.9664817970e-01	-4.9664817970e-01	-5.0294165957e-01	-5.0885423425e-01	-5.0885423425e-01	-5.0885423425e-01	-5.2047777693e-01	-5.2706767849e-01	-5.2706767849e-01	-5.2706767849e-01	-5.3874746405e-01	-5.3874746405e-01	-5.3874746405e-01	-5.4465300832e-01	-5.4465300832e-01	-5.5397747373e-01	-5.5397747373e-01	-5.6552992812e-01	-5.6552992812e-01	-5.6951593958e-01	-5.6951593958e-01	-5.6951593958e-01	-5.7512181248e-01	-5.7965844569e-01	-5.7965844569e-01	-5.8936749193e-01	-5.8936749193e-01	-5.9448420040e-01	-5.9448420040e-01	-5.9448420040e-01	-6.0161286145e-01	-6.0161286145e-01	-6.0244570959e-01	-6.1084768741e-01	-6.1084768741e-01	-6.1093010405e-01	-6.1093010405e-01	-6.1093010405e-01	-6.1918702435e-01	
86	0.0	-2.9607743301e-03	-2.9607743301e-03	-3.0327127590e-02	-5.8758618812e-02	-5.8758618812e-02	-5.8758618812e-02	-5.8758618812e-02	-9.6821258428e-02	-9.6821258428e-02	-9.6821258428e-02	-9.6821258428e-02	-1.4000852652e-01	-1.4000852652e-01	-1.4000852652e-01	-1.7471523292e-01	-1.8508479942e-01	-1.8508479942e-01	-1.8508479942e-01	-2.1996373801e-01	-2.2995842674e-01	-2.2995842674e-01	-2.2995842674e-01	-2.2995842674e-01	-2.7248763130e-01	-2.7248763130e-01	-2.7248763130e-01	-3.0006707988e-01	-3.1009851466e-01	-3.1009851466e-01	-3.1009851466e-01	-3.3187121274e-01	-3.4208971582e-01	-3.4208971582e-01	-3.4208971582e-01	-3.5912061977e-01	-3.6802808661e-01	-3.6802808661e-01	-3.6802808661e-01	-3.8168339976e-01	-3.9565473661e-01	-3.9565473661e-01	-3.9565473661e-01	-4.1809201049e-01	-4.1809201049e-01	-4.2547698430e-01	-4.2547698430e-01	-4.2547698430e-01	-4.4361549546e-01	-4.4361549546e-01	-4.4361549546e-01	-4.5190193391e-01	-4.6045244213e-01	-4.6045244213e-01	-4.6045244213e-01	-4.6714824167e-01	-4.7448256784e-01	-4.7448256784e-01	-4.7448256784e-01	-4.8785726614e-01	-4.9951111493e-01	-4.9951111493e-01	-4.9951111493e-01	-4.9951111493e-01	-5.0581675676e-01	-5.1174685400e-01	-5.1174685400e-01	-5.1174685400e-01	-5.2337001636e-01	-5.2997935776e-01	-5.2997935776e-01	-5.2997935776e-01	-5.4167201192e-01	-5.4167201192e-01	-5.4167201192e-01	-5.4756874066e-01	-5.4756874066e-01	-5.5692893715e-01	-5.5692893715e-01	-5.6845974097e-01	-5.6845974097e-01	-5.7246734605e-01	-5.7246734605e-01	-5.7246734605e-01	-5.7806170868e-01	-5.8262793852e-01	-5.8262793852e-01	-5.9232030822e-01	-5.9232030822e-01	-5.9747672835e-01	-5.9747672835e-01	-5.9747672835e-01	-6.0459281959e-01	-6.0459281959e-01	-6.0544580473e-01	-6.1382272829e-01	-6.1382272829e-01	-6.1393028678e-01	-6.1393028678e-01	-6.1393028678e-01	-6.2216745085e-01	
87	0.0	-2.9993772537e-03	-2.9993772537e-03	-3.0376166274e-02	-5.8940478925e-02	-5.8940478925e-02	-5.8940478925e-02	-5.8940478925e-02	-9.7142851111e-02	-9.7142851111e-02	-9.7142851111e-02	-9.7142851111e-02	-1.4049514697e-01	-1.4049514697e-01	-1.4049514697e-01	-1.7536685265e-01	-1.8575733465e-01	-1.8575733465e-01	-1.8575733465e-01	-2.2083350210e-01	-2.3084693904e-01	-2.3084693904e-01	-2.3084693904e-01	-2.3084693904e-01	-2.7364980311e-01	-2.7364980311e-01	-2.7364980311e-01	-3.0154231316e-01	-3.1159147032e-01	-3.1159147032e-01	-3.1159147032e-01	-3.3366378288e-01	-3.4390058652e-01	-3.4390058652e-01	-3.4390058652e-01	-3.6116882916e-01	-3.7009246728e-01	-3.7009246728e-01	-3.7009246728e-01	-3.8393760293e-01	-3.9793652752e-01	-3.9793652752e-01	-3.9793652752e-01	-4.2069653432e-01	-4.2069653432e-01	-4.2809897097e-01	-4.2809897097e-01	-4.2809897097e-01	-4.4636988844e-01	-4.4636988844e-01	-4.4636988844e-01	-4.5471862209e-01	-4.6329258026e-01	-4.6329258026e-01	-4.6329258026e-01	-4.7002584024e-01	-4.7738323673e-01	-4.7738323673e-01	-4.7738323673e-01	-4.9083257605e-01	-5.0252401159e-01	-5.0252401159e-01	-5.0252401159e-01	-5.0252401159e-01	-5.0884724436e-01	-5.1479672038e-01	-5.1479672038e-01	-5.1479672038e-01	-5.2643068228e-01	-5.3306162734e-01	-5.3306162734e-01	-5.3306162734e-01	-5.4477502114e-01	-5.4477502114e-01	-5.4477502114e-01	-5.5066908894e-01	-5.5066908894e-01	-5.6006803485e-01	-5.6006803485e-01	-5.7158918301e-01	-5.7158918301e-01	-5.7562004184e-01	-5.7562004184e-01	-5.7562004184e-01	-5.8120887104e-01	-5.8580675627e-01	-5.8580675627e-01	-5.9549234539e-01	-5.9549234539e-01	-6.0069203801e-01	-6.0069203801e-01	-6.0069203801e-01	-6.0780255272e-01	-6.0780255272e-01	-6.0867769779e-01	-6.1703860204e-01	-6.1703860204e-01	-6.1717336570e-01	-6.1717336570e-01	-6.1717336570e-01	-6.2540125036e-01	
88	0.0	-3.0449125730e-03	-3.0449125730e-03	-3.0431352877e-02	-5.9141218806e-02	-5.9141218806e-02	-5.9141218806e-02	-5.9141218806e-02	-9.7497588520e-02	-9.7497588520e-02	-9.7497588520e-02	-9.7497588520e-02	-1.4102975128e-01	-1.4102975128e-01	-1.4102975128e-01	-1.7607741426e-01	-1.8649090784e-01	-1.8649090784e-01	-1.8649090784e-01	-2.2177275173e-01	-2.3180648975e-01	-2.3180648975e-01	-2.3180648975e-01	-2.3180648975e-01	-2.7488950568e-01	-2.7488950568e-01	-2.7488950568e-01	-3.0309984275e-01	-3.1316790857e-01	-3.1316790857e-01	-3.1316790857e-01	-3.3554293841e-01	-3.4579907402e-01	-3.4579907402e-01	-3.4579907402e-01	-3.6330178178e-01	-3.7224231439e-01	-3.7224231439e-01	-3.7224231439e-01	-3.8627267079e-01	-4.0029995384e-01	-4.0029995384e-01	-4.0029995384e-01	-4.2338472457e-01	-4.2338472457e-01	-4.3080439762e-01	-4.3080439762e-01	-4.3080439762e-01	-4.4920967182e-01	-4.4920967182e-01	-4.4920967182e-01	-4.5762487896e-01	-4.6622165942e-01	-4.6622165942e-01	-4.6622165942e-01	-4.7299659375e-01	-4.8037629466e-01	-4.8037629466e-01	-4.8037629466e-01	-4.9390715221e-01	-5.0563470520e-01	-5.0563470520e-01	-5.0563470520e-01	-5.0563470520e-01	-5.1197929512e-01	-5.1794728118e-01	-5.1794728118e-01	-5.1794728118e-01	-5.2959942653e-01	-5.3625092719e-01	-5.3625092719e-01	-5.3625092719e-01	-5.4798795767e-01	-5.4798795767e-01	-5.4798795767e-01	-5.5388394454e-01	-5.5388394454e-01	-5.6331894951e-01	-5.6331894951e-01	-5.7484021434e-01	-5.7484021434e-01	-5.7889239133e-01	-5.7889239133e-01	-5.7889239133e-01	-5.8448054413e-01	-5.8910756938e-01	-5.8910756938e-01	-5.9879352564e-01	-5.9879352564e-01	-6.0403257517e-01	-6.0403257517e-01	-6.0403257517e-01	-6.1114243260e-01	-6.1114243260e-01	-6.1203641758e-01	-6.2038640020e-01	-6.2038640020e-01	-6.2054317083e-01	-6.2054317083e-01	-6.2054317083e-01	-6.2876210994e-01	
89	0.0	-3.0970280156e-03	-3.0970280156e-03	-3.0492423246e-02	-5.9359526904e-02	-5.9359526904e-02	-5.9359526904e-02	-5.9359526904e-02	-9.7883369791e-02	-9.7883369791e-02	-9.7883369791e-02	-9.7883369791e-02	-1.4160955658e-01	-1.4160955658e-01	-1.4160955658e-01	-1.7684348667e-01	-1.8728222381e-01	-1.8728222381e-01	-1.8728222381e-01	-2.2277721029e-01	-2.3283301837e-01	-2.3283301837e-01	-2.3283301837e-01	-2.3283301837e-01	-2.7620102064e-01	-2.7620102064e-01	-2.7620102064e-01	-3.0473018265e-01	-3.1481868408e-01	-3.1481868408e-01	-3.1481868408e-01	-3.3749613923e-01	-3.4777306487e-01	-3.4777306487e-01	-3.4777306487e-01	-3.6550723143e-01	-3.7446579959e-01	-3.7446579959e-01	-3.7446579959e-01	-3.8867781805e-01	-4.0273494920e-01	-4.0273494920e-01	-4.0273494920e-01	-4.2614741104e-01	-4.2614741104e-01	-4.3358459401e-01	-4.3358459401e-01	-4.3358459401e-01	-4.5212719819e-01	-4.5212719819e-01	-4.5212719819e-01	-4.6061344147e-01	-4.6923307461e-01	-4.6923307461e-01	-4.6923307461e-01	-4.7605440756e-01	-4.8345625515e-01	-4.8345625515e-01	-4.8345625515e-01	-4.9707789249e-01	-5.0884116588e-01	-5.0884116588e-01	-5.0884116588e-01	-5.0884116588e-01	-5.1521246106e-01	-5.2119881365e-01	-5.2119881365e-01	-5.2119881365e-01	-5.3288033387e-01	-5.3955215548e-01	-5.3955215548e-01	-5.3955215548e-01	-5.5131862493e-01	-5.5131862493e-01	-5.5131862493e-01	-5.5722348171e-01	-5.5722348171e-01	-5.6669327681e-01	-5.6669327681e-01	-5.7822983015e-01	-5.7822983015e-01	-5.8230232754e-01	-5.8230232754e-01	-5.8230232754e-01	-5.8789742998e-01	-5.9255213914e-01	-5.9255213914e-01	-6.0225058218e-01	-6.0225058218e-01	-6.0752658206e-01	-6.0752658206e-01	-6.0752658206e-01	-6.1464454263e-01	-6.1464454263e-01	-6.1555499049e-01	-6.2390296299e-01	-6.2390296299e-01	-6.2407770222e-01	-6.2407770222e-01	-6.2407770222e-01	-6.3229247141e-01	
90	0.0	-3.1550745968e-03	-3.1550745968e-03	-3.0558838117e-02	-5.9593236266e-02	-5.9593236266e-02	-5.9593236266e-02	-5.9593236266e-02	-9.8296373064e-02	-9.8296373064e-02	-9.8296373064e-02	-9.8296373064e-02	-1.4222867273e-01	-1.4222867273e-01	-1.4222867273e-01	-1.7765702520e-01	-1.8812303812e-01	-1.8812303812e-01	-1.8812303812e-01	-2.2383599816e-01	-2.3391541172e-01	-2.3391541172e-01	-2.3391541172e-01	-2.3391541172e-01	-2.7756936862e-01	-2.7756936862e-01	-2.7756936862e-01	-3.0641318449e-01	-3.1652334464e-01	-3.1652334464e-01	-3.1652334464e-01	-3.3949799733e-01	-3.4979683488e-01	-3.4979683488e-01	-3.4979683488e-01	-3.6775654886e-01	-3.7673398882e-01	-3.7673398882e-01	-3.7673398882e-01	-3.9112191920e-01	-4.0520988213e-01	-4.0520988213e-01	-4.0520988213e-01	-4.2894756531e-01	-4.2894756531e-01	-4.3640216977e-01	-4.3640216977e-01	-4.3640216977e-01	-4.5508162329e-01	-4.5508162329e-01	-4.5508162329e-01	-4.6364047271e-01	-4.7228248770e-01	-4.7228248770e-01	-4.7228248770e-01	-4.7915256464e-01	-4.8657591131e-01	-4.8657591131e-01	-4.8657591131e-01	-5.0029323644e-01	-5.1209096725e-01	-5.1209096725e-01	-5.1209096725e-01	-5.1209096725e-01	-5.1849216522e-01	-5.2449615820e-01	-5.2449615820e-01	-5.2449615820e-01	-5.3621378767e-01	-5.4290500120e-01	-5.4290500120e-01	-5.4290500120e-01	-5.5470352331e-01	-5.5470352331e-01	-5.5470352331e-01	-5.6062130852e-01	-5.6062130852e-01	-5.7012335095e-01	-5.7012335095e-01	-5.8168346613e-01	-5.8168346613e-01	-5.8577449272e-01	-5.8577449272e-01	-5.8577449272e-01	-5.9138074720e-01	-5.9606058011e-01	-5.9606058011e-01	-6.0577795750e-01	-6.0577795750e-01	-6.1108668072e-01	-6.1108668072e-01	-6.1108668072e-01	-6.1821763555e-01	-6.1821763555e-01	-6.1914104414e-01	-6.2749241118e-01	-6.2749241118e-01	-6.2767952920e-01	-6.2767952920e-01	-6.2767952920e-01	-6.3589044517e-01	
91	0.0	-3.2195969450e-03	-3.2195969450e-03	-3.0627356253e-02	-5.9839151039e-02	-5.9839151039e-02	-5.9839151039e-02	-5.9839151039e-02	-9.8731104325e-02	-9.8731104325e-02	-9.8731104325e-02	-9.8731104325e-02	-1.4287904321e-01	-1.4287904321e-01	-1.4287904321e-01	-1.7850968642e-01	-1.8900218984e-01	-1.8900218984e-01	-1.8900218984e-01	-2.2493739177e-01	-2.3503905234e-01	-2.3503905234e-01	-2.3503905234e-01	-2.3503905234e-01	-2.7897608340e-01	-2.7897608340e-01	-2.7897608340e-01	-3.0812848285e-01	-3.1825843264e-01	-3.1825843264e-01	-3.1825843264e-01	-3.4152315289e-01	-3.5184180761e-01	-3.5184180761e-01	-3.5184180761e-01	-3.7002055081e-01	-3.7901484471e-01	-3.7901484471e-01	-3.7901484471e-01	-3.9357276051e-01	-4.0768789992e-01	-4.0768789992e-01	-4.0768789992e-01	-4.3174517709e-01	-4.3174517709e-01	-4.3921418249e-01	-4.3921418249e-01	-4.3921418249e-01	-4.5802505049e-01	-4.5802505049e-01	-4.5802505049e-01	-4.6665625874e-01	-4.7531666420e-01	-4.7531666420e-01	-4.7531666420e-01	-4.8223608086e-01	-4.8967704819e-01	-4.8967704819e-01	-4.8967704819e-01	-5.0349073599e-01	-5.1531617843e-01	-5.1531617843e-01	-5.1531617843e-01	-5.1531617843e-01	-5.2174832386e-01	-5.2776591120e-01	-5.2776591120e-01	-5.2776591120e-01	-5.3952283691e-01	-5.4622879211e-01	-5.4622879211e-01	-5.4622879211e-01	-5.5805688203e-01	-5.5805688203e-01	-5.5805688203e-01	-5.6399001061e-01	-5.6399001061e-01	-5.7351553961e-01	-5.7351553961e-01	-5.8510458928e-01	-5.8510458928e-01	-5.8920872600e-01	-5.8920872600e-01	-5.8920872600e-01	-5.9482895489e-01	-5.9952686241e-01	-5.9952686241e-01	-6.0926827531e-01	-6.0926827531e-01	-6.1459881143e-01	-6.1459881143e-01	-6.1459881143e-01	-6.2174709155e-01	-6.2174709155e-01	-6.2267621456e-01	-6.3103839308e-01	-6.3103839308e-01	-6.3122768374e-01	-6.3122768374e-01	-6.3122768374e-01	-6.3943614896e-01	
92	0.0	-3.2878161860e-03	-3.2878161860e-03	-3.0699921456e-02	-6.0093318716e-02	-6.0093318716e-02	-6.0093318716e-02	-6.0093318716e-02	-9.9180178276e-02	-9.9180178276e-02	-9.9180178276e-02	-9.9180178276e-02	-1.4354897079e-01	-1.4354897079e-01	-1.4354897079e-01	-1.7938158326e-01	-1.8990233127e-01	-1.8990233127e-01	-1.8990233127e-01	-2.2605310784e-01	-2.3617834707e-01	-2.3617834707e-01	-2.3617834707e-01	-2.3617834707e-01	-2.8038513607e-01	-2.8038513607e-01	-2.8038513607e-01	-3.0982698213e-01	-3.1997782719e-01	-3.1997782719e-01	-3.1997782719e-01	-3.4351337200e-01	-3.5385288500e-01	-3.5385288500e-01	-3.5385288500e-01	-3.7223394442e-01	-3.8124586636e-01	-3.8124586636e-01	-3.8124586636e-01	-3.9595875026e-01	-4.1010192555e-01	-4.1010192555e-01	-4.1010192555e-01	-4.3445585277e-01	-4.3445585277e-01	-4.4193917931e-01	-4.4193917931e-01	-4.4193917931e-01	-4.6086966429e-01	-4.6086966429e-01	-4.6086966429e-01	-4.6956275493e-01	-4.7824118104e-01	-4.7824118104e-01	-4.7824118104e-01	-4.8520160760e-01	-4.9265964198e-01	-4.9265964198e-01	-4.9265964198e-01	-5.0655308658e-01	-5.1840519829e-01	-5.1840519829e-01	-5.1840519829e-01	-5.1840519829e-01	-5.2486091288e-01	-5.3089168378e-01	-5.3089168378e-01	-5.3089168378e-01	-5.4267489281e-01	-5.4939510492e-01	-5.4939510492e-01	-5.4939510492e-01	-5.6124576191e-01	-5.6124576191e-01	-5.6124576191e-01	-5.6718804051e-01	-5.6718804051e-01	-5.7673549896e-01	-5.7673549896e-01	-5.8834163122e-01	-5.8834163122e-01	-5.9245794752e-01	-5.9245794752e-01	-5.9245794752e-01	-5.9808650875e-01	-6.0280096548e-01	-6.0280096548e-01	-6.1255761591e-01	-6.1255761591e-01	-6.1790758355e-01	-6.1790758355e-01	-6.1790758355e-01	-6.2506734539e-01	-6.2506734539e-01	-6.2600099712e-01	-6.3437150699e-01	-6.3437150699e-01	-6.3456133827e-01	-6.3456133827e-01	-6.3456133827e-01	-6.4276618729e-01	
93	0.0	-3.3600971287e-03	-3.3600971287e-03	-3.0774796456e-02	-6.0354464679e-02	-6.0354464679e-02	-6.0354464679e-02	-6.0354464679e-02	-9.9641995703e-02	-9.9641995703e-02	-9.9641995703e-02	-9.9641995703e-02	-1.4423729915e-01	-1.4423729915e-01	-1.4423729915e-01	-1.8027464449e-01	-1.9082412775e-01	-1.9082412775e-01	-1.9082412775e-01	-2.2718806482e-01	-2.3733702905e-01	-2.3733702905e-01	-2.3733702905e-01	-2.3733702905e-01	-2.8180254240e-01	-2.8180254240e-01	-2.8180254240e-01	-3.1151570349e-01	-3.2168743244e-01	-3.2168743244e-01	-3.2168743244e-01	-3.4547614582e-01	-3.5583643278e-01	-3.5583643278e-01	-3.5583643278e-01	-3.7440598724e-01	-3.8343536376e-01	-3.8343536376e-01	-3.8343536376e-01	-3.9829191471e-01	-4.1246253834e-01	-4.1246253834e-01	-4.1246253834e-01	-4.3709500887e-01	-4.3709500887e-01	-4.4459174363e-01	-4.4459174363e-01	-4.4459174363e-01	-4.6363242090e-01	-4.6363242090e-01	-4.6363242090e-01	-4.7238092101e-01	-4.8107598355e-01	-4.8107598355e-01	-4.8107598355e-01	-4.8807304303e-01	-4.9554665623e-01	-4.9554665623e-01	-4.9554665623e-01	-5.0951274960e-01	-5.2138888816e-01	-5.2138888816e-01	-5.2138888816e-01	-5.2138888816e-01	-5.2786594691e-01	-5.3390844009e-01	-5.3390844009e-01	-5.3390844009e-01	-5.4571521461e-01	-5.5244798505e-01	-5.5244798505e-01	-5.5244798505e-01	-5.6431836917e-01	-5.6431836917e-01	-5.6431836917e-01	-5.7026902007e-01	-5.7026902007e-01	-5.7983467796e-01	-5.7983467796e-01	-5.9145702973e-01	-5.9145702973e-01	-5.9558319871e-01	-5.9558319871e-01	-5.9558319871e-01	-6.0121976490e-01	-6.0594743246e-01	-6.0594743246e-01	-6.1571991756e-01	-6.1571991756e-01	-6.2108402589e-01	-6.2108402589e-01	-6.2108402589e-01	-6.2825642092e-01	-6.2825642092e-01	-6.2919135353e-01	-6.3757548445e-01	-6.3757548445e-01	-6.3776135210e-01	-6.3776135210e-01	-6.3776135210e-01	-6.4596803454e-01	
94	0.0	-3.4356842426e-03	-3.4356842426e-03	-3.0851083236e-02	-6.0620120741e-02	-6.0620120741e-02	-6.0620120741e-02	-6.0620120741e-02	-1.0011213255e-01	-1.0011213255e-01	-1.0011213255e-01	-1.0011213255e-01	-1.4493722275e-01	-1.4493722275e-01	-1.4493722275e-01	-1.8118074607e-01	-1.9175905161e-01	-1.9175905161e-01	-1.9175905161e-01	-2.2833374087e-01	-2.3850620224e-01	-2.3850620224e-01	-2.3850620224e-01	-2.3850620224e-01	-2.8321947465e-01	-2.8321947465e-01	-2.8321947465e-01	-3.1318474076e-01	-3.2337696281e-01	-3.2337696281e-01	-3.2337696281e-01	-3.4739918315e-01	-3.5777974121e-01	-3.5777974121e-01	-3.5777974121e-01	-3.7652280276e-01	-3.8556907610e-01	-3.8556907610e-01	-3.8556907610e-01	-4.0055719448e-01	-4.1475402963e-01	-4.1475402963e-01	-4.1475402963e-01	-4.3964431082e-01	-4.3964431082e-01	-4.4715311838e-01	-4.4715311838e-01	-4.4715311838e-01	-4.6629313020e-01	-4.6629313020e-01	-4.6629313020e-01	-4.7508989868e-01	-4.8379962195e-01	-4.8379962195e-01	-4.8379962195e-01	-4.9082813944e-01	-4.9831527088e-01	-4.9831527088e-01	-4.9831527088e-01	-5.1234490057e-01	-5.2424143515e-01	-5.2424143515e-01	-5.2424143515e-01	-5.2424143515e-01	-5.3073686008e-01	-5.3678900749e-01	-5.3678900749e-01	-5.3678900749e-01	-5.4861613155e-01	-5.5535919225e-01	-5.5535919225e-01	-5.5535919225e-01	-5.6724590480e-01	-5.6724590480e-01	-5.6724590480e-01	-5.7320418676e-01	-5.7320418676e-01	-5.8278329299e-01	-5.8278329299e-01	-5.9442126126e-01	-5.9442126126e-01	-5.9855428275e-01	-5.9855428275e-01	-5.9855428275e-01	-6.0419868108e-01	-6.0893532030e-01	-6.0893532030e-01	-6.1872347499e-01	-6.1872347499e-01	-6.2409509022e-01	-6.2409509022e-01	-6.2409509022e-01	-6.3127984826e-01	-6.3127984826e-01	-6.3221190136e-01	-6.4061258919e-01	-6.4061258919e-01	-6.4078864840e-01	-6.4078864840e-01	-6.4078864840e-01	-6.4899904953e-01	
95	0.0	-3.5134346622e-03	-3.5134346622e-03	-3.0928888058e-02	-6.0888468865e-02	-6.0888468865e-02	-6.0888468865e-02	-6.0888468865e-02	-1.0058747008e-01	-1.0058747008e-01	-1.0058747008e-01	-1.0058747008e-01	-1.4564423183e-01	-1.4564423183e-01	-1.4564423183e-01	-1.8209393813e-01	-1.9270220139e-01	-1.9270220139e-01	-1.9270220139e-01	-2.2948495262e-01	-2.3968199099e-01	-2.3968199099e-01	-2.3968199099e-01	-2.3968199099e-01	-2.8463395364e-01	-2.8463395364e-01	-2.8463395364e-01	-3.1483271075e-01	-3.2504601333e-01	-3.2504601333e-01	-3.2504601333e-01	-3.4928197559e-01	-3.5968314211e-01	-3.5968314211e-01	-3.5968314211e-01	-3.7858514803e-01	-3.8764838699e-01	-3.8764838699e-01	-3.8764838699e-01	-4.0275685052e-01	-4.1697952361e-01	-4.1697952361e-01	-4.1697952361e-01	-4.4210761315e-01	-4.4210761315e-01	-4.4962763708e-01	-4.4962763708e-01	-4.4962763708e-01	-4.6885770655e-01	-4.6885770655e-01	-4.6885770655e-01	-4.7769696920e-01	-4.8641997098e-01	-4.8641997098e-01	-4.8641997098e-01	-4.9347599451e-01	-5.0097513531e-01	-5.0097513531e-01	-5.0097513531e-01	-5.1506120424e-01	-5.2697550494e-01	-5.2697550494e-01	-5.2697550494e-01	-5.2697550494e-01	-5.3348719603e-01	-5.3954762002e-01	-5.3954762002e-01	-5.3954762002e-01	-5.5139265150e-01	-5.5814448698e-01	-5.5814448698e-01	-5.5814448698e-01	-5.7004507935e-01	-5.7004507935e-01	-5.7004507935e-01	-5.7601017011e-01	-5.7601017011e-01	-5.8559943128e-01	-5.8559943128e-01	-5.9725138288e-01	-5.9725138288e-01	-6.0138923953e-01	-6.0138923953e-01	-6.0138923953e-01	-6.0704065441e-01	-6.1178325640e-01	-6.1178325640e-01	-6.2158551563e-01	-6.2158551563e-01	-6.2696003065e-01	-6.2696003065e-01	-6.2696003065e-01	-6.3415597991e-01	-6.3415597991e-01	-6.3508247164e-01	-6.4350095784e-01	-6.4350095784e-01	-6.4366348407e-01	-6.4366348407e-01	-6.4366348407e-01	-6.5187897343e-01	
96	0.0	-3.5934727183e-03	-3.5934727183e-03	-3.1006248140e-02	-6.1157336154e-02	-6.1157336154e-02	-6.1157336154e-02	-6.1157336154e-02	-1.0106404910e-01	-1.0106404910e-01	-1.0106404910e-01	-1.0106404910e-01	-1.4635208297e-01	-1.4635208297e-01	-1.4635208297e-01	-1.8300745717e-01	-1.9364503493e-01	-1.9364503493e-01	-1.9364503493e-01	-2.3063325824e-01	-2.4085439459e-01	-2.4085439459e-01	-2.4085439459e-01	-2.4085439459e-01	-2.8603558962e-01	-2.8603558962e-01	-2.8603558962e-01	-3.1645026153e-01	-3.2668389985e-01	-3.2668389985e-01	-3.2668389985e-01	-3.5111497815e-01	-3.6153581724e-01	-3.6153581724e-01	-3.6153581724e-01	-3.8058409540e-01	-3.8966330025e-01	-3.8966330025e-01	-3.8966330025e-01	-4.0488321128e-01	-4.1912971223e-01	-4.1912971223e-01	-4.1912971223e-01	-4.4447815194e-01	-4.4447815194e-01	-4.5200757324e-01	-4.5200757324e-01	-4.5200757324e-01	-4.7131939422e-01	-4.7131939422e-01	-4.7131939422e-01	-4.8019754801e-01	-4.8893142964e-01	-4.8893142964e-01	-4.8893142964e-01	-4.9601299696e-01	-5.0352175293e-01	-5.0352175293e-01	-5.0352175293e-01	-5.1766141287e-01	-5.2958940148e-01	-5.2958940148e-01	-5.2958940148e-01	-5.2958940148e-01	-5.3611736945e-01	-5.4218385639e-01	-5.4218385639e-01	-5.4218385639e-01	-5.5404892411e-01	-5.6080706159e-01	-5.6080706159e-01	-5.6080706159e-01	-5.7272073368e-01	-5.7272073368e-01	-5.7272073368e-01	-5.7869453693e-01	-5.7869453693e-01	-5.8828916715e-01	-5.8828916715e-01	-5.9995930300e-01	-5.9995930300e-01	-6.0409911428e-01	-6.0409911428e-01	-6.0409911428e-01	-6.0975958992e-01	-6.1450410119e-01	-6.1450410119e-01	-6.2432321217e-01	-6.2432321217e-01	-6.2969456790e-01	-6.2969456790e-01	-6.2969456790e-01	-6.3690376094e-01	-6.3690376094e-01	-6.3782121624e-01	-6.4626194374e-01	-6.4626194374e-01	-6.4640631695e-01	-6.4640631695e-01	-6.4640631695e-01	-6.5463089716e-01	
97	0.0	-3.6750247126e-03	-3.6750247126e-03	-3.1082931227e-02	-6.1424921813e-02	-6.1424921813e-02	-6.1424921813e-02	-6.1424921813e-02	-1.0153873442e-01	-1.0153873442e-01	-1.0153873442e-01	-1.0153873442e-01	-1.4705624609e-01	-1.4705624609e-01	-1.4705624609e-01	-1.8391530391e-01	-1.9458149952e-01	-1.9458149952e-01	-1.9458149952e-01	-2.3177170175e-01	-2.4201645851e-01	-2.4201645851e-01	-2.4201645851e-01	-2.4201645851e-01	-2.8741756551e-01	-2.8741756551e-01	-2.8741756551e-01	-3.1803186837e-01	-3.2828506242e-01	-3.2828506242e-01	-3.2828506242e-01	-3.5289360149e-01	-3.6333324844e-01	-3.6333324844e-01	-3.6333324844e-01	-3.8251552499e-01	-3.9160986306e-01	-3.9160986306e-01	-3.9160986306e-01	-4.0693296879e-01	-4.2120170829e-01	-4.2120170829e-01	-4.2120170829e-01	-4.4675349263e-01	-4.4675349263e-01	-4.5429078945e-01	-4.5429078945e-01	-4.5429078945e-01	-4.7367733586e-01	-4.7367733586e-01	-4.7367733586e-01	-4.8259208764e-01	-4.9133469768e-01	-4.9133469768e-01	-4.9133469768e-01	-4.9844100179e-01	-5.0595715235e-01	-5.0595715235e-01	-5.0595715235e-01	-5.2014937413e-01	-5.3208718402e-01	-5.3208718402e-01	-5.3208718402e-01	-5.3208718402e-01	-5.3863218554e-01	-5.4470253634e-01	-5.4470253634e-01	-5.4470253634e-01	-5.5659082868e-01	-5.6335272787e-01	-5.6335272787e-01	-5.6335272787e-01	-5.7527901439e-01	-5.7527901439e-01	-5.7527901439e-01	-5.8126381335e-01	-5.8126381335e-01	-5.9085861326e-01	-5.9085861326e-01	-6.0255150508e-01	-6.0255150508e-01	-6.0668988330e-01	-6.0668988330e-01	-6.0668988330e-01	-6.1236160448e-01	-6.1710310455e-01	-6.1710310455e-01	-6.2694164175e-01	-6.2694164175e-01	-6.3230211166e-01	-6.3230211166e-01	-6.3230211166e-01	-6.3952614069e-01	-6.3952614069e-01	-6.4042939688e-01	-6.4889392049e-01	-6.4889392049e-01	-6.4901262545e-01	-6.4901262545e-01	-6.4901262545e-01	-6.5724255493e-01	
98	0.0	-3.7572128009e-03	-3.7572128009e-03	-3.1158782454e-02	-6.1689637112e-02	-6.1689637112e-02	-6.1689637112e-02	-6.1689637112e-02	-1.0200874255e-01	-1.0200874255e-01	-1.0200874255e-01	-1.0200874255e-01	-1.4775292406e-01	-1.4775292406e-01	-1.4775292406e-01	-1.8481226448e-01	-1.9550672865e-01	-1.9550672865e-01	-1.9550672865e-01	-2.3289425624e-01	-2.4316257114e-01	-2.4316257114e-01	-2.4316257114e-01	-2.4316257114e-01	-2.8877452190e-01	-2.8877452190e-01	-2.8877452190e-01	-3.1957286928e-01	-3.2984542607e-01	-3.2984542607e-01	-3.2984542607e-01	-3.5461439825e-01	-3.6507268119e-01	-3.6507268119e-01	-3.6507268119e-01	-3.8437653471e-01	-3.9348588385e-01	-3.9348588385e-01	-3.9348588385e-01	-4.0890352115e-01	-4.2319423604e-01	-4.2319423604e-01	-4.2319423604e-01	-4.4893071294e-01	-4.4893071294e-01	-4.5647553000e-01	-4.5647553000e-01	-4.5647553000e-01	-4.7593064209e-01	-4.7593064209e-01	-4.7593064209e-01	-4.8487925690e-01	-4.9363001080e-01	-4.9363001080e-01	-4.9363001080e-01	-5.0075972759e-01	-5.0828257609e-01	-5.0828257609e-01	-5.0828257609e-01	-5.2252500060e-01	-5.3447152288e-01	-5.3447152288e-01	-5.3447152288e-01	-5.3447152288e-01	-5.4103354535e-01	-5.4710749626e-01	-5.4710749626e-01	-5.4710749626e-01	-5.5902065164e-01	-5.6578609752e-01	-5.6578609752e-01	-5.6578609752e-01	-5.7772605748e-01	-5.7772605748e-01	-5.7772605748e-01	-5.8372331985e-01	-5.8372331985e-01	-5.9331762831e-01	-5.9331762831e-01	-6.0503634447e-01	-6.0503634447e-01	-6.0917296981e-01	-6.0917296981e-01	-6.0917296981e-01	-6.1485744055e-01	-6.1959500225e-01	-6.1959500225e-01	-6.2945532520e-01	-6.2945532520e-01	-6.3480384979e-01	-6.3480384979e-01	-6.3480384979e-01	-6.4204430764e-01	-6.4204430764e-01	-6.4293338658e-01	-6.5142335618e-01	-6.5142335618e-01	-6.5151647398e-01	-6.5151647398e-01	-6.5151647398e-01	-6.5975348499e-01	
99	0.0	-3.8400114939e-03	-3.8400114939e-03	-3.1231834396e-02	-6.1948951644e-02	-6.1948951644e-02	-6.1948951644e-02	-6.1948951644e-02	-1.0246954263e-01	-1.0246954263e-01	-1.0246954263e-01	-1.0246954263e-01	-1.4843600874e-01	-1.4843600874e-01	-1.4843600874e-01	-1.8569167809e-01	-1.9641318130e-01	-1.9641318130e-01	-1.9641318130e-01	-2.3399298718e-01	-2.4428388646e-01	-2.4428388646e-01	-2.4428388646e-01	-2.4428388646e-01	-2.9009722856e-01	-2.9009722856e-01	-2.9009722856e-01	-3.2106527852e-01	-3.3135640935e-01	-3.3135640935e-01	-3.3135640935e-01	-3.5627011454e-01	-3.6674622755e-01	-3.6674622755e-01	-3.6674622755e-01	-3.8615993060e-01	-3.9528360365e-01	-3.9528360365e-01	-3.9528360365e-01	-4.1078745070e-01	-4.2509899920e-01	-4.2509899920e-01	-4.2509899920e-01	-4.5100147022e-01	-4.5100147022e-01	-4.5855307967e-01	-4.5855307967e-01	-4.5855307967e-01	-4.7807034833e-01	-4.7807034833e-01	-4.7807034833e-01	-4.8705027227e-01	-4.9580817360e-01	-4.9580817360e-01	-4.9580817360e-01	-5.0295997434e-01	-5.1048849973e-01	-5.1048849973e-01	-5.1048849973e-01	-5.2477790145e-01	-5.3673154451e-01	-5.3673154451e-01	-5.3673154451e-01	-5.3673154451e-01	-5.4330992307e-01	-5.4938689177e-01	-5.4938689177e-01	-5.4938689177e-01	-5.6132457927e-01	-5.6809299106e-01	-5.6809299106e-01	-5.6809299106e-01	-5.8004626687e-01	-5.8004626687e-01	-5.8004626687e-01	-5.8605618583e-01	-5.8605618583e-01	-5.9564898330e-01	-5.9564898330e-01	-6.0739382887e-01	-6.0739382887e-01	-6.1152826517e-01	-6.1152826517e-01	-6.1152826517e-01	-6.1722562050e-01	-6.2195832758e-01	-6.2195832758e-01	-6.3184043836e-01	-6.3184043836e-01	-6.3717622931e-01	-6.3717622931e-01	-6.3717622931e-01	-6.4443295585e-01	-6.4443295585e-01	-6.4530859748e-01	-6.5382371642e-01	-6.5382371642e-01	-6.5389272721e-01	-6.5389272721e-01	-6.5389272721e-01	-6.6213761987e-01	
100	0.0	-3.9229407045e-03	-3.9229407045e-03	-3.1303519724e-02	-6.2203634377e-02	-6.2203634377e-02	-6.2203634377e-02	-6.2203634377e-02	-1.0292263595e-01	-1.0292263595e-01	-1.0292263595e-01	-1.0292263595e-01	-1.4910842502e-01	-1.4910842502e-01	-1.4910842502e-01	-1.8655631786e-01	-1.9730557599e-01	-1.9730557599e-01	-1.9730557599e-01	-2.3507267041e-01	-2.4538693800e-01	-2.4538693800e-01	-2.4538693800e-01	-2.4538693800e-01	-2.9139471649e-01	-2.9139471649e-01	-2.9139471649e-01	-3.2251976158e-01	-3.3282892014e-01	-3.3282892014e-01	-3.3282892014e-01	-3.5787348759e-01	-3.6836689612e-01	-3.6836689612e-01	-3.6836689612e-01	-3.8788008109e-01	-3.9701759111e-01	-3.9701759111e-01	-3.9701759111e-01	-4.1260036663e-01	-4.2693183277e-01	-4.2693183277e-01	-4.2693183277e-01	-4.5298316277e-01	-4.5298316277e-01	-4.6054098226e-01	-4.6054098226e-01	-4.6054098226e-01	-4.8011507930e-01	-4.8011507930e-01	-4.8011507930e-01	-4.8912478264e-01	-4.9788891933e-01	-4.9788891933e-01	-4.9788891933e-01	-5.0506233177e-01	-5.1259554896e-01	-5.1259554896e-01	-5.1259554896e-01	-5.2693061357e-01	-5.3888976565e-01	-5.3888976565e-01	-5.3888976565e-01	-5.3888976565e-01	-5.4548487571e-01	-5.5156409301e-01	-5.5156409301e-01	-5.5156409301e-01	-5.6352837070e-01	-5.7029886038e-01	-5.7029886038e-01	-5.7029886038e-01	-5.8226598616e-01	-5.8226598616e-01	-5.8226598616e-01	-5.8829003356e-01	-5.8829003356e-01	-5.9787952232e-01	-5.9787952232e-01	-6.0965336537e-01	-6.0965336537e-01	-6.1378444931e-01	-6.1378444931e-01	-6.1378444931e-01	-6.1949607031e-01	-6.2422193297e-01	-6.2422193297e-01	-6.3412817448e-01	-6.3412817448e-01	-6.3944833531e-01	-6.3944833531e-01	-6.3944833531e-01	-6.4672297439e-01	-6.4672297439e-01	-6.4758480140e-01	-6.5612682850e-01	-6.5612682850e-01	-6.5617216219e-01	-6.5617216219e-01	-6.5617216219e-01	-6.6442716007e-01	
101	0.0	-4.0045122077e-03	-4.0045122077e-03	-3.1373275865e-02	-6.2451673965e-02	-6.2451673965e-02	-6.2451673965e-02	-6.2451673965e-02	-1.0336513600e-01	-1.0336513600e-01	-1.0336513600e-01	-1.0336513600e-01	-1.4976616980e-01	-1.4976616980e-01	-1.4976616980e-01	-1.8740073115e-01	-1.9817858385e-01	-1.9817858385e-01	-1.9817858385e-01	-2.3612653207e-01	-2.4646462217e-01	-2.4646462217e-01	-2.4646462217e-01	-2.4646462217e-01	-2.9265811591e-01	-2.9265811591e-01	-2.9265811591e-01	-3.2392715904e-01	-3.3425397137e-01	-3.3425397137e-01	-3.3425397137e-01	-3.5941536105e-01	-3.6992568811e-01	-3.6992568811e-01	-3.6992568811e-01	-3.8952735403e-01	-3.9867835339e-01	-3.9867835339e-01	-3.9867835339e-01	-4.1433178136e-01	-4.2868248943e-01	-4.2868248943e-01	-4.2868248943e-01	-4.5486412383e-01	-4.5486412383e-01	-4.6242777712e-01	-4.6242777712e-01	-4.6242777712e-01	-4.8205282847e-01	-4.8205282847e-01	-4.8205282847e-01	-4.9109005466e-01	-4.9985982870e-01	-4.9985982870e-01	-4.9985982870e-01	-5.0705383295e-01	-5.1459107033e-01	-5.1459107033e-01	-5.1459107033e-01	-5.2896938067e-01	-5.4093298295e-01	-5.4093298295e-01	-5.4093298295e-01	-5.4093298295e-01	-5.4754458186e-01	-5.5362563855e-01	-5.5362563855e-01	-5.5362563855e-01	-5.6561711626e-01	-5.7238920956e-01	-5.7238920956e-01	-5.7238920956e-01	-5.8437028363e-01	-5.8437028363e-01	-5.8437028363e-01	-5.9040902339e-01	-5.9040902339e-01	-5.9999412279e-01	-5.9999412279e-01	-6.1179788561e-01	-6.1179788561e-01	-6.1592479741e-01	-6.1592479741e-01	-6.1592479741e-01	-6.2165108730e-01	-6.2636841103e-01	-6.2636841103e-01	-6.3629927596e-01	-6.3629927596e-01	-6.4160074335e-01	-6.4160074335e-01	-6.4160074335e-01	-6.4889357736e-01	-6.4889357736e-01	-6.4974084368e-01	-6.5830967938e-01	-6.5830967938e-01	-6.5833313806e-01	-6.5833313806e-01	-6.5833313806e-01	-6.6659975822e-01	
102	0.0	-4.0850034626e-03	-4.0850034626e-03	-3.1441553377e-02	-6.2694045912e-02	-6.2694045912e-02	-6.2694045912e-02	-6.2694045912e-02	-1.0379808061e-01	-1.0379808061e-01	-1.0379808061e-01	-1.0379808061e-01	-1.5041002684e-01	-1.5041002684e-01	-1.5041002684e-01	-1.8822560697e-01	-1.9903274066e-01	-1.9903274066e-01	-1.9903274066e-01	-2.3715496358e-01	-2.4751722952e-01	-2.4751722952e-01	-2.4751722952e-01	-2.4751722952e-01	-2.9388779264e-01	-2.9388779264e-01	-2.9388779264e-01	-3.2528857970e-01	-3.3563290311e-01	-3.3563290311e-01	-3.3563290311e-01	-3.6089796087e-01	-3.7142516464e-01	-3.7142516464e-01	-3.7142516464e-01	-3.9110482667e-01	-4.0026932815e-01	-4.0026932815e-01	-4.0026932815e-01	-4.1598533917e-01	-4.3035528802e-01	-4.3035528802e-01	-4.3035528802e-01	-4.5664937510e-01	-4.5664937510e-01	-4.6421886329e-01	-4.6421886329e-01	-4.6421886329e-01	-4.8388975839e-01	-4.8388975839e-01	-4.8388975839e-01	-4.9295262772e-01	-5.0172794550e-01	-5.0172794550e-01	-5.0172794550e-01	-5.0894185187e-01	-5.1648295941e-01	-5.1648295941e-01	-5.1648295941e-01	-5.3090241299e-01	-5.4287038472e-01	-5.4287038472e-01	-5.4287038472e-01	-5.4287038472e-01	-5.4949835218e-01	-5.5558155753e-01	-5.5558155753e-01	-5.5558155753e-01	-5.6760070477e-01	-5.7437482157e-01	-5.7437482157e-01	-5.7437482157e-01	-5.8637080977e-01	-5.8637080977e-01	-5.8637080977e-01	-5.9242468524e-01	-5.9242468524e-01	-6.0200631074e-01	-6.0200631074e-01	-6.1384074931e-01	-6.1384074931e-01	-6.1796416659e-01	-6.1796416659e-01	-6.1796416659e-01	-6.2370546821e-01	-6.2841474230e-01	-6.2841474230e-01	-6.3837063151e-01	-6.3837063151e-01	-6.4365476785e-01	-6.4365476785e-01	-6.4365476785e-01	-6.5096610262e-01	-6.5096610262e-01	-6.5180057535e-01	-6.6039619697e-01	-6.6039619697e-01	-6.6040099615e-01	-6.6040099615e-01	-6.6040099615e-01	-6.6868115927e-01	
103	0.0	-4.1629343160e-03	-4.1629343160e-03	-3.1503243107e-02	-6.2923841392e-02	-6.2923841392e-02	-6.2923841392e-02	-6.2923841392e-02	-1.0421196342e-01	-1.0421196342e-01	-1.0421196342e-01	-1.0421196342e-01	-1.5102797086e-01	-1.5102797086e-01	-1.5102797086e-01	-1.8901744662e-01	-1.9985368877e-01	-1.9985368877e-01	-1.9985368877e-01	-2.3814197119e-01	-2.4852826902e-01	-2.4852826902e-01	-2.4852826902e-01	-2.4852826902e-01	-2.9506562708e-01	-2.9506562708e-01	-2.9506562708e-01	-3.2658523040e-01	-3.3694679955e-01	-3.3694679955e-01	-3.3694679955e-01	-3.6230201687e-01	-3.7284597775e-01	-3.7284597775e-01	-3.7284597775e-01	-3.9259265578e-01	-4.0177065535e-01	-4.0177065535e-01	-4.0177065535e-01	-4.1754051122e-01	-4.3192976975e-01	-4.3192976975e-01	-4.3192976975e-01	-4.5831782659e-01	-4.5831782659e-01	-4.6589314385e-01	-4.6589314385e-01	-4.6589314385e-01	-4.8560428419e-01	-4.8560428419e-01	-4.8560428419e-01	-4.9469036592e-01	-5.0347116636e-01	-5.0347116636e-01	-5.0347116636e-01	-5.1070380337e-01	-5.1824869610e-01	-5.1824869610e-01	-5.1824869610e-01	-5.3270621643e-01	-5.4467861298e-01	-5.4467861298e-01	-5.4467861298e-01	-5.4467861298e-01	-5.5132239800e-01	-5.5740812729e-01	-5.5740812729e-01	-5.5740812729e-01	-5.6945472953e-01	-5.7623135583e-01	-5.7623135583e-01	-5.7623135583e-01	-5.8824302726e-01	-5.8824302726e-01	-5.8824302726e-01	-5.9431222876e-01	-5.9431222876e-01	-6.0389151556e-01	-6.0389151556e-01	-6.1575698694e-01	-6.1575698694e-01	-6.1987773666e-01	-6.1987773666e-01	-6.1987773666e-01	-6.2563420503e-01	-6.3033622247e-01	-6.3033622247e-01	-6.4031707933e-01	-6.4031707933e-01	-6.4558601493e-01	-6.4558601493e-01	-6.4558601493e-01	-6.5291570693e-01	-6.5291570693e-01	-6.5373961885e-01	-6.6236101375e-01	-6.6236101375e-01	-6.6235044025e-01	-6.6235044025e-01	-6.6235044025e-01	-6.7064492459e-01	
104	0.0	-4.2400131187e-03	-4.2400131187e-03	-3.1557742293e-02	-6.3141619278e-02	-6.3141619278e-02	-6.3141619278e-02	-6.3141619278e-02	-1.0461121964e-01	-1.0461121964e-01	-1.0461121964e-01	-1.0461121964e-01	-1.5162785904e-01	-1.5162785904e-01	-1.5162785904e-01	-1.8978347633e-01	-2.0065244535e-01	-2.0065244535e-01	-2.0065244535e-01	-2.3909691311e-01	-2.4951115642e-01	-2.4951115642e-01	-2.4951115642e-01	-2.4951115642e-01	-2.9620682222e-01	-2.9620682222e-01	-2.9620682222e-01	-3.2783118718e-01	-3.3821302105e-01	-3.3821302105e-01	-3.3821302105e-01	-3.6364452951e-01	-3.7420812672e-01	-3.7420812672e-01	-3.7420812672e-01	-3.9401068589e-01	-4.0320444085e-01	-4.0320444085e-01	-4.0320444085e-01	-4.1901926110e-01	-4.3343100512e-01	-4.3343100512e-01	-4.3343100512e-01	-4.5989483904e-01	-4.5989483904e-01	-4.6747744906e-01	-4.6747744906e-01	-4.6747744906e-01	-4.8722477982e-01	-4.8722477982e-01	-4.8722477982e-01	-4.9633175283e-01	-5.0511930864e-01	-5.0511930864e-01	-5.0511930864e-01	-5.1236963393e-01	-5.1991927517e-01	-5.1991927517e-01	-5.1991927517e-01	-5.3441213280e-01	-5.4639054850e-01	-5.4639054850e-01	-5.4639054850e-01	-5.4639054850e-01	-5.5304985010e-01	-5.5913912700e-01	-5.5913912700e-01	-5.5913912700e-01	-5.7121367082e-01	-5.7799389557e-01	-5.7799389557e-01	-5.7799389557e-01	-5.9002290453e-01	-5.9002290453e-01	-5.9002290453e-01	-5.9610810066e-01	-5.9610810066e-01	-6.0568688480e-01	-6.0568688480e-01	-6.1758473636e-01	-6.1758473636e-01	-6.2170386458e-01	-6.2170386458e-01	-6.2170386458e-01	-6.2747614262e-01	-6.3217190775e-01	-6.3217190775e-01	-6.4217831971e-01	-6.4217831971e-01	-6.4743438732e-01	-6.4743438732e-01	-6.4743438732e-01	-6.5478273241e-01	-6.5478273241e-01	-6.5559821570e-01	-6.6424466056e-01	-6.6424466056e-01	-6.6422159345e-01	-6.6422159345e-01	-6.6422159345e-01	-6.7253112713e-01	
105	0.0	-4.3134670369e-03	-4.3134670369e-03	-3.1608827238e-02	-6.3345451656e-02	-6.3345451656e-02	-6.3345451656e-02	-6.3345451656e-02	-1.0498658146e-01	-1.0498658146e-01	-1.0498658146e-01	-1.0498658146e-01	-1.5219216409e-01	-1.5219216409e-01	-1.5219216409e-01	-1.9050297366e-01	-2.0140302370e-01	-2.0140302370e-01	-2.0140302370e-01	-2.3999148855e-01	-2.5043195128e-01	-2.5043195128e-01	-2.5043195128e-01	-2.5043195128e-01	-2.9727000744e-01	-2.9727000744e-01	-2.9727000744e-01	-3.2898322072e-01	-3.3938307462e-01	-3.3938307462e-01	-3.3938307462e-01	-3.6487592652e-01	-3.7545644836e-01	-3.7545644836e-01	-3.7545644836e-01	-3.9530297035e-01	-4.0450997909e-01	-4.0450997909e-01	-4.0450997909e-01	-4.2036022349e-01	-4.3479038058e-01	-4.3479038058e-01	-4.3479038058e-01	-4.6131168844e-01	-4.6131168844e-01	-4.6890009510e-01	-4.6890009510e-01	-4.6890009510e-01	-4.8867648980e-01	-4.8867648980e-01	-4.8867648980e-01	-4.9780179896e-01	-5.0659466261e-01	-5.0659466261e-01	-5.0659466261e-01	-5.1386144919e-01	-5.2141461096e-01	-5.2141461096e-01	-5.2141461096e-01	-5.3593992678e-01	-5.4792255707e-01	-5.4792255707e-01	-5.4792255707e-01	-5.4792255707e-01	-5.5459706874e-01	-5.6068921008e-01	-5.6068921008e-01	-5.6068921008e-01	-5.7279236275e-01	-5.7957545746e-01	-5.7957545746e-01	-5.7957545746e-01	-5.9162189141e-01	-5.9162189141e-01	-5.9162189141e-01	-5.9772389941e-01	-5.9772389941e-01	-6.0730156931e-01	-6.0730156931e-01	-6.1923354094e-01	-6.1923354094e-01	-6.2335087119e-01	-6.2335087119e-01	-6.2335087119e-01	-6.2913982372e-01	-6.3382902655e-01	-6.3382902655e-01	-6.4386193398e-01	-6.4386193398e-01	-6.4910570410e-01	-6.4910570410e-01	-6.4910570410e-01	-6.5647334956e-01	-6.5647334956e-01	-6.5728155735e-01	-6.6595282250e-01	-6.6595282250e-01	-6.6591891869e-01	-6.6591891869e-01	-6.6591891869e-01	-6.7424400740e-01	
106	0.0	-4.3833777926e-03	-4.3833777926e-03	-3.1659536734e-02	-6.3539770864e-02	-6.3539770864e-02	-6.3539770864e-02	-6.3539770864e-02	-1.0534327585e-01	-1.0534327585e-01	-1.0534327585e-01	-1.0534327585e-01	-1.5272700814e-01	-1.5272700814e-01	-1.5272700814e-01	-1.9118356354e-01	-2.0211245090e-01	-2.0211245090e-01	-2.0211245090e-01	-2.4083459706e-01	-2.5129934095e-01	-2.5129934095e-01	-2.5129934095e-01	-2.5129934095e-01	-2.9826642871e-01	-2.9826642871e-01	-2.9826642871e-01	-3.3005461143e-01	-3.4047140019e-01	-3.4047140019e-01	-3.4047140019e-01	-3.6601243376e-01	-3.7660851801e-01	-3.7660851801e-01	-3.7660851801e-01	-3.9648860807e-01	-4.0570750172e-01	-4.0570750172e-01	-4.0570750172e-01	-4.2158477906e-01	-4.3603107638e-01	-4.3603107638e-01	-4.3603107638e-01	-4.6259328514e-01	-4.6259328514e-01	-4.7018700433e-01	-4.7018700433e-01	-4.7018700433e-01	-4.8998672493e-01	-4.8998672493e-01	-4.8998672493e-01	-4.9912806986e-01	-5.0792556698e-01	-5.0792556698e-01	-5.0792556698e-01	-5.1520763349e-01	-5.2276372896e-01	-5.2276372896e-01	-5.2276372896e-01	-5.3731849448e-01	-5.4930453344e-01	-5.4930453344e-01	-5.4930453344e-01	-5.4930453344e-01	-5.5599384974e-01	-5.6208865247e-01	-5.6208865247e-01	-5.6208865247e-01	-5.7422090858e-01	-5.8100662068e-01	-5.8100662068e-01	-5.8100662068e-01	-5.9307088177e-01	-5.9307088177e-01	-5.9307088177e-01	-5.9919041955e-01	-5.9919041955e-01	-6.0876699225e-01	-6.0876699225e-01	-6.2073463634e-01	-6.2073463634e-01	-6.2485033039e-01	-6.2485033039e-01	-6.2485033039e-01	-6.3065675215e-01	-6.3533947343e-01	-6.3533947343e-01	-6.4539966532e-01	-6.4539966532e-01	-6.5063216364e-01	-6.5063216364e-01	-6.5063216364e-01	-6.5801970264e-01	-6.5801970264e-01	-6.5882183955e-01	-6.6751771508e-01	-6.6751771508e-01	-6.6747461591e-01	-6.6747461591e-01	-6.6747461591e-01	-6.7581569924e-01	
107	0.0	-4.4504556356e-03	-4.4504556356e-03	-3.1709949529e-02	-6.3726585334e-02	-6.3726585334e-02	-6.3726585334e-02	-6.3726585334e-02	-1.0568452566e-01	-1.0568452566e-01	-1.0568452566e-01	-1.0568452566e-01	-1.5323684864e-01	-1.5323684864e-01	-1.5323684864e-01	-1.9183061553e-01	-2.0278645504e-01	-2.0278645504e-01	-2.0278645504e-01	-2.4163286341e-01	-2.5212039394e-01	-2.5212039394e-01	-2.5212039394e-01	-2.5212039394e-01	-2.9920474516e-01	-2.9920474516e-01	-2.9920474516e-01	-3.3105508063e-01	-3.4148850083e-01	-3.4148850083e-01	-3.4148850083e-01	-3.6706542819e-01	-3.7767658584e-01	-3.7767658584e-01	-3.7767658584e-01	-3.9758057254e-01	-4.0681069967e-01	-4.0681069967e-01	-4.0681069967e-01	-4.2270719445e-01	-4.3716833240e-01	-4.3716833240e-01	-4.3716833240e-01	-4.6375602617e-01	-4.6375602617e-01	-4.7135490948e-01	-4.7135490948e-01	-4.7135490948e-01	-4.9117281638e-01	-4.9117281638e-01	-4.9117281638e-01	-5.0032788180e-01	-5.0912965760e-01	-5.0912965760e-01	-5.0912965760e-01	-5.1642575860e-01	-5.2398443833e-01	-5.2398443833e-01	-5.2398443833e-01	-5.3856588867e-01	-5.5055484656e-01	-5.5055484656e-01	-5.5055484656e-01	-5.5055484656e-01	-5.5725868914e-01	-5.6335613612e-01	-5.6335613612e-01	-5.6335613612e-01	-5.7551836122e-01	-5.8230664649e-01	-5.8230664649e-01	-5.8230664649e-01	-5.9438954876e-01	-5.9438954876e-01	-5.9438954876e-01	-6.0052755681e-01	-6.0052755681e-01	-6.1010327763e-01	-6.1010327763e-01	-6.2210865901e-01	-6.2210865901e-01	-6.2622285769e-01	-6.2622285769e-01	-6.2622285769e-01	-6.3204781339e-01	-6.3672404091e-01	-6.3672404091e-01	-6.4681288686e-01	-6.4681288686e-01	-6.5203477863e-01	-6.5203477863e-01	-6.5203477863e-01	-6.5944331945e-01	-6.5944331945e-01	-6.6024018081e-01	-6.6896124526e-01	-6.6896124526e-01	-6.6891000989e-01	-6.6891000989e-01	-6.6891000989e-01	-6.7726794131e-01	
108	0.0	-4.5148216690e-03	-4.5148216690e-03	-3.1759443488e-02	-6.3905732438e-02	-6.3905732438e-02	-6.3905732438e-02	-6.3905732438e-02	-1.0601065818e-01	-1.0601065818e-01	-1.0601065818e-01	-1.0601065818e-01	-1.5372272193e-01	-1.5372272193e-01	-1.5372272193e-01	-1.9244542438e-01	-2.0342699803e-01	-2.0342699803e-01	-2.0342699803e-01	-2.4238855138e-01	-2.5289802954e-01	-2.5289802954e-01	-2.5289802954e-01	-2.5289802954e-01	-3.0008885065e-01	-3.0008885065e-01	-3.0008885065e-01	-3.3198911485e-01	-3.4243954572e-01	-3.4243954572e-01	-3.4243954572e-01	-3.6804068393e-01	-3.7866713952e-01	-3.7866713952e-01	-3.7866713952e-01	-3.9858584904e-01	-4.0782715502e-01	-4.0782715502e-01	-4.0782715502e-01	-4.2373545775e-01	-4.3821097901e-01	-4.3821097901e-01	-4.3821097901e-01	-4.6480960155e-01	-4.6480960155e-01	-4.7241356779e-01	-4.7241356779e-01	-4.7241356779e-01	-4.9224467107e-01	-4.9224467107e-01	-4.9224467107e-01	-5.0141092813e-01	-5.1021666543e-01	-5.1021666543e-01	-5.1021666543e-01	-5.1752525278e-01	-5.2508617280e-01	-5.2508617280e-01	-5.2508617280e-01	-5.3969094718e-01	-5.5168228808e-01	-5.5168228808e-01	-5.5168228808e-01	-5.5168228808e-01	-5.5840001145e-01	-5.6450007332e-01	-5.6450007332e-01	-5.6450007332e-01	-5.7669228962e-01	-5.8348310126e-01	-5.8348310126e-01	-5.8348310126e-01	-5.9558500152e-01	-5.9558500152e-01	-5.9558500152e-01	-6.0174192435e-01	-6.0174192435e-01	-6.1131702152e-01	-6.1131702152e-01	-6.2336120274e-01	-6.2336120274e-01	-6.2747392895e-01	-6.2747392895e-01	-6.2747392895e-01	-6.3331798355e-01	-6.3798752938e-01	-6.3798752938e-01	-6.4810554764e-01	-6.4810554764e-01	-6.5331712743e-01	-6.5331712743e-01	-6.5331712743e-01	-6.6074712920e-01	-6.6074712920e-01	-6.6153931930e-01	-6.7028523450e-01	-6.7028523450e-01	-6.7022667612e-01	-6.7022667612e-01	-6.7022667612e-01	-6.7860105701e-01	
109	0.0	-4.5763848178e-03	-4.5763848178e-03	-3.1807359586e-02	-6.4076429187e-02	-6.4076429187e-02	-6.4076429187e-02	-6.4076429187e-02	-1.0632097988e-01	-1.0632097988e-01	-1.0632097988e-01	-1.0632097988e-01	-1.5418425788e-01	-1.5418425788e-01	-1.5418425788e-01	-1.9302771497e-01	-2.0403407338e-01	-2.0403407338e-01	-2.0403407338e-01	-2.4310186297e-01	-2.5363255234e-01	-2.5363255234e-01	-2.5363255234e-01	-2.5363255234e-01	-3.0091911891e-01	-3.0091911891e-01	-3.0091911891e-01	-3.3285767320e-01	-3.4332547287e-01	-3.4332547287e-01	-3.4332547287e-01	-3.6893986230e-01	-3.7958190765e-01	-3.7958190765e-01	-3.7958190765e-01	-3.9950685485e-01	-4.0875944108e-01	-4.0875944108e-01	-4.0875944108e-01	-4.2467276664e-01	-4.3916263359e-01	-4.3916263359e-01	-4.3916263359e-01	-4.6575877080e-01	-4.6575877080e-01	-4.7336783604e-01	-4.7336783604e-01	-4.7336783604e-01	-4.9320760088e-01	-4.9320760088e-01	-4.9320760088e-01	-5.0238248950e-01	-5.1119212352e-01	-5.1119212352e-01	-5.1119212352e-01	-5.1851151550e-01	-5.2607459201e-01	-5.2607459201e-01	-5.2607459201e-01	-5.4069917711e-01	-5.5269281957e-01	-5.5269281957e-01	-5.5269281957e-01	-5.5269281957e-01	-5.5942363548e-01	-5.6552656982e-01	-5.6552656982e-01	-5.6552656982e-01	-5.7774843276e-01	-5.8454204775e-01	-5.8454204775e-01	-5.8454204775e-01	-5.9666338138e-01	-5.9666338138e-01	-5.9666338138e-01	-6.0283942657e-01	-6.0283942657e-01	-6.1241462159e-01	-6.1241462159e-01	-6.2449821225e-01	-6.2449821225e-01	-6.2860971085e-01	-6.2860971085e-01	-6.2860971085e-01	-6.3447320253e-01	-6.3913609685e-01	-6.3913609685e-01	-6.4928340740e-01	-6.4928340740e-01	-6.5448515454e-01	-6.5448515454e-01	-6.5448515454e-01	-6.6193676058e-01	-6.6193676058e-01	-6.6272499749e-01	-6.7149484704e-01	-6.7149484704e-01	-6.7142983147e-01	-6.7142983147e-01	-6.7142983147e-01	-6.7981945030e-01	
110	0.0	-4.6353843451e-03	-4.6353843451e-03	-3.1852485459e-02	-6.4237570630e-02	-6.4237570630e-02	-6.4237570630e-02	-6.4237570630e-02	-1.0661383532e-01	-1.0661383532e-01	-1.0661383532e-01	-1.0661383532e-01	-1.5461929678e-01	-1.5461929678e-01	-1.5461929678e-01	-1.9357541589e-01	-2.0460497541e-01	-2.0460497541e-01	-2.0460497541e-01	-2.4377015914e-01	-2.5432062020e-01	-2.5432062020e-01	-2.5432062020e-01	-2.5432062020e-01	-3.0169132911e-01	-3.0169132911e-01	-3.0169132911e-01	-3.3365655586e-01	-3.4414084492e-01	-3.4414084492e-01	-3.4414084492e-01	-3.6975795913e-01	-3.8041478607e-01	-3.8041478607e-01	-3.8041478607e-01	-4.0033839558e-01	-4.0960157180e-01	-4.0960157180e-01	-4.0960157180e-01	-4.2551411905e-01	-4.4001728154e-01	-4.4001728154e-01	-4.4001728154e-01	-4.6659910832e-01	-4.6659910832e-01	-4.7421247925e-01	-4.7421247925e-01	-4.7421247925e-01	-4.9405601816e-01	-4.9405601816e-01	-4.9405601816e-01	-5.0323728115e-01	-5.1204977259e-01	-5.1204977259e-01	-5.1204977259e-01	-5.1937845840e-01	-5.2694273403e-01	-5.2694273403e-01	-5.2694273403e-01	-5.4158403898e-01	-5.5357844050e-01	-5.5357844050e-01	-5.5357844050e-01	-5.5357844050e-01	-5.6032167759e-01	-5.6642679964e-01	-5.6642679964e-01	-5.6642679964e-01	-5.7867808697e-01	-5.8547372229e-01	-5.8547372229e-01	-5.8547372229e-01	-5.9761396921e-01	-5.9761396921e-01	-5.9761396921e-01	-6.0380934823e-01	-6.0380934823e-01	-6.1338359871e-01	-6.1338359871e-01	-6.2550724836e-01	-6.2550724836e-01	-6.2961673630e-01	-6.2961673630e-01	-6.2961673630e-01	-6.3550003660e-01	-6.4015505094e-01	-6.4015505094e-01	-6.5033208813e-01	-6.5033208813e-01	-6.5552256555e-01	-6.5552256555e-01	-6.5552256555e-01	-6.6299623564e-01	-6.6299623564e-01	-6.6378018533e-01	-6.7257380560e-01	-6.7257380560e-01	-6.7250189390e-01	-6.7250189390e-01	-6.7250189390e-01	-6.8090558062e-01	
111	0.0	-4.6913113654e-03	-4.6913113654e-03	-3.1895128539e-02	-6.4388635680e-02	-6.4388635680e-02	-6.4388635680e-02	-6.4388635680e-02	-1.0688852417e-01	-1.0688852417e-01	-1.0688852417e-01	-1.0688852417e-01	-1.5502711623e-01	-1.5502711623e-01	-1.5502711623e-01	-1.9408738858e-01	-2.0513920787e-01	-2.0513920787e-01	-2.0513920787e-01	-2.4439263273e-01	-2.5496216782e-01	-2.5496216782e-01	-2.5496216782e-01	-2.5496216782e-01	-3.0240613853e-01	-3.0240613853e-01	-3.0240613853e-01	-3.3438657696e-01	-3.4488713555e-01	-3.4488713555e-01	-3.4488713555e-01	-3.7049662315e-01	-3.8116647660e-01	-3.8116647660e-01	-3.8116647660e-01	-4.0108127823e-01	-4.1035392390e-01	-4.1035392390e-01	-4.1035392390e-01	-4.2626005196e-01	-4.4077519464e-01	-4.4077519464e-01	-4.4077519464e-01	-4.6733125843e-01	-4.6733125843e-01	-4.7494819376e-01	-4.7494819376e-01	-4.7494819376e-01	-4.9479072811e-01	-4.9479072811e-01	-4.9479072811e-01	-5.0397591624e-01	-5.1279038690e-01	-5.1279038690e-01	-5.1279038690e-01	-5.2012664392e-01	-5.2769133033e-01	-5.2769133033e-01	-5.2769133033e-01	-5.4234596934e-01	-5.5433991106e-01	-5.5433991106e-01	-5.5433991106e-01	-5.5433991106e-01	-5.6109464614e-01	-5.6720141695e-01	-5.6720141695e-01	-5.6720141695e-01	-5.7948126899e-01	-5.8627831314e-01	-5.8627831314e-01	-5.8627831314e-01	-5.9843671995e-01	-5.9843671995e-01	-5.9843671995e-01	-6.0465121466e-01	-6.0465121466e-01	-6.1422372886e-01	-6.1422372886e-01	-6.2638716775e-01	-6.2638716775e-01	-6.3049402090e-01	-6.3049402090e-01	-6.3049402090e-01	-6.3639704089e-01	-6.4104310404e-01	-6.4104310404e-01	-6.5124963777e-01	-6.5124963777e-01	-6.5642758506e-01	-6.5642758506e-01	-6.5642758506e-01	-6.6392324071e-01	-6.6392324071e-01	-6.6470268617e-01	-6.7351946736e-01	-6.7351946736e-01	-6.7344032245e-01	-6.7344032245e-01	-6.7344032245e-01	-6.8185655129e-01	
112	0.0	-4.7441068951e-03	-4.7441068951e-03	-3.1935063534e-02	-6.4529357187e-02	-6.4529357187e-02	-6.4529357187e-02	-6.4529357187e-02	-1.0714460517e-01	-1.0714460517e-01	-1.0714460517e-01	-1.0714460517e-01	-1.5540709935e-01	-1.5540709935e-01	-1.5540709935e-01	-1.9456317030e-01	-2.0563598269e-01	-2.0563598269e-01	-2.0563598269e-01	-2.4496875138e-01	-2.5555623608e-01	-2.5555623608e-01	-2.5555623608e-01	-2.5555623608e-01	-3.0306240385e-01	-3.0306240385e-01	-3.0306240385e-01	-3.3504729171e-01	-3.4556286039e-01	-3.4556286039e-01	-3.4556286039e-01	-3.7115513379e-01	-3.8183695385e-01	-3.8183695385e-01	-3.8183695385e-01	-4.0173610645e-01	-4.1101760981e-01	-4.1101760981e-01	-4.1101760981e-01	-4.2691223972e-01	-4.4143881741e-01	-4.4143881741e-01	-4.4143881741e-01	-4.6795874175e-01	-4.6795874175e-01	-4.7557902136e-01	-4.7557902136e-01	-4.7557902136e-01	-4.9541668095e-01	-4.9541668095e-01	-4.9541668095e-01	-5.0460363820e-01	-5.1341968377e-01	-5.1341968377e-01	-5.1341968377e-01	-5.2076194727e-01	-5.2832664161e-01	-5.2832664161e-01	-5.2832664161e-01	-5.4299147598e-01	-5.5498434631e-01	-5.5498434631e-01	-5.5498434631e-01	-5.5498434631e-01	-5.6174963697e-01	-5.6785771274e-01	-5.6785771274e-01	-5.6785771274e-01	-5.8016494531e-01	-5.8696297500e-01	-5.8696297500e-01	-5.8696297500e-01	-5.9913867837e-01	-5.9913867837e-01	-5.9913867837e-01	-6.0537175539e-01	-6.0537175539e-01	-6.1494193526e-01	-6.1494193526e-01	-6.2714415035e-01	-6.2714415035e-01	-6.3124781169e-01	-6.3124781169e-01	-6.3124781169e-01	-6.3717011348e-01	-6.4180617341e-01	-6.4180617341e-01	-6.5204158958e-01	-6.5204158958e-01	-6.5720570066e-01	-6.5720570066e-01	-6.5720570066e-01	-6.6472297978e-01	-6.6472297978e-01	-6.6549764072e-01	-6.7433696645e-01	-6.7433696645e-01	-6.7425013595e-01	-6.7425013595e-01	-6.7425013595e-01	-6.8267741194e-01	
113	0.0	-4.7938755644e-03	-4.7938755644e-03	-3.1971993794e-02	-6.4659692388e-02	-6.4659692388e-02	-6.4659692388e-02	-6.4659692388e-02	-1.0738197878e-01	-1.0738197878e-01	-1.0738197878e-01	-1.0738197878e-01	-1.5575910553e-01	-1.5575910553e-01	-1.5575910553e-01	-1.9500299235e-01	-2.0609517193e-01	-2.0609517193e-01	-2.0609517193e-01	-2.4549885996e-01	-2.5610283314e-01	-2.5610283314e-01	-2.5610283314e-01	-2.5610283314e-01	-3.0366053087e-01	-3.0366053087e-01	-3.0366053087e-01	-3.3564005893e-01	-3.4616908661e-01	-3.4616908661e-01	-3.4616908661e-01	-3.7173563235e-01	-3.8242792653e-01	-3.8242792653e-01	-3.8242792653e-01	-4.0230558279e-01	-4.1159490463e-01	-4.1159490463e-01	-4.1159490463e-01	-4.2747390747e-01	-4.4201048683e-01	-4.4201048683e-01	-4.4201048683e-01	-4.6848596443e-01	-4.6848596443e-01	-4.7610897432e-01	-4.7610897432e-01	-4.7610897432e-01	-4.9593854951e-01	-4.9593854951e-01	-4.9593854951e-01	-5.0512627167e-01	-5.1394307502e-01	-5.1394307502e-01	-5.1394307502e-01	-5.2129061763e-01	-5.2885455199e-01	-5.2885455199e-01	-5.2885455199e-01	-5.4352790874e-01	-5.5551850208e-01	-5.5551850208e-01	-5.5551850208e-01	-5.5551850208e-01	-5.6229390423e-01	-5.6840252308e-01	-5.6840252308e-01	-5.6840252308e-01	-5.8073666999e-01	-5.8753480492e-01	-5.8753480492e-01	-5.8753480492e-01	-5.9972686173e-01	-5.9972686173e-01	-5.9972686173e-01	-6.0597833961e-01	-6.0597833961e-01	-6.1554470713e-01	-6.1554470713e-01	-6.2778538328e-01	-6.2778538328e-01	-6.3188453445e-01	-6.3188453445e-01	-6.3188453445e-01	-6.3782606776e-01	-6.4245034764e-01	-6.4245034764e-01	-6.5271505251e-01	-6.5271505251e-01	-6.5786307954e-01	-6.5786307954e-01	-6.5786307954e-01	-6.6540242939e-01	-6.6540242939e-01	-6.6617137372e-01	-6.7503405067e-01	-6.7503405067e-01	-6.7493818331e-01	-6.7493818331e-01	-6.7493818331e-01	-6.8337609171e-01	
114	0.0	-4.8403520727e-03	-4.8403520727e-03	-3.2006117644e-02	-6.4779401785e-02	-6.4779401785e-02	-6.4779401785e-02	-6.4779401785e-02	-1.0760008644e-01	-1.0760008644e-01	-1.0760008644e-01	-1.0760008644e-01	-1.5608218444e-01	-1.5608218444e-01	-1.5608218444e-01	-1.9540543119e-01	-2.0651545953e-01	-2.0651545953e-01	-2.0651545953e-01	-2.4598118819e-01	-2.5660030342e-01	-2.5660030342e-01	-2.5660030342e-01	-2.5660030342e-01	-3.0419869720e-01	-3.0419869720e-01	-3.0419869720e-01	-3.3616286810e-01	-3.4670400509e-01	-3.4670400509e-01	-3.4670400509e-01	-3.7223613261e-01	-3.8293764852e-01	-3.8293764852e-01	-3.8293764852e-01	-4.0278759642e-01	-4.1208376542e-01	-4.1208376542e-01	-4.1208376542e-01	-4.2794247568e-01	-4.4248758883e-01	-4.4248758883e-01	-4.4248758883e-01	-4.6890908675e-01	-4.6890908675e-01	-4.7653429031e-01	-4.7653429031e-01	-4.7653429031e-01	-4.9635153887e-01	-4.9635153887e-01	-4.9635153887e-01	-5.0553734077e-01	-5.1435422185e-01	-5.1435422185e-01	-5.1435422185e-01	-5.2170493241e-01	-5.2926749100e-01	-5.2926749100e-01	-5.2926749100e-01	-5.4394557990e-01	-5.5593298937e-01	-5.5593298937e-01	-5.5593298937e-01	-5.5593298937e-01	-5.6271706568e-01	-5.6882564134e-01	-5.6882564134e-01	-5.6882564134e-01	-5.8118374880e-01	-5.8798131902e-01	-5.8798131902e-01	-5.8798131902e-01	-6.0018758840e-01	-6.0018758840e-01	-6.0018758840e-01	-6.0645586286e-01	-6.0645586286e-01	-6.1601712477e-01	-6.1601712477e-01	-6.2829301296e-01	-6.2829301296e-01	-6.3238587464e-01	-6.3238587464e-01	-6.3238587464e-01	-6.3834513615e-01	-6.4295610225e-01	-6.4295610225e-01	-6.5324822173e-01	-6.5324822173e-01	-6.5837880239e-01	-6.5837880239e-01	-6.5837880239e-01	-6.6593907241e-01	-6.6593907241e-01	-6.6670165848e-01	-6.7558740064e-01	-6.7558740064e-01	-6.7548155721e-01	-6.7548155721e-01	-6.7548155721e-01	-6.8392921009e-01	
115	0.0	-4.8834100960e-03	-4.8834100960e-03	-3.2037333588e-02	-6.4888120172e-02	-6.4888120172e-02	-6.4888120172e-02	-6.4888120172e-02	-1.0779827967e-01	-1.0779827967e-01	-1.0779827967e-01	-1.0779827967e-01	-1.5637554212e-01	-1.5637554212e-01	-1.5637554212e-01	-1.9577020133e-01	-2.0689644282e-01	-2.0689644282e-01	-2.0689644282e-01	-2.4641601778e-01	-2.5704877849e-01	-2.5704877849e-01	-2.5704877849e-01	-2.5704877849e-01	-3.0467762426e-01	-3.0467762426e-01	-3.0467762426e-01	-3.3661722363e-01	-3.4716887460e-01	-3.4716887460e-01	-3.4716887460e-01	-3.7265875785e-01	-3.8336888523e-01	-3.8336888523e-01	-3.8336888523e-01	-4.0318571311e-01	-4.1248812486e-01	-4.1248812486e-01	-4.1248812486e-01	-4.2832263341e-01	-4.4287520553e-01	-4.4287520553e-01	-4.4287520553e-01	-4.6923502345e-01	-4.6923502345e-01	-4.7686204120e-01	-4.7686204120e-01	-4.7686204120e-01	-4.9666382722e-01	-4.9666382722e-01	-4.9666382722e-01	-5.0584605220e-01	-5.1466249975e-01	-5.1466249975e-01	-5.1466249975e-01	-5.2201534284e-01	-5.2957607565e-01	-5.2957607565e-01	-5.2957607565e-01	-5.4425721343e-01	-5.5624083297e-01	-5.5624083297e-01	-5.5624083297e-01	-5.5624083297e-01	-5.6303304702e-01	-5.6914121150e-01	-5.6914121150e-01	-5.6914121150e-01	-5.8152198193e-01	-5.8831858833e-01	-5.8831858833e-01	-5.8831858833e-01	-6.0053801191e-01	-6.0053801191e-01	-6.0053801191e-01	-6.0682231312e-01	-6.0682231312e-01	-6.1637803942e-01	-6.1637803942e-01	-6.2868738285e-01	-6.2868738285e-01	-6.3277324184e-01	-6.3277324184e-01	-6.3277324184e-01	-6.3874942033e-01	-6.4334665942e-01	-6.4334665942e-01	-6.5366546698e-01	-6.5366546698e-01	-6.5877847488e-01	-6.5877847488e-01	-6.5877847488e-01	-6.6635929617e-01	-6.6635929617e-01	-6.6711512686e-01	-6.7602478697e-01	-6.7602478697e-01	-6.7590835457e-01	-6.7590835457e-01	-6.7590835457e-01	-6.8436666409e-01	
116	0.0	-4.9230360558e-03	-4.9230360558e-03	-3.2065912485e-02	-6.4986479485e-02	-6.4986479485e-02	-6.4986479485e-02	-6.4986479485e-02	-1.0797774017e-01	-1.0797774017e-01	-1.0797774017e-01	-1.0797774017e-01	-1.5664106286e-01	-1.5664106286e-01	-1.5664106286e-01	-1.9609900851e-01	-2.0724009102e-01	-2.0724009102e-01	-2.0724009102e-01	-2.4680468601e-01	-2.5744994233e-01	-2.5744994233e-01	-2.5744994233e-01	-2.5744994233e-01	-3.0509883555e-01	-3.0509883555e-01	-3.0509883555e-01	-3.3700420533e-01	-3.4756554219e-01	-3.4756554219e-01	-3.4756554219e-01	-3.7300500542e-01	-3.8372296961e-01	-3.8372296961e-01	-3.8372296961e-01	-4.0350094639e-01	-4.1280892821e-01	-4.1280892821e-01	-4.1280892821e-01	-4.2861501020e-01	-4.4317394845e-01	-4.4317394845e-01	-4.4317394845e-01	-4.6946435593e-01	-4.6946435593e-01	-4.7709284339e-01	-4.7709284339e-01	-4.7709284339e-01	-4.9687603657e-01	-4.9687603657e-01	-4.9687603657e-01	-5.0605282281e-01	-5.1486850326e-01	-5.1486850326e-01	-5.1486850326e-01	-5.2222208418e-01	-5.2978076933e-01	-5.2978076933e-01	-5.2978076933e-01	-5.4446216954e-01	-5.5644186398e-01	-5.5644186398e-01	-5.5644186398e-01	-5.5644186398e-01	-5.6324109109e-01	-5.6934892037e-01	-5.6934892037e-01	-5.6934892037e-01	-5.8175016149e-01	-5.8854597259e-01	-5.8854597259e-01	-5.8854597259e-01	-6.0077761291e-01	-6.0077761291e-01	-6.0077761291e-01	-6.0707670447e-01	-6.0707670447e-01	-6.1662771380e-01	-6.1662771380e-01	-6.2896809565e-01	-6.2896809565e-01	-6.3304744824e-01	-6.3304744824e-01	-6.3304744824e-01	-6.3903932021e-01	-6.4362397204e-01	-6.4362397204e-01	-6.5396787820e-01	-6.5396787820e-01	-6.5906555962e-01	-6.5906555962e-01	-6.5906555962e-01	-6.6666579660e-01	-6.6666579660e-01	-6.6741634484e-01	-6.7634976522e-01	-6.7634976522e-01	-6.7622526330e-01	-6.7622526330e-01	-6.7622526330e-01	-6.8469741360e-01	
117	0.0	-4.9592080186e-03	-4.9592080186e-03	-3.2091685232e-02	-6.5074263997e-02	-6.5074263997e-02	-6.5074263997e-02	-6.5074263997e-02	-1.0813795298e-01	-1.0813795298e-01	-1.0813795298e-01	-1.0813795298e-01	-1.5687776749e-01	-1.5687776749e-01	-1.5687776749e-01	-1.9639065282e-01	-2.0754507637e-01	-2.0754507637e-01	-2.0754507637e-01	-2.4714587950e-01	-2.5780232122e-01	-2.5780232122e-01	-2.5780232122e-01	-2.5780232122e-01	-3.0546084976e-01	-3.0546084976e-01	-3.0546084976e-01	-3.3732287917e-01	-3.4789277560e-01	-3.4789277560e-01	-3.4789277560e-01	-3.7327444125e-01	-3.8399919795e-01	-3.8399919795e-01	-3.8399919795e-01	-4.0373346081e-01	-4.1304613972e-01	-4.1304613972e-01	-4.1304613972e-01	-4.2882046474e-01	-4.4338446517e-01	-4.4338446517e-01	-4.4338446517e-01	-4.6959943648e-01	-4.6959943648e-01	-4.7722879337e-01	-4.7722879337e-01	-4.7722879337e-01	-4.9699078733e-01	-4.9699078733e-01	-4.9699078733e-01	-5.0616103353e-01	-5.1497523378e-01	-5.1497523378e-01	-5.1497523378e-01	-5.2232850317e-01	-5.2988454339e-01	-5.2988454339e-01	-5.2988454339e-01	-5.4456360332e-01	-5.5653852171e-01	-5.5653852171e-01	-5.5653852171e-01	-5.5653852171e-01	-5.6334365924e-01	-5.6945072176e-01	-5.6945072176e-01	-5.6945072176e-01	-5.8187032347e-01	-5.8866487571e-01	-5.8866487571e-01	-5.8866487571e-01	-6.0090716136e-01	-6.0090716136e-01	-6.0090716136e-01	-6.0721982307e-01	-6.0721982307e-01	-6.1676567010e-01	-6.1676567010e-01	-6.2913476487e-01	-6.2913476487e-01	-6.3320742252e-01	-6.3320742252e-01	-6.3320742252e-01	-6.3921375375e-01	-6.4378602460e-01	-6.4378602460e-01	-6.5415300690e-01	-6.5415300690e-01	-6.5923596842e-01	-6.5923596842e-01	-6.5923596842e-01	-6.6685401484e-01	-6.6685401484e-01	-6.6759941920e-01	-6.7655527937e-01	-6.7655527937e-01	-6.7642290762e-01	-6.7642290762e-01	-6.7642290762e-01	-6.8490877915e-01	
118	0.0	-4.9917574198e-03	-4.9917574198e-03	-3.2114585299e-02	-6.5150976096e-02	-6.5150976096e-02	-6.5150976096e-02	-6.5150976096e-02	-1.0827830278e-01	-1.0827830278e-01	-1.0827830278e-01	-1.0827830278e-01	-1.5708468712e-01	-1.5708468712e-01	-1.5708468712e-01	-1.9664350620e-01	-2.0781000144e-01	-2.0781000144e-01	-2.0781000144e-01	-2.4743758650e-01	-2.5810409508e-01	-2.5810409508e-01	-2.5810409508e-01	-2.5810409508e-01	-3.0576146933e-01	-3.0576146933e-01	-3.0576146933e-01	-3.3757049807e-01	-3.4814803468e-01	-3.4814803468e-01	-3.4814803468e-01	-3.7346389368e-01	-3.8419462175e-01	-3.8419462175e-01	-3.8419462175e-01	-4.0387941584e-01	-4.1319613328e-01	-4.1319613328e-01	-4.1319613328e-01	-4.2893420933e-01	-4.4350234481e-01	-4.4350234481e-01	-4.4350234481e-01	-4.6963332118e-01	-4.6963332118e-01	-4.7726308531e-01	-4.7726308531e-01	-4.7726308531e-01	-4.9699963136e-01	-4.9699963136e-01	-4.9699963136e-01	-5.0616020163e-01	-5.1497233265e-01	-5.1497233265e-01	-5.1497233265e-01	-5.2232257593e-01	-5.2987545566e-01	-5.2987545566e-01	-5.2987545566e-01	-5.4454728209e-01	-5.5651664990e-01	-5.5651664990e-01	-5.5651664990e-01	-5.5651664990e-01	-5.6332563401e-01	-5.6943153472e-01	-5.6943153472e-01	-5.6943153472e-01	-5.8186635243e-01	-5.8865920894e-01	-5.8865920894e-01	-5.8865920894e-01	-6.0091012927e-01	-6.0091012927e-01	-6.0091012927e-01	-6.0723477472e-01	-6.0723477472e-01	-6.1677493487e-01	-6.1677493487e-01	-6.2916983492e-01	-6.2916983492e-01	-6.3323561748e-01	-6.3323561748e-01	-6.3323561748e-01	-6.3925493446e-01	-6.4381494370e-01	-6.4381494370e-01	-6.5420260487e-01	-6.5420260487e-01	-6.5927108061e-01	-6.5927108061e-01	-6.5927108061e-01	-6.6690504447e-01	-6.6690504447e-01	-6.6764521458e-01	-6.7662122373e-01	-6.7662122373e-01	-6.7648088170e-01	-6.7648088170e-01	-6.7648088170e-01	-6.8497864966e-01	
119	0.0	-5.0210173721e-03	-5.0210173721e-03	-3.2133720419e-02	-6.5216291232e-02	-6.5216291232e-02	-6.5216291232e-02	-6.5216291232e-02	-1.0839988685e-01	-1.0839988685e-01	-1.0839988685e-01	-1.0839988685e-01	-1.5726415727e-01	-1.5726415727e-01	-1.5726415727e-01	-1.9686089385e-01	-2.0803851383e-01	-2.0803851383e-01	-2.0803851383e-01	-2.4768474583e-01	-2.5836041412e-01	-2.5836041412e-01	-2.5836041412e-01	-2.5836041412e-01	-3.0600760324e-01	-3.0600760324e-01	-3.0600760324e-01	-3.3775577655e-01	-3.4834020438e-01	-3.4834020438e-01	-3.4834020438e-01	-3.7358418844e-01	-3.8432021849e-01	-3.8432021849e-01	-3.8432021849e-01	-4.0395176101e-01	-4.1327198620e-01	-4.1327198620e-01	-4.1327198620e-01	-4.2897132116e-01	-4.4354287016e-01	-4.4354287016e-01	-4.4354287016e-01	-4.6958525597e-01	-4.6958525597e-01	-4.7721505574e-01	-4.7721505574e-01	-4.7721505574e-01	-4.9692433459e-01	-4.9692433459e-01	-4.9692433459e-01	-5.0607464983e-01	-5.1488424648e-01	-5.1488424648e-01	-5.1488424648e-01	-5.2223116953e-01	-5.2978048464e-01	-5.2978048464e-01	-5.2978048464e-01	-5.4444486193e-01	-5.5640807826e-01	-5.5640807826e-01	-5.5640807826e-01	-5.5640807826e-01	-5.6322098056e-01	-5.6932542965e-01	-5.6932542965e-01	-5.6932542965e-01	-5.8177572812e-01	-5.8856657329e-01	-5.8856657329e-01	-5.8856657329e-01	-6.0082583141e-01	-6.0082583141e-01	-6.0082583141e-01	-6.0716237599e-01	-6.0716237599e-01	-6.1669648989e-01	-6.1669648989e-01	-6.2911698689e-01	-6.2911698689e-01	-6.3317586883e-01	-6.3317586883e-01	-6.3317586883e-01	-6.3920800927e-01	-6.4375601350e-01	-6.4375601350e-01	-6.5416384762e-01	-6.5416384762e-01	-6.5921817265e-01	-6.5921817265e-01	-6.5921817265e-01	-6.6686746667e-01	-6.6686746667e-01	-6.6760245613e-01	-6.7659730886e-01	-6.7659730886e-01	-6.7644916561e-01	-6.7644916561e-01	-6.7644916561e-01	-6.8495795198e-01	
120	0.0	-5.0464840132e-03	-5.0464840132e-03	-3.2151078030e-02	-6.5271786098e-02	-6.5271786098e-02	-6.5271786098e-02	-6.5271786098e-02	-1.0850254902e-01	-1.0850254902e-01	-1.0850254902e-01	-1.0850254902e-01	-1.5741407211e-01	-1.5741407211e-01	-1.5741407211e-01	-1.9704045046e-01	-2.0822669727e-01	-2.0822669727e-01	-2.0822669727e-01	-2.4788338638e-01	-2.5856600567e-01	-2.5856600567e-01	-2.5856600567e-01	-2.5856600567e-01	-3.0619309236e-01	-3.0619309236e-01	-3.0619309236e-01	-3.3787297472e-01	-3.4846263045e-01	-3.4846263045e-01	-3.4846263045e-01	-3.7362910412e-01	-3.8436898298e-01	-3.8436898298e-01	-3.8436898298e-01	-4.0394383604e-01	-4.1326645621e-01	-4.1326645621e-01	-4.1326645621e-01	-4.2892485102e-01	-4.4349829399e-01	-4.4349829399e-01	-4.4349829399e-01	-4.6944819330e-01	-4.6944819330e-01	-4.7707732188e-01	-4.7707732188e-01	-4.7707732188e-01	-4.9675757646e-01	-4.9675757646e-01	-4.9675757646e-01	-5.0589738301e-01	-5.1470371125e-01	-5.1470371125e-01	-5.1470371125e-01	-5.2204723127e-01	-5.2959238236e-01	-5.2959238236e-01	-5.2959238236e-01	-5.4424909890e-01	-5.5620528661e-01	-5.5620528661e-01	-5.5620528661e-01	-5.5620528661e-01	-5.6302201789e-01	-5.6912458490e-01	-5.6912458490e-01	-5.6912458490e-01	-5.8158999027e-01	-5.8837837196e-01	-5.8837837196e-01	-5.8837837196e-01	-6.0064518083e-01	-6.0064518083e-01	-6.0064518083e-01	-6.0699309218e-01	-6.0699309218e-01	-6.1652061590e-01	-6.1652061590e-01	-6.2896583149e-01	-6.2896583149e-01	-6.3301774627e-01	-6.3301774627e-01	-6.3301774627e-01	-6.3906230510e-01	-6.4359849904e-01	-6.4359849904e-01	-6.5402568213e-01	-6.5402568213e-01	-6.5906609452e-01	-6.5906609452e-01	-6.5906609452e-01	-6.6673005393e-01	-6.6673005393e-01	-6.6745995046e-01	-6.7647259502e-01	-6.7647259502e-01	-6.7631692042e-01	-6.7631692042e-01	-6.7631692042e-01	-6.8483620934e-01	
121	0.0	-5.0683429848e-03	-5.0683429848e-03	-3.2166159085e-02	-6.5317429467e-02	-6.5317429467e-02	-6.5317429467e-02	-6.5317429467e-02	-1.0858692693e-01	-1.0858692693e-01	-1.0858692693e-01	-1.0858692693e-01	-1.5753615929e-01	-1.5753615929e-01	-1.5753615929e-01	-1.9718431831e-01	-2.0837718016e-01	-2.0837718016e-01	-2.0837718016e-01	-2.4803666251e-01	-2.5872461268e-01	-2.5872461268e-01	-2.5872461268e-01	-2.5872461268e-01	-3.0632302700e-01	-3.0632302700e-01	-3.0632302700e-01	-3.3792802729e-01	-3.4852192878e-01	-3.4852192878e-01	-3.4852192878e-01	-3.7360607989e-01	-3.8434904666e-01	-3.8434904666e-01	-3.8434904666e-01	-4.0386446107e-01	-4.1318895637e-01	-4.1318895637e-01	-4.1318895637e-01	-4.2880481981e-01	-4.4337955386e-01	-4.4337955386e-01	-4.4337955386e-01	-4.6923412376e-01	-4.6923412376e-01	-4.7686241080e-01	-4.7686241080e-01	-4.7686241080e-01	-4.9651291283e-01	-4.9651291283e-01	-4.9651291283e-01	-5.0564233957e-01	-5.1444520387e-01	-5.1444520387e-01	-5.1444520387e-01	-5.2178547269e-01	-5.2932632692e-01	-5.2932632692e-01	-5.2932632692e-01	-5.4397532010e-01	-5.5592436039e-01	-5.5592436039e-01	-5.5592436039e-01	-5.5592436039e-01	-5.6274480478e-01	-5.6884542289e-01	-5.6884542289e-01	-5.6884542289e-01	-5.8132534797e-01	-5.8811120006e-01	-5.8811120006e-01	-5.8811120006e-01	-6.0038505237e-01	-6.0038505237e-01	-6.0038505237e-01	-6.0674381208e-01	-6.0674381208e-01	-6.1626479965e-01	-6.1626479965e-01	-6.2873360348e-01	-6.2873360348e-01	-6.3277884298e-01	-6.3277884298e-01	-6.3277884298e-01	-6.3883524193e-01	-6.4336023176e-01	-6.4336023176e-01	-6.5380550963e-01	-6.5380550963e-01	-6.5883285427e-01	-6.5883285427e-01	-6.5883285427e-01	-6.6651047231e-01	-6.6651047231e-01	-6.6723576688e-01	-6.7626471950e-01	-6.7626471950e-01	-6.7610231963e-01	-6.7610231963e-01	-6.7610231963e-01	-6.8463141986e-01	
122	0.0	-5.0869802914e-03	-5.0869802914e-03	-3.2178127787e-02	-6.5353282940e-02	-6.5353282940e-02	-6.5353282940e-02	-6.5353282940e-02	-1.0865323681e-01	-1.0865323681e-01	-1.0865323681e-01	-1.0865323681e-01	-1.5763082181e-01	-1.5763082181e-01	-1.5763082181e-01	-1.9729323184e-01	-2.0849065437e-01	-2.0849065437e-01	-2.0849065437e-01	-2.4814557931e-01	-2.5883704241e-01	-2.5883704241e-01	-2.5883704241e-01	-2.5883704241e-01	-3.0639826555e-01	-3.0639826555e-01	-3.0639826555e-01	-3.3792222103e-01	-3.4851892931e-01	-3.4851892931e-01	-3.4851892931e-01	-3.7351624880e-01	-3.8426099009e-01	-3.8426099009e-01	-3.8426099009e-01	-4.0371423229e-01	-4.1303955699e-01	-4.1303955699e-01	-4.1303955699e-01	-4.2861106283e-01	-4.4318559411e-01	-4.4318559411e-01	-4.4318559411e-01	-4.6894106383e-01	-4.6894106383e-01	-4.7656787470e-01	-4.7656787470e-01	-4.7656787470e-01	-4.9618652505e-01	-4.9618652505e-01	-4.9618652505e-01	-5.0530448758e-01	-5.1410321234e-01	-5.1410321234e-01	-5.1410321234e-01	-5.2143923246e-01	-5.2897524175e-01	-5.2897524175e-01	-5.2897524175e-01	-5.4361433997e-01	-5.5555543248e-01	-5.5555543248e-01	-5.5555543248e-01	-5.5555543248e-01	-5.6237844079e-01	-5.6847660714e-01	-5.6847660714e-01	-5.6847660714e-01	-5.8096869672e-01	-5.8775147185e-01	-5.8775147185e-01	-5.8775147185e-01	-6.0003056348e-01	-6.0003056348e-01	-6.0003056348e-01	-6.0639882649e-01	-6.0639882649e-01	-6.1591255479e-01	-6.1591255479e-01	-6.2840230201e-01	-6.2840230201e-01	-6.3244070910e-01	-6.3244070910e-01	-6.3244070910e-01	-6.3850768417e-01	-6.4302152715e-01	-6.4302152715e-01	-6.5348285434e-01	-6.5348285434e-01	-6.5849718486e-01	-6.5849718486e-01	-6.5849718486e-01	-6.6618702596e-01	-6.6618702596e-01	-6.6690775262e-01	-6.7595171340e-01	-6.7595171340e-01	-6.7578279669e-01	-6.7578279669e-01	-6.7578279669e-01	-6.8432107026e-01	
123	0.0	-5.1019833661e-03	-5.1019833661e-03	-3.2187633612e-02	-6.5379324359e-02	-6.5379324359e-02	-6.5379324359e-02	-6.5379324359e-02	-1.0870157090e-01	-1.0870157090e-01	-1.0870157090e-01	-1.0870157090e-01	-1.5769847325e-01	-1.5769847325e-01	-1.5769847325e-01	-1.9736711967e-01	-2.0856799359e-01	-2.0856799359e-01	-2.0856799359e-01	-2.4821055687e-01	-2.5890462262e-01	-2.5890462262e-01	-2.5890462262e-01	-2.5890462262e-01	-3.0642059637e-01	-3.0642059637e-01	-3.0642059637e-01	-3.3785705422e-01	-3.4845593703e-01	-3.4845593703e-01	-3.4845593703e-01	-3.7336160600e-01	-3.8410755344e-01	-3.8410755344e-01	-3.8410755344e-01	-4.0349543669e-01	-4.1282113717e-01	-4.1282113717e-01	-4.1282113717e-01	-4.2834588620e-01	-4.4291963413e-01	-4.4291963413e-01	-4.4291963413e-01	-4.6857140296e-01	-4.6857140296e-01	-4.7619666790e-01	-4.7619666790e-01	-4.7619666790e-01	-4.9578128118e-01	-4.9578128118e-01	-4.9578128118e-01	-5.0488583690e-01	-5.1368040546e-01	-5.1368040546e-01	-5.1368040546e-01	-5.2101046919e-01	-5.2854168396e-01	-5.2854168396e-01	-5.2854168396e-01	-5.4316783933e-01	-5.5510118826e-01	-5.5510118826e-01	-5.5510118826e-01	-5.5510118826e-01	-5.6192516250e-01	-5.6802095137e-01	-5.6802095137e-01	-5.6802095137e-01	-5.8052225985e-01	-5.8730205723e-01	-5.8730205723e-01	-5.8730205723e-01	-5.9958490186e-01	-5.9958490186e-01	-5.9958490186e-01	-6.0596103745e-01	-6.0596103745e-01	-6.1546784356e-01	-6.1546784356e-01	-6.2797558478e-01	-6.2797558478e-01	-6.3200760416e-01	-6.3200760416e-01	-6.3200760416e-01	-6.3808373211e-01	-6.4258719370e-01	-6.4258719370e-01	-6.5306201049e-01	-6.5306201049e-01	-6.5806442463e-01	-6.5806442463e-01	-6.5806442463e-01	-6.6576456749e-01	-6.6576456749e-01	-6.6648138730e-01	-6.7553830709e-01	-6.7553830709e-01	-6.7536387314e-01	-6.7536387314e-01	-6.7536387314e-01	-6.8391034790e-01	
124	0.0	-5.1136494864e-03	-5.1136494864e-03	-3.2194384374e-02	-6.5395643259e-02	-6.5395643259e-02	-6.5395643259e-02	-6.5395643259e-02	-1.0873217699e-01	-1.0873217699e-01	-1.0873217699e-01	-1.0873217699e-01	-1.5773967412e-01	-1.5773967412e-01	-1.5773967412e-01	-1.9740715261e-01	-2.0861017983e-01	-2.0861017983e-01	-2.0861017983e-01	-2.4823322494e-01	-2.5892875887e-01	-2.5892875887e-01	-2.5892875887e-01	-2.5892875887e-01	-3.0639190115e-01	-3.0639190115e-01	-3.0639190115e-01	-3.3773530547e-01	-3.4833537443e-01	-3.4833537443e-01	-3.4833537443e-01	-3.7314547263e-01	-3.8389160023e-01	-3.8389160023e-01	-3.8389160023e-01	-4.0321172116e-01	-4.1253682677e-01	-4.1253682677e-01	-4.1253682677e-01	-4.2801311397e-01	-4.4258460050e-01	-4.4258460050e-01	-4.4258460050e-01	-4.6812947282e-01	-4.6812947282e-01	-4.7575276894e-01	-4.7575276894e-01	-4.7575276894e-01	-4.9530146372e-01	-4.9530146372e-01	-4.9530146372e-01	-5.0439132185e-01	-5.1318132662e-01	-5.1318132662e-01	-5.1318132662e-01	-5.2050427963e-01	-5.2803041074e-01	-5.2803041074e-01	-5.2803041074e-01	-5.4264145764e-01	-5.5456670337e-01	-5.5456670337e-01	-5.5456670337e-01	-5.5456670337e-01	-5.6139040695e-01	-5.6748355426e-01	-5.6748355426e-01	-5.6748355426e-01	-5.7999195842e-01	-5.8676850131e-01	-5.8676850131e-01	-5.8676850131e-01	-5.9905369565e-01	-5.9905369565e-01	-5.9905369565e-01	-6.0543651566e-01	-6.0543651566e-01	-6.1493614844e-01	-6.1493614844e-01	-6.2746013111e-01	-6.2746013111e-01	-6.3148586710e-01	-6.3148586710e-01	-6.3148586710e-01	-6.3757036222e-01	-6.4206380244e-01	-6.4206380244e-01	-6.5255048268e-01	-6.5255048268e-01	-6.5754149809e-01	-6.5754149809e-01	-6.5754149809e-01	-6.6525067190e-01	-6.6525067190e-01	-6.6596388555e-01	-6.7503221900e-01	-6.7503221900e-01	-6.7485278910e-01	-6.7485278910e-01	-6.7485278910e-01	-6.8340649707e-01	
125	0.0	-5.1220120810e-03	-5.1220120810e-03	-3.2198685080e-02	-6.5402701611e-02	-6.5402701611e-02	-6.5402701611e-02	-6.5402701611e-02	-1.0874589610e-01	-1.0874589610e-01	-1.0874589610e-01	-1.0874589610e-01	-1.5775576972e-01	-1.5775576972e-01	-1.5775576972e-01	-1.9741505880e-01	-2.0861917303e-01	-2.0861917303e-01	-2.0861917303e-01	-2.4821601292e-01	-2.5891209912e-01	-2.5891209912e-01	-2.5891209912e-01	-2.5891209912e-01	-3.0631560729e-01	-3.0631560729e-01	-3.0631560729e-01	-3.3756114297e-01	-3.4816155362e-01	-3.4816155362e-01	-3.4816155362e-01	-3.7287291108e-01	-3.8361835259e-01	-3.8361835259e-01	-3.8361835259e-01	-4.0286897193e-01	-4.1219259173e-01	-4.1219259173e-01	-4.1219259173e-01	-4.2761931377e-01	-4.4218701489e-01	-4.4218701489e-01	-4.4218701489e-01	-4.6762316763e-01	-4.6762316763e-01	-4.7524419221e-01	-4.7524419221e-01	-4.7524419221e-01	-4.9475598115e-01	-4.9475598115e-01	-4.9475598115e-01	-5.0383067148e-01	-5.1261582616e-01	-5.1261582616e-01	-5.1261582616e-01	-5.1993130061e-01	-5.2745216326e-01	-5.2745216326e-01	-5.2745216326e-01	-5.4204787068e-01	-5.5396480677e-01	-5.5396480677e-01	-5.5396480677e-01	-5.5396480677e-01	-5.6078801983e-01	-5.6687835192e-01	-5.6687835192e-01	-5.6687835192e-01	-5.7939384534e-01	-5.8616694810e-01	-5.8616694810e-01	-5.8616694810e-01	-5.9845422268e-01	-5.9845422268e-01	-5.9845422268e-01	-6.0484355632e-01	-6.0484355632e-01	-6.1433586721e-01	-6.1433586721e-01	-6.2687581058e-01	-6.2687581058e-01	-6.3089538661e-01	-6.3089538661e-01	-6.3089538661e-01	-6.3698816746e-01	-6.4147193816e-01	-6.4147193816e-01	-6.5197023908e-01	-6.5197023908e-01	-6.5695030303e-01	-6.5695030303e-01	-6.5695030303e-01	-6.6466834295e-01	-6.6466834295e-01	-6.6537809141e-01	-6.7445764502e-01	-6.7445764502e-01	-6.7427342926e-01	-6.7427342926e-01	-6.7427342926e-01	-6.8283448475e-01	
126	0.0	-5.1274272482e-03	-5.1274272482e-03	-3.2200425284e-02	-6.5401082322e-02	-6.5401082322e-02	-6.5401082322e-02	-6.5401082322e-02	-1.0874377930e-01	-1.0874377930e-01	-1.0874377930e-01	-1.0874377930e-01	-1.5774837193e-01	-1.5774837193e-01	-1.5774837193e-01	-1.9739326225e-01	-2.0859723609e-01	-2.0859723609e-01	-2.0859723609e-01	-2.4816208878e-01	-2.5885765633e-01	-2.5885765633e-01	-2.5885765633e-01	-2.5885765633e-01	-3.0619558954e-01	-3.0619558954e-01	-3.0619558954e-01	-3.3733957750e-01	-3.4793934705e-01	-3.4793934705e-01	-3.4793934705e-01	-3.7254989756e-01	-3.8329372018e-01	-3.8329372018e-01	-3.8329372018e-01	-4.0247406009e-01	-4.1179531171e-01	-4.1179531171e-01	-4.1179531171e-01	-4.2717222794e-01	-4.4173459877e-01	-4.4173459877e-01	-4.4173459877e-01	-4.6706181371e-01	-4.6706181371e-01	-4.7468005592e-01	-4.7468005592e-01	-4.7468005592e-01	-4.9415457246e-01	-4.9415457246e-01	-4.9415457246e-01	-5.0321445906e-01	-5.1199421896e-01	-5.1199421896e-01	-5.1199421896e-01	-5.1930250582e-01	-5.2681768151e-01	-5.2681768151e-01	-5.2681768151e-01	-5.4139884549e-01	-5.5330686595e-01	-5.5330686595e-01	-5.5330686595e-01	-5.5330686595e-01	-5.6012981249e-01	-5.6621695909e-01	-5.6621695909e-01	-5.6621695909e-01	-5.7874005878e-01	-5.8550932944e-01	-5.8550932944e-01	-5.8550932944e-01	-5.9779846199e-01	-5.9779846199e-01	-5.9779846199e-01	-6.0419430551e-01	-6.0419430551e-01	-6.1367883050e-01	-6.1367883050e-01	-6.2623424023e-01	-6.2623424023e-01	-6.3024765694e-01	-6.3024765694e-01	-6.3024765694e-01	-6.3634851771e-01	-6.4082285447e-01	-6.4082285447e-01	-6.5133235748e-01	-6.5133235748e-01	-6.5630164880e-01	-6.5630164880e-01	-6.5630164880e-01	-6.6402823907e-01	-6.6402823907e-01	-6.6473449941e-01	-6.7382479992e-01	-6.7382479992e-01	-6.7363584503e-01	-6.7363584503e-01	-6.7363584503e-01	-6.8220390461e-01	
127	0.0	-5.1299586077e-03	-5.1299586077e-03	-3.2199948673e-02	-6.5391397677e-02	-6.5391397677e-02	-6.5391397677e-02	-6.5391397677e-02	-1.0872690526e-01	-1.0872690526e-01	-1.0872690526e-01	-1.0872690526e-01	-1.5771908357e-01	-1.5771908357e-01	-1.5771908357e-01	-1.9734370728e-01	-2.0854654747e-01	-2.0854654747e-01	-2.0854654747e-01	-2.4807404504e-01	-2.5876824973e-01	-2.5876824973e-01	-2.5876824973e-01	-2.5876824973e-01	-3.0603541210e-01	-3.0603541210e-01	-3.0603541210e-01	-3.3707480952e-01	-3.4767318340e-01	-3.4767318340e-01	-3.4767318340e-01	-3.7218146374e-01	-3.8292300400e-01	-3.8292300400e-01	-3.8292300400e-01	-4.0203274568e-01	-4.1135105486e-01	-4.1135105486e-01	-4.1135105486e-01	-4.2667830083e-01	-4.4123440302e-01	-4.4123440302e-01	-4.4123440302e-01	-4.6645326376e-01	-4.6645326376e-01	-4.7406835848e-01	-4.7406835848e-01	-4.7406835848e-01	-4.9350573388e-01	-4.9350573388e-01	-4.9350573388e-01	-5.0255145569e-01	-5.1132542685e-01	-5.1132542685e-01	-5.1132542685e-01	-5.1862704304e-01	-5.2613623300e-01	-5.2613623300e-01	-5.2613623300e-01	-5.4070420141e-01	-5.5260286827e-01	-5.5260286827e-01	-5.5260286827e-01	-5.5260286827e-01	-5.5942604086e-01	-5.6550972942e-01	-5.6550972942e-01	-5.6550972942e-01	-5.7804117157e-01	-5.8480631384e-01	-5.8480631384e-01	-5.8480631384e-01	-5.9709725327e-01	-5.9709725327e-01	-5.9709725327e-01	-6.0349960089e-01	-6.0349960089e-01	-6.1297593929e-01	-6.1297593929e-01	-6.2554613169e-01	-6.2554613169e-01	-6.2955389856e-01	-6.2955389856e-01	-6.2955389856e-01	-6.3566238499e-01	-6.4012837976e-01	-6.4012837976e-01	-6.5064817373e-01	-6.5064817373e-01	-6.5560726707e-01	-6.5560726707e-01	-6.5560726707e-01	-6.6334174324e-01	-6.6334174324e-01	-6.6404454618e-01	-6.7314479899e-01	-6.7314479899e-01	-6.7295115316e-01	-6.7295115316e-01	-6.7295115316e-01	-6.8152550629e-01	
128	0.0	-5.1295123138e-03	-5.1295123138e-03	-3.2197691179e-02	-6.5373954119e-02	-6.5373954119e-02	-6.5373954119e-02	-6.5373954119e-02	-1.0869576272e-01	-1.0869576272e-01	-1.0869576272e-01	-1.0869576272e-01	-1.5766852684e-01	-1.5766852684e-01	-1.5766852684e-01	-1.9726673239e-01	-2.0846780418e-01	-2.0846780418e-01	-2.0846780418e-01	-2.4795228377e-01	-2.5864462732e-01	-2.5864462732e-01	-2.5864462732e-01	-2.5864462732e-01	-3.0583596311e-01	-3.0583596311e-01	-3.0583596311e-01	-3.3676775303e-01	-3.4736432814e-01	-3.4736432814e-01	-3.4736432814e-01	-3.7176890050e-01	-3.8250787112e-01	-3.8250787112e-01	-3.8250787112e-01	-4.0154639689e-01	-4.1086157953e-01	-4.1086157953e-01	-4.1086157953e-01	-4.2613873961e-01	-4.4068836521e-01	-4.4068836521e-01	-4.4068836521e-01	-4.6579828478e-01	-4.6579828478e-01	-4.7341015908e-01	-4.7341015908e-01	-4.7341015908e-01	-4.9280996996e-01	-4.9280996996e-01	-4.9280996996e-01	-5.0184107207e-01	-5.1060919970e-01	-5.1060919970e-01	-5.1060919970e-01	-5.1790360639e-01	-5.2540680987e-01	-5.2540680987e-01	-5.2540680987e-01	-5.3996045569e-01	-5.5184982292e-01	-5.5184982292e-01	-5.5184982292e-01	-5.5184982292e-01	-5.5867242501e-01	-5.6475268243e-01	-5.6475268243e-01	-5.6475268243e-01	-5.7729054775e-01	-5.8405160768e-01	-5.8405160768e-01	-5.8405160768e-01	-5.9634330594e-01	-5.9634330594e-01	-5.9634330594e-01	-6.0275101672e-01	-6.0275101672e-01	-6.1221939499e-01	-6.1221939499e-01	-6.2480203424e-01	-6.2480203424e-01	-6.2880463648e-01	-6.2880463648e-01	-6.2880463648e-01	-6.3491962212e-01	-6.3937829219e-01	-6.3937829219e-01	-6.4990674907e-01	-6.4990674907e-01	-6.5485655061e-01	-6.5485655061e-01	-6.5485655061e-01	-6.6259781435e-01	-6.6259781435e-01	-6.6329715643e-01	-6.7240625786e-01	-6.7240625786e-01	-6.7220797935e-01	-6.7220797935e-01	-6.7220797935e-01	-6.8078767147e-01	
129	0.0	-5.1264661271e-03	-5.1264661271e-03	-3.2193451231e-02	-6.5349227828e-02	-6.5349227828e-02	-6.5349227828e-02	-6.5349227828e-02	-1.0865125684e-01	-1.0865125684e-01	-1.0865125684e-01	-1.0865125684e-01	-1.5759813115e-01	-1.5759813115e-01	-1.5759813115e-01	-1.9716459604e-01	-2.0836300981e-01	-2.0836300981e-01	-2.0836300981e-01	-2.4779970272e-01	-2.5848941623e-01	-2.5848941623e-01	-2.5848941623e-01	-2.5848941623e-01	-3.0560057478e-01	-3.0560057478e-01	-3.0560057478e-01	-3.3642286046e-01	-3.4701695572e-01	-3.4701695572e-01	-3.4701695572e-01	-3.7131741666e-01	-3.8205325132e-01	-3.8205325132e-01	-3.8205325132e-01	-4.0102067504e-01	-4.1033234670e-01	-4.1033234670e-01	-4.1033234670e-01	-4.2555954788e-01	-4.4010224251e-01	-4.4010224251e-01	-4.4010224251e-01	-4.6510365712e-01	-4.6510365712e-01	-4.7271200730e-01	-4.7271200730e-01	-4.7271200730e-01	-4.9207404789e-01	-4.9207404789e-01	-4.9207404789e-01	-5.0109046947e-01	-5.0985245286e-01	-5.0985245286e-01	-5.0985245286e-01	-5.1713947494e-01	-5.2463647148e-01	-5.2463647148e-01	-5.2463647148e-01	-5.3917543754e-01	-5.5105519574e-01	-5.5105519574e-01	-5.5105519574e-01	-5.5105519574e-01	-5.5787682664e-01	-5.6395343762e-01	-5.6395343762e-01	-5.6395343762e-01	-5.7649657890e-01	-5.8325333590e-01	-5.8325333590e-01	-5.8325333590e-01	-5.9554487055e-01	-5.9554487055e-01	-5.9554487055e-01	-6.0195714553e-01	-6.0195714553e-01	-6.1141738149e-01	-6.1141738149e-01	-6.2401090496e-01	-6.2401090496e-01	-6.2800845759e-01	-6.2800845759e-01	-6.2800845759e-01	-6.3412915700e-01	-6.3858097820e-01	-6.3858097820e-01	-6.4911712715e-01	-6.4911712715e-01	-6.5405798248e-01	-6.5405798248e-01	-6.5405798248e-01	-6.6180537189e-01	-6.6180537189e-01	-6.6250088849e-01	-6.7161819760e-01	-6.7161819760e-01	-6.7141489222e-01	-6.7141489222e-01	-6.7141489222e-01	-6.7999918457e-01	
130	0.0	-5.1208649919e-03	-5.1208649919e-03	-3.2187569492e-02	-6.5317786542e-02	-6.5317786542e-02	-6.5317786542e-02	-6.5317786542e-02	-1.0859442578e-01	-1.0859442578e-01	-1.0859442578e-01	-1.0859442578e-01	-1.5750946922e-01	-1.5750946922e-01	-1.5750946922e-01	-1.9703917084e-01	-2.0823429183e-01	-2.0823429183e-01	-2.0823429183e-01	-2.4761872981e-01	-2.5830528710e-01	-2.5830528710e-01	-2.5830528710e-01	-2.5830528710e-01	-3.0533238159e-01	-3.0533238159e-01	-3.0533238159e-01	-3.3604317526e-01	-3.4663435553e-01	-3.4663435553e-01	-3.4663435553e-01	-3.7082979693e-01	-3.8156217619e-01	-3.8156217619e-01	-3.8156217619e-01	-4.0045784758e-01	-4.0976585850e-01	-4.0976585850e-01	-4.0976585850e-01	-4.2494289184e-01	-4.3947860700e-01	-4.3947860700e-01	-4.3947860700e-01	-4.6437204822e-01	-4.6437204822e-01	-4.7197678222e-01	-4.7197678222e-01	-4.7197678222e-01	-4.9130095323e-01	-4.9130095323e-01	-4.9130095323e-01	-5.0030238832e-01	-5.0905819462e-01	-5.0905819462e-01	-5.0905819462e-01	-5.1633742081e-01	-5.2382823115e-01	-5.2382823115e-01	-5.2382823115e-01	-5.3835165522e-01	-5.5022190222e-01	-5.5022190222e-01	-5.5022190222e-01	-5.5022190222e-01	-5.5704191397e-01	-5.6311484971e-01	-5.6311484971e-01	-5.6311484971e-01	-5.7566178979e-01	-5.8241422388e-01	-5.8241422388e-01	-5.8241422388e-01	-5.9470471001e-01	-5.9470471001e-01	-5.9470471001e-01	-6.0112063608e-01	-6.0112063608e-01	-6.1057283482e-01	-6.1057283482e-01	-6.2317550133e-01	-6.2317550133e-01	-6.2716821701e-01	-6.2716821701e-01	-6.2716821701e-01	-6.3329373324e-01	-6.3773919816e-01	-6.3773919816e-01	-6.4828184537e-01	-6.4828184537e-01	-6.5321423434e-01	-6.5321423434e-01	-6.5321423434e-01	-6.6096688906e-01	-6.6096688906e-01	-6.6165837792e-01	-6.7078300959e-01	-6.7078300959e-01	-6.7057448361e-01	-6.7057448361e-01	-6.7057448361e-01	-6.7916251823e-01	
131	0.0	-5.1128783081e-03	-5.1128783081e-03	-3.2180178905e-02	-6.5280176526e-02	-6.5280176526e-02	-6.5280176526e-02	-6.5280176526e-02	-1.0852626269e-01	-1.0852626269e-01	-1.0852626269e-01	-1.0852626269e-01	-1.5740403124e-01	-1.5740403124e-01	-1.5740403124e-01	-1.9689242933e-01	-2.0808367303e-01	-2.0808367303e-01	-2.0808367303e-01	-2.4741197833e-01	-2.5809488618e-01	-2.5809488618e-01	-2.5809488618e-01	-2.5809488618e-01	-3.0503488816e-01	-3.0503488816e-01	-3.0503488816e-01	-3.3563308173e-01	-3.4622093090e-01	-3.4622093090e-01	-3.4622093090e-01	-3.7031105452e-01	-3.8103966684e-01	-3.8103966684e-01	-3.8103966684e-01	-3.9986317683e-01	-4.0916738739e-01	-4.0916738739e-01	-4.0916738739e-01	-4.2429448099e-01	-4.3882319071e-01	-4.3882319071e-01	-4.3882319071e-01	-4.6361009405e-01	-4.6361009405e-01	-4.7121112364e-01	-4.7121112364e-01	-4.7121112364e-01	-4.9049762932e-01	-4.9049762932e-01	-4.9049762932e-01	-4.9948396237e-01	-5.0823358474e-01	-5.0823358474e-01	-5.0823358474e-01	-5.1550476035e-01	-5.2298943158e-01	-5.2298943158e-01	-5.2298943158e-01	-5.3749669517e-01	-5.4935757977e-01	-5.4935757977e-01	-5.4935757977e-01	-5.4935757977e-01	-5.5617541896e-01	-5.6224462695e-01	-5.6224462695e-01	-5.6224462695e-01	-5.7479393790e-01	-5.8154200014e-01	-5.8154200014e-01	-5.8154200014e-01	-5.9383053419e-01	-5.9383053419e-01	-5.9383053419e-01	-6.0024919918e-01	-6.0024919918e-01	-6.0969338927e-01	-6.0969338927e-01	-6.2230346460e-01	-6.2230346460e-01	-6.2629147532e-01	-6.2629147532e-01	-6.2629147532e-01	-6.3242091445e-01	-6.3686034474e-01	-6.3686034474e-01	-6.4740826377e-01	-6.4740826377e-01	-6.5233248118e-01	-6.5233248118e-01	-6.5233248118e-01	-6.6008949513e-01	-6.6008949513e-01	-6.6077678070e-01	-6.6990779069e-01	-6.6990779069e-01	-6.6969388249e-01	-6.6969388249e-01	-6.6969388249e-01	-6.7828478107e-01	
132	0.0	-5.1026902812e-03	-5.1026902812e-03	-3.2171352057e-02	-6.5236887982e-02	-6.5236887982e-02	-6.5236887982e-02	-6.5236887982e-02	-1.0844770465e-01	-1.0844770465e-01	-1.0844770465e-01	-1.0844770465e-01	-1.5728331636e-01	-1.5728331636e-01	-1.5728331636e-01	-1.9672659428e-01	-2.0791339020e-01	-2.0791339020e-01	-2.0791339020e-01	-2.4718276262e-01	-2.5786152765e-01	-2.5786152765e-01	-2.5786152765e-01	-2.5786152765e-01	-3.0471310675e-01	-3.0471310675e-01	-3.0471310675e-01	-3.3519863488e-01	-3.4578272425e-01	-3.4578272425e-01	-3.4578272425e-01	-3.6976633430e-01	-3.8049084518e-01	-3.8049084518e-01	-3.8049084518e-01	-3.9924098501e-01	-4.0854123093e-01	-4.0854123093e-01	-4.0854123093e-01	-4.2361755873e-01	-4.3813919032e-01	-4.3813919032e-01	-4.3813919032e-01	-4.6281908656e-01	-4.6281908656e-01	-4.7041630769e-01	-4.7041630769e-01	-4.7041630769e-01	-4.8966414187e-01	-4.8966414187e-01	-4.8966414187e-01	-4.9863390912e-01	-5.0737734400e-01	-5.0737734400e-01	-5.0737734400e-01	-5.1463901635e-01	-5.2211760182e-01	-5.2211760182e-01	-5.2211760182e-01	-5.3660583282e-01	-5.4845751831e-01	-5.4845751831e-01	-5.4845751831e-01	-5.4845751831e-01	-5.5527155974e-01	-5.6133695834e-01	-5.6133695834e-01	-5.6133695834e-01	-5.7388537923e-01	-5.8062899137e-01	-5.8062899137e-01	-5.8062899137e-01	-5.9291374454e-01	-5.9291374454e-01	-5.9291374454e-01	-5.9933336304e-01	-5.9933336304e-01	-6.0876951888e-01	-6.0876951888e-01	-6.2138361946e-01	-6.2138361946e-01	-6.2536700265e-01	-6.2536700265e-01	-6.2536700265e-01	-6.3149870556e-01	-6.3593230931e-01	-6.3593230931e-01	-6.4648307672e-01	-6.4648307672e-01	-6.5139930392e-01	-6.5139930392e-01	-6.5139930392e-01	-6.5915894596e-01	-6.5915894596e-01	-6.5984192858e-01	-6.6897763499e-01	-6.6897763499e-01	-6.6875829115e-01	-6.6875829115e-01	-6.6875829115e-01	-6.7735059345e-01	
133	0.0	-5.0914575076e-03	-5.0914575076e-03	-3.2161110148e-02	-6.5191513145e-02	-6.5191513145e-02	-6.5191513145e-02	-6.5191513145e-02	-1.0836592315e-01	-1.0836592315e-01	-1.0836592315e-01	-1.0836592315e-01	-1.5715953705e-01	-1.5715953705e-01	-1.5715953705e-01	-1.9656100406e-01	-2.0774246688e-01	-2.0774246688e-01	-2.0774246688e-01	-2.4695952554e-01	-2.5763336162e-01	-2.5763336162e-01	-2.5763336162e-01	-2.5763336162e-01	-3.0440721369e-01	-3.0440721369e-01	-3.0440721369e-01	-3.3479982474e-01	-3.4537947736e-01	-3.4537947736e-01	-3.4537947736e-01	-3.6927523523e-01	-3.7999507534e-01	-3.7999507534e-01	-3.7999507534e-01	-3.9867802221e-01	-4.0797394506e-01	-4.0797394506e-01	-4.0797394506e-01	-4.2300114266e-01	-4.3751532328e-01	-4.3751532328e-01	-4.3751532328e-01	-4.6208943899e-01	-4.6208943899e-01	-4.6968261170e-01	-4.6968261170e-01	-4.6968261170e-01	-4.8889078969e-01	-4.8889078969e-01	-4.8889078969e-01	-4.9784241172e-01	-5.0657954199e-01	-5.0657954199e-01	-5.0657954199e-01	-5.1383016056e-01	-5.2130262685e-01	-5.2130262685e-01	-5.2130262685e-01	-5.3576935625e-01	-5.4761187559e-01	-5.4761187559e-01	-5.4761187559e-01	-5.4761187559e-01	-5.5442079503e-01	-5.6048222660e-01	-5.6048222660e-01	-5.6048222660e-01	-5.7302726686e-01	-5.7976628114e-01	-5.7976628114e-01	-5.7976628114e-01	-5.9204578227e-01	-5.9204578227e-01	-5.9204578227e-01	-5.9846497461e-01	-5.9846497461e-01	-6.0789299689e-01	-6.0789299689e-01	-6.2050841332e-01	-6.2050841332e-01	-6.2448719477e-01	-6.2448719477e-01	-6.2448719477e-01	-6.3061981214e-01	-6.3504771157e-01	-6.3504771157e-01	-6.4559936069e-01	-6.4559936069e-01	-6.5050770654e-01	-6.5050770654e-01	-6.5050770654e-01	-6.5826852495e-01	-6.5826852495e-01	-6.5894716914e-01	-6.6808605294e-01	-6.6808605294e-01	-6.6786128750e-01	-6.6786128750e-01	-6.6786128750e-01	-6.7645376610e-01	
134	0.0	-5.0785942572e-03	-5.0785942572e-03	-3.2149830572e-02	-6.5142500760e-02	-6.5142500760e-02	-6.5142500760e-02	-6.5142500760e-02	-1.0827709278e-01	-1.0827709278e-01	-1.0827709278e-01	-1.0827709278e-01	-1.5702480304e-01	-1.5702480304e-01	-1.5702480304e-01	-1.9638140608e-01	-2.0755715883e-01	-2.0755715883e-01	-2.0755715883e-01	-2.4672077498e-01	-2.5738935066e-01	-2.5738935066e-01	-2.5738935066e-01	-2.5738935066e-01	-3.0408795601e-01	-3.0408795601e-01	-3.0408795601e-01	-3.3439546641e-01	-3.4497036269e-01	-3.4497036269e-01	-3.4497036269e-01	-3.6878607206e-01	-3.7950098315e-01	-3.7950098315e-01	-3.7950098315e-01	-3.9811889575e-01	-4.0741036905e-01	-4.0741036905e-01	-4.0741036905e-01	-4.2238778301e-01	-4.3689444960e-01	-4.3689444960e-01	-4.3689444960e-01	-4.6136641061e-01	-4.6136641061e-01	-4.6895543752e-01	-4.6895543752e-01	-4.6895543752e-01	-4.8812472280e-01	-4.8812472280e-01	-4.8812472280e-01	-4.9705835213e-01	-5.0578917688e-01	-5.0578917688e-01	-5.0578917688e-01	-5.1302873374e-01	-5.2049512339e-01	-5.2049512339e-01	-5.2049512339e-01	-5.3494044415e-01	-5.4677390547e-01	-5.4677390547e-01	-5.4677390547e-01	-5.4677390547e-01	-5.5357743122e-01	-5.5963473597e-01	-5.5963473597e-01	-5.5963473597e-01	-5.7217534611e-01	-5.7890959647e-01	-5.7890959647e-01	-5.7890959647e-01	-5.9118309911e-01	-5.9118309911e-01	-5.9118309911e-01	-5.9760122774e-01	-5.9760122774e-01	-6.0702093357e-01	-6.0702093357e-01	-6.1963632946e-01	-6.1963632946e-01	-6.2361042725e-01	-6.2361042725e-01	-6.2361042725e-01	-6.2974327986e-01	-6.3416542205e-01	-6.3416542205e-01	-6.4471707099e-01	-6.4471707099e-01	-6.4961737975e-01	-6.4961737975e-01	-6.4961737975e-01	-6.5737869243e-01	-6.5737869243e-01	-6.5805281559e-01	-6.6719415728e-01	-6.6719415728e-01	-6.6696374029e-01	-6.6696374029e-01	-6.6696374029e-01	-6.7555581355e-01	
135	0.0	-5.0641834963e-03	-5.0641834963e-03	-3.2137625259e-02	-6.5089926861e-02	-6.5089926861e-02	-6.5089926861e-02	-6.5089926861e-02	-1.0818164449e-01	-1.0818164449e-01	-1.0818164449e-01	-1.0818164449e-01	-1.5688032463e-01	-1.5688032463e-01	-1.5688032463e-01	-1.9618983419e-01	-2.0735949255e-01	-2.0735949255e-01	-2.0735949255e-01	-2.4646896717e-01	-2.5713192017e-01	-2.5713192017e-01	-2.5713192017e-01	-2.5713192017e-01	-3.0375744321e-01	-3.0375744321e-01	-3.0375744321e-01	-3.3398595647e-01	-3.4455572713e-01	-3.4455572713e-01	-3.4455572713e-01	-3.6829721316e-01	-3.7900688229e-01	-3.7900688229e-01	-3.7900688229e-01	-3.9756256282e-01	-4.0684940186e-01	-4.0684940186e-01	-4.0684940186e-01	-4.2177775916e-01	-4.3627674185e-01	-4.3627674185e-01	-4.3627674185e-01	-4.6065241674e-01	-4.6065241674e-01	-4.6823719460e-01	-4.6823719460e-01	-4.6823719460e-01	-4.8736946392e-01	-4.8736946392e-01	-4.8736946392e-01	-4.9628619472e-01	-5.0501074076e-01	-5.0501074076e-01	-5.0501074076e-01	-5.1223987184e-01	-5.1970025480e-01	-5.1970025480e-01	-5.1970025480e-01	-5.3412504010e-01	-5.4594958755e-01	-5.4594958755e-01	-5.4594958755e-01	-5.4594958755e-01	-5.5274781637e-01	-5.5880088807e-01	-5.5880088807e-01	-5.5880088807e-01	-5.7133664231e-01	-5.7806603446e-01	-5.7806603446e-01	-5.7806603446e-01	-5.9033314120e-01	-5.9033314120e-01	-5.9033314120e-01	-5.9674982353e-01	-5.9674982353e-01	-6.0616115929e-01	-6.0616115929e-01	-6.1877562359e-01	-6.1877562359e-01	-6.2274501174e-01	-6.2274501174e-01	-6.2274501174e-01	-6.2887763353e-01	-6.3329401618e-01	-6.3329401618e-01	-6.4384500222e-01	-6.4384500222e-01	-6.4873720929e-01	-6.4873720929e-01	-6.4873720929e-01	-6.5649846662e-01	-6.5649846662e-01	-6.5716798006e-01	-6.6631113704e-01	-6.6631113704e-01	-6.6607496415e-01	-6.6607496415e-01	-6.6607496415e-01	-6.7466619022e-01	
136	0.0	-5.0483476044e-03	-5.0483476044e-03	-3.2124577364e-02	-6.5034062106e-02	-6.5034062106e-02	-6.5034062106e-02	-6.5034062106e-02	-1.0808010536e-01	-1.0808010536e-01	-1.0808010536e-01	-1.0808010536e-01	-1.5672694164e-01	-1.5672694164e-01	-1.5672694164e-01	-1.9598730762e-01	-2.0715053136e-01	-2.0715053136e-01	-2.0715053136e-01	-2.4620502115e-01	-2.5686203728e-01	-2.5686203728e-01	-2.5686203728e-01	-2.5686203728e-01	-3.0341595029e-01	-3.0341595029e-01	-3.0341595029e-01	-3.3356994798e-01	-3.4413428752e-01	-3.4413428752e-01	-3.4413428752e-01	-3.6780575088e-01	-3.7850993175e-01	-3.7850993175e-01	-3.7850993175e-01	-3.9700564595e-01	-4.0628771326e-01	-4.0628771326e-01	-4.0628771326e-01	-4.2116764216e-01	-4.3565881107e-01	-4.3565881107e-01	-4.3565881107e-01	-4.5994337548e-01	-4.5994337548e-01	-4.6752385495e-01	-4.6752385495e-01	-4.6752385495e-01	-4.8662063888e-01	-4.8662063888e-01	-4.8662063888e-01	-4.9552101566e-01	-5.0423953933e-01	-5.0423953933e-01	-5.0423953933e-01	-5.1145852925e-01	-5.1891308364e-01	-5.1891308364e-01	-5.1891308364e-01	-5.3331795988e-01	-5.4513381329e-01	-5.4513381329e-01	-5.4513381329e-01	-5.4513381329e-01	-5.5192683545e-01	-5.5797562691e-01	-5.5797562691e-01	-5.5797562691e-01	-5.7050623090e-01	-5.7723073376e-01	-5.7723073376e-01	-5.7723073376e-01	-5.8949120145e-01	-5.8949120145e-01	-5.8949120145e-01	-5.9590620381e-01	-5.9590620381e-01	-6.0530921098e-01	-6.0530921098e-01	-6.1792216227e-01	-6.1792216227e-01	-6.2188685685e-01	-6.2188685685e-01	-6.2188685685e-01	-6.2801895840e-01	-6.3242962363e-01	-6.3242962363e-01	-6.4297951293e-01	-6.4297951293e-01	-6.4786364145e-01	-6.4786364145e-01	-6.4786364145e-01	-6.5562445710e-01	-6.5562445710e-01	-6.5628933914e-01	-6.6543380317e-01	-6.6543380317e-01	-6.6519185127e-01	-6.6519185127e-01	-6.6519185127e-01	-6.7378194010e-01	
137	0.0	-5.0312633675e-03	-5.0312633675e-03	-3.2110623045e-02	-6.4975147575e-02	-6.4975147575e-02	-6.4975147575e-02	-6.4975147575e-02	-1.0797317362e-01	-1.0797317362e-01	-1.0797317362e-01	-1.0797317362e-01	-1.5656581580e-01	-1.5656581580e-01	-1.5656581580e-01	-1.9577529060e-01	-2.0693183069e-01	-2.0693183069e-01	-2.0693183069e-01	-2.4593056306e-01	-2.5658140444e-01	-2.5658140444e-01	-2.5658140444e-01	-2.5658140444e-01	-3.0306484192e-01	-3.0306484192e-01	-3.0306484192e-01	-3.3314782848e-01	-3.4370649565e-01	-3.4370649565e-01	-3.4370649565e-01	-3.6731129358e-01	-3.7800979745e-01	-3.7800979745e-01	-3.7800979745e-01	-3.9644753128e-01	-4.0572472933e-01	-4.0572472933e-01	-4.0572472933e-01	-4.2055684316e-01	-4.3504012091e-01	-4.3504012091e-01	-4.3504012091e-01	-4.5923794333e-01	-4.5923794333e-01	-4.6681406425e-01	-4.6681406425e-01	-4.6681406425e-01	-4.8587633455e-01	-4.8587633455e-01	-4.8587633455e-01	-4.9476043941e-01	-5.0347309997e-01	-5.0347309997e-01	-5.0347309997e-01	-5.1068187177e-01	-5.1813071049e-01	-5.1813071049e-01	-5.1813071049e-01	-5.3251566817e-01	-5.4432292381e-01	-5.4432292381e-01	-5.4432292381e-01	-5.4432292381e-01	-5.5111056526e-01	-5.5715502633e-01	-5.5715502633e-01	-5.5715502633e-01	-5.6967947514e-01	-5.7639906647e-01	-5.7639906647e-01	-5.7639906647e-01	-5.8865236392e-01	-5.8865236392e-01	-5.8865236392e-01	-5.9506517441e-01	-5.9506517441e-01	-6.0445993042e-01	-6.0445993042e-01	-6.1707036729e-01	-6.1707036729e-01	-6.2103040297e-01	-6.2103040297e-01	-6.2103040297e-01	-6.2716152316e-01	-6.3156653645e-01	-6.3156653645e-01	-6.4211478041e-01	-6.4211478041e-01	-6.4699091027e-01	-6.4699091027e-01	-6.4699091027e-01	-6.5475086909e-01	-6.5475086909e-01	-6.5541113684e-01	-6.6455640890e-01	-6.6455640890e-01	-6.6430870693e-01	-6.6430870693e-01	-6.6430870693e-01	-6.7289738636e-01	
138	0.0	-5.0132187472e-03	-5.0132187472e-03	-3.2095428122e-02	-6.4913334479e-02	-6.4913334479e-02	-6.4913334479e-02	-6.4913334479e-02	-1.0786206217e-01	-1.0786206217e-01	-1.0786206217e-01	-1.0786206217e-01	-1.5639907302e-01	-1.5639907302e-01	-1.5639907302e-01	-1.9555646188e-01	-2.0670636254e-01	-2.0670636254e-01	-2.0670636254e-01	-2.4564900997e-01	-2.5629367964e-01	-2.5629367964e-01	-2.5629367964e-01	-2.5629367964e-01	-3.0270811789e-01	-3.0270811789e-01	-3.0270811789e-01	-3.3272340453e-01	-3.4327633528e-01	-3.4327633528e-01	-3.4327633528e-01	-3.6681782016e-01	-3.7751061063e-01	-3.7751061063e-01	-3.7751061063e-01	-3.9589277921e-01	-4.0516512228e-01	-4.0516512228e-01	-4.0516512228e-01	-4.1995073195e-01	-4.3442618929e-01	-4.3442618929e-01	-4.3442618929e-01	-4.5854207485e-01	-4.5854207485e-01	-4.6611385998e-01	-4.6611385998e-01	-4.6611385998e-01	-4.8514294914e-01	-4.8514294914e-01	-4.8514294914e-01	-4.9401125466e-01	-5.0271821569e-01	-5.0271821569e-01	-5.0271821569e-01	-5.0991704095e-01	-5.1736031935e-01	-5.1736031935e-01	-5.1736031935e-01	-5.3172605623e-01	-5.4352489732e-01	-5.4352489732e-01	-5.4352489732e-01	-5.4352489732e-01	-5.5030741566e-01	-5.5634757473e-01	-5.5634757473e-01	-5.5634757473e-01	-5.6886622993e-01	-5.7558096939e-01	-5.7558096939e-01	-5.7558096939e-01	-5.8782721923e-01	-5.8782721923e-01	-5.8782721923e-01	-5.9423772692e-01	-5.9423772692e-01	-6.0362441987e-01	-6.0362441987e-01	-6.1623181682e-01	-6.1623181682e-01	-6.2018728082e-01	-6.2018728082e-01	-6.2018728082e-01	-6.2631714340e-01	-6.3071663072e-01	-6.3071663072e-01	-6.4126293712e-01	-6.4126293712e-01	-6.4613124640e-01	-6.4613124640e-01	-6.4613124640e-01	-6.5389011533e-01	-6.5389011533e-01	-6.5454583285e-01	-6.6369159397e-01	-6.6369159397e-01	-6.6343822125e-01	-6.6343822125e-01	-6.6343822125e-01	-6.7202539258e-01	
139	0.0	-4.9940445004e-03	-4.9940445004e-03	-3.2080044838e-02	-6.4849594537e-02	-6.4849594537e-02	-6.4849594537e-02	-6.4849594537e-02	-1.0774712958e-01	-1.0774712958e-01	-1.0774712958e-01	-1.0774712958e-01	-1.5622625606e-01	-1.5622625606e-01	-1.5622625606e-01	-1.9533029099e-01	-2.0647282303e-01	-2.0647282303e-01	-2.0647282303e-01	-2.4535890028e-01	-2.5599674744e-01	-2.5599674744e-01	-2.5599674744e-01	-2.5599674744e-01	-3.0234271717e-01	-3.0234271717e-01	-3.0234271717e-01	-3.3229298301e-01	-3.4283964899e-01	-3.4283964899e-01	-3.4283964899e-01	-3.6632064200e-01	-3.7700728761e-01	-3.7700728761e-01	-3.7700728761e-01	-3.9533606981e-01	-4.0460327254e-01	-4.0460327254e-01	-4.0460327254e-01	-4.1934364964e-01	-4.3381092400e-01	-4.3381092400e-01	-4.3381092400e-01	-4.5784881324e-01	-4.5784881324e-01	-4.6541613098e-01	-4.6541613098e-01	-4.6541613098e-01	-4.8441277935e-01	-4.8441277935e-01	-4.8441277935e-01	-4.9326530439e-01	-5.0196658920e-01	-5.0196658920e-01	-5.0196658920e-01	-5.0915534474e-01	-5.1659313146e-01	-5.1659313146e-01	-5.1659313146e-01	-5.3093958223e-01	-5.4273008377e-01	-5.4273008377e-01	-5.4273008377e-01	-5.4273008377e-01	-5.4950738465e-01	-5.5554323788e-01	-5.5554323788e-01	-5.5554323788e-01	-5.6805632354e-01	-5.7476624056e-01	-5.7476624056e-01	-5.7476624056e-01	-5.8700546500e-01	-5.8700546500e-01	-5.8700546500e-01	-5.9341351943e-01	-5.9341351943e-01	-6.0279230230e-01	-6.0279230230e-01	-6.1539597509e-01	-6.1539597509e-01	-6.1934694910e-01	-6.1934694910e-01	-6.1934694910e-01	-6.2547518984e-01	-6.2986928203e-01	-6.2986928203e-01	-6.4041322433e-01	-6.4041322433e-01	-6.4527392188e-01	-6.4527392188e-01	-6.4527392188e-01	-6.5303141350e-01	-6.5303141350e-01	-6.5368267475e-01	-6.6282856625e-01	-6.6282856625e-01	-6.6256965107e-01	-6.6256965107e-01	-6.6256965107e-01	-6.7115515966e-01	
140	0.0	-4.9739257334e-03	-4.9739257334e-03	-3.2064317869e-02	-6.4784115109e-02	-6.4784115109e-02	-6.4784115109e-02	-6.4784115109e-02	-1.0762885722e-01	-1.0762885722e-01	-1.0762885722e-01	-1.0762885722e-01	-1.5604826393e-01	-1.5604826393e-01	-1.5604826393e-01	-1.9509793600e-01	-2.0623240243e-01	-2.0623240243e-01	-2.0623240243e-01	-2.4506160863e-01	-2.5569210590e-01	-2.5569210590e-01	-2.5569210590e-01	-2.5569210590e-01	-3.0197032887e-01	-3.0197032887e-01	-3.0197032887e-01	-3.3185806256e-01	-3.4239817167e-01	-3.4239817167e-01	-3.4239817167e-01	-3.6582135065e-01	-3.7650168165e-01	-3.7650168165e-01	-3.7650168165e-01	-3.9477930665e-01	-4.0404132199e-01	-4.0404132199e-01	-4.0404132199e-01	-4.1873794032e-01	-4.3319703855e-01	-4.3319703855e-01	-4.3319703855e-01	-4.5716058601e-01	-4.5716058601e-01	-4.6472349494e-01	-4.6472349494e-01	-4.6472349494e-01	-4.8368846061e-01	-4.8368846061e-01	-4.8368846061e-01	-4.9252496600e-01	-5.0122074121e-01	-5.0122074121e-01	-5.0122074121e-01	-5.0839894193e-01	-5.1583142250e-01	-5.1583142250e-01	-5.1583142250e-01	-5.3015762598e-01	-5.4194003235e-01	-5.4194003235e-01	-5.4194003235e-01	-5.4194003235e-01	-5.4871147081e-01	-5.5474308094e-01	-5.5474308094e-01	-5.5474308094e-01	-5.6724982734e-01	-5.7395500955e-01	-5.7395500955e-01	-5.7395500955e-01	-5.8618686880e-01	-5.8618686880e-01	-5.8618686880e-01	-5.9259199994e-01	-5.9259199994e-01	-6.0196308574e-01	-6.0196308574e-01	-6.1456186480e-01	-6.1456186480e-01	-6.1850846172e-01	-6.1850846172e-01	-6.1850846172e-01	-6.2463448308e-01	-6.2902334960e-01	-6.2902334960e-01	-6.3956414782e-01	-6.3956414782e-01	-6.4441750699e-01	-6.4441750699e-01	-6.4441750699e-01	-6.5217312022e-01	-6.5217312022e-01	-6.5282005803e-01	-6.6196548882e-01	-6.6196548882e-01	-6.6170121750e-01	-6.6170121750e-01	-6.6170121750e-01	-6.7028465797e-01	
141	0.0	-4.9530283921e-03	-4.9530283921e-03	-3.2048159931e-02	-6.4717122696e-02	-6.4717122696e-02	-6.4717122696e-02	-6.4717122696e-02	-1.0750777785e-01	-1.0750777785e-01	-1.0750777785e-01	-1.0750777785e-01	-1.5586605165e-01	-1.5586605165e-01	-1.5586605165e-01	-1.9486067656e-01	-2.0598656969e-01	-2.0598656969e-01	-2.0598656969e-01	-2.4475890068e-01	-2.5538166680e-01	-2.5538166680e-01	-2.5538166680e-01	-2.5538166680e-01	-3.0159317214e-01	-3.0159317214e-01	-3.0159317214e-01	-3.3142092570e-01	-3.4195427674e-01	-3.4195427674e-01	-3.4195427674e-01	-3.6532243164e-01	-3.7599634103e-01	-3.7599634103e-01	-3.7599634103e-01	-3.9422528744e-01	-4.0348211624e-01	-4.0348211624e-01	-4.0348211624e-01	-4.1813681415e-01	-4.3258782309e-01	-4.3258782309e-01	-4.3258782309e-01	-4.5648094277e-01	-4.5648094277e-01	-4.6403957628e-01	-4.6403957628e-01	-4.6403957628e-01	-4.8297387748e-01	-4.8297387748e-01	-4.8297387748e-01	-4.9179424021e-01	-5.0048477724e-01	-5.0048477724e-01	-5.0048477724e-01	-5.0765203254e-01	-5.1507949292e-01	-5.1507949292e-01	-5.1507949292e-01	-5.2938484542e-01	-5.4115957320e-01	-5.4115957320e-01	-5.4115957320e-01	-5.4115957320e-01	-5.4792461973e-01	-5.5395216397e-01	-5.5395216397e-01	-5.5395216397e-01	-5.6645178135e-01	-5.7315244733e-01	-5.7315244733e-01	-5.7315244733e-01	-5.8537673123e-01	-5.8537673123e-01	-5.8537673123e-01	-5.9177846109e-01	-5.9177846109e-01	-6.0114228087e-01	-6.0114228087e-01	-6.1373497439e-01	-6.1373497439e-01	-6.1767744441e-01	-6.1767744441e-01	-6.1767744441e-01	-6.2380061179e-01	-6.2818459445e-01	-6.2818459445e-01	-6.3872136858e-01	-6.3872136858e-01	-6.4356792999e-01	-6.4356792999e-01	-6.4356792999e-01	-6.5132103949e-01	-6.5132103949e-01	-6.5196395648e-01	-6.6110810990e-01	-6.6110810990e-01	-6.6083889060e-01	-6.6083889060e-01	-6.6083889060e-01	-6.6941973641e-01	
142	0.0	-4.9313926901e-03	-4.9313926901e-03	-3.2031801385e-02	-6.4649017712e-02	-6.4649017712e-02	-6.4649017712e-02	-6.4649017712e-02	-1.0738468003e-01	-1.0738468003e-01	-1.0738468003e-01	-1.0738468003e-01	-1.5568090496e-01	-1.5568090496e-01	-1.5568090496e-01	-1.9461998886e-01	-2.0573717314e-01	-2.0573717314e-01	-2.0573717314e-01	-2.4445279692e-01	-2.5506780559e-01	-2.5506780559e-01	-2.5506780559e-01	-2.5506780559e-01	-3.0121404931e-01	-3.0121404931e-01	-3.0121404931e-01	-3.3098437451e-01	-3.4151108733e-01	-3.4151108733e-01	-3.4151108733e-01	-3.6482704462e-01	-3.7549473346e-01	-3.7549473346e-01	-3.7549473346e-01	-3.9367763511e-01	-4.0292953942e-01	-4.0292953942e-01	-4.0292953942e-01	-4.1754444645e-01	-4.3198787616e-01	-4.3198787616e-01	-4.3198787616e-01	-4.5581488251e-01	-4.5581488251e-01	-4.6336963357e-01	-4.6336963357e-01	-4.6336963357e-01	-4.8227486243e-01	-4.8227486243e-01	-4.8227486243e-01	-4.9107925456e-01	-4.9976511578e-01	-4.9976511578e-01	-4.9976511578e-01	-5.0692127918e-01	-5.1434427395e-01	-5.1434427395e-01	-5.1434427395e-01	-5.2862856664e-01	-5.4039649269e-01	-5.4039649269e-01	-5.4039649269e-01	-5.4039649269e-01	-5.4715474663e-01	-5.5317869418e-01	-5.5317869418e-01	-5.5317869418e-01	-5.6566987118e-01	-5.7236657106e-01	-5.7236657106e-01	-5.7236657106e-01	-5.8458301646e-01	-5.8458301646e-01	-5.8458301646e-01	-5.9098048706e-01	-5.9098048706e-01	-6.0033804651e-01	-6.0033804651e-01	-6.1292259901e-01	-6.1292259901e-01	-6.1686155109e-01	-6.1686155109e-01	-6.1686155109e-01	-6.2298077492e-01	-6.2736066542e-01	-6.2736066542e-01	-6.3789160772e-01	-6.3789160772e-01	-6.4273260581e-01	-6.4273260581e-01	-6.4273260581e-01	-6.5048187549e-01	-6.5048187549e-01	-6.5112152748e-01	-6.6026272152e-01	-6.6026272152e-01	-6.5998957397e-01	-6.5998957397e-01	-6.5998957397e-01	-6.6856678406e-01	
143	0.0	-4.9092367988e-03	-4.9092367988e-03	-3.2015114824e-02	-6.4580036763e-02	-6.4580036763e-02	-6.4580036763e-02	-6.4580036763e-02	-1.0726001466e-01	-1.0726001466e-01	-1.0726001466e-01	-1.0726001466e-01	-1.5549351578e-01	-1.5549351578e-01	-1.5549351578e-01	-1.9437684258e-01	-2.0548514145e-01	-2.0548514145e-01	-2.0548514145e-01	-2.4414445214e-01	-2.5475160800e-01	-2.5475160800e-01	-2.5475160800e-01	-2.5475160800e-01	-3.0083406781e-01	-3.0083406781e-01	-3.0083406781e-01	-3.3054952518e-01	-3.4106958393e-01	-3.4106958393e-01	-3.4106958393e-01	-3.6433613957e-01	-3.7499764098e-01	-3.7499764098e-01	-3.7499764098e-01	-3.9313710605e-01	-4.0238418326e-01	-4.0238418326e-01	-4.0238418326e-01	-4.1696140671e-01	-4.3139749367e-01	-4.3139749367e-01	-4.3139749367e-01	-4.5516232271e-01	-4.5516232271e-01	-4.6271339564e-01	-4.6271339564e-01	-4.6271339564e-01	-4.8159071130e-01	-4.8159071130e-01	-4.8159071130e-01	-4.9037900223e-01	-4.9906050718e-01	-4.9906050718e-01	-4.9906050718e-01	-5.0620506717e-01	-5.1362393088e-01	-5.1362393088e-01	-5.1362393088e-01	-5.2788590099e-01	-5.3964753277e-01	-5.3964753277e-01	-5.3964753277e-01	-5.3964753277e-01	-5.4639798273e-01	-5.5241857854e-01	-5.5241857854e-01	-5.5241857854e-01	-5.6489884891e-01	-5.7159187737e-01	-5.7159187737e-01	-5.7159187737e-01	-5.8379952057e-01	-5.8379952057e-01	-5.8379952057e-01	-5.9019152782e-01	-5.9019152782e-01	-5.9954341970e-01	-5.9954341970e-01	-6.1211745885e-01	-6.1211745885e-01	-6.1605326468e-01	-6.1605326468e-01	-6.1605326468e-01	-6.2216738909e-01	-6.2654370022e-01	-6.2654370022e-01	-6.3706704182e-01	-6.3706704182e-01	-6.4190331669e-01	-6.4190331669e-01	-6.4190331669e-01	-6.4964748119e-01	-6.4964748119e-01	-6.5028439199e-01	-6.5942105035e-01	-6.5942105035e-01	-6.5914469186e-01	-6.5914469186e-01	-6.5914469186e-01	-6.6771715094e-01	
144	0.0	-4.8867129313e-03	-4.8867129313e-03	-3.1998121786e-02	-6.4510486648e-02	-6.4510486648e-02	-6.4510486648e-02	-6.4510486648e-02	-1.0713434955e-01	-1.0713434955e-01	-1.0713434955e-01	-1.0713434955e-01	-1.5530476533e-01	-1.5530476533e-01	-1.5530476533e-01	-1.9413241675e-01	-2.0523167942e-01	-2.0523167942e-01	-2.0523167942e-01	-2.4383533961e-01	-2.5443455434e-01	-2.5443455434e-01	-2.5443455434e-01	-2.5443455434e-01	-3.0045488812e-01	-3.0045488812e-01	-3.0045488812e-01	-3.3011815142e-01	-3.4063150862e-01	-3.4063150862e-01	-3.4063150862e-01	-3.6385155283e-01	-3.7450684965e-01	-3.7450684965e-01	-3.7450684965e-01	-3.9260558628e-01	-4.0184787284e-01	-4.0184787284e-01	-4.0184787284e-01	-4.1638974658e-01	-4.3081861736e-01	-4.3081861736e-01	-4.3081861736e-01	-4.5452567196e-01	-4.5452567196e-01	-4.6207319098e-01	-4.6207319098e-01	-4.6207319098e-01	-4.8092396340e-01	-4.8092396340e-01	-4.8092396340e-01	-4.8969637130e-01	-4.9837373181e-01	-4.9837373181e-01	-4.9837373181e-01	-5.0550655815e-01	-5.1292152459e-01	-5.1292152459e-01	-5.1292152459e-01	-5.2716091906e-01	-5.3891659278e-01	-5.3891659278e-01	-5.3891659278e-01	-5.3891659278e-01	-5.4565875743e-01	-5.5167613881e-01	-5.5167613881e-01	-5.5167613881e-01	-5.6414414883e-01	-5.7083367258e-01	-5.7083367258e-01	-5.7083367258e-01	-5.8303199099e-01	-5.8303199099e-01	-5.8303199099e-01	-5.8941784297e-01	-5.8941784297e-01	-5.9876442354e-01	-5.9876442354e-01	-6.1132655282e-01	-6.1132655282e-01	-6.1525942952e-01	-6.1525942952e-01	-6.1525942952e-01	-6.2136777267e-01	-6.2574081477e-01	-6.2574081477e-01	-6.3625570345e-01	-6.3625570345e-01	-6.4108776983e-01	-6.4108776983e-01	-6.4108776983e-01	-6.4882626481e-01	-6.4882626481e-01	-6.4946073093e-01	-6.5859205791e-01	-6.5859205791e-01	-6.5831287062e-01	-6.5831287062e-01	-6.5831287062e-01	-6.6688003875e-01	
145	0.0	-4.8639211953e-03	-4.8639211953e-03	-3.1980951173e-02	-6.4440726620e-02	-6.4440726620e-02	-6.4440726620e-02	-6.4440726620e-02	-1.0700831711e-01	-1.0700831711e-01	-1.0700831711e-01	-1.0700831711e-01	-1.5511559249e-01	-1.5511559249e-01	-1.5511559249e-01	-1.9388787156e-01	-2.0497802659e-01	-2.0497802659e-01	-2.0497802659e-01	-2.4352688488e-01	-2.5411813852e-01	-2.5411813852e-01	-2.5411813852e-01	-2.5411813852e-01	-3.0007818095e-01	-3.0007818095e-01	-3.0007818095e-01	-3.2969196844e-01	-3.4019863341e-01	-3.4019863341e-01	-3.4019863341e-01	-3.6337508822e-01	-3.7402421494e-01	-3.7402421494e-01	-3.7402421494e-01	-3.9208497899e-01	-4.0132254547e-01	-4.0132254547e-01	-4.0132254547e-01	-4.1583145797e-01	-4.3025328737e-01	-4.3025328737e-01	-4.3025328737e-01	-4.5390695974e-01	-4.5390695974e-01	-4.6145106540e-01	-4.6145106540e-01	-4.6145106540e-01	-4.8027676713e-01	-4.8027676713e-01	-4.8027676713e-01	-4.8903365858e-01	-4.9770709964e-01	-4.9770709964e-01	-4.9770709964e-01	-5.0482819996e-01	-5.1223951672e-01	-5.1223951672e-01	-5.1223951672e-01	-5.2645630636e-01	-5.3820639188e-01	-5.3820639188e-01	-5.3820639188e-01	-5.3820639188e-01	-5.4493989120e-01	-5.5095422597e-01	-5.5095422597e-01	-5.5095422597e-01	-5.6340880522e-01	-5.7009502729e-01	-5.7009502729e-01	-5.7009502729e-01	-5.8228360584e-01	-5.8228360584e-01	-5.8228360584e-01	-5.8866265421e-01	-5.8866265421e-01	-5.9800434581e-01	-5.9800434581e-01	-6.1055318170e-01	-6.1055318170e-01	-6.1448339325e-01	-6.1448339325e-01	-6.1448339325e-01	-6.2058526249e-01	-6.2495540020e-01	-6.2495540020e-01	-6.3546097427e-01	-6.3546097427e-01	-6.4028942216e-01	-6.4028942216e-01	-6.4028942216e-01	-6.4802167611e-01	-6.4802167611e-01	-6.4865406855e-01	-6.5777917350e-01	-6.5777917350e-01	-6.5749766476e-01	-6.5749766476e-01	-6.5749766476e-01	-6.6605896027e-01	
146	0.0	-4.8410261856e-03	-4.8410261856e-03	-3.1963643395e-02	-6.4371115916e-02	-6.4371115916e-02	-6.4371115916e-02	-6.4371115916e-02	-1.0688256227e-01	-1.0688256227e-01	-1.0688256227e-01	-1.0688256227e-01	-1.5492697460e-01	-1.5492697460e-01	-1.5492697460e-01	-1.9364451379e-01	-2.0472550241e-01	-2.0472550241e-01	-2.0472550241e-01	-2.4322071674e-01	-2.5380399916e-01	-2.5380399916e-01	-2.5380399916e-01	-2.5380399916e-01	-2.9970585758e-01	-2.9970585758e-01	-2.9970585758e-01	-3.2927310109e-01	-3.3977309945e-01	-3.3977309945e-01	-3.3977309945e-01	-3.6290909986e-01	-3.7355211006e-01	-3.7355211006e-01	-3.7355211006e-01	-3.9157789737e-01	-4.0081082738e-01	-4.0081082738e-01	-4.0081082738e-01	-4.1528939312e-01	-4.2970438044e-01	-4.2970438044e-01	-4.2970438044e-01	-4.5330931173e-01	-4.5330931173e-01	-4.6085014240e-01	-4.6085014240e-01	-4.6085014240e-01	-4.7965248423e-01	-4.7965248423e-01	-4.7965248423e-01	-4.8839453120e-01	-4.9706427309e-01	-4.9706427309e-01	-4.9706427309e-01	-5.0417391343e-01	-5.1158182712e-01	-5.1158182712e-01	-5.1158182712e-01	-5.2577644526e-01	-5.3752132218e-01	-5.3752132218e-01	-5.3752132218e-01	-5.3752132218e-01	-5.4424599334e-01	-5.5025745886e-01	-5.5025745886e-01	-5.5025745886e-01	-5.6269781062e-01	-5.6938094443e-01	-5.6938094443e-01	-5.6938094443e-01	-5.8155954970e-01	-5.8155954970e-01	-5.8155954970e-01	-5.8793129760e-01	-5.8793129760e-01	-5.9726854508e-01	-5.9726854508e-01	-6.0980290508e-01	-6.0980290508e-01	-6.1373073167e-01	-6.1373073167e-01	-6.1373073167e-01	-6.1982551058e-01	-6.2419312689e-01	-6.2419312689e-01	-6.3468846448e-01	-6.3468846448e-01	-6.3951391243e-01	-6.3951391243e-01	-6.3951391243e-01	-6.4723892783e-01	-6.4723892783e-01	-6.4786964633e-01	-6.5698753108e-01	-6.5698753108e-01	-6.5670424574e-01	-6.5670424574e-01	-6.5670424574e-01	-6.6525900402e-01	
147	0.0	-4.8181273050e-03	-4.8181273050e-03	-3.1946324792e-02	-6.4301997768e-02	-6.4301997768e-02	-6.4301997768e-02	-6.4301997768e-02	-1.0675768826e-01	-1.0675768826e-01	-1.0675768826e-01	-1.0675768826e-01	-1.5473979693e-01	-1.5473979693e-01	-1.5473979693e-01	-1.9340341215e-01	-2.0447525396e-01	-2.0447525396e-01	-2.0447525396e-01	-2.4291812027e-01	-2.5349348502e-01	-2.5349348502e-01	-2.5349348502e-01	-2.5349348502e-01	-2.9933943175e-01	-2.9933943175e-01	-2.9933943175e-01	-3.2886305302e-01	-3.3935652344e-01	-3.3935652344e-01	-3.3935652344e-01	-3.6245514696e-01	-3.7309221300e-01	-3.7309221300e-01	-3.7309221300e-01	-3.9108594375e-01	-4.0031442185e-01	-4.0031442185e-01	-4.0031442185e-01	-4.1476513650e-01	-4.2917364786e-01	-4.2917364786e-01	-4.2917364786e-01	-4.5273407378e-01	-4.5273407378e-01	-4.6027183214e-01	-4.6027183214e-01	-4.6027183214e-01	-4.7905241777e-01	-4.7905241777e-01	-4.7905241777e-01	-4.8778014831e-01	-4.9644648443e-01	-4.9644648443e-01	-4.9644648443e-01	-5.0354482205e-01	-5.1094964846e-01	-5.1094964846e-01	-5.1094964846e-01	-5.2512232335e-01	-5.3686249956e-01	-5.3686249956e-01	-5.3686249956e-01	-5.3686249956e-01	-5.4357808273e-01	-5.4958693532e-01	-5.4958693532e-01	-5.4958693532e-01	-5.6201208469e-01	-5.6869243386e-01	-5.6869243386e-01	-5.6869243386e-01	-5.8086082451e-01	-5.8086082451e-01	-5.8086082451e-01	-5.8722467880e-01	-5.8722467880e-01	-5.9655809621e-01	-5.9655809621e-01	-6.0907659593e-01	-6.0907659593e-01	-6.1300243117e-01	-6.1300243117e-01	-6.1300243117e-01	-6.1908944311e-01	-6.2345506779e-01	-6.2345506779e-01	-6.3393910642e-01	-6.3393910642e-01	-6.3876241205e-01	-6.3876241205e-01	-6.3876241205e-01	-6.4647899010e-01	-6.4647899010e-01	-6.4710862226e-01	-6.5621787090e-01	-6.5621787090e-01	-6.5593363274e-01	-6.5593363274e-01	-6.5593363274e-01	-6.6448096758e-01	
148	0.0	-4.7953313893e-03	-4.7953313893e-03	-3.1929119418e-02	-6.4233749666e-02	-6.4233749666e-02	-6.4233749666e-02	-6.4233749666e-02	-1.0663437838e-01	-1.0663437838e-01	-1.0663437838e-01	-1.0663437838e-01	-1.5455509299e-01	-1.5455509299e-01	-1.5455509299e-01	-1.9316588302e-01	-2.0422866805e-01	-2.0422866805e-01	-2.0422866805e-01	-2.4262074096e-01	-2.5318828978e-01	-2.5318828978e-01	-2.5318828978e-01	-2.5318828978e-01	-2.9898088052e-01	-2.9898088052e-01	-2.9898088052e-01	-3.2846394818e-01	-3.3895112647e-01	-3.3895112647e-01	-3.3895112647e-01	-3.6201557226e-01	-3.7264696535e-01	-3.7264696535e-01	-3.7264696535e-01	-3.9061167681e-01	-3.9983597251e-01	-3.9983597251e-01	-3.9983597251e-01	-4.1426143493e-01	-4.2866397968e-01	-4.2866397968e-01	-4.2866397968e-01	-4.5218425308e-01	-4.5218425308e-01	-4.5971917861e-01	-4.5971917861e-01	-4.5971917861e-01	-4.7847979127e-01	-4.7847979127e-01	-4.7847979127e-01	-4.8719394683e-01	-4.9585720986e-01	-4.9585720986e-01	-4.9585720986e-01	-5.0294461728e-01	-5.1034670616e-01	-5.1034670616e-01	-5.1034670616e-01	-5.2449807216e-01	-5.3623411501e-01	-5.3623411501e-01	-5.3623411501e-01	-5.3623411501e-01	-5.4294055605e-01	-5.4894707272e-01	-5.4894707272e-01	-5.4894707272e-01	-5.6135641931e-01	-5.6803430447e-01	-5.6803430447e-01	-5.6803430447e-01	-5.8019243682e-01	-5.8019243682e-01	-5.8019243682e-01	-5.8654798656e-01	-5.8654798656e-01	-5.9587820399e-01	-5.9587820399e-01	-6.0837975324e-01	-6.0837975324e-01	-6.1230398757e-01	-6.1230398757e-01	-6.1230398757e-01	-6.1838266406e-01	-6.2274681437e-01	-6.2274681437e-01	-6.3321850222e-01	-6.3321850222e-01	-6.3804049592e-01	-6.3804049592e-01	-6.3804049592e-01	-6.4574779231e-01	-6.4574779231e-01	-6.4637688582e-01	-6.5547651850e-01	-6.5547651850e-01	-6.5519205527e-01	-6.5519205527e-01	-6.5519205527e-01	-6.6373146114e-01	
149	0.0	-4.7727087089e-03	-4.7727087089e-03	-3.1912169906e-02	-6.4166687148e-02	-6.4166687148e-02	-6.4166687148e-02	-6.4166687148e-02	-1.0651319907e-01	-1.0651319907e-01	-1.0651319907e-01	-1.0651319907e-01	-1.5437370623e-01	-1.5437370623e-01	-1.5437370623e-01	-1.9293292398e-01	-2.0398686784e-01	-2.0398686784e-01	-2.0398686784e-01	-2.4232982338e-01	-2.5288978046e-01	-2.5288978046e-01	-2.5288978046e-01	-2.5288978046e-01	-2.9863167773e-01	-2.9863167773e-01	-2.9863167773e-01	-3.2807726500e-01	-3.3855840380e-01	-3.3855840380e-01	-3.3855840380e-01	-3.6159184695e-01	-3.7221787740e-01	-3.7221787740e-01	-3.7221787740e-01	-3.9015657721e-01	-3.9937700996e-01	-3.9937700996e-01	-3.9937700996e-01	-4.1377978671e-01	-4.2817697678e-01	-4.2817697678e-01	-4.2817697678e-01	-4.5166137395e-01	-4.5166137395e-01	-4.5919373747e-01	-4.5919373747e-01	-4.5919373747e-01	-4.7793622585e-01	-4.7793622585e-01	-4.7793622585e-01	-4.8663764436e-01	-4.9529820620e-01	-4.9529820620e-01	-4.9529820620e-01	-5.0237516610e-01	-5.0977490164e-01	-5.0977490164e-01	-5.0977490164e-01	-5.2390583003e-01	-5.3563836780e-01	-5.3563836780e-01	-5.3563836780e-01	-5.3563836780e-01	-5.4233575747e-01	-5.4834023825e-01	-5.4834023825e-01	-5.4834023825e-01	-5.6073352146e-01	-5.6740928560e-01	-5.6740928560e-01	-5.6740928560e-01	-5.7955731578e-01	-5.7955731578e-01	-5.7955731578e-01	-5.8590433729e-01	-5.8590433729e-01	-5.9523201368e-01	-5.9523201368e-01	-6.0771587458e-01	-6.0771587458e-01	-6.1163890709e-01	-6.1163890709e-01	-6.1163890709e-01	-6.1770882121e-01	-6.2207201507e-01	-6.2207201507e-01	-6.3253060995e-01	-6.3253060995e-01	-6.3735210827e-01	-6.3735210827e-01	-6.3735210827e-01	-6.4504947721e-01	-6.4504947721e-01	-6.4567856912e-01	-6.5476770808e-01	-6.5476770808e-01	-6.5448372816e-01	-6.5448372816e-01	-6.5448372816e-01	-6.6301474272e-01	
150	0.0	-4.7504008274e-03	-4.7504008274e-03	-3.1895489830e-02	-6.4101088920e-02	-6.4101088920e-02	-6.4101088920e-02	-6.4101088920e-02	-1.0639466040e-01	-1.0639466040e-01	-1.0639466040e-01	-1.0639466040e-01	-1.5419640152e-01	-1.5419640152e-01	-1.5419640152e-01	-1.9270555039e-01	-2.0375086479e-01	-2.0375086479e-01	-2.0375086479e-01	-2.4204659497e-01	-2.5259917959e-01	-2.5259917959e-01	-2.5259917959e-01	-2.5259917959e-01	-2.9829317577e-01	-2.9829317577e-01	-2.9829317577e-01	-3.2770444655e-01	-3.3817977069e-01	-3.3817977069e-01	-3.3817977069e-01	-3.6118544175e-01	-3.7180639525e-01	-3.7180639525e-01	-3.7180639525e-01	-3.8972213279e-01	-3.9893901211e-01	-3.9893901211e-01	-3.9893901211e-01	-4.1332170990e-01	-4.2771415355e-01	-4.2771415355e-01	-4.2771415355e-01	-4.5116700281e-01	-4.5116700281e-01	-4.5869704554e-01	-4.5869704554e-01	-4.5869704554e-01	-4.7742331801e-01	-4.7742331801e-01	-4.7742331801e-01	-4.8611299809e-01	-4.9477119178e-01	-4.9477119178e-01	-4.9477119178e-01	-5.0183834761e-01	-5.0923607604e-01	-5.0923607604e-01	-5.0923607604e-01	-5.2334777930e-01	-5.3507737772e-01	-5.3507737772e-01	-5.3507737772e-01	-5.3507737772e-01	-5.4176600651e-01	-5.4776869991e-01	-5.4776869991e-01	-5.4776869991e-01	-5.6014610711e-01	-5.6682003426e-01	-5.6682003426e-01	-5.6682003426e-01	-5.7895830138e-01	-5.7895830138e-01	-5.7895830138e-01	-5.8529681655e-01	-5.8529681655e-01	-5.9462251109e-01	-5.9462251109e-01	-6.0708848624e-01	-6.0708848624e-01	-6.1101065074e-01	-6.1101065074e-01	-6.1101065074e-01	-6.1707165305e-01	-6.2143432224e-01	-6.2143432224e-01	-6.3187951740e-01	-6.3187951740e-01	-6.3670119981e-01	-6.3670119981e-01	-6.3670119981e-01	-6.4438833898e-01	-6.4438833898e-01	-6.4501788338e-01	-6.5409595843e-01	-6.5409595843e-01	-6.5381306041e-01	-6.5381306041e-01	-6.5381306041e-01	-6.6233542282e-01	
151	0.0	-4.7285452577e-03	-4.7285452577e-03	-3.1879068675e-02	-6.4037180168e-02	-6.4037180168e-02	-6.4037180168e-02	-6.4037180168e-02	-1.0627917384e-01	-1.0627917384e-01	-1.0627917384e-01	-1.0627917384e-01	-1.5402378754e-01	-1.5402378754e-01	-1.5402378754e-01	-1.9248457218e-01	-2.0352144419e-01	-2.0352144419e-01	-2.0352144419e-01	-2.4177199816e-01	-2.5231740309e-01	-2.5231740309e-01	-2.5231740309e-01	-2.5231740309e-01	-2.9796634107e-01	-2.9796634107e-01	-2.9796634107e-01	-3.2734646929e-01	-3.3781617390e-01	-3.3781617390e-01	-3.3781617390e-01	-3.6079726914e-01	-3.7141334202e-01	-3.7141334202e-01	-3.7141334202e-01	-3.8930911002e-01	-3.9852263175e-01	-3.9852263175e-01	-3.9852263175e-01	-4.1288779578e-01	-4.2727594757e-01	-4.2727594757e-01	-4.2727594757e-01	-4.5070143402e-01	-4.5070143402e-01	-4.5822932044e-01	-4.5822932044e-01	-4.5822932044e-01	-4.7694117285e-01	-4.7694117285e-01	-4.7694117285e-01	-4.8562012049e-01	-4.9427620447e-01	-4.9427620447e-01	-4.9427620447e-01	-5.0133421739e-01	-5.0873021969e-01	-5.0873021969e-01	-5.0873021969e-01	-5.2282395328e-01	-5.3455107463e-01	-5.3455107463e-01	-5.3455107463e-01	-5.3455107463e-01	-5.4123127941e-01	-5.4723236668e-01	-5.4723236668e-01	-5.4723236668e-01	-5.5959421849e-01	-5.6626651969e-01	-5.6626651969e-01	-5.6626651969e-01	-5.7839536839e-01	-5.7839536839e-01	-5.7839536839e-01	-5.8472547210e-01	-5.8472547210e-01	-5.9404962730e-01	-5.9404962730e-01	-6.0649770260e-01	-6.0649770260e-01	-6.1041926061e-01	-6.1041926061e-01	-6.1041926061e-01	-6.1647130652e-01	-6.2083379065e-01	-6.2083379065e-01	-6.3126541464e-01	-6.3126541464e-01	-6.3608781804e-01	-6.3608781804e-01	-6.3608781804e-01	-6.4376453659e-01	-6.4376453659e-01	-6.4439490817e-01	-6.5346140598e-01	-6.5346140598e-01	-6.5318008923e-01	-6.5318008923e-01	-6.5318008923e-01	-6.6169348543e-01	
152	0.0	-4.7072421261e-03	-4.7072421261e-03	-3.1862963525e-02	-6.3975223323e-02	-6.3975223323e-02	-6.3975223323e-02	-6.3975223323e-02	-1.0616722457e-01	-1.0616722457e-01	-1.0616722457e-01	-1.0616722457e-01	-1.5385659934e-01	-1.5385659934e-01	-1.5385659934e-01	-1.9227095625e-01	-2.0329958333e-01	-2.0329958333e-01	-2.0329958333e-01	-2.4150721878e-01	-2.5204563110e-01	-2.5204563110e-01	-2.5204563110e-01	-2.5204563110e-01	-2.9765248161e-01	-2.9765248161e-01	-2.9765248161e-01	-3.2700473971e-01	-3.3746896344e-01	-3.3746896344e-01	-3.3746896344e-01	-3.6042875689e-01	-3.7104000752e-01	-3.7104000752e-01	-3.7104000752e-01	-3.8891887397e-01	-3.9812899421e-01	-3.9812899421e-01	-3.9812899421e-01	-4.1247926332e-01	-4.2686312283e-01	-4.2686312283e-01	-4.2686312283e-01	-4.5026561916e-01	-4.5026561916e-01	-4.5779151972e-01	-4.5779151972e-01	-4.5779151972e-01	-4.7649092076e-01	-4.7649092076e-01	-4.7649092076e-01	-4.8516036930e-01	-4.9381462075e-01	-4.9381462075e-01	-4.9381462075e-01	-5.0086437925e-01	-5.0825895752e-01	-5.0825895752e-01	-5.0825895752e-01	-5.2233648678e-01	-5.3406163273e-01	-5.3406163273e-01	-5.3406163273e-01	-5.3406163273e-01	-5.4073403239e-01	-5.4673372190e-01	-5.4673372190e-01	-5.4673372190e-01	-5.5908092528e-01	-5.6575184074e-01	-5.6575184074e-01	-5.6575184074e-01	-5.7787194619e-01	-5.7787194619e-01	-5.7787194619e-01	-5.8419404485e-01	-5.8419404485e-01	-5.9351713974e-01	-5.9351713974e-01	-6.0594796338e-01	-6.0594796338e-01	-6.0986918279e-01	-6.0986918279e-01	-6.0986918279e-01	-6.1591257047e-01	-6.2027520358e-01	-6.2027520358e-01	-6.3069371556e-01	-6.3069371556e-01	-6.3551734760e-01	-6.3551734760e-01	-6.3551734760e-01	-6.4318397018e-01	-6.4318397018e-01	-6.4381550319e-01	-6.5287050516e-01	-6.5287050516e-01	-6.5259118548e-01	-6.5259118548e-01	-6.5259118548e-01	-6.6109581464e-01	
153	0.0	-4.6865463441e-03	-4.6865463441e-03	-3.1847301420e-02	-6.3915491265e-02	-6.3915491265e-02	-6.3915491265e-02	-6.3915491265e-02	-1.0605930674e-01	-1.0605930674e-01	-1.0605930674e-01	-1.0605930674e-01	-1.5369557189e-01	-1.5369557189e-01	-1.5369557189e-01	-1.9206559956e-01	-2.0308625058e-01	-2.0308625058e-01	-2.0308625058e-01	-2.4125337054e-01	-2.5178503506e-01	-2.5178503506e-01	-2.5178503506e-01	-2.5178503506e-01	-2.9735291084e-01	-2.9735291084e-01	-2.9735291084e-01	-3.2668062850e-01	-3.3713952886e-01	-3.3713952886e-01	-3.3713952886e-01	-3.6008133779e-01	-3.7068786606e-01	-3.7068786606e-01	-3.7068786606e-01	-3.8855294671e-01	-3.9775960499e-01	-3.9775960499e-01	-3.9775960499e-01	-4.1209769151e-01	-4.2647702673e-01	-4.2647702673e-01	-4.2647702673e-01	-4.4986106173e-01	-4.4986106173e-01	-4.5738519812e-01	-4.5738519812e-01	-4.5738519812e-01	-4.7607429461e-01	-4.7607429461e-01	-4.7607429461e-01	-4.8473567772e-01	-4.9338840069e-01	-4.9338840069e-01	-4.9338840069e-01	-5.0043098453e-01	-5.0782445850e-01	-5.0782445850e-01	-5.0782445850e-01	-5.2188793400e-01	-5.3361162585e-01	-5.3361162585e-01	-5.3361162585e-01	-5.3361162585e-01	-5.4027704830e-01	-5.4627557605e-01	-5.4627557605e-01	-5.4627557605e-01	-5.5860945898e-01	-5.6527925520e-01	-5.6527925520e-01	-5.6527925520e-01	-5.7739152617e-01	-5.7739152617e-01	-5.7739152617e-01	-5.8370624461e-01	-5.8370624461e-01	-5.9302877293e-01	-5.9302877293e-01	-6.0544347078e-01	-6.0544347078e-01	-6.0936460413e-01	-6.0936460413e-01	-6.0936460413e-01	-6.1539987471e-01	-6.1976295036e-01	-6.1976295036e-01	-6.3016930540e-01	-6.3016930540e-01	-6.3499457358e-01	-6.3499457358e-01	-6.3499457358e-01	-6.4265181318e-01	-6.4265181318e-01	-6.4328474234e-01	-6.5232887138e-01	-6.5232887138e-01	-6.5205179887e-01	-6.5205179887e-01	-6.5205179887e-01	-6.6054828870e-01	
154	0.0	-4.6666560454e-03	-4.6666560454e-03	-3.1832003417e-02	-6.3858279219e-02	-6.3858279219e-02	-6.3858279219e-02	-6.3858279219e-02	-1.0595596136e-01	-1.0595596136e-01	-1.0595596136e-01	-1.0595596136e-01	-1.5354152118e-01	-1.5354152118e-01	-1.5354152118e-01	-1.9186971612e-01	-2.0288254094e-01	-2.0288254094e-01	-2.0288254094e-01	-2.4101194286e-01	-2.5153697999e-01	-2.5153697999e-01	-2.5153697999e-01	-2.5153697999e-01	-2.9706923254e-01	-2.9706923254e-01	-2.9706923254e-01	-3.2637607123e-01	-3.3682968841e-01	-3.3682968841e-01	-3.3682968841e-01	-3.5975715018e-01	-3.7035898803e-01	-3.7035898803e-01	-3.7035898803e-01	-3.8821372050e-01	-3.9741684423e-01	-3.9741684423e-01	-3.9741684423e-01	-4.1174580669e-01	-4.2612029183e-01	-4.2612029183e-01	-4.2612029183e-01	-4.4949100709e-01	-4.4949100709e-01	-4.5701340739e-01	-4.5701340739e-01	-4.5701340739e-01	-4.7569451154e-01	-4.7569451154e-01	-4.7569451154e-01	-4.8434973498e-01	-4.9300095440e-01	-4.9300095440e-01	-4.9300095440e-01	-5.0003787694e-01	-5.0743029285e-01	-5.0743029285e-01	-5.0743029285e-01	-5.2148275182e-01	-5.3320502165e-01	-5.3320502165e-01	-5.3320502165e-01	-5.3320502165e-01	-5.3986475303e-01	-5.4586207670e-01	-5.4586207670e-01	-5.4586207670e-01	-5.5818486984e-01	-5.6485348808e-01	-5.6485348808e-01	-5.6485348808e-01	-5.7695897671e-01	-5.7695897671e-01	-5.7695897671e-01	-5.8326740721e-01	-5.8326740721e-01	-5.9258924174e-01	-5.9258924174e-01	-6.0498990308e-01	-6.0498990308e-01	-6.0891078117e-01	-6.0891078117e-01	-6.0891078117e-01	-6.1493895190e-01	-6.1930219746e-01	-6.1930219746e-01	-6.2969838052e-01	-6.2969838052e-01	-6.3452474686e-01	-6.3452474686e-01	-6.3452474686e-01	-6.4217411849e-01	-6.4217411849e-01	-6.4280798101e-01	-6.5184337003e-01	-6.5184337003e-01	-6.5156776465e-01	-6.5156776465e-01	-6.5156776465e-01	-6.6005781370e-01	
155	0.0	-4.6475235454e-03	-4.6475235454e-03	-3.1817277380e-02	-6.3803697855e-02	-6.3803697855e-02	-6.3803697855e-02	-6.3803697855e-02	-1.0585735100e-01	-1.0585735100e-01	-1.0585735100e-01	-1.0585735100e-01	-1.5339461653e-01	-1.5339461653e-01	-1.5339461653e-01	-1.9168323852e-01	-2.0268856295e-01	-2.0268856295e-01	-2.0268856295e-01	-2.4078272583e-01	-2.5130142827e-01	-2.5130142827e-01	-2.5130142827e-01	-2.5130142827e-01	-2.9680116891e-01	-2.9680116891e-01	-2.9680116891e-01	-3.2609026570e-01	-3.3653882245e-01	-3.3653882245e-01	-3.3653882245e-01	-3.5945495346e-01	-3.7005233764e-01	-3.7005233764e-01	-3.7005233764e-01	-3.8789945987e-01	-3.9709920296e-01	-3.9709920296e-01	-3.9709920296e-01	-4.1142154851e-01	-4.2579131162e-01	-4.2579131162e-01	-4.2579131162e-01	-4.4915304560e-01	-4.4915304560e-01	-4.5667389959e-01	-4.5667389959e-01	-4.5667389959e-01	-4.7534897316e-01	-4.7534897316e-01	-4.7534897316e-01	-4.8399933414e-01	-4.9264925927e-01	-4.9264925927e-01	-4.9264925927e-01	-4.9968145222e-01	-5.0707301707e-01	-5.0707301707e-01	-5.0707301707e-01	-5.2111619750e-01	-5.3283734874e-01	-5.3283734874e-01	-5.3283734874e-01	-5.3283734874e-01	-5.3949201615e-01	-5.4548831790e-01	-5.4548831790e-01	-5.4548831790e-01	-5.5780093844e-01	-5.6446858330e-01	-5.6446858330e-01	-5.6446858330e-01	-5.7656790233e-01	-5.7656790233e-01	-5.7656790233e-01	-5.8287043766e-01	-5.8287043766e-01	-5.9219190452e-01	-5.9219190452e-01	-6.0457922713e-01	-6.0457922713e-01	-6.0849997794e-01	-6.0849997794e-01	-6.0849997794e-01	-6.1452136887e-01	-6.1888488098e-01	-6.1888488098e-01	-6.2927148795e-01	-6.2927148795e-01	-6.3409896706e-01	-6.3409896706e-01	-6.3409896706e-01	-6.4174087148e-01	-6.4174087148e-01	-6.4237563475e-01	-6.5140303841e-01	-6.5140303841e-01	-6.5112881967e-01	-6.5112881967e-01	-6.5112881967e-01	-6.5961320462e-01	
156	0.0	-4.6291258470e-03	-4.6291258470e-03	-3.1803268267e-02	-6.3751836250e-02	-6.3751836250e-02	-6.3751836250e-02	-6.3751836250e-02	-1.0576363728e-01	-1.0576363728e-01	-1.0576363728e-01	-1.0576363728e-01	-1.5325509559e-01	-1.5325509559e-01	-1.5325509559e-01	-1.9150633737e-01	-2.0250460107e-01	-2.0250460107e-01	-2.0250460107e-01	-2.4056587615e-01	-2.5107864419e-01	-2.5107864419e-01	-2.5107864419e-01	-2.5107864419e-01	-2.9654887271e-01	-2.9654887271e-01	-2.9654887271e-01	-3.2582305665e-01	-3.3626688763e-01	-3.3626688763e-01	-3.3626688763e-01	-3.5917435968e-01	-3.6976763858e-01	-3.6976763858e-01	-3.6976763858e-01	-3.8760952455e-01	-3.9680616934e-01	-3.9680616934e-01	-3.9680616934e-01	-4.1112396662e-01	-4.2548942337e-01	-4.2548942337e-01	-4.2548942337e-01	-4.4884555072e-01	-4.4884555072e-01	-4.5636513591e-01	-4.5636513591e-01	-4.5636513591e-01	-4.7503567122e-01	-4.7503567122e-01	-4.7503567122e-01	-4.8368186585e-01	-4.9233079436e-01	-4.9233079436e-01	-4.9233079436e-01	-4.9935868255e-01	-5.0674967600e-01	-5.0674967600e-01	-5.0674967600e-01	-5.2078435217e-01	-5.3250480608e-01	-5.3250480608e-01	-5.3250480608e-01	-5.3250480608e-01	-5.3915457202e-01	-5.4515013075e-01	-5.4515013075e-01	-5.4515013075e-01	-5.5745261548e-01	-5.6411960039e-01	-5.6411960039e-01	-5.6411960039e-01	-5.7621301583e-01	-5.7621301583e-01	-5.7621301583e-01	-5.8250960463e-01	-5.8250960463e-01	-5.9183121325e-01	-5.9183121325e-01	-6.0420505272e-01	-6.0420505272e-01	-6.0812593308e-01	-6.0812593308e-01	-6.0812593308e-01	-6.1414046027e-01	-6.1850451315e-01	-6.1850451315e-01	-6.2888131500e-01	-6.2888131500e-01	-6.3371022931e-01	-6.3371022931e-01	-6.3371022931e-01	-6.4134449397e-01	-6.4134449397e-01	-6.4198035717e-01	-6.5099975186e-01	-6.5099975186e-01	-6.5072718410e-01	-6.5072718410e-01	-6.5072718410e-01	-6.5920602478e-01	
157	0.0	-4.6115965713e-03	-4.6115965713e-03	-3.1789884062e-02	-6.3702823810e-02	-6.3702823810e-02	-6.3702823810e-02	-6.3702823810e-02	-1.0567507298e-01	-1.0567507298e-01	-1.0567507298e-01	-1.0567507298e-01	-1.5312335914e-01	-1.5312335914e-01	-1.5312335914e-01	-1.9133967655e-01	-2.0233120416e-01	-2.0233120416e-01	-2.0233120416e-01	-2.4036218617e-01	-2.5086929751e-01	-2.5086929751e-01	-2.5086929751e-01	-2.5086929751e-01	-2.9631307544e-01	-2.9631307544e-01	-2.9631307544e-01	-3.2557530976e-01	-3.3601462139e-01	-3.3601462139e-01	-3.3601462139e-01	-3.5891623959e-01	-3.6950561809e-01	-3.6950561809e-01	-3.6950561809e-01	-3.8734479583e-01	-3.9653851074e-01	-3.9653851074e-01	-3.9653851074e-01	-4.1085398675e-01	-4.2521540502e-01	-4.2521540502e-01	-4.2521540502e-01	-4.4856957722e-01	-4.4856957722e-01	-4.5608803360e-01	-4.5608803360e-01	-4.5608803360e-01	-4.7475559339e-01	-4.7475559339e-01	-4.7475559339e-01	-4.8339861371e-01	-4.9204667540e-01	-4.9204667540e-01	-4.9204667540e-01	-4.9907099522e-01	-5.0646153925e-01	-5.0646153925e-01	-5.0646153925e-01	-5.2048918901e-01	-5.3220910103e-01	-5.3220910103e-01	-5.3220910103e-01	-5.3220910103e-01	-5.3885451073e-01	-5.4484944246e-01	-5.4484944246e-01	-5.4484944246e-01	-5.5714262115e-01	-5.6380907005e-01	-5.6380907005e-01	-5.6380907005e-01	-5.7589708796e-01	-5.7589708796e-01	-5.7589708796e-01	-5.8218811260e-01	-5.8218811260e-01	-5.9151003604e-01	-5.9151003604e-01	-6.0387114533e-01	-6.0387114533e-01	-6.0779221709e-01	-6.0779221709e-01	-6.0779221709e-01	-6.1380024562e-01	-6.1816488116e-01	-6.1816488116e-01	-6.2853240912e-01	-6.2853240912e-01	-6.3336274870e-01	-6.3336274870e-01	-6.3336274870e-01	-6.4098977357e-01	-6.4098977357e-01	-6.4162671631e-01	-6.5063865077e-01	-6.5063865077e-01	-6.5036767543e-01	-6.5036767543e-01	-6.5036767543e-01	-6.5884143831e-01	
158	0.0	-4.5949406591e-03	-4.5949406591e-03	-3.1777267817e-02	-6.3656793780e-02	-6.3656793780e-02	-6.3656793780e-02	-6.3656793780e-02	-1.0559186998e-01	-1.0559186998e-01	-1.0559186998e-01	-1.0559186998e-01	-1.5299967971e-01	-1.5299967971e-01	-1.5299967971e-01	-1.9118343100e-01	-2.0216866803e-01	-2.0216866803e-01	-2.0216866803e-01	-2.4017179297e-01	-2.5067364934e-01	-2.5067364934e-01	-2.5067364934e-01	-2.5067364934e-01	-2.9609392505e-01	-2.9609392505e-01	-2.9609392505e-01	-3.2534684339e-01	-3.3578198419e-01	-3.3578198419e-01	-3.3578198419e-01	-3.5868018343e-01	-3.6926600686e-01	-3.6926600686e-01	-3.6926600686e-01	-3.8710463185e-01	-3.9629571211e-01	-3.9629571211e-01	-3.9629571211e-01	-4.1061072793e-01	-4.2496858777e-01	-4.2496858777e-01	-4.2496858777e-01	-4.4832379073e-01	-4.4832379073e-01	-4.5584138284e-01	-4.5584138284e-01	-4.5584138284e-01	-4.7450733899e-01	-4.7450733899e-01	-4.7450733899e-01	-4.8314785196e-01	-4.9179533812e-01	-4.9179533812e-01	-4.9179533812e-01	-4.9881653472e-01	-5.0620690060e-01	-5.0620690060e-01	-5.0620690060e-01	-5.2022834159e-01	-5.3194813590e-01	-5.3194813590e-01	-5.3194813590e-01	-5.3194813590e-01	-5.3858941512e-01	-5.4458399544e-01	-5.4458399544e-01	-5.4458399544e-01	-5.5686809368e-01	-5.6353430924e-01	-5.6353430924e-01	-5.6353430924e-01	-5.7561729070e-01	-5.7561729070e-01	-5.7561729070e-01	-5.8190282200e-01	-5.8190282200e-01	-5.9122552706e-01	-5.9122552706e-01	-6.0357405938e-01	-6.0357405938e-01	-6.0749557597e-01	-6.0749557597e-01	-6.0749557597e-01	-6.1349718137e-01	-6.1786268058e-01	-6.1786268058e-01	-6.2822093917e-01	-6.2822093917e-01	-6.3305306154e-01	-6.3305306154e-01	-6.3305306154e-01	-6.4067286815e-01	-6.4067286815e-01	-6.4131111166e-01	-6.5031564122e-01	-6.5031564122e-01	-6.5004653346e-01	-6.5004653346e-01	-6.5004653346e-01	-6.5851537743e-01	
159	0.0	-4.5792804031e-03	-4.5792804031e-03	-3.1765293807e-02	-6.3613767055e-02	-6.3613767055e-02	-6.3613767055e-02	-6.3613767055e-02	-1.0551407311e-01	-1.0551407311e-01	-1.0551407311e-01	-1.0551407311e-01	-1.5288413204e-01	-1.5288413204e-01	-1.5288413204e-01	-1.9103782173e-01	-2.0201708372e-01	-2.0201708372e-01	-2.0201708372e-01	-2.3999490247e-01	-2.5049176629e-01	-2.5049176629e-01	-2.5049176629e-01	-2.5049176629e-01	-2.9589139064e-01	-2.9589139064e-01	-2.9589139064e-01	-3.2513761904e-01	-3.3556878175e-01	-3.3556878175e-01	-3.3556878175e-01	-3.5846597556e-01	-3.6904841615e-01	-3.6904841615e-01	-3.6904841615e-01	-3.8688862938e-01	-3.9607721124e-01	-3.9607721124e-01	-3.9607721124e-01	-4.1039362893e-01	-4.2474814615e-01	-4.2474814615e-01	-4.2474814615e-01	-4.4810738610e-01	-4.4810738610e-01	-4.5562419815e-01	-4.5562419815e-01	-4.5562419815e-01	-4.7428978621e-01	-4.7428978621e-01	-4.7428978621e-01	-4.8292857683e-01	-4.9157556361e-01	-4.9157556361e-01	-4.9157556361e-01	-4.9859421556e-01	-5.0598447946e-01	-5.0598447946e-01	-5.0598447946e-01	-5.2000086690e-01	-5.3172065008e-01	-5.3172065008e-01	-5.3172065008e-01	-5.3172065008e-01	-5.3835822238e-01	-5.4435251185e-01	-5.4435251185e-01	-5.4435251185e-01	-5.5662814032e-01	-5.6329418017e-01	-5.6329418017e-01	-5.6329418017e-01	-5.7537247464e-01	-5.7537247464e-01	-5.7537247464e-01	-5.8165280535e-01	-5.8165280535e-01	-5.9097635428e-01	-5.9097635428e-01	-6.0331273293e-01	-6.0331273293e-01	-6.0723472444e-01	-6.0723472444e-01	-6.0723472444e-01	-6.1323009544e-01	-6.1759647978e-01	-6.1759647978e-01	-6.2794565026e-01	-6.2794565026e-01	-6.3277955405e-01	-6.3277955405e-01	-6.3277955405e-01	-6.4039229901e-01	-6.4039229901e-01	-6.4103187080e-01	-6.5002919275e-01	-6.5002919275e-01	-6.4976200563e-01	-6.4976200563e-01	-6.4976200563e-01	-6.5822614114e-01	
160	0.0	-4.5645842450e-03	-4.5645842450e-03	-3.1754077191e-02	-6.3573796131e-02	-6.3573796131e-02	-6.3573796131e-02	-6.3573796131e-02	-1.0544177175e-01	-1.0544177175e-01	-1.0544177175e-01	-1.0544177175e-01	-1.5277684279e-01	-1.5277684279e-01	-1.5277684279e-01	-1.9090290615e-01	-2.0187660196e-01	-2.0187660196e-01	-2.0187660196e-01	-2.3983156203e-01	-2.5032378635e-01	-2.5032378635e-01	-2.5032378635e-01	-2.5032378635e-01	-2.9570553404e-01	-2.9570553404e-01	-2.9570553404e-01	-3.2494747399e-01	-3.3537494541e-01	-3.3537494541e-01	-3.3537494541e-01	-3.5827330641e-01	-3.6885263031e-01	-3.6885263031e-01	-3.6885263031e-01	-3.8669633845e-01	-3.9588263700e-01	-3.9588263700e-01	-3.9588263700e-01	-4.1020210295e-01	-4.2455361336e-01	-4.2455361336e-01	-4.2455361336e-01	-4.4791954571e-01	-4.4791954571e-01	-4.5543573552e-01	-4.5543573552e-01	-4.5543573552e-01	-4.7410213030e-01	-4.7410213030e-01	-4.7410213030e-01	-4.8273986927e-01	-4.9138653384e-01	-4.9138653384e-01	-4.9138653384e-01	-4.9840312578e-01	-5.0579345747e-01	-5.0579345747e-01	-5.0579345747e-01	-5.1980572441e-01	-5.3152577483e-01	-5.3152577483e-01	-5.3152577483e-01	-5.3152577483e-01	-5.3815996940e-01	-5.4415412177e-01	-5.4415412177e-01	-5.4415412177e-01	-5.5642171269e-01	-5.6308774142e-01	-5.6308774142e-01	-5.6308774142e-01	-5.7516171033e-01	-5.7516171033e-01	-5.7516171033e-01	-5.8143705680e-01	-5.8143705680e-01	-5.9076169575e-01	-5.9076169575e-01	-6.0308634691e-01	-6.0308634691e-01	-6.0700896304e-01	-6.0700896304e-01	-6.0700896304e-01	-6.1299830851e-01	-6.1736575301e-01	-6.1736575301e-01	-6.2770602495e-01	-6.2770602495e-01	-6.3254195900e-01	-6.3254195900e-01	-6.3254195900e-01	-6.4014778817e-01	-6.4014778817e-01	-6.4078888345e-01	-6.4977911522e-01	-6.4977911522e-01	-6.4951412872e-01	-6.4951412872e-01	-6.4951412872e-01	-6.5797385800e-01	
161	0.0	-4.5508758704e-03	-4.5508758704e-03	-3.1743647568e-02	-6.3536940923e-02	-6.3536940923e-02	-6.3536940923e-02	-6.3536940923e-02	-1.0537507344e-01	-1.0537507344e-01	-1.0537507344e-01	-1.0537507344e-01	-1.5267796567e-01	-1.5267796567e-01	-1.5267796567e-01	-1.9077885890e-01	-2.0174741071e-01	-2.0174741071e-01	-2.0174741071e-01	-2.3968195187e-01	-2.5016990159e-01	-2.5016990159e-01	-2.5016990159e-01	-2.5016990159e-01	-2.9553649364e-01	-2.9553649364e-01	-2.9553649364e-01	-3.2477642786e-01	-3.3520050856e-01	-3.3520050856e-01	-3.3520050856e-01	-3.5810207505e-01	-3.6867856279e-01	-3.6867856279e-01	-3.6867856279e-01	-3.8652754253e-01	-3.9571178470e-01	-3.9571178470e-01	-3.9571178470e-01	-4.1003583257e-01	-4.2438469095e-01	-4.2438469095e-01	-4.2438469095e-01	-4.4775977963e-01	-4.4775977963e-01	-4.5527550887e-01	-4.5527550887e-01	-4.5527550887e-01	-4.7394382684e-01	-4.7394382684e-01	-4.7394382684e-01	-4.8258115772e-01	-4.9122768609e-01	-4.9122768609e-01	-4.9122768609e-01	-4.9824269063e-01	-5.0563326810e-01	-5.0563326810e-01	-5.0563326810e-01	-5.1964231492e-01	-5.3136293238e-01	-5.3136293238e-01	-5.3136293238e-01	-5.3136293238e-01	-5.3799408160e-01	-5.4398825343e-01	-5.4398825343e-01	-5.4398825343e-01	-5.5624827573e-01	-5.6291446214e-01	-5.6291446214e-01	-5.6291446214e-01	-5.7498449374e-01	-5.7498449374e-01	-5.7498449374e-01	-5.8125510095e-01	-5.8125510095e-01	-5.9058109203e-01	-5.9058109203e-01	-6.0289457390e-01	-6.0289457390e-01	-6.0681797603e-01	-6.0681797603e-01	-6.0681797603e-01	-6.1280157537e-01	-6.1717027391e-01	-6.1717027391e-01	-6.2750192246e-01	-6.2750192246e-01	-6.3234017818e-01	-6.3234017818e-01	-6.3234017818e-01	-6.3993929974e-01	-6.3993929974e-01	-6.4058213793e-01	-6.4956539787e-01	-6.4956539787e-01	-6.4930291451e-01	-6.4930291451e-01	-6.4930291451e-01	-6.5775854181e-01	
162	0.0	-4.5381841742e-03	-4.5381841742e-03	-3.1734019039e-02	-6.3503249153e-02	-6.3503249153e-02	-6.3503249153e-02	-6.3503249153e-02	-1.0531406423e-01	-1.0531406423e-01	-1.0531406423e-01	-1.0531406423e-01	-1.5258761817e-01	-1.5258761817e-01	-1.5258761817e-01	-1.9066580926e-01	-2.0162964346e-01	-2.0162964346e-01	-2.0162964346e-01	-2.3954618852e-01	-2.5003023225e-01	-2.5003023225e-01	-2.5003023225e-01	-2.5003023225e-01	-2.9538432244e-01	-2.9538432244e-01	-2.9538432244e-01	-3.2462441213e-01	-3.3504540765e-01	-3.3504540765e-01	-3.3504540765e-01	-3.5795208153e-01	-3.6852601907e-01	-3.6852601907e-01	-3.6852601907e-01	-3.8638191522e-01	-3.9556433244e-01	-3.9556433244e-01	-3.9556433244e-01	-4.0989438272e-01	-4.2424095160e-01	-4.2424095160e-01	-4.2424095160e-01	-4.4762747364e-01	-4.4762747364e-01	-4.5514290007e-01	-4.5514290007e-01	-4.5514290007e-01	-4.7381419557e-01	-4.7381419557e-01	-4.7381419557e-01	-4.8245174377e-01	-4.9109831930e-01	-4.9109831930e-01	-4.9109831930e-01	-4.9811220750e-01	-5.0550320395e-01	-5.0550320395e-01	-5.0550320395e-01	-5.1950993353e-01	-5.3123141083e-01	-5.3123141083e-01	-5.3123141083e-01	-5.3123141083e-01	-5.3785986728e-01	-5.4385420488e-01	-5.4385420488e-01	-5.4385420488e-01	-5.5610720954e-01	-5.6277371143e-01	-5.6277371143e-01	-5.6277371143e-01	-5.7484022715e-01	-5.7484022715e-01	-5.7484022715e-01	-5.8110638001e-01	-5.8110638001e-01	-5.9043397192e-01	-5.9043397192e-01	-6.0273695184e-01	-6.0273695184e-01	-6.0666128901e-01	-6.0666128901e-01	-6.0666128901e-01	-6.1263948198e-01	-6.1700961399e-01	-6.1700961399e-01	-6.2733300750e-01	-6.2733300750e-01	-6.3217386068e-01	-6.3217386068e-01	-6.3217386068e-01	-6.3976654579e-01	-6.3976654579e-01	-6.4041133240e-01	-6.4938772497e-01	-6.4938772497e-01	-6.4912802734e-01	-6.4912802734e-01	-6.4912802734e-01	-6.5757980058e-01	
163	0.0	-4.5265246680e-03	-4.5265246680e-03	-3.1725203528e-02	-6.3472736331e-02	-6.3472736331e-02	-6.3472736331e-02	-6.3472736331e-02	-1.0525877356e-01	-1.0525877356e-01	-1.0525877356e-01	-1.0525877356e-01	-1.5250583284e-01	-1.5250583284e-01	-1.5250583284e-01	-1.9056376979e-01	-2.0152331799e-01	-2.0152331799e-01	-2.0152331799e-01	-2.3942424195e-01	-2.4990475232e-01	-2.4990475232e-01	-2.4990475232e-01	-2.4990475232e-01	-2.9524890026e-01	-2.9524890026e-01	-2.9524890026e-01	-3.2449116392e-01	-3.3490938370e-01	-3.3490938370e-01	-3.3490938370e-01	-3.5782291418e-01	-3.6839459127e-01	-3.6839459127e-01	-3.6839459127e-01	-3.8625890474e-01	-3.9543973176e-01	-3.9543973176e-01	-3.9543973176e-01	-4.0977708368e-01	-4.2412173121e-01	-4.2412173121e-01	-4.2412173121e-01	-4.4752176629e-01	-4.4752176629e-01	-4.5503704439e-01	-4.5503704439e-01	-4.5503704439e-01	-4.7371230628e-01	-4.7371230628e-01	-4.7371230628e-01	-4.8235067589e-01	-4.9099747990e-01	-4.9099747990e-01	-4.9099747990e-01	-4.9801072081e-01	-5.0540230505e-01	-5.0540230505e-01	-5.0540230505e-01	-5.1940765187e-01	-5.3113027371e-01	-5.3113027371e-01	-5.3113027371e-01	-5.3113027371e-01	-5.3775642875e-01	-5.4375107540e-01	-5.4375107540e-01	-5.4375107540e-01	-5.5599775821e-01	-5.6266473223e-01	-5.6266473223e-01	-5.6266473223e-01	-5.7472823707e-01	-5.7472823707e-01	-5.7472823707e-01	-5.8099030244e-01	-5.8099030244e-01	-5.9031975131e-01	-5.9031975131e-01	-6.0261295435e-01	-6.0261295435e-01	-6.0653837805e-01	-6.0653837805e-01	-6.0653837805e-01	-6.1251154031e-01	-6.1688329071e-01	-6.1688329071e-01	-6.2719886882e-01	-6.2719886882e-01	-6.3204261140e-01	-6.3204261140e-01	-6.3204261140e-01	-6.3962919660e-01	-6.3962919660e-01	-6.4027614644e-01	-6.4924581799e-01	-6.4924581799e-01	-6.4898920134e-01	-6.4898920134e-01	-6.4898920134e-01	-6.5743738912e-01	
164	0.0	-4.5159178828e-03	-4.5159178828e-03	-3.1717213691e-02	-6.3445438350e-02	-6.3445438350e-02	-6.3445438350e-02	-6.3445438350e-02	-1.0520927278e-01	-1.0520927278e-01	-1.0520927278e-01	-1.0520927278e-01	-1.5243271784e-01	-1.5243271784e-01	-1.5243271784e-01	-1.9047287403e-01	-2.0142857304e-01	-2.0142857304e-01	-2.0142857304e-01	-2.3931625993e-01	-2.4979361487e-01	-2.4979361487e-01	-2.4979361487e-01	-2.4979361487e-01	-2.9513035842e-01	-2.9513035842e-01	-2.9513035842e-01	-3.2437675434e-01	-3.3479251541e-01	-3.3479251541e-01	-3.3479251541e-01	-3.5771459247e-01	-3.6828430716e-01	-3.6828430716e-01	-3.6828430716e-01	-3.8615849648e-01	-3.9533797603e-01	-3.9533797603e-01	-3.9533797603e-01	-4.0968391691e-01	-4.2402702484e-01	-4.2402702484e-01	-4.2402702484e-01	-4.4744266671e-01	-4.4744266671e-01	-4.5495795649e-01	-4.5495795649e-01	-4.5495795649e-01	-4.7363824827e-01	-4.7363824827e-01	-4.7363824827e-01	-4.8227816588e-01	-4.9092538767e-01	-4.9092538767e-01	-4.9092538767e-01	-4.9793857846e-01	-5.0533092394e-01	-5.0533092394e-01	-5.0533092394e-01	-5.1933610165e-01	-5.3106015794e-01	-5.3106015794e-01	-5.3106015794e-01	-5.3106015794e-01	-5.3768455614e-01	-5.4367966212e-01	-5.4367966212e-01	-5.4367966212e-01	-5.5592099351e-01	-5.6258860524e-01	-5.6258860524e-01	-5.6258860524e-01	-5.7464974139e-01	-5.7464974139e-01	-5.7464974139e-01	-5.8090817909e-01	-5.8090817909e-01	-5.9023975916e-01	-5.9023975916e-01	-6.0252415035e-01	-6.0252415035e-01	-6.0645081774e-01	-6.0645081774e-01	-6.0645081774e-01	-6.1241941786e-01	-6.1679297822e-01	-6.1679297822e-01	-6.2710132130e-01	-6.2710132130e-01	-6.3194825675e-01	-6.3194825675e-01	-6.3194825675e-01	-6.3952918269e-01	-6.3952918269e-01	-6.4017850649e-01	-6.4914169576e-01	-6.4914169576e-01	-6.4888843925e-01	-6.4888843925e-01	-6.4888843925e-01	-6.5733335100e-01	
165	0.0	-4.5063713386e-03	-4.5063713386e-03	-3.1710059603e-02	-6.3421357217e-02	-6.3421357217e-02	-6.3421357217e-02	-6.3421357217e-02	-1.0516556620e-01	-1.0516556620e-01	-1.0516556620e-01	-1.0516556620e-01	-1.5236826858e-01	-1.5236826858e-01	-1.5236826858e-01	-1.9039308564e-01	-2.0134537917e-01	-2.0134537917e-01	-2.0134537917e-01	-2.3922215940e-01	-2.4969674302e-01	-2.4969674302e-01	-2.4969674302e-01	-2.4969674302e-01	-2.9502853474e-01	-2.9502853474e-01	-2.9502853474e-01	-3.2428089516e-01	-3.3469452073e-01	-3.3469452073e-01	-3.3469452073e-01	-3.5762670213e-01	-3.6819475784e-01	-3.6819475784e-01	-3.6819475784e-01	-3.8608015902e-01	-3.9525853815e-01	-3.9525853815e-01	-3.9525853815e-01	-4.0961425427e-01	-4.2395620960e-01	-4.2395620960e-01	-4.2395620960e-01	-4.4738938361e-01	-4.4738938361e-01	-4.5490484524e-01	-4.5490484524e-01	-4.5490484524e-01	-4.7359119231e-01	-4.7359119231e-01	-4.7359119231e-01	-4.8223337301e-01	-4.9088121665e-01	-4.9088121665e-01	-4.9088121665e-01	-4.9789495039e-01	-5.0528823297e-01	-5.0528823297e-01	-5.0528823297e-01	-5.1929442533e-01	-5.3102019917e-01	-5.3102019917e-01	-5.3102019917e-01	-5.3102019917e-01	-5.3764337825e-01	-5.4363909270e-01	-5.4363909270e-01	-5.4363909270e-01	-5.5587602161e-01	-5.6254443474e-01	-5.6254443474e-01	-5.6254443474e-01	-5.7460383688e-01	-5.7460383688e-01	-5.7460383688e-01	-5.8085911482e-01	-5.8085911482e-01	-5.9019309519e-01	-5.9019309519e-01	-6.0246963040e-01	-6.0246963040e-01	-6.0639769137e-01	-6.0639769137e-01	-6.0639769137e-01	-6.1236221558e-01	-6.1673776732e-01	-6.1673776732e-01	-6.2703951642e-01	-6.2703951642e-01	-6.3188993059e-01	-6.3188993059e-01	-6.3188993059e-01	-6.3946569435e-01	-6.3946569435e-01	-6.4011757992e-01	-6.4907459601e-01	-6.4907459601e-01	-6.4882494116e-01	-6.4882494116e-01	-6.4882494116e-01	-6.5726690037e-01	
166	0.0	-4.4978898802e-03	-4.4978898802e-03	-3.1703741771e-02	-6.3400476901e-02	-6.3400476901e-02	-6.3400476901e-02	-6.3400476901e-02	-1.0512762800e-01	-1.0512762800e-01	-1.0512762800e-01	-1.0512762800e-01	-1.5231243906e-01	-1.5231243906e-01	-1.5231243906e-01	-1.9032432574e-01	-2.0127365509e-01	-2.0127365509e-01	-2.0127365509e-01	-2.3914180484e-01	-2.4961399736e-01	-2.4961399736e-01	-2.4961399736e-01	-2.4961399736e-01	-2.9494319369e-01	-2.9494319369e-01	-2.9494319369e-01	-3.2420322665e-01	-3.3461503360e-01	-3.3461503360e-01	-3.3461503360e-01	-3.5755874566e-01	-3.6812543746e-01	-3.6812543746e-01	-3.6812543746e-01	-3.8602326165e-01	-3.9520077902e-01	-3.9520077902e-01	-3.9520077902e-01	-4.0956734860e-01	-4.2390852195e-01	-4.2390852195e-01	-4.2390852195e-01	-4.4736096182e-01	-4.4736096182e-01	-4.5487673983e-01	-4.5487673983e-01	-4.5487673983e-01	-4.7357008577e-01	-4.7357008577e-01	-4.7357008577e-01	-4.8221520186e-01	-4.9086386459e-01	-4.9086386459e-01	-4.9086386459e-01	-4.9787870411e-01	-5.0527308301e-01	-5.0527308301e-01	-5.0527308301e-01	-5.1928140436e-01	-5.3100913863e-01	-5.3100913863e-01	-5.3100913863e-01	-5.3100913863e-01	-5.3763161058e-01	-5.4362806531e-01	-5.4362806531e-01	-5.4362806531e-01	-5.5586149223e-01	-5.6253085089e-01	-5.6253085089e-01	-5.6253085089e-01	-5.7458911797e-01	-5.7458911797e-01	-5.7458911797e-01	-5.8084170597e-01	-5.8084170597e-01	-5.9017832018e-01	-5.9017832018e-01	-6.0244794093e-01	-6.0244794093e-01	-6.0637752267e-01	-6.0637752267e-01	-6.0637752267e-01	-6.1233844566e-01	-6.1671614104e-01	-6.1671614104e-01	-6.2701199684e-01	-6.2701199684e-01	-6.3186612751e-01	-6.3186612751e-01	-6.3186612751e-01	-6.3943727835e-01	-6.3943727835e-01	-6.4009187210e-01	-6.4904310634e-01	-6.4904310634e-01	-6.4879723414e-01	-6.4879723414e-01	-6.4879723414e-01	-6.5723658736e-01	
167	0.0	-4.4904778709e-03	-4.4904778709e-03	-3.1698253741e-02	-6.3382773890e-02	-6.3382773890e-02	-6.3382773890e-02	-6.3382773890e-02	-1.0509541289e-01	-1.0509541289e-01	-1.0509541289e-01	-1.0509541289e-01	-1.5226515026e-01	-1.5226515026e-01	-1.5226515026e-01	-1.9026648821e-01	-2.0121327751e-01	-2.0121327751e-01	-2.0121327751e-01	-2.3907502807e-01	-2.4954519350e-01	-2.4954519350e-01	-2.4954519350e-01	-2.4954519350e-01	-2.9487405799e-01	-2.9487405799e-01	-2.9487405799e-01	-3.2414336530e-01	-3.3455365548e-01	-3.3455365548e-01	-3.3455365548e-01	-3.5751021452e-01	-3.6807582158e-01	-3.6807582158e-01	-3.6807582158e-01	-3.8598717830e-01	-3.9516405836e-01	-3.9516405836e-01	-3.9516405836e-01	-4.0954247580e-01	-4.2388321245e-01	-4.2388321245e-01	-4.2388321245e-01	-4.4735651064e-01	-4.4735651064e-01	-4.5487273034e-01	-4.5487273034e-01	-4.5487273034e-01	-4.7357394772e-01	-4.7357394772e-01	-4.7357394772e-01	-4.8222265915e-01	-4.9087230610e-01	-4.9087230610e-01	-4.9087230610e-01	-4.9788881395e-01	-5.0528442065e-01	-5.0528442065e-01	-5.0528442065e-01	-5.1929598605e-01	-5.3102587446e-01	-5.3102587446e-01	-5.3102587446e-01	-5.3102587446e-01	-5.3764816365e-01	-5.4364546903e-01	-5.4364546903e-01	-5.4364546903e-01	-5.5587634111e-01	-5.6254676485e-01	-5.6254676485e-01	-5.6254676485e-01	-5.7460450203e-01	-5.7460450203e-01	-5.7460450203e-01	-5.8085491295e-01	-5.8085491295e-01	-5.9019434481e-01	-5.9019434481e-01	-6.0245813366e-01	-6.0245813366e-01	-6.0638932997e-01	-6.0638932997e-01	-6.0638932997e-01	-6.1234719723e-01	-6.1672714289e-01	-6.1672714289e-01	-6.2701796073e-01	-6.2701796073e-01	-6.3187596572e-01	-6.3187596572e-01	-6.3187596572e-01	-6.3944316036e-01	-6.3944316036e-01	-6.4010054143e-01	-6.4904652719e-01	-6.4904652719e-01	-6.4880451842e-01	-6.4880451842e-01	-6.4880451842e-01	-6.5724167166e-01	
168	0.0	-4.4840813023e-03	-4.4840813023e-03	-3.1693642680e-02	-6.3368167212e-02	-6.3368167212e-02	-6.3368167212e-02	-6.3368167212e-02	-1.0506877300e-01	-1.0506877300e-01	-1.0506877300e-01	-1.0506877300e-01	-1.5222616425e-01	-1.5222616425e-01	-1.5222616425e-01	-1.9021917190e-01	-2.0116389726e-01	-2.0116389726e-01	-2.0116389726e-01	-2.3902130425e-01	-2.4948985896e-01	-2.4948985896e-01	-2.4948985896e-01	-2.4948985896e-01	-2.9482053810e-01	-2.9482053810e-01	-2.9482053810e-01	-3.2410054861e-01	-3.3450967500e-01	-3.3450967500e-01	-3.3450967500e-01	-3.5748019963e-01	-3.6804505063e-01	-3.6804505063e-01	-3.6804505063e-01	-3.8597083771e-01	-3.9514734588e-01	-3.9514734588e-01	-3.9514734588e-01	-4.0953839208e-01	-4.2387909620e-01	-4.2387909620e-01	-4.2387909620e-01	-4.4737444113e-01	-4.4737444113e-01	-4.5489126438e-01	-4.5489126438e-01	-4.5489126438e-01	-4.7360105741e-01	-4.7360105741e-01	-4.7360105741e-01	-4.8225382787e-01	-4.9090466097e-01	-4.9090466097e-01	-4.9090466097e-01	-4.9792322717e-01	-5.0532022657e-01	-5.0532022657e-01	-5.0532022657e-01	-5.1933573626e-01	-5.3106802652e-01	-5.3106802652e-01	-5.3106802652e-01	-5.3106802652e-01	-5.3769044490e-01	-5.4368874525e-01	-5.4368874525e-01	-5.4368874525e-01	-5.5591754125e-01	-5.6258918482e-01	-5.6258918482e-01	-5.6258918482e-01	-5.7464677391e-01	-5.7464677391e-01	-5.7464677391e-01	-5.8089525741e-01	-5.8089525741e-01	-5.9023773287e-01	-5.9023773287e-01	-6.0249634364e-01	-6.0249634364e-01	-6.0642926872e-01	-6.0642926872e-01	-6.0642926872e-01	-6.1238443856e-01	-6.1676675933e-01	-6.1676675933e-01	-6.2705316220e-01	-6.2705316220e-01	-6.3191521143e-01	-6.3191521143e-01	-6.3191521143e-01	-6.3947895319e-01	-6.3947895319e-01	-6.4013919470e-01	-6.4908035603e-01	-6.4908035603e-01	-6.4884227818e-01	-6.4884227818e-01	-6.4884227818e-01	-6.5727751738e-01	
169	0.0	-4.4787084222e-03	-4.4787084222e-03	-3.1689838863e-02	-6.3356547148e-02	-6.3356547148e-02	-6.3356547148e-02	-6.3356547148e-02	-1.0504751985e-01	-1.0504751985e-01	-1.0504751985e-01	-1.0504751985e-01	-1.5219520011e-01	-1.5219520011e-01	-1.5219520011e-01	-1.9018204418e-01	-2.0112512571e-01	-2.0112512571e-01	-2.0112512571e-01	-2.3898017276e-01	-2.4944747556e-01	-2.4944747556e-01	-2.4944747556e-01	-2.4944747556e-01	-2.9478194261e-01	-2.9478194261e-01	-2.9478194261e-01	-3.2407393680e-01	-3.3448219064e-01	-3.3448219064e-01	-3.3448219064e-01	-3.5746762639e-01	-3.6803198434e-01	-3.6803198434e-01	-3.6803198434e-01	-3.8597290945e-01	-3.9514925202e-01	-3.9514925202e-01	-3.9514925202e-01	-4.0955352196e-01	-4.2389449736e-01	-4.2389449736e-01	-4.2389449736e-01	-4.4741275526e-01	-4.4741275526e-01	-4.5493028555e-01	-4.5493028555e-01	-4.5493028555e-01	-4.7364913989e-01	-4.7364913989e-01	-4.7364913989e-01	-4.8230629957e-01	-4.9095844868e-01	-4.9095844868e-01	-4.9095844868e-01	-4.9797936038e-01	-5.0537785282e-01	-5.0537785282e-01	-5.0537785282e-01	-5.1939776849e-01	-5.3113259873e-01	-5.3113259873e-01	-5.3113259873e-01	-5.3113259873e-01	-5.3775534642e-01	-5.4375472066e-01	-5.4375472066e-01	-5.4375472066e-01	-5.5598180973e-01	-5.6265475326e-01	-5.6265475326e-01	-5.6265475326e-01	-5.7471245189e-01	-5.7471245189e-01	-5.7471245189e-01	-5.8095925248e-01	-5.8095925248e-01	-5.9030486090e-01	-5.9030486090e-01	-6.0255922093e-01	-6.0255922093e-01	-6.0649390633e-01	-6.0649390633e-01	-6.0649390633e-01	-6.1244687363e-01	-6.1683158875e-01	-6.1683158875e-01	-6.2711442571e-01	-6.2711442571e-01	-6.3198051854e-01	-6.3198051854e-01	-6.3198051854e-01	-6.3954144910e-01	-6.3954144910e-01	-6.4020450870e-01	-6.4914144120e-01	-6.4914144120e-01	-6.4890720302e-01	-6.4890720302e-01	-6.4890720302e-01	-6.5734088598e-01	
170	0.0	-4.4743572764e-03	-4.4743572764e-03	-3.1686806699e-02	-6.3347852519e-02	-6.3347852519e-02	-6.3347852519e-02	-6.3347852519e-02	-1.0503155481e-01	-1.0503155481e-01	-1.0503155481e-01	-1.0503155481e-01	-1.5217212498e-01	-1.5217212498e-01	-1.5217212498e-01	-1.9015497133e-01	-2.0109679761e-01	-2.0109679761e-01	-2.0109679761e-01	-2.3895146367e-01	-2.4941784221e-01	-2.4941784221e-01	-2.4941784221e-01	-2.4941784221e-01	-2.9475799826e-01	-2.9475799826e-01	-2.9475799826e-01	-3.2406317405e-01	-3.3447081616e-01	-3.3447081616e-01	-3.3447081616e-01	-3.5747202159e-01	-3.6803611752e-01	-3.6803611752e-01	-3.6803611752e-01	-3.8599281573e-01	-3.9516917017e-01	-3.9516917017e-01	-3.9516917017e-01	-4.0958721791e-01	-4.2392871770e-01	-4.2392871770e-01	-4.2392871770e-01	-4.4747074859e-01	-4.4747074859e-01	-4.5498906332e-01	-4.5498906332e-01	-4.5498906332e-01	-4.7371747988e-01	-4.7371747988e-01	-4.7371747988e-01	-4.8237944606e-01	-4.9103300676e-01	-4.9103300676e-01	-4.9103300676e-01	-4.9805664500e-01	-5.0545670023e-01	-5.0545670023e-01	-5.0545670023e-01	-5.1948171044e-01	-5.3121916684e-01	-5.3121916684e-01	-5.3121916684e-01	-5.3121916684e-01	-5.3784258124e-01	-5.4384307805e-01	-5.4384307805e-01	-5.4384307805e-01	-5.5606922630e-01	-5.6274351542e-01	-5.6274351542e-01	-5.6274351542e-01	-5.7480176055e-01	-5.7480176055e-01	-5.7480176055e-01	-5.8104731224e-01	-5.8104731224e-01	-5.9039607379e-01	-5.9039607379e-01	-6.0264724235e-01	-6.0264724235e-01	-6.0658367730e-01	-6.0658367730e-01	-6.0658367730e-01	-6.1253497599e-01	-6.1692204740e-01	-6.1692204740e-01	-6.2720219491e-01	-6.2720219491e-01	-6.3207223067e-01	-6.3207223067e-01	-6.3207223067e-01	-6.3963101452e-01	-6.3963101452e-01	-6.4029678168e-01	-6.4923014968e-01	-6.4923014968e-01	-6.4899956736e-01	-6.4899956736e-01	-6.4899956736e-01	-6.5743207335e-01	
171	0.0	-4.4710051523e-03	-4.4710051523e-03	-3.1684544714e-02	-6.3342089191e-02	-6.3342089191e-02	-6.3342089191e-02	-6.3342089191e-02	-1.0502086619e-01	-1.0502086619e-01	-1.0502086619e-01	-1.0502086619e-01	-1.5215689102e-01	-1.5215689102e-01	-1.5215689102e-01	-1.9013785885e-01	-2.0107881952e-01	-2.0107881952e-01	-2.0107881952e-01	-2.3893503322e-01	-2.4940081784e-01	-2.4940081784e-01	-2.4940081784e-01	-2.4940081784e-01	-2.9474850197e-01	-2.9474850197e-01	-2.9474850197e-01	-3.2406796883e-01	-3.3447526601e-01	-3.3447526601e-01	-3.3447526601e-01	-3.5749302798e-01	-3.6805709854e-01	-3.6805709854e-01	-3.6805709854e-01	-3.8603016610e-01	-3.9520671416e-01	-3.9520671416e-01	-3.9520671416e-01	-4.0963909152e-01	-4.2398137180e-01	-4.2398137180e-01	-4.2398137180e-01	-4.4754810224e-01	-4.4754810224e-01	-4.5506728563e-01	-4.5506728563e-01	-4.5506728563e-01	-4.7380586177e-01	-4.7380586177e-01	-4.7380586177e-01	-4.8247318882e-01	-4.9112826037e-01	-4.9112826037e-01	-4.9112826037e-01	-4.9815514471e-01	-5.0555683564e-01	-5.0555683564e-01	-5.0555683564e-01	-5.1958797086e-01	-5.3132814462e-01	-5.3132814462e-01	-5.3132814462e-01	-5.3132814462e-01	-5.3795274905e-01	-5.4395442131e-01	-5.4395442131e-01	-5.4395442131e-01	-5.5618075337e-01	-5.6285643803e-01	-5.6285643803e-01	-5.6285643803e-01	-5.7491585703e-01	-5.7491585703e-01	-5.7491585703e-01	-5.8116076342e-01	-5.8116076342e-01	-5.9051269453e-01	-5.9051269453e-01	-6.0276190200e-01	-6.0276190200e-01	-6.0670007187e-01	-6.0670007187e-01	-6.0670007187e-01	-6.1265031343e-01	-6.1703969275e-01	-6.1703969275e-01	-6.2731817242e-01	-6.2731817242e-01	-6.3219202106e-01	-6.3219202106e-01	-6.3219202106e-01	-6.3974943076e-01	-6.3974943076e-01	-6.4041777131e-01	-6.4934837438e-01	-6.4934837438e-01	-6.4912122911e-01	-6.4912122911e-01	-6.4912122911e-01	-6.5755304872e-01	
172	0.0	-4.4686404198e-03	-4.4686404198e-03	-3.1682981252e-02	-6.3339120420e-02	-6.3339120420e-02	-6.3339120420e-02	-6.3339120420e-02	-1.0501520098e-01	-1.0501520098e-01	-1.0501520098e-01	-1.0501520098e-01	-1.5214910451e-01	-1.5214910451e-01	-1.5214910451e-01	-1.9013020750e-01	-2.0107063699e-01	-2.0107063699e-01	-2.0107063699e-01	-2.3893020463e-01	-2.4939566960e-01	-2.4939566960e-01	-2.4939566960e-01	-2.4939566960e-01	-2.9475252401e-01	-2.9475252401e-01	-2.9475252401e-01	-3.2408723809e-01	-3.3449439840e-01	-3.3449439840e-01	-3.3449439840e-01	-3.5752936403e-01	-3.6809358380e-01	-3.6809358380e-01	-3.6809358380e-01	-3.8608350212e-01	-3.9526037003e-01	-3.9526037003e-01	-3.9526037003e-01	-4.0970753450e-01	-4.2405075860e-01	-4.2405075860e-01	-4.2405075860e-01	-4.4764296065e-01	-4.4764296065e-01	-4.5516304270e-01	-4.5516304270e-01	-4.5516304270e-01	-4.7391225993e-01	-4.7391225993e-01	-4.7391225993e-01	-4.8258546795e-01	-4.9124208055e-01	-4.9124208055e-01	-4.9124208055e-01	-4.9827269789e-01	-5.0567603455e-01	-5.0567603455e-01	-5.0567603455e-01	-5.1971423428e-01	-5.3145711112e-01	-5.3145711112e-01	-5.3145711112e-01	-5.3145711112e-01	-5.3808338270e-01	-5.4408622196e-01	-5.4408622196e-01	-5.4408622196e-01	-5.5631371130e-01	-5.6299077323e-01	-5.6299077323e-01	-5.6299077323e-01	-5.7505184984e-01	-5.7505184984e-01	-5.7505184984e-01	-5.8129663577e-01	-5.8129663577e-01	-5.9065163501e-01	-5.9065163501e-01	-6.0289995800e-01	-6.0289995800e-01	-6.0683978031e-01	-6.0683978031e-01	-6.0683978031e-01	-6.1278950069e-01	-6.1718105522e-01	-6.1718105522e-01	-6.2745878550e-01	-6.2745878550e-01	-6.3233618492e-01	-6.3233618492e-01	-6.3233618492e-01	-6.3989292762e-01	-6.3989292762e-01	-6.4056363050e-01	-6.4949226396e-01	-6.4949226396e-01	-6.4926824304e-01	-6.4926824304e-01	-6.4926824304e-01	-6.5769982277e-01	
173	0.0	-4.4671699849e-03	-4.4671699849e-03	-3.1682144895e-02	-6.3338735473e-02	-6.3338735473e-02	-6.3338735473e-02	-6.3338735473e-02	-1.0501418156e-01	-1.0501418156e-01	-1.0501418156e-01	-1.0501418156e-01	-1.5214819732e-01	-1.5214819732e-01	-1.5214819732e-01	-1.9013119357e-01	-2.0107146861e-01	-2.0107146861e-01	-2.0107146861e-01	-2.3893590854e-01	-2.4940137119e-01	-2.4940137119e-01	-2.4940137119e-01	-2.4940137119e-01	-2.9476875773e-01	-2.9476875773e-01	-2.9476875773e-01	-3.2411932315e-01	-3.3452660028e-01	-3.3452660028e-01	-3.3452660028e-01	-3.5757905596e-01	-3.6814364579e-01	-3.6814364579e-01	-3.6814364579e-01	-3.8615053483e-01	-3.9532788868e-01	-3.9532788868e-01	-3.9532788868e-01	-4.0978992978e-01	-4.2413432174e-01	-4.2413432174e-01	-4.2413432174e-01	-4.4775205260e-01	-4.4775205260e-01	-4.5527310557e-01	-4.5527310557e-01	-4.5527310557e-01	-4.7403308394e-01	-4.7403308394e-01	-4.7403308394e-01	-4.8271225904e-01	-4.9137048886e-01	-4.9137048886e-01	-4.9137048886e-01	-4.9840493474e-01	-5.0580996838e-01	-5.0580996838e-01	-5.0580996838e-01	-5.1985540721e-01	-5.3160104348e-01	-5.3160104348e-01	-5.3160104348e-01	-5.3160104348e-01	-5.3822909247e-01	-5.4423313650e-01	-5.4423313650e-01	-5.4423313650e-01	-5.5646207043e-01	-5.6314054388e-01	-5.6314054388e-01	-5.6314054388e-01	-5.7520346558e-01	-5.7520346558e-01	-5.7520346558e-01	-5.8144832369e-01	-5.8144832369e-01	-5.9080637274e-01	-5.9080637274e-01	-6.0305425184e-01	-6.0305425184e-01	-6.0699569541e-01	-6.0699569541e-01	-6.0699569541e-01	-6.1294512035e-01	-6.1733877909e-01	-6.1733877909e-01	-6.2761617609e-01	-6.2761617609e-01	-6.3249695325e-01	-6.3249695325e-01	-6.3249695325e-01	-6.4005337199e-01	-6.4005337199e-01	-6.4072628702e-01	-6.4965341162e-01	-6.4965341162e-01	-6.4943228878e-01	-6.4943228878e-01	-6.4943228878e-01	-6.5786382438e-01	
174	0.0	-4.4665768694e-03	-4.4665768694e-03	-3.1681974847e-02	-6.3340793408e-02	-6.3340793408e-02	-6.3340793408e-02	-6.3340793408e-02	-1.0501757201e-01	-1.0501757201e-01	-1.0501757201e-01	-1.0501757201e-01	-1.5215384333e-01	-1.5215384333e-01	-1.5215384333e-01	-1.9014045689e-01	-2.0108090579e-01	-2.0108090579e-01	-2.0108090579e-01	-2.3895169787e-01	-2.4941742940e-01	-2.4941742940e-01	-2.4941742940e-01	-2.4941742940e-01	-2.9479660930e-01	-2.9479660930e-01	-2.9479660930e-01	-3.2416356605e-01	-3.3457117068e-01	-3.3457117068e-01	-3.3457117068e-01	-3.5764135288e-01	-3.6820649041e-01	-3.6820649041e-01	-3.6820649041e-01	-3.8623043483e-01	-3.9540840358e-01	-3.9540840358e-01	-3.9540840358e-01	-4.0988538979e-01	-4.2423111375e-01	-4.2423111375e-01	-4.2423111375e-01	-4.4787438815e-01	-4.4787438815e-01	-4.5539645121e-01	-4.5539645121e-01	-4.5539645121e-01	-4.7416727543e-01	-4.7416727543e-01	-4.7416727543e-01	-4.8285252741e-01	-4.9151240771e-01	-4.9151240771e-01	-4.9151240771e-01	-4.9855081322e-01	-5.0595755617e-01	-5.0595755617e-01	-5.0595755617e-01	-5.2001047339e-01	-5.3175886162e-01	-5.3175886162e-01	-5.3175886162e-01	-5.3175886162e-01	-5.3838883058e-01	-5.4439408162e-01	-5.4439408162e-01	-5.4439408162e-01	-5.5662475426e-01	-5.6330463402e-01	-5.6330463402e-01	-5.6330463402e-01	-5.7536954633e-01	-5.7536954633e-01	-5.7536954633e-01	-5.8161465919e-01	-5.8161465919e-01	-5.9097567266e-01	-5.9097567266e-01	-6.0322352097e-01	-6.0322352097e-01	-6.0716651738e-01	-6.0716651738e-01	-6.0716651738e-01	-6.1311585180e-01	-6.1751149933e-01	-6.1751149933e-01	-6.2778892754e-01	-6.2778892754e-01	-6.3267284437e-01	-6.3267284437e-01	-6.3267284437e-01	-6.4022922602e-01	-6.4022922602e-01	-6.4090416650e-01	-6.4983019814e-01	-6.4983019814e-01	-6.4961169994e-01	-6.4961169994e-01	-6.4961169994e-01	-6.5804334350e-01	
175	0.0	-4.4667770834e-03	-4.4667770834e-03	-3.1682463687e-02	-6.3345082306e-02	-6.3345082306e-02	-6.3345082306e-02	-6.3345082306e-02	-1.0502498986e-01	-1.0502498986e-01	-1.0502498986e-01	-1.0502498986e-01	-1.5216545845e-01	-1.5216545845e-01	-1.5216545845e-01	-1.9015718549e-01	-2.0109814708e-01	-2.0109814708e-01	-2.0109814708e-01	-2.3897652787e-01	-2.4944281168e-01	-2.4944281168e-01	-2.4944281168e-01	-2.4944281168e-01	-2.9483479632e-01	-2.9483479632e-01	-2.9483479632e-01	-3.2421841065e-01	-3.3462656776e-01	-3.3462656776e-01	-3.3462656776e-01	-3.5771445078e-01	-3.6828032784e-01	-3.6828032784e-01	-3.6828032784e-01	-3.8632116894e-01	-3.9549989354e-01	-3.9549989354e-01	-3.9549989354e-01	-4.0999166874e-01	-4.2433890625e-01	-4.2433890625e-01	-4.2433890625e-01	-4.4800736431e-01	-4.4800736431e-01	-4.5553048886e-01	-4.5553048886e-01	-4.5553048886e-01	-4.7431207452e-01	-4.7431207452e-01	-4.7431207452e-01	-4.8300334862e-01	-4.9166492158e-01	-4.9166492158e-01	-4.9166492158e-01	-4.9870728427e-01	-5.0611575597e-01	-5.0611575597e-01	-5.0611575597e-01	-5.2017612222e-01	-5.3192726801e-01	-5.3192726801e-01	-5.3192726801e-01	-5.3192726801e-01	-5.3855917654e-01	-5.4456564694e-01	-5.4456564694e-01	-5.4456564694e-01	-5.5679818531e-01	-5.6347947738e-01	-5.6347947738e-01	-5.6347947738e-01	-5.7554647368e-01	-5.7554647368e-01	-5.7554647368e-01	-5.8179195570e-01	-5.8179195570e-01	-5.9115586404e-01	-5.9115586404e-01	-6.0340396241e-01	-6.0340396241e-01	-6.0734845455e-01	-6.0734845455e-01	-6.0734845455e-01	-6.1329783785e-01	-6.1769537288e-01	-6.1769537288e-01	-6.2797307122e-01	-6.2797307122e-01	-6.3285991119e-01	-6.3285991119e-01	-6.3285991119e-01	-6.4041645202e-01	-6.4041645202e-01	-6.4109324754e-01	-6.5001852601e-01	-6.5001852601e-01	-6.4980240235e-01	-6.4980240235e-01	-6.4980240235e-01	-6.5823428148e-01	
176	0.0	-4.4677598184e-03	-4.4677598184e-03	-3.1683527537e-02	-6.3351462467e-02	-6.3351462467e-02	-6.3351462467e-02	-6.3351462467e-02	-1.0503619957e-01	-1.0503619957e-01	-1.0503619957e-01	-1.0503619957e-01	-1.5218271500e-01	-1.5218271500e-01	-1.5218271500e-01	-1.9018104222e-01	-2.0112278874e-01	-2.0112278874e-01	-2.0112278874e-01	-2.3901000034e-01	-2.4947705712e-01	-2.4947705712e-01	-2.4947705712e-01	-2.4947705712e-01	-2.9488281211e-01	-2.9488281211e-01	-2.9488281211e-01	-3.2428338108e-01	-3.3469225777e-01	-3.3469225777e-01	-3.3469225777e-01	-3.5779788149e-01	-3.6836463240e-01	-3.6836463240e-01	-3.6836463240e-01	-3.8642231364e-01	-3.9560188607e-01	-3.9560188607e-01	-3.9560188607e-01	-4.1010843409e-01	-4.2445728936e-01	-4.2445728936e-01	-4.2445728936e-01	-4.4815089673e-01	-4.4815089673e-01	-4.5567509031e-01	-4.5567509031e-01	-4.5567509031e-01	-4.7446755353e-01	-4.7446755353e-01	-4.7446755353e-01	-4.8316511624e-01	-4.9182837001e-01	-4.9182837001e-01	-4.9182837001e-01	-4.9887501063e-01	-5.0628518180e-01	-5.0628518180e-01	-5.0628518180e-01	-5.2035376770e-01	-5.3210759732e-01	-5.3210759732e-01	-5.3210759732e-01	-5.3210759732e-01	-5.3874190205e-01	-5.4474955919e-01	-5.4474955919e-01	-5.4474955919e-01	-5.5698474506e-01	-5.6366740509e-01	-5.6366740509e-01	-5.6366740509e-01	-5.7573682628e-01	-5.7573682628e-01	-5.7573682628e-01	-5.8198306944e-01	-5.8198306944e-01	-5.9134971710e-01	-5.9134971710e-01	-6.0359877969e-01	-6.0359877969e-01	-6.0754467050e-01	-6.0754467050e-01	-6.0754467050e-01	-6.1349443143e-01	-6.1789370873e-01	-6.1789370873e-01	-6.2817219179e-01	-6.2817219179e-01	-6.3306165804e-01	-6.3306165804e-01	-6.3306165804e-01	-6.4061874187e-01	-6.4061874187e-01	-6.4129716960e-01	-6.5022224189e-01	-6.5022224189e-01	-6.5000817100e-01	-6.5000817100e-01	-6.5000817100e-01	-6.5844060572e-01	
177	0.0	-4.4694812168e-03	-4.4694812168e-03	-3.1685100810e-02	-6.3359749636e-02	-6.3359749636e-02	-6.3359749636e-02	-6.3359749636e-02	-1.0505086769e-01	-1.0505086769e-01	-1.0505086769e-01	-1.0505086769e-01	-1.5220510261e-01	-1.5220510261e-01	-1.5220510261e-01	-1.9021137629e-01	-2.0115413358e-01	-2.0115413358e-01	-2.0115413358e-01	-2.3905127616e-01	-2.4951928232e-01	-2.4951928232e-01	-2.4951928232e-01	-2.4951928232e-01	-2.9493958767e-01	-2.9493958767e-01	-2.9493958767e-01	-3.2435726668e-01	-3.3476698661e-01	-3.3476698661e-01	-3.3476698661e-01	-3.5789025512e-01	-3.6845796963e-01	-3.6845796963e-01	-3.6845796963e-01	-3.8653230569e-01	-3.9571277897e-01	-3.9571277897e-01	-3.9571277897e-01	-4.1023395818e-01	-4.2458447255e-01	-4.2458447255e-01	-4.2458447255e-01	-4.4830292074e-01	-4.4830292074e-01	-4.5582815186e-01	-4.5582815186e-01	-4.5582815186e-01	-4.7463142448e-01	-4.7463142448e-01	-4.7463142448e-01	-4.8333539276e-01	-4.9200026379e-01	-4.9200026379e-01	-4.9200026379e-01	-4.9905132959e-01	-5.0646312306e-01	-5.0646312306e-01	-5.0646312306e-01	-5.2054014123e-01	-5.3229650153e-01	-5.3229650153e-01	-5.3229650153e-01	-5.3229650153e-01	-5.3893334342e-01	-5.4494210792e-01	-5.4494210792e-01	-5.4494210792e-01	-5.5718014023e-01	-5.6386407105e-01	-5.6386407105e-01	-5.6386407105e-01	-5.7593599397e-01	-5.7593599397e-01	-5.7593599397e-01	-5.8218327983e-01	-5.8218327983e-01	-5.9155242039e-01	-5.9155242039e-01	-6.0380321756e-01	-6.0380321756e-01	-6.0775035302e-01	-6.0775035302e-01	-6.0775035302e-01	-6.1370088077e-01	-6.1810168547e-01	-6.1810168547e-01	-6.2838161688e-01	-6.2838161688e-01	-6.3327331034e-01	-6.3327331034e-01	-6.3327331034e-01	-6.4083144321e-01	-6.4083144321e-01	-6.4151121295e-01	-6.5043676245e-01	-6.5043676245e-01	-6.5022433733e-01	-6.5022433733e-01	-6.5022433733e-01	-6.5865774566e-01	
178	0.0	-4.4718614706e-03	-4.4718614706e-03	-3.1687172713e-02	-6.3369755578e-02	-6.3369755578e-02	-6.3369755578e-02	-6.3369755578e-02	-1.0506865206e-01	-1.0506865206e-01	-1.0506865206e-01	-1.0506865206e-01	-1.5223210176e-01	-1.5223210176e-01	-1.5223210176e-01	-1.9024747302e-01	-2.0119147608e-01	-2.0119147608e-01	-2.0119147608e-01	-2.3909944800e-01	-2.4956859406e-01	-2.4956859406e-01	-2.4956859406e-01	-2.4956859406e-01	-2.9500404030e-01	-2.9500404030e-01	-2.9500404030e-01	-3.2443877267e-01	-3.3484948222e-01	-3.3484948222e-01	-3.3484948222e-01	-3.5799008747e-01	-3.6855888164e-01	-3.6855888164e-01	-3.6855888164e-01	-3.8664947515e-01	-3.9583092751e-01	-3.9583092751e-01	-3.9583092751e-01	-4.1036638106e-01	-4.2471863914e-01	-4.2471863914e-01	-4.2471863914e-01	-4.4846120740e-01	-4.4846120740e-01	-4.5598747738e-01	-4.5598747738e-01	-4.5598747738e-01	-4.7480129329e-01	-4.7480129329e-01	-4.7480129329e-01	-4.8351153096e-01	-4.9217799631e-01	-4.9217799631e-01	-4.9217799631e-01	-4.9923341494e-01	-5.0664679268e-01	-5.0664679268e-01	-5.0664679268e-01	-5.2073204328e-01	-5.3249085413e-01	-5.3249085413e-01	-5.3249085413e-01	-5.3249085413e-01	-5.3913019435e-01	-5.4514003879e-01	-5.4514003879e-01	-5.4514003879e-01	-5.5738083707e-01	-5.6406600319e-01	-5.6406600319e-01	-5.6406600319e-01	-5.7614041399e-01	-5.7614041399e-01	-5.7614041399e-01	-5.8238884999e-01	-5.8238884999e-01	-5.9176035213e-01	-5.9176035213e-01	-6.0401317352e-01	-6.0401317352e-01	-6.0796147316e-01	-6.0796147316e-01	-6.0796147316e-01	-6.1391291130e-01	-6.1831512332e-01	-6.1831512332e-01	-6.2859668734e-01	-6.2859668734e-01	-6.3349037224e-01	-6.3349037224e-01	-6.3349037224e-01	-6.4104968230e-01	-6.4104968230e-01	-6.4173062468e-01	-6.5065685711e-01	-6.5065685711e-01	-6.5044585474e-01	-6.5044585474e-01	-6.5044585474e-01	-6.5888028901e-01	
179	0.0	-4.4748535426e-03	-4.4748535426e-03	-3.1689689058e-02	-6.3381316864e-02	-6.3381316864e-02	-6.3381316864e-02	-6.3381316864e-02	-1.0508926541e-01	-1.0508926541e-01	-1.0508926541e-01	-1.0508926541e-01	-1.5226329470e-01	-1.5226329470e-01	-1.5226329470e-01	-1.9028882599e-01	-2.0123427599e-01	-2.0123427599e-01	-2.0123427599e-01	-2.3915389802e-01	-2.4962434472e-01	-2.4962434472e-01	-2.4962434472e-01	-2.4962434472e-01	-2.9507542889e-01	-2.9507542889e-01	-2.9507542889e-01	-3.2452710575e-01	-3.3493892644e-01	-3.3493892644e-01	-3.3493892644e-01	-3.5809652983e-01	-3.6866649628e-01	-3.6866649628e-01	-3.6866649628e-01	-3.8677293856e-01	-3.9595542953e-01	-3.9595542953e-01	-3.9595542953e-01	-4.1050480744e-01	-4.2485886689e-01	-4.2485886689e-01	-4.2485886689e-01	-4.4862488256e-01	-4.4862488256e-01	-4.5615217839e-01	-4.5615217839e-01	-4.5615217839e-01	-4.7497630738e-01	-4.7497630738e-01	-4.7497630738e-01	-4.8369276041e-01	-4.9236077828e-01	-4.9236077828e-01	-4.9236077828e-01	-4.9942057104e-01	-5.0683547860e-01	-5.0683547860e-01	-5.0683547860e-01	-5.2092892081e-01	-5.3269007759e-01	-5.3269007759e-01	-5.3269007759e-01	-5.3269007759e-01	-5.3933197876e-01	-5.4534286144e-01	-5.4534286144e-01	-5.4534286144e-01	-5.5758658863e-01	-5.6427293832e-01	-5.6427293832e-01	-5.6427293832e-01	-5.7634989969e-01	-5.7634989969e-01	-5.7634989969e-01	-5.8259965136e-01	-5.8259965136e-01	-5.9197336044e-01	-5.9197336044e-01	-6.0422859575e-01	-6.0422859575e-01	-6.0817796570e-01	-6.0817796570e-01	-6.0817796570e-01	-6.1413051444e-01	-6.1853399924e-01	-6.1853399924e-01	-6.2881747646e-01	-6.2881747646e-01	-6.3371291095e-01	-6.3371291095e-01	-6.3371291095e-01	-6.4127361387e-01	-6.4127361387e-01	-6.4195555647e-01	-6.5088278607e-01	-6.5088278607e-01	-6.5067297156e-01	-6.5067297156e-01	-6.5067297156e-01	-6.5910860597e-01	
180	0.0	-4.4784030900e-03	-4.4784030900e-03	-3.1692602611e-02	-6.3394264629e-02	-6.3394264629e-02	-6.3394264629e-02	-6.3394264629e-02	-1.0511240331e-01	-1.0511240331e-01	-1.0511240331e-01	-1.0511240331e-01	-1.5229822379e-01	-1.5229822379e-01	-1.5229822379e-01	-1.9033484721e-01	-2.0128192123e-01	-2.0128192123e-01	-2.0128192123e-01	-2.3921388944e-01	-2.4968577786e-01	-2.4968577786e-01	-2.4968577786e-01	-2.4968577786e-01	-2.9515286600e-01	-2.9515286600e-01	-2.9515286600e-01	-3.2462127559e-01	-3.3503431428e-01	-3.3503431428e-01	-3.3503431428e-01	-3.5820848739e-01	-3.6877970593e-01	-3.6877970593e-01	-3.6877970593e-01	-3.8690151038e-01	-3.9608509003e-01	-3.9608509003e-01	-3.9608509003e-01	-4.1064797405e-01	-4.2500388002e-01	-4.2500388002e-01	-4.2500388002e-01	-4.4879256068e-01	-4.4879256068e-01	-4.5632086471e-01	-4.5632086471e-01	-4.5632086471e-01	-4.7515502863e-01	-4.7515502863e-01	-4.7515502863e-01	-4.8387761485e-01	-4.9254713758e-01	-4.9254713758e-01	-4.9254713758e-01	-4.9961130630e-01	-5.0702768483e-01	-5.0702768483e-01	-5.0702768483e-01	-5.2112926363e-01	-5.3289265809e-01	-5.3289265809e-01	-5.3289265809e-01	-5.3289265809e-01	-5.3953721808e-01	-5.4554909663e-01	-5.4554909663e-01	-5.4554909663e-01	-5.5779619838e-01	-5.6448367966e-01	-5.6448367966e-01	-5.6448367966e-01	-5.7656337480e-01	-5.7656337480e-01	-5.7656337480e-01	-5.8281469804e-01	-5.8281469804e-01	-5.9219046486e-01	-5.9219046486e-01	-6.0444861893e-01	-6.0444861893e-01	-6.0839897065e-01	-6.0839897065e-01	-6.0839897065e-01	-6.1435288070e-01	-6.1875751193e-01	-6.1875751193e-01	-6.2904325365e-01	-6.2904325365e-01	-6.3394022098e-01	-6.3394022098e-01	-6.3394022098e-01	-6.4150257450e-01	-6.4150257450e-01	-6.4218536873e-01	-6.5111393737e-01	-6.5111393737e-01	-6.5090511089e-01	-6.5090511089e-01	-6.5090511089e-01	-6.5934217622e-01	
181	0.0	-4.4824487321e-03	-4.4824487321e-03	-3.1695875253e-02	-6.3408429289e-02	-6.3408429289e-02	-6.3408429289e-02	-6.3408429289e-02	-1.0513776003e-01	-1.0513776003e-01	-1.0513776003e-01	-1.0513776003e-01	-1.5233643164e-01	-1.5233643164e-01	-1.5233643164e-01	-1.9038494317e-01	-2.0133380251e-01	-2.0133380251e-01	-2.0133380251e-01	-2.3927868258e-01	-2.4975214194e-01	-2.4975214194e-01	-2.4975214194e-01	-2.4975214194e-01	-2.9523547167e-01	-2.9523547167e-01	-2.9523547167e-01	-3.2472029547e-01	-3.3513465142e-01	-3.3513465142e-01	-3.3513465142e-01	-3.5832487004e-01	-3.6889741480e-01	-3.6889741480e-01	-3.6889741480e-01	-3.8703400744e-01	-3.9621872252e-01	-3.9621872252e-01	-3.9621872252e-01	-4.1079461169e-01	-4.2515240647e-01	-4.2515240647e-01	-4.2515240647e-01	-4.4896282216e-01	-4.4896282216e-01	-4.5649211819e-01	-4.5649211819e-01	-4.5649211819e-01	-4.7533596661e-01	-4.7533596661e-01	-4.7533596661e-01	-4.8406453010e-01	-4.9273551156e-01	-4.9273551156e-01	-4.9273551156e-01	-4.9980398903e-01	-5.0722178205e-01	-5.0722178205e-01	-5.0722178205e-01	-5.2133129893e-01	-5.3309682999e-01	-5.3309682999e-01	-5.3309682999e-01	-5.3309682999e-01	-5.3974404936e-01	-5.4575688655e-01	-5.4575688655e-01	-5.4575688655e-01	-5.5800755320e-01	-5.6469612021e-01	-5.6469612021e-01	-5.6469612021e-01	-5.7677862894e-01	-5.7677862894e-01	-5.7677862894e-01	-5.8303168497e-01	-5.8303168497e-01	-5.9240937630e-01	-5.9240937630e-01	-6.0467082593e-01	-6.0467082593e-01	-6.0862208232e-01	-6.0862208232e-01	-6.0862208232e-01	-6.1457754558e-01	-6.1898321276e-01	-6.1898321276e-01	-6.2927146734e-01	-6.2927146734e-01	-6.3416978623e-01	-6.3416978623e-01	-6.3416978623e-01	-6.4173398092e-01	-6.4173398092e-01	-6.4241750806e-01	-6.5134767757e-01	-6.5134767757e-01	-6.5113968221e-01	-6.5113968221e-01	-6.5113968221e-01	-6.5957835301e-01	
182	0.0	-4.4869232893e-03	-4.4869232893e-03	-3.1699463563e-02	-6.3423619148e-02	-6.3423619148e-02	-6.3423619148e-02	-6.3423619148e-02	-1.0516498953e-01	-1.0516498953e-01	-1.0516498953e-01	-1.0516498953e-01	-1.5237739783e-01	-1.5237739783e-01	-1.5237739783e-01	-1.9043843343e-01	-2.0138922101e-01	-2.0138922101e-01	-2.0138922101e-01	-2.3934742173e-01	-2.4982256597e-01	-2.4982256597e-01	-2.4982256597e-01	-2.4982256597e-01	-2.9532221456e-01	-2.9532221456e-01	-2.9532221456e-01	-3.2482299994e-01	-3.3523875949e-01	-3.3523875949e-01	-3.3523875949e-01	-3.5844437630e-01	-3.6901830983e-01	-3.6901830983e-01	-3.6901830983e-01	-3.8716900193e-01	-3.9635489035e-01	-3.9635489035e-01	-3.9635489035e-01	-4.1094317365e-01	-4.2530288727e-01	-4.2530288727e-01	-4.2530288727e-01	-4.4913392523e-01	-4.4913392523e-01	-4.5666419226e-01	-4.5666419226e-01	-4.5666419226e-01	-4.7551727362e-01	-4.7551727362e-01	-4.7551727362e-01	-4.8425156222e-01	-4.9292395003e-01	-4.9292395003e-01	-4.9292395003e-01	-4.9999658829e-01	-5.0741573420e-01	-5.0741573420e-01	-5.0741573420e-01	-5.2153287621e-01	-5.3330043662e-01	-5.3330043662e-01	-5.3330043662e-01	-5.3330043662e-01	-5.3995025914e-01	-5.4596401398e-01	-5.4596401398e-01	-5.4596401398e-01	-5.5821826077e-01	-5.6490786350e-01	-5.6490786350e-01	-5.6490786350e-01	-5.7699317268e-01	-5.7699317268e-01	-5.7699317268e-01	-5.8324803575e-01	-5.8324803575e-01	-5.9262751710e-01	-5.9262751710e-01	-6.0489246706e-01	-6.0489246706e-01	-6.0884455209e-01	-6.0884455209e-01	-6.0884455209e-01	-6.1480167751e-01	-6.1920827384e-01	-6.1920827384e-01	-6.2949915012e-01	-6.2949915012e-01	-6.3439865569e-01	-6.3439865569e-01	-6.3439865569e-01	-6.4196478003e-01	-6.4196478003e-01	-6.4264893885e-01	-6.5158084952e-01	-6.5158084952e-01	-6.5137355501e-01	-6.5137355501e-01	-6.5137355501e-01	-6.5981389593e-01	
183	0.0	-4.4917856005e-03	-4.4917856005e-03	-3.1703315683e-02	-6.3439700560e-02	-6.3439700560e-02	-6.3439700560e-02	-6.3439700560e-02	-1.0519385727e-01	-1.0519385727e-01	-1.0519385727e-01	-1.0519385727e-01	-1.5242078724e-01	-1.5242078724e-01	-1.5242078724e-01	-1.9049492918e-01	-2.0144775577e-01	-2.0144775577e-01	-2.0144775577e-01	-2.3941965226e-01	-2.4989656758e-01	-2.4989656758e-01	-2.4989656758e-01	-2.4989656758e-01	-2.9541257983e-01	-2.9541257983e-01	-2.9541257983e-01	-3.2492889436e-01	-3.3534612105e-01	-3.3534612105e-01	-3.3534612105e-01	-3.5856653412e-01	-3.6914189847e-01	-3.6914189847e-01	-3.6914189847e-01	-3.8730606542e-01	-3.9649314921e-01	-3.9649314921e-01	-3.9649314921e-01	-4.1109329418e-01	-4.2545493412e-01	-4.2545493412e-01	-4.2545493412e-01	-4.4930565073e-01	-4.4930565073e-01	-4.5683685828e-01	-4.5683685828e-01	-4.5683685828e-01	-4.7569882869e-01	-4.7569882869e-01	-4.7569882869e-01	-4.8443873020e-01	-4.9311246134e-01	-4.9311246134e-01	-4.9311246134e-01	-5.0018924495e-01	-5.0760967316e-01	-5.0760967316e-01	-5.0760967316e-01	-5.2173443334e-01	-5.3350390273e-01	-5.3350390273e-01	-5.3350390273e-01	-5.3350390273e-01	-5.4015643126e-01	-5.4617105437e-01	-5.4617105437e-01	-5.4617105437e-01	-5.5842920081e-01	-5.6511977965e-01	-5.6511977965e-01	-5.6511977965e-01	-5.7720803480e-01	-5.7720803480e-01	-5.7720803480e-01	-5.8346496594e-01	-5.8346496594e-01	-5.9284608846e-01	-5.9284608846e-01	-6.0511513571e-01	-6.0511513571e-01	-6.0906796346e-01	-6.0906796346e-01	-6.0906796346e-01	-6.1502705338e-01	-6.1943445917e-01	-6.1943445917e-01	-6.2972841619e-01	-6.2972841619e-01	-6.3462892664e-01	-6.3462892664e-01	-6.3462892664e-01	-6.4219732828e-01	-6.4219732828e-01	-6.4288200286e-01	-6.5181606827e-01	-6.5181606827e-01	-6.5160931418e-01	-6.5160931418e-01	-6.5160931418e-01	-6.6005163503e-01	
184	0.0	-4.4969622549e-03	-4.4969622549e-03	-3.1707409027e-02	-6.3456501420e-02	-6.3456501420e-02	-6.3456501420e-02	-6.3456501420e-02	-1.0522404634e-01	-1.0522404634e-01	-1.0522404634e-01	-1.0522404634e-01	-1.5246611471e-01	-1.5246611471e-01	-1.5246611471e-01	-1.9055377016e-01	-2.0150874771e-01	-2.0150874771e-01	-2.0150874771e-01	-2.3949454395e-01	-2.4997332161e-01	-2.4997332161e-01	-2.4997332161e-01	-2.4997332161e-01	-2.9550559448e-01	-2.9550559448e-01	-2.9550559448e-01	-3.2503686643e-01	-3.3545563317e-01	-3.3545563317e-01	-3.3545563317e-01	-3.5869011021e-01	-3.6926695919e-01	-3.6926695919e-01	-3.6926695919e-01	-3.8744385146e-01	-3.9663216444e-01	-3.9663216444e-01	-3.9663216444e-01	-4.1124351377e-01	-4.2560710858e-01	-4.2560710858e-01	-4.2560710858e-01	-4.4947633985e-01	-4.4947633985e-01	-4.5700847423e-01	-4.5700847423e-01	-4.5700847423e-01	-4.7587888840e-01	-4.7587888840e-01	-4.7587888840e-01	-4.8462416465e-01	-4.9329919617e-01	-4.9329919617e-01	-4.9329919617e-01	-5.0037999137e-01	-5.0780165048e-01	-5.0780165048e-01	-5.0780165048e-01	-5.2193377870e-01	-5.3370507193e-01	-5.3370507193e-01	-5.3370507193e-01	-5.3370507193e-01	-5.4036028528e-01	-5.4637574970e-01	-5.4637574970e-01	-5.4637574970e-01	-5.5863787433e-01	-5.6532939571e-01	-5.6532939571e-01	-5.6532939571e-01	-5.7742063844e-01	-5.7742063844e-01	-5.7742063844e-01	-5.8367976043e-01	-5.8367976043e-01	-5.9306242655e-01	-5.9306242655e-01	-6.0533588755e-01	-6.0533588755e-01	-6.0928940526e-01	-6.0928940526e-01	-6.0928940526e-01	-6.1525062364e-01	-6.1965876235e-01	-6.1965876235e-01	-6.2995601497e-01	-6.2995601497e-01	-6.3485742122e-01	-6.3485742122e-01	-6.3485742122e-01	-6.4242826560e-01	-6.4242826560e-01	-6.4311339552e-01	-6.5204981786e-01	-6.5204981786e-01	-6.5184352936e-01	-6.5184352936e-01	-6.5184352936e-01	-6.6028797145e-01	
185	0.0	-4.5024099973e-03	-4.5024099973e-03	-3.1711685169e-02	-6.3473868879e-02	-6.3473868879e-02	-6.3473868879e-02	-6.3473868879e-02	-1.0525528416e-01	-1.0525528416e-01	-1.0525528416e-01	-1.0525528416e-01	-1.5251297997e-01	-1.5251297997e-01	-1.5251297997e-01	-1.9061447130e-01	-2.0157167486e-01	-2.0157167486e-01	-2.0157167486e-01	-2.3957150268e-01	-2.5005219973e-01	-2.5005219973e-01	-2.5005219973e-01	-2.5005219973e-01	-2.9560054638e-01	-2.9560054638e-01	-2.9560054638e-01	-3.2514617612e-01	-3.3556652318e-01	-3.3556652318e-01	-3.3556652318e-01	-3.5881431955e-01	-3.6939267505e-01	-3.6939267505e-01	-3.6939267505e-01	-3.8758153936e-01	-3.9677108860e-01	-3.9677108860e-01	-3.9677108860e-01	-4.1139298412e-01	-4.2575852119e-01	-4.2575852119e-01	-4.2575852119e-01	-4.4964510656e-01	-4.4964510656e-01	-4.5717813208e-01	-4.5717813208e-01	-4.5717813208e-01	-4.7605652812e-01	-4.7605652812e-01	-4.7605652812e-01	-4.8480695134e-01	-4.9348321409e-01	-4.9348321409e-01	-4.9348321409e-01	-5.0056789827e-01	-5.0799071335e-01	-5.0799071335e-01	-5.0799071335e-01	-5.2213000573e-01	-5.3390299872e-01	-5.3390299872e-01	-5.3390299872e-01	-5.3390299872e-01	-5.4056089938e-01	-5.4657715278e-01	-5.4657715278e-01	-5.4657715278e-01	-5.5884336270e-01	-5.6553576384e-01	-5.6553576384e-01	-5.6553576384e-01	-5.7763001763e-01	-5.7763001763e-01	-5.7763001763e-01	-5.8389145474e-01	-5.8389145474e-01	-5.9327551858e-01	-5.9327551858e-01	-6.0555371169e-01	-6.0555371169e-01	-6.0950785381e-01	-6.0950785381e-01	-6.0950785381e-01	-6.1547137002e-01	-6.1988015829e-01	-6.1988015829e-01	-6.3018093886e-01	-6.3018093886e-01	-6.3508309803e-01	-6.3508309803e-01	-6.3508309803e-01	-6.4265656594e-01	-6.4265656594e-01	-6.4334206424e-01	-6.5228105829e-01	-6.5228105829e-01	-6.5207511906e-01	-6.5207511906e-01	-6.5207511906e-01	-6.6052180055e-01	
186	0.0	-4.5080747045e-03	-4.5080747045e-03	-3.1716109369e-02	-6.3491660214e-02	-6.3491660214e-02	-6.3491660214e-02	-6.3491660214e-02	-1.0528731217e-01	-1.0528731217e-01	-1.0528731217e-01	-1.0528731217e-01	-1.5256099771e-01	-1.5256099771e-01	-1.5256099771e-01	-1.9067653898e-01	-2.0163602958e-01	-2.0163602958e-01	-2.0163602958e-01	-2.3964992448e-01	-2.5013258772e-01	-2.5013258772e-01	-2.5013258772e-01	-2.5013258772e-01	-2.9569673962e-01	-2.9569673962e-01	-2.9569673962e-01	-3.2525607708e-01	-3.3567803883e-01	-3.3567803883e-01	-3.3567803883e-01	-3.5893837508e-01	-3.6951825550e-01	-3.6951825550e-01	-3.6951825550e-01	-3.8771831255e-01	-3.9690910367e-01	-3.9690910367e-01	-3.9690910367e-01	-4.1154086416e-01	-4.2590833071e-01	-4.2590833071e-01	-4.2590833071e-01	-4.4981107839e-01	-4.4981107839e-01	-4.5734496397e-01	-4.5734496397e-01	-4.5734496397e-01	-4.7623087341e-01	-4.7623087341e-01	-4.7623087341e-01	-4.8498620551e-01	-4.9366363702e-01	-4.9366363702e-01	-4.9366363702e-01	-5.0075207863e-01	-5.0817598185e-01	-5.0817598185e-01	-5.0817598185e-01	-5.2232222829e-01	-5.3409681136e-01	-5.3409681136e-01	-5.3409681136e-01	-5.3409681136e-01	-5.4075740031e-01	-5.4677440031e-01	-5.4677440031e-01	-5.4677440031e-01	-5.5904477844e-01	-5.6573800869e-01	-5.6573800869e-01	-5.6573800869e-01	-5.7783529134e-01	-5.7783529134e-01	-5.7783529134e-01	-5.8409914049e-01	-5.8409914049e-01	-5.9348448352e-01	-5.9348448352e-01	-6.0576766106e-01	-6.0576766106e-01	-6.0972237531e-01	-6.0972237531e-01	-6.0972237531e-01	-6.1568832855e-01	-6.2009770352e-01	-6.2009770352e-01	-6.3040219032e-01	-6.3040219032e-01	-6.3530499683e-01	-6.3530499683e-01	-6.3530499683e-01	-6.4288122439e-01	-6.4288122439e-01	-6.4356702287e-01	-6.5250872643e-01	-6.5250872643e-01	-6.5230304952e-01	-6.5230304952e-01	-6.5230304952e-01	-6.6075201898e-01	
187	0.0	-4.5138862381e-03	-4.5138862381e-03	-3.1720660192e-02	-6.3509713550e-02	-6.3509713550e-02	-6.3509713550e-02	-6.3509713550e-02	-1.0531983578e-01	-1.0531983578e-01	-1.0531983578e-01	-1.0531983578e-01	-1.5260972496e-01	-1.5260972496e-01	-1.5260972496e-01	-1.9073938321e-01	-2.0170122105e-01	-2.0170122105e-01	-2.0170122105e-01	-2.3972908142e-01	-2.5021375936e-01	-2.5021375936e-01	-2.5021375936e-01	-2.5021375936e-01	-2.9579333617e-01	-2.9579333617e-01	-2.9579333617e-01	-3.2536564077e-01	-3.3578925566e-01	-3.3578925566e-01	-3.3578925566e-01	-3.5906127800e-01	-3.6964270732e-01	-3.6964270732e-01	-3.6964270732e-01	-3.8785311347e-01	-3.9704515794e-01	-3.9704515794e-01	-3.9704515794e-01	-4.1168604138e-01	-4.2605543540e-01	-4.2605543540e-01	-4.2605543540e-01	-4.4997306073e-01	-4.4997306073e-01	-4.5750778538e-01	-4.5750778538e-01	-4.5750778538e-01	-4.7640070073e-01	-4.7640070073e-01	-4.7640070073e-01	-4.8516065124e-01	-4.9383920098e-01	-4.9383920098e-01	-4.9383920098e-01	-5.0093122102e-01	-5.0835615584e-01	-5.0835615584e-01	-5.0835615584e-01	-5.2250905270e-01	-5.3428513629e-01	-5.3428513629e-01	-5.3428513629e-01	-5.3428513629e-01	-5.4094836229e-01	-5.4696607820e-01	-5.4696607820e-01	-5.4696607820e-01	-5.5924060336e-01	-5.6593462540e-01	-5.6593462540e-01	-5.6593462540e-01	-5.7803490531e-01	-5.7803490531e-01	-5.7803490531e-01	-5.8430118862e-01	-5.8430118862e-01	-5.9368771983e-01	-5.9368771983e-01	-6.0597598082e-01	-6.0597598082e-01	-6.0993122908e-01	-6.0993122908e-01	-6.0993122908e-01	-6.1589968747e-01	-6.2030960523e-01	-6.2030960523e-01	-6.3061786981e-01	-6.3061786981e-01	-6.3552125398e-01	-6.3552125398e-01	-6.3552125398e-01	-6.4310030863e-01	-6.4310030863e-01	-6.4378635849e-01	-6.5273083454e-01	-6.5273083454e-01	-6.5252536069e-01	-6.5252536069e-01	-6.5252536069e-01	-6.6097660727e-01	
188	0.0	-4.5198226918e-03	-4.5198226918e-03	-3.1725266473e-02	-6.3527897648e-02	-6.3527897648e-02	-6.3527897648e-02	-6.3527897648e-02	-1.0535261680e-01	-1.0535261680e-01	-1.0535261680e-01	-1.0535261680e-01	-1.5265880665e-01	-1.5265880665e-01	-1.5265880665e-01	-1.9080258329e-01	-2.0176677870e-01	-2.0176677870e-01	-2.0176677870e-01	-2.3980844392e-01	-2.5029513869e-01	-2.5029513869e-01	-2.5029513869e-01	-2.5029513869e-01	-2.9588967259e-01	-2.9588967259e-01	-2.9588967259e-01	-3.2547417637e-01	-3.3589943975e-01	-3.3589943975e-01	-3.3589943975e-01	-3.5918227189e-01	-3.6976523245e-01	-3.6976523245e-01	-3.6976523245e-01	-3.8798511892e-01	-3.9717839348e-01	-3.9717839348e-01	-3.9717839348e-01	-4.1182762369e-01	-4.2619888997e-01	-4.2619888997e-01	-4.2619888997e-01	-4.5013002333e-01	-4.5013002333e-01	-4.5766553765e-01	-4.5766553765e-01	-4.5766553765e-01	-4.7656486446e-01	-4.7656486446e-01	-4.7656486446e-01	-4.8532907371e-01	-4.9400865882e-01	-4.9400865882e-01	-4.9400865882e-01	-5.0110400793e-01	-5.0852988921e-01	-5.0852988921e-01	-5.0852988921e-01	-5.2268895136e-01	-5.3446639872e-01	-5.3446639872e-01	-5.3446639872e-01	-5.3446639872e-01	-5.4113211062e-01	-5.4715048261e-01	-5.4715048261e-01	-5.4715048261e-01	-5.5942900453e-01	-5.6612374825e-01	-5.6612374825e-01	-5.6612374825e-01	-5.7822688871e-01	-5.7822688871e-01	-5.7822688871e-01	-5.8449556651e-01	-5.8449556651e-01	-5.9388314242e-01	-5.9388314242e-01	-6.0617668302e-01	-6.0617668302e-01	-6.1013239374e-01	-6.1013239374e-01	-6.1013239374e-01	-6.1610349015e-01	-6.2051386511e-01	-6.2051386511e-01	-6.3082611400e-01	-6.3082611400e-01	-6.3572994551e-01	-6.3572994551e-01	-6.3572994551e-01	-6.4331199541e-01	-6.4331199541e-01	-6.4399820504e-01	-6.5294564226e-01	-6.5294564226e-01	-6.5274025052e-01	-6.5274025052e-01	-6.5274025052e-01	-6.6119385453e-01	
189	0.0	-4.5258182347e-03	-4.5258182347e-03	-3.1729914223e-02	-6.3546079677e-02	-6.3546079677e-02	-6.3546079677e-02	-6.3546079677e-02	-1.0538541820e-01	-1.0538541820e-01	-1.0538541820e-01	-1.0538541820e-01	-1.5270789607e-01	-1.5270789607e-01	-1.5270789607e-01	-1.9086569013e-01	-2.0183225533e-01	-2.0183225533e-01	-2.0183225533e-01	-2.3988747948e-01	-2.5037619697e-01	-2.5037619697e-01	-2.5037619697e-01	-2.5037619697e-01	-2.9598516607e-01	-2.9598516607e-01	-2.9598516607e-01	-3.2558107178e-01	-3.3600798366e-01	-3.3600798366e-01	-3.3600798366e-01	-3.5930074192e-01	-3.6988522153e-01	-3.6988522153e-01	-3.6988522153e-01	-3.8811372577e-01	-3.9730821220e-01	-3.9730821220e-01	-3.9730821220e-01	-4.1196502644e-01	-4.2633811805e-01	-4.2633811805e-01	-4.2633811805e-01	-4.5028144181e-01	-4.5028144181e-01	-4.5781770316e-01	-4.5781770316e-01	-4.5781770316e-01	-4.7672288683e-01	-4.7672288683e-01	-4.7672288683e-01	-4.8549103460e-01	-4.9417157839e-01	-4.9417157839e-01	-4.9417157839e-01	-5.0127005167e-01	-5.0869679925e-01	-5.0869679925e-01	-5.0869679925e-01	-5.2286167769e-01	-5.3464035968e-01	-5.3464035968e-01	-5.3464035968e-01	-5.3464035968e-01	-5.4130847751e-01	-5.4732744824e-01	-5.4732744824e-01	-5.4732744824e-01	-5.5961005294e-01	-5.6630545019e-01	-5.6630545019e-01	-5.6630545019e-01	-5.7841143370e-01	-5.7841143370e-01	-5.7841143370e-01	-5.8468257015e-01	-5.8468257015e-01	-5.9407104822e-01	-5.9407104822e-01	-6.0637013154e-01	-6.0637013154e-01	-6.1032623057e-01	-6.1032623057e-01	-6.1032623057e-01	-6.1630011904e-01	-6.2071085954e-01	-6.2071085954e-01	-6.3102733525e-01	-6.3102733525e-01	-6.3593147151e-01	-6.3593147151e-01	-6.3593147151e-01	-6.4351670844e-01	-6.4351670844e-01	-6.4420297619e-01	-6.5315358918e-01	-6.5315358918e-01	-6.5294814400e-01	-6.5294814400e-01	-6.5294814400e-01	-6.6140419856e-01	
190	0.0	-4.5318374875e-03	-4.5318374875e-03	-3.1734562134e-02	-6.3564146027e-02	-6.3564146027e-02	-6.3564146027e-02	-6.3564146027e-02	-1.0541803146e-01	-1.0541803146e-01	-1.0541803146e-01	-1.0541803146e-01	-1.5275667976e-01	-1.5275667976e-01	-1.5275667976e-01	-1.9092831428e-01	-2.0189723622e-01	-2.0189723622e-01	-2.0189723622e-01	-2.3996571056e-01	-2.5045643424e-01	-2.5045643424e-01	-2.5045643424e-01	-2.5045643424e-01	-2.9607925877e-01	-2.9607925877e-01	-2.9607925877e-01	-3.2568575815e-01	-3.3611429928e-01	-3.3611429928e-01	-3.3611429928e-01	-3.5941610511e-01	-3.7000207402e-01	-3.7000207402e-01	-3.7000207402e-01	-3.8823834760e-01	-3.9743401367e-01	-3.9743401367e-01	-3.9743401367e-01	-4.1209766622e-01	-4.2647251560e-01	-4.2647251560e-01	-4.2647251560e-01	-4.5042675587e-01	-4.5042675587e-01	-4.5796371329e-01	-4.5796371329e-01	-4.5796371329e-01	-4.7687421932e-01	-4.7687421932e-01	-4.7687421932e-01	-4.8564601693e-01	-4.9432743447e-01	-4.9432743447e-01	-4.9432743447e-01	-5.0142885245e-01	-5.0885637948e-01	-5.0885637948e-01	-5.0885637948e-01	-5.2302678504e-01	-5.3480656256e-01	-5.3480656256e-01	-5.3480656256e-01	-5.3480656256e-01	-5.4147702704e-01	-5.4749653378e-01	-5.4749653378e-01	-5.4749653378e-01	-5.5978332208e-01	-5.6647929926e-01	-5.6647929926e-01	-5.6647929926e-01	-5.7858811506e-01	-5.7858811506e-01	-5.7858811506e-01	-5.8486178040e-01	-5.8486178040e-01	-5.9425101081e-01	-5.9425101081e-01	-6.0655581469e-01	-6.0655581469e-01	-6.1051222324e-01	-6.1051222324e-01	-6.1051222324e-01	-6.1648900606e-01	-6.2090001381e-01	-6.2090001381e-01	-6.3122088246e-01	-6.3122088246e-01	-6.3612517030e-01	-6.3612517030e-01	-6.3612517030e-01	-6.4371373412e-01	-6.4371373412e-01	-6.4439995468e-01	-6.5335391116e-01	-6.5335391116e-01	-6.5314827441e-01	-6.5314827441e-01	-6.5314827441e-01	-6.6160682472e-01	
191	0.0	-4.5378365334e-03	-4.5378365334e-03	-3.1739189015e-02	-6.3581994646e-02	-6.3581994646e-02	-6.3581994646e-02	-6.3581994646e-02	-1.0545027063e-01	-1.0545027063e-01	-1.0545027063e-01	-1.0545027063e-01	-1.5280488230e-01	-1.5280488230e-01	-1.5280488230e-01	-1.9099010452e-01	-2.0196136342e-01	-2.0196136342e-01	-2.0196136342e-01	-2.4004271818e-01	-2.5053542787e-01	-2.5053542787e-01	-2.5053542787e-01	-2.5053542787e-01	-2.9617149265e-01	-2.9617149265e-01	-2.9617149265e-01	-3.2578777209e-01	-3.3621792334e-01	-3.3621792334e-01	-3.3621792334e-01	-3.5952790994e-01	-3.7011534051e-01	-3.7011534051e-01	-3.7011534051e-01	-3.8835855585e-01	-3.9755537245e-01	-3.9755537245e-01	-3.9755537245e-01	-4.1222514066e-01	-4.2660168713e-01	-4.2660168713e-01	-4.2660168713e-01	-4.5056562251e-01	-4.5056562251e-01	-4.5810323267e-01	-4.5810323267e-01	-4.5810323267e-01	-4.7701856473e-01	-4.7701856473e-01	-4.7701856473e-01	-4.8579375261e-01	-4.9447596857e-01	-4.9447596857e-01	-4.9447596857e-01	-5.0158017605e-01	-5.0900840497e-01	-5.0900840497e-01	-5.0900840497e-01	-5.2318412854e-01	-5.3496487904e-01	-5.3496487904e-01	-5.3496487904e-01	-5.3496487904e-01	-5.4163766581e-01	-5.4765765567e-01	-5.4765765567e-01	-5.4765765567e-01	-5.5994859115e-01	-5.6664508602e-01	-5.6664508602e-01	-5.6664508602e-01	-5.7875665090e-01	-5.7875665090e-01	-5.7875665090e-01	-5.8503283134e-01	-5.8503283134e-01	-5.9442268474e-01	-5.9442268474e-01	-6.0673319584e-01	-6.0673319584e-01	-6.1068984695e-01	-6.1068984695e-01	-6.1068984695e-01	-6.1666952948e-01	-6.2108072007e-01	-6.2108072007e-01	-6.3140601202e-01	-6.3140601202e-01	-6.3631031916e-01	-6.3631031916e-01	-6.3631031916e-01	-6.4390225428e-01	-6.4390225428e-01	-6.4458833803e-01	-6.5354571698e-01	-6.5354571698e-01	-6.5333977191e-01	-6.5333977191e-01	-6.5333977191e-01	-6.6180079431e-01	
192	0.0	-4.5437660476e-03	-4.5437660476e-03	-3.1743780714e-02	-6.3599518247e-02	-6.3599518247e-02	-6.3599518247e-02	-6.3599518247e-02	-1.0548193804e-01	-1.0548193804e-01	-1.0548193804e-01	-1.0548193804e-01	-1.5285220536e-01	-1.5285220536e-01	-1.5285220536e-01	-1.9105066334e-01	-2.0202423969e-01	-2.0202423969e-01	-2.0202423969e-01	-2.4011801595e-01	-2.5061269400e-01	-2.5061269400e-01	-2.5061269400e-01	-2.5061269400e-01	-2.9626132164e-01	-2.9626132164e-01	-2.9626132164e-01	-3.2588652561e-01	-3.3631827297e-01	-3.3631827297e-01	-3.3631827297e-01	-3.5963554362e-01	-3.7022441498e-01	-3.7022441498e-01	-3.7022441498e-01	-3.8847371868e-01	-3.9767166361e-01	-3.9767166361e-01	-3.9767166361e-01	-4.1234679584e-01	-4.2672499141e-01	-4.2672499141e-01	-4.2672499141e-01	-4.5069734682e-01	-4.5069734682e-01	-4.5823557730e-01	-4.5823557730e-01	-4.5823557730e-01	-4.7715521171e-01	-4.7715521171e-01	-4.7715521171e-01	-4.8593347725e-01	-4.9461643010e-01	-4.9461643010e-01	-4.9461643010e-01	-5.0172321525e-01	-5.0915208160e-01	-5.0915208160e-01	-5.0915208160e-01	-5.2333276911e-01	-5.3511439299e-01	-5.3511439299e-01	-5.3511439299e-01	-5.3511439299e-01	-5.4178941183e-01	-5.4780984536e-01	-5.4780984536e-01	-5.4780984536e-01	-5.6010479550e-01	-5.6680176112e-01	-5.6680176112e-01	-5.6680176112e-01	-5.7891594666e-01	-5.7891594666e-01	-5.7891594666e-01	-5.8519456019e-01	-5.8519456019e-01	-5.9458493470e-01	-5.9458493470e-01	-6.0690098563e-01	-6.0690098563e-01	-6.1085782860e-01	-6.1085782860e-01	-6.1085782860e-01	-6.1684033735e-01	-6.2125164627e-01	-6.2125164627e-01	-6.3158128372e-01	-6.3158128372e-01	-6.3648550853e-01	-6.3648550853e-01	-6.3648550853e-01	-6.4408077566e-01	-6.4408077566e-01	-6.4476665457e-01	-6.5372744820e-01	-6.5372744820e-01	-6.5352110640e-01	-6.5352110640e-01	-6.5352110640e-01	-6.6198451634e-01	
193	0.0	-4.5496044066e-03	-4.5496044066e-03	-3.1748291237e-02	-6.3616625628e-02	-6.3616625628e-02	-6.3616625628e-02	-6.3616625628e-02	-1.0551286928e-01	-1.0551286928e-01	-1.0551286928e-01	-1.0551286928e-01	-1.5289840752e-01	-1.5289840752e-01	-1.5289840752e-01	-1.9110971048e-01	-2.0208555256e-01	-2.0208555256e-01	-2.0208555256e-01	-2.4019126589e-01	-2.5068786408e-01	-2.5068786408e-01	-2.5068786408e-01	-2.5068786408e-01	-2.9634834624e-01	-2.9634834624e-01	-2.9634834624e-01	-3.2598164379e-01	-3.3641494347e-01	-3.3641494347e-01	-3.3641494347e-01	-3.5973863958e-01	-3.7032890171e-01	-3.7032890171e-01	-3.7032890171e-01	-3.8858348274e-01	-3.9778250920e-01	-3.9778250920e-01	-3.9778250920e-01	-4.1246229325e-01	-4.2684205213e-01	-4.2684205213e-01	-4.2684205213e-01	-4.5082161996e-01	-4.5082161996e-01	-4.5836041740e-01	-4.5836041740e-01	-4.5836041740e-01	-4.7728383598e-01	-4.7728383598e-01	-4.7728383598e-01	-4.8606488637e-01	-4.9474849049e-01	-4.9474849049e-01	-4.9474849049e-01	-5.0185765578e-01	-5.0928707372e-01	-5.0928707372e-01	-5.0928707372e-01	-5.2347238960e-01	-5.3525475155e-01	-5.3525475155e-01	-5.3525475155e-01	-5.3525475155e-01	-5.4193191989e-01	-5.4795273472e-01	-5.4795273472e-01	-5.4795273472e-01	-5.6025165689e-01	-5.6694902053e-01	-5.6694902053e-01	-5.6694902053e-01	-5.7906572452e-01	-5.7906572452e-01	-5.7906572452e-01	-5.8534673188e-01	-5.8534673188e-01	-5.9473748382e-01	-5.9473748382e-01	-6.0705898747e-01	-6.0705898747e-01	-6.1101594580e-01	-6.1101594580e-01	-6.1101594580e-01	-6.1700124308e-01	-6.2141257390e-01	-6.2141257390e-01	-6.3174655503e-01	-6.3174655503e-01	-6.3665054797e-01	-6.3665054797e-01	-6.3665054797e-01	-6.4424915349e-01	-6.4424915349e-01	-6.4493472938e-01	-6.5389897464e-01	-6.5389897464e-01	-6.5369210526e-01	-6.5369210526e-01	-6.5369210526e-01	-6.6215784559e-01	
194	0.0	-4.5553145464e-03	-4.5553145464e-03	-3.1752698670e-02	-6.3633223181e-02	-6.3633223181e-02	-6.3633223181e-02	-6.3633223181e-02	-1.0554289270e-01	-1.0554289270e-01	-1.0554289270e-01	-1.0554289270e-01	-1.5294323062e-01	-1.5294323062e-01	-1.5294323062e-01	-1.9116691264e-01	-2.0214495985e-01	-2.0214495985e-01	-2.0214495985e-01	-2.4026206103e-01	-2.5076052412e-01	-2.5076052412e-01	-2.5076052412e-01	-2.5076052412e-01	-2.9643210399e-01	-2.9643210399e-01	-2.9643210399e-01	-3.2607264513e-01	-3.3650744827e-01	-3.3650744827e-01	-3.3650744827e-01	-3.5983670416e-01	-3.7042830340e-01	-3.7042830340e-01	-3.7042830340e-01	-3.8868734731e-01	-3.9788740633e-01	-3.9788740633e-01	-3.9788740633e-01	-4.1257112327e-01	-4.2695235765e-01	-4.2695235765e-01	-4.2695235765e-01	-4.5093792055e-01	-4.5093792055e-01	-4.5847723311e-01	-4.5847723311e-01	-4.5847723311e-01	-4.7740390324e-01	-4.7740390324e-01	-4.7740390324e-01	-4.8618741809e-01	-4.9487159101e-01	-4.9487159101e-01	-4.9487159101e-01	-5.0198291061e-01	-5.0941279793e-01	-5.0941279793e-01	-5.0941279793e-01	-5.2360233927e-01	-5.3538531105e-01	-5.3538531105e-01	-5.3538531105e-01	-5.3538531105e-01	-5.4206450430e-01	-5.4808564237e-01	-5.4808564237e-01	-5.4808564237e-01	-5.6038840226e-01	-5.6708609672e-01	-5.6708609672e-01	-5.6708609672e-01	-5.7920516557e-01	-5.7920516557e-01	-5.7920516557e-01	-5.8548845914e-01	-5.8548845914e-01	-5.9487945723e-01	-5.9487945723e-01	-6.0720615463e-01	-6.0720615463e-01	-6.1116316009e-01	-6.1116316009e-01	-6.1116316009e-01	-6.1715111665e-01	-6.2156238375e-01	-6.2156238375e-01	-6.3190053962e-01	-6.3190053962e-01	-6.3680416890e-01	-6.3680416890e-01	-6.3680416890e-01	-6.4440599433e-01	-6.4440599433e-01	-6.4509118470e-01	-6.5405878939e-01	-6.5405878939e-01	-6.5385128692e-01	-6.5385128692e-01	-6.5385128692e-01	-6.6231919769e-01	
195	0.0	-4.5608748246e-03	-4.5608748246e-03	-3.1756973136e-02	-6.3649241255e-02	-6.3649241255e-02	-6.3649241255e-02	-6.3649241255e-02	-1.0557188000e-01	-1.0557188000e-01	-1.0557188000e-01	-1.0557188000e-01	-1.5298648477e-01	-1.5298648477e-01	-1.5298648477e-01	-1.9122204911e-01	-2.0220221781e-01	-2.0220221781e-01	-2.0220221781e-01	-2.4033014064e-01	-2.5083039295e-01	-2.5083039295e-01	-2.5083039295e-01	-2.5083039295e-01	-2.9651230225e-01	-2.9651230225e-01	-2.9651230225e-01	-3.2615926972e-01	-3.3659550990e-01	-3.3659550990e-01	-3.3659550990e-01	-3.5992950614e-01	-3.7052237284e-01	-3.7052237284e-01	-3.7052237284e-01	-3.8878511619e-01	-3.9798614603e-01	-3.9798614603e-01	-3.9798614603e-01	-4.1267312600e-01	-4.2705572976e-01	-4.2705572976e-01	-4.2705572976e-01	-4.5104616095e-01	-4.5104616095e-01	-4.5858592829e-01	-4.5858592829e-01	-4.5858592829e-01	-4.7751535101e-01	-4.7751535101e-01	-4.7751535101e-01	-4.8630104684e-01	-4.9498569745e-01	-4.9498569745e-01	-4.9498569745e-01	-5.0209897577e-01	-5.0952924310e-01	-5.0952924310e-01	-5.0952924310e-01	-5.2372266258e-01	-5.3550610444e-01	-5.3550610444e-01	-5.3550610444e-01	-5.3550610444e-01	-5.4218721872e-01	-5.4820861400e-01	-5.4820861400e-01	-5.4820861400e-01	-5.6051510557e-01	-5.6721305488e-01	-5.6721305488e-01	-5.6721305488e-01	-5.7933434787e-01	-5.7933434787e-01	-5.7933434787e-01	-5.8561984564e-01	-5.8561984564e-01	-5.9501094548e-01	-5.9501094548e-01	-6.0734262594e-01	-6.0734262594e-01	-6.1129960173e-01	-6.1129960173e-01	-6.1129960173e-01	-6.1729010597e-01	-6.2170121315e-01	-6.2170121315e-01	-6.3204340367e-01	-6.3204340367e-01	-6.3694652190e-01	-6.3694652190e-01	-6.3694652190e-01	-6.4455147011e-01	-6.4455147011e-01	-6.4523618157e-01	-6.5420709117e-01	-6.5420709117e-01	-6.5399883229e-01	-6.5399883229e-01	-6.5399883229e-01	-6.6246879450e-01	
196	0.0	-4.5662524769e-03	-4.5662524769e-03	-3.1761102258e-02	-6.3664608770e-02	-6.3664608770e-02	-6.3664608770e-02	-6.3664608770e-02	-1.0559970035e-01	-1.0559970035e-01	-1.0559970035e-01	-1.0559970035e-01	-1.5302797332e-01	-1.5302797332e-01	-1.5302797332e-01	-1.9127486276e-01	-2.0225706743e-01	-2.0225706743e-01	-2.0225706743e-01	-2.4039519574e-01	-2.5089716224e-01	-2.5089716224e-01	-2.5089716224e-01	-2.5089716224e-01	-2.9658860684e-01	-2.9658860684e-01	-2.9658860684e-01	-3.2624117806e-01	-3.3667879216e-01	-3.3667879216e-01	-3.3667879216e-01	-3.6001671486e-01	-3.7061078420e-01	-3.7061078420e-01	-3.7061078420e-01	-3.8887647210e-01	-3.9807841617e-01	-3.9807841617e-01	-3.9807841617e-01	-4.1276799434e-01	-4.2715187114e-01	-4.2715187114e-01	-4.2715187114e-01	-4.5114605539e-01	-4.5114605539e-01	-4.5868622524e-01	-4.5868622524e-01	-4.5868622524e-01	-4.7761790604e-01	-4.7761790604e-01	-4.7761790604e-01	-4.8640548426e-01	-4.9509053217e-01	-4.9509053217e-01	-4.9509053217e-01	-5.0220555573e-01	-5.0963612405e-01	-5.0963612405e-01	-5.0963612405e-01	-5.2383302853e-01	-5.3561681883e-01	-5.3561681883e-01	-5.3561681883e-01	-5.3561681883e-01	-5.4229972190e-01	-5.4832131871e-01	-5.4832131871e-01	-5.4832131871e-01	-5.6063136845e-01	-5.6732950871e-01	-5.6732950871e-01	-5.6732950871e-01	-5.7945286696e-01	-5.7945286696e-01	-5.7945286696e-01	-5.8574046192e-01	-5.8574046192e-01	-5.9513154209e-01	-5.9513154209e-01	-6.0746795606e-01	-6.0746795606e-01	-6.1142483944e-01	-6.1142483944e-01	-6.1142483944e-01	-6.1741775976e-01	-6.2182862858e-01	-6.2182862858e-01	-6.3217467605e-01	-6.3217467605e-01	-6.3707716367e-01	-6.3707716367e-01	-6.3707716367e-01	-6.4468510481e-01	-6.4468510481e-01	-6.4536926392e-01	-6.5434338349e-01	-6.5434338349e-01	-6.5413427406e-01	-6.5413427406e-01	-6.5413427406e-01	-6.6260615518e-01	
197	0.0	-4.5714147765e-03	-4.5714147765e-03	-3.1765089144e-02	-6.3679277004e-02	-6.3679277004e-02	-6.3679277004e-02	-6.3679277004e-02	-1.0562626546e-01	-1.0562626546e-01	-1.0562626546e-01	-1.0562626546e-01	-1.5306756857e-01	-1.5306756857e-01	-1.5306756857e-01	-1.9132518002e-01	-2.0230934801e-01	-2.0230934801e-01	-2.0230934801e-01	-2.4045703106e-01	-2.5096065204e-01	-2.5096065204e-01	-2.5096065204e-01	-2.5096065204e-01	-2.9666084195e-01	-2.9666084195e-01	-2.9666084195e-01	-3.2631820377e-01	-3.3675714729e-01	-3.3675714729e-01	-3.3675714729e-01	-3.6009820246e-01	-3.7069343038e-01	-3.7069343038e-01	-3.7069343038e-01	-3.8896133041e-01	-3.9816415143e-01	-3.9816415143e-01	-3.9816415143e-01	-4.1285568150e-01	-4.2724076783e-01	-4.2724076783e-01	-4.2724076783e-01	-4.5123762310e-01	-4.5123762310e-01	-4.5877816639e-01	-4.5877816639e-01	-4.5877816639e-01	-4.7771164343e-01	-4.7771164343e-01	-4.7771164343e-01	-4.8650080074e-01	-4.9518619499e-01	-4.9518619499e-01	-4.9518619499e-01	-5.0230274130e-01	-5.0973355898e-01	-5.0973355898e-01	-5.0973355898e-01	-5.2393352701e-01	-5.3571759060e-01	-5.3571759060e-01	-5.3571759060e-01	-5.3571759060e-01	-5.4240213085e-01	-5.4842390031e-01	-5.4842390031e-01	-5.4842390031e-01	-5.6073728322e-01	-5.6743558051e-01	-5.6743558051e-01	-5.6743558051e-01	-5.7956084884e-01	-5.7956084884e-01	-5.7956084884e-01	-5.8585041277e-01	-5.8585041277e-01	-5.9524140149e-01	-5.9524140149e-01	-6.0758226555e-01	-6.0758226555e-01	-6.1153902102e-01	-6.1153902102e-01	-6.1153902102e-01	-6.1753420927e-01	-6.2194479298e-01	-6.2194479298e-01	-6.3229450599e-01	-6.3229450599e-01	-6.3719628785e-01	-6.3719628785e-01	-6.3719628785e-01	-6.4480708870e-01	-6.4480708870e-01	-6.4549064328e-01	-6.5446790243e-01	-6.5446790243e-01	-6.5425786814e-01	-6.5425786814e-01	-6.5425786814e-01	-6.6273158550e-01	
198	0.0	-4.5763560088e-03	-4.5763560088e-03	-3.1768882052e-02	-6.3693174390e-02	-6.3693174390e-02	-6.3693174390e-02	-6.3693174390e-02	-1.0565144560e-01	-1.0565144560e-01	-1.0565144560e-01	-1.0565144560e-01	-1.5310507585e-01	-1.5310507585e-01	-1.5310507585e-01	-1.9137278135e-01	-2.0235880013e-01	-2.0235880013e-01	-2.0235880013e-01	-2.4051537096e-01	-2.5102054608e-01	-2.5102054608e-01	-2.5102054608e-01	-2.5102054608e-01	-2.9672865184e-01	-2.9672865184e-01	-2.9672865184e-01	-3.2639001282e-01	-3.3683019756e-01	-3.3683019756e-01	-3.3683019756e-01	-3.6017362076e-01	-3.7076991831e-01	-3.7076991831e-01	-3.7076991831e-01	-3.8903932774e-01	-3.9824294916e-01	-3.9824294916e-01	-3.9824294916e-01	-4.1293580881e-01	-4.2732197893e-01	-4.2732197893e-01	-4.2732197893e-01	-4.5132046143e-01	-4.5132046143e-01	-4.5886131042e-01	-4.5886131042e-01	-4.5886131042e-01	-4.7779608625e-01	-4.7779608625e-01	-4.7779608625e-01	-4.8658651535e-01	-4.9527215911e-01	-4.9527215911e-01	-4.9527215911e-01	-5.0238999717e-01	-5.0982097137e-01	-5.0982097137e-01	-5.0982097137e-01	-5.2402355543e-01	-5.3580774766e-01	-5.3580774766e-01	-5.3580774766e-01	-5.3580774766e-01	-5.4249375579e-01	-5.4851562514e-01	-5.4851562514e-01	-5.4851562514e-01	-5.6083207196e-01	-5.6753044336e-01	-5.6753044336e-01	-5.6753044336e-01	-5.7965740148e-01	-5.7965740148e-01	-5.7965740148e-01	-5.8594878792e-01	-5.8594878792e-01	-5.9533953636e-01	-5.9533953636e-01	-6.0768453256e-01	-6.0768453256e-01	-6.1164108045e-01	-6.1164108045e-01	-6.1164108045e-01	-6.1763836930e-01	-6.2204856944e-01	-6.2204856944e-01	-6.3240171100e-01	-6.3240171100e-01	-6.3730263860e-01	-6.3730263860e-01	-6.3730263860e-01	-6.4491611702e-01	-6.4491611702e-01	-6.4559897737e-01	-6.5457924129e-01	-6.5457924129e-01	-6.5436816998e-01	-6.5436816998e-01	-6.5436816998e-01	-6.6284356514e-01	
199	0.0	-4.5810527549e-03	-4.5810527549e-03	-3.1772472541e-02	-6.3706251073e-02	-6.3706251073e-02	-6.3706251073e-02	-6.3706251073e-02	-1.0567514926e-01	-1.0567514926e-01	-1.0567514926e-01	-1.0567514926e-01	-1.5314036034e-01	-1.5314036034e-01	-1.5314036034e-01	-1.9141749359e-01	-2.0240524919e-01	-2.0240524919e-01	-2.0240524919e-01	-2.4057001090e-01	-2.5107663946e-01	-2.5107663946e-01	-2.5107663946e-01	-2.5107663946e-01	-2.9679181933e-01	-2.9679181933e-01	-2.9679181933e-01	-3.2645639358e-01	-3.3689773265e-01	-3.3689773265e-01	-3.3689773265e-01	-3.6024277252e-01	-3.7084005366e-01	-3.7084005366e-01	-3.7084005366e-01	-3.8911028328e-01	-3.9831463209e-01	-3.9831463209e-01	-3.9831463209e-01	-4.1300820719e-01	-4.2739534234e-01	-4.2739534234e-01	-4.2739534234e-01	-4.5139442157e-01	-4.5139442157e-01	-4.5893551601e-01	-4.5893551601e-01	-4.5893551601e-01	-4.7787109599e-01	-4.7787109599e-01	-4.7787109599e-01	-4.8666247040e-01	-4.9534827872e-01	-4.9534827872e-01	-4.9534827872e-01	-5.0246715636e-01	-5.0989820607e-01	-5.0989820607e-01	-5.0989820607e-01	-5.2410291142e-01	-5.3588710854e-01	-5.3588710854e-01	-5.3588710854e-01	-5.3588710854e-01	-5.4257438800e-01	-5.4859629743e-01	-5.4859629743e-01	-5.4859629743e-01	-5.6091548021e-01	-5.6761385848e-01	-5.6761385848e-01	-5.6761385848e-01	-5.7974227370e-01	-5.7974227370e-01	-5.7974227370e-01	-5.8603531033e-01	-5.8603531033e-01	-5.9542570001e-01	-5.9542570001e-01	-6.0777446045e-01	-6.0777446045e-01	-6.1173074037e-01	-6.1173074037e-01	-6.1173074037e-01	-6.1772993848e-01	-6.2213968226e-01	-6.2213968226e-01	-6.3249594529e-01	-6.3249594529e-01	-6.3739591296e-01	-6.3739591296e-01	-6.3739591296e-01	-6.4501182908e-01	-6.4501182908e-01	-6.4569393583e-01	-6.5467698638e-01	-6.5467698638e-01	-6.5446480801e-01	-6.5446480801e-01	-6.5446480801e-01	-6.6294167201e-01	
200	0.0	-4.5854793566e-03	-4.5854793566e-03	-3.1775862842e-02	-6.3718470992e-02	-6.3718470992e-02	-6.3718470992e-02	-6.3718470992e-02	-1.0569730983e-01	-1.0569730983e-01	-1.0569730983e-01	-1.0569730983e-01	-1.5317332494e-01	-1.5317332494e-01	-1.5317332494e-01	-1.9145918659e-01	-2.0244857241e-01	-2.0244857241e-01	-2.0244857241e-01	-2.4062080369e-01	-2.5112879359e-01	-2.5112879359e-01	-2.5112879359e-01	-2.5112879359e-01	-2.9685020770e-01	-2.9685020770e-01	-2.9685020770e-01	-3.2651721831e-01	-3.3695963585e-01	-3.3695963585e-01	-3.3695963585e-01	-3.6030555692e-01	-3.7090374852e-01	-3.7090374852e-01	-3.7090374852e-01	-3.8917412515e-01	-3.9837914069e-01	-3.9837914069e-01	-3.9837914069e-01	-4.1307282792e-01	-4.2746083091e-01	-4.2746083091e-01	-4.2746083091e-01	-4.5145949466e-01	-4.5145949466e-01	-4.5900078999e-01	-4.5900078999e-01	-4.5900078999e-01	-4.7793669398e-01	-4.7793669398e-01	-4.7793669398e-01	-4.8672867250e-01	-4.9541458094e-01	-4.9541458094e-01	-4.9541458094e-01	-5.0253422957e-01	-5.0996529339e-01	-5.0996529339e-01	-5.0996529339e-01	-5.2417159137e-01	-5.3595570341e-01	-5.3595570341e-01	-5.3595570341e-01	-5.3595570341e-01	-5.4264403790e-01	-5.4866594751e-01	-5.4866594751e-01	-5.4866594751e-01	-5.6098749885e-01	-5.6768583968e-01	-5.6768583968e-01	-5.6768583968e-01	-5.7981548320e-01	-5.7981548320e-01	-5.7981548320e-01	-5.8610998107e-01	-5.8610998107e-01	-5.9549993638e-01	-5.9549993638e-01	-6.0785206271e-01	-6.0785206271e-01	-6.1180804066e-01	-6.1180804066e-01	-6.1180804066e-01	-6.1780894428e-01	-6.2221819328e-01	-6.2221819328e-01	-6.3257723121e-01	-6.3257723121e-01	-6.3747618923e-01	-6.3747618923e-01	-6.3747618923e-01	-6.4509427488e-01	-6.4509427488e-01	-6.4577560576e-01	-6.5476118120e-01	-6.5476118120e-01	-6.5454787546e-01	-6.5454787546e-01	-6.5454787546e-01	-6.6302599426e-01	
201	0.0	-4.5896290401e-03	-4.5896290401e-03	-3.1779038143e-02	-6.3729811353e-02	-6.3729811353e-02	-6.3729811353e-02	-6.3729811353e-02	-1.0571788424e-01	-1.0571788424e-01	-1.0571788424e-01	-1.0571788424e-01	-1.5320390683e-01	-1.5320390683e-01	-1.5320390683e-01	-1.9149779324e-01	-2.0248869269e-01	-2.0248869269e-01	-2.0248869269e-01	-2.4066767797e-01	-2.5117692800e-01	-2.5117692800e-01	-2.5117692800e-01	-2.5117692800e-01	-2.9690375142e-01	-2.9690375142e-01	-2.9690375142e-01	-3.2657246313e-01	-3.3701587512e-01	-3.3701587512e-01	-3.3701587512e-01	-3.6036199254e-01	-3.7096101410e-01	-3.7096101410e-01	-3.7096101410e-01	-3.8923091757e-01	-3.9843653348e-01	-3.9843653348e-01	-3.9843653348e-01	-4.1312978034e-01	-4.2751854614e-01	-4.2751854614e-01	-4.2751854614e-01	-4.5151587936e-01	-4.5151587936e-01	-4.5905732787e-01	-4.5905732787e-01	-4.5905732787e-01	-4.7799311865e-01	-4.7799311865e-01	-4.7799311865e-01	-4.8678540217e-01	-4.9547134400e-01	-4.9547134400e-01	-4.9547134400e-01	-5.0259153230e-01	-5.1002254733e-01	-5.1002254733e-01	-5.1002254733e-01	-5.2422999726e-01	-5.3601393150e-01	-5.3601393150e-01	-5.3601393150e-01	-5.3601393150e-01	-5.4270314798e-01	-5.4872501437e-01	-5.4872501437e-01	-5.4872501437e-01	-5.6104864222e-01	-5.6774689726e-01	-5.6774689726e-01	-5.6774689726e-01	-5.7987757855e-01	-5.7987757855e-01	-5.7987757855e-01	-5.8617339220e-01	-5.8617339220e-01	-5.9556283301e-01	-5.9556283301e-01	-6.0791797248e-01	-6.0791797248e-01	-6.1187361093e-01	-6.1187361093e-01	-6.1187361093e-01	-6.1787603739e-01	-6.2228474978e-01	-6.2228474978e-01	-6.3264624594e-01	-6.3264624594e-01	-6.3754414145e-01	-6.3754414145e-01	-6.3754414145e-01	-6.4516415368e-01	-6.4516415368e-01	-6.4584468316e-01	-6.5483255273e-01	-6.5483255273e-01	-6.5461809269e-01	-6.5461809269e-01	-6.5461809269e-01	-6.6309728663e-01	
202	0.0	-4.5934976758e-03	-4.5934976758e-03	-3.1781987766e-02	-6.3740256382e-02	-6.3740256382e-02	-6.3740256382e-02	-6.3740256382e-02	-1.0573684136e-01	-1.0573684136e-01	-1.0573684136e-01	-1.0573684136e-01	-1.5323206018e-01	-1.5323206018e-01	-1.5323206018e-01	-1.9153326372e-01	-2.0252555407e-01	-2.0252555407e-01	-2.0252555407e-01	-2.4071058274e-01	-2.5122098650e-01	-2.5122098650e-01	-2.5122098650e-01	-2.5122098650e-01	-2.9695241158e-01	-2.9695241158e-01	-2.9695241158e-01	-3.2662212833e-01	-3.3706644648e-01	-3.3706644648e-01	-3.3706644648e-01	-3.6041212240e-01	-3.7101188996e-01	-3.7101188996e-01	-3.7101188996e-01	-3.8928074899e-01	-3.9848689638e-01	-3.9848689638e-01	-3.9848689638e-01	-4.1317919670e-01	-4.2756861713e-01	-4.2756861713e-01	-4.2756861713e-01	-4.5156379110e-01	-4.5156379110e-01	-4.5910534437e-01	-4.5910534437e-01	-4.5910534437e-01	-4.7804062451e-01	-4.7804062451e-01	-4.7804062451e-01	-4.8683294897e-01	-4.9551885789e-01	-4.9551885789e-01	-4.9551885789e-01	-5.0263938206e-01	-5.1007028624e-01	-5.1007028624e-01	-5.1007028624e-01	-5.2427850038e-01	-5.3606216509e-01	-5.3606216509e-01	-5.3606216509e-01	-5.3606216509e-01	-5.4275211391e-01	-5.4877389268e-01	-5.4877389268e-01	-5.4877389268e-01	-5.6109933226e-01	-5.6779745198e-01	-5.6779745198e-01	-5.6779745198e-01	-5.7992899225e-01	-5.7992899225e-01	-5.7992899225e-01	-5.8622599193e-01	-5.8622599193e-01	-5.9561483746e-01	-5.9561483746e-01	-6.0797267546e-01	-6.0797267546e-01	-6.1192793525e-01	-6.1192793525e-01	-6.1192793525e-01	-6.1793172399e-01	-6.2233985582e-01	-6.2233985582e-01	-6.3270353976e-01	-6.3270353976e-01	-6.3760031665e-01	-6.3760031665e-01	-6.3760031665e-01	-6.4522204973e-01	-6.4522204973e-01	-6.4590174848e-01	-6.5489173008e-01	-6.5489173008e-01	-6.5467608223e-01	-6.5467608223e-01	-6.5467608223e-01	-6.6315622284e-01	
203	0.0	-4.5970693444e-03	-4.5970693444e-03	-3.1784711434e-02	-6.3749782034e-02	-6.3749782034e-02	-6.3749782034e-02	-6.3749782034e-02	-1.0575413725e-01	-1.0575413725e-01	-1.0575413725e-01	-1.0575413725e-01	-1.5325772021e-01	-1.5325772021e-01	-1.5325772021e-01	-1.9156550953e-01	-2.0255907304e-01	-2.0255907304e-01	-2.0255907304e-01	-2.4074941658e-01	-2.5126087268e-01	-2.5126087268e-01	-2.5126087268e-01	-2.5126087268e-01	-2.9699609175e-01	-2.9699609175e-01	-2.9699609175e-01	-3.2666612594e-01	-3.3711126647e-01	-3.3711126647e-01	-3.3711126647e-01	-3.6045587499e-01	-3.7105630948e-01	-3.7105630948e-01	-3.7105630948e-01	-3.8932356287e-01	-3.9853017720e-01	-3.9853017720e-01	-3.9853017720e-01	-4.1322102836e-01	-4.2761100250e-01	-4.2761100250e-01	-4.2761100250e-01	-4.5160318796e-01	-4.5160318796e-01	-4.5914480256e-01	-4.5914480256e-01	-4.5914480256e-01	-4.7807916561e-01	-4.7807916561e-01	-4.7807916561e-01	-4.8687123869e-01	-4.9555705513e-01	-4.9555705513e-01	-4.9555705513e-01	-5.0267767922e-01	-5.1010841683e-01	-5.1010841683e-01	-5.1010841683e-01	-5.2431692582e-01	-5.3610023927e-01	-5.3610023927e-01	-5.3610023927e-01	-5.3610023927e-01	-5.4279072384e-01	-5.4881237507e-01	-5.4881237507e-01	-5.4881237507e-01	-5.6113930256e-01	-5.6783724244e-01	-5.6783724244e-01	-5.6783724244e-01	-5.7996943996e-01	-5.7996943996e-01	-5.7996943996e-01	-5.8626746682e-01	-5.8626746682e-01	-5.9565564563e-01	-5.9565564563e-01	-6.0801587394e-01	-6.0801587394e-01	-6.1197072029e-01	-6.1197072029e-01	-6.1197072029e-01	-6.1797572310e-01	-6.2238323559e-01	-6.2238323559e-01	-6.3274887526e-01	-6.3274887526e-01	-6.3764448477e-01	-6.3764448477e-01	-6.3764448477e-01	-6.4526776263e-01	-6.4526776263e-01	-6.4594660534e-01	-6.5493855315e-01	-6.5493855315e-01	-6.5472168990e-01	-6.5472168990e-01	-6.5472168990e-01	-6.6320269172e-01	
204	0.0	-4.6003407917e-03	-4.6003407917e-03	-3.1787205700e-02	-6.3758396979e-02	-6.3758396979e-02	-6.3758396979e-02	-6.3758396979e-02	-1.0576978545e-01	-1.0576978545e-01	-1.0576978545e-01	-1.0576978545e-01	-1.5328090830e-01	-1.5328090830e-01	-1.5328090830e-01	-1.9159456774e-01	-2.0258928466e-01	-2.0258928466e-01	-2.0258928466e-01	-2.4078423980e-01	-2.5129664509e-01	-2.5129664509e-01	-2.5129664509e-01	-2.5129664509e-01	-2.9703488992e-01	-2.9703488992e-01	-2.9703488992e-01	-3.2670461130e-01	-3.3715048887e-01	-3.3715048887e-01	-3.3715048887e-01	-3.6049346933e-01	-3.7109449095e-01	-3.7109449095e-01	-3.7109449095e-01	-3.8935964461e-01	-3.9856666120e-01	-3.9856666120e-01	-3.9856666120e-01	-4.1325562580e-01	-4.2764605354e-01	-4.2764605354e-01	-4.2764605354e-01	-4.5163454288e-01	-4.5163454288e-01	-4.5917617698e-01	-4.5917617698e-01	-4.5917617698e-01	-4.7810927907e-01	-4.7810927907e-01	-4.7810927907e-01	-4.8690086557e-01	-4.9558653359e-01	-4.9558653359e-01	-4.9558653359e-01	-5.0270707383e-01	-5.1013759314e-01	-5.1013759314e-01	-5.1013759314e-01	-5.2434605636e-01	-5.3612894346e-01	-5.3612894346e-01	-5.3612894346e-01	-5.3612894346e-01	-5.4281982988e-01	-5.4884131702e-01	-5.4884131702e-01	-5.4884131702e-01	-5.6116953536e-01	-5.6786725502e-01	-5.6786725502e-01	-5.6786725502e-01	-5.7999996782e-01	-5.7999996782e-01	-5.7999996782e-01	-5.8629891032e-01	-5.8629891032e-01	-5.9568635990e-01	-5.9568635990e-01	-6.0804874368e-01	-6.0804874368e-01	-6.1200314665e-01	-6.1200314665e-01	-6.1200314665e-01	-6.1800924899e-01	-6.2241610960e-01	-6.2241610960e-01	-6.3278352259e-01	-6.3278352259e-01	-6.3767792586e-01	-6.3767792586e-01	-6.3767792586e-01	-6.4530260320e-01	-6.4530260320e-01	-6.4598057097e-01	-6.5497436282e-01	-6.5497436282e-01	-6.5475626542e-01	-6.5475626542e-01	-6.5475626542e-01	-6.6323806663e-01	
205	0.0	-4.6033122458e-03	-4.6033122458e-03	-3.1789468474e-02	-6.3766141191e-02	-6.3766141191e-02	-6.3766141191e-02	-6.3766141191e-02	-1.0578384294e-01	-1.0578384294e-01	-1.0578384294e-01	-1.0578384294e-01	-1.5330169298e-01	-1.5330169298e-01	-1.5330169298e-01	-1.9162051959e-01	-2.0261626932e-01	-2.0261626932e-01	-2.0261626932e-01	-2.4081515171e-01	-2.5132840253e-01	-2.5132840253e-01	-2.5132840253e-01	-2.5132840253e-01	-2.9706893771e-01	-2.9706893771e-01	-2.9706893771e-01	-3.2673776351e-01	-3.3718429284e-01	-3.3718429284e-01	-3.3718429284e-01	-3.6052513792e-01	-3.7112666773e-01	-3.7112666773e-01	-3.7112666773e-01	-3.8938928167e-01	-3.9859663708e-01	-3.9859663708e-01	-3.9859663708e-01	-4.1328332876e-01	-4.2767411320e-01	-4.2767411320e-01	-4.2767411320e-01	-4.5165829093e-01	-4.5165829093e-01	-4.5919990517e-01	-4.5919990517e-01	-4.5919990517e-01	-4.7813144895e-01	-4.7813144895e-01	-4.7813144895e-01	-4.8692235173e-01	-4.9560781973e-01	-4.9560781973e-01	-4.9560781973e-01	-5.0272812150e-01	-5.1015837531e-01	-5.1015837531e-01	-5.1015837531e-01	-5.2436650446e-01	-5.3614889766e-01	-5.3614889766e-01	-5.3614889766e-01	-5.3614889766e-01	-5.4284006986e-01	-5.4886136007e-01	-5.4886136007e-01	-5.4886136007e-01	-5.6119069825e-01	-5.6788816182e-01	-5.6788816182e-01	-5.6788816182e-01	-5.8002126419e-01	-5.8002126419e-01	-5.8002126419e-01	-5.8632102126e-01	-5.8632102126e-01	-5.9570768893e-01	-5.9570768893e-01	-6.0807200922e-01	-6.0807200922e-01	-6.1202594443e-01	-6.1202594443e-01	-6.1202594443e-01	-6.1803303970e-01	-6.2243922327e-01	-6.2243922327e-01	-6.3280823996e-01	-6.3280823996e-01	-6.3770141025e-01	-6.3770141025e-01	-6.3770141025e-01	-6.4532735369e-01	-6.4532735369e-01	-6.4600443586e-01	-6.5499995882e-01	-6.5499995882e-01	-6.5478062017e-01	-6.5478062017e-01	-6.5478062017e-01	-6.6326316995e-01	
206	0.0	-4.6059823668e-03	-4.6059823668e-03	-3.1791502459e-02	-6.3773005082e-02	-6.3773005082e-02	-6.3773005082e-02	-6.3773005082e-02	-1.0579629814e-01	-1.0579629814e-01	-1.0579629814e-01	-1.0579629814e-01	-1.5332006958e-01	-1.5332006958e-01	-1.5332006958e-01	-1.9164337063e-01	-2.0264003660e-01	-2.0264003660e-01	-2.0264003660e-01	-2.4084218007e-01	-2.5135617696e-01	-2.5135617696e-01	-2.5135617696e-01	-2.5135617696e-01	-2.9709830292e-01	-2.9709830292e-01	-2.9709830292e-01	-3.2676569522e-01	-3.3721279550e-01	-3.3721279550e-01	-3.3721279550e-01	-3.6055104735e-01	-3.7115301151e-01	-3.7115301151e-01	-3.7115301151e-01	-3.8941269461e-01	-3.9862033022e-01	-3.9862033022e-01	-3.9862033022e-01	-4.1330440709e-01	-4.2769546001e-01	-4.2769546001e-01	-4.2769546001e-01	-4.5167478631e-01	-4.5167478631e-01	-4.5921634692e-01	-4.5921634692e-01	-4.5921634692e-01	-4.7814607316e-01	-4.7814607316e-01	-4.7814607316e-01	-4.8693611835e-01	-4.9562134269e-01	-4.9562134269e-01	-4.9562134269e-01	-5.0274126766e-01	-5.1017121659e-01	-5.1017121659e-01	-5.1017121659e-01	-5.2437875406e-01	-5.3616059870e-01	-5.3616059870e-01	-5.3616059870e-01	-5.3616059870e-01	-5.4285194884e-01	-5.4887301606e-01	-5.4887301606e-01	-5.4887301606e-01	-5.6120330769e-01	-5.6790048709e-01	-5.6790048709e-01	-5.6790048709e-01	-5.8003386184e-01	-5.8003386184e-01	-5.8003386184e-01	-5.8633433236e-01	-5.8633433236e-01	-5.9572018043e-01	-5.9572018043e-01	-6.0808623220e-01	-6.0808623220e-01	-6.1203968378e-01	-6.1203968378e-01	-6.1203968378e-01	-6.1804767151e-01	-6.2245316389e-01	-6.2245316389e-01	-6.3282362768e-01	-6.3282362768e-01	-6.3771555570e-01	-6.3771555570e-01	-6.3771555570e-01	-6.4534264153e-01	-6.4534264153e-01	-6.4601883868e-01	-6.5501598454e-01	-6.5501598454e-01	-6.5479541232e-01	-6.5479541232e-01	-6.5479541232e-01	-6.6327866707e-01	
207	0.0	-4.6083510660e-03	-4.6083510660e-03	-3.1793319293e-02	-6.3779001805e-02	-6.3779001805e-02	-6.3779001805e-02	-6.3779001805e-02	-1.0580717798e-01	-1.0580717798e-01	-1.0580717798e-01	-1.0580717798e-01	-1.5333608574e-01	-1.5333608574e-01	-1.5333608574e-01	-1.9166318492e-01	-2.0266066113e-01	-2.0266066113e-01	-2.0266066113e-01	-2.4086542345e-01	-2.5138007778e-01	-2.5138007778e-01	-2.5138007778e-01	-2.5138007778e-01	-2.9712314199e-01	-2.9712314199e-01	-2.9712314199e-01	-3.2678860932e-01	-3.3723621130e-01	-3.3723621130e-01	-3.3723621130e-01	-3.6057146050e-01	-3.7117379766e-01	-3.7117379766e-01	-3.7117379766e-01	-3.8943020438e-01	-3.9863807292e-01	-3.9863807292e-01	-3.9863807292e-01	-4.1331923250e-01	-4.2771048502e-01	-4.2771048502e-01	-4.2771048502e-01	-4.5168448369e-01	-4.5168448369e-01	-4.5922596914e-01	-4.5922596914e-01	-4.5922596914e-01	-4.7815365608e-01	-4.7815365608e-01	-4.7815365608e-01	-4.8694268377e-01	-4.9562763691e-01	-4.9562763691e-01	-4.9562763691e-01	-5.0274705487e-01	-5.1017667480e-01	-5.1017667480e-01	-5.1017667480e-01	-5.2438337616e-01	-5.3616464316e-01	-5.3616464316e-01	-5.3616464316e-01	-5.3616464316e-01	-5.4285606389e-01	-5.4887689660e-01	-5.4887689660e-01	-5.4887689660e-01	-5.6120796476e-01	-5.6790484849e-01	-5.6790484849e-01	-5.6790484849e-01	-5.8003838804e-01	-5.8003838804e-01	-5.8003838804e-01	-5.8633946409e-01	-5.8633946409e-01	-5.9572448463e-01	-5.9572448463e-01	-6.0809205813e-01	-6.0809205813e-01	-6.1204502768e-01	-6.1204502768e-01	-6.1204502768e-01	-6.1805380364e-01	-6.2245861271e-01	-6.2245861271e-01	-6.3283035926e-01	-6.3283035926e-01	-6.3772106993e-01	-6.3772106993e-01	-6.3772106993e-01	-6.4534916841e-01	-6.4534916841e-01	-6.4602450291e-01	-6.5502314766e-01	-6.5502314766e-01	-6.5480137867e-01	-6.5480137867e-01	-6.5480137867e-01	-6.6328528921e-01	
208	0.0	-4.6104256315e-03	-4.6104256315e-03	-3.1794924655e-02	-6.3784155072e-02	-6.3784155072e-02	-6.3784155072e-02	-6.3784155072e-02	-1.0581652737e-01	-1.0581652737e-01	-1.0581652737e-01	-1.0581652737e-01	-1.5334981294e-01	-1.5334981294e-01	-1.5334981294e-01	-1.9168006068e-01	-2.0267824524e-01	-2.0267824524e-01	-2.0267824524e-01	-2.4088501718e-01	-2.5140024429e-01	-2.5140024429e-01	-2.5140024429e-01	-2.5140024429e-01	-2.9714364212e-01	-2.9714364212e-01	-2.9714364212e-01	-3.2680674694e-01	-3.3725478513e-01	-3.3725478513e-01	-3.3725478513e-01	-3.6058667793e-01	-3.7118933090e-01	-3.7118933090e-01	-3.7118933090e-01	-3.8944216912e-01	-3.9865022722e-01	-3.9865022722e-01	-3.9865022722e-01	-4.1332821558e-01	-4.2771960599e-01	-4.2771960599e-01	-4.2771960599e-01	-4.5168788425e-01	-4.5168788425e-01	-4.5922927712e-01	-4.5922927712e-01	-4.5922927712e-01	-4.7815474392e-01	-4.7815474392e-01	-4.7815474392e-01	-4.8694262306e-01	-4.9562728363e-01	-4.9562728363e-01	-4.9562728363e-01	-5.0274608712e-01	-5.1017536009e-01	-5.1017536009e-01	-5.1017536009e-01	-5.2438102689e-01	-5.3616169724e-01	-5.3616169724e-01	-5.3616169724e-01	-5.3616169724e-01	-5.4285309961e-01	-5.4887369116e-01	-5.4887369116e-01	-5.4887369116e-01	-5.6120538844e-01	-5.6790197055e-01	-5.6790197055e-01	-5.6790197055e-01	-5.8003558906e-01	-5.8003558906e-01	-5.8003558906e-01	-5.8633718022e-01	-5.8633718022e-01	-5.9572137677e-01	-5.9572137677e-01	-6.0809026368e-01	-6.0809026368e-01	-6.1204275946e-01	-6.1204275946e-01	-6.1204275946e-01	-6.1805221942e-01	-6.2245636202e-01	-6.2245636202e-01	-6.3282922635e-01	-6.3282922635e-01	-6.3771875951e-01	-6.3771875951e-01	-6.3771875951e-01	-6.4534774068e-01	-6.4534774068e-01	-6.4602224465e-01	-6.5502225443e-01	-6.5502225443e-01	-6.5479933840e-01	-6.5479933840e-01	-6.5479933840e-01	-6.6328384484e-01	
209	0.0	-4.6122157314e-03	-4.6122157314e-03	-3.1796326317e-02	-6.3788498327e-02	-6.3788498327e-02	-6.3788498327e-02	-6.3788498327e-02	-1.0582440811e-01	-1.0582440811e-01	-1.0582440811e-01	-1.0582440811e-01	-1.5336134676e-01	-1.5336134676e-01	-1.5336134676e-01	-1.9169412599e-01	-2.0269292208e-01	-2.0269292208e-01	-2.0269292208e-01	-2.4090113257e-01	-2.5141685250e-01	-2.5141685250e-01	-2.5141685250e-01	-2.5141685250e-01	-2.9716003222e-01	-2.9716003222e-01	-2.9716003222e-01	-3.2682039513e-01	-3.3726880821e-01	-3.3726880821e-01	-3.3726880821e-01	-3.6059705105e-01	-3.7119996714e-01	-3.7119996714e-01	-3.7119996714e-01	-3.8944900334e-01	-3.9865721169e-01	-3.9865721169e-01	-3.9865721169e-01	-4.1333182962e-01	-4.2772330356e-01	-4.2772330356e-01	-4.2772330356e-01	-4.5168556436e-01	-4.5168556436e-01	-4.5922685132e-01	-4.5922685132e-01	-4.5922685132e-01	-4.7814996636e-01	-4.7814996636e-01	-4.7814996636e-01	-4.8693660449e-01	-4.9562095732e-01	-4.9562095732e-01	-4.9562095732e-01	-5.0273907044e-01	-5.1016798461e-01	-5.1016798461e-01	-5.1016798461e-01	-5.2437248469e-01	-5.3615254911e-01	-5.3615254911e-01	-5.3615254911e-01	-5.3615254911e-01	-5.4284387306e-01	-5.4886422136e-01	-5.4886422136e-01	-5.4886422136e-01	-5.6119642691e-01	-5.6789270661e-01	-5.6789270661e-01	-5.6789270661e-01	-5.8002633562e-01	-5.8002633562e-01	-5.8002633562e-01	-5.8632836476e-01	-5.8632836476e-01	-5.9571175098e-01	-5.9571175098e-01	-6.0808173755e-01	-6.0808173755e-01	-6.1203377332e-01	-6.1203377332e-01	-6.1203377332e-01	-6.1804381230e-01	-6.2244731239e-01	-6.2244731239e-01	-6.3282113429e-01	-6.3282113429e-01	-6.3770954116e-01	-6.3770954116e-01	-6.3770954116e-01	-6.4533928041e-01	-6.4533928041e-01	-6.4601299274e-01	-6.5501423281e-01	-6.5501423281e-01	-6.5479022778e-01	-6.5479022778e-01	-6.5479022778e-01	-6.6327526661e-01	
210	0.0	-4.6137239062e-03	-4.6137239062e-03	-3.1797543219e-02	-6.3792063451e-02	-6.3792063451e-02	-6.3792063451e-02	-6.3792063451e-02	-1.0583087708e-01	-1.0583087708e-01	-1.0583087708e-01	-1.0583087708e-01	-1.5337077167e-01	-1.5337077167e-01	-1.5337077167e-01	-1.9170547775e-01	-2.0270480439e-01	-2.0270480439e-01	-2.0270480439e-01	-2.4091389689e-01	-2.5143004508e-01	-2.5143004508e-01	-2.5143004508e-01	-2.5143004508e-01	-2.9717249130e-01	-2.9717249130e-01	-2.9717249130e-01	-3.2682976045e-01	-3.3727850215e-01	-3.3727850215e-01	-3.3727850215e-01	-3.6060282856e-01	-3.7120597063e-01	-3.7120597063e-01	-3.7120597063e-01	-3.8945099509e-01	-3.9865932809e-01	-3.9865932809e-01	-3.9865932809e-01	-4.1333039479e-01	-4.2772192050e-01	-4.2772192050e-01	-4.2772192050e-01	-4.5167789426e-01	-4.5167789426e-01	-4.5921907550e-01	-4.5921907550e-01	-4.5921907550e-01	-4.7813972569e-01	-4.7813972569e-01	-4.7813972569e-01	-4.8692502367e-01	-4.9560907086e-01	-4.9560907086e-01	-4.9560907086e-01	-5.0272640720e-01	-5.1015496690e-01	-5.1015496690e-01	-5.1015496690e-01	-5.2435814192e-01	-5.3613761797e-01	-5.3613761797e-01	-5.3613761797e-01	-5.3613761797e-01	-5.4282878765e-01	-5.4884890578e-01	-5.4884890578e-01	-5.4884890578e-01	-5.6118144983e-01	-5.6787744349e-01	-5.6787744349e-01	-5.6787744349e-01	-5.8001099979e-01	-5.8001099979e-01	-5.8001099979e-01	-5.8631335343e-01	-5.8631335343e-01	-5.9569597344e-01	-5.9569597344e-01	-6.0806679037e-01	-6.0806679037e-01	-6.1201839784e-01	-6.1201839784e-01	-6.1201839784e-01	-6.1802888125e-01	-6.2243178534e-01	-6.2243178534e-01	-6.3280635029e-01	-6.3280635029e-01	-6.3769371701e-01	-6.3769371701e-01	-6.3769371701e-01	-6.4532404872e-01	-6.4532404872e-01	-6.4599703075e-01	-6.5499931076e-01	-6.5499931076e-01	-6.5477430540e-01	-6.5477430540e-01	-6.5477430540e-01	-6.6325976940e-01	
211	0.0	-4.6149671979e-03	-4.6149671979e-03	-3.1798574679e-02	-6.3794885474e-02	-6.3794885474e-02	-6.3794885474e-02	-6.3794885474e-02	-1.0583599866e-01	-1.0583599866e-01	-1.0583599866e-01	-1.0583599866e-01	-1.5337818577e-01	-1.5337818577e-01	-1.5337818577e-01	-1.9171425217e-01	-2.0271402519e-01	-2.0271402519e-01	-2.0271402519e-01	-2.4092348283e-01	-2.5143999064e-01	-2.5143999064e-01	-2.5143999064e-01	-2.5143999064e-01	-2.9718122720e-01	-2.9718122720e-01	-2.9718122720e-01	-3.2683509892e-01	-3.3728411746e-01	-3.3728411746e-01	-3.3728411746e-01	-3.6060430737e-01	-3.7120763258e-01	-3.7120763258e-01	-3.7120763258e-01	-3.8944847726e-01	-3.9865690437e-01	-3.9865690437e-01	-3.9865690437e-01	-4.1332427423e-01	-4.2771581259e-01	-4.2771581259e-01	-4.2771581259e-01	-4.5166528270e-01	-4.5166528270e-01	-4.5920635317e-01	-4.5920635317e-01	-4.5920635317e-01	-4.7812443700e-01	-4.7812443700e-01	-4.7812443700e-01	-4.8690830277e-01	-4.9559204140e-01	-4.9559204140e-01	-4.9559204140e-01	-5.0270851610e-01	-5.1013672158e-01	-5.1013672158e-01	-5.1013672158e-01	-5.2433840563e-01	-5.3611730330e-01	-5.3611730330e-01	-5.3611730330e-01	-5.3611730330e-01	-5.4280823640e-01	-5.4882813158e-01	-5.4882813158e-01	-5.4882813158e-01	-5.6116084647e-01	-5.6785656392e-01	-5.6785656392e-01	-5.6785656392e-01	-5.7998995651e-01	-5.7998995651e-01	-5.7998995651e-01	-5.8629251493e-01	-5.8629251493e-01	-5.9567440357e-01	-5.9567440357e-01	-6.0804579183e-01	-6.0804579183e-01	-6.1199699683e-01	-6.1199699683e-01	-6.1199699683e-01	-6.1800779534e-01	-6.2241014327e-01	-6.2241014327e-01	-6.3278525173e-01	-6.3278525173e-01	-6.3767165553e-01	-6.3767165553e-01	-6.3767165553e-01	-6.4530242776e-01	-6.4530242776e-01	-6.4597473514e-01	-6.5497787686e-01	-6.5497787686e-01	-6.5475195147e-01	-6.5475195147e-01	-6.5475195147e-01	-6.6323773672e-01	
212	0.0	-4.6159577388e-03	-4.6159577388e-03	-3.1799428095e-02	-6.3796999057e-02	-6.3796999057e-02	-6.3796999057e-02	-6.3796999057e-02	-1.0583983538e-01	-1.0583983538e-01	-1.0583983538e-01	-1.0583983538e-01	-1.5338368238e-01	-1.5338368238e-01	-1.5338368238e-01	-1.9172056899e-01	-2.0272070838e-01	-2.0272070838e-01	-2.0272070838e-01	-2.4093004037e-01	-2.5144684250e-01	-2.5144684250e-01	-2.5144684250e-01	-2.5144684250e-01	-2.9718642347e-01	-2.9718642347e-01	-2.9718642347e-01	-3.2683662280e-01	-3.3728586860e-01	-3.3728586860e-01	-3.3728586860e-01	-3.6060172728e-01	-3.7120519490e-01	-3.7120519490e-01	-3.7120519490e-01	-3.8944171160e-01	-3.9865020403e-01	-3.9865020403e-01	-3.9865020403e-01	-4.1331374439e-01	-4.2770525932e-01	-4.2770525932e-01	-4.2770525932e-01	-4.5164802168e-01	-4.5164802168e-01	-4.5918897744e-01	-4.5918897744e-01	-4.5918897744e-01	-4.7810438835e-01	-4.7810438835e-01	-4.7810438835e-01	-4.8688671214e-01	-4.9557014163e-01	-4.9557014163e-01	-4.9557014163e-01	-5.0268565029e-01	-5.1011350420e-01	-5.1011350420e-01	-5.1011350420e-01	-5.2431348071e-01	-5.3609181324e-01	-5.3609181324e-01	-5.3609181324e-01	-5.3609181324e-01	-5.4278239692e-01	-5.4880207724e-01	-5.4880207724e-01	-5.4880207724e-01	-5.6113473650e-01	-5.6783018855e-01	-5.6783018855e-01	-5.6783018855e-01	-5.7996329746e-01	-5.7996329746e-01	-5.7996329746e-01	-5.8626591143e-01	-5.8626591143e-01	-5.9564710613e-01	-5.9564710613e-01	-6.0801875996e-01	-6.0801875996e-01	-6.1196958928e-01	-6.1196958928e-01	-6.1196958928e-01	-6.1798055568e-01	-6.2238238854e-01	-6.2238238854e-01	-6.3275783165e-01	-6.3275783165e-01	-6.3764335165e-01	-6.3764335165e-01	-6.3764335165e-01	-6.4527440967e-01	-6.4527440967e-01	-6.4594609913e-01	-6.5494992302e-01	-6.5494992302e-01	-6.5472315915e-01	-6.5472315915e-01	-6.5472315915e-01	-6.6320916027e-01	
213	0.0	-4.6167133775e-03	-4.6167133775e-03	-3.1800108991e-02	-6.3798451667e-02	-6.3798451667e-02	-6.3798451667e-02	-6.3798451667e-02	-1.0584247531e-01	-1.0584247531e-01	-1.0584247531e-01	-1.0584247531e-01	-1.5338739814e-01	-1.5338739814e-01	-1.5338739814e-01	-1.9172461739e-01	-2.0272504395e-01	-2.0272504395e-01	-2.0272504395e-01	-2.4093381643e-01	-2.5145084764e-01	-2.5145084764e-01	-2.5145084764e-01	-2.5145084764e-01	-2.9718838874e-01	-2.9718838874e-01	-2.9718838874e-01	-3.2683470801e-01	-3.3728413059e-01	-3.3728413059e-01	-3.3728413059e-01	-3.6059553298e-01	-3.7119910124e-01	-3.7119910124e-01	-3.7119910124e-01	-3.8943121164e-01	-3.9863973958e-01	-3.9863973958e-01	-3.9863973958e-01	-4.1329938718e-01	-4.2769084117e-01	-4.2769084117e-01	-4.2769084117e-01	-4.5162682248e-01	-4.5162682248e-01	-4.5916765803e-01	-4.5916765803e-01	-4.5916765803e-01	-4.7808035721e-01	-4.7808035721e-01	-4.7808035721e-01	-4.8686110039e-01	-4.9554421915e-01	-4.9554421915e-01	-4.9554421915e-01	-5.0265872434e-01	-5.1008622871e-01	-5.1008622871e-01	-5.1008622871e-01	-5.2428443480e-01	-5.3606221351e-01	-5.3606221351e-01	-5.3606221351e-01	-5.3606221351e-01	-5.4275241312e-01	-5.4877188446e-01	-5.4877188446e-01	-5.4877188446e-01	-5.6110441755e-01	-5.6779961254e-01	-5.6779961254e-01	-5.6779961254e-01	-5.7993239866e-01	-5.7993239866e-01	-5.7993239866e-01	-5.8623500306e-01	-5.8623500306e-01	-5.9561553741e-01	-5.9561553741e-01	-6.0798728941e-01	-6.0798728941e-01	-6.1193776668e-01	-6.1193776668e-01	-6.1193776668e-01	-6.1794881091e-01	-6.2235016565e-01	-6.2235016565e-01	-6.3272580750e-01	-6.3272580750e-01	-6.3761051598e-01	-6.3761051598e-01	-6.3761051598e-01	-6.4524174816e-01	-6.4524174816e-01	-6.4591287142e-01	-6.5491723113e-01	-6.5491723113e-01	-6.5468970270e-01	-6.5468970270e-01	-6.5468970270e-01	-6.6317583810e-01	
214	0.0	-4.6172457377e-03	-4.6172457377e-03	-3.1800628383e-02	-6.3799282354e-02	-6.3799282354e-02	-6.3799282354e-02	-6.3799282354e-02	-1.0584398831e-01	-1.0584398831e-01	-1.0584398831e-01	-1.0584398831e-01	-1.5338943611e-01	-1.5338943611e-01	-1.5338943611e-01	-1.9172652700e-01	-2.0272716829e-01	-2.0272716829e-01	-2.0272716829e-01	-2.4093497518e-01	-2.5145217603e-01	-2.5145217603e-01	-2.5145217603e-01	-2.5145217603e-01	-2.9718732902e-01	-2.9718732902e-01	-2.9718732902e-01	-3.2682959417e-01	-3.3727914759e-01	-3.3727914759e-01	-3.3727914759e-01	-3.6058600151e-01	-3.7118963282e-01	-3.7118963282e-01	-3.7118963282e-01	-3.8941728992e-01	-3.9862582686e-01	-3.9862582686e-01	-3.9862582686e-01	-4.1328154749e-01	-4.2767290810e-01	-4.2767290810e-01	-4.2767290810e-01	-4.5160208729e-01	-4.5160208729e-01	-4.5914279914e-01	-4.5914279914e-01	-4.5914279914e-01	-4.7805277353e-01	-4.7805277353e-01	-4.7805277353e-01	-4.8683191758e-01	-4.9551472682e-01	-4.9551472682e-01	-4.9551472682e-01	-5.0262820504e-01	-5.1005536440e-01	-5.1005536440e-01	-5.1005536440e-01	-5.2425175231e-01	-5.3602899169e-01	-5.3602899169e-01	-5.3602899169e-01	-5.3602899169e-01	-5.4271877648e-01	-5.4873804550e-01	-5.4873804550e-01	-5.4873804550e-01	-5.6107036977e-01	-5.6776531675e-01	-5.6776531675e-01	-5.6776531675e-01	-5.7989773708e-01	-5.7989773708e-01	-5.7989773708e-01	-5.8620026647e-01	-5.8620026647e-01	-5.9558017481e-01	-5.9558017481e-01	-6.0795186377e-01	-6.0795186377e-01	-6.1190201195e-01	-6.1190201195e-01	-6.1190201195e-01	-6.1791304894e-01	-6.2231396101e-01	-6.2231396101e-01	-6.3268966735e-01	-6.3268966735e-01	-6.3757363308e-01	-6.3757363308e-01	-6.3757363308e-01	-6.4520493405e-01	-6.4520493405e-01	-6.4587553991e-01	-6.5488029784e-01	-6.5488029784e-01	-6.5465207451e-01	-6.5465207451e-01	-6.5465207451e-01	-6.6313826758e-01	
215	0.0	-4.6175770415e-03	-4.6175770415e-03	-3.1800986962e-02	-6.3799538126e-02	-6.3799538126e-02	-6.3799538126e-02	-6.3799538126e-02	-1.0584445989e-01	-1.0584445989e-01	-1.0584445989e-01	-1.0584445989e-01	-1.5338992523e-01	-1.5338992523e-01	-1.5338992523e-01	-1.9172647501e-01	-2.0272725464e-01	-2.0272725464e-01	-2.0272725464e-01	-2.4093373814e-01	-2.5145104449e-01	-2.5145104449e-01	-2.5145104449e-01	-2.5145104449e-01	-2.9718350457e-01	-2.9718350457e-01	-2.9718350457e-01	-3.2682158908e-01	-3.3727122189e-01	-3.3727122189e-01	-3.3727122189e-01	-3.6057347769e-01	-3.7117712873e-01	-3.7117712873e-01	-3.7117712873e-01	-3.8940032183e-01	-3.9860883620e-01	-3.9860883620e-01	-3.9860883620e-01	-4.1326062513e-01	-4.2765185192e-01	-4.2765185192e-01	-4.2765185192e-01	-4.5157424613e-01	-4.5157424613e-01	-4.5911482528e-01	-4.5911482528e-01	-4.5911482528e-01	-4.7802206730e-01	-4.7802206730e-01	-4.7802206730e-01	-4.8679959639e-01	-4.9548209189e-01	-4.9548209189e-01	-4.9548209189e-01	-5.0259451746e-01	-5.1002133185e-01	-5.1002133185e-01	-5.1002133185e-01	-5.2421584141e-01	-5.3599254777e-01	-5.3599254777e-01	-5.3599254777e-01	-5.3599254777e-01	-5.4268187941e-01	-5.4870094760e-01	-5.4870094760e-01	-5.4870094760e-01	-5.6103296181e-01	-5.6772766427e-01	-5.6772766427e-01	-5.6772766427e-01	-5.7985966691e-01	-5.7985966691e-01	-5.7985966691e-01	-5.8616205705e-01	-5.8616205705e-01	-5.9554136523e-01	-5.9554136523e-01	-6.0791283666e-01	-6.0791283666e-01	-6.1186267344e-01	-6.1186267344e-01	-6.1186267344e-01	-6.1787362326e-01	-6.2227412164e-01	-6.2227412164e-01	-6.3264976773e-01	-6.3264976773e-01	-6.3753304943e-01	-6.3753304943e-01	-6.3753304943e-01	-6.4516432135e-01	-6.4516432135e-01	-6.4583445312e-01	-6.5483948047e-01	-6.5483948047e-01	-6.5461062529e-01	-6.5461062529e-01	-6.5461062529e-01	-6.6309680394e-01	
216	0.0	-4.6177195244e-03	-4.6177195244e-03	-3.1801198708e-02	-6.3799263185e-02	-6.3799263185e-02	-6.3799263185e-02	-6.3799263185e-02	-1.0584396999e-01	-1.0584396999e-01	-1.0584396999e-01	-1.0584396999e-01	-1.5338898528e-01	-1.5338898528e-01	-1.5338898528e-01	-1.9172461300e-01	-2.0272546342e-01	-2.0272546342e-01	-2.0272546342e-01	-2.4093029751e-01	-2.5144765323e-01	-2.5144765323e-01	-2.5144765323e-01	-2.5144765323e-01	-2.9717715475e-01	-2.9717715475e-01	-2.9717715475e-01	-3.2681096279e-01	-3.3726063074e-01	-3.3726063074e-01	-3.3726063074e-01	-3.6055826622e-01	-3.7116190061e-01	-3.7116190061e-01	-3.7116190061e-01	-3.8938064257e-01	-3.9858910852e-01	-3.9858910852e-01	-3.9858910852e-01	-4.1323698036e-01	-4.2762804197e-01	-4.2762804197e-01	-4.2762804197e-01	-4.5154369777e-01	-4.5154369777e-01	-4.5908413979e-01	-4.5908413979e-01	-4.5908413979e-01	-4.7798865462e-01	-4.7798865462e-01	-4.7798865462e-01	-4.8676455449e-01	-4.9544673786e-01	-4.9544673786e-01	-4.9544673786e-01	-5.0255808536e-01	-5.0998456015e-01	-5.0998456015e-01	-5.0998456015e-01	-5.2417713313e-01	-5.3595332105e-01	-5.3595332105e-01	-5.3595332105e-01	-5.3595332105e-01	-5.4264215793e-01	-5.4866103120e-01	-5.4866103120e-01	-5.4866103120e-01	-5.6099266154e-01	-5.6768712798e-01	-5.6768712798e-01	-5.6768712798e-01	-5.7981868266e-01	-5.7981868266e-01	-5.7981868266e-01	-5.8612088877e-01	-5.8612088877e-01	-5.9549963089e-01	-5.9549963089e-01	-6.0787076586e-01	-6.0787076586e-01	-6.1182031336e-01	-6.1182031336e-01	-6.1182031336e-01	-6.1783111258e-01	-6.2223123135e-01	-6.2223123135e-01	-6.3260671164e-01	-6.3260671164e-01	-6.3748937509e-01	-6.3748937509e-01	-6.3748937509e-01	-6.4512053326e-01	-6.4512053326e-01	-6.4579023851e-01	-6.5479541845e-01	-6.5479541845e-01	-6.5456599949e-01	-6.5456599949e-01	-6.5456599949e-01	-6.6305210493e-01	
217	0.0	-4.6176894820e-03	-4.6176894820e-03	-3.1801276507e-02	-6.3798510788e-02	-6.3798510788e-02	-6.3798510788e-02	-6.3798510788e-02	-1.0584261631e-01	-1.0584261631e-01	-1.0584261631e-01	-1.0584261631e-01	-1.5338676567e-01	-1.5338676567e-01	-1.5338676567e-01	-1.9172113877e-01	-2.0272199925e-01	-2.0272199925e-01	-2.0272199925e-01	-2.4092490896e-01	-2.5144226407e-01	-2.5144226407e-01	-2.5144226407e-01	-2.5144226407e-01	-2.9716860058e-01	-2.9716860058e-01	-2.9716860058e-01	-3.2679809139e-01	-3.3724775580e-01	-3.3724775580e-01	-3.3724775580e-01	-3.6054080406e-01	-3.7114439086e-01	-3.7114439086e-01	-3.7114439086e-01	-3.8935874944e-01	-3.9856714574e-01	-3.9856714574e-01	-3.9856714574e-01	-4.1321117008e-01	-4.2760204239e-01	-4.2760204239e-01	-4.2760204239e-01	-4.5151111099e-01	-4.5151111099e-01	-4.5905141519e-01	-4.5905141519e-01	-4.5905141519e-01	-4.7795326914e-01	-4.7795326914e-01	-4.7795326914e-01	-4.8672758469e-01	-4.9540946265e-01	-4.9540946265e-01	-4.9540946265e-01	-5.0251976176e-01	-5.0994590719e-01	-5.0994590719e-01	-5.0994590719e-01	-5.2413661089e-01	-5.3591230245e-01	-5.3591230245e-01	-5.3591230245e-01	-5.3591230245e-01	-5.4260066241e-01	-5.4861935086e-01	-5.4861935086e-01	-5.4861935086e-01	-5.6095061619e-01	-5.6764485984e-01	-5.6764485984e-01	-5.6764485984e-01	-5.7977597506e-01	-5.7977597506e-01	-5.7977597506e-01	-5.8607796434e-01	-5.8607796434e-01	-5.9545618255e-01	-5.9545618255e-01	-6.0782686740e-01	-6.0782686740e-01	-6.1177615218e-01	-6.1177615218e-01	-6.1177615218e-01	-6.1778673581e-01	-6.2218651432e-01	-6.2218651432e-01	-6.3256171401e-01	-6.3256171401e-01	-6.3744383234e-01	-6.3744383234e-01	-6.3744383234e-01	-6.4507478696e-01	-6.4507478696e-01	-6.4574411797e-01	-6.5474933025e-01	-6.5474933025e-01	-6.5451942149e-01	-6.5451942149e-01	-6.5451942149e-01	-6.6300539400e-01	
218	0.0	-4.6175023419e-03	-4.6175023419e-03	-3.1801228745e-02	-6.3797322170e-02	-6.3797322170e-02	-6.3797322170e-02	-6.3797322170e-02	-1.0584047207e-01	-1.0584047207e-01	-1.0584047207e-01	-1.0584047207e-01	-1.5338337277e-01	-1.5338337277e-01	-1.5338337277e-01	-1.9171618587e-01	-2.0271699946e-01	-2.0271699946e-01	-2.0271699946e-01	-2.4091773457e-01	-2.5143504183e-01	-2.5143504183e-01	-2.5143504183e-01	-2.5143504183e-01	-2.9715803137e-01	-2.9715803137e-01	-2.9715803137e-01	-3.2678318298e-01	-3.3723280664e-01	-3.3723280664e-01	-3.3723280664e-01	-3.6052131353e-01	-3.7112482277e-01	-3.7112482277e-01	-3.7112482277e-01	-3.8933487292e-01	-3.9854317884e-01	-3.9854317884e-01	-3.9854317884e-01	-4.1318342708e-01	-4.2757408656e-01	-4.2757408656e-01	-4.2757408656e-01	-4.5147671068e-01	-4.5147671068e-01	-4.5901687544e-01	-4.5901687544e-01	-4.5901687544e-01	-4.7791612066e-01	-4.7791612066e-01	-4.7791612066e-01	-4.8668887537e-01	-4.9537045386e-01	-4.9537045386e-01	-4.9537045386e-01	-5.0247970845e-01	-5.0990553409e-01	-5.0990553409e-01	-5.0990553409e-01	-5.2409436014e-01	-5.3586957549e-01	-5.3586957549e-01	-5.3586957549e-01	-5.3586957549e-01	-5.4255743638e-01	-5.4857594839e-01	-5.4857594839e-01	-5.4857594839e-01	-5.6090674722e-01	-5.6760077936e-01	-5.6760077936e-01	-5.6760077936e-01	-5.7973140333e-01	-5.7973140333e-01	-5.7973140333e-01	-5.8603310179e-01	-5.8603310179e-01	-5.9541083481e-01	-5.9541083481e-01	-6.0778091969e-01	-6.0778091969e-01	-6.1172996591e-01	-6.1172996591e-01	-6.1172996591e-01	-6.1774025904e-01	-6.2213973351e-01	-6.2213973351e-01	-6.3251453370e-01	-6.3251453370e-01	-6.3739617481e-01	-6.3739617481e-01	-6.3739617481e-01	-6.4502683698e-01	-6.4502683698e-01	-6.4569584264e-01	-6.5470097384e-01	-6.5470097384e-01	-6.5447064438e-01	-6.5447064438e-01	-6.5447064438e-01	-6.6295642821e-01	
219	0.0	-4.6171717553e-03	-4.6171717553e-03	-3.1801066523e-02	-6.3795738640e-02	-6.3795738640e-02	-6.3795738640e-02	-6.3795738640e-02	-1.0583761259e-01	-1.0583761259e-01	-1.0583761259e-01	-1.0583761259e-01	-1.5337891999e-01	-1.5337891999e-01	-1.5337891999e-01	-1.9170989977e-01	-2.0271061545e-01	-2.0271061545e-01	-2.0271061545e-01	-2.4090895602e-01	-2.5142617317e-01	-2.5142617317e-01	-2.5142617317e-01	-2.5142617317e-01	-2.9714566534e-01	-2.9714566534e-01	-2.9714566534e-01	-3.2676647908e-01	-3.3721602867e-01	-3.3721602867e-01	-3.3721602867e-01	-3.6050005836e-01	-3.7110346363e-01	-3.7110346363e-01	-3.7110346363e-01	-3.8930929384e-01	-3.9851749140e-01	-3.9851749140e-01	-3.9851749140e-01	-4.1315404417e-01	-4.2754447138e-01	-4.2754447138e-01	-4.2754447138e-01	-4.5144080321e-01	-4.5144080321e-01	-4.5898082841e-01	-4.5898082841e-01	-4.5898082841e-01	-4.7787751599e-01	-4.7787751599e-01	-4.7787751599e-01	-4.8664872439e-01	-4.9533001142e-01	-4.9533001142e-01	-4.9533001142e-01	-5.0243821713e-01	-5.0986373439e-01	-5.0986373439e-01	-5.0986373439e-01	-5.2405066250e-01	-5.3582542405e-01	-5.3582542405e-01	-5.3582542405e-01	-5.3582542405e-01	-5.4251275868e-01	-5.4853110350e-01	-5.4853110350e-01	-5.4853110350e-01	-5.6086135151e-01	-5.6755518422e-01	-5.6755518422e-01	-5.6755518422e-01	-5.7968527986e-01	-5.7968527986e-01	-5.7968527986e-01	-5.8598663220e-01	-5.8598663220e-01	-5.9536391933e-01	-5.9536391933e-01	-6.0773329582e-01	-6.0773329582e-01	-6.1168212734e-01	-6.1168212734e-01	-6.1168212734e-01	-6.1769207559e-01	-6.2209128130e-01	-6.2209128130e-01	-6.3246559839e-01	-6.3246559839e-01	-6.3734682756e-01	-6.3734682756e-01	-6.3734682756e-01	-6.4497713180e-01	-6.4497713180e-01	-6.4564585856e-01	-6.5465081915e-01	-6.5465081915e-01	-6.5442013374e-01	-6.5442013374e-01	-6.5442013374e-01	-6.6290569218e-01	
220	0.0	-4.6167106329e-03	-4.6167106329e-03	-3.1800802448e-02	-6.3793802875e-02	-6.3793802875e-02	-6.3793802875e-02	-6.3793802875e-02	-1.0583411564e-01	-1.0583411564e-01	-1.0583411564e-01	-1.0583411564e-01	-1.5337352466e-01	-1.5337352466e-01	-1.5337352466e-01	-1.9170243088e-01	-2.0270300471e-01	-2.0270300471e-01	-2.0270300471e-01	-2.4089876283e-01	-2.5141585387e-01	-2.5141585387e-01	-2.5141585387e-01	-2.5141585387e-01	-2.9713173324e-01	-2.9713173324e-01	-2.9713173324e-01	-3.2674823620e-01	-3.3719768377e-01	-3.3719768377e-01	-3.3719768377e-01	-3.6047732257e-01	-3.7108060246e-01	-3.7108060246e-01	-3.7108060246e-01	-3.8928232032e-01	-3.9849039561e-01	-3.9849039561e-01	-3.9849039561e-01	-4.1312335047e-01	-4.2751353209e-01	-4.2751353209e-01	-4.2751353209e-01	-4.5140375314e-01	-4.5140375314e-01	-4.5894364124e-01	-4.5894364124e-01	-4.5894364124e-01	-4.7783783715e-01	-4.7783783715e-01	-4.7783783715e-01	-4.8660752391e-01	-4.9528853057e-01	-4.9528853057e-01	-4.9528853057e-01	-5.0239569239e-01	-5.0982091535e-01	-5.0982091535e-01	-5.0982091535e-01	-5.2400594501e-01	-5.3578027871e-01	-5.3578027871e-01	-5.3578027871e-01	-5.3578027871e-01	-5.4246706754e-01	-5.4848525594e-01	-5.4848525594e-01	-5.4848525594e-01	-5.6081490081e-01	-5.6750854771e-01	-5.6750854771e-01	-5.6750854771e-01	-5.7963809725e-01	-5.7963809725e-01	-5.7963809725e-01	-5.8593906407e-01	-5.8593906407e-01	-5.9531594572e-01	-5.9531594572e-01	-6.0768452822e-01	-6.0768452822e-01	-6.1163316869e-01	-6.1163316869e-01	-6.1163316869e-01	-6.1764272737e-01	-6.2204169845e-01	-6.2204169845e-01	-6.3241546290e-01	-6.3241546290e-01	-6.3729634190e-01	-6.3729634190e-01	-6.3729634190e-01	-6.4492623397e-01	-6.4492623397e-01	-6.4559472494e-01	-6.5459944122e-01	-6.5459944122e-01	-6.5436845917e-01	-6.5436845917e-01	-6.5436845917e-01	-6.6285376670e-01	
221	0.0	-4.6161354239e-03	-4.6161354239e-03	-3.1800445580e-02	-6.3791561517e-02	-6.3791561517e-02	-6.3791561517e-02	-6.3791561517e-02	-1.0583006665e-01	-1.0583006665e-01	-1.0583006665e-01	-1.0583006665e-01	-1.5336731662e-01	-1.5336731662e-01	-1.5336731662e-01	-1.9169395199e-01	-2.0269434354e-01	-2.0269434354e-01	-2.0269434354e-01	-2.4088737490e-01	-2.5140430664e-01	-2.5140430664e-01	-2.5140430664e-01	-2.5140430664e-01	-2.9711650275e-01	-2.9711650275e-01	-2.9711650275e-01	-3.2672876238e-01	-3.3717808220e-01	-3.3717808220e-01	-3.3717808220e-01	-3.6045345481e-01	-3.7105658984e-01	-3.7105658984e-01	-3.7105658984e-01	-3.8925433996e-01	-3.9846228055e-01	-3.9846228055e-01	-3.9846228055e-01	-4.1309177182e-01	-4.2748169662e-01	-4.2748169662e-01	-4.2748169662e-01	-4.5136605616e-01	-4.5136605616e-01	-4.5890581002e-01	-4.5890581002e-01	-4.5890581002e-01	-4.7779761790e-01	-4.7779761790e-01	-4.7779761790e-01	-4.8656584681e-01	-4.9524658495e-01	-4.9524658495e-01	-4.9524658495e-01	-5.0235274384e-01	-5.0977768732e-01	-5.0977768732e-01	-5.0977768732e-01	-5.2396089710e-01	-5.3573482966e-01	-5.3573482966e-01	-5.3573482966e-01	-5.3573482966e-01	-5.4242109165e-01	-5.4843913484e-01	-5.4843913484e-01	-5.4843913484e-01	-5.6076819070e-01	-5.6746166595e-01	-5.6746166595e-01	-5.6746166595e-01	-5.7959069051e-01	-5.7959069051e-01	-5.7959069051e-01	-5.8589127028e-01	-5.8589127028e-01	-5.9526778743e-01	-5.9526778743e-01	-6.0763551592e-01	-6.0763551592e-01	-6.1158398922e-01	-6.1158398922e-01	-6.1158398922e-01	-6.1759312007e-01	-6.2199189057e-01	-6.2199189057e-01	-6.3236503266e-01	-6.3236503266e-01	-6.3724562220e-01	-6.3724562220e-01	-6.3724562220e-01	-6.4487504455e-01	-6.4487504455e-01	-6.4554334262e-01	-6.5454773250e-01	-6.5454773250e-01	-6.5431651329e-01	-6.5431651329e-01	-6.5431651329e-01	-6.6280153322e-01	
222	0.0	-4.6154607021e-03	-4.6154607021e-03	-3.1800005732e-02	-6.3789057382e-02	-6.3789057382e-02	-6.3789057382e-02	-6.3789057382e-02	-1.0582554290e-01	-1.0582554290e-01	-1.0582554290e-01	-1.0582554290e-01	-1.5336041089e-01	-1.5336041089e-01	-1.5336041089e-01	-1.9168461149e-01	-2.0268478478e-01	-2.0268478478e-01	-2.0268478478e-01	-2.4087497762e-01	-2.5139172059e-01	-2.5139172059e-01	-2.5139172059e-01	-2.5139172059e-01	-2.9710019662e-01	-2.9710019662e-01	-2.9710019662e-01	-3.2670830728e-01	-3.3715747651e-01	-3.3715747651e-01	-3.3715747651e-01	-3.6042873066e-01	-3.7103170384e-01	-3.7103170384e-01	-3.7103170384e-01	-3.8922565101e-01	-3.9843344627e-01	-3.9843344627e-01	-3.9843344627e-01	-4.1305962671e-01	-4.2744928596e-01	-4.2744928596e-01	-4.2744928596e-01	-4.5132806291e-01	-4.5132806291e-01	-4.5886768587e-01	-4.5886768587e-01	-4.5886768587e-01	-4.7775722416e-01	-4.7775722416e-01	-4.7775722416e-01	-4.8652407223e-01	-4.9520455439e-01	-4.9520455439e-01	-4.9520455439e-01	-5.0230976166e-01	-5.0973444108e-01	-5.0973444108e-01	-5.0973444108e-01	-5.2391593087e-01	-5.3568948937e-01	-5.3568948937e-01	-5.3568948937e-01	-5.3568948937e-01	-5.4237525408e-01	-5.4839316329e-01	-5.4839316329e-01	-5.4839316329e-01	-5.6072163429e-01	-5.6741495202e-01	-5.6741495202e-01	-5.6741495202e-01	-5.7954346651e-01	-5.7954346651e-01	-5.7954346651e-01	-5.8584364946e-01	-5.8584364946e-01	-5.9521984247e-01	-5.9521984247e-01	-6.0758664590e-01	-6.0758664590e-01	-6.1153497536e-01	-6.1153497536e-01	-6.1153497536e-01	-6.1754363481e-01	-6.2194223780e-01	-6.2194223780e-01	-6.3231467450e-01	-6.3231467450e-01	-6.3719503324e-01	-6.3719503324e-01	-6.3719503324e-01	-6.4482392051e-01	-6.4482392051e-01	-6.4549206725e-01	-6.5449604065e-01	-6.5449604065e-01	-6.5426464183e-01	-6.5426464183e-01	-6.5426464183e-01	-6.6274932702e-01	
223	0.0	-4.6146987001e-03	-4.6146987001e-03	-3.1799493206e-02	-6.3786327777e-02	-6.3786327777e-02	-6.3786327777e-02	-6.3786327777e-02	-1.0582061186e-01	-1.0582061186e-01	-1.0582061186e-01	-1.0582061186e-01	-1.5335290766e-01	-1.5335290766e-01	-1.5335290766e-01	-1.9167453591e-01	-2.0267446048e-01	-2.0267446048e-01	-2.0267446048e-01	-2.4086172712e-01	-2.5137825654e-01	-2.5137825654e-01	-2.5137825654e-01	-2.5137825654e-01	-2.9708300010e-01	-2.9708300010e-01	-2.9708300010e-01	-3.2668707140e-01	-3.3713607096e-01	-3.3713607096e-01	-3.3713607096e-01	-3.6040336427e-01	-3.7100616194e-01	-3.7100616194e-01	-3.7100616194e-01	-3.8919647670e-01	-3.9840411860e-01	-3.9840411860e-01	-3.9840411860e-01	-4.1302714355e-01	-4.2741653230e-01	-4.2741653230e-01	-4.2741653230e-01	-4.5129000438e-01	-4.5129000438e-01	-4.5882950116e-01	-4.5882950116e-01	-4.5882950116e-01	-4.7771688468e-01	-4.7771688468e-01	-4.7771688468e-01	-4.8648241976e-01	-4.9516266021e-01	-4.9516266021e-01	-4.9516266021e-01	-5.0226695673e-01	-5.0969138902e-01	-5.0969138902e-01	-5.0969138902e-01	-5.2387123042e-01	-5.3564444399e-01	-5.3564444399e-01	-5.3564444399e-01	-5.3564444399e-01	-5.4232972655e-01	-5.4834751416e-01	-5.4834751416e-01	-5.4834751416e-01	-5.6067536377e-01	-5.6736853944e-01	-5.6736853944e-01	-5.6736853944e-01	-5.7949654204e-01	-5.7949654204e-01	-5.7949654204e-01	-5.8579631260e-01	-5.8579631260e-01	-5.9517222341e-01	-5.9517222341e-01	-6.0753795555e-01	-6.0753795555e-01	-6.1148616538e-01	-6.1148616538e-01	-6.1148616538e-01	-6.1749428450e-01	-6.2189275391e-01	-6.2189275391e-01	-6.3226437655e-01	-6.3226437655e-01	-6.3714456382e-01	-6.3714456382e-01	-6.3714456382e-01	-6.4477283645e-01	-6.4477283645e-01	-6.4544087400e-01	-6.5444433213e-01	-6.5444433213e-01	-6.5421281187e-01	-6.5421281187e-01	-6.5421281187e-01	-6.6269710847e-01	
224	0.0	-4.6138621805e-03	-4.6138621805e-03	-3.1798913715e-02	-6.3783403500e-02	-6.3783403500e-02	-6.3783403500e-02	-6.3783403500e-02	-1.0581532915e-01	-1.0581532915e-01	-1.0581532915e-01	-1.0581532915e-01	-1.5334488898e-01	-1.5334488898e-01	-1.5334488898e-01	-1.9166383040e-01	-2.0266347724e-01	-2.0266347724e-01	-2.0266347724e-01	-2.4084774968e-01	-2.5136404130e-01	-2.5136404130e-01	-2.5136404130e-01	-2.5136404130e-01	-2.9706505398e-01	-2.9706505398e-01	-2.9706505398e-01	-3.2666520296e-01	-3.3711401315e-01	-3.3711401315e-01	-3.3711401315e-01	-3.6037750451e-01	-3.7098011178e-01	-3.7098011178e-01	-3.7098011178e-01	-3.8916696108e-01	-3.9837444011e-01	-3.9837444011e-01	-3.9837444011e-01	-4.1299445778e-01	-4.2738356813e-01	-4.2738356813e-01	-4.2738356813e-01	-4.5125199258e-01	-4.5125199258e-01	-4.5879136500e-01	-4.5879136500e-01	-4.5879136500e-01	-4.7767668830e-01	-4.7767668830e-01	-4.7767668830e-01	-4.8644095644e-01	-4.9512096581e-01	-4.9512096581e-01	-4.9512096581e-01	-5.0222437195e-01	-5.0964857060e-01	-5.0964857060e-01	-5.0964857060e-01	-5.2382678586e-01	-5.3559967717e-01	-5.3559967717e-01	-5.3559967717e-01	-5.3559967717e-01	-5.4228446734e-01	-5.4830214151e-01	-5.4830214151e-01	-5.4830214151e-01	-5.6062930359e-01	-5.6732234769e-01	-5.6732234769e-01	-5.6732234769e-01	-5.7944980932e-01	-5.7944980932e-01	-5.7944980932e-01	-5.8574911777e-01	-5.8574911777e-01	-5.9512477906e-01	-5.9512477906e-01	-6.0748936531e-01	-6.0748936531e-01	-6.1143747378e-01	-6.1143747378e-01	-6.1143747378e-01	-6.1744501407e-01	-6.2184337605e-01	-6.2184337605e-01	-6.3221412097e-01	-6.3221412097e-01	-6.3709418352e-01	-6.3709418352e-01	-6.3709418352e-01	-6.4472179052e-01	-6.4472179052e-01	-6.4538975237e-01	-6.5439262532e-01	-6.5439262532e-01	-6.5416102933e-01	-6.5416102933e-01	-6.5416102933e-01	-6.6264490397e-01	
225	0.0	-4.6129601903e-03	-4.6129601903e-03	-3.1798278069e-02	-6.3780315847e-02	-6.3780315847e-02	-6.3780315847e-02	-6.3780315847e-02	-1.0580975224e-01	-1.0580975224e-01	-1.0580975224e-01	-1.0580975224e-01	-1.5333644184e-01	-1.5333644184e-01	-1.5333644184e-01	-1.9165260553e-01	-2.0265195161e-01	-2.0265195161e-01	-2.0265195161e-01	-2.4083318352e-01	-2.5134921833e-01	-2.5134921833e-01	-2.5134921833e-01	-2.5134921833e-01	-2.9704652357e-01	-2.9704652357e-01	-2.9704652357e-01	-3.2664287900e-01	-3.3709148463e-01	-3.3709148463e-01	-3.3709148463e-01	-3.6035134083e-01	-3.7095374695e-01	-3.7095374695e-01	-3.7095374695e-01	-3.8913730322e-01	-3.9834461316e-01	-3.9834461316e-01	-3.9834461316e-01	-4.1296177634e-01	-4.2735060508e-01	-4.2735060508e-01	-4.2735060508e-01	-4.5121424834e-01	-4.5121424834e-01	-4.5875350016e-01	-4.5875350016e-01	-4.5875350016e-01	-4.7763686329e-01	-4.7763686329e-01	-4.7763686329e-01	-4.8639991387e-01	-4.9507970493e-01	-4.9507970493e-01	-4.9507970493e-01	-5.0218224575e-01	-5.0960622596e-01	-5.0960622596e-01	-5.0960622596e-01	-5.2378285058e-01	-5.3555544451e-01	-5.3555544451e-01	-5.3555544451e-01	-5.3555544451e-01	-5.4223973855e-01	-5.4825730856e-01	-5.4825730856e-01	-5.4825730856e-01	-5.6058374868e-01	-5.6727667285e-01	-5.6727667285e-01	-5.6727667285e-01	-5.7940358258e-01	-5.7940358258e-01	-5.7940358258e-01	-5.8570239523e-01	-5.8570239523e-01	-5.9507784011e-01	-5.9507784011e-01	-6.0744124351e-01	-6.0744124351e-01	-6.1138926865e-01	-6.1138926865e-01	-6.1138926865e-01	-6.1739620541e-01	-6.2179448510e-01	-6.2179448510e-01	-6.3216430403e-01	-6.3216430403e-01	-6.3704428557e-01	-6.3704428557e-01	-6.3704428557e-01	-6.4467118774e-01	-6.4467118774e-01	-6.4533910481e-01	-6.5434133599e-01	-6.5434133599e-01	-6.5410970610e-01	-6.5410970610e-01	-6.5410970610e-01	-6.6259313542e-01	
226	0.0	-4.6120026848e-03	-4.6120026848e-03	-3.1797595012e-02	-6.3777095925e-02	-6.3777095925e-02	-6.3777095925e-02	-6.3777095925e-02	-1.0580393782e-01	-1.0580393782e-01	-1.0580393782e-01	-1.0580393782e-01	-1.5332765158e-01	-1.5332765158e-01	-1.5332765158e-01	-1.9164097145e-01	-2.0263999786e-01	-2.0263999786e-01	-2.0263999786e-01	-2.4081816645e-01	-2.5133392907e-01	-2.5133392907e-01	-2.5133392907e-01	-2.5133392907e-01	-2.9702757345e-01	-2.9702757345e-01	-2.9702757345e-01	-3.2662027931e-01	-3.3706866834e-01	-3.3706866834e-01	-3.3706866834e-01	-3.6032506841e-01	-3.7092726546e-01	-3.7092726546e-01	-3.7092726546e-01	-3.8910771198e-01	-3.9831484878e-01	-3.9831484878e-01	-3.9831484878e-01	-4.1292932127e-01	-4.2731786823e-01	-4.2731786823e-01	-4.2731786823e-01	-4.5117701865e-01	-4.5117701865e-01	-4.5871615470e-01	-4.5871615470e-01	-4.5871615470e-01	-4.7759767179e-01	-4.7759767179e-01	-4.7759767179e-01	-4.8635956921e-01	-4.9503915579e-01	-4.9503915579e-01	-4.9503915579e-01	-5.0214087103e-01	-5.0956464880e-01	-5.0956464880e-01	-5.0956464880e-01	-5.2373974810e-01	-5.3551207049e-01	-5.3551207049e-01	-5.3551207049e-01	-5.3551207049e-01	-5.4219587927e-01	-5.4821335505e-01	-5.4821335505e-01	-5.4821335505e-01	-5.6053907188e-01	-5.6723188841e-01	-5.6723188841e-01	-5.6723188841e-01	-5.7935825737e-01	-5.7935825737e-01	-5.7935825737e-01	-5.8565656794e-01	-5.8565656794e-01	-5.9503182953e-01	-5.9503182953e-01	-6.0739402032e-01	-6.0739402032e-01	-6.1134197997e-01	-6.1134197997e-01	-6.1134197997e-01	-6.1734829274e-01	-6.2174651458e-01	-6.2174651458e-01	-6.3211536449e-01	-6.3211536449e-01	-6.3699530668e-01	-6.3699530668e-01	-6.3699530668e-01	-6.4462146910e-01	-6.4462146910e-01	-6.4528937083e-01	-6.5429090954e-01	-6.5429090954e-01	-6.5405928563e-01	-6.5405928563e-01	-6.5405928563e-01	-6.6254225023e-01	
227	0.0	-4.6110008547e-03	-4.6110008547e-03	-3.1796868971e-02	-6.3773771031e-02	-6.3773771031e-02	-6.3773771031e-02	-6.3773771031e-02	-1.0579793537e-01	-1.0579793537e-01	-1.0579793537e-01	-1.0579793537e-01	-1.5331859165e-01	-1.5331859165e-01	-1.5331859165e-01	-1.9162902422e-01	-2.0262771265e-01	-2.0262771265e-01	-2.0262771265e-01	-2.4080281560e-01	-2.5131829064e-01	-2.5131829064e-01	-2.5131829064e-01	-2.5131829064e-01	-2.9700833639e-01	-2.9700833639e-01	-2.9700833639e-01	-3.2659754685e-01	-3.3704570671e-01	-3.3704570671e-01	-3.3704570671e-01	-3.6029883523e-01	-3.7090081431e-01	-3.7090081431e-01	-3.7090081431e-01	-3.8907833699e-01	-3.9828529548e-01	-3.9828529548e-01	-3.9828529548e-01	-4.1289724228e-01	-4.2728550503e-01	-4.2728550503e-01	-4.2728550503e-01	-4.5114044924e-01	-4.5114044924e-01	-4.5867947219e-01	-4.5867947219e-01	-4.5867947219e-01	-4.7755925301e-01	-4.7755925301e-01	-4.7755925301e-01	-4.8632005919e-01	-4.9499945243e-01	-4.9499945243e-01	-4.9499945243e-01	-5.0210037855e-01	-5.0952396735e-01	-5.0952396735e-01	-5.0952396735e-01	-5.2369759424e-01	-5.3546966628e-01	-5.3546966628e-01	-5.3546966628e-01	-5.3546966628e-01	-5.4215299369e-01	-5.4817038245e-01	-5.4817038245e-01	-5.4817038245e-01	-5.6049535995e-01	-5.6718807806e-01	-5.6718807806e-01	-5.6718807806e-01	-5.7931390877e-01	-5.7931390877e-01	-5.7931390877e-01	-5.8561170853e-01	-5.8561170853e-01	-5.9498681415e-01	-5.9498681415e-01	-6.0734777045e-01	-6.0734777045e-01	-6.1129567904e-01	-6.1129567904e-01	-6.1129567904e-01	-6.1730135446e-01	-6.2169953840e-01	-6.2169953840e-01	-6.3206738881e-01	-6.3206738881e-01	-6.3694732600e-01	-6.3694732600e-01	-6.3694732600e-01	-6.4457272356e-01	-6.4457272356e-01	-6.4524063487e-01	-6.5424144254e-01	-6.5424144254e-01	-6.5400985858e-01	-6.5400985858e-01	-6.5400985858e-01	-6.6249234690e-01	
228	0.0	-4.6099633063e-03	-4.6099633063e-03	-3.1796106023e-02	-6.3770365188e-02	-6.3770365188e-02	-6.3770365188e-02	-6.3770365188e-02	-1.0579178848e-01	-1.0579178848e-01	-1.0579178848e-01	-1.0579178848e-01	-1.5330932691e-01	-1.5330932691e-01	-1.5330932691e-01	-1.9161684682e-01	-2.0261518132e-01	-2.0261518132e-01	-2.0261518132e-01	-2.4078723209e-01	-2.5130240606e-01	-2.5130240606e-01	-2.5130240606e-01	-2.5130240606e-01	-2.9698892804e-01	-2.9698892804e-01	-2.9698892804e-01	-3.2657480257e-01	-3.3702272203e-01	-3.3702272203e-01	-3.3702272203e-01	-3.6027276463e-01	-3.7087451779e-01	-3.7087451779e-01	-3.7087451779e-01	-3.8904930093e-01	-3.9825607646e-01	-3.9825607646e-01	-3.9825607646e-01	-4.1286565985e-01	-4.2725363626e-01	-4.2725363626e-01	-4.2725363626e-01	-4.5110465364e-01	-4.5110465364e-01	-4.5864356560e-01	-4.5864356560e-01	-4.5864356560e-01	-4.7752171424e-01	-4.7752171424e-01	-4.7752171424e-01	-4.8628148561e-01	-4.9496069574e-01	-4.9496069574e-01	-4.9496069574e-01	-5.0206086489e-01	-5.0948427717e-01	-5.0948427717e-01	-5.0948427717e-01	-5.2365647892e-01	-5.3542831978e-01	-5.3542831978e-01	-5.3542831978e-01	-5.3542831978e-01	-5.4211116780e-01	-5.4812847566e-01	-5.4812847566e-01	-5.4812847566e-01	-5.6045269906e-01	-5.6714532667e-01	-5.6714532667e-01	-5.6714532667e-01	-5.7927062281e-01	-5.7927062281e-01	-5.7927062281e-01	-5.8556790797e-01	-5.8556790797e-01	-5.9494288173e-01	-5.9494288173e-01	-6.0730259811e-01	-6.0730259811e-01	-6.1125046809e-01	-6.1125046809e-01	-6.1125046809e-01	-6.1725550317e-01	-6.2165366645e-01	-6.2165366645e-01	-6.3202050371e-01	-6.3202050371e-01	-6.3690046552e-01	-6.3690046552e-01	-6.3690046552e-01	-6.4452508554e-01	-6.4452508554e-01	-6.4519302823e-01	-6.5419308015e-01	-6.5419308015e-01	-6.5396156580e-01	-6.5396156580e-01	-6.5396156580e-01	-6.6244357599e-01	
229	0.0	-4.6088973275e-03	-4.6088973275e-03	-3.1795312673e-02	-6.3766900427e-02	-6.3766900427e-02	-6.3766900427e-02	-6.3766900427e-02	-1.0578553718e-01	-1.0578553718e-01	-1.0578553718e-01	-1.0578553718e-01	-1.5329991699e-01	-1.5329991699e-01	-1.5329991699e-01	-1.9160451496e-01	-2.0260248248e-01	-2.0260248248e-01	-2.0260248248e-01	-2.4077150851e-01	-2.5128637032e-01	-2.5128637032e-01	-2.5128637032e-01	-2.5128637032e-01	-2.9696945481e-01	-2.9696945481e-01	-2.9696945481e-01	-3.2655215667e-01	-3.3699982646e-01	-3.3699982646e-01	-3.3699982646e-01	-3.6024696872e-01	-3.7084848957e-01	-3.7084848957e-01	-3.7084848957e-01	-3.8902071535e-01	-3.9822730434e-01	-3.9822730434e-01	-3.9822730434e-01	-4.1283468392e-01	-4.2722237308e-01	-4.2722237308e-01	-4.2722237308e-01	-4.5106973768e-01	-4.5106973768e-01	-4.5860854078e-01	-4.5860854078e-01	-4.5860854078e-01	-4.7748515832e-01	-4.7748515832e-01	-4.7748515832e-01	-4.8624394903e-01	-4.9492298591e-01	-4.9492298591e-01	-4.9492298591e-01	-5.0202242909e-01	-5.0944567674e-01	-5.0944567674e-01	-5.0944567674e-01	-5.2361650170e-01	-5.3538812922e-01	-5.3538812922e-01	-5.3538812922e-01	-5.3538812922e-01	-5.4207050121e-01	-5.4808773344e-01	-5.4808773344e-01	-5.4808773344e-01	-5.6041119236e-01	-5.6710373630e-01	-5.6710373630e-01	-5.6710373630e-01	-5.7922850371e-01	-5.7922850371e-01	-5.7922850371e-01	-5.8552527514e-01	-5.8552527514e-01	-5.9490013809e-01	-5.9490013809e-01	-6.0725862280e-01	-6.0725862280e-01	-6.1120646455e-01	-6.1120646455e-01	-6.1120646455e-01	-6.1721086468e-01	-6.2160902156e-01	-6.2160902156e-01	-6.3197484567e-01	-6.3197484567e-01	-6.3685485640e-01	-6.3685485640e-01	-6.3685485640e-01	-6.4447869679e-01	-6.4447869679e-01	-6.4514668894e-01	-6.5414597202e-01	-6.5414597202e-01	-6.5391455188e-01	-6.5391455188e-01	-6.5391455188e-01	-6.6239608854e-01	
230	0.0	-4.6078095840e-03	-4.6078095840e-03	-3.1794494615e-02	-6.3763396441e-02	-6.3763396441e-02	-6.3763396441e-02	-6.3763396441e-02	-1.0577921720e-01	-1.0577921720e-01	-1.0577921720e-01	-1.0577921720e-01	-1.5329041512e-01	-1.5329041512e-01	-1.5329041512e-01	-1.9159209627e-01	-2.0258968625e-01	-2.0258968625e-01	-2.0258968625e-01	-2.4075572728e-01	-2.5127026800e-01	-2.5127026800e-01	-2.5127026800e-01	-2.5127026800e-01	-2.9695001109e-01	-2.9695001109e-01	-2.9695001109e-01	-3.2652970606e-01	-3.3697711877e-01	-3.3697711877e-01	-3.3697711877e-01	-3.6022154540e-01	-3.7082282914e-01	-3.7082282914e-01	-3.7082282914e-01	-3.8899267716e-01	-3.9819907721e-01	-3.9819907721e-01	-3.9819907721e-01	-4.1280440992e-01	-4.2719181240e-01	-4.2719181240e-01	-4.2719181240e-01	-4.5103579381e-01	-4.5103579381e-01	-4.5857449055e-01	-4.5857449055e-01	-4.5857449055e-01	-4.7744967690e-01	-4.7744967690e-01	-4.7744967690e-01	-4.8620754078e-01	-4.9488641455e-01	-4.9488641455e-01	-4.9488641455e-01	-5.0198516337e-01	-5.0940825843e-01	-5.0940825843e-01	-5.0940825843e-01	-5.2357775785e-01	-5.3534919003e-01	-5.3534919003e-01	-5.3534919003e-01	-5.3534919003e-01	-5.4203109090e-01	-5.4804825324e-01	-5.4804825324e-01	-5.4804825324e-01	-5.6037093794e-01	-5.6706340562e-01	-5.6706340562e-01	-5.6706340562e-01	-5.7918765108e-01	-5.7918765108e-01	-5.7918765108e-01	-5.8548391043e-01	-5.8548391043e-01	-5.9485868403e-01	-5.9485868403e-01	-6.0721594940e-01	-6.0721594940e-01	-6.1116377384e-01	-6.1116377384e-01	-6.1116377384e-01	-6.1716754753e-01	-6.2156571285e-01	-6.2156571285e-01	-6.3193052917e-01	-6.3193052917e-01	-6.3681061380e-01	-6.3681061380e-01	-6.3681061380e-01	-6.4443367710e-01	-6.4443367710e-01	-6.4510173758e-01	-6.5410024337e-01	-6.5410024337e-01	-6.5386894337e-01	-6.5386894337e-01	-6.5386894337e-01	-6.6235001453e-01	
231	0.0	-4.6067073426e-03	-4.6067073426e-03	-3.1793655572e-02	-6.3759871783e-02	-6.3759871783e-02	-6.3759871783e-02	-6.3759871783e-02	-1.0577286233e-01	-1.0577286233e-01	-1.0577286233e-01	-1.0577286233e-01	-1.5328087182e-01	-1.5328087182e-01	-1.5328087182e-01	-1.9157965678e-01	-2.0257685948e-01	-2.0257685948e-01	-2.0257685948e-01	-2.4073996898e-01	-2.5125418016e-01	-2.5125418016e-01	-2.5125418016e-01	-2.5125418016e-01	-2.9693068780e-01	-2.9693068780e-01	-2.9693068780e-01	-3.2650754627e-01	-3.3695469466e-01	-3.3695469466e-01	-3.3695469466e-01	-3.6019659188e-01	-3.7079763359e-01	-3.7079763359e-01	-3.7079763359e-01	-3.8896528353e-01	-3.9817149194e-01	-3.9817149194e-01	-3.9817149194e-01	-4.1277493487e-01	-4.2716205039e-01	-4.2716205039e-01	-4.2716205039e-01	-4.5100291850e-01	-4.5100291850e-01	-4.5854151035e-01	-4.5854151035e-01	-4.5854151035e-01	-4.7741536583e-01	-4.7741536583e-01	-4.7741536583e-01	-4.8617235997e-01	-4.9485107931e-01	-4.9485107931e-01	-4.9485107931e-01	-5.0194916908e-01	-5.0937212214e-01	-5.0937212214e-01	-5.0937212214e-01	-5.2354035581e-01	-5.3531160804e-01	-5.3531160804e-01	-5.3531160804e-01	-5.3531160804e-01	-5.4199304735e-01	-5.4801014417e-01	-5.4801014417e-01	-5.4801014417e-01	-5.6033205476e-01	-5.6702445199e-01	-5.6702445199e-01	-5.6702445199e-01	-5.7914818635e-01	-5.7914818635e-01	-5.7914818635e-01	-5.8544394108e-01	-5.8544394108e-01	-5.9481864357e-01	-5.9481864357e-01	-6.0717471485e-01	-6.0717471485e-01	-6.1112253115e-01	-6.1112253115e-01	-6.1112253115e-01	-6.1712569375e-01	-6.2152388007e-01	-6.2152388007e-01	-6.3188770661e-01	-6.3188770661e-01	-6.3676788657e-01	-6.3676788657e-01	-6.3676788657e-01	-6.4439018530e-01	-6.4439018530e-01	-6.4505833068e-01	-6.5405606151e-01	-6.5405606151e-01	-6.5382490432e-01	-6.5382490432e-01	-6.5382490432e-01	-6.6230552424e-01	
232	0.0	-4.6055975682e-03	-4.6055975682e-03	-3.1792798678e-02	-6.3756343789e-02	-6.3756343789e-02	-6.3756343789e-02	-6.3756343789e-02	-1.0576650403e-01	-1.0576650403e-01	-1.0576650403e-01	-1.0576650403e-01	-1.5327133392e-01	-1.5327133392e-01	-1.5327133392e-01	-1.9156725785e-01	-2.0256406389e-01	-2.0256406389e-01	-2.0256406389e-01	-2.4072430813e-01	-2.5123818137e-01	-2.5123818137e-01	-2.5123818137e-01	-2.5123818137e-01	-2.9691156812e-01	-2.9691156812e-01	-2.9691156812e-01	-3.2648576443e-01	-3.3693264097e-01	-3.3693264097e-01	-3.3693264097e-01	-3.6017219591e-01	-3.7077299003e-01	-3.7077299003e-01	-3.7077299003e-01	-3.8893862099e-01	-3.9814463428e-01	-3.9814463428e-01	-3.9814463428e-01	-4.1274634391e-01	-4.2713317058e-01	-4.2713317058e-01	-4.2713317058e-01	-4.5097119328e-01	-4.5097119328e-01	-4.5850968016e-01	-4.5850968016e-01	-4.5850968016e-01	-4.7738230357e-01	-4.7738230357e-01	-4.7738230357e-01	-4.8613848663e-01	-4.9481705806e-01	-4.9481705806e-01	-4.9481705806e-01	-5.0191452584e-01	-5.0933734532e-01	-5.0933734532e-01	-5.0933734532e-01	-5.2350437271e-01	-5.3527545660e-01	-5.3527545660e-01	-5.3527545660e-01	-5.3527545660e-01	-5.4195644383e-01	-5.4797347734e-01	-5.4797347734e-01	-5.4797347734e-01	-5.6029463497e-01	-5.6698696504e-01	-5.6698696504e-01	-5.6698696504e-01	-5.7911020969e-01	-5.7911020969e-01	-5.7911020969e-01	-5.8540547952e-01	-5.8540547952e-01	-5.9478012403e-01	-5.9478012403e-01	-6.0713504819e-01	-6.0713504819e-01	-6.1108286249e-01	-6.1108286249e-01	-6.1108286249e-01	-6.1708543942e-01	-6.2148365542e-01	-6.2148365542e-01	-6.3184652756e-01	-6.3184652756e-01	-6.3672681799e-01	-6.3672681799e-01	-6.3672681799e-01	-6.4434837779e-01	-6.4434837779e-01	-6.4501662032e-01	-6.5401359257e-01	-6.5401359257e-01	-6.5378259484e-01	-6.5378259484e-01	-6.5378259484e-01	-6.6226278532e-01	
233	0.0	-4.6044851267e-03	-4.6044851267e-03	-3.1791928673e-02	-6.3752827365e-02	-6.3752827365e-02	-6.3752827365e-02	-6.3752827365e-02	-1.0576016907e-01	-1.0576016907e-01	-1.0576016907e-01	-1.0576016907e-01	-1.5326184083e-01	-1.5326184083e-01	-1.5326184083e-01	-1.9155494860e-01	-2.0255135074e-01	-2.0255135074e-01	-2.0255135074e-01	-2.4070880361e-01	-2.5122233242e-01	-2.5122233242e-01	-2.5122233242e-01	-2.5122233242e-01	-2.9689271811e-01	-2.9689271811e-01	-2.9689271811e-01	-3.2646442533e-01	-3.3691102409e-01	-3.3691102409e-01	-3.3691102409e-01	-3.6014841962e-01	-3.7074896192e-01	-3.7074896192e-01	-3.7074896192e-01	-3.8891274734e-01	-3.9811856301e-01	-3.9811856301e-01	-3.9811856301e-01	-4.1271869010e-01	-4.2710522714e-01	-4.2710522714e-01	-4.2710522714e-01	-4.5094066161e-01	-4.5094066161e-01	-4.5847904372e-01	-4.5847904372e-01	-4.5847904372e-01	-4.7735052936e-01	-4.7735052936e-01	-4.7735052936e-01	-4.8610595647e-01	-4.9478438647e-01	-4.9478438647e-01	-4.9478438647e-01	-5.0188126701e-01	-5.0930396115e-01	-5.0930396115e-01	-5.0930396115e-01	-5.2346983900e-01	-5.3524076569e-01	-5.3524076569e-01	-5.3524076569e-01	-5.3524076569e-01	-5.4192130706e-01	-5.4793827937e-01	-5.4793827937e-01	-5.4793827937e-01	-5.6025869252e-01	-5.6695095856e-01	-5.6695095856e-01	-5.6695095856e-01	-5.7907373088e-01	-5.7907373088e-01	-5.7907373088e-01	-5.8536853429e-01	-5.8536853429e-01	-5.9474313282e-01	-5.9474313282e-01	-6.0709695976e-01	-6.0709695976e-01	-6.1104477753e-01	-6.1104477753e-01	-6.1104477753e-01	-6.1704679583e-01	-6.2144504911e-01	-6.2144504911e-01	-6.3180700660e-01	-6.3180700660e-01	-6.3668742056e-01	-6.3668742056e-01	-6.3668742056e-01	-6.4430827118e-01	-6.4430827118e-01	-6.4497662152e-01	-6.5397285644e-01	-6.5397285644e-01	-6.5374203261e-01	-6.5374203261e-01	-6.5374203261e-01	-6.6222181651e-01	
234	0.0	-4.6033743006e-03	-4.6033743006e-03	-3.1791050620e-02	-6.3749336896e-02	-6.3749336896e-02	-6.3749336896e-02	-6.3749336896e-02	-1.0575388345e-01	-1.0575388345e-01	-1.0575388345e-01	-1.0575388345e-01	-1.5325243123e-01	-1.5325243123e-01	-1.5325243123e-01	-1.9154277742e-01	-2.0253877095e-01	-2.0253877095e-01	-2.0253877095e-01	-2.4069351447e-01	-2.5120669460e-01	-2.5120669460e-01	-2.5120669460e-01	-2.5120669460e-01	-2.9687420561e-01	-2.9687420561e-01	-2.9687420561e-01	-3.2644359708e-01	-3.3688991415e-01	-3.3688991415e-01	-3.3688991415e-01	-3.6012533110e-01	-3.7072561918e-01	-3.7072561918e-01	-3.7072561918e-01	-3.8888772963e-01	-3.9809334658e-01	-3.9809334658e-01	-3.9809334658e-01	-4.1269203957e-01	-4.2707828809e-01	-4.2707828809e-01	-4.2707828809e-01	-4.5091138843e-01	-4.5091138843e-01	-4.5844966672e-01	-4.5844966672e-01	-4.5844966672e-01	-4.7732011008e-01	-4.7732011008e-01	-4.7732011008e-01	-4.8607483893e-01	-4.9475313456e-01	-4.9475313456e-01	-4.9475313456e-01	-5.0184946610e-01	-5.0927204346e-01	-5.0927204346e-01	-5.0927204346e-01	-5.2343684112e-01	-5.3520762221e-01	-5.3520762221e-01	-5.3520762221e-01	-5.3520762221e-01	-5.4188773062e-01	-5.4790464428e-01	-5.4790464428e-01	-5.4790464428e-01	-5.6022432179e-01	-5.6691652731e-01	-5.6691652731e-01	-5.6691652731e-01	-5.7903884467e-01	-5.7903884467e-01	-5.7903884467e-01	-5.8533320074e-01	-5.8533320074e-01	-5.9470776506e-01	-5.9470776506e-01	-6.0706054709e-01	-6.0706054709e-01	-6.1100837369e-01	-6.1100837369e-01	-6.1100837369e-01	-6.1700986143e-01	-6.2140815917e-01	-6.2140815917e-01	-6.3176924485e-01	-6.3176924485e-01	-6.3664979422e-01	-6.3664979422e-01	-6.3664979422e-01	-6.4426996802e-01	-6.4426996802e-01	-6.4493843576e-01	-6.5393395761e-01	-6.5393395761e-01	-6.5370332044e-01	-6.5370332044e-01	-6.5370332044e-01	-6.6218272038e-01	
235	0.0	-4.6022697480e-03	-4.6022697480e-03	-3.1790168350e-02	-6.3745885989e-02	-6.3745885989e-02	-6.3745885989e-02	-6.3745885989e-02	-1.0574767166e-01	-1.0574767166e-01	-1.0574767166e-01	-1.0574767166e-01	-1.5324314146e-01	-1.5324314146e-01	-1.5324314146e-01	-1.9153079067e-01	-2.0252637234e-01	-2.0252637234e-01	-2.0252637234e-01	-2.4067849701e-01	-2.5119132549e-01	-2.5119132549e-01	-2.5119132549e-01	-2.5119132549e-01	-2.9685609448e-01	-2.9685609448e-01	-2.9685609448e-01	-3.2642334490e-01	-3.3686937740e-01	-3.3686937740e-01	-3.3686937740e-01	-3.6010299596e-01	-3.7070302818e-01	-3.7070302818e-01	-3.7070302818e-01	-3.8886363303e-01	-3.9806905066e-01	-3.9806905066e-01	-3.9806905066e-01	-4.1266645741e-01	-4.2705241894e-01	-4.2705241894e-01	-4.2705241894e-01	-4.5088343919e-01	-4.5088343919e-01	-4.5842161456e-01	-4.5842161456e-01	-4.5842161456e-01	-4.7729111331e-01	-4.7729111331e-01	-4.7729111331e-01	-4.8604520627e-01	-4.9472337412e-01	-4.9472337412e-01	-4.9472337412e-01	-5.0181919976e-01	-5.0924166829e-01	-5.0924166829e-01	-5.0924166829e-01	-5.2340546801e-01	-5.3517611394e-01	-5.3517611394e-01	-5.3517611394e-01	-5.3517611394e-01	-5.4185581063e-01	-5.4787266767e-01	-5.4787266767e-01	-5.4787266767e-01	-5.6019163109e-01	-5.6688377892e-01	-5.6688377892e-01	-5.6688377892e-01	-5.7900566248e-01	-5.7900566248e-01	-5.7900566248e-01	-5.8529959362e-01	-5.8529959362e-01	-5.9467413348e-01	-5.9467413348e-01	-6.0702592747e-01	-6.0702592747e-01	-6.1097376703e-01	-6.1097376703e-01	-6.1097376703e-01	-6.1697475405e-01	-6.2137310166e-01	-6.2137310166e-01	-6.3173336203e-01	-6.3173336203e-01	-6.3661405560e-01	-6.3661405560e-01	-6.3661405560e-01	-6.4423358787e-01	-6.4423358787e-01	-6.4490218029e-01	-6.5389701700e-01	-6.5389701700e-01	-6.5366657599e-01	-6.5366657599e-01	-6.5366657599e-01	-6.6214561449e-01	
236	0.0	-4.6011754028e-03	-4.6011754028e-03	-3.1789285876e-02	-6.3742486828e-02	-6.3742486828e-02	-6.3742486828e-02	-6.3742486828e-02	-1.0574155543e-01	-1.0574155543e-01	-1.0574155543e-01	-1.0574155543e-01	-1.5323400342e-01	-1.5323400342e-01	-1.5323400342e-01	-1.9151902797e-01	-2.0251419633e-01	-2.0251419633e-01	-2.0251419633e-01	-2.4066379877e-01	-2.5117627418e-01	-2.5117627418e-01	-2.5117627418e-01	-2.5117627418e-01	-2.9683843806e-01	-2.9683843806e-01	-2.9683843806e-01	-3.2640372127e-01	-3.3684946759e-01	-3.3684946759e-01	-3.3684946759e-01	-3.6008146512e-01	-3.7068124086e-01	-3.7068124086e-01	-3.7068124086e-01	-3.8884050595e-01	-3.9804572437e-01	-3.9804572437e-01	-3.9804572437e-01	-4.1264198969e-01	-4.2702766652e-01	-4.2702766652e-01	-4.2702766652e-01	-4.5085685537e-01	-4.5085685537e-01	-4.5839492884e-01	-4.5839492884e-01	-4.5839492884e-01	-4.7726357974e-01	-4.7726357974e-01	-4.7726357974e-01	-4.8601709985e-01	-4.9469514626e-01	-4.9469514626e-01	-4.9469514626e-01	-5.0179051014e-01	-5.0921287736e-01	-5.0921287736e-01	-5.0921287736e-01	-5.2337576465e-01	-5.3514628513e-01	-5.3514628513e-01	-5.3514628513e-01	-5.3514628513e-01	-5.4182559468e-01	-5.4784239684e-01	-5.4784239684e-01	-5.4784239684e-01	-5.6016067398e-01	-5.6685276654e-01	-5.6685276654e-01	-5.6685276654e-01	-5.7897423841e-01	-5.7897423841e-01	-5.7897423841e-01	-5.8526776743e-01	-5.8526776743e-01	-5.9464229107e-01	-5.9464229107e-01	-6.0699315324e-01	-6.0699315324e-01	-6.1094100900e-01	-6.1094100900e-01	-6.1094100900e-01	-6.1694152458e-01	-6.2133992609e-01	-6.2133992609e-01	-6.3169940760e-01	-6.3169940760e-01	-6.3658025159e-01	-6.3658025159e-01	-6.3658025159e-01	-6.4419917801e-01	-6.4419917801e-01	-6.4486790044e-01	-6.5386208121e-01	-6.5386208121e-01	-6.5363184311e-01	-6.5363184311e-01	-6.5363184311e-01	-6.6211054109e-01	
237	0.0	-4.6000949562e-03	-4.6000949562e-03	-3.1788406763e-02	-6.3739150314e-02	-6.3739150314e-02	-6.3739150314e-02	-6.3739150314e-02	-1.0573555419e-01	-1.0573555419e-01	-1.0573555419e-01	-1.0573555419e-01	-1.5322504554e-01	-1.5322504554e-01	-1.5322504554e-01	-1.9150752453e-01	-2.0250227962e-01	-2.0250227962e-01	-2.0250227962e-01	-2.4064946156e-01	-2.5116158378e-01	-2.5116158378e-01	-2.5116158378e-01	-2.5116158378e-01	-2.9682128238e-01	-2.9682128238e-01	-2.9682128238e-01	-3.2638477044e-01	-3.3683022999e-01	-3.3683022999e-01	-3.3683022999e-01	-3.6006078006e-01	-3.7066029954e-01	-3.7066029954e-01	-3.7066029954e-01	-3.8881838620e-01	-3.9802340608e-01	-3.9802340608e-01	-3.9802340608e-01	-4.1261867058e-01	-4.2700406554e-01	-4.2700406554e-01	-4.2700406554e-01	-4.5083166385e-01	-4.5083166385e-01	-4.5836963653e-01	-4.5836963653e-01	-4.5836963653e-01	-4.7723753365e-01	-4.7723753365e-01	-4.7723753365e-01	-4.8599054255e-01	-4.9466847358e-01	-4.9466847358e-01	-4.9466847358e-01	-5.0176341900e-01	-5.0918569199e-01	-5.0918569199e-01	-5.0918569199e-01	-5.2334775102e-01	-5.3511815497e-01	-5.3511815497e-01	-5.3511815497e-01	-5.3511815497e-01	-5.4179710272e-01	-5.4781385146e-01	-5.4781385146e-01	-5.4781385146e-01	-5.6013147257e-01	-5.6682351188e-01	-5.6682351188e-01	-5.6682351188e-01	-5.7894459341e-01	-5.7894459341e-01	-5.7894459341e-01	-5.8523774185e-01	-5.8523774185e-01	-5.9461225598e-01	-5.9461225598e-01	-6.0696223948e-01	-6.0696223948e-01	-6.1091011373e-01	-6.1091011373e-01	-6.1091011373e-01	-6.1691018553e-01	-6.2130864361e-01	-6.2130864361e-01	-6.3166739118e-01	-6.3166739118e-01	-6.3654838928e-01	-6.3654838928e-01	-6.3654838928e-01	-6.4416674467e-01	-6.4416674467e-01	-6.4483560059e-01	-6.5382915483e-01	-6.5382915483e-01	-6.5359912376e-01	-6.5359912376e-01	-6.5359912376e-01	-6.6207750010e-01	
238	0.0	-4.5990318354e-03	-4.5990318354e-03	-3.1787534247e-02	-6.3735886226e-02	-6.3735886226e-02	-6.3735886226e-02	-6.3735886226e-02	-1.0572968526e-01	-1.0572968526e-01	-1.0572968526e-01	-1.0572968526e-01	-1.5321629314e-01	-1.5321629314e-01	-1.5321629314e-01	-1.9149631157e-01	-2.0249065476e-01	-2.0249065476e-01	-2.0249065476e-01	-2.4063552207e-01	-2.5114729206e-01	-2.5114729206e-01	-2.5114729206e-01	-2.5114729206e-01	-2.9680466707e-01	-2.9680466707e-01	-2.9680466707e-01	-3.2636652946e-01	-3.3681170249e-01	-3.3681170249e-01	-3.3681170249e-01	-3.6004097429e-01	-3.7064023831e-01	-3.7064023831e-01	-3.7064023831e-01	-3.8879730282e-01	-3.9800212521e-01	-3.9800212521e-01	-3.9800212521e-01	-4.1259652474e-01	-4.2698164090e-01	-4.2698164090e-01	-4.2698164090e-01	-4.5080788079e-01	-4.5080788079e-01	-4.5834575367e-01	-4.5834575367e-01	-4.5834575367e-01	-4.7721298755e-01	-4.7721298755e-01	-4.7721298755e-01	-4.8596554478e-01	-4.9464336594e-01	-4.9464336594e-01	-4.9464336594e-01	-5.0173793479e-01	-5.0916011996e-01	-5.0916011996e-01	-5.0916011996e-01	-5.2332143217e-01	-5.3509172737e-01	-5.3509172737e-01	-5.3509172737e-01	-5.3509172737e-01	-5.4177033850e-01	-5.4778703478e-01	-5.4778703478e-01	-5.4778703478e-01	-5.6010403128e-01	-5.6679601873e-01	-5.6679601873e-01	-5.6679601873e-01	-5.7891672990e-01	-5.7891672990e-01	-5.7891672990e-01	-5.8520951781e-01	-5.8520951781e-01	-5.9458402733e-01	-5.9458402733e-01	-6.0693318153e-01	-6.0693318153e-01	-6.1088107553e-01	-6.1088107553e-01	-6.1088107553e-01	-6.1688072921e-01	-6.2127924500e-01	-6.2127924500e-01	-6.3163730142e-01	-6.3163730142e-01	-6.3651845467e-01	-6.3651845467e-01	-6.3651845467e-01	-6.4413627248e-01	-6.4413627248e-01	-6.4480526344e-01	-6.5379822022e-01	-6.5379822022e-01	-6.5356839770e-01	-6.5356839770e-01	-6.5356839770e-01	-6.6204646924e-01	
239	0.0	-4.5979891101e-03	-4.5979891101e-03	-3.1786671393e-02	-6.3732703281e-02	-6.3732703281e-02	-6.3732703281e-02	-6.3732703281e-02	-1.0572396405e-01	-1.0572396405e-01	-1.0572396405e-01	-1.0572396405e-01	-1.5320776862e-01	-1.5320776862e-01	-1.5320776862e-01	-1.9148541643e-01	-2.0247935035e-01	-2.0247935035e-01	-2.0247935035e-01	-2.4062201214e-01	-2.5113343192e-01	-2.5113343192e-01	-2.5113343192e-01	-2.5113343192e-01	-2.9678862596e-01	-2.9678862596e-01	-2.9678862596e-01	-3.2634902877e-01	-3.3679391635e-01	-3.3679391635e-01	-3.3679391635e-01	-3.6002207403e-01	-3.7062108403e-01	-3.7062108403e-01	-3.7062108403e-01	-3.8877727712e-01	-3.9798190345e-01	-3.9798190345e-01	-3.9798190345e-01	-4.1257556868e-01	-4.2696040943e-01	-4.2696040943e-01	-4.2696040943e-01	-4.5078551358e-01	-4.5078551358e-01	-4.5832328766e-01	-4.5832328766e-01	-4.5832328766e-01	-4.7718994507e-01	-4.7718994507e-01	-4.7718994507e-01	-4.8594210769e-01	-4.9461982413e-01	-4.9461982413e-01	-4.9461982413e-01	-5.0171405662e-01	-5.0913615986e-01	-5.0913615986e-01	-5.0913615986e-01	-5.2329680320e-01	-5.3506699657e-01	-5.3506699657e-01	-5.3506699657e-01	-5.3506699657e-01	-5.4174529562e-01	-5.4776194010e-01	-5.4776194010e-01	-5.4776194010e-01	-5.6007834366e-01	-5.6677028026e-01	-5.6677028026e-01	-5.6677028026e-01	-5.7889063972e-01	-5.7889063972e-01	-5.7889063972e-01	-5.8518308549e-01	-5.8518308549e-01	-5.9455759395e-01	-5.9455759395e-01	-6.0690596393e-01	-6.0690596393e-01	-6.1085387814e-01	-6.1085387814e-01	-6.1085387814e-01	-6.1685313709e-01	-6.2125171060e-01	-6.2125171060e-01	-6.3160911577e-01	-6.3160911577e-01	-6.3649042313e-01	-6.3649042313e-01	-6.3649042313e-01	-6.4410773474e-01	-6.4410773474e-01	-6.4477686080e-01	-6.5376924817e-01	-6.5376924817e-01	-6.5353963364e-01	-6.5353963364e-01	-6.5353963364e-01	-6.6201741515e-01	
240	0.0	-4.5969695066e-03	-4.5969695066e-03	-3.1785821222e-02	-6.3729609380e-02	-6.3729609380e-02	-6.3729609380e-02	-6.3729609380e-02	-1.0571840449e-01	-1.0571840449e-01	-1.0571840449e-01	-1.0571840449e-01	-1.5319949219e-01	-1.5319949219e-01	-1.5319949219e-01	-1.9147486346e-01	-2.0246839210e-01	-2.0246839210e-01	-2.0246839210e-01	-2.4060895988e-01	-2.5112003265e-01	-2.5112003265e-01	-2.5112003265e-01	-2.5112003265e-01	-2.9677318863e-01	-2.9677318863e-01	-2.9677318863e-01	-3.2633229407e-01	-3.3677689821e-01	-3.3677689821e-01	-3.3677689821e-01	-3.6000410052e-01	-3.7060285871e-01	-3.7060285871e-01	-3.7060285871e-01	-3.8875832530e-01	-3.9796275754e-01	-3.9796275754e-01	-3.9796275754e-01	-4.1255581379e-01	-4.2694038309e-01	-4.2694038309e-01	-4.2694038309e-01	-4.5076456468e-01	-4.5076456468e-01	-4.5830224112e-01	-4.5830224112e-01	-4.5830224112e-01	-4.7716840522e-01	-4.7716840522e-01	-4.7716840522e-01	-4.8592022785e-01	-4.9459784454e-01	-4.9459784454e-01	-4.9459784454e-01	-5.0169177926e-01	-5.0911380613e-01	-5.0911380613e-01	-5.0911380613e-01	-5.2327385528e-01	-5.3504395324e-01	-5.3504395324e-01	-5.3504395324e-01	-5.3504395324e-01	-5.4172196408e-01	-5.4773855733e-01	-5.4773855733e-01	-5.4773855733e-01	-5.6005439977e-01	-5.6674628635e-01	-5.6674628635e-01	-5.6674628635e-01	-5.7886631188e-01	-5.7886631188e-01	-5.7886631188e-01	-5.8515843275e-01	-5.8515843275e-01	-5.9453294273e-01	-5.9453294273e-01	-6.0688056989e-01	-6.0688056989e-01	-6.1082850424e-01	-6.1082850424e-01	-6.1082850424e-01	-6.1682738977e-01	-6.2122602017e-01	-6.2122602017e-01	-6.3158281112e-01	-6.3158281112e-01	-6.3646427002e-01	-6.3646427002e-01	-6.3646427002e-01	-6.4408110463e-01	-6.4408110463e-01	-6.4475036472e-01	-6.5374220938e-01	-6.5374220938e-01	-6.5351280075e-01	-6.5351280075e-01	-6.5351280075e-01	-6.6199030531e-01	
241	0.0	-4.5959756370e-03	-4.5959756370e-03	-3.1784986376e-02	-6.3726611645e-02	-6.3726611645e-02	-6.3726611645e-02	-6.3726611645e-02	-1.0571301908e-01	-1.0571301908e-01	-1.0571301908e-01	-1.0571301908e-01	-1.5319148193e-01	-1.5319148193e-01	-1.5319148193e-01	-1.9146467447e-01	-2.0245780291e-01	-2.0245780291e-01	-2.0245780291e-01	-2.4059639026e-01	-2.5110712015e-01	-2.5110712015e-01	-2.5110712015e-01	-2.5110712015e-01	-2.9675838079e-01	-2.9675838079e-01	-2.9675838079e-01	-3.2631634699e-01	-3.3676067047e-01	-3.3676067047e-01	-3.3676067047e-01	-3.5998707076e-01	-3.7058557994e-01	-3.7058557994e-01	-3.7058557994e-01	-3.8874045929e-01	-3.9794469983e-01	-3.9794469983e-01	-3.9794469983e-01	-4.1253726726e-01	-4.2692156945e-01	-4.2692156945e-01	-4.2692156945e-01	-4.5074503255e-01	-4.5074503255e-01	-4.5828261260e-01	-4.5828261260e-01	-4.5828261260e-01	-4.7714836317e-01	-4.7714836317e-01	-4.7714836317e-01	-4.8589989839e-01	-4.9457742002e-01	-4.9457742002e-01	-4.9457742002e-01	-5.0167109432e-01	-5.0909304997e-01	-5.0909304997e-01	-5.0909304997e-01	-5.2325257722e-01	-5.3502258556e-01	-5.3502258556e-01	-5.3502258556e-01	-5.3502258556e-01	-5.4170033186e-01	-5.4771687429e-01	-5.4771687429e-01	-5.4771687429e-01	-5.6003218872e-01	-5.6672402589e-01	-5.6672402589e-01	-5.6672402589e-01	-5.7884373526e-01	-5.7884373526e-01	-5.7884373526e-01	-5.8513554855e-01	-5.8513554855e-01	-5.9451006170e-01	-5.9451006170e-01	-6.0685698633e-01	-6.0685698633e-01	-6.1080494026e-01	-6.1080494026e-01	-6.1080494026e-01	-6.1680347261e-01	-6.2120215836e-01	-6.2120215836e-01	-6.3155837020e-01	-6.3155837020e-01	-6.3643997682e-01	-6.3643997682e-01	-6.3643997682e-01	-6.4405636202e-01	-6.4405636202e-01	-6.4472575412e-01	-6.5371708178e-01	-6.5371708178e-01	-6.5348787569e-01	-6.5348787569e-01	-6.5348787569e-01	-6.6196511537e-01	
242	0.0	-4.5950092617e-03	-4.5950092617e-03	-3.1784169668e-02	-6.3723715235e-02	-6.3723715235e-02	-6.3723715235e-02	-6.3723715235e-02	-1.0570781658e-01	-1.0570781658e-01	-1.0570781658e-01	-1.0570781658e-01	-1.5318374987e-01	-1.5318374987e-01	-1.5318374987e-01	-1.9145486193e-01	-2.0244759676e-01	-2.0244759676e-01	-2.0244759676e-01	-2.4058431552e-01	-2.5109470799e-01	-2.5109470799e-01	-2.5109470799e-01	-2.5109470799e-01	-2.9674421199e-01	-2.9674421199e-01	-2.9674421199e-01	-3.2630118827e-01	-3.3674523504e-01	-3.3674523504e-01	-3.3674523504e-01	-3.5997097605e-01	-3.7056924007e-01	-3.7056924007e-01	-3.7056924007e-01	-3.8872366004e-01	-3.9792771206e-01	-3.9792771206e-01	-3.9792771206e-01	-4.1251989947e-01	-4.2690393993e-01	-4.2690393993e-01	-4.2690393993e-01	-4.5072686701e-01	-4.5072686701e-01	-4.5826435239e-01	-4.5826435239e-01	-4.5826435239e-01	-4.7712975847e-01	-4.7712975847e-01	-4.7712975847e-01	-4.8588104783e-01	-4.9455847933e-01	-4.9455847933e-01	-4.9455847933e-01	-5.0165192073e-01	-5.0907381040e-01	-5.0907381040e-01	-5.0907381040e-01	-5.2323286579e-01	-5.3500279055e-01	-5.3500279055e-01	-5.3500279055e-01	-5.3500279055e-01	-5.4168028529e-01	-5.4769677769e-01	-5.4769677769e-01	-5.4769677769e-01	-5.6001157612e-01	-5.6670336489e-01	-5.6670336489e-01	-5.6670336489e-01	-5.7882276469e-01	-5.7882276469e-01	-5.7882276469e-01	-5.8511427562e-01	-5.8511427562e-01	-5.9448879376e-01	-5.9448879376e-01	-6.0683503553e-01	-6.0683503553e-01	-6.1078300870e-01	-6.1078300870e-01	-6.1078300870e-01	-6.1678119913e-01	-6.2117993890e-01	-6.2117993890e-01	-6.3153559596e-01	-6.3153559596e-01	-6.3641734665e-01	-6.3641734665e-01	-6.3641734665e-01	-6.4403330317e-01	-6.4403330317e-01	-6.4470282537e-01	-6.5369365649e-01	-6.5369365649e-01	-6.5346464977e-01	-6.5346464977e-01	-6.5346464977e-01	-6.6194163286e-01	
243	0.0	-4.5940720901e-03	-4.5940720901e-03	-3.1783374291e-02	-6.3720926314e-02	-6.3720926314e-02	-6.3720926314e-02	-6.3720926314e-02	-1.0570280801e-01	-1.0570280801e-01	-1.0570280801e-01	-1.0570280801e-01	-1.5317631239e-01	-1.5317631239e-01	-1.5317631239e-01	-1.9144544545e-01	-2.0243779507e-01	-2.0243779507e-01	-2.0243779507e-01	-2.4057275887e-01	-2.5108282107e-01	-2.5108282107e-01	-2.5108282107e-01	-2.5108282107e-01	-2.9673070771e-01	-2.9673070771e-01	-2.9673070771e-01	-3.2628683976e-01	-3.3673061538e-01	-3.3673061538e-01	-3.3673061538e-01	-3.5995583549e-01	-3.7055385968e-01	-3.7055385968e-01	-3.7055385968e-01	-3.8870794411e-01	-3.9791181197e-01	-3.9791181197e-01	-3.9791181197e-01	-4.1250372513e-01	-4.2688751093e-01	-4.2688751093e-01	-4.2688751093e-01	-4.5071008050e-01	-4.5071008050e-01	-4.5824747387e-01	-4.5824747387e-01	-4.5824747387e-01	-4.7711260533e-01	-4.7711260533e-01	-4.7711260533e-01	-4.8586369232e-01	-4.9454103936e-01	-4.9454103936e-01	-4.9454103936e-01	-5.0163427852e-01	-5.0905610796e-01	-5.0905610796e-01	-5.0905610796e-01	-5.2321475143e-01	-5.3498459959e-01	-5.3498459959e-01	-5.3498459959e-01	-5.3498459959e-01	-5.4166186226e-01	-5.4767830618e-01	-5.4767830618e-01	-5.4767830618e-01	-5.5999261653e-01	-5.6668435866e-01	-5.6668435866e-01	-5.6668435866e-01	-5.7880346458e-01	-5.7880346458e-01	-5.7880346458e-01	-5.8509468712e-01	-5.8509468712e-01	-5.9446921284e-01	-5.9446921284e-01	-6.0681480524e-01	-6.0681480524e-01	-6.1076279777e-01	-6.1076279777e-01	-6.1076279777e-01	-6.1676066288e-01	-6.2115945577e-01	-6.2115945577e-01	-6.3151458898e-01	-6.3151458898e-01	-6.3639648060e-01	-6.3639648060e-01	-6.3639648060e-01	-6.4401203203e-01	-6.4401203203e-01	-6.4468168242e-01	-6.5367203923e-01	-6.5367203923e-01	-6.5344322855e-01	-6.5344322855e-01	-6.5344322855e-01	-6.6191996541e-01	
244	0.0	-4.5931671329e-03	-4.5931671329e-03	-3.1782600928e-02	-6.3718250295e-02	-6.3718250295e-02	-6.3718250295e-02	-6.3718250295e-02	-1.0569800288e-01	-1.0569800288e-01	-1.0569800288e-01	-1.0569800288e-01	-1.5316918320e-01	-1.5316918320e-01	-1.5316918320e-01	-1.9143644257e-01	-2.0242841503e-01	-2.0242841503e-01	-2.0242841503e-01	-2.4056174003e-01	-2.5107147864e-01	-2.5107147864e-01	-2.5107147864e-01	-2.5107147864e-01	-2.9671788651e-01	-2.9671788651e-01	-2.9671788651e-01	-3.2627331741e-01	-3.3671682682e-01	-3.3671682682e-01	-3.3671682682e-01	-3.5994166113e-01	-3.7053945009e-01	-3.7053945009e-01	-3.7053945009e-01	-3.8869331975e-01	-3.9789700714e-01	-3.9789700714e-01	-3.9789700714e-01	-4.1248874981e-01	-4.2687228674e-01	-4.2687228674e-01	-4.2687228674e-01	-4.5069467468e-01	-4.5069467468e-01	-4.5823197776e-01	-4.5823197776e-01	-4.5823197776e-01	-4.7709690436e-01	-4.7709690436e-01	-4.7709690436e-01	-4.8584783552e-01	-4.9452510244e-01	-4.9452510244e-01	-4.9452510244e-01	-5.0161817334e-01	-5.0903994697e-01	-5.0903994697e-01	-5.0903994697e-01	-5.2319824490e-01	-5.3496802136e-01	-5.3496802136e-01	-5.3496802136e-01	-5.3496802136e-01	-5.4164507553e-01	-5.4766147149e-01	-5.4766147149e-01	-5.4766147149e-01	-5.5997533053e-01	-5.6666702667e-01	-5.6666702667e-01	-5.6666702667e-01	-5.7878585781e-01	-5.7878585781e-01	-5.7878585781e-01	-5.8507681051e-01	-5.8507681051e-01	-5.9445134416e-01	-5.9445134416e-01	-6.0679632703e-01	-6.0679632703e-01	-6.1074433785e-01	-6.1074433785e-01	-6.1074433785e-01	-6.1674189681e-01	-6.2114074048e-01	-6.2114074048e-01	-6.3149538262e-01	-6.3149538262e-01	-6.3637740986e-01	-6.3637740986e-01	-6.3637740986e-01	-6.4399258127e-01	-6.4399258127e-01	-6.4466235658e-01	-6.5365226301e-01	-6.5365226301e-01	-6.5342364329e-01	-6.5342364329e-01	-6.5342364329e-01	-6.6190014570e-01	
245	0.0	-4.5922949210e-03	-4.5922949210e-03	-3.1781852933e-02	-6.3715691868e-02	-6.3715691868e-02	-6.3715691868e-02	-6.3715691868e-02	-1.0569340952e-01	-1.0569340952e-01	-1.0569340952e-01	-1.0569340952e-01	-1.5316237431e-01	-1.5316237431e-01	-1.5316237431e-01	-1.9142786619e-01	-2.0241947174e-01	-2.0241947174e-01	-2.0241947174e-01	-2.4055127354e-01	-2.5106069728e-01	-2.5106069728e-01	-2.5106069728e-01	-2.5106069728e-01	-2.9670576392e-01	-2.9670576392e-01	-2.9670576392e-01	-3.2626063140e-01	-3.3670388143e-01	-3.3670388143e-01	-3.3670388143e-01	-3.5992845901e-01	-3.7052601911e-01	-3.7052601911e-01	-3.7052601911e-01	-3.8867978901e-01	-3.9788330104e-01	-3.9788330104e-01	-3.9788330104e-01	-4.1247497204e-01	-4.2685826800e-01	-4.2685826800e-01	-4.2685826800e-01	-4.5068064171e-01	-4.5068064171e-01	-4.5821785738e-01	-4.5821785738e-01	-4.5821785738e-01	-4.7708264728e-01	-4.7708264728e-01	-4.7708264728e-01	-4.8583346779e-01	-4.9451065994e-01	-4.9451065994e-01	-4.9451065994e-01	-5.0160359575e-01	-5.0902531880e-01	-5.0902531880e-01	-5.0902531880e-01	-5.2318333573e-01	-5.3495304678e-01	-5.3495304678e-01	-5.3495304678e-01	-5.3495304678e-01	-5.4162991586e-01	-5.4764626541e-01	-5.4764626541e-01	-5.4764626541e-01	-5.5995970975e-01	-5.6665136162e-01	-5.6665136162e-01	-5.6665136162e-01	-5.7876993781e-01	-5.7876993781e-01	-5.7876993781e-01	-5.8506063887e-01	-5.8506063887e-01	-5.9443518222e-01	-5.9443518222e-01	-6.0677959345e-01	-6.0677959345e-01	-6.1072762237e-01	-6.1072762237e-01	-6.1072762237e-01	-6.1672489342e-01	-6.2112378654e-01	-6.2112378654e-01	-6.3147796822e-01	-6.3147796822e-01	-6.3636012717e-01	-6.3636012717e-01	-6.3636012717e-01	-6.4397494213e-01	-6.4397494213e-01	-6.4464483978e-01	-6.5363431843e-01	-6.5363431843e-01	-6.5340588550e-01	-6.5340588550e-01	-6.5340588550e-01	-6.6188216503e-01	
246	0.0	-4.5914582645e-03	-4.5914582645e-03	-3.1781131880e-02	-6.3713256556e-02	-6.3713256556e-02	-6.3713256556e-02	-6.3713256556e-02	-1.0568903711e-01	-1.0568903711e-01	-1.0568903711e-01	-1.0568903711e-01	-1.5315589833e-01	-1.5315589833e-01	-1.5315589833e-01	-1.9141973097e-01	-2.0241098033e-01	-2.0241098033e-01	-2.0241098033e-01	-2.4054137505e-01	-2.5105049307e-01	-2.5105049307e-01	-2.5105049307e-01	-2.5105049307e-01	-2.9669435432e-01	-2.9669435432e-01	-2.9669435432e-01	-3.2624879157e-01	-3.3669178957e-01	-3.3669178957e-01	-3.3669178957e-01	-3.5991623409e-01	-3.7051357220e-01	-3.7051357220e-01	-3.7051357220e-01	-3.8866735200e-01	-3.9787069420e-01	-3.9787069420e-01	-3.9787069420e-01	-4.1246238766e-01	-4.2684545115e-01	-4.2684545115e-01	-4.2684545115e-01	-4.5066796937e-01	-4.5066796937e-01	-4.5820510087e-01	-4.5820510087e-01	-4.5820510087e-01	-4.7706981946e-01	-4.7706981946e-01	-4.7706981946e-01	-4.8582057252e-01	-4.9449769551e-01	-4.9449769551e-01	-4.9449769551e-01	-5.0159052801e-01	-5.0901220588e-01	-5.0901220588e-01	-5.0901220588e-01	-5.2317000336e-01	-5.3493965579e-01	-5.3493965579e-01	-5.3493965579e-01	-5.3493965579e-01	-5.4161636233e-01	-5.4763266756e-01	-5.4763266756e-01	-5.4763266756e-01	-5.5994573230e-01	-5.6663734222e-01	-5.6663734222e-01	-5.6663734222e-01	-5.7875568299e-01	-5.7875568299e-01	-5.7875568299e-01	-5.8504614976e-01	-5.8504614976e-01	-5.9442070542e-01	-5.9442070542e-01	-6.0676458084e-01	-6.0676458084e-01	-6.1071262829e-01	-6.1071262829e-01	-6.1071262829e-01	-6.1670962878e-01	-6.2110857083e-01	-6.2110857083e-01	-6.3146232079e-01	-6.3146232079e-01	-6.3634460881e-01	-6.3634460881e-01	-6.3634460881e-01	-6.4395908948e-01	-6.4395908948e-01	-6.4462910762e-01	-6.5361817964e-01	-6.5361817964e-01	-6.5338993031e-01	-6.5338993031e-01	-6.5338993031e-01	-6.6186599820e-01	
247	0.0	-4.5906589592e-03	-4.5906589592e-03	-3.1780439142e-02	-6.3710947495e-02	-6.3710947495e-02	-6.3710947495e-02	-6.3710947495e-02	-1.0568489114e-01	-1.0568489114e-01	-1.0568489114e-01	-1.0568489114e-01	-1.5314976307e-01	-1.5314976307e-01	-1.5314976307e-01	-1.9141204543e-01	-2.0240295026e-01	-2.0240295026e-01	-2.0240295026e-01	-2.4053205318e-01	-2.5104087554e-01	-2.5104087554e-01	-2.5104087554e-01	-2.5104087554e-01	-2.9668366469e-01	-2.9668366469e-01	-2.9668366469e-01	-3.2623779917e-01	-3.3668055330e-01	-3.3668055330e-01	-3.3668055330e-01	-3.5990498203e-01	-3.7050210577e-01	-3.7050210577e-01	-3.7050210577e-01	-3.8865599885e-01	-3.9785917736e-01	-3.9785917736e-01	-3.9785917736e-01	-4.1245098185e-01	-4.2683382221e-01	-4.2683382221e-01	-4.2683382221e-01	-4.5065663359e-01	-4.5065663359e-01	-4.5819368456e-01	-4.5819368456e-01	-4.5819368456e-01	-4.7705839353e-01	-4.7705839353e-01	-4.7705839353e-01	-4.8580911934e-01	-4.9448617898e-01	-4.9448617898e-01	-4.9448617898e-01	-5.0157893771e-01	-5.0900057586e-01	-5.0900057586e-01	-5.0900057586e-01	-5.2315821087e-01	-5.3492781172e-01	-5.3492781172e-01	-5.3492781172e-01	-5.3492781172e-01	-5.4160437663e-01	-5.4762063992e-01	-5.4762063992e-01	-5.4762063992e-01	-5.5993335713e-01	-5.6662492775e-01	-5.6662492775e-01	-5.6662492775e-01	-5.7874305139e-01	-5.7874305139e-01	-5.7874305139e-01	-5.8503329981e-01	-5.8503329981e-01	-5.9440787072e-01	-5.9440787072e-01	-6.0675124351e-01	-6.0675124351e-01	-6.1069931023e-01	-6.1069931023e-01	-6.1069931023e-01	-6.1669605634e-01	-6.2109504716e-01	-6.2109504716e-01	-6.3144839202e-01	-6.3144839202e-01	-6.3633080710e-01	-6.3633080710e-01	-6.3633080710e-01	-6.4394497410e-01	-6.4394497410e-01	-6.4461511120e-01	-6.5360379632e-01	-6.5360379632e-01	-6.5337572781e-01	-6.5337572781e-01	-6.5337572781e-01	-6.6185159454e-01	
248	0.0	-4.5898976821e-03	-4.5898976821e-03	-3.1779776642e-02	-6.3708767289e-02	-6.3708767289e-02	-6.3708767289e-02	-6.3708767289e-02	-1.0568097647e-01	-1.0568097647e-01	-1.0568097647e-01	-1.0568097647e-01	-1.5314397586e-01	-1.5314397586e-01	-1.5314397586e-01	-1.9140481736e-01	-2.0239539072e-01	-2.0239539072e-01	-2.0239539072e-01	-2.4052331626e-01	-2.5103185424e-01	-2.5103185424e-01	-2.5103185424e-01	-2.5103185424e-01	-2.9667370242e-01	-2.9667370242e-01	-2.9667370242e-01	-3.2622765619e-01	-3.3667017564e-01	-3.3667017564e-01	-3.3667017564e-01	-3.5989469988e-01	-3.7049161777e-01	-3.7049161777e-01	-3.7049161777e-01	-3.8864572178e-01	-3.9784874344e-01	-3.9784874344e-01	-3.9784874344e-01	-4.1244074252e-01	-4.2682337011e-01	-4.2682337011e-01	-4.2682337011e-01	-4.5064661442e-01	-4.5064661442e-01	-4.5818358895e-01	-4.5818358895e-01	-4.5818358895e-01	-4.7704834713e-01	-4.7704834713e-01	-4.7704834713e-01	-4.8579908376e-01	-4.9447608618e-01	-4.9447608618e-01	-4.9447608618e-01	-5.0156879925e-01	-5.0899040337e-01	-5.0899040337e-01	-5.0899040337e-01	-5.2314793011e-01	-5.3491748683e-01	-5.3491748683e-01	-5.3491748683e-01	-5.3491748683e-01	-5.4159393029e-01	-5.4761015444e-01	-5.4761015444e-01	-5.4761015444e-01	-5.5992255526e-01	-5.6661408963e-01	-5.6661408963e-01	-5.6661408963e-01	-5.7873201436e-01	-5.7873201436e-01	-5.7873201436e-01	-5.8502206017e-01	-5.8502206017e-01	-5.9439664968e-01	-5.9439664968e-01	-6.0673955307e-01	-6.0673955307e-01	-6.1068764003e-01	-6.1068764003e-01	-6.1068764003e-01	-6.1668414803e-01	-6.2108318777e-01	-6.2108318777e-01	-6.3143615425e-01	-6.3143615425e-01	-6.3631869479e-01	-6.3631869479e-01	-6.3631869479e-01	-6.4393256880e-01	-6.4393256880e-01	-6.4460282337e-01	-6.5359114158e-01	-6.5359114158e-01	-6.5336325108e-01	-6.5336325108e-01	-6.5336325108e-01	-6.6183892767e-01	
249	0.0	-4.5891755222e-03	-4.5891755222e-03	-3.1779146049e-02	-6.3706719116e-02	-6.3706719116e-02	-6.3706719116e-02	-6.3706719116e-02	-1.0567729876e-01	-1.0567729876e-01	-1.0567729876e-01	-1.0567729876e-01	-1.5313854465e-01	-1.5313854465e-01	-1.5313854465e-01	-1.9139805535e-01	-2.0238831130e-01	-2.0238831130e-01	-2.0238831130e-01	-2.4051517317e-01	-2.5102343892e-01	-2.5102343892e-01	-2.5102343892e-01	-2.5102343892e-01	-2.9666447500e-01	-2.9666447500e-01	-2.9666447500e-01	-3.2621836501e-01	-3.3666065969e-01	-3.3666065969e-01	-3.3666065969e-01	-3.5988538514e-01	-3.7048210637e-01	-3.7048210637e-01	-3.7048210637e-01	-3.8863651359e-01	-3.9783938577e-01	-3.9783938577e-01	-3.9783938577e-01	-4.1243165844e-01	-4.2681408431e-01	-4.2681408431e-01	-4.2681408431e-01	-4.5063789322e-01	-4.5063789322e-01	-4.5817479581e-01	-4.5817479581e-01	-4.5817479581e-01	-4.7703965957e-01	-4.7703965957e-01	-4.7703965957e-01	-4.8579044355e-01	-4.9446739511e-01	-4.9446739511e-01	-4.9446739511e-01	-5.0156008982e-01	-5.0898166571e-01	-5.0898166571e-01	-5.0898166571e-01	-5.2313913676e-01	-5.3490865716e-01	-5.3490865716e-01	-5.3490865716e-01	-5.3490865716e-01	-5.4158499920e-01	-5.4760118734e-01	-5.4760118734e-01	-5.4760118734e-01	-5.5991330329e-01	-5.6660480480e-01	-5.6660480480e-01	-5.6660480480e-01	-5.7872254947e-01	-5.7872254947e-01	-5.7872254947e-01	-5.8501240888e-01	-5.8501240888e-01	-5.9438702076e-01	-5.9438702076e-01	-6.0672948939e-01	-6.0672948939e-01	-6.1067759786e-01	-6.1067759786e-01	-6.1067759786e-01	-6.1667388477e-01	-6.2107297391e-01	-6.2107297391e-01	-6.3142558972e-01	-6.3142558972e-01	-6.3630825460e-01	-6.3630825460e-01	-6.3630825460e-01	-6.4392185691e-01	-6.4392185691e-01	-6.4459222759e-01	-6.5358019950e-01	-6.5358019950e-01	-6.5335248426e-01	-6.5335248426e-01	-6.5335248426e-01	-6.6182798258e-01	
250	0.0	-4.5884935166e-03	-4.5884935166e-03	-3.1778548870e-02	-6.3704805544e-02	-6.3704805544e-02	-6.3704805544e-02	-6.3704805544e-02	-1.0567386244e-01	-1.0567386244e-01	-1.0567386244e-01	-1.0567386244e-01	-1.5313347549e-01	-1.5313347549e-01	-1.5313347549e-01	-1.9139176527e-01	-2.0238171885e-01	-2.0238171885e-01	-2.0238171885e-01	-2.4050762925e-01	-2.5101563580e-01	-2.5101563580e-01	-2.5101563580e-01	-2.5101563580e-01	-2.9665598567e-01	-2.9665598567e-01	-2.9665598567e-01	-3.2620992308e-01	-3.3665200371e-01	-3.3665200371e-01	-3.3665200371e-01	-3.5987702979e-01	-3.7047356431e-01	-3.7047356431e-01	-3.7047356431e-01	-3.8862836105e-01	-3.9783109176e-01	-3.9783109176e-01	-3.9783109176e-01	-4.1242371184e-01	-4.2680594802e-01	-4.2680594802e-01	-4.2680594802e-01	-4.5063044408e-01	-4.5063044408e-01	-4.5816727972e-01	-4.5816727972e-01	-4.5816727972e-01	-4.7703230257e-01	-4.7703230257e-01	-4.7703230257e-01	-4.8578316827e-01	-4.9446007576e-01	-4.9446007576e-01	-4.9446007576e-01	-5.0155277795e-01	-5.0897433171e-01	-5.0897433171e-01	-5.0897433171e-01	-5.2313179683e-01	-5.3490128929e-01	-5.3490128929e-01	-5.3490128929e-01	-5.3490128929e-01	-5.4157754916e-01	-5.4759370490e-01	-5.4759370490e-01	-5.4759370490e-01	-5.5990556668e-01	-5.6659703927e-01	-5.6659703927e-01	-5.6659703927e-01	-5.7871462283e-01	-5.7871462283e-01	-5.7871462283e-01	-5.8500431188e-01	-5.8500431188e-01	-5.9437895057e-01	-5.9437895057e-01	-6.0672101911e-01	-6.0672101911e-01	-6.1066915078e-01	-6.1066915078e-01	-6.1066915078e-01	-6.1666523366e-01	-6.2106437318e-01	-6.2106437318e-01	-6.3141666587e-01	-6.3141666587e-01	-6.3629945464e-01	-6.3629945464e-01	-6.3629945464e-01	-6.4391280637e-01	-6.4391280637e-01	-6.4458329205e-01	-6.5357093797e-01	-6.5357093797e-01	-6.5334339554e-01	-6.5334339554e-01	-6.5334339554e-01	-6.6181872734e-01	
251	0.0	-4.5878525493e-03	-4.5878525493e-03	-3.1777986442e-02	-6.3703028471e-02	-6.3703028471e-02	-6.3703028471e-02	-6.3703028471e-02	-1.0567067079e-01	-1.0567067079e-01	-1.0567067079e-01	-1.0567067079e-01	-1.5312877277e-01	-1.5312877277e-01	-1.5312877277e-01	-1.9138595102e-01	-2.0237561818e-01	-2.0237561818e-01	-2.0237561818e-01	-2.4050068745e-01	-2.5100844868e-01	-2.5100844868e-01	-2.5100844868e-01	-2.5100844868e-01	-2.9664823494e-01	-2.9664823494e-01	-2.9664823494e-01	-3.2620232494e-01	-3.3664420303e-01	-3.3664420303e-01	-3.3664420303e-01	-3.5986962280e-01	-3.7046598131e-01	-3.7046598131e-01	-3.7046598131e-01	-3.8862124786e-01	-3.9782384570e-01	-3.9782384570e-01	-3.9782384570e-01	-4.1241688181e-01	-4.2679894115e-01	-4.2679894115e-01	-4.2679894115e-01	-4.5062423781e-01	-4.5062423781e-01	-4.5816101195e-01	-4.5816101195e-01	-4.5816101195e-01	-4.7702624445e-01	-4.7702624445e-01	-4.7702624445e-01	-4.8577722408e-01	-4.9445409459e-01	-4.9445409459e-01	-4.9445409459e-01	-5.0154682869e-01	-5.0896836663e-01	-5.0896836663e-01	-5.0896836663e-01	-5.2312587282e-01	-5.3489534617e-01	-5.3489534617e-01	-5.3489534617e-01	-5.3489534617e-01	-5.4157154236e-01	-5.4758766973e-01	-5.4758766973e-01	-5.4758766973e-01	-5.5989930731e-01	-5.6659075531e-01	-5.6659075531e-01	-5.6659075531e-01	-5.7870819679e-01	-5.7870819679e-01	-5.7870819679e-01	-5.8499773129e-01	-5.8499773129e-01	-5.9437240177e-01	-5.9437240177e-01	-6.0671410482e-01	-6.0671410482e-01	-6.1066226167e-01	-6.1066226167e-01	-6.1066226167e-01	-6.1665815764e-01	-6.2105734883e-01	-6.2105734883e-01	-6.3140934579e-01	-6.3140934579e-01	-6.3629225842e-01	-6.3629225842e-01	-6.3629225842e-01	-6.4390538055e-01	-6.4390538055e-01	-6.4457598016e-01	-6.5356332033e-01	-6.5356332033e-01	-6.5333594820e-01	-6.5333594820e-01	-6.5333594820e-01	-6.6181112515e-01	
252	0.0	-4.5872533331e-03	-4.5872533331e-03	-3.1777460324e-02	-6.3701389827e-02	-6.3701389827e-02	-6.3701389827e-02	-6.3701389827e-02	-1.0566772719e-01	-1.0566772719e-01	-1.0566772719e-01	-1.0566772719e-01	-1.5312444125e-01	-1.5312444125e-01	-1.5312444125e-01	-1.9138061691e-01	-2.0237001481e-01	-2.0237001481e-01	-2.0237001481e-01	-2.4049435162e-01	-2.5100188258e-01	-2.5100188258e-01	-2.5100188258e-01	-2.5100188258e-01	-2.9664122527e-01	-2.9664122527e-01	-2.9664122527e-01	-3.2619556752e-01	-3.3663725577e-01	-3.3663725577e-01	-3.3663725577e-01	-3.5986315648e-01	-3.7045935085e-01	-3.7045935085e-01	-3.7045935085e-01	-3.8861516206e-01	-3.9781763663e-01	-3.9781763663e-01	-3.9781763663e-01	-4.1241115278e-01	-4.2679304972e-01	-4.2679304972e-01	-4.2679304972e-01	-4.5061925234e-01	-4.5061925234e-01	-4.5815597136e-01	-4.5815597136e-01	-4.5815597136e-01	-4.7702146229e-01	-4.7702146229e-01	-4.7702146229e-01	-4.8577258653e-01	-4.9444942812e-01	-4.9444942812e-01	-4.9444942812e-01	-5.0154221769e-01	-5.0896374694e-01	-5.0896374694e-01	-5.0896374694e-01	-5.2312133961e-01	-5.3489080415e-01	-5.3489080415e-01	-5.3489080415e-01	-5.3489080415e-01	-5.4156695495e-01	-5.4758305897e-01	-5.4758305897e-01	-5.4758305897e-01	-5.5989450273e-01	-5.6658593159e-01	-5.6658593159e-01	-5.6658593159e-01	-5.7870325126e-01	-5.7870325126e-01	-5.7870325126e-01	-5.8499264741e-01	-5.8499264741e-01	-5.9436735629e-01	-5.9436735629e-01	-6.0670872937e-01	-6.0670872937e-01	-6.1065691432e-01	-6.1065691432e-01	-6.1065691432e-01	-6.1665264100e-01	-6.2105188624e-01	-6.2105188624e-01	-6.3140361563e-01	-6.3140361563e-01	-6.3628665351e-01	-6.3628665351e-01	-6.3628665351e-01	-6.4389956761e-01	-6.4389956761e-01	-6.4457028068e-01	-6.5355733617e-01	-6.5355733617e-01	-6.5333013232e-01	-6.5333013232e-01	-6.5333013232e-01	-6.6180516718e-01	
253	0.0	-4.5866969255e-03	-4.5866969255e-03	-3.1776970659e-02	-6.3699890314e-02	-6.3699890314e-02	-6.3699890314e-02	-6.3699890314e-02	-1.0566503288e-01	-1.0566503288e-01	-1.0566503288e-01	-1.0566503288e-01	-1.5312048236e-01	-1.5312048236e-01	-1.5312048236e-01	-1.9137576381e-01	-2.0236490962e-01	-2.0236490962e-01	-2.0236490962e-01	-2.4048862089e-01	-2.5099593653e-01	-2.5099593653e-01	-2.5099593653e-01	-2.5099593653e-01	-2.9663495166e-01	-2.9663495166e-01	-2.9663495166e-01	-3.2618964025e-01	-3.3663115113e-01	-3.3663115113e-01	-3.3663115113e-01	-3.5985761410e-01	-3.7045365586e-01	-3.7045365586e-01	-3.7045365586e-01	-3.8861008105e-01	-3.9781244160e-01	-3.9781244160e-01	-3.9781244160e-01	-4.1240649706e-01	-4.2678824532e-01	-4.2678824532e-01	-4.2678824532e-01	-4.5061545090e-01	-4.5061545090e-01	-4.5815212066e-01	-4.5815212066e-01	-4.5815212066e-01	-4.7701791513e-01	-4.7701791513e-01	-4.7701791513e-01	-4.8576921290e-01	-4.9444603277e-01	-4.9444603277e-01	-4.9444603277e-01	-5.0153890027e-01	-5.0896042709e-01	-5.0896042709e-01	-5.0896042709e-01	-5.2311814953e-01	-5.3488761418e-01	-5.3488761418e-01	-5.3488761418e-01	-5.3488761418e-01	-5.4156373741e-01	-5.4757982238e-01	-5.4757982238e-01	-5.4757982238e-01	-5.5989110245e-01	-5.6658251676e-01	-5.6658251676e-01	-5.6658251676e-01	-5.7869973402e-01	-5.7869973402e-01	-5.7869973402e-01	-5.8498900797e-01	-5.8498900797e-01	-5.9436376028e-01	-5.9436376028e-01	-6.0670483907e-01	-6.0670483907e-01	-6.1065305408e-01	-6.1065305408e-01	-6.1065305408e-01	-6.1664862923e-01	-6.2104792970e-01	-6.2104792970e-01	-6.3139942009e-01	-6.3139942009e-01	-6.3628258273e-01	-6.3628258273e-01	-6.3628258273e-01	-6.4389531073e-01	-6.4389531073e-01	-6.4456613547e-01	-6.5355292817e-01	-6.5355292817e-01	-6.5332588895e-01	-6.5332588895e-01	-6.5332588895e-01	-6.6180079440e-01	
254	0.0	-4.5861838838e-03	-4.5861838838e-03	-3.1776517589e-02	-6.3698529563e-02	-6.3698529563e-02	-6.3698529563e-02	-6.3698529563e-02	-1.0566258717e-01	-1.0566258717e-01	-1.0566258717e-01	-1.0566258717e-01	-1.5311689463e-01	-1.5311689463e-01	-1.5311689463e-01	-1.9137138870e-01	-2.0236029963e-01	-2.0236029963e-01	-2.0236029963e-01	-2.4048348942e-01	-2.5099060462e-01	-2.5099060462e-01	-2.5099060462e-01	-2.5099060462e-01	-2.9662940320e-01	-2.9662940320e-01	-2.9662940320e-01	-3.2618452567e-01	-3.3662587140e-01	-3.3662587140e-01	-3.3662587140e-01	-3.5985297118e-01	-3.7044887151e-01	-3.7044887151e-01	-3.7044887151e-01	-3.8860597356e-01	-3.9780822897e-01	-3.9780822897e-01	-3.9780822897e-01	-4.1240287740e-01	-4.2678449000e-01	-4.2678449000e-01	-4.2678449000e-01	-4.5061278572e-01	-4.5061278572e-01	-4.5814941155e-01	-4.5814941155e-01	-4.5814941155e-01	-4.7701555017e-01	-4.7701555017e-01	-4.7701555017e-01	-4.8576704767e-01	-4.9444385220e-01	-4.9444385220e-01	-4.9444385220e-01	-5.0153681812e-01	-5.0895834794e-01	-5.0895834794e-01	-5.0895834794e-01	-5.2311623969e-01	-5.3488571202e-01	-5.3488571202e-01	-5.3488571202e-01	-5.3488571202e-01	-5.4156182417e-01	-5.4757789368e-01	-5.4757789368e-01	-5.4757789368e-01	-5.5988903834e-01	-5.6658044188e-01	-5.6658044188e-01	-5.6658044188e-01	-5.7869757439e-01	-5.7869757439e-01	-5.7869757439e-01	-5.8498674146e-01	-5.8498674146e-01	-5.9436154074e-01	-5.9436154074e-01	-6.0670235923e-01	-6.0670235923e-01	-6.1065060541e-01	-6.1065060541e-01	-6.1065060541e-01	-6.1664604602e-01	-6.2104540186e-01	-6.2104540186e-01	-6.3139668060e-01	-6.3139668060e-01	-6.3627996587e-01	-6.3627996587e-01	-6.3627996587e-01	-6.4389252880e-01	-6.4389252880e-01	-6.4456346242e-01	-6.5355001367e-01	-6.5355001367e-01	-6.5332313421e-01	-6.5332313421e-01	-6.5332313421e-01	-6.6179792187e-01	
255	0.0	-4.5857142396e-03	-4.5857142396e-03	-3.1776102096e-02	-6.3697307452e-02	-6.3697307452e-02	-6.3697307452e-02	-6.3697307452e-02	-1.0566038985e-01	-1.0566038985e-01	-1.0566038985e-01	-1.0566038985e-01	-1.5311367754e-01	-1.5311367754e-01	-1.5311367754e-01	-1.9136748926e-01	-2.0235618340e-01	-2.0235618340e-01	-2.0235618340e-01	-2.4047895294e-01	-2.5098588342e-01	-2.5098588342e-01	-2.5098588342e-01	-2.5098588342e-01	-2.9662457254e-01	-2.9662457254e-01	-2.9662457254e-01	-3.2618021019e-01	-3.3662140381e-01	-3.3662140381e-01	-3.3662140381e-01	-3.5984920850e-01	-3.7044497941e-01	-3.7044497941e-01	-3.7044497941e-01	-3.8860281526e-01	-3.9780497510e-01	-3.9780497510e-01	-3.9780497510e-01	-4.1240026502e-01	-4.2678175606e-01	-4.2678175606e-01	-4.2678175606e-01	-4.5061122021e-01	-4.5061122021e-01	-4.5814780807e-01	-4.5814780807e-01	-4.5814780807e-01	-4.7701432882e-01	-4.7701432882e-01	-4.7701432882e-01	-4.8576605010e-01	-4.9444284628e-01	-4.9444284628e-01	-4.9444284628e-01	-5.0153592969e-01	-5.0895746848e-01	-5.0895746848e-01	-5.0895746848e-01	-5.2311556636e-01	-5.3488505490e-01	-5.3488505490e-01	-5.3488505490e-01	-5.3488505490e-01	-5.4156117165e-01	-5.4757723002e-01	-5.4757723002e-01	-5.4757723002e-01	-5.5988826665e-01	-5.6657966400e-01	-5.6657966400e-01	-5.6657966400e-01	-5.7869672976e-01	-5.7869672976e-01	-5.7869672976e-01	-5.8498580487e-01	-5.8498580487e-01	-5.9436065585e-01	-5.9436065585e-01	-6.0670124732e-01	-6.0670124732e-01	-6.1064952644e-01	-6.1064952644e-01	-6.1064952644e-01	-6.1664484917e-01	-6.2104426126e-01	-6.2104426126e-01	-6.3139535516e-01	-6.3139535516e-01	-6.3627876198e-01	-6.3627876198e-01	-6.3627876198e-01	-6.4389118044e-01	-6.4389118044e-01	-6.4456222063e-01	-6.5354855167e-01	-6.5354855167e-01	-6.5332182755e-01	-6.5332182755e-01	-6.5332182755e-01	-6.6179650943e-01	
256	0.0	-4.5852881360e-03	-4.5852881360e-03	-3.1775724507e-02	-6.3696223322e-02	-6.3696223322e-02	-6.3696223322e-02	-6.3696223322e-02	-1.0565843976e-01	-1.0565843976e-01	-1.0565843976e-01	-1.0565843976e-01	-1.5311082906e-01	-1.5311082906e-01	-1.5311082906e-01	-1.9136406168e-01	-2.0235255746e-01	-2.0235255746e-01	-2.0235255746e-01	-2.4047500516e-01	-2.5098176694e-01	-2.5098176694e-01	-2.5098176694e-01	-2.5098176694e-01	-2.9662044943e-01	-2.9662044943e-01	-2.9662044943e-01	-3.2617667751e-01	-3.3661773239e-01	-3.3661773239e-01	-3.3661773239e-01	-3.5984630392e-01	-3.7044195769e-01	-3.7044195769e-01	-3.7044195769e-01	-3.8860057853e-01	-3.9780265257e-01	-3.9780265257e-01	-3.9780265257e-01	-4.1239862764e-01	-4.2678001146e-01	-4.2678001146e-01	-4.2678001146e-01	-4.5061071381e-01	-4.5061071381e-01	-4.5814726980e-01	-4.5814726980e-01	-4.5814726980e-01	-4.7701420764e-01	-4.7701420764e-01	-4.7701420764e-01	-4.8576617482e-01	-4.9444296962e-01	-4.9444296962e-01	-4.9444296962e-01	-5.0153618830e-01	-5.0895774192e-01	-5.0895774192e-01	-5.0895774192e-01	-5.2311608039e-01	-5.3488559357e-01	-5.3488559357e-01	-5.3488559357e-01	-5.3488559357e-01	-5.4156172996e-01	-5.4757778157e-01	-5.4757778157e-01	-5.4757778157e-01	-5.5988873694e-01	-5.6658013273e-01	-5.6658013273e-01	-5.6658013273e-01	-5.7869714947e-01	-5.7869714947e-01	-5.7869714947e-01	-5.8498614732e-01	-5.8498614732e-01	-5.9436105464e-01	-5.9436105464e-01	-6.0670145193e-01	-6.0670145193e-01	-6.1064976568e-01	-6.1064976568e-01	-6.1064976568e-01	-6.1664498700e-01	-6.2104445611e-01	-6.2104445611e-01	-6.3139539180e-01	-6.3139539180e-01	-6.3627891875e-01	-6.3627891875e-01	-6.3627891875e-01	-6.4389121324e-01	-6.4389121324e-01	-6.4456235731e-01	-6.5354848979e-01	-6.5354848979e-01	-6.5332191605e-01	-6.5332191605e-01	-6.5332191605e-01	-6.6179650437e-01	
257	0.0	-4.5849056350e-03	-4.5849056350e-03	-3.1775384796e-02	-6.3695275924e-02	-6.3695275924e-02	-6.3695275924e-02	-6.3695275924e-02	-1.0565673469e-01	-1.0565673469e-01	-1.0565673469e-01	-1.0565673469e-01	-1.5310834559e-01	-1.5310834559e-01	-1.5310834559e-01	-1.9136110028e-01	-2.0234941624e-01	-2.0234941624e-01	-2.0234941624e-01	-2.4047163745e-01	-2.5097824662e-01	-2.5097824662e-01	-2.5097824662e-01	-2.5097824662e-01	-2.9661702062e-01	-2.9661702062e-01	-2.9661702062e-01	-3.2617390833e-01	-3.3661483783e-01	-3.3661483783e-01	-3.3661483783e-01	-3.5984423196e-01	-3.7043978083e-01	-3.7043978083e-01	-3.7043978083e-01	-3.8859923218e-01	-3.9780123015e-01	-3.9780123015e-01	-3.9780123015e-01	-4.1239792914e-01	-4.2677921991e-01	-4.2677921991e-01	-4.2677921991e-01	-4.5061122181e-01	-4.5061122181e-01	-4.5814775191e-01	-4.5814775191e-01	-4.5814775191e-01	-4.7701513848e-01	-4.7701513848e-01	-4.7701513848e-01	-4.8576737171e-01	-4.9444417180e-01	-4.9444417180e-01	-4.9444417180e-01	-5.0153754225e-01	-5.0895911623e-01	-5.0895911623e-01	-5.0895911623e-01	-5.2311772732e-01	-5.3488727309e-01	-5.3488727309e-01	-5.3488727309e-01	-5.3488727309e-01	-5.4156344349e-01	-5.4757949254e-01	-5.4757949254e-01	-5.4757949254e-01	-5.5989039268e-01	-5.6658179133e-01	-5.6658179133e-01	-5.6658179133e-01	-5.7869877625e-01	-5.7869877625e-01	-5.7869877625e-01	-5.8498771128e-01	-5.8498771128e-01	-5.9436267912e-01	-5.9436267912e-01	-6.0670291448e-01	-6.0670291448e-01	-6.1065126429e-01	-6.1065126429e-01	-6.1065126429e-01	-6.1664640038e-01	-6.2104592690e-01	-6.2104592690e-01	-6.3139673070e-01	-6.3139673070e-01	-6.3628037571e-01	-6.3628037571e-01	-6.3628037571e-01	-6.4389256646e-01	-6.4389256646e-01	-6.4456381123e-01	-6.5354976704e-01	-6.5354976704e-01	-6.5332333798e-01	-6.5332333798e-01	-6.5332333798e-01	-6.6179784508e-01	
258	0.0	-4.5845670516e-03	-4.5845670516e-03	-3.1775082136e-02	-6.3694463502e-02	-6.3694463502e-02	-6.3694463502e-02	-6.3694463502e-02	-1.0565527154e-01	-1.0565527154e-01	-1.0565527154e-01	-1.0565527154e-01	-1.5310622231e-01	-1.5310622231e-01	-1.5310622231e-01	-1.9135859851e-01	-2.0234675260e-01	-2.0234675260e-01	-2.0234675260e-01	-2.4046884003e-01	-2.5097531206e-01	-2.5097531206e-01	-2.5097531206e-01	-2.5097531206e-01	-2.9661427091e-01	-2.9661427091e-01	-2.9661427091e-01	-3.2617188196e-01	-3.3661269884e-01	-3.3661269884e-01	-3.3661269884e-01	-3.5984296581e-01	-3.7043842134e-01	-3.7043842134e-01	-3.7043842134e-01	-3.8859874364e-01	-3.9780067464e-01	-3.9780067464e-01	-3.9780067464e-01	-4.1239813208e-01	-4.2677934294e-01	-4.2677934294e-01	-4.2677934294e-01	-4.5061269829e-01	-4.5061269829e-01	-4.5814920781e-01	-4.5814920781e-01	-4.5814920781e-01	-4.7701707146e-01	-4.7701707146e-01	-4.7701707146e-01	-4.8576958950e-01	-4.9444640063e-01	-4.9444640063e-01	-4.9444640063e-01	-5.0153993853e-01	-5.0896153755e-01	-5.0896153755e-01	-5.0896153755e-01	-5.2312045177e-01	-5.3489003674e-01	-5.3489003674e-01	-5.3489003674e-01	-5.3489003674e-01	-5.4156625523e-01	-5.4758230524e-01	-5.4758230524e-01	-5.4758230524e-01	-5.5989317627e-01	-5.6658458144e-01	-5.6658458144e-01	-5.6658458144e-01	-5.7870155110e-01	-5.7870155110e-01	-5.7870155110e-01	-5.8499043787e-01	-5.8499043787e-01	-5.9436546907e-01	-5.9436546907e-01	-6.0670557492e-01	-6.0670557492e-01	-6.1065396143e-01	-6.1065396143e-01	-6.1065396143e-01	-6.1664902855e-01	-6.2104861195e-01	-6.2104861195e-01	-6.3139931039e-01	-6.3139931039e-01	-6.3628306994e-01	-6.3628306994e-01	-6.3628306994e-01	-6.4389517736e-01	-6.4389517736e-01	-6.4456651869e-01	-6.5355232043e-01	-6.5355232043e-01	-6.5332602917e-01	-6.5332602917e-01	-6.5332602917e-01	-6.6180046770e-01	
259	0.0	-4.5842717213e-03	-4.5842717213e-03	-3.1774816797e-02	-6.3693783857e-02	-6.3693783857e-02	-6.3693783857e-02	-6.3693783857e-02	-1.0565404641e-01	-1.0565404641e-01	-1.0565404641e-01	-1.0565404641e-01	-1.5310445308e-01	-1.5310445308e-01	-1.5310445308e-01	-1.9135654701e-01	-2.0234455765e-01	-2.0234455765e-01	-2.0234455765e-01	-2.4046659991e-01	-2.5097295075e-01	-2.5097295075e-01	-2.5097295075e-01	-2.5097295075e-01	-2.9661218270e-01	-2.9661218270e-01	-2.9661218270e-01	-3.2617057411e-01	-3.3661129159e-01	-3.3661129159e-01	-3.3661129159e-01	-3.5984247492e-01	-3.7043784913e-01	-3.7043784913e-01	-3.7043784913e-01	-3.8859907665e-01	-3.9780095015e-01	-3.9780095015e-01	-3.9780095015e-01	-4.1239919519e-01	-4.2678033983e-01	-4.2678033983e-01	-4.2678033983e-01	-4.5061509327e-01	-4.5061509327e-01	-4.5815158783e-01	-4.5815158783e-01	-4.5815158783e-01	-4.7701995357e-01	-4.7701995357e-01	-4.7701995357e-01	-4.8577277260e-01	-4.9444960077e-01	-4.9444960077e-01	-4.9444960077e-01	-5.0154331992e-01	-5.0896494883e-01	-5.0896494883e-01	-5.0896494883e-01	-5.2312419305e-01	-5.3489382416e-01	-5.3489382416e-01	-5.3489382416e-01	-5.3489382416e-01	-5.4157010351e-01	-5.4758615835e-01	-5.4758615835e-01	-5.4758615835e-01	-5.5989702434e-01	-5.6658844004e-01	-5.6658844004e-01	-5.6658844004e-01	-5.7870541030e-01	-5.7870541030e-01	-5.7870541030e-01	-5.8499426239e-01	-5.8499426239e-01	-5.9436936027e-01	-5.9436936027e-01	-6.0670936697e-01	-6.0670936697e-01	-6.1065779114e-01	-6.1065779114e-01	-6.1065779114e-01	-6.1665280452e-01	-6.2105244459e-01	-6.2105244459e-01	-6.3140306250e-01	-6.3140306250e-01	-6.3628693347e-01	-6.3628693347e-01	-6.3628693347e-01	-6.4389897664e-01	-6.4389897664e-01	-6.4457041058e-01	-6.5355607986e-01	-6.5355607986e-01	-6.5332991973e-01	-6.5332991973e-01	-6.5332991973e-01	-6.6180430188e-01	
260	0.0	-4.5840190200e-03	-4.5840190200e-03	-3.1774588551e-02	-6.3693234270e-02	-6.3693234270e-02	-6.3693234270e-02	-6.3693234270e-02	-1.0565305445e-01	-1.0565305445e-01	-1.0565305445e-01	-1.0565305445e-01	-1.5310303045e-01	-1.5310303045e-01	-1.5310303045e-01	-1.9135493509e-01	-2.0234282080e-01	-2.0234282080e-01	-2.0234282080e-01	-2.4046490247e-01	-2.5097114815e-01	-2.5097114815e-01	-2.5097114815e-01	-2.5097114815e-01	-2.9661073617e-01	-2.9661073617e-01	-2.9661073617e-01	-3.2616995855e-01	-3.3661058994e-01	-3.3661058994e-01	-3.3661058994e-01	-3.5984272678e-01	-3.7043803178e-01	-3.7043803178e-01	-3.7043803178e-01	-3.8860019292e-01	-3.9780201844e-01	-3.9780201844e-01	-3.9780201844e-01	-4.1240107519e-01	-4.2678216732e-01	-4.2678216732e-01	-4.2678216732e-01	-4.5061835486e-01	-4.5061835486e-01	-4.5815484013e-01	-4.5815484013e-01	-4.5815484013e-01	-4.7702372962e-01	-4.7702372962e-01	-4.7702372962e-01	-4.8577686354e-01	-4.9445371464e-01	-4.9445371464e-01	-4.9445371464e-01	-5.0154762724e-01	-5.0896929073e-01	-5.0896929073e-01	-5.0896929073e-01	-5.2312888882e-01	-5.3489857284e-01	-5.3489857284e-01	-5.3489857284e-01	-5.3489857284e-01	-5.4157492482e-01	-5.4759098834e-01	-5.4759098834e-01	-5.4759098834e-01	-5.5990187198e-01	-5.6659330222e-01	-5.6659330222e-01	-5.6659330222e-01	-5.7871028826e-01	-5.7871028826e-01	-5.7871028826e-01	-5.8499911866e-01	-5.8499911866e-01	-5.9437428645e-01	-5.9437428645e-01	-6.0671422318e-01	-6.0671422318e-01	-6.1066268594e-01	-6.1066268594e-01	-6.1066268594e-01	-6.1665766023e-01	-6.2105735677e-01	-6.2105735677e-01	-6.3140791796e-01	-6.3140791796e-01	-6.3629189719e-01	-6.3629189719e-01	-6.3629189719e-01	-6.4390389440e-01	-6.4390389440e-01	-6.4457541693e-01	-6.5356097483e-01	-6.5356097483e-01	-6.5333493911e-01	-6.5333493911e-01	-6.5333493911e-01	-6.6180927690e-01	
261	0.0	-4.5838080948e-03	-4.5838080948e-03	-3.1774396726e-02	-6.3692810869e-02	-6.3692810869e-02	-6.3692810869e-02	-6.3692810869e-02	-1.0565228872e-01	-1.0565228872e-01	-1.0565228872e-01	-1.0565228872e-01	-1.5310194376e-01	-1.5310194376e-01	-1.5310194376e-01	-1.9135374797e-01	-2.0234152706e-01	-2.0234152706e-01	-2.0234152706e-01	-2.4046372780e-01	-2.5096988412e-01	-2.5096988412e-01	-2.5096988412e-01	-2.5096988412e-01	-2.9660990481e-01	-2.9660990481e-01	-2.9660990481e-01	-3.2617000172e-01	-3.3661056011e-01	-3.3661056011e-01	-3.3661056011e-01	-3.5984368075e-01	-3.7043892833e-01	-3.7043892833e-01	-3.7043892833e-01	-3.8860204530e-01	-3.9780383210e-01	-3.9780383210e-01	-3.9780383210e-01	-4.1240371936e-01	-4.2678477223e-01	-4.2678477223e-01	-4.2678477223e-01	-4.5062242125e-01	-4.5062242125e-01	-4.5815890258e-01	-4.5815890258e-01	-4.5815890258e-01	-4.7702833388e-01	-4.7702833388e-01	-4.7702833388e-01	-4.8578179448e-01	-4.9445867389e-01	-4.9445867389e-01	-4.9445867389e-01	-5.0155279076e-01	-5.0897449307e-01	-5.0897449307e-01	-5.0897449307e-01	-5.2313446654e-01	-5.3490420951e-01	-5.3490420951e-01	-5.3490420951e-01	-5.3490420951e-01	-5.4158064520e-01	-5.4759672093e-01	-5.4759672093e-01	-5.4759672093e-01	-5.5990764424e-01	-5.6659909262e-01	-5.6659909262e-01	-5.6659909262e-01	-5.7871610901e-01	-5.7871610901e-01	-5.7871610901e-01	-5.8500493045e-01	-5.8500493045e-01	-5.9438017070e-01	-5.9438017070e-01	-6.0672006612e-01	-6.0672006612e-01	-6.1066856802e-01	-6.1066856802e-01	-6.1066856802e-01	-6.1666351767e-01	-6.2106327001e-01	-6.2106327001e-01	-6.3141379795e-01	-6.3141379795e-01	-6.3629788163e-01	-6.3629788163e-01	-6.3629788163e-01	-6.4390985087e-01	-6.4390985087e-01	-6.4458145755e-01	-6.5356692519e-01	-6.5356692519e-01	-6.5334100663e-01	-6.5334100663e-01	-6.5334100663e-01	-6.6181531220e-01	
262	0.0	-4.5836382524e-03	-4.5836382524e-03	-3.1774240673e-02	-6.3692510474e-02	-6.3692510474e-02	-6.3692510474e-02	-6.3692510474e-02	-1.0565174367e-01	-1.0565174367e-01	-1.0565174367e-01	-1.0565174367e-01	-1.5310118467e-01	-1.5310118467e-01	-1.5310118467e-01	-1.9135297448e-01	-2.0234066501e-01	-2.0234066501e-01	-2.0234066501e-01	-2.4046306106e-01	-2.5096914364e-01	-2.5096914364e-01	-2.5096914364e-01	-2.5096914364e-01	-2.9660966893e-01	-2.9660966893e-01	-2.9660966893e-01	-3.2617067851e-01	-3.3661117690e-01	-3.3661117690e-01	-3.3661117690e-01	-3.5984530626e-01	-3.7044050819e-01	-3.7044050819e-01	-3.7044050819e-01	-3.8860459820e-01	-3.9780635551e-01	-3.9780635551e-01	-3.9780635551e-01	-4.1240708774e-01	-4.2678811455e-01	-4.2678811455e-01	-4.2678811455e-01	-4.5062724427e-01	-4.5062724427e-01	-4.5816372707e-01	-4.5816372707e-01	-4.5816372707e-01	-4.7703371497e-01	-4.7703371497e-01	-4.7703371497e-01	-4.8578751154e-01	-4.9446442468e-01	-4.9446442468e-01	-4.9446442468e-01	-5.0155875456e-01	-5.0898049990e-01	-5.0898049990e-01	-5.0898049990e-01	-5.2314086556e-01	-5.3491067364e-01	-5.3491067364e-01	-5.3491067364e-01	-5.3491067364e-01	-5.4158720210e-01	-5.4760329380e-01	-5.4760329380e-01	-5.4760329380e-01	-5.5991427520e-01	-5.6660574565e-01	-5.6660574565e-01	-5.6660574565e-01	-5.7872280537e-01	-5.7872280537e-01	-5.7872280537e-01	-5.8501162876e-01	-5.8501162876e-01	-5.9438694458e-01	-5.9438694458e-01	-6.0672682355e-01	-6.0672682355e-01	-6.1067536560e-01	-6.1067536560e-01	-6.1067536560e-01	-6.1667030317e-01	-6.2107011127e-01	-6.2107011127e-01	-6.3142062609e-01	-6.3142062609e-01	-6.3630481142e-01	-6.3630481142e-01	-6.3630481142e-01	-6.4391676820e-01	-6.4391676820e-01	-6.4458845533e-01	-6.5357385125e-01	-6.5357385125e-01	-6.5334804369e-01	-6.5334804369e-01	-6.5334804369e-01	-6.6182232772e-01	
263	0.0	-4.5835088030e-03	-4.5835088030e-03	-3.1774119200e-02	-6.3692329268e-02	-6.3692329268e-02	-6.3692329268e-02	-6.3692329268e-02	-1.0565141248e-01	-1.0565141248e-01	-1.0565141248e-01	-1.0565141248e-01	-1.5310074288e-01	-1.5310074288e-01	-1.5310074288e-01	-1.9135260109e-01	-2.0234022046e-01	-2.0234022046e-01	-2.0234022046e-01	-2.4046288430e-01	-2.5096890811e-01	-2.5096890811e-01	-2.5096890811e-01	-2.5096890811e-01	-2.9661000464e-01	-2.9661000464e-01	-2.9661000464e-01	-3.2617195969e-01	-3.3661241048e-01	-3.3661241048e-01	-3.3661241048e-01	-3.5984756833e-01	-3.7044273574e-01	-3.7044273574e-01	-3.7044273574e-01	-3.8860781144e-01	-3.9780954793e-01	-3.9780954793e-01	-3.9780954793e-01	-4.1241113574e-01	-4.2679214880e-01	-4.2679214880e-01	-4.2679214880e-01	-4.5063277201e-01	-4.5063277201e-01	-4.5816926112e-01	-4.5816926112e-01	-4.5816926112e-01	-4.7703981755e-01	-4.7703981755e-01	-4.7703981755e-01	-4.8579395816e-01	-4.9447090966e-01	-4.9447090966e-01	-4.9447090966e-01	-5.0156546071e-01	-5.0898725259e-01	-5.0898725259e-01	-5.0898725259e-01	-5.2314802669e-01	-5.3491790487e-01	-5.3491790487e-01	-5.3491790487e-01	-5.3491790487e-01	-5.4159453540e-01	-5.4761064621e-01	-5.4761064621e-01	-5.4761064621e-01	-5.5992170522e-01	-5.6661320093e-01	-5.6661320093e-01	-5.6661320093e-01	-5.7873031693e-01	-5.7873031693e-01	-5.7873031693e-01	-5.8501915385e-01	-5.8501915385e-01	-5.9439454715e-01	-5.9439454715e-01	-6.0673443576e-01	-6.0673443576e-01	-6.1068301828e-01	-6.1068301828e-01	-6.1068301828e-01	-6.1667795690e-01	-6.2107781997e-01	-6.2107781997e-01	-6.3142834278e-01	-6.3142834278e-01	-6.3631262587e-01	-6.3631262587e-01	-6.3631262587e-01	-6.4392458638e-01	-6.4392458638e-01	-6.4459634956e-01	-6.5358169328e-01	-6.5358169328e-01	-6.5335598963e-01	-6.5335598963e-01	-6.5335598963e-01	-6.6183026355e-01	
264	0.0	-4.5834182213e-03	-4.5834182213e-03	-3.1774031992e-02	-6.3692262935e-02	-6.3692262935e-02	-6.3692262935e-02	-6.3692262935e-02	-1.0565128743e-01	-1.0565128743e-01	-1.0565128743e-01	-1.0565128743e-01	-1.5310060664e-01	-1.5310060664e-01	-1.5310060664e-01	-1.9135261144e-01	-2.0234017723e-01	-2.0234017723e-01	-2.0234017723e-01	-2.4046317622e-01	-2.5096915649e-01	-2.5096915649e-01	-2.5096915649e-01	-2.5096915649e-01	-2.9661088526e-01	-2.9661088526e-01	-2.9661088526e-01	-3.2617381212e-01	-3.3661422798e-01	-3.3661422798e-01	-3.3661422798e-01	-3.5985042790e-01	-3.7044557221e-01	-3.7044557221e-01	-3.7044557221e-01	-3.8861164066e-01	-3.9781336524e-01	-3.9781336524e-01	-3.9781336524e-01	-4.1241581448e-01	-4.2679682645e-01	-4.2679682645e-01	-4.2679682645e-01	-4.5063894812e-01	-4.5063894812e-01	-4.5817544864e-01	-4.5817544864e-01	-4.5817544864e-01	-4.7704658280e-01	-4.7704658280e-01	-4.7704658280e-01	-4.8580107357e-01	-4.9447806824e-01	-4.9447806824e-01	-4.9447806824e-01	-5.0157284725e-01	-5.0899468931e-01	-5.0899468931e-01	-5.0899468931e-01	-5.2315588538e-01	-5.3492583894e-01	-5.3492583894e-01	-5.3492583894e-01	-5.3492583894e-01	-5.4160257986e-01	-5.4761871318e-01	-5.4761871318e-01	-5.4761871318e-01	-5.5992986845e-01	-5.6662139288e-01	-5.6662139288e-01	-5.6662139288e-01	-5.7873857802e-01	-5.7873857802e-01	-5.7873857802e-01	-5.8502743968e-01	-5.8502743968e-01	-5.9440291276e-01	-5.9440291276e-01	-6.0674283616e-01	-6.0674283616e-01	-6.1069145975e-01	-6.1069145975e-01	-6.1069145975e-01	-6.1668641209e-01	-6.2108632963e-01	-6.2108632963e-01	-6.3143688059e-01	-6.3143688059e-01	-6.3632125806e-01	-6.3632125806e-01	-6.3632125806e-01	-6.4393323773e-01	-6.4393323773e-01	-6.4460507284e-01	-6.5359038312e-01	-6.5359038312e-01	-6.5336477669e-01	-6.5336477669e-01	-6.5336477669e-01	-6.6183905171e-01	
265	0.0	-4.5833648245e-03	-4.5833648245e-03	-3.1773979157e-02	-6.3692307611e-02	-6.3692307611e-02	-6.3692307611e-02	-6.3692307611e-02	-1.0565136165e-01	-1.0565136165e-01	-1.0565136165e-01	-1.0565136165e-01	-1.5310076566e-01	-1.5310076566e-01	-1.5310076566e-01	-1.9135299101e-01	-2.0234052144e-01	-2.0234052144e-01	-2.0234052144e-01	-2.4046391838e-01	-2.5096987103e-01	-2.5096987103e-01	-2.5096987103e-01	-2.5096987103e-01	-2.9661228864e-01	-2.9661228864e-01	-2.9661228864e-01	-3.2617620806e-01	-3.3661660255e-01	-3.3661660255e-01	-3.3661660255e-01	-3.5985385289e-01	-3.7044898643e-01	-3.7044898643e-01	-3.7044898643e-01	-3.8861605008e-01	-3.9781777251e-01	-3.9781777251e-01	-3.9781777251e-01	-4.1242108512e-01	-4.2680211002e-01	-4.2680211002e-01	-4.2680211002e-01	-4.5064572867e-01	-4.5064572867e-01	-4.5818224664e-01	-4.5818224664e-01	-4.5818224664e-01	-4.7705396648e-01	-4.7705396648e-01	-4.7705396648e-01	-4.8580881213e-01	-4.9448585587e-01	-4.9448585587e-01	-4.9448585587e-01	-5.0158086871e-01	-5.0900276555e-01	-5.0900276555e-01	-5.0900276555e-01	-5.2316439350e-01	-5.3493442945e-01	-5.3493442945e-01	-5.3493442945e-01	-5.3493442945e-01	-5.4161128734e-01	-5.4762744769e-01	-5.4762744769e-01	-5.4762744769e-01	-5.5993871968e-01	-5.6663027757e-01	-5.6663027757e-01	-5.6663027757e-01	-5.7874754733e-01	-5.7874754733e-01	-5.7874754733e-01	-5.8503644599e-01	-5.8503644599e-01	-5.9441200327e-01	-5.9441200327e-01	-6.0675198735e-01	-6.0675198735e-01	-6.1070065390e-01	-6.1070065390e-01	-6.1070065390e-01	-6.1669563272e-01	-6.2109560582e-01	-6.2109560582e-01	-6.3144620458e-01	-6.3144620458e-01	-6.3633067538e-01	-6.3633067538e-01	-6.3633067538e-01	-6.4394268913e-01	-6.4394268913e-01	-6.4461459336e-01	-6.5359988824e-01	-6.5359988824e-01	-6.5337437395e-01	-6.5337437395e-01	-6.5337437395e-01	-6.6184866166e-01	
266	0.0	-4.5833476679e-03	-4.5833476679e-03	-3.1773958769e-02	-6.3692458069e-02	-6.3692458069e-02	-6.3692458069e-02	-6.3692458069e-02	-1.0565162577e-01	-1.0565162577e-01	-1.0565162577e-01	-1.0565162577e-01	-1.5310120566e-01	-1.5310120566e-01	-1.5310120566e-01	-1.9135372132e-01	-2.0234123343e-01	-2.0234123343e-01	-2.0234123343e-01	-2.4046508645e-01	-2.5097102625e-01	-2.5097102625e-01	-2.5097102625e-01	-2.5097102625e-01	-2.9661418285e-01	-2.9661418285e-01	-2.9661418285e-01	-3.2617910980e-01	-3.3661949532e-01	-3.3661949532e-01	-3.3661949532e-01	-3.5985779881e-01	-3.7045293273e-01	-3.7045293273e-01	-3.7045293273e-01	-3.8862098883e-01	-3.9782271782e-01	-3.9782271782e-01	-3.9782271782e-01	-4.1242689113e-01	-4.2680794130e-01	-4.2680794130e-01	-4.2680794130e-01	-4.5065304714e-01	-4.5065304714e-01	-4.5818958757e-01	-4.5818958757e-01	-4.5818958757e-01	-4.7706189632e-01	-4.7706189632e-01	-4.7706189632e-01	-4.8581709866e-01	-4.9449419607e-01	-4.9449419607e-01	-4.9449419607e-01	-5.0158944626e-01	-5.0901140130e-01	-5.0901140130e-01	-5.0901140130e-01	-5.2317346610e-01	-5.3494358951e-01	-5.3494358951e-01	-5.3494358951e-01	-5.3494358951e-01	-5.4162056810e-01	-5.4763675893e-01	-5.4763675893e-01	-5.4763675893e-01	-5.5994816060e-01	-5.6663975548e-01	-5.6663975548e-01	-5.6663975548e-01	-5.7875712142e-01	-5.7875712142e-01	-5.7875712142e-01	-5.8504606763e-01	-5.8504606763e-01	-5.9442171161e-01	-5.9442171161e-01	-6.0676178049e-01	-6.0676178049e-01	-6.1071049083e-01	-6.1071049083e-01	-6.1071049083e-01	-6.1670550811e-01	-6.2110553668e-01	-6.2110553668e-01	-6.3145620154e-01	-6.3145620154e-01	-6.3634076295e-01	-6.3634076295e-01	-6.3634076295e-01	-6.4395282482e-01	-6.4395282482e-01	-6.4462479451e-01	-6.5361009134e-01	-6.5361009134e-01	-6.5338466317e-01	-6.5338466317e-01	-6.5338466317e-01	-6.6185897425e-01	
267	0.0	-4.5833654156e-03	-4.5833654156e-03	-3.1773969002e-02	-6.3692708419e-02	-6.3692708419e-02	-6.3692708419e-02	-6.3692708419e-02	-1.0565206929e-01	-1.0565206929e-01	-1.0565206929e-01	-1.0565206929e-01	-1.5310191081e-01	-1.5310191081e-01	-1.5310191081e-01	-1.9135478187e-01	-2.0234229159e-01	-2.0234229159e-01	-2.0234229159e-01	-2.4046665373e-01	-2.5097259439e-01	-2.5097259439e-01	-2.5097259439e-01	-2.5097259439e-01	-2.9661653332e-01	-2.9661653332e-01	-2.9661653332e-01	-3.2618247669e-01	-3.3662286454e-01	-3.3662286454e-01	-3.3662286454e-01	-3.5986221802e-01	-3.7045736238e-01	-3.7045736238e-01	-3.7045736238e-01	-3.8862640272e-01	-3.9782814600e-01	-3.9782814600e-01	-3.9782814600e-01	-4.1243317241e-01	-4.2681425863e-01	-4.2681425863e-01	-4.2681425863e-01	-4.5066083332e-01	-4.5066083332e-01	-4.5819740033e-01	-4.5819740033e-01	-4.5819740033e-01	-4.7707029635e-01	-4.7707029635e-01	-4.7707029635e-01	-4.8582585403e-01	-4.9450300855e-01	-4.9450300855e-01	-4.9450300855e-01	-5.0159849708e-01	-5.0902051267e-01	-5.0902051267e-01	-5.0902051267e-01	-5.2318301465e-01	-5.3495322885e-01	-5.3495322885e-01	-5.3495322885e-01	-5.3495322885e-01	-5.4163032988e-01	-5.4764655365e-01	-5.4764655365e-01	-5.4764655365e-01	-5.5995809321e-01	-5.6664972749e-01	-5.6664972749e-01	-5.6664972749e-01	-5.7876719815e-01	-5.7876719815e-01	-5.7876719815e-01	-5.8505620112e-01	-5.8505620112e-01	-5.9443193255e-01	-5.9443193255e-01	-6.0677210925e-01	-6.0677210925e-01	-6.1072086327e-01	-6.1072086327e-01	-6.1072086327e-01	-6.1671593056e-01	-6.2111601344e-01	-6.2111601344e-01	-6.3146676174e-01	-6.3146676174e-01	-6.3635140966e-01	-6.3635140966e-01	-6.3635140966e-01	-6.4396353287e-01	-6.4396353287e-01	-6.4463556366e-01	-6.5362087877e-01	-6.5362087877e-01	-6.5339553004e-01	-6.5339553004e-01	-6.5339553004e-01	-6.6186987409e-01	
268	0.0	-4.5834165755e-03	-4.5834165755e-03	-3.1774008392e-02	-6.3693053125e-02	-6.3693053125e-02	-6.3693053125e-02	-6.3693053125e-02	-1.0565268235e-01	-1.0565268235e-01	-1.0565268235e-01	-1.0565268235e-01	-1.5310286640e-01	-1.5310286640e-01	-1.5310286640e-01	-1.9135615358e-01	-2.0234367615e-01	-2.0234367615e-01	-2.0234367615e-01	-2.4046859582e-01	-2.5097455043e-01	-2.5097455043e-01	-2.5097455043e-01	-2.5097455043e-01	-2.9661930945e-01	-2.9661930945e-01	-2.9661930945e-01	-3.2618627282e-01	-3.3662667384e-01	-3.3662667384e-01	-3.3662667384e-01	-3.5986706924e-01	-3.7046223362e-01	-3.7046223362e-01	-3.7046223362e-01	-3.8863224562e-01	-3.9783401059e-01	-3.9783401059e-01	-3.9783401059e-01	-4.1243987869e-01	-4.2682101116e-01	-4.2682101116e-01	-4.2682101116e-01	-4.5066903007e-01	-4.5066903007e-01	-4.5820562753e-01	-4.5820562753e-01	-4.5820562753e-01	-4.7707910651e-01	-4.7707910651e-01	-4.7707910651e-01	-4.8583501645e-01	-4.9451223123e-01	-4.9451223123e-01	-4.9451223123e-01	-5.0160795788e-01	-5.0903003614e-01	-5.0903003614e-01	-5.0903003614e-01	-5.2319297393e-01	-5.3496328196e-01	-5.3496328196e-01	-5.3496328196e-01	-5.3496328196e-01	-5.4164050687e-01	-5.4765676597e-01	-5.4765676597e-01	-5.4765676597e-01	-5.5996845095e-01	-5.6666012702e-01	-5.6666012702e-01	-5.6666012702e-01	-5.7877771065e-01	-5.7877771065e-01	-5.7877771065e-01	-5.8506677958e-01	-5.8506677958e-01	-5.9444259922e-01	-5.9444259922e-01	-6.0678290778e-01	-6.0678290778e-01	-6.1073170547e-01	-6.1073170547e-01	-6.1073170547e-01	-6.1672683497e-01	-6.2112697118e-01	-6.2112697118e-01	-6.3147782086e-01	-6.3147782086e-01	-6.3636255161e-01	-6.3636255161e-01	-6.3636255161e-01	-6.4397474971e-01	-6.4397474971e-01	-6.4464683755e-01	-6.5363218747e-01	-6.5363218747e-01	-6.5340691186e-01	-6.5340691186e-01	-6.5340691186e-01	-6.6188129902e-01	
269	0.0	-4.5834994937e-03	-4.5834994937e-03	-3.1774075454e-02	-6.3693486437e-02	-6.3693486437e-02	-6.3693486437e-02	-6.3693486437e-02	-1.0565345469e-01	-1.0565345469e-01	-1.0565345469e-01	-1.0565345469e-01	-1.5310405706e-01	-1.5310405706e-01	-1.5310405706e-01	-1.9135781652e-01	-2.0234536642e-01	-2.0234536642e-01	-2.0234536642e-01	-2.4047088730e-01	-2.5097686830e-01	-2.5097686830e-01	-2.5097686830e-01	-2.5097686830e-01	-2.9662247957e-01	-2.9662247957e-01	-2.9662247957e-01	-3.2619046144e-01	-3.3663088592e-01	-3.3663088592e-01	-3.3663088592e-01	-3.5987231047e-01	-3.7046750396e-01	-3.7046750396e-01	-3.7046750396e-01	-3.8863847090e-01	-3.9784026451e-01	-3.9784026451e-01	-3.9784026451e-01	-4.1244695938e-01	-4.2682814769e-01	-4.2682814769e-01	-4.2682814769e-01	-4.5067758039e-01	-4.5067758039e-01	-4.5821421189e-01	-4.5821421189e-01	-4.5821421189e-01	-4.7708826699e-01	-4.7708826699e-01	-4.7708826699e-01	-4.8584452469e-01	-4.9452180249e-01	-4.9452180249e-01	-4.9452180249e-01	-5.0161776608e-01	-5.0903990875e-01	-5.0903990875e-01	-5.0903990875e-01	-5.2320327981e-01	-5.3497368412e-01	-5.3497368412e-01	-5.3497368412e-01	-5.3497368412e-01	-5.4165103428e-01	-5.4766733083e-01	-5.4766733083e-01	-5.4766733083e-01	-5.5997916905e-01	-5.6667088895e-01	-5.6667088895e-01	-5.6667088895e-01	-5.7878859354e-01	-5.7878859354e-01	-5.7878859354e-01	-5.8507773757e-01	-5.8507773757e-01	-5.9445364572e-01	-5.9445364572e-01	-6.0679411062e-01	-6.0679411062e-01	-6.1074295172e-01	-6.1074295172e-01	-6.1074295172e-01	-6.1673815601e-01	-6.2113834432e-01	-6.2113834432e-01	-6.3148931377e-01	-6.3148931377e-01	-6.3637412333e-01	-6.3637412333e-01	-6.3637412333e-01	-6.4398641025e-01	-6.4398641025e-01	-6.4465855092e-01	-6.5364395247e-01	-6.5364395247e-01	-6.5341874345e-01	-6.5341874345e-01	-6.5341874345e-01	-6.6189318410e-01	
270	0.0	-4.5836123565e-03	-4.5836123565e-03	-3.1774168870e-02	-6.3694002656e-02	-6.3694002656e-02	-6.3694002656e-02	-6.3694002656e-02	-1.0565437612e-01	-1.0565437612e-01	-1.0565437612e-01	-1.0565437612e-01	-1.5310546757e-01	-1.5310546757e-01	-1.5310546757e-01	-1.9135975089e-01	-2.0234734205e-01	-2.0234734205e-01	-2.0234734205e-01	-2.4047350323e-01	-2.5097952257e-01	-2.5097952257e-01	-2.5097952257e-01	-2.5097952257e-01	-2.9662601316e-01	-2.9662601316e-01	-2.9662601316e-01	-3.2619500743e-01	-3.3663546531e-01	-3.3663546531e-01	-3.3663546531e-01	-3.5987790217e-01	-3.7047313352e-01	-3.7047313352e-01	-3.7047313352e-01	-3.8864503521e-01	-3.9784686416e-01	-3.9784686416e-01	-3.9784686416e-01	-4.1245436804e-01	-4.2683562135e-01	-4.2683562135e-01	-4.2683562135e-01	-4.5068643309e-01	-4.5068643309e-01	-4.5822310206e-01	-4.5822310206e-01	-4.5822310206e-01	-4.7709772493e-01	-4.7709772493e-01	-4.7709772493e-01	-4.8585432537e-01	-4.9453166871e-01	-4.9453166871e-01	-4.9453166871e-01	-5.0162786793e-01	-5.0905007652e-01	-5.0905007652e-01	-5.0905007652e-01	-5.2321387895e-01	-5.3498438171e-01	-5.3498438171e-01	-5.3498438171e-01	-5.3498438171e-01	-5.4166185927e-01	-5.4767819527e-01	-5.4767819527e-01	-5.4767819527e-01	-5.5999019551e-01	-5.6668196117e-01	-5.6668196117e-01	-5.6668196117e-01	-5.7879979458e-01	-5.7879979458e-01	-5.7879979458e-01	-5.8508902240e-01	-5.8508902240e-01	-5.9446501917e-01	-5.9446501917e-01	-6.0680566384e-01	-6.0680566384e-01	-6.1075454803e-01	-6.1075454803e-01	-6.1075454803e-01	-6.1674983936e-01	-6.2115007850e-01	-6.2115007850e-01	-6.3150118560e-01	-6.3150118560e-01	-6.3638606997e-01	-6.3638606997e-01	-6.3638606997e-01	-6.4399845936e-01	-6.4399845936e-01	-6.4467064864e-01	-6.5365611836e-01	-6.5365611836e-01	-6.5343096945e-01	-6.5343096945e-01	-6.5343096945e-01	-6.6190547377e-01	
271	0.0	-4.5837531300e-03	-4.5837531300e-03	-3.1774287347e-02	-6.3694595648e-02	-6.3694595648e-02	-6.3694595648e-02	-6.3694595648e-02	-1.0565543561e-01	-1.0565543561e-01	-1.0565543561e-01	-1.0565543561e-01	-1.5310708131e-01	-1.5310708131e-01	-1.5310708131e-01	-1.9136193475e-01	-2.0234958060e-01	-2.0234958060e-01	-2.0234958060e-01	-2.4047641569e-01	-2.5098248497e-01	-2.5098248497e-01	-2.5098248497e-01	-2.5098248497e-01	-2.9662987611e-01	-2.9662987611e-01	-2.9662987611e-01	-3.2619987120e-01	-3.3664037215e-01	-3.3664037215e-01	-3.3664037215e-01	-3.5988379939e-01	-3.7047907712e-01	-3.7047907712e-01	-3.7047907712e-01	-3.8865188876e-01	-3.9785375956e-01	-3.9785375956e-01	-3.9785375956e-01	-4.1246205052e-01	-4.2684337770e-01	-4.2684337770e-01	-4.2684337770e-01	-4.5069552655e-01	-4.5069552655e-01	-4.5823223632e-01	-4.5823223632e-01	-4.5823223632e-01	-4.7710741531e-01	-4.7710741531e-01	-4.7710741531e-01	-4.8586435071e-01	-4.9454176196e-01	-4.9454176196e-01	-4.9454176196e-01	-5.0163819310e-01	-5.0906046903e-01	-5.0906046903e-01	-5.0906046903e-01	-5.2322469605e-01	-5.3499529927e-01	-5.3499529927e-01	-5.3499529927e-01	-5.3499529927e-01	-5.4167290433e-01	-5.4768928173e-01	-5.4768928173e-01	-5.4768928173e-01	-5.6000144885e-01	-5.6669326213e-01	-5.6669326213e-01	-5.6669326213e-01	-5.7881123013e-01	-5.7881123013e-01	-5.7881123013e-01	-5.8510054865e-01	-5.8510054865e-01	-5.9447663408e-01	-5.9447663408e-01	-6.0681747946e-01	-6.0681747946e-01	-6.1076640641e-01	-6.1076640641e-01	-6.1076640641e-01	-6.1676179609e-01	-6.2116208478e-01	-6.2116208478e-01	-6.3151334634e-01	-6.3151334634e-01	-6.3639830158e-01	-6.3639830158e-01	-6.3639830158e-01	-6.4401080642e-01	-6.4401080642e-01	-6.4468304016e-01	-6.5366859407e-01	-6.5366859407e-01	-6.5344349888e-01	-6.5344349888e-01	-6.5344349888e-01	-6.6191807664e-01	
272	0.0	-4.5839199902e-03	-4.5839199902e-03	-3.1774429156e-02	-6.3695259227e-02	-6.3695259227e-02	-6.3695259227e-02	-6.3695259227e-02	-1.0565662212e-01	-1.0565662212e-01	-1.0565662212e-01	-1.0565662212e-01	-1.5310888183e-01	-1.5310888183e-01	-1.5310888183e-01	-1.9136434699e-01	-2.0235206011e-01	-2.0235206011e-01	-2.0235206011e-01	-2.4047959814e-01	-2.5098572815e-01	-2.5098572815e-01	-2.5098572815e-01	-2.5098572815e-01	-2.9663403581e-01	-2.9663403581e-01	-2.9663403581e-01	-3.2620501588e-01	-3.3664556888e-01	-3.3664556888e-01	-3.3664556888e-01	-3.5988996081e-01	-3.7048529277e-01	-3.7048529277e-01	-3.7048529277e-01	-3.8865898630e-01	-3.9786090491e-01	-3.9786090491e-01	-3.9786090491e-01	-4.1246995829e-01	-4.2685136738e-01	-4.2685136738e-01	-4.2685136738e-01	-4.5070480697e-01	-4.5070480697e-01	-4.5824156047e-01	-4.5824156047e-01	-4.5824156047e-01	-4.7711728183e-01	-4.7711728183e-01	-4.7711728183e-01	-4.8587454333e-01	-4.9455202438e-01	-4.9455202438e-01	-4.9455202438e-01	-5.0164868304e-01	-5.0907102722e-01	-5.0907102722e-01	-5.0907102722e-01	-5.2323567144e-01	-5.3500637640e-01	-5.3500637640e-01	-5.3500637640e-01	-5.3500637640e-01	-5.4168410906e-01	-5.4770052942e-01	-5.4770052942e-01	-5.4770052942e-01	-5.6001287003e-01	-5.6670473236e-01	-5.6670473236e-01	-5.6670473236e-01	-5.7882284109e-01	-5.7882284109e-01	-5.7882284109e-01	-5.8511225784e-01	-5.8511225784e-01	-5.9448843134e-01	-5.9448843134e-01	-6.0682949854e-01	-6.0682949854e-01	-6.1077846758e-01	-6.1077846758e-01	-6.1077846758e-01	-6.1677396690e-01	-6.2117430348e-01	-6.2117430348e-01	-6.3152573642e-01	-6.3152573642e-01	-6.3641075805e-01	-6.3641075805e-01	-6.3641075805e-01	-6.4402339136e-01	-6.4402339136e-01	-6.4469566512e-01	-6.5368131925e-01	-6.5368131925e-01	-6.5345627107e-01	-6.5345627107e-01	-6.5345627107e-01	-6.6193093193e-01	
273	0.0	-4.5841111289e-03	-4.5841111289e-03	-3.1774592555e-02	-6.3695987393e-02	-6.3695987393e-02	-6.3695987393e-02	-6.3695987393e-02	-1.0565792497e-01	-1.0565792497e-01	-1.0565792497e-01	-1.0565792497e-01	-1.5311085323e-01	-1.5311085323e-01	-1.5311085323e-01	-1.9136696749e-01	-2.0235475950e-01	-2.0235475950e-01	-2.0235475950e-01	-2.4048302544e-01	-2.5098922618e-01	-2.5098922618e-01	-2.5098922618e-01	-2.5098922618e-01	-2.9663846183e-01	-2.9663846183e-01	-2.9663846183e-01	-3.2621040768e-01	-3.3665102103e-01	-3.3665102103e-01	-3.3665102103e-01	-3.5989634925e-01	-3.7049174266e-01	-3.7049174266e-01	-3.7049174266e-01	-3.8866628798e-01	-3.9786825985e-01	-3.9786825985e-01	-3.9786825985e-01	-4.1247804947e-01	-4.2685954771e-01	-4.2685954771e-01	-4.2685954771e-01	-4.5071422981e-01	-4.5071422981e-01	-4.5825102960e-01	-4.5825102960e-01	-4.5825102960e-01	-4.7712727904e-01	-4.7712727904e-01	-4.7712727904e-01	-4.8588485840e-01	-4.9456241065e-01	-4.9456241065e-01	-4.9456241065e-01	-5.0165929325e-01	-5.0908170623e-01	-5.0908170623e-01	-5.0908170623e-01	-5.2324676234e-01	-5.3501756971e-01	-5.3501756971e-01	-5.3501756971e-01	-5.3501756971e-01	-5.4169543123e-01	-5.4771189580e-01	-5.4771189580e-01	-5.4771189580e-01	-5.6002441889e-01	-5.6671633135e-01	-5.6671633135e-01	-5.6671633135e-01	-5.7883458746e-01	-5.7883458746e-01	-5.7883458746e-01	-5.8512411004e-01	-5.8512411004e-01	-5.9450037052e-01	-5.9450037052e-01	-6.0684167847e-01	-6.0684167847e-01	-6.1079068870e-01	-6.1079068870e-01	-6.1079068870e-01	-6.1678630768e-01	-6.2118669026e-01	-6.2118669026e-01	-6.3153830953e-01	-6.3153830953e-01	-6.3642339282e-01	-6.3642339282e-01	-6.3642339282e-01	-6.4403616627e-01	-6.4403616627e-01	-6.4470847553e-01	-6.5369424479e-01	-6.5369424479e-01	-6.5346923684e-01	-6.5346923684e-01	-6.5346923684e-01	-6.6194398942e-01	
274	0.0	-4.5843247693e-03	-4.5843247693e-03	-3.1774775616e-02	-6.3696773980e-02	-6.3696773980e-02	-6.3696773980e-02	-6.3696773980e-02	-1.0565933309e-01	-1.0565933309e-01	-1.0565933309e-01	-1.0565933309e-01	-1.5311297901e-01	-1.5311297901e-01	-1.5311297901e-01	-1.9136977525e-01	-2.0235765674e-01	-2.0235765674e-01	-2.0235765674e-01	-2.4048667127e-01	-2.5099295176e-01	-2.5099295176e-01	-2.5099295176e-01	-2.5099295176e-01	-2.9664312207e-01	-2.9664312207e-01	-2.9664312207e-01	-3.2621601107e-01	-3.3665669225e-01	-3.3665669225e-01	-3.3665669225e-01	-3.5990292548e-01	-3.7049838675e-01	-3.7049838675e-01	-3.7049838675e-01	-3.8867375137e-01	-3.9787578127e-01	-3.9787578127e-01	-3.9787578127e-01	-4.1248627905e-01	-4.2686787265e-01	-4.2686787265e-01	-4.2686787265e-01	-4.5072374592e-01	-4.5072374592e-01	-4.5826059405e-01	-4.5826059405e-01	-4.5826059405e-01	-4.7713735573e-01	-4.7713735573e-01	-4.7713735573e-01	-4.8589524418e-01	-4.9457286842e-01	-4.9457286842e-01	-4.9457286842e-01	-5.0166997096e-01	-5.0909245272e-01	-5.0909245272e-01	-5.0909245272e-01	-5.2325791456e-01	-5.3502882418e-01	-5.3502882418e-01	-5.3502882418e-01	-5.3502882418e-01	-5.4170681557e-01	-5.4772332515e-01	-5.4772332515e-01	-5.4772332515e-01	-5.6003603855e-01	-5.6672800177e-01	-5.6672800177e-01	-5.6672800177e-01	-5.7884641066e-01	-5.7884641066e-01	-5.7884641066e-01	-5.8513604564e-01	-5.8513604564e-01	-5.9451239133e-01	-5.9451239133e-01	-6.0685395575e-01	-6.0685395575e-01	-6.1080300592e-01	-6.1080300592e-01	-6.1080300592e-01	-6.1679875287e-01	-6.2119917919e-01	-6.2119917919e-01	-6.3155099742e-01	-6.3155099742e-01	-6.3643613720e-01	-6.3643613720e-01	-6.3643613720e-01	-6.4404906083e-01	-6.4404906083e-01	-6.4472140092e-01	-6.5370729872e-01	-6.5370729872e-01	-6.5348232412e-01	-6.5348232412e-01	-6.5348232412e-01	-6.6195717571e-01	
275	0.0	-4.5845591061e-03	-4.5845591061e-03	-3.1774976323e-02	-6.3697612669e-02	-6.3697612669e-02	-6.3697612669e-02	-6.3697612669e-02	-1.0566083517e-01	-1.0566083517e-01	-1.0566083517e-01	-1.0566083517e-01	-1.5311524224e-01	-1.5311524224e-01	-1.5311524224e-01	-1.9137274886e-01	-2.0236072928e-01	-2.0236072928e-01	-2.0236072928e-01	-2.4049050875e-01	-2.5099687701e-01	-2.5099687701e-01	-2.5099687701e-01	-2.5099687701e-01	-2.9664798376e-01	-2.9664798376e-01	-2.9664798376e-01	-3.2622178987e-01	-3.3666254540e-01	-3.3666254540e-01	-3.3666254540e-01	-3.5990964948e-01	-3.7050518414e-01	-3.7050518414e-01	-3.7050518414e-01	-3.8868133311e-01	-3.9788342509e-01	-3.9788342509e-01	-3.9788342509e-01	-4.1249460075e-01	-4.2687629481e-01	-4.2687629481e-01	-4.2687629481e-01	-4.5073330420e-01	-4.5073330420e-01	-4.5827020214e-01	-4.5827020214e-01	-4.5827020214e-01	-4.7714745803e-01	-4.7714745803e-01	-4.7714745803e-01	-4.8590564548e-01	-4.9458334185e-01	-4.9458334185e-01	-4.9458334185e-01	-5.0168065918e-01	-5.0910320914e-01	-5.0910320914e-01	-5.0910320914e-01	-5.2326906827e-01	-5.3504007908e-01	-5.3504007908e-01	-5.3504007908e-01	-5.3504007908e-01	-5.4171820041e-01	-5.4773475532e-01	-5.4773475532e-01	-5.4773475532e-01	-5.6004766426e-01	-5.6673967829e-01	-5.6673967829e-01	-5.6673967829e-01	-5.7885824336e-01	-5.7885824336e-01	-5.7885824336e-01	-5.8514799574e-01	-5.8514799574e-01	-5.9452442412e-01	-5.9452442412e-01	-6.0686625751e-01	-6.0686625751e-01	-6.1081534600e-01	-6.1081534600e-01	-6.1081534600e-01	-6.1681122759e-01	-6.2121169499e-01	-6.2121169499e-01	-6.3156372268e-01	-6.3156372268e-01	-6.3644891329e-01	-6.3644891329e-01	-6.3644891329e-01	-6.4406199559e-01	-6.4406199559e-01	-6.4473436161e-01	-6.5372039995e-01	-6.5372039995e-01	-6.5349545161e-01	-6.5349545161e-01	-6.5349545161e-01	-6.6197040821e-01	
276	0.0	-4.5848120687e-03	-4.5848120687e-03	-3.1775193025e-02	-6.3698497153e-02	-6.3698497153e-02	-6.3698497153e-02	-6.3698497153e-02	-1.0566241990e-01	-1.0566241990e-01	-1.0566241990e-01	-1.0566241990e-01	-1.5311762605e-01	-1.5311762605e-01	-1.5311762605e-01	-1.9137586667e-01	-2.0236395466e-01	-2.0236395466e-01	-2.0236395466e-01	-2.4049451090e-01	-2.5100097424e-01	-2.5100097424e-01	-2.5100097424e-01	-2.5100097424e-01	-2.9665301453e-01	-2.9665301453e-01	-2.9665301453e-01	-3.2622770821e-01	-3.3666854409e-01	-3.3666854409e-01	-3.3666854409e-01	-3.5991648188e-01	-3.7051209493e-01	-3.7051209493e-01	-3.7051209493e-01	-3.8868899078e-01	-3.9789114847e-01	-3.9789114847e-01	-3.9789114847e-01	-4.1250296949e-01	-4.2688476850e-01	-4.2688476850e-01	-4.2688476850e-01	-4.5074285527e-01	-4.5074285527e-01	-4.5827980426e-01	-4.5827980426e-01	-4.5827980426e-01	-4.7715753437e-01	-4.7715753437e-01	-4.7715753437e-01	-4.8591600926e-01	-4.9459377763e-01	-4.9459377763e-01	-4.9459377763e-01	-5.0169130336e-01	-5.0911392069e-01	-5.0911392069e-01	-5.0911392069e-01	-5.2328016637e-01	-5.3505127697e-01	-5.3505127697e-01	-5.3505127697e-01	-5.3505127697e-01	-5.4172952741e-01	-5.4774612777e-01	-5.4774612777e-01	-5.4774612777e-01	-5.6005923548e-01	-5.6675130020e-01	-5.6675130020e-01	-5.6675130020e-01	-5.7887002348e-01	-5.7887002348e-01	-5.7887002348e-01	-5.8515989689e-01	-5.8515989689e-01	-5.9453640518e-01	-5.9453640518e-01	-6.0687851724e-01	-6.0687851724e-01	-6.1082764235e-01	-6.1082764235e-01	-6.1082764235e-01	-6.1682366379e-01	-6.2122416954e-01	-6.2122416954e-01	-6.3157641508e-01	-6.3157641508e-01	-6.3646165088e-01	-6.3646165088e-01	-6.3646165088e-01	-6.4407489866e-01	-6.4407489866e-01	-6.4474728583e-01	-6.5373347496e-01	-6.5373347496e-01	-6.5350854598e-01	-6.5350854598e-01	-6.5350854598e-01	-6.6198361228e-01	
277	0.0	-4.5850816110e-03	-4.5850816110e-03	-3.1775423946e-02	-6.3699421053e-02	-6.3699421053e-02	-6.3699421053e-02	-6.3699421053e-02	-1.0566407582e-01	-1.0566407582e-01	-1.0566407582e-01	-1.0566407582e-01	-1.5312011339e-01	-1.5312011339e-01	-1.5312011339e-01	-1.9137910693e-01	-2.0236731024e-01	-2.0236731024e-01	-2.0236731024e-01	-2.4049865063e-01	-2.5100521559e-01	-2.5100521559e-01	-2.5100521559e-01	-2.5100521559e-01	-2.9665818192e-01	-2.9665818192e-01	-2.9665818192e-01	-3.2623373038e-01	-3.3667465190e-01	-3.3667465190e-01	-3.3667465190e-01	-3.5992338363e-01	-3.7051907946e-01	-3.7051907946e-01	-3.7051907946e-01	-3.8869668245e-01	-3.9789890898e-01	-3.9789890898e-01	-3.9789890898e-01	-4.1251134086e-01	-4.2689324856e-01	-4.2689324856e-01	-4.2689324856e-01	-4.5075235081e-01	-4.5075235081e-01	-4.5828935174e-01	-4.5828935174e-01	-4.5828935174e-01	-4.7716753435e-01	-4.7716753435e-01	-4.7716753435e-01	-4.8592628393e-01	-4.9460412376e-01	-4.9460412376e-01	-4.9460412376e-01	-5.0170185052e-01	-5.0912453407e-01	-5.0912453407e-01	-5.0912453407e-01	-5.2329115365e-01	-5.3506236215e-01	-5.3506236215e-01	-5.3506236215e-01	-5.3506236215e-01	-5.4174074011e-01	-5.4775738578e-01	-5.4775738578e-01	-5.4775738578e-01	-5.6007069406e-01	-5.6676280907e-01	-5.6676280907e-01	-5.6676280907e-01	-5.7888169141e-01	-5.7888169141e-01	-5.7888169141e-01	-5.8517168842e-01	-5.8517168842e-01	-5.9454827354e-01	-5.9454827354e-01	-6.0689067147e-01	-6.0689067147e-01	-6.1083983135e-01	-6.1083983135e-01	-6.1083983135e-01	-6.1683599652e-01	-6.2123653780e-01	-6.2123653780e-01	-6.3158900750e-01	-6.3158900750e-01	-6.3647428283e-01	-6.3647428283e-01	-6.3647428283e-01	-6.4408770127e-01	-6.4408770127e-01	-6.4476010488e-01	-6.5374645336e-01	-6.5374645336e-01	-6.5352153701e-01	-6.5352153701e-01	-6.5352153701e-01	-6.6199671643e-01	
278	0.0	-4.5853657700e-03	-4.5853657700e-03	-3.1775667173e-02	-6.3700378031e-02	-6.3700378031e-02	-6.3700378031e-02	-6.3700378031e-02	-1.0566579158e-01	-1.0566579158e-01	-1.0566579158e-01	-1.0566579158e-01	-1.5312268736e-01	-1.5312268736e-01	-1.5312268736e-01	-1.9138244830e-01	-2.0237077360e-01	-2.0237077360e-01	-2.0237077360e-01	-2.4050290145e-01	-2.5100957361e-01	-2.5100957361e-01	-2.5100957361e-01	-2.5100957361e-01	-2.9666345411e-01	-2.9666345411e-01	-2.9666345411e-01	-3.2623982180e-01	-3.3668083346e-01	-3.3668083346e-01	-3.3668083346e-01	-3.5993031716e-01	-3.7052609937e-01	-3.7052609937e-01	-3.7052609937e-01	-3.8870436803e-01	-3.9790666590e-01	-3.9790666590e-01	-3.9790666590e-01	-4.1251967263e-01	-4.2690169181e-01	-4.2690169181e-01	-4.2690169181e-01	-4.5076174533e-01	-4.5076174533e-01	-4.5829879866e-01	-4.5829879866e-01	-4.5829879866e-01	-4.7717741058e-01	-4.7717741058e-01	-4.7717741058e-01	-4.8593642131e-01	-4.9461433156e-01	-4.9461433156e-01	-4.9461433156e-01	-5.0171225134e-01	-5.0913499950e-01	-5.0913499950e-01	-5.0913499950e-01	-5.2330197910e-01	-5.3507328290e-01	-5.3507328290e-01	-5.3507328290e-01	-5.3507328290e-01	-5.4175178630e-01	-5.4776847676e-01	-5.4776847676e-01	-5.4776847676e-01	-5.6008198655e-01	-5.6677415101e-01	-5.6677415101e-01	-5.6677415101e-01	-5.7889319228e-01	-5.7889319228e-01	-5.7889319228e-01	-5.8518331468e-01	-5.8518331468e-01	-5.9455997295e-01	-5.9455997295e-01	-6.0690266196e-01	-6.0690266196e-01	-6.1085185449e-01	-6.1085185449e-01	-6.1085185449e-01	-6.1684816624e-01	-6.2124873992e-01	-6.2124873992e-01	-6.3160143849e-01	-6.3160143849e-01	-6.3648674736e-01	-6.3648674736e-01	-6.3648674736e-01	-6.4410034040e-01	-6.4410034040e-01	-6.4477275565e-01	-6.5375927073e-01	-6.5375927073e-01	-6.5353436023e-01	-6.5353436023e-01	-6.5353436023e-01	-6.6200965524e-01	
279	0.0	-4.5856624725e-03	-4.5856624725e-03	-3.1775920960e-02	-6.3701361802e-02	-6.3701361802e-02	-6.3701361802e-02	-6.3701361802e-02	-1.0566755589e-01	-1.0566755589e-01	-1.0566755589e-01	-1.0566755589e-01	-1.5312533114e-01	-1.5312533114e-01	-1.5312533114e-01	-1.9138586944e-01	-2.0237432252e-01	-2.0237432252e-01	-2.0237432252e-01	-2.4050723691e-01	-2.5101402109e-01	-2.5101402109e-01	-2.5101402109e-01	-2.5101402109e-01	-2.9666879973e-01	-2.9666879973e-01	-2.9666879973e-01	-3.2624594841e-01	-3.3668705405e-01	-3.3668705405e-01	-3.3668705405e-01	-3.5993724563e-01	-3.7053311725e-01	-3.7053311725e-01	-3.7053311725e-01	-3.8871200839e-01	-3.9791437964e-01	-3.9791437964e-01	-3.9791437964e-01	-4.1252792374e-01	-4.2691005650e-01	-4.2691005650e-01	-4.2691005650e-01	-4.5077099485e-01	-4.5077099485e-01	-4.5830810072e-01	-4.5830810072e-01	-4.5830810072e-01	-4.7718711747e-01	-4.7718711747e-01	-4.7718711747e-01	-4.8594637491e-01	-4.9462435423e-01	-4.9462435423e-01	-4.9462435423e-01	-5.0172245824e-01	-5.0914526916e-01	-5.0914526916e-01	-5.0914526916e-01	-5.2331259337e-01	-5.3508398952e-01	-5.3508398952e-01	-5.3508398952e-01	-5.3508398952e-01	-5.4176261561e-01	-5.4777935012e-01	-5.4777935012e-01	-5.4777935012e-01	-5.6009306109e-01	-5.6678527395e-01	-5.6678527395e-01	-5.6678527395e-01	-5.7890447305e-01	-5.7890447305e-01	-5.7890447305e-01	-5.8519472168e-01	-5.8519472168e-01	-5.9457144922e-01	-5.9457144922e-01	-6.0691443222e-01	-6.0691443222e-01	-6.1086365520e-01	-6.1086365520e-01	-6.1086365520e-01	-6.1686011517e-01	-6.2126071812e-01	-6.2126071812e-01	-6.3161364831e-01	-6.3161364831e-01	-6.3649898485e-01	-6.3649898485e-01	-6.3649898485e-01	-6.4411275493e-01	-6.4411275493e-01	-6.4478517718e-01	-6.5377186451e-01	-6.5377186451e-01	-6.5354695339e-01	-6.5354695339e-01	-6.5354695339e-01	-6.6202236545e-01	
280	0.0	-4.5859697315e-03	-4.5859697315e-03	-3.1776183498e-02	-6.3702366237e-02	-6.3702366237e-02	-6.3702366237e-02	-6.3702366237e-02	-1.0566935775e-01	-1.0566935775e-01	-1.0566935775e-01	-1.0566935775e-01	-1.5312802841e-01	-1.5312802841e-01	-1.5312802841e-01	-1.9138934973e-01	-2.0237793542e-01	-2.0237793542e-01	-2.0237793542e-01	-2.4051163163e-01	-2.5101853178e-01	-2.5101853178e-01	-2.5101853178e-01	-2.5101853178e-01	-2.9667418869e-01	-2.9667418869e-01	-2.9667418869e-01	-3.2625207789e-01	-3.3669328063e-01	-3.3669328063e-01	-3.3669328063e-01	-3.5994413443e-01	-3.7054009783e-01	-3.7054009783e-01	-3.7054009783e-01	-3.8871956705e-01	-3.9792201318e-01	-3.9792201318e-01	-3.9792201318e-01	-4.1253605612e-01	-4.2691830379e-01	-4.2691830379e-01	-4.2691830379e-01	-4.5078005907e-01	-4.5078005907e-01	-4.5831721729e-01	-4.5831721729e-01	-4.5831721729e-01	-4.7719661337e-01	-4.7719661337e-01	-4.7719661337e-01	-4.8595610257e-01	-4.9463414921e-01	-4.9463414921e-01	-4.9463414921e-01	-5.0173242819e-01	-5.0915529970e-01	-5.0915529970e-01	-5.0915529970e-01	-5.2332295215e-01	-5.3509443723e-01	-5.3509443723e-01	-5.3509443723e-01	-5.3509443723e-01	-5.4177318284e-01	-5.4778996039e-01	-5.4778996039e-01	-5.4778996039e-01	-5.6010387140e-01	-5.6679613132e-01	-5.6679613132e-01	-5.6679613132e-01	-5.7891548633e-01	-5.7891548633e-01	-5.7891548633e-01	-5.8520586131e-01	-5.8520586131e-01	-5.9458265392e-01	-5.9458265392e-01	-6.0692593198e-01	-6.0692593198e-01	-6.1087518307e-01	-6.1087518307e-01	-6.1087518307e-01	-6.1687179198e-01	-6.2127242096e-01	-6.2127242096e-01	-6.3162558404e-01	-6.3162558404e-01	-6.3651094236e-01	-6.3651094236e-01	-6.3651094236e-01	-6.4412489073e-01	-6.4412489073e-01	-6.4479731545e-01	-6.5378417943e-01	-6.5378417943e-01	-6.5355926142e-01	-6.5355926142e-01	-6.5355926142e-01	-6.6203479128e-01	
281	0.0	-4.5862856429e-03	-4.5862856429e-03	-3.1776452966e-02	-6.3703385430e-02	-6.3703385430e-02	-6.3703385430e-02	-6.3703385430e-02	-1.0567118656e-01	-1.0567118656e-01	-1.0567118656e-01	-1.0567118656e-01	-1.5313076342e-01	-1.5313076342e-01	-1.5313076342e-01	-1.9139286948e-01	-2.0238159158e-01	-2.0238159158e-01	-2.0238159158e-01	-2.4051606139e-01	-2.5102308059e-01	-2.5102308059e-01	-2.5102308059e-01	-2.5102308059e-01	-2.9667959246e-01	-2.9667959246e-01	-2.9667959246e-01	-3.2625817997e-01	-3.3669948220e-01	-3.3669948220e-01	-3.3669948220e-01	-3.5995095143e-01	-3.7054700826e-01	-3.7054700826e-01	-3.7054700826e-01	-3.8872701042e-01	-3.9792953237e-01	-3.9792953237e-01	-3.9792953237e-01	-4.1254403506e-01	-4.2692639812e-01	-4.2692639812e-01	-4.2692639812e-01	-4.5078890170e-01	-4.5078890170e-01	-4.5832611172e-01	-4.5832611172e-01	-4.5832611172e-01	-4.7720586095e-01	-4.7720586095e-01	-4.7720586095e-01	-4.8596556668e-01	-4.9464367850e-01	-4.9464367850e-01	-4.9464367850e-01	-5.0174212296e-01	-5.0916505254e-01	-5.0916505254e-01	-5.0916505254e-01	-5.2333301640e-01	-5.3510458645e-01	-5.3510458645e-01	-5.3510458645e-01	-5.3510458645e-01	-5.4178344822e-01	-5.4780026750e-01	-5.4780026750e-01	-5.4780026750e-01	-5.6011437689e-01	-5.6680668222e-01	-5.6680668222e-01	-5.6680668222e-01	-5.7892619058e-01	-5.7892619058e-01	-5.7892619058e-01	-5.8521669154e-01	-5.8521669154e-01	-5.9459354461e-01	-5.9459354461e-01	-6.0693711742e-01	-6.0693711742e-01	-6.1088639411e-01	-6.1088639411e-01	-6.1088639411e-01	-6.1688315195e-01	-6.2128380356e-01	-6.2128380356e-01	-6.3163719968e-01	-6.3163719968e-01	-6.3652257379e-01	-6.3652257379e-01	-6.3652257379e-01	-6.4413670083e-01	-6.4413670083e-01	-6.4480912354e-01	-6.5379616759e-01	-6.5379616759e-01	-6.5357123656e-01	-6.5357123656e-01	-6.5357123656e-01	-6.6204688444e-01	
282	0.0	-4.5866082752e-03	-4.5866082752e-03	-3.1776727693e-02	-6.3704413671e-02	-6.3704413671e-02	-6.3704413671e-02	-6.3704413671e-02	-1.0567303205e-01	-1.0567303205e-01	-1.0567303205e-01	-1.0567303205e-01	-1.5313352093e-01	-1.5313352093e-01	-1.5313352093e-01	-1.9139640949e-01	-2.0238527094e-01	-2.0238527094e-01	-2.0238527094e-01	-2.4052050269e-01	-2.5102764325e-01	-2.5102764325e-01	-2.5102764325e-01	-2.5102764325e-01	-2.9668498358e-01	-2.9668498358e-01	-2.9668498358e-01	-3.2626422565e-01	-3.3670562910e-01	-3.3670562910e-01	-3.3670562910e-01	-3.5995766604e-01	-3.7055381738e-01	-3.7055381738e-01	-3.7055381738e-01	-3.8873430676e-01	-3.9793690503e-01	-3.9793690503e-01	-3.9793690503e-01	-4.1255182786e-01	-4.2693430617e-01	-4.2693430617e-01	-4.2693430617e-01	-4.5079748888e-01	-4.5079748888e-01	-4.5833474984e-01	-4.5833474984e-01	-4.5833474984e-01	-4.7721482552e-01	-4.7721482552e-01	-4.7721482552e-01	-4.8597473226e-01	-4.9465290687e-01	-4.9465290687e-01	-4.9465290687e-01	-5.0175150700e-01	-5.0917449194e-01	-5.0917449194e-01	-5.0917449194e-01	-5.2334274975e-01	-5.3511440051e-01	-5.3511440051e-01	-5.3511440051e-01	-5.3511440051e-01	-5.4179337475e-01	-5.4781023428e-01	-5.4781023428e-01	-5.4781023428e-01	-5.6012453971e-01	-5.6681688860e-01	-5.6681688860e-01	-5.6681688860e-01	-5.7893654712e-01	-5.7893654712e-01	-5.7893654712e-01	-5.8522717308e-01	-5.8522717308e-01	-5.9460408188e-01	-5.9460408188e-01	-6.0694794759e-01	-6.0694794759e-01	-6.1089724734e-01	-6.1089724734e-01	-6.1089724734e-01	-6.1689415332e-01	-6.2129482418e-01	-6.2129482418e-01	-6.3164845222e-01	-6.3164845222e-01	-6.3653383631e-01	-6.3653383631e-01	-6.3653383631e-01	-6.4414814141e-01	-6.4414814141e-01	-6.4482055783e-01	-6.5380778426e-01	-6.5380778426e-01	-6.5358283445e-01	-6.5358283445e-01	-6.5358283445e-01	-6.6205860001e-01	
283	0.0	-4.5869357576e-03	-4.5869357576e-03	-3.1777006049e-02	-6.3705445469e-02	-6.3705445469e-02	-6.3705445469e-02	-6.3705445469e-02	-1.0567488434e-01	-1.0567488434e-01	-1.0567488434e-01	-1.0567488434e-01	-1.5313628629e-01	-1.5313628629e-01	-1.5313628629e-01	-1.9139995140e-01	-2.0238895427e-01	-2.0238895427e-01	-2.0238895427e-01	-2.4052493310e-01	-2.5103219660e-01	-2.5103219660e-01	-2.5103219660e-01	-2.5103219660e-01	-2.9669033598e-01	-2.9669033598e-01	-2.9669033598e-01	-3.2627018763e-01	-3.3671169343e-01	-3.3671169343e-01	-3.3671169343e-01	-3.5996424973e-01	-3.7056049614e-01	-3.7056049614e-01	-3.7056049614e-01	-3.8874142669e-01	-3.9794410134e-01	-3.9794410134e-01	-3.9794410134e-01	-4.1255940450e-01	-4.2694199729e-01	-4.2694199729e-01	-4.2694199729e-01	-4.5080578981e-01	-4.5080578981e-01	-4.5834310066e-01	-4.5834310066e-01	-4.5834310066e-01	-4.7722347570e-01	-4.7722347570e-01	-4.7722347570e-01	-4.8598356779e-01	-4.9466180252e-01	-4.9466180252e-01	-4.9466180252e-01	-5.0176054832e-01	-5.0918358570e-01	-5.0918358570e-01	-5.0918358570e-01	-5.2335211957e-01	-5.3512384653e-01	-5.3512384653e-01	-5.3512384653e-01	-5.3512384653e-01	-5.4180292930e-01	-5.4781982743e-01	-5.4781982743e-01	-5.4781982743e-01	-5.6013432590e-01	-5.6682671635e-01	-5.6682671635e-01	-5.6682671635e-01	-5.7894652131e-01	-5.7894652131e-01	-5.7894652131e-01	-5.8523727081e-01	-5.8523727081e-01	-5.9461423049e-01	-5.9461423049e-01	-6.0695838589e-01	-6.0695838589e-01	-6.1090770615e-01	-6.1090770615e-01	-6.1090770615e-01	-6.1690475876e-01	-6.2130544554e-01	-6.2130544554e-01	-6.3165930328e-01	-6.3165930328e-01	-6.3654469174e-01	-6.3654469174e-01	-6.3654469174e-01	-6.4415917341e-01	-6.4415917341e-01	-6.4483157951e-01	-6.5381898958e-01	-6.5381898958e-01	-6.5359401561e-01	-6.5359401561e-01	-6.5359401561e-01	-6.6206989801e-01	
284	0.0	-4.5872662703e-03	-4.5872662703e-03	-3.1777286471e-02	-6.3706475560e-02	-6.3706475560e-02	-6.3706475560e-02	-6.3706475560e-02	-1.0567673396e-01	-1.0567673396e-01	-1.0567673396e-01	-1.0567673396e-01	-1.5313904546e-01	-1.5313904546e-01	-1.5313904546e-01	-1.9140347762e-01	-2.0239262315e-01	-2.0239262315e-01	-2.0239262315e-01	-2.4052933123e-01	-2.5103671854e-01	-2.5103671854e-01	-2.5103671854e-01	-2.5103671854e-01	-2.9669562495e-01	-2.9669562495e-01	-2.9669562495e-01	-3.2627604022e-01	-3.3671764894e-01	-3.3671764894e-01	-3.3671764894e-01	-3.5997067588e-01	-3.7056701738e-01	-3.7056701738e-01	-3.7056701738e-01	-3.8874834300e-01	-3.9795109369e-01	-3.9795109369e-01	-3.9795109369e-01	-4.1256673733e-01	-4.2694944327e-01	-4.2694944327e-01	-4.2694944327e-01	-4.5081377651e-01	-4.5081377651e-01	-4.5835113593e-01	-4.5835113593e-01	-4.5835113593e-01	-4.7723178308e-01	-4.7723178308e-01	-4.7723178308e-01	-4.8599204472e-01	-4.9467033675e-01	-4.9467033675e-01	-4.9467033675e-01	-5.0176921802e-01	-5.0919230480e-01	-5.0919230480e-01	-5.0919230480e-01	-5.2336109641e-01	-5.3513289487e-01	-5.3513289487e-01	-5.3513289487e-01	-5.3513289487e-01	-5.4181208197e-01	-5.4782901693e-01	-5.4782901693e-01	-5.4782901693e-01	-5.6014370485e-01	-5.6683613473e-01	-5.6683613473e-01	-5.6683613473e-01	-5.7895608192e-01	-5.7895608192e-01	-5.7895608192e-01	-5.8524695296e-01	-5.8524695296e-01	-5.9462395863e-01	-5.9462395863e-01	-6.0696839923e-01	-6.0696839923e-01	-6.1091773746e-01	-6.1091773746e-01	-6.1091773746e-01	-6.1691493454e-01	-6.2131563402e-01	-6.2131563402e-01	-6.3166971815e-01	-6.3166971815e-01	-6.3655510569e-01	-6.3655510569e-01	-6.3655510569e-01	-6.4416976158e-01	-6.4416976158e-01	-6.4484215363e-01	-6.5382974756e-01	-6.5382974756e-01	-6.5360474451e-01	-6.5360474451e-01	-6.5360474451e-01	-6.6208074239e-01	
285	0.0	-4.5875980637e-03	-4.5875980637e-03	-3.1777567437e-02	-6.3707498912e-02	-6.3707498912e-02	-6.3707498912e-02	-6.3707498912e-02	-1.0567857187e-01	-1.0567857187e-01	-1.0567857187e-01	-1.0567857187e-01	-1.5314178503e-01	-1.5314178503e-01	-1.5314178503e-01	-1.9140697142e-01	-2.0239626006e-01	-2.0239626006e-01	-2.0239626006e-01	-2.4053367678e-01	-2.5104118807e-01	-2.5104118807e-01	-2.5104118807e-01	-2.5104118807e-01	-2.9670082715e-01	-2.9670082715e-01	-2.9670082715e-01	-3.2628175945e-01	-3.3672347105e-01	-3.3672347105e-01	-3.3672347105e-01	-3.5997691986e-01	-3.7057335596e-01	-3.7057335596e-01	-3.7057335596e-01	-3.8875503073e-01	-3.9795785674e-01	-3.9795785674e-01	-3.9795785674e-01	-4.1257380118e-01	-4.2695661840e-01	-4.2695661840e-01	-4.2695661840e-01	-4.5082142383e-01	-4.5082142383e-01	-4.5835883033e-01	-4.5835883033e-01	-4.5835883033e-01	-4.7723972226e-01	-4.7723972226e-01	-4.7723972226e-01	-4.8600013766e-01	-4.9467848394e-01	-4.9467848394e-01	-4.9467848394e-01	-5.0177749040e-01	-5.0920062339e-01	-5.0920062339e-01	-5.0920062339e-01	-5.2336965423e-01	-5.3514151929e-01	-5.3514151929e-01	-5.3514151929e-01	-5.3514151929e-01	-5.4182080633e-01	-5.4783777623e-01	-5.4783777623e-01	-5.4783777623e-01	-5.6015264940e-01	-5.6684511648e-01	-5.6684511648e-01	-5.6684511648e-01	-5.7896520124e-01	-5.7896520124e-01	-5.7896520124e-01	-5.8525619138e-01	-5.8525619138e-01	-5.9463323816e-01	-5.9463323816e-01	-6.0697795831e-01	-6.0697795831e-01	-6.1092731202e-01	-6.1092731202e-01	-6.1092731202e-01	-6.1692465081e-01	-6.2132535986e-01	-6.2132535986e-01	-6.3167966613e-01	-6.3167966613e-01	-6.3656504775e-01	-6.3656504775e-01	-6.3656504775e-01	-6.4417987477e-01	-6.4417987477e-01	-6.4485224933e-01	-6.5384002638e-01	-6.5384002638e-01	-6.5361498977e-01	-6.5361498977e-01	-6.5361498977e-01	-6.6209110130e-01	
286	0.0	-4.5879294466e-03	-4.5879294466e-03	-3.1777847496e-02	-6.3708510731e-02	-6.3708510731e-02	-6.3708510731e-02	-6.3708510731e-02	-1.0568038943e-01	-1.0568038943e-01	-1.0568038943e-01	-1.0568038943e-01	-1.5314449225e-01	-1.5314449225e-01	-1.5314449225e-01	-1.9141041688e-01	-2.0239984832e-01	-2.0239984832e-01	-2.0239984832e-01	-2.4053795052e-01	-2.5104558531e-01	-2.5104558531e-01	-2.5104558531e-01	-2.5104558531e-01	-2.9670592063e-01	-2.9670592063e-01	-2.9670592063e-01	-3.2628732293e-01	-3.3672913686e-01	-3.3672913686e-01	-3.3672913686e-01	-3.5998295891e-01	-3.7057948864e-01	-3.7057948864e-01	-3.7057948864e-01	-3.8876146704e-01	-3.9796436728e-01	-3.9796436728e-01	-3.9796436728e-01	-4.1258057321e-01	-4.2696349933e-01	-4.2696349933e-01	-4.2696349933e-01	-4.5082870930e-01	-4.5082870930e-01	-4.5836616118e-01	-4.5836616118e-01	-4.5836616118e-01	-4.7724727065e-01	-4.7724727065e-01	-4.7724727065e-01	-4.8600782405e-01	-4.9468622142e-01	-4.9468622142e-01	-4.9468622142e-01	-5.0178534271e-01	-5.0920851863e-01	-5.0920851863e-01	-5.0920851863e-01	-5.2337776994e-01	-5.3514969659e-01	-5.3514969659e-01	-5.3514969659e-01	-5.3514969659e-01	-5.4182907896e-01	-5.4784608182e-01	-5.4784608182e-01	-5.4784608182e-01	-5.6016113551e-01	-5.6685363745e-01	-5.6685363745e-01	-5.6685363745e-01	-5.7897385470e-01	-5.7897385470e-01	-5.7897385470e-01	-5.8526496108e-01	-5.8526496108e-01	-5.9464204410e-01	-5.9464204410e-01	-6.0698703706e-01	-6.0698703706e-01	-6.1093640381e-01	-6.1093640381e-01	-6.1093640381e-01	-6.1693388099e-01	-6.2133459661e-01	-6.2133459661e-01	-6.3168911989e-01	-6.3168911989e-01	-6.3657449092e-01	-6.3657449092e-01	-6.3657449092e-01	-6.4418948527e-01	-6.4418948527e-01	-6.4486183920e-01	-6.5384979768e-01	-6.5384979768e-01	-6.5362472353e-01	-6.5362472353e-01	-6.5362472353e-01	-6.6210094639e-01	
287	0.0	-4.5882587987e-03	-4.5882587987e-03	-3.1778125252e-02	-6.3709506466e-02	-6.3709506466e-02	-6.3709506466e-02	-6.3709506466e-02	-1.0568217845e-01	-1.0568217845e-01	-1.0568217845e-01	-1.0568217845e-01	-1.5314715503e-01	-1.5314715503e-01	-1.5314715503e-01	-1.9141379899e-01	-2.0240337218e-01	-2.0240337218e-01	-2.0240337218e-01	-2.4054213436e-01	-2.5104989155e-01	-2.5104989155e-01	-2.5104989155e-01	-2.5104989155e-01	-2.9671088486e-01	-2.9671088486e-01	-2.9671088486e-01	-3.2629270996e-01	-3.3673462515e-01	-3.3673462515e-01	-3.3673462515e-01	-3.5998877220e-01	-3.7058539415e-01	-3.7058539415e-01	-3.7058539415e-01	-3.8876763126e-01	-3.9797060429e-01	-3.9797060429e-01	-3.9797060429e-01	-4.1258703295e-01	-4.2697006511e-01	-4.2697006511e-01	-4.2697006511e-01	-4.5083561311e-01	-4.5083561311e-01	-4.5837310851e-01	-4.5837310851e-01	-4.5837310851e-01	-4.7725440849e-01	-4.7725440849e-01	-4.7725440849e-01	-4.8601508426e-01	-4.9469352940e-01	-4.9469352940e-01	-4.9469352940e-01	-5.0179275514e-01	-5.0921597063e-01	-5.0921597063e-01	-5.0921597063e-01	-5.2338542357e-01	-5.3515740670e-01	-5.3515740670e-01	-5.3515740670e-01	-5.3515740670e-01	-5.4183687960e-01	-5.4785391335e-01	-5.4785391335e-01	-5.4785391335e-01	-5.6016914226e-01	-5.6686167667e-01	-5.6686167667e-01	-5.6686167667e-01	-5.7898202098e-01	-5.7898202098e-01	-5.7898202098e-01	-5.8527324031e-01	-5.8527324031e-01	-5.9465035475e-01	-5.9465035475e-01	-6.0699561279e-01	-6.0699561279e-01	-6.1094499020e-01	-6.1094499020e-01	-6.1094499020e-01	-6.1694260194e-01	-6.2134332127e-01	-6.2134332127e-01	-6.3169805556e-01	-6.3169805556e-01	-6.3658341168e-01	-6.3658341168e-01	-6.3658341168e-01	-6.4419856892e-01	-6.4419856892e-01	-6.4487089939e-01	-6.5385903672e-01	-6.5385903672e-01	-6.5363392149e-01	-6.5363392149e-01	-6.5363392149e-01	-6.6211025290e-01	
288	0.0	-4.5885845478e-03	-4.5885845478e-03	-3.1778399402e-02	-6.3710481809e-02	-6.3710481809e-02	-6.3710481809e-02	-6.3710481809e-02	-1.0568393121e-01	-1.0568393121e-01	-1.0568393121e-01	-1.0568393121e-01	-1.5314976192e-01	-1.5314976192e-01	-1.5314976192e-01	-1.9141710356e-01	-2.0240681677e-01	-2.0240681677e-01	-2.0240681677e-01	-2.4054621127e-01	-2.5105408919e-01	-2.5105408919e-01	-2.5105408919e-01	-2.5105408919e-01	-2.9671570067e-01	-2.9671570067e-01	-2.9671570067e-01	-3.2629790142e-01	-3.3673991633e-01	-3.3673991633e-01	-3.3673991633e-01	-3.5999434073e-01	-3.7059105308e-01	-3.7059105308e-01	-3.7059105308e-01	-3.8877350474e-01	-3.9797654882e-01	-3.9797654882e-01	-3.9797654882e-01	-4.1259316210e-01	-4.2697629705e-01	-4.2697629705e-01	-4.2697629705e-01	-4.5084211796e-01	-4.5084211796e-01	-4.5837965489e-01	-4.5837965489e-01	-4.5837965489e-01	-4.7726111865e-01	-4.7726111865e-01	-4.7726111865e-01	-4.8602190128e-01	-4.9470039080e-01	-4.9470039080e-01	-4.9470039080e-01	-5.0179971059e-01	-5.0922296224e-01	-5.0922296224e-01	-5.0922296224e-01	-5.2339259788e-01	-5.3516463233e-01	-5.3516463233e-01	-5.3516463233e-01	-5.3516463233e-01	-5.4184419078e-01	-5.4786125331e-01	-5.4786125331e-01	-5.4786125331e-01	-5.6017665160e-01	-5.6686921602e-01	-5.6686921602e-01	-5.6686921602e-01	-5.7898968158e-01	-5.7898968158e-01	-5.7898968158e-01	-5.8528101019e-01	-5.8528101019e-01	-5.9465815131e-01	-5.9465815131e-01	-6.0700366574e-01	-6.0700366574e-01	-6.1095305150e-01	-6.1095305150e-01	-6.1095305150e-01	-6.1695079347e-01	-6.2135151380e-01	-6.2135151380e-01	-6.3170645234e-01	-6.3170645234e-01	-6.3659178958e-01	-6.3659178958e-01	-6.3659178958e-01	-6.4420710463e-01	-6.4420710463e-01	-6.4487940912e-01	-6.5386772190e-01	-6.5386772190e-01	-6.5364256248e-01	-6.5364256248e-01	-6.5364256248e-01	-6.6211899919e-01	
289	0.0	-4.5889052573e-03	-4.5889052573e-03	-3.1778668596e-02	-6.3711432688e-02	-6.3711432688e-02	-6.3711432688e-02	-6.3711432688e-02	-1.0568564036e-01	-1.0568564036e-01	-1.0568564036e-01	-1.0568564036e-01	-1.5315230217e-01	-1.5315230217e-01	-1.5315230217e-01	-1.9142031733e-01	-2.0241016811e-01	-2.0241016811e-01	-2.0241016811e-01	-2.4055016544e-01	-2.5105816176e-01	-2.5105816176e-01	-2.5105816176e-01	-2.5105816176e-01	-2.9672035030e-01	-2.9672035030e-01	-2.9672035030e-01	-3.2630287990e-01	-3.3674499243e-01	-3.3674499243e-01	-3.3674499243e-01	-3.5999964740e-01	-3.7059644784e-01	-3.7059644784e-01	-3.7059644784e-01	-3.8877907094e-01	-3.9798218393e-01	-3.9798218393e-01	-3.9798218393e-01	-4.1259894467e-01	-4.2698217859e-01	-4.2698217859e-01	-4.2698217859e-01	-4.5084820908e-01	-4.5084820908e-01	-4.5838578532e-01	-4.5838578532e-01	-4.5838578532e-01	-4.7726738652e-01	-4.7726738652e-01	-4.7726738652e-01	-4.8602826083e-01	-4.9470679114e-01	-4.9470679114e-01	-4.9470679114e-01	-5.0180619470e-01	-5.0922947898e-01	-5.0922947898e-01	-5.0922947898e-01	-5.2339927854e-01	-5.3517135895e-01	-5.3517135895e-01	-5.3517135895e-01	-5.3517135895e-01	-5.4185099789e-01	-5.4786808693e-01	-5.4786808693e-01	-5.4786808693e-01	-5.6018364837e-01	-5.6687624022e-01	-5.6687624022e-01	-5.6687624022e-01	-5.7899682090e-01	-5.7899682090e-01	-5.7899682090e-01	-5.8528825481e-01	-5.8528825481e-01	-5.9466541781e-01	-5.9466541781e-01	-6.0701117918e-01	-6.0701117918e-01	-6.1096057099e-01	-6.1096057099e-01	-6.1096057099e-01	-6.1695843846e-01	-6.2135915713e-01	-6.2135915713e-01	-6.3171429257e-01	-6.3171429257e-01	-6.3659960713e-01	-6.3659960713e-01	-6.3659960713e-01	-6.4421507448e-01	-6.4421507448e-01	-6.4488735065e-01	-6.5387583479e-01	-6.5387583479e-01	-6.5365062842e-01	-6.5365062842e-01	-6.5365062842e-01	-6.6212716679e-01	
290	0.0	-4.5892195291e-03	-4.5892195291e-03	-3.1778931664e-02	-6.3712355398e-02	-6.3712355398e-02	-6.3712355398e-02	-6.3712355398e-02	-1.0568729928e-01	-1.0568729928e-01	-1.0568729928e-01	-1.0568729928e-01	-1.5315476601e-01	-1.5315476601e-01	-1.5315476601e-01	-1.9142342840e-01	-2.0241341368e-01	-2.0241341368e-01	-2.0241341368e-01	-2.4055398281e-01	-2.5106209469e-01	-2.5106209469e-01	-2.5106209469e-01	-2.5106209469e-01	-2.9672481832e-01	-2.9672481832e-01	-2.9672481832e-01	-3.2630763074e-01	-3.3674983838e-01	-3.3674983838e-01	-3.3674983838e-01	-3.6000467845e-01	-3.7060156429e-01	-3.7060156429e-01	-3.7060156429e-01	-3.8878431717e-01	-3.9798749669e-01	-3.9798749669e-01	-3.9798749669e-01	-4.1260436905e-01	-4.2698769782e-01	-4.2698769782e-01	-4.2698769782e-01	-4.5085387718e-01	-4.5085387718e-01	-4.5839149042e-01	-4.5839149042e-01	-4.5839149042e-01	-4.7727320376e-01	-4.7727320376e-01	-4.7727320376e-01	-4.8603415534e-01	-4.9471272283e-01	-4.9471272283e-01	-4.9471272283e-01	-5.0181220048e-01	-5.0923551385e-01	-5.0923551385e-01	-5.0923551385e-01	-5.2340545989e-01	-5.3517758095e-01	-5.3517758095e-01	-5.3517758095e-01	-5.3517758095e-01	-5.4185729581e-01	-5.4787440908e-01	-5.4787440908e-01	-5.4787440908e-01	-5.6019012765e-01	-5.6688274432e-01	-5.6688274432e-01	-5.6688274432e-01	-5.7900343390e-01	-5.7900343390e-01	-5.7900343390e-01	-5.8529496872e-01	-5.8529496872e-01	-5.9467214895e-01	-5.9467214895e-01	-6.0701814676e-01	-6.0701814676e-01	-6.1096754242e-01	-6.1096754242e-01	-6.1096754242e-01	-6.1696553014e-01	-6.2136624464e-01	-6.2136624464e-01	-6.3172156879e-01	-6.3172156879e-01	-6.3660685724e-01	-6.3660685724e-01	-6.3660685724e-01	-6.4422247071e-01	-6.4422247071e-01	-6.4489471656e-01	-6.5388336713e-01	-6.5388336713e-01	-6.5365811146e-01	-6.5365811146e-01	-6.5365811146e-01	-6.6213474737e-01	
291	0.0	-4.5895259329e-03	-4.5895259329e-03	-3.1779187520e-02	-6.3713246197e-02	-6.3713246197e-02	-6.3713246197e-02	-6.3713246197e-02	-1.0568890119e-01	-1.0568890119e-01	-1.0568890119e-01	-1.0568890119e-01	-1.5315714341e-01	-1.5315714341e-01	-1.5315714341e-01	-1.9142642416e-01	-2.0241654032e-01	-2.0241654032e-01	-2.0241654032e-01	-2.4055764822e-01	-2.5106587237e-01	-2.5106587237e-01	-2.5106587237e-01	-2.5106587237e-01	-2.9672908776e-01	-2.9672908776e-01	-2.9672908776e-01	-3.2631213700e-01	-3.3675443688e-01	-3.3675443688e-01	-3.3675443688e-01	-3.6000941698e-01	-3.7060638525e-01	-3.7060638525e-01	-3.7060638525e-01	-3.8878922670e-01	-3.9799247013e-01	-3.9799247013e-01	-3.9799247013e-01	-4.1260941846e-01	-4.2699283764e-01	-4.2699283764e-01	-4.2699283764e-01	-4.5085910539e-01	-4.5085910539e-01	-4.5839675322e-01	-4.5839675322e-01	-4.5839675322e-01	-4.7727855282e-01	-4.7727855282e-01	-4.7727855282e-01	-4.8603956625e-01	-4.9471816726e-01	-4.9471816726e-01	-4.9471816726e-01	-5.0181770809e-01	-5.0924104703e-01	-5.0924104703e-01	-5.0924104703e-01	-5.2341111902e-01	-5.3518327541e-01	-5.3518327541e-01	-5.3518327541e-01	-5.3518327541e-01	-5.4186305989e-01	-5.4788019506e-01	-5.4788019506e-01	-5.4788019506e-01	-5.6019606101e-01	-5.6688869988e-01	-5.6688869988e-01	-5.6688869988e-01	-5.7900949037e-01	-5.7900949037e-01	-5.7900949037e-01	-5.8530112042e-01	-5.8530112042e-01	-5.9467831331e-01	-5.9467831331e-01	-6.0702453562e-01	-6.0702453562e-01	-6.1097393297e-01	-6.1097393297e-01	-6.1097393297e-01	-6.1697203513e-01	-6.2137274307e-01	-6.2137274307e-01	-6.3172824706e-01	-6.3172824706e-01	-6.3661350623e-01	-6.3661350623e-01	-6.3661350623e-01	-6.4422925916e-01	-6.4422925916e-01	-6.4490147289e-01	-6.5389028433e-01	-6.5389028433e-01	-6.5366497735e-01	-6.5366497735e-01	-6.5366497735e-01	-6.6214170632e-01	
292	0.0	-4.5898232391e-03	-4.5898232391e-03	-3.1779435031e-02	-6.3714101771e-02	-6.3714101771e-02	-6.3714101771e-02	-6.3714101771e-02	-1.0569044017e-01	-1.0569044017e-01	-1.0569044017e-01	-1.0569044017e-01	-1.5315942572e-01	-1.5315942572e-01	-1.5315942572e-01	-1.9142929423e-01	-2.0241953703e-01	-2.0241953703e-01	-2.0241953703e-01	-2.4056114956e-01	-2.5106948213e-01	-2.5106948213e-01	-2.5106948213e-01	-2.5106948213e-01	-2.9673314545e-01	-2.9673314545e-01	-2.9673314545e-01	-3.2631638657e-01	-3.3675877534e-01	-3.3675877534e-01	-3.3675877534e-01	-3.6001385195e-01	-3.7061089925e-01	-3.7061089925e-01	-3.7061089925e-01	-3.8879378970e-01	-3.9799709410e-01	-3.9799709410e-01	-3.9799709410e-01	-4.1261408424e-01	-4.2699758894e-01	-4.2699758894e-01	-4.2699758894e-01	-4.5086388742e-01	-4.5086388742e-01	-4.5840156726e-01	-4.5840156726e-01	-4.5840156726e-01	-4.7728342815e-01	-4.7728342815e-01	-4.7728342815e-01	-4.8604448871e-01	-4.9472311944e-01	-4.9472311944e-01	-4.9472311944e-01	-5.0182271313e-01	-5.0924607403e-01	-5.0924607403e-01	-5.0924607403e-01	-5.2341625295e-01	-5.3518843922e-01	-5.3518843922e-01	-5.3518843922e-01	-5.3518843922e-01	-5.4186828760e-01	-5.4788544225e-01	-5.4788544225e-01	-5.4788544225e-01	-5.6020144792e-01	-5.6689410623e-01	-5.6689410623e-01	-5.6689410623e-01	-5.7901499064e-01	-5.7901499064e-01	-5.7901499064e-01	-5.8530671111e-01	-5.8530671111e-01	-5.9468391202e-01	-5.9468391202e-01	-6.0703034795e-01	-6.0703034795e-01	-6.1097974480e-01	-6.1097974480e-01	-6.1097974480e-01	-6.1697795596e-01	-6.2137865493e-01	-6.2137865493e-01	-6.3173433037e-01	-6.3173433037e-01	-6.3661955713e-01	-6.3661955713e-01	-6.3661955713e-01	-6.4423544307e-01	-6.4423544307e-01	-6.4490762296e-01	-6.5389658970e-01	-6.5389658970e-01	-6.5367122951e-01	-6.5367122951e-01	-6.5367122951e-01	-6.6214804710e-01	
293	0.0	-4.5901102815e-03	-4.5901102815e-03	-3.1779673193e-02	-6.3714919129e-02	-6.3714919129e-02	-6.3714919129e-02	-6.3714919129e-02	-1.0569191085e-01	-1.0569191085e-01	-1.0569191085e-01	-1.0569191085e-01	-1.5316160511e-01	-1.5316160511e-01	-1.5316160511e-01	-1.9143202912e-01	-2.0242239377e-01	-2.0242239377e-01	-2.0242239377e-01	-2.4056447580e-01	-2.5107291247e-01	-2.5107291247e-01	-2.5107291247e-01	-2.5107291247e-01	-2.9673697961e-01	-2.9673697961e-01	-2.9673697961e-01	-3.2632036888e-01	-3.3676284281e-01	-3.3676284281e-01	-3.3676284281e-01	-3.6001797407e-01	-3.7061509667e-01	-3.7061509667e-01	-3.7061509667e-01	-3.8879799832e-01	-3.9800136050e-01	-3.9800136050e-01	-3.9800136050e-01	-4.1261835986e-01	-4.2700194489e-01	-4.2700194489e-01	-4.2700194489e-01	-4.5086821943e-01	-4.5086821943e-01	-4.5840592859e-01	-4.5840592859e-01	-4.5840592859e-01	-4.7728782693e-01	-4.7728782693e-01	-4.7728782693e-01	-4.8604892078e-01	-4.9472757740e-01	-4.9472757740e-01	-4.9472757740e-01	-5.0182721422e-01	-5.0925059344e-01	-5.0925059344e-01	-5.0925059344e-01	-5.2342086136e-01	-5.3519307207e-01	-5.3519307207e-01	-5.3519307207e-01	-5.3519307207e-01	-5.4187297888e-01	-5.4789015050e-01	-5.4789015050e-01	-5.4789015050e-01	-5.6020628852e-01	-5.6689896348e-01	-5.6689896348e-01	-5.6689896348e-01	-5.7901993491e-01	-5.7901993491e-01	-5.7901993491e-01	-5.8531174099e-01	-5.8531174099e-01	-5.9468894534e-01	-5.9468894534e-01	-6.0703558344e-01	-6.0703558344e-01	-6.1098497765e-01	-6.1098497765e-01	-6.1098497765e-01	-6.1698329207e-01	-6.2138397973e-01	-6.2138397973e-01	-6.3173981766e-01	-6.3173981766e-01	-6.3662500906e-01	-6.3662500906e-01	-6.3662500906e-01	-6.4424102121e-01	-6.4424102121e-01	-6.4491316572e-01	-6.5390228168e-01	-6.5390228168e-01	-6.5367686666e-01	-6.5367686666e-01	-6.5367686666e-01	-6.6215376818e-01	
294	0.0	-4.5903859608e-03	-4.5903859608e-03	-3.1779901099e-02	-6.3715695547e-02	-6.3715695547e-02	-6.3715695547e-02	-6.3715695547e-02	-1.0569330832e-01	-1.0569330832e-01	-1.0569330832e-01	-1.0569330832e-01	-1.5316367440e-01	-1.5316367440e-01	-1.5316367440e-01	-1.9143462018e-01	-2.0242510141e-01	-2.0242510141e-01	-2.0242510141e-01	-2.4056761694e-01	-2.5107615299e-01	-2.5107615299e-01	-2.5107615299e-01	-2.5107615299e-01	-2.9674057972e-01	-2.9674057972e-01	-2.9674057972e-01	-3.2632407468e-01	-3.3676662974e-01	-3.3676662974e-01	-3.3676662974e-01	-3.6002177547e-01	-3.7061896938e-01	-3.7061896938e-01	-3.7061896938e-01	-3.8880184613e-01	-3.9800526271e-01	-3.9800526271e-01	-3.9800526271e-01	-4.1262224022e-01	-4.2700590013e-01	-4.2700590013e-01	-4.2700590013e-01	-4.5087209888e-01	-4.5087209888e-01	-4.5840983460e-01	-4.5840983460e-01	-4.5840983460e-01	-4.7729174750e-01	-4.7729174750e-01	-4.7729174750e-01	-4.8605286137e-01	-4.9473154004e-01	-4.9473154004e-01	-4.9473154004e-01	-5.0183121057e-01	-5.0925460453e-01	-5.0925460453e-01	-5.0925460453e-01	-5.2342494405e-01	-5.3519717380e-01	-5.3519717380e-01	-5.3519717380e-01	-5.3519717380e-01	-5.4187713358e-01	-5.4789431968e-01	-5.4789431968e-01	-5.4789431968e-01	-5.6021058225e-01	-5.6690327106e-01	-5.6690327106e-01	-5.6690327106e-01	-5.7902432237e-01	-5.7902432237e-01	-5.7902432237e-01	-5.8531620892e-01	-5.8531620892e-01	-5.9469341225e-01	-5.9469341225e-01	-6.0704024021e-01	-6.0704024021e-01	-6.1098962969e-01	-6.1098962969e-01	-6.1098962969e-01	-6.1698804119e-01	-6.2138871532e-01	-6.2138871532e-01	-6.3174470615e-01	-6.3174470615e-01	-6.3662985947e-01	-6.3662985947e-01	-6.3662985947e-01	-6.4424599053e-01	-6.4424599053e-01	-6.4491809833e-01	-6.5390735689e-01	-6.5390735689e-01	-6.5368188569e-01	-6.5368188569e-01	-6.5368188569e-01	-6.6215886611e-01	
295	0.0	-4.5906492667e-03	-4.5906492667e-03	-3.1780117915e-02	-6.3716428576e-02	-6.3716428576e-02	-6.3716428576e-02	-6.3716428576e-02	-1.0569462818e-01	-1.0569462818e-01	-1.0569462818e-01	-1.0569462818e-01	-1.5316562715e-01	-1.5316562715e-01	-1.5316562715e-01	-1.9143705969e-01	-2.0242765177e-01	-2.0242765177e-01	-2.0242765177e-01	-2.4057056412e-01	-2.5107919446e-01	-2.5107919446e-01	-2.5107919446e-01	-2.5107919446e-01	-2.9674393661e-01	-2.9674393661e-01	-2.9674393661e-01	-3.2632749622e-01	-3.3677012805e-01	-3.3677012805e-01	-3.3677012805e-01	-3.6002524986e-01	-3.7062251082e-01	-3.7062251082e-01	-3.7062251082e-01	-3.8880532840e-01	-3.9800879582e-01	-3.9800879582e-01	-3.9800879582e-01	-4.1262572194e-01	-4.2700945106e-01	-4.2700945106e-01	-4.2700945106e-01	-4.5087552490e-01	-4.5087552490e-01	-4.5841328436e-01	-4.5841328436e-01	-4.5841328436e-01	-4.7729518984e-01	-4.7729518984e-01	-4.7729518984e-01	-4.8605631096e-01	-4.9473500782e-01	-4.9473500782e-01	-4.9473500782e-01	-5.0183470288e-01	-5.0925810800e-01	-5.0925810800e-01	-5.0925810800e-01	-5.2342850212e-01	-5.3520074555e-01	-5.3520074555e-01	-5.3520074555e-01	-5.3520074555e-01	-5.4188075279e-01	-5.4789795084e-01	-5.4789795084e-01	-5.4789795084e-01	-5.6021432962e-01	-5.6690702949e-01	-5.6690702949e-01	-5.6690702949e-01	-5.7902815326e-01	-5.7902815326e-01	-5.7902815326e-01	-5.8532011481e-01	-5.8532011481e-01	-5.9469731277e-01	-5.9469731277e-01	-6.0704431755e-01	-6.0704431755e-01	-6.1099370028e-01	-6.1099370028e-01	-6.1099370028e-01	-6.1699220228e-01	-6.2139286075e-01	-6.2139286075e-01	-6.3174899437e-01	-6.3174899437e-01	-6.3663410709e-01	-6.3663410709e-01	-6.3663410709e-01	-6.4425034939e-01	-6.4425034939e-01	-6.4492241933e-01	-6.5391181335e-01	-6.5391181335e-01	-6.5368628491e-01	-6.5368628491e-01	-6.5368628491e-01	-6.6216333892e-01	
296	0.0	-4.5908992685e-03	-4.5908992685e-03	-3.1780322910e-02	-6.3717116055e-02	-6.3717116055e-02	-6.3717116055e-02	-6.3717116055e-02	-1.0569586653e-01	-1.0569586653e-01	-1.0569586653e-01	-1.0569586653e-01	-1.5316745770e-01	-1.5316745770e-01	-1.5316745770e-01	-1.9143934088e-01	-2.0243003770e-01	-2.0243003770e-01	-2.0243003770e-01	-2.4057330970e-01	-2.5108202890e-01	-2.5108202890e-01	-2.5108202890e-01	-2.5108202890e-01	-2.9674704259e-01	-2.9674704259e-01	-2.9674704259e-01	-3.2633062733e-01	-3.3677333132e-01	-3.3677333132e-01	-3.3677333132e-01	-3.6002839269e-01	-3.7062571625e-01	-3.7062571625e-01	-3.7062571625e-01	-3.8880844221e-01	-3.9801195677e-01	-3.9801195677e-01	-3.9801195677e-01	-4.1262880355e-01	-4.2701259604e-01	-4.2701259604e-01	-4.2701259604e-01	-4.5087849871e-01	-4.5087849871e-01	-4.5841627904e-01	-4.5841627904e-01	-4.5841627904e-01	-4.7729815607e-01	-4.7729815607e-01	-4.7729815607e-01	-4.8605927213e-01	-4.9473798336e-01	-4.9473798336e-01	-4.9473798336e-01	-5.0183769399e-01	-5.0926110676e-01	-5.0926110676e-01	-5.0926110676e-01	-5.2343153878e-01	-5.3520379065e-01	-5.3520379065e-01	-5.3520379065e-01	-5.3520379065e-01	-5.4188383977e-01	-5.4790104727e-01	-5.4790104727e-01	-5.4790104727e-01	-5.6021753348e-01	-5.6691024162e-01	-5.6691024162e-01	-5.6691024162e-01	-5.7903143024e-01	-5.7903143024e-01	-5.7903143024e-01	-5.8532346109e-01	-5.8532346109e-01	-5.9470064947e-01	-5.9470064947e-01	-6.0704781750e-01	-6.0704781750e-01	-6.1099719155e-01	-6.1099719155e-01	-6.1099719155e-01	-6.1699577722e-01	-6.2139641802e-01	-6.2139641802e-01	-6.3175268391e-01	-6.3175268391e-01	-6.3663775376e-01	-6.3663775376e-01	-6.3663775376e-01	-6.4425409929e-01	-6.4425409929e-01	-6.4492613042e-01	-6.5391565237e-01	-6.5391565237e-01	-6.5369006590e-01	-6.5369006590e-01	-6.5369006590e-01	-6.6216718799e-01	
297	0.0	-4.5911347276e-03	-4.5911347276e-03	-3.1780515703e-02	-6.3717755980e-02	-6.3717755980e-02	-6.3717755980e-02	-6.3717755980e-02	-1.0569701984e-01	-1.0569701984e-01	-1.0569701984e-01	-1.0569701984e-01	-1.5316916100e-01	-1.5316916100e-01	-1.5316916100e-01	-1.9144145762e-01	-2.0243225294e-01	-2.0243225294e-01	-2.0243225294e-01	-2.4057584694e-01	-2.5108464950e-01	-2.5108464950e-01	-2.5108464950e-01	-2.5108464950e-01	-2.9674989134e-01	-2.9674989134e-01	-2.9674989134e-01	-3.2633346326e-01	-3.3677623474e-01	-3.3677623474e-01	-3.3677623474e-01	-3.6003120102e-01	-3.7062858270e-01	-3.7062858270e-01	-3.7062858270e-01	-3.8881118650e-01	-3.9801474447e-01	-3.9801474447e-01	-3.9801474447e-01	-4.1263148557e-01	-4.2701533562e-01	-4.2701533562e-01	-4.2701533562e-01	-4.5088102375e-01	-4.5088102375e-01	-4.5841882217e-01	-4.5841882217e-01	-4.5841882217e-01	-4.7730065078e-01	-4.7730065078e-01	-4.7730065078e-01	-4.8606174995e-01	-4.9474047189e-01	-4.9474047189e-01	-4.9474047189e-01	-5.0184018936e-01	-5.0926360643e-01	-5.0926360643e-01	-5.0926360643e-01	-5.2343406008e-01	-5.3520631537e-01	-5.3520631537e-01	-5.3520631537e-01	-5.3520631537e-01	-5.4188640074e-01	-5.4790361526e-01	-5.4790361526e-01	-5.4790361526e-01	-5.6022019980e-01	-5.6691291354e-01	-5.6691291354e-01	-5.6691291354e-01	-5.7903415932e-01	-5.7903415932e-01	-5.7903415932e-01	-5.8532625359e-01	-5.8532625359e-01	-5.9470342844e-01	-5.9470342844e-01	-6.0705074580e-01	-6.0705074580e-01	-6.1100010936e-01	-6.1100010936e-01	-6.1100010936e-01	-6.1699877166e-01	-6.2139939296e-01	-6.2139939296e-01	-6.3175578031e-01	-6.3175578031e-01	-6.3664080531e-01	-6.3664080531e-01	-6.3664080531e-01	-6.4425724583e-01	-6.4425724583e-01	-6.4492923742e-01	-6.5391887937e-01	-6.5391887937e-01	-6.5369323439e-01	-6.5369323439e-01	-6.5369323439e-01	-6.6217041886e-01	
298	0.0	-4.5913557347e-03	-4.5913557347e-03	-3.1780695261e-02	-6.3718347375e-02	-6.3718347375e-02	-6.3718347375e-02	-6.3718347375e-02	-1.0569808608e-01	-1.0569808608e-01	-1.0569808608e-01	-1.0569808608e-01	-1.5317073383e-01	-1.5317073383e-01	-1.5317073383e-01	-1.9144340655e-01	-2.0243429331e-01	-2.0243429331e-01	-2.0243429331e-01	-2.4057817199e-01	-2.5108705168e-01	-2.5108705168e-01	-2.5108705168e-01	-2.5108705168e-01	-2.9675247890e-01	-2.9675247890e-01	-2.9675247890e-01	-3.2633600214e-01	-3.3677883587e-01	-3.3677883587e-01	-3.3677883587e-01	-3.6003367476e-01	-3.7063110954e-01	-3.7063110954e-01	-3.7063110954e-01	-3.8881356285e-01	-3.9801716012e-01	-3.9801716012e-01	-3.9801716012e-01	-4.1263377110e-01	-4.2701767237e-01	-4.2701767237e-01	-4.2701767237e-01	-4.5088310586e-01	-4.5088310586e-01	-4.5842091937e-01	-4.5842091937e-01	-4.5842091937e-01	-4.7730268056e-01	-4.7730268056e-01	-4.7730268056e-01	-4.8606375169e-01	-4.9474248052e-01	-4.9474248052e-01	-4.9474248052e-01	-5.0184219647e-01	-5.0926561441e-01	-5.0926561441e-01	-5.0926561441e-01	-5.2343607402e-01	-5.3520832761e-01	-5.3520832761e-01	-5.3520832761e-01	-5.3520832761e-01	-5.4188844369e-01	-5.4790566271e-01	-5.4790566271e-01	-5.4790566271e-01	-5.6022233638e-01	-5.6691505294e-01	-5.6691505294e-01	-5.6691505294e-01	-5.7903634810e-01	-5.7903634810e-01	-5.7903634810e-01	-5.8532849984e-01	-5.8532849984e-01	-5.9470565719e-01	-5.9470565719e-01	-6.0705310988e-01	-6.0705310988e-01	-6.1100246115e-01	-6.1100246115e-01	-6.1100246115e-01	-6.1700119298e-01	-6.2140179297e-01	-6.2140179297e-01	-6.3175829083e-01	-6.3175829083e-01	-6.3664326910e-01	-6.3664326910e-01	-6.3664326910e-01	-6.4425979624e-01	-6.4425979624e-01	-6.4493174769e-01	-6.5392150149e-01	-6.5392150149e-01	-6.5369579770e-01	-6.5369579770e-01	-6.5369579770e-01	-6.6217303879e-01	
299	0.0	-4.5915611786e-03	-4.5915611786e-03	-3.1780861448e-02	-6.3718888446e-02	-6.3718888446e-02	-6.3718888446e-02	-6.3718888446e-02	-1.0569906215e-01	-1.0569906215e-01	-1.0569906215e-01	-1.0569906215e-01	-1.5317217197e-01	-1.5317217197e-01	-1.5317217197e-01	-1.9144518242e-01	-2.0243615380e-01	-2.0243615380e-01	-2.0243615380e-01	-2.4058027937e-01	-2.5108923024e-01	-2.5108923024e-01	-2.5108923024e-01	-2.5108923024e-01	-2.9675480087e-01	-2.9675480087e-01	-2.9675480087e-01	-3.2633824097e-01	-3.3678113200e-01	-3.3678113200e-01	-3.3678113200e-01	-3.6003581289e-01	-3.7063329613e-01	-3.7063329613e-01	-3.7063329613e-01	-3.8881557227e-01	-3.9801920507e-01	-3.9801920507e-01	-3.9801920507e-01	-4.1263566287e-01	-4.2701960957e-01	-4.2701960957e-01	-4.2701960957e-01	-4.5088475093e-01	-4.5088475093e-01	-4.5842257685e-01	-4.5842257685e-01	-4.5842257685e-01	-4.7730425281e-01	-4.7730425281e-01	-4.7730425281e-01	-4.8606528505e-01	-4.9474401738e-01	-4.9474401738e-01	-4.9474401738e-01	-5.0184372355e-01	-5.0926713933e-01	-5.0926713933e-01	-5.0926713933e-01	-5.2343758936e-01	-5.3520983677e-01	-5.3520983677e-01	-5.3520983677e-01	-5.3520983677e-01	-5.4188997782e-01	-5.4790719913e-01	-5.4790719913e-01	-5.4790719913e-01	-5.6022395219e-01	-5.6691666918e-01	-5.6691666918e-01	-5.6691666918e-01	-5.7903800598e-01	-5.7903800598e-01	-5.7903800598e-01	-5.8533020897e-01	-5.8533020897e-01	-5.9470734550e-01	-5.9470734550e-01	-6.0705491895e-01	-6.0705491895e-01	-6.1100425647e-01	-6.1100425647e-01	-6.1100425647e-01	-6.1700305045e-01	-6.2140362776e-01	-6.2140362776e-01	-6.3176022469e-01	-6.3176022469e-01	-6.3664515504e-01	-6.3664515504e-01	-6.3664515504e-01	-6.4426176004e-01	-6.4426176004e-01	-6.4493367119e-01	-6.5392352811e-01	-6.5392352811e-01	-6.5369776581e-01	-6.5369776581e-01	-6.5369776581e-01	-6.6217505753e-01	
300	0.0	-4.5917504801e-03	-4.5917504801e-03	-3.1781013860e-02	-6.3719378271e-02	-6.3719378271e-02	-6.3719378271e-02	-6.3719378271e-02	-1.0569994644e-01	-1.0569994644e-01	-1.0569994644e-01	-1.0569994644e-01	-1.5317347317e-01	-1.5317347317e-01	-1.5317347317e-01	-1.9144678292e-01	-2.0243783183e-01	-2.0243783183e-01	-2.0243783183e-01	-2.4058216699e-01	-2.5109118284e-01	-2.5109118284e-01	-2.5109118284e-01	-2.5109118284e-01	-2.9675685605e-01	-2.9675685605e-01	-2.9675685605e-01	-3.2634018074e-01	-3.3678312389e-01	-3.3678312389e-01	-3.3678312389e-01	-3.6003761858e-01	-3.7063514540e-01	-3.7063514540e-01	-3.7063514540e-01	-3.8881722003e-01	-3.9802088438e-01	-3.9802088438e-01	-3.9802088438e-01	-4.1263716795e-01	-4.2702115403e-01	-4.2702115403e-01	-4.2702115403e-01	-4.5088596925e-01	-4.5088596925e-01	-4.5842380483e-01	-4.5842380483e-01	-4.5842380483e-01	-4.7730537896e-01	-4.7730537896e-01	-4.7730537896e-01	-4.8606636223e-01	-4.9474509464e-01	-4.9474509464e-01	-4.9474509464e-01	-5.0184478327e-01	-5.0926819386e-01	-5.0926819386e-01	-5.0926819386e-01	-5.2343861965e-01	-5.3521085641e-01	-5.3521085641e-01	-5.3521085641e-01	-5.3521085641e-01	-5.4189101688e-01	-5.4790823823e-01	-5.4790823823e-01	-5.4790823823e-01	-5.6022506109e-01	-5.6691777604e-01	-5.6691777604e-01	-5.6691777604e-01	-5.7903914682e-01	-5.7903914682e-01	-5.7903914682e-01	-5.8533139490e-01	-5.8533139490e-01	-5.9470850732e-01	-5.9470850732e-01	-6.0705618710e-01	-6.0705618710e-01	-6.1100550944e-01	-6.1100550944e-01	-6.1100550944e-01	-6.1700435826e-01	-6.2140491155e-01	-6.2140491155e-01	-6.3176159621e-01	-6.3176159621e-01	-6.3664647751e-01	-6.3664647751e-01	-6.3664647751e-01	-6.4426315167e-01	-6.4426315167e-01	-6.4493502244e-01	-6.5392497372e-01	-6.5392497372e-01	-6.5369915333e-01	-6.5369915333e-01	-6.5369915333e-01	-6.6217648975e-01	
301	0.0	-4.5919232284e-03	-4.5919232284e-03	-3.1781152228e-02	-6.3719816335e-02	-6.3719816335e-02	-6.3719816335e-02	-6.3719816335e-02	-1.0570073797e-01	-1.0570073797e-01	-1.0570073797e-01	-1.0570073797e-01	-1.5317463606e-01	-1.5317463606e-01	-1.5317463606e-01	-1.9144820667e-01	-2.0243932585e-01	-2.0243932585e-01	-2.0243932585e-01	-2.4058383374e-01	-2.5109290825e-01	-2.5109290825e-01	-2.5109290825e-01	-2.5109290825e-01	-2.9675864445e-01	-2.9675864445e-01	-2.9675864445e-01	-3.2634182357e-01	-3.3678481355e-01	-3.3678481355e-01	-3.3678481355e-01	-3.6003909616e-01	-3.7063666161e-01	-3.7063666161e-01	-3.7063666161e-01	-3.8881851259e-01	-3.9802220450e-01	-3.9802220450e-01	-3.9802220450e-01	-4.1263829468e-01	-4.2702231411e-01	-4.2702231411e-01	-4.2702231411e-01	-4.5088677249e-01	-4.5088677249e-01	-4.5842461502e-01	-4.5842461502e-01	-4.5842461502e-01	-4.7730607198e-01	-4.7730607198e-01	-4.7730607198e-01	-4.8606699693e-01	-4.9474572615e-01	-4.9474572615e-01	-4.9474572615e-01	-5.0184538990e-01	-5.0926879240e-01	-5.0926879240e-01	-5.0926879240e-01	-5.2343918012e-01	-5.3521140194e-01	-5.3521140194e-01	-5.3521140194e-01	-5.3521140194e-01	-5.4189157645e-01	-5.4790879567e-01	-5.4790879567e-01	-5.4790879567e-01	-5.6022567886e-01	-5.6691838941e-01	-5.6691838941e-01	-5.6691838941e-01	-5.7903978664e-01	-5.7903978664e-01	-5.7903978664e-01	-5.8533207373e-01	-5.8533207373e-01	-5.9470915895e-01	-5.9470915895e-01	-6.0705693081e-01	-6.0705693081e-01	-6.1100623663e-01	-6.1100623663e-01	-6.1100623663e-01	-6.1700513304e-01	-6.2140566111e-01	-6.2140566111e-01	-6.3176242224e-01	-6.3176242224e-01	-6.3664725363e-01	-6.3664725363e-01	-6.3664725363e-01	-6.4426398829e-01	-6.4426398829e-01	-6.4493581882e-01	-6.5392585561e-01	-6.5392585561e-01	-6.5369997780e-01	-6.5369997780e-01	-6.5369997780e-01	-6.6217735307e-01	
302	0.0	-4.5920791485e-03	-4.5920791485e-03	-3.1781276370e-02	-6.3720202421e-02	-6.3720202421e-02	-6.3720202421e-02	-6.3720202421e-02	-1.0570143630e-01	-1.0570143630e-01	-1.0570143630e-01	-1.0570143630e-01	-1.5317566003e-01	-1.5317566003e-01	-1.5317566003e-01	-1.9144945326e-01	-2.0244063535e-01	-2.0244063535e-01	-2.0244063535e-01	-2.4058527979e-01	-2.5109440654e-01	-2.5109440654e-01	-2.5109440654e-01	-2.5109440654e-01	-2.9676016752e-01	-2.9676016752e-01	-2.9676016752e-01	-3.2634317313e-01	-3.3678620460e-01	-3.3678620460e-01	-3.3678620460e-01	-3.6004025162e-01	-3.7063785074e-01	-3.7063785074e-01	-3.7063785074e-01	-3.8881945819e-01	-3.9802317367e-01	-3.9802317367e-01	-3.9802317367e-01	-4.1263905325e-01	-4.2702310005e-01	-4.2702310005e-01	-4.2702310005e-01	-4.5088717434e-01	-4.5088717434e-01	-4.5842502117e-01	-4.5842502117e-01	-4.5842502117e-01	-4.7730634698e-01	-4.7730634698e-01	-4.7730634698e-01	-4.8606720503e-01	-4.9474592790e-01	-4.9474592790e-01	-4.9474592790e-01	-5.0184555994e-01	-5.0926895163e-01	-5.0926895163e-01	-5.0926895163e-01	-5.2343928829e-01	-5.3521149117e-01	-5.3521149117e-01	-5.3521149117e-01	-5.3521149117e-01	-5.4189167453e-01	-5.4790888952e-01	-5.4790888952e-01	-5.4790888952e-01	-5.6022582373e-01	-5.6691852764e-01	-5.6691852764e-01	-5.6691852764e-01	-5.7903994402e-01	-5.7903994402e-01	-5.7903994402e-01	-5.8533226410e-01	-5.8533226410e-01	-5.9470931931e-01	-5.9470931931e-01	-6.0705716914e-01	-6.0705716914e-01	-6.1100645725e-01	-6.1100645725e-01	-6.1100645725e-01	-6.1700539411e-01	-6.2140589594e-01	-6.2140589594e-01	-6.3176272241e-01	-6.3176272241e-01	-6.3664750331e-01	-6.3664750331e-01	-6.3664750331e-01	-6.4426428990e-01	-6.4426428990e-01	-6.4493608049e-01	-6.5392619394e-01	-6.5392619394e-01	-6.5370025966e-01	-6.5370025966e-01	-6.5370025966e-01	-6.6217766799e-01	
303	0.0	-4.5922180827e-03	-4.5922180827e-03	-3.1781386186e-02	-6.3720536596e-02	-6.3720536596e-02	-6.3720536596e-02	-6.3720536596e-02	-1.0570204149e-01	-1.0570204149e-01	-1.0570204149e-01	-1.0570204149e-01	-1.5317654527e-01	-1.5317654527e-01	-1.5317654527e-01	-1.9145052330e-01	-2.0244176085e-01	-2.0244176085e-01	-2.0244176085e-01	-2.4058650650e-01	-2.5109567904e-01	-2.5109567904e-01	-2.5109567904e-01	-2.5109567904e-01	-2.9676142817e-01	-2.9676142817e-01	-2.9676142817e-01	-3.2634423461e-01	-3.3678730221e-01	-3.3678730221e-01	-3.3678730221e-01	-3.6004109256e-01	-3.7063872041e-01	-3.7063872041e-01	-3.7063872041e-01	-3.8882006673e-01	-3.9802380183e-01	-3.9802380183e-01	-3.9802380183e-01	-4.1263945558e-01	-4.2702352387e-01	-4.2702352387e-01	-4.2702352387e-01	-4.5088719024e-01	-4.5088719024e-01	-4.5842503881e-01	-4.5842503881e-01	-4.5842503881e-01	-4.7730622087e-01	-4.7730622087e-01	-4.7730622087e-01	-4.8606700421e-01	-4.9474571776e-01	-4.9474571776e-01	-4.9474571776e-01	-5.0184531176e-01	-5.0926869007e-01	-5.0926869007e-01	-5.0926869007e-01	-5.2343896363e-01	-5.3521114381e-01	-5.3521114381e-01	-5.3521114381e-01	-5.3521114381e-01	-5.4189133104e-01	-5.4790853983e-01	-5.4790853983e-01	-5.4790853983e-01	-5.6022551594e-01	-5.6691821108e-01	-5.6691821108e-01	-5.6691821108e-01	-5.7903963954e-01	-5.7903963954e-01	-5.7903963954e-01	-5.8533198672e-01	-5.8533198672e-01	-5.9470900937e-01	-5.9470900937e-01	-6.0705692333e-01	-6.0705692333e-01	-6.1100619267e-01	-6.1100619267e-01	-6.1100619267e-01	-6.1700516296e-01	-6.2140563770e-01	-6.2140563770e-01	-6.3176251854e-01	-6.3176251854e-01	-6.3664724864e-01	-6.3664724864e-01	-6.3664724864e-01	-6.4426407872e-01	-6.4426407872e-01	-6.4493582990e-01	-6.5392601112e-01	-6.5392601112e-01	-6.5370002157e-01	-6.5370002157e-01	-6.5370002157e-01	-6.6217745732e-01	
304	0.0	-4.5923399620e-03	-4.5923399620e-03	-3.1781481698e-02	-6.3720819232e-02	-6.3720819232e-02	-6.3720819232e-02	-6.3720819232e-02	-1.0570255416e-01	-1.0570255416e-01	-1.0570255416e-01	-1.0570255416e-01	-1.5317729278e-01	-1.5317729278e-01	-1.5317729278e-01	-1.9145141840e-01	-2.0244270398e-01	-2.0244270398e-01	-2.0244270398e-01	-2.4058751648e-01	-2.5109672840e-01	-2.5109672840e-01	-2.5109672840e-01	-2.5109672840e-01	-2.9676243079e-01	-2.9676243079e-01	-2.9676243079e-01	-3.2634501470e-01	-3.3678811313e-01	-3.3678811313e-01	-3.3678811313e-01	-3.6004162816e-01	-3.7063927987e-01	-3.7063927987e-01	-3.7063927987e-01	-3.8882034978e-01	-3.9802410061e-01	-3.9802410061e-01	-3.9802410061e-01	-4.1263951526e-01	-4.2702359930e-01	-4.2702359930e-01	-4.2702359930e-01	-4.5088683734e-01	-4.5088683734e-01	-4.5842468522e-01	-4.5842468522e-01	-4.5842468522e-01	-4.7730571233e-01	-4.7730571233e-01	-4.7730571233e-01	-4.8606641394e-01	-4.9474511538e-01	-4.9474511538e-01	-4.9474511538e-01	-5.0184466550e-01	-5.0926802806e-01	-5.0926802806e-01	-5.0926802806e-01	-5.2343822740e-01	-5.3521038142e-01	-5.3521038142e-01	-5.3521038142e-01	-5.3521038142e-01	-5.4189056775e-01	-5.4790776849e-01	-5.4790776849e-01	-5.4790776849e-01	-5.6022477759e-01	-5.6691746199e-01	-5.6691746199e-01	-5.6691746199e-01	-5.7903889573e-01	-5.7903889573e-01	-5.7903889573e-01	-5.8533126424e-01	-5.8533126424e-01	-5.9470825208e-01	-5.9470825208e-01	-6.0705621658e-01	-6.0705621658e-01	-6.1100546627e-01	-6.1100546627e-01	-6.1100546627e-01	-6.1700446308e-01	-6.2140491008e-01	-6.2140491008e-01	-6.3176183453e-01	-6.3176183453e-01	-6.3664651384e-01	-6.3664651384e-01	-6.3664651384e-01	-6.4426337911e-01	-6.4426337911e-01	-6.4493509159e-01	-6.5392533174e-01	-6.5392533174e-01	-6.5369928839e-01	-6.5369928839e-01	-6.5369928839e-01	-6.6217674601e-01	
305	0.0	-4.5924448329e-03	-4.5924448329e-03	-3.1781563005e-02	-6.3721051010e-02	-6.3721051010e-02	-6.3721051010e-02	-6.3721051010e-02	-1.0570297548e-01	-1.0570297548e-01	-1.0570297548e-01	-1.0570297548e-01	-1.5317790440e-01	-1.5317790440e-01	-1.5317790440e-01	-1.9145214122e-01	-2.0244346746e-01	-2.0244346746e-01	-2.0244346746e-01	-2.4058831365e-01	-2.5109755857e-01	-2.5109755857e-01	-2.5109755857e-01	-2.5109755857e-01	-2.9676318122e-01	-2.9676318122e-01	-2.9676318122e-01	-3.2634552165e-01	-3.3678864566e-01	-3.3678864566e-01	-3.3678864566e-01	-3.6004186920e-01	-3.7063953996e-01	-3.7063953996e-01	-3.7063953996e-01	-3.8882032047e-01	-3.9802408325e-01	-3.9802408325e-01	-3.9802408325e-01	-4.1263924753e-01	-4.2702334176e-01	-4.2702334176e-01	-4.2702334176e-01	-4.5088613447e-01	-4.5088613447e-01	-4.5842397933e-01	-4.5842397933e-01	-4.5842397933e-01	-4.7730484170e-01	-4.7730484170e-01	-4.7730484170e-01	-4.8606545537e-01	-4.9474414211e-01	-4.9474414211e-01	-4.9474414211e-01	-5.0184364306e-01	-5.0926698770e-01	-5.0926698770e-01	-5.0926698770e-01	-5.2343710263e-01	-5.3520922737e-01	-5.3520922737e-01	-5.3520922737e-01	-5.3520922737e-01	-5.4188940826e-01	-5.4790659925e-01	-5.4790659925e-01	-5.4790659925e-01	-5.6022363267e-01	-5.6691630452e-01	-5.6691630452e-01	-5.6691630452e-01	-5.7903773703e-01	-5.7903773703e-01	-5.7903773703e-01	-5.8533012127e-01	-5.8533012127e-01	-5.9470707235e-01	-5.9470707235e-01	-6.0705507417e-01	-6.0705507417e-01	-6.1100430346e-01	-6.1100430346e-01	-6.1100430346e-01	-6.1700332008e-01	-6.2140373888e-01	-6.2140373888e-01	-6.3176069643e-01	-6.3176069643e-01	-6.3664532526e-01	-6.3664532526e-01	-6.3664532526e-01	-6.4426221759e-01	-6.4426221759e-01	-6.4493389230e-01	-6.5392418259e-01	-6.5392418259e-01	-6.5369808717e-01	-6.5369808717e-01	-6.5369808717e-01	-6.6217556126e-01	
306	0.0	-4.5925328421e-03	-4.5925328421e-03	-3.1781630296e-02	-6.3721232902e-02	-6.3721232902e-02	-6.3721232902e-02	-6.3721232902e-02	-1.0570330715e-01	-1.0570330715e-01	-1.0570330715e-01	-1.0570330715e-01	-1.5317838274e-01	-1.5317838274e-01	-1.5317838274e-01	-1.9145269539e-01	-2.0244405501e-01	-2.0244405501e-01	-2.0244405501e-01	-2.4058890304e-01	-2.5109817471e-01	-2.5109817471e-01	-2.5109817471e-01	-2.5109817471e-01	-2.9676368662e-01	-2.9676368662e-01	-2.9676368662e-01	-3.2634576502e-01	-3.3678890947e-01	-3.3678890947e-01	-3.3678890947e-01	-3.6004182780e-01	-3.7063951294e-01	-3.7063951294e-01	-3.7063951294e-01	-3.8881999336e-01	-3.9802376440e-01	-3.9802376440e-01	-3.9802376440e-01	-4.1263866901e-01	-4.2702276805e-01	-4.2702276805e-01	-4.2702276805e-01	-4.5088510183e-01	-4.5088510183e-01	-4.5842294148e-01	-4.5842294148e-01	-4.5842294148e-01	-4.7730363076e-01	-4.7730363076e-01	-4.7730363076e-01	-4.8606415106e-01	-4.9474282071e-01	-4.9474282071e-01	-4.9474282071e-01	-5.0184226772e-01	-5.0926559247e-01	-5.0926559247e-01	-5.0926559247e-01	-5.2343561382e-01	-5.3520770644e-01	-5.3520770644e-01	-5.3520770644e-01	-5.3520770644e-01	-5.4188787763e-01	-5.4790505729e-01	-5.4790505729e-01	-5.4790505729e-01	-5.6022210668e-01	-5.6691476432e-01	-5.6691476432e-01	-5.6691476432e-01	-5.7903618942e-01	-5.7903618942e-01	-5.7903618942e-01	-5.8532858394e-01	-5.8532858394e-01	-5.9470549662e-01	-5.9470549662e-01	-6.0705352294e-01	-6.0705352294e-01	-6.1100273126e-01	-6.1100273126e-01	-6.1100273126e-01	-6.1700176115e-01	-6.2140215149e-01	-6.2140215149e-01	-6.3175913192e-01	-6.3175913192e-01	-6.3664371086e-01	-6.3664371086e-01	-6.3664371086e-01	-6.4426062237e-01	-6.4426062237e-01	-6.4493226040e-01	-6.5392259218e-01	-6.5392259218e-01	-6.5369644665e-01	-6.5369644665e-01	-6.5369644665e-01	-6.6217393196e-01	
307	0.0	-4.5926042173e-03	-4.5926042173e-03	-3.1781683877e-02	-6.3721366163e-02	-6.3721366163e-02	-6.3721366163e-02	-6.3721366163e-02	-1.0570355139e-01	-1.0570355139e-01	-1.0570355139e-01	-1.0570355139e-01	-1.5317873117e-01	-1.5317873117e-01	-1.5317873117e-01	-1.9145308543e-01	-2.0244447133e-01	-2.0244447133e-01	-2.0244447133e-01	-2.4058929080e-01	-2.5109858314e-01	-2.5109858314e-01	-2.5109858314e-01	-2.5109858314e-01	-2.9676395543e-01	-2.9676395543e-01	-2.9676395543e-01	-3.2634575564e-01	-3.3678891553e-01	-3.3678891553e-01	-3.3678891553e-01	-3.6004151736e-01	-3.7063921238e-01	-3.7063921238e-01	-3.7063921238e-01	-3.8881938426e-01	-3.9802316002e-01	-3.9802316002e-01	-3.9802316002e-01	-4.1263779759e-01	-4.2702189635e-01	-4.2702189635e-01	-4.2702189635e-01	-4.5088376087e-01	-4.5088376087e-01	-4.5842159330e-01	-4.5842159330e-01	-4.5842159330e-01	-4.7730210253e-01	-4.7730210253e-01	-4.7730210253e-01	-4.8606252481e-01	-4.9474117526e-01	-4.9474117526e-01	-4.9474117526e-01	-5.0184056406e-01	-5.0926386720e-01	-5.0926386720e-01	-5.0926386720e-01	-5.2343378670e-01	-5.3520584477e-01	-5.3520584477e-01	-5.3520584477e-01	-5.3520584477e-01	-5.4188600224e-01	-5.4790316918e-01	-5.4790316918e-01	-5.4790316918e-01	-5.6022022642e-01	-5.6691286841e-01	-5.6691286841e-01	-5.6691286841e-01	-5.7903428027e-01	-5.7903428027e-01	-5.7903428027e-01	-5.8532667981e-01	-5.8532667981e-01	-5.9470355282e-01	-5.9470355282e-01	-6.0705159122e-01	-6.0705159122e-01	-6.1100077817e-01	-6.1100077817e-01	-6.1100077817e-01	-6.1699981502e-01	-6.2140017684e-01	-6.2140017684e-01	-6.3175717026e-01	-6.3175717026e-01	-6.3664170024e-01	-6.3664170024e-01	-6.3664170024e-01	-6.4425862324e-01	-6.4425862324e-01	-6.4493022590e-01	-6.5392059062e-01	-6.5392059062e-01	-6.5369439717e-01	-6.5369439717e-01	-6.5369439717e-01	-6.6217188864e-01	
308	0.0	-4.5926593089e-03	-4.5926593089e-03	-3.1781724088e-02	-6.3721452305e-02	-6.3721452305e-02	-6.3721452305e-02	-6.3721452305e-02	-1.0570371086e-01	-1.0570371086e-01	-1.0570371086e-01	-1.0570371086e-01	-1.5317895374e-01	-1.5317895374e-01	-1.5317895374e-01	-1.9145331676e-01	-2.0244472203e-01	-2.0244472203e-01	-2.0244472203e-01	-2.4058948413e-01	-2.5109879122e-01	-2.5109879122e-01	-2.5109879122e-01	-2.5109879122e-01	-2.9676399721e-01	-2.9676399721e-01	-2.9676399721e-01	-3.2634550549e-01	-3.3678867599e-01	-3.3678867599e-01	-3.3678867599e-01	-3.6004095243e-01	-3.7063865297e-01	-3.7063865297e-01	-3.7063865297e-01	-3.8881851008e-01	-3.9802228719e-01	-3.9802228719e-01	-3.9802228719e-01	-4.1263665224e-01	-4.2702074589e-01	-4.2702074589e-01	-4.2702074589e-01	-4.5088213404e-01	-4.5088213404e-01	-4.5841995738e-01	-4.5841995738e-01	-4.5841995738e-01	-4.7730028102e-01	-4.7730028102e-01	-4.7730028102e-01	-4.8606060143e-01	-4.9473923076e-01	-4.9473923076e-01	-4.9473923076e-01	-5.0183855764e-01	-5.0926183765e-01	-5.0926183765e-01	-5.0926183765e-01	-5.2343164805e-01	-5.3520366945e-01	-5.3520366945e-01	-5.3520366945e-01	-5.3520366945e-01	-5.4188380943e-01	-5.4790096241e-01	-5.4790096241e-01	-5.4790096241e-01	-5.6021801976e-01	-5.6691064481e-01	-5.6691064481e-01	-5.6691064481e-01	-5.7903203795e-01	-5.7903203795e-01	-5.7903203795e-01	-5.8532443747e-01	-5.8532443747e-01	-5.9470126983e-01	-5.9470126983e-01	-6.0704930840e-01	-6.0704930840e-01	-6.1099847373e-01	-6.1099847373e-01	-6.1099847373e-01	-6.1699751147e-01	-6.2139784491e-01	-6.2139784491e-01	-6.3175484179e-01	-6.3175484179e-01	-6.3663932398e-01	-6.3663932398e-01	-6.3663932398e-01	-6.4425625111e-01	-6.4425625111e-01	-6.4492781984e-01	-6.5391820915e-01	-6.5391820915e-01	-6.5369197019e-01	-6.5369197019e-01	-6.5369197019e-01	-6.6216946291e-01	
309	0.0	-4.5926985524e-03	-4.5926985524e-03	-3.1781751360e-02	-6.3721493087e-02	-6.3721493087e-02	-6.3721493087e-02	-6.3721493087e-02	-1.0570378869e-01	-1.0570378869e-01	-1.0570378869e-01	-1.0570378869e-01	-1.5317905516e-01	-1.5317905516e-01	-1.5317905516e-01	-1.9145339558e-01	-2.0244481353e-01	-2.0244481353e-01	-2.0244481353e-01	-2.4058949116e-01	-2.5109880730e-01	-2.5109880730e-01	-2.5109880730e-01	-2.5109880730e-01	-2.9676382257e-01	-2.9676382257e-01	-2.9676382257e-01	-3.2634502755e-01	-3.3678820401e-01	-3.3678820401e-01	-3.3678820401e-01	-3.6004014852e-01	-3.7063785044e-01	-3.7063785044e-01	-3.7063785044e-01	-3.8881738868e-01	-3.9802116392e-01	-3.9802116392e-01	-3.9802116392e-01	-4.1263525285e-01	-4.2701933684e-01	-4.2701933684e-01	-4.2701933684e-01	-4.5088024467e-01	-4.5088024467e-01	-4.5841805721e-01	-4.5841805721e-01	-4.5841805721e-01	-4.7729819108e-01	-4.7729819108e-01	-4.7729819108e-01	-4.8605840654e-01	-4.9473701306e-01	-4.9473701306e-01	-4.9473701306e-01	-5.0183627483e-01	-5.0925953044e-01	-5.0925953044e-01	-5.0925953044e-01	-5.2342922543e-01	-5.3520120839e-01	-5.3520120839e-01	-5.3520120839e-01	-5.3520120839e-01	-5.4188132741e-01	-5.4789846535e-01	-5.4789846535e-01	-5.4789846535e-01	-5.6021551539e-01	-5.6690812241e-01	-5.6690812241e-01	-5.6690812241e-01	-5.7902949175e-01	-5.7902949175e-01	-5.7902949175e-01	-5.8532188643e-01	-5.8532188643e-01	-5.9469867748e-01	-5.9469867748e-01	-6.0704670483e-01	-6.0704670483e-01	-6.1099584847e-01	-6.1099584847e-01	-6.1099584847e-01	-6.1699488129e-01	-6.2139518666e-01	-6.2139518666e-01	-6.3175217787e-01	-6.3175217787e-01	-6.3663661371e-01	-6.3663661371e-01	-6.3663661371e-01	-6.4425353790e-01	-6.4425353790e-01	-6.4492507431e-01	-6.5391548008e-01	-6.5391548008e-01	-6.5368919816e-01	-6.5368919816e-01	-6.5368919816e-01	-6.6216668746e-01	
310	0.0	-4.5927224644e-03	-4.5927224644e-03	-3.1781766197e-02	-6.3721490484e-02	-6.3721490484e-02	-6.3721490484e-02	-6.3721490484e-02	-1.0570378839e-01	-1.0570378839e-01	-1.0570378839e-01	-1.0570378839e-01	-1.5317904070e-01	-1.5317904070e-01	-1.5317904070e-01	-1.9145332878e-01	-2.0244475302e-01	-2.0244475302e-01	-2.0244475302e-01	-2.4058932085e-01	-2.5109864059e-01	-2.5109864059e-01	-2.5109864059e-01	-2.5109864059e-01	-2.9676344305e-01	-2.9676344305e-01	-2.9676344305e-01	-3.2634433571e-01	-3.3678751370e-01	-3.3678751370e-01	-3.3678751370e-01	-3.6003912200e-01	-3.7063682138e-01	-3.7063682138e-01	-3.7063682138e-01	-3.8881603874e-01	-3.9801980910e-01	-3.9801980910e-01	-3.9801980910e-01	-4.1263362008e-01	-4.2701769017e-01	-4.2701769017e-01	-4.2701769017e-01	-4.5087811673e-01	-4.5087811673e-01	-4.5841591694e-01	-4.5841591694e-01	-4.5841591694e-01	-4.7729585821e-01	-4.7729585821e-01	-4.7729585821e-01	-4.8605596638e-01	-4.9473454868e-01	-4.9473454868e-01	-4.9473454868e-01	-5.0183374266e-01	-5.0925697280e-01	-5.0925697280e-01	-5.0925697280e-01	-5.2342654703e-01	-5.3519849016e-01	-5.3519849016e-01	-5.3519849016e-01	-5.3519849016e-01	-5.4187858500e-01	-5.4789570700e-01	-5.4789570700e-01	-5.4789570700e-01	-5.6021274270e-01	-5.6690533078e-01	-5.6690533078e-01	-5.6690533078e-01	-5.7902667162e-01	-5.7902667162e-01	-5.7902667162e-01	-5.8531905687e-01	-5.8531905687e-01	-5.9469580629e-01	-5.9469580629e-01	-6.0704381159e-01	-6.0704381159e-01	-6.1099293361e-01	-6.1099293361e-01	-6.1099293361e-01	-6.1699195598e-01	-6.2139223378e-01	-6.2139223378e-01	-6.3174921064e-01	-6.3174921064e-01	-6.3663360183e-01	-6.3663360183e-01	-6.3663360183e-01	-6.4425051632e-01	-6.4425051632e-01	-6.4492202216e-01	-6.5391243650e-01	-6.5391243650e-01	-6.5368611438e-01	-6.5368611438e-01	-6.5368611438e-01	-6.6216359578e-01	
311	0.0	-4.5927316542e-03	-4.5927316542e-03	-3.1781769144e-02	-6.3721446669e-02	-6.3721446669e-02	-6.3721446669e-02	-6.3721446669e-02	-1.0570371383e-01	-1.0570371383e-01	-1.0570371383e-01	-1.0570371383e-01	-1.5317891619e-01	-1.5317891619e-01	-1.5317891619e-01	-1.9145312395e-01	-2.0244454836e-01	-2.0244454836e-01	-2.0244454836e-01	-2.4058898295e-01	-2.5109830111e-01	-2.5109830111e-01	-2.5109830111e-01	-2.5109830111e-01	-2.9676287101e-01	-2.9676287101e-01	-2.9676287101e-01	-3.2634344462e-01	-3.3678661993e-01	-3.3678661993e-01	-3.3678661993e-01	-3.6003788995e-01	-3.7063558309e-01	-3.7063558309e-01	-3.7063558309e-01	-3.8881447957e-01	-3.9801824222e-01	-3.9801824222e-01	-3.9801824222e-01	-4.1263177517e-01	-4.2701582744e-01	-4.2701582744e-01	-4.2701582744e-01	-4.5087577468e-01	-4.5087577468e-01	-4.5841356120e-01	-4.5841356120e-01	-4.5841356120e-01	-4.7729330833e-01	-4.7729330833e-01	-4.7729330833e-01	-4.8605330760e-01	-4.9473186449e-01	-4.9473186449e-01	-4.9473186449e-01	-5.0183098854e-01	-5.0925419238e-01	-5.0925419238e-01	-5.0925419238e-01	-5.2342364144e-01	-5.3519554368e-01	-5.3519554368e-01	-5.3519554368e-01	-5.3519554368e-01	-5.4187561142e-01	-5.4789271673e-01	-5.4789271673e-01	-5.4789271673e-01	-5.6020973145e-01	-5.6690229987e-01	-5.6690229987e-01	-5.6690229987e-01	-5.7902360790e-01	-5.7902360790e-01	-5.7902360790e-01	-5.8531597942e-01	-5.8531597942e-01	-5.9469268716e-01	-5.9469268716e-01	-6.0704066019e-01	-6.0704066019e-01	-6.1098976081e-01	-6.1098976081e-01	-6.1098976081e-01	-6.1698876752e-01	-6.2138901841e-01	-6.2138901841e-01	-6.3174597270e-01	-6.3174597270e-01	-6.3663032114e-01	-6.3663032114e-01	-6.3663032114e-01	-6.4424721954e-01	-6.4424721954e-01	-6.4491869667e-01	-6.5390911200e-01	-6.5390911200e-01	-6.5368275252e-01	-6.5368275252e-01	-6.5368275252e-01	-6.6216022182e-01	
312	0.0	-4.5927268438e-03	-4.5927268438e-03	-3.1781760736e-02	-6.3721363988e-02	-6.3721363988e-02	-6.3721363988e-02	-6.3721363988e-02	-1.0570356919e-01	-1.0570356919e-01	-1.0570356919e-01	-1.0570356919e-01	-1.5317868790e-01	-1.5317868790e-01	-1.5317868790e-01	-1.9145278929e-01	-2.0244420803e-01	-2.0244420803e-01	-2.0244420803e-01	-2.4058848794e-01	-2.5109779957e-01	-2.5109779957e-01	-2.5109779957e-01	-2.5109779957e-01	-2.9676211957e-01	-2.9676211957e-01	-2.9676211957e-01	-3.2634236971e-01	-3.3678553832e-01	-3.3678553832e-01	-3.3678553832e-01	-3.6003647024e-01	-3.7063415361e-01	-3.7063415361e-01	-3.7063415361e-01	-3.8881273121e-01	-3.9801648349e-01	-3.9801648349e-01	-3.9801648349e-01	-4.1262974009e-01	-4.2701377086e-01	-4.2701377086e-01	-4.2701377086e-01	-4.5087324366e-01	-4.5087324366e-01	-4.5841101526e-01	-4.5841101526e-01	-4.5841101526e-01	-4.7729056802e-01	-4.7729056802e-01	-4.7729056802e-01	-4.8605045766e-01	-4.9472898811e-01	-4.9472898811e-01	-4.9472898811e-01	-5.0182804070e-01	-5.0925121758e-01	-5.0925121758e-01	-5.0925121758e-01	-5.2342053820e-01	-5.3519239872e-01	-5.3519239872e-01	-5.3519239872e-01	-5.3519239872e-01	-5.4187243684e-01	-5.4788952481e-01	-5.4788952481e-01	-5.4788952481e-01	-5.6020651243e-01	-5.6689906059e-01	-5.6689906059e-01	-5.6689906059e-01	-5.7902033192e-01	-5.7902033192e-01	-5.7902033192e-01	-5.8531268566e-01	-5.8531268566e-01	-5.9468935187e-01	-5.9468935187e-01	-6.0703728304e-01	-6.0703728304e-01	-6.1098636256e-01	-6.1098636256e-01	-6.1098636256e-01	-6.1698534868e-01	-6.2138557341e-01	-6.2138557341e-01	-6.3174249737e-01	-6.3174249737e-01	-6.3662680509e-01	-6.3662680509e-01	-6.3662680509e-01	-6.4424368137e-01	-6.4424368137e-01	-6.4491513170e-01	-6.5390554076e-01	-6.5390554076e-01	-6.5367914684e-01	-6.5367914684e-01	-6.5367914684e-01	-6.6215660004e-01	
313	0.0	-4.5927087205e-03	-4.5927087205e-03	-3.1781741704e-02	-6.3721244934e-02	-6.3721244934e-02	-6.3721244934e-02	-6.3721244934e-02	-1.0570335892e-01	-1.0570335892e-01	-1.0570335892e-01	-1.0570335892e-01	-1.5317836249e-01	-1.5317836249e-01	-1.5317836249e-01	-1.9145233330e-01	-2.0244374096e-01	-2.0244374096e-01	-2.0244374096e-01	-2.4058784667e-01	-2.5109714719e-01	-2.5109714719e-01	-2.5109714719e-01	-2.5109714719e-01	-2.9676120230e-01	-2.9676120230e-01	-2.9676120230e-01	-3.2634112663e-01	-3.3678428486e-01	-3.3678428486e-01	-3.3678428486e-01	-3.6003488075e-01	-3.7063255118e-01	-3.7063255118e-01	-3.7063255118e-01	-3.8881081364e-01	-3.9801455314e-01	-3.9801455314e-01	-3.9801455314e-01	-4.1262753656e-01	-4.2701154262e-01	-4.2701154262e-01	-4.2701154262e-01	-4.5087054834e-01	-4.5087054834e-01	-4.5840830400e-01	-4.5840830400e-01	-4.5840830400e-01	-4.7728766335e-01	-4.7728766335e-01	-4.7728766335e-01	-4.8604744319e-01	-4.9472594650e-01	-4.9472594650e-01	-4.9472594650e-01	-5.0182492651e-01	-5.0924807603e-01	-5.0924807603e-01	-5.0924807603e-01	-5.2341726566e-01	-5.3518908406e-01	-5.3518908406e-01	-5.3518908406e-01	-5.3518908406e-01	-5.4186909020e-01	-5.4788616042e-01	-5.4788616042e-01	-5.4788616042e-01	-5.6020311514e-01	-5.6689564267e-01	-5.6689564267e-01	-5.6689564267e-01	-5.7901687383e-01	-5.7901687383e-01	-5.7901687383e-01	-5.8530920602e-01	-5.8530920602e-01	-5.9468583127e-01	-5.9468583127e-01	-6.0703371154e-01	-6.0703371154e-01	-6.1098277048e-01	-6.1098277048e-01	-6.1098277048e-01	-6.1698173136e-01	-6.2138193092e-01	-6.2138193092e-01	-6.3173881719e-01	-6.3173881719e-01	-6.3662308652e-01	-6.3662308652e-01	-6.3662308652e-01	-6.4423993494e-01	-6.4423993494e-01	-6.4491136055e-01	-6.5390175631e-01	-6.5390175631e-01	-6.5367533105e-01	-6.5367533105e-01	-6.5367533105e-01	-6.6215276439e-01	
314	0.0	-4.5926780442e-03	-4.5926780442e-03	-3.1781712781e-02	-6.3721092101e-02	-6.3721092101e-02	-6.3721092101e-02	-6.3721092101e-02	-1.0570308766e-01	-1.0570308766e-01	-1.0570308766e-01	-1.0570308766e-01	-1.5317794688e-01	-1.5317794688e-01	-1.5317794688e-01	-1.9145176486e-01	-2.0244315641e-01	-2.0244315641e-01	-2.0244315641e-01	-2.4058707033e-01	-2.5109635555e-01	-2.5109635555e-01	-2.5109635555e-01	-2.5109635555e-01	-2.9676013309e-01	-2.9676013309e-01	-2.9676013309e-01	-3.2633973122e-01	-3.3678287570e-01	-3.3678287570e-01	-3.3678287570e-01	-3.6003313945e-01	-3.7063079405e-01	-3.7063079405e-01	-3.7063079405e-01	-3.8880874670e-01	-3.9801247129e-01	-3.9801247129e-01	-3.9801247129e-01	-4.1262518604e-01	-4.2700916457e-01	-4.2700916457e-01	-4.2700916457e-01	-4.5086771272e-01	-4.5086771272e-01	-4.5840545166e-01	-4.5840545166e-01	-4.5840545166e-01	-4.7728461957e-01	-4.7728461957e-01	-4.7728461957e-01	-4.8604428993e-01	-4.9472276563e-01	-4.9472276563e-01	-4.9472276563e-01	-5.0182167226e-01	-5.0924479428e-01	-5.0924479428e-01	-5.0924479428e-01	-5.2341385086e-01	-5.3518562714e-01	-5.3518562714e-01	-5.3518562714e-01	-5.3518562714e-01	-5.4186559907e-01	-5.4788265130e-01	-5.4788265130e-01	-5.4788265130e-01	-5.6019956744e-01	-5.6689207419e-01	-5.6689207419e-01	-5.6689207419e-01	-5.7901326205e-01	-5.7901326205e-01	-5.7901326205e-01	-5.8530556915e-01	-5.8530556915e-01	-5.9468215429e-01	-5.9468215429e-01	-6.0702997534e-01	-6.0702997534e-01	-6.1097901435e-01	-6.1097901435e-01	-6.1097901435e-01	-6.1697794571e-01	-6.2137812122e-01	-6.2137812122e-01	-6.3173496301e-01	-6.3173496301e-01	-6.3661919646e-01	-6.3661919646e-01	-6.3661919646e-01	-6.4423601173e-01	-6.4423601173e-01	-6.4490741477e-01	-6.5389779061e-01	-6.5389779061e-01	-6.5367133717e-01	-6.5367133717e-01	-6.5367133717e-01	-6.6214874717e-01	
315	0.0	-4.5926356571e-03	-4.5926356571e-03	-3.1781674671e-02	-6.3720908179e-02	-6.3720908179e-02	-6.3720908179e-02	-6.3720908179e-02	-1.0570276021e-01	-1.0570276021e-01	-1.0570276021e-01	-1.0570276021e-01	-1.5317744827e-01	-1.5317744827e-01	-1.5317744827e-01	-1.9145109318e-01	-2.0244246400e-01	-2.0244246400e-01	-2.0244246400e-01	-2.4058617056e-01	-2.5109543659e-01	-2.5109543659e-01	-2.5109543659e-01	-2.5109543659e-01	-2.9675892617e-01	-2.9675892617e-01	-2.9675892617e-01	-3.2633819966e-01	-3.3678132730e-01	-3.3678132730e-01	-3.3678132730e-01	-3.6003126455e-01	-3.7062890069e-01	-3.7062890069e-01	-3.7062890069e-01	-3.8880655041e-01	-3.9801025817e-01	-3.9801025817e-01	-3.9801025817e-01	-4.1262271011e-01	-4.2700665862e-01	-4.2700665862e-01	-4.2700665862e-01	-4.5086476089e-01	-4.5086476089e-01	-4.5840248245e-01	-4.5840248245e-01	-4.5840248245e-01	-4.7728146188e-01	-4.7728146188e-01	-4.7728146188e-01	-4.8604102364e-01	-4.9471947150e-01	-4.9471947150e-01	-4.9471947150e-01	-5.0181830434e-01	-5.0924139889e-01	-5.0924139889e-01	-5.0924139889e-01	-5.2341032116e-01	-5.3518205559e-01	-5.3518205559e-01	-5.3518205559e-01	-5.3518205559e-01	-5.4186199134e-01	-5.4787902548e-01	-5.4787902548e-01	-5.4787902548e-01	-5.6019589778e-01	-5.6688838375e-01	-5.6688838375e-01	-5.6688838375e-01	-5.7900952555e-01	-5.7900952555e-01	-5.7900952555e-01	-5.8530180431e-01	-5.8530180431e-01	-5.9467835043e-01	-5.9467835043e-01	-6.0702610475e-01	-6.0702610475e-01	-6.1097512458e-01	-6.1097512458e-01	-6.1097512458e-01	-6.1697402257e-01	-6.2137417528e-01	-6.2137417528e-01	-6.3173096644e-01	-6.3173096644e-01	-6.3661516664e-01	-6.3661516664e-01	-6.3661516664e-01	-6.4423194393e-01	-6.4423194393e-01	-6.4490332659e-01	-6.5389367635e-01	-6.5389367635e-01	-6.5366719793e-01	-6.5366719793e-01	-6.5366719793e-01	-6.6214458148e-01	
316	0.0	-4.5925824373e-03	-4.5925824373e-03	-3.1781628107e-02	-6.3720695933e-02	-6.3720695933e-02	-6.3720695933e-02	-6.3720695933e-02	-1.0570238154e-01	-1.0570238154e-01	-1.0570238154e-01	-1.0570238154e-01	-1.5317687405e-01	-1.5317687405e-01	-1.5317687405e-01	-1.9145032778e-01	-2.0244167361e-01	-2.0244167361e-01	-2.0244167361e-01	-2.4058515928e-01	-2.5109440259e-01	-2.5109440259e-01	-2.5109440259e-01	-2.5109440259e-01	-2.9675759608e-01	-2.9675759608e-01	-2.9675759608e-01	-3.2633654834e-01	-3.3677965631e-01	-3.3677965631e-01	-3.3677965631e-01	-3.6002927438e-01	-3.7062688970e-01	-3.7062688970e-01	-3.7062688970e-01	-3.8880424483e-01	-3.9800793405e-01	-3.9800793405e-01	-3.9800793405e-01	-4.1262013031e-01	-4.2700404664e-01	-4.2700404664e-01	-4.2700404664e-01	-4.5086171681e-01	-4.5086171681e-01	-4.5839942052e-01	-4.5839942052e-01	-4.5839942052e-01	-4.7727821544e-01	-4.7727821544e-01	-4.7727821544e-01	-4.8603767007e-01	-4.9471609004e-01	-4.9471609004e-01	-4.9471609004e-01	-5.0181484917e-01	-5.0923791648e-01	-5.0923791648e-01	-5.0923791648e-01	-5.2340670409e-01	-5.3517839719e-01	-5.3517839719e-01	-5.3517839719e-01	-5.3517839719e-01	-5.4185829514e-01	-5.4787531123e-01	-5.4787531123e-01	-5.4787531123e-01	-5.6019213505e-01	-5.6688460038e-01	-5.6688460038e-01	-5.6688460038e-01	-5.7900569384e-01	-5.7900569384e-01	-5.7900569384e-01	-5.8529794137e-01	-5.8529794137e-01	-5.9467444976e-01	-5.9467444976e-01	-6.0702213067e-01	-6.0702213067e-01	-6.1097113217e-01	-6.1097113217e-01	-6.1097113217e-01	-6.1696999336e-01	-6.2137012459e-01	-6.2137012459e-01	-6.3172685966e-01	-6.3172685966e-01	-6.3661102933e-01	-6.3661102933e-01	-6.3661102933e-01	-6.4422776433e-01	-6.4422776433e-01	-6.4489912883e-01	-6.5388944687e-01	-6.5388944687e-01	-6.5366294663e-01	-6.5366294663e-01	-6.5366294663e-01	-6.6214030098e-01	
317	0.0	-4.5925192883e-03	-4.5925192883e-03	-3.1781573846e-02	-6.3720458182e-02	-6.3720458182e-02	-6.3720458182e-02	-6.3720458182e-02	-1.0570195670e-01	-1.0570195670e-01	-1.0570195670e-01	-1.0570195670e-01	-1.5317623178e-01	-1.5317623178e-01	-1.5317623178e-01	-1.9144947830e-01	-2.0244079530e-01	-2.0244079530e-01	-2.0244079530e-01	-2.4058404859e-01	-2.5109326597e-01	-2.5109326597e-01	-2.5109326597e-01	-2.5109326597e-01	-2.9675615747e-01	-2.9675615747e-01	-2.9675615747e-01	-3.2633479365e-01	-3.3677787942e-01	-3.3677787942e-01	-3.3677787942e-01	-3.6002718716e-01	-3.7062477958e-01	-3.7062477958e-01	-3.7062477958e-01	-3.8880184981e-01	-3.9800551901e-01	-3.9800551901e-01	-3.9800551901e-01	-4.1261746790e-01	-4.2700135026e-01	-4.2700135026e-01	-4.2700135026e-01	-4.5085860402e-01	-4.5085860402e-01	-4.5839628955e-01	-4.5839628955e-01	-4.5839628955e-01	-4.7727490489e-01	-4.7727490489e-01	-4.7727490489e-01	-4.8603425448e-01	-4.9471264671e-01	-4.9471264671e-01	-4.9471264671e-01	-5.0181133266e-01	-5.0923437312e-01	-5.0923437312e-01	-5.0923437312e-01	-5.2340302663e-01	-5.3517467919e-01	-5.3517467919e-01	-5.3517467919e-01	-5.3517467919e-01	-5.4185453807e-01	-5.4787153627e-01	-5.4787153627e-01	-5.4787153627e-01	-5.6018830758e-01	-5.6688075254e-01	-5.6688075254e-01	-5.6688075254e-01	-5.7900179584e-01	-5.7900179584e-01	-5.7900179584e-01	-5.8529400960e-01	-5.8529400960e-01	-5.9467048176e-01	-5.9467048176e-01	-6.0701808339e-01	-6.0701808339e-01	-6.1096706748e-01	-6.1096706748e-01	-6.1096706748e-01	-6.1696588886e-01	-6.2136600003e-01	-6.2136600003e-01	-6.3172267417e-01	-6.3172267417e-01	-6.3660681609e-01	-6.3660681609e-01	-6.3660681609e-01	-6.4422350498e-01	-6.4422350498e-01	-6.4489485353e-01	-6.5388513469e-01	-6.5388513469e-01	-6.5365861582e-01	-6.5365861582e-01	-6.5365861582e-01	-6.6213593855e-01	
318	0.0	-4.5924471383e-03	-4.5924471383e-03	-3.1781512650e-02	-6.3720197770e-02	-6.3720197770e-02	-6.3720197770e-02	-6.3720197770e-02	-1.0570149080e-01	-1.0570149080e-01	-1.0570149080e-01	-1.0570149080e-01	-1.5317552909e-01	-1.5317552909e-01	-1.5317552909e-01	-1.9144855448e-01	-2.0243983918e-01	-2.0243983918e-01	-2.0243983918e-01	-2.4058285063e-01	-2.5109203923e-01	-2.5109203923e-01	-2.5109203923e-01	-2.5109203923e-01	-2.9675462499e-01	-2.9675462499e-01	-2.9675462499e-01	-3.2633295188e-01	-3.3677601320e-01	-3.3677601320e-01	-3.3677601320e-01	-3.6002502088e-01	-3.7062258860e-01	-3.7062258860e-01	-3.7062258860e-01	-3.8879938485e-01	-3.9800303276e-01	-3.9800303276e-01	-3.9800303276e-01	-4.1261474370e-01	-4.2699859061e-01	-4.2699859061e-01	-4.2699859061e-01	-4.5085544540e-01	-4.5085544540e-01	-4.5839311256e-01	-4.5839311256e-01	-4.5839311256e-01	-4.7727155413e-01	-4.7727155413e-01	-4.7727155413e-01	-4.8603080133e-01	-4.9470916616e-01	-4.9470916616e-01	-4.9470916616e-01	-5.0180777991e-01	-5.0923079407e-01	-5.0923079407e-01	-5.0923079407e-01	-5.2339931490e-01	-5.3517092796e-01	-5.3517092796e-01	-5.3517092796e-01	-5.3517092796e-01	-5.4185074681e-01	-5.4786772740e-01	-5.4786772740e-01	-5.4786772740e-01	-5.6018444274e-01	-5.6687686775e-01	-5.6687686775e-01	-5.6687686775e-01	-5.7899785951e-01	-5.7899785951e-01	-5.7899785951e-01	-5.8529003732e-01	-5.8529003732e-01	-5.9466647492e-01	-5.9466647492e-01	-6.0701399214e-01	-6.0701399214e-01	-6.1096295984e-01	-6.1096295984e-01	-6.1096295984e-01	-6.1696173877e-01	-6.2136183136e-01	-6.2136183136e-01	-6.3171844034e-01	-6.3171844034e-01	-6.3660255736e-01	-6.3660255736e-01	-6.3660255736e-01	-6.4421919679e-01	-6.4421919679e-01	-6.4489053162e-01	-6.5388077123e-01	-6.5388077123e-01	-6.5365423685e-01	-6.5365423685e-01	-6.5365423685e-01	-6.6213152589e-01	
319	0.0	-4.5923669338e-03	-4.5923669338e-03	-3.1781445276e-02	-6.3719917547e-02	-6.3719917547e-02	-6.3719917547e-02	-6.3719917547e-02	-1.0570098895e-01	-1.0570098895e-01	-1.0570098895e-01	-1.0570098895e-01	-1.5317477358e-01	-1.5317477358e-01	-1.5317477358e-01	-1.9144756605e-01	-2.0243881541e-01	-2.0243881541e-01	-2.0243881541e-01	-2.4058157751e-01	-2.5109073482e-01	-2.5109073482e-01	-2.5109073482e-01	-2.5109073482e-01	-2.9675301316e-01	-2.9675301316e-01	-2.9675301316e-01	-3.2633103908e-01	-3.3677407399e-01	-3.3677407399e-01	-3.3677407399e-01	-3.6002279318e-01	-3.7062033463e-01	-3.7062033463e-01	-3.7062033463e-01	-3.8879686895e-01	-3.9800049451e-01	-3.9800049451e-01	-3.9800049451e-01	-4.1261197789e-01	-4.2699578819e-01	-4.2699578819e-01	-4.2699578819e-01	-4.5085226303e-01	-4.5085226303e-01	-4.5838991176e-01	-4.5838991176e-01	-4.5838991176e-01	-4.7726818617e-01	-4.7726818617e-01	-4.7726818617e-01	-4.8602733414e-01	-4.9470567206e-01	-4.9470567206e-01	-4.9470567206e-01	-5.0180421503e-01	-5.0922720360e-01	-5.0922720360e-01	-5.0922720360e-01	-5.2339559395e-01	-5.3516716876e-01	-5.3516716876e-01	-5.3516716876e-01	-5.3516716876e-01	-5.4184694697e-01	-5.4786391033e-01	-5.4786391033e-01	-5.4786391033e-01	-5.6018056681e-01	-5.6687297241e-01	-5.6687297241e-01	-5.6687297241e-01	-5.7899391166e-01	-5.7899391166e-01	-5.7899391166e-01	-5.8528605165e-01	-5.8528605165e-01	-5.9466245652e-01	-5.9466245652e-01	-6.0700988495e-01	-6.0700988495e-01	-6.1095883734e-01	-6.1095883734e-01	-6.1095883734e-01	-6.1695757157e-01	-6.2135764711e-01	-6.2135764711e-01	-6.3171418729e-01	-6.3171418729e-01	-6.3659828228e-01	-6.3659828228e-01	-6.3659828228e-01	-6.4421486938e-01	-6.4421486938e-01	-6.4488619268e-01	-6.5387638657e-01	-6.5387638657e-01	-6.5364983977e-01	-6.5364983977e-01	-6.5364983977e-01	-6.6212709339e-01	
320	0.0	-4.5922796142e-03	-4.5922796142e-03	-3.1781372496e-02	-6.3719620341e-02	-6.3719620341e-02	-6.3719620341e-02	-6.3719620341e-02	-1.0570045625e-01	-1.0570045625e-01	-1.0570045625e-01	-1.0570045625e-01	-1.5317397287e-01	-1.5317397287e-01	-1.5317397287e-01	-1.9144652267e-01	-2.0243773403e-01	-2.0243773403e-01	-2.0243773403e-01	-2.4058024122e-01	-2.5108936509e-01	-2.5108936509e-01	-2.5108936509e-01	-2.5108936509e-01	-2.9675133630e-01	-2.9675133630e-01	-2.9675133630e-01	-3.2632907095e-01	-3.3677207778e-01	-3.3677207778e-01	-3.3677207778e-01	-3.6002052120e-01	-3.7061803509e-01	-3.7061803509e-01	-3.7061803509e-01	-3.8879432049e-01	-3.9799792286e-01	-3.9799792286e-01	-3.9799792286e-01	-4.1260918992e-01	-4.2699296277e-01	-4.2699296277e-01	-4.2699296277e-01	-4.5084907799e-01	-4.5084907799e-01	-4.5838670840e-01	-4.5838670840e-01	-4.5838670840e-01	-4.7726482297e-01	-4.7726482297e-01	-4.7726482297e-01	-4.8602387534e-01	-4.9470218702e-01	-4.9470218702e-01	-4.9470218702e-01	-5.0180066098e-01	-5.0922362480e-01	-5.0922362480e-01	-5.0922362480e-01	-5.2339188760e-01	-5.3516342561e-01	-5.3516342561e-01	-5.3516342561e-01	-5.3516342561e-01	-5.4184316285e-01	-5.4786010950e-01	-5.4786010950e-01	-5.4786010950e-01	-5.6017670473e-01	-5.6686909155e-01	-5.6686909155e-01	-5.6686909155e-01	-5.7898997772e-01	-5.7898997772e-01	-5.7898997772e-01	-5.8528207836e-01	-5.8528207836e-01	-5.9465845248e-01	-5.9465845248e-01	-6.0700578845e-01	-6.0700578845e-01	-6.1095472666e-01	-6.1095472666e-01	-6.1095472666e-01	-6.1695341429e-01	-6.2135347438e-01	-6.2135347438e-01	-6.3170994269e-01	-6.3170994269e-01	-6.3659401858e-01	-6.3659401858e-01	-6.3659401858e-01	-6.4421055088e-01	-6.4421055088e-01	-6.4488186484e-01	-6.5387200931e-01	-6.5387200931e-01	-6.5364545313e-01	-6.5364545313e-01	-6.5364545313e-01	-6.6212266989e-01	
321	0.0	-4.5921861183e-03	-4.5921861183e-03	-3.1781295076e-02	-6.3719308945e-02	-6.3719308945e-02	-6.3719308945e-02	-6.3719308945e-02	-1.0569989772e-01	-1.0569989772e-01	-1.0569989772e-01	-1.0569989772e-01	-1.5317313442e-01	-1.5317313442e-01	-1.5317313442e-01	-1.9144543383e-01	-2.0243660496e-01	-2.0243660496e-01	-2.0243660496e-01	-2.4057885353e-01	-2.5108794214e-01	-2.5108794214e-01	-2.5108794214e-01	-2.5108794214e-01	-2.9674960840e-01	-2.9674960840e-01	-2.9674960840e-01	-3.2632706273e-01	-3.3677004009e-01	-3.3677004009e-01	-3.3677004009e-01	-3.6001822145e-01	-3.7061570675e-01	-3.7061570675e-01	-3.7061570675e-01	-3.8879175708e-01	-3.9799533563e-01	-3.9799533563e-01	-3.9799533563e-01	-4.1260639835e-01	-4.2699013323e-01	-4.2699013323e-01	-4.2699013323e-01	-4.5084591030e-01	-4.5084591030e-01	-4.5838352259e-01	-4.5838352259e-01	-4.5838352259e-01	-4.7726148527e-01	-4.7726148527e-01	-4.7726148527e-01	-4.8602044608e-01	-4.9469873232e-01	-4.9469873232e-01	-4.9469873232e-01	-5.0179713939e-01	-5.0922007943e-01	-5.0922007943e-01	-5.0922007943e-01	-5.2338821825e-01	-5.3515972111e-01	-5.3515972111e-01	-5.3515972111e-01	-5.3515972111e-01	-5.4183941733e-01	-5.4785634784e-01	-5.4785634784e-01	-5.4785634784e-01	-5.6017287993e-01	-5.6686524874e-01	-5.6686524874e-01	-5.6686524874e-01	-5.7898608161e-01	-5.7898608161e-01	-5.7898608161e-01	-5.8527814167e-01	-5.8527814167e-01	-5.9465448715e-01	-5.9465448715e-01	-6.0700172771e-01	-6.0700172771e-01	-6.1095065291e-01	-6.1095065291e-01	-6.1095065291e-01	-6.1694929239e-01	-6.2134933867e-01	-6.2134933867e-01	-6.3170573261e-01	-6.3170573261e-01	-6.3658979229e-01	-6.3658979229e-01	-6.3658979229e-01	-6.4420626779e-01	-6.4420626779e-01	-6.4487757456e-01	-6.5386766636e-01	-6.5386766636e-01	-6.5364110376e-01	-6.5364110376e-01	-6.5364110376e-01	-6.6211828254e-01	
322	0.0	-4.5920873746e-03	-4.5920873746e-03	-3.1781213769e-02	-6.3718986097e-02	-6.3718986097e-02	-6.3718986097e-02	-6.3718986097e-02	-1.0569931828e-01	-1.0569931828e-01	-1.0569931828e-01	-1.0569931828e-01	-1.5317226558e-01	-1.5317226558e-01	-1.5317226558e-01	-1.9144430885e-01	-2.0243543788e-01	-2.0243543788e-01	-2.0243543788e-01	-2.4057742593e-01	-2.5108647781e-01	-2.5108647781e-01	-2.5108647781e-01	-2.5108647781e-01	-2.9674784306e-01	-2.9674784306e-01	-2.9674784306e-01	-3.2632502913e-01	-3.3676797590e-01	-3.3676797590e-01	-3.3676797590e-01	-3.6001590979e-01	-3.7061336574e-01	-3.7061336574e-01	-3.7061336574e-01	-3.8878919554e-01	-3.9799274983e-01	-3.9799274983e-01	-3.9799274983e-01	-4.1260362081e-01	-4.2698731749e-01	-4.2698731749e-01	-4.2698731749e-01	-4.5084277880e-01	-4.5084277880e-01	-4.5838037332e-01	-4.5838037332e-01	-4.5838037332e-01	-4.7725819259e-01	-4.7725819259e-01	-4.7725819259e-01	-4.8601706621e-01	-4.9469532798e-01	-4.9469532798e-01	-4.9469532798e-01	-5.0179367057e-01	-5.0921658792e-01	-5.0921658792e-01	-5.0921658792e-01	-5.2338460689e-01	-5.3515607641e-01	-5.3515607641e-01	-5.3515607641e-01	-5.3515607641e-01	-5.4183573180e-01	-5.4785264688e-01	-5.4785264688e-01	-5.4785264688e-01	-5.6016911440e-01	-5.6686146604e-01	-5.6686146604e-01	-5.6686146604e-01	-5.7898224576e-01	-5.7898224576e-01	-5.7898224576e-01	-5.8527426432e-01	-5.8527426432e-01	-5.9465058336e-01	-5.9465058336e-01	-6.0699772623e-01	-6.0699772623e-01	-6.1094663967e-01	-6.1094663967e-01	-6.1094663967e-01	-6.1694522980e-01	-6.2134526393e-01	-6.2134526393e-01	-6.3170158152e-01	-6.3170158152e-01	-6.3658562792e-01	-6.3658562792e-01	-6.3658562792e-01	-6.4420204501e-01	-6.4420204501e-01	-6.4487334670e-01	-6.5386338305e-01	-6.5386338305e-01	-6.5363681691e-01	-6.5363681691e-01	-6.5363681691e-01	-6.6211395684e-01	
323	0.0	-4.5919842965e-03	-4.5919842965e-03	-3.1781129310e-02	-6.3718654456e-02	-6.3718654456e-02	-6.3718654456e-02	-6.3718654456e-02	-1.0569872274e-01	-1.0569872274e-01	-1.0569872274e-01	-1.0569872274e-01	-1.5317137347e-01	-1.5317137347e-01	-1.5317137347e-01	-1.9144315677e-01	-2.0243424224e-01	-2.0243424224e-01	-2.0243424224e-01	-2.4057596954e-01	-2.5108498353e-01	-2.5108498353e-01	-2.5108498353e-01	-2.5108498353e-01	-2.9674605336e-01	-2.9674605336e-01	-2.9674605336e-01	-3.2632298424e-01	-3.3676589957e-01	-3.3676589957e-01	-3.3676589957e-01	-3.6001360130e-01	-3.7061102736e-01	-3.7061102736e-01	-3.7061102736e-01	-3.8878665175e-01	-3.9799018153e-01	-3.9799018153e-01	-3.9799018153e-01	-4.1260087389e-01	-4.2698453241e-01	-4.2698453241e-01	-4.2698453241e-01	-4.5083970110e-01	-4.5083970110e-01	-4.5837727828e-01	-4.5837727828e-01	-4.5837727828e-01	-4.7725496307e-01	-4.7725496307e-01	-4.7725496307e-01	-4.8601375420e-01	-4.9469199255e-01	-4.9469199255e-01	-4.9469199255e-01	-5.0179027335e-01	-5.0921316920e-01	-5.0921316920e-01	-5.0921316920e-01	-5.2338107298e-01	-5.3515251111e-01	-5.3515251111e-01	-5.3515251111e-01	-5.3515251111e-01	-5.4183212611e-01	-5.4784902651e-01	-5.4784902651e-01	-5.4784902651e-01	-5.6016542849e-01	-5.6685776389e-01	-5.6685776389e-01	-5.6685776389e-01	-5.7897849093e-01	-5.7897849093e-01	-5.7897849093e-01	-5.8527046733e-01	-5.8527046733e-01	-5.9464676224e-01	-5.9464676224e-01	-6.0699380584e-01	-6.0699380584e-01	-6.1094270876e-01	-6.1094270876e-01	-6.1094270876e-01	-6.1694124870e-01	-6.2134127235e-01	-6.2134127235e-01	-6.3169751215e-01	-6.3169751215e-01	-6.3658154815e-01	-6.3658154815e-01	-6.3658154815e-01	-6.4419790564e-01	-6.4419790564e-01	-6.4486920430e-01	-6.5385918288e-01	-6.5385918288e-01	-6.5363261597e-01	-6.5363261597e-01	-6.5363261597e-01	-6.6210971647e-01	
324	0.0	-4.5918777811e-03	-4.5918777811e-03	-3.1781042408e-02	-6.3718316599e-02	-6.3718316599e-02	-6.3718316599e-02	-6.3718316599e-02	-1.0569811573e-01	-1.0569811573e-01	-1.0569811573e-01	-1.0569811573e-01	-1.5317046502e-01	-1.5317046502e-01	-1.5317046502e-01	-1.9144198631e-01	-2.0243302712e-01	-2.0243302712e-01	-2.0243302712e-01	-2.4057449510e-01	-2.5108347037e-01	-2.5108347037e-01	-2.5108347037e-01	-2.5108347037e-01	-2.9674425189e-01	-2.9674425189e-01	-2.9674425189e-01	-3.2632094147e-01	-3.3676382478e-01	-3.3676382478e-01	-3.3676382478e-01	-3.6001131024e-01	-3.7060870610e-01	-3.7060870610e-01	-3.7060870610e-01	-3.8878414066e-01	-3.9798764586e-01	-3.9798764586e-01	-3.9798764586e-01	-4.1259817310e-01	-4.2698179375e-01	-4.2698179375e-01	-4.2698179375e-01	-4.5083669350e-01	-4.5083669350e-01	-4.5837425388e-01	-4.5837425388e-01	-4.5837425388e-01	-4.7725181348e-01	-4.7725181348e-01	-4.7725181348e-01	-4.8601052707e-01	-4.9468874318e-01	-4.9468874318e-01	-4.9468874318e-01	-5.0178696512e-01	-5.0920984074e-01	-5.0920984074e-01	-5.0920984074e-01	-5.2337763445e-01	-5.3514904323e-01	-5.3514904323e-01	-5.3514904323e-01	-5.3514904323e-01	-5.4182861851e-01	-5.4784550505e-01	-5.4784550505e-01	-5.4784550505e-01	-5.6016184097e-01	-5.6685416113e-01	-5.6685416113e-01	-5.6685416113e-01	-5.7897483627e-01	-5.7897483627e-01	-5.7897483627e-01	-5.8526677016e-01	-5.8526677016e-01	-5.9464304329e-01	-5.9464304329e-01	-6.0698998669e-01	-6.0698998669e-01	-6.1093888037e-01	-6.1093888037e-01	-6.1093888037e-01	-6.1693736958e-01	-6.2133738444e-01	-6.2133738444e-01	-6.3169354555e-01	-6.3169354555e-01	-6.3657757397e-01	-6.3657757397e-01	-6.3657757397e-01	-6.4419387108e-01	-6.4419387108e-01	-6.4486516869e-01	-6.5385508761e-01	-6.5385508761e-01	-6.5362852259e-01	-6.5362852259e-01	-6.5362852259e-01	-6.6210558334e-01	
325	0.0	-4.5917686988e-03	-4.5917686988e-03	-3.1780953746e-02	-6.3717975001e-02	-6.3717975001e-02	-6.3717975001e-02	-6.3717975001e-02	-1.0569750173e-01	-1.0569750173e-01	-1.0569750173e-01	-1.0569750173e-01	-1.5316954684e-01	-1.5316954684e-01	-1.5316954684e-01	-1.9144080588e-01	-2.0243180126e-01	-2.0243180126e-01	-2.0243180126e-01	-2.4057301288e-01	-2.5108194889e-01	-2.5108194889e-01	-2.5108194889e-01	-2.5108194889e-01	-2.9674245062e-01	-2.9674245062e-01	-2.9674245062e-01	-3.2631891351e-01	-3.3676176444e-01	-3.3676176444e-01	-3.3676176444e-01	-3.6000905001e-01	-3.7060641559e-01	-3.7060641559e-01	-3.7060641559e-01	-3.8878167618e-01	-3.9798515691e-01	-3.9798515691e-01	-3.9798515691e-01	-4.1259553282e-01	-4.2697911614e-01	-4.2697911614e-01	-4.2697911614e-01	-4.5083377099e-01	-4.5083377099e-01	-4.5837131520e-01	-4.5837131520e-01	-4.5837131520e-01	-4.7724875918e-01	-4.7724875918e-01	-4.7724875918e-01	-4.8600740040e-01	-4.9468559552e-01	-4.9468559552e-01	-4.9468559552e-01	-5.0178376175e-01	-5.0920661847e-01	-5.0920661847e-01	-5.0920661847e-01	-5.2337430762e-01	-5.3514568922e-01	-5.3514568922e-01	-5.3514568922e-01	-5.3514568922e-01	-5.4182522564e-01	-5.4784209920e-01	-5.4784209920e-01	-5.4784209920e-01	-5.6015836898e-01	-5.6685067494e-01	-5.6685067494e-01	-5.6685067494e-01	-5.7897129924e-01	-5.7897129924e-01	-5.7897129924e-01	-5.8526319053e-01	-5.8526319053e-01	-5.9463944427e-01	-5.9463944427e-01	-6.0698628721e-01	-6.0698628721e-01	-6.1093517291e-01	-6.1093517291e-01	-6.1093517291e-01	-6.1693361122e-01	-6.2133361893e-01	-6.2133361893e-01	-6.3168970097e-01	-6.3168970097e-01	-6.3657372455e-01	-6.3657372455e-01	-6.3657372455e-01	-6.4418996089e-01	-6.4418996089e-01	-6.4486125934e-01	-6.5385111716e-01	-6.5385111716e-01	-6.5362455657e-01	-6.5362455657e-01	-6.5362455657e-01	-6.6210157751e-01	
326	0.0	-4.5916578895e-03	-4.5916578895e-03	-3.1780863983e-02	-6.3717632027e-02	-6.3717632027e-02	-6.3717632027e-02	-6.3717632027e-02	-1.0569688499e-01	-1.0569688499e-01	-1.0569688499e-01	-1.0569688499e-01	-1.5316862529e-01	-1.5316862529e-01	-1.5316862529e-01	-1.9143962346e-01	-2.0243057300e-01	-2.0243057300e-01	-2.0243057300e-01	-2.4057153265e-01	-2.5108042914e-01	-2.5108042914e-01	-2.5108042914e-01	-2.5108042914e-01	-2.9674066085e-01	-2.9674066085e-01	-2.9674066085e-01	-3.2631691228e-01	-3.3675973070e-01	-3.3675973070e-01	-3.3675973070e-01	-3.6000683307e-01	-3.7060416847e-01	-3.7060416847e-01	-3.7060416847e-01	-3.8877927120e-01	-3.9798272769e-01	-3.9798272769e-01	-3.9798272769e-01	-4.1259296626e-01	-4.2697651299e-01	-4.2697651299e-01	-4.2697651299e-01	-4.5083094721e-01	-4.5083094721e-01	-4.5836847592e-01	-4.5836847592e-01	-4.5836847592e-01	-4.7724581407e-01	-4.7724581407e-01	-4.7724581407e-01	-4.8600438826e-01	-4.9468256371e-01	-4.9468256371e-01	-4.9468256371e-01	-5.0178067755e-01	-5.0920351676e-01	-5.0920351676e-01	-5.0920351676e-01	-5.2337110724e-01	-5.3514246385e-01	-5.3514246385e-01	-5.3514246385e-01	-5.3514246385e-01	-5.4182196248e-01	-5.4783882399e-01	-5.4783882399e-01	-5.4783882399e-01	-5.6015502795e-01	-5.6684732080e-01	-5.6684732080e-01	-5.6684732080e-01	-5.7896789559e-01	-5.7896789559e-01	-5.7896789559e-01	-5.8525974447e-01	-5.8525974447e-01	-5.9463598121e-01	-5.9463598121e-01	-6.0698272404e-01	-6.0698272404e-01	-6.1093160304e-01	-6.1093160304e-01	-6.1093160304e-01	-6.1692999058e-01	-6.2132999277e-01	-6.2132999277e-01	-6.3168599582e-01	-6.3168599582e-01	-6.3657001723e-01	-6.3657001723e-01	-6.3657001723e-01	-6.4418619280e-01	-6.4418619280e-01	-6.4485749390e-01	-6.5384728962e-01	-6.5384728962e-01	-6.5362073583e-01	-6.5362073583e-01	-6.5362073583e-01	-6.6209771715e-01	
327	0.0	-4.5915461585e-03	-4.5915461585e-03	-3.1780773744e-02	-6.3717289918e-02	-6.3717289918e-02	-6.3717289918e-02	-6.3717289918e-02	-1.0569626958e-01	-1.0569626958e-01	-1.0569626958e-01	-1.0569626958e-01	-1.5316770637e-01	-1.5316770637e-01	-1.5316770637e-01	-1.9143844663e-01	-2.0242935023e-01	-2.0242935023e-01	-2.0242935023e-01	-2.4057006363e-01	-2.5107892061e-01	-2.5107892061e-01	-2.5107892061e-01	-2.5107892061e-01	-2.9673889322e-01	-2.9673889322e-01	-2.9673889322e-01	-3.2631494886e-01	-3.3675773487e-01	-3.3675773487e-01	-3.3675773487e-01	-3.6000467094e-01	-3.7060197646e-01	-3.7060197646e-01	-3.7060197646e-01	-3.8877693750e-01	-3.9798037016e-01	-3.9798037016e-01	-3.9798037016e-01	-4.1259048546e-01	-4.2697399654e-01	-4.2697399654e-01	-4.2697399654e-01	-4.5082823440e-01	-4.5082823440e-01	-4.5836574838e-01	-4.5836574838e-01	-4.5836574838e-01	-4.7724299059e-01	-4.7724299059e-01	-4.7724299059e-01	-4.8600150323e-01	-4.9467966039e-01	-4.9467966039e-01	-4.9467966039e-01	-5.0177772531e-01	-5.0920054845e-01	-5.0920054845e-01	-5.0920054845e-01	-5.2336804641e-01	-5.3513938031e-01	-5.3513938031e-01	-5.3513938031e-01	-5.3513938031e-01	-5.4181884240e-01	-5.4783569279e-01	-5.4783569279e-01	-5.4783569279e-01	-5.6015183166e-01	-5.6684411253e-01	-5.6684411253e-01	-5.6684411253e-01	-5.7896463937e-01	-5.7896463937e-01	-5.7896463937e-01	-5.8525644629e-01	-5.8525644629e-01	-5.9463266842e-01	-5.9463266842e-01	-6.0697931210e-01	-6.0697931210e-01	-6.1092818564e-01	-6.1092818564e-01	-6.1092818564e-01	-6.1692652285e-01	-6.2132652111e-01	-6.2132652111e-01	-6.3168244576e-01	-6.3168244576e-01	-6.3656646754e-01	-6.3656646754e-01	-6.3656646754e-01	-6.4418258272e-01	-6.4418258272e-01	-6.4485388816e-01	-6.5384362120e-01	-6.5384362120e-01	-6.5361707645e-01	-6.5361707645e-01	-6.5361707645e-01	-6.6209401858e-01	
328	0.0	-4.5914342159e-03	-4.5914342159e-03	-3.1780683661e-02	-6.3716950767e-02	-6.3716950767e-02	-6.3716950767e-02	-6.3716950767e-02	-1.0569565927e-01	-1.0569565927e-01	-1.0569565927e-01	-1.0569565927e-01	-1.5316679572e-01	-1.5316679572e-01	-1.5316679572e-01	-1.9143728245e-01	-2.0242814034e-01	-2.0242814034e-01	-2.0242814034e-01	-2.4056861440e-01	-2.5107743216e-01	-2.5107743216e-01	-2.5107743216e-01	-2.5107743216e-01	-2.9673715760e-01	-2.9673715760e-01	-2.9673715760e-01	-3.2631303345e-01	-3.3675578736e-01	-3.3675578736e-01	-3.3675578736e-01	-3.6000257411e-01	-3.7059985024e-01	-3.7059985024e-01	-3.7059985024e-01	-3.8877468575e-01	-3.9797809511e-01	-3.9797809511e-01	-3.9797809511e-01	-4.1258810117e-01	-4.2697157776e-01	-4.2697157776e-01	-4.2697157776e-01	-4.5082564340e-01	-4.5082564340e-01	-4.5836314347e-01	-4.5836314347e-01	-4.5836314347e-01	-4.7724029971e-01	-4.7724029971e-01	-4.7724029971e-01	-4.8599875634e-01	-4.9467689666e-01	-4.9467689666e-01	-4.9467689666e-01	-5.0177491625e-01	-5.0919772478e-01	-5.0919772478e-01	-5.0919772478e-01	-5.2336513663e-01	-5.3513645011e-01	-5.3513645011e-01	-5.3513645011e-01	-5.3513645011e-01	-5.4181587707e-01	-5.4783271733e-01	-5.4783271733e-01	-5.4783271733e-01	-5.6014879219e-01	-5.6684106222e-01	-5.6684106222e-01	-5.6684106222e-01	-5.7896154293e-01	-5.7896154293e-01	-5.7896154293e-01	-5.8525330855e-01	-5.8525330855e-01	-5.9462951845e-01	-5.9462951845e-01	-6.0697606450e-01	-6.0697606450e-01	-6.1092493380e-01	-6.1092493380e-01	-6.1092493380e-01	-6.1692322141e-01	-6.2132321729e-01	-6.2132321729e-01	-6.3167906455e-01	-6.3167906455e-01	-6.3656308915e-01	-6.3656308915e-01	-6.3656308915e-01	-6.4417914464e-01	-6.4417914464e-01	-6.4485045603e-01	-6.5384012623e-01	-6.5384012623e-01	-6.5361359259e-01	-6.5361359259e-01	-6.5361359259e-01	-6.6209049619e-01	
329	0.0	-4.5913227223e-03	-4.5913227223e-03	-3.1780594352e-02	-6.3716616554e-02	-6.3716616554e-02	-6.3716616554e-02	-6.3716616554e-02	-1.0569505765e-01	-1.0569505765e-01	-1.0569505765e-01	-1.0569505765e-01	-1.5316589862e-01	-1.5316589862e-01	-1.5316589862e-01	-1.9143613750e-01	-2.0242695023e-01	-2.0242695023e-01	-2.0242695023e-01	-2.4056719291e-01	-2.5107597202e-01	-2.5107597202e-01	-2.5107597202e-01	-2.5107597202e-01	-2.9673546308e-01	-2.9673546308e-01	-2.9673546308e-01	-3.2631117527e-01	-3.3675389763e-01	-3.3675389763e-01	-3.3675389763e-01	-3.6000055195e-01	-3.7059779938e-01	-3.7059779938e-01	-3.7059779938e-01	-3.8877252532e-01	-3.9797591208e-01	-3.9797591208e-01	-3.9797591208e-01	-4.1258582280e-01	-4.2696926624e-01	-4.2696926624e-01	-4.2696926624e-01	-4.5082318342e-01	-4.5082318342e-01	-4.5836067048e-01	-4.5836067048e-01	-4.5836067048e-01	-4.7723775068e-01	-4.7723775068e-01	-4.7723775068e-01	-4.8599615685e-01	-4.9467428183e-01	-4.9467428183e-01	-4.9467428183e-01	-5.0177225970e-01	-5.0919505514e-01	-5.0919505514e-01	-5.0919505514e-01	-5.2336238736e-01	-5.3513368278e-01	-5.3513368278e-01	-5.3513368278e-01	-5.3513368278e-01	-5.4181307610e-01	-5.4782990725e-01	-5.4782990725e-01	-5.4782990725e-01	-5.6014591943e-01	-5.6683817981e-01	-5.6683817981e-01	-5.6683817981e-01	-5.7895861636e-01	-5.7895861636e-01	-5.7895861636e-01	-5.8525034152e-01	-5.8525034152e-01	-5.9462654160e-01	-5.9462654160e-01	-6.0697299194e-01	-6.0697299194e-01	-6.1092185824e-01	-6.1092185824e-01	-6.1092185824e-01	-6.1692009720e-01	-6.2132009223e-01	-6.2132009223e-01	-6.3167586346e-01	-6.3167586346e-01	-6.3655989325e-01	-6.3655989325e-01	-6.3655989325e-01	-6.4417589002e-01	-6.4417589002e-01	-6.4484720890e-01	-6.5383681639e-01	-6.5383681639e-01	-6.5361029583e-01	-6.5361029583e-01	-6.5361029583e-01	-6.6208716171e-01	
330	0.0	-4.5912126377e-03	-4.5912126377e-03	-3.1780506143e-02	-6.3716289244e-02	-6.3716289244e-02	-6.3716289244e-02	-6.3716289244e-02	-1.0569446820e-01	-1.0569446820e-01	-1.0569446820e-01	-1.0569446820e-01	-1.5316502016e-01	-1.5316502016e-01	-1.5316502016e-01	-1.9143501828e-01	-2.0242578646e-01	-2.0242578646e-01	-2.0242578646e-01	-2.4056580691e-01	-2.5107454797e-01	-2.5107454797e-01	-2.5107454797e-01	-2.5107454797e-01	-2.9673381815e-01	-2.9673381815e-01	-2.9673381815e-01	-3.2630938308e-01	-3.3675207445e-01	-3.3675207445e-01	-3.3675207445e-01	-3.5999861321e-01	-3.7059583264e-01	-3.7059583264e-01	-3.7059583264e-01	-3.8877046487e-01	-3.9797382971e-01	-3.9797382971e-01	-3.9797382971e-01	-4.1258365888e-01	-4.2696707050e-01	-4.2696707050e-01	-4.2696707050e-01	-4.5082086272e-01	-4.5082086272e-01	-4.5835833760e-01	-4.5835833760e-01	-4.5835833760e-01	-4.7723535160e-01	-4.7723535160e-01	-4.7723535160e-01	-4.8599371293e-01	-4.9467182399e-01	-4.9467182399e-01	-4.9467182399e-01	-5.0176976390e-01	-5.0919254768e-01	-5.0919254768e-01	-5.0919254768e-01	-5.2335980702e-01	-5.3513108661e-01	-5.3513108661e-01	-5.3513108661e-01	-5.3513108661e-01	-5.4181044798e-01	-5.4782727098e-01	-5.4782727098e-01	-5.4782727098e-01	-5.6014322226e-01	-5.6683547411e-01	-5.6683547411e-01	-5.6683547411e-01	-5.7895586865e-01	-5.7895586865e-01	-5.7895586865e-01	-5.8524755448e-01	-5.8524755448e-01	-5.9462374695e-01	-5.9462374695e-01	-6.0697010416e-01	-6.0697010416e-01	-6.1091896858e-01	-6.1091896858e-01	-6.1091896858e-01	-6.1691716015e-01	-6.2131715572e-01	-6.2131715572e-01	-6.3167285278e-01	-6.3167285278e-01	-6.3655688991e-01	-6.3655688991e-01	-6.3655688991e-01	-6.4417282933e-01	-6.4417282933e-01	-6.4484415705e-01	-6.5383370244e-01	-6.5383370244e-01	-6.5360719669e-01	-6.5360719669e-01	-6.5360719669e-01	-6.6208402590e-01	
331	0.0	-4.5911044422e-03	-4.5911044422e-03	-3.1780419584e-02	-6.3715970317e-02	-6.3715970317e-02	-6.3715970317e-02	-6.3715970317e-02	-1.0569389366e-01	-1.0569389366e-01	-1.0569389366e-01	-1.0569389366e-01	-1.5316416451e-01	-1.5316416451e-01	-1.5316416451e-01	-1.9143392995e-01	-2.0242465457e-01	-2.0242465457e-01	-2.0242465457e-01	-2.4056446268e-01	-2.5107316660e-01	-2.5107316660e-01	-2.5107316660e-01	-2.5107316660e-01	-2.9673223004e-01	-2.9673223004e-01	-2.9673223004e-01	-3.2630766399e-01	-3.3675032519e-01	-3.3675032519e-01	-3.3675032519e-01	-3.5999676496e-01	-3.7059395733e-01	-3.7059395733e-01	-3.7059395733e-01	-3.8876851132e-01	-3.9797185510e-01	-3.9797185510e-01	-3.9797185510e-01	-4.1258161622e-01	-4.2696499758e-01	-4.2696499758e-01	-4.2696499758e-01	-4.5081868772e-01	-4.5081868772e-01	-4.5835615135e-01	-4.5835615135e-01	-4.5835615135e-01	-4.7723310888e-01	-4.7723310888e-01	-4.7723310888e-01	-4.8599143095e-01	-4.9466952957e-01	-4.9466952957e-01	-4.9466952957e-01	-5.0176743531e-01	-5.0919020890e-01	-5.0919020890e-01	-5.0919020890e-01	-5.2335740218e-01	-5.3512866820e-01	-5.3512866820e-01	-5.3512866820e-01	-5.3512866820e-01	-5.4180799942e-01	-5.4782481526e-01	-5.4782481526e-01	-5.4782481526e-01	-5.6014070770e-01	-5.6683295216e-01	-5.6683295216e-01	-5.6683295216e-01	-5.7895330701e-01	-5.7895330701e-01	-5.7895330701e-01	-5.8524495481e-01	-5.8524495481e-01	-5.9462114188e-01	-5.9462114188e-01	-6.0696740897e-01	-6.0696740897e-01	-6.1091627262e-01	-6.1091627262e-01	-6.1091627262e-01	-6.1691441830e-01	-6.2131441575e-01	-6.2131441575e-01	-6.3167004087e-01	-6.3167004087e-01	-6.3655408733e-01	-6.3655408733e-01	-6.3655408733e-01	-6.4416997106e-01	-6.4416997106e-01	-6.4484130886e-01	-6.5383079311e-01	-6.5383079311e-01	-6.5360430373e-01	-6.5360430373e-01	-6.5360430373e-01	-6.6208109753e-01	
332	0.0	-4.5909986840e-03	-4.5909986840e-03	-3.1780335147e-02	-6.3715661334e-02	-6.3715661334e-02	-6.3715661334e-02	-6.3715661334e-02	-1.0569333688e-01	-1.0569333688e-01	-1.0569333688e-01	-1.0569333688e-01	-1.5316333589e-01	-1.5316333589e-01	-1.5316333589e-01	-1.9143287779e-01	-2.0242356006e-01	-2.0242356006e-01	-2.0242356006e-01	-2.4056316655e-01	-2.5107183445e-01	-2.5107183445e-01	-2.5107183445e-01	-2.5107183445e-01	-2.9673070583e-01	-2.9673070583e-01	-2.9673070583e-01	-3.2630602502e-01	-3.3674865702e-01	-3.3674865702e-01	-3.3674865702e-01	-3.5999501409e-01	-3.7059218042e-01	-3.7059218042e-01	-3.7059218042e-01	-3.8876667133e-01	-3.9796999498e-01	-3.9796999498e-01	-3.9796999498e-01	-4.1257970122e-01	-4.2696305396e-01	-4.2696305396e-01	-4.2696305396e-01	-4.5081666434e-01	-4.5081666434e-01	-4.5835411765e-01	-4.5835411765e-01	-4.5835411765e-01	-4.7723102826e-01	-4.7723102826e-01	-4.7723102826e-01	-4.8598931662e-01	-4.9466740429e-01	-4.9466740429e-01	-4.9466740429e-01	-5.0176527964e-01	-5.0918804449e-01	-5.0918804449e-01	-5.0918804449e-01	-5.2335517862e-01	-5.3512643329e-01	-5.3512643329e-01	-5.3512643329e-01	-5.3512643329e-01	-5.4180573626e-01	-5.4782254591e-01	-5.4782254591e-01	-5.4782254591e-01	-5.6013838188e-01	-5.6683062006e-01	-5.6683062006e-01	-5.6683062006e-01	-5.7895093769e-01	-5.7895093769e-01	-5.7895093769e-01	-5.8524254895e-01	-5.8524254895e-01	-5.9461873273e-01	-5.9461873273e-01	-6.0696491316e-01	-6.0696491316e-01	-6.1091377707e-01	-6.1091377707e-01	-6.1091377707e-01	-6.1691187858e-01	-6.2131187918e-01	-6.2131187918e-01	-6.3166743495e-01	-6.3166743495e-01	-6.3655149258e-01	-6.3655149258e-01	-6.3655149258e-01	-6.4416732256e-01	-6.4416732256e-01	-6.4483867155e-01	-6.5382809598e-01	-6.5382809598e-01	-6.5360162434e-01	-6.5360162434e-01	-6.5360162434e-01	-6.6207838412e-01	
333	0.0	-4.5908959035e-03	-4.5908959035e-03	-3.1780253238e-02	-6.3715363711e-02	-6.3715363711e-02	-6.3715363711e-02	-6.3715363711e-02	-1.0569280043e-01	-1.0569280043e-01	-1.0569280043e-01	-1.0569280043e-01	-1.5316253804e-01	-1.5316253804e-01	-1.5316253804e-01	-1.9143186644e-01	-2.0242250776e-01	-2.0242250776e-01	-2.0242250776e-01	-2.4056192402e-01	-2.5107055716e-01	-2.5107055716e-01	-2.5107055716e-01	-2.5107055716e-01	-2.9672925151e-01	-2.9672925151e-01	-2.9672925151e-01	-3.2630447198e-01	-3.3674707584e-01	-3.3674707584e-01	-3.3674707584e-01	-3.5999336612e-01	-3.7059050753e-01	-3.7059050753e-01	-3.7059050753e-01	-3.8876495004e-01	-3.9796825454e-01	-3.9796825454e-01	-3.9796825454e-01	-4.1257791872e-01	-4.2696124456e-01	-4.2696124456e-01	-4.2696124456e-01	-4.5081479672e-01	-4.5081479672e-01	-4.5835224063e-01	-4.5835224063e-01	-4.5835224063e-01	-4.7722911364e-01	-4.7722911364e-01	-4.7722911364e-01	-4.8598737374e-01	-4.9466545189e-01	-4.9466545189e-01	-4.9466545189e-01	-5.0176330067e-01	-5.0918605819e-01	-5.0918605819e-01	-5.0918605819e-01	-5.2335314008e-01	-5.3512438552e-01	-5.3512438552e-01	-5.3512438552e-01	-5.3512438552e-01	-5.4180366224e-01	-5.4782046666e-01	-5.4782046666e-01	-5.4782046666e-01	-5.6013624875e-01	-5.6682848175e-01	-5.6682848175e-01	-5.6682848175e-01	-5.7894876473e-01	-5.7894876473e-01	-5.7894876473e-01	-5.8524034111e-01	-5.8524034111e-01	-5.9461652358e-01	-5.9461652358e-01	-6.0696262119e-01	-6.0696262119e-01	-6.1091148635e-01	-6.1091148635e-01	-6.1091148635e-01	-6.1690954562e-01	-6.2130955052e-01	-6.2130955052e-01	-6.3166503984e-01	-6.3166503984e-01	-6.3654911030e-01	-6.3654911030e-01	-6.3654911030e-01	-6.4416488871e-01	-6.4416488871e-01	-6.4483624988e-01	-6.5382561611e-01	-6.5382561611e-01	-6.5359916339e-01	-6.5359916339e-01	-6.5359916339e-01	-6.6207589072e-01	
334	0.0	-4.5907965970e-03	-4.5907965970e-03	-3.1780174215e-02	-6.3715078688e-02	-6.3715078688e-02	-6.3715078688e-02	-6.3715078688e-02	-1.0569228654e-01	-1.0569228654e-01	-1.0569228654e-01	-1.0569228654e-01	-1.5316177427e-01	-1.5316177427e-01	-1.5316177427e-01	-1.9143089998e-01	-2.0242150191e-01	-2.0242150191e-01	-2.0242150191e-01	-2.4056073988e-01	-2.5106933965e-01	-2.5106933965e-01	-2.5106933965e-01	-2.5106933965e-01	-2.9672787226e-01	-2.9672787226e-01	-2.9672787226e-01	-3.2630300974e-01	-3.3674558665e-01	-3.3674558665e-01	-3.3674558665e-01	-3.5999182553e-01	-3.7058894323e-01	-3.7058894323e-01	-3.7058894323e-01	-3.8876335149e-01	-3.9796663791e-01	-3.9796663791e-01	-3.9796663791e-01	-4.1257627235e-01	-4.2695957306e-01	-4.2695957306e-01	-4.2695957306e-01	-4.5081308769e-01	-4.5081308769e-01	-4.5835052315e-01	-4.5835052315e-01	-4.5835052315e-01	-4.7722736757e-01	-4.7722736757e-01	-4.7722736757e-01	-4.8598560476e-01	-4.9466367482e-01	-4.9466367482e-01	-4.9466367482e-01	-5.0176150077e-01	-5.0918425234e-01	-5.0918425234e-01	-5.0918425234e-01	-5.2335128886e-01	-5.3512252716e-01	-5.3512252716e-01	-5.3512252716e-01	-5.3512252716e-01	-5.4180177968e-01	-5.4781857979e-01	-5.4781857979e-01	-5.4781857979e-01	-5.6013431084e-01	-5.6682653970e-01	-5.6682653970e-01	-5.6682653970e-01	-5.7894679067e-01	-5.7894679067e-01	-5.7894679067e-01	-5.8523833396e-01	-5.8523833396e-01	-5.9461451702e-01	-5.9461451702e-01	-6.0696053599e-01	-6.0696053599e-01	-6.1090940330e-01	-6.1090940330e-01	-6.1090940330e-01	-6.1690742243e-01	-6.2130743268e-01	-6.2130743268e-01	-6.3166285874e-01	-6.3166285874e-01	-6.3654694351e-01	-6.3654694351e-01	-6.3654694351e-01	-6.4416267276e-01	-6.4416267276e-01	-6.4483404694e-01	-6.5382335691e-01	-6.5382335691e-01	-6.5359692409e-01	-6.5359692409e-01	-6.5359692409e-01	-6.6207362065e-01	
335	0.0	-4.5907012061e-03	-4.5907012061e-03	-3.1780098399e-02	-6.3714807334e-02	-6.3714807334e-02	-6.3714807334e-02	-6.3714807334e-02	-1.0569179715e-01	-1.0569179715e-01	-1.0569179715e-01	-1.0569179715e-01	-1.5316104742e-01	-1.5316104742e-01	-1.5316104742e-01	-1.9142998190e-01	-2.0242054615e-01	-2.0242054615e-01	-2.0242054615e-01	-2.4055961821e-01	-2.5106818612e-01	-2.5106818612e-01	-2.5106818612e-01	-2.5106818612e-01	-2.9672657241e-01	-2.9672657241e-01	-2.9672657241e-01	-3.2630164224e-01	-3.3674419348e-01	-3.3674419348e-01	-3.3674419348e-01	-3.5999039580e-01	-3.7058749108e-01	-3.7058749108e-01	-3.7058749108e-01	-3.8876187865e-01	-3.9796514808e-01	-3.9796514808e-01	-3.9796514808e-01	-4.1257476462e-01	-4.2695804202e-01	-4.2695804202e-01	-4.2695804202e-01	-4.5081153889e-01	-4.5081153889e-01	-4.5834896681e-01	-4.5834896681e-01	-4.5834896681e-01	-4.7722579133e-01	-4.7722579133e-01	-4.7722579133e-01	-4.8598401079e-01	-4.9466207414e-01	-4.9466207414e-01	-4.9466207414e-01	-5.0175988098e-01	-5.0918262792e-01	-5.0918262792e-01	-5.0918262792e-01	-5.2334962585e-01	-5.3512085900e-01	-5.3512085900e-01	-5.3512085900e-01	-5.3512085900e-01	-5.4180008942e-01	-5.4781688611e-01	-5.4781688611e-01	-5.4781688611e-01	-5.6013256911e-01	-5.6682479484e-01	-5.6682479484e-01	-5.6682479484e-01	-5.7894501650e-01	-5.7894501650e-01	-5.7894501650e-01	-5.8523652862e-01	-5.8523652862e-01	-5.9461271403e-01	-5.9461271403e-01	-6.0695865882e-01	-6.0695865882e-01	-6.1090752912e-01	-6.1090752912e-01	-6.1090752912e-01	-6.1690551035e-01	-6.2130552691e-01	-6.2130552691e-01	-6.3166089314e-01	-6.3166089314e-01	-6.3654499350e-01	-6.3654499350e-01	-6.3654499350e-01	-6.4416067619e-01	-6.4416067619e-01	-6.4483206409e-01	-6.5382131999e-01	-6.5382131999e-01	-6.5359490786e-01	-6.5359490786e-01	-6.5359490786e-01	-6.6207157544e-01	
336	0.0	-4.5906101152e-03	-4.5906101152e-03	-3.1780026069e-02	-6.3714550559e-02	-6.3714550559e-02	-6.3714550559e-02	-6.3714550559e-02	-1.0569133391e-01	-1.0569133391e-01	-1.0569133391e-01	-1.0569133391e-01	-1.5316035991e-01	-1.5316035991e-01	-1.5316035991e-01	-1.9142911517e-01	-2.0241964359e-01	-2.0241964359e-01	-2.0241964359e-01	-2.4055856243e-01	-2.5106710011e-01	-2.5106710011e-01	-2.5106710011e-01	-2.5106710011e-01	-2.9672535551e-01	-2.9672535551e-01	-2.9672535551e-01	-3.2630037259e-01	-3.3674289951e-01	-3.3674289951e-01	-3.3674289951e-01	-3.5998907950e-01	-3.7058615369e-01	-3.7058615369e-01	-3.7058615369e-01	-3.8876053349e-01	-3.9796378707e-01	-3.9796378707e-01	-3.9796378707e-01	-4.1257339697e-01	-4.2695665291e-01	-4.2695665291e-01	-4.2695665291e-01	-4.5081015075e-01	-4.5081015075e-01	-4.5834757205e-01	-4.5834757205e-01	-4.5834757205e-01	-4.7722438498e-01	-4.7722438498e-01	-4.7722438498e-01	-4.8598259173e-01	-4.9466064971e-01	-4.9466064971e-01	-4.9466064971e-01	-5.0175844103e-01	-5.0918118462e-01	-5.0918118462e-01	-5.0918118462e-01	-5.2334815061e-01	-5.3511938051e-01	-5.3511938051e-01	-5.3511938051e-01	-5.3511938051e-01	-5.4179859095e-01	-5.4781538507e-01	-5.4781538507e-01	-5.4781538507e-01	-5.6013102317e-01	-5.6682324674e-01	-5.6682324674e-01	-5.6682324674e-01	-5.7894344183e-01	-5.7894344183e-01	-5.7894344183e-01	-5.8523492477e-01	-5.8523492477e-01	-5.9461111416e-01	-5.9461111416e-01	-6.0695698947e-01	-6.0695698947e-01	-6.1090586352e-01	-6.1090586352e-01	-6.1090586352e-01	-6.1690380921e-01	-6.2130383293e-01	-6.2130383293e-01	-6.3165914297e-01	-6.3165914297e-01	-6.3654326002e-01	-6.3654326002e-01	-6.3654326002e-01	-6.4415889891e-01	-6.4415889891e-01	-6.4483030109e-01	-6.5381950533e-01	-6.5381950533e-01	-6.5359311452e-01	-6.5359311452e-01	-6.5359311452e-01	-6.6206975499e-01	
337	0.0	-4.5905236577e-03	-4.5905236577e-03	-3.1779957459e-02	-6.3714309116e-02	-6.3714309116e-02	-6.3714309116e-02	-6.3714309116e-02	-1.0569089819e-01	-1.0569089819e-01	-1.0569089819e-01	-1.0569089819e-01	-1.5315971376e-01	-1.5315971376e-01	-1.5315971376e-01	-1.9142830224e-01	-2.0241879678e-01	-2.0241879678e-01	-2.0241879678e-01	-2.4055757534e-01	-2.5106608448e-01	-2.5106608448e-01	-2.5106608448e-01	-2.5106608448e-01	-2.9672422435e-01	-2.9672422435e-01	-2.9672422435e-01	-3.2629920305e-01	-3.3674170707e-01	-3.3674170707e-01	-3.3674170707e-01	-3.5998787827e-01	-3.7058493276e-01	-3.7058493276e-01	-3.7058493276e-01	-3.8875931701e-01	-3.9796255588e-01	-3.9796255588e-01	-3.9796255588e-01	-4.1257216981e-01	-4.2695540615e-01	-4.2695540615e-01	-4.2695540615e-01	-4.5080892263e-01	-4.5080892263e-01	-4.5834633820e-01	-4.5834633820e-01	-4.5834633820e-01	-4.7722314743e-01	-4.7722314743e-01	-4.7722314743e-01	-4.8598134626e-01	-4.9465940015e-01	-4.9465940015e-01	-4.9465940015e-01	-5.0175717948e-01	-5.0917992092e-01	-5.0917992092e-01	-5.0917992092e-01	-5.2334686146e-01	-5.3511808988e-01	-5.3511808988e-01	-5.3511808988e-01	-5.3511808988e-01	-5.4179728248e-01	-5.4781407483e-01	-5.4781407483e-01	-5.4781407483e-01	-5.6012967131e-01	-5.6682189362e-01	-5.6682189362e-01	-5.6682189362e-01	-5.7894206486e-01	-5.7894206486e-01	-5.7894206486e-01	-5.8523352071e-01	-5.8523352071e-01	-5.9460971558e-01	-5.9460971558e-01	-6.0695552628e-01	-6.0695552628e-01	-6.1090440476e-01	-6.1090440476e-01	-6.1090440476e-01	-6.1690231737e-01	-6.2130234901e-01	-6.2130234901e-01	-6.3165760663e-01	-6.3165760663e-01	-6.3654174128e-01	-6.3654174128e-01	-6.3654174128e-01	-6.4415733926e-01	-6.4415733926e-01	-6.4482875616e-01	-6.5381791138e-01	-6.5381791138e-01	-6.5359154231e-01	-6.5359154231e-01	-6.5359154231e-01	-6.6206815761e-01	
338	0.0	-4.5904421333e-03	-4.5904421333e-03	-3.1779892724e-02	-6.3714083597e-02	-6.3714083597e-02	-6.3714083597e-02	-6.3714083597e-02	-1.0569049109e-01	-1.0569049109e-01	-1.0569049109e-01	-1.0569049109e-01	-1.5315911053e-01	-1.5315911053e-01	-1.5315911053e-01	-1.9142754504e-01	-2.0241800769e-01	-2.0241800769e-01	-2.0241800769e-01	-2.4055665907e-01	-2.5106514141e-01	-2.5106514141e-01	-2.5106514141e-01	-2.5106514141e-01	-2.9672318092e-01	-2.9672318092e-01	-2.9672318092e-01	-3.2629813504e-01	-3.3674061758e-01	-3.3674061758e-01	-3.3674061758e-01	-3.5998679284e-01	-3.7058382899e-01	-3.7058382899e-01	-3.7058382899e-01	-3.8875822921e-01	-3.9796145451e-01	-3.9796145451e-01	-3.9796145451e-01	-4.1257108252e-01	-4.2695430106e-01	-4.2695430106e-01	-4.2695430106e-01	-4.5080785274e-01	-4.5080785274e-01	-4.5834526341e-01	-4.5834526341e-01	-4.5834526341e-01	-4.7722207637e-01	-4.7722207637e-01	-4.7722207637e-01	-4.8598027192e-01	-4.9465832289e-01	-4.9465832289e-01	-4.9465832289e-01	-5.0175609364e-01	-5.0917883404e-01	-5.0917883404e-01	-5.0917883404e-01	-5.2334575544e-01	-5.3511698399e-01	-5.3511698399e-01	-5.3511698399e-01	-5.3511698399e-01	-5.4179616091e-01	-5.4781295222e-01	-5.4781295222e-01	-5.4781295222e-01	-5.6012851045e-01	-5.6682073231e-01	-5.6682073231e-01	-5.6682073231e-01	-5.7894088242e-01	-5.7894088242e-01	-5.7894088242e-01	-5.8523231335e-01	-5.8523231335e-01	-5.9460851498e-01	-5.9460851498e-01	-6.0695426614e-01	-6.0695426614e-01	-6.1090314962e-01	-6.1090314962e-01	-6.1090314962e-01	-6.1690103172e-01	-6.2130107186e-01	-6.2130107186e-01	-6.3165628103e-01	-6.3165628103e-01	-6.3654043395e-01	-6.3654043395e-01	-6.3654043395e-01	-6.4415599404e-01	-6.4415599404e-01	-6.4482742593e-01	-6.5381653495e-01	-6.5381653495e-01	-6.5359018783e-01	-6.5359018783e-01	-6.5359018783e-01	-6.6206677997e-01	
339	0.0	-4.5903657307e-03	-4.5903657307e-03	-3.1779832080e-02	-6.3713874462e-02	-6.3713874462e-02	-6.3713874462e-02	-6.3713874462e-02	-1.0569011343e-01	-1.0569011343e-01	-1.0569011343e-01	-1.0569011343e-01	-1.5315855146e-01	-1.5315855146e-01	-1.5315855146e-01	-1.9142684497e-01	-2.0241727785e-01	-2.0241727785e-01	-2.0241727785e-01	-2.4055581512e-01	-2.5106427250e-01	-2.5106427250e-01	-2.5106427250e-01	-2.5106427250e-01	-2.9672222655e-01	-2.9672222655e-01	-2.9672222655e-01	-3.2629716920e-01	-3.3673963177e-01	-3.3673963177e-01	-3.3673963177e-01	-3.5998582312e-01	-3.7058284237e-01	-3.7058284237e-01	-3.7058284237e-01	-3.8875726927e-01	-3.9796048219e-01	-3.9796048219e-01	-3.9796048219e-01	-4.1257013361e-01	-4.2695333620e-01	-4.2695333620e-01	-4.2695333620e-01	-4.5080693842e-01	-4.5080693842e-01	-4.5834434501e-01	-4.5834434501e-01	-4.5834434501e-01	-4.7722116870e-01	-4.7722116870e-01	-4.7722116870e-01	-4.8597936528e-01	-4.9465741449e-01	-4.9465741449e-01	-4.9465741449e-01	-5.0175517990e-01	-5.0917792034e-01	-5.0917792034e-01	-5.0917792034e-01	-5.2334482862e-01	-5.3511605886e-01	-5.3511605886e-01	-5.3511605886e-01	-5.3511605886e-01	-5.4179522218e-01	-5.4781201317e-01	-5.4781201317e-01	-5.4781201317e-01	-5.6012753654e-01	-5.6681975875e-01	-5.6681975875e-01	-5.6681975875e-01	-5.7893989041e-01	-5.7893989041e-01	-5.7893989041e-01	-5.8523129858e-01	-5.8523129858e-01	-5.9460750819e-01	-5.9460750819e-01	-6.0695320491e-01	-6.0695320491e-01	-6.1090209392e-01	-6.1090209392e-01	-6.1090209392e-01	-6.1689994808e-01	-6.2129999727e-01	-6.2129999727e-01	-6.3165516197e-01	-6.3165516197e-01	-6.3653933372e-01	-6.3653933372e-01	-6.3653933372e-01	-6.4415485897e-01	-6.4415485897e-01	-6.4482630605e-01	-6.5381537179e-01	-6.5381537179e-01	-6.5358904671e-01	-6.5358904671e-01	-6.5358904671e-01	-6.6206561770e-01	
340	0.0	-4.5902946299e-03	-4.5902946299e-03	-3.1779775636e-02	-6.3713682027e-02	-6.3713682027e-02	-6.3713682027e-02	-6.3713682027e-02	-1.0568976581e-01	-1.0568976581e-01	-1.0568976581e-01	-1.0568976581e-01	-1.5315803738e-01	-1.5315803738e-01	-1.5315803738e-01	-1.9142620298e-01	-2.0241660825e-01	-2.0241660825e-01	-2.0241660825e-01	-2.4055504447e-01	-2.5106347873e-01	-2.5106347873e-01	-2.5106347873e-01	-2.5106347873e-01	-2.9672136189e-01	-2.9672136189e-01	-2.9672136189e-01	-3.2629630550e-01	-3.3673874963e-01	-3.3673874963e-01	-3.3673874963e-01	-3.5998496830e-01	-3.7058197210e-01	-3.7058197210e-01	-3.7058197210e-01	-3.8875643560e-01	-3.9795963730e-01	-3.9795963730e-01	-3.9795963730e-01	-4.1256932081e-01	-4.2695250926e-01	-4.2695250926e-01	-4.2695250926e-01	-4.5080617615e-01	-4.5080617615e-01	-4.5834357947e-01	-4.5834357947e-01	-4.5834357947e-01	-4.7722042037e-01	-4.7722042037e-01	-4.7722042037e-01	-4.8597862207e-01	-4.9465667060e-01	-4.9465667060e-01	-4.9465667060e-01	-5.0175443376e-01	-5.0917717523e-01	-5.0917717523e-01	-5.0917717523e-01	-5.2334407616e-01	-5.3511530953e-01	-5.3511530953e-01	-5.3511530953e-01	-5.3511530953e-01	-5.4179446133e-01	-5.4781125265e-01	-5.4781125265e-01	-5.4781125265e-01	-5.6012674458e-01	-5.6681896786e-01	-5.6681896786e-01	-5.6681896786e-01	-5.7893908371e-01	-5.7893908371e-01	-5.7893908371e-01	-5.8523047131e-01	-5.8523047131e-01	-5.9460668998e-01	-5.9460668998e-01	-6.0695233742e-01	-6.0695233742e-01	-6.1090123241e-01	-6.1090123241e-01	-6.1090123241e-01	-6.1689906125e-01	-6.2129911992e-01	-6.2129911992e-01	-6.3165424421e-01	-6.3165424421e-01	-6.3653843516e-01	-6.3653843516e-01	-6.3653843516e-01	-6.4415392869e-01	-6.4415392869e-01	-6.4482539102e-01	-6.5381441652e-01	-6.5381441652e-01	-6.5358811342e-01	-6.5358811342e-01	-6.5358811342e-01	-6.6206466529e-01	
341	0.0	-4.5902289580e-03	-4.5902289580e-03	-3.1779723475e-02	-6.3713506477e-02	-6.3713506477e-02	-6.3713506477e-02	-6.3713506477e-02	-1.0568944858e-01	-1.0568944858e-01	-1.0568944858e-01	-1.0568944858e-01	-1.5315756878e-01	-1.5315756878e-01	-1.5315756878e-01	-1.9142561959e-01	-2.0241599943e-01	-2.0241599943e-01	-2.0241599943e-01	-2.4055434750e-01	-2.5106276054e-01	-2.5106276054e-01	-2.5106276054e-01	-2.5106276054e-01	-2.9672058694e-01	-2.9672058694e-01	-2.9672058694e-01	-3.2629554321e-01	-3.3673797044e-01	-3.3673797044e-01	-3.3673797044e-01	-3.5998422685e-01	-3.7058121663e-01	-3.7058121663e-01	-3.7058121663e-01	-3.8875572585e-01	-3.9795891749e-01	-3.9795891749e-01	-3.9795891749e-01	-4.1256864103e-01	-4.2695181712e-01	-4.2695181712e-01	-4.2695181712e-01	-4.5080556159e-01	-4.5080556159e-01	-4.5834296239e-01	-4.5834296239e-01	-4.5834296239e-01	-4.7721982649e-01	-4.7721982649e-01	-4.7721982649e-01	-4.8597803714e-01	-4.9465608600e-01	-4.9465608600e-01	-4.9465608600e-01	-5.0175384984e-01	-5.0917659326e-01	-5.0917659326e-01	-5.0917659326e-01	-5.2334349233e-01	-5.3511473012e-01	-5.3511473012e-01	-5.3511473012e-01	-5.3511473012e-01	-5.4179387241e-01	-5.4781066468e-01	-5.4781066468e-01	-5.4781066468e-01	-5.6012612859e-01	-5.6681835361e-01	-5.6681835361e-01	-5.6681835361e-01	-5.7893845621e-01	-5.7893845621e-01	-5.7893845621e-01	-5.8522982544e-01	-5.8522982544e-01	-5.9460605409e-01	-5.9460605409e-01	-6.0695165745e-01	-6.0695165745e-01	-6.1090055879e-01	-6.1090055879e-01	-6.1090055879e-01	-6.1689836494e-01	-6.2129843342e-01	-6.2129843342e-01	-6.3165352138e-01	-6.3165352138e-01	-6.3653773175e-01	-6.3653773175e-01	-6.3653773175e-01	-6.4415319670e-01	-6.4415319670e-01	-6.4482467422e-01	-6.5381366263e-01	-6.5381366263e-01	-6.5358738128e-01	-6.5358738128e-01	-6.5358738128e-01	-6.6206391607e-01	
342	0.0	-4.5901687948e-03	-4.5901687948e-03	-3.1779675648e-02	-6.3713347869e-02	-6.3713347869e-02	-6.3713347869e-02	-6.3713347869e-02	-1.0568916185e-01	-1.0568916185e-01	-1.0568916185e-01	-1.0568916185e-01	-1.5315714580e-01	-1.5315714580e-01	-1.5315714580e-01	-1.9142509488e-01	-2.0241545149e-01	-2.0241545149e-01	-2.0241545149e-01	-2.4055372410e-01	-2.5106211780e-01	-2.5106211780e-01	-2.5106211780e-01	-2.5106211780e-01	-2.9671990107e-01	-2.9671990107e-01	-2.9671990107e-01	-3.2629488094e-01	-3.3673729281e-01	-3.3673729281e-01	-3.3673729281e-01	-3.5998359652e-01	-3.7058057370e-01	-3.7058057370e-01	-3.7058057370e-01	-3.8875513694e-01	-3.9795831967e-01	-3.9795831967e-01	-3.9795831967e-01	-4.1256809048e-01	-4.2695125594e-01	-4.2695125594e-01	-4.2695125594e-01	-4.5080508966e-01	-4.5080508966e-01	-4.5834248865e-01	-4.5834248865e-01	-4.5834248865e-01	-4.7721938144e-01	-4.7721938144e-01	-4.7721938144e-01	-4.8597760457e-01	-4.9465565470e-01	-4.9465565470e-01	-4.9465565470e-01	-5.0175342197e-01	-5.0917616818e-01	-5.0917616818e-01	-5.0917616818e-01	-5.2334307056e-01	-5.3511431395e-01	-5.3511431395e-01	-5.3511431395e-01	-5.3511431395e-01	-5.4179344871e-01	-5.4781024247e-01	-5.4781024247e-01	-5.4781024247e-01	-5.6012568177e-01	-5.6681790912e-01	-5.6681790912e-01	-5.6681790912e-01	-5.7893800098e-01	-5.7893800098e-01	-5.7893800098e-01	-5.8522935403e-01	-5.8522935403e-01	-5.9460559344e-01	-5.9460559344e-01	-6.0695115789e-01	-6.0695115789e-01	-6.1090006586e-01	-6.1090006586e-01	-6.1090006586e-01	-6.1689785196e-01	-6.2129793047e-01	-6.2129793047e-01	-6.3165298619e-01	-6.3165298619e-01	-6.3653721602e-01	-6.3653721602e-01	-6.3653721602e-01	-6.4415265554e-01	-6.4415265554e-01	-6.4482414811e-01	-6.5381310262e-01	-6.5381310262e-01	-6.5358684265e-01	-6.5358684265e-01	-6.5358684265e-01	-6.6206336239e-01	
343	0.0	-4.5901141764e-03	-4.5901141764e-03	-3.1779632175e-02	-6.3713206140e-02	-6.3713206140e-02	-6.3713206140e-02	-6.3713206140e-02	-1.0568890552e-01	-1.0568890552e-01	-1.0568890552e-01	-1.0568890552e-01	-1.5315676827e-01	-1.5315676827e-01	-1.5315676827e-01	-1.9142462851e-01	-2.0241496410e-01	-2.0241496410e-01	-2.0241496410e-01	-2.4055317364e-01	-2.5106154988e-01	-2.5106154988e-01	-2.5106154988e-01	-2.5106154988e-01	-2.9671930312e-01	-2.9671930312e-01	-2.9671930312e-01	-3.2629431672e-01	-3.3673671476e-01	-3.3673671476e-01	-3.3673671476e-01	-3.5998307448e-01	-3.7058004047e-01	-3.7058004047e-01	-3.7058004047e-01	-3.8875466520e-01	-3.9795784013e-01	-3.9795784013e-01	-3.9795784013e-01	-4.1256766473e-01	-4.2695082122e-01	-4.2695082122e-01	-4.2695082122e-01	-4.5080475463e-01	-4.5080475463e-01	-4.5834215247e-01	-4.5834215247e-01	-4.5834215247e-01	-4.7721907893e-01	-4.7721907893e-01	-4.7721907893e-01	-4.8597731779e-01	-4.9465537004e-01	-4.9465537004e-01	-4.9465537004e-01	-5.0175314332e-01	-5.0917589307e-01	-5.0917589307e-01	-5.0917589307e-01	-5.2334280363e-01	-5.3511405367e-01	-5.3511405367e-01	-5.3511405367e-01	-5.3511405367e-01	-5.4179318280e-01	-5.4780997854e-01	-5.4780997854e-01	-5.4780997854e-01	-5.6012539659e-01	-5.6681762681e-01	-5.6681762681e-01	-5.6681762681e-01	-5.7893771033e-01	-5.7893771033e-01	-5.7893771033e-01	-5.8522904937e-01	-5.8522904937e-01	-5.9460530019e-01	-5.9460530019e-01	-6.0695083084e-01	-6.0695083084e-01	-6.1089974569e-01	-6.1089974569e-01	-6.1089974569e-01	-6.1689751431e-01	-6.2129760300e-01	-6.2129760300e-01	-6.3165263055e-01	-6.3165263055e-01	-6.3653687974e-01	-6.3653687974e-01	-6.3653687974e-01	-6.4415229694e-01	-6.4415229694e-01	-6.4482380431e-01	-6.5381272815e-01	-6.5381272815e-01	-6.5358648908e-01	-6.5358648908e-01	-6.5358648908e-01	-6.6206299577e-01	
344	0.0	-4.5900651000e-03	-4.5900651000e-03	-3.1779593042e-02	-6.3713081122e-02	-6.3713081122e-02	-6.3713081122e-02	-6.3713081122e-02	-1.0568867930e-01	-1.0568867930e-01	-1.0568867930e-01	-1.0568867930e-01	-1.5315643571e-01	-1.5315643571e-01	-1.5315643571e-01	-1.9142421978e-01	-2.0241453652e-01	-2.0241453652e-01	-2.0241453652e-01	-2.4055269505e-01	-2.5106105569e-01	-2.5106105569e-01	-2.5106105569e-01	-2.5106105569e-01	-2.9671879140e-01	-2.9671879140e-01	-2.9671879140e-01	-3.2629384806e-01	-3.3673623378e-01	-3.3673623378e-01	-3.3673623378e-01	-3.5998265735e-01	-3.7057961353e-01	-3.7057961353e-01	-3.7057961353e-01	-3.8875430640e-01	-3.9795747461e-01	-3.9795747461e-01	-3.9795747461e-01	-4.1256735881e-01	-4.2695050793e-01	-4.2695050793e-01	-4.2695050793e-01	-4.5080455022e-01	-4.5080455022e-01	-4.5834194755e-01	-4.5834194755e-01	-4.5834194755e-01	-4.7721891213e-01	-4.7721891213e-01	-4.7721891213e-01	-4.8597716968e-01	-4.9465522482e-01	-4.9465522482e-01	-4.9465522482e-01	-5.0175300651e-01	-5.0917576048e-01	-5.0917576048e-01	-5.0917576048e-01	-5.2334268373e-01	-5.3511394135e-01	-5.3511394135e-01	-5.3511394135e-01	-5.3511394135e-01	-5.4179306666e-01	-5.4780986483e-01	-5.4780986483e-01	-5.4780986483e-01	-5.6012526495e-01	-5.6681749850e-01	-5.6681749850e-01	-5.6681749850e-01	-5.7893757599e-01	-5.7893757599e-01	-5.7893757599e-01	-5.8522890314e-01	-5.8522890314e-01	-5.9460516588e-01	-5.9460516588e-01	-6.0695066779e-01	-6.0695066779e-01	-6.1089958965e-01	-6.1089958965e-01	-6.1089958965e-01	-6.1689734338e-01	-6.2129744229e-01	-6.2129744229e-01	-6.3165244567e-01	-6.3165244567e-01	-6.3653671398e-01	-6.3653671398e-01	-6.3653671398e-01	-6.4415211196e-01	-6.4415211196e-01	-6.4482363379e-01	-6.5381253020e-01	-6.5381253020e-01	-6.5358631143e-01	-6.5358631143e-01	-6.5358631143e-01	-6.6206280703e-01	
345	0.0	-4.5900215236e-03	-4.5900215236e-03	-3.1779558212e-02	-6.3712972543e-02	-6.3712972543e-02	-6.3712972543e-02	-6.3712972543e-02	-1.0568848272e-01	-1.0568848272e-01	-1.0568848272e-01	-1.0568848272e-01	-1.5315614738e-01	-1.5315614738e-01	-1.5315614738e-01	-1.9142386766e-01	-2.0241416771e-01	-2.0241416771e-01	-2.0241416771e-01	-2.4055228686e-01	-2.5106063373e-01	-2.5106063373e-01	-2.5106063373e-01	-2.5106063373e-01	-2.9671836373e-01	-2.9671836373e-01	-2.9671836373e-01	-3.2629347198e-01	-3.3673584686e-01	-3.3673584686e-01	-3.3673584686e-01	-3.5998234127e-01	-3.7057928898e-01	-3.7057928898e-01	-3.7057928898e-01	-3.8875405582e-01	-3.9795721837e-01	-3.9795721837e-01	-3.9795721837e-01	-4.1256716724e-01	-4.2695031054e-01	-4.2695031054e-01	-4.2695031054e-01	-4.5080446968e-01	-4.5080446968e-01	-4.5834186709e-01	-4.5834186709e-01	-4.5834186709e-01	-4.7721887372e-01	-4.7721887372e-01	-4.7721887372e-01	-4.8597715264e-01	-4.9465521138e-01	-4.9465521138e-01	-4.9465521138e-01	-5.0175300366e-01	-5.0917576246e-01	-5.0917576246e-01	-5.0917576246e-01	-5.2334270259e-01	-5.3511396859e-01	-5.3511396859e-01	-5.3511396859e-01	-5.3511396859e-01	-5.4179309183e-01	-5.4780989281e-01	-5.4780989281e-01	-5.4780989281e-01	-5.6012527821e-01	-5.6681751552e-01	-5.6681751552e-01	-5.6681751552e-01	-5.7893758916e-01	-5.7893758916e-01	-5.7893758916e-01	-5.8522890651e-01	-5.8522890651e-01	-5.9460518157e-01	-5.9460518157e-01	-6.0695065966e-01	-6.0695065966e-01	-6.1089958863e-01	-6.1089958863e-01	-6.1089958863e-01	-6.1689732997e-01	-6.2129743908e-01	-6.2129743908e-01	-6.3165242221e-01	-6.3165242221e-01	-6.3653670929e-01	-6.3653670929e-01	-6.3653670929e-01	-6.4415209108e-01	-6.4415209108e-01	-6.4482362694e-01	-6.5381249915e-01	-6.5381249915e-01	-6.5358629996e-01	-6.5358629996e-01	-6.5358629996e-01	-6.6206278640e-01	
346	0.0	-4.5899833715e-03	-4.5899833715e-03	-3.1779527622e-02	-6.3712880043e-02	-6.3712880043e-02	-6.3712880043e-02	-6.3712880043e-02	-1.0568831512e-01	-1.0568831512e-01	-1.0568831512e-01	-1.0568831512e-01	-1.5315590230e-01	-1.5315590230e-01	-1.5315590230e-01	-1.9142357079e-01	-2.0241385626e-01	-2.0241385626e-01	-2.0241385626e-01	-2.4055194721e-01	-2.5106028211e-01	-2.5106028211e-01	-2.5106028211e-01	-2.5106028211e-01	-2.9671801755e-01	-2.9671801755e-01	-2.9671801755e-01	-3.2629318509e-01	-3.3673555057e-01	-3.3673555057e-01	-3.3673555057e-01	-3.5998212196e-01	-3.7057906250e-01	-3.7057906250e-01	-3.7057906250e-01	-3.8875390834e-01	-3.9795706624e-01	-3.9795706624e-01	-3.9795706624e-01	-4.1256708418e-01	-4.2695022311e-01	-4.2695022311e-01	-4.2695022311e-01	-4.5080450591e-01	-4.5080450591e-01	-4.5834190391e-01	-4.5834190391e-01	-4.5834190391e-01	-4.7721895605e-01	-4.7721895605e-01	-4.7721895605e-01	-4.8597725872e-01	-4.9465532168e-01	-4.9465532168e-01	-4.9465532168e-01	-5.0175312655e-01	-5.0917589069e-01	-5.0917589069e-01	-5.0917589069e-01	-5.2334285155e-01	-5.3511412660e-01	-5.3511412660e-01	-5.3511412660e-01	-5.3511412660e-01	-5.4179324944e-01	-5.4781005356e-01	-5.4781005356e-01	-5.4781005356e-01	-5.6012542739e-01	-5.6681766879e-01	-5.6681766879e-01	-5.6681766879e-01	-5.7893774068e-01	-5.7893774068e-01	-5.7893774068e-01	-5.8522905025e-01	-5.8522905025e-01	-5.9460533788e-01	-5.9460533788e-01	-6.0695079696e-01	-6.0695079696e-01	-6.1089973308e-01	-6.1089973308e-01	-6.1089973308e-01	-6.1689746446e-01	-6.2129758368e-01	-6.2129758368e-01	-6.3165255037e-01	-6.3165255037e-01	-6.3653685575e-01	-6.3653685575e-01	-6.3653685575e-01	-6.4415222430e-01	-6.4415222430e-01	-6.4482377372e-01	-6.5381262491e-01	-6.5381262491e-01	-6.5358644452e-01	-6.5358644452e-01	-6.5358644452e-01	-6.6206292365e-01	
347	0.0	-4.5899505362e-03	-4.5899505362e-03	-3.1779501185e-02	-6.3712803177e-02	-6.3712803177e-02	-6.3712803177e-02	-6.3712803177e-02	-1.0568817573e-01	-1.0568817573e-01	-1.0568817573e-01	-1.0568817573e-01	-1.5315569927e-01	-1.5315569927e-01	-1.5315569927e-01	-1.9142332755e-01	-2.0241360050e-01	-2.0241360050e-01	-2.0241360050e-01	-2.4055167392e-01	-2.5105999860e-01	-2.5105999860e-01	-2.5105999860e-01	-2.5105999860e-01	-2.9671774992e-01	-2.9671774992e-01	-2.9671774992e-01	-3.2629298361e-01	-3.3673534110e-01	-3.3673534110e-01	-3.3673534110e-01	-3.5998199478e-01	-3.7057892940e-01	-3.7057892940e-01	-3.7057892940e-01	-3.8875385850e-01	-3.9795701272e-01	-3.9795701272e-01	-3.9795701272e-01	-4.1256710342e-01	-4.2695023937e-01	-4.2695023937e-01	-4.2695023937e-01	-4.5080465144e-01	-4.5080465144e-01	-4.5834205054e-01	-4.5834205054e-01	-4.5834205054e-01	-4.7721915112e-01	-4.7721915112e-01	-4.7721915112e-01	-4.8597747964e-01	-4.9465554736e-01	-4.9465554736e-01	-4.9465554736e-01	-5.0175336663e-01	-5.0917613658e-01	-5.0917613658e-01	-5.0917613658e-01	-5.2334312163e-01	-5.3511440632e-01	-5.3511440632e-01	-5.3511440632e-01	-5.3511440632e-01	-5.4179353030e-01	-5.4781033786e-01	-5.4781033786e-01	-5.4781033786e-01	-5.6012570313e-01	-5.6681794892e-01	-5.6681794892e-01	-5.6681794892e-01	-5.7893802102e-01	-5.7893802102e-01	-5.7893802102e-01	-5.8522932476e-01	-5.8522932476e-01	-5.9460562514e-01	-5.9460562514e-01	-6.0695106983e-01	-6.0695106983e-01	-6.1090001307e-01	-6.1090001307e-01	-6.1090001307e-01	-6.1689773686e-01	-6.2129786601e-01	-6.2129786601e-01	-6.3165281998e-01	-6.3165281998e-01	-6.3653714308e-01	-6.3653714308e-01	-6.3653714308e-01	-6.4415250127e-01	-6.4415250127e-01	-6.4482406369e-01	-6.5381289701e-01	-6.5381289701e-01	-6.5358673454e-01	-6.5358673454e-01	-6.5358673454e-01	-6.6206320816e-01	
348	0.0	-4.5899228801e-03	-4.5899228801e-03	-3.1779478798e-02	-6.3712741431e-02	-6.3712741431e-02	-6.3712741431e-02	-6.3712741431e-02	-1.0568806362e-01	-1.0568806362e-01	-1.0568806362e-01	-1.0568806362e-01	-1.5315553687e-01	-1.5315553687e-01	-1.5315553687e-01	-1.9142313606e-01	-2.0241339850e-01	-2.0241339850e-01	-2.0241339850e-01	-2.4055146451e-01	-2.5105978065e-01	-2.5105978065e-01	-2.5105978065e-01	-2.5105978065e-01	-2.9671755755e-01	-2.9671755755e-01	-2.9671755755e-01	-3.2629286346e-01	-3.3673521434e-01	-3.3673521434e-01	-3.3673521434e-01	-3.5998195478e-01	-3.7057888469e-01	-3.7057888469e-01	-3.7057888469e-01	-3.8875390052e-01	-3.9795705199e-01	-3.9795705199e-01	-3.9795705199e-01	-4.1256721848e-01	-4.2695035277e-01	-4.2695035277e-01	-4.2695035277e-01	-4.5080489862e-01	-4.5080489862e-01	-4.5834229924e-01	-4.5834229924e-01	-4.5834229924e-01	-4.7721945073e-01	-4.7721945073e-01	-4.7721945073e-01	-4.8597780692e-01	-4.9465587989e-01	-4.9465587989e-01	-4.9465587989e-01	-5.0175371516e-01	-5.0917649128e-01	-5.0917649128e-01	-5.0917649128e-01	-5.2334350366e-01	-5.3511479845e-01	-5.3511479845e-01	-5.3511479845e-01	-5.3511479845e-01	-5.4179392504e-01	-5.4781073628e-01	-5.4781073628e-01	-5.4781073628e-01	-5.6012609588e-01	-5.6681834629e-01	-5.6681834629e-01	-5.6681834629e-01	-5.7893842045e-01	-5.7893842045e-01	-5.7893842045e-01	-5.8522972024e-01	-5.8522972024e-01	-5.9460603341e-01	-5.9460603341e-01	-6.0695146817e-01	-6.0695146817e-01	-6.1090041845e-01	-6.1090041845e-01	-6.1090041845e-01	-6.1689813693e-01	-6.2129827577e-01	-6.2129827577e-01	-6.3165322060e-01	-6.3165322060e-01	-6.3653756075e-01	-6.3653756075e-01	-6.3653756075e-01	-6.4415291135e-01	-6.4415291135e-01	-6.4482448616e-01	-6.5381330468e-01	-6.5381330468e-01	-6.5358715919e-01	-6.5358715919e-01	-6.5358715919e-01	-6.6206362901e-01	
349	0.0	-4.5899002394e-03	-4.5899002394e-03	-3.1779460340e-02	-6.3712694225e-02	-6.3712694225e-02	-6.3712694225e-02	-6.3712694225e-02	-1.0568797774e-01	-1.0568797774e-01	-1.0568797774e-01	-1.0568797774e-01	-1.5315541354e-01	-1.5315541354e-01	-1.5315541354e-01	-1.9142299425e-01	-2.0241324810e-01	-2.0241324810e-01	-2.0241324810e-01	-2.4055131624e-01	-2.5105962549e-01	-2.5105962549e-01	-2.5105962549e-01	-2.5105962549e-01	-2.9671743693e-01	-2.9671743693e-01	-2.9671743693e-01	-3.2629282031e-01	-3.3673516588e-01	-3.3673516588e-01	-3.3673516588e-01	-3.5998199676e-01	-3.7057892313e-01	-3.7057892313e-01	-3.7057892313e-01	-3.8875402843e-01	-3.9795717804e-01	-3.9795717804e-01	-3.9795717804e-01	-4.1256742269e-01	-4.2695055655e-01	-4.2695055655e-01	-4.2695055655e-01	-4.5080523958e-01	-4.5080523958e-01	-4.5834264215e-01	-4.5834264215e-01	-4.5834264215e-01	-4.7721984654e-01	-4.7721984654e-01	-4.7721984654e-01	-4.8597823193e-01	-4.9465631055e-01	-4.9465631055e-01	-4.9465631055e-01	-5.0175416323e-01	-5.0917694585e-01	-5.0917694585e-01	-5.0917694585e-01	-5.2334398832e-01	-5.3511529358e-01	-5.3511529358e-01	-5.3511529358e-01	-5.3511529358e-01	-5.4179442412e-01	-5.4781123924e-01	-5.4781123924e-01	-5.4781123924e-01	-5.6012659593e-01	-5.6681885117e-01	-5.6681885117e-01	-5.6681885117e-01	-5.7893892908e-01	-5.7893892908e-01	-5.7893892908e-01	-5.8523022670e-01	-5.8523022670e-01	-5.9460655263e-01	-5.9460655263e-01	-6.0695198171e-01	-6.0695198171e-01	-6.1090093892e-01	-6.1090093892e-01	-6.1090093892e-01	-6.1689865424e-01	-6.2129880251e-01	-6.2129880251e-01	-6.3165374159e-01	-6.3165374159e-01	-6.3653809807e-01	-6.3653809807e-01	-6.3653809807e-01	-6.4415344372e-01	-6.4415344372e-01	-6.4482503027e-01	-6.5381383697e-01	-6.5381383697e-01	-6.5358770746e-01	-6.5358770746e-01	-6.5358770746e-01	-6.6206417513e-01	
350	0.0	-4.5898824300e-03	-4.5898824300e-03	-3.1779445672e-02	-6.3712660925e-02	-6.3712660925e-02	-6.3712660925e-02	-6.3712660925e-02	-1.0568791696e-01	-1.0568791696e-01	-1.0568791696e-01	-1.0568791696e-01	-1.5315532755e-01	-1.5315532755e-01	-1.5315532755e-01	-1.9142289982e-01	-2.0241314695e-01	-2.0241314695e-01	-2.0241314695e-01	-2.4055122617e-01	-2.5105953010e-01	-2.5105953010e-01	-2.5105953010e-01	-2.5105953010e-01	-2.9671738426e-01	-2.9671738426e-01	-2.9671738426e-01	-3.2629284958e-01	-3.3673519112e-01	-3.3673519112e-01	-3.3673519112e-01	-3.5998211536e-01	-3.7057903928e-01	-3.7057903928e-01	-3.7057903928e-01	-3.8875423609e-01	-3.9795738466e-01	-3.9795738466e-01	-3.9795738466e-01	-4.1256770924e-01	-4.2695084383e-01	-4.2695084383e-01	-4.2695084383e-01	-4.5080566642e-01	-4.5080566642e-01	-4.5834307129e-01	-4.5834307129e-01	-4.5834307129e-01	-4.7722033013e-01	-4.7722033013e-01	-4.7722033013e-01	-4.8597874597e-01	-4.9465683060e-01	-4.9465683060e-01	-4.9465683060e-01	-5.0175470191e-01	-5.0917749127e-01	-5.0917749127e-01	-5.0917749127e-01	-5.2334456624e-01	-5.3511588225e-01	-5.3511588225e-01	-5.3511588225e-01	-5.3511588225e-01	-5.4179501800e-01	-5.4781183716e-01	-5.4781183716e-01	-5.4781183716e-01	-5.6012719354e-01	-5.6681945374e-01	-5.6681945374e-01	-5.6681945374e-01	-5.7893953699e-01	-5.7893953699e-01	-5.7893953699e-01	-5.8523083412e-01	-5.8523083412e-01	-5.9460717270e-01	-5.9460717270e-01	-6.0695260013e-01	-6.0695260013e-01	-6.1090156411e-01	-6.1090156411e-01	-6.1090156411e-01	-6.1689927833e-01	-6.2129943570e-01	-6.2129943570e-01	-6.3165437227e-01	-6.3165437227e-01	-6.3653874428e-01	-6.3653874428e-01	-6.3653874428e-01	-6.4415408750e-01	-6.4415408750e-01	-6.4482568512e-01	-6.5381448285e-01	-6.5381448285e-01	-6.5358836830e-01	-6.5358836830e-01	-6.5358836830e-01	-6.6206483536e-01	
351	0.0	-4.5898692488e-03	-4.5898692488e-03	-3.1779434642e-02	-6.3712640849e-02	-6.3712640849e-02	-6.3712640849e-02	-6.3712640849e-02	-1.0568788005e-01	-1.0568788005e-01	-1.0568788005e-01	-1.0568788005e-01	-1.5315527706e-01	-1.5315527706e-01	-1.5315527706e-01	-1.9142285037e-01	-2.0241309256e-01	-2.0241309256e-01	-2.0241309256e-01	-2.4055119117e-01	-2.5105949128e-01	-2.5105949128e-01	-2.5105949128e-01	-2.5105949128e-01	-2.9671739559e-01	-2.9671739559e-01	-2.9671739559e-01	-3.2629294657e-01	-3.3673528527e-01	-3.3673528527e-01	-3.3673528527e-01	-3.5998230504e-01	-3.7057922756e-01	-3.7057922756e-01	-3.7057922756e-01	-3.8875451724e-01	-3.9795766557e-01	-3.9795766557e-01	-3.9795766557e-01	-4.1256807124e-01	-4.2695120762e-01	-4.2695120762e-01	-4.2695120762e-01	-4.5080617115e-01	-4.5080617115e-01	-4.5834357865e-01	-4.5834357865e-01	-4.5834357865e-01	-4.7722089306e-01	-4.7722089306e-01	-4.7722089306e-01	-4.8597934034e-01	-4.9465743127e-01	-4.9465743127e-01	-4.9465743127e-01	-5.0175532223e-01	-5.0917811853e-01	-5.0917811853e-01	-5.0917811853e-01	-5.2334522806e-01	-5.3511655500e-01	-5.3511655500e-01	-5.3511655500e-01	-5.3511655500e-01	-5.4179569710e-01	-5.4781252042e-01	-5.4781252042e-01	-5.4781252042e-01	-5.6012787893e-01	-5.6682014421e-01	-5.6682014421e-01	-5.6682014421e-01	-5.7894023424e-01	-5.7894023424e-01	-5.7894023424e-01	-5.8523153248e-01	-5.8523153248e-01	-5.9460788350e-01	-5.9460788350e-01	-6.0695331307e-01	-6.0695331307e-01	-6.1090228363e-01	-6.1090228363e-01	-6.1090228363e-01	-6.1689999869e-01	-6.2130016479e-01	-6.2130016479e-01	-6.3165510192e-01	-6.3165510192e-01	-6.3653948861e-01	-6.3653948861e-01	-6.3653948861e-01	-6.4415483178e-01	-6.4415483178e-01	-6.4482643974e-01	-6.5381523125e-01	-6.5381523125e-01	-6.5358913060e-01	-6.5358913060e-01	-6.5358913060e-01	-6.6206559850e-01	
352	0.0	-4.5898604785e-03	-4.5898604785e-03	-3.1779427084e-02	-6.3712633282e-02	-6.3712633282e-02	-6.3712633282e-02	-6.3712633282e-02	-1.0568786573e-01	-1.0568786573e-01	-1.0568786573e-01	-1.0568786573e-01	-1.5315526011e-01	-1.5315526011e-01	-1.5315526011e-01	-1.9142284334e-01	-2.0241308228e-01	-2.0241308228e-01	-2.0241308228e-01	-2.4055120798e-01	-2.5105950569e-01	-2.5105950569e-01	-2.5105950569e-01	-2.5105950569e-01	-2.9671746681e-01	-2.9671746681e-01	-2.9671746681e-01	-3.2629310643e-01	-3.3673544343e-01	-3.3673544343e-01	-3.3673544343e-01	-3.5998256021e-01	-3.7057948232e-01	-3.7057948232e-01	-3.7057948232e-01	-3.8875486557e-01	-3.9795801440e-01	-3.9795801440e-01	-3.9795801440e-01	-4.1256850177e-01	-4.2695164093e-01	-4.2695164093e-01	-4.2695164093e-01	-4.5080674585e-01	-4.5080674585e-01	-4.5834415627e-01	-4.5834415627e-01	-4.5834415627e-01	-4.7722152695e-01	-4.7722152695e-01	-4.7722152695e-01	-4.8598000642e-01	-4.9465810386e-01	-4.9465810386e-01	-4.9465810386e-01	-5.0175601532e-01	-5.0917881869e-01	-5.0917881869e-01	-5.0917881869e-01	-5.2334596452e-01	-5.3511730249e-01	-5.3511730249e-01	-5.3511730249e-01	-5.3511730249e-01	-5.4179645196e-01	-5.4781327953e-01	-5.4781327953e-01	-5.4781327953e-01	-5.6012864247e-01	-5.6682091287e-01	-5.6682091287e-01	-5.6682091287e-01	-5.7894101099e-01	-5.7894101099e-01	-5.7894101099e-01	-5.8523231182e-01	-5.8523231182e-01	-5.9460867502e-01	-5.9460867502e-01	-6.0695411027e-01	-6.0695411027e-01	-6.1090308719e-01	-6.1090308719e-01	-6.1090308719e-01	-6.1690080490e-01	-6.2130097932e-01	-6.2130097932e-01	-6.3165591988e-01	-6.3165591988e-01	-6.3654032035e-01	-6.3654032035e-01	-6.3654032035e-01	-6.4415566572e-01	-6.4415566572e-01	-6.4482728329e-01	-6.5381607121e-01	-6.5381607121e-01	-6.5358998335e-01	-6.5358998335e-01	-6.5358998335e-01	-6.6206645345e-01	
353	0.0	-4.5898558882e-03	-4.5898558882e-03	-3.1779422824e-02	-6.3712637476e-02	-6.3712637476e-02	-6.3712637476e-02	-6.3712637476e-02	-1.0568787265e-01	-1.0568787265e-01	-1.0568787265e-01	-1.0568787265e-01	-1.5315527470e-01	-1.5315527470e-01	-1.5315527470e-01	-1.9142287610e-01	-2.0241311340e-01	-2.0241311340e-01	-2.0241311340e-01	-2.4055127322e-01	-2.5105956988e-01	-2.5105956988e-01	-2.5105956988e-01	-2.5105956988e-01	-2.9671759374e-01	-2.9671759374e-01	-2.9671759374e-01	-3.2629332425e-01	-3.3673566063e-01	-3.3673566063e-01	-3.3673566063e-01	-3.5998287523e-01	-3.7057979784e-01	-3.7057979784e-01	-3.7057979784e-01	-3.8875527479e-01	-3.9795842480e-01	-3.9795842480e-01	-3.9795842480e-01	-4.1256899394e-01	-4.2695213679e-01	-4.2695213679e-01	-4.2695213679e-01	-4.5080738267e-01	-4.5080738267e-01	-4.5834479625e-01	-4.5834479625e-01	-4.5834479625e-01	-4.7722222353e-01	-4.7722222353e-01	-4.7722222353e-01	-4.8598073569e-01	-4.9465883982e-01	-4.9465883982e-01	-4.9465883982e-01	-5.0175677244e-01	-5.0917958296e-01	-5.0917958296e-01	-5.0917958296e-01	-5.2334676649e-01	-5.3511811551e-01	-5.3511811551e-01	-5.3511811551e-01	-5.3511811551e-01	-5.4179727328e-01	-5.4781410514e-01	-5.4781410514e-01	-5.4781410514e-01	-5.6012947461e-01	-5.6682175017e-01	-5.6682175017e-01	-5.6682175017e-01	-5.7894185756e-01	-5.7894185756e-01	-5.7894185756e-01	-5.8523316236e-01	-5.8523316236e-01	-5.9460953739e-01	-5.9460953739e-01	-6.0695498163e-01	-6.0695498163e-01	-6.1090396464e-01	-6.1090396464e-01	-6.1090396464e-01	-6.1690168670e-01	-6.2130186901e-01	-6.2130186901e-01	-6.3165681568e-01	-6.3165681568e-01	-6.3654122899e-01	-6.3654122899e-01	-6.3654122899e-01	-6.4415657864e-01	-6.4415657864e-01	-6.4482820507e-01	-6.5381699187e-01	-6.5381699187e-01	-6.5359091571e-01	-6.5359091571e-01	-6.5359091571e-01	-6.6206738925e-01	
354	0.0	-4.5898552385e-03	-4.5898552385e-03	-3.1779421676e-02	-6.3712652663e-02	-6.3712652663e-02	-6.3712652663e-02	-6.3712652663e-02	-1.0568789942e-01	-1.0568789942e-01	-1.0568789942e-01	-1.0568789942e-01	-1.5315531873e-01	-1.5315531873e-01	-1.5315531873e-01	-1.9142294594e-01	-2.0241318309e-01	-2.0241318309e-01	-2.0241318309e-01	-2.4055138346e-01	-2.5105968032e-01	-2.5105968032e-01	-2.5105968032e-01	-2.5105968032e-01	-2.9671777209e-01	-2.9671777209e-01	-2.9671777209e-01	-3.2629359508e-01	-3.3673593186e-01	-3.3673593186e-01	-3.3673593186e-01	-3.5998324445e-01	-3.7058016843e-01	-3.7058016843e-01	-3.7058016843e-01	-3.8875573862e-01	-3.9795889044e-01	-3.9795889044e-01	-3.9795889044e-01	-4.1256954094e-01	-4.2695268829e-01	-4.2695268829e-01	-4.2695268829e-01	-4.5080807390e-01	-4.5080807390e-01	-4.5834549086e-01	-4.5834549086e-01	-4.5834549086e-01	-4.7722297470e-01	-4.7722297470e-01	-4.7722297470e-01	-4.8598151982e-01	-4.9465963075e-01	-4.9465963075e-01	-4.9465963075e-01	-5.0175758502e-01	-5.0918040271e-01	-5.0918040271e-01	-5.0918040271e-01	-5.2334762503e-01	-5.3511898506e-01	-5.3511898506e-01	-5.3511898506e-01	-5.3511898506e-01	-5.4179815194e-01	-5.4781498811e-01	-5.4781498811e-01	-5.4781498811e-01	-5.6013036606e-01	-5.6682264675e-01	-5.6682264675e-01	-5.6682264675e-01	-5.7894276445e-01	-5.7894276445e-01	-5.7894276445e-01	-5.8523407449e-01	-5.8523407449e-01	-5.9461046097e-01	-5.9461046097e-01	-6.0695591723e-01	-6.0695591723e-01	-6.1090490606e-01	-6.1090490606e-01	-6.1090490606e-01	-6.1690263402e-01	-6.2130282376e-01	-6.2130282376e-01	-6.3165777901e-01	-6.3165777901e-01	-6.3654220420e-01	-6.3654220420e-01	-6.3654220420e-01	-6.4415756007e-01	-6.4415756007e-01	-6.4482919459e-01	-6.5381798262e-01	-6.5381798262e-01	-6.5359191703e-01	-6.5359191703e-01	-6.5359191703e-01	-6.6206839518e-01	
355	0.0	-4.5898582795e-03	-4.5898582795e-03	-3.1779423455e-02	-6.3712678058e-02	-6.3712678058e-02	-6.3712678058e-02	-6.3712678058e-02	-1.0568794462e-01	-1.0568794462e-01	-1.0568794462e-01	-1.0568794462e-01	-1.5315539008e-01	-1.5315539008e-01	-1.5315539008e-01	-1.9142305009e-01	-2.0241328852e-01	-2.0241328852e-01	-2.0241328852e-01	-2.4055153519e-01	-2.5105983345e-01	-2.5105983345e-01	-2.5105983345e-01	-2.5105983345e-01	-2.9671799758e-01	-2.9671799758e-01	-2.9671799758e-01	-3.2629391400e-01	-3.3673625211e-01	-3.3673625211e-01	-3.3673625211e-01	-3.5998366227e-01	-3.7058058841e-01	-3.7058058841e-01	-3.7058058841e-01	-3.8875625087e-01	-3.9795940508e-01	-3.9795940508e-01	-3.9795940508e-01	-4.1257013606e-01	-4.2695328866e-01	-4.2695328866e-01	-4.2695328866e-01	-4.5080881200e-01	-4.5080881200e-01	-4.5834623251e-01	-4.5834623251e-01	-4.5834623251e-01	-4.7722377253e-01	-4.7722377253e-01	-4.7722377253e-01	-4.8598235067e-01	-4.9466046846e-01	-4.9466046846e-01	-4.9466046846e-01	-5.0175844472e-01	-5.0918126957e-01	-5.0918126957e-01	-5.0918126957e-01	-5.2334853146e-01	-5.3511990237e-01	-5.3511990237e-01	-5.3511990237e-01	-5.3511990237e-01	-5.4179907907e-01	-5.4781591955e-01	-5.4781591955e-01	-5.4781591955e-01	-5.6013130774e-01	-5.6682359352e-01	-5.6682359352e-01	-5.6682359352e-01	-5.7894372245e-01	-5.7894372245e-01	-5.7894372245e-01	-5.8523503888e-01	-5.8523503888e-01	-5.9461143637e-01	-5.9461143637e-01	-6.0695690742e-01	-6.0695690742e-01	-6.1090590177e-01	-6.1090590177e-01	-6.1090590177e-01	-6.1690363706e-01	-6.2130383374e-01	-6.2130383374e-01	-6.3165879984e-01	-6.3165879984e-01	-6.3654323594e-01	-6.3654323594e-01	-6.3654323594e-01	-6.4415859981e-01	-6.4415859981e-01	-6.4483024164e-01	-6.5381903309e-01	-6.5381903309e-01	-6.5359297696e-01	-6.5359297696e-01	-6.5359297696e-01	-6.6206946076e-01	
356	0.0	-4.5898647575e-03	-4.5898647575e-03	-3.1779427967e-02	-6.3712712869e-02	-6.3712712869e-02	-6.3712712869e-02	-6.3712712869e-02	-1.0568800684e-01	-1.0568800684e-01	-1.0568800684e-01	-1.0568800684e-01	-1.5315548660e-01	-1.5315548660e-01	-1.5315548660e-01	-1.9142318579e-01	-2.0241342680e-01	-2.0241342680e-01	-2.0241342680e-01	-2.4055172490e-01	-2.5106002566e-01	-2.5106002566e-01	-2.5106002566e-01	-2.5106002566e-01	-2.9671826589e-01	-2.9671826589e-01	-2.9671826589e-01	-3.2629427607e-01	-3.3673661641e-01	-3.3673661641e-01	-3.3673661641e-01	-3.5998412318e-01	-3.7058105221e-01	-3.7058105221e-01	-3.7058105221e-01	-3.8875680548e-01	-3.9795996261e-01	-3.9795996261e-01	-3.9795996261e-01	-4.1257077276e-01	-4.2695393127e-01	-4.2695393127e-01	-4.2695393127e-01	-4.5080958966e-01	-4.5080958966e-01	-4.5834701385e-01	-4.5834701385e-01	-4.5834701385e-01	-4.7722460937e-01	-4.7722460937e-01	-4.7722460937e-01	-4.8598322038e-01	-4.9466134505e-01	-4.9466134505e-01	-4.9466134505e-01	-5.0175934348e-01	-5.0918217542e-01	-5.0918217542e-01	-5.0918217542e-01	-5.2334947738e-01	-5.3512085899e-01	-5.3512085899e-01	-5.3512085899e-01	-5.3512085899e-01	-5.4180004611e-01	-5.4781689086e-01	-5.4781689086e-01	-5.4781689086e-01	-5.6013229089e-01	-5.6682458169e-01	-5.6682458169e-01	-5.6682458169e-01	-5.7894472262e-01	-5.7894472262e-01	-5.7894472262e-01	-5.8523604648e-01	-5.8523604648e-01	-5.9461245449e-01	-5.9461245449e-01	-6.0695794285e-01	-6.0695794285e-01	-6.1090694240e-01	-6.1090694240e-01	-6.1090694240e-01	-6.1690468630e-01	-6.2130488943e-01	-6.2130488943e-01	-6.3165986844e-01	-6.3165986844e-01	-6.3654431446e-01	-6.3654431446e-01	-6.3654431446e-01	-6.4415968795e-01	-6.4415968795e-01	-6.4483133633e-01	-6.5382013322e-01	-6.5382013322e-01	-6.5359408544e-01	-6.5359408544e-01	-6.5359408544e-01	-6.6207057584e-01	
357	0.0	-4.5898744154e-03	-4.5898744154e-03	-3.1779435017e-02	-6.3712756302e-02	-6.3712756302e-02	-6.3712756302e-02	-6.3712756302e-02	-1.0568808462e-01	-1.0568808462e-01	-1.0568808462e-01	-1.0568808462e-01	-1.5315560615e-01	-1.5315560615e-01	-1.5315560615e-01	-1.9142335024e-01	-2.0241359505e-01	-2.0241359505e-01	-2.0241359505e-01	-2.4055194909e-01	-2.5106025336e-01	-2.5106025336e-01	-2.5106025336e-01	-2.5106025336e-01	-2.9671857276e-01	-2.9671857276e-01	-2.9671857276e-01	-3.2629467648e-01	-3.3673701983e-01	-3.3673701983e-01	-3.3673701983e-01	-3.5998462174e-01	-3.7058155434e-01	-3.7058155434e-01	-3.7058155434e-01	-3.8875739650e-01	-3.9796055703e-01	-3.9796055703e-01	-3.9796055703e-01	-4.1257144467e-01	-4.2695460967e-01	-4.2695460967e-01	-4.2695460967e-01	-4.5081039977e-01	-4.5081039977e-01	-4.5834782778e-01	-4.5834782778e-01	-4.5834782778e-01	-4.7722547782e-01	-4.7722547782e-01	-4.7722547782e-01	-4.8598412135e-01	-4.9466225289e-01	-4.9466225289e-01	-4.9466225289e-01	-5.0176027350e-01	-5.0918311244e-01	-5.0918311244e-01	-5.0918311244e-01	-5.2335045468e-01	-5.3512184677e-01	-5.3512184677e-01	-5.3512184677e-01	-5.3512184677e-01	-5.4180104481e-01	-5.4781789377e-01	-5.4781789377e-01	-5.4781789377e-01	-5.6013330706e-01	-5.6682560277e-01	-5.6682560277e-01	-5.6682560277e-01	-5.7894575638e-01	-5.7894575638e-01	-5.7894575638e-01	-5.8523708860e-01	-5.8523708860e-01	-5.9461350661e-01	-5.9461350661e-01	-6.0695901451e-01	-6.0695901451e-01	-6.1090801894e-01	-6.1090801894e-01	-6.1090801894e-01	-6.1690577261e-01	-6.2130598168e-01	-6.2130598168e-01	-6.3166097546e-01	-6.3166097546e-01	-6.3654543040e-01	-6.3654543040e-01	-6.3654543040e-01	-6.4416081497e-01	-6.4416081497e-01	-6.4483246913e-01	-6.5382127334e-01	-6.5382127334e-01	-6.5359523282e-01	-6.5359523282e-01	-6.5359523282e-01	-6.6207173065e-01	
358	0.0	-4.5898869946e-03	-4.5898869946e-03	-3.1779444408e-02	-6.3712807563e-02	-6.3712807563e-02	-6.3712807563e-02	-6.3712807563e-02	-1.0568817655e-01	-1.0568817655e-01	-1.0568817655e-01	-1.0568817655e-01	-1.5315574658e-01	-1.5315574658e-01	-1.5315574658e-01	-1.9142354068e-01	-2.0241379041e-01	-2.0241379041e-01	-2.0241379041e-01	-2.4055220428e-01	-2.5106051299e-01	-2.5106051299e-01	-2.5106051299e-01	-2.5106051299e-01	-2.9671891397e-01	-2.9671891397e-01	-2.9671891397e-01	-3.2629511045e-01	-3.3673745758e-01	-3.3673745758e-01	-3.3673745758e-01	-3.5998515268e-01	-3.7058208946e-01	-3.7058208946e-01	-3.7058208946e-01	-3.8875801820e-01	-3.9796118255e-01	-3.9796118255e-01	-3.9796118255e-01	-4.1257214563e-01	-4.2695531763e-01	-4.2695531763e-01	-4.2695531763e-01	-4.5081123557e-01	-4.5081123557e-01	-4.5834866747e-01	-4.5834866747e-01	-4.5834866747e-01	-4.7722637078e-01	-4.7722637078e-01	-4.7722637078e-01	-4.8598504633e-01	-4.9466318467e-01	-4.9466318467e-01	-4.9466318467e-01	-5.0176122737e-01	-5.0918407316e-01	-5.0918407316e-01	-5.0918407316e-01	-5.2335145564e-01	-5.3512285794e-01	-5.3512285794e-01	-5.3512285794e-01	-5.3512285794e-01	-5.4180206730e-01	-5.4781892038e-01	-5.4781892038e-01	-5.4781892038e-01	-5.6013434818e-01	-5.6682664869e-01	-5.6682664869e-01	-5.6682664869e-01	-5.7894681550e-01	-5.7894681550e-01	-5.7894681550e-01	-5.8523815691e-01	-5.8523815691e-01	-5.9461458437e-01	-5.9461458437e-01	-6.0696011379e-01	-6.0696011379e-01	-6.1090912276e-01	-6.1090912276e-01	-6.1090912276e-01	-6.1690688721e-01	-6.2130710172e-01	-6.2130710172e-01	-6.3166211190e-01	-6.3166211190e-01	-6.3654657479e-01	-6.3654657479e-01	-6.3654657479e-01	-6.4416197173e-01	-6.4416197173e-01	-6.4483363092e-01	-6.5382244415e-01	-6.5382244415e-01	-6.5359640982e-01	-6.5359640982e-01	-6.5359640982e-01	-6.6207291584e-01	
359	0.0	-4.5899022373e-03	-4.5899022373e-03	-3.1779455941e-02	-6.3712865866e-02	-6.3712865866e-02	-6.3712865866e-02	-6.3712865866e-02	-1.0568828121e-01	-1.0568828121e-01	-1.0568828121e-01	-1.0568828121e-01	-1.5315590576e-01	-1.5315590576e-01	-1.5315590576e-01	-1.9142375437e-01	-2.0241401004e-01	-2.0241401004e-01	-2.0241401004e-01	-2.4055248704e-01	-2.5106080104e-01	-2.5106080104e-01	-2.5106080104e-01	-2.5106080104e-01	-2.9671928538e-01	-2.9671928538e-01	-2.9671928538e-01	-3.2629557336e-01	-3.3673792493e-01	-3.3673792493e-01	-3.3673792493e-01	-3.5998571087e-01	-3.7058265236e-01	-3.7058265236e-01	-3.7058265236e-01	-3.8875866501e-01	-3.9796183357e-01	-3.9796183357e-01	-3.9796183357e-01	-4.1257286973e-01	-4.2695604916e-01	-4.2695604916e-01	-4.2695604916e-01	-4.5081209052e-01	-4.5081209052e-01	-4.5834952637e-01	-4.5834952637e-01	-4.5834952637e-01	-4.7722728149e-01	-4.7722728149e-01	-4.7722728149e-01	-4.8598598838e-01	-4.9466413342e-01	-4.9466413342e-01	-4.9466413342e-01	-5.0176219797e-01	-5.0918505045e-01	-5.0918505045e-01	-5.0918505045e-01	-5.2335247290e-01	-5.3512388508e-01	-5.3512388508e-01	-5.3512388508e-01	-5.3512388508e-01	-5.4180310607e-01	-5.4781996318e-01	-5.4781996318e-01	-5.4781996318e-01	-5.6013540657e-01	-5.6682771172e-01	-5.6682771172e-01	-5.6682771172e-01	-5.7894789217e-01	-5.7894789217e-01	-5.7894789217e-01	-5.8523924347e-01	-5.8523924347e-01	-5.9461567982e-01	-5.9461567982e-01	-6.0696123248e-01	-6.0696123248e-01	-6.1091024564e-01	-6.1091024564e-01	-6.1091024564e-01	-6.1690802177e-01	-6.2130824119e-01	-6.2130824119e-01	-6.3166326922e-01	-6.3166326922e-01	-6.3654773907e-01	-6.3654773907e-01	-6.3654773907e-01	-6.4416314954e-01	-6.4416314954e-01	-6.4483481301e-01	-6.5382363681e-01	-6.5382363681e-01	-6.5359760764e-01	-6.5359760764e-01	-6.5359760764e-01	-6.6207412248e-01	
360	0.0	-4.5899198869e-03	-4.5899198869e-03	-3.1779469422e-02	-6.3712930437e-02	-6.3712930437e-02	-6.3712930437e-02	-6.3712930437e-02	-1.0568839718e-01	-1.0568839718e-01	-1.0568839718e-01	-1.0568839718e-01	-1.5315608160e-01	-1.5315608160e-01	-1.5315608160e-01	-1.9142398862e-01	-2.0241425115e-01	-2.0241425115e-01	-2.0241425115e-01	-2.4055279400e-01	-2.5106111407e-01	-2.5106111407e-01	-2.5106111407e-01	-2.5106111407e-01	-2.9671968295e-01	-2.9671968295e-01	-2.9671968295e-01	-3.2629606072e-01	-3.3673841734e-01	-3.3673841734e-01	-3.3673841734e-01	-3.5998629136e-01	-3.7058323806e-01	-3.7058323806e-01	-3.7058323806e-01	-3.8875933160e-01	-3.9796250471e-01	-3.9796250471e-01	-3.9796250471e-01	-4.1257361129e-01	-4.2695679853e-01	-4.2695679853e-01	-4.2695679853e-01	-4.5081295846e-01	-4.5081295846e-01	-4.5835039830e-01	-4.5835039830e-01	-4.5835039830e-01	-4.7722820353e-01	-4.7722820353e-01	-4.7722820353e-01	-4.8598694093e-01	-4.9466509255e-01	-4.9466509255e-01	-4.9466509255e-01	-5.0176317860e-01	-5.0918603758e-01	-5.0918603758e-01	-5.0918603758e-01	-5.2335349949e-01	-5.3512492119e-01	-5.3512492119e-01	-5.3512492119e-01	-5.3512492119e-01	-5.4180415403e-01	-5.4782101506e-01	-5.4782101506e-01	-5.4782101506e-01	-5.6013647493e-01	-5.6682878458e-01	-5.6682878458e-01	-5.6682878458e-01	-5.7894897898e-01	-5.7894897898e-01	-5.7894897898e-01	-5.8524034077e-01	-5.8524034077e-01	-5.9461678542e-01	-5.9461678542e-01	-6.0696236278e-01	-6.0696236278e-01	-6.1091137979e-01	-6.1091137979e-01	-6.1091137979e-01	-6.1690916835e-01	-6.2130939218e-01	-6.2130939218e-01	-6.3166443930e-01	-6.3166443930e-01	-6.3654891516e-01	-6.3654891516e-01	-6.3654891516e-01	-6.4416434013e-01	-6.4416434013e-01	-6.4483600718e-01	-6.5382484293e-01	-6.5382484293e-01	-6.5359881789e-01	-6.5359881789e-01	-6.5359881789e-01	-6.6207534211e-01	
361	0.0	-4.5899396928e-03	-4.5899396928e-03	-3.1779484653e-02	-6.3713000516e-02	-6.3713000516e-02	-6.3713000516e-02	-6.3713000516e-02	-1.0568852311e-01	-1.0568852311e-01	-1.0568852311e-01	-1.0568852311e-01	-1.5315627205e-01	-1.5315627205e-01	-1.5315627205e-01	-1.9142424079e-01	-2.0241451101e-01	-2.0241451101e-01	-2.0241451101e-01	-2.4055312188e-01	-2.5106144870e-01	-2.5106144870e-01	-2.5106144870e-01	-2.5106144870e-01	-2.9672010276e-01	-2.9672010276e-01	-2.9672010276e-01	-3.2629656817e-01	-3.3673893038e-01	-3.3673893038e-01	-3.3673893038e-01	-3.5998688939e-01	-3.7058384172e-01	-3.7058384172e-01	-3.7058384172e-01	-3.8876001288e-01	-3.9796319082e-01	-3.9796319082e-01	-3.9796319082e-01	-4.1257436494e-01	-4.2695756029e-01	-4.2695756029e-01	-4.2695756029e-01	-4.5081383354e-01	-4.5081383354e-01	-4.5835127738e-01	-4.5835127738e-01	-4.5835127738e-01	-4.7722913084e-01	-4.7722913084e-01	-4.7722913084e-01	-4.8598789782e-01	-4.9466605584e-01	-4.9466605584e-01	-4.9466605584e-01	-5.0176416294e-01	-5.0918702819e-01	-5.0918702819e-01	-5.0918702819e-01	-5.2335452886e-01	-5.3512595970e-01	-5.3512595970e-01	-5.3512595970e-01	-5.3512595970e-01	-5.4180520452e-01	-5.4782206933e-01	-5.4782206933e-01	-5.4782206933e-01	-5.6013754645e-01	-5.6682986041e-01	-5.6682986041e-01	-5.6682986041e-01	-5.7895006897e-01	-5.7895006897e-01	-5.7895006897e-01	-5.8524144176e-01	-5.8524144176e-01	-5.9461789412e-01	-5.9461789412e-01	-6.0696349740e-01	-6.0696349740e-01	-6.1091251790e-01	-6.1091251790e-01	-6.1091251790e-01	-6.1691031953e-01	-6.2131054727e-01	-6.2131054727e-01	-6.3166561451e-01	-6.3166561451e-01	-6.3655009546e-01	-6.3655009546e-01	-6.3655009546e-01	-6.4416553577e-01	-6.4416553577e-01	-6.4483720569e-01	-6.5382605462e-01	-6.5382605462e-01	-6.5360003274e-01	-6.5360003274e-01	-6.5360003274e-01	-6.6207656680e-01	
362	0.0	-4.5899614038e-03	-4.5899614038e-03	-3.1779501446e-02	-6.3713075362e-02	-6.3713075362e-02	-6.3713075362e-02	-6.3713075362e-02	-1.0568865765e-01	-1.0568865765e-01	-1.0568865765e-01	-1.0568865765e-01	-1.5315647511e-01	-1.5315647511e-01	-1.5315647511e-01	-1.9142450833e-01	-2.0241478697e-01	-2.0241478697e-01	-2.0241478697e-01	-2.4055346750e-01	-2.5106180168e-01	-2.5106180168e-01	-2.5106180168e-01	-2.5106180168e-01	-2.9672054099e-01	-2.9672054099e-01	-2.9672054099e-01	-3.2629709153e-01	-3.3673945981e-01	-3.3673945981e-01	-3.3673945981e-01	-3.5998750043e-01	-3.7058445877e-01	-3.7058445877e-01	-3.7058445877e-01	-3.8876070399e-01	-3.9796388702e-01	-3.9796388702e-01	-3.9796388702e-01	-4.1257512555e-01	-4.2695832926e-01	-4.2695832926e-01	-4.2695832926e-01	-4.5081471025e-01	-4.5081471025e-01	-4.5835215807e-01	-4.5835215807e-01	-4.5835215807e-01	-4.7723005773e-01	-4.7723005773e-01	-4.7723005773e-01	-4.8598885320e-01	-4.9466701747e-01	-4.9466701747e-01	-4.9466701747e-01	-5.0176514504e-01	-5.0918801633e-01	-5.0918801633e-01	-5.0918801633e-01	-5.2335555485e-01	-5.3512699442e-01	-5.3512699442e-01	-5.3512699442e-01	-5.3512699442e-01	-5.4180625127e-01	-5.4782311972e-01	-5.4782311972e-01	-5.4782311972e-01	-5.6013861470e-01	-5.6683093279e-01	-5.6683093279e-01	-5.6683093279e-01	-5.7895115563e-01	-5.7895115563e-01	-5.7895115563e-01	-5.8524253981e-01	-5.8524253981e-01	-5.9461899927e-01	-5.9461899927e-01	-6.0696462945e-01	-6.0696462945e-01	-6.1091365311e-01	-6.1091365311e-01	-6.1091365311e-01	-6.1691146831e-01	-6.2131169946e-01	-6.2131169946e-01	-6.3166678768e-01	-6.3166678768e-01	-6.3655127282e-01	-6.3655127282e-01	-6.3655127282e-01	-6.4416672914e-01	-6.4416672914e-01	-6.4483840127e-01	-6.5382726444e-01	-6.5382726444e-01	-6.5360124480e-01	-6.5360124480e-01	-6.5360124480e-01	-6.6207778907e-01	
363	0.0	-4.5899847639e-03	-4.5899847639e-03	-3.1779519625e-02	-6.3713154241e-02	-6.3713154241e-02	-6.3713154241e-02	-6.3713154241e-02	-1.0568879948e-01	-1.0568879948e-01	-1.0568879948e-01	-1.0568879948e-01	-1.5315668881e-01	-1.5315668881e-01	-1.5315668881e-01	-1.9142478867e-01	-2.0241507639e-01	-2.0241507639e-01	-2.0241507639e-01	-2.4055382769e-01	-2.5106216976e-01	-2.5106216976e-01	-2.5106216976e-01	-2.5106216976e-01	-2.9672099390e-01	-2.9672099390e-01	-2.9672099390e-01	-3.2629762669e-01	-3.3674000148e-01	-3.3674000148e-01	-3.3674000148e-01	-3.5998812000e-01	-3.7058508467e-01	-3.7058508467e-01	-3.7058508467e-01	-3.8876140018e-01	-3.9796458850e-01	-3.9796458850e-01	-3.9796458850e-01	-4.1257588813e-01	-4.2695910040e-01	-4.2695910040e-01	-4.2695910040e-01	-4.5081558319e-01	-4.5081558319e-01	-4.5835303498e-01	-4.5835303498e-01	-4.5835303498e-01	-4.7723097863e-01	-4.7723097863e-01	-4.7723097863e-01	-4.8598980140e-01	-4.9466797171e-01	-4.9466797171e-01	-4.9466797171e-01	-5.0176611909e-01	-5.0918899617e-01	-5.0918899617e-01	-5.0918899617e-01	-5.2335657141e-01	-5.3512801930e-01	-5.3512801930e-01	-5.3512801930e-01	-5.3512801930e-01	-5.4180728811e-01	-5.4782416008e-01	-5.4782416008e-01	-5.4782416008e-01	-5.6013967328e-01	-5.6683199532e-01	-5.6683199532e-01	-5.6683199532e-01	-5.7895223244e-01	-5.7895223244e-01	-5.7895223244e-01	-5.8524362829e-01	-5.8524362829e-01	-5.9462009428e-01	-5.9462009428e-01	-6.0696575204e-01	-6.0696575204e-01	-6.1091477853e-01	-6.1091477853e-01	-6.1091477853e-01	-6.1691260767e-01	-6.2131284179e-01	-6.2131284179e-01	-6.3166795158e-01	-6.3166795158e-01	-6.3655244008e-01	-6.3655244008e-01	-6.3655244008e-01	-6.4416791291e-01	-6.4416791291e-01	-6.4483958664e-01	-6.5382846491e-01	-6.5382846491e-01	-6.5360244666e-01	-6.5360244666e-01	-6.5360244666e-01	-6.6207900138e-01	
364	0.0	-4.5900095438e-03	-4.5900095438e-03	-3.1779538995e-02	-6.3713236455e-02	-6.3713236455e-02	-6.3713236455e-02	-6.3713236455e-02	-1.0568894734e-01	-1.0568894734e-01	-1.0568894734e-01	-1.0568894734e-01	-1.5315691126e-01	-1.5315691126e-01	-1.5315691126e-01	-1.9142507943e-01	-2.0241537680e-01	-2.0241537680e-01	-2.0241537680e-01	-2.4055419949e-01	-2.5106254993e-01	-2.5106254993e-01	-2.5106254993e-01	-2.5106254993e-01	-2.9672145800e-01	-2.9672145800e-01	-2.9672145800e-01	-3.2629816986e-01	-3.3674055152e-01	-3.3674055152e-01	-3.3674055152e-01	-3.5998874404e-01	-3.7058571531e-01	-3.7058571531e-01	-3.7058571531e-01	-3.8876209717e-01	-3.9796529096e-01	-3.9796529096e-01	-3.9796529096e-01	-4.1257664821e-01	-4.2695986917e-01	-4.2695986917e-01	-4.2695986917e-01	-4.5081644764e-01	-4.5081644764e-01	-4.5835390336e-01	-4.5835390336e-01	-4.5835390336e-01	-4.7723188869e-01	-4.7723188869e-01	-4.7723188869e-01	-4.8599073748e-01	-4.9466891361e-01	-4.9466891361e-01	-4.9466891361e-01	-5.0176708006e-01	-5.0918996266e-01	-5.0918996266e-01	-5.0918996266e-01	-5.2335757337e-01	-5.3512902914e-01	-5.3512902914e-01	-5.3512902914e-01	-5.3512902914e-01	-5.4180830980e-01	-5.4782518513e-01	-5.4782518513e-01	-5.4782518513e-01	-5.6014071684e-01	-5.6683304264e-01	-5.6683304264e-01	-5.6683304264e-01	-5.7895329398e-01	-5.7895329398e-01	-5.7895329398e-01	-5.8524470168e-01	-5.8524470168e-01	-5.9462117362e-01	-5.9462117362e-01	-6.0696685946e-01	-6.0696685946e-01	-6.1091588847e-01	-6.1091588847e-01	-6.1091588847e-01	-6.1691373180e-01	-6.2131396843e-01	-6.2131396843e-01	-6.3166910027e-01	-6.3166910027e-01	-6.3655359132e-01	-6.3655359132e-01	-6.3655359132e-01	-6.4416908106e-01	-6.4416908106e-01	-6.4484075579e-01	-6.5382964989e-01	-6.5382964989e-01	-6.5360363221e-01	-6.5360363221e-01	-6.5360363221e-01	-6.6208019757e-01	
365	0.0	-4.5900355189e-03	-4.5900355189e-03	-3.1779559367e-02	-6.3713321330e-02	-6.3713321330e-02	-6.3713321330e-02	-6.3713321330e-02	-1.0568910001e-01	-1.0568910001e-01	-1.0568910001e-01	-1.0568910001e-01	-1.5315714065e-01	-1.5315714065e-01	-1.5315714065e-01	-1.9142537832e-01	-2.0241568580e-01	-2.0241568580e-01	-2.0241568580e-01	-2.4055458008e-01	-2.5106293925e-01	-2.5106293925e-01	-2.5106293925e-01	-2.5106293925e-01	-2.9672192995e-01	-2.9672192995e-01	-2.9672192995e-01	-3.2629871745e-01	-3.3674110627e-01	-3.3674110627e-01	-3.3674110627e-01	-3.5998936870e-01	-3.7058634679e-01	-3.7058634679e-01	-3.7058634679e-01	-3.8876279092e-01	-3.9796599029e-01	-3.9796599029e-01	-3.9796599029e-01	-4.1257740160e-01	-4.2696063131e-01	-4.2696063131e-01	-4.2696063131e-01	-4.5081729919e-01	-4.5081729919e-01	-4.5835475876e-01	-4.5835475876e-01	-4.5835475876e-01	-4.7723278337e-01	-4.7723278337e-01	-4.7723278337e-01	-4.8599165683e-01	-4.9466983855e-01	-4.9466983855e-01	-4.9466983855e-01	-5.0176802327e-01	-5.0919091110e-01	-5.0919091110e-01	-5.0919091110e-01	-5.2335855591e-01	-5.3513001911e-01	-5.3513001911e-01	-5.3513001911e-01	-5.3513001911e-01	-5.4180931146e-01	-5.4782618998e-01	-5.4782618998e-01	-5.4782618998e-01	-5.6014174037e-01	-5.6683406972e-01	-5.6683406972e-01	-5.6683406972e-01	-5.7895433512e-01	-5.7895433512e-01	-5.7895433512e-01	-5.8524575480e-01	-5.8524575480e-01	-5.9462223211e-01	-5.9462223211e-01	-6.0696794634e-01	-6.0696794634e-01	-6.1091697755e-01	-6.1091697755e-01	-6.1091697755e-01	-6.1691483526e-01	-6.2131507395e-01	-6.2131507395e-01	-6.3167022814e-01	-6.3167022814e-01	-6.3655472097e-01	-6.3655472097e-01	-6.3655472097e-01	-6.4417022787e-01	-6.4417022787e-01	-6.4484190304e-01	-6.5383081358e-01	-6.5383081358e-01	-6.5360479570e-01	-6.5360479570e-01	-6.5360479570e-01	-6.6208137183e-01	
366	0.0	-4.5900624631e-03	-4.5900624631e-03	-3.1779580573e-02	-6.3713408221e-02	-6.3713408221e-02	-6.3713408221e-02	-6.3713408221e-02	-1.0568925634e-01	-1.0568925634e-01	-1.0568925634e-01	-1.0568925634e-01	-1.5315737527e-01	-1.5315737527e-01	-1.5315737527e-01	-1.9142568313e-01	-2.0241600110e-01	-2.0241600110e-01	-2.0241600110e-01	-2.4055496673e-01	-2.5106333495e-01	-2.5106333495e-01	-2.5106333495e-01	-2.5106333495e-01	-2.9672240656e-01	-2.9672240656e-01	-2.9672240656e-01	-3.2629926605e-01	-3.3674166227e-01	-3.3674166227e-01	-3.3674166227e-01	-3.5998999039e-01	-3.7058697546e-01	-3.7058697546e-01	-3.7058697546e-01	-3.8876347766e-01	-3.9796668271e-01	-3.9796668271e-01	-3.9796668271e-01	-4.1257814440e-01	-4.2696138291e-01	-4.2696138291e-01	-4.2696138291e-01	-4.5081813376e-01	-4.5081813376e-01	-4.5835559711e-01	-4.5835559711e-01	-4.5835559711e-01	-4.7723365852e-01	-4.7723365852e-01	-4.7723365852e-01	-4.8599255526e-01	-4.9467074231e-01	-4.9467074231e-01	-4.9467074231e-01	-5.0176894445e-01	-5.0919183722e-01	-5.0919183722e-01	-5.0919183722e-01	-5.2335951465e-01	-5.3513098481e-01	-5.3513098481e-01	-5.3513098481e-01	-5.3513098481e-01	-5.4181028861e-01	-5.4782717016e-01	-5.4782717016e-01	-5.4782717016e-01	-5.6014273927e-01	-5.6683507196e-01	-5.6683507196e-01	-5.6683507196e-01	-5.7895535121e-01	-5.7895535121e-01	-5.7895535121e-01	-5.8524678292e-01	-5.8524678292e-01	-5.9462326501e-01	-5.9462326501e-01	-6.0696900777e-01	-6.0696900777e-01	-6.1091804086e-01	-6.1091804086e-01	-6.1091804086e-01	-6.1691591302e-01	-6.2131615336e-01	-6.2131615336e-01	-6.3167133007e-01	-6.3167133007e-01	-6.3655582394e-01	-6.3655582394e-01	-6.3655582394e-01	-6.4417134816e-01	-6.4417134816e-01	-6.4484302323e-01	-6.5383195067e-01	-6.5383195067e-01	-6.5360593187e-01	-6.5360593187e-01	-6.5360593187e-01	-6.6208251881e-01	
367	0.0	-4.5900901643e-03	-4.5900901643e-03	-3.1779602444e-02	-6.3713496512e-02	-6.3713496512e-02	-6.3713496512e-02	-6.3713496512e-02	-1.0568941520e-01	-1.0568941520e-01	-1.0568941520e-01	-1.0568941520e-01	-1.5315761344e-01	-1.5315761344e-01	-1.5315761344e-01	-1.9142599175e-01	-2.0241632052e-01	-2.0241632052e-01	-2.0241632052e-01	-2.4055535687e-01	-2.5106373439e-01	-2.5106373439e-01	-2.5106373439e-01	-2.5106373439e-01	-2.9672288485e-01	-2.9672288485e-01	-2.9672288485e-01	-3.2629981248e-01	-3.3674221630e-01	-3.3674221630e-01	-3.3674221630e-01	-3.5999060573e-01	-3.7058759790e-01	-3.7058759790e-01	-3.7058759790e-01	-3.8876415393e-01	-3.9796736470e-01	-3.9796736470e-01	-3.9796736470e-01	-4.1257887305e-01	-4.2696212032e-01	-4.2696212032e-01	-4.2696212032e-01	-4.5081894766e-01	-4.5081894766e-01	-4.5835641470e-01	-4.5835641470e-01	-4.5835641470e-01	-4.7723451037e-01	-4.7723451037e-01	-4.7723451037e-01	-4.8599342894e-01	-4.9467162106e-01	-4.9467162106e-01	-4.9467162106e-01	-5.0176983972e-01	-5.0919273713e-01	-5.0919273713e-01	-5.0919273713e-01	-5.2336044561e-01	-5.3513192224e-01	-5.3513192224e-01	-5.3513192224e-01	-5.3513192224e-01	-5.4181123722e-01	-5.4782812163e-01	-5.4782812163e-01	-5.4782812163e-01	-5.6014370940e-01	-5.6683604522e-01	-5.6683604522e-01	-5.6683604522e-01	-5.7895633804e-01	-5.7895633804e-01	-5.7895633804e-01	-5.8524778174e-01	-5.8524778174e-01	-5.9462426807e-01	-5.9462426807e-01	-6.0697003929e-01	-6.0697003929e-01	-6.1091907397e-01	-6.1091907397e-01	-6.1091907397e-01	-6.1691696057e-01	-6.2131720214e-01	-6.2131720214e-01	-6.3167240138e-01	-6.3167240138e-01	-6.3655689562e-01	-6.3655689562e-01	-6.3655689562e-01	-6.4417243718e-01	-6.4417243718e-01	-6.4484411167e-01	-6.5383305635e-01	-6.5383305635e-01	-6.5360703595e-01	-6.5360703595e-01	-6.5360703595e-01	-6.6208363369e-01	
368	0.0	-4.5901184194e-03	-4.5901184194e-03	-3.1779624818e-02	-6.3713585620e-02	-6.3713585620e-02	-6.3713585620e-02	-6.3713585620e-02	-1.0568957555e-01	-1.0568957555e-01	-1.0568957555e-01	-1.0568957555e-01	-1.5315785362e-01	-1.5315785362e-01	-1.5315785362e-01	-1.9142630222e-01	-2.0241664202e-01	-2.0241664202e-01	-2.0241664202e-01	-2.4055574808e-01	-2.5106413508e-01	-2.5106413508e-01	-2.5106413508e-01	-2.5106413508e-01	-2.9672336200e-01	-2.9672336200e-01	-2.9672336200e-01	-3.2630035377e-01	-3.3674276532e-01	-3.3674276532e-01	-3.3674276532e-01	-3.5999121164e-01	-3.7058821098e-01	-3.7058821098e-01	-3.7058821098e-01	-3.8876481652e-01	-3.9796803305e-01	-3.9796803305e-01	-3.9796803305e-01	-4.1257958429e-01	-4.2696284026e-01	-4.2696284026e-01	-4.2696284026e-01	-4.5081973756e-01	-4.5081973756e-01	-4.5835720818e-01	-4.5835720818e-01	-4.5835720818e-01	-4.7723533555e-01	-4.7723533555e-01	-4.7723533555e-01	-4.8599427446e-01	-4.9467247137e-01	-4.9467247137e-01	-4.9467247137e-01	-5.0177070561e-01	-5.0919360736e-01	-5.0919360736e-01	-5.0919360736e-01	-5.2336134522e-01	-5.3513282786e-01	-5.3513282786e-01	-5.3513282786e-01	-5.3513282786e-01	-5.4181215370e-01	-5.4782904079e-01	-5.4782904079e-01	-5.4782904079e-01	-5.6014464705e-01	-5.6683698579e-01	-5.6683698579e-01	-5.6683698579e-01	-5.7895729184e-01	-5.7895729184e-01	-5.7895729184e-01	-5.8524874743e-01	-5.8524874743e-01	-5.9462523745e-01	-5.9462523745e-01	-6.0697103693e-01	-6.0697103693e-01	-6.1092007291e-01	-6.1092007291e-01	-6.1092007291e-01	-6.1691797384e-01	-6.2131821628e-01	-6.2131821628e-01	-6.3167343793e-01	-6.3167343793e-01	-6.3655793188e-01	-6.3655793188e-01	-6.3655793188e-01	-6.4417349072e-01	-6.4417349072e-01	-6.4484516417e-01	-6.5383412630e-01	-6.5383412630e-01	-6.5360810369e-01	-6.5360810369e-01	-6.5360810369e-01	-6.6208471215e-01	
369	0.0	-4.5901470338e-03	-4.5901470338e-03	-3.1779647540e-02	-6.3713674992e-02	-6.3713674992e-02	-6.3713674992e-02	-6.3713674992e-02	-1.0568973639e-01	-1.0568973639e-01	-1.0568973639e-01	-1.0568973639e-01	-1.5315809431e-01	-1.5315809431e-01	-1.5315809431e-01	-1.9142661266e-01	-2.0241696364e-01	-2.0241696364e-01	-2.0241696364e-01	-2.4055613809e-01	-2.5106453468e-01	-2.5106453468e-01	-2.5106453468e-01	-2.5106453468e-01	-2.9672383538e-01	-2.9672383538e-01	-2.9672383538e-01	-3.2630088717e-01	-3.3674330653e-01	-3.3674330653e-01	-3.3674330653e-01	-3.5999180526e-01	-3.7058881180e-01	-3.7058881180e-01	-3.7058881180e-01	-3.8876546253e-01	-3.9796868479e-01	-3.9796868479e-01	-3.9796868479e-01	-4.1258027515e-01	-4.2696353971e-01	-4.2696353971e-01	-4.2696353971e-01	-4.5082050043e-01	-4.5082050043e-01	-4.5835797452e-01	-4.5835797452e-01	-4.5835797452e-01	-4.7723613100e-01	-4.7723613100e-01	-4.7723613100e-01	-4.8599508876e-01	-4.9467329018e-01	-4.9467329018e-01	-4.9467329018e-01	-5.0177153903e-01	-5.0919444480e-01	-5.0919444480e-01	-5.0919444480e-01	-5.2336221033e-01	-5.3513369851e-01	-5.3513369851e-01	-5.3513369851e-01	-5.3513369851e-01	-5.4181303483e-01	-5.4782992443e-01	-5.4782992443e-01	-5.4782992443e-01	-5.6014554892e-01	-5.6683789035e-01	-5.6683789035e-01	-5.6683789035e-01	-5.7895820926e-01	-5.7895820926e-01	-5.7895820926e-01	-5.8524967658e-01	-5.8524967658e-01	-5.9462616976e-01	-5.9462616976e-01	-6.0697199712e-01	-6.0697199712e-01	-6.1092103413e-01	-6.1092103413e-01	-6.1092103413e-01	-6.1691894922e-01	-6.2131919216e-01	-6.2131919216e-01	-6.3167443598e-01	-6.3167443598e-01	-6.3655892907e-01	-6.3655892907e-01	-6.3655892907e-01	-6.4417450502e-01	-6.4417450502e-01	-6.4484617701e-01	-6.5383515668e-01	-6.5383515668e-01	-6.5360913130e-01	-6.5360913130e-01	-6.5360913130e-01	-6.6208575035e-01	
370	0.0	-4.5901758243e-03	-4.5901758243e-03	-3.1779670464e-02	-6.3713764109e-02	-6.3713764109e-02	-6.3713764109e-02	-6.3713764109e-02	-1.0568989679e-01	-1.0568989679e-01	-1.0568989679e-01	-1.0568989679e-01	-1.5315833414e-01	-1.5315833414e-01	-1.5315833414e-01	-1.9142692132e-01	-2.0241728356e-01	-2.0241728356e-01	-2.0241728356e-01	-2.4055652475e-01	-2.5106493099e-01	-2.5106493099e-01	-2.5106493099e-01	-2.5106493099e-01	-2.9672430254e-01	-2.9672430254e-01	-2.9672430254e-01	-3.2630141014e-01	-3.3674383736e-01	-3.3674383736e-01	-3.3674383736e-01	-3.5999238397e-01	-3.7058939770e-01	-3.7058939770e-01	-3.7058939770e-01	-3.8876608931e-01	-3.9796931727e-01	-3.9796931727e-01	-3.9796931727e-01	-4.1258094297e-01	-4.2696421598e-01	-4.2696421598e-01	-4.2696421598e-01	-4.5082123365e-01	-4.5082123365e-01	-4.5835871108e-01	-4.5835871108e-01	-4.5835871108e-01	-4.7723689408e-01	-4.7723689408e-01	-4.7723689408e-01	-4.8599586915e-01	-4.9467407480e-01	-4.9467407480e-01	-4.9467407480e-01	-5.0177233726e-01	-5.0919524675e-01	-5.0919524675e-01	-5.0919524675e-01	-5.2336303817e-01	-5.3513453141e-01	-5.3513453141e-01	-5.3513453141e-01	-5.3513453141e-01	-5.4181387782e-01	-5.4783076975e-01	-5.4783076975e-01	-5.4783076975e-01	-5.6014641211e-01	-5.6683875604e-01	-5.6683875604e-01	-5.6683875604e-01	-5.7895908735e-01	-5.7895908735e-01	-5.7895908735e-01	-5.8525056618e-01	-5.8525056618e-01	-5.9462706203e-01	-5.9462706203e-01	-6.0697291676e-01	-6.0697291676e-01	-6.1092195455e-01	-6.1092195455e-01	-6.1092195455e-01	-6.1691988354e-01	-6.2132012666e-01	-6.2132012666e-01	-6.3167539228e-01	-6.3167539228e-01	-6.3655988396e-01	-6.3655988396e-01	-6.3655988396e-01	-6.4417547675e-01	-6.4417547675e-01	-6.4484714690e-01	-6.5383614410e-01	-6.5383614410e-01	-6.5361011546e-01	-6.5361011546e-01	-6.5361011546e-01	-6.6208674492e-01	
371	0.0	-4.5902046177e-03	-4.5902046177e-03	-3.1779693450e-02	-6.3713852487e-02	-6.3713852487e-02	-6.3713852487e-02	-6.3713852487e-02	-1.0569005587e-01	-1.0569005587e-01	-1.0569005587e-01	-1.0569005587e-01	-1.5315857181e-01	-1.5315857181e-01	-1.5315857181e-01	-1.9142722656e-01	-2.0241760009e-01	-2.0241760009e-01	-2.0241760009e-01	-2.4055690611e-01	-2.5106532200e-01	-2.5106532200e-01	-2.5106532200e-01	-2.5106532200e-01	-2.9672476125e-01	-2.9672476125e-01	-2.9672476125e-01	-3.2630192038e-01	-3.3674435546e-01	-3.3674435546e-01	-3.3674435546e-01	-3.5999294543e-01	-3.7058996631e-01	-3.7058996631e-01	-3.7058996631e-01	-3.8876669451e-01	-3.9796992811e-01	-3.9796992811e-01	-3.9796992811e-01	-4.1258158541e-01	-4.2696486669e-01	-4.2696486669e-01	-4.2696486669e-01	-4.5082193487e-01	-4.5082193487e-01	-4.5835941551e-01	-4.5835941551e-01	-4.5835941551e-01	-4.7723762246e-01	-4.7723762246e-01	-4.7723762246e-01	-4.8599661332e-01	-4.9467482291e-01	-4.9467482291e-01	-4.9467482291e-01	-5.0177309798e-01	-5.0919601088e-01	-5.0919601088e-01	-5.0919601088e-01	-5.2336382638e-01	-5.3513532421e-01	-5.3513532421e-01	-5.3513532421e-01	-5.3513532421e-01	-5.4181468027e-01	-5.4783157435e-01	-5.4783157435e-01	-5.4783157435e-01	-5.6014723415e-01	-5.6683958036e-01	-5.6683958036e-01	-5.6683958036e-01	-5.7895992360e-01	-5.7895992360e-01	-5.7895992360e-01	-5.8525141367e-01	-5.8525141367e-01	-5.9462791170e-01	-5.9462791170e-01	-6.0697379316e-01	-6.0697379316e-01	-6.1092283149e-01	-6.1092283149e-01	-6.1092283149e-01	-6.1692077407e-01	-6.2132101705e-01	-6.2132101705e-01	-6.3167630402e-01	-6.3167630402e-01	-6.3656079379e-01	-6.3656079379e-01	-6.3656079379e-01	-6.4417640309e-01	-6.4417640309e-01	-6.4484807106e-01	-6.5383708567e-01	-6.5383708567e-01	-6.5361105331e-01	-6.5361105331e-01	-6.5361105331e-01	-6.6208769294e-01	
372	0.0	-4.5902332516e-03	-4.5902332516e-03	-3.1779716369e-02	-6.3713939674e-02	-6.3713939674e-02	-6.3713939674e-02	-6.3713939674e-02	-1.0569021282e-01	-1.0569021282e-01	-1.0569021282e-01	-1.0569021282e-01	-1.5315880612e-01	-1.5315880612e-01	-1.5315880612e-01	-1.9142752690e-01	-2.0241791167e-01	-2.0241791167e-01	-2.0241791167e-01	-2.4055728033e-01	-2.5106570583e-01	-2.5106570583e-01	-2.5106570583e-01	-2.5106570583e-01	-2.9672520944e-01	-2.9672520944e-01	-2.9672520944e-01	-3.2630241578e-01	-3.3674485867e-01	-3.3674485867e-01	-3.3674485867e-01	-3.5999348754e-01	-3.7059051548e-01	-3.7059051548e-01	-3.7059051548e-01	-3.8876727604e-01	-3.9797051518e-01	-3.9797051518e-01	-3.9797051518e-01	-4.1258220040e-01	-4.2696548974e-01	-4.2696548974e-01	-4.2696548974e-01	-4.5082260213e-01	-4.5082260213e-01	-4.5836008583e-01	-4.5836008583e-01	-4.5836008583e-01	-4.7723831417e-01	-4.7723831417e-01	-4.7723831417e-01	-4.8599731930e-01	-4.9467553254e-01	-4.9467553254e-01	-4.9467553254e-01	-5.0177381919e-01	-5.0919673520e-01	-5.0919673520e-01	-5.0919673520e-01	-5.2336457293e-01	-5.3513607490e-01	-5.3513607490e-01	-5.3513607490e-01	-5.3513607490e-01	-5.4181544015e-01	-5.4783233621e-01	-5.4783233621e-01	-5.4783233621e-01	-5.6014801295e-01	-5.6684036123e-01	-5.6684036123e-01	-5.6684036123e-01	-5.7896071589e-01	-5.7896071589e-01	-5.7896071589e-01	-5.8525221687e-01	-5.8525221687e-01	-5.9462871664e-01	-5.9462871664e-01	-6.0697462407e-01	-6.0697462407e-01	-6.1092366272e-01	-6.1092366272e-01	-6.1092366272e-01	-6.1692161850e-01	-6.2132186107e-01	-6.2132186107e-01	-6.3167716882e-01	-6.3167716882e-01	-6.3656165624e-01	-6.3656165624e-01	-6.3656165624e-01	-6.4417728162e-01	-6.4417728162e-01	-6.4484894710e-01	-6.5383797891e-01	-6.5383797891e-01	-6.5361194244e-01	-6.5361194244e-01	-6.5361194244e-01	-6.6208859197e-01	
373	0.0	-4.5902615749e-03	-4.5902615749e-03	-3.1779739097e-02	-6.3714025256e-02	-6.3714025256e-02	-6.3714025256e-02	-6.3714025256e-02	-1.0569036690e-01	-1.0569036690e-01	-1.0569036690e-01	-1.0569036690e-01	-1.5315903596e-01	-1.5315903596e-01	-1.5315903596e-01	-1.9142782093e-01	-2.0241821684e-01	-2.0241821684e-01	-2.0241821684e-01	-2.4055764575e-01	-2.5106608077e-01	-2.5106608077e-01	-2.5106608077e-01	-2.5106608077e-01	-2.9672564523e-01	-2.9672564523e-01	-2.9672564523e-01	-3.2630289448e-01	-3.3674534510e-01	-3.3674534510e-01	-3.3674534510e-01	-3.5999400842e-01	-3.7059104332e-01	-3.7059104332e-01	-3.7059104332e-01	-3.8876783208e-01	-3.9797107664e-01	-3.9797107664e-01	-3.9797107664e-01	-4.1258278616e-01	-4.2696608333e-01	-4.2696608333e-01	-4.2696608333e-01	-4.5082323374e-01	-4.5082323374e-01	-4.5836072036e-01	-4.5836072036e-01	-4.5836072036e-01	-4.7723896757e-01	-4.7723896757e-01	-4.7723896757e-01	-4.8599798547e-01	-4.9467620207e-01	-4.9467620207e-01	-4.9467620207e-01	-5.0177449929e-01	-5.0919741809e-01	-5.0919741809e-01	-5.0919741809e-01	-5.2336527622e-01	-5.3513678188e-01	-5.3513678188e-01	-5.3513678188e-01	-5.3513678188e-01	-5.4181615581e-01	-5.4783305369e-01	-5.4783305369e-01	-5.4783305369e-01	-5.6014874678e-01	-5.6684109694e-01	-5.6684109694e-01	-5.6684109694e-01	-5.7896146248e-01	-5.7896146248e-01	-5.7896146248e-01	-5.8525297401e-01	-5.8525297401e-01	-5.9462947508e-01	-5.9462947508e-01	-6.0697540763e-01	-6.0697540763e-01	-6.1092444638e-01	-6.1092444638e-01	-6.1092444638e-01	-6.1692241494e-01	-6.2132265684e-01	-6.2132265684e-01	-6.3167798472e-01	-6.3167798472e-01	-6.3656246939e-01	-6.3656246939e-01	-6.3656246939e-01	-6.4417811037e-01	-6.4417811037e-01	-6.4484977310e-01	-6.5383882180e-01	-6.5383882180e-01	-6.5361278088e-01	-6.5361278088e-01	-6.5361278088e-01	-6.6208943999e-01	
374	0.0	-4.5902894484e-03	-4.5902894484e-03	-3.1779761522e-02	-6.3714108853e-02	-6.3714108853e-02	-6.3714108853e-02	-6.3714108853e-02	-1.0569051741e-01	-1.0569051741e-01	-1.0569051741e-01	-1.0569051741e-01	-1.5315926032e-01	-1.5315926032e-01	-1.5315926032e-01	-1.9142810741e-01	-2.0241851431e-01	-2.0241851431e-01	-2.0241851431e-01	-2.4055800088e-01	-2.5106644527e-01	-2.5106644527e-01	-2.5106644527e-01	-2.5106644527e-01	-2.9672606695e-01	-2.9672606695e-01	-2.9672606695e-01	-3.2630335481e-01	-3.3674581304e-01	-3.3674581304e-01	-3.3674581304e-01	-3.5999450646e-01	-3.7059154817e-01	-3.7059154817e-01	-3.7059154817e-01	-3.8876836107e-01	-3.9797161092e-01	-3.9797161092e-01	-3.9797161092e-01	-4.1258334120e-01	-4.2696664593e-01	-4.2696664593e-01	-4.2696664593e-01	-4.5082382836e-01	-4.5082382836e-01	-4.5836131775e-01	-4.5836131775e-01	-4.5836131775e-01	-4.7723958137e-01	-4.7723958137e-01	-4.7723958137e-01	-4.8599861054e-01	-4.9467683021e-01	-4.9467683021e-01	-4.9467683021e-01	-5.0177513698e-01	-5.0919805829e-01	-5.0919805829e-01	-5.0919805829e-01	-5.2336593494e-01	-5.3513744386e-01	-5.3513744386e-01	-5.3513744386e-01	-5.3513744386e-01	-5.4181682598e-01	-5.4783372551e-01	-5.4783372551e-01	-5.4783372551e-01	-5.6014943433e-01	-5.6684178616e-01	-5.6684178616e-01	-5.6684178616e-01	-5.7896216202e-01	-5.7896216202e-01	-5.7896216202e-01	-5.8525368369e-01	-5.8525368369e-01	-5.9463018565e-01	-5.9463018565e-01	-6.0697614238e-01	-6.0697614238e-01	-6.1092518103e-01	-6.1092518103e-01	-6.1092518103e-01	-6.1692316191e-01	-6.2132340289e-01	-6.2132340289e-01	-6.3167875018e-01	-6.3167875018e-01	-6.3656323175e-01	-6.3656323175e-01	-6.3656323175e-01	-6.4417888779e-01	-6.4417888779e-01	-6.4485054753e-01	-6.5383961275e-01	-6.5383961275e-01	-6.5361356709e-01	-6.5361356709e-01	-6.5361356709e-01	-6.6209023543e-01	
375	0.0	-4.5903167436e-03	-4.5903167436e-03	-3.1779783539e-02	-6.3714190123e-02	-6.3714190123e-02	-6.3714190123e-02	-6.3714190123e-02	-1.0569066374e-01	-1.0569066374e-01	-1.0569066374e-01	-1.0569066374e-01	-1.5315947829e-01	-1.5315947829e-01	-1.5315947829e-01	-1.9142838519e-01	-2.0241880287e-01	-2.0241880287e-01	-2.0241880287e-01	-2.4055834436e-01	-2.5106679793e-01	-2.5106679793e-01	-2.5106679793e-01	-2.5106679793e-01	-2.9672647311e-01	-2.9672647311e-01	-2.9672647311e-01	-3.2630379532e-01	-3.3674626101e-01	-3.3674626101e-01	-3.3674626101e-01	-3.5999498027e-01	-3.7059202863e-01	-3.7059202863e-01	-3.7059202863e-01	-3.8876886172e-01	-3.9797211670e-01	-3.9797211670e-01	-3.9797211670e-01	-4.1258386429e-01	-4.2696717631e-01	-4.2696717631e-01	-4.2696717631e-01	-4.5082438492e-01	-4.5082438492e-01	-4.5836187692e-01	-4.5836187692e-01	-4.5836187692e-01	-4.7724015454e-01	-4.7724015454e-01	-4.7724015454e-01	-4.8599919353e-01	-4.9467741599e-01	-4.9467741599e-01	-4.9467741599e-01	-5.0177573129e-01	-5.0919865482e-01	-5.0919865482e-01	-5.0919865482e-01	-5.2336654817e-01	-5.3513805991e-01	-5.3513805991e-01	-5.3513805991e-01	-5.3513805991e-01	-5.4181744970e-01	-5.4783435071e-01	-5.4783435071e-01	-5.4783435071e-01	-5.6015007458e-01	-5.6684242790e-01	-5.6684242790e-01	-5.6684242790e-01	-5.7896281348e-01	-5.7896281348e-01	-5.7896281348e-01	-5.8525434488e-01	-5.8525434488e-01	-5.9463084735e-01	-5.9463084735e-01	-6.0697682722e-01	-6.0697682722e-01	-6.1092586560e-01	-6.1092586560e-01	-6.1092586560e-01	-6.1692385827e-01	-6.2132409813e-01	-6.2132409813e-01	-6.3167946405e-01	-6.3167946405e-01	-6.3656394221e-01	-6.3656394221e-01	-6.3656394221e-01	-6.4417961271e-01	-6.4417961271e-01	-6.4485126926e-01	-6.5384035054e-01	-6.5384035054e-01	-6.5361429989e-01	-6.5361429989e-01	-6.5361429989e-01	-6.6209097710e-01	
376	0.0	-4.5903433452e-03	-4.5903433452e-03	-3.1779805051e-02	-6.3714268755e-02	-6.3714268755e-02	-6.3714268755e-02	-6.3714268755e-02	-1.0569080533e-01	-1.0569080533e-01	-1.0569080533e-01	-1.0569080533e-01	-1.5315968905e-01	-1.5315968905e-01	-1.5315968905e-01	-1.9142865327e-01	-2.0241908148e-01	-2.0241908148e-01	-2.0241908148e-01	-2.4055867498e-01	-2.5106713752e-01	-2.5106713752e-01	-2.5106713752e-01	-2.5106713752e-01	-2.9672686240e-01	-2.9672686240e-01	-2.9672686240e-01	-3.2630421479e-01	-3.3674668775e-01	-3.3674668775e-01	-3.3674668775e-01	-3.5999542869e-01	-3.7059248351e-01	-3.7059248351e-01	-3.7059248351e-01	-3.8876933296e-01	-3.9797259291e-01	-3.9797259291e-01	-3.9797259291e-01	-4.1258435449e-01	-4.2696767348e-01	-4.2696767348e-01	-4.2696767348e-01	-4.5082490265e-01	-4.5082490265e-01	-4.5836239711e-01	-4.5836239711e-01	-4.5836239711e-01	-4.7724068640e-01	-4.7724068640e-01	-4.7724068640e-01	-4.8599973378e-01	-4.9467795875e-01	-4.9467795875e-01	-4.9467795875e-01	-5.0177628160e-01	-5.0919920706e-01	-5.0919920706e-01	-5.0919920706e-01	-5.2336711528e-01	-5.3513862944e-01	-5.3513862944e-01	-5.3513862944e-01	-5.3513862944e-01	-5.4181802636e-01	-5.4783492870e-01	-5.4783492870e-01	-5.4783492870e-01	-5.6015066691e-01	-5.6684302153e-01	-5.6684302153e-01	-5.6684302153e-01	-5.7896341623e-01	-5.7896341623e-01	-5.7896341623e-01	-5.8525495688e-01	-5.8525495688e-01	-5.9463145950e-01	-5.9463145950e-01	-6.0697746143e-01	-6.0697746143e-01	-6.1092649938e-01	-6.1092649938e-01	-6.1092649938e-01	-6.1692450329e-01	-6.2132474184e-01	-6.2132474184e-01	-6.3168012553e-01	-6.3168012553e-01	-6.3656460003e-01	-6.3656460003e-01	-6.3656460003e-01	-6.4418028434e-01	-6.4418028434e-01	-6.4485193755e-01	-6.5384103438e-01	-6.5384103438e-01	-6.5361497855e-01	-6.5361497855e-01	-6.5361497855e-01	-6.6209166421e-01	
377	0.0	-4.5903691478e-03	-4.5903691478e-03	-3.1779825973e-02	-6.3714344477e-02	-6.3714344477e-02	-6.3714344477e-02	-6.3714344477e-02	-1.0569094170e-01	-1.0569094170e-01	-1.0569094170e-01	-1.0569094170e-01	-1.5315989188e-01	-1.5315989188e-01	-1.5315989188e-01	-1.9142891075e-01	-2.0241934921e-01	-2.0241934921e-01	-2.0241934921e-01	-2.4055899171e-01	-2.5106746297e-01	-2.5106746297e-01	-2.5106746297e-01	-2.5106746297e-01	-2.9672723370e-01	-2.9672723370e-01	-2.9672723370e-01	-3.2630461215e-01	-3.3674709218e-01	-3.3674709218e-01	-3.3674709218e-01	-3.5999585079e-01	-3.7059291185e-01	-3.7059291185e-01	-3.7059291185e-01	-3.8876977398e-01	-3.9797303871e-01	-3.9797303871e-01	-3.9797303871e-01	-4.1258481108e-01	-4.2696813672e-01	-4.2696813672e-01	-4.2696813672e-01	-4.5082538106e-01	-4.5082538106e-01	-4.5836287780e-01	-4.5836287780e-01	-4.5836287780e-01	-4.7724117652e-01	-4.7724117652e-01	-4.7724117652e-01	-4.8600023090e-01	-4.9467845811e-01	-4.9467845811e-01	-4.9467845811e-01	-5.0177678753e-01	-5.0919971466e-01	-5.0919971466e-01	-5.0919971466e-01	-5.2336763595e-01	-5.3513915214e-01	-5.3513915214e-01	-5.3513915214e-01	-5.3513915214e-01	-5.4181855565e-01	-5.4783545916e-01	-5.4783545916e-01	-5.4783545916e-01	-5.6015121094e-01	-5.6684356669e-01	-5.6684356669e-01	-5.6684356669e-01	-5.7896396990e-01	-5.7896396990e-01	-5.7896396990e-01	-5.8525551932e-01	-5.8525551932e-01	-5.9463202177e-01	-5.9463202177e-01	-6.0697804461e-01	-6.0697804461e-01	-6.1092708198e-01	-6.1092708198e-01	-6.1092708198e-01	-6.1692509655e-01	-6.2132533362e-01	-6.2132533362e-01	-6.3168073421e-01	-6.3168073421e-01	-6.3656520481e-01	-6.3656520481e-01	-6.3656520481e-01	-6.4418090226e-01	-6.4418090226e-01	-6.4485255198e-01	-6.5384166379e-01	-6.5384166379e-01	-6.5361560262e-01	-6.5361560262e-01	-6.5361560262e-01	-6.6209229632e-01	
378	0.0	-4.5903940581e-03	-4.5903940581e-03	-3.1779846225e-02	-6.3714417050e-02	-6.3714417050e-02	-6.3714417050e-02	-6.3714417050e-02	-1.0569107240e-01	-1.0569107240e-01	-1.0569107240e-01	-1.0569107240e-01	-1.5316008614e-01	-1.5316008614e-01	-1.5316008614e-01	-1.9142915686e-01	-2.0241960523e-01	-2.0241960523e-01	-2.0241960523e-01	-2.4055929365e-01	-2.5106777333e-01	-2.5106777333e-01	-2.5106777333e-01	-2.5106777333e-01	-2.9672758605e-01	-2.9672758605e-01	-2.9672758605e-01	-3.2630498657e-01	-3.3674747343e-01	-3.3674747343e-01	-3.3674747343e-01	-3.5999624584e-01	-3.7059331291e-01	-3.7059331291e-01	-3.7059331291e-01	-3.8877018418e-01	-3.9797345349e-01	-3.9797345349e-01	-3.9797345349e-01	-4.1258523359e-01	-4.2696856554e-01	-4.2696856554e-01	-4.2696856554e-01	-4.5082581989e-01	-4.5082581989e-01	-4.5836331877e-01	-4.5836331877e-01	-4.5836331877e-01	-4.7724162474e-01	-4.7724162474e-01	-4.7724162474e-01	-4.8600068479e-01	-4.9467891397e-01	-4.9467891397e-01	-4.9467891397e-01	-5.0177724901e-01	-5.0920017753e-01	-5.0920017753e-01	-5.0920017753e-01	-5.2336811014e-01	-5.3513962799e-01	-5.3513962799e-01	-5.3513962799e-01	-5.3513962799e-01	-5.4181903755e-01	-5.4783594208e-01	-5.4783594208e-01	-5.4783594208e-01	-5.6015170666e-01	-5.6684406336e-01	-5.6684406336e-01	-5.6684406336e-01	-5.7896447445e-01	-5.7896447445e-01	-5.7896447445e-01	-5.8525603215e-01	-5.8525603215e-01	-5.9463253412e-01	-5.9463253412e-01	-6.0697857668e-01	-6.0697857668e-01	-6.1092761333e-01	-6.1092761333e-01	-6.1092761333e-01	-6.1692563796e-01	-6.2132587341e-01	-6.2132587341e-01	-6.3168128995e-01	-6.3168128995e-01	-6.3656575649e-01	-6.3656575649e-01	-6.3656575649e-01	-6.4418146636e-01	-6.4418146636e-01	-6.4485311249e-01	-6.5384223866e-01	-6.5384223866e-01	-6.5361617205e-01	-6.5361617205e-01	-6.5361617205e-01	-6.6209287335e-01	
379	0.0	-4.5904179943e-03	-4.5904179943e-03	-3.1779865739e-02	-6.3714486268e-02	-6.3714486268e-02	-6.3714486268e-02	-6.3714486268e-02	-1.0569119707e-01	-1.0569119707e-01	-1.0569119707e-01	-1.0569119707e-01	-1.5316027129e-01	-1.5316027129e-01	-1.5316027129e-01	-1.9142939094e-01	-2.0241984887e-01	-2.0241984887e-01	-2.0241984887e-01	-2.4055958004e-01	-2.5106806783e-01	-2.5106806783e-01	-2.5106806783e-01	-2.5106806783e-01	-2.9672791868e-01	-2.9672791868e-01	-2.9672791868e-01	-3.2630533738e-01	-3.3674783083e-01	-3.3674783083e-01	-3.3674783083e-01	-3.5999661332e-01	-3.7059368613e-01	-3.7059368613e-01	-3.7059368613e-01	-3.8877056319e-01	-3.9797383687e-01	-3.9797383687e-01	-3.9797383687e-01	-4.1258562176e-01	-4.2696895969e-01	-4.2696895969e-01	-4.2696895969e-01	-4.5082621915e-01	-4.5082621915e-01	-4.5836372000e-01	-4.5836372000e-01	-4.5836372000e-01	-4.7724203116e-01	-4.7724203116e-01	-4.7724203116e-01	-4.8600109559e-01	-4.9467932647e-01	-4.9467932647e-01	-4.9467932647e-01	-5.0177766621e-01	-5.0920059588e-01	-5.0920059588e-01	-5.0920059588e-01	-5.2336853810e-01	-5.3514005723e-01	-5.3514005723e-01	-5.3514005723e-01	-5.3514005723e-01	-5.4181947231e-01	-5.4783637771e-01	-5.4783637771e-01	-5.4783637771e-01	-5.6015215428e-01	-5.6684451177e-01	-5.6684451177e-01	-5.6684451177e-01	-5.7896493013e-01	-5.7896493013e-01	-5.7896493013e-01	-5.8525649558e-01	-5.8525649558e-01	-5.9463299680e-01	-5.9463299680e-01	-6.0697905784e-01	-6.0697905784e-01	-6.1092809365e-01	-6.1092809365e-01	-6.1092809365e-01	-6.1692612773e-01	-6.2132636143e-01	-6.2132636143e-01	-6.3168179297e-01	-6.3168179297e-01	-6.3656625529e-01	-6.3656625529e-01	-6.3656625529e-01	-6.4418197685e-01	-6.4418197685e-01	-6.4485361931e-01	-6.5384275918e-01	-6.5384275918e-01	-6.5361668705e-01	-6.5361668705e-01	-6.5361668705e-01	-6.6209339550e-01	
380	0.0	-4.5904408855e-03	-4.5904408855e-03	-3.1779884454e-02	-6.3714551958e-02	-6.3714551958e-02	-6.3714551958e-02	-6.3714551958e-02	-1.0569131539e-01	-1.0569131539e-01	-1.0569131539e-01	-1.0569131539e-01	-1.5316044688e-01	-1.5316044688e-01	-1.5316044688e-01	-1.9142961245e-01	-2.0242007955e-01	-2.0242007955e-01	-2.0242007955e-01	-2.4055985025e-01	-2.5106834582e-01	-2.5106834582e-01	-2.5106834582e-01	-2.5106834582e-01	-2.9672823096e-01	-2.9672823096e-01	-2.9672823096e-01	-3.2630566410e-01	-3.3674816385e-01	-3.3674816385e-01	-3.3674816385e-01	-3.5999695288e-01	-3.7059403119e-01	-3.7059403119e-01	-3.7059403119e-01	-3.8877091083e-01	-3.9797418865e-01	-3.9797418865e-01	-3.9797418865e-01	-4.1258597557e-01	-4.2696931911e-01	-4.2696931911e-01	-4.2696931911e-01	-4.5082657907e-01	-4.5082657907e-01	-4.5836408172e-01	-4.5836408172e-01	-4.5836408172e-01	-4.7724239608e-01	-4.7724239608e-01	-4.7724239608e-01	-4.8600146367e-01	-4.9467969600e-01	-4.9467969600e-01	-4.9467969600e-01	-5.0177803955e-01	-5.0920097012e-01	-5.0920097012e-01	-5.0920097012e-01	-5.2336892030e-01	-5.3514044037e-01	-5.3514044037e-01	-5.3514044037e-01	-5.3514044037e-01	-5.4181986042e-01	-5.4783676656e-01	-5.4783676656e-01	-5.4783676656e-01	-5.6015255431e-01	-5.6684491243e-01	-5.6684491243e-01	-5.6684491243e-01	-5.7896533743e-01	-5.7896533743e-01	-5.7896533743e-01	-5.8525691011e-01	-5.8525691011e-01	-5.9463341030e-01	-5.9463341030e-01	-6.0697948859e-01	-6.0697948859e-01	-6.1092852346e-01	-6.1092852346e-01	-6.1092852346e-01	-6.1692656634e-01	-6.2132679819e-01	-6.2132679819e-01	-6.3168224374e-01	-6.3168224374e-01	-6.3656670173e-01	-6.3656670173e-01	-6.3656670173e-01	-6.4418243423e-01	-6.4418243423e-01	-6.4485407297e-01	-6.5384322585e-01	-6.5384322585e-01	-6.5361714817e-01	-6.5361714817e-01	-6.5361714817e-01	-6.6209386330e-01	
381	0.0	-4.5904626710e-03	-4.5904626710e-03	-3.1779902318e-02	-6.3714613979e-02	-6.3714613979e-02	-6.3714613979e-02	-6.3714613979e-02	-1.0569142712e-01	-1.0569142712e-01	-1.0569142712e-01	-1.0569142712e-01	-1.5316061253e-01	-1.5316061253e-01	-1.5316061253e-01	-1.9142982094e-01	-2.0242029679e-01	-2.0242029679e-01	-2.0242029679e-01	-2.4056010380e-01	-2.5106860680e-01	-2.5106860680e-01	-2.5106860680e-01	-2.5106860680e-01	-2.9672852244e-01	-2.9672852244e-01	-2.9672852244e-01	-3.2630596642e-01	-3.3674847219e-01	-3.3674847219e-01	-3.3674847219e-01	-3.5999726438e-01	-3.7059434790e-01	-3.7059434790e-01	-3.7059434790e-01	-3.8877122711e-01	-3.9797450884e-01	-3.9797450884e-01	-3.9797450884e-01	-4.1258629518e-01	-4.2696964397e-01	-4.2696964397e-01	-4.2696964397e-01	-4.5082690006e-01	-4.5082690006e-01	-4.5836440436e-01	-4.5836440436e-01	-4.5836440436e-01	-4.7724272006e-01	-4.7724272006e-01	-4.7724272006e-01	-4.8600178962e-01	-4.9468002317e-01	-4.9468002317e-01	-4.9468002317e-01	-5.0177836967e-01	-5.0920130091e-01	-5.0920130091e-01	-5.0920130091e-01	-5.2336925744e-01	-5.3514077814e-01	-5.3514077814e-01	-5.3514077814e-01	-5.3514077814e-01	-5.4182020263e-01	-5.4783710937e-01	-5.4783710937e-01	-5.4783710937e-01	-5.6015290746e-01	-5.6684526606e-01	-5.6684526606e-01	-5.6684526606e-01	-5.7896569708e-01	-5.7896569708e-01	-5.7896569708e-01	-5.8525727646e-01	-5.8525727646e-01	-5.9463377541e-01	-5.9463377541e-01	-6.0697986966e-01	-6.0697986966e-01	-6.1092890349e-01	-6.1092890349e-01	-6.1092890349e-01	-6.1692695454e-01	-6.2132718444e-01	-6.2132718444e-01	-6.3168264301e-01	-6.3168264301e-01	-6.3656709659e-01	-6.3656709659e-01	-6.3656709659e-01	-6.4418283926e-01	-6.4418283926e-01	-6.4485447426e-01	-6.5384363942e-01	-6.5384363942e-01	-6.5361755619e-01	-6.5361755619e-01	-6.5361755619e-01	-6.6209427753e-01	
382	0.0	-4.5904833015e-03	-4.5904833015e-03	-3.1779919285e-02	-6.3714672216e-02	-6.3714672216e-02	-6.3714672216e-02	-6.3714672216e-02	-1.0569153204e-01	-1.0569153204e-01	-1.0569153204e-01	-1.0569153204e-01	-1.5316076795e-01	-1.5316076795e-01	-1.5316076795e-01	-1.9143001608e-01	-2.0242050025e-01	-2.0242050025e-01	-2.0242050025e-01	-2.4056034034e-01	-2.5106885038e-01	-2.5106885038e-01	-2.5106885038e-01	-2.5106885038e-01	-2.9672879279e-01	-2.9672879279e-01	-2.9672879279e-01	-3.2630624417e-01	-3.3674875564e-01	-3.3674875564e-01	-3.3674875564e-01	-3.5999754783e-01	-3.7059463626e-01	-3.7059463626e-01	-3.7059463626e-01	-3.8877151221e-01	-3.9797479762e-01	-3.9797479762e-01	-3.9797479762e-01	-4.1258658092e-01	-4.2696993458e-01	-4.2696993458e-01	-4.2696993458e-01	-4.5082718275e-01	-4.5082718275e-01	-4.5836468854e-01	-4.5836468854e-01	-4.5836468854e-01	-4.7724300382e-01	-4.7724300382e-01	-4.7724300382e-01	-4.8600207424e-01	-4.9468030877e-01	-4.9468030877e-01	-4.9468030877e-01	-5.0177865739e-01	-5.0920158908e-01	-5.0920158908e-01	-5.0920158908e-01	-5.2336955043e-01	-5.3514107144e-01	-5.3514107144e-01	-5.3514107144e-01	-5.3514107144e-01	-5.4182049985e-01	-5.4783740706e-01	-5.4783740706e-01	-5.4783740706e-01	-5.6015321466e-01	-5.6684557361e-01	-5.6684557361e-01	-5.6684557361e-01	-5.7896601003e-01	-5.7896601003e-01	-5.7896601003e-01	-5.8525759556e-01	-5.8525759556e-01	-5.9463409306e-01	-5.9463409306e-01	-6.0698020200e-01	-6.0698020200e-01	-6.1092923471e-01	-6.1092923471e-01	-6.1092923471e-01	-6.1692729328e-01	-6.2132752117e-01	-6.2132752117e-01	-6.3168299174e-01	-6.3168299174e-01	-6.3656744087e-01	-6.3656744087e-01	-6.3656744087e-01	-6.4418319292e-01	-6.4418319292e-01	-6.4485482418e-01	-6.5384400087e-01	-6.5384400087e-01	-6.5361791211e-01	-6.5361791211e-01	-6.5361791211e-01	-6.6209463920e-01	
383	0.0	-4.5905027357e-03	-4.5905027357e-03	-3.1779935321e-02	-6.3714726588e-02	-6.3714726588e-02	-6.3714726588e-02	-6.3714726588e-02	-1.0569163000e-01	-1.0569163000e-01	-1.0569163000e-01	-1.0569163000e-01	-1.5316091293e-01	-1.5316091293e-01	-1.5316091293e-01	-1.9143019762e-01	-2.0242068966e-01	-2.0242068966e-01	-2.0242068966e-01	-2.4056055960e-01	-2.5106907631e-01	-2.5106907631e-01	-2.5106907631e-01	-2.5106907631e-01	-2.9672904184e-01	-2.9672904184e-01	-2.9672904184e-01	-3.2630649734e-01	-3.3674901421e-01	-3.3674901421e-01	-3.3674901421e-01	-3.5999780338e-01	-3.7059489644e-01	-3.7059489644e-01	-3.7059489644e-01	-3.8877176649e-01	-3.9797505534e-01	-3.9797505534e-01	-3.9797505534e-01	-4.1258683330e-01	-4.2697019147e-01	-4.2697019147e-01	-4.2697019147e-01	-4.5082742793e-01	-4.5082742793e-01	-4.5836493506e-01	-4.5836493506e-01	-4.5836493506e-01	-4.7724324826e-01	-4.7724324826e-01	-4.7724324826e-01	-4.8600231850e-01	-4.9468055378e-01	-4.9468055378e-01	-4.9468055378e-01	-5.0177890374e-01	-5.0920183567e-01	-5.0920183567e-01	-5.0920183567e-01	-5.2336980038e-01	-5.3514132140e-01	-5.3514132140e-01	-5.3514132140e-01	-5.3514132140e-01	-5.4182075322e-01	-5.4783766079e-01	-5.4783766079e-01	-5.4783766079e-01	-5.6015347705e-01	-5.6684583621e-01	-5.6684583621e-01	-5.6684583621e-01	-5.7896627743e-01	-5.7896627743e-01	-5.7896627743e-01	-5.8525786858e-01	-5.8525786858e-01	-5.9463436443e-01	-5.9463436443e-01	-6.0698048679e-01	-6.0698048679e-01	-6.1092951831e-01	-6.1092951831e-01	-6.1092951831e-01	-6.1692758375e-01	-6.2132780956e-01	-6.2132780956e-01	-6.3168329112e-01	-6.3168329112e-01	-6.3656773578e-01	-6.3656773578e-01	-6.3656773578e-01	-6.4418349644e-01	-6.4418349644e-01	-6.4485512398e-01	-6.5384431143e-01	-6.5384431143e-01	-6.5361821722e-01	-6.5361821722e-01	-6.5361821722e-01	-6.6209494956e-01	
384	0.0	-4.5905209446e-03	-4.5905209446e-03	-3.1779950392e-02	-6.3714777036e-02	-6.3714777036e-02	-6.3714777036e-02	-6.3714777036e-02	-1.0569172090e-01	-1.0569172090e-01	-1.0569172090e-01	-1.0569172090e-01	-1.5316104732e-01	-1.5316104732e-01	-1.5316104732e-01	-1.9143036541e-01	-2.0242086485e-01	-2.0242086485e-01	-2.0242086485e-01	-2.4056076148e-01	-2.5106928444e-01	-2.5106928444e-01	-2.5106928444e-01	-2.5106928444e-01	-2.9672926953e-01	-2.9672926953e-01	-2.9672926953e-01	-3.2630672605e-01	-3.3674924799e-01	-3.3674924799e-01	-3.3674924799e-01	-3.5999803137e-01	-3.7059512875e-01	-3.7059512875e-01	-3.7059512875e-01	-3.8877199044e-01	-3.9797528248e-01	-3.9797528248e-01	-3.9797528248e-01	-4.1258705299e-01	-4.2697041530e-01	-4.2697041530e-01	-4.2697041530e-01	-4.5082763657e-01	-4.5082763657e-01	-4.5836514487e-01	-4.5836514487e-01	-4.5836514487e-01	-4.7724345445e-01	-4.7724345445e-01	-4.7724345445e-01	-4.8600252352e-01	-4.9468075934e-01	-4.9468075934e-01	-4.9468075934e-01	-5.0177910990e-01	-5.0920204188e-01	-5.0920204188e-01	-5.0920204188e-01	-5.2337000854e-01	-5.3514152931e-01	-5.3514152931e-01	-5.3514152931e-01	-5.3514152931e-01	-5.4182096403e-01	-5.4783787184e-01	-5.4783787184e-01	-5.4783787184e-01	-5.6015369595e-01	-5.6684605518e-01	-5.6684605518e-01	-5.6684605518e-01	-5.7896650062e-01	-5.7896650062e-01	-5.7896650062e-01	-5.8525809685e-01	-5.8525809685e-01	-5.9463459089e-01	-5.9463459089e-01	-6.0698072538e-01	-6.0698072538e-01	-6.1092975565e-01	-6.1092975565e-01	-6.1092975565e-01	-6.1692782731e-01	-6.2132805102e-01	-6.2132805102e-01	-6.3168354256e-01	-6.3168354256e-01	-6.3656798275e-01	-6.3656798275e-01	-6.3656798275e-01	-6.4418375124e-01	-6.4418375124e-01	-6.4485537509e-01	-6.5384457254e-01	-6.5384457254e-01	-6.5361847295e-01	-6.5361847295e-01	-6.5361847295e-01	-6.6209521009e-01	
385	0.0	-4.5905379047e-03	-4.5905379047e-03	-3.1779964479e-02	-6.3714823530e-02	-6.3714823530e-02	-6.3714823530e-02	-6.3714823530e-02	-1.0569180469e-01	-1.0569180469e-01	-1.0569180469e-01	-1.0569180469e-01	-1.5316117104e-01	-1.5316117104e-01	-1.5316117104e-01	-1.9143051940e-01	-2.0242102576e-01	-2.0242102576e-01	-2.0242102576e-01	-2.4056094592e-01	-2.5106947473e-01	-2.5106947473e-01	-2.5106947473e-01	-2.5106947473e-01	-2.9672947595e-01	-2.9672947595e-01	-2.9672947595e-01	-3.2630693057e-01	-3.3674945724e-01	-3.3674945724e-01	-3.3674945724e-01	-3.5999823223e-01	-3.7059533362e-01	-3.7059533362e-01	-3.7059533362e-01	-3.8877218469e-01	-3.9797547968e-01	-3.9797547968e-01	-3.9797547968e-01	-4.1258724079e-01	-4.2697060686e-01	-4.2697060686e-01	-4.2697060686e-01	-4.5082780974e-01	-4.5082780974e-01	-4.5836531907e-01	-4.5836531907e-01	-4.5836531907e-01	-4.7724362361e-01	-4.7724362361e-01	-4.7724362361e-01	-4.8600269059e-01	-4.9468092674e-01	-4.9468092674e-01	-4.9468092674e-01	-5.0177927721e-01	-5.0920220905e-01	-5.0920220905e-01	-5.0920220905e-01	-5.2337017633e-01	-5.3514169660e-01	-5.3514169660e-01	-5.3514169660e-01	-5.3514169660e-01	-5.4182113374e-01	-5.4783804168e-01	-5.4783804168e-01	-5.4783804168e-01	-5.6015387280e-01	-5.6684623200e-01	-5.6684623200e-01	-5.6684623200e-01	-5.7896668106e-01	-5.7896668106e-01	-5.7896668106e-01	-5.8525828185e-01	-5.8525828185e-01	-5.9463477393e-01	-5.9463477393e-01	-6.0698091929e-01	-6.0698091929e-01	-6.1092994827e-01	-6.1092994827e-01	-6.1092994827e-01	-6.1692802551e-01	-6.2132824709e-01	-6.2132824709e-01	-6.3168374760e-01	-6.3168374760e-01	-6.3656818336e-01	-6.3656818336e-01	-6.3656818336e-01	-6.4418395891e-01	-6.4418395891e-01	-6.4485557913e-01	-6.5384478578e-01	-6.5384478578e-01	-6.5361868094e-01	-6.5361868094e-01	-6.5361868094e-01	-6.6209542239e-01	
386	0.0	-4.5905536028e-03	-4.5905536028e-03	-3.1779977566e-02	-6.3714866061e-02	-6.3714866061e-02	-6.3714866061e-02	-6.3714866061e-02	-1.0569188134e-01	-1.0569188134e-01	-1.0569188134e-01	-1.0569188134e-01	-1.5316128409e-01	-1.5316128409e-01	-1.5316128409e-01	-1.9143065958e-01	-2.0242117238e-01	-2.0242117238e-01	-2.0242117238e-01	-2.4056111302e-01	-2.5106964726e-01	-2.5106964726e-01	-2.5106964726e-01	-2.5106964726e-01	-2.9672966128e-01	-2.9672966128e-01	-2.9672966128e-01	-3.2630711126e-01	-3.3674964233e-01	-3.3674964233e-01	-3.3674964233e-01	-3.5999840652e-01	-3.7059551161e-01	-3.7059551161e-01	-3.7059551161e-01	-3.8877235000e-01	-3.9797564770e-01	-3.9797564770e-01	-3.9797564770e-01	-4.1258739761e-01	-4.2697076707e-01	-4.2697076707e-01	-4.2697076707e-01	-4.5082794866e-01	-4.5082794866e-01	-4.5836545887e-01	-4.5836545887e-01	-4.5836545887e-01	-4.7724375705e-01	-4.7724375705e-01	-4.7724375705e-01	-4.8600282110e-01	-4.9468105739e-01	-4.9468105739e-01	-4.9468105739e-01	-5.0177940710e-01	-5.0920233863e-01	-5.0920233863e-01	-5.0920233863e-01	-5.2337030529e-01	-5.3514182483e-01	-5.3514182483e-01	-5.3514182483e-01	-5.3514182483e-01	-5.4182126392e-01	-5.4783817188e-01	-5.4783817188e-01	-5.4783817188e-01	-5.6015400922e-01	-5.6684636826e-01	-5.6684636826e-01	-5.6684636826e-01	-5.7896682039e-01	-5.7896682039e-01	-5.7896682039e-01	-5.8525842521e-01	-5.8525842521e-01	-5.9463491521e-01	-5.9463491521e-01	-6.0698107019e-01	-6.0698107019e-01	-6.1093009784e-01	-6.1093009784e-01	-6.1093009784e-01	-6.1692818003e-01	-6.2132839946e-01	-6.2132839946e-01	-6.3168390795e-01	-6.3168390795e-01	-6.3656833935e-01	-6.3656833935e-01	-6.3656833935e-01	-6.4418412117e-01	-6.4418412117e-01	-6.4485573784e-01	-6.5384495292e-01	-6.5384495292e-01	-6.5361884295e-01	-6.5361884295e-01	-6.5361884295e-01	-6.6209558825e-01	
387	0.0	-4.5905680330e-03	-4.5905680330e-03	-3.1779989643e-02	-6.3714904642e-02	-6.3714904642e-02	-6.3714904642e-02	-6.3714904642e-02	-1.0569195089e-01	-1.0569195089e-01	-1.0569195089e-01	-1.0569195089e-01	-1.5316138650e-01	-1.5316138650e-01	-1.5316138650e-01	-1.9143078606e-01	-2.0242130481e-01	-2.0242130481e-01	-2.0242130481e-01	-2.4056126291e-01	-2.5106980217e-01	-2.5106980217e-01	-2.5106980217e-01	-2.5106980217e-01	-2.9672982580e-01	-2.9672982580e-01	-2.9672982580e-01	-3.2630726859e-01	-3.3674980372e-01	-3.3674980372e-01	-3.3674980372e-01	-3.5999855492e-01	-3.7059566340e-01	-3.7059566340e-01	-3.7059566340e-01	-3.8877248724e-01	-3.9797578739e-01	-3.9797578739e-01	-3.9797578739e-01	-4.1258752449e-01	-4.2697089699e-01	-4.2697089699e-01	-4.2697089699e-01	-4.5082805467e-01	-4.5082805467e-01	-4.5836556562e-01	-4.5836556562e-01	-4.5836556562e-01	-4.7724385624e-01	-4.7724385624e-01	-4.7724385624e-01	-4.8600291656e-01	-4.9468115282e-01	-4.9468115282e-01	-4.9468115282e-01	-5.0177950116e-01	-5.0920243221e-01	-5.0920243221e-01	-5.0920243221e-01	-5.2337039709e-01	-5.3514191568e-01	-5.3514191568e-01	-5.3514191568e-01	-5.3514191568e-01	-5.4182135627e-01	-5.4783826416e-01	-5.4783826416e-01	-5.4783826416e-01	-5.6015410690e-01	-5.6684646569e-01	-5.6684646569e-01	-5.6684646569e-01	-5.7896692034e-01	-5.7896692034e-01	-5.7896692034e-01	-5.8525852867e-01	-5.8525852867e-01	-5.9463501649e-01	-5.9463501649e-01	-6.0698117988e-01	-6.0698117988e-01	-6.1093020617e-01	-6.1093020617e-01	-6.1093020617e-01	-6.1692829268e-01	-6.2132850998e-01	-6.2132850998e-01	-6.3168402547e-01	-6.3168402547e-01	-6.3656845257e-01	-6.3656845257e-01	-6.3656845257e-01	-6.4418423993e-01	-6.4418423993e-01	-6.4485585313e-01	-6.5384507584e-01	-6.5384507584e-01	-6.5361896090e-01	-6.5361896090e-01	-6.5361896090e-01	-6.6209570961e-01	
388	0.0	-4.5905811967e-03	-4.5905811967e-03	-3.1780000706e-02	-6.3714939308e-02	-6.3714939308e-02	-6.3714939308e-02	-6.3714939308e-02	-1.0569201339e-01	-1.0569201339e-01	-1.0569201339e-01	-1.0569201339e-01	-1.5316147838e-01	-1.5316147838e-01	-1.5316147838e-01	-1.9143089899e-01	-2.0242142320e-01	-2.0242142320e-01	-2.0242142320e-01	-2.4056139586e-01	-2.5106993971e-01	-2.5106993971e-01	-2.5106993971e-01	-2.5106993971e-01	-2.9672996989e-01	-2.9672996989e-01	-2.9672996989e-01	-3.2630740313e-01	-3.3674994198e-01	-3.3674994198e-01	-3.3674994198e-01	-3.5999867821e-01	-3.7059578977e-01	-3.7059578977e-01	-3.7059578977e-01	-3.8877259737e-01	-3.9797589972e-01	-3.9797589972e-01	-3.9797589972e-01	-4.1258762257e-01	-4.2697099773e-01	-4.2697099773e-01	-4.2697099773e-01	-4.5082812918e-01	-4.5082812918e-01	-4.5836564073e-01	-4.5836564073e-01	-4.5836564073e-01	-4.7724392270e-01	-4.7724392270e-01	-4.7724392270e-01	-4.8600297858e-01	-4.9468121463e-01	-4.9468121463e-01	-4.9468121463e-01	-5.0177956103e-01	-5.0920249147e-01	-5.0920249147e-01	-5.0920249147e-01	-5.2337045347e-01	-5.3514197091e-01	-5.3514197091e-01	-5.3514197091e-01	-5.3514197091e-01	-5.4182141257e-01	-5.4783832029e-01	-5.4783832029e-01	-5.4783832029e-01	-5.6015416767e-01	-5.6684652611e-01	-5.6684652611e-01	-5.6684652611e-01	-5.7896698275e-01	-5.7896698275e-01	-5.7896698275e-01	-5.8525859411e-01	-5.8525859411e-01	-5.9463507965e-01	-5.9463507965e-01	-6.0698125025e-01	-6.0698125025e-01	-6.1093027516e-01	-6.1093027516e-01	-6.1093027516e-01	-6.1692836540e-01	-6.2132858056e-01	-6.2132858056e-01	-6.3168410211e-01	-6.3168410211e-01	-6.3656852500e-01	-6.3656852500e-01	-6.3656852500e-01	-6.4418431716e-01	-6.4418431716e-01	-6.4485592700e-01	-6.5384515658e-01	-6.5384515658e-01	-6.5361903684e-01	-6.5361903684e-01	-6.5361903684e-01	-6.6209578849e-01	
389	0.0	-4.5905931020e-03	-4.5905931020e-03	-3.1780010756e-02	-6.3714970110e-02	-6.3714970110e-02	-6.3714970110e-02	-6.3714970110e-02	-1.0569206893e-01	-1.0569206893e-01	-1.0569206893e-01	-1.0569206893e-01	-1.5316155987e-01	-1.5316155987e-01	-1.5316155987e-01	-1.9143099858e-01	-2.0242152776e-01	-2.0242152776e-01	-2.0242152776e-01	-2.4056151216e-01	-2.5107006019e-01	-2.5107006019e-01	-2.5107006019e-01	-2.5107006019e-01	-2.9673009402e-01	-2.9673009402e-01	-2.9673009402e-01	-3.2630751555e-01	-3.3675005777e-01	-3.3675005777e-01	-3.3675005777e-01	-3.5999877723e-01	-3.7059589156e-01	-3.7059589156e-01	-3.7059589156e-01	-3.8877268142e-01	-3.9797598574e-01	-3.9797598574e-01	-3.9797598574e-01	-4.1258769305e-01	-4.2697107052e-01	-4.2697107052e-01	-4.2697107052e-01	-4.5082817369e-01	-4.5082817369e-01	-4.5836568571e-01	-4.5836568571e-01	-4.5836568571e-01	-4.7724395806e-01	-4.7724395806e-01	-4.7724395806e-01	-4.8600300885e-01	-4.9468124453e-01	-4.9468124453e-01	-4.9468124453e-01	-5.0177958847e-01	-5.0920251815e-01	-5.0920251815e-01	-5.0920251815e-01	-5.2337047627e-01	-5.3514199239e-01	-5.3514199239e-01	-5.3514199239e-01	-5.3514199239e-01	-5.4182143470e-01	-5.4783834218e-01	-5.4783834218e-01	-5.4783834218e-01	-5.6015419343e-01	-5.6684655144e-01	-5.6684655144e-01	-5.6684655144e-01	-5.7896700957e-01	-5.7896700957e-01	-5.7896700957e-01	-5.8525862345e-01	-5.8525862345e-01	-5.9463510665e-01	-5.9463510665e-01	-6.0698128331e-01	-6.0698128331e-01	-6.1093030683e-01	-6.1093030683e-01	-6.1093030683e-01	-6.1692840021e-01	-6.2132861326e-01	-6.2132861326e-01	-6.3168413994e-01	-6.3168413994e-01	-6.3656855874e-01	-6.3656855874e-01	-6.3656855874e-01	-6.4418435498e-01	-6.4418435498e-01	-6.4485596157e-01	-6.5384519724e-01	-6.5384519724e-01	-6.5361907289e-01	-6.5361907289e-01	-6.5361907289e-01	-6.6209582706e-01	
390	0.0	-4.5906037619e-03	-4.5906037619e-03	-3.1780019802e-02	-6.3714997118e-02	-6.3714997118e-02	-6.3714997118e-02	-6.3714997118e-02	-1.0569211764e-01	-1.0569211764e-01	-1.0569211764e-01	-1.0569211764e-01	-1.5316163117e-01	-1.5316163117e-01	-1.5316163117e-01	-1.9143108512e-01	-2.0242161877e-01	-2.0242161877e-01	-2.0242161877e-01	-2.4056161222e-01	-2.5107016400e-01	-2.5107016400e-01	-2.5107016400e-01	-2.5107016400e-01	-2.9673019873e-01	-2.9673019873e-01	-2.9673019873e-01	-3.2630760658e-01	-3.3675015183e-01	-3.3675015183e-01	-3.3675015183e-01	-3.5999885292e-01	-3.7059596971e-01	-3.7059596971e-01	-3.7059596971e-01	-3.8877274053e-01	-3.9797604658e-01	-3.9797604658e-01	-3.9797604658e-01	-4.1258773721e-01	-4.2697111666e-01	-4.2697111666e-01	-4.2697111666e-01	-4.5082818976e-01	-4.5082818976e-01	-4.5836570212e-01	-4.5836570212e-01	-4.5836570212e-01	-4.7724396398e-01	-4.7724396398e-01	-4.7724396398e-01	-4.8600300910e-01	-4.9468124426e-01	-4.9468124426e-01	-4.9468124426e-01	-5.0177958526e-01	-5.0920251407e-01	-5.0920251407e-01	-5.0920251407e-01	-5.2337046738e-01	-5.3514198201e-01	-5.3514198201e-01	-5.3514198201e-01	-5.3514198201e-01	-5.4182142458e-01	-5.4783833173e-01	-5.4783833173e-01	-5.4783833173e-01	-5.6015418615e-01	-5.6684654363e-01	-5.6684654363e-01	-5.6684654363e-01	-5.7896700276e-01	-5.7896700276e-01	-5.7896700276e-01	-5.8525861871e-01	-5.8525861871e-01	-5.9463509952e-01	-5.9463509952e-01	-6.0698128111e-01	-6.0698128111e-01	-6.1093030324e-01	-6.1093030324e-01	-6.1093030324e-01	-6.1692839918e-01	-6.2132861016e-01	-6.2132861016e-01	-6.3168414107e-01	-6.3168414107e-01	-6.3656855590e-01	-6.3656855590e-01	-6.3656855590e-01	-6.4418435552e-01	-6.4418435552e-01	-6.4485595899e-01	-6.5384520001e-01	-6.5384520001e-01	-6.5361907125e-01	-6.5361907125e-01	-6.5361907125e-01	-6.6209582751e-01	
391	0.0	-4.5906131969e-03	-4.5906131969e-03	-3.1780027853e-02	-6.3715020417e-02	-6.3715020417e-02	-6.3715020417e-02	-6.3715020417e-02	-1.0569215968e-01	-1.0569215968e-01	-1.0569215968e-01	-1.0569215968e-01	-1.5316169251e-01	-1.5316169251e-01	-1.5316169251e-01	-1.9143115893e-01	-2.0242169657e-01	-2.0242169657e-01	-2.0242169657e-01	-2.4056169647e-01	-2.5107025160e-01	-2.5107025160e-01	-2.5107025160e-01	-2.5107025160e-01	-2.9673028462e-01	-2.9673028462e-01	-2.9673028462e-01	-3.2630767700e-01	-3.3675022495e-01	-3.3675022495e-01	-3.3675022495e-01	-3.5999890627e-01	-3.7059602523e-01	-3.7059602523e-01	-3.7059602523e-01	-3.8877277587e-01	-3.9797608341e-01	-3.9797608341e-01	-3.9797608341e-01	-4.1258775640e-01	-4.2697113748e-01	-4.2697113748e-01	-4.2697113748e-01	-4.5082817902e-01	-4.5082817902e-01	-4.5836569159e-01	-4.5836569159e-01	-4.5836569159e-01	-4.7724394221e-01	-4.7724394221e-01	-4.7724394221e-01	-4.8600298114e-01	-4.9468121564e-01	-4.9468121564e-01	-4.9468121564e-01	-5.0177955327e-01	-5.0920248108e-01	-5.0920248108e-01	-5.0920248108e-01	-5.2337042875e-01	-5.3514194174e-01	-5.3514194174e-01	-5.3514194174e-01	-5.3514194174e-01	-5.4182138422e-01	-5.4783829096e-01	-5.4783829096e-01	-5.4783829096e-01	-5.6015414783e-01	-5.6684650472e-01	-5.6684650472e-01	-5.6684650472e-01	-5.7896696440e-01	-5.7896696440e-01	-5.7896696440e-01	-5.8525858196e-01	-5.8525858196e-01	-5.9463506033e-01	-5.9463506033e-01	-6.0698124578e-01	-6.0698124578e-01	-6.1093026652e-01	-6.1093026652e-01	-6.1093026652e-01	-6.1692836448e-01	-6.2132857343e-01	-6.2132857343e-01	-6.3168410770e-01	-6.3168410770e-01	-6.3656851871e-01	-6.3656851871e-01	-6.3656851871e-01	-6.4418432104e-01	-6.4418432104e-01	-6.4485592152e-01	-6.5384516714e-01	-6.5384516714e-01	-6.5361903419e-01	-6.5361903419e-01	-6.5361903419e-01	-6.6209579213e-01	
392	0.0	-4.5906214312e-03	-4.5906214312e-03	-3.1780034926e-02	-6.3715040105e-02	-6.3715040105e-02	-6.3715040105e-02	-6.3715040105e-02	-1.0569219522e-01	-1.0569219522e-01	-1.0569219522e-01	-1.0569219522e-01	-1.5316174417e-01	-1.5316174417e-01	-1.5316174417e-01	-1.9143122037e-01	-2.0242176154e-01	-2.0242176154e-01	-2.0242176154e-01	-2.4056176541e-01	-2.5107032348e-01	-2.5107032348e-01	-2.5107032348e-01	-2.5107032348e-01	-2.9673035238e-01	-2.9673035238e-01	-2.9673035238e-01	-3.2630772769e-01	-3.3675027800e-01	-3.3675027800e-01	-3.3675027800e-01	-3.5999893834e-01	-3.7059605916e-01	-3.7059605916e-01	-3.7059605916e-01	-3.8877278867e-01	-3.9797609747e-01	-3.9797609747e-01	-3.9797609747e-01	-4.1258775200e-01	-4.2697113439e-01	-4.2697113439e-01	-4.2697113439e-01	-4.5082814311e-01	-4.5082814311e-01	-4.5836565578e-01	-4.5836565578e-01	-4.5836565578e-01	-4.7724389449e-01	-4.7724389449e-01	-4.7724389449e-01	-4.8600292678e-01	-4.9468116050e-01	-4.9468116050e-01	-4.9468116050e-01	-5.0177949437e-01	-5.0920242109e-01	-5.0920242109e-01	-5.0920242109e-01	-5.2337036235e-01	-5.3514187357e-01	-5.3514187357e-01	-5.3514187357e-01	-5.3514187357e-01	-5.4182131560e-01	-5.4783822189e-01	-5.4783822189e-01	-5.4783822189e-01	-5.6015408053e-01	-5.6684643676e-01	-5.6684643676e-01	-5.6684643676e-01	-5.7896689655e-01	-5.7896689655e-01	-5.7896689655e-01	-5.8525851529e-01	-5.8525851529e-01	-5.9463499119e-01	-5.9463499119e-01	-6.0698117948e-01	-6.0698117948e-01	-6.1093019885e-01	-6.1093019885e-01	-6.1093019885e-01	-6.1692829830e-01	-6.2132850527e-01	-6.2132850527e-01	-6.3168404207e-01	-6.3168404207e-01	-6.3656844940e-01	-6.3656844940e-01	-6.3656844940e-01	-6.4418425381e-01	-6.4418425381e-01	-6.4485585144e-01	-6.5384510095e-01	-6.5384510095e-01	-6.5361896402e-01	-6.5361896402e-01	-6.5361896402e-01	-6.6209572326e-01	
393	0.0	-4.5906284937e-03	-4.5906284937e-03	-3.1780041040e-02	-6.3715056291e-02	-6.3715056291e-02	-6.3715056291e-02	-6.3715056291e-02	-1.0569222445e-01	-1.0569222445e-01	-1.0569222445e-01	-1.0569222445e-01	-1.5316178644e-01	-1.5316178644e-01	-1.5316178644e-01	-1.9143126987e-01	-2.0242181409e-01	-2.0242181409e-01	-2.0242181409e-01	-2.4056181960e-01	-2.5107038021e-01	-2.5107038021e-01	-2.5107038021e-01	-2.5107038021e-01	-2.9673040271e-01	-2.9673040271e-01	-2.9673040271e-01	-3.2630775955e-01	-3.3675031190e-01	-3.3675031190e-01	-3.3675031190e-01	-3.5999895021e-01	-3.7059607261e-01	-3.7059607261e-01	-3.7059607261e-01	-3.8877278019e-01	-3.9797609004e-01	-3.9797609004e-01	-3.9797609004e-01	-4.1258772544e-01	-4.2697110882e-01	-4.2697110882e-01	-4.2697110882e-01	-4.5082808372e-01	-4.5082808372e-01	-4.5836559637e-01	-4.5836559637e-01	-4.5836559637e-01	-4.7724382263e-01	-4.7724382263e-01	-4.7724382263e-01	-4.8600284789e-01	-4.9468108071e-01	-4.9468108071e-01	-4.9468108071e-01	-5.0177941047e-01	-5.0920233601e-01	-5.0920233601e-01	-5.0920233601e-01	-5.2337027019e-01	-5.3514177952e-01	-5.3514177952e-01	-5.3514177952e-01	-5.3514177952e-01	-5.4182122079e-01	-5.4783812654e-01	-5.4783812654e-01	-5.4783812654e-01	-5.6015398633e-01	-5.6684634184e-01	-5.6684634184e-01	-5.6684634184e-01	-5.7896680133e-01	-5.7896680133e-01	-5.7896680133e-01	-5.8525842084e-01	-5.8525842084e-01	-5.9463489426e-01	-5.9463489426e-01	-6.0698108439e-01	-6.0698108439e-01	-6.1093010241e-01	-6.1093010241e-01	-6.1093010241e-01	-6.1692820285e-01	-6.2132840790e-01	-6.2132840790e-01	-6.3168394643e-01	-6.3168394643e-01	-6.3656835025e-01	-6.3656835025e-01	-6.3656835025e-01	-6.4418415611e-01	-6.4418415611e-01	-6.4485575104e-01	-6.5384500375e-01	-6.5384500375e-01	-6.5361886308e-01	-6.5361886308e-01	-6.5361886308e-01	-6.6209562323e-01	
394	0.0	-4.5906344173e-03	-4.5906344173e-03	-3.1780046219e-02	-6.3715069098e-02	-6.3715069098e-02	-6.3715069098e-02	-6.3715069098e-02	-1.0569224760e-01	-1.0569224760e-01	-1.0569224760e-01	-1.0569224760e-01	-1.5316181966e-01	-1.5316181966e-01	-1.5316181966e-01	-1.9143130787e-01	-2.0242185468e-01	-2.0242185468e-01	-2.0242185468e-01	-2.4056185961e-01	-2.5107042237e-01	-2.5107042237e-01	-2.5107042237e-01	-2.5107042237e-01	-2.9673043638e-01	-2.9673043638e-01	-2.9673043638e-01	-3.2630777351e-01	-3.3675032758e-01	-3.3675032758e-01	-3.3675032758e-01	-3.5999894302e-01	-3.7059606671e-01	-3.7059606671e-01	-3.7059606671e-01	-3.8877275175e-01	-3.9797606242e-01	-3.9797606242e-01	-3.9797606242e-01	-4.1258767815e-01	-4.2697106223e-01	-4.2697106223e-01	-4.2697106223e-01	-4.5082800254e-01	-4.5082800254e-01	-4.5836551507e-01	-4.5836551507e-01	-4.5836551507e-01	-4.7724372842e-01	-4.7724372842e-01	-4.7724372842e-01	-4.8600274632e-01	-4.9468097813e-01	-4.9468097813e-01	-4.9468097813e-01	-5.0177930348e-01	-5.0920222777e-01	-5.0920222777e-01	-5.0920222777e-01	-5.2337015425e-01	-5.3514166160e-01	-5.3514166160e-01	-5.3514166160e-01	-5.3514166160e-01	-5.4182110181e-01	-5.4783800697e-01	-5.4783800697e-01	-5.4783800697e-01	-5.6015386730e-01	-5.6684622203e-01	-5.6684622203e-01	-5.6684622203e-01	-5.7896668084e-01	-5.7896668084e-01	-5.7896668084e-01	-5.8525830073e-01	-5.8525830073e-01	-5.9463477168e-01	-5.9463477168e-01	-6.0698096273e-01	-6.0698096273e-01	-6.1092997940e-01	-6.1092997940e-01	-6.1092997940e-01	-6.1692808037e-01	-6.2132828355e-01	-6.2132828355e-01	-6.3168382307e-01	-6.3168382307e-01	-6.3656822354e-01	-6.3656822354e-01	-6.3656822354e-01	-6.4418403026e-01	-6.4418403026e-01	-6.4485562265e-01	-6.5384487789e-01	-6.5384487789e-01	-6.5361873371e-01	-6.5361873371e-01	-6.5361873371e-01	-6.6209549443e-01	
395	0.0	-4.5906392386e-03	-4.5906392386e-03	-3.1780050489e-02	-6.3715078655e-02	-6.3715078655e-02	-6.3715078655e-02	-6.3715078655e-02	-1.0569226490e-01	-1.0569226490e-01	-1.0569226490e-01	-1.0569226490e-01	-1.5316184418e-01	-1.5316184418e-01	-1.5316184418e-01	-1.9143133484e-01	-2.0242188380e-01	-2.0242188380e-01	-2.0242188380e-01	-2.4056188607e-01	-2.5107045060e-01	-2.5107045060e-01	-2.5107045060e-01	-2.5107045060e-01	-2.9673045419e-01	-2.9673045419e-01	-2.9673045419e-01	-3.2630777056e-01	-3.3675032605e-01	-3.3675032605e-01	-3.3675032605e-01	-3.5999891792e-01	-3.7059604263e-01	-3.7059604263e-01	-3.7059604263e-01	-3.8877270465e-01	-3.9797601593e-01	-3.9797601593e-01	-3.9797601593e-01	-4.1258761161e-01	-4.2697099609e-01	-4.2697099609e-01	-4.2697099609e-01	-4.5082790128e-01	-4.5082790128e-01	-4.5836541359e-01	-4.5836541359e-01	-4.5836541359e-01	-4.7724361366e-01	-4.7724361366e-01	-4.7724361366e-01	-4.8600262394e-01	-4.9468085465e-01	-4.9468085465e-01	-4.9468085465e-01	-5.0177917532e-01	-5.0920209828e-01	-5.0920209828e-01	-5.0920209828e-01	-5.2337001655e-01	-5.3514152184e-01	-5.3514152184e-01	-5.3514152184e-01	-5.3514152184e-01	-5.4182096071e-01	-5.4783786524e-01	-5.4783786524e-01	-5.4783786524e-01	-5.6015372553e-01	-5.6684607943e-01	-5.6684607943e-01	-5.6684607943e-01	-5.7896653721e-01	-5.7896653721e-01	-5.7896653721e-01	-5.8525815710e-01	-5.8525815710e-01	-5.9463462559e-01	-5.9463462559e-01	-6.0698081667e-01	-6.0698081667e-01	-6.1092983204e-01	-6.1092983204e-01	-6.1092983204e-01	-6.1692793307e-01	-6.2132813446e-01	-6.2132813446e-01	-6.3168367425e-01	-6.3168367425e-01	-6.3656807155e-01	-6.3656807155e-01	-6.3656807155e-01	-6.4418387859e-01	-6.4418387859e-01	-6.4485546858e-01	-6.5384472572e-01	-6.5384472572e-01	-6.5361857827e-01	-6.5361857827e-01	-6.5361857827e-01	-6.6209533921e-01	
396	0.0	-4.5906429974e-03	-4.5906429974e-03	-3.1780053878e-02	-6.3715085101e-02	-6.3715085101e-02	-6.3715085101e-02	-6.3715085101e-02	-1.0569227660e-01	-1.0569227660e-01	-1.0569227660e-01	-1.0569227660e-01	-1.5316186039e-01	-1.5316186039e-01	-1.5316186039e-01	-1.9143135128e-01	-2.0242190197e-01	-2.0242190197e-01	-2.0242190197e-01	-2.4056189963e-01	-2.5107046557e-01	-2.5107046557e-01	-2.5107046557e-01	-2.5107046557e-01	-2.9673045697e-01	-2.9673045697e-01	-2.9673045697e-01	-3.2630775169e-01	-3.3675030830e-01	-3.3675030830e-01	-3.3675030830e-01	-3.5999887608e-01	-3.7059600156e-01	-3.7059600156e-01	-3.7059600156e-01	-3.8877264023e-01	-3.9797595193e-01	-3.9797595193e-01	-3.9797595193e-01	-4.1258752728e-01	-4.2697091189e-01	-4.2697091189e-01	-4.2697091189e-01	-4.5082778164e-01	-4.5082778164e-01	-4.5836529363e-01	-4.5836529363e-01	-4.5836529363e-01	-4.7724348016e-01	-4.7724348016e-01	-4.7724348016e-01	-4.8600248259e-01	-4.9468071212e-01	-4.9468071212e-01	-4.9468071212e-01	-5.0177902790e-01	-5.0920194947e-01	-5.0920194947e-01	-5.0920194947e-01	-5.2336985908e-01	-5.3514136223e-01	-5.3514136223e-01	-5.3514136223e-01	-5.3514136223e-01	-5.4182079951e-01	-5.4783770336e-01	-5.4783770336e-01	-5.4783770336e-01	-5.6015356308e-01	-5.6684591611e-01	-5.6684591611e-01	-5.6684591611e-01	-5.7896637252e-01	-5.7896637252e-01	-5.7896637252e-01	-5.8525799207e-01	-5.8525799207e-01	-5.9463445812e-01	-5.9463445812e-01	-6.0698064841e-01	-6.0698064841e-01	-6.1092966250e-01	-6.1092966250e-01	-6.1092966250e-01	-6.1692776319e-01	-6.2132796285e-01	-6.2132796285e-01	-6.3168350225e-01	-6.3168350225e-01	-6.3656789655e-01	-6.3656789655e-01	-6.3656789655e-01	-6.4418370338e-01	-6.4418370338e-01	-6.4485529115e-01	-6.5384454956e-01	-6.5384454956e-01	-6.5361839909e-01	-6.5361839909e-01	-6.5361839909e-01	-6.6209515992e-01	
397	0.0	-4.5906457361e-03	-4.5906457361e-03	-3.1780056419e-02	-6.3715088581e-02	-6.3715088581e-02	-6.3715088581e-02	-6.3715088581e-02	-1.0569228297e-01	-1.0569228297e-01	-1.0569228297e-01	-1.0569228297e-01	-1.5316186868e-01	-1.5316186868e-01	-1.5316186868e-01	-1.9143135772e-01	-2.0242190972e-01	-2.0242190972e-01	-2.0242190972e-01	-2.4056190098e-01	-2.5107046796e-01	-2.5107046796e-01	-2.5107046796e-01	-2.5107046796e-01	-2.9673044558e-01	-2.9673044558e-01	-2.9673044558e-01	-3.2630771793e-01	-3.3675027536e-01	-3.3675027536e-01	-3.3675027536e-01	-3.5999881870e-01	-3.7059594468e-01	-3.7059594468e-01	-3.7059594468e-01	-3.8877255983e-01	-3.9797587175e-01	-3.9797587175e-01	-3.9797587175e-01	-4.1258742664e-01	-4.2697081111e-01	-4.2697081111e-01	-4.2697081111e-01	-4.5082764530e-01	-4.5082764530e-01	-4.5836515689e-01	-4.5836515689e-01	-4.5836515689e-01	-4.7724332968e-01	-4.7724332968e-01	-4.7724332968e-01	-4.8600232411e-01	-4.9468055238e-01	-4.9468055238e-01	-4.9468055238e-01	-5.0177886309e-01	-5.0920178322e-01	-5.0920178322e-01	-5.0920178322e-01	-5.2336968380e-01	-5.3514118475e-01	-5.3514118475e-01	-5.3514118475e-01	-5.3514118475e-01	-5.4182062022e-01	-5.4783752334e-01	-5.4783752334e-01	-5.4783752334e-01	-5.6015338199e-01	-5.6684573411e-01	-5.6684573411e-01	-5.6684573411e-01	-5.7896618885e-01	-5.7896618885e-01	-5.7896618885e-01	-5.8525780774e-01	-5.8525780774e-01	-5.9463427138e-01	-5.9463427138e-01	-6.0698046012e-01	-6.0698046012e-01	-6.1092947296e-01	-6.1092947296e-01	-6.1092947296e-01	-6.1692757291e-01	-6.2132777091e-01	-6.2132777091e-01	-6.3168330929e-01	-6.3168330929e-01	-6.3656770078e-01	-6.3656770078e-01	-6.3656770078e-01	-6.4418350691e-01	-6.4418350691e-01	-6.4485509261e-01	-6.5384435172e-01	-6.5384435172e-01	-6.5361819846e-01	-6.5361819846e-01	-6.5361819846e-01	-6.6209495890e-01	
398	0.0	-4.5906474984e-03	-4.5906474984e-03	-3.1780058146e-02	-6.3715089247e-02	-6.3715089247e-02	-6.3715089247e-02	-6.3715089247e-02	-1.0569228427e-01	-1.0569228427e-01	-1.0569228427e-01	-1.0569228427e-01	-1.5316186945e-01	-1.5316186945e-01	-1.5316186945e-01	-1.9143135471e-01	-2.0242190761e-01	-2.0242190761e-01	-2.0242190761e-01	-2.4056189079e-01	-2.5107045848e-01	-2.5107045848e-01	-2.5107045848e-01	-2.5107045848e-01	-2.9673042089e-01	-2.9673042089e-01	-2.9673042089e-01	-3.2630767031e-01	-3.3675022829e-01	-3.3675022829e-01	-3.3675022829e-01	-3.5999874696e-01	-3.7059587321e-01	-3.7059587321e-01	-3.7059587321e-01	-3.8877246479e-01	-3.9797577675e-01	-3.9797577675e-01	-3.9797577675e-01	-4.1258731114e-01	-4.2697069522e-01	-4.2697069522e-01	-4.2697069522e-01	-4.5082749393e-01	-4.5082749393e-01	-4.5836500503e-01	-4.5836500503e-01	-4.5836500503e-01	-4.7724316400e-01	-4.7724316400e-01	-4.7724316400e-01	-4.8600215032e-01	-4.9468037726e-01	-4.9468037726e-01	-4.9468037726e-01	-5.0177868276e-01	-5.0920160141e-01	-5.0920160141e-01	-5.0920160141e-01	-5.2336949264e-01	-5.3514099136e-01	-5.3514099136e-01	-5.3514099136e-01	-5.3514099136e-01	-5.4182042481e-01	-5.4783732717e-01	-5.4783732717e-01	-5.4783732717e-01	-5.6015318428e-01	-5.6684553546e-01	-5.6684553546e-01	-5.6684553546e-01	-5.7896598824e-01	-5.7896598824e-01	-5.7896598824e-01	-5.8525760617e-01	-5.8525760617e-01	-5.9463406744e-01	-5.9463406744e-01	-6.0698025391e-01	-6.0698025391e-01	-6.1092926555e-01	-6.1092926555e-01	-6.1092926555e-01	-6.1692736438e-01	-6.2132756081e-01	-6.2132756081e-01	-6.3168309759e-01	-6.3168309759e-01	-6.3656748646e-01	-6.3656748646e-01	-6.3656748646e-01	-6.4418329142e-01	-6.4418329142e-01	-6.4485487522e-01	-6.5384413448e-01	-6.5384413448e-01	-6.5361797868e-01	-6.5361797868e-01	-6.5361797868e-01	-6.6209473844e-01	
399	0.0	-4.5906483319e-03	-4.5906483319e-03	-3.1780059094e-02	-6.3715087253e-02	-6.3715087253e-02	-6.3715087253e-02	-6.3715087253e-02	-1.0569228078e-01	-1.0569228078e-01	-1.0569228078e-01	-1.0569228078e-01	-1.5316186313e-01	-1.5316186313e-01	-1.5316186313e-01	-1.9143134278e-01	-2.0242189621e-01	-2.0242189621e-01	-2.0242189621e-01	-2.4056186978e-01	-2.5107043786e-01	-2.5107043786e-01	-2.5107043786e-01	-2.5107043786e-01	-2.9673038377e-01	-2.9673038377e-01	-2.9673038377e-01	-3.2630760987e-01	-3.3675016813e-01	-3.3675016813e-01	-3.3675016813e-01	-3.5999866206e-01	-3.7059578834e-01	-3.7059578834e-01	-3.7059578834e-01	-3.8877235643e-01	-3.9797566825e-01	-3.9797566825e-01	-3.9797566825e-01	-4.1258718222e-01	-4.2697056569e-01	-4.2697056569e-01	-4.2697056569e-01	-4.5082732918e-01	-4.5082732918e-01	-4.5836483971e-01	-4.5836483971e-01	-4.5836483971e-01	-4.7724298482e-01	-4.7724298482e-01	-4.7724298482e-01	-4.8600196297e-01	-4.9468018853e-01	-4.9468018853e-01	-4.9468018853e-01	-5.0177848871e-01	-5.0920140585e-01	-5.0920140585e-01	-5.0920140585e-01	-5.2336928749e-01	-5.3514078394e-01	-5.3514078394e-01	-5.3514078394e-01	-5.3514078394e-01	-5.4182021520e-01	-5.4783711677e-01	-5.4783711677e-01	-5.4783711677e-01	-5.6015297191e-01	-5.6684532213e-01	-5.6684532213e-01	-5.6684532213e-01	-5.7896577270e-01	-5.7896577270e-01	-5.7896577270e-01	-5.8525738939e-01	-5.8525738939e-01	-5.9463384834e-01	-5.9463384834e-01	-6.0698003187e-01	-6.0698003187e-01	-6.1092904235e-01	-6.1092904235e-01	-6.1092904235e-01	-6.1692713974e-01	-6.2132733468e-01	-6.2132733468e-01	-6.3168286930e-01	-6.3168286930e-01	-6.3656725573e-01	-6.3656725573e-01	-6.3656725573e-01	-6.4418305912e-01	-6.4418305912e-01	-6.4485464117e-01	-6.5384390007e-01	-6.5384390007e-01	-6.5361774197e-01	-6.5361774197e-01	-6.5361774197e-01	-6.6209450079e-01	
400	0.0	-4.5906482844e-03	-4.5906482844e-03	-3.1780059301e-02	-6.3715082760e-02	-6.3715082760e-02	-6.3715082760e-02	-6.3715082760e-02	-1.0569227280e-01	-1.0569227280e-01	-1.0569227280e-01	-1.0569227280e-01	-1.5316185016e-01	-1.5316185016e-01	-1.5316185016e-01	-1.9143132252e-01	-2.0242187610e-01	-2.0242187610e-01	-2.0242187610e-01	-2.4056183868e-01	-2.5107040683e-01	-2.5107040683e-01	-2.5107040683e-01	-2.5107040683e-01	-2.9673033513e-01	-2.9673033513e-01	-2.9673033513e-01	-3.2630753763e-01	-3.3675009592e-01	-3.3675009592e-01	-3.3675009592e-01	-3.5999856517e-01	-3.7059569126e-01	-3.7059569126e-01	-3.7059569126e-01	-3.8877223606e-01	-3.9797554758e-01	-3.9797554758e-01	-3.9797554758e-01	-4.1258704132e-01	-4.2697042394e-01	-4.2697042394e-01	-4.2697042394e-01	-4.5082715265e-01	-4.5082715265e-01	-4.5836466254e-01	-4.5836466254e-01	-4.5836466254e-01	-4.7724279383e-01	-4.7724279383e-01	-4.7724279383e-01	-4.8600176381e-01	-4.9467998793e-01	-4.9467998793e-01	-4.9467998793e-01	-5.0177828272e-01	-5.0920119832e-01	-5.0920119832e-01	-5.0920119832e-01	-5.2336907022e-01	-5.3514056437e-01	-5.3514056437e-01	-5.3514056437e-01	-5.3514056437e-01	-5.4181999328e-01	-5.4783689402e-01	-5.4783689402e-01	-5.4783689402e-01	-5.6015274680e-01	-5.6684509604e-01	-5.6684509604e-01	-5.6684509604e-01	-5.7896554417e-01	-5.7896554417e-01	-5.7896554417e-01	-5.8525715937e-01	-5.8525715937e-01	-5.9463361606e-01	-5.9463361606e-01	-6.0697979605e-01	-6.0697979605e-01	-6.1092880541e-01	-6.1092880541e-01	-6.1092880541e-01	-6.1692690104e-01	-6.2132709456e-01	-6.2132709456e-01	-6.3168262655e-01	-6.3168262655e-01	-6.3656701073e-01	-6.3656701073e-01	-6.3656701073e-01	-6.4418281215e-01	-6.4418281215e-01	-6.4485439261e-01	-6.5384365067e-01	-6.5384365067e-01	-6.5361749049e-01	-6.5361749049e-01	-6.5361749049e-01	-6.6209424813e-01	
401	0.0	-4.5906474055e-03	-4.5906474055e-03	-3.1780058805e-02	-6.3715075928e-02	-6.3715075928e-02	-6.3715075928e-02	-6.3715075928e-02	-1.0569226061e-01	-1.0569226061e-01	-1.0569226061e-01	-1.0569226061e-01	-1.5316183096e-01	-1.5316183096e-01	-1.5316183096e-01	-1.9143129448e-01	-2.0242184787e-01	-2.0242184787e-01	-2.0242184787e-01	-2.4056179820e-01	-2.5107036612e-01	-2.5107036612e-01	-2.5107036612e-01	-2.5107036612e-01	-2.9673027587e-01	-2.9673027587e-01	-2.9673027587e-01	-3.2630745465e-01	-3.3675001272e-01	-3.3675001272e-01	-3.3675001272e-01	-3.5999845747e-01	-3.7059558317e-01	-3.7059558317e-01	-3.7059558317e-01	-3.8877210498e-01	-3.9797541604e-01	-3.9797541604e-01	-3.9797541604e-01	-4.1258688983e-01	-4.2697027140e-01	-4.2697027140e-01	-4.2697027140e-01	-4.5082696590e-01	-4.5082696590e-01	-4.5836447509e-01	-4.5836447509e-01	-4.5836447509e-01	-4.7724259268e-01	-4.7724259268e-01	-4.7724259268e-01	-4.8600155451e-01	-4.9467977717e-01	-4.9467977717e-01	-4.9467977717e-01	-5.0177806652e-01	-5.0920098057e-01	-5.0920098057e-01	-5.0920098057e-01	-5.2336884260e-01	-5.3514033445e-01	-5.3514033445e-01	-5.3514033445e-01	-5.3514033445e-01	-5.4181976087e-01	-5.4783666077e-01	-5.4783666077e-01	-5.4783666077e-01	-5.6015251083e-01	-5.6684485907e-01	-5.6684485907e-01	-5.6684485907e-01	-5.7896530456e-01	-5.7896530456e-01	-5.7896530456e-01	-5.8525691803e-01	-5.8525691803e-01	-5.9463337251e-01	-5.9463337251e-01	-6.0697954842e-01	-6.0697954842e-01	-6.1092855671e-01	-6.1092855671e-01	-6.1092855671e-01	-6.1692665030e-01	-6.2132684249e-01	-6.2132684249e-01	-6.3168237139e-01	-6.3168237139e-01	-6.3656675349e-01	-6.3656675349e-01	-6.3656675349e-01	-6.4418255260e-01	-6.4418255260e-01	-6.4485413163e-01	-6.5384338839e-01	-6.5384338839e-01	-6.5361722638e-01	-6.5361722638e-01	-6.5361722638e-01	-6.6209398261e-01	
402	0.0	-4.5906457457e-03	-4.5906457457e-03	-3.1780057647e-02	-6.3715066921e-02	-6.3715066921e-02	-6.3715066921e-02	-6.3715066921e-02	-1.0569224450e-01	-1.0569224450e-01	-1.0569224450e-01	-1.0569224450e-01	-1.5316180599e-01	-1.5316180599e-01	-1.5316180599e-01	-1.9143125924e-01	-2.0242181211e-01	-2.0242181211e-01	-2.0242181211e-01	-2.4056174908e-01	-2.5107031649e-01	-2.5107031649e-01	-2.5107031649e-01	-2.5107031649e-01	-2.9673020686e-01	-2.9673020686e-01	-2.9673020686e-01	-3.2630736193e-01	-3.3674991956e-01	-3.3674991956e-01	-3.3674991956e-01	-3.5999834012e-01	-3.7059546522e-01	-3.7059546522e-01	-3.7059546522e-01	-3.8877196446e-01	-3.9797527491e-01	-3.9797527491e-01	-3.9797527491e-01	-4.1258672912e-01	-4.2697010945e-01	-4.2697010945e-01	-4.2697010945e-01	-4.5082677048e-01	-4.5082677048e-01	-4.5836427890e-01	-4.5836427890e-01	-4.5836427890e-01	-4.7724238297e-01	-4.7724238297e-01	-4.7724238297e-01	-4.8600133672e-01	-4.9467955788e-01	-4.9467955788e-01	-4.9467955788e-01	-5.0177784179e-01	-5.0920075428e-01	-5.0920075428e-01	-5.0920075428e-01	-5.2336860639e-01	-5.3514009594e-01	-5.3514009594e-01	-5.3514009594e-01	-5.3514009594e-01	-5.4181951975e-01	-5.4783641879e-01	-5.4783641879e-01	-5.4783641879e-01	-5.6015226581e-01	-5.6684461303e-01	-5.6684461303e-01	-5.6684461303e-01	-5.7896505570e-01	-5.7896505570e-01	-5.7896505570e-01	-5.8525666724e-01	-5.8525666724e-01	-5.9463311958e-01	-5.9463311958e-01	-6.0697929091e-01	-6.0697929091e-01	-6.1092829817e-01	-6.1092829817e-01	-6.1092829817e-01	-6.1692638947e-01	-6.2132658042e-01	-6.2132658042e-01	-6.3168210581e-01	-6.3168210581e-01	-6.3656648602e-01	-6.3656648602e-01	-6.3656648602e-01	-6.4418228250e-01	-6.4418228250e-01	-6.4485386025e-01	-6.5384311529e-01	-6.5384311529e-01	-6.5361695167e-01	-6.5361695167e-01	-6.5361695167e-01	-6.6209370631e-01	
403	0.0	-4.5906433561e-03	-4.5906433561e-03	-3.1780055868e-02	-6.3715055904e-02	-6.3715055904e-02	-6.3715055904e-02	-6.3715055904e-02	-1.0569222478e-01	-1.0569222478e-01	-1.0569222478e-01	-1.0569222478e-01	-1.5316177567e-01	-1.5316177567e-01	-1.5316177567e-01	-1.9143121738e-01	-2.0242176942e-01	-2.0242176942e-01	-2.0242176942e-01	-2.4056169203e-01	-2.5107025868e-01	-2.5107025868e-01	-2.5107025868e-01	-2.5107025868e-01	-2.9673012901e-01	-2.9673012901e-01	-2.9673012901e-01	-3.2630726050e-01	-3.3674981748e-01	-3.3674981748e-01	-3.3674981748e-01	-3.5999821425e-01	-3.7059533858e-01	-3.7059533858e-01	-3.7059533858e-01	-3.8877181574e-01	-3.9797512545e-01	-3.9797512545e-01	-3.9797512545e-01	-4.1258656051e-01	-4.2696993943e-01	-4.2696993943e-01	-4.2696993943e-01	-4.5082656785e-01	-4.5082656785e-01	-4.5836407546e-01	-4.5836407546e-01	-4.5836407546e-01	-4.7724216623e-01	-4.7724216623e-01	-4.7724216623e-01	-4.8600111202e-01	-4.9467933166e-01	-4.9467933166e-01	-4.9467933166e-01	-5.0177761014e-01	-5.0920052108e-01	-5.0920052108e-01	-5.0920052108e-01	-5.2336836327e-01	-5.3513985051e-01	-5.3513985051e-01	-5.3513985051e-01	-5.3513985051e-01	-5.4181927162e-01	-5.4783616979e-01	-5.4783616979e-01	-5.4783616979e-01	-5.6015201348e-01	-5.6684435968e-01	-5.6684435968e-01	-5.6684435968e-01	-5.7896479938e-01	-5.7896479938e-01	-5.7896479938e-01	-5.8525640880e-01	-5.8525640880e-01	-5.9463285907e-01	-5.9463285907e-01	-6.0697902537e-01	-6.0697902537e-01	-6.1092803165e-01	-6.1092803165e-01	-6.1092803165e-01	-6.1692612043e-01	-6.2132631022e-01	-6.2132631022e-01	-6.3168183175e-01	-6.3168183175e-01	-6.3656621024e-01	-6.3656621024e-01	-6.3656621024e-01	-6.4418200380e-01	-6.4418200380e-01	-6.4485358042e-01	-6.5384283338e-01	-6.5384283338e-01	-6.5361666836e-01	-6.5361666836e-01	-6.5361666836e-01	-6.6209342121e-01	
404	0.0	-4.5906402884e-03	-4.5906402884e-03	-3.1780053510e-02	-6.3715043042e-02	-6.3715043042e-02	-6.3715043042e-02	-6.3715043042e-02	-1.0569220173e-01	-1.0569220173e-01	-1.0569220173e-01	-1.0569220173e-01	-1.5316174047e-01	-1.5316174047e-01	-1.5316174047e-01	-1.9143116947e-01	-2.0242172040e-01	-2.0242172040e-01	-2.0242172040e-01	-2.4056162780e-01	-2.5107019343e-01	-2.5107019343e-01	-2.5107019343e-01	-2.5107019343e-01	-2.9673004319e-01	-2.9673004319e-01	-2.9673004319e-01	-3.2630715135e-01	-3.3674970747e-01	-3.3674970747e-01	-3.3674970747e-01	-3.5999808097e-01	-3.7059520435e-01	-3.7059520435e-01	-3.7059520435e-01	-3.8877166002e-01	-3.9797496887e-01	-3.9797496887e-01	-3.9797496887e-01	-4.1258638531e-01	-4.2696976266e-01	-4.2696976266e-01	-4.2696976266e-01	-4.5082635944e-01	-4.5082635944e-01	-4.5836386619e-01	-4.5836386619e-01	-4.5836386619e-01	-4.7724194397e-01	-4.7724194397e-01	-4.7724194397e-01	-4.8600088194e-01	-4.9467910003e-01	-4.9467910003e-01	-4.9467910003e-01	-5.0177737313e-01	-5.0920028252e-01	-5.0920028252e-01	-5.0920028252e-01	-5.2336811484e-01	-5.3513959981e-01	-5.3513959981e-01	-5.3513959981e-01	-5.3513959981e-01	-5.4181901814e-01	-5.4783591543e-01	-5.4783591543e-01	-5.4783591543e-01	-5.6015175554e-01	-5.6684410070e-01	-5.6684410070e-01	-5.6684410070e-01	-5.7896453730e-01	-5.7896453730e-01	-5.7896453730e-01	-5.8525614444e-01	-5.8525614444e-01	-5.9463259271e-01	-5.9463259271e-01	-6.0697875360e-01	-6.0697875360e-01	-6.1092775895e-01	-6.1092775895e-01	-6.1092775895e-01	-6.1692584501e-01	-6.2132603371e-01	-6.2132603371e-01	-6.3168155106e-01	-6.3168155106e-01	-6.3656592801e-01	-6.3656592801e-01	-6.3656592801e-01	-6.4418171839e-01	-6.4418171839e-01	-6.4485329403e-01	-6.5384254455e-01	-6.5384254455e-01	-6.5361637835e-01	-6.5361637835e-01	-6.5361637835e-01	-6.6209312926e-01	
405	0.0	-4.5906365948e-03	-4.5906365948e-03	-3.1780050614e-02	-6.3715028500e-02	-6.3715028500e-02	-6.3715028500e-02	-6.3715028500e-02	-1.0569217566e-01	-1.0569217566e-01	-1.0569217566e-01	-1.0569217566e-01	-1.5316170082e-01	-1.5316170082e-01	-1.5316170082e-01	-1.9143111609e-01	-2.0242166563e-01	-2.0242166563e-01	-2.0242166563e-01	-2.4056155708e-01	-2.5107012148e-01	-2.5107012148e-01	-2.5107012148e-01	-2.5107012148e-01	-2.9672995028e-01	-2.9672995028e-01	-2.9672995028e-01	-3.2630703545e-01	-3.3674959053e-01	-3.3674959053e-01	-3.3674959053e-01	-3.5999794136e-01	-3.7059506364e-01	-3.7059506364e-01	-3.7059506364e-01	-3.8877149849e-01	-3.9797480636e-01	-3.9797480636e-01	-3.9797480636e-01	-4.1258620476e-01	-4.2696958039e-01	-4.2696958039e-01	-4.2696958039e-01	-4.5082614664e-01	-4.5082614664e-01	-4.5836365248e-01	-4.5836365248e-01	-4.5836365248e-01	-4.7724171760e-01	-4.7724171760e-01	-4.7724171760e-01	-4.8600064793e-01	-4.9467886447e-01	-4.9467886447e-01	-4.9467886447e-01	-5.0177713227e-01	-5.0920004011e-01	-5.0920004011e-01	-5.0920004011e-01	-5.2336786267e-01	-5.3513934539e-01	-5.3513934539e-01	-5.3513934539e-01	-5.3513934539e-01	-5.4181876088e-01	-5.4783565728e-01	-5.4783565728e-01	-5.4783565728e-01	-5.6015149359e-01	-5.6684383772e-01	-5.6684383772e-01	-5.6684383772e-01	-5.7896427110e-01	-5.7896427110e-01	-5.7896427110e-01	-5.8525587582e-01	-5.8525587582e-01	-5.9463232218e-01	-5.9463232218e-01	-6.0697847731e-01	-6.0697847731e-01	-6.1092748178e-01	-6.1092748178e-01	-6.1092748178e-01	-6.1692556495e-01	-6.2132575265e-01	-6.2132575265e-01	-6.3168126553e-01	-6.3168126553e-01	-6.3656564111e-01	-6.3656564111e-01	-6.3656564111e-01	-6.4418142808e-01	-6.4418142808e-01	-6.4485300289e-01	-6.5384225065e-01	-6.5384225065e-01	-6.5361608348e-01	-6.5361608348e-01	-6.5361608348e-01	-6.6209283230e-01	
406	0.0	-4.5906323268e-03	-4.5906323268e-03	-3.1780047225e-02	-6.3715012441e-02	-6.3715012441e-02	-6.3715012441e-02	-6.3715012441e-02	-1.0569214687e-01	-1.0569214687e-01	-1.0569214687e-01	-1.0569214687e-01	-1.5316165715e-01	-1.5316165715e-01	-1.5316165715e-01	-1.9143105780e-01	-2.0242160570e-01	-2.0242160570e-01	-2.0242160570e-01	-2.4056148060e-01	-2.5107004354e-01	-2.5107004354e-01	-2.5107004354e-01	-2.5107004354e-01	-2.9672985112e-01	-2.9672985112e-01	-2.9672985112e-01	-3.2630691377e-01	-3.3674946763e-01	-3.3674946763e-01	-3.3674946763e-01	-3.5999779648e-01	-3.7059491751e-01	-3.7059491751e-01	-3.7059491751e-01	-3.8877133228e-01	-3.9797463906e-01	-3.9797463906e-01	-3.9797463906e-01	-4.1258602008e-01	-4.2696939385e-01	-4.2696939385e-01	-4.2696939385e-01	-4.5082593075e-01	-4.5082593075e-01	-4.5836343565e-01	-4.5836343565e-01	-4.5836343565e-01	-4.7724148849e-01	-4.7724148849e-01	-4.7724148849e-01	-4.8600041139e-01	-4.9467862638e-01	-4.9467862638e-01	-4.9467862638e-01	-5.0177688897e-01	-5.0919979529e-01	-5.0919979529e-01	-5.0919979529e-01	-5.2336760823e-01	-5.3513908873e-01	-5.3513908873e-01	-5.3513908873e-01	-5.3513908873e-01	-5.4181850135e-01	-5.4783539685e-01	-5.4783539685e-01	-5.4783539685e-01	-5.6015122917e-01	-5.6684357228e-01	-5.6684357228e-01	-5.6684357228e-01	-5.7896400236e-01	-5.7896400236e-01	-5.7896400236e-01	-5.8525560453e-01	-5.8525560453e-01	-5.9463204905e-01	-5.9463204905e-01	-6.0697819815e-01	-6.0697819815e-01	-6.1092720178e-01	-6.1092720178e-01	-6.1092720178e-01	-6.1692528191e-01	-6.2132546869e-01	-6.2132546869e-01	-6.3168097686e-01	-6.3168097686e-01	-6.3656535123e-01	-6.3656535123e-01	-6.3656535123e-01	-6.4418113461e-01	-6.4418113461e-01	-6.4485270871e-01	-6.5384195344e-01	-6.5384195344e-01	-6.5361578549e-01	-6.5361578549e-01	-6.5361578549e-01	-6.6209253210e-01	
407	0.0	-4.5906275364e-03	-4.5906275364e-03	-3.1780043385e-02	-6.3714995026e-02	-6.3714995026e-02	-6.3714995026e-02	-6.3714995026e-02	-1.0569211563e-01	-1.0569211563e-01	-1.0569211563e-01	-1.0569211563e-01	-1.5316160992e-01	-1.5316160992e-01	-1.5316160992e-01	-1.9143099516e-01	-2.0242154120e-01	-2.0242154120e-01	-2.0242154120e-01	-2.4056139904e-01	-2.5106996034e-01	-2.5106996034e-01	-2.5106996034e-01	-2.5106996034e-01	-2.9672974656e-01	-2.9672974656e-01	-2.9672974656e-01	-3.2630678722e-01	-3.3674933971e-01	-3.3674933971e-01	-3.3674933971e-01	-3.5999764734e-01	-3.7059476699e-01	-3.7059476699e-01	-3.7059476699e-01	-3.8877116249e-01	-3.9797446809e-01	-3.9797446809e-01	-3.9797446809e-01	-4.1258583241e-01	-4.2696920422e-01	-4.2696920422e-01	-4.2696920422e-01	-4.5082571305e-01	-4.5082571305e-01	-4.5836321698e-01	-4.5836321698e-01	-4.5836321698e-01	-4.7724125797e-01	-4.7724125797e-01	-4.7724125797e-01	-4.8600017366e-01	-4.9467838712e-01	-4.9467838712e-01	-4.9467838712e-01	-5.0177664460e-01	-5.0919954943e-01	-5.0919954943e-01	-5.0919954943e-01	-5.2336735294e-01	-5.3513883126e-01	-5.3513883126e-01	-5.3513883126e-01	-5.3513883126e-01	-5.4181824099e-01	-5.4783513559e-01	-5.4783513559e-01	-5.4783513559e-01	-5.6015096376e-01	-5.6684330586e-01	-5.6684330586e-01	-5.6684330586e-01	-5.7896373256e-01	-5.7896373256e-01	-5.7896373256e-01	-5.8525533209e-01	-5.8525533209e-01	-5.9463177486e-01	-5.9463177486e-01	-6.0697791767e-01	-6.0697791767e-01	-6.1092692053e-01	-6.1092692053e-01	-6.1092692053e-01	-6.1692499749e-01	-6.2132518343e-01	-6.2132518343e-01	-6.3168068668e-01	-6.3168068668e-01	-6.3656506000e-01	-6.3656506000e-01	-6.3656506000e-01	-6.4418083963e-01	-6.4418083963e-01	-6.4485241316e-01	-6.5384165461e-01	-6.5384165461e-01	-6.5361548606e-01	-6.5361548606e-01	-6.5361548606e-01	-6.6209223035e-01	
408	0.0	-4.5906222752e-03	-4.5906222752e-03	-3.1780039137e-02	-6.3714976417e-02	-6.3714976417e-02	-6.3714976417e-02	-6.3714976417e-02	-1.0569208224e-01	-1.0569208224e-01	-1.0569208224e-01	-1.0569208224e-01	-1.5316155953e-01	-1.5316155953e-01	-1.5316155953e-01	-1.9143092871e-01	-2.0242147268e-01	-2.0242147268e-01	-2.0242147268e-01	-2.4056131310e-01	-2.5106987258e-01	-2.5106987258e-01	-2.5106987258e-01	-2.5106987258e-01	-2.9672963741e-01	-2.9672963741e-01	-2.9672963741e-01	-3.2630665672e-01	-3.3674920770e-01	-3.3674920770e-01	-3.3674920770e-01	-3.5999749493e-01	-3.7059461309e-01	-3.7059461309e-01	-3.7059461309e-01	-3.8877099016e-01	-3.9797429450e-01	-3.9797429450e-01	-3.9797429450e-01	-4.1258564288e-01	-4.2696901262e-01	-4.2696901262e-01	-4.2696901262e-01	-4.5082549472e-01	-4.5082549472e-01	-4.5836299766e-01	-4.5836299766e-01	-4.5836299766e-01	-4.7724102726e-01	-4.7724102726e-01	-4.7724102726e-01	-4.8599993601e-01	-4.9467814793e-01	-4.9467814793e-01	-4.9467814793e-01	-5.0177640046e-01	-5.0919930381e-01	-5.0919930381e-01	-5.0919930381e-01	-5.2336709812e-01	-5.3513857431e-01	-5.3513857431e-01	-5.3513857431e-01	-5.3513857431e-01	-5.4181798114e-01	-5.4783487486e-01	-5.4783487486e-01	-5.4783487486e-01	-5.6015069875e-01	-5.6684303985e-01	-5.6684303985e-01	-5.6684303985e-01	-5.7896346313e-01	-5.7896346313e-01	-5.7896346313e-01	-5.8525505992e-01	-5.8525505992e-01	-5.9463150103e-01	-5.9463150103e-01	-6.0697763737e-01	-6.0697763737e-01	-6.1092663949e-01	-6.1092663949e-01	-6.1092663949e-01	-6.1692471319e-01	-6.2132489836e-01	-6.2132489836e-01	-6.3168039653e-01	-6.3168039653e-01	-6.3656476896e-01	-6.3656476896e-01	-6.3656476896e-01	-6.4418054470e-01	-6.4418054470e-01	-6.4485211778e-01	-6.5384135572e-01	-6.5384135572e-01	-6.5361518677e-01	-6.5361518677e-01	-6.5361518677e-01	-6.6209192865e-01	
409	0.0	-4.5906165939e-03	-4.5906165939e-03	-3.1780034525e-02	-6.3714956770e-02	-6.3714956770e-02	-6.3714956770e-02	-6.3714956770e-02	-1.0569204698e-01	-1.0569204698e-01	-1.0569204698e-01	-1.0569204698e-01	-1.5316150643e-01	-1.5316150643e-01	-1.5316150643e-01	-1.9143085900e-01	-2.0242140071e-01	-2.0242140071e-01	-2.0242140071e-01	-2.4056122344e-01	-2.5106978094e-01	-2.5106978094e-01	-2.5106978094e-01	-2.5106978094e-01	-2.9672952448e-01	-2.9672952448e-01	-2.9672952448e-01	-3.2630652313e-01	-3.3674907247e-01	-3.3674907247e-01	-3.3674907247e-01	-3.5999734021e-01	-3.7059445676e-01	-3.7059445676e-01	-3.7059445676e-01	-3.8877081631e-01	-3.9797411931e-01	-3.9797411931e-01	-3.9797411931e-01	-4.1258545254e-01	-4.2696882013e-01	-4.2696882013e-01	-4.2696882013e-01	-4.5082527692e-01	-4.5082527692e-01	-4.5836277884e-01	-4.5836277884e-01	-4.5836277884e-01	-4.7724079755e-01	-4.7724079755e-01	-4.7724079755e-01	-4.8599969963e-01	-4.9467791005e-01	-4.9467791005e-01	-4.9467791005e-01	-5.0177615776e-01	-5.0919905968e-01	-5.0919905968e-01	-5.0919905968e-01	-5.2336684504e-01	-5.3513831916e-01	-5.3513831916e-01	-5.3513831916e-01	-5.3513831916e-01	-5.4181772310e-01	-5.4783461594e-01	-5.4783461594e-01	-5.4783461594e-01	-5.6015043545e-01	-5.6684277557e-01	-5.6684277557e-01	-5.6684277557e-01	-5.7896319540e-01	-5.7896319540e-01	-5.7896319540e-01	-5.8525478940e-01	-5.8525478940e-01	-5.9463122893e-01	-5.9463122893e-01	-6.0697735864e-01	-6.0697735864e-01	-6.1092636008e-01	-6.1092636008e-01	-6.1092636008e-01	-6.1692443043e-01	-6.2132461492e-01	-6.2132461492e-01	-6.3168010787e-01	-6.3168010787e-01	-6.3656447956e-01	-6.3656447956e-01	-6.3656447956e-01	-6.4418025130e-01	-6.4418025130e-01	-6.4485182406e-01	-6.5384105831e-01	-6.5384105831e-01	-6.5361488911e-01	-6.5361488911e-01	-6.5361488911e-01	-6.6209162852e-01	
410	0.0	-4.5906105432e-03	-4.5906105432e-03	-3.1780029591e-02	-6.3714936239e-02	-6.3714936239e-02	-6.3714936239e-02	-6.3714936239e-02	-1.0569201013e-01	-1.0569201013e-01	-1.0569201013e-01	-1.0569201013e-01	-1.5316145101e-01	-1.5316145101e-01	-1.5316145101e-01	-1.9143078655e-01	-2.0242132584e-01	-2.0242132584e-01	-2.0242132584e-01	-2.4056113070e-01	-2.5106968609e-01	-2.5106968609e-01	-2.5106968609e-01	-2.5106968609e-01	-2.9672940852e-01	-2.9672940852e-01	-2.9672940852e-01	-3.2630638730e-01	-3.3674893488e-01	-3.3674893488e-01	-3.3674893488e-01	-3.5999718407e-01	-3.7059429893e-01	-3.7059429893e-01	-3.7059429893e-01	-3.8877064190e-01	-3.9797394350e-01	-3.9797394350e-01	-3.9797394350e-01	-4.1258526240e-01	-4.2696862777e-01	-4.2696862777e-01	-4.2696862777e-01	-4.5082506071e-01	-4.5082506071e-01	-4.5836256161e-01	-4.5836256161e-01	-4.5836256161e-01	-4.7724056994e-01	-4.7724056994e-01	-4.7724056994e-01	-4.8599946565e-01	-4.9467767458e-01	-4.9467767458e-01	-4.9467767458e-01	-5.0177591766e-01	-5.0919881819e-01	-5.0919881819e-01	-5.0919881819e-01	-5.2336659489e-01	-5.3513806701e-01	-5.3513806701e-01	-5.3513806701e-01	-5.3513806701e-01	-5.4181746807e-01	-5.4783436004e-01	-5.4783436004e-01	-5.4783436004e-01	-5.6015017511e-01	-5.6684251426e-01	-5.6684251426e-01	-5.6684251426e-01	-5.7896293064e-01	-5.7896293064e-01	-5.7896293064e-01	-5.8525452179e-01	-5.8525452179e-01	-5.9463095984e-01	-5.9463095984e-01	-6.0697708281e-01	-6.0697708281e-01	-6.1092608362e-01	-6.1092608362e-01	-6.1092608362e-01	-6.1692415057e-01	-6.2132433444e-01	-6.2132433444e-01	-6.3167982208e-01	-6.3167982208e-01	-6.3656419317e-01	-6.3656419317e-01	-6.3656419317e-01	-6.4417996083e-01	-6.4417996083e-01	-6.4485153338e-01	-6.5384076379e-01	-6.5384076379e-01	-6.5361459451e-01	-6.5361459451e-01	-6.5361459451e-01	-6.6209133138e-01	
411	0.0	-4.5906041725e-03	-4.5906041725e-03	-3.1780024376e-02	-6.3714914974e-02	-6.3714914974e-02	-6.3714914974e-02	-6.3714914974e-02	-1.0569197195e-01	-1.0569197195e-01	-1.0569197195e-01	-1.0569197195e-01	-1.5316139367e-01	-1.5316139367e-01	-1.5316139367e-01	-1.9143071187e-01	-2.0242124859e-01	-2.0242124859e-01	-2.0242124859e-01	-2.4056103553e-01	-2.5106958869e-01	-2.5106958869e-01	-2.5106958869e-01	-2.5106958869e-01	-2.9672929030e-01	-2.9672929030e-01	-2.9672929030e-01	-3.2630625004e-01	-3.3674879577e-01	-3.3674879577e-01	-3.3674879577e-01	-3.5999702738e-01	-3.7059414048e-01	-3.7059414048e-01	-3.7059414048e-01	-3.8877046785e-01	-3.9797376799e-01	-3.9797376799e-01	-3.9797376799e-01	-4.1258507342e-01	-4.2696843651e-01	-4.2696843651e-01	-4.2696843651e-01	-4.5082484711e-01	-4.5082484711e-01	-4.5836234698e-01	-4.5836234698e-01	-4.5836234698e-01	-4.7724034548e-01	-4.7724034548e-01	-4.7724034548e-01	-4.8599923513e-01	-4.9467744262e-01	-4.9467744262e-01	-4.9467744262e-01	-5.0177568124e-01	-5.0919858042e-01	-5.0919858042e-01	-5.0919858042e-01	-5.2336634877e-01	-5.3513781895e-01	-5.3513781895e-01	-5.3513781895e-01	-5.3513781895e-01	-5.4181721719e-01	-5.4783410831e-01	-5.4783410831e-01	-5.4783410831e-01	-5.6014991888e-01	-5.6684225709e-01	-5.6684225709e-01	-5.6684225709e-01	-5.7896267002e-01	-5.7896267002e-01	-5.7896267002e-01	-5.8525425829e-01	-5.8525425829e-01	-5.9463069496e-01	-5.9463069496e-01	-6.0697681111e-01	-6.0697681111e-01	-6.1092581135e-01	-6.1092581135e-01	-6.1092581135e-01	-6.1692387485e-01	-6.2132405819e-01	-6.2132405819e-01	-6.3167954045e-01	-6.3167954045e-01	-6.3656391107e-01	-6.3656391107e-01	-6.3656391107e-01	-6.4417967461e-01	-6.4417967461e-01	-6.4485124705e-01	-6.5384047349e-01	-6.5384047349e-01	-6.5361430428e-01	-6.5361430428e-01	-6.5361430428e-01	-6.6209103857e-01	
412	0.0	-4.5905975306e-03	-4.5905975306e-03	-3.1780018922e-02	-6.3714893122e-02	-6.3714893122e-02	-6.3714893122e-02	-6.3714893122e-02	-1.0569193272e-01	-1.0569193272e-01	-1.0569193272e-01	-1.0569193272e-01	-1.5316133482e-01	-1.5316133482e-01	-1.5316133482e-01	-1.9143063545e-01	-2.0242116949e-01	-2.0242116949e-01	-2.0242116949e-01	-2.4056093853e-01	-2.5106948935e-01	-2.5106948935e-01	-2.5106948935e-01	-2.5106948935e-01	-2.9672917053e-01	-2.9672917053e-01	-2.9672917053e-01	-3.2630611211e-01	-3.3674865590e-01	-3.3674865590e-01	-3.3674865590e-01	-3.5999687097e-01	-3.7059398223e-01	-3.7059398223e-01	-3.7059398223e-01	-3.8877029502e-01	-3.9797359366e-01	-3.9797359366e-01	-3.9797359366e-01	-4.1258488649e-01	-4.2696824726e-01	-4.2696824726e-01	-4.2696824726e-01	-4.5082463705e-01	-4.5082463705e-01	-4.5836213590e-01	-4.5836213590e-01	-4.5836213590e-01	-4.7724012514e-01	-4.7724012514e-01	-4.7724012514e-01	-4.8599900906e-01	-4.9467721513e-01	-4.9467721513e-01	-4.9467721513e-01	-5.0177544949e-01	-5.0919834737e-01	-5.0919834737e-01	-5.0919834737e-01	-5.2336610772e-01	-5.3513757605e-01	-5.3513757605e-01	-5.3513757605e-01	-5.3513757605e-01	-5.4181697150e-01	-5.4783386179e-01	-5.4783386179e-01	-5.4783386179e-01	-5.6014966785e-01	-5.6684200513e-01	-5.6684200513e-01	-5.6684200513e-01	-5.7896241464e-01	-5.7896241464e-01	-5.7896241464e-01	-5.8525400003e-01	-5.8525400003e-01	-5.9463043540e-01	-5.9463043540e-01	-6.0697654471e-01	-6.0697654471e-01	-6.1092554443e-01	-6.1092554443e-01	-6.1092554443e-01	-6.1692360446e-01	-6.2132378733e-01	-6.2132378733e-01	-6.3167926418e-01	-6.3167926418e-01	-6.3656363447e-01	-6.3656363447e-01	-6.3656363447e-01	-6.4417939384e-01	-6.4417939384e-01	-6.4485096629e-01	-6.5384018865e-01	-6.5384018865e-01	-6.5361401965e-01	-6.5361401965e-01	-6.5361401965e-01	-6.6209075135e-01	
413	0.0	-4.5905906645e-03	-4.5905906645e-03	-3.1780013271e-02	-6.3714870826e-02	-6.3714870826e-02	-6.3714870826e-02	-6.3714870826e-02	-1.0569189268e-01	-1.0569189268e-01	-1.0569189268e-01	-1.0569189268e-01	-1.5316127483e-01	-1.5316127483e-01	-1.5316127483e-01	-1.9143055778e-01	-2.0242108902e-01	-2.0242108902e-01	-2.0242108902e-01	-2.4056084029e-01	-2.5106938868e-01	-2.5106938868e-01	-2.5106938868e-01	-2.5106938868e-01	-2.9672904989e-01	-2.9672904989e-01	-2.9672904989e-01	-3.2630597425e-01	-3.3674851604e-01	-3.3674851604e-01	-3.3674851604e-01	-3.5999671562e-01	-3.7059382500e-01	-3.7059382500e-01	-3.7059382500e-01	-3.8877012422e-01	-3.9797342133e-01	-3.9797342133e-01	-3.9797342133e-01	-4.1258470245e-01	-4.2696806088e-01	-4.2696806088e-01	-4.2696806088e-01	-4.5082443144e-01	-4.5082443144e-01	-4.5836192925e-01	-4.5836192925e-01	-4.5836192925e-01	-4.7723990982e-01	-4.7723990982e-01	-4.7723990982e-01	-4.8599878835e-01	-4.9467699304e-01	-4.9467699304e-01	-4.9467699304e-01	-5.0177522335e-01	-5.0919811998e-01	-5.0919811998e-01	-5.0919811998e-01	-5.2336587270e-01	-5.3513733925e-01	-5.3513733925e-01	-5.3513733925e-01	-5.3513733925e-01	-5.4181673197e-01	-5.4783362145e-01	-5.4783362145e-01	-5.4783362145e-01	-5.6014942300e-01	-5.6684175940e-01	-5.6684175940e-01	-5.6684175940e-01	-5.7896216552e-01	-5.7896216552e-01	-5.7896216552e-01	-5.8525374802e-01	-5.8525374802e-01	-5.9463018220e-01	-5.9463018220e-01	-6.0697628467e-01	-6.0697628467e-01	-6.1092528391e-01	-6.1092528391e-01	-6.1092528391e-01	-6.1692334048e-01	-6.2132352296e-01	-6.2132352296e-01	-6.3167899438e-01	-6.3167899438e-01	-6.3656336447e-01	-6.3656336447e-01	-6.3656336447e-01	-6.4417911967e-01	-6.4417911967e-01	-6.4485069221e-01	-6.5383991041e-01	-6.5383991041e-01	-6.5361374177e-01	-6.5361374177e-01	-6.5361374177e-01	-6.6209047085e-01	
414	0.0	-4.5905836206e-03	-4.5905836206e-03	-3.1780007460e-02	-6.3714848221e-02	-6.3714848221e-02	-6.3714848221e-02	-6.3714848221e-02	-1.0569185208e-01	-1.0569185208e-01	-1.0569185208e-01	-1.0569185208e-01	-1.5316121406e-01	-1.5316121406e-01	-1.5316121406e-01	-1.9143047931e-01	-2.0242100768e-01	-2.0242100768e-01	-2.0242100768e-01	-2.4056074137e-01	-2.5106928728e-01	-2.5106928728e-01	-2.5106928728e-01	-2.5106928728e-01	-2.9672892906e-01	-2.9672892906e-01	-2.9672892906e-01	-3.2630583717e-01	-3.3674837690e-01	-3.3674837690e-01	-3.3674837690e-01	-3.5999656206e-01	-3.7059366952e-01	-3.7059366952e-01	-3.7059366952e-01	-3.8876995621e-01	-3.9797325178e-01	-3.9797325178e-01	-3.9797325178e-01	-4.1258452209e-01	-4.2696787816e-01	-4.2696787816e-01	-4.2696787816e-01	-4.5082423106e-01	-4.5082423106e-01	-4.5836172786e-01	-4.5836172786e-01	-4.5836172786e-01	-4.7723970036e-01	-4.7723970036e-01	-4.7723970036e-01	-4.8599857383e-01	-4.9467677720e-01	-4.9467677720e-01	-4.9467677720e-01	-5.0177500367e-01	-5.0919789911e-01	-5.0919789911e-01	-5.0919789911e-01	-5.2336564458e-01	-5.3513710944e-01	-5.3513710944e-01	-5.3513710944e-01	-5.3513710944e-01	-5.4181649950e-01	-5.4783338820e-01	-5.4783338820e-01	-5.4783338820e-01	-5.6014918526e-01	-5.6684152081e-01	-5.6684152081e-01	-5.6684152081e-01	-5.7896192360e-01	-5.7896192360e-01	-5.7896192360e-01	-5.8525350323e-01	-5.8525350323e-01	-5.9462993631e-01	-5.9462993631e-01	-6.0697603197e-01	-6.0697603197e-01	-6.1092503078e-01	-6.1092503078e-01	-6.1092503078e-01	-6.1692308391e-01	-6.2132326606e-01	-6.2132326606e-01	-6.3167873208e-01	-6.3167873208e-01	-6.3656310209e-01	-6.3656310209e-01	-6.3656310209e-01	-6.4417885312e-01	-6.4417885312e-01	-6.4485042586e-01	-6.5383963985e-01	-6.5383963985e-01	-6.5361347168e-01	-6.5361347168e-01	-6.5361347168e-01	-6.6209019816e-01	
415	0.0	-4.5905764436e-03	-4.5905764436e-03	-3.1780001530e-02	-6.3714825439e-02	-6.3714825439e-02	-6.3714825439e-02	-6.3714825439e-02	-1.0569181116e-01	-1.0569181116e-01	-1.0569181116e-01	-1.0569181116e-01	-1.5316115286e-01	-1.5316115286e-01	-1.5316115286e-01	-1.9143040050e-01	-2.0242092592e-01	-2.0242092592e-01	-2.0242092592e-01	-2.4056064232e-01	-2.5106918568e-01	-2.5106918568e-01	-2.5106918568e-01	-2.5106918568e-01	-2.9672880865e-01	-2.9672880865e-01	-2.9672880865e-01	-3.2630570152e-01	-3.3674823915e-01	-3.3674823915e-01	-3.3674823915e-01	-3.5999641099e-01	-3.7059351650e-01	-3.7059351650e-01	-3.7059351650e-01	-3.8876979172e-01	-3.9797308572e-01	-3.9797308572e-01	-3.9797308572e-01	-4.1258434613e-01	-4.2696769985e-01	-4.2696769985e-01	-4.2696769985e-01	-4.5082403669e-01	-4.5082403669e-01	-4.5836153248e-01	-4.5836153248e-01	-4.5836153248e-01	-4.7723949751e-01	-4.7723949751e-01	-4.7723949751e-01	-4.8599836629e-01	-4.9467656838e-01	-4.9467656838e-01	-4.9467656838e-01	-5.0177479124e-01	-5.0919768555e-01	-5.0919768555e-01	-5.0919768555e-01	-5.2336542417e-01	-5.3513688742e-01	-5.3513688742e-01	-5.3513688742e-01	-5.3513688742e-01	-5.4181627491e-01	-5.4783316284e-01	-5.4783316284e-01	-5.4783316284e-01	-5.6014895547e-01	-5.6684129019e-01	-5.6684129019e-01	-5.6684129019e-01	-5.7896168972e-01	-5.7896168972e-01	-5.7896168972e-01	-5.8525326651e-01	-5.8525326651e-01	-5.9462969859e-01	-5.9462969859e-01	-6.0697578752e-01	-6.0697578752e-01	-6.1092478596e-01	-6.1092478596e-01	-6.1092478596e-01	-6.1692283566e-01	-6.2132301756e-01	-6.2132301756e-01	-6.3167847822e-01	-6.3167847822e-01	-6.3656284826e-01	-6.3656284826e-01	-6.3656284826e-01	-6.4417859517e-01	-6.4417859517e-01	-6.4485016818e-01	-6.5383937794e-01	-6.5383937794e-01	-6.5361321035e-01	-6.5361321035e-01	-6.5361321035e-01	-6.6208993424e-01	
416	0.0	-4.5905691771e-03	-4.5905691771e-03	-3.1779995517e-02	-6.3714802607e-02	-6.3714802607e-02	-6.3714802607e-02	-6.3714802607e-02	-1.0569177014e-01	-1.0569177014e-01	-1.0569177014e-01	-1.0569177014e-01	-1.5316109157e-01	-1.5316109157e-01	-1.5316109157e-01	-1.9143032175e-01	-2.0242084418e-01	-2.0242084418e-01	-2.0242084418e-01	-2.4056054366e-01	-2.5106908443e-01	-2.5106908443e-01	-2.5106908443e-01	-2.5106908443e-01	-2.9672868927e-01	-2.9672868927e-01	-2.9672868927e-01	-3.2630556792e-01	-3.3674810342e-01	-3.3674810342e-01	-3.3674810342e-01	-3.5999626305e-01	-3.7059336659e-01	-3.7059336659e-01	-3.7059336659e-01	-3.8876963140e-01	-3.9797292382e-01	-3.9797292382e-01	-3.9797292382e-01	-4.1258417526e-01	-4.2696752662e-01	-4.2696752662e-01	-4.2696752662e-01	-4.5082384898e-01	-4.5082384898e-01	-4.5836134380e-01	-4.5836134380e-01	-4.5836134380e-01	-4.7723930196e-01	-4.7723930196e-01	-4.7723930196e-01	-4.8599816641e-01	-4.9467636729e-01	-4.9467636729e-01	-4.9467636729e-01	-5.0177458675e-01	-5.0919748000e-01	-5.0919748000e-01	-5.0919748000e-01	-5.2336521218e-01	-5.3513667392e-01	-5.3513667392e-01	-5.3513667392e-01	-5.3513667392e-01	-5.4181605892e-01	-5.4783294613e-01	-5.4783294613e-01	-5.4783294613e-01	-5.6014873438e-01	-5.6684106833e-01	-5.6684106833e-01	-5.6684106833e-01	-5.7896146468e-01	-5.7896146468e-01	-5.7896146468e-01	-5.8525303866e-01	-5.8525303866e-01	-5.9462946984e-01	-5.9462946984e-01	-6.0697555212e-01	-6.0697555212e-01	-6.1092455024e-01	-6.1092455024e-01	-6.1092455024e-01	-6.1692259658e-01	-6.2132277828e-01	-6.2132277828e-01	-6.3167823365e-01	-6.3167823365e-01	-6.3656260383e-01	-6.3656260383e-01	-6.3656260383e-01	-6.4417834666e-01	-6.4417834666e-01	-6.4484992003e-01	-6.5383912555e-01	-6.5383912555e-01	-6.5361295866e-01	-6.5361295866e-01	-6.5361295866e-01	-6.6208967998e-01	
417	0.0	-4.5905618624e-03	-4.5905618624e-03	-3.1779989457e-02	-6.3714779846e-02	-6.3714779846e-02	-6.3714779846e-02	-6.3714779846e-02	-1.0569172924e-01	-1.0569172924e-01	-1.0569172924e-01	-1.0569172924e-01	-1.5316103051e-01	-1.5316103051e-01	-1.5316103051e-01	-1.9143024347e-01	-2.0242076289e-01	-2.0242076289e-01	-2.0242076289e-01	-2.4056044585e-01	-2.5106898403e-01	-2.5106898403e-01	-2.5106898403e-01	-2.5106898403e-01	-2.9672857146e-01	-2.9672857146e-01	-2.9672857146e-01	-3.2630543695e-01	-3.3674797030e-01	-3.3674797030e-01	-3.3674797030e-01	-3.5999611884e-01	-3.7059322041e-01	-3.7059322041e-01	-3.7059322041e-01	-3.8876947585e-01	-3.9797276670e-01	-3.9797276670e-01	-3.9797276670e-01	-4.1258401007e-01	-4.2696735911e-01	-4.2696735911e-01	-4.2696735911e-01	-4.5082366857e-01	-4.5082366857e-01	-4.5836116242e-01	-4.5836116242e-01	-4.5836116242e-01	-4.7723911435e-01	-4.7723911435e-01	-4.7723911435e-01	-4.8599797482e-01	-4.9467617454e-01	-4.9467617454e-01	-4.9467617454e-01	-5.0177439086e-01	-5.0919728310e-01	-5.0919728310e-01	-5.0919728310e-01	-5.2336500926e-01	-5.3513646960e-01	-5.3513646960e-01	-5.3513646960e-01	-5.3513646960e-01	-5.4181585220e-01	-5.4783273872e-01	-5.4783273872e-01	-5.4783273872e-01	-5.6014852267e-01	-5.6684085588e-01	-5.6684085588e-01	-5.6684085588e-01	-5.7896124914e-01	-5.7896124914e-01	-5.7896124914e-01	-5.8525282038e-01	-5.8525282038e-01	-5.9462925075e-01	-5.9462925075e-01	-6.0697532652e-01	-6.0697532652e-01	-6.1092432436e-01	-6.1092432436e-01	-6.1092432436e-01	-6.1692236740e-01	-6.2132254897e-01	-6.2132254897e-01	-6.3167799915e-01	-6.3167799915e-01	-6.3656236957e-01	-6.3656236957e-01	-6.3656236957e-01	-6.4417810839e-01	-6.4417810839e-01	-6.4484968219e-01	-6.5383888348e-01	-6.5383888348e-01	-6.5361271738e-01	-6.5361271738e-01	-6.5361271738e-01	-6.6208943617e-01	
418	0.0	-4.5905545398e-03	-4.5905545398e-03	-3.1779983384e-02	-6.3714757268e-02	-6.3714757268e-02	-6.3714757268e-02	-6.3714757268e-02	-1.0569168867e-01	-1.0569168867e-01	-1.0569168867e-01	-1.0569168867e-01	-1.5316096998e-01	-1.5316096998e-01	-1.5316096998e-01	-1.9143016604e-01	-2.0242068243e-01	-2.0242068243e-01	-2.0242068243e-01	-2.4056034938e-01	-2.5106888494e-01	-2.5106888494e-01	-2.5106888494e-01	-2.5106888494e-01	-2.9672845577e-01	-2.9672845577e-01	-2.9672845577e-01	-3.2630530915e-01	-3.3674784036e-01	-3.3674784036e-01	-3.3674784036e-01	-3.5999597890e-01	-3.7059307851e-01	-3.7059307851e-01	-3.7059307851e-01	-3.8876932563e-01	-3.9797261493e-01	-3.9797261493e-01	-3.9797261493e-01	-4.1258385113e-01	-4.2696719789e-01	-4.2696719789e-01	-4.2696719789e-01	-4.5082349599e-01	-4.5082349599e-01	-4.5836098892e-01	-4.5836098892e-01	-4.5836098892e-01	-4.7723893522e-01	-4.7723893522e-01	-4.7723893522e-01	-4.8599779208e-01	-4.9467599070e-01	-4.9467599070e-01	-4.9467599070e-01	-5.0177420410e-01	-5.0919709541e-01	-5.0919709541e-01	-5.0919709541e-01	-5.2336481599e-01	-5.3513627501e-01	-5.3513627501e-01	-5.3513627501e-01	-5.3513627501e-01	-5.4181565533e-01	-5.4783254119e-01	-5.4783254119e-01	-5.4783254119e-01	-5.6014832095e-01	-5.6684065346e-01	-5.6684065346e-01	-5.6684065346e-01	-5.7896104374e-01	-5.7896104374e-01	-5.7896104374e-01	-5.8525261229e-01	-5.8525261229e-01	-5.9462904196e-01	-5.9462904196e-01	-6.0697511137e-01	-6.0697511137e-01	-6.1092410898e-01	-6.1092410898e-01	-6.1092410898e-01	-6.1692214878e-01	-6.2132233028e-01	-6.2132233028e-01	-6.3167777538e-01	-6.3167777538e-01	-6.3656214613e-01	-6.3656214613e-01	-6.3656214613e-01	-6.4417788103e-01	-6.4417788103e-01	-6.4484945533e-01	-6.5383865243e-01	-6.5383865243e-01	-6.5361248722e-01	-6.5361248722e-01	-6.5361248722e-01	-6.6208920353e-01	
419	0.0	-4.5905472470e-03	-4.5905472470e-03	-3.1779977331e-02	-6.3714734982e-02	-6.3714734982e-02	-6.3714734982e-02	-6.3714734982e-02	-1.0569164862e-01	-1.0569164862e-01	-1.0569164862e-01	-1.0569164862e-01	-1.5316091027e-01	-1.5316091027e-01	-1.5316091027e-01	-1.9143008981e-01	-2.0242060319e-01	-2.0242060319e-01	-2.0242060319e-01	-2.4056025465e-01	-2.5106878762e-01	-2.5106878762e-01	-2.5106878762e-01	-2.5106878762e-01	-2.9672834267e-01	-2.9672834267e-01	-2.9672834267e-01	-3.2630518501e-01	-3.3674771408e-01	-3.3674771408e-01	-3.3674771408e-01	-3.5999584374e-01	-3.7059294140e-01	-3.7059294140e-01	-3.7059294140e-01	-3.8876918123e-01	-3.9797246899e-01	-3.9797246899e-01	-3.9797246899e-01	-4.1258369893e-01	-4.2696704344e-01	-4.2696704344e-01	-4.2696704344e-01	-4.5082333174e-01	-4.5082333174e-01	-4.5836082376e-01	-4.5836082376e-01	-4.5836082376e-01	-4.7723876505e-01	-4.7723876505e-01	-4.7723876505e-01	-4.8599761867e-01	-4.9467581625e-01	-4.9467581625e-01	-4.9467581625e-01	-5.0177402698e-01	-5.0919691742e-01	-5.0919691742e-01	-5.0919691742e-01	-5.2336463285e-01	-5.3513609067e-01	-5.3513609067e-01	-5.3513609067e-01	-5.3513609067e-01	-5.4181546880e-01	-5.4783235404e-01	-5.4783235404e-01	-5.4783235404e-01	-5.6014812974e-01	-5.6684046159e-01	-5.6684046159e-01	-5.6684046159e-01	-5.7896084900e-01	-5.7896084900e-01	-5.7896084900e-01	-5.8525241494e-01	-5.8525241494e-01	-5.9462884399e-01	-5.9462884399e-01	-6.0697490721e-01	-6.0697490721e-01	-6.1092390464e-01	-6.1092390464e-01	-6.1092390464e-01	-6.1692194131e-01	-6.2132212279e-01	-6.2132212279e-01	-6.3167756294e-01	-6.3167756294e-01	-6.3656193412e-01	-6.3656193412e-01	-6.3656193412e-01	-6.4417766519e-01	-6.4417766519e-01	-6.4484924005e-01	-6.5383843303e-01	-6.5383843303e-01	-6.5361226877e-01	-6.5361226877e-01	-6.5361226877e-01	-6.6208898266e-01	
420	0.0	-4.5905400203e-03	-4.5905400203e-03	-3.1779971330e-02	-6.3714713089e-02	-6.3714713089e-02	-6.3714713089e-02	-6.3714713089e-02	-1.0569160926e-01	-1.0569160926e-01	-1.0569160926e-01	-1.0569160926e-01	-1.5316085165e-01	-1.5316085165e-01	-1.5316085165e-01	-1.9143001513e-01	-2.0242052550e-01	-2.0242052550e-01	-2.0242052550e-01	-2.4056016209e-01	-2.5106869248e-01	-2.5106869248e-01	-2.5106869248e-01	-2.5106869248e-01	-2.9672823261e-01	-2.9672823261e-01	-2.9672823261e-01	-3.2630506499e-01	-3.3674759194e-01	-3.3674759194e-01	-3.3674759194e-01	-3.5999571381e-01	-3.7059280954e-01	-3.7059280954e-01	-3.7059280954e-01	-3.8876904311e-01	-3.9797232936e-01	-3.9797232936e-01	-3.9797232936e-01	-4.1258355391e-01	-4.2696689624e-01	-4.2696689624e-01	-4.2696689624e-01	-4.5082317623e-01	-4.5082317623e-01	-4.5836066739e-01	-4.5836066739e-01	-4.5836066739e-01	-4.7723860427e-01	-4.7723860427e-01	-4.7723860427e-01	-4.8599745500e-01	-4.9467565162e-01	-4.9467565162e-01	-4.9467565162e-01	-5.0177385992e-01	-5.0919674956e-01	-5.0919674956e-01	-5.0919674956e-01	-5.2336446028e-01	-5.3513591700e-01	-5.3513591700e-01	-5.3513591700e-01	-5.3513591700e-01	-5.4181529306e-01	-5.4783217772e-01	-5.4783217772e-01	-5.4783217772e-01	-5.6014794947e-01	-5.6684028072e-01	-5.6684028072e-01	-5.6684028072e-01	-5.7896066539e-01	-5.7896066539e-01	-5.7896066539e-01	-5.8525222879e-01	-5.8525222879e-01	-5.9462865733e-01	-5.9462865733e-01	-6.0697471455e-01	-6.0697471455e-01	-6.1092371185e-01	-6.1092371185e-01	-6.1092371185e-01	-6.1692174547e-01	-6.2132192699e-01	-6.2132192699e-01	-6.3167736234e-01	-6.3167736234e-01	-6.3656173404e-01	-6.3656173404e-01	-6.3656173404e-01	-6.4417746140e-01	-6.4417746140e-01	-6.4484903688e-01	-6.5383822578e-01	-6.5383822578e-01	-6.5361206256e-01	-6.5361206256e-01	-6.5361206256e-01	-6.6208877409e-01	
421	0.0	-4.5905328938e-03	-4.5905328938e-03	-3.1779965410e-02	-6.3714691684e-02	-6.3714691684e-02	-6.3714691684e-02	-6.3714691684e-02	-1.0569157078e-01	-1.0569157078e-01	-1.0569157078e-01	-1.0569157078e-01	-1.5316079437e-01	-1.5316079437e-01	-1.5316079437e-01	-1.9142994229e-01	-2.0242044971e-01	-2.0242044971e-01	-2.0242044971e-01	-2.4056007205e-01	-2.5106859989e-01	-2.5106859989e-01	-2.5106859989e-01	-2.5106859989e-01	-2.9672812602e-01	-2.9672812602e-01	-2.9672812602e-01	-3.2630494950e-01	-3.3674747436e-01	-3.3674747436e-01	-3.3674747436e-01	-3.5999558951e-01	-3.7059268336e-01	-3.7059268336e-01	-3.7059268336e-01	-3.8876891165e-01	-3.9797219643e-01	-3.9797219643e-01	-3.9797219643e-01	-4.1258341645e-01	-4.2696675665e-01	-4.2696675665e-01	-4.2696675665e-01	-4.5082302982e-01	-4.5082302982e-01	-4.5836052015e-01	-4.5836052015e-01	-4.5836052015e-01	-4.7723845322e-01	-4.7723845322e-01	-4.7723845322e-01	-4.8599730142e-01	-4.9467549714e-01	-4.9467549714e-01	-4.9467549714e-01	-5.0177370325e-01	-5.0919659216e-01	-5.0919659216e-01	-5.0919659216e-01	-5.2336429862e-01	-5.3513575434e-01	-5.3513575434e-01	-5.3513575434e-01	-5.3513575434e-01	-5.4181512845e-01	-5.4783201257e-01	-5.4783201257e-01	-5.4783201257e-01	-5.6014778052e-01	-5.6684011121e-01	-5.6684011121e-01	-5.6684011121e-01	-5.7896049326e-01	-5.7896049326e-01	-5.7896049326e-01	-5.8525205423e-01	-5.8525205423e-01	-5.9462848234e-01	-5.9462848234e-01	-6.0697453379e-01	-6.0697453379e-01	-6.1092353100e-01	-6.1092353100e-01	-6.1092353100e-01	-6.1692156168e-01	-6.2132174329e-01	-6.2132174329e-01	-6.3167717402e-01	-6.3167717402e-01	-6.3656154630e-01	-6.3656154630e-01	-6.3656154630e-01	-6.4417727007e-01	-6.4417727007e-01	-6.4484884622e-01	-6.5383803115e-01	-6.5383803115e-01	-6.5361186903e-01	-6.5361186903e-01	-6.5361186903e-01	-6.6208857828e-01	
422	0.0	-4.5905258995e-03	-4.5905258995e-03	-3.1779959597e-02	-6.3714670852e-02	-6.3714670852e-02	-6.3714670852e-02	-6.3714670852e-02	-1.0569153332e-01	-1.0569153332e-01	-1.0569153332e-01	-1.0569153332e-01	-1.5316073865e-01	-1.5316073865e-01	-1.5316073865e-01	-1.9142987159e-01	-2.0242037609e-01	-2.0242037609e-01	-2.0242037609e-01	-2.4055998487e-01	-2.5106851022e-01	-2.5106851022e-01	-2.5106851022e-01	-2.5106851022e-01	-2.9672802328e-01	-2.9672802328e-01	-2.9672802328e-01	-3.2630483891e-01	-3.3674736172e-01	-3.3674736172e-01	-3.3674736172e-01	-3.5999547120e-01	-3.7059256321e-01	-3.7059256321e-01	-3.7059256321e-01	-3.8876878720e-01	-3.9797207054e-01	-3.9797207054e-01	-3.9797207054e-01	-4.1258328688e-01	-4.2696662503e-01	-4.2696662503e-01	-4.2696662503e-01	-4.5082289279e-01	-4.5082289279e-01	-4.5836038234e-01	-4.5836038234e-01	-4.5836038234e-01	-4.7723831219e-01	-4.7723831219e-01	-4.7723831219e-01	-4.8599715820e-01	-4.9467535311e-01	-4.9467535311e-01	-4.9467535311e-01	-5.0177355726e-01	-5.0919644552e-01	-5.0919644552e-01	-5.0919644552e-01	-5.2336414815e-01	-5.3513560297e-01	-5.3513560297e-01	-5.3513560297e-01	-5.3513560297e-01	-5.4181497526e-01	-5.4783185888e-01	-5.4783185888e-01	-5.4783185888e-01	-5.6014762318e-01	-5.6683995336e-01	-5.6683995336e-01	-5.6683995336e-01	-5.7896033294e-01	-5.7896033294e-01	-5.7896033294e-01	-5.8525189156e-01	-5.8525189156e-01	-5.9462831934e-01	-5.9462831934e-01	-6.0697436525e-01	-6.0697436525e-01	-6.1092336241e-01	-6.1092336241e-01	-6.1092336241e-01	-6.1692139027e-01	-6.2132157203e-01	-6.2132157203e-01	-6.3167699830e-01	-6.3167699830e-01	-6.3656137125e-01	-6.3656137125e-01	-6.3656137125e-01	-6.4417709157e-01	-6.4417709157e-01	-6.4484866843e-01	-6.5383784949e-01	-6.5383784949e-01	-6.5361168852e-01	-6.5361168852e-01	-6.5361168852e-01	-6.6208839557e-01	
423	0.0	-4.5905190672e-03	-4.5905190672e-03	-3.1779953918e-02	-6.3714650675e-02	-6.3714650675e-02	-6.3714650675e-02	-6.3714650675e-02	-1.0569149703e-01	-1.0569149703e-01	-1.0569149703e-01	-1.0569149703e-01	-1.5316068471e-01	-1.5316068471e-01	-1.5316068471e-01	-1.9142980328e-01	-2.0242030493e-01	-2.0242030493e-01	-2.0242030493e-01	-2.4055990087e-01	-2.5106842378e-01	-2.5106842378e-01	-2.5106842378e-01	-2.5106842378e-01	-2.9672792471e-01	-2.9672792471e-01	-2.9672792471e-01	-3.2630473354e-01	-3.3674725435e-01	-3.3674725435e-01	-3.3674725435e-01	-3.5999535918e-01	-3.7059244941e-01	-3.7059244941e-01	-3.7059244941e-01	-3.8876867004e-01	-3.9797195200e-01	-3.9797195200e-01	-3.9797195200e-01	-4.1258316546e-01	-4.2696650165e-01	-4.2696650165e-01	-4.2696650165e-01	-4.5082276538e-01	-4.5082276538e-01	-4.5836025419e-01	-4.5836025419e-01	-4.5836025419e-01	-4.7723818140e-01	-4.7723818140e-01	-4.7723818140e-01	-4.8599702557e-01	-4.9467521972e-01	-4.9467521972e-01	-4.9467521972e-01	-5.0177342216e-01	-5.0919630983e-01	-5.0919630983e-01	-5.0919630983e-01	-5.2336400907e-01	-5.3513546311e-01	-5.3513546311e-01	-5.3513546311e-01	-5.3513546311e-01	-5.4181483369e-01	-5.4783171686e-01	-5.4783171686e-01	-5.4783171686e-01	-5.6014747768e-01	-5.6683980740e-01	-5.6683980740e-01	-5.6683980740e-01	-5.7896018464e-01	-5.7896018464e-01	-5.7896018464e-01	-5.8525174103e-01	-5.8525174103e-01	-5.9462816857e-01	-5.9462816857e-01	-6.0697420918e-01	-6.0697420918e-01	-6.1092320634e-01	-6.1092320634e-01	-6.1092320634e-01	-6.1692123150e-01	-6.2132141345e-01	-6.2132141345e-01	-6.3167683547e-01	-6.3167683547e-01	-6.3656120914e-01	-6.3656120914e-01	-6.3656120914e-01	-6.4417692616e-01	-6.4417692616e-01	-6.4484850377e-01	-6.5383768108e-01	-6.5383768108e-01	-6.5361152131e-01	-6.5361152131e-01	-6.5361152131e-01	-6.6208822625e-01	
424	0.0	-4.5905124248e-03	-4.5905124248e-03	-3.1779948396e-02	-6.3714631225e-02	-6.3714631225e-02	-6.3714631225e-02	-6.3714631225e-02	-1.0569146204e-01	-1.0569146204e-01	-1.0569146204e-01	-1.0569146204e-01	-1.5316063274e-01	-1.5316063274e-01	-1.5316063274e-01	-1.9142973760e-01	-2.0242023648e-01	-2.0242023648e-01	-2.0242023648e-01	-2.4055982033e-01	-2.5106834087e-01	-2.5106834087e-01	-2.5106834087e-01	-2.5106834087e-01	-2.9672783063e-01	-2.9672783063e-01	-2.9672783063e-01	-3.2630463367e-01	-3.3674715255e-01	-3.3674715255e-01	-3.3674715255e-01	-3.5999525374e-01	-3.7059234223e-01	-3.7059234223e-01	-3.7059234223e-01	-3.8876856041e-01	-3.9797184104e-01	-3.9797184104e-01	-3.9797184104e-01	-4.1258305242e-01	-4.2696638672e-01	-4.2696638672e-01	-4.2696638672e-01	-4.5082264777e-01	-4.5082264777e-01	-4.5836013588e-01	-4.5836013588e-01	-4.5836013588e-01	-4.7723806100e-01	-4.7723806100e-01	-4.7723806100e-01	-4.8599690366e-01	-4.9467509714e-01	-4.9467509714e-01	-4.9467509714e-01	-5.0177329809e-01	-5.0919618526e-01	-5.0919618526e-01	-5.0919618526e-01	-5.2336388153e-01	-5.3513533489e-01	-5.3513533489e-01	-5.3513533489e-01	-5.3513533489e-01	-5.4181470390e-01	-5.4783158665e-01	-5.4783158665e-01	-5.4783158665e-01	-5.6014734417e-01	-5.6683967347e-01	-5.6683967347e-01	-5.6683967347e-01	-5.7896004853e-01	-5.7896004853e-01	-5.7896004853e-01	-5.8525160279e-01	-5.8525160279e-01	-5.9462803019e-01	-5.9462803019e-01	-6.0697406576e-01	-6.0697406576e-01	-6.1092306296e-01	-6.1092306296e-01	-6.1092306296e-01	-6.1692108555e-01	-6.2132126774e-01	-6.2132126774e-01	-6.3167668570e-01	-6.3167668570e-01	-6.3656106016e-01	-6.3656106016e-01	-6.3656106016e-01	-6.4417677403e-01	-6.4417677403e-01	-6.4484835243e-01	-6.5383752612e-01	-6.5383752612e-01	-6.5361136758e-01	-6.5361136758e-01	-6.5361136758e-01	-6.6208807052e-01	
425	0.0	-4.5905059967e-03	-4.5905059967e-03	-3.1779943054e-02	-6.3714612568e-02	-6.3714612568e-02	-6.3714612568e-02	-6.3714612568e-02	-1.0569142848e-01	-1.0569142848e-01	-1.0569142848e-01	-1.0569142848e-01	-1.5316058291e-01	-1.5316058291e-01	-1.5316058291e-01	-1.9142967476e-01	-2.0242017096e-01	-2.0242017096e-01	-2.0242017096e-01	-2.4055974348e-01	-2.5106826173e-01	-2.5106826173e-01	-2.5106826173e-01	-2.5106826173e-01	-2.9672774130e-01	-2.9672774130e-01	-2.9672774130e-01	-3.2630453956e-01	-3.3674705656e-01	-3.3674705656e-01	-3.3674705656e-01	-3.5999515507e-01	-3.7059224190e-01	-3.7059224190e-01	-3.7059224190e-01	-3.8876845851e-01	-3.9797173785e-01	-3.9797173785e-01	-3.9797173785e-01	-4.1258294791e-01	-4.2696628043e-01	-4.2696628043e-01	-4.2696628043e-01	-4.5082254005e-01	-4.5082254005e-01	-4.5836002752e-01	-4.5836002752e-01	-4.5836002752e-01	-4.7723795109e-01	-4.7723795109e-01	-4.7723795109e-01	-4.8599679257e-01	-4.9467498545e-01	-4.9467498545e-01	-4.9467498545e-01	-5.0177318515e-01	-5.0919607187e-01	-5.0919607187e-01	-5.0919607187e-01	-5.2336376561e-01	-5.3513521839e-01	-5.3513521839e-01	-5.3513521839e-01	-5.3513521839e-01	-5.4181458595e-01	-5.4783146834e-01	-5.4783146834e-01	-5.4783146834e-01	-5.6014722273e-01	-5.6683955167e-01	-5.6683955167e-01	-5.6683955167e-01	-5.7895992470e-01	-5.7895992470e-01	-5.7895992470e-01	-5.8525147695e-01	-5.8525147695e-01	-5.9462790428e-01	-5.9462790428e-01	-6.0697393509e-01	-6.0697393509e-01	-6.1092293236e-01	-6.1092293236e-01	-6.1092293236e-01	-6.1692095253e-01	-6.2132113500e-01	-6.2132113500e-01	-6.3167654912e-01	-6.3167654912e-01	-6.3656092442e-01	-6.3656092442e-01	-6.3656092442e-01	-6.4417663530e-01	-6.4417663530e-01	-6.4484821452e-01	-6.5383738473e-01	-6.5383738473e-01	-6.5361122746e-01	-6.5361122746e-01	-6.5361122746e-01	-6.6208792848e-01	
426	0.0	-4.5904998067e-03	-4.5904998067e-03	-3.1779937910e-02	-6.3714594762e-02	-6.3714594762e-02	-6.3714594762e-02	-6.3714594762e-02	-1.0569139643e-01	-1.0569139643e-01	-1.0569139643e-01	-1.0569139643e-01	-1.5316053539e-01	-1.5316053539e-01	-1.5316053539e-01	-1.9142961495e-01	-2.0242010856e-01	-2.0242010856e-01	-2.0242010856e-01	-2.4055967055e-01	-2.5106818659e-01	-2.5106818659e-01	-2.5106818659e-01	-2.5106818659e-01	-2.9672765694e-01	-2.9672765694e-01	-2.9672765694e-01	-3.2630445139e-01	-3.3674696658e-01	-3.3674696658e-01	-3.3674696658e-01	-3.5999506335e-01	-3.7059214859e-01	-3.7059214859e-01	-3.7059214859e-01	-3.8876836447e-01	-3.9797164259e-01	-3.9797164259e-01	-3.9797164259e-01	-4.1258285205e-01	-4.2696618288e-01	-4.2696618288e-01	-4.2696618288e-01	-4.5082244231e-01	-4.5082244231e-01	-4.5835992917e-01	-4.5835992917e-01	-4.5835992917e-01	-4.7723785172e-01	-4.7723785172e-01	-4.7723785172e-01	-4.8599669233e-01	-4.9467488468e-01	-4.9467488468e-01	-4.9467488468e-01	-5.0177308334e-01	-5.0919596970e-01	-5.0919596970e-01	-5.0919596970e-01	-5.2336366131e-01	-5.3513511362e-01	-5.3513511362e-01	-5.3513511362e-01	-5.3513511362e-01	-5.4181447987e-01	-5.4783136193e-01	-5.4783136193e-01	-5.4783136193e-01	-5.6014711338e-01	-5.6683944202e-01	-5.6683944202e-01	-5.6683944202e-01	-5.7895981317e-01	-5.7895981317e-01	-5.7895981317e-01	-5.8525136353e-01	-5.8525136353e-01	-5.9462779087e-01	-5.9462779087e-01	-6.0697381721e-01	-6.0697381721e-01	-6.1092281459e-01	-6.1092281459e-01	-6.1092281459e-01	-6.1692083247e-01	-6.2132101526e-01	-6.2132101526e-01	-6.3167642576e-01	-6.3167642576e-01	-6.3656080195e-01	-6.3656080195e-01	-6.3656080195e-01	-6.4417651002e-01	-6.4417651002e-01	-6.4484809008e-01	-6.5383725695e-01	-6.5383725695e-01	-6.5361110097e-01	-6.5361110097e-01	-6.5361110097e-01	-6.6208780020e-01	
427	0.0	-4.5904938753e-03	-4.5904938753e-03	-3.1779932982e-02	-6.3714577859e-02	-6.3714577859e-02	-6.3714577859e-02	-6.3714577859e-02	-1.0569136601e-01	-1.0569136601e-01	-1.0569136601e-01	-1.0569136601e-01	-1.5316049030e-01	-1.5316049030e-01	-1.5316049030e-01	-1.9142955832e-01	-2.0242004946e-01	-2.0242004946e-01	-2.0242004946e-01	-2.4055960172e-01	-2.5106811565e-01	-2.5106811565e-01	-2.5106811565e-01	-2.5106811565e-01	-2.9672757775e-01	-2.9672757775e-01	-2.9672757775e-01	-3.2630436933e-01	-3.3674688280e-01	-3.3674688280e-01	-3.3674688280e-01	-3.5999497870e-01	-3.7059206243e-01	-3.7059206243e-01	-3.7059206243e-01	-3.8876827837e-01	-3.9797155535e-01	-3.9797155535e-01	-3.9797155535e-01	-4.1258276489e-01	-4.2696609415e-01	-4.2696609415e-01	-4.2696609415e-01	-4.5082235452e-01	-4.5082235452e-01	-4.5835984084e-01	-4.5835984084e-01	-4.5835984084e-01	-4.7723776286e-01	-4.7723776286e-01	-4.7723776286e-01	-4.8599660290e-01	-4.9467479480e-01	-4.9467479480e-01	-4.9467479480e-01	-5.0177299265e-01	-5.0919587870e-01	-5.0919587870e-01	-5.0919587870e-01	-5.2336356859e-01	-5.3513502053e-01	-5.3513502053e-01	-5.3513502053e-01	-5.3513502053e-01	-5.4181438559e-01	-5.4783126737e-01	-5.4783126737e-01	-5.4783126737e-01	-5.6014701609e-01	-5.6683934446e-01	-5.6683934446e-01	-5.6683934446e-01	-5.7895971389e-01	-5.7895971389e-01	-5.7895971389e-01	-5.8525126248e-01	-5.8525126248e-01	-5.9462768992e-01	-5.9462768992e-01	-6.0697371207e-01	-6.0697371207e-01	-6.1092270960e-01	-6.1092270960e-01	-6.1092270960e-01	-6.1692072535e-01	-6.2132090849e-01	-6.2132090849e-01	-6.3167631560e-01	-6.3167631560e-01	-6.3656069272e-01	-6.3656069272e-01	-6.3656069272e-01	-6.4417639815e-01	-6.4417639815e-01	-6.4484797907e-01	-6.5383714277e-01	-6.5383714277e-01	-6.5361098810e-01	-6.5361098810e-01	-6.5361098810e-01	-6.6208768563e-01	
428	0.0	-4.5904882208e-03	-4.5904882208e-03	-3.1779928285e-02	-6.3714561901e-02	-6.3714561901e-02	-6.3714561901e-02	-6.3714561901e-02	-1.0569133728e-01	-1.0569133728e-01	-1.0569133728e-01	-1.0569133728e-01	-1.5316044776e-01	-1.5316044776e-01	-1.5316044776e-01	-1.9142950503e-01	-2.0241999380e-01	-2.0241999380e-01	-2.0241999380e-01	-2.4055953715e-01	-2.5106804906e-01	-2.5106804906e-01	-2.5106804906e-01	-2.5106804906e-01	-2.9672750389e-01	-2.9672750389e-01	-2.9672750389e-01	-3.2630429350e-01	-3.3674680533e-01	-3.3674680533e-01	-3.3674680533e-01	-3.5999490122e-01	-3.7059198352e-01	-3.7059198352e-01	-3.7059198352e-01	-3.8876820028e-01	-3.9797147617e-01	-3.9797147617e-01	-3.9797147617e-01	-4.1258268646e-01	-4.2696601424e-01	-4.2696601424e-01	-4.2696601424e-01	-4.5082227666e-01	-4.5082227666e-01	-4.5835976248e-01	-4.5835976248e-01	-4.5835976248e-01	-4.7723768445e-01	-4.7723768445e-01	-4.7723768445e-01	-4.8599652422e-01	-4.9467471573e-01	-4.9467471573e-01	-4.9467471573e-01	-5.0177291297e-01	-5.0919579879e-01	-5.0919579879e-01	-5.0919579879e-01	-5.2336348735e-01	-5.3513493902e-01	-5.3513493902e-01	-5.3513493902e-01	-5.3513493902e-01	-5.4181430302e-01	-5.4783118457e-01	-5.4783118457e-01	-5.4783118457e-01	-5.6014693074e-01	-5.6683925890e-01	-5.6683925890e-01	-5.6683925890e-01	-5.7895962677e-01	-5.7895962677e-01	-5.7895962677e-01	-5.8525117372e-01	-5.8525117372e-01	-5.9462760133e-01	-5.9462760133e-01	-6.0697361959e-01	-6.0697361959e-01	-6.1092261730e-01	-6.1092261730e-01	-6.1092261730e-01	-6.1692063106e-01	-6.2132081459e-01	-6.2132081459e-01	-6.3167621855e-01	-6.3167621855e-01	-6.3656059663e-01	-6.3656059663e-01	-6.3656059663e-01	-6.4417629960e-01	-6.4417629960e-01	-6.4484788140e-01	-6.5383704209e-01	-6.5383704209e-01	-6.5361088874e-01	-6.5361088874e-01	-6.5361088874e-01	-6.6208758469e-01	
429	0.0	-4.5904828593e-03	-4.5904828593e-03	-3.1779923834e-02	-6.3714546926e-02	-6.3714546926e-02	-6.3714546926e-02	-6.3714546926e-02	-1.0569131031e-01	-1.0569131031e-01	-1.0569131031e-01	-1.0569131031e-01	-1.5316040786e-01	-1.5316040786e-01	-1.5316040786e-01	-1.9142945517e-01	-2.0241994171e-01	-2.0241994171e-01	-2.0241994171e-01	-2.4055947695e-01	-2.5106798697e-01	-2.5106798697e-01	-2.5106798697e-01	-2.5106798697e-01	-2.9672743547e-01	-2.9672743547e-01	-2.9672743547e-01	-3.2630422399e-01	-3.3674673427e-01	-3.3674673427e-01	-3.3674673427e-01	-3.5999483094e-01	-3.7059191189e-01	-3.7059191189e-01	-3.7059191189e-01	-3.8876813020e-01	-3.9797140507e-01	-3.9797140507e-01	-3.9797140507e-01	-4.1258261671e-01	-4.2696594314e-01	-4.2696594314e-01	-4.2696594314e-01	-4.5082220861e-01	-4.5082220861e-01	-4.5835969399e-01	-4.5835969399e-01	-4.5835969399e-01	-4.7723761637e-01	-4.7723761637e-01	-4.7723761637e-01	-4.8599645613e-01	-4.9467464733e-01	-4.9467464733e-01	-4.9467464733e-01	-5.0177284417e-01	-5.0919572983e-01	-5.0919572983e-01	-5.0919572983e-01	-5.2336341743e-01	-5.3513486892e-01	-5.3513486892e-01	-5.3513486892e-01	-5.3513486892e-01	-5.4181423199e-01	-5.4783111335e-01	-5.4783111335e-01	-5.4783111335e-01	-5.6014685718e-01	-5.6683918517e-01	-5.6683918517e-01	-5.6683918517e-01	-5.7895955164e-01	-5.7895955164e-01	-5.7895955164e-01	-5.8525109708e-01	-5.8525109708e-01	-5.9462752493e-01	-5.9462752493e-01	-6.0697353961e-01	-6.0697353961e-01	-6.1092253753e-01	-6.1092253753e-01	-6.1092253753e-01	-6.1692054945e-01	-6.2132073340e-01	-6.2132073340e-01	-6.3167613444e-01	-6.3167613444e-01	-6.3656051351e-01	-6.3656051351e-01	-6.3656051351e-01	-6.4417621421e-01	-6.4417621421e-01	-6.4484779689e-01	-6.5383695476e-01	-6.5383695476e-01	-6.5361080272e-01	-6.5361080272e-01	-6.5361080272e-01	-6.6208749721e-01	
430	0.0	-4.5904778044e-03	-4.5904778044e-03	-3.1779919639e-02	-6.3714532965e-02	-6.3714532965e-02	-6.3714532965e-02	-6.3714532965e-02	-1.0569128516e-01	-1.0569128516e-01	-1.0569128516e-01	-1.0569128516e-01	-1.5316037069e-01	-1.5316037069e-01	-1.5316037069e-01	-1.9142940884e-01	-2.0241989327e-01	-2.0241989327e-01	-2.0241989327e-01	-2.4055942124e-01	-2.5106792946e-01	-2.5106792946e-01	-2.5106792946e-01	-2.5106792946e-01	-2.9672737258e-01	-2.9672737258e-01	-2.9672737258e-01	-3.2630416083e-01	-3.3674666965e-01	-3.3674666965e-01	-3.3674666965e-01	-3.5999476787e-01	-3.7059184757e-01	-3.7059184757e-01	-3.7059184757e-01	-3.8876806807e-01	-3.9797134200e-01	-3.9797134200e-01	-3.9797134200e-01	-4.1258255559e-01	-4.2696588076e-01	-4.2696588076e-01	-4.2696588076e-01	-4.5082215025e-01	-4.5082215025e-01	-4.5835963523e-01	-4.5835963523e-01	-4.5835963523e-01	-4.7723755845e-01	-4.7723755845e-01	-4.7723755845e-01	-4.8599639846e-01	-4.9467458942e-01	-4.9467458942e-01	-4.9467458942e-01	-5.0177278605e-01	-5.0919567160e-01	-5.0919567160e-01	-5.0919567160e-01	-5.2336335862e-01	-5.3513481002e-01	-5.3513481002e-01	-5.3513481002e-01	-5.3513481002e-01	-5.4181417229e-01	-5.4783105350e-01	-5.4783105350e-01	-5.4783105350e-01	-5.6014679519e-01	-5.6683912306e-01	-5.6683912306e-01	-5.6683912306e-01	-5.7895948830e-01	-5.7895948830e-01	-5.7895948830e-01	-5.8525103235e-01	-5.8525103235e-01	-5.9462746051e-01	-5.9462746051e-01	-6.0697347191e-01	-6.0697347191e-01	-6.1092247007e-01	-6.1092247007e-01	-6.1092247007e-01	-6.1692048031e-01	-6.2132066470e-01	-6.2132066470e-01	-6.3167606307e-01	-6.3167606307e-01	-6.3656044316e-01	-6.3656044316e-01	-6.3656044316e-01	-6.4417614176e-01	-6.4417614176e-01	-6.4484772533e-01	-6.5383688055e-01	-6.5383688055e-01	-6.5361072983e-01	-6.5361072983e-01	-6.5361072983e-01	-6.6208742297e-01	
431	0.0	-4.5904730677e-03	-4.5904730677e-03	-3.1779915711e-02	-6.3714520038e-02	-6.3714520038e-02	-6.3714520038e-02	-6.3714520038e-02	-1.0569126186e-01	-1.0569126186e-01	-1.0569126186e-01	-1.0569126186e-01	-1.5316033630e-01	-1.5316033630e-01	-1.5316033630e-01	-1.9142936611e-01	-2.0241984856e-01	-2.0241984856e-01	-2.0241984856e-01	-2.4055937007e-01	-2.5106787661e-01	-2.5106787661e-01	-2.5106787661e-01	-2.5106787661e-01	-2.9672731527e-01	-2.9672731527e-01	-2.9672731527e-01	-3.2630410404e-01	-3.3674661150e-01	-3.3674661150e-01	-3.3674661150e-01	-3.5999471198e-01	-3.7059179050e-01	-3.7059179050e-01	-3.7059179050e-01	-3.8876801384e-01	-3.9797128690e-01	-3.9797128690e-01	-3.9797128690e-01	-4.1258250295e-01	-4.2696582699e-01	-4.2696582699e-01	-4.2696582699e-01	-4.5082210137e-01	-4.5082210137e-01	-4.5835958601e-01	-4.5835958601e-01	-4.5835958601e-01	-4.7723751047e-01	-4.7723751047e-01	-4.7723751047e-01	-4.8599635099e-01	-4.9467454177e-01	-4.9467454177e-01	-4.9467454177e-01	-5.0177273838e-01	-5.0919562389e-01	-5.0919562389e-01	-5.0919562389e-01	-5.2336331066e-01	-5.3513476207e-01	-5.3513476207e-01	-5.3513476207e-01	-5.3513476207e-01	-5.4181412366e-01	-5.4783100476e-01	-5.4783100476e-01	-5.4783100476e-01	-5.6014674451e-01	-5.6683907231e-01	-5.6683907231e-01	-5.6683907231e-01	-5.7895943646e-01	-5.7895943646e-01	-5.7895943646e-01	-5.8525097926e-01	-5.8525097926e-01	-5.9462740779e-01	-5.9462740779e-01	-6.0697341622e-01	-6.0697341622e-01	-6.1092241464e-01	-6.1092241464e-01	-6.1092241464e-01	-6.1692042336e-01	-6.2132060823e-01	-6.2132060823e-01	-6.3167600416e-01	-6.3167600416e-01	-6.3656038528e-01	-6.3656038528e-01	-6.3656038528e-01	-6.4417608198e-01	-6.4417608198e-01	-6.4484766644e-01	-6.5383681920e-01	-6.5383681920e-01	-6.5361066977e-01	-6.5361066977e-01	-6.5361066977e-01	-6.6208736169e-01	
432	0.0	-4.5904686585e-03	-4.5904686585e-03	-3.1779912057e-02	-6.3714508164e-02	-6.3714508164e-02	-6.3714508164e-02	-6.3714508164e-02	-1.0569124046e-01	-1.0569124046e-01	-1.0569124046e-01	-1.0569124046e-01	-1.5316030473e-01	-1.5316030473e-01	-1.5316030473e-01	-1.9142932703e-01	-2.0241980763e-01	-2.0241980763e-01	-2.0241980763e-01	-2.4055932349e-01	-2.5106782848e-01	-2.5106782848e-01	-2.5106782848e-01	-2.5106782848e-01	-2.9672726356e-01	-2.9672726356e-01	-2.9672726356e-01	-3.2630405360e-01	-3.3674655980e-01	-3.3674655980e-01	-3.3674655980e-01	-3.5999466319e-01	-3.7059174064e-01	-3.7059174064e-01	-3.7059174064e-01	-3.8876796737e-01	-3.9797123965e-01	-3.9797123965e-01	-3.9797123965e-01	-4.1258245867e-01	-4.2696578168e-01	-4.2696578168e-01	-4.2696578168e-01	-4.5082206177e-01	-4.5082206177e-01	-4.5835954611e-01	-4.5835954611e-01	-4.5835954611e-01	-4.7723747218e-01	-4.7723747218e-01	-4.7723747218e-01	-4.8599631343e-01	-4.9467450411e-01	-4.9467450411e-01	-4.9467450411e-01	-5.0177270086e-01	-5.0919558639e-01	-5.0919558639e-01	-5.0919558639e-01	-5.2336327326e-01	-5.3513472476e-01	-5.3513472476e-01	-5.3513472476e-01	-5.3513472476e-01	-5.4181408579e-01	-5.4783096682e-01	-5.4783096682e-01	-5.4783096682e-01	-5.6014670484e-01	-5.6683903261e-01	-5.6683903261e-01	-5.6683903261e-01	-5.7895939583e-01	-5.7895939583e-01	-5.7895939583e-01	-5.8525093750e-01	-5.8525093750e-01	-5.9462736647e-01	-5.9462736647e-01	-6.0697337223e-01	-6.0697337223e-01	-6.1092237094e-01	-6.1092237094e-01	-6.1092237094e-01	-6.1692037830e-01	-6.2132056365e-01	-6.2132056365e-01	-6.3167595739e-01	-6.3167595739e-01	-6.3656033956e-01	-6.3656033956e-01	-6.3656033956e-01	-6.4417603453e-01	-6.4417603453e-01	-6.4484761988e-01	-6.5383677037e-01	-6.5383677037e-01	-6.5361062223e-01	-6.5361062223e-01	-6.5361062223e-01	-6.6208731304e-01	
433	0.0	-4.5904645836e-03	-4.5904645836e-03	-3.1779908682e-02	-6.3714497352e-02	-6.3714497352e-02	-6.3714497352e-02	-6.3714497352e-02	-1.0569122096e-01	-1.0569122096e-01	-1.0569122096e-01	-1.0569122096e-01	-1.5316027601e-01	-1.5316027601e-01	-1.5316027601e-01	-1.9142929160e-01	-2.0241977050e-01	-2.0241977050e-01	-2.0241977050e-01	-2.4055928151e-01	-2.5106778506e-01	-2.5106778506e-01	-2.5106778506e-01	-2.5106778506e-01	-2.9672721745e-01	-2.9672721745e-01	-2.9672721745e-01	-3.2630400945e-01	-3.3674651449e-01	-3.3674651449e-01	-3.3674651449e-01	-3.5999462140e-01	-3.7059169787e-01	-3.7059169787e-01	-3.7059169787e-01	-3.8876792853e-01	-3.9797120009e-01	-3.9797120009e-01	-3.9797120009e-01	-4.1258242253e-01	-4.2696574464e-01	-4.2696574464e-01	-4.2696574464e-01	-4.5082203116e-01	-4.5082203116e-01	-4.5835951526e-01	-4.5835951526e-01	-4.5835951526e-01	-4.7723744329e-01	-4.7723744329e-01	-4.7723744329e-01	-4.8599628549e-01	-4.9467447612e-01	-4.9467447612e-01	-4.9467447612e-01	-5.0177267320e-01	-5.0919555880e-01	-5.0919555880e-01	-5.0919555880e-01	-5.2336324606e-01	-5.3513469774e-01	-5.3513469774e-01	-5.3513469774e-01	-5.3513469774e-01	-5.4181405832e-01	-5.4783093932e-01	-5.4783093932e-01	-5.4783093932e-01	-5.6014667582e-01	-5.6683900360e-01	-5.6683900360e-01	-5.6683900360e-01	-5.7895936605e-01	-5.7895936605e-01	-5.7895936605e-01	-5.8525090673e-01	-5.8525090673e-01	-5.9462733617e-01	-5.9462733617e-01	-6.0697333957e-01	-6.0697333957e-01	-6.1092233860e-01	-6.1092233860e-01	-6.1092233860e-01	-6.1692034474e-01	-6.2132053059e-01	-6.2132053059e-01	-6.3167592239e-01	-6.3167592239e-01	-6.3656030561e-01	-6.3656030561e-01	-6.3656030561e-01	-6.4417599905e-01	-6.4417599905e-01	-6.4484758527e-01	-6.5383673368e-01	-6.5383673368e-01	-6.5361058680e-01	-6.5361058680e-01	-6.5361058680e-01	-6.6208727663e-01	
434	0.0	-4.5904608481e-03	-4.5904608481e-03	-3.1779905591e-02	-6.3714487606e-02	-6.3714487606e-02	-6.3714487606e-02	-6.3714487606e-02	-1.0569120338e-01	-1.0569120338e-01	-1.0569120338e-01	-1.0569120338e-01	-1.5316025016e-01	-1.5316025016e-01	-1.5316025016e-01	-1.9142925985e-01	-2.0241973719e-01	-2.0241973719e-01	-2.0241973719e-01	-2.4055924413e-01	-2.5106774637e-01	-2.5106774637e-01	-2.5106774637e-01	-2.5106774637e-01	-2.9672717689e-01	-2.9672717689e-01	-2.9672717689e-01	-3.2630397150e-01	-3.3674647548e-01	-3.3674647548e-01	-3.3674647548e-01	-3.5999458648e-01	-3.7059166207e-01	-3.7059166207e-01	-3.7059166207e-01	-3.8876789712e-01	-3.9797116804e-01	-3.9797116804e-01	-3.9797116804e-01	-4.1258239432e-01	-4.2696571564e-01	-4.2696571564e-01	-4.2696571564e-01	-4.5082200926e-01	-4.5082200926e-01	-4.5835949317e-01	-4.5835949317e-01	-4.5835949317e-01	-4.7723742347e-01	-4.7723742347e-01	-4.7723742347e-01	-4.8599626682e-01	-4.9467445746e-01	-4.9467445746e-01	-4.9467445746e-01	-5.0177265501e-01	-5.0919554074e-01	-5.0919554074e-01	-5.0919554074e-01	-5.2336322870e-01	-5.3513468062e-01	-5.3513468062e-01	-5.3513468062e-01	-5.3513468062e-01	-5.4181404088e-01	-5.4783092189e-01	-5.4783092189e-01	-5.4783092189e-01	-5.6014665706e-01	-5.6683898490e-01	-5.6683898490e-01	-5.6683898490e-01	-5.7895934672e-01	-5.7895934672e-01	-5.7895934672e-01	-5.8525088653e-01	-5.8525088653e-01	-5.9462731651e-01	-5.9462731651e-01	-6.0697331785e-01	-6.0697331785e-01	-6.1092231721e-01	-6.1092231721e-01	-6.1092231721e-01	-6.1692032228e-01	-6.2132050866e-01	-6.2132050866e-01	-6.3167589875e-01	-6.3167589875e-01	-6.3656028302e-01	-6.3656028302e-01	-6.3656028302e-01	-6.4417597512e-01	-6.4417597512e-01	-6.4484756219e-01	-6.5383670871e-01	-6.5383670871e-01	-6.5361056307e-01	-6.5361056307e-01	-6.5361056307e-01	-6.6208725203e-01	
435	0.0	-4.5904574549e-03	-4.5904574549e-03	-3.1779902785e-02	-6.3714478924e-02	-6.3714478924e-02	-6.3714478924e-02	-6.3714478924e-02	-1.0569118771e-01	-1.0569118771e-01	-1.0569118771e-01	-1.0569118771e-01	-1.5316022715e-01	-1.5316022715e-01	-1.5316022715e-01	-1.9142923175e-01	-2.0241970767e-01	-2.0241970767e-01	-2.0241970767e-01	-2.4055921130e-01	-2.5106771235e-01	-2.5106771235e-01	-2.5106771235e-01	-2.5106771235e-01	-2.9672714181e-01	-2.9672714181e-01	-2.9672714181e-01	-3.2630393965e-01	-3.3674644267e-01	-3.3674644267e-01	-3.3674644267e-01	-3.5999455826e-01	-3.7059163306e-01	-3.7059163306e-01	-3.7059163306e-01	-3.8876787294e-01	-3.9797114330e-01	-3.9797114330e-01	-3.9797114330e-01	-4.1258237377e-01	-4.2696569442e-01	-4.2696569442e-01	-4.2696569442e-01	-4.5082199573e-01	-4.5082199573e-01	-4.5835947949e-01	-4.5835947949e-01	-4.5835947949e-01	-4.7723741236e-01	-4.7723741236e-01	-4.7723741236e-01	-4.8599625705e-01	-4.9467444776e-01	-4.9467444776e-01	-4.9467444776e-01	-5.0177264593e-01	-5.0919553183e-01	-5.0919553183e-01	-5.0919553183e-01	-5.2336322077e-01	-5.3513467300e-01	-5.3513467300e-01	-5.3513467300e-01	-5.3513467300e-01	-5.4181403304e-01	-5.4783091410e-01	-5.4783091410e-01	-5.4783091410e-01	-5.6014664813e-01	-5.6683897606e-01	-5.6683897606e-01	-5.6683897606e-01	-5.7895933741e-01	-5.7895933741e-01	-5.7895933741e-01	-5.8525087647e-01	-5.8525087647e-01	-5.9462730703e-01	-5.9462730703e-01	-6.0697330661e-01	-6.0697330661e-01	-6.1092230631e-01	-6.1092230631e-01	-6.1092230631e-01	-6.1692031048e-01	-6.2132049738e-01	-6.2132049738e-01	-6.3167588601e-01	-6.3167588601e-01	-6.3656027132e-01	-6.3656027132e-01	-6.3656027132e-01	-6.4417596226e-01	-6.4417596226e-01	-6.4484755018e-01	-6.5383669500e-01	-6.5383669500e-01	-6.5361055056e-01	-6.5361055056e-01	-6.5361055056e-01	-6.6208723877e-01	
436	0.0	-4.5904544048e-03	-4.5904544048e-03	-3.1779900266e-02	-6.3714471299e-02	-6.3714471299e-02	-6.3714471299e-02	-6.3714471299e-02	-1.0569117393e-01	-1.0569117393e-01	-1.0569117393e-01	-1.0569117393e-01	-1.5316020698e-01	-1.5316020698e-01	-1.5316020698e-01	-1.9142920726e-01	-2.0241968191e-01	-2.0241968191e-01	-2.0241968191e-01	-2.4055918298e-01	-2.5106768297e-01	-2.5106768297e-01	-2.5106768297e-01	-2.5106768297e-01	-2.9672711214e-01	-2.9672711214e-01	-2.9672711214e-01	-3.2630391374e-01	-3.3674641591e-01	-3.3674641591e-01	-3.3674641591e-01	-3.5999453654e-01	-3.7059161065e-01	-3.7059161065e-01	-3.7059161065e-01	-3.8876785574e-01	-3.9797112561e-01	-3.9797112561e-01	-3.9797112561e-01	-4.1258236062e-01	-4.2696568069e-01	-4.2696568069e-01	-4.2696568069e-01	-4.5082199021e-01	-4.5082199021e-01	-4.5835947388e-01	-4.5835947388e-01	-4.5835947388e-01	-4.7723740957e-01	-4.7723740957e-01	-4.7723740957e-01	-4.8599625576e-01	-4.9467444660e-01	-4.9467444660e-01	-4.9467444660e-01	-5.0177264552e-01	-5.0919553164e-01	-5.0919553164e-01	-5.0919553164e-01	-5.2336322181e-01	-5.3513467443e-01	-5.3513467443e-01	-5.3513467443e-01	-5.3513467443e-01	-5.4181403436e-01	-5.4783091549e-01	-5.4783091549e-01	-5.4783091549e-01	-5.6014664858e-01	-5.6683897664e-01	-5.6683897664e-01	-5.6683897664e-01	-5.7895933765e-01	-5.7895933765e-01	-5.7895933765e-01	-5.8525087610e-01	-5.8525087610e-01	-5.9462730727e-01	-5.9462730727e-01	-6.0697330538e-01	-6.0697330538e-01	-6.1092230545e-01	-6.1092230545e-01	-6.1092230545e-01	-6.1692030885e-01	-6.2132049629e-01	-6.2132049629e-01	-6.3167588368e-01	-6.3167588368e-01	-6.3656027003e-01	-6.3656027003e-01	-6.3656027003e-01	-6.4417595998e-01	-6.4417595998e-01	-6.4484754873e-01	-6.5383669204e-01	-6.5383669204e-01	-6.5361054877e-01	-6.5361054877e-01	-6.5361054877e-01	-6.6208723634e-01	
437	0.0	-4.5904516971e-03	-4.5904516971e-03	-3.1779898033e-02	-6.3714464717e-02	-6.3714464717e-02	-6.3714464717e-02	-6.3714464717e-02	-1.0569116203e-01	-1.0569116203e-01	-1.0569116203e-01	-1.0569116203e-01	-1.5316018960e-01	-1.5316018960e-01	-1.5316018960e-01	-1.9142918633e-01	-2.0241965986e-01	-2.0241965986e-01	-2.0241965986e-01	-2.4055915908e-01	-2.5106765813e-01	-2.5106765813e-01	-2.5106765813e-01	-2.5106765813e-01	-2.9672708774e-01	-2.9672708774e-01	-2.9672708774e-01	-3.2630389361e-01	-3.3674639503e-01	-3.3674639503e-01	-3.3674639503e-01	-3.5999452112e-01	-3.7059159462e-01	-3.7059159462e-01	-3.7059159462e-01	-3.8876784526e-01	-3.9797111471e-01	-3.9797111471e-01	-3.9797111471e-01	-4.1258235454e-01	-4.2696567416e-01	-4.2696567416e-01	-4.2696567416e-01	-4.5082199233e-01	-4.5082199233e-01	-4.5835947594e-01	-4.5835947594e-01	-4.5835947594e-01	-4.7723741469e-01	-4.7723741469e-01	-4.7723741469e-01	-4.8599626253e-01	-4.9467445354e-01	-4.9467445354e-01	-4.9467445354e-01	-5.0177265334e-01	-5.0919553973e-01	-5.0919553973e-01	-5.0919553973e-01	-5.2336323137e-01	-5.3513468443e-01	-5.3513468443e-01	-5.3513468443e-01	-5.3513468443e-01	-5.4181404435e-01	-5.4783092559e-01	-5.4783092559e-01	-5.4783092559e-01	-5.6014665793e-01	-5.6683898615e-01	-5.6683898615e-01	-5.6683898615e-01	-5.7895934695e-01	-5.7895934695e-01	-5.7895934695e-01	-5.8525088491e-01	-5.8525088491e-01	-5.9462731673e-01	-5.9462731673e-01	-6.0697331366e-01	-6.0697331366e-01	-6.1092231409e-01	-6.1092231409e-01	-6.1092231409e-01	-6.1692031688e-01	-6.2132050486e-01	-6.2132050486e-01	-6.3167589124e-01	-6.3167589124e-01	-6.3656027862e-01	-6.3656027862e-01	-6.3656027862e-01	-6.4417596776e-01	-6.4417596776e-01	-6.4484755731e-01	-6.5383669930e-01	-6.5383669930e-01	-6.5361055716e-01	-6.5361055716e-01	-6.5361055716e-01	-6.6208724421e-01	
438	0.0	-4.5904493288e-03	-4.5904493288e-03	-3.1779896082e-02	-6.3714459160e-02	-6.3714459160e-02	-6.3714459160e-02	-6.3714459160e-02	-1.0569115198e-01	-1.0569115198e-01	-1.0569115198e-01	-1.0569115198e-01	-1.5316017497e-01	-1.5316017497e-01	-1.5316017497e-01	-1.9142916890e-01	-2.0241964145e-01	-2.0241964145e-01	-2.0241964145e-01	-2.4055913950e-01	-2.5106763774e-01	-2.5106763774e-01	-2.5106763774e-01	-2.5106763774e-01	-2.9672706848e-01	-2.9672706848e-01	-2.9672706848e-01	-3.2630387908e-01	-3.3674637985e-01	-3.3674637985e-01	-3.3674637985e-01	-3.5999451175e-01	-3.7059158474e-01	-3.7059158474e-01	-3.7059158474e-01	-3.8876784120e-01	-3.9797111031e-01	-3.9797111031e-01	-3.9797111031e-01	-4.1258235520e-01	-4.2696567447e-01	-4.2696567447e-01	-4.2696567447e-01	-4.5082200168e-01	-4.5082200168e-01	-4.5835948527e-01	-4.5835948527e-01	-4.5835948527e-01	-4.7723742729e-01	-4.7723742729e-01	-4.7723742729e-01	-4.8599627691e-01	-4.9467446815e-01	-4.9467446815e-01	-4.9467446815e-01	-5.0177266893e-01	-5.0919555562e-01	-5.0919555562e-01	-5.0919555562e-01	-5.2336324895e-01	-5.3513470251e-01	-5.3513470251e-01	-5.3513470251e-01	-5.3513470251e-01	-5.4181406251e-01	-5.4783094389e-01	-5.4783094389e-01	-5.4783094389e-01	-5.6014667567e-01	-5.6683900408e-01	-5.6683900408e-01	-5.6683900408e-01	-5.7895936481e-01	-5.7895936481e-01	-5.7895936481e-01	-5.8525090238e-01	-5.8525090238e-01	-5.9462733488e-01	-5.9462733488e-01	-6.0697333090e-01	-6.0697333090e-01	-6.1092233172e-01	-6.1092233172e-01	-6.1092233172e-01	-6.1692033403e-01	-6.2132052256e-01	-6.2132052256e-01	-6.3167590814e-01	-6.3167590814e-01	-6.3656029653e-01	-6.3656029653e-01	-6.3656029653e-01	-6.4417598503e-01	-6.4417598503e-01	-6.4484757536e-01	-6.5383671622e-01	-6.5383671622e-01	-6.5361057516e-01	-6.5361057516e-01	-6.5361057516e-01	-6.6208726180e-01	
439	0.0	-4.5904472956e-03	-4.5904472956e-03	-3.1779894410e-02	-6.3714454607e-02	-6.3714454607e-02	-6.3714454607e-02	-6.3714454607e-02	-1.0569114372e-01	-1.0569114372e-01	-1.0569114372e-01	-1.0569114372e-01	-1.5316016302e-01	-1.5316016302e-01	-1.5316016302e-01	-1.9142915488e-01	-2.0241962658e-01	-2.0241962658e-01	-2.0241962658e-01	-2.4055912413e-01	-2.5106762168e-01	-2.5106762168e-01	-2.5106762168e-01	-2.5106762168e-01	-2.9672705419e-01	-2.9672705419e-01	-2.9672705419e-01	-3.2630386994e-01	-3.3674637016e-01	-3.3674637016e-01	-3.3674637016e-01	-3.5999450816e-01	-3.7059158074e-01	-3.7059158074e-01	-3.7059158074e-01	-3.8876784327e-01	-3.9797111210e-01	-3.9797111210e-01	-3.9797111210e-01	-4.1258236226e-01	-4.2696568128e-01	-4.2696568128e-01	-4.2696568128e-01	-4.5082201782e-01	-4.5082201782e-01	-4.5835950144e-01	-4.5835950144e-01	-4.5835950144e-01	-4.7723744690e-01	-4.7723744690e-01	-4.7723744690e-01	-4.8599629842e-01	-4.9467448993e-01	-4.9467448993e-01	-4.9467448993e-01	-5.0177269180e-01	-5.0919557884e-01	-5.0919557884e-01	-5.0919557884e-01	-5.2336327404e-01	-5.3513472815e-01	-5.3513472815e-01	-5.3513472815e-01	-5.3513472815e-01	-5.4181408833e-01	-5.4783096988e-01	-5.4783096988e-01	-5.4783096988e-01	-5.6014670126e-01	-5.6683902990e-01	-5.6683902990e-01	-5.6683902990e-01	-5.7895939068e-01	-5.7895939068e-01	-5.7895939068e-01	-5.8525092798e-01	-5.8525092798e-01	-5.9462736119e-01	-5.9462736119e-01	-6.0697335657e-01	-6.0697335657e-01	-6.1092235777e-01	-6.1092235777e-01	-6.1092235777e-01	-6.1692035974e-01	-6.2132054881e-01	-6.2132054881e-01	-6.3167593382e-01	-6.3167593382e-01	-6.3656032319e-01	-6.3656032319e-01	-6.3656032319e-01	-6.4417601122e-01	-6.4417601122e-01	-6.4484760229e-01	-6.5383674221e-01	-6.5383674221e-01	-6.5361060218e-01	-6.5361060218e-01	-6.5361060218e-01	-6.6208728852e-01	
440	0.0	-4.5904455914e-03	-4.5904455914e-03	-3.1779893011e-02	-6.3714451030e-02	-6.3714451030e-02	-6.3714451030e-02	-6.3714451030e-02	-1.0569113723e-01	-1.0569113723e-01	-1.0569113723e-01	-1.0569113723e-01	-1.5316015368e-01	-1.5316015368e-01	-1.5316015368e-01	-1.9142914416e-01	-2.0241961516e-01	-2.0241961516e-01	-2.0241961516e-01	-2.4055911285e-01	-2.5106760982e-01	-2.5106760982e-01	-2.5106760982e-01	-2.5106760982e-01	-2.9672704471e-01	-2.9672704471e-01	-2.9672704471e-01	-3.2630386595e-01	-3.3674636572e-01	-3.3674636572e-01	-3.3674636572e-01	-3.5999451008e-01	-3.7059158233e-01	-3.7059158233e-01	-3.7059158233e-01	-3.8876785112e-01	-3.9797111975e-01	-3.9797111975e-01	-3.9797111975e-01	-4.1258237535e-01	-4.2696569421e-01	-4.2696569421e-01	-4.2696569421e-01	-4.5082204034e-01	-4.5082204034e-01	-4.5835952402e-01	-4.5835952402e-01	-4.5835952402e-01	-4.7723747307e-01	-4.7723747307e-01	-4.7723747307e-01	-4.8599632659e-01	-4.9467451840e-01	-4.9467451840e-01	-4.9467451840e-01	-5.0177272146e-01	-5.0919560886e-01	-5.0919560886e-01	-5.0919560886e-01	-5.2336330613e-01	-5.3513476083e-01	-5.3513476083e-01	-5.3513476083e-01	-5.3513476083e-01	-5.4181412127e-01	-5.4783100301e-01	-5.4783100301e-01	-5.4783100301e-01	-5.6014673418e-01	-5.6683906305e-01	-5.6683906305e-01	-5.6683906305e-01	-5.7895942400e-01	-5.7895942400e-01	-5.7895942400e-01	-5.8525096115e-01	-5.8525096115e-01	-5.9462739508e-01	-5.9462739508e-01	-6.0697339008e-01	-6.0697339008e-01	-6.1092239167e-01	-6.1092239167e-01	-6.1092239167e-01	-6.1692039343e-01	-6.2132058304e-01	-6.2132058304e-01	-6.3167596768e-01	-6.3167596768e-01	-6.3656035801e-01	-6.3656035801e-01	-6.3656035801e-01	-6.4417604573e-01	-6.4417604573e-01	-6.4484763751e-01	-6.5383677666e-01	-6.5383677666e-01	-6.5361063762e-01	-6.5361063762e-01	-6.5361063762e-01	-6.6208732375e-01	
441	0.0	-4.5904442086e-03	-4.5904442086e-03	-3.1779891880e-02	-6.3714448398e-02	-6.3714448398e-02	-6.3714448398e-02	-6.3714448398e-02	-1.0569113243e-01	-1.0569113243e-01	-1.0569113243e-01	-1.0569113243e-01	-1.5316014687e-01	-1.5316014687e-01	-1.5316014687e-01	-1.9142913665e-01	-2.0241960708e-01	-2.0241960708e-01	-2.0241960708e-01	-2.4055910549e-01	-2.5106760200e-01	-2.5106760200e-01	-2.5106760200e-01	-2.5106760200e-01	-2.9672703984e-01	-2.9672703984e-01	-2.9672703984e-01	-3.2630386687e-01	-3.3674636628e-01	-3.3674636628e-01	-3.3674636628e-01	-3.5999451722e-01	-3.7059158922e-01	-3.7059158922e-01	-3.7059158922e-01	-3.8876786442e-01	-3.9797113292e-01	-3.9797113292e-01	-3.9797113292e-01	-4.1258239407e-01	-4.2696571288e-01	-4.2696571288e-01	-4.2696571288e-01	-4.5082206876e-01	-4.5082206876e-01	-4.5835955255e-01	-4.5835955255e-01	-4.5835955255e-01	-4.7723750531e-01	-4.7723750531e-01	-4.7723750531e-01	-4.8599636091e-01	-4.9467455307e-01	-4.9467455307e-01	-4.9467455307e-01	-5.0177275738e-01	-5.0919564519e-01	-5.0919564519e-01	-5.0919564519e-01	-5.2336334467e-01	-5.3513480001e-01	-5.3513480001e-01	-5.3513480001e-01	-5.3513480001e-01	-5.4181416079e-01	-5.4783104273e-01	-5.4783104273e-01	-5.4783104273e-01	-5.6014677385e-01	-5.6683910299e-01	-5.6683910299e-01	-5.6683910299e-01	-5.7895946422e-01	-5.7895946422e-01	-5.7895946422e-01	-5.8525100131e-01	-5.8525100131e-01	-5.9462743598e-01	-5.9462743598e-01	-6.0697343085e-01	-6.0697343085e-01	-6.1092243284e-01	-6.1092243284e-01	-6.1092243284e-01	-6.1692043451e-01	-6.2132062465e-01	-6.2132062465e-01	-6.3167600912e-01	-6.3167600912e-01	-6.3656040038e-01	-6.3656040038e-01	-6.3656040038e-01	-6.4417608793e-01	-6.4417608793e-01	-6.4484768040e-01	-6.5383681895e-01	-6.5383681895e-01	-6.5361068084e-01	-6.5361068084e-01	-6.5361068084e-01	-6.6208736688e-01	
442	0.0	-4.5904431387e-03	-4.5904431387e-03	-3.1779891007e-02	-6.3714446678e-02	-6.3714446678e-02	-6.3714446678e-02	-6.3714446678e-02	-1.0569112927e-01	-1.0569112927e-01	-1.0569112927e-01	-1.0569112927e-01	-1.5316014249e-01	-1.5316014249e-01	-1.5316014249e-01	-1.9142913220e-01	-2.0241960219e-01	-2.0241960219e-01	-2.0241960219e-01	-2.4055910189e-01	-2.5106759805e-01	-2.5106759805e-01	-2.5106759805e-01	-2.5106759805e-01	-2.9672703935e-01	-2.9672703935e-01	-2.9672703935e-01	-3.2630387245e-01	-3.3674637159e-01	-3.3674637159e-01	-3.3674637159e-01	-3.5999452927e-01	-3.7059160110e-01	-3.7059160110e-01	-3.7059160110e-01	-3.8876788281e-01	-3.9797115124e-01	-3.9797115124e-01	-3.9797115124e-01	-4.1258241805e-01	-4.2696573689e-01	-4.2696573689e-01	-4.2696573689e-01	-4.5082210264e-01	-4.5082210264e-01	-4.5835958656e-01	-4.5835958656e-01	-4.5835958656e-01	-4.7723754313e-01	-4.7723754313e-01	-4.7723754313e-01	-4.8599640088e-01	-4.9467459341e-01	-4.9467459341e-01	-4.9467459341e-01	-5.0177279906e-01	-5.0919568729e-01	-5.0919568729e-01	-5.0919568729e-01	-5.2336338913e-01	-5.3513484512e-01	-5.3513484512e-01	-5.3513484512e-01	-5.3513484512e-01	-5.4181420632e-01	-5.4783108850e-01	-5.4783108850e-01	-5.4783108850e-01	-5.6014681971e-01	-5.6683914915e-01	-5.6683914915e-01	-5.6683914915e-01	-5.7895951075e-01	-5.7895951075e-01	-5.7895951075e-01	-5.8525104790e-01	-5.8525104790e-01	-5.9462748331e-01	-5.9462748331e-01	-6.0697347828e-01	-6.0697347828e-01	-6.1092248066e-01	-6.1092248066e-01	-6.1092248066e-01	-6.1692048236e-01	-6.2132067303e-01	-6.2132067303e-01	-6.3167605752e-01	-6.3167605752e-01	-6.3656044967e-01	-6.3656044967e-01	-6.3656044967e-01	-6.4417613721e-01	-6.4417613721e-01	-6.4484773033e-01	-6.5383686846e-01	-6.5383686846e-01	-6.5361073122e-01	-6.5361073122e-01	-6.5361073122e-01	-6.6208741725e-01	
443	0.0	-4.5904423711e-03	-4.5904423711e-03	-3.1779890385e-02	-6.3714445831e-02	-6.3714445831e-02	-6.3714445831e-02	-6.3714445831e-02	-1.0569112769e-01	-1.0569112769e-01	-1.0569112769e-01	-1.0569112769e-01	-1.5316014045e-01	-1.5316014045e-01	-1.5316014045e-01	-1.9142913070e-01	-2.0241960038e-01	-2.0241960038e-01	-2.0241960038e-01	-2.4055910189e-01	-2.5106759781e-01	-2.5106759781e-01	-2.5106759781e-01	-2.5106759781e-01	-2.9672704304e-01	-2.9672704304e-01	-2.9672704304e-01	-3.2630388241e-01	-3.3674638138e-01	-3.3674638138e-01	-3.3674638138e-01	-3.5999454590e-01	-3.7059161765e-01	-3.7059161765e-01	-3.7059161765e-01	-3.8876790594e-01	-3.9797117435e-01	-3.9797117435e-01	-3.9797117435e-01	-4.1258244687e-01	-4.2696576582e-01	-4.2696576582e-01	-4.2696576582e-01	-4.5082214150e-01	-4.5082214150e-01	-4.5835962559e-01	-4.5835962559e-01	-4.5835962559e-01	-4.7723758603e-01	-4.7723758603e-01	-4.7723758603e-01	-4.8599644599e-01	-4.9467463893e-01	-4.9467463893e-01	-4.9467463893e-01	-5.0177284596e-01	-5.0919573464e-01	-5.0919573464e-01	-5.0919573464e-01	-5.2336343894e-01	-5.3513489563e-01	-5.3513489563e-01	-5.3513489563e-01	-5.3513489563e-01	-5.4181425731e-01	-5.4783113974e-01	-5.4783113974e-01	-5.4783113974e-01	-5.6014687120e-01	-5.6683920094e-01	-5.6683920094e-01	-5.6683920094e-01	-5.7895956302e-01	-5.7895956302e-01	-5.7895956302e-01	-5.8525110031e-01	-5.8525110031e-01	-5.9462753647e-01	-5.9462753647e-01	-6.0697353176e-01	-6.0697353176e-01	-6.1092253454e-01	-6.1092253454e-01	-6.1092253454e-01	-6.1692053639e-01	-6.2132072757e-01	-6.2132072757e-01	-6.3167611226e-01	-6.3167611226e-01	-6.3656050526e-01	-6.3656050526e-01	-6.3656050526e-01	-6.4417619293e-01	-6.4417619293e-01	-6.4484778666e-01	-6.5383692452e-01	-6.5383692452e-01	-6.5361078810e-01	-6.5361078810e-01	-6.5361078810e-01	-6.6208747422e-01	
444	0.0	-4.5904418947e-03	-4.5904418947e-03	-3.1779890004e-02	-6.3714445816e-02	-6.3714445816e-02	-6.3714445816e-02	-6.3714445816e-02	-1.0569112760e-01	-1.0569112760e-01	-1.0569112760e-01	-1.0569112760e-01	-1.5316014063e-01	-1.5316014063e-01	-1.5316014063e-01	-1.9142913199e-01	-2.0241960148e-01	-2.0241960148e-01	-2.0241960148e-01	-2.4055910529e-01	-2.5106760108e-01	-2.5106760108e-01	-2.5106760108e-01	-2.5106760108e-01	-2.9672705066e-01	-2.9672705066e-01	-2.9672705066e-01	-3.2630389647e-01	-3.3674639535e-01	-3.3674639535e-01	-3.3674639535e-01	-3.5999456679e-01	-3.7059163853e-01	-3.7059163853e-01	-3.7059163853e-01	-3.8876793342e-01	-3.9797120187e-01	-3.9797120187e-01	-3.9797120187e-01	-4.1258248013e-01	-4.2696579928e-01	-4.2696579928e-01	-4.2696579928e-01	-4.5082218488e-01	-4.5082218488e-01	-4.5835966915e-01	-4.5835966915e-01	-4.5835966915e-01	-4.7723763351e-01	-4.7723763351e-01	-4.7723763351e-01	-4.8599649572e-01	-4.9467468909e-01	-4.9467468909e-01	-4.9467468909e-01	-5.0177289755e-01	-5.0919578670e-01	-5.0919578670e-01	-5.0919578670e-01	-5.2336349357e-01	-5.3513495098e-01	-5.3513495098e-01	-5.3513495098e-01	-5.3513495098e-01	-5.4181431319e-01	-5.4783119590e-01	-5.4783119590e-01	-5.4783119590e-01	-5.6014692773e-01	-5.6683925780e-01	-5.6683925780e-01	-5.6683925780e-01	-5.7895962045e-01	-5.7895962045e-01	-5.7895962045e-01	-5.8525115797e-01	-5.8525115797e-01	-5.9462759487e-01	-5.9462759487e-01	-6.0697359070e-01	-6.0697359070e-01	-6.1092259386e-01	-6.1092259386e-01	-6.1092259386e-01	-6.1692059597e-01	-6.2132078765e-01	-6.2132078765e-01	-6.3167617271e-01	-6.3167617271e-01	-6.3656056652e-01	-6.3656056652e-01	-6.3656056652e-01	-6.4417625445e-01	-6.4417625445e-01	-6.4484784875e-01	-6.5383698651e-01	-6.5383698651e-01	-6.5361085084e-01	-6.5361085084e-01	-6.5361085084e-01	-6.6208753713e-01	
445	0.0	-4.5904416972e-03	-4.5904416972e-03	-3.1779889853e-02	-6.3714446591e-02	-6.3714446591e-02	-6.3714446591e-02	-6.3714446591e-02	-1.0569112894e-01	-1.0569112894e-01	-1.0569112894e-01	-1.0569112894e-01	-1.5316014291e-01	-1.5316014291e-01	-1.5316014291e-01	-1.9142913593e-01	-2.0241960534e-01	-2.0241960534e-01	-2.0241960534e-01	-2.4055911191e-01	-2.5106760766e-01	-2.5106760766e-01	-2.5106760766e-01	-2.5106760766e-01	-2.9672706197e-01	-2.9672706197e-01	-2.9672706197e-01	-3.2630391434e-01	-3.3674641321e-01	-3.3674641321e-01	-3.3674641321e-01	-3.5999459160e-01	-3.7059166340e-01	-3.7059166340e-01	-3.7059166340e-01	-3.8876796488e-01	-3.9797123344e-01	-3.9797123344e-01	-3.9797123344e-01	-4.1258251741e-01	-4.2696583683e-01	-4.2696583683e-01	-4.2696583683e-01	-4.5082223229e-01	-4.5082223229e-01	-4.5835971679e-01	-4.5835971679e-01	-4.5835971679e-01	-4.7723768509e-01	-4.7723768509e-01	-4.7723768509e-01	-4.8599654956e-01	-4.9467474339e-01	-4.9467474339e-01	-4.9467474339e-01	-5.0177295332e-01	-5.0919584294e-01	-5.0919584294e-01	-5.0919584294e-01	-5.2336355246e-01	-5.3513501060e-01	-5.3513501060e-01	-5.3513501060e-01	-5.3513501060e-01	-5.4181437342e-01	-5.4783125640e-01	-5.4783125640e-01	-5.4783125640e-01	-5.6014698874e-01	-5.6683931914e-01	-5.6683931914e-01	-5.6683931914e-01	-5.7895968244e-01	-5.7895968244e-01	-5.7895968244e-01	-5.8525122027e-01	-5.8525122027e-01	-5.9462765793e-01	-5.9462765793e-01	-6.0697365449e-01	-6.0697365449e-01	-6.1092265803e-01	-6.1092265803e-01	-6.1092265803e-01	-6.1692066050e-01	-6.2132085265e-01	-6.2132085265e-01	-6.3167623824e-01	-6.3167623824e-01	-6.3656063283e-01	-6.3656063283e-01	-6.3656063283e-01	-6.4417632113e-01	-6.4417632113e-01	-6.4484791597e-01	-6.5383705376e-01	-6.5383705376e-01	-6.5361091879e-01	-6.5361091879e-01	-6.5361091879e-01	-6.6208760533e-01	
446	0.0	-4.5904417652e-03	-4.5904417652e-03	-3.1779889921e-02	-6.3714448111e-02	-6.3714448111e-02	-6.3714448111e-02	-6.3714448111e-02	-1.0569113162e-01	-1.0569113162e-01	-1.0569113162e-01	-1.0569113162e-01	-1.5316014718e-01	-1.5316014718e-01	-1.5316014718e-01	-1.9142914235e-01	-2.0241961180e-01	-2.0241961180e-01	-2.0241961180e-01	-2.4055912153e-01	-2.5106761734e-01	-2.5106761734e-01	-2.5106761734e-01	-2.5106761734e-01	-2.9672707671e-01	-2.9672707671e-01	-2.9672707671e-01	-3.2630393573e-01	-3.3674643466e-01	-3.3674643466e-01	-3.3674643466e-01	-3.5999461999e-01	-3.7059169192e-01	-3.7059169192e-01	-3.7059169192e-01	-3.8876799995e-01	-3.9797126865e-01	-3.9797126865e-01	-3.9797126865e-01	-4.1258255830e-01	-4.2696587806e-01	-4.2696587806e-01	-4.2696587806e-01	-4.5082228328e-01	-4.5082228328e-01	-4.5835976802e-01	-4.5835976802e-01	-4.5835976802e-01	-4.7723774025e-01	-4.7723774025e-01	-4.7723774025e-01	-4.8599660701e-01	-4.9467480130e-01	-4.9467480130e-01	-4.9467480130e-01	-5.0177301274e-01	-5.0919590284e-01	-5.0919590284e-01	-5.0919590284e-01	-5.2336361507e-01	-5.3513507396e-01	-5.3513507396e-01	-5.3513507396e-01	-5.3513507396e-01	-5.4181443742e-01	-5.4783132069e-01	-5.4783132069e-01	-5.4783132069e-01	-5.6014705366e-01	-5.6683938441e-01	-5.6683938441e-01	-5.6683938441e-01	-5.7895974843e-01	-5.7895974843e-01	-5.7895974843e-01	-5.8525128665e-01	-5.8525128665e-01	-5.9462772504e-01	-5.9462772504e-01	-6.0697372252e-01	-6.0697372252e-01	-6.1092272643e-01	-6.1092272643e-01	-6.1092272643e-01	-6.1692072935e-01	-6.2132092196e-01	-6.2132092196e-01	-6.3167630823e-01	-6.3167630823e-01	-6.3656070354e-01	-6.3656070354e-01	-6.3656070354e-01	-6.4417639235e-01	-6.4417639235e-01	-6.4484798767e-01	-6.5383712565e-01	-6.5383712565e-01	-6.5361099131e-01	-6.5361099131e-01	-6.5361099131e-01	-6.6208767818e-01	
447	0.0	-4.5904420846e-03	-4.5904420846e-03	-3.1779890196e-02	-6.3714450328e-02	-6.3714450328e-02	-6.3714450328e-02	-6.3714450328e-02	-1.0569113555e-01	-1.0569113555e-01	-1.0569113555e-01	-1.0569113555e-01	-1.5316015331e-01	-1.5316015331e-01	-1.5316015331e-01	-1.9142915109e-01	-2.0241962068e-01	-2.0241962068e-01	-2.0241962068e-01	-2.4055913394e-01	-2.5106762990e-01	-2.5106762990e-01	-2.5106762990e-01	-2.5106762990e-01	-2.9672709462e-01	-2.9672709462e-01	-2.9672709462e-01	-3.2630396033e-01	-3.3674645940e-01	-3.3674645940e-01	-3.3674645940e-01	-3.5999465162e-01	-3.7059172374e-01	-3.7059172374e-01	-3.7059172374e-01	-3.8876803823e-01	-3.9797130713e-01	-3.9797130713e-01	-3.9797130713e-01	-4.1258260239e-01	-4.2696592255e-01	-4.2696592255e-01	-4.2696592255e-01	-4.5082233737e-01	-4.5082233737e-01	-4.5835982237e-01	-4.5835982237e-01	-4.5835982237e-01	-4.7723779852e-01	-4.7723779852e-01	-4.7723779852e-01	-4.8599666755e-01	-4.9467486233e-01	-4.9467486233e-01	-4.9467486233e-01	-5.0177307528e-01	-5.0919596588e-01	-5.0919596588e-01	-5.0919596588e-01	-5.2336368086e-01	-5.3513514050e-01	-5.3513514050e-01	-5.3513514050e-01	-5.3513514050e-01	-5.4181450465e-01	-5.4783138822e-01	-5.4783138822e-01	-5.4783138822e-01	-5.6014712193e-01	-5.6683945303e-01	-5.6683945303e-01	-5.6683945303e-01	-5.7895981783e-01	-5.7895981783e-01	-5.7895981783e-01	-5.8525135652e-01	-5.8525135652e-01	-5.9462779564e-01	-5.9462779564e-01	-6.0697379420e-01	-6.0697379420e-01	-6.1092279846e-01	-6.1092279846e-01	-6.1092279846e-01	-6.1692080192e-01	-6.2132099498e-01	-6.2132099498e-01	-6.3167638206e-01	-6.3167638206e-01	-6.3656077805e-01	-6.3656077805e-01	-6.3656077805e-01	-6.4417646746e-01	-6.4417646746e-01	-6.4484806324e-01	-6.5383720153e-01	-6.5383720153e-01	-6.5361106777e-01	-6.5361106777e-01	-6.5361106777e-01	-6.6208775503e-01	
448	0.0	-4.5904426407e-03	-4.5904426407e-03	-3.1779890666e-02	-6.3714453193e-02	-6.3714453193e-02	-6.3714453193e-02	-6.3714453193e-02	-1.0569114065e-01	-1.0569114065e-01	-1.0569114065e-01	-1.0569114065e-01	-1.5316016117e-01	-1.5316016117e-01	-1.5316016117e-01	-1.9142916198e-01	-2.0241963182e-01	-2.0241963182e-01	-2.0241963182e-01	-2.4055914895e-01	-2.5106764513e-01	-2.5106764513e-01	-2.5106764513e-01	-2.5106764513e-01	-2.9672711544e-01	-2.9672711544e-01	-2.9672711544e-01	-3.2630398784e-01	-3.3674648711e-01	-3.3674648711e-01	-3.3674648711e-01	-3.5999468615e-01	-3.7059175851e-01	-3.7059175851e-01	-3.7059175851e-01	-3.8876807936e-01	-3.9797134850e-01	-3.9797134850e-01	-3.9797134850e-01	-4.1258264926e-01	-4.2696596988e-01	-4.2696596988e-01	-4.2696596988e-01	-4.5082239410e-01	-4.5082239410e-01	-4.5835987938e-01	-4.5835987938e-01	-4.5835987938e-01	-4.7723785940e-01	-4.7723785940e-01	-4.7723785940e-01	-4.8599673070e-01	-4.9467492596e-01	-4.9467492596e-01	-4.9467492596e-01	-5.0177314044e-01	-5.0919603154e-01	-5.0919603154e-01	-5.0919603154e-01	-5.2336374929e-01	-5.3513520969e-01	-5.3513520969e-01	-5.3513520969e-01	-5.3513520969e-01	-5.4181457456e-01	-5.4783145844e-01	-5.4783145844e-01	-5.4783145844e-01	-5.6014719300e-01	-5.6683952445e-01	-5.6683952445e-01	-5.6683952445e-01	-5.7895989010e-01	-5.7895989010e-01	-5.7895989010e-01	-5.8525142931e-01	-5.8525142931e-01	-5.9462786914e-01	-5.9462786914e-01	-6.0697386893e-01	-6.0697386893e-01	-6.1092287355e-01	-6.1092287355e-01	-6.1092287355e-01	-6.1692087763e-01	-6.2132107110e-01	-6.2132107110e-01	-6.3167645912e-01	-6.3167645912e-01	-6.3656085575e-01	-6.3656085575e-01	-6.3656085575e-01	-6.4417654586e-01	-6.4417654586e-01	-6.4484814204e-01	-6.5383728077e-01	-6.5383728077e-01	-6.5361114752e-01	-6.5361114752e-01	-6.5361114752e-01	-6.6208783524e-01	
449	0.0	-4.5904434181e-03	-4.5904434181e-03	-3.1779891318e-02	-6.3714456657e-02	-6.3714456657e-02	-6.3714456657e-02	-6.3714456657e-02	-1.0569114683e-01	-1.0569114683e-01	-1.0569114683e-01	-1.0569114683e-01	-1.5316017062e-01	-1.5316017062e-01	-1.5316017062e-01	-1.9142917485e-01	-2.0241964502e-01	-2.0241964502e-01	-2.0241964502e-01	-2.4055916631e-01	-2.5106766281e-01	-2.5106766281e-01	-2.5106766281e-01	-2.5106766281e-01	-2.9672713891e-01	-2.9672713891e-01	-2.9672713891e-01	-3.2630401795e-01	-3.3674651750e-01	-3.3674651750e-01	-3.3674651750e-01	-3.5999472323e-01	-3.7059179590e-01	-3.7059179590e-01	-3.7059179590e-01	-3.8876812295e-01	-3.9797139237e-01	-3.9797139237e-01	-3.9797139237e-01	-4.1258269852e-01	-4.2696601964e-01	-4.2696601964e-01	-4.2696601964e-01	-4.5082245302e-01	-4.5082245302e-01	-4.5835993860e-01	-4.5835993860e-01	-4.5835993860e-01	-4.7723792242e-01	-4.7723792242e-01	-4.7723792242e-01	-4.8599679596e-01	-4.9467499172e-01	-4.9467499172e-01	-4.9467499172e-01	-5.0177320772e-01	-5.0919609933e-01	-5.0919609933e-01	-5.0919609933e-01	-5.2336381986e-01	-5.3513528101e-01	-5.3513528101e-01	-5.3513528101e-01	-5.3513528101e-01	-5.4181464664e-01	-5.4783153083e-01	-5.4783153083e-01	-5.4783153083e-01	-5.6014726632e-01	-5.6683959813e-01	-5.6683959813e-01	-5.6683959813e-01	-5.7895996467e-01	-5.7895996467e-01	-5.7895996467e-01	-5.8525150447e-01	-5.8525150447e-01	-5.9462794499e-01	-5.9462794499e-01	-6.0697394616e-01	-6.0697394616e-01	-6.1092295111e-01	-6.1092295111e-01	-6.1092295111e-01	-6.1692095588e-01	-6.2132114975e-01	-6.2132114975e-01	-6.3167653882e-01	-6.3167653882e-01	-6.3656093603e-01	-6.3656093603e-01	-6.3656093603e-01	-6.4417662693e-01	-6.4417662693e-01	-6.4484822348e-01	-6.5383736277e-01	-6.5383736277e-01	-6.5361122997e-01	-6.5361122997e-01	-6.5361122997e-01	-6.6208791820e-01	
450	0.0	-4.5904444009e-03	-4.5904444009e-03	-3.1779892137e-02	-6.3714460668e-02	-6.3714460668e-02	-6.3714460668e-02	-6.3714460668e-02	-1.0569115400e-01	-1.0569115400e-01	-1.0569115400e-01	-1.0569115400e-01	-1.5316018153e-01	-1.5316018153e-01	-1.5316018153e-01	-1.9142918952e-01	-2.0241966011e-01	-2.0241966011e-01	-2.0241966011e-01	-2.4055918583e-01	-2.5106768270e-01	-2.5106768270e-01	-2.5106768270e-01	-2.5106768270e-01	-2.9672716475e-01	-2.9672716475e-01	-2.9672716475e-01	-3.2630405037e-01	-3.3674655024e-01	-3.3674655024e-01	-3.3674655024e-01	-3.5999476252e-01	-3.7059183554e-01	-3.7059183554e-01	-3.7059183554e-01	-3.8876816863e-01	-3.9797143837e-01	-3.9797143837e-01	-3.9797143837e-01	-4.1258274976e-01	-4.2696607144e-01	-4.2696607144e-01	-4.2696607144e-01	-4.5082251369e-01	-4.5082251369e-01	-4.5835999957e-01	-4.5835999957e-01	-4.5835999957e-01	-4.7723798712e-01	-4.7723798712e-01	-4.7723798712e-01	-4.8599686286e-01	-4.9467505913e-01	-4.9467505913e-01	-4.9467505913e-01	-5.0177327665e-01	-5.0919616875e-01	-5.0919616875e-01	-5.0919616875e-01	-5.2336389206e-01	-5.3513535395e-01	-5.3513535395e-01	-5.3513535395e-01	-5.3513535395e-01	-5.4181472037e-01	-5.4783160487e-01	-5.4783160487e-01	-5.4783160487e-01	-5.6014734136e-01	-5.6683967353e-01	-5.6683967353e-01	-5.6683967353e-01	-5.7896004101e-01	-5.7896004101e-01	-5.7896004101e-01	-5.8525158145e-01	-5.8525158145e-01	-5.9462802264e-01	-5.9462802264e-01	-6.0697402532e-01	-6.0697402532e-01	-6.1092303059e-01	-6.1092303059e-01	-6.1092303059e-01	-6.1692103610e-01	-6.2132123035e-01	-6.2132123035e-01	-6.3167662057e-01	-6.3167662057e-01	-6.3656101832e-01	-6.3656101832e-01	-6.3656101832e-01	-6.4417671009e-01	-6.4417671009e-01	-6.4484830697e-01	-6.5383744691e-01	-6.5383744691e-01	-6.5361131450e-01	-6.5361131450e-01	-6.5361131450e-01	-6.6208800331e-01	
451	0.0	-4.5904455731e-03	-4.5904455731e-03	-3.1779893112e-02	-6.3714465177e-02	-6.3714465177e-02	-6.3714465177e-02	-6.3714465177e-02	-1.0569116207e-01	-1.0569116207e-01	-1.0569116207e-01	-1.0569116207e-01	-1.5316019376e-01	-1.5316019376e-01	-1.5316019376e-01	-1.9142920582e-01	-2.0241967691e-01	-2.0241967691e-01	-2.0241967691e-01	-2.4055920726e-01	-2.5106770458e-01	-2.5106770458e-01	-2.5106770458e-01	-2.5106770458e-01	-2.9672719269e-01	-2.9672719269e-01	-2.9672719269e-01	-3.2630408479e-01	-3.3674658505e-01	-3.3674658505e-01	-3.3674658505e-01	-3.5999480370e-01	-3.7059187711e-01	-3.7059187711e-01	-3.7059187711e-01	-3.8876821605e-01	-3.9797148613e-01	-3.9797148613e-01	-3.9797148613e-01	-4.1258280259e-01	-4.2696612487e-01	-4.2696612487e-01	-4.2696612487e-01	-4.5082257568e-01	-4.5082257568e-01	-4.5836006188e-01	-4.5836006188e-01	-4.5836006188e-01	-4.7723805305e-01	-4.7723805305e-01	-4.7723805305e-01	-4.8599693095e-01	-4.9467512772e-01	-4.9467512772e-01	-4.9467512772e-01	-5.0177334674e-01	-5.0919623933e-01	-5.0919623933e-01	-5.0919623933e-01	-5.2336396540e-01	-5.3513542802e-01	-5.3513542802e-01	-5.3513542802e-01	-5.3513542802e-01	-5.4181479525e-01	-5.4783168006e-01	-5.4783168006e-01	-5.4783168006e-01	-5.6014741764e-01	-5.6683975016e-01	-5.6683975016e-01	-5.6683975016e-01	-5.7896011861e-01	-5.7896011861e-01	-5.7896011861e-01	-5.8525165974e-01	-5.8525165974e-01	-5.9462810157e-01	-5.9462810157e-01	-6.0697410586e-01	-6.0697410586e-01	-6.1092311144e-01	-6.1092311144e-01	-6.1092311144e-01	-6.1692111776e-01	-6.2132131236e-01	-6.2132131236e-01	-6.3167670383e-01	-6.3167670383e-01	-6.3656110205e-01	-6.3656110205e-01	-6.3656110205e-01	-6.4417679477e-01	-6.4417679477e-01	-6.4484839193e-01	-6.5383753263e-01	-6.5383753263e-01	-6.5361140055e-01	-6.5361140055e-01	-6.5361140055e-01	-6.6208808997e-01	
452	0.0	-4.5904469182e-03	-4.5904469182e-03	-3.1779894227e-02	-6.3714470131e-02	-6.3714470131e-02	-6.3714470131e-02	-6.3714470131e-02	-1.0569117094e-01	-1.0569117094e-01	-1.0569117094e-01	-1.0569117094e-01	-1.5316020717e-01	-1.5316020717e-01	-1.5316020717e-01	-1.9142922357e-01	-2.0241969522e-01	-2.0241969522e-01	-2.0241969522e-01	-2.4055923040e-01	-2.5106772823e-01	-2.5106772823e-01	-2.5106772823e-01	-2.5106772823e-01	-2.9672722247e-01	-2.9672722247e-01	-2.9672722247e-01	-3.2630412092e-01	-3.3674662160e-01	-3.3674662160e-01	-3.3674662160e-01	-3.5999484642e-01	-3.7059192026e-01	-3.7059192026e-01	-3.7059192026e-01	-3.8876826484e-01	-3.9797153529e-01	-3.9797153529e-01	-3.9797153529e-01	-4.1258285664e-01	-4.2696617955e-01	-4.2696617955e-01	-4.2696617955e-01	-4.5082263858e-01	-4.5082263858e-01	-4.5836012510e-01	-4.5836012510e-01	-4.5836012510e-01	-4.7723811978e-01	-4.7723811978e-01	-4.7723811978e-01	-4.8599699978e-01	-4.9467519705e-01	-4.9467519705e-01	-4.9467519705e-01	-5.0177341755e-01	-5.0919631063e-01	-5.0919631063e-01	-5.0919631063e-01	-5.2336403941e-01	-5.3513550275e-01	-5.3513550275e-01	-5.3513550275e-01	-5.3513550275e-01	-5.4181487080e-01	-5.4783175592e-01	-5.4783175592e-01	-5.4783175592e-01	-5.6014749464e-01	-5.6683982752e-01	-5.6683982752e-01	-5.6683982752e-01	-5.7896019697e-01	-5.7896019697e-01	-5.7896019697e-01	-5.8525173882e-01	-5.8525173882e-01	-5.9462818127e-01	-5.9462818127e-01	-6.0697418727e-01	-6.0697418727e-01	-6.1092319313e-01	-6.1092319313e-01	-6.1092319313e-01	-6.1692120031e-01	-6.2132139524e-01	-6.2132139524e-01	-6.3167678803e-01	-6.3167678803e-01	-6.3656118668e-01	-6.3656118668e-01	-6.3656118668e-01	-6.4417688041e-01	-6.4417688041e-01	-6.4484847781e-01	-6.5383761936e-01	-6.5383761936e-01	-6.5361148755e-01	-6.5361148755e-01	-6.5361148755e-01	-6.6208817762e-01	
453	0.0	-4.5904484196e-03	-4.5904484196e-03	-3.1779895470e-02	-6.3714475480e-02	-6.3714475480e-02	-6.3714475480e-02	-6.3714475480e-02	-1.0569118053e-01	-1.0569118053e-01	-1.0569118053e-01	-1.0569118053e-01	-1.5316022162e-01	-1.5316022162e-01	-1.5316022162e-01	-1.9142924260e-01	-2.0241971488e-01	-2.0241971488e-01	-2.0241971488e-01	-2.4055925503e-01	-2.5106775341e-01	-2.5106775341e-01	-2.5106775341e-01	-2.5106775341e-01	-2.9672725383e-01	-2.9672725383e-01	-2.9672725383e-01	-3.2630415846e-01	-3.3674665961e-01	-3.3674665961e-01	-3.3674665961e-01	-3.5999489038e-01	-3.7059196469e-01	-3.7059196469e-01	-3.7059196469e-01	-3.8876831466e-01	-3.9797158551e-01	-3.9797158551e-01	-3.9797158551e-01	-4.1258291154e-01	-4.2696623511e-01	-4.2696623511e-01	-4.2696623511e-01	-4.5082270198e-01	-4.5082270198e-01	-4.5836018883e-01	-4.5836018883e-01	-4.5836018883e-01	-4.7723818690e-01	-4.7723818690e-01	-4.7723818690e-01	-4.8599706893e-01	-4.9467526670e-01	-4.9467526670e-01	-4.9467526670e-01	-5.0177348864e-01	-5.0919638220e-01	-5.0919638220e-01	-5.0919638220e-01	-5.2336411364e-01	-5.3513557769e-01	-5.3513557769e-01	-5.3513557769e-01	-5.3513557769e-01	-5.4181494657e-01	-5.4783183199e-01	-5.4783183199e-01	-5.4783183199e-01	-5.6014757191e-01	-5.6683990514e-01	-5.6683990514e-01	-5.6683990514e-01	-5.7896027560e-01	-5.7896027560e-01	-5.7896027560e-01	-5.8525181821e-01	-5.8525181821e-01	-5.9462826125e-01	-5.9462826125e-01	-6.0697426904e-01	-6.0697426904e-01	-6.1092327517e-01	-6.1092327517e-01	-6.1092327517e-01	-6.1692128326e-01	-6.2132147848e-01	-6.2132147848e-01	-6.3167687266e-01	-6.3167687266e-01	-6.3656127170e-01	-6.3656127170e-01	-6.3656127170e-01	-6.4417696649e-01	-6.4417696649e-01	-6.4484856409e-01	-6.5383770656e-01	-6.5383770656e-01	-6.5361157497e-01	-6.5361157497e-01	-6.5361157497e-01	-6.6208826572e-01	
454	0.0	-4.5904500606e-03	-4.5904500606e-03	-3.1779896825e-02	-6.3714481172e-02	-6.3714481172e-02	-6.3714481172e-02	-6.3714481172e-02	-1.0569119073e-01	-1.0569119073e-01	-1.0569119073e-01	-1.0569119073e-01	-1.5316023699e-01	-1.5316023699e-01	-1.5316023699e-01	-1.9142926273e-01	-2.0241973570e-01	-2.0241973570e-01	-2.0241973570e-01	-2.4055928092e-01	-2.5106777991e-01	-2.5106777991e-01	-2.5106777991e-01	-2.5106777991e-01	-2.9672728650e-01	-2.9672728650e-01	-2.9672728650e-01	-3.2630419713e-01	-3.3674669879e-01	-3.3674669879e-01	-3.3674669879e-01	-3.5999493525e-01	-3.7059201006e-01	-3.7059201006e-01	-3.7059201006e-01	-3.8876836518e-01	-3.9797163645e-01	-3.9797163645e-01	-3.9797163645e-01	-4.1258296694e-01	-4.2696629119e-01	-4.2696629119e-01	-4.2696629119e-01	-4.5082276551e-01	-4.5082276551e-01	-4.5836025269e-01	-4.5836025269e-01	-4.5836025269e-01	-4.7723825401e-01	-4.7723825401e-01	-4.7723825401e-01	-4.8599713799e-01	-4.9467533625e-01	-4.9467533625e-01	-4.9467533625e-01	-5.0177355960e-01	-5.0919645362e-01	-5.0919645362e-01	-5.0919645362e-01	-5.2336418768e-01	-5.3513565241e-01	-5.3513565241e-01	-5.3513565241e-01	-5.3513565241e-01	-5.4181502211e-01	-5.4783190784e-01	-5.4783190784e-01	-5.4783190784e-01	-5.6014764900e-01	-5.6683998256e-01	-5.6683998256e-01	-5.6683998256e-01	-5.7896035406e-01	-5.7896035406e-01	-5.7896035406e-01	-5.8525189746e-01	-5.8525189746e-01	-5.9462834105e-01	-5.9462834105e-01	-6.0697435070e-01	-6.0697435070e-01	-6.1092335709e-01	-6.1092335709e-01	-6.1092335709e-01	-6.1692136610e-01	-6.2132156160e-01	-6.2132156160e-01	-6.3167695723e-01	-6.3167695723e-01	-6.3656135659e-01	-6.3656135659e-01	-6.3656135659e-01	-6.4417705249e-01	-6.4417705249e-01	-6.4484865025e-01	-6.5383779372e-01	-6.5383779372e-01	-6.5361166229e-01	-6.5361166229e-01	-6.5361166229e-01	-6.6208835376e-01	
455	0.0	-4.5904518231e-03	-4.5904518231e-03	-3.1779898281e-02	-6.3714487154e-02	-6.3714487154e-02	-6.3714487154e-02	-6.3714487154e-02	-1.0569120146e-01	-1.0569120146e-01	-1.0569120146e-01	-1.0569120146e-01	-1.5316025312e-01	-1.5316025312e-01	-1.5316025312e-01	-1.9142928378e-01	-2.0241975748e-01	-2.0241975748e-01	-2.0241975748e-01	-2.4055930786e-01	-2.5106780750e-01	-2.5106780750e-01	-2.5106780750e-01	-2.5106780750e-01	-2.9672732022e-01	-2.9672732022e-01	-2.9672732022e-01	-3.2630423663e-01	-3.3674673883e-01	-3.3674673883e-01	-3.3674673883e-01	-3.5999498072e-01	-3.7059205606e-01	-3.7059205606e-01	-3.7059205606e-01	-3.8876841604e-01	-3.9797168776e-01	-3.9797168776e-01	-3.9797168776e-01	-4.1258302247e-01	-4.2696634742e-01	-4.2696634742e-01	-4.2696634742e-01	-4.5082282876e-01	-4.5082282876e-01	-4.5836031628e-01	-4.5836031628e-01	-4.5836031628e-01	-4.7723832069e-01	-4.7723832069e-01	-4.7723832069e-01	-4.8599720655e-01	-4.9467540529e-01	-4.9467540529e-01	-4.9467540529e-01	-5.0177363000e-01	-5.0919652447e-01	-5.0919652447e-01	-5.0919652447e-01	-5.2336426106e-01	-5.3513572645e-01	-5.3513572645e-01	-5.3513572645e-01	-5.3513572645e-01	-5.4181509698e-01	-5.4783198300e-01	-5.4783198300e-01	-5.4783198300e-01	-5.6014772544e-01	-5.6684005933e-01	-5.6684005933e-01	-5.6684005933e-01	-5.7896043186e-01	-5.7896043186e-01	-5.7896043186e-01	-5.8525197607e-01	-5.8525197607e-01	-5.9462842019e-01	-5.9462842019e-01	-6.0697443174e-01	-6.0697443174e-01	-6.1092343837e-01	-6.1092343837e-01	-6.1092343837e-01	-6.1692144835e-01	-6.2132164409e-01	-6.2132164409e-01	-6.3167704121e-01	-6.3167704121e-01	-6.3656144086e-01	-6.3656144086e-01	-6.3656144086e-01	-6.4417713789e-01	-6.4417713789e-01	-6.4484873578e-01	-6.5383788031e-01	-6.5383788031e-01	-6.5361174897e-01	-6.5361174897e-01	-6.5361174897e-01	-6.6208844119e-01	
456	0.0	-4.5904536947e-03	-4.5904536947e-03	-3.1779899822e-02	-6.3714493384e-02	-6.3714493384e-02	-6.3714493384e-02	-6.3714493384e-02	-1.0569121264e-01	-1.0569121264e-01	-1.0569121264e-01	-1.0569121264e-01	-1.5316026991e-01	-1.5316026991e-01	-1.5316026991e-01	-1.9142930560e-01	-2.0241978009e-01	-2.0241978009e-01	-2.0241978009e-01	-2.4055933567e-01	-2.5106783599e-01	-2.5106783599e-01	-2.5106783599e-01	-2.5106783599e-01	-2.9672735479e-01	-2.9672735479e-01	-2.9672735479e-01	-3.2630427676e-01	-3.3674677952e-01	-3.3674677952e-01	-3.3674677952e-01	-3.5999502657e-01	-3.7059210245e-01	-3.7059210245e-01	-3.7059210245e-01	-3.8876846703e-01	-3.9797173920e-01	-3.9797173920e-01	-3.9797173920e-01	-4.1258307790e-01	-4.2696640356e-01	-4.2696640356e-01	-4.2696640356e-01	-4.5082289150e-01	-4.5082289150e-01	-4.5836037935e-01	-4.5836037935e-01	-4.5836037935e-01	-4.7723838670e-01	-4.7723838670e-01	-4.7723838670e-01	-4.8599727436e-01	-4.9467547356e-01	-4.9467547356e-01	-4.9467547356e-01	-5.0177369959e-01	-5.0919659449e-01	-5.0919659449e-01	-5.0919659449e-01	-5.2336433354e-01	-5.3513579956e-01	-5.3513579956e-01	-5.3513579956e-01	-5.3513579956e-01	-5.4181517092e-01	-5.4783205723e-01	-5.4783205723e-01	-5.4783205723e-01	-5.6014780096e-01	-5.6684013517e-01	-5.6684013517e-01	-5.6684013517e-01	-5.7896050874e-01	-5.7896050874e-01	-5.7896050874e-01	-5.8525205378e-01	-5.8525205378e-01	-5.9462849839e-01	-5.9462849839e-01	-6.0697451190e-01	-6.0697451190e-01	-6.1092351873e-01	-6.1092351873e-01	-6.1092351873e-01	-6.1692152970e-01	-6.2132172566e-01	-6.2132172566e-01	-6.3167712431e-01	-6.3167712431e-01	-6.3656152418e-01	-6.3656152418e-01	-6.3656152418e-01	-6.4417722240e-01	-6.4417722240e-01	-6.4484882037e-01	-6.5383796601e-01	-6.5383796601e-01	-6.5361183472e-01	-6.5361183472e-01	-6.5361183472e-01	-6.6208852769e-01	
457	0.0	-4.5904556558e-03	-4.5904556558e-03	-3.1779901436e-02	-6.3714499809e-02	-6.3714499809e-02	-6.3714499809e-02	-6.3714499809e-02	-1.0569122418e-01	-1.0569122418e-01	-1.0569122418e-01	-1.0569122418e-01	-1.5316028721e-01	-1.5316028721e-01	-1.5316028721e-01	-1.9142932802e-01	-2.0241980333e-01	-2.0241980333e-01	-2.0241980333e-01	-2.4055936412e-01	-2.5106786515e-01	-2.5106786515e-01	-2.5106786515e-01	-2.5106786515e-01	-2.9672738992e-01	-2.9672738992e-01	-2.9672738992e-01	-3.2630431719e-01	-3.3674682055e-01	-3.3674682055e-01	-3.3674682055e-01	-3.5999507245e-01	-3.7059214890e-01	-3.7059214890e-01	-3.7059214890e-01	-3.8876851779e-01	-3.9797179041e-01	-3.9797179041e-01	-3.9797179041e-01	-4.1258313284e-01	-4.2696645922e-01	-4.2696645922e-01	-4.2696645922e-01	-4.5082295331e-01	-4.5082295331e-01	-4.5836044149e-01	-4.5836044149e-01	-4.5836044149e-01	-4.7723845161e-01	-4.7723845161e-01	-4.7723845161e-01	-4.8599734097e-01	-4.9467554062e-01	-4.9467554062e-01	-4.9467554062e-01	-5.0177376791e-01	-5.0919666323e-01	-5.0919666323e-01	-5.0919666323e-01	-5.2336440463e-01	-5.3513587126e-01	-5.3513587126e-01	-5.3513587126e-01	-5.3513587126e-01	-5.4181524344e-01	-5.4783213002e-01	-5.4783213002e-01	-5.4783213002e-01	-5.6014787507e-01	-5.6684020958e-01	-5.6684020958e-01	-5.6684020958e-01	-5.7896058419e-01	-5.7896058419e-01	-5.7896058419e-01	-5.8525213007e-01	-5.8525213007e-01	-5.9462857513e-01	-5.9462857513e-01	-6.0697459061e-01	-6.0697459061e-01	-6.1092359764e-01	-6.1092359764e-01	-6.1092359764e-01	-6.1692160961e-01	-6.2132180575e-01	-6.2132180575e-01	-6.3167720597e-01	-6.3167720597e-01	-6.3656160602e-01	-6.3656160602e-01	-6.3656160602e-01	-6.4417730542e-01	-6.4417730542e-01	-6.4484890344e-01	-6.5383805024e-01	-6.5383805024e-01	-6.5361191896e-01	-6.5361191896e-01	-6.5361191896e-01	-6.6208861270e-01	
458	0.0	-4.5904576913e-03	-4.5904576913e-03	-3.1779903110e-02	-6.3714506383e-02	-6.3714506383e-02	-6.3714506383e-02	-6.3714506383e-02	-1.0569123598e-01	-1.0569123598e-01	-1.0569123598e-01	-1.0569123598e-01	-1.5316030489e-01	-1.5316030489e-01	-1.5316030489e-01	-1.9142935089e-01	-2.0241982703e-01	-2.0241982703e-01	-2.0241982703e-01	-2.4055939302e-01	-2.5106789478e-01	-2.5106789478e-01	-2.5106789478e-01	-2.5106789478e-01	-2.9672742541e-01	-2.9672742541e-01	-2.9672742541e-01	-3.2630435772e-01	-3.3674686168e-01	-3.3674686168e-01	-3.3674686168e-01	-3.5999511813e-01	-3.7059219515e-01	-3.7059219515e-01	-3.7059219515e-01	-3.8876856804e-01	-3.9797184114e-01	-3.9797184114e-01	-3.9797184114e-01	-4.1258318703e-01	-4.2696651414e-01	-4.2696651414e-01	-4.2696651414e-01	-4.5082301392e-01	-4.5082301392e-01	-4.5836050242e-01	-4.5836050242e-01	-4.5836050242e-01	-4.7723851513e-01	-4.7723851513e-01	-4.7723851513e-01	-4.8599740609e-01	-4.9467560619e-01	-4.9467560619e-01	-4.9467560619e-01	-5.0177383468e-01	-5.0919673040e-01	-5.0919673040e-01	-5.0919673040e-01	-5.2336447406e-01	-5.3513594126e-01	-5.3513594126e-01	-5.3513594126e-01	-5.3513594126e-01	-5.4181531424e-01	-5.4783220109e-01	-5.4783220109e-01	-5.4783220109e-01	-5.6014794745e-01	-5.6684028226e-01	-5.6684028226e-01	-5.6684028226e-01	-5.7896065789e-01	-5.7896065789e-01	-5.7896065789e-01	-5.8525220461e-01	-5.8525220461e-01	-5.9462865008e-01	-5.9462865008e-01	-6.0697466756e-01	-6.0697466756e-01	-6.1092367477e-01	-6.1092367477e-01	-6.1092367477e-01	-6.1692168775e-01	-6.2132188405e-01	-6.2132188405e-01	-6.3167728584e-01	-6.3167728584e-01	-6.3656168602e-01	-6.3656168602e-01	-6.3656168602e-01	-6.4417738663e-01	-6.4417738663e-01	-6.4484898466e-01	-6.5383813265e-01	-6.5383813265e-01	-6.5361200132e-01	-6.5361200132e-01	-6.5361200132e-01	-6.6208869584e-01	
459	0.0	-4.5904597858e-03	-4.5904597858e-03	-3.1779904830e-02	-6.3714513060e-02	-6.3714513060e-02	-6.3714513060e-02	-6.3714513060e-02	-1.0569124798e-01	-1.0569124798e-01	-1.0569124798e-01	-1.0569124798e-01	-1.5316032284e-01	-1.5316032284e-01	-1.5316032284e-01	-1.9142937403e-01	-2.0241985105e-01	-2.0241985105e-01	-2.0241985105e-01	-2.4055942218e-01	-2.5106792470e-01	-2.5106792470e-01	-2.5106792470e-01	-2.5106792470e-01	-2.9672746103e-01	-2.9672746103e-01	-2.9672746103e-01	-3.2630439809e-01	-3.3674690267e-01	-3.3674690267e-01	-3.3674690267e-01	-3.5999516336e-01	-3.7059224097e-01	-3.7059224097e-01	-3.7059224097e-01	-3.8876861755e-01	-3.9797189112e-01	-3.9797189112e-01	-3.9797189112e-01	-4.1258324022e-01	-4.2696656805e-01	-4.2696656805e-01	-4.2696656805e-01	-4.5082307304e-01	-4.5082307304e-01	-4.5836056186e-01	-4.5836056186e-01	-4.5836056186e-01	-4.7723857699e-01	-4.7723857699e-01	-4.7723857699e-01	-4.8599746945e-01	-4.9467566996e-01	-4.9467566996e-01	-4.9467566996e-01	-5.0177389960e-01	-5.0919679569e-01	-5.0919679569e-01	-5.0919679569e-01	-5.2336454150e-01	-5.3513600924e-01	-5.3513600924e-01	-5.3513600924e-01	-5.3513600924e-01	-5.4181538301e-01	-5.4783227011e-01	-5.4783227011e-01	-5.4783227011e-01	-5.6014801779e-01	-5.6684035288e-01	-5.6684035288e-01	-5.6684035288e-01	-5.7896072952e-01	-5.7896072952e-01	-5.7896072952e-01	-5.8525227709e-01	-5.8525227709e-01	-5.9462872294e-01	-5.9462872294e-01	-6.0697474241e-01	-6.0697474241e-01	-6.1092374977e-01	-6.1092374977e-01	-6.1092374977e-01	-6.1692176376e-01	-6.2132196020e-01	-6.2132196020e-01	-6.3167736357e-01	-6.3167736357e-01	-6.3656176384e-01	-6.3656176384e-01	-6.3656176384e-01	-6.4417746566e-01	-6.4417746566e-01	-6.4484906367e-01	-6.5383821287e-01	-6.5383821287e-01	-6.5361208145e-01	-6.5361208145e-01	-6.5361208145e-01	-6.6208877675e-01	
460	0.0	-4.5904619241e-03	-4.5904619241e-03	-3.1779906585e-02	-6.3714519797e-02	-6.3714519797e-02	-6.3714519797e-02	-6.3714519797e-02	-1.0569126009e-01	-1.0569126009e-01	-1.0569126009e-01	-1.0569126009e-01	-1.5316034095e-01	-1.5316034095e-01	-1.5316034095e-01	-1.9142939732e-01	-2.0241987523e-01	-2.0241987523e-01	-2.0241987523e-01	-2.4055945143e-01	-2.5106795471e-01	-2.5106795471e-01	-2.5106795471e-01	-2.5106795471e-01	-2.9672749657e-01	-2.9672749657e-01	-2.9672749657e-01	-3.2630443809e-01	-3.3674694331e-01	-3.3674694331e-01	-3.3674694331e-01	-3.5999520790e-01	-3.7059228610e-01	-3.7059228610e-01	-3.7059228610e-01	-3.8876866607e-01	-3.9797194011e-01	-3.9797194011e-01	-3.9797194011e-01	-4.1258329214e-01	-4.2696662069e-01	-4.2696662069e-01	-4.2696662069e-01	-4.5082313043e-01	-4.5082313043e-01	-4.5836061956e-01	-4.5836061956e-01	-4.5836061956e-01	-4.7723863692e-01	-4.7723863692e-01	-4.7723863692e-01	-4.8599753078e-01	-4.9467573168e-01	-4.9467573168e-01	-4.9467573168e-01	-5.0177396240e-01	-5.0919685885e-01	-5.0919685885e-01	-5.0919685885e-01	-5.2336460669e-01	-5.3513607494e-01	-5.3513607494e-01	-5.3513607494e-01	-5.3513607494e-01	-5.4181544947e-01	-5.4783233681e-01	-5.4783233681e-01	-5.4783233681e-01	-5.6014808581e-01	-5.6684042116e-01	-5.6684042116e-01	-5.6684042116e-01	-5.7896079878e-01	-5.7896079878e-01	-5.7896079878e-01	-5.8525234719e-01	-5.8525234719e-01	-5.9462879338e-01	-5.9462879338e-01	-6.0697481485e-01	-6.0697481485e-01	-6.1092382234e-01	-6.1092382234e-01	-6.1092382234e-01	-6.1692183734e-01	-6.2132203389e-01	-6.2132203389e-01	-6.3167743883e-01	-6.3167743883e-01	-6.3656183914e-01	-6.3656183914e-01	-6.3656183914e-01	-6.4417754218e-01	-6.4417754218e-01	-6.4484914014e-01	-6.5383829057e-01	-6.5383829057e-01	-6.5361215902e-01	-6.5361215902e-01	-6.5361215902e-01	-6.6208885510e-01	
461	0.0	-4.5904640919e-03	-4.5904640919e-03	-3.1779908362e-02	-6.3714526554e-02	-6.3714526554e-02	-6.3714526554e-02	-6.3714526554e-02	-1.0569127223e-01	-1.0569127223e-01	-1.0569127223e-01	-1.0569127223e-01	-1.5316035909e-01	-1.5316035909e-01	-1.5316035909e-01	-1.9142942061e-01	-2.0241989942e-01	-2.0241989942e-01	-2.0241989942e-01	-2.4055948059e-01	-2.5106798465e-01	-2.5106798465e-01	-2.5106798465e-01	-2.5106798465e-01	-2.9672753183e-01	-2.9672753183e-01	-2.9672753183e-01	-3.2630447751e-01	-3.3674698337e-01	-3.3674698337e-01	-3.3674698337e-01	-3.5999525155e-01	-3.7059233033e-01	-3.7059233033e-01	-3.7059233033e-01	-3.8876871337e-01	-3.9797198789e-01	-3.9797198789e-01	-3.9797198789e-01	-4.1258334257e-01	-4.2696667183e-01	-4.2696667183e-01	-4.2696667183e-01	-4.5082318585e-01	-4.5082318585e-01	-4.5836067528e-01	-4.5836067528e-01	-4.5836067528e-01	-4.7723869468e-01	-4.7723869468e-01	-4.7723869468e-01	-4.8599758984e-01	-4.9467579112e-01	-4.9467579112e-01	-4.9467579112e-01	-5.0177402285e-01	-5.0919691962e-01	-5.0919691962e-01	-5.0919691962e-01	-5.2336466939e-01	-5.3513613810e-01	-5.3513613810e-01	-5.3513613810e-01	-5.3513613810e-01	-5.4181551337e-01	-5.4783240094e-01	-5.4783240094e-01	-5.4783240094e-01	-5.6014815124e-01	-5.6684048683e-01	-5.6684048683e-01	-5.6684048683e-01	-5.7896086542e-01	-5.7896086542e-01	-5.7896086542e-01	-5.8525241466e-01	-5.8525241466e-01	-5.9462886115e-01	-5.9462886115e-01	-6.0697488459e-01	-6.0697488459e-01	-6.1092389220e-01	-6.1092389220e-01	-6.1092389220e-01	-6.1692190820e-01	-6.2132210483e-01	-6.2132210483e-01	-6.3167751133e-01	-6.3167751133e-01	-6.3656191164e-01	-6.3656191164e-01	-6.3656191164e-01	-6.4417761588e-01	-6.4417761588e-01	-6.4484921377e-01	-6.5383836543e-01	-6.5383836543e-01	-6.5361223372e-01	-6.5361223372e-01	-6.5361223372e-01	-6.6208893057e-01	
462	0.0	-4.5904662752e-03	-4.5904662752e-03	-3.1779910150e-02	-6.3714533289e-02	-6.3714533289e-02	-6.3714533289e-02	-6.3714533289e-02	-1.0569128434e-01	-1.0569128434e-01	-1.0569128434e-01	-1.0569128434e-01	-1.5316037717e-01	-1.5316037717e-01	-1.5316037717e-01	-1.9142944377e-01	-2.0241992348e-01	-2.0241992348e-01	-2.0241992348e-01	-2.4055950951e-01	-2.5106801435e-01	-2.5106801435e-01	-2.5106801435e-01	-2.5106801435e-01	-2.9672756664e-01	-2.9672756664e-01	-2.9672756664e-01	-3.2630451617e-01	-3.3674702266e-01	-3.3674702266e-01	-3.3674702266e-01	-3.5999529409e-01	-3.7059237347e-01	-3.7059237347e-01	-3.7059237347e-01	-3.8876875926e-01	-3.9797203425e-01	-3.9797203425e-01	-3.9797203425e-01	-4.1258339131e-01	-4.2696672127e-01	-4.2696672127e-01	-4.2696672127e-01	-4.5082323909e-01	-4.5082323909e-01	-4.5836072881e-01	-4.5836072881e-01	-4.5836072881e-01	-4.7723875007e-01	-4.7723875007e-01	-4.7723875007e-01	-4.8599764641e-01	-4.9467584804e-01	-4.9467584804e-01	-4.9467584804e-01	-5.0177408072e-01	-5.0919697780e-01	-5.0919697780e-01	-5.0919697780e-01	-5.2336472936e-01	-5.3513619850e-01	-5.3513619850e-01	-5.3513619850e-01	-5.3513619850e-01	-5.4181557449e-01	-5.4783246227e-01	-5.4783246227e-01	-5.4783246227e-01	-5.6014821385e-01	-5.6684054967e-01	-5.6684054967e-01	-5.6684054967e-01	-5.7896092918e-01	-5.7896092918e-01	-5.7896092918e-01	-5.8525247925e-01	-5.8525247925e-01	-5.9462892601e-01	-5.9462892601e-01	-6.0697495139e-01	-6.0697495139e-01	-6.1092395909e-01	-6.1092395909e-01	-6.1092395909e-01	-6.1692197607e-01	-6.2132217276e-01	-6.2132217276e-01	-6.3167758081e-01	-6.3167758081e-01	-6.3656198108e-01	-6.3656198108e-01	-6.3656198108e-01	-6.4417768651e-01	-6.4417768651e-01	-6.4484928428e-01	-6.5383843720e-01	-6.5383843720e-01	-6.5361230527e-01	-6.5361230527e-01	-6.5361230527e-01	-6.6208900289e-01	
463	0.0	-4.5904684605e-03	-4.5904684605e-03	-3.1779911939e-02	-6.3714539966e-02	-6.3714539966e-02	-6.3714539966e-02	-6.3714539966e-02	-1.0569129635e-01	-1.0569129635e-01	-1.0569129635e-01	-1.0569129635e-01	-1.5316039509e-01	-1.5316039509e-01	-1.5316039509e-01	-1.9142946668e-01	-2.0241994728e-01	-2.0241994728e-01	-2.0241994728e-01	-2.4055953803e-01	-2.5106804364e-01	-2.5106804364e-01	-2.5106804364e-01	-2.5106804364e-01	-2.9672760081e-01	-2.9672760081e-01	-2.9672760081e-01	-3.2630455387e-01	-3.3674706100e-01	-3.3674706100e-01	-3.3674706100e-01	-3.5999533535e-01	-3.7059241531e-01	-3.7059241531e-01	-3.7059241531e-01	-3.8876880354e-01	-3.9797207899e-01	-3.9797207899e-01	-3.9797207899e-01	-4.1258343817e-01	-4.2696676881e-01	-4.2696676881e-01	-4.2696676881e-01	-4.5082328997e-01	-4.5082328997e-01	-4.5836077996e-01	-4.5836077996e-01	-4.5836077996e-01	-4.7723880289e-01	-4.7723880289e-01	-4.7723880289e-01	-4.8599770031e-01	-4.9467590227e-01	-4.9467590227e-01	-4.9467590227e-01	-5.0177413582e-01	-5.0919703318e-01	-5.0919703318e-01	-5.0919703318e-01	-5.2336478641e-01	-5.3513625595e-01	-5.3513625595e-01	-5.3513625595e-01	-5.3513625595e-01	-5.4181563262e-01	-5.4783252060e-01	-5.4783252060e-01	-5.4783252060e-01	-5.6014827343e-01	-5.6684060946e-01	-5.6684060946e-01	-5.6684060946e-01	-5.7896098987e-01	-5.7896098987e-01	-5.7896098987e-01	-5.8525254075e-01	-5.8525254075e-01	-5.9462898773e-01	-5.9462898773e-01	-6.0697501501e-01	-6.0697501501e-01	-6.1092402279e-01	-6.1092402279e-01	-6.1092402279e-01	-6.1692204074e-01	-6.2132223746e-01	-6.2132223746e-01	-6.3167764702e-01	-6.3167764702e-01	-6.3656204722e-01	-6.3656204722e-01	-6.3656204722e-01	-6.4417775381e-01	-6.4417775381e-01	-6.4484935146e-01	-6.5383850561e-01	-6.5383850561e-01	-6.5361237345e-01	-6.5361237345e-01	-6.5361237345e-01	-6.6208907181e-01	
464	0.0	-4.5904706354e-03	-4.5904706354e-03	-3.1779913717e-02	-6.3714546550e-02	-6.3714546550e-02	-6.3714546550e-02	-6.3714546550e-02	-1.0569130819e-01	-1.0569130819e-01	-1.0569130819e-01	-1.0569130819e-01	-1.5316041274e-01	-1.5316041274e-01	-1.5316041274e-01	-1.9142948921e-01	-2.0241997071e-01	-2.0241997071e-01	-2.0241997071e-01	-2.4055956601e-01	-2.5106807239e-01	-2.5106807239e-01	-2.5106807239e-01	-2.5106807239e-01	-2.9672763418e-01	-2.9672763418e-01	-2.9672763418e-01	-3.2630459046e-01	-3.3674709823e-01	-3.3674709823e-01	-3.3674709823e-01	-3.5999537517e-01	-3.7059245570e-01	-3.7059245570e-01	-3.7059245570e-01	-3.8876884606e-01	-3.9797212197e-01	-3.9797212197e-01	-3.9797212197e-01	-4.1258348299e-01	-4.2696681429e-01	-4.2696681429e-01	-4.2696681429e-01	-4.5082333833e-01	-4.5082333833e-01	-4.5836082858e-01	-4.5836082858e-01	-4.5836082858e-01	-4.7723885299e-01	-4.7723885299e-01	-4.7723885299e-01	-4.8599775138e-01	-4.9467595364e-01	-4.9467595364e-01	-4.9467595364e-01	-5.0177418799e-01	-5.0919708561e-01	-5.0919708561e-01	-5.0919708561e-01	-5.2336484037e-01	-5.3513631027e-01	-5.3513631027e-01	-5.3513631027e-01	-5.3513631027e-01	-5.4181568760e-01	-5.4783257576e-01	-5.4783257576e-01	-5.4783257576e-01	-5.6014832981e-01	-5.6684066603e-01	-5.6684066603e-01	-5.6684066603e-01	-5.7896104731e-01	-5.7896104731e-01	-5.7896104731e-01	-5.8525259896e-01	-5.8525259896e-01	-5.9462904613e-01	-5.9462904613e-01	-6.0697507527e-01	-6.0697507527e-01	-6.1092408311e-01	-6.1092408311e-01	-6.1092408311e-01	-6.1692210200e-01	-6.2132229874e-01	-6.2132229874e-01	-6.3167770978e-01	-6.3167770978e-01	-6.3656210986e-01	-6.3656210986e-01	-6.3656210986e-01	-6.4417781760e-01	-6.4417781760e-01	-6.4484941509e-01	-6.5383857047e-01	-6.5383857047e-01	-6.5361243803e-01	-6.5361243803e-01	-6.5361243803e-01	-6.6208913713e-01	
465	0.0	-4.5904727880e-03	-4.5904727880e-03	-3.1779915476e-02	-6.3714553009e-02	-6.3714553009e-02	-6.3714553009e-02	-6.3714553009e-02	-1.0569131981e-01	-1.0569131981e-01	-1.0569131981e-01	-1.0569131981e-01	-1.5316043005e-01	-1.5316043005e-01	-1.5316043005e-01	-1.9142951126e-01	-2.0241999364e-01	-2.0241999364e-01	-2.0241999364e-01	-2.4055959332e-01	-2.5106810046e-01	-2.5106810046e-01	-2.5106810046e-01	-2.5106810046e-01	-2.9672766661e-01	-2.9672766661e-01	-2.9672766661e-01	-3.2630462580e-01	-3.3674713418e-01	-3.3674713418e-01	-3.3674713418e-01	-3.5999541339e-01	-3.7059249448e-01	-3.7059249448e-01	-3.7059249448e-01	-3.8876888667e-01	-3.9797216302e-01	-3.9797216302e-01	-3.9797216302e-01	-4.1258352562e-01	-4.2696685756e-01	-4.2696685756e-01	-4.2696685756e-01	-4.5082338401e-01	-4.5082338401e-01	-4.5836087452e-01	-4.5836087452e-01	-4.5836087452e-01	-4.7723890022e-01	-4.7723890022e-01	-4.7723890022e-01	-4.8599779947e-01	-4.9467600201e-01	-4.9467600201e-01	-4.9467600201e-01	-5.0177423709e-01	-5.0919713494e-01	-5.0919713494e-01	-5.0919713494e-01	-5.2336489111e-01	-5.3513636133e-01	-5.3513636133e-01	-5.3513636133e-01	-5.3513636133e-01	-5.4181573927e-01	-5.4783262760e-01	-5.4783262760e-01	-5.4783262760e-01	-5.6014838283e-01	-5.6684071923e-01	-5.6684071923e-01	-5.6684071923e-01	-5.7896110133e-01	-5.7896110133e-01	-5.7896110133e-01	-5.8525265374e-01	-5.8525265374e-01	-5.9462910107e-01	-5.9462910107e-01	-6.0697513201e-01	-6.0697513201e-01	-6.1092413988e-01	-6.1092413988e-01	-6.1092413988e-01	-6.1692215969e-01	-6.2132235642e-01	-6.2132235642e-01	-6.3167776889e-01	-6.3167776889e-01	-6.3656216883e-01	-6.3656216883e-01	-6.3656216883e-01	-6.4417787768e-01	-6.4417787768e-01	-6.4484947499e-01	-6.5383863159e-01	-6.5383863159e-01	-6.5361249885e-01	-6.5361249885e-01	-6.5361249885e-01	-6.6208919866e-01	
466	0.0	-4.5904749069e-03	-4.5904749069e-03	-3.1779917206e-02	-6.3714559311e-02	-6.3714559311e-02	-6.3714559311e-02	-6.3714559311e-02	-1.0569133115e-01	-1.0569133115e-01	-1.0569133115e-01	-1.0569133115e-01	-1.5316044694e-01	-1.5316044694e-01	-1.5316044694e-01	-1.9142953273e-01	-2.0242001598e-01	-2.0242001598e-01	-2.0242001598e-01	-2.4055961984e-01	-2.5106812773e-01	-2.5106812773e-01	-2.5106812773e-01	-2.5106812773e-01	-2.9672769797e-01	-2.9672769797e-01	-2.9672769797e-01	-3.2630465973e-01	-3.3674716873e-01	-3.3674716873e-01	-3.3674716873e-01	-3.5999544988e-01	-3.7059253152e-01	-3.7059253152e-01	-3.7059253152e-01	-3.8876892524e-01	-3.9797220201e-01	-3.9797220201e-01	-3.9797220201e-01	-4.1258356593e-01	-4.2696689848e-01	-4.2696689848e-01	-4.2696689848e-01	-4.5082342692e-01	-4.5082342692e-01	-4.5836091766e-01	-4.5836091766e-01	-4.5836091766e-01	-4.7723894446e-01	-4.7723894446e-01	-4.7723894446e-01	-4.8599784447e-01	-4.9467604727e-01	-4.9467604727e-01	-4.9467604727e-01	-5.0177428300e-01	-5.0919718106e-01	-5.0919718106e-01	-5.0919718106e-01	-5.2336493850e-01	-5.3513640900e-01	-5.3513640900e-01	-5.3513640900e-01	-5.3513640900e-01	-5.4181578753e-01	-5.4783267601e-01	-5.4783267601e-01	-5.4783267601e-01	-5.6014843238e-01	-5.6684076894e-01	-5.6684076894e-01	-5.6684076894e-01	-5.7896115181e-01	-5.7896115181e-01	-5.7896115181e-01	-5.8525270496e-01	-5.8525270496e-01	-5.9462915240e-01	-5.9462915240e-01	-6.0697518508e-01	-6.0697518508e-01	-6.1092419298e-01	-6.1092419298e-01	-6.1092419298e-01	-6.1692221368e-01	-6.2132241037e-01	-6.2132241037e-01	-6.3167782424e-01	-6.3167782424e-01	-6.3656222400e-01	-6.3656222400e-01	-6.3656222400e-01	-6.4417793393e-01	-6.4417793393e-01	-6.4484953104e-01	-6.5383868882e-01	-6.5383868882e-01	-6.5361255577e-01	-6.5361255577e-01	-6.5361255577e-01	-6.6208925626e-01	
467	0.0	-4.5904769821e-03	-4.5904769821e-03	-3.1779918899e-02	-6.3714565430e-02	-6.3714565430e-02	-6.3714565430e-02	-6.3714565430e-02	-1.0569134217e-01	-1.0569134217e-01	-1.0569134217e-01	-1.0569134217e-01	-1.5316046333e-01	-1.5316046333e-01	-1.5316046333e-01	-1.9142955352e-01	-2.0242003762e-01	-2.0242003762e-01	-2.0242003762e-01	-2.4055964547e-01	-2.5106815408e-01	-2.5106815408e-01	-2.5106815408e-01	-2.5106815408e-01	-2.9672772813e-01	-2.9672772813e-01	-2.9672772813e-01	-3.2630469216e-01	-3.3674720175e-01	-3.3674720175e-01	-3.3674720175e-01	-3.5999548453e-01	-3.7059256670e-01	-3.7059256670e-01	-3.7059256670e-01	-3.8876896165e-01	-3.9797223883e-01	-3.9797223883e-01	-3.9797223883e-01	-4.1258360382e-01	-4.2696693696e-01	-4.2696693696e-01	-4.2696693696e-01	-4.5082346695e-01	-4.5082346695e-01	-4.5836095791e-01	-4.5836095791e-01	-4.5836095791e-01	-4.7723898564e-01	-4.7723898564e-01	-4.7723898564e-01	-4.8599788629e-01	-4.9467608932e-01	-4.9467608932e-01	-4.9467608932e-01	-5.0177432564e-01	-5.0919722388e-01	-5.0919722388e-01	-5.0919722388e-01	-5.2336498246e-01	-5.3513645321e-01	-5.3513645321e-01	-5.3513645321e-01	-5.3513645321e-01	-5.4181583228e-01	-5.4783272090e-01	-5.4783272090e-01	-5.4783272090e-01	-5.6014847836e-01	-5.6684081506e-01	-5.6684081506e-01	-5.6684081506e-01	-5.7896119866e-01	-5.7896119866e-01	-5.7896119866e-01	-5.8525275252e-01	-5.8525275252e-01	-5.9462920004e-01	-5.9462920004e-01	-6.0697523439e-01	-6.0697523439e-01	-6.1092424230e-01	-6.1092424230e-01	-6.1092424230e-01	-6.1692226384e-01	-6.2132246049e-01	-6.2132246049e-01	-6.3167787569e-01	-6.3167787569e-01	-6.3656227525e-01	-6.3656227525e-01	-6.3656227525e-01	-6.4417798621e-01	-6.4417798621e-01	-6.4484958311e-01	-6.5383874206e-01	-6.5383874206e-01	-6.5361260866e-01	-6.5361260866e-01	-6.5361260866e-01	-6.6208930981e-01	
468	0.0	-4.5904790037e-03	-4.5904790037e-03	-3.1779920548e-02	-6.3714571341e-02	-6.3714571341e-02	-6.3714571341e-02	-6.3714571341e-02	-1.0569135281e-01	-1.0569135281e-01	-1.0569135281e-01	-1.0569135281e-01	-1.5316047915e-01	-1.5316047915e-01	-1.5316047915e-01	-1.9142957356e-01	-2.0242005849e-01	-2.0242005849e-01	-2.0242005849e-01	-2.4055967009e-01	-2.5106817941e-01	-2.5106817941e-01	-2.5106817941e-01	-2.5106817941e-01	-2.9672775698e-01	-2.9672775698e-01	-2.9672775698e-01	-3.2630472297e-01	-3.3674723313e-01	-3.3674723313e-01	-3.3674723313e-01	-3.5999551723e-01	-3.7059259991e-01	-3.7059259991e-01	-3.7059259991e-01	-3.8876899582e-01	-3.9797227340e-01	-3.9797227340e-01	-3.9797227340e-01	-4.1258363920e-01	-4.2696697291e-01	-4.2696697291e-01	-4.2696697291e-01	-4.5082350403e-01	-4.5082350403e-01	-4.5836099519e-01	-4.5836099519e-01	-4.5836099519e-01	-4.7723902368e-01	-4.7723902368e-01	-4.7723902368e-01	-4.8599792487e-01	-4.9467612811e-01	-4.9467612811e-01	-4.9467612811e-01	-5.0177436493e-01	-5.0919726334e-01	-5.0919726334e-01	-5.0919726334e-01	-5.2336502292e-01	-5.3513649388e-01	-5.3513649388e-01	-5.3513649388e-01	-5.3513649388e-01	-5.4181587346e-01	-5.4783276220e-01	-5.4783276220e-01	-5.4783276220e-01	-5.6014852070e-01	-5.6684085752e-01	-5.6684085752e-01	-5.6684085752e-01	-5.7896124181e-01	-5.7896124181e-01	-5.7896124181e-01	-5.8525279634e-01	-5.8525279634e-01	-5.9462924392e-01	-5.9462924392e-01	-6.0697527986e-01	-6.0697527986e-01	-6.1092428775e-01	-6.1092428775e-01	-6.1092428775e-01	-6.1692231011e-01	-6.2132250669e-01	-6.2132250669e-01	-6.3167792317e-01	-6.3167792317e-01	-6.3656232250e-01	-6.3656232250e-01	-6.3656232250e-01	-6.4417803446e-01	-6.4417803446e-01	-6.4484963113e-01	-6.5383879120e-01	-6.5383879120e-01	-6.5361265744e-01	-6.5361265744e-01	-6.5361265744e-01	-6.6208935922e-01	
469	0.0	-4.5904809630e-03	-4.5904809630e-03	-3.1779922145e-02	-6.3714577020e-02	-6.3714577020e-02	-6.3714577020e-02	-6.3714577020e-02	-1.0569136304e-01	-1.0569136304e-01	-1.0569136304e-01	-1.0569136304e-01	-1.5316049434e-01	-1.5316049434e-01	-1.5316049434e-01	-1.9142959277e-01	-2.0242007850e-01	-2.0242007850e-01	-2.0242007850e-01	-2.4055969364e-01	-2.5106820363e-01	-2.5106820363e-01	-2.5106820363e-01	-2.5106820363e-01	-2.9672778444e-01	-2.9672778444e-01	-2.9672778444e-01	-3.2630475207e-01	-3.3674726279e-01	-3.3674726279e-01	-3.3674726279e-01	-3.5999554791e-01	-3.7059263109e-01	-3.7059263109e-01	-3.7059263109e-01	-3.8876902767e-01	-3.9797230563e-01	-3.9797230563e-01	-3.9797230563e-01	-4.1258367202e-01	-4.2696700625e-01	-4.2696700625e-01	-4.2696700625e-01	-4.5082353811e-01	-4.5082353811e-01	-4.5836102945e-01	-4.5836102945e-01	-4.5836102945e-01	-4.7723905852e-01	-4.7723905852e-01	-4.7723905852e-01	-4.8599796016e-01	-4.9467616357e-01	-4.9467616357e-01	-4.9467616357e-01	-5.0177440084e-01	-5.0919729938e-01	-5.0919729938e-01	-5.0919729938e-01	-5.2336505984e-01	-5.3513653097e-01	-5.3513653097e-01	-5.3513653097e-01	-5.3513653097e-01	-5.4181591102e-01	-5.4783279986e-01	-5.4783279986e-01	-5.4783279986e-01	-5.6014855936e-01	-5.6684089628e-01	-5.6684089628e-01	-5.6684089628e-01	-5.7896128121e-01	-5.7896128121e-01	-5.7896128121e-01	-5.8525283638e-01	-5.8525283638e-01	-5.9462928397e-01	-5.9462928397e-01	-6.0697532143e-01	-6.0697532143e-01	-6.1092432930e-01	-6.1092432930e-01	-6.1092432930e-01	-6.1692235243e-01	-6.2132254892e-01	-6.2132254892e-01	-6.3167796662e-01	-6.3167796662e-01	-6.3656236569e-01	-6.3656236569e-01	-6.3656236569e-01	-6.4417807860e-01	-6.4417807860e-01	-6.4484967503e-01	-6.5383883619e-01	-6.5383883619e-01	-6.5361270205e-01	-6.5361270205e-01	-6.5361270205e-01	-6.6208940444e-01	
470	0.0	-4.5904828525e-03	-4.5904828525e-03	-3.1779923684e-02	-6.3714582448e-02	-6.3714582448e-02	-6.3714582448e-02	-6.3714582448e-02	-1.0569137281e-01	-1.0569137281e-01	-1.0569137281e-01	-1.0569137281e-01	-1.5316050886e-01	-1.5316050886e-01	-1.5316050886e-01	-1.9142961109e-01	-2.0242009759e-01	-2.0242009759e-01	-2.0242009759e-01	-2.4055971602e-01	-2.5106822667e-01	-2.5106822667e-01	-2.5106822667e-01	-2.5106822667e-01	-2.9672781041e-01	-2.9672781041e-01	-2.9672781041e-01	-3.2630477940e-01	-3.3674729065e-01	-3.3674729065e-01	-3.3674729065e-01	-3.5999557650e-01	-3.7059266015e-01	-3.7059266015e-01	-3.7059266015e-01	-3.8876905715e-01	-3.9797233546e-01	-3.9797233546e-01	-3.9797233546e-01	-4.1258370221e-01	-4.2696703694e-01	-4.2696703694e-01	-4.2696703694e-01	-4.5082356915e-01	-4.5082356915e-01	-4.5836106067e-01	-4.5836106067e-01	-4.5836106067e-01	-4.7723909015e-01	-4.7723909015e-01	-4.7723909015e-01	-4.8599799213e-01	-4.9467619570e-01	-4.9467619570e-01	-4.9467619570e-01	-5.0177443334e-01	-5.0919733199e-01	-5.0919733199e-01	-5.0919733199e-01	-5.2336509319e-01	-5.3513656446e-01	-5.3513656446e-01	-5.3513656446e-01	-5.3513656446e-01	-5.4181594494e-01	-5.4783283388e-01	-5.4783283388e-01	-5.4783283388e-01	-5.6014859430e-01	-5.6684093131e-01	-5.6684093131e-01	-5.6684093131e-01	-5.7896131683e-01	-5.7896131683e-01	-5.7896131683e-01	-5.8525287260e-01	-5.8525287260e-01	-5.9462932018e-01	-5.9462932018e-01	-6.0697535907e-01	-6.0697535907e-01	-6.1092436690e-01	-6.1092436690e-01	-6.1092436690e-01	-6.1692239077e-01	-6.2132258716e-01	-6.2132258716e-01	-6.3167800601e-01	-6.3167800601e-01	-6.3656240481e-01	-6.3656240481e-01	-6.3656240481e-01	-6.4417811861e-01	-6.4417811861e-01	-6.4484971479e-01	-6.5383887699e-01	-6.5383887699e-01	-6.5361274247e-01	-6.5361274247e-01	-6.5361274247e-01	-6.6208944542e-01	
471	0.0	-4.5904846647e-03	-4.5904846647e-03	-3.1779925159e-02	-6.3714587607e-02	-6.3714587607e-02	-6.3714587607e-02	-6.3714587607e-02	-1.0569138211e-01	-1.0569138211e-01	-1.0569138211e-01	-1.0569138211e-01	-1.5316052265e-01	-1.5316052265e-01	-1.5316052265e-01	-1.9142962845e-01	-2.0242011569e-01	-2.0242011569e-01	-2.0242011569e-01	-2.4055973718e-01	-2.5106824845e-01	-2.5106824845e-01	-2.5106824845e-01	-2.5106824845e-01	-2.9672783483e-01	-2.9672783483e-01	-2.9672783483e-01	-3.2630480488e-01	-3.3674731664e-01	-3.3674731664e-01	-3.3674731664e-01	-3.5999560296e-01	-3.7059268705e-01	-3.7059268705e-01	-3.7059268705e-01	-3.8876908421e-01	-3.9797236286e-01	-3.9797236286e-01	-3.9797236286e-01	-4.1258372975e-01	-4.2696706494e-01	-4.2696706494e-01	-4.2696706494e-01	-4.5082359714e-01	-4.5082359714e-01	-4.5836108882e-01	-4.5836108882e-01	-4.5836108882e-01	-4.7723911856e-01	-4.7723911856e-01	-4.7723911856e-01	-4.8599802079e-01	-4.9467622449e-01	-4.9467622449e-01	-4.9467622449e-01	-5.0177446243e-01	-5.0919736117e-01	-5.0919736117e-01	-5.0919736117e-01	-5.2336512299e-01	-5.3513659437e-01	-5.3513659437e-01	-5.3513659437e-01	-5.3513659437e-01	-5.4181597523e-01	-5.4783286424e-01	-5.4783286424e-01	-5.4783286424e-01	-5.6014862555e-01	-5.6684096262e-01	-5.6684096262e-01	-5.6684096262e-01	-5.7896134868e-01	-5.7896134868e-01	-5.7896134868e-01	-5.8525290502e-01	-5.8525290502e-01	-5.9462935256e-01	-5.9462935256e-01	-6.0697539279e-01	-6.0697539279e-01	-6.1092440057e-01	-6.1092440057e-01	-6.1092440057e-01	-6.1692242512e-01	-6.2132262139e-01	-6.2132262139e-01	-6.3167804134e-01	-6.3167804134e-01	-6.3656243984e-01	-6.3656243984e-01	-6.3656243984e-01	-6.4417815449e-01	-6.4417815449e-01	-6.4484975040e-01	-6.5383891360e-01	-6.5383891360e-01	-6.5361277868e-01	-6.5361277868e-01	-6.5361277868e-01	-6.6208948217e-01	
472	0.0	-4.5904863935e-03	-4.5904863935e-03	-3.1779926565e-02	-6.3714592483e-02	-6.3714592483e-02	-6.3714592483e-02	-6.3714592483e-02	-1.0569139090e-01	-1.0569139090e-01	-1.0569139090e-01	-1.0569139090e-01	-1.5316053568e-01	-1.5316053568e-01	-1.5316053568e-01	-1.9142964482e-01	-2.0242013276e-01	-2.0242013276e-01	-2.0242013276e-01	-2.4055975705e-01	-2.5106826893e-01	-2.5106826893e-01	-2.5106826893e-01	-2.5106826893e-01	-2.9672785765e-01	-2.9672785765e-01	-2.9672785765e-01	-3.2630482848e-01	-3.3674734072e-01	-3.3674734072e-01	-3.3674734072e-01	-3.5999562723e-01	-3.7059271174e-01	-3.7059271174e-01	-3.7059271174e-01	-3.8876910884e-01	-3.9797238781e-01	-3.9797238781e-01	-3.9797238781e-01	-4.1258375462e-01	-4.2696709024e-01	-4.2696709024e-01	-4.2696709024e-01	-4.5082362210e-01	-4.5082362210e-01	-4.5836111391e-01	-4.5836111391e-01	-4.5836111391e-01	-4.7723914376e-01	-4.7723914376e-01	-4.7723914376e-01	-4.8599804614e-01	-4.9467624996e-01	-4.9467624996e-01	-4.9467624996e-01	-5.0177448812e-01	-5.0919738693e-01	-5.0919738693e-01	-5.0919738693e-01	-5.2336514926e-01	-5.3513662070e-01	-5.3513662070e-01	-5.3513662070e-01	-5.3513662070e-01	-5.4181600192e-01	-5.4783289099e-01	-5.4783289099e-01	-5.4783289099e-01	-5.6014865310e-01	-5.6684099023e-01	-5.6684099023e-01	-5.6684099023e-01	-5.7896137678e-01	-5.7896137678e-01	-5.7896137678e-01	-5.8525293364e-01	-5.8525293364e-01	-5.9462938112e-01	-5.9462938112e-01	-6.0697542261e-01	-6.0697542261e-01	-6.1092443032e-01	-6.1092443032e-01	-6.1092443032e-01	-6.1692245551e-01	-6.2132265165e-01	-6.2132265165e-01	-6.3167807261e-01	-6.3167807261e-01	-6.3656247081e-01	-6.3656247081e-01	-6.3656247081e-01	-6.4417818625e-01	-6.4417818625e-01	-6.4484978189e-01	-6.5383894604e-01	-6.5383894604e-01	-6.5361281072e-01	-6.5361281072e-01	-6.5361281072e-01	-6.6208951470e-01	
473	0.0	-4.5904880334e-03	-4.5904880334e-03	-3.1779927898e-02	-6.3714597062e-02	-6.3714597062e-02	-6.3714597062e-02	-6.3714597062e-02	-1.0569139915e-01	-1.0569139915e-01	-1.0569139915e-01	-1.0569139915e-01	-1.5316054790e-01	-1.5316054790e-01	-1.5316054790e-01	-1.9142966014e-01	-2.0242014875e-01	-2.0242014875e-01	-2.0242014875e-01	-2.4055977561e-01	-2.5106828804e-01	-2.5106828804e-01	-2.5106828804e-01	-2.5106828804e-01	-2.9672787881e-01	-2.9672787881e-01	-2.9672787881e-01	-3.2630485016e-01	-3.3674736286e-01	-3.3674736286e-01	-3.3674736286e-01	-3.5999564932e-01	-3.7059273422e-01	-3.7059273422e-01	-3.7059273422e-01	-3.8876913102e-01	-3.9797241028e-01	-3.9797241028e-01	-3.9797241028e-01	-4.1258377684e-01	-4.2696711285e-01	-4.2696711285e-01	-4.2696711285e-01	-4.5082364403e-01	-4.5082364403e-01	-4.5836113597e-01	-4.5836113597e-01	-4.5836113597e-01	-4.7723916578e-01	-4.7723916578e-01	-4.7723916578e-01	-4.8599806823e-01	-4.9467627213e-01	-4.9467627213e-01	-4.9467627213e-01	-5.0177451047e-01	-5.0919740932e-01	-5.0919740932e-01	-5.0919740932e-01	-5.2336517202e-01	-5.3513664351e-01	-5.3513664351e-01	-5.3513664351e-01	-5.3513664351e-01	-5.4181602503e-01	-5.4783291415e-01	-5.4783291415e-01	-5.4783291415e-01	-5.6014867702e-01	-5.6684101419e-01	-5.6684101419e-01	-5.6684101419e-01	-5.7896140117e-01	-5.7896140117e-01	-5.7896140117e-01	-5.8525295852e-01	-5.8525295852e-01	-5.9462940591e-01	-5.9462940591e-01	-6.0697544855e-01	-6.0697544855e-01	-6.1092445619e-01	-6.1092445619e-01	-6.1092445619e-01	-6.1692248198e-01	-6.2132267798e-01	-6.2132267798e-01	-6.3167809988e-01	-6.3167809988e-01	-6.3656249776e-01	-6.3656249776e-01	-6.3656249776e-01	-6.4417821394e-01	-6.4417821394e-01	-6.4484980930e-01	-6.5383897435e-01	-6.5383897435e-01	-6.5361283861e-01	-6.5361283861e-01	-6.5361283861e-01	-6.6208954306e-01	
474	0.0	-4.5904895799e-03	-4.5904895799e-03	-3.1779929155e-02	-6.3714601335e-02	-6.3714601335e-02	-6.3714601335e-02	-6.3714601335e-02	-1.0569140686e-01	-1.0569140686e-01	-1.0569140686e-01	-1.0569140686e-01	-1.5316055930e-01	-1.5316055930e-01	-1.5316055930e-01	-1.9142967440e-01	-2.0242016363e-01	-2.0242016363e-01	-2.0242016363e-01	-2.4055979280e-01	-2.5106830577e-01	-2.5106830577e-01	-2.5106830577e-01	-2.5106830577e-01	-2.9672789830e-01	-2.9672789830e-01	-2.9672789830e-01	-3.2630486991e-01	-3.3674738303e-01	-3.3674738303e-01	-3.3674738303e-01	-3.5999566920e-01	-3.7059275447e-01	-3.7059275447e-01	-3.7059275447e-01	-3.8876915076e-01	-3.9797243030e-01	-3.9797243030e-01	-3.9797243030e-01	-4.1258379641e-01	-4.2696713278e-01	-4.2696713278e-01	-4.2696713278e-01	-4.5082366299e-01	-4.5082366299e-01	-4.5836115503e-01	-4.5836115503e-01	-4.5836115503e-01	-4.7723918467e-01	-4.7723918467e-01	-4.7723918467e-01	-4.8599808711e-01	-4.9467629107e-01	-4.9467629107e-01	-4.9467629107e-01	-5.0177452952e-01	-5.0919742840e-01	-5.0919742840e-01	-5.0919742840e-01	-5.2336519136e-01	-5.3513666286e-01	-5.3513666286e-01	-5.3513666286e-01	-5.3513666286e-01	-5.4181604465e-01	-5.4783293380e-01	-5.4783293380e-01	-5.4783293380e-01	-5.6014869736e-01	-5.6684103455e-01	-5.6684103455e-01	-5.6684103455e-01	-5.7896142192e-01	-5.7896142192e-01	-5.7896142192e-01	-5.8525297972e-01	-5.8525297972e-01	-5.9462942699e-01	-5.9462942699e-01	-6.0697547070e-01	-6.0697547070e-01	-6.1092447826e-01	-6.1092447826e-01	-6.1092447826e-01	-6.1692250458e-01	-6.2132270044e-01	-6.2132270044e-01	-6.3167812321e-01	-6.3167812321e-01	-6.3656252075e-01	-6.3656252075e-01	-6.3656252075e-01	-6.4417823761e-01	-6.4417823761e-01	-6.4484983270e-01	-6.5383899859e-01	-6.5383899859e-01	-6.5361286244e-01	-6.5361286244e-01	-6.5361286244e-01	-6.6208956732e-01	
475	0.0	-4.5904910291e-03	-4.5904910291e-03	-3.1779930333e-02	-6.3714605294e-02	-6.3714605294e-02	-6.3714605294e-02	-6.3714605294e-02	-1.0569141400e-01	-1.0569141400e-01	-1.0569141400e-01	-1.0569141400e-01	-1.5316056986e-01	-1.5316056986e-01	-1.5316056986e-01	-1.9142968756e-01	-2.0242017738e-01	-2.0242017738e-01	-2.0242017738e-01	-2.4055980862e-01	-2.5106832208e-01	-2.5106832208e-01	-2.5106832208e-01	-2.5106832208e-01	-2.9672791609e-01	-2.9672791609e-01	-2.9672791609e-01	-3.2630488771e-01	-3.3674740123e-01	-3.3674740123e-01	-3.3674740123e-01	-3.5999568688e-01	-3.7059277249e-01	-3.7059277249e-01	-3.7059277249e-01	-3.8876916808e-01	-3.9797244787e-01	-3.9797244787e-01	-3.9797244787e-01	-4.1258381336e-01	-4.2696715006e-01	-4.2696715006e-01	-4.2696715006e-01	-4.5082367902e-01	-4.5082367902e-01	-4.5836117115e-01	-4.5836117115e-01	-4.5836117115e-01	-4.7723920049e-01	-4.7723920049e-01	-4.7723920049e-01	-4.8599810283e-01	-4.9467630684e-01	-4.9467630684e-01	-4.9467630684e-01	-5.0177454534e-01	-5.0919744422e-01	-5.0919744422e-01	-5.0919744422e-01	-5.2336520734e-01	-5.3513667882e-01	-5.3513667882e-01	-5.3513667882e-01	-5.3513667882e-01	-5.4181606085e-01	-5.4783295002e-01	-5.4783295002e-01	-5.4783295002e-01	-5.6014871419e-01	-5.6684105139e-01	-5.6684105139e-01	-5.6684105139e-01	-5.7896143910e-01	-5.7896143910e-01	-5.7896143910e-01	-5.8525299731e-01	-5.8525299731e-01	-5.9462944445e-01	-5.9462944445e-01	-6.0697548913e-01	-6.0697548913e-01	-6.1092449659e-01	-6.1092449659e-01	-6.1092449659e-01	-6.1692252341e-01	-6.2132271911e-01	-6.2132271911e-01	-6.3167814267e-01	-6.3167814267e-01	-6.3656253988e-01	-6.3656253988e-01	-6.3656253988e-01	-6.4417825736e-01	-6.4417825736e-01	-6.4484985216e-01	-6.5383901884e-01	-6.5383901884e-01	-6.5361288229e-01	-6.5361288229e-01	-6.5361288229e-01	-6.6208958755e-01	
476	0.0	-4.5904923780e-03	-4.5904923780e-03	-3.1779931428e-02	-6.3714608934e-02	-6.3714608934e-02	-6.3714608934e-02	-6.3714608934e-02	-1.0569142057e-01	-1.0569142057e-01	-1.0569142057e-01	-1.0569142057e-01	-1.5316057956e-01	-1.5316057956e-01	-1.5316057956e-01	-1.9142969962e-01	-2.0242018999e-01	-2.0242018999e-01	-2.0242018999e-01	-2.4055982303e-01	-2.5106833695e-01	-2.5106833695e-01	-2.5106833695e-01	-2.5106833695e-01	-2.9672793217e-01	-2.9672793217e-01	-2.9672793217e-01	-3.2630490357e-01	-3.3674741746e-01	-3.3674741746e-01	-3.3674741746e-01	-3.5999570239e-01	-3.7059278831e-01	-3.7059278831e-01	-3.7059278831e-01	-3.8876918302e-01	-3.9797246304e-01	-3.9797246304e-01	-3.9797246304e-01	-4.1258382776e-01	-4.2696716475e-01	-4.2696716475e-01	-4.2696716475e-01	-4.5082369219e-01	-4.5082369219e-01	-4.5836118440e-01	-4.5836118440e-01	-4.5836118440e-01	-4.7723921332e-01	-4.7723921332e-01	-4.7723921332e-01	-4.8599811550e-01	-4.9467631953e-01	-4.9467631953e-01	-4.9467631953e-01	-5.0177455802e-01	-5.0919745689e-01	-5.0919745689e-01	-5.0919745689e-01	-5.2336522006e-01	-5.3513669149e-01	-5.3513669149e-01	-5.3513669149e-01	-5.3513669149e-01	-5.4181607371e-01	-5.4783296289e-01	-5.4783296289e-01	-5.4783296289e-01	-5.6014872763e-01	-5.6684106482e-01	-5.6684106482e-01	-5.6684106482e-01	-5.7896145282e-01	-5.7896145282e-01	-5.7896145282e-01	-5.8525301139e-01	-5.8525301139e-01	-5.9462945838e-01	-5.9462945838e-01	-6.0697550393e-01	-6.0697550393e-01	-6.1092451129e-01	-6.1092451129e-01	-6.1092451129e-01	-6.1692253856e-01	-6.2132273410e-01	-6.2132273410e-01	-6.3167815837e-01	-6.3167815837e-01	-6.3656255524e-01	-6.3656255524e-01	-6.3656255524e-01	-6.4417827328e-01	-6.4417827328e-01	-6.4484986780e-01	-6.5383903521e-01	-6.5383903521e-01	-6.5361289825e-01	-6.5361289825e-01	-6.5361289825e-01	-6.6208960386e-01	
477	0.0	-4.5904936244e-03	-4.5904936244e-03	-3.1779932440e-02	-6.3714612251e-02	-6.3714612251e-02	-6.3714612251e-02	-6.3714612251e-02	-1.0569142655e-01	-1.0569142655e-01	-1.0569142655e-01	-1.0569142655e-01	-1.5316058839e-01	-1.5316058839e-01	-1.5316058839e-01	-1.9142971056e-01	-2.0242020143e-01	-2.0242020143e-01	-2.0242020143e-01	-2.4055983604e-01	-2.5106835038e-01	-2.5106835038e-01	-2.5106835038e-01	-2.5106835038e-01	-2.9672794654e-01	-2.9672794654e-01	-2.9672794654e-01	-3.2630491751e-01	-3.3674743174e-01	-3.3674743174e-01	-3.3674743174e-01	-3.5999571575e-01	-3.7059280196e-01	-3.7059280196e-01	-3.7059280196e-01	-3.8876919561e-01	-3.9797247584e-01	-3.9797247584e-01	-3.9797247584e-01	-4.1258383964e-01	-4.2696717689e-01	-4.2696717689e-01	-4.2696717689e-01	-4.5082370259e-01	-4.5082370259e-01	-4.5836119486e-01	-4.5836119486e-01	-4.5836119486e-01	-4.7723922325e-01	-4.7723922325e-01	-4.7723922325e-01	-4.8599812519e-01	-4.9467632923e-01	-4.9467632923e-01	-4.9467632923e-01	-5.0177456766e-01	-5.0919746650e-01	-5.0919746650e-01	-5.0919746650e-01	-5.2336522962e-01	-5.3513670098e-01	-5.3513670098e-01	-5.3513670098e-01	-5.3513670098e-01	-5.4181608336e-01	-5.4783297253e-01	-5.4783297253e-01	-5.4783297253e-01	-5.6014873777e-01	-5.6684107494e-01	-5.6684107494e-01	-5.6684107494e-01	-5.7896146319e-01	-5.7896146319e-01	-5.7896146319e-01	-5.8525302208e-01	-5.8525302208e-01	-5.9462946890e-01	-5.9462946890e-01	-6.0697551523e-01	-6.0697551523e-01	-6.1092452248e-01	-6.1092452248e-01	-6.1092452248e-01	-6.1692255015e-01	-6.2132274551e-01	-6.2132274551e-01	-6.3167817043e-01	-6.3167817043e-01	-6.3656256695e-01	-6.3656256695e-01	-6.3656256695e-01	-6.4417828549e-01	-6.4417828549e-01	-6.4484987974e-01	-6.5383904781e-01	-6.5383904781e-01	-6.5361291045e-01	-6.5361291045e-01	-6.5361291045e-01	-6.6208961638e-01	
478	0.0	-4.5904947668e-03	-4.5904947668e-03	-3.1779933367e-02	-6.3714615244e-02	-6.3714615244e-02	-6.3714615244e-02	-6.3714615244e-02	-1.0569143196e-01	-1.0569143196e-01	-1.0569143196e-01	-1.0569143196e-01	-1.5316059635e-01	-1.5316059635e-01	-1.5316059635e-01	-1.9142972038e-01	-2.0242021171e-01	-2.0242021171e-01	-2.0242021171e-01	-2.4055984765e-01	-2.5106836238e-01	-2.5106836238e-01	-2.5106836238e-01	-2.5106836238e-01	-2.9672795922e-01	-2.9672795922e-01	-2.9672795922e-01	-3.2630492955e-01	-3.3674744408e-01	-3.3674744408e-01	-3.3674744408e-01	-3.5999572701e-01	-3.7059281347e-01	-3.7059281347e-01	-3.7059281347e-01	-3.8876920593e-01	-3.9797248633e-01	-3.9797248633e-01	-3.9797248633e-01	-4.1258384909e-01	-4.2696718656e-01	-4.2696718656e-01	-4.2696718656e-01	-4.5082371031e-01	-4.5082371031e-01	-4.5836120263e-01	-4.5836120263e-01	-4.5836120263e-01	-4.7723923039e-01	-4.7723923039e-01	-4.7723923039e-01	-4.8599813203e-01	-4.9467633605e-01	-4.9467633605e-01	-4.9467633605e-01	-5.0177457437e-01	-5.0919747317e-01	-5.0919747317e-01	-5.0919747317e-01	-5.2336523614e-01	-5.3513670742e-01	-5.3513670742e-01	-5.3513670742e-01	-5.3513670742e-01	-5.4181608991e-01	-5.4783297907e-01	-5.4783297907e-01	-5.4783297907e-01	-5.6014874474e-01	-5.6684108188e-01	-5.6684108188e-01	-5.6684108188e-01	-5.7896147032e-01	-5.7896147032e-01	-5.7896147032e-01	-5.8525302950e-01	-5.8525302950e-01	-5.9462947614e-01	-5.9462947614e-01	-6.0697552314e-01	-6.0697552314e-01	-6.1092453028e-01	-6.1092453028e-01	-6.1092453028e-01	-6.1692255830e-01	-6.2132275349e-01	-6.2132275349e-01	-6.3167817897e-01	-6.3167817897e-01	-6.3656257515e-01	-6.3656257515e-01	-6.3656257515e-01	-6.4417829413e-01	-6.4417829413e-01	-6.4484988811e-01	-6.5383905679e-01	-6.5383905679e-01	-6.5361291904e-01	-6.5361291904e-01	-6.5361291904e-01	-6.6208962524e-01	
479	0.0	-4.5904958041e-03	-4.5904958041e-03	-3.1779934209e-02	-6.3714617914e-02	-6.3714617914e-02	-6.3714617914e-02	-6.3714617914e-02	-1.0569143678e-01	-1.0569143678e-01	-1.0569143678e-01	-1.0569143678e-01	-1.5316060344e-01	-1.5316060344e-01	-1.5316060344e-01	-1.9142972909e-01	-2.0242022083e-01	-2.0242022083e-01	-2.0242022083e-01	-2.4055985787e-01	-2.5106837295e-01	-2.5106837295e-01	-2.5106837295e-01	-2.5106837295e-01	-2.9672797023e-01	-2.9672797023e-01	-2.9672797023e-01	-3.2630493972e-01	-3.3674745454e-01	-3.3674745454e-01	-3.3674745454e-01	-3.5999573621e-01	-3.7059282290e-01	-3.7059282290e-01	-3.7059282290e-01	-3.8876921402e-01	-3.9797249459e-01	-3.9797249459e-01	-3.9797249459e-01	-4.1258385618e-01	-4.2696719384e-01	-4.2696719384e-01	-4.2696719384e-01	-4.5082371545e-01	-4.5082371545e-01	-4.5836120780e-01	-4.5836120780e-01	-4.5836120780e-01	-4.7723923484e-01	-4.7723923484e-01	-4.7723923484e-01	-4.8599813613e-01	-4.9467634011e-01	-4.9467634011e-01	-4.9467634011e-01	-5.0177457828e-01	-5.0919747702e-01	-5.0919747702e-01	-5.0919747702e-01	-5.2336523975e-01	-5.3513671092e-01	-5.3513671092e-01	-5.3513671092e-01	-5.3513671092e-01	-5.4181609350e-01	-5.4783298263e-01	-5.4783298263e-01	-5.4783298263e-01	-5.6014874867e-01	-5.6684108577e-01	-5.6684108577e-01	-5.6684108577e-01	-5.7896147437e-01	-5.7896147437e-01	-5.7896147437e-01	-5.8525303379e-01	-5.8525303379e-01	-5.9462948023e-01	-5.9462948023e-01	-6.0697552782e-01	-6.0697552782e-01	-6.1092453484e-01	-6.1092453484e-01	-6.1092453484e-01	-6.1692256316e-01	-6.2132275818e-01	-6.2132275818e-01	-6.3167818414e-01	-6.3167818414e-01	-6.3656257997e-01	-6.3656257997e-01	-6.3656257997e-01	-6.4417829935e-01	-6.4417829935e-01	-6.4484989305e-01	-6.5383906228e-01	-6.5383906228e-01	-6.5361292415e-01	-6.5361292415e-01	-6.5361292415e-01	-6.6208963059e-01	
480	0.0	-4.5904967364e-03	-4.5904967364e-03	-3.1779934966e-02	-6.3714620263e-02	-6.3714620263e-02	-6.3714620263e-02	-6.3714620263e-02	-1.0569144103e-01	-1.0569144103e-01	-1.0569144103e-01	-1.0569144103e-01	-1.5316060967e-01	-1.5316060967e-01	-1.5316060967e-01	-1.9142973669e-01	-2.0242022881e-01	-2.0242022881e-01	-2.0242022881e-01	-2.4055986672e-01	-2.5106838210e-01	-2.5106838210e-01	-2.5106838210e-01	-2.5106838210e-01	-2.9672797958e-01	-2.9672797958e-01	-2.9672797958e-01	-3.2630494808e-01	-3.3674746314e-01	-3.3674746314e-01	-3.3674746314e-01	-3.5999574343e-01	-3.7059283031e-01	-3.7059283031e-01	-3.7059283031e-01	-3.8876921998e-01	-3.9797250069e-01	-3.9797250069e-01	-3.9797250069e-01	-4.1258386101e-01	-4.2696719882e-01	-4.2696719882e-01	-4.2696719882e-01	-4.5082371812e-01	-4.5082371812e-01	-4.5836121049e-01	-4.5836121049e-01	-4.5836121049e-01	-4.7723923674e-01	-4.7723923674e-01	-4.7723923674e-01	-4.8599813761e-01	-4.9467634155e-01	-4.9467634155e-01	-4.9467634155e-01	-5.0177457952e-01	-5.0919747818e-01	-5.0919747818e-01	-5.0919747818e-01	-5.2336524060e-01	-5.3513671163e-01	-5.3513671163e-01	-5.3513671163e-01	-5.3513671163e-01	-5.4181609426e-01	-5.4783298336e-01	-5.4783298336e-01	-5.4783298336e-01	-5.6014874972e-01	-5.6684108677e-01	-5.6684108677e-01	-5.6684108677e-01	-5.7896147547e-01	-5.7896147547e-01	-5.7896147547e-01	-5.8525303509e-01	-5.8525303509e-01	-5.9462948133e-01	-5.9462948133e-01	-6.0697552941e-01	-6.0697552941e-01	-6.1092453631e-01	-6.1092453631e-01	-6.1092453631e-01	-6.1692256489e-01	-6.2132275972e-01	-6.2132275972e-01	-6.3167818610e-01	-6.3167818610e-01	-6.3656258160e-01	-6.3656258160e-01	-6.3656258160e-01	-6.4417830130e-01	-6.4417830130e-01	-6.4484989474e-01	-6.5383906446e-01	-6.5383906446e-01	-6.5361292596e-01	-6.5361292596e-01	-6.5361292596e-01	-6.6208963259e-01	
481	0.0	-4.5904975641e-03	-4.5904975641e-03	-3.1779935638e-02	-6.3714622296e-02	-6.3714622296e-02	-6.3714622296e-02	-6.3714622296e-02	-1.0569144471e-01	-1.0569144471e-01	-1.0569144471e-01	-1.0569144471e-01	-1.5316061505e-01	-1.5316061505e-01	-1.5316061505e-01	-1.9142974322e-01	-2.0242023566e-01	-2.0242023566e-01	-2.0242023566e-01	-2.4055987422e-01	-2.5106838988e-01	-2.5106838988e-01	-2.5106838988e-01	-2.5106838988e-01	-2.9672798733e-01	-2.9672798733e-01	-2.9672798733e-01	-3.2630495467e-01	-3.3674746995e-01	-3.3674746995e-01	-3.3674746995e-01	-3.5999574872e-01	-3.7059283578e-01	-3.7059283578e-01	-3.7059283578e-01	-3.8876922388e-01	-3.9797250470e-01	-3.9797250470e-01	-3.9797250470e-01	-4.1258386366e-01	-4.2696720160e-01	-4.2696720160e-01	-4.2696720160e-01	-4.5082371845e-01	-4.5082371845e-01	-4.5836121083e-01	-4.5836121083e-01	-4.5836121083e-01	-4.7723923620e-01	-4.7723923620e-01	-4.7723923620e-01	-4.8599813661e-01	-4.9467634049e-01	-4.9467634049e-01	-4.9467634049e-01	-5.0177457823e-01	-5.0919747680e-01	-5.0919747680e-01	-5.0919747680e-01	-5.2336523883e-01	-5.3513670971e-01	-5.3513670971e-01	-5.3513670971e-01	-5.3513670971e-01	-5.4181609237e-01	-5.4783298142e-01	-5.4783298142e-01	-5.4783298142e-01	-5.6014874802e-01	-5.6684108502e-01	-5.6684108502e-01	-5.6684108502e-01	-5.7896147378e-01	-5.7896147378e-01	-5.7896147378e-01	-5.8525303358e-01	-5.8525303358e-01	-5.9462947959e-01	-5.9462947959e-01	-6.0697552808e-01	-6.0697552808e-01	-6.1092453485e-01	-6.1092453485e-01	-6.1092453485e-01	-6.1692256364e-01	-6.2132275829e-01	-6.2132275829e-01	-6.3167818502e-01	-6.3167818502e-01	-6.3656258018e-01	-6.3656258018e-01	-6.3656258018e-01	-6.4417830015e-01	-6.4417830015e-01	-6.4484989334e-01	-6.5383906349e-01	-6.5383906349e-01	-6.5361292463e-01	-6.5361292463e-01	-6.5361292463e-01	-6.6208963143e-01	
482	0.0	-4.5904982882e-03	-4.5904982882e-03	-3.1779936225e-02	-6.3714624018e-02	-6.3714624018e-02	-6.3714624018e-02	-6.3714624018e-02	-1.0569144782e-01	-1.0569144782e-01	-1.0569144782e-01	-1.0569144782e-01	-1.5316061960e-01	-1.5316061960e-01	-1.5316061960e-01	-1.9142974868e-01	-2.0242024142e-01	-2.0242024142e-01	-2.0242024142e-01	-2.4055988041e-01	-2.5106839630e-01	-2.5106839630e-01	-2.5106839630e-01	-2.5106839630e-01	-2.9672799352e-01	-2.9672799352e-01	-2.9672799352e-01	-3.2630495956e-01	-3.3674747503e-01	-3.3674747503e-01	-3.3674747503e-01	-3.5999575216e-01	-3.7059283937e-01	-3.7059283937e-01	-3.7059283937e-01	-3.8876922582e-01	-3.9797250674e-01	-3.9797250674e-01	-3.9797250674e-01	-4.1258386426e-01	-4.2696720229e-01	-4.2696720229e-01	-4.2696720229e-01	-4.5082371657e-01	-4.5082371657e-01	-4.5836120895e-01	-4.5836120895e-01	-4.5836120895e-01	-4.7723923337e-01	-4.7723923337e-01	-4.7723923337e-01	-4.8599813328e-01	-4.9467633709e-01	-4.9467633709e-01	-4.9467633709e-01	-5.0177457455e-01	-5.0919747302e-01	-5.0919747302e-01	-5.0919747302e-01	-5.2336523460e-01	-5.3513670532e-01	-5.3513670532e-01	-5.3513670532e-01	-5.3513670532e-01	-5.4181608796e-01	-5.4783297696e-01	-5.4783297696e-01	-5.4783297696e-01	-5.6014874376e-01	-5.6684108068e-01	-5.6684108068e-01	-5.6684108068e-01	-5.7896146947e-01	-5.7896146947e-01	-5.7896146947e-01	-5.8525302940e-01	-5.8525302940e-01	-5.9462947519e-01	-5.9462947519e-01	-6.0697552399e-01	-6.0697552399e-01	-6.1092453064e-01	-6.1092453064e-01	-6.1092453064e-01	-6.1692255959e-01	-6.2132275407e-01	-6.2132275407e-01	-6.3167818106e-01	-6.3167818106e-01	-6.3656257590e-01	-6.3656257590e-01	-6.3656257590e-01	-6.4417829610e-01	-6.4417829610e-01	-6.4484988904e-01	-6.5383905955e-01	-6.5383905955e-01	-6.5361292035e-01	-6.5361292035e-01	-6.5361292035e-01	-6.6208962728e-01	
483	0.0	-4.5904989103e-03	-4.5904989103e-03	-3.1779936730e-02	-6.3714625437e-02	-6.3714625437e-02	-6.3714625437e-02	-6.3714625437e-02	-1.0569145040e-01	-1.0569145040e-01	-1.0569145040e-01	-1.0569145040e-01	-1.5316062334e-01	-1.5316062334e-01	-1.5316062334e-01	-1.9142975311e-01	-2.0242024609e-01	-2.0242024609e-01	-2.0242024609e-01	-2.4055988532e-01	-2.5106840142e-01	-2.5106840142e-01	-2.5106840142e-01	-2.5106840142e-01	-2.9672799820e-01	-2.9672799820e-01	-2.9672799820e-01	-3.2630496281e-01	-3.3674747844e-01	-3.3674747844e-01	-3.3674747844e-01	-3.5999575384e-01	-3.7059284117e-01	-3.7059284117e-01	-3.7059284117e-01	-3.8876922589e-01	-3.9797250688e-01	-3.9797250688e-01	-3.9797250688e-01	-4.1258386290e-01	-4.2696720100e-01	-4.2696720100e-01	-4.2696720100e-01	-4.5082371260e-01	-4.5082371260e-01	-4.5836120497e-01	-4.5836120497e-01	-4.5836120497e-01	-4.7723922840e-01	-4.7723922840e-01	-4.7723922840e-01	-4.8599812777e-01	-4.9467633149e-01	-4.9467633149e-01	-4.9467633149e-01	-5.0177456865e-01	-5.0919746701e-01	-5.0919746701e-01	-5.0919746701e-01	-5.2336522806e-01	-5.3513669861e-01	-5.3513669861e-01	-5.3513669861e-01	-5.3513669861e-01	-5.4181608121e-01	-5.4783297015e-01	-5.4783297015e-01	-5.4783297015e-01	-5.6014873709e-01	-5.6684107394e-01	-5.6684107394e-01	-5.6684107394e-01	-5.7896146272e-01	-5.7896146272e-01	-5.7896146272e-01	-5.8525302274e-01	-5.8525302274e-01	-5.9462946830e-01	-5.9462946830e-01	-6.0697551733e-01	-6.0697551733e-01	-6.1092452385e-01	-6.1092452385e-01	-6.1092452385e-01	-6.1692255293e-01	-6.2132274722e-01	-6.2132274722e-01	-6.3167817442e-01	-6.3167817442e-01	-6.3656256894e-01	-6.3656256894e-01	-6.3656256894e-01	-6.4417828931e-01	-6.4417828931e-01	-6.4484988201e-01	-6.5383905284e-01	-6.5383905284e-01	-6.5361291331e-01	-6.5361291331e-01	-6.5361291331e-01	-6.6208962034e-01	
484	0.0	-4.5904994326e-03	-4.5904994326e-03	-3.1779937155e-02	-6.3714626563e-02	-6.3714626563e-02	-6.3714626563e-02	-6.3714626563e-02	-1.0569145244e-01	-1.0569145244e-01	-1.0569145244e-01	-1.0569145244e-01	-1.5316062628e-01	-1.5316062628e-01	-1.5316062628e-01	-1.9142975654e-01	-2.0242024973e-01	-2.0242024973e-01	-2.0242024973e-01	-2.4055988899e-01	-2.5106840526e-01	-2.5106840526e-01	-2.5106840526e-01	-2.5106840526e-01	-2.9672800142e-01	-2.9672800142e-01	-2.9672800142e-01	-3.2630496450e-01	-3.3674748026e-01	-3.3674748026e-01	-3.3674748026e-01	-3.5999575385e-01	-3.7059284127e-01	-3.7059284127e-01	-3.7059284127e-01	-3.8876922420e-01	-3.9797250525e-01	-3.9797250525e-01	-3.9797250525e-01	-4.1258385971e-01	-4.2696719784e-01	-4.2696719784e-01	-4.2696719784e-01	-4.5082370670e-01	-4.5082370670e-01	-4.5836119903e-01	-4.5836119903e-01	-4.5836119903e-01	-4.7723922143e-01	-4.7723922143e-01	-4.7723922143e-01	-4.8599812023e-01	-4.9467632385e-01	-4.9467632385e-01	-4.9467632385e-01	-5.0177456067e-01	-5.0919745892e-01	-5.0919745892e-01	-5.0919745892e-01	-5.2336521940e-01	-5.3513668975e-01	-5.3513668975e-01	-5.3513668975e-01	-5.3513668975e-01	-5.4181607229e-01	-5.4783296117e-01	-5.4783296117e-01	-5.4783296117e-01	-5.6014872819e-01	-5.6684106495e-01	-5.6684106495e-01	-5.6684106495e-01	-5.7896145369e-01	-5.7896145369e-01	-5.7896145369e-01	-5.8525301377e-01	-5.8525301377e-01	-5.9462945910e-01	-5.9462945910e-01	-6.0697550827e-01	-6.0697550827e-01	-6.1092451467e-01	-6.1092451467e-01	-6.1092451467e-01	-6.1692254382e-01	-6.2132273795e-01	-6.2132273795e-01	-6.3167816529e-01	-6.3167816529e-01	-6.3656255949e-01	-6.3656255949e-01	-6.3656255949e-01	-6.4417827998e-01	-6.4417827998e-01	-6.4484987245e-01	-6.5383904354e-01	-6.5383904354e-01	-6.5361290370e-01	-6.5361290370e-01	-6.5361290370e-01	-6.6208961079e-01	
485	0.0	-4.5904998576e-03	-4.5904998576e-03	-3.1779937500e-02	-6.3714627404e-02	-6.3714627404e-02	-6.3714627404e-02	-6.3714627404e-02	-1.0569145397e-01	-1.0569145397e-01	-1.0569145397e-01	-1.0569145397e-01	-1.5316062847e-01	-1.5316062847e-01	-1.5316062847e-01	-1.9142975900e-01	-2.0242025236e-01	-2.0242025236e-01	-2.0242025236e-01	-2.4055989148e-01	-2.5106840788e-01	-2.5106840788e-01	-2.5106840788e-01	-2.5106840788e-01	-2.9672800326e-01	-2.9672800326e-01	-2.9672800326e-01	-3.2630496470e-01	-3.3674748056e-01	-3.3674748056e-01	-3.3674748056e-01	-3.5999575228e-01	-3.7059283976e-01	-3.7059283976e-01	-3.7059283976e-01	-3.8876922086e-01	-3.9797250194e-01	-3.9797250194e-01	-3.9797250194e-01	-4.1258385480e-01	-4.2696719295e-01	-4.2696719295e-01	-4.2696719295e-01	-4.5082369899e-01	-4.5082369899e-01	-4.5836119130e-01	-4.5836119130e-01	-4.5836119130e-01	-4.7723921262e-01	-4.7723921262e-01	-4.7723921262e-01	-4.8599811082e-01	-4.9467631433e-01	-4.9467631433e-01	-4.9467631433e-01	-5.0177455079e-01	-5.0919744892e-01	-5.0919744892e-01	-5.0919744892e-01	-5.2336520876e-01	-5.3513667892e-01	-5.3513667892e-01	-5.3513667892e-01	-5.3513667892e-01	-5.4181606136e-01	-5.4783295018e-01	-5.4783295018e-01	-5.4783295018e-01	-5.6014871723e-01	-5.6684105391e-01	-5.6684105391e-01	-5.6684105391e-01	-5.7896144256e-01	-5.7896144256e-01	-5.7896144256e-01	-5.8525300267e-01	-5.8525300267e-01	-5.9462944777e-01	-5.9462944777e-01	-6.0697549701e-01	-6.0697549701e-01	-6.1092450328e-01	-6.1092450328e-01	-6.1092450328e-01	-6.1692253248e-01	-6.2132272643e-01	-6.2132272643e-01	-6.3167815385e-01	-6.3167815385e-01	-6.3656254775e-01	-6.3656254775e-01	-6.3656254775e-01	-6.4417826831e-01	-6.4417826831e-01	-6.4484986057e-01	-6.5383903185e-01	-6.5383903185e-01	-6.5361289172e-01	-6.5361289172e-01	-6.5361289172e-01	-6.6208959885e-01	
486	0.0	-4.5905001884e-03	-4.5905001884e-03	-3.1779937769e-02	-6.3714627973e-02	-6.3714627973e-02	-6.3714627973e-02	-6.3714627973e-02	-1.0569145502e-01	-1.0569145502e-01	-1.0569145502e-01	-1.0569145502e-01	-1.5316062993e-01	-1.5316062993e-01	-1.5316062993e-01	-1.9142976054e-01	-2.0242025402e-01	-2.0242025402e-01	-2.0242025402e-01	-2.4055989284e-01	-2.5106840934e-01	-2.5106840934e-01	-2.5106840934e-01	-2.5106840934e-01	-2.9672800377e-01	-2.9672800377e-01	-2.9672800377e-01	-3.2630496349e-01	-3.3674747943e-01	-3.3674747943e-01	-3.3674747943e-01	-3.5999574922e-01	-3.7059283676e-01	-3.7059283676e-01	-3.7059283676e-01	-3.8876921597e-01	-3.9797249708e-01	-3.9797249708e-01	-3.9797249708e-01	-4.1258384830e-01	-4.2696718644e-01	-4.2696718644e-01	-4.2696718644e-01	-4.5082368964e-01	-4.5082368964e-01	-4.5836118190e-01	-4.5836118190e-01	-4.5836118190e-01	-4.7723920211e-01	-4.7723920211e-01	-4.7723920211e-01	-4.8599809969e-01	-4.9467630309e-01	-4.9467630309e-01	-4.9467630309e-01	-5.0177453917e-01	-5.0919743716e-01	-5.0919743716e-01	-5.0919743716e-01	-5.2336519634e-01	-5.3513666629e-01	-5.3513666629e-01	-5.3513666629e-01	-5.3513666629e-01	-5.4181604862e-01	-5.4783293735e-01	-5.4783293735e-01	-5.4783293735e-01	-5.6014870440e-01	-5.6684104098e-01	-5.6684104098e-01	-5.6684104098e-01	-5.7896142952e-01	-5.7896142952e-01	-5.7896142952e-01	-5.8525298963e-01	-5.8525298963e-01	-5.9462943449e-01	-5.9462943449e-01	-6.0697548373e-01	-6.0697548373e-01	-6.1092448988e-01	-6.1092448988e-01	-6.1092448988e-01	-6.1692251907e-01	-6.2132271286e-01	-6.2132271286e-01	-6.3167814030e-01	-6.3167814030e-01	-6.3656253392e-01	-6.3656253392e-01	-6.3656253392e-01	-6.4417825450e-01	-6.4417825450e-01	-6.4484984655e-01	-6.5383901799e-01	-6.5383901799e-01	-6.5361287757e-01	-6.5361287757e-01	-6.5361287757e-01	-6.6208958471e-01	
487	0.0	-4.5905004283e-03	-4.5905004283e-03	-3.1779937965e-02	-6.3714628281e-02	-6.3714628281e-02	-6.3714628281e-02	-6.3714628281e-02	-1.0569145559e-01	-1.0569145559e-01	-1.0569145559e-01	-1.0569145559e-01	-1.5316063069e-01	-1.5316063069e-01	-1.5316063069e-01	-1.9142976120e-01	-2.0242025477e-01	-2.0242025477e-01	-2.0242025477e-01	-2.4055989312e-01	-2.5106840969e-01	-2.5106840969e-01	-2.5106840969e-01	-2.5106840969e-01	-2.9672800303e-01	-2.9672800303e-01	-2.9672800303e-01	-3.2630496097e-01	-3.3674747696e-01	-3.3674747696e-01	-3.3674747696e-01	-3.5999574478e-01	-3.7059283234e-01	-3.7059283234e-01	-3.7059283234e-01	-3.8876920966e-01	-3.9797249077e-01	-3.9797249077e-01	-3.9797249077e-01	-4.1258384035e-01	-4.2696717844e-01	-4.2696717844e-01	-4.2696717844e-01	-4.5082367877e-01	-4.5082367877e-01	-4.5836117098e-01	-4.5836117098e-01	-4.5836117098e-01	-4.7723919007e-01	-4.7723919007e-01	-4.7723919007e-01	-4.8599808701e-01	-4.9467629028e-01	-4.9467629028e-01	-4.9467629028e-01	-5.0177452596e-01	-5.0919742382e-01	-5.0919742382e-01	-5.0919742382e-01	-5.2336518229e-01	-5.3513665203e-01	-5.3513665203e-01	-5.3513665203e-01	-5.3513665203e-01	-5.4181603423e-01	-5.4783292288e-01	-5.4783292288e-01	-5.4783292288e-01	-5.6014868987e-01	-5.6684102635e-01	-5.6684102635e-01	-5.6684102635e-01	-5.7896141476e-01	-5.7896141476e-01	-5.7896141476e-01	-5.8525297483e-01	-5.8525297483e-01	-5.9462941945e-01	-5.9462941945e-01	-6.0697546862e-01	-6.0697546862e-01	-6.1092447464e-01	-6.1092447464e-01	-6.1092447464e-01	-6.1692250381e-01	-6.2132269743e-01	-6.2132269743e-01	-6.3167812483e-01	-6.3167812483e-01	-6.3656251819e-01	-6.3656251819e-01	-6.3656251819e-01	-6.4417823874e-01	-6.4417823874e-01	-6.4484983060e-01	-6.5383900214e-01	-6.5383900214e-01	-6.5361286147e-01	-6.5361286147e-01	-6.5361286147e-01	-6.6208956858e-01	
488	0.0	-4.5905005812e-03	-4.5905005812e-03	-3.1779938091e-02	-6.3714628341e-02	-6.3714628341e-02	-6.3714628341e-02	-6.3714628341e-02	-1.0569145571e-01	-1.0569145571e-01	-1.0569145571e-01	-1.0569145571e-01	-1.5316063079e-01	-1.5316063079e-01	-1.5316063079e-01	-1.9142976102e-01	-2.0242025465e-01	-2.0242025465e-01	-2.0242025465e-01	-2.4055989238e-01	-2.5106840900e-01	-2.5106840900e-01	-2.5106840900e-01	-2.5106840900e-01	-2.9672800111e-01	-2.9672800111e-01	-2.9672800111e-01	-3.2630495721e-01	-3.3674747323e-01	-3.3674747323e-01	-3.3674747323e-01	-3.5999573907e-01	-3.7059282663e-01	-3.7059282663e-01	-3.7059282663e-01	-3.8876920204e-01	-3.9797248314e-01	-3.9797248314e-01	-3.9797248314e-01	-4.1258383105e-01	-4.2696716909e-01	-4.2696716909e-01	-4.2696716909e-01	-4.5082366655e-01	-4.5082366655e-01	-4.5836115870e-01	-4.5836115870e-01	-4.5836115870e-01	-4.7723917665e-01	-4.7723917665e-01	-4.7723917665e-01	-4.8599807294e-01	-4.9467627608e-01	-4.9467627608e-01	-4.9467627608e-01	-5.0177451135e-01	-5.0919740907e-01	-5.0919740907e-01	-5.0919740907e-01	-5.2336516679e-01	-5.3513663632e-01	-5.3513663632e-01	-5.3513663632e-01	-5.3513663632e-01	-5.4181601836e-01	-5.4783290693e-01	-5.4783290693e-01	-5.4783290693e-01	-5.6014867382e-01	-5.6684101021e-01	-5.6684101021e-01	-5.6684101021e-01	-5.7896139844e-01	-5.7896139844e-01	-5.7896139844e-01	-5.8525295845e-01	-5.8525295845e-01	-5.9462940285e-01	-5.9462940285e-01	-6.0697545188e-01	-6.0697545188e-01	-6.1092445778e-01	-6.1092445778e-01	-6.1092445778e-01	-6.1692248688e-01	-6.2132268035e-01	-6.2132268035e-01	-6.3167810766e-01	-6.3167810766e-01	-6.3656250075e-01	-6.3656250075e-01	-6.3656250075e-01	-6.4417822125e-01	-6.4417822125e-01	-6.4484981293e-01	-6.5383898451e-01	-6.5383898451e-01	-6.5361284360e-01	-6.5361284360e-01	-6.5361284360e-01	-6.6208955067e-01	
489	0.0	-4.5905006511e-03	-4.5905006511e-03	-3.1779938150e-02	-6.3714628167e-02	-6.3714628167e-02	-6.3714628167e-02	-6.3714628167e-02	-1.0569145541e-01	-1.0569145541e-01	-1.0569145541e-01	-1.0569145541e-01	-1.5316063026e-01	-1.5316063026e-01	-1.5316063026e-01	-1.9142976006e-01	-2.0242025372e-01	-2.0242025372e-01	-2.0242025372e-01	-2.4055989069e-01	-2.5106840731e-01	-2.5106840731e-01	-2.5106840731e-01	-2.5106840731e-01	-2.9672799810e-01	-2.9672799810e-01	-2.9672799810e-01	-3.2630495232e-01	-3.3674746834e-01	-3.3674746834e-01	-3.3674746834e-01	-3.5999573218e-01	-3.7059281973e-01	-3.7059281973e-01	-3.7059281973e-01	-3.8876919323e-01	-3.9797247430e-01	-3.9797247430e-01	-3.9797247430e-01	-4.1258382056e-01	-4.2696715852e-01	-4.2696715852e-01	-4.2696715852e-01	-4.5082365312e-01	-4.5082365312e-01	-4.5836114520e-01	-4.5836114520e-01	-4.5836114520e-01	-4.7723916201e-01	-4.7723916201e-01	-4.7723916201e-01	-4.8599805764e-01	-4.9467626065e-01	-4.9467626065e-01	-4.9467626065e-01	-5.0177449548e-01	-5.0919739306e-01	-5.0919739306e-01	-5.0919739306e-01	-5.2336515002e-01	-5.3513661932e-01	-5.3513661932e-01	-5.3513661932e-01	-5.3513661932e-01	-5.4181600120e-01	-5.4783288969e-01	-5.4783288969e-01	-5.4783288969e-01	-5.6014865643e-01	-5.6684099272e-01	-5.6684099272e-01	-5.6684099272e-01	-5.7896138077e-01	-5.7896138077e-01	-5.7896138077e-01	-5.8525294069e-01	-5.8525294069e-01	-5.9462938485e-01	-5.9462938485e-01	-6.0697543369e-01	-6.0697543369e-01	-6.1092443947e-01	-6.1092443947e-01	-6.1092443947e-01	-6.1692246847e-01	-6.2132266179e-01	-6.2132266179e-01	-6.3167808896e-01	-6.3167808896e-01	-6.3656248181e-01	-6.3656248181e-01	-6.3656248181e-01	-6.4417820221e-01	-6.4417820221e-01	-6.4484979372e-01	-6.5383896531e-01	-6.5383896531e-01	-6.5361282418e-01	-6.5361282418e-01	-6.5361282418e-01	-6.6208953118e-01	
490	0.0	-4.5905006423e-03	-4.5905006423e-03	-3.1779938145e-02	-6.3714627773e-02	-6.3714627773e-02	-6.3714627773e-02	-6.3714627773e-02	-1.0569145472e-01	-1.0569145472e-01	-1.0569145472e-01	-1.0569145472e-01	-1.5316062914e-01	-1.5316062914e-01	-1.5316062914e-01	-1.9142975836e-01	-2.0242025201e-01	-2.0242025201e-01	-2.0242025201e-01	-2.4055988810e-01	-2.5106840471e-01	-2.5106840471e-01	-2.5106840471e-01	-2.5106840471e-01	-2.9672799406e-01	-2.9672799406e-01	-2.9672799406e-01	-3.2630494638e-01	-3.3674746239e-01	-3.3674746239e-01	-3.3674746239e-01	-3.5999572422e-01	-3.7059281174e-01	-3.7059281174e-01	-3.7059281174e-01	-3.8876918335e-01	-3.9797246437e-01	-3.9797246437e-01	-3.9797246437e-01	-4.1258380898e-01	-4.2696714685e-01	-4.2696714685e-01	-4.2696714685e-01	-4.5082363862e-01	-4.5082363862e-01	-4.5836113063e-01	-4.5836113063e-01	-4.5836113063e-01	-4.7723914629e-01	-4.7723914629e-01	-4.7723914629e-01	-4.8599804126e-01	-4.9467624413e-01	-4.9467624413e-01	-4.9467624413e-01	-5.0177447853e-01	-5.0919737596e-01	-5.0919737596e-01	-5.0919737596e-01	-5.2336513214e-01	-5.3513660122e-01	-5.3513660122e-01	-5.3513660122e-01	-5.3513660122e-01	-5.4181598291e-01	-5.4783287131e-01	-5.4783287131e-01	-5.4783287131e-01	-5.6014863788e-01	-5.6684097406e-01	-5.6684097406e-01	-5.6684097406e-01	-5.7896136190e-01	-5.7896136190e-01	-5.7896136190e-01	-5.8525292171e-01	-5.8525292171e-01	-5.9462936566e-01	-5.9462936566e-01	-6.0697541423e-01	-6.0697541423e-01	-6.1092441990e-01	-6.1092441990e-01	-6.1092441990e-01	-6.1692244878e-01	-6.2132264196e-01	-6.2132264196e-01	-6.3167806894e-01	-6.3167806894e-01	-6.3656246157e-01	-6.3656246157e-01	-6.3656246157e-01	-6.4417818182e-01	-6.4417818182e-01	-6.4484977319e-01	-6.5383894473e-01	-6.5383894473e-01	-6.5361280341e-01	-6.5361280341e-01	-6.5361280341e-01	-6.6208951031e-01	
491	0.0	-4.5905005594e-03	-4.5905005594e-03	-3.1779938080e-02	-6.3714627175e-02	-6.3714627175e-02	-6.3714627175e-02	-6.3714627175e-02	-1.0569145366e-01	-1.0569145366e-01	-1.0569145366e-01	-1.0569145366e-01	-1.5316062748e-01	-1.5316062748e-01	-1.5316062748e-01	-1.9142975597e-01	-2.0242024959e-01	-2.0242024959e-01	-2.0242024959e-01	-2.4055988469e-01	-2.5106840126e-01	-2.5106840126e-01	-2.5106840126e-01	-2.5106840126e-01	-2.9672798909e-01	-2.9672798909e-01	-2.9672798909e-01	-3.2630493949e-01	-3.3674745546e-01	-3.3674745546e-01	-3.3674745546e-01	-3.5999571531e-01	-3.7059280277e-01	-3.7059280277e-01	-3.7059280277e-01	-3.8876917251e-01	-3.9797245348e-01	-3.9797245348e-01	-3.9797245348e-01	-4.1258379646e-01	-4.2696713421e-01	-4.2696713421e-01	-4.2696713421e-01	-4.5082362320e-01	-4.5082362320e-01	-4.5836111513e-01	-4.5836111513e-01	-4.5836111513e-01	-4.7723912966e-01	-4.7723912966e-01	-4.7723912966e-01	-4.8599802397e-01	-4.9467622669e-01	-4.9467622669e-01	-4.9467622669e-01	-5.0177446065e-01	-5.0919735794e-01	-5.0919735794e-01	-5.0919735794e-01	-5.2336511332e-01	-5.3513658218e-01	-5.3513658218e-01	-5.3513658218e-01	-5.3513658218e-01	-5.4181596367e-01	-5.4783285198e-01	-5.4783285198e-01	-5.4783285198e-01	-5.6014861834e-01	-5.6684095442e-01	-5.6684095442e-01	-5.6684095442e-01	-5.7896134203e-01	-5.7896134203e-01	-5.7896134203e-01	-5.8525290171e-01	-5.8525290171e-01	-5.9462934543e-01	-5.9462934543e-01	-6.0697539370e-01	-6.0697539370e-01	-6.1092439926e-01	-6.1092439926e-01	-6.1092439926e-01	-6.1692242799e-01	-6.2132262103e-01	-6.2132262103e-01	-6.3167804778e-01	-6.3167804778e-01	-6.3656244020e-01	-6.3656244020e-01	-6.3656244020e-01	-6.4417816029e-01	-6.4417816029e-01	-6.4484975152e-01	-6.5383892298e-01	-6.5383892298e-01	-6.5361278148e-01	-6.5361278148e-01	-6.5361278148e-01	-6.6208948826e-01	
492	0.0	-4.5905004071e-03	-4.5905004071e-03	-3.1779937959e-02	-6.3714626387e-02	-6.3714626387e-02	-6.3714626387e-02	-6.3714626387e-02	-1.0569145225e-01	-1.0569145225e-01	-1.0569145225e-01	-1.0569145225e-01	-1.5316062531e-01	-1.5316062531e-01	-1.5316062531e-01	-1.9142975295e-01	-2.0242024650e-01	-2.0242024650e-01	-2.0242024650e-01	-2.4055988051e-01	-2.5106839702e-01	-2.5106839702e-01	-2.5106839702e-01	-2.5106839702e-01	-2.9672798327e-01	-2.9672798327e-01	-2.9672798327e-01	-3.2630493174e-01	-3.3674744766e-01	-3.3674744766e-01	-3.3674744766e-01	-3.5999570554e-01	-3.7059279293e-01	-3.7059279293e-01	-3.7059279293e-01	-3.8876916083e-01	-3.9797244174e-01	-3.9797244174e-01	-3.9797244174e-01	-4.1258378312e-01	-4.2696712074e-01	-4.2696712074e-01	-4.2696712074e-01	-4.5082360700e-01	-4.5082360700e-01	-4.5836109885e-01	-4.5836109885e-01	-4.5836109885e-01	-4.7723911226e-01	-4.7723911226e-01	-4.7723911226e-01	-4.8599800590e-01	-4.9467620849e-01	-4.9467620849e-01	-4.9467620849e-01	-5.0177444200e-01	-5.0919733914e-01	-5.0919733914e-01	-5.0919733914e-01	-5.2336509372e-01	-5.3513656236e-01	-5.3513656236e-01	-5.3513656236e-01	-5.3513656236e-01	-5.4181594364e-01	-5.4783283186e-01	-5.4783283186e-01	-5.4783283186e-01	-5.6014859798e-01	-5.6684093395e-01	-5.6684093395e-01	-5.6684093395e-01	-5.7896132132e-01	-5.7896132132e-01	-5.7896132132e-01	-5.8525288085e-01	-5.8525288085e-01	-5.9462932436e-01	-5.9462932436e-01	-6.0697537227e-01	-6.0697537227e-01	-6.1092437773e-01	-6.1092437773e-01	-6.1092437773e-01	-6.1692240628e-01	-6.2132259919e-01	-6.2132259919e-01	-6.3167802568e-01	-6.3167802568e-01	-6.3656241791e-01	-6.3656241791e-01	-6.3656241791e-01	-6.4417813779e-01	-6.4417813779e-01	-6.4484972890e-01	-6.5383890024e-01	-6.5383890024e-01	-6.5361275858e-01	-6.5361275858e-01	-6.5361275858e-01	-6.6208946523e-01	
493	0.0	-4.5905001902e-03	-4.5905001902e-03	-3.1779937786e-02	-6.3714625425e-02	-6.3714625425e-02	-6.3714625425e-02	-6.3714625425e-02	-1.0569145053e-01	-1.0569145053e-01	-1.0569145053e-01	-1.0569145053e-01	-1.5316062268e-01	-1.5316062268e-01	-1.5316062268e-01	-1.9142974936e-01	-2.0242024282e-01	-2.0242024282e-01	-2.0242024282e-01	-2.4055987565e-01	-2.5106839208e-01	-2.5106839208e-01	-2.5106839208e-01	-2.5106839208e-01	-2.9672797667e-01	-2.9672797667e-01	-2.9672797667e-01	-3.2630492323e-01	-3.3674743907e-01	-3.3674743907e-01	-3.3674743907e-01	-3.5999569502e-01	-3.7059278233e-01	-3.7059278233e-01	-3.7059278233e-01	-3.8876914843e-01	-3.9797242926e-01	-3.9797242926e-01	-3.9797242926e-01	-4.1258376908e-01	-4.2696710655e-01	-4.2696710655e-01	-4.2696710655e-01	-4.5082359015e-01	-4.5082359015e-01	-4.5836108193e-01	-4.5836108193e-01	-4.5836108193e-01	-4.7723909423e-01	-4.7723909423e-01	-4.7723909423e-01	-4.8599798722e-01	-4.9467618966e-01	-4.9467618966e-01	-4.9467618966e-01	-5.0177442273e-01	-5.0919731973e-01	-5.0919731973e-01	-5.0919731973e-01	-5.2336507349e-01	-5.3513654192e-01	-5.3513654192e-01	-5.3513654192e-01	-5.3513654192e-01	-5.4181592298e-01	-5.4783281111e-01	-5.4783281111e-01	-5.4783281111e-01	-5.6014857696e-01	-5.6684091283e-01	-5.6684091283e-01	-5.6684091283e-01	-5.7896129994e-01	-5.7896129994e-01	-5.7896129994e-01	-5.8525285930e-01	-5.8525285930e-01	-5.9462930261e-01	-5.9462930261e-01	-6.0697535012e-01	-6.0697535012e-01	-6.1092435548e-01	-6.1092435548e-01	-6.1092435548e-01	-6.1692238383e-01	-6.2132257663e-01	-6.2132257663e-01	-6.3167800281e-01	-6.3167800281e-01	-6.3656239486e-01	-6.3656239486e-01	-6.3656239486e-01	-6.4417811452e-01	-6.4417811452e-01	-6.4484970551e-01	-6.5383887670e-01	-6.5383887670e-01	-6.5361273490e-01	-6.5361273490e-01	-6.5361273490e-01	-6.6208944141e-01	
494	0.0	-4.5904999138e-03	-4.5904999138e-03	-3.1779937565e-02	-6.3714624304e-02	-6.3714624304e-02	-6.3714624304e-02	-6.3714624304e-02	-1.0569144853e-01	-1.0569144853e-01	-1.0569144853e-01	-1.0569144853e-01	-1.5316061962e-01	-1.5316061962e-01	-1.5316061962e-01	-1.9142974524e-01	-2.0242023858e-01	-2.0242023858e-01	-2.0242023858e-01	-2.4055987016e-01	-2.5106838648e-01	-2.5106838648e-01	-2.5106838648e-01	-2.5106838648e-01	-2.9672796938e-01	-2.9672796938e-01	-2.9672796938e-01	-3.2630491404e-01	-3.3674742980e-01	-3.3674742980e-01	-3.3674742980e-01	-3.5999568385e-01	-3.7059277107e-01	-3.7059277107e-01	-3.7059277107e-01	-3.8876913542e-01	-3.9797241616e-01	-3.9797241616e-01	-3.9797241616e-01	-4.1258375446e-01	-4.2696709178e-01	-4.2696709178e-01	-4.2696709178e-01	-4.5082357280e-01	-4.5082357280e-01	-4.5836106449e-01	-4.5836106449e-01	-4.5836106449e-01	-4.7723907571e-01	-4.7723907571e-01	-4.7723907571e-01	-4.8599796806e-01	-4.9467617036e-01	-4.9467617036e-01	-4.9467617036e-01	-5.0177440299e-01	-5.0919729984e-01	-5.0919729984e-01	-5.0919729984e-01	-5.2336505280e-01	-5.3513652101e-01	-5.3513652101e-01	-5.3513652101e-01	-5.3513652101e-01	-5.4181590184e-01	-5.4783278989e-01	-5.4783278989e-01	-5.4783278989e-01	-5.6014855544e-01	-5.6684089122e-01	-5.6684089122e-01	-5.6684089122e-01	-5.7896127805e-01	-5.7896127805e-01	-5.7896127805e-01	-5.8525283723e-01	-5.8525283723e-01	-5.9462928034e-01	-5.9462928034e-01	-6.0697532742e-01	-6.0697532742e-01	-6.1092433269e-01	-6.1092433269e-01	-6.1092433269e-01	-6.1692236082e-01	-6.2132255350e-01	-6.2132255350e-01	-6.3167797935e-01	-6.3167797935e-01	-6.3656237125e-01	-6.3656237125e-01	-6.3656237125e-01	-6.4417809065e-01	-6.4417809065e-01	-6.4484968155e-01	-6.5383885255e-01	-6.5383885255e-01	-6.5361271063e-01	-6.5361271063e-01	-6.5361271063e-01	-6.6208941697e-01	
495	0.0	-4.5904995828e-03	-4.5904995828e-03	-3.1779937300e-02	-6.3714623039e-02	-6.3714623039e-02	-6.3714623039e-02	-6.3714623039e-02	-1.0569144626e-01	-1.0569144626e-01	-1.0569144626e-01	-1.0569144626e-01	-1.5316061619e-01	-1.5316061619e-01	-1.5316061619e-01	-1.9142974065e-01	-2.0242023386e-01	-2.0242023386e-01	-2.0242023386e-01	-2.4055986411e-01	-2.5106838031e-01	-2.5106838031e-01	-2.5106838031e-01	-2.5106838031e-01	-2.9672796148e-01	-2.9672796148e-01	-2.9672796148e-01	-3.2630490428e-01	-3.3674741993e-01	-3.3674741993e-01	-3.3674741993e-01	-3.5999567214e-01	-3.7059275925e-01	-3.7059275925e-01	-3.7059275925e-01	-3.8876912190e-01	-3.9797240255e-01	-3.9797240255e-01	-3.9797240255e-01	-4.1258373938e-01	-4.2696707653e-01	-4.2696707653e-01	-4.2696707653e-01	-4.5082355507e-01	-4.5082355507e-01	-4.5836104667e-01	-4.5836104667e-01	-4.5836104667e-01	-4.7723905684e-01	-4.7723905684e-01	-4.7723905684e-01	-4.8599794857e-01	-4.9467615072e-01	-4.9467615072e-01	-4.9467615072e-01	-5.0177438291e-01	-5.0919727963e-01	-5.0919727963e-01	-5.0919727963e-01	-5.2336503178e-01	-5.3513649978e-01	-5.3513649978e-01	-5.3513649978e-01	-5.3513649978e-01	-5.4181588038e-01	-5.4783276834e-01	-5.4783276834e-01	-5.4783276834e-01	-5.6014853358e-01	-5.6684086925e-01	-5.6684086925e-01	-5.6684086925e-01	-5.7896125581e-01	-5.7896125581e-01	-5.7896125581e-01	-5.8525281478e-01	-5.8525281478e-01	-5.9462925772e-01	-5.9462925772e-01	-6.0697530432e-01	-6.0697530432e-01	-6.1092430950e-01	-6.1092430950e-01	-6.1092430950e-01	-6.1692233740e-01	-6.2132252998e-01	-6.2132252998e-01	-6.3167795547e-01	-6.3167795547e-01	-6.3656234723e-01	-6.3656234723e-01	-6.3656234723e-01	-6.4417806636e-01	-6.4417806636e-01	-6.4484965717e-01	-6.5383882795e-01	-6.5383882795e-01	-6.5361268593e-01	-6.5361268593e-01	-6.5361268593e-01	-6.6208939209e-01	
496	0.0	-4.5904992022e-03	-4.5904992022e-03	-3.1779936994e-02	-6.3714621647e-02	-6.3714621647e-02	-6.3714621647e-02	-6.3714621647e-02	-1.0569144377e-01	-1.0569144377e-01	-1.0569144377e-01	-1.0569144377e-01	-1.5316061241e-01	-1.5316061241e-01	-1.5316061241e-01	-1.9142973564e-01	-2.0242022869e-01	-2.0242022869e-01	-2.0242022869e-01	-2.4055985757e-01	-2.5106837364e-01	-2.5106837364e-01	-2.5106837364e-01	-2.5106837364e-01	-2.9672795305e-01	-2.9672795305e-01	-2.9672795305e-01	-3.2630489402e-01	-3.3674740956e-01	-3.3674740956e-01	-3.3674740956e-01	-3.5999565999e-01	-3.7059274697e-01	-3.7059274697e-01	-3.7059274697e-01	-3.8876910800e-01	-3.9797238854e-01	-3.9797238854e-01	-3.9797238854e-01	-4.1258372395e-01	-4.2696706093e-01	-4.2696706093e-01	-4.2696706093e-01	-4.5082353708e-01	-4.5082353708e-01	-4.5836102860e-01	-4.5836102860e-01	-4.5836102860e-01	-4.7723903775e-01	-4.7723903775e-01	-4.7723903775e-01	-4.8599792887e-01	-4.9467613088e-01	-4.9467613088e-01	-4.9467613088e-01	-5.0177436264e-01	-5.0919725922e-01	-5.0919725922e-01	-5.0919725922e-01	-5.2336501058e-01	-5.3513647838e-01	-5.3513647838e-01	-5.3513647838e-01	-5.3513647838e-01	-5.4181585874e-01	-5.4783274661e-01	-5.4783274661e-01	-5.4783274661e-01	-5.6014851152e-01	-5.6684084710e-01	-5.6684084710e-01	-5.6684084710e-01	-5.7896123337e-01	-5.7896123337e-01	-5.7896123337e-01	-5.8525279213e-01	-5.8525279213e-01	-5.9462923488e-01	-5.9462923488e-01	-6.0697528099e-01	-6.0697528099e-01	-6.1092428609e-01	-6.1092428609e-01	-6.1092428609e-01	-6.1692231374e-01	-6.2132250623e-01	-6.2132250623e-01	-6.3167793133e-01	-6.3167793133e-01	-6.3656232296e-01	-6.3656232296e-01	-6.3656232296e-01	-6.4417804180e-01	-6.4417804180e-01	-6.4484963254e-01	-6.5383880308e-01	-6.5383880308e-01	-6.5361266098e-01	-6.5361266098e-01	-6.5361266098e-01	-6.6208936695e-01	
497	0.0	-4.5904987773e-03	-4.5904987773e-03	-3.1779936653e-02	-6.3714620143e-02	-6.3714620143e-02	-6.3714620143e-02	-6.3714620143e-02	-1.0569144107e-01	-1.0569144107e-01	-1.0569144107e-01	-1.0569144107e-01	-1.5316060834e-01	-1.5316060834e-01	-1.5316060834e-01	-1.9142973027e-01	-2.0242022315e-01	-2.0242022315e-01	-2.0242022315e-01	-2.4055985061e-01	-2.5106836652e-01	-2.5106836652e-01	-2.5106836652e-01	-2.5106836652e-01	-2.9672794417e-01	-2.9672794417e-01	-2.9672794417e-01	-3.2630488336e-01	-3.3674739877e-01	-3.3674739877e-01	-3.3674739877e-01	-3.5999564748e-01	-3.7059273434e-01	-3.7059273434e-01	-3.7059273434e-01	-3.8876909380e-01	-3.9797237423e-01	-3.9797237423e-01	-3.9797237423e-01	-4.1258370828e-01	-4.2696704508e-01	-4.2696704508e-01	-4.2696704508e-01	-4.5082351896e-01	-4.5082351896e-01	-4.5836101038e-01	-4.5836101038e-01	-4.5836101038e-01	-4.7723901856e-01	-4.7723901856e-01	-4.7723901856e-01	-4.8599790908e-01	-4.9467611096e-01	-4.9467611096e-01	-4.9467611096e-01	-5.0177434230e-01	-5.0919723874e-01	-5.0919723874e-01	-5.0919723874e-01	-5.2336498933e-01	-5.3513645693e-01	-5.3513645693e-01	-5.3513645693e-01	-5.3513645693e-01	-5.4181583705e-01	-5.4783272484e-01	-5.4783272484e-01	-5.4783272484e-01	-5.6014848940e-01	-5.6684082488e-01	-5.6684082488e-01	-5.6684082488e-01	-5.7896121086e-01	-5.7896121086e-01	-5.7896121086e-01	-5.8525276940e-01	-5.8525276940e-01	-5.9462921199e-01	-5.9462921199e-01	-6.0697525758e-01	-6.0697525758e-01	-6.1092426260e-01	-6.1092426260e-01	-6.1092426260e-01	-6.1692228998e-01	-6.2132248239e-01	-6.2132248239e-01	-6.3167790709e-01	-6.3167790709e-01	-6.3656229861e-01	-6.3656229861e-01	-6.3656229861e-01	-6.4417801714e-01	-6.4417801714e-01	-6.4484960782e-01	-6.5383877809e-01	-6.5383877809e-01	-6.5361263593e-01	-6.5361263593e-01	-6.5361263593e-01	-6.6208934170e-01	
498	0.0	-4.5904983129e-03	-4.5904983129e-03	-3.1779936280e-02	-6.3714618541e-02	-6.3714618541e-02	-6.3714618541e-02	-6.3714618541e-02	-1.0569143819e-01	-1.0569143819e-01	-1.0569143819e-01	-1.0569143819e-01	-1.5316060401e-01	-1.5316060401e-01	-1.5316060401e-01	-1.9142972458e-01	-2.0242021727e-01	-2.0242021727e-01	-2.0242021727e-01	-2.4055984328e-01	-2.5106835903e-01	-2.5106835903e-01	-2.5106835903e-01	-2.5106835903e-01	-2.9672793492e-01	-2.9672793492e-01	-2.9672793492e-01	-3.2630487238e-01	-3.3674738765e-01	-3.3674738765e-01	-3.3674738765e-01	-3.5999563471e-01	-3.7059272144e-01	-3.7059272144e-01	-3.7059272144e-01	-3.8876907941e-01	-3.9797235973e-01	-3.9797235973e-01	-3.9797235973e-01	-4.1258369248e-01	-4.2696702909e-01	-4.2696702909e-01	-4.2696702909e-01	-4.5082350081e-01	-4.5082350081e-01	-4.5836099214e-01	-4.5836099214e-01	-4.5836099214e-01	-4.7723899938e-01	-4.7723899938e-01	-4.7723899938e-01	-4.8599788933e-01	-4.9467609107e-01	-4.9467609107e-01	-4.9467609107e-01	-5.0177432200e-01	-5.0919721832e-01	-5.0919721832e-01	-5.0919721832e-01	-5.2336496815e-01	-5.3513643556e-01	-5.3513643556e-01	-5.3513643556e-01	-5.3513643556e-01	-5.4181581544e-01	-5.4783270314e-01	-5.4783270314e-01	-5.4783270314e-01	-5.6014846735e-01	-5.6684080273e-01	-5.6684080273e-01	-5.6684080273e-01	-5.7896118842e-01	-5.7896118842e-01	-5.7896118842e-01	-5.8525274673e-01	-5.8525274673e-01	-5.9462918917e-01	-5.9462918917e-01	-6.0697523422e-01	-6.0697523422e-01	-6.1092423917e-01	-6.1092423917e-01	-6.1092423917e-01	-6.1692226628e-01	-6.2132245861e-01	-6.2132245861e-01	-6.3167788289e-01	-6.3167788289e-01	-6.3656227432e-01	-6.3656227432e-01	-6.3656227432e-01	-6.4417799253e-01	-6.4417799253e-01	-6.4484958316e-01	-6.5383875314e-01	-6.5383875314e-01	-6.5361261094e-01	-6.5361261094e-01	-6.5361261094e-01	-6.6208931650e-01	
499	0.0	-4.5904978157e-03	-4.5904978157e-03	-3.1779935878e-02	-6.3714616859e-02	-6.3714616859e-02	-6.3714616859e-02	-6.3714616859e-02	-1.0569143517e-01	-1.0569143517e-01	-1.0569143517e-01	-1.0569143517e-01	-1.5316059946e-01	-1.5316059946e-01	-1.5316059946e-01	-1.9142971864e-01	-2.0242021113e-01	-2.0242021113e-01	-2.0242021113e-01	-2.4055983568e-01	-2.5106835125e-01	-2.5106835125e-01	-2.5106835125e-01	-2.5106835125e-01	-2.9672792539e-01	-2.9672792539e-01	-2.9672792539e-01	-3.2630486118e-01	-3.3674737631e-01	-3.3674737631e-01	-3.3674737631e-01	-3.5999562180e-01	-3.7059270838e-01	-3.7059270838e-01	-3.7059270838e-01	-3.8876906494e-01	-3.9797234514e-01	-3.9797234514e-01	-3.9797234514e-01	-4.1258367667e-01	-4.2696701309e-01	-4.2696701309e-01	-4.2696701309e-01	-4.5082348277e-01	-4.5082348277e-01	-4.5836097401e-01	-4.5836097401e-01	-4.5836097401e-01	-4.7723898036e-01	-4.7723898036e-01	-4.7723898036e-01	-4.8599786977e-01	-4.9467607138e-01	-4.9467607138e-01	-4.9467607138e-01	-5.0177430191e-01	-5.0919719810e-01	-5.0919719810e-01	-5.0919719810e-01	-5.2336494719e-01	-5.3513641442e-01	-5.3513641442e-01	-5.3513641442e-01	-5.3513641442e-01	-5.4181579406e-01	-5.4783268169e-01	-5.4783268169e-01	-5.4783268169e-01	-5.6014844553e-01	-5.6684078083e-01	-5.6684078083e-01	-5.6684078083e-01	-5.7896116622e-01	-5.7896116622e-01	-5.7896116622e-01	-5.8525272429e-01	-5.8525272429e-01	-5.9462916659e-01	-5.9462916659e-01	-6.0697521108e-01	-6.0697521108e-01	-6.1092421597e-01	-6.1092421597e-01	-6.1092421597e-01	-6.1692224280e-01	-6.2132243506e-01	-6.2132243506e-01	-6.3167785890e-01	-6.3167785890e-01	-6.3656225026e-01	-6.3656225026e-01	-6.3656225026e-01	-6.4417796814e-01	-6.4417796814e-01	-6.4484955874e-01	-6.5383872841e-01	-6.5383872841e-01	-6.5361258618e-01	-6.5361258618e-01	-6.5361258618e-01	-6.6208929153e-01	
500	0.0	-4.5904972860e-03	-4.5904972860e-03	-3.1779935453e-02	-6.3714615105e-02	-6.3714615105e-02	-6.3714615105e-02	-6.3714615105e-02	-1.0569143202e-01	-1.0569143202e-01	-1.0569143202e-01	-1.0569143202e-01	-1.5316059473e-01	-1.5316059473e-01	-1.5316059473e-01	-1.9142971248e-01	-2.0242020476e-01	-2.0242020476e-01	-2.0242020476e-01	-2.4055982781e-01	-2.5106834320e-01	-2.5106834320e-01	-2.5106834320e-01	-2.5106834320e-01	-2.9672791560e-01	-2.9672791560e-01	-2.9672791560e-01	-3.2630484979e-01	-3.3674736476e-01	-3.3674736476e-01	-3.3674736476e-01	-3.5999560876e-01	-3.7059269519e-01	-3.7059269519e-01	-3.7059269519e-01	-3.8876905042e-01	-3.9797233050e-01	-3.9797233050e-01	-3.9797233050e-01	-4.1258366087e-01	-4.2696699710e-01	-4.2696699710e-01	-4.2696699710e-01	-4.5082346486e-01	-4.5082346486e-01	-4.5836095601e-01	-4.5836095601e-01	-4.5836095601e-01	-4.7723896151e-01	-4.7723896151e-01	-4.7723896151e-01	-4.8599785040e-01	-4.9467605188e-01	-4.9467605188e-01	-4.9467605188e-01	-5.0177428203e-01	-5.0919717809e-01	-5.0919717809e-01	-5.0919717809e-01	-5.2336492647e-01	-5.3513639353e-01	-5.3513639353e-01	-5.3513639353e-01	-5.3513639353e-01	-5.4181577293e-01	-5.4783266048e-01	-5.4783266048e-01	-5.4783266048e-01	-5.6014842394e-01	-5.6684075915e-01	-5.6684075915e-01	-5.6684075915e-01	-5.7896114425e-01	-5.7896114425e-01	-5.7896114425e-01	-5.8525270208e-01	-5.8525270208e-01	-5.9462914424e-01	-5.9462914424e-01	-6.0697518817e-01	-6.0697518817e-01	-6.1092419300e-01	-6.1092419300e-01	-6.1092419300e-01	-6.1692221954e-01	-6.2132241175e-01	-6.2132241175e-01	-6.3167783514e-01	-6.3167783514e-01	-6.3656222644e-01	-6.3656222644e-01	-6.3656222644e-01	-6.4417794398e-01	-6.4417794398e-01	-6.4484953455e-01	-6.5383870391e-01	-6.5383870391e-01	-6.5361256166e-01	-6.5361256166e-01	-6.5361256166e-01	-6.6208926679e-01	
501	0.0	-4.5904967324e-03	-4.5904967324e-03	-3.1779935008e-02	-6.3714613299e-02	-6.3714613299e-02	-6.3714613299e-02	-6.3714613299e-02	-1.0569142878e-01	-1.0569142878e-01	-1.0569142878e-01	-1.0569142878e-01	-1.5316058986e-01	-1.5316058986e-01	-1.5316058986e-01	-1.9142970615e-01	-2.0242019821e-01	-2.0242019821e-01	-2.0242019821e-01	-2.4055981978e-01	-2.5106833497e-01	-2.5106833497e-01	-2.5106833497e-01	-2.5106833497e-01	-2.9672790567e-01	-2.9672790567e-01	-2.9672790567e-01	-3.2630483833e-01	-3.3674735314e-01	-3.3674735314e-01	-3.3674735314e-01	-3.5999559573e-01	-3.7059268201e-01	-3.7059268201e-01	-3.7059268201e-01	-3.8876903599e-01	-3.9797231594e-01	-3.9797231594e-01	-3.9797231594e-01	-4.1258364523e-01	-4.2696698126e-01	-4.2696698126e-01	-4.2696698126e-01	-4.5082344724e-01	-4.5082344724e-01	-4.5836093830e-01	-4.5836093830e-01	-4.5836093830e-01	-4.7723894301e-01	-4.7723894301e-01	-4.7723894301e-01	-4.8599783140e-01	-4.9467603275e-01	-4.9467603275e-01	-4.9467603275e-01	-5.0177426254e-01	-5.0919715849e-01	-5.0919715849e-01	-5.0919715849e-01	-5.2336490619e-01	-5.3513637308e-01	-5.3513637308e-01	-5.3513637308e-01	-5.3513637308e-01	-5.4181575224e-01	-5.4783263972e-01	-5.4783263972e-01	-5.4783263972e-01	-5.6014840280e-01	-5.6684073793e-01	-5.6684073793e-01	-5.6684073793e-01	-5.7896112273e-01	-5.7896112273e-01	-5.7896112273e-01	-5.8525268032e-01	-5.8525268032e-01	-5.9462912237e-01	-5.9462912237e-01	-6.0697516571e-01	-6.0697516571e-01	-6.1092417050e-01	-6.1092417050e-01	-6.1092417050e-01	-6.1692219675e-01	-6.2132238891e-01	-6.2132238891e-01	-6.3167781185e-01	-6.3167781185e-01	-6.3656220310e-01	-6.3656220310e-01	-6.3656220310e-01	-6.4417792029e-01	-6.4417792029e-01	-6.4484951086e-01	-6.5383867987e-01	-6.5383867987e-01	-6.5361253763e-01	-6.5361253763e-01	-6.5361253763e-01	-6.6208924254e-01	
502	0.0	-4.5904961590e-03	-4.5904961590e-03	-3.1779934546e-02	-6.3714611453e-02	-6.3714611453e-02	-6.3714611453e-02	-6.3714611453e-02	-1.0569142546e-01	-1.0569142546e-01	-1.0569142546e-01	-1.0569142546e-01	-1.5316058489e-01	-1.5316058489e-01	-1.5316058489e-01	-1.9142969971e-01	-2.0242019153e-01	-2.0242019153e-01	-2.0242019153e-01	-2.4055981163e-01	-2.5106832662e-01	-2.5106832662e-01	-2.5106832662e-01	-2.5106832662e-01	-2.9672789564e-01	-2.9672789564e-01	-2.9672789564e-01	-3.2630482685e-01	-3.3674734150e-01	-3.3674734150e-01	-3.3674734150e-01	-3.5999558277e-01	-3.7059266890e-01	-3.7059266890e-01	-3.7059266890e-01	-3.8876902171e-01	-3.9797230154e-01	-3.9797230154e-01	-3.9797230154e-01	-4.1258362982e-01	-4.2696696566e-01	-4.2696696566e-01	-4.2696696566e-01	-4.5082342998e-01	-4.5082342998e-01	-4.5836092096e-01	-4.5836092096e-01	-4.5836092096e-01	-4.7723892492e-01	-4.7723892492e-01	-4.7723892492e-01	-4.8599781284e-01	-4.9467601408e-01	-4.9467601408e-01	-4.9467601408e-01	-5.0177424351e-01	-5.0919713936e-01	-5.0919713936e-01	-5.0919713936e-01	-5.2336488640e-01	-5.3513635314e-01	-5.3513635314e-01	-5.3513635314e-01	-5.3513635314e-01	-5.4181573207e-01	-5.4783261948e-01	-5.4783261948e-01	-5.4783261948e-01	-5.6014838218e-01	-5.6684071723e-01	-5.6684071723e-01	-5.6684071723e-01	-5.7896110174e-01	-5.7896110174e-01	-5.7896110174e-01	-5.8525265909e-01	-5.8525265909e-01	-5.9462910102e-01	-5.9462910102e-01	-6.0697514379e-01	-6.0697514379e-01	-6.1092414853e-01	-6.1092414853e-01	-6.1092414853e-01	-6.1692217449e-01	-6.2132236661e-01	-6.2132236661e-01	-6.3167778909e-01	-6.3167778909e-01	-6.3656218032e-01	-6.3656218032e-01	-6.3656218032e-01	-6.4417789715e-01	-6.4417789715e-01	-6.4484948772e-01	-6.5383865639e-01	-6.5383865639e-01	-6.5361251417e-01	-6.5361251417e-01	-6.5361251417e-01	-6.6208921885e-01	
503	0.0	-4.5904955699e-03	-4.5904955699e-03	-3.1779934071e-02	-6.3714609579e-02	-6.3714609579e-02	-6.3714609579e-02	-6.3714609579e-02	-1.0569142209e-01	-1.0569142209e-01	-1.0569142209e-01	-1.0569142209e-01	-1.5316057984e-01	-1.5316057984e-01	-1.5316057984e-01	-1.9142969319e-01	-2.0242018478e-01	-2.0242018478e-01	-2.0242018478e-01	-2.4055980340e-01	-2.5106831819e-01	-2.5106831819e-01	-2.5106831819e-01	-2.5106831819e-01	-2.9672788559e-01	-2.9672788559e-01	-2.9672788559e-01	-3.2630481543e-01	-3.3674732990e-01	-3.3674732990e-01	-3.3674732990e-01	-3.5999556995e-01	-3.7059265592e-01	-3.7059265592e-01	-3.7059265592e-01	-3.8876900766e-01	-3.9797228736e-01	-3.9797228736e-01	-3.9797228736e-01	-4.1258361471e-01	-4.2696695035e-01	-4.2696695035e-01	-4.2696695035e-01	-4.5082341315e-01	-4.5082341315e-01	-4.5836090405e-01	-4.5836090405e-01	-4.5836090405e-01	-4.7723890732e-01	-4.7723890732e-01	-4.7723890732e-01	-4.8599779480e-01	-4.9467599593e-01	-4.9467599593e-01	-4.9467599593e-01	-5.0177422503e-01	-5.0919712078e-01	-5.0919712078e-01	-5.0919712078e-01	-5.2336486719e-01	-5.3513633379e-01	-5.3513633379e-01	-5.3513633379e-01	-5.3513633379e-01	-5.4181571249e-01	-5.4783259984e-01	-5.4783259984e-01	-5.4783259984e-01	-5.6014836215e-01	-5.6684069714e-01	-5.6684069714e-01	-5.6684069714e-01	-5.7896108136e-01	-5.7896108136e-01	-5.7896108136e-01	-5.8525263847e-01	-5.8525263847e-01	-5.9462908030e-01	-5.9462908030e-01	-6.0697512249e-01	-6.0697512249e-01	-6.1092412719e-01	-6.1092412719e-01	-6.1092412719e-01	-6.1692215285e-01	-6.2132234494e-01	-6.2132234494e-01	-6.3167776697e-01	-6.3167776697e-01	-6.3656215818e-01	-6.3656215818e-01	-6.3656215818e-01	-6.4417787466e-01	-6.4417787466e-01	-6.4484946524e-01	-6.5383863356e-01	-6.5383863356e-01	-6.5361249136e-01	-6.5361249136e-01	-6.5361249136e-01	-6.6208919583e-01	
504	0.0	-4.5904949692e-03	-4.5904949692e-03	-3.1779933587e-02	-6.3714607690e-02	-6.3714607690e-02	-6.3714607690e-02	-6.3714607690e-02	-1.0569141869e-01	-1.0569141869e-01	-1.0569141869e-01	-1.0569141869e-01	-1.5316057476e-01	-1.5316057476e-01	-1.5316057476e-01	-1.9142968664e-01	-2.0242017798e-01	-2.0242017798e-01	-2.0242017798e-01	-2.4055979517e-01	-2.5106830974e-01	-2.5106830974e-01	-2.5106830974e-01	-2.5106830974e-01	-2.9672787557e-01	-2.9672787557e-01	-2.9672787557e-01	-3.2630480412e-01	-3.3674731842e-01	-3.3674731842e-01	-3.3674731842e-01	-3.5999555734e-01	-3.7059264314e-01	-3.7059264314e-01	-3.7059264314e-01	-3.8876899390e-01	-3.9797227347e-01	-3.9797227347e-01	-3.9797227347e-01	-4.1258359997e-01	-4.2696693542e-01	-4.2696693542e-01	-4.2696693542e-01	-4.5082339684e-01	-4.5082339684e-01	-4.5836088765e-01	-4.5836088765e-01	-4.5836088765e-01	-4.7723889028e-01	-4.7723889028e-01	-4.7723889028e-01	-4.8599777736e-01	-4.9467597838e-01	-4.9467597838e-01	-4.9467597838e-01	-5.0177420717e-01	-5.0919710282e-01	-5.0919710282e-01	-5.0919710282e-01	-5.2336484864e-01	-5.3513631510e-01	-5.3513631510e-01	-5.3513631510e-01	-5.3513631510e-01	-5.4181569359e-01	-5.4783258087e-01	-5.4783258087e-01	-5.4783258087e-01	-5.6014834281e-01	-5.6684067772e-01	-5.6684067772e-01	-5.6684067772e-01	-5.7896106167e-01	-5.7896106167e-01	-5.7896106167e-01	-5.8525261853e-01	-5.8525261853e-01	-5.9462906028e-01	-5.9462906028e-01	-6.0697510190e-01	-6.0697510190e-01	-6.1092410656e-01	-6.1092410656e-01	-6.1092410656e-01	-6.1692213193e-01	-6.2132232400e-01	-6.2132232400e-01	-6.3167774557e-01	-6.3167774557e-01	-6.3656213678e-01	-6.3656213678e-01	-6.3656213678e-01	-6.4417785291e-01	-6.4417785291e-01	-6.4484944350e-01	-6.5383861147e-01	-6.5383861147e-01	-6.5361246931e-01	-6.5361246931e-01	-6.5361246931e-01	-6.6208917356e-01	
