# Time           	e423_0           
1	-7.6913234811e+01	
2	-4.2036030124e+00	
3	-1.6737663318e+00	
4	-1.0792671023e+00	
5	-9.1386935949e-01	
6	-8.8276838872e-01	
7	-8.6537519046e-01	
8	-8.5902388037e-01	
9	-8.5532445072e-01	
10	-8.5917266140e-01	
11	-8.7143234863e-01	
12	-8.8696611728e-01	
13	-9.0228003323e-01	
14	-9.1426411761e-01	
15	-9.2628883715e-01	
16	-9.4015332405e-01	
17	-9.5341573518e-01	
18	-9.6586782734e-01	
19	-9.7851804735e-01	
20	-9.9116402826e-01	
21	-1.0053900132e+00	
22	-1.0203444452e+00	
23	-1.0358425595e+00	
24	-1.0525250237e+00	
25	-1.0700323568e+00	
26	-1.0879569286e+00	
27	-1.1061541188e+00	
28	-1.1241517124e+00	
29	-1.1421625019e+00	
30	-1.1590102853e+00	
31	-1.1759495604e+00	
32	-1.1912882963e+00	
33	-1.2042853865e+00	
34	-1.2168459911e+00	
35	-1.2277293029e+00	
36	-1.2368867483e+00	
37	-1.2442919076e+00	
38	-1.2502274402e+00	
39	-1.2556879722e+00	
40	-1.2603672120e+00	
41	-1.2640449176e+00	
42	-1.2671623955e+00	
43	-1.2700262922e+00	
44	-1.2728784999e+00	
45	-1.2756477120e+00	
46	-1.2785222465e+00	
47	-1.2814270459e+00	
48	-1.2844756227e+00	
49	-1.2877058508e+00	
50	-1.2910370644e+00	
51	-1.2945077655e+00	
52	-1.2981851924e+00	
53	-1.3021482962e+00	
54	-1.3061261505e+00	
55	-1.3101812673e+00	
56	-1.3143937514e+00	
57	-1.3186850679e+00	
58	-1.3231296571e+00	
59	-1.3276591218e+00	
60	-1.3321381211e+00	
61	-1.3366722423e+00	
62	-1.3412145383e+00	
63	-1.3457249734e+00	
64	-1.3503167231e+00	
65	-1.3547769293e+00	
66	-1.3592522669e+00	
67	-1.3636684016e+00	
68	-1.3679655577e+00	
69	-1.3717963649e+00	
70	-1.3756599412e+00	
71	-1.3797548132e+00	
72	-1.3837381002e+00	
73	-1.3870688795e+00	
74	-1.3904883208e+00	
75	-1.3938544692e+00	
76	-1.3970496915e+00	
77	-1.4002090301e+00	
78	-1.4033274874e+00	
79	-1.4057585590e+00	
80	-1.4081680062e+00	
81	-1.4104277079e+00	
82	-1.4134110421e+00	
83	-1.4150988719e+00	
84	-1.4170090185e+00	
85	-1.4187760017e+00	
86	-1.4205681506e+00	
87	-1.4218644925e+00	
88	-1.4228429176e+00	
89	-1.4235707479e+00	
90	-1.4250305730e+00	
91	-1.4270633606e+00	
92	-1.4294864768e+00	
93	-1.4317706030e+00	
94	-1.4351477398e+00	
95	-1.4386325845e+00	
96	-1.4419904281e+00	
97	-1.4453378985e+00	
98	-1.4483638543e+00	
99	-1.4505347848e+00	
100	-1.4525738922e+00	
101	-1.4551069638e+00	
102	-1.4574927053e+00	
103	-1.4596217761e+00	
104	-1.4621014564e+00	
105	-1.4652553968e+00	
106	-1.4672631956e+00	
107	-1.4700389391e+00	
108	-1.4726939680e+00	
109	-1.4754469490e+00	
110	-1.4795543436e+00	
111	-1.4837679082e+00	
112	-1.4890854211e+00	
113	-1.4963032880e+00	
114	-1.5025259070e+00	
115	-1.5079331664e+00	
116	-1.5149690507e+00	
117	-1.5220274039e+00	
118	-1.5292900149e+00	
119	-1.5364462920e+00	
120	-1.5432645421e+00	
121	-1.5501929671e+00	
122	-1.5576319059e+00	
123	-1.5644686038e+00	
124	-1.5727531776e+00	
125	-1.5820474806e+00	
126	-1.5920203014e+00	
127	-1.5980832782e+00	
128	-1.5996672756e+00	
129	-1.5994694892e+00	
130	-1.5990614203e+00	
131	-1.5976363033e+00	
132	-1.5963572601e+00	
133	-1.5972925065e+00	
134	-1.5965131494e+00	
135	-1.5955868996e+00	
136	-1.5943938923e+00	
137	-1.5898965017e+00	
138	-1.5865392364e+00	
139	-1.5823210109e+00	
140	-1.5802247340e+00	
141	-1.5790749932e+00	
142	-1.5773687964e+00	
143	-1.5760888649e+00	
144	-1.5739704623e+00	
145	-1.5732091453e+00	
146	-1.5720940466e+00	
147	-1.5709672089e+00	
148	-1.5718701958e+00	
149	-1.5735053137e+00	
150	-1.5749531191e+00	
151	-1.5758259555e+00	
152	-1.5768853511e+00	
153	-1.5798057092e+00	
154	-1.5813344028e+00	
155	-1.5828680491e+00	
156	-1.5856206328e+00	
157	-1.5872967907e+00	
158	-1.5894629351e+00	
159	-1.5913232207e+00	
160	-1.5925446622e+00	
161	-1.5939370910e+00	
162	-1.5961148667e+00	
163	-1.5973657651e+00	
164	-1.5978424358e+00	
165	-1.5980966016e+00	
166	-1.5969498808e+00	
167	-1.5961720348e+00	
168	-1.5980945494e+00	
169	-1.5993372923e+00	
170	-1.6004265089e+00	
171	-1.6008392733e+00	
172	-1.6006721685e+00	
173	-1.6008968858e+00	
174	-1.5996951005e+00	
175	-1.5976794328e+00	
176	-1.5957481506e+00	
177	-1.5907174225e+00	
178	-1.5863607784e+00	
179	-1.5832866087e+00	
180	-1.5792239097e+00	
181	-1.5759130414e+00	
182	-1.5705195592e+00	
183	-1.5658471625e+00	
184	-1.5613860130e+00	
185	-1.5569540454e+00	
186	-1.5544447848e+00	
187	-1.5508498294e+00	
188	-1.5484438505e+00	
189	-1.5442594285e+00	
190	-1.5408405010e+00	
191	-1.5393012805e+00	
192	-1.5376002290e+00	
193	-1.5342111287e+00	
194	-1.5330122541e+00	
195	-1.5317479684e+00	
196	-1.5301655451e+00	
197	-1.5298976325e+00	
198	-1.5299872431e+00	
199	-1.5300548474e+00	
200	-1.5310921122e+00	
201	-1.5319286850e+00	
202	-1.5342382681e+00	
203	-1.5358348830e+00	
204	-1.5383076182e+00	
205	-1.5396536961e+00	
206	-1.5407807013e+00	
207	-1.5419504917e+00	
208	-1.5434846573e+00	
209	-1.5424885899e+00	
210	-1.5410095767e+00	
211	-1.5389536248e+00	
212	-1.5348138069e+00	
213	-1.5292125332e+00	
214	-1.5233531262e+00	
215	-1.5159020560e+00	
216	-1.5072926581e+00	
217	-1.4989913202e+00	
218	-1.4911865801e+00	
219	-1.4819954547e+00	
220	-1.4759697454e+00	
221	-1.4676338591e+00	
222	-1.4579022394e+00	
223	-1.4473663252e+00	
224	-1.4346037336e+00	
225	-1.4212899485e+00	
226	-1.3984008524e+00	
227	-1.3733206209e+00	
228	-1.3476691387e+00	
229	-1.3156776774e+00	
230	-1.2833156157e+00	
231	-1.2528900233e+00	
232	-1.2260514685e+00	
233	-1.1983884233e+00	
234	-1.1713127955e+00	
235	-1.1431974706e+00	
236	-1.1209770128e+00	
237	-1.0932665069e+00	
238	-1.0696576662e+00	
239	-1.0438050145e+00	
240	-1.0217614831e+00	
241	-9.9574995671e-01	
242	-9.7592866433e-01	
243	-9.5173887770e-01	
244	-9.3208122113e-01	
245	-9.0743087959e-01	
246	-8.8597931595e-01	
247	-8.6493485350e-01	
248	-8.4056367593e-01	
249	-8.2128277744e-01	
250	-7.9708416340e-01	
251	-7.7558598264e-01	
252	-7.5481215206e-01	
253	-7.3201581847e-01	
254	-7.1246036299e-01	
255	-6.9112370474e-01	
256	-6.7159941974e-01	
257	-6.5119706910e-01	
258	-6.3312498950e-01	
259	-6.1598611075e-01	
260	-5.9953845710e-01	
261	-5.8470090173e-01	
262	-5.7070257427e-01	
263	-5.5838527210e-01	
264	-5.4614292557e-01	
265	-5.3603771365e-01	
266	-5.2700464979e-01	
267	-5.2026883893e-01	
268	-5.1324838824e-01	
269	-5.0908717717e-01	
270	-5.0185831685e-01	
271	-4.9702404235e-01	
272	-4.9245350273e-01	
273	-4.8664645952e-01	
274	-4.8230622894e-01	
275	-4.7672822582e-01	
276	-4.7128650177e-01	
277	-4.6531348219e-01	
278	-4.5993397591e-01	
279	-4.5441428363e-01	
280	-4.4906793426e-01	
281	-4.4535597439e-01	
282	-4.4178580747e-01	
283	-4.3876881493e-01	
284	-4.3776093904e-01	
285	-4.3776866076e-01	
286	-4.4028661889e-01	
287	-4.4423908044e-01	
288	-4.5021133675e-01	
289	-4.5922553734e-01	
290	-4.7022689337e-01	
291	-4.8365354722e-01	
292	-4.9974083479e-01	
293	-5.1863063241e-01	
294	-5.3700537189e-01	
295	-5.5750545833e-01	
296	-5.8099999468e-01	
297	-6.0543834085e-01	
298	-6.2415064774e-01	
299	-6.5108004748e-01	
300	-6.7500681761e-01	
301	-6.9484956021e-01	
302	-7.1863240627e-01	
303	-7.4187713245e-01	
304	-7.6801178581e-01	
305	-7.9150658247e-01	
306	-8.1558302940e-01	
307	-8.4014460995e-01	
308	-8.6374708131e-01	
309	-8.8728146467e-01	
310	-9.0994977288e-01	
311	-9.3330228660e-01	
312	-9.5486512313e-01	
313	-9.7677348832e-01	
314	-9.9543271573e-01	
315	-1.0137787407e+00	
316	-1.0308263696e+00	
317	-1.0468556255e+00	
318	-1.0619524462e+00	
319	-1.0748136557e+00	
320	-1.0860129013e+00	
321	-1.0970025983e+00	
322	-1.1071564821e+00	
323	-1.1166499677e+00	
324	-1.1251153844e+00	
325	-1.1332193544e+00	
326	-1.1392137698e+00	
327	-1.1443671971e+00	
328	-1.1490015733e+00	
329	-1.1519689155e+00	
330	-1.1546442921e+00	
331	-1.1547917180e+00	
332	-1.1540556895e+00	
333	-1.1524309127e+00	
334	-1.1491038710e+00	
335	-1.1446746125e+00	
336	-1.1411956010e+00	
337	-1.1391238210e+00	
338	-1.1357553414e+00	
339	-1.1316937530e+00	
340	-1.1262301550e+00	
341	-1.1198961580e+00	
342	-1.1120339202e+00	
343	-1.1042186756e+00	
344	-1.0950852809e+00	
345	-1.0847405991e+00	
346	-1.0730939690e+00	
347	-1.0606635124e+00	
348	-1.0473710710e+00	
349	-1.0347190701e+00	
350	-1.0227891308e+00	
351	-1.0118926111e+00	
352	-1.0014813146e+00	
353	-9.9164721220e-01	
354	-9.8296635999e-01	
355	-9.7534576785e-01	
356	-9.6894238998e-01	
357	-9.6420141861e-01	
358	-9.6048801918e-01	
359	-9.5733991435e-01	
360	-9.5551658679e-01	
361	-9.5520503571e-01	
362	-9.5581726874e-01	
363	-9.5728153134e-01	
364	-9.6046724424e-01	
365	-9.6494658689e-01	
366	-9.7041824786e-01	
367	-9.7721083364e-01	
368	-9.8484101509e-01	
369	-9.9341929233e-01	
370	-1.0023623909e+00	
371	-1.0116675154e+00	
372	-1.0212321636e+00	
373	-1.0313465762e+00	
374	-1.0414838092e+00	
375	-1.0519255084e+00	
376	-1.0627272661e+00	
377	-1.0735348402e+00	
378	-1.0845171151e+00	
379	-1.0955836021e+00	
380	-1.1066873246e+00	
381	-1.1179084181e+00	
382	-1.1292738192e+00	
383	-1.1405967724e+00	
384	-1.1517072223e+00	
385	-1.1625198525e+00	
386	-1.1730106115e+00	
387	-1.1830166308e+00	
388	-1.1923483027e+00	
389	-1.2008906470e+00	
390	-1.2084444219e+00	
391	-1.2155281420e+00	
392	-1.2219103694e+00	
393	-1.2277912398e+00	
394	-1.2329720603e+00	
395	-1.2377703796e+00	
396	-1.2423702951e+00	
397	-1.2466969379e+00	
398	-1.2505817593e+00	
399	-1.2541589146e+00	
400	-1.2574259680e+00	
401	-1.2606077882e+00	
402	-1.2636219227e+00	
403	-1.2669476105e+00	
404	-1.2702246542e+00	
405	-1.2735262660e+00	
406	-1.2766059987e+00	
407	-1.2796201760e+00	
408	-1.2830348436e+00	
409	-1.2868000613e+00	
410	-1.2904105244e+00	
411	-1.2941435273e+00	
412	-1.2983368198e+00	
413	-1.3027501295e+00	
414	-1.3068373070e+00	
415	-1.3105849097e+00	
416	-1.3139725302e+00	
417	-1.3167551068e+00	
418	-1.3192831813e+00	
419	-1.3212616681e+00	
420	-1.3233622037e+00	
421	-1.3253369477e+00	
422	-1.3269858717e+00	
423	-1.3292270325e+00	
424	-1.3314528792e+00	
425	-1.3337140434e+00	
426	-1.3361942791e+00	
427	-1.3387380082e+00	
428	-1.3418021862e+00	
429	-1.3454132992e+00	
430	-1.3497667211e+00	
431	-1.3548767912e+00	
432	-1.3606022747e+00	
433	-1.3671046064e+00	
434	-1.3740658905e+00	
435	-1.3789420265e+00	
436	-1.3840288270e+00	
437	-1.3890859989e+00	
438	-1.3933788987e+00	
439	-1.3974092635e+00	
440	-1.4016171908e+00	
441	-1.4061582724e+00	
442	-1.4103727457e+00	
443	-1.4154018014e+00	
444	-1.4204512550e+00	
445	-1.4256576601e+00	
446	-1.4311197634e+00	
447	-1.4371408950e+00	
448	-1.4429597896e+00	
449	-1.4486612416e+00	
450	-1.4551348972e+00	
451	-1.4603460767e+00	
452	-1.4639558752e+00	
453	-1.4677583208e+00	
454	-1.4717247844e+00	
455	-1.4767031536e+00	
456	-1.4807559426e+00	
457	-1.4842252712e+00	
458	-1.4872847304e+00	
459	-1.4892284929e+00	
460	-1.4920642595e+00	
461	-1.4941323506e+00	
462	-1.4959288691e+00	
463	-1.4979547009e+00	
464	-1.4994048635e+00	
465	-1.4997461139e+00	
466	-1.5006914664e+00	
467	-1.5013346834e+00	
468	-1.5001894622e+00	
469	-1.5008125627e+00	
470	-1.5008824905e+00	
471	-1.5016347124e+00	
472	-1.5019918198e+00	
473	-1.5019125448e+00	
474	-1.5025815439e+00	
475	-1.5033007063e+00	
476	-1.5038572724e+00	
477	-1.5037910533e+00	
478	-1.5033682419e+00	
479	-1.5030368172e+00	
480	-1.5027772192e+00	
481	-1.5033607032e+00	
482	-1.5038146711e+00	
483	-1.5027773072e+00	
484	-1.5024093657e+00	
485	-1.5024395601e+00	
486	-1.5025334701e+00	
487	-1.5027029158e+00	
488	-1.5033535438e+00	
489	-1.5032107108e+00	
490	-1.5024787365e+00	
491	-1.5022263769e+00	
492	-1.5019443697e+00	
493	-1.5009050483e+00	
494	-1.5012240485e+00	
495	-1.5018267884e+00	
496	-1.5012804310e+00	
497	-1.5012120973e+00	
498	-1.5009542944e+00	
499	-1.5006128684e+00	
500	-1.4991966935e+00	
501	-1.4981217726e+00	
502	-1.4966006676e+00	
503	-1.4947616153e+00	
504	-1.4919726107e+00	
505	-1.4872828266e+00	
506	-1.4828017438e+00	
507	-1.4792349448e+00	
508	-1.4743806916e+00	
509	-1.4704910163e+00	
510	-1.4665967595e+00	
511	-1.4625277843e+00	
512	-1.4597387286e+00	
513	-1.4552889235e+00	
514	-1.4504015062e+00	
515	-1.4461007312e+00	
516	-1.4406366063e+00	
517	-1.4363513325e+00	
518	-1.4321315365e+00	
519	-1.4282265499e+00	
520	-1.4238412002e+00	
521	-1.4201783813e+00	
522	-1.4181035088e+00	
523	-1.4152287854e+00	
524	-1.4103743506e+00	
525	-1.4052662573e+00	
526	-1.4018520569e+00	
527	-1.3977624914e+00	
528	-1.3933554897e+00	
529	-1.3899327443e+00	
530	-1.3857742453e+00	
531	-1.3815154543e+00	
532	-1.3791920417e+00	
533	-1.3770806245e+00	
534	-1.3753144359e+00	
535	-1.3763800749e+00	
536	-1.3771586081e+00	
537	-1.3779282444e+00	
538	-1.3800346234e+00	
539	-1.3837005243e+00	
540	-1.3871661539e+00	
541	-1.3916814127e+00	
542	-1.3960943365e+00	
543	-1.3994930461e+00	
544	-1.4018328782e+00	
545	-1.4026237054e+00	
546	-1.4044813231e+00	
547	-1.4062038502e+00	
548	-1.4060894550e+00	
549	-1.4066557765e+00	
550	-1.4056758181e+00	
551	-1.4037798717e+00	
552	-1.3997203340e+00	
553	-1.3939514383e+00	
554	-1.3885441003e+00	
555	-1.3824844930e+00	
556	-1.3738822073e+00	
557	-1.3635835433e+00	
558	-1.3547186375e+00	
559	-1.3486471040e+00	
560	-1.3418612333e+00	
561	-1.3373364761e+00	
562	-1.3271451754e+00	
563	-1.3128482866e+00	
564	-1.2970516138e+00	
565	-1.2803682037e+00	
566	-1.2598353481e+00	
567	-1.2390679806e+00	
568	-1.2154284531e+00	
569	-1.1879648786e+00	
570	-1.1538879709e+00	
571	-1.1197932332e+00	
572	-1.0836640895e+00	
573	-1.0496648822e+00	
574	-1.0164260930e+00	
575	-9.8204349946e-01	
576	-9.5300972946e-01	
577	-9.2123466014e-01	
578	-8.9382719102e-01	
579	-8.6589801515e-01	
580	-8.3786946090e-01	
581	-8.1281737843e-01	
582	-7.8763920550e-01	
583	-7.6299200607e-01	
584	-7.3923730245e-01	
585	-7.1730559137e-01	
586	-6.9383088655e-01	
587	-6.6943266746e-01	
588	-6.4713099380e-01	
589	-6.2524468614e-01	
590	-6.0218167064e-01	
591	-5.8104992131e-01	
592	-5.6065923560e-01	
593	-5.3960488631e-01	
594	-5.1875419399e-01	
595	-4.9886113579e-01	
596	-4.7967541654e-01	
597	-4.6158771782e-01	
598	-4.4401230894e-01	
599	-4.2831642129e-01	
600	-4.1235908681e-01	
601	-4.0007373361e-01	
602	-3.8760548514e-01	
603	-3.7691005206e-01	
604	-3.6745601066e-01	
605	-3.5945362743e-01	
606	-3.5323027987e-01	
607	-3.4861595419e-01	
608	-3.4463698794e-01	
609	-3.4238821562e-01	
610	-3.3935513978e-01	
611	-3.3817657748e-01	
612	-3.3713634604e-01	
613	-3.3668580556e-01	
614	-3.3808452950e-01	
615	-3.4012905236e-01	
616	-3.4201532293e-01	
617	-3.4449518424e-01	
618	-3.4796977697e-01	
619	-3.5090027968e-01	
620	-3.5559520462e-01	
621	-3.6197645780e-01	
622	-3.6896262573e-01	
623	-3.7747512561e-01	
624	-3.8719356309e-01	
625	-3.9885695992e-01	
626	-4.1157096426e-01	
627	-4.2611678397e-01	
628	-4.4261065345e-01	
629	-4.5890741228e-01	
630	-4.7531148368e-01	
631	-4.9536909412e-01	
632	-5.1287275858e-01	
633	-5.3153865093e-01	
634	-5.4970610453e-01	
635	-5.6847226544e-01	
636	-5.8734139018e-01	
637	-6.0595256439e-01	
638	-6.2370681911e-01	
639	-6.4170983065e-01	
640	-6.5728434169e-01	
641	-6.7513577322e-01	
642	-6.9145609057e-01	
643	-7.0881308729e-01	
644	-7.2657977705e-01	
645	-7.4504147376e-01	
646	-7.6628038741e-01	
647	-7.8532639858e-01	
648	-8.0525796163e-01	
649	-8.2594061138e-01	
650	-8.4649820962e-01	
651	-8.6824283972e-01	
652	-8.8865916655e-01	
653	-9.0868056079e-01	
654	-9.2715372907e-01	
655	-9.4337334441e-01	
656	-9.5845804855e-01	
657	-9.7255383752e-01	
658	-9.8554295310e-01	
659	-9.9855253976e-01	
660	-1.0094936950e+00	
661	-1.0192649246e+00	
662	-1.0281779805e+00	
663	-1.0370476987e+00	
664	-1.0440415104e+00	
665	-1.0498726065e+00	
666	-1.0553005672e+00	
667	-1.0592098032e+00	
668	-1.0621286724e+00	
669	-1.0641866785e+00	
670	-1.0659064667e+00	
671	-1.0660844061e+00	
672	-1.0656818822e+00	
673	-1.0649197696e+00	
674	-1.0636351033e+00	
675	-1.0623066605e+00	
676	-1.0595907949e+00	
677	-1.0555407792e+00	
678	-1.0508565703e+00	
679	-1.0461263009e+00	
680	-1.0403922622e+00	
681	-1.0341423033e+00	
682	-1.0274591920e+00	
683	-1.0207976441e+00	
684	-1.0136176337e+00	
685	-1.0062630247e+00	
686	-9.9947192705e-01	
687	-9.9233448537e-01	
688	-9.8586011372e-01	
689	-9.8014304834e-01	
690	-9.7495481931e-01	
691	-9.7049339757e-01	
692	-9.6679761375e-01	
693	-9.6405184510e-01	
694	-9.6142491386e-01	
695	-9.6018063593e-01	
696	-9.5985753075e-01	
697	-9.5966058456e-01	
698	-9.6059763562e-01	
699	-9.6250654108e-01	
700	-9.6547723932e-01	
701	-9.6973773272e-01	
702	-9.7489372084e-01	
703	-9.8129073229e-01	
704	-9.8873783119e-01	
705	-9.9707622364e-01	
706	-1.0063899850e+00	
707	-1.0160941901e+00	
708	-1.0264395366e+00	
709	-1.0371972589e+00	
710	-1.0479722883e+00	
711	-1.0590357918e+00	
712	-1.0702610604e+00	
713	-1.0815185449e+00	
714	-1.0925383150e+00	
715	-1.1036329301e+00	
716	-1.1145583098e+00	
717	-1.1253989342e+00	
718	-1.1354526869e+00	
719	-1.1458642096e+00	
720	-1.1556548837e+00	
721	-1.1648728208e+00	
722	-1.1736192819e+00	
723	-1.1817540027e+00	
724	-1.1895822193e+00	
725	-1.1972362699e+00	
726	-1.2040677326e+00	
727	-1.2102088290e+00	
728	-1.2163168569e+00	
729	-1.2216980854e+00	
730	-1.2266753405e+00	
731	-1.2313524267e+00	
732	-1.2356306615e+00	
733	-1.2397988094e+00	
734	-1.2438134505e+00	
735	-1.2474054467e+00	
736	-1.2513276407e+00	
737	-1.2563178974e+00	
738	-1.2611146395e+00	
739	-1.2655689219e+00	
740	-1.2696546638e+00	
741	-1.2726105737e+00	
742	-1.2750713050e+00	
743	-1.2774130069e+00	
744	-1.2796937959e+00	
745	-1.2819827406e+00	
746	-1.2833533811e+00	
747	-1.2843651469e+00	
748	-1.2855853213e+00	
749	-1.2875377713e+00	
750	-1.2895266100e+00	
751	-1.2912065232e+00	
752	-1.2924048026e+00	
753	-1.2939278732e+00	
754	-1.2957847983e+00	
755	-1.2979733465e+00	
756	-1.3004026606e+00	
757	-1.3031294690e+00	
758	-1.3064090517e+00	
759	-1.3102869076e+00	
760	-1.3146495577e+00	
761	-1.3190063625e+00	
762	-1.3232084450e+00	
763	-1.3273032043e+00	
764	-1.3313278733e+00	
765	-1.3352797719e+00	
766	-1.3389012851e+00	
767	-1.3423591902e+00	
768	-1.3458622204e+00	
769	-1.3493304956e+00	
770	-1.3529708008e+00	
771	-1.3563118782e+00	
772	-1.3604323934e+00	
773	-1.3645366802e+00	
774	-1.3692781414e+00	
775	-1.3734497616e+00	
776	-1.3779071359e+00	
777	-1.3834477132e+00	
778	-1.3890248394e+00	
779	-1.3939625708e+00	
780	-1.3998246321e+00	
781	-1.4045740172e+00	
782	-1.4083926647e+00	
783	-1.4118828558e+00	
784	-1.4145339500e+00	
785	-1.4187297336e+00	
786	-1.4222437928e+00	
787	-1.4259514371e+00	
788	-1.4286165347e+00	
789	-1.4319511458e+00	
790	-1.4339737915e+00	
791	-1.4352859636e+00	
792	-1.4384033010e+00	
793	-1.4410675768e+00	
794	-1.4432642185e+00	
795	-1.4447174456e+00	
796	-1.4461866673e+00	
797	-1.4484659840e+00	
798	-1.4496311987e+00	
799	-1.4516364903e+00	
800	-1.4542915360e+00	
801	-1.4552406896e+00	
802	-1.4560361305e+00	
803	-1.4582140156e+00	
804	-1.4600387981e+00	
805	-1.4613210147e+00	
806	-1.4630660257e+00	
807	-1.4640060785e+00	
808	-1.4647037911e+00	
809	-1.4651875921e+00	
810	-1.4659184773e+00	
811	-1.4675493114e+00	
812	-1.4693153807e+00	
813	-1.4709170612e+00	
814	-1.4723149402e+00	
815	-1.4741165230e+00	
816	-1.4759519381e+00	
817	-1.4775812981e+00	
818	-1.4787802776e+00	
819	-1.4796596458e+00	
820	-1.4801056349e+00	
821	-1.4809042160e+00	
822	-1.4803013294e+00	
823	-1.4797169927e+00	
824	-1.4801704978e+00	
825	-1.4803960880e+00	
826	-1.4814993480e+00	
827	-1.4828061036e+00	
828	-1.4824103415e+00	
829	-1.4809326982e+00	
830	-1.4811003745e+00	
831	-1.4804826752e+00	
832	-1.4801476568e+00	
833	-1.4790374871e+00	
834	-1.4782024583e+00	
835	-1.4780401289e+00	
836	-1.4782569913e+00	
837	-1.4772088132e+00	
838	-1.4753590906e+00	
839	-1.4731234316e+00	
840	-1.4678485523e+00	
841	-1.4660758824e+00	
842	-1.4645261104e+00	
843	-1.4621895982e+00	
844	-1.4596008767e+00	
845	-1.4567528069e+00	
846	-1.4543560998e+00	
847	-1.4531937203e+00	
848	-1.4554246912e+00	
849	-1.4568957623e+00	
850	-1.4569796294e+00	
851	-1.4590055636e+00	
852	-1.4581212715e+00	
853	-1.4567329551e+00	
854	-1.4571895570e+00	
855	-1.4564229011e+00	
856	-1.4550415527e+00	
857	-1.4555633187e+00	
858	-1.4547962989e+00	
859	-1.4535874706e+00	
860	-1.4531751498e+00	
861	-1.4521602609e+00	
862	-1.4527220962e+00	
863	-1.4529985105e+00	
864	-1.4548591249e+00	
865	-1.4567485922e+00	
866	-1.4590989684e+00	
867	-1.4625857766e+00	
868	-1.4663411949e+00	
869	-1.4701331489e+00	
870	-1.4741888165e+00	
871	-1.4807027762e+00	
872	-1.4864455293e+00	
873	-1.4910763498e+00	
874	-1.4939226505e+00	
875	-1.4955447920e+00	
876	-1.4960795279e+00	
877	-1.4965241222e+00	
878	-1.4952130790e+00	
879	-1.4930879901e+00	
880	-1.4899629734e+00	
881	-1.4869374094e+00	
882	-1.4812035815e+00	
883	-1.4752791643e+00	
884	-1.4682307763e+00	
885	-1.4624831665e+00	
886	-1.4556882771e+00	
887	-1.4471106087e+00	
888	-1.4374153612e+00	
889	-1.4262207764e+00	
890	-1.4129443562e+00	
891	-1.4006175421e+00	
892	-1.3862853419e+00	
893	-1.3687158226e+00	
894	-1.3491683486e+00	
895	-1.3277656004e+00	
896	-1.2982757576e+00	
897	-1.2703681476e+00	
898	-1.2391435656e+00	
899	-1.2130907231e+00	
900	-1.1876019177e+00	
901	-1.1592770335e+00	
902	-1.1309821381e+00	
903	-1.1060791261e+00	
904	-1.0802294289e+00	
905	-1.0572876954e+00	
906	-1.0365763426e+00	
907	-1.0140585526e+00	
908	-9.9378154526e-01	
909	-9.7041526238e-01	
910	-9.5123928408e-01	
911	-9.3036762502e-01	
912	-9.1030583172e-01	
913	-8.9096946342e-01	
914	-8.6996380168e-01	
915	-8.4910421228e-01	
916	-8.2981836407e-01	
917	-8.0812095438e-01	
918	-7.8733769929e-01	
919	-7.6719781040e-01	
920	-7.4551018489e-01	
921	-7.2608195559e-01	
922	-7.0516661746e-01	
923	-6.8470118264e-01	
924	-6.6508578667e-01	
925	-6.4497044881e-01	
926	-6.2520273160e-01	
927	-6.0683490135e-01	
928	-5.8935287140e-01	
929	-5.7359739445e-01	
930	-5.5963038862e-01	
931	-5.4560835795e-01	
932	-5.3414428460e-01	
933	-5.2246297882e-01	
934	-5.1462333768e-01	
935	-5.0673436590e-01	
936	-5.0107857715e-01	
937	-4.9682845121e-01	
938	-4.9394025040e-01	
939	-4.9178458149e-01	
940	-4.8816051403e-01	
941	-4.8527994087e-01	
942	-4.8190740096e-01	
943	-4.7802413587e-01	
944	-4.7406593537e-01	
945	-4.6988475327e-01	
946	-4.6667672630e-01	
947	-4.6223695894e-01	
948	-4.5767583102e-01	
949	-4.5354414617e-01	
950	-4.5054136632e-01	
951	-4.4840896585e-01	
952	-4.4776670485e-01	
953	-4.4790098497e-01	
954	-4.5143239937e-01	
955	-4.5661440992e-01	
956	-4.6331873969e-01	
957	-4.7170491106e-01	
958	-4.8216721802e-01	
959	-4.9456871718e-01	
960	-5.0779656533e-01	
961	-5.2225793822e-01	
962	-5.3792470562e-01	
963	-5.5460837771e-01	
964	-5.7391665473e-01	
965	-5.9135615077e-01	
966	-6.0920876442e-01	
967	-6.2391238759e-01	
968	-6.3805734102e-01	
969	-6.5301495733e-01	
970	-6.6645477085e-01	
971	-6.7971968010e-01	
972	-6.9166518971e-01	
973	-7.0673637705e-01	
974	-7.2126011776e-01	
975	-7.3694557098e-01	
976	-7.5190723215e-01	
977	-7.6586984971e-01	
978	-7.8203855390e-01	
979	-7.9906938898e-01	
980	-8.1575608707e-01	
981	-8.3474034988e-01	
982	-8.5258717098e-01	
983	-8.7261013190e-01	
984	-8.9053082103e-01	
985	-9.0885235495e-01	
986	-9.2656277111e-01	
987	-9.4370046101e-01	
988	-9.6015087933e-01	
989	-9.7595137517e-01	
990	-9.8858028670e-01	
991	-1.0017096576e+00	
992	-1.0144908139e+00	
993	-1.0252977944e+00	
994	-1.0346293946e+00	
995	-1.0429178071e+00	
996	-1.0504441591e+00	
997	-1.0575862264e+00	
998	-1.0634061339e+00	
999	-1.0677410315e+00	
1000	-1.0709500900e+00	
1001	-1.0727498615e+00	
1002	-1.0734484648e+00	
1003	-1.0725386710e+00	
1004	-1.0708409301e+00	
1005	-1.0673342749e+00	
1006	-1.0636790585e+00	
1007	-1.0595311591e+00	
1008	-1.0552995948e+00	
1009	-1.0507632493e+00	
1010	-1.0457578047e+00	
1011	-1.0394360457e+00	
1012	-1.0331799029e+00	
1013	-1.0267386798e+00	
1014	-1.0207771087e+00	
1015	-1.0140301245e+00	
1016	-1.0079594782e+00	
1017	-1.0012901733e+00	
1018	-9.9482129704e-01	
1019	-9.8914229891e-01	
1020	-9.8400316646e-01	
1021	-9.7980477745e-01	
1022	-9.7624473038e-01	
1023	-9.7308208311e-01	
1024	-9.7051937013e-01	
1025	-9.6897512466e-01	
1026	-9.6834043852e-01	
1027	-9.6807829076e-01	
1028	-9.6863328694e-01	
1029	-9.7037488287e-01	
1030	-9.7325456481e-01	
1031	-9.7692472406e-01	
1032	-9.8183485762e-01	
1033	-9.8801518972e-01	
1034	-9.9513968533e-01	
1035	-1.0030677347e+00	
1036	-1.0119382396e+00	
1037	-1.0216660973e+00	
1038	-1.0316491630e+00	
1039	-1.0417527026e+00	
1040	-1.0519442002e+00	
1041	-1.0624891456e+00	
1042	-1.0729006036e+00	
1043	-1.0833608987e+00	
1044	-1.0939676547e+00	
1045	-1.1046094498e+00	
1046	-1.1150689213e+00	
1047	-1.1252672316e+00	
1048	-1.1351761120e+00	
1049	-1.1449549339e+00	
1050	-1.1542332907e+00	
1051	-1.1629810212e+00	
1052	-1.1715731593e+00	
1053	-1.1795022613e+00	
1054	-1.1871242280e+00	
1055	-1.1944736906e+00	
1056	-1.2014396740e+00	
1057	-1.2078368180e+00	
1058	-1.2138404718e+00	
1059	-1.2191765733e+00	
1060	-1.2244632908e+00	
1061	-1.2292575002e+00	
1062	-1.2337768019e+00	
1063	-1.2385051635e+00	
1064	-1.2430002844e+00	
1065	-1.2472153321e+00	
1066	-1.2518852409e+00	
1067	-1.2568756331e+00	
1068	-1.2618480737e+00	
1069	-1.2668789147e+00	
1070	-1.2712732064e+00	
1071	-1.2757889757e+00	
1072	-1.2796219216e+00	
1073	-1.2828381852e+00	
1074	-1.2857479498e+00	
1075	-1.2881240978e+00	
1076	-1.2904623874e+00	
1077	-1.2929373707e+00	
1078	-1.2946314686e+00	
1079	-1.2960496920e+00	
1080	-1.2978059847e+00	
1081	-1.2993623666e+00	
1082	-1.3011351222e+00	
1083	-1.3029243468e+00	
1084	-1.3048278090e+00	
1085	-1.3068427581e+00	
1086	-1.3091048278e+00	
1087	-1.3117633559e+00	
1088	-1.3152106103e+00	
1089	-1.3186122666e+00	
1090	-1.3223866679e+00	
1091	-1.3267621928e+00	
1092	-1.3313922464e+00	
1093	-1.3367684887e+00	
1094	-1.3425432875e+00	
1095	-1.3472451445e+00	
1096	-1.3509595514e+00	
1097	-1.3554504533e+00	
1098	-1.3596693258e+00	
1099	-1.3631358350e+00	
1100	-1.3670118738e+00	
1101	-1.3710598897e+00	
1102	-1.3750571760e+00	
1103	-1.3795518263e+00	
1104	-1.3837705471e+00	
1105	-1.3888204313e+00	
1106	-1.3938009735e+00	
1107	-1.3988098364e+00	
1108	-1.4042464907e+00	
1109	-1.4104618087e+00	
1110	-1.4158448558e+00	
1111	-1.4223040927e+00	
1112	-1.4276987063e+00	
1113	-1.4317801803e+00	
1114	-1.4348297983e+00	
1115	-1.4383622376e+00	
1116	-1.4423205421e+00	
1117	-1.4459049054e+00	
1118	-1.4495452629e+00	
1119	-1.4525839748e+00	
1120	-1.4558118413e+00	
1121	-1.4575942743e+00	
1122	-1.4586451730e+00	
1123	-1.4613938178e+00	
1124	-1.4634039949e+00	
1125	-1.4650340386e+00	
1126	-1.4665640173e+00	
1127	-1.4678328213e+00	
1128	-1.4697044626e+00	
1129	-1.4697845976e+00	
1130	-1.4704560852e+00	
1131	-1.4724884076e+00	
1132	-1.4734745627e+00	
1133	-1.4744936972e+00	
1134	-1.4758970537e+00	
1135	-1.4777523865e+00	
1136	-1.4794094899e+00	
1137	-1.4809029647e+00	
1138	-1.4813164682e+00	
1139	-1.4816305636e+00	
1140	-1.4819937029e+00	
1141	-1.4822747389e+00	
1142	-1.4833548231e+00	
1143	-1.4849164185e+00	
1144	-1.4866318285e+00	
1145	-1.4883800364e+00	
1146	-1.4893132132e+00	
1147	-1.4906838194e+00	
1148	-1.4924818342e+00	
1149	-1.4939029433e+00	
1150	-1.4942986316e+00	
1151	-1.4935244653e+00	
1152	-1.4930161938e+00	
1153	-1.4928048845e+00	
1154	-1.4920671257e+00	
1155	-1.4935158479e+00	
1156	-1.4943010991e+00	
1157	-1.4949906751e+00	
1158	-1.4959787494e+00	
1159	-1.4957153556e+00	
1160	-1.4945650929e+00	
1161	-1.4932696009e+00	
1162	-1.4918012867e+00	
1163	-1.4898830964e+00	
1164	-1.4897164075e+00	
1165	-1.4873771108e+00	
1166	-1.4849950004e+00	
1167	-1.4838452449e+00	
1168	-1.4813800820e+00	
1169	-1.4785395349e+00	
1170	-1.4743890627e+00	
1171	-1.4715938954e+00	
1172	-1.4687381078e+00	
1173	-1.4664731524e+00	
1174	-1.4635098681e+00	
1175	-1.4597870032e+00	
1176	-1.4563667590e+00	
1177	-1.4530208202e+00	
1178	-1.4507311041e+00	
1179	-1.4496567635e+00	
1180	-1.4519941962e+00	
1181	-1.4528760179e+00	
1182	-1.4510308732e+00	
1183	-1.4495055670e+00	
1184	-1.4468861999e+00	
1185	-1.4447879676e+00	
1186	-1.4441786667e+00	
1187	-1.4426538575e+00	
1188	-1.4399029017e+00	
1189	-1.4381721653e+00	
1190	-1.4364951074e+00	
1191	-1.4336018079e+00	
1192	-1.4309278550e+00	
1193	-1.4309022887e+00	
1194	-1.4330031944e+00	
1195	-1.4344356853e+00	
1196	-1.4355134032e+00	
1197	-1.4366835134e+00	
1198	-1.4402518780e+00	
1199	-1.4442489030e+00	
1200	-1.4480082876e+00	
1201	-1.4539849747e+00	
1202	-1.4591573825e+00	
1203	-1.4640866901e+00	
1204	-1.4676681361e+00	
1205	-1.4693800687e+00	
1206	-1.4701172680e+00	
1207	-1.4725631832e+00	
1208	-1.4729058860e+00	
1209	-1.4716897305e+00	
1210	-1.4701486645e+00	
1211	-1.4674790485e+00	
1212	-1.4629107550e+00	
1213	-1.4572206701e+00	
1214	-1.4495675196e+00	
1215	-1.4429147776e+00	
1216	-1.4357659851e+00	
1217	-1.4290966733e+00	
1218	-1.4208804812e+00	
1219	-1.4099121558e+00	
1220	-1.4006076820e+00	
1221	-1.3923051085e+00	
1222	-1.3806025018e+00	
1223	-1.3639388686e+00	
1224	-1.3458035398e+00	
1225	-1.3258236733e+00	
1226	-1.3017585094e+00	
1227	-1.2737488280e+00	
1228	-1.2432610281e+00	
1229	-1.2115611374e+00	
1230	-1.1842179404e+00	
1231	-1.1511519935e+00	
1232	-1.1204076095e+00	
1233	-1.0905243691e+00	
1234	-1.0602559610e+00	
1235	-1.0336628099e+00	
1236	-1.0076020019e+00	
1237	-9.8218435546e-01	
1238	-9.5779812388e-01	
1239	-9.3128982365e-01	
1240	-9.1062938402e-01	
1241	-8.8662445200e-01	
1242	-8.6522293816e-01	
1243	-8.4482419356e-01	
1244	-8.2308451808e-01	
1245	-8.0316431085e-01	
1246	-7.8444138877e-01	
1247	-7.6364830892e-01	
1248	-7.4480242991e-01	
1249	-7.2471576013e-01	
1250	-7.0258972361e-01	
1251	-6.8280675424e-01	
1252	-6.6133486707e-01	
1253	-6.4120416192e-01	
1254	-6.2041290646e-01	
1255	-6.0008669997e-01	
1256	-5.8162575067e-01	
1257	-5.6301572573e-01	
1258	-5.4660457475e-01	
1259	-5.3084598532e-01	
1260	-5.1729448193e-01	
1261	-5.0339844963e-01	
1262	-4.9404313462e-01	
1263	-4.8283371251e-01	
1264	-4.7493822963e-01	
1265	-4.6822182441e-01	
1266	-4.6312991957e-01	
1267	-4.6012806888e-01	
1268	-4.5814835571e-01	
1269	-4.5655438349e-01	
1270	-4.5407844368e-01	
1271	-4.5209089551e-01	
1272	-4.4941065132e-01	
1273	-4.4581087208e-01	
1274	-4.4274930146e-01	
1275	-4.4035033854e-01	
1276	-4.3769049112e-01	
1277	-4.3626492298e-01	
1278	-4.3483218823e-01	
1279	-4.3367410018e-01	
1280	-4.3333636837e-01	
1281	-4.3424546345e-01	
1282	-4.3588506658e-01	
1283	-4.4019802222e-01	
1284	-4.4583715308e-01	
1285	-4.5329583529e-01	
1286	-4.6299437453e-01	
1287	-4.7568613991e-01	
1288	-4.9143410112e-01	
1289	-5.0645345656e-01	
1290	-5.2340083268e-01	
1291	-5.4197472156e-01	
1292	-5.6054428284e-01	
1293	-5.7770511525e-01	
1294	-5.9733767174e-01	
1295	-6.1739161375e-01	
1296	-6.3457842126e-01	
1297	-6.5049194769e-01	
1298	-6.6821074461e-01	
1299	-6.8491407427e-01	
1300	-7.0081563373e-01	
1301	-7.1637660661e-01	
1302	-7.3424127395e-01	
1303	-7.4981350313e-01	
1304	-7.6701641080e-01	
1305	-7.8431838312e-01	
1306	-8.0202729331e-01	
1307	-8.2037382116e-01	
1308	-8.3887420192e-01	
1309	-8.5845912723e-01	
1310	-8.7674356085e-01	
1311	-8.9513381139e-01	
1312	-9.1370751126e-01	
1313	-9.3161911529e-01	
1314	-9.4835293448e-01	
1315	-9.6506861435e-01	
1316	-9.8056851968e-01	
1317	-9.9368911322e-01	
1318	-1.0062994630e+00	
1319	-1.0183991897e+00	
1320	-1.0296262460e+00	
1321	-1.0396823858e+00	
1322	-1.0469548328e+00	
1323	-1.0542828258e+00	
1324	-1.0608851933e+00	
1325	-1.0668360231e+00	
1326	-1.0716059475e+00	
1327	-1.0745355445e+00	
1328	-1.0765900941e+00	
1329	-1.0767373363e+00	
1330	-1.0760604501e+00	
1331	-1.0741195823e+00	
1332	-1.0711709839e+00	
1333	-1.0678818354e+00	
1334	-1.0652913019e+00	
1335	-1.0618454535e+00	
1336	-1.0578060681e+00	
1337	-1.0528514539e+00	
1338	-1.0464579029e+00	
1339	-1.0393952612e+00	
1340	-1.0319757668e+00	
1341	-1.0242728656e+00	
1342	-1.0167834644e+00	
1343	-1.0094079136e+00	
1344	-1.0010062319e+00	
1345	-9.9326634178e-01	
1346	-9.8513603460e-01	
1347	-9.7802721786e-01	
1348	-9.7186146963e-01	
1349	-9.6587812935e-01	
1350	-9.6095744390e-01	
1351	-9.5651664801e-01	
1352	-9.5299872586e-01	
1353	-9.4994746311e-01	
1354	-9.4772669278e-01	
1355	-9.4656935594e-01	
1356	-9.4597488855e-01	
1357	-9.4612521715e-01	
1358	-9.4748432135e-01	
1359	-9.4973175429e-01	
1360	-9.5351241352e-01	
1361	-9.5808276037e-01	
1362	-9.6393478123e-01	
1363	-9.7128904146e-01	
1364	-9.7954859680e-01	
1365	-9.8875609708e-01	
1366	-9.9876798219e-01	
1367	-1.0094136748e+00	
1368	-1.0205336709e+00	
1369	-1.0319027311e+00	
1370	-1.0433497850e+00	
1371	-1.0547746559e+00	
1372	-1.0664798885e+00	
1373	-1.0780647958e+00	
1374	-1.0894648789e+00	
1375	-1.1008824945e+00	
1376	-1.1120667009e+00	
1377	-1.1229851799e+00	
1378	-1.1334336838e+00	
1379	-1.1434284384e+00	
1380	-1.1530583385e+00	
1381	-1.1620750930e+00	
1382	-1.1705663438e+00	
1383	-1.1786416459e+00	
1384	-1.1860575084e+00	
1385	-1.1931134113e+00	
1386	-1.1998312050e+00	
1387	-1.2055925645e+00	
1388	-1.2109077475e+00	
1389	-1.2159532073e+00	
1390	-1.2205900392e+00	
1391	-1.2251866316e+00	
1392	-1.2292517695e+00	
1393	-1.2334286840e+00	
1394	-1.2381736900e+00	
1395	-1.2428328944e+00	
1396	-1.2472546602e+00	
1397	-1.2513243055e+00	
1398	-1.2553923382e+00	
1399	-1.2598849901e+00	
1400	-1.2630793226e+00	
1401	-1.2658970923e+00	
1402	-1.2682491482e+00	
1403	-1.2703566159e+00	
1404	-1.2724916004e+00	
1405	-1.2738154061e+00	
1406	-1.2753275977e+00	
1407	-1.2768375956e+00	
1408	-1.2785058961e+00	
1409	-1.2796881237e+00	
1410	-1.2810830260e+00	
1411	-1.2825861819e+00	
1412	-1.2840743893e+00	
1413	-1.2862122219e+00	
1414	-1.2891552227e+00	
1415	-1.2924483235e+00	
1416	-1.2963915672e+00	
1417	-1.3002565688e+00	
1418	-1.3046971690e+00	
1419	-1.3089661499e+00	
1420	-1.3142021740e+00	
1421	-1.3197276798e+00	
1422	-1.3235214674e+00	
1423	-1.3266377805e+00	
1424	-1.3299334335e+00	
1425	-1.3337510370e+00	
1426	-1.3381156489e+00	
1427	-1.3421619233e+00	
1428	-1.3461433348e+00	
1429	-1.3506845248e+00	
1430	-1.3551594743e+00	
1431	-1.3594167382e+00	
1432	-1.3645102177e+00	
1433	-1.3697513115e+00	
1434	-1.3745671740e+00	
1435	-1.3808363899e+00	
1436	-1.3861870439e+00	
1437	-1.3916911232e+00	
1438	-1.3974650413e+00	
1439	-1.4028240335e+00	
1440	-1.4065722633e+00	
1441	-1.4089643728e+00	
1442	-1.4129109212e+00	
1443	-1.4163453847e+00	
1444	-1.4199970770e+00	
1445	-1.4233588785e+00	
1446	-1.4266158084e+00	
1447	-1.4284610976e+00	
1448	-1.4301499235e+00	
1449	-1.4329506839e+00	
1450	-1.4345577773e+00	
1451	-1.4360298490e+00	
1452	-1.4378482188e+00	
1453	-1.4392973760e+00	
1454	-1.4414084215e+00	
1455	-1.4427011301e+00	
1456	-1.4442029326e+00	
1457	-1.4463242035e+00	
1458	-1.4470605105e+00	
1459	-1.4486011408e+00	
1460	-1.4506170471e+00	
1461	-1.4524995166e+00	
1462	-1.4539145186e+00	
1463	-1.4552965315e+00	
1464	-1.4562586225e+00	
1465	-1.4570070335e+00	
1466	-1.4578644963e+00	
1467	-1.4593913184e+00	
1468	-1.4611903431e+00	
1469	-1.4631417538e+00	
1470	-1.4648936936e+00	
1471	-1.4664959992e+00	
1472	-1.4687233646e+00	
1473	-1.4704385600e+00	
1474	-1.4723631828e+00	
1475	-1.4740586783e+00	
1476	-1.4745718295e+00	
1477	-1.4754769034e+00	
1478	-1.4762042045e+00	
1479	-1.4763221134e+00	
1480	-1.4765960334e+00	
1481	-1.4780452598e+00	
1482	-1.4789967362e+00	
1483	-1.4791251344e+00	
1484	-1.4779401115e+00	
1485	-1.4763710217e+00	
1486	-1.4753329894e+00	
1487	-1.4749242943e+00	
1488	-1.4737682248e+00	
1489	-1.4730067472e+00	
1490	-1.4725347937e+00	
1491	-1.4723271149e+00	
1492	-1.4713796102e+00	
1493	-1.4701421278e+00	
1494	-1.4680808339e+00	
1495	-1.4655951725e+00	
1496	-1.4616791884e+00	
1497	-1.4587518807e+00	
1498	-1.4562083561e+00	
1499	-1.4544514207e+00	
1500	-1.4511379622e+00	
1501	-1.4468872991e+00	
1502	-1.4441664231e+00	
1503	-1.4412181547e+00	
1504	-1.4405338954e+00	
1505	-1.4399984875e+00	
1506	-1.4425074750e+00	
1507	-1.4420615490e+00	
1508	-1.4388569098e+00	
1509	-1.4360609240e+00	
1510	-1.4340913805e+00	
1511	-1.4330125941e+00	
1512	-1.4324895103e+00	
1513	-1.4317460130e+00	
1514	-1.4286661741e+00	
1515	-1.4266071994e+00	
1516	-1.4244018051e+00	
1517	-1.4210285366e+00	
1518	-1.4186915844e+00	
1519	-1.4187018191e+00	
1520	-1.4200504498e+00	
1521	-1.4201249797e+00	
1522	-1.4207912863e+00	
1523	-1.4223654051e+00	
1524	-1.4258422951e+00	
1525	-1.4304310535e+00	
1526	-1.4347830549e+00	
1527	-1.4389997423e+00	
1528	-1.4439424175e+00	
1529	-1.4485770497e+00	
1530	-1.4509365922e+00	
1531	-1.4533138395e+00	
1532	-1.4554729356e+00	
1533	-1.4569201808e+00	
1534	-1.4587243290e+00	
1535	-1.4585499339e+00	
1536	-1.4577412261e+00	
1537	-1.4549705274e+00	
1538	-1.4513943107e+00	
1539	-1.4461829760e+00	
1540	-1.4419793013e+00	
1541	-1.4372272651e+00	
1542	-1.4314282617e+00	
1543	-1.4246105095e+00	
1544	-1.4189340886e+00	
1545	-1.4109436797e+00	
1546	-1.4018254204e+00	
1547	-1.3911678355e+00	
1548	-1.3811675330e+00	
1549	-1.3714352044e+00	
1550	-1.3560309081e+00	
1551	-1.3387022648e+00	
1552	-1.3166559822e+00	
1553	-1.2934109194e+00	
1554	-1.2682838002e+00	
1555	-1.2405826067e+00	
1556	-1.2101276110e+00	
1557	-1.1845211025e+00	
1558	-1.1530672129e+00	
1559	-1.1220018357e+00	
1560	-1.0914357891e+00	
1561	-1.0621274855e+00	
1562	-1.0368411242e+00	
1563	-1.0096411961e+00	
1564	-9.8366136361e-01	
1565	-9.5840113762e-01	
1566	-9.3302599626e-01	
1567	-9.1216426225e-01	
1568	-8.8927692290e-01	
1569	-8.6754735224e-01	
1570	-8.4696460004e-01	
1571	-8.2585354791e-01	
1572	-8.0678107065e-01	
1573	-7.8661607816e-01	
1574	-7.6303514865e-01	
1575	-7.4248923889e-01	
1576	-7.2121528870e-01	
1577	-6.9781804059e-01	
1578	-6.7816332652e-01	
1579	-6.5656563946e-01	
1580	-6.3582607932e-01	
1581	-6.1568354141e-01	
1582	-5.9538560319e-01	
1583	-5.7491656902e-01	
1584	-5.5615297939e-01	
1585	-5.3917190778e-01	
1586	-5.2333776343e-01	
1587	-5.0848234471e-01	
1588	-4.9392031790e-01	
1589	-4.8312894118e-01	
1590	-4.7203666463e-01	
1591	-4.6471119033e-01	
1592	-4.5650001183e-01	
1593	-4.5115633173e-01	
1594	-4.4683146111e-01	
1595	-4.4386829621e-01	
1596	-4.4280569867e-01	
1597	-4.4173020445e-01	
1598	-4.3967589795e-01	
1599	-4.3849464762e-01	
1600	-4.3654482765e-01	
1601	-4.3509416179e-01	
1602	-4.3245581555e-01	
1603	-4.3083726638e-01	
1604	-4.3003420153e-01	
1605	-4.2931531610e-01	
1606	-4.2844711127e-01	
1607	-4.2835044998e-01	
1608	-4.2977722449e-01	
1609	-4.3171710173e-01	
1610	-4.3581823922e-01	
1611	-4.4149362166e-01	
1612	-4.4892784181e-01	
1613	-4.5802768500e-01	
1614	-4.6956398993e-01	
1615	-4.8332187802e-01	
1616	-5.0034348301e-01	
1617	-5.1972428135e-01	
1618	-5.3850886042e-01	
1619	-5.5973006019e-01	
1620	-5.7948169673e-01	
1621	-6.0044128443e-01	
1622	-6.2366486879e-01	
1623	-6.4426090133e-01	
1624	-6.6241735320e-01	
1625	-6.8324504715e-01	
1626	-7.0299001281e-01	
1627	-7.2146621148e-01	
1628	-7.3773495370e-01	
1629	-7.5713560996e-01	
1630	-7.7546632030e-01	
1631	-7.9425805271e-01	
1632	-8.1325522964e-01	
1633	-8.3290403949e-01	
1634	-8.5241874291e-01	
1635	-8.7014334830e-01	
1636	-8.8946599128e-01	
1637	-9.0869090187e-01	
1638	-9.2794003711e-01	
1639	-9.4612572513e-01	
1640	-9.6235925958e-01	
1641	-9.7808976142e-01	
1642	-9.9292081310e-01	
1643	-1.0065381582e+00	
1644	-1.0192124831e+00	
1645	-1.0307241714e+00	
1646	-1.0414405073e+00	
1647	-1.0506809354e+00	
1648	-1.0582880848e+00	
1649	-1.0645020120e+00	
1650	-1.0714027179e+00	
1651	-1.0764009155e+00	
1652	-1.0808330364e+00	
1653	-1.0833949514e+00	
1654	-1.0846561596e+00	
1655	-1.0850442589e+00	
1656	-1.0829802010e+00	
1657	-1.0811117798e+00	
1658	-1.0785859769e+00	
1659	-1.0752076407e+00	
1660	-1.0722888643e+00	
1661	-1.0693711157e+00	
1662	-1.0653574405e+00	
1663	-1.0602401736e+00	
1664	-1.0541908695e+00	
1665	-1.0467959686e+00	
1666	-1.0385083529e+00	
1667	-1.0299754431e+00	
1668	-1.0215088721e+00	
1669	-1.0127191599e+00	
1670	-1.0041021460e+00	
1671	-9.9466121322e-01	
1672	-9.8557581948e-01	
1673	-9.7695316985e-01	
1674	-9.6961783100e-01	
1675	-9.6288527223e-01	
1676	-9.5661340465e-01	
1677	-9.5109141393e-01	
1678	-9.4616796636e-01	
1679	-9.4244110304e-01	
1680	-9.3899108922e-01	
1681	-9.3619329738e-01	
1682	-9.3476710559e-01	
1683	-9.3398478894e-01	
1684	-9.3403462415e-01	
1685	-9.3521298384e-01	
1686	-9.3713851650e-01	
1687	-9.4055624618e-01	
1688	-9.4506595475e-01	
1689	-9.5082723552e-01	
1690	-9.5796193980e-01	
1691	-9.6611699361e-01	
1692	-9.7542993525e-01	
1693	-9.8567968149e-01	
1694	-9.9633606346e-01	
1695	-1.0077201507e+00	
1696	-1.0196303865e+00	
1697	-1.0312269968e+00	
1698	-1.0433877748e+00	
1699	-1.0555438933e+00	
1700	-1.0675870198e+00	
1701	-1.0795339485e+00	
1702	-1.0912361176e+00	
1703	-1.1029017302e+00	
1704	-1.1141442495e+00	
1705	-1.1251445537e+00	
1706	-1.1355879386e+00	
1707	-1.1458014824e+00	
1708	-1.1553095568e+00	
1709	-1.1642730939e+00	
1710	-1.1726470005e+00	
1711	-1.1803636630e+00	
1712	-1.1876522894e+00	
1713	-1.1944459784e+00	
1714	-1.2006341238e+00	
1715	-1.2060626569e+00	
1716	-1.2110086613e+00	
1717	-1.2159666547e+00	
1718	-1.2204855670e+00	
1719	-1.2249338726e+00	
1720	-1.2296056025e+00	
1721	-1.2341036751e+00	
1722	-1.2383022733e+00	
1723	-1.2422297502e+00	
1724	-1.2460973307e+00	
1725	-1.2505219692e+00	
1726	-1.2540271271e+00	
1727	-1.2569471506e+00	
1728	-1.2597224719e+00	
1729	-1.2620621881e+00	
1730	-1.2638275342e+00	
1731	-1.2653303499e+00	
1732	-1.2667624549e+00	
1733	-1.2684382249e+00	
1734	-1.2694573461e+00	
1735	-1.2705368921e+00	
1736	-1.2718845283e+00	
1737	-1.2733735811e+00	
1738	-1.2748508380e+00	
1739	-1.2766350101e+00	
1740	-1.2787648799e+00	
1741	-1.2813883393e+00	
1742	-1.2849747496e+00	
1743	-1.2886262833e+00	
1744	-1.2928624538e+00	
1745	-1.2969726656e+00	
1746	-1.3024058207e+00	
1747	-1.3078724461e+00	
1748	-1.3127999328e+00	
1749	-1.3162938931e+00	
1750	-1.3200102909e+00	
1751	-1.3233212018e+00	
1752	-1.3276589364e+00	
1753	-1.3317685867e+00	
1754	-1.3361224058e+00	
1755	-1.3404567907e+00	
1756	-1.3450623327e+00	
1757	-1.3497939699e+00	
1758	-1.3542101320e+00	
1759	-1.3593213308e+00	
1760	-1.3645428081e+00	
1761	-1.3699220143e+00	
1762	-1.3759834952e+00	
1763	-1.3815541343e+00	
1764	-1.3874248561e+00	
1765	-1.3929598268e+00	
1766	-1.3982825153e+00	
1767	-1.4011232969e+00	
1768	-1.4041419921e+00	
1769	-1.4083256593e+00	
1770	-1.4120913723e+00	
1771	-1.4149109011e+00	
1772	-1.4188011582e+00	
1773	-1.4212637933e+00	
1774	-1.4230582099e+00	
1775	-1.4255420042e+00	
1776	-1.4278804124e+00	
1777	-1.4292000440e+00	
1778	-1.4309530586e+00	
1779	-1.4326390842e+00	
1780	-1.4350150306e+00	
1781	-1.4367323450e+00	
1782	-1.4382865790e+00	
1783	-1.4409074376e+00	
1784	-1.4423880393e+00	
1785	-1.4437181673e+00	
1786	-1.4454790640e+00	
1787	-1.4474898480e+00	
1788	-1.4489215803e+00	
1789	-1.4499819519e+00	
1790	-1.4512345281e+00	
1791	-1.4523536395e+00	
1792	-1.4534046659e+00	
1793	-1.4547271716e+00	
1794	-1.4567404326e+00	
1795	-1.4588978813e+00	
1796	-1.4607297396e+00	
1797	-1.4626114806e+00	
1798	-1.4643073809e+00	
1799	-1.4659205285e+00	
1800	-1.4680721321e+00	
1801	-1.4689096445e+00	
1802	-1.4698415113e+00	
1803	-1.4710972964e+00	
1804	-1.4726406888e+00	
1805	-1.4730711769e+00	
1806	-1.4733188415e+00	
1807	-1.4749975433e+00	
1808	-1.4763532571e+00	
1809	-1.4758581585e+00	
1810	-1.4750682842e+00	
1811	-1.4740835118e+00	
1812	-1.4726009057e+00	
1813	-1.4715709659e+00	
1814	-1.4713184836e+00	
1815	-1.4709725875e+00	
1816	-1.4715107878e+00	
1817	-1.4725099012e+00	
1818	-1.4710691508e+00	
1819	-1.4701253811e+00	
1820	-1.4685305290e+00	
1821	-1.4654412770e+00	
1822	-1.4636734838e+00	
1823	-1.4621492507e+00	
1824	-1.4598215173e+00	
1825	-1.4588272571e+00	
1826	-1.4550421612e+00	
1827	-1.4520181626e+00	
1828	-1.4503988768e+00	
1829	-1.4485598510e+00	
1830	-1.4472573574e+00	
1831	-1.4477409198e+00	
1832	-1.4494962978e+00	
1833	-1.4491574302e+00	
1834	-1.4472139798e+00	
1835	-1.4448036900e+00	
1836	-1.4422515632e+00	
1837	-1.4405676648e+00	
1838	-1.4410423648e+00	
1839	-1.4404507535e+00	
1840	-1.4389704827e+00	
1841	-1.4352661707e+00	
1842	-1.4324134789e+00	
1843	-1.4289974661e+00	
1844	-1.4272888004e+00	
1845	-1.4272882527e+00	
1846	-1.4284547922e+00	
1847	-1.4284905914e+00	
1848	-1.4288495530e+00	
1849	-1.4308448694e+00	
1850	-1.4334271003e+00	
1851	-1.4375370646e+00	
1852	-1.4420384054e+00	
1853	-1.4472594135e+00	
1854	-1.4505432134e+00	
1855	-1.4523118833e+00	
1856	-1.4540369562e+00	
1857	-1.4560286987e+00	
1858	-1.4578343520e+00	
1859	-1.4587139380e+00	
1860	-1.4596161355e+00	
1861	-1.4593717863e+00	
1862	-1.4572580930e+00	
1863	-1.4543530132e+00	
1864	-1.4498982238e+00	
1865	-1.4445871036e+00	
1866	-1.4408641228e+00	
1867	-1.4356162701e+00	
1868	-1.4299070422e+00	
1869	-1.4227029249e+00	
1870	-1.4167438497e+00	
1871	-1.4105506764e+00	
1872	-1.4007592353e+00	
1873	-1.3915613325e+00	
1874	-1.3812014608e+00	
1875	-1.3722854495e+00	
1876	-1.3576826239e+00	
1877	-1.3389975322e+00	
1878	-1.3194158052e+00	
1879	-1.2968575809e+00	
1880	-1.2719398535e+00	
1881	-1.2455260281e+00	
1882	-1.2187064263e+00	
1883	-1.1880420568e+00	
1884	-1.1613279917e+00	
1885	-1.1288616954e+00	
1886	-1.1004903049e+00	
1887	-1.0717433939e+00	
1888	-1.0441864547e+00	
1889	-1.0192222988e+00	
1890	-9.9152037377e-01	
1891	-9.6748339017e-01	
1892	-9.4237720743e-01	
1893	-9.1936749354e-01	
1894	-8.9778315697e-01	
1895	-8.7579514969e-01	
1896	-8.5618597594e-01	
1897	-8.3566692133e-01	
1898	-8.1445260030e-01	
1899	-7.9333376193e-01	
1900	-7.7100973526e-01	
1901	-7.4917386731e-01	
1902	-7.2830131335e-01	
1903	-7.0576215972e-01	
1904	-6.8471717606e-01	
1905	-6.6430798061e-01	
1906	-6.4280334324e-01	
1907	-6.2239191575e-01	
1908	-6.0114938127e-01	
1909	-5.8191247404e-01	
1910	-5.6291908186e-01	
1911	-5.4476180606e-01	
1912	-5.2742470709e-01	
1913	-5.1219872324e-01	
1914	-4.9796711297e-01	
1915	-4.8618106657e-01	
1916	-4.7543007943e-01	
1917	-4.6653125780e-01	
1918	-4.5804174945e-01	
1919	-4.5208840427e-01	
1920	-4.4666976512e-01	
1921	-4.4398999389e-01	
1922	-4.4272397235e-01	
1923	-4.4141786297e-01	
1924	-4.4055629031e-01	
1925	-4.3934325434e-01	
1926	-4.3798033636e-01	
1927	-4.3748999813e-01	
1928	-4.3596012972e-01	
1929	-4.3543048491e-01	
1930	-4.3484762917e-01	
1931	-4.3467361336e-01	
1932	-4.3514270248e-01	
1933	-4.3566485051e-01	
1934	-4.3705993863e-01	
1935	-4.4060893241e-01	
1936	-4.4492831035e-01	
1937	-4.5092928897e-01	
1938	-4.5986615825e-01	
1939	-4.7028212753e-01	
1940	-4.8260728904e-01	
1941	-4.9717626075e-01	
1942	-5.1400540778e-01	
1943	-5.3322213805e-01	
1944	-5.5407646248e-01	
1945	-5.7813693537e-01	
1946	-6.0141505880e-01	
1947	-6.2518678866e-01	
1948	-6.4979249316e-01	
1949	-6.7379486823e-01	
1950	-6.9613695952e-01	
1951	-7.2034627175e-01	
1952	-7.4376194411e-01	
1953	-7.6601474701e-01	
1954	-7.8728515556e-01	
1955	-8.0867356369e-01	
1956	-8.3075413493e-01	
1957	-8.5455402350e-01	
1958	-8.7664457237e-01	
1959	-8.9678432848e-01	
1960	-9.1843403743e-01	
1961	-9.3968369546e-01	
1962	-9.5934430029e-01	
1963	-9.7932850533e-01	
1964	-9.9727763664e-01	
1965	-1.0131062748e+00	
1966	-1.0269480636e+00	
1967	-1.0398602173e+00	
1968	-1.0518020503e+00	
1969	-1.0628054853e+00	
1970	-1.0726438898e+00	
1971	-1.0819041625e+00	
1972	-1.0899568927e+00	
1973	-1.0962704183e+00	
1974	-1.1004034800e+00	
1975	-1.1054105914e+00	
1976	-1.1088403962e+00	
1977	-1.1107263092e+00	
1978	-1.1120954546e+00	
1979	-1.1115911192e+00	
1980	-1.1086697873e+00	
1981	-1.1053639231e+00	
1982	-1.1019752017e+00	
1983	-1.0987172322e+00	
1984	-1.0960755120e+00	
1985	-1.0928278946e+00	
1986	-1.0888727738e+00	
1987	-1.0830214315e+00	
1988	-1.0760849452e+00	
1989	-1.0684014146e+00	
1990	-1.0600443449e+00	
1991	-1.0507103446e+00	
1992	-1.0400965775e+00	
1993	-1.0290971294e+00	
1994	-1.0180795565e+00	
1995	-1.0060956728e+00	
1996	-9.9411509814e-01	
1997	-9.8333226214e-01	
1998	-9.7294896448e-01	
1999	-9.6316918427e-01	
2000	-9.5420321156e-01	
2001	-9.4596839433e-01	
2002	-9.3830998997e-01	
2003	-9.3182153243e-01	
2004	-9.2612532168e-01	
2005	-9.2148318137e-01	
2006	-9.1784344373e-01	
2007	-9.1450024609e-01	
2008	-9.1232080890e-01	
2009	-9.1139897215e-01	
2010	-9.1111731006e-01	
2011	-9.1224049875e-01	
2012	-9.1408286700e-01	
2013	-9.1740068540e-01	
2014	-9.2231129517e-01	
2015	-9.2860653920e-01	
2016	-9.3620832213e-01	
2017	-9.4512293339e-01	
2018	-9.5540660257e-01	
2019	-9.6671822813e-01	
2020	-9.7837215249e-01	
2021	-9.9068689569e-01	
2022	-1.0035872478e+00	
2023	-1.0166439230e+00	
2024	-1.0297973568e+00	
2025	-1.0431430935e+00	
2026	-1.0561248234e+00	
2027	-1.0689065525e+00	
2028	-1.0816580911e+00	
2029	-1.0940431564e+00	
2030	-1.1064557474e+00	
2031	-1.1182174604e+00	
2032	-1.1297305296e+00	
2033	-1.1407839292e+00	
2034	-1.1512237817e+00	
2035	-1.1611445012e+00	
2036	-1.1702446191e+00	
2037	-1.1783847127e+00	
2038	-1.1859480145e+00	
2039	-1.1927763861e+00	
2040	-1.1987772864e+00	
2041	-1.2050444392e+00	
2042	-1.2109064722e+00	
2043	-1.2160840674e+00	
2044	-1.2211627759e+00	
2045	-1.2256411342e+00	
2046	-1.2304440882e+00	
2047	-1.2341975429e+00	
2048	-1.2372047507e+00	
2049	-1.2399571651e+00	
2050	-1.2422978374e+00	
2051	-1.2445801705e+00	
2052	-1.2461511474e+00	
2053	-1.2475465561e+00	
2054	-1.2486560744e+00	
2055	-1.2495297399e+00	
2056	-1.2504657019e+00	
2057	-1.2512569111e+00	
2058	-1.2521279913e+00	
2059	-1.2529939768e+00	
2060	-1.2535703689e+00	
2061	-1.2546699799e+00	
2062	-1.2567014883e+00	
2063	-1.2591099333e+00	
2064	-1.2625328246e+00	
2065	-1.2661652888e+00	
2066	-1.2699128932e+00	
2067	-1.2732627295e+00	
2068	-1.2781737944e+00	
2069	-1.2832041884e+00	
2070	-1.2881379027e+00	
2071	-1.2921851062e+00	
2072	-1.2952165572e+00	
2073	-1.2989337175e+00	
2074	-1.3025406461e+00	
2075	-1.3058910462e+00	
2076	-1.3098111569e+00	
2077	-1.3142762365e+00	
2078	-1.3185376414e+00	
2079	-1.3233096982e+00	
2080	-1.3284887276e+00	
2081	-1.3327448353e+00	
2082	-1.3375812361e+00	
2083	-1.3426035798e+00	
2084	-1.3488761917e+00	
2085	-1.3546826918e+00	
2086	-1.3610195355e+00	
2087	-1.3660345991e+00	
2088	-1.3714104262e+00	
2089	-1.3746721399e+00	
2090	-1.3783366550e+00	
2091	-1.3820403545e+00	
2092	-1.3858232832e+00	
2093	-1.3888703421e+00	
2094	-1.3922309625e+00	
2095	-1.3944180542e+00	
2096	-1.3960708081e+00	
2097	-1.3987712420e+00	
2098	-1.4014150935e+00	
2099	-1.4034764791e+00	
2100	-1.4054062742e+00	
2101	-1.4070710873e+00	
2102	-1.4090161427e+00	
2103	-1.4116159646e+00	
2104	-1.4140455326e+00	
2105	-1.4166243492e+00	
2106	-1.4181376447e+00	
2107	-1.4198266749e+00	
2108	-1.4222418776e+00	
2109	-1.4234093520e+00	
2110	-1.4241902495e+00	
2111	-1.4259679057e+00	
2112	-1.4277547469e+00	
2113	-1.4291027565e+00	
2114	-1.4317614220e+00	
2115	-1.4345702506e+00	
2116	-1.4371410533e+00	
2117	-1.4396205048e+00	
2118	-1.4416021096e+00	
2119	-1.4440516120e+00	
2120	-1.4469938337e+00	
2121	-1.4491440146e+00	
2122	-1.4507963095e+00	
2123	-1.4529912313e+00	
2124	-1.4548580759e+00	
2125	-1.4566749093e+00	
2126	-1.4583130717e+00	
2127	-1.4594232776e+00	
2128	-1.4608810638e+00	
2129	-1.4614435211e+00	
2130	-1.4613580616e+00	
2131	-1.4613285301e+00	
2132	-1.4617060456e+00	
2133	-1.4607352616e+00	
2134	-1.4593413153e+00	
2135	-1.4585662344e+00	
2136	-1.4590852155e+00	
2137	-1.4603632940e+00	
2138	-1.4623155634e+00	
2139	-1.4617715084e+00	
2140	-1.4607043449e+00	
2141	-1.4591890109e+00	
2142	-1.4581556216e+00	
2143	-1.4571940211e+00	
2144	-1.4565945074e+00	
2145	-1.4545233448e+00	
2146	-1.4523397879e+00	
2147	-1.4506553107e+00	
2148	-1.4491856960e+00	
2149	-1.4476345143e+00	
2150	-1.4466137696e+00	
2151	-1.4447180408e+00	
2152	-1.4426606423e+00	
2153	-1.4400043023e+00	
2154	-1.4366037418e+00	
2155	-1.4349240918e+00	
2156	-1.4329040329e+00	
2157	-1.4304657921e+00	
2158	-1.4280685735e+00	
2159	-1.4256456791e+00	
2160	-1.4234933189e+00	
2161	-1.4217023031e+00	
2162	-1.4180293865e+00	
2163	-1.4137971484e+00	
2164	-1.4113860647e+00	
2165	-1.4095317977e+00	
2166	-1.4078506948e+00	
2167	-1.4065837351e+00	
2168	-1.4052651825e+00	
2169	-1.4051837361e+00	
2170	-1.4079244657e+00	
2171	-1.4098473881e+00	
2172	-1.4132129031e+00	
2173	-1.4165674464e+00	
2174	-1.4178601786e+00	
2175	-1.4182480911e+00	
2176	-1.4194959030e+00	
2177	-1.4224855216e+00	
2178	-1.4247452332e+00	
2179	-1.4265394619e+00	
2180	-1.4275754625e+00	
2181	-1.4294027152e+00	
2182	-1.4303580120e+00	
2183	-1.4291519259e+00	
2184	-1.4268565246e+00	
2185	-1.4246940503e+00	
2186	-1.4217253468e+00	
2187	-1.4178895180e+00	
2188	-1.4130699532e+00	
2189	-1.4088913369e+00	
2190	-1.4042080489e+00	
2191	-1.4000056594e+00	
2192	-1.3964272768e+00	
2193	-1.3916047969e+00	
2194	-1.3845068797e+00	
2195	-1.3745380134e+00	
2196	-1.3630930863e+00	
2197	-1.3512550583e+00	
2198	-1.3391505689e+00	
2199	-1.3224632899e+00	
2200	-1.3059825227e+00	
2201	-1.2865647871e+00	
2202	-1.2627792665e+00	
2203	-1.2391474049e+00	
2204	-1.2142380974e+00	
2205	-1.1834374632e+00	
2206	-1.1572552598e+00	
2207	-1.1258247531e+00	
2208	-1.0967798058e+00	
2209	-1.0664926622e+00	
2210	-1.0369256714e+00	
2211	-1.0117400480e+00	
2212	-9.8418523220e-01	
2213	-9.6140675218e-01	
2214	-9.3534672930e-01	
2215	-9.1377753981e-01	
2216	-8.9158776218e-01	
2217	-8.6891288714e-01	
2218	-8.4559106754e-01	
2219	-8.2103039889e-01	
2220	-7.9917616588e-01	
2221	-7.7638130972e-01	
2222	-7.5319940872e-01	
2223	-7.3204996057e-01	
2224	-7.1090680894e-01	
2225	-6.8744105852e-01	
2226	-6.6661881842e-01	
2227	-6.4335737017e-01	
2228	-6.2253506648e-01	
2229	-6.0310147194e-01	
2230	-5.8334725942e-01	
2231	-5.6498212910e-01	
2232	-5.4491725013e-01	
2233	-5.2741908238e-01	
2234	-5.1137497397e-01	
2235	-4.9793507940e-01	
2236	-4.8524204679e-01	
2237	-4.7408277414e-01	
2238	-4.6355750525e-01	
2239	-4.5623204163e-01	
2240	-4.4756303121e-01	
2241	-4.4177109607e-01	
2242	-4.3672206824e-01	
2243	-4.3299305916e-01	
2244	-4.3170916468e-01	
2245	-4.3124349560e-01	
2246	-4.3033457311e-01	
2247	-4.2987151265e-01	
2248	-4.2939929509e-01	
2249	-4.3011554516e-01	
2250	-4.2997457120e-01	
2251	-4.3077566320e-01	
2252	-4.3177163338e-01	
2253	-4.3341060020e-01	
2254	-4.3575710535e-01	
2255	-4.3920108835e-01	
2256	-4.4406015877e-01	
2257	-4.5009195897e-01	
2258	-4.5751246672e-01	
2259	-4.6799315611e-01	
2260	-4.8000007037e-01	
2261	-4.9405486743e-01	
2262	-5.1023513393e-01	
2263	-5.2828974619e-01	
2264	-5.4834954068e-01	
2265	-5.7054594524e-01	
2266	-5.9482133245e-01	
2267	-6.2094022143e-01	
2268	-6.4636777377e-01	
2269	-6.7252282844e-01	
2270	-6.9784755880e-01	
2271	-7.2194317011e-01	
2272	-7.4695262552e-01	
2273	-7.7323807803e-01	
2274	-7.9904220473e-01	
2275	-8.2443686945e-01	
2276	-8.5125497294e-01	
2277	-8.7665790534e-01	
2278	-9.0283580878e-01	
2279	-9.2759229919e-01	
2280	-9.5088959521e-01	
2281	-9.7306211992e-01	
2282	-9.9528227488e-01	
2283	-1.0156112448e+00	
2284	-1.0348064085e+00	
2285	-1.0516353553e+00	
2286	-1.0667298407e+00	
2287	-1.0801557814e+00	
2288	-1.0909801722e+00	
2289	-1.0996354192e+00	
2290	-1.1083108205e+00	
2291	-1.1168743101e+00	
2292	-1.1236641819e+00	
2293	-1.1288867938e+00	
2294	-1.1333397359e+00	
2295	-1.1356512170e+00	
2296	-1.1377107147e+00	
2297	-1.1384807186e+00	
2298	-1.1382064889e+00	
2299	-1.1358381215e+00	
2300	-1.1321242306e+00	
2301	-1.1277213014e+00	
2302	-1.1245283863e+00	
2303	-1.1215060290e+00	
2304	-1.1179888696e+00	
2305	-1.1127824191e+00	
2306	-1.1065443925e+00	
2307	-1.0997724287e+00	
2308	-1.0912168594e+00	
2309	-1.0819823453e+00	
2310	-1.0720841357e+00	
2311	-1.0609345800e+00	
2312	-1.0496599925e+00	
2313	-1.0368077736e+00	
2314	-1.0227819604e+00	
2315	-1.0084871989e+00	
2316	-9.9464200602e-01	
2317	-9.8067994025e-01	
2318	-9.6782894543e-01	
2319	-9.5588370306e-01	
2320	-9.4386756910e-01	
2321	-9.3232205147e-01	
2322	-9.2239281248e-01	
2323	-9.1325237952e-01	
2324	-9.0482653696e-01	
2325	-8.9763056159e-01	
2326	-8.9148114056e-01	
2327	-8.8641702264e-01	
2328	-8.8199906239e-01	
2329	-8.7912267284e-01	
2330	-8.7709394525e-01	
2331	-8.7621715319e-01	
2332	-8.7688977184e-01	
2333	-8.7836920199e-01	
2334	-8.8115487097e-01	
2335	-8.8565453368e-01	
2336	-8.9169567824e-01	
2337	-8.9938889300e-01	
2338	-9.0892685451e-01	
2339	-9.2000704450e-01	
2340	-9.3221225623e-01	
2341	-9.4509047943e-01	
2342	-9.5881770430e-01	
2343	-9.7313805968e-01	
2344	-9.8714716203e-01	
2345	-1.0016502266e+00	
2346	-1.0159863578e+00	
2347	-1.0306035874e+00	
2348	-1.0449139080e+00	
2349	-1.0592277512e+00	
2350	-1.0733882672e+00	
2351	-1.0869805498e+00	
2352	-1.1006143702e+00	
2353	-1.1132057867e+00	
2354	-1.1259991341e+00	
2355	-1.1384361974e+00	
2356	-1.1492149705e+00	
2357	-1.1600629472e+00	
2358	-1.1708570663e+00	
2359	-1.1803442970e+00	
2360	-1.1892930849e+00	
2361	-1.1963133891e+00	
2362	-1.2025718853e+00	
2363	-1.2073114227e+00	
2364	-1.2113594261e+00	
2365	-1.2152420299e+00	
2366	-1.2184557317e+00	
2367	-1.2211643968e+00	
2368	-1.2231373776e+00	
2369	-1.2242016758e+00	
2370	-1.2252443554e+00	
2371	-1.2262190285e+00	
2372	-1.2272685051e+00	
2373	-1.2279081886e+00	
2374	-1.2281031738e+00	
2375	-1.2279890595e+00	
2376	-1.2280560776e+00	
2377	-1.2286211965e+00	
2378	-1.2298693326e+00	
2379	-1.2315951118e+00	
2380	-1.2341037942e+00	
2381	-1.2372681167e+00	
2382	-1.2406487183e+00	
2383	-1.2432012875e+00	
2384	-1.2465734017e+00	
2385	-1.2504137401e+00	
2386	-1.2541898773e+00	
2387	-1.2584610251e+00	
2388	-1.2611662092e+00	
2389	-1.2646950692e+00	
2390	-1.2681837174e+00	
2391	-1.2713177431e+00	
2392	-1.2744473099e+00	
2393	-1.2779931039e+00	
2394	-1.2816907933e+00	
2395	-1.2858112803e+00	
2396	-1.2906161966e+00	
2397	-1.2951045159e+00	
2398	-1.2990192547e+00	
2399	-1.3034168021e+00	
2400	-1.3087288854e+00	
2401	-1.3151914101e+00	
2402	-1.3211231542e+00	
2403	-1.3263647342e+00	
2404	-1.3312557704e+00	
2405	-1.3347965894e+00	
2406	-1.3385841424e+00	
2407	-1.3420572902e+00	
2408	-1.3454143167e+00	
2409	-1.3484884171e+00	
2410	-1.3506307924e+00	
2411	-1.3530749321e+00	
2412	-1.3562795595e+00	
2413	-1.3592472257e+00	
2414	-1.3612261614e+00	
2415	-1.3629659367e+00	
2416	-1.3650266629e+00	
2417	-1.3677489223e+00	
2418	-1.3697894385e+00	
2419	-1.3721915061e+00	
2420	-1.3745233923e+00	
2421	-1.3763773650e+00	
2422	-1.3790722350e+00	
2423	-1.3809809790e+00	
2424	-1.3821411655e+00	
2425	-1.3840498846e+00	
2426	-1.3854977028e+00	
2427	-1.3865648481e+00	
2428	-1.3896255492e+00	
2429	-1.3933323661e+00	
2430	-1.3956985789e+00	
2431	-1.3979344382e+00	
2432	-1.4009165098e+00	
2433	-1.4040766053e+00	
2434	-1.4063716325e+00	
2435	-1.4088725021e+00	
2436	-1.4116364296e+00	
2437	-1.4143394419e+00	
2438	-1.4173084876e+00	
2439	-1.4197062627e+00	
2440	-1.4220057281e+00	
2441	-1.4237862975e+00	
2442	-1.4257594290e+00	
2443	-1.4276631166e+00	
2444	-1.4291310709e+00	
2445	-1.4302742353e+00	
2446	-1.4315197339e+00	
2447	-1.4313074094e+00	
2448	-1.4307124720e+00	
2449	-1.4312320493e+00	
2450	-1.4319451207e+00	
2451	-1.4322550468e+00	
2452	-1.4325398469e+00	
2453	-1.4338900247e+00	
2454	-1.4342659483e+00	
2455	-1.4357137729e+00	
2456	-1.4351462018e+00	
2457	-1.4332173137e+00	
2458	-1.4313524931e+00	
2459	-1.4286427540e+00	
2460	-1.4268809585e+00	
2461	-1.4247421686e+00	
2462	-1.4229900888e+00	
2463	-1.4206474660e+00	
2464	-1.4192223281e+00	
2465	-1.4166869968e+00	
2466	-1.4137896428e+00	
2467	-1.4106298431e+00	
2468	-1.4078116883e+00	
2469	-1.4045290925e+00	
2470	-1.4016536565e+00	
2471	-1.3987824092e+00	
2472	-1.3951982255e+00	
2473	-1.3916334772e+00	
2474	-1.3878018263e+00	
2475	-1.3844067980e+00	
2476	-1.3818482076e+00	
2477	-1.3779681424e+00	
2478	-1.3727572215e+00	
2479	-1.3683979661e+00	
2480	-1.3646943111e+00	
2481	-1.3613990424e+00	
2482	-1.3584676201e+00	
2483	-1.3576856824e+00	
2484	-1.3586093764e+00	
2485	-1.3576564587e+00	
2486	-1.3588328028e+00	
2487	-1.3590234578e+00	
2488	-1.3595736592e+00	
2489	-1.3613923259e+00	
2490	-1.3627706240e+00	
2491	-1.3648017891e+00	
2492	-1.3684240073e+00	
2493	-1.3706739701e+00	
2494	-1.3732032411e+00	
2495	-1.3768106229e+00	
2496	-1.3781758929e+00	
2497	-1.3799695556e+00	
2498	-1.3814611837e+00	
2499	-1.3815292890e+00	
2500	-1.3809091776e+00	
2501	-1.3801998579e+00	
2502	-1.3781653580e+00	
2503	-1.3766314160e+00	
2504	-1.3729252924e+00	
2505	-1.3712099526e+00	
2506	-1.3693131233e+00	
2507	-1.3654253485e+00	
2508	-1.3623775592e+00	
2509	-1.3561587452e+00	
2510	-1.3491025622e+00	
2511	-1.3400544206e+00	
2512	-1.3302850429e+00	
2513	-1.3205791725e+00	
2514	-1.3061714855e+00	
2515	-1.2943045859e+00	
2516	-1.2765580511e+00	
2517	-1.2541277559e+00	
2518	-1.2351856110e+00	
2519	-1.2116676414e+00	
2520	-1.1894045912e+00	
2521	-1.1597278181e+00	
2522	-1.1292286490e+00	
2523	-1.0985211980e+00	
2524	-1.0678641938e+00	
2525	-1.0424555824e+00	
2526	-1.0134607320e+00	
2527	-9.8999422192e-01	
2528	-9.6275840057e-01	
2529	-9.4135203878e-01	
2530	-9.1775207536e-01	
2531	-8.9491398738e-01	
2532	-8.6921037211e-01	
2533	-8.4852291528e-01	
2534	-8.2341054967e-01	
2535	-8.0262022589e-01	
2536	-7.8037853935e-01	
2537	-7.5714044408e-01	
2538	-7.3755616112e-01	
2539	-7.1329362833e-01	
2540	-6.9101249841e-01	
2541	-6.6977867648e-01	
2542	-6.4617514674e-01	
2543	-6.2837415025e-01	
2544	-6.0773668475e-01	
2545	-5.8811060304e-01	
2546	-5.7006844280e-01	
2547	-5.5180172556e-01	
2548	-5.3556328039e-01	
2549	-5.2037475735e-01	
2550	-5.0719592423e-01	
2551	-4.9497355581e-01	
2552	-4.8496651285e-01	
2553	-4.7492587685e-01	
2554	-4.6681898404e-01	
2555	-4.6010517222e-01	
2556	-4.5382807871e-01	
2557	-4.5033268504e-01	
2558	-4.4606501752e-01	
2559	-4.4382206993e-01	
2560	-4.4298253248e-01	
2561	-4.4170593244e-01	
2562	-4.4078905645e-01	
2563	-4.3989631304e-01	
2564	-4.3987470889e-01	
2565	-4.3994276407e-01	
2566	-4.4098402523e-01	
2567	-4.4097796085e-01	
2568	-4.4194458859e-01	
2569	-4.4424995937e-01	
2570	-4.4763934933e-01	
2571	-4.5166573788e-01	
2572	-4.5723746548e-01	
2573	-4.6527825992e-01	
2574	-4.7419663519e-01	
2575	-4.8572707516e-01	
2576	-4.9887630087e-01	
2577	-5.1349496912e-01	
2578	-5.3102748292e-01	
2579	-5.5089588417e-01	
2580	-5.7185407319e-01	
2581	-5.9402555100e-01	
2582	-6.1709290232e-01	
2583	-6.3885920790e-01	
2584	-6.6247052018e-01	
2585	-6.8663636781e-01	
2586	-7.0826368054e-01	
2587	-7.2959880712e-01	
2588	-7.5218006756e-01	
2589	-7.7397560933e-01	
2590	-7.9454459538e-01	
2591	-8.1639400273e-01	
2592	-8.3659706727e-01	
2593	-8.5750548262e-01	
2594	-8.7909998345e-01	
2595	-9.0067027966e-01	
2596	-9.1942284878e-01	
2597	-9.3856911535e-01	
2598	-9.5761174593e-01	
2599	-9.7541252806e-01	
2600	-9.9069147275e-01	
2601	-1.0058780318e+00	
2602	-1.0194777150e+00	
2603	-1.0296123181e+00	
2604	-1.0401019557e+00	
2605	-1.0497343685e+00	
2606	-1.0589964794e+00	
2607	-1.0659673256e+00	
2608	-1.0720281435e+00	
2609	-1.0761634953e+00	
2610	-1.0799084542e+00	
2611	-1.0826464228e+00	
2612	-1.0845485250e+00	
2613	-1.0853776225e+00	
2614	-1.0831215432e+00	
2615	-1.0803089690e+00	
2616	-1.0771593566e+00	
2617	-1.0742119932e+00	
2618	-1.0717991938e+00	
2619	-1.0681601651e+00	
2620	-1.0636145795e+00	
2621	-1.0578060215e+00	
2622	-1.0512030632e+00	
2623	-1.0433484638e+00	
2624	-1.0348011154e+00	
2625	-1.0247307843e+00	
2626	-1.0145230395e+00	
2627	-1.0035744162e+00	
2628	-9.9273909547e-01	
2629	-9.8064167281e-01	
2630	-9.6793423003e-01	
2631	-9.5611059278e-01	
2632	-9.4497936631e-01	
2633	-9.3449009833e-01	
2634	-9.2470398094e-01	
2635	-9.1506712621e-01	
2636	-9.0651397069e-01	
2637	-8.9879656396e-01	
2638	-8.9173365995e-01	
2639	-8.8528685231e-01	
2640	-8.7964668212e-01	
2641	-8.7503279295e-01	
2642	-8.7121201619e-01	
2643	-8.6838110666e-01	
2644	-8.6639227375e-01	
2645	-8.6506354216e-01	
2646	-8.6497894284e-01	
2647	-8.6612749233e-01	
2648	-8.6840292597e-01	
2649	-8.7204613545e-01	
2650	-8.7732451943e-01	
2651	-8.8413785272e-01	
2652	-8.9277986258e-01	
2653	-9.0289259378e-01	
2654	-9.1468436258e-01	
2655	-9.2716620856e-01	
2656	-9.4048555275e-01	
2657	-9.5457439715e-01	
2658	-9.6900228712e-01	
2659	-9.8319471268e-01	
2660	-9.9778411141e-01	
2661	-1.0126230119e+00	
2662	-1.0275069978e+00	
2663	-1.0421293594e+00	
2664	-1.0562412960e+00	
2665	-1.0699446237e+00	
2666	-1.0833363759e+00	
2667	-1.0963050019e+00	
2668	-1.1088101612e+00	
2669	-1.1205438915e+00	
2670	-1.1321480030e+00	
2671	-1.1422036332e+00	
2672	-1.1521150732e+00	
2673	-1.1614747865e+00	
2674	-1.1701946500e+00	
2675	-1.1780707435e+00	
2676	-1.1850823361e+00	
2677	-1.1911915331e+00	
2678	-1.1957478012e+00	
2679	-1.1999552132e+00	
2680	-1.2037924978e+00	
2681	-1.2073256568e+00	
2682	-1.2098353414e+00	
2683	-1.2118240901e+00	
2684	-1.2132148516e+00	
2685	-1.2143473182e+00	
2686	-1.2157760758e+00	
2687	-1.2167864674e+00	
2688	-1.2172439546e+00	
2689	-1.2174580467e+00	
2690	-1.2180457786e+00	
2691	-1.2192341547e+00	
2692	-1.2204765431e+00	
2693	-1.2218100958e+00	
2694	-1.2239821152e+00	
2695	-1.2265601647e+00	
2696	-1.2307163842e+00	
2697	-1.2338086356e+00	
2698	-1.2361999748e+00	
2699	-1.2393220033e+00	
2700	-1.2432676022e+00	
2701	-1.2475359935e+00	
2702	-1.2508841011e+00	
2703	-1.2545016503e+00	
2704	-1.2581681245e+00	
2705	-1.2619968824e+00	
2706	-1.2651334665e+00	
2707	-1.2687640009e+00	
2708	-1.2723158808e+00	
2709	-1.2764169117e+00	
2710	-1.2809427503e+00	
2711	-1.2852974909e+00	
2712	-1.2894133419e+00	
2713	-1.2940918811e+00	
2714	-1.2998573359e+00	
2715	-1.3059760550e+00	
2716	-1.3114290657e+00	
2717	-1.3164546857e+00	
2718	-1.3211890337e+00	
2719	-1.3243240325e+00	
2720	-1.3280175675e+00	
2721	-1.3314231992e+00	
2722	-1.3347556481e+00	
2723	-1.3378281607e+00	
2724	-1.3397861281e+00	
2725	-1.3425674732e+00	
2726	-1.3459823531e+00	
2727	-1.3486139632e+00	
2728	-1.3507416806e+00	
2729	-1.3524409194e+00	
2730	-1.3543613035e+00	
2731	-1.3570707121e+00	
2732	-1.3591619346e+00	
2733	-1.3618865580e+00	
2734	-1.3641025252e+00	
2735	-1.3662249569e+00	
2736	-1.3693866008e+00	
2737	-1.3707218777e+00	
2738	-1.3718330074e+00	
2739	-1.3740186523e+00	
2740	-1.3750820120e+00	
2741	-1.3762814204e+00	
2742	-1.3792137449e+00	
2743	-1.3827442768e+00	
2744	-1.3849483731e+00	
2745	-1.3871774197e+00	
2746	-1.3902171630e+00	
2747	-1.3932800722e+00	
2748	-1.3956210359e+00	
2749	-1.3981015738e+00	
2750	-1.4006650994e+00	
2751	-1.4035722256e+00	
2752	-1.4063184499e+00	
2753	-1.4088654507e+00	
2754	-1.4112607511e+00	
2755	-1.4133657909e+00	
2756	-1.4155603067e+00	
2757	-1.4174396477e+00	
2758	-1.4186708589e+00	
2759	-1.4202962851e+00	
2760	-1.4208285153e+00	
2761	-1.4201042129e+00	
2762	-1.4201924735e+00	
2763	-1.4211738924e+00	
2764	-1.4216063648e+00	
2765	-1.4221980534e+00	
2766	-1.4236317479e+00	
2767	-1.4240615888e+00	
2768	-1.4260085259e+00	
2769	-1.4260976127e+00	
2770	-1.4250597065e+00	
2771	-1.4236606863e+00	
2772	-1.4215156209e+00	
2773	-1.4191955904e+00	
2774	-1.4174640191e+00	
2775	-1.4152704913e+00	
2776	-1.4130237193e+00	
2777	-1.4116234125e+00	
2778	-1.4098141135e+00	
2779	-1.4078649303e+00	
2780	-1.4050024420e+00	
2781	-1.4028988151e+00	
2782	-1.3999814802e+00	
2783	-1.3977604245e+00	
2784	-1.3945293646e+00	
2785	-1.3912850271e+00	
2786	-1.3881855073e+00	
2787	-1.3845997055e+00	
2788	-1.3813260495e+00	
2789	-1.3793780089e+00	
2790	-1.3767729174e+00	
2791	-1.3725193685e+00	
2792	-1.3673075552e+00	
2793	-1.3635618187e+00	
2794	-1.3600145528e+00	
2795	-1.3572078344e+00	
2796	-1.3556959920e+00	
2797	-1.3560744996e+00	
2798	-1.3550777957e+00	
2799	-1.3565456659e+00	
2800	-1.3568908844e+00	
2801	-1.3570938512e+00	
2802	-1.3590359197e+00	
2803	-1.3602637145e+00	
2804	-1.3616901141e+00	
2805	-1.3656062988e+00	
2806	-1.3675091351e+00	
2807	-1.3700777847e+00	
2808	-1.3730873138e+00	
2809	-1.3749844491e+00	
2810	-1.3769383615e+00	
2811	-1.3782621241e+00	
2812	-1.3784558638e+00	
2813	-1.3779252701e+00	
2814	-1.3776661110e+00	
2815	-1.3753249078e+00	
2816	-1.3736718392e+00	
2817	-1.3700750205e+00	
2818	-1.3684503653e+00	
2819	-1.3671379563e+00	
2820	-1.3646955163e+00	
2821	-1.3623687254e+00	
2822	-1.3573384481e+00	
2823	-1.3502088173e+00	
2824	-1.3422191132e+00	
2825	-1.3326105553e+00	
2826	-1.3228855366e+00	
2827	-1.3103470144e+00	
2828	-1.2976218774e+00	
2829	-1.2824105378e+00	
2830	-1.2606307735e+00	
2831	-1.2403515261e+00	
2832	-1.2190134357e+00	
2833	-1.1919630678e+00	
2834	-1.1678126290e+00	
2835	-1.1385926646e+00	
2836	-1.1099604756e+00	
2837	-1.0803895640e+00	
2838	-1.0547264170e+00	
2839	-1.0278719717e+00	
2840	-1.0041833494e+00	
2841	-9.7739179907e-01	
2842	-9.5598767082e-01	
2843	-9.3362678072e-01	
2844	-9.1292793457e-01	
2845	-8.8945768498e-01	
2846	-8.6721787900e-01	
2847	-8.4345343839e-01	
2848	-8.2176995658e-01	
2849	-8.0179345148e-01	
2850	-7.7691109638e-01	
2851	-7.5723279787e-01	
2852	-7.3440315285e-01	
2853	-7.1102357226e-01	
2854	-6.9056266075e-01	
2855	-6.6661623621e-01	
2856	-6.4765057481e-01	
2857	-6.2763710073e-01	
2858	-6.0669542124e-01	
2859	-5.8958304765e-01	
2860	-5.6997062417e-01	
2861	-5.5292489812e-01	
2862	-5.3690358508e-01	
2863	-5.2352006737e-01	
2864	-5.1044991281e-01	
2865	-4.9935424578e-01	
2866	-4.8881834440e-01	
2867	-4.8116538876e-01	
2868	-4.7428422173e-01	
2869	-4.6755891019e-01	
2870	-4.6277471440e-01	
2871	-4.5844408493e-01	
2872	-4.5668816273e-01	
2873	-4.5557343320e-01	
2874	-4.5391284679e-01	
2875	-4.5306814198e-01	
2876	-4.5243551533e-01	
2877	-4.5186114654e-01	
2878	-4.5185825550e-01	
2879	-4.5192938937e-01	
2880	-4.5216375273e-01	
2881	-4.5294523760e-01	
2882	-4.5451754922e-01	
2883	-4.5745339265e-01	
2884	-4.6149273277e-01	
2885	-4.6688749811e-01	
2886	-4.7436395039e-01	
2887	-4.8299852384e-01	
2888	-4.9421795930e-01	
2889	-5.0659730916e-01	
2890	-5.2119325508e-01	
2891	-5.3867973909e-01	
2892	-5.5820502099e-01	
2893	-5.7895269679e-01	
2894	-6.0060905324e-01	
2895	-6.2374769230e-01	
2896	-6.4526576756e-01	
2897	-6.6856697296e-01	
2898	-6.9230064654e-01	
2899	-7.1326350136e-01	
2900	-7.3480327088e-01	
2901	-7.5719259615e-01	
2902	-7.7821149893e-01	
2903	-7.9905911527e-01	
2904	-8.2004518824e-01	
2905	-8.3948872317e-01	
2906	-8.6087634242e-01	
2907	-8.8210457292e-01	
2908	-9.0294490400e-01	
2909	-9.2228543524e-01	
2910	-9.4112492625e-01	
2911	-9.5931787715e-01	
2912	-9.7665448242e-01	
2913	-9.9245663634e-01	
2914	-1.0076603177e+00	
2915	-1.0213370579e+00	
2916	-1.0311178390e+00	
2917	-1.0413084046e+00	
2918	-1.0505794114e+00	
2919	-1.0593771877e+00	
2920	-1.0663905026e+00	
2921	-1.0729154533e+00	
2922	-1.0761315009e+00	
2923	-1.0798511139e+00	
2924	-1.0823469835e+00	
2925	-1.0837915940e+00	
2926	-1.0845255796e+00	
2927	-1.0826087181e+00	
2928	-1.0797530430e+00	
2929	-1.0760260310e+00	
2930	-1.0726843500e+00	
2931	-1.0702799544e+00	
2932	-1.0663901163e+00	
2933	-1.0616790277e+00	
2934	-1.0557312612e+00	
2935	-1.0487395092e+00	
2936	-1.0411292817e+00	
2937	-1.0319987321e+00	
2938	-1.0218796299e+00	
2939	-1.0115195498e+00	
2940	-1.0001315627e+00	
2941	-9.8931417236e-01	
2942	-9.7703857270e-01	
2943	-9.6426344026e-01	
2944	-9.5211574967e-01	
2945	-9.4097205128e-01	
2946	-9.3024282237e-01	
2947	-9.2027709336e-01	
2948	-9.1054363111e-01	
2949	-9.0187074834e-01	
2950	-8.9393835826e-01	
2951	-8.8675443725e-01	
2952	-8.7999720528e-01	
2953	-8.7419558179e-01	
2954	-8.6922144961e-01	
2955	-8.6502523960e-01	
2956	-8.6193670709e-01	
2957	-8.5974071551e-01	
2958	-8.5785828256e-01	
2959	-8.5734977657e-01	
2960	-8.5808792918e-01	
2961	-8.5996677096e-01	
2962	-8.6338485347e-01	
2963	-8.6822550906e-01	
2964	-8.7463566064e-01	
2965	-8.8268778255e-01	
2966	-8.9265816961e-01	
2967	-9.0425632294e-01	
2968	-9.1649545336e-01	
2969	-9.2970831643e-01	
2970	-9.4369405762e-01	
2971	-9.5811586009e-01	
2972	-9.7237085424e-01	
2973	-9.8711165945e-01	
2974	-1.0020847570e+00	
2975	-1.0169854042e+00	
2976	-1.0319181359e+00	
2977	-1.0459547954e+00	
2978	-1.0600336420e+00	
2979	-1.0735527786e+00	
2980	-1.0864243765e+00	
2981	-1.0995905078e+00	
2982	-1.1113814504e+00	
2983	-1.1225519664e+00	
2984	-1.1336368125e+00	
2985	-1.1439450242e+00	
2986	-1.1539527522e+00	
2987	-1.1624089035e+00	
2988	-1.1703499762e+00	
2989	-1.1762779752e+00	
2990	-1.1813561313e+00	
2991	-1.1863255081e+00	
2992	-1.1907101451e+00	
2993	-1.1944074609e+00	
2994	-1.1973847941e+00	
2995	-1.1995284184e+00	
2996	-1.2014344191e+00	
2997	-1.2033016627e+00	
2998	-1.2045625715e+00	
2999	-1.2053324431e+00	
3000	-1.2060032304e+00	
3001	-1.2067668283e+00	
3002	-1.2078908314e+00	
3003	-1.2084382883e+00	
3004	-1.2100653153e+00	
3005	-1.2122178999e+00	
3006	-1.2145002498e+00	
3007	-1.2173999682e+00	
3008	-1.2210142066e+00	
3009	-1.2233424389e+00	
3010	-1.2259885559e+00	
3011	-1.2297586868e+00	
3012	-1.2345163679e+00	
3013	-1.2394389855e+00	
3014	-1.2441340652e+00	
3015	-1.2474374774e+00	
3016	-1.2510454043e+00	
3017	-1.2549513185e+00	
3018	-1.2579431035e+00	
3019	-1.2613334232e+00	
3020	-1.2647966231e+00	
3021	-1.2686858463e+00	
3022	-1.2734754306e+00	
3023	-1.2783433183e+00	
3024	-1.2832034171e+00	
3025	-1.2876323205e+00	
3026	-1.2925262833e+00	
3027	-1.2990690586e+00	
3028	-1.3056940858e+00	
3029	-1.3107307917e+00	
3030	-1.3152101139e+00	
3031	-1.3189878296e+00	
3032	-1.3229129781e+00	
3033	-1.3264223561e+00	
3034	-1.3297809084e+00	
3035	-1.3324945160e+00	
3036	-1.3350964054e+00	
3037	-1.3388583095e+00	
3038	-1.3419289724e+00	
3039	-1.3441554051e+00	
3040	-1.3464924954e+00	
3041	-1.3490490856e+00	
3042	-1.3509434396e+00	
3043	-1.3527391652e+00	
3044	-1.3556933423e+00	
3045	-1.3583713316e+00	
3046	-1.3603993701e+00	
3047	-1.3631921931e+00	
3048	-1.3648634718e+00	
3049	-1.3666982563e+00	
3050	-1.3689351750e+00	
3051	-1.3699658938e+00	
3052	-1.3718358346e+00	
3053	-1.3752389043e+00	
3054	-1.3776995080e+00	
3055	-1.3797466171e+00	
3056	-1.3824097228e+00	
3057	-1.3857091991e+00	
3058	-1.3879163746e+00	
3059	-1.3901210996e+00	
3060	-1.3928836846e+00	
3061	-1.3958151128e+00	
3062	-1.3986405081e+00	
3063	-1.4013616298e+00	
3064	-1.4037919571e+00	
3065	-1.4064010484e+00	
3066	-1.4085801043e+00	
3067	-1.4109264707e+00	
3068	-1.4131528363e+00	
3069	-1.4153138695e+00	
3070	-1.4174957227e+00	
3071	-1.4182178056e+00	
3072	-1.4184322259e+00	
3073	-1.4193018220e+00	
3074	-1.4199601326e+00	
3075	-1.4207482070e+00	
3076	-1.4215508437e+00	
3077	-1.4227839266e+00	
3078	-1.4243516875e+00	
3079	-1.4255082340e+00	
3080	-1.4254478367e+00	
3081	-1.4249955509e+00	
3082	-1.4242178300e+00	
3083	-1.4227607894e+00	
3084	-1.4209359124e+00	
3085	-1.4192785192e+00	
3086	-1.4173899802e+00	
3087	-1.4154171011e+00	
3088	-1.4135083375e+00	
3089	-1.4113053092e+00	
3090	-1.4099281608e+00	
3091	-1.4087283665e+00	
3092	-1.4064213763e+00	
3093	-1.4035116306e+00	
3094	-1.3999245607e+00	
3095	-1.3967993971e+00	
3096	-1.3935250841e+00	
3097	-1.3898983175e+00	
3098	-1.3868874818e+00	
3099	-1.3829573928e+00	
3100	-1.3801437143e+00	
3101	-1.3777471251e+00	
3102	-1.3750332704e+00	
3103	-1.3709537303e+00	
3104	-1.3659536965e+00	
3105	-1.3619623024e+00	
3106	-1.3590316114e+00	
3107	-1.3573258493e+00	
3108	-1.3557564887e+00	
3109	-1.3561330868e+00	
3110	-1.3546406655e+00	
3111	-1.3552290701e+00	
3112	-1.3544120297e+00	
3113	-1.3555896171e+00	
3114	-1.3566262750e+00	
3115	-1.3580546967e+00	
3116	-1.3602259617e+00	
3117	-1.3625802355e+00	
3118	-1.3643330690e+00	
3119	-1.3669082106e+00	
3120	-1.3683043848e+00	
3121	-1.3706600531e+00	
3122	-1.3713200565e+00	
3123	-1.3718882409e+00	
3124	-1.3721499124e+00	
3125	-1.3720415957e+00	
3126	-1.3703007180e+00	
3127	-1.3688604374e+00	
3128	-1.3662987553e+00	
3129	-1.3635180028e+00	
3130	-1.3622485589e+00	
3131	-1.3601959752e+00	
3132	-1.3575239574e+00	
3133	-1.3543203876e+00	
3134	-1.3492665836e+00	
3135	-1.3418508120e+00	
3136	-1.3344562067e+00	
3137	-1.3250863201e+00	
3138	-1.3149384153e+00	
3139	-1.3029060671e+00	
3140	-1.2908793829e+00	
3141	-1.2736084130e+00	
3142	-1.2514725309e+00	
3143	-1.2305509663e+00	
3144	-1.2090732931e+00	
3145	-1.1866027190e+00	
3146	-1.1582882571e+00	
3147	-1.1297368286e+00	
3148	-1.1000720982e+00	
3149	-1.0723481476e+00	
3150	-1.0483423415e+00	
3151	-1.0215116074e+00	
3152	-9.9848449294e-01	
3153	-9.7184773690e-01	
3154	-9.5093117685e-01	
3155	-9.2709929045e-01	
3156	-9.0563367389e-01	
3157	-8.8062082572e-01	
3158	-8.5986705907e-01	
3159	-8.3622026676e-01	
3160	-8.1531889468e-01	
3161	-7.9237326325e-01	
3162	-7.6988469241e-01	
3163	-7.4940233711e-01	
3164	-7.2470808691e-01	
3165	-7.0293521214e-01	
3166	-6.8095534442e-01	
3167	-6.5851817587e-01	
3168	-6.4077068398e-01	
3169	-6.1938937109e-01	
3170	-6.0132325373e-01	
3171	-5.8222993882e-01	
3172	-5.6481268651e-01	
3173	-5.4799221526e-01	
3174	-5.3448461386e-01	
3175	-5.2033531632e-01	
3176	-5.0856353718e-01	
3177	-4.9801955303e-01	
3178	-4.8968343182e-01	
3179	-4.8169211744e-01	
3180	-4.7507414828e-01	
3181	-4.6912337884e-01	
3182	-4.6572985458e-01	
3183	-4.6277043238e-01	
3184	-4.6088536122e-01	
3185	-4.5965093153e-01	
3186	-4.5828797983e-01	
3187	-4.5735837244e-01	
3188	-4.5655890187e-01	
3189	-4.5620511855e-01	
3190	-4.5594801247e-01	
3191	-4.5611409407e-01	
3192	-4.5596964940e-01	
3193	-4.5703610339e-01	
3194	-4.6005745504e-01	
3195	-4.6309871302e-01	
3196	-4.6765213047e-01	
3197	-4.7439159296e-01	
3198	-4.8289023479e-01	
3199	-4.9250798481e-01	
3200	-5.0465301025e-01	
3201	-5.1873274025e-01	
3202	-5.3503560918e-01	
3203	-5.5375258882e-01	
3204	-5.7415928423e-01	
3205	-5.9632945089e-01	
3206	-6.1885207172e-01	
3207	-6.4151086147e-01	
3208	-6.6376558833e-01	
3209	-6.8777255359e-01	
3210	-7.1019718881e-01	
3211	-7.3293508197e-01	
3212	-7.5407019606e-01	
3213	-7.7594148303e-01	
3214	-7.9801897279e-01	
3215	-8.1828447640e-01	
3216	-8.3869398435e-01	
3217	-8.6082008513e-01	
3218	-8.8093766186e-01	
3219	-9.0232095849e-01	
3220	-9.2317319353e-01	
3221	-9.4154740767e-01	
3222	-9.6031129713e-01	
3223	-9.7797466768e-01	
3224	-9.9488388063e-01	
3225	-1.0097530911e+00	
3226	-1.0228766272e+00	
3227	-1.0341963586e+00	
3228	-1.0440918239e+00	
3229	-1.0532811631e+00	
3230	-1.0619610091e+00	
3231	-1.0694121013e+00	
3232	-1.0756500282e+00	
3233	-1.0788395644e+00	
3234	-1.0825520981e+00	
3235	-1.0850573551e+00	
3236	-1.0863531132e+00	
3237	-1.0870727139e+00	
3238	-1.0853471781e+00	
3239	-1.0824546806e+00	
3240	-1.0786321011e+00	
3241	-1.0751986619e+00	
3242	-1.0729679235e+00	
3243	-1.0691437872e+00	
3244	-1.0642998125e+00	
3245	-1.0582568035e+00	
3246	-1.0512480018e+00	
3247	-1.0435874154e+00	
3248	-1.0344364739e+00	
3249	-1.0243733545e+00	
3250	-1.0138888184e+00	
3251	-1.0024985837e+00	
3252	-9.9122463703e-01	
3253	-9.7903654175e-01	
3254	-9.6595021545e-01	
3255	-9.5354663884e-01	
3256	-9.4208327439e-01	
3257	-9.3113691759e-01	
3258	-9.2099681115e-01	
3259	-9.1107933855e-01	
3260	-9.0199981148e-01	
3261	-8.9380083491e-01	
3262	-8.8636939857e-01	
3263	-8.7954973285e-01	
3264	-8.7347474649e-01	
3265	-8.6829903456e-01	
3266	-8.6379112181e-01	
3267	-8.6054436565e-01	
3268	-8.5824555127e-01	
3269	-8.5624793618e-01	
3270	-8.5540290799e-01	
3271	-8.5569992201e-01	
3272	-8.5732679326e-01	
3273	-8.6049779014e-01	
3274	-8.6498668832e-01	
3275	-8.7087976562e-01	
3276	-8.7874105035e-01	
3277	-8.8841549662e-01	
3278	-8.9962750765e-01	
3279	-9.1168410471e-01	
3280	-9.2492222172e-01	
3281	-9.3864905648e-01	
3282	-9.5317148347e-01	
3283	-9.6757979404e-01	
3284	-9.8236534320e-01	
3285	-9.9727975763e-01	
3286	-1.0126001720e+00	
3287	-1.0278637594e+00	
3288	-1.0424109084e+00	
3289	-1.0567386978e+00	
3290	-1.0701857862e+00	
3291	-1.0836644126e+00	
3292	-1.0969527443e+00	
3293	-1.1088415051e+00	
3294	-1.1207696302e+00	
3295	-1.1326451892e+00	
3296	-1.1438010567e+00	
3297	-1.1538670604e+00	
3298	-1.1623051915e+00	
3299	-1.1692109043e+00	
3300	-1.1747880549e+00	
3301	-1.1804250243e+00	
3302	-1.1852737282e+00	
3303	-1.1895262662e+00	
3304	-1.1928439954e+00	
3305	-1.1957124721e+00	
3306	-1.1977883982e+00	
3307	-1.1998801392e+00	
3308	-1.2018583838e+00	
3309	-1.2027566352e+00	
3310	-1.2032544999e+00	
3311	-1.2041561383e+00	
3312	-1.2055427770e+00	
3313	-1.2068692095e+00	
3314	-1.2078764518e+00	
3315	-1.2097319378e+00	
3316	-1.2121281573e+00	
3317	-1.2146605909e+00	
3318	-1.2183673439e+00	
3319	-1.2218178411e+00	
3320	-1.2233946725e+00	
3321	-1.2261785342e+00	
3322	-1.2299473678e+00	
3323	-1.2346080067e+00	
3324	-1.2396327186e+00	
3325	-1.2426910017e+00	
3326	-1.2462355167e+00	
3327	-1.2497709340e+00	
3328	-1.2532862335e+00	
3329	-1.2561078588e+00	
3330	-1.2593706422e+00	
3331	-1.2629420365e+00	
3332	-1.2671781279e+00	
3333	-1.2721686278e+00	
3334	-1.2769527536e+00	
3335	-1.2813525777e+00	
3336	-1.2861712926e+00	
3337	-1.2920938526e+00	
3338	-1.2985891546e+00	
3339	-1.3035621473e+00	
3340	-1.3080646654e+00	
3341	-1.3128447483e+00	
3342	-1.3162333142e+00	
3343	-1.3196696024e+00	
3344	-1.3232157273e+00	
3345	-1.3257343469e+00	
3346	-1.3286652761e+00	
3347	-1.3322387845e+00	
3348	-1.3351984927e+00	
3349	-1.3375636365e+00	
3350	-1.3399950527e+00	
3351	-1.3428684621e+00	
3352	-1.3446808096e+00	
3353	-1.3461010048e+00	
3354	-1.3487329140e+00	
3355	-1.3516343232e+00	
3356	-1.3537361866e+00	
3357	-1.3563089052e+00	
3358	-1.3584406754e+00	
3359	-1.3606478598e+00	
3360	-1.3631063483e+00	
3361	-1.3640585506e+00	
3362	-1.3661262169e+00	
3363	-1.3693631782e+00	
3364	-1.3714224736e+00	
3365	-1.3735235640e+00	
3366	-1.3765767014e+00	
3367	-1.3797919540e+00	
3368	-1.3819111902e+00	
3369	-1.3841944259e+00	
3370	-1.3869989693e+00	
3371	-1.3898147189e+00	
3372	-1.3926298018e+00	
3373	-1.3954363663e+00	
3374	-1.3979747320e+00	
3375	-1.4005859603e+00	
3376	-1.4030150995e+00	
3377	-1.4052231359e+00	
3378	-1.4076286868e+00	
3379	-1.4101223110e+00	
3380	-1.4119706017e+00	
3381	-1.4127204721e+00	
3382	-1.4132679052e+00	
3383	-1.4142660828e+00	
3384	-1.4149062698e+00	
3385	-1.4158238730e+00	
3386	-1.4167646750e+00	
3387	-1.4181402193e+00	
3388	-1.4197716730e+00	
3389	-1.4207186112e+00	
3390	-1.4204866897e+00	
3391	-1.4203676048e+00	
3392	-1.4199576309e+00	
3393	-1.4178657752e+00	
3394	-1.4164354267e+00	
3395	-1.4145946666e+00	
3396	-1.4122463683e+00	
3397	-1.4103356157e+00	
3398	-1.4079123405e+00	
3399	-1.4063465592e+00	
3400	-1.4057936030e+00	
3401	-1.4052236319e+00	
3402	-1.4028917068e+00	
3403	-1.3996904660e+00	
3404	-1.3961630840e+00	
3405	-1.3926690629e+00	
3406	-1.3894047511e+00	
3407	-1.3853162069e+00	
3408	-1.3821626355e+00	
3409	-1.3788042978e+00	
3410	-1.3759313588e+00	
3411	-1.3728263706e+00	
3412	-1.3704176046e+00	
3413	-1.3667025662e+00	
3414	-1.3615501677e+00	
3415	-1.3568488460e+00	
3416	-1.3537153966e+00	
3417	-1.3513362865e+00	
3418	-1.3493792246e+00	
3419	-1.3490673617e+00	
3420	-1.3481190332e+00	
3421	-1.3485642954e+00	
3422	-1.3478627132e+00	
3423	-1.3490081764e+00	
3424	-1.3494847985e+00	
3425	-1.3506405017e+00	
3426	-1.3534071841e+00	
3427	-1.3551939070e+00	
3428	-1.3572357776e+00	
3429	-1.3601234672e+00	
3430	-1.3613450712e+00	
3431	-1.3635230142e+00	
3432	-1.3643887894e+00	
3433	-1.3659722153e+00	
3434	-1.3662410581e+00	
3435	-1.3660041353e+00	
3436	-1.3652748884e+00	
3437	-1.3634032930e+00	
3438	-1.3597620685e+00	
3439	-1.3573538519e+00	
3440	-1.3557880196e+00	
3441	-1.3545308026e+00	
3442	-1.3515655150e+00	
3443	-1.3488516612e+00	
3444	-1.3446755726e+00	
3445	-1.3371090125e+00	
3446	-1.3300771354e+00	
3447	-1.3206740899e+00	
3448	-1.3108231974e+00	
3449	-1.2992200717e+00	
3450	-1.2868662179e+00	
3451	-1.2713652438e+00	
3452	-1.2497464705e+00	
3453	-1.2296357109e+00	
3454	-1.2091287731e+00	
3455	-1.1858642139e+00	
3456	-1.1581884524e+00	
3457	-1.1299936722e+00	
3458	-1.1009441680e+00	
3459	-1.0725271203e+00	
3460	-1.0482310745e+00	
3461	-1.0209360723e+00	
3462	-9.9780824394e-01	
3463	-9.7117843234e-01	
3464	-9.5050793394e-01	
3465	-9.2700289213e-01	
3466	-9.0633074622e-01	
3467	-8.8089260547e-01	
3468	-8.6009644795e-01	
3469	-8.3636539293e-01	
3470	-8.1649607169e-01	
3471	-7.9221409218e-01	
3472	-7.6955476528e-01	
3473	-7.4908225436e-01	
3474	-7.2510517675e-01	
3475	-7.0442817997e-01	
3476	-6.8107388727e-01	
3477	-6.5900729419e-01	
3478	-6.4084447085e-01	
3479	-6.1953133272e-01	
3480	-6.0232087365e-01	
3481	-5.8266414628e-01	
3482	-5.6474475298e-01	
3483	-5.4809959286e-01	
3484	-5.3437359079e-01	
3485	-5.2053620792e-01	
3486	-5.0881760687e-01	
3487	-4.9793941362e-01	
3488	-4.8978617535e-01	
3489	-4.8203714963e-01	
3490	-4.7607395144e-01	
3491	-4.7038099198e-01	
3492	-4.6618566887e-01	
3493	-4.6321996933e-01	
3494	-4.6138196640e-01	
3495	-4.6022961701e-01	
3496	-4.5888257079e-01	
3497	-4.5790706051e-01	
3498	-4.5716573857e-01	
3499	-4.5682571565e-01	
3500	-4.5651238050e-01	
3501	-4.5672629799e-01	
3502	-4.5661911557e-01	
3503	-4.5821664090e-01	
3504	-4.6135629375e-01	
3505	-4.6455620592e-01	
3506	-4.6950711827e-01	
3507	-4.7656017245e-01	
3508	-4.8505668034e-01	
3509	-4.9533172136e-01	
3510	-5.0727275200e-01	
3511	-5.2208125852e-01	
3512	-5.3894884177e-01	
3513	-5.5775937353e-01	
3514	-5.7804046255e-01	
3515	-6.0013006234e-01	
3516	-6.2301674222e-01	
3517	-6.4467890742e-01	
3518	-6.6716149319e-01	
3519	-6.9114129164e-01	
3520	-7.1292447053e-01	
3521	-7.3491752536e-01	
3522	-7.5651082604e-01	
3523	-7.7761778055e-01	
3524	-7.9881021624e-01	
3525	-8.1996890799e-01	
3526	-8.3970307930e-01	
3527	-8.6130255597e-01	
3528	-8.8200071425e-01	
3529	-9.0288900459e-01	
3530	-9.2264856723e-01	
3531	-9.4155966066e-01	
3532	-9.5990378572e-01	
3533	-9.7763931819e-01	
3534	-9.9344028205e-01	
3535	-1.0086376077e+00	
3536	-1.0219943381e+00	
3537	-1.0322952860e+00	
3538	-1.0422336247e+00	
3539	-1.0517639562e+00	
3540	-1.0599270135e+00	
3541	-1.0669475532e+00	
3542	-1.0731771146e+00	
3543	-1.0762366813e+00	
3544	-1.0797949345e+00	
3545	-1.0820601951e+00	
3546	-1.0836273175e+00	
3547	-1.0836242027e+00	
3548	-1.0819987630e+00	
3549	-1.0786777036e+00	
3550	-1.0750373559e+00	
3551	-1.0719461925e+00	
3552	-1.0693443903e+00	
3553	-1.0652457388e+00	
3554	-1.0604622112e+00	
3555	-1.0538896143e+00	
3556	-1.0468420533e+00	
3557	-1.0388611581e+00	
3558	-1.0296358167e+00	
3559	-1.0192930371e+00	
3560	-1.0087687233e+00	
3561	-9.9724474094e-01	
3562	-9.8617859850e-01	
3563	-9.7352866549e-01	
3564	-9.6073243304e-01	
3565	-9.4863138426e-01	
3566	-9.3754621605e-01	
3567	-9.2686263981e-01	
3568	-9.1676128162e-01	
3569	-9.0684011307e-01	
3570	-8.9827527359e-01	
3571	-8.9006344946e-01	
3572	-8.8299131223e-01	
3573	-8.7625801326e-01	
3574	-8.7041694861e-01	
3575	-8.6538883654e-01	
3576	-8.6109287471e-01	
3577	-8.5815965428e-01	
3578	-8.5588723532e-01	
3579	-8.5393928854e-01	
3580	-8.5321247143e-01	
3581	-8.5376551436e-01	
3582	-8.5560402961e-01	
3583	-8.5901084347e-01	
3584	-8.6374151925e-01	
3585	-8.6998155821e-01	
3586	-8.7805486661e-01	
3587	-8.8809674019e-01	
3588	-8.9950173841e-01	
3589	-9.1180732309e-01	
3590	-9.2498961001e-01	
3591	-9.3894951752e-01	
3592	-9.5365417742e-01	
3593	-9.6814125820e-01	
3594	-9.8301769279e-01	
3595	-9.9804525719e-01	
3596	-1.0137130856e+00	
3597	-1.0288479313e+00	
3598	-1.0436253261e+00	
3599	-1.0574953612e+00	
3600	-1.0713668068e+00	
3601	-1.0846831577e+00	
3602	-1.0974796009e+00	
3603	-1.1094835850e+00	
3604	-1.1222603322e+00	
3605	-1.1340268571e+00	
3606	-1.1446701917e+00	
3607	-1.1540530495e+00	
3608	-1.1613674519e+00	
3609	-1.1675460418e+00	
3610	-1.1732862276e+00	
3611	-1.1789944737e+00	
3612	-1.1841783504e+00	
3613	-1.1876409228e+00	
3614	-1.1910489977e+00	
3615	-1.1935345669e+00	
3616	-1.1953591580e+00	
3617	-1.1976282816e+00	
3618	-1.1990637735e+00	
3619	-1.1995355394e+00	
3620	-1.2003736058e+00	
3621	-1.2017638618e+00	
3622	-1.2034276187e+00	
3623	-1.2048996808e+00	
3624	-1.2063631438e+00	
3625	-1.2086729837e+00	
3626	-1.2112646178e+00	
3627	-1.2141862116e+00	
3628	-1.2183714508e+00	
3629	-1.2205301735e+00	
3630	-1.2222720431e+00	
3631	-1.2257302014e+00	
3632	-1.2295374573e+00	
3633	-1.2345258777e+00	
3634	-1.2382511316e+00	
3635	-1.2417122890e+00	
3636	-1.2450994106e+00	
3637	-1.2486235884e+00	
3638	-1.2514670492e+00	
3639	-1.2545499389e+00	
3640	-1.2579530973e+00	
3641	-1.2615899347e+00	
3642	-1.2663307164e+00	
3643	-1.2713944146e+00	
3644	-1.2757300798e+00	
3645	-1.2804998079e+00	
3646	-1.2858764598e+00	
3647	-1.2921937196e+00	
3648	-1.2972886888e+00	
3649	-1.3019671297e+00	
3650	-1.3071305133e+00	
3651	-1.3108596226e+00	
3652	-1.3140630107e+00	
3653	-1.3177718274e+00	
3654	-1.3205092877e+00	
3655	-1.3230993108e+00	
3656	-1.3269182083e+00	
3657	-1.3298919714e+00	
3658	-1.3323366646e+00	
3659	-1.3346919912e+00	
3660	-1.3376853338e+00	
3661	-1.3399301714e+00	
3662	-1.3411225793e+00	
3663	-1.3433460714e+00	
3664	-1.3462216289e+00	
3665	-1.3483218087e+00	
3666	-1.3509805892e+00	
3667	-1.3531005203e+00	
3668	-1.3554553205e+00	
3669	-1.3582199068e+00	
3670	-1.3598117142e+00	
3671	-1.3613106995e+00	
3672	-1.3646278435e+00	
3673	-1.3666840312e+00	
3674	-1.3686824180e+00	
3675	-1.3718308847e+00	
3676	-1.3751463496e+00	
3677	-1.3771862766e+00	
3678	-1.3795772813e+00	
3679	-1.3824642920e+00	
3680	-1.3853498689e+00	
3681	-1.3881553766e+00	
3682	-1.3908536904e+00	
3683	-1.3932290007e+00	
3684	-1.3958175288e+00	
3685	-1.3984317723e+00	
3686	-1.4008992373e+00	
3687	-1.4030393220e+00	
3688	-1.4056664276e+00	
3689	-1.4077187298e+00	
3690	-1.4087285420e+00	
3691	-1.4093596285e+00	
3692	-1.4106229646e+00	
3693	-1.4115511412e+00	
3694	-1.4123785180e+00	
3695	-1.4134792759e+00	
3696	-1.4148343810e+00	
3697	-1.4165969526e+00	
3698	-1.4173326822e+00	
3699	-1.4172604452e+00	
3700	-1.4175659181e+00	
3701	-1.4170538819e+00	
3702	-1.4157089906e+00	
3703	-1.4140665239e+00	
3704	-1.4121743579e+00	
3705	-1.4099159157e+00	
3706	-1.4076761120e+00	
3707	-1.4053471655e+00	
3708	-1.4035575323e+00	
3709	-1.4033758172e+00	
3710	-1.4032591776e+00	
3711	-1.4015346096e+00	
3712	-1.3982964527e+00	
3713	-1.3952792105e+00	
3714	-1.3916187331e+00	
3715	-1.3885878803e+00	
3716	-1.3843264168e+00	
3717	-1.3811934748e+00	
3718	-1.3778359309e+00	
3719	-1.3749202747e+00	
3720	-1.3714279783e+00	
3721	-1.3690801335e+00	
3722	-1.3663976048e+00	
3723	-1.3612982123e+00	
3724	-1.3569022683e+00	
3725	-1.3527734353e+00	
3726	-1.3501064302e+00	
3727	-1.3475808677e+00	
3728	-1.3472544111e+00	
3729	-1.3458834628e+00	
3730	-1.3462624556e+00	
3731	-1.3457293619e+00	
3732	-1.3460959325e+00	
3733	-1.3466967555e+00	
3734	-1.3470465686e+00	
3735	-1.3496478678e+00	
3736	-1.3515429165e+00	
3737	-1.3534034579e+00	
3738	-1.3564573479e+00	
3739	-1.3574219145e+00	
3740	-1.3595157858e+00	
3741	-1.3606099801e+00	
3742	-1.3619953610e+00	
3743	-1.3632944471e+00	
3744	-1.3627658666e+00	
3745	-1.3622897170e+00	
3746	-1.3610002964e+00	
3747	-1.3573893631e+00	
3748	-1.3548650282e+00	
3749	-1.3528629304e+00	
3750	-1.3516901333e+00	
3751	-1.3486830173e+00	
3752	-1.3466034173e+00	
3753	-1.3433637482e+00	
3754	-1.3359324388e+00	
3755	-1.3287964621e+00	
3756	-1.3201160563e+00	
3757	-1.3107824847e+00	
3758	-1.2999438034e+00	
3759	-1.2869797892e+00	
3760	-1.2733312543e+00	
3761	-1.2538750502e+00	
3762	-1.2343616872e+00	
3763	-1.2147900731e+00	
3764	-1.1884807584e+00	
3765	-1.1646381342e+00	
3766	-1.1364838425e+00	
3767	-1.1084962430e+00	
3768	-1.0805045485e+00	
3769	-1.0546711036e+00	
3770	-1.0276427642e+00	
3771	-1.0032664728e+00	
3772	-9.7743911571e-01	
3773	-9.5538280751e-01	
3774	-9.3213449169e-01	
3775	-9.1163543923e-01	
3776	-8.8781970851e-01	
3777	-8.6537193628e-01	
3778	-8.4179875273e-01	
3779	-8.2062225128e-01	
3780	-7.9821044030e-01	
3781	-7.7439356243e-01	
3782	-7.5371939344e-01	
3783	-7.3024369050e-01	
3784	-7.0902443271e-01	
3785	-6.8713363818e-01	
3786	-6.6328616973e-01	
3787	-6.4503065639e-01	
3788	-6.2406243938e-01	
3789	-6.0612643266e-01	
3790	-5.8735076727e-01	
3791	-5.6852273469e-01	
3792	-5.5167995361e-01	
3793	-5.3703517929e-01	
3794	-5.2339422787e-01	
3795	-5.1127009889e-01	
3796	-5.0042966193e-01	
3797	-4.9141502937e-01	
3798	-4.8382475462e-01	
3799	-4.7766072804e-01	
3800	-4.7184774053e-01	
3801	-4.6766045861e-01	
3802	-4.6393161309e-01	
3803	-4.6211445517e-01	
3804	-4.6127121232e-01	
3805	-4.5993059799e-01	
3806	-4.5901993796e-01	
3807	-4.5866159444e-01	
3808	-4.5826713012e-01	
3809	-4.5799784783e-01	
3810	-4.5855257904e-01	
3811	-4.5860809831e-01	
3812	-4.6063870271e-01	
3813	-4.6375875823e-01	
3814	-4.6719383778e-01	
3815	-4.7237526719e-01	
3816	-4.7947927074e-01	
3817	-4.8797543058e-01	
3818	-4.9825375263e-01	
3819	-5.1063823707e-01	
3820	-5.2539896417e-01	
3821	-5.4220212261e-01	
3822	-5.6087293796e-01	
3823	-5.8144389941e-01	
3824	-6.0382610901e-01	
3825	-6.2749386127e-01	
3826	-6.4885815362e-01	
3827	-6.7164407791e-01	
3828	-6.9541360911e-01	
3829	-7.1712154067e-01	
3830	-7.3999940938e-01	
3831	-7.6208100616e-01	
3832	-7.8361621948e-01	
3833	-8.0622286024e-01	
3834	-8.2621193347e-01	
3835	-8.4651050887e-01	
3836	-8.6876397653e-01	
3837	-8.8929433470e-01	
3838	-9.1020118752e-01	
3839	-9.3096563174e-01	
3840	-9.4971237801e-01	
3841	-9.6791574758e-01	
3842	-9.8558117212e-01	
3843	-1.0018360240e+00	
3844	-1.0167110389e+00	
3845	-1.0297864916e+00	
3846	-1.0397221282e+00	
3847	-1.0490779086e+00	
3848	-1.0585850361e+00	
3849	-1.0662962989e+00	
3850	-1.0730486385e+00	
3851	-1.0788753260e+00	
3852	-1.0814856964e+00	
3853	-1.0847932238e+00	
3854	-1.0867321154e+00	
3855	-1.0879605777e+00	
3856	-1.0873391367e+00	
3857	-1.0855731933e+00	
3858	-1.0817454944e+00	
3859	-1.0784031127e+00	
3860	-1.0754401296e+00	
3861	-1.0727110100e+00	
3862	-1.0683760573e+00	
3863	-1.0631614965e+00	
3864	-1.0560294664e+00	
3865	-1.0486685606e+00	
3866	-1.0403525856e+00	
3867	-1.0308452388e+00	
3868	-1.0201342043e+00	
3869	-1.0093712841e+00	
3870	-9.9756461036e-01	
3871	-9.8605769739e-01	
3872	-9.7303375544e-01	
3873	-9.5980607166e-01	
3874	-9.4750788119e-01	
3875	-9.3609354591e-01	
3876	-9.2504468732e-01	
3877	-9.1466004264e-01	
3878	-9.0443982889e-01	
3879	-8.9551831802e-01	
3880	-8.8687482079e-01	
3881	-8.7962217101e-01	
3882	-8.7273463899e-01	
3883	-8.6659527843e-01	
3884	-8.6129236336e-01	
3885	-8.5674002650e-01	
3886	-8.5373944544e-01	
3887	-8.5126522214e-01	
3888	-8.4912357043e-01	
3889	-8.4821054347e-01	
3890	-8.4842436470e-01	
3891	-8.5030023956e-01	
3892	-8.5354744567e-01	
3893	-8.5792788057e-01	
3894	-8.6416546136e-01	
3895	-8.7210136931e-01	
3896	-8.8179906040e-01	
3897	-8.9325749057e-01	
3898	-9.0541810781e-01	
3899	-9.1852033960e-01	
3900	-9.3264048788e-01	
3901	-9.4746433847e-01	
3902	-9.6224784728e-01	
3903	-9.7709038058e-01	
3904	-9.9286893885e-01	
3905	-1.0085474955e+00	
3906	-1.0240803990e+00	
3907	-1.0386788488e+00	
3908	-1.0531338776e+00	
3909	-1.0675083768e+00	
3910	-1.0806725525e+00	
3911	-1.0937317441e+00	
3912	-1.1074621817e+00	
3913	-1.1204813064e+00	
3914	-1.1319202860e+00	
3915	-1.1417869962e+00	
3916	-1.1504866421e+00	
3917	-1.1571921295e+00	
3918	-1.1640250186e+00	
3919	-1.1702906303e+00	
3920	-1.1761216785e+00	
3921	-1.1807752378e+00	
3922	-1.1846477883e+00	
3923	-1.1873013615e+00	
3924	-1.1893530086e+00	
3925	-1.1913887103e+00	
3926	-1.1932677071e+00	
3927	-1.1935802241e+00	
3928	-1.1946478872e+00	
3929	-1.1961856496e+00	
3930	-1.1984805627e+00	
3931	-1.2003245360e+00	
3932	-1.2019638091e+00	
3933	-1.2041444278e+00	
3934	-1.2066358040e+00	
3935	-1.2093884655e+00	
3936	-1.2131434858e+00	
3937	-1.2158273509e+00	
3938	-1.2171613660e+00	
3939	-1.2196714399e+00	
3940	-1.2231254727e+00	
3941	-1.2277062063e+00	
3942	-1.2327255611e+00	
3943	-1.2356587528e+00	
3944	-1.2393660288e+00	
3945	-1.2425462178e+00	
3946	-1.2456074206e+00	
3947	-1.2481843924e+00	
3948	-1.2511357613e+00	
3949	-1.2545469077e+00	
3950	-1.2588831713e+00	
3951	-1.2637346255e+00	
3952	-1.2687012981e+00	
3953	-1.2733007036e+00	
3954	-1.2781656951e+00	
3955	-1.2843943190e+00	
3956	-1.2893760008e+00	
3957	-1.2942342207e+00	
3958	-1.2987059428e+00	
3959	-1.3038298407e+00	
3960	-1.3068396797e+00	
3961	-1.3100798222e+00	
3962	-1.3129938895e+00	
3963	-1.3161758711e+00	
3964	-1.3197416021e+00	
3965	-1.3225022294e+00	
3966	-1.3251734787e+00	
3967	-1.3283579439e+00	
3968	-1.3313025538e+00	
3969	-1.3329684401e+00	
3970	-1.3345559058e+00	
3971	-1.3368554471e+00	
3972	-1.3385365815e+00	
3973	-1.3412227281e+00	
3974	-1.3437316106e+00	
3975	-1.3456169890e+00	
3976	-1.3485539440e+00	
3977	-1.3511576817e+00	
3978	-1.3541517034e+00	
3979	-1.3574427182e+00	
3980	-1.3591527062e+00	
3981	-1.3608961636e+00	
3982	-1.3634479755e+00	
3983	-1.3668768418e+00	
3984	-1.3687912945e+00	
3985	-1.3710793124e+00	
3986	-1.3743570660e+00	
3987	-1.3775523571e+00	
3988	-1.3799647070e+00	
3989	-1.3827371272e+00	
3990	-1.3853757380e+00	
3991	-1.3879929535e+00	
3992	-1.3903076889e+00	
3993	-1.3926252612e+00	
3994	-1.3952149723e+00	
3995	-1.3980511768e+00	
3996	-1.3997526381e+00	
3997	-1.4014838765e+00	
3998	-1.4027241661e+00	
3999	-1.4045653064e+00	
4000	-1.4061389330e+00	
4001	-1.4071860199e+00	
4002	-1.4081338484e+00	
4003	-1.4093778935e+00	
4004	-1.4112167237e+00	
4005	-1.4120933993e+00	
4006	-1.4124852024e+00	
4007	-1.4134528583e+00	
4008	-1.4140050813e+00	
4009	-1.4129068694e+00	
4010	-1.4117828068e+00	
4011	-1.4101738258e+00	
4012	-1.4081038683e+00	
4013	-1.4054345938e+00	
4014	-1.4031025146e+00	
4015	-1.4010456864e+00	
4016	-1.4003448666e+00	
4017	-1.4001184644e+00	
4018	-1.3994479725e+00	
4019	-1.3973410967e+00	
4020	-1.3956309723e+00	
4021	-1.3921469582e+00	
4022	-1.3890837827e+00	
4023	-1.3855781170e+00	
4024	-1.3819034255e+00	
4025	-1.3789487543e+00	
4026	-1.3753144341e+00	
4027	-1.3720018857e+00	
4028	-1.3688857909e+00	
4029	-1.3668445814e+00	
4030	-1.3640406905e+00	
4031	-1.3593686613e+00	
4032	-1.3556754780e+00	
4033	-1.3518977018e+00	
4034	-1.3486168525e+00	
4035	-1.3465454081e+00	
4036	-1.3454682179e+00	
4037	-1.3436020382e+00	
4038	-1.3431131115e+00	
4039	-1.3430352917e+00	
4040	-1.3429857862e+00	
4041	-1.3430800841e+00	
4042	-1.3434411951e+00	
4043	-1.3450331537e+00	
4044	-1.3463729262e+00	
4045	-1.3479750579e+00	
4046	-1.3505708069e+00	
4047	-1.3515680143e+00	
4048	-1.3527472863e+00	
4049	-1.3541202655e+00	
4050	-1.3555253757e+00	
4051	-1.3565501197e+00	
4052	-1.3556461425e+00	
4053	-1.3558710673e+00	
4054	-1.3542086822e+00	
4055	-1.3515596202e+00	
4056	-1.3483834486e+00	
4057	-1.3461815670e+00	
4058	-1.3441354682e+00	
4059	-1.3411674716e+00	
4060	-1.3394293544e+00	
4061	-1.3360370206e+00	
4062	-1.3293402885e+00	
4063	-1.3215847097e+00	
4064	-1.3136829614e+00	
4065	-1.3039097212e+00	
4066	-1.2931913295e+00	
4067	-1.2804061578e+00	
4068	-1.2673886353e+00	
4069	-1.2488166683e+00	
4070	-1.2301097258e+00	
4071	-1.2122143388e+00	
4072	-1.1860722007e+00	
4073	-1.1641892196e+00	
4074	-1.1350803485e+00	
4075	-1.1084701029e+00	
4076	-1.0805681247e+00	
4077	-1.0544596400e+00	
4078	-1.0269545207e+00	
4079	-1.0016833848e+00	
4080	-9.7517693278e-01	
4081	-9.5249809327e-01	
4082	-9.2852739520e-01	
4083	-9.0760505381e-01	
4084	-8.8413672986e-01	
4085	-8.6214995192e-01	
4086	-8.3794706970e-01	
4087	-8.1636724901e-01	
4088	-7.9369644032e-01	
4089	-7.7045521291e-01	
4090	-7.4875981839e-01	
4091	-7.2459322943e-01	
4092	-7.0422447858e-01	
4093	-6.8207495843e-01	
4094	-6.5964817356e-01	
4095	-6.4078257326e-01	
4096	-6.1875048729e-01	
4097	-6.0096927314e-01	
4098	-5.8210838685e-01	
4099	-5.6396347078e-01	
4100	-5.4712433129e-01	
4101	-5.3250483652e-01	
4102	-5.1862910343e-01	
4103	-5.0612912333e-01	
4104	-4.9576879761e-01	
4105	-4.8688238652e-01	
4106	-4.7944408583e-01	
4107	-4.7355404325e-01	
4108	-4.6833795644e-01	
4109	-4.6399114060e-01	
4110	-4.6049283910e-01	
4111	-4.5853591818e-01	
4112	-4.5787470400e-01	
4113	-4.5727723862e-01	
4114	-4.5722099573e-01	
4115	-4.5727388368e-01	
4116	-4.5738386399e-01	
4117	-4.5738445943e-01	
4118	-4.5868803676e-01	
4119	-4.5978537936e-01	
4120	-4.6236357377e-01	
4121	-4.6619485634e-01	
4122	-4.7099219245e-01	
4123	-4.7746872072e-01	
4124	-4.8563388615e-01	
4125	-4.9550511884e-01	
4126	-5.0722719956e-01	
4127	-5.2076382282e-01	
4128	-5.3652566114e-01	
4129	-5.5454399687e-01	
4130	-5.7439403593e-01	
4131	-5.9541718176e-01	
4132	-6.1889972435e-01	
4133	-6.4413880494e-01	
4134	-6.6584542792e-01	
4135	-6.8944120621e-01	
4136	-7.1306705685e-01	
4137	-7.3498913585e-01	
4138	-7.5788142700e-01	
4139	-7.8243566557e-01	
4140	-8.0527216140e-01	
4141	-8.2743191692e-01	
4142	-8.4856593456e-01	
4143	-8.7016094998e-01	
4144	-8.9176905728e-01	
4145	-9.1338045433e-01	
4146	-9.3446831030e-01	
4147	-9.5537147024e-01	
4148	-9.7387769265e-01	
4149	-9.9204283674e-01	
4150	-1.0101600528e+00	
4151	-1.0247926220e+00	
4152	-1.0382324651e+00	
4153	-1.0504080333e+00	
4154	-1.0593837284e+00	
4155	-1.0673428724e+00	
4156	-1.0759527179e+00	
4157	-1.0834786884e+00	
4158	-1.0888117531e+00	
4159	-1.0925431273e+00	
4160	-1.0950431124e+00	
4161	-1.0972635539e+00	
4162	-1.0978205191e+00	
4163	-1.0977835502e+00	
4164	-1.0960030709e+00	
4165	-1.0930211427e+00	
4166	-1.0893954412e+00	
4167	-1.0858365549e+00	
4168	-1.0831490261e+00	
4169	-1.0798470500e+00	
4170	-1.0740495900e+00	
4171	-1.0671391980e+00	
4172	-1.0596009681e+00	
4173	-1.0511680380e+00	
4174	-1.0418285345e+00	
4175	-1.0314060024e+00	
4176	-1.0198078644e+00	
4177	-1.0082711948e+00	
4178	-9.9558731121e-01	
4179	-9.8287681412e-01	
4180	-9.6884711532e-01	
4181	-9.5573833874e-01	
4182	-9.4298728363e-01	
4183	-9.3108291336e-01	
4184	-9.1958133461e-01	
4185	-9.0874511057e-01	
4186	-8.9790490528e-01	
4187	-8.8865622036e-01	
4188	-8.7958994085e-01	
4189	-8.7228528741e-01	
4190	-8.6536202772e-01	
4191	-8.5886700622e-01	
4192	-8.5338919113e-01	
4193	-8.4880566800e-01	
4194	-8.4579340787e-01	
4195	-8.4337089932e-01	
4196	-8.4152284778e-01	
4197	-8.4060469743e-01	
4198	-8.4110370348e-01	
4199	-8.4326070108e-01	
4200	-8.4658098890e-01	
4201	-8.5167054403e-01	
4202	-8.5824562018e-01	
4203	-8.6647657756e-01	
4204	-8.7680233307e-01	
4205	-8.8842019501e-01	
4206	-9.0098677925e-01	
4207	-9.1456823062e-01	
4208	-9.2951842791e-01	
4209	-9.4469742435e-01	
4210	-9.6008943516e-01	
4211	-9.7549659951e-01	
4212	-9.9129347176e-01	
4213	-1.0073015803e+00	
4214	-1.0229878292e+00	
4215	-1.0386255010e+00	
4216	-1.0534987756e+00	
4217	-1.0674767210e+00	
4218	-1.0823328327e+00	
4219	-1.0968599119e+00	
4220	-1.1108998776e+00	
4221	-1.1215209261e+00	
4222	-1.1320279302e+00	
4223	-1.1417482454e+00	
4224	-1.1498682635e+00	
4225	-1.1574595858e+00	
4226	-1.1640309254e+00	
4227	-1.1699939826e+00	
4228	-1.1751524409e+00	
4229	-1.1795395934e+00	
4230	-1.1822794542e+00	
4231	-1.1842402974e+00	
4232	-1.1860163209e+00	
4233	-1.1874578409e+00	
4234	-1.1888943440e+00	
4235	-1.1910686769e+00	
4236	-1.1931681750e+00	
4237	-1.1956239254e+00	
4238	-1.1977595377e+00	
4239	-1.1994156300e+00	
4240	-1.2017163132e+00	
4241	-1.2039785134e+00	
4242	-1.2064692653e+00	
4243	-1.2091134084e+00	
4244	-1.2113927643e+00	
4245	-1.2128506208e+00	
4246	-1.2149087823e+00	
4247	-1.2193793894e+00	
4248	-1.2236963370e+00	
4249	-1.2285618051e+00	
4250	-1.2315335967e+00	
4251	-1.2344202821e+00	
4252	-1.2373401657e+00	
4253	-1.2397124322e+00	
4254	-1.2432401789e+00	
4255	-1.2460535372e+00	
4256	-1.2490155365e+00	
4257	-1.2528935862e+00	
4258	-1.2580921751e+00	
4259	-1.2628960087e+00	
4260	-1.2679468135e+00	
4261	-1.2722556837e+00	
4262	-1.2779525736e+00	
4263	-1.2824008244e+00	
4264	-1.2868389407e+00	
4265	-1.2912018075e+00	
4266	-1.2956291997e+00	
4267	-1.2991954340e+00	
4268	-1.3022241510e+00	
4269	-1.3056198708e+00	
4270	-1.3082407371e+00	
4271	-1.3115501112e+00	
4272	-1.3151808974e+00	
4273	-1.3181645779e+00	
4274	-1.3201305188e+00	
4275	-1.3224039570e+00	
4276	-1.3249594919e+00	
4277	-1.3260830244e+00	
4278	-1.3275266159e+00	
4279	-1.3292238972e+00	
4280	-1.3306369330e+00	
4281	-1.3331412674e+00	
4282	-1.3359324662e+00	
4283	-1.3394169310e+00	
4284	-1.3430799567e+00	
4285	-1.3460104619e+00	
4286	-1.3483573851e+00	
4287	-1.3511291194e+00	
4288	-1.3539879296e+00	
4289	-1.3550157449e+00	
4290	-1.3569567276e+00	
4291	-1.3599694570e+00	
4292	-1.3629997763e+00	
4293	-1.3654362819e+00	
4294	-1.3681238229e+00	
4295	-1.3709691543e+00	
4296	-1.3739820557e+00	
4297	-1.3760704322e+00	
4298	-1.3785103926e+00	
4299	-1.3809793901e+00	
4300	-1.3836029775e+00	
4301	-1.3857210869e+00	
4302	-1.3875899292e+00	
4303	-1.3893888330e+00	
4304	-1.3915009339e+00	
4305	-1.3932341407e+00	
4306	-1.3950182891e+00	
4307	-1.3968131483e+00	
4308	-1.3987446916e+00	
4309	-1.4001724196e+00	
4310	-1.4008861239e+00	
4311	-1.4018149332e+00	
4312	-1.4036855255e+00	
4313	-1.4037549799e+00	
4314	-1.4039246895e+00	
4315	-1.4034067247e+00	
4316	-1.4021410757e+00	
4317	-1.4008387775e+00	
4318	-1.3985971419e+00	
4319	-1.3972507334e+00	
4320	-1.3960916888e+00	
4321	-1.3944564049e+00	
4322	-1.3934548322e+00	
4323	-1.3915890005e+00	
4324	-1.3889791892e+00	
4325	-1.3871252478e+00	
4326	-1.3846264008e+00	
4327	-1.3826354683e+00	
4328	-1.3800966596e+00	
4329	-1.3769227213e+00	
4330	-1.3736219218e+00	
4331	-1.3707521713e+00	
4332	-1.3673706618e+00	
4333	-1.3638156804e+00	
4334	-1.3610078966e+00	
4335	-1.3587272958e+00	
4336	-1.3559571070e+00	
4337	-1.3519706468e+00	
4338	-1.3479857125e+00	
4339	-1.3451384152e+00	
4340	-1.3419215353e+00	
4341	-1.3406367355e+00	
4342	-1.3381535562e+00	
4343	-1.3356754193e+00	
4344	-1.3332861255e+00	
4345	-1.3326219847e+00	
4346	-1.3316642827e+00	
4347	-1.3313322426e+00	
4348	-1.3312513090e+00	
4349	-1.3332018450e+00	
4350	-1.3341223468e+00	
4351	-1.3353292155e+00	
4352	-1.3366662240e+00	
4353	-1.3376417085e+00	
4354	-1.3383792958e+00	
4355	-1.3401521256e+00	
4356	-1.3408006134e+00	
4357	-1.3425315153e+00	
4358	-1.3426639774e+00	
4359	-1.3426924686e+00	
4360	-1.3417976689e+00	
4361	-1.3403486456e+00	
4362	-1.3381281352e+00	
4363	-1.3364610367e+00	
4364	-1.3338421257e+00	
4365	-1.3310419235e+00	
4366	-1.3287807956e+00	
4367	-1.3246033989e+00	
4368	-1.3201103150e+00	
4369	-1.3122265608e+00	
4370	-1.3064177356e+00	
4371	-1.2976605075e+00	
4372	-1.2868692698e+00	
4373	-1.2751721148e+00	
4374	-1.2632726973e+00	
4375	-1.2473634259e+00	
4376	-1.2270649619e+00	
4377	-1.2098017721e+00	
4378	-1.1894056113e+00	
4379	-1.1708834947e+00	
4380	-1.1436731291e+00	
4381	-1.1175911116e+00	
4382	-1.0906293648e+00	
4383	-1.0625199009e+00	
4384	-1.0355403525e+00	
4385	-1.0091804247e+00	
4386	-9.8197487644e-01	
4387	-9.5625241525e-01	
4388	-9.3121270273e-01	
4389	-9.0754302256e-01	
4390	-8.8288788229e-01	
4391	-8.6030921308e-01	
4392	-8.3718523908e-01	
4393	-8.1550257531e-01	
4394	-7.9474694424e-01	
4395	-7.7138407059e-01	
4396	-7.4983571566e-01	
4397	-7.2509429714e-01	
4398	-7.0379867791e-01	
4399	-6.8165719907e-01	
4400	-6.5880060229e-01	
4401	-6.3994015952e-01	
4402	-6.1937603219e-01	
4403	-6.0168978737e-01	
4404	-5.8296634047e-01	
4405	-5.6410835789e-01	
4406	-5.4726354160e-01	
4407	-5.3190169376e-01	
4408	-5.1778488255e-01	
4409	-5.0480398597e-01	
4410	-4.9315983769e-01	
4411	-4.8318826877e-01	
4412	-4.7510267942e-01	
4413	-4.6890070927e-01	
4414	-4.6314157802e-01	
4415	-4.5934474806e-01	
4416	-4.5577139083e-01	
4417	-4.5426593666e-01	
4418	-4.5343062884e-01	
4419	-4.5256028223e-01	
4420	-4.5251932898e-01	
4421	-4.5266490185e-01	
4422	-4.5403891464e-01	
4423	-4.5516440084e-01	
4424	-4.5657658915e-01	
4425	-4.5818247219e-01	
4426	-4.6162952972e-01	
4427	-4.6628401536e-01	
4428	-4.7162247488e-01	
4429	-4.7819664719e-01	
4430	-4.8763022468e-01	
4431	-4.9821416737e-01	
4432	-5.1021992465e-01	
4433	-5.2389255637e-01	
4434	-5.4015232762e-01	
4435	-5.5847187924e-01	
4436	-5.7869478810e-01	
4437	-5.9962657628e-01	
4438	-6.2311255310e-01	
4439	-6.4857946657e-01	
4440	-6.7252587464e-01	
4441	-6.9640415515e-01	
4442	-7.2076700100e-01	
4443	-7.4374505826e-01	
4444	-7.6576305636e-01	
4445	-7.9166006329e-01	
4446	-8.1546451729e-01	
4447	-8.3904287555e-01	
4448	-8.6157568494e-01	
4449	-8.8370192023e-01	
4450	-9.0545476150e-01	
4451	-9.2721227402e-01	
4452	-9.4792226100e-01	
4453	-9.6866711947e-01	
4454	-9.8724241893e-01	
4455	-1.0053127589e+00	
4456	-1.0229277986e+00	
4457	-1.0373480797e+00	
4458	-1.0496478767e+00	
4459	-1.0617510750e+00	
4460	-1.0699994005e+00	
4461	-1.0778710562e+00	
4462	-1.0855259155e+00	
4463	-1.0919200718e+00	
4464	-1.0969696728e+00	
4465	-1.0991706729e+00	
4466	-1.1014485995e+00	
4467	-1.1029648171e+00	
4468	-1.1026772010e+00	
4469	-1.1018604906e+00	
4470	-1.0989974086e+00	
4471	-1.0960437642e+00	
4472	-1.0934827695e+00	
4473	-1.0896946253e+00	
4474	-1.0863977354e+00	
4475	-1.0824111742e+00	
4476	-1.0755677429e+00	
4477	-1.0679018699e+00	
4478	-1.0597142048e+00	
4479	-1.0504928925e+00	
4480	-1.0406832586e+00	
4481	-1.0292655042e+00	
4482	-1.0170325690e+00	
4483	-1.0048635132e+00	
4484	-9.9131965019e-01	
4485	-9.7798604835e-01	
4486	-9.6342517518e-01	
4487	-9.4999767810e-01	
4488	-9.3695765822e-01	
4489	-9.2462947313e-01	
4490	-9.1218994490e-01	
4491	-9.0068445995e-01	
4492	-8.9000225882e-01	
4493	-8.7994851665e-01	
4494	-8.7042274067e-01	
4495	-8.6278231498e-01	
4496	-8.5559907313e-01	
4497	-8.4877767571e-01	
4498	-8.4285121857e-01	
4499	-8.3808507443e-01	
4500	-8.3458827441e-01	
4501	-8.3199655927e-01	
4502	-8.3034031887e-01	
4503	-8.2930338377e-01	
4504	-8.2961588858e-01	
4505	-8.3162579053e-01	
4506	-8.3509430870e-01	
4507	-8.3992445187e-01	
4508	-8.4672075148e-01	
4509	-8.5521345029e-01	
4510	-8.6526094405e-01	
4511	-8.7691119234e-01	
4512	-8.8963714783e-01	
4513	-9.0395191940e-01	
4514	-9.1918844165e-01	
4515	-9.3477774053e-01	
4516	-9.5048093541e-01	
4517	-9.6638109320e-01	
4518	-9.8220542962e-01	
4519	-9.9883717725e-01	
4520	-1.0156172523e+00	
4521	-1.0311944298e+00	
4522	-1.0465904666e+00	
4523	-1.0629641936e+00	
4524	-1.0785012596e+00	
4525	-1.0923835161e+00	
4526	-1.1041801505e+00	
4527	-1.1158458268e+00	
4528	-1.1268117244e+00	
4529	-1.1370613712e+00	
4530	-1.1455726059e+00	
4531	-1.1531843300e+00	
4532	-1.1594533738e+00	
4533	-1.1652266407e+00	
4534	-1.1704020291e+00	
4535	-1.1737161457e+00	
4536	-1.1761686444e+00	
4537	-1.1781443775e+00	
4538	-1.1806909762e+00	
4539	-1.1835601143e+00	
4540	-1.1864196719e+00	
4541	-1.1891116081e+00	
4542	-1.1916936903e+00	
4543	-1.1943341778e+00	
4544	-1.1956835858e+00	
4545	-1.1980582756e+00	
4546	-1.1998051252e+00	
4547	-1.2010352751e+00	
4548	-1.2034199409e+00	
4549	-1.2052444472e+00	
4550	-1.2065900704e+00	
4551	-1.2094438948e+00	
4552	-1.2137365987e+00	
4553	-1.2180960491e+00	
4554	-1.2227861753e+00	
4555	-1.2245042526e+00	
4556	-1.2264819497e+00	
4557	-1.2286008827e+00	
4558	-1.2317418997e+00	
4559	-1.2349641922e+00	
4560	-1.2372731996e+00	
4561	-1.2403321817e+00	
4562	-1.2439834022e+00	
4563	-1.2484381483e+00	
4564	-1.2529204753e+00	
4565	-1.2574159268e+00	
4566	-1.2614522376e+00	
4567	-1.2659728547e+00	
4568	-1.2696744931e+00	
4569	-1.2737282214e+00	
4570	-1.2772442928e+00	
4571	-1.2811044632e+00	
4572	-1.2857414998e+00	
4573	-1.2886919838e+00	
4574	-1.2915752172e+00	
4575	-1.2949700490e+00	
4576	-1.2986734722e+00	
4577	-1.3008199548e+00	
4578	-1.3028916470e+00	
4579	-1.3053325984e+00	
4580	-1.3073191946e+00	
4581	-1.3092810777e+00	
4582	-1.3113920557e+00	
4583	-1.3121231694e+00	
4584	-1.3131671210e+00	
4585	-1.3156091332e+00	
4586	-1.3185309087e+00	
4587	-1.3217540417e+00	
4588	-1.3253819939e+00	
4589	-1.3283180103e+00	
4590	-1.3315850851e+00	
4591	-1.3344125446e+00	
4592	-1.3368054546e+00	
4593	-1.3389745443e+00	
4594	-1.3418556478e+00	
4595	-1.3447742423e+00	
4596	-1.3466522219e+00	
4597	-1.3488468395e+00	
4598	-1.3517062811e+00	
4599	-1.3548345183e+00	
4600	-1.3565766103e+00	
4601	-1.3591632682e+00	
4602	-1.3620110191e+00	
4603	-1.3644363652e+00	
4604	-1.3663903447e+00	
4605	-1.3679648471e+00	
4606	-1.3698121341e+00	
4607	-1.3724414043e+00	
4608	-1.3744472095e+00	
4609	-1.3767884552e+00	
4610	-1.3791000841e+00	
4611	-1.3812646689e+00	
4612	-1.3831013894e+00	
4613	-1.3841609745e+00	
4614	-1.3856771800e+00	
4615	-1.3873676998e+00	
4616	-1.3881310329e+00	
4617	-1.3877688305e+00	
4618	-1.3871458014e+00	
4619	-1.3861980617e+00	
4620	-1.3850449305e+00	
4621	-1.3836928093e+00	
4622	-1.3830378604e+00	
4623	-1.3825816454e+00	
4624	-1.3814069782e+00	
4625	-1.3807874621e+00	
4626	-1.3789319734e+00	
4627	-1.3766009817e+00	
4628	-1.3744229234e+00	
4629	-1.3709847375e+00	
4630	-1.3672873767e+00	
4631	-1.3636466049e+00	
4632	-1.3594582181e+00	
4633	-1.3556394854e+00	
4634	-1.3526920922e+00	
4635	-1.3503779274e+00	
4636	-1.3482868371e+00	
4637	-1.3453594481e+00	
4638	-1.3414213745e+00	
4639	-1.3379814376e+00	
4640	-1.3350313141e+00	
4641	-1.3306906358e+00	
4642	-1.3265583328e+00	
4643	-1.3236329593e+00	
4644	-1.3209929568e+00	
4645	-1.3193475616e+00	
4646	-1.3177437398e+00	
4647	-1.3152977200e+00	
4648	-1.3130438459e+00	
4649	-1.3119182136e+00	
4650	-1.3104032131e+00	
4651	-1.3079495397e+00	
4652	-1.3073552703e+00	
4653	-1.3072838535e+00	
4654	-1.3075710800e+00	
4655	-1.3088317798e+00	
4656	-1.3106601158e+00	
4657	-1.3105726920e+00	
4658	-1.3120050720e+00	
4659	-1.3127034167e+00	
4660	-1.3136767287e+00	
4661	-1.3150283171e+00	
4662	-1.3158693742e+00	
4663	-1.3164234292e+00	
4664	-1.3167549259e+00	
4665	-1.3164417574e+00	
4666	-1.3148940723e+00	
4667	-1.3146576022e+00	
4668	-1.3116516956e+00	
4669	-1.3104388276e+00	
4670	-1.3094075617e+00	
4671	-1.3074993461e+00	
4672	-1.3045073578e+00	
4673	-1.2956042337e+00	
4674	-1.2895651323e+00	
4675	-1.2822295978e+00	
4676	-1.2736593685e+00	
4677	-1.2631623523e+00	
4678	-1.2516564071e+00	
4679	-1.2396977946e+00	
4680	-1.2226442245e+00	
4681	-1.2074617584e+00	
4682	-1.1907513404e+00	
4683	-1.1711498890e+00	
4684	-1.1491495325e+00	
4685	-1.1259885316e+00	
4686	-1.1006846466e+00	
4687	-1.0738410191e+00	
4688	-1.0479475539e+00	
4689	-1.0192250437e+00	
4690	-9.9222278175e-01	
4691	-9.6353661029e-01	
4692	-9.3800395650e-01	
4693	-9.1189291797e-01	
4694	-8.8655051898e-01	
4695	-8.6163354783e-01	
4696	-8.3560974506e-01	
4697	-8.1183553773e-01	
4698	-7.8974363524e-01	
4699	-7.6629639480e-01	
4700	-7.4512187413e-01	
4701	-7.2166608889e-01	
4702	-7.0068112566e-01	
4703	-6.7723603137e-01	
4704	-6.5465346196e-01	
4705	-6.3476757582e-01	
4706	-6.1347936678e-01	
4707	-5.9547500747e-01	
4708	-5.7698440996e-01	
4709	-5.5822647080e-01	
4710	-5.4324516596e-01	
4711	-5.2622415915e-01	
4712	-5.1265855394e-01	
4713	-4.9954962087e-01	
4714	-4.8778150938e-01	
4715	-4.7692812848e-01	
4716	-4.6790280156e-01	
4717	-4.6061577436e-01	
4718	-4.5474761692e-01	
4719	-4.5073193923e-01	
4720	-4.4665151078e-01	
4721	-4.4445167175e-01	
4722	-4.4339769196e-01	
4723	-4.4285755502e-01	
4724	-4.4332146740e-01	
4725	-4.4402644804e-01	
4726	-4.4519908105e-01	
4727	-4.4741884859e-01	
4728	-4.4997618580e-01	
4729	-4.5242937312e-01	
4730	-4.5584057396e-01	
4731	-4.6142992630e-01	
4732	-4.6722204986e-01	
4733	-4.7421324205e-01	
4734	-4.8394653748e-01	
4735	-4.9505164927e-01	
4736	-5.0779514641e-01	
4737	-5.2167316199e-01	
4738	-5.3840774373e-01	
4739	-5.5722242177e-01	
4740	-5.7681351287e-01	
4741	-5.9784818982e-01	
4742	-6.2166434790e-01	
4743	-6.4589800629e-01	
4744	-6.7071031559e-01	
4745	-6.9609215036e-01	
4746	-7.2046645585e-01	
4747	-7.4435008518e-01	
4748	-7.6733435864e-01	
4749	-7.9245102990e-01	
4750	-8.1717517108e-01	
4751	-8.4166512218e-01	
4752	-8.6662873315e-01	
4753	-8.8969249438e-01	
4754	-9.1175779114e-01	
4755	-9.3317746057e-01	
4756	-9.5428678228e-01	
4757	-9.7397096948e-01	
4758	-9.9260529049e-01	
4759	-1.0105393650e+00	
4760	-1.0272808750e+00	
4761	-1.0417757697e+00	
4762	-1.0550354976e+00	
4763	-1.0663062111e+00	
4764	-1.0753208657e+00	
4765	-1.0833898259e+00	
4766	-1.0906535608e+00	
4767	-1.0960772973e+00	
4768	-1.1008534596e+00	
4769	-1.1023150414e+00	
4770	-1.1046555672e+00	
4771	-1.1048921675e+00	
4772	-1.1042726131e+00	
4773	-1.1029214673e+00	
4774	-1.1005013629e+00	
4775	-1.0983750388e+00	
4776	-1.0956796258e+00	
4777	-1.0921110952e+00	
4778	-1.0878920925e+00	
4779	-1.0829933485e+00	
4780	-1.0759366751e+00	
4781	-1.0677460899e+00	
4782	-1.0588717221e+00	
4783	-1.0488070711e+00	
4784	-1.0381963027e+00	
4785	-1.0265669664e+00	
4786	-1.0138543670e+00	
4787	-1.0006893056e+00	
4788	-9.8630928777e-01	
4789	-9.7271348605e-01	
4790	-9.5810881484e-01	
4791	-9.4416453435e-01	
4792	-9.3054143329e-01	
4793	-9.1766598422e-01	
4794	-9.0445763303e-01	
4795	-8.9201721040e-01	
4796	-8.8103548823e-01	
4797	-8.7033694468e-01	
4798	-8.6020625810e-01	
4799	-8.5171458313e-01	
4800	-8.4382558726e-01	
4801	-8.3667708371e-01	
4802	-8.3010866907e-01	
4803	-8.2446660319e-01	
4804	-8.2012929789e-01	
4805	-8.1680964103e-01	
4806	-8.1489936963e-01	
4807	-8.1389628078e-01	
4808	-8.1375691911e-01	
4809	-8.1478462657e-01	
4810	-8.1777078372e-01	
4811	-8.2239194101e-01	
4812	-8.2902634599e-01	
4813	-8.3679964582e-01	
4814	-8.4660141306e-01	
4815	-8.5798918970e-01	
4816	-8.7069994367e-01	
4817	-8.8484105306e-01	
4818	-9.0002501821e-01	
4819	-9.1592741660e-01	
4820	-9.3187913701e-01	
4821	-9.4782633963e-01	
4822	-9.6444780004e-01	
4823	-9.8151112453e-01	
4824	-9.9790990902e-01	
4825	-1.0144064498e+00	
4826	-1.0318257943e+00	
4827	-1.0492157448e+00	
4828	-1.0638113540e+00	
4829	-1.0771940904e+00	
4830	-1.0895525444e+00	
4831	-1.1025496486e+00	
4832	-1.1146484314e+00	
4833	-1.1246727989e+00	
4834	-1.1339378298e+00	
4835	-1.1419824354e+00	
4836	-1.1491680411e+00	
4837	-1.1548510185e+00	
4838	-1.1592055745e+00	
4839	-1.1630220146e+00	
4840	-1.1663737355e+00	
4841	-1.1703300994e+00	
4842	-1.1738107317e+00	
4843	-1.1776677242e+00	
4844	-1.1809209612e+00	
4845	-1.1842414468e+00	
4846	-1.1871372159e+00	
4847	-1.1884752260e+00	
4848	-1.1900805883e+00	
4849	-1.1915508823e+00	
4850	-1.1928265346e+00	
4851	-1.1950344524e+00	
4852	-1.1964940532e+00	
4853	-1.1979559741e+00	
4854	-1.2009702710e+00	
4855	-1.2046409089e+00	
4856	-1.2088344511e+00	
4857	-1.2126093925e+00	
4858	-1.2142579014e+00	
4859	-1.2161124523e+00	
4860	-1.2184908215e+00	
4861	-1.2203900939e+00	
4862	-1.2231813429e+00	
4863	-1.2262603515e+00	
4864	-1.2286390595e+00	
4865	-1.2320791062e+00	
4866	-1.2353539849e+00	
4867	-1.2395484154e+00	
4868	-1.2435821331e+00	
4869	-1.2468298220e+00	
4870	-1.2502329487e+00	
4871	-1.2534675160e+00	
4872	-1.2571985007e+00	
4873	-1.2607978356e+00	
4874	-1.2645077264e+00	
4875	-1.2678157812e+00	
4876	-1.2725594801e+00	
4877	-1.2759534051e+00	
4878	-1.2786921674e+00	
4879	-1.2811978260e+00	
4880	-1.2841673858e+00	
4881	-1.2860796850e+00	
4882	-1.2879593937e+00	
4883	-1.2900519136e+00	
4884	-1.2913563386e+00	
4885	-1.2934908228e+00	
4886	-1.2959823810e+00	
4887	-1.2981421854e+00	
4888	-1.3005997430e+00	
4889	-1.3035398604e+00	
4890	-1.3068560677e+00	
4891	-1.3100752301e+00	
4892	-1.3130046318e+00	
4893	-1.3155325929e+00	
4894	-1.3185345427e+00	
4895	-1.3214558621e+00	
4896	-1.3243624250e+00	
4897	-1.3274037939e+00	
4898	-1.3298692641e+00	
4899	-1.3327404847e+00	
4900	-1.3344193354e+00	
4901	-1.3364296766e+00	
4902	-1.3390638895e+00	
4903	-1.3419882083e+00	
4904	-1.3438454971e+00	
4905	-1.3459506213e+00	
4906	-1.3481831245e+00	
4907	-1.3502654391e+00	
4908	-1.3526736232e+00	
4909	-1.3548854302e+00	
4910	-1.3571397290e+00	
4911	-1.3596667789e+00	
4912	-1.3619906324e+00	
4913	-1.3645568758e+00	
4914	-1.3664585214e+00	
4915	-1.3688842741e+00	
4916	-1.3701622395e+00	
4917	-1.3710541402e+00	
4918	-1.3722804585e+00	
4919	-1.3726352624e+00	
4920	-1.3725586750e+00	
4921	-1.3719701461e+00	
4922	-1.3713708111e+00	
4923	-1.3706197227e+00	
4924	-1.3704263945e+00	
4925	-1.3696298451e+00	
4926	-1.3687426900e+00	
4927	-1.3673805062e+00	
4928	-1.3653006502e+00	
4929	-1.3631967448e+00	
4930	-1.3610828390e+00	
4931	-1.3582937116e+00	
4932	-1.3549402399e+00	
4933	-1.3513589289e+00	
4934	-1.3471844618e+00	
4935	-1.3428802487e+00	
4936	-1.3391727096e+00	
4937	-1.3366097199e+00	
4938	-1.3342127254e+00	
4939	-1.3314030725e+00	
4940	-1.3283539882e+00	
4941	-1.3252591160e+00	
4942	-1.3214849461e+00	
4943	-1.3184838817e+00	
4944	-1.3149387639e+00	
4945	-1.3113123277e+00	
4946	-1.3091802076e+00	
4947	-1.3066943836e+00	
4948	-1.3054214330e+00	
4949	-1.3032640773e+00	
4950	-1.3017624891e+00	
4951	-1.3001831922e+00	
4952	-1.2980965864e+00	
4953	-1.2969698595e+00	
4954	-1.2958951583e+00	
4955	-1.2946855370e+00	
4956	-1.2950834402e+00	
4957	-1.2941748606e+00	
4958	-1.2944914930e+00	
4959	-1.2951534192e+00	
4960	-1.2962159786e+00	
4961	-1.2969512256e+00	
4962	-1.2974430218e+00	
4963	-1.2990641308e+00	
4964	-1.2993740592e+00	
4965	-1.3007760209e+00	
4966	-1.3006560401e+00	
4967	-1.3011793909e+00	
4968	-1.3000126581e+00	
4969	-1.2999194390e+00	
4970	-1.2984343861e+00	
4971	-1.2975775096e+00	
4972	-1.2969741100e+00	
4973	-1.2950007629e+00	
4974	-1.2929255565e+00	
4975	-1.2878809817e+00	
4976	-1.2813446720e+00	
4977	-1.2746164020e+00	
4978	-1.2675876439e+00	
4979	-1.2573853803e+00	
4980	-1.2472625324e+00	
4981	-1.2364389120e+00	
4982	-1.2241749219e+00	
4983	-1.2063997512e+00	
4984	-1.1930291490e+00	
4985	-1.1746191322e+00	
4986	-1.1589480194e+00	
4987	-1.1352863300e+00	
4988	-1.1129665096e+00	
4989	-1.0888579679e+00	
4990	-1.0638418499e+00	
4991	-1.0361225830e+00	
4992	-1.0107641636e+00	
4993	-9.8107553703e-01	
4994	-9.5580673342e-01	
4995	-9.2788694053e-01	
4996	-9.0280214935e-01	
4997	-8.7592986634e-01	
4998	-8.5098747216e-01	
4999	-8.2520461394e-01	
5000	-8.0293868998e-01	
