# Time           	0.0              	3.5505003311e-03	7.1010006622e-03	1.0651500993e-02	1.4202001324e-02	1.7752501655e-02	2.1303001987e-02	2.4853502318e-02	2.8404002649e-02	3.1954502980e-02	3.5505003311e-02	3.9055503642e-02	4.2606003973e-02	4.6156504304e-02	4.9707004635e-02	5.3257504966e-02	5.6808005297e-02	6.0358505628e-02	6.3909005960e-02	6.7459506291e-02	7.1010006622e-02	7.4560506953e-02	7.8111007284e-02	8.1661507615e-02	8.5212007946e-02	8.8762508277e-02	9.2313008608e-02	9.5863508939e-02	9.9414009270e-02	1.0296450960e-01	1.0651500993e-01	1.1006551026e-01	1.1361601059e-01	1.1716651093e-01	1.2071701126e-01	1.2426751159e-01	1.2781801192e-01	1.3136851225e-01	1.3491901258e-01	1.3846951291e-01	1.4202001324e-01	1.4557051357e-01	1.4912101391e-01	1.5267151424e-01	1.5622201457e-01	1.5977251490e-01	1.6332301523e-01	1.6687351556e-01	1.7042401589e-01	1.7397451622e-01	1.7752501655e-01	1.8107551689e-01	1.8462601722e-01	1.8817651755e-01	1.9172701788e-01	1.9527751821e-01	1.9882801854e-01	2.0237851887e-01	2.0592901920e-01	2.0947951953e-01	2.1303001987e-01	2.1658052020e-01	2.2013102053e-01	2.2368152086e-01	2.2723202119e-01	2.3078252152e-01	2.3433302185e-01	2.3788352218e-01	2.4143402251e-01	2.4498452284e-01	2.4853502318e-01	2.5208552351e-01	2.5563602384e-01	2.5918652417e-01	2.6273702450e-01	2.6628752483e-01	2.6983802516e-01	2.7338852549e-01	2.7693902582e-01	2.8048952616e-01	2.8404002649e-01	2.8759052682e-01	2.9114102715e-01	2.9469152748e-01	2.9824202781e-01	3.0179252814e-01	3.0534302847e-01	3.0889352880e-01	3.1244402914e-01	3.1599452947e-01	3.1954502980e-01	3.2309553013e-01	3.2664603046e-01	3.3019653079e-01	3.3374703112e-01	3.3729753145e-01	3.4084803178e-01	3.4439853212e-01	3.4794903245e-01	3.5149953278e-01	3.5505003311e-01
1	0.0	6.8268283733e-02	6.8268283733e-02	6.8268283733e-02	9.8930418249e-02	9.8930418249e-02	9.8930418249e-02	9.8930418249e-02	1.1649258111e-01	1.1649258111e-01	1.1649258111e-01	1.1649258111e-01	1.3211958864e-01	1.3211958864e-01	1.3211958864e-01	1.3211958864e-01	1.4928607325e-01	1.4928607325e-01	1.4928607325e-01	1.4928607325e-01	1.7121898758e-01	1.7121898758e-01	1.7121898758e-01	1.7121898758e-01	1.9557929801e-01	1.9557929801e-01	1.9557929801e-01	1.9557929801e-01	2.0536495743e-01	2.4044138725e-01	2.4044138725e-01	2.4044138725e-01	2.6948119301e-01	2.6948119301e-01	2.9465073979e-01	2.9465073979e-01	2.9465073979e-01	3.4903728552e-01	3.4903728552e-01	3.4903728552e-01	3.4903728552e-01	4.1433756504e-01	4.1433756504e-01	4.1433756504e-01	4.1433756504e-01	4.4906407710e-01	5.1387575849e-01	5.1387575849e-01	5.1387575849e-01	6.0010668885e-01	6.0010668885e-01	6.4065144229e-01	6.4065144229e-01	6.4065144229e-01	7.3697194624e-01	7.3697194624e-01	7.3697194624e-01	7.9358543332e-01	8.3927848352e-01	8.3927848352e-01	8.3927848352e-01	9.6927772214e-01	9.6927772214e-01	1.0607125554e+00	1.0607125554e+00	1.0607125554e+00	1.1248362884e+00	1.1760106188e+00	1.1760106188e+00	1.1760106188e+00	1.3146390298e+00	1.3685360115e+00	1.3685360115e+00	1.3685360115e+00	1.4344765438e+00	1.5468800237e+00	1.5468800237e+00	1.5468800237e+00	1.5468800237e+00	1.6875529396e+00	1.7431168195e+00	1.7431168195e+00	1.7431168195e+00	1.8140084098e+00	1.8871334355e+00	1.8871334355e+00	1.8871334355e+00	1.9870757011e+00	2.0952168985e+00	2.0952168985e+00	2.1657551210e+00	2.1657551210e+00	2.2193093919e+00	2.2193093919e+00	2.3110082042e+00	2.3110082042e+00	2.3110082042e+00	2.4671385453e+00	2.4671385453e+00	2.4671385453e+00	2.5257784264e+00	
2	0.0	2.6640034844e-02	2.6640034844e-02	2.6640034844e-02	3.1170201902e-02	3.1170201902e-02	3.1170201902e-02	3.1170201902e-02	3.3610548508e-02	3.3610548508e-02	3.3610548508e-02	3.3610548508e-02	3.6899057172e-02	3.6899057172e-02	3.6899057172e-02	3.6899057172e-02	4.2337656530e-02	4.2337656530e-02	4.2337656530e-02	4.2337656530e-02	5.0639756864e-02	5.0639756864e-02	5.0639756864e-02	5.0639756864e-02	6.0631565513e-02	6.0631565513e-02	6.0631565513e-02	6.0631565513e-02	6.7622308823e-02	7.6516690945e-02	7.6516690945e-02	7.6516690945e-02	9.2835117106e-02	9.2835117106e-02	9.8886780823e-02	9.8886780823e-02	9.8886780823e-02	1.1765612745e-01	1.1765612745e-01	1.1765612745e-01	1.1765612745e-01	1.3910122258e-01	1.3910122258e-01	1.3910122258e-01	1.3910122258e-01	1.5209077248e-01	1.6732968761e-01	1.6732968761e-01	1.6732968761e-01	1.9752910744e-01	1.9752910744e-01	2.0629396718e-01	2.0629396718e-01	2.0629396718e-01	2.3216392192e-01	2.3216392192e-01	2.3216392192e-01	2.4851120095e-01	2.5844483585e-01	2.5844483585e-01	2.5844483585e-01	2.9608909477e-01	2.9608909477e-01	3.1645772672e-01	3.1645772672e-01	3.1645772672e-01	3.3247868479e-01	3.4257289403e-01	3.4257289403e-01	3.4257289403e-01	3.7593464417e-01	3.8689665490e-01	3.8689665490e-01	3.8689665490e-01	4.0078321886e-01	4.2479182556e-01	4.2479182556e-01	4.2479182556e-01	4.2479182556e-01	4.5473528211e-01	4.6490927412e-01	4.6490927412e-01	4.6490927412e-01	4.7851189519e-01	4.9290213295e-01	4.9290213295e-01	4.9290213295e-01	5.1443964396e-01	5.3789612513e-01	5.3789612513e-01	5.5266671057e-01	5.5266671057e-01	5.6109928821e-01	5.6109928821e-01	5.8636099428e-01	5.8636099428e-01	5.8636099428e-01	6.2000467141e-01	6.2000467141e-01	6.2000467141e-01	6.4033576533e-01	
3	0.0	1.4525244090e-02	1.4525244090e-02	1.4525244090e-02	1.2801548039e-02	1.2801548039e-02	1.2801548039e-02	1.2801548039e-02	1.2152114561e-02	1.2152114561e-02	1.2152114561e-02	1.2152114561e-02	1.3242393541e-02	1.3242393541e-02	1.3242393541e-02	1.3242393541e-02	1.6541523094e-02	1.6541523094e-02	1.6541523094e-02	1.6541523094e-02	2.2072301218e-02	2.2072301218e-02	2.2072301218e-02	2.2072301218e-02	2.8781773285e-02	2.8781773285e-02	2.8781773285e-02	2.8781773285e-02	3.3941900873e-02	3.8687132576e-02	3.8687132576e-02	3.8687132576e-02	5.0690069621e-02	5.0690069621e-02	5.3721880691e-02	5.3721880691e-02	5.3721880691e-02	6.5056778831e-02	6.5056778831e-02	6.5056778831e-02	6.5056778831e-02	7.7441033571e-02	7.7441033571e-02	7.7441033571e-02	7.7441033571e-02	8.5041092918e-02	9.2538975787e-02	9.2538975787e-02	9.2538975787e-02	1.0994753423e-01	1.0994753423e-01	1.1389830186e-01	1.1389830186e-01	1.1389830186e-01	1.2674351560e-01	1.2674351560e-01	1.2674351560e-01	1.3440443986e-01	1.3899431087e-01	1.3899431087e-01	1.3899431087e-01	1.5703329589e-01	1.5703329589e-01	1.6652228288e-01	1.6652228288e-01	1.6652228288e-01	1.7323502306e-01	1.7736123731e-01	1.7736123731e-01	1.7736123731e-01	1.9046450460e-01	1.9506030487e-01	1.9506030487e-01	1.9506030487e-01	1.9987468978e-01	2.1018580557e-01	2.1018580557e-01	2.1018580557e-01	2.1018580557e-01	2.2038632733e-01	2.2410667368e-01	2.2410667368e-01	2.2410667368e-01	2.2839908591e-01	2.3396720580e-01	2.3396720580e-01	2.3396720580e-01	2.4132966057e-01	2.5066595969e-01	2.5066595969e-01	2.5602583427e-01	2.5602583427e-01	2.5851603085e-01	2.5851603085e-01	2.6858630239e-01	2.6858630239e-01	2.6858630239e-01	2.8244321731e-01	2.8244321731e-01	2.8244321731e-01	2.9694978639e-01	
4	0.0	9.5982449517e-03	9.5982449517e-03	9.5982449517e-03	6.1539833506e-03	6.1539833506e-03	6.1539833506e-03	6.1539833506e-03	5.0597048484e-03	5.0597048484e-03	5.0597048484e-03	5.0597048484e-03	6.0392111177e-03	6.0392111177e-03	6.0392111177e-03	6.0392111177e-03	9.2239382005e-03	9.2239382005e-03	9.2239382005e-03	9.2239382005e-03	1.4518122894e-02	1.4518122894e-02	1.4518122894e-02	1.4518122894e-02	2.0880912039e-02	2.0880912039e-02	2.0880912039e-02	2.0880912039e-02	2.5589829123e-02	3.0176951184e-02	3.0176951184e-02	3.0176951184e-02	4.1495712012e-02	4.1495712012e-02	4.4344988849e-02	4.4344988849e-02	4.4344988849e-02	5.4765627742e-02	5.4765627742e-02	5.4765627742e-02	5.4765627742e-02	6.5956243337e-02	6.5956243337e-02	6.5956243337e-02	6.5956243337e-02	7.2779948897e-02	7.9577744890e-02	7.9577744890e-02	7.9577744890e-02	9.4995623736e-02	9.4995623736e-02	9.8524871210e-02	9.8524871210e-02	9.8524871210e-02	1.0989192734e-01	1.0989192734e-01	1.0989192734e-01	1.1659747909e-01	1.2057289584e-01	1.2057289584e-01	1.2057289584e-01	1.3555208681e-01	1.3555208681e-01	1.4348168497e-01	1.4348168497e-01	1.4348168497e-01	1.4927107826e-01	1.5271317757e-01	1.5271317757e-01	1.5271317757e-01	1.6355801025e-01	1.6730924720e-01	1.6730924720e-01	1.6730924720e-01	1.7162409936e-01	1.7964153573e-01	1.7964153573e-01	1.7964153573e-01	1.7964153573e-01	1.8829481571e-01	1.9126811939e-01	1.9126811939e-01	1.9126811939e-01	1.9535026861e-01	1.9958562030e-01	1.9958562030e-01	1.9958562030e-01	2.0616526445e-01	2.1263904560e-01	2.1263904560e-01	2.1778739067e-01	2.1778739067e-01	2.1970287084e-01	2.1970287084e-01	2.2800837291e-01	2.2800837291e-01	2.2800837291e-01	2.3842834314e-01	2.3842834314e-01	2.3842834314e-01	2.4887897429e-01	
5	0.0	6.5938681656e-03	6.5938681656e-03	6.5938681656e-03	2.4286038458e-03	2.4286038458e-03	2.4286038458e-03	2.4286038458e-03	1.2656274467e-03	1.2656274467e-03	1.2656274467e-03	1.2656274467e-03	2.3998231462e-03	2.3998231462e-03	2.3998231462e-03	2.3998231462e-03	5.8133201534e-03	5.8133201534e-03	5.8133201534e-03	5.8133201534e-03	1.1431692535e-02	1.1431692535e-02	1.1431692535e-02	1.1431692535e-02	1.8187959804e-02	1.8187959804e-02	1.8187959804e-02	1.8187959804e-02	2.3184754289e-02	2.8069495545e-02	2.8069495545e-02	2.8069495545e-02	4.0180806601e-02	4.0180806601e-02	4.3169912684e-02	4.3169912684e-02	4.3169912684e-02	5.4232531705e-02	5.4232531705e-02	5.4232531705e-02	5.4232531705e-02	6.6122633406e-02	6.6122633406e-02	6.6122633406e-02	6.6122633406e-02	7.3547333270e-02	8.0568403445e-02	8.0568403445e-02	8.0568403445e-02	9.6574429065e-02	9.6574429065e-02	1.0031040822e-01	1.0031040822e-01	1.0031040822e-01	1.1234277698e-01	1.1234277698e-01	1.1234277698e-01	1.1961339124e-01	1.2373169433e-01	1.2373169433e-01	1.2373169433e-01	1.3888439401e-01	1.3888439401e-01	1.4696704201e-01	1.4696704201e-01	1.4696704201e-01	1.5320695212e-01	1.5691261955e-01	1.5691261955e-01	1.5691261955e-01	1.6824351879e-01	1.7219798552e-01	1.7219798552e-01	1.7219798552e-01	1.7707390309e-01	1.8518787727e-01	1.8518787727e-01	1.8518787727e-01	1.8518787727e-01	1.9448394561e-01	1.9779249638e-01	1.9779249638e-01	1.9779249638e-01	2.0246876313e-01	2.0695874179e-01	2.0695874179e-01	2.0695874179e-01	2.1370837517e-01	2.2015127764e-01	2.2015127764e-01	2.2555468235e-01	2.2555468235e-01	2.2797566425e-01	2.2797566425e-01	2.3575623694e-01	2.3575623694e-01	2.3575623694e-01	2.4572933839e-01	2.4572933839e-01	2.4572933839e-01	2.5342529455e-01	
6	0.0	4.6868826838e-03	4.6868826838e-03	4.6868826838e-03	-9.4027238081e-05	-9.4027238081e-05	-9.4027238081e-05	-9.4027238081e-05	-1.4035231889e-03	-1.4035231889e-03	-1.4035231889e-03	-1.4035231889e-03	-2.1548864645e-04	-2.1548864645e-04	-2.1548864645e-04	-2.1548864645e-04	3.4215143832e-03	3.4215143832e-03	3.4215143832e-03	3.4215143832e-03	9.4782724645e-03	9.4782724645e-03	9.4782724645e-03	9.4782724645e-03	1.6844163083e-02	1.6844163083e-02	1.6844163083e-02	1.6844163083e-02	2.2455445441e-02	2.7558820267e-02	2.7558820267e-02	2.7558820267e-02	4.0929500771e-02	4.0929500771e-02	4.4010275691e-02	4.4010275691e-02	4.4010275691e-02	5.5908185554e-02	5.5908185554e-02	5.5908185554e-02	5.5908185554e-02	6.8651557067e-02	6.8651557067e-02	6.8651557067e-02	6.8651557067e-02	7.6766863798e-02	8.3938797377e-02	8.3938797377e-02	8.3938797377e-02	1.0075293569e-01	1.0075293569e-01	1.0465323580e-01	1.0465323580e-01	1.0465323580e-01	1.1736030588e-01	1.1736030588e-01	1.1736030588e-01	1.2521220480e-01	1.2945001274e-01	1.2945001274e-01	1.2945001274e-01	1.4508175344e-01	1.4508175344e-01	1.5330851150e-01	1.5330851150e-01	1.5330851150e-01	1.5999861500e-01	1.6392573704e-01	1.6392573704e-01	1.6392573704e-01	1.7585747999e-01	1.8000077820e-01	1.8000077820e-01	1.8000077820e-01	1.8532080732e-01	1.9366459282e-01	1.9366459282e-01	1.9366459282e-01	1.9366459282e-01	2.0346137808e-01	2.0706819172e-01	2.0706819172e-01	2.0706819172e-01	2.1208512219e-01	2.1688163635e-01	2.1688163635e-01	2.1688163635e-01	2.2355048679e-01	2.3024204670e-01	2.3024204670e-01	2.3552791249e-01	2.3552791249e-01	2.3839407637e-01	2.3839407637e-01	2.4548115556e-01	2.4548115556e-01	2.4548115556e-01	2.5517657741e-01	2.5517657741e-01	2.5517657741e-01	2.6084944911e-01	
7	0.0	2.7754826745e-03	2.7754826745e-03	2.7754826745e-03	-2.7452717519e-03	-2.7452717519e-03	-2.7452717519e-03	-2.7452717519e-03	-4.3404751021e-03	-4.3404751021e-03	-4.3404751021e-03	-4.3404751021e-03	-3.1952821681e-03	-3.1952821681e-03	-3.1952821681e-03	-3.1952821681e-03	6.1947925842e-04	6.1947925842e-04	6.1947925842e-04	6.1947925842e-04	7.0607134221e-03	7.0607134221e-03	7.0607134221e-03	7.0607134221e-03	1.4995283309e-02	1.4995283309e-02	1.4995283309e-02	1.4995283309e-02	2.1228080321e-02	2.6455997048e-02	2.6455997048e-02	2.6455997048e-02	4.1071257946e-02	4.1071257946e-02	4.4192196342e-02	4.4192196342e-02	4.4192196342e-02	5.6802209576e-02	5.6802209576e-02	5.6802209576e-02	5.6802209576e-02	7.0201432890e-02	7.0201432890e-02	7.0201432890e-02	7.0201432890e-02	7.8826523945e-02	8.6055725587e-02	8.6055725587e-02	8.6055725587e-02	1.0348027710e-01	1.0348027710e-01	1.0746568165e-01	1.0746568165e-01	1.0746568165e-01	1.2064730802e-01	1.2064730802e-01	1.2064730802e-01	1.2894969185e-01	1.3324457019e-01	1.3324457019e-01	1.3324457019e-01	1.4937492207e-01	1.4937492207e-01	1.5765372136e-01	1.5765372136e-01	1.5765372136e-01	1.6473147235e-01	1.6877845137e-01	1.6877845137e-01	1.6877845137e-01	1.8128687437e-01	1.8552984197e-01	1.8552984197e-01	1.8552984197e-01	1.9121127630e-01	1.9967020735e-01	1.9967020735e-01	1.9967020735e-01	1.9967020735e-01	2.0995856806e-01	2.1370240839e-01	2.1370240839e-01	2.1370240839e-01	2.1898450525e-01	2.2390712753e-01	2.2390712753e-01	2.2390712753e-01	2.3068104949e-01	2.3743571600e-01	2.3743571600e-01	2.4275468535e-01	2.4275468535e-01	2.4579571834e-01	2.4579571834e-01	2.5238840918e-01	2.5238840918e-01	2.5238840918e-01	2.6179251214e-01	2.6179251214e-01	2.6179251214e-01	2.6631717945e-01	
8	0.0	8.1095483827e-04	8.1095483827e-04	8.1095483827e-04	-5.4677197145e-03	-5.4677197145e-03	-5.4677197145e-03	-5.4677197145e-03	-7.3890816709e-03	-7.3890816709e-03	-7.3890816709e-03	-7.3890816709e-03	-6.3168565762e-03	-6.3168565762e-03	-6.3168565762e-03	-6.3168565762e-03	-2.3412290547e-03	-2.3412290547e-03	-2.3412290547e-03	-2.3412290547e-03	4.4553923256e-03	4.4553923256e-03	4.4553923256e-03	4.4553923256e-03	1.2879636141e-02	1.2879636141e-02	1.2879636141e-02	1.2879636141e-02	1.9630660619e-02	2.4977740016e-02	2.4977740016e-02	2.4977740016e-02	4.0688058710e-02	4.0688058710e-02	4.3870243927e-02	4.3870243927e-02	4.3870243927e-02	5.7110376761e-02	5.7110376761e-02	5.7110376761e-02	5.7110376761e-02	7.1068595479e-02	7.1068595479e-02	7.1068595479e-02	7.1068595479e-02	8.0103105406e-02	8.7459496459e-02	8.7459496459e-02	8.7459496459e-02	1.0544355272e-01	1.0544355272e-01	1.0953131099e-01	1.0953131099e-01	1.0953131099e-01	1.2318009596e-01	1.2318009596e-01	1.2318009596e-01	1.3189173714e-01	1.3627990546e-01	1.3627990546e-01	1.3627990546e-01	1.5293467324e-01	1.5293467324e-01	1.6136380529e-01	1.6136380529e-01	1.6136380529e-01	1.6879381671e-01	1.7297912544e-01	1.7297912544e-01	1.7297912544e-01	1.8593422510e-01	1.9031075495e-01	1.9031075495e-01	1.9031075495e-01	1.9624965964e-01	2.0493694171e-01	2.0493694171e-01	2.0493694171e-01	2.0493694171e-01	2.1553075378e-01	2.1943294026e-01	2.1943294026e-01	2.1943294026e-01	2.2489015888e-01	2.2998224580e-01	2.2998224580e-01	2.2998224580e-01	2.3693026014e-01	2.4389337676e-01	2.4389337676e-01	2.4931370340e-01	2.4931370340e-01	2.5249255875e-01	2.5249255875e-01	2.5897986416e-01	2.5897986416e-01	2.5897986416e-01	2.6835146209e-01	2.6835146209e-01	2.6835146209e-01	2.7240457374e-01	
9	0.0	-1.1894678014e-03	-1.1894678014e-03	-1.1894678014e-03	-8.2988667846e-03	-8.2988667846e-03	-8.2988667846e-03	-8.2988667846e-03	-1.0562090542e-02	-1.0562090542e-02	-1.0562090542e-02	-1.0562090542e-02	-9.5657897830e-03	-9.5657897830e-03	-9.5657897830e-03	-9.5657897830e-03	-5.4419754589e-03	-5.4419754589e-03	-5.4419754589e-03	-5.4419754589e-03	1.6734185272e-03	1.6734185272e-03	1.6734185272e-03	1.6734185272e-03	1.0507656940e-02	1.0507656940e-02	1.0507656940e-02	1.0507656940e-02	1.7660695321e-02	2.3097942381e-02	2.3097942381e-02	2.3097942381e-02	3.9754000852e-02	3.9754000852e-02	4.3002552339e-02	4.3002552339e-02	4.3002552339e-02	5.6777101743e-02	5.6777101743e-02	5.6777101743e-02	5.6777101743e-02	7.1197272464e-02	7.1197272464e-02	7.1197272464e-02	7.1197272464e-02	8.0563063237e-02	8.8060157747e-02	8.8060157747e-02	8.8060157747e-02	1.0650272572e-01	1.0650272572e-01	1.1068032719e-01	1.1068032719e-01	1.1068032719e-01	1.2471166364e-01	1.2471166364e-01	1.2471166364e-01	1.3374764443e-01	1.3822246009e-01	1.3822246009e-01	1.3822246009e-01	1.5527051722e-01	1.5527051722e-01	1.6385365913e-01	1.6385365913e-01	1.6385365913e-01	1.7154014594e-01	1.7583911583e-01	1.7583911583e-01	1.7583911583e-01	1.8916796752e-01	1.9365615797e-01	1.9365615797e-01	1.9365615797e-01	1.9978443838e-01	2.0867288738e-01	2.0867288738e-01	2.0867288738e-01	2.0867288738e-01	2.1949267038e-01	2.2354582324e-01	2.2354582324e-01	2.2354582324e-01	2.2911588623e-01	2.3439535163e-01	2.3439535163e-01	2.3439535163e-01	2.4145611805e-01	2.4867225451e-01	2.4867225451e-01	2.5409861802e-01	2.5409861802e-01	2.5740324220e-01	2.5740324220e-01	2.6361954500e-01	2.6361954500e-01	2.6361954500e-01	2.7283617726e-01	2.7283617726e-01	2.7283617726e-01	2.7653961282e-01	
10	0.0	-3.0912281462e-03	-3.0912281462e-03	-3.0912281462e-03	-1.1091361407e-02	-1.1091361407e-02	-1.1091361407e-02	-1.1091361407e-02	-1.3725970495e-02	-1.3725970495e-02	-1.3725970495e-02	-1.3725970495e-02	-1.2838791014e-02	-1.2838791014e-02	-1.2838791014e-02	-1.2838791014e-02	-8.6103280705e-03	-8.6103280705e-03	-8.6103280705e-03	-8.6103280705e-03	-1.2326582255e-03	-1.2326582255e-03	-1.2326582255e-03	-1.2326582255e-03	7.9394928835e-03	7.9394928835e-03	7.9394928835e-03	7.9394928835e-03	1.5426678354e-02	2.0890126832e-02	2.0890126832e-02	2.0890126832e-02	3.8329150354e-02	3.8329150354e-02	4.1618578455e-02	4.1618578455e-02	4.1618578455e-02	5.5802635614e-02	5.5802635614e-02	5.5802635614e-02	5.5802635614e-02	7.0563828221e-02	7.0563828221e-02	7.0563828221e-02	7.0563828221e-02	8.0196621472e-02	8.7783796190e-02	8.7783796190e-02	8.7783796190e-02	1.0656830569e-01	1.0656830569e-01	1.1080101000e-01	1.1080101000e-01	1.1080101000e-01	1.2511221967e-01	1.2511221967e-01	1.2511221967e-01	1.3439511648e-01	1.3892756259e-01	1.3892756259e-01	1.3892756259e-01	1.5621272834e-01	1.5621272834e-01	1.6490525000e-01	1.6490525000e-01	1.6490525000e-01	1.7275652468e-01	1.7713027030e-01	1.7713027030e-01	1.7713027030e-01	1.9057503970e-01	1.9513714721e-01	1.9513714721e-01	1.9513714721e-01	2.0134483335e-01	2.1037309898e-01	2.1037309898e-01	2.1037309898e-01	2.1037309898e-01	2.2133945194e-01	2.2550347610e-01	2.2550347610e-01	2.2550347610e-01	2.3115178957e-01	2.3657746626e-01	2.3657746626e-01	2.3657746626e-01	2.4371330559e-01	2.5112575351e-01	2.5112575351e-01	2.5651677664e-01	2.5651677664e-01	2.5991092850e-01	2.5991092850e-01	2.6597111804e-01	2.6597111804e-01	2.6597111804e-01	2.7514280712e-01	2.7514280712e-01	2.7514280712e-01	2.7868163349e-01	
11	0.0	-5.2720319532e-03	-5.2720319532e-03	-5.2720319532e-03	-1.4046367628e-02	-1.4046367628e-02	-1.4046367628e-02	-1.4046367628e-02	-1.6949903895e-02	-1.6949903895e-02	-1.6949903895e-02	-1.6949903895e-02	-1.6074427003e-02	-1.6074427003e-02	-1.6074427003e-02	-1.6074427003e-02	-1.1650786242e-02	-1.1650786242e-02	-1.1650786242e-02	-1.1650786242e-02	-3.9255087006e-03	-3.9255087006e-03	-3.9255087006e-03	-3.9255087006e-03	5.6434476578e-03	5.6434476578e-03	5.6434476578e-03	5.6434476578e-03	1.3450014164e-02	1.9039654431e-02	1.9039654431e-02	1.9039654431e-02	3.7150621235e-02	3.7150621235e-02	4.0538660276e-02	4.0538660276e-02	4.0538660276e-02	5.5146267933e-02	5.5146267933e-02	5.5146267933e-02	5.5146267933e-02	7.0267799657e-02	7.0267799657e-02	7.0267799657e-02	7.0267799657e-02	8.0154092372e-02	8.7912578208e-02	8.7912578208e-02	8.7912578208e-02	1.0704940375e-01	1.0704940375e-01	1.1137643815e-01	1.1137643815e-01	1.1137643815e-01	1.2600768797e-01	1.2600768797e-01	1.2600768797e-01	1.3554174231e-01	1.4016394537e-01	1.4016394537e-01	1.4016394537e-01	1.5754450643e-01	1.5754450643e-01	1.6640167262e-01	1.6640167262e-01	1.6640167262e-01	1.7434695055e-01	1.7880995243e-01	1.7880995243e-01	1.7880995243e-01	1.9224811641e-01	1.9689521977e-01	1.9689521977e-01	1.9689521977e-01	2.0315230046e-01	2.1234134005e-01	2.1234134005e-01	2.1234134005e-01	2.1234134005e-01	2.2344488722e-01	2.2770074100e-01	2.2770074100e-01	2.2770074100e-01	2.3341997043e-01	2.3896047684e-01	2.3896047684e-01	2.3896047684e-01	2.4609722962e-01	2.5364398346e-01	2.5364398346e-01	2.5896566014e-01	2.5896566014e-01	2.6241544026e-01	2.6241544026e-01	2.6844974614e-01	2.6844974614e-01	2.6844974614e-01	2.7766040715e-01	2.7766040715e-01	2.7766040715e-01	2.8118186625e-01	
12	0.0	-6.9492664792e-03	-6.9492664792e-03	-6.9492664792e-03	-1.6406977123e-02	-1.6406977123e-02	-1.6406977123e-02	-1.6406977123e-02	-1.9616103145e-02	-1.9616103145e-02	-1.9616103145e-02	-1.9616103145e-02	-1.8868844268e-02	-1.8868844268e-02	-1.8868844268e-02	-1.8868844268e-02	-1.4427821284e-02	-1.4427821284e-02	-1.4427821284e-02	-1.4427821284e-02	-6.5800911282e-03	-6.5800911282e-03	-6.5800911282e-03	-6.5800911282e-03	3.1659068551e-03	3.1659068551e-03	3.1659068551e-03	3.1659068551e-03	1.1182816309e-02	1.6683140481e-02	1.6683140481e-02	1.6683140481e-02	3.5239017645e-02	3.5239017645e-02	3.8601645866e-02	3.8601645866e-02	3.8601645866e-02	5.3362244682e-02	5.3362244682e-02	5.3362244682e-02	5.3362244682e-02	6.8569943210e-02	6.8569943210e-02	6.8569943210e-02	6.8569943210e-02	7.8575683068e-02	8.6278543892e-02	8.6278543892e-02	8.6278543892e-02	1.0559601205e-01	1.0559601205e-01	1.0989728520e-01	1.0989728520e-01	1.0989728520e-01	1.2462718234e-01	1.2462718234e-01	1.2462718234e-01	1.3429736066e-01	1.3890164070e-01	1.3890164070e-01	1.3890164070e-01	1.5636774020e-01	1.5636774020e-01	1.6519492791e-01	1.6519492791e-01	1.6519492791e-01	1.7322500768e-01	1.7766823167e-01	1.7766823167e-01	1.7766823167e-01	1.9113902326e-01	1.9576672159e-01	1.9576672159e-01	1.9576672159e-01	2.0207889384e-01	2.1124126519e-01	2.1124126519e-01	2.1124126519e-01	2.1124126519e-01	2.2245827128e-01	2.2669779931e-01	2.2669779931e-01	2.2669779931e-01	2.3246614446e-01	2.3798410385e-01	2.3798410385e-01	2.3798410385e-01	2.4512089843e-01	2.5260369040e-01	2.5260369040e-01	2.5787810096e-01	2.5787810096e-01	2.6127963567e-01	2.6127963567e-01	2.6736306149e-01	2.6736306149e-01	2.6736306149e-01	2.7649110303e-01	2.7649110303e-01	2.7649110303e-01	2.8005785200e-01	
13	0.0	-8.7486082789e-03	-8.7486082789e-03	-8.7486082789e-03	-1.8949317724e-02	-1.8949317724e-02	-1.8949317724e-02	-1.8949317724e-02	-2.2456744445e-02	-2.2456744445e-02	-2.2456744445e-02	-2.2456744445e-02	-2.1796254650e-02	-2.1796254650e-02	-2.1796254650e-02	-2.1796254650e-02	-1.7278101012e-02	-1.7278101012e-02	-1.7278101012e-02	-1.7278101012e-02	-9.2285593414e-03	-9.2285593414e-03	-9.2285593414e-03	-9.2285593414e-03	7.7417961848e-04	7.7417961848e-04	7.7417961848e-04	7.7417961848e-04	9.0132916047e-03	1.4544792693e-02	1.4544792693e-02	1.4544792693e-02	3.3517356252e-02	3.3517356252e-02	3.6935433694e-02	3.6935433694e-02	3.6935433694e-02	5.1927074830e-02	5.1927074830e-02	5.1927074830e-02	5.1927074830e-02	6.7297227797e-02	6.7297227797e-02	6.7297227797e-02	6.7297227797e-02	7.7419287138e-02	8.5182850756e-02	8.5182850756e-02	8.5182850756e-02	1.0470808915e-01	1.0470808915e-01	1.0904972350e-01	1.0904972350e-01	1.0904972350e-01	1.2394575189e-01	1.2394575189e-01	1.2394575189e-01	1.3375149865e-01	1.3838977050e-01	1.3838977050e-01	1.3838977050e-01	1.5586768238e-01	1.5586768238e-01	1.6475076249e-01	1.6475076249e-01	1.6475076249e-01	1.7284750509e-01	1.7731567198e-01	1.7731567198e-01	1.7731567198e-01	1.9092999019e-01	1.9557998452e-01	1.9557998452e-01	1.9557998452e-01	2.0200274054e-01	2.1121727041e-01	2.1121727041e-01	2.1121727041e-01	2.1121727041e-01	2.2265343274e-01	2.2689473696e-01	2.2689473696e-01	2.2689473696e-01	2.3276457087e-01	2.3827592567e-01	2.3827592567e-01	2.3827592567e-01	2.4552854049e-01	2.5295833729e-01	2.5295833729e-01	2.5828223719e-01	2.5828223719e-01	2.6164041293e-01	2.6164041293e-01	2.6785925094e-01	2.6785925094e-01	2.6785925094e-01	2.7694622444e-01	2.7694622444e-01	2.7694622444e-01	2.8059498658e-01	
14	0.0	-1.0440117254e-02	-1.0440117254e-02	-1.0440117254e-02	-2.1285586798e-02	-2.1285586798e-02	-2.1285586798e-02	-2.1285586798e-02	-2.5058298453e-02	-2.5058298453e-02	-2.5058298453e-02	-2.5058298453e-02	-2.4483163093e-02	-2.4483163093e-02	-2.4483163093e-02	-2.4483163093e-02	-1.9913640367e-02	-1.9913640367e-02	-1.9913640367e-02	-1.9913640367e-02	-1.1718363348e-02	-1.1718363348e-02	-1.1718363348e-02	-1.1718363348e-02	-1.5401071747e-03	-1.5401071747e-03	-1.5401071747e-03	-1.5401071747e-03	6.8444587453e-03	1.2363718618e-02	1.2363718618e-02	1.2363718618e-02	3.1571979510e-02	3.1571979510e-02	3.5005810669e-02	3.5005810669e-02	3.5005810669e-02	5.0070312014e-02	5.0070312014e-02	5.0070312014e-02	5.0070312014e-02	6.5429108653e-02	6.5429108653e-02	6.5429108653e-02	6.5429108653e-02	7.5538796258e-02	8.3285778251e-02	8.3285778251e-02	8.3285778251e-02	1.0281930155e-01	1.0281930155e-01	1.0716117569e-01	1.0716117569e-01	1.0716117569e-01	1.2207039393e-01	1.2207039393e-01	1.2207039393e-01	1.3188420095e-01	1.3652377666e-01	1.3652377666e-01	1.3652377666e-01	1.5377099964e-01	1.5377099964e-01	1.6264884519e-01	1.6264884519e-01	1.6264884519e-01	1.7073661481e-01	1.7519723723e-01	1.7519723723e-01	1.7519723723e-01	1.8889997884e-01	1.9354301594e-01	1.9354301594e-01	1.9354301594e-01	2.0004575369e-01	2.0925961058e-01	2.0925961058e-01	2.0925961058e-01	2.0925961058e-01	2.2084100805e-01	2.2505389594e-01	2.2505389594e-01	2.2505389594e-01	2.3098441523e-01	2.3645397769e-01	2.3645397769e-01	2.3645397769e-01	2.4377282988e-01	2.5110207142e-01	2.5110207142e-01	2.5644535771e-01	2.5644535771e-01	2.5973394098e-01	2.5973394098e-01	2.6602713907e-01	2.6602713907e-01	2.6602713907e-01	2.7498624562e-01	2.7498624562e-01	2.7498624562e-01	2.7868365533e-01	
15	0.0	-1.2036114276e-02	-1.2036114276e-02	-1.2036114276e-02	-2.3474611529e-02	-2.3474611529e-02	-2.3474611529e-02	-2.3474611529e-02	-2.7496411596e-02	-2.7496411596e-02	-2.7496411596e-02	-2.7496411596e-02	-2.7005538920e-02	-2.7005538920e-02	-2.7005538920e-02	-2.7005538920e-02	-2.2392232069e-02	-2.2392232069e-02	-2.2392232069e-02	-2.2392232069e-02	-1.4067038325e-02	-1.4067038325e-02	-1.4067038325e-02	-1.4067038325e-02	-3.7411187963e-03	-3.7411187963e-03	-3.7411187963e-03	-3.7411187963e-03	4.7522658366e-03	1.0260726348e-02	1.0260726348e-02	1.0260726348e-02	2.9614027057e-02	2.9614027057e-02	3.3050016354e-02	3.3050016354e-02	3.3050016354e-02	4.8129022003e-02	4.8129022003e-02	4.8129022003e-02	4.8129022003e-02	6.3422394727e-02	6.3422394727e-02	6.3422394727e-02	6.3422394727e-02	7.3483449284e-02	8.1185310888e-02	8.1185310888e-02	8.1185310888e-02	1.0068247038e-01	1.0068247038e-01	1.0501106164e-01	1.0501106164e-01	1.0501106164e-01	1.1989598819e-01	1.1989598819e-01	1.1989598819e-01	1.2969650757e-01	1.3432108671e-01	1.3432108671e-01	1.3432108671e-01	1.5148315636e-01	1.5148315636e-01	1.6032112208e-01	1.6032112208e-01	1.6032112208e-01	1.6843592266e-01	1.7287501454e-01	1.7287501454e-01	1.7287501454e-01	1.8667028671e-01	1.9129287338e-01	1.9129287338e-01	1.9129287338e-01	1.9785771376e-01	2.0704106699e-01	2.0704106699e-01	2.0704106699e-01	2.0704106699e-01	2.1871931531e-01	2.2288742898e-01	2.2288742898e-01	2.2288742898e-01	2.2885729926e-01	2.3426623619e-01	2.3426623619e-01	2.3426623619e-01	2.4163937782e-01	2.4884587686e-01	2.4884587686e-01	2.5421152275e-01	2.5421152275e-01	2.5741512324e-01	2.5741512324e-01	2.6378465329e-01	2.6378465329e-01	2.6378465329e-01	2.7258685000e-01	2.7258685000e-01	2.7258685000e-01	2.7634042664e-01	
16	0.0	-1.3548021044e-02	-1.3548021044e-02	-1.3548021044e-02	-2.5537835353e-02	-2.5537835353e-02	-2.5537835353e-02	-2.5537835353e-02	-2.9795756657e-02	-2.9795756657e-02	-2.9795756657e-02	-2.9795756657e-02	-2.9388560142e-02	-2.9388560142e-02	-2.9388560142e-02	-2.9388560142e-02	-2.4741181119e-02	-2.4741181119e-02	-2.4741181119e-02	-2.4741181119e-02	-1.6307924792e-02	-1.6307924792e-02	-1.6307924792e-02	-1.6307924792e-02	-5.8701094455e-03	-5.8701094455e-03	-5.8701094455e-03	-5.8701094455e-03	2.6890295586e-03	8.1836613739e-03	8.1836613739e-03	8.1836613739e-03	2.7564959598e-02	2.7564959598e-02	3.0993109244e-02	3.0993109244e-02	3.0993109244e-02	4.6016789013e-02	4.6016789013e-02	4.6016789013e-02	4.6016789013e-02	6.1175385195e-02	6.1175385195e-02	6.1175385195e-02	6.1175385195e-02	7.1124290843e-02	7.8771359447e-02	7.8771359447e-02	7.8771359447e-02	9.8124594831e-02	9.8124594831e-02	1.0243656567e-01	1.0243656567e-01	1.0243656567e-01	1.1723489500e-01	1.1723489500e-01	1.1723489500e-01	1.2696944747e-01	1.3157344601e-01	1.3157344601e-01	1.3157344601e-01	1.4861398780e-01	1.4861398780e-01	1.5739689891e-01	1.5739689891e-01	1.5739689891e-01	1.6550953294e-01	1.6992246448e-01	1.6992246448e-01	1.6992246448e-01	1.8376532134e-01	1.8836214153e-01	1.8836214153e-01	1.8836214153e-01	1.9496226872e-01	2.0409491230e-01	2.0409491230e-01	2.0409491230e-01	2.0409491230e-01	2.1584869077e-01	2.1996482735e-01	2.1996482735e-01	2.1996482735e-01	2.2597266036e-01	2.3131300026e-01	2.3131300026e-01	2.3131300026e-01	2.3876062294e-01	2.4583794438e-01	2.4583794438e-01	2.5125106786e-01	2.5125106786e-01	2.5436013516e-01	2.5436013516e-01	2.6083846704e-01	2.6083846704e-01	2.6083846704e-01	2.6947954752e-01	2.6947954752e-01	2.6947954752e-01	2.7331170540e-01	
17	0.0	-1.4997390072e-02	-1.4997390072e-02	-1.4997390072e-02	-2.7500459360e-02	-2.7500459360e-02	-2.7500459360e-02	-2.7500459360e-02	-3.1979188963e-02	-3.1979188963e-02	-3.1979188963e-02	-3.1979188963e-02	-3.1650168965e-02	-3.1650168965e-02	-3.1650168965e-02	-3.1650168965e-02	-2.6973436578e-02	-2.6973436578e-02	-2.6973436578e-02	-2.6973436578e-02	-1.8450897277e-02	-1.8450897277e-02	-1.8450897277e-02	-1.8450897277e-02	-7.9354565641e-03	-7.9354565641e-03	-7.9354565641e-03	-7.9354565641e-03	6.4636883996e-04	6.1261618718e-03	6.1261618718e-03	6.1261618718e-03	2.5421805674e-02	2.5421805674e-02	2.8836453164e-02	2.8836453164e-02	2.8836453164e-02	4.3737723908e-02	4.3737723908e-02	4.3737723908e-02	4.3737723908e-02	5.8691548519e-02	5.8691548519e-02	5.8691548519e-02	5.8691548519e-02	6.8470773775e-02	7.6045497594e-02	7.6045497594e-02	7.6045497594e-02	9.5119427768e-02	9.5119427768e-02	9.9410504896e-02	9.9410504896e-02	9.9410504896e-02	1.1404471251e-01	1.1404471251e-01	1.1404471251e-01	1.2365315310e-01	1.2823041952e-01	1.2823041952e-01	1.2823041952e-01	1.4509184428e-01	1.4509184428e-01	1.5380444726e-01	1.5380444726e-01	1.5380444726e-01	1.6188650942e-01	1.6626664289e-01	1.6626664289e-01	1.6626664289e-01	1.8013954539e-01	1.8470251417e-01	1.8470251417e-01	1.8470251417e-01	1.9132983326e-01	2.0038148144e-01	2.0038148144e-01	2.0038148144e-01	2.0038148144e-01	2.1222441796e-01	2.1628073529e-01	2.1628073529e-01	2.1628073529e-01	2.2234045522e-01	2.2760249733e-01	2.2760249733e-01	2.2760249733e-01	2.3515346255e-01	2.4209096548e-01	2.4209096548e-01	2.4757774818e-01	2.4757774818e-01	2.5057955299e-01	2.5057955299e-01	2.5719687214e-01	2.5719687214e-01	2.5719687214e-01	2.6566420229e-01	2.6566420229e-01	2.6566420229e-01	2.6958728123e-01	
18	0.0	-1.6377205524e-02	-1.6377205524e-02	-1.6377205524e-02	-2.9343801493e-02	-2.9343801493e-02	-2.9343801493e-02	-2.9343801493e-02	-3.4019433238e-02	-3.4019433238e-02	-3.4019433238e-02	-3.4019433238e-02	-3.3756456865e-02	-3.3756456865e-02	-3.3756456865e-02	-3.3756456865e-02	-2.9050671012e-02	-2.9050671012e-02	-2.9050671012e-02	-2.9050671012e-02	-2.0455063499e-02	-2.0455063499e-02	-2.0455063499e-02	-2.0455063499e-02	-9.8949725709e-03	-9.8949725709e-03	-9.8949725709e-03	-9.8949725709e-03	-1.3394970212e-03	4.1341230873e-03	4.1341230873e-03	4.1341230873e-03	2.3224246440e-02	2.3224246440e-02	2.6629156906e-02	2.6629156906e-02	2.6629156906e-02	4.1346129953e-02	4.1346129953e-02	4.1346129953e-02	4.1346129953e-02	5.6032095460e-02	5.6032095460e-02	5.6032095460e-02	5.6032095460e-02	6.5580463203e-02	7.3089335955e-02	7.3089335955e-02	7.3089335955e-02	9.1735682847e-02	9.1735682847e-02	9.6004710928e-02	9.6004710928e-02	9.6004710928e-02	1.1038882634e-01	1.1038882634e-01	1.1038882634e-01	1.1979503440e-01	1.2434024927e-01	1.2434024927e-01	1.2434024927e-01	1.4092195959e-01	1.4092195959e-01	1.4955011472e-01	1.4955011472e-01	1.4955011472e-01	1.5755374380e-01	1.6189095029e-01	1.6189095029e-01	1.6189095029e-01	1.7574870623e-01	1.8026462344e-01	1.8026462344e-01	1.8026462344e-01	1.8690372564e-01	1.9583546202e-01	1.9583546202e-01	1.9583546202e-01	1.9583546202e-01	2.0777943568e-01	2.1176655140e-01	2.1176655140e-01	2.1176655140e-01	2.1789445162e-01	2.2306576104e-01	2.2306576104e-01	2.2306576104e-01	2.3076005585e-01	2.3754053370e-01	2.3754053370e-01	2.4313975166e-01	2.4313975166e-01	2.4601649280e-01	2.4601649280e-01	2.5283343922e-01	2.5283343922e-01	2.5283343922e-01	2.6112959921e-01	2.6112959921e-01	2.6112959921e-01	2.6517285219e-01	
19	0.0	-1.7663868764e-02	-1.7663868764e-02	-1.7663868764e-02	-3.1031007027e-02	-3.1031007027e-02	-3.1031007027e-02	-3.1031007027e-02	-3.5874811290e-02	-3.5874811290e-02	-3.5874811290e-02	-3.5874811290e-02	-3.5666547973e-02	-3.5666547973e-02	-3.5666547973e-02	-3.5666547973e-02	-3.0937533811e-02	-3.0937533811e-02	-3.0937533811e-02	-3.0937533811e-02	-2.2294352638e-02	-2.2294352638e-02	-2.2294352638e-02	-2.2294352638e-02	-1.1734802412e-02	-1.1734802412e-02	-1.1734802412e-02	-1.1734802412e-02	-3.2660887701e-03	2.2020732508e-03	2.2020732508e-03	2.2020732508e-03	2.0948120323e-02	2.0948120323e-02	2.4342969022e-02	2.4342969022e-02	2.4342969022e-02	3.8798357027e-02	3.8798357027e-02	3.8798357027e-02	3.8798357027e-02	5.3138316858e-02	5.3138316858e-02	5.3138316858e-02	5.3138316858e-02	6.2382399449e-02	6.9833085857e-02	6.9833085857e-02	6.9833085857e-02	8.7878718706e-02	8.7878718706e-02	9.2120939308e-02	9.2120939308e-02	9.2120939308e-02	1.0615160413e-01	1.0615160413e-01	1.0615160413e-01	1.1525909712e-01	1.1976561191e-01	1.1976561191e-01	1.1976561191e-01	1.3591393503e-01	1.3591393503e-01	1.4443738063e-01	1.4443738063e-01	1.4443738063e-01	1.5228748708e-01	1.5656539924e-01	1.5656539924e-01	1.5656539924e-01	1.7032283738e-01	1.7477283356e-01	1.7477283356e-01	1.7477283356e-01	1.8139266928e-01	1.9015889891e-01	1.9015889891e-01	1.9015889891e-01	1.9015889891e-01	2.0221095866e-01	2.0611387232e-01	2.0611387232e-01	2.0611387232e-01	2.1232878774e-01	2.1738651975e-01	2.1738651975e-01	2.1738651975e-01	2.2528780146e-01	2.3187422838e-01	2.3187422838e-01	2.3764820016e-01	2.3764820016e-01	2.4036690091e-01	2.4036690091e-01	2.4749884731e-01	2.4749884731e-01	2.4749884731e-01	2.5563822282e-01	2.5563822282e-01	2.5563822282e-01	2.5986830175e-01	
20	0.0	-1.8814373404e-02	-1.8814373404e-02	-1.8814373404e-02	-3.2500653544e-02	-3.2500653544e-02	-3.2500653544e-02	-3.2500653544e-02	-3.7476918464e-02	-3.7476918464e-02	-3.7476918464e-02	-3.7476918464e-02	-3.7311470525e-02	-3.7311470525e-02	-3.7311470525e-02	-3.7311470525e-02	-3.2570079701e-02	-3.2570079701e-02	-3.2570079701e-02	-3.2570079701e-02	-2.3914808900e-02	-2.3914808900e-02	-2.3914808900e-02	-2.3914808900e-02	-1.3415848313e-02	-1.3415848313e-02	-1.3415848313e-02	-1.3415848313e-02	-5.1098947878e-03	3.4587780592e-04	3.4587780592e-04	3.4587780592e-04	1.8578207277e-02	1.8578207277e-02	2.1957647683e-02	2.1957647683e-02	2.1957647683e-02	3.6047050162e-02	3.6047050162e-02	3.6047050162e-02	3.6047050162e-02	4.9929899421e-02	4.9929899421e-02	4.9929899421e-02	4.9929899421e-02	5.8768962188e-02	6.6154208221e-02	6.6154208221e-02	6.6154208221e-02	8.3344271634e-02	8.3344271634e-02	8.7545633536e-02	8.7545633536e-02	8.7545633536e-02	1.0105074022e-01	1.0105074022e-01	1.0105074022e-01	1.0970298886e-01	1.1415197623e-01	1.1415197623e-01	1.1415197623e-01	1.2960472782e-01	1.2960472782e-01	1.3798109518e-01	1.3798109518e-01	1.3798109518e-01	1.4554728510e-01	1.4974536041e-01	1.4974536041e-01	1.4974536041e-01	1.6322330998e-01	1.6758527315e-01	1.6758527315e-01	1.6758527315e-01	1.7411528243e-01	1.8266685674e-01	1.8266685674e-01	1.8266685674e-01	1.8266685674e-01	1.9480894854e-01	1.9860892473e-01	1.9860892473e-01	1.9860892473e-01	2.0492712452e-01	2.0984294536e-01	2.0984294536e-01	2.0984294536e-01	2.1805887738e-01	2.2440240856e-01	2.2440240856e-01	2.3045918661e-01	2.3045918661e-01	2.3297916293e-01	2.3297916293e-01	2.4065306790e-01	2.4065306790e-01	2.4065306790e-01	2.4871545590e-01	2.4871545590e-01	2.4871545590e-01	2.5327615237e-01	
21	0.0	-1.9772063103e-02	-1.9772063103e-02	-1.9772063103e-02	-3.3664652872e-02	-3.3664652872e-02	-3.3664652872e-02	-3.3664652872e-02	-3.8721024753e-02	-3.8721024753e-02	-3.8721024753e-02	-3.8721024753e-02	-3.8579474761e-02	-3.8579474761e-02	-3.8579474761e-02	-3.8579474761e-02	-3.3840274122e-02	-3.3840274122e-02	-3.3840274122e-02	-3.3840274122e-02	-2.5225201616e-02	-2.5225201616e-02	-2.5225201616e-02	-2.5225201616e-02	-1.4878154199e-02	-1.4878154199e-02	-1.4878154199e-02	-1.4878154199e-02	-6.8558052850e-03	-1.4227667950e-03	-1.4227667950e-03	-1.4227667950e-03	1.6028930866e-02	1.6028930866e-02	1.9385003062e-02	1.9385003062e-02	1.9385003062e-02	3.2920150716e-02	3.2920150716e-02	3.2920150716e-02	3.2920150716e-02	4.6120058446e-02	4.6120058446e-02	4.6120058446e-02	4.6120058446e-02	5.4336207119e-02	6.1636811954e-02	6.1636811954e-02	6.1636811954e-02	7.7462991973e-02	7.7462991973e-02	8.1603748505e-02	8.1603748505e-02	8.1603748505e-02	9.4249511311e-02	9.4249511311e-02	9.4249511311e-02	1.0211047681e-01	1.0647828105e-01	1.0647828105e-01	1.0647828105e-01	1.2057756566e-01	1.2057756566e-01	1.2876363807e-01	1.2876363807e-01	1.2876363807e-01	1.3570844920e-01	1.3980036744e-01	1.3980036744e-01	1.3980036744e-01	1.5242749375e-01	1.5667162545e-01	1.5667162545e-01	1.5667162545e-01	1.6285901337e-01	1.7112761615e-01	1.7112761615e-01	1.7112761615e-01	1.7112761615e-01	1.8307454058e-01	1.8673673635e-01	1.8673673635e-01	1.8673673635e-01	1.9306266920e-01	1.9778708670e-01	1.9778708670e-01	1.9778708670e-01	2.0639514923e-01	2.1241302302e-01	2.1241302302e-01	2.1887622656e-01	2.1887622656e-01	2.2113076399e-01	2.2113076399e-01	2.2969335705e-01	2.2969335705e-01	2.2969335705e-01	2.3779230319e-01	2.3779230319e-01	2.3779230319e-01	2.4291765648e-01	
22	0.0	-2.0616739514e-02	-2.0616739514e-02	-2.0616739514e-02	-3.4686926518e-02	-3.4686926518e-02	-3.4686926518e-02	-3.4686926518e-02	-3.9817528270e-02	-3.9817528270e-02	-3.9817528270e-02	-3.9817528270e-02	-3.9700960744e-02	-3.9700960744e-02	-3.9700960744e-02	-3.9700960744e-02	-3.4964895801e-02	-3.4964895801e-02	-3.4964895801e-02	-3.4964895801e-02	-2.6387690980e-02	-2.6387690980e-02	-2.6387690980e-02	-2.6387690980e-02	-1.6186169516e-02	-1.6186169516e-02	-1.6186169516e-02	-1.6186169516e-02	-8.4198174604e-03	-3.0055072316e-03	-3.0055072316e-03	-3.0055072316e-03	1.3726211658e-02	1.3726211658e-02	1.7066187057e-02	1.7066187057e-02	1.7066187057e-02	3.0118933723e-02	3.0118933723e-02	3.0118933723e-02	3.0118933723e-02	4.2762783750e-02	4.2762783750e-02	4.2762783750e-02	4.2762783750e-02	5.0508247331e-02	5.7750401521e-02	5.7750401521e-02	5.7750401521e-02	7.2656906692e-02	7.2656906692e-02	7.6755063102e-02	7.6755063102e-02	7.6755063102e-02	8.8894454870e-02	8.8894454870e-02	8.8894454870e-02	9.6391710036e-02	1.0070295750e-01	1.0070295750e-01	1.0070295750e-01	1.1459859131e-01	1.1459859131e-01	1.2265249802e-01	1.2265249802e-01	1.2265249802e-01	1.2963872529e-01	1.3365597089e-01	1.3365597089e-01	1.3365597089e-01	1.4720997167e-01	1.5136688944e-01	1.5136688944e-01	1.5136688944e-01	1.5816937308e-01	1.6621756724e-01	1.6621756724e-01	1.6621756724e-01	1.6621756724e-01	1.7993148990e-01	1.8350573684e-01	1.8350573684e-01	1.8350573684e-01	1.9083520718e-01	1.9543926849e-01	1.9543926849e-01	1.9543926849e-01	2.0548208911e-01	2.1128407363e-01	2.1128407363e-01	2.1879453346e-01	2.1879453346e-01	2.2086824824e-01	2.2086824824e-01	2.3060780662e-01	2.3060780662e-01	2.3060780662e-01	2.3901748897e-01	2.3901748897e-01	2.3901748897e-01	2.4456591928e-01	
23	0.0	-2.1285223679e-02	-2.1285223679e-02	-2.1285223679e-02	-3.5457987952e-02	-3.5457987952e-02	-3.5457987952e-02	-3.5457987952e-02	-4.0628917596e-02	-4.0628917596e-02	-4.0628917596e-02	-4.0628917596e-02	-4.0522586425e-02	-4.0522586425e-02	-4.0522586425e-02	-4.0522586425e-02	-3.5792370488e-02	-3.5792370488e-02	-3.5792370488e-02	-3.5792370488e-02	-2.7270266683e-02	-2.7270266683e-02	-2.7270266683e-02	-2.7270266683e-02	-1.7242198399e-02	-1.7242198399e-02	-1.7242198399e-02	-1.7242198399e-02	-9.7577061246e-03	-4.3567206325e-03	-4.3567206325e-03	-4.3567206325e-03	1.1627217619e-02	1.1627217619e-02	1.4954755805e-02	1.4954755805e-02	1.4954755805e-02	2.7529944761e-02	2.7529944761e-02	2.7529944761e-02	2.7529944761e-02	3.9651505147e-02	3.9651505147e-02	3.9651505147e-02	3.9651505147e-02	4.6976009042e-02	5.4166406047e-02	5.4166406047e-02	5.4166406047e-02	6.8317427346e-02	6.8317427346e-02	7.2382482977e-02	7.2382482977e-02	7.2382482977e-02	8.4163095415e-02	8.4163095415e-02	8.4163095415e-02	9.1475326359e-02	9.5740766283e-02	9.5740766283e-02	9.5740766283e-02	1.0982885635e-01	1.0982885635e-01	1.1777607909e-01	1.1777607909e-01	1.1777607909e-01	1.2498827532e-01	1.2894189789e-01	1.2894189789e-01	1.2894189789e-01	1.4352448415e-01	1.4760333489e-01	1.4760333489e-01	1.4760333489e-01	1.5498936222e-01	1.6283963105e-01	1.6283963105e-01	1.6283963105e-01	1.6283963105e-01	1.7801575729e-01	1.8151690449e-01	1.8151690449e-01	1.8151690449e-01	1.8967308282e-01	1.9417471153e-01	1.9417471153e-01	1.9417471153e-01	2.0535833439e-01	2.1097186940e-01	2.1097186940e-01	2.1936546144e-01	2.1936546144e-01	2.2128446557e-01	2.2128446557e-01	2.3198671651e-01	2.3198671651e-01	2.3198671651e-01	2.4072537601e-01	2.4072537601e-01	2.4072537601e-01	2.4682035055e-01	
24	0.0	-2.1779389697e-02	-2.1779389697e-02	-2.1779389697e-02	-3.5978253464e-02	-3.5978253464e-02	-3.5978253464e-02	-3.5978253464e-02	-4.1155710097e-02	-4.1155710097e-02	-4.1155710097e-02	-4.1155710097e-02	-4.1046514415e-02	-4.1046514415e-02	-4.1046514415e-02	-4.1046514415e-02	-3.6328558848e-02	-3.6328558848e-02	-3.6328558848e-02	-3.6328558848e-02	-2.7888624544e-02	-2.7888624544e-02	-2.7888624544e-02	-2.7888624544e-02	-1.8072310132e-02	-1.8072310132e-02	-1.8072310132e-02	-1.8072310132e-02	-1.0901508601e-02	-5.5154827594e-03	-5.5154827594e-03	-5.5154827594e-03	9.6815450216e-03	9.6815450216e-03	1.2994840756e-02	1.2994840756e-02	1.2994840756e-02	2.5088804859e-02	2.5088804859e-02	2.5088804859e-02	2.5088804859e-02	3.6714942878e-02	3.6714942878e-02	3.6714942878e-02	3.6714942878e-02	4.3668444213e-02	5.0800140836e-02	5.0800140836e-02	5.0800140836e-02	6.4344055044e-02	6.4344055044e-02	6.8375603153e-02	6.8375603153e-02	6.8375603153e-02	7.9912178193e-02	7.9912178193e-02	7.9912178193e-02	8.7175878207e-02	9.1394193516e-02	9.1394193516e-02	9.1394193516e-02	1.0576887442e-01	1.0576887442e-01	1.1360723251e-01	1.1360723251e-01	1.1360723251e-01	1.2103368217e-01	1.2492479985e-01	1.2492479985e-01	1.2492479985e-01	1.4035729174e-01	1.4435864424e-01	1.4435864424e-01	1.4435864424e-01	1.5223378376e-01	1.5989904640e-01	1.5989904640e-01	1.5989904640e-01	1.5989904640e-01	1.7638538882e-01	1.7981198084e-01	1.7981198084e-01	1.7981198084e-01	1.8873347069e-01	1.9312588535e-01	1.9312588535e-01	1.9312588535e-01	2.0537966189e-01	2.1079320381e-01	2.1079320381e-01	2.2001661873e-01	2.2001661873e-01	2.2177949789e-01	2.2177949789e-01	2.3330067772e-01	2.3330067772e-01	2.3330067772e-01	2.4230190472e-01	2.4230190472e-01	2.4230190472e-01	2.4895998437e-01	
25	0.0	-2.2109223721e-02	-2.2109223721e-02	-2.2109223721e-02	-3.6263638479e-02	-3.6263638479e-02	-3.6263638479e-02	-3.6263638479e-02	-4.1417130374e-02	-4.1417130374e-02	-4.1417130374e-02	-4.1417130374e-02	-4.1293516935e-02	-4.1293516935e-02	-4.1293516935e-02	-4.1293516935e-02	-3.6593504599e-02	-3.6593504599e-02	-3.6593504599e-02	-3.6593504599e-02	-2.8259893063e-02	-2.8259893063e-02	-2.8259893063e-02	-2.8259893063e-02	-1.8689554335e-02	-1.8689554335e-02	-1.8689554335e-02	-1.8689554335e-02	-1.1861101364e-02	-6.4907421103e-03	-6.4907421103e-03	-6.4907421103e-03	7.9095395332e-03	7.9095395332e-03	1.1208534117e-02	1.1208534117e-02	1.1208534117e-02	2.2844137466e-02	2.2844137466e-02	2.2844137466e-02	2.2844137466e-02	3.4034452139e-02	3.4034452139e-02	3.4034452139e-02	3.4034452139e-02	4.0684113845e-02	4.7758919410e-02	4.7758919410e-02	4.7758919410e-02	6.0847064392e-02	6.0847064392e-02	6.4846791130e-02	6.4846791130e-02	6.4846791130e-02	7.6246543054e-02	7.6246543054e-02	7.6246543054e-02	8.3564632357e-02	8.7737171044e-02	8.7737171044e-02	8.7737171044e-02	1.0246939374e-01	1.0246939374e-01	1.1020065281e-01	1.1020065281e-01	1.1020065281e-01	1.1785984115e-01	1.2169837475e-01	1.2169837475e-01	1.2169837475e-01	1.3794963715e-01	1.4188871706e-01	1.4188871706e-01	1.4188871706e-01	1.5023172164e-01	1.5774757514e-01	1.5774757514e-01	1.5774757514e-01	1.5774757514e-01	1.7554062366e-01	1.7889054875e-01	1.7889054875e-01	1.7889054875e-01	1.8858503337e-01	1.9286077755e-01	1.9286077755e-01	1.9286077755e-01	2.0617565941e-01	2.1137839917e-01	2.1137839917e-01	2.2141088969e-01	2.2141088969e-01	2.2301496240e-01	2.2301496240e-01	2.3523150076e-01	2.3523150076e-01	2.3523150076e-01	2.4440617383e-01	2.4440617383e-01	2.4440617383e-01	2.5158383155e-01	
26	0.0	-2.2275417187e-02	-2.2275417187e-02	-2.2275417187e-02	-3.6315192912e-02	-3.6315192912e-02	-3.6315192912e-02	-3.6315192912e-02	-4.1414213734e-02	-4.1414213734e-02	-4.1414213734e-02	-4.1414213734e-02	-4.1264610795e-02	-4.1264610795e-02	-4.1264610795e-02	-4.1264610795e-02	-3.6588114486e-02	-3.6588114486e-02	-3.6588114486e-02	-3.6588114486e-02	-2.8381713517e-02	-2.8381713517e-02	-2.8381713517e-02	-2.8381713517e-02	-1.9079757356e-02	-1.9079757356e-02	-1.9079757356e-02	-1.9079757356e-02	-1.2609696408e-02	-7.2564758372e-03	-7.2564758372e-03	-7.2564758372e-03	6.3087918454e-03	6.3087918454e-03	9.5924334449e-03	9.5924334449e-03	9.5924334449e-03	2.0755624307e-02	2.0755624307e-02	2.0755624307e-02	2.0755624307e-02	3.1513028458e-02	3.1513028458e-02	3.1513028458e-02	3.1513028458e-02	3.7859938472e-02	4.4877311957e-02	4.4877311957e-02	4.4877311957e-02	5.7500208941e-02	5.7500208941e-02	6.1467040503e-02	6.1467040503e-02	6.1467040503e-02	7.2720987088e-02	7.2720987088e-02	7.2720987088e-02	8.0071440840e-02	8.4196545402e-02	8.4196545402e-02	8.4196545402e-02	9.9233693050e-02	9.9233693050e-02	1.0685304187e-01	1.0685304187e-01	1.0685304187e-01	1.1470223040e-01	1.1849117556e-01	1.1849117556e-01	1.1849117556e-01	1.3538976294e-01	1.3927254191e-01	1.3927254191e-01	1.3927254191e-01	1.4797108949e-01	1.5535174997e-01	1.5535174997e-01	1.5535174997e-01	1.5535174997e-01	1.7420738088e-01	1.7747760820e-01	1.7747760820e-01	1.7747760820e-01	1.8780634146e-01	1.9196089910e-01	1.9196089910e-01	1.9196089910e-01	2.0615332579e-01	2.1114539739e-01	2.1114539739e-01	2.2185943683e-01	2.2185943683e-01	2.2331033965e-01	2.2331033965e-01	2.3614514559e-01	2.3614514559e-01	2.3614514559e-01	2.4543775690e-01	2.4543775690e-01	2.4543775690e-01	2.5307705641e-01	
27	0.0	-2.2298905686e-02	-2.2298905686e-02	-2.2298905686e-02	-3.6168324256e-02	-3.6168324256e-02	-3.6168324256e-02	-3.6168324256e-02	-4.1190753975e-02	-4.1190753975e-02	-4.1190753975e-02	-4.1190753975e-02	-4.1009628172e-02	-4.1009628172e-02	-4.1009628172e-02	-4.1009628172e-02	-3.6361752464e-02	-3.6361752464e-02	-3.6361752464e-02	-3.6361752464e-02	-2.8292992327e-02	-2.8292992327e-02	-2.8292992327e-02	-2.8292992327e-02	-1.9259661293e-02	-1.9259661293e-02	-1.9259661293e-02	-1.9259661293e-02	-1.3131523832e-02	-7.7994391309e-03	-7.7994391309e-03	-7.7994391309e-03	4.9584870429e-03	4.9584870429e-03	8.2239707136e-03	8.2239707136e-03	8.2239707136e-03	1.8939952488e-02	1.8939952488e-02	1.8939952488e-02	1.8939952488e-02	2.9314263062e-02	2.9314263062e-02	2.9314263062e-02	2.9314263062e-02	3.5402566388e-02	4.2358533490e-02	4.2358533490e-02	4.2358533490e-02	5.4582992976e-02	5.4582992976e-02	5.8513850326e-02	5.8513850326e-02	5.8513850326e-02	6.9653296574e-02	6.9653296574e-02	6.9653296574e-02	7.7058436655e-02	8.1132297075e-02	8.1132297075e-02	8.1132297075e-02	9.6465133080e-02	9.6465133080e-02	1.0396652211e-01	1.0396652211e-01	1.0396652211e-01	1.1196636840e-01	1.1570552742e-01	1.1570552742e-01	1.1570552742e-01	1.3310980841e-01	1.3693764770e-01	1.3693764770e-01	1.3693764770e-01	1.4591264420e-01	1.5316178536e-01	1.5316178536e-01	1.5316178536e-01	1.5316178536e-01	1.7280348910e-01	1.7599094283e-01	1.7599094283e-01	1.7599094283e-01	1.8679524644e-01	1.9082549296e-01	1.9082549296e-01	1.9082549296e-01	2.0571719278e-01	2.1050291344e-01	2.1050291344e-01	2.2177772865e-01	2.2177772865e-01	2.2308258486e-01	2.2308258486e-01	2.3653923813e-01	2.3653923813e-01	2.3653923813e-01	2.4594386928e-01	2.4594386928e-01	2.4594386928e-01	2.5397869469e-01	
28	0.0	-2.2196206091e-02	-2.2196206091e-02	-2.2196206091e-02	-3.5851534211e-02	-3.5851534211e-02	-3.5851534211e-02	-3.5851534211e-02	-4.0779731649e-02	-4.0779731649e-02	-4.0779731649e-02	-4.0779731649e-02	-4.0562388788e-02	-4.0562388788e-02	-4.0562388788e-02	-4.0562388788e-02	-3.5946693609e-02	-3.5946693609e-02	-3.5946693609e-02	-3.5946693609e-02	-2.8021435977e-02	-2.8021435977e-02	-2.8021435977e-02	-2.8021435977e-02	-1.9252073183e-02	-1.9252073183e-02	-1.9252073183e-02	-1.9252073183e-02	-1.3442422331e-02	-8.1337030586e-03	-8.1337030586e-03	-8.1337030586e-03	3.9164301744e-03	3.9164301744e-03	7.1620692508e-03	7.1620692508e-03	7.1620692508e-03	1.7518271583e-02	1.7518271583e-02	1.7518271583e-02	1.7518271583e-02	2.7631112930e-02	2.7631112930e-02	2.7631112930e-02	2.7631112930e-02	3.3554925407e-02	4.0448653808e-02	4.0448653808e-02	4.0448653808e-02	5.2352620731e-02	5.2352620731e-02	5.6246620929e-02	5.6246620929e-02	5.6246620929e-02	6.7290689510e-02	6.7290689510e-02	6.7290689510e-02	7.4728244759e-02	7.8752201113e-02	7.8752201113e-02	7.8752201113e-02	9.4296337446e-02	9.4296337446e-02	1.0168586654e-01	1.0168586654e-01	1.0168586654e-01	1.0979213128e-01	1.1348014963e-01	1.1348014963e-01	1.1348014963e-01	1.3128432409e-01	1.3505655675e-01	1.3505655675e-01	1.3505655675e-01	1.4425225378e-01	1.5136951505e-01	1.5136951505e-01	1.5136951505e-01	1.5136951505e-01	1.7174382989e-01	1.7484522290e-01	1.7484522290e-01	1.7484522290e-01	1.8607858565e-01	1.8998108158e-01	1.8998108158e-01	1.8998108158e-01	2.0546297095e-01	2.1004563671e-01	2.1004563671e-01	2.2180281427e-01	2.2180281427e-01	2.2296905737e-01	2.2296905737e-01	2.3697558188e-01	2.3697558188e-01	2.3697558188e-01	2.4646902981e-01	2.4646902981e-01	2.4646902981e-01	2.5485010381e-01	
29	0.0	-2.1944380188e-02	-2.1944380188e-02	-2.1944380188e-02	-3.5320056389e-02	-3.5320056389e-02	-3.5320056389e-02	-3.5320056389e-02	-4.0124213459e-02	-4.0124213459e-02	-4.0124213459e-02	-4.0124213459e-02	-3.9859315144e-02	-3.9859315144e-02	-3.9859315144e-02	-3.9859315144e-02	-3.5279615727e-02	-3.5279615727e-02	-3.5279615727e-02	-3.5279615727e-02	-2.7512403899e-02	-2.7512403899e-02	-2.7512403899e-02	-2.7512403899e-02	-1.9020286805e-02	-1.9020286805e-02	-1.9020286805e-02	-1.9020286805e-02	-1.3534573772e-02	-8.2493277782e-03	-8.2493277782e-03	-8.2493277782e-03	3.0982953274e-03	3.0982953274e-03	6.3233296512e-03	6.3233296512e-03	6.3233296512e-03	1.6314242059e-02	1.6314242059e-02	1.6314242059e-02	1.6314242059e-02	2.6150382070e-02	2.6150382070e-02	2.6150382070e-02	2.6150382070e-02	3.1891264407e-02	3.8722630867e-02	3.8722630867e-02	3.8722630867e-02	5.0265239469e-02	5.0265239469e-02	5.4121045430e-02	5.4121045430e-02	5.4121045430e-02	6.5016136577e-02	6.5016136577e-02	6.5016136577e-02	7.2401226815e-02	7.6374990303e-02	7.6374990303e-02	7.6374990303e-02	9.1940540465e-02	9.1940540465e-02	9.9219976323e-02	9.9219976323e-02	9.9219976323e-02	1.0734090902e-01	1.1097468538e-01	1.1097468538e-01	1.1097468538e-01	1.2897249915e-01	1.3268627398e-01	1.3268627398e-01	1.3268627398e-01	1.4199287456e-01	1.4897346257e-01	1.4897346257e-01	1.4897346257e-01	1.4897346257e-01	1.6989042500e-01	1.7289958853e-01	1.7289958853e-01	1.7289958853e-01	1.8446008181e-01	1.8822487809e-01	1.8822487809e-01	1.8822487809e-01	2.0416942926e-01	2.0853648521e-01	2.0853648521e-01	2.2069482046e-01	2.2069482046e-01	2.2171783505e-01	2.2171783505e-01	2.3619255142e-01	2.3619255142e-01	2.3619255142e-01	2.4572838202e-01	2.4572838202e-01	2.4572838202e-01	2.5445579212e-01	
30	0.0	-2.1569599492e-02	-2.1569599492e-02	-2.1569599492e-02	-3.4617452572e-02	-3.4617452572e-02	-3.4617452572e-02	-3.4617452572e-02	-3.9276939855e-02	-3.9276939855e-02	-3.9276939855e-02	-3.9276939855e-02	-3.8957589282e-02	-3.8957589282e-02	-3.8957589282e-02	-3.8957589282e-02	-3.4418509227e-02	-3.4418509227e-02	-3.4418509227e-02	-3.4418509227e-02	-2.6822121952e-02	-2.6822121952e-02	-2.6822121952e-02	-2.6822121952e-02	-1.8616291975e-02	-1.8616291975e-02	-1.8616291975e-02	-1.8616291975e-02	-1.3451350893e-02	-8.1923252429e-03	-8.1923252429e-03	-8.1923252429e-03	2.4817743661e-03	2.4817743661e-03	5.6837928961e-03	5.6837928961e-03	5.6837928961e-03	1.5326182077e-02	1.5326182077e-02	1.5326182077e-02	1.5326182077e-02	2.4903293772e-02	2.4903293772e-02	2.4903293772e-02	2.4903293772e-02	3.0480244854e-02	3.7245499448e-02	3.7245499448e-02	3.7245499448e-02	4.8461257840e-02	4.8461257840e-02	5.2275325232e-02	5.2275325232e-02	5.2275325232e-02	6.3005155806e-02	6.3005155806e-02	6.3005155806e-02	7.0307786173e-02	7.4227973782e-02	7.4227973782e-02	7.4227973782e-02	8.9746172806e-02	8.9746172806e-02	9.6909963350e-02	9.6909963350e-02	9.6909963350e-02	1.0502663092e-01	1.0860055157e-01	1.0860055157e-01	1.0860055157e-01	1.2674627730e-01	1.3039630686e-01	1.3039630686e-01	1.3039630686e-01	1.3978520021e-01	1.4662003200e-01	1.4662003200e-01	1.4662003200e-01	1.4662003200e-01	1.6795397463e-01	1.7085811370e-01	1.7085811370e-01	1.7085811370e-01	1.8266394254e-01	1.8627253774e-01	1.8627253774e-01	1.8627253774e-01	2.0253675225e-01	2.0666185247e-01	2.0666185247e-01	2.1914252772e-01	2.1914252772e-01	2.2000560670e-01	2.2000560670e-01	2.3488050955e-01	2.3488050955e-01	2.3488050955e-01	2.4440240284e-01	2.4440240284e-01	2.4440240284e-01	2.5352475345e-01	
31	0.0	-2.1088706001e-02	-2.1088706001e-02	-2.1088706001e-02	-3.3775839614e-02	-3.3775839614e-02	-3.3775839614e-02	-3.3775839614e-02	-3.8278322012e-02	-3.8278322012e-02	-3.8278322012e-02	-3.8278322012e-02	-3.7901980258e-02	-3.7901980258e-02	-3.7901980258e-02	-3.7901980258e-02	-3.3407412444e-02	-3.3407412444e-02	-3.3407412444e-02	-3.3407412444e-02	-2.5988032564e-02	-2.5988032564e-02	-2.5988032564e-02	-2.5988032564e-02	-1.8063985436e-02	-1.8063985436e-02	-1.8063985436e-02	-1.8063985436e-02	-1.3192440837e-02	-7.9639263707e-03	-7.9639263707e-03	-7.9639263707e-03	2.0995175487e-03	2.0995175487e-03	5.2749703452e-03	5.2749703452e-03	5.2749703452e-03	1.4600067185e-02	1.4600067185e-02	1.4600067185e-02	1.4600067185e-02	2.3946290185e-02	2.3946290185e-02	2.3946290185e-02	2.3946290185e-02	2.9386169222e-02	3.6079392836e-02	3.6079392836e-02	3.6079392836e-02	4.7028868243e-02	4.7028868243e-02	5.0796250517e-02	5.0796250517e-02	5.0796250517e-02	6.1370818408e-02	6.1370818408e-02	6.1370818408e-02	6.8592629079e-02	7.2454300418e-02	7.2454300418e-02	7.2454300418e-02	8.7846467514e-02	8.7846467514e-02	9.4885957566e-02	9.4885957566e-02	9.4885957566e-02	1.0294997610e-01	1.0645591210e-01	1.0645591210e-01	1.0645591210e-01	1.2466896782e-01	1.2824710592e-01	1.2824710592e-01	1.2824710592e-01	1.3768155577e-01	1.4435740377e-01	1.4435740377e-01	1.4435740377e-01	1.4435740377e-01	1.6603825220e-01	1.6882599238e-01	1.6882599238e-01	1.6882599238e-01	1.8083357416e-01	1.8427273373e-01	1.8427273373e-01	1.8427273373e-01	2.0067386545e-01	2.0454221471e-01	2.0454221471e-01	2.1722667838e-01	2.1722667838e-01	2.1792083521e-01	2.1792083521e-01	2.3305936064e-01	2.3305936064e-01	2.3305936064e-01	2.4247427868e-01	2.4247427868e-01	2.4247427868e-01	2.5202007369e-01	
32	0.0	-2.0497526742e-02	-2.0497526742e-02	-2.0497526742e-02	-3.2783893765e-02	-3.2783893765e-02	-3.2783893765e-02	-3.2783893765e-02	-3.7112125155e-02	-3.7112125155e-02	-3.7112125155e-02	-3.7112125155e-02	-3.6673275572e-02	-3.6673275572e-02	-3.6673275572e-02	-3.6673275572e-02	-3.2226791478e-02	-3.2226791478e-02	-3.2226791478e-02	-3.2226791478e-02	-2.4992647456e-02	-2.4992647456e-02	-2.4992647456e-02	-2.4992647456e-02	-1.7351894304e-02	-1.7351894304e-02	-1.7351894304e-02	-1.7351894304e-02	-1.2760121176e-02	-7.5648708352e-03	-7.5648708352e-03	-7.5648708352e-03	1.9191118024e-03	1.9191118024e-03	5.0653884827e-03	5.0653884827e-03	5.0653884827e-03	1.4079477519e-02	1.4079477519e-02	1.4079477519e-02	1.4079477519e-02	2.3191453778e-02	2.3191453778e-02	2.3191453778e-02	2.3191453778e-02	2.8490161118e-02	3.5106428067e-02	3.5106428067e-02	3.5106428067e-02	4.5778290462e-02	4.5778290462e-02	4.9494537927e-02	4.9494537927e-02	4.9494537927e-02	5.9879467449e-02	5.9879467449e-02	5.9879467449e-02	6.6968697212e-02	7.0767456470e-02	7.0767456470e-02	7.0767456470e-02	8.5892422875e-02	8.5892422875e-02	9.2800037851e-02	9.2800037851e-02	9.2800037851e-02	1.0072351399e-01	1.0415401250e-01	1.0415401250e-01	1.0415401250e-01	1.2218359410e-01	1.2568163330e-01	1.2568163330e-01	1.2568163330e-01	1.3502878693e-01	1.4152898955e-01	1.4152898955e-01	1.4152898955e-01	1.4152898955e-01	1.6320115116e-01	1.6586902635e-01	1.6586902635e-01	1.6586902635e-01	1.7788338407e-01	1.8114836021e-01	1.8114836021e-01	1.8114836021e-01	1.9731005464e-01	2.0091654873e-01	2.0091654873e-01	2.1351286861e-01	2.1351286861e-01	2.1403159471e-01	2.1403159471e-01	2.2916895181e-01	2.2916895181e-01	2.2916895181e-01	2.3832981788e-01	2.3832981788e-01	2.3832981788e-01	2.4832193349e-01	
33	0.0	-1.9805040828e-02	-1.9805040828e-02	-1.9805040828e-02	-3.1652670177e-02	-3.1652670177e-02	-3.1652670177e-02	-3.1652670177e-02	-3.5790237530e-02	-3.5790237530e-02	-3.5790237530e-02	-3.5790237530e-02	-3.5284379608e-02	-3.5284379608e-02	-3.5284379608e-02	-3.5284379608e-02	-3.0891678404e-02	-3.0891678404e-02	-3.0891678404e-02	-3.0891678404e-02	-2.3853121167e-02	-2.3853121167e-02	-2.3853121167e-02	-2.3853121167e-02	-1.6507763731e-02	-1.6507763731e-02	-1.6507763731e-02	-1.6507763731e-02	-1.2196231282e-02	-7.0406663588e-03	-7.0406663588e-03	-7.0406663588e-03	1.8621158824e-03	1.8621158824e-03	4.9738601694e-03	4.9738601694e-03	4.9738601694e-03	1.3655784474e-02	1.3655784474e-02	1.3655784474e-02	1.3655784474e-02	2.2495905173e-02	2.2495905173e-02	2.2495905173e-02	2.2495905173e-02	2.7617859317e-02	3.4145033370e-02	3.4145033370e-02	3.4145033370e-02	4.4463843119e-02	4.4463843119e-02	4.8120053314e-02	4.8120053314e-02	4.8120053314e-02	5.8245906636e-02	5.8245906636e-02	5.8245906636e-02	6.5129028424e-02	6.8855288904e-02	6.8855288904e-02	6.8855288904e-02	8.3549014334e-02	8.3549014334e-02	9.0306533218e-02	9.0306533218e-02	9.0306533218e-02	9.8002463277e-02	1.0134454771e-01	1.0134454771e-01	1.0134454771e-01	1.1897365941e-01	1.2237680079e-01	1.2237680079e-01	1.2237680079e-01	1.3151921353e-01	1.3781178269e-01	1.3781178269e-01	1.3781178269e-01	1.3781178269e-01	1.5920004555e-01	1.6173035142e-01	1.6173035142e-01	1.6173035142e-01	1.7362897913e-01	1.7669455371e-01	1.7669455371e-01	1.7669455371e-01	1.9254868087e-01	1.9585606333e-01	1.9585606333e-01	2.0830336351e-01	2.0830336351e-01	2.0861896287e-01	2.0861896287e-01	2.2371676032e-01	2.2371676032e-01	2.2371676032e-01	2.3252657357e-01	2.3252657357e-01	2.3252657357e-01	2.4308378056e-01	
34	0.0	-1.9046909618e-02	-1.9046909618e-02	-1.9046909618e-02	-3.0449769844e-02	-3.0449769844e-02	-3.0449769844e-02	-3.0449769844e-02	-3.4397893271e-02	-3.4397893271e-02	-3.4397893271e-02	-3.4397893271e-02	-3.3829511285e-02	-3.3829511285e-02	-3.3829511285e-02	-3.3829511285e-02	-2.9493249677e-02	-2.9493249677e-02	-2.9493249677e-02	-2.9493249677e-02	-2.2641661726e-02	-2.2641661726e-02	-2.2641661726e-02	-2.2641661726e-02	-1.5572668237e-02	-1.5572668237e-02	-1.5572668237e-02	-1.5572668237e-02	-1.1520535178e-02	-6.4105116023e-03	-6.4105116023e-03	-6.4105116023e-03	1.9490031589e-03	1.9490031589e-03	5.0219570181e-03	5.0219570181e-03	5.0219570181e-03	1.3383667412e-02	1.3383667412e-02	1.3383667412e-02	1.3383667412e-02	2.1957893099e-02	2.1957893099e-02	2.1957893099e-02	2.1957893099e-02	2.6908887069e-02	3.3338904311e-02	3.3338904311e-02	3.3338904311e-02	4.3317889802e-02	4.3317889802e-02	4.6908859403e-02	4.6908859403e-02	4.6908859403e-02	5.6772052805e-02	5.6772052805e-02	5.6772052805e-02	6.3453905664e-02	6.7102698587e-02	6.7102698587e-02	6.7102698587e-02	8.1404103013e-02	8.1404103013e-02	8.8002606877e-02	8.8002606877e-02	8.8002606877e-02	9.5496025148e-02	9.8743226827e-02	9.8743226827e-02	9.8743226827e-02	1.1601849498e-01	1.1931918867e-01	1.1931918867e-01	1.1931918867e-01	1.2828391437e-01	1.3435145569e-01	1.3435145569e-01	1.3435145569e-01	1.3435145569e-01	1.5543272034e-01	1.5782113762e-01	1.5782113762e-01	1.5782113762e-01	1.6958477338e-01	1.7244694967e-01	1.7244694967e-01	1.7244694967e-01	1.8803490661e-01	1.9103642093e-01	1.9103642093e-01	2.0332648190e-01	2.0332648190e-01	2.0344031336e-01	2.0344031336e-01	2.1843240578e-01	2.1843240578e-01	2.1843240578e-01	2.2684164767e-01	2.2684164767e-01	2.2684164767e-01	2.3806482247e-01	
35	0.0	-1.8211253884e-02	-1.8211253884e-02	-1.8211253884e-02	-2.9152801111e-02	-2.9152801111e-02	-2.9152801111e-02	-2.9152801111e-02	-3.2905890778e-02	-3.2905890778e-02	-3.2905890778e-02	-3.2905890778e-02	-3.2275390112e-02	-3.2275390112e-02	-3.2275390112e-02	-3.2275390112e-02	-2.7997384533e-02	-2.7997384533e-02	-2.7997384533e-02	-2.7997384533e-02	-2.1326162807e-02	-2.1326162807e-02	-2.1326162807e-02	-2.1326162807e-02	-1.4516865390e-02	-1.4516865390e-02	-1.4516865390e-02	-1.4516865390e-02	-1.0714568519e-02	-5.6540085670e-03	-5.6540085670e-03	-5.6540085670e-03	2.1720490315e-03	2.1720490315e-03	5.2023533324e-03	5.2023533324e-03	5.2023533324e-03	1.3233069802e-02	1.3233069802e-02	1.3233069802e-02	1.3233069802e-02	2.1503623090e-02	2.1503623090e-02	2.1503623090e-02	2.1503623090e-02	2.6232347894e-02	3.2555888313e-02	3.2555888313e-02	3.2555888313e-02	4.2102063892e-02	4.2102063892e-02	4.5620759257e-02	4.5620759257e-02	4.5620759257e-02	5.5152389229e-02	5.5152389229e-02	5.5152389229e-02	6.1565864746e-02	6.5129306020e-02	6.5129306020e-02	6.5129306020e-02	7.8922190757e-02	7.8922190757e-02	8.5346150481e-02	8.5346150481e-02	8.5346150481e-02	9.2578821066e-02	9.5720096519e-02	9.5720096519e-02	9.5720096519e-02	1.1250303544e-01	1.1568864083e-01	1.1568864083e-01	1.1568864083e-01	1.2440352942e-01	1.3021705327e-01	1.3021705327e-01	1.3021705327e-01	1.3021705327e-01	1.5075728178e-01	1.5298934336e-01	1.5298934336e-01	1.5298934336e-01	1.6448479081e-01	1.6712455194e-01	1.6712455194e-01	1.6712455194e-01	1.8226996759e-01	1.8493232907e-01	1.8493232907e-01	1.9691993979e-01	1.9691993979e-01	1.9680560940e-01	1.9680560940e-01	2.1154603498e-01	2.1154603498e-01	2.1154603498e-01	2.1942839286e-01	2.1942839286e-01	2.1942839286e-01	2.3120428242e-01	
36	0.0	-1.7283773524e-02	-1.7283773524e-02	-1.7283773524e-02	-2.7741235204e-02	-2.7741235204e-02	-2.7741235204e-02	-2.7741235204e-02	-3.1289895957e-02	-3.1289895957e-02	-3.1289895957e-02	-3.1289895957e-02	-3.0593747750e-02	-3.0593747750e-02	-3.0593747750e-02	-3.0593747750e-02	-2.6372478387e-02	-2.6372478387e-02	-2.6372478387e-02	-2.6372478387e-02	-1.9874143655e-02	-1.9874143655e-02	-1.9874143655e-02	-1.9874143655e-02	-1.3308999158e-02	-1.3308999158e-02	-1.3308999158e-02	-1.3308999158e-02	-9.7407207879e-03	-4.7256854219e-03	-4.7256854219e-03	-4.7256854219e-03	2.6065361558e-03	2.6065361558e-03	5.5968271110e-03	5.5968271110e-03	5.5968271110e-03	1.3319024994e-02	1.3319024994e-02	1.3319024994e-02	1.3319024994e-02	2.1299538986e-02	2.1299538986e-02	2.1299538986e-02	2.1299538986e-02	2.5804923650e-02	3.2030689305e-02	3.2030689305e-02	3.2030689305e-02	4.1135790129e-02	4.1135790129e-02	4.4587860401e-02	4.4587860401e-02	4.4587860401e-02	5.3784276154e-02	5.3784276154e-02	5.3784276154e-02	5.9914433028e-02	6.3399905811e-02	6.3399905811e-02	6.3399905811e-02	7.6670465527e-02	7.6670465527e-02	8.2935694069e-02	8.2935694069e-02	8.2935694069e-02	8.9903704223e-02	9.2949333536e-02	9.2949333536e-02	9.2949333536e-02	1.0924063713e-01	1.1232231229e-01	1.1232231229e-01	1.1232231229e-01	1.2079509493e-01	1.2637757168e-01	1.2637757168e-01	1.2637757168e-01	1.2637757168e-01	1.4643103326e-01	1.4852234166e-01	1.4852234166e-01	1.4852234166e-01	1.5979825465e-01	1.6223951429e-01	1.6223951429e-01	1.6223951429e-01	1.7714325988e-01	1.7950444341e-01	1.7950444341e-01	1.9135711866e-01	1.9135711866e-01	1.9103940113e-01	1.9103940113e-01	2.0597699638e-01	2.0597699638e-01	2.0597699638e-01	2.1363140062e-01	2.1363140062e-01	2.1363140062e-01	2.2607668179e-01	
37	0.0	-1.6289904558e-02	-1.6289904558e-02	-1.6289904558e-02	-2.6251506944e-02	-2.6251506944e-02	-2.6251506944e-02	-2.6251506944e-02	-2.9591486055e-02	-2.9591486055e-02	-2.9591486055e-02	-2.9591486055e-02	-2.8829054617e-02	-2.8829054617e-02	-2.8829054617e-02	-2.8829054617e-02	-2.4664459304e-02	-2.4664459304e-02	-2.4664459304e-02	-2.4664459304e-02	-1.8333016334e-02	-1.8333016334e-02	-1.8333016334e-02	-1.8333016334e-02	-1.1997797865e-02	-1.1997797865e-02	-1.1997797865e-02	-1.1997797865e-02	-8.6461718249e-03	-3.6758188079e-03	-3.6758188079e-03	-3.6758188079e-03	3.2075882044e-03	3.2075882044e-03	6.1577974272e-03	6.1577974272e-03	6.1577974272e-03	1.3595129163e-02	1.3595129163e-02	1.3595129163e-02	1.3595129163e-02	2.1306576913e-02	2.1306576913e-02	2.1306576913e-02	2.1306576913e-02	2.5604236666e-02	3.1734993513e-02	3.1734993513e-02	3.1734993513e-02	4.0424045270e-02	4.0424045270e-02	4.3810881082e-02	4.3810881082e-02	4.3810881082e-02	5.2686799757e-02	5.2686799757e-02	5.2686799757e-02	5.8548122551e-02	6.1958512150e-02	6.1958512150e-02	6.1958512150e-02	7.4743410057e-02	7.4743410057e-02	8.0857198660e-02	8.0857198660e-02	8.0857198660e-02	8.7580354376e-02	9.0535128132e-02	9.0535128132e-02	9.0535128132e-02	1.0635454113e-01	1.0933812873e-01	1.0933812873e-01	1.0933812873e-01	1.1757542423e-01	1.2294089157e-01	1.2294089157e-01	1.2294089157e-01	1.2294089157e-01	1.4242710828e-01	1.4438765498e-01	1.4438765498e-01	1.4438765498e-01	1.5538743719e-01	1.5764631002e-01	1.5764631002e-01	1.5764631002e-01	1.7231580770e-01	1.7440243109e-01	1.7440243109e-01	1.8610385069e-01	1.8610385069e-01	1.8559935985e-01	1.8559935985e-01	2.0089103960e-01	2.0089103960e-01	2.0089103960e-01	2.0837578603e-01	2.0837578603e-01	2.0837578603e-01	2.2142037257e-01	
38	0.0	-1.5255819770e-02	-1.5255819770e-02	-1.5255819770e-02	-2.4724685734e-02	-2.4724685734e-02	-2.4724685734e-02	-2.4724685734e-02	-2.7858061151e-02	-2.7858061151e-02	-2.7858061151e-02	-2.7858061151e-02	-2.7029934774e-02	-2.7029934774e-02	-2.7029934774e-02	-2.7029934774e-02	-2.2918486558e-02	-2.2918486558e-02	-2.2918486558e-02	-2.2918486558e-02	-1.6740890382e-02	-1.6740890382e-02	-1.6740890382e-02	-1.6740890382e-02	-1.0613055624e-02	-1.0613055624e-02	-1.0613055624e-02	-1.0613055624e-02	-7.4557433717e-03	-2.5228754633e-03	-2.5228754633e-03	-2.5228754633e-03	3.9592690939e-03	3.9592690939e-03	6.8744963528e-03	6.8744963528e-03	6.8744963528e-03	1.4058313485e-02	1.4058313485e-02	1.4058313485e-02	1.4058313485e-02	2.1531016490e-02	2.1531016490e-02	2.1531016490e-02	2.1531016490e-02	2.5639940060e-02	3.1693214723e-02	3.1693214723e-02	3.1693214723e-02	4.0000056107e-02	4.0000056107e-02	4.3333910231e-02	4.3333910231e-02	4.3333910231e-02	5.1921159302e-02	5.1921159302e-02	5.1921159302e-02	5.7529899655e-02	6.0881211350e-02	6.0881211350e-02	6.0881211350e-02	7.3202330966e-02	7.3202330966e-02	7.9198918879e-02	7.9198918879e-02	7.9198918879e-02	8.5688158845e-02	8.8574784482e-02	8.8574784482e-02	8.8574784482e-02	1.0391992658e-01	1.0683146359e-01	1.0683146359e-01	1.0683146359e-01	1.1483101064e-01	1.2003916213e-01	1.2003916213e-01	1.2003916213e-01	1.2003916213e-01	1.3887994939e-01	1.4074748130e-01	1.4074748130e-01	1.4074748130e-01	1.5141340293e-01	1.5354573648e-01	1.5354573648e-01	1.5354573648e-01	1.6794946097e-01	1.6985326160e-01	1.6985326160e-01	1.8135107668e-01	1.8135107668e-01	1.8072972971e-01	1.8072972971e-01	1.9637630617e-01	1.9637630617e-01	1.9637630617e-01	2.0371985156e-01	2.0371985156e-01	2.0371985156e-01	2.1709513513e-01	
39	0.0	-1.4169334096e-02	-1.4169334096e-02	-1.4169334096e-02	-2.3129917071e-02	-2.3129917071e-02	-2.3129917071e-02	-2.3129917071e-02	-2.6048798428e-02	-2.6048798428e-02	-2.6048798428e-02	-2.6048798428e-02	-2.5151172586e-02	-2.5151172586e-02	-2.5151172586e-02	-2.5151172586e-02	-2.1091940938e-02	-2.1091940938e-02	-2.1091940938e-02	-2.1091940938e-02	-1.5066296556e-02	-1.5066296556e-02	-1.5066296556e-02	-1.5066296556e-02	-9.1437381046e-03	-9.1437381046e-03	-9.1437381046e-03	-9.1437381046e-03	-6.1864102294e-03	-1.2872163610e-03	-1.2872163610e-03	-1.2872163610e-03	4.7778175116e-03	4.7778175116e-03	7.6595220931e-03	7.6595220931e-03	7.6595220931e-03	1.4566013504e-02	1.4566013504e-02	1.4566013504e-02	1.4566013504e-02	2.1757425376e-02	2.1757425376e-02	2.1757425376e-02	2.1757425376e-02	2.5628245378e-02	3.1609212201e-02	3.1609212201e-02	3.1609212201e-02	3.9429508378e-02	3.9429508378e-02	4.2712750337e-02	4.2712750337e-02	4.2712750337e-02	5.0947936310e-02	5.0947936310e-02	5.0947936310e-02	5.6227573119e-02	5.9523507079e-02	5.9523507079e-02	5.9523507079e-02	7.1194994457e-02	7.1194994457e-02	7.7082917120e-02	7.7082917120e-02	7.7082917120e-02	8.3235686533e-02	8.6058381951e-02	8.6058381951e-02	8.6058381951e-02	1.0066041029e-01	1.0350531812e-01	1.0350531812e-01	1.0350531812e-01	1.1112124352e-01	1.1618696927e-01	1.1618696927e-01	1.1618696927e-01	1.1618696927e-01	1.3396754475e-01	1.3575239693e-01	1.3575239693e-01	1.3575239693e-01	1.4584373249e-01	1.4786708892e-01	1.4786708892e-01	1.4786708892e-01	1.6168505766e-01	1.6343370774e-01	1.6343370774e-01	1.7447423868e-01	1.7447423868e-01	1.7375310215e-01	1.7375310215e-01	1.8954459444e-01	1.8954459444e-01	1.8954459444e-01	1.9669688758e-01	1.9669688758e-01	1.9669688758e-01	2.1026460726e-01	
40	0.0	-1.3064724602e-02	-1.3064724602e-02	-1.3064724602e-02	-2.1525018244e-02	-2.1525018244e-02	-2.1525018244e-02	-2.1525018244e-02	-2.4234383147e-02	-2.4234383147e-02	-2.4234383147e-02	-2.4234383147e-02	-2.3270451655e-02	-2.3270451655e-02	-2.3270451655e-02	-2.3270451655e-02	-1.9262458732e-02	-1.9262458732e-02	-1.9262458732e-02	-1.9262458732e-02	-1.3379766241e-02	-1.3379766241e-02	-1.3379766241e-02	-1.3379766241e-02	-7.6446187235e-03	-7.6446187235e-03	-7.6446187235e-03	-7.6446187235e-03	-4.8667520511e-03	2.7427838896e-07	2.7427838896e-07	2.7427838896e-07	5.6968601634e-03	5.6968601634e-03	8.5465509528e-03	8.5465509528e-03	8.5465509528e-03	1.5205722145e-02	1.5205722145e-02	1.5205722145e-02	1.5205722145e-02	2.2146041901e-02	2.2146041901e-02	2.2146041901e-02	2.2146041901e-02	2.5804439730e-02	3.1720590204e-02	3.1720590204e-02	3.1720590204e-02	3.9107139717e-02	3.9107139717e-02	4.2344961389e-02	4.2344961389e-02	4.2344961389e-02	5.0267114059e-02	5.0267114059e-02	5.0267114059e-02	5.5254669007e-02	5.8502674449e-02	5.8502674449e-02	5.8502674449e-02	6.9598628780e-02	6.9598628780e-02	7.5394315818e-02	7.5394315818e-02	7.5394315818e-02	8.1252799444e-02	8.4021779835e-02	8.4021779835e-02	8.4021779835e-02	9.7976360487e-02	1.0076683558e-01	1.0076683558e-01	1.0076683558e-01	1.0805575343e-01	1.1300891169e-01	1.1300891169e-01	1.1300891169e-01	1.1300891169e-01	1.2986020145e-01	1.3158219099e-01	1.3158219099e-01	1.3158219099e-01	1.4116615554e-01	1.4311132783e-01	1.4311132783e-01	1.4311132783e-01	1.5644281158e-01	1.5808515256e-01	1.5808515256e-01	1.6874799746e-01	1.6874799746e-01	1.6796203507e-01	1.6796203507e-01	1.8394576977e-01	1.8394576977e-01	1.8394576977e-01	1.9102714085e-01	1.9102714085e-01	1.9102714085e-01	2.0448288111e-01	
41	0.0	-1.1970831696e-02	-1.1970831696e-02	-1.1970831696e-02	-1.9958040083e-02	-1.9958040083e-02	-1.9958040083e-02	-1.9958040083e-02	-2.2472611276e-02	-2.2472611276e-02	-2.2472611276e-02	-2.2472611276e-02	-2.1450833078e-02	-2.1450833078e-02	-2.1450833078e-02	-2.1450833078e-02	-1.7493770221e-02	-1.7493770221e-02	-1.7493770221e-02	-1.7493770221e-02	-1.1741130214e-02	-1.1741130214e-02	-1.1741130214e-02	-1.1741130214e-02	-6.1672611794e-03	-6.1672611794e-03	-6.1672611794e-03	-6.1672611794e-03	-3.5333314385e-03	1.2983645752e-03	1.2983645752e-03	1.2983645752e-03	6.7064048140e-03	6.7064048140e-03	9.5220948385e-03	9.5220948385e-03	9.5220948385e-03	1.5983533726e-02	1.5983533726e-02	1.5983533726e-02	1.5983533726e-02	2.2729914306e-02	2.2729914306e-02	2.2729914306e-02	2.2729914306e-02	2.6233845150e-02	3.2082598865e-02	3.2082598865e-02	3.2082598865e-02	3.9152075175e-02	3.9152075175e-02	4.2342581548e-02	4.2342581548e-02	4.2342581548e-02	5.0021106202e-02	5.0021106202e-02	5.0021106202e-02	5.4792719881e-02	5.7991646744e-02	5.7991646744e-02	5.7991646744e-02	6.8642730313e-02	6.8642730313e-02	7.4344757731e-02	7.4344757731e-02	7.4344757731e-02	7.9972389618e-02	8.2685765488e-02	8.2685765488e-02	8.2685765488e-02	9.6090139996e-02	9.8824828897e-02	9.8824828897e-02	9.8824828897e-02	1.0583469055e-01	1.1067540384e-01	1.1067540384e-01	1.1067540384e-01	1.1067540384e-01	1.2666009809e-01	1.2831946523e-01	1.2831946523e-01	1.2831946523e-01	1.3741290532e-01	1.3928107522e-01	1.3928107522e-01	1.3928107522e-01	1.5213896528e-01	1.5367380771e-01	1.5367380771e-01	1.6398591393e-01	1.6398591393e-01	1.6312970932e-01	1.6312970932e-01	1.7941617319e-01	1.7941617319e-01	1.7941617319e-01	1.8652927587e-01	1.8652927587e-01	1.8652927587e-01	1.9996897436e-01	
42	0.0	-1.0861312343e-02	-1.0861312343e-02	-1.0861312343e-02	-1.8374256004e-02	-1.8374256004e-02	-1.8374256004e-02	-1.8374256004e-02	-2.0691936151e-02	-2.0691936151e-02	-2.0691936151e-02	-2.0691936151e-02	-1.9610439750e-02	-1.9610439750e-02	-1.9610439750e-02	-1.9610439750e-02	-1.5701203742e-02	-1.5701203742e-02	-1.5701203742e-02	-1.5701203742e-02	-1.0071129899e-02	-1.0071129899e-02	-1.0071129899e-02	-1.0071129899e-02	-4.6483535279e-03	-4.6483535279e-03	-4.6483535279e-03	-4.6483535279e-03	-2.1537764536e-03	2.6479296836e-03	2.6479296836e-03	2.6479296836e-03	7.7744801371e-03	7.7744801371e-03	1.0560969254e-02	1.0560969254e-02	1.0560969254e-02	1.6822970838e-02	1.6822970838e-02	1.6822970838e-02	1.6822970838e-02	2.3361126796e-02	2.3361126796e-02	2.3361126796e-02	2.3361126796e-02	2.6686886704e-02	3.2481627855e-02	3.2481627855e-02	3.2481627855e-02	3.9183127764e-02	3.9183127764e-02	4.2335428879e-02	4.2335428879e-02	4.2335428879e-02	4.9748105737e-02	4.9748105737e-02	4.9748105737e-02	5.4266798602e-02	5.7427853968e-02	5.7427853968e-02	5.7427853968e-02	6.7525857192e-02	6.7525857192e-02	7.3157496017e-02	7.3157496017e-02	7.3157496017e-02	7.8490707994e-02	8.1163012867e-02	8.1163012867e-02	8.1163012867e-02	9.3811136642e-02	9.6506588548e-02	9.6506588548e-02	9.6506588548e-02	1.0312040559e-01	1.0788685993e-01	1.0788685993e-01	1.0788685993e-01	1.0788685993e-01	1.2265279312e-01	1.2427256972e-01	1.2427256972e-01	1.2427256972e-01	1.3265372139e-01	1.3447859471e-01	1.3447859471e-01	1.3447859471e-01	1.4636094831e-01	1.4784194286e-01	1.4784194286e-01	1.5740777523e-01	1.5740777523e-01	1.5652534878e-01	1.5652534878e-01	1.7260075474e-01	1.7260075474e-01	1.7260075474e-01	1.7967775509e-01	1.7967775509e-01	1.7967775509e-01	1.9299777653e-01	
43	0.0	-9.7887404427e-03	-9.7887404427e-03	-9.7887404427e-03	-1.6864526703e-02	-1.6864526703e-02	-1.6864526703e-02	-1.6864526703e-02	-1.9003417190e-02	-1.9003417190e-02	-1.9003417190e-02	-1.9003417190e-02	-1.7870601737e-02	-1.7870601737e-02	-1.7870601737e-02	-1.7870601737e-02	-1.4005736676e-02	-1.4005736676e-02	-1.4005736676e-02	-1.4005736676e-02	-8.4803721734e-03	-8.4803721734e-03	-8.4803721734e-03	-8.4803721734e-03	-3.1779628837e-03	-3.1779628837e-03	-3.1779628837e-03	-3.1779628837e-03	-7.8579359104e-04	3.9881396648e-03	3.9881396648e-03	3.9881396648e-03	8.9158111682e-03	8.9158111682e-03	1.1677687846e-02	1.1677687846e-02	1.1677687846e-02	1.7800712946e-02	1.7800712946e-02	1.7800712946e-02	1.7800712946e-02	2.4200683266e-02	2.4200683266e-02	2.4200683266e-02	2.4200683266e-02	2.7411915289e-02	3.3167695852e-02	3.3167695852e-02	3.3167695852e-02	3.9632815666e-02	3.9632815666e-02	4.2757984347e-02	4.2757984347e-02	4.2757984347e-02	4.9999553928e-02	4.9999553928e-02	4.9999553928e-02	5.4357669834e-02	5.7495137862e-02	5.7495137862e-02	5.7495137862e-02	6.7238242999e-02	6.7238242999e-02	7.2829646494e-02	7.2829646494e-02	7.2829646494e-02	7.7977773210e-02	8.0628516426e-02	8.0628516426e-02	8.0628516426e-02	9.2801777406e-02	9.5480386195e-02	9.5480386195e-02	9.5480386195e-02	1.0186075943e-01	1.0660423864e-01	1.0660423864e-01	1.0660423864e-01	1.0660423864e-01	1.2071092816e-01	1.2232265823e-01	1.2232265823e-01	1.2232265823e-01	1.3030903484e-01	1.3213708337e-01	1.3213708337e-01	1.3213708337e-01	1.4354365018e-01	1.4504517647e-01	1.4504517647e-01	1.5414874002e-01	1.5414874002e-01	1.5329893948e-01	1.5329893948e-01	1.6902086995e-01	1.6902086995e-01	1.6902086995e-01	1.7607389904e-01	1.7607389904e-01	1.7607389904e-01	1.8898945251e-01	
44	0.0	-8.7642535696e-03	-8.7642535696e-03	-8.7642535696e-03	-1.5444214574e-02	-1.5444214574e-02	-1.5444214574e-02	-1.5444214574e-02	-1.7423514630e-02	-1.7423514630e-02	-1.7423514630e-02	-1.7423514630e-02	-1.6248073602e-02	-1.6248073602e-02	-1.6248073602e-02	-1.6248073602e-02	-1.2424713130e-02	-1.2424713130e-02	-1.2424713130e-02	-1.2424713130e-02	-6.9874999934e-03	-6.9874999934e-03	-6.9874999934e-03	-6.9874999934e-03	-1.7781842567e-03	-1.7781842567e-03	-1.7781842567e-03	-1.7781842567e-03	5.4341586780e-04	5.2892398569e-03	5.2892398569e-03	5.2892398569e-03	1.0082817873e-02	1.0082817873e-02	1.2821826642e-02	1.2821826642e-02	1.2821826642e-02	1.8847024853e-02	1.8847024853e-02	1.8847024853e-02	1.8847024853e-02	2.5152163615e-02	2.5152163615e-02	2.5152163615e-02	2.5152163615e-02	2.8288167224e-02	3.4010310694e-02	3.4010310694e-02	3.4010310694e-02	4.0316863288e-02	4.0316863288e-02	4.3418000653e-02	4.3418000653e-02	4.3418000653e-02	5.0538308130e-02	5.0538308130e-02	5.0538308130e-02	5.4784658826e-02	5.7902568527e-02	5.7902568527e-02	5.7902568527e-02	6.7359459307e-02	6.7359459307e-02	7.2919208888e-02	7.2919208888e-02	7.2919208888e-02	7.7910214672e-02	8.0543645609e-02	8.0543645609e-02	8.0543645609e-02	9.2234260166e-02	9.4901210832e-02	9.4901210832e-02	9.4901210832e-02	1.0104111239e-01	1.0577528682e-01	1.0577528682e-01	1.0577528682e-01	1.0577528682e-01	1.1918333001e-01	1.2079320155e-01	1.2079320155e-01	1.2079320155e-01	1.2839058835e-01	1.3023045225e-01	1.3023045225e-01	1.3023045225e-01	1.4122049153e-01	1.4275224880e-01	1.4275224880e-01	1.5145418575e-01	1.5145418575e-01	1.5063947917e-01	1.5063947917e-01	1.6588035979e-01	1.6588035979e-01	1.6588035979e-01	1.7283331949e-01	1.7283331949e-01	1.7283331949e-01	1.8526979738e-01	
45	0.0	-7.7873699829e-03	-7.7873699829e-03	-7.7873699829e-03	-1.4104627069e-02	-1.4104627069e-02	-1.4104627069e-02	-1.4104627069e-02	-1.5938419676e-02	-1.5938419676e-02	-1.5938419676e-02	-1.5938419676e-02	-1.4726600475e-02	-1.4726600475e-02	-1.4726600475e-02	-1.4726600475e-02	-1.0943467231e-02	-1.0943467231e-02	-1.0943467231e-02	-1.0943467231e-02	-5.5842533554e-03	-5.5842533554e-03	-5.5842533554e-03	-5.5842533554e-03	-4.5265147706e-04	-4.5265147706e-04	-4.5265147706e-04	-4.5265147706e-04	1.8136589165e-03	6.5291598301e-03	6.5291598301e-03	6.5291598301e-03	1.1214753598e-02	1.1214753598e-02	1.3931375637e-02	1.3931375637e-02	1.3931375637e-02	1.9867779028e-02	1.9867779028e-02	1.9867779028e-02	1.9867779028e-02	2.6080034331e-02	2.6080034331e-02	2.6080034331e-02	2.6080034331e-02	2.9139842336e-02	3.4830403836e-02	3.4830403836e-02	3.4830403836e-02	4.0976079859e-02	4.0976079859e-02	4.4054128912e-02	4.4054128912e-02	4.4054128912e-02	5.1052184886e-02	5.1052184886e-02	5.1052184886e-02	5.5184944574e-02	5.8284123456e-02	5.8284123456e-02	5.8284123456e-02	6.7442809152e-02	6.7442809152e-02	7.2972454876e-02	7.2972454876e-02	7.2972454876e-02	7.7798991630e-02	8.0415190408e-02	8.0415190408e-02	8.0415190408e-02	9.1600857544e-02	9.4256438399e-02	9.4256438399e-02	9.4256438399e-02	1.0013931413e-01	1.0486656118e-01	1.0486656118e-01	1.0486656118e-01	1.0486656118e-01	1.1756097492e-01	1.1916816705e-01	1.1916816705e-01	1.1916816705e-01	1.2636883560e-01	1.2821867799e-01	1.2821867799e-01	1.2821867799e-01	1.3889448957e-01	1.4045060378e-01	1.4045060378e-01	1.4887463952e-01	1.4887463952e-01	1.4808732455e-01	1.4808732455e-01	1.6291685096e-01	1.6291685096e-01	1.6291685096e-01	1.6978209785e-01	1.6978209785e-01	1.6978209785e-01	1.8181284160e-01	
46	0.0	-6.8816641705e-03	-6.8816641705e-03	-6.8816641705e-03	-1.2882064488e-02	-1.2882064488e-02	-1.2882064488e-02	-1.2882064488e-02	-1.4590091179e-02	-1.4590091179e-02	-1.4590091179e-02	-1.4590091179e-02	-1.3349374292e-02	-1.3349374292e-02	-1.3349374292e-02	-1.3349374292e-02	-9.6018100984e-03	-9.6018100984e-03	-9.6018100984e-03	-9.6018100984e-03	-4.3027228585e-03	-4.3027228585e-03	-4.3027228585e-03	-4.3027228585e-03	7.7813900022e-04	7.7813900022e-04	7.7813900022e-04	7.7813900022e-04	3.0177348917e-03	7.7056209227e-03	7.7056209227e-03	7.7056209227e-03	1.2341141437e-02	1.2341141437e-02	1.5040025246e-02	1.5040025246e-02	1.5040025246e-02	2.0928272101e-02	2.0928272101e-02	2.0928272101e-02	2.0928272101e-02	2.7091188003e-02	2.7091188003e-02	2.7091188003e-02	2.7091188003e-02	3.0111817805e-02	3.5783287966e-02	3.5783287966e-02	3.5783287966e-02	4.1844797098e-02	4.1844797098e-02	4.4908729168e-02	4.4908729168e-02	4.4908729168e-02	5.1841959403e-02	5.1841959403e-02	5.1841959403e-02	5.5913746908e-02	5.9004588888e-02	5.9004588888e-02	5.9004588888e-02	6.7966541443e-02	6.7966541443e-02	7.3486914264e-02	7.3486914264e-02	7.3486914264e-02	7.8204316463e-02	8.0816278212e-02	8.0816278212e-02	8.0816278212e-02	9.1617178087e-02	9.4275537918e-02	9.4275537918e-02	9.4275537918e-02	9.9950213909e-02	1.0470140616e-01	1.0470140616e-01	1.0470140616e-01	1.0470140616e-01	1.1675068585e-01	1.1837263825e-01	1.1837263825e-01	1.1837263825e-01	1.2520110509e-01	1.2708444461e-01	1.2708444461e-01	1.2708444461e-01	1.3748184427e-01	1.3909790190e-01	1.3909790190e-01	1.4730112437e-01	1.4730112437e-01	1.4656809902e-01	1.4656809902e-01	1.6093847705e-01	1.6093847705e-01	1.6093847705e-01	1.6770772926e-01	1.6770772926e-01	1.6770772926e-01	1.7929987710e-01	
47	0.0	-6.0524851454e-03	-6.0524851454e-03	-6.0524851454e-03	-1.1773758593e-02	-1.1773758593e-02	-1.1773758593e-02	-1.1773758593e-02	-1.3371482498e-02	-1.3371482498e-02	-1.3371482498e-02	-1.3371482498e-02	-1.2107008778e-02	-1.2107008778e-02	-1.2107008778e-02	-1.2107008778e-02	-8.3908576371e-03	-8.3908576371e-03	-8.3908576371e-03	-8.3908576371e-03	-3.1381095906e-03	-3.1381095906e-03	-3.1381095906e-03	-3.1381095906e-03	1.9110953891e-03	1.9110953891e-03	1.9110953891e-03	1.9110953891e-03	4.1406379365e-03	8.8042346332e-03	8.8042346332e-03	8.8042346332e-03	1.3420486987e-02	1.3420486987e-02	1.6106837363e-02	1.6106837363e-02	1.6106837363e-02	2.1966796512e-02	2.1966796512e-02	2.1966796512e-02	2.1966796512e-02	2.8096175576e-02	2.8096175576e-02	2.8096175576e-02	2.8096175576e-02	3.1085758318e-02	3.6751055423e-02	3.6751055423e-02	3.6751055423e-02	4.2745776199e-02	4.2745776199e-02	4.5805076300e-02	4.5805076300e-02	4.5805076300e-02	5.2694285050e-02	5.2694285050e-02	5.2694285050e-02	5.6715757560e-02	5.9809408348e-02	5.9809408348e-02	5.9809408348e-02	6.8591406724e-02	6.8591406724e-02	7.4125299163e-02	7.4125299163e-02	7.4125299163e-02	7.8742463092e-02	8.1364809792e-02	8.1364809792e-02	8.1364809792e-02	9.1807957966e-02	9.4484692931e-02	9.4484692931e-02	9.4484692931e-02	9.9960527684e-02	1.0476949027e-01	1.0476949027e-01	1.0476949027e-01	1.0476949027e-01	1.1618527996e-01	1.1784226157e-01	1.1784226157e-01	1.1784226157e-01	1.2428447641e-01	1.2622961835e-01	1.2622961835e-01	1.2622961835e-01	1.3627376238e-01	1.3799466774e-01	1.3799466774e-01	1.4592952650e-01	1.4592952650e-01	1.4528562300e-01	1.4528562300e-01	1.5908677180e-01	1.5908677180e-01	1.5908677180e-01	1.6573504490e-01	1.6573504490e-01	1.6573504490e-01	1.7682013090e-01	
48	0.0	-5.3135063245e-03	-5.3135063245e-03	-5.3135063245e-03	-1.0795998226e-02	-1.0795998226e-02	-1.0795998226e-02	-1.0795998226e-02	-1.2297957455e-02	-1.2297957455e-02	-1.2297957455e-02	-1.2297957455e-02	-1.1011743588e-02	-1.1011743588e-02	-1.1011743588e-02	-1.1011743588e-02	-7.3191640191e-03	-7.3191640191e-03	-7.3191640191e-03	-7.3191640191e-03	-2.0962839951e-03	-2.0962839951e-03	-2.0962839951e-03	-2.0962839951e-03	2.9413562259e-03	2.9413562259e-03	2.9413562259e-03	2.9413562259e-03	5.1761964568e-03	9.8216947069e-03	9.8216947069e-03	9.8216947069e-03	1.4447242228e-02	1.4447242228e-02	1.7127746349e-02	1.7127746349e-02	1.7127746349e-02	2.2979320112e-02	2.2979320112e-02	2.2979320112e-02	2.2979320112e-02	2.9090951302e-02	2.9090951302e-02	2.9090951302e-02	2.9090951302e-02	3.2057284273e-02	3.7729359001e-02	3.7729359001e-02	3.7729359001e-02	4.3675512414e-02	4.3675512414e-02	4.6738643609e-02	4.6738643609e-02	4.6738643609e-02	5.3603540491e-02	5.3603540491e-02	5.3603540491e-02	5.7587117386e-02	6.0692250204e-02	6.0692250204e-02	6.0692250204e-02	6.9322515725e-02	6.9322515725e-02	7.4886663940e-02	7.4886663940e-02	7.4886663940e-02	7.9419452182e-02	8.2061537410e-02	8.2061537410e-02	8.2061537410e-02	9.2207262959e-02	9.4911013805e-02	9.4911013805e-02	9.4911013805e-02	1.0021998691e-01	1.0510387082e-01	1.0510387082e-01	1.0510387082e-01	1.0510387082e-01	1.1600431245e-01	1.1770839447e-01	1.1770839447e-01	1.1770839447e-01	1.2381685951e-01	1.2584014324e-01	1.2584014324e-01	1.2584014324e-01	1.3552032670e-01	1.3737102271e-01	1.3737102271e-01	1.4502364070e-01	1.4502364070e-01	1.4448509684e-01	1.4448509684e-01	1.5773425636e-01	1.5773425636e-01	1.5773425636e-01	1.6428241860e-01	1.6428241860e-01	1.6428241860e-01	1.7487248528e-01	
49	0.0	-4.6752263446e-03	-4.6752263446e-03	-4.6752263446e-03	-9.9603218912e-03	-9.9603218912e-03	-9.9603218912e-03	-9.9603218912e-03	-1.1382474075e-02	-1.1382474075e-02	-1.1382474075e-02	-1.1382474075e-02	-1.0079356709e-02	-1.0079356709e-02	-1.0079356709e-02	-1.0079356709e-02	-6.4072812656e-03	-6.4072812656e-03	-6.4072812656e-03	-6.4072812656e-03	-1.2047605055e-03	-1.2047605055e-03	-1.2047605055e-03	-1.2047605055e-03	3.8343698998e-03	3.8343698998e-03	3.8343698998e-03	3.8343698998e-03	6.0873373007e-03	1.0714063793e-02	1.0714063793e-02	1.0714063793e-02	1.5374229621e-02	1.5374229621e-02	1.8050804331e-02	1.8050804331e-02	1.8050804331e-02	2.3907629139e-02	2.3907629139e-02	2.3907629139e-02	2.3907629139e-02	3.0012315457e-02	3.0012315457e-02	3.0012315457e-02	3.0012315457e-02	3.2963989298e-02	3.8646177594e-02	3.8646177594e-02	3.8646177594e-02	4.4563676009e-02	4.4563676009e-02	4.7633383708e-02	4.7633383708e-02	4.7633383708e-02	5.4488266645e-02	5.4488266645e-02	5.4488266645e-02	5.8448332040e-02	6.1567263256e-02	6.1567263256e-02	6.1567263256e-02	7.0079485698e-02	7.0079485698e-02	7.5677958560e-02	7.5677958560e-02	7.5677958560e-02	8.0144216060e-02	8.2807383490e-02	8.2807383490e-02	8.2807383490e-02	9.2722385656e-02	9.5453173450e-02	9.5453173450e-02	9.5453173450e-02	1.0063148076e-01	1.0558800675e-01	1.0558800675e-01	1.0558800675e-01	1.0558800675e-01	1.1608936963e-01	1.1784828426e-01	1.1784828426e-01	1.1784828426e-01	1.2368608668e-01	1.2579734395e-01	1.2579734395e-01	1.2579734395e-01	1.3515499854e-01	1.3714744190e-01	1.3714744190e-01	1.4454153765e-01	1.4454153765e-01	1.4411418754e-01	1.4411418754e-01	1.5685824954e-01	1.5685824954e-01	1.5685824954e-01	1.6332094448e-01	1.6332094448e-01	1.6332094448e-01	1.7344440693e-01	
50	0.0	-4.0897514608e-03	-4.0897514608e-03	-4.0897514608e-03	-9.1920990943e-03	-9.1920990943e-03	-9.1920990943e-03	-9.1920990943e-03	-1.0537416270e-02	-1.0537416270e-02	-1.0537416270e-02	-1.0537416270e-02	-9.2145809471e-03	-9.2145809471e-03	-9.2145809471e-03	-9.2145809471e-03	-5.5563129804e-03	-5.5563129804e-03	-5.5563129804e-03	-5.5563129804e-03	-3.6423018010e-04	-3.6423018010e-04	-3.6423018010e-04	-3.6423018010e-04	4.6866829573e-03	4.6866829573e-03	4.6866829573e-03	4.6866829573e-03	6.9602859624e-03	1.1578849353e-02	1.1578849353e-02	1.1578849353e-02	1.6278849973e-02	1.6278849973e-02	1.8960255171e-02	1.8960255171e-02	1.8960255171e-02	2.4829196222e-02	2.4829196222e-02	2.4829196222e-02	2.4829196222e-02	3.0927075866e-02	3.0927075866e-02	3.0927075866e-02	3.0927075866e-02	3.3853724755e-02	3.9564758608e-02	3.9564758608e-02	3.9564758608e-02	4.5433642411e-02	4.5433642411e-02	4.8523882724e-02	4.8523882724e-02	4.8523882724e-02	5.5370735670e-02	5.5370735670e-02	5.5370735670e-02	5.9292241716e-02	6.2440266549e-02	6.2440266549e-02	6.2440266549e-02	7.0803991192e-02	7.0803991192e-02	7.6466786654e-02	7.6466786654e-02	7.6466786654e-02	8.0848984684e-02	8.3552663906e-02	8.3552663906e-02	8.3552663906e-02	9.3191922478e-02	9.5969481025e-02	9.5969481025e-02	9.5969481025e-02	1.0099566835e-01	1.0606395898e-01	1.0606395898e-01	1.0606395898e-01	1.0606395898e-01	1.1611735610e-01	1.1796307224e-01	1.1796307224e-01	1.1796307224e-01	1.2352626081e-01	1.2576708418e-01	1.2576708418e-01	1.2576708418e-01	1.3468013950e-01	1.3687616212e-01	1.3687616212e-01	1.4391399284e-01	1.4391399284e-01	1.4364164301e-01	1.4364164301e-01	1.5569564702e-01	1.5569564702e-01	1.5569564702e-01	1.6202788930e-01	1.6202788930e-01	1.6202788930e-01	1.7155985160e-01	
51	0.0	-3.6035409337e-03	-3.6035409337e-03	-3.6035409337e-03	-8.5745655311e-03	-8.5745655311e-03	-8.5745655311e-03	-8.5745655311e-03	-9.8672555745e-03	-9.8672555745e-03	-9.8672555745e-03	-9.8672555745e-03	-8.5357947606e-03	-8.5357947606e-03	-8.5357947606e-03	-8.5357947606e-03	-4.8910613783e-03	-4.8910613783e-03	-4.8910613783e-03	-4.8910613783e-03	3.0081388780e-04	3.0081388780e-04	3.0081388780e-04	3.0081388780e-04	5.3825384562e-03	5.3825384562e-03	5.3825384562e-03	5.3825384562e-03	7.7038800454e-03	1.2311067290e-02	1.2311067290e-02	1.2311067290e-02	1.7112997548e-02	1.7112997548e-02	1.9796750786e-02	1.9796750786e-02	1.9796750786e-02	2.5718962667e-02	2.5718962667e-02	2.5718962667e-02	2.5718962667e-02	3.1860670778e-02	3.1860670778e-02	3.1860670778e-02	3.1860670778e-02	3.4817863973e-02	4.0550019772e-02	4.0550019772e-02	4.0550019772e-02	4.6486308935e-02	4.6486308935e-02	4.9593106553e-02	4.9593106553e-02	4.9593106553e-02	5.6498889885e-02	5.6498889885e-02	5.6498889885e-02	6.0462059946e-02	6.3633928188e-02	6.3633928188e-02	6.3633928188e-02	7.2031966018e-02	7.2031966018e-02	7.7748413945e-02	7.7748413945e-02	7.7748413945e-02	8.2147058859e-02	8.4884866783e-02	8.4884866783e-02	8.4884866783e-02	9.4518827195e-02	9.7335316578e-02	9.7335316578e-02	9.7335316578e-02	1.0235679926e-01	1.0751908670e-01	1.0751908670e-01	1.0751908670e-01	1.0751908670e-01	1.1749704741e-01	1.1941733138e-01	1.1941733138e-01	1.1941733138e-01	1.2492302364e-01	1.2727363419e-01	1.2727363419e-01	1.2727363419e-01	1.3596205353e-01	1.3832666776e-01	1.3832666776e-01	1.4517389592e-01	1.4517389592e-01	1.4503231244e-01	1.4503231244e-01	1.5659307292e-01	1.5659307292e-01	1.5659307292e-01	1.6285458681e-01	1.6285458681e-01	1.6285458681e-01	1.7192025101e-01	
52	0.0	-3.1780336883e-03	-3.1780336883e-03	-3.1780336883e-03	-8.0464367076e-03	-8.0464367076e-03	-8.0464367076e-03	-8.0464367076e-03	-9.2979007370e-03	-9.2979007370e-03	-9.2979007370e-03	-9.2979007370e-03	-7.9603600267e-03	-7.9603600267e-03	-7.9603600267e-03	-7.9603600267e-03	-4.3246839777e-03	-4.3246839777e-03	-4.3246839777e-03	-4.3246839777e-03	8.7755170362e-04	8.7755170362e-04	8.7755170362e-04	8.7755170362e-04	6.0044934336e-03	6.0044934336e-03	6.0044934336e-03	6.0044934336e-03	8.3862446446e-03	1.2988165867e-02	1.2988165867e-02	1.2988165867e-02	1.7917106641e-02	1.7917106641e-02	2.0607435294e-02	2.0607435294e-02	2.0607435294e-02	2.6601611474e-02	2.6601611474e-02	2.6601611474e-02	2.6601611474e-02	3.2803837174e-02	3.2803837174e-02	3.2803837174e-02	3.2803837174e-02	3.5800892202e-02	4.1561595987e-02	4.1561595987e-02	4.1561595987e-02	4.7581248377e-02	4.7581248377e-02	5.0710464339e-02	5.0710464339e-02	5.0710464339e-02	5.7689491604e-02	5.7689491604e-02	5.7689491604e-02	6.1701602942e-02	6.4903468728e-02	6.4903468728e-02	6.4903468728e-02	7.3355614539e-02	7.3355614539e-02	7.9137314478e-02	7.9137314478e-02	7.9137314478e-02	8.3560276933e-02	8.6340744712e-02	8.6340744712e-02	8.6340744712e-02	9.5991364699e-02	9.8855239278e-02	9.8855239278e-02	9.8855239278e-02	1.0388392191e-01	1.0915680218e-01	1.0915680218e-01	1.0915680218e-01	1.0915680218e-01	1.1916165508e-01	1.2116107932e-01	1.2116107932e-01	1.2116107932e-01	1.2666577405e-01	1.2913183992e-01	1.2913183992e-01	1.2913183992e-01	1.3761613616e-01	1.4015911878e-01	1.4015911878e-01	1.4682703036e-01	1.4682703036e-01	1.4682706903e-01	1.4682706903e-01	1.5787894374e-01	1.5787894374e-01	1.5787894374e-01	1.6406731458e-01	1.6406731458e-01	1.6406731458e-01	1.7264846910e-01	
53	0.0	-2.7992976448e-03	-2.7992976448e-03	-2.7992976448e-03	-7.5835157363e-03	-7.5835157363e-03	-7.5835157363e-03	-7.5835157363e-03	-8.7995043817e-03	-8.7995043817e-03	-8.7995043817e-03	-8.7995043817e-03	-7.4542715424e-03	-7.4542715424e-03	-7.4542715424e-03	-7.4542715424e-03	-3.8207956335e-03	-3.8207956335e-03	-3.8207956335e-03	-3.8207956335e-03	1.4020738941e-03	1.4020738941e-03	1.4020738941e-03	1.4020738941e-03	6.5845163320e-03	6.5845163320e-03	6.5845163320e-03	6.5845163320e-03	9.0286889807e-03	1.3636318643e-02	1.3636318643e-02	1.3636318643e-02	1.8693834134e-02	1.8693834134e-02	2.1398652455e-02	2.1398652455e-02	2.1398652455e-02	2.7471104028e-02	2.7471104028e-02	2.7471104028e-02	2.7471104028e-02	3.3733691751e-02	3.3733691751e-02	3.3733691751e-02	3.3733691751e-02	3.6756341057e-02	4.2563094673e-02	4.2563094673e-02	4.2563094673e-02	4.8635122022e-02	4.8635122022e-02	5.1798838281e-02	5.1798838281e-02	5.1798838281e-02	5.8843452049e-02	5.8843452049e-02	5.8843452049e-02	6.2880736049e-02	6.6125714072e-02	6.6125714072e-02	6.6125714072e-02	7.4584596664e-02	7.4584596664e-02	8.0457037743e-02	8.0457037743e-02	8.0457037743e-02	8.4878289745e-02	8.7718420655e-02	8.7718420655e-02	8.7718420655e-02	9.7330257941e-02	1.0025900918e-01	1.0025900918e-01	1.0025900918e-01	1.0526335249e-01	1.1068165013e-01	1.1068165013e-01	1.1068165013e-01	1.1068165013e-01	1.2066711506e-01	1.2276709060e-01	1.2276709060e-01	1.2276709060e-01	1.2824860056e-01	1.3086046483e-01	1.3086046483e-01	1.3086046483e-01	1.3912773216e-01	1.4189816779e-01	1.4189816779e-01	1.4836645166e-01	1.4836645166e-01	1.4854489651e-01	1.4854489651e-01	1.5903873921e-01	1.5903873921e-01	1.5903873921e-01	1.6517992281e-01	1.6517992281e-01	1.6517992281e-01	1.7322069176e-01	
54	0.0	-2.4925674726e-03	-2.4925674726e-03	-2.4925674726e-03	-7.2226642676e-03	-7.2226642676e-03	-7.2226642676e-03	-7.2226642676e-03	-8.4157038812e-03	-8.4157038812e-03	-8.4157038812e-03	-8.4157038812e-03	-7.0664787391e-03	-7.0664787391e-03	-7.0664787391e-03	-7.0664787391e-03	-3.4330661244e-03	-3.4330661244e-03	-3.4330661244e-03	-3.4330661244e-03	1.8153454857e-03	1.8153454857e-03	1.8153454857e-03	1.8153454857e-03	7.0588381392e-03	7.0588381392e-03	7.0588381392e-03	7.0588381392e-03	9.5731976183e-03	1.4187075961e-02	1.4187075961e-02	1.4187075961e-02	1.9396532793e-02	1.9396532793e-02	2.2115588585e-02	2.2115588585e-02	2.2115588585e-02	2.8280283970e-02	2.8280283970e-02	2.8280283970e-02	2.8280283970e-02	3.4616540941e-02	3.4616540941e-02	3.4616540941e-02	3.4616540941e-02	3.7676985669e-02	4.3527316493e-02	4.3527316493e-02	4.3527316493e-02	4.9670916355e-02	4.9670916355e-02	5.2866997498e-02	5.2866997498e-02	5.2866997498e-02	5.9985553089e-02	5.9985553089e-02	5.9985553089e-02	6.4060618367e-02	6.7345298557e-02	6.7345298557e-02	6.7345298557e-02	7.5844362901e-02	7.5844362901e-02	8.1799947967e-02	8.1799947967e-02	8.1799947967e-02	8.6239270543e-02	8.9133907123e-02	8.9133907123e-02	8.9133907123e-02	9.8775615719e-02	1.0176276365e-01	1.0176276365e-01	1.0176276365e-01	1.0678290837e-01	1.1233122443e-01	1.1233122443e-01	1.1233122443e-01	1.1233122443e-01	1.2242683002e-01	1.2461782665e-01	1.2461782665e-01	1.2461782665e-01	1.3015668993e-01	1.3290056535e-01	1.3290056535e-01	1.3290056535e-01	1.4105946584e-01	1.4403402150e-01	1.4403402150e-01	1.5039130474e-01	1.5039130474e-01	1.5072629923e-01	1.5072629923e-01	1.6081332899e-01	1.6081332899e-01	1.6081332899e-01	1.6694195077e-01	1.6694195077e-01	1.6694195077e-01	1.7453690072e-01	
55	0.0	-2.2427152518e-03	-2.2427152518e-03	-2.2427152518e-03	-6.9371877748e-03	-6.9371877748e-03	-6.9371877748e-03	-6.9371877748e-03	-8.1142790960e-03	-8.1142790960e-03	-8.1142790960e-03	-8.1142790960e-03	-6.7621235553e-03	-6.7621235553e-03	-6.7621235553e-03	-6.7621235553e-03	-3.1259390795e-03	-3.1259390795e-03	-3.1259390795e-03	-3.1259390795e-03	2.1516344088e-03	2.1516344088e-03	2.1516344088e-03	2.1516344088e-03	7.4585470104e-03	7.4585470104e-03	7.4585470104e-03	7.4585470104e-03	1.0045573870e-02	1.4667607260e-02	1.4667607260e-02	1.4667607260e-02	2.0037277004e-02	2.0037277004e-02	2.2771405817e-02	2.2771405817e-02	2.2771405817e-02	2.9031462591e-02	2.9031462591e-02	2.9031462591e-02	2.9031462591e-02	3.5440271457e-02	3.5440271457e-02	3.5440271457e-02	3.5440271457e-02	3.8533765726e-02	4.4428743449e-02	4.4428743449e-02	4.4428743449e-02	5.0636412943e-02	5.0636412943e-02	5.3864304664e-02	5.3864304664e-02	5.3864304664e-02	6.1050401009e-02	6.1050401009e-02	6.1050401009e-02	6.5156617596e-02	6.8479534017e-02	6.8479534017e-02	6.8479534017e-02	7.7001855622e-02	7.7001855622e-02	8.3036841736e-02	8.3036841736e-02	8.3036841736e-02	8.7483787591e-02	9.0429566152e-02	9.0429566152e-02	9.0429566152e-02	1.0007407301e-01	1.0311508821e-01	1.0311508821e-01	1.0311508821e-01	1.0813795819e-01	1.1380530578e-01	1.1380530578e-01	1.1380530578e-01	1.1380530578e-01	1.2403199226e-01	1.2630567125e-01	1.2630567125e-01	1.2630567125e-01	1.3192162380e-01	1.3478525174e-01	1.3478525174e-01	1.3478525174e-01	1.4289218587e-01	1.4605017511e-01	1.4605017511e-01	1.5234897171e-01	1.5234897171e-01	1.5281846669e-01	1.5281846669e-01	1.6260641315e-01	1.6260641315e-01	1.6260641315e-01	1.6873531458e-01	1.6873531458e-01	1.6873531458e-01	1.7595366380e-01	
56	0.0	-2.0524307290e-03	-2.0524307290e-03	-2.0524307290e-03	-6.7312534754e-03	-6.7312534754e-03	-6.7312534754e-03	-6.7312534754e-03	-7.9007168324e-03	-7.9007168324e-03	-7.9007168324e-03	-7.9007168324e-03	-6.5478506871e-03	-6.5478506871e-03	-6.5478506871e-03	-6.5478506871e-03	-2.9076157658e-03	-2.9076157658e-03	-2.9076157658e-03	-2.9076157658e-03	2.4011542274e-03	2.4011542274e-03	2.4011542274e-03	2.4011542274e-03	7.7702256787e-03	7.7702256787e-03	7.7702256787e-03	7.7702256787e-03	1.0429213104e-02	1.5058947268e-02	1.5058947268e-02	1.5058947268e-02	2.0589096237e-02	2.0589096237e-02	2.3337633266e-02	2.3337633266e-02	2.3337633266e-02	2.9690154760e-02	2.9690154760e-02	2.9690154760e-02	2.9690154760e-02	3.6166179042e-02	3.6166179042e-02	3.6166179042e-02	3.6166179042e-02	3.9286302871e-02	4.5224802733e-02	4.5224802733e-02	4.5224802733e-02	5.1489530250e-02	5.1489530250e-02	5.4746105128e-02	5.4746105128e-02	5.4746105128e-02	6.1990694026e-02	6.1990694026e-02	6.1990694026e-02	6.6121241035e-02	6.9478349263e-02	6.9478349263e-02	6.9478349263e-02	7.8007766099e-02	7.8007766099e-02	8.4113741606e-02	8.4113741606e-02	8.4113741606e-02	8.8559394135e-02	9.1550336515e-02	9.1550336515e-02	9.1550336515e-02	1.0118170264e-01	1.0426973389e-01	1.0426973389e-01	1.0426973389e-01	1.0928451180e-01	1.1505547609e-01	1.1505547609e-01	1.1505547609e-01	1.1505547609e-01	1.2539709772e-01	1.2774287893e-01	1.2774287893e-01	1.2774287893e-01	1.3343365793e-01	1.3640302797e-01	1.3640302797e-01	1.3640302797e-01	1.4447901145e-01	1.4779942275e-01	1.4779942275e-01	1.5406544807e-01	1.5406544807e-01	1.5464831027e-01	1.5464831027e-01	1.6420620974e-01	1.6420620974e-01	1.6420620974e-01	1.7033152857e-01	1.7033152857e-01	1.7033152857e-01	1.7720482034e-01	
57	0.0	-1.9206237198e-03	-1.9206237198e-03	-1.9206237198e-03	-6.6055865659e-03	-6.6055865659e-03	-6.6055865659e-03	-6.6055865659e-03	-7.7770175690e-03	-7.7770175690e-03	-7.7770175690e-03	-7.7770175690e-03	-6.4264215438e-03	-6.4264215438e-03	-6.4264215438e-03	-6.4264215438e-03	-2.7799759743e-03	-2.7799759743e-03	-2.7799759743e-03	-2.7799759743e-03	2.5662994996e-03	2.5662994996e-03	2.5662994996e-03	2.5662994996e-03	8.0031409738e-03	8.0031409738e-03	8.0031409738e-03	8.0031409738e-03	1.0735114190e-02	1.5373092545e-02	1.5373092545e-02	1.5373092545e-02	2.1061235753e-02	2.1061235753e-02	2.3824253146e-02	2.3824253146e-02	2.3824253146e-02	3.0265308165e-02	3.0265308165e-02	3.0265308165e-02	3.0265308165e-02	3.6802684516e-02	3.6802684516e-02	3.6802684516e-02	3.6802684516e-02	3.9942872760e-02	4.5924832996e-02	4.5924832996e-02	4.5924832996e-02	5.2233125198e-02	5.2233125198e-02	5.5516741999e-02	5.5516741999e-02	5.5516741999e-02	6.2808163879e-02	6.2808163879e-02	6.2808163879e-02	6.6951725994e-02	7.0341015908e-02	7.0341015908e-02	7.0341015908e-02	7.8852318152e-02	7.8852318152e-02	8.5025148600e-02	8.5025148600e-02	8.5025148600e-02	8.9455824045e-02	9.2488446210e-02	9.2488446210e-02	9.2488446210e-02	1.0205977134e-01	1.0519072122e-01	1.0519072122e-01	1.0519072122e-01	1.1016593225e-01	1.1603073635e-01	1.1603073635e-01	1.1603073635e-01	1.1603073635e-01	1.2642426008e-01	1.2883516376e-01	1.2883516376e-01	1.2883516376e-01	1.3457159549e-01	1.3763727670e-01	1.3763727670e-01	1.3763727670e-01	1.4571355388e-01	1.4918226212e-01	1.4918226212e-01	1.5543139091e-01	1.5543139091e-01	1.5611097891e-01	1.5611097891e-01	1.6548914663e-01	1.6548914663e-01	1.6548914663e-01	1.7161047052e-01	1.7161047052e-01	1.7161047052e-01	1.7817418319e-01	
58	0.0	-1.8378332762e-03	-1.8378332762e-03	-1.8378332762e-03	-6.5436021763e-03	-6.5436021763e-03	-6.5436021763e-03	-6.5436021763e-03	-7.7230448460e-03	-7.7230448460e-03	-7.7230448460e-03	-7.7230448460e-03	-6.3765350410e-03	-6.3765350410e-03	-6.3765350410e-03	-6.3765350410e-03	-2.7231218106e-03	-2.7231218106e-03	-2.7231218106e-03	-2.7231218106e-03	2.6629607257e-03	2.6629607257e-03	2.6629607257e-03	2.6629607257e-03	8.1687418472e-03	8.1687418472e-03	8.1687418472e-03	8.1687418472e-03	1.0967835092e-02	1.5612417091e-02	1.5612417091e-02	1.5612417091e-02	2.1441511170e-02	2.1441511170e-02	2.4216743731e-02	2.4216743731e-02	2.4216743731e-02	3.0728472123e-02	3.0728472123e-02	3.0728472123e-02	3.0728472123e-02	3.7304379733e-02	3.7304379733e-02	3.7304379733e-02	3.7304379733e-02	4.0445078679e-02	4.6463370809e-02	4.6463370809e-02	4.6463370809e-02	5.2776561728e-02	5.2776561728e-02	5.6081142040e-02	5.6081142040e-02	5.6081142040e-02	6.3387993855e-02	6.3387993855e-02	6.3387993855e-02	6.7517805031e-02	7.0932228248e-02	7.0932228248e-02	7.0932228248e-02	7.9385871926e-02	7.9385871926e-02	8.5611486029e-02	8.5611486029e-02	8.5611486029e-02	9.0005192822e-02	9.3069264004e-02	9.3069264004e-02	9.3069264004e-02	1.0251600833e-01	1.0567854778e-01	1.0567854778e-01	1.0567854778e-01	1.1057741399e-01	1.1651092674e-01	1.1651092674e-01	1.1651092674e-01	1.1651092674e-01	1.2688029223e-01	1.2933983386e-01	1.2933983386e-01	1.2933983386e-01	1.3507782117e-01	1.3821686289e-01	1.3821686289e-01	1.3821686289e-01	1.4628775647e-01	1.4986943659e-01	1.4986943659e-01	1.5609620194e-01	1.5609620194e-01	1.5684094687e-01	1.5684094687e-01	1.6606827463e-01	1.6606827463e-01	1.6606827463e-01	1.7215342794e-01	1.7215342794e-01	1.7215342794e-01	1.7847529998e-01	
59	0.0	-1.8108630435e-03	-1.8108630435e-03	-1.8108630435e-03	-6.5574522333e-03	-6.5574522333e-03	-6.5574522333e-03	-6.5574522333e-03	-7.7542583989e-03	-7.7542583989e-03	-7.7542583989e-03	-7.7542583989e-03	-6.4163228311e-03	-6.4163228311e-03	-6.4163228311e-03	-6.4163228311e-03	-2.7577941123e-03	-2.7577941123e-03	-2.7577941123e-03	-2.7577941123e-03	2.6668687849e-03	2.6668687849e-03	2.6668687849e-03	2.6668687849e-03	8.2401643384e-03	8.2401643384e-03	8.2401643384e-03	8.2401643384e-03	1.1105669682e-02	1.5750942905e-02	1.5750942905e-02	1.5750942905e-02	2.1721412481e-02	2.1721412481e-02	2.4503702002e-02	2.4503702002e-02	2.4503702002e-02	3.1079834651e-02	3.1079834651e-02	3.1079834651e-02	3.1079834651e-02	3.7687958161e-02	3.7687958161e-02	3.7687958161e-02	3.7687958161e-02	4.0830607101e-02	4.6871907515e-02	4.6871907515e-02	4.6871907515e-02	5.3196663291e-02	5.3196663291e-02	5.6512905422e-02	5.6512905422e-02	5.6512905422e-02	6.3829164568e-02	6.3829164568e-02	6.3829164568e-02	6.7949638703e-02	7.1378769821e-02	7.1378769821e-02	7.1378769821e-02	7.9795580586e-02	7.9795580586e-02	8.6053118065e-02	8.6053118065e-02	8.6053118065e-02	9.0424780081e-02	9.3506568833e-02	9.3506568833e-02	9.3506568833e-02	1.0285925056e-01	1.0603862592e-01	1.0603862592e-01	1.0603862592e-01	1.1087571289e-01	1.1684576768e-01	1.1684576768e-01	1.1684576768e-01	1.1684576768e-01	1.2722423181e-01	1.2971134034e-01	1.2971134034e-01	1.2971134034e-01	1.3546680001e-01	1.3864937054e-01	1.3864937054e-01	1.3864937054e-01	1.4680672746e-01	1.5045474607e-01	1.5045474607e-01	1.5673733616e-01	1.5673733616e-01	1.5751066662e-01	1.5751066662e-01	1.6670823841e-01	1.6670823841e-01	1.6670823841e-01	1.7276942224e-01	1.7276942224e-01	1.7276942224e-01	1.7893957565e-01	
60	0.0	-1.8153116633e-03	-1.8153116633e-03	-1.8153116633e-03	-6.6087286723e-03	-6.6087286723e-03	-6.6087286723e-03	-6.6087286723e-03	-7.8251994619e-03	-7.8251994619e-03	-7.8251994619e-03	-7.8251994619e-03	-6.4964804570e-03	-6.4964804570e-03	-6.4964804570e-03	-6.4964804570e-03	-2.8333528341e-03	-2.8333528341e-03	-2.8333528341e-03	-2.8333528341e-03	2.6274318944e-03	2.6274318944e-03	2.6274318944e-03	2.6274318944e-03	8.2633150365e-03	8.2633150365e-03	8.2633150365e-03	8.2633150365e-03	1.1188589843e-02	1.5832499900e-02	1.5832499900e-02	1.5832499900e-02	2.1932873603e-02	2.1932873603e-02	2.4719774216e-02	2.4719774216e-02	2.4719774216e-02	3.1347910258e-02	3.1347910258e-02	3.1347910258e-02	3.1347910258e-02	3.7972453765e-02	3.7972453765e-02	3.7972453765e-02	3.7972453765e-02	4.1104710224e-02	4.7161817838e-02	4.7161817838e-02	4.7161817838e-02	5.3474049802e-02	5.3474049802e-02	5.6796886058e-02	5.6796886058e-02	5.6796886058e-02	6.4101962048e-02	6.4101962048e-02	6.4101962048e-02	6.8196314232e-02	7.1634296878e-02	7.1634296878e-02	7.1634296878e-02	7.9984002654e-02	7.9984002654e-02	8.6261336360e-02	8.6261336360e-02	8.6261336360e-02	9.0596735530e-02	9.3688495972e-02	9.3688495972e-02	9.3688495972e-02	1.0291423393e-01	1.0610232710e-01	1.0610232710e-01	1.0610232710e-01	1.1086034424e-01	1.1684915854e-01	1.1684915854e-01	1.1684915854e-01	1.1684915854e-01	1.2717024032e-01	1.2967290204e-01	1.2967290204e-01	1.2967290204e-01	1.3539993132e-01	1.3860700347e-01	1.3860700347e-01	1.3860700347e-01	1.4680105099e-01	1.5048454173e-01	1.5048454173e-01	1.5680488491e-01	1.5680488491e-01	1.5758525032e-01	1.5758525032e-01	1.6680447049e-01	1.6680447049e-01	1.6680447049e-01	1.7283458259e-01	1.7283458259e-01	1.7283458259e-01	1.7888897508e-01	
61	0.0	-1.8437157924e-03	-1.8437157924e-03	-1.8437157924e-03	-6.6879492183e-03	-6.6879492183e-03	-6.6879492183e-03	-6.6879492183e-03	-7.9259360183e-03	-7.9259360183e-03	-7.9259360183e-03	-7.9259360183e-03	-6.6070049945e-03	-6.6070049945e-03	-6.6070049945e-03	-6.6070049945e-03	-2.9394083816e-03	-2.9394083816e-03	-2.9394083816e-03	-2.9394083816e-03	2.5555279769e-03	2.5555279769e-03	2.5555279769e-03	2.5555279769e-03	8.2498840452e-03	8.2498840452e-03	8.2498840452e-03	8.2498840452e-03	1.1230329545e-02	1.5872171594e-02	1.5872171594e-02	1.5872171594e-02	2.2096062289e-02	2.2096062289e-02	2.4886223836e-02	2.4886223836e-02	2.4886223836e-02	3.1560500311e-02	3.1560500311e-02	3.1560500311e-02	3.1560500311e-02	3.8195278200e-02	3.8195278200e-02	3.8195278200e-02	3.8195278200e-02	4.1314268229e-02	4.7382875345e-02	4.7382875345e-02	4.7382875345e-02	5.3678597048e-02	5.3678597048e-02	5.7005352255e-02	5.7005352255e-02	5.7005352255e-02	6.4294218338e-02	6.4294218338e-02	6.4294218338e-02	6.8360243003e-02	7.1804106813e-02	7.1804106813e-02	7.1804106813e-02	8.0085773936e-02	8.0085773936e-02	8.6376618773e-02	8.6376618773e-02	8.6376618773e-02	9.0674842646e-02	9.3773111048e-02	9.3773111048e-02	9.3773111048e-02	1.0286774699e-01	1.0606129358e-01	1.0606129358e-01	1.0606129358e-01	1.1073921981e-01	1.1673941090e-01	1.1673941090e-01	1.1673941090e-01	1.1673941090e-01	1.2696268676e-01	1.2947464094e-01	1.2947464094e-01	1.2947464094e-01	1.3514574452e-01	1.3836642898e-01	1.3836642898e-01	1.3836642898e-01	1.4655214692e-01	1.5025526415e-01	1.5025526415e-01	1.5658252803e-01	1.5658252803e-01	1.5736263166e-01	1.5736263166e-01	1.6656768962e-01	1.6656768962e-01	1.6656768962e-01	1.7254166943e-01	1.7254166943e-01	1.7254166943e-01	1.7848981578e-01	
62	0.0	-1.8905658650e-03	-1.8905658650e-03	-1.8905658650e-03	-6.7878037895e-03	-6.7878037895e-03	-6.7878037895e-03	-6.7878037895e-03	-8.0484873976e-03	-8.0484873976e-03	-8.0484873976e-03	-8.0484873976e-03	-6.7397886706e-03	-6.7397886706e-03	-6.7397886706e-03	-6.7397886706e-03	-3.0683700017e-03	-3.0683700017e-03	-3.0683700017e-03	-3.0683700017e-03	2.4574111444e-03	2.4574111444e-03	2.4574111444e-03	2.4574111444e-03	8.2041374430e-03	8.2041374430e-03	8.2041374430e-03	8.2041374430e-03	1.1233472937e-02	1.5872062432e-02	1.5872062432e-02	1.5872062432e-02	2.2208449952e-02	2.2208449952e-02	2.4999729526e-02	2.4999729526e-02	2.4999729526e-02	3.1710237343e-02	3.1710237343e-02	3.1710237343e-02	3.1710237343e-02	3.8344794726e-02	3.8344794726e-02	3.8344794726e-02	3.8344794726e-02	4.1445136878e-02	4.7517918678e-02	4.7517918678e-02	4.7517918678e-02	5.3788435062e-02	5.3788435062e-02	5.7115302271e-02	5.7115302271e-02	5.7115302271e-02	6.4379004292e-02	6.4379004292e-02	6.4379004292e-02	6.8411687807e-02	7.1857019663e-02	7.1857019663e-02	7.1857019663e-02	8.0064607583e-02	8.0064607583e-02	8.6359512296e-02	8.6359512296e-02	8.6359512296e-02	9.0618603785e-02	9.3717635474e-02	9.3717635474e-02	9.3717635474e-02	1.0268648585e-01	1.0587965246e-01	1.0587965246e-01	1.0587965246e-01	1.1048030521e-01	1.1647871876e-01	1.1647871876e-01	1.1647871876e-01	1.1647871876e-01	1.2653723929e-01	1.2904936591e-01	1.2904936591e-01	1.2904936591e-01	1.3462454618e-01	1.3784468320e-01	1.3784468320e-01	1.3784468320e-01	1.4596599787e-01	1.4966689392e-01	1.4966689392e-01	1.5595747944e-01	1.5595747944e-01	1.5672626169e-01	1.5672626169e-01	1.6587431057e-01	1.6587431057e-01	1.6587431057e-01	1.7175834649e-01	1.7175834649e-01	1.7175834649e-01	1.7762244179e-01	
63	0.0	-1.9584718598e-03	-1.9584718598e-03	-1.9584718598e-03	-6.9145243834e-03	-6.9145243834e-03	-6.9145243834e-03	-6.9145243834e-03	-8.2013122598e-03	-8.2013122598e-03	-8.2013122598e-03	-8.2013122598e-03	-6.9049212549e-03	-6.9049212549e-03	-6.9049212549e-03	-6.9049212549e-03	-3.2312807618e-03	-3.2312807618e-03	-3.2312807618e-03	-3.2312807618e-03	2.3218242145e-03	2.3218242145e-03	2.3218242145e-03	2.3218242145e-03	8.1155215187e-03	8.1155215187e-03	8.1155215187e-03	8.1155215187e-03	1.1190873293e-02	1.5823288000e-02	1.5823288000e-02	1.5823288000e-02	2.2269371346e-02	2.2269371346e-02	2.5058372161e-02	2.5058372161e-02	2.5058372161e-02	3.1801337314e-02	3.1801337314e-02	3.1801337314e-02	3.1801337314e-02	3.8434472293e-02	3.8434472293e-02	3.8434472293e-02	3.8434472293e-02	4.1521823718e-02	4.7589078209e-02	4.7589078209e-02	4.7589078209e-02	5.3847849931e-02	5.3847849931e-02	5.7169334517e-02	5.7169334517e-02	5.7169334517e-02	6.4410854851e-02	6.4410854851e-02	6.4410854851e-02	6.8420346155e-02	7.1860756449e-02	7.1860756449e-02	7.1860756449e-02	8.0017196325e-02	8.0017196325e-02	8.6302706603e-02	8.6302706603e-02	8.6302706603e-02	9.0534685648e-02	9.3626353347e-02	9.3626353347e-02	9.3626353347e-02	1.0249915928e-01	1.0568360007e-01	1.0568360007e-01	1.0568360007e-01	1.1022531610e-01	1.1620354540e-01	1.1620354540e-01	1.1620354540e-01	1.1620354540e-01	1.2613582199e-01	1.2863628384e-01	1.2863628384e-01	1.2863628384e-01	1.3413569858e-01	1.3733802094e-01	1.3733802094e-01	1.3733802094e-01	1.4543147529e-01	1.4910263711e-01	1.4910263711e-01	1.5538193766e-01	1.5538193766e-01	1.5612373873e-01	1.5612373873e-01	1.6526916178e-01	1.6526916178e-01	1.6526916178e-01	1.7107562782e-01	1.7107562782e-01	1.7107562782e-01	1.7691429792e-01	
64	0.0	-2.0310311231e-03	-2.0310311231e-03	-2.0310311231e-03	-7.0449725118e-03	-7.0449725118e-03	-7.0449725118e-03	-7.0449725118e-03	-8.3573467255e-03	-8.3573467255e-03	-8.3573467255e-03	-8.3573467255e-03	-7.0719118616e-03	-7.0719118616e-03	-7.0719118616e-03	-7.0719118616e-03	-3.3940257605e-03	-3.3940257605e-03	-3.3940257605e-03	-3.3940257605e-03	2.1875294538e-03	2.1875294538e-03	2.1875294538e-03	2.1875294538e-03	8.0283734867e-03	8.0283734867e-03	8.0283734867e-03	8.0283734867e-03	1.1149763633e-02	1.5780517552e-02	1.5780517552e-02	1.5780517552e-02	2.2338092098e-02	2.2338092098e-02	2.5127152300e-02	2.5127152300e-02	2.5127152300e-02	3.1909970427e-02	3.1909970427e-02	3.1909970427e-02	3.1909970427e-02	3.8553691583e-02	3.8553691583e-02	3.8553691583e-02	3.8553691583e-02	4.1639235671e-02	4.7706287687e-02	4.7706287687e-02	4.7706287687e-02	5.3976700393e-02	5.3976700393e-02	5.7296876812e-02	5.7296876812e-02	5.7296876812e-02	6.4535671832e-02	6.4535671832e-02	6.4535671832e-02	6.8538762405e-02	7.1978661666e-02	7.1978661666e-02	7.1978661666e-02	8.0117421650e-02	8.0117421650e-02	8.6401668054e-02	8.6401668054e-02	8.6401668054e-02	9.0623544486e-02	9.3713565331e-02	9.3713565331e-02	9.3713565331e-02	1.0252804807e-01	1.0571020526e-01	1.0571020526e-01	1.0571020526e-01	1.1021303645e-01	1.1618369699e-01	1.1618369699e-01	1.1618369699e-01	1.1618369699e-01	1.2601862951e-01	1.2851436291e-01	1.2851436291e-01	1.2851436291e-01	1.3395195529e-01	1.3714540371e-01	1.3714540371e-01	1.3714540371e-01	1.4521734539e-01	1.4887138168e-01	1.4887138168e-01	1.5513808555e-01	1.5513808555e-01	1.5586469470e-01	1.5586469470e-01	1.6501366905e-01	1.6501366905e-01	1.6501366905e-01	1.7077671529e-01	1.7077671529e-01	1.7077671529e-01	1.7661021575e-01	
65	0.0	-2.1078979047e-03	-2.1078979047e-03	-2.1078979047e-03	-7.1792772903e-03	-7.1792772903e-03	-7.1792772903e-03	-7.1792772903e-03	-8.5166036952e-03	-8.5166036952e-03	-8.5166036952e-03	-8.5166036952e-03	-7.2405230276e-03	-7.2405230276e-03	-7.2405230276e-03	-7.2405230276e-03	-3.5560565460e-03	-3.5560565460e-03	-3.5560565460e-03	-3.5560565460e-03	2.0556017442e-03	2.0556017442e-03	2.0556017442e-03	2.0556017442e-03	7.9445092980e-03	7.9445092980e-03	7.9445092980e-03	7.9445092980e-03	1.1112219445e-02	1.5746363877e-02	1.5746363877e-02	1.5746363877e-02	2.2416492134e-02	2.2416492134e-02	2.5208197252e-02	2.5208197252e-02	2.5208197252e-02	3.2038122208e-02	3.2038122208e-02	3.2038122208e-02	3.2038122208e-02	3.8704063193e-02	3.8704063193e-02	3.8704063193e-02	3.8704063193e-02	4.1797905788e-02	4.7870866438e-02	4.7870866438e-02	4.7870866438e-02	5.4172748715e-02	5.4172748715e-02	5.7495766253e-02	5.7495766253e-02	5.7495766253e-02	6.4748871117e-02	6.4748871117e-02	6.4748871117e-02	6.8759698901e-02	7.2203608120e-02	7.2203608120e-02	7.2203608120e-02	8.0354433035e-02	8.0354433035e-02	8.6646072300e-02	8.6646072300e-02	8.6646072300e-02	9.0873537298e-02	9.3967761648e-02	9.3967761648e-02	9.3967761648e-02	1.0276148717e-01	1.0594784363e-01	1.0594784363e-01	1.0594784363e-01	1.1043364163e-01	1.1640984292e-01	1.1640984292e-01	1.1640984292e-01	1.1640984292e-01	1.2618432321e-01	1.2868306092e-01	1.2868306092e-01	1.2868306092e-01	1.3407867791e-01	1.3727385783e-01	1.3727385783e-01	1.3727385783e-01	1.4532553046e-01	1.4897852972e-01	1.4897852972e-01	1.5522945818e-01	1.5522945818e-01	1.5595399062e-01	1.5595399062e-01	1.6509968031e-01	1.6509968031e-01	1.6509968031e-01	1.7084525126e-01	1.7084525126e-01	1.7084525126e-01	1.7667501485e-01	
66	0.0	-2.2026257136e-03	-2.2026257136e-03	-2.2026257136e-03	-7.3396579030e-03	-7.3396579030e-03	-7.3396579030e-03	-7.3396579030e-03	-8.7059304047e-03	-8.7059304047e-03	-8.7059304047e-03	-8.7059304047e-03	-7.4408514545e-03	-7.4408514545e-03	-7.4408514545e-03	-7.4408514545e-03	-3.7496939313e-03	-3.7496939313e-03	-3.7496939313e-03	-3.7496939313e-03	1.8923053559e-03	1.8923053559e-03	1.8923053559e-03	1.8923053559e-03	7.8299190097e-03	7.8299190097e-03	7.8299190097e-03	7.8299190097e-03	1.1047153994e-02	1.5684663514e-02	1.5684663514e-02	1.5684663514e-02	2.2474221800e-02	2.2474221800e-02	2.5267705658e-02	2.5267705658e-02	2.5267705658e-02	3.2152649915e-02	3.2152649915e-02	3.2152649915e-02	3.2152649915e-02	3.8854665029e-02	3.8854665029e-02	3.8854665029e-02	3.8854665029e-02	4.1973441921e-02	4.8050657605e-02	4.8050657605e-02	4.8050657605e-02	5.4417439235e-02	5.4417439235e-02	5.7742027822e-02	5.7742027822e-02	5.7742027822e-02	6.5028995877e-02	6.5028995877e-02	6.5028995877e-02	6.9070823479e-02	7.2517250166e-02	7.2517250166e-02	7.2517250166e-02	8.0728310434e-02	8.0728310434e-02	8.7024329964e-02	8.7024329964e-02	8.7024329964e-02	9.1282649969e-02	9.4379213643e-02	9.4379213643e-02	9.4379213643e-02	1.0321166752e-01	1.0640036924e-01	1.0640036924e-01	1.0640036924e-01	1.1090405221e-01	1.1688204244e-01	1.1688204244e-01	1.1688204244e-01	1.1688204244e-01	1.2666342235e-01	1.2916309726e-01	1.2916309726e-01	1.2916309726e-01	1.3455249505e-01	1.3774677715e-01	1.3774677715e-01	1.3774677715e-01	1.4580876458e-01	1.4945664230e-01	1.4945664230e-01	1.5571337905e-01	1.5571337905e-01	1.5643364725e-01	1.5643364725e-01	1.6561096511e-01	1.6561096511e-01	1.6561096511e-01	1.7135621650e-01	1.7135621650e-01	1.7135621650e-01	1.7720803016e-01	
67	0.0	-2.3085092292e-03	-2.3085092292e-03	-2.3085092292e-03	-7.5147012810e-03	-7.5147012810e-03	-7.5147012810e-03	-7.5147012810e-03	-8.9115051539e-03	-8.9115051539e-03	-8.9115051539e-03	-8.9115051539e-03	-7.6580709651e-03	-7.6580709651e-03	-7.6580709651e-03	-7.6580709651e-03	-3.9605201987e-03	-3.9605201987e-03	-3.9605201987e-03	-3.9605201987e-03	1.7105037564e-03	1.7105037564e-03	1.7105037564e-03	1.7105037564e-03	7.6949757450e-03	7.6949757450e-03	7.6949757450e-03	7.6949757450e-03	1.0961770819e-02	1.5601905808e-02	1.5601905808e-02	1.5601905808e-02	2.2510971513e-02	2.2510971513e-02	2.5305238854e-02	2.5305238854e-02	2.5305238854e-02	3.2247525340e-02	3.2247525340e-02	3.2247525340e-02	3.2247525340e-02	3.8991976588e-02	3.8991976588e-02	3.8991976588e-02	3.8991976588e-02	4.2144223276e-02	4.8224077824e-02	4.8224077824e-02	4.8224077824e-02	5.4672293239e-02	5.4672293239e-02	5.7996866122e-02	5.7996866122e-02	5.7996866122e-02	6.5326305379e-02	6.5326305379e-02	6.5326305379e-02	6.9410513182e-02	7.2857593425e-02	7.2857593425e-02	7.2857593425e-02	8.1152288497e-02	8.1152288497e-02	8.7449028241e-02	8.7449028241e-02	8.7449028241e-02	9.1750564367e-02	9.4846871142e-02	9.4846871142e-02	9.4846871142e-02	1.0374941069e-01	1.0693773362e-01	1.0693773362e-01	1.0693773362e-01	1.1147653133e-01	1.1745112492e-01	1.1745112492e-01	1.1745112492e-01	1.1745112492e-01	1.2727782632e-01	1.2977545647e-01	1.2977545647e-01	1.2977545647e-01	1.3518075796e-01	1.3837029783e-01	1.3837029783e-01	1.3837029783e-01	1.4646128913e-01	1.5009813399e-01	1.5009813399e-01	1.5637439265e-01	1.5637439265e-01	1.5708668740e-01	1.5708668740e-01	1.6631066627e-01	1.6631066627e-01	1.6631066627e-01	1.7205837226e-01	1.7205837226e-01	1.7205837226e-01	1.7794451958e-01	
68	0.0	-2.4033170706e-03	-2.4033170706e-03	-2.4033170706e-03	-7.6679734383e-03	-7.6679734383e-03	-7.6679734383e-03	-7.6679734383e-03	-9.0897040949e-03	-9.0897040949e-03	-9.0897040949e-03	-9.0897040949e-03	-7.8444769189e-03	-7.8444769189e-03	-7.8444769189e-03	-7.8444769189e-03	-4.1394978480e-03	-4.1394978480e-03	-4.1394978480e-03	-4.1394978480e-03	1.5580240381e-03	1.5580240381e-03	1.5580240381e-03	1.5580240381e-03	7.5832817940e-03	7.5832817940e-03	7.5832817940e-03	7.5832817940e-03	1.0890280986e-02	1.5535868956e-02	1.5535868956e-02	1.5535868956e-02	2.2542575327e-02	2.2542575327e-02	2.5339611502e-02	2.5339611502e-02	2.5339611502e-02	3.2326823581e-02	3.2326823581e-02	3.2326823581e-02	3.2326823581e-02	3.9098586048e-02	3.9098586048e-02	3.9098586048e-02	3.9098586048e-02	4.2265966256e-02	4.8354059808e-02	4.8354059808e-02	4.8354059808e-02	5.4843016211e-02	5.4843016211e-02	5.8170906878e-02	5.8170906878e-02	5.8170906878e-02	6.5521024782e-02	6.5521024782e-02	6.5521024782e-02	6.9619229801e-02	7.3070933892e-02	7.3070933892e-02	7.3070933892e-02	8.1390738175e-02	8.1390738175e-02	8.7696502207e-02	8.7696502207e-02	8.7696502207e-02	9.2010747831e-02	9.5112191158e-02	9.5112191158e-02	9.5112191158e-02	1.0402565431e-01	1.0721963131e-01	1.0721963131e-01	1.0721963131e-01	1.1176286550e-01	1.1774760476e-01	1.1774760476e-01	1.1774760476e-01	1.1774760476e-01	1.2755463377e-01	1.3005915522e-01	1.3005915522e-01	1.3005915522e-01	1.3544545058e-01	1.3864348434e-01	1.3864348434e-01	1.3864348434e-01	1.4669872295e-01	1.5034647050e-01	1.5034647050e-01	1.5659121306e-01	1.5659121306e-01	1.5731361237e-01	1.5731361237e-01	1.6649349503e-01	1.6649349503e-01	1.6649349503e-01	1.7222964876e-01	1.7222964876e-01	1.7222964876e-01	1.7809805806e-01	
69	0.0	-2.4932782357e-03	-2.4932782357e-03	-2.4932782357e-03	-7.8102119848e-03	-7.8102119848e-03	-7.8102119848e-03	-7.8102119848e-03	-9.2543147588e-03	-9.2543147588e-03	-9.2543147588e-03	-9.2543147588e-03	-8.0163778056e-03	-8.0163778056e-03	-8.0163778056e-03	-8.0163778056e-03	-4.3048219831e-03	-4.3048219831e-03	-4.3048219831e-03	-4.3048219831e-03	1.4153776278e-03	1.4153776278e-03	1.4153776278e-03	1.4153776278e-03	7.4749212089e-03	7.4749212089e-03	7.4749212089e-03	7.4749212089e-03	1.0815028999e-02	1.5465131225e-02	1.5465131225e-02	1.5465131225e-02	2.2553619851e-02	2.2553619851e-02	2.5352865170e-02	2.5352865170e-02	2.5352865170e-02	3.2374100693e-02	3.2374100693e-02	3.2374100693e-02	3.2374100693e-02	3.9160934237e-02	3.9160934237e-02	3.9160934237e-02	3.9160934237e-02	4.2331980282e-02	4.8427515535e-02	4.8427515535e-02	4.8427515535e-02	5.4932576511e-02	5.4932576511e-02	5.8263009415e-02	5.8263009415e-02	5.8263009415e-02	6.5618017193e-02	6.5618017193e-02	6.5618017193e-02	6.9713869890e-02	7.3169599819e-02	7.3169599819e-02	7.3169599819e-02	8.1481851962e-02	8.1481851962e-02	8.7796041733e-02	8.7796041733e-02	8.7796041733e-02	9.2106188001e-02	9.5212290750e-02	9.5212290750e-02	9.5212290750e-02	1.0410635614e-01	1.0730565023e-01	1.0730565023e-01	1.0730565023e-01	1.1183874308e-01	1.1783383813e-01	1.1783383813e-01	1.1783383813e-01	1.1783383813e-01	1.2759382076e-01	1.3010614205e-01	1.3010614205e-01	1.3010614205e-01	1.3546008030e-01	1.3866876878e-01	1.3866876878e-01	1.3866876878e-01	1.4666454797e-01	1.5032833418e-01	1.5032833418e-01	1.5652471732e-01	1.5652471732e-01	1.5726232810e-01	1.5726232810e-01	1.6637209933e-01	1.6637209933e-01	1.6637209933e-01	1.7209390484e-01	1.7209390484e-01	1.7209390484e-01	1.7793205881e-01	
70	0.0	-2.5771493668e-03	-2.5771493668e-03	-2.5771493668e-03	-7.9402885828e-03	-7.9402885828e-03	-7.9402885828e-03	-7.9402885828e-03	-9.4043514347e-03	-9.4043514347e-03	-9.4043514347e-03	-9.4043514347e-03	-8.1729948194e-03	-8.1729948194e-03	-8.1729948194e-03	-8.1729948194e-03	-4.4559352480e-03	-4.4559352480e-03	-4.4559352480e-03	-4.4559352480e-03	1.2830321247e-03	1.2830321247e-03	1.2830321247e-03	1.2830321247e-03	7.3703012209e-03	7.3703012209e-03	7.3703012209e-03	7.3703012209e-03	1.0736211392e-02	1.5389740083e-02	1.5389740083e-02	1.5389740083e-02	2.2543973916e-02	2.2543973916e-02	2.5344883235e-02	2.5344883235e-02	2.5344883235e-02	3.2389377061e-02	3.2389377061e-02	3.2389377061e-02	3.2389377061e-02	3.9179432631e-02	3.9179432631e-02	3.9179432631e-02	3.9179432631e-02	4.2343314278e-02	4.8445312105e-02	4.8445312105e-02	4.8445312105e-02	5.4943157340e-02	5.4943157340e-02	5.8275492142e-02	5.8275492142e-02	5.8275492142e-02	6.5620799840e-02	6.5620799840e-02	6.5620799840e-02	6.9699124278e-02	7.3158495645e-02	7.3158495645e-02	7.3158495645e-02	8.1432112976e-02	8.1432112976e-02	8.7754588649e-02	8.7754588649e-02	8.7754588649e-02	9.2044541939e-02	9.5155172944e-02	9.5155172944e-02	9.5155172944e-02	1.0399999491e-01	1.0720461181e-01	1.0720461181e-01	1.0720461181e-01	1.1171228689e-01	1.1771857238e-01	1.1771857238e-01	1.1771857238e-01	1.1771857238e-01	1.2740160141e-01	1.2992288772e-01	1.2992288772e-01	1.2992288772e-01	1.3522917767e-01	1.3845090106e-01	1.3845090106e-01	1.3845090106e-01	1.4636081938e-01	1.5004605462e-01	1.5004605462e-01	1.5617444120e-01	1.5617444120e-01	1.5693234554e-01	1.5693234554e-01	1.6594217745e-01	1.6594217745e-01	1.6594217745e-01	1.7164485127e-01	1.7164485127e-01	1.7164485127e-01	1.7743527784e-01	
71	0.0	-2.6567669803e-03	-2.6567669803e-03	-2.6567669803e-03	-8.0633208043e-03	-8.0633208043e-03	-8.0633208043e-03	-8.0633208043e-03	-9.5466371802e-03	-9.5466371802e-03	-9.5466371802e-03	-9.5466371802e-03	-8.3218908464e-03	-8.3218908464e-03	-8.3218908464e-03	-8.3218908464e-03	-4.5998715499e-03	-4.5998715499e-03	-4.5998715499e-03	-4.5998715499e-03	1.1561436818e-03	1.1561436818e-03	1.1561436818e-03	1.1561436818e-03	7.2684200420e-03	7.2684200420e-03	7.2684200420e-03	7.2684200420e-03	1.0657998515e-02	1.5314487292e-02	1.5314487292e-02	1.5314487292e-02	2.2529951700e-02	2.2529951700e-02	2.5332451314e-02	2.5332451314e-02	2.5332451314e-02	3.2399885834e-02	3.2399885834e-02	3.2399885834e-02	3.2399885834e-02	3.9196128366e-02	3.9196128366e-02	3.9196128366e-02	3.9196128366e-02	4.2357752807e-02	4.8466172292e-02	4.8466172292e-02	4.8466172292e-02	5.4968432197e-02	5.4968432197e-02	5.8302783295e-02	5.8302783295e-02	5.8302783295e-02	6.5646981133e-02	6.5646981133e-02	6.5646981133e-02	6.9718047358e-02	7.3181447147e-02	7.3181447147e-02	7.3181447147e-02	8.1439531611e-02	8.1439531611e-02	8.7771526087e-02	8.7771526087e-02	8.7771526087e-02	9.2053680566e-02	9.5169487951e-02	9.5169487951e-02	9.5169487951e-02	1.0399465177e-01	1.0720530857e-01	1.0720530857e-01	1.0720530857e-01	1.1170318052e-01	1.1772270022e-01	1.1772270022e-01	1.1772270022e-01	1.1772270022e-01	1.2736689017e-01	1.2989855813e-01	1.2989855813e-01	1.2989855813e-01	1.3517965844e-01	1.3841673138e-01	1.3841673138e-01	1.3841673138e-01	1.4626971180e-01	1.4998108688e-01	1.4998108688e-01	1.5606297308e-01	1.5606297308e-01	1.5684461497e-01	1.5684461497e-01	1.6577699584e-01	1.6577699584e-01	1.6577699584e-01	1.7148173938e-01	1.7148173938e-01	1.7148173938e-01	1.7722618258e-01	
72	0.0	-2.7352862714e-03	-2.7352862714e-03	-2.7352862714e-03	-8.1846943998e-03	-8.1846943998e-03	-8.1846943998e-03	-8.1846943998e-03	-9.6874230091e-03	-9.6874230091e-03	-9.6874230091e-03	-9.6874230091e-03	-8.4697989906e-03	-8.4697989906e-03	-8.4697989906e-03	-8.4697989906e-03	-4.7436734328e-03	-4.7436734328e-03	-4.7436734328e-03	-4.7436734328e-03	1.0276842420e-03	1.0276842420e-03	1.0276842420e-03	1.0276842420e-03	7.1626158562e-03	7.1626158562e-03	7.1626158562e-03	7.1626158562e-03	1.0574489927e-02	1.5232820831e-02	1.5232820831e-02	1.5232820831e-02	2.2505680259e-02	2.2505680259e-02	2.5309092447e-02	2.5309092447e-02	2.5309092447e-02	3.2398761233e-02	3.2398761233e-02	3.2398761233e-02	3.2398761233e-02	3.9203541696e-02	3.9203541696e-02	3.9203541696e-02	3.9203541696e-02	4.2367503575e-02	4.8480652561e-02	4.8480652561e-02	4.8480652561e-02	5.4996753081e-02	5.4996753081e-02	5.8332212071e-02	5.8332212071e-02	5.8332212071e-02	6.5681065866e-02	6.5681065866e-02	6.5681065866e-02	6.9752806196e-02	7.3219437566e-02	7.3219437566e-02	7.3219437566e-02	8.1478261961e-02	8.1478261961e-02	8.7818588410e-02	8.7818588410e-02	8.7818588410e-02	9.2101335014e-02	9.5221631085e-02	9.5221631085e-02	9.5221631085e-02	1.0404588971e-01	1.0726189450e-01	1.0726189450e-01	1.0726189450e-01	1.1175945487e-01	1.1779132115e-01	1.1779132115e-01	1.1779132115e-01	1.1779132115e-01	1.2741696576e-01	1.2995866829e-01	1.2995866829e-01	1.2995866829e-01	1.3522627315e-01	1.3847854346e-01	1.3847854346e-01	1.3847854346e-01	1.4628568798e-01	1.5002404037e-01	1.5002404037e-01	1.5606765657e-01	1.5606765657e-01	1.5687367433e-01	1.5687367433e-01	1.6573267202e-01	1.6573267202e-01	1.6573267202e-01	1.7144283445e-01	1.7144283445e-01	1.7144283445e-01	1.7713318683e-01	
73	0.0	-2.8108233434e-03	-2.8108233434e-03	-2.8108233434e-03	-8.3020868545e-03	-8.3020868545e-03	-8.3020868545e-03	-8.3020868545e-03	-9.8239736130e-03	-9.8239736130e-03	-9.8239736130e-03	-9.8239736130e-03	-8.6134889162e-03	-8.6134889162e-03	-8.6134889162e-03	-8.6134889162e-03	-4.8834350305e-03	-4.8834350305e-03	-4.8834350305e-03	-4.8834350305e-03	9.0264804060e-04	9.0264804060e-04	9.0264804060e-04	9.0264804060e-04	7.0592713024e-03	7.0592713024e-03	7.0592713024e-03	7.0592713024e-03	1.0492927681e-02	1.5153109769e-02	1.5153109769e-02	1.5153109769e-02	2.2481000305e-02	2.2481000305e-02	2.5285461694e-02	2.5285461694e-02	2.5285461694e-02	3.2398510899e-02	3.2398510899e-02	3.2398510899e-02	3.2398510899e-02	3.9215978010e-02	3.9215978010e-02	3.9215978010e-02	3.9215978010e-02	4.2387317832e-02	4.8505409875e-02	4.8505409875e-02	4.8505409875e-02	5.5044622663e-02	5.5044622663e-02	5.8381477546e-02	5.8381477546e-02	5.8381477546e-02	6.5741584327e-02	6.5741584327e-02	6.5741584327e-02	6.9821194284e-02	7.3291440594e-02	7.3291440594e-02	7.3291440594e-02	8.1565554210e-02	8.1565554210e-02	8.7915086768e-02	8.7915086768e-02	8.7915086768e-02	9.2205957681e-02	9.5331308052e-02	9.5331308052e-02	9.5331308052e-02	1.0417211589e-01	1.0739400717e-01	1.0739400717e-01	1.0739400717e-01	1.1190072629e-01	1.1794632524e-01	1.1794632524e-01	1.1794632524e-01	1.1794632524e-01	1.2757667026e-01	1.3012904892e-01	1.3012904892e-01	1.3012904892e-01	1.3539690205e-01	1.3866520890e-01	1.3866520890e-01	1.3866520890e-01	1.4644193662e-01	1.5020899109e-01	1.5020899109e-01	1.5622565760e-01	1.5622565760e-01	1.5705653200e-01	1.5705653200e-01	1.6585231993e-01	1.6585231993e-01	1.6585231993e-01	1.7157367347e-01	1.7157367347e-01	1.7157367347e-01	1.7720819992e-01	
74	0.0	-2.8799198935e-03	-2.8799198935e-03	-2.8799198935e-03	-8.4100297265e-03	-8.4100297265e-03	-8.4100297265e-03	-8.4100297265e-03	-9.9496099866e-03	-9.9496099866e-03	-9.9496099866e-03	-9.9496099866e-03	-8.7454328193e-03	-8.7454328193e-03	-8.7454328193e-03	-8.7454328193e-03	-5.0111275268e-03	-5.0111275268e-03	-5.0111275268e-03	-5.0111275268e-03	7.8937645430e-04	7.8937645430e-04	7.8937645430e-04	7.8937645430e-04	6.9667772531e-03	6.9667772531e-03	6.9667772531e-03	6.9667772531e-03	1.0420846670e-02	1.5083745893e-02	1.5083745893e-02	1.5083745893e-02	2.2462568963e-02	2.2462568963e-02	2.5268734112e-02	2.5268734112e-02	2.5268734112e-02	3.2405204054e-02	3.2405204054e-02	3.2405204054e-02	3.2405204054e-02	3.9237576289e-02	3.9237576289e-02	3.9237576289e-02	3.9237576289e-02	4.2418706562e-02	4.8542869362e-02	4.8542869362e-02	4.8542869362e-02	5.5108999790e-02	5.5108999790e-02	5.8448239227e-02	5.8448239227e-02	5.8448239227e-02	6.5823255733e-02	6.5823255733e-02	6.5823255733e-02	6.9913883890e-02	7.3388232238e-02	7.3388232238e-02	7.3388232238e-02	8.1683665569e-02	8.1683665569e-02	8.8043211811e-02	8.8043211811e-02	8.8043211811e-02	9.2345301235e-02	9.5476214541e-02	9.5476214541e-02	9.5476214541e-02	1.0434007636e-01	1.0756821524e-01	1.0756821524e-01	1.0756821524e-01	1.1208755181e-01	1.1814756193e-01	1.1814756193e-01	1.1814756193e-01	1.1814756193e-01	1.2779271805e-01	1.3035564097e-01	1.3035564097e-01	1.3035564097e-01	1.3563259249e-01	1.3891636921e-01	1.3891636921e-01	1.3891636921e-01	1.4667786883e-01	1.5047251718e-01	1.5047251718e-01	1.5647264468e-01	1.5647264468e-01	1.5732607336e-01	1.5732607336e-01	1.6606492874e-01	1.6606492874e-01	1.6606492874e-01	1.7179762116e-01	1.7179762116e-01	1.7179762116e-01	1.7738278608e-01	
75	0.0	-2.9496148142e-03	-2.9496148142e-03	-2.9496148142e-03	-8.5199500748e-03	-8.5199500748e-03	-8.5199500748e-03	-8.5199500748e-03	-1.0078087859e-02	-1.0078087859e-02	-1.0078087859e-02	-1.0078087859e-02	-8.8808988780e-03	-8.8808988780e-03	-8.8808988780e-03	-8.8808988780e-03	-5.1428150419e-03	-5.1428150419e-03	-5.1428150419e-03	-5.1428150419e-03	6.7174286860e-04	6.7174286860e-04	6.7174286860e-04	6.7174286860e-04	6.8698609101e-03	6.8698609101e-03	6.8698609101e-03	6.8698609101e-03	1.0345639953e-02	1.5010187366e-02	1.5010187366e-02	1.5010187366e-02	2.2442283653e-02	2.2442283653e-02	2.5249462951e-02	2.5249462951e-02	2.5249462951e-02	3.2412722765e-02	3.2412722765e-02	3.2412722765e-02	3.2412722765e-02	3.9266908599e-02	3.9266908599e-02	3.9266908599e-02	3.9266908599e-02	4.2466775112e-02	4.8595002856e-02	4.8595002856e-02	4.8595002856e-02	5.5206240061e-02	5.5206240061e-02	5.8546518700e-02	5.8546518700e-02	5.8546518700e-02	6.5946749277e-02	6.5946749277e-02	6.5946749277e-02	7.0061943519e-02	7.3538319351e-02	7.3538319351e-02	7.3538319351e-02	8.1883484069e-02	8.1883484069e-02	8.8248520497e-02	8.8248520497e-02	8.8248520497e-02	9.2576669389e-02	9.5710479421e-02	9.5710479421e-02	9.5710479421e-02	1.0463085870e-01	1.0786219434e-01	1.0786219434e-01	1.0786219434e-01	1.1241109856e-01	1.1847884714e-01	1.1847884714e-01	1.1847884714e-01	1.1847884714e-01	1.2817997636e-01	1.3074873428e-01	1.3074873428e-01	1.3074873428e-01	1.3605797444e-01	1.3935013908e-01	1.3935013908e-01	1.3935013908e-01	1.4713717130e-01	1.5094762915e-01	1.5094762915e-01	1.5696271756e-01	1.5696271756e-01	1.5782834839e-01	1.5782834839e-01	1.6656179211e-01	1.6656179211e-01	1.6656179211e-01	1.7231158331e-01	1.7231158331e-01	1.7231158331e-01	1.7787080473e-01	
76	0.0	-3.0186519760e-03	-3.0186519760e-03	-3.0186519760e-03	-8.6299360564e-03	-8.6299360564e-03	-8.6299360564e-03	-8.6299360564e-03	-1.0207003860e-02	-1.0207003860e-02	-1.0207003860e-02	-1.0207003860e-02	-9.0170279109e-03	-9.0170279109e-03	-9.0170279109e-03	-9.0170279109e-03	-5.2751947309e-03	-5.2751947309e-03	-5.2751947309e-03	-5.2751947309e-03	5.5369437847e-04	5.5369437847e-04	5.5369437847e-04	5.5369437847e-04	6.7733025131e-03	6.7733025131e-03	6.7733025131e-03	6.7733025131e-03	1.0272662781e-02	1.4938534160e-02	1.4938534160e-02	1.4938534160e-02	2.2427510705e-02	2.2427510705e-02	2.5235618174e-02	2.5235618174e-02	2.5235618174e-02	3.2430282363e-02	3.2430282363e-02	3.2430282363e-02	3.2430282363e-02	3.9314074544e-02	3.9314074544e-02	3.9314074544e-02	3.9314074544e-02	4.2541286657e-02	4.8673073239e-02	4.8673073239e-02	4.8673073239e-02	5.5346346656e-02	5.5346346656e-02	5.8687167294e-02	5.8687167294e-02	5.8687167294e-02	6.6122892382e-02	6.6122892382e-02	6.6122892382e-02	7.0274875603e-02	7.3752319768e-02	7.3752319768e-02	7.3752319768e-02	8.2172328744e-02	8.2172328744e-02	8.8540413638e-02	8.8540413638e-02	8.8540413638e-02	9.2907570580e-02	9.6042883157e-02	9.6042883157e-02	9.6042883157e-02	1.0504848221e-01	1.0828133025e-01	1.0828133025e-01	1.0828133025e-01	1.1287504359e-01	1.1894675068e-01	1.1894675068e-01	1.1894675068e-01	1.1894675068e-01	1.2874425532e-01	1.3131589703e-01	1.3131589703e-01	1.3131589703e-01	1.3668013455e-01	1.3997600218e-01	1.3997600218e-01	1.3997600218e-01	1.4782869290e-01	1.5164661882e-01	1.5164661882e-01	1.5770833064e-01	1.5770833064e-01	1.5857866191e-01	1.5857866191e-01	1.6735586946e-01	1.6735586946e-01	1.6735586946e-01	1.7313411282e-01	1.7313411282e-01	1.7313411282e-01	1.7868252819e-01	
77	0.0	-3.0842367970e-03	-3.0842367970e-03	-3.0842367970e-03	-8.7346921483e-03	-8.7346921483e-03	-8.7346921483e-03	-8.7346921483e-03	-1.0329716441e-02	-1.0329716441e-02	-1.0329716441e-02	-1.0329716441e-02	-9.1464859541e-03	-9.1464859541e-03	-9.1464859541e-03	-9.1464859541e-03	-5.4010075232e-03	-5.4010075232e-03	-5.4010075232e-03	-5.4010075232e-03	4.4163055108e-04	4.4163055108e-04	4.4163055108e-04	4.4163055108e-04	6.6818477528e-03	6.6818477528e-03	6.6818477528e-03	6.6818477528e-03	1.0203938390e-02	1.4870928611e-02	1.4870928611e-02	1.4870928611e-02	2.2413664114e-02	2.2413664114e-02	2.5222696980e-02	2.5222696980e-02	2.5222696980e-02	3.2447412586e-02	3.2447412586e-02	3.2447412586e-02	3.2447412586e-02	3.9359883810e-02	3.9359883810e-02	3.9359883810e-02	3.9359883810e-02	4.2613381529e-02	4.8748444342e-02	4.8748444342e-02	4.8748444342e-02	5.5479807414e-02	5.5479807414e-02	5.8820802895e-02	5.8820802895e-02	5.8820802895e-02	6.6289200146e-02	6.6289200146e-02	6.6289200146e-02	7.0475264801e-02	7.3953110448e-02	7.3953110448e-02	7.3953110448e-02	8.2442101378e-02	8.2442101378e-02	8.8811488659e-02	8.8811488659e-02	8.8811488659e-02	9.3214429557e-02	9.6350363840e-02	9.6350363840e-02	9.6350363840e-02	1.0543468908e-01	1.0866801150e-01	1.0866801150e-01	1.0866801150e-01	1.1330319643e-01	1.1937650221e-01	1.1937650221e-01	1.1937650221e-01	1.1937650221e-01	1.2927080031e-01	1.3184353508e-01	1.3184353508e-01	1.3184353508e-01	1.3726288009e-01	1.4055962638e-01	1.4055962638e-01	1.4055962638e-01	1.4848037208e-01	1.5230064587e-01	1.5230064587e-01	1.5841209983e-01	1.5841209983e-01	1.5928291607e-01	1.5928291607e-01	1.6809908594e-01	1.6809908594e-01	1.6809908594e-01	1.7389563219e-01	1.7389563219e-01	1.7389563219e-01	1.7943585758e-01	
78	0.0	-3.1434976292e-03	-3.1434976292e-03	-3.1434976292e-03	-8.8291282567e-03	-8.8291282567e-03	-8.8291282567e-03	-8.8291282567e-03	-1.0440148904e-02	-1.0440148904e-02	-1.0440148904e-02	-1.0440148904e-02	-9.2627880149e-03	-9.2627880149e-03	-9.2627880149e-03	-9.2627880149e-03	-5.5139091959e-03	-5.5139091959e-03	-5.5139091959e-03	-5.5139091959e-03	3.4110445582e-04	3.4110445582e-04	3.4110445582e-04	3.4110445582e-04	6.5995783620e-03	6.5995783620e-03	6.5995783620e-03	6.5995783620e-03	1.0141289360e-02	1.4809157147e-02	1.4809157147e-02	1.4809157147e-02	2.2397462112e-02	2.2397462112e-02	2.5207390695e-02	2.5207390695e-02	2.5207390695e-02	3.2456321467e-02	3.2456321467e-02	3.2456321467e-02	3.2456321467e-02	3.9390239941e-02	3.9390239941e-02	3.9390239941e-02	3.9390239941e-02	4.2662471717e-02	4.8800449975e-02	4.8800449975e-02	4.8800449975e-02	5.5572792581e-02	5.5572792581e-02	5.8913544984e-02	5.8913544984e-02	5.8913544984e-02	6.6403516158e-02	6.6403516158e-02	6.6403516158e-02	7.0611852593e-02	7.4089431311e-02	7.4089431311e-02	7.4089431311e-02	8.2623128689e-02	8.2623128689e-02	8.8992144344e-02	8.8992144344e-02	8.8992144344e-02	9.3418132582e-02	9.6553753992e-02	9.6553753992e-02	9.6553753992e-02	1.0569022877e-01	1.0892295132e-01	1.0892295132e-01	1.0892295132e-01	1.1358583317e-01	1.1965824912e-01	1.1965824912e-01	1.1965824912e-01	1.1965824912e-01	1.2962773811e-01	1.3219982632e-01	1.3219982632e-01	1.3219982632e-01	1.3766228351e-01	1.4095726840e-01	1.4095726840e-01	1.4095726840e-01	1.4893611696e-01	1.5275404776e-01	1.5275404776e-01	1.5890834762e-01	1.5890834762e-01	1.5977612949e-01	1.5977612949e-01	1.6862573918e-01	1.6862573918e-01	1.6862573918e-01	1.7443105691e-01	1.7443105691e-01	1.7443105691e-01	1.7996878202e-01	
79	0.0	-3.1908889156e-03	-3.1908889156e-03	-3.1908889156e-03	-8.9039274891e-03	-8.9039274891e-03	-8.9039274891e-03	-8.9039274891e-03	-1.0527132781e-02	-1.0527132781e-02	-1.0527132781e-02	-1.0527132781e-02	-9.3537540816e-03	-9.3537540816e-03	-9.3537540816e-03	-9.3537540816e-03	-5.6014690024e-03	-5.6014690024e-03	-5.6014690024e-03	-5.6014690024e-03	2.6395165747e-04	2.6395165747e-04	2.6395165747e-04	2.6395165747e-04	6.5367698160e-03	6.5367698160e-03	6.5367698160e-03	6.5367698160e-03	1.0091986877e-02	1.4761416952e-02	1.4761416952e-02	1.4761416952e-02	2.2380682608e-02	2.2380682608e-02	2.5192124271e-02	2.5192124271e-02	2.5192124271e-02	3.2455086467e-02	3.2455086467e-02	3.2455086467e-02	3.2455086467e-02	3.9397162448e-02	3.9397162448e-02	3.9397162448e-02	3.9397162448e-02	4.2673423961e-02	4.8815731195e-02	4.8815731195e-02	4.8815731195e-02	5.5597698908e-02	5.5597698908e-02	5.8938962508e-02	5.8938962508e-02	5.8938962508e-02	6.6432005485e-02	6.6432005485e-02	6.6432005485e-02	7.0641254908e-02	7.4119301556e-02	7.4119301556e-02	7.4119301556e-02	8.2653424137e-02	8.2653424137e-02	8.9023315179e-02	8.9023315179e-02	8.9023315179e-02	9.3449227869e-02	9.6585467571e-02	9.6585467571e-02	9.6585467571e-02	1.0572549094e-01	1.0895860255e-01	1.0895860255e-01	1.0895860255e-01	1.1362388927e-01	1.1969731476e-01	1.1969731476e-01	1.1969731476e-01	1.1969731476e-01	1.2969309576e-01	1.3226568124e-01	1.3226568124e-01	1.3226568124e-01	1.3774396669e-01	1.4103874777e-01	1.4103874777e-01	1.4103874777e-01	1.4903953499e-01	1.5285733009e-01	1.5285733009e-01	1.5902892338e-01	1.5902892338e-01	1.5989578753e-01	1.5989578753e-01	1.6874978267e-01	1.6874978267e-01	1.6874978267e-01	1.7455330247e-01	1.7455330247e-01	1.7455330247e-01	1.8008232845e-01	
80	0.0	-3.2306861644e-03	-3.2306861644e-03	-3.2306861644e-03	-8.9660756387e-03	-8.9660756387e-03	-8.9660756387e-03	-8.9660756387e-03	-1.0599281347e-02	-1.0599281347e-02	-1.0599281347e-02	-1.0599281347e-02	-9.4291732526e-03	-9.4291732526e-03	-9.4291732526e-03	-9.4291732526e-03	-5.6742012259e-03	-5.6742012259e-03	-5.6742012259e-03	-5.6742012259e-03	1.9921921419e-04	1.9921921419e-04	1.9921921419e-04	1.9921921419e-04	6.4824140492e-03	6.4824140492e-03	6.4824140492e-03	6.4824140492e-03	1.0046188782e-02	1.4716482563e-02	1.4716482563e-02	1.4716482563e-02	2.2355675309e-02	2.2355675309e-02	2.5168134142e-02	2.5168134142e-02	2.5168134142e-02	3.2436804652e-02	3.2436804652e-02	3.2436804652e-02	3.2436804652e-02	3.9376738666e-02	3.9376738666e-02	3.9376738666e-02	3.9376738666e-02	4.2647551203e-02	4.8792053256e-02	4.8792053256e-02	4.8792053256e-02	5.5564665476e-02	5.5564665476e-02	5.8905607310e-02	5.8905607310e-02	5.8905607310e-02	6.6389642265e-02	6.6389642265e-02	6.6389642265e-02	7.0587869857e-02	7.4065497089e-02	7.4065497089e-02	7.4065497089e-02	8.2576559694e-02	8.2576559694e-02	8.8945567524e-02	8.8945567524e-02	8.8945567524e-02	9.3359367148e-02	9.6495282603e-02	9.6495282603e-02	9.6495282603e-02	1.0561359297e-01	1.0884612332e-01	1.0884612332e-01	1.0884612332e-01	1.1350053980e-01	1.1957286802e-01	1.1957286802e-01	1.1957286802e-01	1.1957286802e-01	1.2956791641e-01	1.3213991839e-01	1.3213991839e-01	1.3213991839e-01	1.3761979712e-01	1.4091303253e-01	1.4091303253e-01	1.4091303253e-01	1.4891881589e-01	1.5273448214e-01	1.5273448214e-01	1.5891251185e-01	1.5891251185e-01	1.5977778617e-01	1.5977778617e-01	1.6863125526e-01	1.6863125526e-01	1.6863125526e-01	1.7443211912e-01	1.7443211912e-01	1.7443211912e-01	1.7995902296e-01	
81	0.0	-3.2638169669e-03	-3.2638169669e-03	-3.2638169669e-03	-9.0172320492e-03	-9.0172320492e-03	-9.0172320492e-03	-9.0172320492e-03	-1.0658681717e-02	-1.0658681717e-02	-1.0658681717e-02	-1.0658681717e-02	-9.4914787849e-03	-9.4914787849e-03	-9.4914787849e-03	-9.4914787849e-03	-5.7347909760e-03	-5.7347909760e-03	-5.7347909760e-03	-5.7347909760e-03	1.4407403348e-04	1.4407403348e-04	1.4407403348e-04	1.4407403348e-04	6.4337247767e-03	6.4337247767e-03	6.4337247767e-03	6.4337247767e-03	1.0001783772e-02	1.4671746268e-02	1.4671746268e-02	1.4671746268e-02	2.2321991409e-02	2.2321991409e-02	2.5134429729e-02	2.5134429729e-02	2.5134429729e-02	3.2401591160e-02	3.2401591160e-02	3.2401591160e-02	3.2401591160e-02	3.9331116055e-02	3.9331116055e-02	3.9331116055e-02	3.9331116055e-02	4.2590282837e-02	4.8733519003e-02	4.8733519003e-02	4.8733519003e-02	5.5485100934e-02	5.5485100934e-02	5.8824119353e-02	5.8824119353e-02	5.8824119353e-02	6.6290947329e-02	6.6290947329e-02	6.6290947329e-02	7.0471556609e-02	7.3946980543e-02	7.3946980543e-02	7.3946980543e-02	8.2422333204e-02	8.2422333204e-02	8.8786836866e-02	8.8786836866e-02	8.8786836866e-02	9.3182107656e-02	9.6315517740e-02	9.6315517740e-02	9.6315517740e-02	1.0539855604e-01	1.0862819136e-01	1.0862819136e-01	1.0862819136e-01	1.1326425972e-01	1.1933049944e-01	1.1933049944e-01	1.1933049944e-01	1.1933049944e-01	1.2929963225e-01	1.3186814697e-01	1.3186814697e-01	1.3186814697e-01	1.3733662238e-01	1.4062441507e-01	1.4062441507e-01	1.4062441507e-01	1.4862038780e-01	1.5242787021e-01	1.5242787021e-01	1.5860286793e-01	1.5860286793e-01	1.5946275741e-01	1.5946275741e-01	1.6831364217e-01	1.6831364217e-01	1.6831364217e-01	1.7410471233e-01	1.7410471233e-01	1.7410471233e-01	1.7963803079e-01	
82	0.0	-3.2955615959e-03	-3.2955615959e-03	-3.2955615959e-03	-9.0661986962e-03	-9.0661986962e-03	-9.0661986962e-03	-9.0661986962e-03	-1.0715959025e-02	-1.0715959025e-02	-1.0715959025e-02	-1.0715959025e-02	-9.5524090685e-03	-9.5524090685e-03	-9.5524090685e-03	-9.5524090685e-03	-5.7954165229e-03	-5.7954165229e-03	-5.7954165229e-03	-5.7954165229e-03	8.6587368048e-05	8.6587368048e-05	8.6587368048e-05	8.6587368048e-05	6.3798445163e-03	6.3798445163e-03	6.3798445163e-03	6.3798445163e-03	9.9503966200e-03	1.4617857909e-02	1.4617857909e-02	1.4617857909e-02	2.2276026763e-02	2.2276026763e-02	2.5086784786e-02	2.5086784786e-02	2.5086784786e-02	3.2349328114e-02	3.2349328114e-02	3.2349328114e-02	3.2349328114e-02	3.9266128113e-02	3.9266128113e-02	3.9266128113e-02	3.9266128113e-02	4.2514127796e-02	4.8652074999e-02	4.8652074999e-02	4.8652074999e-02	5.5384583905e-02	5.5384583905e-02	5.8719422183e-02	5.8719422183e-02	5.8719422183e-02	6.6168540481e-02	6.6168540481e-02	6.6168540481e-02	7.0334167047e-02	7.3804830193e-02	7.3804830193e-02	7.3804830193e-02	8.2250386494e-02	8.2250386494e-02	8.8605169254e-02	8.8605169254e-02	8.8605169254e-02	9.2985060472e-02	9.6112874829e-02	9.6112874829e-02	9.6112874829e-02	1.0516567849e-01	1.0838918758e-01	1.0838918758e-01	1.0838918758e-01	1.1300933073e-01	1.1906261974e-01	1.1906261974e-01	1.1906261974e-01	1.1906261974e-01	1.2900588143e-01	1.3156688809e-01	1.3156688809e-01	1.3156688809e-01	1.3702283448e-01	1.4029976984e-01	1.4029976984e-01	1.4029976984e-01	1.4828483883e-01	1.5207566136e-01	1.5207566136e-01	1.5824805480e-01	1.5824805480e-01	1.5909698349e-01	1.5909698349e-01	1.6795416150e-01	1.6795416150e-01	1.6795416150e-01	1.7372983512e-01	1.7372983512e-01	1.7372983512e-01	1.7927931966e-01	
83	0.0	-3.3206568039e-03	-3.3206568039e-03	-3.3206568039e-03	-9.1048300574e-03	-9.1048300574e-03	-9.1048300574e-03	-9.1048300574e-03	-1.0761305239e-02	-1.0761305239e-02	-1.0761305239e-02	-1.0761305239e-02	-9.6009386967e-03	-9.6009386967e-03	-9.6009386967e-03	-9.6009386967e-03	-5.8441643685e-03	-5.8441643685e-03	-5.8441643685e-03	-5.8441643685e-03	3.9446820797e-05	3.9446820797e-05	3.9446820797e-05	3.9446820797e-05	6.3340371163e-03	6.3340371163e-03	6.3340371163e-03	6.3340371163e-03	9.9048000734e-03	1.4569347651e-02	1.4569347651e-02	1.4569347651e-02	2.2230866532e-02	2.2230866532e-02	2.5039518987e-02	2.5039518987e-02	2.5039518987e-02	3.2294613264e-02	3.2294613264e-02	3.2294613264e-02	3.2294613264e-02	3.9196197597e-02	3.9196197597e-02	3.9196197597e-02	3.9196197597e-02	4.2431386303e-02	4.8563140262e-02	4.8563140262e-02	4.8563140262e-02	5.5273121246e-02	5.5273121246e-02	5.8603271603e-02	5.8603271603e-02	5.8603271603e-02	6.6032376947e-02	6.6032376947e-02	6.6032376947e-02	7.0181345942e-02	7.3646553473e-02	7.3646553473e-02	7.3646553473e-02	8.2058716837e-02	8.2058716837e-02	8.8402130566e-02	8.8402130566e-02	8.8402130566e-02	9.2764729076e-02	9.5886021841e-02	9.5886021841e-02	9.5886021841e-02	1.0490377794e-01	1.0812021505e-01	1.0812021505e-01	1.0812021505e-01	1.1272207435e-01	1.1876024287e-01	1.1876024287e-01	1.1876024287e-01	1.1876024287e-01	1.2866765635e-01	1.3121977303e-01	1.3121977303e-01	1.3121977303e-01	1.3665697743e-01	1.3992117336e-01	1.3992117336e-01	1.3992117336e-01	1.4788892581e-01	1.5165989089e-01	1.5165989089e-01	1.5782503840e-01	1.5782503840e-01	1.5866092321e-01	1.5866092321e-01	1.6752268070e-01	1.6752268070e-01	1.6752268070e-01	1.7327763814e-01	1.7327763814e-01	1.7327763814e-01	1.7884497687e-01	
84	0.0	-3.3386855257e-03	-3.3386855257e-03	-3.3386855257e-03	-9.1326314558e-03	-9.1326314558e-03	-9.1326314558e-03	-9.1326314558e-03	-1.0794129816e-02	-1.0794129816e-02	-1.0794129816e-02	-1.0794129816e-02	-9.6363234897e-03	-9.6363234897e-03	-9.6363234897e-03	-9.6363234897e-03	-5.8800391603e-03	-5.8800391603e-03	-5.8800391603e-03	-5.8800391603e-03	4.0800138774e-06	4.0800138774e-06	4.0800138774e-06	4.0800138774e-06	6.2983458168e-03	6.2983458168e-03	6.2983458168e-03	6.2983458168e-03	9.8675712807e-03	1.4529243783e-02	1.4529243783e-02	1.4529243783e-02	2.2190515966e-02	2.2190515966e-02	2.4996976394e-02	2.4996976394e-02	2.4996976394e-02	3.2242952243e-02	3.2242952243e-02	3.2242952243e-02	3.2242952243e-02	3.9128199828e-02	3.9128199828e-02	3.9128199828e-02	3.9128199828e-02	4.2349776502e-02	4.8475326488e-02	4.8475326488e-02	4.8475326488e-02	5.5160857595e-02	5.5160857595e-02	5.8486289846e-02	5.8486289846e-02	5.8486289846e-02	6.5894443136e-02	6.5894443136e-02	6.5894443136e-02	7.0025946793e-02	7.3485559868e-02	7.3485559868e-02	7.3485559868e-02	8.1862612668e-02	8.1862612668e-02	8.8194154332e-02	8.8194154332e-02	8.8194154332e-02	9.2538557450e-02	9.5653062229e-02	9.5653062229e-02	9.5653062229e-02	1.0463336248e-01	1.0784248501e-01	1.0784248501e-01	1.0784248501e-01	1.1242496297e-01	1.1844733243e-01	1.1844733243e-01	1.1844733243e-01	1.1844733243e-01	1.2831512267e-01	1.3085782932e-01	1.3085782932e-01	1.3085782932e-01	1.3627383644e-01	1.3952459641e-01	1.3952459641e-01	1.3952459641e-01	1.4747295305e-01	1.5122272172e-01	1.5122272172e-01	1.5737692626e-01	1.5737692626e-01	1.5819889404e-01	1.5819889404e-01	1.6706309083e-01	1.6706309083e-01	1.6706309083e-01	1.7279539889e-01	1.7279539889e-01	1.7279539889e-01	1.7838153092e-01	
85	0.0	-3.3476874497e-03	-3.3476874497e-03	-3.3476874497e-03	-9.1465896528e-03	-9.1465896528e-03	-9.1465896528e-03	-9.1465896528e-03	-1.0810752872e-02	-1.0810752872e-02	-1.0810752872e-02	-1.0810752872e-02	-9.6542888999e-03	-9.6542888999e-03	-9.6542888999e-03	-9.6542888999e-03	-5.8981960079e-03	-5.8981960079e-03	-5.8981960079e-03	-5.8981960079e-03	-1.4027329802e-05	-1.4027329802e-05	-1.4027329802e-05	-1.4027329802e-05	6.2788857354e-03	6.2788857354e-03	6.2788857354e-03	6.2788857354e-03	9.8448128235e-03	1.4504781313e-02	1.4504781313e-02	1.4504781313e-02	2.2161972419e-02	2.2161972419e-02	2.4966990097e-02	2.4966990097e-02	2.4966990097e-02	3.2202882787e-02	3.2202882787e-02	3.2202882787e-02	3.2202882787e-02	3.9071224457e-02	3.9071224457e-02	3.9071224457e-02	3.9071224457e-02	4.2277793994e-02	4.8399131458e-02	4.8399131458e-02	4.8399131458e-02	5.5056907878e-02	5.5056907878e-02	5.8378916323e-02	5.8378916323e-02	5.8378916323e-02	6.5765686683e-02	6.5765686683e-02	6.5765686683e-02	6.9877791719e-02	7.3333244869e-02	7.3333244869e-02	7.3333244869e-02	8.1671117964e-02	8.1671117964e-02	8.7993540876e-02	8.7993540876e-02	8.7993540876e-02	9.2317622041e-02	9.5426969603e-02	9.5426969603e-02	9.5426969603e-02	1.0436501547e-01	1.0756858991e-01	1.0756858991e-01	1.0756858991e-01	1.1212930896e-01	1.1813960072e-01	1.1813960072e-01	1.1813960072e-01	1.1813960072e-01	1.2796326579e-01	1.3049874228e-01	1.3049874228e-01	1.3049874228e-01	1.3589093539e-01	1.3913132794e-01	1.3913132794e-01	1.3913132794e-01	1.4705647911e-01	1.5078969856e-01	1.5078969856e-01	1.5692863997e-01	1.5692863997e-01	1.5774017708e-01	1.5774017708e-01	1.6660149467e-01	1.6660149467e-01	1.6660149467e-01	1.7231613978e-01	1.7231613978e-01	1.7231613978e-01	1.7791176664e-01	
86	0.0	-3.3537951508e-03	-3.3537951508e-03	-3.3537951508e-03	-9.1565439794e-03	-9.1565439794e-03	-9.1565439794e-03	-9.1565439794e-03	-1.0822905692e-02	-1.0822905692e-02	-1.0822905692e-02	-1.0822905692e-02	-9.6676838286e-03	-9.6676838286e-03	-9.6676838286e-03	-9.6676838286e-03	-5.9119484218e-03	-5.9119484218e-03	-5.9119484218e-03	-5.9119484218e-03	-2.8055046417e-05	-2.8055046417e-05	-2.8055046417e-05	-2.8055046417e-05	6.2632930941e-03	6.2632930941e-03	6.2632930941e-03	6.2632930941e-03	9.8261523941e-03	1.4484486979e-02	1.4484486979e-02	1.4484486979e-02	2.2138173253e-02	2.2138173253e-02	2.4941727355e-02	2.4941727355e-02	2.4941727355e-02	3.2169104875e-02	3.2169104875e-02	3.2169104875e-02	3.2169104875e-02	3.9023543031e-02	3.9023543031e-02	3.9023543031e-02	3.9023543031e-02	4.2218343681e-02	4.8335658946e-02	4.8335658946e-02	4.8335658946e-02	5.4972107315e-02	5.4972107315e-02	5.8290850243e-02	5.8290850243e-02	5.8290850243e-02	6.5660614060e-02	6.5660614060e-02	6.5660614060e-02	6.9758044293e-02	7.3209564630e-02	7.3209564630e-02	7.3209564630e-02	8.1517954782e-02	8.1517954782e-02	8.7831785223e-02	8.7831785223e-02	8.7831785223e-02	9.2140587694e-02	9.5244965383e-02	9.5244965383e-02	9.5244965383e-02	1.0415050729e-01	1.0734875813e-01	1.0734875813e-01	1.0734875813e-01	1.1189256485e-01	1.1789139489e-01	1.1789139489e-01	1.1789139489e-01	1.1789139489e-01	1.2767905417e-01	1.3020768891e-01	1.3020768891e-01	1.3020768891e-01	1.3557991133e-01	1.3881058488e-01	1.3881058488e-01	1.3881058488e-01	1.4671596488e-01	1.5043368020e-01	1.5043368020e-01	1.5655880679e-01	1.5655880679e-01	1.5736074384e-01	1.5736074384e-01	1.6621891455e-01	1.6621891455e-01	1.6621891455e-01	1.7191726596e-01	1.7191726596e-01	1.7191726596e-01	1.7751920946e-01	
87	0.0	-3.3590608701e-03	-3.3590608701e-03	-3.3590608701e-03	-9.1657941747e-03	-9.1657941747e-03	-9.1657941747e-03	-9.1657941747e-03	-1.0834422910e-02	-1.0834422910e-02	-1.0834422910e-02	-1.0834422910e-02	-9.6805384557e-03	-9.6805384557e-03	-9.6805384557e-03	-9.6805384557e-03	-5.9252407519e-03	-5.9252407519e-03	-5.9252407519e-03	-5.9252407519e-03	-4.1543422085e-05	-4.1543422085e-05	-4.1543422085e-05	-4.1543422085e-05	6.2487469971e-03	6.2487469971e-03	6.2487469971e-03	6.2487469971e-03	9.8097579804e-03	1.4466499590e-02	1.4466499590e-02	1.4466499590e-02	2.2119370332e-02	2.2119370332e-02	2.4921433676e-02	2.4921433676e-02	2.4921433676e-02	3.2143389222e-02	3.2143389222e-02	3.2143389222e-02	3.2143389222e-02	3.8988817583e-02	3.8988817583e-02	3.8988817583e-02	3.8988817583e-02	4.2176964234e-02	4.8290363025e-02	4.8290363025e-02	4.8290363025e-02	5.4915800251e-02	5.4915800251e-02	5.8231371451e-02	5.8231371451e-02	5.8231371451e-02	6.5590784967e-02	6.5590784967e-02	6.5590784967e-02	6.9680836882e-02	7.3128560800e-02	7.3128560800e-02	7.3128560800e-02	8.1422437333e-02	8.1422437333e-02	8.7728026852e-02	8.7728026852e-02	8.7728026852e-02	9.2029331625e-02	9.5128806489e-02	9.5128806489e-02	9.5128806489e-02	1.0401756245e-01	1.0721056477e-01	1.0721056477e-01	1.0721056477e-01	1.1174555298e-01	1.1773313381e-01	1.1773313381e-01	1.1773313381e-01	1.1773313381e-01	1.2750095591e-01	1.3002279576e-01	1.3002279576e-01	1.3002279576e-01	1.3538355975e-01	1.3860459765e-01	1.3860459765e-01	1.3860459765e-01	1.4649995141e-01	1.5020219563e-01	1.5020219563e-01	1.5631995810e-01	1.5631995810e-01	1.5711215265e-01	1.5711215265e-01	1.6597257639e-01	1.6597257639e-01	1.6597257639e-01	1.7165691755e-01	1.7165691755e-01	1.7165691755e-01	1.7726496159e-01	
88	0.0	-3.3668146396e-03	-3.3668146396e-03	-3.3668146396e-03	-9.1796426561e-03	-9.1796426561e-03	-9.1796426561e-03	-9.1796426561e-03	-1.0851528816e-02	-1.0851528816e-02	-1.0851528816e-02	-1.0851528816e-02	-9.6995084338e-03	-9.6995084338e-03	-9.6995084338e-03	-9.6995084338e-03	-5.9447400745e-03	-5.9447400745e-03	-5.9447400745e-03	-5.9447400745e-03	-6.0743192457e-05	-6.0743192457e-05	-6.0743192457e-05	-6.0743192457e-05	6.2298328510e-03	6.2298328510e-03	6.2298328510e-03	6.2298328510e-03	9.7914922524e-03	1.4446446750e-02	1.4446446750e-02	1.4446446750e-02	2.2103839753e-02	2.2103839753e-02	2.4904275393e-02	2.4904275393e-02	2.4904275393e-02	3.2125665011e-02	3.2125665011e-02	3.2125665011e-02	3.2125665011e-02	3.8969130994e-02	3.8969130994e-02	3.8969130994e-02	3.8969130994e-02	4.2157890960e-02	4.8267259434e-02	4.8267259434e-02	4.8267259434e-02	5.4896218485e-02	5.4896218485e-02	5.8208585080e-02	5.8208585080e-02	5.8208585080e-02	6.5566646279e-02	6.5566646279e-02	6.5566646279e-02	6.9659259471e-02	7.3103199977e-02	7.3103199977e-02	7.3103199977e-02	8.1403059583e-02	8.1403059583e-02	8.7700525592e-02	8.7700525592e-02	8.7700525592e-02	9.2004976434e-02	9.5099500608e-02	9.5099500608e-02	9.5099500608e-02	1.0399315855e-01	1.0718086517e-01	1.0718086517e-01	1.0718086517e-01	1.1171814741e-01	1.1769439420e-01	1.1769439420e-01	1.1769439420e-01	1.1769439420e-01	1.2746545561e-01	1.2998030512e-01	1.2998030512e-01	1.2998030512e-01	1.3534209662e-01	1.3855318238e-01	1.3855318238e-01	1.3855318238e-01	1.4645460301e-01	1.5014067858e-01	1.5014067858e-01	1.5626278379e-01	1.5626278379e-01	1.5704441139e-01	1.5704441139e-01	1.6592002165e-01	1.6592002165e-01	1.6592002165e-01	1.7159580087e-01	1.7159580087e-01	1.7159580087e-01	1.7721387463e-01	
89	0.0	-3.3752647587e-03	-3.3752647587e-03	-3.3752647587e-03	-9.1950763385e-03	-9.1950763385e-03	-9.1950763385e-03	-9.1950763385e-03	-1.0870440114e-02	-1.0870440114e-02	-1.0870440114e-02	-1.0870440114e-02	-9.7201608879e-03	-9.7201608879e-03	-9.7201608879e-03	-9.7201608879e-03	-5.9654706205e-03	-5.9654706205e-03	-5.9654706205e-03	-5.9654706205e-03	-8.0179813240e-05	-8.0179813240e-05	-8.0179813240e-05	-8.0179813240e-05	6.2123674932e-03	6.2123674932e-03	6.2123674932e-03	6.2123674932e-03	9.7767768296e-03	1.4430692875e-02	1.4430692875e-02	1.4430692875e-02	2.2096780393e-02	2.2096780393e-02	2.4896140745e-02	2.4896140745e-02	2.4896140745e-02	3.2121368068e-02	3.2121368068e-02	3.2121368068e-02	3.2121368068e-02	3.8968761967e-02	3.8968761967e-02	3.8968761967e-02	3.8968761967e-02	4.2163149045e-02	4.8269907938e-02	4.8269907938e-02	4.8269907938e-02	5.4911981916e-02	5.4911981916e-02	5.8222092274e-02	5.8222092274e-02	5.8222092274e-02	6.5585586389e-02	6.5585586389e-02	6.5585586389e-02	6.9687011753e-02	7.3128246303e-02	7.3128246303e-02	7.3128246303e-02	8.1447310867e-02	8.1447310867e-02	8.7738837174e-02	8.7738837174e-02	8.7738837174e-02	9.2053290918e-02	9.5144103347e-02	9.5144103347e-02	9.5144103347e-02	1.0405648763e-01	1.0724020599e-01	1.0724020599e-01	1.0724020599e-01	1.1178681676e-01	1.1775442321e-01	1.1775442321e-01	1.1775442321e-01	1.1775442321e-01	1.2754316998e-01	1.3005243123e-01	1.3005243123e-01	1.3005243123e-01	1.3542307836e-01	1.3862604156e-01	1.3862604156e-01	1.3862604156e-01	1.4654326534e-01	1.5021573438e-01	1.5021573438e-01	1.5634927663e-01	1.5634927663e-01	1.5712177006e-01	1.5712177006e-01	1.6601921492e-01	1.6601921492e-01	1.6601921492e-01	1.7169276822e-01	1.7169276822e-01	1.7169276822e-01	1.7732205437e-01	
90	0.0	-3.3852040557e-03	-3.3852040557e-03	-3.3852040557e-03	-9.2131033608e-03	-9.2131033608e-03	-9.2131033608e-03	-9.2131033608e-03	-1.0892229364e-02	-1.0892229364e-02	-1.0892229364e-02	-1.0892229364e-02	-9.7435355760e-03	-9.7435355760e-03	-9.7435355760e-03	-9.7435355760e-03	-5.9883722203e-03	-5.9883722203e-03	-5.9883722203e-03	-5.9883722203e-03	-1.0066034169e-04	-1.0066034169e-04	-1.0066034169e-04	-1.0066034169e-04	6.1956458895e-03	6.1956458895e-03	6.1956458895e-03	6.1956458895e-03	9.7648350052e-03	1.4418548719e-02	1.4418548719e-02	1.4418548719e-02	2.2097217053e-02	2.2097217053e-02	2.4896145697e-02	2.4896145697e-02	2.4896145697e-02	3.2129211957e-02	3.2129211957e-02	3.2129211957e-02	3.2129211957e-02	3.8985636658e-02	3.8985636658e-02	3.8985636658e-02	3.8985636658e-02	4.2189690954e-02	4.8295440574e-02	4.8295440574e-02	4.8295440574e-02	5.4958296773e-02	5.4958296773e-02	5.8267222542e-02	5.8267222542e-02	5.8267222542e-02	6.5641830133e-02	6.5641830133e-02	6.5641830133e-02	6.9756834242e-02	7.3196567925e-02	7.3196567925e-02	7.3196567925e-02	8.1544522815e-02	8.1544522815e-02	8.7832541879e-02	8.7832541879e-02	8.7832541879e-02	9.2161969437e-02	9.5250480417e-02	9.5250480417e-02	9.5250480417e-02	1.0419157112e-01	1.0737278821e-01	1.0737278821e-01	1.0737278821e-01	1.1193380893e-01	1.1789585183e-01	1.1789585183e-01	1.1789585183e-01	1.1789585183e-01	1.2771291610e-01	1.3021823710e-01	1.3021823710e-01	1.3021823710e-01	1.3560357722e-01	1.3880059962e-01	1.3880059962e-01	1.3880059962e-01	1.4674102275e-01	1.5040305698e-01	1.5040305698e-01	1.5655358873e-01	1.5655358873e-01	1.5731883609e-01	1.5731883609e-01	1.6624292243e-01	1.6624292243e-01	1.6624292243e-01	1.7192045183e-01	1.7192045183e-01	1.7192045183e-01	1.7756202240e-01	
91	0.0	-3.3961794884e-03	-3.3961794884e-03	-3.3961794884e-03	-9.2328138030e-03	-9.2328138030e-03	-9.2328138030e-03	-9.2328138030e-03	-1.0915696669e-02	-1.0915696669e-02	-1.0915696669e-02	-1.0915696669e-02	-9.7681487555e-03	-9.7681487555e-03	-9.7681487555e-03	-9.7681487555e-03	-6.0116704466e-03	-6.0116704466e-03	-6.0116704466e-03	-6.0116704466e-03	-1.2012736458e-04	-1.2012736458e-04	-1.2012736458e-04	-1.2012736458e-04	6.1818980286e-03	6.1818980286e-03	6.1818980286e-03	6.1818980286e-03	9.7576544570e-03	1.4412483658e-02	1.4412483658e-02	1.4412483658e-02	2.2107092890e-02	2.2107092890e-02	2.4906592252e-02	2.4906592252e-02	2.4906592252e-02	3.2151271219e-02	3.2151271219e-02	3.2151271219e-02	3.2151271219e-02	3.9021243615e-02	3.9021243615e-02	3.9021243615e-02	3.9021243615e-02	4.2237966814e-02	4.8345068908e-02	4.8345068908e-02	4.8345068908e-02	5.5034329624e-02	5.5034329624e-02	5.8343637731e-02	5.8343637731e-02	5.8343637731e-02	6.5734298911e-02	6.5734298911e-02	6.5734298911e-02	6.9866241809e-02	7.3306198284e-02	7.3306198284e-02	7.3306198284e-02	8.1689560954e-02	8.1689560954e-02	8.7977491103e-02	8.7977491103e-02	8.7977491103e-02	9.2325194806e-02	9.5413411001e-02	9.5413411001e-02	9.5413411001e-02	1.0438982998e-01	1.0757064301e-01	1.0757064301e-01	1.0757064301e-01	1.1214943585e-01	1.1811022043e-01	1.1811022043e-01	1.1811022043e-01	1.1811022043e-01	1.2796265831e-01	1.3046638500e-01	1.3046638500e-01	1.3046638500e-01	1.3587028155e-01	1.3906446603e-01	1.3906446603e-01	1.3906446603e-01	1.4703256405e-01	1.5068872615e-01	1.5068872615e-01	1.5685960478e-01	1.5685960478e-01	1.5762039433e-01	1.5762039433e-01	1.6657300916e-01	1.6657300916e-01	1.6657300916e-01	1.7226071365e-01	1.7226071365e-01	1.7226071365e-01	1.7791478738e-01	
92	0.0	-3.4111851162e-03	-3.4111851162e-03	-3.4111851162e-03	-9.2586433655e-03	-9.2586433655e-03	-9.2586433655e-03	-9.2586433655e-03	-1.0946002201e-02	-1.0946002201e-02	-1.0946002201e-02	-1.0946002201e-02	-9.7995951652e-03	-9.7995951652e-03	-9.7995951652e-03	-9.7995951652e-03	-6.0411998770e-03	-6.0411998770e-03	-6.0411998770e-03	-6.0411998770e-03	-1.4457509305e-04	-1.4457509305e-04	-1.4457509305e-04	-1.4457509305e-04	6.1650111259e-03	6.1650111259e-03	6.1650111259e-03	6.1650111259e-03	9.7492440244e-03	1.4405981937e-02	1.4405981937e-02	1.4405981937e-02	2.2120095893e-02	2.2120095893e-02	2.4920805820e-02	2.4920805820e-02	2.4920805820e-02	3.2180406855e-02	3.2180406855e-02	3.2180406855e-02	3.2180406855e-02	3.9067798727e-02	3.9067798727e-02	3.9067798727e-02	3.9067798727e-02	4.2299972914e-02	4.8409923706e-02	4.8409923706e-02	4.8409923706e-02	5.5130791659e-02	5.5130791659e-02	5.8441521888e-02	5.8441521888e-02	5.8441521888e-02	6.5852372514e-02	6.5852372514e-02	6.5852372514e-02	7.0004350451e-02	7.3445685203e-02	7.3445685203e-02	7.3445685203e-02	8.1870242558e-02	8.1870242558e-02	8.8160403791e-02	8.8160403791e-02	8.8160403791e-02	9.2529306691e-02	9.5618605387e-02	9.5618605387e-02	9.5618605387e-02	1.0463630373e-01	1.0781815536e-01	1.0781815536e-01	1.0781815536e-01	1.1241775607e-01	1.1838026267e-01	1.1838026267e-01	1.1838026267e-01	1.1838026267e-01	1.2827460251e-01	1.3077837453e-01	1.3077837453e-01	1.3077837453e-01	1.3620441564e-01	1.3939794628e-01	1.3939794628e-01	1.3939794628e-01	1.4739773371e-01	1.5105126613e-01	1.5105126613e-01	1.5724554864e-01	1.5724554864e-01	1.5800382075e-01	1.5800382075e-01	1.6698678928e-01	1.6698678928e-01	1.6698678928e-01	1.7268918523e-01	1.7268918523e-01	1.7268918523e-01	1.7835638157e-01	
93	0.0	-3.4307847510e-03	-3.4307847510e-03	-3.4307847510e-03	-9.2911942167e-03	-9.2911942167e-03	-9.2911942167e-03	-9.2911942167e-03	-1.0983742515e-02	-1.0983742515e-02	-1.0983742515e-02	-1.0983742515e-02	-9.8384362793e-03	-9.8384362793e-03	-9.8384362793e-03	-9.8384362793e-03	-6.0774904370e-03	-6.0774904370e-03	-6.0774904370e-03	-6.0774904370e-03	-1.7457903390e-04	-1.7457903390e-04	-1.7457903390e-04	-1.7457903390e-04	6.1442132946e-03	6.1442132946e-03	6.1442132946e-03	6.1442132946e-03	9.7384381281e-03	1.4397904907e-02	1.4397904907e-02	1.4397904907e-02	2.2134207560e-02	2.2134207560e-02	2.4936776120e-02	2.4936776120e-02	2.4936776120e-02	3.2213782861e-02	3.2213782861e-02	3.2213782861e-02	3.2213782861e-02	3.9121272717e-02	3.9121272717e-02	3.9121272717e-02	3.9121272717e-02	4.2370488801e-02	4.8484740362e-02	4.8484740362e-02	4.8484740362e-02	5.5240011012e-02	5.5240011012e-02	5.8553178513e-02	5.8553178513e-02	5.8553178513e-02	6.5986867202e-02	6.5986867202e-02	6.5986867202e-02	7.0160401432e-02	7.3604226277e-02	7.3604226277e-02	7.3604226277e-02	8.2072444289e-02	8.2072444289e-02	8.8367047776e-02	8.8367047776e-02	8.8367047776e-02	9.2758359022e-02	9.5850058874e-02	9.5850058874e-02	9.5850058874e-02	1.0491158072e-01	1.0809584381e-01	1.0809584381e-01	1.0809584381e-01	1.1271755974e-01	1.1868460562e-01	1.1868460562e-01	1.1868460562e-01	1.1868460562e-01	1.2862385639e-01	1.3112923154e-01	1.3112923154e-01	1.3112923154e-01	1.3657912152e-01	1.3977406968e-01	1.3977406968e-01	1.3977406968e-01	1.4780684386e-01	1.5146082384e-01	1.5146082384e-01	1.5767954880e-01	1.5767954880e-01	1.5843712175e-01	1.5843712175e-01	1.6744999356e-01	1.6744999356e-01	1.6744999356e-01	1.7317002248e-01	1.7317002248e-01	1.7317002248e-01	1.7885019357e-01	
94	0.0	-3.4550627692e-03	-3.4550627692e-03	-3.4550627692e-03	-9.3302780412e-03	-9.3302780412e-03	-9.3302780412e-03	-9.3302780412e-03	-1.1028590617e-02	-1.1028590617e-02	-1.1028590617e-02	-1.1028590617e-02	-9.8842683391e-03	-9.8842683391e-03	-9.8842683391e-03	-9.8842683391e-03	-6.1201481045e-03	-6.1201481045e-03	-6.1201481045e-03	-6.1201481045e-03	-2.0992151094e-04	-2.0992151094e-04	-2.0992151094e-04	-2.0992151094e-04	6.1193178381e-03	6.1193178381e-03	6.1193178381e-03	6.1193178381e-03	9.7244167701e-03	1.4387418071e-02	1.4387418071e-02	1.4387418071e-02	2.2147219959e-02	2.2147219959e-02	2.4952265909e-02	2.4952265909e-02	2.4952265909e-02	3.2247974006e-02	3.2247974006e-02	3.2247974006e-02	3.2247974006e-02	3.9176649534e-02	3.9176649534e-02	3.9176649534e-02	3.9176649534e-02	4.2442991857e-02	4.8562871204e-02	4.8562871204e-02	4.8562871204e-02	5.5352360904e-02	5.5352360904e-02	5.8668892315e-02	5.8668892315e-02	5.8668892315e-02	6.6126151413e-02	6.6126151413e-02	6.6126151413e-02	7.0320807521e-02	7.3768118744e-02	7.3768118744e-02	7.3768118744e-02	8.2278513848e-02	8.2278513848e-02	8.8579517802e-02	8.8579517802e-02	8.8579517802e-02	9.2992427271e-02	9.6087697731e-02	9.6087697731e-02	9.6087697731e-02	1.0519167426e-01	1.0837955829e-01	1.0837955829e-01	1.0837955829e-01	1.1302273777e-01	1.1899678433e-01	1.1899678433e-01	1.1899678433e-01	1.1899678433e-01	1.2898009143e-01	1.3148843587e-01	1.3148843587e-01	1.3148843587e-01	1.3696187721e-01	1.4016005694e-01	1.4016005694e-01	1.4016005694e-01	1.4822461789e-01	1.5188173983e-01	1.5188173983e-01	1.5812415071e-01	1.5812415071e-01	1.5888258463e-01	1.5888258463e-01	1.6792319501e-01	1.6792319501e-01	1.6792319501e-01	1.7366234725e-01	1.7366234725e-01	1.7366234725e-01	1.7935488777e-01	
95	0.0	-3.4833432950e-03	-3.4833432950e-03	-3.4833432950e-03	-9.3744754373e-03	-9.3744754373e-03	-9.3744754373e-03	-9.3744754373e-03	-1.1078772866e-02	-1.1078772866e-02	-1.1078772866e-02	-1.1078772866e-02	-9.9351469676e-03	-9.9351469676e-03	-9.9351469676e-03	-9.9351469676e-03	-6.1672494703e-03	-6.1672494703e-03	-6.1672494703e-03	-6.1672494703e-03	-2.4896879246e-04	-2.4896879246e-04	-2.4896879246e-04	-2.4896879246e-04	6.0913498112e-03	6.0913498112e-03	6.0913498112e-03	6.0913498112e-03	9.7072837522e-03	1.4374652775e-02	1.4374652775e-02	1.4374652775e-02	2.2157303121e-02	2.2157303121e-02	2.4965447715e-02	2.4965447715e-02	2.4965447715e-02	3.2279617440e-02	3.2279617440e-02	3.2279617440e-02	3.2279617440e-02	3.9228578879e-02	3.9228578879e-02	3.9228578879e-02	3.9228578879e-02	4.2510210164e-02	4.8637020607e-02	4.8637020607e-02	4.8637020607e-02	5.5456749436e-02	5.5456749436e-02	5.8777544861e-02	5.8777544861e-02	5.8777544861e-02	6.6256784353e-02	6.6256784353e-02	6.6256784353e-02	7.0469666722e-02	7.3921422549e-02	7.3921422549e-02	7.3921422549e-02	8.2467557288e-02	8.2467557288e-02	8.8776827303e-02	8.8776827303e-02	8.8776827303e-02	9.3207981903e-02	9.6307950305e-02	9.6307950305e-02	9.6307950305e-02	1.0544784626e-01	1.0864051766e-01	1.0864051766e-01	1.0864051766e-01	1.1330187456e-01	1.1928529152e-01	1.1928529152e-01	1.1928529152e-01	1.1928529152e-01	1.2930631633e-01	1.3181897780e-01	1.3181897780e-01	1.3181897780e-01	1.3731273342e-01	1.4051595481e-01	1.4051595481e-01	1.4051595481e-01	1.4860732801e-01	1.5227032239e-01	1.5227032239e-01	1.5853285750e-01	1.5853285750e-01	1.5929379827e-01	1.5929379827e-01	1.6835685703e-01	1.6835685703e-01	1.6835685703e-01	1.7411507165e-01	1.7411507165e-01	1.7411507165e-01	1.7981802792e-01	
96	0.0	-3.5157105393e-03	-3.5157105393e-03	-3.5157105393e-03	-9.4236794481e-03	-9.4236794481e-03	-9.4236794481e-03	-9.4236794481e-03	-1.1134136849e-02	-1.1134136849e-02	-1.1134136849e-02	-1.1134136849e-02	-9.9909473322e-03	-9.9909473322e-03	-9.9909473322e-03	-9.9909473322e-03	-6.2187792941e-03	-6.2187792941e-03	-6.2187792941e-03	-6.2187792941e-03	-2.9198554950e-04	-2.9198554950e-04	-2.9198554950e-04	-2.9198554950e-04	6.0595590063e-03	6.0595590063e-03	6.0595590063e-03	6.0595590063e-03	9.6856992586e-03	1.4358139437e-02	1.4358139437e-02	1.4358139437e-02	2.2161757824e-02	2.2161757824e-02	2.4973524268e-02	2.4973524268e-02	2.4973524268e-02	3.2304914607e-02	3.2304914607e-02	3.2304914607e-02	3.2304914607e-02	3.9272065557e-02	3.9272065557e-02	3.9272065557e-02	3.9272065557e-02	4.2566157630e-02	4.8700996183e-02	4.8700996183e-02	4.8700996183e-02	5.5545044304e-02	5.5545044304e-02	5.8870871192e-02	5.8870871192e-02	5.8870871192e-02	6.6369228610e-02	6.6369228610e-02	6.6369228610e-02	7.0596250597e-02	7.4053275101e-02	7.4053275101e-02	7.4053275101e-02	8.2626337396e-02	8.2626337396e-02	8.8945483401e-02	8.8945483401e-02	8.8945483401e-02	9.3390315651e-02	9.6495984770e-02	9.6495984770e-02	9.6495984770e-02	1.0566270364e-01	1.0886121006e-01	1.0886121006e-01	1.0886121006e-01	1.1353610819e-01	1.1953104683e-01	1.1953104683e-01	1.1953104683e-01	1.1953104683e-01	1.2958009926e-01	1.3209836830e-01	1.3209836830e-01	1.3209836830e-01	1.3760722926e-01	1.4081727412e-01	1.4081727412e-01	1.4081727412e-01	1.4892741139e-01	1.5259906255e-01	1.5259906255e-01	1.5887568529e-01	1.5887568529e-01	1.5964094438e-01	1.5964094438e-01	1.6871805826e-01	1.6871805826e-01	1.6871805826e-01	1.7449392689e-01	1.7449392689e-01	1.7449392689e-01	1.8020328151e-01	
97	0.0	-3.5527543794e-03	-3.5527543794e-03	-3.5527543794e-03	-9.4787307195e-03	-9.4787307195e-03	-9.4787307195e-03	-9.4787307195e-03	-1.1195720692e-02	-1.1195720692e-02	-1.1195720692e-02	-1.1195720692e-02	-1.0052896108e-02	-1.0052896108e-02	-1.0052896108e-02	-1.0052896108e-02	-6.2761474467e-03	-6.2761474467e-03	-6.2761474467e-03	-6.2761474467e-03	-3.4062509210e-04	-3.4062509210e-04	-3.4062509210e-04	-3.4062509210e-04	6.0219943479e-03	6.0219943479e-03	6.0219943479e-03	6.0219943479e-03	9.6576044854e-03	1.4335480047e-02	1.4335480047e-02	1.4335480047e-02	2.2158180923e-02	2.2158180923e-02	2.4973813280e-02	2.4973813280e-02	2.4973813280e-02	3.2321043808e-02	3.2321043808e-02	3.2321043808e-02	3.2321043808e-02	3.9304408966e-02	3.9304408966e-02	3.9304408966e-02	3.9304408966e-02	4.2608835210e-02	4.8752098551e-02	4.8752098551e-02	4.8752098551e-02	5.5616335789e-02	5.5616335789e-02	5.8947473866e-02	5.8947473866e-02	5.8947473866e-02	6.6462792401e-02	6.6462792401e-02	6.6462792401e-02	7.0701349895e-02	7.4163902290e-02	7.4163902290e-02	7.4163902290e-02	8.2758389102e-02	8.2758389102e-02	8.9087883963e-02	8.9087883963e-02	8.9087883963e-02	9.3543606960e-02	9.6655249683e-02	9.6655249683e-02	9.6655249683e-02	1.0584352120e-01	1.0904812191e-01	1.0904812191e-01	1.0904812191e-01	1.1373392911e-01	1.1974086738e-01	1.1974086738e-01	1.1974086738e-01	1.1974086738e-01	1.2981272113e-01	1.3233688327e-01	1.3233688327e-01	1.3233688327e-01	1.3785814381e-01	1.4107539821e-01	1.4107539821e-01	1.4107539821e-01	1.4920040398e-01	1.5288131202e-01	1.5288131202e-01	1.5916927120e-01	1.5916927120e-01	1.5993905874e-01	1.5993905874e-01	1.6902725303e-01	1.6902725303e-01	1.6902725303e-01	1.7481938419e-01	1.7481938419e-01	1.7481938419e-01	1.8053428181e-01	
98	0.0	-3.5957933676e-03	-3.5957933676e-03	-3.5957933676e-03	-9.5415743419e-03	-9.5415743419e-03	-9.5415743419e-03	-9.5415743419e-03	-1.1265849911e-02	-1.1265849911e-02	-1.1265849911e-02	-1.1265849911e-02	-1.0123653776e-02	-1.0123653776e-02	-1.0123653776e-02	-1.0123653776e-02	-6.3423501483e-03	-6.3423501483e-03	-6.3423501483e-03	-6.3423501483e-03	-3.9829107903e-04	-3.9829107903e-04	-3.9829107903e-04	-3.9829107903e-04	5.9748119357e-03	5.9748119357e-03	5.9748119357e-03	5.9748119357e-03	9.6190407293e-03	1.4302124456e-02	1.4302124456e-02	1.4302124456e-02	2.2141817825e-02	2.2141817825e-02	2.4961123911e-02	2.4961123911e-02	2.4961123911e-02	3.2322328523e-02	3.2322328523e-02	3.2322328523e-02	3.2322328523e-02	3.9319594245e-02	3.9319594245e-02	3.9319594245e-02	3.9319594245e-02	4.2632493945e-02	4.8783601722e-02	4.8783601722e-02	4.8783601722e-02	5.5664444331e-02	5.5664444331e-02	5.9000532477e-02	5.9000532477e-02	5.9000532477e-02	6.6530346955e-02	6.6530346955e-02	6.6530346955e-02	7.0778339960e-02	7.4245989729e-02	7.4245989729e-02	7.4245989729e-02	8.2857886218e-02	8.2857886218e-02	8.9196854623e-02	8.9196854623e-02	8.9196854623e-02	9.3661501544e-02	9.6778588107e-02	9.6778588107e-02	9.6778588107e-02	1.0598489205e-01	1.0919501326e-01	1.0919501326e-01	1.0919501326e-01	1.1388998602e-01	1.1990768954e-01	1.1990768954e-01	1.1990768954e-01	1.1990768954e-01	1.2999889125e-01	1.3252826243e-01	1.3252826243e-01	1.3252826243e-01	1.3806013484e-01	1.4128369128e-01	1.4128369128e-01	1.4128369128e-01	1.4942106933e-01	1.5310987929e-01	1.5310987929e-01	1.5940742714e-01	1.5940742714e-01	1.6018069349e-01	1.6018069349e-01	1.6927847997e-01	1.6927847997e-01	1.6927847997e-01	1.7508395046e-01	1.7508395046e-01	1.7508395046e-01	1.8080545398e-01	
99	0.0	-3.6431572088e-03	-3.6431572088e-03	-3.6431572088e-03	-9.6095584647e-03	-9.6095584647e-03	-9.6095584647e-03	-9.6095584647e-03	-1.1341408295e-02	-1.1341408295e-02	-1.1341408295e-02	-1.1341408295e-02	-1.0199857544e-02	-1.0199857544e-02	-1.0199857544e-02	-1.0199857544e-02	-6.4139485035e-03	-6.4139485035e-03	-6.4139485035e-03	-6.4139485035e-03	-4.6162908698e-04	-4.6162908698e-04	-4.6162908698e-04	-4.6162908698e-04	5.9211143985e-03	5.9211143985e-03	5.9211143985e-03	5.9211143985e-03	9.5726467371e-03	1.4260927790e-02	1.4260927790e-02	1.4260927790e-02	2.2114540173e-02	2.2114540173e-02	2.4937464068e-02	2.4937464068e-02	2.4937464068e-02	3.2310345958e-02	3.2310345958e-02	3.2310345958e-02	3.2310345958e-02	3.9318732691e-02	3.9318732691e-02	3.9318732691e-02	3.9318732691e-02	4.2637652137e-02	4.8796352715e-02	4.8796352715e-02	4.8796352715e-02	5.5688998135e-02	5.5688998135e-02	5.9029860677e-02	5.9029860677e-02	5.9029860677e-02	6.6571128051e-02	6.6571128051e-02	6.6571128051e-02	7.0825760633e-02	7.4298278969e-02	7.4298278969e-02	7.4298278969e-02	8.2923351220e-02	8.2923351220e-02	8.9271295615e-02	8.9271295615e-02	8.9271295615e-02	9.3742884431e-02	9.6865110422e-02	9.6865110422e-02	9.6865110422e-02	1.0608602207e-01	1.0930133006e-01	1.0930133006e-01	1.0930133006e-01	1.1400379197e-01	1.2003150848e-01	1.2003150848e-01	1.2003150848e-01	1.2003150848e-01	1.3013875838e-01	1.3267292675e-01	1.3267292675e-01	1.3267292675e-01	1.3821369045e-01	1.4144300451e-01	1.4144300451e-01	1.4144300451e-01	1.4959043806e-01	1.5328632300e-01	1.5328632300e-01	1.5959181382e-01	1.5959181382e-01	1.6036791348e-01	1.6036791348e-01	1.6947397645e-01	1.6947397645e-01	1.6947397645e-01	1.7529069740e-01	1.7529069740e-01	1.7529069740e-01	1.8101921462e-01	
100	0.0	-3.6925412524e-03	-3.6925412524e-03	-3.6925412524e-03	-9.6791236884e-03	-9.6791236884e-03	-9.6791236884e-03	-9.6791236884e-03	-1.1418220514e-02	-1.1418220514e-02	-1.1418220514e-02	-1.1418220514e-02	-1.0276958589e-02	-1.0276958589e-02	-1.0276958589e-02	-1.0276958589e-02	-6.4861832162e-03	-6.4861832162e-03	-6.4861832162e-03	-6.4861832162e-03	-5.2578402880e-04	-5.2578402880e-04	-5.2578402880e-04	-5.2578402880e-04	5.8657272734e-03	5.8657272734e-03	5.8657272734e-03	5.8657272734e-03	9.5229265274e-03	1.4216866528e-02	1.4216866528e-02	1.4216866528e-02	2.2080751254e-02	2.2080751254e-02	2.4907556908e-02	2.4907556908e-02	2.4907556908e-02	3.2289960562e-02	3.2289960562e-02	3.2289960562e-02	3.2289960562e-02	3.9306979528e-02	3.9306979528e-02	3.9306979528e-02	3.9306979528e-02	4.2629509527e-02	4.8796300478e-02	4.8796300478e-02	4.8796300478e-02	5.5696160259e-02	5.5696160259e-02	5.9042080834e-02	5.9042080834e-02	5.9042080834e-02	6.6592515102e-02	6.6592515102e-02	6.6592515102e-02	7.0851151322e-02	7.4328805009e-02	7.4328805009e-02	7.4328805009e-02	8.2961808433e-02	8.2961808433e-02	8.9319188223e-02	8.9319188223e-02	8.9319188223e-02	9.3795032370e-02	9.6922655962e-02	9.6922655962e-02	9.6922655962e-02	1.0615301220e-01	1.0937376060e-01	1.0937376060e-01	1.0937376060e-01	1.1408112211e-01	1.2011929283e-01	1.2011929283e-01	1.2011929283e-01	1.2011929283e-01	1.3023723900e-01	1.3277646607e-01	1.3277646607e-01	1.3277646607e-01	1.3832326158e-01	1.4155868549e-01	1.4155868549e-01	1.4155868549e-01	1.4971226669e-01	1.5341574227e-01	1.5341574227e-01	1.5972626496e-01	1.5972626496e-01	1.6050547559e-01	1.6050547559e-01	1.6961666165e-01	1.6961666165e-01	1.6961666165e-01	1.7544320457e-01	1.7544320457e-01	1.7544320457e-01	1.8117782517e-01	
101	0.0	-3.7451692944e-03	-3.7451692944e-03	-3.7451692944e-03	-9.7521255980e-03	-9.7521255980e-03	-9.7521255980e-03	-9.7521255980e-03	-1.1498517055e-02	-1.1498517055e-02	-1.1498517055e-02	-1.1498517055e-02	-1.0357501055e-02	-1.0357501055e-02	-1.0357501055e-02	-1.0357501055e-02	-6.5618831003e-03	-6.5618831003e-03	-6.5618831003e-03	-6.5618831003e-03	-5.9386946490e-04	-5.9386946490e-04	-5.9386946490e-04	-5.9386946490e-04	5.8053120002e-03	5.8053120002e-03	5.8053120002e-03	5.8053120002e-03	9.4666581860e-03	1.4166228260e-02	1.4166228260e-02	1.4166228260e-02	2.2036957808e-02	2.2036957808e-02	2.4867550200e-02	2.4867550200e-02	2.4867550200e-02	3.2257232809e-02	3.2257232809e-02	3.2257232809e-02	3.2257232809e-02	3.9280522124e-02	3.9280522124e-02	3.9280522124e-02	3.9280522124e-02	4.2604819028e-02	4.8779415726e-02	4.8779415726e-02	4.8779415726e-02	5.5682903247e-02	5.5682903247e-02	5.9033668924e-02	5.9033668924e-02	5.9033668924e-02	6.6591089360e-02	6.6591089360e-02	6.6591089360e-02	7.0851780239e-02	7.4334320552e-02	7.4334320552e-02	7.4334320552e-02	8.2971449784e-02	8.2971449784e-02	8.9337758670e-02	8.9337758670e-02	8.9337758670e-02	9.3815917651e-02	9.6948637241e-02	9.6948637241e-02	9.6948637241e-02	1.0618471939e-01	1.0941059527e-01	1.0941059527e-01	1.0941059527e-01	1.1412097988e-01	1.2016893149e-01	1.2016893149e-01	1.2016893149e-01	1.2016893149e-01	1.3029359490e-01	1.3283756573e-01	1.3283756573e-01	1.3283756573e-01	1.3838823559e-01	1.4162939841e-01	1.4162939841e-01	1.4162939841e-01	1.4978616981e-01	1.5349675214e-01	1.5349675214e-01	1.5981005474e-01	1.5981005474e-01	1.6059211225e-01	1.6059211225e-01	1.6970604172e-01	1.6970604172e-01	1.6970604172e-01	1.7554044621e-01	1.7554044621e-01	1.7554044621e-01	1.8128035087e-01	
102	0.0	-3.8015944454e-03	-3.8015944454e-03	-3.8015944454e-03	-9.8295771669e-03	-9.8295771669e-03	-9.8295771669e-03	-9.8295771669e-03	-1.1583591330e-02	-1.1583591330e-02	-1.1583591330e-02	-1.1583591330e-02	-1.0443002891e-02	-1.0443002891e-02	-1.0443002891e-02	-1.0443002891e-02	-6.6427354309e-03	-6.6427354309e-03	-6.6427354309e-03	-6.6427354309e-03	-6.6768198997e-04	-6.6768198997e-04	-6.6768198997e-04	-6.6768198997e-04	5.7380758866e-03	5.7380758866e-03	5.7380758866e-03	5.7380758866e-03	9.4023446264e-03	1.4107227056e-02	1.4107227056e-02	1.4107227056e-02	2.1982045210e-02	2.1982045210e-02	2.4816120081e-02	2.4816120081e-02	2.4816120081e-02	3.2211281380e-02	3.2211281380e-02	3.2211281380e-02	3.2211281380e-02	3.9239251019e-02	3.9239251019e-02	3.9239251019e-02	3.9239251019e-02	4.2564537793e-02	4.8746185116e-02	4.8746185116e-02	4.8746185116e-02	5.5651847615e-02	5.5651847615e-02	5.9006958604e-02	5.9006958604e-02	5.9006958604e-02	6.6570224512e-02	6.6570224512e-02	6.6570224512e-02	7.0832504261e-02	7.4319380287e-02	7.4319380287e-02	7.4319380287e-02	8.2959832688e-02	8.2959832688e-02	8.9333989932e-02	8.9333989932e-02	8.9333989932e-02	9.3814095620e-02	9.6951254238e-02	9.6951254238e-02	9.6951254238e-02	1.0619255692e-01	1.0942287508e-01	1.0942287508e-01	1.0942287508e-01	1.1413604917e-01	1.2019234457e-01	1.2019234457e-01	1.2019234457e-01	1.2019234457e-01	1.3032329586e-01	1.3287124971e-01	1.3287124971e-01	1.3287124971e-01	1.3842558204e-01	1.4167150542e-01	1.4167150542e-01	1.4167150542e-01	1.4983143727e-01	1.5354771104e-01	1.5354771104e-01	1.5986377983e-01	1.5986377983e-01	1.6064777598e-01	1.6064777598e-01	1.6976516342e-01	1.6976516342e-01	1.6976516342e-01	1.7560601852e-01	1.7560601852e-01	1.7560601852e-01	1.8135183879e-01	
103	0.0	-3.8609941433e-03	-3.8609941433e-03	-3.8609941433e-03	-9.9103603537e-03	-9.9103603537e-03	-9.9103603537e-03	-9.9103603537e-03	-1.1672198969e-02	-1.1672198969e-02	-1.1672198969e-02	-1.1672198969e-02	-1.0532165340e-02	-1.0532165340e-02	-1.0532165340e-02	-1.0532165340e-02	-6.7274286116e-03	-6.7274286116e-03	-6.7274286116e-03	-6.7274286116e-03	-7.4589514929e-04	-7.4589514929e-04	-7.4589514929e-04	-7.4589514929e-04	5.6653975057e-03	5.6653975057e-03	5.6653975057e-03	5.6653975057e-03	9.3314619197e-03	1.4041378825e-02	1.4041378825e-02	1.4041378825e-02	2.1917749635e-02	2.1917749635e-02	2.4755018328e-02	2.4755018328e-02	2.4755018328e-02	3.2154161566e-02	3.2154161566e-02	3.2154161566e-02	3.2154161566e-02	3.9185686901e-02	3.9185686901e-02	3.9185686901e-02	3.9185686901e-02	4.2511652163e-02	4.8699589964e-02	4.8699589964e-02	4.8699589964e-02	5.5606862374e-02	5.5606862374e-02	5.8965845362e-02	5.8965845362e-02	5.8965845362e-02	6.6534401395e-02	6.6534401395e-02	6.6534401395e-02	7.0798421122e-02	7.4289116881e-02	7.4289116881e-02	7.4289116881e-02	8.2933349465e-02	8.2933349465e-02	8.9314350597e-02	8.9314350597e-02	8.9314350597e-02	9.3796680597e-02	9.6937664770e-02	9.6937664770e-02	9.6937664770e-02	1.0618495237e-01	1.0941907481e-01	1.0941907481e-01	1.0941907481e-01	1.1413544355e-01	1.2019874248e-01	1.2019874248e-01	1.2019874248e-01	1.2019874248e-01	1.3033689189e-01	1.3288811443e-01	1.3288811443e-01	1.3288811443e-01	1.3844661714e-01	1.4169637626e-01	1.4169637626e-01	1.4169637626e-01	1.4986049262e-01	1.5358110406e-01	1.5358110406e-01	1.5990070138e-01	1.5990070138e-01	1.6068577492e-01	1.6068577492e-01	1.6980822931e-01	1.6980822931e-01	1.6980822931e-01	1.7565474908e-01	1.7565474908e-01	1.7565474908e-01	1.8140721302e-01	
104	0.0	-3.9223436020e-03	-3.9223436020e-03	-3.9223436020e-03	-9.9930486710e-03	-9.9930486710e-03	-9.9930486710e-03	-9.9930486710e-03	-1.1762712277e-02	-1.1762712277e-02	-1.1762712277e-02	-1.1762712277e-02	-1.0623232286e-02	-1.0623232286e-02	-1.0623232286e-02	-1.0623232286e-02	-6.8141103186e-03	-6.8141103186e-03	-6.8141103186e-03	-6.8141103186e-03	-8.2653443692e-04	-8.2653443692e-04	-8.2653443692e-04	-8.2653443692e-04	5.5894204295e-03	5.5894204295e-03	5.5894204295e-03	5.5894204295e-03	9.2562825589e-03	1.3971156969e-02	1.3971156969e-02	1.3971156969e-02	2.1846831460e-02	2.1846831460e-02	2.4687150181e-02	2.4687150181e-02	2.4687150181e-02	3.2089248436e-02	3.2089248436e-02	3.2089248436e-02	3.2089248436e-02	3.9123831213e-02	3.9123831213e-02	3.9123831213e-02	3.9123831213e-02	4.2450605388e-02	4.8644431181e-02	4.8644431181e-02	4.8644431181e-02	5.5553600393e-02	5.5553600393e-02	5.8916206975e-02	5.8916206975e-02	5.8916206975e-02	6.6490255860e-02	6.6490255860e-02	6.6490255860e-02	7.0756734284e-02	7.4250972820e-02	7.4250972820e-02	7.4250972820e-02	8.2900584738e-02	8.2900584738e-02	8.9287884501e-02	8.9287884501e-02	8.9287884501e-02	9.3773294819e-02	9.6917754414e-02	9.6917754414e-02	9.6917754414e-02	1.0617289533e-01	1.0941045499e-01	1.0941045499e-01	1.0941045499e-01	1.1413097474e-01	1.2020048225e-01	1.2020048225e-01	1.2020048225e-01	1.2020048225e-01	1.3034783301e-01	1.3290189341e-01	1.3290189341e-01	1.3290189341e-01	1.3846564811e-01	1.4171867600e-01	1.4171867600e-01	1.4171867600e-01	1.4988876376e-01	1.5361286100e-01	1.5361286100e-01	1.5993730179e-01	1.5993730179e-01	1.6072289262e-01	1.6072289262e-01	1.6985258036e-01	1.6985258036e-01	1.6985258036e-01	1.7570486334e-01	1.7570486334e-01	1.7570486334e-01	1.8146478060e-01	
105	0.0	-3.9853897812e-03	-3.9853897812e-03	-3.9853897812e-03	-1.0077426378e-02	-1.0077426378e-02	-1.0077426378e-02	-1.0077426378e-02	-1.1854940174e-02	-1.1854940174e-02	-1.1854940174e-02	-1.1854940174e-02	-1.0716035658e-02	-1.0716035658e-02	-1.0716035658e-02	-1.0716035658e-02	-6.9026221883e-03	-6.9026221883e-03	-6.9026221883e-03	-6.9026221883e-03	-9.0939949762e-04	-9.0939949762e-04	-9.0939949762e-04	-9.0939949762e-04	5.5104727533e-03	5.5104727533e-03	5.5104727533e-03	5.5104727533e-03	9.1773560934e-03	1.3897093949e-02	1.3897093949e-02	1.3897093949e-02	2.1770270136e-02	2.1770270136e-02	2.4613487152e-02	2.4613487152e-02	2.4613487152e-02	3.2017882196e-02	3.2017882196e-02	3.2017882196e-02	3.2017882196e-02	3.9055534674e-02	3.9055534674e-02	3.9055534674e-02	3.9055534674e-02	4.2383714005e-02	4.8583032511e-02	4.8583032511e-02	4.8583032511e-02	5.5495188769e-02	5.5495188769e-02	5.8861171358e-02	5.8861171358e-02	5.8861171358e-02	6.6441385217e-02	6.6441385217e-02	6.6441385217e-02	7.0711536654e-02	7.4209043233e-02	7.4209043233e-02	7.4209043233e-02	8.2866619204e-02	8.2866619204e-02	8.9259681264e-02	8.9259681264e-02	8.9259681264e-02	9.3749532719e-02	9.6897123327e-02	9.6897123327e-02	9.6897123327e-02	1.0616298649e-01	1.0940362445e-01	1.0940362445e-01	1.0940362445e-01	1.1412976305e-01	1.2020470883e-01	1.2020470883e-01	1.2020470883e-01	1.2020470883e-01	1.3036436014e-01	1.3292083440e-01	1.3292083440e-01	1.3292083440e-01	1.3849152119e-01	1.4174725462e-01	1.4174725462e-01	1.4174725462e-01	1.4992594934e-01	1.5365267612e-01	1.5365267612e-01	1.5998392240e-01	1.5998392240e-01	1.6076946299e-01	1.6076946299e-01	1.6990930768e-01	1.6990930768e-01	1.6990930768e-01	1.7576788846e-01	1.7576788846e-01	1.7576788846e-01	1.8153635654e-01	
106	0.0	-4.0501964527e-03	-4.0501964527e-03	-4.0501964527e-03	-1.0163778827e-02	-1.0163778827e-02	-1.0163778827e-02	-1.0163778827e-02	-1.1949275507e-02	-1.1949275507e-02	-1.1949275507e-02	-1.1949275507e-02	-1.0811040445e-02	-1.0811040445e-02	-1.0811040445e-02	-1.0811040445e-02	-6.9934745312e-03	-6.9934745312e-03	-6.9934745312e-03	-6.9934745312e-03	-9.9499459061e-04	-9.9499459061e-04	-9.9499459061e-04	-9.9499459061e-04	5.4281395482e-03	5.4281395482e-03	5.4281395482e-03	5.4281395482e-03	9.0944692488e-03	1.3818888413e-02	1.3818888413e-02	1.3818888413e-02	2.1688158381e-02	2.1688158381e-02	2.4534071547e-02	2.4534071547e-02	2.4534071547e-02	3.1940339708e-02	3.1940339708e-02	3.1940339708e-02	3.1940339708e-02	3.8981383807e-02	3.8981383807e-02	3.8981383807e-02	3.8981383807e-02	4.2311861389e-02	4.8516189882e-02	4.8516189882e-02	4.8516189882e-02	5.5432899714e-02	5.5432899714e-02	5.8801954412e-02	5.8801954412e-02	5.8801954412e-02	6.6389219879e-02	6.6389219879e-02	6.6389219879e-02	7.0664537323e-02	7.4164982489e-02	7.4164982489e-02	7.4164982489e-02	8.2833655430e-02	8.2833655430e-02	8.9231846679e-02	8.9231846679e-02	8.9231846679e-02	9.3727780841e-02	9.6878102647e-02	9.6878102647e-02	9.6878102647e-02	1.0615812689e-01	1.0940143016e-01	1.0940143016e-01	1.0940143016e-01	1.1413494381e-01	1.2021446071e-01	1.2021446071e-01	1.2021446071e-01	1.2021446071e-01	1.3039013592e-01	1.3294854484e-01	1.3294854484e-01	1.3294854484e-01	1.3852818774e-01	1.4178599097e-01	1.4178599097e-01	1.4178599097e-01	1.4997643058e-01	1.5370482459e-01	1.5370482459e-01	1.6004522958e-01	1.6004522958e-01	1.6083009036e-01	1.6083009036e-01	1.6998347577e-01	1.6998347577e-01	1.6998347577e-01	1.7584906479e-01	1.7584906479e-01	1.7584906479e-01	1.8162735362e-01	
107	0.0	-4.1162617773e-03	-4.1162617773e-03	-4.1162617773e-03	-1.0251369722e-02	-1.0251369722e-02	-1.0251369722e-02	-1.0251369722e-02	-1.2044874256e-02	-1.2044874256e-02	-1.2044874256e-02	-1.2044874256e-02	-1.0907365916e-02	-1.0907365916e-02	-1.0907365916e-02	-1.0907365916e-02	-7.0857991573e-03	-7.0857991573e-03	-7.0857991573e-03	-7.0857991573e-03	-1.0824665895e-03	-1.0824665895e-03	-1.0824665895e-03	-1.0824665895e-03	5.3432942520e-03	5.3432942520e-03	5.3432942520e-03	5.3432942520e-03	9.0085431973e-03	1.3737458699e-02	1.3737458699e-02	1.3737458699e-02	2.1601543828e-02	2.1601543828e-02	2.4449962976e-02	2.4449962976e-02	2.4449962976e-02	3.1857768922e-02	3.1857768922e-02	3.1857768922e-02	3.1857768922e-02	3.8902623235e-02	3.8902623235e-02	3.8902623235e-02	3.8902623235e-02	4.2236312283e-02	4.8445211675e-02	4.8445211675e-02	4.8445211675e-02	5.5368037059e-02	5.5368037059e-02	5.8739889465e-02	5.8739889465e-02	5.8739889465e-02	6.6335092192e-02	6.6335092192e-02	6.6335092192e-02	7.0617001104e-02	7.4120103844e-02	7.4120103844e-02	7.4120103844e-02	8.2802802939e-02	8.2802802939e-02	8.9205606512e-02	8.9205606512e-02	8.9205606512e-02	9.3709149318e-02	9.6861854898e-02	9.6861854898e-02	9.6861854898e-02	1.0615920336e-01	1.0940481500e-01	1.0940481500e-01	1.0940481500e-01	1.1414731385e-01	1.2023065933e-01	1.2023065933e-01	1.2023065933e-01	1.2023065933e-01	1.3042570134e-01	1.3298563473e-01	1.3298563473e-01	1.3298563473e-01	1.3857602650e-01	1.4183535505e-01	1.4183535505e-01	1.4183535505e-01	1.5004029020e-01	1.5376952339e-01	1.5376952339e-01	1.6012114522e-01	1.6012114522e-01	1.6090478441e-01	1.6090478441e-01	1.7007456726e-01	1.7007456726e-01	1.7007456726e-01	1.7594770901e-01	1.7594770901e-01	1.7594770901e-01	1.8173710209e-01	
108	0.0	-4.1823959088e-03	-4.1823959088e-03	-4.1823959088e-03	-1.0338438873e-02	-1.0338438873e-02	-1.0338438873e-02	-1.0338438873e-02	-1.2139704783e-02	-1.2139704783e-02	-1.2139704783e-02	-1.2139704783e-02	-1.1002830647e-02	-1.1002830647e-02	-1.1002830647e-02	-1.1002830647e-02	-7.1773430200e-03	-7.1773430200e-03	-7.1773430200e-03	-7.1773430200e-03	-1.1695161026e-03	-1.1695161026e-03	-1.1695161026e-03	-1.1695161026e-03	5.2582705963e-03	5.2582705963e-03	5.2582705963e-03	5.2582705963e-03	8.9218344817e-03	1.3655218324e-02	1.3655218324e-02	1.3655218324e-02	2.1512654140e-02	2.1512654140e-02	2.4363529514e-02	2.4363529514e-02	2.4363529514e-02	3.1772491943e-02	3.1772491943e-02	3.1772491943e-02	3.1772491943e-02	3.8821404572e-02	3.8821404572e-02	3.8821404572e-02	3.8821404572e-02	4.2158832123e-02	4.8372197517e-02	4.8372197517e-02	4.8372197517e-02	5.5301925941e-02	5.5301925941e-02	5.8676515136e-02	5.8676515136e-02	5.8676515136e-02	6.6280253959e-02	6.6280253959e-02	6.6280253959e-02	7.0569599827e-02	7.4075304104e-02	7.4075304104e-02	7.4075304104e-02	8.2773784625e-02	8.2773784625e-02	8.9181115526e-02	8.9181115526e-02	8.9181115526e-02	9.3693181642e-02	9.6848182134e-02	9.6848182134e-02	9.6848182134e-02	1.0616474342e-01	1.0941257668e-01	1.0941257668e-01	1.0941257668e-01	1.1416502135e-01	1.2025201338e-01	1.2025201338e-01	1.2025201338e-01	1.2025201338e-01	1.3046841680e-01	1.3302978093e-01	1.3302978093e-01	1.3302978093e-01	1.3863198803e-01	1.4189272053e-01	1.4189272053e-01	1.4189272053e-01	1.5011379166e-01	1.5384367737e-01	1.5384367737e-01	1.6020772933e-01	1.6020772933e-01	1.6099004125e-01	1.6099004125e-01	1.7017781902e-01	1.7017781902e-01	1.7017781902e-01	1.7605918043e-01	1.7605918043e-01	1.7605918043e-01	1.8186030309e-01	
109	0.0	-4.2471685449e-03	-4.2471685449e-03	-4.2471685449e-03	-1.0422776579e-02	-1.0422776579e-02	-1.0422776579e-02	-1.0422776579e-02	-1.2231171115e-02	-1.2231171115e-02	-1.2231171115e-02	-1.2231171115e-02	-1.1094633137e-02	-1.1094633137e-02	-1.1094633137e-02	-1.1094633137e-02	-7.2652444611e-03	-7.2652444611e-03	-7.2652444611e-03	-7.2652444611e-03	-1.2533268359e-03	-1.2533268359e-03	-1.2533268359e-03	-1.2533268359e-03	5.1757371014e-03	5.1757371014e-03	5.1757371014e-03	5.1757371014e-03	8.8366501087e-03	1.3574634681e-02	1.3574634681e-02	1.3574634681e-02	2.1423114789e-02	2.1423114789e-02	2.4276514823e-02	2.4276514823e-02	2.4276514823e-02	3.1685624069e-02	3.1685624069e-02	3.1685624069e-02	3.1685624069e-02	3.8737881083e-02	3.8737881083e-02	3.8737881083e-02	3.8737881083e-02	4.2078391333e-02	4.8296358027e-02	4.8296358027e-02	4.8296358027e-02	5.5231223327e-02	5.5231223327e-02	5.8608665869e-02	5.8608665869e-02	5.8608665869e-02	6.6220133559e-02	6.6220133559e-02	6.6220133559e-02	7.0515972083e-02	7.4024433175e-02	7.4024433175e-02	7.4024433175e-02	8.2736763343e-02	8.2736763343e-02	8.9148967481e-02	8.9148967481e-02	8.9148967481e-02	9.3668552966e-02	9.6826047726e-02	9.6826047726e-02	9.6826047726e-02	1.0615976731e-01	1.0941004969e-01	1.0941004969e-01	1.0941004969e-01	1.1417138762e-01	1.2026252707e-01	1.2026252707e-01	1.2026252707e-01	1.2026252707e-01	1.3049791889e-01	1.3306105321e-01	1.3306105321e-01	1.3306105321e-01	1.3867373569e-01	1.4193636670e-01	1.4193636670e-01	1.4193636670e-01	1.5017151509e-01	1.5390287061e-01	1.5390287061e-01	1.6027770823e-01	1.6027770823e-01	1.6105936564e-01	1.6105936564e-01	1.7026260163e-01	1.7026260163e-01	1.7026260163e-01	1.7615200520e-01	1.7615200520e-01	1.7615200520e-01	1.8196323218e-01	
110	0.0	-4.3119435054e-03	-4.3119435054e-03	-4.3119435054e-03	-1.0506640498e-02	-1.0506640498e-02	-1.0506640498e-02	-1.0506640498e-02	-1.2322046579e-02	-1.2322046579e-02	-1.2322046579e-02	-1.2322046579e-02	-1.1185946210e-02	-1.1185946210e-02	-1.1185946210e-02	-1.1185946210e-02	-7.3529873044e-03	-7.3529873044e-03	-7.3529873044e-03	-7.3529873044e-03	-1.3376248844e-03	-1.3376248844e-03	-1.3376248844e-03	-1.3376248844e-03	5.0918501177e-03	5.0918501177e-03	5.0918501177e-03	5.0918501177e-03	8.7494169772e-03	1.3491558397e-02	1.3491558397e-02	1.3491558397e-02	2.1329406887e-02	2.1329406887e-02	2.4185007943e-02	2.4185007943e-02	2.4185007943e-02	3.1593241249e-02	3.1593241249e-02	3.1593241249e-02	3.1593241249e-02	3.8648209484e-02	3.8648209484e-02	3.8648209484e-02	3.8648209484e-02	4.1991718228e-02	4.8213533614e-02	4.8213533614e-02	4.8213533614e-02	5.5153078723e-02	5.5153078723e-02	5.8532946869e-02	5.8532946869e-02	5.8532946869e-02	6.6151584401e-02	6.6151584401e-02	6.6151584401e-02	7.0453892002e-02	7.3964686941e-02	7.3964686941e-02	7.3964686941e-02	8.2690880135e-02	8.2690880135e-02	8.9107201935e-02	8.9107201935e-02	8.9107201935e-02	9.3634324806e-02	9.6793869302e-02	9.6793869302e-02	9.6793869302e-02	1.0614479929e-01	1.0939709181e-01	1.0939709181e-01	1.0939709181e-01	1.1416734776e-01	1.2026180477e-01	1.2026180477e-01	1.2026180477e-01	1.2026180477e-01	1.3051611524e-01	1.3308063340e-01	1.3308063340e-01	1.3308063340e-01	1.3870372216e-01	1.4196779989e-01	1.4196779989e-01	1.4196779989e-01	1.5021683028e-01	1.5394910629e-01	1.5394910629e-01	1.6033454580e-01	1.6033454580e-01	1.6111534346e-01	1.6111534346e-01	1.7033363280e-01	1.7033363280e-01	1.7033363280e-01	1.7623049557e-01	1.7623049557e-01	1.7623049557e-01	1.8205134649e-01	
111	0.0	-4.3753893499e-03	-4.3753893499e-03	-4.3753893499e-03	-1.0588116657e-02	-1.0588116657e-02	-1.0588116657e-02	-1.0588116657e-02	-1.2410149768e-02	-1.2410149768e-02	-1.2410149768e-02	-1.2410149768e-02	-1.1274453731e-02	-1.1274453731e-02	-1.1274453731e-02	-1.1274453731e-02	-7.4382095896e-03	-7.4382095896e-03	-7.4382095896e-03	-7.4382095896e-03	-1.4200439618e-03	-1.4200439618e-03	-1.4200439618e-03	-1.4200439618e-03	5.0089537593e-03	5.0089537593e-03	5.0089537593e-03	5.0089537593e-03	8.6623735018e-03	1.3408341727e-02	1.3408341727e-02	1.3408341727e-02	2.1233752239e-02	2.1233752239e-02	2.4091316254e-02	2.4091316254e-02	2.4091316254e-02	3.1497612389e-02	3.1497612389e-02	3.1497612389e-02	3.1497612389e-02	3.8554555631e-02	3.8554555631e-02	3.8554555631e-02	3.8554555631e-02	4.1900778213e-02	4.8125872907e-02	4.8125872907e-02	4.8125872907e-02	5.5069323855e-02	5.5069323855e-02	5.8451300841e-02	5.8451300841e-02	5.8451300841e-02	6.6076461966e-02	6.6076461966e-02	6.6076461966e-02	7.0385008127e-02	7.3897803357e-02	7.3897803357e-02	7.3897803357e-02	8.2637460933e-02	8.2637460933e-02	8.9057306990e-02	8.9057306990e-02	8.9057306990e-02	9.3591769567e-02	9.6753009087e-02	9.6753009087e-02	9.6753009087e-02	1.0612078308e-01	1.0937472805e-01	1.0937472805e-01	1.0937472805e-01	1.1415372639e-01	1.2025081593e-01	1.2025081593e-01	1.2025081593e-01	1.2025081593e-01	1.3052366802e-01	1.3308923316e-01	1.3308923316e-01	1.3308923316e-01	1.3872252915e-01	1.4198763972e-01	1.4198763972e-01	1.4198763972e-01	1.5025027858e-01	1.5398294101e-01	1.5398294101e-01	1.6037878068e-01	1.6037878068e-01	1.6115846332e-01	1.6115846332e-01	1.7039149465e-01	1.7039149465e-01	1.7039149465e-01	1.7629513717e-01	1.7629513717e-01	1.7629513717e-01	1.8212542491e-01	
112	0.0	-4.4363727429e-03	-4.4363727429e-03	-4.4363727429e-03	-1.0665582986e-02	-1.0665582986e-02	-1.0665582986e-02	-1.0665582986e-02	-1.2493633923e-02	-1.2493633923e-02	-1.2493633923e-02	-1.2493633923e-02	-1.1358201248e-02	-1.1358201248e-02	-1.1358201248e-02	-1.1358201248e-02	-7.5189295676e-03	-7.5189295676e-03	-7.5189295676e-03	-7.5189295676e-03	-1.4986156070e-03	-1.4986156070e-03	-1.4986156070e-03	-1.4986156070e-03	4.9289779039e-03	4.9289779039e-03	4.9289779039e-03	4.9289779039e-03	8.5773380992e-03	1.3326890571e-02	1.3326890571e-02	1.3326890571e-02	2.1137880810e-02	2.1137880810e-02	2.3997235754e-02	2.3997235754e-02	2.3997235754e-02	3.1400431555e-02	3.1400431555e-02	3.1400431555e-02	3.1400431555e-02	3.8458418257e-02	3.8458418257e-02	3.8458418257e-02	3.8458418257e-02	4.1806771116e-02	4.8034728707e-02	4.8034728707e-02	4.8034728707e-02	5.4980727449e-02	5.4980727449e-02	5.8364589403e-02	5.8364589403e-02	5.8364589403e-02	6.5995339806e-02	6.5995339806e-02	6.5995339806e-02	7.0309482319e-02	7.3824028517e-02	7.3824028517e-02	7.3824028517e-02	8.2576048805e-02	8.2576048805e-02	8.8998984058e-02	8.8998984058e-02	8.8998984058e-02	9.3540231038e-02	9.6702918026e-02	9.6702918026e-02	9.6702918026e-02	1.0608644799e-01	1.0934179608e-01	1.0934179608e-01	1.0934179608e-01	1.1412899188e-01	1.2022824357e-01	1.2022824357e-01	1.2022824357e-01	1.2022824357e-01	1.3051850903e-01	1.3308489217e-01	1.3308489217e-01	1.3308489217e-01	1.3872780262e-01	1.4199366497e-01	1.4199366497e-01	1.4199366497e-01	1.5026917312e-01	1.5400187042e-01	1.5400187042e-01	1.6040757529e-01	1.6040757529e-01	1.6118599496e-01	1.6118599496e-01	1.7043310071e-01	1.7043310071e-01	1.7043310071e-01	1.7634284728e-01	1.7634284728e-01	1.7634284728e-01	1.8218225075e-01	
113	0.0	-4.4939367777e-03	-4.4939367777e-03	-4.4939367777e-03	-1.0737699926e-02	-1.0737699926e-02	-1.0737699926e-02	-1.0737699926e-02	-1.2570999203e-02	-1.2570999203e-02	-1.2570999203e-02	-1.2570999203e-02	-1.1435630118e-02	-1.1435630118e-02	-1.1435630118e-02	-1.1435630118e-02	-7.5935989887e-03	-7.5935989887e-03	-7.5935989887e-03	-7.5935989887e-03	-1.5718386198e-03	-1.5718386198e-03	-1.5718386198e-03	-1.5718386198e-03	4.8533605999e-03	4.8533605999e-03	4.8533605999e-03	4.8533605999e-03	8.4956674318e-03	1.3248554035e-02	1.3248554035e-02	1.3248554035e-02	2.1042997857e-02	2.1042997857e-02	2.3903964743e-02	2.3903964743e-02	2.3903964743e-02	3.1302726197e-02	3.1302726197e-02	3.1302726197e-02	3.1302726197e-02	3.8360552230e-02	3.8360552230e-02	3.8360552230e-02	3.8360552230e-02	4.1710158208e-02	4.7940545558e-02	4.7940545558e-02	4.7940545558e-02	5.4887198286e-02	5.4887198286e-02	5.8272702251e-02	5.8272702251e-02	5.8272702251e-02	6.5907721987e-02	6.5907721987e-02	6.5907721987e-02	7.0226448552e-02	7.3742473611e-02	7.3742473611e-02	7.3742473611e-02	8.2505399811e-02	8.2505399811e-02	8.8930934769e-02	8.8930934769e-02	8.8930934769e-02	9.3478247145e-02	9.6642111879e-02	9.6642111879e-02	9.6642111879e-02	1.0603999091e-01	1.0929646900e-01	1.0929646900e-01	1.0929646900e-01	1.1409115067e-01	1.2019204792e-01	1.2019204792e-01	1.2019204792e-01	1.2019204792e-01	1.3049820375e-01	1.3306515043e-01	1.3306515043e-01	1.3306515043e-01	1.3871685827e-01	1.4198315924e-01	1.4198315924e-01	1.4198315924e-01	1.5027051565e-01	1.5400285471e-01	1.5400285471e-01	1.6041767380e-01	1.6041767380e-01	1.6119466670e-01	1.6119466670e-01	1.7045497222e-01	1.7045497222e-01	1.7045497222e-01	1.7637001868e-01	1.7637001868e-01	1.7637001868e-01	1.8221814144e-01	
114	0.0	-4.5479062403e-03	-4.5479062403e-03	-4.5479062403e-03	-1.0804337538e-02	-1.0804337538e-02	-1.0804337538e-02	-1.0804337538e-02	-1.2642162127e-02	-1.2642162127e-02	-1.2642162127e-02	-1.2642162127e-02	-1.1506722288e-02	-1.1506722288e-02	-1.1506722288e-02	-1.1506722288e-02	-7.6622719902e-03	-7.6622719902e-03	-7.6622719902e-03	-7.6622719902e-03	-1.6398226461e-03	-1.6398226461e-03	-1.6398226461e-03	-1.6398226461e-03	4.7819805890e-03	4.7819805890e-03	4.7819805890e-03	4.7819805890e-03	8.4173227862e-03	1.3173178109e-02	1.3173178109e-02	1.3173178109e-02	2.0949185376e-02	2.0949185376e-02	2.3811514155e-02	2.3811514155e-02	2.3811514155e-02	3.1204578207e-02	3.1204578207e-02	3.1204578207e-02	3.1204578207e-02	3.8261126478e-02	3.8261126478e-02	3.8261126478e-02	3.8261126478e-02	4.1611273600e-02	4.7843518584e-02	4.7843518584e-02	4.7843518584e-02	5.4789348835e-02	5.4789348835e-02	5.8176162149e-02	5.8176162149e-02	5.8176162149e-02	6.5814292716e-02	6.5814292716e-02	6.5814292716e-02	7.0136799977e-02	7.3653942401e-02	7.3653942401e-02	7.3653942401e-02	8.2426488108e-02	8.2426488108e-02	8.8853958753e-02	8.8853958753e-02	8.8853958753e-02	9.3406667799e-02	9.6571348606e-02	9.6571348606e-02	9.6571348606e-02	1.0598223506e-01	1.0923947674e-01	1.0923947674e-01	1.0923947674e-01	1.1404096317e-01	1.2014280846e-01	1.2014280846e-01	1.2014280846e-01	1.2014280846e-01	1.3046336797e-01	1.3303053208e-01	1.3303053208e-01	1.3303053208e-01	1.3869023606e-01	1.4195654938e-01	1.4195654938e-01	1.4195654938e-01	1.5025477165e-01	1.5398620863e-01	1.5398620863e-01	1.6040941224e-01	1.6040941224e-01	1.6118473693e-01	1.6118473693e-01	1.7045745912e-01	1.7045745912e-01	1.7045745912e-01	1.7637692162e-01	1.7637692162e-01	1.7637692162e-01	1.8223340131e-01	
115	0.0	-4.5994650728e-03	-4.5994650728e-03	-4.5994650728e-03	-1.0867480542e-02	-1.0867480542e-02	-1.0867480542e-02	-1.0867480542e-02	-1.2709558084e-02	-1.2709558084e-02	-1.2709558084e-02	-1.2709558084e-02	-1.1574263203e-02	-1.1574263203e-02	-1.1574263203e-02	-1.1574263203e-02	-7.7280136482e-03	-7.7280136482e-03	-7.7280136482e-03	-7.7280136482e-03	-1.7058502430e-03	-1.7058502430e-03	-1.7058502430e-03	-1.7058502430e-03	4.7114565530e-03	4.7114565530e-03	4.7114565530e-03	4.7114565530e-03	8.3391826677e-03	1.3097128295e-02	1.3097128295e-02	1.3097128295e-02	2.0853374949e-02	2.0853374949e-02	2.3716463675e-02	2.3716463675e-02	2.3716463675e-02	3.1102554606e-02	3.1102554606e-02	3.1102554606e-02	3.1102554606e-02	3.8156753810e-02	3.8156753810e-02	3.8156753810e-02	3.8156753810e-02	4.1507154979e-02	4.7739918157e-02	4.7739918157e-02	4.7739918157e-02	5.4684278381e-02	5.4684278381e-02	5.8071585855e-02	5.8071585855e-02	5.8071585855e-02	6.5711660096e-02	6.5711660096e-02	6.5711660096e-02	7.0037666425e-02	7.3555063013e-02	7.3555063013e-02	7.3555063013e-02	8.2336875173e-02	8.2336875173e-02	8.8764659458e-02	8.8764659458e-02	8.8764659458e-02	9.3322556164e-02	9.6487141106e-02	9.6487141106e-02	9.6487141106e-02	1.0591065809e-01	1.0916773410e-01	1.0916773410e-01	1.0916773410e-01	1.1397583574e-01	1.2007681112e-01	1.2007681112e-01	1.2007681112e-01	1.2007681112e-01	1.3041138018e-01	1.3297781736e-01	1.3297781736e-01	1.3297781736e-01	1.3864532574e-01	1.4191045621e-01	1.4191045621e-01	1.4191045621e-01	1.5021955749e-01	1.5394844685e-01	1.5394844685e-01	1.6038008595e-01	1.6038008595e-01	1.6115283110e-01	1.6115283110e-01	1.7043847103e-01	1.7043847103e-01	1.7043847103e-01	1.7636100084e-01	1.7636100084e-01	1.7636100084e-01	1.8222602610e-01	
116	0.0	-4.6469011300e-03	-4.6469011300e-03	-4.6469011300e-03	-1.0924683257e-02	-1.0924683257e-02	-1.0924683257e-02	-1.0924683257e-02	-1.2770377413e-02	-1.2770377413e-02	-1.2770377413e-02	-1.2770377413e-02	-1.1635215448e-02	-1.1635215448e-02	-1.1635215448e-02	-1.1635215448e-02	-7.7876451652e-03	-7.7876451652e-03	-7.7876451652e-03	-7.7876451652e-03	-1.7666643177e-03	-1.7666643177e-03	-1.7666643177e-03	-1.7666643177e-03	4.6450474830e-03	4.6450474830e-03	4.6450474830e-03	4.6450474830e-03	8.2643327998e-03	1.3023780324e-02	1.3023780324e-02	1.3023780324e-02	2.0758726233e-02	2.0758726233e-02	2.3622176588e-02	2.3622176588e-02	2.3622176588e-02	3.1000066755e-02	3.1000066755e-02	3.1000066755e-02	3.1000066755e-02	3.8050819145e-02	3.8050819145e-02	3.8050819145e-02	3.8050819145e-02	4.1400907148e-02	4.7633307458e-02	4.7633307458e-02	4.7633307458e-02	5.4575019231e-02	5.4575019231e-02	5.7962284426e-02	5.7962284426e-02	5.7962284426e-02	6.5603086772e-02	6.5603086772e-02	6.5603086772e-02	6.9931909481e-02	7.3448991263e-02	7.3448991263e-02	7.3448991263e-02	8.2238776070e-02	8.2238776070e-02	8.8665806343e-02	8.8665806343e-02	8.8665806343e-02	9.3228165666e-02	9.6392061673e-02	9.6392061673e-02	9.6392061673e-02	1.0582677640e-01	1.0908308188e-01	1.0908308188e-01	1.0908308188e-01	1.1389704381e-01	1.1999597749e-01	1.1999597749e-01	1.1999597749e-01	1.1999597749e-01	1.3034292400e-01	1.3290803762e-01	1.3290803762e-01	1.3290803762e-01	1.3858247002e-01	1.4184567088e-01	1.4184567088e-01	1.4184567088e-01	1.5016467577e-01	1.5389002159e-01	1.5389002159e-01	1.6032937691e-01	1.6032937691e-01	1.6109903381e-01	1.6109903381e-01	1.7039706607e-01	1.7039706607e-01	1.7039706607e-01	1.7632146268e-01	1.7632146268e-01	1.7632146268e-01	1.8219470784e-01	
117	0.0	-4.6887438529e-03	-4.6887438529e-03	-4.6887438529e-03	-1.0973836124e-02	-1.0973836124e-02	-1.0973836124e-02	-1.0973836124e-02	-1.2822186515e-02	-1.2822186515e-02	-1.2822186515e-02	-1.2822186515e-02	-1.1686957869e-02	-1.1686957869e-02	-1.1686957869e-02	-1.1686957869e-02	-7.8384571981e-03	-7.8384571981e-03	-7.8384571981e-03	-7.8384571981e-03	-1.8195041246e-03	-1.8195041246e-03	-1.8195041246e-03	-1.8195041246e-03	4.5855572893e-03	4.5855572893e-03	4.5855572893e-03	4.5855572893e-03	8.1955373788e-03	1.2956103533e-02	1.2956103533e-02	1.2956103533e-02	2.0668217088e-02	2.0668217088e-02	2.3531775164e-02	2.3531775164e-02	2.3531775164e-02	3.0900372774e-02	3.0900372774e-02	3.0900372774e-02	3.0900372774e-02	3.7946668519e-02	3.7946668519e-02	3.7946668519e-02	3.7946668519e-02	4.1295764880e-02	4.7527250929e-02	4.7527250929e-02	4.7527250929e-02	5.4464904595e-02	5.4464904595e-02	5.7851790438e-02	5.7851790438e-02	5.7851790438e-02	6.5492141035e-02	6.5492141035e-02	6.5492141035e-02	6.9822801303e-02	7.3339211787e-02	7.3339211787e-02	7.3339211787e-02	8.2134955488e-02	8.2134955488e-02	8.8560565368e-02	8.8560565368e-02	8.8560565368e-02	9.3126313408e-02	9.6289158181e-02	9.6289158181e-02	9.6289158181e-02	1.0573285691e-01	1.0898802256e-01	1.0898802256e-01	1.0898802256e-01	1.1380669793e-01	1.1990288828e-01	1.1990288828e-01	1.1990288828e-01	1.1990288828e-01	1.3025974081e-01	1.3282318913e-01	1.3282318913e-01	1.3282318913e-01	1.3850319974e-01	1.4176405342e-01	1.4176405342e-01	1.4176405342e-01	1.5009131962e-01	1.5381260287e-01	1.5381260287e-01	1.6025842799e-01	1.6025842799e-01	1.6102478615e-01	1.6102478615e-01	1.7033390725e-01	1.7033390725e-01	1.7033390725e-01	1.7625905461e-01	1.7625905461e-01	1.7625905461e-01	1.8213982171e-01	
118	0.0	-4.7243493891e-03	-4.7243493891e-03	-4.7243493891e-03	-1.1014107032e-02	-1.1014107032e-02	-1.1014107032e-02	-1.1014107032e-02	-1.2864072937e-02	-1.2864072937e-02	-1.2864072937e-02	-1.2864072937e-02	-1.1728547371e-02	-1.1728547371e-02	-1.1728547371e-02	-1.1728547371e-02	-7.8794943584e-03	-7.8794943584e-03	-7.8794943584e-03	-7.8794943584e-03	-1.8633655450e-03	-1.8633655450e-03	-1.8633655450e-03	-1.8633655450e-03	4.5341134632e-03	4.5341134632e-03	4.5341134632e-03	4.5341134632e-03	8.1340840385e-03	1.2895420785e-02	1.2895420785e-02	1.2895420785e-02	2.0583430057e-02	2.0583430057e-02	2.3446867526e-02	2.3446867526e-02	2.3446867526e-02	3.0805308315e-02	3.0805308315e-02	3.0805308315e-02	3.0805308315e-02	3.7846361657e-02	3.7846361657e-02	3.7846361657e-02	3.7846361657e-02	4.1193849316e-02	4.7424011349e-02	4.7424011349e-02	4.7424011349e-02	5.4356284016e-02	5.4356284016e-02	5.7742513222e-02	5.7742513222e-02	5.7742513222e-02	6.5381346521e-02	6.5381346521e-02	6.5381346521e-02	6.9712971956e-02	7.3228419378e-02	7.3228419378e-02	7.3228419378e-02	8.2028264702e-02	8.2028264702e-02	8.8451916786e-02	8.8451916786e-02	8.8451916786e-02	9.3020039677e-02	9.6181551745e-02	9.6181551745e-02	9.6181551745e-02	1.0563207850e-01	1.0888582089e-01	1.0888582089e-01	1.0888582089e-01	1.1370809315e-01	1.1980101814e-01	1.1980101814e-01	1.1980101814e-01	1.1980101814e-01	1.3016530280e-01	1.3272685130e-01	1.3272685130e-01	1.3272685130e-01	1.3841106129e-01	1.4166929578e-01	1.4166929578e-01	1.4166929578e-01	1.5000302678e-01	1.5371995229e-01	1.5371995229e-01	1.6017084049e-01	1.6017084049e-01	1.6093384732e-01	1.6093384732e-01	1.7025238239e-01	1.7025238239e-01	1.7025238239e-01	1.7617723830e-01	1.7617723830e-01	1.7617723830e-01	1.8206452229e-01	
119	0.0	-4.7534441737e-03	-4.7534441737e-03	-4.7534441737e-03	-1.1045228800e-02	-1.1045228800e-02	-1.1045228800e-02	-1.1045228800e-02	-1.2895769543e-02	-1.2895769543e-02	-1.2895769543e-02	-1.2895769543e-02	-1.1759715311e-02	-1.1759715311e-02	-1.1759715311e-02	-1.1759715311e-02	-7.9104680553e-03	-7.9104680553e-03	-7.9104680553e-03	-7.9104680553e-03	-1.8978895003e-03	-1.8978895003e-03	-1.8978895003e-03	-1.8978895003e-03	4.4912057328e-03	4.4912057328e-03	4.4912057328e-03	4.4912057328e-03	8.0805962609e-03	1.2842383512e-02	1.2842383512e-02	1.2842383512e-02	2.0505253611e-02	2.0505253611e-02	2.3368345106e-02	2.3368345106e-02	2.3368345106e-02	3.0715851890e-02	3.0715851890e-02	3.0715851890e-02	3.0715851890e-02	3.7750916955e-02	3.7750916955e-02	3.7750916955e-02	3.7750916955e-02	4.1096230270e-02	4.7324578904e-02	4.7324578904e-02	4.7324578904e-02	5.4250289774e-02	5.4250289774e-02	5.7635599268e-02	5.7635599268e-02	5.7635599268e-02	6.5271950333e-02	6.5271950333e-02	6.5271950333e-02	6.9603744915e-02	7.3117971726e-02	7.3117971726e-02	7.3117971726e-02	8.1920232405e-02	8.1920232405e-02	8.8341461851e-02	8.8341461851e-02	8.8341461851e-02	9.2911042318e-02	9.6070984955e-02	9.6070984955e-02	9.6070984955e-02	1.0552637312e-01	1.0877845439e-01	1.0877845439e-01	1.0877845439e-01	1.1360332673e-01	1.1969255676e-01	1.1969255676e-01	1.1969255676e-01	1.1969255676e-01	1.3006212144e-01	1.3262158595e-01	1.3262158595e-01	1.3262158595e-01	1.3830879594e-01	1.4156420424e-01	1.4156420424e-01	1.4156420424e-01	1.4990282555e-01	1.5361519429e-01	1.5361519429e-01	1.6006992246e-01	1.6006992246e-01	1.6082958641e-01	1.6082958641e-01	1.7015604314e-01	1.7015604314e-01	1.7015604314e-01	1.7607977714e-01	1.7607977714e-01	1.7607977714e-01	1.8197258915e-01	
120	0.0	-4.7758129126e-03	-4.7758129126e-03	-4.7758129126e-03	-1.1066994280e-02	-1.1066994280e-02	-1.1066994280e-02	-1.1066994280e-02	-1.2917077736e-02	-1.2917077736e-02	-1.2917077736e-02	-1.2917077736e-02	-1.1780284094e-02	-1.1780284094e-02	-1.1780284094e-02	-1.1780284094e-02	-7.9312183360e-03	-7.9312183360e-03	-7.9312183360e-03	-7.9312183360e-03	-1.9228940402e-03	-1.9228940402e-03	-1.9228940402e-03	-1.9228940402e-03	4.4570923757e-03	4.4570923757e-03	4.4570923757e-03	4.4570923757e-03	8.0354570225e-03	1.2797313652e-02	1.2797313652e-02	1.2797313652e-02	2.0434309434e-02	2.0434309434e-02	2.3296810887e-02	2.3296810887e-02	2.3296810887e-02	3.0632712094e-02	3.0632712094e-02	3.0632712094e-02	3.0632712094e-02	3.7661098487e-02	3.7661098487e-02	3.7661098487e-02	3.7661098487e-02	4.1003739872e-02	4.7229731340e-02	4.7229731340e-02	4.7229731340e-02	5.4147987802e-02	5.4147987802e-02	5.7532110596e-02	5.7532110596e-02	5.7532110596e-02	6.5165130720e-02	6.5165130720e-02	6.5165130720e-02	6.9496396735e-02	7.3009142110e-02	7.3009142110e-02	7.3009142110e-02	8.1812291781e-02	8.1812291781e-02	8.8230622199e-02	8.8230622199e-02	8.8230622199e-02	9.2800825338e-02	9.5958955340e-02	9.5958955340e-02	9.5958955340e-02	1.0541733542e-01	1.0866751070e-01	1.0866751070e-01	1.0866751070e-01	1.1349404267e-01	1.1957913615e-01	1.1957913615e-01	1.1957913615e-01	1.1957913615e-01	1.2995195181e-01	1.3250914380e-01	1.3250914380e-01	1.3250914380e-01	1.3819821254e-01	1.4145058376e-01	1.4145058376e-01	1.4145058376e-01	1.4979250037e-01	1.5350011078e-01	1.5350011078e-01	1.5995742982e-01	1.5995742982e-01	1.6071376614e-01	1.6071376614e-01	1.7004652910e-01	1.7004652910e-01	1.7004652910e-01	1.7596824366e-01	1.7596824366e-01	1.7596824366e-01	1.8186546683e-01	
121	0.0	-4.7920815797e-03	-4.7920815797e-03	-4.7920815797e-03	-1.1080548897e-02	-1.1080548897e-02	-1.1080548897e-02	-1.1080548897e-02	-1.2929419684e-02	-1.2929419684e-02	-1.2929419684e-02	-1.2929419684e-02	-1.1791857506e-02	-1.1791857506e-02	-1.1791857506e-02	-1.1791857506e-02	-7.9434396675e-03	-7.9434396675e-03	-7.9434396675e-03	-7.9434396675e-03	-1.9400552515e-03	-1.9400552515e-03	-1.9400552515e-03	-1.9400552515e-03	4.4302332756e-03	4.4302332756e-03	4.4302332756e-03	4.4302332756e-03	7.9974304443e-03	1.2758797860e-02	1.2758797860e-02	1.2758797860e-02	2.0369867179e-02	2.0369867179e-02	2.3231414990e-02	2.3231414990e-02	2.3231414990e-02	3.0555335071e-02	3.0555335071e-02	3.0555335071e-02	3.0555335071e-02	3.7576686713e-02	3.7576686713e-02	3.7576686713e-02	3.7576686713e-02	4.0916589484e-02	4.7139450569e-02	4.7139450569e-02	4.7139450569e-02	5.4050130656e-02	5.4050130656e-02	5.7432670195e-02	5.7432670195e-02	5.7432670195e-02	6.5061856404e-02	6.5061856404e-02	6.5061856404e-02	6.9392470780e-02	7.2903334868e-02	7.2903334868e-02	7.2903334868e-02	8.1706492928e-02	8.1706492928e-02	8.8121172146e-02	8.8121172146e-02	8.8121172146e-02	9.2691452218e-02	9.5847366190e-02	9.5847366190e-02	9.5847366190e-02	1.0530739136e-01	1.0855525079e-01	1.0855525079e-01	1.0855525079e-01	1.1338275208e-01	1.1946293727e-01	1.1946293727e-01	1.1946293727e-01	1.1946293727e-01	1.2983752631e-01	1.3239207575e-01	1.3239207575e-01	1.3239207575e-01	1.3808218661e-01	1.4133107277e-01	1.4133107277e-01	1.4133107277e-01	1.4967517509e-01	1.5337747932e-01	1.5337747932e-01	1.5983652894e-01	1.5983652894e-01	1.6058933262e-01	1.6058933262e-01	1.6992731674e-01	1.6992731674e-01	1.6992731674e-01	1.7584601031e-01	1.7584601031e-01	1.7584601031e-01	1.8174677666e-01	
122	0.0	-4.8014806995e-03	-4.8014806995e-03	-4.8014806995e-03	-1.1084778858e-02	-1.1084778858e-02	-1.1084778858e-02	-1.1084778858e-02	-1.2931486733e-02	-1.2931486733e-02	-1.2931486733e-02	-1.2931486733e-02	-1.1792988708e-02	-1.1792988708e-02	-1.1792988708e-02	-1.1792988708e-02	-7.9455863243e-03	-7.9455863243e-03	-7.9455863243e-03	-7.9455863243e-03	-1.9477280115e-03	-1.9477280115e-03	-1.9477280115e-03	-1.9477280115e-03	4.4123510133e-03	4.4123510133e-03	4.4123510133e-03	4.4123510133e-03	7.9681482507e-03	1.2728670067e-02	1.2728670067e-02	1.2728670067e-02	2.0313523369e-02	2.0313523369e-02	2.3173885391e-02	2.3173885391e-02	2.3173885391e-02	3.0485282609e-02	3.0485282609e-02	3.0485282609e-02	3.0485282609e-02	3.7498851598e-02	3.7498851598e-02	3.7498851598e-02	3.7498851598e-02	4.0835330857e-02	4.7054566839e-02	4.7054566839e-02	4.7054566839e-02	5.3956140016e-02	5.3956140016e-02	5.7336878053e-02	5.7336878053e-02	5.7336878053e-02	6.4960985384e-02	6.4960985384e-02	6.4960985384e-02	6.9289767216e-02	7.2798539226e-02	7.2798539226e-02	7.2798539226e-02	8.1598880392e-02	8.1598880392e-02	8.8009514261e-02	8.8009514261e-02	8.8009514261e-02	9.2578367851e-02	9.5731880459e-02	9.5731880459e-02	9.5731880459e-02	1.0519029373e-01	1.0843565588e-01	1.0843565588e-01	1.0843565588e-01	1.1326246106e-01	1.1933743546e-01	1.1933743546e-01	1.1933743546e-01	1.1933743546e-01	1.2971021890e-01	1.3226202339e-01	1.3226202339e-01	1.3226202339e-01	1.3795121573e-01	1.4119652752e-01	1.4119652752e-01	1.4119652752e-01	1.4954013164e-01	1.5323712727e-01	1.5323712727e-01	1.5969585216e-01	1.5969585216e-01	1.6044529428e-01	1.6044529428e-01	1.6978580207e-01	1.6978580207e-01	1.6978580207e-01	1.7570027136e-01	1.7570027136e-01	1.7570027136e-01	1.8160290154e-01	
123	0.0	-4.8040024935e-03	-4.8040024935e-03	-4.8040024935e-03	-1.1079775239e-02	-1.1079775239e-02	-1.1079775239e-02	-1.1079775239e-02	-1.2923414501e-02	-1.2923414501e-02	-1.2923414501e-02	-1.2923414501e-02	-1.1783824435e-02	-1.1783824435e-02	-1.1783824435e-02	-1.1783824435e-02	-7.9377771582e-03	-7.9377771582e-03	-7.9377771582e-03	-7.9377771582e-03	-1.9459437629e-03	-1.9459437629e-03	-1.9459437629e-03	-1.9459437629e-03	4.4035493189e-03	4.4035493189e-03	4.4035493189e-03	4.4035493189e-03	7.9478393128e-03	1.2707191497e-02	1.2707191497e-02	1.2707191497e-02	2.0265811187e-02	2.0265811187e-02	2.3124781526e-02	2.3124781526e-02	2.3124781526e-02	3.0423260440e-02	3.0423260440e-02	3.0423260440e-02	3.0423260440e-02	3.7428388628e-02	3.7428388628e-02	3.7428388628e-02	3.7428388628e-02	4.0760835906e-02	4.6975956905e-02	4.6975956905e-02	4.6975956905e-02	5.3867144054e-02	5.3867144054e-02	5.7245898968e-02	5.7245898968e-02	5.7245898968e-02	6.4863864317e-02	6.4863864317e-02	6.4863864317e-02	6.9189797929e-02	7.2696307006e-02	7.2696307006e-02	7.2696307006e-02	8.1491773659e-02	8.1491773659e-02	8.7898040812e-02	8.7898040812e-02	8.7898040812e-02	9.2464435409e-02	9.5615399467e-02	9.5615399467e-02	9.5615399467e-02	1.0506999360e-01	1.0831271341e-01	1.0831271341e-01	1.0831271341e-01	1.1313769832e-01	1.1920722846e-01	1.1920722846e-01	1.1920722846e-01	1.1920722846e-01	1.2957572796e-01	1.3212471215e-01	1.3212471215e-01	1.3212471215e-01	1.3781160878e-01	1.4105328236e-01	1.4105328236e-01	1.4105328236e-01	1.4939454421e-01	1.5308625263e-01	1.5308625263e-01	1.5954323101e-01	1.5954323101e-01	1.6028947063e-01	1.6028947063e-01	1.6963063192e-01	1.6963063192e-01	1.6963063192e-01	1.7554011654e-01	1.7554011654e-01	1.7554011654e-01	1.8144340941e-01	
124	0.0	-4.7994098998e-03	-4.7994098998e-03	-4.7994098998e-03	-1.1065244699e-02	-1.1065244699e-02	-1.1065244699e-02	-1.1065244699e-02	-1.2904857461e-02	-1.2904857461e-02	-1.2904857461e-02	-1.2904857461e-02	-1.1763950304e-02	-1.1763950304e-02	-1.1763950304e-02	-1.1763950304e-02	-7.9195098565e-03	-7.9195098565e-03	-7.9195098565e-03	-7.9195098565e-03	-1.9340663121e-03	-1.9340663121e-03	-1.9340663121e-03	-1.9340663121e-03	4.4046245795e-03	4.4046245795e-03	4.4046245795e-03	4.4046245795e-03	7.9373888303e-03	1.2695377554e-02	1.2695377554e-02	1.2695377554e-02	2.0227959985e-02	2.0227959985e-02	2.3085420118e-02	2.3085420118e-02	2.3085420118e-02	3.0370771570e-02	3.0370771570e-02	3.0370771570e-02	3.0370771570e-02	3.7366964165e-02	3.7366964165e-02	3.7366964165e-02	3.7366964165e-02	4.0694853253e-02	4.6905514414e-02	4.6905514414e-02	4.6905514414e-02	5.3785323541e-02	5.3785323541e-02	5.7162087362e-02	5.7162087362e-02	5.7162087362e-02	6.4773197752e-02	6.4773197752e-02	6.4773197752e-02	6.9095441319e-02	7.2599696850e-02	7.2599696850e-02	7.2599696850e-02	8.1388540677e-02	8.1388540677e-02	8.7790460502e-02	8.7790460502e-02	8.7790460502e-02	9.2353500411e-02	9.5501966164e-02	9.5501966164e-02	9.5501966164e-02	1.0495079652e-01	1.0819092910e-01	1.0819092910e-01	1.0819092910e-01	1.1301309754e-01	1.1907734678e-01	1.1907734678e-01	1.1907734678e-01	1.1907734678e-01	1.2943934511e-01	1.3198563914e-01	1.3198563914e-01	1.3198563914e-01	1.3766899366e-01	1.4090722385e-01	1.4090722385e-01	1.4090722385e-01	1.4924442864e-01	1.5293123429e-01	1.5293123429e-01	1.5938511867e-01	1.5938511867e-01	1.6012853229e-01	1.6012853229e-01	1.6946842347e-01	1.6946842347e-01	1.6946842347e-01	1.7537252200e-01	1.7537252200e-01	1.7537252200e-01	1.8127521678e-01	
125	0.0	-4.7885276053e-03	-4.7885276053e-03	-4.7885276053e-03	-1.1042496391e-02	-1.1042496391e-02	-1.1042496391e-02	-1.1042496391e-02	-1.2877340965e-02	-1.2877340965e-02	-1.2877340965e-02	-1.2877340965e-02	-1.1734999045e-02	-1.1734999045e-02	-1.1734999045e-02	-1.1734999045e-02	-7.8924626547e-03	-7.8924626547e-03	-7.8924626547e-03	-7.8924626547e-03	-1.9137571975e-03	-1.9137571975e-03	-1.9137571975e-03	-1.9137571975e-03	4.4139899521e-03	4.4139899521e-03	4.4139899521e-03	4.4139899521e-03	7.9353546356e-03	1.2691684209e-02	1.2691684209e-02	1.2691684209e-02	2.0198713033e-02	2.0198713033e-02	2.3054488745e-02	2.3054488745e-02	2.3054488745e-02	3.0326587498e-02	3.0326587498e-02	3.0326587498e-02	3.0326587498e-02	3.7313418090e-02	3.7313418090e-02	3.7313418090e-02	3.7313418090e-02	4.0636319942e-02	4.6842124084e-02	4.6842124084e-02	4.6842124084e-02	5.3709802393e-02	5.3709802393e-02	5.7084482584e-02	5.7084482584e-02	5.7084482584e-02	6.4688056594e-02	6.4688056594e-02	6.4688056594e-02	6.9005852658e-02	7.2507765055e-02	7.2507765055e-02	7.2507765055e-02	8.1288270595e-02	8.1288270595e-02	8.7685670152e-02	8.7685670152e-02	8.7685670152e-02	9.2244469859e-02	9.5390390495e-02	9.5390390495e-02	9.5390390495e-02	1.0483148662e-01	1.0806899221e-01	1.0806899221e-01	1.0806899221e-01	1.1288733126e-01	1.1894628457e-01	1.1894628457e-01	1.1894628457e-01	1.1894628457e-01	1.2929953888e-01	1.3184318679e-01	1.3184318679e-01	1.3184318679e-01	1.3752173943e-01	1.4075661889e-01	1.4075661889e-01	1.4075661889e-01	1.4908799273e-01	1.5277014897e-01	1.5277014897e-01	1.5921954086e-01	1.5921954086e-01	1.5996046304e-01	1.5996046304e-01	1.6929699050e-01	1.6929699050e-01	1.6929699050e-01	1.7519515011e-01	1.7519515011e-01	1.7519515011e-01	1.8109579600e-01	
126	0.0	-4.7714837177e-03	-4.7714837177e-03	-4.7714837177e-03	-1.1011698652e-02	-1.1011698652e-02	-1.1011698652e-02	-1.1011698652e-02	-1.2841039865e-02	-1.2841039865e-02	-1.2841039865e-02	-1.2841039865e-02	-1.1697148846e-02	-1.1697148846e-02	-1.1697148846e-02	-1.1697148846e-02	-7.8567574850e-03	-7.8567574850e-03	-7.8567574850e-03	-7.8567574850e-03	-1.8849913036e-03	-1.8849913036e-03	-1.8849913036e-03	-1.8849913036e-03	4.4318908966e-03	4.4318908966e-03	4.4318908966e-03	4.4318908966e-03	7.9422227141e-03	1.2696651500e-02	1.2696651500e-02	1.2696651500e-02	2.0179080474e-02	2.0179080474e-02	2.3033043538e-02	2.3033043538e-02	2.3033043538e-02	3.0292073619e-02	3.0292073619e-02	3.0292073619e-02	3.0292073619e-02	3.7269394490e-02	3.7269394490e-02	3.7269394490e-02	3.7269394490e-02	4.0587053856e-02	4.6787760829e-02	4.6787760829e-02	4.6787760829e-02	5.3642853600e-02	5.3642853600e-02	5.7015392865e-02	5.7015392865e-02	5.7015392865e-02	6.4610935729e-02	6.4610935729e-02	6.4610935729e-02	6.8923676143e-02	7.2423185321e-02	7.2423185321e-02	7.2423185321e-02	8.1193946309e-02	8.1193946309e-02	8.7586701641e-02	8.7586701641e-02	8.7586701641e-02	9.2140531516e-02	9.5283883911e-02	9.5283883911e-02	9.5283883911e-02	1.0471562053e-01	1.0795047998e-01	1.0795047998e-01	1.0795047998e-01	1.1276416650e-01	1.1881784342e-01	1.1881784342e-01	1.1881784342e-01	1.1881784342e-01	1.2916063619e-01	1.3170168465e-01	1.3170168465e-01	1.3170168465e-01	1.3737449375e-01	1.4060610572e-01	1.4060610572e-01	1.4060610572e-01	1.4893041457e-01	1.5260813901e-01	1.5260813901e-01	1.5905207872e-01	1.5905207872e-01	1.5979079332e-01	1.5979079332e-01	1.6912251325e-01	1.6912251325e-01	1.6912251325e-01	1.7501443657e-01	1.7501443657e-01	1.7501443657e-01	1.8091199010e-01	
127	0.0	-4.7486019283e-03	-4.7486019283e-03	-4.7486019283e-03	-1.0973347062e-02	-1.0973347062e-02	-1.0973347062e-02	-1.0973347062e-02	-1.2796521034e-02	-1.2796521034e-02	-1.2796521034e-02	-1.2796521034e-02	-1.1650976391e-02	-1.1650976391e-02	-1.1650976391e-02	-1.1650976391e-02	-7.8129374085e-03	-7.8129374085e-03	-7.8129374085e-03	-7.8129374085e-03	-1.8482322624e-03	-1.8482322624e-03	-1.8482322624e-03	-1.8482322624e-03	4.4579648905e-03	4.4579648905e-03	4.4579648905e-03	4.4579648905e-03	7.9576980489e-03	1.2710020811e-02	1.2710020811e-02	1.2710020811e-02	2.0168848003e-02	2.0168848003e-02	2.3020904782e-02	2.3020904782e-02	2.3020904782e-02	3.0267043489e-02	3.0267043489e-02	3.0267043489e-02	3.0267043489e-02	3.7234632292e-02	3.7234632292e-02	3.7234632292e-02	3.7234632292e-02	4.0546670920e-02	4.6742165399e-02	4.6742165399e-02	4.6742165399e-02	5.3583995154e-02	5.3583995154e-02	5.6954365840e-02	5.6954365840e-02	5.6954365840e-02	6.4541279457e-02	6.4541279457e-02	6.4541279457e-02	6.8848222359e-02	7.2345301240e-02	7.2345301240e-02	7.2345301240e-02	8.1104691791e-02	8.1104691791e-02	8.7492744507e-02	8.7492744507e-02	8.7492744507e-02	9.2040756899e-02	9.5181547305e-02	9.5181547305e-02	9.5181547305e-02	1.0460200812e-01	1.0783423066e-01	1.0783423066e-01	1.0783423066e-01	1.1264227669e-01	1.1869074910e-01	1.1869074910e-01	1.1869074910e-01	1.1869074910e-01	1.2902100509e-01	1.3155951650e-01	1.3155951650e-01	1.3155951650e-01	1.3722544517e-01	1.4045388454e-01	1.4045388454e-01	1.4045388454e-01	1.4876970787e-01	1.5244321751e-01	1.5244321751e-01	1.5888061844e-01	1.5888061844e-01	1.5961739570e-01	1.5961739570e-01	1.6894279855e-01	1.6894279855e-01	1.6894279855e-01	1.7482811691e-01	1.7482811691e-01	1.7482811691e-01	1.8072159396e-01	
128	0.0	-4.7205635612e-03	-4.7205635612e-03	-4.7205635612e-03	-1.0928505423e-02	-1.0928505423e-02	-1.0928505423e-02	-1.0928505423e-02	-1.2745007027e-02	-1.2745007027e-02	-1.2745007027e-02	-1.2745007027e-02	-1.1597756221e-02	-1.1597756221e-02	-1.1597756221e-02	-1.1597756221e-02	-7.7622585905e-03	-7.7622585905e-03	-7.7622585905e-03	-7.7622585905e-03	-1.8046657857e-03	-1.8046657857e-03	-1.8046657857e-03	-1.8046657857e-03	4.4911208070e-03	4.4911208070e-03	4.4911208070e-03	4.4911208070e-03	7.9807536907e-03	1.2730769649e-02	1.2730769649e-02	1.2730769649e-02	2.0167068073e-02	2.0167068073e-02	2.3017134062e-02	2.3017134062e-02	2.3017134062e-02	3.0250601642e-02	3.0250601642e-02	3.0250601642e-02	3.0250601642e-02	3.7208308775e-02	3.7208308775e-02	3.7208308775e-02	3.7208308775e-02	4.0514444890e-02	4.6704665053e-02	4.6704665053e-02	4.6704665053e-02	5.3532798478e-02	5.3532798478e-02	5.6900973244e-02	5.6900973244e-02	5.6900973244e-02	6.4478818811e-02	6.4478818811e-02	6.4478818811e-02	6.8779401744e-02	7.2274030778e-02	7.2274030778e-02	7.2274030778e-02	8.1020815379e-02	8.1020815379e-02	8.7404131567e-02	8.7404131567e-02	8.7404131567e-02	9.1945676757e-02	9.5083911684e-02	9.5083911684e-02	9.5083911684e-02	1.0449153461e-01	1.0772112936e-01	1.0772112936e-01	1.0772112936e-01	1.1252271047e-01	1.1856604808e-01	1.1856604808e-01	1.1856604808e-01	1.1856604808e-01	1.2888189417e-01	1.3141791913e-01	1.3141791913e-01	1.3141791913e-01	1.3707591634e-01	1.4030125715e-01	1.4030125715e-01	1.4030125715e-01	1.4860731085e-01	1.5227677940e-01	1.5227677940e-01	1.5870667815e-01	1.5870667815e-01	1.5944175195e-01	1.5944175195e-01	1.6875958802e-01	1.6875958802e-01	1.6875958802e-01	1.7463801955e-01	1.7463801955e-01	1.7463801955e-01	1.8052661436e-01	
129	0.0	-4.6877961067e-03	-4.6877961067e-03	-4.6877961067e-03	-1.0877775883e-02	-1.0877775883e-02	-1.0877775883e-02	-1.0877775883e-02	-1.2687151595e-02	-1.2687151595e-02	-1.2687151595e-02	-1.2687151595e-02	-1.1538131519e-02	-1.1538131519e-02	-1.1538131519e-02	-1.1538131519e-02	-7.7053155586e-03	-7.7053155586e-03	-7.7053155586e-03	-7.7053155586e-03	-1.7548143918e-03	-1.7548143918e-03	-1.7548143918e-03	-1.7548143918e-03	4.5309092729e-03	4.5309092729e-03	4.5309092729e-03	4.5309092729e-03	8.0109632942e-03	1.2758532606e-02	1.2758532606e-02	1.2758532606e-02	2.0173498556e-02	2.0173498556e-02	2.3021530841e-02	2.3021530841e-02	2.3021530841e-02	3.0242665088e-02	3.0242665088e-02	3.0242665088e-02	3.0242665088e-02	3.7190482155e-02	3.7190482155e-02	3.7190482155e-02	3.7190482155e-02	4.0490535097e-02	4.6675524473e-02	4.6675524473e-02	4.6675524473e-02	5.3489764261e-02	5.3489764261e-02	5.6855758947e-02	5.6855758947e-02	5.6855758947e-02	6.4424289341e-02	6.4424289341e-02	6.4424289341e-02	6.8718108577e-02	7.2210318464e-02	7.2210318464e-02	7.2210318464e-02	8.0943606997e-02	8.0943606997e-02	8.7322257134e-02	8.7322257134e-02	8.7322257134e-02	9.1856862955e-02	9.4992589450e-02	9.4992589450e-02	9.4992589450e-02	1.0438619956e-01	1.0761321584e-01	1.0761321584e-01	1.0761321584e-01	1.1240771599e-01	1.1844606539e-01	1.1844606539e-01	1.1844606539e-01	1.1844606539e-01	1.2874603716e-01	1.3127965400e-01	1.3127965400e-01	1.3127965400e-01	1.3692888491e-01	1.4015123069e-01	1.4015123069e-01	1.4015123069e-01	1.4844651127e-01	1.5211213907e-01	1.5211213907e-01	1.5853377358e-01	1.5853377358e-01	1.5926737484e-01	1.5926737484e-01	1.6857667482e-01	1.6857667482e-01	1.6857667482e-01	1.7444807590e-01	1.7444807590e-01	1.7444807590e-01	1.8033116504e-01	
130	0.0	-4.6510067202e-03	-4.6510067202e-03	-4.6510067202e-03	-1.0822209206e-02	-1.0822209206e-02	-1.0822209206e-02	-1.0822209206e-02	-1.2624148361e-02	-1.2624148361e-02	-1.2624148361e-02	-1.2624148361e-02	-1.1473333174e-02	-1.1473333174e-02	-1.1473333174e-02	-1.1473333174e-02	-7.6432896048e-03	-7.6432896048e-03	-7.6432896048e-03	-7.6432896048e-03	-1.6997403519e-03	-1.6997403519e-03	-1.6997403519e-03	-1.6997403519e-03	4.5764321491e-03	4.5764321491e-03	4.5764321491e-03	4.5764321491e-03	8.0475964657e-03	1.2792630892e-02	1.2792630892e-02	1.2792630892e-02	2.0187863833e-02	2.0187863833e-02	2.3033861024e-02	2.3033861024e-02	2.3033861024e-02	3.0243318511e-02	3.0243318511e-02	3.0243318511e-02	3.0243318511e-02	3.7181603460e-02	3.7181603460e-02	3.7181603460e-02	3.7181603460e-02	4.0475676936e-02	4.6655594648e-02	4.6655594648e-02	4.6655594648e-02	5.3456272438e-02	5.3456272438e-02	5.6820172670e-02	5.6820172670e-02	5.6820172670e-02	6.4379525973e-02	6.4379525973e-02	6.4379525973e-02	6.8666496078e-02	7.2156396740e-02	7.2156396740e-02	7.2156396740e-02	8.0875926754e-02	8.0875926754e-02	8.7250139165e-02	8.7250139165e-02	8.7250139165e-02	9.1777653226e-02	9.4910999806e-02	9.4910999806e-02	9.4910999806e-02	1.0429006455e-01	1.0751463756e-01	1.0751463756e-01	1.0751463756e-01	1.1230176495e-01	1.1833544808e-01	1.1833544808e-01	1.1833544808e-01	1.1833544808e-01	1.2861869469e-01	1.3115007235e-01	1.3115007235e-01	1.3115007235e-01	1.3679000553e-01	1.4000957713e-01	1.4000957713e-01	1.4000957713e-01	1.4829338815e-01	1.5195553653e-01	1.5195553653e-01	1.5836834632e-01	1.5836834632e-01	1.5910078780e-01	1.5910078780e-01	1.6840074939e-01	1.6840074939e-01	1.6840074939e-01	1.7426518970e-01	1.7426518970e-01	1.7426518970e-01	1.8014222479e-01	
131	0.0	-4.6109824573e-03	-4.6109824573e-03	-4.6109824573e-03	-1.0762912425e-02	-1.0762912425e-02	-1.0762912425e-02	-1.0762912425e-02	-1.2557235135e-02	-1.2557235135e-02	-1.2557235135e-02	-1.2557235135e-02	-1.1404646945e-02	-1.1404646945e-02	-1.1404646945e-02	-1.1404646945e-02	-7.5774643141e-03	-7.5774643141e-03	-7.5774643141e-03	-7.5774643141e-03	-1.6406989114e-03	-1.6406989114e-03	-1.6406989114e-03	-1.6406989114e-03	4.6264766183e-03	4.6264766183e-03	4.6264766183e-03	4.6264766183e-03	8.0895036149e-03	1.2831884519e-02	1.2831884519e-02	1.2831884519e-02	2.0209176861e-02	2.0209176861e-02	2.3053111376e-02	2.3053111376e-02	2.3053111376e-02	3.0251631267e-02	3.0251631267e-02	3.0251631267e-02	3.0251631267e-02	3.7180834660e-02	3.7180834660e-02	3.7180834660e-02	3.7180834660e-02	4.0469150375e-02	4.6644093306e-02	4.6644093306e-02	4.6644093306e-02	5.3431799629e-02	5.3431799629e-02	5.6793628883e-02	5.6793628883e-02	5.6793628883e-02	6.4344027809e-02	6.4344027809e-02	6.4344027809e-02	6.8624236043e-02	7.2111868923e-02	7.2111868923e-02	7.2111868923e-02	8.0817751731e-02	8.0817751731e-02	8.7187628307e-02	8.7187628307e-02	8.7187628307e-02	9.1708091446e-02	9.4839101524e-02	9.4839101524e-02	9.4839101524e-02	1.0420351685e-01	1.0742569297e-01	1.0742569297e-01	1.0742569297e-01	1.1220538963e-01	1.1823454548e-01	1.1823454548e-01	1.1823454548e-01	1.1823454548e-01	1.2850082451e-01	1.3103001961e-01	1.3103001961e-01	1.3103001961e-01	1.3666048099e-01	1.3987734855e-01	1.3987734855e-01	1.3987734855e-01	1.4814950851e-01	1.5180830913e-01	1.5180830913e-01	1.5821214408e-01	1.5821214408e-01	1.5894356091e-01	1.5894356091e-01	1.6823394651e-01	1.6823394651e-01	1.6823394651e-01	1.7409148066e-01	1.7409148066e-01	1.7409148066e-01	1.7996221380e-01	
132	0.0	-4.5682653840e-03	-4.5682653840e-03	-4.5682653840e-03	-1.0700624799e-02	-1.0700624799e-02	-1.0700624799e-02	-1.0700624799e-02	-1.2487224563e-02	-1.2487224563e-02	-1.2487224563e-02	-1.2487224563e-02	-1.1332889587e-02	-1.1332889587e-02	-1.1332889587e-02	-1.1332889587e-02	-7.5086046180e-03	-7.5086046180e-03	-7.5086046180e-03	-7.5086046180e-03	-1.5783649424e-03	-1.5783649424e-03	-1.5783649424e-03	-1.5783649424e-03	4.6804731330e-03	4.6804731330e-03	4.6804731330e-03	4.6804731330e-03	8.1361972607e-03	1.2875866241e-02	1.2875866241e-02	1.2875866241e-02	2.0237225411e-02	2.0237225411e-02	2.3079114510e-02	2.3079114510e-02	2.3079114510e-02	3.0267629165e-02	3.0267629165e-02	3.0267629165e-02	3.0267629165e-02	3.7188417920e-02	3.7188417920e-02	3.7188417920e-02	3.7188417920e-02	4.0471352062e-02	4.6641529111e-02	4.6641529111e-02	4.6641529111e-02	5.3417183699e-02	5.3417183699e-02	5.6777024395e-02	5.6777024395e-02	5.6777024395e-02	6.4318948452e-02	6.4318948452e-02	6.4318948452e-02	6.8592688190e-02	7.2078161513e-02	7.2078161513e-02	7.2078161513e-02	8.0770904243e-02	8.0770904243e-02	8.7136681057e-02	8.7136681057e-02	8.7136681057e-02	9.1650334425e-02	9.4779128256e-02	9.4779128256e-02	9.4779128256e-02	1.0412916655e-01	1.0734907325e-01	1.0734907325e-01	1.0734907325e-01	1.1212145873e-01	1.1814638959e-01	1.1814638959e-01	1.1814638959e-01	1.1814638959e-01	1.2839578960e-01	1.3092294584e-01	1.3092294584e-01	1.3092294584e-01	1.3654392691e-01	1.3975827671e-01	1.3975827671e-01	1.3975827671e-01	1.4801875454e-01	1.5167450903e-01	1.5167450903e-01	1.5806931518e-01	1.5806931518e-01	1.5879993485e-01	1.5879993485e-01	1.6808052278e-01	1.6808052278e-01	1.6808052278e-01	1.7393138070e-01	1.7393138070e-01	1.7393138070e-01	1.7979552003e-01	
133	0.0	-4.5236290934e-03	-4.5236290934e-03	-4.5236290934e-03	-1.0636426295e-02	-1.0636426295e-02	-1.0636426295e-02	-1.0636426295e-02	-1.2415314978e-02	-1.2415314978e-02	-1.2415314978e-02	-1.2415314978e-02	-1.1259290441e-02	-1.1259290441e-02	-1.1259290441e-02	-1.1259290441e-02	-7.4379021459e-03	-7.4379021459e-03	-7.4379021459e-03	-7.4379021459e-03	-1.5138535413e-03	-1.5138535413e-03	-1.5138535413e-03	-1.5138535413e-03	4.7373809506e-03	4.7373809506e-03	4.7373809506e-03	4.7373809506e-03	8.1866722742e-03	1.2923608935e-02	1.2923608935e-02	1.2923608935e-02	2.0271071610e-02	2.0271071610e-02	2.3110963965e-02	2.3110963965e-02	2.3110963965e-02	3.0290423594e-02	3.0290423594e-02	3.0290423594e-02	3.0290423594e-02	3.7203433661e-02	3.7203433661e-02	3.7203433661e-02	3.7203433661e-02	4.0481257763e-02	4.6646963148e-02	4.6646963148e-02	4.6646963148e-02	5.3411239274e-02	5.3411239274e-02	5.6769217991e-02	5.6769217991e-02	5.6769217991e-02	6.4303031090e-02	6.4303031090e-02	6.4303031090e-02	6.8570418542e-02	7.2053894057e-02	7.2053894057e-02	7.2053894057e-02	8.0733673507e-02	8.0733673507e-02	8.7095696694e-02	8.7095696694e-02	8.7095696694e-02	9.1602610123e-02	9.4729374519e-02	9.4729374519e-02	9.4729374519e-02	1.0406497158e-01	1.0728280795e-01	1.0728280795e-01	1.0728280795e-01	1.1204783353e-01	1.1806898946e-01	1.1806898946e-01	1.1806898946e-01	1.1806898946e-01	1.2830127703e-01	1.3082662444e-01	1.3082662444e-01	1.3082662444e-01	1.3643795012e-01	1.3965008879e-01	1.3965008879e-01	1.3965008879e-01	1.4789854720e-01	1.5155174313e-01	1.5155174313e-01	1.5793723333e-01	1.5793723333e-01	1.5866739507e-01	1.5866739507e-01	1.6793758536e-01	1.6793758536e-01	1.6793758536e-01	1.7378199341e-01	1.7378199341e-01	1.7378199341e-01	1.7963905250e-01	
134	0.0	-4.4777307558e-03	-4.4777307558e-03	-4.4777307558e-03	-1.0571204768e-02	-1.0571204768e-02	-1.0571204768e-02	-1.0571204768e-02	-1.2342473332e-02	-1.2342473332e-02	-1.2342473332e-02	-1.2342473332e-02	-1.1184821169e-02	-1.1184821169e-02	-1.1184821169e-02	-1.1184821169e-02	-7.3662881526e-03	-7.3662881526e-03	-7.3662881526e-03	-7.3662881526e-03	-1.4480377406e-03	-1.4480377406e-03	-1.4480377406e-03	-1.4480377406e-03	4.7963817217e-03	4.7963817217e-03	4.7963817217e-03	4.7963817217e-03	8.2401406508e-03	1.2974385499e-02	1.2974385499e-02	1.2974385499e-02	2.0310089098e-02	2.0310089098e-02	2.3148075666e-02	2.3148075666e-02	2.3148075666e-02	3.0319548278e-02	3.0319548278e-02	3.0319548278e-02	3.0319548278e-02	3.7225541284e-02	3.7225541284e-02	3.7225541284e-02	3.7225541284e-02	4.0498602192e-02	4.6660221777e-02	4.6660221777e-02	4.6660221777e-02	5.3413944041e-02	5.3413944041e-02	5.6770229481e-02	5.6770229481e-02	5.6770229481e-02	6.4296425511e-02	6.4296425511e-02	6.4296425511e-02	6.8557662014e-02	7.2039351181e-02	7.2039351181e-02	7.2039351181e-02	8.0706505997e-02	8.0706505997e-02	8.7065220951e-02	8.7065220951e-02	8.7065220951e-02	9.1565548908e-02	9.4690528682e-02	9.4690528682e-02	9.4690528682e-02	1.0401180969e-01	1.0722783558e-01	1.0722783558e-01	1.0722783558e-01	1.1198554974e-01	1.1800350272e-01	1.1800350272e-01	1.1800350272e-01	1.1800350272e-01	1.2821867760e-01	1.3074251778e-01	1.3074251778e-01	1.3074251778e-01	1.3634414897e-01	1.3955448124e-01	1.3955448124e-01	1.3955448124e-01	1.4779072726e-01	1.5144200029e-01	1.5144200029e-01	1.5781799891e-01	1.5781799891e-01	1.5854812333e-01	1.5854812333e-01	1.6780740775e-01	1.6780740775e-01	1.6780740775e-01	1.7364580259e-01	1.7364580259e-01	1.7364580259e-01	1.7949534449e-01	
135	0.0	-4.4310322121e-03	-4.4310322121e-03	-4.4310322121e-03	-1.0505538117e-02	-1.0505538117e-02	-1.0505538117e-02	-1.0505538117e-02	-1.2269307021e-02	-1.2269307021e-02	-1.2269307021e-02	-1.2269307021e-02	-1.1110062109e-02	-1.1110062109e-02	-1.1110062109e-02	-1.1110062109e-02	-7.2942799414e-03	-7.2942799414e-03	-7.2942799414e-03	-7.2942799414e-03	-1.3813669530e-03	-1.3813669530e-03	-1.3813669530e-03	-1.3813669530e-03	4.8570695754e-03	4.8570695754e-03	4.8570695754e-03	4.8570695754e-03	8.2961710653e-03	1.3027859675e-02	1.3027859675e-02	1.3027859675e-02	2.0353869962e-02	2.0353869962e-02	2.3190103265e-02	2.3190103265e-02	2.3190103265e-02	3.0354657950e-02	3.0354657950e-02	3.0354657950e-02	3.0354657950e-02	3.7254365553e-02	3.7254365553e-02	3.7254365553e-02	3.7254365553e-02	4.0522901200e-02	4.6680950998e-02	4.6680950998e-02	4.6680950998e-02	5.3424718554e-02	5.3424718554e-02	5.6779556819e-02	5.6779556819e-02	5.6779556819e-02	6.4298570057e-02	6.4298570057e-02	6.4298570057e-02	6.8553699859e-02	7.2033897759e-02	7.2033897759e-02	7.2033897759e-02	8.0688434411e-02	8.0688434411e-02	8.7044445511e-02	8.7044445511e-02	8.7044445511e-02	9.1538169370e-02	9.4661700554e-02	9.4661700554e-02	9.4661700554e-02	1.0396844591e-01	1.0718301493e-01	1.0718301493e-01	1.0718301493e-01	1.1193329051e-01	1.1794879773e-01	1.1794879773e-01	1.1794879773e-01	1.1794879773e-01	1.2814650974e-01	1.3066925055e-01	1.3066925055e-01	1.3066925055e-01	1.3626096555e-01	1.3947003876e-01	1.3947003876e-01	1.3947003876e-01	1.4769355584e-01	1.5134375423e-01	1.5134375423e-01	1.5770983347e-01	1.5770983347e-01	1.5844046784e-01	1.5844046784e-01	1.6768792266e-01	1.6768792266e-01	1.6768792266e-01	1.7352073351e-01	1.7352073351e-01	1.7352073351e-01	1.7936213148e-01	
136	0.0	-4.3843721829e-03	-4.3843721829e-03	-4.3843721829e-03	-1.0440611696e-02	-1.0440611696e-02	-1.0440611696e-02	-1.0440611696e-02	-1.2197156964e-02	-1.2197156964e-02	-1.2197156964e-02	-1.2197156964e-02	-1.1036410692e-02	-1.1036410692e-02	-1.1036410692e-02	-1.1036410692e-02	-7.2232558111e-03	-7.2232558111e-03	-7.2232558111e-03	-7.2232558111e-03	-1.3151631084e-03	-1.3151631084e-03	-1.3151631084e-03	-1.3151631084e-03	4.9181940113e-03	4.9181940113e-03	4.9181940113e-03	4.9181940113e-03	8.3536098091e-03	1.3082871821e-02	1.3082871821e-02	1.3082871821e-02	2.0401467661e-02	2.0401467661e-02	2.3236090417e-02	2.3236090417e-02	2.3236090417e-02	3.0394958133e-02	3.0394958133e-02	3.0394958133e-02	3.0394958133e-02	3.7289338930e-02	3.7289338930e-02	3.7289338930e-02	3.7289338930e-02	4.0553853106e-02	4.6708827401e-02	4.6708827401e-02	4.6708827401e-02	5.3443820692e-02	5.3443820692e-02	5.6797439281e-02	5.6797439281e-02	5.6797439281e-02	6.4310055888e-02	6.4310055888e-02	6.4310055888e-02	6.8559549461e-02	7.2038530310e-02	7.2038530310e-02	7.2038530310e-02	8.0681352019e-02	8.0681352019e-02	8.7035217571e-02	8.7035217571e-02	8.7035217571e-02	9.1522785987e-02	9.4645169566e-02	9.4645169566e-02	9.4645169566e-02	1.0393814060e-01	1.0715156635e-01	1.0715156635e-01	1.0715156635e-01	1.1189477492e-01	1.1790849945e-01	1.1790849945e-01	1.1790849945e-01	1.1790849945e-01	1.2808968892e-01	1.3061167803e-01	1.3061167803e-01	1.3061167803e-01	1.3619394568e-01	1.3940221923e-01	1.3940221923e-01	1.3940221923e-01	1.4761343293e-01	1.5126325464e-01	1.5126325464e-01	1.5761971465e-01	1.5761971465e-01	1.5835126808e-01	1.5835126808e-01	1.6758697208e-01	1.6758697208e-01	1.6758697208e-01	1.7341493697e-01	1.7341493697e-01	1.7341493697e-01	1.7924814618e-01	
137	0.0	-4.3384574576e-03	-4.3384574576e-03	-4.3384574576e-03	-1.0377400595e-02	-1.0377400595e-02	-1.0377400595e-02	-1.0377400595e-02	-1.2127111619e-02	-1.2127111619e-02	-1.2127111619e-02	-1.2127111619e-02	-1.0964987803e-02	-1.0964987803e-02	-1.0964987803e-02	-1.0964987803e-02	-7.1543097644e-03	-7.1543097644e-03	-7.1543097644e-03	-7.1543097644e-03	-1.2504663762e-03	-1.2504663762e-03	-1.2504663762e-03	-1.2504663762e-03	4.9787746072e-03	4.9787746072e-03	4.9787746072e-03	4.9787746072e-03	8.4115474397e-03	1.3138525076e-02	1.3138525076e-02	1.3138525076e-02	2.0452138918e-02	2.0452138918e-02	2.3285297416e-02	2.3285297416e-02	2.3285297416e-02	3.0439851571e-02	3.0439851571e-02	3.0439851571e-02	3.0439851571e-02	3.7330067835e-02	3.7330067835e-02	3.7330067835e-02	3.7330067835e-02	4.0591288936e-02	4.6743687994e-02	4.6743687994e-02	4.6743687994e-02	5.3471565734e-02	5.3471565734e-02	5.6824180077e-02	5.6824180077e-02	5.6824180077e-02	6.4331476995e-02	6.4331476995e-02	6.4331476995e-02	6.8576149742e-02	7.2054172898e-02	7.2054172898e-02	7.2054172898e-02	8.0686901581e-02	8.0686901581e-02	8.7039145259e-02	8.7039145259e-02	8.7039145259e-02	9.1521382649e-02	9.4642894930e-02	9.4642894930e-02	9.4642894930e-02	1.0392366023e-01	1.0713622845e-01	1.0713622845e-01	1.0713622845e-01	1.1187315915e-01	1.1788569491e-01	1.1788569491e-01	1.1788569491e-01	1.1788569491e-01	1.2805204876e-01	1.3057358937e-01	1.3057358937e-01	1.3057358937e-01	1.3614733642e-01	1.3935520343e-01	1.3935520343e-01	1.3935520343e-01	1.4755525665e-01	1.5120528054e-01	1.5120528054e-01	1.5755299151e-01	1.5755299151e-01	1.5828576366e-01	1.5828576366e-01	1.6751059476e-01	1.6751059476e-01	1.6751059476e-01	1.7333470928e-01	1.7333470928e-01	1.7333470928e-01	1.7916012325e-01	
138	0.0	-4.2937846535e-03	-4.2937846535e-03	-4.2937846535e-03	-1.0316529138e-02	-1.0316529138e-02	-1.0316529138e-02	-1.0316529138e-02	-1.2059823529e-02	-1.2059823529e-02	-1.2059823529e-02	-1.2059823529e-02	-1.0896421361e-02	-1.0896421361e-02	-1.0896421361e-02	-1.0896421361e-02	-7.0880393789e-03	-7.0880393789e-03	-7.0880393789e-03	-7.0880393789e-03	-1.1878732648e-03	-1.1878732648e-03	-1.1878732648e-03	-1.1878732648e-03	5.0381669256e-03	5.0381669256e-03	5.0381669256e-03	5.0381669256e-03	8.4692255105e-03	1.3194117257e-02	1.3194117257e-02	1.3194117257e-02	2.0504907243e-02	2.0504907243e-02	2.3336789710e-02	2.3336789710e-02	2.3336789710e-02	3.0488251958e-02	3.0488251958e-02	3.0488251958e-02	3.0488251958e-02	3.7375248308e-02	3.7375248308e-02	3.7375248308e-02	3.7375248308e-02	4.0633680006e-02	4.6784032161e-02	4.6784032161e-02	4.6784032161e-02	5.3505980782e-02	5.3505980782e-02	5.6857829872e-02	5.6857829872e-02	5.6857829872e-02	6.4360614145e-02	6.4360614145e-02	6.4360614145e-02	6.8600925560e-02	7.2078282297e-02	7.2078282297e-02	7.2078282297e-02	8.0701721954e-02	8.0701721954e-02	8.7052932401e-02	8.7052932401e-02	8.7052932401e-02	9.1530229565e-02	9.4651195407e-02	9.4651195407e-02	9.4651195407e-02	1.0392049349e-01	1.0713254500e-01	1.0713254500e-01	1.0713254500e-01	1.1186356716e-01	1.1787562327e-01	1.1787562327e-01	1.1787562327e-01	1.1787562327e-01	1.2802797074e-01	1.3054944768e-01	1.3054944768e-01	1.3054944768e-01	1.3611513173e-01	1.3932310436e-01	1.3932310436e-01	1.3932310436e-01	1.4751240250e-01	1.5116339762e-01	1.5116339762e-01	1.5750265382e-01	1.5750265382e-01	1.5823709407e-01	1.5823709407e-01	1.6745105606e-01	1.6745105606e-01	1.6745105606e-01	1.7327212021e-01	1.7327212021e-01	1.7327212021e-01	1.7908963303e-01	
139	0.0	-4.2508259358e-03	-4.2508259358e-03	-4.2508259358e-03	-1.0258575179e-02	-1.0258575179e-02	-1.0258575179e-02	-1.0258575179e-02	-1.1995920814e-02	-1.1995920814e-02	-1.1995920814e-02	-1.1995920814e-02	-1.0831364722e-02	-1.0831364722e-02	-1.0831364722e-02	-1.0831364722e-02	-7.0251034307e-03	-7.0251034307e-03	-7.0251034307e-03	-7.0251034307e-03	-1.1280518974e-03	-1.1280518974e-03	-1.1280518974e-03	-1.1280518974e-03	5.0956777968e-03	5.0956777968e-03	5.0956777968e-03	5.0956777968e-03	8.5259464552e-03	1.3248902112e-02	1.3248902112e-02	1.3248902112e-02	2.0558979801e-02	2.0558979801e-02	2.3389726010e-02	2.3389726010e-02	2.3389726010e-02	3.0539224356e-02	3.0539224356e-02	3.0539224356e-02	3.0539224356e-02	3.7423812122e-02	3.7423812122e-02	3.7423812122e-02	3.7423812122e-02	4.0679942127e-02	4.6828478250e-02	4.6828478250e-02	4.6828478250e-02	5.3545620566e-02	5.3545620566e-02	5.6896898735e-02	5.6896898735e-02	5.6896898735e-02	6.4395920534e-02	6.4395920534e-02	6.4395920534e-02	6.8632391503e-02	7.2109328250e-02	7.2109328250e-02	7.2109328250e-02	8.0724555296e-02	8.0724555296e-02	8.7075232437e-02	8.7075232437e-02	8.7075232437e-02	9.1548144680e-02	9.4668833510e-02	9.4668833510e-02	9.4668833510e-02	1.0392775570e-01	1.0713956963e-01	1.0713956963e-01	1.0713956963e-01	1.1186522914e-01	1.1787737635e-01	1.1787737635e-01	1.1787737635e-01	1.1787737635e-01	1.2801692144e-01	1.3053863630e-01	1.3053863630e-01	1.3053863630e-01	1.3609692174e-01	1.3930539610e-01	1.3930539610e-01	1.3930539610e-01	1.4748465984e-01	1.5113721015e-01	1.5113721015e-01	1.5746855362e-01	1.5746855362e-01	1.5820496840e-01	1.5820496840e-01	1.6740839993e-01	1.6740839993e-01	1.6740839993e-01	1.7322713106e-01	1.7322713106e-01	1.7322713106e-01	1.7903689079e-01	
140	0.0	-4.2098815084e-03	-4.2098815084e-03	-4.2098815084e-03	-1.0203848186e-02	-1.0203848186e-02	-1.0203848186e-02	-1.0203848186e-02	-1.1935699819e-02	-1.1935699819e-02	-1.1935699819e-02	-1.1935699819e-02	-1.0770088428e-02	-1.0770088428e-02	-1.0770088428e-02	-1.0770088428e-02	-6.9657207784e-03	-6.9657207784e-03	-6.9657207784e-03	-6.9657207784e-03	-1.0711623263e-03	-1.0711623263e-03	-1.0711623263e-03	-1.0711623263e-03	5.1511816288e-03	5.1511816288e-03	5.1511816288e-03	5.1511816288e-03	8.5815691998e-03	1.3302804131e-02	1.3302804131e-02	1.3302804131e-02	2.0614199885e-02	2.0614199885e-02	2.3443988748e-02	2.3443988748e-02	2.3443988748e-02	3.0592652605e-02	3.0592652605e-02	3.0592652605e-02	3.0592652605e-02	3.7475654683e-02	3.7475654683e-02	3.7475654683e-02	3.7475654683e-02	4.0729981559e-02	4.6876945379e-02	4.6876945379e-02	4.6876945379e-02	5.3590414411e-02	5.3590414411e-02	5.6941412017e-02	5.6941412017e-02	5.6941412017e-02	6.4437500965e-02	6.4437500965e-02	6.4437500965e-02	6.8670610893e-02	7.2147459228e-02	7.2147459228e-02	7.2147459228e-02	8.0755379183e-02	8.0755379183e-02	8.7106170620e-02	8.7106170620e-02	8.7106170620e-02	9.1575133880e-02	9.4695917899e-02	9.4695917899e-02	9.4695917899e-02	1.0394531500e-01	1.0715727471e-01	1.0715727471e-01	1.0715727471e-01	1.1187800183e-01	1.1789100951e-01	1.1789100951e-01	1.1789100951e-01	1.1789100951e-01	1.2801875713e-01	1.3054111993e-01	1.3054111993e-01	1.3054111993e-01	1.3609257459e-01	1.3930208318e-01	1.3930208318e-01	1.3930208318e-01	1.4747193189e-01	1.5112680432e-01	1.5112680432e-01	1.5745068613e-01	1.5745068613e-01	1.5818948108e-01	1.5818948108e-01	1.6738252402e-01	1.6738252402e-01	1.6738252402e-01	1.7319971253e-01	1.7319971253e-01	1.7319971253e-01	1.7900180145e-01	
141	0.0	-4.1716377487e-03	-4.1716377487e-03	-4.1716377487e-03	-1.0153271334e-02	-1.0153271334e-02	-1.0153271334e-02	-1.0153271334e-02	-1.1880200411e-02	-1.1880200411e-02	-1.1880200411e-02	-1.1880200411e-02	-1.0713692161e-02	-1.0713692161e-02	-1.0713692161e-02	-1.0713692161e-02	-6.9110271016e-03	-6.9110271016e-03	-6.9110271016e-03	-6.9110271016e-03	-1.0183958327e-03	-1.0183958327e-03	-1.0183958327e-03	-1.0183958327e-03	5.2033967847e-03	5.2033967847e-03	5.2033967847e-03	5.2033967847e-03	8.6347303615e-03	1.3354395118e-02	1.3354395118e-02	1.3354395118e-02	2.0668923992e-02	2.0668923992e-02	2.3497895418e-02	2.3497895418e-02	2.3497895418e-02	3.0646692719e-02	3.0646692719e-02	3.0646692719e-02	3.0646692719e-02	3.7528776365e-02	3.7528776365e-02	3.7528776365e-02	3.7528776365e-02	4.0781694177e-02	4.6927313916e-02	4.6927313916e-02	4.6927313916e-02	5.3638019218e-02	5.3638019218e-02	5.6988920364e-02	5.6988920364e-02	5.6988920364e-02	6.4482653939e-02	6.4482653939e-02	6.4482653939e-02	6.8712717464e-02	7.2189670386e-02	7.2189670386e-02	7.2189670386e-02	8.0790911983e-02	8.0790911983e-02	8.7142176257e-02	8.7142176257e-02	8.7142176257e-02	9.1607504422e-02	9.4728616258e-02	9.4728616258e-02	9.4728616258e-02	1.0396912208e-01	1.0718146983e-01	1.0718146983e-01	1.0718146983e-01	1.1189758417e-01	1.1791193791e-01	1.1791193791e-01	1.1791193791e-01	1.1791193791e-01	1.2802861698e-01	1.3055189845e-01	1.3055189845e-01	1.3055189845e-01	1.3609692176e-01	1.3930782473e-01	1.3930782473e-01	1.3930782473e-01	1.4746850321e-01	1.5112622622e-01	1.5112622622e-01	1.5744282625e-01	1.5744282625e-01	1.5818428156e-01	1.5818428156e-01	1.6736683652e-01	1.6736683652e-01	1.6736683652e-01	1.7318291666e-01	1.7318291666e-01	1.7318291666e-01	1.7897726547e-01	
142	0.0	-4.1362584024e-03	-4.1362584024e-03	-4.1362584024e-03	-1.0106978089e-02	-1.0106978089e-02	-1.0106978089e-02	-1.0106978089e-02	-1.1829541181e-02	-1.1829541181e-02	-1.1829541181e-02	-1.1829541181e-02	-1.0662274938e-02	-1.0662274938e-02	-1.0662274938e-02	-1.0662274938e-02	-6.8611112848e-03	-6.8611112848e-03	-6.8611112848e-03	-6.8611112848e-03	-9.6987337011e-04	-9.6987337011e-04	-9.6987337011e-04	-9.6987337011e-04	5.2521167164e-03	5.2521167164e-03	5.2521167164e-03	5.2521167164e-03	8.6850938917e-03	1.3403360660e-02	1.3403360660e-02	1.3403360660e-02	2.0722553260e-02	2.0722553260e-02	2.3550862010e-02	2.3550862010e-02	2.3550862010e-02	3.0700620195e-02	3.0700620195e-02	3.0700620195e-02	3.0700620195e-02	3.7582320596e-02	3.7582320596e-02	3.7582320596e-02	3.7582320596e-02	4.0834090717e-02	4.6978687059e-02	4.6978687059e-02	4.6978687059e-02	5.3687282060e-02	5.3687282060e-02	5.7038246835e-02	5.7038246835e-02	5.7038246835e-02	6.4530045428e-02	6.4530045428e-02	6.4530045428e-02	6.8757252260e-02	7.2234464634e-02	7.2234464634e-02	7.2234464634e-02	8.0829414203e-02	8.0829414203e-02	8.7181416270e-02	8.7181416270e-02	8.7181416270e-02	9.1643309337e-02	9.4764936194e-02	9.4764936194e-02	9.4764936194e-02	1.0399699535e-01	1.0720992305e-01	1.0720992305e-01	1.0720992305e-01	1.1192165759e-01	1.1793772782e-01	1.1793772782e-01	1.1793772782e-01	1.1793772782e-01	1.2804396121e-01	1.3056836572e-01	1.3056836572e-01	1.3056836572e-01	1.3610733084e-01	1.3931989457e-01	1.3931989457e-01	1.3931989457e-01	1.4747169197e-01	1.5113264187e-01	1.5113264187e-01	1.5744219803e-01	1.5744219803e-01	1.5818648201e-01	1.5818648201e-01	1.6735863363e-01	1.6735863363e-01	1.6735863363e-01	1.7317392251e-01	1.7317392251e-01	1.7317392251e-01	1.7896063044e-01	
143	0.0	-4.1038223847e-03	-4.1038223847e-03	-4.1038223847e-03	-1.0064967810e-02	-1.0064967810e-02	-1.0064967810e-02	-1.0064967810e-02	-1.1783680415e-02	-1.1783680415e-02	-1.1783680415e-02	-1.1783680415e-02	-1.0615763965e-02	-1.0615763965e-02	-1.0615763965e-02	-1.0615763965e-02	-6.8158927085e-03	-6.8158927085e-03	-6.8158927085e-03	-6.8158927085e-03	-9.2556227526e-04	-9.2556227526e-04	-9.2556227526e-04	-9.2556227526e-04	5.2972616962e-03	5.2972616962e-03	5.2972616962e-03	5.2972616962e-03	8.7324144732e-03	1.3449484059e-02	1.3449484059e-02	1.3449484059e-02	2.0774522956e-02	2.0774522956e-02	2.3602340921e-02	2.3602340921e-02	2.3602340921e-02	3.0753705908e-02	3.0753705908e-02	3.0753705908e-02	3.0753705908e-02	3.7635381767e-02	3.7635381767e-02	3.7635381767e-02	3.7635381767e-02	4.0886088199e-02	4.7030055723e-02	4.7030055723e-02	4.7030055723e-02	5.3736842158e-02	5.3736842158e-02	5.7088026032e-02	5.7088026032e-02	5.7088026032e-02	6.4578119513e-02	6.4578119513e-02	6.4578119513e-02	6.8802484603e-02	7.2280106406e-02	7.2280106406e-02	7.2280106406e-02	8.0868794565e-02	8.0868794565e-02	8.7221786037e-02	8.7221786037e-02	8.7221786037e-02	9.1680262410e-02	9.4802580506e-02	9.4802580506e-02	9.4802580506e-02	1.0402629275e-01	1.0723997875e-01	1.0723997875e-01	1.0723997875e-01	1.1194739201e-01	1.1796551051e-01	1.1796551051e-01	1.1796551051e-01	1.1796551051e-01	1.2806159939e-01	1.3058730833e-01	1.3058730833e-01	1.3058730833e-01	1.3612043231e-01	1.3933488770e-01	1.3933488770e-01	1.3933488770e-01	1.4747797984e-01	1.5114246763e-01	1.5114246763e-01	1.5744514875e-01	1.5744514875e-01	1.5819238135e-01	1.5819238135e-01	1.6735422515e-01	1.6735422515e-01	1.6735422515e-01	1.7316895999e-01	1.7316895999e-01	1.7316895999e-01	1.7894820870e-01	
144	0.0	-4.0745225167e-03	-4.0745225167e-03	-4.0745225167e-03	-1.0027471569e-02	-1.0027471569e-02	-1.0027471569e-02	-1.0027471569e-02	-1.1742881705e-02	-1.1742881705e-02	-1.1742881705e-02	-1.1742881705e-02	-1.0574443078e-02	-1.0574443078e-02	-1.0574443078e-02	-1.0574443078e-02	-6.7756694499e-03	-6.7756694499e-03	-6.7756694499e-03	-6.7756694499e-03	-8.8579952423e-04	-8.8579952423e-04	-8.8579952423e-04	-8.8579952423e-04	5.3384283021e-03	5.3384283021e-03	5.3384283021e-03	5.3384283021e-03	8.7762405849e-03	1.3492275822e-02	1.3492275822e-02	1.3492275822e-02	2.0824240100e-02	2.0824240100e-02	2.3651718613e-02	2.3651718613e-02	2.3651718613e-02	3.0805301388e-02	3.0805301388e-02	3.0805301388e-02	3.0805301388e-02	3.7687338384e-02	3.7687338384e-02	3.7687338384e-02	3.7687338384e-02	4.0937141429e-02	4.7080837005e-02	4.7080837005e-02	4.7080837005e-02	5.3786268615e-02	5.3786268615e-02	5.7137780940e-02	5.7137780940e-02	5.7137780940e-02	6.4626472875e-02	6.4626472875e-02	6.4626472875e-02	6.8848166502e-02	7.2326305421e-02	7.2326305421e-02	7.2326305421e-02	8.0909052646e-02	8.0909052646e-02	8.7263212826e-02	8.7263212826e-02	8.7263212826e-02	9.1718451644e-02	9.4841579671e-02	9.4841579671e-02	9.4841579671e-02	1.0405741434e-01	1.0727197599e-01	1.0727197599e-01	1.0727197599e-01	1.1197531902e-01	1.1799568611e-01	1.1799568611e-01	1.1799568611e-01	1.1799568611e-01	1.2808236098e-01	1.3060947945e-01	1.3060947945e-01	1.3060947945e-01	1.3613721308e-01	1.3935368616e-01	1.3935368616e-01	1.3935368616e-01	1.4748863517e-01	1.5115680630e-01	1.5115680630e-01	1.5745306590e-01	1.5745306590e-01	1.5820325771e-01	1.5820325771e-01	1.6735530623e-01	1.6735530623e-01	1.6735530623e-01	1.7316975948e-01	1.7316975948e-01	1.7316975948e-01	1.7894195220e-01	
145	0.0	-4.0484501606e-03	-4.0484501606e-03	-4.0484501606e-03	-9.9945690867e-03	-9.9945690867e-03	-9.9945690867e-03	-9.9945690867e-03	-1.1707223631e-02	-1.1707223631e-02	-1.1707223631e-02	-1.1707223631e-02	-1.0538390067e-02	-1.0538390067e-02	-1.0538390067e-02	-1.0538390067e-02	-6.7405257732e-03	-6.7405257732e-03	-6.7405257732e-03	-6.7405257732e-03	-8.5070688453e-04	-8.5070688453e-04	-8.5070688453e-04	-8.5070688453e-04	5.3754243858e-03	5.3754243858e-03	5.3754243858e-03	5.3754243858e-03	8.8163142430e-03	1.3531471461e-02	1.3531471461e-02	1.3531471461e-02	2.0871295983e-02	2.0871295983e-02	2.3698575761e-02	2.3698575761e-02	2.3698575761e-02	3.0854939971e-02	3.0854939971e-02	3.0854939971e-02	3.0854939971e-02	3.7737741157e-02	3.7737741157e-02	3.7737741157e-02	3.7737741157e-02	4.0986855812e-02	4.7130609945e-02	4.7130609945e-02	4.7130609945e-02	5.3835255684e-02	5.3835255684e-02	5.7187193816e-02	5.7187193816e-02	5.7187193816e-02	6.4674871547e-02	6.4674871547e-02	6.4674871547e-02	6.8894185273e-02	7.2372943215e-02	7.2372943215e-02	7.2372943215e-02	8.0950332055e-02	8.0950332055e-02	8.7305842508e-02	8.7305842508e-02	8.7305842508e-02	9.1758160251e-02	9.4882199485e-02	9.4882199485e-02	9.4882199485e-02	1.0409094052e-01	1.0730647658e-01	1.0730647658e-01	1.0730647658e-01	1.1200614821e-01	1.1802892202e-01	1.1802892202e-01	1.1802892202e-01	1.1802892202e-01	1.2810716848e-01	1.3063577342e-01	1.3063577342e-01	1.3063577342e-01	1.3615869252e-01	1.3937726859e-01	1.3937726859e-01	1.3937726859e-01	1.4750482683e-01	1.5117675797e-01	1.5117675797e-01	1.5746718661e-01	1.5746718661e-01	1.5822030341e-01	1.5822030341e-01	1.6736327905e-01	1.6736327905e-01	1.6736327905e-01	1.7317776324e-01	1.7317776324e-01	1.7317776324e-01	1.7894341606e-01	
146	0.0	-4.0256961897e-03	-4.0256961897e-03	-4.0256961897e-03	-9.9663521560e-03	-9.9663521560e-03	-9.9663521560e-03	-9.9663521560e-03	-1.1676804722e-02	-1.1676804722e-02	-1.1676804722e-02	-1.1676804722e-02	-1.0507710264e-02	-1.0507710264e-02	-1.0507710264e-02	-1.0507710264e-02	-6.7105783787e-03	-6.7105783787e-03	-6.7105783787e-03	-6.7105783787e-03	-8.2043755270e-04	-8.2043755270e-04	-8.2043755270e-04	-8.2043755270e-04	5.4080354249e-03	5.4080354249e-03	5.4080354249e-03	5.4080354249e-03	8.8523705327e-03	1.3566794875e-02	1.3566794875e-02	1.3566794875e-02	2.0915294657e-02	2.0915294657e-02	2.3742491893e-02	2.3742491893e-02	2.3742491893e-02	3.0902148358e-02	3.0902148358e-02	3.0902148358e-02	3.0902148358e-02	3.7786122942e-02	3.7786122942e-02	3.7786122942e-02	3.7786122942e-02	4.1034828267e-02	4.7178896011e-02	4.7178896011e-02	4.7178896011e-02	5.3883439940e-02	5.3883439940e-02	5.7235869201e-02	5.7235869201e-02	5.7235869201e-02	6.4722975747e-02	6.4722975747e-02	6.4722975747e-02	6.8940307185e-02	7.2419758213e-02	7.2419758213e-02	7.2419758213e-02	8.0992630654e-02	8.0992630654e-02	8.7349632800e-02	8.7349632800e-02	8.7349632800e-02	9.1799472466e-02	9.4924484283e-02	9.4924484283e-02	9.4924484283e-02	1.0412716289e-01	1.0734373067e-01	1.0734373067e-01	1.0734373067e-01	1.1204025747e-01	1.1806551026e-01	1.1806551026e-01	1.1806551026e-01	1.1806551026e-01	1.2813665987e-01	1.3066677386e-01	1.3066677386e-01	1.3066677386e-01	1.3618564537e-01	1.3940633441e-01	1.3940633441e-01	1.3940633441e-01	1.4752754186e-01	1.5120319025e-01	1.5120319025e-01	1.5748859139e-01	1.5748859139e-01	1.5824452061e-01	1.5824452061e-01	1.6737945216e-01	1.6737945216e-01	1.6737945216e-01	1.7319431103e-01	1.7319431103e-01	1.7319431103e-01	1.7895409592e-01	
147	0.0	-4.0062732499e-03	-4.0062732499e-03	-4.0062732499e-03	-9.9427864128e-03	-9.9427864128e-03	-9.9427864128e-03	-9.9427864128e-03	-1.1651573019e-02	-1.1651573019e-02	-1.1651573019e-02	-1.1651573019e-02	-1.0482348645e-02	-1.0482348645e-02	-1.0482348645e-02	-1.0482348645e-02	-6.6857879827e-03	-6.6857879827e-03	-6.6857879827e-03	-6.6857879827e-03	-7.9500472647e-04	-7.9500472647e-04	-7.9500472647e-04	-7.9500472647e-04	5.4361630031e-03	5.4361630031e-03	5.4361630031e-03	5.4361630031e-03	8.8842311900e-03	1.3598054859e-02	1.3598054859e-02	1.3598054859e-02	2.0955878565e-02	2.0955878565e-02	2.3783085495e-02	2.3783085495e-02	2.3783085495e-02	3.0946457058e-02	3.0946457058e-02	3.0946457058e-02	3.0946457058e-02	3.7831967401e-02	3.7831967401e-02	3.7831967401e-02	3.7831967401e-02	4.1080545242e-02	4.7225111985e-02	4.7225111985e-02	4.7225111985e-02	5.3930220900e-02	5.3930220900e-02	5.7283196208e-02	5.7283196208e-02	5.7283196208e-02	6.4770174769e-02	6.4770174769e-02	6.4770174769e-02	6.8985932983e-02	7.2466134291e-02	7.2466134291e-02	7.2466134291e-02	8.1035339397e-02	8.1035339397e-02	8.7393935538e-02	8.7393935538e-02	8.7393935538e-02	9.1841742931e-02	9.4967759115e-02	9.4967759115e-02	9.4967759115e-02	1.0416539571e-01	1.0738302393e-01	1.0738302393e-01	1.0738302393e-01	1.1207692985e-01	1.1810468050e-01	1.1810468050e-01	1.1810468050e-01	1.1810468050e-01	1.2817004250e-01	1.3070165962e-01	1.3070165962e-01	1.3070165962e-01	1.3621724100e-01	1.3944001848e-01	1.3944001848e-01	1.3944001848e-01	1.4755586285e-01	1.5123513822e-01	1.5123513822e-01	1.5751625256e-01	1.5751625256e-01	1.5827486609e-01	1.5827486609e-01	1.6740268412e-01	1.6740268412e-01	1.6740268412e-01	1.7321818913e-01	1.7321818913e-01	1.7321818913e-01	1.7897270165e-01	
148	0.0	-3.9902131560e-03	-3.9902131560e-03	-3.9902131560e-03	-9.9239112251e-03	-9.9239112251e-03	-9.9239112251e-03	-9.9239112251e-03	-1.1631582901e-02	-1.1631582901e-02	-1.1631582901e-02	-1.1631582901e-02	-1.0462374916e-02	-1.0462374916e-02	-1.0462374916e-02	-1.0462374916e-02	-6.6662345112e-03	-6.6662345112e-03	-6.6662345112e-03	-6.6662345112e-03	-7.7450219395e-04	-7.7450219395e-04	-7.7450219395e-04	-7.7450219395e-04	5.4596965796e-03	5.4596965796e-03	5.4596965796e-03	5.4596965796e-03	8.9117841185e-03	1.3625121999e-02	1.3625121999e-02	1.3625121999e-02	2.0992857433e-02	2.0992857433e-02	2.3820144130e-02	2.3820144130e-02	2.3820144130e-02	3.0987635484e-02	3.0987635484e-02	3.0987635484e-02	3.0987635484e-02	3.7875076602e-02	3.7875076602e-02	3.7875076602e-02	3.7875076602e-02	4.1123880915e-02	4.7269078782e-02	4.7269078782e-02	4.7269078782e-02	5.3975532731e-02	5.3975532731e-02	5.7329076406e-02	5.7329076406e-02	5.7329076406e-02	6.4816410355e-02	6.4816410355e-02	6.4816410355e-02	6.9031092625e-02	7.2512059903e-02	7.2512059903e-02	7.2512059903e-02	8.1078567559e-02	8.1078567559e-02	8.7438781711e-02	8.7438781711e-02	8.7438781711e-02	9.1885061065e-02	9.5012076453e-02	9.5012076453e-02	9.5012076453e-02	1.0420580356e-01	1.0742448502e-01	1.0742448502e-01	1.0742448502e-01	1.1211634698e-01	1.1814654617e-01	1.1814654617e-01	1.1814654617e-01	1.1814654617e-01	1.2820740902e-01	1.3074048509e-01	1.3074048509e-01	1.3074048509e-01	1.3625351067e-01	1.3947830286e-01	1.3947830286e-01	1.3947830286e-01	1.4758977971e-01	1.5127252004e-01	1.5127252004e-01	1.5755011837e-01	1.5755011837e-01	1.5831124555e-01	1.5831124555e-01	1.6743294017e-01	1.6743294017e-01	1.6743294017e-01	1.7324932110e-01	1.7324932110e-01	1.7324932110e-01	1.7899918033e-01	
149	0.0	-3.9774753810e-03	-3.9774753810e-03	-3.9774753810e-03	-9.9096688840e-03	-9.9096688840e-03	-9.9096688840e-03	-9.9096688840e-03	-1.1616773658e-02	-1.1616773658e-02	-1.1616773658e-02	-1.1616773658e-02	-1.0447731788e-02	-1.0447731788e-02	-1.0447731788e-02	-1.0447731788e-02	-6.6518727468e-03	-6.6518727468e-03	-6.6518727468e-03	-6.6518727468e-03	-7.5891404146e-04	-7.5891404146e-04	-7.5891404146e-04	-7.5891404146e-04	5.4786092350e-03	5.4786092350e-03	5.4786092350e-03	5.4786092350e-03	8.9349723171e-03	1.3647926658e-02	1.3647926658e-02	1.3647926658e-02	2.1026114740e-02	2.1026114740e-02	2.3853535374e-02	2.3853535374e-02	2.3853535374e-02	3.1025568612e-02	3.1025568612e-02	3.1025568612e-02	3.1025568612e-02	3.7915427338e-02	3.7915427338e-02	3.7915427338e-02	3.7915427338e-02	4.1164947342e-02	4.7310870865e-02	4.7310870865e-02	4.7310870865e-02	5.4019724929e-02	5.4019724929e-02	5.7373832982e-02	5.7373832982e-02	5.7373832982e-02	6.4862162562e-02	6.4862162562e-02	6.4862162562e-02	6.9076497503e-02	7.2558211539e-02	7.2558211539e-02	7.2558211539e-02	8.1123631559e-02	8.1123631559e-02	8.7485416397e-02	8.7485416397e-02	8.7485416397e-02	9.1931008452e-02	9.5058977480e-02	9.5058977480e-02	9.5058977480e-02	1.0425064805e-01	1.0747033082e-01	1.0747033082e-01	1.0747033082e-01	1.1216110250e-01	1.1819360288e-01	1.1819360288e-01	1.1819360288e-01	1.1819360288e-01	1.2825209574e-01	1.3078651918e-01	1.3078651918e-01	1.3078651918e-01	1.3629818600e-01	1.3952481966e-01	1.3952481966e-01	1.3952481966e-01	1.4763363995e-01	1.5131951496e-01	1.5131951496e-01	1.5759492138e-01	1.5759492138e-01	1.5835825425e-01	1.5835825425e-01	1.6747561023e-01	1.6747561023e-01	1.6747561023e-01	1.7329328242e-01	1.7329328242e-01	1.7329328242e-01	1.7903956287e-01	
150	0.0	-3.9674234846e-03	-3.9674234846e-03	-3.9674234846e-03	-9.8990146907e-03	-9.8990146907e-03	-9.8990146907e-03	-9.8990146907e-03	-1.1605888613e-02	-1.1605888613e-02	-1.1605888613e-02	-1.1605888613e-02	-1.0437035210e-02	-1.0437035210e-02	-1.0437035210e-02	-1.0437035210e-02	-6.6412687626e-03	-6.6412687626e-03	-6.6412687626e-03	-6.6412687626e-03	-7.4683403334e-04	-7.4683403334e-04	-7.4683403334e-04	-7.4683403334e-04	5.4941966790e-03	5.4941966790e-03	5.4941966790e-03	5.4941966790e-03	8.9548516403e-03	1.3667650426e-02	1.3667650426e-02	1.3667650426e-02	2.1056246592e-02	2.1056246592e-02	2.3883938353e-02	2.3883938353e-02	2.3883938353e-02	3.1060581757e-02	3.1060581757e-02	3.1060581757e-02	3.1060581757e-02	3.7952848797e-02	3.7952848797e-02	3.7952848797e-02	3.7952848797e-02	4.1202934918e-02	4.7349872805e-02	4.7349872805e-02	4.7349872805e-02	5.4060757183e-02	5.4060757183e-02	5.7415554242e-02	5.7415554242e-02	5.7415554242e-02	6.4904763690e-02	6.4904763690e-02	6.4904763690e-02	6.9118488260e-02	7.2601073433e-02	7.2601073433e-02	7.2601073433e-02	8.1164992018e-02	8.1164992018e-02	8.7528585168e-02	8.7528585168e-02	8.7528585168e-02	9.1973332953e-02	9.5102398022e-02	9.5102398022e-02	9.5102398022e-02	1.0429187729e-01	1.0751271201e-01	1.0751271201e-01	1.0751271201e-01	1.1220233846e-01	1.1823742058e-01	1.1823742058e-01	1.1823742058e-01	1.1823742058e-01	1.2829348862e-01	1.3082941226e-01	1.3082941226e-01	1.3082941226e-01	1.3633970963e-01	1.3956838306e-01	1.3956838306e-01	1.3956838306e-01	1.4767440383e-01	1.5136367325e-01	1.5136367325e-01	1.5763675837e-01	1.5763675837e-01	1.5840243970e-01	1.5840243970e-01	1.6751508940e-01	1.6751508940e-01	1.6751508940e-01	1.7333411455e-01	1.7333411455e-01	1.7333411455e-01	1.7907661933e-01	
151	0.0	-3.9603393583e-03	-3.9603393583e-03	-3.9603393583e-03	-9.8923923663e-03	-9.8923923663e-03	-9.8923923663e-03	-9.8923923663e-03	-1.1599472455e-02	-1.1599472455e-02	-1.1599472455e-02	-1.1599472455e-02	-1.0430908686e-02	-1.0430908686e-02	-1.0430908686e-02	-1.0430908686e-02	-6.6351051545e-03	-6.6351051545e-03	-6.6351051545e-03	-6.6351051545e-03	-7.3899644427e-04	-7.3899644427e-04	-7.3899644427e-04	-7.3899644427e-04	5.5056950911e-03	5.5056950911e-03	5.5056950911e-03	5.5056950911e-03	8.9707289058e-03	1.3683480620e-02	1.3683480620e-02	1.3683480620e-02	2.1082587018e-02	2.1082587018e-02	2.3910598708e-02	2.3910598708e-02	2.3910598708e-02	3.1091985030e-02	3.1091985030e-02	3.1091985030e-02	3.1091985030e-02	3.7986832650e-02	3.7986832650e-02	3.7986832650e-02	3.7986832650e-02	4.1237695823e-02	4.7385733626e-02	4.7385733626e-02	4.7385733626e-02	5.4099137637e-02	5.4099137637e-02	5.7454617696e-02	5.7454617696e-02	5.7454617696e-02	6.4945019080e-02	6.4945019080e-02	6.4945019080e-02	6.9158480266e-02	7.2641916007e-02	7.2641916007e-02	7.2641916007e-02	8.1205009400e-02	8.1205009400e-02	8.7570363519e-02	8.7570363519e-02	8.7570363519e-02	9.2014617707e-02	9.5144742571e-02	9.5144742571e-02	9.5144742571e-02	1.0433285967e-01	1.0755480611e-01	1.0755480611e-01	1.0755480611e-01	1.1224372158e-01	1.1828127071e-01	1.1828127071e-01	1.1828127071e-01	1.1828127071e-01	1.2833597013e-01	1.3087331559e-01	1.3087331559e-01	1.3087331559e-01	1.3638286487e-01	1.3961346203e-01	1.3961346203e-01	1.3961346203e-01	1.4771757211e-01	1.5141001744e-01	1.5141001744e-01	1.5768147760e-01	1.5768147760e-01	1.5844930475e-01	1.5844930475e-01	1.6755813616e-01	1.6755813616e-01	1.6755813616e-01	1.7337862684e-01	1.7337862684e-01	1.7337862684e-01	1.7911792137e-01	
152	0.0	-3.9559012411e-03	-3.9559012411e-03	-3.9559012411e-03	-9.8892736247e-03	-9.8892736247e-03	-9.8892736247e-03	-9.8892736247e-03	-1.1596895818e-02	-1.1596895818e-02	-1.1596895818e-02	-1.1596895818e-02	-1.0428672271e-02	-1.0428672271e-02	-1.0428672271e-02	-1.0428672271e-02	-6.6326975493e-03	-6.6326975493e-03	-6.6326975493e-03	-6.6326975493e-03	-7.3475842715e-04	-7.3475842715e-04	-7.3475842715e-04	-7.3475842715e-04	5.5136610861e-03	5.5136610861e-03	5.5136610861e-03	5.5136610861e-03	8.9830237306e-03	1.3695861494e-02	1.3695861494e-02	1.3695861494e-02	2.1105233608e-02	2.1105233608e-02	2.3933629873e-02	2.3933629873e-02	2.3933629873e-02	3.1119692703e-02	3.1119692703e-02	3.1119692703e-02	3.1119692703e-02	3.8017085422e-02	3.8017085422e-02	3.8017085422e-02	3.8017085422e-02	4.1268724751e-02	4.7417983381e-02	4.7417983381e-02	4.7417983381e-02	5.4133930536e-02	5.4133930536e-02	5.7490112910e-02	5.7490112910e-02	5.7490112910e-02	6.4981792973e-02	6.4981792973e-02	6.4981792973e-02	6.9195116275e-02	7.2679409123e-02	7.2679409123e-02	7.2679409123e-02	8.1241946936e-02	8.1241946936e-02	8.7609065875e-02	8.7609065875e-02	8.7609065875e-02	9.2052958444e-02	9.5184138234e-02	9.5184138234e-02	9.5184138234e-02	1.0437121982e-01	1.0759427020e-01	1.0759427020e-01	1.0759427020e-01	1.1228263990e-01	1.1832260636e-01	1.1832260636e-01	1.1832260636e-01	1.1832260636e-01	1.2837637160e-01	1.3091509827e-01	1.3091509827e-01	1.3091509827e-01	1.3642417557e-01	1.3965663155e-01	1.3965663155e-01	1.3965663155e-01	1.4775927463e-01	1.5145475441e-01	1.5145475441e-01	1.5772494848e-01	1.5772494848e-01	1.5849477727e-01	1.5849477727e-01	1.6760023699e-01	1.6760023699e-01	1.6760023699e-01	1.7342217284e-01	1.7342217284e-01	1.7342217284e-01	1.7915857511e-01	
153	0.0	-3.9538935904e-03	-3.9538935904e-03	-3.9538935904e-03	-9.8893241466e-03	-9.8893241466e-03	-9.8893241466e-03	-9.8893241466e-03	-1.1597779807e-02	-1.1597779807e-02	-1.1597779807e-02	-1.1597779807e-02	-1.0429939714e-02	-1.0429939714e-02	-1.0429939714e-02	-1.0429939714e-02	-6.6336833583e-03	-6.6336833583e-03	-6.6336833583e-03	-6.6336833583e-03	-7.3381273034e-04	-7.3381273034e-04	-7.3381273034e-04	-7.3381273034e-04	5.5183225237e-03	5.5183225237e-03	5.5183225237e-03	5.5183225237e-03	8.9918860289e-03	1.3704912094e-02	1.3704912094e-02	1.3704912094e-02	2.1124139924e-02	2.1124139924e-02	2.3952963223e-02	2.3952963223e-02	2.3952963223e-02	3.1143529251e-02	3.1143529251e-02	3.1143529251e-02	3.1143529251e-02	3.8043347595e-02	3.8043347595e-02	3.8043347595e-02	3.8043347595e-02	4.1295717339e-02	4.7446265796e-02	4.7446265796e-02	4.7446265796e-02	5.4164662319e-02	5.4164662319e-02	5.7521537124e-02	5.7521537124e-02	5.7521537124e-02	6.5014485453e-02	6.5014485453e-02	6.5014485453e-02	6.9227741573e-02	7.2712866815e-02	7.2712866815e-02	7.2712866815e-02	8.1275051515e-02	8.1275051515e-02	8.7643877511e-02	8.7643877511e-02	8.7643877511e-02	9.2087521302e-02	9.5219712890e-02	9.5219712890e-02	9.5219712890e-02	1.0440605346e-01	1.0763015982e-01	1.0763015982e-01	1.0763015982e-01	1.1231813147e-01	1.1836038399e-01	1.1836038399e-01	1.1836038399e-01	1.1836038399e-01	1.2841360903e-01	1.3095363090e-01	1.3095363090e-01	1.3095363090e-01	1.3646249306e-01	1.3969668350e-01	1.3969668350e-01	1.3969668350e-01	1.4779836903e-01	1.5149665488e-01	1.5149665488e-01	1.5776600797e-01	1.5776600797e-01	1.5853764033e-01	1.5853764033e-01	1.6764037508e-01	1.6764037508e-01	1.6764037508e-01	1.7346377919e-01	1.7346377919e-01	1.7346377919e-01	1.7919762775e-01	
154	0.0	-3.9541128078e-03	-3.9541128078e-03	-3.9541128078e-03	-9.8922490257e-03	-9.8922490257e-03	-9.8922490257e-03	-9.8922490257e-03	-1.1601799209e-02	-1.1601799209e-02	-1.1601799209e-02	-1.1601799209e-02	-1.0434387466e-02	-1.0434387466e-02	-1.0434387466e-02	-1.0434387466e-02	-6.6377651727e-03	-6.6377651727e-03	-6.6377651727e-03	-6.6377651727e-03	-7.3590977376e-04	-7.3590977376e-04	-7.3590977376e-04	-7.3590977376e-04	5.5198695518e-03	5.5198695518e-03	5.5198695518e-03	5.5198695518e-03	8.9974641015e-03	1.3710747768e-02	1.3710747768e-02	1.3710747768e-02	2.1139359763e-02	2.1139359763e-02	2.3968629515e-02	2.3968629515e-02	2.3968629515e-02	3.1163496691e-02	3.1163496691e-02	3.1163496691e-02	3.1163496691e-02	3.8065634672e-02	3.8065634672e-02	3.8065634672e-02	3.8065634672e-02	4.1318741497e-02	4.7470594964e-02	4.7470594964e-02	4.7470594964e-02	5.4191444953e-02	5.4191444953e-02	5.7548973442e-02	5.7548973442e-02	5.7548973442e-02	6.5043207961e-02	6.5043207961e-02	6.5043207961e-02	6.9256522766e-02	7.2742425188e-02	7.2742425188e-02	7.2742425188e-02	8.1304568299e-02	8.1304568299e-02	8.7674983797e-02	8.7674983797e-02	8.7674983797e-02	9.2118553716e-02	9.5251676968e-02	9.5251676968e-02	9.5251676968e-02	1.0443768819e-01	1.0766276391e-01	1.0766276391e-01	1.0766276391e-01	1.1235053696e-01	1.1839486569e-01	1.1839486569e-01	1.1839486569e-01	1.1839486569e-01	1.2844797976e-01	1.3098916573e-01	1.3098916573e-01	1.3098916573e-01	1.3649806527e-01	1.3973380556e-01	1.3973380556e-01	1.3973380556e-01	1.4783501712e-01	1.5153578997e-01	1.5153578997e-01	1.5780469126e-01	1.5780469126e-01	1.5857787079e-01	1.5857787079e-01	1.6767848496e-01	1.6767848496e-01	1.6767848496e-01	1.7350323298e-01	1.7350323298e-01	1.7350323298e-01	1.7923494292e-01	
155	0.0	-3.9563279496e-03	-3.9563279496e-03	-3.9563279496e-03	-9.8977281148e-03	-9.8977281148e-03	-9.8977281148e-03	-9.8977281148e-03	-1.1608601785e-02	-1.1608601785e-02	-1.1608601785e-02	-1.1608601785e-02	-1.0441659285e-02	-1.0441659285e-02	-1.0441659285e-02	-1.0441659285e-02	-6.6446017964e-03	-6.6446017964e-03	-6.6446017964e-03	-6.6446017964e-03	-7.4073608158e-04	-7.4073608158e-04	-7.4073608158e-04	-7.4073608158e-04	5.5185838271e-03	5.5185838271e-03	5.5185838271e-03	5.5185838271e-03	9.0000199246e-03	1.3713618501e-02	1.3713618501e-02	1.3713618501e-02	2.1151117314e-02	2.1151117314e-02	2.3980844644e-02	2.3980844644e-02	2.3980844644e-02	3.1179816655e-02	3.1179816655e-02	3.1179816655e-02	3.1179816655e-02	3.8084206178e-02	3.8084206178e-02	3.8084206178e-02	3.8084206178e-02	4.1338103102e-02	4.7491258463e-02	4.7491258463e-02	4.7491258463e-02	5.4214647413e-02	5.4214647413e-02	5.7572785997e-02	5.7572785997e-02	5.7572785997e-02	6.5068371535e-02	6.5068371535e-02	6.5068371535e-02	6.9281917212e-02	7.2768538055e-02	7.2768538055e-02	7.2768538055e-02	8.1331029655e-02	8.1331029655e-02	8.7702910467e-02	8.7702910467e-02	8.7702910467e-02	9.2146621527e-02	9.5280592994e-02	9.5280592994e-02	9.5280592994e-02	1.0446675939e-01	1.0769271490e-01	1.0769271490e-01	1.0769271490e-01	1.1238052736e-01	1.1842671808e-01	1.1842671808e-01	1.1842671808e-01	1.1842671808e-01	1.2848022141e-01	1.3102243842e-01	1.3102243842e-01	1.3102243842e-01	1.3653165764e-01	1.3976876060e-01	1.3976876060e-01	1.3976876060e-01	1.4786999566e-01	1.5157293230e-01	1.5157293230e-01	1.5784177363e-01	1.5784177363e-01	1.5861624392e-01	1.5861624392e-01	1.6771533263e-01	1.6771533263e-01	1.6771533263e-01	1.7354129129e-01	1.7354129129e-01	1.7354129129e-01	1.7927134746e-01	
156	0.0	-3.9602934748e-03	-3.9602934748e-03	-3.9602934748e-03	-9.9054165818e-03	-9.9054165818e-03	-9.9054165818e-03	-9.9054165818e-03	-1.1617802620e-02	-1.1617802620e-02	-1.1617802620e-02	-1.1617802620e-02	-1.0451361001e-02	-1.0451361001e-02	-1.0451361001e-02	-1.0451361001e-02	-6.6538137597e-03	-6.6538137597e-03	-6.6538137597e-03	-6.6538137597e-03	-7.4794523185e-04	-7.4794523185e-04	-7.4794523185e-04	-7.4794523185e-04	5.5147666269e-03	5.5147666269e-03	5.5147666269e-03	5.5147666269e-03	8.9998078747e-03	1.3713768505e-02	1.3713768505e-02	1.3713768505e-02	2.1159554252e-02	2.1159554252e-02	2.3989741586e-02	2.3989741586e-02	2.3989741586e-02	3.1192555295e-02	3.1192555295e-02	3.1192555295e-02	3.1192555295e-02	3.8099058445e-02	3.8099058445e-02	3.8099058445e-02	3.8099058445e-02	4.1353728586e-02	4.7508162192e-02	4.7508162192e-02	4.7508162192e-02	5.4234010307e-02	5.4234010307e-02	5.7592708477e-02	5.7592708477e-02	5.7592708477e-02	6.5089602771e-02	6.5089602771e-02	6.5089602771e-02	6.9303437293e-02	7.2790711826e-02	7.2790711826e-02	7.2790711826e-02	8.1353696256e-02	8.1353696256e-02	8.7726907563e-02	8.7726907563e-02	8.7726907563e-02	9.2170843290e-02	9.5305574620e-02	9.5305574620e-02	9.5305574620e-02	1.0449208792e-01	1.0771882940e-01	1.0771882940e-01	1.0771882940e-01	1.1240678361e-01	1.1845461707e-01	1.1845461707e-01	1.1845461707e-01	1.1845461707e-01	1.2850896110e-01	1.3105207552e-01	1.3105207552e-01	1.3105207552e-01	1.3656190025e-01	1.3980018032e-01	1.3980018032e-01	1.3980018032e-01	1.4790195316e-01	1.5160673776e-01	1.5160673776e-01	1.5787592529e-01	1.5787592529e-01	1.5865144274e-01	1.5865144274e-01	1.6774962500e-01	1.6774962500e-01	1.6774962500e-01	1.7357671132e-01	1.7357671132e-01	1.7357671132e-01	1.7930557730e-01	
157	0.0	-3.9657426982e-03	-3.9657426982e-03	-3.9657426982e-03	-9.9149383742e-03	-9.9149383742e-03	-9.9149383742e-03	-9.9149383742e-03	-1.1628979401e-02	-1.1628979401e-02	-1.1628979401e-02	-1.1628979401e-02	-1.0463055557e-02	-1.0463055557e-02	-1.0463055557e-02	-1.0463055557e-02	-6.6649724928e-03	-6.6649724928e-03	-6.6649724928e-03	-6.6649724928e-03	-7.5713307139e-04	-7.5713307139e-04	-7.5713307139e-04	-7.5713307139e-04	5.5087887949e-03	5.5087887949e-03	5.5087887949e-03	5.5087887949e-03	8.9971626425e-03	1.3711531552e-02	1.3711531552e-02	1.3711531552e-02	2.1164935482e-02	2.1164935482e-02	2.3995584138e-02	2.3995584138e-02	2.3995584138e-02	3.1201943445e-02	3.1201943445e-02	3.1201943445e-02	3.1201943445e-02	3.8110394445e-02	3.8110394445e-02	3.8110394445e-02	3.8110394445e-02	4.1365789907e-02	4.7521477039e-02	4.7521477039e-02	4.7521477039e-02	5.4249630628e-02	5.4249630628e-02	5.7608842892e-02	5.7608842892e-02	5.7608842892e-02	6.5106967785e-02	6.5106967785e-02	6.5106967785e-02	6.9321102145e-02	7.2808972255e-02	7.2808972255e-02	7.2808972255e-02	8.1372484254e-02	8.1372484254e-02	8.7746904329e-02	8.7746904329e-02	8.7746904329e-02	9.2191087714e-02	9.5326499876e-02	9.5326499876e-02	9.5326499876e-02	1.0451345350e-01	1.0774089753e-01	1.0774089753e-01	1.0774089753e-01	1.1242905091e-01	1.1847833241e-01	1.1847833241e-01	1.1847833241e-01	1.1847833241e-01	1.2853373391e-01	1.3107762844e-01	1.3107762844e-01	1.3107762844e-01	1.3658819287e-01	1.3982748830e-01	1.3982748830e-01	1.3982748830e-01	1.4793009490e-01	1.5163645207e-01	1.5163645207e-01	1.5790622339e-01	1.5790622339e-01	1.5868257960e-01	1.5868257960e-01	1.6778022551e-01	1.6778022551e-01	1.6778022551e-01	1.7360829979e-01	1.7360829979e-01	1.7360829979e-01	1.7933633148e-01	
158	0.0	-3.9724419720e-03	-3.9724419720e-03	-3.9724419720e-03	-9.9259654537e-03	-9.9259654537e-03	-9.9259654537e-03	-9.9259654537e-03	-1.1641765745e-02	-1.1641765745e-02	-1.1641765745e-02	-1.1641765745e-02	-1.0476368604e-02	-1.0476368604e-02	-1.0476368604e-02	-1.0476368604e-02	-6.6777189228e-03	-6.6777189228e-03	-6.6777189228e-03	-6.6777189228e-03	-7.6797133459e-04	-7.6797133459e-04	-7.6797133459e-04	-7.6797133459e-04	5.5009414913e-03	5.5009414913e-03	5.5009414913e-03	5.5009414913e-03	8.9923443244e-03	1.3707152522e-02	1.3707152522e-02	1.3707152522e-02	2.1167448733e-02	2.1167448733e-02	2.3998549178e-02	2.3998549178e-02	2.3998549178e-02	3.1208117614e-02	3.1208117614e-02	3.1208117614e-02	3.1208117614e-02	3.8118312560e-02	3.8118312560e-02	3.8118312560e-02	3.8118312560e-02	4.1374356788e-02	4.7531248521e-02	4.7531248521e-02	4.7531248521e-02	5.4261493141e-02	5.4261493141e-02	5.7621163055e-02	5.7621163055e-02	5.7621163055e-02	6.5120397405e-02	6.5120397405e-02	6.5120397405e-02	6.9334813712e-02	7.2823209822e-02	7.2823209822e-02	7.2823209822e-02	8.1387226981e-02	8.1387226981e-02	8.7762711507e-02	8.7762711507e-02	8.7762711507e-02	9.2207134768e-02	9.5343136050e-02	9.5343136050e-02	9.5343136050e-02	1.0453055723e-01	1.0775860735e-01	1.0775860735e-01	1.0775860735e-01	1.1244698229e-01	1.1849749326e-01	1.1849749326e-01	1.1849749326e-01	1.1849749326e-01	1.2855407018e-01	1.3109861551e-01	1.3109861551e-01	1.3109861551e-01	1.3660999825e-01	1.3985013266e-01	1.3985013266e-01	1.3985013266e-01	1.4795382762e-01	1.5166146380e-01	1.5166146380e-01	1.5793202979e-01	1.5793202979e-01	1.5870901050e-01	1.5870901050e-01	1.6780649009e-01	1.6780649009e-01	1.6780649009e-01	1.7363540593e-01	1.7363540593e-01	1.7363540593e-01	1.7936295044e-01	
159	0.0	-3.9801496787e-03	-3.9801496787e-03	-3.9801496787e-03	-9.9381589935e-03	-9.9381589935e-03	-9.9381589935e-03	-9.9381589935e-03	-1.1655782480e-02	-1.1655782480e-02	-1.1655782480e-02	-1.1655782480e-02	-1.0490910556e-02	-1.0490910556e-02	-1.0490910556e-02	-1.0490910556e-02	-6.6916748772e-03	-6.6916748772e-03	-6.6916748772e-03	-6.6916748772e-03	-7.8010554797e-04	-7.8010554797e-04	-7.8010554797e-04	-7.8010554797e-04	5.4915522795e-03	5.4915522795e-03	5.4915522795e-03	5.4915522795e-03	8.9856580758e-03	1.3700927994e-02	1.3700927994e-02	1.3700927994e-02	2.1167353199e-02	2.1167353199e-02	2.3998891735e-02	2.3998891735e-02	2.3998891735e-02	3.1211311974e-02	3.1211311974e-02	3.1211311974e-02	3.1211311974e-02	3.8123029034e-02	3.8123029034e-02	3.8123029034e-02	3.8123029034e-02	4.1379628050e-02	4.7537668929e-02	4.7537668929e-02	4.7537668929e-02	5.4269753111e-02	5.4269753111e-02	5.7629824924e-02	5.7629824924e-02	5.7629824924e-02	6.5130029833e-02	6.5130029833e-02	6.5130029833e-02	6.9344694120e-02	7.2833548382e-02	7.2833548382e-02	7.2833548382e-02	8.1398018139e-02	8.1398018139e-02	8.7774426171e-02	8.7774426171e-02	8.7774426171e-02	9.2219066007e-02	9.5355568573e-02	9.5355568573e-02	9.5355568573e-02	1.0454343899e-01	1.0777200331e-01	1.0777200331e-01	1.0777200331e-01	1.1246059348e-01	1.1851212770e-01	1.1851212770e-01	1.1851212770e-01	1.1851212770e-01	1.2856990838e-01	1.3111498432e-01	1.3111498432e-01	1.3111498432e-01	1.3662720609e-01	1.3986801680e-01	1.3986801680e-01	1.3986801680e-01	1.4797293677e-01	1.5168158302e-01	1.5168158302e-01	1.5795307530e-01	1.5795307530e-01	1.5873049019e-01	1.5873049019e-01	1.6782812195e-01	1.6782812195e-01	1.6782812195e-01	1.7365774741e-01	1.7365774741e-01	1.7365774741e-01	1.7938510999e-01	
160	0.0	-3.9886250631e-03	-3.9886250631e-03	-3.9886250631e-03	-9.9511828408e-03	-9.9511828408e-03	-9.9511828408e-03	-9.9511828408e-03	-1.1670653401e-02	-1.1670653401e-02	-1.1670653401e-02	-1.1670653401e-02	-1.0506294106e-02	-1.0506294106e-02	-1.0506294106e-02	-1.0506294106e-02	-6.7064626491e-03	-6.7064626491e-03	-6.7064626491e-03	-6.7064626491e-03	-7.9317715095e-04	-7.9317715095e-04	-7.9317715095e-04	-7.9317715095e-04	5.4809604512e-03	5.4809604512e-03	5.4809604512e-03	5.4809604512e-03	8.9774292432e-03	1.3693177057e-02	1.3693177057e-02	1.3693177057e-02	2.1164949677e-02	2.1164949677e-02	2.3996910232e-02	2.3996910232e-02	2.3996910232e-02	3.1211816990e-02	3.1211816990e-02	3.1211816990e-02	3.1211816990e-02	3.8124829552e-02	3.8124829552e-02	3.8124829552e-02	3.8124829552e-02	4.1381883199e-02	4.7541014018e-02	4.7541014018e-02	4.7541014018e-02	5.4274672701e-02	5.4274672701e-02	5.7635092614e-02	5.7635092614e-02	5.7635092614e-02	6.5136124364e-02	6.5136124364e-02	6.5136124364e-02	6.9350997051e-02	7.2840244254e-02	7.2840244254e-02	7.2840244254e-02	8.1405103975e-02	8.1405103975e-02	8.7782299540e-02	8.7782299540e-02	8.7782299540e-02	9.2227128308e-02	9.5364048356e-02	9.5364048356e-02	9.5364048356e-02	1.0455232641e-01	1.0778131739e-01	1.0778131739e-01	1.0778131739e-01	1.1247009980e-01	1.1852246232e-01	1.1852246232e-01	1.1852246232e-01	1.1852246232e-01	1.2858140803e-01	1.3112690191e-01	1.3112690191e-01	1.3112690191e-01	1.3663993954e-01	1.3988127479e-01	1.3988127479e-01	1.3988127479e-01	1.4798749197e-01	1.5169689866e-01	1.5169689866e-01	1.5796939811e-01	1.5796939811e-01	1.5874707454e-01	1.5874707454e-01	1.6784511551e-01	1.6784511551e-01	1.6784511551e-01	1.7367531277e-01	1.7367531277e-01	1.7367531277e-01	1.7940276023e-01	
161	0.0	-3.9976452121e-03	-3.9976452121e-03	-3.9976452121e-03	-9.9647302365e-03	-9.9647302365e-03	-9.9647302365e-03	-9.9647302365e-03	-1.1686037216e-02	-1.1686037216e-02	-1.1686037216e-02	-1.1686037216e-02	-1.0522169649e-02	-1.0522169649e-02	-1.0522169649e-02	-1.0522169649e-02	-6.7217424377e-03	-6.7217424377e-03	-6.7217424377e-03	-6.7217424377e-03	-8.0686212396e-04	-8.0686212396e-04	-8.0686212396e-04	-8.0686212396e-04	5.4694780571e-03	5.4694780571e-03	5.4694780571e-03	5.4694780571e-03	8.9679664385e-03	1.3684200297e-02	1.3684200297e-02	1.3684200297e-02	2.1160539341e-02	2.1160539341e-02	2.3992902613e-02	2.3992902613e-02	2.3992902613e-02	3.1209931535e-02	3.1209931535e-02	3.1209931535e-02	3.1209931535e-02	3.8124015431e-02	3.8124015431e-02	3.8124015431e-02	3.8124015431e-02	4.1381423735e-02	4.7541579588e-02	4.7541579588e-02	4.7541579588e-02	5.4276548860e-02	5.4276548860e-02	5.7637263838e-02	5.7637263838e-02	5.7637263838e-02	6.5138980457e-02	6.5138980457e-02	6.5138980457e-02	6.9354023886e-02	7.2843600278e-02	7.2843600278e-02	7.2843600278e-02	8.1408795017e-02	8.1408795017e-02	8.7786645132e-02	8.7786645132e-02	8.7786645132e-02	9.2231640738e-02	9.5368897256e-02	9.5368897256e-02	9.5368897256e-02	1.0455754544e-01	1.0778687859e-01	1.0778687859e-01	1.0778687859e-01	1.1247583051e-01	1.1852883489e-01	1.1852883489e-01	1.1852883489e-01	1.1852883489e-01	1.2858888398e-01	1.3113468896e-01	1.3113468896e-01	1.3113468896e-01	1.3664850087e-01	1.3989021727e-01	1.3989021727e-01	1.3989021727e-01	1.4799776270e-01	1.5170769529e-01	1.5170769529e-01	1.5798124619e-01	1.5798124619e-01	1.5875902569e-01	1.5875902569e-01	1.6785767761e-01	1.6785767761e-01	1.6785767761e-01	1.7368830062e-01	1.7368830062e-01	1.7368830062e-01	1.7941606536e-01	
162	0.0	-4.0070107083e-03	-4.0070107083e-03	-4.0070107083e-03	-9.9785286782e-03	-9.9785286782e-03	-9.9785286782e-03	-9.9785286782e-03	-1.1701632015e-02	-1.1701632015e-02	-1.1701632015e-02	-1.1701632015e-02	-1.0538230427e-02	-1.0538230427e-02	-1.0538230427e-02	-1.0538230427e-02	-6.7372195518e-03	-6.7372195518e-03	-6.7372195518e-03	-6.7372195518e-03	-8.2088113340e-04	-8.2088113340e-04	-8.2088113340e-04	-8.2088113340e-04	5.4573783883e-03	5.4573783883e-03	5.4573783883e-03	5.4573783883e-03	8.9575512092e-03	1.3674266576e-02	1.3674266576e-02	1.3674266576e-02	2.1154411793e-02	2.1154411793e-02	2.3987152169e-02	2.3987152169e-02	2.3987152169e-02	3.1205946333e-02	3.1205946333e-02	3.1205946333e-02	3.1205946333e-02	3.8120883776e-02	3.8120883776e-02	3.8120883776e-02	3.8120883776e-02	4.1378551729e-02	4.7539655239e-02	4.7539655239e-02	4.7539655239e-02	5.4275678223e-02	5.4275678223e-02	5.7636631888e-02	5.7636631888e-02	5.7636631888e-02	6.5138889932e-02	6.5138889932e-02	6.5138889932e-02	6.9354066440e-02	7.2843905723e-02	7.2843905723e-02	7.2843905723e-02	8.1409380079e-02	8.1409380079e-02	8.7787747724e-02	8.7787747724e-02	8.7787747724e-02	9.2232888212e-02	9.5370399197e-02	9.5370399197e-02	9.5370399197e-02	1.0455937444e-01	1.0778896465e-01	1.0778896465e-01	1.0778896465e-01	1.1247805958e-01	1.1853152119e-01	1.1853152119e-01	1.1853152119e-01	1.1853152119e-01	1.2859258022e-01	1.3113859228e-01	1.3113859228e-01	1.3113859228e-01	1.3665311373e-01	1.3989507316e-01	1.3989507316e-01	1.3989507316e-01	1.4800391981e-01	1.5171415583e-01	1.5171415583e-01	1.5798875218e-01	1.5798875218e-01	1.5876649011e-01	1.5876649011e-01	1.6786587823e-01	1.6786587823e-01	1.6786587823e-01	1.7369676211e-01	1.7369676211e-01	1.7369676211e-01	1.7942502622e-01	
163	0.0	-4.0165768418e-03	-4.0165768418e-03	-4.0165768418e-03	-9.9924035292e-03	-9.9924035292e-03	-9.9924035292e-03	-9.9924035292e-03	-1.1717255624e-02	-1.1717255624e-02	-1.1717255624e-02	-1.1717255624e-02	-1.0554299585e-02	-1.0554299585e-02	-1.0554299585e-02	-1.0554299585e-02	-6.7527279501e-03	-6.7527279501e-03	-6.7527279501e-03	-6.7527279501e-03	-8.3507065524e-04	-8.3507065524e-04	-8.3507065524e-04	-8.3507065524e-04	5.4448428280e-03	5.4448428280e-03	5.4448428280e-03	5.4448428280e-03	8.9464060611e-03	1.3663582692e-02	1.3663582692e-02	1.3663582692e-02	2.1146866132e-02	2.1146866132e-02	2.3979949438e-02	2.3979949438e-02	2.3979949438e-02	3.1200209711e-02	3.1200209711e-02	3.1200209711e-02	3.1200209711e-02	3.8115855247e-02	3.8115855247e-02	3.8115855247e-02	3.8115855247e-02	4.1373765481e-02	4.7535720215e-02	4.7535720215e-02	4.7535720215e-02	5.4272703790e-02	5.4272703790e-02	5.7633831278e-02	5.7633831278e-02	5.7633831278e-02	6.5136577199e-02	6.5136577199e-02	6.5136577199e-02	6.9351956324e-02	7.2841982894e-02	7.2841982894e-02	7.2841982894e-02	8.1407902507e-02	8.1407902507e-02	8.7786632195e-02	8.7786632195e-02	8.7786632195e-02	9.2232010662e-02	9.5369682389e-02	9.5369682389e-02	9.5369682389e-02	1.0455917869e-01	1.0778892800e-01	1.0778892800e-01	1.0778892800e-01	1.1247826211e-01	1.1853197039e-01	1.1853197039e-01	1.1853197039e-01	1.1853197039e-01	1.2859419756e-01	1.3114029619e-01	1.3114029619e-01	1.3114029619e-01	1.3665559721e-01	1.3989763782e-01	1.3989763782e-01	1.3989763782e-01	1.4800793732e-01	1.5171821724e-01	1.5171821724e-01	1.5799398784e-01	1.5799398784e-01	1.5877151235e-01	1.5877151235e-01	1.6787195088e-01	1.6787195088e-01	1.6787195088e-01	1.7370298362e-01	1.7370298362e-01	1.7370298362e-01	1.7943202309e-01	
164	0.0	-4.0264084806e-03	-4.0264084806e-03	-4.0264084806e-03	-1.0006524225e-02	-1.0006524225e-02	-1.0006524225e-02	-1.0006524225e-02	-1.1733137388e-02	-1.1733137388e-02	-1.1733137388e-02	-1.1733137388e-02	-1.0570649421e-02	-1.0570649421e-02	-1.0570649421e-02	-1.0570649421e-02	-6.7685619269e-03	-6.7685619269e-03	-6.7685619269e-03	-6.7685619269e-03	-8.4971462040e-04	-8.4971462040e-04	-8.4971462040e-04	-8.4971462040e-04	5.4316399181e-03	5.4316399181e-03	5.4316399181e-03	5.4316399181e-03	8.9344108529e-03	1.3651980869e-02	1.3651980869e-02	1.3651980869e-02	2.1137980507e-02	2.1137980507e-02	2.3971341494e-02	2.3971341494e-02	2.3971341494e-02	3.1192918819e-02	3.1192918819e-02	3.1192918819e-02	3.1192918819e-02	3.8109326965e-02	3.8109326965e-02	3.8109326965e-02	3.8109326965e-02	4.1367698465e-02	4.7530337237e-02	4.7530337237e-02	4.7530337237e-02	5.4268681924e-02	5.4268681924e-02	5.7629875963e-02	5.7629875963e-02	5.7629875963e-02	6.5133313144e-02	6.5133313144e-02	6.5133313144e-02	6.9349295256e-02	7.2839386341e-02	7.2839386341e-02	7.2839386341e-02	8.1406595333e-02	8.1406595333e-02	8.7785438179e-02	8.7785438179e-02	8.7785438179e-02	9.2231499488e-02	9.5369179567e-02	9.5369179567e-02	9.5369179567e-02	1.0456011749e-01	1.0778986495e-01	1.0778986495e-01	1.0778986495e-01	1.1247990774e-01	1.1853352031e-01	1.1853352031e-01	1.1853352031e-01	1.1853352031e-01	1.2859786618e-01	1.3114384886e-01	1.3114384886e-01	1.3114384886e-01	1.3666043329e-01	1.3990227812e-01	1.3990227812e-01	1.3990227812e-01	1.4801480661e-01	1.5172468825e-01	1.5172468825e-01	1.5800224006e-01	1.5800224006e-01	1.5877924411e-01	1.5877924411e-01	1.6788172313e-01	1.6788172313e-01	1.6788172313e-01	1.7371291795e-01	1.7371291795e-01	1.7371291795e-01	1.7944336171e-01	
165	0.0	-4.0361587636e-03	-4.0361587636e-03	-4.0361587636e-03	-1.0020381225e-02	-1.0020381225e-02	-1.0020381225e-02	-1.0020381225e-02	-1.1748679519e-02	-1.1748679519e-02	-1.1748679519e-02	-1.1748679519e-02	-1.0586627017e-02	-1.0586627017e-02	-1.0586627017e-02	-1.0586627017e-02	-6.7840382107e-03	-6.7840382107e-03	-6.7840382107e-03	-6.7840382107e-03	-8.6410655304e-04	-8.6410655304e-04	-8.6410655304e-04	-8.6410655304e-04	5.4184920511e-03	5.4184920511e-03	5.4184920511e-03	5.4184920511e-03	8.9222547589e-03	1.3640217626e-02	1.3640217626e-02	1.3640217626e-02	2.1128424861e-02	2.1128424861e-02	2.3962048760e-02	2.3962048760e-02	2.3962048760e-02	3.1184766152e-02	3.1184766152e-02	3.1184766152e-02	3.1184766152e-02	3.8101916810e-02	3.8101916810e-02	3.8101916810e-02	3.8101916810e-02	4.1360810782e-02	4.7524085762e-02	4.7524085762e-02	4.7524085762e-02	5.4263847605e-02	5.4263847605e-02	5.7625082666e-02	5.7625082666e-02	5.7625082666e-02	6.5129278362e-02	6.5129278362e-02	6.5129278362e-02	6.9346005130e-02	7.2836129555e-02	7.2836129555e-02	7.2836129555e-02	8.1404923498e-02	8.1404923498e-02	8.7783811415e-02	8.7783811415e-02	8.7783811415e-02	9.2230710876e-02	9.5368361655e-02	9.5368361655e-02	9.5368361655e-02	1.0456105539e-01	1.0779076253e-01	1.0779076253e-01	1.0779076253e-01	1.1248167309e-01	1.1853510366e-01	1.1853510366e-01	1.1853510366e-01	1.1853510366e-01	1.2860183820e-01	1.3114765386e-01	1.3114765386e-01	1.3114765386e-01	1.3666564854e-01	1.3990722769e-01	1.3990722769e-01	1.3990722769e-01	1.4802215479e-01	1.5173151432e-01	1.5173151432e-01	1.5801097636e-01	1.5801097636e-01	1.5878738269e-01	1.5878738269e-01	1.6789216471e-01	1.6789216471e-01	1.6789216471e-01	1.7372356336e-01	1.7372356336e-01	1.7372356336e-01	1.7945559191e-01	
166	0.0	-4.0457579689e-03	-4.0457579689e-03	-4.0457579689e-03	-1.0033905709e-02	-1.0033905709e-02	-1.0033905709e-02	-1.0033905709e-02	-1.1763817232e-02	-1.1763817232e-02	-1.1763817232e-02	-1.1763817232e-02	-1.0602174932e-02	-1.0602174932e-02	-1.0602174932e-02	-1.0602174932e-02	-6.7991055429e-03	-6.7991055429e-03	-6.7991055429e-03	-6.7991055429e-03	-8.7819017255e-04	-8.7819017255e-04	-8.7819017255e-04	-8.7819017255e-04	5.4054770331e-03	5.4054770331e-03	5.4054770331e-03	5.4054770331e-03	8.9100516499e-03	1.3628394987e-02	1.3628394987e-02	1.3628394987e-02	2.1118379615e-02	2.1118379615e-02	2.3952245317e-02	2.3952245317e-02	2.3952245317e-02	3.1175962683e-02	3.1175962683e-02	3.1175962683e-02	3.1175962683e-02	3.8093869820e-02	3.8093869820e-02	3.8093869820e-02	3.8093869820e-02	4.1353381396e-02	4.7517231627e-02	4.7517231627e-02	4.7517231627e-02	5.4258540513e-02	5.4258540513e-02	5.7619785624e-02	5.7619785624e-02	5.7619785624e-02	6.5124840899e-02	6.5124840899e-02	6.5124840899e-02	6.9342492542e-02	7.2832613580e-02	7.2832613580e-02	7.2832613580e-02	8.1403363900e-02	8.1403363900e-02	8.7782218991e-02	8.7782218991e-02	8.7782218991e-02	9.2230150836e-02	9.5367727782e-02	9.5367727782e-02	9.5367727782e-02	1.0456257342e-01	1.0779219410e-01	1.0779219410e-01	1.0779219410e-01	1.1248417507e-01	1.1853732345e-01	1.1853732345e-01	1.1853732345e-01	1.1853732345e-01	1.2860686304e-01	1.3115245286e-01	1.3115245286e-01	1.3115245286e-01	1.3667206974e-01	1.3991330308e-01	1.3991330308e-01	1.3991330308e-01	1.4803090660e-01	1.5173960777e-01	1.5173960777e-01	1.5802119258e-01	1.5802119258e-01	1.5879691218e-01	1.5879691218e-01	1.6790437254e-01	1.6790437254e-01	1.6790437254e-01	1.7373604915e-01	1.7373604915e-01	1.7373604915e-01	1.7946992207e-01	
167	0.0	-4.0551634134e-03	-4.0551634134e-03	-4.0551634134e-03	-1.0047062131e-02	-1.0047062131e-02	-1.0047062131e-02	-1.0047062131e-02	-1.1778520038e-02	-1.1778520038e-02	-1.1778520038e-02	-1.1778520038e-02	-1.0617270335e-02	-1.0617270335e-02	-1.0617270335e-02	-1.0617270335e-02	-6.8137494830e-03	-6.8137494830e-03	-6.8137494830e-03	-6.8137494830e-03	-8.9195147861e-04	-8.9195147861e-04	-8.9195147861e-04	-8.9195147861e-04	5.3926211304e-03	5.3926211304e-03	5.3926211304e-03	5.3926211304e-03	8.8978526017e-03	1.3616549192e-02	1.3616549192e-02	1.3616549192e-02	2.1107934560e-02	2.1107934560e-02	2.3942012622e-02	2.3942012622e-02	2.3942012622e-02	3.1166601731e-02	3.1166601731e-02	3.1166601731e-02	3.1166601731e-02	3.8085278198e-02	3.8085278198e-02	3.8085278198e-02	3.8085278198e-02	4.1345500836e-02	4.7509847253e-02	4.7509847253e-02	4.7509847253e-02	5.4252830055e-02	5.4252830055e-02	5.7614045389e-02	5.7614045389e-02	5.7614045389e-02	6.5120043282e-02	6.5120043282e-02	6.5120043282e-02	6.9338785110e-02	7.2828856916e-02	7.2828856916e-02	7.2828856916e-02	8.1401899581e-02	8.1401899581e-02	8.7780627232e-02	8.7780627232e-02	8.7780627232e-02	9.2229765996e-02	9.5367215098e-02	9.5367215098e-02	9.5367215098e-02	1.0456456217e-01	1.0779404042e-01	1.0779404042e-01	1.0779404042e-01	1.1248726880e-01	1.1854001641e-01	1.1854001641e-01	1.1854001641e-01	1.1854001641e-01	1.2861275607e-01	1.3115805210e-01	1.3115805210e-01	1.3115805210e-01	1.3667948299e-01	1.3992027904e-01	1.3992027904e-01	1.3992027904e-01	1.4804079798e-01	1.5174869042e-01	1.5174869042e-01	1.5803258186e-01	1.5803258186e-01	1.5880751906e-01	1.5880751906e-01	1.6791798988e-01	1.6791798988e-01	1.6791798988e-01	1.7374997829e-01	1.7374997829e-01	1.7374997829e-01	1.7948593435e-01	
168	0.0	-4.0642396141e-03	-4.0642396141e-03	-4.0642396141e-03	-1.0059663413e-02	-1.0059663413e-02	-1.0059663413e-02	-1.0059663413e-02	-1.1792574822e-02	-1.1792574822e-02	-1.1792574822e-02	-1.1792574822e-02	-1.0631686446e-02	-1.0631686446e-02	-1.0631686446e-02	-1.0631686446e-02	-6.8277379951e-03	-6.8277379951e-03	-6.8277379951e-03	-6.8277379951e-03	-9.0515226355e-04	-9.0515226355e-04	-9.0515226355e-04	-9.0515226355e-04	5.3801718297e-03	5.3801718297e-03	5.3801718297e-03	5.3801718297e-03	8.8859038426e-03	1.3604939313e-02	1.3604939313e-02	1.3604939313e-02	2.1097348470e-02	2.1097348470e-02	2.3931621069e-02	2.3931621069e-02	2.3931621069e-02	3.1156945052e-02	3.1156945052e-02	3.1156945052e-02	3.1156945052e-02	3.8076368125e-02	3.8076368125e-02	3.8076368125e-02	3.8076368125e-02	4.1337334361e-02	4.7502126019e-02	4.7502126019e-02	4.7502126019e-02	5.4246786808e-02	5.4246786808e-02	5.7607953117e-02	5.7607953117e-02	5.7607953117e-02	6.5114916429e-02	6.5114916429e-02	6.5114916429e-02	6.9334818462e-02	7.2824818196e-02	7.2824818196e-02	7.2824818196e-02	8.1400291178e-02	8.1400291178e-02	8.7778842323e-02	8.7778842323e-02	8.7778842323e-02	9.2229259463e-02	9.5366555347e-02	9.5366555347e-02	9.5366555347e-02	1.0456654050e-01	1.0779585062e-01	1.0779585062e-01	1.0779585062e-01	1.1249039513e-01	1.1854268736e-01	1.1854268736e-01	1.1854268736e-01	1.1854268736e-01	1.2861868752e-01	1.3116366008e-01	1.3116366008e-01	1.3116366008e-01	1.3668693217e-01	1.3992725188e-01	1.3992725188e-01	1.3992725188e-01	1.4805069766e-01	1.5175771354e-01	1.5175771354e-01	1.5804392309e-01	1.5804392309e-01	1.5881804258e-01	1.5881804258e-01	1.6793161383e-01	1.6793161383e-01	1.6793161383e-01	1.7376392257e-01	1.7376392257e-01	1.7376392257e-01	1.7950206558e-01	
169	0.0	-4.0729088810e-03	-4.0729088810e-03	-4.0729088810e-03	-1.0071612764e-02	-1.0071612764e-02	-1.0071612764e-02	-1.0071612764e-02	-1.1805876218e-02	-1.1805876218e-02	-1.1805876218e-02	-1.1805876218e-02	-1.0645314857e-02	-1.0645314857e-02	-1.0645314857e-02	-1.0645314857e-02	-6.8409619612e-03	-6.8409619612e-03	-6.8409619612e-03	-6.8409619612e-03	-9.1767772100e-04	-9.1767772100e-04	-9.1767772100e-04	-9.1767772100e-04	5.3682571052e-03	5.3682571052e-03	5.3682571052e-03	5.3682571052e-03	8.8743463341e-03	1.3593708792e-02	1.3593708792e-02	1.3593708792e-02	2.1086800796e-02	2.1086800796e-02	2.3921254139e-02	2.3921254139e-02	2.3921254139e-02	3.1147188267e-02	3.1147188267e-02	3.1147188267e-02	3.1147188267e-02	3.8067331609e-02	3.8067331609e-02	3.8067331609e-02	3.8067331609e-02	4.1329058642e-02	4.7494255019e-02	4.7494255019e-02	4.7494255019e-02	5.4240576228e-02	5.4240576228e-02	5.7601683052e-02	5.7601683052e-02	5.7601683052e-02	6.5109626266e-02	6.5109626266e-02	6.5109626266e-02	6.9330736655e-02	7.2820651566e-02	7.2820651566e-02	7.2820651566e-02	8.1398650617e-02	8.1398650617e-02	8.7776996687e-02	8.7776996687e-02	8.7776996687e-02	9.2228742455e-02	9.5365872709e-02	9.5365872709e-02	9.5365872709e-02	1.0456859907e-01	1.0779772904e-01	1.0779772904e-01	1.0779772904e-01	1.1249364557e-01	1.1854545773e-01	1.1854545773e-01	1.1854545773e-01	1.1854545773e-01	1.2862477426e-01	1.3116941240e-01	1.3116941240e-01	1.3116941240e-01	1.3669454937e-01	1.3993437994e-01	1.3993437994e-01	1.3993437994e-01	1.4806076165e-01	1.5176687672e-01	1.5176687672e-01	1.5805541300e-01	1.5805541300e-01	1.5882871230e-01	1.5882871230e-01	1.6794546853e-01	1.6794546853e-01	1.6794546853e-01	1.7377817076e-01	1.7377817076e-01	1.7377817076e-01	1.7951852070e-01	
170	0.0	-4.0811398376e-03	-4.0811398376e-03	-4.0811398376e-03	-1.0082884001e-02	-1.0082884001e-02	-1.0082884001e-02	-1.0082884001e-02	-1.1818401174e-02	-1.1818401174e-02	-1.1818401174e-02	-1.1818401174e-02	-1.0658136027e-02	-1.0658136027e-02	-1.0658136027e-02	-1.0658136027e-02	-6.8534038327e-03	-6.8534038327e-03	-6.8534038327e-03	-6.8534038327e-03	-9.2950479387e-04	-9.2950479387e-04	-9.2950479387e-04	-9.2950479387e-04	5.3569154319e-03	5.3569154319e-03	5.3569154319e-03	5.3569154319e-03	8.8632402654e-03	1.3582913313e-02	1.3582913313e-02	1.3582913313e-02	2.1076401813e-02	2.1076401813e-02	2.3911020502e-02	2.3911020502e-02	2.3911020502e-02	3.1137460272e-02	3.1137460272e-02	3.1137460272e-02	3.1137460272e-02	3.8058306099e-02	3.8058306099e-02	3.8058306099e-02	3.8058306099e-02	4.1320815134e-02	4.7486371928e-02	4.7486371928e-02	4.7486371928e-02	5.4234350696e-02	5.4234350696e-02	5.7595386208e-02	5.7595386208e-02	5.7595386208e-02	6.5104326061e-02	6.5104326061e-02	6.5104326061e-02	6.9326694351e-02	7.2816509791e-02	7.2816509791e-02	7.2816509791e-02	8.1397133371e-02	8.1397133371e-02	8.7775241895e-02	8.7775241895e-02	8.7775241895e-02	9.2228367836e-02	9.5365316772e-02	9.5365316772e-02	9.5365316772e-02	1.0457089154e-01	1.0779982522e-01	1.0779982522e-01	1.0779982522e-01	1.1249717111e-01	1.1854846988e-01	1.1854846988e-01	1.1854846988e-01	1.1854846988e-01	1.2863116102e-01	1.3117544761e-01	1.3117544761e-01	1.3117544761e-01	1.3670247150e-01	1.3994179056e-01	1.3994179056e-01	1.3994179056e-01	1.4807110252e-01	1.5177627754e-01	1.5177627754e-01	1.5806713330e-01	1.5806713330e-01	1.5883959653e-01	1.5883959653e-01	1.6795958179e-01	1.6795958179e-01	1.6795958179e-01	1.7379268435e-01	1.7379268435e-01	1.7379268435e-01	1.7953529047e-01	
171	0.0	-4.0888865821e-03	-4.0888865821e-03	-4.0888865821e-03	-1.0093424379e-02	-1.0093424379e-02	-1.0093424379e-02	-1.0093424379e-02	-1.1830093208e-02	-1.1830093208e-02	-1.1830093208e-02	-1.1830093208e-02	-1.0670092066e-02	-1.0670092066e-02	-1.0670092066e-02	-1.0670092066e-02	-6.8650046405e-03	-6.8650046405e-03	-6.8650046405e-03	-6.8650046405e-03	-9.4056800701e-04	-9.4056800701e-04	-9.4056800701e-04	-9.4056800701e-04	5.3462257578e-03	5.3462257578e-03	5.3462257578e-03	5.3462257578e-03	8.8526781357e-03	1.3572647992e-02	1.3572647992e-02	1.3572647992e-02	2.1066281702e-02	2.1066281702e-02	2.3901053999e-02	2.3901053999e-02	2.3901053999e-02	3.1127906700e-02	3.1127906700e-02	3.1127906700e-02	3.1127906700e-02	3.8049433360e-02	3.8049433360e-02	3.8049433360e-02	3.8049433360e-02	4.1312729847e-02	4.7478612788e-02	4.7478612788e-02	4.7478612788e-02	5.4228219196e-02	5.4228219196e-02	5.7589179556e-02	5.7589179556e-02	5.7589179556e-02	6.5099119738e-02	6.5099119738e-02	6.5099119738e-02	6.9322768526e-02	7.2812479165e-02	7.2812479165e-02	7.2812479165e-02	8.1395771094e-02	8.1395771094e-02	8.7773628535e-02	8.7773628535e-02	8.7773628535e-02	9.2228157833e-02	9.5364922195e-02	9.5364922195e-02	9.5364922195e-02	1.0457339685e-01	1.0780213134e-01	1.0780213134e-01	1.0780213134e-01	1.1250093587e-01	1.1855171623e-01	1.1855171623e-01	1.1855171623e-01	1.1855171623e-01	1.2863778541e-01	1.3118172040e-01	1.3118172040e-01	1.3118172040e-01	1.3671062381e-01	1.3994943227e-01	1.3994943227e-01	1.3994943227e-01	1.4808161705e-01	1.5178584950e-01	1.5178584950e-01	1.5807897447e-01	1.5807897447e-01	1.5885061231e-01	1.5885061231e-01	1.6797378598e-01	1.6797378598e-01	1.6797378598e-01	1.7380729239e-01	1.7380729239e-01	1.7380729239e-01	1.7955214458e-01	
172	0.0	-4.0961683891e-03	-4.0961683891e-03	-4.0961683891e-03	-1.0103282700e-02	-1.0103282700e-02	-1.0103282700e-02	-1.0103282700e-02	-1.1841016836e-02	-1.1841016836e-02	-1.1841016836e-02	-1.1841016836e-02	-1.0681258603e-02	-1.0681258603e-02	-1.0681258603e-02	-1.0681258603e-02	-6.8758461791e-03	-6.8758461791e-03	-6.8758461791e-03	-6.8758461791e-03	-9.5094668502e-04	-9.5094668502e-04	-9.5094668502e-04	-9.5094668502e-04	5.3361219232e-03	5.3361219232e-03	5.3361219232e-03	5.3361219232e-03	8.8426184670e-03	1.3562858735e-02	1.3562858735e-02	1.3562858735e-02	2.1056444212e-02	2.1056444212e-02	2.3891350796e-02	2.3891350796e-02	2.3891350796e-02	3.1118541452e-02	3.1118541452e-02	3.1118541452e-02	3.1118541452e-02	3.8040736191e-02	3.8040736191e-02	3.8040736191e-02	3.8040736191e-02	4.1304837736e-02	4.7470996693e-02	4.7470996693e-02	4.7470996693e-02	5.4222230857e-02	5.4222230857e-02	5.7583103174e-02	5.7583103174e-02	5.7583103174e-02	6.5094051602e-02	6.5094051602e-02	6.5094051602e-02	6.9319015416e-02	7.2808606775e-02	7.2808606775e-02	7.2808606775e-02	8.1394635471e-02	8.1394635471e-02	8.7772211589e-02	8.7772211589e-02	8.7772211589e-02	9.2228180207e-02	9.5364747391e-02	9.5364747391e-02	9.5364747391e-02	1.0457620203e-01	1.0780472491e-01	1.0780472491e-01	1.0780472491e-01	1.1250503238e-01	1.1855527152e-01	1.1855527152e-01	1.1855527152e-01	1.1855527152e-01	1.2864476238e-01	1.3118833686e-01	1.3118833686e-01	1.3118833686e-01	1.3671913681e-01	1.3995742474e-01	1.3995742474e-01	1.3995742474e-01	1.4809246220e-01	1.5179573647e-01	1.5179573647e-01	1.5809110923e-01	1.5809110923e-01	1.5886192571e-01	1.5886192571e-01	1.6798827513e-01	1.6798827513e-01	1.6798827513e-01	1.7382219078e-01	1.7382219078e-01	1.7382219078e-01	1.7956927694e-01	
173	0.0	-4.1029657526e-03	-4.1029657526e-03	-4.1029657526e-03	-1.0112440352e-02	-1.0112440352e-02	-1.0112440352e-02	-1.0112440352e-02	-1.1851151527e-02	-1.1851151527e-02	-1.1851151527e-02	-1.1851151527e-02	-1.0691611877e-02	-1.0691611877e-02	-1.0691611877e-02	-1.0691611877e-02	-6.8858992283e-03	-6.8858992283e-03	-6.8858992283e-03	-6.8858992283e-03	-9.6059946342e-04	-9.6059946342e-04	-9.6059946342e-04	-9.6059946342e-04	5.3266639271e-03	5.3266639271e-03	5.3266639271e-03	5.3266639271e-03	8.8331371427e-03	1.3553629793e-02	1.3553629793e-02	1.3553629793e-02	2.1047011088e-02	2.1047011088e-02	2.3882039216e-02	2.3882039216e-02	2.3882039216e-02	3.1109511982e-02	3.1109511982e-02	3.1109511982e-02	3.1109511982e-02	3.8032368958e-02	3.8032368958e-02	3.8032368958e-02	3.8032368958e-02	4.1297286923e-02	4.7463686971e-02	4.7463686971e-02	4.7463686971e-02	5.4216540413e-02	5.4216540413e-02	5.7577321661e-02	5.7577321661e-02	5.7577321661e-02	6.5089286599e-02	6.5089286599e-02	6.5089286599e-02	6.9315585865e-02	7.2805054034e-02	7.2805054034e-02	7.2805054034e-02	8.1393858750e-02	8.1393858750e-02	8.7771143979e-02	8.7771143979e-02	8.7771143979e-02	9.2228572259e-02	9.5364941701e-02	9.5364941701e-02	9.5364941701e-02	1.0457942506e-01	1.0780773621e-01	1.0780773621e-01	1.0780773621e-01	1.1250957496e-01	1.1855927532e-01	1.1855927532e-01	1.1855927532e-01	1.1855927532e-01	1.2865220429e-01	1.3119542326e-01	1.3119542326e-01	1.3119542326e-01	1.3672812357e-01	1.3996589919e-01	1.3996589919e-01	1.3996589919e-01	1.4810375385e-01	1.5180608217e-01	1.5180608217e-01	1.5810367012e-01	1.5810367012e-01	1.5887368685e-01	1.5887368685e-01	1.6800317655e-01	1.6800317655e-01	1.6800317655e-01	1.7383752436e-01	1.7383752436e-01	1.7383752436e-01	1.7958681542e-01	
174	0.0	-4.1092757663e-03	-4.1092757663e-03	-4.1092757663e-03	-1.0120899606e-02	-1.0120899606e-02	-1.0120899606e-02	-1.0120899606e-02	-1.1860499554e-02	-1.1860499554e-02	-1.1860499554e-02	-1.1860499554e-02	-1.0701151602e-02	-1.0701151602e-02	-1.0701151602e-02	-1.0701151602e-02	-6.8951579455e-03	-6.8951579455e-03	-6.8951579455e-03	-6.8951579455e-03	-9.6950883405e-04	-9.6950883405e-04	-9.6950883405e-04	-9.6950883405e-04	5.3178862175e-03	5.3178862175e-03	5.3178862175e-03	5.3178862175e-03	8.8242821461e-03	1.3545016848e-02	1.3545016848e-02	1.3545016848e-02	2.1038068968e-02	2.1038068968e-02	2.3873211980e-02	2.3873211980e-02	2.3873211980e-02	3.1100925714e-02	3.1100925714e-02	3.1100925714e-02	3.1100925714e-02	3.8024441645e-02	3.8024441645e-02	3.8024441645e-02	3.8024441645e-02	4.1290177897e-02	4.7456798598e-02	4.7456798598e-02	4.7456798598e-02	5.4211247045e-02	5.4211247045e-02	5.7571943387e-02	5.7571943387e-02	5.7571943387e-02	6.5084928603e-02	6.5084928603e-02	6.5084928603e-02	6.9312565072e-02	7.2801916078e-02	7.2801916078e-02	7.2801916078e-02	8.1393496975e-02	8.1393496975e-02	8.7770501294e-02	8.7770501294e-02	8.7770501294e-02	9.2229388801e-02	9.5365571270e-02	9.5365571270e-02	9.5365571270e-02	1.0458308965e-01	1.0781120051e-01	1.0781120051e-01	1.0781120051e-01	1.1251457744e-01	1.1856376520e-01	1.1856376520e-01	1.1856376520e-01	1.1856376520e-01	1.2866010674e-01	1.3120298822e-01	1.3120298822e-01	1.3120298822e-01	1.3673757107e-01	1.3997485953e-01	1.3997485953e-01	1.3997485953e-01	1.4811547117e-01	1.5181689165e-01	1.5181689165e-01	1.5811664420e-01	1.5811664420e-01	1.5888589894e-01	1.5888589894e-01	1.6801846612e-01	1.6801846612e-01	1.6801846612e-01	1.7385328151e-01	1.7385328151e-01	1.7385328151e-01	1.7960473205e-01	
175	0.0	-4.1151286698e-03	-4.1151286698e-03	-4.1151286698e-03	-1.0128710620e-02	-1.0128710620e-02	-1.0128710620e-02	-1.0128710620e-02	-1.1869119286e-02	-1.1869119286e-02	-1.1869119286e-02	-1.1869119286e-02	-1.0709939810e-02	-1.0709939810e-02	-1.0709939810e-02	-1.0709939810e-02	-6.9036841861e-03	-6.9036841861e-03	-6.9036841861e-03	-6.9036841861e-03	-9.7773078667e-04	-9.7773078667e-04	-9.7773078667e-04	-9.7773078667e-04	5.3097442695e-03	5.3097442695e-03	5.3097442695e-03	5.3097442695e-03	8.8160229546e-03	1.3536987010e-02	1.3536987010e-02	1.3536987010e-02	2.1029617019e-02	2.1029617019e-02	2.3864867256e-02	2.3864867256e-02	2.3864867256e-02	3.1092789874e-02	3.1092789874e-02	3.1092789874e-02	3.1092789874e-02	3.8016960779e-02	3.8016960779e-02	3.8016960779e-02	3.8016960779e-02	4.1283513996e-02	4.7450333533e-02	4.7450333533e-02	4.7450333533e-02	5.4206350237e-02	5.4206350237e-02	5.7566966832e-02	5.7566966832e-02	5.7566966832e-02	6.5080969751e-02	6.5080969751e-02	6.5080969751e-02	6.9309936804e-02	7.2799175829e-02	7.2799175829e-02	7.2799175829e-02	8.1393515496e-02	8.1393515496e-02	8.7770247824e-02	8.7770247824e-02	8.7770247824e-02	9.2230584633e-02	9.5366590102e-02	9.5366590102e-02	9.5366590102e-02	1.0458712877e-01	1.0781504995e-01	1.0781504995e-01	1.0781504995e-01	1.1251996058e-01	1.1856866059e-01	1.1856866059e-01	1.1856866059e-01	1.1856866059e-01	1.2866837182e-01	1.3121093322e-01	1.3121093322e-01	1.3121093322e-01	1.3674737209e-01	1.3998419785e-01	1.3998419785e-01	1.3998419785e-01	1.4812749915e-01	1.5182805018e-01	1.5182805018e-01	1.5812991133e-01	1.5812991133e-01	1.5889844218e-01	1.5889844218e-01	1.6803401369e-01	1.6803401369e-01	1.6803401369e-01	1.7386932482e-01	1.7386932482e-01	1.7386932482e-01	1.7962288060e-01	
176	0.0	-4.1205176009e-03	-4.1205176009e-03	-4.1205176009e-03	-1.0135863812e-02	-1.0135863812e-02	-1.0135863812e-02	-1.0135863812e-02	-1.1876997747e-02	-1.1876997747e-02	-1.1876997747e-02	-1.1876997747e-02	-1.0717959644e-02	-1.0717959644e-02	-1.0717959644e-02	-1.0717959644e-02	-6.9114566877e-03	-6.9114566877e-03	-6.9114566877e-03	-6.9114566877e-03	-9.8523713394e-04	-9.8523713394e-04	-9.8523713394e-04	-9.8523713394e-04	5.3022747542e-03	5.3022747542e-03	5.3022747542e-03	5.3022747542e-03	8.8083987677e-03	1.3529587013e-02	1.3529587013e-02	1.3529587013e-02	2.1021708392e-02	2.1021708392e-02	2.3857064398e-02	2.3857064398e-02	2.3857064398e-02	3.1085162548e-02	3.1085162548e-02	3.1085162548e-02	3.1085162548e-02	3.8009969114e-02	3.8009969114e-02	3.8009969114e-02	3.8009969114e-02	4.1277311367e-02	4.7444323374e-02	4.7444323374e-02	4.7444323374e-02	5.4201829980e-02	5.4201829980e-02	5.7562381740e-02	5.7562381740e-02	5.7562381740e-02	6.5077374897e-02	6.5077374897e-02	6.5077374897e-02	6.9307624647e-02	7.2796767784e-02	7.2796767784e-02	7.2796767784e-02	8.1393763295e-02	8.1393763295e-02	8.7770254373e-02	8.7770254373e-02	8.7770254373e-02	9.2231985769e-02	9.5367837232e-02	9.5367837232e-02	9.5367837232e-02	1.0459128754e-01	1.0781904324e-01	1.0781904324e-01	1.0781904324e-01	1.1252543453e-01	1.1857369994e-01	1.1857369994e-01	1.1857369994e-01	1.1857369994e-01	1.2867663792e-01	1.3121891297e-01	1.3121891297e-01	1.3121891297e-01	1.3675712674e-01	1.3999353621e-01	1.3999353621e-01	1.3999353621e-01	1.4813938131e-01	1.5183913549e-01	1.5183913549e-01	1.5814298838e-01	1.5814298838e-01	1.5891085669e-01	1.5891085669e-01	1.6804927047e-01	1.6804927047e-01	1.6804927047e-01	1.7388509663e-01	1.7388509663e-01	1.7388509663e-01	1.7964065391e-01	
177	0.0	-4.1254812297e-03	-4.1254812297e-03	-4.1254812297e-03	-1.0142420229e-02	-1.0142420229e-02	-1.0142420229e-02	-1.0142420229e-02	-1.1884207038e-02	-1.1884207038e-02	-1.1884207038e-02	-1.1884207038e-02	-1.0725289998e-02	-1.0725289998e-02	-1.0725289998e-02	-1.0725289998e-02	-6.9185580693e-03	-6.9185580693e-03	-6.9185580693e-03	-6.9185580693e-03	-9.9211096040e-04	-9.9211096040e-04	-9.9211096040e-04	-9.9211096040e-04	5.2953974650e-03	5.2953974650e-03	5.2953974650e-03	5.2953974650e-03	8.8013364131e-03	1.3522735532e-02	1.3522735532e-02	1.3522735532e-02	2.1014278264e-02	2.1014278264e-02	2.3849733042e-02	2.3849733042e-02	2.3849733042e-02	3.1077968199e-02	3.1077968199e-02	3.1077968199e-02	3.1077968199e-02	3.8003376635e-02	3.8003376635e-02	3.8003376635e-02	3.8003376635e-02	4.1271470473e-02	4.7438656306e-02	4.7438656306e-02	4.7438656306e-02	5.4197559493e-02	5.4197559493e-02	5.7558052918e-02	5.7558052918e-02	5.7558052918e-02	6.5073988232e-02	6.5073988232e-02	6.5073988232e-02	6.9305458706e-02	7.2794513125e-02	7.2794513125e-02	7.2794513125e-02	8.1394033341e-02	8.1394033341e-02	8.7770297298e-02	8.7770297298e-02	8.7770297298e-02	9.2233354011e-02	9.5369064054e-02	9.5369064054e-02	9.5369064054e-02	1.0459528741e-01	1.0782289101e-01	1.0782289101e-01	1.0782289101e-01	1.1253069450e-01	1.1857855688e-01	1.1857855688e-01	1.1857855688e-01	1.1857855688e-01	1.2868455243e-01	1.3122656302e-01	1.3122656302e-01	1.3122656302e-01	1.3676645738e-01	1.4000248174e-01	1.4000248174e-01	1.4000248174e-01	1.4815071363e-01	1.5184972284e-01	1.5184972284e-01	1.5815544335e-01	1.5815544335e-01	1.5892269754e-01	1.5892269754e-01	1.6806378428e-01	1.6806378428e-01	1.6806378428e-01	1.7390011482e-01	1.7390011482e-01	1.7390011482e-01	1.7965756598e-01	
178	0.0	-4.1300351851e-03	-4.1300351851e-03	-4.1300351851e-03	-1.0148404217e-02	-1.0148404217e-02	-1.0148404217e-02	-1.0148404217e-02	-1.1890775205e-02	-1.1890775205e-02	-1.1890775205e-02	-1.1890775205e-02	-1.0731960629e-02	-1.0731960629e-02	-1.0731960629e-02	-1.0731960629e-02	-6.9250185552e-03	-6.9250185552e-03	-6.9250185552e-03	-6.9250185552e-03	-9.9838153076e-04	-9.9838153076e-04	-9.9838153076e-04	-9.9838153076e-04	5.2890849604e-03	5.2890849604e-03	5.2890849604e-03	5.2890849604e-03	8.7948093180e-03	1.3516404536e-02	1.3516404536e-02	1.3516404536e-02	2.1007302172e-02	2.1007302172e-02	2.3842847834e-02	2.3842847834e-02	2.3842847834e-02	3.1071173587e-02	3.1071173587e-02	3.1071173587e-02	3.1071173587e-02	3.7997132315e-02	3.7997132315e-02	3.7997132315e-02	3.7997132315e-02	4.1265922383e-02	4.7433261484e-02	4.7433261484e-02	4.7433261484e-02	5.4193435569e-02	5.4193435569e-02	5.7553875161e-02	5.7553875161e-02	5.7553875161e-02	6.5070680649e-02	6.5070680649e-02	6.5070680649e-02	6.9303285108e-02	7.2792255906e-02	7.2792255906e-02	7.2792255906e-02	8.1394119609e-02	8.1394119609e-02	8.7770166862e-02	8.7770166862e-02	8.7770166862e-02	9.2234453712e-02	9.5370032300e-02	9.5370032300e-02	9.5370032300e-02	1.0459883621e-01	1.0782629836e-01	1.0782629836e-01	1.0782629836e-01	1.1253541773e-01	1.1858290328e-01	1.1858290328e-01	1.1858290328e-01	1.1858290328e-01	1.2869173072e-01	1.3123349592e-01	1.3123349592e-01	1.3123349592e-01	1.3677494597e-01	1.4001061278e-01	1.4001061278e-01	1.4001061278e-01	1.4816103617e-01	1.5185934799e-01	1.5185934799e-01	1.5816678336e-01	1.5816678336e-01	1.5893346979e-01	1.5893346979e-01	1.6807702384e-01	1.6807702384e-01	1.6807702384e-01	1.7391382243e-01	1.7391382243e-01	1.7391382243e-01	1.7967304029e-01	
179	0.0	-4.1341673712e-03	-4.1341673712e-03	-4.1341673712e-03	-1.0153797149e-02	-1.0153797149e-02	-1.0153797149e-02	-1.0153797149e-02	-1.1896679301e-02	-1.1896679301e-02	-1.1896679301e-02	-1.1896679301e-02	-1.0737944147e-02	-1.0737944147e-02	-1.0737944147e-02	-1.0737944147e-02	-6.9308057605e-03	-6.9308057605e-03	-6.9308057605e-03	-6.9308057605e-03	-1.0040102851e-03	-1.0040102851e-03	-1.0040102851e-03	-1.0040102851e-03	5.2833817323e-03	5.2833817323e-03	5.2833817323e-03	5.2833817323e-03	8.7888612763e-03	1.3510647061e-02	1.3510647061e-02	1.3510647061e-02	2.1000834532e-02	2.1000834532e-02	2.3836469922e-02	2.3836469922e-02	2.3836469922e-02	3.1064841415e-02	3.1064841415e-02	3.1064841415e-02	3.1064841415e-02	3.7991292914e-02	3.7991292914e-02	3.7991292914e-02	3.7991292914e-02	4.1260709528e-02	4.7428197466e-02	4.7428197466e-02	4.7428197466e-02	5.4189492191e-02	5.4189492191e-02	5.7549892054e-02	5.7549892054e-02	5.7549892054e-02	6.5067489655e-02	6.5067489655e-02	6.5067489655e-02	6.9301123076e-02	7.2790025839e-02	7.2790025839e-02	7.2790025839e-02	8.1394015473e-02	8.1394015473e-02	8.7769877010e-02	8.7769877010e-02	8.7769877010e-02	9.2235280172e-02	9.5370748960e-02	9.5370748960e-02	9.5370748960e-02	1.0460190228e-01	1.0782924563e-01	1.0782924563e-01	1.0782924563e-01	1.1253956449e-01	1.1858672367e-01	1.1858672367e-01	1.1858672367e-01	1.1858672367e-01	1.2869811574e-01	1.3123966756e-01	1.3123966756e-01	1.3123966756e-01	1.3678252538e-01	1.4001787896e-01	1.4001787896e-01	1.4001787896e-01	1.4817026791e-01	1.5186795470e-01	1.5186795470e-01	1.5817692855e-01	1.5817692855e-01	1.5894310823e-01	1.5894310823e-01	1.6808889305e-01	1.6808889305e-01	1.6808889305e-01	1.7392613123e-01	1.7392613123e-01	1.7392613123e-01	1.7968697328e-01	
180	0.0	-4.1378783560e-03	-4.1378783560e-03	-4.1378783560e-03	-1.0158598176e-02	-1.0158598176e-02	-1.0158598176e-02	-1.0158598176e-02	-1.1901916702e-02	-1.1901916702e-02	-1.1901916702e-02	-1.1901916702e-02	-1.0743235398e-02	-1.0743235398e-02	-1.0743235398e-02	-1.0743235398e-02	-6.9359114400e-03	-6.9359114400e-03	-6.9359114400e-03	-6.9359114400e-03	-1.0089854028e-03	-1.0089854028e-03	-1.0089854028e-03	-1.0089854028e-03	5.2783024636e-03	5.2783024636e-03	5.2783024636e-03	5.2783024636e-03	8.7835051775e-03	1.3505481297e-02	1.3505481297e-02	1.3505481297e-02	2.0994891865e-02	2.0994891865e-02	2.3830619143e-02	2.3830619143e-02	2.3830619143e-02	3.1058987990e-02	3.1058987990e-02	3.1058987990e-02	3.1058987990e-02	3.7985864478e-02	3.7985864478e-02	3.7985864478e-02	3.7985864478e-02	4.1255823935e-02	4.7423463748e-02	4.7423463748e-02	4.7423463748e-02	5.4185703918e-02	5.4185703918e-02	5.7546081822e-02	5.7546081822e-02	5.7546081822e-02	6.5064380964e-02	6.5064380964e-02	6.5064380964e-02	6.9298920216e-02	7.2787774410e-02	7.2787774410e-02	7.2787774410e-02	8.1393636266e-02	8.1393636266e-02	8.7769350833e-02	8.7769350833e-02	8.7769350833e-02	9.2235737909e-02	9.5371122495e-02	9.5371122495e-02	9.5371122495e-02	1.0460435586e-01	1.0783160708e-01	1.0783160708e-01	1.0783160708e-01	1.1254298939e-01	1.1858988068e-01	1.1858988068e-01	1.1858988068e-01	1.1858988068e-01	1.2870352981e-01	1.3124490452e-01	1.3124490452e-01	1.3124490452e-01	1.3678900015e-01	1.4002409035e-01	1.4002409035e-01	1.4002409035e-01	1.4817818959e-01	1.5187533265e-01	1.5187533265e-01	1.5818564619e-01	1.5818564619e-01	1.5895138549e-01	1.5895138549e-01	1.6809913589e-01	1.6809913589e-01	1.6809913589e-01	1.7393677786e-01	1.7393677786e-01	1.7393677786e-01	1.7969908449e-01	
181	0.0	-4.1412244895e-03	-4.1412244895e-03	-4.1412244895e-03	-1.0162892375e-02	-1.0162892375e-02	-1.0162892375e-02	-1.0162892375e-02	-1.1906586847e-02	-1.1906586847e-02	-1.1906586847e-02	-1.1906586847e-02	-1.0747942547e-02	-1.0747942547e-02	-1.0747942547e-02	-1.0747942547e-02	-6.9404484962e-03	-6.9404484962e-03	-6.9404484962e-03	-6.9404484962e-03	-1.0134220633e-03	-1.0134220633e-03	-1.0134220633e-03	-1.0134220633e-03	5.2737320909e-03	5.2737320909e-03	5.2737320909e-03	5.2737320909e-03	8.7786324694e-03	1.3500788656e-02	1.3500788656e-02	1.3500788656e-02	2.0989371322e-02	2.0989371322e-02	2.3825185524e-02	2.3825185524e-02	2.3825185524e-02	3.1053503114e-02	3.1053503114e-02	3.1053503114e-02	3.1053503114e-02	3.7980735687e-02	3.7980735687e-02	3.7980735687e-02	3.7980735687e-02	4.1251162083e-02	4.7418941690e-02	4.7418941690e-02	4.7418941690e-02	5.4181971205e-02	5.4181971205e-02	5.7542334476e-02	5.7542334476e-02	5.7542334476e-02	6.5061244826e-02	6.5061244826e-02	6.5061244826e-02	6.9296579129e-02	7.2785393323e-02	7.2785393323e-02	7.2785393323e-02	8.1392899888e-02	8.1392899888e-02	8.7768485750e-02	8.7768485750e-02	8.7768485750e-02	9.2235738157e-02	9.5371051692e-02	9.5371051692e-02	9.5371051692e-02	1.0460612425e-01	1.0783329719e-01	1.0783329719e-01	1.0783329719e-01	1.1254562136e-01	1.1859227758e-01	1.1859227758e-01	1.1859227758e-01	1.1859227758e-01	1.2870790799e-01	1.3124912763e-01	1.3124912763e-01	1.3124912763e-01	1.3679430834e-01	1.4002916655e-01	1.4002916655e-01	1.4002916655e-01	1.4818474901e-01	1.5188140324e-01	1.5188140324e-01	1.5819287952e-01	1.5819287952e-01	1.5895822765e-01	1.5895822765e-01	1.6810771235e-01	1.6810771235e-01	1.6810771235e-01	1.7394570974e-01	1.7394570974e-01	1.7394570974e-01	1.7970933745e-01	
182	0.0	-4.1442022214e-03	-4.1442022214e-03	-4.1442022214e-03	-1.0166671146e-02	-1.0166671146e-02	-1.0166671146e-02	-1.0166671146e-02	-1.1910677585e-02	-1.1910677585e-02	-1.1910677585e-02	-1.1910677585e-02	-1.0752049784e-02	-1.0752049784e-02	-1.0752049784e-02	-1.0752049784e-02	-6.9443971518e-03	-6.9443971518e-03	-6.9443971518e-03	-6.9443971518e-03	-1.0172962224e-03	-1.0172962224e-03	-1.0172962224e-03	-1.0172962224e-03	5.2696980894e-03	5.2696980894e-03	5.2696980894e-03	5.2696980894e-03	8.7742695541e-03	1.3496602255e-02	1.3496602255e-02	1.3496602255e-02	2.0984306293e-02	2.0984306293e-02	2.3820206975e-02	2.3820206975e-02	2.3820206975e-02	3.1048427265e-02	3.1048427265e-02	3.1048427265e-02	3.1048427265e-02	3.7975946949e-02	3.7975946949e-02	3.7975946949e-02	3.7975946949e-02	4.1246759698e-02	4.7414677603e-02	4.7414677603e-02	4.7414677603e-02	5.4178333729e-02	5.4178333729e-02	5.7538695284e-02	5.7538695284e-02	5.7538695284e-02	6.5058127879e-02	6.5058127879e-02	6.5058127879e-02	6.9294141481e-02	7.2782930208e-02	7.2782930208e-02	7.2782930208e-02	8.1391844417e-02	8.1391844417e-02	8.7767331438e-02	8.7767331438e-02	8.7767331438e-02	9.2235325708e-02	9.5370587554e-02	9.5370587554e-02	9.5370587554e-02	1.0460724831e-01	1.0783436318e-01	1.0783436318e-01	1.0783436318e-01	1.1254750241e-01	1.1859396895e-01	1.1859396895e-01	1.1859396895e-01	1.1859396895e-01	1.2871129414e-01	1.3125238721e-01	1.3125238721e-01	1.3125238721e-01	1.3679849419e-01	1.4003316004e-01	1.4003316004e-01	1.4003316004e-01	1.4818999028e-01	1.5188622269e-01	1.5188622269e-01	1.5819867793e-01	1.5819867793e-01	1.5896369076e-01	1.5896369076e-01	1.6811466824e-01	1.6811466824e-01	1.6811466824e-01	1.7395297829e-01	1.7395297829e-01	1.7395297829e-01	1.7971777601e-01	
183	0.0	-4.1468646604e-03	-4.1468646604e-03	-4.1468646604e-03	-1.0170014315e-02	-1.0170014315e-02	-1.0170014315e-02	-1.0170014315e-02	-1.1914282122e-02	-1.1914282122e-02	-1.1914282122e-02	-1.1914282122e-02	-1.0755658337e-02	-1.0755658337e-02	-1.0755658337e-02	-1.0755658337e-02	-6.9478626509e-03	-6.9478626509e-03	-6.9478626509e-03	-6.9478626509e-03	-1.0207144146e-03	-1.0207144146e-03	-1.0207144146e-03	-1.0207144146e-03	5.2660953530e-03	5.2660953530e-03	5.2660953530e-03	5.2660953530e-03	8.7703195119e-03	1.3492816360e-02	1.3492816360e-02	1.3492816360e-02	2.0979610007e-02	2.0979610007e-02	2.3815590476e-02	2.3815590476e-02	2.3815590476e-02	3.1043673021e-02	3.1043673021e-02	3.1043673021e-02	3.1043673021e-02	3.7971418903e-02	3.7971418903e-02	3.7971418903e-02	3.7971418903e-02	4.1242553679e-02	4.7410595079e-02	4.7410595079e-02	4.7410595079e-02	5.4174750104e-02	5.4174750104e-02	5.7535113573e-02	5.7535113573e-02	5.7535113573e-02	6.5054990919e-02	6.5054990919e-02	6.5054990919e-02	6.9291591340e-02	7.2780359470e-02	7.2780359470e-02	7.2780359470e-02	8.1390492201e-02	8.1390492201e-02	8.7765892085e-02	8.7765892085e-02	8.7765892085e-02	9.2234529688e-02	9.5369748166e-02	9.5369748166e-02	9.5369748166e-02	1.0460779738e-01	1.0783486304e-01	1.0783486304e-01	1.0783486304e-01	1.1254871667e-01	1.1859501615e-01	1.1859501615e-01	1.1859501615e-01	1.1859501615e-01	1.2871380628e-01	1.3125478861e-01	1.3125478861e-01	1.3125478861e-01	1.3680169396e-01	1.4003619054e-01	1.4003619054e-01	1.4003619054e-01	1.4819407895e-01	1.5188993263e-01	1.5188993263e-01	1.5820321802e-01	1.5820321802e-01	1.5896793546e-01	1.5896793546e-01	1.6812021202e-01	1.6812021202e-01	1.6812021202e-01	1.7395878962e-01	1.7395878962e-01	1.7395878962e-01	1.7972462823e-01	
184	0.0	-4.1492394096e-03	-4.1492394096e-03	-4.1492394096e-03	-1.0172962782e-02	-1.0172962782e-02	-1.0172962782e-02	-1.0172962782e-02	-1.1917447500e-02	-1.1917447500e-02	-1.1917447500e-02	-1.1917447500e-02	-1.0758817971e-02	-1.0758817971e-02	-1.0758817971e-02	-1.0758817971e-02	-6.9508945868e-03	-6.9508945868e-03	-6.9508945868e-03	-6.9508945868e-03	-1.0237236401e-03	-1.0237236401e-03	-1.0237236401e-03	-1.0237236401e-03	5.2628813632e-03	5.2628813632e-03	5.2628813632e-03	5.2628813632e-03	8.7667464811e-03	1.3489394180e-02	1.3489394180e-02	1.3489394180e-02	2.0975261170e-02	2.0975261170e-02	2.3811314004e-02	2.3811314004e-02	2.3811314004e-02	3.1039228307e-02	3.1039228307e-02	3.1039228307e-02	3.1039228307e-02	3.7967151903e-02	3.7967151903e-02	3.7967151903e-02	3.7967151903e-02	4.1238558347e-02	4.7406707346e-02	4.7406707346e-02	4.7406707346e-02	5.4171263231e-02	5.4171263231e-02	5.7531630651e-02	5.7531630651e-02	5.7531630651e-02	6.5051891459e-02	6.5051891459e-02	6.5051891459e-02	6.9289005661e-02	7.2777756484e-02	7.2777756484e-02	7.2777756484e-02	8.1388958351e-02	8.1388958351e-02	8.7764279983e-02	8.7764279983e-02	8.7764279983e-02	9.2233482962e-02	9.5368664239e-02	9.5368664239e-02	9.5368664239e-02	1.0460794420e-01	1.0783496729e-01	1.0783496729e-01	1.0783496729e-01	1.1254945610e-01	1.1859560646e-01	1.1859560646e-01	1.1859560646e-01	1.1859560646e-01	1.2871567851e-01	1.3125656287e-01	1.3125656287e-01	1.3125656287e-01	1.3680416429e-01	1.4003851044e-01	1.4003851044e-01	1.4003851044e-01	1.4819730453e-01	1.5189281608e-01	1.5189281608e-01	1.5820681093e-01	1.5820681093e-01	1.5897126731e-01	1.5897126731e-01	1.6812468501e-01	1.6812468501e-01	1.6812468501e-01	1.7396349458e-01	1.7396349458e-01	1.7396349458e-01	1.7973026074e-01	
185	0.0	-4.1513737833e-03	-4.1513737833e-03	-4.1513737833e-03	-1.0175588446e-02	-1.0175588446e-02	-1.0175588446e-02	-1.0175588446e-02	-1.1920257598e-02	-1.1920257598e-02	-1.1920257598e-02	-1.1920257598e-02	-1.0761619099e-02	-1.0761619099e-02	-1.0761619099e-02	-1.0761619099e-02	-6.9535856287e-03	-6.9535856287e-03	-6.9535856287e-03	-6.9535856287e-03	-1.0264154282e-03	-1.0264154282e-03	-1.0264154282e-03	-1.0264154282e-03	5.2599688823e-03	5.2599688823e-03	5.2599688823e-03	5.2599688823e-03	8.7634730873e-03	1.3486252700e-02	1.3486252700e-02	1.3486252700e-02	2.0971197843e-02	2.0971197843e-02	2.3807311625e-02	2.3807311625e-02	2.3807311625e-02	3.1035037864e-02	3.1035037864e-02	3.1035037864e-02	3.1035037864e-02	3.7963105113e-02	3.7963105113e-02	3.7963105113e-02	3.7963105113e-02	4.1234752327e-02	4.7402984736e-02	4.7402984736e-02	4.7402984736e-02	5.4167883220e-02	5.4167883220e-02	5.7528250667e-02	5.7528250667e-02	5.7528250667e-02	6.5048851386e-02	6.5048851386e-02	6.5048851386e-02	6.9286432296e-02	7.2775163001e-02	7.2775163001e-02	7.2775163001e-02	8.1387337348e-02	8.1387337348e-02	8.7762578244e-02	8.7762578244e-02	8.7762578244e-02	9.2232295925e-02	9.5367439215e-02	9.5367439215e-02	9.5367439215e-02	1.0460784794e-01	1.0783482798e-01	1.0783482798e-01	1.0783482798e-01	1.1254990115e-01	1.1859590600e-01	1.1859590600e-01	1.1859590600e-01	1.1859590600e-01	1.2871713925e-01	1.3125793028e-01	1.3125793028e-01	1.3125793028e-01	1.3680615974e-01	1.4004036362e-01	1.4004036362e-01	1.4004036362e-01	1.4819996093e-01	1.5189515118e-01	1.5189515118e-01	1.5820977309e-01	1.5820977309e-01	1.5897399151e-01	1.5897399151e-01	1.6812844181e-01	1.6812844181e-01	1.6812844181e-01	1.7396745531e-01	1.7396745531e-01	1.7396745531e-01	1.7973505881e-01	
186	0.0	-4.1532827751e-03	-4.1532827751e-03	-4.1532827751e-03	-1.0177913322e-02	-1.0177913322e-02	-1.0177913322e-02	-1.0177913322e-02	-1.1922737094e-02	-1.1922737094e-02	-1.1922737094e-02	-1.1922737094e-02	-1.0764086420e-02	-1.0764086420e-02	-1.0764086420e-02	-1.0764086420e-02	-6.9559580788e-03	-6.9559580788e-03	-6.9559580788e-03	-6.9559580788e-03	-1.0288073286e-03	-1.0288073286e-03	-1.0288073286e-03	-1.0288073286e-03	5.2573466383e-03	5.2573466383e-03	5.2573466383e-03	5.2573466383e-03	8.7604940361e-03	1.3483389643e-02	1.3483389643e-02	1.3483389643e-02	2.0967430641e-02	2.0967430641e-02	2.3803595866e-02	2.3803595866e-02	2.3803595866e-02	3.1031125465e-02	3.1031125465e-02	3.1031125465e-02	3.1031125465e-02	3.7959315717e-02	3.7959315717e-02	3.7959315717e-02	3.7959315717e-02	4.1231184330e-02	4.7399480407e-02	4.7399480407e-02	4.7399480407e-02	5.4164686979e-02	5.4164686979e-02	5.7525052448e-02	5.7525052448e-02	5.7525052448e-02	6.5045965635e-02	6.5045965635e-02	6.5045965635e-02	6.9283981346e-02	7.2772691161e-02	7.2772691161e-02	7.2772691161e-02	8.1385772041e-02	8.1385772041e-02	8.7760933698e-02	8.7760933698e-02	8.7760933698e-02	9.2231131258e-02	9.5366237640e-02	9.5366237640e-02	9.5366237640e-02	1.0460770532e-01	1.0783464371e-01	1.0783464371e-01	1.0783464371e-01	1.1255026680e-01	1.1859613324e-01	1.1859613324e-01	1.1859613324e-01	1.1859613324e-01	1.2871844421e-01	1.3125914794e-01	1.3125914794e-01	1.3125914794e-01	1.3680795818e-01	1.4004202943e-01	1.4004202943e-01	1.4004202943e-01	1.4820235807e-01	1.5189724944e-01	1.5189724944e-01	1.5821243955e-01	1.5821243955e-01	1.5897644244e-01	1.5897644244e-01	1.6813184492e-01	1.6813184492e-01	1.6813184492e-01	1.7397104896e-01	1.7397104896e-01	1.7397104896e-01	1.7973941308e-01	
187	0.0	-4.1549850885e-03	-4.1549850885e-03	-4.1549850885e-03	-1.0179965186e-02	-1.0179965186e-02	-1.0179965186e-02	-1.0179965186e-02	-1.1924917512e-02	-1.1924917512e-02	-1.1924917512e-02	-1.1924917512e-02	-1.0766252224e-02	-1.0766252224e-02	-1.0766252224e-02	-1.0766252224e-02	-6.9580424084e-03	-6.9580424084e-03	-6.9580424084e-03	-6.9580424084e-03	-1.0309256020e-03	-1.0309256020e-03	-1.0309256020e-03	-1.0309256020e-03	5.2549941800e-03	5.2549941800e-03	5.2549941800e-03	5.2549941800e-03	8.7577948966e-03	1.3480792406e-02	1.3480792406e-02	1.3480792406e-02	2.0963959359e-02	2.0963959359e-02	2.3800167661e-02	2.3800167661e-02	2.3800167661e-02	3.1027501885e-02	3.1027501885e-02	3.1027501885e-02	3.1027501885e-02	3.7955806145e-02	3.7955806145e-02	3.7955806145e-02	3.7955806145e-02	4.1227887198e-02	4.7396229931e-02	4.7396229931e-02	4.7396229931e-02	5.4161731169e-02	5.4161731169e-02	5.7522093557e-02	5.7522093557e-02	5.7522093557e-02	6.5043305133e-02	6.5043305133e-02	6.5043305133e-02	6.9281737037e-02	7.2770426143e-02	7.2770426143e-02	7.2770426143e-02	8.1384375815e-02	8.1384375815e-02	8.7759461622e-02	8.7759461622e-02	8.7759461622e-02	9.2230118655e-02	9.5365189960e-02	9.5365189960e-02	9.5365189960e-02	1.0460767573e-01	1.0783457462e-01	1.0783457462e-01	1.0783457462e-01	1.1255072779e-01	1.1859646418e-01	1.1859646418e-01	1.1859646418e-01	1.1859646418e-01	1.2871980305e-01	1.3126042574e-01	1.3126042574e-01	1.3126042574e-01	1.3680978836e-01	1.4004373666e-01	1.4004373666e-01	1.4004373666e-01	1.4820475319e-01	1.5189936766e-01	1.5189936766e-01	1.5821508919e-01	1.5821508919e-01	1.5897889716e-01	1.5897889716e-01	1.6813519821e-01	1.6813519821e-01	1.6813519821e-01	1.7397459150e-01	1.7397459150e-01	1.7397459150e-01	1.7974365372e-01	
188	0.0	-4.1564960682e-03	-4.1564960682e-03	-4.1564960682e-03	-1.0181765937e-02	-1.0181765937e-02	-1.0181765937e-02	-1.0181765937e-02	-1.1926823119e-02	-1.1926823119e-02	-1.1926823119e-02	-1.1926823119e-02	-1.0768140672e-02	-1.0768140672e-02	-1.0768140672e-02	-1.0768140672e-02	-6.9598606522e-03	-6.9598606522e-03	-6.9598606522e-03	-6.9598606522e-03	-1.0327884185e-03	-1.0327884185e-03	-1.0327884185e-03	-1.0327884185e-03	5.2528979733e-03	5.2528979733e-03	5.2528979733e-03	5.2528979733e-03	8.7553655092e-03	1.3478453584e-02	1.3478453584e-02	1.3478453584e-02	2.0960782493e-02	2.0960782493e-02	2.3797027415e-02	2.3797027415e-02	2.3797027415e-02	3.1024172857e-02	3.1024172857e-02	3.1024172857e-02	3.1024172857e-02	3.7952587282e-02	3.7952587282e-02	3.7952587282e-02	3.7952587282e-02	4.1224874302e-02	4.7393251288e-02	4.7393251288e-02	4.7393251288e-02	5.4159038112e-02	5.4159038112e-02	5.7519398519e-02	5.7519398519e-02	5.7519398519e-02	6.5040898842e-02	6.5040898842e-02	6.5040898842e-02	6.9279730507e-02	7.2768401500e-02	7.2768401500e-02	7.2768401500e-02	8.1383189658e-02	8.1383189658e-02	8.7758207725e-02	8.7758207725e-02	8.7758207725e-02	9.2229308364e-02	9.5364349046e-02	9.5364349046e-02	9.5364349046e-02	1.0460782172e-01	1.0783468599e-01	1.0783468599e-01	1.0783468599e-01	1.1255135423e-01	1.1859697438e-01	1.1859697438e-01	1.1859697438e-01	1.1859697438e-01	1.2872130377e-01	1.3126185445e-01	1.3126185445e-01	1.3126185445e-01	1.3681174820e-01	1.4004558673e-01	1.4004558673e-01	1.4004558673e-01	1.4820725877e-01	1.5190162313e-01	1.5190162313e-01	1.5821784804e-01	1.5821784804e-01	1.5898148371e-01	1.5898148371e-01	1.6813863810e-01	1.6813863810e-01	1.6813863810e-01	1.7397822834e-01	1.7397822834e-01	1.7397822834e-01	1.7974793162e-01	
189	0.0	-4.1578300594e-03	-4.1578300594e-03	-4.1578300594e-03	-1.0183335703e-02	-1.0183335703e-02	-1.0183335703e-02	-1.0183335703e-02	-1.1928476179e-02	-1.1928476179e-02	-1.1928476179e-02	-1.1928476179e-02	-1.0769773944e-02	-1.0769773944e-02	-1.0769773944e-02	-1.0769773944e-02	-6.9614331564e-03	-6.9614331564e-03	-6.9614331564e-03	-6.9614331564e-03	-1.0344130095e-03	-1.0344130095e-03	-1.0344130095e-03	-1.0344130095e-03	5.2510441944e-03	5.2510441944e-03	5.2510441944e-03	5.2510441944e-03	8.7531939622e-03	1.3476363498e-02	1.3476363498e-02	1.3476363498e-02	2.0957893326e-02	2.0957893326e-02	2.3794169926e-02	2.3794169926e-02	2.3794169926e-02	3.1021135742e-02	3.1021135742e-02	3.1021135742e-02	3.1021135742e-02	3.7949658308e-02	3.7949658308e-02	3.7949658308e-02	3.7949658308e-02	4.1222144790e-02	4.7390547140e-02	4.7390547140e-02	4.7390547140e-02	5.4156610516e-02	5.4156610516e-02	5.7516971538e-02	5.7516971538e-02	5.7516971538e-02	6.5038752177e-02	6.5038752177e-02	6.5038752177e-02	6.9277966746e-02	7.2766623820e-02	7.2766623820e-02	7.2766623820e-02	8.1382219164e-02	8.1382219164e-02	8.7757180699e-02	8.7757180699e-02	8.7757180699e-02	9.2228709392e-02	9.5363725595e-02	9.5363725595e-02	9.5363725595e-02	1.0460815493e-01	1.0783499125e-01	1.0783499125e-01	1.0783499125e-01	1.1255215989e-01	1.1859768103e-01	1.1859768103e-01	1.1859768103e-01	1.1859768103e-01	1.2872296662e-01	1.3126345606e-01	1.3126345606e-01	1.3126345606e-01	1.3681386171e-01	1.4004760586e-01	1.4004760586e-01	1.4004760586e-01	1.4820990564e-01	1.5190404972e-01	1.5190404972e-01	1.5822075409e-01	1.5822075409e-01	1.5898424099e-01	1.5898424099e-01	1.6814220767e-01	1.6814220767e-01	1.6814220767e-01	1.7398200735e-01	1.7398200735e-01	1.7398200735e-01	1.7975229977e-01	
190	0.0	-4.1590189795e-03	-4.1590189795e-03	-4.1590189795e-03	-1.0184721709e-02	-1.0184721709e-02	-1.0184721709e-02	-1.0184721709e-02	-1.1929931184e-02	-1.1929931184e-02	-1.1929931184e-02	-1.1929931184e-02	-1.0771210137e-02	-1.0771210137e-02	-1.0771210137e-02	-1.0771210137e-02	-6.9628189480e-03	-6.9628189480e-03	-6.9628189480e-03	-6.9628189480e-03	-1.0358576957e-03	-1.0358576957e-03	-1.0358576957e-03	-1.0358576957e-03	5.2493762070e-03	5.2493762070e-03	5.2493762070e-03	5.2493762070e-03	8.7512270803e-03	1.3474466055e-02	1.3474466055e-02	1.3474466055e-02	2.0955242296e-02	2.0955242296e-02	2.3791543643e-02	2.3791543643e-02	2.3791543643e-02	3.1018340508e-02	3.1018340508e-02	3.1018340508e-02	3.1018340508e-02	3.7946971071e-02	3.7946971071e-02	3.7946971071e-02	3.7946971071e-02	4.1219654969e-02	4.7388069626e-02	4.7388069626e-02	4.7388069626e-02	5.4154410024e-02	5.4154410024e-02	5.7514771027e-02	5.7514771027e-02	5.7514771027e-02	6.5036825704e-02	6.5036825704e-02	6.5036825704e-02	6.9276411817e-02	7.2765055795e-02	7.2765055795e-02	7.2765055795e-02	8.1381435202e-02	8.1381435202e-02	8.7756345025e-02	8.7756345025e-02	8.7756345025e-02	9.2228289047e-02	9.5363283207e-02	9.5363283207e-02	9.5363283207e-02	1.0460864202e-01	1.0783545327e-01	1.0783545327e-01	1.0783545327e-01	1.1255310876e-01	1.1859854054e-01	1.1859854054e-01	1.1859854054e-01	1.1859854054e-01	1.2872475228e-01	1.3126518712e-01	1.3126518712e-01	1.3126518712e-01	1.3681608834e-01	1.4004974814e-01	1.4004974814e-01	1.4004974814e-01	1.4821265600e-01	1.5190660168e-01	1.5190660168e-01	1.5822376905e-01	1.5822376905e-01	1.5898712505e-01	1.5898712505e-01	1.6814587534e-01	1.6814587534e-01	1.6814587534e-01	1.7398589470e-01	1.7398589470e-01	1.7398589470e-01	1.7975673453e-01	
191	0.0	-4.1600596811e-03	-4.1600596811e-03	-4.1600596811e-03	-1.0185916216e-02	-1.0185916216e-02	-1.0185916216e-02	-1.0185916216e-02	-1.1931177349e-02	-1.1931177349e-02	-1.1931177349e-02	-1.1931177349e-02	-1.0772435353e-02	-1.0772435353e-02	-1.0772435353e-02	-1.0772435353e-02	-6.9640010069e-03	-6.9640010069e-03	-6.9640010069e-03	-6.9640010069e-03	-1.0371027037e-03	-1.0371027037e-03	-1.0371027037e-03	-1.0371027037e-03	5.2479150057e-03	5.2479150057e-03	5.2479150057e-03	5.2479150057e-03	8.7494827419e-03	1.3472784052e-02	1.3472784052e-02	1.3472784052e-02	2.0952845141e-02	2.0952845141e-02	2.3789167606e-02	2.3789167606e-02	2.3789167606e-02	3.1015803298e-02	3.1015803298e-02	3.1015803298e-02	3.1015803298e-02	3.7944536139e-02	3.7944536139e-02	3.7944536139e-02	3.7944536139e-02	4.1217406145e-02	4.7385827042e-02	4.7385827042e-02	4.7385827042e-02	5.4152425783e-02	5.4152425783e-02	5.7512789679e-02	5.7512789679e-02	5.7512789679e-02	6.5035103739e-02	6.5035103739e-02	6.5035103739e-02	6.9275036670e-02	7.2763671906e-02	7.2763671906e-02	7.2763671906e-02	8.1380783307e-02	8.1380783307e-02	8.7755652741e-02	8.7755652741e-02	8.7755652741e-02	9.2227984281e-02	9.5362962437e-02	9.5362962437e-02	9.5362962437e-02	1.0460919197e-01	1.0783598466e-01	1.0783598466e-01	1.0783598466e-01	1.1255409725e-01	1.1859945634e-01	1.1859945634e-01	1.1859945634e-01	1.1859945634e-01	1.2872653183e-01	1.3126692227e-01	1.3126692227e-01	1.3126692227e-01	1.3681828548e-01	1.4005187545e-01	1.4005187545e-01	1.4005187545e-01	1.4821535095e-01	1.5190912630e-01	1.5190912630e-01	1.5822672523e-01	1.5822672523e-01	1.5898997125e-01	1.5898997125e-01	1.6814945907e-01	1.6814945907e-01	1.6814945907e-01	1.7398970475e-01	1.7398970475e-01	1.7398970475e-01	1.7976104659e-01	
192	0.0	-4.1609405975e-03	-4.1609405975e-03	-4.1609405975e-03	-1.0186897908e-02	-1.0186897908e-02	-1.0186897908e-02	-1.0186897908e-02	-1.1932187733e-02	-1.1932187733e-02	-1.1932187733e-02	-1.1932187733e-02	-1.0773418087e-02	-1.0773418087e-02	-1.0773418087e-02	-1.0773418087e-02	-6.9649441843e-03	-6.9649441843e-03	-6.9649441843e-03	-6.9649441843e-03	-1.0381105412e-03	-1.0381105412e-03	-1.0381105412e-03	-1.0381105412e-03	5.2466978731e-03	5.2466978731e-03	5.2466978731e-03	5.2466978731e-03	8.7479920831e-03	1.3471354998e-02	1.3471354998e-02	1.3471354998e-02	2.0950725865e-02	2.0950725865e-02	2.3787070243e-02	2.3787070243e-02	2.3787070243e-02	3.1013546196e-02	3.1013546196e-02	3.1013546196e-02	3.1013546196e-02	3.7942365361e-02	3.7942365361e-02	3.7942365361e-02	3.7942365361e-02	4.1215394912e-02	4.7383825638e-02	4.7383825638e-02	4.7383825638e-02	5.4150632813e-02	5.4150632813e-02	5.7511007834e-02	5.7511007834e-02	5.7511007834e-02	6.5033552913e-02	6.5033552913e-02	6.5033552913e-02	6.9273786903e-02	7.2762423203e-02	7.2762423203e-02	7.2762423203e-02	8.1380170467e-02	8.1380170467e-02	8.7755021025e-02	8.7755021025e-02	8.7755021025e-02	9.2227689424e-02	9.5362663522e-02	9.5362663522e-02	9.5362663522e-02	1.0460965765e-01	1.0783644433e-01	1.0783644433e-01	1.0783644433e-01	1.1255495992e-01	1.1860027488e-01	1.1860027488e-01	1.1860027488e-01	1.1860027488e-01	1.2872810062e-01	1.3126846325e-01	1.3126846325e-01	1.3126846325e-01	1.3682022696e-01	1.4005376985e-01	1.4005376985e-01	1.4005376985e-01	1.4821773442e-01	1.5191137926e-01	1.5191137926e-01	1.5822934948e-01	1.5822934948e-01	1.5899251344e-01	1.5899251344e-01	1.6815265673e-01	1.6815265673e-01	1.6815265673e-01	1.7399312847e-01	1.7399312847e-01	1.7399312847e-01	1.7976491484e-01	
193	0.0	-4.1616790245e-03	-4.1616790245e-03	-4.1616790245e-03	-1.0187690529e-02	-1.0187690529e-02	-1.0187690529e-02	-1.0187690529e-02	-1.1932989284e-02	-1.1932989284e-02	-1.1932989284e-02	-1.1932989284e-02	-1.0774187058e-02	-1.0774187058e-02	-1.0774187058e-02	-1.0774187058e-02	-6.9656781939e-03	-6.9656781939e-03	-6.9656781939e-03	-6.9656781939e-03	-1.0389122996e-03	-1.0389122996e-03	-1.0389122996e-03	-1.0389122996e-03	5.2456913832e-03	5.2456913832e-03	5.2456913832e-03	5.2456913832e-03	8.7467194339e-03	1.3470140941e-02	1.3470140941e-02	1.3470140941e-02	2.0948841674e-02	2.0948841674e-02	2.3785207192e-02	2.3785207192e-02	2.3785207192e-02	3.1011518909e-02	3.1011518909e-02	3.1011518909e-02	3.1011518909e-02	3.7940401271e-02	3.7940401271e-02	3.7940401271e-02	3.7940401271e-02	4.1213559199e-02	4.7381999801e-02	4.7381999801e-02	4.7381999801e-02	5.4148956795e-02	5.4148956795e-02	5.7509348335e-02	5.7509348335e-02	5.7509348335e-02	6.5032088116e-02	6.5032088116e-02	6.5032088116e-02	6.9272572441e-02	7.2761216571e-02	7.2761216571e-02	7.2761216571e-02	8.1379493278e-02	8.1379493278e-02	8.7754340546e-02	8.7754340546e-02	8.7754340546e-02	9.2227289949e-02	9.5362268617e-02	9.5362268617e-02	9.5362268617e-02	1.0460991064e-01	1.0783670048e-01	1.0783670048e-01	1.0783670048e-01	1.1255555958e-01	1.1860085220e-01	1.1860085220e-01	1.1860085220e-01	1.1860085220e-01	1.2872930265e-01	1.3126965049e-01	1.3126965049e-01	1.3126965049e-01	1.3682174661e-01	1.4005526066e-01	1.4005526066e-01	1.4005526066e-01	1.4821962838e-01	1.5191317606e-01	1.5191317606e-01	1.5823145219e-01	1.5823145219e-01	1.5899455795e-01	1.5899455795e-01	1.6815527122e-01	1.6815527122e-01	1.6815527122e-01	1.7399596054e-01	1.7399596054e-01	1.7399596054e-01	1.7976813575e-01	
194	0.0	-4.1622961072e-03	-4.1622961072e-03	-4.1622961072e-03	-1.0188324292e-02	-1.0188324292e-02	-1.0188324292e-02	-1.0188324292e-02	-1.1933616969e-02	-1.1933616969e-02	-1.1933616969e-02	-1.1933616969e-02	-1.0774780270e-02	-1.0774780270e-02	-1.0774780270e-02	-1.0774780270e-02	-6.9662430670e-03	-6.9662430670e-03	-6.9662430670e-03	-6.9662430670e-03	-1.0395502612e-03	-1.0395502612e-03	-1.0395502612e-03	-1.0395502612e-03	5.2448504703e-03	5.2448504703e-03	5.2448504703e-03	5.2448504703e-03	8.7456186845e-03	1.3469091528e-02	1.3469091528e-02	1.3469091528e-02	2.0947140339e-02	2.0947140339e-02	2.3783523203e-02	2.3783523203e-02	2.3783523203e-02	3.1009661423e-02	3.1009661423e-02	3.1009661423e-02	3.1009661423e-02	3.7938579110e-02	3.7938579110e-02	3.7938579110e-02	3.7938579110e-02	4.1211834020e-02	4.7380277587e-02	4.7380277587e-02	4.7380277587e-02	5.4147326068e-02	5.4147326068e-02	5.7507734485e-02	5.7507734485e-02	5.7507734485e-02	6.5030628010e-02	6.5030628010e-02	6.5030628010e-02	6.9271313332e-02	7.2759966589e-02	7.2759966589e-02	7.2759966589e-02	8.1378669472e-02	8.1378669472e-02	8.7753518362e-02	8.7753518362e-02	8.7753518362e-02	9.2226694714e-02	9.5361680361e-02	9.5361680361e-02	9.5361680361e-02	1.0460985726e-01	1.0783665302e-01	1.0783665302e-01	1.0783665302e-01	1.1255579800e-01	1.1860107702e-01	1.1860107702e-01	1.1860107702e-01	1.1860107702e-01	1.2873003000e-01	1.3127036893e-01	1.3127036893e-01	1.3127036893e-01	1.3682273110e-01	1.4005622528e-01	1.4005622528e-01	1.4005622528e-01	1.4822091406e-01	1.5191438427e-01	1.5191438427e-01	1.5823290400e-01	1.5823290400e-01	1.5899596663e-01	1.5899596663e-01	1.6815717053e-01	1.6815717053e-01	1.6815717053e-01	1.7399805673e-01	1.7399805673e-01	1.7399805673e-01	1.7977057020e-01	
195	0.0	-4.1627993297e-03	-4.1627993297e-03	-4.1627993297e-03	-1.0188808324e-02	-1.0188808324e-02	-1.0188808324e-02	-1.0188808324e-02	-1.1934080766e-02	-1.1934080766e-02	-1.1934080766e-02	-1.1934080766e-02	-1.0775208174e-02	-1.0775208174e-02	-1.0775208174e-02	-1.0775208174e-02	-6.9666496802e-03	-6.9666496802e-03	-6.9666496802e-03	-6.9666496802e-03	-1.0400365351e-03	-1.0400365351e-03	-1.0400365351e-03	-1.0400365351e-03	5.2441605674e-03	5.2441605674e-03	5.2441605674e-03	5.2441605674e-03	8.7446723891e-03	1.3468188431e-02	1.3468188431e-02	1.3468188431e-02	2.0945597923e-02	2.0945597923e-02	2.3781993674e-02	2.3781993674e-02	2.3781993674e-02	3.1007944663e-02	3.1007944663e-02	3.1007944663e-02	3.1007944663e-02	3.7936864994e-02	3.7936864994e-02	3.7936864994e-02	3.7936864994e-02	4.1210182356e-02	4.7378620403e-02	4.7378620403e-02	4.7378620403e-02	5.4145696260e-02	5.4145696260e-02	5.7506120332e-02	5.7506120332e-02	5.7506120332e-02	6.5029121935e-02	6.5029121935e-02	6.5029121935e-02	6.9269956072e-02	7.2758618013e-02	7.2758618013e-02	7.2758618013e-02	8.1377638322e-02	8.1377638322e-02	8.7752490223e-02	8.7752490223e-02	8.7752490223e-02	9.2225836727e-02	9.5360829832e-02	9.5360829832e-02	9.5360829832e-02	1.0460942217e-01	1.0783622462e-01	1.0783622462e-01	1.0783622462e-01	1.1255559419e-01	1.1860086428e-01	1.1860086428e-01	1.1860086428e-01	1.1860086428e-01	1.2873019110e-01	1.3127052486e-01	1.3127052486e-01	1.3127052486e-01	1.3682308299e-01	1.4005656357e-01	1.4005656357e-01	1.4005656357e-01	1.4822148524e-01	1.5191489372e-01	1.5191489372e-01	1.5823358976e-01	1.5823358976e-01	1.5899662195e-01	1.5899662195e-01	1.6815822928e-01	1.6815822928e-01	1.6815822928e-01	1.7399928336e-01	1.7399928336e-01	1.7399928336e-01	1.7977208041e-01	
196	0.0	-4.1631927440e-03	-4.1631927440e-03	-4.1631927440e-03	-1.0189146989e-02	-1.0189146989e-02	-1.0189146989e-02	-1.0189146989e-02	-1.1934385321e-02	-1.1934385321e-02	-1.1934385321e-02	-1.1934385321e-02	-1.0775475611e-02	-1.0775475611e-02	-1.0775475611e-02	-1.0775475611e-02	-6.9669031401e-03	-6.9669031401e-03	-6.9669031401e-03	-6.9669031401e-03	-1.0403772628e-03	-1.0403772628e-03	-1.0403772628e-03	-1.0403772628e-03	5.2436134252e-03	5.2436134252e-03	5.2436134252e-03	5.2436134252e-03	8.7438698988e-03	1.3467420429e-02	1.3467420429e-02	1.3467420429e-02	2.0944198733e-02	2.0944198733e-02	2.3780602367e-02	2.3780602367e-02	2.3780602367e-02	3.1006349285e-02	3.1006349285e-02	3.1006349285e-02	3.1006349285e-02	3.7935236748e-02	3.7935236748e-02	3.7935236748e-02	3.7935236748e-02	4.1208580772e-02	4.7377003362e-02	4.7377003362e-02	4.7377003362e-02	5.4144040428e-02	5.4144040428e-02	5.7504477389e-02	5.7504477389e-02	5.7504477389e-02	6.5027538997e-02	6.5027538997e-02	6.5027538997e-02	6.9268469450e-02	7.2757137844e-02	7.2757137844e-02	7.2757137844e-02	8.1376366812e-02	8.1376366812e-02	8.7751219431e-02	8.7751219431e-02	8.7751219431e-02	9.2224679378e-02	9.5359678243e-02	9.5359678243e-02	9.5359678243e-02	1.0460856667e-01	1.0783537429e-01	1.0783537429e-01	1.0783537429e-01	1.1255490715e-01	1.1860016815e-01	1.1860016815e-01	1.1860016815e-01	1.1860016815e-01	1.2872974107e-01	1.3127007065e-01	1.3127007065e-01	1.3127007065e-01	1.3682275514e-01	1.4005622472e-01	1.4005622472e-01	1.4005622472e-01	1.4822129197e-01	1.5191464879e-01	1.5191464879e-01	1.5823345459e-01	1.5823345459e-01	1.5899646514e-01	1.5899646514e-01	1.6815838941e-01	1.6815838941e-01	1.6815838941e-01	1.7399957571e-01	1.7399957571e-01	1.7399957571e-01	1.7977260226e-01	
197	0.0	-4.1634781878e-03	-4.1634781878e-03	-4.1634781878e-03	-1.0189341920e-02	-1.0189341920e-02	-1.0189341920e-02	-1.0189341920e-02	-1.1934532247e-02	-1.1934532247e-02	-1.1934532247e-02	-1.1934532247e-02	-1.0775584108e-02	-1.0775584108e-02	-1.0775584108e-02	-1.0775584108e-02	-6.9670048511e-03	-6.9670048511e-03	-6.9670048511e-03	-6.9670048511e-03	-1.0405741768e-03	-1.0405741768e-03	-1.0405741768e-03	-1.0405741768e-03	5.2432062807e-03	5.2432062807e-03	5.2432062807e-03	5.2432062807e-03	8.7432071794e-03	1.3466783685e-02	1.3466783685e-02	1.3466783685e-02	2.0942936945e-02	2.0942936945e-02	2.3779343480e-02	2.3779343480e-02	2.3779343480e-02	3.1004869269e-02	3.1004869269e-02	3.1004869269e-02	3.1004869269e-02	3.7933689278e-02	3.7933689278e-02	3.7933689278e-02	3.7933689278e-02	4.1207025928e-02	4.7375423099e-02	4.7375423099e-02	4.7375423099e-02	5.4142359148e-02	5.4142359148e-02	5.7502805656e-02	5.7502805656e-02	5.7502805656e-02	6.5025881474e-02	6.5025881474e-02	6.5025881474e-02	6.9266859327e-02	7.2755531233e-02	7.2755531233e-02	7.2755531233e-02	8.1374868138e-02	8.1374868138e-02	8.7749717578e-02	8.7749717578e-02	8.7749717578e-02	9.2223238493e-02	9.5358240485e-02	9.5358240485e-02	9.5358240485e-02	1.0460731424e-01	1.0783412450e-01	1.0783412450e-01	1.0783412450e-01	1.1255376371e-01	1.1859901319e-01	1.1859901319e-01	1.1859901319e-01	1.1859901319e-01	1.2872871420e-01	1.3126903917e-01	1.3126903917e-01	1.3126903917e-01	1.3682178564e-01	1.4005524485e-01	1.4005524485e-01	1.4005524485e-01	1.4822037785e-01	1.5191368980e-01	1.5191368980e-01	1.5823254448e-01	1.5823254448e-01	1.5899553973e-01	1.5899553973e-01	1.6815770145e-01	1.6815770145e-01	1.6815770145e-01	1.7399898408e-01	1.7399898408e-01	1.7399898408e-01	1.7977218967e-01	
198	0.0	-4.1636582576e-03	-4.1636582576e-03	-4.1636582576e-03	-1.0189396487e-02	-1.0189396487e-02	-1.0189396487e-02	-1.0189396487e-02	-1.1934525322e-02	-1.1934525322e-02	-1.1934525322e-02	-1.1934525322e-02	-1.0775537535e-02	-1.0775537535e-02	-1.0775537535e-02	-1.0775537535e-02	-6.9669585155e-03	-6.9669585155e-03	-6.9669585155e-03	-6.9669585155e-03	-1.0406309497e-03	-1.0406309497e-03	-1.0406309497e-03	-1.0406309497e-03	5.2429351164e-03	5.2429351164e-03	5.2429351164e-03	5.2429351164e-03	8.7426797870e-03	1.3466274059e-02	1.3466274059e-02	1.3466274059e-02	2.0941807538e-02	2.0941807538e-02	2.3778212094e-02	2.3778212094e-02	2.3778212094e-02	3.1003500326e-02	3.1003500326e-02	3.1003500326e-02	3.1003500326e-02	3.7932220108e-02	3.7932220108e-02	3.7932220108e-02	3.7932220108e-02	4.1205517550e-02	4.7373879630e-02	4.7373879630e-02	4.7373879630e-02	5.4140657066e-02	5.4140657066e-02	5.7501109498e-02	5.7501109498e-02	5.7501109498e-02	6.5024156722e-02	6.5024156722e-02	6.5024156722e-02	6.9265136999e-02	7.2753809167e-02	7.2753809167e-02	7.2753809167e-02	8.1373162238e-02	8.1373162238e-02	8.7748003886e-02	8.7748003886e-02	8.7748003886e-02	9.2221537960e-02	9.5356540131e-02	9.5356540131e-02	9.5356540131e-02	1.0460569787e-01	1.0783250790e-01	1.0783250790e-01	1.0783250790e-01	1.1255220128e-01	1.1859743610e-01	1.1859743610e-01	1.1859743610e-01	1.1859743610e-01	1.2872715711e-01	1.3126747671e-01	1.3126747671e-01	1.3126747671e-01	1.3682022591e-01	1.4005367497e-01	1.4005367497e-01	1.4005367497e-01	1.4821879986e-01	1.5191207295e-01	1.5191207295e-01	1.5823091986e-01	1.5823091986e-01	1.5899390566e-01	1.5899390566e-01	1.6815622869e-01	1.6815622869e-01	1.6815622869e-01	1.7399757335e-01	1.7399757335e-01	1.7399757335e-01	1.7977090755e-01	
199	0.0	-4.1637363377e-03	-4.1637363377e-03	-4.1637363377e-03	-1.0189315695e-02	-1.0189315695e-02	-1.0189315695e-02	-1.0189315695e-02	-1.1934370370e-02	-1.1934370370e-02	-1.1934370370e-02	-1.1934370370e-02	-1.0775342051e-02	-1.0775342051e-02	-1.0775342051e-02	-1.0775342051e-02	-6.9667701898e-03	-6.9667701898e-03	-6.9667701898e-03	-6.9667701898e-03	-1.0405533546e-03	-1.0405533546e-03	-1.0405533546e-03	-1.0405533546e-03	5.2427945264e-03	5.2427945264e-03	5.2427945264e-03	5.2427945264e-03	8.7422832036e-03	1.3465887093e-02	1.3465887093e-02	1.3465887093e-02	2.0940808658e-02	2.0940808658e-02	2.3777206250e-02	2.3777206250e-02	2.3777206250e-02	3.1002243858e-02	3.1002243858e-02	3.1002243858e-02	3.1002243858e-02	3.7930836396e-02	3.7930836396e-02	3.7930836396e-02	3.7930836396e-02	4.1204069387e-02	4.7372386512e-02	4.7372386512e-02	4.7372386512e-02	5.4138960973e-02	5.4138960973e-02	5.7499415128e-02	5.7499415128e-02	5.7499415128e-02	6.5022398654e-02	6.5022398654e-02	6.5022398654e-02	6.9263345495e-02	7.2752014023e-02	7.2752014023e-02	7.2752014023e-02	8.1371310274e-02	8.1371310274e-02	8.7746138112e-02	8.7746138112e-02	8.7746138112e-02	9.2219647225e-02	9.5354645807e-02	9.5354645807e-02	9.5354645807e-02	1.0460380569e-01	1.0783061178e-01	1.0783061178e-01	1.0783061178e-01	1.1255031707e-01	1.1859553218e-01	1.1859553218e-01	1.1859553218e-01	1.1859553218e-01	1.2872518620e-01	1.3126549851e-01	1.3126549851e-01	1.3126549851e-01	1.3681820253e-01	1.4005164010e-01	1.4005164010e-01	1.4005164010e-01	1.4821669759e-01	1.5190993526e-01	1.5190993526e-01	1.5822872861e-01	1.5822872861e-01	1.5899170893e-01	1.5899170893e-01	1.6815412933e-01	1.6815412933e-01	1.6815412933e-01	1.7399550563e-01	1.7399550563e-01	1.7399550563e-01	1.7976892319e-01	
200	0.0	-4.1637124802e-03	-4.1637124802e-03	-4.1637124802e-03	-1.0189099709e-02	-1.0189099709e-02	-1.0189099709e-02	-1.0189099709e-02	-1.1934067486e-02	-1.1934067486e-02	-1.1934067486e-02	-1.1934067486e-02	-1.0774997358e-02	-1.0774997358e-02	-1.0774997358e-02	-1.0774997358e-02	-6.9664387799e-03	-6.9664387799e-03	-6.9664387799e-03	-6.9664387799e-03	-1.0403391499e-03	-1.0403391499e-03	-1.0403391499e-03	-1.0403391499e-03	5.2427881001e-03	5.2427881001e-03	5.2427881001e-03	5.2427881001e-03	8.7420222910e-03	1.3465628946e-02	1.3465628946e-02	1.3465628946e-02	2.0939949392e-02	2.0939949392e-02	2.3776335845e-02	2.3776335845e-02	2.3776335845e-02	3.1001114130e-02	3.1001114130e-02	3.1001114130e-02	3.1001114130e-02	3.7929558768e-02	3.7929558768e-02	3.7929558768e-02	3.7929558768e-02	4.1202707736e-02	4.7370971977e-02	4.7370971977e-02	4.7370971977e-02	5.4137310075e-02	5.4137310075e-02	5.7497762560e-02	5.7497762560e-02	5.7497762560e-02	6.5020654974e-02	6.5020654974e-02	6.5020654974e-02	6.9261539972e-02	7.2750201784e-02	7.2750201784e-02	7.2750201784e-02	8.1369383464e-02	8.1369383464e-02	8.7744192917e-02	8.7744192917e-02	8.7744192917e-02	9.2217646795e-02	9.5352638829e-02	9.5352638829e-02	9.5352638829e-02	1.0460173478e-01	1.0782853401e-01	1.0782853401e-01	1.0782853401e-01	1.1254821698e-01	1.1859340874e-01	1.1859340874e-01	1.1859340874e-01	1.1859340874e-01	1.2872292637e-01	1.3126323010e-01	1.3126323010e-01	1.3126323010e-01	1.3681585070e-01	1.4004927610e-01	1.4004927610e-01	1.4004927610e-01	1.4821421942e-01	1.5190742560e-01	1.5190742560e-01	1.5822612911e-01	1.5822612911e-01	1.5898910786e-01	1.5898910786e-01	1.6815157228e-01	1.6815157228e-01	1.6815157228e-01	1.7399295597e-01	1.7399295597e-01	1.7399295597e-01	1.7976641655e-01	
201	0.0	-4.1635940154e-03	-4.1635940154e-03	-4.1635940154e-03	-1.0188760211e-02	-1.0188760211e-02	-1.0188760211e-02	-1.0188760211e-02	-1.1933630470e-02	-1.1933630470e-02	-1.1933630470e-02	-1.1933630470e-02	-1.0774518303e-02	-1.0774518303e-02	-1.0774518303e-02	-1.0774518303e-02	-6.9659792617e-03	-6.9659792617e-03	-6.9659792617e-03	-6.9659792617e-03	-1.0400026510e-03	-1.0400026510e-03	-1.0400026510e-03	-1.0400026510e-03	5.2429029534e-03	5.2429029534e-03	5.2429029534e-03	5.2429029534e-03	8.7418868361e-03	1.3465488835e-02	1.3465488835e-02	1.3465488835e-02	2.0939224443e-02	2.0939224443e-02	2.3775595131e-02	2.3775595131e-02	2.3775595131e-02	3.1000109965e-02	3.1000109965e-02	3.1000109965e-02	3.1000109965e-02	3.7928392790e-02	3.7928392790e-02	3.7928392790e-02	3.7928392790e-02	4.1201445514e-02	4.7369648100e-02	4.7369648100e-02	4.7369648100e-02	5.4135730751e-02	5.4135730751e-02	5.7496177304e-02	5.7496177304e-02	5.7496177304e-02	6.5018959107e-02	6.5018959107e-02	6.5018959107e-02	6.9259763482e-02	7.2748414588e-02	7.2748414588e-02	7.2748414588e-02	8.1367443530e-02	8.1367443530e-02	8.7742228177e-02	8.7742228177e-02	8.7742228177e-02	9.2215606631e-02	9.5350588085e-02	9.5350588085e-02	9.5350588085e-02	1.0459957436e-01	1.0782636266e-01	1.0782636266e-01	1.0782636266e-01	1.1254599942e-01	1.1859116180e-01	1.1859116180e-01	1.1859116180e-01	1.1859116180e-01	1.2872049609e-01	1.3126078853e-01	1.3126078853e-01	1.3126078853e-01	1.3681329982e-01	1.4004671042e-01	1.4004671042e-01	1.4004671042e-01	1.4821150969e-01	1.5190468504e-01	1.5190468504e-01	1.5822327534e-01	1.5822327534e-01	1.5898625408e-01	1.5898625408e-01	1.6814872424e-01	1.6814872424e-01	1.6814872424e-01	1.7399009564e-01	1.7399009564e-01	1.7399009564e-01	1.7976356628e-01	
202	0.0	-4.1633853281e-03	-4.1633853281e-03	-4.1633853281e-03	-1.0188304362e-02	-1.0188304362e-02	-1.0188304362e-02	-1.0188304362e-02	-1.1933067704e-02	-1.1933067704e-02	-1.1933067704e-02	-1.1933067704e-02	-1.0773913647e-02	-1.0773913647e-02	-1.0773913647e-02	-1.0773913647e-02	-6.9654000046e-03	-6.9654000046e-03	-6.9654000046e-03	-6.9654000046e-03	-1.0395510710e-03	-1.0395510710e-03	-1.0395510710e-03	-1.0395510710e-03	5.2431336913e-03	5.2431336913e-03	5.2431336913e-03	5.2431336913e-03	8.7418737912e-03	1.3465464071e-02	1.3465464071e-02	1.3465464071e-02	2.0938635730e-02	2.0938635730e-02	2.3774986272e-02	2.3774986272e-02	2.3774986272e-02	3.0999237893e-02	3.0999237893e-02	3.0999237893e-02	3.0999237893e-02	3.7927350969e-02	3.7927350969e-02	3.7927350969e-02	3.7927350969e-02	4.1200300849e-02	4.7368433738e-02	4.7368433738e-02	4.7368433738e-02	5.4134252706e-02	5.4134252706e-02	5.7494689233e-02	5.7494689233e-02	5.7494689233e-02	6.5017347764e-02	6.5017347764e-02	6.5017347764e-02	6.9258059987e-02	7.2746696591e-02	7.2746696591e-02	7.2746696591e-02	8.1365549260e-02	8.1365549260e-02	8.7740302983e-02	8.7740302983e-02	8.7740302983e-02	9.2213593364e-02	9.5348560388e-02	9.5348560388e-02	9.5348560388e-02	1.0459740627e-01	1.0782417979e-01	1.0782417979e-01	1.0782417979e-01	1.1254375402e-01	1.1858888126e-01	1.1858888126e-01	1.1858888126e-01	1.1858888126e-01	1.2871800179e-01	1.3125828028e-01	1.3125828028e-01	1.3125828028e-01	1.3681066549e-01	1.4004405861e-01	1.4004405861e-01	1.4004405861e-01	1.4820869706e-01	1.5190184177e-01	1.5190184177e-01	1.5822030553e-01	1.5822030553e-01	1.5898328530e-01	1.5898328530e-01	1.6814573321e-01	1.6814573321e-01	1.6814573321e-01	1.7398707738e-01	1.7398707738e-01	1.7398707738e-01	1.7976053030e-01	
203	0.0	-4.1630899086e-03	-4.1630899086e-03	-4.1630899086e-03	-1.0187737904e-02	-1.0187737904e-02	-1.0187737904e-02	-1.0187737904e-02	-1.1932385806e-02	-1.1932385806e-02	-1.1932385806e-02	-1.1932385806e-02	-1.0773190079e-02	-1.0773190079e-02	-1.0773190079e-02	-1.0773190079e-02	-6.9647070185e-03	-6.9647070185e-03	-6.9647070185e-03	-6.9647070185e-03	-1.0389889676e-03	-1.0389889676e-03	-1.0389889676e-03	-1.0389889676e-03	5.2434777984e-03	5.2434777984e-03	5.2434777984e-03	5.2434777984e-03	8.7419827452e-03	1.3465555114e-02	1.3465555114e-02	1.3465555114e-02	2.0938187647e-02	2.0938187647e-02	2.3774514304e-02	2.3774514304e-02	2.3774514304e-02	3.0998506900e-02	3.0998506900e-02	3.0998506900e-02	3.0998506900e-02	3.7926447313e-02	3.7926447313e-02	3.7926447313e-02	3.7926447313e-02	4.1199291850e-02	4.7367348602e-02	4.7367348602e-02	4.7367348602e-02	5.4132903404e-02	5.4132903404e-02	5.7493326568e-02	5.7493326568e-02	5.7493326568e-02	6.5015854661e-02	6.5015854661e-02	6.5015854661e-02	6.9256468273e-02	7.2745087395e-02	7.2745087395e-02	7.2745087395e-02	8.1363750367e-02	8.1363750367e-02	8.7738468542e-02	8.7738468542e-02	8.7738468542e-02	9.2211663407e-02	9.5346613019e-02	9.5346613019e-02	9.5346613019e-02	1.0459529817e-01	1.0782205393e-01	1.0782205393e-01	1.0782205393e-01	1.1254155451e-01	1.1858664250e-01	1.1858664250e-01	1.1858664250e-01	1.1858664250e-01	1.2871552996e-01	1.3125579264e-01	1.3125579264e-01	1.3125579264e-01	1.3680804106e-01	1.4004141493e-01	1.4004141493e-01	1.4004141493e-01	1.4820588317e-01	1.5189899834e-01	1.5189899834e-01	1.5821732792e-01	1.5821732792e-01	1.5898031007e-01	1.5898031007e-01	1.6814271432e-01	1.6814271432e-01	1.6814271432e-01	1.7398402111e-01	1.7398402111e-01	1.7398402111e-01	1.7975743313e-01	
204	0.0	-4.1627082501e-03	-4.1627082501e-03	-4.1627082501e-03	-1.0187061789e-02	-1.0187061789e-02	-1.0187061789e-02	-1.0187061789e-02	-1.1931585625e-02	-1.1931585625e-02	-1.1931585625e-02	-1.1931585625e-02	-1.0772347832e-02	-1.0772347832e-02	-1.0772347832e-02	-1.0772347832e-02	-6.9638994092e-03	-6.9638994092e-03	-6.9638994092e-03	-6.9638994092e-03	-1.0383137329e-03	-1.0383137329e-03	-1.0383137329e-03	-1.0383137329e-03	5.2439398912e-03	5.2439398912e-03	5.2439398912e-03	5.2439398912e-03	8.7422195942e-03	1.3465769556e-02	1.3465769556e-02	1.3465769556e-02	2.0937889955e-02	2.0937889955e-02	2.3774190212e-02	2.3774190212e-02	2.3774190212e-02	3.0997930927e-02	3.0997930927e-02	3.0997930927e-02	3.0997930927e-02	3.7925699093e-02	3.7925699093e-02	3.7925699093e-02	3.7925699093e-02	4.1198437476e-02	4.7366414468e-02	4.7366414468e-02	4.7366414468e-02	5.4131707602e-02	5.4131707602e-02	5.7492115612e-02	5.7492115612e-02	5.7492115612e-02	6.5014509464e-02	6.5014509464e-02	6.5014509464e-02	6.9255019807e-02	7.2743620107e-02	7.2743620107e-02	7.2743620107e-02	8.1362083377e-02	8.1362083377e-02	8.7736764460e-02	8.7736764460e-02	8.7736764460e-02	9.2209858135e-02	9.5344789148e-02	9.5344789148e-02	9.5344789148e-02	1.0459329676e-01	1.0782003363e-01	1.0782003363e-01	1.0782003363e-01	1.1253945119e-01	1.1858449942e-01	1.1858449942e-01	1.1858449942e-01	1.1858449942e-01	1.2871313854e-01	1.3125338539e-01	1.3125338539e-01	1.3125338539e-01	1.3680548858e-01	1.4003884376e-01	1.4003884376e-01	1.4003884376e-01	1.4820313418e-01	1.5189622390e-01	1.5189622390e-01	1.5821441301e-01	1.5821441301e-01	1.5897740059e-01	1.5897740059e-01	1.6813974086e-01	1.6813974086e-01	1.6813974086e-01	1.7398100413e-01	1.7398100413e-01	1.7398100413e-01	1.7975435381e-01	
205	0.0	-4.1622491366e-03	-4.1622491366e-03	-4.1622491366e-03	-1.0186289491e-02	-1.0186289491e-02	-1.0186289491e-02	-1.0186289491e-02	-1.1930682786e-02	-1.1930682786e-02	-1.1930682786e-02	-1.1930682786e-02	-1.0771403542e-02	-1.0771403542e-02	-1.0771403542e-02	-1.0771403542e-02	-6.9629939818e-03	-6.9629939818e-03	-6.9629939818e-03	-6.9629939818e-03	-1.0375416948e-03	-1.0375416948e-03	-1.0375416948e-03	-1.0375416948e-03	5.2445046082e-03	5.2445046082e-03	5.2445046082e-03	5.2445046082e-03	8.7425705252e-03	1.3466092849e-02	1.3466092849e-02	1.3466092849e-02	2.0937730739e-02	2.0937730739e-02	2.3774001650e-02	2.3774001650e-02	2.3774001650e-02	3.0997498803e-02	3.0997498803e-02	3.0997498803e-02	3.0997498803e-02	3.7925096500e-02	3.7925096500e-02	3.7925096500e-02	3.7925096500e-02	4.1197729552e-02	4.7365622322e-02	4.7365622322e-02	4.7365622322e-02	5.4130659229e-02	5.4130659229e-02	5.7491049604e-02	5.7491049604e-02	5.7491049604e-02	6.5013306406e-02	6.5013306406e-02	6.5013306406e-02	6.9253710625e-02	7.2742290062e-02	7.2742290062e-02	7.2742290062e-02	8.1360547106e-02	8.1360547106e-02	8.7735188191e-02	8.7735188191e-02	8.7735188191e-02	9.2208176828e-02	9.5343087313e-02	9.5343087313e-02	9.5343087313e-02	1.0459140442e-01	1.0781812052e-01	1.0781812052e-01	1.0781812052e-01	1.1253744770e-01	1.1858245412e-01	1.1858245412e-01	1.1858245412e-01	1.1858245412e-01	1.2871083448e-01	1.3125106468e-01	1.3125106468e-01	1.3125106468e-01	1.3680301708e-01	1.4003635300e-01	1.4003635300e-01	1.4003635300e-01	1.4820046150e-01	1.5189352798e-01	1.5189352798e-01	1.5821157326e-01	1.5821157326e-01	1.5897456812e-01	1.5897456812e-01	1.6813682803e-01	1.6813682803e-01	1.6813682803e-01	1.7397804218e-01	1.7397804218e-01	1.7397804218e-01	1.7975131167e-01	
206	0.0	-4.1617138055e-03	-4.1617138055e-03	-4.1617138055e-03	-1.0185422578e-02	-1.0185422578e-02	-1.0185422578e-02	-1.0185422578e-02	-1.1929678716e-02	-1.1929678716e-02	-1.1929678716e-02	-1.1929678716e-02	-1.0770358093e-02	-1.0770358093e-02	-1.0770358093e-02	-1.0770358093e-02	-6.9619907403e-03	-6.9619907403e-03	-6.9619907403e-03	-6.9619907403e-03	-1.0366717207e-03	-1.0366717207e-03	-1.0366717207e-03	-1.0366717207e-03	5.2451741422e-03	5.2451741422e-03	5.2451741422e-03	5.2451741422e-03	8.7430378195e-03	1.3466528585e-02	1.3466528585e-02	1.3466528585e-02	2.0937713291e-02	2.0937713291e-02	2.3773952919e-02	2.3773952919e-02	2.3773952919e-02	3.0997215274e-02	3.0997215274e-02	3.0997215274e-02	3.0997215274e-02	3.7924644145e-02	3.7924644145e-02	3.7924644145e-02	3.7924644145e-02	4.1197171144e-02	4.7364977535e-02	4.7364977535e-02	4.7364977535e-02	5.4129760174e-02	5.4129760174e-02	5.7490131726e-02	5.7490131726e-02	5.7490131726e-02	6.5012247788e-02	6.5012247788e-02	6.5012247788e-02	6.9252540437e-02	7.2741098359e-02	7.2741098359e-02	7.2741098359e-02	8.1359136989e-02	8.1359136989e-02	8.7733737792e-02	8.7733737792e-02	8.7733737792e-02	9.2206614596e-02	9.5341504210e-02	9.5341504210e-02	9.5341504210e-02	1.0458961172e-01	1.0781630681e-01	1.0781630681e-01	1.0781630681e-01	1.1253553302e-01	1.1858049887e-01	1.1858049887e-01	1.1858049887e-01	1.1858049887e-01	1.2870860317e-01	1.3124881768e-01	1.3124881768e-01	1.3124881768e-01	1.3680061003e-01	1.4003392848e-01	1.4003392848e-01	1.4003392848e-01	1.4819784475e-01	1.5189089346e-01	1.5189089346e-01	1.5820878691e-01	1.5820878691e-01	1.5897179305e-01	1.5897179305e-01	1.6813394992e-01	1.6813394992e-01	1.6813394992e-01	1.7397510987e-01	1.7397510987e-01	1.7397510987e-01	1.7974827939e-01	
207	0.0	-4.1611018254e-03	-4.1611018254e-03	-4.1611018254e-03	-1.0184459782e-02	-1.0184459782e-02	-1.0184459782e-02	-1.0184459782e-02	-1.1928571390e-02	-1.1928571390e-02	-1.1928571390e-02	-1.1928571390e-02	-1.0769208514e-02	-1.0769208514e-02	-1.0769208514e-02	-1.0769208514e-02	-6.9608856256e-03	-6.9608856256e-03	-6.9608856256e-03	-6.9608856256e-03	-1.0356986167e-03	-1.0356986167e-03	-1.0356986167e-03	-1.0356986167e-03	5.2459544726e-03	5.2459544726e-03	5.2459544726e-03	5.2459544726e-03	8.7436268087e-03	1.3467083855e-02	1.3467083855e-02	1.3467083855e-02	2.0937843002e-02	2.0937843002e-02	2.3774050707e-02	2.3774050707e-02	2.3774050707e-02	3.0997086696e-02	3.0997086696e-02	3.0997086696e-02	3.0997086696e-02	3.7924347147e-02	3.7924347147e-02	3.7924347147e-02	3.7924347147e-02	4.1196764511e-02	4.7364485182e-02	4.7364485182e-02	4.7364485182e-02	5.4129009565e-02	5.4129009565e-02	5.7489362690e-02	5.7489362690e-02	5.7489362690e-02	6.5011332254e-02	6.5011332254e-02	6.5011332254e-02	6.9251503787e-02	7.2740041171e-02	7.2740041171e-02	7.2740041171e-02	8.1357840558e-02	8.1357840558e-02	8.7732403837e-02	8.7732403837e-02	8.7732403837e-02	9.2205157544e-02	9.5340027744e-02	9.5340027744e-02	9.5340027744e-02	1.0458789745e-01	1.0781457315e-01	1.0781457315e-01	1.0781457315e-01	1.1253368311e-01	1.1857861328e-01	1.1857861328e-01	1.1857861328e-01	1.1857861328e-01	1.2870641416e-01	1.3124661593e-01	1.3124661593e-01	1.3124661593e-01	1.3679823354e-01	1.4003153888e-01	1.4003153888e-01	1.4003153888e-01	1.4819524418e-01	1.5188828414e-01	1.5188828414e-01	1.5820601142e-01	1.5820601142e-01	1.5896903511e-01	1.5896903511e-01	1.6813105795e-01	1.6813105795e-01	1.6813105795e-01	1.7397215828e-01	1.7397215828e-01	1.7397215828e-01	1.7974520553e-01	
208	0.0	-4.1604204115e-03	-4.1604204115e-03	-4.1604204115e-03	-1.0183411529e-02	-1.0183411529e-02	-1.0183411529e-02	-1.0183411529e-02	-1.1927372776e-02	-1.1927372776e-02	-1.1927372776e-02	-1.1927372776e-02	-1.0767967623e-02	-1.0767967623e-02	-1.0767967623e-02	-1.0767967623e-02	-6.9596918948e-03	-6.9596918948e-03	-6.9596918948e-03	-6.9596918948e-03	-1.0346360309e-03	-1.0346360309e-03	-1.0346360309e-03	-1.0346360309e-03	5.2468314523e-03	5.2468314523e-03	5.2468314523e-03	5.2468314523e-03	8.7443231800e-03	1.3467743156e-02	1.3467743156e-02	1.3467743156e-02	2.0938103800e-02	2.0938103800e-02	2.3774278157e-02	2.3774278157e-02	2.3774278157e-02	3.0997094435e-02	3.0997094435e-02	3.0997094435e-02	3.0997094435e-02	3.7924184541e-02	3.7924184541e-02	3.7924184541e-02	3.7924184541e-02	4.1196487334e-02	4.7364121133e-02	4.7364121133e-02	4.7364121133e-02	5.4128380671e-02	5.4128380671e-02	5.7488714517e-02	5.7488714517e-02	5.7488714517e-02	6.5010529009e-02	6.5010529009e-02	6.5010529009e-02	6.9250568296e-02	7.2739084815e-02	7.2739084815e-02	7.2739084815e-02	8.1356620917e-02	8.1356620917e-02	8.7731146886e-02	8.7731146886e-02	8.7731146886e-02	9.2203764615e-02	9.5338615427e-02	9.5338615427e-02	9.5338615427e-02	1.0458621613e-01	1.0781287258e-01	1.0781287258e-01	1.0781287258e-01	1.1253184958e-01	1.1857674593e-01	1.1857674593e-01	1.1857674593e-01	1.1857674593e-01	1.2870421301e-01	1.3124440336e-01	1.3124440336e-01	1.3124440336e-01	1.3679583003e-01	1.4002912446e-01	1.4002912446e-01	1.4002912446e-01	1.4819259786e-01	1.5188563482e-01	1.5188563482e-01	1.5820318008e-01	1.5820318008e-01	1.5896622562e-01	1.5896622562e-01	1.6812808278e-01	1.6812808278e-01	1.6812808278e-01	1.7396911415e-01	1.7396911415e-01	1.7396911415e-01	1.7974201774e-01	
209	0.0	-4.1596698060e-03	-4.1596698060e-03	-4.1596698060e-03	-1.0182277316e-02	-1.0182277316e-02	-1.0182277316e-02	-1.0182277316e-02	-1.1926081711e-02	-1.1926081711e-02	-1.1926081711e-02	-1.1926081711e-02	-1.0766633457e-02	-1.0766633457e-02	-1.0766633457e-02	-1.0766633457e-02	-6.9584067074e-03	-6.9584067074e-03	-6.9584067074e-03	-6.9584067074e-03	-1.0334803591e-03	-1.0334803591e-03	-1.0334803591e-03	-1.0334803591e-03	5.2478089604e-03	5.2478089604e-03	5.2478089604e-03	5.2478089604e-03	8.7451297569e-03	1.3468510852e-02	1.3468510852e-02	1.3468510852e-02	2.0938497774e-02	2.0938497774e-02	2.3774638548e-02	2.3774638548e-02	2.3774638548e-02	3.0997241103e-02	3.0997241103e-02	3.0997241103e-02	3.0997241103e-02	3.7924157494e-02	3.7924157494e-02	3.7924157494e-02	3.7924157494e-02	4.1196337973e-02	4.7363886381e-02	4.7363886381e-02	4.7363886381e-02	5.4127868827e-02	5.4127868827e-02	5.7488184017e-02	5.7488184017e-02	5.7488184017e-02	6.5009832953e-02	6.5009832953e-02	6.5009832953e-02	6.9249725146e-02	7.2738221968e-02	7.2738221968e-02	7.2738221968e-02	8.1355463028e-02	8.1355463028e-02	8.7729954644e-02	8.7729954644e-02	8.7729954644e-02	9.2202419532e-02	9.5337252620e-02	9.5337252620e-02	9.5337252620e-02	1.0458454513e-01	1.0781118416e-01	1.0781118416e-01	1.0781118416e-01	1.1253000737e-01	1.1857487505e-01	1.1857487505e-01	1.1857487505e-01	1.1857487505e-01	1.2870196876e-01	1.3124215078e-01	1.3124215078e-01	1.3124215078e-01	1.3679336524e-01	1.4002665328e-01	1.4002665328e-01	1.4002665328e-01	1.4818986597e-01	1.5188290889e-01	1.5188290889e-01	1.5820025027e-01	1.5820025027e-01	1.5896332407e-01	1.5896332407e-01	1.6812497626e-01	1.6812497626e-01	1.6812497626e-01	1.7396592898e-01	1.7396592898e-01	1.7396592898e-01	1.7973866501e-01	
210	0.0	-4.1588576850e-03	-4.1588576850e-03	-4.1588576850e-03	-1.0181068229e-02	-1.0181068229e-02	-1.0181068229e-02	-1.0181068229e-02	-1.1924710899e-02	-1.1924710899e-02	-1.1924710899e-02	-1.1924710899e-02	-1.0765219557e-02	-1.0765219557e-02	-1.0765219557e-02	-1.0765219557e-02	-6.9570439352e-03	-6.9570439352e-03	-6.9570439352e-03	-6.9570439352e-03	-1.0322457031e-03	-1.0322457031e-03	-1.0322457031e-03	-1.0322457031e-03	5.2488725908e-03	5.2488725908e-03	5.2488725908e-03	5.2488725908e-03	8.7460321861e-03	1.3469371701e-02	1.3469371701e-02	1.3469371701e-02	2.0939009825e-02	2.0939009825e-02	2.3775116163e-02	2.3775116163e-02	2.3775116163e-02	3.0997510242e-02	3.0997510242e-02	3.0997510242e-02	3.0997510242e-02	3.7924248739e-02	3.7924248739e-02	3.7924248739e-02	3.7924248739e-02	4.1196299325e-02	4.7363762274e-02	4.7363762274e-02	4.7363762274e-02	5.4127455920e-02	5.4127455920e-02	5.7487751936e-02	5.7487751936e-02	5.7487751936e-02	6.5009224088e-02	6.5009224088e-02	6.5009224088e-02	6.9248954996e-02	7.2737432034e-02	7.2737432034e-02	7.2737432034e-02	8.1354347764e-02	8.1354347764e-02	8.7728805487e-02	8.7728805487e-02	8.7728805487e-02	9.2201101484e-02	9.5335917093e-02	9.5335917093e-02	9.5335917093e-02	1.0458286430e-01	1.0780948626e-01	1.0780948626e-01	1.0780948626e-01	1.1252813599e-01	1.1857297711e-01	1.1857297711e-01	1.1857297711e-01	1.1857297711e-01	1.2869965997e-01	1.3123983510e-01	1.3123983510e-01	1.3123983510e-01	1.3679081720e-01	1.4002410118e-01	1.4002410118e-01	1.4002410118e-01	1.4818702574e-01	1.5188008020e-01	1.5188008020e-01	1.5819719697e-01	1.5819719697e-01	1.5896030328e-01	1.5896030328e-01	1.6812171417e-01	1.6812171417e-01	1.6812171417e-01	1.7396257624e-01	1.7396257624e-01	1.7396257624e-01	1.7973512328e-01	
211	0.0	-4.1579916685e-03	-4.1579916685e-03	-4.1579916685e-03	-1.0179795226e-02	-1.0179795226e-02	-1.0179795226e-02	-1.0179795226e-02	-1.1923272871e-02	-1.1923272871e-02	-1.1923272871e-02	-1.1923272871e-02	-1.0763739273e-02	-1.0763739273e-02	-1.0763739273e-02	-1.0763739273e-02	-6.9556172631e-03	-6.9556172631e-03	-6.9556172631e-03	-6.9556172631e-03	-1.0309459845e-03	-1.0309459845e-03	-1.0309459845e-03	-1.0309459845e-03	5.2500081373e-03	5.2500081373e-03	5.2500081373e-03	5.2500081373e-03	8.7470164223e-03	1.3470310778e-02	1.3470310778e-02	1.3470310778e-02	2.0939625462e-02	2.0939625462e-02	2.3775695911e-02	2.3775695911e-02	2.3775695911e-02	3.0997886452e-02	3.0997886452e-02	3.0997886452e-02	3.0997886452e-02	3.7924442732e-02	3.7924442732e-02	3.7924442732e-02	3.7924442732e-02	4.1196356628e-02	4.7363732629e-02	4.7363732629e-02	4.7363732629e-02	5.4127127502e-02	5.4127127502e-02	5.7487402774e-02	5.7487402774e-02	5.7487402774e-02	6.5008686999e-02	6.5008686999e-02	6.5008686999e-02	6.9248243876e-02	7.2736699890e-02	7.2736699890e-02	7.2736699890e-02	8.1353263088e-02	8.1353263088e-02	8.7727685083e-02	8.7727685083e-02	8.7727685083e-02	9.2199797776e-02	9.5334594859e-02	9.5334594859e-02	9.5334594859e-02	1.0458116337e-01	1.0780776728e-01	1.0780776728e-01	1.0780776728e-01	1.1252622578e-01	1.1857103965e-01	1.1857103965e-01	1.1857103965e-01	1.1857103965e-01	1.2869727789e-01	1.3123744601e-01	1.3123744601e-01	1.3123744601e-01	1.3678817757e-01	1.4002145777e-01	1.4002145777e-01	1.4002145777e-01	1.4818406914e-01	1.5187713757e-01	1.5187713757e-01	1.5819401077e-01	1.5819401077e-01	1.5895715185e-01	1.5895715185e-01	1.6811828843e-01	1.6811828843e-01	1.6811828843e-01	1.7395904622e-01	1.7395904622e-01	1.7395904622e-01	1.7973138524e-01	
212	0.0	-4.1570736304e-03	-4.1570736304e-03	-4.1570736304e-03	-1.0178460394e-02	-1.0178460394e-02	-1.0178460394e-02	-1.0178460394e-02	-1.1921769579e-02	-1.1921769579e-02	-1.1921769579e-02	-1.1921769579e-02	-1.0762194102e-02	-1.0762194102e-02	-1.0762194102e-02	-1.0762194102e-02	-6.9541274931e-03	-6.9541274931e-03	-6.9541274931e-03	-6.9541274931e-03	-1.0295812897e-03	-1.0295812897e-03	-1.0295812897e-03	-1.0295812897e-03	5.2512159740e-03	5.2512159740e-03	5.2512159740e-03	5.2512159740e-03	8.7480826043e-03	1.3471329333e-02	1.3471329333e-02	1.3471329333e-02	2.0940345572e-02	2.0940345572e-02	2.3776379473e-02	2.3776379473e-02	2.3776379473e-02	3.0998372219e-02	3.0998372219e-02	3.0998372219e-02	3.0998372219e-02	3.7924742907e-02	3.7924742907e-02	3.7924742907e-02	3.7924742907e-02	4.1196513540e-02	4.7363802818e-02	4.7363802818e-02	4.7363802818e-02	5.4126889475e-02	5.4126889475e-02	5.7487143355e-02	5.7487143355e-02	5.7487143355e-02	6.5008229917e-02	6.5008229917e-02	6.5008229917e-02	6.9247600596e-02	7.2736035284e-02	7.2736035284e-02	7.2736035284e-02	8.1352220055e-02	8.1352220055e-02	8.7726606181e-02	8.7726606181e-02	8.7726606181e-02	9.2198521856e-02	9.5333300377e-02	9.5333300377e-02	9.5333300377e-02	1.0457945856e-01	1.0780604446e-01	1.0780604446e-01	1.0780604446e-01	1.1252429498e-01	1.1856908281e-01	1.1856908281e-01	1.1856908281e-01	1.1856908281e-01	1.2869484420e-01	1.3123500615e-01	1.3123500615e-01	1.3123500615e-01	1.3678546975e-01	1.4001874767e-01	1.4001874767e-01	1.4001874767e-01	1.4818102102e-01	1.5187410737e-01	1.5187410737e-01	1.5819071811e-01	1.5819071811e-01	1.5895389705e-01	1.5895389705e-01	1.6811472683e-01	1.6811472683e-01	1.6811472683e-01	1.7395536838e-01	1.7395536838e-01	1.7395536838e-01	1.7972748106e-01	
213	0.0	-4.1561122945e-03	-4.1561122945e-03	-4.1561122945e-03	-1.0177076536e-02	-1.0177076536e-02	-1.0177076536e-02	-1.0177076536e-02	-1.1920215705e-02	-1.1920215705e-02	-1.1920215705e-02	-1.1920215705e-02	-1.0760599602e-02	-1.0760599602e-02	-1.0760599602e-02	-1.0760599602e-02	-6.9525903313e-03	-6.9525903313e-03	-6.9525903313e-03	-6.9525903313e-03	-1.0281671002e-03	-1.0281671002e-03	-1.0281671002e-03	-1.0281671002e-03	5.2524810649e-03	5.2524810649e-03	5.2524810649e-03	5.2524810649e-03	8.7492167557e-03	1.3472412808e-02	1.3472412808e-02	1.3472412808e-02	2.0941157873e-02	2.0941157873e-02	2.3777154132e-02	2.3777154132e-02	2.3777154132e-02	3.0998956338e-02	3.0998956338e-02	3.0998956338e-02	3.0998956338e-02	3.7925140374e-02	3.7925140374e-02	3.7925140374e-02	3.7925140374e-02	4.1196764241e-02	4.7363965960e-02	4.7363965960e-02	4.7363965960e-02	5.4126741217e-02	5.4126741217e-02	5.7486972228e-02	5.7486972228e-02	5.7486972228e-02	6.5007854468e-02	6.5007854468e-02	6.5007854468e-02	6.9247031222e-02	7.2735443359e-02	7.2735443359e-02	7.2735443359e-02	8.1351233025e-02	8.1351233025e-02	8.7725581282e-02	8.7725581282e-02	8.7725581282e-02	9.2197291031e-02	9.5332049864e-02	9.5332049864e-02	9.5332049864e-02	1.0457777632e-01	1.0780434311e-01	1.0780434311e-01	1.0780434311e-01	1.1252237416e-01	1.1856713476e-01	1.1856713476e-01	1.1856713476e-01	1.1856713476e-01	1.2869239797e-01	1.3123255322e-01	1.3123255322e-01	1.3123255322e-01	1.3678273736e-01	1.4001601259e-01	1.4001601259e-01	1.4001601259e-01	1.4817793104e-01	1.5187103625e-01	1.5187103625e-01	1.5818737164e-01	1.5818737164e-01	1.5895058943e-01	1.5895058943e-01	1.6811108857e-01	1.6811108857e-01	1.6811108857e-01	1.7395160297e-01	1.7395160297e-01	1.7395160297e-01	1.7972347572e-01	
214	0.0	-4.1551116396e-03	-4.1551116396e-03	-4.1551116396e-03	-1.0175649022e-02	-1.0175649022e-02	-1.0175649022e-02	-1.0175649022e-02	-1.1918616988e-02	-1.1918616988e-02	-1.1918616988e-02	-1.1918616988e-02	-1.0758961248e-02	-1.0758961248e-02	-1.0758961248e-02	-1.0758961248e-02	-6.9510104954e-03	-6.9510104954e-03	-6.9510104954e-03	-6.9510104954e-03	-1.0267071029e-03	-1.0267071029e-03	-1.0267071029e-03	-1.0267071029e-03	5.2538007537e-03	5.2538007537e-03	5.2538007537e-03	5.2538007537e-03	8.7504167991e-03	1.3473560254e-02	1.3473560254e-02	1.3473560254e-02	2.0942062590e-02	2.0942062590e-02	2.3778020884e-02	2.3778020884e-02	2.3778020884e-02	3.0999641881e-02	3.0999641881e-02	3.0999641881e-02	3.0999641881e-02	3.7925640867e-02	3.7925640867e-02	3.7925640867e-02	3.7925640867e-02	4.1197116364e-02	4.7364231383e-02	4.7364231383e-02	4.7364231383e-02	5.4126695768e-02	5.4126695768e-02	5.7486903360e-02	5.7486903360e-02	5.7486903360e-02	6.5007577940e-02	6.5007577940e-02	6.5007577940e-02	6.9246555645e-02	7.2734944963e-02	7.2734944963e-02	7.2734944963e-02	8.1350328207e-02	8.1350328207e-02	8.7724638357e-02	8.7724638357e-02	8.7724638357e-02	9.2196136048e-02	9.5330875103e-02	9.5330875103e-02	9.5330875103e-02	1.0457615440e-01	1.0780270202e-01	1.0780270202e-01	1.0780270202e-01	1.1252050525e-01	1.1856523934e-01	1.1856523934e-01	1.1856523934e-01	1.1856523934e-01	1.2868998925e-01	1.3123013824e-01	1.3123013824e-01	1.3123013824e-01	1.3678003478e-01	1.4001330814e-01	1.4001330814e-01	1.4001330814e-01	1.4817485867e-01	1.5186798517e-01	1.5186798517e-01	1.5818403514e-01	1.5818403514e-01	1.5894729356e-01	1.5894729356e-01	1.6810744185e-01	1.6810744185e-01	1.6810744185e-01	1.7394782155e-01	1.7394782155e-01	1.7394782155e-01	1.7971944261e-01	
215	0.0	-4.1540825907e-03	-4.1540825907e-03	-4.1540825907e-03	-1.0174193944e-02	-1.0174193944e-02	-1.0174193944e-02	-1.0174193944e-02	-1.1916991855e-02	-1.1916991855e-02	-1.1916991855e-02	-1.1916991855e-02	-1.0757298506e-02	-1.0757298506e-02	-1.0757298506e-02	-1.0757298506e-02	-6.9494075530e-03	-6.9494075530e-03	-6.9494075530e-03	-6.9494075530e-03	-1.0252204096e-03	-1.0252204096e-03	-1.0252204096e-03	-1.0252204096e-03	5.2551567764e-03	5.2551567764e-03	5.2551567764e-03	5.2551567764e-03	8.7516660574e-03	1.3474754424e-02	1.3474754424e-02	1.3474754424e-02	2.0943045602e-02	2.0943045602e-02	2.3778965185e-02	2.3778965185e-02	2.3778965185e-02	3.1000416511e-02	3.1000416511e-02	3.1000416511e-02	3.1000416511e-02	3.7926235245e-02	3.7926235245e-02	3.7926235245e-02	3.7926235245e-02	4.1197564583e-02	4.7364592814e-02	4.7364592814e-02	4.7364592814e-02	5.4126754394e-02	5.4126754394e-02	5.7486937309e-02	5.7486937309e-02	5.7486937309e-02	6.5007404823e-02	6.5007404823e-02	6.5007404823e-02	6.9246183508e-02	7.2734548978e-02	7.2734548978e-02	7.2734548978e-02	8.1349525025e-02	8.1349525025e-02	8.7723795322e-02	8.7723795322e-02	8.7723795322e-02	9.2195080293e-02	9.5329798595e-02	9.5329798595e-02	9.5329798595e-02	1.0457462682e-01	1.0780115430e-01	1.0780115430e-01	1.0780115430e-01	1.1251872726e-01	1.1856343361e-01	1.1856343361e-01	1.1856343361e-01	1.1856343361e-01	1.2868766757e-01	1.3122780961e-01	1.3122780961e-01	1.3122780961e-01	1.3677741722e-01	1.4001068800e-01	1.4001068800e-01	1.4001068800e-01	1.4817186681e-01	1.5186501458e-01	1.5186501458e-01	1.5818077607e-01	1.5818077607e-01	1.5894407513e-01	1.5894407513e-01	1.6810386186e-01	1.6810386186e-01	1.6810386186e-01	1.7394410151e-01	1.7394410151e-01	1.7394410151e-01	1.7971546404e-01	
216	0.0	-4.1530306531e-03	-4.1530306531e-03	-4.1530306531e-03	-1.0172718803e-02	-1.0172718803e-02	-1.0172718803e-02	-1.0172718803e-02	-1.1915348407e-02	-1.1915348407e-02	-1.1915348407e-02	-1.1915348407e-02	-1.0755619262e-02	-1.0755619262e-02	-1.0755619262e-02	-1.0755619262e-02	-6.9477885593e-03	-6.9477885593e-03	-6.9477885593e-03	-6.9477885593e-03	-1.0237128758e-03	-1.0237128758e-03	-1.0237128758e-03	-1.0237128758e-03	5.2565445478e-03	5.2565445478e-03	5.2565445478e-03	5.2565445478e-03	8.7529607755e-03	1.3475992737e-02	1.3475992737e-02	1.3475992737e-02	2.0944105856e-02	2.0944105856e-02	2.3779986770e-02	2.3779986770e-02	2.3779986770e-02	3.1001282301e-02	3.1001282301e-02	3.1001282301e-02	3.1001282301e-02	3.7926928562e-02	3.7926928562e-02	3.7926928562e-02	3.7926928562e-02	4.1198116108e-02	4.7365059189e-02	4.7365059189e-02	4.7365059189e-02	5.4126930197e-02	5.4126930197e-02	5.7487088142e-02	5.7487088142e-02	5.7487088142e-02	6.5007352796e-02	6.5007352796e-02	6.5007352796e-02	6.9245935341e-02	7.2734276932e-02	7.2734276932e-02	7.2734276932e-02	8.1348850808e-02	8.1348850808e-02	8.7723081370e-02	8.7723081370e-02	8.7723081370e-02	9.2194155959e-02	9.5328853603e-02	9.5328853603e-02	9.5328853603e-02	1.0457323323e-01	1.0779974068e-01	1.0779974068e-01	1.0779974068e-01	1.1251708426e-01	1.1856176370e-01	1.1856176370e-01	1.1856176370e-01	1.1856176370e-01	1.2868548599e-01	1.3122562144e-01	1.3122562144e-01	1.3122562144e-01	1.3677494260e-01	1.4000821138e-01	1.4000821138e-01	1.4000821138e-01	1.4816901953e-01	1.5186219015e-01	1.5186219015e-01	1.5817766375e-01	1.5817766375e-01	1.5894100427e-01	1.5894100427e-01	1.6810042337e-01	1.6810042337e-01	1.6810042337e-01	1.7394052157e-01	1.7394052157e-01	1.7394052157e-01	1.7971162114e-01	
217	0.0	-4.1519629035e-03	-4.1519629035e-03	-4.1519629035e-03	-1.0171233462e-02	-1.0171233462e-02	-1.0171233462e-02	-1.0171233462e-02	-1.1913697532e-02	-1.1913697532e-02	-1.1913697532e-02	-1.1913697532e-02	-1.0753934465e-02	-1.0753934465e-02	-1.0753934465e-02	-1.0753934465e-02	-6.9461638202e-03	-6.9461638202e-03	-6.9461638202e-03	-6.9461638202e-03	-1.0221937691e-03	-1.0221937691e-03	-1.0221937691e-03	-1.0221937691e-03	5.2579559432e-03	5.2579559432e-03	5.2579559432e-03	5.2579559432e-03	8.7542937379e-03	1.3477268747e-02	1.3477268747e-02	1.3477268747e-02	2.0945238453e-02	2.0945238453e-02	2.3781081253e-02	2.3781081253e-02	2.3781081253e-02	3.1002236860e-02	3.1002236860e-02	3.1002236860e-02	3.1002236860e-02	3.7927721005e-02	3.7927721005e-02	3.7927721005e-02	3.7927721005e-02	4.1198773162e-02	4.7365633865e-02	4.7365633865e-02	4.7365633865e-02	5.4127230397e-02	5.4127230397e-02	5.7487363719e-02	5.7487363719e-02	5.7487363719e-02	6.5007432788e-02	6.5007432788e-02	6.5007432788e-02	6.9245824701e-02	7.2734143049e-02	7.2734143049e-02	7.2734143049e-02	8.1348325080e-02	8.1348325080e-02	8.7722517267e-02	8.7722517267e-02	8.7722517267e-02	9.2193386551e-02	9.5328064328e-02	9.5328064328e-02	9.5328064328e-02	1.0457200368e-01	1.0779849193e-01	1.0779849193e-01	1.0779849193e-01	1.1251561005e-01	1.1856026467e-01	1.1856026467e-01	1.1856026467e-01	1.1856026467e-01	1.2868348601e-01	1.3122361586e-01	1.3122361586e-01	1.3122361586e-01	1.3677265665e-01	1.4000592473e-01	1.4000592473e-01	1.4000592473e-01	1.4816636795e-01	1.5185956379e-01	1.5185956379e-01	1.5817475367e-01	1.5817475367e-01	1.5893813675e-01	1.5893813675e-01	1.6809718660e-01	1.6809718660e-01	1.6809718660e-01	1.7393714494e-01	1.7393714494e-01	1.7393714494e-01	1.7970797960e-01	
218	0.0	-4.1508898104e-03	-4.1508898104e-03	-4.1508898104e-03	-1.0169752694e-02	-1.0169752694e-02	-1.0169752694e-02	-1.0169752694e-02	-1.1912055672e-02	-1.1912055672e-02	-1.1912055672e-02	-1.1912055672e-02	-1.0752260913e-02	-1.0752260913e-02	-1.0752260913e-02	-1.0752260913e-02	-6.9445495552e-03	-6.9445495552e-03	-6.9445495552e-03	-6.9445495552e-03	-1.0206781953e-03	-1.0206781953e-03	-1.0206781953e-03	-1.0206781953e-03	5.2593771686e-03	5.2593771686e-03	5.2593771686e-03	5.2593771686e-03	8.7556523145e-03	1.3478570533e-02	1.3478570533e-02	1.3478570533e-02	2.0946433502e-02	2.0946433502e-02	2.3782239242e-02	2.3782239242e-02	2.3782239242e-02	3.1003273120e-02	3.1003273120e-02	3.1003273120e-02	3.1003273120e-02	3.7928608498e-02	3.7928608498e-02	3.7928608498e-02	3.7928608498e-02	4.1199534142e-02	4.7366316322e-02	4.7366316322e-02	4.7366316322e-02	5.4127659181e-02	5.4127659181e-02	5.7487768809e-02	5.7487768809e-02	5.7487768809e-02	6.5007653081e-02	6.5007653081e-02	6.5007653081e-02	6.9245863055e-02	7.2734159389e-02	7.2734159389e-02	7.2734159389e-02	8.1347966257e-02	8.1347966257e-02	8.7722122532e-02	8.7722122532e-02	8.7722122532e-02	9.2192794882e-02	9.5327454213e-02	9.5327454213e-02	9.5327454213e-02	1.0457096856e-01	1.0779743908e-01	1.0779743908e-01	1.0779743908e-01	1.1251433920e-01	1.1855897229e-01	1.1855897229e-01	1.1855897229e-01	1.1855897229e-01	1.2868171090e-01	1.3122183674e-01	1.3122183674e-01	1.3122183674e-01	1.3677060737e-01	1.4000387682e-01	1.4000387682e-01	1.4000387682e-01	1.4816396648e-01	1.5185719079e-01	1.5185719079e-01	1.5817210542e-01	1.5817210542e-01	1.5893553252e-01	1.5893553252e-01	1.6809421728e-01	1.6809421728e-01	1.6809421728e-01	1.7393404122e-01	1.7393404122e-01	1.7393404122e-01	1.7970461234e-01	
219	0.0	-4.1498181015e-03	-4.1498181015e-03	-4.1498181015e-03	-1.0168285345e-02	-1.0168285345e-02	-1.0168285345e-02	-1.0168285345e-02	-1.1910432351e-02	-1.1910432351e-02	-1.1910432351e-02	-1.1910432351e-02	-1.0750607964e-02	-1.0750607964e-02	-1.0750607964e-02	-1.0750607964e-02	-6.9429543854e-03	-6.9429543854e-03	-6.9429543854e-03	-6.9429543854e-03	-1.0191738506e-03	-1.0191738506e-03	-1.0191738506e-03	-1.0191738506e-03	5.2608013069e-03	5.2608013069e-03	5.2608013069e-03	5.2608013069e-03	8.7570298559e-03	1.3479892286e-02	1.3479892286e-02	1.3479892286e-02	2.0947685283e-02	2.0947685283e-02	2.3783455531e-02	2.3783455531e-02	2.3783455531e-02	3.1004386676e-02	3.1004386676e-02	3.1004386676e-02	3.1004386676e-02	3.7929587648e-02	3.7929587648e-02	3.7929587648e-02	3.7929587648e-02	4.1200396158e-02	4.7367104711e-02	4.7367104711e-02	4.7367104711e-02	5.4128215469e-02	5.4128215469e-02	5.7488302938e-02	5.7488302938e-02	5.7488302938e-02	6.5008014363e-02	6.5008014363e-02	6.5008014363e-02	6.9246051695e-02	7.2734327880e-02	7.2734327880e-02	7.2734327880e-02	8.1347777436e-02	8.1347777436e-02	8.7721901458e-02	8.7721901458e-02	8.7721901458e-02	9.2192385856e-02	9.5327028836e-02	9.5327028836e-02	9.5327028836e-02	1.0457013495e-01	1.0779658988e-01	1.0779658988e-01	1.0779658988e-01	1.1251328028e-01	1.1855789637e-01	1.1855789637e-01	1.1855789637e-01	1.1855789637e-01	1.2868017235e-01	1.3122029638e-01	1.3122029638e-01	1.3122029638e-01	1.3676880819e-01	1.4000208178e-01	1.4000208178e-01	1.4000208178e-01	1.4816183077e-01	1.5185508761e-01	1.5185508761e-01	1.5816973669e-01	1.5816973669e-01	1.5893320961e-01	1.5893320961e-01	1.6809153500e-01	1.6809153500e-01	1.6809153500e-01	1.7393123148e-01	1.7393123148e-01	1.7393123148e-01	1.7970154169e-01	
220	0.0	-4.1487589158e-03	-4.1487589158e-03	-4.1487589158e-03	-1.0166846881e-02	-1.0166846881e-02	-1.0166846881e-02	-1.0166846881e-02	-1.1908844825e-02	-1.1908844825e-02	-1.1908844825e-02	-1.1908844825e-02	-1.0748993439e-02	-1.0748993439e-02	-1.0748993439e-02	-1.0748993439e-02	-6.9413959006e-03	-6.9413959006e-03	-6.9413959006e-03	-6.9413959006e-03	-1.0176978036e-03	-1.0176978036e-03	-1.0176978036e-03	-1.0176978036e-03	5.2622117877e-03	5.2622117877e-03	5.2622117877e-03	5.2622117877e-03	8.7584102960e-03	1.3481217958e-02	1.3481217958e-02	1.3481217958e-02	2.0948978291e-02	2.0948978291e-02	2.3784714645e-02	2.3784714645e-02	2.3784714645e-02	3.1005562698e-02	3.1005562698e-02	3.1005562698e-02	3.1005562698e-02	3.7930644624e-02	3.7930644624e-02	3.7930644624e-02	3.7930644624e-02	4.1201346442e-02	4.7367986305e-02	4.7367986305e-02	4.7367986305e-02	5.4128888451e-02	5.4128888451e-02	5.7488955286e-02	5.7488955286e-02	5.7488955286e-02	6.5008507053e-02	6.5008507053e-02	6.5008507053e-02	6.9246382465e-02	7.2734640338e-02	7.2734640338e-02	7.2734640338e-02	8.1347753251e-02	8.1347753251e-02	8.7721848610e-02	8.7721848610e-02	8.7721848610e-02	9.2192155513e-02	9.5326784176e-02	9.5326784176e-02	9.5326784176e-02	1.0456950207e-01	1.0779594350e-01	1.0779594350e-01	1.0779594350e-01	1.1251243411e-01	1.1855703753e-01	1.1855703753e-01	1.1855703753e-01	1.1855703753e-01	1.2867887451e-01	1.3121899879e-01	1.3121899879e-01	1.3121899879e-01	1.3676726508e-01	1.4000054537e-01	1.4000054537e-01	1.4000054537e-01	1.4815996943e-01	1.5185326234e-01	1.5185326234e-01	1.5816765783e-01	1.5816765783e-01	1.5893117790e-01	1.5893117790e-01	1.6808915310e-01	1.6808915310e-01	1.6808915310e-01	1.7392873011e-01	1.7392873011e-01	1.7392873011e-01	1.7969878435e-01	
221	0.0	-4.1477190768e-03	-4.1477190768e-03	-4.1477190768e-03	-1.0165445860e-02	-1.0165445860e-02	-1.0165445860e-02	-1.0165445860e-02	-1.1907302107e-02	-1.1907302107e-02	-1.1907302107e-02	-1.1907302107e-02	-1.0747426044e-02	-1.0747426044e-02	-1.0747426044e-02	-1.0747426044e-02	-6.9398820334e-03	-6.9398820334e-03	-6.9398820334e-03	-6.9398820334e-03	-1.0162572091e-03	-1.0162572091e-03	-1.0162572091e-03	-1.0162572091e-03	5.2636018510e-03	5.2636018510e-03	5.2636018510e-03	5.2636018510e-03	8.7597864455e-03	1.3482541437e-02	1.3482541437e-02	1.3482541437e-02	2.0950305062e-02	2.0950305062e-02	2.3786009842e-02	2.3786009842e-02	2.3786009842e-02	3.1006794464e-02	3.1006794464e-02	3.1006794464e-02	3.1006794464e-02	3.7931772734e-02	3.7931772734e-02	3.7931772734e-02	3.7931772734e-02	4.1202377673e-02	4.7368955252e-02	4.7368955252e-02	4.7368955252e-02	5.4129670820e-02	5.4129670820e-02	5.7489719422e-02	5.7489719422e-02	5.7489719422e-02	6.5009124843e-02	6.5009124843e-02	6.5009124843e-02	6.9246848279e-02	7.2735090567e-02	7.2735090567e-02	7.2735090567e-02	8.1347885872e-02	8.1347885872e-02	8.7721957813e-02	8.7721957813e-02	8.7721957813e-02	9.2192096851e-02	9.5326714170e-02	9.5326714170e-02	9.5326714170e-02	1.0456906239e-01	1.0779549336e-01	1.0779549336e-01	1.0779549336e-01	1.1251179339e-01	1.1855639028e-01	1.1855639028e-01	1.1855639028e-01	1.1855639028e-01	1.2867781037e-01	1.3121793790e-01	1.3121793790e-01	1.3121793790e-01	1.3676597120e-01	1.3999926190e-01	1.3999926190e-01	1.3999926190e-01	1.4815837568e-01	1.5185170971e-01	1.5185170971e-01	1.5816586277e-01	1.5816586277e-01	1.5892943216e-01	1.5892943216e-01	1.6808706548e-01	1.6808706548e-01	1.6808706548e-01	1.7392653202e-01	1.7392653202e-01	1.7392653202e-01	1.7969633547e-01	
222	0.0	-4.1467050688e-03	-4.1467050688e-03	-4.1467050688e-03	-1.0164090178e-02	-1.0164090178e-02	-1.0164090178e-02	-1.0164090178e-02	-1.1905812437e-02	-1.1905812437e-02	-1.1905812437e-02	-1.1905812437e-02	-1.0745913694e-02	-1.0745913694e-02	-1.0745913694e-02	-1.0745913694e-02	-6.9384200098e-03	-6.9384200098e-03	-6.9384200098e-03	-6.9384200098e-03	-1.0148587312e-03	-1.0148587312e-03	-1.0148587312e-03	-1.0148587312e-03	5.2649648921e-03	5.2649648921e-03	5.2649648921e-03	5.2649648921e-03	8.7611509320e-03	1.3483856302e-02	1.3483856302e-02	1.3483856302e-02	2.0951657156e-02	2.0951657156e-02	2.3787333296e-02	2.3787333296e-02	2.3787333296e-02	3.1008073622e-02	3.1008073622e-02	3.1008073622e-02	3.1008073622e-02	3.7932963081e-02	3.7932963081e-02	3.7932963081e-02	3.7932963081e-02	4.1203479932e-02	4.7370002837e-02	4.7370002837e-02	4.7370002837e-02	5.4130551673e-02	5.4130551673e-02	5.7490585160e-02	5.7490585160e-02	5.7490585160e-02	6.5009857097e-02	6.5009857097e-02	6.5009857097e-02	6.9247437317e-02	7.2735667461e-02	7.2735667461e-02	7.2735667461e-02	8.1348161787e-02	8.1348161787e-02	8.7722216878e-02	8.7722216878e-02	8.7722216878e-02	9.2192196455e-02	9.5326806157e-02	9.5326806157e-02	9.5326806157e-02	1.0456880099e-01	1.0779522532e-01	1.0779522532e-01	1.0779522532e-01	1.1251134286e-01	1.1855594077e-01	1.1855594077e-01	1.1855594077e-01	1.1855594077e-01	1.2867696367e-01	1.3121709818e-01	1.3121709818e-01	1.3121709818e-01	1.3676490973e-01	1.3999821550e-01	1.3999821550e-01	1.3999821550e-01	1.4815703188e-01	1.5185041327e-01	1.5185041327e-01	1.5816433380e-01	1.5816433380e-01	1.5892795534e-01	1.5892795534e-01	1.6808525384e-01	1.6808525384e-01	1.6808525384e-01	1.7392461932e-01	1.7392461932e-01	1.7392461932e-01	1.7969417714e-01	
223	0.0	-4.1457319286e-03	-4.1457319286e-03	-4.1457319286e-03	-1.0162800947e-02	-1.0162800947e-02	-1.0162800947e-02	-1.0162800947e-02	-1.1904399779e-02	-1.1904399779e-02	-1.1904399779e-02	-1.1904399779e-02	-1.0744481820e-02	-1.0744481820e-02	-1.0744481820e-02	-1.0744481820e-02	-6.9370358947e-03	-6.9370358947e-03	-6.9370358947e-03	-6.9370358947e-03	-1.0135289717e-03	-1.0135289717e-03	-1.0135289717e-03	-1.0135289717e-03	5.2662736651e-03	5.2662736651e-03	5.2662736651e-03	5.2662736651e-03	8.7624766663e-03	1.3485133949e-02	1.3485133949e-02	1.3485133949e-02	2.0953005796e-02	2.0953005796e-02	2.3788655140e-02	2.3788655140e-02	2.3788655140e-02	3.1009369358e-02	3.1009369358e-02	3.1009369358e-02	3.1009369358e-02	3.7934184373e-02	3.7934184373e-02	3.7934184373e-02	3.7934184373e-02	4.1204622991e-02	4.7371096308e-02	4.7371096308e-02	4.7371096308e-02	5.4131500225e-02	5.4131500225e-02	5.7491520133e-02	5.7491520133e-02	5.7491520133e-02	6.5010671177e-02	6.5010671177e-02	6.5010671177e-02	6.9248118617e-02	7.2736338378e-02	7.2736338378e-02	7.2736338378e-02	8.1348551810e-02	8.1348551810e-02	8.7722593393e-02	8.7722593393e-02	8.7722593393e-02	9.2192423746e-02	9.5327027695e-02	9.5327027695e-02	9.5327027695e-02	1.0456868947e-01	1.0779510906e-01	1.0779510906e-01	1.0779510906e-01	1.1251105426e-01	1.1855565689e-01	1.1855565689e-01	1.1855565689e-01	1.1855565689e-01	1.2867630665e-01	1.3121644979e-01	1.3121644979e-01	1.3121644979e-01	1.3676405323e-01	1.3999737601e-01	1.3999737601e-01	1.3999737601e-01	1.4815591162e-01	1.5184934255e-01	1.5184934255e-01	1.5816304339e-01	1.5816304339e-01	1.5892671734e-01	1.5892671734e-01	1.6808369300e-01	1.6808369300e-01	1.6808369300e-01	1.7392296500e-01	1.7392296500e-01	1.7392296500e-01	1.7969228548e-01	
224	0.0	-4.1448186563e-03	-4.1448186563e-03	-4.1448186563e-03	-1.0161605468e-02	-1.0161605468e-02	-1.0161605468e-02	-1.0161605468e-02	-1.1903095516e-02	-1.1903095516e-02	-1.1903095516e-02	-1.1903095516e-02	-1.0743164167e-02	-1.0743164167e-02	-1.0743164167e-02	-1.0743164167e-02	-6.9357647303e-03	-6.9357647303e-03	-6.9357647303e-03	-6.9357647303e-03	-1.0123040610e-03	-1.0123040610e-03	-1.0123040610e-03	-1.0123040610e-03	5.2674910552e-03	5.2674910552e-03	5.2674910552e-03	5.2674910552e-03	8.7637272100e-03	1.3486335187e-02	1.3486335187e-02	1.3486335187e-02	2.0954312718e-02	2.0954312718e-02	2.3789935149e-02	2.3789935149e-02	2.3789935149e-02	3.1010640470e-02	3.1010640470e-02	3.1010640470e-02	3.1010640470e-02	3.7935395295e-02	3.7935395295e-02	3.7935395295e-02	3.7935395295e-02	4.1205768055e-02	4.7372192398e-02	4.7372192398e-02	4.7372192398e-02	5.4132478128e-02	5.4132478128e-02	5.7492483197e-02	5.7492483197e-02	5.7492483197e-02	6.5011526252e-02	6.5011526252e-02	6.5011526252e-02	6.9248855094e-02	7.2737063270e-02	7.2737063270e-02	7.2737063270e-02	8.1349023625e-02	8.1349023625e-02	8.7723049369e-02	8.7723049369e-02	8.7723049369e-02	9.2192744796e-02	9.5327341574e-02	9.5327341574e-02	9.5327341574e-02	1.0456869926e-01	1.0779511266e-01	1.0779511266e-01	1.0779511266e-01	1.1251090011e-01	1.1855550433e-01	1.1855550433e-01	1.1855550433e-01	1.1855550433e-01	1.2867581437e-01	1.3121596409e-01	1.3121596409e-01	1.3121596409e-01	1.3676337817e-01	1.3999671508e-01	1.3999671508e-01	1.3999671508e-01	1.4815499437e-01	1.5184846993e-01	1.5184846993e-01	1.5816197002e-01	1.5816197002e-01	1.5892569212e-01	1.5892569212e-01	1.6808236658e-01	1.6808236658e-01	1.6808236658e-01	1.7392154988e-01	1.7392154988e-01	1.7392154988e-01	1.7969064681e-01	
225	0.0	-4.1439618051e-03	-4.1439618051e-03	-4.1439618051e-03	-1.0160496118e-02	-1.0160496118e-02	-1.0160496118e-02	-1.0160496118e-02	-1.1901889552e-02	-1.1901889552e-02	-1.1901889552e-02	-1.1901889552e-02	-1.0741948552e-02	-1.0741948552e-02	-1.0741948552e-02	-1.0741948552e-02	-6.9345926347e-03	-6.9345926347e-03	-6.9345926347e-03	-6.9345926347e-03	-1.0111691268e-03	-1.0111691268e-03	-1.0111691268e-03	-1.0111691268e-03	5.2686317512e-03	5.2686317512e-03	5.2686317512e-03	5.2686317512e-03	8.7649147204e-03	1.3487475229e-02	1.3487475229e-02	1.3487475229e-02	2.0955587605e-02	2.0955587605e-02	2.3791185026e-02	2.3791185026e-02	2.3791185026e-02	3.1011897432e-02	3.1011897432e-02	3.1011897432e-02	3.1011897432e-02	3.7936604756e-02	3.7936604756e-02	3.7936604756e-02	3.7936604756e-02	4.1206920501e-02	4.7373300749e-02	4.7373300749e-02	4.7373300749e-02	5.4133487829e-02	5.4133487829e-02	5.7493479433e-02	5.7493479433e-02	5.7493479433e-02	6.5012425981e-02	6.5012425981e-02	6.5012425981e-02	6.9249646025e-02	7.2737844124e-02	7.2737844124e-02	7.2737844124e-02	8.1349570419e-02	8.1349570419e-02	8.7723583091e-02	8.7723583091e-02	8.7723583091e-02	9.2193153353e-02	9.5327744477e-02	9.5327744477e-02	9.5327744477e-02	1.0456881798e-01	1.0779522673e-01	1.0779522673e-01	1.0779522673e-01	1.1251086645e-01	1.1855547503e-01	1.1855547503e-01	1.1855547503e-01	1.1855547503e-01	1.2867546886e-01	1.3121562623e-01	1.3121562623e-01	1.3121562623e-01	1.3676286429e-01	1.3999621650e-01	1.3999621650e-01	1.3999621650e-01	1.4815425596e-01	1.5184777692e-01	1.5184777692e-01	1.5816108909e-01	1.5816108909e-01	1.5892485856e-01	1.5892485856e-01	1.6808124525e-01	1.6808124525e-01	1.6808124525e-01	1.7392034632e-01	1.7392034632e-01	1.7392034632e-01	1.7968922975e-01	
226	0.0	-4.1431621587e-03	-4.1431621587e-03	-4.1431621587e-03	-1.0159471916e-02	-1.0159471916e-02	-1.0159471916e-02	-1.0159471916e-02	-1.1900779775e-02	-1.1900779775e-02	-1.1900779775e-02	-1.1900779775e-02	-1.0740831777e-02	-1.0740831777e-02	-1.0740831777e-02	-1.0740831777e-02	-6.9335154839e-03	-6.9335154839e-03	-6.9335154839e-03	-6.9335154839e-03	-1.0101197023e-03	-1.0101197023e-03	-1.0101197023e-03	-1.0101197023e-03	5.2696996383e-03	5.2696996383e-03	5.2696996383e-03	5.2696996383e-03	8.7660411348e-03	1.3488557646e-02	1.3488557646e-02	1.3488557646e-02	2.0956829713e-02	2.0956829713e-02	2.3792405054e-02	2.3792405054e-02	2.3792405054e-02	3.1013139226e-02	3.1013139226e-02	3.1013139226e-02	3.1013139226e-02	3.7937810512e-02	3.7937810512e-02	3.7937810512e-02	3.7937810512e-02	4.1208076086e-02	4.7374419214e-02	4.7374419214e-02	4.7374419214e-02	5.4134523079e-02	5.4134523079e-02	5.7494503886e-02	5.7494503886e-02	5.7494503886e-02	6.5013364517e-02	6.5013364517e-02	6.5013364517e-02	6.9250483324e-02	7.2738674166e-02	7.2738674166e-02	7.2738674166e-02	8.1350181013e-02	8.1350181013e-02	8.7724185836e-02	8.7724185836e-02	8.7724185836e-02	9.2193638445e-02	9.5328226847e-02	9.5328226847e-02	9.5328226847e-02	1.0456903174e-01	1.0779543881e-01	1.0779543881e-01	1.0779543881e-01	1.1251093863e-01	1.1855555712e-01	1.1855555712e-01	1.1855555712e-01	1.1855555712e-01	1.2867525339e-01	1.3121542101e-01	1.3121542101e-01	1.3121542101e-01	1.3676249372e-01	1.3999586430e-01	1.3999586430e-01	1.3999586430e-01	1.4815367648e-01	1.5184724634e-01	1.5184724634e-01	1.5816038037e-01	1.5816038037e-01	1.5892419804e-01	1.5892419804e-01	1.6808030673e-01	1.6808030673e-01	1.6808030673e-01	1.7391933274e-01	1.7391933274e-01	1.7391933274e-01	1.7968801111e-01	
227	0.0	-4.1424214850e-03	-4.1424214850e-03	-4.1424214850e-03	-1.0158533563e-02	-1.0158533563e-02	-1.0158533563e-02	-1.0158533563e-02	-1.1899766179e-02	-1.1899766179e-02	-1.1899766179e-02	-1.1899766179e-02	-1.0739813101e-02	-1.0739813101e-02	-1.0739813101e-02	-1.0739813101e-02	-6.9325319021e-03	-6.9325319021e-03	-6.9325319021e-03	-6.9325319021e-03	-1.0091543150e-03	-1.0091543150e-03	-1.0091543150e-03	-1.0091543150e-03	5.2706954761e-03	5.2706954761e-03	5.2706954761e-03	5.2706954761e-03	8.7671055303e-03	1.3489582636e-02	1.3489582636e-02	1.3489582636e-02	2.0958035506e-02	2.0958035506e-02	2.3793592362e-02	2.3793592362e-02	2.3793592362e-02	3.1014361825e-02	3.1014361825e-02	3.1014361825e-02	3.1014361825e-02	3.7939007709e-02	3.7939007709e-02	3.7939007709e-02	3.7939007709e-02	4.1209228809e-02	4.7375543094e-02	4.7375543094e-02	4.7375543094e-02	5.4135576780e-02	5.4135576780e-02	5.7495550259e-02	5.7495550259e-02	5.7495550259e-02	6.5014335224e-02	6.5014335224e-02	6.5014335224e-02	6.9251359292e-02	7.2739546494e-02	7.2739546494e-02	7.2739546494e-02	8.1350846533e-02	8.1350846533e-02	8.7724850202e-02	8.7724850202e-02	8.7724850202e-02	9.2194191684e-02	9.5328781128e-02	9.5328781128e-02	9.5328781128e-02	1.0456933122e-01	1.0779574043e-01	1.0779574043e-01	1.0779574043e-01	1.1251110733e-01	1.1855574286e-01	1.1855574286e-01	1.1855574286e-01	1.1855574286e-01	1.2867515822e-01	1.3121533950e-01	1.3121533950e-01	1.3121533950e-01	1.3676225639e-01	1.3999564949e-01	1.3999564949e-01	1.3999564949e-01	1.4815324527e-01	1.5184686893e-01	1.5184686893e-01	1.5815983330e-01	1.5815983330e-01	1.5892370081e-01	1.5892370081e-01	1.6807953982e-01	1.6807953982e-01	1.6807953982e-01	1.7391849859e-01	1.7391849859e-01	1.7391849859e-01	1.7968697984e-01	
228	0.0	-4.1417445375e-03	-4.1417445375e-03	-4.1417445375e-03	-1.0157686568e-02	-1.0157686568e-02	-1.0157686568e-02	-1.0157686568e-02	-1.1898854577e-02	-1.1898854577e-02	-1.1898854577e-02	-1.1898854577e-02	-1.0738898354e-02	-1.0738898354e-02	-1.0738898354e-02	-1.0738898354e-02	-6.9316476504e-03	-6.9316476504e-03	-6.9316476504e-03	-6.9316476504e-03	-1.0082790631e-03	-1.0082790631e-03	-1.0082790631e-03	-1.0082790631e-03	5.2716122570e-03	5.2716122570e-03	5.2716122570e-03	5.2716122570e-03	8.7680997823e-03	1.3490542149e-02	1.3490542149e-02	1.3490542149e-02	2.0959194350e-02	2.0959194350e-02	2.3794736250e-02	2.3794736250e-02	2.3794736250e-02	3.1015553513e-02	3.1015553513e-02	3.1015553513e-02	3.1015553513e-02	3.7940184279e-02	3.7940184279e-02	3.7940184279e-02	3.7940184279e-02	4.1210366782e-02	4.7376660203e-02	4.7376660203e-02	4.7376660203e-02	5.4136636980e-02	5.4136636980e-02	5.7496606418e-02	5.7496606418e-02	5.7496606418e-02	6.5015326215e-02	6.5015326215e-02	6.5015326215e-02	6.9252262760e-02	7.2740449707e-02	7.2740449707e-02	7.2740449707e-02	8.1351557242e-02	8.1351557242e-02	8.7725565969e-02	8.7725565969e-02	8.7725565969e-02	9.2194803749e-02	9.5329397701e-02	9.5329397701e-02	9.5329397701e-02	1.0456970890e-01	1.0779612375e-01	1.0779612375e-01	1.0779612375e-01	1.1251136582e-01	1.1855602479e-01	1.1855602479e-01	1.1855602479e-01	1.1855602479e-01	1.2867517813e-01	1.3121537607e-01	1.3121537607e-01	1.3121537607e-01	1.3676214789e-01	1.3999556709e-01	1.3999556709e-01	1.3999556709e-01	1.4815295911e-01	1.5184664057e-01	1.5184664057e-01	1.5815944512e-01	1.5815944512e-01	1.5892336342e-01	1.5892336342e-01	1.6807894350e-01	1.6807894350e-01	1.6807894350e-01	1.7391784291e-01	1.7391784291e-01	1.7391784291e-01	1.7968613630e-01	
229	0.0	-4.1411342293e-03	-4.1411342293e-03	-4.1411342293e-03	-1.0156933753e-02	-1.0156933753e-02	-1.0156933753e-02	-1.0156933753e-02	-1.1898047689e-02	-1.1898047689e-02	-1.1898047689e-02	-1.1898047689e-02	-1.0738090047e-02	-1.0738090047e-02	-1.0738090047e-02	-1.0738090047e-02	-6.9308650682e-03	-6.9308650682e-03	-6.9308650682e-03	-6.9308650682e-03	-1.0074965695e-03	-1.0074965695e-03	-1.0074965695e-03	-1.0074965695e-03	5.2724464696e-03	5.2724464696e-03	5.2724464696e-03	5.2724464696e-03	8.7690191438e-03	1.3491431748e-02	1.3491431748e-02	1.3491431748e-02	2.0960298977e-02	2.0960298977e-02	2.3795829548e-02	2.3795829548e-02	2.3795829548e-02	3.1016706145e-02	3.1016706145e-02	3.1016706145e-02	3.1016706145e-02	3.7941331773e-02	3.7941331773e-02	3.7941331773e-02	3.7941331773e-02	4.1211481566e-02	4.7377762185e-02	4.7377762185e-02	4.7377762185e-02	5.4137695163e-02	5.4137695163e-02	5.7497663915e-02	5.7497663915e-02	5.7497663915e-02	6.5016329306e-02	6.5016329306e-02	6.5016329306e-02	6.9253185979e-02	7.2741376091e-02	7.2741376091e-02	7.2741376091e-02	8.1352306499e-02	8.1352306499e-02	8.7726326528e-02	8.7726326528e-02	8.7726326528e-02	9.2195468621e-02	9.5330070550e-02	9.5330070550e-02	9.5330070550e-02	1.0457016021e-01	1.0779658418e-01	1.0779658418e-01	1.0779658418e-01	1.1251171030e-01	1.1855639903e-01	1.1855639903e-01	1.1855639903e-01	1.1855639903e-01	1.2867531071e-01	1.3121552825e-01	1.3121552825e-01	1.3121552825e-01	1.3676216655e-01	1.3999561533e-01	1.3999561533e-01	1.3999561533e-01	1.4815281741e-01	1.5184656042e-01	1.5184656042e-01	1.5815921588e-01	1.5815921588e-01	1.5892318570e-01	1.5892318570e-01	1.6807851910e-01	1.6807851910e-01	1.6807851910e-01	1.7391736749e-01	1.7391736749e-01	1.7391736749e-01	1.7968548311e-01	
230	0.0	-4.1405950638e-03	-4.1405950638e-03	-4.1405950638e-03	-1.0156280612e-02	-1.0156280612e-02	-1.0156280612e-02	-1.0156280612e-02	-1.1897351518e-02	-1.1897351518e-02	-1.1897351518e-02	-1.1897351518e-02	-1.0737394451e-02	-1.0737394451e-02	-1.0737394451e-02	-1.0737394451e-02	-6.9301906328e-03	-6.9301906328e-03	-6.9301906328e-03	-6.9301906328e-03	-1.0068138846e-03	-1.0068138846e-03	-1.0068138846e-03	-1.0068138846e-03	5.2731900525e-03	5.2731900525e-03	5.2731900525e-03	5.2731900525e-03	8.7698546858e-03	1.3492242129e-02	1.3492242129e-02	1.3492242129e-02	2.0961337976e-02	2.0961337976e-02	2.3796860469e-02	2.3796860469e-02	2.3796860469e-02	3.1017807005e-02	3.1017807005e-02	3.1017807005e-02	3.1017807005e-02	3.7942437385e-02	3.7942437385e-02	3.7942437385e-02	3.7942437385e-02	4.1212561100e-02	4.7378836040e-02	4.7378836040e-02	4.7378836040e-02	5.4138739609e-02	5.4138739609e-02	5.7498710474e-02	5.7498710474e-02	5.7498710474e-02	6.5017332713e-02	6.5017332713e-02	6.5017332713e-02	6.9254118545e-02	7.2742314635e-02	7.2742314635e-02	7.2742314635e-02	8.1353086283e-02	8.1353086283e-02	8.7727122685e-02	8.7727122685e-02	8.7727122685e-02	9.2196178684e-02	9.5330791365e-02	9.5330791365e-02	9.5330791365e-02	1.0457068028e-01	1.0779711616e-01	1.0779711616e-01	1.0779711616e-01	1.1251213698e-01	1.1855686027e-01	1.1855686027e-01	1.1855686027e-01	1.1855686027e-01	1.2867555440e-01	1.3121579366e-01	1.3121579366e-01	1.3121579366e-01	1.3676231202e-01	1.3999579277e-01	1.3999579277e-01	1.3999579277e-01	1.4815282179e-01	1.5184662845e-01	1.5184662845e-01	1.5815914787e-01	1.5815914787e-01	1.5892316887e-01	1.5892316887e-01	1.6807827152e-01	1.6807827152e-01	1.6807827152e-01	1.7391707728e-01	1.7391707728e-01	1.7391707728e-01	1.7968502705e-01	
231	0.0	-4.1401313366e-03	-4.1401313366e-03	-4.1401313366e-03	-1.0155732507e-02	-1.0155732507e-02	-1.0155732507e-02	-1.0155732507e-02	-1.1896772021e-02	-1.1896772021e-02	-1.1896772021e-02	-1.1896772021e-02	-1.0736817900e-02	-1.0736817900e-02	-1.0736817900e-02	-1.0736817900e-02	-6.9296310158e-03	-6.9296310158e-03	-6.9296310158e-03	-6.9296310158e-03	-1.0062383649e-03	-1.0062383649e-03	-1.0062383649e-03	-1.0062383649e-03	5.2738345869e-03	5.2738345869e-03	5.2738345869e-03	5.2738345869e-03	8.7705972182e-03	1.3492963516e-02	1.3492963516e-02	1.3492963516e-02	2.0962299646e-02	2.0962299646e-02	2.3797816798e-02	2.3797816798e-02	2.3797816798e-02	3.1018842918e-02	3.1018842918e-02	3.1018842918e-02	3.1018842918e-02	3.7943487846e-02	3.7943487846e-02	3.7943487846e-02	3.7943487846e-02	4.1213592991e-02	4.7379868144e-02	4.7379868144e-02	4.7379868144e-02	5.4139758200e-02	5.4139758200e-02	5.7499733256e-02	5.7499733256e-02	5.7499733256e-02	6.5018324041e-02	6.5018324041e-02	6.5018324041e-02	6.9255049570e-02	7.2743253674e-02	7.2743253674e-02	7.2743253674e-02	8.1353888159e-02	8.1353888159e-02	8.7727944509e-02	8.7727944509e-02	8.7727944509e-02	9.2196925712e-02	9.5331551043e-02	9.5331551043e-02	9.5331551043e-02	1.0457126368e-01	1.0779771334e-01	1.0779771334e-01	1.0779771334e-01	1.1251264144e-01	1.1855740225e-01	1.1855740225e-01	1.1855740225e-01	1.1855740225e-01	1.2867590687e-01	1.3121616897e-01	1.3121616897e-01	1.3121616897e-01	1.3676258314e-01	1.3999609695e-01	1.3999609695e-01	1.3999609695e-01	1.4815297304e-01	1.5184684352e-01	1.5184684352e-01	1.5815924248e-01	1.5815924248e-01	1.5892331304e-01	1.5892331304e-01	1.6807820464e-01	1.6807820464e-01	1.6807820464e-01	1.7391697607e-01	1.7391697607e-01	1.7391697607e-01	1.7968477386e-01	
232	0.0	-4.1397428842e-03	-4.1397428842e-03	-4.1397428842e-03	-1.0155288077e-02	-1.0155288077e-02	-1.0155288077e-02	-1.0155288077e-02	-1.1896307262e-02	-1.1896307262e-02	-1.1896307262e-02	-1.1896307262e-02	-1.0736358090e-02	-1.0736358090e-02	-1.0736358090e-02	-1.0736358090e-02	-6.9291837676e-03	-6.9291837676e-03	-6.9291837676e-03	-6.9291837676e-03	-1.0057679026e-03	-1.0057679026e-03	-1.0057679026e-03	-1.0057679026e-03	5.2743812891e-03	5.2743812891e-03	5.2743812891e-03	5.2743812891e-03	8.7712467103e-03	1.3493596239e-02	1.3493596239e-02	1.3493596239e-02	2.0963181432e-02	2.0963181432e-02	2.3798696127e-02	2.3798696127e-02	2.3798696127e-02	3.1019810510e-02	3.1019810510e-02	3.1019810510e-02	3.1019810510e-02	3.7944479451e-02	3.7944479451e-02	3.7944479451e-02	3.7944479451e-02	4.1214573367e-02	4.7380854851e-02	4.7380854851e-02	4.7380854851e-02	5.4140746699e-02	5.4140746699e-02	5.7500728218e-02	5.7500728218e-02	5.7500728218e-02	6.5019299348e-02	6.5019299348e-02	6.5019299348e-02	6.9255975182e-02	7.2744189520e-02	7.2744189520e-02	7.2744189520e-02	8.1354708708e-02	8.1354708708e-02	8.7728788926e-02	8.7728788926e-02	8.7728788926e-02	9.2197706793e-02	9.5332346856e-02	9.5332346856e-02	9.5332346856e-02	1.0457190816e-01	1.0779837367e-01	1.0779837367e-01	1.0779837367e-01	1.1251322186e-01	1.1855802347e-01	1.1855802347e-01	1.1855802347e-01	1.1855802347e-01	1.2867636715e-01	1.3121665338e-01	1.3121665338e-01	1.3121665338e-01	1.3676297937e-01	1.3999652754e-01	1.3999652754e-01	1.3999652754e-01	1.4815327135e-01	1.5184720605e-01	1.5184720605e-01	1.5815950053e-01	1.5815950053e-01	1.5892361915e-01	1.5892361915e-01	1.6807832026e-01	1.6807832026e-01	1.6807832026e-01	1.7391706631e-01	1.7391706631e-01	1.7391706631e-01	1.7968472635e-01	
233	0.0	-4.1394301179e-03	-4.1394301179e-03	-4.1394301179e-03	-1.0154947041e-02	-1.0154947041e-02	-1.0154947041e-02	-1.0154947041e-02	-1.1895956700e-02	-1.1895956700e-02	-1.1895956700e-02	-1.1895956700e-02	-1.0736014377e-02	-1.0736014377e-02	-1.0736014377e-02	-1.0736014377e-02	-6.9288483514e-03	-6.9288483514e-03	-6.9288483514e-03	-6.9288483514e-03	-1.0054025157e-03	-1.0054025157e-03	-1.0054025157e-03	-1.0054025157e-03	5.2748291279e-03	5.2748291279e-03	5.2748291279e-03	5.2748291279e-03	8.7718010391e-03	1.3494138099e-02	1.3494138099e-02	1.3494138099e-02	2.0963978565e-02	2.0963978565e-02	2.3799493534e-02	2.3799493534e-02	2.3799493534e-02	3.1020703749e-02	3.1020703749e-02	3.1020703749e-02	3.1020703749e-02	3.7945405702e-02	3.7945405702e-02	3.7945405702e-02	3.7945405702e-02	4.1215495737e-02	4.7381789259e-02	4.7381789259e-02	4.7381789259e-02	5.4141697954e-02	5.4141697954e-02	5.7501688021e-02	5.7501688021e-02	5.7501688021e-02	6.5020251195e-02	6.5020251195e-02	6.5020251195e-02	6.9256888215e-02	7.2745114796e-02	7.2745114796e-02	7.2745114796e-02	8.1355541228e-02	8.1355541228e-02	8.7729648824e-02	8.7729648824e-02	8.7729648824e-02	9.2198515190e-02	9.5333171818e-02	9.5333171818e-02	9.5333171818e-02	1.0457260763e-01	1.0779909078e-01	1.0779909078e-01	1.0779909078e-01	1.1251387238e-01	1.1855871751e-01	1.1855871751e-01	1.1855871751e-01	1.1855871751e-01	1.2867692976e-01	1.3121724112e-01	1.3121724112e-01	1.3121724112e-01	1.3676349546e-01	1.3999707893e-01	1.3999707893e-01	1.3999707893e-01	1.4815371207e-01	1.5184771082e-01	1.5184771082e-01	1.5815991754e-01	1.5815991754e-01	1.5892408236e-01	1.5892408236e-01	1.6807861477e-01	1.6807861477e-01	1.6807861477e-01	1.7391734451e-01	1.7391734451e-01	1.7391734451e-01	1.7968488176e-01	
234	0.0	-4.1391927158e-03	-4.1391927158e-03	-4.1391927158e-03	-1.0154708160e-02	-1.0154708160e-02	-1.0154708160e-02	-1.0154708160e-02	-1.1895718755e-02	-1.1895718755e-02	-1.1895718755e-02	-1.1895718755e-02	-1.0735785093e-02	-1.0735785093e-02	-1.0735785093e-02	-1.0735785093e-02	-6.9286232782e-03	-6.9286232782e-03	-6.9286232782e-03	-6.9286232782e-03	-1.0051413620e-03	-1.0051413620e-03	-1.0051413620e-03	-1.0051413620e-03	5.2751778547e-03	5.2751778547e-03	5.2751778547e-03	5.2751778547e-03	8.7722588309e-03	1.3494587539e-02	1.3494587539e-02	1.3494587539e-02	2.0964686861e-02	2.0964686861e-02	2.3800204624e-02	2.3800204624e-02	2.3800204624e-02	3.1021516957e-02	3.1021516957e-02	3.1021516957e-02	3.1021516957e-02	3.7946260206e-02	3.7946260206e-02	3.7946260206e-02	3.7946260206e-02	4.1216353517e-02	4.7382664229e-02	4.7382664229e-02	4.7382664229e-02	5.4142604182e-02	5.4142604182e-02	5.7502604614e-02	5.7502604614e-02	5.7502604614e-02	6.5021171092e-02	6.5021171092e-02	6.5021171092e-02	6.9257780168e-02	7.2746020705e-02	7.2746020705e-02	7.2746020705e-02	8.1356377008e-02	8.1356377008e-02	8.7730514933e-02	8.7730514933e-02	8.7730514933e-02	9.2199341696e-02	9.5334016392e-02	9.5334016392e-02	9.5334016392e-02	1.0457335278e-01	1.0779985504e-01	1.0779985504e-01	1.0779985504e-01	1.1251458349e-01	1.1855947417e-01	1.1855947417e-01	1.1855947417e-01	1.1855947417e-01	1.2867758473e-01	1.3121792186e-01	1.3121792186e-01	1.3121792186e-01	1.3676412123e-01	1.3999774045e-01	1.3999774045e-01	1.3999774045e-01	1.4815428498e-01	1.5184834693e-01	1.5184834693e-01	1.5816048300e-01	1.5816048300e-01	1.5892469175e-01	1.5892469175e-01	1.6807907823e-01	1.6807907823e-01	1.6807907823e-01	1.7391780050e-01	1.7391780050e-01	1.7391780050e-01	1.7968523041e-01	
235	0.0	-4.1390290294e-03	-4.1390290294e-03	-4.1390290294e-03	-1.0154568327e-02	-1.0154568327e-02	-1.0154568327e-02	-1.0154568327e-02	-1.1895589735e-02	-1.1895589735e-02	-1.1895589735e-02	-1.1895589735e-02	-1.0735666351e-02	-1.0735666351e-02	-1.0735666351e-02	-1.0735666351e-02	-6.9285048225e-03	-6.9285048225e-03	-6.9285048225e-03	-6.9285048225e-03	-1.0049813821e-03	-1.0049813821e-03	-1.0049813821e-03	-1.0049813821e-03	5.2754294051e-03	5.2754294051e-03	5.2754294051e-03	5.2754294051e-03	8.7726207948e-03	1.3494945154e-02	1.3494945154e-02	1.3494945154e-02	2.0965304114e-02	2.0965304114e-02	2.3800827036e-02	2.3800827036e-02	2.3800827036e-02	3.1022246369e-02	3.1022246369e-02	3.1022246369e-02	3.1022246369e-02	3.7947038251e-02	3.7947038251e-02	3.7947038251e-02	3.7947038251e-02	4.1217141471e-02	4.7383474113e-02	4.7383474113e-02	4.7383474113e-02	5.4143458438e-02	5.4143458438e-02	5.7503470884e-02	5.7503470884e-02	5.7503470884e-02	6.5022051181e-02	6.5022051181e-02	6.5022051181e-02	6.9258642709e-02	7.2746898727e-02	7.2746898727e-02	7.2746898727e-02	8.1357206654e-02	8.1357206654e-02	8.7731377503e-02	8.7731377503e-02	8.7731377503e-02	9.2200176134e-02	9.5334870191e-02	9.5334870191e-02	9.5334870191e-02	1.0457413242e-01	1.0780065504e-01	1.0780065504e-01	1.0780065504e-01	1.1251534336e-01	1.1856028120e-01	1.1856028120e-01	1.1856028120e-01	1.1856028120e-01	1.2867831890e-01	1.3121868224e-01	1.3121868224e-01	1.3121868224e-01	1.3676484279e-01	1.3999849795e-01	1.3999849795e-01	1.3999849795e-01	1.4815497549e-01	1.5184909940e-01	1.5184909940e-01	1.5816118163e-01	1.5816118163e-01	1.5892543183e-01	1.5892543183e-01	1.6807969503e-01	1.6807969503e-01	1.6807969503e-01	1.7391841832e-01	1.7391841832e-01	1.7391841832e-01	1.7968575636e-01	
236	0.0	-4.1389368606e-03	-4.1389368606e-03	-4.1389368606e-03	-1.0154523764e-02	-1.0154523764e-02	-1.0154523764e-02	-1.0154523764e-02	-1.1895565254e-02	-1.1895565254e-02	-1.1895565254e-02	-1.1895565254e-02	-1.0735653614e-02	-1.0735653614e-02	-1.0735653614e-02	-1.0735653614e-02	-6.9284887082e-03	-6.9284887082e-03	-6.9284887082e-03	-6.9284887082e-03	-1.0049190714e-03	-1.0049190714e-03	-1.0049190714e-03	-1.0049190714e-03	5.2755860811e-03	5.2755860811e-03	5.2755860811e-03	5.2755860811e-03	8.7728880030e-03	1.3495211755e-02	1.3495211755e-02	1.3495211755e-02	2.0965828362e-02	2.0965828362e-02	2.3801358559e-02	2.3801358559e-02	2.3801358559e-02	3.1022888215e-02	3.1022888215e-02	3.1022888215e-02	3.1022888215e-02	3.7947734896e-02	3.7947734896e-02	3.7947734896e-02	3.7947734896e-02	4.1217853987e-02	4.7384212684e-02	4.7384212684e-02	4.7384212684e-02	5.4144252923e-02	5.4144252923e-02	5.7504278742e-02	5.7504278742e-02	5.7504278742e-02	6.5022882313e-02	6.5022882313e-02	6.5022882313e-02	6.9259466007e-02	7.2747738716e-02	7.2747738716e-02	7.2747738716e-02	8.1358018725e-02	8.1358018725e-02	8.7732224491e-02	8.7732224491e-02	8.7732224491e-02	9.2201005808e-02	9.5335720171e-02	9.5335720171e-02	9.5335720171e-02	1.0457493222e-01	1.0780147610e-01	1.0780147610e-01	1.0780147610e-01	1.1251613670e-01	1.1856112257e-01	1.1856112257e-01	1.1856112257e-01	1.1856112257e-01	1.2867911482e-01	1.3121950444e-01	1.3121950444e-01	1.3121950444e-01	1.3676564155e-01	1.3999933241e-01	1.3999933241e-01	1.3999933241e-01	1.4815576378e-01	1.5184994779e-01	1.5184994779e-01	1.5816199239e-01	1.5816199239e-01	1.5892628125e-01	1.5892628125e-01	1.6808044356e-01	1.6808044356e-01	1.6808044356e-01	1.7391917563e-01	1.7391917563e-01	1.7391917563e-01	1.7968643715e-01	
237	0.0	-4.1389129125e-03	-4.1389129125e-03	-4.1389129125e-03	-1.0154569183e-02	-1.0154569183e-02	-1.0154569183e-02	-1.0154569183e-02	-1.1895639237e-02	-1.1895639237e-02	-1.1895639237e-02	-1.1895639237e-02	-1.0735740592e-02	-1.0735740592e-02	-1.0735740592e-02	-1.0735740592e-02	-6.9285689094e-03	-6.9285689094e-03	-6.9285689094e-03	-6.9285689094e-03	-1.0049492017e-03	-1.0049492017e-03	-1.0049492017e-03	-1.0049492017e-03	5.2756518859e-03	5.2756518859e-03	5.2756518859e-03	5.2756518859e-03	8.7730631805e-03	1.3495389830e-02	1.3495389830e-02	1.3495389830e-02	2.0966259264e-02	2.0966259264e-02	2.3801798632e-02	2.3801798632e-02	2.3801798632e-02	3.1023440304e-02	3.1023440304e-02	3.1023440304e-02	3.1023440304e-02	3.7948346619e-02	3.7948346619e-02	3.7948346619e-02	3.7948346619e-02	4.1218486660e-02	4.7384874979e-02	4.7384874979e-02	4.7384874979e-02	5.4144980702e-02	5.4144980702e-02	5.7505021008e-02	5.7505021008e-02	5.7505021008e-02	6.5023656037e-02	6.5023656037e-02	6.5023656037e-02	6.9260240637e-02	7.2748530977e-02	7.2748530977e-02	7.2748530977e-02	8.1358801629e-02	8.1358801629e-02	8.7733043794e-02	8.7733043794e-02	8.7733043794e-02	9.2201817651e-02	9.5336552976e-02	9.5336552976e-02	9.5336552976e-02	1.0457573689e-01	1.0780230263e-01	1.0780230263e-01	1.0780230263e-01	1.1251694692e-01	1.1856198112e-01	1.1856198112e-01	1.1856198112e-01	1.1856198112e-01	1.2867995315e-01	1.3122036886e-01	1.3122036886e-01	1.3122036886e-01	1.3676649670e-01	1.4000022264e-01	1.4000022264e-01	1.4000022264e-01	1.4815662725e-01	1.5185086900e-01	1.5185086900e-01	1.5816289116e-01	1.5816289116e-01	1.5892721567e-01	1.5892721567e-01	1.6808129842e-01	1.6808129842e-01	1.6808129842e-01	1.7392004614e-01	1.7392004614e-01	1.7392004614e-01	1.7968724607e-01	
238	0.0	-4.1389531565e-03	-4.1389531565e-03	-4.1389531565e-03	-1.0154698360e-02	-1.0154698360e-02	-1.0154698360e-02	-1.0154698360e-02	-1.1895804595e-02	-1.1895804595e-02	-1.1895804595e-02	-1.1895804595e-02	-1.0735919974e-02	-1.0735919974e-02	-1.0735919974e-02	-1.0735919974e-02	-6.9287384227e-03	-6.9287384227e-03	-6.9287384227e-03	-6.9287384227e-03	-1.0050656047e-03	-1.0050656047e-03	-1.0050656047e-03	-1.0050656047e-03	5.2756317580e-03	5.2756317580e-03	5.2756317580e-03	5.2756317580e-03	8.7731500172e-03	1.3495482782e-02	1.3495482782e-02	1.3495482782e-02	2.0966597508e-02	2.0966597508e-02	2.3802147699e-02	2.3802147699e-02	2.3802147699e-02	3.1023901444e-02	3.1023901444e-02	3.1023901444e-02	3.1023901444e-02	3.7948870840e-02	3.7948870840e-02	3.7948870840e-02	3.7948870840e-02	4.1219035971e-02	4.7385456881e-02	4.7385456881e-02	4.7385456881e-02	5.4145635595e-02	5.4145635595e-02	5.7505691229e-02	5.7505691229e-02	5.7505691229e-02	6.5024364535e-02	6.5024364535e-02	6.5024364535e-02	6.9260957713e-02	7.2749266333e-02	7.2749266333e-02	7.2749266333e-02	8.1359544101e-02	8.1359544101e-02	8.7733823593e-02	8.7733823593e-02	8.7733823593e-02	9.2202598780e-02	9.5337355409e-02	9.5337355409e-02	9.5337355409e-02	1.0457653107e-01	1.0780311896e-01	1.0780311896e-01	1.0780311896e-01	1.1251775723e-01	1.1856283946e-01	1.1856283946e-01	1.1856283946e-01	1.1856283946e-01	1.2868081405e-01	1.3122125534e-01	1.3122125534e-01	1.3122125534e-01	1.3676738671e-01	1.4000114675e-01	1.4000114675e-01	1.4000114675e-01	1.4815754238e-01	1.5185183906e-01	1.5185183906e-01	1.5816385272e-01	1.5816385272e-01	1.5892820969e-01	1.5892820969e-01	1.6808223310e-01	1.6808223310e-01	1.6808223310e-01	1.7392100230e-01	1.7392100230e-01	1.7392100230e-01	1.7968815496e-01	
239	0.0	-4.1390531142e-03	-4.1390531142e-03	-4.1390531142e-03	-1.0154904566e-02	-1.0154904566e-02	-1.0154904566e-02	-1.0154904566e-02	-1.1896053733e-02	-1.1896053733e-02	-1.1896053733e-02	-1.1896053733e-02	-1.0736183991e-02	-1.0736183991e-02	-1.0736183991e-02	-1.0736183991e-02	-6.9289898496e-03	-6.9289898496e-03	-6.9289898496e-03	-6.9289898496e-03	-1.0052617647e-03	-1.0052617647e-03	-1.0052617647e-03	-1.0052617647e-03	5.2755309845e-03	5.2755309845e-03	5.2755309845e-03	5.2755309845e-03	8.7731526290e-03	1.3495494344e-02	1.3495494344e-02	1.3495494344e-02	2.0966844317e-02	2.0966844317e-02	2.3802406672e-02	2.3802406672e-02	2.3802406672e-02	3.1024270937e-02	3.1024270937e-02	3.1024270937e-02	3.1024270937e-02	3.7949305457e-02	3.7949305457e-02	3.7949305457e-02	3.7949305457e-02	4.1219498906e-02	4.7385954645e-02	4.7385954645e-02	4.7385954645e-02	5.4146211869e-02	5.4146211869e-02	5.7506283326e-02	5.7506283326e-02	5.7506283326e-02	6.5025000305e-02	6.5025000305e-02	6.5025000305e-02	6.9261608689e-02	7.2749935861e-02	7.2749935861e-02	7.2749935861e-02	8.1360235173e-02	8.1360235173e-02	8.7734552204e-02	8.7734552204e-02	8.7734552204e-02	9.2203336464e-02	9.5338114339e-02	9.5338114339e-02	9.5338114339e-02	1.0457729949e-01	1.0780390940e-01	1.0780390940e-01	1.0780390940e-01	1.1251855088e-01	1.1856368002e-01	1.1856368002e-01	1.1856368002e-01	1.1856368002e-01	1.2868167752e-01	1.3122214348e-01	1.3122214348e-01	1.3122214348e-01	1.3676828983e-01	1.4000208250e-01	1.4000208250e-01	1.4000208250e-01	1.4815848527e-01	1.5185283341e-01	1.5185283341e-01	1.5816485127e-01	1.5816485127e-01	1.5892923721e-01	1.5892923721e-01	1.6808322017e-01	1.6808322017e-01	1.6808322017e-01	1.7392201554e-01	1.7392201554e-01	1.7392201554e-01	1.7968913462e-01	
240	0.0	-4.1392076375e-03	-4.1392076375e-03	-4.1392076375e-03	-1.0155180224e-02	-1.0155180224e-02	-1.0155180224e-02	-1.0155180224e-02	-1.1896378132e-02	-1.1896378132e-02	-1.1896378132e-02	-1.1896378132e-02	-1.0736523923e-02	-1.0736523923e-02	-1.0736523923e-02	-1.0736523923e-02	-6.9293148535e-03	-6.9293148535e-03	-6.9293148535e-03	-6.9293148535e-03	-1.0055302183e-03	-1.0055302183e-03	-1.0055302183e-03	-1.0055302183e-03	5.2753558513e-03	5.2753558513e-03	5.2753558513e-03	5.2753558513e-03	8.7730761996e-03	1.3495429313e-02	1.3495429313e-02	1.3495429313e-02	2.0967002164e-02	2.0967002164e-02	2.3802577732e-02	2.3802577732e-02	2.3802577732e-02	3.1024549432e-02	3.1024549432e-02	3.1024549432e-02	3.1024549432e-02	3.7949649753e-02	3.7949649753e-02	3.7949649753e-02	3.7949649753e-02	4.1219873826e-02	4.7386365934e-02	4.7386365934e-02	4.7386365934e-02	5.4146705203e-02	5.4146705203e-02	5.7506792647e-02	5.7506792647e-02	5.7506792647e-02	6.5025557277e-02	6.5025557277e-02	6.5025557277e-02	6.9262186408e-02	7.2750532055e-02	7.2750532055e-02	7.2750532055e-02	8.1360865471e-02	8.1360865471e-02	8.7735219585e-02	8.7735219585e-02	8.7735219585e-02	9.2204019677e-02	9.5338818366e-02	9.5338818366e-02	9.5338818366e-02	1.0457802867e-01	1.0780466009e-01	1.0780466009e-01	1.0780466009e-01	1.1251931295e-01	1.1856448717e-01	1.1856448717e-01	1.1856448717e-01	1.1856448717e-01	1.2868252552e-01	1.3122301490e-01	1.3122301490e-01	1.3122301490e-01	1.3676918633e-01	1.4000300970e-01	1.4000300970e-01	1.4000300970e-01	1.4815943408e-01	1.5185382962e-01	1.5185382962e-01	1.5816586314e-01	1.5816586314e-01	1.5893027431e-01	1.5893027431e-01	1.6808423455e-01	1.6808423455e-01	1.6808423455e-01	1.7392305964e-01	1.7392305964e-01	1.7392305964e-01	1.7969015810e-01	
241	0.0	-4.1394109349e-03	-4.1394109349e-03	-4.1394109349e-03	-1.0155516899e-02	-1.0155516899e-02	-1.0155516899e-02	-1.0155516899e-02	-1.1896768315e-02	-1.1896768315e-02	-1.1896768315e-02	-1.1896768315e-02	-1.0736930065e-02	-1.0736930065e-02	-1.0736930065e-02	-1.0736930065e-02	-6.9297041285e-03	-6.9297041285e-03	-6.9297041285e-03	-6.9297041285e-03	-1.0058625633e-03	-1.0058625633e-03	-1.0058625633e-03	-1.0058625633e-03	5.2751135574e-03	5.2751135574e-03	5.2751135574e-03	5.2751135574e-03	8.7729267753e-03	1.3495293346e-02	1.3495293346e-02	1.3495293346e-02	2.0967074250e-02	2.0967074250e-02	2.3802663780e-02	2.3802663780e-02	2.3802663780e-02	3.1024738100e-02	3.1024738100e-02	3.1024738100e-02	3.1024738100e-02	3.7949903168e-02	3.7949903168e-02	3.7949903168e-02	3.7949903168e-02	4.1220158814e-02	4.7386688137e-02	4.7386688137e-02	4.7386688137e-02	5.4147110103e-02	5.4147110103e-02	5.7507213374e-02	5.7507213374e-02	5.7507213374e-02	6.5026027649e-02	6.5026027649e-02	6.5026027649e-02	6.9262681415e-02	7.2751045107e-02	7.2751045107e-02	7.2751045107e-02	8.1361423612e-02	8.1361423612e-02	8.7735813682e-02	8.7735813682e-02	8.7735813682e-02	9.2204635608e-02	9.5339454303e-02	9.5339454303e-02	9.5339454303e-02	1.0457870399e-01	1.0780535603e-01	1.0780535603e-01	1.0780535603e-01	1.1252002770e-01	1.1856524442e-01	1.1856524442e-01	1.1856524442e-01	1.1856524442e-01	1.2868333984e-01	1.3122385102e-01	1.3122385102e-01	1.3122385102e-01	1.3677005660e-01	1.4000390831e-01	1.4000390831e-01	1.4000390831e-01	1.4816036753e-01	1.5185480581e-01	1.5185480581e-01	1.5816686546e-01	1.5816686546e-01	1.5893129788e-01	1.5893129788e-01	1.6808525209e-01	1.6808525209e-01	1.6808525209e-01	1.7392410948e-01	1.7392410948e-01	1.7392410948e-01	1.7969119967e-01	
242	0.0	-4.1396568820e-03	-4.1396568820e-03	-4.1396568820e-03	-1.0155905771e-02	-1.0155905771e-02	-1.0155905771e-02	-1.0155905771e-02	-1.1897214410e-02	-1.1897214410e-02	-1.1897214410e-02	-1.1897214410e-02	-1.0737392335e-02	-1.0737392335e-02	-1.0737392335e-02	-1.0737392335e-02	-6.9301480415e-03	-6.9301480415e-03	-6.9301480415e-03	-6.9301480415e-03	-1.0062501199e-03	-1.0062501199e-03	-1.0062501199e-03	-1.0062501199e-03	5.2748115482e-03	5.2748115482e-03	5.2748115482e-03	5.2748115482e-03	8.7727106424e-03	1.3495092263e-02	1.3495092263e-02	1.3495092263e-02	2.0967063924e-02	2.0967063924e-02	2.3802667826e-02	2.3802667826e-02	2.3802667826e-02	3.1024838066e-02	3.1024838066e-02	3.1024838066e-02	3.1024838066e-02	3.7950064822e-02	3.7950064822e-02	3.7950064822e-02	3.7950064822e-02	4.1220351375e-02	4.7386917979e-02	4.7386917979e-02	4.7386917979e-02	5.4147419946e-02	5.4147419946e-02	5.7507538494e-02	5.7507538494e-02	5.7507538494e-02	6.5026402067e-02	6.5026402067e-02	6.5026402067e-02	6.9263082522e-02	7.2751463414e-02	7.2751463414e-02	7.2751463414e-02	8.1361894419e-02	8.1361894419e-02	8.7736318515e-02	8.7736318515e-02	8.7736318515e-02	9.2205167350e-02	9.5340004786e-02	9.5340004786e-02	9.5340004786e-02	1.0457930729e-01	1.0780597859e-01	1.0780597859e-01	1.0780597859e-01	1.1252067625e-01	1.1856593198e-01	1.1856593198e-01	1.1856593198e-01	1.1856593198e-01	1.2868410016e-01	1.3122463102e-01	1.3122463102e-01	1.3122463102e-01	1.3677087953e-01	1.4000475656e-01	1.4000475656e-01	1.4000475656e-01	1.4816126354e-01	1.5185573908e-01	1.5185573908e-01	1.5816783507e-01	1.5816783507e-01	1.5893228434e-01	1.5893228434e-01	1.6808624924e-01	1.6808624924e-01	1.6808624924e-01	1.7392514069e-01	1.7392514069e-01	1.7392514069e-01	1.7969223476e-01	
243	0.0	-4.1399399327e-03	-4.1399399327e-03	-4.1399399327e-03	-1.0156339330e-02	-1.0156339330e-02	-1.0156339330e-02	-1.0156339330e-02	-1.1897708234e-02	-1.1897708234e-02	-1.1897708234e-02	-1.1897708234e-02	-1.0737902535e-02	-1.0737902535e-02	-1.0737902535e-02	-1.0737902535e-02	-6.9306387910e-03	-6.9306387910e-03	-6.9306387910e-03	-6.9306387910e-03	-1.0066856629e-03	-1.0066856629e-03	-1.0066856629e-03	-1.0066856629e-03	5.2744565520e-03	5.2744565520e-03	5.2744565520e-03	5.2744565520e-03	8.7724344815e-03	1.3494832295e-02	1.3494832295e-02	1.3494832295e-02	2.0966977809e-02	2.0966977809e-02	2.3802596188e-02	2.3802596188e-02	2.3802596188e-02	3.1024856152e-02	3.1024856152e-02	3.1024856152e-02	3.1024856152e-02	3.7950142828e-02	3.7950142828e-02	3.7950142828e-02	3.7950142828e-02	4.1220461543e-02	4.7387064838e-02	4.7387064838e-02	4.7387064838e-02	5.4147648600e-02	5.4147648600e-02	5.7507781583e-02	5.7507781583e-02	5.7507781583e-02	6.5026696671e-02	6.5026696671e-02	6.5026696671e-02	6.9263408718e-02	7.2751805667e-02	7.2751805667e-02	7.2751805667e-02	8.1362300258e-02	8.1362300258e-02	8.7736755899e-02	8.7736755899e-02	8.7736755899e-02	9.2205637406e-02	9.5340492027e-02	9.5340492027e-02	9.5340492027e-02	1.0457986033e-01	1.0780654924e-01	1.0780654924e-01	1.0780654924e-01	1.1252127960e-01	1.1856657030e-01	1.1856657030e-01	1.1856657030e-01	1.1856657030e-01	1.2868482539e-01	1.3122537357e-01	1.3122537357e-01	1.3122537357e-01	1.3677167282e-01	1.4000557188e-01	1.4000557188e-01	1.4000557188e-01	1.4816213817e-01	1.5185664512e-01	1.5185664512e-01	1.5816878660e-01	1.5816878660e-01	1.5893324821e-01	1.5893324821e-01	1.6808723915e-01	1.6808723915e-01	1.6808723915e-01	1.7392616561e-01	1.7392616561e-01	1.7392616561e-01	1.7969327481e-01	
244	0.0	-4.1402537687e-03	-4.1402537687e-03	-4.1402537687e-03	-1.0156808839e-02	-1.0156808839e-02	-1.0156808839e-02	-1.0156808839e-02	-1.1898240084e-02	-1.1898240084e-02	-1.1898240084e-02	-1.1898240084e-02	-1.0738450752e-02	-1.0738450752e-02	-1.0738450752e-02	-1.0738450752e-02	-6.9311667938e-03	-6.9311667938e-03	-6.9311667938e-03	-6.9311667938e-03	-1.0071602037e-03	-1.0071602037e-03	-1.0071602037e-03	-1.0071602037e-03	5.2740569460e-03	5.2740569460e-03	5.2740569460e-03	5.2740569460e-03	8.7721062659e-03	1.3494521123e-02	1.3494521123e-02	1.3494521123e-02	2.0966822812e-02	2.0966822812e-02	2.3802455567e-02	2.3802455567e-02	2.3802455567e-02	3.1024798488e-02	3.1024798488e-02	3.1024798488e-02	3.1024798488e-02	3.7950142795e-02	3.7950142795e-02	3.7950142795e-02	3.7950142795e-02	4.1220494473e-02	4.7387133417e-02	4.7387133417e-02	4.7387133417e-02	5.4147799223e-02	5.4147799223e-02	5.7507945621e-02	5.7507945621e-02	5.7507945621e-02	6.5026913234e-02	6.5026913234e-02	6.5026913234e-02	6.9263660520e-02	7.2752072204e-02	7.2752072204e-02	7.2752072204e-02	8.1362638130e-02	8.1362638130e-02	8.7737122500e-02	8.7737122500e-02	8.7737122500e-02	9.2206040700e-02	9.5340910775e-02	9.5340910775e-02	9.5340910775e-02	1.0458035426e-01	1.0780705894e-01	1.0780705894e-01	1.0780705894e-01	1.1252182696e-01	1.1856714833e-01	1.1856714833e-01	1.1856714833e-01	1.1856714833e-01	1.2868550109e-01	1.3122606412e-01	1.3122606412e-01	1.3122606412e-01	1.3677242014e-01	1.4000633782e-01	1.4000633782e-01	1.4000633782e-01	1.4816297284e-01	1.5185750527e-01	1.5185750527e-01	1.5816969981e-01	1.5816969981e-01	1.5893416938e-01	1.5893416938e-01	1.6808820001e-01	1.6808820001e-01	1.6808820001e-01	1.7392716159e-01	1.7392716159e-01	1.7392716159e-01	1.7969429607e-01	
245	0.0	-4.1405921434e-03	-4.1405921434e-03	-4.1405921434e-03	-1.0157305754e-02	-1.0157305754e-02	-1.0157305754e-02	-1.0157305754e-02	-1.1898800512e-02	-1.1898800512e-02	-1.1898800512e-02	-1.1898800512e-02	-1.0739027366e-02	-1.0739027366e-02	-1.0739027366e-02	-1.0739027366e-02	-6.9317227640e-03	-6.9317227640e-03	-6.9317227640e-03	-6.9317227640e-03	-1.0076650100e-03	-1.0076650100e-03	-1.0076650100e-03	-1.0076650100e-03	5.2736209397e-03	5.2736209397e-03	5.2736209397e-03	5.2736209397e-03	8.7717338909e-03	1.3494166319e-02	1.3494166319e-02	1.3494166319e-02	2.0966605861e-02	2.0966605861e-02	2.3802252676e-02	2.3802252676e-02	2.3802252676e-02	3.1024671182e-02	3.1024671182e-02	3.1024671182e-02	3.1024671182e-02	3.7950070155e-02	3.7950070155e-02	3.7950070155e-02	3.7950070155e-02	4.1220454988e-02	4.7387128089e-02	4.7387128089e-02	4.7387128089e-02	5.4147874596e-02	5.4147874596e-02	5.7508033211e-02	5.7508033211e-02	5.7508033211e-02	6.5027053166e-02	6.5027053166e-02	6.5027053166e-02	6.9263838239e-02	7.2752263157e-02	7.2752263157e-02	7.2752263157e-02	8.1362905808e-02	8.1362905808e-02	8.7737415763e-02	8.7737415763e-02	8.7737415763e-02	9.2206373544e-02	9.5341257170e-02	9.5341257170e-02	9.5341257170e-02	1.0458078298e-01	1.0780750143e-01	1.0780750143e-01	1.0780750143e-01	1.1252231098e-01	1.1856765840e-01	1.1856765840e-01	1.1856765840e-01	1.1856765840e-01	1.2868611724e-01	1.3122669249e-01	1.3122669249e-01	1.3122669249e-01	1.3677311006e-01	1.4000704276e-01	1.4000704276e-01	1.4000704276e-01	1.4816375446e-01	1.5185830631e-01	1.5185830631e-01	1.5817056035e-01	1.5817056035e-01	1.5893503354e-01	1.5893503354e-01	1.6808911613e-01	1.6808911613e-01	1.6808911613e-01	1.7392811236e-01	1.7392811236e-01	1.7392811236e-01	1.7969528136e-01	
246	0.0	-4.1409485114e-03	-4.1409485114e-03	-4.1409485114e-03	-1.0157821128e-02	-1.0157821128e-02	-1.0157821128e-02	-1.0157821128e-02	-1.1899379591e-02	-1.1899379591e-02	-1.1899379591e-02	-1.1899379591e-02	-1.0739622201e-02	-1.0739622201e-02	-1.0739622201e-02	-1.0739622201e-02	-6.9322967749e-03	-6.9322967749e-03	-6.9322967749e-03	-6.9322967749e-03	-1.0081905848e-03	-1.0081905848e-03	-1.0081905848e-03	-1.0081905848e-03	5.2731576528e-03	5.2731576528e-03	5.2731576528e-03	5.2731576528e-03	8.7713262175e-03	1.3493776568e-02	1.3493776568e-02	1.3493776568e-02	2.0966335158e-02	2.0966335158e-02	2.3801995622e-02	2.3801995622e-02	2.3801995622e-02	3.1024481891e-02	3.1024481891e-02	3.1024481891e-02	3.1024481891e-02	3.7949931996e-02	3.7949931996e-02	3.7949931996e-02	3.7949931996e-02	4.1220349562e-02	4.7387055153e-02	4.7387055153e-02	4.7387055153e-02	5.4147879677e-02	5.4147879677e-02	5.7508049306e-02	5.7508049306e-02	5.7508049306e-02	6.5027120580e-02	6.5027120580e-02	6.5027120580e-02	6.9263945098e-02	7.2752381755e-02	7.2752381755e-02	7.2752381755e-02	8.1363104783e-02	8.1363104783e-02	8.7737637201e-02	8.7737637201e-02	8.7737637201e-02	9.2206636623e-02	9.5341531927e-02	9.5341531927e-02	9.5341531927e-02	1.0458114545e-01	1.0780787570e-01	1.0780787570e-01	1.0780787570e-01	1.1252272966e-01	1.1856809864e-01	1.1856809864e-01	1.1856809864e-01	1.1856809864e-01	1.2868666976e-01	1.3122725472e-01	1.3122725472e-01	1.3122725472e-01	1.3677373731e-01	1.4000768160e-01	1.4000768160e-01	1.4000768160e-01	1.4816447634e-01	1.5185904183e-01	1.5185904183e-01	1.5817136059e-01	1.5817136059e-01	1.5893583336e-01	1.5893583336e-01	1.6808997870e-01	1.6808997870e-01	1.6808997870e-01	1.7392900878e-01	1.7392900878e-01	1.7392900878e-01	1.7969622045e-01	
247	0.0	-4.1413176226e-03	-4.1413176226e-03	-4.1413176226e-03	-1.0158348072e-02	-1.0158348072e-02	-1.0158348072e-02	-1.0158348072e-02	-1.1899969838e-02	-1.1899969838e-02	-1.1899969838e-02	-1.1899969838e-02	-1.0740227762e-02	-1.0740227762e-02	-1.0740227762e-02	-1.0740227762e-02	-6.9328817107e-03	-6.9328817107e-03	-6.9328817107e-03	-6.9328817107e-03	-1.0087302796e-03	-1.0087302796e-03	-1.0087302796e-03	-1.0087302796e-03	5.2726734262e-03	5.2726734262e-03	5.2726734262e-03	5.2726734262e-03	8.7708896120e-03	1.3493357780e-02	1.3493357780e-02	1.3493357780e-02	2.0966016778e-02	2.0966016778e-02	2.3801690193e-02	2.3801690193e-02	2.3801690193e-02	3.1024236151e-02	3.1024236151e-02	3.1024236151e-02	3.1024236151e-02	3.7949733532e-02	3.7949733532e-02	3.7949733532e-02	3.7949733532e-02	4.1220183272e-02	4.7386919095e-02	4.7386919095e-02	4.7386919095e-02	5.4147818725e-02	5.4147818725e-02	5.7507997888e-02	5.7507997888e-02	5.7507997888e-02	6.5027119013e-02	6.5027119013e-02	6.5027119013e-02	6.9263984464e-02	7.2752431089e-02	7.2752431089e-02	7.2752431089e-02	8.1363237899e-02	8.1363237899e-02	8.7737789148e-02	8.7737789148e-02	8.7737789148e-02	9.2206832179e-02	9.5341737009e-02	9.5341737009e-02	9.5341737009e-02	1.0458144329e-01	1.0780818310e-01	1.0780818310e-01	1.0780818310e-01	1.1252308413e-01	1.1856846969e-01	1.1856846969e-01	1.1856846969e-01	1.1856846969e-01	1.2868715849e-01	1.3122775041e-01	1.3122775041e-01	1.3122775041e-01	1.3677430098e-01	1.4000825313e-01	1.4000825313e-01	1.4000825313e-01	1.4816513668e-01	1.5185970970e-01	1.5185970970e-01	1.5817209790e-01	1.5817209790e-01	1.5893656611e-01	1.5893656611e-01	1.6809078436e-01	1.6809078436e-01	1.6809078436e-01	1.7392984698e-01	1.7392984698e-01	1.7392984698e-01	1.7969710891e-01	
248	0.0	-4.1416935838e-03	-4.1416935838e-03	-4.1416935838e-03	-1.0158878709e-02	-1.0158878709e-02	-1.0158878709e-02	-1.0158878709e-02	-1.1900562564e-02	-1.1900562564e-02	-1.1900562564e-02	-1.1900562564e-02	-1.0740835170e-02	-1.0740835170e-02	-1.0740835170e-02	-1.0740835170e-02	-6.9334689075e-03	-6.9334689075e-03	-6.9334689075e-03	-6.9334689075e-03	-1.0092757154e-03	-1.0092757154e-03	-1.0092757154e-03	-1.0092757154e-03	5.2721765035e-03	5.2721765035e-03	5.2721765035e-03	5.2721765035e-03	8.7704323381e-03	1.3492918055e-02	1.3492918055e-02	1.3492918055e-02	2.0965659020e-02	2.0965659020e-02	2.3801344619e-02	2.3801344619e-02	2.3801344619e-02	3.1023942129e-02	3.1023942129e-02	3.1023942129e-02	3.1023942129e-02	3.7949482719e-02	3.7949482719e-02	3.7949482719e-02	3.7949482719e-02	4.1219963779e-02	4.7386727465e-02	4.7386727465e-02	4.7386727465e-02	5.4147698778e-02	5.4147698778e-02	5.7507886024e-02	5.7507886024e-02	5.7507886024e-02	6.5027055201e-02	6.5027055201e-02	6.5027055201e-02	6.9263962638e-02	7.2752417505e-02	7.2752417505e-02	7.2752417505e-02	8.1363310665e-02	8.1363310665e-02	8.7737877217e-02	8.7737877217e-02	8.7737877217e-02	9.2206965398e-02	9.5341877680e-02	9.5341877680e-02	9.5341877680e-02	1.0458168073e-01	1.0780842792e-01	1.0780842792e-01	1.0780842792e-01	1.1252337814e-01	1.1856877551e-01	1.1856877551e-01	1.1856877551e-01	1.1856877551e-01	1.2868758591e-01	1.3122818215e-01	1.3122818215e-01	1.3122818215e-01	1.3677480277e-01	1.4000875926e-01	1.4000875926e-01	1.4000875926e-01	1.4816573608e-01	1.5186031090e-01	1.5186031090e-01	1.5817277221e-01	1.5817277221e-01	1.5893723211e-01	1.5893723211e-01	1.6809153202e-01	1.6809153202e-01	1.6809153202e-01	1.7393062573e-01	1.7393062573e-01	1.7393062573e-01	1.7969794442e-01	
249	0.0	-4.1420700710e-03	-4.1420700710e-03	-4.1420700710e-03	-1.0159404481e-02	-1.0159404481e-02	-1.0159404481e-02	-1.0159404481e-02	-1.1901148243e-02	-1.1901148243e-02	-1.1901148243e-02	-1.1901148243e-02	-1.0741434566e-02	-1.0741434566e-02	-1.0741434566e-02	-1.0741434566e-02	-6.9340485804e-03	-6.9340485804e-03	-6.9340485804e-03	-6.9340485804e-03	-1.0098172352e-03	-1.0098172352e-03	-1.0098172352e-03	-1.0098172352e-03	5.2716765568e-03	5.2716765568e-03	5.2716765568e-03	5.2716765568e-03	8.7699640930e-03	1.3492467164e-02	1.3492467164e-02	1.3492467164e-02	2.0965271895e-02	2.0965271895e-02	2.3800969008e-02	2.3800969008e-02	2.3800969008e-02	3.1023610014e-02	3.1023610014e-02	3.1023610014e-02	3.1023610014e-02	3.7949189599e-02	3.7949189599e-02	3.7949189599e-02	3.7949189599e-02	4.1219700665e-02	4.7386490114e-02	4.7386490114e-02	4.7386490114e-02	5.4147528853e-02	5.4147528853e-02	5.7507722984e-02	5.7507722984e-02	5.7507722984e-02	6.5026938094e-02	6.5026938094e-02	6.5026938094e-02	6.9263887847e-02	7.2752349514e-02	7.2752349514e-02	7.2752349514e-02	8.1363330115e-02	8.1363330115e-02	8.7737909004e-02	8.7737909004e-02	8.7737909004e-02	9.2207043090e-02	9.5341961093e-02	9.5341961093e-02	9.5341961093e-02	1.0458186316e-01	1.0780861593e-01	1.0780861593e-01	1.0780861593e-01	1.1252361653e-01	1.1856902174e-01	1.1856902174e-01	1.1856902174e-01	1.1856902174e-01	1.2868795538e-01	1.3122855379e-01	1.3122855379e-01	1.3122855379e-01	1.3677524520e-01	1.4000920310e-01	1.4000920310e-01	1.4000920310e-01	1.4816627568e-01	1.5186084756e-01	1.5186084756e-01	1.5817338405e-01	1.5817338405e-01	1.5893783262e-01	1.5893783262e-01	1.6809222050e-01	1.6809222050e-01	1.6809222050e-01	1.7393134383e-01	1.7393134383e-01	1.7393134383e-01	1.7969872425e-01	
250	0.0	-4.1424430949e-03	-4.1424430949e-03	-4.1424430949e-03	-1.0159920443e-02	-1.0159920443e-02	-1.0159920443e-02	-1.0159920443e-02	-1.1901721609e-02	-1.1901721609e-02	-1.1901721609e-02	-1.1901721609e-02	-1.0742020755e-02	-1.0742020755e-02	-1.0742020755e-02	-1.0742020755e-02	-6.9346158362e-03	-6.9346158362e-03	-6.9346158362e-03	-6.9346158362e-03	-1.0103501725e-03	-1.0103501725e-03	-1.0103501725e-03	-1.0103501725e-03	5.2711783142e-03	5.2711783142e-03	5.2711783142e-03	5.2711783142e-03	8.7694900250e-03	1.3492009860e-02	1.3492009860e-02	1.3492009860e-02	2.0964861209e-02	2.0964861209e-02	2.3800568948e-02	2.3800568948e-02	2.3800568948e-02	3.1023245662e-02	3.1023245662e-02	3.1023245662e-02	3.1023245662e-02	3.7948860151e-02	3.7948860151e-02	3.7948860151e-02	3.7948860151e-02	4.1219400073e-02	4.7386212756e-02	4.7386212756e-02	4.7386212756e-02	5.4147315058e-02	5.4147315058e-02	5.7507514698e-02	5.7507514698e-02	5.7507514698e-02	6.5026773572e-02	6.5026773572e-02	6.5026773572e-02	6.9263766018e-02	7.2752232877e-02	7.2752232877e-02	7.2752232877e-02	8.1363302063e-02	8.1363302063e-02	8.7737890024e-02	8.7737890024e-02	8.7737890024e-02	9.2207070764e-02	9.5341992604e-02	9.5341992604e-02	9.5341992604e-02	1.0458199580e-01	1.0780875218e-01	1.0780875218e-01	1.0780875218e-01	1.1252380428e-01	1.1856921312e-01	1.1856921312e-01	1.1856921312e-01	1.1856921312e-01	1.2868827130e-01	1.3122886960e-01	1.3122886960e-01	1.3122886960e-01	1.3677563232e-01	1.4000958861e-01	1.4000958861e-01	1.4000958861e-01	1.4816675896e-01	1.5186132306e-01	1.5186132306e-01	1.5817393642e-01	1.5817393642e-01	1.5893837070e-01	1.5893837070e-01	1.6809285226e-01	1.6809285226e-01	1.6809285226e-01	1.7393200348e-01	1.7393200348e-01	1.7393200348e-01	1.7969944992e-01	
251	0.0	-4.1428086072e-03	-4.1428086072e-03	-4.1428086072e-03	-1.0160421515e-02	-1.0160421515e-02	-1.0160421515e-02	-1.0160421515e-02	-1.1902277183e-02	-1.1902277183e-02	-1.1902277183e-02	-1.1902277183e-02	-1.0742588234e-02	-1.0742588234e-02	-1.0742588234e-02	-1.0742588234e-02	-6.9351653636e-03	-6.9351653636e-03	-6.9351653636e-03	-6.9351653636e-03	-1.0108693084e-03	-1.0108693084e-03	-1.0108693084e-03	-1.0108693084e-03	5.2706871878e-03	5.2706871878e-03	5.2706871878e-03	5.2706871878e-03	8.7690159878e-03	1.3491551781e-02	1.3491551781e-02	1.3491551781e-02	2.0964433700e-02	2.0964433700e-02	2.3800151083e-02	2.3800151083e-02	2.3800151083e-02	3.1022856096e-02	3.1022856096e-02	3.1022856096e-02	3.1022856096e-02	3.7948501558e-02	3.7948501558e-02	3.7948501558e-02	3.7948501558e-02	4.1219069221e-02	4.7385902459e-02	4.7385902459e-02	4.7385902459e-02	5.4147064587e-02	5.4147064587e-02	5.7507268342e-02	5.7507268342e-02	5.7507268342e-02	6.5026568750e-02	6.5026568750e-02	6.5026568750e-02	6.9263604092e-02	7.2752074535e-02	7.2752074535e-02	7.2752074535e-02	8.1363233026e-02	8.1363233026e-02	8.7737826820e-02	8.7737826820e-02	8.7737826820e-02	9.2207054702e-02	9.5341978523e-02	9.5341978523e-02	9.5341978523e-02	1.0458208429e-01	1.0780884236e-01	1.0780884236e-01	1.0780884236e-01	1.1252394675e-01	1.1856935514e-01	1.1856935514e-01	1.1856935514e-01	1.1856935514e-01	1.2868853835e-01	1.3122913437e-01	1.3122913437e-01	1.3122913437e-01	1.3677596842e-01	1.4000992020e-01	1.4000992020e-01	1.4000992020e-01	1.4816718951e-01	1.5186174130e-01	1.5186174130e-01	1.5817443250e-01	1.5817443250e-01	1.5893884984e-01	1.5893884984e-01	1.6809342957e-01	1.6809342957e-01	1.6809342957e-01	1.7393260679e-01	1.7393260679e-01	1.7393260679e-01	1.7970012265e-01	
252	0.0	-4.1431626907e-03	-4.1431626907e-03	-4.1431626907e-03	-1.0160902747e-02	-1.0160902747e-02	-1.0160902747e-02	-1.0160902747e-02	-1.1902809591e-02	-1.1902809591e-02	-1.1902809591e-02	-1.1902809591e-02	-1.0743131546e-02	-1.0743131546e-02	-1.0743131546e-02	-1.0743131546e-02	-6.9356918165e-03	-6.9356918165e-03	-6.9356918165e-03	-6.9356918165e-03	-1.0113692915e-03	-1.0113692915e-03	-1.0113692915e-03	-1.0113692915e-03	5.2702088121e-03	5.2702088121e-03	5.2702088121e-03	5.2702088121e-03	8.7685480625e-03	1.3491098918e-02	1.3491098918e-02	1.3491098918e-02	2.0963996458e-02	2.0963996458e-02	2.3799722498e-02	2.3799722498e-02	2.3799722498e-02	3.1022448820e-02	3.1022448820e-02	3.1022448820e-02	3.1022448820e-02	3.7948121458e-02	3.7948121458e-02	3.7948121458e-02	3.7948121458e-02	4.1218715636e-02	4.7385566796e-02	4.7385566796e-02	4.7385566796e-02	5.4146784840e-02	5.4146784840e-02	5.7506991413e-02	5.7506991413e-02	5.7506991413e-02	6.5026330980e-02	6.5026330980e-02	6.5026330980e-02	6.9263409023e-02	7.2751881566e-02	7.2751881566e-02	7.2751881566e-02	8.1363129188e-02	8.1363129188e-02	8.7737725831e-02	8.7737725831e-02	8.7737725831e-02	9.2207000837e-02	9.5341924952e-02	9.5341924952e-02	9.5341924952e-02	1.0458213357e-01	1.0780889159e-01	1.0780889159e-01	1.0780889159e-01	1.1252404848e-01	1.1856945277e-01	1.1856945277e-01	1.1856945277e-01	1.1856945277e-01	1.2868876020e-01	1.3122935200e-01	1.3122935200e-01	1.3122935200e-01	1.3677625668e-01	1.4001020140e-01	1.4001020140e-01	1.4001020140e-01	1.4816756966e-01	1.5186210518e-01	1.5186210518e-01	1.5817487429e-01	1.5817487429e-01	1.5893927247e-01	1.5893927247e-01	1.6809395341e-01	1.6809395341e-01	1.6809395341e-01	1.7393315468e-01	1.7393315468e-01	1.7393315468e-01	1.7970074228e-01	
253	0.0	-4.1435019534e-03	-4.1435019534e-03	-4.1435019534e-03	-1.0161359926e-02	-1.0161359926e-02	-1.0161359926e-02	-1.0161359926e-02	-1.1903314273e-02	-1.1903314273e-02	-1.1903314273e-02	-1.1903314273e-02	-1.0743646073e-02	-1.0743646073e-02	-1.0743646073e-02	-1.0743646073e-02	-6.9361906658e-03	-6.9361906658e-03	-6.9361906658e-03	-6.9361906658e-03	-1.0118455401e-03	-1.0118455401e-03	-1.0118455401e-03	-1.0118455401e-03	5.2697481062e-03	5.2697481062e-03	5.2697481062e-03	5.2697481062e-03	8.7680916550e-03	1.3490656602e-02	1.3490656602e-02	1.3490656602e-02	2.0963555991e-02	2.0963555991e-02	2.3799289709e-02	2.3799289709e-02	2.3799289709e-02	3.1022030790e-02	3.1022030790e-02	3.1022030790e-02	3.1022030790e-02	3.7947726922e-02	3.7947726922e-02	3.7947726922e-02	3.7947726922e-02	4.1218346247e-02	4.7385212765e-02	4.7385212765e-02	4.7385212765e-02	5.4146482584e-02	5.4146482584e-02	5.7506690786e-02	5.7506690786e-02	5.7506690786e-02	6.5026066957e-02	6.5026066957e-02	6.5026066957e-02	6.9263187058e-02	7.2751660348e-02	7.2751660348e-02	7.2751660348e-02	8.1362995949e-02	8.1362995949e-02	8.7737592726e-02	8.7737592726e-02	8.7737592726e-02	9.2206914298e-02	9.5341837192e-02	9.5341837192e-02	9.5341837192e-02	1.0458214771e-01	1.0780890411e-01	1.0780890411e-01	1.0780890411e-01	1.1252411309e-01	1.1856951006e-01	1.1856951006e-01	1.1856951006e-01	1.1856951006e-01	1.2868893952e-01	1.3122952543e-01	1.3122952543e-01	1.3122952543e-01	1.3677649930e-01	1.4001043476e-01	1.4001043476e-01	1.4001043476e-01	1.4816790078e-01	1.5186241665e-01	1.5186241665e-01	1.5817526278e-01	1.5817526278e-01	1.5893964005e-01	1.5893964005e-01	1.6809442362e-01	1.6809442362e-01	1.6809442362e-01	1.7393364693e-01	1.7393364693e-01	1.7393364693e-01	1.7970130752e-01	
254	0.0	-4.1438235872e-03	-4.1438235872e-03	-4.1438235872e-03	-1.0161789655e-02	-1.0161789655e-02	-1.0161789655e-02	-1.0161789655e-02	-1.1903787590e-02	-1.1903787590e-02	-1.1903787590e-02	-1.1903787590e-02	-1.0744128148e-02	-1.0744128148e-02	-1.0744128148e-02	-1.0744128148e-02	-6.9366583227e-03	-6.9366583227e-03	-6.9366583227e-03	-6.9366583227e-03	-1.0122943783e-03	-1.0122943783e-03	-1.0122943783e-03	-1.0122943783e-03	5.2693091230e-03	5.2693091230e-03	5.2693091230e-03	5.2693091230e-03	8.7676513433e-03	1.3490229332e-02	1.3490229332e-02	1.3490229332e-02	2.0963118049e-02	2.0963118049e-02	2.3798858466e-02	2.3798858466e-02	2.3798858466e-02	3.1021608218e-02	3.1021608218e-02	3.1021608218e-02	3.1021608218e-02	3.7947324276e-02	3.7947324276e-02	3.7947324276e-02	3.7947324276e-02	4.1217967246e-02	4.7384846620e-02	4.7384846620e-02	4.7384846620e-02	5.4146163878e-02	5.4146163878e-02	5.7506372607e-02	5.7506372607e-02	5.7506372607e-02	6.5025782652e-02	6.5025782652e-02	6.5025782652e-02	6.9262943751e-02	7.2751416548e-02	7.2751416548e-02	7.2751416548e-02	8.1362838064e-02	8.1362838064e-02	8.7737432501e-02	8.7737432501e-02	8.7737432501e-02	9.2206799582e-02	9.5341719894e-02	9.5341719894e-02	9.5341719894e-02	1.0458213023e-01	1.0780888361e-01	1.0780888361e-01	1.0780888361e-01	1.1252414368e-01	1.1856953048e-01	1.1856953048e-01	1.1856953048e-01	1.1856953048e-01	1.2868907860e-01	1.3122965714e-01	1.3122965714e-01	1.3122965714e-01	1.3677669811e-01	1.4001062240e-01	1.4001062240e-01	1.4001062240e-01	1.4816818395e-01	1.5186267732e-01	1.5186267732e-01	1.5817559876e-01	1.5817559876e-01	1.5893995377e-01	1.5893995377e-01	1.6809484011e-01	1.6809484011e-01	1.6809484011e-01	1.7393408337e-01	1.7393408337e-01	1.7393408337e-01	1.7970181723e-01	
255	0.0	-4.1441251783e-03	-4.1441251783e-03	-4.1441251783e-03	-1.0162189059e-02	-1.0162189059e-02	-1.0162189059e-02	-1.0162189059e-02	-1.1904226467e-02	-1.1904226467e-02	-1.1904226467e-02	-1.1904226467e-02	-1.0744574667e-02	-1.0744574667e-02	-1.0744574667e-02	-1.0744574667e-02	-6.9370917209e-03	-6.9370917209e-03	-6.9370917209e-03	-6.9370917209e-03	-1.0127125988e-03	-1.0127125988e-03	-1.0127125988e-03	-1.0127125988e-03	5.2688954938e-03	5.2688954938e-03	5.2688954938e-03	5.2688954938e-03	8.7672312960e-03	1.3489821250e-02	1.3489821250e-02	1.3489821250e-02	2.0962688051e-02	2.0962688051e-02	2.3798434229e-02	2.3798434229e-02	2.3798434229e-02	3.1021187061e-02	3.1021187061e-02	3.1021187061e-02	3.1021187061e-02	3.7946919619e-02	3.7946919619e-02	3.7946919619e-02	3.7946919619e-02	4.1217584594e-02	4.7384474460e-02	4.7384474460e-02	4.7384474460e-02	5.4145834644e-02	5.4145834644e-02	5.7506042929e-02	5.7506042929e-02	5.7506042929e-02	6.5025483993e-02	6.5025483993e-02	6.5025483993e-02	6.9262684630e-02	7.2751155848e-02	7.2751155848e-02	7.2751155848e-02	8.1362660359e-02	8.1362660359e-02	8.7737250292e-02	8.7737250292e-02	8.7737250292e-02	9.2206661362e-02	9.5341577925e-02	9.5341577925e-02	9.5341577925e-02	1.0458208493e-01	1.0780883410e-01	1.0780883410e-01	1.0780883410e-01	1.1252414372e-01	1.1856951795e-01	1.1856951795e-01	1.1856951795e-01	1.1856951795e-01	1.2868918018e-01	1.3122975016e-01	1.3122975016e-01	1.3122975016e-01	1.3677685549e-01	1.4001076707e-01	1.4001076707e-01	1.4001076707e-01	1.4816842089e-01	1.5186288949e-01	1.5186288949e-01	1.5817588373e-01	1.5817588373e-01	1.5894021557e-01	1.5894021557e-01	1.6809520340e-01	1.6809520340e-01	1.6809520340e-01	1.7393446453e-01	1.7393446453e-01	1.7393446453e-01	1.7970227104e-01	
256	0.0	-4.1444049448e-03	-4.1444049448e-03	-4.1444049448e-03	-1.0162556148e-02	-1.0162556148e-02	-1.0162556148e-02	-1.0162556148e-02	-1.1904628828e-02	-1.1904628828e-02	-1.1904628828e-02	-1.1904628828e-02	-1.0744983571e-02	-1.0744983571e-02	-1.0744983571e-02	-1.0744983571e-02	-6.9374888441e-03	-6.9374888441e-03	-6.9374888441e-03	-6.9374888441e-03	-1.0130980333e-03	-1.0130980333e-03	-1.0130980333e-03	-1.0130980333e-03	5.2685098207e-03	5.2685098207e-03	5.2685098207e-03	5.2685098207e-03	8.7668346727e-03	1.3489435460e-02	1.3489435460e-02	1.3489435460e-02	2.0962270409e-02	2.0962270409e-02	2.3798021423e-02	2.3798021423e-02	2.3798021423e-02	3.1020772226e-02	3.1020772226e-02	3.1020772226e-02	3.1020772226e-02	3.7946517975e-02	3.7946517975e-02	3.7946517975e-02	3.7946517975e-02	4.1217203192e-02	4.7384101270e-02	4.7384101270e-02	4.7384101270e-02	5.4145499726e-02	5.4145499726e-02	5.7505706680e-02	5.7505706680e-02	5.7505706680e-02	6.5025175764e-02	6.5025175764e-02	6.5025175764e-02	6.9262414110e-02	7.2750882770e-02	7.2750882770e-02	7.2750882770e-02	8.1362466732e-02	8.1362466732e-02	8.7737050220e-02	8.7737050220e-02	8.7737050220e-02	9.2206503409e-02	9.5341415194e-02	9.5341415194e-02	9.5341415194e-02	1.0458201491e-01	1.0780875882e-01	1.0780875882e-01	1.0780875882e-01	1.1252411601e-01	1.1856947563e-01	1.1856947563e-01	1.1856947563e-01	1.1856947563e-01	1.2868924651e-01	1.3122980692e-01	1.3122980692e-01	1.3122980692e-01	1.3677697337e-01	1.4001087095e-01	1.4001087095e-01	1.4001087095e-01	1.4816861301e-01	1.5186305503e-01	1.5186305503e-01	1.5817611894e-01	1.5817611894e-01	1.5894042704e-01	1.5894042704e-01	1.6809551409e-01	1.6809551409e-01	1.6809551409e-01	1.7393479096e-01	1.7393479096e-01	1.7393479096e-01	1.7970266873e-01	
257	0.0	-4.1446614421e-03	-4.1446614421e-03	-4.1446614421e-03	-1.0162889344e-02	-1.0162889344e-02	-1.0162889344e-02	-1.0162889344e-02	-1.1904993026e-02	-1.1904993026e-02	-1.1904993026e-02	-1.1904993026e-02	-1.0745353218e-02	-1.0745353218e-02	-1.0745353218e-02	-1.0745353218e-02	-6.9378480668e-03	-6.9378480668e-03	-6.9378480668e-03	-6.9378480668e-03	-1.0134488907e-03	-1.0134488907e-03	-1.0134488907e-03	-1.0134488907e-03	5.2681543087e-03	5.2681543087e-03	5.2681543087e-03	5.2681543087e-03	8.7664641660e-03	1.3489074634e-02	1.3489074634e-02	1.3489074634e-02	2.0961868928e-02	2.0961868928e-02	2.3797623889e-02	2.3797623889e-02	2.3797623889e-02	3.1020367913e-02	3.1020367913e-02	3.1020367913e-02	3.1020367913e-02	3.7946123488e-02	3.7946123488e-02	3.7946123488e-02	3.7946123488e-02	4.1216826867e-02	4.7383731001e-02	4.7383731001e-02	4.7383731001e-02	5.4145162535e-02	5.4145162535e-02	5.7505367375e-02	5.7505367375e-02	5.7505367375e-02	6.5024861113e-02	6.5024861113e-02	6.5024861113e-02	6.9262134749e-02	7.2750599996e-02	7.2750599996e-02	7.2750599996e-02	8.1362259201e-02	8.1362259201e-02	8.7736834556e-02	8.7736834556e-02	8.7736834556e-02	9.2206327706e-02	9.5341233839e-02	9.5341233839e-02	9.5341233839e-02	1.0458192176e-01	1.0780865950e-01	1.0780865950e-01	1.0780865950e-01	1.1252406200e-01	1.1856940534e-01	1.1856940534e-01	1.1856940534e-01	1.1856940534e-01	1.2868927880e-01	1.3122982884e-01	1.3122982884e-01	1.3122982884e-01	1.3677705285e-01	1.4001093542e-01	1.4001093542e-01	1.4001093542e-01	1.4816876111e-01	1.5186317519e-01	1.5186317519e-01	1.5817630518e-01	1.5817630518e-01	1.5894058927e-01	1.5894058927e-01	1.6809577232e-01	1.6809577232e-01	1.6809577232e-01	1.7393506285e-01	1.7393506285e-01	1.7393506285e-01	1.7970300987e-01	
258	0.0	-4.1448936119e-03	-4.1448936119e-03	-4.1448936119e-03	-1.0163187568e-02	-1.0163187568e-02	-1.0163187568e-02	-1.0163187568e-02	-1.1905317965e-02	-1.1905317965e-02	-1.1905317965e-02	-1.1905317965e-02	-1.0745682526e-02	-1.0745682526e-02	-1.0745682526e-02	-1.0745682526e-02	-6.9381683106e-03	-6.9381683106e-03	-6.9381683106e-03	-6.9381683106e-03	-1.0137639180e-03	-1.0137639180e-03	-1.0137639180e-03	-1.0137639180e-03	5.2678306119e-03	5.2678306119e-03	5.2678306119e-03	5.2678306119e-03	8.7661218848e-03	1.3488740874e-02	1.3488740874e-02	1.3488740874e-02	2.0961486771e-02	2.0961486771e-02	2.3797244829e-02	2.3797244829e-02	2.3797244829e-02	3.1019977650e-02	3.1019977650e-02	3.1019977650e-02	3.1019977650e-02	3.7945739608e-02	3.7945739608e-02	3.7945739608e-02	3.7945739608e-02	4.1216458750e-02	4.7383366916e-02	4.7383366916e-02	4.7383366916e-02	5.4144825857e-02	5.4144825857e-02	5.7505027893e-02	5.7505027893e-02	5.7505027893e-02	6.5024542601e-02	6.5024542601e-02	6.5024542601e-02	6.9261848614e-02	7.2750309704e-02	7.2750309704e-02	7.2750309704e-02	8.1362039107e-02	8.1362039107e-02	8.7736604871e-02	8.7736604871e-02	8.7736604871e-02	9.2206135599e-02	9.5341035343e-02	9.5341035343e-02	9.5341035343e-02	1.0458180669e-01	1.0780853753e-01	1.0780853753e-01	1.0780853753e-01	1.1252398296e-01	1.1856930864e-01	1.1856930864e-01	1.1856930864e-01	1.1856930864e-01	1.2868927844e-01	1.3122981747e-01	1.3122981747e-01	1.3122981747e-01	1.3677709537e-01	1.4001096217e-01	1.4001096217e-01	1.4001096217e-01	1.4816886660e-01	1.5186325175e-01	1.5186325175e-01	1.5817644399e-01	1.5817644399e-01	1.5894070407e-01	1.5894070407e-01	1.6809597942e-01	1.6809597942e-01	1.6809597942e-01	1.7393528161e-01	1.7393528161e-01	1.7393528161e-01	1.7970329540e-01	
259	0.0	-4.1451009424e-03	-4.1451009424e-03	-4.1451009424e-03	-1.0163450554e-02	-1.0163450554e-02	-1.0163450554e-02	-1.0163450554e-02	-1.1905603483e-02	-1.1905603483e-02	-1.1905603483e-02	-1.1905603483e-02	-1.0745971395e-02	-1.0745971395e-02	-1.0745971395e-02	-1.0745971395e-02	-6.9384494490e-03	-6.9384494490e-03	-6.9384494490e-03	-6.9384494490e-03	-1.0140427245e-03	-1.0140427245e-03	-1.0140427245e-03	-1.0140427245e-03	5.2675396604e-03	5.2675396604e-03	5.2675396604e-03	5.2675396604e-03	8.7658094106e-03	1.3488435774e-02	1.3488435774e-02	1.3488435774e-02	2.0961127115e-02	2.0961127115e-02	2.3796887473e-02	2.3796887473e-02	2.3796887473e-02	3.1019605475e-02	3.1019605475e-02	3.1019605475e-02	3.1019605475e-02	3.7945370999e-02	3.7945370999e-02	3.7945370999e-02	3.7945370999e-02	4.1216103969e-02	4.7383014308e-02	4.7383014308e-02	4.7383014308e-02	5.4144496214e-02	5.4144496214e-02	5.7504694870e-02	5.7504694870e-02	5.7504694870e-02	6.5024227618e-02	6.5024227618e-02	6.5024227618e-02	6.9261563631e-02	7.2750019957e-02	7.2750019957e-02	7.2750019957e-02	8.1361815218e-02	8.1361815218e-02	8.7736370211e-02	8.7736370211e-02	8.7736370211e-02	9.2205936259e-02	9.5340829042e-02	9.5340829042e-02	9.5340829042e-02	1.0458167890e-01	1.0780840226e-01	1.0780840226e-01	1.0780840226e-01	1.1252388813e-01	1.1856919517e-01	1.1856919517e-01	1.1856919517e-01	1.1856919517e-01	1.2868925472e-01	1.3122978232e-01	1.3122978232e-01	1.3122978232e-01	1.3677711025e-01	1.4001096078e-01	1.4001096078e-01	1.4001096078e-01	1.4816893863e-01	1.5186329433e-01	1.5186329433e-01	1.5817654463e-01	1.5817654463e-01	1.5894078101e-01	1.5894078101e-01	1.6809614412e-01	1.6809614412e-01	1.6809614412e-01	1.7393545608e-01	1.7393545608e-01	1.7393545608e-01	1.7970353364e-01	
260	0.0	-4.1452832410e-03	-4.1452832410e-03	-4.1452832410e-03	-1.0163678415e-02	-1.0163678415e-02	-1.0163678415e-02	-1.0163678415e-02	-1.1905849809e-02	-1.1905849809e-02	-1.1905849809e-02	-1.1905849809e-02	-1.0746220098e-02	-1.0746220098e-02	-1.0746220098e-02	-1.0746220098e-02	-6.9386917089e-03	-6.9386917089e-03	-6.9386917089e-03	-6.9386917089e-03	-1.0142852740e-03	-1.0142852740e-03	-1.0142852740e-03	-1.0142852740e-03	5.2672819909e-03	5.2672819909e-03	5.2672819909e-03	5.2672819909e-03	8.7655278438e-03	1.3488160479e-02	1.3488160479e-02	1.3488160479e-02	2.0960792407e-02	2.0960792407e-02	2.3796554335e-02	2.3796554335e-02	2.3796554335e-02	3.1019254499e-02	3.1019254499e-02	3.1019254499e-02	3.1019254499e-02	3.7945021085e-02	3.7945021085e-02	3.7945021085e-02	3.7945021085e-02	4.1215766012e-02	4.7382676854e-02	4.7382676854e-02	4.7382676854e-02	5.4144177449e-02	5.4144177449e-02	5.7504372267e-02	5.7504372267e-02	5.7504372267e-02	6.5023920202e-02	6.5023920202e-02	6.5023920202e-02	6.9261283657e-02	7.2749734750e-02	7.2749734750e-02	7.2749734750e-02	8.1361590916e-02	8.1361590916e-02	8.7736134239e-02	8.7736134239e-02	8.7736134239e-02	9.2205733008e-02	9.5340618422e-02	9.5340618422e-02	9.5340618422e-02	1.0458154112e-01	1.0780825659e-01	1.0780825659e-01	1.0780825659e-01	1.1252378004e-01	1.1856906781e-01	1.1856906781e-01	1.1856906781e-01	1.1856906781e-01	1.2868920992e-01	1.3122972588e-01	1.3122972588e-01	1.3122972588e-01	1.3677709966e-01	1.4001093371e-01	1.4001093371e-01	1.4001093371e-01	1.4816897917e-01	1.5186330534e-01	1.5186330534e-01	1.5817660913e-01	1.5817660913e-01	1.5894082239e-01	1.5894082239e-01	1.6809626813e-01	1.6809626813e-01	1.6809626813e-01	1.7393558804e-01	1.7393558804e-01	1.7393558804e-01	1.7970372591e-01	
261	0.0	-4.1454407032e-03	-4.1454407032e-03	-4.1454407032e-03	-1.0163871779e-02	-1.0163871779e-02	-1.0163871779e-02	-1.0163871779e-02	-1.1906057739e-02	-1.1906057739e-02	-1.1906057739e-02	-1.1906057739e-02	-1.0746429496e-02	-1.0746429496e-02	-1.0746429496e-02	-1.0746429496e-02	-6.9388959005e-03	-6.9388959005e-03	-6.9388959005e-03	-6.9388959005e-03	-1.0144921093e-03	-1.0144921093e-03	-1.0144921093e-03	-1.0144921093e-03	5.2670575505e-03	5.2670575505e-03	5.2670575505e-03	5.2670575505e-03	8.7652776776e-03	1.3487915519e-02	1.3487915519e-02	1.3487915519e-02	2.0960484415e-02	2.0960484415e-02	2.3796247238e-02	2.3796247238e-02	2.3796247238e-02	3.1018927100e-02	3.1018927100e-02	3.1018927100e-02	3.1018927100e-02	3.7944692524e-02	3.7944692524e-02	3.7944692524e-02	3.7944692524e-02	4.1215447602e-02	4.7382357442e-02	4.7382357442e-02	4.7382357442e-02	5.4143872627e-02	5.4143872627e-02	5.7504063245e-02	5.7504063245e-02	5.7504063245e-02	6.5023623592e-02	6.5023623592e-02	6.5023623592e-02	6.9261011813e-02	7.2749457316e-02	7.2749457316e-02	7.2749457316e-02	8.1361369007e-02	8.1361369007e-02	8.7735899994e-02	8.7735899994e-02	8.7735899994e-02	9.2205528650e-02	9.5340406421e-02	9.5340406421e-02	9.5340406421e-02	1.0458139579e-01	1.0780810311e-01	1.0780810311e-01	1.0780810311e-01	1.1252366101e-01	1.1856892920e-01	1.1856892920e-01	1.1856892920e-01	1.1856892920e-01	1.2868914622e-01	1.3122965047e-01	1.3122965047e-01	1.3122965047e-01	1.3677706573e-01	1.4001088330e-01	1.4001088330e-01	1.4001088330e-01	1.4816899024e-01	1.5186328714e-01	1.5186328714e-01	1.5817663961e-01	1.5817663961e-01	1.5894083055e-01	1.5894083055e-01	1.6809635320e-01	1.6809635320e-01	1.6809635320e-01	1.7393567932e-01	1.7393567932e-01	1.7393567932e-01	1.7970387367e-01	
262	0.0	-4.1455738245e-03	-4.1455738245e-03	-4.1455738245e-03	-1.0164031653e-02	-1.0164031653e-02	-1.0164031653e-02	-1.0164031653e-02	-1.1906228486e-02	-1.1906228486e-02	-1.1906228486e-02	-1.1906228486e-02	-1.0746600867e-02	-1.0746600867e-02	-1.0746600867e-02	-1.0746600867e-02	-6.9390632394e-03	-6.9390632394e-03	-6.9390632394e-03	-6.9390632394e-03	-1.0146641729e-03	-1.0146641729e-03	-1.0146641729e-03	-1.0146641729e-03	5.2668658721e-03	5.2668658721e-03	5.2668658721e-03	5.2668658721e-03	8.7650589585e-03	1.3487700990e-02	1.3487700990e-02	1.3487700990e-02	2.0960204387e-02	2.0960204387e-02	2.3795967494e-02	2.3795967494e-02	2.3795967494e-02	3.1018625112e-02	3.1018625112e-02	3.1018625112e-02	3.1018625112e-02	3.7944387420e-02	3.7944387420e-02	3.7944387420e-02	3.7944387420e-02	4.1215150911e-02	4.7382058417e-02	4.7382058417e-02	4.7382058417e-02	5.4143584309e-02	5.4143584309e-02	5.7503770462e-02	5.7503770462e-02	5.7503770462e-02	6.5023340566e-02	6.5023340566e-02	6.5023340566e-02	6.9260750820e-02	7.2749190492e-02	7.2749190492e-02	7.2749190492e-02	8.1361152063e-02	8.1361152063e-02	8.7735670278e-02	8.7735670278e-02	8.7735670278e-02	9.2205325842e-02	9.5340195829e-02	9.5340195829e-02	9.5340195829e-02	1.0458124535e-01	1.0780794440e-01	1.0780794440e-01	1.0780794440e-01	1.1252353344e-01	1.1856878201e-01	1.1856878201e-01	1.1856878201e-01	1.1856878201e-01	1.2868906603e-01	1.3122955867e-01	1.3122955867e-01	1.3122955867e-01	1.3677701090e-01	1.4001081219e-01	1.4001081219e-01	1.4001081219e-01	1.4816897427e-01	1.5186324250e-01	1.5186324250e-01	1.5817663869e-01	1.5817663869e-01	1.5894080830e-01	1.5894080830e-01	1.6809640184e-01	1.6809640184e-01	1.6809640184e-01	1.7393573254e-01	1.7393573254e-01	1.7393573254e-01	1.7970397929e-01	
263	0.0	-4.1456833756e-03	-4.1456833756e-03	-4.1456833756e-03	-1.0164159391e-02	-1.0164159391e-02	-1.0164159391e-02	-1.0164159391e-02	-1.1906363632e-02	-1.1906363632e-02	-1.1906363632e-02	-1.1906363632e-02	-1.0746735867e-02	-1.0746735867e-02	-1.0746735867e-02	-1.0746735867e-02	-6.9391953059e-03	-6.9391953059e-03	-6.9391953059e-03	-6.9391953059e-03	-1.0148027690e-03	-1.0148027690e-03	-1.0148027690e-03	-1.0148027690e-03	5.2667061088e-03	5.2667061088e-03	5.2667061088e-03	5.2667061088e-03	8.7648713183e-03	1.3487516586e-02	1.3487516586e-02	1.3487516586e-02	2.0959953086e-02	2.0959953086e-02	2.3795715934e-02	2.3795715934e-02	2.3795715934e-02	3.1018349861e-02	3.1018349861e-02	3.1018349861e-02	3.1018349861e-02	3.7944107362e-02	3.7944107362e-02	3.7944107362e-02	3.7944107362e-02	4.1214877610e-02	4.7381781635e-02	4.7381781635e-02	4.7381781635e-02	5.4143314603e-02	5.4143314603e-02	5.7503496123e-02	5.7503496123e-02	5.7503496123e-02	6.5023073488e-02	6.5023073488e-02	6.5023073488e-02	6.9260503043e-02	7.2748936751e-02	7.2748936751e-02	7.2748936751e-02	8.1360942435e-02	8.1360942435e-02	8.7735447672e-02	8.7735447672e-02	8.7735447672e-02	9.2205127098e-02	9.5339989284e-02	9.5339989284e-02	9.5339989284e-02	1.0458109227e-01	1.0780778305e-01	1.0780778305e-01	1.0780778305e-01	1.1252339982e-01	1.1856862902e-01	1.1856862902e-01	1.1856862902e-01	1.1856862902e-01	1.2868897194e-01	1.3122945322e-01	1.3122945322e-01	1.3122945322e-01	1.3677693781e-01	1.4001072324e-01	1.4001072324e-01	1.4001072324e-01	1.4816893398e-01	1.5186317445e-01	1.5186317445e-01	1.5817660927e-01	1.5817660927e-01	1.5894075874e-01	1.5894075874e-01	1.6809641676e-01	1.6809641676e-01	1.6809641676e-01	1.7393575052e-01	1.7393575052e-01	1.7393575052e-01	1.7970404538e-01	
264	0.0	-4.1457703759e-03	-4.1457703759e-03	-4.1457703759e-03	-1.0164256659e-02	-1.0164256659e-02	-1.0164256659e-02	-1.0164256659e-02	-1.1906465101e-02	-1.1906465101e-02	-1.1906465101e-02	-1.1906465101e-02	-1.0746836494e-02	-1.0746836494e-02	-1.0746836494e-02	-1.0746836494e-02	-6.9392940189e-03	-6.9392940189e-03	-6.9392940189e-03	-6.9392940189e-03	-1.0149095426e-03	-1.0149095426e-03	-1.0149095426e-03	-1.0149095426e-03	5.2665770505e-03	5.2665770505e-03	5.2665770505e-03	5.2665770505e-03	8.7647139925e-03	1.3487361609e-02	1.3487361609e-02	1.3487361609e-02	2.0959730809e-02	2.0959730809e-02	2.3795492919e-02	2.3795492919e-02	2.3795492919e-02	3.1018102180e-02	3.1018102180e-02	3.1018102180e-02	3.1018102180e-02	3.7943853449e-02	3.7943853449e-02	3.7943853449e-02	3.7943853449e-02	4.1214628905e-02	4.7381528478e-02	4.7381528478e-02	4.7381528478e-02	5.4143065208e-02	5.4143065208e-02	5.7503242014e-02	5.7503242014e-02	5.7503242014e-02	6.5022824346e-02	6.5022824346e-02	6.5022824346e-02	6.9260270535e-02	7.2748698252e-02	7.2748698252e-02	7.2748698252e-02	8.1360742324e-02	8.1360742324e-02	8.7735234585e-02	8.7735234585e-02	8.7735234585e-02	9.2204934846e-02	9.5339789331e-02	9.5339789331e-02	9.5339789331e-02	1.0458093912e-01	1.0780762175e-01	1.0780762175e-01	1.0780762175e-01	1.1252326283e-01	1.1856847315e-01	1.1856847315e-01	1.1856847315e-01	1.1856847315e-01	1.2868886690e-01	1.3122933720e-01	1.3122933720e-01	1.3122933720e-01	1.3677684959e-01	1.4001061974e-01	1.4001061974e-01	1.4001061974e-01	1.4816887267e-01	1.5186308656e-01	1.5186308656e-01	1.5817655495e-01	1.5817655495e-01	1.5894068560e-01	1.5894068560e-01	1.6809640164e-01	1.6809640164e-01	1.6809640164e-01	1.7393573710e-01	1.7393573710e-01	1.7393573710e-01	1.7970407564e-01	
265	0.0	-4.1458360483e-03	-4.1458360483e-03	-4.1458360483e-03	-1.0164325370e-02	-1.0164325370e-02	-1.0164325370e-02	-1.0164325370e-02	-1.1906535082e-02	-1.1906535082e-02	-1.1906535082e-02	-1.1906535082e-02	-1.0746905015e-02	-1.0746905015e-02	-1.0746905015e-02	-1.0746905015e-02	-6.9393615548e-03	-6.9393615548e-03	-6.9393615548e-03	-6.9393615548e-03	-1.0149863999e-03	-1.0149863999e-03	-1.0149863999e-03	-1.0149863999e-03	5.2664772014e-03	5.2664772014e-03	5.2664772014e-03	5.2664772014e-03	8.7645858943e-03	1.3487235048e-02	1.3487235048e-02	1.3487235048e-02	2.0959537450e-02	2.0959537450e-02	2.3795298414e-02	2.3795298414e-02	2.3795298414e-02	3.1017882475e-02	3.1017882475e-02	3.1017882475e-02	3.1017882475e-02	3.7943626357e-02	3.7943626357e-02	3.7943626357e-02	3.7943626357e-02	4.1214405594e-02	4.7381299922e-02	4.7381299922e-02	4.7381299922e-02	5.4142837446e-02	5.4142837446e-02	5.7503009543e-02	5.7503009543e-02	5.7503009543e-02	6.5022594774e-02	6.5022594774e-02	6.5022594774e-02	6.9260055043e-02	7.2748476836e-02	7.2748476836e-02	7.2748476836e-02	8.1360553736e-02	8.1360553736e-02	8.7735033219e-02	8.7735033219e-02	8.7735033219e-02	9.2204751373e-02	9.5339598364e-02	9.5339598364e-02	9.5339598364e-02	1.0458078846e-01	1.0780746317e-01	1.0780746317e-01	1.0780746317e-01	1.1252312521e-01	1.1856831739e-01	1.1856831739e-01	1.1856831739e-01	1.1856831739e-01	1.2868875407e-01	1.3122921390e-01	1.3122921390e-01	1.3122921390e-01	1.3677674960e-01	1.4001050522e-01	1.4001050522e-01	1.4001050522e-01	1.4816879395e-01	1.5186298272e-01	1.5186298272e-01	1.5817647964e-01	1.5817647964e-01	1.5894059292e-01	1.5894059292e-01	1.6809636035e-01	1.6809636035e-01	1.6809636035e-01	1.7393569631e-01	1.7393569631e-01	1.7393569631e-01	1.7970407402e-01	
266	0.0	-4.1458817852e-03	-4.1458817852e-03	-4.1458817852e-03	-1.0164367636e-02	-1.0164367636e-02	-1.0164367636e-02	-1.0164367636e-02	-1.1906575975e-02	-1.1906575975e-02	-1.1906575975e-02	-1.1906575975e-02	-1.0746943906e-02	-1.0746943906e-02	-1.0746943906e-02	-1.0746943906e-02	-6.9394002973e-03	-6.9394002973e-03	-6.9394002973e-03	-6.9394002973e-03	-1.0150354601e-03	-1.0150354601e-03	-1.0150354601e-03	-1.0150354601e-03	5.2664048270e-03	5.2664048270e-03	5.2664048270e-03	5.2664048270e-03	8.7644856613e-03	1.3487135623e-02	1.3487135623e-02	1.3487135623e-02	2.0959372550e-02	2.0959372550e-02	2.3795132030e-02	2.3795132030e-02	2.3795132030e-02	3.1017690776e-02	3.1017690776e-02	3.1017690776e-02	3.1017690776e-02	3.7943426382e-02	3.7943426382e-02	3.7943426382e-02	3.7943426382e-02	4.1214208111e-02	4.7381096581e-02	4.7381096581e-02	4.7381096581e-02	5.4142632307e-02	5.4142632307e-02	5.7502799780e-02	5.7502799780e-02	5.7502799780e-02	6.5022386098e-02	6.5022386098e-02	6.5022386098e-02	6.9259858039e-02	7.2748274068e-02	7.2748274068e-02	7.2748274068e-02	8.1360378500e-02	8.1360378500e-02	8.7734845592e-02	8.7734845592e-02	8.7734845592e-02	9.2204578835e-02	9.5339418641e-02	9.5339418641e-02	9.5339418641e-02	1.0458064283e-01	1.0780730996e-01	1.0780730996e-01	1.0780730996e-01	1.1252298977e-01	1.1856816473e-01	1.1856816473e-01	1.1856816473e-01	1.1856816473e-01	1.2868863680e-01	1.3122908677e-01	1.3122908677e-01	1.3122908677e-01	1.3677664150e-01	1.4001038348e-01	1.4001038348e-01	1.4001038348e-01	1.4816870184e-01	1.5186286713e-01	1.5186286713e-01	1.5817638772e-01	1.5817638772e-01	1.5894048520e-01	1.5894048520e-01	1.6809629752e-01	1.6809629752e-01	1.6809629752e-01	1.7393563295e-01	1.7393563295e-01	1.7393563295e-01	1.7970404532e-01	
267	0.0	-4.1459091133e-03	-4.1459091133e-03	-4.1459091133e-03	-1.0164385725e-02	-1.0164385725e-02	-1.0164385725e-02	-1.0164385725e-02	-1.1906590342e-02	-1.1906590342e-02	-1.1906590342e-02	-1.1906590342e-02	-1.0746955805e-02	-1.0746955805e-02	-1.0746955805e-02	-1.0746955805e-02	-6.9394127843e-03	-6.9394127843e-03	-6.9394127843e-03	-6.9394127843e-03	-1.0150590065e-03	-1.0150590065e-03	-1.0150590065e-03	-1.0150590065e-03	5.2663579986e-03	5.2663579986e-03	5.2663579986e-03	5.2663579986e-03	8.7644116984e-03	1.3487061825e-02	1.3487061825e-02	1.3487061825e-02	2.0959235331e-02	2.0959235331e-02	2.3794993057e-02	2.3794993057e-02	2.3794993057e-02	3.1017526757e-02	3.1017526757e-02	3.1017526757e-02	3.1017526757e-02	3.7943253461e-02	3.7943253461e-02	3.7943253461e-02	3.7943253461e-02	4.1214036542e-02	4.7380918710e-02	4.7380918710e-02	4.7380918710e-02	5.4142450430e-02	5.4142450430e-02	5.7502613442e-02	5.7502613442e-02	5.7502613442e-02	6.5022199295e-02	6.5022199295e-02	6.5022199295e-02	6.9259680671e-02	7.2748091180e-02	7.2748091180e-02	7.2748091180e-02	8.1360218180e-02	8.1360218180e-02	8.7734673436e-02	8.7734673436e-02	8.7734673436e-02	9.2204419136e-02	9.5339252156e-02	9.5339252156e-02	9.5339252156e-02	1.0458050461e-01	1.0780716460e-01	1.0780716460e-01	1.0780716460e-01	1.1252285916e-01	1.1856801803e-01	1.1856801803e-01	1.1856801803e-01	1.1856801803e-01	1.2868851836e-01	1.3122895918e-01	1.3122895918e-01	1.3122895918e-01	1.3677652891e-01	1.4001025826e-01	1.4001025826e-01	1.4001025826e-01	1.4816860035e-01	1.5186274401e-01	1.5186274401e-01	1.5817628359e-01	1.5817628359e-01	1.5894036690e-01	1.5894036690e-01	1.6809621762e-01	1.6809621762e-01	1.6809621762e-01	1.7393555171e-01	1.7393555171e-01	1.7393555171e-01	1.7970399422e-01	
268	0.0	-4.1459196719e-03	-4.1459196719e-03	-4.1459196719e-03	-1.0164382026e-02	-1.0164382026e-02	-1.0164382026e-02	-1.0164382026e-02	-1.1906580873e-02	-1.1906580873e-02	-1.1906580873e-02	-1.1906580873e-02	-1.0746943478e-02	-1.0746943478e-02	-1.0746943478e-02	-1.0746943478e-02	-6.9394016826e-03	-6.9394016826e-03	-6.9394016826e-03	-6.9394016826e-03	-1.0150594629e-03	-1.0150594629e-03	-1.0150594629e-03	-1.0150594629e-03	5.2663346168e-03	5.2663346168e-03	5.2663346168e-03	5.2663346168e-03	8.7643622026e-03	1.3487011939e-02	1.3487011939e-02	1.3487011939e-02	2.0959124722e-02	2.0959124722e-02	2.3794880493e-02	2.3794880493e-02	2.3794880493e-02	3.1017389769e-02	3.1017389769e-02	3.1017389769e-02	3.1017389769e-02	3.7943107203e-02	3.7943107203e-02	3.7943107203e-02	3.7943107203e-02	4.1213890653e-02	4.7380766242e-02	4.7380766242e-02	4.7380766242e-02	5.4142292148e-02	5.4142292148e-02	5.7502450928e-02	5.7502450928e-02	5.7502450928e-02	6.5022035038e-02	6.5022035038e-02	6.5022035038e-02	6.9259523807e-02	7.2747929115e-02	7.2747929115e-02	7.2747929115e-02	8.1360074117e-02	8.1360074117e-02	8.7734518244e-02	8.7734518244e-02	8.7734518244e-02	9.2204273972e-02	9.5339100685e-02	9.5339100685e-02	9.5339100685e-02	1.0458037601e-01	1.0780702938e-01	1.0780702938e-01	1.0780702938e-01	1.1252273592e-01	1.1856787997e-01	1.1856787997e-01	1.1856787997e-01	1.1856787997e-01	1.2868840201e-01	1.3122883447e-01	1.3122883447e-01	1.3122883447e-01	1.3677641546e-01	1.4001013333e-01	1.4001013333e-01	1.4001013333e-01	1.4816849360e-01	1.5186261764e-01	1.5186261764e-01	1.5817617181e-01	1.5817617181e-01	1.5894024266e-01	1.5894024266e-01	1.6809612560e-01	1.6809612560e-01	1.6809612560e-01	1.7393545771e-01	1.7393545771e-01	1.7393545771e-01	1.7970392596e-01	
269	0.0	-4.1459152055e-03	-4.1459152055e-03	-4.1459152055e-03	-1.0164359050e-02	-1.0164359050e-02	-1.0164359050e-02	-1.0164359050e-02	-1.1906550388e-02	-1.1906550388e-02	-1.1906550388e-02	-1.1906550388e-02	-1.0746909823e-02	-1.0746909823e-02	-1.0746909823e-02	-1.0746909823e-02	-6.9393697960e-03	-6.9393697960e-03	-6.9393697960e-03	-6.9393697960e-03	-1.0150394094e-03	-1.0150394094e-03	-1.0150394094e-03	-1.0150394094e-03	5.2663323899e-03	5.2663323899e-03	5.2663323899e-03	5.2663323899e-03	8.7643351423e-03	1.3486984012e-02	1.3486984012e-02	1.3486984012e-02	2.0959039325e-02	2.0959039325e-02	2.3794792998e-02	2.3794792998e-02	2.3794792998e-02	3.1017278785e-02	3.1017278785e-02	3.1017278785e-02	3.1017278785e-02	3.7942986819e-02	3.7942986819e-02	3.7942986819e-02	3.7942986819e-02	4.1213769820e-02	4.7380638688e-02	4.7380638688e-02	4.7380638688e-02	5.4142157369e-02	5.4142157369e-02	5.7502312196e-02	5.7502312196e-02	5.7502312196e-02	6.5021893542e-02	6.5021893542e-02	6.5021893542e-02	6.9259387869e-02	7.2747788352e-02	7.2747788352e-02	7.2747788352e-02	8.1359947219e-02	8.1359947219e-02	8.7734381035e-02	8.7734381035e-02	8.7734381035e-02	9.2204144580e-02	9.5338965521e-02	9.5338965521e-02	9.5338965521e-02	1.0458025882e-01	1.0780690614e-01	1.0780690614e-01	1.0780690614e-01	1.1252262213e-01	1.1856775275e-01	1.1856775275e-01	1.1856775275e-01	1.1856775275e-01	1.2868829055e-01	1.3122871549e-01	1.3122871549e-01	1.3122871549e-01	1.3677630437e-01	1.4001001194e-01	1.4001001194e-01	1.4001001194e-01	1.4816838528e-01	1.5186249181e-01	1.5186249181e-01	1.5817605650e-01	1.5817605650e-01	1.5894011661e-01	1.5894011661e-01	1.6809602577e-01	1.6809602577e-01	1.6809602577e-01	1.7393535545e-01	1.7393535545e-01	1.7393535545e-01	1.7970384518e-01	
270	0.0	-4.1458974558e-03	-4.1458974558e-03	-4.1458974558e-03	-1.0164319265e-02	-1.0164319265e-02	-1.0164319265e-02	-1.0164319265e-02	-1.1906501646e-02	-1.1906501646e-02	-1.1906501646e-02	-1.1906501646e-02	-1.0746857666e-02	-1.0746857666e-02	-1.0746857666e-02	-1.0746857666e-02	-6.9393198524e-03	-6.9393198524e-03	-6.9393198524e-03	-6.9393198524e-03	-1.0150013637e-03	-1.0150013637e-03	-1.0150013637e-03	-1.0150013637e-03	5.2663490538e-03	5.2663490538e-03	5.2663490538e-03	5.2663490538e-03	8.7643284656e-03	1.3486976080e-02	1.3486976080e-02	1.3486976080e-02	2.0958977625e-02	2.0958977625e-02	2.3794729116e-02	2.3794729116e-02	2.3794729116e-02	3.1017192616e-02	3.1017192616e-02	3.1017192616e-02	3.1017192616e-02	3.7942891331e-02	3.7942891331e-02	3.7942891331e-02	3.7942891331e-02	4.1213673209e-02	4.7380535360e-02	4.7380535360e-02	4.7380535360e-02	5.4142045746e-02	5.4142045746e-02	5.7502196953e-02	5.7502196953e-02	5.7502196953e-02	6.5021774754e-02	6.5021774754e-02	6.5021774754e-02	6.9259272994e-02	7.2747669081e-02	7.2747669081e-02	7.2747669081e-02	8.1359838071e-02	8.1359838071e-02	8.7734262505e-02	8.7734262505e-02	8.7734262505e-02	9.2204031858e-02	9.5338847618e-02	9.5338847618e-02	9.5338847618e-02	1.0458015444e-01	1.0780679634e-01	1.0780679634e-01	1.0780679634e-01	1.1252251948e-01	1.1856763818e-01	1.1856763818e-01	1.1856763818e-01	1.1856763818e-01	1.2868818636e-01	1.3122860470e-01	1.3122860470e-01	1.3122860470e-01	1.3677619844e-01	1.4000989697e-01	1.4000989697e-01	1.4000989697e-01	1.4816827871e-01	1.5186236991e-01	1.5186236991e-01	1.5817594139e-01	1.5817594139e-01	1.5893999248e-01	1.5893999248e-01	1.6809592230e-01	1.6809592230e-01	1.6809592230e-01	1.7393524929e-01	1.7393524929e-01	1.7393524929e-01	1.7970375638e-01	
271	0.0	-4.1458681806e-03	-4.1458681806e-03	-4.1458681806e-03	-1.0164265134e-02	-1.0164265134e-02	-1.0164265134e-02	-1.0164265134e-02	-1.1906437391e-02	-1.1906437391e-02	-1.1906437391e-02	-1.1906437391e-02	-1.0746789819e-02	-1.0746789819e-02	-1.0746789819e-02	-1.0746789819e-02	-6.9392545686e-03	-6.9392545686e-03	-6.9392545686e-03	-6.9392545686e-03	-1.0149478536e-03	-1.0149478536e-03	-1.0149478536e-03	-1.0149478536e-03	5.2663822954e-03	5.2663822954e-03	5.2663822954e-03	5.2663822954e-03	8.7643400283e-03	1.3486986081e-02	1.3486986081e-02	1.3486986081e-02	2.0958937907e-02	2.0958937907e-02	2.3794687188e-02	2.3794687188e-02	2.3794687188e-02	3.1017129820e-02	3.1017129820e-02	3.1017129820e-02	3.1017129820e-02	3.7942819476e-02	3.7942819476e-02	3.7942819476e-02	3.7942819476e-02	4.1213599686e-02	4.7380455247e-02	4.7380455247e-02	4.7380455247e-02	5.4141956571e-02	5.4141956571e-02	5.7502104531e-02	5.7502104531e-02	5.7502104531e-02	6.5021678214e-02	6.5021678214e-02	6.5021678214e-02	6.9259178894e-02	7.2747571057e-02	7.2747571057e-02	7.2747571057e-02	8.1359746799e-02	8.1359746799e-02	8.7734162861e-02	8.7734162861e-02	8.7734162861e-02	9.2203936201e-02	9.5338747411e-02	9.5338747411e-02	9.5338747411e-02	1.0458006372e-01	1.0780670087e-01	1.0780670087e-01	1.0780670087e-01	1.1252242910e-01	1.1856753743e-01	1.1856753743e-01	1.1856753743e-01	1.1856753743e-01	1.2868809120e-01	1.3122850386e-01	1.3122850386e-01	1.3122850386e-01	1.3677609976e-01	1.4000979056e-01	1.4000979056e-01	1.4000979056e-01	1.4816817646e-01	1.5186225457e-01	1.5186225457e-01	1.5817582944e-01	1.5817582944e-01	1.5893987323e-01	1.5893987323e-01	1.6809581839e-01	1.6809581839e-01	1.6809581839e-01	1.7393514258e-01	1.7393514258e-01	1.7393514258e-01	1.7970366315e-01	
272	0.0	-4.1458291167e-03	-4.1458291167e-03	-4.1458291167e-03	-1.0164199062e-02	-1.0164199062e-02	-1.0164199062e-02	-1.0164199062e-02	-1.1906360299e-02	-1.1906360299e-02	-1.1906360299e-02	-1.1906360299e-02	-1.0746709015e-02	-1.0746709015e-02	-1.0746709015e-02	-1.0746709015e-02	-6.9391765903e-03	-6.9391765903e-03	-6.9391765903e-03	-6.9391765903e-03	-1.0148813572e-03	-1.0148813572e-03	-1.0148813572e-03	-1.0148813572e-03	5.2664298123e-03	5.2664298123e-03	5.2664298123e-03	5.2664298123e-03	8.7643676538e-03	1.3487011918e-02	1.3487011918e-02	1.3487011918e-02	2.0958918323e-02	2.0958918323e-02	2.3794665416e-02	2.3794665416e-02	2.3794665416e-02	3.1017088768e-02	3.1017088768e-02	3.1017088768e-02	3.1017088768e-02	3.7942769770e-02	3.7942769770e-02	3.7942769770e-02	3.7942769770e-02	4.1213547878e-02	4.7380397088e-02	4.7380397088e-02	4.7380397088e-02	5.4141888841e-02	5.4141888841e-02	5.7502033957e-02	5.7502033957e-02	5.7502033957e-02	6.5021603129e-02	6.5021603129e-02	6.5021603129e-02	6.9259104939e-02	7.2747493683e-02	7.2747493683e-02	7.2747493683e-02	8.1359673147e-02	8.1359673147e-02	8.7734081909e-02	8.7734081909e-02	8.7734081909e-02	9.2203857591e-02	9.5338664910e-02	9.5338664910e-02	9.5338664910e-02	1.0457998706e-01	1.0780662016e-01	1.0780662016e-01	1.0780662016e-01	1.1252235160e-01	1.1856745118e-01	1.1856745118e-01	1.1856745118e-01	1.1856745118e-01	1.2868800630e-01	1.3122841422e-01	1.3122841422e-01	1.3122841422e-01	1.3677600991e-01	1.4000969430e-01	1.4000969430e-01	1.4000969430e-01	1.4816808058e-01	1.5186214784e-01	1.5186214784e-01	1.5817572308e-01	1.5817572308e-01	1.5893976123e-01	1.5893976123e-01	1.6809571690e-01	1.6809571690e-01	1.6809571690e-01	1.7393503833e-01	1.7393503833e-01	1.7393503833e-01	1.7970356872e-01	
273	0.0	-4.1457819490e-03	-4.1457819490e-03	-4.1457819490e-03	-1.0164123358e-02	-1.0164123358e-02	-1.0164123358e-02	-1.0164123358e-02	-1.1906272927e-02	-1.1906272927e-02	-1.1906272927e-02	-1.1906272927e-02	-1.0746617869e-02	-1.0746617869e-02	-1.0746617869e-02	-1.0746617869e-02	-6.9390884465e-03	-6.9390884465e-03	-6.9390884465e-03	-6.9390884465e-03	-1.0148042607e-03	-1.0148042607e-03	-1.0148042607e-03	-1.0148042607e-03	5.2664893529e-03	5.2664893529e-03	5.2664893529e-03	5.2664893529e-03	8.7644091702e-03	1.3487051493e-02	1.3487051493e-02	1.3487051493e-02	2.0958916918e-02	2.0958916918e-02	2.3794661892e-02	2.3794661892e-02	2.3794661892e-02	3.1017067662e-02	3.1017067662e-02	3.1017067662e-02	3.1017067662e-02	3.7942740519e-02	3.7942740519e-02	3.7942740519e-02	3.7942740519e-02	4.1213516173e-02	4.7380359366e-02	4.7380359366e-02	4.7380359366e-02	5.4141841230e-02	5.4141841230e-02	5.7501983930e-02	5.7501983930e-02	5.7501983930e-02	6.5021548335e-02	6.5021548335e-02	6.5021548335e-02	6.9259050094e-02	7.2747435944e-02	7.2747435944e-02	7.2747435944e-02	8.1359616381e-02	8.1359616381e-02	8.7734018955e-02	8.7734018955e-02	8.7734018955e-02	9.2203795478e-02	9.5338599578e-02	9.5338599578e-02	9.5338599578e-02	1.0457992425e-01	1.0780655401e-01	1.0780655401e-01	1.0780655401e-01	1.1252228698e-01	1.1856737941e-01	1.1856737941e-01	1.1856737941e-01	1.1856737941e-01	1.2868793211e-01	1.3122833624e-01	1.3122833624e-01	1.3122833624e-01	1.3677592963e-01	1.4000960890e-01	1.4000960890e-01	1.4000960890e-01	1.4816799220e-01	1.5186205082e-01	1.5186205082e-01	1.5817562372e-01	1.5817562372e-01	1.5893965784e-01	1.5893965784e-01	1.6809561947e-01	1.6809561947e-01	1.6809561947e-01	1.7393493829e-01	1.7393493829e-01	1.7393493829e-01	1.7970347509e-01	
274	0.0	-4.1457282898e-03	-4.1457282898e-03	-4.1457282898e-03	-1.0164040204e-02	-1.0164040204e-02	-1.0164040204e-02	-1.0164040204e-02	-1.1906177688e-02	-1.1906177688e-02	-1.1906177688e-02	-1.1906177688e-02	-1.0746518841e-02	-1.0746518841e-02	-1.0746518841e-02	-1.0746518841e-02	-6.9389925242e-03	-6.9389925242e-03	-6.9389925242e-03	-6.9389925242e-03	-1.0147188314e-03	-1.0147188314e-03	-1.0147188314e-03	-1.0147188314e-03	5.2665587455e-03	5.2665587455e-03	5.2665587455e-03	5.2665587455e-03	8.7644624451e-03	1.3487102738e-02	1.3487102738e-02	1.3487102738e-02	2.0958931685e-02	2.0958931685e-02	2.3794674643e-02	2.3794674643e-02	2.3794674643e-02	3.1017064596e-02	3.1017064596e-02	3.1017064596e-02	3.1017064596e-02	3.7942729886e-02	3.7942729886e-02	3.7942729886e-02	3.7942729886e-02	4.1213502801e-02	4.7380340390e-02	4.7380340390e-02	4.7380340390e-02	5.4141812198e-02	5.4141812198e-02	5.7501952920e-02	5.7501952920e-02	5.7501952920e-02	6.5021512412e-02	6.5021512412e-02	6.5021512412e-02	6.9259013059e-02	7.2747396547e-02	7.2747396547e-02	7.2747396547e-02	8.1359575472e-02	8.1359575472e-02	8.7733972980e-02	8.7733972980e-02	8.7733972980e-02	9.2203748982e-02	9.5338550537e-02	9.5338550537e-02	9.5338550537e-02	1.0457987474e-01	1.0780650186e-01	1.0780650186e-01	1.0780650186e-01	1.1252223483e-01	1.1856732171e-01	1.1856732171e-01	1.1856732171e-01	1.1856732171e-01	1.2868786865e-01	1.3122826992e-01	1.3122826992e-01	1.3122826992e-01	1.3677585918e-01	1.4000953462e-01	1.4000953462e-01	1.4000953462e-01	1.4816791196e-01	1.5186196412e-01	1.5186196412e-01	1.5817553230e-01	1.5817553230e-01	1.5893956392e-01	1.5893956392e-01	1.6809552746e-01	1.6809552746e-01	1.6809552746e-01	1.7393484388e-01	1.7393484388e-01	1.7393484388e-01	1.7970338397e-01	
275	0.0	-4.1456697091e-03	-4.1456697091e-03	-4.1456697091e-03	-1.0163951714e-02	-1.0163951714e-02	-1.0163951714e-02	-1.0163951714e-02	-1.1906076919e-02	-1.1906076919e-02	-1.1906076919e-02	-1.1906076919e-02	-1.0746414321e-02	-1.0746414321e-02	-1.0746414321e-02	-1.0746414321e-02	-6.9388911519e-03	-6.9388911519e-03	-6.9388911519e-03	-6.9388911519e-03	-1.0146273101e-03	-1.0146273101e-03	-1.0146273101e-03	-1.0146273101e-03	5.2666358020e-03	5.2666358020e-03	5.2666358020e-03	5.2666358020e-03	8.7645252944e-03	1.3487163516e-02	1.3487163516e-02	1.3487163516e-02	2.0958960461e-02	2.0958960461e-02	2.3794701528e-02	2.3794701528e-02	2.3794701528e-02	3.1017077441e-02	3.1017077441e-02	3.1017077441e-02	3.1017077441e-02	3.7942735770e-02	3.7942735770e-02	3.7942735770e-02	3.7942735770e-02	4.1213505715e-02	4.7380338149e-02	4.7380338149e-02	4.7380338149e-02	5.4141799848e-02	5.4141799848e-02	5.7501939020e-02	5.7501939020e-02	5.7501939020e-02	6.5021493522e-02	6.5021493522e-02	6.5021493522e-02	6.9258992101e-02	7.2747373745e-02	7.2747373745e-02	7.2747373745e-02	8.1359548908e-02	8.1359548908e-02	8.7733942441e-02	8.7733942441e-02	8.7733942441e-02	9.2203716685e-02	9.5338516341e-02	9.5338516341e-02	9.5338516341e-02	1.0457983735e-01	1.0780646253e-01	1.0780646253e-01	1.0780646253e-01	1.1252219409e-01	1.1856727695e-01	1.1856727695e-01	1.1856727695e-01	1.1856727695e-01	1.2868781520e-01	1.3122821448e-01	1.3122821448e-01	1.3122821448e-01	1.3677579803e-01	1.4000947084e-01	1.4000947084e-01	1.4000947084e-01	1.4816783965e-01	1.5186188737e-01	1.5186188737e-01	1.5817544876e-01	1.5817544876e-01	1.5893947929e-01	1.5893947929e-01	1.6809544101e-01	1.6809544101e-01	1.6809544101e-01	1.7393475527e-01	1.7393475527e-01	1.7393475527e-01	1.7970329581e-01	
276	0.0	-4.1456075992e-03	-4.1456075992e-03	-4.1456075992e-03	-1.0163859727e-02	-1.0163859727e-02	-1.0163859727e-02	-1.0163859727e-02	-1.1905972638e-02	-1.1905972638e-02	-1.1905972638e-02	-1.1905972638e-02	-1.0746306361e-02	-1.0746306361e-02	-1.0746306361e-02	-1.0746306361e-02	-6.9387863204e-03	-6.9387863204e-03	-6.9387863204e-03	-6.9387863204e-03	-1.0145316153e-03	-1.0145316153e-03	-1.0145316153e-03	-1.0145316153e-03	5.2667186260e-03	5.2667186260e-03	5.2667186260e-03	5.2667186260e-03	8.7645957838e-03	1.3487231947e-02	1.3487231947e-02	1.3487231947e-02	2.0959001257e-02	2.0959001257e-02	2.3794740586e-02	2.3794740586e-02	2.3794740586e-02	3.1017104213e-02	3.1017104213e-02	3.1017104213e-02	3.1017104213e-02	3.7942756189e-02	3.7942756189e-02	3.7942756189e-02	3.7942756189e-02	4.1213522959e-02	4.7380350737e-02	4.7380350737e-02	4.7380350737e-02	5.4141802337e-02	5.4141802337e-02	5.7501940381e-02	5.7501940381e-02	5.7501940381e-02	6.5021489867e-02	6.5021489867e-02	6.5021489867e-02	6.9258985506e-02	7.2747365813e-02	7.2747365813e-02	7.2747365813e-02	8.1359535157e-02	8.1359535157e-02	8.7733925781e-02	8.7733925781e-02	8.7733925781e-02	9.2203697134e-02	9.5338495517e-02	9.5338495517e-02	9.5338495517e-02	1.0457981086e-01	1.0780643474e-01	1.0780643474e-01	1.0780643474e-01	1.1252216364e-01	1.1856724394e-01	1.1856724394e-01	1.1856724394e-01	1.1856724394e-01	1.2868777091e-01	1.3122816905e-01	1.3122816905e-01	1.3122816905e-01	1.3677574549e-01	1.4000941683e-01	1.4000941683e-01	1.4000941683e-01	1.4816777486e-01	1.5186182006e-01	1.5186182006e-01	1.5817537287e-01	1.5817537287e-01	1.5893940361e-01	1.5893940361e-01	1.6809536026e-01	1.6809536026e-01	1.6809536026e-01	1.7393467263e-01	1.7393467263e-01	1.7393467263e-01	1.7970321107e-01	
277	0.0	-4.1455432921e-03	-4.1455432921e-03	-4.1455432921e-03	-1.0163765994e-02	-1.0163765994e-02	-1.0163765994e-02	-1.0163765994e-02	-1.1905866769e-02	-1.1905866769e-02	-1.1905866769e-02	-1.1905866769e-02	-1.0746196926e-02	-1.0746196926e-02	-1.0746196926e-02	-1.0746196926e-02	-6.9386799519e-03	-6.9386799519e-03	-6.9386799519e-03	-6.9386799519e-03	-1.0144336282e-03	-1.0144336282e-03	-1.0144336282e-03	-1.0144336282e-03	5.2668053206e-03	5.2668053206e-03	5.2668053206e-03	5.2668053206e-03	8.7646719531e-03	1.3487306101e-02	1.3487306101e-02	1.3487306101e-02	2.0959051976e-02	2.0959051976e-02	2.3794789725e-02	2.3794789725e-02	2.3794789725e-02	3.1017142753e-02	3.1017142753e-02	3.1017142753e-02	3.1017142753e-02	3.7942788961e-02	3.7942788961e-02	3.7942788961e-02	3.7942788961e-02	4.1213552371e-02	4.7380375999e-02	4.7380375999e-02	4.7380375999e-02	5.4141817550e-02	5.4141817550e-02	5.7501954862e-02	5.7501954862e-02	5.7501954862e-02	6.5021499328e-02	6.5021499328e-02	6.5021499328e-02	6.9258991232e-02	7.2747370676e-02	7.2747370676e-02	7.2747370676e-02	8.1359532330e-02	8.1359532330e-02	8.7733921041e-02	8.7733921041e-02	8.7733921041e-02	9.2203688471e-02	9.5338486161e-02	9.5338486161e-02	9.5338486161e-02	1.0457979359e-01	1.0780641679e-01	1.0780641679e-01	1.0780641679e-01	1.1252214186e-01	1.1856722095e-01	1.1856722095e-01	1.1856722095e-01	1.1856722095e-01	1.2868773437e-01	1.3122813212e-01	1.3122813212e-01	1.3122813212e-01	1.3677570027e-01	1.4000937118e-01	1.4000937118e-01	1.4000937118e-01	1.4816771650e-01	1.5186176095e-01	1.5186176095e-01	1.5817530363e-01	1.5817530363e-01	1.5893933576e-01	1.5893933576e-01	1.6809528435e-01	1.6809528435e-01	1.6809528435e-01	1.7393459509e-01	1.7393459509e-01	1.7393459509e-01	1.7970312917e-01	
278	0.0	-4.1454779628e-03	-4.1454779628e-03	-4.1454779628e-03	-1.0163672033e-02	-1.0163672033e-02	-1.0163672033e-02	-1.0163672033e-02	-1.1905760975e-02	-1.1905760975e-02	-1.1905760975e-02	-1.1905760975e-02	-1.0746087708e-02	-1.0746087708e-02	-1.0746087708e-02	-1.0746087708e-02	-6.9385736993e-03	-6.9385736993e-03	-6.9385736993e-03	-6.9385736993e-03	-1.0143349777e-03	-1.0143349777e-03	-1.0143349777e-03	-1.0143349777e-03	5.2668942150e-03	5.2668942150e-03	5.2668942150e-03	5.2668942150e-03	8.7647520411e-03	1.3487384245e-02	1.3487384245e-02	1.3487384245e-02	2.0959110662e-02	2.0959110662e-02	2.3794846997e-02	2.3794846997e-02	2.3794846997e-02	3.1017191025e-02	3.1017191025e-02	3.1017191025e-02	3.1017191025e-02	3.7942832009e-02	3.7942832009e-02	3.7942832009e-02	3.7942832009e-02	4.1213591889e-02	4.7380411875e-02	4.7380411875e-02	4.7380411875e-02	5.4141843454e-02	5.4141843454e-02	5.7501980402e-02	5.7501980402e-02	5.7501980402e-02	6.5021519855e-02	6.5021519855e-02	6.5021519855e-02	6.9259007306e-02	7.2747386323e-02	7.2747386323e-02	7.2747386323e-02	8.1359538601e-02	8.1359538601e-02	8.7733926319e-02	8.7733926319e-02	8.7733926319e-02	9.2203688898e-02	9.5338486423e-02	9.5338486423e-02	9.5338486423e-02	1.0457978393e-01	1.0780640700e-01	1.0780640700e-01	1.0780640700e-01	1.1252212722e-01	1.1856720630e-01	1.1856720630e-01	1.1856720630e-01	1.1856720630e-01	1.2868770422e-01	1.3122810228e-01	1.3122810228e-01	1.3122810228e-01	1.3677566110e-01	1.4000933253e-01	1.4000933253e-01	1.4000933253e-01	1.4816766353e-01	1.5186170881e-01	1.5186170881e-01	1.5817524009e-01	1.5817524009e-01	1.5893927462e-01	1.5893927462e-01	1.6809521269e-01	1.6809521269e-01	1.6809521269e-01	1.7393452201e-01	1.7393452201e-01	1.7393452201e-01	1.7970304976e-01	
279	0.0	-4.1454126529e-03	-4.1454126529e-03	-4.1454126529e-03	-1.0163579175e-02	-1.0163579175e-02	-1.0163579175e-02	-1.0163579175e-02	-1.1905656704e-02	-1.1905656704e-02	-1.1905656704e-02	-1.1905656704e-02	-1.0745980181e-02	-1.0745980181e-02	-1.0745980181e-02	-1.0745980181e-02	-6.9384690063e-03	-6.9384690063e-03	-6.9384690063e-03	-6.9384690063e-03	-1.0142371018e-03	-1.0142371018e-03	-1.0142371018e-03	-1.0142371018e-03	5.2669838075e-03	5.2669838075e-03	5.2669838075e-03	5.2669838075e-03	8.7648344372e-03	1.3487464791e-02	1.3487464791e-02	1.3487464791e-02	2.0959175465e-02	2.0959175465e-02	2.3794910555e-02	2.3794910555e-02	2.3794910555e-02	3.1017247072e-02	3.1017247072e-02	3.1017247072e-02	3.1017247072e-02	3.7942883326e-02	3.7942883326e-02	3.7942883326e-02	3.7942883326e-02	4.1213639522e-02	4.7380456363e-02	4.7380456363e-02	4.7380456363e-02	5.4141878066e-02	5.4141878066e-02	5.7502014982e-02	5.7502014982e-02	5.7502014982e-02	6.5021549438e-02	6.5021549438e-02	6.5021549438e-02	6.9259031793e-02	7.2747410780e-02	7.2747410780e-02	7.2747410780e-02	8.1359552182e-02	8.1359552182e-02	8.7733939742e-02	8.7733939742e-02	8.7733939742e-02	9.2203696643e-02	9.5338494477e-02	9.5338494477e-02	9.5338494477e-02	1.0457978028e-01	1.0780640371e-01	1.0780640371e-01	1.0780640371e-01	1.1252211816e-01	1.1856719833e-01	1.1856719833e-01	1.1856719833e-01	1.1856719833e-01	1.2868767906e-01	1.3122807805e-01	1.3122807805e-01	1.3122807805e-01	1.3677562669e-01	1.4000929947e-01	1.4000929947e-01	1.4000929947e-01	1.4816761483e-01	1.5186166233e-01	1.5186166233e-01	1.5817518116e-01	1.5817518116e-01	1.5893921896e-01	1.5893921896e-01	1.6809514429e-01	1.6809514429e-01	1.6809514429e-01	1.7393445238e-01	1.7393445238e-01	1.7393445238e-01	1.7970297213e-01	
280	0.0	-4.1453482742e-03	-4.1453482742e-03	-4.1453482742e-03	-1.0163488566e-02	-1.0163488566e-02	-1.0163488566e-02	-1.0163488566e-02	-1.1905555203e-02	-1.1905555203e-02	-1.1905555203e-02	-1.1905555203e-02	-1.0745875613e-02	-1.0745875613e-02	-1.0745875613e-02	-1.0745875613e-02	-6.9383671204e-03	-6.9383671204e-03	-6.9383671204e-03	-6.9383671204e-03	-1.0141412597e-03	-1.0141412597e-03	-1.0141412597e-03	-1.0141412597e-03	5.2670727545e-03	5.2670727545e-03	5.2670727545e-03	5.2670727545e-03	8.7649176752e-03	1.3487546285e-02	1.3487546285e-02	1.3487546285e-02	2.0959244641e-02	2.0959244641e-02	2.3794978647e-02	2.3794978647e-02	2.3794978647e-02	3.1017309019e-02	3.1017309019e-02	3.1017309019e-02	3.1017309019e-02	3.7942940985e-02	3.7942940985e-02	3.7942940985e-02	3.7942940985e-02	4.1213693356e-02	4.7380507525e-02	4.7380507525e-02	4.7380507525e-02	5.4141919465e-02	5.4141919465e-02	5.7502056642e-02	5.7502056642e-02	5.7502056642e-02	6.5021586119e-02	6.5021586119e-02	6.5021586119e-02	6.9259062818e-02	7.2747442121e-02	7.2747442121e-02	7.2747442121e-02	8.1359571343e-02	8.1359571343e-02	8.7733959478e-02	8.7733959478e-02	8.7733959478e-02	9.2203709984e-02	9.5338508537e-02	9.5338508537e-02	9.5338508537e-02	1.0457978110e-01	1.0780640532e-01	1.0780640532e-01	1.0780640532e-01	1.1252211320e-01	1.1856719539e-01	1.1856719539e-01	1.1856719539e-01	1.1856719539e-01	1.2868765757e-01	1.3122805800e-01	1.3122805800e-01	1.3122805800e-01	1.3677559579e-01	1.4000927063e-01	1.4000927063e-01	1.4000927063e-01	1.4816756930e-01	1.5186162023e-01	1.5186162023e-01	1.5817512579e-01	1.5817512579e-01	1.5893916760e-01	1.5893916760e-01	1.6809507845e-01	1.6809507845e-01	1.6809507845e-01	1.7393438544e-01	1.7393438544e-01	1.7393438544e-01	1.7970289580e-01	
281	0.0	-4.1452855913e-03	-4.1452855913e-03	-4.1452855913e-03	-1.0163401147e-02	-1.0163401147e-02	-1.0163401147e-02	-1.0163401147e-02	-1.1905457490e-02	-1.1905457490e-02	-1.1905457490e-02	-1.1905457490e-02	-1.0745775037e-02	-1.0745775037e-02	-1.0745775037e-02	-1.0745775037e-02	-6.9382690574e-03	-6.9382690574e-03	-6.9382690574e-03	-6.9382690574e-03	-1.0140484907e-03	-1.0140484907e-03	-1.0140484907e-03	-1.0140484907e-03	5.2671599196e-03	5.2671599196e-03	5.2671599196e-03	5.2671599196e-03	8.7650004860e-03	1.3487627468e-02	1.3487627468e-02	1.3487627468e-02	2.0959316620e-02	2.0959316620e-02	2.3795049697e-02	2.3795049697e-02	2.3795049697e-02	3.1017375159e-02	3.1017375159e-02	3.1017375159e-02	3.1017375159e-02	3.7943003224e-02	3.7943003224e-02	3.7943003224e-02	3.7943003224e-02	4.1213751648e-02	4.7380563588e-02	4.7380563588e-02	4.7380563588e-02	5.4141965898e-02	5.4141965898e-02	5.7502103587e-02	5.7502103587e-02	5.7502103587e-02	6.5021628107e-02	6.5021628107e-02	6.5021628107e-02	6.9259098670e-02	7.2747478588e-02	7.2747478588e-02	7.2747478588e-02	8.1359594523e-02	8.1359594523e-02	8.7733983869e-02	8.7733983869e-02	8.7733983869e-02	9.2203727370e-02	9.5338526991e-02	9.5338526991e-02	9.5338526991e-02	1.0457978501e-01	1.0780641039e-01	1.0780641039e-01	1.0780641039e-01	1.1252211103e-01	1.1856719603e-01	1.1856719603e-01	1.1856719603e-01	1.1856719603e-01	1.2868763856e-01	1.3122804087e-01	1.3122804087e-01	1.3122804087e-01	1.3677556726e-01	1.4000924477e-01	1.4000924477e-01	1.4000924477e-01	1.4816752598e-01	1.5186158134e-01	1.5186158134e-01	1.5817507302e-01	1.5817507302e-01	1.5893911943e-01	1.5893911943e-01	1.6809501430e-01	1.6809501430e-01	1.6809501430e-01	1.7393432029e-01	1.7393432029e-01	1.7393432029e-01	1.7970282010e-01	
282	0.0	-4.1452252424e-03	-4.1452252424e-03	-4.1452252424e-03	-1.0163317690e-02	-1.0163317690e-02	-1.0163317690e-02	-1.0163317690e-02	-1.1905364392e-02	-1.1905364392e-02	-1.1905364392e-02	-1.1905364392e-02	-1.0745679293e-02	-1.0745679293e-02	-1.0745679293e-02	-1.0745679293e-02	-6.9381756474e-03	-6.9381756474e-03	-6.9381756474e-03	-6.9381756474e-03	-1.0139596578e-03	-1.0139596578e-03	-1.0139596578e-03	-1.0139596578e-03	5.2672443353e-03	5.2672443353e-03	5.2672443353e-03	5.2672443353e-03	8.7650817682e-03	1.3487707243e-02	1.3487707243e-02	1.3487707243e-02	2.0959389995e-02	2.0959389995e-02	2.3795122287e-02	2.3795122287e-02	2.3795122287e-02	3.1017443947e-02	3.1017443947e-02	3.1017443947e-02	3.1017443947e-02	3.7943068457e-02	3.7943068457e-02	3.7943068457e-02	3.7943068457e-02	4.1213812840e-02	4.7380622959e-02	4.7380622959e-02	4.7380622959e-02	5.4142015814e-02	5.4142015814e-02	5.7502154225e-02	5.7502154225e-02	5.7502154225e-02	6.5021673828e-02	6.5021673828e-02	6.5021673828e-02	6.9259137875e-02	7.2747518657e-02	7.2747518657e-02	7.2747518657e-02	8.1359620432e-02	8.1359620432e-02	8.7734011520e-02	8.7734011520e-02	8.7734011520e-02	9.2203747534e-02	9.5338548509e-02	9.5338548509e-02	9.5338548509e-02	1.0457979096e-01	1.0780641779e-01	1.0780641779e-01	1.0780641779e-01	1.1252211065e-01	1.1856719910e-01	1.1856719910e-01	1.1856719910e-01	1.1856719910e-01	1.2868762121e-01	1.3122802576e-01	1.3122802576e-01	1.3122802576e-01	1.3677554039e-01	1.4000922105e-01	1.4000922105e-01	1.4000922105e-01	1.4816748430e-01	1.5186154492e-01	1.5186154492e-01	1.5817502234e-01	1.5817502234e-01	1.5893907379e-01	1.5893907379e-01	1.6809495165e-01	1.6809495165e-01	1.6809495165e-01	1.7393425672e-01	1.7393425672e-01	1.7393425672e-01	1.7970274510e-01	
283	0.0	-4.1451677452e-03	-4.1451677452e-03	-4.1451677452e-03	-1.0163238803e-02	-1.0163238803e-02	-1.0163238803e-02	-1.0163238803e-02	-1.1905276563e-02	-1.1905276563e-02	-1.1905276563e-02	-1.1905276563e-02	-1.0745589038e-02	-1.0745589038e-02	-1.0745589038e-02	-1.0745589038e-02	-6.9380875453e-03	-6.9380875453e-03	-6.9380875453e-03	-6.9380875453e-03	-1.0138754573e-03	-1.0138754573e-03	-1.0138754573e-03	-1.0138754573e-03	5.2673251950e-03	5.2673251950e-03	5.2673251950e-03	5.2673251950e-03	8.7651605813e-03	1.3487784669e-02	1.3487784669e-02	1.3487784669e-02	2.0959463514e-02	2.0959463514e-02	2.3795195151e-02	2.3795195151e-02	2.3795195151e-02	3.1017513993e-02	3.1017513993e-02	3.1017513993e-02	3.1017513993e-02	3.7943135254e-02	3.7943135254e-02	3.7943135254e-02	3.7943135254e-02	4.1213875540e-02	4.7380684202e-02	4.7380684202e-02	4.7380684202e-02	5.4142067824e-02	5.4142067824e-02	5.7502207123e-02	5.7502207123e-02	5.7502207123e-02	6.5021721871e-02	6.5021721871e-02	6.5021721871e-02	6.9259179121e-02	7.2747560966e-02	7.2747560966e-02	7.2747560966e-02	8.1359647940e-02	8.1359647940e-02	8.7734041201e-02	8.7734041201e-02	8.7734041201e-02	9.2203769371e-02	9.5338571923e-02	9.5338571923e-02	9.5338571923e-02	1.0457979805e-01	1.0780642656e-01	1.0780642656e-01	1.0780642656e-01	1.1252211124e-01	1.1856720364e-01	1.1856720364e-01	1.1856720364e-01	1.1856720364e-01	1.2868760485e-01	1.3122801191e-01	1.3122801191e-01	1.3122801191e-01	1.3677551459e-01	1.4000919876e-01	1.4000919876e-01	1.4000919876e-01	1.4816744382e-01	1.5186151033e-01	1.5186151033e-01	1.5817497331e-01	1.5817497331e-01	1.5893903013e-01	1.5893903013e-01	1.6809489019e-01	1.6809489019e-01	1.6809489019e-01	1.7393419436e-01	1.7393419436e-01	1.7393419436e-01	1.7970267067e-01	
284	0.0	-4.1451134727e-03	-4.1451134727e-03	-4.1451134727e-03	-1.0163164895e-02	-1.0163164895e-02	-1.0163164895e-02	-1.0163164895e-02	-1.1905194428e-02	-1.1905194428e-02	-1.1905194428e-02	-1.1905194428e-02	-1.0745504701e-02	-1.0745504701e-02	-1.0745504701e-02	-1.0745504701e-02	-6.9380051726e-03	-6.9380051726e-03	-6.9380051726e-03	-6.9380051726e-03	-1.0137963530e-03	-1.0137963530e-03	-1.0137963530e-03	-1.0137963530e-03	5.2674019259e-03	5.2674019259e-03	5.2674019259e-03	5.2674019259e-03	8.7652362197e-03	1.3487859046e-02	1.3487859046e-02	1.3487859046e-02	2.0959536168e-02	2.0959536168e-02	2.3795267273e-02	2.3795267273e-02	2.3795267273e-02	3.1017584164e-02	3.1017584164e-02	3.1017584164e-02	3.1017584164e-02	3.7943202456e-02	3.7943202456e-02	3.7943202456e-02	3.7943202456e-02	4.1213938624e-02	4.7380746167e-02	4.7380746167e-02	4.7380746167e-02	5.4142120824e-02	5.4142120824e-02	5.7502261145e-02	5.7502261145e-02	5.7502261145e-02	6.5021771129e-02	6.5021771129e-02	6.5021771129e-02	6.9259221402e-02	7.2747604470e-02	7.2747604470e-02	7.2747604470e-02	8.1359676229e-02	8.1359676229e-02	8.7734072012e-02	8.7734072012e-02	8.7734072012e-02	9.2203792106e-02	9.5338596411e-02	9.5338596411e-02	9.5338596411e-02	1.0457980571e-01	1.0780643608e-01	1.0780643608e-01	1.0780643608e-01	1.1252211233e-01	1.1856720907e-01	1.1856720907e-01	1.1856720907e-01	1.1856720907e-01	1.2868758918e-01	1.3122799896e-01	1.3122799896e-01	1.3122799896e-01	1.3677548964e-01	1.4000917761e-01	1.4000917761e-01	1.4000917761e-01	1.4816740449e-01	1.5186147738e-01	1.5186147738e-01	1.5817492595e-01	1.5817492595e-01	1.5893898834e-01	1.5893898834e-01	1.6809483021e-01	1.6809483021e-01	1.6809483021e-01	1.7393413352e-01	1.7393413352e-01	1.7393413352e-01	1.7970259734e-01	
285	0.0	-4.1450627692e-03	-4.1450627692e-03	-4.1450627692e-03	-1.0163096361e-02	-1.0163096361e-02	-1.0163096361e-02	-1.0163096361e-02	-1.1905118409e-02	-1.1905118409e-02	-1.1905118409e-02	-1.1905118409e-02	-1.0745426712e-02	-1.0745426712e-02	-1.0745426712e-02	-1.0745426712e-02	-6.9379289721e-03	-6.9379289721e-03	-6.9379289721e-03	-6.9379289721e-03	-1.0137228433e-03	-1.0137228433e-03	-1.0137228433e-03	-1.0137228433e-03	5.2674739171e-03	5.2674739171e-03	5.2674739171e-03	5.2674739171e-03	8.7653079548e-03	1.3487929625e-02	1.3487929625e-02	1.3487929625e-02	2.0959606934e-02	2.0959606934e-02	2.3795337603e-02	2.3795337603e-02	2.3795337603e-02	3.1017653299e-02	3.1017653299e-02	3.1017653299e-02	3.1017653299e-02	3.7943268884e-02	3.7943268884e-02	3.7943268884e-02	3.7943268884e-02	4.1214000973e-02	4.7380807667e-02	4.7380807667e-02	4.7380807667e-02	5.4142173721e-02	5.4142173721e-02	5.7502315147e-02	5.7502315147e-02	5.7502315147e-02	6.5021820494e-02	6.5021820494e-02	6.5021820494e-02	6.9259263734e-02	7.2747648125e-02	7.2747648125e-02	7.2747648125e-02	8.1359704538e-02	8.1359704538e-02	8.7734103070e-02	8.7734103070e-02	8.7734103070e-02	9.2203815005e-02	9.5338621164e-02	9.5338621164e-02	9.5338621164e-02	1.0457981346e-01	1.0780644580e-01	1.0780644580e-01	1.0780644580e-01	1.1252211351e-01	1.1856721480e-01	1.1856721480e-01	1.1856721480e-01	1.1856721480e-01	1.2868757397e-01	1.3122798657e-01	1.3122798657e-01	1.3122798657e-01	1.3677546541e-01	1.4000915732e-01	1.4000915732e-01	1.4000915732e-01	1.4816736633e-01	1.5186144587e-01	1.5186144587e-01	1.5817488027e-01	1.5817488027e-01	1.5893894831e-01	1.5893894831e-01	1.6809477188e-01	1.6809477188e-01	1.6809477188e-01	1.7393407434e-01	1.7393407434e-01	1.7393407434e-01	1.7970252546e-01	
286	0.0	-4.1450157775e-03	-4.1450157775e-03	-4.1450157775e-03	-1.0163033302e-02	-1.0163033302e-02	-1.0163033302e-02	-1.0163033302e-02	-1.1905048592e-02	-1.1905048592e-02	-1.1905048592e-02	-1.1905048592e-02	-1.0745355147e-02	-1.0745355147e-02	-1.0745355147e-02	-1.0745355147e-02	-6.9378590161e-03	-6.9378590161e-03	-6.9378590161e-03	-6.9378590161e-03	-1.0136550456e-03	-1.0136550456e-03	-1.0136550456e-03	-1.0136550456e-03	5.2675409473e-03	5.2675409473e-03	5.2675409473e-03	5.2675409473e-03	8.7653754415e-03	1.3487996068e-02	1.3487996068e-02	1.3487996068e-02	2.0959675188e-02	2.0959675188e-02	2.3795405514e-02	2.3795405514e-02	2.3795405514e-02	3.1017720669e-02	3.1017720669e-02	3.1017720669e-02	3.1017720669e-02	3.7943333793e-02	3.7943333793e-02	3.7943333793e-02	3.7943333793e-02	4.1214061874e-02	4.7380867969e-02	4.7380867969e-02	4.7380867969e-02	5.4142225820e-02	5.4142225820e-02	5.7502368410e-02	5.7502368410e-02	5.7502368410e-02	6.5021869280e-02	6.5021869280e-02	6.5021869280e-02	6.9259305514e-02	7.2747691303e-02	7.2747691303e-02	7.2747691303e-02	8.1359732426e-02	8.1359732426e-02	8.7734133880e-02	8.7734133880e-02	8.7734133880e-02	9.2203837676e-02	9.5338645760e-02	9.5338645760e-02	9.5338645760e-02	1.0457982108e-01	1.0780645547e-01	1.0780645547e-01	1.0780645547e-01	1.1252211463e-01	1.1856722063e-01	1.1856722063e-01	1.1856722063e-01	1.1856722063e-01	1.2868755923e-01	1.3122797473e-01	1.3122797473e-01	1.3122797473e-01	1.3677544199e-01	1.4000913793e-01	1.4000913793e-01	1.4000913793e-01	1.4816732957e-01	1.5186141593e-01	1.5186141593e-01	1.5817483656e-01	1.5817483656e-01	1.5893891025e-01	1.5893891025e-01	1.6809471572e-01	1.6809471572e-01	1.6809471572e-01	1.7393401735e-01	1.7393401735e-01	1.7393401735e-01	1.7970245577e-01	
287	0.0	-4.1449726298e-03	-4.1449726298e-03	-4.1449726298e-03	-1.0162975828e-02	-1.0162975828e-02	-1.0162975828e-02	-1.0162975828e-02	-1.1904985084e-02	-1.1904985084e-02	-1.1904985084e-02	-1.1904985084e-02	-1.0745290112e-02	-1.0745290112e-02	-1.0745290112e-02	-1.0745290112e-02	-6.9377954230e-03	-6.9377954230e-03	-6.9377954230e-03	-6.9377954230e-03	-1.0135931333e-03	-1.0135931333e-03	-1.0135931333e-03	-1.0135931333e-03	5.2676027398e-03	5.2676027398e-03	5.2676027398e-03	5.2676027398e-03	8.7654382957e-03	1.3488057977e-02	1.3488057977e-02	1.3488057977e-02	2.0959740280e-02	2.0959740280e-02	2.3795470335e-02	2.3795470335e-02	2.3795470335e-02	3.1017785508e-02	3.1017785508e-02	3.1017785508e-02	3.1017785508e-02	3.7943396404e-02	3.7943396404e-02	3.7943396404e-02	3.7943396404e-02	4.1214120595e-02	4.7380926292e-02	4.7380926292e-02	4.7380926292e-02	5.4142276401e-02	5.4142276401e-02	5.7502420179e-02	5.7502420179e-02	5.7502420179e-02	6.5021916760e-02	6.5021916760e-02	6.5021916760e-02	6.9259346115e-02	7.2747733332e-02	7.2747733332e-02	7.2747733332e-02	8.1359759439e-02	8.1359759439e-02	8.7734163897e-02	8.7734163897e-02	8.7734163897e-02	9.2203859691e-02	9.5338669716e-02	9.5338669716e-02	9.5338669716e-02	1.0457982834e-01	1.0780646479e-01	1.0780646479e-01	1.0780646479e-01	1.1252211554e-01	1.1856722626e-01	1.1856722626e-01	1.1856722626e-01	1.1856722626e-01	1.2868754494e-01	1.3122796333e-01	1.3122796333e-01	1.3122796333e-01	1.3677541940e-01	1.4000911938e-01	1.4000911938e-01	1.4000911938e-01	1.4816729433e-01	1.5186138754e-01	1.5186138754e-01	1.5817479496e-01	1.5817479496e-01	1.5893887420e-01	1.5893887420e-01	1.6809466194e-01	1.6809466194e-01	1.6809466194e-01	1.7393396277e-01	1.7393396277e-01	1.7393396277e-01	1.7970238863e-01	
288	0.0	-4.1449333366e-03	-4.1449333366e-03	-4.1449333366e-03	-1.0162923882e-02	-1.0162923882e-02	-1.0162923882e-02	-1.0162923882e-02	-1.1904927802e-02	-1.1904927802e-02	-1.1904927802e-02	-1.1904927802e-02	-1.0745231512e-02	-1.0745231512e-02	-1.0745231512e-02	-1.0745231512e-02	-6.9377381048e-03	-6.9377381048e-03	-6.9377381048e-03	-6.9377381048e-03	-1.0135370678e-03	-1.0135370678e-03	-1.0135370678e-03	-1.0135370678e-03	5.2676592367e-03	5.2676592367e-03	5.2676592367e-03	5.2676592367e-03	8.7654963542e-03	1.3488115183e-02	1.3488115183e-02	1.3488115183e-02	2.0959801797e-02	2.0959801797e-02	2.3795531645e-02	2.3795531645e-02	2.3795531645e-02	3.1017847305e-02	3.1017847305e-02	3.1017847305e-02	3.1017847305e-02	3.7943456193e-02	3.7943456193e-02	3.7943456193e-02	3.7943456193e-02	4.1214176644e-02	4.7380982114e-02	4.7380982114e-02	4.7380982114e-02	5.4142324980e-02	5.4142324980e-02	5.7502469945e-02	5.7502469945e-02	5.7502469945e-02	6.5021962450e-02	6.5021962450e-02	6.5021962450e-02	6.9259385123e-02	7.2747773772e-02	7.2747773772e-02	7.2747773772e-02	8.1359785298e-02	8.1359785298e-02	8.7734192786e-02	8.7734192786e-02	8.7734192786e-02	9.2203880802e-02	9.5338692753e-02	9.5338692753e-02	9.5338692753e-02	1.0457983514e-01	1.0780647362e-01	1.0780647362e-01	1.0780647362e-01	1.1252211619e-01	1.1856723159e-01	1.1856723159e-01	1.1856723159e-01	1.1856723159e-01	1.2868753115e-01	1.3122795239e-01	1.3122795239e-01	1.3122795239e-01	1.3677539778e-01	1.4000910174e-01	1.4000910174e-01	1.4000910174e-01	1.4816726085e-01	1.5186136084e-01	1.5186136084e-01	1.5817475571e-01	1.5817475571e-01	1.5893884034e-01	1.5893884034e-01	1.6809461103e-01	1.6809461103e-01	1.6809461103e-01	1.7393391107e-01	1.7393391107e-01	1.7393391107e-01	1.7970232466e-01	
289	0.0	-4.1448978601e-03	-4.1448978601e-03	-4.1448978601e-03	-1.0162877351e-02	-1.0162877351e-02	-1.0162877351e-02	-1.0162877351e-02	-1.1904876604e-02	-1.1904876604e-02	-1.1904876604e-02	-1.1904876604e-02	-1.0745179196e-02	-1.0745179196e-02	-1.0745179196e-02	-1.0745179196e-02	-6.9376869226e-03	-6.9376869226e-03	-6.9376869226e-03	-6.9376869226e-03	-1.0134867622e-03	-1.0134867622e-03	-1.0134867622e-03	-1.0134867622e-03	5.2677104325e-03	5.2677104325e-03	5.2677104325e-03	5.2677104325e-03	8.7655495149e-03	1.3488167575e-02	1.3488167575e-02	1.3488167575e-02	2.0959859401e-02	2.0959859401e-02	2.3795589092e-02	2.3795589092e-02	2.3795589092e-02	3.1017905622e-02	3.1017905622e-02	3.1017905622e-02	3.1017905622e-02	3.7943512703e-02	3.7943512703e-02	3.7943512703e-02	3.7943512703e-02	4.1214229591e-02	4.7381034967e-02	4.7381034967e-02	4.7381034967e-02	5.4142371108e-02	5.4142371108e-02	5.7502517234e-02	5.7502517234e-02	5.7502517234e-02	6.5022005889e-02	6.5022005889e-02	6.5022005889e-02	6.9259422135e-02	7.2747812191e-02	7.2747812191e-02	7.2747812191e-02	8.1359809699e-02	8.1359809699e-02	8.7734220182e-02	8.7734220182e-02	8.7734220182e-02	9.2203900714e-02	9.5338714540e-02	9.5338714540e-02	9.5338714540e-02	1.0457984129e-01	1.0780648176e-01	1.0780648176e-01	1.0780648176e-01	1.1252211643e-01	1.1856723639e-01	1.1856723639e-01	1.1856723639e-01	1.1856723639e-01	1.2868751778e-01	1.3122794179e-01	1.3122794179e-01	1.3122794179e-01	1.3677537706e-01	1.4000908488e-01	1.4000908488e-01	1.4000908488e-01	1.4816722910e-01	1.5186133571e-01	1.5186133571e-01	1.5817471878e-01	1.5817471878e-01	1.5893880858e-01	1.5893880858e-01	1.6809456293e-01	1.6809456293e-01	1.6809456293e-01	1.7393386221e-01	1.7393386221e-01	1.7393386221e-01	1.7970226394e-01	
290	0.0	-4.1448661158e-03	-4.1448661158e-03	-4.1448661158e-03	-1.0162836066e-02	-1.0162836066e-02	-1.0162836066e-02	-1.0162836066e-02	-1.1904831289e-02	-1.1904831289e-02	-1.1904831289e-02	-1.1904831289e-02	-1.0745132957e-02	-1.0745132957e-02	-1.0745132957e-02	-1.0745132957e-02	-6.9376416816e-03	-6.9376416816e-03	-6.9376416816e-03	-6.9376416816e-03	-1.0134420736e-03	-1.0134420736e-03	-1.0134420736e-03	-1.0134420736e-03	5.2677563830e-03	5.2677563830e-03	5.2677563830e-03	5.2677563830e-03	8.7655977466e-03	1.3488215108e-02	1.3488215108e-02	1.3488215108e-02	2.0959912845e-02	2.0959912845e-02	2.3795642413e-02	2.3795642413e-02	2.3795642413e-02	3.1017960115e-02	3.1017960115e-02	3.1017960115e-02	3.1017960115e-02	3.7943565575e-02	3.7943565575e-02	3.7943565575e-02	3.7943565575e-02	4.1214279096e-02	4.7381084475e-02	4.7381084475e-02	4.7381084475e-02	5.4142414426e-02	5.4142414426e-02	5.7502561663e-02	5.7502561663e-02	5.7502561663e-02	6.5022046699e-02	6.5022046699e-02	6.5022046699e-02	6.9259456825e-02	7.2747848233e-02	7.2747848233e-02	7.2747848233e-02	8.1359832401e-02	8.1359832401e-02	8.7734245785e-02	8.7734245785e-02	8.7734245785e-02	9.2203919188e-02	9.5338734807e-02	9.5338734807e-02	9.5338734807e-02	1.0457984664e-01	1.0780648901e-01	1.0780648901e-01	1.0780648901e-01	1.1252211615e-01	1.1856724047e-01	1.1856724047e-01	1.1856724047e-01	1.1856724047e-01	1.2868750476e-01	1.3122793142e-01	1.3122793142e-01	1.3122793142e-01	1.3677535721e-01	1.4000906871e-01	1.4000906871e-01	1.4000906871e-01	1.4816719909e-01	1.5186131205e-01	1.5186131205e-01	1.5817468417e-01	1.5817468417e-01	1.5893877886e-01	1.5893877886e-01	1.6809451782e-01	1.6809451782e-01	1.6809451782e-01	1.7393381635e-01	1.7393381635e-01	1.7393381635e-01	1.7970220672e-01	
291	0.0	-4.1448379571e-03	-4.1448379571e-03	-4.1448379571e-03	-1.0162799777e-02	-1.0162799777e-02	-1.0162799777e-02	-1.0162799777e-02	-1.1904791567e-02	-1.1904791567e-02	-1.1904791567e-02	-1.1904791567e-02	-1.0745092491e-02	-1.0745092491e-02	-1.0745092491e-02	-1.0745092491e-02	-6.9376020914e-03	-6.9376020914e-03	-6.9376020914e-03	-6.9376020914e-03	-1.0134027606e-03	-1.0134027606e-03	-1.0134027606e-03	-1.0134027606e-03	5.2677972481e-03	5.2677972481e-03	5.2677972481e-03	5.2677972481e-03	8.7656411259e-03	1.3488257846e-02	1.3488257846e-02	1.3488257846e-02	2.0959962001e-02	2.0959962001e-02	2.3795691470e-02	2.3795691470e-02	2.3795691470e-02	3.1018010569e-02	3.1018010569e-02	3.1018010569e-02	3.1018010569e-02	3.7943614566e-02	3.7943614566e-02	3.7943614566e-02	3.7943614566e-02	4.1214324924e-02	4.7381130369e-02	4.7381130369e-02	4.7381130369e-02	5.4142454651e-02	5.4142454651e-02	5.7502602932e-02	5.7502602932e-02	5.7502602932e-02	6.5022084571e-02	6.5022084571e-02	6.5022084571e-02	6.9259488906e-02	7.2747881593e-02	7.2747881593e-02	7.2747881593e-02	8.1359853150e-02	8.1359853150e-02	8.7734269297e-02	8.7734269297e-02	8.7734269297e-02	9.2203935956e-02	9.5338753262e-02	9.5338753262e-02	9.5338753262e-02	1.0457985097e-01	1.0780649512e-01	1.0780649512e-01	1.0780649512e-01	1.1252211511e-01	1.1856724354e-01	1.1856724354e-01	1.1856724354e-01	1.1856724354e-01	1.2868749185e-01	1.3122792100e-01	1.3122792100e-01	1.3122792100e-01	1.3677533796e-01	1.4000905294e-01	1.4000905294e-01	1.4000905294e-01	1.4816717055e-01	1.5186128954e-01	1.5186128954e-01	1.5817465155e-01	1.5817465155e-01	1.5893875082e-01	1.5893875082e-01	1.6809447532e-01	1.6809447532e-01	1.6809447532e-01	1.7393377308e-01	1.7393377308e-01	1.7393377308e-01	1.7970215267e-01	
292	0.0	-4.1448131801e-03	-4.1448131801e-03	-4.1448131801e-03	-1.0162768158e-02	-1.0162768158e-02	-1.0162768158e-02	-1.0162768158e-02	-1.1904757063e-02	-1.1904757063e-02	-1.1904757063e-02	-1.1904757063e-02	-1.0745057405e-02	-1.0745057405e-02	-1.0745057405e-02	-1.0745057405e-02	-6.9375677707e-03	-6.9375677707e-03	-6.9375677707e-03	-6.9375677707e-03	-1.0133684869e-03	-1.0133684869e-03	-1.0133684869e-03	-1.0133684869e-03	5.2678332906e-03	5.2678332906e-03	5.2678332906e-03	5.2678332906e-03	8.7656798386e-03	1.3488295971e-02	1.3488295971e-02	1.3488295971e-02	2.0960006872e-02	2.0960006872e-02	2.3795736258e-02	2.3795736258e-02	2.3795736258e-02	3.1018056908e-02	3.1018056908e-02	3.1018056908e-02	3.1018056908e-02	3.7943659574e-02	3.7943659574e-02	3.7943659574e-02	3.7943659574e-02	4.1214366970e-02	4.7381172527e-02	4.7381172527e-02	4.7381172527e-02	5.4142491631e-02	5.4142491631e-02	5.7502640876e-02	5.7502640876e-02	5.7502640876e-02	6.5022119330e-02	6.5022119330e-02	6.5022119330e-02	6.9259518214e-02	7.2747912092e-02	7.2747912092e-02	7.2747912092e-02	8.1359871794e-02	8.1359871794e-02	8.7734290538e-02	8.7734290538e-02	8.7734290538e-02	9.2203950852e-02	9.5338769723e-02	9.5338769723e-02	9.5338769723e-02	1.0457985412e-01	1.0780649994e-01	1.0780649994e-01	1.0780649994e-01	1.1252211318e-01	1.1856724543e-01	1.1856724543e-01	1.1856724543e-01	1.1856724543e-01	1.2868747890e-01	1.3122791036e-01	1.3122791036e-01	1.3122791036e-01	1.3677531914e-01	1.4000903737e-01	1.4000903737e-01	1.4000903737e-01	1.4816714328e-01	1.5186126793e-01	1.5186126793e-01	1.5817462069e-01	1.5817462069e-01	1.5893872421e-01	1.5893872421e-01	1.6809443530e-01	1.6809443530e-01	1.6809443530e-01	1.7393373228e-01	1.7393373228e-01	1.7393373228e-01	1.7970210170e-01	
293	0.0	-4.1447915499e-03	-4.1447915499e-03	-4.1447915499e-03	-1.0162740846e-02	-1.0162740846e-02	-1.0162740846e-02	-1.0162740846e-02	-1.1904727361e-02	-1.1904727361e-02	-1.1904727361e-02	-1.1904727361e-02	-1.0745027266e-02	-1.0745027266e-02	-1.0745027266e-02	-1.0745027266e-02	-6.9375382977e-03	-6.9375382977e-03	-6.9375382977e-03	-6.9375382977e-03	-1.0133388734e-03	-1.0133388734e-03	-1.0133388734e-03	-1.0133388734e-03	5.2678648217e-03	5.2678648217e-03	5.2678648217e-03	5.2678648217e-03	8.7657141251e-03	1.3488329716e-02	1.3488329716e-02	1.3488329716e-02	2.0960047530e-02	2.0960047530e-02	2.3795776844e-02	2.3795776844e-02	2.3795776844e-02	3.1018099132e-02	3.1018099132e-02	3.1018099132e-02	3.1018099132e-02	3.7943700571e-02	3.7943700571e-02	3.7943700571e-02	3.7943700571e-02	4.1214405192e-02	4.7381210888e-02	4.7381210888e-02	4.7381210888e-02	5.4142525258e-02	5.4142525258e-02	5.7502675381e-02	5.7502675381e-02	5.7502675381e-02	6.5022150838e-02	6.5022150838e-02	6.5022150838e-02	6.9259544603e-02	7.2747939575e-02	7.2747939575e-02	7.2747939575e-02	8.1359888166e-02	8.1359888166e-02	8.7734309317e-02	8.7734309317e-02	8.7734309317e-02	9.2203963682e-02	9.5338783988e-02	9.5338783988e-02	9.5338783988e-02	1.0457985588e-01	1.0780650322e-01	1.0780650322e-01	1.0780650322e-01	1.1252211011e-01	1.1856724589e-01	1.1856724589e-01	1.1856724589e-01	1.1856724589e-01	1.2868746560e-01	1.3122789918e-01	1.3122789918e-01	1.3122789918e-01	1.3677530042e-01	1.4000902163e-01	1.4000902163e-01	1.4000902163e-01	1.4816711689e-01	1.5186124679e-01	1.5186124679e-01	1.5817459114e-01	1.5817459114e-01	1.5893869855e-01	1.5893869855e-01	1.6809439718e-01	1.6809439718e-01	1.6809439718e-01	1.7393369334e-01	1.7393369334e-01	1.7393369334e-01	1.7970205323e-01	
294	0.0	-4.1447728175e-03	-4.1447728175e-03	-4.1447728175e-03	-1.0162717468e-02	-1.0162717468e-02	-1.0162717468e-02	-1.0162717468e-02	-1.1904702036e-02	-1.1904702036e-02	-1.1904702036e-02	-1.1904702036e-02	-1.0745001633e-02	-1.0745001633e-02	-1.0745001633e-02	-1.0745001633e-02	-6.9375132421e-03	-6.9375132421e-03	-6.9375132421e-03	-6.9375132421e-03	-1.0133135301e-03	-1.0133135301e-03	-1.0133135301e-03	-1.0133135301e-03	5.2678921710e-03	5.2678921710e-03	5.2678921710e-03	5.2678921710e-03	8.7657442540e-03	1.3488359343e-02	1.3488359343e-02	1.3488359343e-02	2.0960084099e-02	2.0960084099e-02	2.3795813345e-02	2.3795813345e-02	2.3795813345e-02	3.1018137301e-02	3.1018137301e-02	3.1018137301e-02	3.1018137301e-02	3.7943737590e-02	3.7943737590e-02	3.7943737590e-02	3.7943737590e-02	4.1214439613e-02	4.7381245458e-02	4.7381245458e-02	4.7381245458e-02	5.4142555496e-02	5.4142555496e-02	5.7502706404e-02	5.7502706404e-02	5.7502706404e-02	6.5022179032e-02	6.5022179032e-02	6.5022179032e-02	6.9259568006e-02	7.2747963966e-02	7.2747963966e-02	7.2747963966e-02	8.1359902179e-02	8.1359902179e-02	8.7734325529e-02	8.7734325529e-02	8.7734325529e-02	9.2203974337e-02	9.5338795936e-02	9.5338795936e-02	9.5338795936e-02	1.0457985612e-01	1.0780650483e-01	1.0780650483e-01	1.0780650483e-01	1.1252210577e-01	1.1856724474e-01	1.1856724474e-01	1.1856724474e-01	1.1856724474e-01	1.2868745175e-01	1.3122788727e-01	1.3122788727e-01	1.3122788727e-01	1.3677528157e-01	1.4000900550e-01	1.4000900550e-01	1.4000900550e-01	1.4816709110e-01	1.5186122583e-01	1.5186122583e-01	1.5817456256e-01	1.5817456256e-01	1.5893867350e-01	1.5893867350e-01	1.6809436071e-01	1.6809436071e-01	1.6809436071e-01	1.7393365600e-01	1.7393365600e-01	1.7393365600e-01	1.7970200702e-01	
295	0.0	-4.1447567154e-03	-4.1447567154e-03	-4.1447567154e-03	-1.0162697629e-02	-1.0162697629e-02	-1.0162697629e-02	-1.0162697629e-02	-1.1904680638e-02	-1.1904680638e-02	-1.1904680638e-02	-1.1904680638e-02	-1.0744980039e-02	-1.0744980039e-02	-1.0744980039e-02	-1.0744980039e-02	-6.9374921496e-03	-6.9374921496e-03	-6.9374921496e-03	-6.9374921496e-03	-1.0132920392e-03	-1.0132920392e-03	-1.0132920392e-03	-1.0132920392e-03	5.2679157029e-03	5.2679157029e-03	5.2679157029e-03	5.2679157029e-03	8.7657705360e-03	1.3488385156e-02	1.3488385156e-02	1.3488385156e-02	2.0960116763e-02	2.0960116763e-02	2.3795845941e-02	2.3795845941e-02	2.3795845941e-02	3.1018171543e-02	3.1018171543e-02	3.1018171543e-02	3.1018171543e-02	3.7943770732e-02	3.7943770732e-02	3.7943770732e-02	3.7943770732e-02	4.1214470320e-02	4.7381276308e-02	4.7381276308e-02	4.7381276308e-02	5.4142582369e-02	5.4142582369e-02	5.7502733966e-02	5.7502733966e-02	5.7502733966e-02	6.5022203910e-02	6.5022203910e-02	6.5022203910e-02	6.9259588403e-02	7.2747985241e-02	7.2747985241e-02	7.2747985241e-02	8.1359913776e-02	8.1359913776e-02	8.7734339105e-02	8.7734339105e-02	8.7734339105e-02	9.2203982730e-02	9.5338805476e-02	9.5338805476e-02	9.5338805476e-02	1.0457985472e-01	1.0780650464e-01	1.0780650464e-01	1.0780650464e-01	1.1252210000e-01	1.1856724184e-01	1.1856724184e-01	1.1856724184e-01	1.1856724184e-01	1.2868743714e-01	1.3122787439e-01	1.3122787439e-01	1.3122787439e-01	1.3677526232e-01	1.4000898869e-01	1.4000898869e-01	1.4000898869e-01	1.4816706556e-01	1.5186120468e-01	1.5186120468e-01	1.5817453453e-01	1.5817453453e-01	1.5893864865e-01	1.5893864865e-01	1.6809432534e-01	1.6809432534e-01	1.6809432534e-01	1.7393361968e-01	1.7393361968e-01	1.7393361968e-01	1.7970196248e-01	
296	0.0	-4.1447429978e-03	-4.1447429978e-03	-4.1447429978e-03	-1.0162680974e-02	-1.0162680974e-02	-1.0162680974e-02	-1.0162680974e-02	-1.1904662771e-02	-1.1904662771e-02	-1.1904662771e-02	-1.1904662771e-02	-1.0744962077e-02	-1.0744962077e-02	-1.0744962077e-02	-1.0744962077e-02	-6.9374746252e-03	-6.9374746252e-03	-6.9374746252e-03	-6.9374746252e-03	-1.0132740410e-03	-1.0132740410e-03	-1.0132740410e-03	-1.0132740410e-03	5.2679357302e-03	5.2679357302e-03	5.2679357302e-03	5.2679357302e-03	8.7657932430e-03	1.3488407417e-02	1.3488407417e-02	1.3488407417e-02	2.0960145689e-02	2.0960145689e-02	2.3795874791e-02	2.3795874791e-02	2.3795874791e-02	3.1018201976e-02	3.1018201976e-02	3.1018201976e-02	3.1018201976e-02	3.7943800098e-02	3.7943800098e-02	3.7943800098e-02	3.7943800098e-02	4.1214497406e-02	4.7381303512e-02	4.7381303512e-02	4.7381303512e-02	5.4142605922e-02	5.4142605922e-02	5.7502758103e-02	5.7502758103e-02	5.7502758103e-02	6.5022225492e-02	6.5022225492e-02	6.5022225492e-02	6.9259605810e-02	7.2748003406e-02	7.2748003406e-02	7.2748003406e-02	8.1359922952e-02	8.1359922952e-02	8.7734350019e-02	8.7734350019e-02	8.7734350019e-02	9.2203988831e-02	9.5338812572e-02	9.5338812572e-02	9.5338812572e-02	1.0457985161e-01	1.0780650260e-01	1.0780650260e-01	1.0780650260e-01	1.1252209275e-01	1.1856723709e-01	1.1856723709e-01	1.1856723709e-01	1.1856723709e-01	1.2868742165e-01	1.3122786042e-01	1.3122786042e-01	1.3122786042e-01	1.3677524253e-01	1.4000897105e-01	1.4000897105e-01	1.4000897105e-01	1.4816704008e-01	1.5186118314e-01	1.5186118314e-01	1.5817450682e-01	1.5817450682e-01	1.5893862375e-01	1.5893862375e-01	1.6809429088e-01	1.6809429088e-01	1.6809429088e-01	1.7393358419e-01	1.7393358419e-01	1.7393358419e-01	1.7970191942e-01	
297	0.0	-4.1447313892e-03	-4.1447313892e-03	-4.1447313892e-03	-1.0162667108e-02	-1.0162667108e-02	-1.0162667108e-02	-1.0162667108e-02	-1.1904647988e-02	-1.1904647988e-02	-1.1904647988e-02	-1.1904647988e-02	-1.0744947281e-02	-1.0744947281e-02	-1.0744947281e-02	-1.0744947281e-02	-6.9374602150e-03	-6.9374602150e-03	-6.9374602150e-03	-6.9374602150e-03	-1.0132591092e-03	-1.0132591092e-03	-1.0132591092e-03	-1.0132591092e-03	5.2679526423e-03	5.2679526423e-03	5.2679526423e-03	5.2679526423e-03	8.7658127283e-03	1.3488426473e-02	1.3488426473e-02	1.3488426473e-02	2.0960171149e-02	2.0960171149e-02	2.3795900164e-02	2.3795900164e-02	2.3795900164e-02	3.1018228839e-02	3.1018228839e-02	3.1018228839e-02	3.1018228839e-02	3.7943825912e-02	3.7943825912e-02	3.7943825912e-02	3.7943825912e-02	4.1214521082e-02	4.7381327276e-02	4.7381327276e-02	4.7381327276e-02	5.4142626323e-02	5.4142626323e-02	5.7502778985e-02	5.7502778985e-02	5.7502778985e-02	6.5022243933e-02	6.5022243933e-02	6.5022243933e-02	6.9259620366e-02	7.2748018603e-02	7.2748018603e-02	7.2748018603e-02	8.1359929814e-02	8.1359929814e-02	8.7734358381e-02	8.7734358381e-02	8.7734358381e-02	9.2203992732e-02	9.5338817315e-02	9.5338817315e-02	9.5338817315e-02	1.0457984687e-01	1.0780649876e-01	1.0780649876e-01	1.0780649876e-01	1.1252208405e-01	1.1856723055e-01	1.1856723055e-01	1.1856723055e-01	1.1856723055e-01	1.2868740525e-01	1.3122784534e-01	1.3122784534e-01	1.3122784534e-01	1.3677522212e-01	1.4000895253e-01	1.4000895253e-01	1.4000895253e-01	1.4816701452e-01	1.5186116105e-01	1.5186116105e-01	1.5817447922e-01	1.5817447922e-01	1.5893859860e-01	1.5893859860e-01	1.6809425701e-01	1.6809425701e-01	1.6809425701e-01	1.7393354920e-01	1.7393354920e-01	1.7393354920e-01	1.7970187748e-01	
298	0.0	-4.1447216456e-03	-4.1447216456e-03	-4.1447216456e-03	-1.0162655688e-02	-1.0162655688e-02	-1.0162655688e-02	-1.0162655688e-02	-1.1904635906e-02	-1.1904635906e-02	-1.1904635906e-02	-1.1904635906e-02	-1.0744935260e-02	-1.0744935260e-02	-1.0744935260e-02	-1.0744935260e-02	-6.9374485368e-03	-6.9374485368e-03	-6.9374485368e-03	-6.9374485368e-03	-1.0132468872e-03	-1.0132468872e-03	-1.0132468872e-03	-1.0132468872e-03	5.2679667664e-03	5.2679667664e-03	5.2679667664e-03	5.2679667664e-03	8.7658292963e-03	1.3488442623e-02	1.3488442623e-02	1.3488442623e-02	2.0960193388e-02	2.0960193388e-02	2.3795922302e-02	2.3795922302e-02	2.3795922302e-02	3.1018252354e-02	3.1018252354e-02	3.1018252354e-02	3.1018252354e-02	3.7943848390e-02	3.7943848390e-02	3.7943848390e-02	3.7943848390e-02	4.1214541565e-02	4.7381347803e-02	4.7381347803e-02	4.7381347803e-02	5.4142643764e-02	5.4142643764e-02	5.7502796804e-02	5.7502796804e-02	5.7502796804e-02	6.5022259421e-02	6.5022259421e-02	6.5022259421e-02	6.9259632257e-02	7.2748031015e-02	7.2748031015e-02	7.2748031015e-02	8.1359934543e-02	8.1359934543e-02	8.7734364364e-02	8.7734364364e-02	8.7734364364e-02	9.2203994605e-02	9.5338819879e-02	9.5338819879e-02	9.5338819879e-02	1.0457984066e-01	1.0780649329e-01	1.0780649329e-01	1.0780649329e-01	1.1252207408e-01	1.1856722239e-01	1.1856722239e-01	1.1856722239e-01	1.1856722239e-01	1.2868738810e-01	1.3122782929e-01	1.3122782929e-01	1.3122782929e-01	1.3677520124e-01	1.4000893324e-01	1.4000893324e-01	1.4000893324e-01	1.4816698898e-01	1.5186113853e-01	1.5186113853e-01	1.5817445181e-01	1.5817445181e-01	1.5893857330e-01	1.5893857330e-01	1.6809422387e-01	1.6809422387e-01	1.6809422387e-01	1.7393351484e-01	1.7393351484e-01	1.7393351484e-01	1.7970183679e-01	
299	0.0	-4.1447135269e-03	-4.1447135269e-03	-4.1447135269e-03	-1.0162646381e-02	-1.0162646381e-02	-1.0162646381e-02	-1.0162646381e-02	-1.1904626152e-02	-1.1904626152e-02	-1.1904626152e-02	-1.1904626152e-02	-1.0744925628e-02	-1.0744925628e-02	-1.0744925628e-02	-1.0744925628e-02	-6.9374392144e-03	-6.9374392144e-03	-6.9374392144e-03	-6.9374392144e-03	-1.0132370184e-03	-1.0132370184e-03	-1.0132370184e-03	-1.0132370184e-03	5.2679784374e-03	5.2679784374e-03	5.2679784374e-03	5.2679784374e-03	8.7658432657e-03	1.3488456180e-02	1.3488456180e-02	1.3488456180e-02	2.0960212685e-02	2.0960212685e-02	2.3795941480e-02	2.3795941480e-02	2.3795941480e-02	3.1018272785e-02	3.1018272785e-02	3.1018272785e-02	3.1018272785e-02	3.7943867798e-02	3.7943867798e-02	3.7943867798e-02	3.7943867798e-02	4.1214559119e-02	4.7381365352e-02	4.7381365352e-02	4.7381365352e-02	5.4142658492e-02	5.4142658492e-02	5.7502811809e-02	5.7502811809e-02	5.7502811809e-02	6.5022272202e-02	6.5022272202e-02	6.5022272202e-02	6.9259641725e-02	7.2748040888e-02	7.2748040888e-02	7.2748040888e-02	8.1359937367e-02	8.1359937367e-02	8.7734368204e-02	8.7734368204e-02	8.7734368204e-02	9.2203994677e-02	9.5338820494e-02	9.5338820494e-02	9.5338820494e-02	1.0457983319e-01	1.0780648640e-01	1.0780648640e-01	1.0780648640e-01	1.1252206303e-01	1.1856721282e-01	1.1856721282e-01	1.1856721282e-01	1.1856721282e-01	1.2868737036e-01	1.3122781246e-01	1.3122781246e-01	1.3122781246e-01	1.3677518003e-01	1.4000891335e-01	1.4000891335e-01	1.4000891335e-01	1.4816696355e-01	1.5186111568e-01	1.5186111568e-01	1.5817442464e-01	1.5817442464e-01	1.5893854792e-01	1.5893854792e-01	1.6809419139e-01	1.6809419139e-01	1.6809419139e-01	1.7393348106e-01	1.7393348106e-01	1.7393348106e-01	1.7970179728e-01	
300	0.0	-4.1447068158e-03	-4.1447068158e-03	-4.1447068158e-03	-1.0162638889e-02	-1.0162638889e-02	-1.0162638889e-02	-1.0162638889e-02	-1.1904618396e-02	-1.1904618396e-02	-1.1904618396e-02	-1.1904618396e-02	-1.0744918045e-02	-1.0744918045e-02	-1.0744918045e-02	-1.0744918045e-02	-6.9374319164e-03	-6.9374319164e-03	-6.9374319164e-03	-6.9374319164e-03	-1.0132291867e-03	-1.0132291867e-03	-1.0132291867e-03	-1.0132291867e-03	5.2679879578e-03	5.2679879578e-03	5.2679879578e-03	5.2679879578e-03	8.7658549327e-03	1.3488467434e-02	1.3488467434e-02	1.3488467434e-02	2.0960229318e-02	2.0960229318e-02	2.3795957973e-02	2.3795957973e-02	2.3795957973e-02	3.1018290409e-02	3.1018290409e-02	3.1018290409e-02	3.1018290409e-02	3.7943884422e-02	3.7943884422e-02	3.7943884422e-02	3.7943884422e-02	4.1214574035e-02	4.7381380210e-02	4.7381380210e-02	4.7381380210e-02	5.4142670797e-02	5.4142670797e-02	5.7502824292e-02	5.7502824292e-02	5.7502824292e-02	6.5022282578e-02	6.5022282578e-02	6.5022282578e-02	6.9259649076e-02	7.2748048530e-02	7.2748048530e-02	7.2748048530e-02	8.1359938602e-02	8.1359938602e-02	8.7734370219e-02	8.7734370219e-02	8.7734370219e-02	9.2203993269e-02	9.5338819487e-02	9.5338819487e-02	9.5338819487e-02	1.0457982480e-01	1.0780647845e-01	1.0780647845e-01	1.0780647845e-01	1.1252205126e-01	1.1856720220e-01	1.1856720220e-01	1.1856720220e-01	1.1856720220e-01	1.2868735238e-01	1.3122779520e-01	1.3122779520e-01	1.3122779520e-01	1.3677515883e-01	1.4000889321e-01	1.4000889321e-01	1.4000889321e-01	1.4816693858e-01	1.5186109285e-01	1.5186109285e-01	1.5817439805e-01	1.5817439805e-01	1.5893852278e-01	1.5893852278e-01	1.6809415998e-01	1.6809415998e-01	1.6809415998e-01	1.7393344828e-01	1.7393344828e-01	1.7393344828e-01	1.7970175934e-01	
301	0.0	-4.1447013081e-03	-4.1447013081e-03	-4.1447013081e-03	-1.0162632936e-02	-1.0162632936e-02	-1.0162632936e-02	-1.0162632936e-02	-1.1904612329e-02	-1.1904612329e-02	-1.1904612329e-02	-1.1904612329e-02	-1.0744912196e-02	-1.0744912196e-02	-1.0744912196e-02	-1.0744912196e-02	-6.9374263319e-03	-6.9374263319e-03	-6.9374263319e-03	-6.9374263319e-03	-1.0132230921e-03	-1.0132230921e-03	-1.0132230921e-03	-1.0132230921e-03	5.2679956210e-03	5.2679956210e-03	5.2679956210e-03	5.2679956210e-03	8.7658645894e-03	1.3488476677e-02	1.3488476677e-02	1.3488476677e-02	2.0960243572e-02	2.0960243572e-02	2.3795972071e-02	2.3795972071e-02	2.3795972071e-02	3.1018305519e-02	3.1018305519e-02	3.1018305519e-02	3.1018305519e-02	3.7943898563e-02	3.7943898563e-02	3.7943898563e-02	3.7943898563e-02	4.1214586620e-02	4.7381392682e-02	4.7381392682e-02	4.7381392682e-02	5.4142680988e-02	5.4142680988e-02	5.7502834568e-02	5.7502834568e-02	5.7502834568e-02	6.5022290869e-02	6.5022290869e-02	6.5022290869e-02	6.9259654631e-02	7.2748054269e-02	7.2748054269e-02	7.2748054269e-02	8.1359938568e-02	8.1359938568e-02	8.7734370744e-02	8.7734370744e-02	8.7734370744e-02	9.2203990710e-02	9.5338817197e-02	9.5338817197e-02	9.5338817197e-02	1.0457981581e-01	1.0780646975e-01	1.0780646975e-01	1.0780646975e-01	1.1252203910e-01	1.1856719088e-01	1.1856719088e-01	1.1856719088e-01	1.1856719088e-01	1.2868733448e-01	1.3122777783e-01	1.3122777783e-01	1.3122777783e-01	1.3677513797e-01	1.4000887316e-01	1.4000887316e-01	1.4000887316e-01	1.4816691432e-01	1.5186107034e-01	1.5186107034e-01	1.5817437228e-01	1.5817437228e-01	1.5893849818e-01	1.5893849818e-01	1.6809412979e-01	1.6809412979e-01	1.6809412979e-01	1.7393341664e-01	1.7393341664e-01	1.7393341664e-01	1.7970172310e-01	
302	0.0	-4.1446968222e-03	-4.1446968222e-03	-4.1446968222e-03	-1.0162628280e-02	-1.0162628280e-02	-1.0162628280e-02	-1.0162628280e-02	-1.1904607682e-02	-1.1904607682e-02	-1.1904607682e-02	-1.1904607682e-02	-1.0744907802e-02	-1.0744907802e-02	-1.0744907802e-02	-1.0744907802e-02	-6.9374221880e-03	-6.9374221880e-03	-6.9374221880e-03	-6.9374221880e-03	-1.0132184676e-03	-1.0132184676e-03	-1.0132184676e-03	-1.0132184676e-03	5.2680016936e-03	5.2680016936e-03	5.2680016936e-03	5.2680016936e-03	8.7658725082e-03	1.3488484179e-02	1.3488484179e-02	1.3488484179e-02	2.0960255734e-02	2.0960255734e-02	2.3795984057e-02	2.3795984057e-02	2.3795984057e-02	3.1018318414e-02	3.1018318414e-02	3.1018318414e-02	3.1018318414e-02	3.7943910538e-02	3.7943910538e-02	3.7943910538e-02	3.7943910538e-02	4.1214597198e-02	4.7381403097e-02	4.7381403097e-02	4.7381403097e-02	5.4142689403e-02	5.4142689403e-02	5.7502842986e-02	5.7502842986e-02	5.7502842986e-02	6.5022297440e-02	6.5022297440e-02	6.5022297440e-02	6.9259658755e-02	7.2748058480e-02	7.2748058480e-02	7.2748058480e-02	8.1359937644e-02	8.1359937644e-02	8.7734370175e-02	8.7734370175e-02	8.7734370175e-02	9.2203987399e-02	9.5338814034e-02	9.5338814034e-02	9.5338814034e-02	1.0457980664e-01	1.0780646075e-01	1.0780646075e-01	1.0780646075e-01	1.1252202697e-01	1.1856717931e-01	1.1856717931e-01	1.1856717931e-01	1.1856717931e-01	1.2868731711e-01	1.3122776083e-01	1.3122776083e-01	1.3122776083e-01	1.3677511788e-01	1.4000885366e-01	1.4000885366e-01	1.4000885366e-01	1.4816689124e-01	1.5186104862e-01	1.5186104862e-01	1.5817434780e-01	1.5817434780e-01	1.5893847460e-01	1.5893847460e-01	1.6809410136e-01	1.6809410136e-01	1.6809410136e-01	1.7393338674e-01	1.7393338674e-01	1.7393338674e-01	1.7970168913e-01	
303	0.0	-4.1446931966e-03	-4.1446931966e-03	-4.1446931966e-03	-1.0162624705e-02	-1.0162624705e-02	-1.0162624705e-02	-1.0162624705e-02	-1.1904604220e-02	-1.1904604220e-02	-1.1904604220e-02	-1.1904604220e-02	-1.0744904620e-02	-1.0744904620e-02	-1.0744904620e-02	-1.0744904620e-02	-6.9374192435e-03	-6.9374192435e-03	-6.9374192435e-03	-6.9374192435e-03	-1.0132150751e-03	-1.0132150751e-03	-1.0132150751e-03	-1.0132150751e-03	5.2680064176e-03	5.2680064176e-03	5.2680064176e-03	5.2680064176e-03	8.7658789401e-03	1.3488490193e-02	1.3488490193e-02	1.3488490193e-02	2.0960266072e-02	2.0960266072e-02	2.3795994205e-02	2.3795994205e-02	2.3795994205e-02	3.1018329381e-02	3.1018329381e-02	3.1018329381e-02	3.1018329381e-02	3.7943920651e-02	3.7943920651e-02	3.7943920651e-02	3.7943920651e-02	4.1214606075e-02	4.7381411767e-02	4.7381411767e-02	4.7381411767e-02	5.4142696357e-02	5.4142696357e-02	5.7502849867e-02	5.7502849867e-02	5.7502849867e-02	6.5022302622e-02	6.5022302622e-02	6.5022302622e-02	6.9259661778e-02	7.2748061504e-02	7.2748061504e-02	7.2748061504e-02	8.1359936156e-02	8.1359936156e-02	8.7734368857e-02	8.7734368857e-02	8.7734368857e-02	9.2203983673e-02	9.5338810347e-02	9.5338810347e-02	9.5338810347e-02	1.0457979762e-01	1.0780645179e-01	1.0780645179e-01	1.0780645179e-01	1.1252201522e-01	1.1856716788e-01	1.1856716788e-01	1.1856716788e-01	1.1856716788e-01	1.2868730060e-01	1.3122774455e-01	1.3122774455e-01	1.3122774455e-01	1.3677509891e-01	1.4000883507e-01	1.4000883507e-01	1.4000883507e-01	1.4816686963e-01	1.5186102804e-01	1.5186102804e-01	1.5817432490e-01	1.5817432490e-01	1.5893845235e-01	1.5893845235e-01	1.6809407487e-01	1.6809407487e-01	1.6809407487e-01	1.7393335876e-01	1.7393335876e-01	1.7393335876e-01	1.7970165758e-01	
304	0.0	-4.1446902918e-03	-4.1446902918e-03	-4.1446902918e-03	-1.0162622032e-02	-1.0162622032e-02	-1.0162622032e-02	-1.0162622032e-02	-1.1904601740e-02	-1.1904601740e-02	-1.1904601740e-02	-1.1904601740e-02	-1.0744902442e-02	-1.0744902442e-02	-1.0744902442e-02	-1.0744902442e-02	-6.9374172915e-03	-6.9374172915e-03	-6.9374172915e-03	-6.9374172915e-03	-1.0132127069e-03	-1.0132127069e-03	-1.0132127069e-03	-1.0132127069e-03	5.2680100096e-03	5.2680100096e-03	5.2680100096e-03	5.2680100096e-03	8.7658841141e-03	1.3488494950e-02	1.3488494950e-02	1.3488494950e-02	2.0960274847e-02	2.0960274847e-02	2.3796002778e-02	2.3796002778e-02	2.3796002778e-02	3.1018338705e-02	3.1018338705e-02	3.1018338705e-02	3.1018338705e-02	3.7943929200e-02	3.7943929200e-02	3.7943929200e-02	3.7943929200e-02	4.1214613557e-02	4.7381419006e-02	4.7381419006e-02	4.7381419006e-02	5.4142702172e-02	5.4142702172e-02	5.7502855548e-02	5.7502855548e-02	5.7502855548e-02	6.5022306764e-02	6.5022306764e-02	6.5022306764e-02	6.9259664049e-02	7.2748063701e-02	7.2748063701e-02	7.2748063701e-02	8.1359934458e-02	8.1359934458e-02	8.7734367171e-02	8.7734367171e-02	8.7734367171e-02	9.2203979908e-02	9.5338806528e-02	9.5338806528e-02	9.5338806528e-02	1.0457978914e-01	1.0780644326e-01	1.0780644326e-01	1.0780644326e-01	1.1252200425e-01	1.1856715700e-01	1.1856715700e-01	1.1856715700e-01	1.1856715700e-01	1.2868728536e-01	1.3122772941e-01	1.3122772941e-01	1.3122772941e-01	1.3677508147e-01	1.4000881784e-01	1.4000881784e-01	1.4000881784e-01	1.4816684993e-01	1.5186100905e-01	1.5186100905e-01	1.5817430402e-01	1.5817430402e-01	1.5893843192e-01	1.5893843192e-01	1.6809405086e-01	1.6809405086e-01	1.6809405086e-01	1.7393333327e-01	1.7393333327e-01	1.7393333327e-01	1.7970162899e-01	
305	0.0	-4.1446879911e-03	-4.1446879911e-03	-4.1446879911e-03	-1.0162620107e-02	-1.0162620107e-02	-1.0162620107e-02	-1.0162620107e-02	-1.1904600075e-02	-1.1904600075e-02	-1.1904600075e-02	-1.1904600075e-02	-1.0744901095e-02	-1.0744901095e-02	-1.0744901095e-02	-1.0744901095e-02	-6.9374161604e-03	-6.9374161604e-03	-6.9374161604e-03	-6.9374161604e-03	-1.0132111889e-03	-1.0132111889e-03	-1.0132111889e-03	-1.0132111889e-03	5.2680126544e-03	5.2680126544e-03	5.2680126544e-03	5.2680126544e-03	8.7658882288e-03	1.3488498651e-02	1.3488498651e-02	1.3488498651e-02	2.0960282287e-02	2.0960282287e-02	2.3796010008e-02	2.3796010008e-02	2.3796010008e-02	3.1018346636e-02	3.1018346636e-02	3.1018346636e-02	3.1018346636e-02	3.7943936452e-02	3.7943936452e-02	3.7943936452e-02	3.7943936452e-02	4.1214619909e-02	4.7381425088e-02	4.7381425088e-02	4.7381425088e-02	5.4142707121e-02	5.4142707121e-02	5.7502860310e-02	5.7502860310e-02	5.7502860310e-02	6.5022310156e-02	6.5022310156e-02	6.5022310156e-02	6.9259665848e-02	7.2748065363e-02	7.2748065363e-02	7.2748065363e-02	8.1359932818e-02	8.1359932818e-02	8.7734365407e-02	8.7734365407e-02	8.7734365407e-02	9.2203976380e-02	9.5338802868e-02	9.5338802868e-02	9.5338802868e-02	1.0457978145e-01	1.0780643546e-01	1.0780643546e-01	1.0780643546e-01	1.1252199431e-01	1.1856714699e-01	1.1856714699e-01	1.1856714699e-01	1.1856714699e-01	1.2868727165e-01	1.3122771569e-01	1.3122771569e-01	1.3122771569e-01	1.3677506581e-01	1.4000880224e-01	1.4000880224e-01	1.4000880224e-01	1.4816683234e-01	1.5186099192e-01	1.5186099192e-01	1.5817428538e-01	1.5817428538e-01	1.5893841353e-01	1.5893841353e-01	1.6809402941e-01	1.6809402941e-01	1.6809402941e-01	1.7393331038e-01	1.7393331038e-01	1.7393331038e-01	1.7970160343e-01	
306	0.0	-4.1446861983e-03	-4.1446861983e-03	-4.1446861983e-03	-1.0162618811e-02	-1.0162618811e-02	-1.0162618811e-02	-1.0162618811e-02	-1.1904599092e-02	-1.1904599092e-02	-1.1904599092e-02	-1.1904599092e-02	-1.0744900439e-02	-1.0744900439e-02	-1.0744900439e-02	-1.0744900439e-02	-6.9374157100e-03	-6.9374157100e-03	-6.9374157100e-03	-6.9374157100e-03	-1.0132103762e-03	-1.0132103762e-03	-1.0132103762e-03	-1.0132103762e-03	5.2680145094e-03	5.2680145094e-03	5.2680145094e-03	5.2680145094e-03	8.7658914566e-03	1.3488501472e-02	1.3488501472e-02	1.3488501472e-02	2.0960288602e-02	2.0960288602e-02	2.3796016110e-02	2.3796016110e-02	2.3796016110e-02	3.1018353408e-02	3.1018353408e-02	3.1018353408e-02	3.1018353408e-02	3.7943942652e-02	3.7943942652e-02	3.7943942652e-02	3.7943942652e-02	4.1214625375e-02	4.7381430268e-02	4.7381430268e-02	4.7381430268e-02	5.4142711458e-02	5.4142711458e-02	5.7502864418e-02	5.7502864418e-02	5.7502864418e-02	6.5022313069e-02	6.5022313069e-02	6.5022313069e-02	6.9259667438e-02	7.2748066767e-02	7.2748066767e-02	7.2748066767e-02	8.1359931492e-02	8.1359931492e-02	8.7734363845e-02	8.7734363845e-02	8.7734363845e-02	9.2203973358e-02	9.5338799653e-02	9.5338799653e-02	9.5338799653e-02	1.0457977483e-01	1.0780642865e-01	1.0780642865e-01	1.0780642865e-01	1.1252198569e-01	1.1856713813e-01	1.1856713813e-01	1.1856713813e-01	1.1856713813e-01	1.2868725975e-01	1.3122770369e-01	1.3122770369e-01	1.3122770369e-01	1.3677505222e-01	1.4000878857e-01	1.4000878857e-01	1.4000878857e-01	1.4816681715e-01	1.5186097696e-01	1.5186097696e-01	1.5817426927e-01	1.5817426927e-01	1.5893839752e-01	1.5893839752e-01	1.6809401090e-01	1.6809401090e-01	1.6809401090e-01	1.7393329047e-01	1.7393329047e-01	1.7393329047e-01	1.7970158127e-01	
307	0.0	-4.1446848367e-03	-4.1446848367e-03	-4.1446848367e-03	-1.0162618045e-02	-1.0162618045e-02	-1.0162618045e-02	-1.0162618045e-02	-1.1904598683e-02	-1.1904598683e-02	-1.1904598683e-02	-1.1904598683e-02	-1.0744900364e-02	-1.0744900364e-02	-1.0744900364e-02	-1.0744900364e-02	-6.9374158275e-03	-6.9374158275e-03	-6.9374158275e-03	-6.9374158275e-03	-1.0132101508e-03	-1.0132101508e-03	-1.0132101508e-03	-1.0132101508e-03	5.2680157058e-03	5.2680157058e-03	5.2680157058e-03	5.2680157058e-03	8.7658939428e-03	1.3488503563e-02	1.3488503563e-02	1.3488503563e-02	2.0960293972e-02	2.0960293972e-02	2.3796021267e-02	2.3796021267e-02	2.3796021267e-02	3.1018359221e-02	3.1018359221e-02	3.1018359221e-02	3.1018359221e-02	3.7943948007e-02	3.7943948007e-02	3.7943948007e-02	3.7943948007e-02	4.1214630158e-02	4.7381434759e-02	4.7381434759e-02	4.7381434759e-02	5.4142715381e-02	5.4142715381e-02	5.7502868083e-02	5.7502868083e-02	5.7502868083e-02	6.5022315716e-02	6.5022315716e-02	6.5022315716e-02	6.9259669016e-02	7.2748068122e-02	7.2748068122e-02	7.2748068122e-02	8.1359930648e-02	8.1359930648e-02	8.7734362680e-02	8.7734362680e-02	8.7734362680e-02	9.2203971015e-02	9.5338797069e-02	9.5338797069e-02	9.5338797069e-02	1.0457976942e-01	1.0780642299e-01	1.0780642299e-01	1.0780642299e-01	1.1252197851e-01	1.1856713060e-01	1.1856713060e-01	1.1856713060e-01	1.1856713060e-01	1.2868724978e-01	1.3122769353e-01	1.3122769353e-01	1.3122769353e-01	1.3677504080e-01	1.4000877697e-01	1.4000877697e-01	1.4000877697e-01	1.4816680443e-01	1.5186096427e-01	1.5186096427e-01	1.5817425575e-01	1.5817425575e-01	1.5893838396e-01	1.5893838396e-01	1.6809399526e-01	1.6809399526e-01	1.6809399526e-01	1.7393327351e-01	1.7393327351e-01	1.7393327351e-01	1.7970156242e-01	
308	0.0	-4.1446838527e-03	-4.1446838527e-03	-4.1446838527e-03	-1.0162617745e-02	-1.0162617745e-02	-1.0162617745e-02	-1.0162617745e-02	-1.1904598777e-02	-1.1904598777e-02	-1.1904598777e-02	-1.1904598777e-02	-1.0744900796e-02	-1.0744900796e-02	-1.0744900796e-02	-1.0744900796e-02	-6.9374164385e-03	-6.9374164385e-03	-6.9374164385e-03	-6.9374164385e-03	-1.0132104320e-03	-1.0132104320e-03	-1.0132104320e-03	-1.0132104320e-03	5.2680163378e-03	5.2680163378e-03	5.2680163378e-03	5.2680163378e-03	8.7658957962e-03	1.3488505035e-02	1.3488505035e-02	1.3488505035e-02	2.0960298539e-02	2.0960298539e-02	2.3796025628e-02	2.3796025628e-02	2.3796025628e-02	3.1018364238e-02	3.1018364238e-02	3.1018364238e-02	3.1018364238e-02	3.7943952689e-02	3.7943952689e-02	3.7943952689e-02	3.7943952689e-02	4.1214634423e-02	4.7381438735e-02	4.7381438735e-02	4.7381438735e-02	5.4142719059e-02	5.4142719059e-02	5.7502871484e-02	5.7502871484e-02	5.7502871484e-02	6.5022318277e-02	6.5022318277e-02	6.5022318277e-02	6.9259670748e-02	7.2748069605e-02	7.2748069605e-02	7.2748069605e-02	8.1359930435e-02	8.1359930435e-02	8.7734362082e-02	8.7734362082e-02	8.7734362082e-02	9.2203969505e-02	9.5338795285e-02	9.5338795285e-02	9.5338795285e-02	1.0457976535e-01	1.0780641865e-01	1.0780641865e-01	1.0780641865e-01	1.1252197293e-01	1.1856712458e-01	1.1856712458e-01	1.1856712458e-01	1.1856712458e-01	1.2868724186e-01	1.3122768539e-01	1.3122768539e-01	1.3122768539e-01	1.3677503168e-01	1.4000876759e-01	1.4000876759e-01	1.4000876759e-01	1.4816679430e-01	1.5186095403e-01	1.5186095403e-01	1.5817424496e-01	1.5817424496e-01	1.5893837303e-01	1.5893837303e-01	1.6809398271e-01	1.6809398271e-01	1.6809398271e-01	1.7393325973e-01	1.7393325973e-01	1.7393325973e-01	1.7970154708e-01	
309	0.0	-4.1446832117e-03	-4.1446832117e-03	-4.1446832117e-03	-1.0162617873e-02	-1.0162617873e-02	-1.0162617873e-02	-1.0162617873e-02	-1.1904599333e-02	-1.1904599333e-02	-1.1904599333e-02	-1.1904599333e-02	-1.0744901692e-02	-1.0744901692e-02	-1.0744901692e-02	-1.0744901692e-02	-6.9374174981e-03	-6.9374174981e-03	-6.9374174981e-03	-6.9374174981e-03	-1.0132111697e-03	-1.0132111697e-03	-1.0132111697e-03	-1.0132111697e-03	5.2680164674e-03	5.2680164674e-03	5.2680164674e-03	5.2680164674e-03	8.7658970922e-03	1.3488505967e-02	1.3488505967e-02	1.3488505967e-02	2.0960302410e-02	2.0960302410e-02	2.3796029299e-02	2.3796029299e-02	2.3796029299e-02	3.1018368580e-02	3.1018368580e-02	3.1018368580e-02	3.1018368580e-02	3.7943956817e-02	3.7943956817e-02	3.7943956817e-02	3.7943956817e-02	4.1214638283e-02	4.7381442317e-02	4.7381442317e-02	4.7381442317e-02	5.4142722594e-02	5.4142722594e-02	5.7502874730e-02	5.7502874730e-02	5.7502874730e-02	6.5022320856e-02	6.5022320856e-02	6.5022320856e-02	6.9259672722e-02	7.2748071313e-02	7.2748071313e-02	7.2748071313e-02	8.1359930908e-02	8.1359930908e-02	8.7734362125e-02	8.7734362125e-02	8.7734362125e-02	9.2203968880e-02	9.5338794363e-02	9.5338794363e-02	9.5338794363e-02	1.0457976265e-01	1.0780641565e-01	1.0780641565e-01	1.0780641565e-01	1.1252196894e-01	1.1856712010e-01	1.1856712010e-01	1.1856712010e-01	1.1856712010e-01	1.2868723598e-01	1.3122767924e-01	1.3122767924e-01	1.3122767924e-01	1.3677502482e-01	1.4000876042e-01	1.4000876042e-01	1.4000876042e-01	1.4816678669e-01	1.5186094618e-01	1.5186094618e-01	1.5817423681e-01	1.5817423681e-01	1.5893836467e-01	1.5893836467e-01	1.6809397305e-01	1.6809397305e-01	1.6809397305e-01	1.7393324893e-01	1.7393324893e-01	1.7393324893e-01	1.7970153503e-01	
310	0.0	-4.1446828907e-03	-4.1446828907e-03	-4.1446828907e-03	-1.0162618403e-02	-1.0162618403e-02	-1.0162618403e-02	-1.0162618403e-02	-1.1904600322e-02	-1.1904600322e-02	-1.1904600322e-02	-1.1904600322e-02	-1.0744903022e-02	-1.0744903022e-02	-1.0744903022e-02	-1.0744903022e-02	-6.9374189766e-03	-6.9374189766e-03	-6.9374189766e-03	-6.9374189766e-03	-1.0132123281e-03	-1.0132123281e-03	-1.0132123281e-03	-1.0132123281e-03	5.2680161425e-03	5.2680161425e-03	5.2680161425e-03	5.2680161425e-03	8.7658978904e-03	1.3488506419e-02	1.3488506419e-02	1.3488506419e-02	2.0960305674e-02	2.0960305674e-02	2.3796032374e-02	2.3796032374e-02	2.3796032374e-02	3.1018372350e-02	3.1018372350e-02	3.1018372350e-02	3.1018372350e-02	3.7943960498e-02	3.7943960498e-02	3.7943960498e-02	3.7943960498e-02	4.1214641836e-02	4.7381445607e-02	4.7381445607e-02	4.7381445607e-02	5.4142726079e-02	5.4142726079e-02	5.7502877922e-02	5.7502877922e-02	5.7502877922e-02	6.5022323550e-02	6.5022323550e-02	6.5022323550e-02	6.9259675020e-02	7.2748073336e-02	7.2748073336e-02	7.2748073336e-02	8.1359932125e-02	8.1359932125e-02	8.7734362883e-02	8.7734362883e-02	8.7734362883e-02	9.2203969197e-02	9.5338794370e-02	9.5338794370e-02	9.5338794370e-02	1.0457976136e-01	1.0780641404e-01	1.0780641404e-01	1.0780641404e-01	1.1252196659e-01	1.1856711720e-01	1.1856711720e-01	1.1856711720e-01	1.1856711720e-01	1.2868723216e-01	1.3122767512e-01	1.3122767512e-01	1.3122767512e-01	1.3677502024e-01	1.4000875549e-01	1.4000875549e-01	1.4000875549e-01	1.4816678161e-01	1.5186094077e-01	1.5186094077e-01	1.5817423133e-01	1.5817423133e-01	1.5893835890e-01	1.5893835890e-01	1.6809396637e-01	1.6809396637e-01	1.6809396637e-01	1.7393324120e-01	1.7393324120e-01	1.7393324120e-01	1.7970152633e-01	
311	0.0	-4.1446828719e-03	-4.1446828719e-03	-4.1446828719e-03	-1.0162619315e-02	-1.0162619315e-02	-1.0162619315e-02	-1.0162619315e-02	-1.1904601723e-02	-1.1904601723e-02	-1.1904601723e-02	-1.1904601723e-02	-1.0744904762e-02	-1.0744904762e-02	-1.0744904762e-02	-1.0744904762e-02	-6.9374208461e-03	-6.9374208461e-03	-6.9374208461e-03	-6.9374208461e-03	-1.0132138732e-03	-1.0132138732e-03	-1.0132138732e-03	-1.0132138732e-03	5.2680154071e-03	5.2680154071e-03	5.2680154071e-03	5.2680154071e-03	8.7658982437e-03	1.3488506451e-02	1.3488506451e-02	1.3488506451e-02	2.0960308407e-02	2.0960308407e-02	2.3796034933e-02	2.3796034933e-02	2.3796034933e-02	3.1018375636e-02	3.1018375636e-02	3.1018375636e-02	3.1018375636e-02	3.7943963814e-02	3.7943963814e-02	3.7943963814e-02	3.7943963814e-02	4.1214645151e-02	4.7381448687e-02	4.7381448687e-02	4.7381448687e-02	5.4142729567e-02	5.4142729567e-02	5.7502881122e-02	5.7502881122e-02	5.7502881122e-02	6.5022326413e-02	6.5022326413e-02	6.5022326413e-02	6.9259677674e-02	7.2748075716e-02	7.2748075716e-02	7.2748075716e-02	8.1359934078e-02	8.1359934078e-02	8.7734364367e-02	8.7734364367e-02	8.7734364367e-02	9.2203970441e-02	9.5338795303e-02	9.5338795303e-02	9.5338795303e-02	1.0457976140e-01	1.0780641377e-01	1.0780641377e-01	1.0780641377e-01	1.1252196579e-01	1.1856711585e-01	1.1856711585e-01	1.1856711585e-01	1.1856711585e-01	1.2868723030e-01	1.3122767294e-01	1.3122767294e-01	1.3122767294e-01	1.3677501783e-01	1.4000875269e-01	1.4000875269e-01	1.4000875269e-01	1.4816677891e-01	1.5186093767e-01	1.5186093767e-01	1.5817422833e-01	1.5817422833e-01	1.5893835557e-01	1.5893835557e-01	1.6809396236e-01	1.6809396236e-01	1.6809396236e-01	1.7393323626e-01	1.7393323626e-01	1.7393323626e-01	1.7970152067e-01	
312	0.0	-4.1446831456e-03	-4.1446831456e-03	-4.1446831456e-03	-1.0162620598e-02	-1.0162620598e-02	-1.0162620598e-02	-1.0162620598e-02	-1.1904603523e-02	-1.1904603523e-02	-1.1904603523e-02	-1.1904603523e-02	-1.0744906897e-02	-1.0744906897e-02	-1.0744906897e-02	-1.0744906897e-02	-6.9374230890e-03	-6.9374230890e-03	-6.9374230890e-03	-6.9374230890e-03	-1.0132157814e-03	-1.0132157814e-03	-1.0132157814e-03	-1.0132157814e-03	5.2680142949e-03	5.2680142949e-03	5.2680142949e-03	5.2680142949e-03	8.7658981936e-03	1.3488506107e-02	1.3488506107e-02	1.3488506107e-02	2.0960310673e-02	2.0960310673e-02	2.3796037044e-02	2.3796037044e-02	2.3796037044e-02	3.1018378512e-02	3.1018378512e-02	3.1018378512e-02	3.1018378512e-02	3.7943966839e-02	3.7943966839e-02	3.7943966839e-02	3.7943966839e-02	4.1214648293e-02	4.7381451626e-02	4.7381451626e-02	4.7381451626e-02	5.4142733115e-02	5.4142733115e-02	5.7502884393e-02	5.7502884393e-02	5.7502884393e-02	6.5022329504e-02	6.5022329504e-02	6.5022329504e-02	6.9259680725e-02	7.2748078503e-02	7.2748078503e-02	7.2748078503e-02	8.1359936784e-02	8.1359936784e-02	8.7734366612e-02	8.7734366612e-02	8.7734366612e-02	9.2203972627e-02	9.5338797187e-02	9.5338797187e-02	9.5338797187e-02	1.0457976279e-01	1.0780641485e-01	1.0780641485e-01	1.0780641485e-01	1.1252196654e-01	1.1856711605e-01	1.1856711605e-01	1.1856711605e-01	1.1856711605e-01	1.2868723036e-01	1.3122767270e-01	1.3122767270e-01	1.3122767270e-01	1.3677501754e-01	1.4000875202e-01	1.4000875202e-01	1.4000875202e-01	1.4816677854e-01	1.5186093688e-01	1.5186093688e-01	1.5817422781e-01	1.5817422781e-01	1.5893835469e-01	1.5893835469e-01	1.6809396110e-01	1.6809396110e-01	1.6809396110e-01	1.7393323418e-01	1.7393323418e-01	1.7393323418e-01	1.7970151807e-01	
313	0.0	-4.1446837111e-03	-4.1446837111e-03	-4.1446837111e-03	-1.0162622253e-02	-1.0162622253e-02	-1.0162622253e-02	-1.0162622253e-02	-1.1904605721e-02	-1.1904605721e-02	-1.1904605721e-02	-1.1904605721e-02	-1.0744909425e-02	-1.0744909425e-02	-1.0744909425e-02	-1.0744909425e-02	-6.9374257015e-03	-6.9374257015e-03	-6.9374257015e-03	-6.9374257015e-03	-1.0132180439e-03	-1.0132180439e-03	-1.0132180439e-03	-1.0132180439e-03	5.2680128222e-03	5.2680128222e-03	5.2680128222e-03	5.2680128222e-03	8.7658977619e-03	1.3488505414e-02	1.3488505414e-02	1.3488505414e-02	2.0960312510e-02	2.0960312510e-02	2.3796038747e-02	2.3796038747e-02	2.3796038747e-02	3.1018381022e-02	3.1018381022e-02	3.1018381022e-02	3.1018381022e-02	3.7943969611e-02	3.7943969611e-02	3.7943969611e-02	3.7943969611e-02	4.1214651285e-02	4.7381454458e-02	4.7381454458e-02	4.7381454458e-02	5.4142736730e-02	5.4142736730e-02	5.7502887750e-02	5.7502887750e-02	5.7502887750e-02	6.5022332826e-02	6.5022332826e-02	6.5022332826e-02	6.9259684158e-02	7.2748081688e-02	7.2748081688e-02	7.2748081688e-02	8.1359940190e-02	8.1359940190e-02	8.7734369580e-02	8.7734369580e-02	8.7734369580e-02	9.2203975695e-02	9.5338799970e-02	9.5338799970e-02	9.5338799970e-02	1.0457976542e-01	1.0780641719e-01	1.0780641719e-01	1.0780641719e-01	1.1252196873e-01	1.1856711771e-01	1.1856711771e-01	1.1856711771e-01	1.1856711771e-01	1.2868723221e-01	1.3122767425e-01	1.3122767425e-01	1.3122767425e-01	1.3677501923e-01	1.4000875332e-01	1.4000875332e-01	1.4000875332e-01	1.4816678033e-01	1.5186093821e-01	1.5186093821e-01	1.5817422954e-01	1.5817422954e-01	1.5893835606e-01	1.5893835606e-01	1.6809396224e-01	1.6809396224e-01	1.6809396224e-01	1.7393323462e-01	1.7393323462e-01	1.7393323462e-01	1.7970151819e-01	
314	0.0	-4.1446845765e-03	-4.1446845765e-03	-4.1446845765e-03	-1.0162624293e-02	-1.0162624293e-02	-1.0162624293e-02	-1.0162624293e-02	-1.1904608332e-02	-1.1904608332e-02	-1.1904608332e-02	-1.1904608332e-02	-1.0744912359e-02	-1.0744912359e-02	-1.0744912359e-02	-1.0744912359e-02	-6.9374286946e-03	-6.9374286946e-03	-6.9374286946e-03	-6.9374286946e-03	-1.0132206674e-03	-1.0132206674e-03	-1.0132206674e-03	-1.0132206674e-03	5.2680109888e-03	5.2680109888e-03	5.2680109888e-03	5.2680109888e-03	8.7658969539e-03	1.3488504378e-02	1.3488504378e-02	1.3488504378e-02	2.0960313939e-02	2.0960313939e-02	2.3796040066e-02	2.3796040066e-02	2.3796040066e-02	3.1018383193e-02	3.1018383193e-02	3.1018383193e-02	3.1018383193e-02	3.7943972153e-02	3.7943972153e-02	3.7943972153e-02	3.7943972153e-02	4.1214654143e-02	4.7381457200e-02	4.7381457200e-02	4.7381457200e-02	5.4142740418e-02	5.4142740418e-02	5.7502891204e-02	5.7502891204e-02	5.7502891204e-02	6.5022336387e-02	6.5022336387e-02	6.5022336387e-02	6.9259687968e-02	7.2748085272e-02	7.2748085272e-02	7.2748085272e-02	8.1359944273e-02	8.1359944273e-02	8.7734373257e-02	8.7734373257e-02	8.7734373257e-02	9.2203979620e-02	9.5338803633e-02	9.5338803633e-02	9.5338803633e-02	1.0457976925e-01	1.0780642075e-01	1.0780642075e-01	1.0780642075e-01	1.1252197230e-01	1.1856712080e-01	1.1856712080e-01	1.1856712080e-01	1.1856712080e-01	1.2868723580e-01	1.3122767755e-01	1.3122767755e-01	1.3122767755e-01	1.3677502283e-01	1.4000875656e-01	1.4000875656e-01	1.4000875656e-01	1.4816678421e-01	1.5186094165e-01	1.5186094165e-01	1.5817423350e-01	1.5817423350e-01	1.5893835965e-01	1.5893835965e-01	1.6809396585e-01	1.6809396585e-01	1.6809396585e-01	1.7393323764e-01	1.7393323764e-01	1.7393323764e-01	1.7970152108e-01	
315	0.0	-4.1446857458e-03	-4.1446857458e-03	-4.1446857458e-03	-1.0162626722e-02	-1.0162626722e-02	-1.0162626722e-02	-1.0162626722e-02	-1.1904611358e-02	-1.1904611358e-02	-1.1904611358e-02	-1.1904611358e-02	-1.0744915701e-02	-1.0744915701e-02	-1.0744915701e-02	-1.0744915701e-02	-6.9374320669e-03	-6.9374320669e-03	-6.9374320669e-03	-6.9374320669e-03	-1.0132236465e-03	-1.0132236465e-03	-1.0132236465e-03	-1.0132236465e-03	5.2680088055e-03	5.2680088055e-03	5.2680088055e-03	5.2680088055e-03	8.7658957822e-03	1.3488503018e-02	1.3488503018e-02	1.3488503018e-02	2.0960314982e-02	2.0960314982e-02	2.3796041026e-02	2.3796041026e-02	2.3796041026e-02	3.1018385051e-02	3.1018385051e-02	3.1018385051e-02	3.1018385051e-02	3.7943974484e-02	3.7943974484e-02	3.7943974484e-02	3.7943974484e-02	4.1214656875e-02	4.7381459868e-02	4.7381459868e-02	4.7381459868e-02	5.4142744173e-02	5.4142744173e-02	5.7502894754e-02	5.7502894754e-02	5.7502894754e-02	6.5022340176e-02	6.5022340176e-02	6.5022340176e-02	6.9259692127e-02	7.2748089233e-02	7.2748089233e-02	7.2748089233e-02	8.1359948975e-02	8.1359948975e-02	8.7734377599e-02	8.7734377599e-02	8.7734377599e-02	9.2203984337e-02	9.5338808118e-02	9.5338808118e-02	9.5338808118e-02	1.0457977419e-01	1.0780642545e-01	1.0780642545e-01	1.0780642545e-01	1.1252197716e-01	1.1856712523e-01	1.1856712523e-01	1.1856712523e-01	1.1856712523e-01	1.2868724099e-01	1.3122768248e-01	1.3122768248e-01	1.3122768248e-01	1.3677502821e-01	1.4000876160e-01	1.4000876160e-01	1.4000876160e-01	1.4816679002e-01	1.5186094702e-01	1.5186094702e-01	1.5817423949e-01	1.5817423949e-01	1.5893836528e-01	1.5893836528e-01	1.6809397162e-01	1.6809397162e-01	1.6809397162e-01	1.7393324295e-01	1.7393324295e-01	1.7393324295e-01	1.7970152640e-01	
316	0.0	-4.1446872382e-03	-4.1446872382e-03	-4.1446872382e-03	-1.0162629567e-02	-1.0162629567e-02	-1.0162629567e-02	-1.0162629567e-02	-1.1904614828e-02	-1.1904614828e-02	-1.1904614828e-02	-1.1904614828e-02	-1.0744919481e-02	-1.0744919481e-02	-1.0744919481e-02	-1.0744919481e-02	-6.9374358489e-03	-6.9374358489e-03	-6.9374358489e-03	-6.9374358489e-03	-1.0132270096e-03	-1.0132270096e-03	-1.0132270096e-03	-1.0132270096e-03	5.2680062469e-03	5.2680062469e-03	5.2680062469e-03	5.2680062469e-03	8.7658942249e-03	1.3488501311e-02	1.3488501311e-02	1.3488501311e-02	2.0960315626e-02	2.0960315626e-02	2.3796041613e-02	2.3796041613e-02	2.3796041613e-02	3.1018386582e-02	3.1018386582e-02	3.1018386582e-02	3.1018386582e-02	3.7943976584e-02	3.7943976584e-02	3.7943976584e-02	3.7943976584e-02	4.1214659456e-02	4.7381462437e-02	4.7381462437e-02	4.7381462437e-02	5.4142747962e-02	5.4142747962e-02	5.7502898367e-02	5.7502898367e-02	5.7502898367e-02	6.5022344157e-02	6.5022344157e-02	6.5022344157e-02	6.9259696592e-02	7.2748093528e-02	7.2748093528e-02	7.2748093528e-02	8.1359954239e-02	8.1359954239e-02	8.7734382552e-02	8.7734382552e-02	8.7734382552e-02	9.2203989785e-02	9.5338813366e-02	9.5338813366e-02	9.5338813366e-02	1.0457978015e-01	1.0780643121e-01	1.0780643121e-01	1.0780643121e-01	1.1252198323e-01	1.1856713092e-01	1.1856713092e-01	1.1856713092e-01	1.1856713092e-01	1.2868724771e-01	1.3122768896e-01	1.3122768896e-01	1.3122768896e-01	1.3677503527e-01	1.4000876837e-01	1.4000876837e-01	1.4000876837e-01	1.4816679769e-01	1.5186095428e-01	1.5186095428e-01	1.5817424747e-01	1.5817424747e-01	1.5893837292e-01	1.5893837292e-01	1.6809397960e-01	1.6809397960e-01	1.6809397960e-01	1.7393325059e-01	1.7393325059e-01	1.7393325059e-01	1.7970153420e-01	
317	0.0	-4.1446890624e-03	-4.1446890624e-03	-4.1446890624e-03	-1.0162632837e-02	-1.0162632837e-02	-1.0162632837e-02	-1.0162632837e-02	-1.1904618754e-02	-1.1904618754e-02	-1.1904618754e-02	-1.1904618754e-02	-1.0744923708e-02	-1.0744923708e-02	-1.0744923708e-02	-1.0744923708e-02	-6.9374400482e-03	-6.9374400482e-03	-6.9374400482e-03	-6.9374400482e-03	-1.0132307629e-03	-1.0132307629e-03	-1.0132307629e-03	-1.0132307629e-03	5.2680033080e-03	5.2680033080e-03	5.2680033080e-03	5.2680033080e-03	8.7658922761e-03	1.3488499252e-02	1.3488499252e-02	1.3488499252e-02	2.0960315864e-02	2.0960315864e-02	2.3796041822e-02	2.3796041822e-02	2.3796041822e-02	3.1018387776e-02	3.1018387776e-02	3.1018387776e-02	3.1018387776e-02	3.7943978437e-02	3.7943978437e-02	3.7943978437e-02	3.7943978437e-02	4.1214661857e-02	4.7381464879e-02	4.7381464879e-02	4.7381464879e-02	5.4142751739e-02	5.4142751739e-02	5.7502902000e-02	5.7502902000e-02	5.7502902000e-02	6.5022348274e-02	6.5022348274e-02	6.5022348274e-02	6.9259701293e-02	7.2748098092e-02	7.2748098092e-02	7.2748098092e-02	8.1359959970e-02	8.1359959970e-02	8.7734388025e-02	8.7734388025e-02	8.7734388025e-02	9.2203995857e-02	9.5338819272e-02	9.5338819272e-02	9.5338819272e-02	1.0457978702e-01	1.0780643791e-01	1.0780643791e-01	1.0780643791e-01	1.1252199036e-01	1.1856713773e-01	1.1856713773e-01	1.1856713773e-01	1.1856713773e-01	1.2868725577e-01	1.3122769682e-01	1.3122769682e-01	1.3122769682e-01	1.3677504384e-01	1.4000877667e-01	1.4000877667e-01	1.4000877667e-01	1.4816680700e-01	1.5186096323e-01	1.5186096323e-01	1.5817425721e-01	1.5817425721e-01	1.5893838234e-01	1.5893838234e-01	1.6809398945e-01	1.6809398945e-01	1.6809398945e-01	1.7393326022e-01	1.7393326022e-01	1.7393326022e-01	1.7970154412e-01	
318	0.0	-4.1446912351e-03	-4.1446912351e-03	-4.1446912351e-03	-1.0162636554e-02	-1.0162636554e-02	-1.0162636554e-02	-1.0162636554e-02	-1.1904623158e-02	-1.1904623158e-02	-1.1904623158e-02	-1.1904623158e-02	-1.0744928406e-02	-1.0744928406e-02	-1.0744928406e-02	-1.0744928406e-02	-6.9374446889e-03	-6.9374446889e-03	-6.9374446889e-03	-6.9374446889e-03	-1.0132349292e-03	-1.0132349292e-03	-1.0132349292e-03	-1.0132349292e-03	5.2679999680e-03	5.2679999680e-03	5.2679999680e-03	5.2679999680e-03	8.7658899161e-03	1.3488496824e-02	1.3488496824e-02	1.3488496824e-02	2.0960315681e-02	2.0960315681e-02	2.3796041638e-02	2.3796041638e-02	2.3796041638e-02	3.1018388619e-02	3.1018388619e-02	3.1018388619e-02	3.1018388619e-02	3.7943980023e-02	3.7943980023e-02	3.7943980023e-02	3.7943980023e-02	4.1214664058e-02	4.7381467174e-02	4.7381467174e-02	4.7381467174e-02	5.4142755475e-02	5.4142755475e-02	5.7502905627e-02	5.7502905627e-02	5.7502905627e-02	6.5022352500e-02	6.5022352500e-02	6.5022352500e-02	6.9259706197e-02	7.2748102891e-02	7.2748102891e-02	7.2748102891e-02	8.1359966125e-02	8.1359966125e-02	8.7734393980e-02	8.7734393980e-02	8.7734393980e-02	9.2204002510e-02	9.5338825796e-02	9.5338825796e-02	9.5338825796e-02	1.0457979474e-01	1.0780644549e-01	1.0780644549e-01	1.0780644549e-01	1.1252199850e-01	1.1856714561e-01	1.1856714561e-01	1.1856714561e-01	1.1856714561e-01	1.2868726514e-01	1.3122770602e-01	1.3122770602e-01	1.3122770602e-01	1.3677505387e-01	1.4000878647e-01	1.4000878647e-01	1.4000878647e-01	1.4816681792e-01	1.5186097382e-01	1.5186097382e-01	1.5817426869e-01	1.5817426869e-01	1.5893839351e-01	1.5893839351e-01	1.6809400125e-01	1.6809400125e-01	1.6809400125e-01	1.7393327192e-01	1.7393327192e-01	1.7393327192e-01	1.7970155623e-01	
319	0.0	-4.1446937600e-03	-4.1446937600e-03	-4.1446937600e-03	-1.0162640720e-02	-1.0162640720e-02	-1.0162640720e-02	-1.0162640720e-02	-1.1904628041e-02	-1.1904628041e-02	-1.1904628041e-02	-1.1904628041e-02	-1.0744933576e-02	-1.0744933576e-02	-1.0744933576e-02	-1.0744933576e-02	-6.9374497702e-03	-6.9374497702e-03	-6.9374497702e-03	-6.9374497702e-03	-1.0132395087e-03	-1.0132395087e-03	-1.0132395087e-03	-1.0132395087e-03	5.2679962241e-03	5.2679962241e-03	5.2679962241e-03	5.2679962241e-03	8.7658871379e-03	1.3488494018e-02	1.3488494018e-02	1.3488494018e-02	2.0960315063e-02	2.0960315063e-02	2.3796041045e-02	2.3796041045e-02	2.3796041045e-02	3.1018389086e-02	3.1018389086e-02	3.1018389086e-02	3.1018389086e-02	3.7943981304e-02	3.7943981304e-02	3.7943981304e-02	3.7943981304e-02	4.1214666006e-02	4.7381469268e-02	4.7381469268e-02	4.7381469268e-02	5.4142759098e-02	5.4142759098e-02	5.7502909172e-02	5.7502909172e-02	5.7502909172e-02	6.5022356743e-02	6.5022356743e-02	6.5022356743e-02	6.9259711199e-02	7.2748107821e-02	7.2748107821e-02	7.2748107821e-02	8.1359972568e-02	8.1359972568e-02	8.7734400281e-02	8.7734400281e-02	8.7734400281e-02	9.2204009593e-02	9.5338832785e-02	9.5338832785e-02	9.5338832785e-02	1.0457980312e-01	1.0780645377e-01	1.0780645377e-01	1.0780645377e-01	1.1252200745e-01	1.1856715437e-01	1.1856715437e-01	1.1856715437e-01	1.1856715437e-01	1.2868727557e-01	1.3122771631e-01	1.3122771631e-01	1.3122771631e-01	1.3677506509e-01	1.4000879751e-01	1.4000879751e-01	1.4000879751e-01	1.4816683018e-01	1.5186098579e-01	1.5186098579e-01	1.5817428161e-01	1.5817428161e-01	1.5893840615e-01	1.5893840615e-01	1.6809401459e-01	1.6809401459e-01	1.6809401459e-01	1.7393328528e-01	1.7393328528e-01	1.7393328528e-01	1.7970157012e-01	
320	0.0	-4.1446966439e-03	-4.1446966439e-03	-4.1446966439e-03	-1.0162645342e-02	-1.0162645342e-02	-1.0162645342e-02	-1.0162645342e-02	-1.1904633410e-02	-1.1904633410e-02	-1.1904633410e-02	-1.1904633410e-02	-1.0744939223e-02	-1.0744939223e-02	-1.0744939223e-02	-1.0744939223e-02	-6.9374552996e-03	-6.9374552996e-03	-6.9374552996e-03	-6.9374552996e-03	-1.0132445102e-03	-1.0132445102e-03	-1.0132445102e-03	-1.0132445102e-03	5.2679920656e-03	5.2679920656e-03	5.2679920656e-03	5.2679920656e-03	8.7658839284e-03	1.3488490822e-02	1.3488490822e-02	1.3488490822e-02	2.0960313990e-02	2.0960313990e-02	2.3796040025e-02	2.3796040025e-02	2.3796040025e-02	3.1018389151e-02	3.1018389151e-02	3.1018389151e-02	3.1018389151e-02	3.7943982249e-02	3.7943982249e-02	3.7943982249e-02	3.7943982249e-02	4.1214667664e-02	4.7381471123e-02	4.7381471123e-02	4.7381471123e-02	5.4142762557e-02	5.4142762557e-02	5.7502912588e-02	5.7502912588e-02	5.7502912588e-02	6.5022360951e-02	6.5022360951e-02	6.5022360951e-02	6.9259716238e-02	7.2748112820e-02	7.2748112820e-02	7.2748112820e-02	8.1359979229e-02	8.1359979229e-02	8.7734406858e-02	8.7734406858e-02	8.7734406858e-02	9.2204017028e-02	9.5338840162e-02	9.5338840162e-02	9.5338840162e-02	1.0457981208e-01	1.0780646267e-01	1.0780646267e-01	1.0780646267e-01	1.1252201711e-01	1.1856716390e-01	1.1856716390e-01	1.1856716390e-01	1.1856716390e-01	1.2868728696e-01	1.3122772761e-01	1.3122772761e-01	1.3122772761e-01	1.3677507742e-01	1.4000880969e-01	1.4000880969e-01	1.4000880969e-01	1.4816684368e-01	1.5186099904e-01	1.5186099904e-01	1.5817429589e-01	1.5817429589e-01	1.5893842019e-01	1.5893842019e-01	1.6809402950e-01	1.6809402950e-01	1.6809402950e-01	1.7393330033e-01	1.7393330033e-01	1.7393330033e-01	1.7970158579e-01	
321	0.0	-4.1446998855e-03	-4.1446998855e-03	-4.1446998855e-03	-1.0162650413e-02	-1.0162650413e-02	-1.0162650413e-02	-1.0162650413e-02	-1.1904639257e-02	-1.1904639257e-02	-1.1904639257e-02	-1.1904639257e-02	-1.0744945341e-02	-1.0744945341e-02	-1.0744945341e-02	-1.0744945341e-02	-6.9374612702e-03	-6.9374612702e-03	-6.9374612702e-03	-6.9374612702e-03	-1.0132499293e-03	-1.0132499293e-03	-1.0132499293e-03	-1.0132499293e-03	5.2679874924e-03	5.2679874924e-03	5.2679874924e-03	5.2679874924e-03	8.7658802823e-03	1.3488487229e-02	1.3488487229e-02	1.3488487229e-02	2.0960312446e-02	2.0960312446e-02	2.3796038558e-02	2.3796038558e-02	2.3796038558e-02	3.1018388787e-02	3.1018388787e-02	3.1018388787e-02	3.1018388787e-02	3.7943982817e-02	3.7943982817e-02	3.7943982817e-02	3.7943982817e-02	4.1214668984e-02	4.7381472686e-02	4.7381472686e-02	4.7381472686e-02	5.4142765780e-02	5.4142765780e-02	5.7502915798e-02	5.7502915798e-02	5.7502915798e-02	6.5022365034e-02	6.5022365034e-02	6.5022365034e-02	6.9259721213e-02	7.2748117787e-02	7.2748117787e-02	7.2748117787e-02	8.1359985977e-02	8.1359985977e-02	8.7734413577e-02	8.7734413577e-02	8.7734413577e-02	9.2204024670e-02	9.5338847780e-02	9.5338847780e-02	9.5338847780e-02	1.0457982144e-01	1.0780647200e-01	1.0780647200e-01	1.0780647200e-01	1.1252202730e-01	1.1856717403e-01	1.1856717403e-01	1.1856717403e-01	1.1856717403e-01	1.2868729910e-01	1.3122773967e-01	1.3122773967e-01	1.3122773967e-01	1.3677509061e-01	1.4000882277e-01	1.4000882277e-01	1.4000882277e-01	1.4816685815e-01	1.5186101332e-01	1.5186101332e-01	1.5817431125e-01	1.5817431125e-01	1.5893843532e-01	1.5893843532e-01	1.6809404557e-01	1.6809404557e-01	1.6809404557e-01	1.7393331664e-01	1.7393331664e-01	1.7393331664e-01	1.7970160283e-01	
322	0.0	-4.1447034798e-03	-4.1447034798e-03	-4.1447034798e-03	-1.0162655924e-02	-1.0162655924e-02	-1.0162655924e-02	-1.0162655924e-02	-1.1904645570e-02	-1.1904645570e-02	-1.1904645570e-02	-1.1904645570e-02	-1.0744951917e-02	-1.0744951917e-02	-1.0744951917e-02	-1.0744951917e-02	-6.9374676718e-03	-6.9374676718e-03	-6.9374676718e-03	-6.9374676718e-03	-1.0132557589e-03	-1.0132557589e-03	-1.0132557589e-03	-1.0132557589e-03	5.2679825071e-03	5.2679825071e-03	5.2679825071e-03	5.2679825071e-03	8.7658761971e-03	1.3488483235e-02	1.3488483235e-02	1.3488483235e-02	2.0960310416e-02	2.0960310416e-02	2.3796036629e-02	2.3796036629e-02	2.3796036629e-02	3.1018387969e-02	3.1018387969e-02	3.1018387969e-02	3.1018387969e-02	3.7943982972e-02	3.7943982972e-02	3.7943982972e-02	3.7943982972e-02	4.1214669921e-02	4.7381473909e-02	4.7381473909e-02	4.7381473909e-02	5.4142768708e-02	5.4142768708e-02	5.7502918744e-02	5.7502918744e-02	5.7502918744e-02	6.5022368923e-02	6.5022368923e-02	6.5022368923e-02	6.9259726045e-02	7.2748122640e-02	7.2748122640e-02	7.2748122640e-02	8.1359992718e-02	8.1359992718e-02	8.7734420343e-02	8.7734420343e-02	8.7734420343e-02	9.2204032414e-02	9.5338855532e-02	9.5338855532e-02	9.5338855532e-02	1.0457983108e-01	1.0780648165e-01	1.0780648165e-01	1.0780648165e-01	1.1252203788e-01	1.1856718460e-01	1.1856718460e-01	1.1856718460e-01	1.1856718460e-01	1.2868731183e-01	1.3122775237e-01	1.3122775237e-01	1.3122775237e-01	1.3677510451e-01	1.4000883660e-01	1.4000883660e-01	1.4000883660e-01	1.4816687346e-01	1.5186102847e-01	1.5186102847e-01	1.5817432754e-01	1.5817432754e-01	1.5893845140e-01	1.5893845140e-01	1.6809406276e-01	1.6809406276e-01	1.6809406276e-01	1.7393333417e-01	1.7393333417e-01	1.7393333417e-01	1.7970162117e-01	
323	0.0	-4.1447074134e-03	-4.1447074134e-03	-4.1447074134e-03	-1.0162661852e-02	-1.0162661852e-02	-1.0162661852e-02	-1.0162661852e-02	-1.1904652324e-02	-1.1904652324e-02	-1.1904652324e-02	-1.1904652324e-02	-1.0744958925e-02	-1.0744958925e-02	-1.0744958925e-02	-1.0744958925e-02	-6.9374744790e-03	-6.9374744790e-03	-6.9374744790e-03	-6.9374744790e-03	-1.0132619780e-03	-1.0132619780e-03	-1.0132619780e-03	-1.0132619780e-03	5.2679771241e-03	5.2679771241e-03	5.2679771241e-03	5.2679771241e-03	8.7658716802e-03	1.3488478845e-02	1.3488478845e-02	1.3488478845e-02	2.0960307893e-02	2.0960307893e-02	2.3796034227e-02	2.3796034227e-02	2.3796034227e-02	3.1018386674e-02	3.1018386674e-02	3.1018386674e-02	3.1018386674e-02	3.7943982679e-02	3.7943982679e-02	3.7943982679e-02	3.7943982679e-02	4.1214670428e-02	4.7381474741e-02	4.7381474741e-02	4.7381474741e-02	5.4142771266e-02	5.4142771266e-02	5.7502921345e-02	5.7502921345e-02	5.7502921345e-02	6.5022372523e-02	6.5022372523e-02	6.5022372523e-02	6.9259730627e-02	7.2748127269e-02	7.2748127269e-02	7.2748127269e-02	8.1359999313e-02	8.1359999313e-02	8.7734427011e-02	8.7734427011e-02	8.7734427011e-02	9.2204040103e-02	9.5338863256e-02	9.5338863256e-02	9.5338863256e-02	1.0457984080e-01	1.0780649141e-01	1.0780649141e-01	1.0780649141e-01	1.1252204864e-01	1.1856719540e-01	1.1856719540e-01	1.1856719540e-01	1.1856719540e-01	1.2868732492e-01	1.3122776544e-01	1.3122776544e-01	1.3122776544e-01	1.3677511884e-01	1.4000885090e-01	1.4000885090e-01	1.4000885090e-01	1.4816688929e-01	1.5186104418e-01	1.5186104418e-01	1.5817434444e-01	1.5817434444e-01	1.5893846812e-01	1.5893846812e-01	1.6809408063e-01	1.6809408063e-01	1.6809408063e-01	1.7393335246e-01	1.7393335246e-01	1.7393335246e-01	1.7970164036e-01	
324	0.0	-4.1447116714e-03	-4.1447116714e-03	-4.1447116714e-03	-1.0162668173e-02	-1.0162668173e-02	-1.0162668173e-02	-1.0162668173e-02	-1.1904659492e-02	-1.1904659492e-02	-1.1904659492e-02	-1.1904659492e-02	-1.0744966339e-02	-1.0744966339e-02	-1.0744966339e-02	-1.0744966339e-02	-6.9374816685e-03	-6.9374816685e-03	-6.9374816685e-03	-6.9374816685e-03	-1.0132685681e-03	-1.0132685681e-03	-1.0132685681e-03	-1.0132685681e-03	5.2679713551e-03	5.2679713551e-03	5.2679713551e-03	5.2679713551e-03	8.7658667373e-03	1.3488474061e-02	1.3488474061e-02	1.3488474061e-02	2.0960304865e-02	2.0960304865e-02	2.3796031341e-02	2.3796031341e-02	2.3796031341e-02	3.1018384878e-02	3.1018384878e-02	3.1018384878e-02	3.1018384878e-02	3.7943981901e-02	3.7943981901e-02	3.7943981901e-02	3.7943981901e-02	4.1214670463e-02	4.7381475133e-02	4.7381475133e-02	4.7381475133e-02	5.4142773393e-02	5.4142773393e-02	5.7502923540e-02	5.7502923540e-02	5.7502923540e-02	6.5022375760e-02	6.5022375760e-02	6.5022375760e-02	6.9259734877e-02	7.2748131590e-02	7.2748131590e-02	7.2748131590e-02	8.1360005664e-02	8.1360005664e-02	8.7734433476e-02	8.7734433476e-02	8.7734433476e-02	9.2204047624e-02	9.5338870838e-02	9.5338870838e-02	9.5338870838e-02	1.0457985049e-01	1.0780650116e-01	1.0780650116e-01	1.0780650116e-01	1.1252205944e-01	1.1856720629e-01	1.1856720629e-01	1.1856720629e-01	1.1856720629e-01	1.2868733818e-01	1.3122777872e-01	1.3122777872e-01	1.3122777872e-01	1.3677513345e-01	1.4000886550e-01	1.4000886550e-01	1.4000886550e-01	1.4816690549e-01	1.5186106028e-01	1.5186106028e-01	1.5817436179e-01	1.5817436179e-01	1.5893848529e-01	1.5893848529e-01	1.6809409911e-01	1.6809409911e-01	1.6809409911e-01	1.7393337144e-01	1.7393337144e-01	1.7393337144e-01	1.7970166031e-01	
325	0.0	-4.1447162229e-03	-4.1447162229e-03	-4.1447162229e-03	-1.0162674840e-02	-1.0162674840e-02	-1.0162674840e-02	-1.0162674840e-02	-1.1904667020e-02	-1.1904667020e-02	-1.1904667020e-02	-1.1904667020e-02	-1.0744974102e-02	-1.0744974102e-02	-1.0744974102e-02	-1.0744974102e-02	-6.9374891868e-03	-6.9374891868e-03	-6.9374891868e-03	-6.9374891868e-03	-1.0132754812e-03	-1.0132754812e-03	-1.0132754812e-03	-1.0132754812e-03	5.2679652407e-03	5.2679652407e-03	5.2679652407e-03	5.2679652407e-03	8.7658614002e-03	1.3488468915e-02	1.3488468915e-02	1.3488468915e-02	2.0960301347e-02	2.0960301347e-02	2.3796027980e-02	2.3796027980e-02	2.3796027980e-02	3.1018382579e-02	3.1018382579e-02	3.1018382579e-02	3.1018382579e-02	3.7943980622e-02	3.7943980622e-02	3.7943980622e-02	3.7943980622e-02	4.1214669996e-02	4.7381475052e-02	4.7381475052e-02	4.7381475052e-02	5.4142775030e-02	5.4142775030e-02	5.7502925267e-02	5.7502925267e-02	5.7502925267e-02	6.5022378556e-02	6.5022378556e-02	6.5022378556e-02	6.9259738701e-02	7.2748135504e-02	7.2748135504e-02	7.2748135504e-02	8.1360011643e-02	8.1360011643e-02	8.7734439607e-02	8.7734439607e-02	8.7734439607e-02	9.2204054828e-02	9.5338878125e-02	9.5338878125e-02	9.5338878125e-02	1.0457985995e-01	1.0780651070e-01	1.0780651070e-01	1.0780651070e-01	1.1252207007e-01	1.1856721705e-01	1.1856721705e-01	1.1856721705e-01	1.1856721705e-01	1.2868735139e-01	1.3122779196e-01	1.3122779196e-01	1.3122779196e-01	1.3677514804e-01	1.4000888011e-01	1.4000888011e-01	1.4000888011e-01	1.4816692174e-01	1.5186107647e-01	1.5186107647e-01	1.5817437924e-01	1.5817437924e-01	1.5893850259e-01	1.5893850259e-01	1.6809411773e-01	1.6809411773e-01	1.6809411773e-01	1.7393339064e-01	1.7393339064e-01	1.7393339064e-01	1.7970168053e-01	
326	0.0	-4.1447210431e-03	-4.1447210431e-03	-4.1447210431e-03	-1.0162681817e-02	-1.0162681817e-02	-1.0162681817e-02	-1.0162681817e-02	-1.1904674869e-02	-1.1904674869e-02	-1.1904674869e-02	-1.1904674869e-02	-1.0744982176e-02	-1.0744982176e-02	-1.0744982176e-02	-1.0744982176e-02	-6.9374969982e-03	-6.9374969982e-03	-6.9374969982e-03	-6.9374969982e-03	-1.0132826875e-03	-1.0132826875e-03	-1.0132826875e-03	-1.0132826875e-03	5.2679588028e-03	5.2679588028e-03	5.2679588028e-03	5.2679588028e-03	8.7658556850e-03	1.3488463416e-02	1.3488463416e-02	1.3488463416e-02	2.0960297337e-02	2.0960297337e-02	2.3796024141e-02	2.3796024141e-02	2.3796024141e-02	3.1018379763e-02	3.1018379763e-02	3.1018379763e-02	3.1018379763e-02	3.7943978816e-02	3.7943978816e-02	3.7943978816e-02	3.7943978816e-02	4.1214668996e-02	4.7381474456e-02	4.7381474456e-02	4.7381474456e-02	5.4142776127e-02	5.4142776127e-02	5.7502926470e-02	5.7502926470e-02	5.7502926470e-02	6.5022380844e-02	6.5022380844e-02	6.5022380844e-02	6.9259742026e-02	7.2748138937e-02	7.2748138937e-02	7.2748138937e-02	8.1360017161e-02	8.1360017161e-02	8.7734445307e-02	8.7734445307e-02	8.7734445307e-02	9.2204061615e-02	9.5338885011e-02	9.5338885011e-02	9.5338885011e-02	1.0457986906e-01	1.0780651991e-01	1.0780651991e-01	1.0780651991e-01	1.1252208041e-01	1.1856722754e-01	1.1856722754e-01	1.1856722754e-01	1.1856722754e-01	1.2868736438e-01	1.3122780500e-01	1.3122780500e-01	1.3122780500e-01	1.3677516248e-01	1.4000889458e-01	1.4000889458e-01	1.4000889458e-01	1.4816693789e-01	1.5186109257e-01	1.5186109257e-01	1.5817439663e-01	1.5817439663e-01	1.5893851984e-01	1.5893851984e-01	1.6809413644e-01	1.6809413644e-01	1.6809413644e-01	1.7393340997e-01	1.7393340997e-01	1.7393340997e-01	1.7970170095e-01	
327	0.0	-4.1447260949e-03	-4.1447260949e-03	-4.1447260949e-03	-1.0162689050e-02	-1.0162689050e-02	-1.0162689050e-02	-1.0162689050e-02	-1.1904682978e-02	-1.1904682978e-02	-1.1904682978e-02	-1.1904682978e-02	-1.0744990500e-02	-1.0744990500e-02	-1.0744990500e-02	-1.0744990500e-02	-6.9375050446e-03	-6.9375050446e-03	-6.9375050446e-03	-6.9375050446e-03	-1.0132901352e-03	-1.0132901352e-03	-1.0132901352e-03	-1.0132901352e-03	5.2679520851e-03	5.2679520851e-03	5.2679520851e-03	5.2679520851e-03	8.7658496277e-03	1.3488457597e-02	1.3488457597e-02	1.3488457597e-02	2.0960292854e-02	2.0960292854e-02	2.3796019839e-02	2.3796019839e-02	2.3796019839e-02	3.1018376431e-02	3.1018376431e-02	3.1018376431e-02	3.1018376431e-02	3.7943976469e-02	3.7943976469e-02	3.7943976469e-02	3.7943976469e-02	4.1214667439e-02	4.7381473319e-02	4.7381473319e-02	4.7381473319e-02	5.4142776633e-02	5.4142776633e-02	5.7502927096e-02	5.7502927096e-02	5.7502927096e-02	6.5022382556e-02	6.5022382556e-02	6.5022382556e-02	6.9259744770e-02	7.2748141801e-02	7.2748141801e-02	7.2748141801e-02	8.1360022107e-02	8.1360022107e-02	8.7734450457e-02	8.7734450457e-02	8.7734450457e-02	9.2204067851e-02	9.5338891359e-02	9.5338891359e-02	9.5338891359e-02	1.0457987766e-01	1.0780652861e-01	1.0780652861e-01	1.0780652861e-01	1.1252209026e-01	1.1856723757e-01	1.1856723757e-01	1.1856723757e-01	1.1856723757e-01	1.2868737693e-01	1.3122781761e-01	1.3122781761e-01	1.3122781761e-01	1.3677517649e-01	1.4000890865e-01	1.4000890865e-01	1.4000890865e-01	1.4816695364e-01	1.5186110829e-01	1.5186110829e-01	1.5817441366e-01	1.5817441366e-01	1.5893853673e-01	1.5893853673e-01	1.6809415480e-01	1.6809415480e-01	1.6809415480e-01	1.7393342898e-01	1.7393342898e-01	1.7393342898e-01	1.7970172110e-01	
328	0.0	-4.1447313370e-03	-4.1447313370e-03	-4.1447313370e-03	-1.0162696481e-02	-1.0162696481e-02	-1.0162696481e-02	-1.0162696481e-02	-1.1904691283e-02	-1.1904691283e-02	-1.1904691283e-02	-1.1904691283e-02	-1.0744999008e-02	-1.0744999008e-02	-1.0744999008e-02	-1.0744999008e-02	-6.9375132632e-03	-6.9375132632e-03	-6.9375132632e-03	-6.9375132632e-03	-1.0132977677e-03	-1.0132977677e-03	-1.0132977677e-03	-1.0132977677e-03	5.2679451369e-03	5.2679451369e-03	5.2679451369e-03	5.2679451369e-03	8.7658432716e-03	1.3488451499e-02	1.3488451499e-02	1.3488451499e-02	2.0960287926e-02	2.0960287926e-02	2.3796015100e-02	2.3796015100e-02	2.3796015100e-02	3.1018372599e-02	3.1018372599e-02	3.1018372599e-02	3.1018372599e-02	3.7943973590e-02	3.7943973590e-02	3.7943973590e-02	3.7943973590e-02	4.1214665327e-02	4.7381471634e-02	4.7381471634e-02	4.7381471634e-02	5.4142776534e-02	5.4142776534e-02	5.7502927126e-02	5.7502927126e-02	5.7502927126e-02	6.5022383662e-02	6.5022383662e-02	6.5022383662e-02	6.9259746897e-02	7.2748144056e-02	7.2748144056e-02	7.2748144056e-02	8.1360026429e-02	8.1360026429e-02	8.7734454998e-02	8.7734454998e-02	8.7734454998e-02	9.2204073471e-02	9.5338897100e-02	9.5338897100e-02	9.5338897100e-02	1.0457988566e-01	1.0780653674e-01	1.0780653674e-01	1.0780653674e-01	1.1252209953e-01	1.1856724703e-01	1.1856724703e-01	1.1856724703e-01	1.1856724703e-01	1.2868738893e-01	1.3122782967e-01	1.3122782967e-01	1.3122782967e-01	1.3677518997e-01	1.4000892218e-01	1.4000892218e-01	1.4000892218e-01	1.4816696889e-01	1.5186112351e-01	1.5186112351e-01	1.5817443020e-01	1.5817443020e-01	1.5893855313e-01	1.5893855313e-01	1.6809417278e-01	1.6809417278e-01	1.6809417278e-01	1.7393344765e-01	1.7393344765e-01	1.7393344765e-01	1.7970174093e-01	
329	0.0	-4.1447367263e-03	-4.1447367263e-03	-4.1447367263e-03	-1.0162704048e-02	-1.0162704048e-02	-1.0162704048e-02	-1.0162704048e-02	-1.1904699716e-02	-1.1904699716e-02	-1.1904699716e-02	-1.1904699716e-02	-1.0745007632e-02	-1.0745007632e-02	-1.0745007632e-02	-1.0745007632e-02	-6.9375215909e-03	-6.9375215909e-03	-6.9375215909e-03	-6.9375215909e-03	-1.0133055283e-03	-1.0133055283e-03	-1.0133055283e-03	-1.0133055283e-03	5.2679380075e-03	5.2679380075e-03	5.2679380075e-03	5.2679380075e-03	8.7658366602e-03	1.3488445159e-02	1.3488445159e-02	1.3488445159e-02	2.0960282581e-02	2.0960282581e-02	2.3796009948e-02	2.3796009948e-02	2.3796009948e-02	3.1018368281e-02	3.1018368281e-02	3.1018368281e-02	3.1018368281e-02	3.7943970179e-02	3.7943970179e-02	3.7943970179e-02	3.7943970179e-02	4.1214662653e-02	4.7381469388e-02	4.7381469388e-02	4.7381469388e-02	5.4142775798e-02	5.4142775798e-02	5.7502926527e-02	5.7502926527e-02	5.7502926527e-02	6.5022384113e-02	6.5022384113e-02	6.5022384113e-02	6.9259748350e-02	7.2748145641e-02	7.2748145641e-02	7.2748145641e-02	8.1360030044e-02	8.1360030044e-02	8.7734458839e-02	8.7734458839e-02	8.7734458839e-02	9.2204078374e-02	9.5338902128e-02	9.5338902128e-02	9.5338902128e-02	1.0457989294e-01	1.0780654413e-01	1.0780654413e-01	1.0780654413e-01	1.1252210808e-01	1.1856725576e-01	1.1856725576e-01	1.1856725576e-01	1.1856725576e-01	1.2868740019e-01	1.3122784099e-01	1.3122784099e-01	1.3122784099e-01	1.3677520270e-01	1.4000893497e-01	1.4000893497e-01	1.4000893497e-01	1.4816698338e-01	1.5186113797e-01	1.5186113797e-01	1.5817444598e-01	1.5817444598e-01	1.5893856877e-01	1.5893856877e-01	1.6809418998e-01	1.6809418998e-01	1.6809418998e-01	1.7393346555e-01	1.7393346555e-01	1.7393346555e-01	1.7970176004e-01	
330	0.0	-4.1447422156e-03	-4.1447422156e-03	-4.1447422156e-03	-1.0162711687e-02	-1.0162711687e-02	-1.0162711687e-02	-1.0162711687e-02	-1.1904708206e-02	-1.1904708206e-02	-1.1904708206e-02	-1.1904708206e-02	-1.0745016301e-02	-1.0745016301e-02	-1.0745016301e-02	-1.0745016301e-02	-6.9375299591e-03	-6.9375299591e-03	-6.9375299591e-03	-6.9375299591e-03	-1.0133133541e-03	-1.0133133541e-03	-1.0133133541e-03	-1.0133133541e-03	5.2679307535e-03	5.2679307535e-03	5.2679307535e-03	5.2679307535e-03	8.7658298460e-03	1.3488438628e-02	1.3488438628e-02	1.3488438628e-02	2.0960276860e-02	2.0960276860e-02	2.3796004423e-02	2.3796004423e-02	2.3796004423e-02	3.1018363508e-02	3.1018363508e-02	3.1018363508e-02	3.1018363508e-02	3.7943966260e-02	3.7943966260e-02	3.7943966260e-02	3.7943966260e-02	4.1214659438e-02	4.7381466595e-02	4.7381466595e-02	4.7381466595e-02	5.4142774435e-02	5.4142774435e-02	5.7502925301e-02	5.7502925301e-02	5.7502925301e-02	6.5022383908e-02	6.5022383908e-02	6.5022383908e-02	6.9259749119e-02	7.2748146544e-02	7.2748146544e-02	7.2748146544e-02	8.1360032934e-02	8.1360032934e-02	8.7734461956e-02	8.7734461956e-02	8.7734461956e-02	9.2204082531e-02	9.5338906409e-02	9.5338906409e-02	9.5338906409e-02	1.0457989944e-01	1.0780655076e-01	1.0780655076e-01	1.0780655076e-01	1.1252211584e-01	1.1856726371e-01	1.1856726371e-01	1.1856726371e-01	1.1856726371e-01	1.2868741064e-01	1.3122785151e-01	1.3122785151e-01	1.3122785151e-01	1.3677521461e-01	1.4000894694e-01	1.4000894694e-01	1.4000894694e-01	1.4816699704e-01	1.5186115159e-01	1.5186115159e-01	1.5817446093e-01	1.5817446093e-01	1.5893858357e-01	1.5893858357e-01	1.6809420643e-01	1.6809420643e-01	1.6809420643e-01	1.7393348271e-01	1.7393348271e-01	1.7393348271e-01	1.7970177843e-01	
331	0.0	-4.1447477571e-03	-4.1447477571e-03	-4.1447477571e-03	-1.0162719333e-02	-1.0162719333e-02	-1.0162719333e-02	-1.0162719333e-02	-1.1904716682e-02	-1.1904716682e-02	-1.1904716682e-02	-1.1904716682e-02	-1.0745024942e-02	-1.0745024942e-02	-1.0745024942e-02	-1.0745024942e-02	-6.9375383000e-03	-6.9375383000e-03	-6.9375383000e-03	-6.9375383000e-03	-1.0133211835e-03	-1.0133211835e-03	-1.0133211835e-03	-1.0133211835e-03	5.2679234305e-03	5.2679234305e-03	5.2679234305e-03	5.2679234305e-03	8.7658228806e-03	1.3488431950e-02	1.3488431950e-02	1.3488431950e-02	2.0960270805e-02	2.0960270805e-02	2.3795998560e-02	2.3795998560e-02	2.3795998560e-02	3.1018358310e-02	3.1018358310e-02	3.1018358310e-02	3.1018358310e-02	3.7943961854e-02	3.7943961854e-02	3.7943961854e-02	3.7943961854e-02	4.1214655695e-02	4.7381463261e-02	4.7381463261e-02	4.7381463261e-02	5.4142772437e-02	5.4142772437e-02	5.7502923440e-02	5.7502923440e-02	5.7502923440e-02	6.5022383023e-02	6.5022383023e-02	6.5022383023e-02	6.9259749176e-02	7.2748146730e-02	7.2748146730e-02	7.2748146730e-02	8.1360035046e-02	8.1360035046e-02	8.7734464288e-02	8.7734464288e-02	8.7734464288e-02	9.2204085873e-02	9.5338909871e-02	9.5338909871e-02	9.5338909871e-02	1.0457990509e-01	1.0780655652e-01	1.0780655652e-01	1.0780655652e-01	1.1252212272e-01	1.1856727076e-01	1.1856727076e-01	1.1856727076e-01	1.1856727076e-01	1.2868742013e-01	1.3122786106e-01	1.3122786106e-01	1.3122786106e-01	1.3677522553e-01	1.4000895791e-01	1.4000895791e-01	1.4000895791e-01	1.4816700969e-01	1.5186116419e-01	1.5186116419e-01	1.5817447482e-01	1.5817447482e-01	1.5893859731e-01	1.5893859731e-01	1.6809422179e-01	1.6809422179e-01	1.6809422179e-01	1.7393349877e-01	1.7393349877e-01	1.7393349877e-01	1.7970179574e-01	
332	0.0	-4.1447532935e-03	-4.1447532935e-03	-4.1447532935e-03	-1.0162726907e-02	-1.0162726907e-02	-1.0162726907e-02	-1.0162726907e-02	-1.1904725056e-02	-1.1904725056e-02	-1.1904725056e-02	-1.1904725056e-02	-1.0745033468e-02	-1.0745033468e-02	-1.0745033468e-02	-1.0745033468e-02	-6.9375465276e-03	-6.9375465276e-03	-6.9375465276e-03	-6.9375465276e-03	-1.0133289345e-03	-1.0133289345e-03	-1.0133289345e-03	-1.0133289345e-03	5.2679161167e-03	5.2679161167e-03	5.2679161167e-03	5.2679161167e-03	8.7658158401e-03	1.3488425201e-02	1.3488425201e-02	1.3488425201e-02	2.0960264486e-02	2.0960264486e-02	2.3795992430e-02	2.3795992430e-02	2.3795992430e-02	3.1018352751e-02	3.1018352751e-02	3.1018352751e-02	3.1018352751e-02	3.7943957022e-02	3.7943957022e-02	3.7943957022e-02	3.7943957022e-02	4.1214651484e-02	4.7381459444e-02	4.7381459444e-02	4.7381459444e-02	5.4142769858e-02	5.4142769858e-02	5.7502920994e-02	5.7502920994e-02	5.7502920994e-02	6.5022381506e-02	6.5022381506e-02	6.5022381506e-02	6.9259748563e-02	7.2748146243e-02	7.2748146243e-02	7.2748146243e-02	8.1360036417e-02	8.1360036417e-02	8.7734465869e-02	8.7734465869e-02	8.7734465869e-02	9.2204088431e-02	9.5338912542e-02	9.5338912542e-02	9.5338912542e-02	1.0457990989e-01	1.0780656143e-01	1.0780656143e-01	1.0780656143e-01	1.1252212873e-01	1.1856727692e-01	1.1856727692e-01	1.1856727692e-01	1.1856727692e-01	1.2868742869e-01	1.3122786967e-01	1.3122786967e-01	1.3122786967e-01	1.3677523547e-01	1.4000896788e-01	1.4000896788e-01	1.4000896788e-01	1.4816702132e-01	1.5186117575e-01	1.5186117575e-01	1.5817448767e-01	1.5817448767e-01	1.5893860999e-01	1.5893860999e-01	1.6809423616e-01	1.6809423616e-01	1.6809423616e-01	1.7393351383e-01	1.7393351383e-01	1.7393351383e-01	1.7970181206e-01	
333	0.0	-4.1447587795e-03	-4.1447587795e-03	-4.1447587795e-03	-1.0162734350e-02	-1.0162734350e-02	-1.0162734350e-02	-1.0162734350e-02	-1.1904733266e-02	-1.1904733266e-02	-1.1904733266e-02	-1.1904733266e-02	-1.0745041815e-02	-1.0745041815e-02	-1.0745041815e-02	-1.0745041815e-02	-6.9375545828e-03	-6.9375545828e-03	-6.9375545828e-03	-6.9375545828e-03	-1.0133365534e-03	-1.0133365534e-03	-1.0133365534e-03	-1.0133365534e-03	5.2679088614e-03	5.2679088614e-03	5.2679088614e-03	5.2679088614e-03	8.7658087726e-03	1.3488418422e-02	1.3488418422e-02	1.3488418422e-02	2.0960257945e-02	2.0960257945e-02	2.3795986072e-02	2.3795986072e-02	2.3795986072e-02	3.1018346867e-02	3.1018346867e-02	3.1018346867e-02	3.1018346867e-02	3.7943951792e-02	3.7943951792e-02	3.7943951792e-02	3.7943951792e-02	4.1214646828e-02	4.7381455160e-02	4.7381455160e-02	4.7381455160e-02	5.4142766706e-02	5.4142766706e-02	5.7502917966e-02	5.7502917966e-02	5.7502917966e-02	6.5022379351e-02	6.5022379351e-02	6.5022379351e-02	6.9259747269e-02	7.2748145064e-02	7.2748145064e-02	7.2748145064e-02	8.1360037016e-02	8.1360037016e-02	8.7734466660e-02	8.7734466660e-02	8.7734466660e-02	9.2204090160e-02	9.5338914374e-02	9.5338914374e-02	9.5338914374e-02	1.0457991377e-01	1.0780656542e-01	1.0780656542e-01	1.0780656542e-01	1.1252213378e-01	1.1856728210e-01	1.1856728210e-01	1.1856728210e-01	1.1856728210e-01	1.2868743618e-01	1.3122787720e-01	1.3122787720e-01	1.3122787720e-01	1.3677524430e-01	1.4000897673e-01	1.4000897673e-01	1.4000897673e-01	1.4816703178e-01	1.5186118612e-01	1.5186118612e-01	1.5817449929e-01	1.5817449929e-01	1.5893862143e-01	1.5893862143e-01	1.6809424925e-01	1.6809424925e-01	1.6809424925e-01	1.7393352757e-01	1.7393352757e-01	1.7393352757e-01	1.7970182706e-01	
334	0.0	-4.1447641634e-03	-4.1447641634e-03	-4.1447641634e-03	-1.0162741594e-02	-1.0162741594e-02	-1.0162741594e-02	-1.0162741594e-02	-1.1904741237e-02	-1.1904741237e-02	-1.1904741237e-02	-1.1904741237e-02	-1.0745049908e-02	-1.0745049908e-02	-1.0745049908e-02	-1.0745049908e-02	-6.9375623941e-03	-6.9375623941e-03	-6.9375623941e-03	-6.9375623941e-03	-1.0133439721e-03	-1.0133439721e-03	-1.0133439721e-03	-1.0133439721e-03	5.2679017306e-03	5.2679017306e-03	5.2679017306e-03	5.2679017306e-03	8.7658017447e-03	1.3488411678e-02	1.3488411678e-02	1.3488411678e-02	2.0960251249e-02	2.0960251249e-02	2.3795979548e-02	2.3795979548e-02	2.3795979548e-02	3.1018340719e-02	3.1018340719e-02	3.1018340719e-02	3.1018340719e-02	3.7943946224e-02	3.7943946224e-02	3.7943946224e-02	3.7943946224e-02	4.1214641788e-02	4.7381450464e-02	4.7381450464e-02	4.7381450464e-02	5.4142763037e-02	5.4142763037e-02	5.7502914413e-02	5.7502914413e-02	5.7502914413e-02	6.5022376609e-02	6.5022376609e-02	6.5022376609e-02	6.9259745343e-02	7.2748143243e-02	7.2748143243e-02	7.2748143243e-02	8.1360036892e-02	8.1360036892e-02	8.7734466706e-02	8.7734466706e-02	8.7734466706e-02	9.2204091101e-02	9.5338915405e-02	9.5338915405e-02	9.5338915405e-02	1.0457991679e-01	1.0780656852e-01	1.0780656852e-01	1.0780656852e-01	1.1252213791e-01	1.1856728633e-01	1.1856728633e-01	1.1856728633e-01	1.1856728633e-01	1.2868744264e-01	1.3122788369e-01	1.3122788369e-01	1.3122788369e-01	1.3677525204e-01	1.4000898447e-01	1.4000898447e-01	1.4000898447e-01	1.4816704110e-01	1.5186119531e-01	1.5186119531e-01	1.5817450971e-01	1.5817450971e-01	1.5893863167e-01	1.5893863167e-01	1.6809426117e-01	1.6809426117e-01	1.6809426117e-01	1.7393354013e-01	1.7393354013e-01	1.7393354013e-01	1.7970184086e-01	
335	0.0	-4.1447693950e-03	-4.1447693950e-03	-4.1447693950e-03	-1.0162748572e-02	-1.0162748572e-02	-1.0162748572e-02	-1.0162748572e-02	-1.1904748896e-02	-1.1904748896e-02	-1.1904748896e-02	-1.1904748896e-02	-1.0745057675e-02	-1.0745057675e-02	-1.0745057675e-02	-1.0745057675e-02	-6.9375698914e-03	-6.9375698914e-03	-6.9375698914e-03	-6.9375698914e-03	-1.0133511241e-03	-1.0133511241e-03	-1.0133511241e-03	-1.0133511241e-03	5.2678947892e-03	5.2678947892e-03	5.2678947892e-03	5.2678947892e-03	8.7657948217e-03	1.3488405030e-02	1.3488405030e-02	1.3488405030e-02	2.0960244463e-02	2.0960244463e-02	2.3795972924e-02	2.3795972924e-02	2.3795972924e-02	3.1018334369e-02	3.1018334369e-02	3.1018334369e-02	3.1018334369e-02	3.7943940376e-02	3.7943940376e-02	3.7943940376e-02	3.7943940376e-02	4.1214636418e-02	4.7381445408e-02	4.7381445408e-02	4.7381445408e-02	5.4142758895e-02	5.4142758895e-02	5.7502910376e-02	5.7502910376e-02	5.7502910376e-02	6.5022373315e-02	6.5022373315e-02	6.5022373315e-02	6.9259742816e-02	7.2748140807e-02	7.2748140807e-02	7.2748140807e-02	8.1360036058e-02	8.1360036058e-02	8.7734466017e-02	8.7734466017e-02	8.7734466017e-02	9.2204091259e-02	9.5338915637e-02	9.5338915637e-02	9.5338915637e-02	1.0457991892e-01	1.0780657071e-01	1.0780657071e-01	1.0780657071e-01	1.1252214108e-01	1.1856728958e-01	1.1856728958e-01	1.1856728958e-01	1.1856728958e-01	1.2868744802e-01	1.3122788907e-01	1.3122788907e-01	1.3122788907e-01	1.3677525862e-01	1.4000899103e-01	1.4000899103e-01	1.4000899103e-01	1.4816704917e-01	1.5186120324e-01	1.5186120324e-01	1.5817451882e-01	1.5817451882e-01	1.5893864058e-01	1.5893864058e-01	1.6809427170e-01	1.6809427170e-01	1.6809427170e-01	1.7393355125e-01	1.7393355125e-01	1.7393355125e-01	1.7970185322e-01	
336	0.0	-4.1447744276e-03	-4.1447744276e-03	-4.1447744276e-03	-1.0162755226e-02	-1.0162755226e-02	-1.0162755226e-02	-1.0162755226e-02	-1.1904756180e-02	-1.1904756180e-02	-1.1904756180e-02	-1.1904756180e-02	-1.0745065052e-02	-1.0745065052e-02	-1.0745065052e-02	-1.0745065052e-02	-6.9375770134e-03	-6.9375770134e-03	-6.9375770134e-03	-6.9375770134e-03	-1.0133579501e-03	-1.0133579501e-03	-1.0133579501e-03	-1.0133579501e-03	5.2678880966e-03	5.2678880966e-03	5.2678880966e-03	5.2678880966e-03	8.7657880661e-03	1.3488398537e-02	1.3488398537e-02	1.3488398537e-02	2.0960237654e-02	2.0960237654e-02	2.3795966264e-02	2.3795966264e-02	2.3795966264e-02	3.1018327885e-02	3.1018327885e-02	3.1018327885e-02	3.1018327885e-02	3.7943934317e-02	3.7943934317e-02	3.7943934317e-02	3.7943934317e-02	4.1214630788e-02	4.7381440058e-02	4.7381440058e-02	4.7381440058e-02	5.4142754350e-02	5.4142754350e-02	5.7502905922e-02	5.7502905922e-02	5.7502905922e-02	6.5022369538e-02	6.5022369538e-02	6.5022369538e-02	6.9259739754e-02	7.2748137821e-02	7.2748137821e-02	7.2748137821e-02	8.1360034579e-02	8.1360034579e-02	8.7734464654e-02	8.7734464654e-02	8.7734464654e-02	9.2204090695e-02	9.5338915131e-02	9.5338915131e-02	9.5338915131e-02	1.0457992021e-01	1.0780657206e-01	1.0780657206e-01	1.0780657206e-01	1.1252214337e-01	1.1856729190e-01	1.1856729190e-01	1.1856729190e-01	1.1856729190e-01	1.2868745237e-01	1.3122789341e-01	1.3122789341e-01	1.3122789341e-01	1.3677526409e-01	1.4000899647e-01	1.4000899647e-01	1.4000899647e-01	1.4816705607e-01	1.5186120997e-01	1.5186120997e-01	1.5817452669e-01	1.5817452669e-01	1.5893864823e-01	1.5893864823e-01	1.6809428100e-01	1.6809428100e-01	1.6809428100e-01	1.7393356110e-01	1.7393356110e-01	1.7393356110e-01	1.7970186429e-01	
337	0.0	-4.1447792192e-03	-4.1447792192e-03	-4.1447792192e-03	-1.0162761502e-02	-1.0162761502e-02	-1.0162761502e-02	-1.0162761502e-02	-1.1904763031e-02	-1.1904763031e-02	-1.1904763031e-02	-1.1904763031e-02	-1.0745071980e-02	-1.0745071980e-02	-1.0745071980e-02	-1.0745071980e-02	-6.9375837049e-03	-6.9375837049e-03	-6.9375837049e-03	-6.9375837049e-03	-1.0133643967e-03	-1.0133643967e-03	-1.0133643967e-03	-1.0133643967e-03	5.2678817068e-03	5.2678817068e-03	5.2678817068e-03	5.2678817068e-03	8.7657815348e-03	1.3488392254e-02	1.3488392254e-02	1.3488392254e-02	2.0960230885e-02	2.0960230885e-02	2.3795959631e-02	2.3795959631e-02	2.3795959631e-02	3.1018321329e-02	3.1018321329e-02	3.1018321329e-02	3.1018321329e-02	3.7943928108e-02	3.7943928108e-02	3.7943928108e-02	3.7943928108e-02	4.1214624959e-02	4.7381434473e-02	4.7381434473e-02	4.7381434473e-02	5.4142749458e-02	5.4142749458e-02	5.7502901105e-02	5.7502901105e-02	5.7502901105e-02	6.5022365325e-02	6.5022365325e-02	6.5022365325e-02	6.9259736203e-02	7.2748134330e-02	7.2748134330e-02	7.2748134330e-02	8.1360032491e-02	8.1360032491e-02	8.7734462652e-02	8.7734462652e-02	8.7734462652e-02	9.2204089440e-02	9.5338913916e-02	9.5338913916e-02	9.5338913916e-02	1.0457992069e-01	1.0780657258e-01	1.0780657258e-01	1.0780657258e-01	1.1252214476e-01	1.1856729330e-01	1.1856729330e-01	1.1856729330e-01	1.1856729330e-01	1.2868745567e-01	1.3122789669e-01	1.3122789669e-01	1.3122789669e-01	1.3677526843e-01	1.4000900075e-01	1.4000900075e-01	1.4000900075e-01	1.4816706175e-01	1.5186121544e-01	1.5186121544e-01	1.5817453325e-01	1.5817453325e-01	1.5893865455e-01	1.5893865455e-01	1.6809428888e-01	1.6809428888e-01	1.6809428888e-01	1.7393356950e-01	1.7393356950e-01	1.7393356950e-01	1.7970187386e-01	
338	0.0	-4.1447837217e-03	-4.1447837217e-03	-4.1447837217e-03	-1.0162767338e-02	-1.0162767338e-02	-1.0162767338e-02	-1.0162767338e-02	-1.1904769383e-02	-1.1904769383e-02	-1.1904769383e-02	-1.1904769383e-02	-1.0745078394e-02	-1.0745078394e-02	-1.0745078394e-02	-1.0745078394e-02	-6.9375899002e-03	-6.9375899002e-03	-6.9375899002e-03	-6.9375899002e-03	-1.0133703990e-03	-1.0133703990e-03	-1.0133703990e-03	-1.0133703990e-03	5.2678756863e-03	5.2678756863e-03	5.2678756863e-03	5.2678756863e-03	8.7657752985e-03	1.3488386249e-02	1.3488386249e-02	1.3488386249e-02	2.0960224235e-02	2.0960224235e-02	2.3795953100e-02	2.3795953100e-02	2.3795953100e-02	3.1018314783e-02	3.1018314783e-02	3.1018314783e-02	3.1018314783e-02	3.7943921831e-02	3.7943921831e-02	3.7943921831e-02	3.7943921831e-02	4.1214619009e-02	4.7381428730e-02	4.7381428730e-02	4.7381428730e-02	5.4142744295e-02	5.4142744295e-02	5.7502896004e-02	5.7502896004e-02	5.7502896004e-02	6.5022360754e-02	6.5022360754e-02	6.5022360754e-02	6.9259732236e-02	7.2748130406e-02	7.2748130406e-02	7.2748130406e-02	8.1360029860e-02	8.1360029860e-02	8.7734460077e-02	8.7734460077e-02	8.7734460077e-02	9.2204087553e-02	9.5338912052e-02	9.5338912052e-02	9.5338912052e-02	1.0457992040e-01	1.0780657231e-01	1.0780657231e-01	1.0780657231e-01	1.1252214532e-01	1.1856729382e-01	1.1856729382e-01	1.1856729382e-01	1.1856729382e-01	1.2868745797e-01	1.3122789895e-01	1.3122789895e-01	1.3122789895e-01	1.3677527169e-01	1.4000900392e-01	1.4000900392e-01	1.4000900392e-01	1.4816706623e-01	1.5186121970e-01	1.5186121970e-01	1.5817453853e-01	1.5817453853e-01	1.5893865960e-01	1.5893865960e-01	1.6809429549e-01	1.6809429549e-01	1.6809429549e-01	1.7393357657e-01	1.7393357657e-01	1.7393357657e-01	1.7970188207e-01	
339	0.0	-4.1447879056e-03	-4.1447879056e-03	-4.1447879056e-03	-1.0162772700e-02	-1.0162772700e-02	-1.0162772700e-02	-1.0162772700e-02	-1.1904775200e-02	-1.1904775200e-02	-1.1904775200e-02	-1.1904775200e-02	-1.0745084257e-02	-1.0745084257e-02	-1.0745084257e-02	-1.0745084257e-02	-6.9375955663e-03	-6.9375955663e-03	-6.9375955663e-03	-6.9375955663e-03	-1.0133759247e-03	-1.0133759247e-03	-1.0133759247e-03	-1.0133759247e-03	5.2678700705e-03	5.2678700705e-03	5.2678700705e-03	5.2678700705e-03	8.7657693975e-03	1.3488380561e-02	1.3488380561e-02	1.3488380561e-02	2.0960217754e-02	2.0960217754e-02	2.3795946724e-02	2.3795946724e-02	2.3795946724e-02	3.1018308300e-02	3.1018308300e-02	3.1018308300e-02	3.1018308300e-02	3.7943915540e-02	3.7943915540e-02	3.7943915540e-02	3.7943915540e-02	4.1214612996e-02	4.7381422886e-02	4.7381422886e-02	4.7381422886e-02	5.4142738921e-02	5.4142738921e-02	5.7502890674e-02	5.7502890674e-02	5.7502890674e-02	6.5022355879e-02	6.5022355879e-02	6.5022355879e-02	6.9259727906e-02	7.2748126103e-02	7.2748126103e-02	7.2748126103e-02	8.1360026736e-02	8.1360026736e-02	8.7734456975e-02	8.7734456975e-02	8.7734456975e-02	9.2204085083e-02	9.5338909586e-02	9.5338909586e-02	9.5338909586e-02	1.0457991939e-01	1.0780657130e-01	1.0780657130e-01	1.0780657130e-01	1.1252214507e-01	1.1856729350e-01	1.1856729350e-01	1.1856729350e-01	1.1856729350e-01	1.2868745929e-01	1.3122790020e-01	1.3122790020e-01	1.3122790020e-01	1.3677527386e-01	1.4000900599e-01	1.4000900599e-01	1.4000900599e-01	1.4816706953e-01	1.5186122273e-01	1.5186122273e-01	1.5817454253e-01	1.5817454253e-01	1.5893866335e-01	1.5893866335e-01	1.6809430068e-01	1.6809430068e-01	1.6809430068e-01	1.7393358217e-01	1.7393358217e-01	1.7393358217e-01	1.7970188877e-01	
340	0.0	-4.1447917377e-03	-4.1447917377e-03	-4.1447917377e-03	-1.0162777549e-02	-1.0162777549e-02	-1.0162777549e-02	-1.0162777549e-02	-1.1904780439e-02	-1.1904780439e-02	-1.1904780439e-02	-1.1904780439e-02	-1.0745089527e-02	-1.0745089527e-02	-1.0745089527e-02	-1.0745089527e-02	-6.9376006623e-03	-6.9376006623e-03	-6.9376006623e-03	-6.9376006623e-03	-1.0133809318e-03	-1.0133809318e-03	-1.0133809318e-03	-1.0133809318e-03	5.2678649052e-03	5.2678649052e-03	5.2678649052e-03	5.2678649052e-03	8.7657638839e-03	1.3488375240e-02	1.3488375240e-02	1.3488375240e-02	2.0960211509e-02	2.0960211509e-02	2.3795940566e-02	2.3795940566e-02	2.3795940566e-02	3.1018301953e-02	3.1018301953e-02	3.1018301953e-02	3.1018301953e-02	3.7943909313e-02	3.7943909313e-02	3.7943909313e-02	3.7943909313e-02	4.1214606997e-02	4.7381417019e-02	4.7381417019e-02	4.7381417019e-02	5.4142733417e-02	5.4142733417e-02	5.7502885200e-02	5.7502885200e-02	5.7502885200e-02	6.5022350785e-02	6.5022350785e-02	6.5022350785e-02	6.9259723301e-02	7.2748121508e-02	7.2748121508e-02	7.2748121508e-02	8.1360023206e-02	8.1360023206e-02	8.7734453438e-02	8.7734453438e-02	8.7734453438e-02	9.2204082118e-02	9.5338906608e-02	9.5338906608e-02	9.5338906608e-02	1.0457991775e-01	1.0780656963e-01	1.0780656963e-01	1.0780656963e-01	1.1252214411e-01	1.1856729244e-01	1.1856729244e-01	1.1856729244e-01	1.1856729244e-01	1.2868745972e-01	1.3122790056e-01	1.3122790056e-01	1.3122790056e-01	1.3677527506e-01	1.4000900707e-01	1.4000900707e-01	1.4000900707e-01	1.4816707175e-01	1.5186122467e-01	1.5186122467e-01	1.5817454537e-01	1.5817454537e-01	1.5893866592e-01	1.5893866592e-01	1.6809430469e-01	1.6809430469e-01	1.6809430469e-01	1.7393358653e-01	1.7393358653e-01	1.7393358653e-01	1.7970189417e-01	
341	0.0	-4.1447951911e-03	-4.1447951911e-03	-4.1447951911e-03	-1.0162781853e-02	-1.0162781853e-02	-1.0162781853e-02	-1.0162781853e-02	-1.1904785067e-02	-1.1904785067e-02	-1.1904785067e-02	-1.1904785067e-02	-1.0745094172e-02	-1.0745094172e-02	-1.0745094172e-02	-1.0745094172e-02	-6.9376051560e-03	-6.9376051560e-03	-6.9376051560e-03	-6.9376051560e-03	-1.0133853871e-03	-1.0133853871e-03	-1.0133853871e-03	-1.0133853871e-03	5.2678602277e-03	5.2678602277e-03	5.2678602277e-03	5.2678602277e-03	8.7657588010e-03	1.3488370328e-02	1.3488370328e-02	1.3488370328e-02	2.0960205556e-02	2.0960205556e-02	2.3795934684e-02	2.3795934684e-02	2.3795934684e-02	3.1018295801e-02	3.1018295801e-02	3.1018295801e-02	3.1018295801e-02	3.7943903212e-02	3.7943903212e-02	3.7943903212e-02	3.7943903212e-02	4.1214601076e-02	4.7381411189e-02	4.7381411189e-02	4.7381411189e-02	5.4142727846e-02	5.4142727846e-02	5.7502879642e-02	5.7502879642e-02	5.7502879642e-02	6.5022345533e-02	6.5022345533e-02	6.5022345533e-02	6.9259718476e-02	7.2748116676e-02	7.2748116676e-02	7.2748116676e-02	8.1360019319e-02	8.1360019319e-02	8.7734449512e-02	8.7734449512e-02	8.7734449512e-02	9.2204078701e-02	9.5338903160e-02	9.5338903160e-02	9.5338903160e-02	1.0457991551e-01	1.0780656735e-01	1.0780656735e-01	1.0780656735e-01	1.1252214245e-01	1.1856729065e-01	1.1856729065e-01	1.1856729065e-01	1.1856729065e-01	1.2868745928e-01	1.3122790003e-01	1.3122790003e-01	1.3122790003e-01	1.3677527528e-01	1.4000900714e-01	1.4000900714e-01	1.4000900714e-01	1.4816707286e-01	1.5186122548e-01	1.5186122548e-01	1.5817454699e-01	1.5817454699e-01	1.5893866729e-01	1.5893866729e-01	1.6809430735e-01	1.6809430735e-01	1.6809430735e-01	1.7393358949e-01	1.7393358949e-01	1.7393358949e-01	1.7970189812e-01	
342	0.0	-4.1447982453e-03	-4.1447982453e-03	-4.1447982453e-03	-1.0162785590e-02	-1.0162785590e-02	-1.0162785590e-02	-1.0162785590e-02	-1.1904789063e-02	-1.1904789063e-02	-1.1904789063e-02	-1.1904789063e-02	-1.0745098170e-02	-1.0745098170e-02	-1.0745098170e-02	-1.0745098170e-02	-6.9376090266e-03	-6.9376090266e-03	-6.9376090266e-03	-6.9376090266e-03	-1.0133892679e-03	-1.0133892679e-03	-1.0133892679e-03	-1.0133892679e-03	5.2678560664e-03	5.2678560664e-03	5.2678560664e-03	5.2678560664e-03	8.7657541847e-03	1.3488365860e-02	1.3488365860e-02	1.3488365860e-02	2.0960199947e-02	2.0960199947e-02	2.3795929128e-02	2.3795929128e-02	2.3795929128e-02	3.1018289907e-02	3.1018289907e-02	3.1018289907e-02	3.1018289907e-02	3.7943897302e-02	3.7943897302e-02	3.7943897302e-02	3.7943897302e-02	4.1214595300e-02	4.7381405468e-02	4.7381405468e-02	4.7381405468e-02	5.4142722286e-02	5.4142722286e-02	5.7502874081e-02	5.7502874081e-02	5.7502874081e-02	6.5022340206e-02	6.5022340206e-02	6.5022340206e-02	6.9259713518e-02	7.2748111696e-02	7.2748111696e-02	7.2748111696e-02	8.1360015167e-02	8.1360015167e-02	8.7734445292e-02	8.7734445292e-02	8.7734445292e-02	9.2204074931e-02	9.5338899343e-02	9.5338899343e-02	9.5338899343e-02	1.0457991276e-01	1.0780656455e-01	1.0780656455e-01	1.0780656455e-01	1.1252214022e-01	1.1856728825e-01	1.1856728825e-01	1.1856728825e-01	1.1856728825e-01	1.2868745807e-01	1.3122789872e-01	1.3122789872e-01	1.3122789872e-01	1.3677527464e-01	1.4000900634e-01	1.4000900634e-01	1.4000900634e-01	1.4816707301e-01	1.5186122530e-01	1.5186122530e-01	1.5817454756e-01	1.5817454756e-01	1.5893866759e-01	1.5893866759e-01	1.6809430892e-01	1.6809430892e-01	1.6809430892e-01	1.7393359131e-01	1.7393359131e-01	1.7393359131e-01	1.7970190085e-01	
343	0.0	-4.1448008845e-03	-4.1448008845e-03	-4.1448008845e-03	-1.0162788744e-02	-1.0162788744e-02	-1.0162788744e-02	-1.0162788744e-02	-1.1904792411e-02	-1.1904792411e-02	-1.1904792411e-02	-1.1904792411e-02	-1.0745101506e-02	-1.0745101506e-02	-1.0745101506e-02	-1.0745101506e-02	-6.9376122588e-03	-6.9376122588e-03	-6.9376122588e-03	-6.9376122588e-03	-1.0133925567e-03	-1.0133925567e-03	-1.0133925567e-03	-1.0133925567e-03	5.2678524442e-03	5.2678524442e-03	5.2678524442e-03	5.2678524442e-03	8.7657500648e-03	1.3488361865e-02	1.3488361865e-02	1.3488361865e-02	2.0960194727e-02	2.0960194727e-02	2.3795923947e-02	2.3795923947e-02	2.3795923947e-02	3.1018284323e-02	3.1018284323e-02	3.1018284323e-02	3.1018284323e-02	3.7943891640e-02	3.7943891640e-02	3.7943891640e-02	3.7943891640e-02	4.1214589728e-02	4.7381399914e-02	4.7381399914e-02	4.7381399914e-02	5.4142716796e-02	5.4142716796e-02	5.7502868575e-02	5.7502868575e-02	5.7502868575e-02	6.5022334864e-02	6.5022334864e-02	6.5022334864e-02	6.9259708483e-02	7.2748106625e-02	7.2748106625e-02	7.2748106625e-02	8.1360010802e-02	8.1360010802e-02	8.7734440832e-02	8.7734440832e-02	8.7734440832e-02	9.2204070856e-02	9.5338895207e-02	9.5338895207e-02	9.5338895207e-02	1.0457990956e-01	1.0780656128e-01	1.0780656128e-01	1.0780656128e-01	1.1252213744e-01	1.1856728528e-01	1.1856728528e-01	1.1856728528e-01	1.1856728528e-01	1.2868745614e-01	1.3122789667e-01	1.3122789667e-01	1.3122789667e-01	1.3677527316e-01	1.4000900470e-01	1.4000900470e-01	1.4000900470e-01	1.4816707219e-01	1.5186122415e-01	1.5186122415e-01	1.5817454707e-01	1.5817454707e-01	1.5893866683e-01	1.5893866683e-01	1.6809430927e-01	1.6809430927e-01	1.6809430927e-01	1.7393359185e-01	1.7393359185e-01	1.7393359185e-01	1.7970190225e-01	
344	0.0	-4.1448030998e-03	-4.1448030998e-03	-4.1448030998e-03	-1.0162791309e-02	-1.0162791309e-02	-1.0162791309e-02	-1.0162791309e-02	-1.1904795105e-02	-1.1904795105e-02	-1.1904795105e-02	-1.1904795105e-02	-1.0745104176e-02	-1.0745104176e-02	-1.0745104176e-02	-1.0745104176e-02	-6.9376148487e-03	-6.9376148487e-03	-6.9376148487e-03	-6.9376148487e-03	-1.0133952464e-03	-1.0133952464e-03	-1.0133952464e-03	-1.0133952464e-03	5.2678493750e-03	5.2678493750e-03	5.2678493750e-03	5.2678493750e-03	8.7657464634e-03	1.3488358366e-02	1.3488358366e-02	1.3488358366e-02	2.0960189938e-02	2.0960189938e-02	2.3795919180e-02	2.3795919180e-02	2.3795919180e-02	3.1018279099e-02	3.1018279099e-02	3.1018279099e-02	3.1018279099e-02	3.7943886284e-02	3.7943886284e-02	3.7943886284e-02	3.7943886284e-02	4.1214584420e-02	4.7381394590e-02	4.7381394590e-02	4.7381394590e-02	5.4142711451e-02	5.4142711451e-02	5.7502863200e-02	5.7502863200e-02	5.7502863200e-02	6.5022329587e-02	6.5022329587e-02	6.5022329587e-02	6.9259703459e-02	7.2748101549e-02	7.2748101549e-02	7.2748101549e-02	8.1360006319e-02	8.1360006319e-02	8.7734436229e-02	8.7734436229e-02	8.7734436229e-02	9.2204066579e-02	9.5338890855e-02	9.5338890855e-02	9.5338890855e-02	1.0457990600e-01	1.0780655765e-01	1.0780655765e-01	1.0780655765e-01	1.1252213423e-01	1.1856728185e-01	1.1856728185e-01	1.1856728185e-01	1.1856728185e-01	1.2868745360e-01	1.3122789400e-01	1.3122789400e-01	1.3122789400e-01	1.3677527099e-01	1.4000900234e-01	1.4000900234e-01	1.4000900234e-01	1.4816707056e-01	1.5186122218e-01	1.5186122218e-01	1.5817454567e-01	1.5817454567e-01	1.5893866518e-01	1.5893866518e-01	1.6809430868e-01	1.6809430868e-01	1.6809430868e-01	1.7393359140e-01	1.7393359140e-01	1.7393359140e-01	1.7970190257e-01	
345	0.0	-4.1448048861e-03	-4.1448048861e-03	-4.1448048861e-03	-1.0162793284e-02	-1.0162793284e-02	-1.0162793284e-02	-1.0162793284e-02	-1.1904797146e-02	-1.1904797146e-02	-1.1904797146e-02	-1.1904797146e-02	-1.0745106180e-02	-1.0745106180e-02	-1.0745106180e-02	-1.0745106180e-02	-6.9376167966e-03	-6.9376167966e-03	-6.9376167966e-03	-6.9376167966e-03	-1.0133973336e-03	-1.0133973336e-03	-1.0133973336e-03	-1.0133973336e-03	5.2678468686e-03	5.2678468686e-03	5.2678468686e-03	5.2678468686e-03	8.7657433980e-03	1.3488355381e-02	1.3488355381e-02	1.3488355381e-02	2.0960185615e-02	2.0960185615e-02	2.3795914863e-02	2.3795914863e-02	2.3795914863e-02	3.1018274279e-02	3.1018274279e-02	3.1018274279e-02	3.1018274279e-02	3.7943881282e-02	3.7943881282e-02	3.7943881282e-02	3.7943881282e-02	4.1214579425e-02	4.7381389548e-02	4.7381389548e-02	4.7381389548e-02	5.4142706303e-02	5.4142706303e-02	5.7502858011e-02	5.7502858011e-02	5.7502858011e-02	6.5022324432e-02	6.5022324432e-02	6.5022324432e-02	6.9259698498e-02	7.2748096526e-02	7.2748096526e-02	7.2748096526e-02	8.1360001768e-02	8.1360001768e-02	8.7734431538e-02	8.7734431538e-02	8.7734431538e-02	9.2204062151e-02	9.5338886339e-02	9.5338886339e-02	9.5338886339e-02	1.0457990215e-01	1.0780655370e-01	1.0780655370e-01	1.0780655370e-01	1.1252213064e-01	1.1856727803e-01	1.1856727803e-01	1.1856727803e-01	1.1856727803e-01	1.2868745050e-01	1.3122789076e-01	1.3122789076e-01	1.3122789076e-01	1.3677526815e-01	1.4000899931e-01	1.4000899931e-01	1.4000899931e-01	1.4816706814e-01	1.5186121940e-01	1.5186121940e-01	1.5817454339e-01	1.5817454339e-01	1.5893866263e-01	1.5893866263e-01	1.6809430704e-01	1.6809430704e-01	1.6809430704e-01	1.7393358984e-01	1.7393358984e-01	1.7393358984e-01	1.7970190171e-01	
346	0.0	-4.1448062489e-03	-4.1448062489e-03	-4.1448062489e-03	-1.0162794683e-02	-1.0162794683e-02	-1.0162794683e-02	-1.0162794683e-02	-1.1904798550e-02	-1.1904798550e-02	-1.1904798550e-02	-1.1904798550e-02	-1.0745107537e-02	-1.0745107537e-02	-1.0745107537e-02	-1.0745107537e-02	-6.9376181202e-03	-6.9376181202e-03	-6.9376181202e-03	-6.9376181202e-03	-1.0133988327e-03	-1.0133988327e-03	-1.0133988327e-03	-1.0133988327e-03	5.2678449179e-03	5.2678449179e-03	5.2678449179e-03	5.2678449179e-03	8.7657408698e-03	1.3488352909e-02	1.3488352909e-02	1.3488352909e-02	2.0960181777e-02	2.0960181777e-02	2.3795911018e-02	2.3795911018e-02	2.3795911018e-02	3.1018269894e-02	3.1018269894e-02	3.1018269894e-02	3.1018269894e-02	3.7943876671e-02	3.7943876671e-02	3.7943876671e-02	3.7943876671e-02	4.1214574788e-02	4.7381384833e-02	4.7381384833e-02	4.7381384833e-02	5.4142701414e-02	5.4142701414e-02	5.7502853069e-02	5.7502853069e-02	5.7502853069e-02	6.5022319468e-02	6.5022319468e-02	6.5022319468e-02	6.9259693676e-02	7.2748091632e-02	7.2748091632e-02	7.2748091632e-02	8.1359997240e-02	8.1359997240e-02	8.7734426850e-02	8.7734426850e-02	8.7734426850e-02	9.2204057670e-02	9.5338881762e-02	9.5338881762e-02	9.5338881762e-02	1.0457989811e-01	1.0780654956e-01	1.0780654956e-01	1.0780654956e-01	1.1252212678e-01	1.1856727393e-01	1.1856727393e-01	1.1856727393e-01	1.1856727393e-01	1.2868744698e-01	1.3122788710e-01	1.3122788710e-01	1.3122788710e-01	1.3677526481e-01	1.4000899577e-01	1.4000899577e-01	1.4000899577e-01	1.4816706511e-01	1.5186121602e-01	1.5186121602e-01	1.5817454042e-01	1.5817454042e-01	1.5893865941e-01	1.5893865941e-01	1.6809430466e-01	1.6809430466e-01	1.6809430466e-01	1.7393358751e-01	1.7393358751e-01	1.7393358751e-01	1.7970190000e-01	
347	0.0	-4.1448071921e-03	-4.1448071921e-03	-4.1448071921e-03	-1.0162795516e-02	-1.0162795516e-02	-1.0162795516e-02	-1.0162795516e-02	-1.1904799331e-02	-1.1904799331e-02	-1.1904799331e-02	-1.1904799331e-02	-1.0745108260e-02	-1.0745108260e-02	-1.0745108260e-02	-1.0745108260e-02	-6.9376188312e-03	-6.9376188312e-03	-6.9376188312e-03	-6.9376188312e-03	-1.0133997509e-03	-1.0133997509e-03	-1.0133997509e-03	-1.0133997509e-03	5.2678435229e-03	5.2678435229e-03	5.2678435229e-03	5.2678435229e-03	8.7657388864e-03	1.3488350962e-02	1.3488350962e-02	1.3488350962e-02	2.0960178451e-02	2.0960178451e-02	2.3795907672e-02	2.3795907672e-02	2.3795907672e-02	3.1018265980e-02	3.1018265980e-02	3.1018265980e-02	3.1018265980e-02	3.7943872494e-02	3.7943872494e-02	3.7943872494e-02	3.7943872494e-02	4.1214570551e-02	4.7381380493e-02	4.7381380493e-02	4.7381380493e-02	5.4142696831e-02	5.4142696831e-02	5.7502848424e-02	5.7502848424e-02	5.7502848424e-02	6.5022314748e-02	6.5022314748e-02	6.5022314748e-02	6.9259689046e-02	7.2748086920e-02	7.2748086920e-02	7.2748086920e-02	8.1359992785e-02	8.1359992785e-02	8.7734422219e-02	8.7734422219e-02	8.7734422219e-02	9.2204053190e-02	9.5338877178e-02	9.5338877178e-02	9.5338877178e-02	1.0457989394e-01	1.0780654527e-01	1.0780654527e-01	1.0780654527e-01	1.1252212272e-01	1.1856726960e-01	1.1856726960e-01	1.1856726960e-01	1.1856726960e-01	1.2868744308e-01	1.3122788306e-01	1.3122788306e-01	1.3122788306e-01	1.3677526100e-01	1.4000899176e-01	1.4000899176e-01	1.4000899176e-01	1.4816706149e-01	1.5186121206e-01	1.5186121206e-01	1.5817453677e-01	1.5817453677e-01	1.5893865553e-01	1.5893865553e-01	1.6809430146e-01	1.6809430146e-01	1.6809430146e-01	1.7393358431e-01	1.7393358431e-01	1.7393358431e-01	1.7970189734e-01	
348	0.0	-4.1448077286e-03	-4.1448077286e-03	-4.1448077286e-03	-1.0162795805e-02	-1.0162795805e-02	-1.0162795805e-02	-1.0162795805e-02	-1.1904799515e-02	-1.1904799515e-02	-1.1904799515e-02	-1.1904799515e-02	-1.0745108377e-02	-1.0745108377e-02	-1.0745108377e-02	-1.0745108377e-02	-6.9376189568e-03	-6.9376189568e-03	-6.9376189568e-03	-6.9376189568e-03	-1.0134001106e-03	-1.0134001106e-03	-1.0134001106e-03	-1.0134001106e-03	5.2678426691e-03	5.2678426691e-03	5.2678426691e-03	5.2678426691e-03	8.7657374415e-03	1.3488349532e-02	1.3488349532e-02	1.3488349532e-02	2.0960175650e-02	2.0960175650e-02	2.3795904838e-02	2.3795904838e-02	2.3795904838e-02	3.1018262562e-02	3.1018262562e-02	3.1018262562e-02	3.1018262562e-02	3.7943868783e-02	3.7943868783e-02	3.7943868783e-02	3.7943868783e-02	4.1214566752e-02	4.7381376568e-02	4.7381376568e-02	4.7381376568e-02	5.4142692610e-02	5.4142692610e-02	5.7502844133e-02	5.7502844133e-02	5.7502844133e-02	6.5022310335e-02	6.5022310335e-02	6.5022310335e-02	6.9259684677e-02	7.2748082462e-02	7.2748082462e-02	7.2748082462e-02	8.1359988487e-02	8.1359988487e-02	8.7734417735e-02	8.7734417735e-02	8.7734417735e-02	9.2204048803e-02	9.5338872682e-02	9.5338872682e-02	9.5338872682e-02	1.0457988973e-01	1.0780654095e-01	1.0780654095e-01	1.0780654095e-01	1.1252211856e-01	1.1856726518e-01	1.1856726518e-01	1.1856726518e-01	1.1856726518e-01	1.2868743895e-01	1.3122787878e-01	1.3122787878e-01	1.3122787878e-01	1.3677525687e-01	1.4000898743e-01	1.4000898743e-01	1.4000898743e-01	1.4816705746e-01	1.5186120769e-01	1.5186120769e-01	1.5817453264e-01	1.5817453264e-01	1.5893865118e-01	1.5893865118e-01	1.6809429773e-01	1.6809429773e-01	1.6809429773e-01	1.7393358054e-01	1.7393358054e-01	1.7393358054e-01	1.7970189403e-01	
349	0.0	-4.1448078776e-03	-4.1448078776e-03	-4.1448078776e-03	-1.0162795582e-02	-1.0162795582e-02	-1.0162795582e-02	-1.0162795582e-02	-1.1904799137e-02	-1.1904799137e-02	-1.1904799137e-02	-1.1904799137e-02	-1.0745107926e-02	-1.0745107926e-02	-1.0745107926e-02	-1.0745107926e-02	-6.9376185326e-03	-6.9376185326e-03	-6.9376185326e-03	-6.9376185326e-03	-1.0133999432e-03	-1.0133999432e-03	-1.0133999432e-03	-1.0133999432e-03	5.2678423314e-03	5.2678423314e-03	5.2678423314e-03	5.2678423314e-03	8.7657365174e-03	1.3488348604e-02	1.3488348604e-02	1.3488348604e-02	2.0960173373e-02	2.0960173373e-02	2.3795902518e-02	2.3795902518e-02	2.3795902518e-02	3.1018259647e-02	3.1018259647e-02	3.1018259647e-02	3.1018259647e-02	3.7943865550e-02	3.7943865550e-02	3.7943865550e-02	3.7943865550e-02	4.1214563406e-02	4.7381373076e-02	4.7381373076e-02	4.7381373076e-02	5.4142688771e-02	5.4142688771e-02	5.7502840219e-02	5.7502840219e-02	5.7502840219e-02	6.5022306256e-02	6.5022306256e-02	6.5022306256e-02	6.9259680597e-02	7.2748078289e-02	7.2748078289e-02	7.2748078289e-02	8.1359984377e-02	8.1359984377e-02	8.7734413429e-02	8.7734413429e-02	8.7734413429e-02	9.2204044545e-02	9.5338868309e-02	9.5338868309e-02	9.5338868309e-02	1.0457988553e-01	1.0780653663e-01	1.0780653663e-01	1.0780653663e-01	1.1252211434e-01	1.1856726069e-01	1.1856726069e-01	1.1856726069e-01	1.1856726069e-01	1.2868743461e-01	1.3122787430e-01	1.3122787430e-01	1.3122787430e-01	1.3677525247e-01	1.4000898283e-01	1.4000898283e-01	1.4000898283e-01	1.4816705305e-01	1.5186120295e-01	1.5186120295e-01	1.5817452806e-01	1.5817452806e-01	1.5893864639e-01	1.5893864639e-01	1.6809429339e-01	1.6809429339e-01	1.6809429339e-01	1.7393357613e-01	1.7393357613e-01	1.7393357613e-01	1.7970188999e-01	
350	0.0	-4.1448076589e-03	-4.1448076589e-03	-4.1448076589e-03	-1.0162794877e-02	-1.0162794877e-02	-1.0162794877e-02	-1.0162794877e-02	-1.1904798235e-02	-1.1904798235e-02	-1.1904798235e-02	-1.1904798235e-02	-1.0745106942e-02	-1.0745106942e-02	-1.0745106942e-02	-1.0745106942e-02	-6.9376175932e-03	-6.9376175932e-03	-6.9376175932e-03	-6.9376175932e-03	-1.0133992783e-03	-1.0133992783e-03	-1.0133992783e-03	-1.0133992783e-03	5.2678424881e-03	5.2678424881e-03	5.2678424881e-03	5.2678424881e-03	8.7657360996e-03	1.3488348165e-02	1.3488348165e-02	1.3488348165e-02	2.0960171622e-02	2.0960171622e-02	2.3795900716e-02	2.3795900716e-02	2.3795900716e-02	3.1018257250e-02	3.1018257250e-02	3.1018257250e-02	3.1018257250e-02	3.7943862819e-02	3.7943862819e-02	3.7943862819e-02	3.7943862819e-02	4.1214560542e-02	4.7381370050e-02	4.7381370050e-02	4.7381370050e-02	5.4142685361e-02	5.4142685361e-02	5.7502836729e-02	5.7502836729e-02	5.7502836729e-02	6.5022302568e-02	6.5022302568e-02	6.5022302568e-02	6.9259676869e-02	7.2748074463e-02	7.2748074463e-02	7.2748074463e-02	8.1359980530e-02	8.1359980530e-02	8.7734409384e-02	8.7734409384e-02	8.7734409384e-02	9.2204040501e-02	9.5338864151e-02	9.5338864151e-02	9.5338864151e-02	1.0457988144e-01	1.0780653242e-01	1.0780653242e-01	1.0780653242e-01	1.1252211017e-01	1.1856725627e-01	1.1856725627e-01	1.1856725627e-01	1.1856725627e-01	1.2868743022e-01	1.3122786976e-01	1.3122786976e-01	1.3122786976e-01	1.3677524795e-01	1.4000897811e-01	1.4000897811e-01	1.4000897811e-01	1.4816704843e-01	1.5186119802e-01	1.5186119802e-01	1.5817452321e-01	1.5817452321e-01	1.5893864135e-01	1.5893864135e-01	1.6809428876e-01	1.6809428876e-01	1.6809428876e-01	1.7393357139e-01	1.7393357139e-01	1.7393357139e-01	1.7970188554e-01	
351	0.0	-4.1448070974e-03	-4.1448070974e-03	-4.1448070974e-03	-1.0162793729e-02	-1.0162793729e-02	-1.0162793729e-02	-1.0162793729e-02	-1.1904796849e-02	-1.1904796849e-02	-1.1904796849e-02	-1.1904796849e-02	-1.0745105469e-02	-1.0745105469e-02	-1.0745105469e-02	-1.0745105469e-02	-6.9376161805e-03	-6.9376161805e-03	-6.9376161805e-03	-6.9376161805e-03	-1.0133981531e-03	-1.0133981531e-03	-1.0133981531e-03	-1.0133981531e-03	5.2678431084e-03	5.2678431084e-03	5.2678431084e-03	5.2678431084e-03	8.7657361636e-03	1.3488348193e-02	1.3488348193e-02	1.3488348193e-02	2.0960170389e-02	2.0960170389e-02	2.3795899423e-02	2.3795899423e-02	2.3795899423e-02	3.1018255370e-02	3.1018255370e-02	3.1018255370e-02	3.1018255370e-02	3.7943860594e-02	3.7943860594e-02	3.7943860594e-02	3.7943860594e-02	4.1214558165e-02	4.7381367499e-02	4.7381367499e-02	4.7381367499e-02	5.4142682393e-02	5.4142682393e-02	5.7502833679e-02	5.7502833679e-02	5.7502833679e-02	6.5022299288e-02	6.5022299288e-02	6.5022299288e-02	6.9259673511e-02	7.2748071008e-02	7.2748071008e-02	7.2748071008e-02	8.1359976970e-02	8.1359976970e-02	8.7734405624e-02	8.7734405624e-02	8.7734405624e-02	9.2204036699e-02	9.5338860235e-02	9.5338860235e-02	9.5338860235e-02	1.0457987749e-01	1.0780652835e-01	1.0780652835e-01	1.0780652835e-01	1.1252210609e-01	1.1856725193e-01	1.1856725193e-01	1.1856725193e-01	1.1856725193e-01	1.2868742580e-01	1.3122786520e-01	1.3122786520e-01	1.3122786520e-01	1.3677524333e-01	1.4000897331e-01	1.4000897331e-01	1.4000897331e-01	1.4816704363e-01	1.5186119292e-01	1.5186119292e-01	1.5817451812e-01	1.5817451812e-01	1.5893863610e-01	1.5893863610e-01	1.6809428374e-01	1.6809428374e-01	1.6809428374e-01	1.7393356623e-01	1.7393356623e-01	1.7393356623e-01	1.7970188061e-01	
352	0.0	-4.1448062229e-03	-4.1448062229e-03	-4.1448062229e-03	-1.0162792182e-02	-1.0162792182e-02	-1.0162792182e-02	-1.0162792182e-02	-1.1904795029e-02	-1.1904795029e-02	-1.1904795029e-02	-1.1904795029e-02	-1.0745103559e-02	-1.0745103559e-02	-1.0745103559e-02	-1.0745103559e-02	-6.9376143440e-03	-6.9376143440e-03	-6.9376143440e-03	-6.9376143440e-03	-1.0133966124e-03	-1.0133966124e-03	-1.0133966124e-03	-1.0133966124e-03	5.2678441542e-03	5.2678441542e-03	5.2678441542e-03	5.2678441542e-03	8.7657366777e-03	1.3488348656e-02	1.3488348656e-02	1.3488348656e-02	2.0960169658e-02	2.0960169658e-02	2.3795898626e-02	2.3795898626e-02	2.3795898626e-02	3.1018254001e-02	3.1018254001e-02	3.1018254001e-02	3.1018254001e-02	3.7943858875e-02	3.7943858875e-02	3.7943858875e-02	3.7943858875e-02	4.1214556282e-02	4.7381365432e-02	4.7381365432e-02	4.7381365432e-02	5.4142679889e-02	5.4142679889e-02	5.7502831092e-02	5.7502831092e-02	5.7502831092e-02	6.5022296450e-02	6.5022296450e-02	6.5022296450e-02	6.9259670563e-02	7.2748067963e-02	7.2748067963e-02	7.2748067963e-02	8.1359973751e-02	8.1359973751e-02	8.7734402209e-02	8.7734402209e-02	8.7734402209e-02	9.2204033203e-02	9.5338856628e-02	9.5338856628e-02	9.5338856628e-02	1.0457987376e-01	1.0780652451e-01	1.0780652451e-01	1.0780652451e-01	1.1252210220e-01	1.1856724779e-01	1.1856724779e-01	1.1856724779e-01	1.1856724779e-01	1.2868742146e-01	1.3122786074e-01	1.3122786074e-01	1.3122786074e-01	1.3677523875e-01	1.4000896856e-01	1.4000896856e-01	1.4000896856e-01	1.4816703879e-01	1.5186118782e-01	1.5186118782e-01	1.5817451297e-01	1.5817451297e-01	1.5893863080e-01	1.5893863080e-01	1.6809427862e-01	1.6809427862e-01	1.6809427862e-01	1.7393356096e-01	1.7393356096e-01	1.7393356096e-01	1.7970187548e-01	
353	0.0	-4.1448050649e-03	-4.1448050649e-03	-4.1448050649e-03	-1.0162790277e-02	-1.0162790277e-02	-1.0162790277e-02	-1.0162790277e-02	-1.1904792824e-02	-1.1904792824e-02	-1.1904792824e-02	-1.1904792824e-02	-1.0745101261e-02	-1.0745101261e-02	-1.0745101261e-02	-1.0745101261e-02	-6.9376121297e-03	-6.9376121297e-03	-6.9376121297e-03	-6.9376121297e-03	-1.0133946977e-03	-1.0133946977e-03	-1.0133946977e-03	-1.0133946977e-03	5.2678455895e-03	5.2678455895e-03	5.2678455895e-03	5.2678455895e-03	8.7657376107e-03	1.3488349526e-02	1.3488349526e-02	1.3488349526e-02	2.0960169408e-02	2.0960169408e-02	2.3795898307e-02	2.3795898307e-02	2.3795898307e-02	3.1018253131e-02	3.1018253131e-02	3.1018253131e-02	3.1018253131e-02	3.7943857656e-02	3.7943857656e-02	3.7943857656e-02	3.7943857656e-02	4.1214554887e-02	4.7381363848e-02	4.7381363848e-02	4.7381363848e-02	5.4142677850e-02	5.4142677850e-02	5.7502828970e-02	5.7502828970e-02	5.7502828970e-02	6.5022294057e-02	6.5022294057e-02	6.5022294057e-02	6.9259668030e-02	7.2748065335e-02	7.2748065335e-02	7.2748065335e-02	8.1359970881e-02	8.1359970881e-02	8.7734399149e-02	8.7734399149e-02	8.7734399149e-02	9.2204030026e-02	9.5338853343e-02	9.5338853343e-02	9.5338853343e-02	1.0457987027e-01	1.0780652090e-01	1.0780652090e-01	1.0780652090e-01	1.1252209849e-01	1.1856724385e-01	1.1856724385e-01	1.1856724385e-01	1.1856724385e-01	1.2868741723e-01	1.3122785639e-01	1.3122785639e-01	1.3122785639e-01	1.3677523422e-01	1.4000896388e-01	1.4000896388e-01	1.4000896388e-01	1.4816703394e-01	1.5186118273e-01	1.5186118273e-01	1.5817450775e-01	1.5817450775e-01	1.5893862546e-01	1.5893862546e-01	1.6809427331e-01	1.6809427331e-01	1.6809427331e-01	1.7393355549e-01	1.7393355549e-01	1.7393355549e-01	1.7970187007e-01	
354	0.0	-4.1448036577e-03	-4.1448036577e-03	-4.1448036577e-03	-1.0162788065e-02	-1.0162788065e-02	-1.0162788065e-02	-1.0162788065e-02	-1.1904790289e-02	-1.1904790289e-02	-1.1904790289e-02	-1.1904790289e-02	-1.0745098630e-02	-1.0745098630e-02	-1.0745098630e-02	-1.0745098630e-02	-6.9376095927e-03	-6.9376095927e-03	-6.9376095927e-03	-6.9376095927e-03	-1.0133924597e-03	-1.0133924597e-03	-1.0133924597e-03	-1.0133924597e-03	5.2678473693e-03	5.2678473693e-03	5.2678473693e-03	5.2678473693e-03	8.7657389226e-03	1.3488350766e-02	1.3488350766e-02	1.3488350766e-02	2.0960169613e-02	2.0960169613e-02	2.3795898439e-02	2.3795898439e-02	2.3795898439e-02	3.1018252742e-02	3.1018252742e-02	3.1018252742e-02	3.1018252742e-02	3.7943856923e-02	3.7943856923e-02	3.7943856923e-02	3.7943856923e-02	4.1214553971e-02	4.7381362742e-02	4.7381362742e-02	4.7381362742e-02	5.4142676281e-02	5.4142676281e-02	5.7502827322e-02	5.7502827322e-02	5.7502827322e-02	6.5022292125e-02	6.5022292125e-02	6.5022292125e-02	6.9259665935e-02	7.2748063149e-02	7.2748063149e-02	7.2748063149e-02	8.1359968399e-02	8.1359968399e-02	8.7734396485e-02	8.7734396485e-02	8.7734396485e-02	9.2204027215e-02	9.5338850432e-02	9.5338850432e-02	9.5338850432e-02	1.0457986707e-01	1.0780651761e-01	1.0780651761e-01	1.0780651761e-01	1.1252209506e-01	1.1856724021e-01	1.1856724021e-01	1.1856724021e-01	1.1856724021e-01	1.2868741321e-01	1.3122785226e-01	1.3122785226e-01	1.3122785226e-01	1.3677522987e-01	1.4000895939e-01	1.4000895939e-01	1.4000895939e-01	1.4816702922e-01	1.5186117780e-01	1.5186117780e-01	1.5817450264e-01	1.5817450264e-01	1.5893862024e-01	1.5893862024e-01	1.6809426809e-01	1.6809426809e-01	1.6809426809e-01	1.7393355008e-01	1.7393355008e-01	1.7393355008e-01	1.7970186467e-01	
355	0.0	-4.1448020348e-03	-4.1448020348e-03	-4.1448020348e-03	-1.0162785592e-02	-1.0162785592e-02	-1.0162785592e-02	-1.0162785592e-02	-1.1904787475e-02	-1.1904787475e-02	-1.1904787475e-02	-1.1904787475e-02	-1.0745095719e-02	-1.0745095719e-02	-1.0745095719e-02	-1.0745095719e-02	-6.9376067836e-03	-6.9376067836e-03	-6.9376067836e-03	-6.9376067836e-03	-1.0133899452e-03	-1.0133899452e-03	-1.0133899452e-03	-1.0133899452e-03	5.2678494513e-03	5.2678494513e-03	5.2678494513e-03	5.2678494513e-03	8.7657405744e-03	1.3488352337e-02	1.3488352337e-02	1.3488352337e-02	2.0960170241e-02	2.0960170241e-02	2.3795898993e-02	2.3795898993e-02	2.3795898993e-02	3.1018252807e-02	3.1018252807e-02	3.1018252807e-02	3.1018252807e-02	3.7943856654e-02	3.7943856654e-02	3.7943856654e-02	3.7943856654e-02	4.1214553513e-02	4.7381362095e-02	4.7381362095e-02	4.7381362095e-02	5.4142675169e-02	5.4142675169e-02	5.7502826133e-02	5.7502826133e-02	5.7502826133e-02	6.5022290644e-02	6.5022290644e-02	6.5022290644e-02	6.9259664268e-02	7.2748061396e-02	7.2748061396e-02	7.2748061396e-02	8.1359966296e-02	8.1359966296e-02	8.7734394212e-02	8.7734394212e-02	8.7734394212e-02	9.2204024766e-02	9.5338847890e-02	9.5338847890e-02	9.5338847890e-02	1.0457986418e-01	1.0780651462e-01	1.0780651462e-01	1.0780651462e-01	1.1252209189e-01	1.1856723685e-01	1.1856723685e-01	1.1856723685e-01	1.1856723685e-01	1.2868740940e-01	1.3122784835e-01	1.3122784835e-01	1.3122784835e-01	1.3677522570e-01	1.4000895509e-01	1.4000895509e-01	1.4000895509e-01	1.4816702461e-01	1.5186117301e-01	1.5186117301e-01	1.5817449761e-01	1.5817449761e-01	1.5893861514e-01	1.5893861514e-01	1.6809426284e-01	1.6809426284e-01	1.6809426284e-01	1.7393354464e-01	1.7393354464e-01	1.7393354464e-01	1.7970185917e-01	
356	0.0	-4.1448002324e-03	-4.1448002324e-03	-4.1448002324e-03	-1.0162782909e-02	-1.0162782909e-02	-1.0162782909e-02	-1.0162782909e-02	-1.1904784438e-02	-1.1904784438e-02	-1.1904784438e-02	-1.1904784438e-02	-1.0745092587e-02	-1.0745092587e-02	-1.0745092587e-02	-1.0745092587e-02	-6.9376037581e-03	-6.9376037581e-03	-6.9376037581e-03	-6.9376037581e-03	-1.0133872060e-03	-1.0133872060e-03	-1.0133872060e-03	-1.0133872060e-03	5.2678517880e-03	5.2678517880e-03	5.2678517880e-03	5.2678517880e-03	8.7657425223e-03	1.3488354198e-02	1.3488354198e-02	1.3488354198e-02	2.0960171259e-02	2.0960171259e-02	2.3795899936e-02	2.3795899936e-02	2.3795899936e-02	3.1018253300e-02	3.1018253300e-02	3.1018253300e-02	3.1018253300e-02	3.7943856827e-02	3.7943856827e-02	3.7943856827e-02	3.7943856827e-02	4.1214553497e-02	4.7381361892e-02	4.7381361892e-02	4.7381361892e-02	5.4142674506e-02	5.4142674506e-02	5.7502825399e-02	5.7502825399e-02	5.7502825399e-02	6.5022289616e-02	6.5022289616e-02	6.5022289616e-02	6.9259663037e-02	7.2748060086e-02	7.2748060086e-02	7.2748060086e-02	8.1359964596e-02	8.1359964596e-02	8.7734392356e-02	8.7734392356e-02	8.7734392356e-02	9.2204022712e-02	9.5338845752e-02	9.5338845752e-02	9.5338845752e-02	1.0457986164e-01	1.0780651199e-01	1.0780651199e-01	1.0780651199e-01	1.1252208906e-01	1.1856723385e-01	1.1856723385e-01	1.1856723385e-01	1.1856723385e-01	1.2868740588e-01	1.3122784475e-01	1.3122784475e-01	1.3122784475e-01	1.3677522180e-01	1.4000895108e-01	1.4000895108e-01	1.4000895108e-01	1.4816702024e-01	1.5186116849e-01	1.5186116849e-01	1.5817449282e-01	1.5817449282e-01	1.5893861030e-01	1.5893861030e-01	1.6809425782e-01	1.6809425782e-01	1.6809425782e-01	1.7393353943e-01	1.7393353943e-01	1.7393353943e-01	1.7970185383e-01	
357	0.0	-4.1447982851e-03	-4.1447982851e-03	-4.1447982851e-03	-1.0162780063e-02	-1.0162780063e-02	-1.0162780063e-02	-1.0162780063e-02	-1.1904781232e-02	-1.1904781232e-02	-1.1904781232e-02	-1.1904781232e-02	-1.0745089287e-02	-1.0745089287e-02	-1.0745089287e-02	-1.0745089287e-02	-6.9376005674e-03	-6.9376005674e-03	-6.9376005674e-03	-6.9376005674e-03	-1.0133842900e-03	-1.0133842900e-03	-1.0133842900e-03	-1.0133842900e-03	5.2678543344e-03	5.2678543344e-03	5.2678543344e-03	5.2678543344e-03	8.7657447229e-03	1.3488356308e-02	1.3488356308e-02	1.3488356308e-02	2.0960172627e-02	2.0960172627e-02	2.3795901230e-02	2.3795901230e-02	2.3795901230e-02	3.1018254184e-02	3.1018254184e-02	3.1018254184e-02	3.1018254184e-02	3.7943857409e-02	3.7943857409e-02	3.7943857409e-02	3.7943857409e-02	4.1214553888e-02	4.7381362104e-02	4.7381362104e-02	4.7381362104e-02	5.4142674265e-02	5.4142674265e-02	5.7502825092e-02	5.7502825092e-02	5.7502825092e-02	6.5022289014e-02	6.5022289014e-02	6.5022289014e-02	6.9259662217e-02	7.2748059195e-02	7.2748059195e-02	7.2748059195e-02	8.1359963277e-02	8.1359963277e-02	8.7734390897e-02	8.7734390897e-02	8.7734390897e-02	9.2204021033e-02	9.5338843998e-02	9.5338843998e-02	9.5338843998e-02	1.0457985943e-01	1.0780650970e-01	1.0780650970e-01	1.0780650970e-01	1.1252208654e-01	1.1856723119e-01	1.1856723119e-01	1.1856723119e-01	1.1856723119e-01	1.2868740264e-01	1.3122784144e-01	1.3122784144e-01	1.3122784144e-01	1.3677521815e-01	1.4000894735e-01	1.4000894735e-01	1.4000894735e-01	1.4816701609e-01	1.5186116422e-01	1.5186116422e-01	1.5817448823e-01	1.5817448823e-01	1.5893860568e-01	1.5893860568e-01	1.6809425290e-01	1.6809425290e-01	1.6809425290e-01	1.7393353431e-01	1.7393353431e-01	1.7393353431e-01	1.7970184854e-01	
358	0.0	-4.1447962288e-03	-4.1447962288e-03	-4.1447962288e-03	-1.0162777103e-02	-1.0162777103e-02	-1.0162777103e-02	-1.0162777103e-02	-1.1904777910e-02	-1.1904777910e-02	-1.1904777910e-02	-1.1904777910e-02	-1.0745085873e-02	-1.0745085873e-02	-1.0745085873e-02	-1.0745085873e-02	-6.9375972648e-03	-6.9375972648e-03	-6.9375972648e-03	-6.9375972648e-03	-1.0133812474e-03	-1.0133812474e-03	-1.0133812474e-03	-1.0133812474e-03	5.2678570434e-03	5.2678570434e-03	5.2678570434e-03	5.2678570434e-03	8.7657471312e-03	1.3488358623e-02	1.3488358623e-02	1.3488358623e-02	2.0960174306e-02	2.0960174306e-02	2.3795902838e-02	2.3795902838e-02	2.3795902838e-02	3.1018255426e-02	3.1018255426e-02	3.1018255426e-02	3.1018255426e-02	3.7943858368e-02	3.7943858368e-02	3.7943858368e-02	3.7943858368e-02	4.1214554661e-02	4.7381362707e-02	4.7381362707e-02	4.7381362707e-02	5.4142674431e-02	5.4142674431e-02	5.7502825198e-02	5.7502825198e-02	5.7502825198e-02	6.5022288832e-02	6.5022288832e-02	6.5022288832e-02	6.9259661808e-02	7.2748058722e-02	7.2748058722e-02	7.2748058722e-02	8.1359962349e-02	8.1359962349e-02	8.7734389847e-02	8.7734389847e-02	8.7734389847e-02	9.2204019748e-02	9.5338842650e-02	9.5338842650e-02	9.5338842650e-02	1.0457985758e-01	1.0780650779e-01	1.0780650779e-01	1.0780650779e-01	1.1252208438e-01	1.1856722891e-01	1.1856722891e-01	1.1856722891e-01	1.1856722891e-01	1.2868739974e-01	1.3122783849e-01	1.3122783849e-01	1.3122783849e-01	1.3677521484e-01	1.4000894397e-01	1.4000894397e-01	1.4000894397e-01	1.4816701226e-01	1.5186116031e-01	1.5186116031e-01	1.5817448397e-01	1.5817448397e-01	1.5893860142e-01	1.5893860142e-01	1.6809424832e-01	1.6809424832e-01	1.6809424832e-01	1.7393352954e-01	1.7393352954e-01	1.7393352954e-01	1.7970184354e-01	
359	0.0	-4.1447940984e-03	-4.1447940984e-03	-4.1447940984e-03	-1.0162774076e-02	-1.0162774076e-02	-1.0162774076e-02	-1.0162774076e-02	-1.1904774524e-02	-1.1904774524e-02	-1.1904774524e-02	-1.1904774524e-02	-1.0745082398e-02	-1.0745082398e-02	-1.0745082398e-02	-1.0745082398e-02	-6.9375939016e-03	-6.9375939016e-03	-6.9375939016e-03	-6.9375939016e-03	-1.0133781274e-03	-1.0133781274e-03	-1.0133781274e-03	-1.0133781274e-03	5.2678598676e-03	5.2678598676e-03	5.2678598676e-03	5.2678598676e-03	8.7657497000e-03	1.3488361097e-02	1.3488361097e-02	1.3488361097e-02	2.0960176249e-02	2.0960176249e-02	2.3795904713e-02	2.3795904713e-02	2.3795904713e-02	3.1018256980e-02	3.1018256980e-02	3.1018256980e-02	3.1018256980e-02	3.7943859663e-02	3.7943859663e-02	3.7943859663e-02	3.7943859663e-02	4.1214555772e-02	4.7381363659e-02	4.7381363659e-02	4.7381363659e-02	5.4142674961e-02	5.4142674961e-02	5.7502825677e-02	5.7502825677e-02	5.7502825677e-02	6.5022289029e-02	6.5022289029e-02	6.5022289029e-02	6.9259661768e-02	7.2748058628e-02	7.2748058628e-02	7.2748058628e-02	8.1359961777e-02	8.1359961777e-02	8.7734389171e-02	8.7734389171e-02	8.7734389171e-02	9.2204018824e-02	9.5338841672e-02	9.5338841672e-02	9.5338841672e-02	1.0457985608e-01	1.0780650623e-01	1.0780650623e-01	1.0780650623e-01	1.1252208255e-01	1.1856722699e-01	1.1856722699e-01	1.1856722699e-01	1.1856722699e-01	1.2868739716e-01	1.3122783586e-01	1.3122783586e-01	1.3122783586e-01	1.3677521184e-01	1.4000894092e-01	1.4000894092e-01	1.4000894092e-01	1.4816700872e-01	1.5186115672e-01	1.5186115672e-01	1.5817447999e-01	1.5817447999e-01	1.5893859745e-01	1.5893859745e-01	1.6809424393e-01	1.6809424393e-01	1.6809424393e-01	1.7393352496e-01	1.7393352496e-01	1.7393352496e-01	1.7970183870e-01	
360	0.0	-4.1447919266e-03	-4.1447919266e-03	-4.1447919266e-03	-1.0162771026e-02	-1.0162771026e-02	-1.0162771026e-02	-1.0162771026e-02	-1.1904771122e-02	-1.1904771122e-02	-1.1904771122e-02	-1.1904771122e-02	-1.0745078912e-02	-1.0745078912e-02	-1.0745078912e-02	-1.0745078912e-02	-6.9375905247e-03	-6.9375905247e-03	-6.9375905247e-03	-6.9375905247e-03	-1.0133749744e-03	-1.0133749744e-03	-1.0133749744e-03	-1.0133749744e-03	5.2678627640e-03	5.2678627640e-03	5.2678627640e-03	5.2678627640e-03	8.7657523871e-03	1.3488363691e-02	1.3488363691e-02	1.3488363691e-02	2.0960178418e-02	2.0960178418e-02	2.3795906816e-02	2.3795906816e-02	2.3795906816e-02	3.1018258810e-02	3.1018258810e-02	3.1018258810e-02	3.1018258810e-02	3.7943861257e-02	3.7943861257e-02	3.7943861257e-02	3.7943861257e-02	4.1214557192e-02	4.7381364931e-02	4.7381364931e-02	4.7381364931e-02	5.4142675835e-02	5.4142675835e-02	5.7502826507e-02	5.7502826507e-02	5.7502826507e-02	6.5022289590e-02	6.5022289590e-02	6.5022289590e-02	6.9259662090e-02	7.2748058905e-02	7.2748058905e-02	7.2748058905e-02	8.1359961564e-02	8.1359961564e-02	8.7734388873e-02	8.7734388873e-02	8.7734388873e-02	9.2204018270e-02	9.5338841077e-02	9.5338841077e-02	9.5338841077e-02	1.0457985493e-01	1.0780650505e-01	1.0780650505e-01	1.0780650505e-01	1.1252208109e-01	1.1856722546e-01	1.1856722546e-01	1.1856722546e-01	1.1856722546e-01	1.2868739495e-01	1.3122783362e-01	1.3122783362e-01	1.3122783362e-01	1.3677520921e-01	1.4000893826e-01	1.4000893826e-01	1.4000893826e-01	1.4816700555e-01	1.5186115353e-01	1.5186115353e-01	1.5817447640e-01	1.5817447640e-01	1.5893859390e-01	1.5893859390e-01	1.6809423995e-01	1.6809423995e-01	1.6809423995e-01	1.7393352081e-01	1.7393352081e-01	1.7393352081e-01	1.7970183424e-01	
361	0.0	-4.1447897447e-03	-4.1447897447e-03	-4.1447897447e-03	-1.0162767994e-02	-1.0162767994e-02	-1.0162767994e-02	-1.0162767994e-02	-1.1904767748e-02	-1.1904767748e-02	-1.1904767748e-02	-1.1904767748e-02	-1.0745075459e-02	-1.0745075459e-02	-1.0745075459e-02	-1.0745075459e-02	-6.9375871780e-03	-6.9375871780e-03	-6.9375871780e-03	-6.9375871780e-03	-1.0133718308e-03	-1.0133718308e-03	-1.0133718308e-03	-1.0133718308e-03	5.2678656908e-03	5.2678656908e-03	5.2678656908e-03	5.2678656908e-03	8.7657551492e-03	1.3488366361e-02	1.3488366361e-02	1.3488366361e-02	2.0960180766e-02	2.0960180766e-02	2.3795909104e-02	2.3795909104e-02	2.3795909104e-02	3.1018260871e-02	3.1018260871e-02	3.1018260871e-02	3.1018260871e-02	3.7943863107e-02	3.7943863107e-02	3.7943863107e-02	3.7943863107e-02	4.1214558873e-02	4.7381366479e-02	4.7381366479e-02	4.7381366479e-02	5.4142677008e-02	5.4142677008e-02	5.7502827644e-02	5.7502827644e-02	5.7502827644e-02	6.5022290470e-02	6.5022290470e-02	6.5022290470e-02	6.9259662728e-02	7.2748059508e-02	7.2748059508e-02	7.2748059508e-02	8.1359961665e-02	8.1359961665e-02	8.7734388909e-02	8.7734388909e-02	8.7734388909e-02	9.2204018043e-02	9.5338840821e-02	9.5338840821e-02	9.5338840821e-02	1.0457985410e-01	1.0780650419e-01	1.0780650419e-01	1.0780650419e-01	1.1252207994e-01	1.1856722427e-01	1.1856722427e-01	1.1856722427e-01	1.1856722427e-01	1.2868739306e-01	1.3122783172e-01	1.3122783172e-01	1.3122783172e-01	1.3677520691e-01	1.4000893595e-01	1.4000893595e-01	1.4000893595e-01	1.4816700270e-01	1.5186115069e-01	1.5186115069e-01	1.5817447314e-01	1.5817447314e-01	1.5893859070e-01	1.5893859070e-01	1.6809423623e-01	1.6809423623e-01	1.6809423623e-01	1.7393351692e-01	1.7393351692e-01	1.7393351692e-01	1.7970183002e-01	
362	0.0	-4.1447875830e-03	-4.1447875830e-03	-4.1447875830e-03	-1.0162765020e-02	-1.0162765020e-02	-1.0162765020e-02	-1.0162765020e-02	-1.1904764448e-02	-1.1904764448e-02	-1.1904764448e-02	-1.1904764448e-02	-1.0745072084e-02	-1.0745072084e-02	-1.0745072084e-02	-1.0745072084e-02	-6.9375839050e-03	-6.9375839050e-03	-6.9375839050e-03	-6.9375839050e-03	-1.0133687387e-03	-1.0133687387e-03	-1.0133687387e-03	-1.0133687387e-03	5.2678686059e-03	5.2678686059e-03	5.2678686059e-03	5.2678686059e-03	8.7657579439e-03	1.3488369068e-02	1.3488369068e-02	1.3488369068e-02	2.0960183251e-02	2.0960183251e-02	2.3795911534e-02	2.3795911534e-02	2.3795911534e-02	3.1018263120e-02	3.1018263120e-02	3.1018263120e-02	3.1018263120e-02	3.7943865173e-02	3.7943865173e-02	3.7943865173e-02	3.7943865173e-02	4.1214560780e-02	4.7381368266e-02	4.7381368266e-02	4.7381368266e-02	5.4142678450e-02	5.4142678450e-02	5.7502829058e-02	5.7502829058e-02	5.7502829058e-02	6.5022291644e-02	6.5022291644e-02	6.5022291644e-02	6.9259663664e-02	7.2748060417e-02	7.2748060417e-02	7.2748060417e-02	8.1359962074e-02	8.1359962074e-02	8.7734389273e-02	8.7734389273e-02	8.7734389273e-02	9.2204018144e-02	9.5338840902e-02	9.5338840902e-02	9.5338840902e-02	1.0457985361e-01	1.0780650368e-01	1.0780650368e-01	1.0780650368e-01	1.1252207914e-01	1.1856722345e-01	1.1856722345e-01	1.1856722345e-01	1.1856722345e-01	1.2868739154e-01	1.3122783021e-01	1.3122783021e-01	1.3122783021e-01	1.3677520499e-01	1.4000893405e-01	1.4000893405e-01	1.4000893405e-01	1.4816700025e-01	1.5186114828e-01	1.5186114828e-01	1.5817447030e-01	1.5817447030e-01	1.5893858795e-01	1.5893858795e-01	1.6809423298e-01	1.6809423298e-01	1.6809423298e-01	1.7393351351e-01	1.7393351351e-01	1.7393351351e-01	1.7970182625e-01	
363	0.0	-4.1447854678e-03	-4.1447854678e-03	-4.1447854678e-03	-1.0162762137e-02	-1.0162762137e-02	-1.0162762137e-02	-1.0162762137e-02	-1.1904761257e-02	-1.1904761257e-02	-1.1904761257e-02	-1.1904761257e-02	-1.0745068823e-02	-1.0745068823e-02	-1.0745068823e-02	-1.0745068823e-02	-6.9375807411e-03	-6.9375807411e-03	-6.9375807411e-03	-6.9375807411e-03	-1.0133657330e-03	-1.0133657330e-03	-1.0133657330e-03	-1.0133657330e-03	5.2678714739e-03	5.2678714739e-03	5.2678714739e-03	5.2678714739e-03	8.7657607334e-03	1.3488371774e-02	1.3488371774e-02	1.3488371774e-02	2.0960185829e-02	2.0960185829e-02	2.3795914062e-02	2.3795914062e-02	2.3795914062e-02	3.1018265514e-02	3.1018265514e-02	3.1018265514e-02	3.1018265514e-02	3.7943867408e-02	3.7943867408e-02	3.7943867408e-02	3.7943867408e-02	4.1214562865e-02	4.7381370249e-02	4.7381370249e-02	4.7381370249e-02	5.4142680113e-02	5.4142680113e-02	5.7502830702e-02	5.7502830702e-02	5.7502830702e-02	6.5022293065e-02	6.5022293065e-02	6.5022293065e-02	6.9259664848e-02	7.2748061585e-02	7.2748061585e-02	7.2748061585e-02	8.1359962743e-02	8.1359962743e-02	8.7734389914e-02	8.7734389914e-02	8.7734389914e-02	9.2204018522e-02	9.5338841273e-02	9.5338841273e-02	9.5338841273e-02	1.0457985340e-01	1.0780650347e-01	1.0780650347e-01	1.0780650347e-01	1.1252207863e-01	1.1856722295e-01	1.1856722295e-01	1.1856722295e-01	1.1856722295e-01	1.2868739033e-01	1.3122782902e-01	1.3122782902e-01	1.3122782902e-01	1.3677520340e-01	1.4000893248e-01	1.4000893248e-01	1.4000893248e-01	1.4816699812e-01	1.5186114623e-01	1.5186114623e-01	1.5817446781e-01	1.5817446781e-01	1.5893858555e-01	1.5893858555e-01	1.6809423001e-01	1.6809423001e-01	1.6809423001e-01	1.7393351040e-01	1.7393351040e-01	1.7393351040e-01	1.7970182276e-01	
364	0.0	-4.1447834246e-03	-4.1447834246e-03	-4.1447834246e-03	-1.0162759378e-02	-1.0162759378e-02	-1.0162759378e-02	-1.0162759378e-02	-1.1904758210e-02	-1.1904758210e-02	-1.1904758210e-02	-1.1904758210e-02	-1.0745065714e-02	-1.0745065714e-02	-1.0745065714e-02	-1.0745065714e-02	-6.9375777219e-03	-6.9375777219e-03	-6.9375777219e-03	-6.9375777219e-03	-1.0133628483e-03	-1.0133628483e-03	-1.0133628483e-03	-1.0133628483e-03	5.2678742590e-03	5.2678742590e-03	5.2678742590e-03	5.2678742590e-03	8.7657634804e-03	1.3488374442e-02	1.3488374442e-02	1.3488374442e-02	2.0960188460e-02	2.0960188460e-02	2.3795916650e-02	2.3795916650e-02	2.3795916650e-02	3.1018268010e-02	3.1018268010e-02	3.1018268010e-02	3.1018268010e-02	3.7943869773e-02	3.7943869773e-02	3.7943869773e-02	3.7943869773e-02	4.1214565093e-02	4.7381372389e-02	4.7381372389e-02	4.7381372389e-02	5.4142681966e-02	5.4142681966e-02	5.7502832544e-02	5.7502832544e-02	5.7502832544e-02	6.5022294704e-02	6.5022294704e-02	6.5022294704e-02	6.9259666259e-02	7.2748062989e-02	7.2748062989e-02	7.2748062989e-02	8.1359963659e-02	8.1359963659e-02	8.7734390823e-02	8.7734390823e-02	8.7734390823e-02	9.2204019172e-02	9.5338841926e-02	9.5338841926e-02	9.5338841926e-02	1.0457985349e-01	1.0780650356e-01	1.0780650356e-01	1.0780650356e-01	1.1252207842e-01	1.1856722278e-01	1.1856722278e-01	1.1856722278e-01	1.1856722278e-01	1.2868738948e-01	1.3122782819e-01	1.3122782819e-01	1.3122782819e-01	1.3677520217e-01	1.4000893130e-01	1.4000893130e-01	1.4000893130e-01	1.4816699640e-01	1.5186114460e-01	1.5186114460e-01	1.5817446575e-01	1.5817446575e-01	1.5893858360e-01	1.5893858360e-01	1.6809422752e-01	1.6809422752e-01	1.6809422752e-01	1.7393350778e-01	1.7393350778e-01	1.7393350778e-01	1.7970181976e-01	
365	0.0	-4.1447814743e-03	-4.1447814743e-03	-4.1447814743e-03	-1.0162756769e-02	-1.0162756769e-02	-1.0162756769e-02	-1.0162756769e-02	-1.1904755335e-02	-1.1904755335e-02	-1.1904755335e-02	-1.1904755335e-02	-1.0745062784e-02	-1.0745062784e-02	-1.0745062784e-02	-1.0745062784e-02	-6.9375748740e-03	-6.9375748740e-03	-6.9375748740e-03	-6.9375748740e-03	-1.0133601117e-03	-1.0133601117e-03	-1.0133601117e-03	-1.0133601117e-03	5.2678769327e-03	5.2678769327e-03	5.2678769327e-03	5.2678769327e-03	8.7657661531e-03	1.3488377043e-02	1.3488377043e-02	1.3488377043e-02	2.0960191106e-02	2.0960191106e-02	2.3795919257e-02	2.3795919257e-02	2.3795919257e-02	3.1018270567e-02	3.1018270567e-02	3.1018270567e-02	3.1018270567e-02	3.7943872224e-02	3.7943872224e-02	3.7943872224e-02	3.7943872224e-02	4.1214567418e-02	4.7381374642e-02	4.7381374642e-02	4.7381374642e-02	5.4142683962e-02	5.4142683962e-02	5.7502834535e-02	5.7502834535e-02	5.7502834535e-02	6.5022296512e-02	6.5022296512e-02	6.5022296512e-02	6.9259667846e-02	7.2748064577e-02	7.2748064577e-02	7.2748064577e-02	8.1359964771e-02	8.1359964771e-02	8.7734391944e-02	8.7734391944e-02	8.7734391944e-02	9.2204020040e-02	9.5338842806e-02	9.5338842806e-02	9.5338842806e-02	1.0457985381e-01	1.0780650389e-01	1.0780650389e-01	1.0780650389e-01	1.1252207847e-01	1.1856722288e-01	1.1856722288e-01	1.1856722288e-01	1.1856722288e-01	1.2868738890e-01	1.3122782765e-01	1.3122782765e-01	1.3122782765e-01	1.3677520125e-01	1.4000893044e-01	1.4000893044e-01	1.4000893044e-01	1.4816699499e-01	1.5186114331e-01	1.5186114331e-01	1.5817446403e-01	1.5817446403e-01	1.5893858200e-01	1.5893858200e-01	1.6809422533e-01	1.6809422533e-01	1.6809422533e-01	1.7393350547e-01	1.7393350547e-01	1.7393350547e-01	1.7970181705e-01	
366	0.0	-4.1447796359e-03	-4.1447796359e-03	-4.1447796359e-03	-1.0162754334e-02	-1.0162754334e-02	-1.0162754334e-02	-1.0162754334e-02	-1.1904752659e-02	-1.1904752659e-02	-1.1904752659e-02	-1.1904752659e-02	-1.0745060058e-02	-1.0745060058e-02	-1.0745060058e-02	-1.0745060058e-02	-6.9375722227e-03	-6.9375722227e-03	-6.9375722227e-03	-6.9375722227e-03	-1.0133575485e-03	-1.0133575485e-03	-1.0133575485e-03	-1.0133575485e-03	5.2678794679e-03	5.2678794679e-03	5.2678794679e-03	5.2678794679e-03	8.7657687219e-03	1.3488379546e-02	1.3488379546e-02	1.3488379546e-02	2.0960193730e-02	2.0960193730e-02	2.3795921851e-02	2.3795921851e-02	2.3795921851e-02	3.1018273149e-02	3.1018273149e-02	3.1018273149e-02	3.1018273149e-02	3.7943874726e-02	3.7943874726e-02	3.7943874726e-02	3.7943874726e-02	4.1214569806e-02	4.7381376974e-02	4.7381376974e-02	4.7381376974e-02	5.4142686069e-02	5.4142686069e-02	5.7502836647e-02	5.7502836647e-02	5.7502836647e-02	6.5022298462e-02	6.5022298462e-02	6.5022298462e-02	6.9259669586e-02	7.2748066328e-02	7.2748066328e-02	7.2748066328e-02	8.1359966065e-02	8.1359966065e-02	8.7734393265e-02	8.7734393265e-02	8.7734393265e-02	9.2204021118e-02	9.5338843906e-02	9.5338843906e-02	9.5338843906e-02	1.0457985437e-01	1.0780650448e-01	1.0780650448e-01	1.0780650448e-01	1.1252207878e-01	1.1856722326e-01	1.1856722326e-01	1.1856722326e-01	1.1856722326e-01	1.2868738864e-01	1.3122782743e-01	1.3122782743e-01	1.3122782743e-01	1.3677520067e-01	1.4000892993e-01	1.4000892993e-01	1.4000892993e-01	1.4816699396e-01	1.5186114241e-01	1.5186114241e-01	1.5817446273e-01	1.5817446273e-01	1.5893858082e-01	1.5893858082e-01	1.6809422361e-01	1.6809422361e-01	1.6809422361e-01	1.7393350366e-01	1.7393350366e-01	1.7393350366e-01	1.7970181483e-01	
367	0.0	-4.1447779257e-03	-4.1447779257e-03	-4.1447779257e-03	-1.0162752091e-02	-1.0162752091e-02	-1.0162752091e-02	-1.0162752091e-02	-1.1904750201e-02	-1.1904750201e-02	-1.1904750201e-02	-1.1904750201e-02	-1.0745057557e-02	-1.0745057557e-02	-1.0745057557e-02	-1.0745057557e-02	-6.9375697886e-03	-6.9375697886e-03	-6.9375697886e-03	-6.9375697886e-03	-1.0133551801e-03	-1.0133551801e-03	-1.0133551801e-03	-1.0133551801e-03	5.2678818402e-03	5.2678818402e-03	5.2678818402e-03	5.2678818402e-03	8.7657711589e-03	1.3488381924e-02	1.3488381924e-02	1.3488381924e-02	2.0960196298e-02	2.0960196298e-02	2.3795924393e-02	2.3795924393e-02	2.3795924393e-02	3.1018275715e-02	3.1018275715e-02	3.1018275715e-02	3.1018275715e-02	3.7943877233e-02	3.7943877233e-02	3.7943877233e-02	3.7943877233e-02	4.1214572212e-02	4.7381379339e-02	4.7381379339e-02	4.7381379339e-02	5.4142688239e-02	5.4142688239e-02	5.7502838827e-02	5.7502838827e-02	5.7502838827e-02	6.5022300501e-02	6.5022300501e-02	6.5022300501e-02	6.9259671425e-02	7.2748068184e-02	7.2748068184e-02	7.2748068184e-02	8.1359967485e-02	8.1359967485e-02	8.7734394725e-02	8.7734394725e-02	8.7734394725e-02	9.2204022344e-02	9.5338845162e-02	9.5338845162e-02	9.5338845162e-02	1.0457985511e-01	1.0780650525e-01	1.0780650525e-01	1.0780650525e-01	1.1252207928e-01	1.1856722385e-01	1.1856722385e-01	1.1856722385e-01	1.1856722385e-01	1.2868738861e-01	1.3122782746e-01	1.3122782746e-01	1.3122782746e-01	1.3677520035e-01	1.4000892969e-01	1.4000892969e-01	1.4000892969e-01	1.4816699321e-01	1.5186114182e-01	1.5186114182e-01	1.5817446173e-01	1.5817446173e-01	1.5893857995e-01	1.5893857995e-01	1.6809422216e-01	1.6809422216e-01	1.6809422216e-01	1.7393350212e-01	1.7393350212e-01	1.7393350212e-01	1.7970181290e-01	
368	0.0	-4.1447763559e-03	-4.1447763559e-03	-4.1447763559e-03	-1.0162750055e-02	-1.0162750055e-02	-1.0162750055e-02	-1.0162750055e-02	-1.1904747976e-02	-1.1904747976e-02	-1.1904747976e-02	-1.1904747976e-02	-1.0745055297e-02	-1.0745055297e-02	-1.0745055297e-02	-1.0745055297e-02	-6.9375675860e-03	-6.9375675860e-03	-6.9375675860e-03	-6.9375675860e-03	-1.0133530216e-03	-1.0133530216e-03	-1.0133530216e-03	-1.0133530216e-03	5.2678840324e-03	5.2678840324e-03	5.2678840324e-03	5.2678840324e-03	8.7657734437e-03	1.3488384158e-02	1.3488384158e-02	1.3488384158e-02	2.0960198781e-02	2.0960198781e-02	2.3795926857e-02	2.3795926857e-02	2.3795926857e-02	3.1018278235e-02	3.1018278235e-02	3.1018278235e-02	3.1018278235e-02	3.7943879719e-02	3.7943879719e-02	3.7943879719e-02	3.7943879719e-02	4.1214574609e-02	4.7381381709e-02	4.7381381709e-02	4.7381381709e-02	5.4142690447e-02	5.4142690447e-02	5.7502841051e-02	5.7502841051e-02	5.7502841051e-02	6.5022302605e-02	6.5022302605e-02	6.5022302605e-02	6.9259673344e-02	7.2748070127e-02	7.2748070127e-02	7.2748070127e-02	8.1359969019e-02	8.1359969019e-02	8.7734396313e-02	8.7734396313e-02	8.7734396313e-02	9.2204023713e-02	9.5338846568e-02	9.5338846568e-02	9.5338846568e-02	1.0457985602e-01	1.0780650621e-01	1.0780650621e-01	1.0780650621e-01	1.1252207999e-01	1.1856722466e-01	1.1856722466e-01	1.1856722466e-01	1.1856722466e-01	1.2868738884e-01	1.3122782775e-01	1.3122782775e-01	1.3122782775e-01	1.3677520032e-01	1.4000892975e-01	1.4000892975e-01	1.4000892975e-01	1.4816699279e-01	1.5186114156e-01	1.5186114156e-01	1.5817446110e-01	1.5817446110e-01	1.5893857947e-01	1.5893857947e-01	1.6809422115e-01	1.6809422115e-01	1.6809422115e-01	1.7393350104e-01	1.7393350104e-01	1.7393350104e-01	1.7970181144e-01	
369	0.0	-4.1447749357e-03	-4.1447749357e-03	-4.1447749357e-03	-1.0162748235e-02	-1.0162748235e-02	-1.0162748235e-02	-1.0162748235e-02	-1.1904745994e-02	-1.1904745994e-02	-1.1904745994e-02	-1.1904745994e-02	-1.0745053286e-02	-1.0745053286e-02	-1.0745053286e-02	-1.0745053286e-02	-6.9375656240e-03	-6.9375656240e-03	-6.9375656240e-03	-6.9375656240e-03	-1.0133510833e-03	-1.0133510833e-03	-1.0133510833e-03	-1.0133510833e-03	5.2678860309e-03	5.2678860309e-03	5.2678860309e-03	5.2678860309e-03	8.7657755587e-03	1.3488386229e-02	1.3488386229e-02	1.3488386229e-02	2.0960201152e-02	2.0960201152e-02	2.3795929215e-02	2.3795929215e-02	2.3795929215e-02	3.1018280677e-02	3.1018280677e-02	3.1018280677e-02	3.1018280677e-02	3.7943882146e-02	3.7943882146e-02	3.7943882146e-02	3.7943882146e-02	4.1214576958e-02	4.7381384045e-02	4.7381384045e-02	4.7381384045e-02	5.4142692649e-02	5.4142692649e-02	5.7502843275e-02	5.7502843275e-02	5.7502843275e-02	6.5022304728e-02	6.5022304728e-02	6.5022304728e-02	6.9259675294e-02	7.2748072107e-02	7.2748072107e-02	7.2748072107e-02	8.1359970615e-02	8.1359970615e-02	8.7734397974e-02	8.7734397974e-02	8.7734397974e-02	9.2204025167e-02	9.5338848066e-02	9.5338848066e-02	9.5338848066e-02	1.0457985706e-01	1.0780650729e-01	1.0780650729e-01	1.0780650729e-01	1.1252208083e-01	1.1856722561e-01	1.1856722561e-01	1.1856722561e-01	1.1856722561e-01	1.2868738925e-01	1.3122782823e-01	1.3122782823e-01	1.3122782823e-01	1.3677520049e-01	1.4000893002e-01	1.4000893002e-01	1.4000893002e-01	1.4816699261e-01	1.5186114155e-01	1.5186114155e-01	1.5817446073e-01	1.5817446073e-01	1.5893857924e-01	1.5893857924e-01	1.6809422037e-01	1.6809422037e-01	1.6809422037e-01	1.7393350021e-01	1.7393350021e-01	1.7393350021e-01	1.7970181023e-01	
370	0.0	-4.1447736727e-03	-4.1447736727e-03	-4.1447736727e-03	-1.0162746640e-02	-1.0162746640e-02	-1.0162746640e-02	-1.0162746640e-02	-1.1904744263e-02	-1.1904744263e-02	-1.1904744263e-02	-1.1904744263e-02	-1.0745051532e-02	-1.0745051532e-02	-1.0745051532e-02	-1.0745051532e-02	-6.9375639112e-03	-6.9375639112e-03	-6.9375639112e-03	-6.9375639112e-03	-1.0133493751e-03	-1.0133493751e-03	-1.0133493751e-03	-1.0133493751e-03	5.2678878231e-03	5.2678878231e-03	5.2678878231e-03	5.2678878231e-03	8.7657774880e-03	1.3488388122e-02	1.3488388122e-02	1.3488388122e-02	2.0960203389e-02	2.0960203389e-02	2.3795931443e-02	2.3795931443e-02	2.3795931443e-02	3.1018283015e-02	3.1018283015e-02	3.1018283015e-02	3.1018283015e-02	3.7943884488e-02	3.7943884488e-02	3.7943884488e-02	3.7943884488e-02	4.1214579236e-02	4.7381386322e-02	4.7381386322e-02	4.7381386322e-02	5.4142694822e-02	5.4142694822e-02	5.7502845474e-02	5.7502845474e-02	5.7502845474e-02	6.5022306847e-02	6.5022306847e-02	6.5022306847e-02	6.9259677256e-02	7.2748074105e-02	7.2748074105e-02	7.2748074105e-02	8.1359972260e-02	8.1359972260e-02	8.7734399695e-02	8.7734399695e-02	8.7734399695e-02	9.2204026698e-02	9.5338849645e-02	9.5338849645e-02	9.5338849645e-02	1.0457985821e-01	1.0780650849e-01	1.0780650849e-01	1.0780650849e-01	1.1252208181e-01	1.1856722672e-01	1.1856722672e-01	1.1856722672e-01	1.1856722672e-01	1.2868738986e-01	1.3122782892e-01	1.3122782892e-01	1.3122782892e-01	1.3677520089e-01	1.4000893053e-01	1.4000893053e-01	1.4000893053e-01	1.4816699271e-01	1.5186114183e-01	1.5186114183e-01	1.5817446068e-01	1.5817446068e-01	1.5893857933e-01	1.5893857933e-01	1.6809421999e-01	1.6809421999e-01	1.6809421999e-01	1.7393349979e-01	1.7393349979e-01	1.7393349979e-01	1.7970180944e-01	
371	0.0	-4.1447725698e-03	-4.1447725698e-03	-4.1447725698e-03	-1.0162745270e-02	-1.0162745270e-02	-1.0162745270e-02	-1.0162745270e-02	-1.1904742783e-02	-1.1904742783e-02	-1.1904742783e-02	-1.1904742783e-02	-1.0745050036e-02	-1.0745050036e-02	-1.0745050036e-02	-1.0745050036e-02	-6.9375624473e-03	-6.9375624473e-03	-6.9375624473e-03	-6.9375624473e-03	-1.0133478987e-03	-1.0133478987e-03	-1.0133478987e-03	-1.0133478987e-03	5.2678894037e-03	5.2678894037e-03	5.2678894037e-03	5.2678894037e-03	8.7657792222e-03	1.3488389827e-02	1.3488389827e-02	1.3488389827e-02	2.0960205472e-02	2.0960205472e-02	2.3795933523e-02	2.3795933523e-02	2.3795933523e-02	3.1018285224e-02	3.1018285224e-02	3.1018285224e-02	3.1018285224e-02	3.7943886717e-02	3.7943886717e-02	3.7943886717e-02	3.7943886717e-02	4.1214581410e-02	4.7381388508e-02	4.7381388508e-02	4.7381388508e-02	5.4142696927e-02	5.4142696927e-02	5.7502847611e-02	5.7502847611e-02	5.7502847611e-02	6.5022308920e-02	6.5022308920e-02	6.5022308920e-02	6.9259679187e-02	7.2748076074e-02	7.2748076074e-02	7.2748076074e-02	8.1359973904e-02	8.1359973904e-02	8.7734401423e-02	8.7734401423e-02	8.7734401423e-02	9.2204028249e-02	9.5338851249e-02	9.5338851249e-02	9.5338851249e-02	1.0457985942e-01	1.0780650975e-01	1.0780650975e-01	1.0780650975e-01	1.1252208287e-01	1.1856722791e-01	1.1856722791e-01	1.1856722791e-01	1.1856722791e-01	1.2868739059e-01	1.3122782973e-01	1.3122782973e-01	1.3122782973e-01	1.3677520145e-01	1.4000893119e-01	1.4000893119e-01	1.4000893119e-01	1.4816699298e-01	1.5186114229e-01	1.5186114229e-01	1.5817446082e-01	1.5817446082e-01	1.5893857963e-01	1.5893857963e-01	1.6809421978e-01	1.6809421978e-01	1.6809421978e-01	1.7393349956e-01	1.7393349956e-01	1.7393349956e-01	1.7970180887e-01	
372	0.0	-4.1447716290e-03	-4.1447716290e-03	-4.1447716290e-03	-1.0162744126e-02	-1.0162744126e-02	-1.0162744126e-02	-1.0162744126e-02	-1.1904741555e-02	-1.1904741555e-02	-1.1904741555e-02	-1.1904741555e-02	-1.0745048797e-02	-1.0745048797e-02	-1.0745048797e-02	-1.0745048797e-02	-6.9375612327e-03	-6.9375612327e-03	-6.9375612327e-03	-6.9375612327e-03	-1.0133466558e-03	-1.0133466558e-03	-1.0133466558e-03	-1.0133466558e-03	5.2678907680e-03	5.2678907680e-03	5.2678907680e-03	5.2678907680e-03	8.7657807535e-03	1.3488391336e-02	1.3488391336e-02	1.3488391336e-02	2.0960207385e-02	2.0960207385e-02	2.3795935438e-02	2.3795935438e-02	2.3795935438e-02	3.1018287286e-02	3.1018287286e-02	3.1018287286e-02	3.1018287286e-02	3.7943888815e-02	3.7943888815e-02	3.7943888815e-02	3.7943888815e-02	4.1214583464e-02	4.7381390584e-02	4.7381390584e-02	4.7381390584e-02	5.4142698949e-02	5.4142698949e-02	5.7502849667e-02	5.7502849667e-02	5.7502849667e-02	6.5022310931e-02	6.5022310931e-02	6.5022310931e-02	6.9259681071e-02	7.2748078001e-02	7.2748078001e-02	7.2748078001e-02	8.1359975540e-02	8.1359975540e-02	8.7734403149e-02	8.7734403149e-02	8.7734403149e-02	9.2204029817e-02	9.5338852872e-02	9.5338852872e-02	9.5338852872e-02	1.0457986068e-01	1.0780651108e-01	1.0780651108e-01	1.0780651108e-01	1.1252208402e-01	1.1856722919e-01	1.1856722919e-01	1.1856722919e-01	1.1856722919e-01	1.2868739146e-01	1.3122783068e-01	1.3122783068e-01	1.3122783068e-01	1.3677520217e-01	1.4000893202e-01	1.4000893202e-01	1.4000893202e-01	1.4816699347e-01	1.5186114296e-01	1.5186114296e-01	1.5817446123e-01	1.5817446123e-01	1.5893858017e-01	1.5893858017e-01	1.6809421990e-01	1.6809421990e-01	1.6809421990e-01	1.7393349967e-01	1.7393349967e-01	1.7393349967e-01	1.7970180866e-01	
373	0.0	-4.1447708482e-03	-4.1447708482e-03	-4.1447708482e-03	-1.0162743202e-02	-1.0162743202e-02	-1.0162743202e-02	-1.0162743202e-02	-1.1904740571e-02	-1.1904740571e-02	-1.1904740571e-02	-1.1904740571e-02	-1.0745047808e-02	-1.0745047808e-02	-1.0745047808e-02	-1.0745047808e-02	-6.9375602604e-03	-6.9375602604e-03	-6.9375602604e-03	-6.9375602604e-03	-1.0133456413e-03	-1.0133456413e-03	-1.0133456413e-03	-1.0133456413e-03	5.2678919176e-03	5.2678919176e-03	5.2678919176e-03	5.2678919176e-03	8.7657820791e-03	1.3488392646e-02	1.3488392646e-02	1.3488392646e-02	2.0960209117e-02	2.0960209117e-02	2.3795937175e-02	2.3795937175e-02	2.3795937175e-02	3.1018289184e-02	3.1018289184e-02	3.1018289184e-02	3.1018289184e-02	3.7943890758e-02	3.7943890758e-02	3.7943890758e-02	3.7943890758e-02	4.1214585373e-02	4.7381392523e-02	4.7381392523e-02	4.7381392523e-02	5.4142700856e-02	5.4142700856e-02	5.7502851609e-02	5.7502851609e-02	5.7502851609e-02	6.5022312844e-02	6.5022312844e-02	6.5022312844e-02	6.9259682871e-02	7.2748079845e-02	7.2748079845e-02	7.2748079845e-02	8.1359977123e-02	8.1359977123e-02	8.7734404825e-02	8.7734404825e-02	8.7734404825e-02	9.2204031350e-02	9.5338854462e-02	9.5338854462e-02	9.5338854462e-02	1.0457986195e-01	1.0780651241e-01	1.0780651241e-01	1.0780651241e-01	1.1252208518e-01	1.1856723049e-01	1.1856723049e-01	1.1856723049e-01	1.1856723049e-01	1.2868739239e-01	1.3122783169e-01	1.3122783169e-01	1.3122783169e-01	1.3677520298e-01	1.4000893294e-01	1.4000893294e-01	1.4000893294e-01	1.4816699407e-01	1.5186114375e-01	1.5186114375e-01	1.5817446176e-01	1.5817446176e-01	1.5893858084e-01	1.5893858084e-01	1.6809422015e-01	1.6809422015e-01	1.6809422015e-01	1.7393349991e-01	1.7393349991e-01	1.7393349991e-01	1.7970180860e-01	
374	0.0	-4.1447702244e-03	-4.1447702244e-03	-4.1447702244e-03	-1.0162742492e-02	-1.0162742492e-02	-1.0162742492e-02	-1.0162742492e-02	-1.1904739824e-02	-1.1904739824e-02	-1.1904739824e-02	-1.1904739824e-02	-1.0745047061e-02	-1.0745047061e-02	-1.0745047061e-02	-1.0745047061e-02	-6.9375595234e-03	-6.9375595234e-03	-6.9375595234e-03	-6.9375595234e-03	-1.0133448503e-03	-1.0133448503e-03	-1.0133448503e-03	-1.0133448503e-03	5.2678928544e-03	5.2678928544e-03	5.2678928544e-03	5.2678928544e-03	8.7657831984e-03	1.3488393756e-02	1.3488393756e-02	1.3488393756e-02	2.0960210659e-02	2.0960210659e-02	2.3795938727e-02	2.3795938727e-02	2.3795938727e-02	3.1018290905e-02	3.1018290905e-02	3.1018290905e-02	3.1018290905e-02	3.7943892537e-02	3.7943892537e-02	3.7943892537e-02	3.7943892537e-02	4.1214587128e-02	4.7381394316e-02	4.7381394316e-02	4.7381394316e-02	5.4142702638e-02	5.4142702638e-02	5.7502853429e-02	5.7502853429e-02	5.7502853429e-02	6.5022314649e-02	6.5022314649e-02	6.5022314649e-02	6.9259684579e-02	7.2748081600e-02	7.2748081600e-02	7.2748081600e-02	8.1359978650e-02	8.1359978650e-02	8.7734406449e-02	8.7734406449e-02	8.7734406449e-02	9.2204032849e-02	9.5338856019e-02	9.5338856019e-02	9.5338856019e-02	1.0457986323e-01	1.0780651374e-01	1.0780651374e-01	1.0780651374e-01	1.1252208637e-01	1.1856723181e-01	1.1856723181e-01	1.1856723181e-01	1.1856723181e-01	1.2868739340e-01	1.3122783278e-01	1.3122783278e-01	1.3122783278e-01	1.3677520390e-01	1.4000893397e-01	1.4000893397e-01	1.4000893397e-01	1.4816699483e-01	1.5186114469e-01	1.5186114469e-01	1.5817446249e-01	1.5817446249e-01	1.5893858170e-01	1.5893858170e-01	1.6809422066e-01	1.6809422066e-01	1.6809422066e-01	1.7393350043e-01	1.7393350043e-01	1.7393350043e-01	1.7970180884e-01	
375	0.0	-4.1447697514e-03	-4.1447697514e-03	-4.1447697514e-03	-1.0162741985e-02	-1.0162741985e-02	-1.0162741985e-02	-1.0162741985e-02	-1.1904739302e-02	-1.1904739302e-02	-1.1904739302e-02	-1.1904739302e-02	-1.0745046544e-02	-1.0745046544e-02	-1.0745046544e-02	-1.0745046544e-02	-6.9375590090e-03	-6.9375590090e-03	-6.9375590090e-03	-6.9375590090e-03	-1.0133442718e-03	-1.0133442718e-03	-1.0133442718e-03	-1.0133442718e-03	5.2678935860e-03	5.2678935860e-03	5.2678935860e-03	5.2678935860e-03	8.7657841150e-03	1.3488394669e-02	1.3488394669e-02	1.3488394669e-02	2.0960212007e-02	2.0960212007e-02	2.3795940087e-02	2.3795940087e-02	2.3795940087e-02	3.1018292441e-02	3.1018292441e-02	3.1018292441e-02	3.1018292441e-02	3.7943894136e-02	3.7943894136e-02	3.7943894136e-02	3.7943894136e-02	4.1214588711e-02	4.7381395943e-02	4.7381395943e-02	4.7381395943e-02	5.4142704271e-02	5.4142704271e-02	5.7502855100e-02	5.7502855100e-02	5.7502855100e-02	6.5022316317e-02	6.5022316317e-02	6.5022316317e-02	6.9259686164e-02	7.2748083231e-02	7.2748083231e-02	7.2748083231e-02	8.1359980083e-02	8.1359980083e-02	8.7734407978e-02	8.7734407978e-02	8.7734407978e-02	9.2204034269e-02	9.5338857496e-02	9.5338857496e-02	9.5338857496e-02	1.0457986446e-01	1.0780651503e-01	1.0780651503e-01	1.0780651503e-01	1.1252208753e-01	1.1856723311e-01	1.1856723311e-01	1.1856723311e-01	1.1856723311e-01	1.2868739443e-01	1.3122783388e-01	1.3122783388e-01	1.3122783388e-01	1.3677520485e-01	1.4000893502e-01	1.4000893502e-01	1.4000893502e-01	1.4816699564e-01	1.5186114568e-01	1.5186114568e-01	1.5817446329e-01	1.5817446329e-01	1.5893858262e-01	1.5893858262e-01	1.6809422122e-01	1.6809422122e-01	1.6809422122e-01	1.7393350101e-01	1.7393350101e-01	1.7393350101e-01	1.7970180918e-01	
376	0.0	-4.1447694227e-03	-4.1447694227e-03	-4.1447694227e-03	-1.0162741672e-02	-1.0162741672e-02	-1.0162741672e-02	-1.0162741672e-02	-1.1904738993e-02	-1.1904738993e-02	-1.1904738993e-02	-1.1904738993e-02	-1.0745046243e-02	-1.0745046243e-02	-1.0745046243e-02	-1.0745046243e-02	-6.9375587059e-03	-6.9375587059e-03	-6.9375587059e-03	-6.9375587059e-03	-1.0133438966e-03	-1.0133438966e-03	-1.0133438966e-03	-1.0133438966e-03	5.2678941191e-03	5.2678941191e-03	5.2678941191e-03	5.2678941191e-03	8.7657848334e-03	1.3488395389e-02	1.3488395389e-02	1.3488395389e-02	2.0960213159e-02	2.0960213159e-02	2.3795941254e-02	2.3795941254e-02	2.3795941254e-02	3.1018293786e-02	3.1018293786e-02	3.1018293786e-02	3.1018293786e-02	3.7943895552e-02	3.7943895552e-02	3.7943895552e-02	3.7943895552e-02	4.1214590119e-02	4.7381397400e-02	4.7381397400e-02	4.7381397400e-02	5.4142705752e-02	5.4142705752e-02	5.7502856620e-02	5.7502856620e-02	5.7502856620e-02	6.5022317847e-02	6.5022317847e-02	6.5022317847e-02	6.9259687627e-02	7.2748084740e-02	7.2748084740e-02	7.2748084740e-02	8.1359981428e-02	8.1359981428e-02	8.7734409419e-02	8.7734409419e-02	8.7734409419e-02	9.2204035619e-02	9.5338858902e-02	9.5338858902e-02	9.5338858902e-02	1.0457986565e-01	1.0780651629e-01	1.0780651629e-01	1.0780651629e-01	1.1252208868e-01	1.1856723439e-01	1.1856723439e-01	1.1856723439e-01	1.1856723439e-01	1.2868739549e-01	1.3122783501e-01	1.3122783501e-01	1.3122783501e-01	1.3677520586e-01	1.4000893614e-01	1.4000893614e-01	1.4000893614e-01	1.4816699657e-01	1.5186114678e-01	1.5186114678e-01	1.5817446423e-01	1.5817446423e-01	1.5893858367e-01	1.5893858367e-01	1.6809422201e-01	1.6809422201e-01	1.6809422201e-01	1.7393350182e-01	1.7393350182e-01	1.7393350182e-01	1.7970180977e-01	
377	0.0	-4.1447692279e-03	-4.1447692279e-03	-4.1447692279e-03	-1.0162741536e-02	-1.0162741536e-02	-1.0162741536e-02	-1.0162741536e-02	-1.1904738878e-02	-1.1904738878e-02	-1.1904738878e-02	-1.1904738878e-02	-1.0745046141e-02	-1.0745046141e-02	-1.0745046141e-02	-1.0745046141e-02	-6.9375585957e-03	-6.9375585957e-03	-6.9375585957e-03	-6.9375585957e-03	-1.0133437080e-03	-1.0133437080e-03	-1.0133437080e-03	-1.0133437080e-03	5.2678944672e-03	5.2678944672e-03	5.2678944672e-03	5.2678944672e-03	8.7657853635e-03	1.3488395925e-02	1.3488395925e-02	1.3488395925e-02	2.0960214118e-02	2.0960214118e-02	2.3795942229e-02	2.3795942229e-02	2.3795942229e-02	3.1018294939e-02	3.1018294939e-02	3.1018294939e-02	3.1018294939e-02	3.7943896779e-02	3.7943896779e-02	3.7943896779e-02	3.7943896779e-02	4.1214591344e-02	4.7381398677e-02	4.7381398677e-02	4.7381398677e-02	5.4142707065e-02	5.4142707065e-02	5.7502857971e-02	5.7502857971e-02	5.7502857971e-02	6.5022319216e-02	6.5022319216e-02	6.5022319216e-02	6.9259688939e-02	7.2748086098e-02	7.2748086098e-02	7.2748086098e-02	8.1359982646e-02	8.1359982646e-02	8.7734410732e-02	8.7734410732e-02	8.7734410732e-02	9.2204036854e-02	9.5338860192e-02	9.5338860192e-02	9.5338860192e-02	1.0457986677e-01	1.0780651746e-01	1.0780651746e-01	1.0780651746e-01	1.1252208975e-01	1.1856723559e-01	1.1856723559e-01	1.1856723559e-01	1.1856723559e-01	1.2868739650e-01	1.3122783610e-01	1.3122783610e-01	1.3122783610e-01	1.3677520685e-01	1.4000893722e-01	1.4000893722e-01	1.4000893722e-01	1.4816699748e-01	1.5186114785e-01	1.5186114785e-01	1.5817446517e-01	1.5817446517e-01	1.5893858472e-01	1.5893858472e-01	1.6809422278e-01	1.6809422278e-01	1.6809422278e-01	1.7393350262e-01	1.7393350262e-01	1.7393350262e-01	1.7970181037e-01	
378	0.0	-4.1447691581e-03	-4.1447691581e-03	-4.1447691581e-03	-1.0162741564e-02	-1.0162741564e-02	-1.0162741564e-02	-1.0162741564e-02	-1.1904738943e-02	-1.1904738943e-02	-1.1904738943e-02	-1.1904738943e-02	-1.0745046222e-02	-1.0745046222e-02	-1.0745046222e-02	-1.0745046222e-02	-6.9375586639e-03	-6.9375586639e-03	-6.9375586639e-03	-6.9375586639e-03	-1.0133436933e-03	-1.0133436933e-03	-1.0133436933e-03	-1.0133436933e-03	5.2678946407e-03	5.2678946407e-03	5.2678946407e-03	5.2678946407e-03	8.7657857141e-03	1.3488396285e-02	1.3488396285e-02	1.3488396285e-02	2.0960214886e-02	2.0960214886e-02	2.3795943017e-02	2.3795943017e-02	2.3795943017e-02	3.1018295901e-02	3.1018295901e-02	3.1018295901e-02	3.1018295901e-02	3.7943897818e-02	3.7943897818e-02	3.7943897818e-02	3.7943897818e-02	4.1214592387e-02	4.7381399775e-02	4.7381399775e-02	4.7381399775e-02	5.4142708212e-02	5.4142708212e-02	5.7502859155e-02	5.7502859155e-02	5.7502859155e-02	6.5022320427e-02	6.5022320427e-02	6.5022320427e-02	6.9259690109e-02	7.2748087311e-02	7.2748087311e-02	7.2748087311e-02	8.1359983752e-02	8.1359983752e-02	8.7734411928e-02	8.7734411928e-02	8.7734411928e-02	9.2204037989e-02	9.5338861379e-02	9.5338861379e-02	9.5338861379e-02	1.0457986781e-01	1.0780651856e-01	1.0780651856e-01	1.0780651856e-01	1.1252209078e-01	1.1856723674e-01	1.1856723674e-01	1.1856723674e-01	1.1856723674e-01	1.2868739751e-01	1.3122783718e-01	1.3122783718e-01	1.3122783718e-01	1.3677520785e-01	1.4000893831e-01	1.4000893831e-01	1.4000893831e-01	1.4816699846e-01	1.5186114897e-01	1.5186114897e-01	1.5817446619e-01	1.5817446619e-01	1.5893858583e-01	1.5893858583e-01	1.6809422371e-01	1.6809422371e-01	1.6809422371e-01	1.7393350358e-01	1.7393350358e-01	1.7393350358e-01	1.7970181117e-01	
379	0.0	-4.1447692016e-03	-4.1447692016e-03	-4.1447692016e-03	-1.0162741738e-02	-1.0162741738e-02	-1.0162741738e-02	-1.0162741738e-02	-1.1904739168e-02	-1.1904739168e-02	-1.1904739168e-02	-1.1904739168e-02	-1.0745046466e-02	-1.0745046466e-02	-1.0745046466e-02	-1.0745046466e-02	-6.9375588908e-03	-6.9375588908e-03	-6.9375588908e-03	-6.9375588908e-03	-1.0133438347e-03	-1.0133438347e-03	-1.0133438347e-03	-1.0133438347e-03	5.2678946549e-03	5.2678946549e-03	5.2678946549e-03	5.2678946549e-03	8.7657858977e-03	1.3488396482e-02	1.3488396482e-02	1.3488396482e-02	2.0960215471e-02	2.0960215471e-02	2.3795943621e-02	2.3795943621e-02	2.3795943621e-02	3.1018296674e-02	3.1018296674e-02	3.1018296674e-02	3.1018296674e-02	3.7943898668e-02	3.7943898668e-02	3.7943898668e-02	3.7943898668e-02	4.1214593246e-02	4.7381400690e-02	4.7381400690e-02	4.7381400690e-02	5.4142709183e-02	5.4142709183e-02	5.7502860161e-02	5.7502860161e-02	5.7502860161e-02	6.5022321467e-02	6.5022321467e-02	6.5022321467e-02	6.9259691117e-02	7.2748088360e-02	7.2748088360e-02	7.2748088360e-02	8.1359984719e-02	8.1359984719e-02	8.7734412979e-02	8.7734412979e-02	8.7734412979e-02	9.2204038993e-02	9.5338862431e-02	9.5338862431e-02	9.5338862431e-02	1.0457986876e-01	1.0780651955e-01	1.0780651955e-01	1.0780651955e-01	1.1252209172e-01	1.1856723778e-01	1.1856723778e-01	1.1856723778e-01	1.1856723778e-01	1.2868739845e-01	1.3122783818e-01	1.3122783818e-01	1.3122783818e-01	1.3677520880e-01	1.4000893934e-01	1.4000893934e-01	1.4000893934e-01	1.4816699939e-01	1.5186115004e-01	1.5186115004e-01	1.5817446718e-01	1.5817446718e-01	1.5893858690e-01	1.5893858690e-01	1.6809422458e-01	1.6809422458e-01	1.6809422458e-01	1.7393350449e-01	1.7393350449e-01	1.7393350449e-01	1.7970181194e-01	
380	0.0	-4.1447693472e-03	-4.1447693472e-03	-4.1447693472e-03	-1.0162742043e-02	-1.0162742043e-02	-1.0162742043e-02	-1.0162742043e-02	-1.1904739536e-02	-1.1904739536e-02	-1.1904739536e-02	-1.1904739536e-02	-1.0745046855e-02	-1.0745046855e-02	-1.0745046855e-02	-1.0745046855e-02	-6.9375592593e-03	-6.9375592593e-03	-6.9375592593e-03	-6.9375592593e-03	-1.0133441165e-03	-1.0133441165e-03	-1.0133441165e-03	-1.0133441165e-03	5.2678945237e-03	5.2678945237e-03	5.2678945237e-03	5.2678945237e-03	8.7657859270e-03	1.3488396527e-02	1.3488396527e-02	1.3488396527e-02	2.0960215882e-02	2.0960215882e-02	2.3795944052e-02	2.3795944052e-02	2.3795944052e-02	3.1018297266e-02	3.1018297266e-02	3.1018297266e-02	3.1018297266e-02	3.7943899337e-02	3.7943899337e-02	3.7943899337e-02	3.7943899337e-02	4.1214593930e-02	4.7381401429e-02	4.7381401429e-02	4.7381401429e-02	5.4142709989e-02	5.4142709989e-02	5.7502861000e-02	5.7502861000e-02	5.7502861000e-02	6.5022322345e-02	6.5022322345e-02	6.5022322345e-02	6.9259691977e-02	7.2748089259e-02	7.2748089259e-02	7.2748089259e-02	8.1359985562e-02	8.1359985562e-02	8.7734413902e-02	8.7734413902e-02	8.7734413902e-02	9.2204039883e-02	9.5338863366e-02	9.5338863366e-02	9.5338863366e-02	1.0457986962e-01	1.0780652046e-01	1.0780652046e-01	1.0780652046e-01	1.1252209258e-01	1.1856723875e-01	1.1856723875e-01	1.1856723875e-01	1.1856723875e-01	1.2868739936e-01	1.3122783914e-01	1.3122783914e-01	1.3122783914e-01	1.3677520973e-01	1.4000894035e-01	1.4000894035e-01	1.4000894035e-01	1.4816700034e-01	1.5186115110e-01	1.5186115110e-01	1.5817446820e-01	1.5817446820e-01	1.5893858799e-01	1.5893858799e-01	1.6809422557e-01	1.6809422557e-01	1.6809422557e-01	1.7393350551e-01	1.7393350551e-01	1.7393350551e-01	1.7970181285e-01	
381	0.0	-4.1447695820e-03	-4.1447695820e-03	-4.1447695820e-03	-1.0162742460e-02	-1.0162742460e-02	-1.0162742460e-02	-1.0162742460e-02	-1.1904740025e-02	-1.1904740025e-02	-1.1904740025e-02	-1.1904740025e-02	-1.0745047366e-02	-1.0745047366e-02	-1.0745047366e-02	-1.0745047366e-02	-6.9375597482e-03	-6.9375597482e-03	-6.9375597482e-03	-6.9375597482e-03	-1.0133445191e-03	-1.0133445191e-03	-1.0133445191e-03	-1.0133445191e-03	5.2678942645e-03	5.2678942645e-03	5.2678942645e-03	5.2678942645e-03	8.7657858173e-03	1.3488396436e-02	1.3488396436e-02	1.3488396436e-02	2.0960216129e-02	2.0960216129e-02	2.3795944319e-02	2.3795944319e-02	2.3795944319e-02	3.1018297685e-02	3.1018297685e-02	3.1018297685e-02	3.1018297685e-02	3.7943899830e-02	3.7943899830e-02	3.7943899830e-02	3.7943899830e-02	4.1214594440e-02	4.7381401994e-02	4.7381401994e-02	4.7381401994e-02	5.4142710624e-02	5.4142710624e-02	5.7502861665e-02	5.7502861665e-02	5.7502861665e-02	6.5022323054e-02	6.5022323054e-02	6.5022323054e-02	6.9259692676e-02	7.2748089992e-02	7.2748089992e-02	7.2748089992e-02	8.1359986262e-02	8.1359986262e-02	8.7734414674e-02	8.7734414674e-02	8.7734414674e-02	9.2204040634e-02	9.5338864157e-02	9.5338864157e-02	9.5338864157e-02	1.0457987036e-01	1.0780652124e-01	1.0780652124e-01	1.0780652124e-01	1.1252209334e-01	1.1856723959e-01	1.1856723959e-01	1.1856723959e-01	1.1856723959e-01	1.2868740017e-01	1.3122784000e-01	1.3122784000e-01	1.3122784000e-01	1.3677521058e-01	1.4000894126e-01	1.4000894126e-01	1.4000894126e-01	1.4816700122e-01	1.5186115209e-01	1.5186115209e-01	1.5817446916e-01	1.5817446916e-01	1.5893858901e-01	1.5893858901e-01	1.6809422646e-01	1.6809422646e-01	1.6809422646e-01	1.7393350644e-01	1.7393350644e-01	1.7393350644e-01	1.7970181369e-01	
382	0.0	-4.1447698939e-03	-4.1447698939e-03	-4.1447698939e-03	-1.0162742972e-02	-1.0162742972e-02	-1.0162742972e-02	-1.0162742972e-02	-1.1904740617e-02	-1.1904740617e-02	-1.1904740617e-02	-1.1904740617e-02	-1.0745047982e-02	-1.0745047982e-02	-1.0745047982e-02	-1.0745047982e-02	-6.9375603398e-03	-6.9375603398e-03	-6.9375603398e-03	-6.9375603398e-03	-1.0133450258e-03	-1.0133450258e-03	-1.0133450258e-03	-1.0133450258e-03	5.2678938929e-03	5.2678938929e-03	5.2678938929e-03	5.2678938929e-03	8.7657855836e-03	1.3488396221e-02	1.3488396221e-02	1.3488396221e-02	2.0960216226e-02	2.0960216226e-02	2.3795944436e-02	2.3795944436e-02	2.3795944436e-02	3.1018297943e-02	3.1018297943e-02	3.1018297943e-02	3.1018297943e-02	3.7943900160e-02	3.7943900160e-02	3.7943900160e-02	3.7943900160e-02	4.1214594791e-02	4.7381402398e-02	4.7381402398e-02	4.7381402398e-02	5.4142711104e-02	5.4142711104e-02	5.7502862173e-02	5.7502862173e-02	5.7502862173e-02	6.5022323608e-02	6.5022323608e-02	6.5022323608e-02	6.9259693231e-02	7.2748090579e-02	7.2748090579e-02	7.2748090579e-02	8.1359986840e-02	8.1359986840e-02	8.7734415317e-02	8.7734415317e-02	8.7734415317e-02	9.2204041270e-02	9.5338864828e-02	9.5338864828e-02	9.5338864828e-02	1.0457987101e-01	1.0780652193e-01	1.0780652193e-01	1.0780652193e-01	1.1252209401e-01	1.1856724035e-01	1.1856724035e-01	1.1856724035e-01	1.1856724035e-01	1.2868740093e-01	1.3122784080e-01	1.3122784080e-01	1.3122784080e-01	1.3677521139e-01	1.4000894212e-01	1.4000894212e-01	1.4000894212e-01	1.4816700209e-01	1.5186115304e-01	1.5186115304e-01	1.5817447012e-01	1.5817447012e-01	1.5893859001e-01	1.5893859001e-01	1.6809422743e-01	1.6809422743e-01	1.6809422743e-01	1.7393350744e-01	1.7393350744e-01	1.7393350744e-01	1.7970181464e-01	
383	0.0	-4.1447702702e-03	-4.1447702702e-03	-4.1447702702e-03	-1.0162743562e-02	-1.0162743562e-02	-1.0162743562e-02	-1.0162743562e-02	-1.1904741292e-02	-1.1904741292e-02	-1.1904741292e-02	-1.1904741292e-02	-1.0745048682e-02	-1.0745048682e-02	-1.0745048682e-02	-1.0745048682e-02	-6.9375610137e-03	-6.9375610137e-03	-6.9375610137e-03	-6.9375610137e-03	-1.0133456178e-03	-1.0133456178e-03	-1.0133456178e-03	-1.0133456178e-03	5.2678934262e-03	5.2678934262e-03	5.2678934262e-03	5.2678934262e-03	8.7657852418e-03	1.3488395900e-02	1.3488395900e-02	1.3488395900e-02	2.0960216185e-02	2.0960216185e-02	2.3795944414e-02	2.3795944414e-02	2.3795944414e-02	3.1018298050e-02	3.1018298050e-02	3.1018298050e-02	3.1018298050e-02	3.7943900334e-02	3.7943900334e-02	3.7943900334e-02	3.7943900334e-02	4.1214594987e-02	4.7381402645e-02	4.7381402645e-02	4.7381402645e-02	5.4142711428e-02	5.4142711428e-02	5.7502862521e-02	5.7502862521e-02	5.7502862521e-02	6.5022324003e-02	6.5022324003e-02	6.5022324003e-02	6.9259693635e-02	7.2748091010e-02	7.2748091010e-02	7.2748091010e-02	8.1359987278e-02	8.1359987278e-02	8.7734415813e-02	8.7734415813e-02	8.7734415813e-02	9.2204041767e-02	9.5338865356e-02	9.5338865356e-02	9.5338865356e-02	1.0457987153e-01	1.0780652249e-01	1.0780652249e-01	1.0780652249e-01	1.1252209457e-01	1.1856724097e-01	1.1856724097e-01	1.1856724097e-01	1.1856724097e-01	1.2868740158e-01	1.3122784148e-01	1.3122784148e-01	1.3122784148e-01	1.3677521209e-01	1.4000894288e-01	1.4000894288e-01	1.4000894288e-01	1.4816700286e-01	1.5186115389e-01	1.5186115389e-01	1.5817447098e-01	1.5817447098e-01	1.5893859091e-01	1.5893859091e-01	1.6809422827e-01	1.6809422827e-01	1.6809422827e-01	1.7393350832e-01	1.7393350832e-01	1.7393350832e-01	1.7970181548e-01	
