# Time           	e423_0           
1	4.1690590513e+00	
2	1.0762543777e+00	
3	4.8600924954e-01	
4	3.9978603638e-01	
5	4.0330767432e-01	
6	4.1005884629e-01	
7	4.1673090017e-01	
8	4.2289831454e-01	
9	4.2710311327e-01	
10	4.2833164163e-01	
11	4.2875044168e-01	
12	4.2708167595e-01	
13	4.2287485185e-01	
14	4.1749662680e-01	
15	4.1051448726e-01	
16	4.0279827587e-01	
17	3.9423713308e-01	
18	3.8595019972e-01	
19	3.7788670546e-01	
20	3.8629208601e-01	
21	4.0059949069e-01	
22	4.1486079282e-01	
23	4.2933120415e-01	
24	4.4349699721e-01	
25	4.5895659411e-01	
26	4.7377877086e-01	
27	4.8706050812e-01	
28	4.9828527809e-01	
29	5.1029158075e-01	
30	5.1750702983e-01	
31	5.2177052131e-01	
32	5.2190537840e-01	
33	5.1782682713e-01	
34	5.0933631791e-01	
35	4.9858235015e-01	
36	4.8773388640e-01	
37	4.6947719868e-01	
38	4.4957289646e-01	
39	4.2738139306e-01	
40	4.0664961390e-01	
41	3.8908765044e-01	
42	3.7198338894e-01	
43	3.5238235431e-01	
44	3.3485475154e-01	
45	3.1760529979e-01	
46	3.0159956097e-01	
47	2.9905798826e-01	
48	2.9298245173e-01	
49	2.9204672053e-01	
50	2.8999004716e-01	
51	2.8655079321e-01	
52	2.8428274902e-01	
53	2.8658870801e-01	
54	2.9074985976e-01	
55	2.9700213012e-01	
56	3.0760469370e-01	
57	3.1735745514e-01	
58	3.2929915350e-01	
59	3.4143188705e-01	
60	3.5165484836e-01	
61	3.5938399832e-01	
62	3.6254520370e-01	
63	3.5825121330e-01	
64	3.5346298093e-01	
65	3.4900602112e-01	
66	3.4258416838e-01	
67	3.3556681671e-01	
68	3.3118390280e-01	
69	3.2804741434e-01	
70	3.2863106550e-01	
71	3.3192355877e-01	
72	3.3583108387e-01	
73	3.3983237994e-01	
74	3.4312161277e-01	
75	3.4484741089e-01	
76	3.4621908952e-01	
77	3.4727043585e-01	
78	3.4617772147e-01	
79	3.4465448672e-01	
80	3.4138863653e-01	
81	3.3716133317e-01	
82	3.3174437649e-01	
83	3.2519898679e-01	
84	3.1800259469e-01	
85	3.1106263348e-01	
86	3.0604622336e-01	
87	3.0050033565e-01	
88	2.9430447361e-01	
89	2.8962886441e-01	
90	2.8592386714e-01	
91	2.8338853607e-01	
92	2.8191934398e-01	
93	2.8155388304e-01	
94	2.8210893097e-01	
95	2.8393670366e-01	
96	2.8646763631e-01	
97	2.8878984102e-01	
98	2.9051506170e-01	
99	2.9218534297e-01	
100	2.9423456729e-01	
101	2.9645368819e-01	
102	2.9826194611e-01	
103	3.0024907830e-01	
104	3.0127098242e-01	
105	3.0161685960e-01	
106	3.0255380271e-01	
107	3.0287419246e-01	
108	3.0207365437e-01	
109	3.0027887151e-01	
110	2.9880324225e-01	
111	2.9837595276e-01	
112	2.9936722400e-01	
113	3.0024674439e-01	
114	3.0186371825e-01	
115	3.0411513255e-01	
116	3.0688951142e-01	
117	3.0981573050e-01	
118	3.1267413592e-01	
119	3.1548826795e-01	
120	3.1831894378e-01	
121	3.2045483872e-01	
122	3.2191453130e-01	
123	3.2190484440e-01	
124	3.2058901636e-01	
125	3.1793716296e-01	
126	3.1467644613e-01	
127	3.1068034619e-01	
128	3.0601489205e-01	
129	3.0182153084e-01	
130	2.9855999142e-01	
131	2.9681240181e-01	
132	2.9663354450e-01	
133	2.9668512575e-01	
134	2.9685799716e-01	
135	2.9844710391e-01	
136	3.0048075418e-01	
137	3.0283448680e-01	
138	3.0528033818e-01	
139	3.0776606115e-01	
140	3.1020653461e-01	
141	3.1271338717e-01	
142	3.1411474854e-01	
143	3.1400835781e-01	
144	3.1309282099e-01	
145	3.1156428350e-01	
146	3.0959019406e-01	
147	3.0707475937e-01	
148	3.0352121287e-01	
149	2.9963749451e-01	
150	2.9715651908e-01	
151	2.9559358817e-01	
152	2.9585482277e-01	
153	2.9683274970e-01	
154	2.9849574014e-01	
155	3.0104688491e-01	
156	3.0411848730e-01	
157	3.0735271386e-01	
158	3.1063561212e-01	
159	3.1382858973e-01	
160	3.1686932697e-01	
161	3.1976497242e-01	
162	3.2142679480e-01	
163	3.2158481204e-01	
164	3.2043281896e-01	
165	3.1854240841e-01	
166	3.1547387371e-01	
167	3.1150829997e-01	
168	3.0686795624e-01	
169	3.0310641381e-01	
170	3.0035757494e-01	
171	2.9874640166e-01	
172	2.9869150799e-01	
173	2.9948385815e-01	
174	3.0047501098e-01	
175	3.0241181226e-01	
176	3.0497335572e-01	
177	3.0764283468e-01	
178	3.1056165525e-01	
179	3.1301787132e-01	
180	3.1546031969e-01	
181	3.1741748524e-01	
182	3.1835044504e-01	
183	3.1777340337e-01	
184	3.1651354769e-01	
185	3.1426924580e-01	
186	3.1163264202e-01	
187	3.0812690159e-01	
188	3.0377348300e-01	
189	2.9961358318e-01	
190	2.9613297329e-01	
191	2.9557464903e-01	
192	2.9610240072e-01	
193	2.9711803952e-01	
194	2.9876503136e-01	
195	3.0126514142e-01	
196	3.0453918635e-01	
197	3.0769557692e-01	
198	3.1121976507e-01	
199	3.1470447814e-01	
200	3.1798580539e-01	
201	3.2073838346e-01	
202	3.2188500982e-01	
203	3.2132418304e-01	
204	3.1972552159e-01	
205	3.1726594171e-01	
206	3.1381475154e-01	
207	3.0943399135e-01	
208	3.0424474245e-01	
209	3.0086643071e-01	
210	2.9848028454e-01	
211	2.9763720387e-01	
212	2.9819054188e-01	
213	2.9947909164e-01	
214	3.0118092637e-01	
215	3.0361519910e-01	
216	3.0657490739e-01	
217	3.0962051758e-01	
218	3.1271013139e-01	
219	3.1542543566e-01	
220	3.1809593064e-01	
221	3.1997892991e-01	
222	3.2027184791e-01	
223	3.1940304130e-01	
224	3.1738573432e-01	
225	3.1492647198e-01	
226	3.1144663819e-01	
227	3.0696651292e-01	
228	3.0202137786e-01	
229	2.9871654638e-01	
230	2.9627866796e-01	
231	2.9631071639e-01	
232	2.9723997175e-01	
233	2.9835686900e-01	
234	3.0047177014e-01	
235	3.0355935893e-01	
236	3.0662482704e-01	
237	3.1004363617e-01	
238	3.1350196858e-01	
239	3.1653414342e-01	
240	3.1953966686e-01	
241	3.2147984804e-01	
242	3.2148042623e-01	
243	3.2021687933e-01	
244	3.1833567375e-01	
245	3.1521554471e-01	
246	3.1124001890e-01	
247	3.0635552826e-01	
248	3.0171000582e-01	
249	2.9869235431e-01	
250	2.9711933638e-01	
251	2.9738207455e-01	
252	2.9846793949e-01	
253	2.9974921175e-01	
254	3.0210981893e-01	
255	3.0529735287e-01	
256	3.0823605450e-01	
257	3.1160369040e-01	
258	3.1467915615e-01	
259	3.1752601790e-01	
260	3.2006075944e-01	
261	3.2128922265e-01	
262	3.2074171447e-01	
263	3.1915939662e-01	
264	3.1692760942e-01	
265	3.1358770196e-01	
266	3.0950520855e-01	
267	3.0425521028e-01	
268	3.0039412073e-01	
269	2.9740629201e-01	
270	2.9657769736e-01	
271	2.9723898785e-01	
272	2.9833273703e-01	
273	2.9983266995e-01	
274	3.0261918759e-01	
275	3.0578382635e-01	
276	3.0899800601e-01	
277	3.1243468256e-01	
278	3.1566375098e-01	
279	3.1865171028e-01	
280	3.2100575887e-01	
281	3.2172661415e-01	
282	3.2084357696e-01	
283	3.1898658968e-01	
284	3.1638928006e-01	
285	3.1264885273e-01	
286	3.0815750009e-01	
287	3.0286581967e-01	
288	2.9953904530e-01	
289	2.9715389189e-01	
290	2.9698223928e-01	
291	2.9776212356e-01	
292	2.9903442929e-01	
293	3.0106424780e-01	
294	3.0405694442e-01	
295	3.0712544409e-01	
296	3.1043598917e-01	
297	3.1379332972e-01	
298	3.1668771645e-01	
299	3.1955171130e-01	
300	3.2141018112e-01	
301	3.2140962572e-01	
302	3.2018177359e-01	
303	3.1818535331e-01	
304	3.1517956993e-01	
305	3.1126655494e-01	
306	3.0630535376e-01	
307	3.0147654794e-01	
308	2.9831733923e-01	
309	2.9668627594e-01	
310	2.9698551899e-01	
311	2.9805878317e-01	
312	2.9931749664e-01	
313	3.0160297557e-01	
314	3.0500722494e-01	
315	3.0797124330e-01	
316	3.1143802129e-01	
317	3.1469674083e-01	
318	3.1768549171e-01	
319	3.2035314146e-01	
320	3.2172388041e-01	
321	3.2123041048e-01	
322	3.1963783886e-01	
323	3.1741857555e-01	
324	3.1397659706e-01	
325	3.0979190111e-01	
326	3.0443888831e-01	
327	3.0061714891e-01	
328	2.9770010483e-01	
329	2.9678732646e-01	
330	2.9741986288e-01	
331	2.9857869620e-01	
332	3.0003446973e-01	
333	3.0279950228e-01	
334	3.0599091292e-01	
335	3.0921518740e-01	
336	3.1264231100e-01	
337	3.1581895872e-01	
338	3.1877714550e-01	
339	3.2108441917e-01	
340	3.2176709798e-01	
341	3.2088352953e-01	
342	3.1898447752e-01	
343	3.1639118753e-01	
344	3.1266175800e-01	
345	3.0812553627e-01	
346	3.0283534191e-01	
347	2.9948411617e-01	
348	2.9706420657e-01	
349	2.9690930418e-01	
350	2.9769221390e-01	
351	2.9895031982e-01	
352	3.0092478534e-01	
353	3.0399226572e-01	
354	3.0707718283e-01	
355	3.1039768061e-01	
356	3.1378724947e-01	
357	3.1671997238e-01	
358	3.1960297238e-01	
359	3.2148818448e-01	
360	3.2148222096e-01	
361	3.2022531180e-01	
362	3.1823863680e-01	
363	3.1517954784e-01	
364	3.1125406794e-01	
365	3.0625072337e-01	
366	3.0144573209e-01	
367	2.9829910530e-01	
368	2.9668026076e-01	
369	2.9699559220e-01	
370	2.9809517903e-01	
371	2.9938132587e-01	
372	3.0168904625e-01	
373	3.0509884677e-01	
374	3.0807652986e-01	
375	3.1154948275e-01	
376	3.1479885433e-01	
377	3.1779317760e-01	
378	3.2045344764e-01	
379	3.2179463983e-01	
380	3.2128325329e-01	
381	3.1967359525e-01	
382	3.1743593165e-01	
383	3.1396370177e-01	
384	3.0975579045e-01	
385	3.0437175964e-01	
386	3.0059205726e-01	
387	2.9770083500e-01	
388	2.9681690136e-01	
389	2.9745329467e-01	
390	2.9860663149e-01	
391	3.0007206127e-01	
392	3.0285550468e-01	
393	3.0603739377e-01	
394	3.0926908395e-01	
395	3.1268968073e-01	
396	3.1585665089e-01	
397	3.1881296902e-01	
398	3.2109524250e-01	
399	3.2174179813e-01	
400	3.2083215569e-01	
401	3.1892047898e-01	
402	3.1629998603e-01	
403	3.1256941656e-01	
404	3.0800685443e-01	
405	3.0273042988e-01	
406	2.9939721138e-01	
407	2.9699792871e-01	
408	2.9688909955e-01	
409	2.9768402385e-01	
410	2.9895705892e-01	
411	3.0095720351e-01	
412	3.0405589997e-01	
413	3.0713298065e-01	
414	3.1047348194e-01	
415	3.1386737414e-01	
416	3.1679058603e-01	
417	3.1967665937e-01	
418	3.2154673106e-01	
419	3.2149695313e-01	
420	3.2021929304e-01	
421	3.1823131838e-01	
422	3.1512618434e-01	
423	3.1119169429e-01	
424	3.0615640145e-01	
425	3.0142462863e-01	
426	2.9827076014e-01	
427	2.9670277886e-01	
428	2.9703933230e-01	
429	2.9814818608e-01	
430	2.9942920784e-01	
431	3.0176011025e-01	
432	3.0517010454e-01	
433	3.0816036206e-01	
434	3.1162792062e-01	
435	3.1486413750e-01	
436	3.1785785910e-01	
437	3.2049321205e-01	
438	3.2178877120e-01	
439	3.2124779422e-01	
440	3.1961647535e-01	
441	3.1735547521e-01	
442	3.1385947723e-01	
443	3.0963596127e-01	
444	3.0423491203e-01	
445	3.0050684239e-01	
446	2.9764818184e-01	
447	2.9681319014e-01	
448	2.9746530216e-01	
449	2.9862246156e-01	
450	3.0012293557e-01	
451	3.0293107107e-01	
452	3.0610233972e-01	
453	3.0935181284e-01	
454	3.1277191526e-01	
455	3.1592540014e-01	
456	3.1888954797e-01	
457	3.2115058579e-01	
458	3.2175546180e-01	
459	3.2081313994e-01	
460	3.1889376180e-01	
461	3.1623635639e-01	
462	3.1249023411e-01	
463	3.0790322440e-01	
464	3.0263933778e-01	
465	2.9933190554e-01	
466	2.9696726975e-01	
467	2.9690740307e-01	
468	2.9771235337e-01	
469	2.9898891294e-01	
470	3.0102392165e-01	
471	3.0414393807e-01	
472	3.0719949641e-01	
473	3.1055379560e-01	
474	3.1392886635e-01	
475	3.1683785045e-01	
476	3.1971562126e-01	
477	3.2156192177e-01	
478	3.2145652625e-01	
479	3.2016341196e-01	
480	3.1816428524e-01	
481	3.1503003238e-01	
482	3.1108358328e-01	
483	3.0602542054e-01	
484	3.0137397184e-01	
485	2.9820377389e-01	
486	2.9669474657e-01	
487	2.9705976824e-01	
488	2.9817805519e-01	
489	2.9945515921e-01	
490	3.0181341602e-01	
491	3.0522159280e-01	
492	3.0823249736e-01	
493	3.1169985378e-01	
494	3.1493811402e-01	
495	3.1793160033e-01	
496	3.2054915970e-01	
497	3.2180246026e-01	
498	3.2123475227e-01	
499	3.1957759913e-01	
500	3.1729855366e-01	
501	3.1377535086e-01	
502	3.0952714214e-01	
503	3.0411803679e-01	
504	3.0042040148e-01	
505	2.9761344157e-01	
506	2.9683519349e-01	
507	2.9749491535e-01	
508	2.9865575372e-01	
509	3.0019250579e-01	
510	3.0301952841e-01	
511	3.0617689260e-01	
512	3.0944189616e-01	
513	3.1285780226e-01	
514	3.1598860861e-01	
515	3.1896192823e-01	
516	3.2118951978e-01	
517	3.2174712543e-01	
518	3.2077077951e-01	
519	3.1884054671e-01	
520	3.1615091582e-01	
521	3.1239448661e-01	
522	3.0778374407e-01	
523	3.0253569159e-01	
524	2.9925930302e-01	
525	2.9692427302e-01	
526	2.9691067176e-01	
527	2.9772656240e-01	
528	2.9900928729e-01	
529	3.0108402771e-01	
530	3.0421923521e-01	
531	3.0725637112e-01	
532	3.1062485714e-01	
533	3.1399097836e-01	
534	3.1688971120e-01	
535	3.1975877847e-01	
536	3.2158413762e-01	
537	3.2142462308e-01	
538	3.2011459499e-01	
539	3.1810678934e-01	
540	3.1493897953e-01	
541	3.1098027074e-01	
542	3.0589854551e-01	
543	3.0132777991e-01	
544	2.9814653309e-01	
545	2.9669591430e-01	
546	2.9708717278e-01	
547	2.9821416370e-01	
548	2.9949170214e-01	
549	3.0187697023e-01	
550	3.0527576136e-01	
551	3.0830651470e-01	
552	3.1177104452e-01	
553	3.1500799880e-01	
554	3.1799544084e-01	
555	3.2059532200e-01	
556	3.2180448562e-01	
557	3.2121235130e-01	
558	3.1952858841e-01	
559	3.1722556526e-01	
560	3.1368060806e-01	
561	3.0941431613e-01	
562	3.0401136214e-01	
563	3.0032062328e-01	
564	2.9756682978e-01	
565	2.9683995710e-01	
566	2.9751228847e-01	
567	2.9867845917e-01	
568	3.0025193938e-01	
569	3.0309964948e-01	
570	3.0624406638e-01	
571	3.0952414338e-01	
572	3.1294289463e-01	
573	3.1605670165e-01	
574	3.1903677494e-01	
575	3.2123711936e-01	
576	3.2174169435e-01	
577	3.2073406139e-01	
578	3.1879582245e-01	
579	3.1607192838e-01	
580	3.1229946685e-01	
581	3.0766728538e-01	
582	3.0243470363e-01	
583	2.9919049554e-01	
584	2.9688761568e-01	
585	2.9691372789e-01	
586	2.9774709782e-01	
587	2.9903964451e-01	
588	3.0115018536e-01	
589	3.0430416651e-01	
590	3.0732099264e-01	
591	3.1070168969e-01	
592	3.1407495705e-01	
593	3.1695196333e-01	
594	3.1980602964e-01	
595	3.2160873976e-01	
596	3.2140138631e-01	
597	3.2006850944e-01	
598	3.1804430495e-01	
599	3.1484756063e-01	
600	3.1087251000e-01	
601	3.0576557178e-01	
602	3.0127607827e-01	
603	2.9808786978e-01	
604	2.9670223778e-01	
605	2.9711238674e-01	
606	2.9824146105e-01	
607	2.9952593553e-01	
608	3.0194020716e-01	
609	3.0533277419e-01	
610	3.0837953520e-01	
611	3.1184503042e-01	
612	3.1507617267e-01	
613	3.1805617837e-01	
614	3.2063940218e-01	
615	3.2179981946e-01	
616	3.2118521964e-01	
617	3.1947232541e-01	
618	3.1714511393e-01	
619	3.1357868288e-01	
620	3.0929738650e-01	
621	3.0389988975e-01	
622	3.0021936185e-01	
623	2.9751673973e-01	
624	2.9683863515e-01	
625	2.9752804408e-01	
626	2.9870253581e-01	
627	3.0031585098e-01	
628	3.0318488125e-01	
629	3.0631560581e-01	
630	3.0960485367e-01	
631	3.1303344334e-01	
632	3.1613271651e-01	
633	3.1911805572e-01	
634	3.2128649881e-01	
635	3.2173630433e-01	
636	3.2069637356e-01	
637	3.1875182748e-01	
638	3.1599002044e-01	
639	3.1220170294e-01	
640	3.0754259485e-01	
641	3.0232783108e-01	
642	2.9911367075e-01	
643	2.9685173566e-01	
644	2.9691349876e-01	
645	2.9778017540e-01	
646	2.9907473878e-01	
647	3.0121103973e-01	
648	3.0439828186e-01	
649	3.0739056289e-01	
650	3.1078244496e-01	
651	3.1416112928e-01	
652	3.1702111537e-01	
653	3.1985592325e-01	
654	3.2162973334e-01	
655	3.2137574059e-01	
656	3.2001672368e-01	
657	3.1797282723e-01	
658	3.1474711660e-01	
659	3.1075401325e-01	
660	3.0562095174e-01	
661	3.0122086975e-01	
662	2.9802677253e-01	
663	2.9670737182e-01	
664	2.9714024101e-01	
665	2.9827402922e-01	
666	2.9956859896e-01	
667	3.0201363458e-01	
668	3.0539762983e-01	
669	3.0846834889e-01	
670	3.1192872206e-01	
671	3.1515777959e-01	
672	3.1813576468e-01	
673	3.2069306112e-01	
674	3.2179899416e-01	
675	3.2115879201e-01	
676	3.1941282044e-01	
677	3.1706223544e-01	
678	3.1347632723e-01	
679	3.0916806449e-01	
680	3.0377400614e-01	
681	3.0012095027e-01	
682	2.9744828820e-01	
683	2.9683507717e-01	
684	2.9754930237e-01	
685	2.9873251781e-01	
686	3.0038855836e-01	
687	3.0328131472e-01	
688	3.0640045593e-01	
689	3.0969461385e-01	
690	3.1313036486e-01	
691	3.1621454341e-01	
692	3.1920141999e-01	
693	3.2132566664e-01	
694	3.2172099991e-01	
695	3.2064840220e-01	
696	3.1869952218e-01	
697	3.1590094070e-01	
698	3.1210019250e-01	
699	3.0740021838e-01	
700	3.0220391229e-01	
701	2.9901239703e-01	
702	2.9682001030e-01	
703	2.9691565222e-01	
704	2.9781479678e-01	
705	2.9911284619e-01	
706	3.0127091150e-01	
707	3.0449737677e-01	
708	3.0746742826e-01	
709	3.1087490479e-01	
710	3.1425636953e-01	
711	3.1711251862e-01	
712	3.1992394220e-01	
713	3.2165996723e-01	
714	3.2136210011e-01	
715	3.1998049791e-01	
716	3.1791215730e-01	
717	3.1464989895e-01	
718	3.1064289265e-01	
719	3.0547137779e-01	
720	3.0114665566e-01	
721	2.9796509329e-01	
722	2.9671299168e-01	
723	2.9716691211e-01	
724	2.9830947098e-01	
725	2.9961705529e-01	
726	3.0209230233e-01	
727	3.0546640996e-01	
728	3.0856159070e-01	
729	3.1201967656e-01	
730	3.1524671119e-01	
731	3.1821911885e-01	
732	3.2075210547e-01	
733	3.2180077159e-01	
734	3.2113233029e-01	
735	3.1935766569e-01	
736	3.1698025342e-01	
737	3.1337301340e-01	
738	3.0903370603e-01	
739	3.0364378209e-01	
740	3.0002618772e-01	
741	2.9738296095e-01	
742	2.9683138167e-01	
743	2.9756893286e-01	
744	2.9876122270e-01	
745	3.0045904303e-01	
746	3.0337735348e-01	
747	3.0649635043e-01	
748	3.0979032285e-01	
749	3.1322487700e-01	
750	3.1628917383e-01	
751	3.1927735254e-01	
752	3.2136372912e-01	
753	3.2170745215e-01	
754	3.2060122841e-01	
755	3.1864796887e-01	
756	3.1581535959e-01	
757	3.1199792783e-01	
758	3.0724921936e-01	
759	3.0208188932e-01	
760	2.9890803663e-01	
761	2.9679174991e-01	
762	2.9691722415e-01	
763	2.9785605261e-01	
764	2.9914992134e-01	
765	3.0132564515e-01	
766	3.0459038522e-01	
767	3.0754151543e-01	
768	3.1096518537e-01	
769	3.1434459161e-01	
770	3.1720248368e-01	
771	3.1999455864e-01	
772	3.2167165639e-01	
773	3.2134146398e-01	
774	3.1992869686e-01	
775	3.1783255967e-01	
776	3.1453857737e-01	
777	3.1050997179e-01	
778	3.0530836817e-01	
779	3.0105722967e-01	
780	2.9790762852e-01	
781	2.9672589983e-01	
782	2.9720986195e-01	
783	2.9835748722e-01	
784	2.9967568507e-01	
785	3.0219568299e-01	
786	3.0554815707e-01	
787	3.0867134699e-01	
788	3.1212502370e-01	
789	3.1535478675e-01	
790	3.1831760122e-01	
791	3.2082782955e-01	
792	3.2180916889e-01	
793	3.2110946328e-01	
794	3.1930854630e-01	
795	3.1689682644e-01	
796	3.1325768750e-01	
797	3.0888631812e-01	
798	3.0351124035e-01	
799	2.9993366088e-01	
800	2.9732274103e-01	
801	2.9684399296e-01	
802	2.9759189068e-01	
803	2.9879688532e-01	
804	3.0054063161e-01	
805	3.0348336541e-01	
806	3.0660530787e-01	
807	3.0989714061e-01	
808	3.1332972203e-01	
809	3.1636559419e-01	
810	3.1935018376e-01	
811	3.2139565430e-01	
812	3.2167896704e-01	
813	3.2054049788e-01	
814	3.1858118875e-01	
815	3.1571059242e-01	
816	3.1187563901e-01	
817	3.0707601046e-01	
818	3.0194551839e-01	
819	2.9878938896e-01	
820	2.9675050105e-01	
821	2.9691587084e-01	
822	2.9789640226e-01	
823	2.9918450834e-01	
824	3.0137849589e-01	
825	3.0467452119e-01	
826	3.0762945995e-01	
827	3.1106749588e-01	
828	3.1441778185e-01	
829	3.1730671368e-01	
830	3.2008377991e-01	
831	3.2169375670e-01	
832	3.2133337682e-01	
833	3.1988865811e-01	
834	3.1776446089e-01	
835	3.1443898677e-01	
836	3.1037752805e-01	
837	3.0513995305e-01	
838	3.0097510733e-01	
839	2.9786007217e-01	
840	2.9673912275e-01	
841	2.9725651930e-01	
842	2.9840923067e-01	
843	2.9974503179e-01	
844	3.0231713276e-01	
845	3.0564177141e-01	
846	3.0878577782e-01	
847	3.1223640425e-01	
848	3.1546669562e-01	
849	3.1841289863e-01	
850	3.2089740263e-01	
851	3.2181289919e-01	
852	3.2107771121e-01	
853	3.1925563843e-01	
854	3.1680176816e-01	
855	3.1313827010e-01	
856	3.0874008058e-01	
857	3.0337507913e-01	
858	2.9983938236e-01	
859	2.9726810362e-01	
860	2.9685692837e-01	
861	2.9760418502e-01	
862	2.9882719561e-01	
863	3.0061342565e-01	
864	3.0357860965e-01	
865	3.0670342091e-01	
866	3.1000281217e-01	
867	3.1342424245e-01	
868	3.1644021043e-01	
869	3.1941539023e-01	
870	3.2142450080e-01	
871	3.2164908556e-01	
872	3.2048092322e-01	
873	3.1851567404e-01	
874	3.1560919055e-01	
875	3.1175295614e-01	
876	3.0690389774e-01	
877	3.0181618970e-01	
878	2.9866299834e-01	
879	2.9671098932e-01	
880	2.9692062524e-01	
881	2.9793607679e-01	
882	2.9922033651e-01	
883	3.0143384491e-01	
884	3.0476107670e-01	
885	3.0771863389e-01	
886	3.1116398522e-01	
887	3.1447834057e-01	
888	3.1740935600e-01	
889	3.2016567954e-01	
890	3.2171916531e-01	
891	3.2132632515e-01	
892	3.1984556014e-01	
893	3.1769331257e-01	
894	3.1434176730e-01	
895	3.1024486027e-01	
896	3.0497563184e-01	
897	3.0089775823e-01	
898	2.9781277240e-01	
899	2.9674872658e-01	
900	2.9730173474e-01	
901	2.9845361800e-01	
902	2.9980824041e-01	
903	3.0244100860e-01	
904	3.0572836027e-01	
905	3.0888903757e-01	
906	3.1234000272e-01	
907	3.1556454099e-01	
908	3.1850008464e-01	
909	3.2095848162e-01	
910	3.2181340752e-01	
911	3.2104333423e-01	
912	3.1920002517e-01	
913	3.1670880501e-01	
914	3.1302661732e-01	
915	3.0858725000e-01	
916	3.0323511950e-01	
917	2.9974755501e-01	
918	2.9722136815e-01	
919	2.9687083621e-01	
920	2.9762260984e-01	
921	2.9885967404e-01	
922	3.0068694321e-01	
923	3.0367931516e-01	
924	3.0680270162e-01	
925	3.1010790094e-01	
926	3.1351776067e-01	
927	3.1651781449e-01	
928	3.1947655898e-01	
929	3.2145425961e-01	
930	3.2162178433e-01	
931	3.2043390870e-01	
932	3.1846362210e-01	
933	3.1552392669e-01	
934	3.1163933822e-01	
935	3.0674334035e-01	
936	3.0171928471e-01	
937	2.9855048348e-01	
938	2.9668769349e-01	
939	2.9693170150e-01	
940	2.9797479950e-01	
941	2.9925793303e-01	
942	3.0149205003e-01	
943	3.0484594030e-01	
944	3.0780512782e-01	
945	3.1125786220e-01	
946	3.1455277095e-01	
947	3.1750501920e-01	
948	3.2023998609e-01	
949	3.2174292052e-01	
950	3.2132047896e-01	
951	3.1980507477e-01	
952	3.1762746201e-01	
953	3.1425380369e-01	
954	3.1012491762e-01	
955	3.0482662734e-01	
956	3.0082298594e-01	
957	2.9778606679e-01	
958	2.9676180360e-01	
959	2.9733789530e-01	
960	2.9849185364e-01	
961	2.9986296324e-01	
962	3.0255274355e-01	
963	3.0580273158e-01	
964	3.0898020081e-01	
965	3.1242705138e-01	
966	3.1564407344e-01	
967	3.1858101410e-01	
968	3.2099873671e-01	
969	3.2180453831e-01	
970	3.2100091185e-01	
971	3.1913873735e-01	
972	3.1661581620e-01	
973	3.1291290896e-01	
974	3.0844322588e-01	
975	3.0310670595e-01	
976	2.9966834256e-01	
977	2.9716983388e-01	
978	2.9687886634e-01	
979	2.9764065915e-01	
980	2.9888588156e-01	
981	3.0075668859e-01	
982	3.0377771852e-01	
983	3.0689668558e-01	
984	3.1020309698e-01	
985	3.1360987707e-01	
986	3.1659376802e-01	
987	3.1953366120e-01	
988	3.2148125283e-01	
989	3.2160017410e-01	
990	3.2039030507e-01	
991	3.1841700639e-01	
992	3.1543943628e-01	
993	3.1153848476e-01	
994	3.0660272542e-01	
995	3.0164407395e-01	
996	2.9847818896e-01	
997	2.9669438002e-01	
998	2.9695584226e-01	
999	2.9801611182e-01	
1000	2.9930217804e-01	
1001	3.0155368402e-01	
1002	3.0492859892e-01	
1003	3.0788693780e-01	
1004	3.1134716404e-01	
1005	3.1462891252e-01	
1006	3.1759313819e-01	
1007	3.2030513577e-01	
1008	3.2176059301e-01	
1009	3.2131129519e-01	
1010	3.1976546156e-01	
1011	3.1756775446e-01	
1012	3.1416941321e-01	
1013	3.1001320492e-01	
1014	3.0468784810e-01	
1015	3.0075134062e-01	
1016	2.9775684008e-01	
1017	2.9677392441e-01	
1018	2.9736893535e-01	
1019	2.9852292132e-01	
1020	2.9991443722e-01	
1021	3.0264813701e-01	
1022	3.0586870106e-01	
1023	3.0906344128e-01	
1024	3.1250642028e-01	
1025	3.1571422940e-01	
1026	3.1865822328e-01	
1027	3.2103234742e-01	
1028	3.2179838987e-01	
1029	3.2096263383e-01	
1030	3.1908407786e-01	
1031	3.1653268262e-01	
1032	3.1281369541e-01	
1033	3.0832190237e-01	
1034	3.0299815940e-01	
1035	2.9959783221e-01	
1036	2.9712280320e-01	
1037	2.9688469400e-01	
1038	2.9765485541e-01	
1039	2.9890914998e-01	
1040	3.0081780712e-01	
1041	3.0386136324e-01	
1042	3.0697583095e-01	
1043	3.1028347624e-01	
1044	3.1368853447e-01	
1045	3.1665531354e-01	
1046	3.1957693652e-01	
1047	3.2150072941e-01	
1048	3.2157300076e-01	
1049	3.2034566923e-01	
1050	3.1837030805e-01	
1051	3.1535439916e-01	
1052	3.1144408810e-01	
1053	3.0647722934e-01	
1054	3.0157480647e-01	
1055	2.9841557090e-01	
1056	2.9669671378e-01	
1057	2.9697584995e-01	
1058	2.9805203001e-01	
1059	2.9933869701e-01	
1060	3.0160503636e-01	
1061	3.0499686947e-01	
1062	3.0795661723e-01	
1063	3.1142217862e-01	
1064	3.1469398498e-01	
1065	3.1766788543e-01	
1066	3.2035824746e-01	
1067	3.2177011464e-01	
1068	3.2129562062e-01	
1069	3.1972616861e-01	
1070	3.1751347202e-01	
1071	3.1408720393e-01	
1072	3.0991326833e-01	
1073	3.0456362387e-01	
1074	3.0068500687e-01	
1075	2.9772998474e-01	
1076	2.9678643309e-01	
1077	2.9739556945e-01	
1078	2.9855215021e-01	
1079	2.9996687304e-01	
1080	3.0272305130e-01	
1081	3.0593044426e-01	
1082	3.0913904843e-01	
1083	3.1257683169e-01	
1084	3.1577468431e-01	
1085	3.1872425442e-01	
1086	3.2106325048e-01	
1087	3.2178681692e-01	
1088	3.2092266078e-01	
1089	3.1902965827e-01	
1090	3.1645353941e-01	
1091	3.1272980645e-01	
1092	3.0820803302e-01	
1093	3.0290026702e-01	
1094	2.9952611864e-01	
1095	2.9707904156e-01	
1096	2.9688981343e-01	
1097	2.9766860171e-01	
1098	2.9893035006e-01	
1099	3.0087427399e-01	
1100	3.0393783351e-01	
1101	3.0704043772e-01	
1102	3.1035565078e-01	
1103	3.1375755693e-01	
1104	3.1670950221e-01	
1105	3.1961249221e-01	
1106	3.2151551288e-01	
1107	3.2154299568e-01	
1108	3.2029668061e-01	
1109	3.1831743670e-01	
1110	3.1526871341e-01	
1111	3.1134472346e-01	
1112	3.0635114682e-01	
1113	3.0150828294e-01	
1114	2.9835833730e-01	
1115	2.9669703579e-01	
1116	2.9699505400e-01	
1117	2.9808540087e-01	
1118	2.9937204151e-01	
1119	3.0166025465e-01	
1120	3.0506293205e-01	
1121	3.0803178726e-01	
1122	3.1150010709e-01	
1123	3.1475853550e-01	
1124	3.1774163633e-01	
1125	3.2041203962e-01	
1126	3.2178123740e-01	
1127	3.2128234222e-01	
1128	3.1968872098e-01	
1129	3.1745998857e-01	
1130	3.1400472461e-01	
1131	3.0981426002e-01	
1132	3.0444074642e-01	
1133	3.0061906037e-01	
1134	2.9770019765e-01	
1135	2.9679521452e-01	
1136	2.9742242843e-01	
1137	2.9857819288e-01	
1138	3.0002151769e-01	
1139	3.0279709832e-01	
1140	3.0599363477e-01	
1141	3.0921537845e-01	
1142	3.1264580236e-01	
1143	3.1582909450e-01	
1144	3.1878690957e-01	
1145	3.2109149734e-01	
1146	3.2177077702e-01	
1147	3.2087822016e-01	
1148	3.1897494000e-01	
1149	3.1637049837e-01	
1150	3.1264016892e-01	
1151	3.0809155402e-01	
1152	3.0280020836e-01	
1153	2.9945143078e-01	
1154	2.9703536385e-01	
1155	2.9689454152e-01	
1156	2.9768183614e-01	
1157	2.9895220298e-01	
1158	3.0093235902e-01	
1159	3.0401498070e-01	
1160	3.0710081704e-01	
1161	3.1043050515e-01	
1162	3.1382670972e-01	
1163	3.1675929936e-01	
1164	3.1964582060e-01	
1165	3.2153077087e-01	
1166	3.2151052697e-01	
1167	3.2024521892e-01	
1168	3.1825816860e-01	
1169	3.1517506875e-01	
1170	3.1124795124e-01	
1171	3.0622750135e-01	
1172	3.0144418530e-01	
1173	2.9829718836e-01	
1174	2.9669443083e-01	
1175	2.9701668562e-01	
1176	2.9811874338e-01	
1177	2.9940466915e-01	
1178	3.0171614551e-01	
1179	3.0512882026e-01	
1180	3.0810928518e-01	
1181	3.1157996103e-01	
1182	3.1482252175e-01	
1183	3.1781749024e-01	
1184	3.2046691181e-01	
1185	3.2179088976e-01	
1186	3.2126739332e-01	
1187	3.1964984378e-01	
1188	3.1740093273e-01	
1189	3.1391867815e-01	
1190	3.0970631198e-01	
1191	3.0431452178e-01	
1192	3.0055168446e-01	
1193	2.9767040183e-01	
1194	2.9680551101e-01	
1195	2.9745126029e-01	
1196	2.9860754526e-01	
1197	3.0008456588e-01	
1198	3.0288110177e-01	
1199	3.0606164754e-01	
1200	3.0930107655e-01	
1201	3.1272405114e-01	
1202	3.1588949099e-01	
1203	3.1885059040e-01	
1204	3.2112717804e-01	
1205	3.2175926561e-01	
1206	3.2083625332e-01	
1207	3.1892203983e-01	
1208	3.1628531583e-01	
1209	3.1254554190e-01	
1210	3.0797222224e-01	
1211	3.0269839988e-01	
1212	2.9937480237e-01	
1213	2.9699165345e-01	
1214	2.9690288526e-01	
1215	2.9770017553e-01	
1216	2.9897520776e-01	
1217	3.0098657612e-01	
1218	3.0409539296e-01	
1219	3.0716405187e-01	
1220	3.1050963807e-01	
1221	3.1389666164e-01	
1222	3.1681050844e-01	
1223	3.1969174517e-01	
1224	3.2155091653e-01	
1225	3.2147890178e-01	
1226	3.2019441287e-01	
1227	3.1820003939e-01	
1228	3.1508439928e-01	
1229	3.1114578928e-01	
1230	3.0609934921e-01	
1231	3.0140086144e-01	
1232	2.9823850202e-01	
1233	2.9669477017e-01	
1234	2.9704427505e-01	
1235	2.9815762225e-01	
1236	2.9943631758e-01	
1237	3.0177847950e-01	
1238	3.0519057936e-01	
1239	3.0818968666e-01	
1240	3.1165857366e-01	
1241	3.1489702775e-01	
1242	3.1789229042e-01	
1243	3.2052126576e-01	
1244	3.2180025491e-01	
1245	3.2124840853e-01	
1246	3.1960573720e-01	
1247	3.1733728569e-01	
1248	3.1382863546e-01	
1249	3.0959314654e-01	
1250	3.0418549914e-01	
1251	3.0048132151e-01	
1252	2.9764116786e-01	
1253	2.9682852955e-01	
1254	2.9748132877e-01	
1255	2.9864062723e-01	
1256	3.0015616164e-01	
1257	3.0297170694e-01	
1258	3.0613668474e-01	
1259	3.0939264458e-01	
1260	3.1280939796e-01	
1261	3.1595186240e-01	
1262	3.1891971118e-01	
1263	3.2116563809e-01	
1264	3.2174867538e-01	
1265	3.2079254903e-01	
1266	3.1886874063e-01	
1267	3.1619726729e-01	
1268	3.1244824847e-01	
1269	3.0785039234e-01	
1270	3.0259367709e-01	
1271	2.9929834609e-01	
1272	2.9694578838e-01	
1273	2.9690638652e-01	
1274	2.9771729887e-01	
1275	2.9899455480e-01	
1276	3.0104607596e-01	
1277	3.0417398400e-01	
1278	3.0722194228e-01	
1279	3.1058237554e-01	
1280	3.1394996670e-01	
1281	3.1685764830e-01	
1282	3.1973363616e-01	
1283	3.2157148239e-01	
1284	3.2144271122e-01	
1285	3.2014292149e-01	
1286	3.1814060589e-01	
1287	3.1499117914e-01	
1288	3.1103951605e-01	
1289	3.0597112417e-01	
1290	3.0135514571e-01	
1291	2.9817958152e-01	
1292	2.9669594633e-01	
1293	2.9707299869e-01	
1294	2.9819433509e-01	
1295	2.9947176836e-01	
1296	3.0184161082e-01	
1297	3.0524568252e-01	
1298	3.0826545463e-01	
1299	3.1173129518e-01	
1300	3.1496935232e-01	
1301	3.1796017342e-01	
1302	3.2056967746e-01	
1303	3.2180414345e-01	
1304	3.2122494812e-01	
1305	3.1955720884e-01	
1306	3.1726774854e-01	
1307	3.1373528016e-01	
1308	3.0947932829e-01	
1309	3.0407227338e-01	
1310	3.0037560933e-01	
1311	2.9759274231e-01	
1312	2.9683905201e-01	
1313	2.9750328606e-01	
1314	2.9866489411e-01	
1315	3.0021722013e-01	
1316	3.0305328627e-01	
1317	3.0620497644e-01	
1318	3.0947666439e-01	
1319	3.1289333968e-01	
1320	3.1601598709e-01	
1321	3.1899247258e-01	
1322	3.2120812345e-01	
1323	3.2174380615e-01	
1324	3.2075392757e-01	
1325	3.1882032689e-01	
1326	3.1611653579e-01	
1327	3.1235322209e-01	
1328	3.0773342401e-01	
1329	3.0249232493e-01	
1330	2.9923010218e-01	
1331	2.9690829163e-01	
1332	2.9691195981e-01	
1333	2.9773370235e-01	
1334	2.9902141803e-01	
1335	3.0111311771e-01	
1336	3.0425411095e-01	
1337	3.0728298907e-01	
1338	3.1065745770e-01	
1339	3.1402552987e-01	
1340	3.1691581224e-01	
1341	3.1977874646e-01	
1342	3.2159535946e-01	
1343	3.2141484743e-01	
1344	3.2009545407e-01	
1345	3.1808150483e-01	
1346	3.1490100744e-01	
1347	3.1093537269e-01	
1348	3.0584310394e-01	
1349	3.0130598273e-01	
1350	2.9812187047e-01	
1351	2.9669881514e-01	
1352	2.9709846505e-01	
1353	2.9822655597e-01	
1354	2.9950661424e-01	
1355	3.0190460470e-01	
1356	3.0529941346e-01	
1357	3.0833670391e-01	
1358	3.1180230536e-01	
1359	3.1503675940e-01	
1360	3.1802098564e-01	
1361	3.2061390735e-01	
1362	3.2180257995e-01	
1363	3.2120087456e-01	
1364	3.1950508592e-01	
1365	3.1719165094e-01	
1366	3.1363791089e-01	
1367	3.0936475572e-01	
1368	3.0396423046e-01	
1369	3.0027772077e-01	
1370	2.9754634143e-01	
1371	2.9683984266e-01	
1372	2.9751774730e-01	
1373	2.9868881224e-01	
1374	3.0027890765e-01	
1375	3.0313577600e-01	
1376	3.0627492124e-01	
1377	3.0955871959e-01	
1378	3.1298190384e-01	
1379	3.1608955256e-01	
1380	3.1907197891e-01	
1381	3.2125975183e-01	
1382	3.2174071044e-01	
1383	3.2071955989e-01	
1384	3.1877817528e-01	
1385	3.1603841525e-01	
1386	3.1225909611e-01	
1387	3.0761511618e-01	
1388	3.0238932745e-01	
1389	2.9915960838e-01	
1390	2.9687239171e-01	
1391	2.9691350470e-01	
1392	2.9776166963e-01	
1393	2.9905502387e-01	
1394	3.0117659214e-01	
1395	3.0434443933e-01	
1396	3.0735064391e-01	
1397	3.1073581694e-01	
1398	3.1411125237e-01	
1399	3.1697985640e-01	
1400	3.1982620514e-01	
1401	3.2161697422e-01	
1402	3.2138961553e-01	
1403	3.2004555513e-01	
1404	3.1801330351e-01	
1405	3.1480453508e-01	
1406	3.1082227169e-01	
1407	3.0570454580e-01	
1408	3.0125225333e-01	
1409	2.9806136968e-01	
1410	2.9670405955e-01	
1411	2.9712370947e-01	
1412	2.9825454782e-01	
1413	2.9954271018e-01	
1414	3.0197007826e-01	
1415	3.0535968888e-01	
1416	3.0841601103e-01	
1417	3.1187997293e-01	
1418	3.1510965909e-01	
1419	3.1808817764e-01	
1420	3.2066118500e-01	
1421	3.2179934585e-01	
1422	3.2117418935e-01	
1423	3.1944727202e-01	
1424	3.1711037716e-01	
1425	3.1353551814e-01	
1426	3.0924305738e-01	
1427	3.0384822263e-01	
1428	3.0017515224e-01	
1429	2.9748707635e-01	
1430	2.9683783039e-01	
1431	2.9753795033e-01	
1432	2.9871607003e-01	
1433	3.0034746926e-01	
1434	3.0322596445e-01	
1435	3.0634884741e-01	
1436	3.0964217650e-01	
1437	3.1307478391e-01	
1438	3.1616686309e-01	
1439	3.1915293886e-01	
1440	3.2130232388e-01	
1441	3.2172896411e-01	
1442	3.2067518153e-01	
1443	3.1872866957e-01	
1444	3.1595015258e-01	
1445	3.1215782373e-01	
1446	3.0748352896e-01	
1447	3.0227577117e-01	
1448	2.9907126871e-01	
1449	2.9683806802e-01	
1450	2.9691470446e-01	
1451	2.9779498420e-01	
1452	2.9909038741e-01	
1453	3.0123787575e-01	
1454	3.0444135002e-01	
1455	3.0742319170e-01	
1456	3.1082181038e-01	
1457	3.1420290432e-01	
1458	3.1705966583e-01	
1459	3.1988385448e-01	
1460	3.2164230098e-01	
1461	3.2136750400e-01	
1462	3.1999695298e-01	
1463	3.1794323164e-01	
1464	3.1470288270e-01	
1465	3.1070182798e-01	
1466	3.0555356440e-01	
1467	3.0119127091e-01	
1468	2.9799992456e-01	
1469	2.9671142495e-01	
1470	2.9715470605e-01	
1471	2.9829058101e-01	
1472	2.9959116026e-01	
1473	3.0205031934e-01	
1474	3.0542988217e-01	
1475	3.0851164091e-01	
1476	3.1197011452e-01	
1477	3.1519822211e-01	
1478	3.1817462950e-01	
1479	3.2072092591e-01	
1480	3.2180106342e-01	
1481	3.2114802895e-01	
1482	3.1938801578e-01	
1483	3.1702493417e-01	
1484	3.1342965642e-01	
1485	3.0910707054e-01	
1486	3.0371373730e-01	
1487	3.0007758111e-01	
1488	2.9741846774e-01	
1489	2.9683385785e-01	
1490	2.9755920997e-01	
1491	2.9874669362e-01	
1492	3.0042237143e-01	
1493	3.0332682938e-01	
1494	3.0644455170e-01	
1495	3.0973992263e-01	
1496	3.1317536691e-01	
1497	3.1625017064e-01	
1498	3.1923840873e-01	
1499	3.2134487268e-01	
1500	3.2171642359e-01	
1501	3.2062747584e-01	
1502	3.1867666034e-01	
1503	3.1586220727e-01	
1504	3.1205380527e-01	
1505	3.0733015094e-01	
1506	3.0214725496e-01	
1507	2.9896405302e-01	
1508	2.9680631556e-01	
1509	2.9691606509e-01	
1510	2.9783335987e-01	
1511	2.9913022222e-01	
1512	3.0129623939e-01	
1513	3.0454030534e-01	
1514	3.0750129154e-01	
1515	3.1091621458e-01	
1516	3.1429667902e-01	
1517	3.1715333504e-01	
1518	3.1995594010e-01	
1519	3.2166403148e-01	
1520	3.2134976228e-01	
1521	3.1995239905e-01	
1522	3.1787016424e-01	
1523	3.1459186455e-01	
1524	3.1057575403e-01	
1525	3.0539138276e-01	
1526	3.0110380447e-01	
1527	2.9793713851e-01	
1528	2.9672047979e-01	
1529	2.9718868167e-01	
1530	2.9833420172e-01	
1531	2.9964482267e-01	
1532	3.0214276762e-01	
1533	3.0550750361e-01	
1534	3.0861631937e-01	
1535	3.1207210901e-01	
1536	3.1530015072e-01	
1537	3.1826842025e-01	
1538	3.2078984790e-01	
1539	3.2180543688e-01	
1540	3.2112162467e-01	
1541	3.1933167111e-01	
1542	3.1693911177e-01	
1543	3.1331573838e-01	
1544	3.0895874469e-01	
1545	3.0357770671e-01	
1546	2.9997923103e-01	
1547	2.9735144238e-01	
1548	2.9683605032e-01	
1549	2.9758148023e-01	
1550	2.9877864976e-01	
1551	3.0049874301e-01	
1552	3.0343008035e-01	
1553	3.0655087749e-01	
1554	3.0984211650e-01	
1555	3.1327694288e-01	
1556	3.1632784446e-01	
1557	3.1931430268e-01	
1558	3.2138014195e-01	
1559	3.2169432355e-01	
1560	3.2057162920e-01	
1561	3.1861564068e-01	
1562	3.1576405773e-01	
1563	3.1193831325e-01	
1564	3.0716441544e-01	
1565	3.0201358006e-01	
1566	2.9884913146e-01	
1567	2.9677139391e-01	
1568	2.9691539318e-01	
1569	2.9787617655e-01	
1570	2.9916648314e-01	
1571	3.0135142948e-01	
1572	3.0463173479e-01	
1573	3.0758401717e-01	
1574	3.1101580538e-01	
1575	3.1438754618e-01	
1576	3.1725394283e-01	
1577	3.2003759175e-01	
1578	3.2168097188e-01	
1579	3.2133587852e-01	
1580	3.1990797076e-01	
1581	3.1779786076e-01	
1582	3.1448901507e-01	
1583	3.1044454064e-01	
1584	3.0522592490e-01	
1585	3.0101442551e-01	
1586	2.9788265448e-01	
1587	2.9673224617e-01	
1588	2.9723290706e-01	
1589	2.9838294511e-01	
1590	2.9970953324e-01	
1591	3.0225356966e-01	
1592	3.0559307955e-01	
1593	3.0872767853e-01	
1594	3.1217970429e-01	
1595	3.1541044732e-01	
1596	3.1836494264e-01	
1597	3.2086230926e-01	
1598	3.2181064304e-01	
1599	3.2109368900e-01	
1600	3.1928233788e-01	
1601	3.1684999836e-01	
1602	3.1319838994e-01	
1603	3.0881491340e-01	
1604	3.0344456787e-01	
1605	2.9988750822e-01	
1606	2.9729382788e-01	
1607	2.9685002597e-01	
1608	2.9759714325e-01	
1609	2.9881171663e-01	
1610	3.0057619859e-01	
1611	3.0352996942e-01	
1612	3.0665325016e-01	
1613	3.0994834989e-01	
1614	3.1337569929e-01	
1615	3.1640175006e-01	
1616	3.1938346590e-01	
1617	3.2140970647e-01	
1618	3.2166432298e-01	
1619	3.2051054761e-01	
1620	3.1854835823e-01	
1621	3.1565968427e-01	
1622	3.1181573484e-01	
1623	3.0699238531e-01	
1624	3.0188269220e-01	
1625	2.9872877132e-01	
1626	2.9673057178e-01	
1627	2.9691704617e-01	
1628	2.9791504501e-01	
1629	2.9920161821e-01	
1630	3.0140458203e-01	
1631	3.0471796976e-01	
1632	3.0767310228e-01	
1633	3.1111491766e-01	
1634	3.1444728303e-01	
1635	3.1735681367e-01	
1636	3.2012399464e-01	
1637	3.2170673661e-01	
1638	3.2133012309e-01	
1639	3.1986820411e-01	
1640	3.1773028452e-01	
1641	3.1439135298e-01	
1642	3.1031299321e-01	
1643	3.0505940967e-01	
1644	3.0093651816e-01	
1645	2.9783678106e-01	
1646	2.9674432320e-01	
1647	2.9727955548e-01	
1648	2.9843136923e-01	
1649	2.9977783719e-01	
1650	3.0237810758e-01	
1651	3.0568619986e-01	
1652	3.0883802742e-01	
1653	3.1228978630e-01	
1654	3.1551833932e-01	
1655	3.1845822564e-01	
1656	3.2093056156e-01	
1657	3.2181558363e-01	
1658	3.2106229584e-01	
1659	3.1922991100e-01	
1660	3.1675693379e-01	
1661	3.1308531796e-01	
1662	3.0866544968e-01	
1663	3.0330736964e-01	
1664	2.9979367086e-01	
1665	2.9724398123e-01	
1666	2.9686357172e-01	
1667	2.9761269493e-01	
1668	2.9884292390e-01	
1669	3.0064987115e-01	
1670	3.0362766410e-01	
1671	3.0675224737e-01	
1672	3.1005519171e-01	
1673	3.1347062751e-01	
1674	3.1647766240e-01	
1675	3.1944649644e-01	
1676	3.2143954120e-01	
1677	3.2163669574e-01	
1678	3.2045798169e-01	
1679	3.1848990500e-01	
1680	3.1556918210e-01	
1681	3.1169540842e-01	
1682	3.0682385695e-01	
1683	3.0176250351e-01	
1684	2.9860443468e-01	
1685	2.9669309147e-01	
1686	2.9692395087e-01	
1687	2.9795405947e-01	
1688	2.9923842553e-01	
1689	3.0146179968e-01	
1690	3.0480228722e-01	
1691	3.0776105449e-01	
1692	3.1120989023e-01	
1693	3.1451200136e-01	
1694	3.1745707789e-01	
1695	3.2020344870e-01	
1696	3.2173133423e-01	
1697	3.2132396120e-01	
1698	3.1982575071e-01	
1699	3.1766091933e-01	
1700	3.1429809042e-01	
1701	3.1018564558e-01	
1702	3.0490173266e-01	
1703	3.0086198430e-01	
1704	2.9780075319e-01	
1705	2.9675452210e-01	
1706	2.9732016755e-01	
1707	2.9847259154e-01	
1708	2.9983462488e-01	
1709	3.0249704255e-01	
1710	3.0576520681e-01	
1711	3.0893442867e-01	
1712	3.1238326958e-01	
1713	3.1560426186e-01	
1714	3.1853978482e-01	
1715	3.2097991462e-01	
1716	3.2180863750e-01	
1717	3.2102342605e-01	
1718	3.1917021833e-01	
1719	3.1666329593e-01	
1720	3.1297139160e-01	
1721	3.0851501096e-01	
1722	3.0317100017e-01	
1723	2.9970768780e-01	
1724	2.9719581924e-01	
1725	2.9687524571e-01	
1726	2.9763235609e-01	
1727	2.9887328545e-01	
1728	3.0072204864e-01	
1729	3.0372878389e-01	
1730	3.0684984313e-01	
1731	3.1015600851e-01	
1732	3.1356418705e-01	
1733	3.1655653366e-01	
1734	3.1950586691e-01	
1735	3.2146860838e-01	
1736	3.2161190837e-01	
1737	3.2041297752e-01	
1738	3.1844079026e-01	
1739	3.1548225327e-01	
1740	3.1158894482e-01	
1741	3.0667204809e-01	
1742	3.0168226285e-01	
1743	2.9851424493e-01	
1744	2.9669065149e-01	
1745	2.9694353036e-01	
1746	2.9799666454e-01	
1747	2.9927963172e-01	
1748	3.0152255211e-01	
1749	3.0488777814e-01	
1750	3.0784644817e-01	
1751	3.1130268432e-01	
1752	3.1459022977e-01	
1753	3.1754897631e-01	
1754	3.2027284613e-01	
1755	3.2175216952e-01	
1756	3.2131630751e-01	
1757	3.1978509188e-01	
1758	3.1759567297e-01	
1759	3.1421160671e-01	
1760	3.1006895019e-01	
1761	3.0475652140e-01	
1762	3.0078674121e-01	
1763	2.9777088784e-01	
1764	2.9676680132e-01	
1765	2.9735291938e-01	
1766	2.9850721800e-01	
1767	2.9988836620e-01	
1768	3.0260038339e-01	
1769	3.0583557128e-01	
1770	3.0902059229e-01	
1771	3.1246600370e-01	
1772	3.1567883636e-01	
1773	3.1861943600e-01	
1774	3.2101540069e-01	
1775	3.2180156021e-01	
1776	3.2098195350e-01	
1777	3.1911137546e-01	
1778	3.1657395834e-01	
1779	3.1286116462e-01	
1780	3.0838011926e-01	
1781	3.0305062641e-01	
1782	2.9963322652e-01	
1783	2.9714693621e-01	
1784	2.9688254892e-01	
1785	2.9764881521e-01	
1786	2.9889817919e-01	
1787	3.0078845403e-01	
1788	3.0382032352e-01	
1789	3.0693758056e-01	
1790	3.1024482961e-01	
1791	3.1365077769e-01	
1792	3.1662580507e-01	
1793	3.1955688523e-01	
1794	3.2149162431e-01	
1795	3.2158809514e-01	
1796	3.2036876402e-01	
1797	3.1839498436e-01	
1798	3.1539883730e-01	
1799	3.1149285462e-01	
1800	3.0654045659e-01	
1801	3.0161030331e-01	
1802	2.9844676207e-01	
1803	2.9669809311e-01	
1804	2.9696755392e-01	
1805	2.9803455775e-01	
1806	2.9932051126e-01	
1807	3.0157882445e-01	
1808	3.0496386481e-01	
1809	3.0792143363e-01	
1810	3.1138488577e-01	
1811	3.1466250380e-01	
1812	3.1763143008e-01	
1813	3.2033244187e-01	
1814	3.2176584846e-01	
1815	3.2130392316e-01	
1816	3.1974629262e-01	
1817	3.1754127969e-01	
1818	3.1412904960e-01	
1819	3.0996329238e-01	
1820	3.0462540589e-01	
1821	3.0071812906e-01	
1822	2.9774389550e-01	
1823	2.9678114567e-01	
1824	2.9738219188e-01	
1825	2.9853852212e-01	
1826	2.9994033316e-01	
1827	3.0268650143e-01	
1828	3.0589978247e-01	
1829	3.0910185654e-01	
1830	3.1254254043e-01	
1831	3.1574579562e-01	
1832	3.1869212576e-01	
1833	3.2104879463e-01	
1834	3.2179371277e-01	
1835	3.2094374459e-01	
1836	3.1905763468e-01	
1837	3.1649390300e-01	
1838	3.1277242987e-01	
1839	3.0826483520e-01	
1840	3.0294953491e-01	
1841	2.9956326628e-01	
1842	2.9710109220e-01	
1843	2.9688721934e-01	
1844	2.9766146821e-01	
1845	2.9891964936e-01	
1846	3.0084554248e-01	
1847	3.0389978379e-01	
1848	3.0700996447e-01	
1849	3.1031922633e-01	
1850	3.1372298346e-01	
1851	3.1668249784e-01	
1852	3.1959573257e-01	
1853	3.2150838588e-01	
1854	3.2155785240e-01	
1855	3.2032284472e-01	
1856	3.1834559419e-01	
1857	3.1531154146e-01	
1858	3.1139275286e-01	
1859	3.0641492139e-01	
1860	3.0154076030e-01	
1861	2.9838709419e-01	
1862	2.9669614843e-01	
1863	2.9698377359e-01	
1864	2.9806847058e-01	
1865	2.9935512294e-01	
1866	3.0163171022e-01	
1867	3.0502966497e-01	
1868	3.0799342299e-01	
1869	3.1146004239e-01	
1870	3.1472580305e-01	
1871	3.1770427128e-01	
1872	3.2038462293e-01	
1873	3.2177561341e-01	
1874	3.2128906832e-01	
1875	3.1970757849e-01	
1876	3.1748718896e-01	
1877	3.1404669965e-01	
1878	3.0986500764e-01	
1879	3.0450384717e-01	
1880	3.0065256164e-01	
1881	2.9771528546e-01	
1882	2.9679081783e-01	
1883	2.9740858073e-01	
1884	2.9856476258e-01	
1885	2.9999278813e-01	
1886	3.0275857962e-01	
1887	3.0596087031e-01	
1888	3.0917579029e-01	
1889	3.1261010068e-01	
1890	3.1580036673e-01	
1891	3.1875491040e-01	
1892	3.2107595870e-01	
1893	3.2177828733e-01	
1894	3.2090033009e-01	
1895	3.1900169743e-01	
1896	3.1641252850e-01	
1897	3.1268643906e-01	
1898	3.0815119906e-01	
1899	3.0285179152e-01	
1900	2.9948925209e-01	
1901	2.9705709655e-01	
1902	2.9689159427e-01	
1903	2.9767502397e-01	
1904	2.9894132832e-01	
1905	3.0090245170e-01	
1906	3.0397468332e-01	
1907	3.0706969302e-01	
1908	3.1039189134e-01	
1909	3.1379165882e-01	
1910	3.1673544364e-01	
1911	3.1962772757e-01	
1912	3.2152227353e-01	
1913	3.2152788750e-01	
1914	3.2027200303e-01	
1915	3.1828934468e-01	
1916	3.1522598090e-01	
1917	3.1129686984e-01	
1918	3.0629164822e-01	
1919	3.0147698711e-01	
1920	2.9832884817e-01	
1921	2.9669644465e-01	
1922	2.9700494193e-01	
1923	2.9810167612e-01	
1924	2.9938834106e-01	
1925	3.0168801253e-01	
1926	3.0509518486e-01	
1927	3.0806932923e-01	
1928	3.1153915822e-01	
1929	3.1478992867e-01	
1930	3.1777862322e-01	
1931	3.2043870004e-01	
1932	3.2178579923e-01	
1933	3.2127502029e-01	
1934	3.1966966427e-01	
1935	3.1743127468e-01	
1936	3.1396288611e-01	
1937	3.0976225798e-01	
1938	3.0437773661e-01	
1939	3.0058670694e-01	
1940	2.9768608504e-01	
1941	2.9680009431e-01	
1942	2.9743633282e-01	
1943	2.9859202133e-01	
1944	3.0005201490e-01	
1945	3.0283767236e-01	
1946	3.0602649831e-01	
1947	3.0925708876e-01	
1948	3.1268343707e-01	
1949	3.1585818315e-01	
1950	3.1881805554e-01	
1951	3.2110853768e-01	
1952	3.2176463225e-01	
1953	3.2085716484e-01	
1954	3.1894830967e-01	
1955	3.1632792888e-01	
1956	3.1259330595e-01	
1957	3.0803206843e-01	
1958	3.0274918118e-01	
1959	2.9941336672e-01	
1960	2.9701406794e-01	
1961	2.9689871833e-01	
1962	2.9769027938e-01	
1963	2.9896384106e-01	
1964	3.0095956584e-01	
1965	3.0405429338e-01	
1966	3.0713255192e-01	
1967	3.1046996186e-01	
1968	3.1386240900e-01	
1969	3.1678487010e-01	
1970	3.1966869756e-01	
1971	3.2154014030e-01	
1972	3.2149484160e-01	
1973	3.2021929104e-01	
1974	3.1822806460e-01	
1975	3.1512957247e-01	
1976	3.1119766469e-01	
1977	3.0616345106e-01	
1978	3.0142217786e-01	
1979	2.9826747913e-01	
1980	2.9669421348e-01	
1981	2.9703028580e-01	
1982	2.9813838724e-01	
1983	2.9941879509e-01	
1984	3.0174661494e-01	
1985	3.0516041973e-01	
1986	3.0814997777e-01	
1987	3.1161966686e-01	
1988	3.1485818789e-01	
1989	3.1785517439e-01	
1990	3.2049452715e-01	
1991	3.2179591662e-01	
1992	3.2125845708e-01	
1993	3.1962833641e-01	
1994	3.1736906446e-01	
1995	3.1387376501e-01	
1996	3.0965030863e-01	
1997	3.0424956399e-01	
1998	3.0051644227e-01	
1999	2.9765594443e-01	
2000	2.9681501252e-01	
2001	2.9746617206e-01	
2002	2.9862401544e-01	
2003	3.0012063407e-01	
2004	3.0292623562e-01	
2005	3.0609895882e-01	
2006	3.0934695049e-01	
2007	3.1276692974e-01	
2008	3.1592119581e-01	
2009	3.1888354286e-01	
2010	3.2114642761e-01	
2011	3.2175454327e-01	
2012	3.2081516458e-01	
2013	3.1889591505e-01	
2014	3.1624206805e-01	
2015	3.1249727853e-01	
2016	3.0791170336e-01	
2017	3.0264670069e-01	
2018	2.9933661801e-01	
2019	2.9696848999e-01	
2020	2.9690502735e-01	
2021	2.9770883095e-01	
2022	2.9898503885e-01	
2023	3.0101561677e-01	
2024	3.0413584730e-01	
2025	3.0719360743e-01	
2026	3.1054711809e-01	
2027	3.1392432266e-01	
2028	3.1683483800e-01	
2029	3.1971352584e-01	
2030	3.2156216047e-01	
2031	3.2146145159e-01	
2032	3.2016923796e-01	
2033	3.1817111109e-01	
2034	3.1503863425e-01	
2035	3.1109300876e-01	
2036	3.0603619390e-01	
2037	3.0137841167e-01	
2038	2.9820957994e-01	
2039	2.9669562445e-01	
2040	2.9705829043e-01	
2041	2.9817619102e-01	
2042	2.9945372827e-01	
2043	3.0180999235e-01	
2044	3.0521854153e-01	
2045	3.0822781694e-01	
2046	3.1169528608e-01	
2047	3.1493336321e-01	
2048	3.1792688446e-01	
2049	3.2054578211e-01	
2050	3.2180233244e-01	
2051	3.2123648536e-01	
2052	3.1958131646e-01	
2053	3.1730392159e-01	
2054	3.1378195323e-01	
2055	3.0953553478e-01	
2056	3.0412630188e-01	
2057	3.0042809725e-01	
2058	2.9761662583e-01	
2059	2.9683394838e-01	
2060	2.9749298420e-01	
2061	2.9865348052e-01	
2062	3.0018718039e-01	
2063	3.0301292772e-01	
2064	3.0617141943e-01	
2065	3.0943516561e-01	
2066	3.1285106055e-01	
2067	3.1598370359e-01	
2068	3.1895642985e-01	
2069	3.2118670916e-01	
2070	3.2174771572e-01	
2071	3.2077388343e-01	
2072	3.1884448931e-01	
2073	3.1615707421e-01	
2074	3.1240183531e-01	
2075	3.0779253553e-01	
2076	3.0254304435e-01	
2077	2.9926274460e-01	
2078	2.9692735201e-01	
2079	2.9691027115e-01	
2080	2.9772513066e-01	
2081	2.9900714577e-01	
2082	3.0107893150e-01	
2083	3.0421331288e-01	
2084	3.0725198667e-01	
2085	3.1061950085e-01	
2086	3.1398570553e-01	
2087	3.1688574208e-01	
2088	3.1975584165e-01	
2089	3.2158287231e-01	
2090	3.2142708848e-01	
2091	3.2011858637e-01	
2092	3.1811165924e-01	
2093	3.1494613512e-01	
2094	3.1098830149e-01	
2095	3.0590827459e-01	
2096	3.0133168310e-01	
2097	2.9815096458e-01	
2098	2.9669610716e-01	
2099	2.9708556234e-01	
2100	2.9821184209e-01	
2101	2.9948926211e-01	
2102	3.0187237929e-01	
2103	3.0527190198e-01	
2104	3.0830135238e-01	
2105	3.1176571126e-01	
2106	3.1500308885e-01	
2107	3.1799100721e-01	
2108	3.2059201826e-01	
2109	3.2180464410e-01	
2110	3.2121410798e-01	
2111	3.1953241372e-01	
2112	3.1723110482e-01	
2113	3.1368768812e-01	
2114	3.0942281872e-01	
2115	3.0401912451e-01	
2116	3.0032756159e-01	
2117	2.9757007746e-01	
2118	2.9683983168e-01	
2119	2.9751130134e-01	
2120	2.9867653942e-01	
2121	3.0024729890e-01	
2122	3.0309356625e-01	
2123	3.0623892766e-01	
2124	3.0951840082e-01	
2125	3.1293646211e-01	
2126	3.1605135773e-01	
2127	3.1903108803e-01	
2128	3.2123346362e-01	
2129	3.2174215496e-01	
2130	3.2073684311e-01	
2131	3.1879920262e-01	
2132	3.1607777450e-01	
2133	3.1230655574e-01	
2134	3.0767596438e-01	
2135	3.0244222389e-01	
2136	2.9919582337e-01	
2137	2.9689035381e-01	
2138	2.9691355977e-01	
2139	2.9774498861e-01	
2140	2.9903720374e-01	
2141	3.0114578511e-01	
2142	3.0429744542e-01	
2143	3.0731605796e-01	
2144	3.1069605798e-01	
2145	3.1406847990e-01	
2146	3.1694732974e-01	
2147	3.1980256532e-01	
2148	3.2160718926e-01	
2149	3.2140319539e-01	
2150	3.2007219963e-01	
2151	3.1804933613e-01	
2152	3.1485467776e-01	
2153	3.1088085859e-01	
2154	3.0577577760e-01	
2155	3.0128000798e-01	
2156	2.9809228262e-01	
2157	2.9670183586e-01	
2158	2.9711046956e-01	
2159	2.9823928373e-01	
2160	2.9952320152e-01	
2161	3.0193531061e-01	
2162	3.0532833061e-01	
2163	3.0837351172e-01	
2164	3.1183916143e-01	
2165	3.1507080456e-01	
2166	3.1805139182e-01	
2167	3.2063598998e-01	
2168	3.2180018051e-01	
2169	3.2118732978e-01	
2170	3.1947678445e-01	
2171	3.1715130027e-01	
2172	3.1358655398e-01	
2173	3.0930656728e-01	
2174	3.0390863109e-01	
2175	3.0022715893e-01	
2176	2.9752067932e-01	
2177	2.9683901911e-01	
2178	2.9752656812e-01	
2179	2.9870066145e-01	
2180	3.0031082053e-01	
2181	3.0317832422e-01	
2182	3.0631021214e-01	
2183	3.0959868452e-01	
2184	3.1302657096e-01	
2185	3.1612700001e-01	
2186	3.1911189438e-01	
2187	3.2128338442e-01	
2188	3.2173708138e-01	
2189	3.2069973265e-01	
2190	3.1875558150e-01	
2191	3.1599658590e-01	
2192	3.1220932797e-01	
2193	3.0755241557e-01	
2194	3.0233660650e-01	
2195	2.9912078543e-01	
2196	2.9685411521e-01	
2197	2.9691331348e-01	
2198	2.9777767748e-01	
2199	2.9907214440e-01	
2200	3.0120642090e-01	
2201	3.0439097498e-01	
2202	3.0738502685e-01	
2203	3.1077608315e-01	
2204	3.1415420322e-01	
2205	3.1701478125e-01	
2206	3.1985135886e-01	
2207	3.2162761768e-01	
2208	3.2137717404e-01	
2209	3.2002022582e-01	
2210	3.1797801414e-01	
2211	3.1475463632e-01	
2212	3.1076312015e-01	
2213	3.0563223045e-01	
2214	3.0122485514e-01	
2215	2.9803120915e-01	
2216	2.9670663282e-01	
2217	2.9713771465e-01	
2218	2.9827114878e-01	
2219	2.9956481333e-01	
2220	3.0200734352e-01	
2221	3.0539226357e-01	
2222	3.0846105440e-01	
2223	3.1192184310e-01	
2224	3.1515101046e-01	
2225	3.1812896405e-01	
2226	3.2068845881e-01	
2227	3.2179889894e-01	
2228	3.2116084676e-01	
2229	3.1941750701e-01	
2230	3.1706882823e-01	
2231	3.1348445059e-01	
2232	3.0917845260e-01	
2233	3.0378430406e-01	
2234	3.0012837800e-01	
2235	2.9745353176e-01	
2236	2.9683534963e-01	
2237	2.9754765273e-01	
2238	2.9873017704e-01	
2239	3.0038275612e-01	
2240	3.0327349999e-01	
2241	3.0639317506e-01	
2242	3.0968687479e-01	
2243	3.1312269650e-01	
2244	3.1620790514e-01	
2245	3.1919459972e-01	
2246	3.2132230626e-01	
2247	3.2172187650e-01	
2248	3.2065198628e-01	
2249	3.1870339418e-01	
2250	3.1590733089e-01	
2251	3.1210802846e-01	
2252	3.0741218406e-01	
2253	3.0221373315e-01	
2254	2.9902065259e-01	
2255	2.9682253196e-01	
2256	2.9691564233e-01	
2257	2.9781211687e-01	
2258	2.9910987150e-01	
2259	3.0126656269e-01	
2260	3.0448994153e-01	
2261	3.0746158401e-01	
2262	3.1086785229e-01	
2263	3.1424945097e-01	
2264	3.1710557003e-01	
2265	3.1991831328e-01	
2266	3.2165794723e-01	
2267	3.2136206672e-01	
2268	3.1998243513e-01	
2269	3.1791559164e-01	
2270	3.1465636814e-01	
2271	3.1064958822e-01	
2272	3.0548142561e-01	
2273	3.0115341440e-01	
2274	2.9796997779e-01	
2275	2.9671360309e-01	
2276	2.9716632318e-01	
2277	2.9830777879e-01	
2278	2.9961428433e-01	
2279	3.0208767483e-01	
2280	3.0546235911e-01	
2281	3.0855587027e-01	
2282	3.1201400704e-01	
2283	3.1524114812e-01	
2284	3.1821403651e-01	
2285	3.2074859892e-01	
2286	3.2180102446e-01	
2287	3.2113436573e-01	
2288	3.1936155932e-01	
2289	3.1698580810e-01	
2290	3.1338005681e-01	
2291	3.0904249011e-01	
2292	3.0365147562e-01	
2293	3.0003202375e-01	
2294	2.9738714252e-01	
2295	2.9683145954e-01	
2296	2.9756792225e-01	
2297	2.9875973585e-01	
2298	3.0045499382e-01	
2299	3.0337180939e-01	
2300	3.0649068157e-01	
2301	3.0978494088e-01	
2302	3.1321963523e-01	
2303	3.1628521892e-01	
2304	3.1927348109e-01	
2305	3.2136217198e-01	
2306	3.2170910844e-01	
2307	3.2060472130e-01	
2308	3.1865167934e-01	
2309	3.1582108796e-01	
2310	3.1200507392e-01	
2311	3.0725760585e-01	
2312	3.0208937176e-01	
2313	2.9891455739e-01	
2314	2.9679399196e-01	
2315	2.9691741424e-01	
2316	2.9785365456e-01	
2317	2.9914813885e-01	
2318	3.0132287859e-01	
2319	3.0458602909e-01	
2320	3.0753732834e-01	
2321	3.1095999459e-01	
2322	3.1433958599e-01	
2323	3.1719732982e-01	
2324	3.1999044701e-01	
2325	3.2167117097e-01	
2326	3.2134258042e-01	
2327	3.1993143738e-01	
2328	3.1783673171e-01	
2329	3.1454414375e-01	
2330	3.1051715912e-01	
2331	3.0531736434e-01	
2332	3.0106226399e-01	
2333	2.9791060076e-01	
2334	2.9672531630e-01	
2335	2.9720757401e-01	
2336	2.9835493832e-01	
2337	2.9967221828e-01	
2338	3.0218976245e-01	
2339	3.0554379153e-01	
2340	3.0866545855e-01	
2341	3.1211928337e-01	
2342	3.1534897698e-01	
2343	3.1831255538e-01	
2344	3.2082401726e-01	
2345	3.2180892860e-01	
2346	3.2111102152e-01	
2347	3.1931122910e-01	
2348	3.1690166694e-01	
2349	3.1326395391e-01	
2350	3.0889394484e-01	
2351	3.0351828831e-01	
2352	2.9993854029e-01	
2353	2.9732577024e-01	
2354	2.9684320605e-01	
2355	2.9759123146e-01	
2356	2.9879510003e-01	
2357	3.0053648953e-01	
2358	3.0347816264e-01	
2359	3.0659998110e-01	
2360	3.0989153536e-01	
2361	3.1332451622e-01	
2362	3.1636191864e-01	
2363	3.1934675181e-01	
2364	3.2139432996e-01	
2365	3.2168080748e-01	
2366	3.2054394099e-01	
2367	3.1858495274e-01	
2368	3.1571629863e-01	
2369	3.1188218505e-01	
2370	3.0708507532e-01	
2371	3.0195252925e-01	
2372	2.9879559883e-01	
2373	2.9675267012e-01	
2374	2.9691584705e-01	
2375	2.9789437386e-01	
2376	2.9918266549e-01	
2377	3.0137576880e-01	
2378	3.0467007870e-01	
2379	3.0762480383e-01	
2380	3.1106230965e-01	
2381	3.1441464777e-01	
2382	3.1730132408e-01	
2383	3.2007905994e-01	
2384	3.2169216005e-01	
2385	3.2133353355e-01	
2386	3.1989065766e-01	
2387	3.1776785452e-01	
2388	3.1444409958e-01	
2389	3.1038441508e-01	
2390	3.0514872808e-01	
2391	3.0097935138e-01	
2392	2.9786232134e-01	
2393	2.9673832643e-01	
2394	2.9725418173e-01	
2395	2.9840667525e-01	
2396	2.9974132713e-01	
2397	3.0231052668e-01	
2398	3.0563679471e-01	
2399	3.0878023887e-01	
2400	3.1223002500e-01	
2401	3.1546000484e-01	
2402	3.1840718101e-01	
2403	3.2089315738e-01	
2404	3.2181196692e-01	
2405	3.2107907752e-01	
2406	3.1925808711e-01	
2407	3.1680652692e-01	
2408	3.1314446345e-01	
2409	3.0874777179e-01	
2410	3.0338221104e-01	
2411	2.9984435080e-01	
2412	2.9727051134e-01	
2413	2.9685592566e-01	
2414	2.9760327377e-01	
2415	2.9882522201e-01	
2416	3.0060918475e-01	
2417	3.0357311273e-01	
2418	3.0669766038e-01	
2419	3.0999638297e-01	
2420	3.1341838859e-01	
2421	3.1643543669e-01	
2422	3.1941133222e-01	
2423	3.2142214085e-01	
2424	3.2164993457e-01	
2425	3.2048317344e-01	
2426	3.1851828265e-01	
2427	3.1561380798e-01	
2428	3.1175918614e-01	
2429	3.0691295496e-01	
2430	3.0182292486e-01	
2431	2.9866979594e-01	
2432	2.9671282461e-01	
2433	2.9692001676e-01	
2434	2.9793381057e-01	
2435	2.9921807186e-01	
2436	3.0143050981e-01	
2437	3.0475631750e-01	
2438	3.0771363767e-01	
2439	3.1115860825e-01	
2440	3.1447493720e-01	
2441	3.1740371993e-01	
2442	3.2016117773e-01	
2443	3.2171777045e-01	
2444	3.2132668243e-01	
2445	3.1984797277e-01	
2446	3.1769725546e-01	
2447	3.1434702756e-01	
2448	3.1025186096e-01	
2449	3.0498443381e-01	
2450	3.0090183558e-01	
2451	2.9781407269e-01	
2452	2.9674787794e-01	
2453	2.9729961910e-01	
2454	2.9845143731e-01	
2455	2.9980517938e-01	
2456	3.0243437419e-01	
2457	3.0572399017e-01	
2458	3.0888371189e-01	
2459	3.1233484076e-01	
2460	3.1555975734e-01	
2461	3.1849568124e-01	
2462	3.2095554817e-01	
2463	3.2181373951e-01	
2464	3.2104541913e-01	
2465	3.1920330719e-01	
2466	3.1671400552e-01	
2467	3.1303330867e-01	
2468	3.0859541697e-01	
2469	3.0324277258e-01	
2470	2.9975240730e-01	
2471	2.9722372812e-01	
2472	2.9687007816e-01	
2473	2.9762153730e-01	
2474	2.9885784269e-01	
2475	3.0068298241e-01	
2476	3.0367377580e-01	
2477	3.0679726816e-01	
2478	3.1010228437e-01	
2479	3.1351250123e-01	
2480	3.1651341195e-01	
2481	3.1947336403e-01	
2482	3.2145268924e-01	
2483	3.2162342334e-01	
2484	3.2043667346e-01	
2485	3.1846654502e-01	
2486	3.1552887602e-01	
2487	3.1164548248e-01	
2488	3.0675214085e-01	
2489	3.0172383832e-01	
2490	2.9855505916e-01	
2491	2.9668743621e-01	
2492	2.9693043285e-01	
2493	2.9797222518e-01	
2494	2.9925556609e-01	
2495	3.0148848226e-01	
2496	3.0484093395e-01	
2497	3.0780012549e-01	
2498	3.1125240644e-01	
2499	3.1454812953e-01	
2500	3.1749960759e-01	
2501	3.2023591197e-01	
2502	3.2174165648e-01	
2503	3.2132088725e-01	
2504	3.1980744756e-01	
2505	3.1763117167e-01	
2506	3.1425879077e-01	
2507	3.1013171214e-01	
2508	3.0483503289e-01	
2509	3.0082729106e-01	
2510	2.9778779063e-01	
2511	2.9676108643e-01	
2512	2.9733596297e-01	
2513	2.9848986744e-01	
2514	2.9985983653e-01	
2515	3.0254677444e-01	
2516	3.0579862243e-01	
2517	3.0897520989e-01	
2518	3.1242227590e-01	
2519	3.1563995844e-01	
2520	3.1857636116e-01	
2521	3.2099676963e-01	
2522	3.2180502634e-01	
2523	3.2100337042e-01	
2524	3.1914219138e-01	
2525	3.1662106646e-01	
2526	3.1291940620e-01	
2527	3.0845114049e-01	
2528	3.0311381670e-01	
2529	2.9967271354e-01	
2530	2.9717272926e-01	
2531	2.9687848697e-01	
2532	2.9763973890e-01	
2533	2.9888447136e-01	
2534	3.0075284686e-01	
2535	3.0377248970e-01	
2536	3.0689161021e-01	
2537	3.1019796782e-01	
2538	3.1360487274e-01	
2539	3.1658978676e-01	
2540	3.1953075132e-01	
2541	3.2147994873e-01	
2542	3.2160168091e-01	
2543	3.2039289570e-01	
2544	3.1841965449e-01	
2545	3.1544429719e-01	
2546	3.1154415787e-01	
2547	3.0661055039e-01	
2548	3.0164833106e-01	
2549	2.9848217194e-01	
2550	2.9669386105e-01	
2551	2.9695442863e-01	
2552	2.9801404327e-01	
2553	2.9929985556e-01	
2554	3.0155033633e-01	
2555	3.0492398831e-01	
2556	3.0788238977e-01	
2557	3.1134218146e-01	
2558	3.1462449271e-01	
2559	3.1758811515e-01	
2560	3.2030144033e-01	
2561	3.2175965553e-01	
2562	3.2131190163e-01	
2563	3.1976759201e-01	
2564	3.1757073593e-01	
2565	3.1417420540e-01	
2566	3.1001956792e-01	
2567	3.0469564934e-01	
2568	3.0075538385e-01	
2569	2.9775833292e-01	
2570	2.9677297445e-01	
2571	2.9736722529e-01	
2572	2.9852108065e-01	
2573	2.9991145072e-01	
2574	3.0264264850e-01	
2575	3.0586492296e-01	
2576	3.0905850821e-01	
2577	3.1250175969e-01	
2578	3.1571012123e-01	
2579	3.1865372372e-01	
2580	3.2103036050e-01	
2581	3.2179881262e-01	
2582	3.2096487489e-01	
2583	3.1908725245e-01	
2584	3.1653744345e-01	
2585	3.1281863565e-01	
2586	3.0832894015e-01	
2587	3.0300426495e-01	
2588	2.9960190455e-01	
2589	2.9712558351e-01	
2590	2.9688445537e-01	
2591	2.9765417044e-01	
2592	2.9890790858e-01	
2593	3.0081446090e-01	
2594	3.0385663640e-01	
2595	3.0697144576e-01	
2596	3.1027905252e-01	
2597	3.1368426112e-01	
2598	3.1665195457e-01	
2599	3.1957471420e-01	
2600	3.2149977247e-01	
2601	3.2157485756e-01	
2602	3.2034843389e-01	
2603	3.1837325291e-01	
2604	3.1535972150e-01	
2605	3.1144988676e-01	
2606	3.0648466559e-01	
2607	3.0157897509e-01	
2608	2.9841923431e-01	
2609	2.9669697888e-01	
2610	2.9697496393e-01	
2611	2.9805003627e-01	
2612	2.9933662542e-01	
2613	3.0160195506e-01	
2614	3.0499308462e-01	
2615	3.0795237422e-01	
2616	3.1141785136e-01	
2617	3.1469039774e-01	
2618	3.1766370358e-01	
2619	3.2035527700e-01	
2620	3.2176965233e-01	
2621	3.2129659702e-01	
2622	3.1972854013e-01	
2623	3.1751674221e-01	
2624	3.1409215144e-01	
2625	3.0991914125e-01	
2626	3.0457079123e-01	
2627	3.0068890737e-01	
2628	2.9773171753e-01	
2629	2.9678592893e-01	
2630	2.9739399822e-01	
2631	2.9855066222e-01	
2632	2.9996377240e-01	
2633	3.0271878488e-01	
2634	3.0592687283e-01	
2635	3.0913468969e-01	
2636	3.1257280647e-01	
2637	3.1577155643e-01	
2638	3.1872046912e-01	
2639	3.2106150988e-01	
2640	3.2178762292e-01	
2641	3.2092513221e-01	
2642	3.1903292249e-01	
2643	3.1645828951e-01	
2644	3.1273482709e-01	
2645	3.0821469899e-01	
2646	3.0290602436e-01	
2647	2.9953050923e-01	
2648	2.9708162441e-01	
2649	2.9688951163e-01	
2650	2.9766777402e-01	
2651	2.9892893940e-01	
2652	3.0087083334e-01	
2653	3.0393341780e-01	
2654	3.0703687017e-01	
2655	3.1035134334e-01	
2656	3.1375343220e-01	
2657	3.1670638473e-01	
2658	3.1961062814e-01	
2659	3.2151470499e-01	
2660	3.2154470638e-01	
2661	3.2029975827e-01	
2662	3.1832080532e-01	
2663	3.1527372409e-01	
2664	3.1134797753e-01	
2665	3.0635994436e-01	
2666	3.0151247589e-01	
2667	2.9836194683e-01	
2668	2.9669704942e-01	
2669	2.9699386045e-01	
2670	2.9808353047e-01	
2671	2.9937019988e-01	
2672	3.0165701140e-01	
2673	3.0505913472e-01	
2674	3.0802741076e-01	
2675	3.1149552343e-01	
2676	3.1475477690e-01	
2677	3.1773731847e-01	
2678	3.2040886677e-01	
2679	3.2178059145e-01	
2680	3.2128309183e-01	
2681	3.1969086304e-01	
2682	3.1746311471e-01	
2683	3.1400954046e-01	
2684	3.0982020708e-01	
2685	3.0444802191e-01	
2686	3.0062288334e-01	
2687	2.9770191121e-01	
2688	2.9679468415e-01	
2689	2.9742077396e-01	
2690	2.9857660044e-01	
2691	3.0001805955e-01	
2692	3.0279256826e-01	
2693	3.0598986528e-01	
2694	3.0921065406e-01	
2695	3.1264155277e-01	
2696	3.1582563705e-01	
2697	3.1878323720e-01	
2698	3.2108956608e-01	
2699	3.2177156407e-01	
2700	3.2088073054e-01	
2701	3.1897800892e-01	
2702	3.1637540481e-01	
2703	3.1264553025e-01	
2704	3.0809842035e-01	
2705	3.0280615360e-01	
2706	2.9945578109e-01	
2707	2.9703781231e-01	
2708	2.9689408677e-01	
2709	2.9768099080e-01	
2710	2.9895087147e-01	
2711	3.0092911113e-01	
2712	3.0401032029e-01	
2713	3.0709719156e-01	
2714	3.1042603012e-01	
2715	3.1382265581e-01	
2716	3.1675653673e-01	
2717	3.1964341838e-01	
2718	3.2152969620e-01	
2719	3.2151249084e-01	
2720	3.2024835870e-01	
2721	3.1826178776e-01	
2722	3.1518050596e-01	
2723	3.1125387581e-01	
2724	3.0623498832e-01	
2725	3.0144790349e-01	
2726	2.9830078307e-01	
2727	2.9669467837e-01	
2728	2.9701529512e-01	
2729	2.9811672623e-01	
2730	2.9940278319e-01	
2731	3.0171287181e-01	
2732	3.0512527607e-01	
2733	3.0810461328e-01	
2734	3.1157526712e-01	
2735	3.1481888670e-01	
2736	3.1781307030e-01	
2737	3.2046369941e-01	
2738	3.2179038211e-01	
2739	3.2126836180e-01	
2740	3.1965223474e-01	
2741	3.1740458113e-01	
2742	3.1392383882e-01	
2743	3.0971272887e-01	
2744	3.0432194728e-01	
2745	3.0055589235e-01	
2746	2.9767215425e-01	
2747	2.9680482905e-01	
2748	2.9744951413e-01	
2749	2.9860568820e-01	
2750	3.0008070046e-01	
2751	3.0287611660e-01	
2752	3.0605752848e-01	
2753	3.0929597605e-01	
2754	3.1271922127e-01	
2755	3.1588585763e-01	
2756	3.1884687063e-01	
2757	3.2112497264e-01	
2758	3.2175980122e-01	
2759	3.2083862858e-01	
2760	3.1892496413e-01	
2761	3.1629015162e-01	
2762	3.1255098144e-01	
2763	3.0797905601e-01	
2764	3.0270425802e-01	
2765	2.9937915052e-01	
2766	2.9699422564e-01	
2767	2.9690254021e-01	
2768	2.9769914493e-01	
2769	2.9897401971e-01	
2770	3.0098355428e-01	
2771	3.0409066390e-01	
2772	3.0716058870e-01	
2773	3.1050522725e-01	
2774	3.1389344346e-01	
2775	3.1680766316e-01	
2776	3.1968921792e-01	
2777	3.2154958275e-01	
2778	3.2148087443e-01	
2779	3.2019720602e-01	
2780	3.1820321809e-01	
2781	3.1508951231e-01	
2782	3.1115170919e-01	
2783	3.0610645571e-01	
2784	3.0140329599e-01	
2785	2.9824176868e-01	
2786	2.9669470133e-01	
2787	2.9704268922e-01	
2788	2.9815546742e-01	
2789	2.9943438419e-01	
2790	3.0177480440e-01	
2791	3.0518724214e-01	
2792	3.0818524445e-01	
2793	3.1165424743e-01	
2794	3.1489276140e-01	
2795	3.1788818373e-01	
2796	3.2051832119e-01	
2797	3.2179986904e-01	
2798	3.2124967638e-01	
2799	3.1960844120e-01	
2800	3.1734097628e-01	
2801	3.1383381041e-01	
2802	3.0959969439e-01	
2803	3.0419279704e-01	
2804	3.0048586625e-01	
2805	2.9764325479e-01	
2806	2.9682732936e-01	
2807	2.9747972369e-01	
2808	2.9863887853e-01	
2809	3.0015232204e-01	
2810	3.0296669314e-01	
2811	3.0613246105e-01	
2812	3.0938756218e-01	
2813	3.1280461011e-01	
2814	3.1594837485e-01	
2815	3.1891560366e-01	
2816	3.2116340435e-01	
2817	3.2174905393e-01	
2818	3.2079495630e-01	
2819	3.1887181814e-01	
2820	3.1620214545e-01	
2821	3.1245369715e-01	
2822	3.0785724281e-01	
2823	3.0259968655e-01	
2824	2.9930264653e-01	
2825	2.9694823308e-01	
2826	2.9690609176e-01	
2827	2.9771638229e-01	
2828	2.9899324655e-01	
2829	3.0104245357e-01	
2830	3.0416963841e-01	
2831	3.0721860869e-01	
2832	3.1057828678e-01	
2833	3.1394702921e-01	
2834	3.1685493434e-01	
2835	3.1973131053e-01	
2836	3.2157039131e-01	
2837	3.2144476069e-01	
2838	3.2014581846e-01	
2839	3.1814401939e-01	
2840	3.1499647049e-01	
2841	3.1104548207e-01	
2842	3.0597841461e-01	
2843	3.0135773484e-01	
2844	2.9818294595e-01	
2845	2.9669588291e-01	
2846	2.9707138106e-01	
2847	2.9819234084e-01	
2848	2.9946976306e-01	
2849	3.0183806911e-01	
2850	3.0524267024e-01	
2851	3.0826123337e-01	
2852	3.1172725499e-01	
2853	3.1496531026e-01	
2854	3.1795647331e-01	
2855	3.2056698094e-01	
2856	3.2180389865e-01	
2857	3.2122604699e-01	
2858	3.1955984891e-01	
2859	3.1727177060e-01	
2860	3.1374060640e-01	
2861	3.0948566964e-01	
2862	3.0407835176e-01	
2863	3.0038152517e-01	
2864	2.9759536167e-01	
2865	2.9683866335e-01	
2866	2.9750210069e-01	
2867	2.9866357341e-01	
2868	3.0021382916e-01	
2869	3.0304872197e-01	
2870	3.0620116142e-01	
2871	3.0947195069e-01	
2872	3.1288853679e-01	
2873	3.1601221834e-01	
2874	3.1898824080e-01	
2875	3.2120545478e-01	
2876	3.2174413378e-01	
2877	3.2075599335e-01	
2878	3.1882285511e-01	
2879	3.1612101994e-01	
2880	3.1235861878e-01	
2881	3.0774004668e-01	
2882	3.0249808945e-01	
2883	2.9923388934e-01	
2884	2.9691026716e-01	
2885	2.9691172561e-01	
2886	2.9773266364e-01	
2887	2.9901973436e-01	
2888	3.0110921572e-01	
2889	3.0424940568e-01	
2890	3.0727936060e-01	
2891	3.1065304988e-01	
2892	3.1402079397e-01	
2893	3.1691225266e-01	
2894	3.1977602114e-01	
2895	3.2159386055e-01	
2896	3.2141604259e-01	
2897	3.2009794513e-01	
2898	3.1808496027e-01	
2899	3.1490611555e-01	
2900	3.1094139214e-01	
2901	3.0585059520e-01	
2902	3.0130882036e-01	
2903	2.9812525078e-01	
2904	2.9669835145e-01	
2905	2.9709704649e-01	
2906	2.9822512869e-01	
2907	2.9950472861e-01	
2908	3.0190101017e-01	
2909	3.0529616410e-01	
2910	3.0833289882e-01	
2911	3.1179826607e-01	
2912	3.1503307061e-01	
2913	3.1801771989e-01	
2914	3.2061156842e-01	
2915	3.2180296528e-01	
2916	3.2120249829e-01	
2917	3.1950828781e-01	
2918	3.1719621657e-01	
2919	3.1364379839e-01	
2920	3.0937107651e-01	
2921	3.0397027867e-01	
2922	3.0028343217e-01	
2923	2.9754905550e-01	
2924	2.9683977762e-01	
2925	2.9751698999e-01	
2926	2.9868741084e-01	
2927	3.0027524463e-01	
2928	3.0313097731e-01	
2929	3.0627084052e-01	
2930	3.0955408086e-01	
2931	3.1297673518e-01	
2932	3.1608515842e-01	
2933	3.1906728430e-01	
2934	3.2125677446e-01	
2935	3.2174073119e-01	
2936	3.2072136188e-01	
2937	3.1878032490e-01	
2938	3.1604276716e-01	
2939	3.1226451373e-01	
2940	3.0762199016e-01	
2941	3.0239497089e-01	
2942	2.9916371067e-01	
2943	2.9687441237e-01	
2944	2.9691338719e-01	
2945	2.9775972937e-01	
2946	2.9905294621e-01	
2947	3.0117310782e-01	
2948	3.0433912978e-01	
2949	3.0734668437e-01	
2950	3.1073126912e-01	
2951	3.1410651199e-01	
2952	3.1697609163e-01	
2953	3.1982348070e-01	
2954	3.2161584294e-01	
2955	3.2139110623e-01	
2956	3.2004851012e-01	
2957	3.1801733131e-01	
2958	3.1481014489e-01	
2959	3.1082886495e-01	
2960	3.0571254595e-01	
2961	3.0125533492e-01	
2962	2.9806477040e-01	
2963	2.9670384028e-01	
2964	2.9712220411e-01	
2965	2.9825278011e-01	
2966	2.9954036904e-01	
2967	3.0196604482e-01	
2968	3.0535616249e-01	
2969	3.0841115451e-01	
2970	3.1187539692e-01	
2971	3.1510510036e-01	
2972	3.1808369707e-01	
2973	3.2065813984e-01	
2974	3.2179932951e-01	
2975	3.2117557494e-01	
2976	3.1945047745e-01	
2977	3.1711484202e-01	
2978	3.1354106039e-01	
2979	3.0925014757e-01	
2980	3.0385507647e-01	
2981	3.0018034758e-01	
2982	2.9749089178e-01	
2983	2.9683805692e-01	
2984	2.9753680134e-01	
2985	2.9871441079e-01	
2986	3.0034347723e-01	
2987	3.0322070644e-01	
2988	3.0634444632e-01	
2989	3.0963749283e-01	
2990	3.1306938547e-01	
2991	3.1616236650e-01	
2992	3.1914843457e-01	
2993	3.2130028674e-01	
2994	3.2172993541e-01	
2995	3.2067795636e-01	
2996	3.1873165885e-01	
2997	3.1595531101e-01	
2998	3.1216336658e-01	
2999	3.0749126859e-01	
3000	3.0228251487e-01	
3001	2.9907673770e-01	
3002	2.9683973077e-01	
3003	2.9691452650e-01	
3004	2.9779307885e-01	
3005	2.9908816912e-01	
3006	3.0123460812e-01	
3007	3.0443585590e-01	
3008	3.0741890644e-01	
3009	3.1081664192e-01	
3010	3.1419744179e-01	
3011	3.1705454120e-01	
3012	3.1988011419e-01	
3013	3.2164064019e-01	
3014	3.2136848887e-01	
3015	3.1999907954e-01	
3016	3.1794691087e-01	
3017	3.1470861464e-01	
3018	3.1070847428e-01	
3019	3.0556243676e-01	
3020	3.0119520584e-01	
3021	2.9800339597e-01	
3022	2.9671082964e-01	
3023	2.9715277938e-01	
3024	2.9828842584e-01	
3025	2.9958815106e-01	
3026	3.0204548210e-01	
3027	3.0542554804e-01	
3028	3.0850582469e-01	
3029	3.1196450949e-01	
3030	3.1519273953e-01	
3031	3.1816943512e-01	
3032	3.2071719321e-01	
3033	3.2180065146e-01	
3034	3.2114930532e-01	
3035	3.1939100758e-01	
3036	3.1702964316e-01	
3037	3.1343568405e-01	
3038	3.0911503621e-01	
3039	3.0372160795e-01	
3040	3.0008324690e-01	
3041	2.9742230335e-01	
3042	2.9683400096e-01	
3043	2.9755790520e-01	
3044	2.9874481444e-01	
3045	3.0041797189e-01	
3046	3.0332087048e-01	
3047	3.0643844618e-01	
3048	3.0973393137e-01	
3049	3.1316951911e-01	
3050	3.1624563961e-01	
3051	3.1923367023e-01	
3052	3.2134235852e-01	
3053	3.2171699690e-01	
3054	3.2063015207e-01	
3055	3.1867962501e-01	
3056	3.1586721824e-01	
3057	3.1205984501e-01	
3058	3.0733927720e-01	
3059	3.0215453189e-01	
3060	2.9897029542e-01	
3061	2.9680794868e-01	
3062	2.9691592835e-01	
3063	2.9783078501e-01	
3064	2.9912787900e-01	
3065	3.0129285799e-01	
3066	3.0453462774e-01	
3067	3.0749677324e-01	
3068	3.1091069280e-01	
3069	3.1429129306e-01	
3070	3.1714783702e-01	
3071	3.1995172444e-01	
3072	3.2166305600e-01	
3073	3.2135061840e-01	
3074	3.1995503811e-01	
3075	3.1787440897e-01	
3076	3.1459821085e-01	
3077	3.1058305199e-01	
3078	3.0540058704e-01	
3079	3.0110895729e-01	
3080	2.9794065304e-01	
3081	2.9671985674e-01	
3082	2.9718627088e-01	
3083	2.9833158582e-01	
3084	2.9964186302e-01	
3085	3.0213701918e-01	
3086	3.0550286319e-01	
3087	3.0861019258e-01	
3088	3.1206619846e-01	
3089	3.1529403999e-01	
3090	3.1826286331e-01	
3091	3.2078563156e-01	
3092	3.2180506516e-01	
3093	3.2112305213e-01	
3094	3.1933487533e-01	
3095	3.1694405975e-01	
3096	3.1332248452e-01	
3097	3.0896753504e-01	
3098	3.0358551787e-01	
3099	2.9998457540e-01	
3100	2.9735494457e-01	
3101	2.9683549987e-01	
3102	2.9758010815e-01	
3103	2.9877674970e-01	
3104	3.0049409538e-01	
3105	3.0342410953e-01	
3106	3.0654473131e-01	
3107	3.0983635065e-01	
3108	3.1327107277e-01	
3109	3.1632365013e-01	
3110	3.1931022377e-01	
3111	3.2137838192e-01	
3112	3.2169602221e-01	
3113	3.2057514058e-01	
3114	3.1861951355e-01	
3115	3.1577010540e-01	
3116	3.1194538353e-01	
3117	3.0717449665e-01	
3118	3.0202139885e-01	
3119	2.9885595759e-01	
3120	2.9677375311e-01	
3121	2.9691549073e-01	
3122	2.9787382283e-01	
3123	2.9916442570e-01	
3124	3.0134834732e-01	
3125	3.0462687374e-01	
3126	3.0757887714e-01	
3127	3.1100991028e-01	
3128	3.1438432345e-01	
3129	3.1724802530e-01	
3130	3.2003237314e-01	
3131	3.2167987020e-01	
3132	3.2133649325e-01	
3133	3.1991030448e-01	
3134	3.1780186887e-01	
3135	3.1449484181e-01	
3136	3.1045229445e-01	
3137	3.0523575870e-01	
3138	3.0101877492e-01	
3139	2.9788545879e-01	
3140	2.9673148304e-01	
3141	2.9723013559e-01	
3142	2.9837990042e-01	
3143	2.9970561287e-01	
3144	3.0224649681e-01	
3145	3.0558756571e-01	
3146	3.0872098297e-01	
3147	3.1217331629e-01	
3148	3.1540399795e-01	
3149	3.1835947017e-01	
3150	3.2085828300e-01	
3151	3.2181047491e-01	
3152	3.2109550098e-01	
3153	3.1928537822e-01	
3154	3.1685546945e-01	
3155	3.1320527734e-01	
3156	3.0882333819e-01	
3157	3.0345245516e-01	
3158	2.9989294330e-01	
3159	2.9729714826e-01	
3160	2.9684924330e-01	
3161	2.9759639636e-01	
3162	2.9880990822e-01	
3163	3.0057199149e-01	
3164	3.0352447731e-01	
3165	3.0664755442e-01	
3166	3.0994229373e-01	
3167	3.1337019564e-01	
3168	3.1639731775e-01	
3169	3.1937951998e-01	
3170	3.2140796605e-01	
3171	3.2166595907e-01	
3172	3.2051391131e-01	
3173	3.1855211982e-01	
3174	3.1566555837e-01	
3175	3.1182278620e-01	
3176	3.0700245911e-01	
3177	3.0189027077e-01	
3178	2.9873621693e-01	
3179	2.9673286002e-01	
3180	2.9691661686e-01	
3181	2.9791264244e-01	
3182	2.9919943986e-01	
3183	3.0140121605e-01	
3184	3.0471277034e-01	
3185	3.0766774166e-01	
3186	3.1110919547e-01	
3187	3.1444356863e-01	
3188	3.1735066720e-01	
3189	3.2011910557e-01	
3190	3.2170513771e-01	
3191	3.2133046294e-01	
3192	3.1987050116e-01	
3193	3.1773427859e-01	
3194	3.1439692404e-01	
3195	3.1032077956e-01	
3196	3.0506893860e-01	
3197	3.0094096823e-01	
3198	2.9783976028e-01	
3199	2.9674381998e-01	
3200	2.9727678375e-01	
3201	2.9842877789e-01	
3202	2.9977412108e-01	
3203	3.0237065057e-01	
3204	3.0568105303e-01	
3205	3.0883194483e-01	
3206	3.1228365945e-01	
3207	3.1551256206e-01	
3208	3.1845308219e-01	
3209	3.2092677648e-01	
3210	3.2181538545e-01	
3211	3.2106417894e-01	
3212	3.1923303018e-01	
3213	3.1676226973e-01	
3214	3.1309149636e-01	
3215	3.0867472844e-01	
3216	3.0331595228e-01	
3217	2.9979912609e-01	
3218	2.9724689240e-01	
3219	2.9686278090e-01	
3220	2.9761152716e-01	
3221	2.9884097866e-01	
3222	3.0064550544e-01	
3223	3.0362164115e-01	
3224	3.0674638376e-01	
3225	3.1004896886e-01	
3226	3.1346513973e-01	
3227	3.1647295294e-01	
3228	3.1944273017e-01	
3229	3.2143776579e-01	
3230	3.2163810231e-01	
3231	3.2046054221e-01	
3232	3.1849268236e-01	
3233	3.1557052025e-01	
3234	3.1170398434e-01	
3235	3.0683361668e-01	
3236	3.0176766712e-01	
3237	2.9861098101e-01	
3238	2.9669498651e-01	
3239	2.9692338375e-01	
3240	2.9795175707e-01	
3241	2.9923614872e-01	
3242	3.0145834747e-01	
3243	3.0479716450e-01	
3244	3.0775592789e-01	
3245	3.1120434829e-01	
3246	3.1450725058e-01	
3247	3.1745142483e-01	
3248	3.2019902747e-01	
3249	3.2172974796e-01	
3250	3.2132407652e-01	
3251	3.1982786995e-01	
3252	3.1766453590e-01	
3253	3.1430292921e-01	
3254	3.1019240743e-01	
3255	3.0491021161e-01	
3256	3.0086632929e-01	
3257	2.9780221782e-01	
3258	2.9675361253e-01	
3259	2.9731813756e-01	
3260	2.9847038304e-01	
3261	2.9983156034e-01	
3262	3.0249057941e-01	
3263	3.0576093668e-01	
3264	3.0892913064e-01	
3265	3.1237822235e-01	
3266	3.1559960004e-01	
3267	3.1853507271e-01	
3268	3.2097754259e-01	
3269	3.2180910609e-01	
3270	3.2102601629e-01	
3271	3.1917377658e-01	
3272	3.1666869782e-01	
3273	3.1297805322e-01	
3274	3.0852322983e-01	
3275	3.0317834505e-01	
3276	2.9971219958e-01	
3277	2.9719878974e-01	
3278	2.9687479554e-01	
3279	2.9763141031e-01	
3280	2.9887188111e-01	
3281	3.0071803935e-01	
3282	3.0372307589e-01	
3283	3.0684441412e-01	
3284	3.1015053289e-01	
3285	3.1355886507e-01	
3286	3.1655211902e-01	
3287	3.1950249770e-01	
3288	3.2146698187e-01	
3289	3.2161300994e-01	
3290	3.2041535855e-01	
3291	3.1844339624e-01	
3292	3.1548700714e-01	
3293	3.1159465126e-01	
3294	3.0667994331e-01	
3295	3.0168654142e-01	
3296	2.9851834936e-01	
3297	2.9669025301e-01	
3298	2.9694219377e-01	
3299	2.9799423155e-01	
3300	2.9927697868e-01	
3301	3.0151897534e-01	
3302	3.0488305811e-01	
3303	3.0784179399e-01	
3304	3.1129764458e-01	
3305	3.1458604651e-01	
3306	3.1754399159e-01	
3307	3.2026913786e-01	
3308	3.2175116087e-01	
3309	3.2131680707e-01	
3310	3.1978734503e-01	
3311	3.1759924897e-01	
3312	3.1421640165e-01	
3313	3.1007526609e-01	
3314	3.0476428372e-01	
3315	3.0079079765e-01	
3316	2.9777258065e-01	
3317	2.9676618395e-01	
3318	2.9735118577e-01	
3319	2.9850549861e-01	
3320	2.9988535968e-01	
3321	3.0259497109e-01	
3322	3.0583189894e-01	
3323	3.0901606012e-01	
3324	3.1246160647e-01	
3325	3.1567483779e-01	
3326	3.1861506421e-01	
3327	3.2101345617e-01	
3328	3.2180183671e-01	
3329	3.2098405570e-01	
3330	3.1911440698e-01	
3331	3.1657863583e-01	
3332	3.1286662895e-01	
3333	3.0838702743e-01	
3334	3.0305657429e-01	
3335	2.9963723218e-01	
3336	2.9714959673e-01	
3337	2.9688219211e-01	
3338	2.9764796849e-01	
3339	2.9889679178e-01	
3340	3.0078494665e-01	
3341	3.0381549969e-01	
3342	3.0693305298e-01	
3343	3.1024024556e-01	
3344	3.1364625434e-01	
3345	3.1662228214e-01	
3346	3.1955434300e-01	
3347	3.2149048467e-01	
3348	3.2158950047e-01	
3349	3.2037124028e-01	
3350	3.1839754677e-01	
3351	3.1540354567e-01	
3352	3.1149807614e-01	
3353	3.0654744759e-01	
3354	3.0161420653e-01	
3355	2.9845029473e-01	
3356	2.9669770799e-01	
3357	2.9696627014e-01	
3358	2.9803251502e-01	
3359	2.9931849789e-01	
3360	3.0157604891e-01	
3361	3.0495993544e-01	
3362	3.0791765960e-01	
3363	3.1138072414e-01	
3364	3.1465876586e-01	
3365	3.1762715247e-01	
3366	3.2032942051e-01	
3367	3.2176528723e-01	
3368	3.2130479640e-01	
3369	3.1974848510e-01	
3370	3.1754433526e-01	
3371	3.1413367427e-01	
3372	3.0996891789e-01	
3373	3.0463242791e-01	
3374	3.0072186204e-01	
3375	2.9774535427e-01	
3376	2.9678033333e-01	
3377	2.9738069166e-01	
3378	2.9853675363e-01	
3379	2.9993729093e-01	
3380	3.0268234101e-01	
3381	3.0589623453e-01	
3382	3.0909759239e-01	
3383	3.1253859356e-01	
3384	3.1574237971e-01	
3385	3.1868842116e-01	
3386	3.2104708226e-01	
3387	3.2179440494e-01	
3388	3.2094604597e-01	
3389	3.1906082584e-01	
3390	3.1649842755e-01	
3391	3.1277728623e-01	
3392	3.0827134920e-01	
3393	3.0295505238e-01	
3394	2.9956741069e-01	
3395	2.9710356869e-01	
3396	2.9688690636e-01	
3397	2.9766065210e-01	
3398	2.9891847078e-01	
3399	3.0084233339e-01	
3400	3.0389540587e-01	
3401	3.0700643535e-01	
3402	3.1031507848e-01	
3403	3.1371904684e-01	
3404	3.1667938201e-01	
3405	3.1959377410e-01	
3406	3.2150756131e-01	
3407	3.2155967176e-01	
3408	3.2032567869e-01	
3409	3.1834865319e-01	
3410	3.1531644569e-01	
3411	3.1139864450e-01	
3412	3.0642209169e-01	
3413	3.0154453019e-01	
3414	2.9839018307e-01	
3415	2.9669599409e-01	
3416	2.9698238947e-01	
3417	2.9806655568e-01	
3418	2.9935308750e-01	
3419	3.0162851431e-01	
3420	3.0502584390e-01	
3421	3.0798910380e-01	
3422	3.1145556701e-01	
3423	3.1472204429e-01	
3424	3.1769999220e-01	
3425	3.2038148768e-01	
3426	3.2177493966e-01	
3427	3.2128980468e-01	
3428	3.1970971928e-01	
3429	3.1749026331e-01	
3430	3.1405145464e-01	
3431	3.0987061795e-01	
3432	3.0451090785e-01	
3433	3.0065638160e-01	
3434	2.9771700000e-01	
3435	2.9679030699e-01	
3436	2.9740705684e-01	
3437	2.9856329702e-01	
3438	2.9998975444e-01	
3439	3.0275442676e-01	
3440	3.0595725401e-01	
3441	3.0917145361e-01	
3442	3.1260616121e-01	
3443	3.1579728330e-01	
3444	3.1875128556e-01	
3445	3.2107440308e-01	
3446	3.2177924606e-01	
3447	3.2090290886e-01	
3448	3.1900478761e-01	
3449	3.1641737182e-01	
3450	3.1269162925e-01	
3451	3.0815794146e-01	
3452	3.0285756754e-01	
3453	2.9949355476e-01	
3454	2.9705966439e-01	
3455	2.9689141557e-01	
3456	2.9767430051e-01	
3457	2.9894017136e-01	
3458	3.0089920533e-01	
3459	3.0397036942e-01	
3460	3.0706634053e-01	
3461	3.1038770870e-01	
3462	3.1378785304e-01	
3463	3.1673262401e-01	
3464	3.1962606190e-01	
3465	3.2152156262e-01	
3466	3.2152988265e-01	
3467	3.2027497208e-01	
3468	3.1829274209e-01	
3469	3.1523108843e-01	
3470	3.1130243209e-01	
3471	3.0629862855e-01	
3472	3.0148062761e-01	
3473	2.9833231598e-01	
3474	2.9669661110e-01	
3475	2.9700375545e-01	
3476	2.9809982998e-01	
3477	2.9938658386e-01	
3478	3.0168487612e-01	
3479	3.0509147804e-01	
3480	3.0806500853e-01	
3481	3.1153473925e-01	
3482	3.1478637763e-01	
3483	3.1777438086e-01	
3484	3.2043566225e-01	
3485	3.2178529918e-01	
3486	3.2127588519e-01	
3487	3.1967184491e-01	
3488	3.1743459459e-01	
3489	3.1396771585e-01	
3490	3.0976826473e-01	
3491	3.0438486922e-01	
3492	3.0059017877e-01	
3493	2.9768766938e-01	
3494	2.9679949258e-01	
3495	2.9743472348e-01	
3496	2.9859041572e-01	
3497	3.0004849557e-01	
3498	3.0283293714e-01	
3499	3.0602267798e-01	
3500	3.0925225356e-01	
3501	3.1267907860e-01	
3502	3.1585481151e-01	
3503	3.1881448394e-01	
3504	3.2110652904e-01	
3505	3.2176527933e-01	
3506	3.2085949986e-01	
3507	3.1895127497e-01	
3508	3.1633269538e-01	
3509	3.1259863031e-01	
3510	3.0803878137e-01	
3511	3.0275494982e-01	
3512	2.9941774904e-01	
3513	2.9701651701e-01	
3514	2.9689822515e-01	
3515	2.9768916898e-01	
3516	2.9896257353e-01	
3517	3.0095659046e-01	
3518	3.0404987549e-01	
3519	3.0712895530e-01	
3520	3.1046548692e-01	
3521	3.1385834151e-01	
3522	3.1678189846e-01	
3523	3.1966602880e-01	
3524	3.2153908812e-01	
3525	3.2149653345e-01	
3526	3.2022214282e-01	
3527	3.1823126036e-01	
3528	3.1513468039e-01	
3529	3.1120341143e-01	
3530	3.0617073389e-01	
3531	3.0142454336e-01	
3532	2.9827074884e-01	
3533	2.9669415119e-01	
3534	2.9702871127e-01	
3535	2.9813616840e-01	
3536	2.9941702745e-01	
3537	3.0174310990e-01	
3538	3.0515685638e-01	
3539	3.0814531496e-01	
3540	3.1161513314e-01	
3541	3.1485357062e-01	
3542	3.1785081515e-01	
3543	3.2049135558e-01	
3544	3.2179527934e-01	
3545	3.2125943037e-01	
3546	3.1963071969e-01	
3547	3.1737257190e-01	
3548	3.1387880921e-01	
3549	3.0965668252e-01	
3550	3.0425692343e-01	
3551	3.0052045152e-01	
3552	2.9765756588e-01	
3553	2.9681341593e-01	
3554	2.9746443409e-01	
3555	2.9862219915e-01	
3556	3.0011641010e-01	
3557	3.0292097055e-01	
3558	3.0609462231e-01	
3559	3.0934168476e-01	
3560	3.1276204886e-01	
3561	3.1591767257e-01	
3562	3.1887976902e-01	
3563	3.2114433251e-01	
3564	3.2175522590e-01	
3565	3.2081775886e-01	
3566	3.1889906795e-01	
3567	3.1624721387e-01	
3568	3.1250295499e-01	
3569	3.0791873851e-01	
3570	3.0265270777e-01	
3571	2.9934105970e-01	
3572	2.9697106626e-01	
3573	2.9690489649e-01	
3574	2.9770785864e-01	
3575	2.9898393399e-01	
3576	3.0101209172e-01	
3577	3.0413134030e-01	
3578	3.0719033049e-01	
3579	3.1054297428e-01	
3580	3.1392120470e-01	
3581	3.1683210812e-01	
3582	3.1971104323e-01	
3583	3.2156095219e-01	
3584	3.2146352898e-01	
3585	3.2017220947e-01	
3586	3.1817453031e-01	
3587	3.1504401533e-01	
3588	3.1109922268e-01	
3589	3.0604359798e-01	
3590	3.0138103807e-01	
3591	2.9821293466e-01	
3592	2.9669550877e-01	
3593	2.9705650508e-01	
3594	2.9817402246e-01	
3595	2.9945159255e-01	
3596	3.0180631312e-01	
3597	3.0521535448e-01	
3598	3.0822345427e-01	
3599	3.1169110708e-01	
3600	3.1492921730e-01	
3601	3.1792303884e-01	
3602	3.2054309043e-01	
3603	3.2180222882e-01	
3604	3.2123793906e-01	
3605	3.1958419937e-01	
3606	3.1730800027e-01	
3607	3.1378730056e-01	
3608	3.0954205378e-01	
3609	3.0413269729e-01	
3610	3.0043419242e-01	
3611	2.9761947393e-01	
3612	2.9683336089e-01	
3613	2.9749179561e-01	
3614	2.9865211134e-01	
3615	3.0018369877e-01	
3616	3.0300826698e-01	
3617	3.0616756573e-01	
3618	3.0943041932e-01	
3619	3.1284635384e-01	
3620	3.1598014531e-01	
3621	3.1895231405e-01	
3622	3.2118447087e-01	
3623	3.2174797462e-01	
3624	3.2077614166e-01	
3625	3.1884736770e-01	
3626	3.1616174457e-01	
3627	3.1240743697e-01	
3628	3.0779927490e-01	
3629	3.0254876087e-01	
3630	2.9926678690e-01	
3631	2.9692948443e-01	
3632	2.9690979079e-01	
3633	2.9772415023e-01	
3634	2.9900569365e-01	
3635	3.0107513650e-01	
3636	3.0420876510e-01	
3637	3.0724849238e-01	
3638	3.1061517993e-01	
3639	3.1398134929e-01	
3640	3.1688235522e-01	
3641	3.1975318467e-01	
3642	3.2158144980e-01	
3643	3.2142854076e-01	
3644	3.2012125087e-01	
3645	3.1811493353e-01	
3646	3.1495125568e-01	
3647	3.1099416076e-01	
3648	3.0591550633e-01	
3649	3.0133447218e-01	
3650	2.9815412943e-01	
3651	2.9669605274e-01	
3652	2.9708415847e-01	
3653	2.9820994240e-01	
3654	2.9948731092e-01	
3655	3.0186880330e-01	
3656	3.0526889966e-01	
3657	3.0829731958e-01	
3658	3.1176160511e-01	
3659	3.1499932071e-01	
3660	3.1798758604e-01	
3661	3.2058950339e-01	
3662	3.2180479400e-01	
3663	3.2121553342e-01	
3664	3.1953541763e-01	
3665	3.1723546343e-01	
3666	3.1369323870e-01	
3667	3.0942943353e-01	
3668	3.0402519261e-01	
3669	3.0033302027e-01	
3670	2.9757274429e-01	
3671	2.9683985581e-01	
3672	2.9751065257e-01	
3673	2.9867512777e-01	
3674	3.0024380032e-01	
3675	3.0308893411e-01	
3676	3.0623495851e-01	
3677	3.0951386948e-01	
3678	3.1293142096e-01	
3679	3.1604710580e-01	
3680	3.1902653574e-01	
3681	3.2123043784e-01	
3682	3.2174226284e-01	
3683	3.2073875150e-01	
3684	3.1880157104e-01	
3685	3.1608220516e-01	
3686	3.1231189988e-01	
3687	3.0768254914e-01	
3688	3.0244795830e-01	
3689	2.9919985200e-01	
3690	2.9689236547e-01	
3691	2.9691337765e-01	
3692	2.9774336644e-01	
3693	2.9903532457e-01	
3694	3.0114236043e-01	
3695	3.0429220698e-01	
3696	3.0731221324e-01	
3697	3.1069170614e-01	
3698	3.1406349859e-01	
3699	3.1694379195e-01	
3700	3.1979993700e-01	
3701	3.2160603191e-01	
3702	3.2140463329e-01	
3703	3.2007506810e-01	
3704	3.1805325658e-01	
3705	3.1486019455e-01	
3706	3.1088731393e-01	
3707	3.0578366593e-01	
3708	3.0128310393e-01	
3709	2.9809578617e-01	
3710	2.9670156647e-01	
3711	2.9710912144e-01	
3712	2.9823776220e-01	
3713	2.9952125187e-01	
3714	3.0193176854e-01	
3715	3.0532501882e-01	
3716	3.0836897506e-01	
3717	3.1183471778e-01	
3718	3.1506671366e-01	
3719	3.1804773505e-01	
3720	3.2063332658e-01	
3721	3.2180039691e-01	
3722	3.2118887082e-01	
3723	3.1948010375e-01	
3724	3.1715595460e-01	
3725	3.1359252761e-01	
3726	3.0931353970e-01	
3727	3.0391522721e-01	
3728	3.0023310590e-01	
3729	2.9752368502e-01	
3730	2.9683917012e-01	
3731	2.9752551243e-01	
3732	2.9869924079e-01	
3733	3.0030698045e-01	
3734	3.0317328349e-01	
3735	3.0630607859e-01	
3736	3.0959397400e-01	
3737	3.1302133466e-01	
3738	3.1612264405e-01	
3739	3.1910725090e-01	
3740	3.2128091810e-01	
3741	3.2173775268e-01	
3742	3.2070231490e-01	
3743	3.1875848551e-01	
3744	3.1600172494e-01	
3745	3.1221521082e-01	
3746	3.0755995165e-01	
3747	3.0234332999e-01	
3748	2.9912621417e-01	
3749	2.9685600366e-01	
3750	2.9691328845e-01	
3751	2.9777586813e-01	
3752	2.9907027607e-01	
3753	3.0120300096e-01	
3754	3.0438556888e-01	
3755	3.0738101879e-01	
3756	3.1077133027e-01	
3757	3.1414910701e-01	
3758	3.1701013146e-01	
3759	3.1984807427e-01	
3760	3.2162620100e-01	
3761	3.2137838311e-01	
3762	3.2002303422e-01	
3763	3.1798208893e-01	
3764	3.1476045603e-01	
3765	3.1077007913e-01	
3766	3.0564080903e-01	
3767	3.0122794354e-01	
3768	2.9803462271e-01	
3769	2.9670611604e-01	
3770	2.9713589015e-01	
3771	2.9826904735e-01	
3772	2.9956203135e-01	
3773	3.0200273898e-01	
3774	3.0538829702e-01	
3775	3.0845554393e-01	
3776	3.1191671076e-01	
3777	3.1514597904e-01	
3778	3.1812395218e-01	
3779	3.2068514167e-01	
3780	3.2179894840e-01	
3781	3.2116248988e-01	
3782	3.1942114533e-01	
3783	3.1707390218e-01	
3784	3.1349066690e-01	
3785	3.0918625839e-01	
3786	3.0379209229e-01	
3787	3.0013403754e-01	
3788	2.9745753885e-01	
3789	2.9683562027e-01	
3790	2.9754649242e-01	
3791	2.9872846748e-01	
3792	3.0037843109e-01	
3793	3.0326766013e-01	
3794	3.0638773735e-01	
3795	3.0968111650e-01	
3796	3.1311699022e-01	
3797	3.1620296899e-01	
3798	3.1918952181e-01	
3799	3.2131983551e-01	
3800	3.2172270593e-01	
3801	3.2065474033e-01	
3802	3.1870636123e-01	
3803	3.1591221706e-01	
3804	3.1211408094e-01	
3805	3.0742121103e-01	
3806	3.0222119101e-01	
3807	2.9902686783e-01	
3808	2.9682446873e-01	
3809	2.9691564187e-01	
3810	2.9781008486e-01	
3811	2.9910762818e-01	
3812	3.0126326460e-01	
3813	3.0448434149e-01	
3814	3.0745718444e-01	
3815	3.1086253857e-01	
3816	3.1424421705e-01	
3817	3.1710030960e-01	
3818	3.1991404327e-01	
3819	3.2165609523e-01	
3820	3.2136200508e-01	
3821	3.1998392511e-01	
3822	3.1791817667e-01	
3823	3.1466128488e-01	
3824	3.1065470392e-01	
3825	3.0548908029e-01	
3826	3.0115794287e-01	
3827	2.9797353561e-01	
3828	2.9671394498e-01	
3829	2.9716579324e-01	
3830	2.9830639676e-01	
3831	2.9961211103e-01	
3832	3.0208413525e-01	
3833	3.0545927940e-01	
3834	3.0855156900e-01	
3835	3.1200964418e-01	
3836	3.1523687916e-01	
3837	3.1821016736e-01	
3838	3.2074594899e-01	
3839	3.2180126364e-01	
3840	3.2113598920e-01	
3841	3.1936457549e-01	
3842	3.1699011484e-01	
3843	3.1338533219e-01	
3844	3.0904919205e-01	
3845	3.0365738645e-01	
3846	3.0003651797e-01	
3847	2.9739035600e-01	
3848	2.9683187224e-01	
3849	2.9756719659e-01	
3850	2.9875861892e-01	
3851	3.0045190695e-01	
3852	3.0336754146e-01	
3853	3.0648630638e-01	
3854	3.0978074509e-01	
3855	3.1321551962e-01	
3856	3.1628205598e-01	
3857	3.1927036018e-01	
3858	3.2136081321e-01	
3859	3.2171019893e-01	
3860	3.2060723753e-01	
3861	3.1865441667e-01	
3862	3.1582535908e-01	
3863	3.1201000757e-01	
3864	3.0726477733e-01	
3865	3.0209512125e-01	
3866	2.9891939147e-01	
3867	2.9679513190e-01	
3868	2.9691726762e-01	
3869	2.9785168070e-01	
3870	2.9914644574e-01	
3871	3.0132037625e-01	
3872	3.0458160891e-01	
3873	3.0753387286e-01	
3874	3.1095583247e-01	
3875	3.1433555919e-01	
3876	3.1719315683e-01	
3877	3.1998715303e-01	
3878	3.2167084050e-01	
3879	3.2134356277e-01	
3880	3.1993365661e-01	
3881	3.1784014938e-01	
3882	3.1454865843e-01	
3883	3.1052301708e-01	
3884	3.0532471162e-01	
3885	3.0106639608e-01	
3886	2.9791312424e-01	
3887	2.9672491317e-01	
3888	2.9720578837e-01	
3889	2.9835295625e-01	
3890	2.9966949453e-01	
3891	3.0218505674e-01	
3892	3.0554031790e-01	
3893	3.0866074680e-01	
3894	3.1211474364e-01	
3895	3.1534430412e-01	
3896	3.1830838148e-01	
3897	3.2082075933e-01	
3898	3.2180853881e-01	
3899	3.2111207268e-01	
3900	3.1931316890e-01	
3901	3.1690538509e-01	
3902	3.1326889174e-01	
3903	3.0890001768e-01	
3904	3.0352390965e-01	
3905	2.9994236430e-01	
3906	2.9732810689e-01	
3907	2.9684239985e-01	
3908	2.9759052538e-01	
3909	2.9879344251e-01	
3910	3.0053288243e-01	
3911	3.0347365523e-01	
3912	3.0659535239e-01	
3913	3.0988677028e-01	
3914	3.1332001182e-01	
3915	3.1635872818e-01	
3916	3.1934376291e-01	
3917	3.2139310672e-01	
3918	3.2168222134e-01	
3919	3.2054669759e-01	
3920	3.1858798653e-01	
3921	3.1572095255e-01	
3922	3.1188757623e-01	
3923	3.0709256786e-01	
3924	3.0195830678e-01	
3925	2.9880069777e-01	
3926	2.9675446030e-01	
3927	2.9691580873e-01	
3928	2.9789267485e-01	
3929	2.9918113218e-01	
3930	3.0137349229e-01	
3931	3.0466643153e-01	
3932	3.0762092054e-01	
3933	3.1105792567e-01	
3934	3.1441200957e-01	
3935	3.1729683257e-01	
3936	3.2007511889e-01	
3937	3.2169078903e-01	
3938	3.2133360691e-01	
3939	3.1989225751e-01	
3940	3.1777061339e-01	
3941	3.1444829809e-01	
3942	3.1039010332e-01	
3943	3.0515601525e-01	
3944	3.0098274911e-01	
3945	2.9786419434e-01	
3946	2.9673768054e-01	
3947	2.9725225633e-01	
3948	2.9840452579e-01	
3949	2.9973823483e-01	
3950	3.0230502006e-01	
3951	3.0563262260e-01	
3952	3.0877524458e-01	
3953	3.1222510618e-01	
3954	3.1545519111e-01	
3955	3.1840307205e-01	
3956	3.2089018594e-01	
3957	3.2181176197e-01	
3958	3.2108045854e-01	
3959	3.1926037993e-01	
3960	3.1681067318e-01	
3961	3.1314974959e-01	
3962	3.0875419713e-01	
3963	3.0338801167e-01	
3964	2.9984849098e-01	
3965	2.9727266581e-01	
3966	2.9685533516e-01	
3967	2.9760265941e-01	
3968	2.9882390068e-01	
3969	3.0060597484e-01	
3970	3.0356895073e-01	
3971	3.0669337659e-01	
3972	3.0999163513e-01	
3973	3.1341418221e-01	
3974	3.1643213455e-01	
3975	3.1940859244e-01	
3976	3.2142081562e-01	
3977	3.2165117123e-01	
3978	3.2048553910e-01	
3979	3.1852096257e-01	
3980	3.1561801230e-01	
3981	3.1176452012e-01	
3982	3.0692046258e-01	
3983	3.0182853372e-01	
3984	2.9867535475e-01	
3985	2.9671443421e-01	
3986	2.9691964066e-01	
3987	2.9793194663e-01	
3988	2.9921631703e-01	
3989	3.0142787136e-01	
3990	3.0475255574e-01	
3991	3.0770971363e-01	
3992	3.1115434567e-01	
3993	3.1447226903e-01	
3994	3.1739923494e-01	
3995	3.2015759391e-01	
3996	3.2171669790e-01	
3997	3.2132701417e-01	
3998	3.1984996910e-01	
3999	3.1770045563e-01	
4000	3.1435128947e-01	
4001	3.1025760650e-01	
4002	3.0499159184e-01	
4003	3.0090512673e-01	
4004	2.9781543812e-01	
4005	2.9674728386e-01	
4006	2.9729781570e-01	
4007	2.9844960695e-01	
4008	2.9980266973e-01	
4009	3.0242898572e-01	
4010	3.0572044874e-01	
4011	3.0887941672e-01	
4012	3.1233068004e-01	
4013	3.1555591726e-01	
4014	3.1849216970e-01	
4015	3.2095328998e-01	
4016	3.2181407197e-01	
4017	3.2104715182e-01	
4018	3.1920600362e-01	
4019	3.1671823523e-01	
4020	3.1303873737e-01	
4021	3.0860202759e-01	
4022	3.0324894464e-01	
4023	2.9975633062e-01	
4024	2.9722561058e-01	
4025	2.9686948967e-01	
4026	2.9762068729e-01	
4027	2.9885637521e-01	
4028	3.0067977041e-01	
4029	3.0366929657e-01	
4030	3.0679290879e-01	
4031	3.1009776764e-01	
4032	3.1350827582e-01	
4033	3.1650985411e-01	
4034	3.1947078694e-01	
4035	3.2145136879e-01	
4036	3.2162486997e-01	
4037	3.2043887161e-01	
4038	3.1846883720e-01	
4039	3.1553277718e-01	
4040	3.1165038063e-01	
4041	3.0675918522e-01	
4042	3.0172748343e-01	
4043	2.9855915479e-01	
4044	2.9668743095e-01	
4045	2.9692952150e-01	
4046	2.9797027178e-01	
4047	2.9925377954e-01	
4048	3.0148573402e-01	
4049	3.0483703374e-01	
4050	3.0779620746e-01	
4051	3.1124814191e-01	
4052	3.1454449770e-01	
4053	3.1749535884e-01	
4054	3.2023269024e-01	
4055	3.2174068912e-01	
4056	3.2132124657e-01	
4057	3.1980935602e-01	
4058	3.1763418067e-01	
4059	3.1426277336e-01	
4060	3.1013712822e-01	
4061	3.0484172344e-01	
4062	3.0083071253e-01	
4063	2.9778915398e-01	
4064	2.9676049072e-01	
4065	2.9733441492e-01	
4066	2.9848824767e-01	
4067	2.9985732059e-01	
4068	3.0254198493e-01	
4069	3.0579533092e-01	
4070	3.0897120727e-01	
4071	3.1241844278e-01	
4072	3.1563661312e-01	
4073	3.1857268011e-01	
4074	3.2099517615e-01	
4075	3.2180537309e-01	
4076	3.2100531925e-01	
4077	3.1914496368e-01	
4078	3.1662527223e-01	
4079	3.1292457590e-01	
4080	3.0845742986e-01	
4081	3.0311946537e-01	
4082	2.9967617498e-01	
4083	2.9717501559e-01	
4084	2.9687817164e-01	
4085	2.9763900002e-01	
4086	2.9888334941e-01	
4087	3.0074979573e-01	
4088	3.0376819488e-01	
4089	3.0688751629e-01	
4090	3.1019384877e-01	
4091	3.1360085939e-01	
4092	3.1658659346e-01	
4093	3.1952840818e-01	
4094	3.2147888072e-01	
4095	3.2160277651e-01	
4096	3.2039491960e-01	
4097	3.1842171891e-01	
4098	3.1544811015e-01	
4099	3.1154864605e-01	
4100	3.0661667299e-01	
4101	3.0165171510e-01	
4102	2.9848533019e-01	
4103	2.9669350153e-01	
4104	2.9695331512e-01	
4105	2.9801238492e-01	
4106	2.9929791617e-01	
4107	3.0154761204e-01	
4108	3.0492042036e-01	
4109	3.0787881737e-01	
4110	3.1133823098e-01	
4111	3.1462107326e-01	
4112	3.1758422818e-01	
4113	3.2029858451e-01	
4114	3.2175892131e-01	
4115	3.2131236965e-01	
4116	3.1976925747e-01	
4117	3.1757306161e-01	
4118	3.1417794053e-01	
4119	3.1002459687e-01	
4120	3.0470173751e-01	
4121	3.0075852556e-01	
4122	2.9775960163e-01	
4123	2.9677234751e-01	
4124	2.9736593013e-01	
4125	2.9851967242e-01	
4126	2.9990915569e-01	
4127	3.0263841357e-01	
4128	3.0586199622e-01	
4129	3.0905468670e-01	
4130	3.1249814479e-01	
4131	3.1570692544e-01	
4132	3.1865022817e-01	
4133	3.2102880674e-01	
4134	3.2179905829e-01	
4135	3.2096656430e-01	
4136	3.1908964229e-01	
4137	3.1654107941e-01	
4138	3.1282262109e-01	
4139	3.0833430788e-01	
4140	3.0300896981e-01	
4141	2.9960504876e-01	
4142	2.9712772064e-01	
4143	2.9688427739e-01	
4144	2.9765363072e-01	
4145	2.9890693854e-01	
4146	3.0081187858e-01	
4147	3.0385299806e-01	
4148	3.0696807252e-01	
4149	3.1027564872e-01	
4150	3.1368096985e-01	
4151	3.1664936899e-01	
4152	3.1957300045e-01	
4153	3.2149902310e-01	
4154	3.2157627538e-01	
4155	3.2035054069e-01	
4156	3.1837549586e-01	
4157	3.1536378143e-01	
4158	3.1145431311e-01	
4159	3.0649034900e-01	
4160	3.0158217584e-01	
4161	2.9842201876e-01	
4162	2.9669717764e-01	
4163	2.9697427113e-01	
4164	2.9804850707e-01	
4165	2.9933503632e-01	
4166	3.0159960150e-01	
4167	3.0499017810e-01	
4168	3.0794904417e-01	
4169	3.1141448837e-01	
4170	3.1468764248e-01	
4171	3.1766047639e-01	
4172	3.2035298267e-01	
4173	3.2176928094e-01	
4174	3.2129733582e-01	
4175	3.1973034065e-01	
4176	3.1751923849e-01	
4177	3.1409592165e-01	
4178	3.0992361555e-01	
4179	3.0457628926e-01	
4180	3.0069184328e-01	
4181	2.9773298410e-01	
4182	2.9678549990e-01	
4183	2.9739282271e-01	
4184	2.9854950225e-01	
4185	2.9996136037e-01	
4186	3.0271547969e-01	
4187	3.0592411617e-01	
4188	3.0913133578e-01	
4189	3.1256971391e-01	
4190	3.1576915592e-01	
4191	3.1871756713e-01	
4192	3.2106017497e-01	
4193	3.2178823938e-01	
4194	3.2092702666e-01	
4195	3.1903542157e-01	
4196	3.1646192204e-01	
4197	3.1273867460e-01	
4198	3.0821978931e-01	
4199	3.0291041602e-01	
4200	2.9953385958e-01	
4201	2.9708359965e-01	
4202	2.9688927825e-01	
4203	2.9766714138e-01	
4204	2.9892786277e-01	
4205	3.0086820607e-01	
4206	3.0393004894e-01	
4207	3.0703415680e-01	
4208	3.1034806696e-01	
4209	3.1375029795e-01	
4210	3.1670402181e-01	
4211	3.1960919070e-01	
4212	3.2151409733e-01	
4213	3.2154603222e-01	
4214	3.2030211433e-01	
4215	3.1832337969e-01	
4216	3.1527755707e-01	
4217	3.1135238931e-01	
4218	3.0636541800e-01	
4219	3.0151532128e-01	
4220	2.9836464831e-01	
4221	2.9669703140e-01	
4222	2.9699291664e-01	
4223	2.9808204717e-01	
4224	2.9936875067e-01	
4225	3.0165448766e-01	
4226	3.0505618237e-01	
4227	3.0802402163e-01	
4228	3.1149196670e-01	
4229	3.1475186903e-01	
4230	3.1773399890e-01	
4231	3.2040642756e-01	
4232	3.2178010059e-01	
4233	3.2128367509e-01	
4234	3.1969251899e-01	
4235	3.1746552828e-01	
4236	3.1401325928e-01	
4237	3.0982478990e-01	
4238	3.0445362983e-01	
4239	3.0062583356e-01	
4240	2.9770323894e-01	
4241	2.9679427277e-01	
4242	2.9741949484e-01	
4243	2.9857537070e-01	
4244	3.0001540314e-01	
4245	3.0278905313e-01	
4246	3.0598694732e-01	
4247	3.0920700604e-01	
4248	3.1263826801e-01	
4249	3.1582296772e-01	
4250	3.1878038355e-01	
4251	3.2108809243e-01	
4252	3.2177226887e-01	
4253	3.2088263447e-01	
4254	3.1898038612e-01	
4255	3.1637917268e-01	
4256	3.1264968093e-01	
4257	3.0810373762e-01	
4258	3.0281076201e-01	
4259	2.9945915610e-01	
4260	2.9703972599e-01	
4261	2.9689377026e-01	
4262	2.9768036040e-01	
4263	2.9894987368e-01	
4264	3.0092662974e-01	
4265	3.0400674595e-01	
4266	3.0709441752e-01	
4267	3.1042260521e-01	
4268	3.1381955084e-01	
4269	3.1675442657e-01	
4270	3.1964157496e-01	
4271	3.2152888293e-01	
4272	3.2151402828e-01	
4273	3.2025080532e-01	
4274	3.1826460596e-01	
4275	3.1518473179e-01	
4276	3.1125850025e-01	
4277	3.0624078796e-01	
4278	3.0145083310e-01	
4279	2.9830358931e-01	
4280	2.9669489539e-01	
4281	2.9701424412e-01	
4282	2.9811518749e-01	
4283	2.9940132235e-01	
4284	3.0171035847e-01	
4285	3.0512224476e-01	
4286	3.0810105957e-01	
4287	3.1157163354e-01	
4288	3.1481604013e-01	
4289	3.1780963248e-01	
4290	3.2046118369e-01	
4291	3.2178992471e-01	
4292	3.2126903648e-01	
4293	3.1965400474e-01	
4294	3.1740730404e-01	
4295	3.1392774530e-01	
4296	3.0971760208e-01	
4297	3.0432761176e-01	
4298	3.0055911167e-01	
4299	2.9767349089e-01	
4300	2.9680430353e-01	
4301	2.9744817879e-01	
4302	2.9860426428e-01	
4303	3.0007779164e-01	
4304	3.0287228762e-01	
4305	3.0605435752e-01	
4306	3.0929206566e-01	
4307	3.1271552643e-01	
4308	3.1588307777e-01	
4309	3.1884403187e-01	
4310	3.2112330611e-01	
4311	3.2176023058e-01	
4312	3.2084046040e-01	
4313	3.1892722505e-01	
4314	3.1629386842e-01	
4315	3.1255514980e-01	
4316	3.0798429891e-01	
4317	3.0270873881e-01	
4318	2.9938255905e-01	
4319	2.9699623195e-01	
4320	2.9690230385e-01	
4321	2.9769837245e-01	
4322	2.9897312783e-01	
4323	3.0098126539e-01	
4324	3.0408705134e-01	
4325	3.0715794232e-01	
4326	3.1050185085e-01	
4327	3.1389097048e-01	
4328	3.1680547119e-01	
4329	3.1968726406e-01	
4330	3.2154847186e-01	
4331	3.2148241225e-01	
4332	3.2019932571e-01	
4333	3.1820564477e-01	
4334	3.1509342909e-01	
4335	3.1115623339e-01	
4336	3.0611190068e-01	
4337	3.0140516297e-01	
4338	2.9824427076e-01	
4339	2.9669464334e-01	
4340	2.9704146639e-01	
4341	2.9815380549e-01	
4342	2.9943285913e-01	
4343	3.0177198611e-01	
4344	3.0518466455e-01	
4345	3.0818182127e-01	
4346	3.1165091383e-01	
4347	3.1488948000e-01	
4348	3.1788503168e-01	
4349	3.2051607086e-01	
4350	3.2179957109e-01	
4351	3.2125064620e-01	
4352	3.1961051235e-01	
4353	3.1734381042e-01	
4354	3.1383776948e-01	
4355	3.0960471919e-01	
4356	3.0419838835e-01	
4357	3.0048865428e-01	
4358	2.9764452571e-01	
4359	2.9682616944e-01	
4360	2.9747839013e-01	
4361	2.9863739809e-01	
4362	3.0014922395e-01	
4363	3.0296270738e-01	
4364	3.0612917324e-01	
4365	3.0938354438e-01	
4366	3.1280086777e-01	
4367	3.1594565989e-01	
4368	3.1891242394e-01	
4369	3.2116170159e-01	
4370	3.2174943559e-01	
4371	3.2079688809e-01	
4372	3.1887422980e-01	
4373	3.1620595603e-01	
4374	3.1245793863e-01	
4375	3.0786259546e-01	
4376	3.0260439672e-01	
4377	2.9930599612e-01	
4378	2.9695015361e-01	
4379	2.9690588941e-01	
4380	2.9771561020e-01	
4381	2.9899232895e-01	
4382	3.0103974933e-01	
4383	3.0416628083e-01	
4384	3.0721605015e-01	
4385	3.1057516750e-01	
4386	3.1394479643e-01	
4387	3.1685288803e-01	
4388	3.1972952283e-01	
4389	3.2156958072e-01	
4390	3.2144638934e-01	
4391	3.2014811183e-01	
4392	3.1814670454e-01	
4393	3.1500066124e-01	
4394	3.1105010594e-01	
4395	3.0598408228e-01	
4396	3.0135975230e-01	
4397	2.9818557564e-01	
4398	2.9669582321e-01	
4399	2.9707008210e-01	
4400	2.9819075538e-01	
4401	2.9946817598e-01	
4402	3.0183530013e-01	
4403	3.0524027833e-01	
4404	3.0825790198e-01	
4405	3.1172406405e-01	
4406	3.1496211027e-01	
4407	3.1795354028e-01	
4408	3.2056483148e-01	
4409	3.2180367555e-01	
4410	3.2122687255e-01	
4411	3.1956188481e-01	
4412	3.1727489213e-01	
4413	3.1374476252e-01	
4414	3.0949062000e-01	
4415	3.0408304768e-01	
4416	3.0038620435e-01	
4417	2.9759740535e-01	
4418	2.9683834916e-01	
4419	2.9750116274e-01	
4420	2.9866253840e-01	
4421	3.0021117138e-01	
4422	3.0304514440e-01	
4423	3.0619816370e-01	
4424	3.0946824599e-01	
4425	3.1288478262e-01	
4426	3.1600925122e-01	
4427	3.1898489079e-01	
4428	3.2120333006e-01	
4429	3.2174436405e-01	
4430	3.2075760676e-01	
4431	3.1882483066e-01	
4432	3.1612452823e-01	
4433	3.1236284067e-01	
4434	3.0774522565e-01	
4435	3.0250261468e-01	
4436	2.9923687193e-01	
4437	2.9691191083e-01	
4438	2.9691155711e-01	
4439	2.9773185081e-01	
4440	2.9901841223e-01	
4441	3.0110613408e-01	
4442	3.0424571423e-01	
4443	3.0727651781e-01	
4444	3.1064958407e-01	
4445	3.1401707450e-01	
4446	3.1690944806e-01	
4447	3.1977386723e-01	
4448	3.2159265678e-01	
4449	3.2141695957e-01	
4450	3.2009988508e-01	
4451	3.1808765500e-01	
4452	3.1491006125e-01	
4453	3.1094612227e-01	
4454	3.0585642537e-01	
4455	3.0131109356e-01	
4456	2.9812793718e-01	
4457	2.9669794153e-01	
4458	2.9709588821e-01	
4459	2.9822396823e-01	
4460	2.9950322084e-01	
4461	3.0189814647e-01	
4462	3.0529366485e-01	
4463	3.0832981025e-01	
4464	3.1179502607e-01	
4465	3.1503009717e-01	
4466	3.1801508209e-01	
4467	3.2060967893e-01	
4468	3.2180320151e-01	
4469	3.2120373231e-01	
4470	3.1951077114e-01	
4471	3.1719977252e-01	
4472	3.1364821172e-01	
4473	3.0937624149e-01	
4474	3.0397532246e-01	
4475	3.0028794617e-01	
4476	2.9755122228e-01	
4477	2.9683989382e-01	
4478	2.9751646122e-01	
4479	2.9868639012e-01	
4480	3.0027247900e-01	
4481	3.0312728011e-01	
4482	3.0626770814e-01	
4483	3.0955057280e-01	
4484	3.1297276100e-01	
4485	3.1608183630e-01	
4486	3.1906371295e-01	
4487	3.2125457026e-01	
4488	3.2174096415e-01	
4489	3.2072297239e-01	
4490	3.1878221030e-01	
4491	3.1604632950e-01	
4492	3.1226798675e-01	
4493	3.0762795792e-01	
4494	3.0239966502e-01	
4495	2.9916699458e-01	
4496	2.9687609454e-01	
4497	2.9691344174e-01	
4498	2.9775834502e-01	
4499	2.9905145323e-01	
4500	3.0117050995e-01	
4501	3.0433509481e-01	
4502	3.0734370527e-01	
4503	3.1072781091e-01	
4504	3.1410288608e-01	
4505	3.1697320032e-01	
4506	3.1982138198e-01	
4507	3.2161497250e-01	
4508	3.2139227265e-01	
4509	3.2005081866e-01	
4510	3.1802045354e-01	
4511	3.1481449601e-01	
4512	3.1083398660e-01	
4513	3.0571873667e-01	
4514	3.0125771421e-01	
4515	2.9806737856e-01	
4516	2.9670363038e-01	
4517	2.9712100580e-01	
4518	2.9825140106e-01	
4519	2.9953858538e-01	
4520	3.0196292605e-01	
4521	3.0535343423e-01	
4522	3.0840739099e-01	
4523	3.1187184574e-01	
4524	3.1510155986e-01	
4525	3.1808022049e-01	
4526	3.2065592957e-01	
4527	3.2179941966e-01	
4528	3.2117673286e-01	
4529	3.1945306618e-01	
4530	3.1711841558e-01	
4531	3.1354542866e-01	
4532	3.0925569491e-01	
4533	3.0386042341e-01	
4534	3.0018461370e-01	
4535	2.9749410990e-01	
4536	2.9683805134e-01	
4537	2.9753576855e-01	
4538	2.9871291611e-01	
4539	3.0034015244e-01	
4540	3.0321637400e-01	
4541	3.0634105923e-01	
4542	3.0963374926e-01	
4543	3.1306513499e-01	
4544	3.1615887724e-01	
4545	3.1914493559e-01	
4546	3.2129874466e-01	
4547	3.2173077609e-01	
4548	3.2068019446e-01	
4549	3.1873406723e-01	
4550	3.1595939445e-01	
4551	3.1216780293e-01	
4552	3.0749741718e-01	
4553	3.0228783431e-01	
4554	2.9908105513e-01	
4555	2.9684101833e-01	
4556	2.9691436023e-01	
4557	2.9779154036e-01	
4558	2.9908654919e-01	
4559	3.0123205977e-01	
4560	3.0443151799e-01	
4561	3.0741553209e-01	
4562	3.1081257633e-01	
4563	3.1419311649e-01	
4564	3.1705051734e-01	
4565	3.1987718003e-01	
4566	3.2163934950e-01	
4567	3.2136928042e-01	
4568	3.2000080010e-01	
4569	3.1794981911e-01	
4570	3.1471311598e-01	
4571	3.1071369960e-01	
4572	3.0556938404e-01	
4573	3.0119826619e-01	
4574	2.9800613283e-01	
4575	2.9671037458e-01	
4576	2.9715127840e-01	
4577	2.9828676989e-01	
4578	2.9958580268e-01	
4579	3.0204166684e-01	
4580	3.0542214396e-01	
4581	3.0850128314e-01	
4582	3.1196012837e-01	
4583	3.1518845771e-01	
4584	3.1816535341e-01	
4585	3.2071425592e-01	
4586	3.2180029263e-01	
4587	3.2115026090e-01	
4588	3.1939334831e-01	
4589	3.1703332302e-01	
4590	3.1344036197e-01	
4591	3.0912125844e-01	
4592	3.0372774684e-01	
4593	3.0008766099e-01	
4594	2.9742529625e-01	
4595	2.9683410554e-01	
4596	2.9755686692e-01	
4597	2.9874333310e-01	
4598	3.0041451509e-01	
4599	3.0331622104e-01	
4600	3.0643366006e-01	
4601	3.0972934523e-01	
4602	3.1316496515e-01	
4603	3.1624211198e-01	
4604	3.1922998255e-01	
4605	3.2134041750e-01	
4606	3.2171747267e-01	
4607	3.2063226726e-01	
4608	3.1868196797e-01	
4609	3.1587115763e-01	
4610	3.1206457827e-01	
4611	3.0734641859e-01	
4612	3.0216027941e-01	
4613	2.9897524631e-01	
4614	2.9680931299e-01	
4615	2.9691583894e-01	
4616	2.9782877006e-01	
4617	2.9912606094e-01	
4618	3.0129024132e-01	
4619	3.0453016788e-01	
4620	3.0749324597e-01	
4621	3.1090637824e-01	
4622	3.1428707652e-01	
4623	3.1714352639e-01	
4624	3.1994841001e-01	
4625	3.2166225472e-01	
4626	3.2135127392e-01	
4627	3.1995709807e-01	
4628	3.1787771595e-01	
4629	3.1460314083e-01	
4630	3.1058874249e-01	
4631	3.0540779301e-01	
4632	3.0111297659e-01	
4633	2.9794334776e-01	
4634	2.9671934474e-01	
4635	2.9718439937e-01	
4636	2.9832952546e-01	
4637	2.9963948752e-01	
4638	3.0213255098e-01	
4639	3.0549925971e-01	
4640	3.0860540909e-01	
4641	3.1206158986e-01	
4642	3.1528927763e-01	
4643	3.1825852918e-01	
4644	3.2078234425e-01	
4645	3.2180477479e-01	
4646	3.2112416498e-01	
4647	3.1933737907e-01	
4648	3.1694792451e-01	
4649	3.1332775583e-01	
4650	3.0897441740e-01	
4651	3.0359158806e-01	
4652	2.9998875617e-01	
4653	2.9735763022e-01	
4654	2.9683503973e-01	
4655	2.9757895120e-01	
4656	2.9877525869e-01	
4657	3.0049047415e-01	
4658	3.0341943756e-01	
4659	3.0653989398e-01	
4660	3.0983182218e-01	
4661	3.1326645790e-01	
4662	3.1632021299e-01	
4663	3.1930688772e-01	
4664	3.2137691443e-01	
4665	3.2169730551e-01	
4666	3.2057787180e-01	
4667	3.1862243468e-01	
4668	3.1577476167e-01	
4669	3.1195087282e-01	
4670	3.0718234049e-01	
4671	3.0202748987e-01	
4672	2.9886127931e-01	
4673	2.9677543036e-01	
4674	2.9691555613e-01	
4675	2.9787206004e-01	
4676	2.9916291745e-01	
4677	3.0134602155e-01	
4678	3.0462316874e-01	
4679	3.0757500786e-01	
4680	3.1100541653e-01	
4681	3.1438189385e-01	
4682	3.1724351964e-01	
4683	3.2002840803e-01	
4684	3.2167910783e-01	
4685	3.2133706377e-01	
4686	3.1991219925e-01	
4687	3.1780506878e-01	
4688	3.1449943226e-01	
4689	3.1045836124e-01	
4690	3.0524329559e-01	
4691	3.0102226145e-01	
4692	2.9788758500e-01	
4693	2.9673092910e-01	
4694	2.9722804219e-01	
4695	2.9837756507e-01	
4696	2.9970259608e-01	
4697	3.0224117521e-01	
4698	3.0558344467e-01	
4699	3.0871586945e-01	
4700	3.1216836276e-01	
4701	3.1539894964e-01	
4702	3.1835515640e-01	
4703	3.2085510983e-01	
4704	3.2181026245e-01	
4705	3.2109686402e-01	
4706	3.1928769401e-01	
4707	3.1685967611e-01	
4708	3.1321063585e-01	
4709	3.0882979187e-01	
4710	3.0345853389e-01	
4711	2.9989712230e-01	
4712	2.9729970355e-01	
4713	2.9684863202e-01	
4714	2.9759583346e-01	
4715	2.9880851586e-01	
4716	3.0056872596e-01	
4717	3.0352021384e-01	
4718	3.0664314216e-01	
4719	3.0993759557e-01	
4720	3.1336593922e-01	
4721	3.1639389814e-01	
4722	3.1937646744e-01	
4723	3.2140663224e-01	
4724	3.2166723952e-01	
4725	3.2051653842e-01	
4726	3.1855505972e-01	
4727	3.1567011550e-01	
4728	3.1182824865e-01	
4729	3.0701008353e-01	
4730	3.0189600644e-01	
4731	2.9874175600e-01	
4732	2.9673461515e-01	
4733	2.9691632683e-01	
4734	2.9791089442e-01	
4735	2.9919783983e-01	
4736	3.0139867680e-01	
4737	3.0470876451e-01	
4738	3.0766368772e-01	
4739	3.1110479500e-01	
4740	3.1444072440e-01	
4741	3.1734596520e-01	
4742	3.2011534709e-01	
4743	3.2170387482e-01	
4744	3.2133066467e-01	
4745	3.1987224728e-01	
4746	3.1773732463e-01	
4747	3.1440117261e-01	
4748	3.1032673077e-01	
4749	3.0507623512e-01	
4750	3.0094440863e-01	
4751	2.9784202908e-01	
4752	2.9674342450e-01	
4753	2.9727463779e-01	
4754	2.9842676464e-01	
4755	2.9977125056e-01	
4756	3.0236491445e-01	
4757	3.0567709564e-01	
4758	3.0882727761e-01	
4759	3.1227895845e-01	
4760	3.1550812824e-01	
4761	3.1844912690e-01	
4762	3.2092385710e-01	
4763	3.2181522519e-01	
4764	3.2106561471e-01	
4765	3.1923541173e-01	
4766	3.1676635549e-01	
4767	3.1309621924e-01	
4768	3.0868182708e-01	
4769	3.0332251774e-01	
4770	2.9980329674e-01	
4771	2.9724912866e-01	
4772	2.9686216455e-01	
4773	2.9761061094e-01	
4774	2.9883948002e-01	
4775	3.0064210344e-01	
4776	3.0361703816e-01	
4777	3.0674184204e-01	
4778	3.1004415080e-01	
4779	3.1346088525e-01	
4780	3.1646950255e-01	
4781	3.1943981483e-01	
4782	3.2143634012e-01	
4783	3.2163915072e-01	
4784	3.2046249255e-01	
4785	3.1849480318e-01	
4786	3.1557440132e-01	
4787	3.1170884987e-01	
4788	3.0684068295e-01	
4789	3.0177161518e-01	
4790	2.9861593929e-01	
4791	2.9669648086e-01	
4792	2.9692298531e-01	
4793	2.9794999145e-01	
4794	2.9923437036e-01	
4795	3.0145565610e-01	
4796	3.0479319580e-01	
4797	3.0775195565e-01	
4798	3.1120005874e-01	
4799	3.1450359391e-01	
4800	3.1744708267e-01	
4801	3.2019563121e-01	
4802	3.2172863696e-01	
4803	3.2132425358e-01	
4804	3.1982961272e-01	
4805	3.1766743087e-01	
4806	3.1430680231e-01	
4807	3.1019773418e-01	
4808	3.0491685904e-01	
4809	3.0086975795e-01	
4810	2.9780342492e-01	
4811	2.9675311598e-01	
4812	2.9731651370e-01	
4813	2.9846870631e-01	
4814	2.9982922047e-01	
4815	3.0248559743e-01	
4816	3.0575764060e-01	
4817	3.0892504286e-01	
4818	3.1237432452e-01	
4819	3.1559598974e-01	
4820	3.1853141840e-01	
4821	3.2097568860e-01	
4822	3.2180944371e-01	
4823	3.2102799992e-01	
4824	3.1917649786e-01	
4825	3.1667281068e-01	
4826	3.1298317318e-01	
4827	3.0852958601e-01	
4828	3.0318403148e-01	
4829	2.9971569710e-01	
4830	2.9720106925e-01	
4831	2.9687442464e-01	
4832	2.9763065432e-01	
4833	2.9887078168e-01	
4834	3.0071491973e-01	
4835	3.0371864412e-01	
4836	3.0684019584e-01	
4837	3.1014628058e-01	
4838	3.1355473391e-01	
4839	3.1654869887e-01	
4840	3.1949990038e-01	
4841	3.2146573219e-01	
4842	3.2161386484e-01	
4843	3.2041719385e-01	
4844	3.1844541413e-01	
4845	3.1549068446e-01	
4846	3.1159906583e-01	
4847	3.0668608424e-01	
4848	3.0168984924e-01	
4849	2.9852152666e-01	
4850	2.9668996936e-01	
4851	2.9694116613e-01	
4852	2.9799231361e-01	
4853	2.9927495486e-01	
4854	3.0151627879e-01	
4855	3.0487943992e-01	
4856	3.0783822838e-01	
4857	3.1129377228e-01	
4858	3.1458283179e-01	
4859	3.1754019538e-01	
4860	3.2026630890e-01	
4861	3.2175039550e-01	
4862	3.2131720332e-01	
4863	3.1978909563e-01	
4864	3.1760201780e-01	
4865	3.1422010706e-01	
4866	3.1008013655e-01	
4867	3.0477025479e-01	
4868	3.0079392041e-01	
4869	2.9777391325e-01	
4870	2.9676574273e-01	
4871	2.9734985949e-01	
4872	2.9850417918e-01	
4873	2.9988314754e-01	
4874	3.0259088342e-01	
4875	3.0582906074e-01	
4876	3.0901256197e-01	
4877	3.1245823253e-01	
4878	3.1567176965e-01	
4879	3.1861170868e-01	
4880	3.2101195389e-01	
4881	3.2180205155e-01	
4882	3.2098565520e-01	
4883	3.1911673050e-01	
4884	3.1658221543e-01	
4885	3.1287108315e-01	
4886	3.0839242768e-01	
4887	3.0306114185e-01	
4888	2.9964030181e-01	
4889	2.9715159900e-01	
4890	2.9688187036e-01	
4891	2.9764720699e-01	
4892	2.9889565924e-01	
4893	3.0078217331e-01	
4894	3.0381173613e-01	
4895	3.0692948530e-01	
4896	3.1023662501e-01	
4897	3.1364268099e-01	
4898	3.1661948498e-01	
4899	3.1955231004e-01	
4900	3.2148953375e-01	
4901	3.2159052468e-01	
4902	3.2037310101e-01	
4903	3.1839946689e-01	
4904	3.1540715012e-01	
4905	3.1150206359e-01	
4906	3.0655287294e-01	
4907	3.0161722922e-01	
4908	2.9845302429e-01	
4909	2.9669738745e-01	
4910	2.9696524948e-01	
4911	2.9803091024e-01	
4912	2.9931691656e-01	
4913	3.0157388616e-01	
4914	3.0495687276e-01	
4915	3.0791471193e-01	
4916	3.1137748855e-01	
4917	3.1465585127e-01	
4918	3.1762382587e-01	
4919	3.2032707581e-01	
4920	3.2176486902e-01	
4921	3.2130548326e-01	
4922	3.1975019325e-01	
4923	3.1754671741e-01	
4924	3.1413726656e-01	
4925	3.0997329197e-01	
4926	3.0463788776e-01	
4927	3.0072476732e-01	
4928	2.9774649844e-01	
4929	2.9677971016e-01	
4930	2.9737955008e-01	
4931	2.9853536532e-01	
4932	2.9993487754e-01	
4933	3.0267909426e-01	
4934	3.0589347742e-01	
4935	3.0909427061e-01	
4936	3.1253550373e-01	
4937	3.1573969428e-01	
4938	3.1868550580e-01	
4939	3.2104570854e-01	
4940	3.2179489609e-01	
4941	3.2094779023e-01	
4942	3.1906326002e-01	
4943	3.1650189726e-01	
4944	3.1278103413e-01	
4945	3.0827639030e-01	
4946	3.0295932710e-01	
4947	2.9957061982e-01	
4948	2.9710547778e-01	
4949	2.9688664801e-01	
4950	2.9766000741e-01	
4951	2.9891753984e-01	
4952	3.0083983498e-01	
4953	3.0389199086e-01	
4954	3.0700365260e-01	
4955	3.1031185339e-01	
4956	3.1371597265e-01	
4957	3.1667694474e-01	
4958	3.1959203768e-01	
4959	3.2150691438e-01	
4960	3.2156108387e-01	
4961	3.2032776115e-01	
4962	3.1835094834e-01	
4963	3.1532035486e-01	
4964	3.1140337409e-01	
4965	3.0642776666e-01	
4966	3.0154756355e-01	
4967	2.9839261162e-01	
4968	2.9669589650e-01	
4969	2.9698156446e-01	
4970	2.9806504751e-01	
4971	2.9935154566e-01	
4972	3.0162600715e-01	
4973	3.0502281696e-01	
4974	3.0798568782e-01	
4975	3.1145201897e-01	
4976	3.1471905062e-01	
4977	3.1769660428e-01	
4978	3.2037900680e-01	
4979	3.2177437950e-01	
4980	3.2129035179e-01	
4981	3.1971141368e-01	
4982	3.1749261814e-01	
4983	3.1405514635e-01	
4984	3.0987498160e-01	
4985	3.0451641670e-01	
4986	3.0065935932e-01	
4987	2.9771831968e-01	
4988	2.9678987591e-01	
4989	2.9740583299e-01	
4990	2.9856211646e-01	
4991	2.9998734660e-01	
4992	3.0275113503e-01	
4993	3.0595439334e-01	
4994	3.0916800062e-01	
4995	3.1260308025e-01	
4996	3.1579491685e-01	
4997	3.1874848667e-01	
4998	3.2107325694e-01	
4999	3.2178008629e-01	
5000	3.2090502730e-01	
