# Moment         
# CofR           : ( 0.0000000000e+00 0.0000000000e+00 0.0000000000e+00 )
#                
# Time           	(total_x total_y total_z)	(pressure_x pressure_y pressure_z)	(viscous_x viscous_y viscous_z)
1                	( -1.7026939061e+00 3.7313852722e+01 -7.3263410861e+01 )	( -1.7013828705e+00 3.7340863485e+01 -7.2972589534e+01 )	( -1.3110356037e-03 -2.7010762947e-02 -2.9082132696e-01 )
2                	( -3.5541134958e+00 3.1061026360e+00 -4.5177285033e+00 )	( -3.5587917767e+00 3.1262527904e+00 -4.4421981974e+00 )	( 4.6782809726e-03 -2.0150154367e-02 -7.5530305912e-02 )
3                	( -2.5489139449e+00 1.3849590941e+00 -5.5885467206e-01 )	( -2.5643297350e+00 1.4013206138e+00 -4.8155864862e-01 )	( 1.5415790073e-02 -1.6361519691e-02 -7.7296023440e-02 )
4                	( -2.3787394536e+00 1.2529416318e+00 2.9985222306e-02 )	( -2.3842241045e+00 1.2653625485e+00 9.2497872426e-02 )	( 5.4846508327e-03 -1.2420916639e-02 -6.2512650120e-02 )
5                	( -1.9346586719e+00 1.1022809715e+00 2.3571929720e-02 )	( -1.9349861007e+00 1.1129219185e+00 8.8959630111e-02 )	( 3.2742870971e-04 -1.0640947004e-02 -6.5387700391e-02 )
6                	( -1.9800136192e+00 1.0744864507e+00 -8.0840351894e-02 )	( -1.9785720046e+00 1.0833429462e+00 -2.0635308512e-02 )	( -1.4416146297e-03 -8.8564955543e-03 -6.0205043383e-02 )
7                	( -2.1322740498e+00 1.0815550006e+00 -1.1684715014e-01 )	( -2.1303812379e+00 1.0895089779e+00 -5.8250448844e-02 )	( -1.8928118395e-03 -7.9539773605e-03 -5.8596701292e-02 )
8                	( -2.1635778908e+00 1.0812498377e+00 -1.6382680447e-01 )	( -2.1611945805e+00 1.0883313339e+00 -1.0930358062e-01 )	( -2.3833102354e-03 -7.0814962311e-03 -5.4523223853e-02 )
9                	( -2.0612372382e+00 1.0632816203e+00 -2.1847674045e-01 )	( -2.0591524868e+00 1.0698863850e+00 -1.6622415965e-01 )	( -2.0847513981e-03 -6.6047646895e-03 -5.2252580794e-02 )
10               	( -2.0055427384e+00 1.0513136466e+00 -2.6192496302e-01 )	( -2.0041951655e+00 1.0574305450e+00 -2.1275864029e-01 )	( -1.3475728707e-03 -6.1168984017e-03 -4.9166322732e-02 )
11               	( -1.9646866486e+00 1.0430594452e+00 -2.9951467982e-01 )	( -1.9645853935e+00 1.0488899994e+00 -2.5191064423e-01 )	( -1.0125506321e-04 -5.8305542081e-03 -4.7604035585e-02 )
12               	( -1.9397311738e+00 1.0378720246e+00 -3.2281928790e-01 )	( -1.9408349651e+00 1.0433943307e+00 -2.7702998605e-01 )	( 1.1037912910e-03 -5.5223061249e-03 -4.5789301848e-02 )
13               	( -1.9223877579e+00 1.0351625600e+00 -3.3114081697e-01 )	( -1.9241580665e+00 1.0405027395e+00 -2.8669421813e-01 )	( 1.7703086088e-03 -5.3401795425e-03 -4.4446598847e-02 )
14               	( -1.9009984726e+00 1.0327426612e+00 -3.3694131501e-01 )	( -1.9029055879e+00 1.0378708046e+00 -2.9422070346e-01 )	( 1.9071153073e-03 -5.1281434075e-03 -4.2720611556e-02 )
15               	( -1.8992919743e+00 1.0341568162e+00 -3.3930862695e-01 )	( -1.9012069726e+00 1.0391626808e+00 -2.9763417687e-01 )	( 1.9149982997e-03 -5.0058646024e-03 -4.1674450072e-02 )
16               	( -1.9005653187e+00 1.0356483522e+00 -3.4215761402e-01 )	( -1.9023895696e+00 1.0405015860e+00 -3.0184805079e-01 )	( 1.8242508839e-03 -4.8532337448e-03 -4.0309563224e-02 )
17               	( -1.9022280297e+00 1.0381452243e+00 -3.4632079197e-01 )	( -1.9039506663e+00 1.0429133371e+00 -3.0676467797e-01 )	( 1.7226365866e-03 -4.7681128040e-03 -3.9556114005e-02 )
18               	( -1.9166519853e+00 1.0430288894e+00 -3.4814364901e-01 )	( -1.9182631978e+00 1.0476817789e+00 -3.0965897737e-01 )	( 1.6112124762e-03 -4.6528894929e-03 -3.8484671644e-02 )
19               	( -1.9390826760e+00 1.0492134840e+00 -3.4995963780e-01 )	( -1.9406049271e+00 1.0538065351e+00 -3.1201590338e-01 )	( 1.5222510989e-03 -4.5930511499e-03 -3.7943734419e-02 )
20               	( -1.9559579637e+00 1.0558783874e+00 -3.5256451236e-01 )	( -1.9573971672e+00 1.0603805368e+00 -3.1536315820e-01 )	( 1.4392034687e-03 -4.5021493589e-03 -3.7201354153e-02 )
21               	( -1.9853628871e+00 1.0644059012e+00 -3.5353656395e-01 )	( -1.9867345688e+00 1.0688648742e+00 -3.1662911644e-01 )	( 1.3716816845e-03 -4.4589730208e-03 -3.6907447511e-02 )
22               	( -2.0108200497e+00 1.0725245571e+00 -3.5423705671e-01 )	( -2.0121155813e+00 1.0769095861e+00 -3.1798246831e-01 )	( 1.2955315351e-03 -4.3850289878e-03 -3.6254588402e-02 )
23               	( -2.0244372393e+00 1.0782183189e+00 -3.5814450996e-01 )	( -2.0256550740e+00 1.0825713794e+00 -3.2217365080e-01 )	( 1.2178346233e-03 -4.3530605103e-03 -3.5970859155e-02 )
24               	( -2.0386658092e+00 1.0851136442e+00 -3.6101009941e-01 )	( -2.0397949497e+00 1.0894030178e+00 -3.2560283601e-01 )	( 1.1291405445e-03 -4.2893736647e-03 -3.5407263393e-02 )
25               	( -2.0615878042e+00 1.0921273646e+00 -3.6264072692e-01 )	( -2.0626297611e+00 1.0963921213e+00 -3.2744054032e-01 )	( 1.0419569399e-03 -4.2647566927e-03 -3.5200186605e-02 )
26               	( -2.0798893907e+00 1.0985434135e+00 -3.6370995287e-01 )	( -2.0808365442e+00 1.1027521330e+00 -3.2900164670e-01 )	( 9.4715353420e-04 -4.2087195180e-03 -3.4708306167e-02 )
27               	( -2.0966122635e+00 1.1038161913e+00 -3.6547106883e-01 )	( -2.0974662661e+00 1.1080038007e+00 -3.3083568585e-01 )	( 8.5400256487e-04 -4.1876094072e-03 -3.4635382985e-02 )
28               	( -2.1059737977e+00 1.1080695589e+00 -3.6728061105e-01 )	( -2.1067387684e+00 1.1122066160e+00 -3.3303363164e-01 )	( 7.6497073092e-04 -4.1370570814e-03 -3.4246979407e-02 )
29               	( -2.1193499494e+00 1.1116134455e+00 -3.6878654449e-01 )	( -2.1200377521e+00 1.1157351616e+00 -3.3463604475e-01 )	( 6.8780271283e-04 -4.1217161344e-03 -3.4150499746e-02 )
30               	( -2.1326747330e+00 1.1151206054e+00 -3.6958549210e-01 )	( -2.1332867174e+00 1.1191980592e+00 -3.3583874021e-01 )	( 6.1198435266e-04 -4.0774537661e-03 -3.3746751889e-02 )
31               	( -2.1415666030e+00 1.1176270794e+00 -3.7100605321e-01 )	( -2.1421062668e+00 1.1216924182e+00 -3.3732051224e-01 )	( 5.3966376510e-04 -4.0653388669e-03 -3.3685540969e-02 )
32               	( -2.1497006034e+00 1.1198755340e+00 -3.7204458420e-01 )	( -2.1501672093e+00 1.1239000041e+00 -3.3867142336e-01 )	( 4.6660586829e-04 -4.0244700338e-03 -3.3373160845e-02 )
33               	( -2.1597453220e+00 1.1221479379e+00 -3.7278037116e-01 )	( -2.1601427306e+00 1.1261621231e+00 -3.3938204818e-01 )	( 3.9740869871e-04 -4.0141852640e-03 -3.3398322987e-02 )
34               	( -2.1710752240e+00 1.1240495055e+00 -3.7292544475e-01 )	( -2.1714061264e+00 1.1280254769e+00 -3.3978260438e-01 )	( 3.3090245234e-04 -3.9759713508e-03 -3.3142840372e-02 )
35               	( -2.1780206237e+00 1.1244038070e+00 -3.7437791877e-01 )	( -2.1782920592e+00 1.1283718434e+00 -3.4122060065e-01 )	( 2.7143550006e-04 -3.9680364169e-03 -3.3157318115e-02 )
36               	( -2.1865239919e+00 1.1253062023e+00 -3.7455871448e-01 )	( -2.1867383771e+00 1.1292391236e+00 -3.4165469780e-01 )	( 2.1438522759e-04 -3.9329213696e-03 -3.2904016681e-02 )
37               	( -2.1959182871e+00 1.1266181150e+00 -3.7422503295e-01 )	( -2.1960802009e+00 1.1305445062e+00 -3.4127771983e-01 )	( 1.6191377016e-04 -3.9263911835e-03 -3.2947313124e-02 )
38               	( -2.2050533119e+00 1.1276091829e+00 -3.7385868617e-01 )	( -2.2051550844e+00 1.1315023120e+00 -3.4116076381e-01 )	( 1.0177252496e-04 -3.8931291324e-03 -3.2697922360e-02 )
39               	( -2.2134247343e+00 1.1280503469e+00 -3.7450785321e-01 )	( -2.2134610467e+00 1.1319384795e+00 -3.4181868181e-01 )	( 3.6312362219e-05 -3.8881326038e-03 -3.2689171401e-02 )
40               	( -2.2227804880e+00 1.1284654807e+00 -3.7463355367e-01 )	( -2.2227473603e+00 1.1323220568e+00 -3.4221213375e-01 )	( -3.3127659513e-05 -3.8565760895e-03 -3.2421419919e-02 )
41               	( -2.2289684832e+00 1.1286058074e+00 -3.7492899027e-01 )	( -2.2288712556e+00 1.1324574849e+00 -3.4247500759e-01 )	( -9.7227554847e-05 -3.8516774965e-03 -3.2453982684e-02 )
42               	( -2.2425535553e+00 1.1300296052e+00 -3.7345707759e-01 )	( -2.2423905654e+00 1.1338503205e+00 -3.4119833709e-01 )	( -1.6298982078e-04 -3.8207152560e-03 -3.2258740504e-02 )
43               	( -2.2546311125e+00 1.1308274334e+00 -3.7260848320e-01 )	( -2.2544050743e+00 1.1346434222e+00 -3.4028534867e-01 )	( -2.2603816429e-04 -3.8159887740e-03 -3.2323134533e-02 )
44               	( -2.2666844404e+00 1.1315094071e+00 -3.7152657459e-01 )	( -2.2663896401e+00 1.1352954480e+00 -3.3939148652e-01 )	( -2.9480026280e-04 -3.7860409240e-03 -3.2135088067e-02 )
45               	( -2.2779087095e+00 1.1319680817e+00 -3.7106279987e-01 )	( -2.2775447698e+00 1.1357500076e+00 -3.3888842463e-01 )	( -3.6393973113e-04 -3.7819258702e-03 -3.2174375249e-02 )
46               	( -2.2902992200e+00 1.1326717391e+00 -3.7031154812e-01 )	( -2.2898582617e+00 1.1364251338e+00 -3.3833024743e-01 )	( -4.4095836489e-04 -3.7533947488e-03 -3.1981300690e-02 )
47               	( -2.3041097832e+00 1.1337134639e+00 -3.6906097143e-01 )	( -2.3035945195e+00 1.1374629734e+00 -3.3704773669e-01 )	( -5.1526371210e-04 -3.7495094485e-03 -3.2013234744e-02 )
48               	( -2.3151388704e+00 1.1341503940e+00 -3.6795970718e-01 )	( -2.3145451593e+00 1.1378720331e+00 -3.3615181712e-01 )	( -5.9371115881e-04 -3.7216390666e-03 -3.1807890066e-02 )
49               	( -2.3230160569e+00 1.1341790661e+00 -3.6707335748e-01 )	( -2.3223496803e+00 1.1378969283e+00 -3.3525787139e-01 )	( -6.6637657061e-04 -3.7178621475e-03 -3.1815486092e-02 )
50               	( -2.3319649025e+00 1.1342425123e+00 -3.6616296701e-01 )	( -2.3312215625e+00 1.1379330910e+00 -3.3455454344e-01 )	( -7.4333990847e-04 -3.6905787592e-03 -3.1608423571e-02 )
51               	( -2.3438299080e+00 1.1348855808e+00 -3.6481225413e-01 )	( -2.3430140423e+00 1.1385719171e+00 -3.3316825417e-01 )	( -8.1586566114e-04 -3.6863363544e-03 -3.1643999956e-02 )
52               	( -2.3535376175e+00 1.1352054219e+00 -3.6355079046e-01 )	( -2.3526469290e+00 1.1388645065e+00 -3.3204641991e-01 )	( -8.9068850857e-04 -3.6590845956e-03 -3.1504370553e-02 )
53               	( -2.3622451342e+00 1.1356264849e+00 -3.6241622524e-01 )	( -2.3612896248e+00 1.1392812438e+00 -3.3085119291e-01 )	( -9.5550935108e-04 -3.6547589658e-03 -3.1565032332e-02 )
54               	( -2.3731064354e+00 1.1367765276e+00 -3.6060118642e-01 )	( -2.3720866334e+00 1.1404053549e+00 -3.2919156769e-01 )	( -1.0198019796e-03 -3.6288272837e-03 -3.1409618730e-02 )
55               	( -2.3895655159e+00 1.1387818476e+00 -3.5834636460e-01 )	( -2.3884899553e+00 1.1424073425e+00 -3.2691070118e-01 )	( -1.0755606482e-03 -3.6254948855e-03 -3.1435663421e-02 )
56               	( -2.4028336809e+00 1.1398184029e+00 -3.5686843202e-01 )	( -2.4016969401e+00 1.1434194133e+00 -3.2561202355e-01 )	( -1.1367407411e-03 -3.6010104432e-03 -3.1256408469e-02 )
57               	( -2.4119346833e+00 1.1403704049e+00 -3.5553721141e-01 )	( -2.4107473023e+00 1.1439684580e+00 -3.2426417837e-01 )	( -1.1873810231e-03 -3.5980531215e-03 -3.1273033031e-02 )
58               	( -2.4204069652e+00 1.1410936841e+00 -3.5403881898e-01 )	( -2.4191669786e+00 1.1446680888e+00 -3.2291949906e-01 )	( -1.2399865565e-03 -3.5744047455e-03 -3.1119319912e-02 )
59               	( -2.4248545230e+00 1.1410425882e+00 -3.5338026420e-01 )	( -2.4235705956e+00 1.1446140457e+00 -3.2221539718e-01 )	( -1.2839274012e-03 -3.5714574957e-03 -3.1164867024e-02 )
60               	( -2.4294495806e+00 1.1411968127e+00 -3.5249098819e-01 )	( -2.4281175003e+00 1.1447459555e+00 -3.2147084002e-01 )	( -1.3320803800e-03 -3.5491427933e-03 -3.1020148176e-02 )
61               	( -2.4388639021e+00 1.1418605909e+00 -3.5130389813e-01 )	( -2.4374899027e+00 1.1454081506e+00 -3.2027974099e-01 )	( -1.3739993719e-03 -3.5475596950e-03 -3.1024157142e-02 )
62               	( -2.4514756090e+00 1.1431419225e+00 -3.4943836440e-01 )	( -2.4500531399e+00 1.1466686694e+00 -3.1859631860e-01 )	( -1.4224691240e-03 -3.5267468367e-03 -3.0842045805e-02 )
63               	( -2.4634533013e+00 1.1444362012e+00 -3.4756322577e-01 )	( -2.4619895294e+00 1.1479613364e+00 -3.1671375870e-01 )	( -1.4637718875e-03 -3.5251351212e-03 -3.0849467066e-02 )
64               	( -2.4768843257e+00 1.1464700157e+00 -3.4490470272e-01 )	( -2.4753754883e+00 1.1499747272e+00 -3.1421525252e-01 )	( -1.5088373644e-03 -3.5047115601e-03 -3.0689450197e-02 )
65               	( -2.4883875479e+00 1.1479404294e+00 -3.4301314893e-01 )	( -2.4868414412e+00 1.1514438531e+00 -3.1233885895e-01 )	( -1.5461066353e-03 -3.5034236734e-03 -3.0674289985e-02 )
66               	( -2.5014306106e+00 1.1497311914e+00 -3.4087035012e-01 )	( -2.4998412097e+00 1.1532153119e+00 -3.1037990855e-01 )	( -1.5894008852e-03 -3.4841205304e-03 -3.0490441566e-02 )
67               	( -2.5132212531e+00 1.1510097204e+00 -3.3924899837e-01 )	( -2.5115931152e+00 1.1544929767e+00 -3.0879567865e-01 )	( -1.6281378450e-03 -3.4832563259e-03 -3.0453319718e-02 )
68               	( -2.5209447001e+00 1.1515358573e+00 -3.3816371613e-01 )	( -2.5192687811e+00 1.1550007757e+00 -3.0791408000e-01 )	( -1.6759189118e-03 -3.4649183807e-03 -3.0249636129e-02 )
69               	( -2.5268642411e+00 1.1518967045e+00 -3.3742056959e-01 )	( -2.5251465492e+00 1.1553611700e+00 -3.0723485288e-01 )	( -1.7176918796e-03 -3.4644655414e-03 -3.0185716715e-02 )
70               	( -2.5341492117e+00 1.1528171735e+00 -3.3608940019e-01 )	( -2.5323838685e+00 1.1562641688e+00 -3.0610965141e-01 )	( -1.7653431589e-03 -3.4469952892e-03 -2.9979748782e-02 )
71               	( -2.5435465274e+00 1.1540886010e+00 -3.3437311068e-01 )	( -2.5417412805e+00 1.1575352812e+00 -3.0445358189e-01 )	( -1.8052468945e-03 -3.4466801742e-03 -2.9919528796e-02 )
72               	( -2.5530101875e+00 1.1552019951e+00 -3.3257252863e-01 )	( -2.5511598358e+00 1.1586317429e+00 -3.0285633664e-01 )	( -1.8503517097e-03 -3.4297477308e-03 -2.9716191987e-02 )
73               	( -2.5616255393e+00 1.1559027995e+00 -3.3136936560e-01 )	( -2.5597370078e+00 1.1593319693e+00 -3.0170357675e-01 )	( -1.8885315756e-03 -3.4291697167e-03 -2.9665788849e-02 )
74               	( -2.5721283268e+00 1.1572531404e+00 -3.2943790956e-01 )	( -2.5701959092e+00 1.1606653226e+00 -2.9993661925e-01 )	( -1.9324176457e-03 -3.4121822695e-03 -2.9501290308e-02 )
75               	( -2.5824911085e+00 1.1585785666e+00 -3.2760361752e-01 )	( -2.5805235038e+00 1.1619897719e+00 -2.9813790640e-01 )	( -1.9676047397e-03 -3.4112053596e-03 -2.9465711121e-02 )
76               	( -2.5913000463e+00 1.1595408013e+00 -3.2610239576e-01 )	( -2.5892906334e+00 1.1629354248e+00 -2.9679762801e-01 )	( -2.0094129144e-03 -3.3946234477e-03 -2.9304767757e-02 )
77               	( -2.6001333235e+00 1.1606067030e+00 -3.2477060759e-01 )	( -2.5980910494e+00 1.1640002588e+00 -2.9550326144e-01 )	( -2.0422740979e-03 -3.3935557212e-03 -2.9267346149e-02 )
78               	( -2.6097593221e+00 1.1619719622e+00 -3.2313965620e-01 )	( -2.6076790884e+00 1.1653495399e+00 -2.9403297254e-01 )	( -2.0802336412e-03 -3.3775776331e-03 -2.9106683657e-02 )
79               	( -2.6188883394e+00 1.1631656938e+00 -3.2184195995e-01 )	( -2.6167779658e+00 1.1665420165e+00 -2.9276350186e-01 )	( -2.1103735846e-03 -3.3763226870e-03 -2.9078458087e-02 )
80               	( -2.6281238699e+00 1.1645560221e+00 -3.2027205130e-01 )	( -2.6259782808e+00 1.1679161354e+00 -2.9130270188e-01 )	( -2.1455890216e-03 -3.3601132246e-03 -2.8969349421e-02 )
81               	( -2.6379233450e+00 1.1660271403e+00 -3.1862317952e-01 )	( -2.6357515467e+00 1.1693853913e+00 -2.8964167671e-01 )	( -2.1717982842e-03 -3.3582509822e-03 -2.8981502816e-02 )
82               	( -2.6476091260e+00 1.1675938688e+00 -3.1686116943e-01 )	( -2.6454038720e+00 1.1709363117e+00 -2.8799333419e-01 )	( -2.2052539671e-03 -3.3424428820e-03 -2.8867835240e-02 )
83               	( -2.6578362356e+00 1.1692656689e+00 -3.1541409951e-01 )	( -2.6556049757e+00 1.1726064746e+00 -2.8655661503e-01 )	( -2.2312598909e-03 -3.3408056815e-03 -2.8857484475e-02 )
84               	( -2.6693250869e+00 1.1713333192e+00 -3.1357437457e-01 )	( -2.6670625992e+00 1.1746592896e+00 -2.8483197910e-01 )	( -2.2624877435e-03 -3.3259703556e-03 -2.8742395476e-02 )
85               	( -2.6830408737e+00 1.1735404585e+00 -3.1193167141e-01 )	( -2.6807556746e+00 1.1768654644e+00 -2.8320501958e-01 )	( -2.2851990708e-03 -3.3250059413e-03 -2.8726651822e-02 )
86               	( -2.6959157101e+00 1.1756597965e+00 -3.1045607551e-01 )	( -2.6936000745e+00 1.1789709036e+00 -2.8185271300e-01 )	( -2.3156355595e-03 -3.3111071180e-03 -2.8603362502e-02 )
87               	( -2.7071188531e+00 1.1779027849e+00 -3.0898513860e-01 )	( -2.7047801138e+00 1.1812133069e+00 -2.8040678905e-01 )	( -2.3387392910e-03 -3.3105220304e-03 -2.8578349549e-02 )
88               	( -2.7188194164e+00 1.1803064646e+00 -3.0740323470e-01 )	( -2.7164492533e+00 1.1836039799e+00 -2.7895304029e-01 )	( -2.3701631575e-03 -3.2975153384e-03 -2.8450194407e-02 )
89               	( -2.7293826788e+00 1.1823993885e+00 -3.0622487121e-01 )	( -2.7269878350e+00 1.1856967806e+00 -2.7781559067e-01 )	( -2.3948438424e-03 -3.2973920504e-03 -2.8409280538e-02 )
90               	( -2.7390749872e+00 1.1842714597e+00 -3.0502543769e-01 )	( -2.7366469414e+00 1.1875565862e+00 -2.7675276639e-01 )	( -2.4280457320e-03 -3.2851265040e-03 -2.8272671294e-02 )
91               	( -2.7478842519e+00 1.1858686090e+00 -3.0405978370e-01 )	( -2.7454300452e+00 1.1891540183e+00 -2.7584590805e-01 )	( -2.4542067319e-03 -3.2854092597e-03 -2.8213875652e-02 )
92               	( -2.7546379033e+00 1.1870852178e+00 -3.0305368878e-01 )	( -2.7521519431e+00 1.1903593840e+00 -2.7499937655e-01 )	( -2.4859601799e-03 -3.2741661950e-03 -2.8054312228e-02 )
93               	( -2.7624271832e+00 1.1882751455e+00 -3.0208249443e-01 )	( -2.7599170684e+00 1.1915498058e+00 -2.7409803331e-01 )	( -2.5101147090e-03 -3.2746603602e-03 -2.7984461119e-02 )
94               	( -2.7738781770e+00 1.1900339736e+00 -3.0059550445e-01 )	( -2.7713342061e+00 1.1932971852e+00 -2.7273713436e-01 )	( -2.5439709154e-03 -3.2632115629e-03 -2.7858370090e-02 )
95               	( -2.7868553698e+00 1.1924000724e+00 -2.9825075170e-01 )	( -2.7842884396e+00 1.1956630335e+00 -2.7042143819e-01 )	( -2.5669301272e-03 -3.2629611156e-03 -2.7829313519e-02 )
96               	( -2.7970725878e+00 1.1940520437e+00 -2.9642316731e-01 )	( -2.7944772191e+00 1.1973040861e+00 -2.6871278905e-01 )	( -2.5953687662e-03 -3.2520424038e-03 -2.7710378267e-02 )
97               	( -2.8062467844e+00 1.1954431851e+00 -2.9493675961e-01 )	( -2.8036305985e+00 1.1986957414e+00 -2.6727249564e-01 )	( -2.6161858801e-03 -3.2525562291e-03 -2.7664263973e-02 )
98               	( -2.8160305475e+00 1.1968306222e+00 -2.9317566788e-01 )	( -2.8133854805e+00 1.2000727510e+00 -2.6563133974e-01 )	( -2.6450670578e-03 -3.2421287100e-03 -2.7544328148e-02 )
99               	( -2.8254893376e+00 1.1979956002e+00 -2.9149044700e-01 )	( -2.8228225632e+00 1.2012378430e+00 -2.6397897462e-01 )	( -2.6667743396e-03 -3.2422428471e-03 -2.7511472379e-02 )
100              	( -2.8334028247e+00 1.1989229764e+00 -2.8984234792e-01 )	( -2.8307083682e+00 1.2021548414e+00 -2.6242781380e-01 )	( -2.6944564471e-03 -3.2318649866e-03 -2.7414534121e-02 )
101              	( -2.8397401343e+00 1.1996444017e+00 -2.8836274809e-01 )	( -2.8370292169e+00 1.2028761463e+00 -2.6094495592e-01 )	( -2.7109174182e-03 -3.2317445064e-03 -2.7417792172e-02 )
102              	( -2.8492170418e+00 1.2010817592e+00 -2.8614791637e-01 )	( -2.8464860855e+00 1.2043032644e+00 -2.5879340770e-01 )	( -2.7309563006e-03 -3.2215052037e-03 -2.7354508669e-02 )
103              	( -2.8583144341e+00 1.2019972003e+00 -2.8423239144e-01 )	( -2.8555710715e+00 1.2052185283e+00 -2.5688498797e-01 )	( -2.7433626151e-03 -3.2213279824e-03 -2.7347403474e-02 )
104              	( -2.8654651689e+00 1.2025572638e+00 -2.8270608124e-01 )	( -2.8627011723e+00 1.2057687562e+00 -2.5544374676e-01 )	( -2.7639965356e-03 -3.2114923611e-03 -2.7262334473e-02 )
105              	( -2.8710544503e+00 1.2029637716e+00 -2.8124718382e-01 )	( -2.8682766990e+00 1.2061749952e+00 -2.5398471984e-01 )	( -2.7777513059e-03 -3.2112236616e-03 -2.7262463976e-02 )
106              	( -2.8774665210e+00 1.2034277331e+00 -2.7955610267e-01 )	( -2.8746682018e+00 1.2066293470e+00 -2.5236065584e-01 )	( -2.7983191334e-03 -3.2016139129e-03 -2.7195446825e-02 )
107              	( -2.8824649258e+00 1.2035129216e+00 -2.7833572686e-01 )	( -2.8796509177e+00 1.2067145888e+00 -2.5114505490e-01 )	( -2.8140080693e-03 -3.2016672197e-03 -2.7190671968e-02 )
108              	( -2.8872826777e+00 1.2037494840e+00 -2.7691605933e-01 )	( -2.8844461128e+00 1.2069422388e+00 -2.4979408140e-01 )	( -2.8365648968e-03 -3.1927547854e-03 -2.7121977929e-02 )
109              	( -2.8941716782e+00 1.2042241402e+00 -2.7517174496e-01 )	( -2.8913201478e+00 1.2074174724e+00 -2.4806680098e-01 )	( -2.8515303679e-03 -3.1933321955e-03 -2.7104943984e-02 )
110              	( -2.9024317403e+00 1.2046327859e+00 -2.7325042850e-01 )	( -2.8995555559e+00 1.2078177483e+00 -2.4622339163e-01 )	( -2.8761844495e-03 -3.1849624379e-03 -2.7027036878e-02 )
111              	( -2.9091517982e+00 1.2047349554e+00 -2.7153632562e-01 )	( -2.9062543292e+00 1.2079207343e+00 -2.4453589182e-01 )	( -2.8974690036e-03 -3.1857789372e-03 -2.7000433799e-02 )
112              	( -2.9151006034e+00 1.2049941403e+00 -2.6962669000e-01 )	( -2.9121733317e+00 1.2081719308e+00 -2.4270264279e-01 )	( -2.9272716823e-03 -3.1777905231e-03 -2.6924047208e-02 )
113              	( -2.9218023765e+00 1.2055480383e+00 -2.6751356352e-01 )	( -2.9188537619e+00 1.2087267812e+00 -2.4060880898e-01 )	( -2.9486146550e-03 -3.1787428359e-03 -2.6904754543e-02 )
114              	( -2.9266032638e+00 1.2054171930e+00 -2.6581960142e-01 )	( -2.9236283503e+00 1.2085887493e+00 -2.3899467627e-01 )	( -2.9749135713e-03 -3.1715562864e-03 -2.6824925154e-02 )
115              	( -2.9314968004e+00 1.2053845184e+00 -2.6415543486e-01 )	( -2.9285021440e+00 1.2085571918e+00 -2.3734760847e-01 )	( -2.9946563972e-03 -3.1726733260e-03 -2.6807826391e-02 )
116              	( -2.9351006686e+00 1.2051553721e+00 -2.6264258646e-01 )	( -2.9320815873e+00 1.2083207097e+00 -2.3590140871e-01 )	( -3.0190813280e-03 -3.1653376314e-03 -2.6741177742e-02 )
117              	( -2.9391600097e+00 1.2051925704e+00 -2.6140238307e-01 )	( -2.9361267673e+00 1.2083595981e+00 -2.3467542986e-01 )	( -3.0332424492e-03 -3.1670276604e-03 -2.6726953212e-02 )
118              	( -2.9451599117e+00 1.2055124578e+00 -2.5972103893e-01 )	( -2.9421049649e+00 1.2086729101e+00 -2.3304879853e-01 )	( -3.0549468459e-03 -3.1604522747e-03 -2.6672240403e-02 )
119              	( -2.9538709812e+00 1.2064918413e+00 -2.5745312964e-01 )	( -2.9508025466e+00 1.2096541690e+00 -2.3078624145e-01 )	( -3.0684346666e-03 -3.1623277018e-03 -2.6666888191e-02 )
120              	( -2.9593388050e+00 1.2065785510e+00 -2.5573580669e-01 )	( -2.9562490459e+00 1.2097341643e+00 -2.2911490491e-01 )	( -3.0897590282e-03 -3.1556133120e-03 -2.6620901784e-02 )
121              	( -2.9648464241e+00 1.2067384896e+00 -2.5389393917e-01 )	( -2.9617425614e+00 1.2098951397e+00 -2.2727190083e-01 )	( -3.1038627707e-03 -3.1566500483e-03 -2.6622038341e-02 )
122              	( -2.9690737253e+00 1.2064212630e+00 -2.5234601461e-01 )	( -2.9659490723e+00 1.2095711690e+00 -2.2576975282e-01 )	( -3.1246529792e-03 -3.1499059397e-03 -2.6576261785e-02 )
123              	( -2.9730988144e+00 1.2060145016e+00 -2.5093902090e-01 )	( -2.9699608046e+00 1.2091654221e+00 -2.2434936846e-01 )	( -3.1380097993e-03 -3.1509205562e-03 -2.6589652440e-02 )
124              	( -2.9773237915e+00 1.2056036884e+00 -2.4942641394e-01 )	( -2.9741665020e+00 1.2087480542e+00 -2.2285507684e-01 )	( -3.1572895181e-03 -3.1443657989e-03 -2.6571337103e-02 )
125              	( -2.9808450484e+00 1.2050438922e+00 -2.4803646779e-01 )	( -2.9776772584e+00 1.2081894755e+00 -2.2143149684e-01 )	( -3.1677899847e-03 -3.1455832993e-03 -2.6604970950e-02 )
126              	( -2.9852328236e+00 1.2050974010e+00 -2.4635617971e-01 )	( -2.9820499721e+00 1.2082370734e+00 -2.1976028257e-01 )	( -3.1828515165e-03 -3.1396724207e-03 -2.6595897135e-02 )
127              	( -2.9912228955e+00 1.2056112961e+00 -2.4449360970e-01 )	( -2.9880331335e+00 1.2087526436e+00 -2.1785825505e-01 )	( -3.1897620205e-03 -3.1413474708e-03 -2.6635354650e-02 )
128              	( -2.9965187485e+00 1.2058901156e+00 -2.4262127199e-01 )	( -2.9933160771e+00 1.2090258978e+00 -2.1597941050e-01 )	( -3.2026713791e-03 -3.1357822207e-03 -2.6641861491e-02 )
129              	( -3.0009806693e+00 1.2057427866e+00 -2.4098277889e-01 )	( -2.9977716764e+00 1.2088803385e+00 -2.1430882079e-01 )	( -3.2089929154e-03 -3.1375519076e-03 -2.6673958097e-02 )
130              	( -3.0049315275e+00 1.2054645820e+00 -2.3961288800e-01 )	( -3.0017086850e+00 1.2085969332e+00 -2.1296522288e-01 )	( -3.2228425111e-03 -3.1323512210e-03 -2.6647665119e-02 )
131              	( -3.0104314843e+00 1.2060020517e+00 -2.3783897178e-01 )	( -3.0071996030e+00 1.2091360724e+00 -2.1116849858e-01 )	( -3.2318813430e-03 -3.1340206580e-03 -2.6670473208e-02 )
132              	( -3.0148375958e+00 1.2059229292e+00 -2.3606514408e-01 )	( -3.0115896961e+00 1.2090515267e+00 -2.0940357366e-01 )	( -3.2478996811e-03 -3.1285974361e-03 -2.6661570415e-02 )
133              	( -3.0196250545e+00 1.2056155239e+00 -2.3436914147e-01 )	( -3.0163674892e+00 1.2087456262e+00 -2.0768427388e-01 )	( -3.2575653223e-03 -3.1301023578e-03 -2.6684867590e-02 )
134              	( -3.0263718738e+00 1.2059028285e+00 -2.3210409445e-01 )	( -3.0231014792e+00 1.2090277697e+00 -2.0544145790e-01 )	( -3.2703946196e-03 -3.1249412228e-03 -2.6662636545e-02 )
135              	( -3.0297559884e+00 1.2051972211e+00 -2.3070042834e-01 )	( -3.0264801477e+00 1.2083238885e+00 -2.0402847698e-01 )	( -3.2758407283e-03 -3.1266673713e-03 -2.6671951363e-02 )
136              	( -3.0327996558e+00 1.2044213107e+00 -2.2937382322e-01 )	( -3.0295125842e+00 1.2075432425e+00 -2.0273774431e-01 )	( -3.2870716841e-03 -3.1219318877e-03 -2.6636078915e-02 )
137              	( -3.0345208788e+00 1.2037059867e+00 -2.2830667696e-01 )	( -3.0312284342e+00 1.2068298286e+00 -2.0167186620e-01 )	( -3.2924445572e-03 -3.1238418831e-03 -2.6634810755e-02 )
138              	( -3.0379671887e+00 1.2036276192e+00 -2.2680292278e-01 )	( -3.0346643035e+00 1.2067468516e+00 -2.0020325568e-01 )	( -3.3028852426e-03 -3.1192324375e-03 -2.6599667108e-02 )
139              	( -3.0408309610e+00 1.2032078409e+00 -2.2533570403e-01 )	( -3.0375250028e+00 1.2063288815e+00 -1.9872854740e-01 )	( -3.3059581503e-03 -3.1210405177e-03 -2.6607156634e-02 )
140              	( -3.0463097067e+00 1.2034638115e+00 -2.2325671287e-01 )	( -3.0429971616e+00 1.2065804581e+00 -1.9669377241e-01 )	( -3.3125451050e-03 -3.1166465417e-03 -2.6562940458e-02 )
141              	( -3.0478927272e+00 1.2028263700e+00 -2.2199361097e-01 )	( -3.0445801304e+00 1.2059450512e+00 -1.9545044737e-01 )	( -3.3125967821e-03 -3.1186811598e-03 -2.6543163602e-02 )
142              	( -3.0504337772e+00 1.2023319917e+00 -2.2062318459e-01 )	( -3.0471149717e+00 1.2054464060e+00 -1.9413216314e-01 )	( -3.3188054936e-03 -3.1144142807e-03 -2.6491021448e-02 )
143              	( -3.0519364519e+00 1.2015308601e+00 -2.1951643322e-01 )	( -3.0486149581e+00 1.2046467980e+00 -1.9301807802e-01 )	( -3.3214937943e-03 -3.1159378435e-03 -2.6498355208e-02 )
144              	( -3.0571509488e+00 1.2020764604e+00 -2.1727157404e-01 )	( -3.0538218857e+00 1.2051877118e+00 -1.9079460728e-01 )	( -3.3290631461e-03 -3.1112514025e-03 -2.6476966756e-02 )
145              	( -3.0582032814e+00 1.2013380230e+00 -2.1599485604e-01 )	( -3.0548732248e+00 1.2044507214e+00 -1.8951313520e-01 )	( -3.3300565514e-03 -3.1126984655e-03 -2.6481720839e-02 )
146              	( -3.0610269763e+00 1.2008769789e+00 -2.1439304277e-01 )	( -3.0576904392e+00 1.2039850426e+00 -1.8793430657e-01 )	( -3.3365370735e-03 -3.1080636257e-03 -2.6458736195e-02 )
147              	( -3.0638697555e+00 1.2005160725e+00 -2.1268838032e-01 )	( -3.0605320779e+00 1.2036252396e+00 -1.8620802640e-01 )	( -3.3376775989e-03 -3.1091670272e-03 -2.6480353920e-02 )
148              	( -3.0686919113e+00 1.2005657475e+00 -2.1052978881e-01 )	( -3.0653485599e+00 1.2036701121e+00 -1.8406110957e-01 )	( -3.3433514014e-03 -3.1043646327e-03 -2.6468679243e-02 )
149              	( -3.0731142366e+00 1.2002684554e+00 -2.0863898956e-01 )	( -3.0697706030e+00 1.2033737611e+00 -1.8215048891e-01 )	( -3.3436335133e-03 -3.1053056977e-03 -2.6488500647e-02 )
150              	( -3.0765136098e+00 1.1996603496e+00 -2.0697563669e-01 )	( -3.0731640178e+00 1.2027607907e+00 -1.8049989309e-01 )	( -3.3495919701e-03 -3.1004410927e-03 -2.6475743598e-02 )
151              	( -3.0801746074e+00 1.1990519715e+00 -2.0522876234e-01 )	( -3.0768243478e+00 1.2021531679e+00 -1.7873441147e-01 )	( -3.3502596026e-03 -3.1011964602e-03 -2.6494350874e-02 )
152              	( -3.0818511722e+00 1.1979517778e+00 -2.0380630416e-01 )	( -3.0784939220e+00 1.2010478606e+00 -1.7731298988e-01 )	( -3.3572501591e-03 -3.0960828158e-03 -2.6493314280e-02 )
153              	( -3.0837995450e+00 1.1968948561e+00 -2.0243189440e-01 )	( -3.0804386434e+00 1.1999909643e+00 -1.7589015034e-01 )	( -3.3609016912e-03 -3.0961082029e-03 -2.6541744060e-02 )
154              	( -3.0850015524e+00 1.1956128314e+00 -2.0115756267e-01 )	( -3.0816315505e+00 1.1987034658e+00 -1.7460884539e-01 )	( -3.3700019027e-03 -3.0906344469e-03 -2.6548717275e-02 )
155              	( -3.0861336425e+00 1.1944537842e+00 -2.0000557545e-01 )	( -3.0827577809e+00 1.1975443514e+00 -1.7343384354e-01 )	( -3.3758615383e-03 -3.0905671393e-03 -2.6571731911e-02 )
156              	( -3.0915231123e+00 1.1946654848e+00 -1.9807455831e-01 )	( -3.0881378349e+00 1.1977507085e+00 -1.7150269428e-01 )	( -3.3852774605e-03 -3.0852237111e-03 -2.6571864029e-02 )
157              	( -3.0957069720e+00 1.1943456126e+00 -1.9629682510e-01 )	( -3.0923186348e+00 1.1974308141e+00 -1.6969641854e-01 )	( -3.3883371374e-03 -3.0852015211e-03 -2.6600406555e-02 )
158              	( -3.0992456422e+00 1.1937718144e+00 -1.9470495276e-01 )	( -3.0958498654e+00 1.1968518241e+00 -1.6812155138e-01 )	( -3.3957768264e-03 -3.0800096454e-03 -2.6583401379e-02 )
159              	( -3.1004602622e+00 1.1928894792e+00 -1.9348660741e-01 )	( -3.0970615036e+00 1.1959695637e+00 -1.6689214428e-01 )	( -3.3987585563e-03 -3.0800844709e-03 -2.6594463128e-02 )
160              	( -3.1019949163e+00 1.1922301034e+00 -1.9210871820e-01 )	( -3.0985885799e+00 1.1953051189e+00 -1.6553309022e-01 )	( -3.4063364084e-03 -3.0750155029e-03 -2.6575627987e-02 )
161              	( -3.1058357053e+00 1.1916831323e+00 -1.9055078424e-01 )	( -3.1024261661e+00 1.1947582404e+00 -1.6397778210e-01 )	( -3.4095392501e-03 -3.0751081213e-03 -2.6573002140e-02 )
162              	( -3.1088850263e+00 1.1912059725e+00 -1.8923996275e-01 )	( -3.1054633879e+00 1.1942757063e+00 -1.6268154714e-01 )	( -3.4216383924e-03 -3.0697337409e-03 -2.6558415617e-02 )
163              	( -3.1138123993e+00 1.1918447852e+00 -1.8730925640e-01 )	( -3.1103841525e+00 1.1949140024e+00 -1.6071933306e-01 )	( -3.4282468624e-03 -3.0692171596e-03 -2.6589923334e-02 )
164              	( -3.1175417733e+00 1.1916837459e+00 -1.8552706561e-01 )	( -3.1141042582e+00 1.1947476636e+00 -1.5894400183e-01 )	( -3.4375151186e-03 -3.0639177123e-03 -2.6583063781e-02 )
165              	( -3.1172125137e+00 1.1907134877e+00 -1.8457117630e-01 )	( -3.1137704685e+00 1.1937771321e+00 -1.5797460764e-01 )	( -3.4420451582e-03 -3.0636443816e-03 -2.6596568657e-02 )
166              	( -3.1210969863e+00 1.1907133619e+00 -1.8297563301e-01 )	( -3.1176468447e+00 1.1937719271e+00 -1.5639461142e-01 )	( -3.4501415911e-03 -3.0585652479e-03 -2.6581021591e-02 )
167              	( -3.1240458533e+00 1.1904268810e+00 -1.8151219024e-01 )	( -3.1205922667e+00 1.1934850678e+00 -1.5491395311e-01 )	( -3.4535865835e-03 -3.0581867798e-03 -2.6598237135e-02 )
168              	( -3.1245951749e+00 1.1895198644e+00 -1.8037822905e-01 )	( -3.1211336709e+00 1.1925728956e+00 -1.5379376065e-01 )	( -3.4615040210e-03 -3.0530312179e-03 -2.6584468396e-02 )
169              	( -3.1220132197e+00 1.1878070734e+00 -1.7994185517e-01 )	( -3.1185510968e+00 1.1908600628e+00 -1.5336089601e-01 )	( -3.4621228949e-03 -3.0529894002e-03 -2.6580959163e-02 )
170              	( -3.1227814238e+00 1.1871843832e+00 -1.7881400160e-01 )	( -3.1193155028e+00 1.1902327383e+00 -1.5226419396e-01 )	( -3.4659210518e-03 -3.0483550778e-03 -2.6549807644e-02 )
171              	( -3.1260128517e+00 1.1873497200e+00 -1.7720771342e-01 )	( -3.1225486282e+00 1.1903981909e+00 -1.5066189852e-01 )	( -3.4642234701e-03 -3.0484708997e-03 -2.6545814891e-02 )
172              	( -3.1275514789e+00 1.1867500993e+00 -1.7585514424e-01 )	( -3.1240841611e+00 1.1897939570e+00 -1.4933428233e-01 )	( -3.4673177835e-03 -3.0438577155e-03 -2.6520861913e-02 )
173              	( -3.1279868624e+00 1.1858823882e+00 -1.7472196974e-01 )	( -3.1245205853e+00 1.1889261620e+00 -1.4820083756e-01 )	( -3.4662771045e-03 -3.0437738332e-03 -2.6521132186e-02 )
174              	( -3.1290803650e+00 1.1850770025e+00 -1.7341590794e-01 )	( -3.1256072216e+00 1.1881157475e+00 -1.4689779237e-01 )	( -3.4731433993e-03 -3.0387450187e-03 -2.6518115571e-02 )
175              	( -3.1323550147e+00 1.1849526347e+00 -1.7169009560e-01 )	( -3.1288791115e+00 1.1879909192e+00 -1.4514378705e-01 )	( -3.4759031821e-03 -3.0382844447e-03 -2.6546308548e-02 )
176              	( -3.1346026505e+00 1.1843239404e+00 -1.7025655586e-01 )	( -3.1311200035e+00 1.1873574830e+00 -1.4370840741e-01 )	( -3.4826470042e-03 -3.0335426021e-03 -2.6548148455e-02 )
177              	( -3.1387742677e+00 1.1842030206e+00 -1.6852215381e-01 )	( -3.1352886323e+00 1.1872363752e+00 -1.4194514387e-01 )	( -3.4856353547e-03 -3.0333546189e-03 -2.6577009942e-02 )
178              	( -3.1435299168e+00 1.1842799250e+00 -1.6670564977e-01 )	( -3.1400344316e+00 1.1873085428e+00 -1.4010671177e-01 )	( -3.4954851443e-03 -3.0286177944e-03 -2.6598937994e-02 )
179              	( -3.1481381295e+00 1.1843313508e+00 -1.6489673682e-01 )	( -3.1446382716e+00 1.1873598286e+00 -1.3825019490e-01 )	( -3.4998578975e-03 -3.0284777809e-03 -2.6646541918e-02 )
180              	( -3.1530403477e+00 1.1843646256e+00 -1.6317564209e-01 )	( -3.1495326595e+00 1.1873888542e+00 -1.3650598464e-01 )	( -3.5076881917e-03 -3.0242285580e-03 -2.6669657452e-02 )
181              	( -3.1561734660e+00 1.1841037002e+00 -1.6181349786e-01 )	( -3.1526619566e+00 1.1871281411e+00 -1.3509706281e-01 )	( -3.5115094035e-03 -3.0244408150e-03 -2.6716435053e-02 )
182              	( -3.1585647605e+00 1.1839721447e+00 -1.6058022321e-01 )	( -3.1550466624e+00 1.1869926932e+00 -1.3384690604e-01 )	( -3.5180980097e-03 -3.0205485018e-03 -2.6733317175e-02 )
183              	( -3.1604114539e+00 1.1837391152e+00 -1.5973745529e-01 )	( -3.1568909776e+00 1.1867601654e+00 -1.3296493806e-01 )	( -3.5204763444e-03 -3.0210501450e-03 -2.6772517233e-02 )
184              	( -3.1639158063e+00 1.1841825406e+00 -1.5861986486e-01 )	( -3.1603871658e+00 1.1871998999e+00 -1.3182216289e-01 )	( -3.5286404151e-03 -3.0173592475e-03 -2.6797701971e-02 )
185              	( -3.1681865348e+00 1.1846650133e+00 -1.5737415601e-01 )	( -3.1646528378e+00 1.1876830723e+00 -1.3052553832e-01 )	( -3.5336969929e-03 -3.0180590417e-03 -2.6848617688e-02 )
186              	( -3.1723638046e+00 1.1851034365e+00 -1.5617551627e-01 )	( -3.1688230394e+00 1.1881184187e+00 -1.2929937441e-01 )	( -3.5407652575e-03 -3.0149822486e-03 -2.6876141864e-02 )
187              	( -3.1785364300e+00 1.1861144397e+00 -1.5474116230e-01 )	( -3.1749941730e+00 1.1891309177e+00 -1.2782775727e-01 )	( -3.5422569795e-03 -3.0164779283e-03 -2.6913405032e-02 )
188              	( -3.1817936331e+00 1.1862933860e+00 -1.5388211784e-01 )	( -3.1782437468e+00 1.1893072116e+00 -1.2694651421e-01 )	( -3.5498863353e-03 -3.0138255598e-03 -2.6935603631e-02 )
189              	( -3.1839280226e+00 1.1866653285e+00 -1.5332130753e-01 )	( -3.1803766409e+00 1.1896811392e+00 -1.2634481470e-01 )	( -3.5513816739e-03 -3.0158107886e-03 -2.6976492822e-02 )
190              	( -3.1874123940e+00 1.1874333308e+00 -1.5268184549e-01 )	( -3.1838558489e+00 1.1904472883e+00 -1.2568508646e-01 )	( -3.5565450761e-03 -3.0139574256e-03 -2.6996759028e-02 )
191              	( -3.1895214330e+00 1.1878413177e+00 -1.5231475164e-01 )	( -3.1859634375e+00 1.1908575961e+00 -1.2526510070e-01 )	( -3.5579954518e-03 -3.0162783983e-03 -2.7049650941e-02 )
192              	( -3.1928846203e+00 1.1887119541e+00 -1.5161040957e-01 )	( -3.1893203180e+00 1.1917264729e+00 -1.2452123297e-01 )	( -3.5643022812e-03 -3.0145188025e-03 -2.7089176607e-02 )
193              	( -3.1970127678e+00 1.1894104856e+00 -1.5101164921e-01 )	( -3.1934477430e+00 1.1924276181e+00 -1.2387429404e-01 )	( -3.5650248218e-03 -3.0171325347e-03 -2.7137355179e-02 )
194              	( -3.2017917002e+00 1.1906974568e+00 -1.5032182978e-01 )	( -3.1982220800e+00 1.1937133163e+00 -1.2315789825e-01 )	( -3.5696201614e-03 -3.0158594994e-03 -2.7163931529e-02 )
195              	( -3.2056650354e+00 1.1915995914e+00 -1.4987254916e-01 )	( -3.2020939415e+00 1.1946180852e+00 -1.2265101259e-01 )	( -3.5710939186e-03 -3.0184937903e-03 -2.7221536566e-02 )
196              	( -3.2102903546e+00 1.1928437565e+00 -1.4924171346e-01 )	( -3.2067146252e+00 1.1958610180e+00 -1.2198929257e-01 )	( -3.5757293453e-03 -3.0172614826e-03 -2.7252420894e-02 )
197              	( -3.2126105306e+00 1.1936906900e+00 -1.4911445851e-01 )	( -3.2090324141e+00 1.1967105123e+00 -1.2180026610e-01 )	( -3.5781164059e-03 -3.0198222394e-03 -2.7314192405e-02 )
198              	( -3.2150962781e+00 1.1944157758e+00 -1.4894500423e-01 )	( -3.2115111232e+00 1.1974340867e+00 -1.2158302962e-01 )	( -3.5851548218e-03 -3.0183108977e-03 -2.7361974606e-02 )
199              	( -3.2221615734e+00 1.1967089497e+00 -1.4805264384e-01 )	( -3.2185732885e+00 1.1997296070e+00 -1.2061518580e-01 )	( -3.5882849056e-03 -3.0206573032e-03 -2.7437458041e-02 )
200              	( -3.2279574477e+00 1.1983500392e+00 -1.4727532731e-01 )	( -3.2243641001e+00 1.2013694679e+00 -1.1979530020e-01 )	( -3.5933476054e-03 -3.0194286845e-03 -2.7480027112e-02 )
201              	( -3.2350377262e+00 1.2002914900e+00 -1.4635700038e-01 )	( -3.2314474826e+00 1.2033139934e+00 -1.1883644245e-01 )	( -3.5902436268e-03 -3.0225033533e-03 -2.7520557928e-02 )
202              	( -3.2392092417e+00 1.2015759851e+00 -1.4598520117e-01 )	( -3.2356171034e+00 1.2045976223e+00 -1.1843888167e-01 )	( -3.5921383730e-03 -3.0216371733e-03 -2.7546319507e-02 )
203              	( -3.2409109875e+00 1.2022048174e+00 -1.4606606196e-01 )	( -3.2373187218e+00 1.2052291654e+00 -1.1846564624e-01 )	( -3.5922656394e-03 -3.0243480017e-03 -2.7600415721e-02 )
204              	( -3.2437659687e+00 1.2031466420e+00 -1.4590938132e-01 )	( -3.2401715657e+00 1.2061701139e+00 -1.1828183045e-01 )	( -3.5944030066e-03 -3.0234719277e-03 -2.7627550864e-02 )
205              	( -3.2498359288e+00 1.2048152034e+00 -1.4521673005e-01 )	( -3.2462434648e+00 1.2078416130e+00 -1.1754440222e-01 )	( -3.5924640008e-03 -3.0264095574e-03 -2.7672327832e-02 )
206              	( -3.2545164324e+00 1.2064192409e+00 -1.4478585550e-01 )	( -3.2509199828e+00 1.2094446251e+00 -1.1707668115e-01 )	( -3.5964496145e-03 -3.0253841842e-03 -2.7709174351e-02 )
207              	( -3.2592537038e+00 1.2078274541e+00 -1.4435018417e-01 )	( -3.2556592328e+00 1.2108557754e+00 -1.1659164566e-01 )	( -3.5944710438e-03 -3.0283212574e-03 -2.7758538517e-02 )
208              	( -3.2642709102e+00 1.2094650084e+00 -1.4383445738e-01 )	( -3.2606765546e+00 1.2124927564e+00 -1.1605604971e-01 )	( -3.5943556061e-03 -3.0277479588e-03 -2.7778407667e-02 )
209              	( -3.2686410624e+00 1.2109123089e+00 -1.4353134474e-01 )	( -3.2650493734e+00 1.2139430373e+00 -1.1570786496e-01 )	( -3.5916889773e-03 -3.0307284419e-03 -2.7823479786e-02 )
210              	( -3.2721697825e+00 1.2121690036e+00 -1.4338947688e-01 )	( -3.2685773446e+00 1.2151990910e+00 -1.1554440646e-01 )	( -3.5924378510e-03 -3.0300873440e-03 -2.7845070414e-02 )
211              	( -3.2772432240e+00 1.2138438745e+00 -1.4301470354e-01 )	( -3.2736505497e+00 1.2168765873e+00 -1.1511259084e-01 )	( -3.5926743052e-03 -3.0327127903e-03 -2.7902112703e-02 )
212              	( -3.2812150713e+00 1.2153436385e+00 -1.4285587165e-01 )	( -3.2776149090e+00 1.2183750578e+00 -1.1489737917e-01 )	( -3.6001622219e-03 -3.0314192860e-03 -2.7958492479e-02 )
213              	( -3.2870680368e+00 1.2172703735e+00 -1.4233039406e-01 )	( -3.2834630462e+00 1.2203040532e+00 -1.1428778510e-01 )	( -3.6049905622e-03 -3.0336796775e-03 -2.8042608960e-02 )
214              	( -3.2946842642e+00 1.2197386311e+00 -1.4149867893e-01 )	( -3.2910727852e+00 1.2227712192e+00 -1.1339903485e-01 )	( -3.6114789769e-03 -3.0325880429e-03 -2.8099644072e-02 )
215              	( -3.3014171187e+00 1.2217836248e+00 -1.4094482671e-01 )	( -3.2978041164e+00 1.2248188511e+00 -1.1277532540e-01 )	( -3.6130023553e-03 -3.0352262908e-03 -2.8169501308e-02 )
216              	( -3.3085434172e+00 1.2240282387e+00 -1.4034068998e-01 )	( -3.3049248152e+00 1.2270625117e+00 -1.1211951173e-01 )	( -3.6186019954e-03 -3.0342729873e-03 -2.8221178253e-02 )
217              	( -3.3146562230e+00 1.2260284273e+00 -1.3995026579e-01 )	( -3.3110364141e+00 1.2290653436e+00 -1.1166346327e-01 )	( -3.6198088612e-03 -3.0369163575e-03 -2.8286802523e-02 )
218              	( -3.3200421180e+00 1.2278420754e+00 -1.3974555594e-01 )	( -3.3164169225e+00 1.2308780381e+00 -1.1141035850e-01 )	( -3.6251954549e-03 -3.0359626594e-03 -2.8335197435e-02 )
219              	( -3.3252623555e+00 1.2297495309e+00 -1.3962729407e-01 )	( -3.3216363393e+00 1.2327881275e+00 -1.1123295444e-01 )	( -3.6260161750e-03 -3.0385966276e-03 -2.8394339626e-02 )
220              	( -3.3302977110e+00 1.2315257065e+00 -1.3955287747e-01 )	( -3.3266693881e+00 1.2345637778e+00 -1.1112748497e-01 )	( -3.6283229016e-03 -3.0380712914e-03 -2.8425392494e-02 )
221              	( -3.3342523337e+00 1.2329588538e+00 -1.3968633560e-01 )	( -3.3306271991e+00 1.2360001213e+00 -1.1121728425e-01 )	( -3.6251345873e-03 -3.0412675011e-03 -2.8469051347e-02 )
222              	( -3.3407025334e+00 1.2350595884e+00 -1.3938873770e-01 )	( -3.3370755210e+00 1.2381004202e+00 -1.1088939344e-01 )	( -3.6270123840e-03 -3.0408317733e-03 -2.8499344258e-02 )
223              	( -3.3462760080e+00 1.2368514783e+00 -1.3929779570e-01 )	( -3.3426494992e+00 1.2398952108e+00 -1.1074415822e-01 )	( -3.6265087479e-03 -3.0437325031e-03 -2.8553637479e-02 )
224              	( -3.3526290585e+00 1.2390937105e+00 -1.3910421777e-01 )	( -3.3489975708e+00 1.2421367169e+00 -1.1050620617e-01 )	( -3.6314877478e-03 -3.0430064458e-03 -2.8598011600e-02 )
225              	( -3.3600661971e+00 1.2417716960e+00 -1.3881524362e-01 )	( -3.3564318593e+00 1.2448172032e+00 -1.1014824142e-01 )	( -3.6343377566e-03 -3.0455072279e-03 -2.8667002193e-02 )
226              	( -3.3664637475e+00 1.2442132768e+00 -1.3871620423e-01 )	( -3.3628237703e+00 1.2472580023e+00 -1.0999727196e-01 )	( -3.6399772060e-03 -3.0447254965e-03 -2.8718932273e-02 )
227              	( -3.3715488338e+00 1.2464740999e+00 -1.3888706391e-01 )	( -3.3679075025e+00 1.2495214746e+00 -1.1010392260e-01 )	( -3.6413312248e-03 -3.0473747264e-03 -2.8783141304e-02 )
228              	( -3.3773038833e+00 1.2488659107e+00 -1.3896556653e-01 )	( -3.3736583085e+00 1.2519127178e+00 -1.1014003781e-01 )	( -3.6455747570e-03 -3.0468071096e-03 -2.8825528720e-02 )
229              	( -3.3842683993e+00 1.2516467479e+00 -1.3889030381e-01 )	( -3.3806215707e+00 1.2546963590e+00 -1.1000166636e-01 )	( -3.6468286684e-03 -3.0496110436e-03 -2.8888637449e-02 )
230              	( -3.3907717536e+00 1.2542425263e+00 -1.3882605656e-01 )	( -3.3871199711e+00 1.2572916683e+00 -1.0988942667e-01 )	( -3.6517824929e-03 -3.0491420190e-03 -2.8936629895e-02 )
231              	( -3.3983256945e+00 1.2569805448e+00 -1.3856165268e-01 )	( -3.3946716387e+00 1.2600324602e+00 -1.0955743776e-01 )	( -3.6540557813e-03 -3.0519153767e-03 -2.9004214928e-02 )
232              	( -3.4038852240e+00 1.2591927008e+00 -1.3861350870e-01 )	( -3.4002253816e+00 1.2622440642e+00 -1.0956135940e-01 )	( -3.6598424310e-03 -3.0513634398e-03 -2.9052149305e-02 )
233              	( -3.4085836714e+00 1.2609858479e+00 -1.3881015889e-01 )	( -3.4049225956e+00 1.2640400650e+00 -1.0969925750e-01 )	( -3.6610757555e-03 -3.0542170835e-03 -2.9110901381e-02 )
234              	( -3.4143954387e+00 1.2634596107e+00 -1.3887555507e-01 )	( -3.4107296375e+00 1.2665134099e+00 -1.0972137885e-01 )	( -3.6658011520e-03 -3.0537991678e-03 -2.9154176220e-02 )
235              	( -3.4200105322e+00 1.2658139247e+00 -1.3897360139e-01 )	( -3.4163464087e+00 1.2688709195e+00 -1.0977343771e-01 )	( -3.6641235176e-03 -3.0569948464e-03 -2.9200163682e-02 )
236              	( -3.4255053124e+00 1.2680647858e+00 -1.3910140924e-01 )	( -3.4218396406e+00 1.2711218372e+00 -1.0987408864e-01 )	( -3.6656717966e-03 -3.0570514354e-03 -2.9227320600e-02 )
237              	( -3.4312144049e+00 1.2705339657e+00 -1.3927450494e-01 )	( -3.4275493913e+00 1.2735942854e+00 -1.0999568115e-01 )	( -3.6650135896e-03 -3.0603197790e-03 -2.9278823798e-02 )
238              	( -3.4378001063e+00 1.2732714267e+00 -1.3931852397e-01 )	( -3.4341328378e+00 1.2763319343e+00 -1.1000551669e-01 )	( -3.6672684297e-03 -3.0605076583e-03 -2.9313007276e-02 )
239              	( -3.4446850143e+00 1.2761828329e+00 -1.3932664627e-01 )	( -3.4410188749e+00 1.2792467919e+00 -1.0996213664e-01 )	( -3.6661393999e-03 -3.0639589602e-03 -2.9364509634e-02 )
240              	( -3.4508150203e+00 1.2788406993e+00 -1.3947212493e-01 )	( -3.4471459184e+00 1.2819048910e+00 -1.1006920638e-01 )	( -3.6691018932e-03 -3.0641917700e-03 -2.9402918552e-02 )
241              	( -3.4572024711e+00 1.2814753107e+00 -1.3957296982e-01 )	( -3.4535338369e+00 1.2845429477e+00 -1.1011379566e-01 )	( -3.6686341921e-03 -3.0676370195e-03 -2.9459174156e-02 )
242              	( -3.4639306479e+00 1.2842268157e+00 -1.3958617867e-01 )	( -3.4602592484e+00 1.2872947523e+00 -1.1008872356e-01 )	( -3.6713995439e-03 -3.0679365942e-03 -2.9497455118e-02 )
243              	( -3.4705245732e+00 1.2868706012e+00 -1.3961717451e-01 )	( -3.4668533024e+00 1.2899419245e+00 -1.1006416167e-01 )	( -3.6712707744e-03 -3.0713233073e-03 -2.9553012843e-02 )
244              	( -3.4770514105e+00 1.2895258189e+00 -1.3966101838e-01 )	( -3.4733761629e+00 1.2925973384e+00 -1.1006398155e-01 )	( -3.6752475592e-03 -3.0715194992e-03 -2.9597036831e-02 )
245              	( -3.4837129009e+00 1.2923110446e+00 -1.3968800334e-01 )	( -3.4800375703e+00 1.2953859871e+00 -1.1003227503e-01 )	( -3.6753306119e-03 -3.0749425326e-03 -2.9655728307e-02 )
246              	( -3.4900965388e+00 1.2949184712e+00 -1.3972456682e-01 )	( -3.4864173205e+00 1.2979936712e+00 -1.1002364087e-01 )	( -3.6792182726e-03 -3.0752000301e-03 -2.9700925948e-02 )
247              	( -3.4966278129e+00 1.2975400945e+00 -1.3973505117e-01 )	( -3.4929481196e+00 1.3006186301e+00 -1.0997369481e-01 )	( -3.6796933072e-03 -3.0785355828e-03 -2.9761356364e-02 )
248              	( -3.5030869943e+00 1.3001782688e+00 -1.3969933229e-01 )	( -3.4994040281e+00 1.3032570572e+00 -1.0989716807e-01 )	( -3.6829662605e-03 -3.0787883986e-03 -2.9802164222e-02 )
249              	( -3.5100084981e+00 1.3028432020e+00 -1.3956980734e-01 )	( -3.5063255139e+00 1.3059252623e+00 -1.0971157637e-01 )	( -3.6829842068e-03 -3.0820602721e-03 -2.9858230971e-02 )
250              	( -3.5162307601e+00 1.3052641296e+00 -1.3948320294e-01 )	( -3.5125444232e+00 1.3083463445e+00 -1.0958553299e-01 )	( -3.6863369076e-03 -3.0822148279e-03 -2.9897669944e-02 )
251              	( -3.5223402949e+00 1.3076005224e+00 -1.3939138879e-01 )	( -3.5186543745e+00 1.3106859426e+00 -1.0944167585e-01 )	( -3.6859204457e-03 -3.0854202372e-03 -2.9949712938e-02 )
252              	( -3.5280842606e+00 1.3098792561e+00 -1.3933352173e-01 )	( -3.5243953692e+00 1.3129647797e+00 -1.0934820557e-01 )	( -3.6888914201e-03 -3.0855236445e-03 -2.9985316165e-02 )
253              	( -3.5331702113e+00 1.3119852539e+00 -1.3938000255e-01 )	( -3.5294814891e+00 1.3150738463e+00 -1.0934324465e-01 )	( -3.6887222016e-03 -3.0885924223e-03 -3.0036757906e-02 )
254              	( -3.5381618908e+00 1.3140519536e+00 -1.3940837805e-01 )	( -3.5344691406e+00 1.3171404555e+00 -1.0933214617e-01 )	( -3.6927502068e-03 -3.0885018681e-03 -3.0076231880e-02 )
255              	( -3.5435184697e+00 1.3161504729e+00 -1.3935987084e-01 )	( -3.5398244417e+00 1.3192417991e+00 -1.0922681550e-01 )	( -3.6940280144e-03 -3.0913262487e-03 -3.0133055343e-02 )
256              	( -3.5494005025e+00 1.3184220549e+00 -1.3921414004e-01 )	( -3.5457012404e+00 1.3215131091e+00 -1.0903777978e-01 )	( -3.6992620779e-03 -3.0910541534e-03 -3.0176360265e-02 )
257              	( -3.5551191608e+00 1.3205899112e+00 -1.3906573577e-01 )	( -3.5514177957e+00 1.3236836524e+00 -1.0883035457e-01 )	( -3.7013650946e-03 -3.0937411365e-03 -3.0235381199e-02 )
258              	( -3.5603707641e+00 1.3225438677e+00 -1.3893807807e-01 )	( -3.5566647263e+00 1.3256374082e+00 -1.0866141644e-01 )	( -3.7060378664e-03 -3.0935404143e-03 -3.0276661632e-02 )
259              	( -3.5650423091e+00 1.3243445485e+00 -1.3892131919e-01 )	( -3.5613350911e+00 1.3274408883e+00 -1.0859021600e-01 )	( -3.7072179998e-03 -3.0963398317e-03 -3.0331103189e-02 )
260              	( -3.5698011678e+00 1.3262114163e+00 -1.3887453243e-01 )	( -3.5660892651e+00 1.3293075859e+00 -1.0850333882e-01 )	( -3.7119026648e-03 -3.0961696106e-03 -3.0371193605e-02 )
261              	( -3.5748609946e+00 1.3282396933e+00 -1.3882251255e-01 )	( -3.5711477425e+00 1.3313386720e+00 -1.0839659089e-01 )	( -3.7132521782e-03 -3.0989786843e-03 -3.0425921655e-02 )
262              	( -3.5801750284e+00 1.3302308701e+00 -1.3869370222e-01 )	( -3.5764574201e+00 1.3333297948e+00 -1.0822902395e-01 )	( -3.7176082797e-03 -3.0989247122e-03 -3.0464678275e-02 )
263              	( -3.5858618637e+00 1.3323902380e+00 -1.3855770206e-01 )	( -3.5821437913e+00 1.3354921759e+00 -1.0804061113e-01 )	( -3.7180723886e-03 -3.1019379085e-03 -3.0517090924e-02 )
264              	( -3.5912996905e+00 1.3345546996e+00 -1.3847619546e-01 )	( -3.5875780451e+00 1.3376568091e+00 -1.0792174255e-01 )	( -3.7216454425e-03 -3.1021095000e-03 -3.0554452916e-02 )
265              	( -3.5964636267e+00 1.3366756110e+00 -1.3847683120e-01 )	( -3.5927415747e+00 1.3397808523e+00 -1.0786917516e-01 )	( -3.7220519995e-03 -3.1052413498e-03 -3.0607656042e-02 )
266              	( -3.6013611651e+00 1.3387446982e+00 -1.3854545705e-01 )	( -3.5976355893e+00 1.3418502595e+00 -1.0789960514e-01 )	( -3.7255758816e-03 -3.1055613291e-03 -3.0645851913e-02 )
267              	( -3.6067447568e+00 1.3408476591e+00 -1.3851480897e-01 )	( -3.6030184217e+00 1.3439564468e+00 -1.0781304589e-01 )	( -3.7263351298e-03 -3.1087877179e-03 -3.0701763087e-02 )
268              	( -3.6122659487e+00 1.3429633709e+00 -1.3845053535e-01 )	( -3.6085354086e+00 1.3460725152e+00 -1.0770685188e-01 )	( -3.7305400569e-03 -3.1091442191e-03 -3.0743683468e-02 )
269              	( -3.6178074941e+00 1.3451651149e+00 -1.3842343024e-01 )	( -3.6140757034e+00 1.3482774896e+00 -1.0762106804e-01 )	( -3.7317907806e-03 -3.1123746633e-03 -3.0802362201e-02 )
270              	( -3.6233893453e+00 1.3474687987e+00 -1.3840789107e-01 )	( -3.6196531367e+00 1.3505815736e+00 -1.0756023887e-01 )	( -3.7362085878e-03 -3.1127749158e-03 -3.0847652195e-02 )
271              	( -3.6292021602e+00 1.3497698236e+00 -1.3833515047e-01 )	( -3.6254648196e+00 1.3528858630e+00 -1.0742797128e-01 )	( -3.7373406194e-03 -3.1160393805e-03 -3.0907179181e-02 )
272              	( -3.6349989420e+00 1.3519930944e+00 -1.3820245035e-01 )	( -3.6312575358e+00 1.3551095745e+00 -1.0725183171e-01 )	( -3.7414062507e-03 -3.1164801160e-03 -3.0950618639e-02 )
273              	( -3.6403337906e+00 1.3540339091e+00 -1.3810621196e-01 )	( -3.6365916284e+00 1.3571536641e+00 -1.0709853448e-01 )	( -3.7421621700e-03 -3.1197550598e-03 -3.1007677482e-02 )
274              	( -3.6454704883e+00 1.3560489065e+00 -1.3801579287e-01 )	( -3.6417239489e+00 1.3591690425e+00 -1.0696373730e-01 )	( -3.7465393404e-03 -3.1201360089e-03 -3.1052055571e-02 )
275              	( -3.6503682642e+00 1.3579335895e+00 -1.3793942420e-01 )	( -3.6466197629e+00 1.3610568247e+00 -1.0682517725e-01 )	( -3.7485012746e-03 -3.1232352800e-03 -3.1114246947e-02 )
276              	( -3.6550945229e+00 1.3597509181e+00 -1.3783433122e-01 )	( -3.6513412566e+00 1.3628744665e+00 -1.0667392523e-01 )	( -3.7532663012e-03 -3.1235484489e-03 -3.1160405997e-02 )
277              	( -3.6598968107e+00 1.3615857212e+00 -1.3769890609e-01 )	( -3.6561419921e+00 1.3647123556e+00 -1.0647921258e-01 )	( -3.7548185604e-03 -3.1266343881e-03 -3.1219693512e-02 )
278              	( -3.6645790388e+00 1.3633215253e+00 -1.3750461801e-01 )	( -3.6608195048e+00 1.3664484189e+00 -1.0624109094e-01 )	( -3.7595340097e-03 -3.1268936818e-03 -3.1263527072e-02 )
279              	( -3.6691060445e+00 1.3649370532e+00 -1.3728053956e-01 )	( -3.6653448856e+00 1.3680669496e+00 -1.0595942767e-01 )	( -3.7611588801e-03 -3.1298963952e-03 -3.1321111895e-02 )
280              	( -3.6736303157e+00 1.3665721170e+00 -1.3701912792e-01 )	( -3.6698646993e+00 1.3697022420e+00 -1.0565666755e-01 )	( -3.7656163418e-03 -3.1301249733e-03 -3.1362460372e-02 )
281              	( -3.6777427187e+00 1.3680241181e+00 -1.3677021906e-01 )	( -3.6739758894e+00 1.3711571791e+00 -1.0535429770e-01 )	( -3.7668292204e-03 -3.1330609341e-03 -3.1415921364e-02 )
282              	( -3.6814689180e+00 1.3693128581e+00 -1.3651241193e-01 )	( -3.6776979743e+00 1.3724460474e+00 -1.0505948079e-01 )	( -3.7709437361e-03 -3.1331892761e-03 -3.1452931144e-02 )
283              	( -3.6850317576e+00 1.3705367439e+00 -1.3627148651e-01 )	( -3.6812598035e+00 1.3736727491e+00 -1.0476809841e-01 )	( -3.7719541080e-03 -3.1360052165e-03 -3.1503388108e-02 )
284              	( -3.6884221729e+00 1.3716860983e+00 -1.3601788921e-01 )	( -3.6846458611e+00 1.3748220883e+00 -1.0447837450e-01 )	( -3.7763118220e-03 -3.1359900584e-03 -3.1539514716e-02 )
285              	( -3.6918035101e+00 1.3728117863e+00 -1.3576848792e-01 )	( -3.6880256357e+00 1.3759504051e+00 -1.0417920176e-01 )	( -3.7778744302e-03 -3.1386188237e-03 -3.1589286152e-02 )
286              	( -3.6951145657e+00 1.3739143899e+00 -1.3550349523e-01 )	( -3.6913320747e+00 1.3770528817e+00 -1.0387972183e-01 )	( -3.7824909237e-03 -3.1384918375e-03 -3.1623773406e-02 )
287              	( -3.6982903045e+00 1.3749633976e+00 -1.3524590403e-01 )	( -3.6945061178e+00 1.3781044154e+00 -1.0357415922e-01 )	( -3.7841866554e-03 -3.1410177883e-03 -3.1671744816e-02 )
288              	( -3.7011315926e+00 1.3759403046e+00 -1.3503807426e-01 )	( -3.6973425685e+00 1.3790811441e+00 -1.0333204111e-01 )	( -3.7890241163e-03 -3.1408395321e-03 -3.1706033146e-02 )
289              	( -3.7039717488e+00 1.3768171057e+00 -1.3479440979e-01 )	( -3.7001812908e+00 1.3799604735e+00 -1.0304291782e-01 )	( -3.7904579369e-03 -3.1433678294e-03 -3.1751491975e-02 )
290              	( -3.7067758877e+00 1.3777102375e+00 -1.3456285734e-01 )	( -3.7029808998e+00 1.3808534409e+00 -1.0277986674e-01 )	( -3.7949878931e-03 -3.1432033547e-03 -3.1782990601e-02 )
291              	( -3.7099707016e+00 1.3787876848e+00 -1.3432596921e-01 )	( -3.7061738999e+00 1.3819333693e+00 -1.0249549385e-01 )	( -3.7968017360e-03 -3.1456845150e-03 -3.1830475356e-02 )
292              	( -3.7129628405e+00 1.3798288485e+00 -1.3411022222e-01 )	( -3.7091611450e+00 1.3829743161e+00 -1.0224710148e-01 )	( -3.8016955451e-03 -3.1454675870e-03 -3.1863120736e-02 )
293              	( -3.7161483392e+00 1.3808224187e+00 -1.3383862860e-01 )	( -3.7123449738e+00 1.3839703682e+00 -1.0193010414e-01 )	( -3.8033654436e-03 -3.1479495397e-03 -3.1908524462e-02 )
294              	( -3.7193425004e+00 1.3818626400e+00 -1.3357397836e-01 )	( -3.7155350212e+00 1.3850105182e+00 -1.0163611674e-01 )	( -3.8074791491e-03 -3.1478782204e-03 -3.1937861624e-02 )
295              	( -3.7224346722e+00 1.3829043575e+00 -1.3334826382e-01 )	( -3.7186263163e+00 1.3860548321e+00 -1.0136804966e-01 )	( -3.8083558485e-03 -3.1504745621e-03 -3.1980214163e-02 )
296              	( -3.7254367814e+00 1.3839141306e+00 -1.3311946034e-01 )	( -3.7216245640e+00 1.3870645624e+00 -1.0111024996e-01 )	( -3.8122174211e-03 -3.1504318547e-03 -3.2009210386e-02 )
297              	( -3.7282706173e+00 1.3848640283e+00 -1.3291856738e-01 )	( -3.7244570715e+00 1.3880169810e+00 -1.0086482751e-01 )	( -3.8135457822e-03 -3.1529527128e-03 -3.2053739863e-02 )
298              	( -3.7308275022e+00 1.3857470594e+00 -1.3274124067e-01 )	( -3.7270095547e+00 1.3888998962e+00 -1.0065583065e-01 )	( -3.8179474723e-03 -3.1528367570e-03 -3.2085410025e-02 )
299              	( -3.7335990692e+00 1.3867138916e+00 -1.3255226712e-01 )	( -3.7297795296e+00 1.3898691527e+00 -1.0042128741e-01 )	( -3.8195396449e-03 -3.1552610567e-03 -3.2130979709e-02 )
300              	( -3.7363631148e+00 1.3876778264e+00 -1.3233313246e-01 )	( -3.7325392366e+00 1.3908329437e+00 -1.0017100908e-01 )	( -3.8238782135e-03 -3.1551173246e-03 -3.2162123372e-02 )
301              	( -3.7391538394e+00 1.3885894323e+00 -1.3208080531e-01 )	( -3.7353287487e+00 1.3917469579e+00 -9.9875880637e-02 )	( -3.8250906669e-03 -3.1575255246e-03 -3.2204924671e-02 )
302              	( -3.7418337468e+00 1.3894446731e+00 -1.3180431580e-01 )	( -3.7380050124e+00 1.3926020846e+00 -9.9572827978e-02 )	( -3.8287343411e-03 -3.1574114832e-03 -3.2231487826e-02 )
303              	( -3.7441894951e+00 1.3901363328e+00 -1.3153946005e-01 )	( -3.7403603776e+00 1.3932962294e+00 -9.9270240855e-02 )	( -3.8291174776e-03 -3.1598965817e-03 -3.2269219192e-02 )
304              	( -3.7462916179e+00 1.3907247690e+00 -1.3126884412e-01 )	( -3.7424589817e+00 1.3938844911e+00 -9.8975080671e-02 )	( -3.8326362418e-03 -3.1597221064e-03 -3.2293763444e-02 )
305              	( -3.7480945504e+00 1.3912446158e+00 -1.3104774805e-01 )	( -3.7442611110e+00 1.3944066693e+00 -9.8715805907e-02 )	( -3.8334393929e-03 -3.1620535654e-03 -3.2331942140e-02 )
306              	( -3.7501114704e+00 1.3918868505e+00 -1.3080565525e-01 )	( -3.7462743436e+00 1.3950487166e+00 -9.8448391902e-02 )	( -3.8371267982e-03 -3.1618661623e-03 -3.2357263345e-02 )
307              	( -3.7519727118e+00 1.3924426525e+00 -1.3056689307e-01 )	( -3.7481347132e+00 1.3956068203e+00 -9.8171245067e-02 )	( -3.8379985837e-03 -3.1641677479e-03 -3.2395648001e-02 )
308              	( -3.7539630790e+00 1.3930115821e+00 -1.3027691162e-01 )	( -3.7501216757e+00 1.3961755624e+00 -9.7858025312e-02 )	( -3.8414033437e-03 -3.1639802869e-03 -3.2418886310e-02 )
309              	( -3.7556298299e+00 1.3934648783e+00 -1.3002277567e-01 )	( -3.7517879109e+00 1.3966311383e+00 -9.7568568946e-02 )	( -3.8419190206e-03 -3.1662599832e-03 -3.2454206728e-02 )
310              	( -3.7571580112e+00 1.3938514884e+00 -1.2975363608e-01 )	( -3.7533126630e+00 1.3970175028e+00 -9.7277282935e-02 )	( -3.8453481309e-03 -3.1660143702e-03 -3.2476353140e-02 )
311              	( -3.7584873452e+00 1.3941994809e+00 -1.2952787494e-01 )	( -3.7546409401e+00 1.3973676126e+00 -9.7014845694e-02 )	( -3.8464051120e-03 -3.1681316589e-03 -3.2513029243e-02 )
312              	( -3.7598067970e+00 1.3945893087e+00 -1.2931293634e-01 )	( -3.7559564344e+00 1.3977570137e+00 -9.6776605862e-02 )	( -3.8503625015e-03 -3.1677050512e-03 -3.2536330477e-02 )
313              	( -3.7611438689e+00 1.3949732390e+00 -1.2910703961e-01 )	( -3.7572925409e+00 1.3981430084e+00 -9.6535636756e-02 )	( -3.8513280327e-03 -3.1697693561e-03 -3.2571402856e-02 )
314              	( -3.7626298008e+00 1.3953699265e+00 -1.2885264618e-01 )	( -3.7587750645e+00 1.3985393297e+00 -9.6261225622e-02 )	( -3.8547362824e-03 -3.1694031715e-03 -3.2591420555e-02 )
315              	( -3.7640229774e+00 1.3957045294e+00 -1.2860541758e-01 )	( -3.7601677926e+00 1.3988759828e+00 -9.5983128997e-02 )	( -3.8551848359e-03 -3.1714534443e-03 -3.2622288581e-02 )
316              	( -3.7652152863e+00 1.3959685714e+00 -1.2836651507e-01 )	( -3.7613567363e+00 1.3991395426e+00 -9.5726629705e-02 )	( -3.8585500065e-03 -3.1709712428e-03 -3.2639885365e-02 )
317              	( -3.7662366471e+00 1.3962211549e+00 -1.2819025668e-01 )	( -3.7623770028e+00 1.3993940394e+00 -9.5517236505e-02 )	( -3.8596442592e-03 -3.1728845521e-03 -3.2673020178e-02 )
318              	( -3.7674313632e+00 1.3965804649e+00 -1.2800837047e-01 )	( -3.7635678252e+00 1.3997527828e+00 -9.5315372559e-02 )	( -3.8635380968e-03 -3.1723178263e-03 -3.2692997908e-02 )
319              	( -3.7687317459e+00 1.3969441079e+00 -1.2782029003e-01 )	( -3.7648671979e+00 1.4001183121e+00 -9.5095218006e-02 )	( -3.8645479972e-03 -3.1742042018e-03 -3.2725072023e-02 )
320              	( -3.7701674685e+00 1.3973156388e+00 -1.2758853594e-01 )	( -3.7662995458e+00 1.4004893158e+00 -9.4846705736e-02 )	( -3.8679227094e-03 -3.1736769951e-03 -3.2741830204e-02 )
321              	( -3.7712335944e+00 1.3975661214e+00 -1.2740762934e-01 )	( -3.7673651000e+00 1.4007416967e+00 -9.4637017603e-02 )	( -3.8684943781e-03 -3.1755753069e-03 -3.2770611741e-02 )
322              	( -3.7722758453e+00 1.3978301601e+00 -1.2723181454e-01 )	( -3.7684036034e+00 1.4010051515e+00 -9.4443013444e-02 )	( -3.8722419541e-03 -3.1749913320e-03 -3.2788801096e-02 )
323              	( -3.7733494807e+00 1.3981475432e+00 -1.2708850095e-01 )	( -3.7694762102e+00 1.4013243721e+00 -9.4268623154e-02 )	( -3.8732705246e-03 -3.1768289136e-03 -3.2819877792e-02 )
324              	( -3.7744601352e+00 1.3984626199e+00 -1.2692047623e-01 )	( -3.7705833477e+00 1.4016388876e+00 -9.4083947217e-02 )	( -3.8767875491e-03 -3.1762676445e-03 -3.2836529018e-02 )
325              	( -3.7755489738e+00 1.3987419797e+00 -1.2675196205e-01 )	( -3.7716716087e+00 1.4019201270e+00 -9.3887115250e-02 )	( -3.8773651117e-03 -3.1781472507e-03 -3.2864846799e-02 )
326              	( -3.7766217693e+00 1.3990054061e+00 -1.2656505169e-01 )	( -3.7727411682e+00 1.4021830466e+00 -9.3684948407e-02 )	( -3.8806011580e-03 -3.1776405504e-03 -3.2880103280e-02 )
327              	( -3.7775229454e+00 1.3992231034e+00 -1.2641525819e-01 )	( -3.7736414882e+00 1.4024026118e+00 -9.3505098276e-02 )	( -3.8814572421e-03 -3.1795084402e-03 -3.2910159917e-02 )
328              	( -3.7783877797e+00 1.3994776618e+00 -1.2628306564e-01 )	( -3.7745028092e+00 1.4026566552e+00 -9.3355921622e-02 )	( -3.8849704310e-03 -3.1789934104e-03 -3.2927144013e-02 )
329              	( -3.7792467738e+00 1.3997150796e+00 -1.2615509361e-01 )	( -3.7753612316e+00 1.4028959764e+00 -9.3199665486e-02 )	( -3.8855421389e-03 -3.1808967939e-03 -3.2955428124e-02 )
330              	( -3.7803050647e+00 1.4000046532e+00 -1.2600316328e-01 )	( -3.7764163700e+00 1.4031851042e+00 -9.3032401900e-02 )	( -3.8886946580e-03 -3.1804509758e-03 -3.2970761383e-02 )
331              	( -3.7812882235e+00 1.4002858994e+00 -1.2589618035e-01 )	( -3.7773991646e+00 1.4034683137e+00 -9.2897618505e-02 )	( -3.8890589268e-03 -3.1824142787e-03 -3.2998561841e-02 )
332              	( -3.7822060743e+00 1.4005526379e+00 -1.2577992346e-01 )	( -3.7783139918e+00 1.4037346467e+00 -9.2766479219e-02 )	( -3.8920824933e-03 -3.1820088217e-03 -3.3013444240e-02 )
333              	( -3.7830600392e+00 1.4008100883e+00 -1.2568976592e-01 )	( -3.7791675163e+00 1.4039940591e+00 -9.2648240672e-02 )	( -3.8925229080e-03 -3.1839708792e-03 -3.3041525247e-02 )
334              	( -3.7838710202e+00 1.4010621982e+00 -1.2559914989e-01 )	( -3.7799754873e+00 1.4042458055e+00 -9.2542483033e-02 )	( -3.8955329001e-03 -3.1836073038e-03 -3.3056666857e-02 )
335              	( -3.7847702327e+00 1.4013388891e+00 -1.2551084548e-01 )	( -3.7808745738e+00 1.4045245175e+00 -9.2427765729e-02 )	( -3.8956589435e-03 -3.1856283854e-03 -3.3083079755e-02 )
336              	( -3.7857192665e+00 1.4016193192e+00 -1.2539946305e-01 )	( -3.7818209267e+00 1.4048046671e+00 -9.2302350960e-02 )	( -3.8983397468e-03 -3.1853478789e-03 -3.3097112093e-02 )
337              	( -3.7865527237e+00 1.4018846914e+00 -1.2532722992e-01 )	( -3.7826541498e+00 1.4050720889e+00 -9.2202142581e-02 )	( -3.8985739625e-03 -3.1873974962e-03 -3.3125087343e-02 )
338              	( -3.7873272950e+00 1.4021555525e+00 -1.2526249840e-01 )	( -3.7834259124e+00 1.4053426877e+00 -9.2122209141e-02 )	( -3.9013826301e-03 -3.1871352766e-03 -3.3140289257e-02 )
339              	( -3.7881629103e+00 1.4024277925e+00 -1.2519620919e-01 )	( -3.7842615521e+00 1.4056170204e+00 -9.2029488180e-02 )	( -3.9013581918e-03 -3.1892278930e-03 -3.3166721006e-02 )
340              	( -3.7890829778e+00 1.4027021405e+00 -1.2509775065e-01 )	( -3.7851791806e+00 1.4058911846e+00 -9.1917540920e-02 )	( -3.9037972271e-03 -3.1890440580e-03 -3.3180209731e-02 )
341              	( -3.7898999286e+00 1.4029595816e+00 -1.2503305426e-01 )	( -3.7859963519e+00 1.4061507654e+00 -9.1827299938e-02 )	( -3.9035767091e-03 -3.1911838130e-03 -3.3205754319e-02 )
342              	( -3.7907538566e+00 1.4032459391e+00 -1.2496420960e-01 )	( -3.7868479408e+00 1.4064369753e+00 -9.1745500430e-02 )	( -3.9059157791e-03 -3.1910361780e-03 -3.3218709172e-02 )
343              	( -3.7915992578e+00 1.4035321880e+00 -1.2491355291e-01 )	( -3.7876935870e+00 1.4067253895e+00 -9.1669206816e-02 )	( -3.9056707730e-03 -3.1932014923e-03 -3.3244346090e-02 )
344              	( -3.7923752612e+00 1.4037952164e+00 -1.2485827042e-01 )	( -3.7884672996e+00 1.4069883258e+00 -9.1600345015e-02 )	( -3.9079615598e-03 -3.1931094265e-03 -3.3257925404e-02 )
345              	( -3.7932435554e+00 1.4041149590e+00 -1.2482591180e-01 )	( -3.7893359664e+00 1.4073102966e+00 -9.1541998234e-02 )	( -3.9075889150e-03 -3.1953376020e-03 -3.3283913566e-02 )
346              	( -3.7941857542e+00 1.4044663116e+00 -1.2478252791e-01 )	( -3.7902759611e+00 1.4076616160e+00 -9.1484549253e-02 )	( -3.9097930742e-03 -3.1953044331e-03 -3.3297978656e-02 )
347              	( -3.7951542774e+00 1.4048201952e+00 -1.2474918954e-01 )	( -3.7912448827e+00 1.4080177514e+00 -9.1425046376e-02 )	( -3.9093946994e-03 -3.1975561853e-03 -3.3324143162e-02 )
348              	( -3.7960906229e+00 1.4051584739e+00 -1.2470514113e-01 )	( -3.7921791065e+00 1.4083560204e+00 -9.1367423481e-02 )	( -3.9115164042e-03 -3.1975464793e-03 -3.3337717653e-02 )
349              	( -3.7969961442e+00 1.4054897492e+00 -1.2468045765e-01 )	( -3.7930851419e+00 1.4086895697e+00 -9.1317153196e-02 )	( -3.9110022902e-03 -3.1998204732e-03 -3.3363304450e-02 )
350              	( -3.7979171557e+00 1.4058321358e+00 -1.2464771911e-01 )	( -3.7940042403e+00 1.4090320097e+00 -9.1271182904e-02 )	( -3.9129154221e-03 -3.1998739722e-03 -3.3376536210e-02 )
351              	( -3.7988931082e+00 1.4061972822e+00 -1.2462836803e-01 )	( -3.7949808237e+00 1.4093994619e+00 -9.1226538030e-02 )	( -3.9122844868e-03 -3.2021796956e-03 -3.3401830002e-02 )
352              	( -3.7999110305e+00 1.4065818043e+00 -1.2459766301e-01 )	( -3.7959968670e+00 1.4097840509e+00 -9.1182850535e-02 )	( -3.9141635071e-03 -3.2022465810e-03 -3.3414812478e-02 )
353              	( -3.8009009432e+00 1.4069690024e+00 -1.2458970904e-01 )	( -3.7969874937e+00 1.4101735674e+00 -9.1150075618e-02 )	( -3.9134494659e-03 -3.2045649372e-03 -3.3439633424e-02 )
354              	( -3.8018778160e+00 1.4073373823e+00 -1.2456467379e-01 )	( -3.7979626190e+00 1.4105420481e+00 -9.1112477299e-02 )	( -3.9151970640e-03 -3.2046657426e-03 -3.3452196487e-02 )
355              	( -3.8028894662e+00 1.4077171735e+00 -1.2455126699e-01 )	( -3.7989750570e+00 1.4109241695e+00 -9.1074632818e-02 )	( -3.9144092519e-03 -3.2069959492e-03 -3.3476634169e-02 )
356              	( -3.8039376545e+00 1.4081252011e+00 -1.2453283257e-01 )	( -3.8000215703e+00 1.4113323133e+00 -9.1044033247e-02 )	( -3.9160842055e-03 -3.2071121586e-03 -3.3488799320e-02 )
357              	( -3.8050121563e+00 1.4085393865e+00 -1.2452538821e-01 )	( -3.8010969506e+00 1.4117488346e+00 -9.1012782285e-02 )	( -3.9152057278e-03 -3.2094480954e-03 -3.3512605922e-02 )
358              	( -3.8060934708e+00 1.4089559806e+00 -1.2450624501e-01 )	( -3.8021766954e+00 1.4121655576e+00 -9.0982189098e-02 )	( -3.9167753893e-03 -3.2095770378e-03 -3.3524055910e-02 )
359              	( -3.8071900991e+00 1.4093740625e+00 -1.2449695493e-01 )	( -3.8032742672e+00 1.4125859676e+00 -9.0949838629e-02 )	( -3.9158319861e-03 -3.2119050720e-03 -3.3547116303e-02 )
360              	( -3.8082802809e+00 1.4097876550e+00 -1.2447529460e-01 )	( -3.8043629678e+00 1.4129997001e+00 -9.0917254070e-02 )	( -3.9173130871e-03 -3.2120450499e-03 -3.3558040528e-02 )
361              	( -3.8094114097e+00 1.4102189575e+00 -1.2446627860e-01 )	( -3.8054951333e+00 1.4134333342e+00 -9.0885780337e-02 )	( -3.9162764681e-03 -3.2143766278e-03 -3.3580498267e-02 )
362              	( -3.8105902133e+00 1.4106673552e+00 -1.2444273287e-01 )	( -3.8066725336e+00 1.4138818697e+00 -9.0852066807e-02 )	( -3.9176796981e-03 -3.2145145531e-03 -3.3590666062e-02 )
363              	( -3.8117775003e+00 1.4111122315e+00 -1.2442815552e-01 )	( -3.8078609111e+00 1.4143290602e+00 -9.0815827314e-02 )	( -3.9165891653e-03 -3.2168286296e-03 -3.3612328201e-02 )
364              	( -3.8129810284e+00 1.4115671192e+00 -1.2440318400e-01 )	( -3.8090630938e+00 1.4147840807e+00 -9.0781266156e-02 )	( -3.9179345975e-03 -3.2169615409e-03 -3.3621917844e-02 )
365              	( -3.8141713644e+00 1.4120087110e+00 -1.2438684073e-01 )	( -3.8102545748e+00 1.4152279723e+00 -9.0743882261e-02 )	( -3.9167896264e-03 -3.2192612460e-03 -3.3642958465e-02 )
366              	( -3.8153506908e+00 1.4124446222e+00 -1.2435788517e-01 )	( -3.8114326020e+00 1.4156640008e+00 -9.0706042006e-02 )	( -3.9180887874e-03 -3.2193785260e-03 -3.3651843165e-02 )
367              	( -3.8165091156e+00 1.4128643682e+00 -1.2433842423e-01 )	( -3.8125921890e+00 1.4160860140e+00 -9.0666301563e-02 )	( -3.9169266375e-03 -3.2216458362e-03 -3.3672122662e-02 )
368              	( -3.8176897793e+00 1.4132979428e+00 -1.2430828373e-01 )	( -3.8137715803e+00 1.4165196872e+00 -9.0627858325e-02 )	( -3.9181990069e-03 -3.2217443618e-03 -3.3680425402e-02 )
369              	( -3.8188684162e+00 1.4137288630e+00 -1.2428918152e-01 )	( -3.8149513966e+00 1.4169528429e+00 -9.0589159706e-02 )	( -3.9170195908e-03 -3.2239798436e-03 -3.3700021816e-02 )
370              	( -3.8200394273e+00 1.4141532168e+00 -1.2425560756e-01 )	( -3.8161211617e+00 1.4173772678e+00 -9.0548028875e-02 )	( -3.9182655528e-03 -3.2240510320e-03 -3.3707578689e-02 )
371              	( -3.8212243736e+00 1.4145809891e+00 -1.2423229874e-01 )	( -3.8173072971e+00 1.4178072406e+00 -9.0505767280e-02 )	( -3.9170764681e-03 -3.2262514295e-03 -3.3726531460e-02 )
372              	( -3.8224209383e+00 1.4150148575e+00 -1.2419654101e-01 )	( -3.8185026331e+00 1.4182411557e+00 -9.0462980051e-02 )	( -3.9183052111e-03 -3.2262982356e-03 -3.3733560955e-02 )
373              	( -3.8236187118e+00 1.4154455339e+00 -1.2417050937e-01 )	( -3.8197016015e+00 1.4186739943e+00 -9.0418663450e-02 )	( -3.9171102585e-03 -3.2284603871e-03 -3.3751845924e-02 )
374              	( -3.8248298231e+00 1.4158810386e+00 -1.2413092314e-01 )	( -3.8209114955e+00 1.4191095167e+00 -9.0372631941e-02 )	( -3.9183276434e-03 -3.2284781868e-03 -3.3758291196e-02 )
375              	( -3.8260314912e+00 1.4163040780e+00 -1.2409829008e-01 )	( -3.8221143521e+00 1.4195346796e+00 -9.0322280417e-02 )	( -3.9171390699e-03 -3.2306016075e-03 -3.3776009664e-02 )
376              	( -3.8272398526e+00 1.4167307665e+00 -1.2405292967e-01 )	( -3.8233214953e+00 1.4199613525e+00 -9.0271064475e-02 )	( -3.9183572792e-03 -3.2305859959e-03 -3.3781865200e-02 )
377              	( -3.8284610281e+00 1.4171620011e+00 -1.2401836229e-01 )	( -3.8245438487e+00 1.4203946677e+00 -9.0219397576e-02 )	( -3.9171793575e-03 -3.2326666692e-03 -3.3798964714e-02 )
378              	( -3.8296901158e+00 1.4175950818e+00 -1.2396990074e-01 )	( -3.8257717163e+00 1.4208277009e+00 -9.0165595126e-02 )	( -3.9183995294e-03 -3.2326191419e-03 -3.3804305619e-02 )
379              	( -3.8309255576e+00 1.4180246048e+00 -1.2392946467e-01 )	( -3.8270083227e+00 1.4212592607e+00 -9.0108657196e-02 )	( -3.9172348985e-03 -3.2346559324e-03 -3.3820807474e-02 )
380              	( -3.8321568582e+00 1.4184525361e+00 -1.2387497955e-01 )	( -3.8282383962e+00 1.4216871093e+00 -9.0049337532e-02 )	( -3.9184619379e-03 -3.2345731943e-03 -3.3825642015e-02 )
381              	( -3.8333728197e+00 1.4188697533e+00 -1.2382744959e-01 )	( -3.8294555018e+00 1.4221063160e+00 -8.9985859885e-02 )	( -3.9173179350e-03 -3.2365627657e-03 -3.3841589708e-02 )
382              	( -3.8346002912e+00 1.4192917768e+00 -1.2376678999e-01 )	( -3.8306817324e+00 1.4225282166e+00 -8.9920916010e-02 )	( -3.9185587805e-03 -3.2364397872e-03 -3.3845873978e-02 )
383              	( -3.8358223392e+00 1.4197072868e+00 -1.2371464836e-01 )	( -3.8319049009e+00 1.4229456710e+00 -8.9853329756e-02 )	( -3.9174382874e-03 -3.2383841801e-03 -3.3861318602e-02 )
384              	( -3.8370572969e+00 1.4201290705e+00 -1.2365127743e-01 )	( -3.8331386046e+00 1.4233672968e+00 -8.9786141216e-02 )	( -3.9186922956e-03 -3.2382262359e-03 -3.3865136218e-02 )
385              	( -3.8382867087e+00 1.4205442668e+00 -1.2359604873e-01 )	( -3.8343691130e+00 1.4237843940e+00 -8.9715956452e-02 )	( -3.9175956761e-03 -3.2401271778e-03 -3.3880092280e-02 )
386              	( -3.8395240718e+00 1.4209640439e+00 -1.2352774591e-01 )	( -3.8356052093e+00 1.4242039824e+00 -8.9644204156e-02 )	( -3.9188625169e-03 -3.2399384728e-03 -3.3883541756e-02 )
387              	( -3.8407982113e+00 1.4214004183e+00 -1.2347020567e-01 )	( -3.8368804240e+00 1.4246422160e+00 -8.9572174631e-02 )	( -3.9177873523e-03 -3.2417977128e-03 -3.3898031038e-02 )
388              	( -3.8420734506e+00 1.4218351464e+00 -1.2339845614e-01 )	( -3.8381543867e+00 1.4250767244e+00 -8.9497364488e-02 )	( -3.9190638641e-03 -3.2415780249e-03 -3.3901091656e-02 )
389              	( -3.8433446331e+00 1.4222624534e+00 -1.2333457826e-01 )	( -3.8394266246e+00 1.4255058537e+00 -8.9419362117e-02 )	( -3.9180084845e-03 -3.2434002220e-03 -3.3915216147e-02 )
390              	( -3.8446048308e+00 1.4226819174e+00 -1.2325607620e-01 )	( -3.8406855309e+00 1.4259250671e+00 -8.9338156504e-02 )	( -3.9192998629e-03 -3.2431496448e-03 -3.3917919698e-02 )
391              	( -3.8458424804e+00 1.4230860018e+00 -1.2318542312e-01 )	( -3.8419242084e+00 1.4263309349e+00 -8.9253732409e-02 )	( -3.9182719024e-03 -3.2449330488e-03 -3.3931690706e-02 )
392              	( -3.8470527412e+00 1.4234764151e+00 -1.2310101768e-01 )	( -3.8431331564e+00 1.4267210693e+00 -8.9166861856e-02 )	( -3.9195848113e-03 -3.2446541814e-03 -3.3934155821e-02 )
393              	( -3.8482489320e+00 1.4238570623e+00 -1.2302573455e-01 )	( -3.8443303417e+00 1.4271034605e+00 -8.9078126935e-02 )	( -3.9185902900e-03 -3.2463981408e-03 -3.3947607618e-02 )
394              	( -3.8494390107e+00 1.4242353010e+00 -1.2294116157e-01 )	( -3.8455190723e+00 1.4274813907e+00 -8.8991337425e-02 )	( -3.9199383772e-03 -3.2460897690e-03 -3.3949824147e-02 )
395              	( -3.8506274627e+00 1.4246084404e+00 -1.2286563913e-01 )	( -3.8467084550e+00 1.4278562397e+00 -8.8902575494e-02 )	( -3.9190076544e-03 -3.2477993617e-03 -3.3963063633e-02 )
396              	( -3.8518140150e+00 1.4249807056e+00 -1.2277774703e-01 )	( -3.8478935982e+00 1.4282281702e+00 -8.8812665933e-02 )	( -3.9204167886e-03 -3.2474646241e-03 -3.3965081099e-02 )
397              	( -3.8529989579e+00 1.4253494380e+00 -1.2269945279e-01 )	( -3.8490794068e+00 1.4285985772e+00 -8.8721392455e-02 )	( -3.9195511335e-03 -3.2491391918e-03 -3.3978060337e-02 )
398              	( -3.8541781215e+00 1.4257171389e+00 -1.2260918001e-01 )	( -3.8502571127e+00 1.4289659210e+00 -8.8629244342e-02 )	( -3.9210088752e-03 -3.2487820985e-03 -3.3979935664e-02 )
399              	( -3.8553544964e+00 1.4260814610e+00 -1.2252878638e-01 )	( -3.8514343027e+00 1.4293318881e+00 -8.8536044383e-02 )	( -3.9201936568e-03 -3.2504270432e-03 -3.3992742002e-02 )
400              	( -3.8565267216e+00 1.4264449870e+00 -1.2243636709e-01 )	( -3.8526050337e+00 1.4296950348e+00 -8.8441920140e-02 )	( -3.9216879568e-03 -3.2500478092e-03 -3.3994446946e-02 )
401              	( -3.8576994891e+00 1.4268065255e+00 -1.2235357356e-01 )	( -3.8537785763e+00 1.4300581894e+00 -8.8346503349e-02 )	( -3.9209128338e-03 -3.2516638856e-03 -3.4007070207e-02 )
402              	( -3.8588693385e+00 1.4271681175e+00 -1.2225904158e-01 )	( -3.8549469049e+00 1.4304193846e+00 -8.8250349055e-02 )	( -3.9224336004e-03 -3.2512670836e-03 -3.4008692522e-02 )
403              	( -3.8600359121e+00 1.4275263401e+00 -1.2217432007e-01 )	( -3.8561142207e+00 1.4307791975e+00 -8.8153129931e-02 )	( -3.9216913355e-03 -3.2528573321e-03 -3.4021190141e-02 )
404              	( -3.8611990159e+00 1.4278849264e+00 -1.2207921939e-01 )	( -3.8572757826e+00 1.4311373687e+00 -8.8056500295e-02 )	( -3.9232332514e-03 -3.2524422746e-03 -3.4022719094e-02 )
405              	( -3.8623556933e+00 1.4282394811e+00 -1.2199474379e-01 )	( -3.8584331765e+00 1.4314934866e+00 -8.7959658792e-02 )	( -3.9225168497e-03 -3.2540055428e-03 -3.4035085001e-02 )
406              	( -3.8635167984e+00 1.4285963048e+00 -1.2189742246e-01 )	( -3.8595927267e+00 1.4318498768e+00 -8.7860895820e-02 )	( -3.9240717089e-03 -3.2535720366e-03 -3.4036526636e-02 )
407              	( -3.8646753259e+00 1.4289487935e+00 -1.2180904339e-01 )	( -3.8607519492e+00 1.4322039022e+00 -8.7760280519e-02 )	( -3.9233766838e-03 -3.2551086626e-03 -3.4048762871e-02 )
408              	( -3.8658298020e+00 1.4292995707e+00 -1.2170840664e-01 )	( -3.8619048563e+00 1.4325542279e+00 -8.7658272783e-02 )	( -3.9249457920e-03 -3.2546572419e-03 -3.4050133857e-02 )
409              	( -3.8669770395e+00 1.4296445331e+00 -1.2161697617e-01 )	( -3.8630527629e+00 1.4329006999e+00 -8.7554719857e-02 )	( -3.9242766569e-03 -3.2561668329e-03 -3.4062256318e-02 )
410              	( -3.8681192374e+00 1.4299873716e+00 -1.2151321186e-01 )	( -3.8641933735e+00 1.4332430678e+00 -8.7449650930e-02 )	( -3.9258638082e-03 -3.2556961982e-03 -3.4063560928e-02 )
411              	( -3.8692531707e+00 1.4303240807e+00 -1.2141884085e-01 )	( -3.8653279488e+00 1.4335812591e+00 -8.7343261207e-02 )	( -3.9252218722e-03 -3.2571784552e-03 -3.4075579647e-02 )
412              	( -3.8703902636e+00 1.4306580498e+00 -1.2131322627e-01 )	( -3.8664634293e+00 1.4339147378e+00 -8.7236360426e-02 )	( -3.9268342455e-03 -3.2566880401e-03 -3.4076865846e-02 )
413              	( -3.8715203884e+00 1.4309862890e+00 -1.2121680377e-01 )	( -3.8675941554e+00 1.4342444300e+00 -8.7127943200e-02 )	( -3.9262330539e-03 -3.2581409951e-03 -3.4088860571e-02 )
414              	( -3.8726450913e+00 1.4313125760e+00 -1.2110822412e-01 )	( -3.8687172178e+00 1.4345702053e+00 -8.7018066593e-02 )	( -3.9278735180e-03 -3.2576293696e-03 -3.4090157530e-02 )
415              	( -3.8737604522e+00 1.4316324056e+00 -1.2100868798e-01 )	( -3.8698331471e+00 1.4348914584e+00 -8.6906587495e-02 )	( -3.9273050680e-03 -3.2590528320e-03 -3.4102100484e-02 )
416              	( -3.8748702262e+00 1.4319502390e+00 -1.2089717375e-01 )	( -3.8709412581e+00 1.4352087584e+00 -8.6793808697e-02 )	( -3.9289681189e-03 -3.2585194628e-03 -3.4103365051e-02 )
417              	( -3.8759693677e+00 1.4322613555e+00 -1.2079507340e-01 )	( -3.8720409356e+00 1.4355212680e+00 -8.6679854982e-02 )	( -3.9284320918e-03 -3.2599124960e-03 -3.4115218420e-02 )
418              	( -3.8770619579e+00 1.4325698785e+00 -1.2068106839e-01 )	( -3.8731318380e+00 1.4358292358e+00 -8.6564625920e-02 )	( -3.9301198828e-03 -3.2593572512e-03 -3.4116442474e-02 )
419              	( -3.8781475405e+00 1.4328731118e+00 -1.2057633289e-01 )	( -3.8742179227e+00 1.4361338318e+00 -8.6448129657e-02 )	( -3.9296178381e-03 -3.2607199924e-03 -3.4128203235e-02 )
420              	( -3.8792268675e+00 1.4331738384e+00 -1.2045980909e-01 )	( -3.8752955366e+00 1.4364339811e+00 -8.6330441351e-02 )	( -3.9313309045e-03 -3.2601426436e-03 -3.4129367736e-02 )
421              	( -3.8802968839e+00 1.4334682395e+00 -1.2035243224e-01 )	( -3.8763660208e+00 1.4367297144e+00 -8.6211410800e-02 )	( -3.9308630722e-03 -3.2614749102e-03 -3.4141021441e-02 )
422              	( -3.8813610196e+00 1.4337603261e+00 -1.2023323628e-01 )	( -3.8774284199e+00 1.4370212017e+00 -8.6091112099e-02 )	( -3.9325997004e-03 -3.2608756320e-03 -3.4142124178e-02 )
423              	( -3.8824139244e+00 1.4340453353e+00 -1.2012321496e-01 )	( -3.8784817720e+00 1.4373075132e+00 -8.5969562209e-02 )	( -3.9321524195e-03 -3.2621778919e-03 -3.4153652750e-02 )
424              	( -3.8834569378e+00 1.4343269651e+00 -1.2000179263e-01 )	( -3.8795230514e+00 1.4375885228e+00 -8.5847126460e-02 )	( -3.9338864004e-03 -3.2615576712e-03 -3.4154666173e-02 )
425              	( -3.8844860588e+00 1.4346020287e+00 -1.1989046814e-01 )	( -3.8805526056e+00 1.4378648600e+00 -8.5724438330e-02 )	( -3.9334531553e-03 -3.2628313373e-03 -3.4166029811e-02 )
426              	( -3.8855046859e+00 1.4348733932e+00 -1.1976742672e-01 )	( -3.8815694894e+00 1.4381355836e+00 -8.5600522226e-02 )	( -3.9351965140e-03 -3.2621904210e-03 -3.4166904499e-02 )
427              	( -3.8865113061e+00 1.4351377361e+00 -1.1965366828e-01 )	( -3.8825765291e+00 1.4384011708e+00 -8.5475570544e-02 )	( -3.9347769697e-03 -3.2634346780e-03 -3.4178097732e-02 )
428              	( -3.8875061763e+00 1.4353981891e+00 -1.1952971919e-01 )	( -3.8835696242e+00 1.4386609617e+00 -8.5350899497e-02 )	( -3.9365521304e-03 -3.2627726275e-03 -3.4178819695e-02 )
429              	( -3.8884804934e+00 1.4356505741e+00 -1.1941650247e-01 )	( -3.8845443078e+00 1.4389145619e+00 -8.5226718183e-02 )	( -3.9361856459e-03 -3.2639878649e-03 -3.4189784290e-02 )
430              	( -3.8894442156e+00 1.4358993397e+00 -1.1929108474e-01 )	( -3.8855062354e+00 1.4391626446e+00 -8.5100762463e-02 )	( -3.9379802554e-03 -3.2633049457e-03 -3.4190322276e-02 )
431              	( -3.8904023351e+00 1.4361420093e+00 -1.1917434036e-01 )	( -3.8864647017e+00 1.4394064996e+00 -8.4973258894e-02 )	( -3.9376334267e-03 -3.2644902915e-03 -3.4201081468e-02 )
432              	( -3.8913565403e+00 1.4363818339e+00 -1.1904589887e-01 )	( -3.8874170856e+00 1.4396456190e+00 -8.4844418381e-02 )	( -3.9394546317e-03 -3.2637850773e-03 -3.4201480494e-02 )
433              	( -3.8923025622e+00 1.4366151101e+00 -1.1892566461e-01 )	( -3.8883634062e+00 1.4398800503e+00 -8.4713610406e-02 )	( -3.9391560361e-03 -3.2649402188e-03 -3.4212054202e-02 )
434              	( -3.8932402039e+00 1.4368451158e+00 -1.1879352887e-01 )	( -3.8892991892e+00 1.4401093295e+00 -8.4581231158e-02 )	( -3.9410147105e-03 -3.2642136440e-03 -3.4212297708e-02 )
435              	( -3.8941651621e+00 1.4370680170e+00 -1.1867036376e-01 )	( -3.8902244078e+00 1.4403333569e+00 -8.4447710742e-02 )	( -3.9407542741e-03 -3.2653398858e-03 -3.4222653018e-02 )
436              	( -3.8950768393e+00 1.4372869461e+00 -1.1853648529e-01 )	( -3.8911342062e+00 1.4405515398e+00 -8.4313764804e-02 )	( -3.9426330831e-03 -3.2645936402e-03 -3.4222720482e-02 )
437              	( -3.8959734298e+00 1.4374986085e+00 -1.1841223521e-01 )	( -3.8920310351e+00 1.4407643027e+00 -8.4179364610e-02 )	( -3.9423947099e-03 -3.2656941378e-03 -3.4232870599e-02 )
438              	( -3.8968578499e+00 1.4377065131e+00 -1.1827727497e-01 )	( -3.8929135662e+00 1.4409714444e+00 -8.4044476947e-02 )	( -3.9442837169e-03 -3.2649312946e-03 -3.4232798022e-02 )
439              	( -3.8977252992e+00 1.4379071535e+00 -1.1815263223e-01 )	( -3.8937812353e+00 1.4411731610e+00 -8.3909838274e-02 )	( -3.9440639037e-03 -3.2660075634e-03 -3.4242793958e-02 )
440              	( -3.8985793668e+00 1.4381044803e+00 -1.1801805635e-01 )	( -3.8946334052e+00 1.4413697099e+00 -8.3775417795e-02 )	( -3.9459615749e-03 -3.2652295997e-03 -3.4242638555e-02 )
441              	( -3.8994186742e+00 1.4382951195e+00 -1.1789361859e-01 )	( -3.8954729150e+00 1.4415614036e+00 -8.3641090191e-02 )	( -3.9457592235e-03 -3.2662841156e-03 -3.4252528398e-02 )
442              	( -3.9002480258e+00 1.4384833272e+00 -1.1775906745e-01 )	( -3.8963003594e+00 1.4417488208e+00 -8.3506741919e-02 )	( -3.9476663650e-03 -3.2654936721e-03 -3.4252325533e-02 )
443              	( -3.9010645553e+00 1.4386655825e+00 -1.1763467235e-01 )	( -3.8971170739e+00 1.4419321119e+00 -8.3372535648e-02 )	( -3.9474814014e-03 -3.2665293684e-03 -3.4262136703e-02 )
444              	( -3.9018715387e+00 1.4388457690e+00 -1.1750042086e-01 )	( -3.8979221442e+00 1.4421114988e+00 -8.3238514418e-02 )	( -3.9493944816e-03 -3.2657298310e-03 -3.4261906438e-02 )
445              	( -3.9026678454e+00 1.4390209891e+00 -1.1737636996e-01 )	( -3.8987186278e+00 1.4422877396e+00 -8.3104709959e-02 )	( -3.9492176112e-03 -3.2667505032e-03 -3.4271659996e-02 )
446              	( -3.9034560344e+00 1.4391950094e+00 -1.1724273583e-01 )	( -3.8995049137e+00 1.4424609552e+00 -8.2971307214e-02 )	( -3.9511207381e-03 -3.2659457317e-03 -3.4271428612e-02 )
447              	( -3.9042327747e+00 1.4393640466e+00 -1.1712136210e-01 )	( -3.9002818340e+00 1.4426310020e+00 -8.2840203564e-02 )	( -3.9509407326e-03 -3.2669553686e-03 -3.4281158533e-02 )
448              	( -3.9050006332e+00 1.4395320025e+00 -1.1699321971e-01 )	( -3.9010477924e+00 1.4427981515e+00 -8.2712253736e-02 )	( -3.9528408725e-03 -3.2661489479e-03 -3.4280965970e-02 )
449              	( -3.9057595608e+00 1.4396960250e+00 -1.1687550115e-01 )	( -3.9018068881e+00 1.4429631757e+00 -8.2584797209e-02 )	( -3.9526727526e-03 -3.2671507312e-03 -3.4290703945e-02 )
450              	( -3.9065120233e+00 1.4398597738e+00 -1.1674867267e-01 )	( -3.9025574475e+00 1.4431261193e+00 -8.2458113895e-02 )	( -3.9545758076e-03 -3.2663455670e-03 -3.4290558771e-02 )
451              	( -3.9072589822e+00 1.4400215596e+00 -1.1663277795e-01 )	( -3.9033045673e+00 1.4432889023e+00 -8.2332474697e-02 )	( -3.9544148955e-03 -3.2673426867e-03 -3.4300303253e-02 )
452              	( -3.9080016085e+00 1.4401843315e+00 -1.1650824940e-01 )	( -3.9040452960e+00 1.4434508739e+00 -8.2208046044e-02 )	( -3.9563124958e-03 -3.2665423961e-03 -3.4300203356e-02 )
453              	( -3.9087347906e+00 1.4403430085e+00 -1.1639436556e-01 )	( -3.9047786383e+00 1.4436105460e+00 -8.2084415602e-02 )	( -3.9561522857e-03 -3.2675375710e-03 -3.4309949953e-02 )
454              	( -3.9094614409e+00 1.4405015718e+00 -1.1627175945e-01 )	( -3.9055034002e+00 1.4437683153e+00 -8.1961870329e-02 )	( -3.9580406838e-03 -3.2667435316e-03 -3.4309889120e-02 )
455              	( -3.9101806934e+00 1.4406573432e+00 -1.1616025518e-01 )	( -3.9062228153e+00 1.4439250816e+00 -8.1840622803e-02 )	( -3.9578781032e-03 -3.2677384760e-03 -3.4319632381e-02 )
456              	( -3.9108939119e+00 1.4408135032e+00 -1.1604048596e-01 )	( -3.9069341561e+00 1.4440804555e+00 -8.1720884387e-02 )	( -3.9597558457e-03 -3.2669523228e-03 -3.4319601574e-02 )
457              	( -3.9115995309e+00 1.4409670881e+00 -1.1593198707e-01 )	( -3.9076399418e+00 1.4442350362e+00 -8.1602655180e-02 )	( -3.9595891256e-03 -3.2679481576e-03 -3.4329331891e-02 )
458              	( -3.9122992174e+00 1.4411213635e+00 -1.1581544307e-01 )	( -3.9083377657e+00 1.4443885343e+00 -8.1486118195e-02 )	( -3.9614516894e-03 -3.2671708728e-03 -3.4329324873e-02 )
459              	( -3.9129934163e+00 1.4412737732e+00 -1.1571003321e-01 )	( -3.9090321405e+00 1.4445419416e+00 -8.1370993768e-02 )	( -3.9612757752e-03 -3.2681684164e-03 -3.4339039444e-02 )
460              	( -3.9136820022e+00 1.4414269895e+00 -1.1559661817e-01 )	( -3.9097188820e+00 1.4446943895e+00 -8.1257565190e-02 )	( -3.9631201519e-03 -3.2673999647e-03 -3.4339052981e-02 )
461              	( -3.9143646211e+00 1.4415785255e+00 -1.1549461975e-01 )	( -3.9104016874e+00 1.4448469242e+00 -8.1145872098e-02 )	( -3.9629336971e-03 -3.2683986910e-03 -3.4348747654e-02 )
462              	( -3.9150423719e+00 1.4417311222e+00 -1.1538475094e-01 )	( -3.9110776127e+00 1.4449987607e+00 -8.1035974392e-02 )	( -3.9647591954e-03 -3.2676384956e-03 -3.4348776551e-02 )
463              	( -3.9157137585e+00 1.4418817239e+00 -1.1528623248e-01 )	( -3.9117491962e+00 1.4451503615e+00 -8.0927787437e-02 )	( -3.9645622851e-03 -3.2686376576e-03 -3.4358445048e-02 )
464              	( -3.9163803996e+00 1.4420334428e+00 -1.1517994837e-01 )	( -3.9124140298e+00 1.4453013276e+00 -8.0821465582e-02 )	( -3.9663698012e-03 -3.2678848131e-03 -3.4358482785e-02 )
465              	( -3.9170390364e+00 1.4421828206e+00 -1.1508571217e-01 )	( -3.9130728713e+00 1.4454517041e+00 -8.0717593091e-02 )	( -3.9661650656e-03 -3.2688834504e-03 -3.4368119079e-02 )
466              	( -3.9176939199e+00 1.4423333649e+00 -1.1498323514e-01 )	( -3.9137259615e+00 1.4456015013e+00 -8.0615077980e-02 )	( -3.9679583867e-03 -3.2681364423e-03 -3.4368157160e-02 )
467              	( -3.9183407424e+00 1.4424817166e+00 -1.1489210784e-01 )	( -3.9143729984e+00 1.4457508496e+00 -8.0514363042e-02 )	( -3.9677440510e-03 -3.2691329592e-03 -3.4377744797e-02 )
468              	( -3.9189804988e+00 1.4426304771e+00 -1.1479349485e-01 )	( -3.9150109812e+00 1.4458988686e+00 -8.0415739150e-02 )	( -3.9695176367e-03 -3.2683914975e-03 -3.4377755702e-02 )
469              	( -3.9196143691e+00 1.4427770804e+00 -1.1470611876e-01 )	( -3.9156450725e+00 1.4460464663e+00 -8.0318856765e-02 )	( -3.9692966052e-03 -3.2693859449e-03 -3.4387261995e-02 )
470              	( -3.9202451777e+00 1.4429245511e+00 -1.1461025454e-01 )	( -3.9162741163e+00 1.4461932002e+00 -8.0223041541e-02 )	( -3.9710614169e-03 -3.2686490732e-03 -3.4387212998e-02 )
471              	( -3.9208677937e+00 1.4430694302e+00 -1.1452499674e-01 )	( -3.9168969538e+00 1.4463390708e+00 -8.0128396283e-02 )	( -3.9708399546e-03 -3.2696405630e-03 -3.4396600460e-02 )
472              	( -3.9214833411e+00 1.4432145837e+00 -1.1443173534e-01 )	( -3.9175107480e+00 1.4464834915e+00 -8.0035286370e-02 )	( -3.9725930743e-03 -3.2689077749e-03 -3.4396448973e-02 )
473              	( -3.9220906069e+00 1.4433568570e+00 -1.1434942507e-01 )	( -3.9181182392e+00 1.4466267527e+00 -7.9943739886e-02 )	( -3.9723677365e-03 -3.2698957002e-03 -3.4405685182e-02 )
474              	( -3.9226928803e+00 1.4434996913e+00 -1.1425904948e-01 )	( -3.9187187693e+00 1.4467688572e+00 -7.9853632516e-02 )	( -3.9741110188e-03 -3.2691659124e-03 -3.4405416965e-02 )
475              	( -3.9232880091e+00 1.4436398081e+00 -1.1417929066e-01 )	( -3.9193141227e+00 1.4469099570e+00 -7.9764791998e-02 )	( -3.9738864153e-03 -3.2701489289e-03 -3.4414498663e-02 )
476              	( -3.9238764651e+00 1.4437798399e+00 -1.1409150539e-01 )	( -3.9199008407e+00 1.4470492609e+00 -7.9677392203e-02 )	( -3.9756243871e-03 -3.2694209303e-03 -3.4414113191e-02 )
477              	( -3.9244584874e+00 1.4439169804e+00 -1.1401404490e-01 )	( -3.9204830842e+00 1.4471873786e+00 -7.9591004347e-02 )	( -3.9754031201e-03 -3.2703982117e-03 -3.4423040549e-02 )
478              	( -3.9250335214e+00 1.4440541246e+00 -1.1392871689e-01 )	( -3.9210563833e+00 1.4473237958e+00 -7.9506180975e-02 )	( -3.9771381276e-03 -3.2696712332e-03 -3.4422535920e-02 )
479              	( -3.9256012210e+00 1.4441886750e+00 -1.1385396877e-01 )	( -3.9216242974e+00 1.4474593171e+00 -7.9422665404e-02 )	( -3.9769236060e-03 -3.2706421049e-03 -3.4431303362e-02 )
480              	( -3.9261611786e+00 1.4443230617e+00 -1.1377153285e-01 )	( -3.9221825219e+00 1.4475929776e+00 -7.9340858254e-02 )	( -3.9786566352e-03 -3.2699159681e-03 -3.4430674594e-02 )
481              	( -3.9267119682e+00 1.4444544240e+00 -1.1370025546e-01 )	( -3.9227335183e+00 1.4477253048e+00 -7.9260973814e-02 )	( -3.9784498807e-03 -3.2708808234e-03 -3.4439281647e-02 )
482              	( -3.9272542526e+00 1.4445853240e+00 -1.1362172097e-01 )	( -3.9232740645e+00 1.4478554798e+00 -7.9183191955e-02 )	( -3.9801880783e-03 -3.2701558861e-03 -3.4438529013e-02 )
483              	( -3.9277895669e+00 1.4447134267e+00 -1.1355333160e-01 )	( -3.9238095770e+00 1.4479845416e+00 -7.9106353181e-02 )	( -3.9799898389e-03 -3.2711149734e-03 -3.4446978419e-02 )
484              	( -3.9283184121e+00 1.4448414228e+00 -1.1347686228e-01 )	( -3.9243366960e+00 1.4481118141e+00 -7.9030751645e-02 )	( -3.9817160990e-03 -3.2703913290e-03 -3.4446110634e-02 )
485              	( -3.9288411320e+00 1.4449666496e+00 -1.1341054154e-01 )	( -3.9248596239e+00 1.4482379944e+00 -7.8956127757e-02 )	( -3.9815081409e-03 -3.2713448478e-03 -3.4454413779e-02 )
486              	( -3.9293410809e+00 1.4450895871e+00 -1.1333907887e-01 )	( -3.9253578799e+00 1.4483602101e+00 -7.8885620032e-02 )	( -3.9832009181e-03 -3.2706230364e-03 -3.4453458835e-02 )
487              	( -3.9298267302e+00 1.4452085148e+00 -1.1327841701e-01 )	( -3.9258437847e+00 1.4484800868e+00 -7.8816753604e-02 )	( -3.9829454810e-03 -3.2715720436e-03 -3.4461663406e-02 )
488              	( -3.9303062703e+00 1.4453270559e+00 -1.1321020310e-01 )	( -3.9263216854e+00 1.4485979088e+00 -7.8749546999e-02 )	( -3.9845849056e-03 -3.2708528854e-03 -3.4460656102e-02 )
489              	( -3.9307825491e+00 1.4454431482e+00 -1.1315163630e-01 )	( -3.9267982502e+00 1.4487149456e+00 -7.8682848817e-02 )	( -3.9842989325e-03 -3.2717974473e-03 -3.4468787478e-02 )
490              	( -3.9312535000e+00 1.4455586143e+00 -1.1308476696e-01 )	( -3.9272675909e+00 1.4488296950e+00 -7.8617007497e-02 )	( -3.9859090803e-03 -3.2710807019e-03 -3.4467759461e-02 )
491              	( -3.9317163534e+00 1.4456704168e+00 -1.1302816646e-01 )	( -3.9277307518e+00 1.4489424380e+00 -7.8552318120e-02 )	( -3.9856015944e-03 -3.2720211093e-03 -3.4475848338e-02 )
492              	( -3.9321717632e+00 1.4457813687e+00 -1.1296369702e-01 )	( -3.9281845830e+00 1.4490526759e+00 -7.8488877646e-02 )	( -3.9871802542e-03 -3.2713072080e-03 -3.4474819377e-02 )
493              	( -3.9326179949e+00 1.4458887427e+00 -1.1290968867e-01 )	( -3.9286311476e+00 1.4491609864e+00 -7.8426816157e-02 )	( -3.9868472658e-03 -3.2722436930e-03 -3.4482872510e-02 )
494              	( -3.9330560997e+00 1.4459953976e+00 -1.1284880621e-01 )	( -3.9290677056e+00 1.4492669305e+00 -7.8366962856e-02 )	( -3.9883940920e-03 -3.2715328764e-03 -3.4481843351e-02 )
495              	( -3.9334837682e+00 1.4460984007e+00 -1.1280073489e-01 )	( -3.9294957246e+00 1.4493708667e+00 -7.8310867174e-02 )	( -3.9880435346e-03 -3.2724659986e-03 -3.4489867718e-02 )
496              	( -3.9339030692e+00 1.4462008328e+00 -1.1274520994e-01 )	( -3.9299134974e+00 1.4494725917e+00 -7.8256366209e-02 )	( -3.9895717784e-03 -3.2717589314e-03 -3.4488843726e-02 )
497              	( -3.9343123811e+00 1.4462999110e+00 -1.1270033506e-01 )	( -3.9303231686e+00 1.4495726004e+00 -7.8203507658e-02 )	( -3.9892124903e-03 -3.2726894551e-03 -3.4496827404e-02 )
498              	( -3.9347134751e+00 1.4463984767e+00 -1.1264793093e-01 )	( -3.9307227491e+00 1.4496704636e+00 -7.8152144249e-02 )	( -3.9907260122e-03 -3.2719868620e-03 -3.4495786678e-02 )
499              	( -3.9351047262e+00 1.4464937061e+00 -1.1260607035e-01 )	( -3.9311143646e+00 1.4497666215e+00 -7.8102362396e-02 )	( -3.9903616615e-03 -3.2729154802e-03 -3.4503707957e-02 )
500              	( -3.9354875238e+00 1.4465884634e+00 -1.1255704959e-01 )	( -3.9314956505e+00 1.4498606813e+00 -7.8054428396e-02 )	( -3.9918733825e-03 -3.2722179156e-03 -3.4502621195e-02 )
501              	( -3.9358612175e+00 1.4466800165e+00 -1.1251838033e-01 )	( -3.9318697049e+00 1.4499531617e+00 -7.8007929302e-02 )	( -3.9915126065e-03 -3.2731451605e-03 -3.4510451028e-02 )
502              	( -3.9362280862e+00 1.4467715174e+00 -1.1247212528e-01 )	( -3.9322350809e+00 1.4500439702e+00 -7.7962819403e-02 )	( -3.9930053147e-03 -3.2724528591e-03 -3.4509305876e-02 )
503              	( -3.9365865354e+00 1.4468601948e+00 -1.1243624004e-01 )	( -3.9325939097e+00 1.4501335739e+00 -7.7919196175e-02 )	( -3.9926256160e-03 -3.2733790493e-03 -3.4517043865e-02 )
504              	( -3.9369378803e+00 1.4469486860e+00 -1.1239281140e-01 )	( -3.9329437593e+00 1.4502213788e+00 -7.7877027648e-02 )	( -3.9941209511e-03 -3.2726928218e-03 -3.4515783748e-02 )
505              	( -3.9372805279e+00 1.4470341609e+00 -1.1235970299e-01 )	( -3.9332867284e+00 1.4503077801e+00 -7.7836435912e-02 )	( -3.9937995030e-03 -3.2736191389e-03 -3.4523267081e-02 )
506              	( -3.9376157714e+00 1.4471193568e+00 -1.1231908602e-01 )	( -3.9336204488e+00 1.4503922965e+00 -7.7797291563e-02 )	( -3.9953226542e-03 -3.2729397448e-03 -3.4521794454e-02 )
507              	( -3.9379430192e+00 1.4472017445e+00 -1.1228863636e-01 )	( -3.9339480227e+00 1.4504756107e+00 -7.7759538701e-02 )	( -3.9949965144e-03 -3.2738661965e-03 -3.4529097656e-02 )
508              	( -3.9382633319e+00 1.4472839223e+00 -1.1225075410e-01 )	( -3.9342668300e+00 1.4505571156e+00 -7.7723245643e-02 )	( -3.9965018742e-03 -3.2731932468e-03 -3.4527508455e-02 )
509              	( -3.9385757433e+00 1.4473632630e+00 -1.1222301145e-01 )	( -3.9345795832e+00 1.4506373826e+00 -7.7688326699e-02 )	( -3.9961600541e-03 -3.2741196224e-03 -3.4534684746e-02 )
510              	( -3.9388823431e+00 1.4474427884e+00 -1.1218773935e-01 )	( -3.9348847036e+00 1.4507162414e+00 -7.7654723772e-02 )	( -3.9976394939e-03 -3.2734529692e-03 -3.4533015582e-02 )
511              	( -3.9391815636e+00 1.4475195977e+00 -1.1216249067e-01 )	( -3.9351842876e+00 1.4507939769e+00 -7.7622401089e-02 )	( -3.9972760129e-03 -3.2743792386e-03 -3.4540089576e-02 )
512              	( -3.9394750739e+00 1.4475964911e+00 -1.1212967273e-01 )	( -3.9354763484e+00 1.4508702099e+00 -7.7591315155e-02 )	( -3.9987255347e-03 -3.2737188397e-03 -3.4538357573e-02 )
513              	( -3.9397609991e+00 1.4476706313e+00 -1.1210689175e-01 )	( -3.9357626610e+00 1.4509452764e+00 -7.7561549939e-02 )	( -3.9983380818e-03 -3.2746450381e-03 -3.4545341810e-02 )
514              	( -3.9400419133e+00 1.4477449945e+00 -1.1207640721e-01 )	( -3.9360421573e+00 1.4510189854e+00 -7.7532850965e-02 )	( -3.9997560014e-03 -3.2739908406e-03 -3.4543556241e-02 )
515              	( -3.9403151744e+00 1.4478165258e+00 -1.1205588025e-01 )	( -3.9363158310e+00 1.4510914428e+00 -7.7505422365e-02 )	( -3.9993434240e-03 -3.2749169492e-03 -3.4550457886e-02 )
516              	( -3.9405836308e+00 1.4478883122e+00 -1.1202768084e-01 )	( -3.9365829019e+00 1.4511625811e+00 -7.7479055749e-02 )	( -4.0007288938e-03 -3.2742689175e-03 -3.4548625087e-02 )
517              	( -3.9408452033e+00 1.4479574642e+00 -1.1200931806e-01 )	( -3.9368449132e+00 1.4512326591e+00 -7.7453867758e-02 )	( -4.0002901850e-03 -3.2751949157e-03 -3.4555450304e-02 )
518              	( -3.9411020036e+00 1.4480269291e+00 -1.1198336223e-01 )	( -3.9371003608e+00 1.4513014821e+00 -7.7429786978e-02 )	( -4.0016428666e-03 -3.2745530133e-03 -3.4553575250e-02 )
519              	( -3.9413527072e+00 1.4480940326e+00 -1.1196715349e-01 )	( -3.9373515291e+00 1.4513695116e+00 -7.7406824997e-02 )	( -4.0011781720e-03 -3.2754789835e-03 -3.4560328497e-02 )
520              	( -3.9415988917e+00 1.4481614286e+00 -1.1194326571e-01 )	( -3.9375963934e+00 1.4514362718e+00 -7.7384849840e-02 )	( -4.0024983784e-03 -3.2748432591e-03 -3.4558415873e-02 )
521              	( -3.9418389471e+00 1.4482263962e+00 -1.1192907846e-01 )	( -3.9378369388e+00 1.4515021654e+00 -7.7363976972e-02 )	( -4.0020082424e-03 -3.2757692058e-03 -3.4565101488e-02 )
522              	( -3.9420743868e+00 1.4482916839e+00 -1.1190736237e-01 )	( -3.9380710902e+00 1.4515668234e+00 -7.7344207347e-02 )	( -4.0032966271e-03 -3.2751395557e-03 -3.4563155022e-02 )
523              	( -3.9423061849e+00 1.4483549138e+00 -1.1189488024e-01 )	( -3.9383034029e+00 1.4516309792e+00 -7.7325101722e-02 )	( -4.0027820257e-03 -3.2760654377e-03 -3.4569778518e-02 )
524              	( -3.9425348124e+00 1.4484186230e+00 -1.1187459723e-01 )	( -3.9385307725e+00 1.4516940646e+00 -7.7306789848e-02 )	( -4.0040399114e-03 -3.2754416900e-03 -3.4567807380e-02 )
525              	( -3.9427575238e+00 1.4484800439e+00 -1.1186394066e-01 )	( -3.9387540223e+00 1.4517564113e+00 -7.7289561389e-02 )	( -4.0035014979e-03 -3.2763673940e-03 -3.4574379269e-02 )
526              	( -3.9429760888e+00 1.4485418338e+00 -1.1184563206e-01 )	( -3.9389713599e+00 1.4518175833e+00 -7.7273245359e-02 )	( -4.0047288977e-03 -3.2757494771e-03 -3.4572386704e-02 )
527              	( -3.9431892257e+00 1.4486014089e+00 -1.1183679955e-01 )	( -3.9391850587e+00 1.4518780839e+00 -7.7257895885e-02 )	( -4.0041670729e-03 -3.2766750392e-03 -3.4578903669e-02 )
528              	( -3.9433984040e+00 1.4486613866e+00 -1.1182032161e-01 )	( -3.9393930390e+00 1.4519374496e+00 -7.7243436206e-02 )	( -4.0053649809e-03 -3.2760629457e-03 -3.4576885400e-02 )
529              	( -3.9436023535e+00 1.4487191945e+00 -1.1181325350e-01 )	( -3.9395975728e+00 1.4519961829e+00 -7.7229908403e-02 )	( -4.0047807422e-03 -3.2769883872e-03 -3.4583345095e-02 )
530              	( -3.9438026129e+00 1.4487774655e+00 -1.1179852528e-01 )	( -3.9397966628e+00 1.4520538476e+00 -7.7217225211e-02 )	( -4.0059500495e-03 -3.2763820655e-03 -3.4581300073e-02 )
531              	( -3.9439980523e+00 1.4488336866e+00 -1.1179312813e-01 )	( -3.9399927081e+00 1.4521109939e+00 -7.7205425503e-02 )	( -4.0053441534e-03 -3.2773073697e-03 -3.4587702623e-02 )
532              	( -3.9441902571e+00 1.4488904665e+00 -1.1177998055e-01 )	( -3.9401837716e+00 1.4521671732e+00 -7.7194349451e-02 )	( -4.0064854948e-03 -3.2767067493e-03 -3.4585631096e-02 )
533              	( -3.9443778141e+00 1.4489452235e+00 -1.1177604203e-01 )	( -3.9403719560e+00 1.4522228554e+00 -7.7184065214e-02 )	( -4.0058581716e-03 -3.2776318806e-03 -3.4591976814e-02 )
534              	( -3.9445626069e+00 1.4490006787e+00 -1.1176448231e-01 )	( -3.9405556350e+00 1.4522777156e+00 -7.7174602926e-02 )	( -4.0069718884e-03 -3.2770368491e-03 -3.4589879385e-02 )
535              	( -3.9447426955e+00 1.4490540705e+00 -1.1176210207e-01 )	( -3.9407363710e+00 1.4523320322e+00 -7.7165932425e-02 )	( -4.0063244843e-03 -3.2779617473e-03 -3.4596169650e-02 )
536              	( -3.9449203637e+00 1.4491082170e+00 -1.1175197531e-01 )	( -3.9409129514e+00 1.4523855892e+00 -7.7157927779e-02 )	( -4.0074123388e-03 -3.2773722045e-03 -3.4594047533e-02 )
537              	( -3.9450939420e+00 1.4491604795e+00 -1.1175096139e-01 )	( -3.9410871963e+00 1.4524387763e+00 -7.7150677416e-02 )	( -4.0067457517e-03 -3.2782967732e-03 -3.4600283970e-02 )
538              	( -3.9452650137e+00 1.4492134470e+00 -1.1174219734e-01 )	( -3.9412572052e+00 1.4524911596e+00 -7.7144059283e-02 )	( -4.0078084972e-03 -3.2777125864e-03 -3.4598138060e-02 )
539              	( -3.9454323771e+00 1.4492646315e+00 -1.1174245597e-01 )	( -3.9414252535e+00 1.4525432682e+00 -7.7138134760e-02 )	( -4.0071235441e-03 -3.2786367602e-03 -3.4604321206e-02 )
540              	( -3.9455973779e+00 1.4493165366e+00 -1.1173495456e-01 )	( -3.9415892158e+00 1.4525945944e+00 -7.7132802768e-02 )	( -4.0081620925e-03 -3.2780578063e-03 -3.4602151791e-02 )
541              	( -3.9457591835e+00 1.4493668003e+00 -1.1173638301e-01 )	( -3.9417517238e+00 1.4526457818e+00 -7.7128100763e-02 )	( -4.0074596785e-03 -3.2789814907e-03 -3.4608282244e-02 )
542              	( -3.9459188707e+00 1.4494178375e+00 -1.1173004014e-01 )	( -3.9419103957e+00 1.4526962451e+00 -7.7123950419e-02 )	( -4.0084750591e-03 -3.2784076205e-03 -3.4606089725e-02 )
543              	( -3.9460753822e+00 1.4494672306e+00 -1.1173257574e-01 )	( -3.9420676258e+00 1.4527465613e+00 -7.7120407778e-02 )	( -4.0077563867e-03 -3.2793307390e-03 -3.4612167961e-02 )
544              	( -3.9462301535e+00 1.4495174757e+00 -1.1172729689e-01 )	( -3.9422214038e+00 1.4527962375e+00 -7.7117344248e-02 )	( -4.0087497561e-03 -3.2787618301e-03 -3.4609952644e-02 )
545              	( -3.9463820192e+00 1.4495661427e+00 -1.1173081672e-01 )	( -3.9423740034e+00 1.4528458269e+00 -7.7114837440e-02 )	( -4.0080157568e-03 -3.2796842884e-03 -3.4615979284e-02 )
546              	( -3.9465323233e+00 1.4496157025e+00 -1.1172651729e-01 )	( -3.9425233352e+00 1.4528948227e+00 -7.7112775738e-02 )	( -4.0089881064e-03 -3.2791201943e-03 -3.4613741550e-02 )
547              	( -3.9466802464e+00 1.4496638367e+00 -1.1173093260e-01 )	( -3.9426720068e+00 1.4529438785e+00 -7.7111215414e-02 )	( -4.0082396314e-03 -3.2800418667e-03 -3.4619717187e-02 )
548              	( -3.9468268470e+00 1.4497129082e+00 -1.1172750998e-01 )	( -3.9428176551e+00 1.4529923906e+00 -7.7110052580e-02 )	( -4.0091918457e-03 -3.2794824095e-03 -3.4617457397e-02 )
549              	( -3.9469711326e+00 1.4497605893e+00 -1.1173250183e-01 )	( -3.9429626539e+00 1.4530409450e+00 -7.7109363241e-02 )	( -4.0084787677e-03 -3.2803557295e-03 -3.4623138590e-02 )
550              	( -3.9471144635e+00 1.4498092162e+00 -1.1172979140e-01 )	( -3.9431050461e+00 1.4530890116e+00 -7.7108961905e-02 )	( -4.0094173315e-03 -3.2797953954e-03 -3.4620829493e-02 )
551              	( -3.9472555342e+00 1.4498564209e+00 -1.1173572665e-01 )	( -3.9432468956e+00 1.4531371400e+00 -7.7109001582e-02 )	( -4.0086385599e-03 -3.2807191437e-03 -3.4626725069e-02 )
552              	( -3.9473961263e+00 1.4499047600e+00 -1.1173377561e-01 )	( -3.9433865803e+00 1.4531849355e+00 -7.7109317660e-02 )	( -4.0095460180e-03 -3.2801754238e-03 -3.4624457946e-02 )
553              	( -3.9475346168e+00 1.4499516897e+00 -1.1174033325e-01 )	( -3.9435258636e+00 1.4532327897e+00 -7.7110018449e-02 )	( -4.0087532292e-03 -3.2811000588e-03 -3.4630314804e-02 )
554              	( -3.9476728766e+00 1.4499997931e+00 -1.1173895759e-01 )	( -3.9436632325e+00 1.4532803528e+00 -7.7110934902e-02 )	( -4.0096440460e-03 -3.2805596688e-03 -3.4628022686e-02 )
555              	( -3.9478094573e+00 1.4500466294e+00 -1.1174576000e-01 )	( -3.9438005666e+00 1.4533280634e+00 -7.7112181229e-02 )	( -4.0088906672e-03 -3.2814340030e-03 -3.4633578771e-02 )
556              	( -3.9479457237e+00 1.4500944978e+00 -1.1174478295e-01 )	( -3.9439359514e+00 1.4533753883e+00 -7.7113553252e-02 )	( -4.0097722647e-03 -3.2808905110e-03 -3.4631229699e-02 )
557              	( -3.9480805675e+00 1.4501411365e+00 -1.1175220891e-01 )	( -3.9440716101e+00 1.4534229498e+00 -7.7115215010e-02 )	( -4.0089573497e-03 -3.2818132708e-03 -3.4636993897e-02 )
558              	( -3.9482153154e+00 1.4501889100e+00 -1.1175168458e-01 )	( -3.9442055033e+00 1.4534701944e+00 -7.7117003647e-02 )	( -4.0098120499e-03 -3.2812844546e-03 -3.4634680930e-02 )
559              	( -3.9483487418e+00 1.4502354366e+00 -1.1175941634e-01 )	( -3.9443397548e+00 1.4535176431e+00 -7.7119014134e-02 )	( -4.0089869446e-03 -3.2822064849e-03 -3.4640402210e-02 )
560              	( -3.9484825693e+00 1.4502832524e+00 -1.1175890878e-01 )	( -3.9444726918e+00 1.4535648844e+00 -7.7121092101e-02 )	( -4.0098775970e-03 -3.2816319647e-03 -3.4637816677e-02 )
561              	( -3.9486152530e+00 1.4503297886e+00 -1.1176675916e-01 )	( -3.9446062009e+00 1.4536123331e+00 -7.7123307961e-02 )	( -4.0090520467e-03 -3.2825444406e-03 -3.4643451199e-02 )
562              	( -3.9487481750e+00 1.4503775086e+00 -1.1176666466e-01 )	( -3.9447382965e+00 1.4536595308e+00 -7.7125566623e-02 )	( -4.0098784763e-03 -3.2820222553e-03 -3.4641098041e-02 )
563              	( -3.9488799105e+00 1.4504238681e+00 -1.1177464881e-01 )	( -3.9448708755e+00 1.4537068109e+00 -7.7127911137e-02 )	( -4.0090350204e-03 -3.2829428531e-03 -3.4646737668e-02 )
564              	( -3.9490122042e+00 1.4504715189e+00 -1.1177436910e-01 )	( -3.9450023066e+00 1.4537538952e+00 -7.7130248102e-02 )	( -4.0098975539e-03 -3.2823762809e-03 -3.4644120997e-02 )
565              	( -3.9491438822e+00 1.4505180313e+00 -1.1178231012e-01 )	( -3.9451348264e+00 1.4538013180e+00 -7.7132637613e-02 )	( -4.0090557938e-03 -3.2832866690e-03 -3.4649672506e-02 )
566              	( -3.9492763928e+00 1.4505659335e+00 -1.1178230194e-01 )	( -3.9452665360e+00 1.4538487047e+00 -7.7135018151e-02 )	( -4.0098567542e-03 -3.2827711696e-03 -3.4647283785e-02 )
567              	( -3.9494083304e+00 1.4506127187e+00 -1.1179028449e-01 )	( -3.9453993309e+00 1.4538964073e+00 -7.7137447813e-02 )	( -4.0089995268e-03 -3.2836885767e-03 -3.4652836673e-02 )
568              	( -3.9495412452e+00 1.4506608958e+00 -1.1178998207e-01 )	( -3.9455314064e+00 1.4539440236e+00 -7.7139800254e-02 )	( -4.0098387905e-03 -3.2831277755e-03 -3.4650181821e-02 )
569              	( -3.9496736676e+00 1.4507078659e+00 -1.1179774629e-01 )	( -3.9456646824e+00 1.4539919002e+00 -7.7142100896e-02 )	( -4.0089851965e-03 -3.2840342786e-03 -3.4655645392e-02 )
570              	( -3.9498071856e+00 1.4507562040e+00 -1.1179750936e-01 )	( -3.9457974207e+00 1.4540397278e+00 -7.7144291722e-02 )	( -4.0097648413e-03 -3.2835238295e-03 -3.4653217641e-02 )
571              	( -3.9499401017e+00 1.4508033788e+00 -1.1180489871e-01 )	( -3.9459311553e+00 1.4540877682e+00 -7.7146459522e-02 )	( -4.0089464563e-03 -3.2843894134e-03 -3.4658439188e-02 )
572              	( -3.9500742443e+00 1.4508518509e+00 -1.1180437664e-01 )	( -3.9460645212e+00 1.4541357259e+00 -7.7148415691e-02 )	( -4.0097230902e-03 -3.2838750219e-03 -3.4655960946e-02 )
573              	( -3.9502080860e+00 1.4508992112e+00 -1.1181169917e-01 )	( -3.9461992344e+00 1.4541839970e+00 -7.7150314445e-02 )	( -4.0088516702e-03 -3.2847858336e-03 -3.4661384730e-02 )
574              	( -3.9503431708e+00 1.4509479479e+00 -1.1181071957e-01 )	( -3.9463335114e+00 1.4542321827e+00 -7.7152029887e-02 )	( -4.0096594245e-03 -3.2842348600e-03 -3.4658689681e-02 )
575              	( -3.9504780638e+00 1.4509955089e+00 -1.1181762916e-01 )	( -3.9464692716e+00 1.4542806449e+00 -7.7153594686e-02 )	( -4.0087922540e-03 -3.2851359265e-03 -3.4664034473e-02 )
576              	( -3.9506143140e+00 1.4510444347e+00 -1.1181651460e-01 )	( -3.9466047709e+00 1.4543290691e+00 -7.7154948859e-02 )	( -4.0095431498e-03 -3.2846343638e-03 -3.4661565739e-02 )
577              	( -3.9507502393e+00 1.4510922312e+00 -1.1182285771e-01 )	( -3.9467415249e+00 1.4543777243e+00 -7.7156192393e-02 )	( -4.0087143661e-03 -3.2854931368e-03 -3.4666665316e-02 )
578              	( -3.9508876089e+00 1.4511413165e+00 -1.1182127720e-01 )	( -3.9468781435e+00 1.4544263027e+00 -7.7157134756e-02 )	( -4.0094654335e-03 -3.2849862067e-03 -3.4664142441e-02 )
579              	( -3.9510250441e+00 1.4511893979e+00 -1.1182714184e-01 )	( -3.9470164087e+00 1.4544752394e+00 -7.7157944312e-02 )	( -4.0086354803e-03 -3.2858414884e-03 -3.4669197533e-02 )
580              	( -3.9511636061e+00 1.4512386433e+00 -1.1182512121e-01 )	( -3.9471542287e+00 1.4545239820e+00 -7.7158450844e-02 )	( -4.0093774630e-03 -3.2853386652e-03 -3.4666670370e-02 )
581              	( -3.9513022293e+00 1.4512868376e+00 -1.1183072949e-01 )	( -3.9472937330e+00 1.4545730772e+00 -7.7158794627e-02 )	( -4.0084962463e-03 -3.2862396604e-03 -3.4671934859e-02 )
582              	( -3.9514424764e+00 1.4513364795e+00 -1.1182806617e-01 )	( -3.9474332036e+00 1.4546221784e+00 -7.7158877402e-02 )	( -4.0092728268e-03 -3.2856989414e-03 -3.4669188765e-02 )
583              	( -3.9515827534e+00 1.4513849443e+00 -1.1183307634e-01 )	( -3.9475743537e+00 1.4546715327e+00 -7.7158706533e-02 )	( -4.0083997403e-03 -3.2865884320e-03 -3.4674369811e-02 )
584              	( -3.9517242443e+00 1.4514346681e+00 -1.1182985790e-01 )	( -3.9477150721e+00 1.4547207161e+00 -7.7158255709e-02 )	( -4.0091721565e-03 -3.2860480260e-03 -3.4671602191e-02 )
585              	( -3.9518657558e+00 1.4514831963e+00 -1.1183428112e-01 )	( -3.9478574579e+00 1.4547701318e+00 -7.7157531360e-02 )	( -4.0082979241e-03 -3.2869355281e-03 -3.4676749760e-02 )
586              	( -3.9520087478e+00 1.4515330647e+00 -1.1183048148e-01 )	( -3.9479996834e+00 1.4548194621e+00 -7.7156509087e-02 )	( -4.0090644317e-03 -3.2863974713e-03 -3.4673972392e-02 )
587              	( -3.9521516666e+00 1.4515816975e+00 -1.1183429576e-01 )	( -3.9481434773e+00 1.4548689806e+00 -7.7155207388e-02 )	( -4.0081893135e-03 -3.2872830999e-03 -3.4679088371e-02 )
588              	( -3.9522960640e+00 1.4516316546e+00 -1.1182989534e-01 )	( -3.9482871131e+00 1.4549184016e+00 -7.7153595247e-02 )	( -4.0089508418e-03 -3.2867469400e-03 -3.4676300097e-02 )
589              	( -3.9524405214e+00 1.4516804183e+00 -1.1183307323e-01 )	( -3.9484324455e+00 1.4549680484e+00 -7.7151690625e-02 )	( -4.0080758574e-03 -3.2876301133e-03 -3.4681382605e-02 )
590              	( -3.9525862726e+00 1.4517304384e+00 -1.1182805927e-01 )	( -3.9485774391e+00 1.4550175336e+00 -7.7149477974e-02 )	( -4.0088335003e-03 -3.2870952470e-03 -3.4678581295e-02 )
591              	( -3.9527320925e+00 1.4517792631e+00 -1.1183059266e-01 )	( -3.9487241329e+00 1.4550672385e+00 -7.7146964102e-02 )	( -4.0079596349e-03 -3.2879754398e-03 -3.4683628558e-02 )
592              	( -3.9528794247e+00 1.4518294079e+00 -1.1182494024e-01 )	( -3.9488707105e+00 1.4551168493e+00 -7.7144127493e-02 )	( -4.0087141943e-03 -3.2874413558e-03 -3.4680812750e-02 )
593              	( -3.9530267443e+00 1.4518783328e+00 -1.1182681432e-01 )	( -3.9490189021e+00 1.4551666510e+00 -7.7140990633e-02 )	( -4.0078422029e-03 -3.2883181364e-03 -3.4685823682e-02 )
594              	( -3.9531756359e+00 1.4519285891e+00 -1.1182051612e-01 )	( -3.9491670415e+00 1.4552163735e+00 -7.7137523698e-02 )	( -4.0085944468e-03 -3.2877844464e-03 -3.4682992419e-02 )
595              	( -3.9533242578e+00 1.4519775349e+00 -1.1182173076e-01 )	( -3.9493165328e+00 1.4552661925e+00 -7.7133764402e-02 )	( -4.0077250576e-03 -3.2886575070e-03 -3.4687966355e-02 )
596              	( -3.9534744421e+00 1.4520277973e+00 -1.1181478299e-01 )	( -3.9494659664e+00 1.4553159212e+00 -7.7129663935e-02 )	( -4.0084756715e-03 -3.2881239311e-03 -3.4685119058e-02 )
597              	( -3.9536246147e+00 1.4520768738e+00 -1.1181508284e-01 )	( -3.9496169570e+00 1.4553658199e+00 -7.7125268319e-02 )	( -4.0076577127e-03 -3.2889460806e-03 -3.4689814517e-02 )
598              	( -3.9537761692e+00 1.4521271058e+00 -1.1180765992e-01 )	( -3.9497678050e+00 1.4554155600e+00 -7.7120494404e-02 )	( -4.0083641930e-03 -3.2884541312e-03 -3.4687165515e-02 )
599              	( -3.9539277603e+00 1.4521762542e+00 -1.1180735539e-01 )	( -3.9499202198e+00 1.4554655354e+00 -7.7115485189e-02 )	( -4.0075404479e-03 -3.2892811974e-03 -3.4691870199e-02 )
600              	( -3.9540804552e+00 1.4522264801e+00 -1.1179930513e-01 )	( -3.9500722119e+00 1.4555152720e+00 -7.7110085771e-02 )	( -4.0082432558e-03 -3.2887918766e-03 -3.4689219361e-02 )
601              	( -3.9542328967e+00 1.4522755840e+00 -1.1179831654e-01 )	( -3.9502254724e+00 1.4555651978e+00 -7.7104436051e-02 )	( -4.0074242931e-03 -3.2896137890e-03 -3.4693880493e-02 )
602              	( -3.9543870062e+00 1.4523259793e+00 -1.1178936102e-01 )	( -3.9503788314e+00 1.4556150566e+00 -7.7098390719e-02 )	( -4.0081747218e-03 -3.2890772517e-03 -3.4690970299e-02 )
603              	( -3.9545405749e+00 1.4523750301e+00 -1.1178790701e-01 )	( -3.9505332562e+00 1.4556649649e+00 -7.7092109321e-02 )	( -4.0073186980e-03 -3.2899348885e-03 -3.4695797692e-02 )
604              	( -3.9546955499e+00 1.4524253390e+00 -1.1177841306e-01 )	( -3.9506874901e+00 1.4557147459e+00 -7.7085497311e-02 )	( -4.0080598291e-03 -3.2894069320e-03 -3.4692915744e-02 )
605              	( -3.9548503830e+00 1.4524744313e+00 -1.1177606438e-01 )	( -3.9508431277e+00 1.4557646459e+00 -7.7078593648e-02 )	( -4.0072552936e-03 -3.2902145915e-03 -3.4697470735e-02 )
606              	( -3.9550063976e+00 1.4525246010e+00 -1.1176611089e-01 )	( -3.9509984430e+00 1.4558143280e+00 -7.7071328511e-02 )	( -4.0079545870e-03 -3.2897269999e-03 -3.4694782383e-02 )
607              	( -3.9551621366e+00 1.4525736070e+00 -1.1176320044e-01 )	( -3.9511549897e+00 1.4558641450e+00 -7.7063859751e-02 )	( -4.0071468848e-03 -3.2905379868e-03 -3.4699340688e-02 )
608              	( -3.9553190220e+00 1.4526236648e+00 -1.1175266316e-01 )	( -3.9513111768e+00 1.4559137161e+00 -7.7056018251e-02 )	( -4.0078451739e-03 -3.2900513195e-03 -3.4696644906e-02 )
609              	( -3.9554756856e+00 1.4526725780e+00 -1.1174912066e-01 )	( -3.9514686408e+00 1.4559634337e+00 -7.7047964095e-02 )	( -4.0070447966e-03 -3.2908556112e-03 -3.4701156569e-02 )
610              	( -3.9556332777e+00 1.4527225061e+00 -1.1173776783e-01 )	( -3.9516254843e+00 1.4560128264e+00 -7.7039567869e-02 )	( -4.0077933715e-03 -3.2903203091e-03 -3.4698199964e-02 )
611              	( -3.9557905168e+00 1.4527711474e+00 -1.1173379238e-01 )	( -3.9517835586e+00 1.4560623064e+00 -7.7030914681e-02 )	( -4.0069581703e-03 -3.2911590701e-03 -3.4702877694e-02 )
612              	( -3.9559487790e+00 1.4528209116e+00 -1.1172192456e-01 )	( -3.9519410796e+00 1.4561115428e+00 -7.7021975156e-02 )	( -4.0076993974e-03 -3.2906311430e-03 -3.4699949399e-02 )
613              	( -3.9561065840e+00 1.4528693912e+00 -1.1171715090e-01 )	( -3.9520996666e+00 1.4561608102e+00 -7.7012795113e-02 )	( -4.0069174211e-03 -3.2914190082e-03 -3.4704355785e-02 )
614              	( -3.9562652693e+00 1.4529188414e+00 -1.1170490365e-01 )	( -3.9522576507e+00 1.4562097718e+00 -7.7003282285e-02 )	( -4.0076185782e-03 -3.2909304517e-03 -3.4701621360e-02 )
615              	( -3.9564234323e+00 1.4529670757e+00 -1.1169963703e-01 )	( -3.9524165974e+00 1.4562587966e+00 -7.6993604898e-02 )	( -4.0068349265e-03 -3.2917208839e-03 -3.4706032135e-02 )
616              	( -3.9565825111e+00 1.4530163189e+00 -1.1168664699e-01 )	( -3.9525749262e+00 1.4563075044e+00 -7.6983597018e-02 )	( -4.0075848836e-03 -3.2911855719e-03 -3.4703049972e-02 )
617              	( -3.9567409546e+00 1.4530642464e+00 -1.1168077491e-01 )	( -3.9527341394e+00 1.4563562100e+00 -7.6973386129e-02 )	( -4.0068152082e-03 -3.2919635262e-03 -3.4707388783e-02 )
618              	( -3.9569001155e+00 1.4531130938e+00 -1.1166751614e-01 )	( -3.9528925994e+00 1.4564045703e+00 -7.6962867879e-02 )	( -4.0075161351e-03 -3.2914765333e-03 -3.4704648257e-02 )
619              	( -3.9570586697e+00 1.4531607134e+00 -1.1166120341e-01 )	( -3.9530519265e+00 1.4564529722e+00 -7.6952201581e-02 )	( -4.0067432427e-03 -3.2922587416e-03 -3.4709001831e-02 )
620              	( -3.9572177306e+00 1.4532092079e+00 -1.1164725551e-01 )	( -3.9532102371e+00 1.4565009326e+00 -7.6941241881e-02 )	( -4.0074935170e-03 -3.2917247051e-03 -3.4706013626e-02 )
621              	( -3.9573760617e+00 1.4532563317e+00 -1.1164061594e-01 )	( -3.9533693744e+00 1.4565488722e+00 -7.6930082515e-02 )	( -4.0066873584e-03 -3.2925404979e-03 -3.4710533426e-02 )
622              	( -3.9575350041e+00 1.4533044404e+00 -1.1162625573e-01 )	( -3.9535275715e+00 1.4565964526e+00 -7.6918686169e-02 )	( -4.0074325834e-03 -3.2920121934e-03 -3.4707569562e-02 )
623              	( -3.9576931069e+00 1.4533511811e+00 -1.1161892098e-01 )	( -3.9536864250e+00 1.4566439566e+00 -7.6907106828e-02 )	( -4.0066818236e-03 -3.2927755181e-03 -3.4711814148e-02 )
624              	( -3.9578517220e+00 1.4533988065e+00 -1.1160405094e-01 )	( -3.9538442846e+00 1.4566910446e+00 -7.6895251835e-02 )	( -4.0074374096e-03 -3.2922381190e-03 -3.4708799108e-02 )
625              	( -3.9580093342e+00 1.4534449979e+00 -1.1159649861e-01 )	( -3.9540026902e+00 1.4567380421e+00 -7.6883240015e-02 )	( -4.0066439990e-03 -3.2930442329e-03 -3.4713258590e-02 )
626              	( -3.9581673968e+00 1.4534921289e+00 -1.1158129808e-01 )	( -3.9541600044e+00 1.4567846436e+00 -7.6871017827e-02 )	( -4.0073924621e-03 -3.2925147322e-03 -3.4710280252e-02 )
627              	( -3.9583244862e+00 1.4535378697e+00 -1.1157310860e-01 )	( -3.9543178318e+00 1.4568311383e+00 -7.6858641863e-02 )	( -4.0066543716e-03 -3.2932685633e-03 -3.4714466738e-02 )
628              	( -3.9584819872e+00 1.4535844644e+00 -1.1155744879e-01 )	( -3.9544745737e+00 1.4568771941e+00 -7.6846011738e-02 )	( -4.0074135438e-03 -3.2927296854e-03 -3.4711437057e-02 )
629              	( -3.9586383857e+00 1.4536296190e+00 -1.1154909018e-01 )	( -3.9546317524e+00 1.4569231448e+00 -7.6833253113e-02 )	( -4.0066333265e-03 -3.2935257967e-03 -3.4715837071e-02 )
630              	( -3.9587949196e+00 1.4536756207e+00 -1.1153316538e-01 )	( -3.9547875336e+00 1.4569686150e+00 -7.6820322841e-02 )	( -4.0073859824e-03 -3.2929943477e-03 -3.4712842535e-02 )
631              	( -3.9589503472e+00 1.4537202118e+00 -1.1152429957e-01 )	( -3.9549436767e+00 1.4570139497e+00 -7.6807339935e-02 )	( -4.0066704652e-03 -3.2937378057e-03 -3.4716959636e-02 )
632              	( -3.9591059880e+00 1.4537656112e+00 -1.1150800957e-01 )	( -3.9550985422e+00 1.4570588078e+00 -7.6794110308e-02 )	( -4.0074457355e-03 -3.2931966591e-03 -3.4713899261e-02 )
633              	( -3.9592604062e+00 1.4538095492e+00 -1.1149898090e-01 )	( -3.9552537136e+00 1.4571035314e+00 -7.6780760341e-02 )	( -4.0066926340e-03 -3.2939821682e-03 -3.4718220559e-02 )
634              	( -3.9594150502e+00 1.4538543620e+00 -1.1148242737e-01 )	( -3.9554075871e+00 1.4571478102e+00 -7.6767238164e-02 )	( -4.0074630566e-03 -3.2934482326e-03 -3.4715189209e-02 )
635              	( -3.9595685176e+00 1.4538977598e+00 -1.1147284806e-01 )	( -3.9555617509e+00 1.4571919407e+00 -7.6753616034e-02 )	( -4.0067666708e-03 -3.2941809291e-03 -3.4719232031e-02 )
636              	( -3.9597221297e+00 1.4539419460e+00 -1.1145594267e-01 )	( -3.9557145805e+00 1.4572355832e+00 -7.6739798371e-02 )	( -4.0075491813e-03 -3.2936371177e-03 -3.4716144302e-02 )
637              	( -3.9598743662e+00 1.4539846895e+00 -1.1144608589e-01 )	( -3.9558675063e+00 1.4572790545e+00 -7.6725929529e-02 )	( -4.0068598801e-03 -3.2943649918e-03 -3.4720156359e-02 )
638              	( -3.9600268080e+00 1.4540282134e+00 -1.1142917264e-01 )	( -3.9560192143e+00 1.4573220833e+00 -7.6711858402e-02 )	( -4.0075936642e-03 -3.2938698978e-03 -3.4717314236e-02 )
639              	( -3.9601778330e+00 1.4540703657e+00 -1.1141913973e-01 )	( -3.9561709300e+00 1.4573649665e+00 -7.6697803110e-02 )	( -4.0069029638e-03 -3.2946007775e-03 -3.4721336624e-02 )
640              	( -3.9603290098e+00 1.4541133079e+00 -1.1140179211e-01 )	( -3.9563213217e+00 1.4574073650e+00 -7.6683551341e-02 )	( -4.0076881563e-03 -3.2940570879e-03 -3.4718240765e-02 )
641              	( -3.9604786402e+00 1.4541547789e+00 -1.1139146821e-01 )	( -3.9564716260e+00 1.4574495522e+00 -7.6669284995e-02 )	( -4.0070142656e-03 -3.2947732640e-03 -3.4722183218e-02 )
642              	( -3.9606283126e+00 1.4541969838e+00 -1.1137416349e-01 )	( -3.9566205595e+00 1.4574912594e+00 -7.6654842604e-02 )	( -4.0077531172e-03 -3.2942756138e-03 -3.4719320890e-02 )
643              	( -3.9607765160e+00 1.4542378225e+00 -1.1136370959e-01 )	( -3.9567694380e+00 1.4575328167e+00 -7.6640437094e-02 )	( -4.0070779818e-03 -3.2949941801e-03 -3.4723272494e-02 )
644              	( -3.9609249865e+00 1.4542794927e+00 -1.1134599975e-01 )	( -3.9569171188e+00 1.4575739406e+00 -7.6625841278e-02 )	( -4.0078676530e-03 -3.2944478731e-03 -3.4720158470e-02 )
645              	( -3.9610717562e+00 1.4543196737e+00 -1.1133530836e-01 )	( -3.9570645475e+00 1.4576148257e+00 -7.6611274918e-02 )	( -4.0072087039e-03 -3.2951519479e-03 -3.4724033438e-02 )
646              	( -3.9612185487e+00 1.4543606296e+00 -1.1131748132e-01 )	( -3.9572105489e+00 1.4576552347e+00 -7.6596565541e-02 )	( -4.0079997564e-03 -3.2946051442e-03 -3.4720915779e-02 )
647              	( -3.9613638528e+00 1.4544001375e+00 -1.1130688083e-01 )	( -3.9573565566e+00 1.4576954910e+00 -7.6581863751e-02 )	( -4.0072961345e-03 -3.2953534896e-03 -3.4725017078e-02 )
648              	( -3.9615090682e+00 1.4544404609e+00 -1.1128903143e-01 )	( -3.9575009882e+00 1.4577352751e+00 -7.6567093777e-02 )	( -4.0080800719e-03 -3.2948141173e-03 -3.4721937649e-02 )
649              	( -3.9616528597e+00 1.4544793915e+00 -1.1127809667e-01 )	( -3.9576454279e+00 1.4577749011e+00 -7.6552329734e-02 )	( -4.0074317788e-03 -3.2955096159e-03 -3.4725766935e-02 )
650              	( -3.9617965342e+00 1.4545190632e+00 -1.1126009562e-01 )	( -3.9577883075e+00 1.4578140232e+00 -7.6537459741e-02 )	( -4.0082266999e-03 -3.2949600440e-03 -3.4722635879e-02 )
651              	( -3.9619387319e+00 1.4545573516e+00 -1.1124906606e-01 )	( -3.9579311476e+00 1.4578530022e+00 -7.6522625911e-02 )	( -4.0075842910e-03 -3.2956506012e-03 -3.4726440153e-02 )
652              	( -3.9620807337e+00 1.4545963279e+00 -1.1123125521e-01 )	( -3.9580724040e+00 1.4578914775e+00 -7.6507695414e-02 )	( -4.0083296019e-03 -3.2951495274e-03 -3.4723559793e-02 )
653              	( -3.9622212608e+00 1.4546340024e+00 -1.1122024248e-01 )	( -3.9582135761e+00 1.4579298455e+00 -7.6492861636e-02 )	( -4.0076846997e-03 -3.2958431566e-03 -3.4727380843e-02 )
654              	( -3.9623616598e+00 1.4546724114e+00 -1.1120217999e-01 )	( -3.9583531794e+00 1.4579677049e+00 -7.6477927170e-02 )	( -4.0084803221e-03 -3.2952934811e-03 -3.4724252819e-02 )
655              	( -3.9625005699e+00 1.4547094558e+00 -1.1119105117e-01 )	( -3.9584927195e+00 1.4580054287e+00 -7.6463050123e-02 )	( -4.0078504713e-03 -3.2959729715e-03 -3.4728001052e-02 )
656              	( -3.9626393136e+00 1.4547472426e+00 -1.1117297685e-01 )	( -3.9586306681e+00 1.4580426663e+00 -7.6448104052e-02 )	( -4.0086454884e-03 -3.2954237097e-03 -3.4724872799e-02 )
657              	( -3.9627765208e+00 1.4547836333e+00 -1.1116208168e-01 )	( -3.9587685517e+00 1.4580797818e+00 -7.6433230034e-02 )	( -4.0079691671e-03 -3.2961484962e-03 -3.4728851650e-02 )
658              	( -3.9629135579e+00 1.4548208344e+00 -1.1114410475e-01 )	( -3.9589048020e+00 1.4581164416e+00 -7.6418339277e-02 )	( -4.0087559156e-03 -3.2956071610e-03 -3.4725765470e-02 )
659              	( -3.9630491166e+00 1.4548566839e+00 -1.1113298693e-01 )	( -3.9590409827e+00 1.4581529635e+00 -7.6403510376e-02 )	( -4.0081338090e-03 -3.2962796105e-03 -3.4729476553e-02 )
660              	( -3.9631843700e+00 1.4548932253e+00 -1.1111496440e-01 )	( -3.9591754390e+00 1.4581889535e+00 -7.6388622784e-02 )	( -4.0089309547e-03 -3.2957281758e-03 -3.4726341621e-02 )
661              	( -3.9633182665e+00 1.4549284705e+00 -1.1110383188e-01 )	( -3.9593099522e+00 1.4582248661e+00 -7.6373801427e-02 )	( -4.0083142999e-03 -3.2963956040e-03 -3.4730030449e-02 )
662              	( -3.9634518719e+00 1.4549643874e+00 -1.1108607878e-01 )	( -3.9594428104e+00 1.4582602800e+00 -7.6358930468e-02 )	( -4.0090615092e-03 -3.2958925292e-03 -3.4727148313e-02 )
663              	( -3.9635836946e+00 1.4549989632e+00 -1.1107509106e-01 )	( -3.9595752525e+00 1.4582955263e+00 -7.6344234585e-02 )	( -4.0084420985e-03 -3.2965631372e-03 -3.4730856475e-02 )
664              	( -3.9637156934e+00 1.4550343744e+00 -1.1105716231e-01 )	( -3.9597064543e+00 1.4583303859e+00 -7.6329433368e-02 )	( -4.0092390592e-03 -3.2960115149e-03 -3.4727728937e-02 )
665              	( -3.9638459046e+00 1.4550683855e+00 -1.1104614087e-01 )	( -3.9598372701e+00 1.4583650533e+00 -7.6314773982e-02 )	( -4.0086345309e-03 -3.2966678241e-03 -3.4731366893e-02 )
666              	( -3.9639759819e+00 1.4551031571e+00 -1.1102830897e-01 )	( -3.9599665501e+00 1.4583992729e+00 -7.6300068016e-02 )	( -4.0094318023e-03 -3.2961157350e-03 -3.4728240958e-02 )
667              	( -3.9641045200e+00 1.4551366100e+00 -1.1101734863e-01 )	( -3.9600956903e+00 1.4584333797e+00 -7.6285477962e-02 )	( -4.0088297072e-03 -3.2967697003e-03 -3.4731870668e-02 )
668              	( -3.9642328054e+00 1.4551707542e+00 -1.1099985754e-01 )	( -3.9602232172e+00 1.4584670207e+00 -7.6270860727e-02 )	( -4.0095881165e-03 -3.2962665184e-03 -3.4728996817e-02 )
669              	( -3.9643595725e+00 1.4552036710e+00 -1.1098906984e-01 )	( -3.9603505580e+00 1.4585005948e+00 -7.6256436914e-02 )	( -4.0090144458e-03 -3.2969237706e-03 -3.4732632929e-02 )
670              	( -3.9644861206e+00 1.4552373167e+00 -1.1097148475e-01 )	( -3.9604762727e+00 1.4585336886e+00 -7.6241990693e-02 )	( -4.0098479081e-03 -3.2963719904e-03 -3.4729494053e-02 )
671              	( -3.9646112191e+00 1.4552696824e+00 -1.1096069759e-01 )	( -3.9606019218e+00 1.4585666973e+00 -7.6227652449e-02 )	( -4.0092972548e-03 -3.2970149475e-03 -3.4733045140e-02 )
672              	( -3.9647360983e+00 1.4553027822e+00 -1.1094318757e-01 )	( -3.9607259643e+00 1.4585992447e+00 -7.6213289366e-02 )	( -4.0101339964e-03 -3.2964625717e-03 -3.4729898203e-02 )
673              	( -3.9648594155e+00 1.4553345484e+00 -1.1093273138e-01 )	( -3.9608498772e+00 1.4586316985e+00 -7.6199055468e-02 )	( -4.0095382706e-03 -3.2971500937e-03 -3.4733675910e-02 )
674              	( -3.9649824999e+00 1.4553671134e+00 -1.1091541915e-01 )	( -3.9609721330e+00 1.4586637186e+00 -7.6184850955e-02 )	( -4.0103669142e-03 -3.2966052598e-03 -3.4730568200e-02 )
675              	( -3.9651040985e+00 1.4553983960e+00 -1.1090484567e-01 )	( -3.9610942737e+00 1.4586956365e+00 -7.6170767806e-02 )	( -4.0098247894e-03 -3.2972404262e-03 -3.4734077862e-02 )
676              	( -3.9652254448e+00 1.4554303994e+00 -1.1088758856e-01 )	( -3.9612147820e+00 1.4587270851e+00 -7.6156666728e-02 )	( -4.0106627931e-03 -3.2966856990e-03 -3.4730921837e-02 )
677              	( -3.9653452644e+00 1.4554611301e+00 -1.1087712279e-01 )	( -3.9613351400e+00 1.4587584467e+00 -7.6142711027e-02 )	( -4.0101244217e-03 -3.2973166105e-03 -3.4734411765e-02 )
678              	( -3.9654647562e+00 1.4554925233e+00 -1.1086025746e-01 )	( -3.9614538452e+00 1.4587893341e+00 -7.6128746901e-02 )	( -4.0109109374e-03 -3.2968108550e-03 -3.4731510557e-02 )
679              	( -3.9655827300e+00 1.4555227159e+00 -1.1085000458e-01 )	( -3.9615723622e+00 1.4588201616e+00 -7.6114981502e-02 )	( -4.0103678295e-03 -3.2974456630e-03 -3.4735023077e-02 )
680              	( -3.9657004720e+00 1.4555536213e+00 -1.1083306723e-01 )	( -3.9616892693e+00 1.4588505132e+00 -7.6101188606e-02 )	( -4.0112026833e-03 -3.2968919140e-03 -3.4731878620e-02 )
681              	( -3.9658167172e+00 1.4555832768e+00 -1.1082286456e-01 )	( -3.9618060443e+00 1.4588807899e+00 -7.6087540833e-02 )	( -4.0106728509e-03 -3.2975131124e-03 -3.4735323726e-02 )
682              	( -3.9659320637e+00 1.4556132021e+00 -1.1080574810e-01 )	( -3.9619205555e+00 1.4589101602e+00 -7.6073570443e-02 )	( -4.0115082360e-03 -3.2969580747e-03 -3.4732177653e-02 )
683              	( -3.9660475528e+00 1.4556430324e+00 -1.1079615914e-01 )	( -3.9620365721e+00 1.4589406091e+00 -7.6060543577e-02 )	( -4.0109806643e-03 -3.2975766210e-03 -3.4735615561e-02 )
684              	( -3.9661600045e+00 1.4556718315e+00 -1.1077931945e-01 )	( -3.9621482398e+00 1.4589689020e+00 -7.6046591928e-02 )	( -4.0117646302e-03 -3.2970704957e-03 -3.4732727525e-02 )
685              	( -3.9662727703e+00 1.4557006059e+00 -1.1076965639e-01 )	( -3.9622615397e+00 1.4589983000e+00 -7.6033466094e-02 )	( -4.0112305789e-03 -3.2976941127e-03 -3.4736190300e-02 )
686              	( -3.9663845102e+00 1.4557296030e+00 -1.1075311764e-01 )	( -3.9623724494e+00 1.4590267443e+00 -7.6020055514e-02 )	( -4.0120607772e-03 -3.2971413690e-03 -3.4733062123e-02 )
687              	( -3.9664949513e+00 1.4557574923e+00 -1.1074332851e-01 )	( -3.9624834120e+00 1.4590552439e+00 -7.6006870898e-02 )	( -4.0115393397e-03 -3.2977515905e-03 -3.4736457614e-02 )
688              	( -3.9666049416e+00 1.4557859965e+00 -1.1072698099e-01 )	( -3.9625925743e+00 1.4590831959e+00 -7.5993647230e-02 )	( -4.0123672463e-03 -3.2971993692e-03 -3.4733333761e-02 )
689              	( -3.9667133453e+00 1.4558132067e+00 -1.1071754585e-01 )	( -3.9627015478e+00 1.4591110618e+00 -7.5980580848e-02 )	( -4.0117975770e-03 -3.2978550860e-03 -3.4736965003e-02 )
690              	( -3.9668214088e+00 1.4558411639e+00 -1.1070144543e-01 )	( -3.9628087939e+00 1.4591384752e+00 -7.5967558514e-02 )	( -4.0126149327e-03 -3.2973112497e-03 -3.4733886919e-02 )
691              	( -3.9669280085e+00 1.4558678791e+00 -1.1069192118e-01 )	( -3.9629159117e+00 1.4591657945e+00 -7.5954665074e-02 )	( -4.0120968170e-03 -3.2979154482e-03 -3.4737256108e-02 )
692              	( -3.9670343203e+00 1.4558952914e+00 -1.1067590770e-01 )	( -3.9630213984e+00 1.4591926538e+00 -7.5941773603e-02 )	( -4.0129218748e-03 -3.2973623714e-03 -3.4734134098e-02 )
693              	( -3.9671390107e+00 1.4559214407e+00 -1.1066654036e-01 )	( -3.9631266049e+00 1.4592194038e+00 -7.5929052224e-02 )	( -4.0124058232e-03 -3.2979630498e-03 -3.4737488136e-02 )
694              	( -3.9672435843e+00 1.4559483490e+00 -1.1065071135e-01 )	( -3.9632303582e+00 1.4592457617e+00 -7.5916327326e-02 )	( -4.0132261136e-03 -3.2974127173e-03 -3.4734384022e-02 )
695              	( -3.9673465192e+00 1.4559739663e+00 -1.1064175562e-01 )	( -3.9633338580e+00 1.4592720258e+00 -7.5903777560e-02 )	( -4.0126611727e-03 -3.2980595096e-03 -3.4737978059e-02 )
696              	( -3.9674492838e+00 1.4560003957e+00 -1.1062620080e-01 )	( -3.9634358126e+00 1.4592979132e+00 -7.5891280659e-02 )	( -4.0134712046e-03 -3.2975174727e-03 -3.4734920142e-02 )
697              	( -3.9675503718e+00 1.4560255484e+00 -1.1061720770e-01 )	( -3.9635374141e+00 1.4593236611e+00 -7.5878955769e-02 )	( -4.0129577739e-03 -3.2981126792e-03 -3.4738251933e-02 )
698              	( -3.9676515217e+00 1.4560515092e+00 -1.1060175634e-01 )	( -3.9636377464e+00 1.4593490705e+00 -7.5866606765e-02 )	( -4.0137753021e-03 -3.2975612898e-03 -3.4735149574e-02 )
699              	( -3.9677508848e+00 1.4560761807e+00 -1.1059293089e-01 )	( -3.9637376211e+00 1.4593743338e+00 -7.5854464767e-02 )	( -4.0132637031e-03 -3.2981530174e-03 -3.4738466123e-02 )
700              	( -3.9678501905e+00 1.4561015940e+00 -1.1057793158e-01 )	( -3.9638361625e+00 1.4593992451e+00 -7.5842309925e-02 )	( -4.0140279832e-03 -3.2976511360e-03 -3.4735621657e-02 )
701              	( -3.9679479517e+00 1.4561258648e+00 -1.1056935239e-01 )	( -3.9639344418e+00 1.4594241122e+00 -7.5830387632e-02 )	( -4.0135099253e-03 -3.2982474655e-03 -3.4738964759e-02 )
702              	( -3.9680454975e+00 1.4561508462e+00 -1.1055434153e-01 )	( -3.9640311764e+00 1.4594485443e+00 -7.5818461859e-02 )	( -4.0143210870e-03 -3.2976980836e-03 -3.4735879673e-02 )
703              	( -3.9681415691e+00 1.4561746349e+00 -1.1054586319e-01 )	( -3.9641277546e+00 1.4594729164e+00 -7.5806703670e-02 )	( -4.0138145230e-03 -3.2982815641e-03 -3.4739159521e-02 )
704              	( -3.9682373958e+00 1.4561991300e+00 -1.1053103867e-01 )	( -3.9642227729e+00 1.4594968627e+00 -7.5794957913e-02 )	( -4.0146229120e-03 -3.2977327570e-03 -3.4736080753e-02 )
705              	( -3.9683317335e+00 1.4562224352e+00 -1.1052274522e-01 )	( -3.9643176183e+00 1.4595207507e+00 -7.5783385782e-02 )	( -4.0141152773e-03 -3.2983155172e-03 -3.4739359434e-02 )
706              	( -3.9684257332e+00 1.4562463787e+00 -1.1050836100e-01 )	( -3.9644108636e+00 1.4595441957e+00 -7.5771818770e-02 )	( -4.0148696199e-03 -3.2978169985e-03 -3.4736542233e-02 )
707              	( -3.9685182726e+00 1.4562692085e+00 -1.1050031728e-01 )	( -3.9645039176e+00 1.4595676131e+00 -7.5760468732e-02 )	( -4.0143550073e-03 -3.2984046844e-03 -3.4739848546e-02 )
708              	( -3.9686105708e+00 1.4562927216e+00 -1.1048589637e-01 )	( -3.9645954149e+00 1.4595905803e+00 -7.5749105767e-02 )	( -4.0151559053e-03 -3.2978587459e-03 -3.4736790605e-02 )
709              	( -3.9687013890e+00 1.4563150471e+00 -1.1047794126e-01 )	( -3.9646867365e+00 1.4596134808e+00 -7.5737907717e-02 )	( -4.0146525063e-03 -3.2984336928e-03 -3.4740033546e-02 )
710              	( -3.9687919219e+00 1.4563380518e+00 -1.1046369639e-01 )	( -3.9647764715e+00 1.4596359401e+00 -7.5726714996e-02 )	( -4.0154504440e-03 -3.2978883673e-03 -3.4736981393e-02 )
711              	( -3.9688809678e+00 1.4563598748e+00 -1.1045591793e-01 )	( -3.9648660221e+00 1.4596583375e+00 -7.5715694984e-02 )	( -4.0149457144e-03 -3.2984626969e-03 -3.4740222947e-02 )
712              	( -3.9689696770e+00 1.4563823219e+00 -1.1044210569e-01 )	( -3.9649539875e+00 1.4596802895e+00 -7.5704674600e-02 )	( -4.0156895505e-03 -3.2979676025e-03 -3.4737431086e-02 )
713              	( -3.9690569188e+00 1.4564036643e+00 -1.1043457265e-01 )	( -3.9650417411e+00 1.4597022112e+00 -7.5693873128e-02 )	( -4.0151777247e-03 -3.2985468826e-03 -3.4740699525e-02 )
714              	( -3.9691439161e+00 1.4564256770e+00 -1.1042072083e-01 )	( -3.9651279481e+00 1.4597236814e+00 -7.5683054157e-02 )	( -4.0159679644e-03 -3.2980044189e-03 -3.4737666673e-02 )
715              	( -3.9692294570e+00 1.4564465199e+00 -1.1041326975e-01 )	( -3.9652139899e+00 1.4597450910e+00 -7.5672397862e-02 )	( -4.0154671242e-03 -3.2985710774e-03 -3.4740871887e-02 )
716              	( -3.9693147279e+00 1.4564680349e+00 -1.1039958806e-01 )	( -3.9652984736e+00 1.4597660642e+00 -7.5661743407e-02 )	( -4.0162542584e-03 -3.2980292752e-03 -3.4737844658e-02 )
717              	( -3.9693984770e+00 1.4564883330e+00 -1.1039254480e-01 )	( -3.9653827733e+00 1.4597869752e+00 -7.5651255576e-02 )	( -4.0157037101e-03 -3.2986422177e-03 -3.4741289223e-02 )
718              	( -3.9694819606e+00 1.4565093716e+00 -1.1037912560e-01 )	( -3.9654654813e+00 1.4598074808e+00 -7.5640816178e-02 )	( -4.0164792813e-03 -3.2981092324e-03 -3.4738309424e-02 )
719              	( -3.9695640317e+00 1.4565292522e+00 -1.1037202404e-01 )	( -3.9655480529e+00 1.4598279237e+00 -7.5630528925e-02 )	( -4.0159787956e-03 -3.2986715285e-03 -3.4741495115e-02 )
720              	( -3.9696458281e+00 1.4565497977e+00 -1.1035871230e-01 )	( -3.9656290673e+00 1.4598479276e+00 -7.5620239283e-02 )	( -4.0167607709e-03 -3.2981299124e-03 -3.4738473021e-02 )
721              	( -3.9697261900e+00 1.4565691952e+00 -1.1035177003e-01 )	( -3.9657099292e+00 1.4598678848e+00 -7.5610123246e-02 )	( -4.0162607926e-03 -3.2986896517e-03 -3.4741646782e-02 )
722              	( -3.9698062654e+00 1.4565892567e+00 -1.1033865606e-01 )	( -3.9657892288e+00 1.4598874082e+00 -7.5600011782e-02 )	( -4.0170366970e-03 -3.2981514883e-03 -3.4738644279e-02 )
723              	( -3.9698847807e+00 1.4566081016e+00 -1.1033213678e-01 )	( -3.9658682948e+00 1.4599068600e+00 -7.5590075434e-02 )	( -4.0164858864e-03 -3.2987583640e-03 -3.4742061348e-02 )
724              	( -3.9699631826e+00 1.4566277249e+00 -1.1031927744e-01 )	( -3.9659459327e+00 1.4599259541e+00 -7.5580170373e-02 )	( -4.0172498673e-03 -3.2982292216e-03 -3.4739107068e-02 )
725              	( -3.9700401093e+00 1.4566461832e+00 -1.1031269461e-01 )	( -3.9660233602e+00 1.4599449686e+00 -7.5570429536e-02 )	( -4.0167491498e-03 -3.2987854909e-03 -3.4742265079e-02 )
726              	( -3.9701167658e+00 1.4566652991e+00 -1.1029995033e-01 )	( -3.9660992461e+00 1.4599635467e+00 -7.5560682709e-02 )	( -4.0175196711e-03 -3.2982476535e-03 -3.4739267624e-02 )
727              	( -3.9701920003e+00 1.4566832817e+00 -1.1029352156e-01 )	( -3.9661749809e+00 1.4599820830e+00 -7.5551108509e-02 )	( -4.0170194692e-03 -3.2988013341e-03 -3.4742413050e-02 )
728              	( -3.9702669632e+00 1.4567019230e+00 -1.1028096916e-01 )	( -3.9662491793e+00 1.4600001899e+00 -7.5541534769e-02 )	( -4.0177839286e-03 -3.2982668822e-03 -3.4739434390e-02 )
729              	( -3.9703404875e+00 1.4567193912e+00 -1.1027503358e-01 )	( -3.9663232546e+00 1.4600182589e+00 -7.5532210422e-02 )	( -4.0172329641e-03 -3.2988676928e-03 -3.4742823159e-02 )
730              	( -3.9704136651e+00 1.4567375735e+00 -1.1026325612e-01 )	( -3.9663956791e+00 1.4600359158e+00 -7.5523360925e-02 )	( -4.0179860842e-03 -3.2983422463e-03 -3.4739895192e-02 )
731              	( -3.9704854718e+00 1.4567546331e+00 -1.1025767193e-01 )	( -3.9664679855e+00 1.4600535256e+00 -7.5514642769e-02 )	( -4.0174862622e-03 -3.2988925026e-03 -3.4743029166e-02 )
732              	( -3.9705569368e+00 1.4567723333e+00 -1.1024597483e-01 )	( -3.9665386894e+00 1.4600706916e+00 -7.5505913751e-02 )	( -4.0182473919e-03 -3.2983583725e-03 -3.4740061074e-02 )
733              	( -3.9706270018e+00 1.4567889152e+00 -1.1024052447e-01 )	( -3.9666092520e+00 1.4600878213e+00 -7.5497339427e-02 )	( -4.0177497862e-03 -3.2989061091e-03 -3.4743185042e-02 )
734              	( -3.9706967804e+00 1.4568061425e+00 -1.1022899600e-01 )	( -3.9666782738e+00 1.4601045179e+00 -7.5488758227e-02 )	( -4.0185066088e-03 -3.2983753955e-03 -3.4740237775e-02 )
735              	( -3.9707652792e+00 1.4568222431e+00 -1.1022391326e-01 )	( -3.9667473193e+00 1.4601212135e+00 -7.5480306687e-02 )	( -4.0179599532e-03 -3.2989703343e-03 -3.4743606571e-02 )
736              	( -3.9708333843e+00 1.4568390213e+00 -1.1021261490e-01 )	( -3.9668146779e+00 1.4601374700e+00 -7.5471906687e-02 )	( -4.0187064175e-03 -3.2984486530e-03 -3.4740708210e-02 )
737              	( -3.9709002090e+00 1.4568547086e+00 -1.1020746610e-01 )	( -3.9668819984e+00 1.4601537018e+00 -7.5463647051e-02 )	( -4.0182105284e-03 -3.2989931139e-03 -3.4743819049e-02 )
738              	( -3.9709667767e+00 1.4568710431e+00 -1.1019625182e-01 )	( -3.9669478127e+00 1.4601695058e+00 -7.5455373679e-02 )	( -4.0189639300e-03 -3.2984627765e-03 -3.4740878136e-02 )
739              	( -3.9710319492e+00 1.4568862706e+00 -1.1019124807e-01 )	( -3.9670134805e+00 1.4601852754e+00 -7.5447270790e-02 )	( -4.0184686581e-03 -3.2990047929e-03 -3.4743977281e-02 )
740              	( -3.9710968602e+00 1.4569021468e+00 -1.1018021775e-01 )	( -3.9670776442e+00 1.4602006247e+00 -7.5439162245e-02 )	( -4.0192160020e-03 -3.2984779083e-03 -3.4741055501e-02 )
741              	( -3.9711603368e+00 1.4569168728e+00 -1.1017561810e-01 )	( -3.9671416671e+00 1.4602159400e+00 -7.5431219872e-02 )	( -4.0186697232e-03 -3.2990672154e-03 -3.4744398224e-02 )
742              	( -3.9712235725e+00 1.4569323177e+00 -1.1016483913e-01 )	( -3.9672041675e+00 1.4602308671e+00 -7.5423314819e-02 )	( -4.0194049807e-03 -3.2985494058e-03 -3.4741524313e-02 )
743              	( -3.9712854826e+00 1.4569466703e+00 -1.1016017018e-01 )	( -3.9672665744e+00 1.4602457586e+00 -7.5415561628e-02 )	( -4.0189082401e-03 -3.2990883202e-03 -3.4744608548e-02 )
744              	( -3.9713471425e+00 1.4569616666e+00 -1.1014948783e-01 )	( -3.9673274929e+00 1.4602602285e+00 -7.5407796312e-02 )	( -4.0196496536e-03 -3.2985619013e-03 -3.4741691515e-02 )
745              	( -3.9714074452e+00 1.4569755785e+00 -1.1014496708e-01 )	( -3.9673882922e+00 1.4602746770e+00 -7.5400203197e-02 )	( -4.0191529985e-03 -3.2990984595e-03 -3.4744763879e-02 )
746              	( -3.9714674928e+00 1.4569901353e+00 -1.1013446920e-01 )	( -3.9674476047e+00 1.4602887108e+00 -7.5392603543e-02 )	( -4.0198881183e-03 -3.2985755362e-03 -3.4741865659e-02 )
747              	( -3.9715261439e+00 1.4570035641e+00 -1.1013035408e-01 )	( -3.9675068035e+00 1.4603027235e+00 -7.5385172590e-02 )	( -4.0193403411e-03 -3.2991594682e-03 -3.4745181492e-02 )
748              	( -3.9715846067e+00 1.4570177225e+00 -1.1012010572e-01 )	( -3.9675645432e+00 1.4603163681e+00 -7.5377774978e-02 )	( -4.0200634696e-03 -3.2986456570e-03 -3.4742330743e-02 )
749              	( -3.9716416244e+00 1.4570307652e+00 -1.1011593465e-01 )	( -3.9676220592e+00 1.4603299444e+00 -7.5370546776e-02 )	( -4.0195651732e-03 -3.2991792849e-03 -3.4745387874e-02 )
750              	( -3.9716986379e+00 1.4570445130e+00 -1.1010576273e-01 )	( -3.9676783434e+00 1.4603431699e+00 -7.5363269101e-02 )	( -4.0202944579e-03 -3.2986568986e-03 -3.4742493632e-02 )
751              	( -3.9717541170e+00 1.4570571436e+00 -1.1010174312e-01 )	( -3.9677343207e+00 1.4603563319e+00 -7.5356204508e-02 )	( -4.0197962798e-03 -3.2991882467e-03 -3.4745538613e-02 )
752              	( -3.9718094251e+00 1.4570704385e+00 -1.1009178495e-01 )	( -3.9677889059e+00 1.4603691078e+00 -7.5349122260e-02 )	( -4.0205191790e-03 -3.2986693944e-03 -3.4742662686e-02 )
753              	( -3.9718633767e+00 1.4570826261e+00 -1.1008815688e-01 )	( -3.9678434070e+00 1.4603818743e+00 -7.5342205845e-02 )	( -4.0199696954e-03 -3.2992481887e-03 -3.4745951035e-02 )
754              	( -3.9719171227e+00 1.4570955336e+00 -1.1007844985e-01 )	( -3.9678964423e+00 1.4603942720e+00 -7.5335327530e-02 )	( -4.0206804255e-03 -3.2987384799e-03 -3.4743122319e-02 )
755              	( -3.9719696099e+00 1.4571073910e+00 -1.1007475588e-01 )	( -3.9679494296e+00 1.4604066580e+00 -7.5328603909e-02 )	( -4.0201803438e-03 -3.2992670382e-03 -3.4746151967e-02 )
756              	( -3.9720219210e+00 1.4571199039e+00 -1.1006514188e-01 )	( -3.9680010238e+00 1.4604186527e+00 -7.5321862464e-02 )	( -4.0208972578e-03 -3.2987487817e-03 -3.4743279417e-02 )
757              	( -3.9720728385e+00 1.4571313451e+00 -1.1006160564e-01 )	( -3.9680524414e+00 1.4604306202e+00 -7.5315308727e-02 )	( -4.0203970883e-03 -3.2992751327e-03 -3.4746296911e-02 )
758              	( -3.9721236908e+00 1.4571434760e+00 -1.1005217121e-01 )	( -3.9681025832e+00 1.4604422364e+00 -7.5308728646e-02 )	( -4.0211075915e-03 -3.2987604266e-03 -3.4743442567e-02 )
759              	( -3.9721731298e+00 1.4571545366e+00 -1.1004880981e-01 )	( -3.9681525255e+00 1.4604538241e+00 -7.5302346774e-02 )	( -4.0206042819e-03 -3.2992875240e-03 -3.4746463039e-02 )
760              	( -3.9722224612e+00 1.4571662353e+00 -1.1003980141e-01 )	( -3.9682012014e+00 1.4604650588e+00 -7.5295932166e-02 )	( -4.0212598146e-03 -3.2988235485e-03 -3.4743869246e-02 )
761              	( -3.9722704457e+00 1.4571769533e+00 -1.1003667270e-01 )	( -3.9682496973e+00 1.4604763096e+00 -7.5289754972e-02 )	( -4.0207483982e-03 -3.2993562792e-03 -3.4746917726e-02 )
762              	( -3.9723183189e+00 1.4571883293e+00 -1.1002762233e-01 )	( -3.9682968691e+00 1.4604871744e+00 -7.5283541165e-02 )	( -4.0214498371e-03 -3.2988451033e-03 -3.4744081163e-02 )
763              	( -3.9723649633e+00 1.4571986901e+00 -1.1002456396e-01 )	( -3.9683440148e+00 1.4604980558e+00 -7.5277497314e-02 )	( -4.0209484952e-03 -3.2993657502e-03 -3.4747066642e-02 )
764              	( -3.9724114289e+00 1.4572097009e+00 -1.1001567685e-01 )	( -3.9683897826e+00 1.4605085563e+00 -7.5271442684e-02 )	( -4.0216463534e-03 -3.2988554242e-03 -3.4744234169e-02 )
765              	( -3.9724566420e+00 1.4572196990e+00 -1.1001278833e-01 )	( -3.9684354995e+00 1.4605190752e+00 -7.5265569229e-02 )	( -4.0211425133e-03 -3.2993761697e-03 -3.4747219100e-02 )
766              	( -3.9725017308e+00 1.4572303235e+00 -1.1000431409e-01 )	( -3.9684799453e+00 1.4605292400e+00 -7.5259667638e-02 )	( -4.0217855579e-03 -3.2989164628e-03 -3.4744646449e-02 )
767              	( -3.9725455060e+00 1.4572399905e+00 -1.1000166594e-01 )	( -3.9685242326e+00 1.4605394335e+00 -7.5254005919e-02 )	( -4.0212734480e-03 -3.2994430062e-03 -3.4747660022e-02 )
768              	( -3.9725892910e+00 1.4572503424e+00 -1.0999313873e-01 )	( -3.9685673288e+00 1.4605492787e+00 -7.5248293384e-02 )	( -4.0219622853e-03 -3.2989362698e-03 -3.4744845341e-02 )
769              	( -3.9726317803e+00 1.4572596745e+00 -1.0999056564e-01 )	( -3.9686103203e+00 1.4605591254e+00 -7.5242768681e-02 )	( -4.0214600720e-03 -3.2994509755e-03 -3.4747796960e-02 )
770              	( -3.9726742544e+00 1.4572696969e+00 -1.0998220004e-01 )	( -3.9686521092e+00 1.4605686422e+00 -7.5237212971e-02 )	( -4.0221452079e-03 -3.2989452572e-03 -3.4744987068e-02 )
771              	( -3.9727154459e+00 1.4572787140e+00 -1.0997979189e-01 )	( -3.9686938055e+00 1.4605781742e+00 -7.5231852864e-02 )	( -4.0216403740e-03 -3.2994602695e-03 -3.4747939023e-02 )
772              	( -3.9727566273e+00 1.4572884216e+00 -1.0997161341e-01 )	( -3.9687343085e+00 1.4605873801e+00 -7.5226464326e-02 )	( -4.0223187651e-03 -3.2989585325e-03 -3.4745149083e-02 )
773              	( -3.9727965039e+00 1.4572970820e+00 -1.0996960786e-01 )	( -3.9687747412e+00 1.4605966031e+00 -7.5221263923e-02 )	( -4.0217627017e-03 -3.2995210589e-03 -3.4748343937e-02 )
774              	( -3.9728363966e+00 1.4573065049e+00 -1.0996167683e-01 )	( -3.9688139672e+00 1.4606055331e+00 -7.5216077825e-02 )	( -4.0224293438e-03 -3.2990281799e-03 -3.4745599010e-02 )
775              	( -3.9728750936e+00 1.4573149379e+00 -1.0995959643e-01 )	( -3.9688531707e+00 1.4606144782e+00 -7.5211062645e-02 )	( -4.0219229199e-03 -3.2995403343e-03 -3.4748533786e-02 )
776              	( -3.9729137853e+00 1.4573240539e+00 -1.0995175498e-01 )	( -3.9688911892e+00 1.4606230925e+00 -7.5206012118e-02 )	( -4.0225960708e-03 -3.2990385951e-03 -3.4745742861e-02 )
777              	( -3.9729513403e+00 1.4573322125e+00 -1.0994980585e-01 )	( -3.9689292505e+00 1.4606317610e+00 -7.5201141362e-02 )	( -4.0220898175e-03 -3.2995484375e-03 -3.4748664492e-02 )
778              	( -3.9729888146e+00 1.4573410368e+00 -1.0994214420e-01 )	( -3.9689660576e+00 1.4606400868e+00 -7.5196254268e-02 )	( -4.0227570371e-03 -3.2990500028e-03 -3.4745889936e-02 )
779              	( -3.9730252017e+00 1.4573489232e+00 -1.0994035802e-01 )	( -3.9690029539e+00 1.4606484837e+00 -7.5191544121e-02 )	( -4.0222478502e-03 -3.2995605642e-03 -3.4748813899e-02 )
780              	( -3.9730614759e+00 1.4573574254e+00 -1.0993310820e-01 )	( -3.9690386154e+00 1.4606565381e+00 -7.5186809727e-02 )	( -4.0228604713e-03 -3.2991126727e-03 -3.4746298478e-02 )
781              	( -3.9730966994e+00 1.4573650708e+00 -1.0993154697e-01 )	( -3.9690743561e+00 1.4606646997e+00 -7.5182296787e-02 )	( -4.0223432690e-03 -3.2996288958e-03 -3.4749250187e-02 )
782              	( -3.9731319125e+00 1.4573733822e+00 -1.0992423517e-01 )	( -3.9691089104e+00 1.4606725159e+00 -7.5177744148e-02 )	( -4.0230021468e-03 -3.2991336777e-03 -3.4746491019e-02 )
783              	( -3.9731660901e+00 1.4573807717e+00 -1.0992273375e-01 )	( -3.9691435949e+00 1.4606804095e+00 -7.5173354091e-02 )	( -4.0224952009e-03 -3.2996378848e-03 -3.4749379660e-02 )
784              	( -3.9732002335e+00 1.4573888302e+00 -1.0991556399e-01 )	( -3.9691770827e+00 1.4606879736e+00 -7.5168940278e-02 )	( -4.0231508510e-03 -3.2991434157e-03 -3.4746623708e-02 )
785              	( -3.9732333497e+00 1.4573959785e+00 -1.0991421287e-01 )	( -3.9692107081e+00 1.4606956263e+00 -7.5164700993e-02 )	( -4.0226416116e-03 -3.2996478085e-03 -3.4749511878e-02 )
786              	( -3.9732664483e+00 1.4574038006e+00 -1.0990721419e-01 )	( -3.9692431574e+00 1.4607029577e+00 -7.5160439532e-02 )	( -4.0232909469e-03 -3.2991571152e-03 -3.4746774662e-02 )
787              	( -3.9732984942e+00 1.4574106704e+00 -1.0990625021e-01 )	( -3.9692757634e+00 1.4607103793e+00 -7.5156344981e-02 )	( -4.0227307647e-03 -3.2997089553e-03 -3.4749905226e-02 )
788              	( -3.9733305561e+00 1.4574182877e+00 -1.0989948171e-01 )	( -3.9693071874e+00 1.4607175146e+00 -7.5152269616e-02 )	( -4.0233687399e-03 -3.2992269675e-03 -3.4747212091e-02 )
789              	( -3.9733616740e+00 1.4574250090e+00 -1.0989842593e-01 )	( -3.9693388156e+00 1.4607247374e+00 -7.5148343576e-02 )	( -4.0228584430e-03 -3.2997284224e-03 -3.4750082352e-02 )
790              	( -3.9733928179e+00 1.4574324067e+00 -1.0989172557e-01 )	( -3.9693693146e+00 1.4607316442e+00 -7.5144383098e-02 )	( -4.0235033441e-03 -3.2992374575e-03 -3.4747342469e-02 )
791              	( -3.9734229980e+00 1.4574389184e+00 -1.0989078964e-01 )	( -3.9694000046e+00 1.4607386550e+00 -7.5140590183e-02 )	( -4.0229934397e-03 -3.2997366123e-03 -3.4750199453e-02 )
792              	( -3.9734532087e+00 1.4574461101e+00 -1.0988424406e-01 )	( -3.9694295760e+00 1.4607453589e+00 -7.5136768699e-02 )	( -4.0236327386e-03 -3.2992488571e-03 -3.4747475359e-02 )
793              	( -3.9734824768e+00 1.4574524267e+00 -1.0988345130e-01 )	( -3.9694593566e+00 1.4607521754e+00 -7.5133116621e-02 )	( -4.0231201267e-03 -3.2997487562e-03 -3.4750334683e-02 )
794              	( -3.9735117898e+00 1.4574594271e+00 -1.0987706474e-01 )	( -3.9694880365e+00 1.4607586918e+00 -7.5129435861e-02 )	( -4.0237533638e-03 -3.2992647021e-03 -3.4747628878e-02 )
795              	( -3.9735401278e+00 1.4574655094e+00 -1.0987664509e-01 )	( -3.9695169376e+00 1.4607653213e+00 -7.5125915680e-02 )	( -4.0231901941e-03 -3.2998118465e-03 -3.4750729407e-02 )
796              	( -3.9735685491e+00 1.4574723494e+00 -1.0987047060e-01 )	( -3.9695447365e+00 1.4607716856e+00 -7.5122404661e-02 )	( -4.0238125615e-03 -3.2993362017e-03 -3.4748065940e-02 )
797              	( -3.9735961096e+00 1.4574783269e+00 -1.0986994056e-01 )	( -3.9695728099e+00 1.4607781596e+00 -7.5119035879e-02 )	( -4.0232997105e-03 -3.2998327221e-03 -3.4750904682e-02 )
798              	( -3.9736237627e+00 1.4574849901e+00 -1.0986381908e-01 )	( -3.9695998332e+00 1.4607843379e+00 -7.5115626221e-02 )	( -4.0239294959e-03 -3.2993478335e-03 -3.4748192857e-02 )
799              	( -3.9736505407e+00 1.4574907997e+00 -1.0986338975e-01 )	( -3.9696271232e+00 1.4607906416e+00 -7.5112372609e-02 )	( -4.0234174671e-03 -3.2998418702e-03 -3.4751017141e-02 )
800              	( -3.9736774181e+00 1.4574972978e+00 -1.0985740096e-01 )	( -3.9696533759e+00 1.4607966578e+00 -7.5109081118e-02 )	( -4.0240421284e-03 -3.2993599890e-03 -3.4748319840e-02 )
801              	( -3.9737034385e+00 1.4575029531e+00 -1.0985709653e-01 )	( -3.9696799108e+00 1.4608028077e+00 -7.5105950924e-02 )	( -4.0235277915e-03 -3.2998546474e-03 -3.4751145609e-02 )
802              	( -3.9737295751e+00 1.4575092999e+00 -1.0985124754e-01 )	( -3.9697054283e+00 1.4608086762e+00 -7.5102781877e-02 )	( -4.0241468196e-03 -3.2993763189e-03 -3.4748465658e-02 )
803              	( -3.9737548255e+00 1.4575147596e+00 -1.0985129740e-01 )	( -3.9697312432e+00 1.4608146778e+00 -7.5099765274e-02 )	( -4.0235822673e-03 -3.2999181405e-03 -3.4751532129e-02 )
804              	( -3.9737802216e+00 1.4575209829e+00 -1.0984564471e-01 )	( -3.9697560308e+00 1.4608204310e+00 -7.5096750732e-02 )	( -4.0241907966e-03 -3.2994481081e-03 -3.4748893978e-02 )
805              	( -3.9738048374e+00 1.4575263741e+00 -1.0984556913e-01 )	( -3.9697811606e+00 1.4608263133e+00 -7.5093870596e-02 )	( -4.0236768425e-03 -3.2999392606e-03 -3.4751698532e-02 )
806              	( -3.9738296064e+00 1.4575324566e+00 -1.0983995027e-01 )	( -3.9698053133e+00 1.4608319165e+00 -7.5090938557e-02 )	( -4.0242930901e-03 -3.2994598968e-03 -3.4749011712e-02 )
807              	( -3.9738535740e+00 1.4575377155e+00 -1.0983996044e-01 )	( -3.9698297938e+00 1.4608376641e+00 -7.5088158619e-02 )	( -4.0237801616e-03 -3.2999485358e-03 -3.4751801820e-02 )
808              	( -3.9738776980e+00 1.4575436685e+00 -1.0983446143e-01 )	( -3.9698533065e+00 1.4608431406e+00 -7.5085332071e-02 )	( -4.0243915152e-03 -3.2994721073e-03 -3.4749129363e-02 )
809              	( -3.9739010408e+00 1.4575488077e+00 -1.0983457996e-01 )	( -3.9698771643e+00 1.4608487691e+00 -7.5082658869e-02 )	( -4.0238764392e-03 -3.2999613507e-03 -3.4751921094e-02 )
810              	( -3.9739245575e+00 1.4575546437e+00 -1.0982920369e-01 )	( -3.9699000752e+00 1.4608541321e+00 -7.5079937775e-02 )	( -4.0244823752e-03 -3.2994884129e-03 -3.4749265916e-02 )
811              	( -3.9739473142e+00 1.4575596745e+00 -1.0982942691e-01 )	( -3.9699233488e+00 1.4608596526e+00 -7.5077368622e-02 )	( -4.0239654112e-03 -3.2999780576e-03 -3.4752058285e-02 )
812              	( -3.9739702109e+00 1.4575653503e+00 -1.0982439971e-01 )	( -3.9699456926e+00 1.4608649052e+00 -7.5074741334e-02 )	( -4.0245182885e-03 -3.2995549092e-03 -3.4749658372e-02 )
813              	( -3.9739923813e+00 1.4575702986e+00 -1.0982478243e-01 )	( -3.9699683867e+00 1.4608703483e+00 -7.5072306705e-02 )	( -4.0239946133e-03 -3.3000496792e-03 -3.4752475722e-02 )
814              	( -3.9740147913e+00 1.4575759392e+00 -1.0981962327e-01 )	( -3.9699901960e+00 1.4608755177e+00 -7.5069794802e-02 )	( -4.0245952622e-03 -3.2995784965e-03 -3.4749828471e-02 )
815              	( -3.9740364856e+00 1.4575807859e+00 -1.0982000237e-01 )	( -3.9700124026e+00 1.4608808467e+00 -7.5067421758e-02 )	( -4.0240830480e-03 -3.3000608265e-03 -3.4752580611e-02 )
816              	( -3.9740583902e+00 1.4575863257e+00 -1.0981492222e-01 )	( -3.9700337084e+00 1.4608859155e+00 -7.5064988498e-02 )	( -4.0246818573e-03 -3.2995898188e-03 -3.4749933726e-02 )
817              	( -3.9740795842e+00 1.4575910795e+00 -1.0981538383e-01 )	( -3.9700554158e+00 1.4608911516e+00 -7.5062699797e-02 )	( -4.0241684222e-03 -3.3000720526e-03 -3.4752684033e-02 )
818              	( -3.9741010034e+00 1.4575965303e+00 -1.0981040614e-01 )	( -3.9700762412e+00 1.4608961347e+00 -7.5060352400e-02 )	( -4.0247621855e-03 -3.2996043777e-03 -3.4750053738e-02 )
819              	( -3.9741217209e+00 1.4576012012e+00 -1.0981095628e-01 )	( -3.9700974739e+00 1.4609012883e+00 -7.5058150870e-02 )	( -4.0242469826e-03 -3.3000871331e-03 -3.4752805409e-02 )
820              	( -3.9741426818e+00 1.4576065710e+00 -1.0980607836e-01 )	( -3.9701178457e+00 1.4609061936e+00 -7.5055887571e-02 )	( -4.0248360273e-03 -3.2996226123e-03 -3.4750190785e-02 )
821              	( -3.9741629225e+00 1.4576111167e+00 -1.0980693792e-01 )	( -3.9701386511e+00 1.4609112689e+00 -7.5053756003e-02 )	( -4.0242714181e-03 -3.3001522279e-03 -3.4753181916e-02 )
822              	( -3.9741834328e+00 1.4576164313e+00 -1.0980221019e-01 )	( -3.9701585819e+00 1.4609161269e+00 -7.5051602897e-02 )	( -4.0248508741e-03 -3.2996955906e-03 -3.4750607297e-02 )
823              	( -3.9742033123e+00 1.4576209722e+00 -1.0980290207e-01 )	( -3.9701789747e+00 1.4609211465e+00 -7.5049566468e-02 )	( -4.0243375373e-03 -3.3001742963e-03 -3.4753335601e-02 )
824              	( -3.9742234988e+00 1.4576262177e+00 -1.0979816046e-01 )	( -3.9701985733e+00 1.4609259256e+00 -7.5047449544e-02 )	( -4.0249255232e-03 -3.2997079862e-03 -3.4750710919e-02 )
825              	( -3.9742429838e+00 1.4576306845e+00 -1.0979889844e-01 )	( -3.9702185700e+00 1.4609308686e+00 -7.5045474249e-02 )	( -4.0244138482e-03 -3.3001840067e-03 -3.4753424187e-02 )
826              	( -3.9742627877e+00 1.4576358608e+00 -1.0979423458e-01 )	( -3.9702377900e+00 1.4609355812e+00 -7.5043421801e-02 )	( -4.0249976824e-03 -3.2997203634e-03 -3.4750812783e-02 )
827              	( -3.9742819077e+00 1.4576402673e+00 -1.0979503961e-01 )	( -3.9702574233e+00 1.4609404642e+00 -7.5041512234e-02 )	( -4.0244844281e-03 -3.3001968797e-03 -3.4753527373e-02 )
828              	( -3.9743013438e+00 1.4576453799e+00 -1.0979045845e-01 )	( -3.9702762803e+00 1.4609451165e+00 -7.5039526039e-02 )	( -4.0250635159e-03 -3.2997365139e-03 -3.4750932410e-02 )
829              	( -3.9743201519e+00 1.4576497408e+00 -1.0979132453e-01 )	( -3.9702956030e+00 1.4609499542e+00 -7.5037676994e-02 )	( -4.0245489171e-03 -3.3002133659e-03 -3.4753647540e-02 )
830              	( -3.9743392454e+00 1.4576547960e+00 -1.0978682141e-01 )	( -3.9703141216e+00 1.4609545519e+00 -7.5035754550e-02 )	( -4.0251237907e-03 -3.2997558602e-03 -3.4751066861e-02 )
831              	( -3.9743576908e+00 1.4576590560e+00 -1.0978797752e-01 )	( -3.9703331305e+00 1.4609593353e+00 -7.5033957128e-02 )	( -4.0245602217e-03 -3.3002793360e-03 -3.4754020387e-02 )
832              	( -3.9743764463e+00 1.4576640799e+00 -1.0978360492e-01 )	( -3.9703513203e+00 1.4609639093e+00 -7.5032126464e-02 )	( -4.0251260144e-03 -3.2998294444e-03 -3.4751478459e-02 )
833              	( -3.9743946527e+00 1.4576683603e+00 -1.0978457056e-01 )	( -3.9703700385e+00 1.4609686621e+00 -7.5030402251e-02 )	( -4.0246141861e-03 -3.3003018308e-03 -3.4754168312e-02 )
834              	( -3.9744131717e+00 1.4576733306e+00 -1.0978016647e-01 )	( -3.9703879827e+00 1.4609731727e+00 -7.5028591210e-02 )	( -4.0251889981e-03 -3.2998420554e-03 -3.4751575262e-02 )
835              	( -3.9744311107e+00 1.4576775623e+00 -1.0978115309e-01 )	( -3.9704064315e+00 1.4609778739e+00 -7.5026903620e-02 )	( -4.0246792206e-03 -3.3003116296e-03 -3.4754249467e-02 )
836              	( -3.9744493591e+00 1.4576824846e+00 -1.0977680395e-01 )	( -3.9704241088e+00 1.4609823389e+00 -7.5025135066e-02 )	( -4.0252503146e-03 -3.2998543601e-03 -3.4751668887e-02 )
837              	( -3.9744670397e+00 1.4576866754e+00 -1.0977783562e-01 )	( -3.9704423004e+00 1.4609869998e+00 -7.5023491625e-02 )	( -4.0247393030e-03 -3.3003243462e-03 -3.4754343995e-02 )
838              	( -3.9744850390e+00 1.4576915571e+00 -1.0977354567e-01 )	( -3.9704597329e+00 1.4609914273e+00 -7.5021766460e-02 )	( -4.0253060581e-03 -3.2998702292e-03 -3.4751779213e-02 )
839              	( -3.9745024862e+00 1.4576957144e+00 -1.0977462070e-01 )	( -3.9704776922e+00 1.4609960548e+00 -7.5020166130e-02 )	( -4.0247939915e-03 -3.3003404985e-03 -3.4754454568e-02 )
840              	( -3.9745202577e+00 1.4577005607e+00 -1.0977038518e-01 )	( -3.9704949009e+00 1.4610004498e+00 -7.5018481606e-02 )	( -4.0253568583e-03 -3.2998891409e-03 -3.4751903579e-02 )
841              	( -3.9745374896e+00 1.4577046877e+00 -1.0977149762e-01 )	( -3.9705126454e+00 1.4610050470e+00 -7.5016920675e-02 )	( -4.0248442340e-03 -3.3003592544e-03 -3.4754576943e-02 )
842              	( -3.9745550029e+00 1.4577094492e+00 -1.0976754341e-01 )	( -3.9705296473e+00 1.4610094062e+00 -7.5015265678e-02 )	( -4.0253555590e-03 -3.2999569622e-03 -3.4752277730e-02 )
843              	( -3.9745720015e+00 1.4577135660e+00 -1.0976874927e-01 )	( -3.9705471641e+00 1.4610139978e+00 -7.5013775300e-02 )	( -4.0248374363e-03 -3.3004317526e-03 -3.4754973967e-02 )
844              	( -3.9745893733e+00 1.4577183621e+00 -1.0976459686e-01 )	( -3.9705639754e+00 1.4610183429e+00 -7.5012172143e-02 )	( -4.0253978789e-03 -3.2999808619e-03 -3.4752424716e-02 )
845              	( -3.9746062325e+00 1.4577224438e+00 -1.0976573450e-01 )	( -3.9705813402e+00 1.4610228867e+00 -7.5010680187e-02 )	( -4.0248922828e-03 -3.3004428994e-03 -3.4755054308e-02 )
846              	( -3.9746234284e+00 1.4577272036e+00 -1.0976159627e-01 )	( -3.9705979763e+00 1.4610271953e+00 -7.5009092990e-02 )	( -4.0254521068e-03 -3.2999917320e-03 -3.4752503279e-02 )
847              	( -3.9746401088e+00 1.4577312544e+00 -1.0976275362e-01 )	( -3.9706151626e+00 1.4610317079e+00 -7.5007623496e-02 )	( -4.0249462340e-03 -3.3004534669e-03 -3.4755130128e-02 )
848              	( -3.9746571308e+00 1.4577359837e+00 -1.0975865430e-01 )	( -3.9706316287e+00 1.4610359889e+00 -7.5006060291e-02 )	( -4.0255021247e-03 -3.3000052733e-03 -3.4752594010e-02 )
849              	( -3.9746736482e+00 1.4577400098e+00 -1.0975983681e-01 )	( -3.9706486529e+00 1.4610404772e+00 -7.5004615130e-02 )	( -4.0249952997e-03 -3.3004673984e-03 -3.4755221685e-02 )
850              	( -3.9746905138e+00 1.4577447136e+00 -1.0975577525e-01 )	( -3.9706649664e+00 1.4610447356e+00 -7.5003075349e-02 )	( -4.0255474177e-03 -3.3000220625e-03 -3.4752699898e-02 )
851              	( -3.9747068837e+00 1.4577487185e+00 -1.0975697935e-01 )	( -3.9706818436e+00 1.4610492027e+00 -7.5001652768e-02 )	( -4.0250400499e-03 -3.3004842191e-03 -3.4755326577e-02 )
852              	( -3.9747236058e+00 1.4577533992e+00 -1.0975295095e-01 )	( -3.9706980169e+00 1.4610534405e+00 -7.5000134044e-02 )	( -4.0255888847e-03 -3.3000413056e-03 -3.4752816907e-02 )
853              	( -3.9747398391e+00 1.4577573843e+00 -1.0975417185e-01 )	( -3.9707147577e+00 1.4610578874e+00 -7.4998731345e-02 )	( -4.0250814365e-03 -3.3005030834e-03 -3.4755440502e-02 )
854              	( -3.9747564274e+00 1.4577620427e+00 -1.0975017176e-01 )	( -3.9707307999e+00 1.4610621049e+00 -7.4997230746e-02 )	( -4.0256274209e-03 -3.3000622107e-03 -3.4752941011e-02 )
855              	( -3.9747725324e+00 1.4577660083e+00 -1.0975140469e-01 )	( -3.9707474122e+00 1.4610665315e+00 -7.4995844783e-02 )	( -4.0251202572e-03 -3.3005232918e-03 -3.4755559910e-02 )
856              	( -3.9747889448e+00 1.4577705910e+00 -1.0974766066e-01 )	( -3.9707633292e+00 1.4610707219e+00 -7.4994351275e-02 )	( -4.0256155680e-03 -3.3001309211e-03 -3.4753309383e-02 )
857              	( -3.9748048943e+00 1.4577745539e+00 -1.0974896300e-01 )	( -3.9707797907e+00 1.4610751502e+00 -7.4993013726e-02 )	( -4.0251035741e-03 -3.3005962972e-03 -3.4755949275e-02 )
858              	( -3.9748212390e+00 1.4577791780e+00 -1.0974499714e-01 )	( -3.9707955903e+00 1.4610793329e+00 -7.4991550452e-02 )	( -4.0256487034e-03 -3.3001549171e-03 -3.4753446691e-02 )
859              	( -3.9748371188e+00 1.4577831115e+00 -1.0974620906e-01 )	( -3.9708119691e+00 1.4610837188e+00 -7.4990190346e-02 )	( -4.0251497656e-03 -3.3006072836e-03 -3.4756018710e-02 )
860              	( -3.9748533548e+00 1.4577877046e+00 -1.0974223580e-01 )	( -3.9708276600e+00 1.4610878699e+00 -7.4988722935e-02 )	( -4.0256948607e-03 -3.3001653183e-03 -3.4753512866e-02 )
861              	( -3.9748691180e+00 1.4577916111e+00 -1.0974344701e-01 )	( -3.9708439219e+00 1.4610922283e+00 -7.4987365627e-02 )	( -4.0251960750e-03 -3.3006172132e-03 -3.4756081382e-02 )
862              	( -3.9748852410e+00 1.4577961779e+00 -1.0973949323e-01 )	( -3.9708595033e+00 1.4610963558e+00 -7.4985903878e-02 )	( -4.0257377385e-03 -3.3001779859e-03 -3.4753589353e-02 )
863              	( -3.9749008981e+00 1.4578000628e+00 -1.0974071139e-01 )	( -3.9708756597e+00 1.4611006929e+00 -7.4984553143e-02 )	( -4.0252383621e-03 -3.3006301596e-03 -3.4756158243e-02 )
864              	( -3.9749169279e+00 1.4578046097e+00 -1.0973677671e-01 )	( -3.9708911511e+00 1.4611048033e+00 -7.4983097010e-02 )	( -4.0257767150e-03 -3.3001936006e-03 -3.4753679700e-02 )
865              	( -3.9749324673e+00 1.4578084692e+00 -1.0973800206e-01 )	( -3.9709071902e+00 1.4611091150e+00 -7.4981754718e-02 )	( -4.0252771030e-03 -3.3006457327e-03 -3.4756247337e-02 )
866              	( -3.9749484120e+00 1.4578129975e+00 -1.0973408251e-01 )	( -3.9709225994e+00 1.4611132089e+00 -7.4980302254e-02 )	( -4.0258125645e-03 -3.3002114378e-03 -3.4753780259e-02 )
867              	( -3.9749638594e+00 1.4578168379e+00 -1.0973530947e-01 )	( -3.9709385463e+00 1.4611175010e+00 -7.4978964755e-02 )	( -4.0253131465e-03 -3.3006631409e-03 -3.4756344710e-02 )
868              	( -3.9749797097e+00 1.4578213431e+00 -1.0973140276e-01 )	( -3.9709538635e+00 1.4611215739e+00 -7.4977515481e-02 )	( -4.0258461290e-03 -3.3002307501e-03 -3.4753887279e-02 )
869              	( -3.9749950667e+00 1.4578251630e+00 -1.0973262766e-01 )	( -3.9709697194e+00 1.4611258447e+00 -7.4976180624e-02 )	( -4.0253472480e-03 -3.3006817237e-03 -3.4756447033e-02 )
870              	( -3.9750108243e+00 1.4578296440e+00 -1.0972873042e-01 )	( -3.9709849463e+00 1.4611298950e+00 -7.4974732505e-02 )	( -4.0258780531e-03 -3.3002509730e-03 -3.4753997919e-02 )
871              	( -3.9750260913e+00 1.4578334417e+00 -1.0972994980e-01 )	( -3.9710007114e+00 1.4611341427e+00 -7.4973397861e-02 )	( -4.0253799490e-03 -3.3007010091e-03 -3.4756551936e-02 )
872              	( -3.9750417599e+00 1.4578378974e+00 -1.0972605870e-01 )	( -3.9710158511e+00 1.4611381691e+00 -7.4971948465e-02 )	( -4.0259087985e-03 -3.3002717167e-03 -3.4754110237e-02 )
873              	( -3.9750569323e+00 1.4578416701e+00 -1.0972727060e-01 )	( -3.9710315206e+00 1.4611423908e+00 -7.4970612781e-02 )	( -4.0254116361e-03 -3.3007206775e-03 -3.4756657824e-02 )
874              	( -3.9750724616e+00 1.4578460462e+00 -1.0972361620e-01 )	( -3.9710465711e+00 1.4611463856e+00 -7.4969153089e-02 )	( -4.0258905230e-03 -3.3003394558e-03 -3.4754463107e-02 )
875              	( -3.9750875244e+00 1.4578498149e+00 -1.0972487833e-01 )	( -3.9710621353e+00 1.4611506074e+00 -7.4967847691e-02 )	( -4.0253890625e-03 -3.3007924621e-03 -3.4757030641e-02 )
876              	( -3.9751029943e+00 1.4578542218e+00 -1.0972098879e-01 )	( -3.9710770759e+00 1.4611545838e+00 -7.4966406300e-02 )	( -4.0259183368e-03 -3.3003619207e-03 -3.4754582493e-02 )
877              	( -3.9751180275e+00 1.4578579599e+00 -1.0972214418e-01 )	( -3.9710925972e+00 1.4611587617e+00 -7.4965062598e-02 )	( -4.0254303236e-03 -3.3008017561e-03 -3.4757081581e-02 )
878              	( -3.9751334167e+00 1.4578623319e+00 -1.0971823304e-01 )	( -3.9711074567e+00 1.4611627022e+00 -7.4963603880e-02 )	( -4.0259600542e-03 -3.3003703819e-03 -3.4754629162e-02 )
879              	( -3.9751483592e+00 1.4578660390e+00 -1.0971937567e-01 )	( -3.9711228867e+00 1.4611668487e+00 -7.4962251205e-02 )	( -4.0254725277e-03 -3.3008096393e-03 -3.4757124462e-02 )
880              	( -3.9751636646e+00 1.4578703823e+00 -1.0971547112e-01 )	( -3.9711376653e+00 1.4611707631e+00 -7.4960786036e-02 )	( -4.0259992771e-03 -3.3003808014e-03 -3.4754685083e-02 )
881              	( -3.9751785036e+00 1.4578740582e+00 -1.0971661213e-01 )	( -3.9711529922e+00 1.4611748784e+00 -7.4959431469e-02 )	( -4.0255114377e-03 -3.3008202694e-03 -3.4757180659e-02 )
882              	( -3.9751937318e+00 1.4578783758e+00 -1.0971271519e-01 )	( -3.9711676965e+00 1.4611787697e+00 -7.4957961001e-02 )	( -4.0260352378e-03 -3.3003939305e-03 -3.4754754185e-02 )
883              	( -3.9752084879e+00 1.4578820265e+00 -1.0971385216e-01 )	( -3.9711829405e+00 1.4611828598e+00 -7.4956603592e-02 )	( -4.0255474117e-03 -3.3008333120e-03 -3.4757248567e-02 )
884              	( -3.9752236305e+00 1.4578863160e+00 -1.0970996286e-01 )	( -3.9711975618e+00 1.4611867251e+00 -7.4955129789e-02 )	( -4.0260686843e-03 -3.3004090909e-03 -3.4754833070e-02 )
885              	( -3.9752383023e+00 1.4578899407e+00 -1.0971109322e-01 )	( -3.9712127210e+00 1.4611907887e+00 -7.4953768810e-02 )	( -4.0255812683e-03 -3.3008480191e-03 -3.4757324408e-02 )
886              	( -3.9752533575e+00 1.4578942007e+00 -1.0970720897e-01 )	( -3.9712272572e+00 1.4611946263e+00 -7.4952290809e-02 )	( -4.0261003824e-03 -3.3004255736e-03 -3.4754918165e-02 )
887              	( -3.9752679423e+00 1.4578977975e+00 -1.0970833031e-01 )	( -3.9712423286e+00 1.4611986613e+00 -7.4950925277e-02 )	( -4.0256136843e-03 -3.3008637631e-03 -3.4757405029e-02 )
888              	( -3.9752829069e+00 1.4579020261e+00 -1.0970444886e-01 )	( -3.9712567760e+00 1.4612024690e+00 -7.4949442075e-02 )	( -4.0261309104e-03 -3.3004428435e-03 -3.4755006789e-02 )
889              	( -3.9752974013e+00 1.4579055932e+00 -1.0970555928e-01 )	( -3.9712717562e+00 1.4612064733e+00 -7.4948071079e-02 )	( -4.0256451442e-03 -3.3008800979e-03 -3.4757488200e-02 )
890              	( -3.9753122723e+00 1.4579097886e+00 -1.0970167911e-01 )	( -3.9712861117e+00 1.4612102492e+00 -7.4946581992e-02 )	( -4.0261606693e-03 -3.3004605342e-03 -3.4755097119e-02 )
891              	( -3.9753266738e+00 1.4579133245e+00 -1.0970277755e-01 )	( -3.9713009979e+00 1.4612142213e+00 -7.4945205108e-02 )	( -4.0256759776e-03 -3.3008967248e-03 -3.4757572443e-02 )
892              	( -3.9753414490e+00 1.4579174859e+00 -1.0969889796e-01 )	( -3.9713152591e+00 1.4612179643e+00 -7.4943710000e-02 )	( -4.0261899296e-03 -3.3004784026e-03 -3.4755187960e-02 )
893              	( -3.9753557558e+00 1.4579209899e+00 -1.0969998419e-01 )	( -3.9713300494e+00 1.4612219033e+00 -7.4942327396e-02 )	( -4.0257064075e-03 -3.3009134455e-03 -3.4757656790e-02 )
894              	( -3.9753704337e+00 1.4579251166e+00 -1.0969610520e-01 )	( -3.9713442148e+00 1.4612256129e+00 -7.4940826674e-02 )	( -4.0262188765e-03 -3.3004962863e-03 -3.4755278526e-02 )
895              	( -3.9753846442e+00 1.4579285884e+00 -1.0969717960e-01 )	( -3.9713589077e+00 1.4612295185e+00 -7.4939438998e-02 )	( -4.0257365893e-03 -3.3009301255e-03 -3.4757740601e-02 )
896              	( -3.9753992241e+00 1.4579326805e+00 -1.0969330205e-01 )	( -3.9713729765e+00 1.4612331946e+00 -7.4937933760e-02 )	( -4.0262476409e-03 -3.3005140731e-03 -3.4755368292e-02 )
897              	( -3.9754133426e+00 1.4579361222e+00 -1.0969436565e-01 )	( -3.9713875759e+00 1.4612370689e+00 -7.4936542206e-02 )	( -4.0257666349e-03 -3.3009466705e-03 -3.4757823442e-02 )
898              	( -3.9754278229e+00 1.4579401795e+00 -1.0969048957e-01 )	( -3.9714015466e+00 1.4612407112e+00 -7.4935032678e-02 )	( -4.0262763210e-03 -3.3005316818e-03 -3.4755456891e-02 )
899              	( -3.9754418366e+00 1.4579435859e+00 -1.0969154200e-01 )	( -3.9714160399e+00 1.4612445489e+00 -7.4933636996e-02 )	( -4.0257966300e-03 -3.3009630098e-03 -3.4757905003e-02 )
900              	( -3.9754562125e+00 1.4579476065e+00 -1.0968766785e-01 )	( -3.9714299075e+00 1.4612481556e+00 -7.4932123780e-02 )	( -4.0263049893e-03 -3.3005490517e-03 -3.4755544067e-02 )
901              	( -3.9754701224e+00 1.4579509785e+00 -1.0968870964e-01 )	( -3.9714442957e+00 1.4612519576e+00 -7.4930724570e-02 )	( -4.0258266374e-03 -3.3009790911e-03 -3.4757985067e-02 )
902              	( -3.9754843922e+00 1.4579549621e+00 -1.0968483806e-01 )	( -3.9714580585e+00 1.4612555283e+00 -7.4929208417e-02 )	( -4.0263337032e-03 -3.3005661380e-03 -3.4755629642e-02 )
903              	( -3.9754982032e+00 1.4579583011e+00 -1.0968586913e-01 )	( -3.9714723465e+00 1.4612592959e+00 -7.4927805647e-02 )	( -4.0258567234e-03 -3.3009948760e-03 -3.4758063483e-02 )
904              	( -3.9755123467e+00 1.4579622419e+00 -1.0968200255e-01 )	( -3.9714859841e+00 1.4612628248e+00 -7.4926289072e-02 )	( -4.0263625153e-03 -3.3005829085e-03 -3.4755713481e-02 )
905              	( -3.9755260572e+00 1.4579655473e+00 -1.0968302272e-01 )	( -3.9715001703e+00 1.4612665576e+00 -7.4924882557e-02 )	( -4.0258868933e-03 -3.3010103375e-03 -3.4758140164e-02 )
906              	( -3.9755400876e+00 1.4579694490e+00 -1.0967915953e-01 )	( -3.9715136962e+00 1.4612700483e+00 -7.4923363993e-02 )	( -4.0263914321e-03 -3.3005993396e-03 -3.4755795542e-02 )
907              	( -3.9755536851e+00 1.4579727173e+00 -1.0968017103e-01 )	( -3.9715277679e+00 1.4612737428e+00 -7.4921955964e-02 )	( -4.0259171840e-03 -3.3010254562e-03 -3.4758215066e-02 )
908              	( -3.9755675988e+00 1.4579765791e+00 -1.0967631180e-01 )	( -3.9715411783e+00 1.4612771946e+00 -7.4920436022e-02 )	( -4.0264204878e-03 -3.3006154159e-03 -3.4755875781e-02 )
909              	( -3.9755810799e+00 1.4579798097e+00 -1.0967731527e-01 )	( -3.9715551323e+00 1.4612808499e+00 -7.4919027103e-02 )	( -4.0259476157e-03 -3.3010402195e-03 -3.4758288163e-02 )
910              	( -3.9755948738e+00 1.4579836307e+00 -1.0967346070e-01 )	( -3.9715684241e+00 1.4612842619e+00 -7.4917506514e-02 )	( -4.0264496952e-03 -3.3006311277e-03 -3.4755954190e-02 )
911              	( -3.9756082352e+00 1.4579868227e+00 -1.0967445694e-01 )	( -3.9715822570e+00 1.4612878773e+00 -7.4916097482e-02 )	( -4.0259781973e-03 -3.3010546198e-03 -3.4758359456e-02 )
912              	( -3.9756219058e+00 1.4579906023e+00 -1.0967060783e-01 )	( -3.9715954268e+00 1.4612912487e+00 -7.4914577055e-02 )	( -4.0264790605e-03 -3.3006464692e-03 -3.4756030776e-02 )
913              	( -3.9756351443e+00 1.4579937548e+00 -1.0967159769e-01 )	( -3.9716091353e+00 1.4612948235e+00 -7.4913168732e-02 )	( -4.0260089327e-03 -3.3010686527e-03 -3.4758428961e-02 )
914              	( -3.9756486882e+00 1.4579974922e+00 -1.0966775484e-01 )	( -3.9716221796e+00 1.4612981536e+00 -7.4911649282e-02 )	( -4.0265085858e-03 -3.3006614370e-03 -3.4756105562e-02 )
915              	( -3.9756618002e+00 1.4580006046e+00 -1.0966873922e-01 )	( -3.9716357604e+00 1.4613016870e+00 -7.4910242513e-02 )	( -4.0260398229e-03 -3.3010823157e-03 -3.4758496704e-02 )
916              	( -3.9756752144e+00 1.4580042991e+00 -1.0966490347e-01 )	( -3.9716486761e+00 1.4613049752e+00 -7.4908724889e-02 )	( -4.0265382709e-03 -3.3006760295e-03 -3.4756178577e-02 )
917              	( -3.9756881967e+00 1.4580073708e+00 -1.0966588323e-01 )	( -3.9716621258e+00 1.4613084664e+00 -7.4907320507e-02 )	( -4.0260708665e-03 -3.3010956079e-03 -3.4758562718e-02 )
918              	( -3.9757014772e+00 1.4580110215e+00 -1.0966205540e-01 )	( -3.9716749091e+00 1.4613117117e+00 -7.4905805550e-02 )	( -4.0265681134e-03 -3.3006902464e-03 -3.4756249855e-02 )
919              	( -3.9757143260e+00 1.4580140514e+00 -1.0966303145e-01 )	( -3.9716882239e+00 1.4613151599e+00 -7.4904404415e-02 )	( -4.0261020602e-03 -3.3011085292e-03 -3.4758627039e-02 )
920              	( -3.9757274694e+00 1.4580176576e+00 -1.0965921245e-01 )	( -3.9717008712e+00 1.4613183617e+00 -7.4902893012e-02 )	( -4.0265981088e-03 -3.3007040878e-03 -3.4756319436e-02 )
921              	( -3.9757401811e+00 1.4580206451e+00 -1.0966018571e-01 )	( -3.9717140477e+00 1.4613217662e+00 -7.4901496007e-02 )	( -4.0261333985e-03 -3.3011210803e-03 -3.4758689706e-02 )
922              	( -3.9757531840e+00 1.4580242062e+00 -1.0965637637e-01 )	( -3.9717265557e+00 1.4613249237e+00 -7.4899989007e-02 )	( -4.0266282506e-03 -3.3007175551e-03 -3.4756387361e-02 )
923              	( -3.9757657550e+00 1.4580271504e+00 -1.0965734778e-01 )	( -3.9717395901e+00 1.4613282837e+00 -7.4898597020e-02 )	( -4.0261648739e-03 -3.3011332629e-03 -3.4758750764e-02 )
924              	( -3.9757786138e+00 1.4580306655e+00 -1.0965354906e-01 )	( -3.9717519552e+00 1.4613313962e+00 -7.4897095381e-02 )	( -4.0266585300e-03 -3.3007306507e-03 -3.4756453676e-02 )
925              	( -3.9757910412e+00 1.4580335661e+00 -1.0965451952e-01 )	( -3.9717648448e+00 1.4613347111e+00 -7.4895709256e-02 )	( -4.0261964763e-03 -3.3011450802e-03 -3.4758810260e-02 )
926              	( -3.9758037528e+00 1.4580370346e+00 -1.0965073219e-01 )	( -3.9717770639e+00 1.4613377780e+00 -7.4894213761e-02 )	( -4.0266889357e-03 -3.3007433784e-03 -3.4756518430e-02 )
927              	( -3.9758160332e+00 1.4580398906e+00 -1.0965170253e-01 )	( -3.9717898050e+00 1.4613410472e+00 -7.4892834283e-02 )	( -4.0262281930e-03 -3.3011565368e-03 -3.4758868245e-02 )
928              	( -3.9758285942e+00 1.4580433119e+00 -1.0964792737e-01 )	( -3.9718018747e+00 1.4613440676e+00 -7.4891345695e-02 )	( -4.0267194534e-03 -3.3007557437e-03 -3.4756581675e-02 )
929              	( -3.9758407241e+00 1.4580461225e+00 -1.0964889836e-01 )	( -3.9718144641e+00 1.4613472902e+00 -7.4889973589e-02 )	( -4.0262600085e-03 -3.3011676389e-03 -3.4758924771e-02 )
930              	( -3.9758531309e+00 1.4580494956e+00 -1.0964513607e-01 )	( -3.9718263808e+00 1.4613502634e+00 -7.4888492599e-02 )	( -4.0267500662e-03 -3.3007677540e-03 -3.4756643466e-02 )
931              	( -3.9758651068e+00 1.4580522600e+00 -1.0964610842e-01 )	( -3.9718388148e+00 1.4613534384e+00 -7.4887128520e-02 )	( -4.0262919046e-03 -3.3011783947e-03 -3.4758979896e-02 )
932              	( -3.9758773558e+00 1.4580555840e+00 -1.0964235963e-01 )	( -3.9718505751e+00 1.4613563634e+00 -7.4885655773e-02 )	( -4.0267807548e-03 -3.3007794177e-03 -3.4756703860e-02 )
933              	( -3.9758891744e+00 1.4580583014e+00 -1.0964333402e-01 )	( -3.9718628505e+00 1.4613594903e+00 -7.4884300342e-02 )	( -4.0263238609e-03 -3.3011888131e-03 -3.4759033674e-02 )
934              	( -3.9759012628e+00 1.4580615757e+00 -1.0963959936e-01 )	( -3.9718744513e+00 1.4613623664e+00 -7.4882836451e-02 )	( -4.0268114981e-03 -3.3007907444e-03 -3.4756762913e-02 )
935              	( -3.9759129212e+00 1.4580642455e+00 -1.0964057650e-01 )	( -3.9718865653e+00 1.4613654444e+00 -7.4881490335e-02 )	( -4.0263558565e-03 -3.3011989038e-03 -3.4759086162e-02 )
936              	( -3.9759248461e+00 1.4580674695e+00 -1.0963685668e-01 )	( -3.9718980039e+00 1.4613682712e+00 -7.4880036001e-02 )	( -4.0268422749e-03 -3.3008017437e-03 -3.4756820680e-02 )
937              	( -3.9759363418e+00 1.4580700912e+00 -1.0963783732e-01 )	( -3.9719099539e+00 1.4613712999e+00 -7.4878699905e-02 )	( -4.0263878698e-03 -3.3012086762e-03 -3.4759137413e-02 )
938              	( -3.9759481010e+00 1.4580732647e+00 -1.0963413310e-01 )	( -3.9719212280e+00 1.4613740771e+00 -7.4877255886e-02 )	( -4.0268730638e-03 -3.3008124249e-03 -3.4756877211e-02 )
939              	( -3.9759594319e+00 1.4580758382e+00 -1.0963511811e-01 )	( -3.9719330121e+00 1.4613770564e+00 -7.4875930631e-02 )	( -4.0264198800e-03 -3.3012181392e-03 -3.4759187477e-02 )
940              	( -3.9759710238e+00 1.4580789613e+00 -1.0963143035e-01 )	( -3.9719441200e+00 1.4613797841e+00 -7.4874497794e-02 )	( -4.0269038447e-03 -3.3008227963e-03 -3.4756932556e-02 )
941              	( -3.9759821794e+00 1.4580814846e+00 -1.0963242181e-01 )	( -3.9719557276e+00 1.4613827119e+00 -7.4873185409e-02 )	( -4.0264518453e-03 -3.3012273009e-03 -3.4759236404e-02 )
942              	( -3.9759936196e+00 1.4580845622e+00 -1.0962874923e-01 )	( -3.9719666850e+00 1.4613853951e+00 -7.4871762450e-02 )	( -4.0269345724e-03 -3.3008328649e-03 -3.4756986784e-02 )
943              	( -3.9760046041e+00 1.4580870366e+00 -1.0962974794e-01 )	( -3.9719781203e+00 1.4613882728e+00 -7.4870463680e-02 )	( -4.0264837769e-03 -3.3012361667e-03 -3.4759284256e-02 )
944              	( -3.9760158740e+00 1.4580900647e+00 -1.0962609415e-01 )	( -3.9719889087e+00 1.4613909074e+00 -7.4869054243e-02 )	( -4.0269652751e-03 -3.3008426367e-03 -3.4757039910e-02 )
945              	( -3.9760266903e+00 1.4580924924e+00 -1.0962710053e-01 )	( -3.9720001746e+00 1.4613937372e+00 -7.4867769499e-02 )	( -4.0265156647e-03 -3.3012447429e-03 -3.4759331032e-02 )
946              	( -3.9760377908e+00 1.4580954721e+00 -1.0962346636e-01 )	( -3.9720107949e+00 1.4613963242e+00 -7.4866374404e-02 )	( -4.0269959257e-03 -3.3008521169e-03 -3.4757091952e-02 )
947              	( -3.9760484402e+00 1.4580978542e+00 -1.0962448131e-01 )	( -3.9720218927e+00 1.4613991072e+00 -7.4865104542e-02 )	( -4.0265474832e-03 -3.3012530340e-03 -3.4759376767e-02 )
948              	( -3.9760593718e+00 1.4581007863e+00 -1.0962086776e-01 )	( -3.9720323453e+00 1.4614016476e+00 -7.4863724808e-02 )	( -4.0270265016e-03 -3.3008613100e-03 -3.4757142950e-02 )
949              	( -3.9760698543e+00 1.4581031237e+00 -1.0962189237e-01 )	( -3.9720432751e+00 1.4614043847e+00 -7.4862470875e-02 )	( -4.0265792139e-03 -3.3012610444e-03 -3.4759421500e-02 )
950              	( -3.9760806170e+00 1.4581060091e+00 -1.0961830046e-01 )	( -3.9720535600e+00 1.4614068793e+00 -7.4861107517e-02 )	( -4.0270569868e-03 -3.3008702203e-03 -3.4757192940e-02 )
951              	( -3.9760909326e+00 1.4581083024e+00 -1.0961933571e-01 )	( -3.9720643217e+00 1.4614095712e+00 -7.4859870450e-02 )	( -4.0266108423e-03 -3.3012687785e-03 -3.4759465264e-02 )
952              	( -3.9761015257e+00 1.4581111415e+00 -1.0961576627e-01 )	( -3.9720744383e+00 1.4614120204e+00 -7.4858524317e-02 )	( -4.0270873678e-03 -3.3008788525e-03 -3.4757241956e-02 )
953              	( -3.9761116754e+00 1.4581133917e+00 -1.0961681319e-01 )	( -3.9720850330e+00 1.4614146679e+00 -7.4857305101e-02 )	( -4.0266423546e-03 -3.3012762416e-03 -3.4759508090e-02 )
954              	( -3.9761220918e+00 1.4581161828e+00 -1.0961326742e-01 )	( -3.9720949742e+00 1.4614170700e+00 -7.4855977384e-02 )	( -4.0271176158e-03 -3.3008872128e-03 -3.4757290035e-02 )
955              	( -3.9761320866e+00 1.4581183936e+00 -1.0961432482e-01 )	( -3.9721054129e+00 1.4614196770e+00 -7.4854774790e-02 )	( -4.0266737247e-03 -3.3012834389e-03 -3.4759550027e-02 )
956              	( -3.9761423245e+00 1.4581211367e+00 -1.0961080392e-01 )	( -3.9721151768e+00 1.4614220320e+00 -7.4853466716e-02 )	( -4.0271477380e-03 -3.3008953063e-03 -3.4757337205e-02 )
957              	( -3.9761521499e+00 1.4581233038e+00 -1.0961187390e-01 )	( -3.9721254449e+00 1.4614245942e+00 -7.4852282818e-02 )	( -4.0267049536e-03 -3.3012903782e-03 -3.4759591084e-02 )
958              	( -3.9761622163e+00 1.4581260010e+00 -1.0960837703e-01 )	( -3.9721350386e+00 1.4614269041e+00 -7.4850993533e-02 )	( -4.0271777061e-03 -3.3009031413e-03 -3.4757383500e-02 )
959              	( -3.9761718729e+00 1.4581281243e+00 -1.0960945995e-01 )	( -3.9721451369e+00 1.4614294214e+00 -7.4849828638e-02 )	( -4.0267360126e-03 -3.3012970672e-03 -3.4759631314e-02 )
960              	( -3.9761817684e+00 1.4581307752e+00 -1.0960598738e-01 )	( -3.9721545609e+00 1.4614316859e+00 -7.4848558404e-02 )	( -4.0272075016e-03 -3.3009107261e-03 -3.4757428975e-02 )
961              	( -3.9761912542e+00 1.4581328542e+00 -1.0960708358e-01 )	( -3.9721644873e+00 1.4614341577e+00 -7.4847412811e-02 )	( -4.0267668877e-03 -3.3013035145e-03 -3.4759670773e-02 )
962              	( -3.9762009758e+00 1.4581354582e+00 -1.0960363556e-01 )	( -3.9721737387e+00 1.4614363763e+00 -7.4846161885e-02 )	( -4.0272371106e-03 -3.3009180698e-03 -3.4757473679e-02 )
963              	( -3.9762102887e+00 1.4581374923e+00 -1.0960474522e-01 )	( -3.9721834911e+00 1.4614388021e+00 -7.4845035720e-02 )	( -4.0267975637e-03 -3.3013097297e-03 -3.4759709500e-02 )
964              	( -3.9762198346e+00 1.4581400489e+00 -1.0960132182e-01 )	( -3.9721925681e+00 1.4614409741e+00 -7.4843804175e-02 )	( -4.0272665162e-03 -3.3009251821e-03 -3.4757517647e-02 )
965              	( -3.9762289729e+00 1.4581420376e+00 -1.0960244501e-01 )	( -3.9722021449e+00 1.4614433533e+00 -7.4842697485e-02 )	( -4.0268280218e-03 -3.3013157227e-03 -3.4759747526e-02 )
966              	( -3.9762383419e+00 1.4581445464e+00 -1.0959904627e-01 )	( -3.9722110462e+00 1.4614454784e+00 -7.4841485365e-02 )	( -4.0272956979e-03 -3.3009320734e-03 -3.4757560908e-02 )
967              	( -3.9762473047e+00 1.4581464893e+00 -1.0960018307e-01 )	( -3.9722204464e+00 1.4614478108e+00 -7.4840398187e-02 )	( -4.0268582403e-03 -3.3013215038e-03 -3.4759784882e-02 )
968              	( -3.9762564959e+00 1.4581489499e+00 -1.0959680902e-01 )	( -3.9722291713e+00 1.4614498886e+00 -7.4839205526e-02 )	( -4.0273246332e-03 -3.3009387538e-03 -3.4757603492e-02 )
969              	( -3.9762652827e+00 1.4581508468e+00 -1.0959795949e-01 )	( -3.9722383945e+00 1.4614521739e+00 -7.4838137893e-02 )	( -4.0268881966e-03 -3.3013270831e-03 -3.4759821597e-02 )
970              	( -3.9762742959e+00 1.4581532592e+00 -1.0959461017e-01 )	( -3.9722469426e+00 1.4614542044e+00 -7.4836964739e-02 )	( -4.0273533002e-03 -3.3009452334e-03 -3.4757645430e-02 )
971              	( -3.9762829066e+00 1.4581551101e+00 -1.0959577443e-01 )	( -3.9722559887e+00 1.4614564426e+00 -7.4835916726e-02 )	( -4.0269178699e-03 -3.3013324704e-03 -3.4759857701e-02 )
972              	( -3.9762917420e+00 1.4581574744e+00 -1.0959244991e-01 )	( -3.9722643603e+00 1.4614584259e+00 -7.4834763161e-02 )	( -4.0273816788e-03 -3.3009515219e-03 -3.4757686751e-02 )
973              	( -3.9763001767e+00 1.4581592795e+00 -1.0959362803e-01 )	( -3.9722732295e+00 1.4614606171e+00 -7.4833734804e-02 )	( -4.0269472415e-03 -3.3013376753e-03 -3.4759893221e-02 )
974              	( -3.9763088353e+00 1.4581615961e+00 -1.0959032854e-01 )	( -3.9722814256e+00 1.4614625537e+00 -7.4832601065e-02 )	( -4.0274097517e-03 -3.3009576284e-03 -3.4757727479e-02 )
975              	( -3.9763170946e+00 1.4581633556e+00 -1.0959152060e-01 )	( -3.9722901183e+00 1.4614646983e+00 -7.4831592417e-02 )	( -4.0269762932e-03 -3.3013427067e-03 -3.4759928182e-02 )
976              	( -3.9763255766e+00 1.4581656247e+00 -1.0958824610e-01 )	( -3.9722981391e+00 1.4614665882e+00 -7.4830478462e-02 )	( -4.0274374999e-03 -3.3009635618e-03 -3.4757767640e-02 )
977              	( -3.9763336616e+00 1.4581673392e+00 -1.0958945236e-01 )	( -3.9723066565e+00 1.4614686867e+00 -7.4829489747e-02 )	( -4.0270050079e-03 -3.3013475731e-03 -3.4759962609e-02 )
978              	( -3.9763419680e+00 1.4581695614e+00 -1.0958620300e-01 )	( -3.9723145031e+00 1.4614705307e+00 -7.4828395740e-02 )	( -4.0274649080e-03 -3.3009693305e-03 -3.4757807257e-02 )
979              	( -3.9763498800e+00 1.4581712314e+00 -1.0958742364e-01 )	( -3.9723228467e+00 1.4614725837e+00 -7.4827427118e-02 )	( -4.0270333706e-03 -3.3013522828e-03 -3.4759996521e-02 )
980              	( -3.9763580124e+00 1.4581734074e+00 -1.0958419956e-01 )	( -3.9723305204e+00 1.4614743823e+00 -7.4826353206e-02 )	( -4.0274919615e-03 -3.3009749425e-03 -3.4757846350e-02 )
981              	( -3.9763657528e+00 1.4581750337e+00 -1.0958543475e-01 )	( -3.9723386915e+00 1.4614763906e+00 -7.4825404810e-02 )	( -4.0270613678e-03 -3.3013568435e-03 -3.4760029939e-02 )
982              	( -3.9763737125e+00 1.4581771640e+00 -1.0958223605e-01 )	( -3.9723461938e+00 1.4614781445e+00 -7.4824351114e-02 )	( -4.0275186475e-03 -3.3009804055e-03 -3.4757884938e-02 )
983              	( -3.9763812829e+00 1.4581787473e+00 -1.0958348594e-01 )	( -3.9723541940e+00 1.4614801086e+00 -7.4823423054e-02 )	( -4.0270889868e-03 -3.3013612628e-03 -3.4760062881e-02 )
984              	( -3.9763890715e+00 1.4581808328e+00 -1.0958031274e-01 )	( -3.9723615265e+00 1.4614818185e+00 -7.4822389698e-02 )	( -4.0275449538e-03 -3.3009857268e-03 -3.4757923038e-02 )
985              	( -3.9763964736e+00 1.4581823737e+00 -1.0958157743e-01 )	( -3.9723693573e+00 1.4614837393e+00 -7.4821482063e-02 )	( -4.0271162162e-03 -3.3013655478e-03 -3.4760095366e-02 )
986              	( -3.9764040929e+00 1.4581844151e+00 -1.0957842973e-01 )	( -3.9723765221e+00 1.4614854060e+00 -7.4820469061e-02 )	( -4.0275708692e-03 -3.3009909136e-03 -3.4757960670e-02 )
987              	( -3.9764113285e+00 1.4581859144e+00 -1.0957970929e-01 )	( -3.9723841855e+00 1.4614872841e+00 -7.4819581882e-02 )	( -4.0271430450e-03 -3.3013697057e-03 -3.4760127410e-02 )
988              	( -3.9764187801e+00 1.4581879122e+00 -1.0957658714e-01 )	( -3.9723911837e+00 1.4614889082e+00 -7.4818589286e-02 )	( -4.0275963839e-03 -3.3009959728e-03 -3.4757997849e-02 )
989              	( -3.9764258518e+00 1.4581893709e+00 -1.0957788174e-01 )	( -3.9723986823e+00 1.4614907447e+00 -7.4817722715e-02 )	( -4.0271694642e-03 -3.3013737432e-03 -3.4760159028e-02 )
990              	( -3.9764331372e+00 1.4581913259e+00 -1.0957478504e-01 )	( -3.9724055157e+00 1.4614923268e+00 -7.4816750448e-02 )	( -4.0276214877e-03 -3.3010009111e-03 -3.4758034590e-02 )
991              	( -3.9764400463e+00 1.4581927444e+00 -1.0957609456e-01 )	( -3.9724128508e+00 1.4614941221e+00 -7.4815904319e-02 )	( -4.0271954633e-03 -3.3013776669e-03 -3.4760190238e-02 )
992              	( -3.9764471683e+00 1.4581946575e+00 -1.0957302335e-01 )	( -3.9724195221e+00 1.4614956632e+00 -7.4814952438e-02 )	( -4.0276461714e-03 -3.3010057352e-03 -3.4758070911e-02 )
993              	( -3.9764539167e+00 1.4581960366e+00 -1.0957434777e-01 )	( -3.9724266956e+00 1.4614974180e+00 -7.4814126711e-02 )	( -4.0272210340e-03 -3.3013814833e-03 -3.4760221055e-02 )
994              	( -3.9764608772e+00 1.4581979084e+00 -1.0957130199e-01 )	( -3.9724332068e+00 1.4614989189e+00 -7.4813195158e-02 )	( -4.0276704271e-03 -3.3010104513e-03 -3.4758106827e-02 )
995              	( -3.9764674671e+00 1.4581992488e+00 -1.0957264125e-01 )	( -3.9724402210e+00 1.4615006340e+00 -7.4812389752e-02 )	( -4.0272461688e-03 -3.3013851987e-03 -3.4760251493e-02 )
996              	( -3.9764742648e+00 1.4582010796e+00 -1.0956962213e-01 )	( -3.9724465706e+00 1.4615020947e+00 -7.4811479776e-02 )	( -4.0276942419e-03 -3.3010150660e-03 -3.4758142354e-02 )
997              	( -3.9764807050e+00 1.4582023831e+00 -1.0957097397e-01 )	( -3.9724534342e+00 1.4615037719e+00 -7.4810692392e-02 )	( -4.0272708568e-03 -3.3013888190e-03 -3.4760281575e-02 )
998              	( -3.9764873446e+00 1.4582041740e+00 -1.0956798047e-01 )	( -3.9724596269e+00 1.4615051936e+00 -7.4809802957e-02 )	( -4.0277176178e-03 -3.3010195847e-03 -3.4758177510e-02 )
999              	( -3.9764936298e+00 1.4582054402e+00 -1.0956934731e-01 )	( -3.9724663347e+00 1.4615068325e+00 -7.4809036002e-02 )	( -4.0272950992e-03 -3.3013923502e-03 -3.4760311303e-02 )
1000             	( -3.9765001146e+00 1.4582071922e+00 -1.0956637885e-01 )	( -3.9724723741e+00 1.4615082162e+00 -7.4808166557e-02 )	( -4.0277405494e-03 -3.3010240134e-03 -3.4758212297e-02 )
1001             	( -3.9765062481e+00 1.4582084218e+00 -1.0956776027e-01 )	( -3.9724789292e+00 1.4615098176e+00 -7.4807419586e-02 )	( -4.0273188892e-03 -3.3013957978e-03 -3.4760340686e-02 )
1002             	( -3.9765125810e+00 1.4582101358e+00 -1.0956481660e-01 )	( -3.9724848180e+00 1.4615111641e+00 -7.4806569876e-02 )	( -4.0277630293e-03 -3.3010283575e-03 -3.4758246725e-02 )
1003             	( -3.9765185655e+00 1.4582113298e+00 -1.0956621242e-01 )	( -3.9724912233e+00 1.4615127289e+00 -7.4805842684e-02 )	( -4.0273422208e-03 -3.3013991672e-03 -3.4760369736e-02 )
1004             	( -3.9765247493e+00 1.4582130065e+00 -1.0956329333e-01 )	( -3.9724969642e+00 1.4615140391e+00 -7.4805012517e-02 )	( -4.0277850529e-03 -3.3010326224e-03 -3.4758280808e-02 )
1005             	( -3.9765305874e+00 1.4582141657e+00 -1.0956470337e-01 )	( -3.9725032223e+00 1.4615155681e+00 -7.4804304906e-02 )	( -4.0273650902e-03 -3.3014024637e-03 -3.4760398464e-02 )
1006             	( -3.9765366247e+00 1.4582158060e+00 -1.0956180863e-01 )	( -3.9725088181e+00 1.4615168428e+00 -7.4803494078e-02 )	( -4.0278066171e-03 -3.3010368133e-03 -3.4758314555e-02 )
1007             	( -3.9765423192e+00 1.4582169312e+00 -1.0956323271e-01 )	( -3.9725149317e+00 1.4615183369e+00 -7.4802805833e-02 )	( -4.0273874947e-03 -3.3014056921e-03 -3.4760426880e-02 )
1008             	( -3.9765482128e+00 1.4582185359e+00 -1.0956036209e-01 )	( -3.9725203850e+00 1.4615195768e+00 -7.4802014118e-02 )	( -4.0278277193e-03 -3.3010409349e-03 -3.4758347975e-02 )
1009             	( -3.9765537663e+00 1.4582196279e+00 -1.0956179999e-01 )	( -3.9725263569e+00 1.4615210368e+00 -7.4801344999e-02 )	( -4.0274094322e-03 -3.3014088573e-03 -3.4760454992e-02 )
1010             	( -3.9765595221e+00 1.4582211984e+00 -1.0955895209e-01 )	( -3.9725316737e+00 1.4615222434e+00 -7.4800571016e-02 )	( -4.0278483626e-03 -3.3010449916e-03 -3.4758381074e-02 )
1011             	( -3.9765649321e+00 1.4582222572e+00 -1.0956040540e-01 )	( -3.9725375012e+00 1.4615236691e+00 -7.4799922600e-02 )	( -4.0274309048e-03 -3.3014119636e-03 -3.4760482799e-02 )
1012             	( -3.9765705510e+00 1.4582237940e+00 -1.0955758073e-01 )	( -3.9725426824e+00 1.4615248430e+00 -7.4799166873e-02 )	( -4.0278685384e-03 -3.3010489883e-03 -3.4758413853e-02 )
1013             	( -3.9765758260e+00 1.4582248212e+00 -1.0955904696e-01 )	( -3.9725483741e+00 1.4615262362e+00 -7.4798536638e-02 )	( -4.0274519050e-03 -3.3014150153e-03 -3.4760510317e-02 )
1014             	( -3.9765813140e+00 1.4582263263e+00 -1.0955624532e-01 )	( -3.9725534257e+00 1.4615273792e+00 -7.4797798994e-02 )	( -4.0278882536e-03 -3.3010529287e-03 -3.4758446328e-02 )
1015             	( -3.9765864494e+00 1.4582273205e+00 -1.0955772542e-01 )	( -3.9725589770e+00 1.4615287386e+00 -7.4797187869e-02 )	( -4.0274724396e-03 -3.3014180169e-03 -3.4760537546e-02 )
1016             	( -3.9765918090e+00 1.4582287946e+00 -1.0955494618e-01 )	( -3.9725639015e+00 1.4615298514e+00 -7.4796467679e-02 )	( -4.0279074967e-03 -3.3010568175e-03 -3.4758478503e-02 )
1017             	( -3.9765968156e+00 1.4582297591e+00 -1.0955643905e-01 )	( -3.9725693231e+00 1.4615311801e+00 -7.4795874546e-02 )	( -4.0274925000e-03 -3.3014209717e-03 -3.4760564501e-02 )
1018             	( -3.9766020454e+00 1.4582312017e+00 -1.0955368258e-01 )	( -3.9725741192e+00 1.4615322624e+00 -7.4795172190e-02 )	( -4.0279262750e-03 -3.3010606579e-03 -3.4758510386e-02 )
1019             	( -3.9766069259e+00 1.4582321373e+00 -1.0955518788e-01 )	( -3.9725794138e+00 1.4615335612e+00 -7.4794596693e-02 )	( -4.0275120938e-03 -3.3014238834e-03 -3.4760591182e-02 )
1020             	( -3.9766120290e+00 1.4582335493e+00 -1.0955245379e-01 )	( -3.9725840844e+00 1.4615346137e+00 -7.4793911812e-02 )	( -4.0279445914e-03 -3.3010644534e-03 -3.4758541976e-02 )
1021             	( -3.9766167863e+00 1.4582344568e+00 -1.0955397120e-01 )	( -3.9725892551e+00 1.4615358836e+00 -7.4793353613e-02 )	( -4.0275312227e-03 -3.3014267554e-03 -3.4760617591e-02 )
1022             	( -3.9766217657e+00 1.4582358389e+00 -1.0955125914e-01 )	( -3.9725938032e+00 1.4615369071e+00 -7.4792685857e-02 )	( -4.0279624477e-03 -3.3010682074e-03 -3.4758573278e-02 )
1023             	( -3.9766264028e+00 1.4582367191e+00 -1.0955278834e-01 )	( -3.9725988529e+00 1.4615381487e+00 -7.4792144614e-02 )	( -4.0275498887e-03 -3.3014295908e-03 -3.4760643730e-02 )
1024             	( -3.9766312614e+00 1.4582380723e+00 -1.0955009794e-01 )	( -3.9726032816e+00 1.4615391442e+00 -7.4791493647e-02 )	( -4.0279798463e-03 -3.3010719229e-03 -3.4758604293e-02 )
1025             	( -3.9766357814e+00 1.4582389260e+00 -1.0955163862e-01 )	( -3.9726082133e+00 1.4615403584e+00 -7.4790969018e-02 )	( -4.0275680947e-03 -3.3014323927e-03 -3.4760669603e-02 )
1026             	( -3.9766405222e+00 1.4582402510e+00 -1.0954896951e-01 )	( -3.9726125254e+00 1.4615413266e+00 -7.4790334489e-02 )	( -4.0279967904e-03 -3.3010756028e-03 -3.4758635025e-02 )
1027             	( -3.9766449278e+00 1.4582410789e+00 -1.0955052133e-01 )	( -3.9726173420e+00 1.4615425141e+00 -7.4789826119e-02 )	( -4.0275858441e-03 -3.3014351638e-03 -3.4760695211e-02 )
1028             	( -3.9766495539e+00 1.4582423765e+00 -1.0954787315e-01 )	( -3.9726215406e+00 1.4615434558e+00 -7.4789207672e-02 )	( -4.0280132837e-03 -3.3010792497e-03 -3.4758665475e-02 )
1029             	( -3.9766538484e+00 1.4582431797e+00 -1.0954943578e-01 )	( -3.9726262452e+00 1.4615446176e+00 -7.4788715227e-02 )	( -4.0276031408e-03 -3.3014379066e-03 -3.4760720557e-02 )
1030             	( -3.9766583623e+00 1.4582444506e+00 -1.0954680806e-01 )	( -3.9726303329e+00 1.4615455334e+00 -7.4788112416e-02 )	( -4.0280293303e-03 -3.3010828662e-03 -3.4758695646e-02 )
1031             	( -3.9766625486e+00 1.4582452296e+00 -1.0954838119e-01 )	( -3.9726349287e+00 1.4615466702e+00 -7.4787635544e-02 )	( -4.0276199898e-03 -3.3014406235e-03 -3.4760745641e-02 )
1032             	( -3.9766669537e+00 1.4582464747e+00 -1.0954577363e-01 )	( -3.9726389087e+00 1.4615475612e+00 -7.4787048091e-02 )	( -4.0280449357e-03 -3.3010864545e-03 -3.4758725538e-02 )
1033             	( -3.9766710346e+00 1.4582472304e+00 -1.0954735684e-01 )	( -3.9726433982e+00 1.4615486737e+00 -7.4786586377e-02 )	( -4.0276363965e-03 -3.3014433166e-03 -3.4760770463e-02 )
1034             	( -3.9766753337e+00 1.4582484505e+00 -1.0954476905e-01 )	( -3.9726472736e+00 1.4615495405e+00 -7.4786013898e-02 )	( -4.0280601054e-03 -3.3010900166e-03 -3.4758755150e-02 )
1035             	( -3.9766793123e+00 1.4582491835e+00 -1.0954636198e-01 )	( -3.9726516599e+00 1.4615506295e+00 -7.4785566959e-02 )	( -4.0276523664e-03 -3.3014459878e-03 -3.4760795024e-02 )
1036             	( -3.9766835084e+00 1.4582503794e+00 -1.0954379356e-01 )	( -3.9726554335e+00 1.4615514729e+00 -7.4785009074e-02 )	( -4.0280748450e-03 -3.3010935543e-03 -3.4758784483e-02 )
1037             	( -3.9766873874e+00 1.4582510906e+00 -1.0954539585e-01 )	( -3.9726597195e+00 1.4615525392e+00 -7.4784576531e-02 )	( -4.0276679055e-03 -3.3014486389e-03 -3.4760819323e-02 )
1038             	( -3.9766914835e+00 1.4582522629e+00 -1.0954284639e-01 )	( -3.9726633943e+00 1.4615533600e+00 -7.4784032857e-02 )	( -4.0280891606e-03 -3.3010970695e-03 -3.4758813537e-02 )
1039             	( -3.9766952658e+00 1.4582529530e+00 -1.0954445769e-01 )	( -3.9726675828e+00 1.4615544042e+00 -7.4783614327e-02 )	( -4.0276830201e-03 -3.3014512715e-03 -3.4760843360e-02 )
1040             	( -3.9766992648e+00 1.4582541026e+00 -1.0954192679e-01 )	( -3.9726711617e+00 1.4615552031e+00 -7.4783084481e-02 )	( -4.0281030588e-03 -3.3011005635e-03 -3.4758842310e-02 )
1041             	( -3.9767029533e+00 1.4582547722e+00 -1.0954354671e-01 )	( -3.9726752556e+00 1.4615562261e+00 -7.4782679578e-02 )	( -4.0276977169e-03 -3.3014538870e-03 -3.4760867133e-02 )
1042             	( -3.9767068580e+00 1.4582558998e+00 -1.0954103398e-01 )	( -3.9726787415e+00 1.4615570039e+00 -7.4782163176e-02 )	( -4.0281165465e-03 -3.3011040378e-03 -3.4758870802e-02 )
1043             	( -3.9767104556e+00 1.4582565498e+00 -1.0954266215e-01 )	( -3.9726827436e+00 1.4615580062e+00 -7.4781771513e-02 )	( -4.0277120031e-03 -3.3014564865e-03 -3.4760890641e-02 )
1044             	( -3.9767142688e+00 1.4582576560e+00 -1.0954016718e-01 )	( -3.9726861392e+00 1.4615587635e+00 -7.4781268167e-02 )	( -4.0281296309e-03 -3.3011074934e-03 -3.4758899011e-02 )
1045             	( -3.9767177783e+00 1.4582582870e+00 -1.0954180324e-01 )	( -3.9726900524e+00 1.4615597460e+00 -7.4780889359e-02 )	( -4.0277258862e-03 -3.3014590712e-03 -3.4760913883e-02 )
1046             	( -3.9767215028e+00 1.4582593726e+00 -1.0953932562e-01 )	( -3.9726933605e+00 1.4615604836e+00 -7.4780398683e-02 )	( -4.0281423196e-03 -3.3011109313e-03 -3.4758926936e-02 )
1047             	( -3.9767249268e+00 1.4582599852e+00 -1.0954096920e-01 )	( -3.9726971874e+00 1.4615614469e+00 -7.4780032345e-02 )	( -4.0277393738e-03 -3.3014616419e-03 -3.4760936857e-02 )
1048             	( -3.9767285655e+00 1.4582610510e+00 -1.0953850853e-01 )	( -3.9727004108e+00 1.4615621653e+00 -7.4779553954e-02 )	( -4.0281546206e-03 -3.3011143524e-03 -3.4758954575e-02 )
1049             	( -3.9767319067e+00 1.4582616459e+00 -1.0954015926e-01 )	( -3.9727041543e+00 1.4615631101e+00 -7.4779199703e-02 )	( -4.0277524740e-03 -3.3014641994e-03 -3.4760959560e-02 )
1050             	( -3.9767354622e+00 1.4582626924e+00 -1.0953771514e-01 )	( -3.9727072957e+00 1.4615638101e+00 -7.4778733215e-02 )	( -4.0281665419e-03 -3.3011177574e-03 -3.4758981926e-02 )
1051             	( -3.9767387234e+00 1.4582632703e+00 -1.0953937266e-01 )	( -3.9727109582e+00 1.4615647370e+00 -7.4778390666e-02 )	( -4.0277651950e-03 -3.3014667442e-03 -3.4760981992e-02 )
1052             	( -3.9767421983e+00 1.4582642982e+00 -1.0953694469e-01 )	( -3.9727140203e+00 1.4615654193e+00 -7.4777935699e-02 )	( -4.0281780919e-03 -3.3011211468e-03 -3.4759008987e-02 )
1053             	( -3.9767453822e+00 1.4582648597e+00 -1.0953860862e-01 )	( -3.9727176046e+00 1.4615663290e+00 -7.4777604474e-02 )	( -4.0277775455e-03 -3.3014692769e-03 -3.4761004148e-02 )
1054             	( -3.9767487791e+00 1.4582658696e+00 -1.0953619641e-01 )	( -3.9727205899e+00 1.4615669941e+00 -7.4777160651e-02 )	( -4.0281892792e-03 -3.3011245211e-03 -3.4759035755e-02 )
1055             	( -3.9767518881e+00 1.4582664153e+00 -1.0953786640e-01 )	( -3.9727240986e+00 1.4615678871e+00 -7.4776840376e-02 )	( -4.0277895340e-03 -3.3014717979e-03 -3.4761026029e-02 )
1056             	( -3.9767552097e+00 1.4582674078e+00 -1.0953546955e-01 )	( -3.9727270096e+00 1.4615685357e+00 -7.4776407323e-02 )	( -4.0282001126e-03 -3.3011278805e-03 -3.4759062229e-02 )
1057             	( -3.9767582463e+00 1.4582679384e+00 -1.0953714524e-01 )	( -3.9727304451e+00 1.4615694127e+00 -7.4776097609e-02 )	( -4.0278011695e-03 -3.3014743072e-03 -3.4761047630e-02 )
1058             	( -3.9767614953e+00 1.4582689142e+00 -1.0953476341e-01 )	( -3.9727332847e+00 1.4615700454e+00 -7.4775675002e-02 )	( -4.0282106013e-03 -3.3011312253e-03 -3.4759088406e-02 )
1059             	( -3.9767644619e+00 1.4582694301e+00 -1.0953644442e-01 )	( -3.9727366494e+00 1.4615709069e+00 -7.4775375474e-02 )	( -4.0278124610e-03 -3.3014768051e-03 -3.4761068950e-02 )
1060             	( -3.9767676405e+00 1.4582703898e+00 -1.0953407718e-01 )	( -3.9727394197e+00 1.4615715243e+00 -7.4774962896e-02 )	( -4.0282207537e-03 -3.3011345555e-03 -3.4759114285e-02 )
1061             	( -3.9767705397e+00 1.4582708917e+00 -1.0953576320e-01 )	( -3.9727427163e+00 1.4615723710e+00 -7.4774673214e-02 )	( -4.0278234174e-03 -3.3014792916e-03 -3.4761089987e-02 )
1062             	( -3.9767736503e+00 1.4582718357e+00 -1.0953341017e-01 )	( -3.9727454197e+00 1.4615729736e+00 -7.4774270311e-02 )	( -4.0282305791e-03 -3.3011378711e-03 -3.4759139863e-02 )
1063             	( -3.9767764845e+00 1.4582723241e+00 -1.0953510086e-01 )	( -3.9727486504e+00 1.4615738059e+00 -7.4773990123e-02 )	( -4.0278340478e-03 -3.3014817666e-03 -3.4761110738e-02 )
1064             	( -3.9767795295e+00 1.4582732532e+00 -1.0953276168e-01 )	( -3.9727512894e+00 1.4615743943e+00 -7.4773596540e-02 )	( -4.0282400868e-03 -3.3011411721e-03 -3.4759165139e-02 )
1065             	( -3.9767823009e+00 1.4582737286e+00 -1.0953445670e-01 )	( -3.9727544565e+00 1.4615752129e+00 -7.4773325496e-02 )	( -4.0278443616e-03 -3.3014842299e-03 -3.4761131203e-02 )
1066             	( -3.9767852826e+00 1.4582746431e+00 -1.0953213100e-01 )	( -3.9727570333e+00 1.4615757876e+00 -7.4772940886e-02 )	( -4.0282492861e-03 -3.3011444583e-03 -3.4759190111e-02 )
1067             	( -3.9767879935e+00 1.4582751062e+00 -1.0953383002e-01 )	( -3.9727601391e+00 1.4615765929e+00 -7.4772678640e-02 )	( -4.0278543682e-03 -3.3014866813e-03 -3.4761151379e-02 )
1068             	( -3.9767909141e+00 1.4582760067e+00 -1.0953151744e-01 )	( -3.9727626559e+00 1.4615771544e+00 -7.4772302664e-02 )	( -4.0282581862e-03 -3.3011477293e-03 -3.4759214777e-02 )
1069             	( -3.9767935667e+00 1.4582764578e+00 -1.0953322014e-01 )	( -3.9727657026e+00 1.4615779470e+00 -7.4772048879e-02 )	( -4.0278640768e-03 -3.3014891206e-03 -3.4761171264e-02 )
1070             	( -3.9767964284e+00 1.4582773449e+00 -1.0953092034e-01 )	( -3.9727681616e+00 1.4615784958e+00 -7.4771681203e-02 )	( -4.0282667965e-03 -3.3011509850e-03 -3.4759239135e-02 )
1071             	( -3.9767990249e+00 1.4582777846e+00 -1.0953262641e-01 )	( -3.9727711514e+00 1.4615792761e+00 -7.4771435551e-02 )	( -4.0278734967e-03 -3.3014915473e-03 -3.4761190857e-02 )
1072             	( -3.9768018298e+00 1.4582786586e+00 -1.0953033903e-01 )	( -3.9727735546e+00 1.4615798128e+00 -7.4771075850e-02 )	( -4.0282751262e-03 -3.3011542248e-03 -3.4759263185e-02 )
1073             	( -3.9768043721e+00 1.4582790873e+00 -1.0953204816e-01 )	( -3.9727764895e+00 1.4615805813e+00 -7.4770838008e-02 )	( -4.0278826373e-03 -3.3014939610e-03 -3.4761210156e-02 )
1074             	( -3.9768071223e+00 1.4582799488e+00 -1.0952977289e-01 )	( -3.9727788391e+00 1.4615811062e+00 -7.4770485961e-02 )	( -4.0282831846e-03 -3.3011574484e-03 -3.4759286924e-02 )
1075             	( -3.9768096126e+00 1.4582803670e+00 -1.0953148477e-01 )	( -3.9727817211e+00 1.4615818634e+00 -7.4770255615e-02 )	( -4.0278915079e-03 -3.3014963613e-03 -3.4761229160e-02 )
1076             	( -3.9768123100e+00 1.4582812164e+00 -1.0952922126e-01 )	( -3.9727840190e+00 1.4615823770e+00 -7.4769910912e-02 )	( -4.0282909810e-03 -3.3011606553e-03 -3.4759310352e-02 )
1077             	( -3.9768147501e+00 1.4582816245e+00 -1.0953093562e-01 )	( -3.9727868500e+00 1.4615831232e+00 -7.4769687753e-02 )	( -4.0279001175e-03 -3.3014987475e-03 -3.4761247868e-02 )
1078             	( -3.9768173967e+00 1.4582824622e+00 -1.0952868356e-01 )	( -3.9727890982e+00 1.4615836261e+00 -7.4769350091e-02 )	( -4.0282985245e-03 -3.3011638450e-03 -3.4759333467e-02 )
1079             	( -3.9768197886e+00 1.4582828607e+00 -1.0953040010e-01 )	( -3.9727918802e+00 1.4615843618e+00 -7.4769133821e-02 )	( -4.0279084755e-03 -3.3015011193e-03 -3.4761266278e-02 )
1080             	( -3.9768223863e+00 1.4582836871e+00 -1.0952815917e-01 )	( -3.9727940804e+00 1.4615848542e+00 -7.4768802904e-02 )	( -4.0283058241e-03 -3.3011670168e-03 -3.4759356269e-02 )
1081             	( -3.9768247318e+00 1.4582840763e+00 -1.0952987762e-01 )	( -3.9727968152e+00 1.4615855798e+00 -7.4768593232e-02 )	( -4.0279165908e-03 -3.3015034758e-03 -3.4761284391e-02 )
1082             	( -3.9768272822e+00 1.4582848920e+00 -1.0952764753e-01 )	( -3.9727989694e+00 1.4615860621e+00 -7.4768268773e-02 )	( -4.0283128890e-03 -3.3011701702e-03 -3.4759378758e-02 )
1083             	( -3.9768295831e+00 1.4582852723e+00 -1.0952936762e-01 )	( -3.9728016586e+00 1.4615867781e+00 -7.4768065415e-02 )	( -4.0279244723e-03 -3.3015058166e-03 -3.4761302205e-02 )
1084             	( -3.9768320881e+00 1.4582860774e+00 -1.0952714807e-01 )	( -3.9728037684e+00 1.4615872507e+00 -7.4767747135e-02 )	( -4.0283197279e-03 -3.3011733045e-03 -3.4759400931e-02 )
1085             	( -3.9768343460e+00 1.4582864492e+00 -1.0952886954e-01 )	( -3.9728064138e+00 1.4615879573e+00 -7.4767549817e-02 )	( -4.0279321291e-03 -3.3015081408e-03 -3.4761319720e-02 )
1086             	( -3.9768368073e+00 1.4582872443e+00 -1.0952666024e-01 )	( -3.9728084810e+00 1.4615884207e+00 -7.4767237446e-02 )	( -4.0283263497e-03 -3.3011764191e-03 -3.4759422791e-02 )
1087             	( -3.9768390238e+00 1.4582876079e+00 -1.0952838283e-01 )	( -3.9728110843e+00 1.4615891183e+00 -7.4767045892e-02 )	( -4.0279395698e-03 -3.3015104480e-03 -3.4761336935e-02 )
1088             	( -3.9768414431e+00 1.4582883932e+00 -1.0952618350e-01 )	( -3.9728131103e+00 1.4615895727e+00 -7.4766739166e-02 )	( -4.0283327631e-03 -3.3011795132e-03 -3.4759444335e-02 )
1089             	( -3.9768436198e+00 1.4582887489e+00 -1.0952790698e-01 )	( -3.9728156730e+00 1.4615902616e+00 -7.4766553132e-02 )	( -4.0279468030e-03 -3.3015127372e-03 -3.4761353850e-02 )
1090             	( -3.9768459985e+00 1.4582895248e+00 -1.0952571736e-01 )	( -3.9728176595e+00 1.4615907074e+00 -7.4766251796e-02 )	( -4.0283389765e-03 -3.3011825863e-03 -3.4759465564e-02 )
1091             	( -3.9768481369e+00 1.4582898730e+00 -1.0952744149e-01 )	( -3.9728201831e+00 1.4615913880e+00 -7.4766071023e-02 )	( -4.0279538373e-03 -3.3015150079e-03 -3.4761370466e-02 )
1092             	( -3.9768504765e+00 1.4582906398e+00 -1.0952526131e-01 )	( -3.9728221315e+00 1.4615918254e+00 -7.4765774834e-02 )	( -4.0283449984e-03 -3.3011856375e-03 -3.4759486479e-02 )
1093             	( -3.9768525781e+00 1.4582909807e+00 -1.0952698586e-01 )	( -3.9728246174e+00 1.4615924980e+00 -7.4765599080e-02 )	( -4.0279606809e-03 -3.3015172592e-03 -3.4761386782e-02 )
1094             	( -3.9768548800e+00 1.4582917387e+00 -1.0952481488e-01 )	( -3.9728265292e+00 1.4615929273e+00 -7.4765307799e-02 )	( -4.0283508369e-03 -3.3011886662e-03 -3.4759507079e-02 )
1095             	( -3.9768569462e+00 1.4582920726e+00 -1.0952653963e-01 )	( -3.9728289789e+00 1.4615935921e+00 -7.4765136833e-02 )	( -4.0279673420e-03 -3.3015194905e-03 -3.4761402800e-02 )
1096             	( -3.9768592118e+00 1.4582928221e+00 -1.0952437760e-01 )	( -3.9728308553e+00 1.4615940137e+00 -7.4764850230e-02 )	( -4.0283565002e-03 -3.3011916716e-03 -3.4759527365e-02 )
1097             	( -3.9768612439e+00 1.4582931493e+00 -1.0952610235e-01 )	( -3.9728332701e+00 1.4615946710e+00 -7.4764683828e-02 )	( -4.0279738285e-03 -3.3015217009e-03 -3.4761418518e-02 )
1098             	( -3.9768634745e+00 1.4582938905e+00 -1.0952394902e-01 )	( -3.9728351125e+00 1.4615950852e+00 -7.4764401682e-02 )	( -4.0283619962e-03 -3.3011946530e-03 -3.4759547338e-02 )
1099             	( -3.9768654737e+00 1.4582942113e+00 -1.0952567356e-01 )	( -3.9728374936e+00 1.4615957352e+00 -7.4764239625e-02 )	( -4.0279801484e-03 -3.3015238898e-03 -3.4761433939e-02 )
1100             	( -3.9768676706e+00 1.4582949445e+00 -1.0952352872e-01 )	( -3.9728393033e+00 1.4615961421e+00 -7.4763961723e-02 )	( -4.0283673324e-03 -3.3011976096e-03 -3.4759566999e-02 )
1101             	( -3.9768696381e+00 1.4582952591e+00 -1.0952525287e-01 )	( -3.9728416518e+00 1.4615967851e+00 -7.4763803806e-02 )	( -4.0279863092e-03 -3.3015260563e-03 -3.4761449062e-02 )
1102             	( -3.9768718024e+00 1.4582959845e+00 -1.0952311629e-01 )	( -3.9728434299e+00 1.4615971850e+00 -7.4763529944e-02 )	( -4.0283725166e-03 -3.3012005407e-03 -3.4759586348e-02 )
1103             	( -3.9768737395e+00 1.4582962931e+00 -1.0952483985e-01 )	( -3.9728457471e+00 1.4615978213e+00 -7.4763375963e-02 )	( -4.0279923185e-03 -3.3015281998e-03 -3.4761463889e-02 )
1104             	( -3.9768758723e+00 1.4582970109e+00 -1.0952271133e-01 )	( -3.9728474948e+00 1.4615982143e+00 -7.4763105946e-02 )	( -4.0283775559e-03 -3.3012034456e-03 -3.4759605387e-02 )
1105             	( -3.9768777799e+00 1.4582973137e+00 -1.0952443413e-01 )	( -3.9728497817e+00 1.4615988440e+00 -7.4762955708e-02 )	( -4.0279981833e-03 -3.3015303195e-03 -3.4761478422e-02 )
1106             	( -3.9768798824e+00 1.4582980241e+00 -1.0952231347e-01 )	( -3.9728515000e+00 1.4615992305e+00 -7.4762689349e-02 )	( -4.0283824576e-03 -3.3012063235e-03 -3.4759624117e-02 )
1107             	( -3.9768817617e+00 1.4582983214e+00 -1.0952403533e-01 )	( -3.9728537577e+00 1.4615998538e+00 -7.4762542672e-02 )	( -4.0280039109e-03 -3.3015324146e-03 -3.4761492661e-02 )
1108             	( -3.9768838348e+00 1.4582990247e+00 -1.0952192233e-01 )	( -3.9728554476e+00 1.4616002339e+00 -7.4762279791e-02 )	( -4.0283872285e-03 -3.3012091739e-03 -3.4759642540e-02 )
1109             	( -3.9768856866e+00 1.4582993165e+00 -1.0952364311e-01 )	( -3.9728576771e+00 1.4616008510e+00 -7.4762136499e-02 )	( -4.0280095080e-03 -3.3015344845e-03 -3.4761506607e-02 )
1110             	( -3.9768877314e+00 1.4583000128e+00 -1.0952153758e-01 )	( -3.9728593395e+00 1.4616012248e+00 -7.4761876922e-02 )	( -4.0283918755e-03 -3.3012119959e-03 -3.4759660657e-02 )
1111             	( -3.9768895568e+00 1.4583002994e+00 -1.0952325711e-01 )	( -3.9728615418e+00 1.4616018359e+00 -7.4761736847e-02 )	( -4.0280149813e-03 -3.3015365285e-03 -3.4761520264e-02 )
1112             	( -3.9768915741e+00 1.4583009889e+00 -1.0952115888e-01 )	( -3.9728631777e+00 1.4616022037e+00 -7.4761480412e-02 )	( -4.0283964049e-03 -3.3012147889e-03 -3.4759678471e-02 )
1113             	( -3.9768933738e+00 1.4583012704e+00 -1.0952287702e-01 )	( -3.9728653535e+00 1.4616028089e+00 -7.4761343392e-02 )	( -4.0280203372e-03 -3.3015385459e-03 -3.4761533632e-02 )
1114             	( -3.9768953646e+00 1.4583019533e+00 -1.0952078592e-01 )	( -3.9728669638e+00 1.4616031708e+00 -7.4761089943e-02 )	( -4.0284008232e-03 -3.3012175524e-03 -3.4759695982e-02 )
1115             	( -3.9768971396e+00 1.4583022298e+00 -1.0952250254e-01 )	( -3.9728691140e+00 1.4616037704e+00 -7.4760955828e-02 )	( -4.0280255820e-03 -3.3015405360e-03 -3.4761546713e-02 )
1116             	( -3.9768991045e+00 1.4583029062e+00 -1.0952041841e-01 )	( -3.9728706994e+00 1.4616041265e+00 -7.4760705214e-02 )	( -4.0284051363e-03 -3.3012202855e-03 -3.4759713194e-02 )
1117             	( -3.9769008556e+00 1.4583031779e+00 -1.0952213337e-01 )	( -3.9728728249e+00 1.4616047204e+00 -7.4760573858e-02 )	( -4.0280307215e-03 -3.3015424984e-03 -3.4761559510e-02 )
1118             	( -3.9769027955e+00 1.4583038480e+00 -1.0952005605e-01 )	( -3.9728743862e+00 1.4616050710e+00 -7.4760325940e-02 )	( -4.0284093503e-03 -3.3012229879e-03 -3.4759730109e-02 )
1119             	( -3.9769045233e+00 1.4583041150e+00 -1.0952176923e-01 )	( -3.9728764876e+00 1.4616056595e+00 -7.4760197206e-02 )	( -4.0280357616e-03 -3.3015444323e-03 -3.4761572026e-02 )
1120             	( -3.9769064400e+00 1.4583047792e+00 -1.0951969853e-01 )	( -3.9728780266e+00 1.4616060048e+00 -7.4759951800e-02 )	( -4.0284134737e-03 -3.3012256588e-03 -3.4759746728e-02 )
1121             	( -3.9769081433e+00 1.4583050411e+00 -1.0952141001e-01 )	( -3.9728801026e+00 1.4616065874e+00 -7.4759825756e-02 )	( -4.0280407100e-03 -3.3015463373e-03 -3.4761584258e-02 )
1122             	( -3.9769100372e+00 1.4583056993e+00 -1.0951934569e-01 )	( -3.9728816197e+00 1.4616069276e+00 -7.4759582633e-02 )	( -4.0284175067e-03 -3.3012282980e-03 -3.4759763054e-02 )
1123             	( -3.9769117188e+00 1.4583059568e+00 -1.0952105516e-01 )	( -3.9728836732e+00 1.4616075050e+00 -7.4759458940e-02 )	( -4.0280455678e-03 -3.3015482128e-03 -3.4761596216e-02 )
1124             	( -3.9769135898e+00 1.4583066091e+00 -1.0951899724e-01 )	( -3.9728851684e+00 1.4616078400e+00 -7.4759218148e-02 )	( -4.0284214557e-03 -3.3012309048e-03 -3.4759779091e-02 )
1125             	( -3.9769152502e+00 1.4583068622e+00 -1.0952070461e-01 )	( -3.9728871998e+00 1.4616084122e+00 -7.4759096708e-02 )	( -4.0280503417e-03 -3.3015500583e-03 -3.4761607900e-02 )
1126             	( -3.9769170988e+00 1.4583075085e+00 -1.0951865297e-01 )	( -3.9728886734e+00 1.4616087420e+00 -7.4758858131e-02 )	( -4.0284253267e-03 -3.3012334788e-03 -3.4759794844e-02 )
1127             	( -3.9769187387e+00 1.4583077574e+00 -1.0952035812e-01 )	( -3.9728906837e+00 1.4616093093e+00 -7.4758738809e-02 )	( -4.0280550383e-03 -3.3015518734e-03 -3.4761619315e-02 )
1128             	( -3.9769205650e+00 1.4583083979e+00 -1.0951831270e-01 )	( -3.9728921359e+00 1.4616096339e+00 -7.4758502385e-02 )	( -4.0284291258e-03 -3.3012360195e-03 -3.4759810311e-02 )
1129             	( -3.9769221857e+00 1.4583086428e+00 -1.0952001544e-01 )	( -3.9728941260e+00 1.4616101965e+00 -7.4758384981e-02 )	( -4.0280596624e-03 -3.3015536577e-03 -3.4761630460e-02 )
1130             	( -3.9769239890e+00 1.4583092771e+00 -1.0951797632e-01 )	( -3.9728955562e+00 1.4616105156e+00 -7.4758150827e-02 )	( -4.0284328563e-03 -3.3012385266e-03 -3.4759825498e-02 )
1131             	( -3.9769255912e+00 1.4583095182e+00 -1.0951967651e-01 )	( -3.9728975270e+00 1.4616110736e+00 -7.4758035173e-02 )	( -4.0280642146e-03 -3.3015554107e-03 -3.4761641341e-02 )
1132             	( -3.9769273737e+00 1.4583101468e+00 -1.0951764335e-01 )	( -3.9728989372e+00 1.4616113878e+00 -7.4757802939e-02 )	( -4.0284365205e-03 -3.3012409997e-03 -3.4759840410e-02 )
1133             	( -3.9769289567e+00 1.4583103839e+00 -1.0951934112e-01 )	( -3.9729008880e+00 1.4616119410e+00 -7.4757689157e-02 )	( -4.0280687010e-03 -3.3015571322e-03 -3.4761651962e-02 )
1134             	( -3.9769307189e+00 1.4583110069e+00 -1.0951731380e-01 )	( -3.9729022787e+00 1.4616122504e+00 -7.4757458754e-02 )	( -4.0284401244e-03 -3.3012434386e-03 -3.4759855050e-02 )
1135             	( -3.9769322831e+00 1.4583112400e+00 -1.0951900908e-01 )	( -3.9729042099e+00 1.4616127988e+00 -7.4757346751e-02 )	( -4.0280731264e-03 -3.3015588217e-03 -3.4761662326e-02 )
1136             	( -3.9769340253e+00 1.4583118575e+00 -1.0951698752e-01 )	( -3.9729055816e+00 1.4616131034e+00 -7.4757118096e-02 )	( -4.0284436720e-03 -3.3012458428e-03 -3.4759869421e-02 )
1137             	( -3.9769355712e+00 1.4583120867e+00 -1.0951868023e-01 )	( -3.9729074937e+00 1.4616136471e+00 -7.4757007791e-02 )	( -4.0280774944e-03 -3.3015604791e-03 -3.4761672437e-02 )
1138             	( -3.9769372940e+00 1.4583126988e+00 -1.0951666433e-01 )	( -3.9729088468e+00 1.4616139470e+00 -7.4756780802e-02 )	( -4.0284471668e-03 -3.3012482122e-03 -3.4759883527e-02 )
1139             	( -3.9769388216e+00 1.4583129239e+00 -1.0951835442e-01 )	( -3.9729107398e+00 1.4616144860e+00 -7.4756672121e-02 )	( -4.0280818084e-03 -3.3015621040e-03 -3.4761682297e-02 )
1140             	( -3.9769405254e+00 1.4583135307e+00 -1.0951634412e-01 )	( -3.9729120748e+00 1.4616147812e+00 -7.4756446749e-02 )	( -4.0284506123e-03 -3.3012505466e-03 -3.4759897371e-02 )
1141             	( -3.9769420354e+00 1.4583137520e+00 -1.0951803154e-01 )	( -3.9729139493e+00 1.4616153157e+00 -7.4756339632e-02 )	( -4.0280860719e-03 -3.3015636964e-03 -3.4761691911e-02 )
1142             	( -3.9769437203e+00 1.4583143533e+00 -1.0951602676e-01 )	( -3.9729152663e+00 1.4616156062e+00 -7.4756115804e-02 )	( -4.0284540117e-03 -3.3012528457e-03 -3.4759910958e-02 )
1143             	( -3.9769452129e+00 1.4583145708e+00 -1.0951771147e-01 )	( -3.9729171226e+00 1.4616161361e+00 -7.4756010192e-02 )	( -4.0280902880e-03 -3.3015652559e-03 -3.4761701282e-02 )
1144             	( -3.9769468792e+00 1.4583151669e+00 -1.0951571214e-01 )	( -3.9729184218e+00 1.4616164220e+00 -7.4755787851e-02 )	( -4.0284573682e-03 -3.3012551095e-03 -3.4759924290e-02 )
1145             	( -3.9769483547e+00 1.4583153806e+00 -1.0951739410e-01 )	( -3.9729202603e+00 1.4616169474e+00 -7.4755683687e-02 )	( -4.0280944599e-03 -3.3015667825e-03 -3.4761710415e-02 )
1146             	( -3.9769500027e+00 1.4583159713e+00 -1.0951540015e-01 )	( -3.9729215421e+00 1.4616172286e+00 -7.4755462781e-02 )	( -4.0284606847e-03 -3.3012573379e-03 -3.4759937372e-02 )
1147             	( -3.9769514614e+00 1.4583161812e+00 -1.0951707933e-01 )	( -3.9729233629e+00 1.4616177495e+00 -7.4755360018e-02 )	( -4.0280985902e-03 -3.3015682761e-03 -3.4761719313e-02 )
1148             	( -3.9769530914e+00 1.4583167667e+00 -1.0951509071e-01 )	( -3.9729246274e+00 1.4616180262e+00 -7.4755140501e-02 )	( -4.0284639637e-03 -3.3012595306e-03 -3.4759950209e-02 )
1149             	( -3.9769545335e+00 1.4583169729e+00 -1.0951676707e-01 )	( -3.9729264308e+00 1.4616185426e+00 -7.4755039093e-02 )	( -4.0281026816e-03 -3.3015697366e-03 -3.4761727980e-02 )
1150             	( -3.9769561455e+00 1.4583175531e+00 -1.0951478373e-01 )	( -3.9729276783e+00 1.4616188148e+00 -7.4754820923e-02 )	( -4.0284672078e-03 -3.3012616878e-03 -3.4759962805e-02 )
1151             	( -3.9769575712e+00 1.4583177556e+00 -1.0951645725e-01 )	( -3.9729294645e+00 1.4616193267e+00 -7.4754720831e-02 )	( -4.0281067365e-03 -3.3015711640e-03 -3.4761736421e-02 )
1152             	( -3.9769591656e+00 1.4583183305e+00 -1.0951447913e-01 )	( -3.9729306952e+00 1.4616195943e+00 -7.4754503972e-02 )	( -4.0284704194e-03 -3.3012638094e-03 -3.4759975163e-02 )
1153             	( -3.9769605751e+00 1.4583185293e+00 -1.0951614980e-01 )	( -3.9729324643e+00 1.4616201018e+00 -7.4754405161e-02 )	( -4.0281107571e-03 -3.3015725582e-03 -3.4761744640e-02 )
1154             	( -3.9769621520e+00 1.4583190990e+00 -1.0951417687e-01 )	( -3.9729336784e+00 1.4616203649e+00 -7.4754189581e-02 )	( -4.0284736006e-03 -3.3012658955e-03 -3.4759987288e-02 )
1155             	( -3.9769635453e+00 1.4583192941e+00 -1.0951584466e-01 )	( -3.9729354306e+00 1.4616208680e+00 -7.4754092020e-02 )	( -4.0281147456e-03 -3.3015739193e-03 -3.4761752641e-02 )
1156             	( -3.9769651049e+00 1.4583198586e+00 -1.0951387688e-01 )	( -3.9729366281e+00 1.4616211265e+00 -7.4753877692e-02 )	( -4.0284767533e-03 -3.3012679460e-03 -3.4759999183e-02 )
1157             	( -3.9769664823e+00 1.4583200500e+00 -1.0951554178e-01 )	( -3.9729383636e+00 1.4616216252e+00 -7.4753781356e-02 )	( -4.0281187038e-03 -3.3015752474e-03 -3.4761760428e-02 )
1158             	( -3.9769680246e+00 1.4583206093e+00 -1.0951357911e-01 )	( -3.9729395447e+00 1.4616218792e+00 -7.4753568254e-02 )	( -4.0284798794e-03 -3.3012699612e-03 -3.4760010855e-02 )
1159             	( -3.9769693862e+00 1.4583207969e+00 -1.0951524113e-01 )	( -3.9729412635e+00 1.4616223735e+00 -7.4753473120e-02 )	( -4.0281226335e-03 -3.3015765426e-03 -3.4761768005e-02 )
1160             	( -3.9769709114e+00 1.4583213510e+00 -1.0951328353e-01 )	( -3.9729424284e+00 1.4616226230e+00 -7.4753261228e-02 )	( -4.0284829805e-03 -3.3012719411e-03 -3.4760022306e-02 )
1161             	( -3.9769722572e+00 1.4583215350e+00 -1.0951494266e-01 )	( -3.9729441307e+00 1.4616231128e+00 -7.4753167279e-02 )	( -4.0281265361e-03 -3.3015778049e-03 -3.4761775377e-02 )
1162             	( -3.9769737654e+00 1.4583220839e+00 -1.0951299012e-01 )	( -3.9729452793e+00 1.4616233578e+00 -7.4752956578e-02 )	( -4.0284860580e-03 -3.3012738858e-03 -3.4760033542e-02 )
1163             	( -3.9769750956e+00 1.4583222642e+00 -1.0951464635e-01 )	( -3.9729469652e+00 1.4616238432e+00 -7.4752863799e-02 )	( -4.0281304132e-03 -3.3015790345e-03 -3.4761782548e-02 )
1164             	( -3.9769765868e+00 1.4583228079e+00 -1.0951269884e-01 )	( -3.9729480977e+00 1.4616240837e+00 -7.4752654279e-02 )	( -4.0284891133e-03 -3.3012757956e-03 -3.4760044565e-02 )
1165             	( -3.9769779014e+00 1.4583229845e+00 -1.0951435218e-01 )	( -3.9729497671e+00 1.4616245647e+00 -7.4752562659e-02 )	( -4.0281342660e-03 -3.3015802317e-03 -3.4761789523e-02 )
1166             	( -3.9769793757e+00 1.4583235230e+00 -1.0951240969e-01 )	( -3.9729508836e+00 1.4616248006e+00 -7.4752354310e-02 )	( -4.0284921475e-03 -3.3012776707e-03 -3.4760055382e-02 )
1167             	( -3.9769806748e+00 1.4583236958e+00 -1.0951406015e-01 )	( -3.9729525367e+00 1.4616252772e+00 -7.4752263842e-02 )	( -4.0281380955e-03 -3.3015813967e-03 -3.4761796305e-02 )
1168             	( -3.9769821323e+00 1.4583242291e+00 -1.0951212265e-01 )	( -3.9729536371e+00 1.4616255086e+00 -7.4752056658e-02 )	( -4.0284951616e-03 -3.3012795113e-03 -3.4760065996e-02 )
1169             	( -3.9769834159e+00 1.4583243983e+00 -1.0951377024e-01 )	( -3.9729552740e+00 1.4616259808e+00 -7.4751967338e-02 )	( -4.0281419028e-03 -3.3015825297e-03 -3.4761802899e-02 )
1170             	( -3.9769848565e+00 1.4583249264e+00 -1.0951183773e-01 )	( -3.9729563584e+00 1.4616262077e+00 -7.4751761318e-02 )	( -4.0284981566e-03 -3.3012813178e-03 -3.4760076412e-02 )
1171             	( -3.9769861247e+00 1.4583250918e+00 -1.0951348245e-01 )	( -3.9729579790e+00 1.4616266754e+00 -7.4751673144e-02 )	( -4.0281456886e-03 -3.3015836309e-03 -3.4761809310e-02 )
1172             	( -3.9769875485e+00 1.4583256147e+00 -1.0951155492e-01 )	( -3.9729590474e+00 1.4616268978e+00 -7.4751468288e-02 )	( -4.0285011331e-03 -3.3012830903e-03 -3.4760086634e-02 )
1173             	( -3.9769888012e+00 1.4583257763e+00 -1.0951319680e-01 )	( -3.9729606518e+00 1.4616273610e+00 -7.4751381260e-02 )	( -4.0281494536e-03 -3.3015847007e-03 -3.4761815541e-02 )
1174             	( -3.9769902083e+00 1.4583262940e+00 -1.0951127424e-01 )	( -3.9729617042e+00 1.4616275788e+00 -7.4751177572e-02 )	( -4.0285040919e-03 -3.3012848293e-03 -3.4760096667e-02 )
1175             	( -3.9769914456e+00 1.4583264519e+00 -1.0951291329e-01 )	( -3.9729632924e+00 1.4616280376e+00 -7.4751091696e-02 )	( -4.0281531985e-03 -3.3015857395e-03 -3.4761821597e-02 )
1176             	( -3.9769928359e+00 1.4583269644e+00 -1.0951099569e-01 )	( -3.9729643289e+00 1.4616282509e+00 -7.4750889181e-02 )	( -4.0285070333e-03 -3.3012865350e-03 -3.4760106514e-02 )
1177             	( -3.9769940577e+00 1.4583271185e+00 -1.0951263195e-01 )	( -3.9729659008e+00 1.4616287052e+00 -7.4750804463e-02 )	( -4.0281569237e-03 -3.3015867475e-03 -3.4761827483e-02 )
1178             	( -3.9769954313e+00 1.4583276258e+00 -1.0951071931e-01 )	( -3.9729669213e+00 1.4616289140e+00 -7.4750603129e-02 )	( -4.0285099577e-03 -3.3012882079e-03 -3.4760116181e-02 )
1179             	( -3.9769966377e+00 1.4583277761e+00 -1.0951235278e-01 )	( -3.9729684771e+00 1.4616293638e+00 -7.4750519577e-02 )	( -4.0281606295e-03 -3.3015877252e-03 -3.4761833202e-02 )
1180             	( -3.9769979945e+00 1.4583282781e+00 -1.0951044511e-01 )	( -3.9729694816e+00 1.4616295680e+00 -7.4750319435e-02 )	( -4.0285128655e-03 -3.3012898484e-03 -3.4760125671e-02 )
1181             	( -3.9769991854e+00 1.4583284247e+00 -1.0951207582e-01 )	( -3.9729710211e+00 1.4616300133e+00 -7.4750237061e-02 )	( -4.0281643161e-03 -3.3015886728e-03 -3.4761838759e-02 )
1182             	( -3.9770005254e+00 1.4583289215e+00 -1.0951017311e-01 )	( -3.9729720096e+00 1.4616302129e+00 -7.4750038123e-02 )	( -4.0285157569e-03 -3.3012914568e-03 -3.4760134989e-02 )
1183             	( -3.9770017009e+00 1.4583290642e+00 -1.0951180110e-01 )	( -3.9729735329e+00 1.4616306538e+00 -7.4749956939e-02 )	( -4.0281679837e-03 -3.3015895910e-03 -3.4761844158e-02 )
1184             	( -3.9770030241e+00 1.4583295558e+00 -1.0950990336e-01 )	( -3.9729745054e+00 1.4616308488e+00 -7.4749759219e-02 )	( -4.0285186318e-03 -3.3012930336e-03 -3.4760144139e-02 )
1185             	( -3.9770041840e+00 1.4583296947e+00 -1.0951152864e-01 )	( -3.9729760124e+00 1.4616312852e+00 -7.4749679239e-02 )	( -4.0281716323e-03 -3.3015904800e-03 -3.4761849404e-02 )
1186             	( -3.9770054904e+00 1.4583301810e+00 -1.0950963588e-01 )	( -3.9729769689e+00 1.4616314756e+00 -7.4749482754e-02 )	( -4.0285214902e-03 -3.3012945793e-03 -3.4760153126e-02 )
1187             	( -3.9770066348e+00 1.4583303161e+00 -1.0951125849e-01 )	( -3.9729784595e+00 1.4616319075e+00 -7.4749403994e-02 )	( -4.0281752619e-03 -3.3015913403e-03 -3.4761854500e-02 )
1188             	( -3.9770079243e+00 1.4583307972e+00 -1.0950937071e-01 )	( -3.9729794000e+00 1.4616320932e+00 -7.4749208760e-02 )	( -4.0285243321e-03 -3.3012960943e-03 -3.4760161953e-02 )
1189             	( -3.9770090532e+00 1.4583309285e+00 -1.0951099069e-01 )	( -3.9729808743e+00 1.4616325206e+00 -7.4749131238e-02 )	( -4.0281788723e-03 -3.3015921725e-03 -3.4761859450e-02 )
1190             	( -3.9770103258e+00 1.4583314042e+00 -1.0950910790e-01 )	( -3.9729817987e+00 1.4616327018e+00 -7.4748937274e-02 )	( -4.0285271573e-03 -3.3012975792e-03 -3.4760170624e-02 )
1191             	( -3.9770114391e+00 1.4583315317e+00 -1.0951072527e-01 )	( -3.9729832567e+00 1.4616331247e+00 -7.4748861007e-02 )	( -4.0281824633e-03 -3.3015929769e-03 -3.4761864259e-02 )
1192             	( -3.9770126949e+00 1.4583320022e+00 -1.0950884748e-01 )	( -3.9729841649e+00 1.4616333012e+00 -7.4748668333e-02 )	( -4.0285299654e-03 -3.3012990343e-03 -3.4760179144e-02 )
1193             	( -3.9770137926e+00 1.4583321258e+00 -1.0951046227e-01 )	( -3.9729856065e+00 1.4616337196e+00 -7.4748593342e-02 )	( -4.0281860346e-03 -3.3015937541e-03 -3.4761868931e-02 )
1194             	( -3.9770150314e+00 1.4583325911e+00 -1.0950858950e-01 )	( -3.9729864986e+00 1.4616338915e+00 -7.4748401978e-02 )	( -4.0285327562e-03 -3.3013004603e-03 -3.4760187517e-02 )
1195             	( -3.9770161134e+00 1.4583327109e+00 -1.0951020175e-01 )	( -3.9729879238e+00 1.4616343054e+00 -7.4748328283e-02 )	( -4.0281895858e-03 -3.3015945046e-03 -3.4761873469e-02 )
1196             	( -3.9770173353e+00 1.4583331708e+00 -1.0950833400e-01 )	( -3.9729887997e+00 1.4616344727e+00 -7.4748138250e-02 )	( -4.0285355293e-03 -3.3013018576e-03 -3.4760195747e-02 )
1197             	( -3.9770184016e+00 1.4583332868e+00 -1.0950994375e-01 )	( -3.9729902085e+00 1.4616348820e+00 -7.4748065872e-02 )	( -4.0281931166e-03 -3.3015952289e-03 -3.4761877877e-02 )
1198             	( -3.9770196065e+00 1.4583337415e+00 -1.0950808103e-01 )	( -3.9729910682e+00 1.4616350447e+00 -7.4747877193e-02 )	( -4.0285382841e-03 -3.3013032268e-03 -3.4760203837e-02 )
1199             	( -3.9770206572e+00 1.4583338536e+00 -1.0950968831e-01 )	( -3.9729924605e+00 1.4616354495e+00 -7.4747806154e-02 )	( -4.0281966265e-03 -3.3015959276e-03 -3.4761882160e-02 )
1200             	( -3.9770218450e+00 1.4583343030e+00 -1.0950783064e-01 )	( -3.9729933040e+00 1.4616356076e+00 -7.4747618851e-02 )	( -4.0285410202e-03 -3.3013045685e-03 -3.4760211792e-02 )
1201             	( -3.9770228800e+00 1.4583344113e+00 -1.0950943549e-01 )	( -3.9729946799e+00 1.4616360079e+00 -7.4747549172e-02 )	( -4.0282001149e-03 -3.3015966011e-03 -3.4761886320e-02 )
1202             	( -3.9770240508e+00 1.4583348555e+00 -1.0950758288e-01 )	( -3.9729955071e+00 1.4616361614e+00 -7.4747363268e-02 )	( -4.0285437371e-03 -3.3013058832e-03 -3.4760219615e-02 )
1203             	( -3.9770250701e+00 1.4583349598e+00 -1.0950918534e-01 )	( -3.9729968665e+00 1.4616365571e+00 -7.4747294973e-02 )	( -4.0282035813e-03 -3.3015972501e-03 -3.4761890363e-02 )
1204             	( -3.9770262239e+00 1.4583353988e+00 -1.0950733780e-01 )	( -3.9729976774e+00 1.4616367060e+00 -7.4747110491e-02 )	( -4.0285464340e-03 -3.3013071714e-03 -3.4760227309e-02 )
1205             	( -3.9770272273e+00 1.4583354993e+00 -1.0950893789e-01 )	( -3.9729990203e+00 1.4616370972e+00 -7.4747043602e-02 )	( -4.0282070250e-03 -3.3015978751e-03 -3.4761894290e-02 )
1206             	( -3.9770283641e+00 1.4583359331e+00 -1.0950709544e-01 )	( -3.9729998150e+00 1.4616372415e+00 -7.4746860564e-02 )	( -4.0285491105e-03 -3.3013084338e-03 -3.4760234880e-02 )
1207             	( -3.9770293518e+00 1.4583360298e+00 -1.0950869321e-01 )	( -3.9730011413e+00 1.4616376282e+00 -7.4746795103e-02 )	( -4.0282104454e-03 -3.3015984766e-03 -3.4761898106e-02 )
1208             	( -3.9770304715e+00 1.4583364583e+00 -1.0950685586e-01 )	( -3.9730019197e+00 1.4616377680e+00 -7.4746613533e-02 )	( -4.0285517657e-03 -3.3013096709e-03 -3.4760242329e-02 )
1209             	( -3.9770314434e+00 1.4583365511e+00 -1.0950845134e-01 )	( -3.9730032296e+00 1.4616381502e+00 -7.4746549522e-02 )	( -4.0282138419e-03 -3.3015990553e-03 -3.4761901814e-02 )
1210             	( -3.9770325461e+00 1.4583369744e+00 -1.0950661910e-01 )	( -3.9730039917e+00 1.4616382853e+00 -7.4746369443e-02 )	( -4.0285543991e-03 -3.3013108833e-03 -3.4760249660e-02 )
1211             	( -3.9770335022e+00 1.4583370635e+00 -1.0950821232e-01 )	( -3.9730052850e+00 1.4616386631e+00 -7.4746306905e-02 )	( -4.0282172137e-03 -3.3015996117e-03 -3.4761905418e-02 )
1212             	( -3.9770345878e+00 1.4583374816e+00 -1.0950638522e-01 )	( -3.9730060308e+00 1.4616387936e+00 -7.4746128340e-02 )	( -4.0285570098e-03 -3.3013120716e-03 -3.4760256878e-02 )
1213             	( -3.9770355282e+00 1.4583375668e+00 -1.0950797622e-01 )	( -3.9730073077e+00 1.4616391669e+00 -7.4746067296e-02 )	( -4.0282205600e-03 -3.3016001464e-03 -3.4761908921e-02 )
1214             	( -3.9770365968e+00 1.4583379797e+00 -1.0950615425e-01 )	( -3.9730080372e+00 1.4616392930e+00 -7.4745890265e-02 )	( -4.0285595971e-03 -3.3013132363e-03 -3.4760263985e-02 )
1215             	( -3.9770375214e+00 1.4583380612e+00 -1.0950774306e-01 )	( -3.9730092975e+00 1.4616396618e+00 -7.4745830737e-02 )	( -4.0282238803e-03 -3.3016006599e-03 -3.4761912326e-02 )
1216             	( -3.9770385729e+00 1.4583384690e+00 -1.0950592625e-01 )	( -3.9730100108e+00 1.4616397833e+00 -7.4745655263e-02 )	( -4.0285621603e-03 -3.3013143781e-03 -3.4760270984e-02 )
1217             	( -3.9770394819e+00 1.4583385466e+00 -1.0950751291e-01 )	( -3.9730112547e+00 1.4616401478e+00 -7.4745597270e-02 )	( -4.0282271737e-03 -3.3016011529e-03 -3.4761915636e-02 )
1218             	( -3.9770405164e+00 1.4583389493e+00 -1.0950570125e-01 )	( -3.9730119517e+00 1.4616402648e+00 -7.4745423373e-02 )	( -4.0285646987e-03 -3.3013154976e-03 -3.4760277879e-02 )
1219             	( -3.9770414096e+00 1.4583390232e+00 -1.0950728579e-01 )	( -3.9730131792e+00 1.4616406248e+00 -7.4745366935e-02 )	( -4.0282304394e-03 -3.3016016259e-03 -3.4761918855e-02 )
1220             	( -3.9770424269e+00 1.4583394206e+00 -1.0950547931e-01 )	( -3.9730138597e+00 1.4616407372e+00 -7.4745194640e-02 )	( -4.0285672102e-03 -3.3013165954e-03 -3.4760284673e-02 )
1221             	( -3.9770433052e+00 1.4583394910e+00 -1.0950706171e-01 )	( -3.9730150715e+00 1.4616410931e+00 -7.4745139724e-02 )	( -4.0282336762e-03 -3.3016020794e-03 -3.4761921985e-02 )
1222             	( -3.9770443050e+00 1.4583398832e+00 -1.0950526047e-01 )	( -3.9730157353e+00 1.4616412009e+00 -7.4744969103e-02 )	( -4.0285696957e-03 -3.3013176719e-03 -3.4760291369e-02 )
1223             	( -3.9770451673e+00 1.4583399498e+00 -1.0950684087e-01 )	( -3.9730169304e+00 1.4616415523e+00 -7.4744915835e-02 )	( -4.0282368828e-03 -3.3016025140e-03 -3.4761925031e-02 )
1224             	( -3.9770461514e+00 1.4583403373e+00 -1.0950504464e-01 )	( -3.9730175792e+00 1.4616416560e+00 -7.4744746664e-02 )	( -4.0285721535e-03 -3.3013187279e-03 -3.4760297971e-02 )
1225             	( -3.9770469975e+00 1.4583404000e+00 -1.0950662313e-01 )	( -3.9730187574e+00 1.4616420029e+00 -7.4744695141e-02 )	( -4.0282400608e-03 -3.3016029306e-03 -3.4761927993e-02 )
1226             	( -3.9770479647e+00 1.4583407825e+00 -1.0950483210e-01 )	( -3.9730193901e+00 1.4616421023e+00 -7.4744527619e-02 )	( -4.0285745846e-03 -3.3013197639e-03 -3.4760304479e-02 )
1227             	( -3.9770487953e+00 1.4583408416e+00 -1.0950640859e-01 )	( -3.9730205521e+00 1.4616424449e+00 -7.4744477713e-02 )	( -4.0282432084e-03 -3.3016033295e-03 -3.4761930875e-02 )
1228             	( -3.9770497458e+00 1.4583412191e+00 -1.0950462275e-01 )	( -3.9730211688e+00 1.4616425399e+00 -7.4744311853e-02 )	( -4.0285769870e-03 -3.3013207804e-03 -3.4760310897e-02 )
1229             	( -3.9770505609e+00 1.4583412745e+00 -1.0950619726e-01 )	( -3.9730223146e+00 1.4616428782e+00 -7.4744263584e-02 )	( -4.0282463245e-03 -3.3016037112e-03 -3.4761933678e-02 )
1230             	( -3.9770514948e+00 1.4583416471e+00 -1.0950441663e-01 )	( -3.9730229154e+00 1.4616429689e+00 -7.4744099405e-02 )	( -4.0285793598e-03 -3.3013217781e-03 -3.4760317228e-02 )
1231             	( -3.9770522945e+00 1.4583416990e+00 -1.0950598920e-01 )	( -3.9730240451e+00 1.4616433031e+00 -7.4744052790e-02 )	( -4.0282494084e-03 -3.3016040764e-03 -3.4761936407e-02 )
1232             	( -3.9770532118e+00 1.4583420667e+00 -1.0950421378e-01 )	( -3.9730246301e+00 1.4616433894e+00 -7.4743890306e-02 )	( -4.0285817023e-03 -3.3013227575e-03 -3.4760323474e-02 )
1233             	( -3.9770539963e+00 1.4583421150e+00 -1.0950578442e-01 )	( -3.9730257438e+00 1.4616437194e+00 -7.4743845356e-02 )	( -4.0282524594e-03 -3.3016044257e-03 -3.4761939063e-02 )
1234             	( -3.9770548970e+00 1.4583424778e+00 -1.0950401422e-01 )	( -3.9730263130e+00 1.4616438015e+00 -7.4743684579e-02 )	( -4.0285840139e-03 -3.3013237192e-03 -3.4760329637e-02 )
1235             	( -3.9770556663e+00 1.4583425226e+00 -1.0950558295e-01 )	( -3.9730274109e+00 1.4616441274e+00 -7.4743641306e-02 )	( -4.0282554769e-03 -3.3016047595e-03 -3.4761941649e-02 )
1236             	( -3.9770565507e+00 1.4583428807e+00 -1.0950381797e-01 )	( -3.9730279644e+00 1.4616442053e+00 -7.4743482246e-02 )	( -4.0285862940e-03 -3.3013246638e-03 -3.4760335721e-02 )
1237             	( -3.9770573049e+00 1.4583429220e+00 -1.0950538482e-01 )	( -3.9730290465e+00 1.4616445271e+00 -7.4743440657e-02 )	( -4.0282584602e-03 -3.3016050784e-03 -3.4761944167e-02 )
1238             	( -3.9770581730e+00 1.4583432753e+00 -1.0950362505e-01 )	( -3.9730295845e+00 1.4616446009e+00 -7.4743283324e-02 )	( -4.0285885418e-03 -3.3013255917e-03 -3.4760341728e-02 )
1239             	( -3.9770589123e+00 1.4583433132e+00 -1.0950519005e-01 )	( -3.9730306509e+00 1.4616449186e+00 -7.4743243428e-02 )	( -4.0282614087e-03 -3.3016053830e-03 -3.4761946619e-02 )
1240             	( -3.9770597642e+00 1.4583436618e+00 -1.0950343549e-01 )	( -3.9730311735e+00 1.4616449883e+00 -7.4743087829e-02 )	( -4.0285907567e-03 -3.3013265036e-03 -3.4760347659e-02 )
1241             	( -3.9770604886e+00 1.4583436963e+00 -1.0950499864e-01 )	( -3.9730322243e+00 1.4616453020e+00 -7.4743049632e-02 )	( -4.0282643216e-03 -3.3016056738e-03 -3.4761949008e-02 )
1242             	( -3.9770613245e+00 1.4583440402e+00 -1.0950324929e-01 )	( -3.9730327316e+00 1.4616453676e+00 -7.4742895773e-02 )	( -4.0285929381e-03 -3.3013274000e-03 -3.4760353517e-02 )
1243             	( -3.9770620342e+00 1.4583440715e+00 -1.0950481062e-01 )	( -3.9730337670e+00 1.4616456774e+00 -7.4742859281e-02 )	( -4.0282671985e-03 -3.3016059513e-03 -3.4761951335e-02 )
1244             	( -3.9770628540e+00 1.4583444107e+00 -1.0950306647e-01 )	( -3.9730342589e+00 1.4616457390e+00 -7.4742707167e-02 )	( -4.0285950844e-03 -3.3013282814e-03 -3.4760359304e-02 )
1245             	( -3.9770635496e+00 1.4583444388e+00 -1.0950462594e-01 )	( -3.9730352795e+00 1.4616460450e+00 -7.4742672340e-02 )	( -4.0282700384e-03 -3.3016062159e-03 -3.4761953604e-02 )
1246             	( -3.9770643533e+00 1.4583447734e+00 -1.0950288705e-01 )	( -3.9730357561e+00 1.4616461025e+00 -7.4742522032e-02 )	( -4.0285971970e-03 -3.3013291483e-03 -3.4760365023e-02 )
1247             	( -3.9770650345e+00 1.4583447983e+00 -1.0950444472e-01 )	( -3.9730367616e+00 1.4616464047e+00 -7.4742488905e-02 )	( -4.0282728417e-03 -3.3016064682e-03 -3.4761955814e-02 )
1248             	( -3.9770658226e+00 1.4583451284e+00 -1.0950271101e-01 )	( -3.9730372233e+00 1.4616464584e+00 -7.4742340338e-02 )	( -4.0285992746e-03 -3.3013300012e-03 -3.4760370673e-02 )
1249             	( -3.9770664895e+00 1.4583451501e+00 -1.0950426689e-01 )	( -3.9730382138e+00 1.4616467568e+00 -7.4742308922e-02 )	( -4.0282756074e-03 -3.3016067088e-03 -3.4761957968e-02 )
1250             	( -3.9770672622e+00 1.4583454758e+00 -1.0950253836e-01 )	( -3.9730386609e+00 1.4616468066e+00 -7.4742162102e-02 )	( -4.0286013164e-03 -3.3013308406e-03 -3.4760376258e-02 )
1251             	( -3.9770679149e+00 1.4583454944e+00 -1.0950409247e-01 )	( -3.9730396366e+00 1.4616471013e+00 -7.4742132397e-02 )	( -4.0282783349e-03 -3.3016069381e-03 -3.4761960068e-02 )
1252             	( -3.9770686724e+00 1.4583458157e+00 -1.0950236910e-01 )	( -3.9730400691e+00 1.4616471473e+00 -7.4741987322e-02 )	( -4.0286033221e-03 -3.3013316670e-03 -3.4760381780e-02 )
1253             	( -3.9770693111e+00 1.4583458312e+00 -1.0950392144e-01 )	( -3.9730410301e+00 1.4616474384e+00 -7.4741959322e-02 )	( -4.0282810237e-03 -3.3016071566e-03 -3.4761962116e-02 )
1254             	( -3.9770700536e+00 1.4583461482e+00 -1.0950220323e-01 )	( -3.9730414483e+00 1.4616474807e+00 -7.4741815994e-02 )	( -4.0286052912e-03 -3.3013324808e-03 -3.4760387239e-02 )
1255             	( -3.9770706784e+00 1.4583461607e+00 -1.0950375381e-01 )	( -3.9730423948e+00 1.4616477681e+00 -7.4741789694e-02 )	( -4.0282836738e-03 -3.3016073646e-03 -3.4761964113e-02 )
1256             	( -3.9770714060e+00 1.4583464735e+00 -1.0950204074e-01 )	( -3.9730427988e+00 1.4616478068e+00 -7.4741648104e-02 )	( -4.0286072236e-03 -3.3013332827e-03 -3.4760392638e-02 )
1257             	( -3.9770720169e+00 1.4583464830e+00 -1.0950358963e-01 )	( -3.9730437306e+00 1.4616480906e+00 -7.4741623574e-02 )	( -4.0282862839e-03 -3.3016075627e-03 -3.4761966061e-02 )
1258             	( -3.9770727306e+00 1.4583467918e+00 -1.0950188152e-01 )	( -3.9730441215e+00 1.4616481259e+00 -7.4741483545e-02 )	( -4.0286091180e-03 -3.3013340729e-03 -3.4760397980e-02 )
1259             	( -3.9770733276e+00 1.4583467983e+00 -1.0950342876e-01 )	( -3.9730450387e+00 1.4616484060e+00 -7.4741460804e-02 )	( -4.0282888553e-03 -3.3016077513e-03 -3.4761967961e-02 )
1260             	( -3.9770740268e+00 1.4583471030e+00 -1.0950172576e-01 )	( -3.9730454158e+00 1.4616484378e+00 -7.4741322500e-02 )	( -4.0286109760e-03 -3.3013348520e-03 -3.4760403262e-02 )
1261             	( -3.9770746105e+00 1.4583471066e+00 -1.0950327124e-01 )	( -3.9730463192e+00 1.4616487146e+00 -7.4741301431e-02 )	( -4.0282913871e-03 -3.3016079309e-03 -3.4761969814e-02 )
1262             	( -3.9770752954e+00 1.4583474073e+00 -1.0950157333e-01 )	( -3.9730466826e+00 1.4616487429e+00 -7.4741164840e-02 )	( -4.0286127961e-03 -3.3013356203e-03 -3.4760408489e-02 )
1263             	( -3.9770758662e+00 1.4583474082e+00 -1.0950311706e-01 )	( -3.9730475723e+00 1.4616490163e+00 -7.4741145434e-02 )	( -4.0282938789e-03 -3.3016081018e-03 -3.4761971622e-02 )
1264             	( -3.9770765369e+00 1.4583477048e+00 -1.0950142422e-01 )	( -3.9730479223e+00 1.4616490412e+00 -7.4741010555e-02 )	( -4.0286145788e-03 -3.3013363782e-03 -3.4760413661e-02 )
1265             	( -3.9770770949e+00 1.4583477031e+00 -1.0950296619e-01 )	( -3.9730487985e+00 1.4616493113e+00 -7.4740992809e-02 )	( -4.0282963309e-03 -3.3016082644e-03 -3.4761973385e-02 )
1266             	( -3.9770777516e+00 1.4583479958e+00 -1.0950127839e-01 )	( -3.9730491353e+00 1.4616493329e+00 -7.4740859611e-02 )	( -4.0286163233e-03 -3.3013371261e-03 -3.4760418778e-02 )
1267             	( -3.9770782971e+00 1.4583479914e+00 -1.0950281860e-01 )	( -3.9730499983e+00 1.4616495998e+00 -7.4740843494e-02 )	( -4.0282987425e-03 -3.3016084192e-03 -3.4761975105e-02 )
1268             	( -3.9770789402e+00 1.4583482803e+00 -1.0950113582e-01 )	( -3.9730503221e+00 1.4616496181e+00 -7.4740711972e-02 )	( -4.0286180294e-03 -3.3013378645e-03 -3.4760423843e-02 )
1269             	( -3.9770794732e+00 1.4583482733e+00 -1.0950267426e-01 )	( -3.9730511721e+00 1.4616498819e+00 -7.4740697481e-02 )	( -4.0283011136e-03 -3.3016085664e-03 -3.4761976783e-02 )
1270             	( -3.9770801028e+00 1.4583485584e+00 -1.0950099648e-01 )	( -3.9730514831e+00 1.4616498970e+00 -7.4740567623e-02 )	( -4.0286196971e-03 -3.3013385938e-03 -3.4760428857e-02 )
1271             	( -3.9770806237e+00 1.4583485490e+00 -1.0950253316e-01 )	( -3.9730523203e+00 1.4616501577e+00 -7.4740554741e-02 )	( -4.0283034444e-03 -3.3016087064e-03 -3.4761978421e-02 )
1272             	( -3.9770812399e+00 1.4583488303e+00 -1.0950086034e-01 )	( -3.9730526186e+00 1.4616501696e+00 -7.4740426522e-02 )	( -4.0286213258e-03 -3.3013393143e-03 -3.4760433821e-02 )
1273             	( -3.9770817492e+00 1.4583488185e+00 -1.0950239522e-01 )	( -3.9730534435e+00 1.4616504274e+00 -7.4740415200e-02 )	( -4.0283057344e-03 -3.3016088395e-03 -3.4761980020e-02 )
1274             	( -3.9770823522e+00 1.4583490962e+00 -1.0950072740e-01 )	( -3.9730537293e+00 1.4616504362e+00 -7.4740288659e-02 )	( -4.0286229172e-03 -3.3013400262e-03 -3.4760438736e-02 )
1275             	( -3.9770828498e+00 1.4583490820e+00 -1.0950226048e-01 )	( -3.9730545419e+00 1.4616506910e+00 -7.4740278898e-02 )	( -4.0283079848e-03 -3.3016089662e-03 -3.4761981579e-02 )
1276             	( -3.9770834401e+00 1.4583493561e+00 -1.0950059756e-01 )	( -3.9730548156e+00 1.4616506968e+00 -7.4740153955e-02 )	( -4.0286244705e-03 -3.3013407299e-03 -3.4760443602e-02 )
1277             	( -3.9770839262e+00 1.4583493397e+00 -1.0950212885e-01 )	( -3.9730556160e+00 1.4616509488e+00 -7.4740145746e-02 )	( -4.0283101948e-03 -3.3016090868e-03 -3.4761983100e-02 )
1278             	( -3.9770845039e+00 1.4583496103e+00 -1.0950047081e-01 )	( -3.9730558779e+00 1.4616509517e+00 -7.4740022387e-02 )	( -4.0286259856e-03 -3.3013414258e-03 -3.4760448421e-02 )
1279             	( -3.9770849788e+00 1.4583495916e+00 -1.0950200029e-01 )	( -3.9730566664e+00 1.4616512008e+00 -7.4740015710e-02 )	( -4.0283123647e-03 -3.3016092015e-03 -3.4761984584e-02 )
1280             	( -3.9770855442e+00 1.4583498587e+00 -1.0950034711e-01 )	( -3.9730569167e+00 1.4616512009e+00 -7.4739893914e-02 )	( -4.0286274628e-03 -3.3013421141e-03 -3.4760453192e-02 )
1281             	( -3.9770860080e+00 1.4583498379e+00 -1.0950187478e-01 )	( -3.9730576935e+00 1.4616514472e+00 -7.4739888747e-02 )	( -4.0283144946e-03 -3.3016093106e-03 -3.4761986031e-02 )
1282             	( -3.9770865614e+00 1.4583501017e+00 -1.0950022641e-01 )	( -3.9730579325e+00 1.4616514445e+00 -7.4739768492e-02 )	( -4.0286289021e-03 -3.3013427953e-03 -3.4760457918e-02 )
1283             	( -3.9770870144e+00 1.4583500787e+00 -1.0950175225e-01 )	( -3.9730586979e+00 1.4616516881e+00 -7.4739764811e-02 )	( -4.0283165849e-03 -3.3016094144e-03 -3.4761987442e-02 )
1284             	( -3.9770875560e+00 1.4583503393e+00 -1.0950010867e-01 )	( -3.9730589257e+00 1.4616516827e+00 -7.4739646072e-02 )	( -4.0286303040e-03 -3.3013434695e-03 -3.4760462599e-02 )
1285             	( -3.9770879985e+00 1.4583503142e+00 -1.0950163267e-01 )	( -3.9730596799e+00 1.4616519238e+00 -7.4739643853e-02 )	( -4.0283186356e-03 -3.3016095131e-03 -3.4761988819e-02 )
1286             	( -3.9770885285e+00 1.4583505716e+00 -1.0949999384e-01 )	( -3.9730598969e+00 1.4616519157e+00 -7.4739526607e-02 )	( -4.0286316685e-03 -3.3013441369e-03 -3.4760467235e-02 )
1287             	( -3.9770889607e+00 1.4583505446e+00 -1.0950151598e-01 )	( -3.9730606401e+00 1.4616521542e+00 -7.4739525824e-02 )	( -4.0283206472e-03 -3.3016096071e-03 -3.4761990160e-02 )
1288             	( -3.9770894794e+00 1.4583507988e+00 -1.0949988187e-01 )	( -3.9730608464e+00 1.4616521436e+00 -7.4739410043e-02 )	( -4.0286329961e-03 -3.3013447980e-03 -3.4760471827e-02 )
1289             	( -3.9770899016e+00 1.4583507698e+00 -1.0950140214e-01 )	( -3.9730615789e+00 1.4616523795e+00 -7.4739410670e-02 )	( -4.0283226199e-03 -3.3016096965e-03 -3.4761991468e-02 )
1290             	( -3.9770904093e+00 1.4583510210e+00 -1.0949977270e-01 )	( -3.9730617750e+00 1.4616523665e+00 -7.4739296328e-02 )	( -4.0286342868e-03 -3.3013454528e-03 -3.4760476376e-02 )
1291             	( -3.9770908214e+00 1.4583509901e+00 -1.0950129107e-01 )	( -3.9730624968e+00 1.4616525999e+00 -7.4739298329e-02 )	( -4.0283245539e-03 -3.3016097816e-03 -3.4761992743e-02 )
1292             	( -3.9770913184e+00 1.4583512383e+00 -1.0949966630e-01 )	( -3.9730626828e+00 1.4616525844e+00 -7.4739185414e-02 )	( -4.0286355413e-03 -3.3013461017e-03 -3.4760480883e-02 )
1293             	( -3.9770917209e+00 1.4583512057e+00 -1.0950118275e-01 )	( -3.9730633944e+00 1.4616528156e+00 -7.4739188770e-02 )	( -4.0283264499e-03 -3.3016098626e-03 -3.4761993984e-02 )
1294             	( -3.9770922073e+00 1.4583514510e+00 -1.0949956258e-01 )	( -3.9730635705e+00 1.4616527977e+00 -7.4739077238e-02 )	( -4.0286367598e-03 -3.3013467448e-03 -3.4760485347e-02 )
1295             	( -3.9770926001e+00 1.4583514165e+00 -1.0950107718e-01 )	( -3.9730642718e+00 1.4616530265e+00 -7.4739081986e-02 )	( -4.0283283076e-03 -3.3016099396e-03 -3.4761995193e-02 )
1296             	( -3.9770930769e+00 1.4583516591e+00 -1.0949946144e-01 )	( -3.9730644390e+00 1.4616530064e+00 -7.4738971673e-02 )	( -4.0286379422e-03 -3.3013473824e-03 -3.4760489770e-02 )
1297             	( -3.9770934602e+00 1.4583516228e+00 -1.0950097417e-01 )	( -3.9730651301e+00 1.4616532329e+00 -7.4738977798e-02 )	( -4.0283301284e-03 -3.3016100130e-03 -3.4761996370e-02 )
1298             	( -3.9770939269e+00 1.4583518626e+00 -1.0949936297e-01 )	( -3.9730652878e+00 1.4616532106e+00 -7.4738868818e-02 )	( -4.0286390902e-03 -3.3013480146e-03 -3.4760494151e-02 )
1299             	( -3.9770943017e+00 1.4583518248e+00 -1.0950087366e-01 )	( -3.9730659697e+00 1.4616534349e+00 -7.4738876147e-02 )	( -4.0283319131e-03 -3.3016100830e-03 -3.4761997515e-02 )
1300             	( -3.9770947578e+00 1.4583520617e+00 -1.0949926709e-01 )	( -3.9730661176e+00 1.4616534103e+00 -7.4738768603e-02 )	( -4.0286402043e-03 -3.3013486416e-03 -3.4760498489e-02 )
1301             	( -3.9770951243e+00 1.4583520225e+00 -1.0950077573e-01 )	( -3.9730667906e+00 1.4616536326e+00 -7.4738777102e-02 )	( -4.0283336610e-03 -3.3016101495e-03 -3.4761998628e-02 )
1302             	( -3.9770955708e+00 1.4583522566e+00 -1.0949917361e-01 )	( -3.9730669295e+00 1.4616536059e+00 -7.4738670822e-02 )	( -4.0286412833e-03 -3.3013492636e-03 -3.4760502788e-02 )
1303             	( -3.9770959289e+00 1.4583522159e+00 -1.0950068024e-01 )	( -3.9730675935e+00 1.4616538261e+00 -7.4738680533e-02 )	( -4.0283353727e-03 -3.3016102127e-03 -3.4761999711e-02 )
1304             	( -3.9770963660e+00 1.4583524475e+00 -1.0949908254e-01 )	( -3.9730677237e+00 1.4616537974e+00 -7.4738575497e-02 )	( -4.0286423287e-03 -3.3013498807e-03 -3.4760507047e-02 )
1305             	( -3.9770967159e+00 1.4583524053e+00 -1.0950058715e-01 )	( -3.9730683789e+00 1.4616540156e+00 -7.4738586390e-02 )	( -4.0283370490e-03 -3.3016102729e-03 -3.4762000763e-02 )
1306             	( -3.9770971439e+00 1.4583526343e+00 -1.0949899383e-01 )	( -3.9730685005e+00 1.4616539848e+00 -7.4738482568e-02 )	( -4.0286433410e-03 -3.3013504931e-03 -3.4760511266e-02 )
1307             	( -3.9770974859e+00 1.4583525908e+00 -1.0950049640e-01 )	( -3.9730691472e+00 1.4616542011e+00 -7.4738494613e-02 )	( -4.0283386907e-03 -3.3016103301e-03 -3.4762001785e-02 )
1308             	( -3.9770979049e+00 1.4583528173e+00 -1.0949890743e-01 )	( -3.9730692606e+00 1.4616541684e+00 -7.4738391987e-02 )	( -4.0286443211e-03 -3.3013511009e-03 -3.4760515445e-02 )
1309             	( -3.9770982389e+00 1.4583527724e+00 -1.0950040798e-01 )	( -3.9730698986e+00 1.4616543828e+00 -7.4738405202e-02 )	( -4.0283402980e-03 -3.3016103844e-03 -3.4762002776e-02 )
1310             	( -3.9770986499e+00 1.4583529966e+00 -1.0949882318e-01 )	( -3.9730700046e+00 1.4616543483e+00 -7.4738303599e-02 )	( -4.0286452686e-03 -3.3013517043e-03 -3.4760519586e-02 )
1311             	( -3.9770989760e+00 1.4583529503e+00 -1.0950032171e-01 )	( -3.9730706341e+00 1.4616545608e+00 -7.4738317969e-02 )	( -4.0283418719e-03 -3.3016104361e-03 -3.4762003737e-02 )
1312             	( -3.9770993785e+00 1.4583531722e+00 -1.0949874118e-01 )	( -3.9730707323e+00 1.4616545245e+00 -7.4738217493e-02 )	( -4.0286461853e-03 -3.3013523033e-03 -3.4760523687e-02 )
1313             	( -3.9770996973e+00 1.4583531247e+00 -1.0950023759e-01 )	( -3.9730713539e+00 1.4616547352e+00 -7.4738232923e-02 )	( -4.0283434129e-03 -3.3016104852e-03 -3.4762004669e-02 )
1314             	( -3.9771000916e+00 1.4583533442e+00 -1.0949866129e-01 )	( -3.9730714445e+00 1.4616546971e+00 -7.4738133539e-02 )	( -4.0286470711e-03 -3.3013528981e-03 -3.4760527750e-02 )
1315             	( -3.9771004034e+00 1.4583532956e+00 -1.0950015557e-01 )	( -3.9730720585e+00 1.4616549061e+00 -7.4738149999e-02 )	( -4.0283449215e-03 -3.3016105318e-03 -3.4762005571e-02 )
1316             	( -3.9771007896e+00 1.4583535128e+00 -1.0949858345e-01 )	( -3.9730721417e+00 1.4616548663e+00 -7.4738051679e-02 )	( -4.0286479268e-03 -3.3013534887e-03 -3.4760531774e-02 )
1317             	( -3.9771010946e+00 1.4583534631e+00 -1.0950007558e-01 )	( -3.9730727482e+00 1.4616550736e+00 -7.4738069138e-02 )	( -4.0283463983e-03 -3.3016105760e-03 -3.4762006444e-02 )
1318             	( -3.9771014729e+00 1.4583536781e+00 -1.0949850761e-01 )	( -3.9730728242e+00 1.4616550322e+00 -7.4737971853e-02 )	( -4.0286487530e-03 -3.3013540753e-03 -3.4760535759e-02 )
1319             	( -3.9771017713e+00 1.4583536273e+00 -1.0949999757e-01 )	( -3.9730734234e+00 1.4616552379e+00 -7.4737990280e-02 )	( -4.0283478441e-03 -3.3016106177e-03 -3.4762007288e-02 )
1320             	( -3.9771021420e+00 1.4583538401e+00 -1.0949843371e-01 )	( -3.9730734925e+00 1.4616551948e+00 -7.4737893999e-02 )	( -4.0286495504e-03 -3.3013546578e-03 -3.4760539707e-02 )
1321             	( -3.9771024340e+00 1.4583537883e+00 -1.0949992147e-01 )	( -3.9730740847e+00 1.4616553989e+00 -7.4737913365e-02 )	( -4.0283492595e-03 -3.3016106572e-03 -3.4762008103e-02 )
1322             	( -3.9771027973e+00 1.4583539990e+00 -1.0949836168e-01 )	( -3.9730741470e+00 1.4616553543e+00 -7.4737818058e-02 )	( -4.0286503197e-03 -3.3013552365e-03 -3.4760543617e-02 )
1323             	( -3.9771030830e+00 1.4583539462e+00 -1.0949984722e-01 )	( -3.9730747324e+00 1.4616555569e+00 -7.4737838333e-02 )	( -4.0283506453e-03 -3.3016106945e-03 -3.4762008889e-02 )
1324             	( -3.9771034391e+00 1.4583541549e+00 -1.0949829146e-01 )	( -3.9730747881e+00 1.4616555107e+00 -7.4737743972e-02 )	( -4.0286510615e-03 -3.3013558113e-03 -3.4760547489e-02 )
1325             	( -3.9771037188e+00 1.4583541012e+00 -1.0949977477e-01 )	( -3.9730753668e+00 1.4616557119e+00 -7.4737765127e-02 )	( -4.0283520020e-03 -3.3016107295e-03 -3.4762009647e-02 )
1326             	( -3.9771040679e+00 1.4583543078e+00 -1.0949822299e-01 )	( -3.9730754162e+00 1.4616556642e+00 -7.4737671670e-02 )	( -4.0286517759e-03 -3.3013563824e-03 -3.4760551324e-02 )
1327             	( -3.9771043418e+00 1.4583542532e+00 -1.0949970404e-01 )	( -3.9730759885e+00 1.4616558640e+00 -7.4737693667e-02 )	( -4.0283533303e-03 -3.3016107623e-03 -3.4762010376e-02 )
1328             	( -3.9771046841e+00 1.4583544579e+00 -1.0949815626e-01 )	( -3.9730760316e+00 1.4616558148e+00 -7.4737601135e-02 )	( -4.0286524649e-03 -3.3013569496e-03 -3.4760555121e-02 )
1329             	( -3.9771049523e+00 1.4583544024e+00 -1.0949963502e-01 )	( -3.9730765977e+00 1.4616560132e+00 -7.4737623946e-02 )	( -4.0283546312e-03 -3.3016107931e-03 -3.4762011077e-02 )
1330             	( -3.9771052880e+00 1.4583546052e+00 -1.0949809115e-01 )	( -3.9730766348e+00 1.4616559627e+00 -7.4737532266e-02 )	( -4.0286531285e-03 -3.3013575131e-03 -3.4760558882e-02 )
1331             	( -3.9771055507e+00 1.4583545489e+00 -1.0949956762e-01 )	( -3.9730771948e+00 1.4616561597e+00 -7.4737555875e-02 )	( -4.0283559052e-03 -3.3016108218e-03 -3.4762011750e-02 )
1332             	( -3.9771058800e+00 1.4583547498e+00 -1.0949802763e-01 )	( -3.9730772262e+00 1.4616561078e+00 -7.4737465026e-02 )	( -4.0286537674e-03 -3.3013580729e-03 -3.4760562605e-02 )
1333             	( -3.9771061374e+00 1.4583546928e+00 -1.0949950180e-01 )	( -3.9730777802e+00 1.4616563036e+00 -7.4737489403e-02 )	( -4.0283571530e-03 -3.3016108485e-03 -3.4762012395e-02 )
1334             	( -3.9771064604e+00 1.4583548918e+00 -1.0949796565e-01 )	( -3.9730778060e+00 1.4616562504e+00 -7.4737399358e-02 )	( -4.0286543822e-03 -3.3013586291e-03 -3.4760566292e-02 )
1335             	( -3.9771067127e+00 1.4583548341e+00 -1.0949943749e-01 )	( -3.9730783544e+00 1.4616564449e+00 -7.4737424478e-02 )	( -4.0283583752e-03 -3.3016108731e-03 -3.4762013012e-02 )
1336             	( -3.9771070297e+00 1.4583550313e+00 -1.0949790515e-01 )	( -3.9730783747e+00 1.4616563905e+00 -7.4737335209e-02 )	( -4.0286549737e-03 -3.3013591816e-03 -3.4760569942e-02 )
1337             	( -3.9771072771e+00 1.4583549729e+00 -1.0949937465e-01 )	( -3.9730789175e+00 1.4616565838e+00 -7.4737361045e-02 )	( -4.0283595727e-03 -3.3016108957e-03 -3.4762013601e-02 )
1338             	( -3.9771075880e+00 1.4583551683e+00 -1.0949784608e-01 )	( -3.9730789325e+00 1.4616565280e+00 -7.4737272523e-02 )	( -4.0286555428e-03 -3.3013597306e-03 -3.4760573555e-02 )
1339             	( -3.9771078307e+00 1.4583551093e+00 -1.0949931322e-01 )	( -3.9730794700e+00 1.4616567202e+00 -7.4737299054e-02 )	( -4.0283607461e-03 -3.3016109164e-03 -3.4762014162e-02 )
1340             	( -3.9771081359e+00 1.4583553030e+00 -1.0949778839e-01 )	( -3.9730794798e+00 1.4616566633e+00 -7.4737211254e-02 )	( -4.0286560898e-03 -3.3013602759e-03 -3.4760577132e-02 )
1341             	( -3.9771083740e+00 1.4583552434e+00 -1.0949925314e-01 )	( -3.9730800121e+00 1.4616568543e+00 -7.4737238446e-02 )	( -4.0283618961e-03 -3.3016109350e-03 -3.4762014696e-02 )
1342             	( -3.9771086736e+00 1.4583554354e+00 -1.0949773202e-01 )	( -3.9730800170e+00 1.4616567962e+00 -7.4737151346e-02 )	( -4.0286566155e-03 -3.3013608177e-03 -3.4760580674e-02 )
1343             	( -3.9771089072e+00 1.4583553752e+00 -1.0949919438e-01 )	( -3.9730805442e+00 1.4616569861e+00 -7.4737179176e-02 )	( -4.0283630233e-03 -3.3016109516e-03 -3.4762015203e-02 )
1344             	( -3.9771092014e+00 1.4583555655e+00 -1.0949767693e-01 )	( -3.9730805443e+00 1.4616569269e+00 -7.4737092751e-02 )	( -4.0286571207e-03 -3.3013613559e-03 -3.4760584179e-02 )
1345             	( -3.9771094307e+00 1.4583555048e+00 -1.0949913688e-01 )	( -3.9730810666e+00 1.4616571157e+00 -7.4737121194e-02 )	( -4.0283641284e-03 -3.3016109662e-03 -3.4762015683e-02 )
