# y+ ()          
# Time           	patch            	min              	max              	average          
1                	Bottom	2.6882435767e+01	3.0551742951e+02	1.9142787898e+02
1                	Top	4.9100033045e+01	2.9426018386e+02	1.6318400055e+02
1                	e423_0	1.0882366778e+01	6.5109014915e+02	4.3948880868e+02
2                	Bottom	3.8534624177e+01	3.4477128226e+02	1.8527373499e+02
2                	Top	1.7655873167e+01	2.3343409731e+02	1.3635984428e+02
2                	e423_0	3.6123493699e+01	6.5725471985e+02	4.2690884045e+02
3                	Bottom	5.8560842745e+01	3.5269967450e+02	1.7521992016e+02
3                	Top	1.0523903426e+01	2.1954775062e+02	1.1421423646e+02
3                	e423_0	6.3564392578e+01	6.5482859278e+02	4.2156530927e+02
4                	Bottom	2.7636394707e+01	3.5113503461e+02	1.6156311889e+02
4                	Top	1.3890769372e+01	2.0804228537e+02	9.5141225910e+01
4                	e423_0	6.5058689190e+01	6.4446717812e+02	4.1322010275e+02
5                	Bottom	5.9255316980e+01	3.4737194548e+02	1.5213023829e+02
5                	Top	1.8902190326e+01	2.0565607307e+02	9.6855889327e+01
5                	e423_0	5.5067779719e+01	6.4377433192e+02	4.0496589748e+02
6                	Bottom	3.5936013714e+01	3.4527163670e+02	1.4194405716e+02
6                	Top	1.0327810009e+01	1.9334993185e+02	1.0399275614e+02
6                	e423_0	4.3919730930e+01	6.4497767099e+02	3.9636025056e+02
7                	Bottom	3.7977118041e+01	3.3934915220e+02	1.3392773525e+02
7                	Top	2.7593516218e+01	1.8545604165e+02	1.1000431883e+02
7                	e423_0	4.4371035086e+01	6.4617647255e+02	3.8788458468e+02
8                	Bottom	4.8130336174e+01	3.3041311920e+02	1.2716401311e+02
8                	Top	3.1562545298e+01	1.8562147683e+02	1.0867402977e+02
8                	e423_0	4.8213365979e+01	6.4809509668e+02	3.7905976460e+02
9                	Bottom	3.8917716904e+01	3.1733642948e+02	1.2158477477e+02
9                	Top	1.7465172783e+01	1.7428765433e+02	1.0230578078e+02
9                	e423_0	5.0846467485e+01	6.5132484220e+02	3.6978145841e+02
10               	Bottom	3.6272483845e+01	2.9925750137e+02	1.1707944478e+02
10               	Top	3.2405702260e+01	1.6648048703e+02	1.0205407368e+02
10               	e423_0	5.2769859740e+01	6.5537985360e+02	3.5994968859e+02
11               	Bottom	4.4905459034e+01	2.7477977057e+02	1.1371562109e+02
11               	Top	1.4948837857e+01	1.5756940513e+02	9.5480636878e+01
11               	e423_0	5.2711403599e+01	6.5954660872e+02	3.4944042896e+02
12               	Bottom	4.6552522652e+01	2.4809989502e+02	1.1008358648e+02
12               	Top	1.9231546251e+01	1.5031958938e+02	9.1085602898e+01
12               	e423_0	5.1339733729e+01	6.6339444799e+02	3.3840526131e+02
13               	Bottom	2.8254661165e+01	2.2372164231e+02	1.0610403414e+02
13               	Top	8.1339136236e+00	1.3865067389e+02	8.5512254918e+01
13               	e423_0	3.1784040385e+01	6.6661040419e+02	3.2641168383e+02
14               	Bottom	2.6552105978e+01	1.9974940391e+02	1.0216886538e+02
14               	Top	2.2912124603e+01	1.2551284162e+02	8.4130113830e+01
14               	e423_0	6.8765745518e+00	6.6901885246e+02	3.1393029111e+02
15               	Bottom	4.3870947516e+01	1.7596536113e+02	9.8615013618e+01
15               	Top	3.0888708139e+01	1.2168854874e+02	8.2574212723e+01
15               	e423_0	6.0800741067e+00	6.7060741484e+02	3.0847404964e+02
16               	Bottom	2.6842225987e+01	1.5364144270e+02	9.3972685045e+01
16               	Top	2.5576059303e+01	1.2020285735e+02	8.0598190106e+01
16               	e423_0	2.7744144677e+01	6.7139336486e+02	3.0426003983e+02
17               	Bottom	1.6946674311e+01	1.5016821056e+02	9.0639375028e+01
17               	Top	9.2696221534e+00	1.1959193439e+02	7.9413832602e+01
17               	e423_0	1.2481969378e+01	6.7169810722e+02	3.0053297272e+02
18               	Bottom	3.1691528233e+01	1.5209017528e+02	9.0366535444e+01
18               	Top	1.5042369125e+01	1.2497067678e+02	7.9995341234e+01
18               	e423_0	1.2799269510e+01	6.7172592131e+02	2.9859866491e+02
19               	Bottom	2.5188430379e+01	1.5421365229e+02	8.8885725097e+01
19               	Top	2.0328993716e+01	1.3116192258e+02	8.0717015574e+01
19               	e423_0	9.9110467418e+00	6.7147749967e+02	2.9697600762e+02
20               	Bottom	1.0002582268e+01	1.5631758768e+02	8.6917290239e+01
20               	Top	2.3957335161e+01	1.3438108385e+02	8.1338839615e+01
20               	e423_0	6.1249953338e+00	6.7120025781e+02	2.9732041056e+02
21               	Bottom	1.2029119833e+01	1.5847226062e+02	8.6631578213e+01
21               	Top	2.6237174130e+01	1.3598315367e+02	8.1906652585e+01
21               	e423_0	8.2312935156e+00	6.7093602161e+02	2.9860519946e+02
22               	Bottom	2.0527918254e+01	1.6067576545e+02	8.7744811646e+01
22               	Top	2.8373119342e+01	1.3572357184e+02	8.2469643773e+01
22               	e423_0	3.8073127194e+00	6.7078479891e+02	3.0061094527e+02
23               	Bottom	2.3298603908e+01	1.6287258669e+02	8.8586546397e+01
23               	Top	3.0596299056e+01	1.3443829750e+02	8.3020743805e+01
23               	e423_0	6.8370002939e+00	6.7075845230e+02	3.0270615233e+02
24               	Bottom	2.1133160512e+01	1.6509614161e+02	8.9615871334e+01
24               	Top	2.9661730096e+01	1.3291903411e+02	8.3597725232e+01
24               	e423_0	9.3965226126e+00	6.7081541589e+02	3.0446897572e+02
25               	Bottom	2.0055605801e+01	1.6734803790e+02	9.0844039214e+01
25               	Top	2.7260853125e+01	1.3074086565e+02	8.4109764365e+01
25               	e423_0	1.9515010157e+01	6.7093771246e+02	3.0723056981e+02
26               	Bottom	1.8922143847e+01	1.6959301301e+02	9.2270544103e+01
26               	Top	2.4431611998e+01	1.2828203284e+02	8.4544826820e+01
26               	e423_0	1.9468710246e+01	6.7110632282e+02	3.0940713885e+02
27               	Bottom	1.6972044868e+01	1.7181188967e+02	9.3779559013e+01
27               	Top	2.0944866885e+01	1.2938518678e+02	8.4917841892e+01
27               	e423_0	2.0917635684e+01	6.7131675185e+02	3.1114933649e+02
28               	Bottom	1.3811013091e+01	1.7392726227e+02	9.5241964812e+01
28               	Top	1.6782901567e+01	1.3123611204e+02	8.5296742823e+01
28               	e423_0	2.1578844419e+01	6.7156487523e+02	3.1264310807e+02
29               	Bottom	8.2625734453e+00	1.7598525364e+02	9.6382477936e+01
29               	Top	1.1893085088e+01	1.3316512474e+02	8.5680470156e+01
29               	e423_0	1.0564172022e+01	6.7182422748e+02	3.1372208486e+02
30               	Bottom	8.6898258524e+00	1.7876798323e+02	9.7592487297e+01
30               	Top	5.2508745995e+00	1.3516339313e+02	8.6213748341e+01
30               	e423_0	2.3067320412e+01	6.7210242481e+02	3.1475014511e+02
31               	Bottom	1.3390865738e+01	1.8139942033e+02	9.8657137744e+01
31               	Top	7.3287528662e+00	1.3716891695e+02	8.7408396225e+01
31               	e423_0	2.1360899295e+01	6.7240137928e+02	3.1527677846e+02
32               	Bottom	2.0581287502e+01	1.8383444701e+02	1.0053106759e+02
32               	Top	9.4115564044e+00	1.3916071566e+02	8.8726055634e+01
32               	e423_0	1.7836721852e+01	6.7272397794e+02	3.1586291864e+02
33               	Bottom	2.4650823901e+01	1.8607026234e+02	1.0267513664e+02
33               	Top	1.0445587156e+01	1.4109043633e+02	8.9989707845e+01
33               	e423_0	2.8262639996e+00	6.7307634369e+02	3.1591268335e+02
34               	Bottom	2.0465941481e+01	1.8811111929e+02	1.0433065266e+02
34               	Top	1.1422505936e+01	1.4293454861e+02	9.1286791149e+01
34               	e423_0	7.8406027981e+00	6.7346117579e+02	3.1626306134e+02
35               	Bottom	1.3940332925e+01	1.8994044221e+02	1.0538231129e+02
35               	Top	1.3433767560e+01	1.4465454248e+02	9.2750546315e+01
35               	e423_0	8.6957871731e+00	6.7387925922e+02	3.1653023310e+02
36               	Bottom	8.2822317266e+00	1.9154407556e+02	1.0580998427e+02
36               	Top	1.6752295599e+01	1.4619058252e+02	9.4382139848e+01
36               	e423_0	1.0687055926e+01	6.7432379178e+02	3.1673010697e+02
37               	Bottom	1.9325930677e+01	1.9283405104e+02	1.1023159628e+02
37               	Top	2.0877862881e+01	1.4786913900e+02	9.6217802341e+01
37               	e423_0	8.4545698040e+00	6.7483537305e+02	3.1646773789e+02
38               	Bottom	2.1678096797e+01	1.9381166818e+02	1.1341731918e+02
38               	Top	2.5586555809e+01	1.5162453065e+02	9.8176410342e+01
38               	e423_0	8.8597438836e+00	6.7539580775e+02	3.1617217391e+02
39               	Bottom	8.0086708212e+00	1.9446828791e+02	1.1568685686e+02
39               	Top	3.0665003641e+01	1.5868840718e+02	1.0017266863e+02
39               	e423_0	9.3901241883e+00	6.7600422783e+02	3.1564444583e+02
40               	Bottom	1.4323119890e+01	1.9471352928e+02	1.1959563543e+02
40               	Top	3.1914964173e+01	1.6605717696e+02	1.0219243523e+02
40               	e423_0	9.6531896271e+00	6.7666462863e+02	3.1478561881e+02
41               	Bottom	2.6078886054e+01	1.9454364451e+02	1.2402812210e+02
41               	Top	2.4557391337e+01	1.7401156754e+02	1.0409154850e+02
41               	e423_0	9.2575376077e+00	6.7738873589e+02	3.1338601760e+02
42               	Bottom	3.3413393466e+01	1.9481224278e+02	1.2790667407e+02
42               	Top	8.1086866176e+00	1.8278936440e+02	1.0546676939e+02
42               	e423_0	9.2035831443e+00	6.7814235356e+02	3.1124435417e+02
43               	Bottom	4.0458781338e+01	1.9468240629e+02	1.3150287170e+02
43               	Top	2.4161601478e+01	1.9225751771e+02	1.0855515940e+02
43               	e423_0	6.5316098444e+00	6.7894190866e+02	3.0867785850e+02
44               	Bottom	4.6726974439e+01	1.9409789122e+02	1.3496657904e+02
44               	Top	1.6404043909e+01	2.0208212006e+02	1.1106791213e+02
44               	e423_0	4.5677927482e+00	6.7978854858e+02	3.0646823881e+02
45               	Bottom	5.3280905604e+01	1.9298176119e+02	1.3841217532e+02
45               	Top	2.2718781775e+01	2.1206447829e+02	1.1479331635e+02
45               	e423_0	8.9206628433e+00	6.8068502159e+02	3.0396791961e+02
46               	Bottom	5.9701383269e+01	1.9308483973e+02	1.4177071181e+02
46               	Top	3.6426604982e+01	2.2191195214e+02	1.1878270924e+02
46               	e423_0	8.2975105137e+00	6.8161272957e+02	3.0094512603e+02
47               	Bottom	6.2320632868e+01	2.0674498508e+02	1.4505191678e+02
47               	Top	4.6606853636e+01	2.3142582599e+02	1.2217291808e+02
47               	e423_0	7.4418903069e+00	6.8257258328e+02	2.9789659048e+02
48               	Bottom	6.1182127937e+01	2.2035483839e+02	1.4816512153e+02
48               	Top	5.5958673510e+01	2.4040809992e+02	1.2546334268e+02
48               	e423_0	7.0791241015e+00	6.8357028975e+02	2.9426773213e+02
49               	Bottom	5.9908697028e+01	2.3314146952e+02	1.5094575957e+02
49               	Top	6.1564054156e+01	2.4853934142e+02	1.2848569539e+02
49               	e423_0	4.7798124746e+00	6.8458941177e+02	2.9019172619e+02
50               	Bottom	5.8478990993e+01	2.4428313098e+02	1.5334773763e+02
50               	Top	4.8020198629e+01	2.5725863020e+02	1.3103659058e+02
50               	e423_0	7.6033640825e+00	6.8561414526e+02	2.8673571339e+02
51               	Bottom	5.6904117820e+01	2.5626946668e+02	1.5528462724e+02
51               	Top	2.4923761078e+01	2.6683593357e+02	1.3278112462e+02
51               	e423_0	7.2426489491e-01	6.8659599244e+02	2.8355891279e+02
52               	Bottom	5.5146579660e+01	2.6913088955e+02	1.5664307015e+02
52               	Top	3.2746518162e+01	2.7619493167e+02	1.3581436623e+02
52               	e423_0	1.0995472861e+01	6.8753581587e+02	2.9062068953e+02
53               	Bottom	5.3951319767e+01	2.8113657206e+02	1.5755854200e+02
53               	Top	5.1250759619e+01	2.8557871170e+02	1.3913698670e+02
53               	e423_0	1.0115495926e+01	6.8847879485e+02	2.9483597994e+02
54               	Bottom	5.2706332025e+01	2.9281547342e+02	1.5804049947e+02
54               	Top	6.3577104894e+01	2.9497061438e+02	1.4171038489e+02
54               	e423_0	7.3798935627e+00	6.8939890910e+02	2.9607589882e+02
55               	Bottom	5.1363012393e+01	3.0406995221e+02	1.5805571315e+02
55               	Top	5.4890425211e+01	3.0369806524e+02	1.4373791451e+02
55               	e423_0	7.2861545439e+00	6.9026159084e+02	2.9779368106e+02
56               	Bottom	5.0148659164e+01	3.1477101923e+02	1.5761548426e+02
56               	Top	3.5837032870e+01	3.1157017396e+02	1.4507117047e+02
56               	e423_0	7.9802419718e+00	6.9108572037e+02	2.9844145231e+02
57               	Bottom	4.8968451061e+01	3.2485739698e+02	1.5664718931e+02
57               	Top	2.1314040450e+01	3.1842981926e+02	1.4626722331e+02
57               	e423_0	8.1081372163e+00	6.9186230022e+02	2.9787845264e+02
58               	Bottom	4.7930426066e+01	3.3348622131e+02	1.5510036246e+02
58               	Top	4.7906793662e+01	3.2417800378e+02	1.4926965671e+02
58               	e423_0	9.8663452350e+00	6.9258204992e+02	2.9664303132e+02
59               	Bottom	4.7007929706e+01	3.4064223679e+02	1.5301085526e+02
59               	Top	6.3769699215e+01	3.2876211252e+02	1.5109316063e+02
59               	e423_0	7.4909677197e+00	6.9326105462e+02	2.9520846960e+02
60               	Bottom	4.5997691055e+01	3.4660520644e+02	1.5037397906e+02
60               	Top	5.3130145408e+01	3.3231515082e+02	1.5209350937e+02
60               	e423_0	9.2710482246e+00	6.9386943863e+02	2.9416377033e+02
61               	Bottom	4.5059858278e+01	3.5158725794e+02	1.4730061106e+02
61               	Top	3.2066814264e+01	3.3475978896e+02	1.5225191270e+02
61               	e423_0	9.6593914768e+00	6.9443805790e+02	2.9341546466e+02
62               	Bottom	4.4075664739e+01	3.5569108249e+02	1.4324943684e+02
62               	Top	2.6865058891e+01	3.3603895795e+02	1.5268801568e+02
62               	e423_0	1.0849009689e+01	6.9498241962e+02	2.9299448309e+02
63               	Bottom	4.3158199784e+01	3.5892474578e+02	1.3819155455e+02
63               	Top	4.7864671699e+01	3.3626449005e+02	1.5410240685e+02
63               	e423_0	1.1534842876e+01	6.9548929642e+02	2.9262474570e+02
64               	Bottom	3.8049932738e+01	3.6129533773e+02	1.3352734594e+02
64               	Top	6.0804815910e+01	3.3563902342e+02	1.5472410461e+02
64               	e423_0	1.1105226755e+01	6.9596891795e+02	2.9230926641e+02
65               	Bottom	1.6906481282e+01	3.6285197405e+02	1.2716873224e+02
65               	Top	6.0400949280e+01	3.3435327796e+02	1.5498558138e+02
65               	e423_0	9.1814147717e+00	6.9643176516e+02	2.9201477402e+02
66               	Bottom	2.0489134113e+01	3.6362575451e+02	1.2590087404e+02
66               	Top	4.6067909234e+01	3.3260778040e+02	1.5473449136e+02
66               	e423_0	8.1998836300e+00	6.9687122592e+02	2.9164744548e+02
67               	Bottom	2.8653544239e+01	3.6369176007e+02	1.2555798988e+02
67               	Top	2.2727243622e+01	3.3060077718e+02	1.5361683097e+02
67               	e423_0	6.6290038693e+00	6.9727790707e+02	2.9121714496e+02
68               	Bottom	3.2175946112e+01	3.6314830066e+02	1.2538771318e+02
68               	Top	3.3145814771e+01	3.2845986872e+02	1.5405415290e+02
68               	e423_0	4.9190413529e+00	6.9766999491e+02	2.9077570045e+02
69               	Bottom	4.0929870453e+01	3.6216965325e+02	1.2562873025e+02
69               	Top	5.1618776168e+01	3.2632677557e+02	1.5466158528e+02
69               	e423_0	2.9198804439e+00	6.9804198596e+02	2.9046082314e+02
70               	Bottom	3.4531453639e+01	3.6096393146e+02	1.2507648775e+02
70               	Top	6.1456541862e+01	3.2424623094e+02	1.5470958402e+02
70               	e423_0	1.9692647023e+00	6.9839031076e+02	2.9012764970e+02
71               	Bottom	2.3322233977e+01	3.5966152431e+02	1.2335322790e+02
71               	Top	4.7531241498e+01	3.2223134618e+02	1.5430651408e+02
71               	e423_0	3.1043341246e+00	6.9871476816e+02	2.9002075175e+02
72               	Bottom	2.3305379086e+01	3.5827347057e+02	1.2381212281e+02
72               	Top	2.6675133078e+01	3.2017493304e+02	1.5318291094e+02
72               	e423_0	4.6986636126e+00	6.9901553125e+02	2.9009299514e+02
73               	Bottom	2.1145780823e+01	3.5699664941e+02	1.2472065044e+02
73               	Top	3.0154407005e+01	3.1793887957e+02	1.5309194516e+02
73               	e423_0	2.6150413574e+00	6.9929187049e+02	2.9022033785e+02
74               	Bottom	2.2179851311e+01	3.5554104830e+02	1.2472344547e+02
74               	Top	4.9915343565e+01	3.1560229533e+02	1.5360323132e+02
74               	e423_0	3.8014504874e+00	6.9954523950e+02	2.9045919337e+02
75               	Bottom	2.5265475995e+01	3.5378836245e+02	1.2501550640e+02
75               	Top	5.8283233413e+01	3.1304052869e+02	1.5349314776e+02
75               	e423_0	1.6969794061e+00	6.9977486543e+02	2.9055365857e+02
76               	Bottom	1.7682056834e+01	3.5196756023e+02	1.2454079940e+02
76               	Top	4.2402660567e+01	3.1023616878e+02	1.5288758430e+02
76               	e423_0	3.1751177937e+00	6.9997803363e+02	2.9083180440e+02
77               	Bottom	3.3889746590e+01	3.4973494277e+02	1.2631984992e+02
77               	Top	1.0612552751e+01	3.0730059431e+02	1.5099086719e+02
77               	e423_0	4.7341515020e+00	7.0015890362e+02	2.9100030936e+02
78               	Bottom	3.8713183546e+01	3.4705661087e+02	1.2703373026e+02
78               	Top	3.9831927740e+01	3.0416888584e+02	1.5192151423e+02
78               	e423_0	2.6449132355e+00	7.0031892341e+02	2.9108846684e+02
79               	Bottom	4.2069465803e+01	3.4388223554e+02	1.2625631962e+02
79               	Top	5.7396564829e+01	3.0041093895e+02	1.5171507552e+02
79               	e423_0	2.0897911199e+00	7.0045736854e+02	2.9114233685e+02
80               	Bottom	7.0716165325e+00	3.3974480194e+02	1.2421432784e+02
80               	Top	4.3410754516e+01	2.9490313186e+02	1.5074936448e+02
80               	e423_0	3.2744759598e+00	7.0057873523e+02	2.9127723425e+02
81               	Bottom	4.9685623641e+01	3.3418232577e+02	1.2683528513e+02
81               	Top	1.4115336742e+01	2.8752755884e+02	1.4835358980e+02
81               	e423_0	4.5896939265e+00	7.0068365091e+02	2.9138090412e+02
82               	Bottom	5.4406424885e+01	3.2733138993e+02	1.2716857312e+02
82               	Top	4.0118248827e+01	2.8002756508e+02	1.4788900059e+02
82               	e423_0	4.8107306998e+00	7.0077412399e+02	2.9146423206e+02
83               	Bottom	4.1458611395e+01	3.1837395715e+02	1.2591976811e+02
83               	Top	5.5774232932e+01	2.7120906228e+02	1.4760451876e+02
83               	e423_0	4.6690006360e+00	7.0085147282e+02	2.9154420881e+02
84               	Bottom	3.0444419499e+01	3.0695812970e+02	1.2413349013e+02
84               	Top	3.4311418440e+01	2.6194437833e+02	1.4592933390e+02
84               	e423_0	4.5908531132e+00	7.0091610213e+02	2.9162152627e+02
85               	Bottom	4.0496656732e+01	2.9312654623e+02	1.2352785130e+02
85               	Top	2.6568321304e+01	2.5085521160e+02	1.4398686115e+02
85               	e423_0	4.7163140614e+00	7.0096993051e+02	2.9168907563e+02
86               	Bottom	2.5909919297e+01	2.7733601147e+02	1.1914812990e+02
86               	Top	4.3428389900e+01	2.3707571491e+02	1.4265458159e+02
86               	e423_0	4.8843146759e+00	7.0101361904e+02	2.9173058354e+02
87               	Bottom	2.0529891874e+01	2.4430625099e+02	1.1669484341e+02
87               	Top	2.5188296868e+01	2.2167876743e+02	1.4023345497e+02
87               	e423_0	4.9348695921e+00	7.0104794483e+02	2.9174594538e+02
88               	Bottom	3.7765040241e+01	2.2238725704e+02	1.1686837068e+02
88               	Top	5.5188316587e+01	2.0306697087e+02	1.3845531332e+02
88               	e423_0	4.6706167394e+00	7.0107379556e+02	2.9173111886e+02
89               	Bottom	6.4495712004e+00	1.9952836061e+02	1.1091477040e+02
89               	Top	2.7214325472e+01	2.0258109954e+02	1.3131437254e+02
89               	e423_0	3.9340363615e+00	7.0109209291e+02	2.9168909410e+02
90               	Bottom	5.4154500888e+01	1.7566199055e+02	1.1372876871e+02
90               	Top	2.6152075695e+01	2.0374768768e+02	1.3399979995e+02
90               	e423_0	2.3841134990e+00	7.0110344811e+02	2.9162412631e+02
91               	Bottom	2.4673013237e+01	1.7774931337e+02	1.1502616755e+02
91               	Top	4.5949389275e+01	2.0414768456e+02	1.3688875181e+02
91               	e423_0	2.4927984575e+00	7.0110859169e+02	2.9159514291e+02
92               	Bottom	4.8409001588e+01	1.8012379827e+02	1.1631095066e+02
92               	Top	5.0117449557e+01	2.0374451288e+02	1.4252695675e+02
92               	e423_0	4.2136871974e+00	7.0110793051e+02	2.9160576172e+02
93               	Bottom	9.3080605685e+00	2.0509385270e+02	1.2327911131e+02
93               	Top	4.8440313845e+01	2.1818435490e+02	1.5019325248e+02
93               	e423_0	2.1239553601e+00	7.0110247302e+02	2.9159033822e+02
94               	Bottom	1.8468943468e+01	2.3286106922e+02	1.3185759536e+02
94               	Top	4.6783067922e+01	2.4936181971e+02	1.5615292495e+02
94               	e423_0	2.8831731552e+00	7.0109292990e+02	2.9167441392e+02
95               	Bottom	3.6937445037e+01	2.5873066374e+02	1.4029523841e+02
95               	Top	4.5093588856e+01	2.7547424773e+02	1.6104753177e+02
95               	e423_0	1.9676186695e+00	7.0107976164e+02	2.9175389964e+02
96               	Bottom	5.3264014435e+01	2.8059292323e+02	1.4641831568e+02
96               	Top	4.3476269862e+01	2.9540514369e+02	1.6467624705e+02
96               	e423_0	6.3371571679e-01	7.0106394572e+02	2.9180838399e+02
97               	Bottom	5.9696469604e+01	3.0014740020e+02	1.5187119580e+02
97               	Top	4.2027563199e+01	3.1357115276e+02	1.6734151247e+02
97               	e423_0	1.2330587513e+00	7.0104611994e+02	2.9187780497e+02
98               	Bottom	6.5584693305e+01	3.1789518630e+02	1.5649042276e+02
98               	Top	4.0826667117e+01	3.3060630978e+02	1.6927913931e+02
98               	e423_0	1.8063546973e+00	7.0102696204e+02	2.9193419338e+02
99               	Bottom	4.9579203254e+01	3.3343977058e+02	1.5987286817e+02
99               	Top	3.9844342133e+01	3.4575668126e+02	1.7043855120e+02
99               	e423_0	2.3242686816e+00	7.0100737502e+02	2.9197556033e+02
100              	Bottom	2.2712864946e+01	3.4573166250e+02	1.6141358150e+02
100              	Top	3.9239277897e+01	3.5781692345e+02	1.7079432705e+02
100              	e423_0	2.7044575118e+00	7.0098834977e+02	2.9200198572e+02
101              	Bottom	3.6932072030e+01	3.5984052845e+02	1.6405489546e+02
101              	Top	3.8941940682e+01	3.7252593203e+02	1.7036539054e+02
101              	e423_0	2.7443512722e+00	7.0097050493e+02	2.9199602472e+02
102              	Bottom	5.5021096252e+01	3.7275508907e+02	1.6536536389e+02
102              	Top	3.8855641707e+01	3.8640306867e+02	1.6936469656e+02
102              	e423_0	2.4451472690e+00	7.0095439021e+02	2.9198018040e+02
103              	Bottom	6.3292613294e+01	3.8249863814e+02	1.6572824110e+02
103              	Top	3.9029506418e+01	3.9810359285e+02	1.6783252389e+02
103              	e423_0	1.9310800080e+00	7.0094060481e+02	2.9193881371e+02
104              	Bottom	4.6156116100e+01	3.8938934945e+02	1.6496489946e+02
104              	Top	3.9446523683e+01	4.0776644540e+02	1.6576077442e+02
104              	e423_0	1.3003825065e+00	7.0092956158e+02	2.9188476092e+02
105              	Bottom	1.6128437765e+01	3.9380836616e+02	1.6252587786e+02
105              	Top	4.0148681338e+01	4.1522253559e+02	1.6317497265e+02
105              	e423_0	8.1403502750e-01	7.0092146170e+02	2.9181623203e+02
106              	Bottom	3.9095024918e+01	3.9585170565e+02	1.6208362619e+02
106              	Top	4.1047192091e+01	4.1983805329e+02	1.6017066614e+02
106              	e423_0	6.5283715653e-01	7.0091687705e+02	2.9174359671e+02
107              	Bottom	4.8548039119e+01	3.9528839933e+02	1.5943338523e+02
107              	Top	4.2112914143e+01	4.2219746006e+02	1.5683481838e+02
107              	e423_0	8.7029574623e-01	7.0091565396e+02	2.9176104403e+02
108              	Bottom	4.2030996402e+01	3.9257209290e+02	1.5628592239e+02
108              	Top	4.3293384602e+01	4.2273544146e+02	1.5320670599e+02
108              	e423_0	1.5675159172e+00	7.0091792200e+02	2.9173006432e+02
109              	Bottom	2.7634289808e+01	3.8784248082e+02	1.5239808639e+02
109              	Top	4.4559710121e+01	4.2163313290e+02	1.4925820695e+02
109              	e423_0	1.6413237590e+00	7.0092289460e+02	2.9173567706e+02
110              	Bottom	2.8205309307e+01	3.8119587568e+02	1.4871077639e+02
110              	Top	4.5911592936e+01	4.1862541202e+02	1.4495135257e+02
110              	e423_0	1.5774981193e+00	7.0093104320e+02	2.9171056255e+02
111              	Bottom	4.8312902613e+01	3.7348803633e+02	1.4530501774e+02
111              	Top	4.7260650398e+01	4.1317700970e+02	1.4023773196e+02
111              	e423_0	1.1321113345e+00	7.0094153504e+02	2.9170896972e+02
112              	Bottom	2.4645932363e+01	3.6252471996e+02	1.3973561226e+02
112              	Top	4.8595973376e+01	4.0521708307e+02	1.3516492390e+02
112              	e423_0	1.6488910682e+00	7.0095405702e+02	2.9172158971e+02
113              	Bottom	4.5281247535e+01	3.5015406318e+02	1.3588683222e+02
113              	Top	4.9921161147e+01	3.9512350823e+02	1.2980633126e+02
113              	e423_0	1.5504049862e+00	7.0096811699e+02	2.9172051631e+02
114              	Bottom	4.4256451224e+01	3.3666011496e+02	1.3039817957e+02
114              	Top	4.5266797961e+01	3.8306133326e+02	1.2401561029e+02
114              	e423_0	1.0194067255e+00	7.0098320750e+02	2.9170812867e+02
115              	Bottom	1.0836835722e+01	3.2094927842e+02	1.2315312499e+02
115              	Top	3.6427537713e+01	3.6920989820e+02	1.1792067469e+02
115              	e423_0	9.0250644494e-01	7.0099888083e+02	2.9170122198e+02
116              	Bottom	3.8730587391e+01	3.0363579799e+02	1.1875454684e+02
116              	Top	2.3817816972e+01	3.5381884654e+02	1.1158170560e+02
116              	e423_0	1.6894594895e+00	7.0101474520e+02	2.9170941533e+02
117              	Bottom	3.9489977824e+01	2.8505433455e+02	1.1365901602e+02
117              	Top	5.9373053511e+00	3.3706359512e+02	1.0483647020e+02
117              	e423_0	2.2111213684e+00	7.0103040980e+02	2.9171010309e+02
118              	Bottom	7.5313369657e+00	2.6589960125e+02	1.0672879176e+02
118              	Top	1.2703851342e+01	3.1919975576e+02	1.0027827943e+02
118              	e423_0	2.6130805053e+00	7.0104555550e+02	2.9170663014e+02
119              	Bottom	3.8573508674e+01	2.4656252286e+02	1.0274300343e+02
119              	Top	1.7043655716e+01	3.0070217938e+02	9.6782087215e+01
119              	e423_0	2.9501421545e+00	7.0105986382e+02	2.9170051207e+02
120              	Bottom	3.0804957847e+01	2.2711582465e+02	9.7211799310e+01
120              	Top	1.9811549674e+01	2.8174748386e+02	9.4027055063e+01
120              	e423_0	3.2477883454e+00	7.0107309994e+02	2.9169241663e+02
121              	Bottom	1.8973046905e+01	2.0566184394e+02	9.1493399184e+01
121              	Top	2.1795508005e+01	2.6259714940e+02	9.1395704099e+01
121              	e423_0	3.5316171827e+00	7.0108502487e+02	2.9168235859e+02
122              	Bottom	2.9703172374e+01	1.8201439741e+02	8.7598926249e+01
122              	Top	2.0555793279e+01	2.4272781687e+02	8.8986001426e+01
122              	e423_0	3.8197942063e+00	7.0109538808e+02	2.9166899085e+02
123              	Bottom	3.1468801018e+01	1.5596457765e+02	8.3998990941e+01
123              	Top	2.8761159625e+01	2.2161164383e+02	8.7761936958e+01
123              	e423_0	4.1132676714e+00	7.0110406816e+02	2.9165138775e+02
124              	Bottom	1.7010642469e+01	1.2465434708e+02	7.7262874551e+01
124              	Top	3.3832571019e+01	1.9958636914e+02	8.6356955328e+01
124              	e423_0	4.4094899545e+00	7.0111094149e+02	2.9162876956e+02
125              	Bottom	3.8648381167e+01	1.0808337837e+02	7.6879456327e+01
125              	Top	1.9578614228e+01	1.7423624021e+02	8.1921598739e+01
125              	e423_0	4.7087829730e+00	7.0111591052e+02	2.9160209536e+02
126              	Bottom	2.5806844614e+01	1.0573138484e+02	7.4276681353e+01
126              	Top	2.4539006592e+01	1.4084686118e+02	7.7255078415e+01
126              	e423_0	4.9672441321e+00	7.0111891888e+02	2.9156906915e+02
127              	Bottom	5.3376322062e+01	1.1273170000e+02	7.7804738364e+01
127              	Top	1.4668956580e+01	1.3764665468e+02	7.2722533246e+01
127              	e423_0	5.2441810381e+00	7.0111957306e+02	2.9150732046e+02
128              	Bottom	5.2872322583e+01	1.2911718181e+02	7.9924086077e+01
128              	Top	1.4956619992e+01	1.3931810905e+02	7.5535777231e+01
128              	e423_0	5.6447361216e+00	7.0111854862e+02	2.9146496993e+02
129              	Bottom	4.7317374177e+01	1.4780107417e+02	8.2185471025e+01
129              	Top	1.2821093913e+01	1.4086376951e+02	8.0016662281e+01
129              	e423_0	5.7262549523e+00	7.0111576785e+02	2.9142089306e+02
130              	Bottom	3.8221602564e+01	1.7031535827e+02	8.2953364009e+01
130              	Top	3.0010990820e+01	1.4226075216e+02	8.6442357626e+01
130              	e423_0	5.8043047404e+00	7.0111151687e+02	2.9136787363e+02
131              	Bottom	2.7730099146e+01	1.8508955545e+02	8.2871436885e+01
131              	Top	3.8459261648e+01	1.4398797716e+02	9.1140645581e+01
131              	e423_0	5.8008598962e+00	7.0110589842e+02	2.9130359056e+02
132              	Bottom	1.1043749200e+01	1.9387419056e+02	8.1468752953e+01
132              	Top	3.2608974876e+01	1.4556603560e+02	9.4701366078e+01
132              	e423_0	5.3982149234e+00	7.0109921511e+02	2.9123558373e+02
133              	Bottom	2.0966342541e+01	2.0417288512e+02	8.2509074099e+01
133              	Top	2.3893559991e+01	1.5101576466e+02	9.7227498249e+01
133              	e423_0	3.6489425400e+00	7.0109185393e+02	2.9116337432e+02
134              	Bottom	3.2658835231e+00	2.1307185725e+02	8.2412108624e+01
134              	Top	1.0022094455e+00	1.5608522370e+02	9.8336602050e+01
134              	e423_0	2.7354858368e+00	7.0108382923e+02	2.9116377864e+02
135              	Bottom	2.4899583650e+01	2.1959888383e+02	8.3888730389e+01
135              	Top	2.5006563690e+01	1.6308616661e+02	1.0134397385e+02
135              	e423_0	5.2919084476e+00	7.0107582977e+02	2.9122194205e+02
136              	Bottom	1.5322573360e+01	2.2434321103e+02	8.3997676299e+01
136              	Top	3.5677241811e+01	1.6948923908e+02	1.0311167580e+02
136              	e423_0	5.6312025483e+00	7.0106787842e+02	2.9126177222e+02
137              	Bottom	1.3886724443e+01	2.2741707438e+02	8.3940092660e+01
137              	Top	3.5502758335e+01	1.7445249977e+02	1.0427948787e+02
137              	e423_0	5.5248265695e+00	7.0106031179e+02	2.9129140646e+02
138              	Bottom	1.8745463600e+01	2.2898993574e+02	8.4976438359e+01
138              	Top	2.5524439642e+01	1.7830644310e+02	1.0476134977e+02
138              	e423_0	5.4188739443e+00	7.0105342473e+02	2.9131868958e+02
139              	Bottom	2.5435590812e+01	2.2928797797e+02	8.5852189872e+01
139              	Top	4.7205837004e-01	1.8076177123e+02	1.0382260817e+02
139              	e423_0	5.3846571059e+00	7.0104745688e+02	2.9135090413e+02
140              	Bottom	2.7452171136e+01	2.2851922083e+02	8.5966608846e+01
140              	Top	2.6304184007e+01	1.8152546649e+02	1.0518556349e+02
140              	e423_0	5.3749800753e+00	7.0104269238e+02	2.9137097884e+02
141              	Bottom	1.6024161758e+01	2.2678650765e+02	8.5328642661e+01
141              	Top	3.7163915108e+01	1.7993909814e+02	1.0524274943e+02
141              	e423_0	5.3068941972e+00	7.0103922011e+02	2.9138447718e+02
142              	Bottom	2.0333177967e+01	2.2401301144e+02	8.5253434073e+01
142              	Top	3.0473934730e+01	1.7623373973e+02	1.0465732285e+02
142              	e423_0	5.2445476495e+00	7.0103720897e+02	2.9139315073e+02
143              	Bottom	3.0140649983e+01	2.2013605069e+02	8.5246929674e+01
143              	Top	1.5543843474e+01	1.7129017111e+02	1.0332761071e+02
143              	e423_0	5.2674842735e+00	7.0103671407e+02	2.9139844487e+02
144              	Bottom	3.0337629492e+01	2.1424048842e+02	8.4634060365e+01
144              	Top	2.2667626174e+01	1.6552291367e+02	1.0286304081e+02
144              	e423_0	5.3434518680e+00	7.0103777589e+02	2.9140374915e+02
145              	Bottom	2.2014658069e+01	2.0722290280e+02	8.3603486594e+01
145              	Top	3.5597193931e+01	1.5883902780e+02	1.0224197609e+02
145              	e423_0	5.2053428507e+00	7.0104048100e+02	2.9139333043e+02
146              	Bottom	1.0449363382e+01	1.9942935987e+02	8.2272250508e+01
146              	Top	2.9162369353e+01	1.5160279897e+02	1.0130748575e+02
146              	e423_0	5.0744495162e+00	7.0104458196e+02	2.9137531950e+02
147              	Bottom	2.7454070485e+01	1.9151409314e+02	8.2165956330e+01
147              	Top	1.0713968179e+01	1.5122367410e+02	9.9539581551e+01
147              	e423_0	4.9475901664e+00	7.0105017589e+02	2.9135944539e+02
148              	Bottom	2.6796100559e+01	1.8260098476e+02	8.0960462545e+01
148              	Top	2.6392130468e+01	1.5078160795e+02	9.9222913709e+01
148              	e423_0	4.8369773247e+00	7.0105713030e+02	2.9134426393e+02
149              	Bottom	2.4822629728e+01	1.7065913007e+02	7.9101131480e+01
149              	Top	2.6736964500e+01	1.5029097566e+02	9.8245099228e+01
149              	e423_0	4.7349039823e+00	7.0106531054e+02	2.9131885157e+02
150              	Bottom	1.8918734868e+01	1.5703546942e+02	7.7403676642e+01
150              	Top	1.0673887210e+01	1.4975709888e+02	9.6480175026e+01
150              	e423_0	4.6408018794e+00	7.0107456966e+02	2.9128314244e+02
151              	Bottom	1.4563008796e+01	1.4365566414e+02	7.7080312720e+01
151              	Top	3.0176891951e+01	1.4918272418e+02	9.6122220206e+01
151              	e423_0	4.5435205377e+00	7.0108482228e+02	2.9124173244e+02
152              	Bottom	1.5625572857e+01	1.3822518492e+02	7.6227870789e+01
152              	Top	1.9506149653e+01	1.4857377834e+02	9.4159184297e+01
152              	e423_0	4.4700306157e+00	7.0109593942e+02	2.9119167521e+02
153              	Bottom	1.0220266449e+01	1.2754355398e+02	7.4146131875e+01
153              	Top	1.1004877484e+01	1.4804173579e+02	9.3726851047e+01
153              	e423_0	3.0303216726e+00	7.0110774391e+02	2.9112381263e+02
154              	Bottom	6.0805315528e+00	1.1219166924e+02	7.0561241169e+01
154              	Top	2.4968693645e+01	1.4749197403e+02	9.6109655133e+01
154              	e423_0	3.5785205393e+00	7.0112010574e+02	2.9112302510e+02
155              	Bottom	3.3151932645e+00	1.0858273492e+02	7.0884677874e+01
155              	Top	4.2454100070e+01	1.4690169254e+02	9.9367547275e+01
155              	e423_0	4.1257205670e+00	7.0113296758e+02	2.9115464010e+02
156              	Bottom	1.7599864708e+01	1.0926768768e+02	7.2309834254e+01
156              	Top	5.2150289378e+01	1.4628246056e+02	1.0246088846e+02
156              	e423_0	3.9581628234e+00	7.0114607548e+02	2.9112854809e+02
157              	Bottom	2.0938829127e+01	1.0990157904e+02	7.2343520122e+01
157              	Top	5.7185923649e+01	1.4563228857e+02	1.0516399939e+02
157              	e423_0	2.8944188554e+00	7.0115916958e+02	2.9112991680e+02
158              	Bottom	1.5185510015e+01	1.1049825508e+02	7.2000721941e+01
158              	Top	5.8819546256e+01	1.4495459603e+02	1.0744082027e+02
158              	e423_0	2.7400748121e+00	7.0117255718e+02	2.9114011009e+02
159              	Bottom	1.4653456497e+01	1.1229086350e+02	7.5129718493e+01
159              	Top	5.8563774411e+01	1.4425121604e+02	1.0930413688e+02
159              	e423_0	3.1953535679e+00	7.0118613560e+02	2.9120270950e+02
160              	Bottom	2.5699369719e+01	1.2132743943e+02	7.7845711710e+01
160              	Top	5.8319856847e+01	1.4352740707e+02	1.1090987955e+02
160              	e423_0	3.1942827316e+00	7.0119960149e+02	2.9125752187e+02
161              	Bottom	3.0821870345e+01	1.2988196228e+02	7.9951650299e+01
161              	Top	5.8091809344e+01	1.4279091958e+02	1.1234684567e+02
161              	e423_0	3.0594539114e+00	7.0121305176e+02	2.9131480613e+02
162              	Bottom	2.2030319153e+01	1.3712088108e+02	8.1549327845e+01
162              	Top	5.7880129745e+01	1.4712101971e+02	1.1359548428e+02
162              	e423_0	2.9425958249e+00	7.0122637781e+02	2.9136786058e+02
163              	Bottom	3.0996697877e+00	1.4238283403e+02	8.2169421860e+01
163              	Top	5.7684572765e+01	1.5300135079e+02	1.1472433499e+02
163              	e423_0	2.8438434275e+00	7.0123945357e+02	2.9141792915e+02
164              	Bottom	2.1075350622e+01	1.4720370635e+02	8.4596051525e+01
164              	Top	5.7507552755e+01	1.5865957691e+02	1.1574645922e+02
164              	e423_0	2.7378347404e+00	7.0125229606e+02	2.9146026168e+02
165              	Bottom	2.8744534038e+01	1.5205720712e+02	8.6229255848e+01
165              	Top	5.7352719275e+01	1.6418815538e+02	1.1664427175e+02
165              	e423_0	2.6160492733e+00	7.0126481022e+02	2.9148048332e+02
166              	Bottom	3.3891440864e+01	1.5578965072e+02	8.7480181482e+01
166              	Top	5.7218790867e+01	1.7080661139e+02	1.1741826828e+02
166              	e423_0	2.4726522736e+00	7.0127713952e+02	2.9151014752e+02
167              	Bottom	3.7909431157e+01	1.5828668893e+02	8.8457264308e+01
167              	Top	5.7102944496e+01	1.7702508778e+02	1.1806676892e+02
167              	e423_0	2.2737519719e+00	7.0128876105e+02	2.9153329146e+02
168              	Bottom	4.1321356541e+01	1.6017146208e+02	8.9246529966e+01
168              	Top	5.7006955036e+01	1.8267151176e+02	1.1857652162e+02
168              	e423_0	2.0220206565e+00	7.0129958862e+02	2.9155248437e+02
169              	Bottom	4.3807137600e+01	1.6159445860e+02	8.9832815396e+01
169              	Top	5.6924274226e+01	1.8759953649e+02	1.1894652717e+02
169              	e423_0	1.7335407619e+00	7.0130981357e+02	2.9156672168e+02
170              	Bottom	4.3640974541e+01	1.6253916920e+02	9.0295981521e+01
170              	Top	5.6858661347e+01	1.9177323768e+02	1.1918992691e+02
170              	e423_0	1.4395206882e+00	7.0131928034e+02	2.9157655360e+02
171              	Bottom	4.1627718545e+01	1.6458475180e+02	9.0639981770e+01
171              	Top	5.6807677716e+01	1.9518981280e+02	1.1932087959e+02
171              	e423_0	1.2156106752e+00	7.0132795864e+02	2.9158428756e+02
172              	Bottom	3.9635226831e+01	1.6634966193e+02	9.0869737344e+01
172              	Top	5.6770554092e+01	1.9788311188e+02	1.1934222832e+02
172              	e423_0	1.1034917296e+00	7.0133579607e+02	2.9159143298e+02
173              	Bottom	3.7679724248e+01	1.6764861688e+02	9.0981920369e+01
173              	Top	5.6746521191e+01	1.9990128223e+02	1.1925921261e+02
173              	e423_0	1.1471395822e+00	7.0134280590e+02	2.9160133687e+02
174              	Bottom	3.5378128294e+01	1.6855105709e+02	9.0947918590e+01
174              	Top	5.6734290565e+01	2.0128496960e+02	1.1908021417e+02
174              	e423_0	1.3040267363e+00	7.0134894822e+02	2.9161459361e+02
175              	Bottom	3.0709995949e+01	1.6908985862e+02	9.0651093382e+01
175              	Top	5.6733214545e+01	2.0209924085e+02	1.1882609115e+02
175              	e423_0	1.5108975849e+00	7.0135421473e+02	2.9163025548e+02
176              	Bottom	2.6222864594e+01	1.6928086610e+02	9.0176087526e+01
176              	Top	5.6741353945e+01	2.0247764249e+02	1.1851360237e+02
176              	e423_0	1.7173990758e+00	7.0135859375e+02	2.9164628206e+02
177              	Bottom	2.2051681270e+01	1.6914586714e+02	8.9580511740e+01
177              	Top	5.6757710625e+01	2.0250764083e+02	1.1815532074e+02
177              	e423_0	1.9069912156e+00	7.0136200514e+02	2.9166166795e+02
178              	Bottom	1.8025192689e+01	1.6871207674e+02	8.8894099888e+01
178              	Top	5.6782413330e+01	2.0225544717e+02	1.1776042056e+02
178              	e423_0	2.0752705355e+00	7.0136435826e+02	2.9167512061e+02
179              	Bottom	1.3726565251e+01	1.6800307897e+02	8.8126997194e+01
179              	Top	5.6813966547e+01	2.0176799865e+02	1.1733702799e+02
179              	e423_0	2.2286681458e+00	7.0136573166e+02	2.9168456061e+02
180              	Bottom	8.2094568443e+00	1.6706000481e+02	8.7253665962e+01
180              	Top	5.6850709683e+01	2.0108187785e+02	1.1689244486e+02
180              	e423_0	2.3719698660e+00	7.0136607080e+02	2.9168889709e+02
181              	Bottom	6.6187004487e+00	1.6593340703e+02	8.6571138249e+01
181              	Top	5.6891411431e+01	2.0022982212e+02	1.1643244105e+02
181              	e423_0	2.3802513677e+00	7.0136538151e+02	2.9168772292e+02
182              	Bottom	6.0428980926e+00	1.6467136024e+02	8.5937157084e+01
182              	Top	5.6934714649e+01	1.9924211865e+02	1.1596273577e+02
182              	e423_0	1.4872706387e+00	7.0136367159e+02	2.9167792521e+02
183              	Bottom	3.9591927491e+00	1.6333318141e+02	8.5279866487e+01
183              	Top	5.6979923170e+01	1.9815216851e+02	1.1548950946e+02
183              	e423_0	9.1523395951e-01	7.0136098035e+02	2.9167178710e+02
184              	Bottom	7.0122592552e+00	1.6195294784e+02	8.4986466597e+01
184              	Top	5.7025729018e+01	1.9698945642e+02	1.1501767036e+02
184              	e423_0	1.8267033596e+00	7.0135737127e+02	2.9169139352e+02
185              	Bottom	7.9131682666e+00	1.6056510789e+02	8.4629885245e+01
185              	Top	5.7072321523e+01	1.9577195273e+02	1.1455206336e+02
185              	e423_0	2.3017954399e+00	7.0135292950e+02	2.9170152244e+02
186              	Bottom	8.0114666492e+00	1.5918459644e+02	8.4265221403e+01
186              	Top	5.7120200843e+01	1.9453103572e+02	1.1409667997e+02
186              	e423_0	2.6048459716e+00	7.0134775214e+02	2.9170632410e+02
187              	Bottom	7.8045744530e+00	1.5781807809e+02	8.3905249112e+01
187              	Top	5.7169946670e+01	1.9328775532e+02	1.1365256133e+02
187              	e423_0	2.8042632385e+00	7.0134193133e+02	2.9170713552e+02
188              	Bottom	7.5569285502e+00	1.5636614031e+02	8.3558000323e+01
188              	Top	5.7220622968e+01	1.9204804025e+02	1.1321891015e+02
188              	e423_0	2.9361880115e+00	7.0133559071e+02	2.9170490322e+02
189              	Bottom	7.2543975207e+00	1.5491343019e+02	8.3229448566e+01
189              	Top	5.7270712357e+01	1.9080893537e+02	1.1279398402e+02
189              	e423_0	3.0110144652e+00	7.0132882182e+02	2.9170119713e+02
190              	Bottom	6.8817113213e+00	1.5357626974e+02	8.2925872352e+01
190              	Top	5.7320753325e+01	1.8956482853e+02	1.1237489459e+02
190              	e423_0	3.0537129902e+00	7.0132169899e+02	2.9169663884e+02
191              	Bottom	6.4514084277e+00	1.5244531668e+02	8.2640556002e+01
191              	Top	5.7372012727e+01	1.8830439078e+02	1.1196012863e+02
191              	e423_0	3.0819618606e+00	7.0131430703e+02	2.9169166911e+02
192              	Bottom	5.9805168657e+00	1.5149957774e+02	8.2357550520e+01
192              	Top	5.7423685389e+01	1.8702091431e+02	1.1154902954e+02
192              	e423_0	3.1006622234e+00	7.0130674451e+02	2.9168663281e+02
193              	Bottom	5.6972010743e+00	1.5067569030e+02	8.2082123539e+01
193              	Top	5.7476305572e+01	1.8571262375e+02	1.1114067657e+02
193              	e423_0	3.1129659057e+00	7.0129908905e+02	2.9168074492e+02
194              	Bottom	5.7578190000e+00	1.4991423647e+02	8.1812494777e+01
194              	Top	5.7529858041e+01	1.8437657537e+02	1.1073417258e+02
194              	e423_0	3.1194695438e+00	7.0129140833e+02	2.9167381504e+02
195              	Bottom	5.9160907768e+00	1.4915696215e+02	8.1530195683e+01
195              	Top	5.7585238056e+01	1.8300911118e+02	1.1032887245e+02
195              	e423_0	3.1207187042e+00	7.0128375547e+02	2.9166601963e+02
196              	Bottom	5.9008511649e+00	1.4836235402e+02	8.1216690671e+01
196              	Top	5.7641988743e+01	1.8160558881e+02	1.0992463004e+02
196              	e423_0	3.1203835630e+00	7.0127618879e+02	2.9165683959e+02
197              	Bottom	5.4030162149e+00	1.4753490647e+02	8.0852464937e+01
197              	Top	5.7700130695e+01	1.8016436388e+02	1.0952324277e+02
197              	e423_0	3.1126326720e+00	7.0126877042e+02	2.9164598490e+02
198              	Bottom	3.9704633470e+00	1.4660929784e+02	8.0402307837e+01
198              	Top	5.7759954412e+01	1.7868041684e+02	1.0912518648e+02
198              	e423_0	3.0893156141e+00	7.0126154604e+02	2.9163368565e+02
199              	Bottom	2.4747408823e+00	1.4545698295e+02	7.9906159652e+01
199              	Top	5.7821178441e+01	1.7714713252e+02	1.0872774452e+02
199              	e423_0	3.0406220404e+00	7.0125455720e+02	2.9162007992e+02
200              	Bottom	6.1260069143e+00	1.4407536763e+02	7.9660911657e+01
200              	Top	5.7883550801e+01	1.7556320847e+02	1.0833019683e+02
200              	e423_0	2.9641520303e+00	7.0124785309e+02	2.9160535225e+02
201              	Bottom	8.8581123563e+00	1.4251451338e+02	7.9333852593e+01
201              	Top	5.7947321747e+01	1.7392732470e+02	1.0793201194e+02
201              	e423_0	2.8505996363e+00	7.0124148320e+02	2.9159006851e+02
202              	Bottom	1.1325064065e+01	1.4078340171e+02	7.8950057876e+01
202              	Top	5.8013387416e+01	1.7223470163e+02	1.0753351545e+02
202              	e423_0	2.6710676069e+00	7.0123551311e+02	2.9157344596e+02
203              	Bottom	1.3035532439e+01	1.3895995396e+02	7.8490249289e+01
203              	Top	5.8077818034e+01	1.7048440349e+02	1.0713588061e+02
203              	e423_0	2.4124630070e+00	7.0122996730e+02	2.9155690692e+02
204              	Bottom	1.4178288070e+01	1.3703533497e+02	7.7965082134e+01
204              	Top	5.8141439337e+01	1.6867296387e+02	1.0674018944e+02
204              	e423_0	2.0692485813e+00	7.0122490226e+02	2.9154013138e+02
205              	Bottom	1.5046900627e+01	1.3499980950e+02	7.7397292272e+01
205              	Top	5.8203761969e+01	1.6679877957e+02	1.0634818371e+02
205              	e423_0	1.6306150229e+00	7.0122033966e+02	2.9152294823e+02
206              	Bottom	1.5774029800e+01	1.3286592185e+02	7.6800960528e+01
206              	Top	5.8264986917e+01	1.6486837983e+02	1.0596248744e+02
206              	e423_0	1.0356148133e+00	7.0121630261e+02	2.9149893365e+02
207              	Bottom	1.6422726024e+01	1.3065262849e+02	7.6185169000e+01
207              	Top	5.8324339384e+01	1.6289349264e+02	1.0558651250e+02
207              	e423_0	2.7120458237e-01	7.0121282249e+02	2.9147100816e+02
208              	Bottom	1.7020676547e+01	1.2838107652e+02	7.5555993487e+01
208              	Top	5.8382756219e+01	1.6089117948e+02	1.0522445991e+02
208              	e423_0	7.5592394602e-01	7.0120981815e+02	2.9146999540e+02
209              	Bottom	1.4874552135e+01	1.2607178905e+02	7.4766775457e+01
209              	Top	5.8439582007e+01	1.5884657112e+02	1.0488262973e+02
209              	e423_0	8.9798746714e-01	7.0120720729e+02	2.9146281456e+02
210              	Bottom	3.4672186665e+00	1.2379887786e+02	7.3512776906e+01
210              	Top	5.8494283945e+01	1.5680132348e+02	1.0454815547e+02
210              	e423_0	9.6064152122e-01	7.0120510563e+02	2.9145462213e+02
211              	Bottom	1.2345897350e+01	1.2211360266e+02	7.3518532455e+01
211              	Top	5.8546928704e+01	1.5474595711e+02	1.0422693537e+02
211              	e423_0	9.7951385102e-01	7.0120343487e+02	2.9144632171e+02
212              	Bottom	1.6588383918e+01	1.2050694104e+02	7.3342810949e+01
212              	Top	5.8597155558e+01	1.5270087669e+02	1.0392233363e+02
212              	e423_0	9.7518442842e-01	7.0120217563e+02	2.9143857281e+02
213              	Bottom	1.9589877545e+01	1.1897857058e+02	7.3149785423e+01
213              	Top	5.8644298577e+01	1.5076466490e+02	1.0365005914e+02
213              	e423_0	9.7082903369e-01	7.0120130952e+02	2.9143184675e+02
214              	Bottom	2.2118375570e+01	1.1752004436e+02	7.2973679805e+01
214              	Top	5.8688081598e+01	1.4900270955e+02	1.0341384454e+02
214              	e423_0	9.9265239189e-01	7.0120081097e+02	2.9142651707e+02
215              	Bottom	2.4367721228e+01	1.1594287825e+02	7.2800332746e+01
215              	Top	5.8728189932e+01	1.4737727422e+02	1.0320162150e+02
215              	e423_0	1.0565929518e+00	7.0120065707e+02	2.9142272155e+02
216              	Bottom	2.5111115455e+01	1.1442072186e+02	7.2644668254e+01
216              	Top	5.8764640590e+01	1.4583861007e+02	1.0301220472e+02
216              	e423_0	1.1673430713e+00	7.0120082350e+02	2.9142032515e+02
217              	Bottom	2.3593762151e+01	1.1302673327e+02	7.2513460870e+01
217              	Top	5.8797107013e+01	1.4437460682e+02	1.0284797180e+02
217              	e423_0	1.3165621935e+00	7.0120128598e+02	2.9141913386e+02
218              	Bottom	2.2172413641e+01	1.1177877324e+02	7.2328079241e+01
218              	Top	5.8825641743e+01	1.4300052139e+02	1.0271151158e+02
218              	e423_0	1.4937734271e+00	7.0120201904e+02	2.9141881154e+02
219              	Bottom	2.0850062594e+01	1.1113554100e+02	7.2118339789e+01
219              	Top	5.8850076926e+01	1.4175445060e+02	1.0260790260e+02
219              	e423_0	1.6852232469e+00	7.0120299951e+02	2.9141924978e+02
220              	Bottom	1.9616835793e+01	1.1108186255e+02	7.1925545363e+01
220              	Top	5.8870385996e+01	1.4066035082e+02	1.0253795790e+02
220              	e423_0	1.8823487635e+00	7.0120420451e+02	2.9142040834e+02
221              	Bottom	1.8462889201e+01	1.1103712409e+02	7.1764506177e+01
221              	Top	5.8886818749e+01	1.3970787753e+02	1.0249751462e+02
221              	e423_0	2.0749058296e+00	7.0120561209e+02	2.9142225582e+02
222              	Bottom	1.7385275184e+01	1.1100164784e+02	7.1637558958e+01
222              	Top	5.8899433140e+01	1.3888049337e+02	1.0248716899e+02
222              	e423_0	2.2590618500e+00	7.0120720155e+02	2.9142494947e+02
223              	Bottom	1.6376852817e+01	1.1097565649e+02	7.1543663209e+01
223              	Top	5.8908699046e+01	1.3873743069e+02	1.0250581909e+02
223              	e423_0	2.4317928025e+00	7.0120895411e+02	2.9142850207e+02
224              	Bottom	1.5447180481e+01	1.1095899044e+02	7.1482844684e+01
224              	Top	5.8915032669e+01	1.3883939202e+02	1.0255034329e+02
224              	e423_0	2.5928114413e+00	7.0121084658e+02	2.9143295967e+02
225              	Bottom	1.4640702993e+01	1.1095087025e+02	7.1458136111e+01
225              	Top	5.8917782629e+01	1.3893282351e+02	1.0261780785e+02
225              	e423_0	2.7372485525e+00	7.0121285500e+02	2.9143793698e+02
226              	Bottom	1.3989885181e+01	1.1095034808e+02	7.1471203782e+01
226              	Top	5.8917536174e+01	1.3901745589e+02	1.0270708282e+02
226              	e423_0	2.8680173294e+00	7.0121495535e+02	2.9144320271e+02
227              	Bottom	1.3499155142e+01	1.1095664747e+02	7.1521398352e+01
227              	Top	5.8914528972e+01	1.3909325735e+02	1.0281700783e+02
227              	e423_0	2.9800135302e+00	7.0121711973e+02	2.9144854011e+02
228              	Bottom	1.3170577614e+01	1.1096905851e+02	7.1606771956e+01
228              	Top	5.8908972570e+01	1.3916036962e+02	1.0294524829e+02
228              	e423_0	3.0788444244e+00	7.0121932113e+02	2.9145388233e+02
229              	Bottom	1.3011225047e+01	1.1098696262e+02	7.1724965670e+01
229              	Top	5.8901119735e+01	1.3921891053e+02	1.0308917138e+02
229              	e423_0	3.1623406458e+00	7.0122153528e+02	2.9145930340e+02
230              	Bottom	1.3022923913e+01	1.1100993378e+02	7.1873237834e+01
230              	Top	5.8891093080e+01	1.3926896997e+02	1.0324620749e+02
230              	e423_0	3.2364916743e+00	7.0122373901e+02	2.9146468952e+02
231              	Bottom	1.3203182011e+01	1.1103751956e+02	7.2048486894e+01
231              	Top	5.8879007055e+01	1.3931066393e+02	1.0341400491e+02
231              	e423_0	3.2992399438e+00	7.0122591200e+02	2.9147007356e+02
232              	Bottom	1.3540335665e+01	1.1106943070e+02	7.2248012887e+01
232              	Top	5.8864869647e+01	1.3934420044e+02	1.0359048340e+02
232              	e423_0	3.3578518947e+00	7.0122803807e+02	2.9147556057e+02
233              	Bottom	1.4015647143e+01	1.1110544018e+02	7.2469028520e+01
233              	Top	5.8848779723e+01	1.3936977422e+02	1.0377389467e+02
233              	e423_0	3.4097937075e+00	7.0123010297e+02	2.9148115977e+02
234              	Bottom	1.4606873055e+01	1.1116118948e+02	7.2708779077e+01
234              	Top	5.8830857385e+01	1.3938753387e+02	1.0396261361e+02
234              	e423_0	3.4612943327e+00	7.0123209604e+02	2.9148685985e+02
235              	Bottom	1.5292128020e+01	1.1187319523e+02	7.2965548008e+01
235              	Top	5.8811137805e+01	1.3939746830e+02	1.0415479235e+02
235              	e423_0	3.5086631843e+00	7.0123400924e+02	2.9149258625e+02
236              	Bottom	1.6051310466e+01	1.1265101291e+02	7.3238450973e+01
236              	Top	5.8790163462e+01	1.3939962870e+02	1.0434966437e+02
236              	e423_0	3.5575181386e+00	7.0123583661e+02	2.9149838815e+02
237              	Bottom	1.6862945425e+01	1.1347769247e+02	7.3524571363e+01
237              	Top	5.8767999155e+01	1.3964877632e+02	1.0454672820e+02
237              	e423_0	3.6019674054e+00	7.0123757367e+02	2.9150023282e+02
238              	Bottom	1.7719016321e+01	1.1434312968e+02	7.3821898310e+01
238              	Top	5.8744021807e+01	1.4022014902e+02	1.0474512256e+02
238              	e423_0	3.6072064795e+00	7.0123925839e+02	2.9150309823e+02
239              	Bottom	1.8617765084e+01	1.1525669671e+02	7.4130001835e+01
239              	Top	5.8718108179e+01	1.4082103171e+02	1.0494449013e+02
239              	e423_0	3.5930155484e+00	7.0124084735e+02	2.9150546288e+02
240              	Bottom	1.9552859354e+01	1.1622022296e+02	7.4448239110e+01
240              	Top	5.8690715404e+01	1.4145898874e+02	1.0514471309e+02
240              	e423_0	3.5723732553e+00	7.0124236101e+02	2.9150797933e+02
241              	Bottom	2.0516774646e+01	1.1722413868e+02	7.4774503622e+01
241              	Top	5.8662225536e+01	1.4213544826e+02	1.0534498405e+02
241              	e423_0	3.5459530936e+00	7.0124379572e+02	2.9151037919e+02
242              	Bottom	2.1504706085e+01	1.1826458285e+02	7.5107112256e+01
242              	Top	5.8632775887e+01	1.4284936284e+02	1.0554404054e+02
242              	e423_0	3.5190192578e+00	7.0124515179e+02	2.9151279333e+02
243              	Bottom	2.2510718675e+01	1.1933696171e+02	7.5444187387e+01
243              	Top	5.8602576578e+01	1.4359607011e+02	1.0574126302e+02
243              	e423_0	3.4888794208e+00	7.0124642781e+02	2.9151510969e+02
244              	Bottom	2.3526325803e+01	1.2043422248e+02	7.5783572121e+01
244              	Top	5.8571847711e+01	1.4437236971e+02	1.0593654000e+02
244              	e423_0	3.4587349714e+00	7.0124762289e+02	2.9151737939e+02
245              	Bottom	2.4493976389e+01	1.2144329246e+02	7.6110846425e+01
245              	Top	5.8540802485e+01	1.4517882112e+02	1.0613009263e+02
245              	e423_0	3.4257321543e+00	7.0124873565e+02	2.9151952020e+02
246              	Bottom	2.5437995182e+01	1.2240657762e+02	7.6427177407e+01
246              	Top	5.8509801115e+01	1.4601832545e+02	1.0632170125e+02
246              	e423_0	3.3930438463e+00	7.0124976472e+02	2.9152158131e+02
247              	Bottom	2.6366563913e+01	1.2336183258e+02	7.6735816096e+01
247              	Top	5.8479030205e+01	1.4689114051e+02	1.0651024671e+02
247              	e423_0	3.3580399896e+00	7.0125070824e+02	2.9152350008e+02
248              	Bottom	2.7277021402e+01	1.2431635470e+02	7.7037462398e+01
248              	Top	5.8448574397e+01	1.4779153341e+02	1.0669449254e+02
248              	e423_0	3.3237893676e+00	7.0125153394e+02	2.9152533772e+02
249              	Bottom	2.8159994139e+01	1.2527441244e+02	7.7331746155e+01
249              	Top	5.8418625699e+01	1.4871183739e+02	1.0687298355e+02
249              	e423_0	3.2878470590e+00	7.0125226504e+02	2.9152704799e+02
250              	Bottom	2.9009913550e+01	1.2620587815e+02	7.7615120850e+01
250              	Top	5.8389288436e+01	1.4964205049e+02	1.0704411606e+02
250              	e423_0	3.2530730147e+00	7.0125290533e+02	2.9152869117e+02
251              	Bottom	2.9823867453e+01	1.2709800691e+02	7.7885738763e+01
251              	Top	5.8360805012e+01	1.5057839965e+02	1.0720848064e+02
251              	e423_0	3.2170275986e+00	7.0125345234e+02	2.9153022310e+02
252              	Bottom	3.0600846257e+01	1.2795512419e+02	7.8142895721e+01
252              	Top	5.8333215229e+01	1.5151295416e+02	1.0736489963e+02
252              	e423_0	3.1823750735e+00	7.0125390877e+02	2.9153169642e+02
253              	Bottom	3.1340544560e+01	1.2877445740e+02	7.8385290675e+01
253              	Top	5.8306810893e+01	1.5243302751e+02	1.0751209187e+02
253              	e423_0	3.1467809929e+00	7.0125427753e+02	2.9153306187e+02
254              	Bottom	3.2044599696e+01	1.2954394709e+02	7.8611334760e+01
254              	Top	5.8281746885e+01	1.5333012534e+02	1.0764966249e+02
254              	e423_0	3.1129809346e+00	7.0125456238e+02	2.9153436411e+02
255              	Bottom	3.2709753146e+01	1.3025451658e+02	7.8819145636e+01
255              	Top	5.8258200066e+01	1.5419950585e+02	1.0777730181e+02
255              	e423_0	3.0782661134e+00	7.0125476890e+02	2.9153557409e+02
256              	Bottom	3.3333365308e+01	1.3089920751e+02	7.9007572936e+01
256              	Top	5.8236296365e+01	1.5505055875e+02	1.0789636364e+02
256              	e423_0	3.0441468802e+00	7.0125489679e+02	2.9153664388e+02
257              	Bottom	3.3910785212e+01	1.3147419779e+02	7.9175845510e+01
257              	Top	5.8216052376e+01	1.5587628049e+02	1.0800982706e+02
257              	e423_0	3.0095506981e+00	7.0125494971e+02	2.9153758337e+02
258              	Bottom	3.4390608656e+01	1.3198895806e+02	7.9324936436e+01
258              	Top	5.8197737765e+01	1.5669926709e+02	1.0811375184e+02
258              	e423_0	2.9766890185e+00	7.0125492988e+02	2.9153841612e+02
259              	Bottom	3.4032057023e+01	1.3244710954e+02	7.9455362005e+01
259              	Top	5.8181357933e+01	1.5749287830e+02	1.0820553545e+02
259              	e423_0	2.9434778082e+00	7.0125484020e+02	2.9153910533e+02
260              	Bottom	3.3668759857e+01	1.3285042639e+02	7.9567340536e+01
260              	Top	5.8166903356e+01	1.5823846114e+02	1.0828451824e+02
260              	e423_0	2.9122372462e+00	7.0125468527e+02	2.9153970741e+02
261              	Bottom	3.3303183016e+01	1.3319906884e+02	7.9661031302e+01
261              	Top	5.8154362428e+01	1.5892652768e+02	1.0835109708e+02
261              	e423_0	2.8819946309e+00	7.0125446923e+02	2.9154020266e+02
262              	Bottom	3.2938223454e+01	1.3349293731e+02	7.9736677778e+01
262              	Top	5.8143712975e+01	1.5955402917e+02	1.0840480410e+02
262              	e423_0	2.8547396887e+00	7.0125419774e+02	2.9154063643e+02
263              	Bottom	3.2576896616e+01	1.3373293706e+02	7.9794716386e+01
263              	Top	5.8134941828e+01	1.6011863269e+02	1.0844543376e+02
263              	e423_0	2.8290654370e+00	7.0125387605e+02	2.9154098336e+02
264              	Bottom	3.2221984287e+01	1.3391956407e+02	7.9835778915e+01
264              	Top	5.8128041920e+01	1.6061825509e+02	1.0847306817e+02
264              	e423_0	2.8064584679e+00	7.0125350945e+02	2.9154127348e+02
265              	Bottom	3.1875846952e+01	1.3405359102e+02	7.9860464075e+01
265              	Top	5.8122951006e+01	1.6105222093e+02	1.0848802195e+02
265              	e423_0	2.7852485324e+00	7.0125310349e+02	2.9154148712e+02
266              	Bottom	3.1540694745e+01	1.3413705458e+02	7.9869434907e+01
266              	Top	5.8119624647e+01	1.6142081917e+02	1.0849080096e+02
266              	e423_0	2.7666534626e+00	7.0125266405e+02	2.9154162077e+02
267              	Bottom	3.1218608527e+01	1.3417280861e+02	7.9863463023e+01
267              	Top	5.8117989591e+01	1.6172520608e+02	1.0848206194e+02
267              	e423_0	2.7489853207e+00	7.0125219604e+02	2.9154158763e+02
268              	Bottom	3.0911610523e+01	1.3416406530e+02	7.9843419249e+01
268              	Top	5.8117980012e+01	1.6196732889e+02	1.0846253119e+02
268              	e423_0	2.7333929008e+00	7.0125170391e+02	2.9154146638e+02
269              	Bottom	3.0621467759e+01	1.3411392172e+02	7.9810222899e+01
269              	Top	5.8119521724e+01	1.6214949364e+02	1.0843296029e+02
269              	e423_0	2.7184272917e+00	7.0125119203e+02	2.9154123645e+02
270              	Bottom	3.0349773522e+01	1.3402550934e+02	7.9764819242e+01
270              	Top	5.8122547424e+01	1.6227424831e+02	1.0839412255e+02
270              	e423_0	2.7053515330e+00	7.0125066448e+02	2.9154093054e+02
271              	Bottom	3.0033710676e+01	1.3390175599e+02	7.9704641271e+01
271              	Top	5.8126970299e+01	1.6234427977e+02	1.0834678590e+02
271              	e423_0	2.6928836182e+00	7.0125012477e+02	2.9154052784e+02
272              	Bottom	2.9441786540e+01	1.3374545046e+02	7.9615798350e+01
272              	Top	5.8132690300e+01	1.6236236804e+02	1.0829173147e+02
272              	e423_0	2.6823604817e+00	7.0124957631e+02	2.9154006343e+02
273              	Bottom	2.9004962853e+01	1.3355907240e+02	7.9514615579e+01
273              	Top	5.8139616612e+01	1.6233139884e+02	1.0822972785e+02
273              	e423_0	2.6725778357e+00	7.0124902209e+02	2.9153952037e+02
274              	Bottom	2.8709467770e+01	1.3334549076e+02	7.9407428951e+01
274              	Top	5.8147669193e+01	1.6225436977e+02	1.0816149942e+02
274              	e423_0	2.6648420392e+00	7.0124846488e+02	2.9153893528e+02
275              	Bottom	2.8510891034e+01	1.3310697571e+02	7.9296596737e+01
275              	Top	5.8156766825e+01	1.6213418772e+02	1.0808772207e+02
275              	e423_0	2.6579126987e+00	7.0124790708e+02	2.9153829202e+02
276              	Bottom	2.8373790014e+01	1.3284544647e+02	7.9182927049e+01
276              	Top	5.8166808902e+01	1.6197356680e+02	1.0800903694e+02
276              	e423_0	2.6529973205e+00	7.0124735091e+02	2.9153761910e+02
277              	Bottom	2.8279978081e+01	1.3256243058e+02	7.9067037104e+01
277              	Top	5.8177679732e+01	1.6177498419e+02	1.0792606061e+02
277              	e423_0	2.6487971360e+00	7.0124679840e+02	2.9153689981e+02
278              	Bottom	2.8224656354e+01	1.3225954504e+02	7.8950163033e+01
278              	Top	5.8189315979e+01	1.6154072371e+02	1.0783939603e+02
278              	e423_0	2.6464288152e+00	7.0124625141e+02	2.9153616319e+02
279              	Bottom	2.8209564629e+01	1.3193963030e+02	7.8833474207e+01
279              	Top	5.8201481067e+01	1.6127287054e+02	1.0774960553e+02
279              	e423_0	2.6445958528e+00	7.0124571143e+02	2.9153538989e+02
280              	Bottom	2.8235593739e+01	1.3160482951e+02	7.8717935314e+01
280              	Top	5.8214126578e+01	1.6097363732e+02	1.0765727397e+02
280              	e423_0	2.6443881341e+00	7.0124517997e+02	2.9153460658e+02
281              	Bottom	2.8301740503e+01	1.3125727863e+02	7.8604398536e+01
281              	Top	5.8227149211e+01	1.6064533485e+02	1.0756298549e+02
281              	e423_0	2.6445294516e+00	7.0124465835e+02	2.9153379238e+02
282              	Bottom	2.8405189421e+01	1.3089972851e+02	7.8493572240e+01
282              	Top	5.8240469235e+01	1.6029034003e+02	1.0746731400e+02
282              	e423_0	2.6457108062e+00	7.0124414802e+02	2.9153297491e+02
283              	Bottom	2.8543184725e+01	1.3053517839e+02	7.8386021815e+01
283              	Top	5.8253963675e+01	1.5991141847e+02	1.0737058001e+02
283              	e423_0	2.6461058880e+00	7.0124364957e+02	2.9153211551e+02
284              	Bottom	2.8711752385e+01	1.3016651351e+02	7.8282176720e+01
284              	Top	5.8267528989e+01	1.5951118933e+02	1.0727341846e+02
284              	e423_0	2.6471700822e+00	7.0124316340e+02	2.9153122873e+02
285              	Bottom	2.8908025957e+01	1.2979689945e+02	7.8182422366e+01
285              	Top	5.8281047282e+01	1.5909288533e+02	1.0717655762e+02
285              	e423_0	2.6484378406e+00	7.0124269081e+02	2.9153031916e+02
286              	Bottom	2.9128343709e+01	1.2942905058e+02	7.8087128685e+01
286              	Top	5.8294418335e+01	1.5865997070e+02	1.0708070041e+02
286              	e423_0	2.6515775171e+00	7.0124223280e+02	2.9152942013e+02
287              	Bottom	2.9369441188e+01	1.2906557924e+02	7.7996634607e+01
287              	Top	5.8307558286e+01	1.5821595465e+02	1.0698646906e+02
287              	e423_0	2.6555680292e+00	7.0124179073e+02	2.9152851736e+02
288              	Bottom	2.9364528538e+01	1.2870870535e+02	7.7896571537e+01
288              	Top	5.8320394289e+01	1.5776417890e+02	1.0689440391e+02
288              	e423_0	2.6616256349e+00	7.0124136601e+02	2.9152764065e+02
289              	Bottom	2.9365420992e+01	1.2836028005e+02	7.7793236115e+01
289              	Top	5.8332848291e+01	1.5730785784e+02	1.0680500316e+02
289              	e423_0	2.6686017623e+00	7.0124096017e+02	2.9152677651e+02
290              	Bottom	2.9434993805e+01	1.2802166922e+02	7.7691629810e+01
290              	Top	5.8344839765e+01	1.5684831339e+02	1.0671890023e+02
290              	e423_0	2.6775861873e+00	7.0124057457e+02	2.9152594649e+02
291              	Bottom	2.9557011582e+01	1.2769280817e+02	7.7593491067e+01
291              	Top	5.8356275135e+01	1.5638435677e+02	1.0663700929e+02
291              	e423_0	2.6872629606e+00	7.0124021052e+02	2.9152513290e+02
292              	Bottom	2.9706099516e+01	1.2737624738e+02	7.7499559068e+01
292              	Top	5.8367226304e+01	1.5593225764e+02	1.0655969902e+02
292              	e423_0	2.6985570888e+00	7.0123986926e+02	2.9152436159e+02
293              	Bottom	2.9863802264e+01	1.2707442178e+02	7.7409953071e+01
293              	Top	5.8377562589e+01	1.5549246664e+02	1.0648691328e+02
293              	e423_0	2.7100696692e+00	7.0123955188e+02	2.9152361013e+02
294              	Bottom	3.0021758827e+01	1.2678852614e+02	7.7324950796e+01
294              	Top	5.8387253116e+01	1.5506544733e+02	1.0641870022e+02
294              	e423_0	2.7227152261e+00	7.0123925921e+02	2.9152290034e+02
295              	Bottom	3.0178344232e+01	1.2651985904e+02	7.7245006827e+01
295              	Top	5.8396279668e+01	1.5465223876e+02	1.0635529049e+02
295              	e423_0	2.7351275489e+00	7.0123899191e+02	2.9152221262e+02
296              	Bottom	3.0334463497e+01	1.2626957852e+02	7.7170709978e+01
296              	Top	5.8404617337e+01	1.5425455745e+02	1.0629692286e+02
296              	e423_0	2.7482780276e+00	7.0123875043e+02	2.9152156920e+02
297              	Bottom	3.0490879699e+01	1.2603864931e+02	7.7102625626e+01
297              	Top	5.8412252409e+01	1.5387762201e+02	1.0624462910e+02
297              	e423_0	2.7608732998e+00	7.0123853498e+02	2.9152095021e+02
298              	Bottom	3.0647324961e+01	1.2582775024e+02	7.7041185514e+01
298              	Top	5.8419190367e+01	1.5353741274e+02	1.0620149261e+02
298              	e423_0	2.7740126483e+00	7.0123834565e+02	2.9152037933e+02
299              	Bottom	3.0802763722e+01	1.2563760048e+02	7.6986680965e+01
299              	Top	5.8425391644e+01	1.5323054483e+02	1.0616417594e+02
299              	e423_0	2.7863826057e+00	7.0123818213e+02	2.9151983539e+02
300              	Bottom	3.0955921940e+01	1.2546871755e+02	7.6939239451e+01
300              	Top	5.8430852696e+01	1.5294566177e+02	1.0613175200e+02
300              	e423_0	2.7991675219e+00	7.0123803464e+02	2.9151934426e+02
301              	Bottom	3.1105644463e+01	1.2532142560e+02	7.6898849282e+01
301              	Top	5.8435584339e+01	1.5267872940e+02	1.0610429969e+02
301              	e423_0	2.8111373875e+00	7.0123791231e+02	2.9151888554e+02
302              	Bottom	3.1251027747e+01	1.2519555691e+02	7.6865376759e+01
302              	Top	5.8439608594e+01	1.5242981402e+02	1.0608213430e+02
302              	e423_0	2.8234878896e+00	7.0123781463e+02	2.9151848364e+02
303              	Bottom	3.1391396270e+01	1.2509073214e+02	7.6838645848e+01
303              	Top	5.8442949325e+01	1.5220632114e+02	1.0606541478e+02
303              	e423_0	2.8350006224e+00	7.0123774038e+02	2.9151811766e+02
304              	Bottom	3.1408618141e+01	1.2500644318e+02	7.6818453389e+01
304              	Top	5.8445630957e+01	1.5201013993e+02	1.0605401656e+02
304              	e423_0	2.8468849549e+00	7.0123768976e+02	2.9151781131e+02
305              	Bottom	3.1278943053e+01	1.2494201830e+02	7.6804560099e+01
305              	Top	5.8447652824e+01	1.5184083387e+02	1.0604773590e+02
305              	e423_0	2.8579442856e+00	7.0123766284e+02	2.9151754293e+02
306              	Bottom	3.1166867311e+01	1.2489678395e+02	7.6796716567e+01
306              	Top	5.8449045619e+01	1.5169754434e+02	1.0604633539e+02
306              	e423_0	2.8693703283e+00	7.0123765935e+02	2.9151733469e+02
307              	Bottom	3.1072256522e+01	1.2487002490e+02	7.6794647308e+01
307              	Top	5.8449837159e+01	1.5157937322e+02	1.0604954055e+02
307              	e423_0	2.8799673503e+00	7.0123767880e+02	2.9151716373e+02
308              	Bottom	3.0994879829e+01	1.2486094061e+02	7.6798060475e+01
308              	Top	5.8450059075e+01	1.5148545710e+02	1.0605704768e+02
308              	e423_0	2.8908987784e+00	7.0123772048e+02	2.9151705090e+02
309              	Bottom	3.0934383846e+01	1.2486867023e+02	7.6806638570e+01
309              	Top	5.8449742691e+01	1.5141494309e+02	1.0606847704e+02
309              	e423_0	2.9009636817e+00	7.0123778359e+02	2.9151697288e+02
310              	Bottom	3.0890287855e+01	1.2489227971e+02	7.6820052378e+01
310              	Top	5.8448920071e+01	1.5136679177e+02	1.0608347069e+02
310              	e423_0	2.9112956087e+00	7.0123786721e+02	2.9151695274e+02
311              	Bottom	3.0861997835e+01	1.2493078573e+02	7.6837955823e+01
311              	Top	5.8447622037e+01	1.5133989940e+02	1.0610170754e+02
311              	e423_0	2.9206894084e+00	7.0123797040e+02	2.9151696510e+02
312              	Bottom	3.0848804302e+01	1.2498313907e+02	7.6859989105e+01
312              	Top	5.8445885956e+01	1.5133313128e+02	1.0612286923e+02
312              	e423_0	2.9302496108e+00	7.0123809221e+02	2.9151702961e+02
313              	Bottom	3.0849917834e+01	1.2504824241e+02	7.6885797260e+01
313              	Top	5.8443745105e+01	1.5134528613e+02	1.0614663834e+02
313              	e423_0	2.9387728060e+00	7.0123823163e+02	2.9151712343e+02
314              	Bottom	3.0864548678e+01	1.2512494302e+02	7.6915028455e+01
314              	Top	5.8441234690e+01	1.5137511632e+02	1.0617269704e+02
314              	e423_0	2.9473473779e+00	7.0123838762e+02	2.9151726611e+02
315              	Bottom	3.0892005315e+01	1.2521205454e+02	7.6947329936e+01
315              	Top	5.8438398362e+01	1.5142135600e+02	1.0620073965e+02
315              	e423_0	2.9547682728e+00	7.0123855902e+02	2.9151743413e+02
316              	Bottom	3.0931459492e+01	1.2530845160e+02	7.6982338013e+01
316              	Top	5.8435265767e+01	1.5148273875e+02	1.0623047146e+02
316              	e423_0	2.9621171272e+00	7.0123874468e+02	2.9151764717e+02
317              	Bottom	3.0981975960e+01	1.2541302560e+02	7.7019678615e+01
317              	Top	5.8431874815e+01	1.5155798964e+02	1.0626160539e+02
317              	e423_0	2.9682246589e+00	7.0123894321e+02	2.9151788006e+02
318              	Bottom	3.1042521826e+01	1.2552468451e+02	7.7058973836e+01
318              	Top	5.8428262466e+01	1.5164582098e+02	1.0629385924e+02
318              	e423_0	2.9741636270e+00	7.0123915324e+02	2.9151815145e+02
319              	Bottom	3.1111999752e+01	1.2564233850e+02	7.7099853211e+01
319              	Top	5.8424462877e+01	1.5174492883e+02	1.0632695775e+02
319              	e423_0	2.9787995412e+00	7.0123937327e+02	2.9151843838e+02
320              	Bottom	3.1189301429e+01	1.2576489364e+02	7.7141953272e+01
320              	Top	5.8420514438e+01	1.5185399788e+02	1.0636063145e+02
320              	e423_0	2.9832121786e+00	7.0123960172e+02	2.9151875896e+02
321              	Bottom	3.1273342753e+01	1.2589126506e+02	7.7184923087e+01
321              	Top	5.8416447362e+01	1.5197172194e+02	1.0639456258e+02
321              	e423_0	2.9863061992e+00	7.0123983701e+02	2.9151908639e+02
322              	Bottom	3.1363072056e+01	1.2602038172e+02	7.7228426213e+01
322              	Top	5.8412292366e+01	1.5209672311e+02	1.0642849930e+02
322              	e423_0	2.9891679016e+00	7.0124007751e+02	2.9151943966e+02
323              	Bottom	3.1457476746e+01	1.2615121212e+02	7.7272143932e+01
323              	Top	5.8408080062e+01	1.5222770329e+02	1.0646223947e+02
323              	e423_0	2.9907389960e+00	7.0124032159e+02	2.9151979736e+02
324              	Bottom	3.1555579707e+01	1.2628277618e+02	7.7315773707e+01
324              	Top	5.8403839347e+01	1.5236342883e+02	1.0649559174e+02
324              	e423_0	2.9921052893e+00	7.0124056763e+02	2.9152017379e+02
325              	Bottom	3.1656446318e+01	1.2641415161e+02	7.7359035267e+01
325              	Top	5.8399597515e+01	1.5250269438e+02	1.0652836956e+02
325              	e423_0	2.9922392368e+00	7.0124081402e+02	2.9152054683e+02
326              	Bottom	3.1759191931e+01	1.2654449046e+02	7.7401670643e+01
326              	Top	5.8395380526e+01	1.5264432947e+02	1.0656039609e+02
326              	e423_0	2.9922183081e+00	7.0124105917e+02	2.9152093384e+02
327              	Bottom	3.1863005417e+01	1.2667303632e+02	7.7443446712e+01
327              	Top	5.8391215057e+01	1.5278722425e+02	1.0659151621e+02
327              	e423_0	2.9910347907e+00	7.0124129901e+02	2.9152131270e+02
328              	Bottom	3.1967088122e+01	1.2679910811e+02	7.7484153715e+01
328              	Top	5.8387115611e+01	1.5293034367e+02	1.0662158884e+02
328              	e423_0	2.9897597616e+00	7.0124153022e+02	2.9152170156e+02
329              	Bottom	3.2070765827e+01	1.2692207573e+02	7.7523604057e+01
329              	Top	5.8383105400e+01	1.5307274334e+02	1.0665048838e+02
329              	e423_0	2.9874095567e+00	7.0124175570e+02	2.9152207828e+02
330              	Bottom	3.2173424304e+01	1.2704139211e+02	7.7561634043e+01
330              	Top	5.8379200054e+01	1.5321356295e+02	1.0667810848e+02
330              	e423_0	2.9850223196e+00	7.0124197298e+02	2.9152246017e+02
331              	Bottom	3.2274476476e+01	1.2715652872e+02	7.7598096206e+01
331              	Top	5.8375417193e+01	1.5335181908e+02	1.0670437718e+02
331              	e423_0	2.9816369618e+00	7.0124218110e+02	2.9152282576e+02
332              	Bottom	3.2373429678e+01	1.2726704318e+02	7.7632868242e+01
332              	Top	5.8371773592e+01	1.5348748452e+02	1.0672925378e+02
332              	e423_0	2.9782821879e+00	7.0124237936e+02	2.9152319236e+02
333              	Bottom	3.2469847678e+01	1.2737216155e+02	7.7665815767e+01
333              	Top	5.8368281694e+01	1.5362048581e+02	1.0675269777e+02
333              	e423_0	2.9740192496e+00	7.0124256709e+02	2.9152353920e+02
334              	Bottom	3.2498517983e+01	1.2747170404e+02	7.7696830136e+01
334              	Top	5.8364955722e+01	1.5375033087e+02	1.0677468638e+02
334              	e423_0	2.9698579701e+00	7.0124274362e+02	2.9152388332e+02
335              	Bottom	3.2459494275e+01	1.2756539495e+02	7.7725868816e+01
335              	Top	5.8361797661e+01	1.5387652761e+02	1.0679520241e+02
335              	e423_0	2.9648794133e+00	7.0124290830e+02	2.9152420444e+02
336              	Bottom	3.2419078895e+01	1.2765323936e+02	7.7752916069e+01
336              	Top	5.8358810148e+01	1.5399854163e+02	1.0681422760e+02
336              	e423_0	2.9600732690e+00	7.0124306052e+02	2.9152451932e+02
337              	Bottom	3.2377549893e+01	1.2773532532e+02	7.7777971866e+01
337              	Top	5.8355997745e+01	1.5411585978e+02	1.0683174637e+02
337              	e423_0	2.9545405690e+00	7.0124319973e+02	2.9152480826e+02
338              	Bottom	3.2335167280e+01	1.2781172192e+02	7.7801044729e+01
338              	Top	5.8353365570e+01	1.5422804599e+02	1.0684774855e+02
338              	e423_0	2.9492512484e+00	7.0124332551e+02	2.9152508793e+02
339              	Bottom	3.2292182013e+01	1.2788245940e+02	7.7822148938e+01
339              	Top	5.8350916287e+01	1.5433474069e+02	1.0686223116e+02
339              	e423_0	2.9433274032e+00	7.0124343754e+02	2.9152533948e+02
340              	Bottom	3.2248840444e+01	1.2794755187e+02	7.7841304146e+01
340              	Top	5.8348650161e+01	1.5443566377e+02	1.0687520465e+02
340              	e423_0	2.9377204055e+00	7.0124353564e+02	2.9152558156e+02
341              	Bottom	3.2205377001e+01	1.2800698122e+02	7.7858527193e+01
341              	Top	5.8346574026e+01	1.5453351171e+02	1.0688741163e+02
341              	e423_0	2.9315733649e+00	7.0124361975e+02	2.9152579423e+02
342              	Bottom	3.2162015680e+01	1.2806077816e+02	7.7873844867e+01
342              	Top	5.8344684332e+01	1.5462819447e+02	1.0689837305e+02
342              	e423_0	2.9258187956e+00	7.0124368993e+02	2.9152599447e+02
343              	Bottom	3.2118957128e+01	1.2810900913e+02	7.7887289458e+01
343              	Top	5.8342977996e+01	1.5471754236e+02	1.0690787629e+02
343              	e423_0	2.9196194680e+00	7.0124374632e+02	2.9152616498e+02
344              	Bottom	3.2076390308e+01	1.2815177218e+02	7.7898900110e+01
344              	Top	5.8341454623e+01	1.5480005314e+02	1.0691588541e+02
344              	e423_0	2.9138870143e+00	7.0124378914e+02	2.9152632254e+02
345              	Bottom	3.2034491494e+01	1.2818918164e+02	7.7908720535e+01
345              	Top	5.8340113037e+01	1.5487519277e+02	1.0692243970e+02
345              	e423_0	2.9078008177e+00	7.0124381870e+02	2.9152645060e+02
346              	Bottom	3.1993426997e+01	1.2822135794e+02	7.7916798427e+01
346              	Top	5.8338951323e+01	1.5494298697e+02	1.0692759611e+02
346              	e423_0	2.9022502416e+00	7.0124383539e+02	2.9152656578e+02
347              	Bottom	3.1953352465e+01	1.2824841966e+02	7.7923184636e+01
347              	Top	5.8337968016e+01	1.5500363822e+02	1.0693140869e+02
347              	e423_0	2.8964295253e+00	7.0124383965e+02	2.9152665217e+02
348              	Bottom	3.1914408323e+01	1.2827048276e+02	7.7927930046e+01
348              	Top	5.8337159628e+01	1.5505734137e+02	1.0693392758e+02
348              	e423_0	2.8912039363e+00	7.0124383200e+02	2.9152672626e+02
349              	Bottom	3.1876735440e+01	1.2828766104e+02	7.7931088518e+01
349              	Top	5.8336523711e+01	1.5510425455e+02	1.0693520232e+02
349              	e423_0	2.8857807297e+00	7.0124381299e+02	2.9152677273e+02
350              	Bottom	3.1840464112e+01	1.2830006947e+02	7.7932715899e+01
350              	Top	5.8336056204e+01	1.5514450638e+02	1.0693528395e+02
350              	e423_0	2.8810010617e+00	7.0124378327e+02	2.9152680792e+02
351              	Bottom	3.1805714748e+01	1.2830782944e+02	7.7932872337e+01
351              	Top	5.8335751676e+01	1.5517822482e+02	1.0693422592e+02
351              	e423_0	2.8760837447e+00	7.0124374349e+02	2.9152681710e+02
352              	Bottom	3.1772598991e+01	1.2831107517e+02	7.7931620986e+01
352              	Top	5.8335603950e+01	1.5520555003e+02	1.0693208459e+02
352              	e423_0	2.8718459959e+00	7.0124369437e+02	2.9152681645e+02
353              	Bottom	3.1741217063e+01	1.2830995500e+02	7.7929028531e+01
353              	Top	5.8335607364e+01	1.5522664079e+02	1.0692891951e+02
353              	e423_0	2.8675178706e+00	7.0124363665e+02	2.9152679174e+02
354              	Bottom	3.1711655008e+01	1.2830464276e+02	7.7925165095e+01
354              	Top	5.8335755767e+01	1.5524167599e+02	1.0692479283e+02
354              	e423_0	2.8638910194e+00	7.0124357108e+02	2.9152675899e+02
355              	Bottom	3.1683990832e+01	1.2829530648e+02	7.7920103855e+01
355              	Top	5.8336039826e+01	1.5525085516e+02	1.0691976875e+02
355              	e423_0	2.8602118852e+00	7.0124349850e+02	2.9152670437e+02
356              	Bottom	3.1658283804e+01	1.2828214337e+02	7.7913925385e+01
356              	Top	5.8336453453e+01	1.5525439815e+02	1.0691391401e+02
356              	e423_0	2.8572480359e+00	7.0124341967e+02	2.9152664362e+02
357              	Bottom	3.1634586457e+01	1.2826538272e+02	7.7906715748e+01
357              	Top	5.8336988464e+01	1.5525254611e+02	1.0690729720e+02
357              	e423_0	2.8542510434e+00	7.0124333542e+02	2.9152656334e+02
358              	Bottom	3.1612938577e+01	1.2824528068e+02	7.7898561905e+01
358              	Top	5.8337636948e+01	1.5524555974e+02	1.0689998817e+02
358              	e423_0	2.8519719840e+00	7.0124324657e+02	2.9152647905e+02
359              	Bottom	3.1593369873e+01	1.2822211071e+02	7.7889549790e+01
359              	Top	5.8338390194e+01	1.5523371713e+02	1.0689205772e+02
359              	e423_0	2.8496722055e+00	7.0124315392e+02	2.9152637766e+02
360              	Bottom	3.1575896744e+01	1.2819614972e+02	7.7879764958e+01
360              	Top	5.8339239451e+01	1.5521731185e+02	1.0688357710e+02
360              	e423_0	2.8480821052e+00	7.0124305829e+02	2.9152627440e+02
361              	Bottom	3.1560524591e+01	1.2816767326e+02	7.7869292969e+01
361              	Top	5.8340175907e+01	1.5519664981e+02	1.0687461741e+02
361              	e423_0	2.8464726560e+00	7.0124296046e+02	2.9152615647e+02
362              	Bottom	3.1547245559e+01	1.2813695449e+02	7.7858218808e+01
362              	Top	5.8341190194e+01	1.5517204596e+02	1.0686524853e+02
362              	e423_0	2.8455566054e+00	7.0124286122e+02	2.9152603876e+02
363              	Bottom	3.1536037247e+01	1.2810426669e+02	7.7846627564e+01
363              	Top	5.8342275738e+01	1.5514382154e+02	1.0685553987e+02
363              	e423_0	2.8446102313e+00	7.0124276127e+02	2.9152590877e+02
364              	Bottom	3.1526869902e+01	1.2806988240e+02	7.7834603768e+01
364              	Top	5.8343422349e+01	1.5511230216e+02	1.0684555897e+02
364              	e423_0	2.8443296363e+00	7.0124266137e+02	2.9152578111e+02
365              	Bottom	3.1519706086e+01	1.2803406828e+02	7.7822229751e+01
365              	Top	5.8344621488e+01	1.5507781280e+02	1.0683537148e+02
365              	e423_0	2.8440043293e+00	7.0124256218e+02	2.9152564342e+02
366              	Bottom	3.1514499088e+01	1.2799708359e+02	7.7809585925e+01
366              	Top	5.8345864879e+01	1.5504067814e+02	1.0682504074e+02
366              	e423_0	2.8443099760e+00	7.0124246433e+02	2.9152550997e+02
367              	Bottom	3.1511194468e+01	1.2795917782e+02	7.7796750350e+01
367              	Top	5.8347144340e+01	1.5500121913e+02	1.0681462719e+02
367              	e423_0	2.8445458661e+00	7.0124236841e+02	2.9152536856e+02
368              	Bottom	3.1509724352e+01	1.2792058925e+02	7.7783798569e+01
368              	Top	5.8348452252e+01	1.5495974826e+02	1.0680418765e+02
368              	e423_0	2.8453723953e+00	7.0124227499e+02	2.9152523312e+02
369              	Bottom	3.1510019894e+01	1.2788154667e+02	7.7770800664e+01
369              	Top	5.8349781236e+01	1.5491656669e+02	1.0679377553e+02
369              	e423_0	2.8460989915e+00	7.0124218454e+02	2.9152509163e+02
370              	Bottom	3.1512004932e+01	1.2784227144e+02	7.7757824110e+01
370              	Top	5.8351123543e+01	1.5487196958e+02	1.0678344214e+02
370              	e423_0	2.8473720133e+00	7.0124209752e+02	2.9152495767e+02
371              	Bottom	3.1515598894e+01	1.2780297115e+02	7.7744933809e+01
371              	Top	5.8352471627e+01	1.5482623968e+02	1.0677323556e+02
371              	e423_0	2.8485115047e+00	7.0124201433e+02	2.9152481932e+02
372              	Bottom	3.1520717028e+01	1.2776383848e+02	7.7732190819e+01
372              	Top	5.8353818291e+01	1.5477964938e+02	1.0676320062e+02
372              	e423_0	2.8501511747e+00	7.0124193532e+02	2.9152468984e+02
373              	Bottom	3.1527271324e+01	1.2772505323e+02	7.7719652251e+01
373              	Top	5.8355156792e+01	1.5473246182e+02	1.0675337911e+02
373              	e423_0	2.8516222950e+00	7.0124186077e+02	2.9152455744e+02
374              	Bottom	3.1535169302e+01	1.2768678383e+02	7.7707371232e+01
374              	Top	5.8356480739e+01	1.5468492983e+02	1.0674380968e+02
374              	e423_0	2.8535473043e+00	7.0124179094e+02	2.9152443502e+02
375              	Bottom	3.1544313642e+01	1.2764919032e+02	7.7695397410e+01
375              	Top	5.8357783965e+01	1.5463729558e+02	1.0673452795e+02
375              	e423_0	2.8552691961e+00	7.0124172602e+02	2.9152431090e+02
376              	Bottom	3.1554604958e+01	1.2761242681e+02	7.7683777646e+01
376              	Top	5.8359060598e+01	1.5458979088e+02	1.0672556666e+02
376              	e423_0	2.8574002792e+00	7.0124166616e+02	2.9152419767e+02
377              	Bottom	3.1565943345e+01	1.2757664066e+02	7.7672555930e+01
377              	Top	5.8360304798e+01	1.5454263734e+02	1.0671695587e+02
377              	e423_0	2.8592956491e+00	7.0124161147e+02	2.9152408375e+02
378              	Bottom	3.1578227403e+01	1.2754197127e+02	7.7661773094e+01
378              	Top	5.8361511249e+01	1.5449604654e+02	1.0670872289e+02
378              	e423_0	2.8615583129e+00	7.0124156202e+02	2.9152398141e+02
379              	Bottom	3.1591354013e+01	1.2750855175e+02	7.7651466521e+01
379              	Top	5.8362675181e+01	1.5445022037e+02	1.0670089241e+02
379              	e423_0	2.8635556709e+00	7.0124151783e+02	2.9152387916e+02
380              	Bottom	3.1605219882e+01	1.2747646752e+02	7.7641666300e+01
380              	Top	5.8363792033e+01	1.5440535138e+02	1.0669348662e+02
380              	e423_0	2.8658820473e+00	7.0124147891e+02	2.9152378899e+02
381              	Bottom	3.1619722327e+01	1.2744577436e+02	7.7632393077e+01
381              	Top	5.8364857874e+01	1.5436162220e+02	1.0668652523e+02
381              	e423_0	2.8679170802e+00	7.0124144520e+02	2.9152369950e+02
382              	Bottom	3.1634759916e+01	1.2741660887e+02	7.7623669709e+01
382              	Top	5.8365872047e+01	1.5432063600e+02	1.0668038402e+02
382              	e423_0	2.8702466974e+00	7.0124141664e+02	2.9152362235e+02
383              	Bottom	3.1650232284e+01	1.2738905454e+02	7.7615525582e+01
383              	Top	5.8366828717e+01	1.5428280706e+02	1.0667488428e+02
383              	e423_0	2.8722626785e+00	7.0124139311e+02	2.9152354629e+02
384              	Bottom	3.1666037052e+01	1.2736323538e+02	7.7607986696e+01
384              	Top	5.8367723111e+01	1.5424715235e+02	1.0666984937e+02
384              	e423_0	2.8745428498e+00	7.0124137451e+02	2.9152348267e+02
385              	Bottom	3.1682072900e+01	1.2733925628e+02	7.7601074478e+01
385              	Top	5.8368552262e+01	1.5421296520e+02	1.0666525858e+02
385              	e423_0	2.8764909087e+00	7.0124136067e+02	2.9152342034e+02
386              	Bottom	3.1698240613e+01	1.2731719620e+02	7.7594804968e+01
386              	Top	5.8369314526e+01	1.5418018151e+02	1.0666113988e+02
386              	e423_0	2.8786766547e+00	7.0124135142e+02	2.9152337038e+02
387              	Bottom	3.1714443753e+01	1.2729711066e+02	7.7589189038e+01
387              	Top	5.8370008732e+01	1.5414903810e+02	1.0665751589e+02
387              	e423_0	2.8805153838e+00	7.0124134659e+02	2.9152332175e+02
388              	Bottom	3.1730589542e+01	1.2727903656e+02	7.7584232708e+01
388              	Top	5.8370633946e+01	1.5411978268e+02	1.0665439288e+02
388              	e423_0	2.8825689734e+00	7.0124134595e+02	2.9152328528e+02
389              	Bottom	3.1746589612e+01	1.2726299705e+02	7.7579937799e+01
389              	Top	5.8371189335e+01	1.5409257518e+02	1.0665176333e+02
389              	e423_0	2.8842641660e+00	7.0124134929e+02	2.9152325002e+02
390              	Bottom	3.1762360213e+01	1.2724900405e+02	7.7576302290e+01
390              	Top	5.8371674574e+01	1.5406749476e+02	1.0664961768e+02
390              	e423_0	2.8861549576e+00	7.0124135637e+02	2.9152322655e+02
391              	Bottom	3.1777822479e+01	1.2723705815e+02	7.7573320597e+01
391              	Top	5.8372089636e+01	1.5404458452e+02	1.0664794618e+02
391              	e423_0	2.8876794540e+00	7.0124136695e+02	2.9152320407e+02
392              	Bottom	3.1792903339e+01	1.2722714882e+02	7.7570983852e+01
392              	Top	5.8372434643e+01	1.5402387440e+02	1.0664673880e+02
392              	e423_0	2.8893837756e+00	7.0124138078e+02	2.9152319289e+02
393              	Bottom	3.1807532341e+01	1.2721925453e+02	7.7569279794e+01
393              	Top	5.8372710949e+01	1.5400538949e+02	1.0664598423e+02
393              	e423_0	2.8907172579e+00	7.0124139760e+02	2.9152318236e+02
394              	Bottom	3.1821644523e+01	1.2721334238e+02	7.7568193019e+01
394              	Top	5.8372920019e+01	1.5398914813e+02	1.0664566959e+02
394              	e423_0	2.8922183446e+00	7.0124141715e+02	2.9152318256e+02
395              	Bottom	3.1835180656e+01	1.2720936837e+02	7.7567705229e+01
395              	Top	5.8373063260e+01	1.5397515893e+02	1.0664578014e+02
395              	e423_0	2.8933473619e+00	7.0124143915e+02	2.9152318296e+02
396              	Bottom	3.1848087394e+01	1.2720727786e+02	7.7567795519e+01
396              	Top	5.8373142479e+01	1.5396341750e+02	1.0664629926e+02
396              	e423_0	2.8946350060e+00	7.0124146335e+02	2.9152319345e+02
397              	Bottom	3.1860316846e+01	1.2720700661e+02	7.7568440331e+01
397              	Top	5.8373159423e+01	1.5395390615e+02	1.0664720859e+02
397              	e423_0	2.8955525375e+00	7.0124148948e+02	2.9152320366e+02
398              	Bottom	3.1871827051e+01	1.2720848174e+02	7.7569614082e+01
398              	Top	5.8373116611e+01	1.5394659441e+02	1.0664848823e+02
398              	e423_0	2.8966229720e+00	7.0124151727e+02	2.9152322325e+02
399              	Bottom	3.1882582467e+01	1.2721162324e+02	7.7571289072e+01
399              	Top	5.8373016588e+01	1.5394143964e+02	1.0665011681e+02
399              	e423_0	2.8973282097e+00	7.0124154648e+02	2.9152324203e+02
400              	Bottom	3.1892552939e+01	1.2721634525e+02	7.7573435917e+01
400              	Top	5.8372862345e+01	1.5393838815e+02	1.0665207173e+02
400              	e423_0	2.8981835042e+00	7.0124157684e+02	2.9152326947e+02
401              	Bottom	3.1901713716e+01	1.2722255657e+02	7.7576023949e+01
401              	Top	5.8372656837e+01	1.5393737596e+02	1.0665432933e+02
401              	e423_0	2.8986810872e+00	7.0124160812e+02	2.9152329552e+02
402              	Bottom	3.1910044825e+01	1.2723015963e+02	7.7579023235e+01
402              	Top	5.8372403327e+01	1.5393832982e+02	1.0665686515e+02
402              	e423_0	2.8993283290e+00	7.0124164008e+02	2.9152332951e+02
403              	Bottom	3.1917533143e+01	1.2723905437e+02	7.7582402778e+01
403              	Top	5.8372105230e+01	1.5394116796e+02	1.0665965405e+02
403              	e423_0	2.8996275728e+00	7.0124167249e+02	2.9152336154e+02
404              	Bottom	3.1924170584e+01	1.2724913989e+02	7.7586129299e+01
404              	Top	5.8371766008e+01	1.5394580115e+02	1.0666267041e+02
404              	e423_0	2.9000780692e+00	7.0124170515e+02	2.9152340076e+02
405              	Bottom	3.1929953848e+01	1.2726031245e+02	7.7590167740e+01
405              	Top	5.8371389324e+01	1.5395213349e+02	1.0666588831e+02
405              	e423_0	2.9001918919e+00	7.0124173784e+02	2.9152343747e+02
406              	Bottom	3.1934884608e+01	1.2727246609e+02	7.7594482030e+01
406              	Top	5.8370978888e+01	1.5396006325e+02	1.0666928170e+02
406              	e423_0	2.9004601361e+00	7.0124177038e+02	2.9152348065e+02
407              	Bottom	3.1938968902e+01	1.2728549298e+02	7.7599035669e+01
407              	Top	5.8370538493e+01	1.5396948360e+02	1.0667282456e+02
407              	e423_0	2.9004042552e+00	7.0124180258e+02	2.9152352077e+02
408              	Bottom	3.1942215878e+01	1.2729928354e+02	7.7603792430e+01
408              	Top	5.8370072021e+01	1.5398028312e+02	1.0667649088e+02
408              	e423_0	2.9005070203e+00	7.0124183429e+02	2.9152356667e+02
409              	Bottom	3.1944642447e+01	1.2731373052e+02	7.7608716132e+01
409              	Top	5.8369583228e+01	1.5399234620e+02	1.0668025497e+02
409              	e423_0	2.9002989828e+00	7.0124186535e+02	2.9152360900e+02
410              	Bottom	3.1946268863e+01	1.2732872689e+02	7.7613771106e+01
410              	Top	5.8369075825e+01	1.5400555476e+02	1.0668409171e+02
410              	e423_0	2.9002545219e+00	7.0124189562e+02	2.9152365643e+02
411              	Bottom	3.1947119278e+01	1.2734416417e+02	7.7618922365e+01
411              	Top	5.8368553585e+01	1.5401978937e+02	1.0668797640e+02
411              	e423_0	2.8999129955e+00	7.0124192496e+02	2.9152369982e+02
412              	Bottom	3.1947221530e+01	1.2735993330e+02	7.7624135676e+01
412              	Top	5.8368020256e+01	1.5403492823e+02	1.0669188462e+02
412              	e423_0	2.8997403569e+00	7.0124195327e+02	2.9152374769e+02
413              	Bottom	3.1946606891e+01	1.2737592593e+02	7.7629377692e+01
413              	Top	5.8367479465e+01	1.5405084745e+02	1.0669579265e+02
413              	e423_0	2.8992845342e+00	7.0124198045e+02	2.9152379109e+02
414              	Bottom	3.1945309399e+01	1.2739203596e+02	7.7634616123e+01
414              	Top	5.8366934757e+01	1.5406742216e+02	1.0669967771e+02
414              	e423_0	2.8990030432e+00	7.0124200639e+02	2.9152383839e+02
415              	Bottom	3.1943365685e+01	1.2740816061e+02	7.7639819922e+01
415              	Top	5.8366389573e+01	1.5408452823e+02	1.0670351818e+02
415              	e423_0	2.8984521489e+00	7.0124203104e+02	2.9152388083e+02
416              	Bottom	3.1940815193e+01	1.2742415105e+02	7.7644954597e+01
416              	Top	5.8365847199e+01	1.5410204378e+02	1.0670729353e+02
416              	e423_0	2.8980809676e+00	7.0124205430e+02	2.9152392667e+02
417              	Bottom	3.1937698937e+01	1.2743992247e+02	7.7649987943e+01
417              	Top	5.8365311027e+01	1.5411984921e+02	1.0671098463e+02
417              	e423_0	2.8974539092e+00	7.0124207614e+02	2.9152396730e+02
418              	Bottom	3.1934059407e+01	1.2745538199e+02	7.7654894642e+01
418              	Top	5.8364784063e+01	1.5413782895e+02	1.0671457359e+02
418              	e423_0	2.8970117467e+00	7.0124209651e+02	2.9152401087e+02
419              	Bottom	3.1929940711e+01	1.2747045475e+02	7.7659652452e+01
419              	Top	5.8364268937e+01	1.5415587121e+02	1.0671804379e+02
419              	e423_0	2.8963268595e+00	7.0124211536e+02	2.9152404897e+02
420              	Bottom	3.1925388550e+01	1.2748508200e+02	7.7664241011e+01
420              	Top	5.8363768101e+01	1.5417386791e+02	1.0672137989e+02
420              	e423_0	2.8958317553e+00	7.0124213268e+02	2.9152408960e+02
421              	Bottom	3.1920449063e+01	1.2749920777e+02	7.7668641698e+01
421              	Top	5.8363283898e+01	1.5419171505e+02	1.0672456785e+02
421              	e423_0	2.8951065890e+00	7.0124214845e+02	2.9152412455e+02
422              	Bottom	3.1915168468e+01	1.2751277731e+02	7.7672837331e+01
422              	Top	5.8362818555e+01	1.5420931331e+02	1.0672759499e+02
422              	e423_0	2.8945756784e+00	7.0124216265e+02	2.9152416169e+02
423              	Bottom	3.1909593030e+01	1.2752573779e+02	7.7676812230e+01
423              	Top	5.8362374230e+01	1.5422656855e+02	1.0673044999e+02
423              	e423_0	2.8938267940e+00	7.0124217531e+02	2.9152419298e+02
424              	Bottom	3.1903769094e+01	1.2753803929e+02	7.7680552336e+01
424              	Top	5.8361952714e+01	1.5424339211e+02	1.0673312299e+02
424              	e423_0	2.8932761654e+00	7.0124218642e+02	2.9152422619e+02
425              	Bottom	3.1897742742e+01	1.2754963588e+02	7.7684045304e+01
425              	Top	5.8361555558e+01	1.5425970119e+02	1.0673560560e+02
425              	e423_0	2.8925190021e+00	7.0124219600e+02	2.9152425346e+02
426              	Bottom	3.1891559673e+01	1.2756048683e+02	7.7687280661e+01
426              	Top	5.8361184134e+01	1.5427541917e+02	1.0673789092e+02
426              	e423_0	2.8919635571e+00	7.0124220407e+02	2.9152428242e+02
427              	Bottom	3.1885264209e+01	1.2757055732e+02	7.7690249725e+01
427              	Top	5.8360839532e+01	1.5429047592e+02	1.0673997345e+02
427              	e423_0	2.8912122943e+00	7.0124221068e+02	2.9152430540e+02
428              	Bottom	3.1878899642e+01	1.2757981899e+02	7.7692945892e+01
428              	Top	5.8360522688e+01	1.5430480823e+02	1.0674184921e+02
428              	e423_0	2.8906655740e+00	7.0124221585e+02	2.9152432992e+02
429              	Bottom	3.1872507787e+01	1.2758825021e+02	7.7695364617e+01
429              	Top	5.8360234301e+01	1.5431835988e+02	1.0674351566e+02
429              	e423_0	2.8899329443e+00	7.0124221963e+02	2.9152434847e+02
430              	Bottom	3.1866128860e+01	1.2759583597e+02	7.7697503374e+01
430              	Top	5.8359974829e+01	1.5433108181e+02	1.0674497167e+02
430              	e423_0	2.8894069867e+00	7.0124222206e+02	2.9152436844e+02
431              	Bottom	3.1859801283e+01	1.2760256761e+02	7.7699361598e+01
431              	Top	5.8359744538e+01	1.5434293229e+02	1.0674621749e+02
431              	e423_0	2.8887041839e+00	7.0124222320e+02	2.9152438250e+02
432              	Bottom	3.1853561417e+01	1.2760844246e+02	7.7700940569e+01
432              	Top	5.8359543521e+01	1.5435387684e+02	1.0674725466e+02
432              	e423_0	2.8882094233e+00	7.0124222311e+02	2.9152439795e+02
433              	Bottom	3.1847443497e+01	1.2761346351e+02	7.7702243291e+01
433              	Top	5.8359371616e+01	1.5436388819e+02	1.0674808596e+02
433              	e423_0	2.8875459844e+00	7.0124222184e+02	2.9152440758e+02
434              	Bottom	3.1841479349e+01	1.2761763889e+02	7.7703274353e+01
434              	Top	5.8359228519e+01	1.5437294605e+02	1.0674871537e+02
434              	e423_0	2.8870912361e+00	7.0124221946e+02	2.9152441859e+02
435              	Bottom	3.1835698404e+01	1.2762098186e+02	7.7704039864e+01
435              	Top	5.8359113800e+01	1.5438103706e+02	1.0674914793e+02
435              	e423_0	2.8864750565e+00	7.0124221603e+02	2.9152442393e+02
436              	Bottom	3.1830127567e+01	1.2762351052e+02	7.7704547319e+01
436              	Top	5.8359026844e+01	1.5438815447e+02	1.0674938969e+02
436              	e423_0	2.8860674648e+00	7.0124221162e+02	2.9152443068e+02
437              	Bottom	3.1824791244e+01	1.2762524746e+02	7.7704805505e+01
437              	Top	5.8358966873e+01	1.5439429805e+02	1.0674944767e+02
437              	e423_0	2.8855048421e+00	7.0124220630e+02	2.9152443195e+02
438              	Bottom	3.1819711436e+01	1.2762621942e+02	7.7704824349e+01
438              	Top	5.8358932946e+01	1.5439947388e+02	1.0674932976e+02
438              	e423_0	2.8851499595e+00	7.0124220014e+02	2.9152443469e+02
439              	Bottom	3.1814907390e+01	1.2762645604e+02	7.7704614741e+01
439              	Top	5.8358924197e+01	1.5440377947e+02	1.0674906604e+02
439              	e423_0	2.8846456043e+00	7.0124219321e+02	2.9152443216e+02
440              	Bottom	3.1810395754e+01	1.2762599086e+02	7.7704188748e+01
440              	Top	5.8358939448e+01	1.5440726755e+02	1.0674865935e+02
440              	e423_0	2.8843475157e+00	7.0124218558e+02	2.9152443121e+02
441              	Bottom	3.1806190234e+01	1.2762486120e+02	7.7703559232e+01
441              	Top	5.8358977292e+01	1.5440988290e+02	1.0674810217e+02
441              	e423_0	2.8839047281e+00	7.0124217733e+02	2.9152442523e+02
442              	Bottom	3.1802301162e+01	1.2762310601e+02	7.7702740644e+01
442              	Top	5.8359036386e+01	1.5441156852e+02	1.0674739847e+02
442              	e423_0	2.8836660911e+00	7.0124216852e+02	2.9152442095e+02
443              	Bottom	3.1798736799e+01	1.2762076624e+02	7.7701748146e+01
443              	Top	5.8359115340e+01	1.5441231870e+02	1.0674655808e+02
443              	e423_0	2.8832868004e+00	7.0124215922e+02	2.9152441190e+02
444              	Bottom	3.1795503344e+01	1.2761788529e+02	7.7700596685e+01
444              	Top	5.8359212754e+01	1.5441216619e+02	1.0674559274e+02
444              	e423_0	2.8831089826e+00	7.0124214951e+02	2.9152440469e+02
445              	Bottom	3.1792604700e+01	1.2761450761e+02	7.7699300868e+01
445              	Top	5.8359327136e+01	1.5441116044e+02	1.0674451436e+02
445              	e423_0	2.8827938763e+00	7.0124213945e+02	2.9152439299e+02
446              	Bottom	3.1790042322e+01	1.2761067795e+02	7.7697875107e+01
446              	Top	5.8359457020e+01	1.5440935457e+02	1.0674333468e+02
446              	e423_0	2.8826769930e+00	7.0124212912e+02	2.9152438329e+02
447              	Bottom	3.1787815640e+01	1.2760644117e+02	7.7696333793e+01
447              	Top	5.8359600878e+01	1.5440680114e+02	1.0674206536e+02
447              	e423_0	2.8824255320e+00	7.0124211858e+02	2.9152436938e+02
448              	Bottom	3.1785922112e+01	1.2760184222e+02	7.7694691347e+01
448              	Top	5.8359757181e+01	1.5440355229e+02	1.0674071808e+02
448              	e423_0	2.8823685792e+00	7.0124210789e+02	2.9152435764e+02
449              	Bottom	3.1784357176e+01	1.2759692594e+02	7.7692962191e+01
449              	Top	5.8359924379e+01	1.5439966094e+02	1.0673930454e+02
449              	e423_0	2.8821791573e+00	7.0124209711e+02	2.9152434197e+02
450              	Bottom	3.1783114454e+01	1.2759173673e+02	7.7691160628e+01
450              	Top	5.8360100996e+01	1.5439520255e+02	1.0673784170e+02
450              	e423_0	2.8821800553e+00	7.0124208631e+02	2.9152432865e+02
451              	Bottom	3.1782185947e+01	1.2758631742e+02	7.7689300506e+01
451              	Top	5.8360285802e+01	1.5439039997e+02	1.0673637907e+02
451              	e423_0	2.8820500288e+00	7.0124207555e+02	2.9152431169e+02
452              	Bottom	3.1781562207e+01	1.2758071200e+02	7.7687395847e+01
452              	Top	5.8360477013e+01	1.5438529930e+02	1.0673489743e+02
452              	e423_0	2.8821057338e+00	7.0124206487e+02	2.9152429724e+02
453              	Bottom	3.1781232132e+01	1.2757496359e+02	7.7685460336e+01
453              	Top	5.8360673007e+01	1.5437984550e+02	1.0673339730e+02
453              	e423_0	2.8820315663e+00	7.0124205433e+02	2.9152427943e+02
454              	Bottom	3.1781183247e+01	1.2756911401e+02	7.7683507163e+01
454              	Top	5.8360872371e+01	1.5437403481e+02	1.0673188845e+02
454              	e423_0	2.8821381846e+00	7.0124204399e+02	2.9152426430e+02
455              	Bottom	3.1781401924e+01	1.2756320343e+02	7.7681548951e+01
455              	Top	5.8361073772e+01	1.5436791267e+02	1.0673038239e+02
455              	e423_0	2.8821155340e+00	7.0124203388e+02	2.9152424607e+02
456              	Bottom	3.1781873565e+01	1.2755727031e+02	7.7679597701e+01
456              	Top	5.8361275906e+01	1.5436154201e+02	1.0672888936e+02
456              	e423_0	2.8822684234e+00	7.0124202405e+02	2.9152423068e+02
457              	Bottom	3.1782582788e+01	1.2755135125e+02	7.7677664782e+01
457              	Top	5.8361477548e+01	1.5435498344e+02	1.0672741806e+02
457              	e423_0	2.8822922639e+00	7.0124201454e+02	2.9152421246e+02
458              	Bottom	3.1783513220e+01	1.2754548100e+02	7.7675760927e+01
458              	Top	5.8361677532e+01	1.5434828986e+02	1.0672597609e+02
458              	e423_0	2.8824861675e+00	7.0124200540e+02	2.9152419720e+02
459              	Bottom	3.1784648588e+01	1.2753969239e+02	7.7673896126e+01
459              	Top	5.8361874720e+01	1.5434150818e+02	1.0672457046e+02
459              	e423_0	2.8825509280e+00	7.0124199665e+02	2.9152417935e+02
460              	Bottom	3.1785972046e+01	1.2753401609e+02	7.7672079651e+01
460              	Top	5.8362068068e+01	1.5433468228e+02	1.0672320774e+02
460              	e423_0	2.8827801056e+00	7.0124198832e+02	2.9152416459e+02
461              	Bottom	3.1787466436e+01	1.2752848058e+02	7.7670320024e+01
461              	Top	5.8362256599e+01	1.5432785452e+02	1.0672189405e+02
461              	e423_0	2.8828798015e+00	7.0124198045e+02	2.9152414745e+02
462              	Bottom	3.1789114444e+01	1.2752311208e+02	7.7668625010e+01
462              	Top	5.8362439432e+01	1.5432106602e+02	1.0672063500e+02
462              	e423_0	2.8831381595e+00	7.0124197305e+02	2.9152413351e+02
463              	Bottom	3.1790898671e+01	1.2751793441e+02	7.7667001611e+01
463              	Top	5.8362615753e+01	1.5431435623e+02	1.0671943561e+02
463              	e423_0	2.8832665218e+00	7.0124196615e+02	2.9152411737e+02
464              	Bottom	3.1792801779e+01	1.2751296898e+02	7.7665456068e+01
464              	Top	5.8362784836e+01	1.5430776239e+02	1.0671830028e+02
464              	e423_0	2.8835477526e+00	7.0124195976e+02	2.9152410451e+02
465              	Bottom	3.1794806557e+01	1.2750823488e+02	7.7663993849e+01
465              	Top	5.8362946032e+01	1.5430131919e+02	1.0671723280e+02
465              	e423_0	2.8836983624e+00	7.0124195391e+02	2.9152408964e+02
466              	Bottom	3.1796895960e+01	1.2750374884e+02	7.7662619651e+01
466              	Top	5.8363098778e+01	1.5429505857e+02	1.0671623632e+02
466              	e423_0	2.8839960746e+00	7.0124194859e+02	2.9152407809e+02
467              	Bottom	3.1799053375e+01	1.2749952545e+02	7.7661337384e+01
467              	Top	5.8363242588e+01	1.5428900964e+02	1.0671531339e+02
467              	e423_0	2.8841625080e+00	7.0124194382e+02	2.9152406467e+02
468              	Bottom	3.1801262667e+01	1.2749557705e+02	7.7660150205e+01
468              	Top	5.8363377060e+01	1.5428319868e+02	1.0671446598e+02
468              	e423_0	2.8844703727e+00	7.0124193960e+02	2.9152405463e+02
469              	Bottom	3.1803508191e+01	1.2749191377e+02	7.7659060528e+01
469              	Top	5.8363501850e+01	1.5427764913e+02	1.0671369548e+02
469              	e423_0	2.8846463290e+00	7.0124193593e+02	2.9152404281e+02
470              	Bottom	3.1805774932e+01	1.2748854366e+02	7.7658070057e+01
470              	Top	5.8363616717e+01	1.5427238161e+02	1.0671300274e+02
470              	e423_0	2.8849582029e+00	7.0124193281e+02	2.9152403439e+02
471              	Bottom	3.1808048451e+01	1.2748547258e+02	7.7657179790e+01
471              	Top	5.8363721457e+01	1.5426741399e+02	1.0671238809e+02
471              	e423_0	2.8851376367e+00	7.0124193024e+02	2.9152402429e+02
472              	Bottom	3.1810315186e+01	1.2748270419e+02	7.7656390043e+01
472              	Top	5.8363815975e+01	1.5426276132e+02	1.0671185135e+02
472              	e423_0	2.8854476914e+00	7.0124192820e+02	2.9152401756e+02
473              	Bottom	3.1812562252e+01	1.2748023990e+02	7.7655700528e+01
473              	Top	5.8363900217e+01	1.5425843594e+02	1.0671139189e+02
473              	e423_0	2.8856249358e+00	7.0124192669e+02	2.9152400923e+02
474              	Bottom	3.1814777520e+01	1.2747807895e+02	7.7655110334e+01
474              	Top	5.8363974212e+01	1.5425444749e+02	1.0671100864e+02
474              	e423_0	2.8859277771e+00	7.0124192569e+02	2.9152400424e+02
475              	Bottom	3.1816949662e+01	1.2747621871e+02	7.7654617971e+01
475              	Top	5.8364038023e+01	1.5425080308e+02	1.0671070009e+02
475              	e423_0	2.8860976561e+00	7.0124192519e+02	2.9152399769e+02
476              	Bottom	3.1819068140e+01	1.2747465481e+02	7.7654221420e+01
476              	Top	5.8364091807e+01	1.5424750727e+02	1.0671046438e+02
476              	e423_0	2.8863884318e+00	7.0124192517e+02	2.9152399442e+02
477              	Bottom	3.1821123273e+01	1.2747338146e+02	7.7653918202e+01
477              	Top	5.8364135736e+01	1.5424456230e+02	1.0671029928e+02
477              	e423_0	2.8865463326e+00	7.0124192560e+02	2.9152398962e+02
478              	Bottom	3.1823106234e+01	1.2747239153e+02	7.7653705415e+01
478              	Top	5.8364170037e+01	1.5424196817e+02	1.0671020228e+02
478              	e423_0	2.8868207934e+00	7.0124192648e+02	2.9152398803e+02
479              	Bottom	3.1825009091e+01	1.2747167673e+02	7.7653579805e+01
479              	Top	5.8364195005e+01	1.5423972277e+02	1.0671017056e+02
479              	e423_0	2.8869627664e+00	7.0124192777e+02	2.9152398492e+02
480              	Bottom	3.1826824806e+01	1.2747122774e+02	7.7653537786e+01
480              	Top	5.8364210943e+01	1.5423782200e+02	1.0671020109e+02
480              	e423_0	2.8872173371e+00	7.0124192945e+02	2.9152398492e+02
481              	Bottom	3.1828547167e+01	1.2747103416e+02	7.7653575482e+01
481              	Top	5.8364218224e+01	1.5423625990e+02	1.0671029061e+02
481              	e423_0	2.8873401284e+00	7.0124193150e+02	2.9152398338e+02
482              	Bottom	3.1830170910e+01	1.2747108474e+02	7.7653688768e+01
482              	Top	5.8364217228e+01	1.5423502881e+02	1.0671043563e+02
482              	e423_0	2.8875719580e+00	7.0124193388e+02	2.9152398487e+02
483              	Bottom	3.1831691398e+01	1.2747136736e+02	7.7653873287e+01
483              	Top	5.8364208372e+01	1.5423411948e+02	1.0671063254e+02
483              	e423_0	2.8876730224e+00	7.0124193657e+02	2.9152398479e+02
484              	Bottom	3.1833104889e+01	1.2747186909e+02	7.7654124478e+01
484              	Top	5.8364192100e+01	1.5423352118e+02	1.0671087759e+02
484              	e423_0	2.8878799669e+00	7.0124193955e+02	2.9152398761e+02
485              	Bottom	3.1834408676e+01	1.2747257638e+02	7.7654437613e+01
485              	Top	5.8364168869e+01	1.5423322188e+02	1.0671116695e+02
485              	e423_0	2.8879574942e+00	7.0124194277e+02	2.9152398883e+02
486              	Bottom	3.1835600738e+01	1.2747347505e+02	7.7654807827e+01
486              	Top	5.8364139149e+01	1.5423320841e+02	1.0671149674e+02
486              	e423_0	2.8881381292e+00	7.0124194622e+02	2.9152399284e+02
487              	Bottom	3.1836679769e+01	1.2747455044e+02	7.7655230154e+01
487              	Top	5.8364103430e+01	1.5423346659e+02	1.0671186301e+02
487              	e423_0	2.8881910009e+00	7.0124194986e+02	2.9152399520e+02
488              	Bottom	3.1837645228e+01	1.2747578750e+02	7.7655699576e+01
488              	Top	5.8364062214e+01	1.5423398135e+02	1.0671226183e+02
488              	e423_0	2.8883446001e+00	7.0124195367e+02	2.9152400021e+02
489              	Bottom	3.1838497245e+01	1.2747717094e+02	7.7656211059e+01
489              	Top	5.8364016005e+01	1.5423473689e+02	1.0671268925e+02
489              	e423_0	2.8883723900e+00	7.0124195761e+02	2.9152400353e+02
490              	Bottom	3.1839236542e+01	1.2747868538e+02	7.7656759596e+01
490              	Top	5.8363965309e+01	1.5423571677e+02	1.0671314138e+02
490              	e423_0	2.8884988759e+00	7.0124196165e+02	2.9152400937e+02
491              	Bottom	3.1839864422e+01	1.2748031545e+02	7.7657340223e+01
491              	Top	5.8363910630e+01	1.5423690419e+02	1.0671361440e+02
491              	e423_0	2.8885017844e+00	7.0124196578e+02	2.9152401346e+02
492              	Bottom	3.1840382679e+01	1.2748204583e+02	7.7657948222e+01
492              	Top	5.8363852476e+01	1.5423828206e+02	1.0671410451e+02
492              	e423_0	2.8886017001e+00	7.0124196995e+02	2.9152401994e+02
493              	Bottom	3.1840793719e+01	1.2748386150e+02	7.7658578991e+01
493              	Top	5.8363791350e+01	1.5423983295e+02	1.0671460800e+02
493              	e423_0	2.8885805232e+00	7.0124197415e+02	2.9152402462e+02
494              	Bottom	3.1841100483e+01	1.2748574796e+02	7.7659227900e+01
494              	Top	5.8363727802e+01	1.5424153920e+02	1.0671512129e+02
494              	e423_0	2.8886547811e+00	7.0124197835e+02	2.9152403157e+02
495              	Bottom	3.1841306395e+01	1.2748769127e+02	7.7659890363e+01
495              	Top	5.8363662123e+01	1.5424338303e+02	1.0671564084e+02
495              	e423_0	2.8886109199e+00	7.0124198251e+02	2.9152403665e+02
496              	Bottom	3.1841414888e+01	1.2748967772e+02	7.7660561845e+01
496              	Top	5.8363594999e+01	1.5424534669e+02	1.0671616339e+02
496              	e423_0	2.8886615133e+00	7.0124198663e+02	2.9152404387e+02
497              	Bottom	3.1841430165e+01	1.2749169420e+02	7.7661237982e+01
497              	Top	5.8363526805e+01	1.5424741297e+02	1.0671668583e+02
497              	e423_0	2.8885965851e+00	7.0124199068e+02	2.9152404918e+02
498              	Bottom	3.1841356660e+01	1.2749372796e+02	7.7661914604e+01
498              	Top	5.8363457964e+01	1.5424956490e+02	1.0671720517e+02
498              	e423_0	2.8886252835e+00	7.0124199463e+02	2.9152405650e+02
499              	Bottom	3.1841199060e+01	1.2749576685e+02	7.7662587768e+01
499              	Top	5.8363388896e+01	1.5425178601e+02	1.0671771863e+02
499              	e423_0	2.8885415327e+00	7.0124199847e+02	2.9152406188e+02
500              	Bottom	3.1840962292e+01	1.2749779929e+02	7.7663253764e+01
500              	Top	5.8363320000e+01	1.5425406032e+02	1.0671822358e+02
500              	e423_0	2.8885507324e+00	7.0124200218e+02	2.9152406915e+02
501              	Bottom	3.1840651467e+01	1.2749981419e+02	7.7663909109e+01
501              	Top	5.8363251653e+01	1.5425637234e+02	1.0671871758e+02
501              	e423_0	2.8884506229e+00	7.0124200574e+02	2.9152407444e+02
502              	Bottom	3.1840271874e+01	1.2750180094e+02	7.7664550556e+01
502              	Top	5.8363184222e+01	1.5425870716e+02	1.0671919836e+02
502              	e423_0	2.8884429257e+00	7.0124200914e+02	2.9152408152e+02
503              	Bottom	3.1839828906e+01	1.2750374951e+02	7.7665175097e+01
503              	Top	5.8363118031e+01	1.5426105044e+02	1.0671966383e+02
503              	e423_0	2.8883291171e+00	7.0124201237e+02	2.9152408658e+02
504              	Bottom	3.1839328057e+01	1.2750565053e+02	7.7665779975e+01
504              	Top	5.8363053395e+01	1.5426338847e+02	1.0672011209e+02
504              	e423_0	2.8883072871e+00	7.0124201541e+02	2.9152409335e+02
505              	Bottom	3.1838774875e+01	1.2750749536e+02	7.7666362687e+01
505              	Top	5.8362990599e+01	1.5426570826e+02	1.0672054143e+02
505              	e423_0	2.8881825637e+00	7.0124201826e+02	2.9152409807e+02
506              	Bottom	3.1838174926e+01	1.2750927619e+02	7.7666920993e+01
506              	Top	5.8362929907e+01	1.5426799756e+02	1.0672095033e+02
506              	e423_0	2.8881494486e+00	7.0124202090e+02	2.9152410441e+02
507              	Bottom	3.1837533765e+01	1.2751098604e+02	7.7667452911e+01
507              	Top	5.8362871554e+01	1.5427024493e+02	1.0672133746e+02
507              	e423_0	2.8880166391e+00	7.0124202333e+02	2.9152410869e+02
508              	Bottom	3.1836856906e+01	1.2751261876e+02	7.7667956717e+01
508              	Top	5.8362815757e+01	1.5427243973e+02	1.0672170170e+02
508              	e423_0	2.8879750918e+00	7.0124202554e+02	2.9152411452e+02
509              	Bottom	3.1836149797e+01	1.2751416897e+02	7.7668430938e+01
509              	Top	5.8362762704e+01	1.5427457219e+02	1.0672204210e+02
509              	e423_0	2.8878369907e+00	7.0124202754e+02	2.9152411828e+02
510              	Bottom	3.1835417790e+01	1.2751563206e+02	7.7668874342e+01
510              	Top	5.8362712561e+01	1.5427663336e+02	1.0672235789e+02
510              	e423_0	2.8877897930e+00	7.0124202932e+02	2.9152412353e+02
511              	Bottom	3.1834666098e+01	1.2751700410e+02	7.7669285932e+01
511              	Top	5.8362665469e+01	1.5427861514e+02	1.0672264850e+02
511              	e423_0	2.8876490910e+00	7.0124203087e+02	2.9152412672e+02
512              	Bottom	3.1833899828e+01	1.2751828188e+02	7.7669664937e+01
512              	Top	5.8362621553e+01	1.5428051028e+02	1.0672291349e+02
512              	e423_0	2.8875988950e+00	7.0124203220e+02	2.9152413134e+02
513              	Bottom	3.1833123894e+01	1.2751946281e+02	7.7670010801e+01
513              	Top	5.8362580899e+01	1.5428231238e+02	1.0672315262e+02
513              	e423_0	2.8874581292e+00	7.0124203331e+02	2.9152413392e+02
514              	Bottom	3.1832343079e+01	1.2752054493e+02	7.7670323174e+01
514              	Top	5.8362543588e+01	1.5428401585e+02	1.0672336579e+02
514              	e423_0	2.8874074065e+00	7.0124203421e+02	2.9152413787e+02
515              	Bottom	3.1831561938e+01	1.2752152689e+02	7.7670601902e+01
515              	Top	5.8362509662e+01	1.5428561592e+02	1.0672355304e+02
515              	e423_0	2.8872689085e+00	7.0124203490e+02	2.9152413982e+02
516              	Bottom	3.1830784793e+01	1.2752240794e+02	7.7670847021e+01
516              	Top	5.8362479165e+01	1.5428710863e+02	1.0672371456e+02
516              	e423_0	2.8872198980e+00	7.0124203538e+02	2.9152414310e+02
517              	Bottom	3.1830015728e+01	1.2752318778e+02	7.7671058838e+01
517              	Top	5.8362452103e+01	1.5428849078e+02	1.0672385068e+02
517              	e423_0	2.8870857435e+00	7.0124203566e+02	2.9152414441e+02
518              	Bottom	3.1829258645e+01	1.2752386671e+02	7.7671237904e+01
518              	Top	5.8362428468e+01	1.5428975995e+02	1.0672396184e+02
518              	e423_0	2.8870404203e+00	7.0124203575e+02	2.9152414702e+02
519              	Bottom	3.1828517217e+01	1.2752444566e+02	7.7671384869e+01
519              	Top	5.8362408229e+01	1.5429091443e+02	1.0672404859e+02
519              	e423_0	2.8869124231e+00	7.0124203566e+02	2.9152414770e+02
520              	Bottom	3.1827794862e+01	1.2752492611e+02	7.7671500458e+01
520              	Top	5.8362391352e+01	1.5429195321e+02	1.0672411160e+02
520              	e423_0	2.8868724756e+00	7.0124203540e+02	2.9152414968e+02
521              	Bottom	3.1827094730e+01	1.2752530999e+02	7.7671585471e+01
521              	Top	5.8362377769e+01	1.5429287596e+02	1.0672415165e+02
521              	e423_0	2.8867521382e+00	7.0124203497e+02	2.9152414975e+02
522              	Bottom	3.1826419703e+01	1.2752559962e+02	7.7671640817e+01
522              	Top	5.8362367412e+01	1.5429368301e+02	1.0672416957e+02
522              	e423_0	2.8867189560e+00	7.0124203438e+02	2.9152415111e+02
523              	Bottom	3.1825772393e+01	1.2752579773e+02	7.7671667506e+01
523              	Top	5.8362360187e+01	1.5429437527e+02	1.0672416629e+02
523              	e423_0	2.8866074874e+00	7.0124203365e+02	2.9152415062e+02
524              	Bottom	3.1825155176e+01	1.2752590738e+02	7.7671666668e+01
524              	Top	5.8362355992e+01	1.5429495428e+02	1.0672414282e+02
524              	e423_0	2.8865821392e+00	7.0124203279e+02	2.9152415141e+02
525              	Bottom	3.1824570110e+01	1.2752593199e+02	7.7671639532e+01
525              	Top	5.8362354710e+01	1.5429542206e+02	1.0672410023e+02
525              	e423_0	2.8864804267e+00	7.0124203181e+02	2.9152415040e+02
526              	Bottom	3.1824019018e+01	1.2752587527e+02	7.7671587428e+01
526              	Top	5.8362356227e+01	1.5429578119e+02	1.0672403966e+02
526              	e423_0	2.8864636880e+00	7.0124203072e+02	2.9152415067e+02
527              	Bottom	3.1823503418e+01	1.2752574125e+02	7.7671511773e+01
527              	Top	5.8362360402e+01	1.5429603469e+02	1.0672396226e+02
527              	e423_0	2.8863723253e+00	7.0124202954e+02	2.9152414920e+02
528              	Bottom	3.1823024574e+01	1.2752553415e+02	7.7671414043e+01
528              	Top	5.8362367093e+01	1.5429618603e+02	1.0672386924e+02
528              	e423_0	2.8863646650e+00	7.0124202826e+02	2.9152414901e+02
529              	Bottom	3.1822583504e+01	1.2752525844e+02	7.7671295772e+01
529              	Top	5.8362376148e+01	1.5429623906e+02	1.0672376183e+02
529              	e423_0	2.8862839572e+00	7.0124202692e+02	2.9152414713e+02
530              	Bottom	3.1822180984e+01	1.2752491875e+02	7.7671158543e+01
530              	Top	5.8362387415e+01	1.5429619799e+02	1.0672364129e+02
530              	e423_0	2.8862855734e+00	7.0124202551e+02	2.9152414655e+02
531              	Bottom	3.1821817526e+01	1.2752451985e+02	7.7671003969e+01
531              	Top	5.8362400725e+01	1.5429606735e+02	1.0672350889e+02
531              	e423_0	2.8862155505e+00	7.0124202404e+02	2.9152414434e+02
532              	Bottom	3.1821493401e+01	1.2752406661e+02	7.7670833688e+01
532              	Top	5.8362415916e+01	1.5429585193e+02	1.0672336590e+02
532              	e423_0	2.8862263746e+00	7.0124202254e+02	2.9152414342e+02
533              	Bottom	3.1821208670e+01	1.2752356400e+02	7.7670649352e+01
533              	Top	5.8362432822e+01	1.5429555681e+02	1.0672321360e+02
533              	e423_0	2.8861668313e+00	7.0124202101e+02	2.9152414094e+02
534              	Bottom	3.1820963172e+01	1.2752301704e+02	7.7670452620e+01
534              	Top	5.8362451267e+01	1.5429518722e+02	1.0672305326e+02
534              	e423_0	2.8861865706e+00	7.0124201946e+02	2.9152413975e+02
535              	Bottom	3.1820756527e+01	1.2752243075e+02	7.7670245143e+01
535              	Top	5.8362471081e+01	1.5429474860e+02	1.0672288615e+02
535              	e423_0	2.8861370810e+00	7.0124201791e+02	2.9152413707e+02
536              	Bottom	3.1820588166e+01	1.2752181019e+02	7.7670028560e+01
536              	Top	5.8362492094e+01	1.5429424649e+02	1.0672271348e+02
536              	e423_0	2.8861652408e+00	7.0124201635e+02	2.9152413569e+02
537              	Bottom	3.1820457323e+01	1.2752116033e+02	7.7669804489e+01
537              	Top	5.8362514132e+01	1.5429368656e+02	1.0672253649e+02
537              	e423_0	2.8861251971e+00	7.0124201480e+02	2.9152413286e+02
538              	Bottom	3.1820363066e+01	1.2752048613e+02	7.7669574517e+01
538              	Top	5.8362537028e+01	1.5429307452e+02	1.0672235635e+02
538              	e423_0	2.8861611144e+00	7.0124201328e+02	2.9152413135e+02
539              	Bottom	3.1820304295e+01	1.2751979245e+02	7.7669340195e+01
539              	Top	5.8362560613e+01	1.5429241612e+02	1.0672217420e+02
539              	e423_0	2.8861297578e+00	7.0124201178e+02	2.9152412845e+02
540              	Bottom	3.1820279769e+01	1.2751908404e+02	7.7669103031e+01
540              	Top	5.8362584726e+01	1.5429171710e+02	1.0672199115e+02
540              	e423_0	2.8861726355e+00	7.0124201031e+02	2.9152412686e+02
541              	Bottom	3.1820288099e+01	1.2751836553e+02	7.7668864479e+01
541              	Top	5.8362609205e+01	1.5429098317e+02	1.0672180826e+02
541              	e423_0	2.8861490895e+00	7.0124200889e+02	2.9152412394e+02
542              	Bottom	3.1820327875e+01	1.2751764169e+02	7.7668626015e+01
542              	Top	5.8362633884e+01	1.5429021996e+02	1.0672162656e+02
542              	e423_0	2.8861980876e+00	7.0124200751e+02	2.9152412234e+02
543              	Bottom	3.1820397179e+01	1.2751691633e+02	7.7668388844e+01
543              	Top	5.8362658684e+01	1.5428943319e+02	1.0672144701e+02
543              	e423_0	2.8861813505e+00	7.0124200619e+02	2.9152411945e+02
544              	Bottom	3.1820494590e+01	1.2751619375e+02	7.7668154284e+01
544              	Top	5.8362683358e+01	1.5428862818e+02	1.0672127049e+02
544              	e423_0	2.8862353778e+00	7.0124200493e+02	2.9152411789e+02
545              	Bottom	3.1820618254e+01	1.2751547795e+02	7.7667923544e+01
545              	Top	5.8362707817e+01	1.5428781017e+02	1.0672109787e+02
545              	e423_0	2.8862245264e+00	7.0124200373e+02	2.9152411509e+02
546              	Bottom	3.1820766300e+01	1.2751477268e+02	7.7667697758e+01
546              	Top	5.8362731937e+01	1.5428698435e+02	1.0672092993e+02
546              	e423_0	2.8862826600e+00	7.0124200260e+02	2.9152411360e+02
547              	Bottom	3.1820936795e+01	1.2751408147e+02	7.7667477981e+01
547              	Top	5.8362755594e+01	1.5428615570e+02	1.0672076741e+02
547              	e423_0	2.8862766096e+00	7.0124200154e+02	2.9152411092e+02
548              	Bottom	3.1821127774e+01	1.2751340758e+02	7.7667265186e+01
548              	Top	5.8362778677e+01	1.5428532901e+02	1.0672061098e+02
548              	e423_0	2.8863378153e+00	7.0124200056e+02	2.9152410956e+02
549              	Bottom	3.1821337235e+01	1.2751275408e+02	7.7667060263e+01
549              	Top	5.8362801071e+01	1.5428450880e+02	1.0672046125e+02
549              	e423_0	2.8863355298e+00	7.0124199965e+02	2.9152410704e+02
550              	Bottom	3.1821563181e+01	1.2751212374e+02	7.7666864021e+01
550              	Top	5.8362822692e+01	1.5428369941e+02	1.0672031875e+02
550              	e423_0	2.8863988062e+00	7.0124199882e+02	2.9152410583e+02
551              	Bottom	3.1821803587e+01	1.2751151911e+02	7.7666677185e+01
551              	Top	5.8362843442e+01	1.5428290488e+02	1.0672018398e+02
551              	e423_0	2.8863992812e+00	7.0124199807e+02	2.9152410350e+02
552              	Bottom	3.1822056447e+01	1.2751094247e+02	7.7666500394e+01
552              	Top	5.8362863245e+01	1.5428212903e+02	1.0672005734e+02
552              	e423_0	2.8864636695e+00	7.0124199739e+02	2.9152410247e+02
553              	Bottom	3.1822319770e+01	1.2751039587e+02	7.7666334206e+01
553              	Top	5.8362882027e+01	1.5428137540e+02	1.0671993918e+02
553              	e423_0	2.8864659504e+00	7.0124199680e+02	2.9152410035e+02
554              	Bottom	3.1822591589e+01	1.2750988108e+02	7.7666179093e+01
554              	Top	5.8362899731e+01	1.5428064724e+02	1.0671982981e+02
554              	e423_0	2.8865305483e+00	7.0124199629e+02	2.9152409951e+02
555              	Bottom	3.1822869969e+01	1.2750939963e+02	7.7666035442e+01
555              	Top	5.8362916298e+01	1.5427994754e+02	1.0671972943e+02
555              	e423_0	2.8865337458e+00	7.0124199585e+02	2.9152409762e+02
556              	Bottom	3.1823153027e+01	1.2750895276e+02	7.7665903563e+01
556              	Top	5.8362931689e+01	1.5427927900e+02	1.0671963823e+02
556              	e423_0	2.8865977235e+00	7.0124199549e+02	2.9152409699e+02
557              	Bottom	3.1823438910e+01	1.2750854151e+02	7.7665783683e+01
557              	Top	5.8362945867e+01	1.5427864400e+02	1.0671955632e+02
557              	e423_0	2.8866010307e+00	7.0124199521e+02	2.9152409533e+02
558              	Bottom	3.1823725879e+01	1.2750816665e+02	7.7665675955e+01
558              	Top	5.8362958805e+01	1.5427804467e+02	1.0671948374e+02
558              	e423_0	2.8866636483e+00	7.0124199500e+02	2.9152409492e+02
559              	Bottom	3.1824012241e+01	1.2750782870e+02	7.7665580453e+01
559              	Top	5.8362970475e+01	1.5427748282e+02	1.0671942049e+02
559              	e423_0	2.8866663535e+00	7.0124199486e+02	2.9152409350e+02
560              	Bottom	3.1824296386e+01	1.2750752796e+02	7.7665497178e+01
560              	Top	5.8362980875e+01	1.5427695998e+02	1.0671936651e+02
560              	e423_0	2.8867269658e+00	7.0124199479e+02	2.9152409330e+02
561              	Bottom	3.1824576773e+01	1.2750726451e+02	7.7665426068e+01
561              	Top	5.8362989999e+01	1.5427647740e+02	1.0671932171e+02
561              	e423_0	2.8867284460e+00	7.0124199478e+02	2.9152409212e+02
562              	Bottom	3.1824851945e+01	1.2750703817e+02	7.7665366985e+01
562              	Top	5.8362997856e+01	1.5427603602e+02	1.0671928592e+02
562              	e423_0	2.8867864951e+00	7.0124199484e+02	2.9152409214e+02
563              	Bottom	3.1825120553e+01	1.2750684861e+02	7.7665319732e+01
563              	Top	5.8363004452e+01	1.5427563655e+02	1.0671925896e+02
563              	e423_0	2.8867862287e+00	7.0124199496e+02	2.9152409118e+02
564              	Bottom	3.1825381348e+01	1.2750669527e+02	7.7665284054e+01
564              	Top	5.8363009808e+01	1.5427527940e+02	1.0671924059e+02
564              	e423_0	2.8868412644e+00	7.0124199513e+02	2.9152409140e+02
565              	Bottom	3.1825633173e+01	1.2750657742e+02	7.7665259640e+01
565              	Top	5.8363013945e+01	1.5427496475e+02	1.0671923052e+02
565              	e423_0	2.8868388253e+00	7.0124199535e+02	2.9152409067e+02
566              	Bottom	3.1825874976e+01	1.2750649415e+02	7.7665246128e+01
566              	Top	5.8363016898e+01	1.5427469250e+02	1.0671922845e+02
566              	e423_0	2.8868904917e+00	7.0124199562e+02	2.9152409108e+02
567              	Bottom	3.1826105799e+01	1.2750644442e+02	7.7665243112e+01
567              	Top	5.8363018703e+01	1.5427446235e+02	1.0671923405e+02
567              	e423_0	2.8868855628e+00	7.0124199594e+02	2.9152409055e+02
568              	Bottom	3.1826324816e+01	1.2750642700e+02	7.7665250142e+01
568              	Top	5.8363019399e+01	1.5427427373e+02	1.0671924692e+02
568              	e423_0	2.8869336090e+00	7.0124199629e+02	2.9152409114e+02
569              	Bottom	3.1826531277e+01	1.2750644056e+02	7.7665266727e+01
569              	Top	5.8363019030e+01	1.5427412589e+02	1.0671926668e+02
569              	e423_0	2.8869259644e+00	7.0124199668e+02	2.9152409079e+02
570              	Bottom	3.1826724535e+01	1.2750648364e+02	7.7665292351e+01
570              	Top	5.8363017656e+01	1.5427401787e+02	1.0671929290e+02
570              	e423_0	2.8869702317e+00	7.0124199710e+02	2.9152409154e+02
571              	Bottom	3.1826904104e+01	1.2750655465e+02	7.7665326450e+01
571              	Top	5.8363015308e+01	1.5427394851e+02	1.0671932515e+02
571              	e423_0	2.8869597419e+00	7.0124199755e+02	2.9152409136e+02
572              	Bottom	3.1827069538e+01	1.2750665194e+02	7.7665368453e+01
572              	Top	5.8363012060e+01	1.5427391651e+02	1.0671936298e+02
572              	e423_0	2.8870001617e+00	7.0124199803e+02	2.9152409224e+02
573              	Bottom	3.1827220529e+01	1.2750677376e+02	7.7665417768e+01
573              	Top	5.8363007969e+01	1.5427392038e+02	1.0671940591e+02
573              	e423_0	2.8869867786e+00	7.0124199853e+02	2.9152409220e+02
574              	Bottom	3.1827356841e+01	1.2750691832e+02	7.7665473778e+01
574              	Top	5.8363003097e+01	1.5427395851e+02	1.0671945348e+02
574              	e423_0	2.8870233601e+00	7.0124199904e+02	2.9152409320e+02
575              	Bottom	3.1827478335e+01	1.2750708374e+02	7.7665535860e+01
575              	Top	5.8362997510e+01	1.5427402916e+02	1.0671950521e+02
575              	e423_0	2.8870071197e+00	7.0124199956e+02	2.9152409329e+02
576              	Bottom	3.1827585000e+01	1.2750726814e+02	7.7665603383e+01
576              	Top	5.8362991264e+01	1.5427413047e+02	1.0671956060e+02
576              	e423_0	2.8870399493e+00	7.0124200010e+02	2.9152409438e+02
577              	Bottom	3.1827676869e+01	1.2750746959e+02	7.7665675709e+01
577              	Top	5.8362984431e+01	1.5427426048e+02	1.0671961918e+02
577              	e423_0	2.8870209485e+00	7.0124200064e+02	2.9152409457e+02
578              	Bottom	3.1827754081e+01	1.2750768615e+02	7.7665752206e+01
578              	Top	5.8362977077e+01	1.5427441717e+02	1.0671968047e+02
578              	e423_0	2.8870501736e+00	7.0124200118e+02	2.9152409573e+02
579              	Bottom	3.1827816847e+01	1.2750791588e+02	7.7665832240e+01
579              	Top	5.8362969267e+01	1.5427459843e+02	1.0671974399e+02
579              	e423_0	2.8870285736e+00	7.0124200172e+02	2.9152409599e+02
580              	Bottom	3.1827865480e+01	1.2750815689e+02	7.7665915191e+01
580              	Top	5.8362961105e+01	1.5427480215e+02	1.0671980929e+02
580              	e423_0	2.8870543208e+00	7.0124200226e+02	2.9152409720e+02
581              	Bottom	3.1827900426e+01	1.2750840725e+02	7.7666000457e+01
581              	Top	5.8362952555e+01	1.5427502613e+02	1.0671987588e+02
581              	e423_0	2.8870303660e+00	7.0124200279e+02	2.9152409752e+02
582              	Bottom	3.1827921916e+01	1.2750866502e+02	7.7666087417e+01
582              	Top	5.8362943769e+01	1.5427526814e+02	1.0671994335e+02
582              	e423_0	2.8870530487e+00	7.0124200331e+02	2.9152409875e+02
583              	Bottom	3.1827930496e+01	1.2750892840e+02	7.7666175497e+01
583              	Top	5.8362934793e+01	1.5427552598e+02	1.0672001124e+02
583              	e423_0	2.8870269196e+00	7.0124200382e+02	2.9152409910e+02
584              	Bottom	3.1827926720e+01	1.2750919560e+02	7.7666264133e+01
584              	Top	5.8362925681e+01	1.5427579744e+02	1.0672007915e+02
584              	e423_0	2.8870467166e+00	7.0124200432e+02	2.9152410034e+02
585              	Bottom	3.1827911177e+01	1.2750946490e+02	7.7666352785e+01
585              	Top	5.8362916494e+01	1.5427608034e+02	1.0672014669e+02
585              	e423_0	2.8870187360e+00	7.0124200480e+02	2.9152410070e+02
586              	Bottom	3.1827884504e+01	1.2750973464e+02	7.7666440936e+01
586              	Top	5.8362907287e+01	1.5427637252e+02	1.0672021348e+02
586              	e423_0	2.8870359838e+00	7.0124200526e+02	2.9152410194e+02
587              	Bottom	3.1827847364e+01	1.2751000323e+02	7.7666528095e+01
587              	Top	5.8362898116e+01	1.5427667185e+02	1.0672027916e+02
587              	e423_0	2.8870064611e+00	7.0124200570e+02	2.9152410229e+02
588              	Bottom	3.1827800452e+01	1.2751026915e+02	7.7666613801e+01
588              	Top	5.8362889033e+01	1.5427697629e+02	1.0672034341e+02
588              	e423_0	2.8870214856e+00	7.0124200612e+02	2.9152410349e+02
589              	Bottom	3.1827744488e+01	1.2751053098e+02	7.7666697619e+01
589              	Top	5.8362880087e+01	1.5427728383e+02	1.0672040591e+02
589              	e423_0	2.8869907357e+00	7.0124200652e+02	2.9152410382e+02
590              	Bottom	3.1827680214e+01	1.2751078737e+02	7.7666779149e+01
590              	Top	5.8362871325e+01	1.5427759254e+02	1.0672046639e+02
590              	e423_0	2.8870038715e+00	7.0124200689e+02	2.9152410498e+02
591              	Bottom	3.1827608384e+01	1.2751103707e+02	7.7666858017e+01
591              	Top	5.8362862788e+01	1.5427790057e+02	1.0672052458e+02
591              	e423_0	2.8869722177e+00	7.0124200724e+02	2.9152410528e+02
592              	Bottom	3.1827529770e+01	1.2751127893e+02	7.7666933885e+01
592              	Top	5.8362854517e+01	1.5427820615e+02	1.0672058024e+02
592              	e423_0	2.8869838037e+00	7.0124200756e+02	2.9152410638e+02
593              	Bottom	3.1827445151e+01	1.2751151190e+02	7.7667006449e+01
593              	Top	5.8362846545e+01	1.5427850761e+02	1.0672063317e+02
593              	e423_0	2.8869515682e+00	7.0124200786e+02	2.9152410663e+02
594              	Bottom	3.1827355292e+01	1.2751173502e+02	7.7667075436e+01
594              	Top	5.8362838912e+01	1.5427880339e+02	1.0672068319e+02
594              	e423_0	2.8869619373e+00	7.0124200812e+02	2.9152410766e+02
595              	Bottom	3.1827260960e+01	1.2751194744e+02	7.7667140605e+01
595              	Top	5.8362831640e+01	1.5427909200e+02	1.0672073013e+02
595              	e423_0	2.8869294329e+00	7.0124200837e+02	2.9152410785e+02
596              	Bottom	3.1827162913e+01	1.2751214841e+02	7.7667201754e+01
596              	Top	5.8362824758e+01	1.5427937210e+02	1.0672077386e+02
596              	e423_0	2.8869389054e+00	7.0124200858e+02	2.9152410880e+02
597              	Bottom	3.1827061899e+01	1.2751233727e+02	7.7667258707e+01
597              	Top	5.8362818286e+01	1.5427964244e+02	1.0672081427e+02
597              	e423_0	2.8869064301e+00	7.0124200877e+02	2.9152410893e+02
598              	Bottom	3.1826958646e+01	1.2751251349e+02	7.7667311327e+01
598              	Top	5.8362812247e+01	1.5427990187e+02	1.0672085128e+02
598              	e423_0	2.8869153099e+00	7.0124200893e+02	2.9152410980e+02
599              	Bottom	3.1826853852e+01	1.2751267662e+02	7.7667359505e+01
599              	Top	5.8362806651e+01	1.5428014938e+02	1.0672088482e+02
599              	e423_0	2.8868831435e+00	7.0124200906e+02	2.9152410986e+02
600              	Bottom	3.1826748225e+01	1.2751282632e+02	7.7667403166e+01
600              	Top	5.8362801514e+01	1.5428038407e+02	1.0672091487e+02
600              	e423_0	2.8868917123e+00	7.0124200917e+02	2.9152411064e+02
601              	Bottom	3.1826642407e+01	1.2751296232e+02	7.7667442260e+01
601              	Top	5.8362796841e+01	1.5428060515e+02	1.0672094140e+02
601              	e423_0	2.8868601109e+00	7.0124200925e+02	2.9152411062e+02
