/*---------------------------------------------------------------------------*\
|       o        |                                                            |
|    o     o     |  HELYX (R) : Open-source CFD for Enterprise                |
|   o   O   o    |  Version : 4.4.1                                           |
|    o     o     |  ENGYS Ltd. <http://engys.com/>                            |
|       o        |                                                            |
\*---------------------------------------------------------------------------*/
Build  : 4.4.1-unknown
API    : 4.4.1
Arch   : "LSB;label=32;scalar=64"
Exec   : helyxSolve -parallel
Date   : Jan 15 2026
Time   : 17:36:16
Host   : "tb133-VirtualBox"
PID    : 9233
I/O    : uncollated
Case   : /home/introcfd/Desktop/estudioAutomatizacionPerfiles/aleronTraseroV1
nProcs : 4
Slaves : 
3
(
"tb133-VirtualBox.9234"
"tb133-VirtualBox.9235"
"tb133-VirtualBox.9236"
)

Pstream initialized with:
    floatTransfer      : 0
    nProcsSimpleSum    : 0
    commsType          : nonBlocking
    polling iterations : 0
sigFpe : Enabling floating point exception trapping (HELYX_SIGFPE).
fileModificationChecking : Monitoring run-time modified files using timeStampMaster (fileModificationSkew 10)
allowSystemOperations : Allowing user-supplied system call operations

// * * * * * * * * * * * * * * * * * * * * * * * * * * * * * * * * * * * * * //
Creating time

Reading default options for solver configuration: helyxSolve

Creating solution schedule 
Building instance: defaultInstanceName

Constructing static mesh region0


Constructing Registry: region0

Creating fvOption for mesh region0
for region  region0
Creating finite volume options from "system/fvOptions"

Selecting finite volume options model type rhieChowFlowSolver
    Source: flowSolver
Selecting solution control: SIMPLE

SIMPLE: convergence criteria
    field U	 tolerance 1e-07
    field p	 tolerance 1e-07
    field k	 tolerance 1e-07
    field omega	 tolerance 1e-07

Creating initial p field

Reading field U

Reading material properties


Material settings
-----------------

Selecting materials package "fluid".
pRef [1 -1 -2 0 0 0 0] 101325
TRef [0 0 0 1 0 0 0] 0
TConst [0 0 0 1 0 0 0] 300

Solver settings from material properties:
"isochoric" "incompressible" "constant Cv" "isotropic"

Creating field rho

pressureControl
    pMax 1e+10
    pMin -1e+10

Calculating face flux field phi

Creating turbulence model

Selecting turbulence model type RAS
Selecting RAS turbulence model kOmegaSST
kOmegaSSTCoeffs
{
    curvature       false;
    solveCoupled    false;
    decoupledVariables false;
    alphaK1         0.85;
    alphaK2         1;
    alphaOmega1     0.5;
    alphaOmega2     0.856;
    gamma1          0.5555555556;
    gamma2          0.44;
    beta1           0.075;
    beta2           0.0828;
    betaStar        0.09;
    a1              0.31;
    b1              1;
    c1              10;
    F3              false;
    limitNearWallCell false;
    productionType  standard;
    maxTurbViscosityRatio 1000000;
    cr1             1;
    cr2             2;
    cr3             1;
    deferredS1      false;
    deferredS2      false;
}

Selecting finite volume options model type turbulenceSolver
    Source: turbulenceSolver
Selecting finite volume options model type fvMeshSolver
    Source: fvMeshSolver
Selecting finite volume options model type radiationSolver
    Source: radiationSolver
Selecting finite volume options model type phaseChangeSource
    Source: phaseChangeSource

GAMG:  Solving for pcorr, Initial residual = 1, Final residual = 0.007940620591, No Iterations 1
GAMG:  Solving for pcorr, Initial residual = 0.1924381188, Final residual = 0.001653102399, No Iterations 5
GAMG:  Solving for pcorr, Initial residual = 0.05095570961, Final residual = 0.0002631877421, No Iterations 3

	Selecting patchDistMethod meshWave
Removing fvOption fvMeshSolver
Radiation model not active: radiationProperties not found
Selecting radiationModel none
Removing fvOption radiationSolver
No phase change - not multiphase
Removing fvOption phaseChangeSource

Solution schedule:
  Corrector initialisation
    Solve solverMeshInit in region region0
  Corrector timeLoop
    Corrector outerCorrector
      Solve correctPhi in region region0
      Solve UPredictor in region region0
      Corrector PISOCorrector
        Corrector nonOrthogonalCorrector:p
          Solve p in region region0
        Solve U in region region0
      Solve turbulence in region region0


Starting initialisation schedule


Starting time loop

forces FR:
    Not including porosity effects

forces LD:
    Including porosity effects


liftDrag LD read:
    Creating lift/drag file.

--> HELYX Warning : 
    From function virtual bool Foam::functionObjects::liftDrag::read(const Foam::dictionary&)
    in file /home/introcfd/helyx/20251017-engys-HELYX-4.4.1-linux-x86_64-SRC/HELYXcore-4.4.1/src/functionObjects/forces/liftDrag/liftDrag.C at line 1174
    Old format used in binData.


################################################################################

Time = 1

Outer Loop Iteration = 1
smoothSolver:  Solving for Ux, Initial residual = 0.9999999993, Final residual = 0.02356412682, No Iterations 2
smoothSolver:  Solving for Uz, Initial residual = 0.9893623292, Final residual = 0.008791944343, No Iterations 2
GAMG:  Solving for p, Initial residual = 1, Final residual = 0.007032806481, No Iterations 6
GAMG:  Solving for p, Initial residual = 0.07178994719, Final residual = 0.0003609158608, No Iterations 3
GAMG:  Solving for p, Initial residual = 0.006955486727, Final residual = 3.572209377e-05, No Iterations 3
time step continuity errors (region0): sum local = 2.584160982e-06, global = -3.492896283e-08, cumulative = -3.492896283e-08
smoothSolver:  Solving for omega, Initial residual = 0.2588220613, Final residual = 0.0134042286, No Iterations 1
smoothSolver:  Solving for k, Initial residual = 1, Final residual = 0.07949880412, No Iterations 1

ExecutionTime = 0.05 s  ExecutionStepTime = 0.01 s  ClockTime = 0 s

forces FR write:
    Sum of forces
        Total    : ( 4.944483206 0 -2.22777612 )
        Pressure : ( 4.889789163 0 -2.228846881 )
        Viscous  : ( 0.05469404334 0 0.001070761644 )
    Sum of moments
        Total    : ( -1.080795568 1.82865412 -2.398793796 )
        Pressure : ( -1.081315043 1.831554066 -2.372259227 )
        Viscous  : ( 0.0005194751973 -0.002899945926 -0.02653456921 )


liftDrag LD execute:
Viscous drag: 0.004541952205, pressure drag: 0.4060622933, porous drag: 0
Viscous lift: 8.89191567e-05, pressure lift: -0.1850899182, porous lift: 0
Total lift: -0.185000999, Front lift: 0.05935624953, Rear lift: -0.2443572486, Drag: 0.4106042456
Location of Center of Mass: ( 0.156259772 0.4851455039 -0.03143796203 )
Location of Center Of Pressure: ( 0.2801802323 0.4851455039 0.2435998343 )


yPlus yPlus execute:
    patch Bottom y+ : min = 40.21324289, max = 248.0325751, average = 141.7990225
    patch Top y+ : min = 72.52919589, max = 243.4609701, average = 145.3273987
    patch e423_0 y+ : min = 124.2845288, max = 709.8915579, average = 432.5926508


################################################################################

Time = 2

Outer Loop Iteration = 2
smoothSolver:  Solving for Ux, Initial residual = 0.2555306878, Final residual = 0.005336884087, No Iterations 2
smoothSolver:  Solving for Uz, Initial residual = 0.3092521977, Final residual = 0.005715014276, No Iterations 2
GAMG:  Solving for p, Initial residual = 0.1771075999, Final residual = 0.001554343491, No Iterations 5
GAMG:  Solving for p, Initial residual = 0.07606650507, Final residual = 0.0004487761877, No Iterations 3
GAMG:  Solving for p, Initial residual = 0.009239573049, Final residual = 3.992629168e-05, No Iterations 3
time step continuity errors (region0): sum local = 2.354704512e-06, global = 8.240531144e-08, cumulative = 4.747634861e-08
smoothSolver:  Solving for omega, Initial residual = 0.1154202183, Final residual = 0.007613410968, No Iterations 1
smoothSolver:  Solving for k, Initial residual = 0.3837141927, Final residual = 0.03323711948, No Iterations 1

ExecutionTime = 0.06 s  ExecutionStepTime = 0 s  ClockTime = 0 s

forces FR write:
    Sum of forces
        Total    : ( 1.736097232 0 -3.587009753 )
        Pressure : ( 1.685039951 0 -3.588335048 )
        Viscous  : ( 0.05105728069 0 0.001325294768 )
    Sum of moments
        Total    : ( -1.740221654 1.225969857 -0.8422597662 )
        Pressure : ( -1.740864615 1.228705042 -0.8174895561 )
        Viscous  : ( 0.0006429607979 -0.002735185405 -0.02477021016 )


liftDrag LD execute:
Viscous drag: 0.004239944872, pressure drag: 0.1399306113, porous drag: 0
Viscous lift: 0.0001100563265, pressure lift: -0.2979857639, porous lift: 0
Total lift: -0.2978757076, Front lift: -0.04712975632, Rear lift: -0.2507459512, Drag: 0.1441705562
Location of Center of Mass: ( 0.156259772 0.4851455039 -0.03143796203 )
Location of Center Of Pressure: ( 0.3188980005 0.4851455039 0.04727823829 )


yPlus yPlus execute:
    patch Bottom y+ : min = 34.20945104, max = 189.4305559, average = 117.5663506
    patch Top y+ : min = 39.02275785, max = 217.4044506, average = 142.3592164
    patch e423_0 y+ : min = 28.92146905, max = 702.5995276, average = 421.0739162


################################################################################

Time = 3

Outer Loop Iteration = 3
smoothSolver:  Solving for Ux, Initial residual = 0.07753180927, Final residual = 0.001456375718, No Iterations 2
smoothSolver:  Solving for Uz, Initial residual = 0.09065680699, Final residual = 0.001290543977, No Iterations 2
GAMG:  Solving for p, Initial residual = 0.1066054772, Final residual = 0.0005285248897, No Iterations 5
GAMG:  Solving for p, Initial residual = 0.03067824685, Final residual = 0.0002721438594, No Iterations 2
GAMG:  Solving for p, Initial residual = 0.004073700993, Final residual = 2.864691893e-05, No Iterations 3
time step continuity errors (region0): sum local = 1.280309978e-06, global = -2.476886744e-08, cumulative = 2.270748117e-08
smoothSolver:  Solving for omega, Initial residual = 0.07079008096, Final residual = 0.005444483859, No Iterations 1
smoothSolver:  Solving for k, Initial residual = 0.2276327035, Final residual = 0.0213731445, No Iterations 1

ExecutionTime = 0.08 s  ExecutionStepTime = 0.02 s  ClockTime = 0 s

forces FR write:
    Sum of forces
        Total    : ( 0.8320880204 0 -2.759744619 )
        Pressure : ( 0.7819783112 0 -2.760972646 )
        Viscous  : ( 0.05010970922 0 0.001228027078 )
    Sum of moments
        Total    : ( -1.338877694 0.8113296768 -0.4036837619 )
        Pressure : ( -1.339473465 0.8140459071 -0.3793732618 )
        Viscous  : ( 0.0005957718153 -0.00271623034 -0.02431050013 )


liftDrag LD execute:
Viscous drag: 0.004161255785, pressure drag: 0.06493775004, porous drag: 0
Viscous lift: 0.000101978935, pressure lift: -0.2292791871, porous lift: 0
Total lift: -0.2291772082, Front lift: -0.04721343141, Rear lift: -0.1819637768, Drag: 0.06909900582
Location of Center of Mass: ( 0.156259772 0.4851455039 -0.03143796203 )
Location of Center Of Pressure: ( 0.2911990401 0.4851455039 0.00924745057 )


yPlus yPlus execute:
    patch Bottom y+ : min = 28.99574062, max = 148.9624388, average = 83.37750613
    patch Top y+ : min = 45.64838114, max = 245.90708, average = 133.920093
    patch e423_0 y+ : min = 9.542009419, max = 710.054455, average = 417.1747719


################################################################################

Time = 4

Outer Loop Iteration = 4
smoothSolver:  Solving for Ux, Initial residual = 0.04173398216, Final residual = 0.0007500309213, No Iterations 2
smoothSolver:  Solving for Uz, Initial residual = 0.04724499772, Final residual = 0.0008407814545, No Iterations 2
GAMG:  Solving for p, Initial residual = 0.08649422183, Final residual = 0.0005648347109, No Iterations 4
GAMG:  Solving for p, Initial residual = 0.01362576038, Final residual = 5.710403418e-05, No Iterations 3
GAMG:  Solving for p, Initial residual = 0.001712934101, Final residual = 7.525960861e-06, No Iterations 3
time step continuity errors (region0): sum local = 3.183585777e-07, global = -6.872036108e-09, cumulative = 1.583544506e-08
smoothSolver:  Solving for omega, Initial residual = 0.04909366187, Final residual = 0.003919804069, No Iterations 1
smoothSolver:  Solving for k, Initial residual = 0.1582416, Final residual = 0.002138032143, No Iterations 2

ExecutionTime = 0.09 s  ExecutionStepTime = 0.01 s  ClockTime = 0 s

forces FR write:
    Sum of forces
        Total    : ( 0.679665831 0 -2.540065466 )
        Pressure : ( 0.6309653612 0 -2.54134838 )
        Viscous  : ( 0.04870046982 0 0.001282913751 )
    Sum of moments
        Total    : ( -1.23230134 0.7267227636 -0.329736822 )
        Pressure : ( -1.23292374 0.729416911 -0.3061100081 )
        Viscous  : ( 0.000622399838 -0.002694147336 -0.02362681397 )


liftDrag LD execute:
Viscous drag: 0.004044228453, pressure drag: 0.05239719608, porous drag: 0
Viscous lift: 0.0001065368838, pressure lift: -0.2110409502, porous lift: 0
Total lift: -0.2109344133, Front lift: -0.04511803777, Rear lift: -0.1658163756, Drag: 0.05644142454
Location of Center of Mass: ( 0.156259772 0.4851455039 -0.03143796203 )
Location of Center Of Pressure: ( 0.2852785684 0.4851455039 0.0030846393 )


yPlus yPlus execute:
    patch Bottom y+ : min = 15.12353502, max = 142.8431064, average = 78.17198528
    patch Top y+ : min = 30.98280104, max = 276.212924, average = 128.8163891
    patch e423_0 y+ : min = 15.6386052, max = 704.558242, average = 411.5645454


################################################################################

Time = 5

Outer Loop Iteration = 5
smoothSolver:  Solving for Ux, Initial residual = 0.0350702625, Final residual = 0.0006749337317, No Iterations 2
smoothSolver:  Solving for Uz, Initial residual = 0.03493406931, Final residual = 0.0006607009055, No Iterations 2
GAMG:  Solving for p, Initial residual = 0.05807994009, Final residual = 0.0002625037343, No Iterations 4
GAMG:  Solving for p, Initial residual = 0.007740685777, Final residual = 3.813244473e-05, No Iterations 3
GAMG:  Solving for p, Initial residual = 0.001175443439, Final residual = 1.007642698e-05, No Iterations 3
time step continuity errors (region0): sum local = 4.315639115e-07, global = 7.765069959e-09, cumulative = 2.360051502e-08
smoothSolver:  Solving for omega, Initial residual = 0.03685577715, Final residual = 0.002996177003, No Iterations 1
smoothSolver:  Solving for k, Initial residual = 0.1176862454, Final residual = 0.001702146232, No Iterations 2

ExecutionTime = 0.13 s  ExecutionStepTime = 0.03 s  ClockTime = 0 s

forces FR write:
    Sum of forces
        Total    : ( 0.6638204075 0 -2.580047687 )
        Pressure : ( 0.6162105808 0 -2.581382348 )
        Viscous  : ( 0.04760982671 0 0.001334660798 )
    Sum of moments
        Total    : ( -1.251698535 0.7290375562 -0.3220494861 )
        Pressure : ( -1.25234604 0.7317068884 -0.2989517927 )
        Viscous  : ( 0.0006475046854 -0.002669332275 -0.02309769337 )


liftDrag LD execute:
Viscous drag: 0.003953658282, pressure drag: 0.05117191627, porous drag: 0
Viscous lift: 0.0001108341089, pressure lift: -0.2143654872, porous lift: 0
Total lift: -0.2142546531, Front lift: -0.04658593057, Rear lift: -0.1676687225, Drag: 0.05512557455
Location of Center of Mass: ( 0.156259772 0.4851455039 -0.03143796203 )
Location of Center Of Pressure: ( 0.282311741 0.4851455039 0.0009939460379 )


yPlus yPlus execute:
    patch Bottom y+ : min = 38.02118238, max = 158.5906221, average = 93.60514101
    patch Top y+ : min = 29.73153502, max = 304.3768956, average = 127.8817692
    patch e423_0 y+ : min = 11.14978929, max = 706.0684013, average = 406.1343497


################################################################################

Time = 6

Outer Loop Iteration = 6
smoothSolver:  Solving for Ux, Initial residual = 0.03316569126, Final residual = 0.0006729007764, No Iterations 2
smoothSolver:  Solving for Uz, Initial residual = 0.03003786784, Final residual = 0.0005982732767, No Iterations 2
GAMG:  Solving for p, Initial residual = 0.04233713357, Final residual = 0.0002211693995, No Iterations 4
GAMG:  Solving for p, Initial residual = 0.005051889761, Final residual = 2.683169215e-05, No Iterations 3
GAMG:  Solving for p, Initial residual = 0.0007383254993, Final residual = 5.035913596e-06, No Iterations 3
time step continuity errors (region0): sum local = 2.206589117e-07, global = 7.487547694e-09, cumulative = 3.108806272e-08
smoothSolver:  Solving for omega, Initial residual = 0.02897012066, Final residual = 0.002409763774, No Iterations 1
smoothSolver:  Solving for k, Initial residual = 0.0927927995, Final residual = 0.001353095298, No Iterations 2

ExecutionTime = 0.15 s  ExecutionStepTime = 0.01 s  ClockTime = 0 s

forces FR write:
    Sum of forces
        Total    : ( 0.665767987 0 -2.678004504 )
        Pressure : ( 0.6191537784 0 -2.679352729 )
        Viscous  : ( 0.04661420865 0 0.001348224513 )
    Sum of moments
        Total    : ( -1.299221845 0.7463241206 -0.3229943455 )
        Pressure : ( -1.29987593 0.748964353 -0.3003796718 )
        Viscous  : ( 0.0006540850606 -0.002640232413 -0.02261467374 )


liftDrag LD execute:
Viscous drag: 0.003870979266, pressure drag: 0.05141632795, porous drag: 0
Viscous lift: 0.0001119604792, pressure lift: -0.2225012322, porous lift: 0
Total lift: -0.2223892717, Front lift: -0.04921771335, Rear lift: -0.1731715583, Drag: 0.05528730721
Location of Center of Mass: ( 0.156259772 0.4851455039 -0.03143796203 )
Location of Center Of Pressure: ( 0.2789212373 0.4851455039 -0.0009435858349 )


yPlus yPlus execute:
    patch Bottom y+ : min = 23.4722976, max = 170.8819907, average = 105.713021
    patch Top y+ : min = 8.083450193, max = 327.627803, average = 128.2114348
    patch e423_0 y+ : min = 7.943876066, max = 707.4617175, average = 401.2072299


################################################################################

Time = 7

Outer Loop Iteration = 7
smoothSolver:  Solving for Ux, Initial residual = 0.03176994834, Final residual = 0.0006880495126, No Iterations 2
smoothSolver:  Solving for Uz, Initial residual = 0.02674417109, Final residual = 0.0005526512063, No Iterations 2
GAMG:  Solving for p, Initial residual = 0.0330162852, Final residual = 0.0001828351509, No Iterations 4
GAMG:  Solving for p, Initial residual = 0.004355444386, Final residual = 2.440613776e-05, No Iterations 3
GAMG:  Solving for p, Initial residual = 0.00070694025, Final residual = 4.619982299e-06, No Iterations 3
time step continuity errors (region0): sum local = 2.047577294e-07, global = 6.145673208e-09, cumulative = 3.723373592e-08
smoothSolver:  Solving for omega, Initial residual = 0.02365534434, Final residual = 0.002007427835, No Iterations 1
smoothSolver:  Solving for k, Initial residual = 0.07618512244, Final residual = 0.001083336046, No Iterations 2

ExecutionTime = 0.17 s  ExecutionStepTime = 0.02 s  ClockTime = 0 s

forces FR write:
    Sum of forces
        Total    : ( 0.660297205 0 -2.741134 )
        Pressure : ( 0.6145339093 0 -2.742469921 )
        Viscous  : ( 0.0457632957 0 0.001335921149 )
    Sum of moments
        Total    : ( -1.329848835 0.7550837749 -0.3203402202 )
        Pressure : ( -1.330496952 0.7576980621 -0.2981383631 )
        Viscous  : ( 0.000648116139 -0.002614287144 -0.02220185715 )


liftDrag LD execute:
Viscous drag: 0.003800316984, pressure drag: 0.0510326806, porous drag: 0
Viscous lift: 0.0001109387721, pressure lift: -0.2277426671, porous lift: 0
Total lift: -0.2276317283, Front lift: -0.05111151453, Rear lift: -0.1765202138, Drag: 0.05483299758
Location of Center of Mass: ( 0.156259772 0.4851455039 -0.03143796203 )
Location of Center Of Pressure: ( 0.2760840805 0.4851455039 -0.002574121013 )


yPlus yPlus execute:
    patch Bottom y+ : min = 25.05628819, max = 188.1255443, average = 117.360678
    patch Top y+ : min = 35.82426873, max = 344.831016, average = 133.6529999
    patch e423_0 y+ : min = 3.974335149, max = 708.1189566, average = 396.6985488


################################################################################

Time = 8

Outer Loop Iteration = 8
smoothSolver:  Solving for Ux, Initial residual = 0.03027465599, Final residual = 0.0006937123742, No Iterations 2
smoothSolver:  Solving for Uz, Initial residual = 0.02477432156, Final residual = 0.0005176895444, No Iterations 2
GAMG:  Solving for p, Initial residual = 0.02626826448, Final residual = 0.000162532293, No Iterations 4
GAMG:  Solving for p, Initial residual = 0.003858894809, Final residual = 2.434726188e-05, No Iterations 3
GAMG:  Solving for p, Initial residual = 0.0006502051275, Final residual = 3.41906976e-06, No Iterations 3
time step continuity errors (region0): sum local = 1.531297188e-07, global = 6.76116847e-09, cumulative = 4.399490439e-08
smoothSolver:  Solving for omega, Initial residual = 0.01986131516, Final residual = 0.001705650268, No Iterations 1
smoothSolver:  Solving for k, Initial residual = 0.06444224928, Final residual = 0.0008775630734, No Iterations 2

ExecutionTime = 0.19 s  ExecutionStepTime = 0.01 s  ClockTime = 0 s

forces FR write:
    Sum of forces
        Total    : ( 0.6565067183 0 -2.805438109 )
        Pressure : ( 0.6115113685 0 -2.806743189 )
        Viscous  : ( 0.04499534978 0 0.001305080023 )
    Sum of moments
        Total    : ( -1.361045685 0.7639718879 -0.3185012826 )
        Pressure : ( -1.361678838 0.766561673 -0.296671991 )
        Viscous  : ( 0.0006331537053 -0.002589785012 -0.02182929164 )


liftDrag LD execute:
Viscous drag: 0.003736544525, pressure drag: 0.05078168004, porous drag: 0
Viscous lift: 0.0001083776354, pressure lift: -0.2330801059, porous lift: 0
Total lift: -0.2329717283, Front lift: -0.05304341979, Rear lift: -0.1799283085, Drag: 0.05451822456
Location of Center of Mass: ( 0.156259772 0.4851455039 -0.03143796203 )
Location of Center Of Pressure: ( 0.2732675332 0.4851455039 -0.004056719475 )


yPlus yPlus execute:
    patch Bottom y+ : min = 10.65431716, max = 212.248348, average = 125.1097538
    patch Top y+ : min = 49.8621857, max = 356.3775241, average = 139.6406028
    patch e423_0 y+ : min = 3.991154102, max = 709.0765944, average = 392.6011749


################################################################################

Time = 9

Outer Loop Iteration = 9
smoothSolver:  Solving for Ux, Initial residual = 0.02907561476, Final residual = 0.0007011655389, No Iterations 2
smoothSolver:  Solving for Uz, Initial residual = 0.02351575442, Final residual = 0.0005024820379, No Iterations 2
GAMG:  Solving for p, Initial residual = 0.02286559927, Final residual = 0.0001528194628, No Iterations 4
GAMG:  Solving for p, Initial residual = 0.003544856116, Final residual = 2.178712905e-05, No Iterations 3
GAMG:  Solving for p, Initial residual = 0.0005943138696, Final residual = 3.080289725e-06, No Iterations 3
time step continuity errors (region0): sum local = 1.390984609e-07, global = 5.028919161e-09, cumulative = 4.902382356e-08
smoothSolver:  Solving for omega, Initial residual = 0.01695732912, Final residual = 0.00149209047, No Iterations 1
smoothSolver:  Solving for k, Initial residual = 0.05576806583, Final residual = 0.000721266782, No Iterations 2

ExecutionTime = 0.2 s  ExecutionStepTime = 0.01 s  ClockTime = 0 s

forces FR write:
    Sum of forces
        Total    : ( 0.6513002161 0 -2.87216545 )
        Pressure : ( 0.6069848698 0 -2.873425205 )
        Viscous  : ( 0.04431534628 0 0.001259754902 )
    Sum of moments
        Total    : ( -1.393418154 0.7724572857 -0.3159753715 )
        Pressure : ( -1.394029319 0.775023559 -0.2944759805 )
        Viscous  : ( 0.0006111644266 -0.002566273276 -0.021499391 )


liftDrag LD execute:
Viscous drag: 0.003680075059, pressure drag: 0.05040578644, porous drag: 0
Viscous lift: 0.0001046137057, pressure lift: -0.2386175742, porous lift: 0
Total lift: -0.2385129605, Front lift: -0.05510938381, Rear lift: -0.1834035767, Drag: 0.0540858615
Location of Center of Mass: ( 0.156259772 0.4851455039 -0.03143796203 )
Location of Center Of Pressure: ( 0.2702151752 0.4851455039 -0.005597118252 )


yPlus yPlus execute:
    patch Bottom y+ : min = 18.37934234, max = 235.288058, average = 129.1831578
    patch Top y+ : min = 49.80968272, max = 363.7767732, average = 145.2912789
    patch e423_0 y+ : min = 6.806393443, max = 710.8974415, average = 388.8735232


################################################################################

Time = 10

Outer Loop Iteration = 10
smoothSolver:  Solving for Ux, Initial residual = 0.02792274189, Final residual = 0.0007002905691, No Iterations 2
smoothSolver:  Solving for Uz, Initial residual = 0.02254169873, Final residual = 0.0004997495015, No Iterations 2
GAMG:  Solving for p, Initial residual = 0.02048514004, Final residual = 0.0001363365322, No Iterations 4
GAMG:  Solving for p, Initial residual = 0.003059408745, Final residual = 1.713150685e-05, No Iterations 3
GAMG:  Solving for p, Initial residual = 0.0005056881521, Final residual = 3.120461844e-06, No Iterations 3
time step continuity errors (region0): sum local = 1.420809896e-07, global = 5.231892258e-09, cumulative = 5.425571581e-08
smoothSolver:  Solving for omega, Initial residual = 0.01469639392, Final residual = 0.001300978674, No Iterations 1
smoothSolver:  Solving for k, Initial residual = 0.04913392037, Final residual = 0.0006026606447, No Iterations 2

ExecutionTime = 0.22 s  ExecutionStepTime = 0.02 s  ClockTime = 0 s

forces FR write:
    Sum of forces
        Total    : ( 0.6447937311 0 -2.937490086 )
        Pressure : ( 0.601095593 0 -2.938694993 )
        Viscous  : ( 0.04369813811 0 0.001204906361 )
    Sum of moments
        Total    : ( -1.425110108 0.7797252266 -0.3128187796 )
        Pressure : ( -1.425694663 0.7822685003 -0.2916188243 )
        Viscous  : ( 0.0005845549034 -0.002543273665 -0.02119995523 )


liftDrag LD execute:
Viscous drag: 0.0036288203, pressure drag: 0.04991672379, porous drag: 0
Viscous lift: 0.0001000589236, pressure lift: -0.244037767, porous lift: 0
Total lift: -0.243937708, Front lift: -0.05721820667, Rear lift: -0.1867195014, Drag: 0.05354554409
Location of Center of Mass: ( 0.156259772 0.4851455039 -0.03143796203 )
Location of Center Of Pressure: ( 0.2670041271 0.4851455039 -0.007129023521 )


yPlus yPlus execute:
    patch Bottom y+ : min = 22.85290978, max = 256.5405158, average = 133.9076265
    patch Top y+ : min = 41.15534551, max = 371.0440966, average = 149.4740635
    patch e423_0 y+ : min = 8.941688022, max = 713.4319951, average = 385.4395219


################################################################################

Time = 11

Outer Loop Iteration = 11
smoothSolver:  Solving for Ux, Initial residual = 0.02671592948, Final residual = 0.0006879280545, No Iterations 2
smoothSolver:  Solving for Uz, Initial residual = 0.02144051349, Final residual = 0.0005018029161, No Iterations 2
GAMG:  Solving for p, Initial residual = 0.01812627991, Final residual = 0.0001237233825, No Iterations 4
GAMG:  Solving for p, Initial residual = 0.002743913786, Final residual = 1.482257799e-05, No Iterations 3
GAMG:  Solving for p, Initial residual = 0.000466082489, Final residual = 2.844405253e-06, No Iterations 3
time step continuity errors (region0): sum local = 1.30420047e-07, global = 4.642325906e-09, cumulative = 5.889804172e-08
smoothSolver:  Solving for omega, Initial residual = 0.01289190621, Final residual = 0.001137279361, No Iterations 1
smoothSolver:  Solving for k, Initial residual = 0.04391228625, Final residual = 0.0005123163759, No Iterations 2

ExecutionTime = 0.24 s  ExecutionStepTime = 0.02 s  ClockTime = 0 s

forces FR write:
    Sum of forces
        Total    : ( 0.6371299997 0 -3.004219416 )
        Pressure : ( 0.5939882286 0 -3.005360208 )
        Viscous  : ( 0.04314177107 0 0.001140791728 )
    Sum of moments
        Total    : ( -1.457483542 0.786596965 -0.3091007547 )
        Pressure : ( -1.458036992 0.7891170061 -0.2881707185 )
        Viscous  : ( 0.0005534499779 -0.002520041045 -0.02093003626 )


liftDrag LD execute:
Viscous drag: 0.003582617965, pressure drag: 0.04932650761, porous drag: 0
Viscous lift: 9.473465829e-05, pressure lift: -0.24957384, porous lift: 0
Total lift: -0.2494791054, Front lift: -0.05941825621, Rear lift: -0.1900608491, Drag: 0.05290912557
Location of Center of Mass: ( 0.156259772 0.4851455039 -0.03143796203 )
Location of Center Of Pressure: ( 0.2636671552 0.4851455039 -0.00865917775 )


yPlus yPlus execute:
    patch Bottom y+ : min = 17.82628625, max = 273.8773676, average = 134.274422
    patch Top y+ : min = 26.16359688, max = 376.3034862, average = 151.8093464
    patch e423_0 y+ : min = 11.1171249, max = 716.4460868, average = 382.3043128


################################################################################

Time = 12

Outer Loop Iteration = 12
smoothSolver:  Solving for Ux, Initial residual = 0.02568800551, Final residual = 0.0006663560791, No Iterations 2
smoothSolver:  Solving for Uz, Initial residual = 0.02051579361, Final residual = 0.0005056656629, No Iterations 2
GAMG:  Solving for p, Initial residual = 0.01643016691, Final residual = 0.0001154004307, No Iterations 4
GAMG:  Solving for p, Initial residual = 0.00250978098, Final residual = 1.296166106e-05, No Iterations 3
GAMG:  Solving for p, Initial residual = 0.0004542211013, Final residual = 3.271878725e-06, No Iterations 3
time step continuity errors (region0): sum local = 1.510032692e-07, global = 4.363958831e-09, cumulative = 6.326200055e-08
smoothSolver:  Solving for omega, Initial residual = 0.01142288517, Final residual = 0.001011951581, No Iterations 1
smoothSolver:  Solving for k, Initial residual = 0.03970687986, Final residual = 0.0004430636003, No Iterations 2

ExecutionTime = 0.25 s  ExecutionStepTime = 0.01 s  ClockTime = 0 s

forces FR write:
    Sum of forces
        Total    : ( 0.6282642687 0 -3.070887514 )
        Pressure : ( 0.5856109706 0 -3.071955853 )
        Viscous  : ( 0.04265329811 0 0.001068338596 )
    Sum of moments
        Total    : ( -1.48982727 0.792797214 -0.3047995852 )
        Pressure : ( -1.49034557 0.7952938487 -0.2841065294 )
        Viscous  : ( 0.0005182996665 -0.002496634754 -0.0206930558 )


liftDrag LD execute:
Viscous drag: 0.003542053752, pressure drag: 0.04863083577, porous drag: 0
Viscous lift: 8.871793977e-05, pressure lift: -0.2551041358, porous lift: 0
Total lift: -0.2550154179, Front lift: -0.06167152579, Rear lift: -0.1933438921, Drag: 0.05217288952
Location of Center of Mass: ( 0.156259772 0.4851455039 -0.03143796203 )
Location of Center Of Pressure: ( 0.2602449118 0.4851455039 -0.01016393375 )


yPlus yPlus execute:
    patch Bottom y+ : min = 12.75798569, max = 288.1725957, average = 136.2442783
    patch Top y+ : min = 20.40410906, max = 375.8462916, average = 153.320143
    patch e423_0 y+ : min = 13.27916441, max = 719.5226638, average = 379.4972286


################################################################################

Time = 13

Outer Loop Iteration = 13
smoothSolver:  Solving for Ux, Initial residual = 0.02472289476, Final residual = 0.0006366826365, No Iterations 2
smoothSolver:  Solving for Uz, Initial residual = 0.01970711335, Final residual = 0.0005158577388, No Iterations 2
GAMG:  Solving for p, Initial residual = 0.0153400438, Final residual = 0.0001081190859, No Iterations 4
GAMG:  Solving for p, Initial residual = 0.00234399645, Final residual = 1.101521854e-05, No Iterations 3
GAMG:  Solving for p, Initial residual = 0.0004103622817, Final residual = 2.769044134e-06, No Iterations 3
time step continuity errors (region0): sum local = 1.287072087e-07, global = 3.882978571e-09, cumulative = 6.714497912e-08
smoothSolver:  Solving for omega, Initial residual = 0.01019496094, Final residual = 0.0009136597062, No Iterations 1
smoothSolver:  Solving for k, Initial residual = 0.0362498073, Final residual = 0.0003894183247, No Iterations 2

ExecutionTime = 0.26 s  ExecutionStepTime = 0.01 s  ClockTime = 0 s

forces FR write:
    Sum of forces
        Total    : ( 0.6185551135 0 -3.136957554 )
        Pressure : ( 0.5763215552 0 -3.137947249 )
        Viscous  : ( 0.04223355823 0 0.0009896952666 )
    Sum of moments
        Total    : ( -1.521880853 0.7985825454 -0.3000892322 )
        Pressure : ( -1.522360999 0.8010559991 -0.2795998113 )
        Viscous  : ( 0.0004801462088 -0.002473453718 -0.02048942089 )


liftDrag LD execute:
Viscous drag: 0.003507197333, pressure drag: 0.04785941574, porous drag: 0
Viscous lift: 8.218716928e-05, pressure lift: -0.260584253, porous lift: 0
Total lift: -0.2605020658, Front lift: -0.06393441904, Rear lift: -0.1965676468, Drag: 0.05136661307
Location of Center of Mass: ( 0.156259772 0.4851455039 -0.03143796203 )
Location of Center Of Pressure: ( 0.2568598981 0.4851455039 -0.01160131415 )


yPlus yPlus execute:
    patch Bottom y+ : min = 6.289774229, max = 300.0087468, average = 136.1690316
    patch Top y+ : min = 37.36327371, max = 370.5620077, average = 154.7984689
    patch e423_0 y+ : min = 15.55856831, max = 722.401704, average = 377.0642398


################################################################################

Time = 14

Outer Loop Iteration = 14
smoothSolver:  Solving for Ux, Initial residual = 0.02382712565, Final residual = 0.0006020917322, No Iterations 2
smoothSolver:  Solving for Uz, Initial residual = 0.0189608265, Final residual = 0.0005221267224, No Iterations 2
GAMG:  Solving for p, Initial residual = 0.01467601701, Final residual = 0.0001023405626, No Iterations 4
GAMG:  Solving for p, Initial residual = 0.002373809132, Final residual = 1.228317114e-05, No Iterations 3
GAMG:  Solving for p, Initial residual = 0.0004263670291, Final residual = 2.952645666e-06, No Iterations 3
time step continuity errors (region0): sum local = 1.382818216e-07, global = 3.930267882e-09, cumulative = 7.1075247e-08
smoothSolver:  Solving for omega, Initial residual = 0.009171586976, Final residual = 0.000832176029, No Iterations 1
smoothSolver:  Solving for k, Initial residual = 0.03335592437, Final residual = 0.0003473877786, No Iterations 2

ExecutionTime = 0.28 s  ExecutionStepTime = 0.01 s  ClockTime = 0 s

forces FR write:
    Sum of forces
        Total    : ( 0.6080715713 0 -3.200577345 )
        Pressure : ( 0.5662196896 0 -3.201488515 )
        Viscous  : ( 0.04185188174 0 0.0009111695589 )
    Sum of moments
        Total    : ( -1.552745709 0.8034882551 -0.2950031889 )
        Pressure : ( -1.553187759 0.8059395472 -0.2746989366 )
        Viscous  : ( 0.0004420498148 -0.002451292138 -0.02030425225 )


liftDrag LD execute:
Viscous drag: 0.003475501809, pressure drag: 0.04702052748, porous drag: 0
Viscous lift: 7.566616646e-05, pressure lift: -0.2658609043, porous lift: 0
Total lift: -0.2657852381, Front lift: -0.0661686208, Rear lift: -0.1996166173, Drag: 0.05049602929
Location of Center of Mass: ( 0.156259772 0.4851455039 -0.03143796203 )
Location of Center Of Pressure: ( 0.2535074243 0.4851455039 -0.01296206648 )


yPlus yPlus execute:
    patch Bottom y+ : min = 3.136463457, max = 306.5725273, average = 134.1229923
    patch Top y+ : min = 47.36593911, max = 361.9638065, average = 154.9986695
    patch e423_0 y+ : min = 17.82547539, max = 724.9589079, average = 374.9100939


################################################################################

Time = 15

Outer Loop Iteration = 15
smoothSolver:  Solving for Ux, Initial residual = 0.02296446092, Final residual = 0.0005792980909, No Iterations 2
smoothSolver:  Solving for Uz, Initial residual = 0.01821198083, Final residual = 0.000525273668, No Iterations 2
GAMG:  Solving for p, Initial residual = 0.01400445845, Final residual = 9.807989303e-05, No Iterations 4
GAMG:  Solving for p, Initial residual = 0.002083354928, Final residual = 1.101578413e-05, No Iterations 3
GAMG:  Solving for p, Initial residual = 0.0003788073624, Final residual = 1.684723725e-06, No Iterations 3
time step continuity errors (region0): sum local = 7.943739929e-08, global = 2.316414326e-09, cumulative = 7.339166133e-08
smoothSolver:  Solving for omega, Initial residual = 0.008298506775, Final residual = 0.0007601380473, No Iterations 1
smoothSolver:  Solving for k, Initial residual = 0.03089728013, Final residual = 0.0003137792192, No Iterations 2

ExecutionTime = 0.31 s  ExecutionStepTime = 0.01 s  ClockTime = 0 s

forces FR write:
    Sum of forces
        Total    : ( 0.5964509285 0 -3.263538058 )
        Pressure : ( 0.5549084183 0 -3.264370153 )
        Viscous  : ( 0.04154251019 0 0.0008320956282 )
    Sum of moments
        Total    : ( -1.583290815 0.8076949689 -0.2893654862 )
        Pressure : ( -1.583694503 0.8101258185 -0.2692113242 )
        Viscous  : ( 0.0004036874528 -0.002430849561 -0.02015416204 )


liftDrag LD execute:
Viscous drag: 0.003449810697, pressure drag: 0.04608120666, porous drag: 0
Viscous lift: 6.90996376e-05, pressure lift: -0.2710827781, porous lift: 0
Total lift: -0.2710136785, Front lift: -0.06843350327, Rear lift: -0.2025801752, Drag: 0.04953101736
Location of Center of Mass: ( 0.156259772 0.4851455039 -0.03143796203 )
Location of Center Of Pressure: ( 0.2501017526 0.4851455039 -0.01428720864 )


yPlus yPlus execute:
    patch Bottom y+ : min = 1.953966165, max = 307.5199492, average = 133.8319512
    patch Top y+ : min = 55.16755321, max = 351.0224406, average = 154.5174465
    patch e423_0 y+ : min = 20.09283914, max = 727.1098224, average = 373.0844819


################################################################################

Time = 16

Outer Loop Iteration = 16
smoothSolver:  Solving for Ux, Initial residual = 0.02223715977, Final residual = 0.000564354512, No Iterations 2
smoothSolver:  Solving for Uz, Initial residual = 0.01746634246, Final residual = 0.0005222559293, No Iterations 2
GAMG:  Solving for p, Initial residual = 0.0134686525, Final residual = 9.315046903e-05, No Iterations 4
GAMG:  Solving for p, Initial residual = 0.001913964153, Final residual = 1.131200505e-05, No Iterations 3
GAMG:  Solving for p, Initial residual = 0.0003138146833, Final residual = 1.886838488e-06, No Iterations 3
time step continuity errors (region0): sum local = 8.956676858e-08, global = 2.624013681e-09, cumulative = 7.601567501e-08
smoothSolver:  Solving for omega, Initial residual = 0.007544937719, Final residual = 0.0006945224441, No Iterations 1
smoothSolver:  Solving for k, Initial residual = 0.02878043355, Final residual = 0.0002863009398, No Iterations 2

ExecutionTime = 0.33 s  ExecutionStepTime = 0.02 s  ClockTime = 0 s

forces FR write:
    Sum of forces
        Total    : ( 0.5837663509 0 -3.32492802 )
        Pressure : ( 0.5424575727 0 -3.3256756 )
        Viscous  : ( 0.04130877813 0 0.0007475802723 )
    Sum of moments
        Total    : ( -1.61307388 0.8112088245 -0.2832116204 )
        Pressure : ( -1.613436565 0.8136217611 -0.2631708525 )
        Viscous  : ( 0.0003626852079 -0.002412936652 -0.02004076798 )


liftDrag LD execute:
Viscous drag: 0.003430400908, pressure drag: 0.04504725228, porous drag: 0
Viscous lift: 6.208123698e-05, pressure lift: -0.2761737605, porous lift: 0
Total lift: -0.2761116793, Front lift: -0.07069070288, Rear lift: -0.2054209764, Drag: 0.04847765319
Location of Center of Mass: ( 0.156259772 0.4851455039 -0.03143796203 )
Location of Center Of Pressure: ( 0.2467093308 0.4851455039 -0.01555749528 )


yPlus yPlus execute:
    patch Bottom y+ : min = 1.378227872, max = 303.3852996, average = 132.9311416
    patch Top y+ : min = 51.81084848, max = 338.5930147, average = 153.6149277
    patch e423_0 y+ : min = 22.32019455, max = 728.8599557, average = 371.6666501


################################################################################

Time = 17

Outer Loop Iteration = 17
smoothSolver:  Solving for Ux, Initial residual = 0.02159650481, Final residual = 0.0005484585361, No Iterations 2
smoothSolver:  Solving for Uz, Initial residual = 0.01670280992, Final residual = 0.0005162756872, No Iterations 2
GAMG:  Solving for p, Initial residual = 0.01313639036, Final residual = 8.485011893e-05, No Iterations 4
GAMG:  Solving for p, Initial residual = 0.0017947687, Final residual = 1.229712302e-05, No Iterations 3
GAMG:  Solving for p, Initial residual = 0.0003073547293, Final residual = 1.985948585e-06, No Iterations 3
time step continuity errors (region0): sum local = 9.478273002e-08, global = 2.168951948e-09, cumulative = 7.818462696e-08
smoothSolver:  Solving for omega, Initial residual = 0.006896753226, Final residual = 0.000636806071, No Iterations 1
smoothSolver:  Solving for k, Initial residual = 0.02694076994, Final residual = 0.0002633668883, No Iterations 2

ExecutionTime = 0.35 s  ExecutionStepTime = 0.02 s  ClockTime = 0 s

forces FR write:
    Sum of forces
        Total    : ( 0.5705775817 0 -3.380420846 )
        Pressure : ( 0.5294347581 0 -3.381080037 )
        Viscous  : ( 0.04114282355 0 0.0006591904687 )
    Sum of moments
        Total    : ( -1.639995975 0.8138476862 -0.2768131483 )
        Pressure : ( -1.640315778 0.8162450417 -0.2568528925 )
        Viscous  : ( 0.0003198032921 -0.002397355468 -0.01996025586 )


liftDrag LD execute:
Viscous drag: 0.003416619557, pressure drag: 0.04396579994, porous drag: 0
Viscous lift: 5.474109098e-05, pressure lift: -0.2807747058, porous lift: 0
Total lift: -0.2807199647, Front lift: -0.07277570686, Rear lift: -0.2079442579, Drag: 0.04738241949
Location of Center of Mass: ( 0.156259772 0.4851455039 -0.03143796203 )
Location of Center Of Pressure: ( 0.2435722365 0.4851455039 -0.0167005855 )


yPlus yPlus execute:
    patch Bottom y+ : min = 5.368076551, max = 294.8260891, average = 131.989747
    patch Top y+ : min = 43.79533418, max = 325.2130414, average = 152.4385613
    patch e423_0 y+ : min = 24.30238337, max = 730.3924963, average = 370.6322433


################################################################################

Time = 18

Outer Loop Iteration = 18
smoothSolver:  Solving for Ux, Initial residual = 0.02099579496, Final residual = 0.0005362216277, No Iterations 2
smoothSolver:  Solving for Uz, Initial residual = 0.01599840796, Final residual = 0.0005067502446, No Iterations 2
GAMG:  Solving for p, Initial residual = 0.01278506643, Final residual = 7.935624409e-05, No Iterations 4
GAMG:  Solving for p, Initial residual = 0.001756787271, Final residual = 9.822018007e-06, No Iterations 3
GAMG:  Solving for p, Initial residual = 0.0002984735863, Final residual = 1.840826496e-06, No Iterations 3
time step continuity errors (region0): sum local = 8.82239473e-08, global = 2.285303374e-09, cumulative = 8.046993033e-08
smoothSolver:  Solving for omega, Initial residual = 0.006329092158, Final residual = 0.0005871172401, No Iterations 1
smoothSolver:  Solving for k, Initial residual = 0.02533082735, Final residual = 0.0002438477307, No Iterations 2

ExecutionTime = 0.38 s  ExecutionStepTime = 0.03 s  ClockTime = 0 s

forces FR write:
    Sum of forces
        Total    : ( 0.5578439312 0 -3.435929124 )
        Pressure : ( 0.5167861079 0 -3.436498939 )
        Viscous  : ( 0.04105782335 0 0.0005698150019 )
    Sum of moments
        Total    : ( -1.666925566 0.816933013 -0.2706354751 )
        Pressure : ( -1.667202009 0.8193179846 -0.2507164567 )
        Viscous  : ( 0.0002764431862 -0.002384971609 -0.0199190184 )


liftDrag LD execute:
Viscous drag: 0.003409560894, pressure drag: 0.04291541928, porous drag: 0
Viscous lift: 4.731909266e-05, pressure lift: -0.2853768524, porous lift: 0
Total lift: -0.2853295333, Front lift: -0.07482427666, Rear lift: -0.2105052566, Drag: 0.04632498018
Location of Center of Mass: ( 0.156259772 0.4851455039 -0.03143796203 )
Location of Center Of Pressure: ( 0.2406417703 0.4851455039 -0.01773803286 )


yPlus yPlus execute:
    patch Bottom y+ : min = 8.845353441, max = 282.841929, average = 130.7362899
    patch Top y+ : min = 34.52457952, max = 311.1691655, average = 151.0271021
    patch e423_0 y+ : min = 26.19721033, max = 731.7529777, average = 370.0096896


################################################################################

Time = 19

Outer Loop Iteration = 19
smoothSolver:  Solving for Ux, Initial residual = 0.02044054732, Final residual = 0.000535076544, No Iterations 2
smoothSolver:  Solving for Uz, Initial residual = 0.01535003838, Final residual = 0.0004906670804, No Iterations 2
GAMG:  Solving for p, Initial residual = 0.0124759083, Final residual = 7.465241366e-05, No Iterations 4
GAMG:  Solving for p, Initial residual = 0.001754742976, Final residual = 9.057220366e-06, No Iterations 3
GAMG:  Solving for p, Initial residual = 0.0003003666557, Final residual = 1.895958293e-06, No Iterations 3
time step continuity errors (region0): sum local = 9.119591981e-08, global = 2.30368575e-09, cumulative = 8.277361608e-08
smoothSolver:  Solving for omega, Initial residual = 0.005828748313, Final residual = 0.0005431270937, No Iterations 1
smoothSolver:  Solving for k, Initial residual = 0.02391230621, Final residual = 0.0002270183396, No Iterations 2

ExecutionTime = 0.4 s  ExecutionStepTime = 0.02 s  ClockTime = 0 s

forces FR write:
    Sum of forces
        Total    : ( 0.5457482562 0 -3.490897539 )
        Pressure : ( 0.5047019897 0 -3.491379443 )
        Viscous  : ( 0.04104626645 0 0.0004819042749 )
    Sum of moments
        Total    : ( -1.693593245 0.8202809931 -0.2647673127 )
        Pressure : ( -1.693827039 0.8226566111 -0.2448539011 )
        Viscous  : ( 0.0002337936923 -0.002375618023 -0.01991341162 )


liftDrag LD execute:
Viscous drag: 0.003408601175, pressure drag: 0.04191191902, porous drag: 0
Viscous lift: 4.001873057e-05, pressure lift: -0.2899342888, porous lift: 0
Total lift: -0.2898942701, Front lift: -0.07682861908, Rear lift: -0.213065651, Drag: 0.04532052019
Location of Center of Mass: ( 0.156259772 0.4851455039 -0.03143796203 )
Location of Center Of Pressure: ( 0.2378966974 0.4851455039 -0.01867528161 )


yPlus yPlus execute:
    patch Bottom y+ : min = 10.4991215, max = 268.2401786, average = 129.4334846
    patch Top y+ : min = 20.24066691, max = 296.2836151, average = 149.1883101
    patch e423_0 y+ : min = 28.10975162, max = 733.0466561, average = 369.7609661


################################################################################

Time = 20

Outer Loop Iteration = 20
smoothSolver:  Solving for Ux, Initial residual = 0.01994452817, Final residual = 0.0005333563903, No Iterations 2
smoothSolver:  Solving for Uz, Initial residual = 0.01473393162, Final residual = 0.0004710291866, No Iterations 2
GAMG:  Solving for p, Initial residual = 0.01206007102, Final residual = 7.1321161e-05, No Iterations 4
GAMG:  Solving for p, Initial residual = 0.00169533133, Final residual = 8.451639708e-06, No Iterations 3
GAMG:  Solving for p, Initial residual = 0.0002908280082, Final residual = 1.846988262e-06, No Iterations 3
time step continuity errors (region0): sum local = 8.922808809e-08, global = 1.646449664e-09, cumulative = 8.442006575e-08
smoothSolver:  Solving for omega, Initial residual = 0.005391854115, Final residual = 0.0005060157675, No Iterations 1
smoothSolver:  Solving for k, Initial residual = 0.02265403087, Final residual = 0.0002122882383, No Iterations 2

ExecutionTime = 0.42 s  ExecutionStepTime = 0.01 s  ClockTime = 0 s

forces FR write:
    Sum of forces
        Total    : ( 0.5342253992 0 -3.54540643 )
        Pressure : ( 0.4931275905 0 -3.545801791 )
        Viscous  : ( 0.04109780864 0 0.0003953607534 )
    Sum of moments
        Total    : ( -1.720037989 0.8238233097 -0.2591770505 )
        Pressure : ( -1.720229796 0.826192294 -0.2392386334 )
        Viscous  : ( 0.0001918074919 -0.002368984319 -0.01993841708 )


liftDrag LD execute:
Viscous drag: 0.003412881388, pressure drag: 0.04095074729, porous drag: 0
Viscous lift: 3.283190519e-05, pressure lift: -0.2944536787, porous lift: 0
Total lift: -0.2944208468, Front lift: -0.07879774314, Rear lift: -0.2156231036, Drag: 0.04436362868
Location of Center of Mass: ( 0.156259772 0.4851455039 -0.03143796203 )
Location of Center Of Pressure: ( 0.2353059528 0.4851455039 -0.01952720418 )


yPlus yPlus execute:
    patch Bottom y+ : min = 10.80400231, max = 251.6524874, average = 128.7865334
    patch Top y+ : min = 20.8717697, max = 280.6150478, average = 148.0078111
    patch e423_0 y+ : min = 30.04120626, max = 734.3630113, average = 369.8531691


################################################################################

Time = 21

Outer Loop Iteration = 21
smoothSolver:  Solving for Ux, Initial residual = 0.01950354762, Final residual = 0.0005324841911, No Iterations 2
smoothSolver:  Solving for Uz, Initial residual = 0.0141911228, Final residual = 0.0004489181263, No Iterations 2
GAMG:  Solving for p, Initial residual = 0.01167035198, Final residual = 6.889672208e-05, No Iterations 4
GAMG:  Solving for p, Initial residual = 0.001661956857, Final residual = 7.460723372e-06, No Iterations 3
GAMG:  Solving for p, Initial residual = 0.0002862842366, Final residual = 1.804745561e-06, No Iterations 3
time step continuity errors (region0): sum local = 8.753134972e-08, global = 1.846255846e-09, cumulative = 8.626632159e-08
smoothSolver:  Solving for omega, Initial residual = 0.00500069085, Final residual = 0.0004717512973, No Iterations 1
smoothSolver:  Solving for k, Initial residual = 0.02153606982, Final residual = 0.0001993043176, No Iterations 2

ExecutionTime = 0.45 s  ExecutionStepTime = 0.02 s  ClockTime = 0 s

forces FR write:
    Sum of forces
        Total    : ( 0.5233911593 0 -3.601193861 )
        Pressure : ( 0.4821788027 0 -3.601504966 )
        Viscous  : ( 0.04121235666 0 0.0003111042577 )
    Sum of moments
        Total    : ( -1.74710301 0.8280808796 -0.2539208677 )
        Pressure : ( -1.747253941 0.8304463063 -0.2339268782 )
        Viscous  : ( 0.0001509308318 -0.002365426642 -0.01999398954 )


liftDrag LD execute:
Viscous drag: 0.003422393789, pressure drag: 0.04004152815, porous drag: 0
Viscous lift: 2.583500109e-05, pressure lift: -0.2990794321, porous lift: 0
Total lift: -0.2990535971, Front lift: -0.08076055733, Rear lift: -0.2182930398, Drag: 0.04346392194
Location of Center of Mass: ( 0.156259772 0.4851455039 -0.03143796203 )
Location of Center Of Pressure: ( 0.232896534 0.4851455039 -0.02029971032 )


yPlus yPlus execute:
    patch Bottom y+ : min = 10.69807118, max = 233.5625273, average = 127.8215793
    patch Top y+ : min = 36.19844078, max = 264.3259217, average = 147.5337357
    patch e423_0 y+ : min = 32.05923378, max = 735.7745837, average = 370.2866948


################################################################################

Time = 22

Outer Loop Iteration = 22
smoothSolver:  Solving for Ux, Initial residual = 0.01914240965, Final residual = 0.0005310965747, No Iterations 2
smoothSolver:  Solving for Uz, Initial residual = 0.0136928685, Final residual = 0.0004267472377, No Iterations 2
GAMG:  Solving for p, Initial residual = 0.01126974445, Final residual = 6.613808308e-05, No Iterations 4
GAMG:  Solving for p, Initial residual = 0.001601075009, Final residual = 6.549812708e-06, No Iterations 3
GAMG:  Solving for p, Initial residual = 0.0002671779865, Final residual = 1.637945721e-06, No Iterations 3
time step continuity errors (region0): sum local = 7.975178714e-08, global = 1.91838539e-09, cumulative = 8.818470698e-08
smoothSolver:  Solving for omega, Initial residual = 0.004650125555, Final residual = 0.0004430999879, No Iterations 1
smoothSolver:  Solving for k, Initial residual = 0.02053618029, Final residual = 0.0001877108755, No Iterations 2

ExecutionTime = 0.47 s  ExecutionStepTime = 0.02 s  ClockTime = 0 s

forces FR write:
    Sum of forces
        Total    : ( 0.5133389155 0 -3.65626812 )
        Pressure : ( 0.4719577268 0 -3.656497886 )
        Viscous  : ( 0.04138118871 0 0.0002297659552 )
    Sum of moments
        Total    : ( -1.773822039 0.8326906467 -0.2490440668 )
        Pressure : ( -1.773933509 0.8350553387 -0.2289681692 )
        Viscous  : ( 0.0001114699201 -0.002364691981 -0.02007589765 )


liftDrag LD execute:
Viscous drag: 0.003436414093, pressure drag: 0.03919274033, porous drag: 0
Viscous lift: 1.908043222e-05, pressure lift: -0.3036462039, porous lift: 0
Total lift: -0.3036271234, Front lift: -0.08266451206, Rear lift: -0.2209626114, Drag: 0.04262915442
Location of Center of Mass: ( 0.156259772 0.4851455039 -0.03143796203 )
Location of Center Of Pressure: ( 0.2306900273 0.4851455039 -0.02098797717 )


yPlus yPlus execute:
    patch Bottom y+ : min = 10.61440198, max = 214.3827531, average = 126.6054032
    patch Top y+ : min = 46.99795281, max = 247.431672, average = 146.8108403
    patch e423_0 y+ : min = 33.97029728, max = 737.3343408, average = 371.0124693


################################################################################

Time = 23

Outer Loop Iteration = 23
smoothSolver:  Solving for Ux, Initial residual = 0.01882926318, Final residual = 0.000531086883, No Iterations 2
smoothSolver:  Solving for Uz, Initial residual = 0.01327005183, Final residual = 0.0004059097017, No Iterations 2
GAMG:  Solving for p, Initial residual = 0.01112381843, Final residual = 6.315919266e-05, No Iterations 4
GAMG:  Solving for p, Initial residual = 0.001571794106, Final residual = 7.309361679e-06, No Iterations 3
GAMG:  Solving for p, Initial residual = 0.000270581416, Final residual = 1.835731296e-06, No Iterations 3
time step continuity errors (region0): sum local = 8.972748752e-08, global = 2.176166254e-09, cumulative = 9.036087324e-08
smoothSolver:  Solving for omega, Initial residual = 0.004332542213, Final residual = 0.0004174093508, No Iterations 1
smoothSolver:  Solving for k, Initial residual = 0.01958292254, Final residual = 0.0001768802283, No Iterations 2

ExecutionTime = 0.48 s  ExecutionStepTime = 0.01 s  ClockTime = 0 s

forces FR write:
    Sum of forces
        Total    : ( 0.5040637635 0 -3.710881497 )
        Pressure : ( 0.4624674881 0 -3.711032203 )
        Viscous  : ( 0.04159627543 0 0.0001507055781 )
    Sum of moments
        Total    : ( -1.800317474 0.8376805352 -0.2445442685 )
        Pressure : ( -1.800390588 0.8400470749 -0.2243640225 )
        Viscous  : ( 7.311413364e-05 -0.002366539673 -0.020180246 )


liftDrag LD execute:
Viscous drag: 0.003454275519, pressure drag: 0.03840464334, porous drag: 0
Viscous lift: 1.25150289e-05, pressure lift: -0.3081748919, porous lift: 0
Total lift: -0.3081623769, Front lift: -0.08451776396, Rear lift: -0.223644613, Drag: 0.04185891886
Location of Center of Mass: ( 0.156259772 0.4851455039 -0.03143796203 )
Location of Center Of Pressure: ( 0.2286705679 0.4851455039 -0.02160211621 )


yPlus yPlus execute:
    patch Bottom y+ : min = 10.47054587, max = 211.8396419, average = 125.187794
    patch Top y+ : min = 50.2974364, max = 230.1190511, average = 146.0747611
    patch e423_0 y+ : min = 35.82337235, max = 739.0517923, average = 371.9814198


################################################################################

Time = 24

Outer Loop Iteration = 24
smoothSolver:  Solving for Ux, Initial residual = 0.01855019152, Final residual = 0.0005294100867, No Iterations 2
smoothSolver:  Solving for Uz, Initial residual = 0.01290123102, Final residual = 0.0003895020612, No Iterations 2
GAMG:  Solving for p, Initial residual = 0.01117000924, Final residual = 6.199575877e-05, No Iterations 4
GAMG:  Solving for p, Initial residual = 0.001521858962, Final residual = 7.370517626e-06, No Iterations 3
GAMG:  Solving for p, Initial residual = 0.0002645108558, Final residual = 1.79487185e-06, No Iterations 3
time step continuity errors (region0): sum local = 8.808189304e-08, global = 2.277590583e-09, cumulative = 9.263846382e-08
smoothSolver:  Solving for omega, Initial residual = 0.004048712889, Final residual = 0.0003939888384, No Iterations 1
smoothSolver:  Solving for k, Initial residual = 0.01868029664, Final residual = 0.001867109471, No Iterations 1

ExecutionTime = 0.5 s  ExecutionStepTime = 0.01 s  ClockTime = 0 s

forces FR write:
    Sum of forces
        Total    : ( 0.4955595659 0 -3.766081834 )
        Pressure : ( 0.4537135212 0 -3.766159693 )
        Viscous  : ( 0.04184604472 0 7.785922711e-05 )
    Sum of moments
        Total    : ( -1.827097669 0.8432008211 -0.2404184953 )
        Pressure : ( -1.827135442 0.8455714191 -0.2201170748 )
        Viscous  : ( 3.777305397e-05 -0.002370598016 -0.02030142045 )


liftDrag LD execute:
Viscous drag: 0.003475017086, pressure drag: 0.0376776885, porous drag: 0
Viscous lift: 6.465656343e-06, pressure lift: -0.3127528388, porous lift: 0
Total lift: -0.3127463732, Front lift: -0.08635134153, Rear lift: -0.2263950317, Drag: 0.04115270559
Location of Center of Mass: ( 0.156259772 0.4851455039 -0.03143796203 )
Location of Center Of Pressure: ( 0.2268086251 0.4851455039 -0.02215479705 )


yPlus yPlus execute:
    patch Bottom y+ : min = 10.0610741, max = 215.7213416, average = 123.5656351
    patch Top y+ : min = 42.8565428, max = 233.6042456, average = 145.3815507
    patch e423_0 y+ : min = 37.54937909, max = 740.8953111, average = 373.1222759


################################################################################

Time = 25

Outer Loop Iteration = 25
smoothSolver:  Solving for Ux, Initial residual = 0.01830046183, Final residual = 0.0005259068808, No Iterations 2
smoothSolver:  Solving for Uz, Initial residual = 0.01254524486, Final residual = 0.0003768354708, No Iterations 2
GAMG:  Solving for p, Initial residual = 0.0110102573, Final residual = 6.11527297e-05, No Iterations 4
GAMG:  Solving for p, Initial residual = 0.001465869809, Final residual = 6.991901291e-06, No Iterations 3
GAMG:  Solving for p, Initial residual = 0.0002419306296, Final residual = 1.538997762e-06, No Iterations 3
time step continuity errors (region0): sum local = 7.58191917e-08, global = 1.768332912e-09, cumulative = 9.440679673e-08
smoothSolver:  Solving for omega, Initial residual = 0.003790427711, Final residual = 0.0003729574402, No Iterations 1
smoothSolver:  Solving for k, Initial residual = 0.01791208427, Final residual = 0.001776564624, No Iterations 1

ExecutionTime = 0.52 s  ExecutionStepTime = 0.02 s  ClockTime = 0 s

forces FR write:
    Sum of forces
        Total    : ( 0.4880030609 0 -3.821460377 )
        Pressure : ( 0.4458810286 0 -3.821472409 )
        Viscous  : ( 0.04212203232 0 1.203198626e-05 )
    Sum of moments
        Total    : ( -1.85396432 0.8492346377 -0.2367524909 )
        Pressure : ( -1.853970158 0.8516112504 -0.2163171763 )
        Viscous  : ( 5.837264038e-06 -0.002376612714 -0.02043531459 )


liftDrag LD execute:
Viscous drag: 0.003497935898, pressure drag: 0.03702725558, porous drag: 0
Viscous lift: 9.991710835e-07, pressure lift: -0.3173461675, porous lift: 0
Total lift: -0.3173451683, Front lift: -0.08814967343, Rear lift: -0.2291954949, Drag: 0.04052519147
Location of Center of Mass: ( 0.156259772 0.4851455039 -0.03143796203 )
Location of Center Of Pressure: ( 0.2251194968 0.4851455039 -0.02264452886 )


yPlus yPlus execute:
    patch Bottom y+ : min = 9.385186323, max = 219.449471, average = 121.5475724
    patch Top y+ : min = 33.04599964, max = 237.3141495, average = 144.5343892
    patch e423_0 y+ : min = 39.23370606, max = 742.8546874, average = 374.4069863


################################################################################

Time = 26

Outer Loop Iteration = 26
smoothSolver:  Solving for Ux, Initial residual = 0.01807942005, Final residual = 0.0005209828797, No Iterations 2
smoothSolver:  Solving for Uz, Initial residual = 0.01220062903, Final residual = 0.0003668562707, No Iterations 2
GAMG:  Solving for p, Initial residual = 0.01068802165, Final residual = 6.148137074e-05, No Iterations 4
GAMG:  Solving for p, Initial residual = 0.001408805011, Final residual = 7.19690121e-06, No Iterations 3
GAMG:  Solving for p, Initial residual = 0.0002437403013, Final residual = 1.700055766e-06, No Iterations 3
time step continuity errors (region0): sum local = 8.412497633e-08, global = 1.357574285e-09, cumulative = 9.576437102e-08
smoothSolver:  Solving for omega, Initial residual = 0.003557076512, Final residual = 0.0003532344065, No Iterations 1
smoothSolver:  Solving for k, Initial residual = 0.01722044241, Final residual = 0.001698835755, No Iterations 1

ExecutionTime = 0.54 s  ExecutionStepTime = 0.02 s  ClockTime = 0 s

forces FR write:
    Sum of forces
        Total    : ( 0.4812467544 0 -3.876388473 )
        Pressure : ( 0.4388270964 0 -3.876341487 )
        Viscous  : ( 0.04241965799 0 -4.698607915e-05 )
    Sum of moments
        Total    : ( -1.880612439 0.8556121699 -0.2334746992 )
        Pressure : ( -1.880589644 0.8579965682 -0.2128949928 )
        Viscous  : ( -2.279508504e-05 -0.00238439829 -0.02057970635 )


liftDrag LD execute:
Viscous drag: 0.003522651598, pressure drag: 0.03644147656, porous drag: 0
Viscous lift: -3.901860473e-06, pressure lift: -0.321902655, porous lift: 0
Total lift: -0.3219065569, Front lift: -0.08990075893, Rear lift: -0.232005798, Drag: 0.03996412816
Location of Center of Mass: ( 0.156259772 0.4851455039 -0.03143796203 )
Location of Center Of Pressure: ( 0.2235892839 0.4851455039 -0.02307912254 )


yPlus yPlus execute:
    patch Bottom y+ : min = 8.218441448, max = 223.0806136, average = 119.4141252
    patch Top y+ : min = 16.93251905, max = 240.9569431, average = 143.2618023
    patch e423_0 y+ : min = 40.78518618, max = 744.9106076, average = 375.8145436


################################################################################

Time = 27

Outer Loop Iteration = 27
smoothSolver:  Solving for Ux, Initial residual = 0.01789444578, Final residual = 0.000512115545, No Iterations 2
smoothSolver:  Solving for Uz, Initial residual = 0.0118972464, Final residual = 0.0003630309197, No Iterations 2
GAMG:  Solving for p, Initial residual = 0.01046643119, Final residual = 6.260776699e-05, No Iterations 4
GAMG:  Solving for p, Initial residual = 0.001411508936, Final residual = 7.191227282e-06, No Iterations 3
GAMG:  Solving for p, Initial residual = 0.0002383947237, Final residual = 1.650787573e-06, No Iterations 3
time step continuity errors (region0): sum local = 8.206339568e-08, global = 9.238937959e-10, cumulative = 9.668826481e-08
smoothSolver:  Solving for omega, Initial residual = 0.003345381102, Final residual = 0.000333665006, No Iterations 1
smoothSolver:  Solving for k, Initial residual = 0.01659448847, Final residual = 0.001629377813, No Iterations 1

ExecutionTime = 0.56 s  ExecutionStepTime = 0.01 s  ClockTime = 0 s

forces FR write:
    Sum of forces
        Total    : ( 0.4752526169 0 -3.930604407 )
        Pressure : ( 0.4325180774 0 -3.930504116 )
        Viscous  : ( 0.04273453952 0 -0.0001002902912 )
    Sum of moments
        Total    : ( -1.906915055 0.8622646295 -0.2305666703 )
        Pressure : ( -1.9068664 0.8646583524 -0.2098342006 )
        Viscous  : ( -4.865538388e-05 -0.002393722981 -0.02073246971 )


liftDrag LD execute:
Viscous drag: 0.003548800274, pressure drag: 0.03591755729, porous drag: 0
Viscous lift: -8.328397055e-06, pressure lift: -0.3264004771, porous lift: 0
Total lift: -0.3264088055, Front lift: -0.09159944366, Rear lift: -0.2348093618, Drag: 0.03946635757
Location of Center of Mass: ( 0.156259772 0.4851455039 -0.03143796203 )
Location of Center Of Pressure: ( 0.2222090692 0.4851455039 -0.02346397818 )


yPlus yPlus execute:
    patch Bottom y+ : min = 6.566703146, max = 226.6337087, average = 121.2166964
    patch Top y+ : min = 25.30590987, max = 245.1293088, average = 143.1882458
    patch e423_0 y+ : min = 42.24493507, max = 747.0212489, average = 377.3198881


################################################################################

Time = 28

Outer Loop Iteration = 28
smoothSolver:  Solving for Ux, Initial residual = 0.01773067912, Final residual = 0.0004989022685, No Iterations 2
smoothSolver:  Solving for Uz, Initial residual = 0.01165381854, Final residual = 0.0003646537033, No Iterations 2
GAMG:  Solving for p, Initial residual = 0.01032085055, Final residual = 6.320835449e-05, No Iterations 4
GAMG:  Solving for p, Initial residual = 0.001376939524, Final residual = 6.793422075e-06, No Iterations 3
GAMG:  Solving for p, Initial residual = 0.0002368985363, Final residual = 1.526335751e-06, No Iterations 3
time step continuity errors (region0): sum local = 7.622570028e-08, global = 5.881704769e-10, cumulative = 9.727643529e-08
smoothSolver:  Solving for omega, Initial residual = 0.003153050753, Final residual = 0.0003148223315, No Iterations 1
smoothSolver:  Solving for k, Initial residual = 0.0160275426, Final residual = 0.001566147919, No Iterations 1

ExecutionTime = 0.57 s  ExecutionStepTime = 0 s  ClockTime = 0 s

forces FR write:
    Sum of forces
        Total    : ( 0.4698615871 0 -3.982938251 )
        Pressure : ( 0.4268105291 0 -3.9827886 )
        Viscous  : ( 0.04305105804 0 -0.0001496504204 )
    Sum of moments
        Total    : ( -1.932304585 0.8689249496 -0.2279512364 )
        Pressure : ( -1.932231982 0.8713293405 -0.2070652092 )
        Viscous  : ( -7.26022286e-05 -0.002404390918 -0.02088602724 )


liftDrag LD execute:
Viscous drag: 0.003575084891, pressure drag: 0.03544358591, porous drag: 0
Viscous lift: -1.242740553e-05, pressure lift: -0.3307423325, porous lift: 0
Total lift: -0.3307547599, Front lift: -0.09321932853, Rear lift: -0.2375354313, Drag: 0.0390186708
Location of Center of Mass: ( 0.156259772 0.4851455039 -0.03143796203 )
Location of Center Of Pressure: ( 0.22096994 0.4851455039 -0.02380419512 )


yPlus yPlus execute:
    patch Bottom y+ : min = 5.262659065, max = 230.092546, average = 121.5172332
    patch Top y+ : min = 40.83632632, max = 249.5926127, average = 143.0963548
    patch e423_0 y+ : min = 43.6380059, max = 749.152986, average = 378.8709261


################################################################################

Time = 29

Outer Loop Iteration = 29
smoothSolver:  Solving for Ux, Initial residual = 0.01759205049, Final residual = 0.0004876379784, No Iterations 2
smoothSolver:  Solving for Uz, Initial residual = 0.01146009107, Final residual = 0.0003685267256, No Iterations 2
GAMG:  Solving for p, Initial residual = 0.01032278336, Final residual = 6.409467345e-05, No Iterations 4
GAMG:  Solving for p, Initial residual = 0.001370948834, Final residual = 6.672992673e-06, No Iterations 3
GAMG:  Solving for p, Initial residual = 0.0002348114964, Final residual = 1.340801632e-06, No Iterations 3
time step continuity errors (region0): sum local = 6.726118401e-08, global = 7.923471996e-10, cumulative = 9.806878249e-08
smoothSolver:  Solving for omega, Initial residual = 0.002975742267, Final residual = 0.0002963973606, No Iterations 1
smoothSolver:  Solving for k, Initial residual = 0.01551054657, Final residual = 0.001508559203, No Iterations 1

ExecutionTime = 0.59 s  ExecutionStepTime = 0.02 s  ClockTime = 0 s

forces FR write:
    Sum of forces
        Total    : ( 0.4652691615 0 -4.031905825 )
        Pressure : ( 0.4218986782 0 -4.031713445 )
        Viscous  : ( 0.04337048331 0 -0.0001923807158 )
    Sum of moments
        Total    : ( -1.956060983 0.8753431422 -0.2257232418 )
        Pressure : ( -1.955967651 0.8777593263 -0.2046822468 )
        Viscous  : ( -9.333263932e-05 -0.002416184173 -0.02104099498 )


liftDrag LD execute:
Viscous drag: 0.003601610893, pressure drag: 0.03503569155, porous drag: 0
Viscous lift: -1.597585337e-05, pressure lift: -0.3348051936, porous lift: 0
Total lift: -0.3348211695, Front lift: -0.09471954799, Rear lift: -0.2401016215, Drag: 0.03863730244
Location of Center of Mass: ( 0.156259772 0.4851455039 -0.03143796203 )
Location of Center Of Pressure: ( 0.2198846495 0.4851455039 -0.02409585269 )


yPlus yPlus execute:
    patch Bottom y+ : min = 3.911814151, max = 233.4667593, average = 120.5827088
    patch Top y+ : min = 12.42337541, max = 253.9622569, average = 141.5341102
    patch e423_0 y+ : min = 45.02878477, max = 751.2862678, average = 380.4371897


################################################################################

Time = 30

Outer Loop Iteration = 30
smoothSolver:  Solving for Ux, Initial residual = 0.01746049946, Final residual = 0.0004713287578, No Iterations 2
smoothSolver:  Solving for Uz, Initial residual = 0.01128078961, Final residual = 0.0003746944411, No Iterations 2
GAMG:  Solving for p, Initial residual = 0.01041599364, Final residual = 6.569881541e-05, No Iterations 4
GAMG:  Solving for p, Initial residual = 0.00142038168, Final residual = 6.388240315e-06, No Iterations 3
GAMG:  Solving for p, Initial residual = 0.0002351150697, Final residual = 1.364590016e-06, No Iterations 3
time step continuity errors (region0): sum local = 6.878118963e-08, global = 6.66966243e-10, cumulative = 9.873574873e-08
smoothSolver:  Solving for omega, Initial residual = 0.002814131549, Final residual = 0.0002786962446, No Iterations 1
smoothSolver:  Solving for k, Initial residual = 0.01503758469, Final residual = 0.001457001597, No Iterations 1

ExecutionTime = 0.6 s  ExecutionStepTime = 0.01 s  ClockTime = 0 s

forces FR write:
    Sum of forces
        Total    : ( 0.4611861008 0 -4.08061043 )
        Pressure : ( 0.4174960137 0 -4.080381039 )
        Viscous  : ( 0.04369008713 0 -0.0002293911601 )
    Sum of moments
        Total    : ( -1.979689803 0.882062578 -0.2237423633 )
        Pressure : ( -1.979578515 0.8844914611 -0.2025463139 )
        Viscous  : ( -0.00011128809 -0.002428883148 -0.02119604933 )


liftDrag LD execute:
Viscous drag: 0.003628151723, pressure drag: 0.0346700815, porous drag: 0
Viscous lift: -1.904930815e-05, pressure lift: -0.338846692, porous lift: 0
Total lift: -0.3388657413, Front lift: -0.09618383244, Rear lift: -0.2426819089, Drag: 0.03829823322
Location of Center of Mass: ( 0.156259772 0.4851455039 -0.03143796203 )
Location of Center Of Pressure: ( 0.218912274 0.4851455039 -0.02435704519 )


yPlus yPlus execute:
    patch Bottom y+ : min = 4.529356093, max = 236.7168187, average = 124.7787083
    patch Top y+ : min = 42.07997424, max = 258.1488119, average = 145.0325656
    patch e423_0 y+ : min = 46.35706248, max = 753.3989002, average = 382.0008887


################################################################################

Time = 31

Outer Loop Iteration = 31
smoothSolver:  Solving for Ux, Initial residual = 0.01738891218, Final residual = 0.000455950889, No Iterations 2
smoothSolver:  Solving for Uz, Initial residual = 0.01112176829, Final residual = 0.0003784159922, No Iterations 2
GAMG:  Solving for p, Initial residual = 0.01030675077, Final residual = 6.530986916e-05, No Iterations 4
GAMG:  Solving for p, Initial residual = 0.001384534656, Final residual = 6.315315568e-06, No Iterations 3
GAMG:  Solving for p, Initial residual = 0.0002224828664, Final residual = 1.324813149e-06, No Iterations 3
time step continuity errors (region0): sum local = 6.708007958e-08, global = 1.489558509e-09, cumulative = 1.002253072e-07
smoothSolver:  Solving for omega, Initial residual = 0.002663849409, Final residual = 0.0002620666116, No Iterations 1
smoothSolver:  Solving for k, Initial residual = 0.01460430857, Final residual = 0.001411123486, No Iterations 1

ExecutionTime = 0.61 s  ExecutionStepTime = 0.01 s  ClockTime = 0 s

forces FR write:
    Sum of forces
        Total    : ( 0.4574866591 0 -4.128873799 )
        Pressure : ( 0.4134793492 0 -4.128611762 )
        Viscous  : ( 0.04400730995 0 -0.0002620370925 )
    Sum of moments
        Total    : ( -2.00310456 0.8889944567 -0.2219475957 )
        Pressure : ( -2.002977434 0.8914366899 -0.2005976472 )
        Viscous  : ( -0.0001271261173 -0.002442233226 -0.02134994856 )


liftDrag LD execute:
Viscous drag: 0.003654494827, pressure drag: 0.03433652601, porous drag: 0
Viscous lift: -2.176032119e-05, pressure lift: -0.3428519113, porous lift: 0
Total lift: -0.3428736717, Front lift: -0.09761215427, Rear lift: -0.2452615174, Drag: 0.03799102084
Location of Center of Mass: ( 0.156259772 0.4851455039 -0.03143796203 )
Location of Center Of Pressure: ( 0.2180365548 0.4851455039 -0.02459298315 )


yPlus yPlus execute:
    patch Bottom y+ : min = 4.955677133, max = 239.8374733, average = 128.5754807
    patch Top y+ : min = 31.50324148, max = 262.1690099, average = 146.4995005
    patch e423_0 y+ : min = 47.63904125, max = 755.4637903, average = 383.547989


################################################################################

Time = 32

Outer Loop Iteration = 32
smoothSolver:  Solving for Ux, Initial residual = 0.01730248554, Final residual = 0.0004411580977, No Iterations 2
smoothSolver:  Solving for Uz, Initial residual = 0.01098267605, Final residual = 0.0003760177294, No Iterations 2
GAMG:  Solving for p, Initial residual = 0.01037868509, Final residual = 6.556601695e-05, No Iterations 4
GAMG:  Solving for p, Initial residual = 0.001356474515, Final residual = 6.340005791e-06, No Iterations 3
GAMG:  Solving for p, Initial residual = 0.0002191079532, Final residual = 1.29785446e-06, No Iterations 3
time step continuity errors (region0): sum local = 6.602404152e-08, global = 1.654428643e-09, cumulative = 1.018797359e-07
smoothSolver:  Solving for omega, Initial residual = 0.00252444835, Final residual = 0.0002459290103, No Iterations 1
smoothSolver:  Solving for k, Initial residual = 0.01420690778, Final residual = 0.00137076158, No Iterations 1

ExecutionTime = 0.63 s  ExecutionStepTime = 0.02 s  ClockTime = 0 s

forces FR write:
    Sum of forces
        Total    : ( 0.4540845376 0 -4.175894024 )
        Pressure : ( 0.4097648186 0 -4.175602675 )
        Viscous  : ( 0.044319719 0 -0.0002913491689 )
    Sum of moments
        Total    : ( -2.02591621 0.8959264123 -0.2202970718 )
        Pressure : ( -2.025774864 0.898382423 -0.1987955594 )
        Viscous  : ( -0.0001413467393 -0.002456010686 -0.0215015124 )


liftDrag LD execute:
Viscous drag: 0.003680438182, pressure drag: 0.03402806061, porous drag: 0
Viscous lift: -2.419448114e-05, pressure lift: -0.3467541732, porous lift: 0
Total lift: -0.3467783677, Front lift: -0.09898885256, Rear lift: -0.2477895151, Drag: 0.03770849879
Location of Center of Mass: ( 0.156259772 0.4851455039 -0.03143796203 )
Location of Center Of Pressure: ( 0.2172446556 0.4851455039 -0.0248064976 )


yPlus yPlus execute:
    patch Bottom y+ : min = 3.289445307, max = 243.7616591, average = 131.6513553
    patch Top y+ : min = 12.2782159, max = 266.0052084, average = 146.6494997
    patch e423_0 y+ : min = 48.86096195, max = 757.4736252, average = 385.064173


################################################################################

Time = 33

Outer Loop Iteration = 33
smoothSolver:  Solving for Ux, Initial residual = 0.01721535357, Final residual = 0.0004279425915, No Iterations 2
smoothSolver:  Solving for Uz, Initial residual = 0.01086860855, Final residual = 0.0003742976398, No Iterations 2
GAMG:  Solving for p, Initial residual = 0.01055452146, Final residual = 6.650140916e-05, No Iterations 4
GAMG:  Solving for p, Initial residual = 0.001316058846, Final residual = 6.574381788e-06, No Iterations 3
GAMG:  Solving for p, Initial residual = 0.0001946891417, Final residual = 1.118005496e-06, No Iterations 3
time step continuity errors (region0): sum local = 5.715502169e-08, global = 3.030964489e-10, cumulative = 1.021828323e-07
smoothSolver:  Solving for omega, Initial residual = 0.002395787808, Final residual = 0.000230178995, No Iterations 1
smoothSolver:  Solving for k, Initial residual = 0.01384300097, Final residual = 0.001335600346, No Iterations 1

ExecutionTime = 0.64 s  ExecutionStepTime = 0.01 s  ClockTime = 1 s

forces FR write:
    Sum of forces
        Total    : ( 0.4508988861 0 -4.222116963 )
        Pressure : ( 0.4062726248 0 -4.221799334 )
        Viscous  : ( 0.04462626134 0 -0.0003176288464 )
    Sum of moments
        Total    : ( -2.048341061 0.9028626364 -0.2187515673 )
        Pressure : ( -2.048186965 0.9053327175 -0.1971013372 )
        Viscous  : ( -0.0001540962067 -0.002470081132 -0.02165023005 )


liftDrag LD execute:
Viscous drag: 0.003705894349, pressure drag: 0.03373805869, porous drag: 0
Viscous lift: -2.637682189e-05, pressure lift: -0.3505904779, porous lift: 0
Total lift: -0.3506168547, Front lift: -0.1003320919, Rear lift: -0.2502847629, Drag: 0.03744395303
Location of Center of Mass: ( 0.156259772 0.4851455039 -0.03143796203 )
Location of Center Of Pressure: ( 0.2165114459 0.4851455039 -0.02500341442 )


yPlus yPlus execute:
    patch Bottom y+ : min = 1.906383544, max = 247.598547, average = 133.7826022
    patch Top y+ : min = 27.78001193, max = 269.6904216, average = 148.5834539
    patch e423_0 y+ : min = 50.01658041, max = 759.4328172, average = 386.540076


################################################################################

Time = 34

Outer Loop Iteration = 34
smoothSolver:  Solving for Ux, Initial residual = 0.01713704874, Final residual = 0.0004218123104, No Iterations 2
smoothSolver:  Solving for Uz, Initial residual = 0.01073405958, Final residual = 0.0003678575612, No Iterations 2
GAMG:  Solving for p, Initial residual = 0.0107178692, Final residual = 6.369620186e-05, No Iterations 4
GAMG:  Solving for p, Initial residual = 0.00120956372, Final residual = 6.346012043e-06, No Iterations 3
GAMG:  Solving for p, Initial residual = 0.0001757177975, Final residual = 1.020018126e-06, No Iterations 3
time step continuity errors (region0): sum local = 5.24596902e-08, global = 1.27207335e-09, cumulative = 1.034549057e-07
smoothSolver:  Solving for omega, Initial residual = 0.002275965929, Final residual = 0.0002150249168, No Iterations 1
smoothSolver:  Solving for k, Initial residual = 0.0135107853, Final residual = 0.001305492044, No Iterations 1

ExecutionTime = 0.65 s  ExecutionStepTime = 0.01 s  ClockTime = 1 s

forces FR write:
    Sum of forces
        Total    : ( 0.448010399 0 -4.267053295 )
        Pressure : ( 0.4030863198 0 -4.266712888 )
        Viscous  : ( 0.04492407926 0 -0.0003404068437 )
    Sum of moments
        Total    : ( -2.070141721 0.9097134999 -0.2173502308 )
        Pressure : ( -2.069976574 0.9121977883 -0.1955555157 )
        Viscous  : ( -0.0001651468497 -0.002484288383 -0.02179471507 )


liftDrag LD execute:
Viscous drag: 0.003730626013, pressure drag: 0.03347345867, porous drag: 0
Viscous lift: -2.826837294e-05, pressure lift: -0.3543202299, porous lift: 0
Total lift: -0.3543484983, Front lift: -0.1016289981, Rear lift: -0.2527195002, Drag: 0.03720408468
Location of Center of Mass: ( 0.156259772 0.4851455039 -0.03143796203 )
Location of Center Of Pressure: ( 0.2158387762 0.4851455039 -0.02518258822 )


yPlus yPlus execute:
    patch Bottom y+ : min = 1.34558549, max = 251.2152925, average = 136.634925
    patch Top y+ : min = 42.1327156, max = 273.1456728, average = 153.9913834
    patch e423_0 y+ : min = 51.10864305, max = 761.3486081, average = 387.9641577


################################################################################

Time = 35

Outer Loop Iteration = 35
smoothSolver:  Solving for Ux, Initial residual = 0.01697774959, Final residual = 0.0004184967519, No Iterations 2
smoothSolver:  Solving for Uz, Initial residual = 0.01057991453, Final residual = 0.0003570655101, No Iterations 2
GAMG:  Solving for p, Initial residual = 0.01091741607, Final residual = 6.028792773e-05, No Iterations 4
GAMG:  Solving for p, Initial residual = 0.001144137277, Final residual = 5.946924873e-06, No Iterations 3
GAMG:  Solving for p, Initial residual = 0.0001616521909, Final residual = 9.567472454e-07, No Iterations 3
time step continuity errors (region0): sum local = 4.95314537e-08, global = 1.121885985e-09, cumulative = 1.045767917e-07
smoothSolver:  Solving for omega, Initial residual = 0.002163041583, Final residual = 0.0002009373371, No Iterations 1
smoothSolver:  Solving for k, Initial residual = 0.01320610396, Final residual = 0.001279959309, No Iterations 1

ExecutionTime = 0.66 s  ExecutionStepTime = 0.01 s  ClockTime = 1 s

forces FR write:
    Sum of forces
        Total    : ( 0.4453757188 0 -4.310711556 )
        Pressure : ( 0.4001642731 0 -4.310351513 )
        Viscous  : ( 0.04521144573 0 -0.0003600435615 )
    Sum of moments
        Total    : ( -2.09132233 0.9164360304 -0.2160720275 )
        Pressure : ( -2.091147657 0.918934537 -0.1941378979 )
        Viscous  : ( -0.000174673515 -0.00249850665 -0.02193412962 )


liftDrag LD execute:
Viscous drag: 0.00375448976, pressure drag: 0.03323080342, porous drag: 0
Viscous lift: -2.989906301e-05, pressure lift: -0.3579441081, porous lift: 0
Total lift: -0.3579740071, Front lift: -0.102883494, Rear lift: -0.2550905131, Drag: 0.03698529318
Location of Center of Mass: ( 0.156259772 0.4851455039 -0.03143796203 )
Location of Center Of Pressure: ( 0.2152138738 0.4851455039 -0.02534691996 )


yPlus yPlus execute:
    patch Bottom y+ : min = 1.193992458, max = 254.5519349, average = 138.8528383
    patch Top y+ : min = 42.06451667, max = 276.2956664, average = 158.1307554
    patch e423_0 y+ : min = 52.1485277, max = 763.1969857, average = 389.3287261


################################################################################

Time = 36

Outer Loop Iteration = 36
smoothSolver:  Solving for Ux, Initial residual = 0.01676992425, Final residual = 0.0004157387877, No Iterations 2
smoothSolver:  Solving for Uz, Initial residual = 0.01042606432, Final residual = 0.0003403331004, No Iterations 2
GAMG:  Solving for p, Initial residual = 0.01095332669, Final residual = 5.674747376e-05, No Iterations 4
GAMG:  Solving for p, Initial residual = 0.001100512208, Final residual = 5.695643158e-06, No Iterations 3
GAMG:  Solving for p, Initial residual = 0.0001583360628, Final residual = 8.892041801e-07, No Iterations 3
time step continuity errors (region0): sum local = 4.638260351e-08, global = 1.120802668e-09, cumulative = 1.056975943e-07
smoothSolver:  Solving for omega, Initial residual = 0.002056577172, Final residual = 0.0001880850632, No Iterations 1
smoothSolver:  Solving for k, Initial residual = 0.01292660741, Final residual = 0.00125823866, No Iterations 1

ExecutionTime = 0.67 s  ExecutionStepTime = 0.01 s  ClockTime = 1 s

forces FR write:
    Sum of forces
        Total    : ( 0.4428729852 0 -4.353010604 )
        Pressure : ( 0.3973852257 0 -4.352633399 )
        Viscous  : ( 0.04548775952 0 -0.0003772051515 )
    Sum of moments
        Total    : ( -2.111843523 0.922951721 -0.2148578375 )
        Pressure : ( -2.111660523 0.9254643754 -0.1927896555 )
        Viscous  : ( -0.0001829993833 -0.002512654352 -0.02206818201 )


liftDrag LD execute:
Viscous drag: 0.003777435659, pressure drag: 0.03300002325, porous drag: 0
Viscous lift: -3.132421128e-05, pressure lift: -0.3614553186, porous lift: 0
Total lift: -0.3614866428, Front lift: -0.10409873, Rear lift: -0.2573879128, Drag: 0.03677745891
Location of Center of Mass: ( 0.156259772 0.4851455039 -0.03143796203 )
Location of Center Of Pressure: ( 0.2146204625 0.4851455039 -0.02550037641 )


yPlus yPlus execute:
    patch Bottom y+ : min = 1.16288333, max = 257.598961, average = 141.958344
    patch Top y+ : min = 30.72443078, max = 279.2076878, average = 161.4571899
    patch e423_0 y+ : min = 53.16189645, max = 764.9853417, average = 390.6318301


################################################################################

Time = 37

Outer Loop Iteration = 37
smoothSolver:  Solving for Ux, Initial residual = 0.01651822845, Final residual = 0.0004123976634, No Iterations 2
smoothSolver:  Solving for Uz, Initial residual = 0.01029763896, Final residual = 0.0003223235044, No Iterations 2
GAMG:  Solving for p, Initial residual = 0.01090330303, Final residual = 5.545960269e-05, No Iterations 4
GAMG:  Solving for p, Initial residual = 0.001148826933, Final residual = 5.44126432e-06, No Iterations 3
GAMG:  Solving for p, Initial residual = 0.0001667037104, Final residual = 7.884740231e-07, No Iterations 3
time step continuity errors (region0): sum local = 4.144085932e-08, global = 7.918497489e-10, cumulative = 1.064894441e-07
smoothSolver:  Solving for omega, Initial residual = 0.001956456193, Final residual = 0.000175612993, No Iterations 1
smoothSolver:  Solving for k, Initial residual = 0.01267144018, Final residual = 0.001239854536, No Iterations 1

ExecutionTime = 0.68 s  ExecutionStepTime = 0.01 s  ClockTime = 1 s

forces FR write:
    Sum of forces
        Total    : ( 0.4404020212 0 -4.393873367 )
        Pressure : ( 0.39464958 0 -4.393480997 )
        Viscous  : ( 0.0457524412 0 -0.000392370461 )
    Sum of moments
        Total    : ( -2.131667909 0.9292327427 -0.2136590605 )
        Pressure : ( -2.131477552 0.9317594109 -0.1914624693 )
        Viscous  : ( -0.000190356765 -0.002526668215 -0.02219659114 )


liftDrag LD execute:
Viscous drag: 0.003799415594, pressure drag: 0.03277284729, porous drag: 0
Viscous lift: -3.258358263e-05, pressure lift: -0.3648474218, porous lift: 0
Total lift: -0.3648800054, Front lift: -0.105273817, Rear lift: -0.2596061884, Drag: 0.03657226288
Location of Center of Mass: ( 0.156259772 0.4851455039 -0.03143796203 )
Location of Center Of Pressure: ( 0.214054173 0.4851455039 -0.02564517538 )


yPlus yPlus execute:
    patch Bottom y+ : min = 1.185436529, max = 260.353358, average = 145.501068
    patch Top y+ : min = 3.332309069, max = 281.9029435, average = 163.5974458
    patch e423_0 y+ : min = 54.14145789, max = 766.7137308, average = 391.8703424


################################################################################

Time = 38

Outer Loop Iteration = 38
smoothSolver:  Solving for Ux, Initial residual = 0.01625034662, Final residual = 0.0004110008079, No Iterations 2
smoothSolver:  Solving for Uz, Initial residual = 0.01018880704, Final residual = 0.0003030789329, No Iterations 2
GAMG:  Solving for p, Initial residual = 0.01082087748, Final residual = 5.371210882e-05, No Iterations 4
GAMG:  Solving for p, Initial residual = 0.00119791827, Final residual = 5.750635979e-06, No Iterations 3
GAMG:  Solving for p, Initial residual = 0.0001755911757, Final residual = 7.885575232e-07, No Iterations 3
time step continuity errors (region0): sum local = 4.177896154e-08, global = 1.039373031e-09, cumulative = 1.075288171e-07
smoothSolver:  Solving for omega, Initial residual = 0.001862146444, Final residual = 0.0001645938907, No Iterations 1
smoothSolver:  Solving for k, Initial residual = 0.01243606989, Final residual = 0.00122423618, No Iterations 1

ExecutionTime = 0.69 s  ExecutionStepTime = 0.01 s  ClockTime = 1 s

forces FR write:
    Sum of forces
        Total    : ( 0.4379033999 0 -4.433631263 )
        Pressure : ( 0.3918980659 0 -4.433225458 )
        Viscous  : ( 0.04600533394 0 -0.0004058050135 )
    Sum of moments
        Total    : ( -2.150956273 0.9353253592 -0.2124468656 )
        Pressure : ( -2.150759398 0.9378658653 -0.1901275846 )
        Viscous  : ( -0.0001968744778 -0.002540506085 -0.02231928092 )


liftDrag LD execute:
Viscous drag: 0.003820416542, pressure drag: 0.03254435357, porous drag: 0
Viscous lift: -3.369922689e-05, pressure lift: -0.3681479173, porous lift: 0
Total lift: -0.3681816165, Front lift: -0.106418674, Rear lift: -0.2617629425, Drag: 0.03636477011
Location of Center of Mass: ( 0.156259772 0.4851455039 -0.03143796203 )
Location of Center Of Pressure: ( 0.2135080799 0.4851455039 -0.02578362878 )


yPlus yPlus execute:
    patch Bottom y+ : min = 1.228967908, max = 262.8530967, average = 148.5692879
    patch Top y+ : min = 32.44659016, max = 284.3562207, average = 168.7107544
    patch e423_0 y+ : min = 55.08786728, max = 768.3817015, average = 393.0432451


################################################################################

Time = 39

Outer Loop Iteration = 39
smoothSolver:  Solving for Ux, Initial residual = 0.01596303267, Final residual = 0.0004160633152, No Iterations 2
smoothSolver:  Solving for Uz, Initial residual = 0.01009189565, Final residual = 0.0002830575847, No Iterations 2
GAMG:  Solving for p, Initial residual = 0.0107625382, Final residual = 5.204234103e-05, No Iterations 4
GAMG:  Solving for p, Initial residual = 0.001186491438, Final residual = 5.041791429e-06, No Iterations 3
GAMG:  Solving for p, Initial residual = 0.0001698688021, Final residual = 7.500185607e-07, No Iterations 3
time step continuity errors (region0): sum local = 4.008720755e-08, global = 1.333551863e-09, cumulative = 1.08862369e-07
smoothSolver:  Solving for omega, Initial residual = 0.001773612056, Final residual = 0.0001564967543, No Iterations 1
smoothSolver:  Solving for k, Initial residual = 0.01221916193, Final residual = 0.001210909153, No Iterations 1

ExecutionTime = 0.71 s  ExecutionStepTime = 0.01 s  ClockTime = 1 s

forces FR write:
    Sum of forces
        Total    : ( 0.4354096001 0 -4.471950479 )
        Pressure : ( 0.3891623684 0 -4.471532636 )
        Viscous  : ( 0.04624723168 0 -0.0004178431921 )
    Sum of moments
        Total    : ( -2.169546668 0.9411238293 -0.2112370098 )
        Pressure : ( -2.169343953 0.9436779919 -0.1888003733 )
        Viscous  : ( -0.0002027147459 -0.002554162585 -0.02243663652 )


liftDrag LD execute:
Viscous drag: 0.003840504434, pressure drag: 0.0323171733, porous drag: 0
Viscous lift: -3.46989122e-05, pressure lift: -0.3713290566, porous lift: 0
Total lift: -0.3713637555, Front lift: -0.1075282217, Rear lift: -0.2638355338, Drag: 0.03615767774
Location of Center of Mass: ( 0.156259772 0.4851455039 -0.03143796203 )
Location of Center Of Pressure: ( 0.2129737176 0.4851455039 -0.02591603228 )


yPlus yPlus execute:
    patch Bottom y+ : min = 1.271638583, max = 265.0996385, average = 151.0939092
    patch Top y+ : min = 47.22612361, max = 286.5507954, average = 172.771631
    patch e423_0 y+ : min = 56.01511955, max = 769.9916226, average = 394.1552037


################################################################################

Time = 40

Outer Loop Iteration = 40
smoothSolver:  Solving for Ux, Initial residual = 0.01564689989, Final residual = 0.0004174116984, No Iterations 2
smoothSolver:  Solving for Uz, Initial residual = 0.009996479044, Final residual = 0.000262366457, No Iterations 2
GAMG:  Solving for p, Initial residual = 0.0107135973, Final residual = 4.954971218e-05, No Iterations 4
GAMG:  Solving for p, Initial residual = 0.001212862661, Final residual = 1.200109064e-05, No Iterations 2
GAMG:  Solving for p, Initial residual = 0.0001759314554, Final residual = 1.12221471e-06, No Iterations 3
time step continuity errors (region0): sum local = 6.049877153e-08, global = 1.737886877e-09, cumulative = 1.106002559e-07
smoothSolver:  Solving for omega, Initial residual = 0.001690147764, Final residual = 0.0001494565419, No Iterations 1
smoothSolver:  Solving for k, Initial residual = 0.01201945992, Final residual = 0.001199009813, No Iterations 1

ExecutionTime = 0.71 s  ExecutionStepTime = 0 s  ClockTime = 1 s

forces FR write:
    Sum of forces
        Total    : ( 0.4329792246 0 -4.508659245 )
        Pressure : ( 0.3865039829 0 -4.508234357 )
        Viscous  : ( 0.04647524174 0 -0.0004248877881 )
    Sum of moments
        Total    : ( -2.187355761 0.9466473374 -0.2100579241 )
        Pressure : ( -2.187149629 0.9492149139 -0.1875106695 )
        Viscous  : ( -0.0002061324001 -0.002567576422 -0.02254725457 )


liftDrag LD execute:
Viscous drag: 0.003859439051, pressure drag: 0.03209641325, porous drag: 0
Viscous lift: -3.528391591e-05, pressure lift: -0.3743768742, porous lift: 0
Total lift: -0.3744121581, Front lift: -0.1085937348, Rear lift: -0.2658184233, Drag: 0.0359558523
Location of Center of Mass: ( 0.156259772 0.4851455039 -0.03143796203 )
Location of Center Of Pressure: ( 0.2124628045 0.4851455039 -0.02604062679 )


yPlus yPlus execute:
    patch Bottom y+ : min = 5.878163649, max = 267.0273052, average = 153.1238685
    patch Top y+ : min = 46.07935536, max = 288.6042071, average = 176.3783794
    patch e423_0 y+ : min = 56.91259212, max = 771.5444152, average = 395.1866419


################################################################################

Time = 41

Outer Loop Iteration = 41
smoothSolver:  Solving for Ux, Initial residual = 0.01529248866, Final residual = 0.0004137616601, No Iterations 2
smoothSolver:  Solving for Uz, Initial residual = 0.009915594699, Final residual = 0.0002414452445, No Iterations 2
GAMG:  Solving for p, Initial residual = 0.01067342719, Final residual = 4.886019872e-05, No Iterations 4
GAMG:  Solving for p, Initial residual = 0.001226778378, Final residual = 1.157371745e-05, No Iterations 2
GAMG:  Solving for p, Initial residual = 0.0001798476653, Final residual = 1.145648303e-06, No Iterations 3
time step continuity errors (region0): sum local = 6.232408432e-08, global = 1.828631842e-09, cumulative = 1.124288877e-07
smoothSolver:  Solving for omega, Initial residual = 0.001612786137, Final residual = 0.0001435516354, No Iterations 1
smoothSolver:  Solving for k, Initial residual = 0.0118357518, Final residual = 0.0001132764734, No Iterations 2

ExecutionTime = 0.73 s  ExecutionStepTime = 0.02 s  ClockTime = 1 s

forces FR write:
    Sum of forces
        Total    : ( 0.4306847153 0 -4.545246271 )
        Pressure : ( 0.3839973797 0 -4.544818331 )
        Viscous  : ( 0.04668733563 0 -0.0004279398023 )
    Sum of moments
        Total    : ( -2.205105792 0.9521425723 -0.2089447532 )
        Pressure : ( -2.204898179 0.9547232092 -0.1862946022 )
        Viscous  : ( -0.000207613071 -0.00258063694 -0.02265015097 )


liftDrag LD execute:
Viscous drag: 0.003877051943, pressure drag: 0.03188825764, porous drag: 0
Viscous lift: -3.553736403e-05, pressure lift: -0.3774149136, porous lift: 0
Total lift: -0.3774504509, Front lift: -0.109656541, Rear lift: -0.26779391, Drag: 0.03576530958
Location of Center of Mass: ( 0.156259772 0.4851455039 -0.03143796203 )
Location of Center Of Pressure: ( 0.2119597651 0.4851455039 -0.02616011035 )


yPlus yPlus execute:
    patch Bottom y+ : min = 5.372793951, max = 268.5686014, average = 153.9221134
    patch Top y+ : min = 32.22258134, max = 291.4321521, average = 179.4845539
    patch e423_0 y+ : min = 57.78681102, max = 773.0198238, average = 396.144284


################################################################################

Time = 42

Outer Loop Iteration = 42
smoothSolver:  Solving for Ux, Initial residual = 0.01491583562, Final residual = 0.0004063094541, No Iterations 2
smoothSolver:  Solving for Uz, Initial residual = 0.00986376267, Final residual = 0.0002252602799, No Iterations 2
GAMG:  Solving for p, Initial residual = 0.01062715093, Final residual = 5.02191522e-05, No Iterations 4
GAMG:  Solving for p, Initial residual = 0.001243550784, Final residual = 1.144497465e-05, No Iterations 2
GAMG:  Solving for p, Initial residual = 0.0001761260615, Final residual = 1.112255907e-06, No Iterations 3
time step continuity errors (region0): sum local = 6.109272073e-08, global = 2.202198275e-09, cumulative = 1.14631086e-07
smoothSolver:  Solving for omega, Initial residual = 0.001538338086, Final residual = 0.0001381316668, No Iterations 1
smoothSolver:  Solving for k, Initial residual = 0.0116619986, Final residual = 0.000112016783, No Iterations 2

ExecutionTime = 0.73 s  ExecutionStepTime = 0 s  ClockTime = 1 s

forces FR write:
    Sum of forces
        Total    : ( 0.4284291744 0 -4.580194717 )
        Pressure : ( 0.3815450224 0 -4.579766144 )
        Viscous  : ( 0.04688415203 0 -0.0004285732112 )
    Sum of moments
        Total    : ( -2.222060874 0.9573279036 -0.2078504877 )
        Pressure : ( -2.221852954 0.9599212063 -0.1851048521 )
        Viscous  : ( -0.0002079203665 -0.002593302708 -0.02274563556 )


liftDrag LD execute:
Viscous drag: 0.003893396149, pressure drag: 0.03168460677, porous drag: 0
Viscous lift: -3.558996415e-05, pressure lift: -0.3803170815, porous lift: 0
Total lift: -0.3803526715, Front lift: -0.1106770463, Rear lift: -0.2696756252, Drag: 0.03557800292
Location of Center of Mass: ( 0.156259772 0.4851455039 -0.03143796203 )
Location of Center Of Pressure: ( 0.2114722756 0.4851455039 -0.02627341144 )


yPlus yPlus execute:
    patch Bottom y+ : min = 14.69082364, max = 269.9056819, average = 158.1022861
    patch Top y+ : min = 13.46175529, max = 293.9448401, average = 182.1549304
    patch e423_0 y+ : min = 58.6186925, max = 774.4291046, average = 397.0338567


################################################################################

Time = 43

Outer Loop Iteration = 43
smoothSolver:  Solving for Ux, Initial residual = 0.01454404768, Final residual = 0.000394995906, No Iterations 2
smoothSolver:  Solving for Uz, Initial residual = 0.009807632789, Final residual = 0.0002176686949, No Iterations 2
GAMG:  Solving for p, Initial residual = 0.01081097744, Final residual = 4.9414775e-05, No Iterations 4
GAMG:  Solving for p, Initial residual = 0.001202701577, Final residual = 1.06619878e-05, No Iterations 2
GAMG:  Solving for p, Initial residual = 0.0001710533096, Final residual = 1.136373727e-06, No Iterations 3
time step continuity errors (region0): sum local = 6.299773918e-08, global = 1.979175544e-09, cumulative = 1.166102615e-07
smoothSolver:  Solving for omega, Initial residual = 0.00146723745, Final residual = 0.000132903102, No Iterations 1
smoothSolver:  Solving for k, Initial residual = 0.01150029789, Final residual = 0.0001102923085, No Iterations 2

ExecutionTime = 0.74 s  ExecutionStepTime = 0.01 s  ClockTime = 1 s

forces FR write:
    Sum of forces
        Total    : ( 0.4262341262 0 -4.613513629 )
        Pressure : ( 0.3791670381 0 -4.613085812 )
        Viscous  : ( 0.04706708813 0 -0.0004278166195 )
    Sum of moments
        Total    : ( -2.238225394 0.9622504012 -0.2067855699 )
        Pressure : ( -2.238017841 0.9648559357 -0.1839511837 )
        Viscous  : ( -0.0002075533094 -0.002605534496 -0.02283438618 )


liftDrag LD execute:
Viscous drag: 0.003908587693, pressure drag: 0.03148713205, porous drag: 0
Viscous lift: -3.552713458e-05, pressure lift: -0.3830840435, porous lift: 0
Total lift: -0.3831195706, Front lift: -0.1116517174, Rear lift: -0.2714678533, Drag: 0.03539571974
Location of Center of Mass: ( 0.156259772 0.4851455039 -0.03143796203 )
Location of Center Of Pressure: ( 0.2110093152 0.4851455039 -0.0263797514 )


yPlus yPlus execute:
    patch Bottom y+ : min = 11.39698734, max = 271.0123018, average = 161.7422436
    patch Top y+ : min = 39.76686787, max = 296.1078103, average = 187.0897568
    patch e423_0 y+ : min = 59.42625533, max = 775.7683013, average = 397.858222


################################################################################

Time = 44

Outer Loop Iteration = 44
smoothSolver:  Solving for Ux, Initial residual = 0.01408680457, Final residual = 0.0003814738115, No Iterations 2
smoothSolver:  Solving for Uz, Initial residual = 0.00972452049, Final residual = 0.0002149300939, No Iterations 2
GAMG:  Solving for p, Initial residual = 0.0106925204, Final residual = 4.835534911e-05, No Iterations 4
GAMG:  Solving for p, Initial residual = 0.001172807592, Final residual = 1.086899993e-05, No Iterations 2
GAMG:  Solving for p, Initial residual = 0.000169993449, Final residual = 1.085099579e-06, No Iterations 3
time step continuity errors (region0): sum local = 6.065306264e-08, global = -4.746028913e-11, cumulative = 1.165628012e-07
smoothSolver:  Solving for omega, Initial residual = 0.001400374569, Final residual = 0.0001281071822, No Iterations 1
smoothSolver:  Solving for k, Initial residual = 0.01134975489, Final residual = 0.0001084469643, No Iterations 2

ExecutionTime = 0.76 s  ExecutionStepTime = 0.01 s  ClockTime = 1 s

forces FR write:
    Sum of forces
        Total    : ( 0.4240544547 0 -4.645873949 )
        Pressure : ( 0.3768173009 0 -4.645447807 )
        Viscous  : ( 0.04723715381 0 -0.0004261417876 )
    Sum of moments
        Total    : ( -2.253924858 0.9670282277 -0.2057281121 )
        Pressure : ( -2.253718117 0.9696455503 -0.1828112193 )
        Viscous  : ( -0.0002067407723 -0.002617322619 -0.02291689278 )


liftDrag LD execute:
Viscous drag: 0.003922710442, pressure drag: 0.03129200304, porous drag: 0
Viscous lift: -3.538805167e-05, pressure lift: -0.3857714775, porous lift: 0
Total lift: -0.3858068656, Front lift: -0.1125986003, Rear lift: -0.2732082653, Drag: 0.03521471348
Location of Center of Mass: ( 0.156259772 0.4851455039 -0.03143796203 )
Location of Center Of Pressure: ( 0.2105648423 0.4851455039 -0.02648123974 )


yPlus yPlus execute:
    patch Bottom y+ : min = 16.23283063, max = 277.3739797, average = 165.7294331
    patch Top y+ : min = 18.42713256, max = 297.9223099, average = 190.7700946
    patch e423_0 y+ : min = 60.20069335, max = 777.0253798, average = 398.6205672


################################################################################

Time = 45

Outer Loop Iteration = 45
smoothSolver:  Solving for Ux, Initial residual = 0.01357161744, Final residual = 0.0003647141233, No Iterations 2
smoothSolver:  Solving for Uz, Initial residual = 0.009649411112, Final residual = 0.0002139887361, No Iterations 2
GAMG:  Solving for p, Initial residual = 0.0109789484, Final residual = 4.852497233e-05, No Iterations 4
GAMG:  Solving for p, Initial residual = 0.001161600405, Final residual = 1.096294279e-05, No Iterations 2
GAMG:  Solving for p, Initial residual = 0.0001741966172, Final residual = 1.094031837e-06, No Iterations 3
time step continuity errors (region0): sum local = 6.159899904e-08, global = 3.124599847e-10, cumulative = 1.168752612e-07
smoothSolver:  Solving for omega, Initial residual = 0.0013360396, Final residual = 0.0001237402648, No Iterations 1
smoothSolver:  Solving for k, Initial residual = 0.01120935251, Final residual = 0.0001065588341, No Iterations 2

ExecutionTime = 0.77 s  ExecutionStepTime = 0.01 s  ClockTime = 1 s

forces FR write:
    Sum of forces
        Total    : ( 0.4219266623 0 -4.677257328 )
        Pressure : ( 0.3745314726 0 -4.676833395 )
        Viscous  : ( 0.0473951897 0 -0.00042393351 )
    Sum of moments
        Total    : ( -2.269150363 0.9716580846 -0.2046958232 )
        Pressure : ( -2.268944694 0.9742867446 -0.18170226 )
        Viscous  : ( -0.0002056694363 -0.002628659998 -0.02299356319 )


liftDrag LD execute:
Viscous drag: 0.003935834201, pressure drag: 0.03110218123, porous drag: 0
Viscous lift: -3.520466989e-05, pressure lift: -0.3883778279, porous lift: 0
Total lift: -0.3884130326, Front lift: -0.113517207, Rear lift: -0.2748958256, Drag: 0.03503801543
Location of Center of Mass: ( 0.156259772 0.4851455039 -0.03143796203 )
Location of Center Of Pressure: ( 0.2101385148 0.4851455039 -0.02657766111 )


yPlus yPlus execute:
    patch Bottom y+ : min = 7.889977229, max = 291.8289106, average = 168.2803679
    patch Top y+ : min = 36.04890201, max = 299.3753827, average = 196.5412793
    patch e423_0 y+ : min = 60.95140219, max = 778.1980644, average = 399.3247625


################################################################################

Time = 46

Outer Loop Iteration = 46
smoothSolver:  Solving for Ux, Initial residual = 0.01307288213, Final residual = 0.0003457679163, No Iterations 2
smoothSolver:  Solving for Uz, Initial residual = 0.009603444478, Final residual = 0.0002182165047, No Iterations 2
GAMG:  Solving for p, Initial residual = 0.01121395184, Final residual = 4.850475617e-05, No Iterations 4
GAMG:  Solving for p, Initial residual = 0.001200458393, Final residual = 1.12089458e-05, No Iterations 2
GAMG:  Solving for p, Initial residual = 0.000179184635, Final residual = 1.102645951e-06, No Iterations 3
time step continuity errors (region0): sum local = 6.249912489e-08, global = -4.458454025e-10, cumulative = 1.164294158e-07
smoothSolver:  Solving for omega, Initial residual = 0.001274703527, Final residual = 0.0001198093702, No Iterations 1
smoothSolver:  Solving for k, Initial residual = 0.01107791703, Final residual = 0.0001046817539, No Iterations 2

ExecutionTime = 0.78 s  ExecutionStepTime = 0.01 s  ClockTime = 1 s

forces FR write:
    Sum of forces
        Total    : ( 0.4198231461 0 -4.707741886 )
        Pressure : ( 0.3722812744 0 -4.707320477 )
        Viscous  : ( 0.04754187167 0 -0.0004214094295 )
    Sum of moments
        Total    : ( -2.283939809 0.9761448843 -0.2036753117 )
        Pressure : ( -2.283735364 0.9787844228 -0.1806105865 )
        Viscous  : ( -0.00020444489 -0.002639538519 -0.02306472528 )


liftDrag LD execute:
Viscous drag: 0.003948015098, pressure drag: 0.03091531823, porous drag: 0
Viscous lift: -3.499506291e-05, pressure lift: -0.3909095637, porous lift: 0
Total lift: -0.3909445588, Front lift: -0.1144103732, Rear lift: -0.2765341856, Drag: 0.03486333333
Location of Center of Mass: ( 0.156259772 0.4851455039 -0.03143796203 )
Location of Center Of Pressure: ( 0.2097271992 0.4851455039 -0.02666988765 )


yPlus yPlus execute:
    patch Bottom y+ : min = 27.50739549, max = 308.504032, average = 176.210824
    patch Top y+ : min = 54.48916271, max = 300.4594155, average = 202.2300831
    patch e423_0 y+ : min = 61.6788519, max = 779.2868005, average = 399.9735739


################################################################################

Time = 47

Outer Loop Iteration = 47
smoothSolver:  Solving for Ux, Initial residual = 0.01262975096, Final residual = 0.0003268735504, No Iterations 2
smoothSolver:  Solving for Uz, Initial residual = 0.009563182157, Final residual = 0.0002255005297, No Iterations 2
GAMG:  Solving for p, Initial residual = 0.01131805753, Final residual = 0.0001126423422, No Iterations 3
GAMG:  Solving for p, Initial residual = 0.001207192246, Final residual = 8.365811931e-06, No Iterations 3
GAMG:  Solving for p, Initial residual = 0.0001804317381, Final residual = 1.137006668e-06, No Iterations 3
time step continuity errors (region0): sum local = 6.485558167e-08, global = -1.95447414e-09, cumulative = 1.144749417e-07
smoothSolver:  Solving for omega, Initial residual = 0.001217629037, Final residual = 0.0001159934284, No Iterations 1
smoothSolver:  Solving for k, Initial residual = 0.01095910907, Final residual = 0.0001028971328, No Iterations 2

ExecutionTime = 0.8 s  ExecutionStepTime = 0.01 s  ClockTime = 1 s

forces FR write:
    Sum of forces
        Total    : ( 0.4177261949 0 -4.737298116 )
        Pressure : ( 0.3700483216 0 -4.736879368 )
        Viscous  : ( 0.04767787338 0 -0.0004187479786 )
    Sum of moments
        Total    : ( -2.298278882 0.9804699285 -0.2026579853 )
        Pressure : ( -2.298075728 0.9831198817 -0.1795272794 )
        Viscous  : ( -0.0002031536991 -0.002649953194 -0.02313070591 )


liftDrag LD execute:
Viscous drag: 0.003959309075, pressure drag: 0.03072988734, porous drag: 0
Viscous lift: -3.47740483e-05, pressure lift: -0.3933642199, porous lift: 0
Total lift: -0.393398994, Front lift: -0.1152784266, Rear lift: -0.2781205674, Drag: 0.03468919642
Location of Center of Mass: ( 0.156259772 0.4851455039 -0.03143796203 )
Location of Center Of Pressure: ( 0.2093276892 0.4851455039 -0.02675853115 )


yPlus yPlus execute:
    patch Bottom y+ : min = 37.29065802, max = 326.875117, average = 182.7621332
    patch Top y+ : min = 52.80852512, max = 311.5297278, average = 207.7696416
    patch e423_0 y+ : min = 62.38165502, max = 780.2970272, average = 400.5698205


################################################################################

Time = 48

Outer Loop Iteration = 48
smoothSolver:  Solving for Ux, Initial residual = 0.0122087877, Final residual = 0.0003071055329, No Iterations 2
smoothSolver:  Solving for Uz, Initial residual = 0.009478575257, Final residual = 0.0002363500849, No Iterations 2
GAMG:  Solving for p, Initial residual = 0.01118144724, Final residual = 0.0001038997292, No Iterations 3
GAMG:  Solving for p, Initial residual = 0.001188978951, Final residual = 7.755494984e-06, No Iterations 3
GAMG:  Solving for p, Initial residual = 0.0001871350414, Final residual = 1.104683151e-06, No Iterations 3
time step continuity errors (region0): sum local = 6.338553886e-08, global = -1.428168485e-09, cumulative = 1.130467732e-07
smoothSolver:  Solving for omega, Initial residual = 0.001162906986, Final residual = 0.0001122379032, No Iterations 1
smoothSolver:  Solving for k, Initial residual = 0.01085084272, Final residual = 0.0001012121011, No Iterations 2

ExecutionTime = 0.81 s  ExecutionStepTime = 0.01 s  ClockTime = 1 s

forces FR write:
    Sum of forces
        Total    : ( 0.4156511036 0 -4.765992915 )
        Pressure : ( 0.3678474917 0 -4.765576805 )
        Viscous  : ( 0.0478036119 0 -0.0004161097432 )
    Sum of moments
        Total    : ( -2.312200034 0.9846499884 -0.2016512641 )
        Pressure : ( -2.31199816 0.9873098787 -0.1784595567 )
        Viscous  : ( -0.000201873771 -0.002659890359 -0.02319170738 )


liftDrag LD execute:
Viscous drag: 0.003969750767, pressure drag: 0.03054712404, porous drag: 0
Viscous lift: -3.455496157e-05, pressure lift: -0.3957473384, porous lift: 0
Total lift: -0.3957818934, Front lift: -0.116122752, Rear lift: -0.2796591414, Drag: 0.0345168748
Location of Center of Mass: ( 0.156259772 0.4851455039 -0.03143796203 )
Location of Center Of Pressure: ( 0.2089402102 0.4851455039 -0.02684360306 )


yPlus yPlus execute:
    patch Bottom y+ : min = 42.31148318, max = 344.4148445, average = 188.9167308
    patch Top y+ : min = 51.45069552, max = 328.4927481, average = 212.9517763
    patch e423_0 y+ : min = 63.06212115, max = 781.2357098, average = 401.1169695


################################################################################

Time = 49

Outer Loop Iteration = 49
smoothSolver:  Solving for Ux, Initial residual = 0.01176187493, Final residual = 0.000288329049, No Iterations 2
smoothSolver:  Solving for Uz, Initial residual = 0.009354494686, Final residual = 0.0002431107019, No Iterations 2
GAMG:  Solving for p, Initial residual = 0.01141616878, Final residual = 9.841221047e-05, No Iterations 3
GAMG:  Solving for p, Initial residual = 0.001235293878, Final residual = 7.098190024e-06, No Iterations 3
GAMG:  Solving for p, Initial residual = 0.0001928669743, Final residual = 1.083614075e-06, No Iterations 3
time step continuity errors (region0): sum local = 6.250839262e-08, global = -1.473633698e-09, cumulative = 1.115731395e-07
smoothSolver:  Solving for omega, Initial residual = 0.001111760496, Final residual = 0.0001083385893, No Iterations 1
smoothSolver:  Solving for k, Initial residual = 0.01075233982, Final residual = 9.964334949e-05, No Iterations 2

ExecutionTime = 0.82 s  ExecutionStepTime = 0.01 s  ClockTime = 1 s

forces FR write:
    Sum of forces
        Total    : ( 0.413598391 0 -4.793839896 )
        Pressure : ( 0.3656783238 0 -4.793426271 )
        Viscous  : ( 0.0479200672 0 -0.0004136247097 )
    Sum of moments
        Total    : ( -2.325709872 0.9886864011 -0.2006553998 )
        Pressure : ( -2.325509203 0.9913557567 -0.1774071947 )
        Viscous  : ( -0.0002006681682 -0.002669355572 -0.02324820515 )


liftDrag LD execute:
Viscous drag: 0.003979421553, pressure drag: 0.03036699004, porous drag: 0
Viscous lift: -3.434859717e-05, pressure lift: -0.3980600389, porous lift: 0
Total lift: -0.3980943875, Front lift: -0.1169438036, Rear lift: -0.2811505839, Drag: 0.03434641159
Location of Center of Mass: ( 0.156259772 0.4851455039 -0.03143796203 )
Location of Center Of Pressure: ( 0.2085640499 0.4851455039 -0.02692530295 )


yPlus yPlus execute:
    patch Bottom y+ : min = 41.90053048, max = 360.776798, average = 194.7207207
    patch Top y+ : min = 49.90543168, max = 345.3282305, average = 217.8057823
    patch e423_0 y+ : min = 63.7217966, max = 782.1113523, average = 401.6187267


################################################################################

Time = 50

Outer Loop Iteration = 50
smoothSolver:  Solving for Ux, Initial residual = 0.01131654634, Final residual = 0.000269905267, No Iterations 2
smoothSolver:  Solving for Uz, Initial residual = 0.00917440142, Final residual = 0.0002443801249, No Iterations 2
GAMG:  Solving for p, Initial residual = 0.01140754642, Final residual = 8.872967835e-05, No Iterations 3
GAMG:  Solving for p, Initial residual = 0.001105930051, Final residual = 6.538331505e-06, No Iterations 3
GAMG:  Solving for p, Initial residual = 0.0001527317907, Final residual = 9.208823121e-07, No Iterations 3
time step continuity errors (region0): sum local = 5.343573994e-08, global = 4.398127531e-10, cumulative = 1.120129522e-07
smoothSolver:  Solving for omega, Initial residual = 0.001062147216, Final residual = 0.0001044717282, No Iterations 1
smoothSolver:  Solving for k, Initial residual = 0.0106622334, Final residual = 9.819543209e-05, No Iterations 2

ExecutionTime = 0.83 s  ExecutionStepTime = 0.01 s  ClockTime = 1 s

forces FR write:
    Sum of forces
        Total    : ( 0.4115651207 0 -4.820745232 )
        Pressure : ( 0.3635373115 0 -4.820333867 )
        Viscous  : ( 0.04802780917 0 -0.0004113652387 )
    Sum of moments
        Total    : ( -2.338762874 0.9925607761 -0.1996689678 )
        Pressure : ( -2.338563302 0.9952391302 -0.1763684922 )
        Viscous  : ( -0.000199571996 -0.002678354126 -0.02330047568 )


liftDrag LD execute:
Viscous drag: 0.003988368759, pressure drag: 0.03018919416, porous drag: 0
Viscous lift: -3.416096414e-05, pressure lift: -0.4002945238, porous lift: 0
Total lift: -0.4003286848, Front lift: -0.1177392129, Rear lift: -0.2825894719, Drag: 0.03417756292
Location of Center of Mass: ( 0.156259772 0.4851455039 -0.03143796203 )
Location of Center Of Pressure: ( 0.2081990467 0.4851455039 -0.02700371114 )


yPlus yPlus execute:
    patch Bottom y+ : min = 35.5289945, max = 375.7310302, average = 199.6539025
    patch Top y+ : min = 48.3241006, max = 363.3913465, average = 222.4010767
    patch e423_0 y+ : min = 64.36245771, max = 782.9333883, average = 402.0784447


################################################################################

Time = 51

Outer Loop Iteration = 51
smoothSolver:  Solving for Ux, Initial residual = 0.01082228096, Final residual = 0.0002510935464, No Iterations 2
smoothSolver:  Solving for Uz, Initial residual = 0.009008381505, Final residual = 0.0002451254157, No Iterations 2
GAMG:  Solving for p, Initial residual = 0.01132157402, Final residual = 8.671479832e-05, No Iterations 3
GAMG:  Solving for p, Initial residual = 0.001043236416, Final residual = 6.344180522e-06, No Iterations 3
GAMG:  Solving for p, Initial residual = 0.0001362390046, Final residual = 8.83648448e-07, No Iterations 3
time step continuity errors (region0): sum local = 5.157675696e-08, global = 2.849984555e-11, cumulative = 1.120414521e-07
smoothSolver:  Solving for omega, Initial residual = 0.001015067992, Final residual = 0.0001010710297, No Iterations 1
smoothSolver:  Solving for k, Initial residual = 0.01058026246, Final residual = 9.68892235e-05, No Iterations 2

ExecutionTime = 0.85 s  ExecutionStepTime = 0.01 s  ClockTime = 1 s

forces FR write:
    Sum of forces
        Total    : ( 0.4095805421 0 -4.846762989 )
        Pressure : ( 0.3614529757 0 -4.846353616 )
        Viscous  : ( 0.04812756642 0 -0.0004093727903 )
    Sum of moments
        Total    : ( -2.351385272 0.9962920601 -0.1987061585 )
        Pressure : ( -2.351186667 0.9989789613 -0.175357286 )
        Viscous  : ( -0.0001986053686 -0.002686901104 -0.02334887246 )


liftDrag LD execute:
Viscous drag: 0.003996652891, pressure drag: 0.03001610486, porous drag: 0
Viscous lift: -3.399550544e-05, pressure lift: -0.4024552794, porous lift: 0
Total lift: -0.4024892749, Front lift: -0.1185096513, Rear lift: -0.2839796236, Drag: 0.03401275775
Location of Center of Mass: ( 0.156259772 0.4851455039 -0.03143796203 )
Location of Center Of Pressure: ( 0.2078465397 0.4851455039 -0.02707857076 )


yPlus yPlus execute:
    patch Bottom y+ : min = 28.31362266, max = 388.950753, average = 203.8896652
    patch Top y+ : min = 46.5356049, max = 381.3601654, average = 226.7744573
    patch e423_0 y+ : min = 64.98373163, max = 783.7108439, average = 402.4997342


################################################################################

Time = 52

Outer Loop Iteration = 52
smoothSolver:  Solving for Ux, Initial residual = 0.01036283795, Final residual = 0.0002383216553, No Iterations 2
smoothSolver:  Solving for Uz, Initial residual = 0.008844249169, Final residual = 0.0002465843774, No Iterations 2
GAMG:  Solving for p, Initial residual = 0.01101902783, Final residual = 7.954619066e-05, No Iterations 3
GAMG:  Solving for p, Initial residual = 0.0009692296819, Final residual = 6.053008792e-06, No Iterations 3
GAMG:  Solving for p, Initial residual = 0.0001242954637, Final residual = 7.60289556e-07, No Iterations 3
time step continuity errors (region0): sum local = 4.461234134e-08, global = 4.790037473e-10, cumulative = 1.125204558e-07
smoothSolver:  Solving for omega, Initial residual = 0.0009697292443, Final residual = 8.95028157e-06, No Iterations 2
smoothSolver:  Solving for k, Initial residual = 0.01050023878, Final residual = 9.571045414e-05, No Iterations 2

ExecutionTime = 0.86 s  ExecutionStepTime = 0.01 s  ClockTime = 1 s

forces FR write:
    Sum of forces
        Total    : ( 0.4076277932 0 -4.872059368 )
        Pressure : ( 0.3594078448 0 -4.87165167 )
        Viscous  : ( 0.04821994838 0 -0.000407698288 )
    Sum of moments
        Total    : ( -2.363657697 0.9999094243 -0.1977587911 )
        Pressure : ( -2.363459904 1.002604431 -0.1743651 )
        Viscous  : ( -0.0001977929913 -0.002695007144 -0.02339369115 )


liftDrag LD execute:
Viscous drag: 0.004004324557, pressure drag: 0.02984627125, porous drag: 0
Viscous lift: -3.38564499e-05, pressure lift: -0.4045561033, porous lift: 0
Total lift: -0.4045899597, Front lift: -0.1192595972, Rear lift: -0.2853303625, Drag: 0.03385059581
Location of Center of Mass: ( 0.156259772 0.4851455039 -0.03143796203 )
Location of Center Of Pressure: ( 0.2075050053 0.4851455039 -0.02715045653 )


yPlus yPlus execute:
    patch Bottom y+ : min = 22.58982509, max = 401.5480369, average = 207.6946333
    patch Top y+ : min = 44.93974779, max = 396.6219209, average = 230.7589689
    patch e423_0 y+ : min = 65.5859436, max = 784.4506622, average = 402.8856566


################################################################################

Time = 53

Outer Loop Iteration = 53
smoothSolver:  Solving for Ux, Initial residual = 0.009950568365, Final residual = 0.0002279732892, No Iterations 2
smoothSolver:  Solving for Uz, Initial residual = 0.008640329107, Final residual = 0.0002448500906, No Iterations 2
GAMG:  Solving for p, Initial residual = 0.01032963728, Final residual = 7.239008757e-05, No Iterations 3
GAMG:  Solving for p, Initial residual = 0.0008943487867, Final residual = 5.356013199e-06, No Iterations 3
GAMG:  Solving for p, Initial residual = 0.0001217700633, Final residual = 7.232467738e-07, No Iterations 3
time step continuity errors (region0): sum local = 4.263013811e-08, global = -7.038803068e-10, cumulative = 1.118165755e-07
smoothSolver:  Solving for omega, Initial residual = 0.0009215290198, Final residual = 8.570871496e-06, No Iterations 2
smoothSolver:  Solving for k, Initial residual = 0.0104234624, Final residual = 9.467735931e-05, No Iterations 2

ExecutionTime = 0.86 s  ExecutionStepTime = 0 s  ClockTime = 1 s

forces FR write:
    Sum of forces
        Total    : ( 0.4057270815 0 -4.896501061 )
        Pressure : ( 0.3574218362 0 -4.896094617 )
        Viscous  : ( 0.04830524529 0 -0.0004064436956 )
    Sum of moments
        Total    : ( -2.375515474 1.003388594 -0.1968366694 )
        Pressure : ( -2.37531829 1.006091252 -0.1734015968 )
        Viscous  : ( -0.0001971843315 -0.002702658646 -0.02343507256 )


liftDrag LD execute:
Viscous drag: 0.00401140786, pressure drag: 0.02968134733, porous drag: 0
Viscous lift: -3.37522649e-05, pressure lift: -0.4065859166, porous lift: 0
Total lift: -0.4066196688, Front lift: -0.1199855315, Rear lift: -0.2866341374, Drag: 0.03369275519
Location of Center of Mass: ( 0.156259772 0.4851455039 -0.03143796203 )
Location of Center Of Pressure: ( 0.2071749007 0.4851455039 -0.02721910324 )


yPlus yPlus execute:
    patch Bottom y+ : min = 16.92340168, max = 416.6682939, average = 210.9025534
    patch Top y+ : min = 43.48733185, max = 409.5278109, average = 234.167253
    patch e423_0 y+ : min = 66.17045661, max = 785.1592427, average = 403.2364966


################################################################################

Time = 54

Outer Loop Iteration = 54
smoothSolver:  Solving for Ux, Initial residual = 0.009559133844, Final residual = 0.0002163966562, No Iterations 2
smoothSolver:  Solving for Uz, Initial residual = 0.008388521631, Final residual = 0.0002402093051, No Iterations 2
GAMG:  Solving for p, Initial residual = 0.009530880696, Final residual = 6.324711972e-05, No Iterations 3
GAMG:  Solving for p, Initial residual = 0.0008658912006, Final residual = 4.451939162e-06, No Iterations 3
GAMG:  Solving for p, Initial residual = 0.0001276761559, Final residual = 6.071170754e-07, No Iterations 3
time step continuity errors (region0): sum local = 3.600984697e-08, global = 1.259562479e-09, cumulative = 1.13076138e-07
smoothSolver:  Solving for omega, Initial residual = 0.0008758705, Final residual = 8.134214986e-06, No Iterations 2
smoothSolver:  Solving for k, Initial residual = 0.0103470469, Final residual = 9.379132903e-05, No Iterations 2

ExecutionTime = 0.88 s  ExecutionStepTime = 0.01 s  ClockTime = 1 s

forces FR write:
    Sum of forces
        Total    : ( 0.4039670653 0 -4.919936641 )
        Pressure : ( 0.3555833496 0 -4.9195309 )
        Viscous  : ( 0.04838371573 0 -0.0004057409243 )
    Sum of moments
        Total    : ( -2.386885141 1.006726202 -0.1959828055 )
        Pressure : ( -2.386688297 1.009436071 -0.1725096633 )
        Viscous  : ( -0.0001968433852 -0.002709868155 -0.02347314215 )


liftDrag LD execute:
Viscous drag: 0.004017924273, pressure drag: 0.02952867406, porous drag: 0
Viscous lift: -3.369390474e-05, pressure lift: -0.4085321336, porous lift: 0
Total lift: -0.4085658275, Front lift: -0.1206814461, Rear lift: -0.2878843814, Drag: 0.03354659834
Location of Center of Mass: ( 0.156259772 0.4851455039 -0.03143796203 )
Location of Center Of Pressure: ( 0.2068619485 0.4851455039 -0.02728310919 )


yPlus yPlus execute:
    patch Bottom y+ : min = 35.97593376, max = 430.0091141, average = 214.9543124
    patch Top y+ : min = 40.77008249, max = 425.5085206, average = 236.9781096
    patch e423_0 y+ : min = 66.75719778, max = 785.8425838, average = 403.5539865


################################################################################

Time = 55

Outer Loop Iteration = 55
smoothSolver:  Solving for Ux, Initial residual = 0.009209571608, Final residual = 0.000205778985, No Iterations 2
smoothSolver:  Solving for Uz, Initial residual = 0.008088018615, Final residual = 0.0002271746526, No Iterations 2
GAMG:  Solving for p, Initial residual = 0.008977411473, Final residual = 5.639730821e-05, No Iterations 3
GAMG:  Solving for p, Initial residual = 0.0008119334248, Final residual = 3.651622192e-06, No Iterations 3
GAMG:  Solving for p, Initial residual = 0.0001163695161, Final residual = 5.702251427e-07, No Iterations 3
time step continuity errors (region0): sum local = 3.405092942e-08, global = 6.67810214e-11, cumulative = 1.13142919e-07
smoothSolver:  Solving for omega, Initial residual = 0.0008319304125, Final residual = 7.653215311e-06, No Iterations 2
smoothSolver:  Solving for k, Initial residual = 0.01026480274, Final residual = 9.300309579e-05, No Iterations 2

ExecutionTime = 0.89 s  ExecutionStepTime = 0.01 s  ClockTime = 1 s

forces FR write:
    Sum of forces
        Total    : ( 0.402186893 0 -4.943107606 )
        Pressure : ( 0.3537311599 0 -4.942701973 )
        Viscous  : ( 0.04845573309 0 -0.0004056328258 )
    Sum of moments
        Total    : ( -2.39812643 1.010010455 -0.1951191628 )
        Pressure : ( -2.397929639 1.012727122 -0.1716110818 )
        Viscous  : ( -0.0001967909417 -0.002716667102 -0.02350808104 )


liftDrag LD execute:
Viscous drag: 0.004023904804, pressure drag: 0.02937486285, porous drag: 0
Viscous lift: -3.368492793e-05, pressure lift: -0.4104563268, porous lift: 0
Total lift: -0.4104900117, Front lift: -0.1213708044, Rear lift: -0.2891192073, Drag: 0.03339876765
Location of Center of Mass: ( 0.156259772 0.4851455039 -0.03143796203 )
Location of Center Of Pressure: ( 0.2065519811 0.4851455039 -0.02734602859 )


yPlus yPlus execute:
    patch Bottom y+ : min = 43.07318543, max = 442.1464795, average = 217.8247106
    patch Top y+ : min = 38.91292717, max = 439.963615, average = 239.4007374
    patch e423_0 y+ : min = 67.37146001, max = 786.5022852, average = 403.8427732


################################################################################

Time = 56

Outer Loop Iteration = 56
smoothSolver:  Solving for Ux, Initial residual = 0.008927519923, Final residual = 0.0001947617815, No Iterations 2
smoothSolver:  Solving for Uz, Initial residual = 0.007853318693, Final residual = 0.0002186170212, No Iterations 2
GAMG:  Solving for p, Initial residual = 0.008581574208, Final residual = 5.828493328e-05, No Iterations 3
GAMG:  Solving for p, Initial residual = 0.0007916188277, Final residual = 3.211329037e-06, No Iterations 3
GAMG:  Solving for p, Initial residual = 0.0001188982828, Final residual = 5.607935215e-07, No Iterations 3
time step continuity errors (region0): sum local = 3.370077227e-08, global = 1.001599344e-10, cumulative = 1.13243079e-07
smoothSolver:  Solving for omega, Initial residual = 0.000790118769, Final residual = 7.167569063e-06, No Iterations 2
smoothSolver:  Solving for k, Initial residual = 0.01017975248, Final residual = 9.2335907e-05, No Iterations 2

ExecutionTime = 0.91 s  ExecutionStepTime = 0.02 s  ClockTime = 1 s

forces FR write:
    Sum of forces
        Total    : ( 0.4003998523 0 -4.965626432 )
        Pressure : ( 0.3518779044 0 -4.965220515 )
        Viscous  : ( 0.04852194795 0 -0.0004059171417 )
    Sum of moments
        Total    : ( -2.409051337 1.013172282 -0.1942521881 )
        Pressure : ( -2.408854408 1.01589536 -0.1707119832 )
        Viscous  : ( -0.0001969288762 -0.002723078286 -0.02354020488 )


liftDrag LD execute:
Viscous drag: 0.004029403478, pressure drag: 0.02922096313, porous drag: 0
Viscous lift: -3.370853834e-05, pressure lift: -0.4123263319, porous lift: 0
Total lift: -0.4123600404, Front lift: -0.1220432514, Rear lift: -0.290316789, Drag: 0.03325036661
Location of Center of Mass: ( 0.156259772 0.4851455039 -0.03143796203 )
Location of Center Of Pressure: ( 0.2062471193 0.4851455039 -0.02740726686 )


yPlus yPlus execute:
    patch Bottom y+ : min = 45.81750188, max = 453.685919, average = 220.1892205
    patch Top y+ : min = 37.71419079, max = 452.8203907, average = 241.559643
    patch e423_0 y+ : min = 67.97968861, max = 787.1410488, average = 404.1049915


################################################################################

Time = 57

Outer Loop Iteration = 57
smoothSolver:  Solving for Ux, Initial residual = 0.008694201949, Final residual = 0.0001908561688, No Iterations 2
smoothSolver:  Solving for Uz, Initial residual = 0.007607246647, Final residual = 0.0002102035921, No Iterations 2
GAMG:  Solving for p, Initial residual = 0.008168054892, Final residual = 5.895928515e-05, No Iterations 3
GAMG:  Solving for p, Initial residual = 0.000789388367, Final residual = 2.939830651e-06, No Iterations 3
GAMG:  Solving for p, Initial residual = 0.0001305069327, Final residual = 5.785219682e-07, No Iterations 3
time step continuity errors (region0): sum local = 3.494846985e-08, global = 7.680481153e-10, cumulative = 1.140111271e-07
smoothSolver:  Solving for omega, Initial residual = 0.0007505303669, Final residual = 6.693903391e-06, No Iterations 2
smoothSolver:  Solving for k, Initial residual = 0.01009648366, Final residual = 9.182312674e-05, No Iterations 2

ExecutionTime = 0.92 s  ExecutionStepTime = 0.01 s  ClockTime = 1 s

forces FR write:
    Sum of forces
        Total    : ( 0.3985898198 0 -4.987511166 )
        Pressure : ( 0.3500073853 0 -4.987104742 )
        Viscous  : ( 0.04858243451 0 -0.000406424175 )
    Sum of moments
        Total    : ( -2.419668618 1.016217654 -0.193374059 )
        Pressure : ( -2.419471443 1.01894678 -0.1698045093 )
        Viscous  : ( -0.0001971748612 -0.002729125829 -0.02356954967 )


liftDrag LD execute:
Viscous drag: 0.004034426458, pressure drag: 0.02906562979, porous drag: 0
Viscous lift: -3.375064386e-05, pressure lift: -0.4141436617, porous lift: 0
Total lift: -0.4141774123, Front lift: -0.1226990408, Rear lift: -0.2914783715, Drag: 0.03310005625
Location of Center of Mass: ( 0.156259772 0.4851455039 -0.03143796203 )
Location of Center Of Pressure: ( 0.2059475559 0.4851455039 -0.02746703462 )


yPlus yPlus execute:
    patch Bottom y+ : min = 46.67944643, max = 465.2481069, average = 222.1343852
    patch Top y+ : min = 36.94807643, max = 465.5694743, average = 243.5614967
    patch e423_0 y+ : min = 68.56007988, max = 787.7595717, average = 404.3427877


################################################################################

Time = 58

Outer Loop Iteration = 58
smoothSolver:  Solving for Ux, Initial residual = 0.008473584472, Final residual = 0.0001905909435, No Iterations 2
smoothSolver:  Solving for Uz, Initial residual = 0.007359656608, Final residual = 0.0001981253964, No Iterations 2
GAMG:  Solving for p, Initial residual = 0.007711800091, Final residual = 6.145347016e-05, No Iterations 3
GAMG:  Solving for p, Initial residual = 0.0007531590451, Final residual = 2.859182766e-06, No Iterations 3
GAMG:  Solving for p, Initial residual = 0.0001404307049, Final residual = 5.885690489e-07, No Iterations 3
time step continuity errors (region0): sum local = 3.571378378e-08, global = 6.277359551e-10, cumulative = 1.14638863e-07
smoothSolver:  Solving for omega, Initial residual = 0.000713163133, Final residual = 6.218336268e-06, No Iterations 2
smoothSolver:  Solving for k, Initial residual = 0.01001363237, Final residual = 9.143902551e-05, No Iterations 2

ExecutionTime = 0.93 s  ExecutionStepTime = 0.01 s  ClockTime = 1 s

forces FR write:
    Sum of forces
        Total    : ( 0.3968139179 0 -5.008630052 )
        Pressure : ( 0.3481758549 0 -5.008222914 )
        Viscous  : ( 0.04863806304 0 -0.00040713792 )
    Sum of moments
        Total    : ( -2.42991435 1.019137096 -0.1925124881 )
        Pressure : ( -2.429716829 1.021871929 -0.1689159505 )
        Viscous  : ( -0.0001975211314 -0.00273483295 -0.0235965376 )


liftDrag LD execute:
Viscous drag: 0.004039046013, pressure drag: 0.02891353418, porous drag: 0
Viscous lift: -3.380991532e-05, pressure lift: -0.415897376, porous lift: 0
Total lift: -0.415931186, Front lift: -0.1233334886, Rear lift: -0.2925976973, Drag: 0.0329525802
Location of Center of Mass: ( 0.156259772 0.4851455039 -0.03143796203 )
Location of Center Of Pressure: ( 0.2056568684 0.4851455039 -0.02752442577 )


yPlus yPlus execute:
    patch Bottom y+ : min = 46.22925312, max = 476.5566221, average = 223.7167197
    patch Top y+ : min = 36.4291125, max = 477.9941743, average = 245.3100745
    patch e423_0 y+ : min = 69.11700393, max = 788.3591335, average = 404.5586998


################################################################################

Time = 59

Outer Loop Iteration = 59
smoothSolver:  Solving for Ux, Initial residual = 0.008286139836, Final residual = 0.0001895975492, No Iterations 2
smoothSolver:  Solving for Uz, Initial residual = 0.007119543252, Final residual = 0.0001840554386, No Iterations 2
GAMG:  Solving for p, Initial residual = 0.007297467802, Final residual = 6.170187837e-05, No Iterations 3
GAMG:  Solving for p, Initial residual = 0.0006850536403, Final residual = 3.950843996e-06, No Iterations 3
GAMG:  Solving for p, Initial residual = 0.0001119190648, Final residual = 5.620756783e-07, No Iterations 3
time step continuity errors (region0): sum local = 3.425351546e-08, global = 3.211548516e-10, cumulative = 1.149600179e-07
smoothSolver:  Solving for omega, Initial residual = 0.0006775076652, Final residual = 5.744746909e-06, No Iterations 2
smoothSolver:  Solving for k, Initial residual = 0.009928725351, Final residual = 9.114028614e-05, No Iterations 2

ExecutionTime = 0.94 s  ExecutionStepTime = 0.01 s  ClockTime = 1 s

forces FR write:
    Sum of forces
        Total    : ( 0.3951010045 0 -5.02889625 )
        Pressure : ( 0.3464114062 0 -5.028488189 )
        Viscous  : ( 0.04868959827 0 -0.0004080608845 )
    Sum of moments
        Total    : ( -2.439746405 1.02192364 -0.1916814759 )
        Pressure : ( -2.439548436 1.024663862 -0.1680599362 )
        Viscous  : ( -0.0001979689034 -0.002740221876 -0.02362153968 )


liftDrag LD execute:
Viscous drag: 0.004043325648, pressure drag: 0.02876700925, porous drag: 0
Viscous lift: -3.388656096e-05, pressure lift: -0.4175802633, porous lift: 0
Total lift: -0.4176141498, Front lift: -0.1239435679, Rear lift: -0.2936705819, Drag: 0.03281033489
Location of Center of Mass: ( 0.156259772 0.4851455039 -0.03143796203 )
Location of Center Of Pressure: ( 0.2053771007 0.4851455039 -0.02757900274 )


yPlus yPlus execute:
    patch Bottom y+ : min = 45.5025078, max = 487.3907874, average = 224.991321
    patch Top y+ : min = 36.11898686, max = 489.6959932, average = 246.7745779
    patch e423_0 y+ : min = 69.65189094, max = 788.9397777, average = 404.7553764


################################################################################

Time = 60

Outer Loop Iteration = 60
smoothSolver:  Solving for Ux, Initial residual = 0.008155243118, Final residual = 0.0001871993146, No Iterations 2
smoothSolver:  Solving for Uz, Initial residual = 0.00688517387, Final residual = 0.0001680382231, No Iterations 2
GAMG:  Solving for p, Initial residual = 0.006959069163, Final residual = 6.145079261e-05, No Iterations 3
GAMG:  Solving for p, Initial residual = 0.0007001884562, Final residual = 4.210770558e-06, No Iterations 3
GAMG:  Solving for p, Initial residual = 0.0001100427942, Final residual = 4.983710367e-07, No Iterations 3
time step continuity errors (region0): sum local = 3.046923255e-08, global = 1.577983091e-09, cumulative = 1.16538001e-07
smoothSolver:  Solving for omega, Initial residual = 0.0006434593389, Final residual = 6.43134375e-05, No Iterations 1
smoothSolver:  Solving for k, Initial residual = 0.009842259689, Final residual = 9.089087528e-05, No Iterations 2

ExecutionTime = 0.95 s  ExecutionStepTime = 0.01 s  ClockTime = 1 s

forces FR write:
    Sum of forces
        Total    : ( 0.3933726394 0 -5.048460875 )
        Pressure : ( 0.3446344198 0 -5.048051585 )
        Viscous  : ( 0.04873821953 0 -0.0004092900928 )
    Sum of moments
        Total    : ( -2.449238095 1.024594743 -0.1908429673 )
        Pressure : ( -2.44903953 1.027340048 -0.1671978393 )
        Viscous  : ( -0.0001985652483 -0.002745305697 -0.02364512807 )


liftDrag LD execute:
Viscous drag: 0.004047363298, pressure drag: 0.02861944314, porous drag: 0
Viscous lift: -3.398863799e-05, pressure lift: -0.4192048645, porous lift: 0
Total lift: -0.4192388531, Front lift: -0.1245341034, Rear lift: -0.2947047497, Drag: 0.03266680643
Location of Center of Mass: ( 0.156259772 0.4851455039 -0.03143796203 )
Location of Center Of Pressure: ( 0.2051049681 0.4851455039 -0.02763197756 )


yPlus yPlus execute:
    patch Bottom y+ : min = 44.67895838, max = 497.0022605, average = 225.8715799
    patch Top y+ : min = 36.08763472, max = 500.2714156, average = 247.9081866
    patch e423_0 y+ : min = 70.16953837, max = 789.5017691, average = 404.9399737


################################################################################

Time = 61

Outer Loop Iteration = 61
smoothSolver:  Solving for Ux, Initial residual = 0.008072578366, Final residual = 0.00018365194, No Iterations 2
smoothSolver:  Solving for Uz, Initial residual = 0.006583243384, Final residual = 0.0001542753794, No Iterations 2
GAMG:  Solving for p, Initial residual = 0.006557050748, Final residual = 6.016800923e-05, No Iterations 3
GAMG:  Solving for p, Initial residual = 0.0006808617388, Final residual = 3.926008212e-06, No Iterations 3
GAMG:  Solving for p, Initial residual = 9.463689887e-05, Final residual = 5.042409183e-07, No Iterations 3
time step continuity errors (region0): sum local = 3.088760861e-08, global = 2.141127758e-10, cumulative = 1.167521138e-07
smoothSolver:  Solving for omega, Initial residual = 0.0006148522573, Final residual = 5.993844639e-05, No Iterations 1
smoothSolver:  Solving for k, Initial residual = 0.009748686412, Final residual = 9.062505798e-05, No Iterations 2

ExecutionTime = 0.96 s  ExecutionStepTime = 0.01 s  ClockTime = 1 s

forces FR write:
    Sum of forces
        Total    : ( 0.3914757185 0 -5.068057207 )
        Pressure : ( 0.3426897531 0 -5.067646425 )
        Viscous  : ( 0.04878596537 0 -0.0004107820273 )
    Sum of moments
        Total    : ( -2.458745167 1.027249547 -0.1899226847 )
        Pressure : ( -2.458545878 1.029999649 -0.166254393 )
        Viscous  : ( -0.0001992890536 -0.00275010226 -0.02366829175 )


liftDrag LD execute:
Viscous drag: 0.004051328252, pressure drag: 0.02845795237, porous drag: 0
Viscous lift: -3.411253257e-05, pressure lift: -0.4208320769, porous lift: 0
Total lift: -0.4208661895, Front lift: -0.125127309, Rear lift: -0.2957388805, Drag: 0.03250928062
Location of Center of Mass: ( 0.156259772 0.4851455039 -0.03143796203 )
Location of Center Of Pressure: ( 0.2048295822 0.4851455039 -0.027686248 )


yPlus yPlus execute:
    patch Bottom y+ : min = 43.58820824, max = 504.8476034, average = 226.2622661
    patch Top y+ : min = 36.30192106, max = 509.262652, average = 248.7184112
    patch e423_0 y+ : min = 70.64438937, max = 790.0449562, average = 405.1172642


################################################################################

Time = 62

Outer Loop Iteration = 62
smoothSolver:  Solving for Ux, Initial residual = 0.008045912109, Final residual = 0.0001786919835, No Iterations 2
smoothSolver:  Solving for Uz, Initial residual = 0.00629894763, Final residual = 0.0001406618105, No Iterations 2
GAMG:  Solving for p, Initial residual = 0.006326750769, Final residual = 5.900341244e-05, No Iterations 3
GAMG:  Solving for p, Initial residual = 0.0006582559793, Final residual = 3.934259687e-06, No Iterations 3
GAMG:  Solving for p, Initial residual = 8.317337833e-05, Final residual = 4.42906116e-07, No Iterations 3
time step continuity errors (region0): sum local = 2.714352551e-08, global = 5.141450885e-10, cumulative = 1.172662588e-07
smoothSolver:  Solving for omega, Initial residual = 0.0005878083088, Final residual = 5.61915538e-05, No Iterations 1
smoothSolver:  Solving for k, Initial residual = 0.009651488215, Final residual = 9.033755269e-05, No Iterations 2

ExecutionTime = 0.97 s  ExecutionStepTime = 0.01 s  ClockTime = 1 s

forces FR write:
    Sum of forces
        Total    : ( 0.389654795 0 -5.086703548 )
        Pressure : ( 0.3408223983 0 -5.086291224 )
        Viscous  : ( 0.04883239668 0 -0.0004123239917 )
    Sum of moments
        Total    : ( -2.467791356 1.029753874 -0.1890392719 )
        Pressure : ( -2.467591318 1.032508518 -0.1653484542 )
        Viscous  : ( -0.0002000371307 -0.002754644485 -0.02369081769 )


liftDrag LD execute:
Viscous drag: 0.004055184043, pressure drag: 0.0283028818, porous drag: 0
Viscous lift: -3.424058177e-05, pressure lift: -0.4223803952, porous lift: 0
Total lift: -0.4224146358, Front lift: -0.1256935655, Rear lift: -0.2967210702, Drag: 0.03235806584
Location of Center of Mass: ( 0.156259772 0.4851455039 -0.03143796203 )
Location of Center Of Pressure: ( 0.2045650924 0.4851455039 -0.02773764816 )


yPlus yPlus execute:
    patch Bottom y+ : min = 41.63026064, max = 509.7092698, average = 226.0488648
    patch Top y+ : min = 36.72123852, max = 516.3739435, average = 249.1648886
    patch e423_0 y+ : min = 71.05893233, max = 790.5718198, average = 405.2875243


################################################################################

Time = 63

Outer Loop Iteration = 63
smoothSolver:  Solving for Ux, Initial residual = 0.007977632434, Final residual = 0.0001736904228, No Iterations 2
smoothSolver:  Solving for Uz, Initial residual = 0.006017323594, Final residual = 0.0001328880179, No Iterations 2
GAMG:  Solving for p, Initial residual = 0.006203978879, Final residual = 5.652497257e-05, No Iterations 3
GAMG:  Solving for p, Initial residual = 0.0006474080241, Final residual = 3.840282382e-06, No Iterations 3
GAMG:  Solving for p, Initial residual = 8.471219656e-05, Final residual = 4.620445957e-07, No Iterations 3
time step continuity errors (region0): sum local = 2.828726868e-08, global = 4.702716227e-10, cumulative = 1.177365305e-07
smoothSolver:  Solving for omega, Initial residual = 0.0005621683926, Final residual = 5.295370445e-05, No Iterations 1
smoothSolver:  Solving for k, Initial residual = 0.009548718649, Final residual = 8.997115537e-05, No Iterations 2

ExecutionTime = 0.98 s  ExecutionStepTime = 0.01 s  ClockTime = 1 s

forces FR write:
    Sum of forces
        Total    : ( 0.387965576 0 -5.104266961 )
        Pressure : ( 0.3390887796 0 -5.103852964 )
        Viscous  : ( 0.04887679639 0 -0.0004139976736 )
    Sum of moments
        Total    : ( -2.476312167 1.032103198 -0.1882197548 )
        Pressure : ( -2.476111318 1.034862165 -0.1645073968 )
        Viscous  : ( -0.00020084911 -0.002758966992 -0.02371235801 )


liftDrag LD execute:
Viscous drag: 0.004058871124, pressure drag: 0.02815891706, porous drag: 0
Viscous lift: -3.437956918e-05, pressure lift: -0.4238387731, porous lift: 0
Total lift: -0.4238731526, Front lift: -0.1262277293, Rear lift: -0.2976454234, Drag: 0.03221778819
Location of Center of Mass: ( 0.156259772 0.4851455039 -0.03143796203 )
Location of Center Of Pressure: ( 0.2043159083 0.4851455039 -0.02778530696 )


yPlus yPlus execute:
    patch Bottom y+ : min = 37.94688873, max = 511.2364076, average = 225.1769614
    patch Top y+ : min = 37.35699846, max = 521.4586665, average = 249.213633
    patch e423_0 y+ : min = 71.45618359, max = 791.0821203, average = 405.4505809


################################################################################

Time = 64

Outer Loop Iteration = 64
smoothSolver:  Solving for Ux, Initial residual = 0.007860807362, Final residual = 0.0001686266144, No Iterations 2
smoothSolver:  Solving for Uz, Initial residual = 0.005747349223, Final residual = 0.0001273331261, No Iterations 2
GAMG:  Solving for p, Initial residual = 0.006146356167, Final residual = 5.406713631e-05, No Iterations 3
GAMG:  Solving for p, Initial residual = 0.0006158697469, Final residual = 3.624691187e-06, No Iterations 3
GAMG:  Solving for p, Initial residual = 7.556801277e-05, Final residual = 4.384625814e-07, No Iterations 3
time step continuity errors (region0): sum local = 2.679839773e-08, global = 2.129425258e-10, cumulative = 1.17949473e-07
smoothSolver:  Solving for omega, Initial residual = 0.0005371362844, Final residual = 4.99060662e-05, No Iterations 1
smoothSolver:  Solving for k, Initial residual = 0.009442734735, Final residual = 8.951607424e-05, No Iterations 2

ExecutionTime = 1 s  ExecutionStepTime = 0.01 s  ClockTime = 1 s

forces FR write:
    Sum of forces
        Total    : ( 0.3864495478 0 -5.120646367 )
        Pressure : ( 0.3375307594 0 -5.120230497 )
        Viscous  : ( 0.04891878838 0 -0.0004158696418 )
    Sum of moments
        Total    : ( -2.484258562 1.034296297 -0.1874842606 )
        Pressure : ( -2.484056804 1.037059383 -0.1637515303 )
        Viscous  : ( -0.0002017572869 -0.002763086104 -0.02373273024 )


liftDrag LD execute:
Viscous drag: 0.004062358261, pressure drag: 0.02802953454, porous drag: 0
Viscous lift: -3.453502285e-05, pressure lift: -0.425198811, porous lift: 0
Total lift: -0.425233346, Front lift: -0.1267257047, Rear lift: -0.2985076414, Drag: 0.0320918928
Location of Center of Mass: ( 0.156259772 0.4851455039 -0.03143796203 )
Location of Center Of Pressure: ( 0.2040856894 0.4851455039 -0.02782859267 )


yPlus yPlus execute:
    patch Bottom y+ : min = 32.49270241, max = 510.2493924, average = 223.7561487
    patch Top y+ : min = 38.14056309, max = 524.3766177, average = 248.8349091
    patch e423_0 y+ : min = 71.84640305, max = 791.5775344, average = 405.6056858


################################################################################

Time = 65

Outer Loop Iteration = 65
smoothSolver:  Solving for Ux, Initial residual = 0.00768463465, Final residual = 0.0001633647877, No Iterations 2
smoothSolver:  Solving for Uz, Initial residual = 0.005482870128, Final residual = 0.0001214104391, No Iterations 2
GAMG:  Solving for p, Initial residual = 0.005958526348, Final residual = 4.986735876e-05, No Iterations 3
GAMG:  Solving for p, Initial residual = 0.0005990279954, Final residual = 3.361747684e-06, No Iterations 3
GAMG:  Solving for p, Initial residual = 7.155644249e-05, Final residual = 3.836797981e-07, No Iterations 3
time step continuity errors (region0): sum local = 2.341335453e-08, global = 3.775388112e-10, cumulative = 1.183270118e-07
smoothSolver:  Solving for omega, Initial residual = 0.0005132269056, Final residual = 4.710045774e-05, No Iterations 1
smoothSolver:  Solving for k, Initial residual = 0.009333135325, Final residual = 8.894052213e-05, No Iterations 2

ExecutionTime = 1.02 s  ExecutionStepTime = 0.02 s  ClockTime = 1 s

forces FR write:
    Sum of forces
        Total    : ( 0.3850293629 0 -5.136226078 )
        Pressure : ( 0.336070339 0 -5.135808174 )
        Viscous  : ( 0.04895902395 0 -0.0004179038849 )
    Sum of moments
        Total    : ( -2.491816988 1.036379383 -0.1867952643 )
        Pressure : ( -2.491614244 1.039146406 -0.1630430139 )
        Viscous  : ( -0.0002027441908 -0.00276702261 -0.02375225034 )


liftDrag LD execute:
Viscous drag: 0.004065699539, pressure drag: 0.02790825699, porous drag: 0
Viscous lift: -3.470395231e-05, pressure lift: -0.4264924265, porous lift: 0
Total lift: -0.4265271305, Front lift: -0.1271996113, Rear lift: -0.2993275191, Drag: 0.03197395653
Location of Center of Mass: ( 0.156259772 0.4851455039 -0.03143796203 )
Location of Center Of Pressure: ( 0.2038675471 0.4851455039 -0.02786911771 )


yPlus yPlus execute:
    patch Bottom y+ : min = 29.84028422, max = 506.7645286, average = 222.1452532
    patch Top y+ : min = 39.0334265, max = 524.944799, average = 248.0425419
    patch e423_0 y+ : min = 72.22340078, max = 792.0585705, average = 405.7544318


################################################################################

Time = 66

Outer Loop Iteration = 66
smoothSolver:  Solving for Ux, Initial residual = 0.007474490421, Final residual = 0.0001578347212, No Iterations 2
smoothSolver:  Solving for Uz, Initial residual = 0.005307952113, Final residual = 0.0001179748742, No Iterations 2
GAMG:  Solving for p, Initial residual = 0.005780739805, Final residual = 4.706652309e-05, No Iterations 3
GAMG:  Solving for p, Initial residual = 0.0005900522102, Final residual = 3.199068335e-06, No Iterations 3
GAMG:  Solving for p, Initial residual = 7.243030448e-05, Final residual = 3.778289228e-07, No Iterations 3
time step continuity errors (region0): sum local = 2.304003761e-08, global = 1.083507624e-09, cumulative = 1.194105194e-07
smoothSolver:  Solving for omega, Initial residual = 0.0004903392076, Final residual = 4.430247978e-05, No Iterations 1
smoothSolver:  Solving for k, Initial residual = 0.009218132403, Final residual = 8.820040202e-05, No Iterations 2

ExecutionTime = 1.02 s  ExecutionStepTime = 0 s  ClockTime = 1 s

forces FR write:
    Sum of forces
        Total    : ( 0.3836781227 0 -5.151089552 )
        Pressure : ( 0.3346801587 0 -5.150669517 )
        Viscous  : ( 0.04899796393 0 -0.0004200348853 )
    Sum of moments
        Total    : ( -2.499027936 1.038358643 -0.1861397161 )
        Pressure : ( -2.498824158 1.041129434 -0.1623685742 )
        Viscous  : ( -0.0002037780361 -0.002770791291 -0.0237711419 )


liftDrag LD execute:
Viscous drag: 0.004068933228, pressure drag: 0.02779281238, porous drag: 0
Viscous lift: -3.488091677e-05, pressure lift: -0.4277265556, porous lift: 0
Total lift: -0.4277614366, Front lift: -0.1276524009, Rear lift: -0.3001090357, Drag: 0.03186174561
Location of Center of Mass: ( 0.156259772 0.4851455039 -0.03143796203 )
Location of Center Of Pressure: ( 0.2036590713 0.4851455039 -0.02790743243 )


yPlus yPlus execute:
    patch Bottom y+ : min = 38.81930012, max = 501.7415127, average = 220.8322799
    patch Top y+ : min = 40.64123824, max = 523.1454197, average = 246.9182216
    patch e423_0 y+ : min = 72.58622383, max = 792.5262292, average = 405.8978942


################################################################################

Time = 67

Outer Loop Iteration = 67
smoothSolver:  Solving for Ux, Initial residual = 0.007252838825, Final residual = 0.0001517092856, No Iterations 2
smoothSolver:  Solving for Uz, Initial residual = 0.00518026942, Final residual = 0.0001141012453, No Iterations 2
GAMG:  Solving for p, Initial residual = 0.005638194766, Final residual = 4.425199687e-05, No Iterations 3
GAMG:  Solving for p, Initial residual = 0.0006137585381, Final residual = 3.180830834e-06, No Iterations 3
GAMG:  Solving for p, Initial residual = 7.666776659e-05, Final residual = 3.878807956e-07, No Iterations 3
time step continuity errors (region0): sum local = 2.362316782e-08, global = 1.513050122e-09, cumulative = 1.209235695e-07
smoothSolver:  Solving for omega, Initial residual = 0.0004682309905, Final residual = 4.172650654e-05, No Iterations 1
smoothSolver:  Solving for k, Initial residual = 0.009093951624, Final residual = 8.723798489e-05, No Iterations 2

ExecutionTime = 1.03 s  ExecutionStepTime = 0.01 s  ClockTime = 1 s

forces FR write:
    Sum of forces
        Total    : ( 0.3823903021 0 -5.165240592 )
        Pressure : ( 0.3333547102 0 -5.164818435 )
        Viscous  : ( 0.04903559196 0 -0.0004221565295 )
    Sum of moments
        Total    : ( -2.505893249 1.040234343 -0.1855149358 )
        Pressure : ( -2.505688442 1.043008743 -0.1617255388 )
        Viscous  : ( -0.0002048073422 -0.002774400063 -0.02378939697 )


liftDrag LD execute:
Viscous drag: 0.004072057969, pressure drag: 0.02768274329, porous drag: 0
Viscous lift: -3.505710426e-05, pressure lift: -0.4289015229, porous lift: 0
Total lift: -0.42893658, Front lift: -0.128084209, Rear lift: -0.3008523709, Drag: 0.03175480125
Location of Center of Mass: ( 0.156259772 0.4851455039 -0.03143796203 )
Location of Center Of Pressure: ( 0.2034599763 0.4851455039 -0.027943662 )


yPlus yPlus execute:
    patch Bottom y+ : min = 42.10193974, max = 495.4523375, average = 218.7903308
    patch Top y+ : min = 43.33196241, max = 519.4701857, average = 245.5717903
    patch e423_0 y+ : min = 72.93275827, max = 792.9792603, average = 406.0362718


################################################################################

Time = 68

Outer Loop Iteration = 68
smoothSolver:  Solving for Ux, Initial residual = 0.007004702763, Final residual = 0.0001456504262, No Iterations 2
smoothSolver:  Solving for Uz, Initial residual = 0.005010338956, Final residual = 0.0001103139763, No Iterations 2
GAMG:  Solving for p, Initial residual = 0.005497858948, Final residual = 4.149720611e-05, No Iterations 3
GAMG:  Solving for p, Initial residual = 0.0006026187192, Final residual = 3.07670843e-06, No Iterations 3
GAMG:  Solving for p, Initial residual = 7.51388457e-05, Final residual = 3.628224951e-07, No Iterations 3
time step continuity errors (region0): sum local = 2.205330351e-08, global = 1.560152902e-09, cumulative = 1.224837224e-07
smoothSolver:  Solving for omega, Initial residual = 0.000446784765, Final residual = 3.966940362e-05, No Iterations 1
smoothSolver:  Solving for k, Initial residual = 0.008963451164, Final residual = 8.606619679e-05, No Iterations 2

ExecutionTime = 1.05 s  ExecutionStepTime = 0.02 s  ClockTime = 1 s

forces FR write:
    Sum of forces
        Total    : ( 0.3811676919 0 -5.178740161 )
        Pressure : ( 0.3320955123 0 -5.178315909 )
        Viscous  : ( 0.04907217958 0 -0.0004242520559 )
    Sum of moments
        Total    : ( -2.512442505 1.04202061 -0.184921792 )
        Pressure : ( -2.512236681 1.044798479 -0.1611146447 )
        Viscous  : ( -0.0002058239774 -0.002777869045 -0.02380714729 )


liftDrag LD execute:
Viscous drag: 0.004075096311, pressure drag: 0.02757817584, porous drag: 0
Viscous lift: -3.523112286e-05, pressure lift: -0.4300223923, porous lift: 0
Total lift: -0.4300576234, Front lift: -0.1284963939, Rear lift: -0.3015612295, Drag: 0.03165327215
Location of Center of Mass: ( 0.156259772 0.4851455039 -0.03143796203 )
Location of Center Of Pressure: ( 0.2032704548 0.4851455039 -0.02797786307 )


yPlus yPlus execute:
    patch Bottom y+ : min = 40.26802753, max = 488.2045614, average = 216.1033148
    patch Top y+ : min = 44.34572466, max = 514.5404703, average = 243.9686764
    patch e423_0 y+ : min = 73.26013148, max = 793.4138338, average = 406.1706078


################################################################################

Time = 69

Outer Loop Iteration = 69
smoothSolver:  Solving for Ux, Initial residual = 0.006730082435, Final residual = 0.0001397128909, No Iterations 2
smoothSolver:  Solving for Uz, Initial residual = 0.004831785595, Final residual = 0.0001059672939, No Iterations 2
GAMG:  Solving for p, Initial residual = 0.005344769845, Final residual = 3.881469293e-05, No Iterations 3
GAMG:  Solving for p, Initial residual = 0.0005900451618, Final residual = 2.819010607e-06, No Iterations 3
GAMG:  Solving for p, Initial residual = 7.486324502e-05, Final residual = 3.463226748e-07, No Iterations 3
time step continuity errors (region0): sum local = 2.100199226e-08, global = 9.847553845e-10, cumulative = 1.234684778e-07
smoothSolver:  Solving for omega, Initial residual = 0.0004261133385, Final residual = 3.778483076e-05, No Iterations 1
smoothSolver:  Solving for k, Initial residual = 0.008827968217, Final residual = 8.469006722e-05, No Iterations 2

ExecutionTime = 1.06 s  ExecutionStepTime = 0.01 s  ClockTime = 1 s

forces FR write:
    Sum of forces
        Total    : ( 0.3800063835 0 -5.191554738 )
        Pressure : ( 0.3308985897 0 -5.191128478 )
        Viscous  : ( 0.0491077938 0 -0.0004262593051 )
    Sum of moments
        Total    : ( -2.518659439 1.043709426 -0.1843583884 )
        Pressure : ( -2.518452641 1.046490639 -0.160533963 )
        Viscous  : ( -0.0002067977853 -0.002781212786 -0.02382442537 )


liftDrag LD execute:
Viscous drag: 0.00407805382, pressure drag: 0.02747877991, porous drag: 0
Viscous lift: -3.539781067e-05, pressure lift: -0.4310863853, porous lift: 0
Total lift: -0.4311217831, Front lift: -0.1288882296, Rear lift: -0.3022335535, Drag: 0.03155683373
Location of Center of Mass: ( 0.156259772 0.4851455039 -0.03143796203 )
Location of Center Of Pressure: ( 0.2030901154 0.4851455039 -0.02801012003 )


yPlus yPlus execute:
    patch Bottom y+ : min = 39.47465748, max = 480.273519, average = 213.3491925
    patch Top y+ : min = 45.23999505, max = 508.0057071, average = 242.1468791
    patch e423_0 y+ : min = 73.56756974, max = 793.8345272, average = 406.3012769


################################################################################

Time = 70

Outer Loop Iteration = 70
smoothSolver:  Solving for Ux, Initial residual = 0.00643226491, Final residual = 0.0001336406409, No Iterations 2
smoothSolver:  Solving for Uz, Initial residual = 0.004634389744, Final residual = 0.0001018432958, No Iterations 2
GAMG:  Solving for p, Initial residual = 0.005184074214, Final residual = 3.666730657e-05, No Iterations 3
GAMG:  Solving for p, Initial residual = 0.0005787709077, Final residual = 2.656823398e-06, No Iterations 3
GAMG:  Solving for p, Initial residual = 7.658777473e-05, Final residual = 3.372506302e-07, No Iterations 3
time step continuity errors (region0): sum local = 2.039445365e-08, global = 9.660345614e-10, cumulative = 1.244345124e-07
smoothSolver:  Solving for omega, Initial residual = 0.0004065610023, Final residual = 3.615884566e-05, No Iterations 1
smoothSolver:  Solving for k, Initial residual = 0.008686972044, Final residual = 8.310433073e-05, No Iterations 2

ExecutionTime = 1.07 s  ExecutionStepTime = 0.01 s  ClockTime = 1 s

forces FR write:
    Sum of forces
        Total    : ( 0.378902102 0 -5.203666034 )
        Pressure : ( 0.329759757 0 -5.203237907 )
        Viscous  : ( 0.04914234494 0 -0.0004281265308 )
    Sum of moments
        Total    : ( -2.52453518 1.045305326 -0.1838226512 )
        Pressure : ( -2.524327476 1.048089768 -0.1599814635 )
        Viscous  : ( -0.0002077036615 -0.002784441527 -0.0238411877 )


liftDrag LD execute:
Viscous drag: 0.004080923046, pressure drag: 0.02738420794, porous drag: 0
Viscous lift: -3.555287051e-05, pressure lift: -0.4320919874, porous lift: 0
Total lift: -0.4321275403, Front lift: -0.12925858, Rear lift: -0.3028689603, Drag: 0.03146513098
Location of Center of Mass: ( 0.156259772 0.4851455039 -0.03143796203 )
Location of Center Of Pressure: ( 0.2029203803 0.4851455039 -0.02804039531 )


yPlus yPlus execute:
    patch Bottom y+ : min = 38.19253216, max = 471.6583569, average = 210.4787866
    patch Top y+ : min = 46.1395894, max = 499.4860562, average = 240.149272
    patch e423_0 y+ : min = 73.85737532, max = 794.2427809, average = 406.4280867


################################################################################

Time = 71

Outer Loop Iteration = 71
smoothSolver:  Solving for Ux, Initial residual = 0.006128981457, Final residual = 0.0001276345832, No Iterations 2
smoothSolver:  Solving for Uz, Initial residual = 0.004434113469, Final residual = 9.765899481e-05, No Iterations 2
GAMG:  Solving for p, Initial residual = 0.004956695333, Final residual = 3.516997598e-05, No Iterations 3
GAMG:  Solving for p, Initial residual = 0.0005498147123, Final residual = 2.572582757e-06, No Iterations 3
GAMG:  Solving for p, Initial residual = 7.866604094e-05, Final residual = 3.257966373e-07, No Iterations 3
time step continuity errors (region0): sum local = 1.964130468e-08, global = 1.185969473e-09, cumulative = 1.256204819e-07
smoothSolver:  Solving for omega, Initial residual = 0.0003876940163, Final residual = 3.457061338e-05, No Iterations 1
smoothSolver:  Solving for k, Initial residual = 0.008534984556, Final residual = 8.126269297e-05, No Iterations 2

ExecutionTime = 1.08 s  ExecutionStepTime = 0.01 s  ClockTime = 1 s

forces FR write:
    Sum of forces
        Total    : ( 0.3778624384 0 -5.215126048 )
        Pressure : ( 0.3286866458 0 -5.214696234 )
        Viscous  : ( 0.0491757926 0 -0.0004298135346 )
    Sum of moments
        Total    : ( -2.530094954 1.04681728 -0.1833182631 )
        Pressure : ( -2.529886432 1.049604845 -0.1594608484 )
        Viscous  : ( -0.0002085221038 -0.002787564812 -0.02385741468 )


liftDrag LD execute:
Viscous drag: 0.004083700638, pressure drag: 0.02729509366, porous drag: 0
Viscous lift: -3.569296421e-05, pressure lift: -0.4330435202, porous lift: 0
Total lift: -0.4330792131, Front lift: -0.1296088594, Rear lift: -0.3034703538, Drag: 0.0313787943
Location of Center of Mass: ( 0.156259772 0.4851455039 -0.03143796203 )
Location of Center Of Pressure: ( 0.2027608511 0.4851455039 -0.02806872207 )


yPlus yPlus execute:
    patch Bottom y+ : min = 33.71848824, max = 462.4993116, average = 207.3780107
    patch Top y+ : min = 46.99376308, max = 489.4503213, average = 238.0401629
    patch e423_0 y+ : min = 74.12986552, max = 794.6393397, average = 406.5508423


################################################################################

Time = 72

Outer Loop Iteration = 72
smoothSolver:  Solving for Ux, Initial residual = 0.005824524718, Final residual = 0.0001218094812, No Iterations 2
smoothSolver:  Solving for Uz, Initial residual = 0.004238187299, Final residual = 9.325016677e-05, No Iterations 2
GAMG:  Solving for p, Initial residual = 0.00474017861, Final residual = 3.284824391e-05, No Iterations 3
GAMG:  Solving for p, Initial residual = 0.0005038895212, Final residual = 2.39718501e-06, No Iterations 3
GAMG:  Solving for p, Initial residual = 6.799856739e-05, Final residual = 2.889702156e-07, No Iterations 3
time step continuity errors (region0): sum local = 1.737134299e-08, global = 1.107960957e-09, cumulative = 1.267284428e-07
smoothSolver:  Solving for omega, Initial residual = 0.000369609419, Final residual = 3.316107619e-05, No Iterations 1
smoothSolver:  Solving for k, Initial residual = 0.008374697482, Final residual = 7.92015375e-05, No Iterations 2

ExecutionTime = 1.09 s  ExecutionStepTime = 0.01 s  ClockTime = 1 s

forces FR write:
    Sum of forces
        Total    : ( 0.3768878249 0 -5.225962021 )
        Pressure : ( 0.3276796824 0 -5.225530711 )
        Viscous  : ( 0.04920814255 0 -0.000431310078 )
    Sum of moments
        Total    : ( -2.535351978 1.048248205 -0.1828454337 )
        Pressure : ( -2.53514273 1.051038796 -0.1589723246 )
        Viscous  : ( -0.0002092481451 -0.002790590731 -0.02387310911 )


liftDrag LD execute:
Viscous drag: 0.004086387071, pressure drag: 0.02721147249, porous drag: 0
Viscous lift: -3.581724151e-05, pressure lift: -0.4339432466, porous lift: 0
Total lift: -0.4339790639, Front lift: -0.1299399566, Rear lift: -0.3040391073, Drag: 0.03129785957
Location of Center of Mass: ( 0.156259772 0.4851455039 -0.03143796203 )
Location of Center Of Pressure: ( 0.2026109139 0.4851455039 -0.02809519357 )


yPlus yPlus execute:
    patch Bottom y+ : min = 23.17668481, max = 453.5755257, average = 204.1126271
    patch Top y+ : min = 47.70490668, max = 478.3359101, average = 235.8724383
    patch e423_0 y+ : min = 74.39038361, max = 795.0244718, average = 406.6694906


################################################################################

Time = 73

Outer Loop Iteration = 73
smoothSolver:  Solving for Ux, Initial residual = 0.005534357918, Final residual = 0.0001161242006, No Iterations 2
smoothSolver:  Solving for Uz, Initial residual = 0.004033014152, Final residual = 8.917850605e-05, No Iterations 2
GAMG:  Solving for p, Initial residual = 0.004619924356, Final residual = 3.074790039e-05, No Iterations 3
GAMG:  Solving for p, Initial residual = 0.0004634857034, Final residual = 2.244603557e-06, No Iterations 3
GAMG:  Solving for p, Initial residual = 6.398835691e-05, Final residual = 2.657054544e-07, No Iterations 3
time step continuity errors (region0): sum local = 1.592784824e-08, global = 9.72867388e-10, cumulative = 1.277013102e-07
smoothSolver:  Solving for omega, Initial residual = 0.0003519789437, Final residual = 3.185200506e-05, No Iterations 1
smoothSolver:  Solving for k, Initial residual = 0.00820914533, Final residual = 7.696427815e-05, No Iterations 2

ExecutionTime = 1.1 s  ExecutionStepTime = 0.01 s  ClockTime = 1 s

forces FR write:
    Sum of forces
        Total    : ( 0.3759808059 0 -5.23618839 )
        Pressure : ( 0.3267413992 0 -5.23575581 )
        Viscous  : ( 0.04923940676 0 -0.0004325804833 )
    Sum of moments
        Total    : ( -2.540313255 1.049600235 -0.1824053975 )
        Pressure : ( -2.54010339 1.052393762 -0.1585171207 )
        Viscous  : ( -0.0002098644765 -0.002793526342 -0.0238882768 )


liftDrag LD execute:
Viscous drag: 0.004088983342, pressure drag: 0.02713355473, porous drag: 0
Viscous lift: -3.592273966e-05, pressure lift: -0.4347923685, porous lift: 0
Total lift: -0.4348282912, Front lift: -0.1302522937, Rear lift: -0.3045759975, Drag: 0.03122253807
Location of Center of Mass: ( 0.156259772 0.4851455039 -0.03143796203 )
Location of Center Of Pressure: ( 0.2024703236 0.4851455039 -0.02811984604 )


yPlus yPlus execute:
    patch Bottom y+ : min = 13.15462273, max = 445.3165863, average = 201.0123479
    patch Top y+ : min = 48.39580781, max = 467.1478094, average = 233.7144321
    patch e423_0 y+ : min = 74.63219895, max = 795.3983557, average = 406.7838818


################################################################################

Time = 74

Outer Loop Iteration = 74
smoothSolver:  Solving for Ux, Initial residual = 0.005258431363, Final residual = 0.000110675508, No Iterations 2
smoothSolver:  Solving for Uz, Initial residual = 0.003819538408, Final residual = 8.575308965e-05, No Iterations 2
GAMG:  Solving for p, Initial residual = 0.004486886227, Final residual = 2.900072613e-05, No Iterations 3
GAMG:  Solving for p, Initial residual = 0.000435535861, Final residual = 2.076876168e-06, No Iterations 3
GAMG:  Solving for p, Initial residual = 5.910429896e-05, Final residual = 2.468680983e-07, No Iterations 3
time step continuity errors (region0): sum local = 1.475511122e-08, global = 7.971983321e-10, cumulative = 1.284985085e-07
smoothSolver:  Solving for omega, Initial residual = 0.0003348838627, Final residual = 3.055625936e-05, No Iterations 1
smoothSolver:  Solving for k, Initial residual = 0.008039177835, Final residual = 7.457842968e-05, No Iterations 2

ExecutionTime = 1.12 s  ExecutionStepTime = 0.01 s  ClockTime = 1 s

forces FR write:
    Sum of forces
        Total    : ( 0.3751375955 0 -5.245806477 )
        Pressure : ( 0.3258679985 0 -5.245372859 )
        Viscous  : ( 0.04926959697 0 -0.0004336175294 )
    Sum of moments
        Total    : ( -2.544979426 1.050874752 -0.1819963178 )
        Pressure : ( -2.544769059 1.053671128 -0.1580933943 )
        Viscous  : ( -0.0002103675948 -0.0027963769 -0.02390292345 )


liftDrag LD execute:
Viscous drag: 0.004091490425, pressure drag: 0.02706102501, porous drag: 0
Viscous lift: -3.600885898e-05, pressure lift: -0.4355909962, porous lift: 0
Total lift: -0.4356270051, Front lift: -0.1305458111, Rear lift: -0.3050811939, Drag: 0.03115251543
Location of Center of Mass: ( 0.156259772 0.4851455039 -0.03143796203 )
Location of Center Of Pressure: ( 0.2023391741 0.4851455039 -0.02814273638 )


yPlus yPlus execute:
    patch Bottom y+ : min = 23.7528734, max = 437.7381217, average = 200.7831524
    patch Top y+ : min = 49.12147667, max = 456.9516856, average = 231.6743369
    patch e423_0 y+ : min = 74.85694962, max = 795.760735, average = 406.8939665


################################################################################

Time = 75

Outer Loop Iteration = 75
smoothSolver:  Solving for Ux, Initial residual = 0.004993432841, Final residual = 0.0001050181323, No Iterations 2
smoothSolver:  Solving for Uz, Initial residual = 0.003602278006, Final residual = 8.188854048e-05, No Iterations 2
GAMG:  Solving for p, Initial residual = 0.004296686462, Final residual = 2.723210859e-05, No Iterations 3
GAMG:  Solving for p, Initial residual = 0.000405730052, Final residual = 1.950151762e-06, No Iterations 3
GAMG:  Solving for p, Initial residual = 5.495464221e-05, Final residual = 2.44801545e-07, No Iterations 3
time step continuity errors (region0): sum local = 1.45917324e-08, global = 7.233871066e-10, cumulative = 1.292218957e-07
smoothSolver:  Solving for omega, Initial residual = 0.0003185027322, Final residual = 2.93813464e-05, No Iterations 1
smoothSolver:  Solving for k, Initial residual = 0.00786377331, Final residual = 7.205604679e-05, No Iterations 2

ExecutionTime = 1.14 s  ExecutionStepTime = 0.01 s  ClockTime = 1 s

forces FR write:
    Sum of forces
        Total    : ( 0.3743526431 0 -5.25488372 )
        Pressure : ( 0.3250538823 0 -5.254449302 )
        Viscous  : ( 0.04929876087 0 -0.000434417909 )
    Sum of moments
        Total    : ( -2.54938321 1.052081996 -0.1816155017 )
        Pressure : ( -2.549172454 1.054881144 -0.1576984295 )
        Viscous  : ( -0.0002107558953 -0.00279914829 -0.02391707218 )


liftDrag LD execute:
Viscous drag: 0.00409391228, pressure drag: 0.02699341843, porous drag: 0
Viscous lift: -3.607532483e-05, pressure lift: -0.4363447303, porous lift: 0
Total lift: -0.4363808057, Front lift: -0.1308224583, Rear lift: -0.3055583473, Drag: 0.03108733071
Location of Center of Mass: ( 0.156259772 0.4851455039 -0.03143796203 )
Location of Center Of Pressure: ( 0.2022167063 0.4851455039 -0.02816403615 )


yPlus yPlus execute:
    patch Bottom y+ : min = 27.4677345, max = 431.1050515, average = 199.8025468
    patch Top y+ : min = 49.78394472, max = 447.2321894, average = 229.7428319
    patch e423_0 y+ : min = 75.06510357, max = 796.1114333, average = 406.9996744


################################################################################

Time = 76

Outer Loop Iteration = 76
smoothSolver:  Solving for Ux, Initial residual = 0.00473932784, Final residual = 9.957113267e-05, No Iterations 2
smoothSolver:  Solving for Uz, Initial residual = 0.003387827272, Final residual = 7.798896499e-05, No Iterations 2
GAMG:  Solving for p, Initial residual = 0.004156821426, Final residual = 2.545248856e-05, No Iterations 3
GAMG:  Solving for p, Initial residual = 0.0003778450365, Final residual = 1.886924703e-06, No Iterations 3
GAMG:  Solving for p, Initial residual = 5.269263399e-05, Final residual = 2.275191899e-07, No Iterations 3
time step continuity errors (region0): sum local = 1.352725877e-08, global = 6.64457499e-10, cumulative = 1.298863532e-07
smoothSolver:  Solving for omega, Initial residual = 0.0003027414666, Final residual = 2.818657959e-05, No Iterations 1
smoothSolver:  Solving for k, Initial residual = 0.007683622957, Final residual = 6.942575143e-05, No Iterations 2

ExecutionTime = 1.15 s  ExecutionStepTime = 0.01 s  ClockTime = 1 s

forces FR write:
    Sum of forces
        Total    : ( 0.3736378459 0 -5.2634386 )
        Pressure : ( 0.3243110585 0 -5.263003648 )
        Viscous  : ( 0.04932678734 0 -0.0004349512641 )
    Sum of moments
        Total    : ( -2.553533571 1.053223022 -0.181268721 )
        Pressure : ( -2.553322557 1.056024861 -0.1573380519 )
        Viscous  : ( -0.0002110146502 -0.002801839258 -0.0239306691 )


liftDrag LD execute:
Viscous drag: 0.004096239679, pressure drag: 0.02693173219, porous drag: 0
Viscous lift: -3.611961619e-05, pressure lift: -0.4370551081, porous lift: 0
Total lift: -0.4370912278, Front lift: -0.1310829153, Rear lift: -0.3060083125, Drag: 0.03102797187
Location of Center of Mass: ( 0.156259772 0.4851455039 -0.03143796203 )
Location of Center Of Pressure: ( 0.2021023906 0.4851455039 -0.02818371351 )


yPlus yPlus execute:
    patch Bottom y+ : min = 19.97027669, max = 424.5042213, average = 198.2791455
    patch Top y+ : min = 50.43726741, max = 437.799287, average = 227.9175545
    patch e423_0 y+ : min = 75.25697095, max = 796.4499256, average = 407.1010056


################################################################################

Time = 77

Outer Loop Iteration = 77
smoothSolver:  Solving for Ux, Initial residual = 0.004493650183, Final residual = 9.44038558e-05, No Iterations 2
smoothSolver:  Solving for Uz, Initial residual = 0.003179754488, Final residual = 7.426882832e-05, No Iterations 2
GAMG:  Solving for p, Initial residual = 0.003958185438, Final residual = 2.401145262e-05, No Iterations 3
GAMG:  Solving for p, Initial residual = 0.0003446381234, Final residual = 1.808596103e-06, No Iterations 3
GAMG:  Solving for p, Initial residual = 4.788266746e-05, Final residual = 2.089306517e-07, No Iterations 3
time step continuity errors (region0): sum local = 1.23939751e-08, global = 5.905338844e-10, cumulative = 1.30476887e-07
smoothSolver:  Solving for omega, Initial residual = 0.0002875714643, Final residual = 2.703458927e-05, No Iterations 1
smoothSolver:  Solving for k, Initial residual = 0.007499793048, Final residual = 6.672119864e-05, No Iterations 2

ExecutionTime = 1.17 s  ExecutionStepTime = 0.02 s  ClockTime = 1 s

forces FR write:
    Sum of forces
        Total    : ( 0.3729858562 0 -5.271515919 )
        Pressure : ( 0.3236321959 0 -5.271080709 )
        Viscous  : ( 0.04935366032 0 -0.0004352105596 )
    Sum of moments
        Total    : ( -2.557452247 1.054307848 -0.1809524111 )
        Pressure : ( -2.557241106 1.0571123 -0.1570087047 )
        Viscous  : ( -0.0002111404462 -0.002804451225 -0.02394370641 )


liftDrag LD execute:
Viscous drag: 0.00409847129, pressure drag: 0.02687535746, porous drag: 0
Viscous lift: -3.614114884e-05, pressure lift: -0.4377258507, porous lift: 0
Total lift: -0.4377619918, Front lift: -0.1313282102, Rear lift: -0.3064337816, Drag: 0.03097382875
Location of Center of Mass: ( 0.156259772 0.4851455039 -0.03143796203 )
Location of Center Of Pressure: ( 0.2019963072 0.4851455039 -0.02820187568 )


yPlus yPlus execute:
    patch Bottom y+ : min = 13.28887955, max = 417.476175, average = 196.5282711
    patch Top y+ : min = 51.01246625, max = 428.6944421, average = 226.2120062
    patch e423_0 y+ : min = 75.43382546, max = 796.77583, average = 407.1979751


################################################################################

Time = 78

Outer Loop Iteration = 78
smoothSolver:  Solving for Ux, Initial residual = 0.004267028914, Final residual = 8.956757455e-05, No Iterations 2
smoothSolver:  Solving for Uz, Initial residual = 0.002977418689, Final residual = 7.093272716e-05, No Iterations 2
GAMG:  Solving for p, Initial residual = 0.003734892849, Final residual = 2.277076295e-05, No Iterations 3
GAMG:  Solving for p, Initial residual = 0.0003170970904, Final residual = 1.760580086e-06, No Iterations 3
GAMG:  Solving for p, Initial residual = 4.30132193e-05, Final residual = 1.920639163e-07, No Iterations 3
time step continuity errors (region0): sum local = 1.136943417e-08, global = 4.846697642e-10, cumulative = 1.309615568e-07
smoothSolver:  Solving for omega, Initial residual = 0.0002729158276, Final residual = 2.595951645e-05, No Iterations 1
smoothSolver:  Solving for k, Initial residual = 0.007311952471, Final residual = 6.396336539e-05, No Iterations 2

ExecutionTime = 1.18 s  ExecutionStepTime = 0.01 s  ClockTime = 1 s

forces FR write:
    Sum of forces
        Total    : ( 0.372389232 0 -5.279169888 )
        Pressure : ( 0.3230096753 0 -5.278734658 )
        Viscous  : ( 0.04937955668 0 -0.0004352299349 )
    Sum of moments
        Total    : ( -2.561165535 1.05534809 -0.1806629616 )
        Pressure : ( -2.560954385 1.058155078 -0.1567066917 )
        Viscous  : ( -0.0002111498461 -0.002806988614 -0.02395626991 )


liftDrag LD execute:
Viscous drag: 0.004100621799, pressure drag: 0.02682366155, porous drag: 0
Viscous lift: -3.614275782e-05, pressure lift: -0.4383614569, porous lift: 0
Total lift: -0.4383975996, Front lift: -0.1315596294, Rear lift: -0.3068379702, Drag: 0.03092428335
Location of Center of Mass: ( 0.156259772 0.4851455039 -0.03143796203 )
Location of Center Of Pressure: ( 0.2018984857 0.4851455039 -0.02821863667 )


yPlus yPlus execute:
    patch Bottom y+ : min = 6.972205994, max = 410.9357663, average = 194.9599185
    patch Top y+ : min = 51.37807266, max = 420.2591243, average = 224.5975062
    patch e423_0 y+ : min = 75.59686944, max = 797.0889183, average = 407.2912803


################################################################################

Time = 79

Outer Loop Iteration = 79
smoothSolver:  Solving for Ux, Initial residual = 0.004058708893, Final residual = 8.499184472e-05, No Iterations 2
smoothSolver:  Solving for Uz, Initial residual = 0.002789150463, Final residual = 6.763553344e-05, No Iterations 2
GAMG:  Solving for p, Initial residual = 0.003572366667, Final residual = 2.173268051e-05, No Iterations 3
GAMG:  Solving for p, Initial residual = 0.0002910293043, Final residual = 1.729182659e-06, No Iterations 3
GAMG:  Solving for p, Initial residual = 3.847758361e-05, Final residual = 1.744995282e-07, No Iterations 3
time step continuity errors (region0): sum local = 1.030972189e-08, global = 6.757336172e-10, cumulative = 1.316372904e-07
smoothSolver:  Solving for omega, Initial residual = 0.0002588300345, Final residual = 2.487489287e-05, No Iterations 1
smoothSolver:  Solving for k, Initial residual = 0.007121910932, Final residual = 6.119085908e-05, No Iterations 2

ExecutionTime = 1.19 s  ExecutionStepTime = 0.01 s  ClockTime = 1 s

forces FR write:
    Sum of forces
        Total    : ( 0.3718408706 0 -5.286458699 )
        Pressure : ( 0.3224363863 0 -5.28602366 )
        Viscous  : ( 0.04940448424 0 -0.000435038936 )
    Sum of moments
        Total    : ( -2.564701669 1.056350363 -0.1803969265 )
        Pressure : ( -2.564490612 1.059159815 -0.1564285631 )
        Viscous  : ( -0.0002110571838 -0.002809452809 -0.0239683634 )


liftDrag LD execute:
Viscous drag: 0.004102691855, pressure drag: 0.02677605396, porous drag: 0
Viscous lift: -3.612689672e-05, pressure lift: -0.4389667568, porous lift: 0
Total lift: -0.4390028837, Front lift: -0.1317790398, Rear lift: -0.3072238439, Drag: 0.03087874582
Location of Center of Mass: ( 0.156259772 0.4851455039 -0.03143796203 )
Location of Center Of Pressure: ( 0.201807873 0.4851455039 -0.028234183 )


yPlus yPlus execute:
    patch Bottom y+ : min = 3.920136153, max = 405.0877441, average = 193.7805869
    patch Top y+ : min = 51.64119826, max = 412.2688146, average = 223.0864584
    patch e423_0 y+ : min = 75.74759449, max = 797.3889775, average = 407.3811443


################################################################################

Time = 80

Outer Loop Iteration = 80
smoothSolver:  Solving for Ux, Initial residual = 0.003877296927, Final residual = 8.084019217e-05, No Iterations 2
smoothSolver:  Solving for Uz, Initial residual = 0.002617236218, Final residual = 6.463931735e-05, No Iterations 2
GAMG:  Solving for p, Initial residual = 0.003402861573, Final residual = 2.134603617e-05, No Iterations 3
GAMG:  Solving for p, Initial residual = 0.0002748116285, Final residual = 1.724787512e-06, No Iterations 3
GAMG:  Solving for p, Initial residual = 3.536765612e-05, Final residual = 1.701551936e-07, No Iterations 3
time step continuity errors (region0): sum local = 1.003647402e-08, global = 8.188354487e-10, cumulative = 1.324561259e-07
smoothSolver:  Solving for omega, Initial residual = 0.0002454892268, Final residual = 2.380742724e-05, No Iterations 1
smoothSolver:  Solving for k, Initial residual = 0.006930784737, Final residual = 0.0006913583042, No Iterations 1

ExecutionTime = 1.2 s  ExecutionStepTime = 0.01 s  ClockTime = 1 s

forces FR write:
    Sum of forces
        Total    : ( 0.3713373886 0 -5.293407738 )
        Pressure : ( 0.321908898 0 -5.292973072 )
        Viscous  : ( 0.04942849059 0 -0.0004346652683 )
    Sum of moments
        Total    : ( -2.568072964 1.057315584 -0.1801526645 )
        Pressure : ( -2.567862088 1.06012743 -0.1561726545 )
        Viscous  : ( -0.0002108759006 -0.002811846408 -0.02398000997 )


liftDrag LD execute:
Viscous drag: 0.004104685412, pressure drag: 0.0267322498, porous drag: 0
Viscous lift: -3.609586627e-05, pressure lift: -0.4395438561, porous lift: 0
Total lift: -0.439579952, Front lift: -0.1319874192, Rear lift: -0.3075925328, Drag: 0.03083693521
Location of Center of Mass: ( 0.156259772 0.4851455039 -0.03143796203 )
Location of Center Of Pressure: ( 0.2017236174 0.4851455039 -0.02824863175 )


yPlus yPlus execute:
    patch Bottom y+ : min = 2.442634283, max = 399.9629181, average = 193.0862573
    patch Top y+ : min = 51.85634739, max = 405.4133755, average = 221.7440419
    patch e423_0 y+ : min = 75.88747085, max = 797.6759914, average = 407.4677925


################################################################################

Time = 81

Outer Loop Iteration = 81
smoothSolver:  Solving for Ux, Initial residual = 0.003708635697, Final residual = 7.719269445e-05, No Iterations 2
smoothSolver:  Solving for Uz, Initial residual = 0.002461668231, Final residual = 6.208076813e-05, No Iterations 2
GAMG:  Solving for p, Initial residual = 0.003230856009, Final residual = 2.111284671e-05, No Iterations 3
GAMG:  Solving for p, Initial residual = 0.0002632783677, Final residual = 1.70312456e-06, No Iterations 3
GAMG:  Solving for p, Initial residual = 3.569846876e-05, Final residual = 1.6528874e-07, No Iterations 3
time step continuity errors (region0): sum local = 9.735742766e-09, global = 6.473387506e-10, cumulative = 1.331034646e-07
smoothSolver:  Solving for omega, Initial residual = 0.0002326345107, Final residual = 2.272982507e-05, No Iterations 1
smoothSolver:  Solving for k, Initial residual = 0.006754243781, Final residual = 0.0006615338053, No Iterations 1

ExecutionTime = 1.21 s  ExecutionStepTime = 0.01 s  ClockTime = 1 s

forces FR write:
    Sum of forces
        Total    : ( 0.3708743854 0 -5.300045154 )
        Pressure : ( 0.3214227873 0 -5.29961102 )
        Viscous  : ( 0.04945159808 0 -0.0004341340469 )
    Sum of moments
        Total    : ( -2.571293077 1.05824764 -0.1799280406 )
        Pressure : ( -2.571082458 1.061061811 -0.1559368201 )
        Viscous  : ( -0.0002106181809 -0.002814170977 -0.02399122047 )


liftDrag LD execute:
Viscous drag: 0.004106604326, pressure drag: 0.02669188175, porous drag: 0
Viscous lift: -3.60517521e-05, pressure lift: -0.4400950906, porous lift: 0
Total lift: -0.4401311423, Front lift: -0.1321856137, Rear lift: -0.3079455286, Drag: 0.03079848608
Location of Center of Mass: ( 0.156259772 0.4851455039 -0.03143796203 )
Location of Center Of Pressure: ( 0.2016453236 0.4851455039 -0.02826207616 )


yPlus yPlus execute:
    patch Bottom y+ : min = 1.752719433, max = 395.5080565, average = 192.4363656
    patch Top y+ : min = 52.02777469, max = 399.7297128, average = 220.5904181
    patch e423_0 y+ : min = 76.01784913, max = 797.9500244, average = 407.5512553


################################################################################

Time = 82

Outer Loop Iteration = 82
smoothSolver:  Solving for Ux, Initial residual = 0.00355961036, Final residual = 7.391692793e-05, No Iterations 2
smoothSolver:  Solving for Uz, Initial residual = 0.002324807608, Final residual = 5.977252012e-05, No Iterations 2
GAMG:  Solving for p, Initial residual = 0.003024347407, Final residual = 2.124243706e-05, No Iterations 3
GAMG:  Solving for p, Initial residual = 0.0002442139256, Final residual = 1.72634738e-06, No Iterations 3
GAMG:  Solving for p, Initial residual = 3.227565718e-05, Final residual = 1.925079183e-07, No Iterations 3
time step continuity errors (region0): sum local = 1.132446968e-08, global = 8.889256355e-10, cumulative = 1.339923903e-07
smoothSolver:  Solving for omega, Initial residual = 0.0002203059656, Final residual = 2.16242476e-05, No Iterations 1
smoothSolver:  Solving for k, Initial residual = 0.006579452942, Final residual = 0.0006376782896, No Iterations 1

ExecutionTime = 1.23 s  ExecutionStepTime = 0.02 s  ClockTime = 1 s

forces FR write:
    Sum of forces
        Total    : ( 0.3704443188 0 -5.306426857 )
        Pressure : ( 0.320970479 0 -5.305993386 )
        Viscous  : ( 0.04947383983 0 -0.0004334709283 )
    Sum of moments
        Total    : ( -2.574389131 1.059153499 -0.1797193957 )
        Pressure : ( -2.574178835 1.061969926 -0.1557173847 )
        Viscous  : ( -0.0002102964719 -0.002816427412 -0.02400201095 )


liftDrag LD execute:
Viscous drag: 0.004108451345, pressure drag: 0.02665432076, porous drag: 0
Viscous lift: -3.59966848e-05, pressure lift: -0.4406251008, porous lift: 0
Total lift: -0.4406610975, Front lift: -0.1323753661, Rear lift: -0.3082857314, Drag: 0.0307627721
Location of Center of Mass: ( 0.156259772 0.4851455039 -0.03143796203 )
Location of Center Of Pressure: ( 0.201572117 0.4851455039 -0.02827468452 )


yPlus yPlus execute:
    patch Bottom y+ : min = 1.474617639, max = 391.6932227, average = 191.8381265
    patch Top y+ : min = 52.15872366, max = 395.1650637, average = 219.6294028
    patch e423_0 y+ : min = 76.13985821, max = 798.2111932, average = 407.6316029


################################################################################

Time = 83

Outer Loop Iteration = 83
smoothSolver:  Solving for Ux, Initial residual = 0.003415896837, Final residual = 7.095852719e-05, No Iterations 2
smoothSolver:  Solving for Uz, Initial residual = 0.002204230016, Final residual = 5.751685439e-05, No Iterations 2
GAMG:  Solving for p, Initial residual = 0.002881276262, Final residual = 2.106256728e-05, No Iterations 3
GAMG:  Solving for p, Initial residual = 0.000228608945, Final residual = 1.747510649e-06, No Iterations 3
GAMG:  Solving for p, Initial residual = 3.159066992e-05, Final residual = 1.918609058e-07, No Iterations 3
time step continuity errors (region0): sum local = 1.127437148e-08, global = 8.058958321e-10, cumulative = 1.347982861e-07
smoothSolver:  Solving for omega, Initial residual = 0.000208525105, Final residual = 2.051950142e-05, No Iterations 1
smoothSolver:  Solving for k, Initial residual = 0.006405415414, Final residual = 0.0006171188753, No Iterations 1

ExecutionTime = 1.24 s  ExecutionStepTime = 0.01 s  ClockTime = 1 s

forces FR write:
    Sum of forces
        Total    : ( 0.3700411473 0 -5.312590541 )
        Pressure : ( 0.3205459072 0 -5.312157839 )
        Viscous  : ( 0.0494952401 0 -0.000432701915 )
    Sum of moments
        Total    : ( -2.577379415 1.060037364 -0.1795237989 )
        Pressure : ( -2.577169492 1.06285598 -0.1555114057 )
        Viscous  : ( -0.0002099233886 -0.002818615978 -0.02401239319 )


liftDrag LD execute:
Viscous drag: 0.004110228485, pressure drag: 0.02661906309, porous drag: 0
Viscous lift: -3.593282371e-05, pressure lift: -0.4411370149, porous lift: 0
Total lift: -0.4411729477, Front lift: -0.1325578925, Rear lift: -0.3086150552, Drag: 0.03072929157
Location of Center of Mass: ( 0.156259772 0.4851455039 -0.03143796203 )
Location of Center Of Pressure: ( 0.2015033074 0.4851455039 -0.02828658614 )


yPlus yPlus execute:
    patch Bottom y+ : min = 1.370486965, max = 388.4583245, average = 191.6815131
    patch Top y+ : min = 52.24366215, max = 392.3629165, average = 218.8797156
    patch e423_0 y+ : min = 76.25480163, max = 798.4596463, average = 407.7089194


################################################################################

Time = 84

Outer Loop Iteration = 84
smoothSolver:  Solving for Ux, Initial residual = 0.003280561979, Final residual = 6.810075627e-05, No Iterations 2
smoothSolver:  Solving for Uz, Initial residual = 0.00209725549, Final residual = 5.524023839e-05, No Iterations 2
GAMG:  Solving for p, Initial residual = 0.00275274935, Final residual = 2.072070618e-05, No Iterations 3
GAMG:  Solving for p, Initial residual = 0.0002180759595, Final residual = 1.742123978e-06, No Iterations 3
GAMG:  Solving for p, Initial residual = 3.055579489e-05, Final residual = 1.996335019e-07, No Iterations 3
time step continuity errors (region0): sum local = 1.172099845e-08, global = 7.680340419e-10, cumulative = 1.355663201e-07
smoothSolver:  Solving for omega, Initial residual = 0.0001972402172, Final residual = 1.942083999e-05, No Iterations 1
smoothSolver:  Solving for k, Initial residual = 0.006230788052, Final residual = 0.0005977564396, No Iterations 1

ExecutionTime = 1.25 s  ExecutionStepTime = 0.01 s  ClockTime = 1 s

forces FR write:
    Sum of forces
        Total    : ( 0.3696615935 0 -5.318549357 )
        Pressure : ( 0.3201457995 0 -5.318117502 )
        Viscous  : ( 0.04951579396 0 -0.0004318546562 )
    Sum of moments
        Total    : ( -2.580270308 1.060899348 -0.17933966 )
        Pressure : ( -2.580060795 1.063720084 -0.1553172952 )
        Viscous  : ( -0.0002095123448 -0.002820735607 -0.02402236481 )


liftDrag LD execute:
Viscous drag: 0.004111935337, pressure drag: 0.02658583698, porous drag: 0
Viscous lift: -3.586246488e-05, pressure lift: -0.4416319227, porous lift: 0
Total lift: -0.4416677851, Front lift: -0.1327337295, Rear lift: -0.3089340556, Drag: 0.03069777232
Location of Center of Mass: ( 0.156259772 0.4851455039 -0.03143796203 )
Location of Center Of Pressure: ( 0.2014383825 0.4851455039 -0.02829785821 )


yPlus yPlus execute:
    patch Bottom y+ : min = 1.328952658, max = 385.9151981, average = 191.7967369
    patch Top y+ : min = 52.29408987, max = 390.488759, average = 218.3560466
    patch e423_0 y+ : min = 76.36400834, max = 798.6956196, average = 407.7831574


################################################################################

Time = 85

Outer Loop Iteration = 85
smoothSolver:  Solving for Ux, Initial residual = 0.003156111847, Final residual = 6.536718568e-05, No Iterations 2
smoothSolver:  Solving for Uz, Initial residual = 0.00200524595, Final residual = 5.30633066e-05, No Iterations 2
GAMG:  Solving for p, Initial residual = 0.002604944713, Final residual = 2.041843363e-05, No Iterations 3
GAMG:  Solving for p, Initial residual = 0.0002135741944, Final residual = 1.778629187e-06, No Iterations 3
GAMG:  Solving for p, Initial residual = 3.030359818e-05, Final residual = 1.965142504e-07, No Iterations 3
time step continuity errors (region0): sum local = 1.152897861e-08, global = 7.346647497e-10, cumulative = 1.363009849e-07
smoothSolver:  Solving for omega, Initial residual = 0.0001863754454, Final residual = 1.833463152e-05, No Iterations 1
smoothSolver:  Solving for k, Initial residual = 0.006055286526, Final residual = 0.000578586698, No Iterations 1

ExecutionTime = 1.26 s  ExecutionStepTime = 0.01 s  ClockTime = 1 s

forces FR write:
    Sum of forces
        Total    : ( 0.3693015827 0 -5.324324497 )
        Pressure : ( 0.3197660662 0 -5.323893543 )
        Viscous  : ( 0.04953551646 0 -0.0004309544889 )
    Sum of moments
        Total    : ( -2.583072091 1.061740833 -0.1791650024 )
        Pressure : ( -2.582863015 1.064563618 -0.1551330693 )
        Viscous  : ( -0.0002090756327 -0.002822785859 -0.02403193309 )


liftDrag LD execute:
Viscous drag: 0.004113573151, pressure drag: 0.02655430282, porous drag: 0
Viscous lift: -3.578771237e-05, pressure lift: -0.4421115818, porous lift: 0
Total lift: -0.4421473695, Front lift: -0.1329036425, Rear lift: -0.3092437271, Drag: 0.03066787598
Location of Center of Mass: ( 0.156259772 0.4851455039 -0.03143796203 )
Location of Center Of Pressure: ( 0.2013767645 0.4851455039 -0.0283085929 )


yPlus yPlus execute:
    patch Bottom y+ : min = 1.309572578, max = 384.0461001, average = 192.0455315
    patch Top y+ : min = 52.31291296, max = 389.1870665, average = 218.0052589
    patch e423_0 y+ : min = 76.46839425, max = 798.919392, average = 407.8543634


################################################################################

Time = 86

Outer Loop Iteration = 86
smoothSolver:  Solving for Ux, Initial residual = 0.003043305284, Final residual = 6.284386874e-05, No Iterations 2
smoothSolver:  Solving for Uz, Initial residual = 0.001929038332, Final residual = 5.092178281e-05, No Iterations 2
GAMG:  Solving for p, Initial residual = 0.002470580993, Final residual = 2.009230078e-05, No Iterations 3
GAMG:  Solving for p, Initial residual = 0.0002052395914, Final residual = 1.777549291e-06, No Iterations 3
GAMG:  Solving for p, Initial residual = 2.935751059e-05, Final residual = 2.162747984e-07, No Iterations 3
time step continuity errors (region0): sum local = 1.268151315e-08, global = 4.013782037e-10, cumulative = 1.367023631e-07
smoothSolver:  Solving for omega, Initial residual = 0.0001760975019, Final residual = 1.724281948e-05, No Iterations 1
smoothSolver:  Solving for k, Initial residual = 0.005879742953, Final residual = 0.0005593785781, No Iterations 1

ExecutionTime = 1.27 s  ExecutionStepTime = 0 s  ClockTime = 1 s

forces FR write:
    Sum of forces
        Total    : ( 0.3689567042 0 -5.329944889 )
        Pressure : ( 0.3194022737 0 -5.329514862 )
        Viscous  : ( 0.04955443055 0 -0.0004300267917 )
    Sum of moments
        Total    : ( -2.585798799 1.062565046 -0.1789976862 )
        Pressure : ( -2.585590173 1.065389812 -0.154956577 )
        Viscous  : ( -0.0002086255646 -0.002824766414 -0.02404110918 )


liftDrag LD execute:
Viscous drag: 0.004115143832, pressure drag: 0.02652409244, porous drag: 0
Viscous lift: -3.57106737e-05, pressure lift: -0.4425783925, porous lift: 0
Total lift: -0.4426141032, Front lift: -0.1330685642, Rear lift: -0.309545539, Drag: 0.03063923627
Location of Center of Mass: ( 0.156259772 0.4851455039 -0.03143796203 )
Location of Center Of Pressure: ( 0.2013179331 0.4851455039 -0.02831888464 )


yPlus yPlus execute:
    patch Bottom y+ : min = 1.298407109, max = 382.759533, average = 192.3771786
    patch Top y+ : min = 52.30613193, max = 388.3103362, average = 217.7953276
    patch e423_0 y+ : min = 76.56905096, max = 799.1313247, average = 407.9226335


################################################################################

Time = 87

Outer Loop Iteration = 87
smoothSolver:  Solving for Ux, Initial residual = 0.002947052121, Final residual = 6.056755274e-05, No Iterations 2
smoothSolver:  Solving for Uz, Initial residual = 0.001859835695, Final residual = 4.899428571e-05, No Iterations 2
GAMG:  Solving for p, Initial residual = 0.002309573539, Final residual = 1.958450135e-05, No Iterations 3
GAMG:  Solving for p, Initial residual = 0.0001995286889, Final residual = 1.659394536e-06, No Iterations 3
GAMG:  Solving for p, Initial residual = 3.017122427e-05, Final residual = 2.085957082e-07, No Iterations 3
time step continuity errors (region0): sum local = 1.222733747e-08, global = 1.630515669e-09, cumulative = 1.383328787e-07
smoothSolver:  Solving for omega, Initial residual = 0.0001662280296, Final residual = 1.615441125e-05, No Iterations 1
smoothSolver:  Solving for k, Initial residual = 0.005704468875, Final residual = 0.0005401728614, No Iterations 1

ExecutionTime = 1.28 s  ExecutionStepTime = 0.01 s  ClockTime = 1 s

forces FR write:
    Sum of forces
        Total    : ( 0.3686225082 0 -5.335433151 )
        Pressure : ( 0.3190499404 0 -5.335004055 )
        Viscous  : ( 0.04957256783 0 -0.0004290957256 )
    Sum of moments
        Total    : ( -2.588461404 1.063373664 -0.1788355525 )
        Pressure : ( -2.58825323 1.066200341 -0.1547856441 )
        Viscous  : ( -0.000208173862 -0.002826677138 -0.0240499084 )


liftDrag LD execute:
Viscous drag: 0.004116650005, pressure drag: 0.02649483366, porous drag: 0
Viscous lift: -3.563335527e-05, pressure lift: -0.443034231, porous lift: 0
Total lift: -0.4430698644, Front lift: -0.1332292949, Rear lift: -0.3098405695, Drag: 0.03061148366
Location of Center of Mass: ( 0.156259772 0.4851455039 -0.03143796203 )
Location of Center Of Pressure: ( 0.2012613178 0.4851455039 -0.0283288269 )


yPlus yPlus execute:
    patch Bottom y+ : min = 1.290809739, max = 381.906822, average = 192.7887277
    patch Top y+ : min = 52.27474407, max = 387.9309055, average = 217.7110088
    patch e423_0 y+ : min = 76.66693983, max = 799.3317883, average = 407.9881174


################################################################################

Time = 88

Outer Loop Iteration = 88
smoothSolver:  Solving for Ux, Initial residual = 0.00285781431, Final residual = 5.851704973e-05, No Iterations 2
smoothSolver:  Solving for Uz, Initial residual = 0.00180127693, Final residual = 4.738625129e-05, No Iterations 2
GAMG:  Solving for p, Initial residual = 0.00219550176, Final residual = 1.912294128e-05, No Iterations 3
GAMG:  Solving for p, Initial residual = 0.0001873061498, Final residual = 1.690938608e-06, No Iterations 3
GAMG:  Solving for p, Initial residual = 2.708493349e-05, Final residual = 2.101753567e-07, No Iterations 3
time step continuity errors (region0): sum local = 1.231785957e-08, global = 6.199691551e-10, cumulative = 1.389528479e-07
smoothSolver:  Solving for omega, Initial residual = 0.0001567803605, Final residual = 1.511062082e-05, No Iterations 1
smoothSolver:  Solving for k, Initial residual = 0.00552977542, Final residual = 0.0005211005642, No Iterations 1

ExecutionTime = 1.29 s  ExecutionStepTime = 0.01 s  ClockTime = 1 s

forces FR write:
    Sum of forces
        Total    : ( 0.3682947052 0 -5.340813865 )
        Pressure : ( 0.3187047469 0 -5.340385681 )
        Viscous  : ( 0.04958995837 0 -0.000428183857 )
    Sum of moments
        Total    : ( -2.591071834 1.064169123 -0.1786765203 )
        Pressure : ( -2.590864102 1.066997641 -0.154618175 )
        Viscous  : ( -0.0002077314731 -0.002828517961 -0.02405834534 )


liftDrag LD execute:
Viscous drag: 0.004118094166, pressure drag: 0.02646616778, porous drag: 0
Viscous lift: -3.555763105e-05, pressure lift: -0.4434811369, porous lift: 0
Total lift: -0.4435166945, Front lift: -0.1333866527, Rear lift: -0.3101300418, Drag: 0.03058426195
Location of Center of Mass: ( 0.156259772 0.4851455039 -0.03143796203 )
Location of Center Of Pressure: ( 0.2012064213 0.4851455039 -0.0283385069 )


yPlus yPlus execute:
    patch Bottom y+ : min = 1.285307459, max = 381.5108, average = 193.2617897
    patch Top y+ : min = 52.22535824, max = 387.9479531, average = 217.7426592
    patch e423_0 y+ : min = 76.76293582, max = 799.5212228, average = 408.0509631


################################################################################

Time = 89

Outer Loop Iteration = 89
smoothSolver:  Solving for Ux, Initial residual = 0.002770195169, Final residual = 5.671777133e-05, No Iterations 2
smoothSolver:  Solving for Uz, Initial residual = 0.001752380905, Final residual = 4.605398104e-05, No Iterations 2
GAMG:  Solving for p, Initial residual = 0.00206769191, Final residual = 1.864352443e-05, No Iterations 3
GAMG:  Solving for p, Initial residual = 0.0001814343401, Final residual = 1.68096215e-06, No Iterations 3
GAMG:  Solving for p, Initial residual = 2.58826116e-05, Final residual = 2.082038164e-07, No Iterations 3
time step continuity errors (region0): sum local = 1.219958964e-08, global = 5.269069588e-10, cumulative = 1.394797549e-07
smoothSolver:  Solving for omega, Initial residual = 0.0001477482571, Final residual = 1.409937265e-05, No Iterations 1
smoothSolver:  Solving for k, Initial residual = 0.005355169782, Final residual = 0.0005022095103, No Iterations 1

ExecutionTime = 1.31 s  ExecutionStepTime = 0.01 s  ClockTime = 1 s

forces FR write:
    Sum of forces
        Total    : ( 0.3679773931 0 -5.346095475 )
        Pressure : ( 0.3183707255 0 -5.345668161 )
        Viscous  : ( 0.04960666765 0 -0.0004273149343 )
    Sum of moments
        Total    : ( -2.593634183 1.064951086 -0.1785225778 )
        Pressure : ( -2.593426873 1.067781375 -0.154456126 )
        Viscous  : ( -0.0002073099191 -0.002830288929 -0.02406645177 )


liftDrag LD execute:
Viscous drag: 0.004119481753, pressure drag: 0.02643842968, porous drag: 0
Viscous lift: -3.548547318e-05, pressure lift: -0.4439198093, porous lift: 0
Total lift: -0.4439552948, Front lift: -0.1335410163, Rear lift: -0.3104142785, Drag: 0.03055791143
Location of Center of Mass: ( 0.156259772 0.4851455039 -0.03143796203 )
Location of Center Of Pressure: ( 0.201152876 0.4851455039 -0.02834792231 )


yPlus yPlus execute:
    patch Bottom y+ : min = 1.281298506, max = 381.3816612, average = 193.7876289
    patch Top y+ : min = 52.15669231, max = 388.0470033, average = 217.8741603
    patch e423_0 y+ : min = 76.85780488, max = 799.700236, average = 408.1114441


################################################################################

Time = 90

Outer Loop Iteration = 90
smoothSolver:  Solving for Ux, Initial residual = 0.002682446557, Final residual = 5.494693837e-05, No Iterations 2
smoothSolver:  Solving for Uz, Initial residual = 0.001716088296, Final residual = 4.480390554e-05, No Iterations 2
GAMG:  Solving for p, Initial residual = 0.001953004939, Final residual = 1.816771424e-05, No Iterations 3
GAMG:  Solving for p, Initial residual = 0.0001751049776, Final residual = 1.653183748e-06, No Iterations 3
GAMG:  Solving for p, Initial residual = 2.473994979e-05, Final residual = 2.055864133e-07, No Iterations 3
time step continuity errors (region0): sum local = 1.204287397e-08, global = 4.434667821e-10, cumulative = 1.399232216e-07
smoothSolver:  Solving for omega, Initial residual = 0.0001390817504, Final residual = 1.316567752e-05, No Iterations 1
smoothSolver:  Solving for k, Initial residual = 0.005180807408, Final residual = 0.0004835666903, No Iterations 1

ExecutionTime = 1.32 s  ExecutionStepTime = 0.01 s  ClockTime = 1 s

forces FR write:
    Sum of forces
        Total    : ( 0.3676581843 0 -5.351323824 )
        Pressure : ( 0.3180354565 0 -5.350897314 )
        Viscous  : ( 0.04962272778 0 -0.0004265106322 )
    Sum of moments
        Total    : ( -2.596170693 1.06572515 -0.1783677151 )
        Pressure : ( -2.595963773 1.068557141 -0.1542934718 )
        Viscous  : ( -0.0002069197155 -0.002831990731 -0.02407424327 )


liftDrag LD execute:
Viscous drag: 0.004120815433, pressure drag: 0.02641058797, porous drag: 0
Viscous lift: -3.54186816e-05, pressure lift: -0.4443540534, porous lift: 0
Total lift: -0.4443894721, Front lift: -0.1336938244, Rear lift: -0.3106956477, Drag: 0.0305314034
Location of Center of Mass: ( 0.156259772 0.4851455039 -0.03143796203 )
Location of Center Of Pressure: ( 0.2010999451 0.4851455039 -0.02835725581 )


yPlus yPlus execute:
    patch Bottom y+ : min = 1.278512629, max = 381.3706912, average = 194.3236182
    patch Top y+ : min = 52.0711591, max = 388.1792476, average = 218.0859098
    patch e423_0 y+ : min = 76.95221567, max = 799.869244, average = 408.1697523


################################################################################

Time = 91

Outer Loop Iteration = 91
smoothSolver:  Solving for Ux, Initial residual = 0.002600132791, Final residual = 5.326919456e-05, No Iterations 2
smoothSolver:  Solving for Uz, Initial residual = 0.001668666271, Final residual = 4.356060469e-05, No Iterations 2
GAMG:  Solving for p, Initial residual = 0.001837277576, Final residual = 1.760636616e-05, No Iterations 3
GAMG:  Solving for p, Initial residual = 0.0001722794389, Final residual = 1.620699365e-06, No Iterations 3
GAMG:  Solving for p, Initial residual = 2.433030326e-05, Final residual = 2.069848233e-07, No Iterations 3
time step continuity errors (region0): sum local = 1.212107135e-08, global = 8.487512547e-10, cumulative = 1.407719729e-07
smoothSolver:  Solving for omega, Initial residual = 0.0001310258693, Final residual = 1.228918666e-05, No Iterations 1
smoothSolver:  Solving for k, Initial residual = 0.00500650493, Final residual = 0.0004651754341, No Iterations 1

ExecutionTime = 1.33 s  ExecutionStepTime = 0.01 s  ClockTime = 1 s

forces FR write:
    Sum of forces
        Total    : ( 0.3673325954 0 -5.356506896 )
        Pressure : ( 0.3176944473 0 -5.356081107 )
        Viscous  : ( 0.04963814815 0 -0.000425789024 )
    Sum of moments
        Total    : ( -2.598685237 1.066491496 -0.1782097571 )
        Pressure : ( -2.598478668 1.069325119 -0.1541280327 )
        Viscous  : ( -0.0002065696306 -0.002833622931 -0.02408172439 )


liftDrag LD execute:
Viscous drag: 0.004122095985, pressure drag: 0.02638226957, porous drag: 0
Viscous lift: -3.535875716e-05, pressure lift: -0.4447845307, porous lift: 0
Total lift: -0.4448198894, Front lift: -0.1338453935, Rear lift: -0.3109744959, Drag: 0.03050436556
Location of Center of Mass: ( 0.156259772 0.4851455039 -0.03143796203 )
Location of Center Of Pressure: ( 0.2010473397 0.4851455039 -0.02836656984 )


yPlus yPlus execute:
    patch Bottom y+ : min = 1.276803025, max = 381.3042021, average = 194.8871307
    patch Top y+ : min = 51.96981203, max = 388.4520544, average = 218.3875482
    patch e423_0 y+ : min = 77.0466447, max = 800.0288129, average = 408.2259661


################################################################################

Time = 92

Outer Loop Iteration = 92
smoothSolver:  Solving for Ux, Initial residual = 0.002518422147, Final residual = 5.160988593e-05, No Iterations 2
smoothSolver:  Solving for Uz, Initial residual = 0.00162673945, Final residual = 4.227510159e-05, No Iterations 2
GAMG:  Solving for p, Initial residual = 0.001767403986, Final residual = 1.69377102e-05, No Iterations 3
GAMG:  Solving for p, Initial residual = 0.0001677796679, Final residual = 1.604697724e-06, No Iterations 3
GAMG:  Solving for p, Initial residual = 2.304903296e-05, Final residual = 1.992075876e-07, No Iterations 3
time step continuity errors (region0): sum local = 1.166216947e-08, global = 6.380215627e-10, cumulative = 1.414099945e-07
smoothSolver:  Solving for omega, Initial residual = 0.0001234980536, Final residual = 1.145728633e-05, No Iterations 1
smoothSolver:  Solving for k, Initial residual = 0.004832446186, Final residual = 0.0004470226722, No Iterations 1

ExecutionTime = 1.35 s  ExecutionStepTime = 0.01 s  ClockTime = 1 s

forces FR write:
    Sum of forces
        Total    : ( 0.367000743 0 -5.361639251 )
        Pressure : ( 0.3173477923 0 -5.361214089 )
        Viscous  : ( 0.04965295065 0 -0.0004251619794 )
    Sum of moments
        Total    : ( -2.601175176 1.067248658 -0.1780487604 )
        Pressure : ( -2.600968911 1.070083844 -0.1539598546 )
        Viscous  : ( -0.0002062654227 -0.002835185931 -0.02408890576 )


liftDrag LD execute:
Viscous drag: 0.004123325228, pressure drag: 0.02635348234, porous drag: 0
Viscous lift: -3.530668555e-05, pressure lift: -0.4452107884, porous lift: 0
Total lift: -0.4452460951, Front lift: -0.1339956194, Rear lift: -0.3112504757, Drag: 0.03047680757
Location of Center of Mass: ( 0.156259772 0.4851455039 -0.03143796203 )
Location of Center Of Pressure: ( 0.2009949889 0.4851455039 -0.02837586534 )


yPlus yPlus execute:
    patch Bottom y+ : min = 1.276045063, max = 381.2705327, average = 195.4816096
    patch Top y+ : min = 51.85861326, max = 388.893021, average = 218.7663448
    patch e423_0 y+ : min = 77.1415089, max = 800.179528, average = 408.2801802


################################################################################

Time = 93

Outer Loop Iteration = 93
smoothSolver:  Solving for Ux, Initial residual = 0.002435292543, Final residual = 4.994229507e-05, No Iterations 2
smoothSolver:  Solving for Uz, Initial residual = 0.001583546215, Final residual = 4.099471442e-05, No Iterations 2
GAMG:  Solving for p, Initial residual = 0.001694914427, Final residual = 1.637567579e-05, No Iterations 3
GAMG:  Solving for p, Initial residual = 0.0001634975492, Final residual = 1.577452493e-06, No Iterations 3
GAMG:  Solving for p, Initial residual = 2.297088169e-05, Final residual = 1.997249376e-07, No Iterations 3
time step continuity errors (region0): sum local = 1.168859466e-08, global = 6.221762417e-10, cumulative = 1.420321707e-07
smoothSolver:  Solving for omega, Initial residual = 0.0001164391923, Final residual = 1.071179475e-05, No Iterations 1
smoothSolver:  Solving for k, Initial residual = 0.004658739411, Final residual = 0.0004290988488, No Iterations 1

ExecutionTime = 1.36 s  ExecutionStepTime = 0.01 s  ClockTime = 1 s

forces FR write:
    Sum of forces
        Total    : ( 0.3666625954 0 -5.366716384 )
        Pressure : ( 0.3169954284 0 -5.366291748 )
        Viscous  : ( 0.04966716698 0 -0.0004246368397 )
    Sum of moments
        Total    : ( -2.603638324 1.067995355 -0.1778847096 )
        Pressure : ( -2.603432314 1.070832036 -0.1537889069 )
        Viscous  : ( -0.0002060106536 -0.002836680831 -0.02409580275 )


liftDrag LD execute:
Viscous drag: 0.004124505793, pressure drag: 0.02632422102, porous drag: 0
Viscous lift: -3.526307643e-05, pressure lift: -0.4456324519, porous lift: 0
Total lift: -0.445667715, Front lift: -0.1341444214, Rear lift: -0.3115232935, Drag: 0.03044872681
Location of Center of Mass: ( 0.156259772 0.4851455039 -0.03143796203 )
Location of Center Of Pressure: ( 0.2009428203 0.4851455039 -0.02838514514 )


yPlus yPlus execute:
    patch Bottom y+ : min = 1.276140602, max = 381.5089487, average = 196.1116099
    patch Top y+ : min = 51.74227477, max = 389.4565811, average = 219.2116256
    patch e423_0 y+ : min = 77.23703312, max = 800.321985, average = 408.3325056


################################################################################

Time = 94

Outer Loop Iteration = 94
smoothSolver:  Solving for Ux, Initial residual = 0.002356318104, Final residual = 4.835339272e-05, No Iterations 2
smoothSolver:  Solving for Uz, Initial residual = 0.001539399996, Final residual = 3.977435585e-05, No Iterations 2
GAMG:  Solving for p, Initial residual = 0.001634976352, Final residual = 1.576933172e-05, No Iterations 3
GAMG:  Solving for p, Initial residual = 0.0001626519686, Final residual = 1.531669729e-06, No Iterations 3
GAMG:  Solving for p, Initial residual = 2.309028291e-05, Final residual = 1.961874602e-07, No Iterations 3
time step continuity errors (region0): sum local = 1.147588259e-08, global = 5.831331213e-10, cumulative = 1.426153038e-07
smoothSolver:  Solving for omega, Initial residual = 0.0001098766318, Final residual = 1.001961861e-05, No Iterations 1
smoothSolver:  Solving for k, Initial residual = 0.004485841275, Final residual = 0.0004114273098, No Iterations 1

ExecutionTime = 1.37 s  ExecutionStepTime = 0.01 s  ClockTime = 1 s

forces FR write:
    Sum of forces
        Total    : ( 0.3663169303 0 -5.371736602 )
        Pressure : ( 0.3166361037 0 -5.371312383 )
        Viscous  : ( 0.04968082655 0 -0.0004242193146 )
    Sum of moments
        Total    : ( -2.60607386 1.068730764 -0.1777170117 )
        Pressure : ( -2.605868052 1.071568873 -0.1536145821 )
        Viscous  : ( -0.0002058080931 -0.002838108646 -0.02410242963 )


liftDrag LD execute:
Viscous drag: 0.004125640124, pressure drag: 0.02629438165, porous drag: 0
Viscous lift: -3.522840393e-05, pressure lift: -0.44604938, porous lift: 0
Total lift: -0.4460846084, Front lift: -0.1342917977, Rear lift: -0.3117928107, Drag: 0.03042002177
Location of Center of Mass: ( 0.156259772 0.4851455039 -0.03143796203 )
Location of Center Of Pressure: ( 0.2008907366 0.4851455039 -0.02839442525 )


yPlus yPlus execute:
    patch Bottom y+ : min = 1.276961747, max = 382.1592263, average = 196.7669974
    patch Top y+ : min = 51.62272741, max = 390.1257425, average = 219.7194287
    patch e423_0 y+ : min = 77.33328292, max = 800.4567956, average = 408.3830307


################################################################################

Time = 95

Outer Loop Iteration = 95
smoothSolver:  Solving for Ux, Initial residual = 0.002280926155, Final residual = 4.678296625e-05, No Iterations 2
smoothSolver:  Solving for Uz, Initial residual = 0.001496570739, Final residual = 3.851223606e-05, No Iterations 2
GAMG:  Solving for p, Initial residual = 0.001586212731, Final residual = 1.521469907e-05, No Iterations 3
GAMG:  Solving for p, Initial residual = 0.000160991712, Final residual = 1.485776684e-06, No Iterations 3
GAMG:  Solving for p, Initial residual = 2.384645398e-05, Final residual = 1.932462087e-07, No Iterations 3
time step continuity errors (region0): sum local = 1.129752945e-08, global = 5.881201927e-10, cumulative = 1.43203424e-07
smoothSolver:  Solving for omega, Initial residual = 0.000103763074, Final residual = 9.391148349e-06, No Iterations 1
smoothSolver:  Solving for k, Initial residual = 0.004313884475, Final residual = 0.0003940011231, No Iterations 1

ExecutionTime = 1.38 s  ExecutionStepTime = 0.01 s  ClockTime = 1 s

forces FR write:
    Sum of forces
        Total    : ( 0.3659641162 0 -5.376698113 )
        Pressure : ( 0.3162701563 0 -5.376274199 )
        Viscous  : ( 0.04969395996 0 -0.0004239139504 )
    Sum of moments
        Total    : ( -2.608480915 1.069454436 -0.1775458456 )
        Pressure : ( -2.608275255 1.072293907 -0.1534370443 )
        Viscous  : ( -0.0002056599471 -0.002839470579 -0.02410880124 )


liftDrag LD execute:
Viscous drag: 0.00412673076, pressure drag: 0.02626399231, porous drag: 0
Viscous lift: -3.52030456e-05, pressure lift: -0.4464614237, porous lift: 0
Total lift: -0.4464966267, Front lift: -0.134437711, Rear lift: -0.3120589157, Drag: 0.03039072307
Location of Center of Mass: ( 0.156259772 0.4851455039 -0.03143796203 )
Location of Center Of Pressure: ( 0.200838721 0.4851455039 -0.02840370284 )


yPlus yPlus execute:
    patch Bottom y+ : min = 1.278374183, max = 383.0043686, average = 197.4294129
    patch Top y+ : min = 51.5077547, max = 390.8975617, average = 220.2714155
    patch e423_0 y+ : min = 77.43024769, max = 800.5846046, average = 408.4318537


################################################################################

Time = 96

Outer Loop Iteration = 96
smoothSolver:  Solving for Ux, Initial residual = 0.002203666827, Final residual = 4.496315049e-05, No Iterations 2
smoothSolver:  Solving for Uz, Initial residual = 0.001452349258, Final residual = 3.713982471e-05, No Iterations 2
GAMG:  Solving for p, Initial residual = 0.001546534865, Final residual = 1.460084913e-05, No Iterations 3
GAMG:  Solving for p, Initial residual = 0.000157189304, Final residual = 1.432838037e-06, No Iterations 3
GAMG:  Solving for p, Initial residual = 2.318805027e-05, Final residual = 1.900547051e-07, No Iterations 3
time step continuity errors (region0): sum local = 1.110408861e-08, global = 5.70996379e-10, cumulative = 1.437744204e-07
smoothSolver:  Solving for omega, Initial residual = 9.813207103e-05, Final residual = 8.811800763e-06, No Iterations 1
smoothSolver:  Solving for k, Initial residual = 0.004143086241, Final residual = 0.0003768369739, No Iterations 1

ExecutionTime = 1.39 s  ExecutionStepTime = 0.01 s  ClockTime = 1 s

forces FR write:
    Sum of forces
        Total    : ( 0.3656041635 0 -5.38160318 )
        Pressure : ( 0.315897566 0 -5.381179456 )
        Viscous  : ( 0.04970659757 0 -0.0004237245544 )
    Sum of moments
        Total    : ( -2.610860586 1.070166727 -0.1773712161 )
        Pressure : ( -2.610655018 1.073007495 -0.1532562838 )
        Viscous  : ( -0.0002055680624 -0.002840768083 -0.02411493232 )


liftDrag LD execute:
Viscous drag: 0.004127780223, pressure drag: 0.02623305133, porous drag: 0
Viscous lift: -3.51873176e-05, pressure lift: -0.4468687704, porous lift: 0
Total lift: -0.4469039577, Front lift: -0.1345822258, Rear lift: -0.3123217319, Drag: 0.03036083155
Location of Center of Mass: ( 0.156259772 0.4851455039 -0.03143796203 )
Location of Center Of Pressure: ( 0.2007867534 0.4851455039 -0.02841298058 )


yPlus yPlus execute:
    patch Bottom y+ : min = 1.280275104, max = 383.9499156, average = 198.0846412
    patch Top y+ : min = 51.342982, max = 391.7387989, average = 220.8287966
    patch e423_0 y+ : min = 77.5278513, max = 800.706036, average = 408.4790781


################################################################################

Time = 97

Outer Loop Iteration = 97
smoothSolver:  Solving for Ux, Initial residual = 0.002130323764, Final residual = 4.313990414e-05, No Iterations 2
smoothSolver:  Solving for Uz, Initial residual = 0.001405363484, Final residual = 3.564097392e-05, No Iterations 2
GAMG:  Solving for p, Initial residual = 0.001516064074, Final residual = 1.407439504e-05, No Iterations 3
GAMG:  Solving for p, Initial residual = 0.0001524966772, Final residual = 1.38064619e-06, No Iterations 3
GAMG:  Solving for p, Initial residual = 2.248975989e-05, Final residual = 1.843149951e-07, No Iterations 3
time step continuity errors (region0): sum local = 1.076162263e-08, global = 5.201903127e-10, cumulative = 1.442946107e-07
smoothSolver:  Solving for omega, Initial residual = 9.291283627e-05, Final residual = 8.295184124e-06, No Iterations 1
smoothSolver:  Solving for k, Initial residual = 0.003973395934, Final residual = 0.0003599245318, No Iterations 1

ExecutionTime = 1.39 s  ExecutionStepTime = 0 s  ClockTime = 1 s

forces FR write:
    Sum of forces
        Total    : ( 0.36523786 0 -5.386448701 )
        Pressure : ( 0.3155190875 0 -5.386025047 )
        Viscous  : ( 0.04971877245 0 -0.0004236540361 )
    Sum of moments
        Total    : ( -2.613211369 1.070867158 -0.1771935056 )
        Pressure : ( -2.613005835 1.073709161 -0.1530726667 )
        Viscous  : ( -0.0002055338508 -0.002842002931 -0.02412083891 )


liftDrag LD execute:
Viscous drag: 0.004128791261, pressure drag: 0.02620162138, porous drag: 0
Viscous lift: -3.518146156e-05, pressure lift: -0.4472711624, porous lift: 0
Total lift: -0.4473063438, Front lift: -0.134725253, Rear lift: -0.3125810908, Drag: 0.03033041264
Location of Center of Mass: ( 0.156259772 0.4851455039 -0.03143796203 )
Location of Center Of Pressure: ( 0.2007348625 0.4851455039 -0.02842224838 )


yPlus yPlus execute:
    patch Bottom y+ : min = 1.282560696, max = 384.9308171, average = 198.7240024
    patch Top y+ : min = 51.15385967, max = 392.5913943, average = 221.3634995
    patch e423_0 y+ : min = 77.6260107, max = 800.8217407, average = 408.5248168


################################################################################

Time = 98

Outer Loop Iteration = 98
smoothSolver:  Solving for Ux, Initial residual = 0.002052946761, Final residual = 4.146761664e-05, No Iterations 2
smoothSolver:  Solving for Uz, Initial residual = 0.001356592692, Final residual = 3.408171435e-05, No Iterations 2
GAMG:  Solving for p, Initial residual = 0.001488541465, Final residual = 1.351100849e-05, No Iterations 3
GAMG:  Solving for p, Initial residual = 0.0001500583586, Final residual = 1.317336746e-06, No Iterations 3
GAMG:  Solving for p, Initial residual = 2.172475143e-05, Final residual = 1.768883875e-07, No Iterations 3
time step continuity errors (region0): sum local = 1.032118811e-08, global = 5.107953536e-10, cumulative = 1.448054061e-07
smoothSolver:  Solving for omega, Initial residual = 8.810129903e-05, Final residual = 7.854857222e-06, No Iterations 1
smoothSolver:  Solving for k, Initial residual = 0.003804572413, Final residual = 0.0003432497785, No Iterations 1

ExecutionTime = 1.42 s  ExecutionStepTime = 0.02 s  ClockTime = 1 s

forces FR write:
    Sum of forces
        Total    : ( 0.364865885 0 -5.391215781 )
        Pressure : ( 0.3151353782 0 -5.390792081 )
        Viscous  : ( 0.04973050678 0 -0.0004236998917 )
    Sum of moments
        Total    : ( -2.615524096 1.071551873 -0.1770130436 )
        Pressure : ( -2.61531854 1.07439505 -0.1528865118 )
        Viscous  : ( -0.0002055560975 -0.002843176749 -0.02412653177 )


liftDrag LD execute:
Viscous drag: 0.004129765714, pressure drag: 0.02616975705, porous drag: 0
Viscous lift: -3.518526955e-05, pressure lift: -0.4476670307, porous lift: 0
Total lift: -0.447702216, Front lift: -0.1348663284, Rear lift: -0.3128358876, Drag: 0.03029952276
Location of Center of Mass: ( 0.156259772 0.4851455039 -0.03143796203 )
Location of Center Of Pressure: ( 0.2006830367 0.4851455039 -0.02843149106 )


yPlus yPlus execute:
    patch Bottom y+ : min = 1.285111326, max = 385.9292705, average = 199.3501362
    patch Top y+ : min = 50.95253917, max = 393.3707847, average = 221.8691947
    patch e423_0 y+ : min = 77.72455682, max = 800.9323221, average = 408.5691496


################################################################################

Time = 99

Outer Loop Iteration = 99
smoothSolver:  Solving for Ux, Initial residual = 0.001974553259, Final residual = 3.993966576e-05, No Iterations 2
smoothSolver:  Solving for Uz, Initial residual = 0.001306032357, Final residual = 3.250547939e-05, No Iterations 2
GAMG:  Solving for p, Initial residual = 0.0014479938, Final residual = 1.301756307e-05, No Iterations 3
GAMG:  Solving for p, Initial residual = 0.000145796776, Final residual = 1.267076344e-06, No Iterations 3
GAMG:  Solving for p, Initial residual = 2.099369667e-05, Final residual = 1.709369875e-07, No Iterations 3
time step continuity errors (region0): sum local = 9.967071247e-09, global = 5.638198635e-10, cumulative = 1.453692259e-07
smoothSolver:  Solving for omega, Initial residual = 8.363899808e-05, Final residual = 7.46533282e-06, No Iterations 1
smoothSolver:  Solving for k, Initial residual = 0.00363689011, Final residual = 0.0003268375661, No Iterations 1

ExecutionTime = 1.42 s  ExecutionStepTime = 0 s  ClockTime = 1 s

forces FR write:
    Sum of forces
        Total    : ( 0.3644870552 0 -5.395914891 )
        Pressure : ( 0.3147452368 0 -5.395491032 )
        Viscous  : ( 0.04974181839 0 -0.0004238588801 )
    Sum of moments
        Total    : ( -2.617803849 1.072223092 -0.176829256 )
        Pressure : ( -2.617598215 1.075067383 -0.1526972365 )
        Viscous  : ( -0.0002056332299 -0.002844291298 -0.02413201955 )


liftDrag LD execute:
Viscous drag: 0.004130705063, pressure drag: 0.02613735857, porous drag: 0
Viscous lift: -3.51984724e-05, pressure lift: -0.4480572453, porous lift: 0
Total lift: -0.4480924438, Front lift: -0.1350057023, Rear lift: -0.3130867415, Drag: 0.03026806363
Location of Center of Mass: ( 0.156259772 0.4851455039 -0.03143796203 )
Location of Center Of Pressure: ( 0.2006312904 0.4851455039 -0.02844072349 )


yPlus yPlus execute:
    patch Bottom y+ : min = 1.287847079, max = 386.9526435, average = 199.957682
    patch Top y+ : min = 50.73823431, max = 394.0892889, average = 222.3515873
    patch e423_0 y+ : min = 77.8231535, max = 801.0383088, average = 408.6121382


################################################################################

Time = 100

Outer Loop Iteration = 100
smoothSolver:  Solving for Ux, Initial residual = 0.001897597366, Final residual = 3.83619314e-05, No Iterations 2
smoothSolver:  Solving for Uz, Initial residual = 0.001256919625, Final residual = 3.098992728e-05, No Iterations 2
GAMG:  Solving for p, Initial residual = 0.001426594765, Final residual = 1.259645252e-05, No Iterations 3
GAMG:  Solving for p, Initial residual = 0.0001428908631, Final residual = 1.219723612e-06, No Iterations 3
GAMG:  Solving for p, Initial residual = 2.100342426e-05, Final residual = 1.670901457e-07, No Iterations 3
time step continuity errors (region0): sum local = 9.735590583e-09, global = 5.797636559e-10, cumulative = 1.459489896e-07
smoothSolver:  Solving for omega, Initial residual = 7.963514169e-05, Final residual = 7.130472231e-06, No Iterations 1
smoothSolver:  Solving for k, Initial residual = 0.003470653217, Final residual = 0.0003107194916, No Iterations 1

ExecutionTime = 1.43 s  ExecutionStepTime = 0 s  ClockTime = 1 s

forces FR write:
    Sum of forces
        Total    : ( 0.364101302 0 -5.400545075 )
        Pressure : ( 0.314348569 0 -5.400120946 )
        Viscous  : ( 0.04975273301 0 -0.000424128533 )
    Sum of moments
        Total    : ( -2.620050161 1.072880601 -0.1766421096 )
        Pressure : ( -2.619844397 1.07572595 -0.1525047949 )
        Viscous  : ( -0.0002057640509 -0.002845348903 -0.02413731472 )


liftDrag LD execute:
Viscous drag: 0.004131611444, pressure drag: 0.02610441813, porous drag: 0
Viscous lift: -3.522086517e-05, pressure lift: -0.4484417268, porous lift: 0
Total lift: -0.4484769476, Front lift: -0.1351433527, Rear lift: -0.3133335949, Drag: 0.03023602957
Location of Center of Mass: ( 0.156259772 0.4851455039 -0.03143796203 )
Location of Center Of Pressure: ( 0.2005796172 0.4851455039 -0.02844994635 )


yPlus yPlus execute:
    patch Bottom y+ : min = 1.290706137, max = 387.9797259, average = 200.5412131
    patch Top y+ : min = 50.50744316, max = 394.7676779, average = 222.8083742
    patch e423_0 y+ : min = 77.92177398, max = 801.1401515, average = 408.6538264


################################################################################

Time = 101

Outer Loop Iteration = 101
smoothSolver:  Solving for Ux, Initial residual = 0.001826563179, Final residual = 3.687685143e-05, No Iterations 2
smoothSolver:  Solving for Uz, Initial residual = 0.001207231093, Final residual = 2.947687066e-05, No Iterations 2
GAMG:  Solving for p, Initial residual = 0.001431216849, Final residual = 1.211225657e-05, No Iterations 3
GAMG:  Solving for p, Initial residual = 0.0001399207601, Final residual = 1.166840084e-06, No Iterations 3
GAMG:  Solving for p, Initial residual = 2.089372405e-05, Final residual = 1.633334996e-07, No Iterations 3
time step continuity errors (region0): sum local = 9.509403428e-09, global = 3.871756116e-10, cumulative = 1.463361652e-07
smoothSolver:  Solving for omega, Initial residual = 7.599563505e-05, Final residual = 6.804261369e-06, No Iterations 1
smoothSolver:  Solving for k, Initial residual = 0.003306949841, Final residual = 0.0002949883829, No Iterations 1

ExecutionTime = 1.45 s  ExecutionStepTime = 0.02 s  ClockTime = 1 s

forces FR write:
    Sum of forces
        Total    : ( 0.3637127212 0 -5.405098722 )
        Pressure : ( 0.3139494424 0 -5.404674219 )
        Viscous  : ( 0.04976327876 0 -0.0004245027936 )
    Sum of moments
        Total    : ( -2.622259343 1.073524129 -0.1764535914 )
        Pressure : ( -2.622053397 1.076370481 -0.1523111604 )
        Viscous  : ( -0.0002059456217 -0.002846352175 -0.02414243095 )


liftDrag LD execute:
Viscous drag: 0.004132487194, pressure drag: 0.02607127349, porous drag: 0
Viscous lift: -3.525194485e-05, pressure lift: -0.4488198438, porous lift: 0
Total lift: -0.4488550957, Front lift: -0.1352789864, Rear lift: -0.3135761094, Drag: 0.03020376069
Location of Center of Mass: ( 0.156259772 0.4851455039 -0.03143796203 )
Location of Center Of Pressure: ( 0.2005282648 0.4851455039 -0.02845910544 )


yPlus yPlus execute:
    patch Bottom y+ : min = 1.293621608, max = 388.977743, average = 201.0994423
    patch Top y+ : min = 50.27394343, max = 395.3989677, average = 223.2387085
    patch e423_0 y+ : min = 78.02024568, max = 801.2384889, average = 408.6943109


################################################################################

Time = 102

Outer Loop Iteration = 102
smoothSolver:  Solving for Ux, Initial residual = 0.001758090702, Final residual = 3.541552254e-05, No Iterations 2
smoothSolver:  Solving for Uz, Initial residual = 0.001157822737, Final residual = 2.801246697e-05, No Iterations 2
GAMG:  Solving for p, Initial residual = 0.001420929829, Final residual = 1.15965456e-05, No Iterations 3
GAMG:  Solving for p, Initial residual = 0.0001372769264, Final residual = 1.118877978e-06, No Iterations 3
GAMG:  Solving for p, Initial residual = 2.071319338e-05, Final residual = 1.594105538e-07, No Iterations 3
time step continuity errors (region0): sum local = 9.273304622e-09, global = 3.874890799e-10, cumulative = 1.467236543e-07
smoothSolver:  Solving for omega, Initial residual = 7.270349716e-05, Final residual = 6.525759354e-06, No Iterations 1
smoothSolver:  Solving for k, Initial residual = 0.003146409897, Final residual = 0.0002796980538, No Iterations 1

ExecutionTime = 1.45 s  ExecutionStepTime = 0 s  ClockTime = 1 s

forces FR write:
    Sum of forces
        Total    : ( 0.3633213501 0 -5.409576889 )
        Pressure : ( 0.3135478724 0 -5.409151916 )
        Viscous  : ( 0.04977347773 0 -0.0004249733333 )
    Sum of moments
        Total    : ( -2.624431905 1.074154206 -0.1762637195 )
        Pressure : ( -2.624225732 1.07700151 -0.1521163405 )
        Viscous  : ( -0.0002061739019 -0.002847303881 -0.02414737893 )


liftDrag LD execute:
Viscous drag: 0.004133334146, pressure drag: 0.02603792595, porous drag: 0
Viscous lift: -3.529101983e-05, pressure lift: -0.4491916847, porous lift: 0
Total lift: -0.4492269757, Front lift: -0.135412603, Rear lift: -0.3138143728, Drag: 0.0301712601
Location of Center of Mass: ( 0.156259772 0.4851455039 -0.03143796203 )
Location of Center Of Pressure: ( 0.2004772891 0.4851455039 -0.02846819779 )


yPlus yPlus execute:
    patch Bottom y+ : min = 1.296543615, max = 389.9302475, average = 201.6338749
    patch Top y+ : min = 50.03880549, max = 395.9921714, average = 223.6420739
    patch e423_0 y+ : min = 78.11819944, max = 801.3336786, average = 408.7336585


################################################################################

Time = 103

Outer Loop Iteration = 103
smoothSolver:  Solving for Ux, Initial residual = 0.00169071652, Final residual = 3.415182707e-05, No Iterations 2
smoothSolver:  Solving for Uz, Initial residual = 0.001108083126, Final residual = 2.651918204e-05, No Iterations 2
GAMG:  Solving for p, Initial residual = 0.001407404061, Final residual = 1.109708725e-05, No Iterations 3
GAMG:  Solving for p, Initial residual = 0.0001362870939, Final residual = 1.070052408e-06, No Iterations 3
GAMG:  Solving for p, Initial residual = 2.083416137e-05, Final residual = 1.529535748e-07, No Iterations 3
time step continuity errors (region0): sum local = 8.889673758e-09, global = 3.444942037e-10, cumulative = 1.470681485e-07
smoothSolver:  Solving for omega, Initial residual = 6.95267688e-05, Final residual = 6.256905021e-06, No Iterations 1
smoothSolver:  Solving for k, Initial residual = 0.002989359951, Final residual = 0.0002648698271, No Iterations 1

ExecutionTime = 1.46 s  ExecutionStepTime = 0 s  ClockTime = 1 s

forces FR write:
    Sum of forces
        Total    : ( 0.3629279757 0 -5.413970602 )
        Pressure : ( 0.3131446262 0 -5.413545069 )
        Viscous  : ( 0.04978334956 0 -0.0004255324206 )
    Sum of moments
        Total    : ( -2.626563495 1.074768906 -0.1760728756 )
        Pressure : ( -2.62635705 1.077617113 -0.1519207074 )
        Viscous  : ( -0.0002064451406 -0.002848206802 -0.02415216821 )


liftDrag LD execute:
Viscous drag: 0.004134153932, pressure drag: 0.02600443921, porous drag: 0
Viscous lift: -3.533744807e-05, pressure lift: -0.4495565049, porous lift: 0
Total lift: -0.4495918424, Front lift: -0.1355439898, Rear lift: -0.3140478526, Drag: 0.03013859315
Location of Center of Mass: ( 0.156259772 0.4851455039 -0.03143796203 )
Location of Center Of Pressure: ( 0.2004266672 0.4851455039 -0.02847721417 )


yPlus yPlus execute:
    patch Bottom y+ : min = 1.29946569, max = 390.8612721, average = 202.1586894
    patch Top y+ : min = 49.81123272, max = 396.5443668, average = 224.0234046
    patch e423_0 y+ : min = 78.21535886, max = 801.4261409, average = 408.7719231


################################################################################

Time = 104

Outer Loop Iteration = 104
smoothSolver:  Solving for Ux, Initial residual = 0.001625267594, Final residual = 3.291525161e-05, No Iterations 2
smoothSolver:  Solving for Uz, Initial residual = 0.001061703107, Final residual = 2.503166198e-05, No Iterations 2
GAMG:  Solving for p, Initial residual = 0.001407732526, Final residual = 1.062785703e-05, No Iterations 3
GAMG:  Solving for p, Initial residual = 0.000133536514, Final residual = 1.049569505e-06, No Iterations 3
GAMG:  Solving for p, Initial residual = 2.039802433e-05, Final residual = 1.390950237e-07, No Iterations 3
time step continuity errors (region0): sum local = 8.076264357e-09, global = 2.926452046e-10, cumulative = 1.473607937e-07
smoothSolver:  Solving for omega, Initial residual = 6.649068159e-05, Final residual = 6.000871048e-06, No Iterations 1
smoothSolver:  Solving for k, Initial residual = 0.0028358202, Final residual = 0.0002504978235, No Iterations 1

ExecutionTime = 1.48 s  ExecutionStepTime = 0.02 s  ClockTime = 1 s

forces FR write:
    Sum of forces
        Total    : ( 0.3625337015 0 -5.418270985 )
        Pressure : ( 0.3127407888 0 -5.417844813 )
        Viscous  : ( 0.04979291262 0 -0.0004261717567 )
    Sum of moments
        Total    : ( -2.628649807 1.075366909 -0.1758815953 )
        Pressure : ( -2.628443052 1.078215972 -0.1517247876 )
        Viscous  : ( -0.0002067553116 -0.002849063735 -0.02415680768 )


liftDrag LD execute:
Viscous drag: 0.004134948076, pressure drag: 0.02597090339, porous drag: 0
Viscous lift: -3.53905404e-05, pressure lift: -0.4499135682, porous lift: 0
Total lift: -0.4499489587, Front lift: -0.1356728881, Rear lift: -0.3142760706, Drag: 0.03010585147
Location of Center of Mass: ( 0.156259772 0.4851455039 -0.03143796203 )
Location of Center Of Pressure: ( 0.2003764846 0.4851455039 -0.02848613567 )


yPlus yPlus execute:
    patch Bottom y+ : min = 1.30240764, max = 391.9246905, average = 202.6789834
    patch Top y+ : min = 49.61218401, max = 397.0708822, average = 224.3896445
    patch e423_0 y+ : min = 78.31150947, max = 801.5161891, average = 408.8091482


################################################################################

Time = 105

Outer Loop Iteration = 105
smoothSolver:  Solving for Ux, Initial residual = 0.001563204161, Final residual = 3.172847743e-05, No Iterations 2
smoothSolver:  Solving for Uz, Initial residual = 0.001014365482, Final residual = 2.362747906e-05, No Iterations 2
GAMG:  Solving for p, Initial residual = 0.001399764227, Final residual = 1.014126537e-05, No Iterations 3
GAMG:  Solving for p, Initial residual = 0.0001322698829, Final residual = 9.920056427e-07, No Iterations 3
GAMG:  Solving for p, Initial residual = 1.997920115e-05, Final residual = 1.322135842e-07, No Iterations 3
time step continuity errors (region0): sum local = 7.668690279e-09, global = 4.599366622e-10, cumulative = 1.478207303e-07
smoothSolver:  Solving for omega, Initial residual = 6.368015582e-05, Final residual = 5.762032785e-06, No Iterations 1
smoothSolver:  Solving for k, Initial residual = 0.002686524265, Final residual = 0.0002366267048, No Iterations 1

ExecutionTime = 1.49 s  ExecutionStepTime = 0.01 s  ClockTime = 1 s

forces FR write:
    Sum of forces
        Total    : ( 0.3621400426 0 -5.422469118 )
        Pressure : ( 0.3123378606 0 -5.422042236 )
        Viscous  : ( 0.049802182 0 -0.0004268820803 )
    Sum of moments
        Total    : ( -2.630686512 1.075947679 -0.1756906134 )
        Pressure : ( -2.630479412 1.078797556 -0.1515293087 )
        Viscous  : ( -0.0002070999219 -0.002849877387 -0.02416130468 )


liftDrag LD execute:
Viscous drag: 0.004135717832, pressure drag: 0.02593744306, porous drag: 0
Viscous lift: -3.544952773e-05, pressure lift: -0.4502621343, porous lift: 0
Total lift: -0.4502975838, Front lift: -0.1357989718, Rear lift: -0.314498612, Drag: 0.03007316089
Location of Center of Mass: ( 0.156259772 0.4851455039 -0.03143796203 )
Location of Center Of Pressure: ( 0.2003269748 0.4851455039 -0.0284949303 )


yPlus yPlus execute:
    patch Bottom y+ : min = 1.305330669, max = 393.1154972, average = 203.1921542
    patch Top y+ : min = 49.46282272, max = 397.5916718, average = 224.7512604
    patch e423_0 y+ : min = 78.40645298, max = 801.6040959, average = 408.8453528


################################################################################

Time = 106

Outer Loop Iteration = 106
smoothSolver:  Solving for Ux, Initial residual = 0.00150261905, Final residual = 3.080031904e-05, No Iterations 2
smoothSolver:  Solving for Uz, Initial residual = 0.0009671449282, Final residual = 2.224137593e-05, No Iterations 2
GAMG:  Solving for p, Initial residual = 0.001386474589, Final residual = 9.712351966e-06, No Iterations 3
GAMG:  Solving for p, Initial residual = 0.0001335377498, Final residual = 9.431206433e-07, No Iterations 3
GAMG:  Solving for p, Initial residual = 2.027826327e-05, Final residual = 1.258904728e-07, No Iterations 3
time step continuity errors (region0): sum local = 7.294211755e-09, global = 2.845905548e-10, cumulative = 1.481053209e-07
smoothSolver:  Solving for omega, Initial residual = 6.096437204e-05, Final residual = 5.553263844e-06, No Iterations 1
smoothSolver:  Solving for k, Initial residual = 0.002541778261, Final residual = 0.0002232714987, No Iterations 1

ExecutionTime = 1.49 s  ExecutionStepTime = 0 s  ClockTime = 1 s

forces FR write:
    Sum of forces
        Total    : ( 0.3617479473 0 -5.426563008 )
        Pressure : ( 0.3119367751 0 -5.426135353 )
        Viscous  : ( 0.04981117223 0 -0.000427654198 )
    Sum of moments
        Total    : ( -2.632672644 1.076510912 -0.1755003902 )
        Pressure : ( -2.63246517 1.079361563 -0.1513347239 )
        Viscous  : ( -0.0002074745114 -0.002850650376 -0.02416566625 )


liftDrag LD execute:
Viscous drag: 0.004136464407, pressure drag: 0.02590413575, porous drag: 0
Viscous lift: -3.551364663e-05, pressure lift: -0.4506020387, porous lift: 0
Total lift: -0.4506375523, Front lift: -0.1359221835, Rear lift: -0.3147153688, Drag: 0.03004060016
Location of Center of Mass: ( 0.156259772 0.4851455039 -0.03143796203 )
Location of Center Of Pressure: ( 0.200278155 0.4851455039 -0.02850358908 )


yPlus yPlus execute:
    patch Bottom y+ : min = 1.308230416, max = 394.3633213, average = 203.6862033
    patch Top y+ : min = 49.33020569, max = 398.1248038, average = 225.1076434
    patch e423_0 y+ : min = 78.49995674, max = 801.6901197, average = 408.880571


################################################################################

Time = 107

Outer Loop Iteration = 107
smoothSolver:  Solving for Ux, Initial residual = 0.001444852291, Final residual = 2.985962787e-05, No Iterations 2
smoothSolver:  Solving for Uz, Initial residual = 0.0009205593963, Final residual = 2.087265299e-05, No Iterations 2
GAMG:  Solving for p, Initial residual = 0.001362406888, Final residual = 9.33013663e-06, No Iterations 3
GAMG:  Solving for p, Initial residual = 0.0001302118094, Final residual = 8.998087133e-07, No Iterations 3
GAMG:  Solving for p, Initial residual = 1.957302793e-05, Final residual = 1.222200115e-07, No Iterations 3
time step continuity errors (region0): sum local = 7.074171147e-09, global = 2.68043873e-10, cumulative = 1.483733648e-07
smoothSolver:  Solving for omega, Initial residual = 5.834165433e-05, Final residual = 5.359068653e-06, No Iterations 1
smoothSolver:  Solving for k, Initial residual = 0.002401858425, Final residual = 0.0002104422139, No Iterations 1

ExecutionTime = 1.51 s  ExecutionStepTime = 0.01 s  ClockTime = 1 s

forces FR write:
    Sum of forces
        Total    : ( 0.3613587745 0 -5.430537409 )
        Pressure : ( 0.3115388771 0 -5.43010893 )
        Viscous  : ( 0.04981989745 0 -0.0004284787924 )
    Sum of moments
        Total    : ( -2.634600807 1.077054025 -0.1753115847 )
        Pressure : ( -2.634392933 1.07990541 -0.1511416855 )
        Viscous  : ( -0.0002078745596 -0.002851385297 -0.02416989925 )


liftDrag LD execute:
Viscous drag: 0.004137188975, pressure drag: 0.02587109314, porous drag: 0
Viscous lift: -3.558212334e-05, pressure lift: -0.450932016, porous lift: 0
Total lift: -0.4509675982, Front lift: -0.1360421048, Rear lift: -0.3149254934, Drag: 0.03000828212
Location of Center of Mass: ( 0.156259772 0.4851455039 -0.03143796203 )
Location of Center Of Pressure: ( 0.2002301128 0.4851455039 -0.02851208798 )


yPlus yPlus execute:
    patch Bottom y+ : min = 1.311113015, max = 395.5711892, average = 204.1457006
    patch Top y+ : min = 49.19139015, max = 398.683933, average = 225.4560111
    patch e423_0 y+ : min = 78.59179775, max = 801.7744423, average = 408.9148419


################################################################################

Time = 108

Outer Loop Iteration = 108
smoothSolver:  Solving for Ux, Initial residual = 0.001390065042, Final residual = 2.888172697e-05, No Iterations 2
smoothSolver:  Solving for Uz, Initial residual = 0.0008740456753, Final residual = 1.955020879e-05, No Iterations 2
GAMG:  Solving for p, Initial residual = 0.001369206758, Final residual = 8.908055809e-06, No Iterations 3
GAMG:  Solving for p, Initial residual = 0.0001288102857, Final residual = 8.675176786e-07, No Iterations 3
GAMG:  Solving for p, Initial residual = 1.951971716e-05, Final residual = 1.200104792e-07, No Iterations 3
time step continuity errors (region0): sum local = 6.939475047e-09, global = 5.169620523e-10, cumulative = 1.488903268e-07
smoothSolver:  Solving for omega, Initial residual = 5.578600271e-05, Final residual = 5.165897022e-06, No Iterations 1
smoothSolver:  Solving for k, Initial residual = 0.002266889725, Final residual = 0.0001981409449, No Iterations 1

ExecutionTime = 1.52 s  ExecutionStepTime = 0.01 s  ClockTime = 1 s

forces FR write:
    Sum of forces
        Total    : ( 0.3609733783 0 -5.434394531 )
        Pressure : ( 0.311145006 0 -5.433965185 )
        Viscous  : ( 0.04982837226 0 -0.0004293458293 )
    Sum of moments
        Total    : ( -2.636472073 1.07757788 -0.1751246115 )
        Pressure : ( -2.636263777 1.080429965 -0.1509506007 )
        Viscous  : ( -0.0002082951987 -0.002852084919 -0.02417401077 )


liftDrag LD execute:
Viscous drag: 0.004137892748, pressure drag: 0.02583838495, porous drag: 0
Viscous lift: -3.56541246e-05, pressure lift: -0.4512522506, porous lift: 0
Total lift: -0.4512879048, Front lift: -0.1361587557, Rear lift: -0.3151291491, Drag: 0.0299762777
Location of Center of Mass: ( 0.156259772 0.4851455039 -0.03143796203 )
Location of Center Of Pressure: ( 0.2001829247 0.4851455039 -0.02852041736 )


yPlus yPlus execute:
    patch Bottom y+ : min = 1.313966653, max = 396.6820183, average = 204.5629128
    patch Top y+ : min = 49.05278139, max = 399.2585532, average = 225.8033334
    patch e423_0 y+ : min = 78.68175983, max = 801.8572016, average = 408.9482057


################################################################################

Time = 109

Outer Loop Iteration = 109
smoothSolver:  Solving for Ux, Initial residual = 0.001339365998, Final residual = 2.80931977e-05, No Iterations 2
smoothSolver:  Solving for Uz, Initial residual = 0.0008286353096, Final residual = 1.829076978e-05, No Iterations 2
GAMG:  Solving for p, Initial residual = 0.001371834377, Final residual = 8.440108944e-06, No Iterations 3
GAMG:  Solving for p, Initial residual = 0.0001267087333, Final residual = 8.302170966e-07, No Iterations 3
GAMG:  Solving for p, Initial residual = 1.937378136e-05, Final residual = 1.149723947e-07, No Iterations 3
time step continuity errors (region0): sum local = 6.642308398e-09, global = 2.64835735e-10, cumulative = 1.491551626e-07
smoothSolver:  Solving for omega, Initial residual = 5.330376261e-05, Final residual = 4.966577227e-06, No Iterations 1
smoothSolver:  Solving for k, Initial residual = 0.002136884761, Final residual = 0.0001863500016, No Iterations 1

ExecutionTime = 1.53 s  ExecutionStepTime = 0.01 s  ClockTime = 1 s

forces FR write:
    Sum of forces
        Total    : ( 0.360592846 0 -5.438130797 )
        Pressure : ( 0.3107562527 0 -5.437700553 )
        Viscous  : ( 0.0498365933 0 -0.0004302444027 )
    Sum of moments
        Total    : ( -2.638284706 1.078082167 -0.1749399979 )
        Pressure : ( -2.638075974 1.080934919 -0.1507619988 )
        Viscous  : ( -0.0002087311375 -0.002852751908 -0.02417799917 )


liftDrag LD execute:
Viscous drag: 0.004138575447, pressure drag: 0.02580610174, porous drag: 0
Viscous lift: -3.572874475e-05, pressure lift: -0.4515624464, porous lift: 0
Total lift: -0.4515981752, Front lift: -0.1362720134, Rear lift: -0.3153261618, Drag: 0.02994467719
Location of Center of Mass: ( 0.156259772 0.4851455039 -0.03143796203 )
Location of Center Of Pressure: ( 0.2001366653 0.4851455039 -0.02852856276 )


yPlus yPlus execute:
    patch Bottom y+ : min = 1.316748881, max = 397.4371198, average = 204.9307944
    patch Top y+ : min = 48.92150901, max = 399.8451246, average = 226.1469918
    patch e423_0 y+ : min = 78.76965466, max = 801.9385034, average = 408.9806982


################################################################################

Time = 110

Outer Loop Iteration = 110
smoothSolver:  Solving for Ux, Initial residual = 0.001286369836, Final residual = 2.733726106e-05, No Iterations 2
smoothSolver:  Solving for Uz, Initial residual = 0.0007842554947, Final residual = 1.708335032e-05, No Iterations 2
GAMG:  Solving for p, Initial residual = 0.001373772167, Final residual = 8.020355459e-06, No Iterations 3
GAMG:  Solving for p, Initial residual = 0.0001220415432, Final residual = 7.836846103e-07, No Iterations 3
GAMG:  Solving for p, Initial residual = 1.852685138e-05, Final residual = 1.064808518e-07, No Iterations 3
time step continuity errors (region0): sum local = 6.14714883e-09, global = 2.517035187e-10, cumulative = 1.494068661e-07
smoothSolver:  Solving for omega, Initial residual = 5.087874698e-05, Final residual = 4.766997376e-06, No Iterations 1
smoothSolver:  Solving for k, Initial residual = 0.002011861977, Final residual = 0.0001750582278, No Iterations 1

ExecutionTime = 1.54 s  ExecutionStepTime = 0.01 s  ClockTime = 1 s

forces FR write:
    Sum of forces
        Total    : ( 0.3602177082 0 -5.441744451 )
        Pressure : ( 0.3103731425 0 -5.441313287 )
        Viscous  : ( 0.04984456574 0 -0.0004311642021 )
    Sum of moments
        Total    : ( -2.640037854 1.078567326 -0.1747580015 )
        Pressure : ( -2.639828676 1.081420715 -0.1505761346 )
        Viscous  : ( -0.0002091773741 -0.002853388832 -0.02418186696 )


liftDrag LD execute:
Viscous drag: 0.004139237501, pressure drag: 0.02577428716, porous drag: 0
Viscous lift: -3.580512756e-05, pressure lift: -0.4518624584, porous lift: 0
Total lift: -0.4518982635, Front lift: -0.1363817685, Rear lift: -0.315516495, Drag: 0.02991352466
Location of Center of Mass: ( 0.156259772 0.4851455039 -0.03143796203 )
Location of Center Of Pressure: ( 0.2000914766 0.4851455039 -0.02853651079 )


yPlus yPlus execute:
    patch Bottom y+ : min = 1.319425422, max = 397.9001154, average = 205.2667315
    patch Top y+ : min = 48.79439174, max = 400.4524374, average = 226.4829372
    patch e423_0 y+ : min = 78.8553193, max = 802.0184135, average = 409.0123189


################################################################################

Time = 111

Outer Loop Iteration = 111
smoothSolver:  Solving for Ux, Initial residual = 0.001232488717, Final residual = 2.66148935e-05, No Iterations 2
smoothSolver:  Solving for Uz, Initial residual = 0.0007417681021, Final residual = 1.601216006e-05, No Iterations 2
GAMG:  Solving for p, Initial residual = 0.001327748426, Final residual = 7.676595128e-06, No Iterations 3
GAMG:  Solving for p, Initial residual = 0.0001172426641, Final residual = 7.497902204e-07, No Iterations 3
GAMG:  Solving for p, Initial residual = 1.756963082e-05, Final residual = 1.012460119e-07, No Iterations 3
time step continuity errors (region0): sum local = 5.841079723e-09, global = 2.41967018e-10, cumulative = 1.496488331e-07
smoothSolver:  Solving for omega, Initial residual = 4.846684742e-05, Final residual = 4.584693524e-06, No Iterations 1
smoothSolver:  Solving for k, Initial residual = 0.001891834029, Final residual = 0.0001642543136, No Iterations 1

ExecutionTime = 1.55 s  ExecutionStepTime = 0.01 s  ClockTime = 1 s

forces FR write:
    Sum of forces
        Total    : ( 0.3598387989 0 -5.445249422 )
        Pressure : ( 0.3099865387 0 -5.444817331 )
        Viscous  : ( 0.04985226026 0 -0.0004320909412 )
    Sum of moments
        Total    : ( -2.641738274 1.079037252 -0.1745741754 )
        Pressure : ( -2.641528647 1.08189125 -0.1503885755 )
        Viscous  : ( -0.0002096269774 -0.002853998078 -0.02418559992 )


liftDrag LD execute:
Viscous drag: 0.004139876477, pressure drag: 0.02574218246, porous drag: 0
Viscous lift: -3.588208667e-05, pressure lift: -0.4521534444, porous lift: 0
Total lift: -0.4521893264, Front lift: -0.136488276, Rear lift: -0.3157010504, Drag: 0.02988205893
Location of Center of Mass: ( 0.156259772 0.4851455039 -0.03143796203 )
Location of Center Of Pressure: ( 0.2000475141 0.4851455039 -0.02854433361 )


yPlus yPlus execute:
    patch Bottom y+ : min = 1.322005855, max = 398.3533805, average = 205.5845794
    patch Top y+ : min = 48.67245829, max = 401.0623306, average = 226.806648
    patch e423_0 y+ : min = 78.93862016, max = 802.096837, average = 409.0428744


################################################################################

Time = 112

Outer Loop Iteration = 112
smoothSolver:  Solving for Ux, Initial residual = 0.00118439644, Final residual = 2.579442319e-05, No Iterations 2
smoothSolver:  Solving for Uz, Initial residual = 0.0007018534078, Final residual = 1.494282787e-05, No Iterations 2
GAMG:  Solving for p, Initial residual = 0.001305497349, Final residual = 7.300056257e-06, No Iterations 3
GAMG:  Solving for p, Initial residual = 0.0001134812486, Final residual = 7.082615148e-07, No Iterations 3
GAMG:  Solving for p, Initial residual = 1.694057057e-05, Final residual = 9.54242354e-08, No Iterations 3
time step continuity errors (region0): sum local = 5.501924214e-09, global = 2.137947189e-10, cumulative = 1.498626278e-07
smoothSolver:  Solving for omega, Initial residual = 4.611525242e-05, Final residual = 4.394086854e-06, No Iterations 1
smoothSolver:  Solving for k, Initial residual = 0.001776773633, Final residual = 0.000153932194, No Iterations 1

ExecutionTime = 1.56 s  ExecutionStepTime = 0.01 s  ClockTime = 1 s

forces FR write:
    Sum of forces
        Total    : ( 0.3594770403 0 -5.448584955 )
        Pressure : ( 0.3096173143 0 -5.448151939 )
        Viscous  : ( 0.04985972598 0 -0.0004330166143 )
    Sum of moments
        Total    : ( -2.643356493 1.079482622 -0.1743986698 )
        Pressure : ( -2.643146417 1.082337204 -0.1502094479 )
        Viscous  : ( -0.0002100760635 -0.002854582083 -0.02418922188 )


liftDrag LD execute:
Viscous drag: 0.004140496451, pressure drag: 0.02571152099, porous drag: 0
Viscous lift: -3.595895725e-05, pressure lift: -0.4524303599, porous lift: 0
Total lift: -0.4524663188, Front lift: -0.1365897874, Rear lift: -0.3158765315, Drag: 0.02985201744
Location of Center of Mass: ( 0.156259772 0.4851455039 -0.03143796203 )
Location of Center Of Pressure: ( 0.2000053858 0.4851455039 -0.02855179179 )


yPlus yPlus execute:
    patch Bottom y+ : min = 1.324467801, max = 398.8097795, average = 205.8841146
    patch Top y+ : min = 48.55745938, max = 401.6564256, average = 227.1156124
    patch e423_0 y+ : min = 79.02044542, max = 802.1740159, average = 409.0724929


################################################################################

Time = 113

Outer Loop Iteration = 113
smoothSolver:  Solving for Ux, Initial residual = 0.001135559296, Final residual = 2.492378892e-05, No Iterations 2
smoothSolver:  Solving for Uz, Initial residual = 0.0006631671403, Final residual = 1.396571054e-05, No Iterations 2
GAMG:  Solving for p, Initial residual = 0.00128453626, Final residual = 6.980414076e-06, No Iterations 3
GAMG:  Solving for p, Initial residual = 0.0001113077968, Final residual = 6.689471687e-07, No Iterations 3
GAMG:  Solving for p, Initial residual = 1.66109932e-05, Final residual = 8.938792378e-08, No Iterations 3
time step continuity errors (region0): sum local = 5.150679169e-09, global = 3.272941637e-10, cumulative = 1.50189922e-07
smoothSolver:  Solving for omega, Initial residual = 4.385326443e-05, Final residual = 4.20195562e-06, No Iterations 1
smoothSolver:  Solving for k, Initial residual = 0.001666667994, Final residual = 0.0001440830942, No Iterations 1

ExecutionTime = 1.57 s  ExecutionStepTime = 0.01 s  ClockTime = 1 s

forces FR write:
    Sum of forces
        Total    : ( 0.3591297857 0 -5.451777768 )
        Pressure : ( 0.309262789 0 -5.451343832 )
        Viscous  : ( 0.04986699673 0 -0.0004339359655 )
    Sum of moments
        Total    : ( -2.644905472 1.079907491 -0.1742302008 )
        Pressure : ( -2.64469495 1.082762635 -0.1500374516 )
        Viscous  : ( -0.0002105220826 -0.002855143079 -0.02419274926 )


liftDrag LD execute:
Viscous drag: 0.004141100236, pressure drag: 0.02568208018, porous drag: 0
Viscous lift: -3.603530284e-05, pressure lift: -0.452695424, porous lift: 0
Total lift: -0.4527314593, Front lift: -0.1366870752, Rear lift: -0.3160443841, Drag: 0.02982318042
Location of Center of Mass: ( 0.156259772 0.4851455039 -0.03143796203 )
Location of Center Of Pressure: ( 0.1999648378 0.4851455039 -0.02855893952 )


yPlus yPlus execute:
    patch Bottom y+ : min = 1.326778705, max = 399.2660123, average = 206.1641594
    patch Top y+ : min = 48.45079635, max = 402.2365107, average = 227.4090414
    patch e423_0 y+ : min = 79.10062653, max = 802.2498636, average = 409.1012939


################################################################################

Time = 114

Outer Loop Iteration = 114
smoothSolver:  Solving for Ux, Initial residual = 0.001084855649, Final residual = 2.418950796e-05, No Iterations 2
smoothSolver:  Solving for Uz, Initial residual = 0.0006258945985, Final residual = 1.31269336e-05, No Iterations 2
GAMG:  Solving for p, Initial residual = 0.001224002105, Final residual = 6.617762536e-06, No Iterations 3
GAMG:  Solving for p, Initial residual = 0.0001106862009, Final residual = 6.36052716e-07, No Iterations 3
GAMG:  Solving for p, Initial residual = 1.684304938e-05, Final residual = 8.53403709e-08, No Iterations 3
time step continuity errors (region0): sum local = 4.913982758e-09, global = 2.624741257e-10, cumulative = 1.504523961e-07
smoothSolver:  Solving for omega, Initial residual = 4.166906376e-05, Final residual = 4.007968957e-06, No Iterations 1
smoothSolver:  Solving for k, Initial residual = 0.001561475636, Final residual = 0.0001346961131, No Iterations 1

ExecutionTime = 1.58 s  ExecutionStepTime = 0.01 s  ClockTime = 1 s

forces FR write:
    Sum of forces
        Total    : ( 0.3587926622 0 -5.454846901 )
        Pressure : ( 0.308918574 0 -5.454412057 )
        Viscous  : ( 0.04987408823 0 -0.0004348435828 )
    Sum of moments
        Total    : ( -2.646394448 1.080314138 -0.1740666469 )
        Pressure : ( -2.646183486 1.083169821 -0.1498704572 )
        Viscous  : ( -0.0002109624091 -0.002855682894 -0.02419618967 )


liftDrag LD execute:
Viscous drag: 0.004141689135, pressure drag: 0.02565349557, porous drag: 0
Viscous lift: -3.611067402e-05, pressure lift: -0.4529502183, porous lift: 0
Total lift: -0.452986329, Front lift: -0.1367807409, Rear lift: -0.3162055881, Drag: 0.0297951847
Location of Center of Mass: ( 0.156259772 0.4851455039 -0.03143796203 )
Location of Center Of Pressure: ( 0.1999255658 0.4851455039 -0.02856584359 )


yPlus yPlus execute:
    patch Bottom y+ : min = 1.328909029, max = 399.7871789, average = 206.4207669
    patch Top y+ : min = 48.35164588, max = 402.8067722, average = 227.6874712
    patch e423_0 y+ : min = 79.17820674, max = 802.3243592, average = 409.1293504


################################################################################

Time = 115

Outer Loop Iteration = 115
smoothSolver:  Solving for Ux, Initial residual = 0.00104355614, Final residual = 2.354421181e-05, No Iterations 2
smoothSolver:  Solving for Uz, Initial residual = 0.0005891591674, Final residual = 1.237843883e-05, No Iterations 2
GAMG:  Solving for p, Initial residual = 0.001150974672, Final residual = 6.222004984e-06, No Iterations 3
GAMG:  Solving for p, Initial residual = 0.0001041376173, Final residual = 5.912433724e-07, No Iterations 3
GAMG:  Solving for p, Initial residual = 1.597524218e-05, Final residual = 8.158864902e-08, No Iterations 3
time step continuity errors (region0): sum local = 4.69461368e-09, global = 1.765130318e-10, cumulative = 1.506289091e-07
smoothSolver:  Solving for omega, Initial residual = 3.953343379e-05, Final residual = 3.81514818e-06, No Iterations 1
smoothSolver:  Solving for k, Initial residual = 0.001461154306, Final residual = 0.0001257629, No Iterations 1

ExecutionTime = 1.59 s  ExecutionStepTime = 0.01 s  ClockTime = 1 s

forces FR write:
    Sum of forces
        Total    : ( 0.3584656204 0 -5.457798343 )
        Pressure : ( 0.3085846124 0 -5.457362606 )
        Viscous  : ( 0.04988100797 0 -0.0004357367082 )
    Sum of moments
        Total    : ( -2.647826327 1.080703724 -0.173907984 )
        Pressure : ( -2.647614931 1.083559927 -0.1497084373 )
        Viscous  : ( -0.0002113957048 -0.002856203197 -0.02419954675 )


liftDrag LD execute:
Viscous drag: 0.00414226377, pressure drag: 0.02562576243, porous drag: 0
Viscous lift: -3.618484175e-05, pressure lift: -0.4531952405, porous lift: 0
Total lift: -0.4532314253, Front lift: -0.1368709368, Rear lift: -0.3163604886, Drag: 0.0297680262
Location of Center of Mass: ( 0.156259772 0.4851455039 -0.03143796203 )
Location of Center Of Pressure: ( 0.1998875587 0.4851455039 -0.02857250959 )


yPlus yPlus execute:
    patch Bottom y+ : min = 1.330844811, max = 400.2899998, average = 206.6567222
    patch Top y+ : min = 48.25774548, max = 403.370173, average = 227.9507035
    patch e423_0 y+ : min = 79.25302577, max = 802.3975301, average = 409.1567194


################################################################################

Time = 116

Outer Loop Iteration = 116
smoothSolver:  Solving for Ux, Initial residual = 0.001005779617, Final residual = 2.285907751e-05, No Iterations 2
smoothSolver:  Solving for Uz, Initial residual = 0.0005556201204, Final residual = 1.16956862e-05, No Iterations 2
GAMG:  Solving for p, Initial residual = 0.001109652217, Final residual = 5.902066643e-06, No Iterations 3
GAMG:  Solving for p, Initial residual = 0.0001076057451, Final residual = 5.644065184e-07, No Iterations 3
GAMG:  Solving for p, Initial residual = 1.643439309e-05, Final residual = 7.206048575e-08, No Iterations 3
time step continuity errors (region0): sum local = 4.143330461e-09, global = 2.462930298e-10, cumulative = 1.508752022e-07
smoothSolver:  Solving for omega, Initial residual = 3.747629377e-05, Final residual = 3.626891354e-06, No Iterations 1
smoothSolver:  Solving for k, Initial residual = 0.001365637822, Final residual = 0.0001172710052, No Iterations 1

ExecutionTime = 1.6 s  ExecutionStepTime = 0.01 s  ClockTime = 1 s

forces FR write:
    Sum of forces
        Total    : ( 0.3581490987 0 -5.46063428 )
        Pressure : ( 0.3082613382 0 -5.460197669 )
        Viscous  : ( 0.04988776053 0 -0.0004366117755 )
    Sum of moments
        Total    : ( -2.649202169 1.081076824 -0.173754425 )
        Pressure : ( -2.648990349 1.083933529 -0.1495516022 )
        Viscous  : ( -0.0002118202398 -0.002856705564 -0.02420282272 )


liftDrag LD execute:
Viscous drag: 0.004142824522, pressure drag: 0.0255989168, porous drag: 0
Viscous lift: -3.625750987e-05, pressure lift: -0.4534306723, porous lift: 0
Total lift: -0.4534669298, Front lift: -0.1369577057, Rear lift: -0.3165092241, Drag: 0.02974174132
Location of Center of Mass: ( 0.156259772 0.4851455039 -0.03143796203 )
Location of Center Of Pressure: ( 0.1998508392 0.4851455039 -0.02857893493 )


yPlus yPlus execute:
    patch Bottom y+ : min = 1.332583269, max = 400.7187696, average = 206.8710678
    patch Top y+ : min = 48.1708551, max = 403.9656231, average = 228.2054837
    patch e423_0 y+ : min = 79.32501262, max = 802.4693419, average = 409.183437


################################################################################

Time = 117

Outer Loop Iteration = 117
smoothSolver:  Solving for Ux, Initial residual = 0.0009683767555, Final residual = 2.223500939e-05, No Iterations 2
smoothSolver:  Solving for Uz, Initial residual = 0.0005260811901, Final residual = 1.109142809e-05, No Iterations 2
GAMG:  Solving for p, Initial residual = 0.00107125333, Final residual = 5.605918672e-06, No Iterations 3
GAMG:  Solving for p, Initial residual = 0.0001029890801, Final residual = 5.143695362e-07, No Iterations 3
GAMG:  Solving for p, Initial residual = 1.616485162e-05, Final residual = 6.800537503e-08, No Iterations 3
time step continuity errors (region0): sum local = 3.907461644e-09, global = 2.162943203e-10, cumulative = 1.510914965e-07
smoothSolver:  Solving for omega, Initial residual = 3.548899708e-05, Final residual = 3.440318252e-06, No Iterations 1
smoothSolver:  Solving for k, Initial residual = 0.001274843818, Final residual = 0.0001092119006, No Iterations 1

ExecutionTime = 1.61 s  ExecutionStepTime = 0.01 s  ClockTime = 1 s

forces FR write:
    Sum of forces
        Total    : ( 0.3578428399 0 -5.463356002 )
        Pressure : ( 0.3079484952 0 -5.462918538 )
        Viscous  : ( 0.04989434475 0 -0.0004374640065 )
    Sum of moments
        Total    : ( -2.6505226 1.081433686 -0.1736058449 )
        Pressure : ( -2.650310367 1.084290878 -0.1493998279 )
        Viscous  : ( -0.0002122336959 -0.002857191578 -0.02420601702 )


liftDrag LD execute:
Viscous drag: 0.004143371295, pressure drag: 0.02557293741, porous drag: 0
Viscous lift: -3.632828161e-05, pressure lift: -0.4536566212, porous lift: 0
Total lift: -0.4536929495, Front lift: -0.1370410807, Rear lift: -0.3166518688, Drag: 0.0297163087
Location of Center of Mass: ( 0.156259772 0.4851455039 -0.03143796203 )
Location of Center Of Pressure: ( 0.1998154006 0.4851455039 -0.02858512399 )


yPlus yPlus execute:
    patch Bottom y+ : min = 1.33412339, max = 401.0810332, average = 207.067447
    patch Top y+ : min = 48.08990646, max = 404.5955271, average = 228.4457811
    patch e423_0 y+ : min = 79.39416376, max = 802.5397259, average = 409.2095257


################################################################################

Time = 118

Outer Loop Iteration = 118
smoothSolver:  Solving for Ux, Initial residual = 0.0009291864192, Final residual = 2.158170345e-05, No Iterations 2
smoothSolver:  Solving for Uz, Initial residual = 0.0004982961949, Final residual = 1.056021747e-05, No Iterations 2
GAMG:  Solving for p, Initial residual = 0.001024542905, Final residual = 5.186509265e-06, No Iterations 3
GAMG:  Solving for p, Initial residual = 0.0001008770272, Final residual = 4.84678119e-07, No Iterations 3
GAMG:  Solving for p, Initial residual = 1.611134072e-05, Final residual = 6.390312624e-08, No Iterations 3
time step continuity errors (region0): sum local = 3.669317351e-09, global = 2.047187569e-10, cumulative = 1.512962152e-07
smoothSolver:  Solving for omega, Initial residual = 3.358218754e-05, Final residual = 3.254384063e-06, No Iterations 1
smoothSolver:  Solving for k, Initial residual = 0.001188695904, Final residual = 0.0001015746851, No Iterations 1

ExecutionTime = 1.62 s  ExecutionStepTime = 0.01 s  ClockTime = 1 s

forces FR write:
    Sum of forces
        Total    : ( 0.3575471788 0 -5.465964884 )
        Pressure : ( 0.3076464106 0 -5.465526595 )
        Viscous  : ( 0.0499007682 0 -0.000438289253 )
    Sum of moments
        Total    : ( -2.651788288 1.081774744 -0.1734624062 )
        Pressure : ( -2.651575654 1.084632406 -0.1492532729 )
        Viscous  : ( -0.0002126340605 -0.002857662565 -0.02420913333 )


liftDrag LD execute:
Viscous drag: 0.004143904716, pressure drag: 0.02554785142, porous drag: 0
Viscous lift: -3.639681248e-05, pressure lift: -0.4538732018, porous lift: 0
Total lift: -0.4539095986, Front lift: -0.1371210828, Rear lift: -0.3167885158, Drag: 0.02969175614
Location of Center of Mass: ( 0.156259772 0.4851455039 -0.03143796203 )
Location of Center Of Pressure: ( 0.1997812692 0.4851455039 -0.02859107427 )


yPlus yPlus execute:
    patch Bottom y+ : min = 1.335465708, max = 401.3900936, average = 207.2428179
    patch Top y+ : min = 48.01788788, max = 405.2379498, average = 228.6676379
    patch e423_0 y+ : min = 79.4605288, max = 802.6086529, average = 409.2349957


################################################################################

Time = 119

Outer Loop Iteration = 119
smoothSolver:  Solving for Ux, Initial residual = 0.0008929033821, Final residual = 2.095526687e-05, No Iterations 2
smoothSolver:  Solving for Uz, Initial residual = 0.0004715996992, Final residual = 1.01031974e-05, No Iterations 2
GAMG:  Solving for p, Initial residual = 0.0009834296519, Final residual = 4.892650387e-06, No Iterations 3
GAMG:  Solving for p, Initial residual = 9.688344083e-05, Final residual = 4.499371993e-07, No Iterations 3
GAMG:  Solving for p, Initial residual = 1.589545554e-05, Final residual = 5.947533752e-08, No Iterations 3
time step continuity errors (region0): sum local = 3.412856027e-09, global = 1.510737246e-10, cumulative = 1.51447289e-07
smoothSolver:  Solving for omega, Initial residual = 3.176292233e-05, Final residual = 3.069236573e-06, No Iterations 1
smoothSolver:  Solving for k, Initial residual = 0.001107109688, Final residual = 9.434869181e-05, No Iterations 1

ExecutionTime = 1.63 s  ExecutionStepTime = 0.01 s  ClockTime = 1 s

forces FR write:
    Sum of forces
        Total    : ( 0.3572625956 0 -5.46846309 )
        Pressure : ( 0.3073555616 0 -5.468024006 )
        Viscous  : ( 0.04990703403 0 -0.0004390838345 )
    Sum of moments
        Total    : ( -2.653000281 1.082100577 -0.1733243419 )
        Pressure : ( -2.652787261 1.084958697 -0.1491121688 )
        Viscous  : ( -0.0002130195481 -0.002858119671 -0.02421217317 )


liftDrag LD execute:
Viscous drag: 0.004144425049, pressure drag: 0.02552369848, porous drag: 0
Viscous lift: -3.646279683e-05, pressure lift: -0.4540805941, porous lift: 0
Total lift: -0.4541170568, Front lift: -0.1371977538, Rear lift: -0.316919303, Drag: 0.02966812352
Location of Center of Mass: ( 0.156259772 0.4851455039 -0.03143796203 )
Location of Center Of Pressure: ( 0.1997484704 0.4851455039 -0.02859678253 )


yPlus yPlus execute:
    patch Bottom y+ : min = 1.336561416, max = 401.6745052, average = 207.4012199
    patch Top y+ : min = 47.95238181, max = 405.8735435, average = 228.8703038
    patch e423_0 y+ : min = 79.52416338, max = 802.6760748, average = 409.2598491


################################################################################

Time = 120

Outer Loop Iteration = 120
smoothSolver:  Solving for Ux, Initial residual = 0.0008591749924, Final residual = 2.031206208e-05, No Iterations 2
smoothSolver:  Solving for Uz, Initial residual = 0.0004429968676, Final residual = 9.677689929e-06, No Iterations 2
GAMG:  Solving for p, Initial residual = 0.000942030994, Final residual = 4.626572378e-06, No Iterations 3
GAMG:  Solving for p, Initial residual = 0.0001028732935, Final residual = 4.234182501e-07, No Iterations 3
GAMG:  Solving for p, Initial residual = 1.875540596e-05, Final residual = 6.453008186e-08, No Iterations 3
time step continuity errors (region0): sum local = 3.700887313e-09, global = 2.759390539e-10, cumulative = 1.51723228e-07
smoothSolver:  Solving for omega, Initial residual = 3.000816145e-05, Final residual = 2.890045356e-06, No Iterations 1
smoothSolver:  Solving for k, Initial residual = 0.001029946292, Final residual = 8.752166853e-05, No Iterations 1

ExecutionTime = 1.64 s  ExecutionStepTime = 0.01 s  ClockTime = 1 s

forces FR write:
    Sum of forces
        Total    : ( 0.3569893365 0 -5.470853712 )
        Pressure : ( 0.3070761907 0 -5.470413867 )
        Viscous  : ( 0.04991314581 0 -0.0004398445407 )
    Sum of moments
        Total    : ( -2.65416008 1.082411812 -0.1731917715 )
        Pressure : ( -2.653946692 1.085270376 -0.1489766333 )
        Viscous  : ( -0.0002133886013 -0.002858564022 -0.02421513828 )


liftDrag LD execute:
Viscous drag: 0.00414493259, pressure drag: 0.02550049871, porous drag: 0
Viscous lift: -3.652596809e-05, pressure lift: -0.4542790551, porous lift: 0
Total lift: -0.454315581, Front lift: -0.13727117, Rear lift: -0.317044411, Drag: 0.0296454313
Location of Center of Mass: ( 0.156259772 0.4851455039 -0.03143796203 )
Location of Center Of Pressure: ( 0.1997170035 0.4851455039 -0.02860224954 )


yPlus yPlus execute:
    patch Bottom y+ : min = 1.337414068, max = 401.9361372, average = 207.5454852
    patch Top y+ : min = 47.89250648, max = 406.4919997, average = 229.0521088
    patch e423_0 y+ : min = 79.58511793, max = 802.7419365, average = 409.2840947


################################################################################

Time = 121

Outer Loop Iteration = 121
smoothSolver:  Solving for Ux, Initial residual = 0.0008262192557, Final residual = 1.966233018e-05, No Iterations 2
smoothSolver:  Solving for Uz, Initial residual = 0.0004153243259, Final residual = 9.342300052e-06, No Iterations 2
GAMG:  Solving for p, Initial residual = 0.0008935451306, Final residual = 4.380845149e-06, No Iterations 3
GAMG:  Solving for p, Initial residual = 0.0001044611473, Final residual = 1.037798559e-06, No Iterations 2
GAMG:  Solving for p, Initial residual = 1.700402196e-05, Final residual = 7.782863765e-08, No Iterations 3
time step continuity errors (region0): sum local = 4.46144929e-09, global = 2.234668308e-10, cumulative = 1.519466949e-07
smoothSolver:  Solving for omega, Initial residual = 2.833019222e-05, Final residual = 2.72745485e-06, No Iterations 1
smoothSolver:  Solving for k, Initial residual = 0.0009570856488, Final residual = 8.108554225e-05, No Iterations 1

ExecutionTime = 1.65 s  ExecutionStepTime = 0.01 s  ClockTime = 1 s

forces FR write:
    Sum of forces
        Total    : ( 0.3567274411 0 -5.473139997 )
        Pressure : ( 0.3068083335 0 -5.472699429 )
        Viscous  : ( 0.04991910754 0 -0.0004405688472 )
    Sum of moments
        Total    : ( -2.655269262 1.082709037 -0.1730647141 )
        Pressure : ( -2.655055522 1.085568034 -0.1488466836 )
        Viscous  : ( -0.0002137399954 -0.002858996631 -0.02421803058 )


liftDrag LD execute:
Viscous drag: 0.004145427669, pressure drag: 0.02547825507, porous drag: 0
Viscous lift: -3.65861166e-05, pressure lift: -0.4544688548, porous lift: 0
Total lift: -0.4545054409, Front lift: -0.1373414175, Rear lift: -0.3171640233, Drag: 0.02962368274
Location of Center of Mass: ( 0.156259772 0.4851455039 -0.03143796203 )
Location of Center Of Pressure: ( 0.1996868544 0.4851455039 -0.02860747862 )


yPlus yPlus execute:
    patch Bottom y+ : min = 1.338058287, max = 402.1619396, average = 207.6770183
    patch Top y+ : min = 47.8380713, max = 407.0651922, average = 229.2115331
    patch e423_0 y+ : min = 79.64343798, max = 802.8061824, average = 409.3077443


################################################################################

Time = 122

Outer Loop Iteration = 122
smoothSolver:  Solving for Ux, Initial residual = 0.0007913951051, Final residual = 1.907214109e-05, No Iterations 2
smoothSolver:  Solving for Uz, Initial residual = 0.0003959814466, Final residual = 9.019260442e-06, No Iterations 2
GAMG:  Solving for p, Initial residual = 0.0008353975659, Final residual = 4.114486044e-06, No Iterations 3
GAMG:  Solving for p, Initial residual = 9.747146676e-05, Final residual = 7.776398859e-07, No Iterations 2
GAMG:  Solving for p, Initial residual = 1.736517859e-05, Final residual = 7.800887503e-08, No Iterations 3
time step continuity errors (region0): sum local = 4.469945615e-09, global = 1.3465791e-10, cumulative = 1.520813528e-07
smoothSolver:  Solving for omega, Initial residual = 2.675515542e-05, Final residual = 2.568865662e-06, No Iterations 1
smoothSolver:  Solving for k, Initial residual = 0.0008883825897, Final residual = 7.503018383e-05, No Iterations 1

ExecutionTime = 1.66 s  ExecutionStepTime = 0.01 s  ClockTime = 1 s

forces FR write:
    Sum of forces
        Total    : ( 0.3564768812 0 -5.475326947 )
        Pressure : ( 0.3065519582 0 -5.474885692 )
        Viscous  : ( 0.04992492302 0 -0.0004412549865 )
    Sum of moments
        Total    : ( -2.656330251 1.082993127 -0.1729431562 )
        Pressure : ( -2.656116178 1.085852546 -0.1487223042 )
        Viscous  : ( -0.0002140728727 -0.002859418388 -0.02422085194 )


liftDrag LD execute:
Viscous drag: 0.004145910603, pressure drag: 0.02545696492, porous drag: 0
Viscous lift: -3.66430956e-05, pressure lift: -0.4546504084, porous lift: 0
Total lift: -0.4546870515, Front lift: -0.1374086312, Rear lift: -0.3172784204, Drag: 0.02960287552
Location of Center of Mass: ( 0.156259772 0.4851455039 -0.03143796203 )
Location of Center Of Pressure: ( 0.1996579974 0.4851455039 -0.02861247523 )


yPlus yPlus execute:
    patch Bottom y+ : min = 1.338519801, max = 402.3647392, average = 207.7977805
    patch Top y+ : min = 47.78836372, max = 407.5994719, average = 229.3482409
    patch e423_0 y+ : min = 79.69916935, max = 802.8687676, average = 409.3308123


################################################################################

Time = 123

Outer Loop Iteration = 123
smoothSolver:  Solving for Ux, Initial residual = 0.0007566641895, Final residual = 1.855968577e-05, No Iterations 2
smoothSolver:  Solving for Uz, Initial residual = 0.0003662229183, Final residual = 8.725293359e-06, No Iterations 2
GAMG:  Solving for p, Initial residual = 0.0007639321303, Final residual = 3.674746918e-06, No Iterations 3
GAMG:  Solving for p, Initial residual = 9.718887606e-05, Final residual = 7.135652847e-07, No Iterations 2
GAMG:  Solving for p, Initial residual = 1.809740541e-05, Final residual = 7.625134631e-08, No Iterations 3
time step continuity errors (region0): sum local = 4.367022847e-09, global = 1.882395548e-10, cumulative = 1.522695923e-07
smoothSolver:  Solving for omega, Initial residual = 2.529635963e-05, Final residual = 2.413572263e-06, No Iterations 1
smoothSolver:  Solving for k, Initial residual = 0.0008237004838, Final residual = 6.935106128e-05, No Iterations 1

ExecutionTime = 1.67 s  ExecutionStepTime = 0 s  ClockTime = 1 s

forces FR write:
    Sum of forces
        Total    : ( 0.3562374462 0 -5.477416587 )
        Pressure : ( 0.3063068506 0 -5.476974686 )
        Viscous  : ( 0.04993059563 0 -0.0004419014368 )
    Sum of moments
        Total    : ( -2.65734403 1.083264389 -0.1728269954 )
        Pressure : ( -2.657129643 1.086124219 -0.1486033914 )
        Viscous  : ( -0.0002143864952 -0.002859830112 -0.02422360398 )


liftDrag LD execute:
Viscous drag: 0.004146381673, pressure drag: 0.02543661047, porous drag: 0
Viscous lift: -3.669677871e-05, pressure lift: -0.4548238845, porous lift: 0
Total lift: -0.4548605813, Front lift: -0.1374728697, Rear lift: -0.3173877116, Drag: 0.02958299215
Location of Center of Mass: ( 0.156259772 0.4851455039 -0.03143796203 )
Location of Center Of Pressure: ( 0.1996304108 0.4851455039 -0.02861724439 )


yPlus yPlus execute:
    patch Bottom y+ : min = 1.338802092, max = 402.5197515, average = 207.8896269
    patch Top y+ : min = 47.74894621, max = 408.0955705, average = 229.4642085
    patch e423_0 y+ : min = 79.75236757, max = 802.9296414, average = 409.3533142


################################################################################

Time = 124

Outer Loop Iteration = 124
smoothSolver:  Solving for Ux, Initial residual = 0.0007281298147, Final residual = 1.805399387e-05, No Iterations 2
smoothSolver:  Solving for Uz, Initial residual = 0.0003408267599, Final residual = 8.435717747e-06, No Iterations 2
GAMG:  Solving for p, Initial residual = 0.0007238161069, Final residual = 3.358093299e-06, No Iterations 3
GAMG:  Solving for p, Initial residual = 9.215879138e-05, Final residual = 6.559485896e-07, No Iterations 2
GAMG:  Solving for p, Initial residual = 1.689384743e-05, Final residual = 6.987594542e-08, No Iterations 3
time step continuity errors (region0): sum local = 3.999856084e-09, global = 1.065394089e-10, cumulative = 1.523761317e-07
smoothSolver:  Solving for omega, Initial residual = 2.39145457e-05, Final residual = 2.262641953e-06, No Iterations 1
smoothSolver:  Solving for k, Initial residual = 0.0007629127941, Final residual = 6.402736774e-05, No Iterations 1

ExecutionTime = 1.68 s  ExecutionStepTime = 0.01 s  ClockTime = 1 s

forces FR write:
    Sum of forces
        Total    : ( 0.3560090615 0 -5.479415861 )
        Pressure : ( 0.3060729332 0 -5.478973355 )
        Viscous  : ( 0.04993612825 0 -0.0004425066251 )
    Sum of moments
        Total    : ( -2.658313969 1.083524162 -0.1727161955 )
        Pressure : ( -2.658099289 1.086384394 -0.1484899074 )
        Viscous  : ( -0.0002146800996 -0.00286023266 -0.0242262881 )


liftDrag LD execute:
Viscous drag: 0.004146841118, pressure drag: 0.0254171853, porous drag: 0
Viscous lift: -3.674703531e-05, pressure lift: -0.4549898598, porous lift: 0
Total lift: -0.4550266068, Front lift: -0.1375343102, Rear lift: -0.3174922966, Drag: 0.02956402641
Location of Center of Mass: ( 0.156259772 0.4851455039 -0.03143796203 )
Location of Center Of Pressure: ( 0.1996040831 0.4851455039 -0.02862179186 )


yPlus yPlus execute:
    patch Bottom y+ : min = 1.338845, max = 402.5449501, average = 207.9539725
    patch Top y+ : min = 47.7178796, max = 408.5371535, average = 229.5609243
    patch e423_0 y+ : min = 79.8030879, max = 802.988775, average = 409.3752657


################################################################################

Time = 125

Outer Loop Iteration = 125
smoothSolver:  Solving for Ux, Initial residual = 0.0007019933995, Final residual = 1.755003074e-05, No Iterations 2
smoothSolver:  Solving for Uz, Initial residual = 0.000323075197, Final residual = 8.179889429e-06, No Iterations 2
GAMG:  Solving for p, Initial residual = 0.0006856409711, Final residual = 3.196138599e-06, No Iterations 3
GAMG:  Solving for p, Initial residual = 8.256998504e-05, Final residual = 6.028983526e-07, No Iterations 2
GAMG:  Solving for p, Initial residual = 1.544178192e-05, Final residual = 6.059679707e-08, No Iterations 3
time step continuity errors (region0): sum local = 3.466921178e-09, global = -2.577493258e-11, cumulative = 1.523503568e-07
smoothSolver:  Solving for omega, Initial residual = 2.260145537e-05, Final residual = 2.12332495e-06, No Iterations 1
smoothSolver:  Solving for k, Initial residual = 0.000705875887, Final residual = 5.904310132e-05, No Iterations 1

ExecutionTime = 1.7 s  ExecutionStepTime = 0.02 s  ClockTime = 1 s

forces FR write:
    Sum of forces
        Total    : ( 0.3557916007 0 -5.481327015 )
        Pressure : ( 0.3058500786 0 -5.480883945 )
        Viscous  : ( 0.0499415221 0 -0.0004430698553 )
    Sum of moments
        Total    : ( -2.659241156 1.08377275 -0.1726106954 )
        Pressure : ( -2.659026203 1.086633377 -0.1483817905 )
        Viscous  : ( -0.0002149533482 -0.002860626605 -0.0242289049 )


liftDrag LD execute:
Viscous drag: 0.004147289039, pressure drag: 0.0253986788, porous drag: 0
Viscous lift: -3.679380758e-05, pressure lift: -0.4551485208, porous lift: 0
Total lift: -0.4551853146, Front lift: -0.1375930205, Rear lift: -0.3175922941, Drag: 0.02954596784
Location of Center of Mass: ( 0.156259772 0.4851455039 -0.03143796203 )
Location of Center Of Pressure: ( 0.1995789854 0.4851455039 -0.02862612245 )


yPlus yPlus execute:
    patch Bottom y+ : min = 1.338631408, max = 402.4537925, average = 207.9993576
    patch Top y+ : min = 47.6932303, max = 408.8916388, average = 229.6399209
    patch e423_0 y+ : min = 79.85139234, max = 803.0461451, average = 409.3966724


################################################################################

Time = 126

Outer Loop Iteration = 126
smoothSolver:  Solving for Ux, Initial residual = 0.0006789977699, Final residual = 1.705584467e-05, No Iterations 2
smoothSolver:  Solving for Uz, Initial residual = 0.0003072139721, Final residual = 7.926743593e-06, No Iterations 2
GAMG:  Solving for p, Initial residual = 0.0006609607851, Final residual = 3.151806958e-06, No Iterations 3
GAMG:  Solving for p, Initial residual = 6.691199338e-05, Final residual = 6.235027228e-07, No Iterations 2
GAMG:  Solving for p, Initial residual = 1.332249761e-05, Final residual = 5.644798548e-08, No Iterations 3
time step continuity errors (region0): sum local = 3.228079531e-09, global = 2.630110034e-11, cumulative = 1.523766579e-07
smoothSolver:  Solving for omega, Initial residual = 2.135683781e-05, Final residual = 1.99474335e-06, No Iterations 1
smoothSolver:  Solving for k, Initial residual = 0.0006524284466, Final residual = 5.438858926e-05, No Iterations 1

ExecutionTime = 1.7 s  ExecutionStepTime = 0 s  ClockTime = 1 s

forces FR write:
    Sum of forces
        Total    : ( 0.3555849952 0 -5.483152628 )
        Pressure : ( 0.3056382168 0 -5.482709037 )
        Viscous  : ( 0.04994677833 0 -0.0004435909059 )
    Sum of moments
        Total    : ( -2.660126845 1.084010551 -0.1725104616 )
        Pressure : ( -2.659911638 1.086871564 -0.1482790067 )
        Viscous  : ( -0.0002152061336 -0.002861012413 -0.02423145494 )


liftDrag LD execute:
Viscous drag: 0.004147725531, pressure drag: 0.02538108518, porous drag: 0
Viscous lift: -3.683707713e-05, pressure lift: -0.4553000817, porous lift: 0
Total lift: -0.4553369188, Front lift: -0.137649075, Rear lift: -0.3176878438, Drag: 0.02952881071
Location of Center of Mass: ( 0.156259772 0.4851455039 -0.03143796203 )
Location of Center Of Pressure: ( 0.1995550935 0.4851455039 -0.02863024032 )


yPlus yPlus execute:
    patch Bottom y+ : min = 1.338200365, max = 402.2966823, average = 208.037662
    patch Top y+ : min = 47.67263719, max = 409.1823274, average = 229.7051014
    patch e423_0 y+ : min = 79.89734956, max = 803.1017419, average = 409.417538


################################################################################

Time = 127

Outer Loop Iteration = 127
smoothSolver:  Solving for Ux, Initial residual = 0.0006566465039, Final residual = 1.657728226e-05, No Iterations 2
smoothSolver:  Solving for Uz, Initial residual = 0.0002933402975, Final residual = 7.668162763e-06, No Iterations 2
GAMG:  Solving for p, Initial residual = 0.0006387999685, Final residual = 3.011093757e-06, No Iterations 3
GAMG:  Solving for p, Initial residual = 6.206735682e-05, Final residual = 5.740791757e-07, No Iterations 2
GAMG:  Solving for p, Initial residual = 1.248666468e-05, Final residual = 5.164517517e-08, No Iterations 3
time step continuity errors (region0): sum local = 2.952472731e-09, global = 2.956624824e-11, cumulative = 1.524062241e-07
smoothSolver:  Solving for omega, Initial residual = 2.017800538e-05, Final residual = 1.871905441e-06, No Iterations 1
smoothSolver:  Solving for k, Initial residual = 0.0006024352711, Final residual = 5.004682947e-05, No Iterations 1

ExecutionTime = 1.71 s  ExecutionStepTime = 0.01 s  ClockTime = 1 s

forces FR write:
    Sum of forces
        Total    : ( 0.3553890818 0 -5.484895576 )
        Pressure : ( 0.3054371835 0 -5.484451506 )
        Viscous  : ( 0.04995189829 0 -0.0004440697806 )
    Sum of moments
        Total    : ( -2.660972428 1.084237998 -0.1724154151 )
        Pressure : ( -2.660756989 1.087099388 -0.1481814763 )
        Viscous  : ( -0.0002154384575 -0.002861390519 -0.02423393886 )


liftDrag LD execute:
Viscous drag: 0.004148150708, pressure drag: 0.02536439079, porous drag: 0
Viscous lift: -3.687684428e-05, pressure lift: -0.4554447814, porous lift: 0
Total lift: -0.4554816583, Front lift: -0.1377025569, Rear lift: -0.3177791014, Drag: 0.0295125415
Location of Center of Mass: ( 0.156259772 0.4851455039 -0.03143796203 )
Location of Center Of Pressure: ( 0.1995323789 0.4851455039 -0.02863415076 )


yPlus yPlus execute:
    patch Bottom y+ : min = 1.337617732, max = 402.1325562, average = 208.0674737
    patch Top y+ : min = 47.6588717, max = 409.4463309, average = 229.7554345
    patch e423_0 y+ : min = 79.94103005, max = 803.1555657, average = 409.4378682


################################################################################

Time = 128

Outer Loop Iteration = 128
smoothSolver:  Solving for Ux, Initial residual = 0.0006391021007, Final residual = 1.609209955e-05, No Iterations 2
smoothSolver:  Solving for Uz, Initial residual = 0.0002804952183, Final residual = 7.403835837e-06, No Iterations 2
GAMG:  Solving for p, Initial residual = 0.0006164898478, Final residual = 2.854497827e-06, No Iterations 3
GAMG:  Solving for p, Initial residual = 5.858000317e-05, Final residual = 5.425086831e-07, No Iterations 2
GAMG:  Solving for p, Initial residual = 1.185740228e-05, Final residual = 5.077353623e-08, No Iterations 3
time step continuity errors (region0): sum local = 2.901897684e-09, global = 1.210149186e-10, cumulative = 1.525272391e-07
smoothSolver:  Solving for omega, Initial residual = 1.908679998e-05, Final residual = 1.75693331e-06, No Iterations 1
smoothSolver:  Solving for k, Initial residual = 0.0005557410401, Final residual = 4.600567274e-05, No Iterations 1

ExecutionTime = 1.73 s  ExecutionStepTime = 0.02 s  ClockTime = 1 s

forces FR write:
    Sum of forces
        Total    : ( 0.3552036557 0 -5.486559397 )
        Pressure : ( 0.3052467727 0 -5.48611489 )
        Viscous  : ( 0.04995688302 0 -0.0004445068772 )
    Sum of moments
        Total    : ( -2.661779623 1.084455651 -0.1723254565 )
        Pressure : ( -2.661563972 1.087317412 -0.1480890993 )
        Viscous  : ( -0.0002156505129 -0.002861761259 -0.02423635718 )


liftDrag LD execute:
Viscous drag: 0.004148564654, pressure drag: 0.02534857852, porous drag: 0
Viscous lift: -3.691314205e-05, pressure lift: -0.4555829136, porous lift: 0
Total lift: -0.4556198268, Front lift: -0.1377535665, Rear lift: -0.3178662602, Drag: 0.02949714318
Location of Center of Mass: ( 0.156259772 0.4851455039 -0.03143796203 )
Location of Center Of Pressure: ( 0.1995108126 0.4851455039 -0.02863785971 )


yPlus yPlus execute:
    patch Bottom y+ : min = 1.336870546, max = 401.9801276, average = 208.0949831
    patch Top y+ : min = 47.64881033, max = 409.6954642, average = 229.7930429
    patch e423_0 y+ : min = 79.98250446, max = 803.2076255, average = 409.4576663


################################################################################

Time = 129

Outer Loop Iteration = 129
smoothSolver:  Solving for Ux, Initial residual = 0.0006175252071, Final residual = 1.560580798e-05, No Iterations 2
smoothSolver:  Solving for Uz, Initial residual = 0.0002653948144, Final residual = 7.120182402e-06, No Iterations 2
GAMG:  Solving for p, Initial residual = 0.0005563237646, Final residual = 2.780109292e-06, No Iterations 3
GAMG:  Solving for p, Initial residual = 5.567518919e-05, Final residual = 5.143474781e-07, No Iterations 2
GAMG:  Solving for p, Initial residual = 1.09366033e-05, Final residual = 4.856953315e-08, No Iterations 3
time step continuity errors (region0): sum local = 2.775268292e-09, global = 1.475392544e-10, cumulative = 1.526747783e-07
smoothSolver:  Solving for omega, Initial residual = 1.805141678e-05, Final residual = 1.646487149e-06, No Iterations 1
smoothSolver:  Solving for k, Initial residual = 0.0005122067166, Final residual = 4.225485973e-05, No Iterations 1

ExecutionTime = 1.73 s  ExecutionStepTime = 0 s  ClockTime = 1 s

forces FR write:
    Sum of forces
        Total    : ( 0.3550284675 0 -5.488147634 )
        Pressure : ( 0.3050667343 0 -5.487702731 )
        Viscous  : ( 0.04996173323 0 -0.0004449029691 )
    Sum of moments
        Total    : ( -2.662550149 1.084664062 -0.1722404647 )
        Pressure : ( -2.662334307 1.087526187 -0.1480017545 )
        Viscous  : ( -0.0002158426751 -0.002862124868 -0.02423871024 )


liftDrag LD execute:
Viscous drag: 0.00414896743, pressure drag: 0.02533362761, porous drag: 0
Viscous lift: -3.694603467e-05, pressure lift: -0.4557147726, porous lift: 0
Total lift: -0.4557517186, Front lift: -0.1378022055, Rear lift: -0.3179495132, Drag: 0.02948259504
Location of Center of Mass: ( 0.156259772 0.4851455039 -0.03143796203 )
Location of Center Of Pressure: ( 0.1994903632 0.4851455039 -0.02864137354 )


yPlus yPlus execute:
    patch Bottom y+ : min = 1.335973748, max = 401.8936702, average = 208.1350908
    patch Top y+ : min = 47.64085623, max = 409.9379653, average = 229.8172463
    patch e423_0 y+ : min = 80.02184687, max = 803.2579383, average = 409.476934


################################################################################

Time = 130

Outer Loop Iteration = 130
smoothSolver:  Solving for Ux, Initial residual = 0.0006000241847, Final residual = 1.51246914e-05, No Iterations 2
smoothSolver:  Solving for Uz, Initial residual = 0.0002517311974, Final residual = 6.831659297e-06, No Iterations 2
GAMG:  Solving for p, Initial residual = 0.0005064071058, Final residual = 2.726007625e-06, No Iterations 3
GAMG:  Solving for p, Initial residual = 5.354822674e-05, Final residual = 4.880135242e-07, No Iterations 2
GAMG:  Solving for p, Initial residual = 1.038691265e-05, Final residual = 4.60578947e-08, No Iterations 3
time step continuity errors (region0): sum local = 2.631104911e-09, global = 1.535324191e-10, cumulative = 1.528283107e-07
smoothSolver:  Solving for omega, Initial residual = 1.708523674e-05, Final residual = 1.545750891e-06, No Iterations 1
smoothSolver:  Solving for k, Initial residual = 0.0004716673625, Final residual = 3.878071419e-05, No Iterations 1

ExecutionTime = 1.74 s  ExecutionStepTime = 0.01 s  ClockTime = 1 s

forces FR write:
    Sum of forces
        Total    : ( 0.354863234 0 -5.489663415 )
        Pressure : ( 0.3048967846 0 -5.489218156 )
        Viscous  : ( 0.04996644937 0 -0.0004452591458 )
    Sum of moments
        Total    : ( -2.663285524 1.084863685 -0.1721603024 )
        Pressure : ( -2.663069508 1.087726166 -0.1479193042 )
        Viscous  : ( -0.0002160154726 -0.002862481498 -0.02424099826 )


liftDrag LD execute:
Viscous drag: 0.004149359072, pressure drag: 0.02531951449, porous drag: 0
Viscous lift: -3.697561262e-05, pressure lift: -0.4558406179, porous lift: 0
Total lift: -0.4558775935, Front lift: -0.1378485656, Rear lift: -0.3180290278, Drag: 0.02946887357
Location of Center of Mass: ( 0.156259772 0.4851455039 -0.03143796203 )
Location of Center Of Pressure: ( 0.1994709971 0.4851455039 -0.02864469878 )


yPlus yPlus execute:
    patch Bottom y+ : min = 1.334983861, max = 401.9168906, average = 208.1827121
    patch Top y+ : min = 47.63582968, max = 410.1528035, average = 229.8265275
    patch e423_0 y+ : min = 80.05913403, max = 803.3065263, average = 409.4956712


################################################################################

Time = 131

Outer Loop Iteration = 131
smoothSolver:  Solving for Ux, Initial residual = 0.0005859752436, Final residual = 1.466409519e-05, No Iterations 2
smoothSolver:  Solving for Uz, Initial residual = 0.0002418357308, Final residual = 6.535788359e-06, No Iterations 2
GAMG:  Solving for p, Initial residual = 0.0004856382601, Final residual = 2.685534136e-06, No Iterations 3
GAMG:  Solving for p, Initial residual = 5.109349519e-05, Final residual = 4.693576452e-07, No Iterations 2
GAMG:  Solving for p, Initial residual = 9.850946693e-06, Final residual = 4.387439064e-08, No Iterations 3
time step continuity errors (region0): sum local = 2.505797741e-09, global = 1.603133507e-10, cumulative = 1.529886241e-07
smoothSolver:  Solving for omega, Initial residual = 1.617627934e-05, Final residual = 1.451511481e-06, No Iterations 1
smoothSolver:  Solving for k, Initial residual = 0.0004339867875, Final residual = 3.556830154e-05, No Iterations 1

ExecutionTime = 1.76 s  ExecutionStepTime = 0.02 s  ClockTime = 1 s

forces FR write:
    Sum of forces
        Total    : ( 0.3547076624 0 -5.491109907 )
        Pressure : ( 0.3047366306 0 -5.490664331 )
        Viscous  : ( 0.0499710317 0 -0.0004455767696 )
    Sum of moments
        Total    : ( -2.663987283 1.085054972 -0.1720848276 )
        Pressure : ( -2.663771113 1.087917803 -0.1478416062 )
        Viscous  : ( -0.0002161695664 -0.002862831227 -0.02424322135 )


liftDrag LD execute:
Viscous drag: 0.004149739602, pressure drag: 0.02530621485, porous drag: 0
Viscous lift: -3.700198902e-05, pressure lift: -0.4559607124, porous lift: 0
Total lift: -0.4559977144, Front lift: -0.137892741, Rear lift: -0.3181049734, Drag: 0.02945595445
Location of Center of Mass: ( 0.156259772 0.4851455039 -0.03143796203 )
Location of Center Of Pressure: ( 0.1994526789 0.4851455039 -0.02864784213 )


yPlus yPlus execute:
    patch Bottom y+ : min = 1.333927307, max = 402.0251339, average = 208.2324106
    patch Top y+ : min = 47.63298957, max = 410.3304321, average = 229.8222992
    patch e423_0 y+ : min = 80.09444343, max = 803.3534162, average = 409.5138771


################################################################################

Time = 132

Outer Loop Iteration = 132
smoothSolver:  Solving for Ux, Initial residual = 0.000572012098, Final residual = 1.418351468e-05, No Iterations 2
smoothSolver:  Solving for Uz, Initial residual = 0.0002329873494, Final residual = 6.242784187e-06, No Iterations 2
GAMG:  Solving for p, Initial residual = 0.0004674348212, Final residual = 2.621218202e-06, No Iterations 3
GAMG:  Solving for p, Initial residual = 4.835468929e-05, Final residual = 4.52427341e-07, No Iterations 2
GAMG:  Solving for p, Initial residual = 9.31346255e-06, Final residual = 4.191837639e-08, No Iterations 3
time step continuity errors (region0): sum local = 2.393589574e-09, global = 1.583291315e-10, cumulative = 1.531469532e-07
smoothSolver:  Solving for omega, Initial residual = 1.533878528e-05, Final residual = 1.36585927e-06, No Iterations 1
smoothSolver:  Solving for k, Initial residual = 0.0003990231084, Final residual = 3.25985271e-05, No Iterations 1

ExecutionTime = 1.77 s  ExecutionStepTime = 0.01 s  ClockTime = 1 s

forces FR write:
    Sum of forces
        Total    : ( 0.3545614202 0 -5.492490201 )
        Pressure : ( 0.3045859399 0 -5.492044343 )
        Viscous  : ( 0.04997548036 0 -0.0004458574468 )
    Sum of moments
        Total    : ( -2.664656926 1.085238346 -0.1720138789 )
        Pressure : ( -2.66444062 1.08810152 -0.1477684993 )
        Viscous  : ( -0.0002163057357 -0.002863174067 -0.0242453796 )


liftDrag LD execute:
Viscous drag: 0.004150109032, pressure drag: 0.02529370105, porous drag: 0
Viscous lift: -3.702529727e-05, pressure lift: -0.4560753127, porous lift: 0
Total lift: -0.456112338, Front lift: -0.1379348249, Rear lift: -0.3181775131, Drag: 0.02944381008
Location of Center of Mass: ( 0.156259772 0.4851455039 -0.03143796203 )
Location of Center Of Pressure: ( 0.1994353706 0.4851455039 -0.02865081067 )


yPlus yPlus execute:
    patch Bottom y+ : min = 1.332814351, max = 402.1815329, average = 208.2792633
    patch Top y+ : min = 47.63286256, max = 410.4747441, average = 229.8065529
    patch e423_0 y+ : min = 80.12785401, max = 803.3986376, average = 409.5315502


################################################################################

Time = 133

Outer Loop Iteration = 133
smoothSolver:  Solving for Ux, Initial residual = 0.0005576865737, Final residual = 1.370879244e-05, No Iterations 2
smoothSolver:  Solving for Uz, Initial residual = 0.0002259814531, Final residual = 5.954171359e-06, No Iterations 2
GAMG:  Solving for p, Initial residual = 0.0004463453266, Final residual = 2.485940326e-06, No Iterations 3
GAMG:  Solving for p, Initial residual = 4.565936418e-05, Final residual = 4.314015211e-07, No Iterations 2
GAMG:  Solving for p, Initial residual = 8.733632634e-06, Final residual = 3.98019976e-08, No Iterations 3
time step continuity errors (region0): sum local = 2.272314887e-09, global = 1.505200294e-10, cumulative = 1.532974732e-07
smoothSolver:  Solving for omega, Initial residual = 1.455966283e-05, Final residual = 1.294727722e-06, No Iterations 1
smoothSolver:  Solving for k, Initial residual = 0.0003666183222, Final residual = 2.985998236e-05, No Iterations 1

ExecutionTime = 1.77 s  ExecutionStepTime = 0 s  ClockTime = 1 s

forces FR write:
    Sum of forces
        Total    : ( 0.3544241344 0 -5.493807032 )
        Pressure : ( 0.304444339 0 -5.493360929 )
        Viscous  : ( 0.04997979537 0 -0.0004461029908 )
    Sum of moments
        Total    : ( -2.665295781 1.085414143 -0.1719472752 )
        Pressure : ( -2.665079356 1.088277653 -0.1476998022 )
        Viscous  : ( -0.0002164248603 -0.002863509971 -0.02424747301 )


liftDrag LD execute:
Viscous drag: 0.004150467362, pressure drag: 0.0252819421, porous drag: 0
Viscous lift: -3.704568796e-05, pressure lift: -0.4561846457, porous lift: 0
Total lift: -0.4562216914, Front lift: -0.1379749029, Rear lift: -0.3182467885, Drag: 0.02943240946
Location of Center of Mass: ( 0.156259772 0.4851455039 -0.03143796203 )
Location of Center Of Pressure: ( 0.199419031 0.4851455039 -0.02865361178 )


yPlus yPlus execute:
    patch Bottom y+ : min = 1.331644882, max = 402.3498467, average = 208.3194302
    patch Top y+ : min = 47.63603226, max = 410.5952553, average = 229.781408
    patch e423_0 y+ : min = 80.15944578, max = 803.4422217, average = 409.5486882


################################################################################

Time = 134

Outer Loop Iteration = 134
smoothSolver:  Solving for Ux, Initial residual = 0.0005437461228, Final residual = 1.324584691e-05, No Iterations 2
smoothSolver:  Solving for Uz, Initial residual = 0.0002206625015, Final residual = 5.681773301e-06, No Iterations 2
GAMG:  Solving for p, Initial residual = 0.0004277366566, Final residual = 2.362718055e-06, No Iterations 3
GAMG:  Solving for p, Initial residual = 4.319389086e-05, Final residual = 4.091696704e-07, No Iterations 2
GAMG:  Solving for p, Initial residual = 8.193044529e-06, Final residual = 3.74627142e-08, No Iterations 3
time step continuity errors (region0): sum local = 2.138396096e-09, global = 1.269055498e-10, cumulative = 1.534243788e-07
smoothSolver:  Solving for omega, Initial residual = 1.383214473e-05, Final residual = 1.22879334e-06, No Iterations 1
smoothSolver:  Solving for k, Initial residual = 0.0003366307161, Final residual = 2.733883927e-05, No Iterations 1

ExecutionTime = 1.79 s  ExecutionStepTime = 0.02 s  ClockTime = 1 s

forces FR write:
    Sum of forces
        Total    : ( 0.3542954086 0 -5.495063678 )
        Pressure : ( 0.3043114318 0 -5.494617363 )
        Viscous  : ( 0.04998397684 0 -0.0004463153398 )
    Sum of moments
        Total    : ( -2.665905437 1.085582793 -0.1718848245 )
        Pressure : ( -2.665688909 1.088446632 -0.1476353229 )
        Viscous  : ( -0.0002165278804 -0.002863838861 -0.02424950163 )


liftDrag LD execute:
Viscous drag: 0.004150814604, pressure drag: 0.0252709051, porous drag: 0
Viscous lift: -3.706332203e-05, pressure lift: -0.4562889836, porous lift: 0
Total lift: -0.456326047, Front lift: -0.1380130755, Rear lift: -0.3183129714, Drag: 0.0294217197
Location of Center of Mass: ( 0.156259772 0.4851455039 -0.03143796203 )
Location of Center Of Pressure: ( 0.1994036168 0.4851455039 -0.02865625339 )


yPlus yPlus execute:
    patch Bottom y+ : min = 1.330408953, max = 402.5038801, average = 208.3516487
    patch Top y+ : min = 47.64205799, max = 410.6866181, average = 229.7481192
    patch e423_0 y+ : min = 80.18929911, max = 803.4842016, average = 409.565289


################################################################################

Time = 135

Outer Loop Iteration = 135
smoothSolver:  Solving for Ux, Initial residual = 0.0005298454887, Final residual = 1.279677557e-05, No Iterations 2
smoothSolver:  Solving for Uz, Initial residual = 0.0002154146032, Final residual = 5.440843834e-06, No Iterations 2
GAMG:  Solving for p, Initial residual = 0.0004115458061, Final residual = 2.258897064e-06, No Iterations 3
GAMG:  Solving for p, Initial residual = 4.149611571e-05, Final residual = 3.969251888e-07, No Iterations 2
GAMG:  Solving for p, Initial residual = 8.0243543e-06, Final residual = 3.810852904e-08, No Iterations 3
time step continuity errors (region0): sum local = 2.174918421e-09, global = 1.027489974e-10, cumulative = 1.535271278e-07
smoothSolver:  Solving for omega, Initial residual = 1.317599406e-05, Final residual = 1.169341569e-06, No Iterations 1
smoothSolver:  Solving for k, Initial residual = 0.0003089075473, Final residual = 2.502515888e-05, No Iterations 1

ExecutionTime = 1.8 s  ExecutionStepTime = 0.01 s  ClockTime = 1 s

forces FR write:
    Sum of forces
        Total    : ( 0.3541748974 0 -5.496257978 )
        Pressure : ( 0.3041868714 0 -5.495811481 )
        Viscous  : ( 0.04998802592 0 -0.0004464968579 )
    Sum of moments
        Total    : ( -2.666484846 1.085743544 -0.171826359 )
        Pressure : ( -2.66626823 1.088607704 -0.147574893 )
        Viscous  : ( -0.0002166159431 -0.002864160574 -0.02425146602 )


liftDrag LD execute:
Viscous drag: 0.004151150851, pressure drag: 0.02526056124, porous drag: 0
Viscous lift: -3.707839583e-05, pressure lift: -0.4563881467, porous lift: 0
Total lift: -0.4564252251, Front lift: -0.1380493154, Rear lift: -0.3183759097, Drag: 0.0294117121
Location of Center of Mass: ( 0.156259772 0.4851455039 -0.03143796203 )
Location of Center Of Pressure: ( 0.1993890671 0.4851455039 -0.02865874139 )


yPlus yPlus execute:
    patch Bottom y+ : min = 1.329105175, max = 402.6331283, average = 208.375892
    patch Top y+ : min = 47.65086193, max = 410.7540043, average = 229.7081203
    patch e423_0 y+ : min = 80.21749574, max = 803.5246113, average = 409.5813563


################################################################################

Time = 136

Outer Loop Iteration = 136
smoothSolver:  Solving for Ux, Initial residual = 0.0005163687832, Final residual = 1.235473151e-05, No Iterations 2
smoothSolver:  Solving for Uz, Initial residual = 0.0002101314428, Final residual = 5.228033482e-06, No Iterations 2
GAMG:  Solving for p, Initial residual = 0.0003872845048, Final residual = 2.129599377e-06, No Iterations 3
GAMG:  Solving for p, Initial residual = 4.080053619e-05, Final residual = 3.814589274e-07, No Iterations 2
GAMG:  Solving for p, Initial residual = 7.126687476e-06, Final residual = 3.624592887e-08, No Iterations 3
time step continuity errors (region0): sum local = 2.06834243e-09, global = 9.983741099e-11, cumulative = 1.536269652e-07
smoothSolver:  Solving for omega, Initial residual = 1.25761575e-05, Final residual = 1.118273263e-06, No Iterations 1
smoothSolver:  Solving for k, Initial residual = 0.000283318999, Final residual = 2.290230616e-05, No Iterations 1

ExecutionTime = 1.8 s  ExecutionStepTime = 0 s  ClockTime = 1 s

forces FR write:
    Sum of forces
        Total    : ( 0.3540622508 0 -5.497395796 )
        Pressure : ( 0.3040703072 0 -5.496949146 )
        Viscous  : ( 0.04999194361 0 -0.0004466496179 )
    Sum of moments
        Total    : ( -2.667036853 1.085897514 -0.1717717091 )
        Pressure : ( -2.666820163 1.08876199 -0.1475183424 )
        Viscous  : ( -0.0002166900539 -0.002864475016 -0.02425336667 )


liftDrag LD execute:
Viscous drag: 0.004151476188, pressure drag: 0.02525088141, porous drag: 0
Viscous lift: -3.709108146e-05, pressure lift: -0.4564826217, porous lift: 0
Total lift: -0.4565197128, Front lift: -0.1380837731, Rear lift: -0.3184359398, Drag: 0.0294023576
Location of Center of Mass: ( 0.156259772 0.4851455039 -0.03143796203 )
Location of Center Of Pressure: ( 0.1993753702 0.4851455039 -0.02866108253 )


yPlus yPlus execute:
    patch Bottom y+ : min = 1.327739763, max = 402.7322985, average = 208.3913687
    patch Top y+ : min = 47.66234809, max = 410.8041545, average = 229.6627104
    patch e423_0 y+ : min = 80.24411644, max = 803.5634855, average = 409.596892


################################################################################

Time = 137

Outer Loop Iteration = 137
smoothSolver:  Solving for Ux, Initial residual = 0.0005029131915, Final residual = 1.192553103e-05, No Iterations 2
smoothSolver:  Solving for Uz, Initial residual = 0.0002041753465, Final residual = 5.045147536e-06, No Iterations 2
GAMG:  Solving for p, Initial residual = 0.0003691088128, Final residual = 2.040941923e-06, No Iterations 3
GAMG:  Solving for p, Initial residual = 3.980698839e-05, Final residual = 3.885658055e-07, No Iterations 2
GAMG:  Solving for p, Initial residual = 7.224565031e-06, Final residual = 3.313836819e-08, No Iterations 3
time step continuity errors (region0): sum local = 1.890788915e-09, global = 4.497156625e-11, cumulative = 1.536719368e-07
smoothSolver:  Solving for omega, Initial residual = 1.201669155e-05, Final residual = 1.07450284e-06, No Iterations 1
smoothSolver:  Solving for k, Initial residual = 0.0002597324288, Final residual = 2.095587311e-05, No Iterations 1

ExecutionTime = 1.82 s  ExecutionStepTime = 0.02 s  ClockTime = 1 s

forces FR write:
    Sum of forces
        Total    : ( 0.3539569518 0 -5.498481907 )
        Pressure : ( 0.303961221 0 -5.498035131 )
        Viscous  : ( 0.04999573078 0 -0.0004467756952 )
    Sum of moments
        Total    : ( -2.667563775 1.086045402 -0.1717206237 )
        Pressure : ( -2.667347024 1.088910184 -0.1474654197 )
        Viscous  : ( -0.0002167512198 -0.002864782086 -0.024255204 )


liftDrag LD execute:
Viscous drag: 0.004151790685, pressure drag: 0.02524182258, porous drag: 0
Viscous lift: -3.710155129e-05, pressure lift: -0.4565728051, porous lift: 0
Total lift: -0.4566099066, Front lift: -0.138116589, Rear lift: -0.3184933177, Drag: 0.02939361326
Location of Center of Mass: ( 0.156259772 0.4851455039 -0.03143796203 )
Location of Center Of Pressure: ( 0.1993624768 0.4851455039 -0.02866328672 )


yPlus yPlus execute:
    patch Bottom y+ : min = 1.326314976, max = 402.8006478, average = 208.4002675
    patch Top y+ : min = 47.67610906, max = 410.8419515, average = 229.6129208
    patch e423_0 y+ : min = 80.26924134, max = 803.600861, average = 409.6118978


################################################################################

Time = 138

Outer Loop Iteration = 138
smoothSolver:  Solving for Ux, Initial residual = 0.0004896108534, Final residual = 1.149622401e-05, No Iterations 2
smoothSolver:  Solving for Uz, Initial residual = 0.000198374381, Final residual = 4.899274624e-06, No Iterations 2
GAMG:  Solving for p, Initial residual = 0.0003435544787, Final residual = 1.965435746e-06, No Iterations 3
GAMG:  Solving for p, Initial residual = 3.865849875e-05, Final residual = 3.857268431e-07, No Iterations 2
GAMG:  Solving for p, Initial residual = 6.813017414e-06, Final residual = 3.218368071e-08, No Iterations 3
time step continuity errors (region0): sum local = 1.836152674e-09, global = 5.679324819e-11, cumulative = 1.5372873e-07
smoothSolver:  Solving for omega, Initial residual = 1.150535128e-05, Final residual = 1.031436371e-06, No Iterations 1
smoothSolver:  Solving for k, Initial residual = 0.0002380104839, Final residual = 1.917227378e-05, No Iterations 1

ExecutionTime = 1.83 s  ExecutionStepTime = 0.01 s  ClockTime = 1 s

forces FR write:
    Sum of forces
        Total    : ( 0.353858557 0 -5.499518896 )
        Pressure : ( 0.3038591684 0 -5.499072019 )
        Viscous  : ( 0.04999938852 0 -0.0004468771811 )
    Sum of moments
        Total    : ( -2.668066866 1.08618745 -0.1716728879 )
        Pressure : ( -2.667850065 1.089052532 -0.1474159094 )
        Viscous  : ( -0.0002168004552 -0.002865081681 -0.02425697854 )


liftDrag LD execute:
Viscous drag: 0.004152094435, pressure drag: 0.02523334784, porous drag: 0
Viscous lift: -3.710997897e-05, pressure lift: -0.4566589112, porous lift: 0
Total lift: -0.4566960212, Front lift: -0.1381478502, Rear lift: -0.318548171, Drag: 0.02938544227
Location of Center of Mass: ( 0.156259772 0.4851455039 -0.03143796203 )
Location of Center Of Pressure: ( 0.1993503349 0.4851455039 -0.02866536234 )


yPlus yPlus execute:
    patch Bottom y+ : min = 1.324840519, max = 402.8478696, average = 208.4062851
    patch Top y+ : min = 47.69158287, max = 410.8715631, average = 229.5581463
    patch e423_0 y+ : min = 80.29295152, max = 803.6367755, average = 409.6263769


################################################################################

Time = 139

Outer Loop Iteration = 139
smoothSolver:  Solving for Ux, Initial residual = 0.0004765967111, Final residual = 1.107610352e-05, No Iterations 2
smoothSolver:  Solving for Uz, Initial residual = 0.0001931868295, Final residual = 4.755574356e-06, No Iterations 2
GAMG:  Solving for p, Initial residual = 0.0003261929148, Final residual = 1.915968523e-06, No Iterations 3
GAMG:  Solving for p, Initial residual = 3.681207199e-05, Final residual = 1.410611858e-07, No Iterations 3
GAMG:  Solving for p, Initial residual = 6.242700068e-06, Final residual = 2.147531121e-08, No Iterations 3
time step continuity errors (region0): sum local = 1.225140593e-09, global = 5.937426153e-11, cumulative = 1.537881043e-07
smoothSolver:  Solving for omega, Initial residual = 1.104293605e-05, Final residual = 9.912397396e-07, No Iterations 1
smoothSolver:  Solving for k, Initial residual = 0.000218028485, Final residual = 1.753765913e-05, No Iterations 1

ExecutionTime = 1.83 s  ExecutionStepTime = 0 s  ClockTime = 1 s

forces FR write:
    Sum of forces
        Total    : ( 0.3537666574 0 -5.500509386 )
        Pressure : ( 0.3037637393 0 -5.50006243 )
        Viscous  : ( 0.05000291812 0 -0.0004469561686 )
    Sum of moments
        Total    : ( -2.668547398 1.086323964 -0.1716283033 )
        Pressure : ( -2.668330559 1.089189337 -0.1473696124 )
        Viscous  : ( -0.0002168387756 -0.002865373703 -0.02425869091 )


liftDrag LD execute:
Viscous drag: 0.004152387543, pressure drag: 0.02522542312, porous drag: 0
Viscous lift: -3.711653832e-05, pressure lift: -0.4567411579, porous lift: 0
Total lift: -0.4567782744, Front lift: -0.1381776403, Rear lift: -0.3186006341, Drag: 0.02937781067
Location of Center of Mass: ( 0.156259772 0.4851455039 -0.03143796203 )
Location of Center Of Pressure: ( 0.1993389025 0.4851455039 -0.02866731682 )


yPlus yPlus execute:
    patch Bottom y+ : min = 1.323328624, max = 402.8863388, average = 208.4099592
    patch Top y+ : min = 47.70849144, max = 410.8896607, average = 229.4982457
    patch e423_0 y+ : min = 80.31532826, max = 803.6712647, average = 409.6403339


################################################################################

Time = 140

Outer Loop Iteration = 140
smoothSolver:  Solving for Ux, Initial residual = 0.0004635787912, Final residual = 1.066844582e-05, No Iterations 2
smoothSolver:  Solving for Uz, Initial residual = 0.0001887009581, Final residual = 4.616063717e-06, No Iterations 2
GAMG:  Solving for p, Initial residual = 0.000318396412, Final residual = 1.869077602e-06, No Iterations 3
GAMG:  Solving for p, Initial residual = 3.556443769e-05, Final residual = 1.381746418e-07, No Iterations 3
GAMG:  Solving for p, Initial residual = 6.016386784e-06, Final residual = 2.046096652e-08, No Iterations 3
time step continuity errors (region0): sum local = 1.167227138e-09, global = 5.624340865e-11, cumulative = 1.538443477e-07
smoothSolver:  Solving for omega, Initial residual = 1.060224207e-05, Final residual = 9.521664461e-07, No Iterations 1
smoothSolver:  Solving for k, Initial residual = 0.0001996619176, Final residual = 1.604052932e-05, No Iterations 1

ExecutionTime = 1.85 s  ExecutionStepTime = 0.02 s  ClockTime = 1 s

forces FR write:
    Sum of forces
        Total    : ( 0.3536809322 0 -5.501453197 )
        Pressure : ( 0.3036746109 0 -5.501006183 )
        Viscous  : ( 0.05000632126 0 -0.0004470147022 )
    Sum of moments
        Total    : ( -2.669005283 1.086454755 -0.171586714 )
        Pressure : ( -2.668788416 1.089320413 -0.1473263721 )
        Viscous  : ( -0.0002168671729 -0.002865658064 -0.02426034192 )


liftDrag LD execute:
Viscous drag: 0.004152670149, pressure drag: 0.02521802164, porous drag: 0
Viscous lift: -3.712139913e-05, pressure lift: -0.4568195298, porous lift: 0
Total lift: -0.4568566512, Front lift: -0.1382059674, Rear lift: -0.3186506838, Drag: 0.02937069179
Location of Center of Mass: ( 0.156259772 0.4851455039 -0.03143796203 )
Location of Center Of Pressure: ( 0.19932815 0.4851455039 -0.02866915468 )


yPlus yPlus execute:
    patch Bottom y+ : min = 1.321787551, max = 402.9182575, average = 208.4112328
    patch Top y+ : min = 47.72648805, max = 410.8896121, average = 229.4335433
    patch e423_0 y+ : min = 80.33645217, max = 803.7043612, average = 409.6537751


################################################################################

Time = 141

Outer Loop Iteration = 141
smoothSolver:  Solving for Ux, Initial residual = 0.0004504229772, Final residual = 1.02800407e-05, No Iterations 2
smoothSolver:  Solving for Uz, Initial residual = 0.0001843667893, Final residual = 4.484967333e-06, No Iterations 2
GAMG:  Solving for p, Initial residual = 0.0003152540112, Final residual = 1.818964239e-06, No Iterations 3
GAMG:  Solving for p, Initial residual = 3.461572804e-05, Final residual = 1.378311579e-07, No Iterations 3
GAMG:  Solving for p, Initial residual = 5.881093584e-06, Final residual = 1.988421858e-08, No Iterations 3
time step continuity errors (region0): sum local = 1.134299884e-09, global = 5.828349739e-11, cumulative = 1.539026312e-07
smoothSolver:  Solving for omega, Initial residual = 1.018663326e-05, Final residual = 9.151922633e-07, No Iterations 1
smoothSolver:  Solving for k, Initial residual = 0.0001827924967, Final residual = 1.467382734e-05, No Iterations 1

ExecutionTime = 1.86 s  ExecutionStepTime = 0.01 s  ClockTime = 1 s

forces FR write:
    Sum of forces
        Total    : ( 0.353600775 0 -5.502359251 )
        Pressure : ( 0.3035912305 0 -5.50191219 )
        Viscous  : ( 0.05000954446 0 -0.0004470605674 )
    Sum of moments
        Total    : ( -2.669444851 1.086581343 -0.1715478261 )
        Pressure : ( -2.669227962 1.089447275 -0.1472859205 )
        Viscous  : ( -0.0002168894242 -0.002865932072 -0.02426190564 )


liftDrag LD execute:
Viscous drag: 0.004152937813, pressure drag: 0.02521109749, porous drag: 0
Viscous lift: -3.712520791e-05, pressure lift: -0.4568947673, porous lift: 0
Total lift: -0.4569318925, Front lift: -0.1382330758, Rear lift: -0.3186988167, Drag: 0.02936403531
Location of Center of Mass: ( 0.156259772 0.4851455039 -0.03143796203 )
Location of Center Of Pressure: ( 0.1993180272 0.4851455039 -0.02867088854 )


yPlus yPlus execute:
    patch Bottom y+ : min = 1.320227088, max = 402.9398355, average = 208.4096887
    patch Top y+ : min = 47.74558997, max = 410.8721864, average = 229.3649172
    patch e423_0 y+ : min = 80.35639878, max = 803.7361048, average = 409.6665748


################################################################################

Time = 142

Outer Loop Iteration = 142
smoothSolver:  Solving for Ux, Initial residual = 0.0004361418461, Final residual = 9.899491318e-06, No Iterations 2
smoothSolver:  Solving for Uz, Initial residual = 0.0001802727772, Final residual = 4.345380932e-06, No Iterations 2
GAMG:  Solving for p, Initial residual = 0.0003092937093, Final residual = 1.760964807e-06, No Iterations 3
GAMG:  Solving for p, Initial residual = 3.361712059e-05, Final residual = 1.342835822e-07, No Iterations 3
GAMG:  Solving for p, Initial residual = 5.939915073e-06, Final residual = 5.859706978e-08, No Iterations 2
time step continuity errors (region0): sum local = 3.342620631e-09, global = 1.84433861e-10, cumulative = 1.54087065e-07
smoothSolver:  Solving for omega, Initial residual = 9.780336058e-06, Final residual = 8.852689232e-07, No Iterations 1
smoothSolver:  Solving for k, Initial residual = 0.0001673099406, Final residual = 1.34237044e-05, No Iterations 1

ExecutionTime = 1.86 s  ExecutionStepTime = 0 s  ClockTime = 1 s

forces FR write:
    Sum of forces
        Total    : ( 0.3535262739 0 -5.503232571 )
        Pressure : ( 0.3035136308 0 -5.502785481 )
        Viscous  : ( 0.05001264312 0 -0.0004470898439 )
    Sum of moments
        Total    : ( -2.669868538 1.086704803 -0.1715116823 )
        Pressure : ( -2.669651635 1.089571001 -0.1472482733 )
        Viscous  : ( -0.0002169036276 -0.002866198282 -0.02426340895 )


liftDrag LD execute:
Viscous drag: 0.004153195135, pressure drag: 0.02520465339, porous drag: 0
Viscous lift: -3.71276391e-05, pressure lift: -0.4569672879, porous lift: 0
Total lift: -0.4570044155, Front lift: -0.1382590848, Rear lift: -0.3187453307, Drag: 0.02935784852
Location of Center of Mass: ( 0.156259772 0.4851455039 -0.03143796203 )
Location of Center Of Pressure: ( 0.1993085478 0.4851455039 -0.02867251952 )


yPlus yPlus execute:
    patch Bottom y+ : min = 1.318653726, max = 402.9477591, average = 208.4058023
    patch Top y+ : min = 47.76473279, max = 410.8136333, average = 229.2936202
    patch e423_0 y+ : min = 80.37524758, max = 803.7665318, average = 409.67884


################################################################################

Time = 143

Outer Loop Iteration = 143
smoothSolver:  Solving for Ux, Initial residual = 0.0004213002558, Final residual = 9.520821685e-06, No Iterations 2
smoothSolver:  Solving for Uz, Initial residual = 0.000176449906, Final residual = 4.211700709e-06, No Iterations 2
GAMG:  Solving for p, Initial residual = 0.0002992955297, Final residual = 1.712332585e-06, No Iterations 3
GAMG:  Solving for p, Initial residual = 3.252313458e-05, Final residual = 1.408649774e-07, No Iterations 3
GAMG:  Solving for p, Initial residual = 5.763021053e-06, Final residual = 2.184432637e-08, No Iterations 3
time step continuity errors (region0): sum local = 1.246065302e-09, global = 8.866631278e-11, cumulative = 1.541757314e-07
smoothSolver:  Solving for omega, Initial residual = 9.39165197e-06, Final residual = 8.570238856e-07, No Iterations 1
smoothSolver:  Solving for k, Initial residual = 0.0001531090323, Final residual = 1.22800051e-05, No Iterations 1

ExecutionTime = 1.88 s  ExecutionStepTime = 0.02 s  ClockTime = 2 s

forces FR write:
    Sum of forces
        Total    : ( 0.3534562285 0 -5.504065922 )
        Pressure : ( 0.3034406107 0 -5.503618817 )
        Viscous  : ( 0.05001561776 0 -0.0004471052574 )
    Sum of moments
        Total    : ( -2.670272835 1.086822907 -0.1714777 )
        Pressure : ( -2.670055924 1.089689364 -0.147212848 )
        Viscous  : ( -0.0002169111054 -0.002866456369 -0.02426485208 )


liftDrag LD execute:
Viscous drag: 0.004153442158, pressure drag: 0.02519858959, porous drag: 0
Viscous lift: -3.712891909e-05, pressure lift: -0.4570364906, porous lift: 0
Total lift: -0.4570736195, Front lift: -0.1382838791, Rear lift: -0.3187897404, Drag: 0.02935203174
Location of Center of Mass: ( 0.156259772 0.4851455039 -0.03143796203 )
Location of Center Of Pressure: ( 0.1992995631 0.4851455039 -0.02867406305 )


yPlus yPlus execute:
    patch Bottom y+ : min = 1.317082642, max = 402.9384279, average = 208.398825
    patch Top y+ : min = 47.78351401, max = 410.6963504, average = 229.220438
    patch e423_0 y+ : min = 80.39307356, max = 803.7956746, average = 409.6905691


################################################################################

Time = 144

Outer Loop Iteration = 144
smoothSolver:  Solving for Ux, Initial residual = 0.0004074500408, Final residual = 9.146001206e-06, No Iterations 2
smoothSolver:  Solving for Uz, Initial residual = 0.0001727316646, Final residual = 4.088131062e-06, No Iterations 2
GAMG:  Solving for p, Initial residual = 0.0002917299457, Final residual = 1.659325438e-06, No Iterations 3
GAMG:  Solving for p, Initial residual = 3.16076262e-05, Final residual = 1.432610296e-07, No Iterations 3
GAMG:  Solving for p, Initial residual = 6.158558055e-06, Final residual = 2.384211612e-08, No Iterations 3
time step continuity errors (region0): sum local = 1.359994286e-09, global = 1.084978853e-10, cumulative = 1.542842292e-07
smoothSolver:  Solving for omega, Initial residual = 9.041633446e-06, Final residual = 8.288501234e-07, No Iterations 1
smoothSolver:  Solving for k, Initial residual = 0.0001400961733, Final residual = 1.12331336e-05, No Iterations 1

ExecutionTime = 1.9 s  ExecutionStepTime = 0.01 s  ClockTime = 2 s

forces FR write:
    Sum of forces
        Total    : ( 0.3533906269 0 -5.504862084 )
        Pressure : ( 0.3033721551 0 -5.504414975 )
        Viscous  : ( 0.0500184718 0 -0.000447108725 )
    Sum of moments
        Total    : ( -2.670659089 1.08693619 -0.1714458737 )
        Pressure : ( -2.670442177 1.089802896 -0.147179637 )
        Viscous  : ( -0.0002169127877 -0.002866706313 -0.0242662367 )


liftDrag LD execute:
Viscous drag: 0.004153679165, pressure drag: 0.02519290483, porous drag: 0
Viscous lift: -3.712920705e-05, pressure lift: -0.4571026059, porous lift: 0
Total lift: -0.4571397351, Front lift: -0.1383075296, Rear lift: -0.3188322055, Drag: 0.029346584
Location of Center of Mass: ( 0.156259772 0.4851455039 -0.03143796203 )
Location of Center Of Pressure: ( 0.1992910692 0.4851455039 -0.02867552097 )


yPlus yPlus execute:
    patch Bottom y+ : min = 1.315530106, max = 402.9042726, average = 208.3888531
    patch Top y+ : min = 47.80215506, max = 410.5577124, average = 229.1476506
    patch e423_0 y+ : min = 80.40995794, max = 803.8235734, average = 409.7017791


################################################################################

Time = 145

Outer Loop Iteration = 145
smoothSolver:  Solving for Ux, Initial residual = 0.0003936230577, Final residual = 8.77745871e-06, No Iterations 2
smoothSolver:  Solving for Uz, Initial residual = 0.0001690253201, Final residual = 3.96369146e-06, No Iterations 2
GAMG:  Solving for p, Initial residual = 0.0002884575583, Final residual = 1.618055862e-06, No Iterations 3
GAMG:  Solving for p, Initial residual = 2.891654775e-05, Final residual = 1.342049276e-07, No Iterations 3
GAMG:  Solving for p, Initial residual = 4.672121042e-06, Final residual = 1.693282472e-08, No Iterations 3
time step continuity errors (region0): sum local = 9.658561939e-10, global = 7.398232811e-11, cumulative = 1.543582116e-07
smoothSolver:  Solving for omega, Initial residual = 8.709922604e-06, Final residual = 8.012287434e-07, No Iterations 1
smoothSolver:  Solving for k, Initial residual = 0.0001281644157, Final residual = 1.027440799e-05, No Iterations 1

ExecutionTime = 1.91 s  ExecutionStepTime = 0.01 s  ClockTime = 2 s

forces FR write:
    Sum of forces
        Total    : ( 0.3533290381 0 -5.505624456 )
        Pressure : ( 0.3033078296 0 -5.505177354 )
        Viscous  : ( 0.0500212085 0 -0.000447101814 )
    Sum of moments
        Total    : ( -2.671028951 1.087045137 -0.1714159942 )
        Pressure : ( -2.670812041 1.089912085 -0.1471484298 )
        Viscous  : ( -0.0002169094348 -0.002866948165 -0.0242675644 )


liftDrag LD execute:
Viscous drag: 0.004153906429, pressure drag: 0.02518756306, porous drag: 0
Viscous lift: -3.712863314e-05, pressure lift: -0.457165916, porous lift: 0
Total lift: -0.4572030446, Front lift: -0.1383301371, Rear lift: -0.3188729075, Drag: 0.02934146949
Location of Center of Mass: ( 0.156259772 0.4851455039 -0.03143796203 )
Location of Center Of Pressure: ( 0.1992830291 0.4851455039 -0.02867690084 )


yPlus yPlus execute:
    patch Bottom y+ : min = 1.3140042, max = 402.8518027, average = 208.3767782
    patch Top y+ : min = 47.82053529, max = 410.4202975, average = 229.0764016
    patch e423_0 y+ : min = 80.42595537, max = 803.8502667, average = 409.7124938


################################################################################

Time = 146

Outer Loop Iteration = 146
smoothSolver:  Solving for Ux, Initial residual = 0.0003797758072, Final residual = 8.416197341e-06, No Iterations 2
smoothSolver:  Solving for Uz, Initial residual = 0.0001649462214, Final residual = 3.855676883e-06, No Iterations 2
GAMG:  Solving for p, Initial residual = 0.0002846408918, Final residual = 1.581948394e-06, No Iterations 3
GAMG:  Solving for p, Initial residual = 2.730841617e-05, Final residual = 1.305176142e-07, No Iterations 3
GAMG:  Solving for p, Initial residual = 4.384251496e-06, Final residual = 1.55776404e-08, No Iterations 3
time step continuity errors (region0): sum local = 8.885424379e-10, global = 6.666179519e-11, cumulative = 1.544248734e-07
smoothSolver:  Solving for omega, Initial residual = 8.393475374e-06, Final residual = 7.732925927e-07, No Iterations 1
smoothSolver:  Solving for k, Initial residual = 0.0001172323181, Final residual = 9.397504337e-06, No Iterations 1

ExecutionTime = 1.92 s  ExecutionStepTime = 0.01 s  ClockTime = 2 s

forces FR write:
    Sum of forces
        Total    : ( 0.3532711512 0 -5.506354915 )
        Pressure : ( 0.3032473191 0 -5.505907829 )
        Viscous  : ( 0.05002383213 0 -0.0004470858964 )
    Sum of moments
        Total    : ( -2.67138333 1.087149969 -0.1713879107 )
        Pressure : ( -2.671166428 1.090017151 -0.1471190734 )
        Viscous  : ( -0.0002169017125 -0.002867182066 -0.02426883724 )


liftDrag LD execute:
Viscous drag: 0.004154124303, pressure drag: 0.02518253809, porous drag: 0
Viscous lift: -3.71273113e-05, pressure lift: -0.4572265768, porous lift: 0
Total lift: -0.4572637041, Front lift: -0.1383517613, Rear lift: -0.3189119428, Drag: 0.02933666239
Location of Center of Mass: ( 0.156259772 0.4851455039 -0.03143796203 )
Location of Center Of Pressure: ( 0.1992754135 0.4851455039 -0.028678208 )


yPlus yPlus execute:
    patch Bottom y+ : min = 1.312507274, max = 402.7850483, average = 208.3634723
    patch Top y+ : min = 47.83857058, max = 410.2872971, average = 229.0067876
    patch e423_0 y+ : min = 80.4411343, max = 803.8757935, average = 409.7227416


################################################################################

Time = 147

Outer Loop Iteration = 147
smoothSolver:  Solving for Ux, Initial residual = 0.00036590136, Final residual = 8.064754556e-06, No Iterations 2
smoothSolver:  Solving for Uz, Initial residual = 0.0001605552378, Final residual = 3.741116794e-06, No Iterations 2
GAMG:  Solving for p, Initial residual = 0.0002799245998, Final residual = 1.544765394e-06, No Iterations 3
GAMG:  Solving for p, Initial residual = 2.619219766e-05, Final residual = 1.293242893e-07, No Iterations 3
GAMG:  Solving for p, Initial residual = 4.183978466e-06, Final residual = 1.511725147e-08, No Iterations 3
time step continuity errors (region0): sum local = 8.622748449e-10, global = 6.716914646e-11, cumulative = 1.544920425e-07
smoothSolver:  Solving for omega, Initial residual = 8.084383507e-06, Final residual = 7.45221605e-07, No Iterations 1
smoothSolver:  Solving for k, Initial residual = 0.0001072178, Final residual = 8.595699629e-06, No Iterations 1

ExecutionTime = 1.94 s  ExecutionStepTime = 0.02 s  ClockTime = 2 s

forces FR write:
    Sum of forces
        Total    : ( 0.3532166971 0 -5.507055539 )
        Pressure : ( 0.3031903497 0 -5.506608476 )
        Viscous  : ( 0.05002634732 0 -0.0004470622055 )
    Sum of moments
        Total    : ( -2.671723234 1.087250965 -0.1713614925 )
        Pressure : ( -2.671506344 1.090118374 -0.147091435 )
        Viscous  : ( -0.0002168902189 -0.002867408181 -0.02427005748 )


liftDrag LD execute:
Viscous drag: 0.004154333172, pressure drag: 0.02517780719, porous drag: 0
Viscous lift: -3.712534393e-05, pressure lift: -0.4572847606, porous lift: 0
Total lift: -0.4573218859, Front lift: -0.1383724651, Rear lift: -0.3189494208, Drag: 0.02933214036
Location of Center of Mass: ( 0.156259772 0.4851455039 -0.03143796203 )
Location of Center Of Pressure: ( 0.1992681965 0.4851455039 -0.02867944734 )


yPlus yPlus execute:
    patch Bottom y+ : min = 1.311042413, max = 402.7061953, average = 208.3496327
    patch Top y+ : min = 47.85607053, max = 410.155443, average = 228.9387747
    patch e423_0 y+ : min = 80.45555554, max = 803.9001946, average = 409.7325487


################################################################################

Time = 148

Outer Loop Iteration = 148
smoothSolver:  Solving for Ux, Initial residual = 0.0003520086726, Final residual = 7.722896841e-06, No Iterations 2
smoothSolver:  Solving for Uz, Initial residual = 0.0001558938128, Final residual = 3.637398692e-06, No Iterations 2
GAMG:  Solving for p, Initial residual = 0.0002748816246, Final residual = 1.506297057e-06, No Iterations 3
GAMG:  Solving for p, Initial residual = 2.531105471e-05, Final residual = 1.282250383e-07, No Iterations 3
GAMG:  Solving for p, Initial residual = 4.09549151e-06, Final residual = 1.498314605e-08, No Iterations 3
time step continuity errors (region0): sum local = 8.54621398e-10, global = 6.982356515e-11, cumulative = 1.545618661e-07
smoothSolver:  Solving for omega, Initial residual = 7.780205685e-06, Final residual = 7.170899293e-07, No Iterations 1
smoothSolver:  Solving for k, Initial residual = 9.80440149e-05, Final residual = 7.861891739e-06, No Iterations 1

ExecutionTime = 1.95 s  ExecutionStepTime = 0.01 s  ClockTime = 2 s

forces FR write:
    Sum of forces
        Total    : ( 0.3531654067 0 -5.507728336 )
        Pressure : ( 0.303136648 0 -5.507281304 )
        Viscous  : ( 0.05002875862 0 -0.0004470319464 )
    Sum of moments
        Total    : ( -2.672049639 1.087348393 -0.1713366092 )
        Pressure : ( -2.671832763 1.090216019 -0.1470653818 )
        Viscous  : ( -0.0002168755389 -0.002867626666 -0.02427122731 )


liftDrag LD execute:
Viscous drag: 0.004154533413, pressure drag: 0.02517334764, porous drag: 0
Viscous lift: -3.712283113e-05, pressure lift: -0.4573406341, porous lift: 0
Total lift: -0.457377757, Front lift: -0.13839231, Rear lift: -0.318985447, Drag: 0.02932788106
Location of Center of Mass: ( 0.156259772 0.4851455039 -0.03143796203 )
Location of Center Of Pressure: ( 0.1992613524 0.4851455039 -0.02868062367 )


yPlus yPlus execute:
    patch Bottom y+ : min = 1.309614591, max = 402.6172902, average = 208.3359424
    patch Top y+ : min = 47.87286129, max = 410.0186672, average = 228.8728743
    patch e423_0 y+ : min = 80.46927617, max = 803.9235112, average = 409.741938


################################################################################

Time = 149

Outer Loop Iteration = 149
smoothSolver:  Solving for Ux, Initial residual = 0.0003384222412, Final residual = 7.395513461e-06, No Iterations 2
smoothSolver:  Solving for Uz, Initial residual = 0.000150932346, Final residual = 3.539735462e-06, No Iterations 2
GAMG:  Solving for p, Initial residual = 0.0002702907166, Final residual = 1.47631395e-06, No Iterations 3
GAMG:  Solving for p, Initial residual = 2.452121298e-05, Final residual = 1.272858064e-07, No Iterations 3
GAMG:  Solving for p, Initial residual = 4.002217846e-06, Final residual = 1.496911671e-08, No Iterations 3
time step continuity errors (region0): sum local = 8.538185119e-10, global = 7.181510201e-11, cumulative = 1.546336812e-07
smoothSolver:  Solving for omega, Initial residual = 7.482955339e-06, Final residual = 6.906050384e-07, No Iterations 1
smoothSolver:  Solving for k, Initial residual = 8.964397545e-05, Final residual = 7.19157303e-06, No Iterations 1

ExecutionTime = 1.96 s  ExecutionStepTime = 0.01 s  ClockTime = 2 s

forces FR write:
    Sum of forces
        Total    : ( 0.3531170238 0 -5.508375095 )
        Pressure : ( 0.3030859535 0 -5.507928099 )
        Viscous  : ( 0.05003107027 0 -0.0004469963195 )
    Sum of moments
        Total    : ( -2.672363411 1.087442472 -0.1713131364 )
        Pressure : ( -2.672146553 1.090310309 -0.1470407876 )
        Viscous  : ( -0.0002168582547 -0.002867837658 -0.02427234879 )


liftDrag LD execute:
Viscous drag: 0.004154725379, pressure drag: 0.02516913782, porous drag: 0
Viscous lift: -3.711987257e-05, pressure lift: -0.4573943458, porous lift: 0
Total lift: -0.4574314657, Front lift: -0.1384113518, Rear lift: -0.3190201139, Drag: 0.0293238632
Location of Center of Mass: ( 0.156259772 0.4851455039 -0.03143796203 )
Location of Center Of Pressure: ( 0.1992548553 0.4851455039 -0.02868174162 )


yPlus yPlus execute:
    patch Bottom y+ : min = 1.30823018, max = 402.5206286, average = 208.3228236
    patch Top y+ : min = 47.88877583, max = 409.8756413, average = 228.8096268
    patch e423_0 y+ : min = 80.48234979, max = 803.9457851, average = 409.7509287


################################################################################

Time = 150

Outer Loop Iteration = 150
smoothSolver:  Solving for Ux, Initial residual = 0.0003253034703, Final residual = 7.080319047e-06, No Iterations 2
smoothSolver:  Solving for Uz, Initial residual = 0.0001460804208, Final residual = 3.44178537e-06, No Iterations 2
GAMG:  Solving for p, Initial residual = 0.0002629755986, Final residual = 1.441453772e-06, No Iterations 3
GAMG:  Solving for p, Initial residual = 2.369734848e-05, Final residual = 1.261983354e-07, No Iterations 3
GAMG:  Solving for p, Initial residual = 3.886776817e-06, Final residual = 1.504192302e-08, No Iterations 3
time step continuity errors (region0): sum local = 8.579721054e-10, global = 7.392542056e-11, cumulative = 1.547076066e-07
smoothSolver:  Solving for omega, Initial residual = 7.193939918e-06, Final residual = 6.64743602e-07, No Iterations 1
smoothSolver:  Solving for k, Initial residual = 8.195458018e-05, Final residual = 6.578076744e-06, No Iterations 1

ExecutionTime = 1.97 s  ExecutionStepTime = 0.01 s  ClockTime = 2 s

forces FR write:
    Sum of forces
        Total    : ( 0.3530712976 0 -5.508997427 )
        Pressure : ( 0.3030380114 0 -5.508550471 )
        Viscous  : ( 0.05003328617 0 -0.0004469565036 )
    Sum of moments
        Total    : ( -2.672665333 1.087533386 -0.1712909526 )
        Pressure : ( -2.672448494 1.090401428 -0.1470175287 )
        Viscous  : ( -0.0002168389381 -0.002868041273 -0.02427342383 )


liftDrag LD execute:
Viscous drag: 0.004154909394, pressure drag: 0.02516515657, porous drag: 0
Viscous lift: -3.711656614e-05, pressure lift: -0.4574460294, porous lift: 0
Total lift: -0.457483146, Front lift: -0.1384296421, Rear lift: -0.3190535039, Drag: 0.02932006597
Location of Center of Mass: ( 0.156259772 0.4851455039 -0.03143796203 )
Location of Center Of Pressure: ( 0.1992486793 0.4851455039 -0.02868280568 )


yPlus yPlus execute:
    patch Bottom y+ : min = 1.306895216, max = 402.418261, average = 208.3106823
    patch Top y+ : min = 47.90371128, max = 409.7293606, average = 228.7495072
    patch e423_0 y+ : min = 80.4948266, max = 803.9670582, average = 409.7595378


################################################################################

Time = 151

Outer Loop Iteration = 151
smoothSolver:  Solving for Ux, Initial residual = 0.000312568233, Final residual = 6.779064452e-06, No Iterations 2
smoothSolver:  Solving for Uz, Initial residual = 0.0001410759073, Final residual = 3.345756413e-06, No Iterations 2
GAMG:  Solving for p, Initial residual = 0.0002560641412, Final residual = 1.411066537e-06, No Iterations 3
GAMG:  Solving for p, Initial residual = 2.283950915e-05, Final residual = 1.248915291e-07, No Iterations 3
GAMG:  Solving for p, Initial residual = 3.76003826e-06, Final residual = 1.509280379e-08, No Iterations 3
time step continuity errors (region0): sum local = 8.608813135e-10, global = 7.298383098e-11, cumulative = 1.547805904e-07
smoothSolver:  Solving for omega, Initial residual = 6.91632704e-06, Final residual = 6.394946427e-07, No Iterations 1
smoothSolver:  Solving for k, Initial residual = 7.490961626e-05, Final residual = 6.015313929e-06, No Iterations 1

ExecutionTime = 1.98 s  ExecutionStepTime = 0.01 s  ClockTime = 2 s

forces FR write:
    Sum of forces
        Total    : ( 0.3530280032 0 -5.509596932 )
        Pressure : ( 0.3029925931 0 -5.509150018 )
        Viscous  : ( 0.05003541014 0 -0.0004469136697 )
    Sum of moments
        Total    : ( -2.67295618 1.087621306 -0.1712699485 )
        Pressure : ( -2.672739361 1.090489544 -0.1469954942 )
        Viscous  : ( -0.0002168181575 -0.002868237623 -0.02427445427 )


liftDrag LD execute:
Viscous drag: 0.004155085775, pressure drag: 0.0251613849, porous drag: 0
Viscous lift: -3.711300909e-05, pressure lift: -0.4574958176, porous lift: 0
Total lift: -0.4575329306, Front lift: -0.1384472333, Rear lift: -0.3190856973, Drag: 0.02931647068
Location of Center of Mass: ( 0.156259772 0.4851455039 -0.03143796203 )
Location of Center Of Pressure: ( 0.1992427961 0.4851455039 -0.02868382024 )


yPlus yPlus execute:
    patch Bottom y+ : min = 1.305614483, max = 402.3123306, average = 208.2999807
    patch Top y+ : min = 47.91751433, max = 409.58249, average = 228.6927962
    patch e423_0 y+ : min = 80.50675351, max = 803.9873729, average = 409.7677815


################################################################################

Time = 152

Outer Loop Iteration = 152
smoothSolver:  Solving for Ux, Initial residual = 0.0002999973303, Final residual = 6.490320937e-06, No Iterations 2
smoothSolver:  Solving for Uz, Initial residual = 0.0001361095472, Final residual = 3.250351528e-06, No Iterations 2
GAMG:  Solving for p, Initial residual = 0.0002481939142, Final residual = 1.390104063e-06, No Iterations 3
GAMG:  Solving for p, Initial residual = 2.202836655e-05, Final residual = 1.237475622e-07, No Iterations 3
GAMG:  Solving for p, Initial residual = 3.641067157e-06, Final residual = 1.518170326e-08, No Iterations 3
time step continuity errors (region0): sum local = 8.659560655e-10, global = 7.421477032e-11, cumulative = 1.548548052e-07
smoothSolver:  Solving for omega, Initial residual = 6.651699423e-06, Final residual = 6.154240432e-07, No Iterations 1
smoothSolver:  Solving for k, Initial residual = 6.846070949e-05, Final residual = 5.498635494e-06, No Iterations 1

ExecutionTime = 2 s  ExecutionStepTime = 0.02 s  ClockTime = 2 s

forces FR write:
    Sum of forces
        Total    : ( 0.3529868704 0 -5.510174823 )
        Pressure : ( 0.3029494249 0 -5.509727954 )
        Viscous  : ( 0.05003744554 0 -0.0004468688654 )
    Sum of moments
        Total    : ( -2.673236541 1.087706367 -0.1712499931 )
        Pressure : ( -2.673019744 1.090574793 -0.1469745514 )
        Viscous  : ( -0.0002167964209 -0.002868426818 -0.02427544173 )


liftDrag LD execute:
Viscous drag: 0.0041552548, pressure drag: 0.02515780009, porous drag: 0
Viscous lift: -3.710928841e-05, pressure lift: -0.457543811, porous lift: 0
Total lift: -0.4575809203, Front lift: -0.1384641645, Rear lift: -0.3191167558, Drag: 0.02931305489
Location of Center of Mass: ( 0.156259772 0.4851455039 -0.03143796203 )
Location of Center Of Pressure: ( 0.199237185 0.4851455039 -0.0286847894 )


yPlus yPlus execute:
    patch Bottom y+ : min = 1.304392147, max = 402.2049364, average = 208.2910891
    patch Top y+ : min = 47.93006211, max = 409.436482, average = 228.639707
    patch e423_0 y+ : min = 80.51817753, max = 804.0067702, average = 409.7756741


################################################################################

Time = 153

Outer Loop Iteration = 153
smoothSolver:  Solving for Ux, Initial residual = 0.0002878648557, Final residual = 6.209952768e-06, No Iterations 2
smoothSolver:  Solving for Uz, Initial residual = 0.0001313159292, Final residual = 3.160319467e-06, No Iterations 2
GAMG:  Solving for p, Initial residual = 0.0002402365057, Final residual = 1.358829906e-06, No Iterations 3
GAMG:  Solving for p, Initial residual = 2.098956937e-05, Final residual = 1.193611101e-07, No Iterations 3
GAMG:  Solving for p, Initial residual = 3.421582621e-06, Final residual = 1.374405795e-08, No Iterations 3
time step continuity errors (region0): sum local = 7.839541763e-10, global = 6.239810801e-11, cumulative = 1.549172033e-07
smoothSolver:  Solving for omega, Initial residual = 6.395122179e-06, Final residual = 5.920374298e-07, No Iterations 1
smoothSolver:  Solving for k, Initial residual = 6.255246965e-05, Final residual = 5.023731495e-06, No Iterations 1

ExecutionTime = 2 s  ExecutionStepTime = 0 s  ClockTime = 2 s

forces FR write:
    Sum of forces
        Total    : ( 0.3529476649 0 -5.510732502 )
        Pressure : ( 0.3029082692 0 -5.510285679 )
        Viscous  : ( 0.05003939571 0 -0.0004468230557 )
    Sum of moments
        Total    : ( -2.673507096 1.087788713 -0.1712309727 )
        Pressure : ( -2.673290322 1.090657322 -0.1469545849 )
        Viscous  : ( -0.0002167741965 -0.002868608976 -0.02427638784 )


liftDrag LD execute:
Viscous drag: 0.004155416748, pressure drag: 0.0251543824, porous drag: 0
Viscous lift: -3.710548424e-05, pressure lift: -0.4575901262, porous lift: 0
Total lift: -0.4576272316, Front lift: -0.1384804819, Rear lift: -0.3191467498, Drag: 0.02930979915
Location of Center of Mass: ( 0.156259772 0.4851455039 -0.03143796203 )
Location of Center Of Pressure: ( 0.1992318207 0.4851455039 -0.02868571735 )


yPlus yPlus execute:
    patch Bottom y+ : min = 1.303232178, max = 402.0982753, average = 208.2844204
    patch Top y+ : min = 47.94129375, max = 409.2929926, average = 228.5904867
    patch e423_0 y+ : min = 80.52913678, max = 804.0252915, average = 409.7832304


################################################################################

Time = 154

Outer Loop Iteration = 154
smoothSolver:  Solving for Ux, Initial residual = 0.0002762092714, Final residual = 5.937780428e-06, No Iterations 2
smoothSolver:  Solving for Uz, Initial residual = 0.0001266361818, Final residual = 3.07063038e-06, No Iterations 2
GAMG:  Solving for p, Initial residual = 0.0002332218151, Final residual = 1.327010275e-06, No Iterations 3
GAMG:  Solving for p, Initial residual = 2.027437128e-05, Final residual = 1.171687181e-07, No Iterations 3
GAMG:  Solving for p, Initial residual = 3.31991857e-06, Final residual = 1.36057544e-08, No Iterations 3
time step continuity errors (region0): sum local = 7.760636844e-10, global = 5.889301628e-11, cumulative = 1.549760963e-07
smoothSolver:  Solving for omega, Initial residual = 6.145779995e-06, Final residual = 5.691434268e-07, No Iterations 1
smoothSolver:  Solving for k, Initial residual = 5.713736651e-05, Final residual = 4.587927488e-06, No Iterations 1

ExecutionTime = 2.01 s  ExecutionStepTime = 0.01 s  ClockTime = 2 s

forces FR write:
    Sum of forces
        Total    : ( 0.352910201 0 -5.511270998 )
        Pressure : ( 0.302868937 0 -5.510824221 )
        Viscous  : ( 0.05004126408 0 -0.0004467771024 )
    Sum of moments
        Total    : ( -2.673768345 1.087868443 -0.1712127973 )
        Pressure : ( -2.673551593 1.090737227 -0.146935503 )
        Viscous  : ( -0.0002167519025 -0.002868784227 -0.02427729427 )


liftDrag LD execute:
Viscous drag: 0.004155571902, pressure drag: 0.02515111614, porous drag: 0
Viscous lift: -3.710166815e-05, pressure lift: -0.4576348482, porous lift: 0
Total lift: -0.4576719499, Front lift: -0.13849622, Rear lift: -0.3191757299, Drag: 0.02930668804
Location of Center of Mass: ( 0.156259772 0.4851455039 -0.03143796203 )
Location of Center Of Pressure: ( 0.1992266829 0.4851455039 -0.02868660737 )


yPlus yPlus execute:
    patch Bottom y+ : min = 1.302138515, max = 401.9946639, average = 208.2802807
    patch Top y+ : min = 47.95113614, max = 409.1536643, average = 228.5453291
    patch e423_0 y+ : min = 80.5396676, max = 804.0429776, average = 409.7904646


################################################################################

Time = 155

Outer Loop Iteration = 155
smoothSolver:  Solving for Ux, Initial residual = 0.0002650717404, Final residual = 5.677585116e-06, No Iterations 2
smoothSolver:  Solving for Uz, Initial residual = 0.0001221640567, Final residual = 2.987160067e-06, No Iterations 2
GAMG:  Solving for p, Initial residual = 0.0002258853287, Final residual = 1.298176855e-06, No Iterations 3
GAMG:  Solving for p, Initial residual = 1.96789948e-05, Final residual = 1.162835777e-07, No Iterations 3
GAMG:  Solving for p, Initial residual = 3.237993985e-06, Final residual = 1.367670765e-08, No Iterations 3
time step continuity errors (region0): sum local = 7.8010742e-10, global = 6.076699441e-11, cumulative = 1.550368633e-07
smoothSolver:  Solving for omega, Initial residual = 5.903742649e-06, Final residual = 5.470621753e-07, No Iterations 1
smoothSolver:  Solving for k, Initial residual = 5.217417968e-05, Final residual = 4.190745142e-06, No Iterations 1

ExecutionTime = 2.03 s  ExecutionStepTime = 0.02 s  ClockTime = 2 s

forces FR write:
    Sum of forces
        Total    : ( 0.3528743004 0 -5.511791322 )
        Pressure : ( 0.3028312463 0 -5.51134459 )
        Viscous  : ( 0.05004305405 0 -0.0004467317923 )
    Sum of moments
        Total    : ( -2.674020778 1.087945661 -0.1711953803 )
        Pressure : ( -2.673804048 1.090814613 -0.1469172176 )
        Viscous  : ( -0.0002167299204 -0.002868952712 -0.02427816267 )


liftDrag LD execute:
Viscous drag: 0.004155720547, pressure drag: 0.0251479862, porous drag: 0
Viscous lift: -3.709790546e-05, pressure lift: -0.4576780612, porous lift: 0
Total lift: -0.4577151591, Front lift: -0.1385114122, Rear lift: -0.3192037469, Drag: 0.02930370675
Location of Center of Mass: ( 0.156259772 0.4851455039 -0.03143796203 )
Location of Center Of Pressure: ( 0.1992217529 0.4851455039 -0.02868746259 )


yPlus yPlus execute:
    patch Bottom y+ : min = 1.301114161, max = 401.8961052, average = 208.2789974
    patch Top y+ : min = 47.95951652, max = 409.0199815, average = 228.5044075
    patch e423_0 y+ : min = 80.549806, max = 804.0598682, average = 409.7973914


################################################################################

Time = 156

Outer Loop Iteration = 156
smoothSolver:  Solving for Ux, Initial residual = 0.0002543723922, Final residual = 5.426127779e-06, No Iterations 2
smoothSolver:  Solving for Uz, Initial residual = 0.0001179239329, Final residual = 2.90729844e-06, No Iterations 2
GAMG:  Solving for p, Initial residual = 0.0002179835225, Final residual = 1.271106962e-06, No Iterations 3
GAMG:  Solving for p, Initial residual = 1.911288791e-05, Final residual = 1.154831126e-07, No Iterations 3
GAMG:  Solving for p, Initial residual = 3.152353724e-06, Final residual = 1.363233693e-08, No Iterations 3
time step continuity errors (region0): sum local = 7.775718734e-10, global = 6.09014222e-11, cumulative = 1.550977647e-07
smoothSolver:  Solving for omega, Initial residual = 5.670352611e-06, Final residual = 5.258466402e-07, No Iterations 1
smoothSolver:  Solving for k, Initial residual = 4.762449411e-05, Final residual = 3.827597068e-06, No Iterations 1

ExecutionTime = 2.03 s  ExecutionStepTime = 0 s  ClockTime = 2 s

forces FR write:
    Sum of forces
        Total    : ( 0.3528397859 0 -5.512294511 )
        Pressure : ( 0.3027950169 0 -5.511847823 )
        Viscous  : ( 0.050044769 0 -0.0004466878379 )
    Sum of moments
        Total    : ( -2.674264898 1.088020475 -0.1711786357 )
        Pressure : ( -2.674048189 1.09088959 -0.146899641 )
        Viscous  : ( -0.0002167085962 -0.002869114581 -0.02427899467 )


liftDrag LD execute:
Viscous drag: 0.004155862961, pressure drag: 0.0251449776, porous drag: 0
Viscous lift: -3.709425536e-05, pressure lift: -0.4577198511, porous lift: 0
Total lift: -0.4577569454, Front lift: -0.1385260925, Rear lift: -0.3192308528, Drag: 0.02930084056
Location of Center of Mass: ( 0.156259772 0.4851455039 -0.03143796203 )
Location of Center Of Pressure: ( 0.1992170124 0.4851455039 -0.02868828611 )


yPlus yPlus execute:
    patch Bottom y+ : min = 1.300153183, max = 401.8041069, average = 208.2805607
    patch Top y+ : min = 47.96648297, max = 408.8933648, average = 228.4678649
    patch e423_0 y+ : min = 80.5595865, max = 804.0760024, average = 409.8040249


################################################################################

Time = 157

Outer Loop Iteration = 157
smoothSolver:  Solving for Ux, Initial residual = 0.0002442018645, Final residual = 5.189787747e-06, No Iterations 2
smoothSolver:  Solving for Uz, Initial residual = 0.0001137943207, Final residual = 2.818188232e-06, No Iterations 2
GAMG:  Solving for p, Initial residual = 0.0002083701112, Final residual = 1.245972797e-06, No Iterations 3
GAMG:  Solving for p, Initial residual = 1.862159306e-05, Final residual = 1.144299517e-07, No Iterations 3
GAMG:  Solving for p, Initial residual = 3.086543952e-06, Final residual = 1.362837137e-08, No Iterations 3
time step continuity errors (region0): sum local = 7.773397796e-10, global = 6.18201586e-11, cumulative = 1.551595849e-07
smoothSolver:  Solving for omega, Initial residual = 5.444832007e-06, Final residual = 5.056247698e-07, No Iterations 1
smoothSolver:  Solving for k, Initial residual = 4.345849788e-05, Final residual = 3.493180246e-06, No Iterations 1

ExecutionTime = 2.04 s  ExecutionStepTime = 0.01 s  ClockTime = 2 s

forces FR write:
    Sum of forces
        Total    : ( 0.3528064896 0 -5.512781556 )
        Pressure : ( 0.3027600774 0 -5.51233491 )
        Viscous  : ( 0.05004641221 0 -0.0004466458745 )
    Sum of moments
        Total    : ( -2.674501186 1.08809299 -0.1711624822 )
        Pressure : ( -2.674284497 1.09096226 -0.1468826903 )
        Viscous  : ( -0.0002166882378 -0.002869269988 -0.02427979187 )


liftDrag LD execute:
Viscous drag: 0.004155999418, pressure drag: 0.02514207613, porous drag: 0
Viscous lift: -3.70907706e-05, pressure lift: -0.4577603002, porous lift: 0
Total lift: -0.457797391, Front lift: -0.1385402935, Rear lift: -0.3192570975, Drag: 0.02929807554
Location of Center of Mass: ( 0.156259772 0.4851455039 -0.03143796203 )
Location of Center Of Pressure: ( 0.1992124435 0.4851455039 -0.02868908089 )


yPlus yPlus execute:
    patch Bottom y+ : min = 1.299248526, max = 401.7197268, average = 208.2850923
    patch Top y+ : min = 47.9720332, max = 408.7751328, average = 228.4357118
    patch e423_0 y+ : min = 80.56904011, max = 804.0914178, average = 409.8103792


################################################################################

Time = 158

Outer Loop Iteration = 158
smoothSolver:  Solving for Ux, Initial residual = 0.0002345626138, Final residual = 4.961616147e-06, No Iterations 2
smoothSolver:  Solving for Uz, Initial residual = 0.0001099848495, Final residual = 2.737328677e-06, No Iterations 2
GAMG:  Solving for p, Initial residual = 0.0001993939176, Final residual = 1.205537675e-06, No Iterations 3
GAMG:  Solving for p, Initial residual = 1.809272339e-05, Final residual = 1.124544603e-07, No Iterations 3
GAMG:  Solving for p, Initial residual = 2.99825297e-06, Final residual = 1.338565542e-08, No Iterations 3
time step continuity errors (region0): sum local = 7.634886083e-10, global = 5.978643784e-11, cumulative = 1.552193713e-07
smoothSolver:  Solving for omega, Initial residual = 5.226235418e-06, Final residual = 4.862037124e-07, No Iterations 1
smoothSolver:  Solving for k, Initial residual = 3.964992147e-05, Final residual = 3.186992821e-06, No Iterations 1

ExecutionTime = 2.06 s  ExecutionStepTime = 0.02 s  ClockTime = 2 s

forces FR write:
    Sum of forces
        Total    : ( 0.3527742564 0 -5.513253369 )
        Pressure : ( 0.3027262695 0 -5.512806762 )
        Viscous  : ( 0.05004798688 0 -0.0004466064616 )
    Sum of moments
        Total    : ( -2.674730083 1.088163303 -0.1711468444 )
        Pressure : ( -2.674513414 1.091032722 -0.1468662886 )
        Viscous  : ( -0.0002166691168 -0.002869419095 -0.02428055581 )


liftDrag LD execute:
Viscous drag: 0.004156130184, pressure drag: 0.02513926862, porous drag: 0
Viscous lift: -3.708749764e-05, pressure lift: -0.4577994842, porous lift: 0
Total lift: -0.4578365717, Front lift: -0.1385540449, Rear lift: -0.3192825268, Drag: 0.0292953988
Location of Center of Mass: ( 0.156259772 0.4851455039 -0.03143796203 )
Location of Center Of Pressure: ( 0.1992080301 0.4851455039 -0.02868984966 )


yPlus yPlus execute:
    patch Bottom y+ : min = 1.298402181, max = 401.6435076, average = 208.2926584
    patch Top y+ : min = 47.97622223, max = 408.6654111, average = 228.4079269
    patch e423_0 y+ : min = 80.57819495, max = 804.106151, average = 409.8164677


################################################################################

Time = 159

Outer Loop Iteration = 159
smoothSolver:  Solving for Ux, Initial residual = 0.0002255874, Final residual = 4.739215876e-06, No Iterations 2
smoothSolver:  Solving for Uz, Initial residual = 0.000106333624, Final residual = 2.662551113e-06, No Iterations 2
GAMG:  Solving for p, Initial residual = 0.0001905934716, Final residual = 1.181547081e-06, No Iterations 3
GAMG:  Solving for p, Initial residual = 1.750016556e-05, Final residual = 1.109582933e-07, No Iterations 3
GAMG:  Solving for p, Initial residual = 2.89261677e-06, Final residual = 1.319029571e-08, No Iterations 3
time step continuity errors (region0): sum local = 7.523366211e-10, global = 5.83455627e-11, cumulative = 1.552777169e-07
smoothSolver:  Solving for omega, Initial residual = 5.01486638e-06, Final residual = 4.671489405e-07, No Iterations 1
smoothSolver:  Solving for k, Initial residual = 3.615185808e-05, Final residual = 2.906199779e-06, No Iterations 1

ExecutionTime = 2.07 s  ExecutionStepTime = 0.01 s  ClockTime = 2 s

forces FR write:
    Sum of forces
        Total    : ( 0.3527429518 0 -5.513710807 )
        Pressure : ( 0.3026934557 0 -5.513264237 )
        Viscous  : ( 0.05004949612 0 -0.0004465700822 )
    Sum of moments
        Total    : ( -2.674952008 1.088231506 -0.1711316571 )
        Pressure : ( -2.674735356 1.091101068 -0.1468503691 )
        Viscous  : ( -0.0002166514675 -0.002869562068 -0.02428128801 )


liftDrag LD execute:
Viscous drag: 0.004156255515, pressure drag: 0.02513654367, porous drag: 0
Viscous lift: -3.708447659e-05, pressure lift: -0.4578374743, porous lift: 0
Total lift: -0.4578745587, Front lift: -0.1385673746, Rear lift: -0.3193071841, Drag: 0.02929279918
Location of Center of Mass: ( 0.156259772 0.4851455039 -0.03143796203 )
Location of Center Of Pressure: ( 0.1992037575 0.4851455039 -0.02869059484 )


yPlus yPlus execute:
    patch Bottom y+ : min = 1.297617745, max = 401.5754378, average = 208.3032722
    patch Top y+ : min = 47.97908203, max = 408.5645795, average = 228.3846186
    patch e423_0 y+ : min = 80.58707676, max = 804.1202368, average = 409.8223036


################################################################################

Time = 160

Outer Loop Iteration = 160
smoothSolver:  Solving for Ux, Initial residual = 0.0002170413542, Final residual = 4.52918362e-06, No Iterations 2
smoothSolver:  Solving for Uz, Initial residual = 0.000103022237, Final residual = 2.588358279e-06, No Iterations 2
GAMG:  Solving for p, Initial residual = 0.0001818126448, Final residual = 1.156510938e-06, No Iterations 3
GAMG:  Solving for p, Initial residual = 1.683263478e-05, Final residual = 1.087718883e-07, No Iterations 3
GAMG:  Solving for p, Initial residual = 2.75984818e-06, Final residual = 1.299951921e-08, No Iterations 3
time step continuity errors (region0): sum local = 7.414456721e-10, global = 5.686155469e-11, cumulative = 1.553345785e-07
smoothSolver:  Solving for omega, Initial residual = 4.811049626e-06, Final residual = 4.488582966e-07, No Iterations 1
smoothSolver:  Solving for k, Initial residual = 3.294608124e-05, Final residual = 2.649961724e-06, No Iterations 1

ExecutionTime = 2.08 s  ExecutionStepTime = 0.01 s  ClockTime = 2 s

forces FR write:
    Sum of forces
        Total    : ( 0.352712455 0 -5.514154607 )
        Pressure : ( 0.302661512 0 -5.51370807 )
        Viscous  : ( 0.05005094294 0 -0.0004465371469 )
    Sum of moments
        Total    : ( -2.675167315 1.088297676 -0.1711168617 )
        Pressure : ( -2.67495068 1.091167375 -0.1468348718 )
        Viscous  : ( -0.0002166354891 -0.00286969908 -0.02428198993 )


liftDrag LD execute:
Viscous drag: 0.004156375663, pressure drag: 0.02513389097, porous drag: 0
Viscous lift: -3.708174154e-05, pressure lift: -0.4578743314, porous lift: 0
Total lift: -0.4579114132, Front lift: -0.1385803069, Rear lift: -0.3193311063, Drag: 0.02929026663
Location of Center of Mass: ( 0.156259772 0.4851455039 -0.03143796203 )
Location of Center Of Pressure: ( 0.1991996125 0.4851455039 -0.0286913186 )


yPlus yPlus execute:
    patch Bottom y+ : min = 1.296898525, max = 401.5152505, average = 208.3167684
    patch Top y+ : min = 47.98066458, max = 408.4744684, average = 228.3657514
    patch e423_0 y+ : min = 80.59570926, max = 804.133709, average = 409.8278993


################################################################################

Time = 161

Outer Loop Iteration = 161
smoothSolver:  Solving for Ux, Initial residual = 0.0002087180183, Final residual = 4.328628671e-06, No Iterations 2
smoothSolver:  Solving for Uz, Initial residual = 9.9923394e-05, Final residual = 2.519926577e-06, No Iterations 2
GAMG:  Solving for p, Initial residual = 0.0001732819461, Final residual = 1.123196314e-06, No Iterations 3
GAMG:  Solving for p, Initial residual = 1.634986398e-05, Final residual = 1.064413535e-07, No Iterations 3
GAMG:  Solving for p, Initial residual = 2.659345597e-06, Final residual = 1.277962927e-08, No Iterations 3
time step continuity errors (region0): sum local = 7.288933387e-10, global = 5.441890201e-11, cumulative = 1.553889974e-07
smoothSolver:  Solving for omega, Initial residual = 4.614098921e-06, Final residual = 4.310470778e-07, No Iterations 1
smoothSolver:  Solving for k, Initial residual = 3.001346075e-05, Final residual = 2.413976305e-06, No Iterations 1

ExecutionTime = 2.1 s  ExecutionStepTime = 0.02 s  ClockTime = 2 s

forces FR write:
    Sum of forces
        Total    : ( 0.3526826515 0 -5.51458549 )
        Pressure : ( 0.3026303213 0 -5.514138982 )
        Viscous  : ( 0.05005233024 0 -0.0004465079979 )
    Sum of moments
        Total    : ( -2.675376356 1.088361894 -0.1711024027 )
        Pressure : ( -2.675159735 1.091231724 -0.1468197397 )
        Viscous  : ( -0.0002166213476 -0.002869830305 -0.02428266298 )


liftDrag LD execute:
Viscous drag: 0.004156490869, pressure drag: 0.0251313008, porous drag: 0
Viscous lift: -3.707932093e-05, pressure lift: -0.4579101156, porous lift: 0
Total lift: -0.457947195, Front lift: -0.1385928649, Rear lift: -0.3193543301, Drag: 0.02928779167
Location of Center of Mass: ( 0.156259772 0.4851455039 -0.03143796203 )
Location of Center Of Pressure: ( 0.1991955832 0.4851455039 -0.02869202297 )


yPlus yPlus execute:
    patch Bottom y+ : min = 1.296246083, max = 401.4628155, average = 208.3330687
    patch Top y+ : min = 47.98101903, max = 408.3974784, average = 228.3512134
    patch e423_0 y+ : min = 80.60411386, max = 804.1465993, average = 409.8332671


################################################################################

Time = 162

Outer Loop Iteration = 162
smoothSolver:  Solving for Ux, Initial residual = 0.0002007285023, Final residual = 4.13722914e-06, No Iterations 2
smoothSolver:  Solving for Uz, Initial residual = 9.708843383e-05, Final residual = 2.455261655e-06, No Iterations 2
GAMG:  Solving for p, Initial residual = 0.0001654173056, Final residual = 1.090965216e-06, No Iterations 3
GAMG:  Solving for p, Initial residual = 1.587372772e-05, Final residual = 1.04680346e-07, No Iterations 3
GAMG:  Solving for p, Initial residual = 2.56175879e-06, Final residual = 1.258571899e-08, No Iterations 3
time step continuity errors (region0): sum local = 7.17821986e-10, global = 5.212983636e-11, cumulative = 1.554411272e-07
smoothSolver:  Solving for omega, Initial residual = 4.424457174e-06, Final residual = 4.13764474e-07, No Iterations 1
smoothSolver:  Solving for k, Initial residual = 2.733007046e-05, Final residual = 2.198351511e-06, No Iterations 1

ExecutionTime = 2.11 s  ExecutionStepTime = 0.01 s  ClockTime = 2 s

forces FR write:
    Sum of forces
        Total    : ( 0.3526534454 0 -5.515004102 )
        Pressure : ( 0.3025997845 0 -5.514557619 )
        Viscous  : ( 0.05005366085 0 -0.000446482913 )
    Sum of moments
        Total    : ( -2.675579444 1.088424232 -0.1710882334 )
        Pressure : ( -2.675362835 1.091294188 -0.1468049249 )
        Viscous  : ( -0.0002166091778 -0.002869955922 -0.02428330851 )


liftDrag LD execute:
Viscous drag: 0.004156601366, pressure drag: 0.02512876494, porous drag: 0
Viscous lift: -3.70772378e-05, pressure lift: -0.4579448805, porous lift: 0
Total lift: -0.4579819577, Front lift: -0.1386050695, Rear lift: -0.3193768882, Drag: 0.02928536631
Location of Center of Mass: ( 0.156259772 0.4851455039 -0.03143796203 )
Location of Center Of Pressure: ( 0.1991916588 0.4851455039 -0.02869270972 )


yPlus yPlus execute:
    patch Bottom y+ : min = 1.295661143, max = 401.4180198, average = 208.3519668
    patch Top y+ : min = 47.9802456, max = 408.3328312, average = 228.3407445
    patch e423_0 y+ : min = 80.61230997, max = 804.1589384, average = 409.8384184


################################################################################

Time = 163

Outer Loop Iteration = 163
smoothSolver:  Solving for Ux, Initial residual = 0.0001931175249, Final residual = 3.963098688e-06, No Iterations 2
smoothSolver:  Solving for Uz, Initial residual = 9.439560082e-05, Final residual = 2.390138099e-06, No Iterations 2
GAMG:  Solving for p, Initial residual = 0.0001582178551, Final residual = 1.060860204e-06, No Iterations 3
GAMG:  Solving for p, Initial residual = 1.538732196e-05, Final residual = 1.030717046e-07, No Iterations 3
GAMG:  Solving for p, Initial residual = 2.47402442e-06, Final residual = 1.23244912e-08, No Iterations 3
time step continuity errors (region0): sum local = 7.029111668e-10, global = 5.104470578e-11, cumulative = 1.554921719e-07
smoothSolver:  Solving for omega, Initial residual = 4.241914521e-06, Final residual = 3.972213357e-07, No Iterations 1
smoothSolver:  Solving for k, Initial residual = 2.487365984e-05, Final residual = 2.000580135e-06, No Iterations 1

ExecutionTime = 2.13 s  ExecutionStepTime = 0.02 s  ClockTime = 2 s

forces FR write:
    Sum of forces
        Total    : ( 0.3526247426 0 -5.51541099 )
        Pressure : ( 0.3025698051 0 -5.514964528 )
        Viscous  : ( 0.05005493745 0 -0.0004464621102 )
    Sum of moments
        Total    : ( -2.675776844 1.088484746 -0.1710743084 )
        Pressure : ( -2.675560245 1.091354822 -0.1467903806 )
        Viscous  : ( -0.0002165990854 -0.00287007611 -0.02428392785 )


liftDrag LD execute:
Viscous drag: 0.004156707379, pressure drag: 0.02512627536, porous drag: 0
Viscous lift: -3.707551028e-05, pressure lift: -0.4579786714, porous lift: 0
Total lift: -0.4580157469, Front lift: -0.1386169389, Rear lift: -0.319398808, Drag: 0.02928298274
Location of Center of Mass: ( 0.156259772 0.4851455039 -0.03143796203 )
Location of Center Of Pressure: ( 0.1991878292 0.4851455039 -0.02869338051 )


yPlus yPlus execute:
    patch Bottom y+ : min = 1.29514333, max = 401.3809699, average = 208.373278
    patch Top y+ : min = 47.97842012, max = 408.2789589, average = 228.334066
    patch e423_0 y+ : min = 80.62031482, max = 804.1707556, average = 409.8433642


################################################################################

Time = 164

Outer Loop Iteration = 164
smoothSolver:  Solving for Ux, Initial residual = 0.0001858503138, Final residual = 3.799189092e-06, No Iterations 2
smoothSolver:  Solving for Uz, Initial residual = 9.186518801e-05, Final residual = 2.32775418e-06, No Iterations 2
GAMG:  Solving for p, Initial residual = 0.0001514002574, Final residual = 1.030220542e-06, No Iterations 3
GAMG:  Solving for p, Initial residual = 1.494394667e-05, Final residual = 1.012047683e-07, No Iterations 3
GAMG:  Solving for p, Initial residual = 2.412557414e-06, Final residual = 1.215809376e-08, No Iterations 3
time step continuity errors (region0): sum local = 6.934083759e-10, global = 4.843432637e-11, cumulative = 1.555406062e-07
smoothSolver:  Solving for omega, Initial residual = 4.066048664e-06, Final residual = 3.811573698e-07, No Iterations 1
smoothSolver:  Solving for k, Initial residual = 2.262330721e-05, Final residual = 1.820655822e-06, No Iterations 1

ExecutionTime = 2.14 s  ExecutionStepTime = 0.01 s  ClockTime = 2 s

forces FR write:
    Sum of forces
        Total    : ( 0.3525964625 0 -5.515806618 )
        Pressure : ( 0.3025402998 0 -5.515360172 )
        Viscous  : ( 0.05005616268 0 -0.0004464457497 )
    Sum of moments
        Total    : ( -2.675968781 1.088543479 -0.1710605885 )
        Pressure : ( -2.67575219 1.09141367 -0.1467760662 )
        Viscous  : ( -0.0002165911482 -0.002870191051 -0.02428452226 )


liftDrag LD execute:
Viscous drag: 0.004156809125, pressure drag: 0.02512382516, porous drag: 0
Viscous lift: -3.707415165e-05, pressure lift: -0.4580115268, porous lift: 0
Total lift: -0.4580486009, Front lift: -0.1386284885, Rear lift: -0.3194201124, Drag: 0.02928063428
Location of Center of Mass: ( 0.156259772 0.4851455039 -0.03143796203 )
Location of Center Of Pressure: ( 0.1991840851 0.4851455039 -0.0286940368 )


yPlus yPlus execute:
    patch Bottom y+ : min = 1.294690926, max = 401.3517583, average = 208.3967623
    patch Top y+ : min = 47.97562299, max = 408.2348293, average = 228.330938
    patch e423_0 y+ : min = 80.62814352, max = 804.1820785, average = 409.8481153


################################################################################

Time = 165

Outer Loop Iteration = 165
smoothSolver:  Solving for Ux, Initial residual = 0.000179032839, Final residual = 3.652742093e-06, No Iterations 2
smoothSolver:  Solving for Uz, Initial residual = 8.943260649e-05, Final residual = 2.26287546e-06, No Iterations 2
GAMG:  Solving for p, Initial residual = 0.0001445454769, Final residual = 9.997827016e-07, No Iterations 3
GAMG:  Solving for p, Initial residual = 1.457277827e-05, Final residual = 9.927725954e-08, No Iterations 3
GAMG:  Solving for p, Initial residual = 2.358843913e-06, Final residual = 1.198801805e-08, No Iterations 3
time step continuity errors (region0): sum local = 6.836948611e-10, global = 4.629927696e-11, cumulative = 1.555869055e-07
smoothSolver:  Solving for omega, Initial residual = 3.897078597e-06, Final residual = 3.656468554e-07, No Iterations 1
smoothSolver:  Solving for k, Initial residual = 2.056676014e-05, Final residual = 1.655221541e-06, No Iterations 1

ExecutionTime = 2.15 s  ExecutionStepTime = 0.01 s  ClockTime = 2 s

forces FR write:
    Sum of forces
        Total    : ( 0.3525685602 0 -5.516191504 )
        Pressure : ( 0.3025112211 0 -5.515745071 )
        Viscous  : ( 0.05005733908 0 -0.000446433928 )
    Sum of moments
        Total    : ( -2.676155507 1.088600499 -0.1710470518 )
        Pressure : ( -2.675938921 1.0914708 -0.1467619588 )
        Viscous  : ( -0.0002165854129 -0.00287030093 -0.02428509299 )


liftDrag LD execute:
Viscous drag: 0.004156906817, pressure drag: 0.02512141038, porous drag: 0
Viscous lift: -3.707316994e-05, pressure lift: -0.4580434899, porous lift: 0
Total lift: -0.458080563, Front lift: -0.1386397345, Rear lift: -0.3194408286, Drag: 0.02927831719
Location of Center of Mass: ( 0.156259772 0.4851455039 -0.03143796203 )
Location of Center Of Pressure: ( 0.1991804201 0.4851455039 -0.02869467963 )


yPlus yPlus execute:
    patch Bottom y+ : min = 1.294301033, max = 401.3302467, average = 208.4221906
    patch Top y+ : min = 47.97192721, max = 408.1998036, average = 228.3311173
    patch e423_0 y+ : min = 80.63580909, max = 804.1929342, average = 409.852682


################################################################################

Time = 166

Outer Loop Iteration = 166
smoothSolver:  Solving for Ux, Initial residual = 0.0001724178427, Final residual = 3.51102244e-06, No Iterations 2
smoothSolver:  Solving for Uz, Initial residual = 8.716051181e-05, Final residual = 2.203746132e-06, No Iterations 2
GAMG:  Solving for p, Initial residual = 0.0001389126646, Final residual = 9.740778677e-07, No Iterations 3
GAMG:  Solving for p, Initial residual = 1.423433062e-05, Final residual = 9.76790577e-08, No Iterations 3
GAMG:  Solving for p, Initial residual = 2.312182906e-06, Final residual = 1.181363264e-08, No Iterations 3
time step continuity errors (region0): sum local = 6.737351414e-10, global = 4.450559971e-11, cumulative = 1.556314111e-07
smoothSolver:  Solving for omega, Initial residual = 3.734320596e-06, Final residual = 3.506934759e-07, No Iterations 1
smoothSolver:  Solving for k, Initial residual = 1.86868738e-05, Final residual = 1.50513809e-06, No Iterations 1

ExecutionTime = 2.16 s  ExecutionStepTime = 0.01 s  ClockTime = 2 s

forces FR write:
    Sum of forces
        Total    : ( 0.352540983 0 -5.516566091 )
        Pressure : ( 0.3024825139 0 -5.516119664 )
        Viscous  : ( 0.05005846909 0 -0.0004464266913 )
    Sum of moments
        Total    : ( -2.676337236 1.088655863 -0.1710336728 )
        Pressure : ( -2.676120654 1.091526269 -0.1467480316 )
        Viscous  : ( -0.0002165819021 -0.002870405936 -0.02428564121 )


liftDrag LD execute:
Viscous drag: 0.004157000657, pressure drag: 0.02511902645, porous drag: 0
Viscous lift: -3.707256899e-05, pressure lift: -0.4580745972, porous lift: 0
Total lift: -0.4581116698, Front lift: -0.1386506903, Rear lift: -0.3194609795, Drag: 0.0292760271
Location of Center of Mass: ( 0.156259772 0.4851455039 -0.03143796203 )
Location of Center Of Pressure: ( 0.199176828 0.4851455039 -0.02869531002 )


yPlus yPlus execute:
    patch Bottom y+ : min = 1.293969972, max = 401.3158199, average = 208.4491494
    patch Top y+ : min = 47.96743713, max = 408.1734643, average = 228.3343516
    patch e423_0 y+ : min = 80.64332268, max = 804.2033482, average = 409.8570741


################################################################################

Time = 167

Outer Loop Iteration = 167
smoothSolver:  Solving for Ux, Initial residual = 0.0001660248941, Final residual = 3.376146963e-06, No Iterations 2
smoothSolver:  Solving for Uz, Initial residual = 8.49384737e-05, Final residual = 2.139532782e-06, No Iterations 2
GAMG:  Solving for p, Initial residual = 0.0001338138233, Final residual = 9.469484509e-07, No Iterations 3
GAMG:  Solving for p, Initial residual = 1.385299837e-05, Final residual = 9.569254775e-08, No Iterations 3
GAMG:  Solving for p, Initial residual = 2.264010583e-06, Final residual = 1.141591034e-08, No Iterations 3
time step continuity errors (region0): sum local = 6.510381178e-10, global = 4.19608067e-11, cumulative = 1.556733719e-07
smoothSolver:  Solving for omega, Initial residual = 3.578179876e-06, Final residual = 3.363300514e-07, No Iterations 1
smoothSolver:  Solving for k, Initial residual = 1.696673077e-05, Final residual = 1.367441935e-06, No Iterations 1

ExecutionTime = 2.17 s  ExecutionStepTime = 0.01 s  ClockTime = 2 s

forces FR write:
    Sum of forces
        Total    : ( 0.3525136932 0 -5.516930778 )
        Pressure : ( 0.3024541381 0 -5.516484354 )
        Viscous  : ( 0.05005955505 0 -0.0004464240377 )
    Sum of moments
        Total    : ( -2.676514162 1.088709622 -0.1710204333 )
        Pressure : ( -2.676297582 1.091580128 -0.1467342652 )
        Viscous  : ( -0.0002165806147 -0.002870506253 -0.02428616806 )


liftDrag LD execute:
Viscous drag: 0.004157090838, pressure drag: 0.02511667004, porous drag: 0
Viscous lift: -3.707234863e-05, pressure lift: -0.4581048821, porous lift: 0
Total lift: -0.4581419545, Front lift: -0.1386613683, Rear lift: -0.3194805862, Drag: 0.02927376088
Location of Center of Mass: ( 0.156259772 0.4851455039 -0.03143796203 )
Location of Center Of Pressure: ( 0.1991733038 0.4851455039 -0.0286959288 )


yPlus yPlus execute:
    patch Bottom y+ : min = 1.293693274, max = 401.3076177, average = 208.477444
    patch Top y+ : min = 47.96220633, max = 408.1555774, average = 228.3404401
    patch e423_0 y+ : min = 80.65069366, max = 804.2133452, average = 409.8613009


################################################################################

Time = 168

Outer Loop Iteration = 168
smoothSolver:  Solving for Ux, Initial residual = 0.000159832448, Final residual = 3.242925313e-06, No Iterations 2
smoothSolver:  Solving for Uz, Initial residual = 8.27401506e-05, Final residual = 2.067798697e-06, No Iterations 2
GAMG:  Solving for p, Initial residual = 0.0001290089272, Final residual = 9.176956471e-07, No Iterations 3
GAMG:  Solving for p, Initial residual = 1.357473039e-05, Final residual = 9.419737183e-08, No Iterations 3
GAMG:  Solving for p, Initial residual = 2.245871812e-06, Final residual = 1.128598354e-08, No Iterations 3
time step continuity errors (region0): sum local = 6.436126245e-10, global = 4.041739722e-11, cumulative = 1.557137893e-07
smoothSolver:  Solving for omega, Initial residual = 3.428896134e-06, Final residual = 3.223688647e-07, No Iterations 1
smoothSolver:  Solving for k, Initial residual = 1.539682842e-05, Final residual = 1.242191823e-06, No Iterations 1

ExecutionTime = 2.18 s  ExecutionStepTime = 0.01 s  ClockTime = 2 s

forces FR write:
    Sum of forces
        Total    : ( 0.3524866605 0 -5.517285914 )
        Pressure : ( 0.3024260613 0 -5.516839488 )
        Viscous  : ( 0.05006059919 0 -0.00044642592 )
    Sum of moments
        Total    : ( -2.676686455 1.088761823 -0.1710073185 )
        Pressure : ( -2.676469873 1.091632425 -0.1467206439 )
        Viscous  : ( -0.0002165815279 -0.00287060207 -0.02428667462 )


liftDrag LD execute:
Viscous drag: 0.004157177546, pressure drag: 0.02511433846, porous drag: 0
Viscous lift: -3.707250494e-05, pressure lift: -0.4581343735, porous lift: 0
Total lift: -0.458171446, Front lift: -0.1386717792, Rear lift: -0.3194996668, Drag: 0.029271516
Location of Center of Mass: ( 0.156259772 0.4851455039 -0.03143796203 )
Location of Center Of Pressure: ( 0.199169843 0.4851455039 -0.02869653666 )


yPlus yPlus execute:
    patch Bottom y+ : min = 1.293466637, max = 401.3052321, average = 208.5068795
    patch Top y+ : min = 47.95633412, max = 408.1458654, average = 228.3491392
    patch e423_0 y+ : min = 80.65792977, max = 804.2229486, average = 409.8653712


################################################################################

Time = 169

Outer Loop Iteration = 169
smoothSolver:  Solving for Ux, Initial residual = 0.0001538919257, Final residual = 3.116661796e-06, No Iterations 2
smoothSolver:  Solving for Uz, Initial residual = 8.046765055e-05, Final residual = 1.988420141e-06, No Iterations 2
GAMG:  Solving for p, Initial residual = 0.0001241174102, Final residual = 8.896410531e-07, No Iterations 3
GAMG:  Solving for p, Initial residual = 1.324443571e-05, Final residual = 9.175802681e-08, No Iterations 3
GAMG:  Solving for p, Initial residual = 2.201033527e-06, Final residual = 1.110518401e-08, No Iterations 3
time step continuity errors (region0): sum local = 6.332899729e-10, global = 3.96406804e-11, cumulative = 1.5575343e-07
smoothSolver:  Solving for omega, Initial residual = 3.286069902e-06, Final residual = 3.088672438e-07, No Iterations 1
smoothSolver:  Solving for k, Initial residual = 1.396793256e-05, Final residual = 1.127455143e-06, No Iterations 1

ExecutionTime = 2.19 s  ExecutionStepTime = 0.01 s  ClockTime = 2 s

forces FR write:
    Sum of forces
        Total    : ( 0.3524598632 0 -5.517631792 )
        Pressure : ( 0.3023982596 0 -5.517185359 )
        Viscous  : ( 0.05006160363 0 -0.0004464322474 )
    Sum of moments
        Total    : ( -2.676854256 1.088812504 -0.1709943179 )
        Pressure : ( -2.676637671 1.091683198 -0.146707156 )
        Viscous  : ( -0.0002165845976 -0.002870693571 -0.02428716192 )


liftDrag LD execute:
Viscous drag: 0.004157260958, pressure drag: 0.02511202972, porous drag: 0
Viscous lift: -3.707303038e-05, pressure lift: -0.4581630956, porous lift: 0
Total lift: -0.4582001687, Front lift: -0.1386819318, Rear lift: -0.3195182369, Drag: 0.02926929068
Location of Center of Mass: ( 0.156259772 0.4851455039 -0.03143796203 )
Location of Center Of Pressure: ( 0.199166442 0.4851455039 -0.02869713415 )


yPlus yPlus execute:
    patch Bottom y+ : min = 1.293286011, max = 401.3084388, average = 208.5372557
    patch Top y+ : min = 47.94991039, max = 408.1437168, average = 228.3601529
    patch e423_0 y+ : min = 80.66503719, max = 804.2321807, average = 409.8692933


################################################################################

Time = 170

Outer Loop Iteration = 170
smoothSolver:  Solving for Ux, Initial residual = 0.0001481384535, Final residual = 2.99716253e-06, No Iterations 2
smoothSolver:  Solving for Uz, Initial residual = 7.822252739e-05, Final residual = 1.905305995e-06, No Iterations 2
GAMG:  Solving for p, Initial residual = 0.000119678177, Final residual = 8.612148104e-07, No Iterations 3
GAMG:  Solving for p, Initial residual = 1.295457063e-05, Final residual = 8.909780892e-08, No Iterations 3
GAMG:  Solving for p, Initial residual = 2.15388568e-06, Final residual = 1.094808243e-08, No Iterations 3
time step continuity errors (region0): sum local = 6.243223174e-10, global = 3.9010393e-11, cumulative = 1.557924404e-07
smoothSolver:  Solving for omega, Initial residual = 3.14958207e-06, Final residual = 2.958726922e-07, No Iterations 1
smoothSolver:  Solving for k, Initial residual = 1.2663904e-05, Final residual = 1.023473968e-06, No Iterations 1

ExecutionTime = 2.2 s  ExecutionStepTime = 0.01 s  ClockTime = 2 s

forces FR write:
    Sum of forces
        Total    : ( 0.3524332898 0 -5.517968678 )
        Pressure : ( 0.3023707194 0 -5.517522235 )
        Viscous  : ( 0.05006257042 0 -0.00044644289 )
    Sum of moments
        Total    : ( -2.677017694 1.088861706 -0.170981426 )
        Pressure : ( -2.676801105 1.091732487 -0.146693795 )
        Viscous  : ( -0.0002165897608 -0.002870780943 -0.02428763095 )


liftDrag LD execute:
Viscous drag: 0.004157341243, pressure drag: 0.02510974271, porous drag: 0
Viscous lift: -3.707391418e-05, pressure lift: -0.4581910708, porous lift: 0
Total lift: -0.4582281447, Front lift: -0.1386918339, Rear lift: -0.3195363108, Drag: 0.02926708395
Location of Center of Mass: ( 0.156259772 0.4851455039 -0.03143796203 )
Location of Center Of Pressure: ( 0.1991630984 0.4851455039 -0.02869772168 )


yPlus yPlus execute:
    patch Bottom y+ : min = 1.293147252, max = 401.3169962, average = 208.5684067
    patch Top y+ : min = 47.94300792, max = 408.1482439, average = 228.3731699
    patch e423_0 y+ : min = 80.67202068, max = 804.241063, average = 409.8730752


################################################################################

Time = 171

Outer Loop Iteration = 171
smoothSolver:  Solving for Ux, Initial residual = 0.0001424632186, Final residual = 2.880987843e-06, No Iterations 2
smoothSolver:  Solving for Uz, Initial residual = 7.591783128e-05, Final residual = 1.824399408e-06, No Iterations 2
GAMG:  Solving for p, Initial residual = 0.0001150693498, Final residual = 8.298754519e-07, No Iterations 3
GAMG:  Solving for p, Initial residual = 1.272493501e-05, Final residual = 8.658503275e-08, No Iterations 3
GAMG:  Solving for p, Initial residual = 2.117476476e-06, Final residual = 1.073110014e-08, No Iterations 3
time step continuity errors (region0): sum local = 6.119398524e-10, global = 3.932396807e-11, cumulative = 1.558317643e-07
smoothSolver:  Solving for omega, Initial residual = 3.019463294e-06, Final residual = 2.833724344e-07, No Iterations 1
smoothSolver:  Solving for k, Initial residual = 1.147955476e-05, Final residual = 9.292846859e-07, No Iterations 1

ExecutionTime = 2.22 s  ExecutionStepTime = 0.01 s  ClockTime = 2 s

forces FR write:
    Sum of forces
        Total    : ( 0.3524069349 0 -5.518296814 )
        Pressure : ( 0.3023434334 0 -5.517850357 )
        Viscous  : ( 0.05006350149 0 -0.0004464576863 )
    Sum of moments
        Total    : ( -2.677176888 1.088909464 -0.17096864 )
        Pressure : ( -2.676960291 1.091780329 -0.1466805573 )
        Viscous  : ( -0.0002165969392 -0.002870864369 -0.02428808266 )


liftDrag LD execute:
Viscous drag: 0.004157418562, pressure drag: 0.0251074768, porous drag: 0
Viscous lift: -3.707514291e-05, pressure lift: -0.4582183189, porous lift: 0
Total lift: -0.4582553941, Front lift: -0.1387014926, Rear lift: -0.3195539014, Drag: 0.02926489536
Location of Center of Mass: ( 0.156259772 0.4851455039 -0.03143796203 )
Location of Center Of Pressure: ( 0.1991598098 0.4851455039 -0.02869829954 )


yPlus yPlus execute:
    patch Bottom y+ : min = 1.293046352, max = 401.330619, average = 208.6001541
    patch Top y+ : min = 47.93567623, max = 408.1585132, average = 228.3878949
    patch e423_0 y+ : min = 80.67888367, max = 804.2496157, average = 409.8767243


################################################################################

Time = 172

Outer Loop Iteration = 172
smoothSolver:  Solving for Ux, Initial residual = 0.0001369080023, Final residual = 2.769070526e-06, No Iterations 2
smoothSolver:  Solving for Uz, Initial residual = 7.357064424e-05, Final residual = 1.743730208e-06, No Iterations 2
GAMG:  Solving for p, Initial residual = 0.0001107108707, Final residual = 7.999448537e-07, No Iterations 3
GAMG:  Solving for p, Initial residual = 1.244495106e-05, Final residual = 8.379850818e-08, No Iterations 3
GAMG:  Solving for p, Initial residual = 2.085244357e-06, Final residual = 1.052134959e-08, No Iterations 3
time step continuity errors (region0): sum local = 5.999697503e-10, global = 3.897497267e-11, cumulative = 1.558707393e-07
smoothSolver:  Solving for omega, Initial residual = 2.895220879e-06, Final residual = 2.713000927e-07, No Iterations 1
smoothSolver:  Solving for k, Initial residual = 1.040202196e-05, Final residual = 8.432692078e-07, No Iterations 1

ExecutionTime = 2.23 s  ExecutionStepTime = 0.01 s  ClockTime = 2 s

forces FR write:
    Sum of forces
        Total    : ( 0.3523807957 0 -5.518616399 )
        Pressure : ( 0.3023163971 0 -5.518169923 )
        Viscous  : ( 0.05006439868 0 -0.0004464764457 )
    Sum of moments
        Total    : ( -2.677331934 1.08895581 -0.1709559587 )
        Pressure : ( -2.677115328 1.091826754 -0.1466674408 )
        Viscous  : ( -0.0002166060402 -0.002870944027 -0.02428851792 )


liftDrag LD execute:
Viscous drag: 0.004157493067, pressure drag: 0.02510523162, porous drag: 0
Viscous lift: -3.707670074e-05, pressure lift: -0.4582448566, porous lift: 0
Total lift: -0.4582819333, Front lift: -0.1387109136, Rear lift: -0.3195710197, Drag: 0.02926272469
Location of Center of Mass: ( 0.156259772 0.4851455039 -0.03143796203 )
Location of Center Of Pressure: ( 0.1991565748 0.4851455039 -0.02869886796 )


yPlus yPlus execute:
    patch Bottom y+ : min = 1.292979561, max = 401.3489455, average = 208.6322815
    patch Top y+ : min = 47.92802902, max = 408.1737232, average = 228.4040658
    patch e423_0 y+ : min = 80.68562847, max = 804.2578579, average = 409.8802475


################################################################################

Time = 173

Outer Loop Iteration = 173
smoothSolver:  Solving for Ux, Initial residual = 0.0001314852285, Final residual = 2.662251939e-06, No Iterations 2
smoothSolver:  Solving for Uz, Initial residual = 7.116883689e-05, Final residual = 1.669081144e-06, No Iterations 2
GAMG:  Solving for p, Initial residual = 0.0001068137176, Final residual = 7.731323147e-07, No Iterations 3
GAMG:  Solving for p, Initial residual = 1.214335686e-05, Final residual = 8.129073776e-08, No Iterations 3
GAMG:  Solving for p, Initial residual = 2.043913228e-06, Final residual = 1.035871676e-08, No Iterations 3
time step continuity errors (region0): sum local = 5.906868594e-10, global = 3.8654804e-11, cumulative = 1.559093941e-07
smoothSolver:  Solving for omega, Initial residual = 2.775990942e-06, Final residual = 2.59718551e-07, No Iterations 1
smoothSolver:  Solving for k, Initial residual = 9.425549751e-06, Final residual = 7.64864225e-07, No Iterations 1

ExecutionTime = 2.25 s  ExecutionStepTime = 0.02 s  ClockTime = 2 s

forces FR write:
    Sum of forces
        Total    : ( 0.3523548737 0 -5.518927602 )
        Pressure : ( 0.30228961 0 -5.518481103 )
        Viscous  : ( 0.0500652637 0 -0.0004464989506 )
    Sum of moments
        Total    : ( -2.677482912 1.08900077 -0.1709433828 )
        Pressure : ( -2.677266295 1.09187179 -0.1466544452 )
        Viscous  : ( -0.0002166169583 -0.002871020095 -0.02428893758 )


liftDrag LD execute:
Viscous drag: 0.004157564901, pressure drag: 0.02510300715, porous drag: 0
Viscous lift: -3.707856961e-05, pressure lift: -0.4582706979, porous lift: 0
Total lift: -0.4583077765, Front lift: -0.1387201015, Rear lift: -0.319587675, Drag: 0.02926057205
Location of Center of Mass: ( 0.156259772 0.4851455039 -0.03143796203 )
Location of Center Of Pressure: ( 0.1991533922 0.4851455039 -0.02869942708 )


yPlus yPlus execute:
    patch Bottom y+ : min = 1.292943158, max = 401.3715723, average = 208.6645977
    patch Top y+ : min = 47.92014635, max = 408.193211, average = 228.4214351
    patch e423_0 y+ : min = 80.69225633, max = 804.2658078, average = 409.8836514


################################################################################

Time = 174

Outer Loop Iteration = 174
smoothSolver:  Solving for Ux, Initial residual = 0.0001261532154, Final residual = 2.556776744e-06, No Iterations 2
smoothSolver:  Solving for Uz, Initial residual = 6.870839088e-05, Final residual = 1.600927941e-06, No Iterations 2
GAMG:  Solving for p, Initial residual = 0.0001032988597, Final residual = 7.474319448e-07, No Iterations 3
GAMG:  Solving for p, Initial residual = 1.18387099e-05, Final residual = 7.87408963e-08, No Iterations 3
GAMG:  Solving for p, Initial residual = 2.008121176e-06, Final residual = 1.015833266e-08, No Iterations 3
time step continuity errors (region0): sum local = 5.792513593e-10, global = 3.88230998e-11, cumulative = 1.559482172e-07
smoothSolver:  Solving for omega, Initial residual = 2.661873681e-06, Final residual = 2.488038649e-07, No Iterations 1
smoothSolver:  Solving for k, Initial residual = 8.5386175e-06, Final residual = 6.934639415e-07, No Iterations 1

ExecutionTime = 2.26 s  ExecutionStepTime = 0.01 s  ClockTime = 2 s

forces FR write:
    Sum of forces
        Total    : ( 0.3523291846 0 -5.519230564 )
        Pressure : ( 0.3022630864 0 -5.518784039 )
        Viscous  : ( 0.0500660982 0 -0.0004465249614 )
    Sum of moments
        Total    : ( -2.677629893 1.089044373 -0.1709309198 )
        Pressure : ( -2.677413263 1.091915465 -0.1466415774 )
        Viscous  : ( -0.0002166295774 -0.002871092746 -0.02428934244 )


liftDrag LD execute:
Viscous drag: 0.0041576342, pressure drag: 0.02510080455, porous drag: 0
Viscous lift: -3.708072962e-05, pressure lift: -0.4582958546, porous lift: 0
Total lift: -0.4583329353, Front lift: -0.1387290601, Rear lift: -0.3196038753, Drag: 0.02925843875
Location of Center of Mass: ( 0.156259772 0.4851455039 -0.03143796203 )
Location of Center Of Pressure: ( 0.1991502619 0.4851455039 -0.02869997688 )


yPlus yPlus execute:
    patch Bottom y+ : min = 1.292933456, max = 401.3980377, average = 208.6969209
    patch Top y+ : min = 47.91206702, max = 408.2163863, average = 228.4397614
    patch e423_0 y+ : min = 80.69876756, max = 804.2734823, average = 409.886942


################################################################################

Time = 175

Outer Loop Iteration = 175
smoothSolver:  Solving for Ux, Initial residual = 0.0001209529055, Final residual = 2.454170453e-06, No Iterations 2
smoothSolver:  Solving for Uz, Initial residual = 6.616196733e-05, Final residual = 1.536100833e-06, No Iterations 2
GAMG:  Solving for p, Initial residual = 0.0001003214678, Final residual = 7.221752113e-07, No Iterations 3
GAMG:  Solving for p, Initial residual = 1.156791589e-05, Final residual = 7.595528199e-08, No Iterations 3
GAMG:  Solving for p, Initial residual = 1.970031048e-06, Final residual = 9.957701407e-09, No Iterations 3
time step continuity errors (region0): sum local = 5.67801697e-10, global = 3.843899171e-11, cumulative = 1.559866562e-07
smoothSolver:  Solving for omega, Initial residual = 2.552749929e-06, Final residual = 2.382752754e-07, No Iterations 1
smoothSolver:  Solving for k, Initial residual = 7.734780872e-06, Final residual = 6.293907286e-07, No Iterations 1

ExecutionTime = 2.28 s  ExecutionStepTime = 0.01 s  ClockTime = 2 s

forces FR write:
    Sum of forces
        Total    : ( 0.3523037427 0 -5.519525415 )
        Pressure : ( 0.302236839 0 -5.519078861 )
        Viscous  : ( 0.05006690371 0 -0.0004465542199 )
    Sum of moments
        Total    : ( -2.677772938 1.089086642 -0.1709185768 )
        Pressure : ( -2.677556295 1.091957804 -0.1466288436 )
        Viscous  : ( -0.000216643772 -0.002871162149 -0.02428973323 )


liftDrag LD execute:
Viscous drag: 0.004157701092, pressure drag: 0.02509862489, porous drag: 0
Viscous lift: -3.708315934e-05, pressure lift: -0.4583203375, porous lift: 0
Total lift: -0.4583574206, Front lift: -0.1387377925, Rear lift: -0.3196196281, Drag: 0.02925632598
Location of Center of Mass: ( 0.156259772 0.4851455039 -0.03143796203 )
Location of Center Of Pressure: ( 0.1991471837 0.4851455039 -0.02870051732 )


yPlus yPlus execute:
    patch Bottom y+ : min = 1.292946892, max = 401.4280758, average = 208.7291742
    patch Top y+ : min = 47.90381199, max = 408.2428184, average = 228.4588575
    patch e423_0 y+ : min = 80.70516167, max = 804.2808976, average = 409.890125


################################################################################

Time = 176

Outer Loop Iteration = 176
smoothSolver:  Solving for Ux, Initial residual = 0.0001159406701, Final residual = 2.358509166e-06, No Iterations 2
smoothSolver:  Solving for Uz, Initial residual = 6.366629428e-05, Final residual = 1.469744366e-06, No Iterations 2
GAMG:  Solving for p, Initial residual = 9.720331495e-05, Final residual = 6.959400959e-07, No Iterations 3
GAMG:  Solving for p, Initial residual = 1.130144931e-05, Final residual = 7.299968753e-08, No Iterations 3
GAMG:  Solving for p, Initial residual = 1.930634748e-06, Final residual = 9.761471192e-09, No Iterations 3
time step continuity errors (region0): sum local = 5.566029629e-10, global = 3.77414746e-11, cumulative = 1.560243977e-07
smoothSolver:  Solving for omega, Initial residual = 2.448505474e-06, Final residual = 2.281223007e-07, No Iterations 1
smoothSolver:  Solving for k, Initial residual = 7.008303667e-06, Final residual = 5.726398523e-07, No Iterations 1

ExecutionTime = 2.29 s  ExecutionStepTime = 0 s  ClockTime = 2 s

forces FR write:
    Sum of forces
        Total    : ( 0.3522785622 0 -5.519812241 )
        Pressure : ( 0.3022108805 0 -5.519365654 )
        Viscous  : ( 0.05006768168 0 -0.0004465864481 )
    Sum of moments
        Total    : ( -2.677912091 1.0891276 -0.1709063606 )
        Pressure : ( -2.677695431 1.091998828 -0.1466162499 )
        Viscous  : ( -0.0002166594074 -0.002871228469 -0.02429011066 )


liftDrag LD execute:
Viscous drag: 0.004157765697, pressure drag: 0.02509646922, porous drag: 0
Viscous lift: -3.708583566e-05, pressure lift: -0.4583441537, porous lift: 0
Total lift: -0.4583812395, Front lift: -0.1387463007, Rear lift: -0.3196349388, Drag: 0.02925423492
Location of Center of Mass: ( 0.156259772 0.4851455039 -0.03143796203 )
Location of Center Of Pressure: ( 0.1991441586 0.4851455039 -0.02870104828 )


yPlus yPlus execute:
    patch Bottom y+ : min = 1.292980456, max = 401.4614985, average = 208.7611704
    patch Top y+ : min = 47.89547979, max = 408.2721737, average = 228.4785149
    patch e423_0 y+ : min = 80.71143749, max = 804.2880682, average = 409.8932056


################################################################################

Time = 177

Outer Loop Iteration = 177
smoothSolver:  Solving for Ux, Initial residual = 0.0001111449359, Final residual = 2.268514656e-06, No Iterations 2
smoothSolver:  Solving for Uz, Initial residual = 6.111989267e-05, Final residual = 1.400754821e-06, No Iterations 2
GAMG:  Solving for p, Initial residual = 9.468513855e-05, Final residual = 6.696867371e-07, No Iterations 3
GAMG:  Solving for p, Initial residual = 1.102055881e-05, Final residual = 7.000495311e-08, No Iterations 3
GAMG:  Solving for p, Initial residual = 1.868545718e-06, Final residual = 9.504445404e-09, No Iterations 3
time step continuity errors (region0): sum local = 5.419382447e-10, global = 3.702829756e-11, cumulative = 1.56061426e-07
smoothSolver:  Solving for omega, Initial residual = 2.348366466e-06, Final residual = 2.187027369e-07, No Iterations 1
smoothSolver:  Solving for k, Initial residual = 6.355091678e-06, Final residual = 5.210473607e-07, No Iterations 1

ExecutionTime = 2.31 s  ExecutionStepTime = 0.02 s  ClockTime = 2 s

forces FR write:
    Sum of forces
        Total    : ( 0.3522536629 0 -5.520091127 )
        Pressure : ( 0.3021852295 0 -5.519644506 )
        Viscous  : ( 0.05006843339 0 -0.0004466213632 )
    Sum of moments
        Total    : ( -2.678047391 1.089167267 -0.1708942808 )
        Pressure : ( -2.677830715 1.092038559 -0.1466038054 )
        Viscous  : ( -0.0002166763463 -0.002871291865 -0.02429047534 )


liftDrag LD execute:
Viscous drag: 0.004157828121, pressure drag: 0.02509433908, porous drag: 0
Viscous lift: -3.708873511e-05, pressure lift: -0.4583673103, porous lift: 0
Total lift: -0.458404399, Front lift: -0.1387545865, Rear lift: -0.3196498126, Drag: 0.0292521672
Location of Center of Mass: ( 0.156259772 0.4851455039 -0.03143796203 )
Location of Center Of Pressure: ( 0.1991411871 0.4851455039 -0.02870156961 )


yPlus yPlus execute:
    patch Bottom y+ : min = 1.293031322, max = 401.4977956, average = 208.7926883
    patch Top y+ : min = 47.88714476, max = 408.3039719, average = 228.4985093
    patch e423_0 y+ : min = 80.71759322, max = 804.2950081, average = 409.8961885


################################################################################

Time = 178

Outer Loop Iteration = 178
smoothSolver:  Solving for Ux, Initial residual = 0.0001065869969, Final residual = 2.180316366e-06, No Iterations 2
smoothSolver:  Solving for Uz, Initial residual = 5.855206208e-05, Final residual = 1.330829117e-06, No Iterations 2
GAMG:  Solving for p, Initial residual = 9.238446427e-05, Final residual = 6.442103105e-07, No Iterations 3
GAMG:  Solving for p, Initial residual = 1.064211907e-05, Final residual = 6.706043176e-08, No Iterations 3
GAMG:  Solving for p, Initial residual = 1.729096155e-06, Final residual = 9.087199914e-09, No Iterations 3
time step continuity errors (region0): sum local = 5.181380597e-10, global = 3.989553716e-11, cumulative = 1.561013215e-07
smoothSolver:  Solving for omega, Initial residual = 2.252266235e-06, Final residual = 2.097479937e-07, No Iterations 1
smoothSolver:  Solving for k, Initial residual = 5.768986211e-06, Final residual = 4.742048886e-07, No Iterations 1

ExecutionTime = 2.32 s  ExecutionStepTime = 0.01 s  ClockTime = 2 s

forces FR write:
    Sum of forces
        Total    : ( 0.3522291 0 -5.520362637 )
        Pressure : ( 0.3021599391 0 -5.519915979 )
        Viscous  : ( 0.05006916094 0 -0.0004466587111 )
    Sum of moments
        Total    : ( -2.678179113 1.089205715 -0.1708823642 )
        Pressure : ( -2.677962419 1.092077068 -0.1465915359 )
        Viscous  : ( -0.0002166944654 -0.002871352491 -0.02429082831 )


liftDrag LD execute:
Viscous drag: 0.004157888539, pressure drag: 0.0250922389, porous drag: 0
Viscous lift: -3.709183659e-05, pressure lift: -0.4583898542, porous lift: 0
Total lift: -0.458426946, Front lift: -0.1387626671, Rear lift: -0.3196642789, Drag: 0.02925012744
Location of Center of Mass: ( 0.156259772 0.4851455039 -0.03143796203 )
Location of Center Of Pressure: ( 0.1991382624 0.4851455039 -0.02870208161 )


yPlus yPlus execute:
    patch Bottom y+ : min = 1.293096345, max = 401.5363774, average = 208.8235521
    patch Top y+ : min = 47.87885673, max = 408.337675, average = 228.5186922
    patch e423_0 y+ : min = 80.72362745, max = 804.3017302, average = 409.8990812


################################################################################

Time = 179

Outer Loop Iteration = 179
smoothSolver:  Solving for Ux, Initial residual = 0.0001024261662, Final residual = 2.097021454e-06, No Iterations 2
smoothSolver:  Solving for Uz, Initial residual = 5.600040955e-05, Final residual = 1.261129157e-06, No Iterations 2
GAMG:  Solving for p, Initial residual = 9.089687294e-05, Final residual = 6.18275593e-07, No Iterations 3
GAMG:  Solving for p, Initial residual = 1.020093495e-05, Final residual = 6.289549057e-08, No Iterations 3
GAMG:  Solving for p, Initial residual = 1.699080132e-06, Final residual = 8.586120095e-09, No Iterations 3
time step continuity errors (region0): sum local = 4.895564796e-10, global = 3.16268948e-11, cumulative = 1.561329484e-07
smoothSolver:  Solving for omega, Initial residual = 2.160432607e-06, Final residual = 2.013356094e-07, No Iterations 1
smoothSolver:  Solving for k, Initial residual = 5.243942701e-06, Final residual = 4.317050957e-07, No Iterations 1

ExecutionTime = 2.34 s  ExecutionStepTime = 0.02 s  ClockTime = 2 s

forces FR write:
    Sum of forces
        Total    : ( 0.3522048819 0 -5.52062596 )
        Pressure : ( 0.3021350172 0 -5.520179262 )
        Viscous  : ( 0.05006986467 0 -0.0004466980873 )
    Sum of moments
        Total    : ( -2.678306863 1.089242872 -0.1708706149 )
        Pressure : ( -2.678090149 1.092114282 -0.1465794452 )
        Viscous  : ( -0.0002167135686 -0.002871410498 -0.02429116972 )


liftDrag LD execute:
Viscous drag: 0.004157946978, pressure drag: 0.02509016931, porous drag: 0
Viscous lift: -3.70951065e-05, pressure lift: -0.458411718, porous lift: 0
Total lift: -0.4584488131, Front lift: -0.138770515, Rear lift: -0.3196782981, Drag: 0.02924811629
Location of Center of Mass: ( 0.156259772 0.4851455039 -0.03143796203 )
Location of Center Of Pressure: ( 0.1991354005 0.4851455039 -0.02870258279 )


yPlus yPlus execute:
    patch Bottom y+ : min = 1.293172383, max = 401.5772068, average = 208.8536585
    patch Top y+ : min = 47.87065737, max = 408.3730733, average = 228.5391417
    patch e423_0 y+ : min = 80.72953722, max = 804.3082453, average = 409.9018853


################################################################################

Time = 180

Outer Loop Iteration = 180
smoothSolver:  Solving for Ux, Initial residual = 9.816747347e-05, Final residual = 2.01867272e-06, No Iterations 2
smoothSolver:  Solving for Uz, Initial residual = 5.339985442e-05, Final residual = 1.191393379e-06, No Iterations 2
GAMG:  Solving for p, Initial residual = 8.844927019e-05, Final residual = 5.925608005e-07, No Iterations 3
GAMG:  Solving for p, Initial residual = 9.819669977e-06, Final residual = 5.96604579e-08, No Iterations 3
GAMG:  Solving for p, Initial residual = 1.641729607e-06, Final residual = 8.256457682e-09, No Iterations 3
time step continuity errors (region0): sum local = 4.707494282e-10, global = 3.046390894e-11, cumulative = 1.561634123e-07
smoothSolver:  Solving for omega, Initial residual = 2.072059406e-06, Final residual = 1.932061806e-07, No Iterations 1
smoothSolver:  Solving for k, Initial residual = 4.77293719e-06, Final residual = 3.932286961e-07, No Iterations 1

ExecutionTime = 2.35 s  ExecutionStepTime = 0.01 s  ClockTime = 2 s

forces FR write:
    Sum of forces
        Total    : ( 0.3521809684 0 -5.520881467 )
        Pressure : ( 0.3021104228 0 -5.520434728 )
        Viscous  : ( 0.05007054564 0 -0.0004467391025 )
    Sum of moments
        Total    : ( -2.678430821 1.089278801 -0.1708590134 )
        Pressure : ( -2.678214087 1.092150267 -0.1465675133 )
        Viscous  : ( -0.000216733467 -0.002871466028 -0.0242915001 )


liftDrag LD execute:
Viscous drag: 0.004158003529, pressure drag: 0.02508812692, porous drag: 0
Viscous lift: -3.709851252e-05, pressure lift: -0.4584329326, porous lift: 0
Total lift: -0.4584700311, Front lift: -0.1387781404, Rear lift: -0.3196918907, Drag: 0.02924613045
Location of Center of Mass: ( 0.156259772 0.4851455039 -0.03143796203 )
Location of Center Of Pressure: ( 0.1991325994 0.4851455039 -0.02870307378 )


yPlus yPlus execute:
    patch Bottom y+ : min = 1.293257161, max = 401.6195513, average = 208.8828537
    patch Top y+ : min = 47.86256994, max = 408.4109236, average = 228.559603
    patch e423_0 y+ : min = 80.7352932, max = 804.3145645, average = 409.9046037


################################################################################

Time = 181

Outer Loop Iteration = 181
smoothSolver:  Solving for Ux, Initial residual = 9.392068508e-05, Final residual = 1.949798618e-06, No Iterations 2
smoothSolver:  Solving for Uz, Initial residual = 5.07892247e-05, Final residual = 1.123950239e-06, No Iterations 2
GAMG:  Solving for p, Initial residual = 8.609951389e-05, Final residual = 5.682369247e-07, No Iterations 3
GAMG:  Solving for p, Initial residual = 9.48741181e-06, Final residual = 5.672064711e-08, No Iterations 3
GAMG:  Solving for p, Initial residual = 1.594978731e-06, Final residual = 7.890725508e-09, No Iterations 3
time step continuity errors (region0): sum local = 4.498864159e-10, global = 2.885116055e-11, cumulative = 1.561922635e-07
smoothSolver:  Solving for omega, Initial residual = 1.987618316e-06, Final residual = 1.853789119e-07, No Iterations 1
smoothSolver:  Solving for k, Initial residual = 4.350255017e-06, Final residual = 3.585741519e-07, No Iterations 1

ExecutionTime = 2.36 s  ExecutionStepTime = 0.01 s  ClockTime = 2 s

forces FR write:
    Sum of forces
        Total    : ( 0.352157423 0 -5.521129227 )
        Pressure : ( 0.3020862181 0 -5.520682445 )
        Viscous  : ( 0.05007120496 0 -0.0004467815239 )
    Sum of moments
        Total    : ( -2.67855102 1.089313518 -0.1708475904 )
        Pressure : ( -2.678334266 1.092185037 -0.1465557705 )
        Viscous  : ( -0.0002167540475 -0.002871519219 -0.02429181996 )


liftDrag LD execute:
Viscous drag: 0.00415805828, pressure drag: 0.02508611689, porous drag: 0
Viscous lift: -3.710203532e-05, pressure lift: -0.4584535038, porous lift: 0
Total lift: -0.4584906058, Front lift: -0.1387855447, Rear lift: -0.3197050611, Drag: 0.02924417517
Location of Center of Mass: ( 0.156259772 0.4851455039 -0.03143796203 )
Location of Center Of Pressure: ( 0.1991298596 0.4851455039 -0.0287035541 )


yPlus yPlus execute:
    patch Bottom y+ : min = 1.293348501, max = 401.662532, average = 208.9109128
    patch Top y+ : min = 47.8546861, max = 408.450606, average = 228.5798216
    patch e423_0 y+ : min = 80.74090704, max = 804.3206978, average = 409.90724


################################################################################

Time = 182

Outer Loop Iteration = 182
smoothSolver:  Solving for Ux, Initial residual = 8.979085034e-05, Final residual = 1.886227091e-06, No Iterations 2
smoothSolver:  Solving for Uz, Initial residual = 4.824330201e-05, Final residual = 1.058110642e-06, No Iterations 2
GAMG:  Solving for p, Initial residual = 8.365322007e-05, Final residual = 5.438053557e-07, No Iterations 3
GAMG:  Solving for p, Initial residual = 9.194299945e-06, Final residual = 5.391374928e-08, No Iterations 3
GAMG:  Solving for p, Initial residual = 1.556455521e-06, Final residual = 7.564124936e-09, No Iterations 3
time step continuity errors (region0): sum local = 4.312554011e-10, global = 2.853766136e-11, cumulative = 1.562208012e-07
smoothSolver:  Solving for omega, Initial residual = 1.906596619e-06, Final residual = 1.780257994e-07, No Iterations 1
smoothSolver:  Solving for k, Initial residual = 3.971372852e-06, Final residual = 3.282577146e-07, No Iterations 1

ExecutionTime = 2.38 s  ExecutionStepTime = 0.02 s  ClockTime = 2 s

forces FR write:
    Sum of forces
        Total    : ( 0.3521342951 0 -5.521369364 )
        Pressure : ( 0.3020624515 0 -5.520922539 )
        Viscous  : ( 0.05007184359 0 -0.0004468251134 )
    Sum of moments
        Total    : ( -2.678667522 1.089347051 -0.17083637 )
        Pressure : ( -2.678450747 1.092218621 -0.1465442402 )
        Viscous  : ( -0.0002167751948 -0.002871570207 -0.02429212979 )


liftDrag LD execute:
Viscous drag: 0.004158111314, pressure drag: 0.02508414324, porous drag: 0
Viscous lift: -3.710565512e-05, pressure lift: -0.4584734419, porous lift: 0
Total lift: -0.4585105476, Front lift: -0.1387927309, Rear lift: -0.3197178166, Drag: 0.02924225456
Location of Center of Mass: ( 0.156259772 0.4851455039 -0.03143796203 )
Location of Center Of Pressure: ( 0.1991271819 0.4851455039 -0.02870402337 )


yPlus yPlus execute:
    patch Bottom y+ : min = 1.2934435, max = 401.7049769, average = 208.9377668
    patch Top y+ : min = 47.84703647, max = 408.4912749, average = 228.59959
    patch e423_0 y+ : min = 80.74638609, max = 804.326654, average = 409.9097975


################################################################################

Time = 183

Outer Loop Iteration = 183
smoothSolver:  Solving for Ux, Initial residual = 8.587037449e-05, Final residual = 1.824934988e-06, No Iterations 2
smoothSolver:  Solving for Uz, Initial residual = 4.572625664e-05, Final residual = 9.919701157e-07, No Iterations 2
GAMG:  Solving for p, Initial residual = 8.082982796e-05, Final residual = 5.204226364e-07, No Iterations 3
GAMG:  Solving for p, Initial residual = 8.580674517e-06, Final residual = 5.089727041e-08, No Iterations 3
GAMG:  Solving for p, Initial residual = 1.425476199e-06, Final residual = 7.038575951e-09, No Iterations 3
time step continuity errors (region0): sum local = 4.012833904e-10, global = 2.04579854e-11, cumulative = 1.562412591e-07
smoothSolver:  Solving for omega, Initial residual = 1.829139821e-06, Final residual = 1.709491863e-07, No Iterations 1
smoothSolver:  Solving for k, Initial residual = 3.631447005e-06, Final residual = 3.008008111e-07, No Iterations 1

ExecutionTime = 2.39 s  ExecutionStepTime = 0.01 s  ClockTime = 2 s

forces FR write:
    Sum of forces
        Total    : ( 0.3521116127 0 -5.521602011 )
        Pressure : ( 0.3020391503 0 -5.521155141 )
        Viscous  : ( 0.05007246244 0 -0.0004468696181 )
    Sum of moments
        Total    : ( -2.67878039 1.089379426 -0.1708253658 )
        Pressure : ( -2.678563593 1.092251045 -0.1465329358 )
        Viscous  : ( -0.000216796786 -0.002871619117 -0.02429243002 )


liftDrag LD execute:
Viscous drag: 0.004158162705, pressure drag: 0.02508220824, porous drag: 0
Viscous lift: -3.710935092e-05, pressure lift: -0.4584927578, porous lift: 0
Total lift: -0.4585298672, Front lift: -0.1387997022, Rear lift: -0.319730165, Drag: 0.02924037095
Location of Center of Mass: ( 0.156259772 0.4851455039 -0.03143796203 )
Location of Center Of Pressure: ( 0.1991245666 0.4851455039 -0.02870448144 )


yPlus yPlus execute:
    patch Bottom y+ : min = 1.293539217, max = 401.7462805, average = 208.9634104
    patch Top y+ : min = 47.83964107, max = 408.5321585, average = 228.6187522
    patch e423_0 y+ : min = 80.75173192, max = 804.3324413, average = 409.9122794


################################################################################

Time = 184

Outer Loop Iteration = 184
smoothSolver:  Solving for Ux, Initial residual = 8.210653023e-05, Final residual = 1.765594822e-06, No Iterations 2
smoothSolver:  Solving for Uz, Initial residual = 4.324301111e-05, Final residual = 9.268863158e-07, No Iterations 2
GAMG:  Solving for p, Initial residual = 7.750712848e-05, Final residual = 4.966023165e-07, No Iterations 3
GAMG:  Solving for p, Initial residual = 8.421148031e-06, Final residual = 4.854432489e-08, No Iterations 3
GAMG:  Solving for p, Initial residual = 1.568947224e-06, Final residual = 7.723090565e-09, No Iterations 3
time step continuity errors (region0): sum local = 4.402988615e-10, global = 4.052459344e-11, cumulative = 1.562817837e-07
smoothSolver:  Solving for omega, Initial residual = 1.755492339e-06, Final residual = 1.64147745e-07, No Iterations 1
smoothSolver:  Solving for k, Initial residual = 3.325584353e-06, Final residual = 2.75955599e-07, No Iterations 1

ExecutionTime = 2.41 s  ExecutionStepTime = 0.02 s  ClockTime = 2 s

forces FR write:
    Sum of forces
        Total    : ( 0.3520893989 0 -5.521827277 )
        Pressure : ( 0.3020163365 0 -5.521380362 )
        Viscous  : ( 0.05007306235 0 -0.000446914774 )
    Sum of moments
        Total    : ( -2.678889677 1.089410668 -0.1708145888 )
        Pressure : ( -2.678672858 1.092282335 -0.1465218678 )
        Viscous  : ( -0.0002168186932 -0.002871666071 -0.02429272106 )


liftDrag LD execute:
Viscous drag: 0.004158212523, pressure drag: 0.02508031372, porous drag: 0
Viscous lift: -3.711310079e-05, pressure lift: -0.4585114609, porous lift: 0
Total lift: -0.458548574, Front lift: -0.1388064611, Rear lift: -0.3197421128, Drag: 0.02923852624
Location of Center of Mass: ( 0.156259772 0.4851455039 -0.03143796203 )
Location of Center Of Pressure: ( 0.1991220142 0.4851455039 -0.02870492814 )


yPlus yPlus execute:
    patch Bottom y+ : min = 1.293633351, max = 401.7861138, average = 208.9879092
    patch Top y+ : min = 47.83240219, max = 408.572738, average = 228.6371765
    patch e423_0 y+ : min = 80.75694271, max = 804.3380672, average = 409.9146886


################################################################################

Time = 185

Outer Loop Iteration = 185
smoothSolver:  Solving for Ux, Initial residual = 7.845350519e-05, Final residual = 1.713111668e-06, No Iterations 2
smoothSolver:  Solving for Uz, Initial residual = 4.119274231e-05, Final residual = 8.631489101e-07, No Iterations 2
GAMG:  Solving for p, Initial residual = 7.655187545e-05, Final residual = 4.646990464e-07, No Iterations 3
GAMG:  Solving for p, Initial residual = 8.059821691e-06, Final residual = 4.579110154e-08, No Iterations 3
GAMG:  Solving for p, Initial residual = 1.587853832e-06, Final residual = 7.314028767e-09, No Iterations 3
time step continuity errors (region0): sum local = 4.169646946e-10, global = 3.664637411e-11, cumulative = 1.563184301e-07
smoothSolver:  Solving for omega, Initial residual = 1.684859882e-06, Final residual = 1.576280943e-07, No Iterations 1
smoothSolver:  Solving for k, Initial residual = 3.05270384e-06, Final residual = 2.542194251e-07, No Iterations 1

ExecutionTime = 2.42 s  ExecutionStepTime = 0.01 s  ClockTime = 2 s

forces FR write:
    Sum of forces
        Total    : ( 0.3520676665 0 -5.522045172 )
        Pressure : ( 0.3019940225 0 -5.521598212 )
        Viscous  : ( 0.05007364403 0 -0.0004469603103 )
    Sum of moments
        Total    : ( -2.678995387 1.089440783 -0.1708040455 )
        Pressure : ( -2.678778547 1.092312494 -0.1465110422 )
        Viscous  : ( -0.0002168407849 -0.002871711183 -0.02429300326 )


liftDrag LD execute:
Viscous drag: 0.004158260828, pressure drag: 0.0250784607, porous drag: 0
Viscous lift: -3.711688226e-05, pressure lift: -0.4585295517, porous lift: 0
Total lift: -0.4585666686, Front lift: -0.1388130076, Rear lift: -0.319753661, Drag: 0.02923672153
Location of Center of Mass: ( 0.156259772 0.4851455039 -0.03143796203 )
Location of Center Of Pressure: ( 0.1991195253 0.4851455039 -0.02870536336 )


yPlus yPlus execute:
    patch Bottom y+ : min = 1.293724447, max = 401.8245971, average = 209.0105429
    patch Top y+ : min = 47.82601063, max = 408.612484, average = 228.6547603
    patch e423_0 y+ : min = 80.76201561, max = 804.343538, average = 409.9170276


################################################################################

Time = 186

Outer Loop Iteration = 186
smoothSolver:  Solving for Ux, Initial residual = 7.491192616e-05, Final residual = 1.656766364e-06, No Iterations 2
smoothSolver:  Solving for Uz, Initial residual = 3.877295635e-05, Final residual = 8.018688022e-07, No Iterations 2
GAMG:  Solving for p, Initial residual = 7.50293606e-05, Final residual = 4.411339833e-07, No Iterations 3
GAMG:  Solving for p, Initial residual = 8.274375333e-06, Final residual = 4.262924219e-08, No Iterations 3
GAMG:  Solving for p, Initial residual = 1.657469372e-06, Final residual = 6.931553816e-09, No Iterations 3
time step continuity errors (region0): sum local = 3.951472006e-10, global = 3.258881213e-11, cumulative = 1.563510189e-07
smoothSolver:  Solving for omega, Initial residual = 1.61730167e-06, Final residual = 1.516789553e-07, No Iterations 1
smoothSolver:  Solving for k, Initial residual = 2.808569831e-06, Final residual = 2.360264524e-07, No Iterations 1

ExecutionTime = 2.42 s  ExecutionStepTime = 0 s  ClockTime = 2 s

forces FR write:
    Sum of forces
        Total    : ( 0.3520464419 0 -5.522255818 )
        Pressure : ( 0.3019722337 0 -5.521808812 )
        Viscous  : ( 0.05007420816 0 -0.0004470059598 )
    Sum of moments
        Total    : ( -2.679097581 1.089469801 -0.1707937484 )
        Pressure : ( -2.678880718 1.092341555 -0.1465004715 )
        Viscous  : ( -0.0002168629316 -0.002871754562 -0.02429327695 )


liftDrag LD execute:
Viscous drag: 0.004158307675, pressure drag: 0.0250766513, porous drag: 0
Viscous lift: -3.712067313e-05, pressure lift: -0.4585470405, porous lift: 0
Total lift: -0.4585841612, Front lift: -0.1388193442, Rear lift: -0.319764817, Drag: 0.02923495897
Location of Center of Mass: ( 0.156259772 0.4851455039 -0.03143796203 )
Location of Center Of Pressure: ( 0.1991171013 0.4851455039 -0.02870578685 )


yPlus yPlus execute:
    patch Bottom y+ : min = 1.293807129, max = 401.8607615, average = 209.031936
    patch Top y+ : min = 47.81999695, max = 408.6505772, average = 228.6713584
    patch e423_0 y+ : min = 80.76694756, max = 804.3488595, average = 409.9192988


################################################################################

Time = 187

Outer Loop Iteration = 187
smoothSolver:  Solving for Ux, Initial residual = 7.152244608e-05, Final residual = 1.60083744e-06, No Iterations 2
smoothSolver:  Solving for Uz, Initial residual = 3.642499697e-05, Final residual = 7.43654787e-07, No Iterations 2
GAMG:  Solving for p, Initial residual = 7.294717047e-05, Final residual = 4.199341132e-07, No Iterations 3
GAMG:  Solving for p, Initial residual = 7.914623682e-06, Final residual = 3.980383239e-08, No Iterations 3
GAMG:  Solving for p, Initial residual = 1.59143577e-06, Final residual = 6.559207423e-09, No Iterations 3
time step continuity errors (region0): sum local = 3.739084934e-10, global = 3.049734292e-11, cumulative = 1.563815163e-07
smoothSolver:  Solving for omega, Initial residual = 1.553302216e-06, Final residual = 1.459988094e-07, No Iterations 1
smoothSolver:  Solving for k, Initial residual = 2.590516277e-06, Final residual = 2.196678e-07, No Iterations 1

ExecutionTime = 2.44 s  ExecutionStepTime = 0.01 s  ClockTime = 2 s

forces FR write:
    Sum of forces
        Total    : ( 0.3520257456 0 -5.522459315 )
        Pressure : ( 0.3019509902 0 -5.522012264 )
        Viscous  : ( 0.05007475535 0 -0.0004470514676 )
    Sum of moments
        Total    : ( -2.679196307 1.089497748 -0.1707837077 )
        Pressure : ( -2.678979422 1.092369544 -0.1464901653 )
        Viscous  : ( -0.0002168850095 -0.002871796311 -0.02429354242 )


liftDrag LD execute:
Viscous drag: 0.004158353115, pressure drag: 0.02507488718, porous drag: 0
Viscous lift: -3.712445223e-05, pressure lift: -0.4585639358, porous lift: 0
Total lift: -0.4586010603, Front lift: -0.138825473, Rear lift: -0.3197755873, Drag: 0.02923324029
Location of Center of Mass: ( 0.156259772 0.4851455039 -0.03143796203 )
Location of Center Of Pressure: ( 0.1991147433 0.4851455039 -0.02870619846 )


yPlus yPlus execute:
    patch Bottom y+ : min = 1.293878255, max = 401.8953287, average = 209.0521048
    patch Top y+ : min = 47.81437785, max = 408.6866061, average = 228.686972
    patch e423_0 y+ : min = 80.77173638, max = 804.3540369, average = 409.9215041


################################################################################

Time = 188

Outer Loop Iteration = 188
smoothSolver:  Solving for Ux, Initial residual = 6.829745559e-05, Final residual = 1.54733745e-06, No Iterations 2
smoothSolver:  Solving for Uz, Initial residual = 3.415626637e-05, Final residual = 6.940332305e-07, No Iterations 2
GAMG:  Solving for p, Initial residual = 7.03996565e-05, Final residual = 3.993199306e-07, No Iterations 3
GAMG:  Solving for p, Initial residual = 7.579816749e-06, Final residual = 3.71964814e-08, No Iterations 3
GAMG:  Solving for p, Initial residual = 1.532005271e-06, Final residual = 6.22552279e-09, No Iterations 3
time step continuity errors (region0): sum local = 3.548748601e-10, global = 2.904419416e-11, cumulative = 1.564105605e-07
smoothSolver:  Solving for omega, Initial residual = 1.493166741e-06, Final residual = 1.405150901e-07, No Iterations 1
smoothSolver:  Solving for k, Initial residual = 2.39831031e-06, Final residual = 2.047660871e-07, No Iterations 1

ExecutionTime = 2.45 s  ExecutionStepTime = 0.01 s  ClockTime = 2 s

forces FR write:
    Sum of forces
        Total    : ( 0.3520055974 0 -5.522655769 )
        Pressure : ( 0.3019303112 0 -5.522208673 )
        Viscous  : ( 0.05007528617 0 -0.0004470965927 )
    Sum of moments
        Total    : ( -2.679291616 1.08952465 -0.1707739329 )
        Pressure : ( -2.679074709 1.092396486 -0.146480133 )
        Viscous  : ( -0.0002169069017 -0.002871836526 -0.02429379994 )


liftDrag LD execute:
Viscous drag: 0.004158397196, pressure drag: 0.02507316993, porous drag: 0
Viscous lift: -3.712819955e-05, pressure lift: -0.4585802462, porous lift: 0
Total lift: -0.4586173744, Front lift: -0.138831396, Rear lift: -0.3197859784, Drag: 0.02923156713
Location of Center of Mass: ( 0.156259772 0.4851455039 -0.03143796203 )
Location of Center Of Pressure: ( 0.1991124522 0.4851455039 -0.02870659801 )


yPlus yPlus execute:
    patch Bottom y+ : min = 1.293938498, max = 401.9278358, average = 209.0709189
    patch Top y+ : min = 47.80913814, max = 408.7206169, average = 228.7015597
    patch e423_0 y+ : min = 80.77638055, max = 804.3590747, average = 409.9236456


################################################################################

Time = 189

Outer Loop Iteration = 189
smoothSolver:  Solving for Ux, Initial residual = 6.523745981e-05, Final residual = 1.496403164e-06, No Iterations 2
smoothSolver:  Solving for Uz, Initial residual = 3.194724589e-05, Final residual = 6.48676116e-07, No Iterations 2
GAMG:  Solving for p, Initial residual = 6.760488477e-05, Final residual = 3.789902029e-07, No Iterations 3
GAMG:  Solving for p, Initial residual = 7.275302286e-06, Final residual = 3.474549733e-08, No Iterations 3
GAMG:  Solving for p, Initial residual = 1.481522196e-06, Final residual = 5.895345019e-09, No Iterations 3
time step continuity errors (region0): sum local = 3.360424913e-10, global = 2.741817273e-11, cumulative = 1.564379786e-07
smoothSolver:  Solving for omega, Initial residual = 1.436415071e-06, Final residual = 1.352079818e-07, No Iterations 1
smoothSolver:  Solving for k, Initial residual = 2.228840453e-06, Final residual = 1.911661463e-07, No Iterations 1

ExecutionTime = 2.46 s  ExecutionStepTime = 0.01 s  ClockTime = 2 s

forces FR write:
    Sum of forces
        Total    : ( 0.3519860145 0 -5.522845289 )
        Pressure : ( 0.3019102134 0 -5.522398148 )
        Viscous  : ( 0.05007580114 0 -0.0004471411104 )
    Sum of moments
        Total    : ( -2.67938356 1.089550533 -0.1707644324 )
        Pressure : ( -2.679166632 1.092422408 -0.1464703826 )
        Viscous  : ( -0.0002169284993 -0.0028718753 -0.02429404977 )


liftDrag LD execute:
Viscous drag: 0.00415843996, pressure drag: 0.02507150095, porous drag: 0
Viscous lift: -3.713189642e-05, pressure lift: -0.4585959807, porous lift: 0
Total lift: -0.4586331126, Front lift: -0.1388371157, Rear lift: -0.3197959969, Drag: 0.02922994091
Location of Center of Mass: ( 0.156259772 0.4851455039 -0.03143796203 )
Location of Center Of Pressure: ( 0.199110229 0.4851455039 -0.02870698537 )


yPlus yPlus execute:
    patch Bottom y+ : min = 1.293988695, max = 401.957749, average = 209.0883421
    patch Top y+ : min = 47.80427318, max = 408.7524792, average = 228.7150917
    patch e423_0 y+ : min = 80.78087901, max = 804.363977, average = 409.9257249


################################################################################

Time = 190

Outer Loop Iteration = 190
smoothSolver:  Solving for Ux, Initial residual = 6.237632627e-05, Final residual = 1.446888179e-06, No Iterations 2
smoothSolver:  Solving for Uz, Initial residual = 2.992248255e-05, Final residual = 6.081727055e-07, No Iterations 2
GAMG:  Solving for p, Initial residual = 6.48192828e-05, Final residual = 3.599797181e-07, No Iterations 3
GAMG:  Solving for p, Initial residual = 6.975411778e-06, Final residual = 3.24907329e-08, No Iterations 3
GAMG:  Solving for p, Initial residual = 1.429730699e-06, Final residual = 5.581410774e-09, No Iterations 3
time step continuity errors (region0): sum local = 3.181373438e-10, global = 2.573999524e-11, cumulative = 1.564637186e-07
smoothSolver:  Solving for omega, Initial residual = 1.382190339e-06, Final residual = 1.301554046e-07, No Iterations 1
smoothSolver:  Solving for k, Initial residual = 2.078973329e-06, Final residual = 1.792773188e-07, No Iterations 1

ExecutionTime = 2.47 s  ExecutionStepTime = 0.01 s  ClockTime = 2 s

forces FR write:
    Sum of forces
        Total    : ( 0.3519670111 0 -5.523027982 )
        Pressure : ( 0.3018907103 0 -5.522580797 )
        Viscous  : ( 0.05007630074 0 -0.000447184814 )
    Sum of moments
        Total    : ( -2.679472193 1.089575421 -0.1707552129 )
        Pressure : ( -2.679255244 1.092447334 -0.1464609208 )
        Viscous  : ( -0.0002169497019 -0.002871912717 -0.02429429215 )


liftDrag LD execute:
Viscous drag: 0.004158481448, pressure drag: 0.02506988136, porous drag: 0
Viscous lift: -3.71355257e-05, pressure lift: -0.4586111485, porous lift: 0
Total lift: -0.458648284, Front lift: -0.1388426346, Rear lift: -0.3198056494, Drag: 0.02922836281
Location of Center of Mass: ( 0.156259772 0.4851455039 -0.03143796203 )
Location of Center Of Pressure: ( 0.1991080742 0.4851455039 -0.02870736047 )


yPlus yPlus execute:
    patch Bottom y+ : min = 1.294029215, max = 401.984914, average = 209.1044034
    patch Top y+ : min = 47.79978848, max = 408.7821092, average = 228.7275545
    patch e423_0 y+ : min = 80.78523106, max = 804.3687474, average = 409.9277436


################################################################################

Time = 191

Outer Loop Iteration = 191
smoothSolver:  Solving for Ux, Initial residual = 5.971556724e-05, Final residual = 1.400392897e-06, No Iterations 2
smoothSolver:  Solving for Uz, Initial residual = 2.801108865e-05, Final residual = 5.705274878e-07, No Iterations 2
GAMG:  Solving for p, Initial residual = 6.194490052e-05, Final residual = 3.400296767e-07, No Iterations 3
GAMG:  Solving for p, Initial residual = 6.675951322e-06, Final residual = 3.076498738e-08, No Iterations 3
GAMG:  Solving for p, Initial residual = 1.377099309e-06, Final residual = 5.405601629e-09, No Iterations 3
time step continuity errors (region0): sum local = 3.081062979e-10, global = 2.883120566e-11, cumulative = 1.564925498e-07
smoothSolver:  Solving for omega, Initial residual = 1.33079285e-06, Final residual = 1.253964398e-07, No Iterations 1
smoothSolver:  Solving for k, Initial residual = 1.945231827e-06, Final residual = 1.697617084e-07, No Iterations 1

ExecutionTime = 2.48 s  ExecutionStepTime = 0.01 s  ClockTime = 2 s

forces FR write:
    Sum of forces
        Total    : ( 0.3519485999 0 -5.523203971 )
        Pressure : ( 0.3018718145 0 -5.522756744 )
        Viscous  : ( 0.05007678544 0 -0.0004472275157 )
    Sum of moments
        Total    : ( -2.679557574 1.089599343 -0.1707462808 )
        Pressure : ( -2.679340603 1.092471292 -0.1464517535 )
        Viscous  : ( -0.0002169704185 -0.002871948857 -0.0242945273 )


liftDrag LD execute:
Viscous drag: 0.004158521699, pressure drag: 0.02506831219, porous drag: 0
Viscous lift: -3.713907178e-05, pressure lift: -0.4586257596, porous lift: 0
Total lift: -0.4586628987, Front lift: -0.1388479554, Rear lift: -0.3198149432, Drag: 0.02922683389
Location of Center of Mass: ( 0.156259772 0.4851455039 -0.03143796203 )
Location of Center Of Pressure: ( 0.1991059884 0.4851455039 -0.02870772322 )


yPlus yPlus execute:
    patch Bottom y+ : min = 1.294060078, max = 402.0094776, average = 209.1191917
    patch Top y+ : min = 47.7956631, max = 408.8095031, average = 228.7389535
    patch e423_0 y+ : min = 80.78943634, max = 804.3733889, average = 409.9297031


################################################################################

Time = 192

Outer Loop Iteration = 192
smoothSolver:  Solving for Ux, Initial residual = 5.720849479e-05, Final residual = 1.355440457e-06, No Iterations 2
smoothSolver:  Solving for Uz, Initial residual = 2.621482172e-05, Final residual = 5.370665136e-07, No Iterations 2
GAMG:  Solving for p, Initial residual = 5.892548593e-05, Final residual = 3.193813255e-07, No Iterations 3
GAMG:  Solving for p, Initial residual = 6.397443403e-06, Final residual = 2.864540079e-08, No Iterations 3
GAMG:  Solving for p, Initial residual = 1.35038888e-06, Final residual = 5.048852702e-09, No Iterations 3
time step continuity errors (region0): sum local = 2.877634349e-10, global = 2.743019702e-11, cumulative = 1.5651998e-07
smoothSolver:  Solving for omega, Initial residual = 1.281997556e-06, Final residual = 1.208089177e-07, No Iterations 1
smoothSolver:  Solving for k, Initial residual = 1.825948285e-06, Final residual = 1.609806728e-07, No Iterations 1

ExecutionTime = 2.49 s  ExecutionStepTime = 0.01 s  ClockTime = 2 s

forces FR write:
    Sum of forces
        Total    : ( 0.3519307917 0 -5.523373385 )
        Pressure : ( 0.3018535361 0 -5.522926116 )
        Viscous  : ( 0.05007725566 0 -0.0004472690466 )
    Sum of moments
        Total    : ( -2.679639764 1.089622324 -0.1707376413 )
        Pressure : ( -2.679422774 1.092494308 -0.1464428858 )
        Viscous  : ( -0.000216990567 -0.002871983795 -0.02429475543 )


liftDrag LD execute:
Viscous drag: 0.004158560748, pressure drag: 0.0250667943, porous drag: 0
Viscous lift: -3.714252062e-05, pressure lift: -0.4586398248, porous lift: 0
Total lift: -0.4586769673, Front lift: -0.1388530813, Rear lift: -0.319823886, Drag: 0.02922535505
Location of Center of Mass: ( 0.156259772 0.4851455039 -0.03143796203 )
Location of Center Of Pressure: ( 0.1991039719 0.4851455039 -0.02870807359 )


yPlus yPlus execute:
    patch Bottom y+ : min = 1.294081299, max = 402.031784, average = 209.1327926
    patch Top y+ : min = 47.7918838, max = 408.8347663, average = 228.7493103
    patch e423_0 y+ : min = 80.7934948, max = 804.3779042, average = 409.9316049


################################################################################

Time = 193

Outer Loop Iteration = 193
smoothSolver:  Solving for Ux, Initial residual = 5.486481038e-05, Final residual = 1.311853956e-06, No Iterations 2
smoothSolver:  Solving for Uz, Initial residual = 2.453438152e-05, Final residual = 5.081064446e-07, No Iterations 2
GAMG:  Solving for p, Initial residual = 5.598678746e-05, Final residual = 3.00103924e-07, No Iterations 3
GAMG:  Solving for p, Initial residual = 6.069343963e-06, Final residual = 2.633047445e-08, No Iterations 3
GAMG:  Solving for p, Initial residual = 1.268366942e-06, Final residual = 4.756095334e-09, No Iterations 3
time step continuity errors (region0): sum local = 2.710716639e-10, global = 2.243762109e-11, cumulative = 1.565424176e-07
smoothSolver:  Solving for omega, Initial residual = 1.236015266e-06, Final residual = 1.163645077e-07, No Iterations 1
smoothSolver:  Solving for k, Initial residual = 1.720522005e-06, Final residual = 1.528047024e-07, No Iterations 1

ExecutionTime = 2.51 s  ExecutionStepTime = 0.01 s  ClockTime = 2 s

forces FR write:
    Sum of forces
        Total    : ( 0.3519135948 0 -5.523536355 )
        Pressure : ( 0.301835883 0 -5.523089046 )
        Viscous  : ( 0.05007771183 0 -0.0004473092568 )
    Sum of moments
        Total    : ( -2.679718828 1.089644393 -0.1707292983 )
        Pressure : ( -2.679501818 1.09251641 -0.1464343215 )
        Viscous  : ( -0.0002170100748 -0.002872017599 -0.02429497674 )


liftDrag LD execute:
Viscous drag: 0.004158598629, pressure drag: 0.02506532834, porous drag: 0
Viscous lift: -3.714585979e-05, pressure lift: -0.4586533549, porous lift: 0
Total lift: -0.4586905008, Front lift: -0.1388580154, Rear lift: -0.3198324854, Drag: 0.02922392697
Location of Center of Mass: ( 0.156259772 0.4851455039 -0.03143796203 )
Location of Center Of Pressure: ( 0.1991020249 0.4851455039 -0.02870841157 )


yPlus yPlus execute:
    patch Bottom y+ : min = 1.294093008, max = 402.0522213, average = 209.1452923
    patch Top y+ : min = 47.78844189, max = 408.858077, average = 228.7586581
    patch e423_0 y+ : min = 80.79740677, max = 804.3822959, average = 409.9334504


################################################################################

Time = 194

Outer Loop Iteration = 194
smoothSolver:  Solving for Ux, Initial residual = 5.266494021e-05, Final residual = 1.269180148e-06, No Iterations 2
smoothSolver:  Solving for Uz, Initial residual = 2.296640582e-05, Final residual = 4.835944974e-07, No Iterations 2
GAMG:  Solving for p, Initial residual = 5.313904281e-05, Final residual = 2.818715837e-07, No Iterations 3
GAMG:  Solving for p, Initial residual = 5.778073041e-06, Final residual = 2.450108858e-08, No Iterations 3
GAMG:  Solving for p, Initial residual = 1.21492306e-06, Final residual = 4.505112384e-09, No Iterations 3
time step continuity errors (region0): sum local = 2.56761863e-10, global = 2.135732644e-11, cumulative = 1.56563775e-07
smoothSolver:  Solving for omega, Initial residual = 1.192216483e-06, Final residual = 1.120697176e-07, No Iterations 1
smoothSolver:  Solving for k, Initial residual = 1.627018731e-06, Final residual = 1.451715575e-07, No Iterations 1

ExecutionTime = 2.51 s  ExecutionStepTime = 0 s  ClockTime = 2 s

forces FR write:
    Sum of forces
        Total    : ( 0.3518970155 0 -5.523693022 )
        Pressure : ( 0.3018188612 0 -5.523245674 )
        Viscous  : ( 0.0500781543 0 -0.0004473480149 )
    Sum of moments
        Total    : ( -2.679794834 1.089665576 -0.1707212549 )
        Pressure : ( -2.679577805 1.092537627 -0.1464260635 )
        Viscous  : ( -0.0002170288781 -0.002872050332 -0.0242951914 )


liftDrag LD execute:
Viscous drag: 0.004158635374, pressure drag: 0.0250639148, porous drag: 0
Viscous lift: -3.714907838e-05, pressure lift: -0.4586663617, porous lift: 0
Total lift: -0.4587035108, Front lift: -0.1388627613, Rear lift: -0.3198407496, Drag: 0.02922255017
Location of Center of Mass: ( 0.156259772 0.4851455039 -0.03143796203 )
Location of Center Of Pressure: ( 0.1991001475 0.4851455039 -0.02870873718 )


yPlus yPlus execute:
    patch Bottom y+ : min = 1.294095421, max = 402.0711467, average = 209.1567725
    patch Top y+ : min = 47.78532712, max = 408.8796331, average = 228.7670354
    patch e423_0 y+ : min = 80.80117293, max = 804.386566, average = 409.9352406


################################################################################

Time = 195

Outer Loop Iteration = 195
smoothSolver:  Solving for Ux, Initial residual = 5.060642543e-05, Final residual = 1.23048405e-06, No Iterations 2
smoothSolver:  Solving for Uz, Initial residual = 2.151645718e-05, Final residual = 4.613848795e-07, No Iterations 2
GAMG:  Solving for p, Initial residual = 5.038401119e-05, Final residual = 2.64493837e-07, No Iterations 3
GAMG:  Solving for p, Initial residual = 5.491854323e-06, Final residual = 2.276844274e-08, No Iterations 3
GAMG:  Solving for p, Initial residual = 1.161741251e-06, Final residual = 4.263953656e-09, No Iterations 3
time step continuity errors (region0): sum local = 2.430128579e-10, global = 2.031366114e-11, cumulative = 1.565840886e-07
smoothSolver:  Solving for omega, Initial residual = 1.150782317e-06, Final residual = 1.079615718e-07, No Iterations 1
smoothSolver:  Solving for k, Initial residual = 1.543131783e-06, Final residual = 1.387112248e-07, No Iterations 1

ExecutionTime = 2.54 s  ExecutionStepTime = 0.03 s  ClockTime = 2 s

forces FR write:
    Sum of forces
        Total    : ( 0.3518810579 0 -5.523843529 )
        Pressure : ( 0.3018024744 0 -5.523396144 )
        Viscous  : ( 0.05007858345 0 -0.0004473852082 )
    Sum of moments
        Total    : ( -2.679867852 1.089685903 -0.1707135131 )
        Pressure : ( -2.679650805 1.092557985 -0.1464181135 )
        Viscous  : ( -0.0002170469222 -0.002872082054 -0.0242953996 )


liftDrag LD execute:
Viscous drag: 0.004158671011, pressure drag: 0.02506255399, porous drag: 0
Viscous lift: -3.715216701e-05, pressure lift: -0.4586788572, porous lift: 0
Total lift: -0.4587160094, Front lift: -0.1388673225, Rear lift: -0.3198486868, Drag: 0.029221225
Location of Center of Mass: ( 0.156259772 0.4851455039 -0.03143796203 )
Location of Center Of Pressure: ( 0.1990983395 0.4851455039 -0.02870905048 )


yPlus yPlus execute:
    patch Bottom y+ : min = 1.294088818, max = 402.0888298, average = 209.1672864
    patch Top y+ : min = 47.78253257, max = 408.8996155, average = 228.7744817
    patch e423_0 y+ : min = 80.80479432, max = 804.3907164, average = 409.936977


################################################################################

Time = 196

Outer Loop Iteration = 196
smoothSolver:  Solving for Ux, Initial residual = 4.866082743e-05, Final residual = 1.196188569e-06, No Iterations 2
smoothSolver:  Solving for Uz, Initial residual = 2.016999961e-05, Final residual = 4.418339854e-07, No Iterations 2
GAMG:  Solving for p, Initial residual = 4.775612058e-05, Final residual = 2.481001401e-07, No Iterations 3
GAMG:  Solving for p, Initial residual = 5.212139266e-06, Final residual = 2.116730011e-08, No Iterations 3
GAMG:  Solving for p, Initial residual = 1.10930473e-06, Final residual = 4.03159859e-09, No Iterations 3
time step continuity errors (region0): sum local = 2.297662259e-10, global = 1.919989898e-11, cumulative = 1.566032885e-07
smoothSolver:  Solving for omega, Initial residual = 1.111232103e-06, Final residual = 1.040163991e-07, No Iterations 1
smoothSolver:  Solving for k, Initial residual = 1.466854756e-06, Final residual = 1.328222663e-07, No Iterations 1

ExecutionTime = 2.55 s  ExecutionStepTime = 0.01 s  ClockTime = 2 s

forces FR write:
    Sum of forces
        Total    : ( 0.3518657235 0 -5.523988028 )
        Pressure : ( 0.3017867239 0 -5.523540607 )
        Viscous  : ( 0.05007899958 0 -0.0004474207419 )
    Sum of moments
        Total    : ( -2.679937955 1.089705401 -0.1707060737 )
        Pressure : ( -2.679720891 1.092577514 -0.1464104722 )
        Viscous  : ( -0.0002170641613 -0.002872112818 -0.02429560148 )


liftDrag LD execute:
Viscous drag: 0.004158705568, pressure drag: 0.02506124602, porous drag: 0
Viscous lift: -3.715511784e-05, pressure lift: -0.4586908539, porous lift: 0
Total lift: -0.458728009, Front lift: -0.1388717032, Rear lift: -0.3198563058, Drag: 0.02921995159
Location of Center of Mass: ( 0.156259772 0.4851455039 -0.03143796203 )
Location of Center Of Pressure: ( 0.1990966005 0.4851455039 -0.02870935155 )


yPlus yPlus execute:
    patch Bottom y+ : min = 1.29407345, max = 402.1053988, average = 209.1768768
    patch Top y+ : min = 47.78004832, max = 408.9181532, average = 228.7810371
    patch e423_0 y+ : min = 80.80827233, max = 804.3947489, average = 409.9386605


################################################################################

Time = 197

Outer Loop Iteration = 197
smoothSolver:  Solving for Ux, Initial residual = 4.68383554e-05, Final residual = 1.162110988e-06, No Iterations 2
smoothSolver:  Solving for Uz, Initial residual = 1.893178216e-05, Final residual = 4.239138911e-07, No Iterations 2
GAMG:  Solving for p, Initial residual = 4.526248044e-05, Final residual = 2.330368225e-07, No Iterations 3
GAMG:  Solving for p, Initial residual = 4.943868475e-06, Final residual = 1.966847342e-08, No Iterations 3
GAMG:  Solving for p, Initial residual = 1.058099089e-06, Final residual = 3.816177748e-09, No Iterations 3
time step continuity errors (region0): sum local = 2.174854641e-10, global = 1.822405413e-11, cumulative = 1.566215126e-07
smoothSolver:  Solving for omega, Initial residual = 1.073493933e-06, Final residual = 1.002197381e-07, No Iterations 1
smoothSolver:  Solving for k, Initial residual = 1.398248586e-06, Final residual = 1.280043766e-07, No Iterations 1

ExecutionTime = 2.57 s  ExecutionStepTime = 0.02 s  ClockTime = 2 s

forces FR write:
    Sum of forces
        Total    : ( 0.3518510117 0 -5.524126677 )
        Pressure : ( 0.3017716087 0 -5.523679222 )
        Viscous  : ( 0.05007940302 0 -0.0004474545395 )
    Sum of moments
        Total    : ( -2.68000522 1.089724099 -0.1706989363 )
        Pressure : ( -2.679788139 1.092596241 -0.1464031391 )
        Viscous  : ( -0.000217080558 -0.002872142671 -0.02429579721 )


liftDrag LD execute:
Viscous drag: 0.004158739071, pressure drag: 0.02505999081, porous drag: 0
Viscous lift: -3.715792449e-05, pressure lift: -0.4587023649, porous lift: 0
Total lift: -0.4587395228, Front lift: -0.1388759074, Rear lift: -0.3198636154, Drag: 0.02921872988
Location of Center of Mass: ( 0.156259772 0.4851455039 -0.03143796203 )
Location of Center Of Pressure: ( 0.1990949301 0.4851455039 -0.02870964051 )


yPlus yPlus execute:
    patch Bottom y+ : min = 1.294049543, max = 402.1208682, average = 209.1855752
    patch Top y+ : min = 47.77786478, max = 408.9353382, average = 228.7867395
    patch e423_0 y+ : min = 80.81160874, max = 804.3986653, average = 409.9402922


################################################################################

Time = 198

Outer Loop Iteration = 198
smoothSolver:  Solving for Ux, Initial residual = 4.514238733e-05, Final residual = 1.128573383e-06, No Iterations 2
smoothSolver:  Solving for Uz, Initial residual = 1.779162304e-05, Final residual = 4.074023654e-07, No Iterations 2
GAMG:  Solving for p, Initial residual = 4.285419384e-05, Final residual = 2.192420707e-07, No Iterations 3
GAMG:  Solving for p, Initial residual = 4.688284984e-06, Final residual = 1.82917207e-08, No Iterations 3
GAMG:  Solving for p, Initial residual = 1.007710805e-06, Final residual = 3.608713714e-09, No Iterations 3
time step continuity errors (region0): sum local = 2.056589483e-10, global = 1.715503085e-11, cumulative = 1.566386676e-07
smoothSolver:  Solving for omega, Initial residual = 1.037262923e-06, Final residual = 9.659328353e-08, No Iterations 1
smoothSolver:  Solving for k, Initial residual = 1.33707004e-06, Final residual = 1.233515617e-07, No Iterations 1

ExecutionTime = 2.58 s  ExecutionStepTime = 0.01 s  ClockTime = 2 s

forces FR write:
    Sum of forces
        Total    : ( 0.3518369194 0 -5.524259637 )
        Pressure : ( 0.3017571254 0 -5.52381215 )
        Viscous  : ( 0.05007979404 0 -0.0004474865416 )
    Sum of moments
        Total    : ( -2.680069725 1.089742024 -0.1706920996 )
        Pressure : ( -2.679852629 1.092614196 -0.1463961126 )
        Viscous  : ( -0.0002170960837 -0.00287217166 -0.02429598691 )


liftDrag LD execute:
Viscous drag: 0.004158771542, pressure drag: 0.02505878808, porous drag: 0
Viscous lift: -3.716058204e-05, pressure lift: -0.4587134036, porous lift: 0
Total lift: -0.4587505642, Front lift: -0.1388799395, Rear lift: -0.3198706247, Drag: 0.02921755962
Location of Center of Mass: ( 0.156259772 0.4851455039 -0.03143796203 )
Location of Center Of Pressure: ( 0.1990933275 0.4851455039 -0.02870991752 )


yPlus yPlus execute:
    patch Bottom y+ : min = 1.294017356, max = 402.1351811, average = 209.1934056
    patch Top y+ : min = 47.77597167, max = 408.9511963, average = 228.7916242
    patch e423_0 y+ : min = 80.81480563, max = 804.4024671, average = 409.941873


################################################################################

Time = 199

Outer Loop Iteration = 199
smoothSolver:  Solving for Ux, Initial residual = 4.355414961e-05, Final residual = 1.095695575e-06, No Iterations 2
smoothSolver:  Solving for Uz, Initial residual = 1.674629383e-05, Final residual = 3.92883524e-07, No Iterations 2
GAMG:  Solving for p, Initial residual = 4.056959256e-05, Final residual = 2.06766927e-07, No Iterations 3
GAMG:  Solving for p, Initial residual = 4.442704848e-06, Final residual = 1.721912605e-08, No Iterations 3
GAMG:  Solving for p, Initial residual = 9.573020316e-07, Final residual = 3.404964432e-09, No Iterations 3
time step continuity errors (region0): sum local = 1.940442076e-10, global = 1.638869135e-11, cumulative = 1.566550563e-07
smoothSolver:  Solving for omega, Initial residual = 1.002550216e-06, Final residual = 9.31683883e-08, No Iterations 1
smoothSolver:  Solving for k, Initial residual = 1.283500535e-06, Final residual = 1.188692668e-07, No Iterations 1

ExecutionTime = 2.6 s  ExecutionStepTime = 0.02 s  ClockTime = 2 s

forces FR write:
    Sum of forces
        Total    : ( 0.3518234412 0 -5.524387076 )
        Pressure : ( 0.3017432683 0 -5.523939559 )
        Viscous  : ( 0.05008017291 0 -0.0004475167059 )
    Sum of moments
        Total    : ( -2.680131552 1.089759206 -0.1706855607 )
        Pressure : ( -2.679914441 1.092631406 -0.1463893899 )
        Viscous  : ( -0.0002171107178 -0.002872199822 -0.02429617072 )


liftDrag LD execute:
Viscous drag: 0.004158803005, pressure drag: 0.02505763734, porous drag: 0
Viscous lift: -3.716308697e-05, pressure lift: -0.458723984, porous lift: 0
Total lift: -0.4587611471, Front lift: -0.1388838042, Rear lift: -0.319877343, Drag: 0.02921644035
Location of Center of Mass: ( 0.156259772 0.4851455039 -0.03143796203 )
Location of Center Of Pressure: ( 0.1990917917 0.4851455039 -0.02871018276 )


yPlus yPlus execute:
    patch Bottom y+ : min = 1.293977162, max = 402.1482485, average = 209.2004012
    patch Top y+ : min = 47.77435732, max = 408.9657203, average = 228.7957274
    patch e423_0 y+ : min = 80.81786547, max = 804.4061559, average = 409.943404


################################################################################

Time = 200

Outer Loop Iteration = 200
smoothSolver:  Solving for Ux, Initial residual = 4.210050327e-05, Final residual = 1.063167869e-06, No Iterations 2
smoothSolver:  Solving for Uz, Initial residual = 1.578652186e-05, Final residual = 3.793191377e-07, No Iterations 2
GAMG:  Solving for p, Initial residual = 3.872783749e-05, Final residual = 1.945133587e-07, No Iterations 3
GAMG:  Solving for p, Initial residual = 4.133852596e-06, Final residual = 1.606256671e-08, No Iterations 3
GAMG:  Solving for p, Initial residual = 8.904148245e-07, Final residual = 3.20490281e-09, No Iterations 3
time step continuity errors (region0): sum local = 1.826404906e-10, global = 1.559471148e-11, cumulative = 1.56670651e-07
smoothSolver:  Solving for omega, Initial residual = 9.693002977e-07, Final residual = 9.003878342e-08, No Iterations 1
smoothSolver:  Solving for k, Initial residual = 1.234921968e-06, Final residual = 1.147041341e-07, No Iterations 1

ExecutionTime = 2.61 s  ExecutionStepTime = 0.01 s  ClockTime = 2 s

forces FR write:
    Sum of forces
        Total    : ( 0.3518105696 0 -5.524509164 )
        Pressure : ( 0.3017300297 0 -5.524061619 )
        Viscous  : ( 0.0500805399 0 -0.0004475450063 )
    Sum of moments
        Total    : ( -2.680190782 1.089775672 -0.1706793161 )
        Pressure : ( -2.679973658 1.092647899 -0.1463829673 )
        Viscous  : ( -0.0002171244476 -0.002872227194 -0.02429634876 )


liftDrag LD execute:
Viscous drag: 0.004158833481, pressure drag: 0.02505653797, porous drag: 0
Viscous lift: -3.716543711e-05, pressure lift: -0.4587341202, porous lift: 0
Total lift: -0.4587712857, Front lift: -0.138887506, Rear lift: -0.3198837796, Drag: 0.02921537145
Location of Center of Mass: ( 0.156259772 0.4851455039 -0.03143796203 )
Location of Center Of Pressure: ( 0.1990903217 0.4851455039 -0.02871043645 )


yPlus yPlus execute:
    patch Bottom y+ : min = 1.293929296, max = 402.1598256, average = 209.2065744
    patch Top y+ : min = 47.77301891, max = 408.9789347, average = 228.7990883
    patch e423_0 y+ : min = 80.82079105, max = 804.4097333, average = 409.944886


################################################################################

Time = 201

Outer Loop Iteration = 201
smoothSolver:  Solving for Ux, Initial residual = 4.076153679e-05, Final residual = 1.03111034e-06, No Iterations 2
smoothSolver:  Solving for Uz, Initial residual = 1.492285926e-05, Final residual = 3.658852574e-07, No Iterations 2
GAMG:  Solving for p, Initial residual = 3.704443138e-05, Final residual = 1.838718357e-07, No Iterations 3
GAMG:  Solving for p, Initial residual = 3.829861137e-06, Final residual = 1.563042908e-08, No Iterations 3
GAMG:  Solving for p, Initial residual = 8.229372052e-07, Final residual = 3.110093871e-09, No Iterations 3
time step continuity errors (region0): sum local = 1.772351033e-10, global = 1.686595265e-11, cumulative = 1.56687517e-07
smoothSolver:  Solving for omega, Initial residual = 9.374368998e-07, Final residual = 8.704036715e-08, No Iterations 1
smoothSolver:  Solving for k, Initial residual = 1.188634467e-06, Final residual = 1.112793113e-07, No Iterations 1

ExecutionTime = 2.63 s  ExecutionStepTime = 0.02 s  ClockTime = 2 s

forces FR write:
    Sum of forces
        Total    : ( 0.3517982949 0 -5.524626077 )
        Pressure : ( 0.3017173996 0 -5.524178505 )
        Viscous  : ( 0.05008089525 0 -0.000447571432 )
    Sum of moments
        Total    : ( -2.680247502 1.08979145 -0.170673361 )
        Pressure : ( -2.680030364 1.092663704 -0.1463768399 )
        Viscous  : ( -0.0002171372679 -0.002872253808 -0.02429652116 )


liftDrag LD execute:
Viscous drag: 0.00415886299, pressure drag: 0.02505548913, porous drag: 0
Viscous lift: -3.716763158e-05, pressure lift: -0.4587438268, porous lift: 0
Total lift: -0.4587809944, Front lift: -0.1388910501, Rear lift: -0.3198899443, Drag: 0.02921435212
Location of Center of Mass: ( 0.156259772 0.4851455039 -0.03143796203 )
Location of Center Of Pressure: ( 0.1990889162 0.4851455039 -0.02871067883 )


yPlus yPlus execute:
    patch Bottom y+ : min = 1.293873902, max = 402.1696975, average = 209.2119307
    patch Top y+ : min = 47.77194842, max = 408.9909127, average = 228.8017575
    patch e423_0 y+ : min = 80.82358547, max = 804.4132006, average = 409.9463199


################################################################################

Time = 202

Outer Loop Iteration = 202
smoothSolver:  Solving for Ux, Initial residual = 3.952801507e-05, Final residual = 9.998459194e-07, No Iterations 2
smoothSolver:  Solving for Uz, Initial residual = 1.415313621e-05, Final residual = 3.530565742e-07, No Iterations 2
GAMG:  Solving for p, Initial residual = 3.538084731e-05, Final residual = 1.747039739e-07, No Iterations 3
GAMG:  Solving for p, Initial residual = 3.578577228e-06, Final residual = 1.46764643e-08, No Iterations 3
GAMG:  Solving for p, Initial residual = 7.65184181e-07, Final residual = 2.920522243e-09, No Iterations 3
time step continuity errors (region0): sum local = 1.664299184e-10, global = 1.550688441e-11, cumulative = 1.567030239e-07
smoothSolver:  Solving for omega, Initial residual = 9.072412828e-07, Final residual = 8.413614867e-08, No Iterations 1
smoothSolver:  Solving for k, Initial residual = 1.146403233e-06, Final residual = 1.079003426e-07, No Iterations 1

ExecutionTime = 2.64 s  ExecutionStepTime = 0.01 s  ClockTime = 2 s

forces FR write:
    Sum of forces
        Total    : ( 0.3517866053 0 -5.524737991 )
        Pressure : ( 0.3017053661 0 -5.524290395 )
        Viscous  : ( 0.05008123919 0 -0.0004475959869 )
    Sum of moments
        Total    : ( -2.680301796 1.089806569 -0.1706676899 )
        Pressure : ( -2.680084647 1.092678849 -0.1463710019 )
        Viscous  : ( -0.0002171491806 -0.002872279693 -0.02429668802 )


liftDrag LD execute:
Viscous drag: 0.004158891552, pressure drag: 0.02505448984, porous drag: 0
Viscous lift: -3.716967069e-05, pressure lift: -0.4587531184, porous lift: 0
Total lift: -0.4587902881, Front lift: -0.1388944415, Rear lift: -0.3198958466, Drag: 0.02921338139
Location of Center of Mass: ( 0.156259772 0.4851455039 -0.03143796203 )
Location of Center Of Pressure: ( 0.1990875739 0.4851455039 -0.02871091017 )


yPlus yPlus execute:
    patch Bottom y+ : min = 1.293811072, max = 402.1776981, average = 209.2164987
    patch Top y+ : min = 47.77112892, max = 409.0017204, average = 228.8037801
    patch e423_0 y+ : min = 80.82625212, max = 804.4165594, average = 409.9477066


################################################################################

Time = 203

Outer Loop Iteration = 203
smoothSolver:  Solving for Ux, Initial residual = 3.841348843e-05, Final residual = 9.692347294e-07, No Iterations 2
smoothSolver:  Solving for Uz, Initial residual = 1.34785901e-05, Final residual = 3.404699235e-07, No Iterations 2
GAMG:  Solving for p, Initial residual = 3.376224064e-05, Final residual = 1.668734396e-07, No Iterations 3
GAMG:  Solving for p, Initial residual = 3.372764193e-06, Final residual = 1.383250236e-08, No Iterations 3
GAMG:  Solving for p, Initial residual = 7.163095911e-07, Final residual = 2.74556054e-09, No Iterations 3
time step continuity errors (region0): sum local = 1.564578272e-10, global = 1.427108913e-11, cumulative = 1.567172949e-07
smoothSolver:  Solving for omega, Initial residual = 8.783139654e-07, Final residual = 8.148608651e-08, No Iterations 1
smoothSolver:  Solving for k, Initial residual = 1.107810892e-06, Final residual = 1.045602463e-07, No Iterations 1

ExecutionTime = 2.66 s  ExecutionStepTime = 0.02 s  ClockTime = 2 s

forces FR write:
    Sum of forces
        Total    : ( 0.3517754872 0 -5.52484509 )
        Pressure : ( 0.3016939152 0 -5.524397471 )
        Viscous  : ( 0.05008157196 0 -0.0004476186885 )
    Sum of moments
        Total    : ( -2.680353755 1.089821056 -0.170662296 )
        Pressure : ( -2.680136595 1.092693361 -0.1463654465 )
        Viscous  : ( -0.0002171601942 -0.002872304874 -0.02429684946 )


liftDrag LD execute:
Viscous drag: 0.004158919186, pressure drag: 0.02505353892, porous drag: 0
Viscous lift: -3.71715559e-05, pressure lift: -0.4587620103, porous lift: 0
Total lift: -0.4587991819, Front lift: -0.1388976853, Rear lift: -0.3199014966, Drag: 0.0292124581
Location of Center of Mass: ( 0.156259772 0.4851455039 -0.03143796203 )
Location of Center Of Pressure: ( 0.1990862929 0.4851455039 -0.02871113078 )


yPlus yPlus execute:
    patch Bottom y+ : min = 1.293741056, max = 402.1838379, average = 209.2203364
    patch Top y+ : min = 47.77054238, max = 409.0113468, average = 228.80519
    patch e423_0 y+ : min = 80.82879468, max = 804.419811, average = 409.949047


################################################################################

Time = 204

Outer Loop Iteration = 204
smoothSolver:  Solving for Ux, Initial residual = 3.737203306e-05, Final residual = 9.388189406e-07, No Iterations 2
smoothSolver:  Solving for Uz, Initial residual = 1.286764671e-05, Final residual = 3.288364401e-07, No Iterations 2
GAMG:  Solving for p, Initial residual = 3.222146275e-05, Final residual = 1.603116278e-07, No Iterations 3
GAMG:  Solving for p, Initial residual = 3.199911436e-06, Final residual = 1.309887092e-08, No Iterations 3
GAMG:  Solving for p, Initial residual = 6.749183929e-07, Final residual = 2.587171676e-09, No Iterations 3
time step continuity errors (region0): sum local = 1.474302741e-10, global = 1.332419679e-11, cumulative = 1.567306191e-07
smoothSolver:  Solving for omega, Initial residual = 8.505547771e-07, Final residual = 7.893959915e-08, No Iterations 1
smoothSolver:  Solving for k, Initial residual = 1.072121865e-06, Final residual = 1.012664469e-07, No Iterations 1

ExecutionTime = 2.67 s  ExecutionStepTime = 0.01 s  ClockTime = 2 s

forces FR write:
    Sum of forces
        Total    : ( 0.3517649252 0 -5.524947555 )
        Pressure : ( 0.3016830314 0 -5.524499915 )
        Viscous  : ( 0.05008189378 0 -0.0004476395669 )
    Sum of moments
        Total    : ( -2.680403465 1.089834938 -0.1706571719 )
        Pressure : ( -2.680186295 1.092707267 -0.1463601663 )
        Viscous  : ( -0.0002171703232 -0.002872329373 -0.02429700559 )


liftDrag LD execute:
Viscous drag: 0.004158945911, pressure drag: 0.0250526351, porous drag: 0
Viscous lift: -3.71732897e-05, pressure lift: -0.4587705176, porous lift: 0
Total lift: -0.4588076909, Front lift: -0.138900787, Rear lift: -0.3199069039, Drag: 0.02921158101
Location of Center of Mass: ( 0.156259772 0.4851455039 -0.03143796203 )
Location of Center Of Pressure: ( 0.1990850718 0.4851455039 -0.02871134097 )


yPlus yPlus execute:
    patch Bottom y+ : min = 1.293664319, max = 402.1882742, average = 209.2235157
    patch Top y+ : min = 47.77016619, max = 409.0197163, average = 228.8060176
    patch e423_0 y+ : min = 80.83121707, max = 804.422957, average = 409.9503419


################################################################################

Time = 205

Outer Loop Iteration = 205
smoothSolver:  Solving for Ux, Initial residual = 3.636347509e-05, Final residual = 9.085756362e-07, No Iterations 2
smoothSolver:  Solving for Uz, Initial residual = 1.234714586e-05, Final residual = 3.164666932e-07, No Iterations 2
GAMG:  Solving for p, Initial residual = 3.078813056e-05, Final residual = 1.575809697e-07, No Iterations 3
GAMG:  Solving for p, Initial residual = 3.052210613e-06, Final residual = 1.266286065e-08, No Iterations 3
GAMG:  Solving for p, Initial residual = 6.404058826e-07, Final residual = 2.459931688e-09, No Iterations 3
time step continuity errors (region0): sum local = 1.401780956e-10, global = 1.26652782e-11, cumulative = 1.567432844e-07
smoothSolver:  Solving for omega, Initial residual = 8.239451081e-07, Final residual = 7.644072342e-08, No Iterations 1
smoothSolver:  Solving for k, Initial residual = 1.037477427e-06, Final residual = 9.815280784e-08, No Iterations 1

ExecutionTime = 2.69 s  ExecutionStepTime = 0.02 s  ClockTime = 2 s

forces FR write:
    Sum of forces
        Total    : ( 0.3517549027 0 -5.52504557 )
        Pressure : ( 0.3016726978 0 -5.524597911 )
        Viscous  : ( 0.05008220488 0 -0.0004476586634 )
    Sum of moments
        Total    : ( -2.680451017 1.089848242 -0.1706523095 )
        Pressure : ( -2.680233837 1.092720595 -0.146355153 )
        Viscous  : ( -0.0002171795878 -0.00287235321 -0.02429715652 )


liftDrag LD execute:
Viscous drag: 0.004158971745, pressure drag: 0.02505177697, porous drag: 0
Viscous lift: -3.717487553e-05, pressure lift: -0.4587786555, porous lift: 0
Total lift: -0.4588158304, Front lift: -0.138903752, Rear lift: -0.3199120784, Drag: 0.02921074871
Location of Center of Mass: ( 0.156259772 0.4851455039 -0.03143796203 )
Location of Center Of Pressure: ( 0.1990839086 0.4851455039 -0.02871154108 )


yPlus yPlus execute:
    patch Bottom y+ : min = 1.293581481, max = 402.191236, average = 209.226113
    patch Top y+ : min = 47.76997835, max = 409.0267519, average = 228.8062968
    patch e423_0 y+ : min = 80.83352339, max = 804.4259988, average = 409.9515923


################################################################################

Time = 206

Outer Loop Iteration = 206
smoothSolver:  Solving for Ux, Initial residual = 3.537668023e-05, Final residual = 8.78730258e-07, No Iterations 2
smoothSolver:  Solving for Uz, Initial residual = 1.190383499e-05, Final residual = 3.043725584e-07, No Iterations 2
GAMG:  Solving for p, Initial residual = 2.946180083e-05, Final residual = 1.526785096e-07, No Iterations 3
GAMG:  Solving for p, Initial residual = 2.924326068e-06, Final residual = 1.21414013e-08, No Iterations 3
GAMG:  Solving for p, Initial residual = 6.107980242e-07, Final residual = 2.329479476e-09, No Iterations 3
time step continuity errors (region0): sum local = 1.327429661e-10, global = 1.190236173e-11, cumulative = 1.567551868e-07
smoothSolver:  Solving for omega, Initial residual = 7.985411155e-07, Final residual = 7.40066553e-08, No Iterations 1
smoothSolver:  Solving for k, Initial residual = 1.004683137e-06, Final residual = 9.553583916e-08, No Iterations 1

ExecutionTime = 2.7 s  ExecutionStepTime = 0.01 s  ClockTime = 2 s

forces FR write:
    Sum of forces
        Total    : ( 0.351745402 0 -5.525139318 )
        Pressure : ( 0.3016628965 0 -5.524691642 )
        Viscous  : ( 0.05008250548 0 -0.0004476760299 )
    Sum of moments
        Total    : ( -2.680496499 1.089860994 -0.1706477003 )
        Pressure : ( -2.680279311 1.092733371 -0.1463503979 )
        Viscous  : ( -0.0002171880131 -0.002872376404 -0.02429730236 )


liftDrag LD execute:
Viscous drag: 0.004158996708, pressure drag: 0.02505096304, porous drag: 0
Viscous lift: -3.71763177e-05, pressure lift: -0.4587864392, porous lift: 0
Total lift: -0.4588236155, Front lift: -0.1389065855, Rear lift: -0.31991703, Drag: 0.02920995974
Location of Center of Mass: ( 0.156259772 0.4851455039 -0.03143796203 )
Location of Center Of Pressure: ( 0.1990828014 0.4851455039 -0.02871173147 )


yPlus yPlus execute:
    patch Bottom y+ : min = 1.293493263, max = 402.1929606, average = 209.2281996
    patch Top y+ : min = 47.76995699, max = 409.0324234, average = 228.8060681
    patch e423_0 y+ : min = 80.83571793, max = 804.4289377, average = 409.952799


################################################################################

Time = 207

Outer Loop Iteration = 207
smoothSolver:  Solving for Ux, Initial residual = 3.440698647e-05, Final residual = 8.490141621e-07, No Iterations 2
smoothSolver:  Solving for Uz, Initial residual = 1.156800393e-05, Final residual = 2.925160412e-07, No Iterations 2
GAMG:  Solving for p, Initial residual = 2.823911167e-05, Final residual = 1.486240244e-07, No Iterations 3
GAMG:  Solving for p, Initial residual = 2.801905731e-06, Final residual = 1.164910226e-08, No Iterations 3
GAMG:  Solving for p, Initial residual = 5.774816991e-07, Final residual = 2.199215243e-09, No Iterations 3
time step continuity errors (region0): sum local = 1.253188582e-10, global = 1.115253339e-11, cumulative = 1.567663393e-07
smoothSolver:  Solving for omega, Initial residual = 7.739006494e-07, Final residual = 7.166432185e-08, No Iterations 1
smoothSolver:  Solving for k, Initial residual = 9.725448456e-07, Final residual = 9.290151176e-08, No Iterations 1

ExecutionTime = 2.72 s  ExecutionStepTime = 0.02 s  ClockTime = 2 s

forces FR write:
    Sum of forces
        Total    : ( 0.351736404 0 -5.525228981 )
        Pressure : ( 0.3016536082 0 -5.524781289 )
        Viscous  : ( 0.05008279581 0 -0.000447691727 )
    Sum of moments
        Total    : ( -2.680539998 1.08987322 -0.1706433349 )
        Pressure : ( -2.680322802 1.092745619 -0.1463458917 )
        Viscous  : ( -0.0002171956285 -0.002872398969 -0.02429744321 )


liftDrag LD execute:
Viscous drag: 0.004159020818, pressure drag: 0.02505019171, porous drag: 0
Viscous lift: -3.717762123e-05, pressure lift: -0.4587938837, porous lift: 0
Total lift: -0.4588310613, Front lift: -0.1389092932, Rear lift: -0.3199217681, Drag: 0.02920921253
Location of Center of Mass: ( 0.156259772 0.4851455039 -0.03143796203 )
Location of Center Of Pressure: ( 0.1990817482 0.4851455039 -0.02871191249 )


yPlus yPlus execute:
    patch Bottom y+ : min = 1.293400419, max = 402.1936516, average = 209.2298414
    patch Top y+ : min = 47.7700834, max = 409.0367582, average = 228.8053771
    patch e423_0 y+ : min = 80.83780509, max = 804.4317755, average = 409.953963


################################################################################

Time = 208

Outer Loop Iteration = 208
smoothSolver:  Solving for Ux, Initial residual = 3.346676078e-05, Final residual = 8.198156419e-07, No Iterations 2
smoothSolver:  Solving for Uz, Initial residual = 1.127449831e-05, Final residual = 2.811663408e-07, No Iterations 2
GAMG:  Solving for p, Initial residual = 2.721617971e-05, Final residual = 1.434236002e-07, No Iterations 3
GAMG:  Solving for p, Initial residual = 2.687756508e-06, Final residual = 1.119550256e-08, No Iterations 3
GAMG:  Solving for p, Initial residual = 5.513195121e-07, Final residual = 2.082950717e-09, No Iterations 3
time step continuity errors (region0): sum local = 1.186927805e-10, global = 1.048587681e-11, cumulative = 1.567768252e-07
smoothSolver:  Solving for omega, Initial residual = 7.50196324e-07, Final residual = 6.941013815e-08, No Iterations 1
smoothSolver:  Solving for k, Initial residual = 9.426549081e-07, Final residual = 9.02598596e-08, No Iterations 1

ExecutionTime = 2.73 s  ExecutionStepTime = 0.01 s  ClockTime = 2 s

forces FR write:
    Sum of forces
        Total    : ( 0.3517278893 0 -5.525314735 )
        Pressure : ( 0.3016448133 0 -5.524867029 )
        Viscous  : ( 0.05008307609 0 -0.0004477058229 )
    Sum of moments
        Total    : ( -2.680581601 1.089884944 -0.1706392041 )
        Pressure : ( -2.680364399 1.092757365 -0.1463416249 )
        Viscous  : ( -0.000217202467 -0.00287242092 -0.02429757918 )


liftDrag LD execute:
Viscous drag: 0.004159044093, pressure drag: 0.02504946135, porous drag: 0
Viscous lift: -3.717879179e-05, pressure lift: -0.4588010038, porous lift: 0
Total lift: -0.4588381826, Front lift: -0.1389118802, Rear lift: -0.3199263024, Drag: 0.02920850544
Location of Center of Mass: ( 0.156259772 0.4851455039 -0.03143796203 )
Location of Center Of Pressure: ( 0.199080747 0.4851455039 -0.02871208453 )


yPlus yPlus execute:
    patch Bottom y+ : min = 1.293303726, max = 402.1934646, average = 209.2310874
    patch Top y+ : min = 47.77033839, max = 409.0398296, average = 228.8042712
    patch e423_0 y+ : min = 80.83978933, max = 804.4345137, average = 409.9550853


################################################################################

Time = 209

Outer Loop Iteration = 209
smoothSolver:  Solving for Ux, Initial residual = 3.255186295e-05, Final residual = 7.911373153e-07, No Iterations 2
smoothSolver:  Solving for Uz, Initial residual = 1.100510282e-05, Final residual = 2.706003865e-07, No Iterations 2
GAMG:  Solving for p, Initial residual = 2.579684912e-05, Final residual = 1.384560333e-07, No Iterations 3
GAMG:  Solving for p, Initial residual = 2.698701944e-06, Final residual = 1.092286321e-08, No Iterations 3
GAMG:  Solving for p, Initial residual = 5.522560218e-07, Final residual = 2.006420594e-09, No Iterations 3
time step continuity errors (region0): sum local = 1.143308432e-10, global = 1.013646605e-11, cumulative = 1.567869617e-07
smoothSolver:  Solving for omega, Initial residual = 7.273033235e-07, Final residual = 6.719246518e-08, No Iterations 1
smoothSolver:  Solving for k, Initial residual = 9.151863633e-07, Final residual = 8.762527623e-08, No Iterations 1

ExecutionTime = 2.74 s  ExecutionStepTime = 0.01 s  ClockTime = 2 s

forces FR write:
    Sum of forces
        Total    : ( 0.3517198375 0 -5.52539676 )
        Pressure : ( 0.301636491 0 -5.524949042 )
        Viscous  : ( 0.05008334654 0 -0.0004477183922 )
    Sum of moments
        Total    : ( -2.680621395 1.089896191 -0.1706352978 )
        Pressure : ( -2.680404187 1.092768633 -0.1463375874 )
        Viscous  : ( -0.000217208565 -0.00287244227 -0.02429771039 )


liftDrag LD execute:
Viscous drag: 0.004159066552, pressure drag: 0.02504877025, porous drag: 0
Viscous lift: -3.717983558e-05, pressure lift: -0.4588078144, porous lift: 0
Total lift: -0.4588449942, Front lift: -0.1389143521, Rear lift: -0.3199306421, Drag: 0.0292078368
Location of Center of Mass: ( 0.156259772 0.4851455039 -0.03143796203 )
Location of Center Of Pressure: ( 0.1990797956 0.4851455039 -0.02871224795 )


yPlus yPlus execute:
    patch Bottom y+ : min = 1.293203896, max = 402.1926942, average = 209.2320989
    patch Top y+ : min = 47.77068841, max = 409.0416671, average = 228.8027937
    patch e423_0 y+ : min = 80.84167515, max = 804.437154, average = 409.9561667


################################################################################

Time = 210

Outer Loop Iteration = 210
smoothSolver:  Solving for Ux, Initial residual = 3.164201557e-05, Final residual = 7.633859277e-07, No Iterations 2
smoothSolver:  Solving for Uz, Initial residual = 1.071101023e-05, Final residual = 2.607928244e-07, No Iterations 2
GAMG:  Solving for p, Initial residual = 2.471708354e-05, Final residual = 1.347261424e-07, No Iterations 3
GAMG:  Solving for p, Initial residual = 2.66168749e-06, Final residual = 1.034724181e-08, No Iterations 3
GAMG:  Solving for p, Initial residual = 5.449528284e-07, Final residual = 1.912390929e-09, No Iterations 3
time step continuity errors (region0): sum local = 1.089720324e-10, global = 8.572833471e-12, cumulative = 1.567955345e-07
smoothSolver:  Solving for omega, Initial residual = 7.050814889e-07, Final residual = 6.507601399e-08, No Iterations 1
smoothSolver:  Solving for k, Initial residual = 8.890280502e-07, Final residual = 8.50069213e-08, No Iterations 1

ExecutionTime = 2.76 s  ExecutionStepTime = 0.01 s  ClockTime = 2 s

forces FR write:
    Sum of forces
        Total    : ( 0.3517122282 0 -5.525475227 )
        Pressure : ( 0.3016286207 0 -5.525027498 )
        Viscous  : ( 0.0500836074 0 -0.0004477295149 )
    Sum of moments
        Total    : ( -2.680659463 1.089906982 -0.1706316061 )
        Pressure : ( -2.680442249 1.092779445 -0.1463337692 )
        Viscous  : ( -0.0002172139611 -0.002872463028 -0.02429783695 )


liftDrag LD execute:
Viscous drag: 0.004159088215, pressure drag: 0.02504811668, porous drag: 0
Viscous lift: -3.718075924e-05, pressure lift: -0.4588143296, porous lift: 0
Total lift: -0.4588515104, Front lift: -0.138916714, Rear lift: -0.3199347964, Drag: 0.02920720489
Location of Center of Mass: ( 0.156259772 0.4851455039 -0.03143796203 )
Location of Center Of Pressure: ( 0.1990788919 0.4851455039 -0.02871240315 )


yPlus yPlus execute:
    patch Bottom y+ : min = 1.293101915, max = 402.1917251, average = 209.2329064
    patch Top y+ : min = 47.77111851, max = 409.0422655, average = 228.800977
    patch e423_0 y+ : min = 80.84346707, max = 804.4396982, average = 409.9572084


################################################################################

Time = 211

Outer Loop Iteration = 211
smoothSolver:  Solving for Ux, Initial residual = 3.073443647e-05, Final residual = 7.365349494e-07, No Iterations 2
smoothSolver:  Solving for Uz, Initial residual = 1.043313394e-05, Final residual = 2.518201651e-07, No Iterations 2
GAMG:  Solving for p, Initial residual = 2.381953315e-05, Final residual = 1.312179685e-07, No Iterations 3
GAMG:  Solving for p, Initial residual = 2.579516405e-06, Final residual = 1.003192631e-08, No Iterations 3
GAMG:  Solving for p, Initial residual = 5.273138194e-07, Final residual = 1.826030029e-09, No Iterations 3
time step continuity errors (region0): sum local = 1.040502551e-10, global = 8.067487398e-12, cumulative = 1.56803602e-07
smoothSolver:  Solving for omega, Initial residual = 6.833671201e-07, Final residual = 6.304491941e-08, No Iterations 1
smoothSolver:  Solving for k, Initial residual = 8.637460414e-07, Final residual = 8.241383617e-08, No Iterations 1

ExecutionTime = 2.77 s  ExecutionStepTime = 0.01 s  ClockTime = 2 s

forces FR write:
    Sum of forces
        Total    : ( 0.3517050405 0 -5.525550304 )
        Pressure : ( 0.3016211816 0 -5.525102565 )
        Viscous  : ( 0.0500838589 0 -0.0004477392747 )
    Sum of moments
        Total    : ( -2.680695886 1.089917342 -0.1706281191 )
        Pressure : ( -2.680478668 1.092789825 -0.1463301601 )
        Viscous  : ( -0.000217218696 -0.002872483206 -0.02429795896 )


liftDrag LD execute:
Viscous drag: 0.0041591091, pressure drag: 0.02504749891, porous drag: 0
Viscous lift: -3.718156973e-05, pressure lift: -0.4588205634, porous lift: 0
Total lift: -0.458857745, Front lift: -0.138918971, Rear lift: -0.3199387739, Drag: 0.02920660801
Location of Center of Mass: ( 0.156259772 0.4851455039 -0.03143796203 )
Location of Center Of Pressure: ( 0.1990780338 0.4851455039 -0.0287125505 )


yPlus yPlus execute:
    patch Bottom y+ : min = 1.292998712, max = 402.1906401, average = 209.2335185
    patch Top y+ : min = 47.77161562, max = 409.0416899, average = 228.7988709
    patch e423_0 y+ : min = 80.84516958, max = 804.4421483, average = 409.9582112


################################################################################

Time = 212

Outer Loop Iteration = 212
smoothSolver:  Solving for Ux, Initial residual = 2.984905281e-05, Final residual = 7.101712999e-07, No Iterations 2
smoothSolver:  Solving for Uz, Initial residual = 1.018229346e-05, Final residual = 2.432593769e-07, No Iterations 2
GAMG:  Solving for p, Initial residual = 2.312726679e-05, Final residual = 1.281325932e-07, No Iterations 3
GAMG:  Solving for p, Initial residual = 2.481605801e-06, Final residual = 9.775593363e-09, No Iterations 3
GAMG:  Solving for p, Initial residual = 5.049117875e-07, Final residual = 1.727346192e-09, No Iterations 3
time step continuity errors (region0): sum local = 9.842650338e-11, global = 7.526215352e-12, cumulative = 1.568111282e-07
smoothSolver:  Solving for omega, Initial residual = 6.621857225e-07, Final residual = 6.11245663e-08, No Iterations 1
smoothSolver:  Solving for k, Initial residual = 8.384826946e-07, Final residual = 7.985991004e-08, No Iterations 1

ExecutionTime = 2.8 s  ExecutionStepTime = 0.03 s  ClockTime = 3 s

forces FR write:
    Sum of forces
        Total    : ( 0.3516982536 0 -5.525622152 )
        Pressure : ( 0.3016141524 0 -5.525174404 )
        Viscous  : ( 0.05008410126 0 -0.0004477477583 )
    Sum of moments
        Total    : ( -2.680730743 1.089927289 -0.1706248265 )
        Pressure : ( -2.68051352 1.092799792 -0.1463267499 )
        Viscous  : ( -0.0002172228118 -0.002872502812 -0.02429807654 )


liftDrag LD execute:
Viscous drag: 0.004159129226, pressure drag: 0.02504691518, porous drag: 0
Viscous lift: -3.718227423e-05, pressure lift: -0.4588265291, porous lift: 0
Total lift: -0.4588637114, Front lift: -0.1389211282, Rear lift: -0.3199425833, Drag: 0.02920604441
Location of Center of Mass: ( 0.156259772 0.4851455039 -0.03143796203 )
Location of Center Of Pressure: ( 0.1990772192 0.4851455039 -0.02871269038 )


yPlus yPlus execute:
    patch Bottom y+ : min = 1.292894978, max = 402.1893498, average = 209.2339342
    patch Top y+ : min = 47.77216952, max = 409.040121, average = 228.7965352
    patch e423_0 y+ : min = 80.84678711, max = 804.4445061, average = 409.9591763


################################################################################

Time = 213

Outer Loop Iteration = 213
smoothSolver:  Solving for Ux, Initial residual = 2.896651755e-05, Final residual = 6.839459287e-07, No Iterations 2
smoothSolver:  Solving for Uz, Initial residual = 9.946558243e-06, Final residual = 2.354001422e-07, No Iterations 2
GAMG:  Solving for p, Initial residual = 2.252938077e-05, Final residual = 1.246600864e-07, No Iterations 3
GAMG:  Solving for p, Initial residual = 2.375101707e-06, Final residual = 9.54041438e-09, No Iterations 3
GAMG:  Solving for p, Initial residual = 4.806520719e-07, Final residual = 1.63662901e-09, No Iterations 3
time step continuity errors (region0): sum local = 9.32568091e-11, global = 7.077105923e-12, cumulative = 1.568182053e-07
smoothSolver:  Solving for omega, Initial residual = 6.413794899e-07, Final residual = 5.925452239e-08, No Iterations 1
smoothSolver:  Solving for k, Initial residual = 8.13365335e-07, Final residual = 7.734429792e-08, No Iterations 1

ExecutionTime = 2.81 s  ExecutionStepTime = 0.01 s  ClockTime = 3 s

forces FR write:
    Sum of forces
        Total    : ( 0.3516918469 0 -5.525690928 )
        Pressure : ( 0.3016075122 0 -5.525243173 )
        Viscous  : ( 0.05008433472 0 -0.0004477550538 )
    Sum of moments
        Total    : ( -2.680764109 1.089936845 -0.1706217183 )
        Pressure : ( -2.680546883 1.092809367 -0.1463235285 )
        Viscous  : ( -0.0002172263512 -0.002872521855 -0.0242981898 )


liftDrag LD execute:
Viscous drag: 0.004159148614, pressure drag: 0.02504636376, porous drag: 0
Viscous lift: -3.718288007e-05, pressure lift: -0.4588322399, porous lift: 0
Total lift: -0.4588694228, Front lift: -0.1389231903, Rear lift: -0.3199462325, Drag: 0.02920551237
Location of Center of Mass: ( 0.156259772 0.4851455039 -0.03143796203 )
Location of Center Of Pressure: ( 0.1990764459 0.4851455039 -0.02871282317 )


yPlus yPlus execute:
    patch Bottom y+ : min = 1.292791233, max = 402.18771, average = 209.234154
    patch Top y+ : min = 47.77277237, max = 409.0377853, average = 228.7940263
    patch e423_0 y+ : min = 80.848324, max = 804.4467739, average = 409.9601046


################################################################################

Time = 214

Outer Loop Iteration = 214
smoothSolver:  Solving for Ux, Initial residual = 2.80912009e-05, Final residual = 6.584368151e-07, No Iterations 2
smoothSolver:  Solving for Uz, Initial residual = 9.725369122e-06, Final residual = 2.282451977e-07, No Iterations 2
GAMG:  Solving for p, Initial residual = 2.204846864e-05, Final residual = 1.211882536e-07, No Iterations 3
GAMG:  Solving for p, Initial residual = 2.268326537e-06, Final residual = 9.29438677e-09, No Iterations 3
GAMG:  Solving for p, Initial residual = 4.558277103e-07, Final residual = 1.544774215e-09, No Iterations 3
time step continuity errors (region0): sum local = 8.802225003e-11, global = 6.723029017e-12, cumulative = 1.568249283e-07
smoothSolver:  Solving for omega, Initial residual = 6.210360862e-07, Final residual = 5.741624138e-08, No Iterations 1
smoothSolver:  Solving for k, Initial residual = 7.884854853e-07, Final residual = 7.48786442e-08, No Iterations 1

ExecutionTime = 2.82 s  ExecutionStepTime = 0.01 s  ClockTime = 3 s

forces FR write:
    Sum of forces
        Total    : ( 0.3516857993 0 -5.525756784 )
        Pressure : ( 0.3016012398 0 -5.525309022 )
        Viscous  : ( 0.05008455952 0 -0.0004477612504 )
    Sum of moments
        Total    : ( -2.680796059 1.089946028 -0.1706187843 )
        Pressure : ( -2.68057883 1.092818569 -0.1463204854 )
        Viscous  : ( -0.0002172293575 -0.002872540343 -0.02429829886 )


liftDrag LD execute:
Viscous drag: 0.004159167281, pressure drag: 0.02504584288, porous drag: 0
Viscous lift: -3.718339466e-05, pressure lift: -0.4588377082, porous lift: 0
Total lift: -0.4588748916, Front lift: -0.1389251621, Rear lift: -0.3199497295, Drag: 0.02920501017
Location of Center of Mass: ( 0.156259772 0.4851455039 -0.03143796203 )
Location of Center Of Pressure: ( 0.1990757118 0.4851455039 -0.02871294923 )


yPlus yPlus execute:
    patch Bottom y+ : min = 1.292687889, max = 402.1855882, average = 209.2341915
    patch Top y+ : min = 47.77341634, max = 409.034876, average = 228.7913919
    patch e423_0 y+ : min = 80.84978451, max = 804.4489537, average = 409.9609972


################################################################################

Time = 215

Outer Loop Iteration = 215
smoothSolver:  Solving for Ux, Initial residual = 2.72222926e-05, Final residual = 6.342601402e-07, No Iterations 2
smoothSolver:  Solving for Uz, Initial residual = 9.513944993e-06, Final residual = 2.218826669e-07, No Iterations 2
GAMG:  Solving for p, Initial residual = 2.156846113e-05, Final residual = 1.178998811e-07, No Iterations 3
GAMG:  Solving for p, Initial residual = 2.166858086e-06, Final residual = 9.065781663e-09, No Iterations 3
GAMG:  Solving for p, Initial residual = 4.321119413e-07, Final residual = 1.454978197e-09, No Iterations 3
time step continuity errors (region0): sum local = 8.290515613e-11, global = 6.095097619e-12, cumulative = 1.568310234e-07
smoothSolver:  Solving for omega, Initial residual = 6.011739149e-07, Final residual = 5.562875758e-08, No Iterations 1
smoothSolver:  Solving for k, Initial residual = 7.639250526e-07, Final residual = 7.246068082e-08, No Iterations 1

ExecutionTime = 2.83 s  ExecutionStepTime = 0.01 s  ClockTime = 3 s

forces FR write:
    Sum of forces
        Total    : ( 0.3516800906 0 -5.525819866 )
        Pressure : ( 0.3015953147 0 -5.525372099 )
        Viscous  : ( 0.05008477589 0 -0.0004477664373 )
    Sum of moments
        Total    : ( -2.680826663 1.089954857 -0.1706160147 )
        Pressure : ( -2.680609431 1.092827416 -0.1463176109 )
        Viscous  : ( -0.0002172318738 -0.002872558284 -0.02429840383 )


liftDrag LD execute:
Viscous drag: 0.004159185249, pressure drag: 0.02504535085, porous drag: 0
Viscous lift: -3.718382539e-05, pressure lift: -0.4588429463, porous lift: 0
Total lift: -0.4588801301, Front lift: -0.1389270482, Rear lift: -0.3199530819, Drag: 0.0292045361
Location of Center of Mass: ( 0.156259772 0.4851455039 -0.03143796203 )
Location of Center Of Pressure: ( 0.1990750149 0.4851455039 -0.02871306892 )


yPlus yPlus execute:
    patch Bottom y+ : min = 1.292585311, max = 402.1829037, average = 209.2340677
    patch Top y+ : min = 47.77409207, max = 409.0315231, average = 228.788671
    patch e423_0 y+ : min = 80.85117281, max = 804.4510479, average = 409.9618551


################################################################################

Time = 216

Outer Loop Iteration = 216
smoothSolver:  Solving for Ux, Initial residual = 2.63665981e-05, Final residual = 6.110623505e-07, No Iterations 2
smoothSolver:  Solving for Uz, Initial residual = 9.308443774e-06, Final residual = 2.155584644e-07, No Iterations 2
GAMG:  Solving for p, Initial residual = 2.108530464e-05, Final residual = 1.148581649e-07, No Iterations 3
GAMG:  Solving for p, Initial residual = 2.073497357e-06, Final residual = 8.874581915e-09, No Iterations 3
GAMG:  Solving for p, Initial residual = 4.097022477e-07, Final residual = 1.385724814e-09, No Iterations 3
time step continuity errors (region0): sum local = 7.895871732e-11, global = 5.817456662e-12, cumulative = 1.568368409e-07
smoothSolver:  Solving for omega, Initial residual = 5.818724757e-07, Final residual = 5.386237107e-08, No Iterations 1
smoothSolver:  Solving for k, Initial residual = 7.397191147e-07, Final residual = 7.00941993e-08, No Iterations 1

ExecutionTime = 2.85 s  ExecutionStepTime = 0.02 s  ClockTime = 3 s

forces FR write:
    Sum of forces
        Total    : ( 0.3516747008 0 -5.525880316 )
        Pressure : ( 0.3015897167 0 -5.525432545 )
        Viscous  : ( 0.05008498407 0 -0.0004477707029 )
    Sum of moments
        Total    : ( -2.68085599 1.089963349 -0.1706133999 )
        Pressure : ( -2.680638756 1.092835925 -0.1463148951 )
        Viscous  : ( -0.0002172339432 -0.002872575685 -0.02429850483 )


liftDrag LD execute:
Viscous drag: 0.004159202537, pressure drag: 0.02504488597, porous drag: 0
Viscous lift: -3.718417961e-05, pressure lift: -0.4588479659, porous lift: 0
Total lift: -0.4588851501, Front lift: -0.1389288529, Rear lift: -0.3199562971, Drag: 0.02920408851
Location of Center of Mass: ( 0.156259772 0.4851455039 -0.03143796203 )
Location of Center Of Pressure: ( 0.1990743531 0.4851455039 -0.02871318261 )


yPlus yPlus execute:
    patch Bottom y+ : min = 1.292483839, max = 402.1796397, average = 209.2338116
    patch Top y+ : min = 47.77478902, max = 409.0278045, average = 228.7858966
    patch e423_0 y+ : min = 80.85249295, max = 804.4530589, average = 409.9626794


################################################################################

Time = 217

Outer Loop Iteration = 217
smoothSolver:  Solving for Ux, Initial residual = 2.551602843e-05, Final residual = 5.883506275e-07, No Iterations 2
smoothSolver:  Solving for Uz, Initial residual = 9.098207607e-06, Final residual = 2.097603831e-07, No Iterations 2
GAMG:  Solving for p, Initial residual = 2.060112733e-05, Final residual = 1.120738148e-07, No Iterations 3
GAMG:  Solving for p, Initial residual = 1.985364144e-06, Final residual = 8.673442315e-09, No Iterations 3
GAMG:  Solving for p, Initial residual = 3.888914886e-07, Final residual = 1.313415648e-09, No Iterations 3
time step continuity errors (region0): sum local = 7.483825965e-11, global = 5.354046927e-12, cumulative = 1.568421949e-07
smoothSolver:  Solving for omega, Initial residual = 5.629477378e-07, Final residual = 5.213530488e-08, No Iterations 1
smoothSolver:  Solving for k, Initial residual = 7.15933427e-07, Final residual = 6.778298758e-08, No Iterations 1

ExecutionTime = 2.86 s  ExecutionStepTime = 0.01 s  ClockTime = 3 s

forces FR write:
    Sum of forces
        Total    : ( 0.3516696103 0 -5.52593827 )
        Pressure : ( 0.301584426 0 -5.525490496 )
        Viscous  : ( 0.0500851843 0 -0.0004477741343 )
    Sum of moments
        Total    : ( -2.680884106 1.089971522 -0.1706109303 )
        Pressure : ( -2.680666871 1.092844114 -0.1463123283 )
        Viscous  : ( -0.000217235608 -0.002872592553 -0.02429860197 )


liftDrag LD execute:
Viscous drag: 0.004159219165, pressure drag: 0.02504444662, porous drag: 0
Viscous lift: -3.718446457e-05, pressure lift: -0.4588527783, porous lift: 0
Total lift: -0.4588899627, Front lift: -0.1389305807, Rear lift: -0.3199593821, Drag: 0.02920366578
Location of Center of Mass: ( 0.156259772 0.4851455039 -0.03143796203 )
Location of Center Of Pressure: ( 0.1990737246 0.4851455039 -0.02871329062 )


yPlus yPlus execute:
    patch Bottom y+ : min = 1.292383802, max = 402.1758355, average = 209.2334562
    patch Top y+ : min = 47.77549638, max = 409.0237707, average = 228.7830988
    patch e423_0 y+ : min = 80.85374887, max = 804.4549889, average = 409.9634711


################################################################################

Time = 218

Outer Loop Iteration = 218
smoothSolver:  Solving for Ux, Initial residual = 2.46803255e-05, Final residual = 5.661181483e-07, No Iterations 2
smoothSolver:  Solving for Uz, Initial residual = 8.882424587e-06, Final residual = 2.043588772e-07, No Iterations 2
GAMG:  Solving for p, Initial residual = 2.01360885e-05, Final residual = 1.093418099e-07, No Iterations 3
GAMG:  Solving for p, Initial residual = 1.901725883e-06, Final residual = 8.500696219e-09, No Iterations 3
GAMG:  Solving for p, Initial residual = 3.694843028e-07, Final residual = 1.253400363e-09, No Iterations 3
time step continuity errors (region0): sum local = 7.141841303e-11, global = 5.093575229e-12, cumulative = 1.568472885e-07
smoothSolver:  Solving for omega, Initial residual = 5.444106128e-07, Final residual = 5.046636046e-08, No Iterations 1
smoothSolver:  Solving for k, Initial residual = 6.926299892e-07, Final residual = 6.552615552e-08, No Iterations 1

ExecutionTime = 2.88 s  ExecutionStepTime = 0.02 s  ClockTime = 3 s

forces FR write:
    Sum of forces
        Total    : ( 0.3516648001 0 -5.525993859 )
        Pressure : ( 0.3015794233 0 -5.525546082 )
        Viscous  : ( 0.05008537681 0 -0.0004477768169 )
    Sum of moments
        Total    : ( -2.680911075 1.089979389 -0.1706085966 )
        Pressure : ( -2.680693838 1.092851998 -0.1463099012 )
        Viscous  : ( -0.0002172369094 -0.002872608895 -0.02429869537 )


liftDrag LD execute:
Viscous drag: 0.004159235152, pressure drag: 0.02504403118, porous drag: 0
Viscous lift: -3.718468734e-05, pressure lift: -0.4588573943, porous lift: 0
Total lift: -0.458894579, Front lift: -0.1389322354, Rear lift: -0.3199623436, Drag: 0.02920326633
Location of Center of Mass: ( 0.156259772 0.4851455039 -0.03143796203 )
Location of Center Of Pressure: ( 0.1990731273 0.4851455039 -0.02871339331 )


yPlus yPlus execute:
    patch Bottom y+ : min = 1.292285521, max = 402.1715668, average = 209.2330358
    patch Top y+ : min = 47.77620393, max = 409.0194653, average = 228.7803056
    patch e423_0 y+ : min = 80.85494438, max = 804.4568406, average = 409.9642314


################################################################################

Time = 219

Outer Loop Iteration = 219
smoothSolver:  Solving for Ux, Initial residual = 2.385855758e-05, Final residual = 5.442009148e-07, No Iterations 2
smoothSolver:  Solving for Uz, Initial residual = 8.662781452e-06, Final residual = 1.990553478e-07, No Iterations 2
GAMG:  Solving for p, Initial residual = 1.967315692e-05, Final residual = 1.07537647e-07, No Iterations 3
GAMG:  Solving for p, Initial residual = 1.823034839e-06, Final residual = 8.37230247e-09, No Iterations 3
GAMG:  Solving for p, Initial residual = 3.512113913e-07, Final residual = 1.198212233e-09, No Iterations 3
time step continuity errors (region0): sum local = 6.827338427e-11, global = 4.839805372e-12, cumulative = 1.568521283e-07
smoothSolver:  Solving for omega, Initial residual = 5.263017855e-07, Final residual = 4.881635267e-08, No Iterations 1
smoothSolver:  Solving for k, Initial residual = 6.698460183e-07, Final residual = 6.332459649e-08, No Iterations 1

ExecutionTime = 2.88 s  ExecutionStepTime = 0 s  ClockTime = 3 s

forces FR write:
    Sum of forces
        Total    : ( 0.3516602514 0 -5.526047209 )
        Pressure : ( 0.3015746896 0 -5.52559943 )
        Viscous  : ( 0.05008556185 0 -0.0004477788336 )
    Sum of moments
        Total    : ( -2.680936958 1.089986968 -0.1706063899 )
        Pressure : ( -2.68071972 1.092859593 -0.1463076047 )
        Viscous  : ( -0.0002172378878 -0.002872624719 -0.02429878514 )


liftDrag LD execute:
Viscous drag: 0.004159250518, pressure drag: 0.02504363808, porous drag: 0
Viscous lift: -3.718485481e-05, pressure lift: -0.4588618245, porous lift: 0
Total lift: -0.4588990094, Front lift: -0.1389338212, Rear lift: -0.3199651881, Drag: 0.0292028886
Location of Center of Mass: ( 0.156259772 0.4851455039 -0.03143796203 )
Location of Center Of Pressure: ( 0.1990725594 0.4851455039 -0.02871349099 )


yPlus yPlus execute:
    patch Bottom y+ : min = 1.292189318, max = 402.1669256, average = 209.2325819
    patch Top y+ : min = 47.77690188, max = 409.0149343, average = 228.7775433
    patch e423_0 y+ : min = 80.85608317, max = 804.4586164, average = 409.9649612


################################################################################

Time = 220

Outer Loop Iteration = 220
smoothSolver:  Solving for Ux, Initial residual = 2.30460557e-05, Final residual = 5.227208818e-07, No Iterations 2
smoothSolver:  Solving for Uz, Initial residual = 8.443074065e-06, Final residual = 1.938280453e-07, No Iterations 2
GAMG:  Solving for p, Initial residual = 1.920425445e-05, Final residual = 1.048113813e-07, No Iterations 3
GAMG:  Solving for p, Initial residual = 1.74919662e-06, Final residual = 8.214863855e-09, No Iterations 3
GAMG:  Solving for p, Initial residual = 3.343619163e-07, Final residual = 1.150815544e-09, No Iterations 3
time step continuity errors (region0): sum local = 6.557249531e-11, global = 4.700010418e-12, cumulative = 1.568568283e-07
smoothSolver:  Solving for omega, Initial residual = 5.086715442e-07, Final residual = 4.719191893e-08, No Iterations 1
smoothSolver:  Solving for k, Initial residual = 6.476120255e-07, Final residual = 6.118287821e-08, No Iterations 1

ExecutionTime = 2.89 s  ExecutionStepTime = 0.01 s  ClockTime = 3 s

forces FR write:
    Sum of forces
        Total    : ( 0.3516559465 0 -5.52609844 )
        Pressure : ( 0.3015702068 0 -5.525650659 )
        Viscous  : ( 0.05008573966 0 -0.000447780265 )
    Sum of moments
        Total    : ( -2.680961812 1.089994272 -0.1706043013 )
        Pressure : ( -2.680744573 1.092866912 -0.1463054299 )
        Viscous  : ( -0.0002172385823 -0.002872640032 -0.0242988714 )


liftDrag LD execute:
Viscous drag: 0.004159265284, pressure drag: 0.02504326581, porous drag: 0
Viscous lift: -3.718497368e-05, pressure lift: -0.4588660787, porous lift: 0
Total lift: -0.4589032637, Front lift: -0.1389353419, Rear lift: -0.3199679218, Drag: 0.0292025311
Location of Center of Mass: ( 0.156259772 0.4851455039 -0.03143796203 )
Location of Center Of Pressure: ( 0.1990720191 0.4851455039 -0.02871358399 )


yPlus yPlus execute:
    patch Bottom y+ : min = 1.292095509, max = 402.1620052, average = 209.2321234
    patch Top y+ : min = 47.77758157, max = 409.0102284, average = 228.7748363
    patch e423_0 y+ : min = 80.85716881, max = 804.4603188, average = 409.9656616


################################################################################

Time = 221

Outer Loop Iteration = 221
smoothSolver:  Solving for Ux, Initial residual = 2.224898849e-05, Final residual = 5.01875511e-07, No Iterations 2
smoothSolver:  Solving for Uz, Initial residual = 8.221813342e-06, Final residual = 1.891653916e-07, No Iterations 2
GAMG:  Solving for p, Initial residual = 1.872571587e-05, Final residual = 1.02113963e-07, No Iterations 3
GAMG:  Solving for p, Initial residual = 1.679888456e-06, Final residual = 8.064368923e-09, No Iterations 3
GAMG:  Solving for p, Initial residual = 3.186503657e-07, Final residual = 1.106381726e-09, No Iterations 3
time step continuity errors (region0): sum local = 6.304025215e-11, global = 4.87952889e-12, cumulative = 1.568617079e-07
smoothSolver:  Solving for omega, Initial residual = 4.91376323e-07, Final residual = 4.559483921e-08, No Iterations 1
smoothSolver:  Solving for k, Initial residual = 6.259325895e-07, Final residual = 5.909902923e-08, No Iterations 1

ExecutionTime = 2.9 s  ExecutionStepTime = 0.01 s  ClockTime = 3 s

forces FR write:
    Sum of forces
        Total    : ( 0.3516518677 0 -5.526147665 )
        Pressure : ( 0.3015659572 0 -5.525699884 )
        Viscous  : ( 0.05008591047 0 -0.0004477811883 )
    Sum of moments
        Total    : ( -2.680985693 1.090001314 -0.1706023225 )
        Pressure : ( -2.680768454 1.092873969 -0.1463033683 )
        Viscous  : ( -0.0002172390302 -0.002872654841 -0.02429895427 )


liftDrag LD execute:
Viscous drag: 0.004159279469, pressure drag: 0.02504291292, porous drag: 0
Viscous lift: -3.718505035e-05, pressure lift: -0.4588701665, porous lift: 0
Total lift: -0.4589073515, Front lift: -0.138936801, Rear lift: -0.3199705505, Drag: 0.02920219238
Location of Center of Mass: ( 0.156259772 0.4851455039 -0.03143796203 )
Location of Center Of Pressure: ( 0.1990715047 0.4851455039 -0.02871367259 )


yPlus yPlus execute:
    patch Bottom y+ : min = 1.292004385, max = 402.1568924, average = 209.2316856
    patch Top y+ : min = 47.77823529, max = 409.0054014, average = 228.772207
    patch e423_0 y+ : min = 80.85820471, max = 804.4619504, average = 409.9663336


################################################################################

Time = 222

Outer Loop Iteration = 222
smoothSolver:  Solving for Ux, Initial residual = 2.1463873e-05, Final residual = 4.816759675e-07, No Iterations 2
smoothSolver:  Solving for Uz, Initial residual = 8.000287532e-06, Final residual = 1.849652102e-07, No Iterations 2
GAMG:  Solving for p, Initial residual = 1.823698283e-05, Final residual = 1.002257137e-07, No Iterations 3
GAMG:  Solving for p, Initial residual = 1.614315122e-06, Final residual = 7.920055126e-09, No Iterations 3
GAMG:  Solving for p, Initial residual = 3.043974583e-07, Final residual = 1.071367528e-09, No Iterations 3
time step continuity errors (region0): sum local = 6.104512465e-11, global = 4.858901192e-12, cumulative = 1.568665668e-07
smoothSolver:  Solving for omega, Initial residual = 4.744905348e-07, Final residual = 4.403560756e-08, No Iterations 1
smoothSolver:  Solving for k, Initial residual = 6.048197918e-07, Final residual = 5.70716342e-08, No Iterations 1

ExecutionTime = 2.92 s  ExecutionStepTime = 0.01 s  ClockTime = 3 s

forces FR write:
    Sum of forces
        Total    : ( 0.3516479984 0 -5.526194994 )
        Pressure : ( 0.3015619239 0 -5.525747212 )
        Viscous  : ( 0.05008607452 0 -0.0004477816773 )
    Sum of moments
        Total    : ( -2.681008655 1.090008108 -0.1706004454 )
        Pressure : ( -2.680791415 1.092880777 -0.1463014115 )
        Viscous  : ( -0.0002172392675 -0.002872669155 -0.02429903386 )


liftDrag LD execute:
Viscous drag: 0.004159293092, pressure drag: 0.02504257797, porous drag: 0
Viscous lift: -3.718509096e-05, pressure lift: -0.4588740968, porous lift: 0
Total lift: -0.4589112819, Front lift: -0.138938202, Rear lift: -0.3199730799, Drag: 0.02920187107
Location of Center of Mass: ( 0.156259772 0.4851455039 -0.03143796203 )
Location of Center Of Pressure: ( 0.1990710143 0.4851455039 -0.0287137571 )


yPlus yPlus execute:
    patch Bottom y+ : min = 1.291916215, max = 402.1516644, average = 209.2312903
    patch Top y+ : min = 47.77885623, max = 409.0005075, average = 228.7696754
    patch e423_0 y+ : min = 80.85919415, max = 804.4635137, average = 409.9669784


################################################################################

Time = 223

Outer Loop Iteration = 223
smoothSolver:  Solving for Ux, Initial residual = 2.069825674e-05, Final residual = 4.620045809e-07, No Iterations 2
smoothSolver:  Solving for Uz, Initial residual = 7.783397058e-06, Final residual = 1.808510977e-07, No Iterations 2
GAMG:  Solving for p, Initial residual = 1.774257658e-05, Final residual = 9.791131877e-08, No Iterations 3
GAMG:  Solving for p, Initial residual = 1.552610577e-06, Final residual = 7.787133392e-09, No Iterations 3
GAMG:  Solving for p, Initial residual = 2.910417235e-07, Final residual = 1.042691127e-09, No Iterations 3
time step continuity errors (region0): sum local = 5.94110025e-11, global = 5.047575162e-12, cumulative = 1.568716143e-07
smoothSolver:  Solving for omega, Initial residual = 4.580061078e-07, Final residual = 4.250351342e-08, No Iterations 1
smoothSolver:  Solving for k, Initial residual = 5.842691943e-07, Final residual = 5.510143513e-08, No Iterations 1

ExecutionTime = 2.92 s  ExecutionStepTime = 0 s  ClockTime = 3 s

forces FR write:
    Sum of forces
        Total    : ( 0.3516443226 0 -5.526240529 )
        Pressure : ( 0.3015580906 0 -5.525792747 )
        Viscous  : ( 0.05008623205 0 -0.0004477818022 )
    Sum of moments
        Total    : ( -2.681030746 1.090014664 -0.1705986621 )
        Pressure : ( -2.680813506 1.092887347 -0.1462995518 )
        Viscous  : ( -0.0002172393281 -0.002872682981 -0.02429911028 )


liftDrag LD execute:
Viscous drag: 0.004159306173, pressure drag: 0.02504225965, porous drag: 0
Viscous lift: -3.718510134e-05, pressure lift: -0.4588778781, porous lift: 0
Total lift: -0.4589150632, Front lift: -0.1389395482, Rear lift: -0.319975515, Drag: 0.02920156582
Location of Center of Mass: ( 0.156259772 0.4851455039 -0.03143796203 )
Location of Center Of Pressure: ( 0.1990705465 0.4851455039 -0.02871383779 )


yPlus yPlus execute:
    patch Bottom y+ : min = 1.291831241, max = 402.1463895, average = 209.2309571
    patch Top y+ : min = 47.77943821, max = 408.9955998, average = 228.7672594
    patch e423_0 y+ : min = 80.86014024, max = 804.4650113, average = 409.9675968


################################################################################

Time = 224

Outer Loop Iteration = 224
smoothSolver:  Solving for Ux, Initial residual = 1.994837067e-05, Final residual = 4.429853047e-07, No Iterations 2
smoothSolver:  Solving for Uz, Initial residual = 7.570409234e-06, Final residual = 1.765629967e-07, No Iterations 2
GAMG:  Solving for p, Initial residual = 1.724753303e-05, Final residual = 9.577964189e-08, No Iterations 3
GAMG:  Solving for p, Initial residual = 1.495723844e-06, Final residual = 7.667638625e-09, No Iterations 3
GAMG:  Solving for p, Initial residual = 2.786892396e-07, Final residual = 1.01353308e-09, No Iterations 3
time step continuity errors (region0): sum local = 5.774938611e-11, global = 4.908925408e-12, cumulative = 1.568765233e-07
smoothSolver:  Solving for omega, Initial residual = 4.419413256e-07, Final residual = 4.099527631e-08, No Iterations 1
smoothSolver:  Solving for k, Initial residual = 5.642788265e-07, Final residual = 5.31885928e-08, No Iterations 1

ExecutionTime = 2.93 s  ExecutionStepTime = 0.01 s  ClockTime = 3 s

forces FR write:
    Sum of forces
        Total    : ( 0.3516408252 0 -5.526284367 )
        Pressure : ( 0.3015544419 0 -5.525836585 )
        Viscous  : ( 0.05008638329 0 -0.0004477816291 )
    Sum of moments
        Total    : ( -2.681052014 1.090020995 -0.1705969653 )
        Pressure : ( -2.680834774 1.092893691 -0.1462977816 )
        Viscous  : ( -0.0002172392441 -0.002872696328 -0.02429918366 )


liftDrag LD execute:
Viscous drag: 0.004159318732, pressure drag: 0.02504195665, porous drag: 0
Viscous lift: -3.718508696e-05, pressure lift: -0.4588815186, porous lift: 0
Total lift: -0.4589187037, Front lift: -0.1389408427, Rear lift: -0.319977861, Drag: 0.02920127538
Location of Center of Mass: ( 0.156259772 0.4851455039 -0.03143796203 )
Location of Center Of Pressure: ( 0.1990700997 0.4851455039 -0.02871391492 )


yPlus yPlus execute:
    patch Bottom y+ : min = 1.291749674, max = 402.1411281, average = 209.2307008
    patch Top y+ : min = 47.77997675, max = 408.9907285, average = 228.7649741
    patch e423_0 y+ : min = 80.86104595, max = 804.4664456, average = 409.96819


################################################################################

Time = 225

Outer Loop Iteration = 225
smoothSolver:  Solving for Ux, Initial residual = 1.921448781e-05, Final residual = 4.251037838e-07, No Iterations 2
smoothSolver:  Solving for Uz, Initial residual = 7.354993656e-06, Final residual = 1.721600196e-07, No Iterations 2
GAMG:  Solving for p, Initial residual = 1.674543764e-05, Final residual = 9.344122457e-08, No Iterations 3
GAMG:  Solving for p, Initial residual = 1.442002958e-06, Final residual = 7.583536745e-09, No Iterations 3
GAMG:  Solving for p, Initial residual = 2.676597012e-07, Final residual = 9.950410357e-10, No Iterations 3
time step continuity errors (region0): sum local = 5.669550222e-11, global = 4.888630216e-12, cumulative = 1.568814119e-07
smoothSolver:  Solving for omega, Initial residual = 4.262411966e-07, Final residual = 3.951667822e-08, No Iterations 1
smoothSolver:  Solving for k, Initial residual = 5.448655183e-07, Final residual = 5.133349594e-08, No Iterations 1

ExecutionTime = 2.95 s  ExecutionStepTime = 0.02 s  ClockTime = 3 s

forces FR write:
    Sum of forces
        Total    : ( 0.3516374916 0 -5.5263266 )
        Pressure : ( 0.3015509631 0 -5.525878818 )
        Viscous  : ( 0.05008652846 0 -0.0004477812197 )
    Sum of moments
        Total    : ( -2.681072503 1.090027111 -0.170595348 )
        Pressure : ( -2.680855264 1.09289982 -0.1462960939 )
        Viscous  : ( -0.0002172390455 -0.002872709204 -0.02429925409 )


liftDrag LD execute:
Viscous drag: 0.004159330788, pressure drag: 0.02504166776, porous drag: 0
Viscous lift: -3.718505296e-05, pressure lift: -0.4588850257, porous lift: 0
Total lift: -0.4589222108, Front lift: -0.1389420884, Rear lift: -0.3199801224, Drag: 0.02920099855
Location of Center of Mass: ( 0.156259772 0.4851455039 -0.03143796203 )
Location of Center Of Pressure: ( 0.1990696724 0.4851455039 -0.02871398875 )


yPlus yPlus execute:
    patch Bottom y+ : min = 1.291671692, max = 402.1359334, average = 209.2305343
    patch Top y+ : min = 47.78046821, max = 408.9859411, average = 228.7628327
    patch e423_0 y+ : min = 80.86191407, max = 804.4678192, average = 409.968759


################################################################################

Time = 226

Outer Loop Iteration = 226
smoothSolver:  Solving for Ux, Initial residual = 1.850300356e-05, Final residual = 4.080986256e-07, No Iterations 2
smoothSolver:  Solving for Uz, Initial residual = 7.1436217e-06, Final residual = 1.680246753e-07, No Iterations 2
GAMG:  Solving for p, Initial residual = 1.623829298e-05, Final residual = 9.160952262e-08, No Iterations 3
GAMG:  Solving for p, Initial residual = 1.392140045e-06, Final residual = 7.479115795e-09, No Iterations 3
GAMG:  Solving for p, Initial residual = 2.572413133e-07, Final residual = 9.925778552e-10, No Iterations 3
time step continuity errors (region0): sum local = 5.655486259e-11, global = 5.231025734e-12, cumulative = 1.568866429e-07
smoothSolver:  Solving for omega, Initial residual = 4.109271e-07, Final residual = 3.807674571e-08, No Iterations 1
smoothSolver:  Solving for k, Initial residual = 5.26009905e-07, Final residual = 4.953442252e-08, No Iterations 1

ExecutionTime = 2.95 s  ExecutionStepTime = 0 s  ClockTime = 3 s

forces FR write:
    Sum of forces
        Total    : ( 0.3516343084 0 -5.526367313 )
        Pressure : ( 0.3015476406 0 -5.525919532 )
        Viscous  : ( 0.05008666781 0 -0.0004477806317 )
    Sum of moments
        Total    : ( -2.681092254 1.090033021 -0.1705938037 )
        Pressure : ( -2.680875016 1.092905743 -0.146294482 )
        Viscous  : ( -0.0002172387602 -0.002872721619 -0.02429932169 )


liftDrag LD execute:
Viscous drag: 0.00415934236, pressure drag: 0.02504139185, porous drag: 0
Viscous lift: -3.718500414e-05, pressure lift: -0.4588884067, porous lift: 0
Total lift: -0.4589255917, Front lift: -0.138943288, Rear lift: -0.3199823037, Drag: 0.02920073421
Location of Center of Mass: ( 0.156259772 0.4851455039 -0.03143796203 )
Location of Center Of Pressure: ( 0.1990692633 0.4851455039 -0.02871405951 )


yPlus yPlus execute:
    patch Bottom y+ : min = 1.291597434, max = 402.1308526, average = 209.2304677
    patch Top y+ : min = 47.78090939, max = 408.9812808, average = 228.760846
    patch e423_0 y+ : min = 80.86274722, max = 804.4691344, average = 409.9693046


################################################################################

Time = 227

Outer Loop Iteration = 227
smoothSolver:  Solving for Ux, Initial residual = 1.78136777e-05, Final residual = 3.91599447e-07, No Iterations 2
smoothSolver:  Solving for Uz, Initial residual = 6.936644389e-06, Final residual = 1.637924924e-07, No Iterations 2
GAMG:  Solving for p, Initial residual = 1.572921107e-05, Final residual = 8.979852806e-08, No Iterations 3
GAMG:  Solving for p, Initial residual = 1.340541597e-06, Final residual = 7.430128174e-09, No Iterations 3
GAMG:  Solving for p, Initial residual = 2.475691064e-07, Final residual = 9.727908063e-10, No Iterations 3
time step continuity errors (region0): sum local = 5.542737705e-11, global = 5.055961036e-12, cumulative = 1.568916989e-07
smoothSolver:  Solving for omega, Initial residual = 3.961072066e-07, Final residual = 3.667122127e-08, No Iterations 1
smoothSolver:  Solving for k, Initial residual = 5.077295073e-07, Final residual = 4.779111588e-08, No Iterations 1

ExecutionTime = 2.96 s  ExecutionStepTime = 0.01 s  ClockTime = 3 s

forces FR write:
    Sum of forces
        Total    : ( 0.3516312617 0 -5.526406607 )
        Pressure : ( 0.3015444601 0 -5.525958827 )
        Viscous  : ( 0.05008680155 0 -0.0004477798969 )
    Sum of moments
        Total    : ( -2.681111318 1.090038738 -0.1705923256 )
        Pressure : ( -2.68089408 1.092911471 -0.146292939 )
        Viscous  : ( -0.0002172384037 -0.002872733582 -0.02429938657 )


liftDrag LD execute:
Viscous drag: 0.004159353466, pressure drag: 0.02504112773, porous drag: 0
Viscous lift: -3.718494311e-05, pressure lift: -0.4588916699, porous lift: 0
Total lift: -0.4589288548, Front lift: -0.1389444449, Rear lift: -0.31998441, Drag: 0.0292004812
Location of Center of Mass: ( 0.156259772 0.4851455039 -0.03143796203 )
Location of Center Of Pressure: ( 0.1990688707 0.4851455039 -0.02871412746 )


yPlus yPlus execute:
    patch Bottom y+ : min = 1.29152701, max = 402.125928, average = 209.2305088
    patch Top y+ : min = 47.78129775, max = 408.9767868, average = 228.7590227
    patch e423_0 y+ : min = 80.86354786, max = 804.4703936, average = 409.9698278


################################################################################

Time = 228

Outer Loop Iteration = 228
smoothSolver:  Solving for Ux, Initial residual = 1.714650098e-05, Final residual = 3.757658862e-07, No Iterations 2
smoothSolver:  Solving for Uz, Initial residual = 6.731437459e-06, Final residual = 1.595052004e-07, No Iterations 2
GAMG:  Solving for p, Initial residual = 1.521799572e-05, Final residual = 8.721204109e-08, No Iterations 3
GAMG:  Solving for p, Initial residual = 1.294435487e-06, Final residual = 7.331448811e-09, No Iterations 3
GAMG:  Solving for p, Initial residual = 2.38835739e-07, Final residual = 9.522165777e-10, No Iterations 3
time step continuity errors (region0): sum local = 5.425508608e-11, global = 4.863244993e-12, cumulative = 1.568965621e-07
smoothSolver:  Solving for omega, Initial residual = 3.815685164e-07, Final residual = 3.529649751e-08, No Iterations 1
smoothSolver:  Solving for k, Initial residual = 4.899860473e-07, Final residual = 4.61043171e-08, No Iterations 1

ExecutionTime = 2.98 s  ExecutionStepTime = 0.02 s  ClockTime = 3 s

forces FR write:
    Sum of forces
        Total    : ( 0.351628366 0 -5.526444946 )
        Pressure : ( 0.3015414373 0 -5.525997167 )
        Viscous  : ( 0.05008692864 0 -0.0004477782828 )
    Sum of moments
        Total    : ( -2.681129918 1.090044324 -0.1705909208 )
        Pressure : ( -2.68091268 1.092917069 -0.1462914725 )
        Viscous  : ( -0.0002172376206 -0.002872745074 -0.02429944823 )


liftDrag LD execute:
Viscous drag: 0.00415936402, pressure drag: 0.02504087671, porous drag: 0
Viscous lift: -3.718480907e-05, pressure lift: -0.4588948538, porous lift: 0
Total lift: -0.4589320386, Front lift: -0.1389455729, Rear lift: -0.3199864657, Drag: 0.02920024073
Location of Center of Mass: ( 0.156259772 0.4851455039 -0.03143796203 )
Location of Center Of Pressure: ( 0.1990684896 0.4851455039 -0.02871419303 )


yPlus yPlus execute:
    patch Bottom y+ : min = 1.291460498, max = 402.1211967, average = 209.2306644
    patch Top y+ : min = 47.78163442, max = 408.9724941, average = 228.75737
    patch e423_0 y+ : min = 80.86432788, max = 804.4715926, average = 409.9703257


################################################################################

Time = 229

Outer Loop Iteration = 229
smoothSolver:  Solving for Ux, Initial residual = 1.649674884e-05, Final residual = 3.604820636e-07, No Iterations 2
smoothSolver:  Solving for Uz, Initial residual = 6.534081703e-06, Final residual = 1.558101016e-07, No Iterations 2
GAMG:  Solving for p, Initial residual = 1.470175452e-05, Final residual = 8.503026722e-08, No Iterations 3
GAMG:  Solving for p, Initial residual = 1.253550564e-06, Final residual = 7.206225216e-09, No Iterations 3
GAMG:  Solving for p, Initial residual = 2.30819764e-07, Final residual = 9.368352216e-10, No Iterations 3
time step continuity errors (region0): sum local = 5.337837367e-11, global = 4.850568728e-12, cumulative = 1.569014127e-07
smoothSolver:  Solving for omega, Initial residual = 3.67228661e-07, Final residual = 3.395248179e-08, No Iterations 1
smoothSolver:  Solving for k, Initial residual = 4.727613653e-07, Final residual = 4.447829196e-08, No Iterations 1

ExecutionTime = 2.98 s  ExecutionStepTime = 0 s  ClockTime = 3 s

forces FR write:
    Sum of forces
        Total    : ( 0.3516256135 0 -5.526481904 )
        Pressure : ( 0.3015385646 0 -5.526034129 )
        Viscous  : ( 0.05008704888 0 -0.000447775668 )
    Sum of moments
        Total    : ( -2.681147848 1.09004972 -0.1705895854 )
        Pressure : ( -2.680930612 1.092922476 -0.1462900789 )
        Viscous  : ( -0.000217236352 -0.002872756091 -0.02429950657 )


liftDrag LD execute:
Viscous drag: 0.004159374005, pressure drag: 0.02504063816, porous drag: 0
Viscous lift: -3.718459193e-05, pressure lift: -0.4588979231, porous lift: 0
Total lift: -0.4589351077, Front lift: -0.1389466594, Rear lift: -0.3199884484, Drag: 0.02920001216
Location of Center of Mass: ( 0.156259772 0.4851455039 -0.03143796203 )
Location of Center Of Pressure: ( 0.1990681244 0.4851455039 -0.02871425581 )


yPlus yPlus execute:
    patch Bottom y+ : min = 1.291397956, max = 402.116691, average = 209.2309368
    patch Top y+ : min = 47.7819173, max = 408.9684343, average = 228.7558923
    patch e423_0 y+ : min = 80.86507445, max = 804.4727348, average = 409.9707978


################################################################################

Time = 230

Outer Loop Iteration = 230
smoothSolver:  Solving for Ux, Initial residual = 1.58702925e-05, Final residual = 3.456666834e-07, No Iterations 2
smoothSolver:  Solving for Uz, Initial residual = 6.347677163e-06, Final residual = 1.521797307e-07, No Iterations 2
GAMG:  Solving for p, Initial residual = 1.418782283e-05, Final residual = 8.279037964e-08, No Iterations 3
GAMG:  Solving for p, Initial residual = 1.213202091e-06, Final residual = 7.092695302e-09, No Iterations 3
GAMG:  Solving for p, Initial residual = 2.233444847e-07, Final residual = 9.193542586e-10, No Iterations 3
time step continuity errors (region0): sum local = 5.238223907e-11, global = 4.705610007e-12, cumulative = 1.569061183e-07
smoothSolver:  Solving for omega, Initial residual = 3.532170443e-07, Final residual = 3.265267026e-08, No Iterations 1
smoothSolver:  Solving for k, Initial residual = 4.56095632e-07, Final residual = 4.290409144e-08, No Iterations 1

ExecutionTime = 2.99 s  ExecutionStepTime = 0.01 s  ClockTime = 3 s

forces FR write:
    Sum of forces
        Total    : ( 0.3516229841 0 -5.526517193 )
        Pressure : ( 0.3015358211 0 -5.526069421 )
        Viscous  : ( 0.05008716304 0 -0.0004477725655 )
    Sum of moments
        Total    : ( -2.681164968 1.090054887 -0.1705883098 )
        Pressure : ( -2.680947733 1.092927654 -0.1462887478 )
        Viscous  : ( -0.0002172348469 -0.002872766656 -0.02429956195 )


liftDrag LD execute:
Viscous drag: 0.004159383486, pressure drag: 0.02504041032, porous drag: 0
Viscous lift: -3.718433429e-05, pressure lift: -0.4589008539, porous lift: 0
Total lift: -0.4589380382, Front lift: -0.1389476955, Rear lift: -0.3199903428, Drag: 0.02919979381
Location of Center of Mass: ( 0.156259772 0.4851455039 -0.03143796203 )
Location of Center Of Pressure: ( 0.1990677785 0.4851455039 -0.02871431557 )


yPlus yPlus execute:
    patch Bottom y+ : min = 1.291339408, max = 402.1124379, average = 209.2313271
    patch Top y+ : min = 47.7821445, max = 408.9646343, average = 228.7545924
    patch e423_0 y+ : min = 80.86578065, max = 804.4738235, average = 409.9712468


################################################################################

Time = 231

Outer Loop Iteration = 231
smoothSolver:  Solving for Ux, Initial residual = 1.527141188e-05, Final residual = 3.313084771e-07, No Iterations 2
smoothSolver:  Solving for Uz, Initial residual = 6.169515134e-06, Final residual = 1.486058824e-07, No Iterations 2
GAMG:  Solving for p, Initial residual = 1.368540464e-05, Final residual = 8.075663598e-08, No Iterations 3
GAMG:  Solving for p, Initial residual = 1.176000842e-06, Final residual = 6.997094316e-09, No Iterations 3
GAMG:  Solving for p, Initial residual = 2.16482529e-07, Final residual = 9.049756057e-10, No Iterations 3
time step continuity errors (region0): sum local = 5.15627951e-11, global = 4.587055721e-12, cumulative = 1.569107054e-07
smoothSolver:  Solving for omega, Initial residual = 3.396007415e-07, Final residual = 3.13928031e-08, No Iterations 1
smoothSolver:  Solving for k, Initial residual = 4.399850031e-07, Final residual = 4.138128703e-08, No Iterations 1

ExecutionTime = 3.01 s  ExecutionStepTime = 0.02 s  ClockTime = 3 s

forces FR write:
    Sum of forces
        Total    : ( 0.3516204595 0 -5.526551152 )
        Pressure : ( 0.3015331879 0 -5.526103383 )
        Viscous  : ( 0.0500872716 0 -0.000447769229 )
    Sum of moments
        Total    : ( -2.681181443 1.090059872 -0.170587085 )
        Pressure : ( -2.68096421 1.092932649 -0.1462874704 )
        Viscous  : ( -0.0002172332282 -0.002872776783 -0.02429961462 )


liftDrag LD execute:
Viscous drag: 0.0041593925, pressure drag: 0.02504019165, porous drag: 0
Viscous lift: -3.718405722e-05, pressure lift: -0.4589036742, porous lift: 0
Total lift: -0.4589408582, Front lift: -0.1389486915, Rear lift: -0.3199921667, Drag: 0.02919958415
Location of Center of Mass: ( 0.156259772 0.4851455039 -0.03143796203 )
Location of Center Of Pressure: ( 0.1990674478 0.4851455039 -0.02871437291 )


yPlus yPlus execute:
    patch Bottom y+ : min = 1.291284828, max = 402.1084593, average = 209.2318366
    patch Top y+ : min = 47.7823167, max = 408.9611206, average = 228.7534711
    patch e423_0 y+ : min = 80.86645829, max = 804.474857, average = 409.9716746


################################################################################

Time = 232

Outer Loop Iteration = 232
smoothSolver:  Solving for Ux, Initial residual = 1.47073887e-05, Final residual = 3.176600144e-07, No Iterations 2
smoothSolver:  Solving for Uz, Initial residual = 5.998157764e-06, Final residual = 1.451791292e-07, No Iterations 2
GAMG:  Solving for p, Initial residual = 1.318811122e-05, Final residual = 7.878034721e-08, No Iterations 3
GAMG:  Solving for p, Initial residual = 1.142109719e-06, Final residual = 6.937767218e-09, No Iterations 3
GAMG:  Solving for p, Initial residual = 2.099216439e-07, Final residual = 9.207272911e-10, No Iterations 3
time step continuity errors (region0): sum local = 5.246005085e-11, global = 5.160399693e-12, cumulative = 1.569158658e-07
smoothSolver:  Solving for omega, Initial residual = 3.264264316e-07, Final residual = 3.016366846e-08, No Iterations 1
smoothSolver:  Solving for k, Initial residual = 4.243918848e-07, Final residual = 3.991143184e-08, No Iterations 1

ExecutionTime = 3.01 s  ExecutionStepTime = 0 s  ClockTime = 3 s

forces FR write:
    Sum of forces
        Total    : ( 0.3516180177 0 -5.526583941 )
        Pressure : ( 0.3015306427 0 -5.526136176 )
        Viscous  : ( 0.05008737495 0 -0.0004477658351 )
    Sum of moments
        Total    : ( -2.681197351 1.090064689 -0.1705859004 )
        Pressure : ( -2.680980119 1.092937476 -0.1462862356 )
        Viscous  : ( -0.0002172315817 -0.002872786487 -0.02429966476 )


liftDrag LD execute:
Viscous drag: 0.004159401083, pressure drag: 0.0250399803, porous drag: 0
Viscous lift: -3.718377538e-05, pressure lift: -0.4589063974, porous lift: 0
Total lift: -0.4589435812, Front lift: -0.1389496529, Rear lift: -0.3199939282, Drag: 0.02919938138
Location of Center of Mass: ( 0.156259772 0.4851455039 -0.03143796203 )
Location of Center Of Pressure: ( 0.1990671292 0.4851455039 -0.02871442825 )


yPlus yPlus execute:
    patch Bottom y+ : min = 1.291234168, max = 402.1047734, average = 209.2324642
    patch Top y+ : min = 47.78243481, max = 408.9579111, average = 228.7525276
    patch e423_0 y+ : min = 80.86711362, max = 804.475837, average = 409.9720825


################################################################################

Time = 233

Outer Loop Iteration = 233
smoothSolver:  Solving for Ux, Initial residual = 1.41694682e-05, Final residual = 3.045774744e-07, No Iterations 2
smoothSolver:  Solving for Uz, Initial residual = 5.83194298e-06, Final residual = 1.414673693e-07, No Iterations 2
GAMG:  Solving for p, Initial residual = 1.270247765e-05, Final residual = 7.682771266e-08, No Iterations 3
GAMG:  Solving for p, Initial residual = 1.111464318e-06, Final residual = 6.830368631e-09, No Iterations 3
GAMG:  Solving for p, Initial residual = 2.040484186e-07, Final residual = 9.058930906e-10, No Iterations 3
time step continuity errors (region0): sum local = 5.161485219e-11, global = 5.061804219e-12, cumulative = 1.569209276e-07
smoothSolver:  Solving for omega, Initial residual = 3.137020924e-07, Final residual = 2.896616514e-08, No Iterations 1
smoothSolver:  Solving for k, Initial residual = 4.093162514e-07, Final residual = 3.849043217e-08, No Iterations 1

ExecutionTime = 3.02 s  ExecutionStepTime = 0.01 s  ClockTime = 3 s

forces FR write:
    Sum of forces
        Total    : ( 0.3516156472 0 -5.52661565 )
        Pressure : ( 0.3015281738 0 -5.526167888 )
        Viscous  : ( 0.05008747345 0 -0.0004477625082 )
    Sum of moments
        Total    : ( -2.681212734 1.090069349 -0.1705847503 )
        Pressure : ( -2.680995504 1.092942145 -0.1462850378 )
        Viscous  : ( -0.0002172299677 -0.002872795777 -0.02429971254 )


liftDrag LD execute:
Viscous drag: 0.004159409263, pressure drag: 0.02503977527, porous drag: 0
Viscous lift: -3.718349911e-05, pressure lift: -0.4589090309, porous lift: 0
Total lift: -0.4589462144, Front lift: -0.1389505826, Rear lift: -0.3199956318, Drag: 0.02919918453
Location of Center of Mass: ( 0.156259772 0.4851455039 -0.03143796203 )
Location of Center Of Pressure: ( 0.1990668213 0.4851455039 -0.02871448182 )


yPlus yPlus execute:
    patch Bottom y+ : min = 1.291187364, max = 402.1013939, average = 209.2332085
    patch Top y+ : min = 47.7825001, max = 408.9550179, average = 228.7517593
    patch e423_0 y+ : min = 80.86774969, max = 804.4767651, average = 409.9724717


################################################################################

Time = 234

Outer Loop Iteration = 234
smoothSolver:  Solving for Ux, Initial residual = 1.364917091e-05, Final residual = 2.91818979e-07, No Iterations 2
smoothSolver:  Solving for Uz, Initial residual = 5.676314126e-06, Final residual = 1.37792879e-07, No Iterations 2
GAMG:  Solving for p, Initial residual = 1.22292454e-05, Final residual = 7.4955703e-08, No Iterations 3
GAMG:  Solving for p, Initial residual = 1.082971797e-06, Final residual = 6.72497534e-09, No Iterations 3
GAMG:  Solving for p, Initial residual = 1.987905612e-07, Final residual = 8.912345636e-10, No Iterations 3
time step continuity errors (region0): sum local = 5.077948165e-11, global = 4.979852529e-12, cumulative = 1.569259074e-07
smoothSolver:  Solving for omega, Initial residual = 3.013756458e-07, Final residual = 2.780633083e-08, No Iterations 1
smoothSolver:  Solving for k, Initial residual = 3.947472419e-07, Final residual = 3.711718424e-08, No Iterations 1

ExecutionTime = 3.03 s  ExecutionStepTime = 0.01 s  ClockTime = 3 s

forces FR write:
    Sum of forces
        Total    : ( 0.3516133411 0 -5.526646341 )
        Pressure : ( 0.3015257737 0 -5.526198582 )
        Viscous  : ( 0.05008756737 0 -0.0004477593352 )
    Sum of moments
        Total    : ( -2.681227624 1.090073858 -0.1705836315 )
        Pressure : ( -2.681010395 1.092946663 -0.1462838734 )
        Viscous  : ( -0.0002172284283 -0.002872804665 -0.02429975811 )


liftDrag LD execute:
Viscous drag: 0.004159417062, pressure drag: 0.02503957596, porous drag: 0
Viscous lift: -3.718323561e-05, pressure lift: -0.4589115798, porous lift: 0
Total lift: -0.4589487631, Front lift: -0.1389514825, Rear lift: -0.3199972806, Drag: 0.02919899302
Location of Center of Mass: ( 0.156259772 0.4851455039 -0.03143796203 )
Location of Center Of Pressure: ( 0.1990665231 0.4851455039 -0.02871453378 )


yPlus yPlus execute:
    patch Bottom y+ : min = 1.291144343, max = 402.09833, average = 209.2340654
    patch Top y+ : min = 47.78251489, max = 408.9524493, average = 228.7511625
    patch e423_0 y+ : min = 80.86836775, max = 804.4776433, average = 409.9728434


################################################################################

Time = 235

Outer Loop Iteration = 235
smoothSolver:  Solving for Ux, Initial residual = 1.314666517e-05, Final residual = 2.794032605e-07, No Iterations 2
smoothSolver:  Solving for Uz, Initial residual = 5.527804914e-06, Final residual = 1.343868783e-07, No Iterations 2
GAMG:  Solving for p, Initial residual = 1.175924947e-05, Final residual = 7.273928505e-08, No Iterations 3
GAMG:  Solving for p, Initial residual = 1.091105428e-06, Final residual = 6.727664721e-09, No Iterations 3
GAMG:  Solving for p, Initial residual = 2.0020294e-07, Final residual = 8.260716361e-10, No Iterations 3
time step continuity errors (region0): sum local = 4.706654265e-11, global = 4.473005859e-12, cumulative = 1.569303804e-07
smoothSolver:  Solving for omega, Initial residual = 2.894540995e-07, Final residual = 2.66971288e-08, No Iterations 1
smoothSolver:  Solving for k, Initial residual = 3.806596765e-07, Final residual = 3.579290878e-08, No Iterations 1

ExecutionTime = 3.05 s  ExecutionStepTime = 0.02 s  ClockTime = 3 s

forces FR write:
    Sum of forces
        Total    : ( 0.3516110941 0 -5.526676064 )
        Pressure : ( 0.3015234372 0 -5.526228307 )
        Viscous  : ( 0.05008765697 0 -0.0004477563741 )
    Sum of moments
        Total    : ( -2.681242044 1.090078223 -0.1705825414 )
        Pressure : ( -2.681024817 1.092951037 -0.1462827398 )
        Viscous  : ( -0.0002172269917 -0.002872813163 -0.02429980158 )


liftDrag LD execute:
Viscous drag: 0.004159424503, pressure drag: 0.02503938193, porous drag: 0
Viscous lift: -3.718298971e-05, pressure lift: -0.4589140483, porous lift: 0
Total lift: -0.4589512313, Front lift: -0.1389523541, Rear lift: -0.3199988772, Drag: 0.02919880643
Location of Center of Mass: ( 0.156259772 0.4851455039 -0.03143796203 )
Location of Center Of Pressure: ( 0.1990662339 0.4851455039 -0.02871458423 )


yPlus yPlus execute:
    patch Bottom y+ : min = 1.291105021, max = 402.0955829, average = 209.2350289
    patch Top y+ : min = 47.78248029, max = 408.9502113, average = 228.7507305
    patch e423_0 y+ : min = 80.86896846, max = 804.4784734, average = 409.9731984


################################################################################

Time = 236

Outer Loop Iteration = 236
smoothSolver:  Solving for Ux, Initial residual = 1.265559516e-05, Final residual = 2.676368514e-07, No Iterations 2
smoothSolver:  Solving for Uz, Initial residual = 5.386180859e-06, Final residual = 1.309130443e-07, No Iterations 2
GAMG:  Solving for p, Initial residual = 1.130451529e-05, Final residual = 7.068235748e-08, No Iterations 3
GAMG:  Solving for p, Initial residual = 1.085384595e-06, Final residual = 6.709263074e-09, No Iterations 3
GAMG:  Solving for p, Initial residual = 2.013759077e-07, Final residual = 7.807938004e-10, No Iterations 3
time step continuity errors (region0): sum local = 4.448670118e-11, global = 2.980428986e-12, cumulative = 1.569333608e-07
smoothSolver:  Solving for omega, Initial residual = 2.779397969e-07, Final residual = 2.562730046e-08, No Iterations 1
smoothSolver:  Solving for k, Initial residual = 3.67052754e-07, Final residual = 3.451507895e-08, No Iterations 1

ExecutionTime = 3.06 s  ExecutionStepTime = 0.01 s  ClockTime = 3 s

forces FR write:
    Sum of forces
        Total    : ( 0.3516089021 0 -5.52670486 )
        Pressure : ( 0.3015211596 0 -5.526257106 )
        Viscous  : ( 0.05008774249 0 -0.0004477536626 )
    Sum of moments
        Total    : ( -2.681256014 1.090082449 -0.170581478 )
        Pressure : ( -2.681038788 1.092955271 -0.1462816349 )
        Viscous  : ( -0.0002172256762 -0.00287282128 -0.02429984307 )


liftDrag LD execute:
Viscous drag: 0.004159431604, pressure drag: 0.0250391928, porous drag: 0
Viscous lift: -3.718276454e-05, pressure lift: -0.4589164398, porous lift: 0
Total lift: -0.4589536226, Front lift: -0.1389531988, Rear lift: -0.3200004238, Drag: 0.0291986244
Location of Center of Mass: ( 0.156259772 0.4851455039 -0.03143796203 )
Location of Center Of Pressure: ( 0.1990659531 0.4851455039 -0.02871463327 )


yPlus yPlus execute:
    patch Bottom y+ : min = 1.291069275, max = 402.0931588, average = 209.2360938
    patch Top y+ : min = 47.78239939, max = 408.948305, average = 228.7504599
    patch e423_0 y+ : min = 80.86955238, max = 804.4792582, average = 409.9735377


################################################################################

Time = 237

Outer Loop Iteration = 237
smoothSolver:  Solving for Ux, Initial residual = 1.218124754e-05, Final residual = 2.564781577e-07, No Iterations 2
smoothSolver:  Solving for Uz, Initial residual = 5.247337598e-06, Final residual = 1.275885963e-07, No Iterations 2
GAMG:  Solving for p, Initial residual = 1.085979089e-05, Final residual = 6.856865607e-08, No Iterations 3
GAMG:  Solving for p, Initial residual = 1.062894956e-06, Final residual = 6.570073734e-09, No Iterations 3
GAMG:  Solving for p, Initial residual = 1.975476053e-07, Final residual = 7.704542379e-10, No Iterations 3
time step continuity errors (region0): sum local = 4.389735575e-11, global = 3.019873483e-12, cumulative = 1.569363807e-07
smoothSolver:  Solving for omega, Initial residual = 2.668405213e-07, Final residual = 2.459157366e-08, No Iterations 1
smoothSolver:  Solving for k, Initial residual = 3.539073169e-07, Final residual = 3.32836771e-08, No Iterations 1

ExecutionTime = 3.08 s  ExecutionStepTime = 0.02 s  ClockTime = 3 s

forces FR write:
    Sum of forces
        Total    : ( 0.3516067616 0 -5.526732775 )
        Pressure : ( 0.3015189375 0 -5.526285024 )
        Viscous  : ( 0.05008782412 0 -0.0004477512256 )
    Sum of moments
        Total    : ( -2.681269557 1.090086542 -0.1705804395 )
        Pressure : ( -2.681052332 1.092959371 -0.1462805568 )
        Viscous  : ( -0.000217224494 -0.002872829029 -0.02429988267 )


liftDrag LD execute:
Viscous drag: 0.004159438383, pressure drag: 0.02503900826, porous drag: 0
Viscous lift: -3.718256217e-05, pressure lift: -0.4589187582, porous lift: 0
Total lift: -0.4589559408, Front lift: -0.138954018, Rear lift: -0.3200019228, Drag: 0.02919844664
Location of Center of Mass: ( 0.156259772 0.4851455039 -0.03143796203 )
Location of Center Of Pressure: ( 0.19906568 0.4851455039 -0.02871468097 )


yPlus yPlus execute:
    patch Bottom y+ : min = 1.291036967, max = 402.091059, average = 209.2372546
    patch Top y+ : min = 47.78227497, max = 408.946736, average = 228.7503445
    patch e423_0 y+ : min = 80.87012016, max = 804.4800008, average = 409.973862


################################################################################

Time = 238

Outer Loop Iteration = 238
smoothSolver:  Solving for Ux, Initial residual = 1.172275493e-05, Final residual = 2.460364194e-07, No Iterations 2
smoothSolver:  Solving for Uz, Initial residual = 5.116685762e-06, Final residual = 1.242514225e-07, No Iterations 2
GAMG:  Solving for p, Initial residual = 1.042762659e-05, Final residual = 6.652183994e-08, No Iterations 3
GAMG:  Solving for p, Initial residual = 1.039143102e-06, Final residual = 6.456830772e-09, No Iterations 3
GAMG:  Solving for p, Initial residual = 1.934640786e-07, Final residual = 7.623317098e-10, No Iterations 3
time step continuity errors (region0): sum local = 4.34344853e-11, global = 3.017778042e-12, cumulative = 1.569393985e-07
smoothSolver:  Solving for omega, Initial residual = 2.56144877e-07, Final residual = 2.359189793e-08, No Iterations 1
smoothSolver:  Solving for k, Initial residual = 3.411991655e-07, Final residual = 3.209698935e-08, No Iterations 1

ExecutionTime = 3.09 s  ExecutionStepTime = 0.01 s  ClockTime = 3 s

forces FR write:
    Sum of forces
        Total    : ( 0.3516046688 0 -5.526759827 )
        Pressure : ( 0.3015167667 0 -5.526312078 )
        Viscous  : ( 0.05008790206 0 -0.0004477490769 )
    Sum of moments
        Total    : ( -2.681282681 1.090090504 -0.1705794242 )
        Pressure : ( -2.681065458 1.09296334 -0.1462795037 )
        Viscous  : ( -0.0002172234515 -0.002872836421 -0.02429992048 )


liftDrag LD execute:
Viscous drag: 0.004159444856, pressure drag: 0.02503882799, porous drag: 0
Viscous lift: -3.718238373e-05, pressure lift: -0.4589210049, porous lift: 0
Total lift: -0.4589581872, Front lift: -0.1389548123, Rear lift: -0.320003375, Drag: 0.02919827285
Location of Center of Mass: ( 0.156259772 0.4851455039 -0.03143796203 )
Location of Center Of Pressure: ( 0.1990654145 0.4851455039 -0.0287147274 )


yPlus yPlus execute:
    patch Bottom y+ : min = 1.291007959, max = 402.0892871, average = 209.2385037
    patch Top y+ : min = 47.78210962, max = 408.9454989, average = 228.7503749
    patch e423_0 y+ : min = 80.87067267, max = 804.4807048, average = 409.974172


################################################################################

Time = 239

Outer Loop Iteration = 239
smoothSolver:  Solving for Ux, Initial residual = 1.12903485e-05, Final residual = 2.364270775e-07, No Iterations 2
smoothSolver:  Solving for Uz, Initial residual = 4.991178708e-06, Final residual = 1.207166984e-07, No Iterations 2
GAMG:  Solving for p, Initial residual = 1.000780426e-05, Final residual = 6.442104586e-08, No Iterations 3
GAMG:  Solving for p, Initial residual = 1.013360478e-06, Final residual = 5.993553637e-09, No Iterations 3
GAMG:  Solving for p, Initial residual = 2.005731545e-07, Final residual = 7.893566535e-10, No Iterations 3
time step continuity errors (region0): sum local = 4.497417762e-11, global = 3.906571339e-12, cumulative = 1.569433051e-07
smoothSolver:  Solving for omega, Initial residual = 2.458491493e-07, Final residual = 2.263522826e-08, No Iterations 1
smoothSolver:  Solving for k, Initial residual = 3.289175432e-07, Final residual = 3.095184498e-08, No Iterations 1

ExecutionTime = 3.11 s  ExecutionStepTime = 0.02 s  ClockTime = 3 s

forces FR write:
    Sum of forces
        Total    : ( 0.3516026207 0 -5.52678605 )
        Pressure : ( 0.3015146442 0 -5.526338302 )
        Viscous  : ( 0.05008797649 0 -0.0004477472241 )
    Sum of moments
        Total    : ( -2.681295403 1.090094339 -0.1705784306 )
        Pressure : ( -2.68107818 1.092967182 -0.146278474 )
        Viscous  : ( -0.0002172225526 -0.002872843466 -0.02429995659 )


liftDrag LD execute:
Viscous drag: 0.004159451037, pressure drag: 0.02503865173, porous drag: 0
Viscous lift: -3.718222987e-05, pressure lift: -0.4589231826, porous lift: 0
Total lift: -0.4589603648, Front lift: -0.1389555826, Rear lift: -0.3200047822, Drag: 0.02919810277
Location of Center of Mass: ( 0.156259772 0.4851455039 -0.03143796203 )
Location of Center Of Pressure: ( 0.1990651562 0.4851455039 -0.02871477262 )


yPlus yPlus execute:
    patch Bottom y+ : min = 1.290982092, max = 402.08785, average = 209.2398309
    patch Top y+ : min = 47.78190943, max = 408.9445742, average = 228.7505444
    patch e423_0 y+ : min = 80.87121057, max = 804.4813739, average = 409.9744685


################################################################################

Time = 240

Outer Loop Iteration = 240
smoothSolver:  Solving for Ux, Initial residual = 1.086975884e-05, Final residual = 2.27067088e-07, No Iterations 2
smoothSolver:  Solving for Uz, Initial residual = 4.85588427e-06, Final residual = 1.173362853e-07, No Iterations 2
GAMG:  Solving for p, Initial residual = 9.595011916e-06, Final residual = 6.239649003e-08, No Iterations 3
GAMG:  Solving for p, Initial residual = 1.05026087e-06, Final residual = 5.67545015e-09, No Iterations 3
GAMG:  Solving for p, Initial residual = 2.358662531e-07, Final residual = 2.109101707e-09, No Iterations 2
time step continuity errors (region0): sum local = 1.201673433e-10, global = -1.049295201e-11, cumulative = 1.569328121e-07
smoothSolver:  Solving for omega, Initial residual = 2.359731531e-07, Final residual = 2.173183142e-08, No Iterations 1
smoothSolver:  Solving for k, Initial residual = 3.170455209e-07, Final residual = 2.984582953e-08, No Iterations 1

ExecutionTime = 3.12 s  ExecutionStepTime = 0.01 s  ClockTime = 3 s

forces FR write:
    Sum of forces
        Total    : ( 0.3516006165 0 -5.526811467 )
        Pressure : ( 0.3015125689 0 -5.526363721 )
        Viscous  : ( 0.05008804758 0 -0.0004477456708 )
    Sum of moments
        Total    : ( -2.681307734 1.09009805 -0.1705774582 )
        Pressure : ( -2.681090512 1.0929709 -0.1462774672 )
        Viscous  : ( -0.0002172217991 -0.002872850178 -0.02429999108 )


liftDrag LD execute:
Viscous drag: 0.00415945694, pressure drag: 0.02503847939, porous drag: 0
Viscous lift: -3.718210088e-05, pressure lift: -0.4589252935, porous lift: 0
Total lift: -0.4589624756, Front lift: -0.1389563298, Rear lift: -0.3200061458, Drag: 0.02919793633
Location of Center of Mass: ( 0.156259772 0.4851455039 -0.03143796203 )
Location of Center Of Pressure: ( 0.1990649045 0.4851455039 -0.02871481668 )


yPlus yPlus execute:
    patch Bottom y+ : min = 1.290959201, max = 402.0867055, average = 209.2412055
    patch Top y+ : min = 47.78167127, max = 408.9439519, average = 228.7508679
    patch e423_0 y+ : min = 80.87173455, max = 804.4820117, average = 409.9747519


################################################################################

Time = 241

Outer Loop Iteration = 241
smoothSolver:  Solving for Ux, Initial residual = 1.046592051e-05, Final residual = 2.183771268e-07, No Iterations 2
smoothSolver:  Solving for Uz, Initial residual = 4.745161827e-06, Final residual = 1.138199018e-07, No Iterations 2
GAMG:  Solving for p, Initial residual = 9.261333117e-06, Final residual = 6.064239542e-08, No Iterations 3
GAMG:  Solving for p, Initial residual = 1.035172612e-06, Final residual = 5.602501108e-09, No Iterations 3
GAMG:  Solving for p, Initial residual = 2.315523761e-07, Final residual = 2.104379108e-09, No Iterations 2
time step continuity errors (region0): sum local = 1.198977562e-10, global = -1.034283175e-11, cumulative = 1.569224693e-07
smoothSolver:  Solving for omega, Initial residual = 2.264722471e-07, Final residual = 2.086151041e-08, No Iterations 1
smoothSolver:  Solving for k, Initial residual = 3.05577698e-07, Final residual = 2.877835123e-08, No Iterations 1

ExecutionTime = 3.12 s  ExecutionStepTime = 0 s  ClockTime = 3 s

forces FR write:
    Sum of forces
        Total    : ( 0.3515986499 0 -5.52683613 )
        Pressure : ( 0.3015105344 0 -5.526388386 )
        Viscous  : ( 0.05008811549 0 -0.0004477444188 )
    Sum of moments
        Total    : ( -2.681319699 1.090101645 -0.1705765042 )
        Pressure : ( -2.681102478 1.092974501 -0.1462764802 )
        Viscous  : ( -0.0002172211916 -0.002872856566 -0.02430002403 )


liftDrag LD execute:
Viscous drag: 0.00415946258, pressure drag: 0.02503831045, porous drag: 0
Viscous lift: -3.718199691e-05, pressure lift: -0.4589273417, porous lift: 0
Total lift: -0.4589645237, Front lift: -0.1389570553, Rear lift: -0.3200074684, Drag: 0.02919777303
Location of Center of Mass: ( 0.156259772 0.4851455039 -0.03143796203 )
Location of Center Of Pressure: ( 0.1990646592 0.4851455039 -0.02871485967 )


yPlus yPlus execute:
    patch Bottom y+ : min = 1.290939145, max = 402.0857452, average = 209.2426316
    patch Top y+ : min = 47.78140507, max = 408.9436022, average = 228.7513045
    patch e423_0 y+ : min = 80.87224516, max = 804.4826211, average = 409.975023


################################################################################

Time = 242

Outer Loop Iteration = 242
smoothSolver:  Solving for Ux, Initial residual = 1.007546035e-05, Final residual = 2.100505022e-07, No Iterations 2
smoothSolver:  Solving for Uz, Initial residual = 4.62414015e-06, Final residual = 1.10044726e-07, No Iterations 2
GAMG:  Solving for p, Initial residual = 8.903820199e-06, Final residual = 5.852170688e-08, No Iterations 3
GAMG:  Solving for p, Initial residual = 1.008236324e-06, Final residual = 5.475854231e-09, No Iterations 3
GAMG:  Solving for p, Initial residual = 2.239072693e-07, Final residual = 2.069363907e-09, No Iterations 2
time step continuity errors (region0): sum local = 1.179024419e-10, global = -8.630477276e-12, cumulative = 1.569138388e-07
smoothSolver:  Solving for omega, Initial residual = 2.173411493e-07, Final residual = 2.002229016e-08, No Iterations 1
smoothSolver:  Solving for k, Initial residual = 2.945114061e-07, Final residual = 2.774793437e-08, No Iterations 1

ExecutionTime = 3.14 s  ExecutionStepTime = 0.01 s  ClockTime = 3 s

forces FR write:
    Sum of forces
        Total    : ( 0.3515967215 0 -5.526860037 )
        Pressure : ( 0.3015085411 0 -5.526412294 )
        Viscous  : ( 0.05008818038 0 -0.0004477434666 )
    Sum of moments
        Total    : ( -2.681331297 1.090105122 -0.1705755686 )
        Pressure : ( -2.681114077 1.092977985 -0.1462755131 )
        Viscous  : ( -0.0002172207297 -0.002872862643 -0.02430005551 )


liftDrag LD execute:
Viscous drag: 0.004159467968, pressure drag: 0.02503814491, porous drag: 0
Viscous lift: -3.718191783e-05, pressure lift: -0.4589293271, porous lift: 0
Total lift: -0.458966509, Front lift: -0.1389577592, Rear lift: -0.3200087498, Drag: 0.02919761288
Location of Center of Mass: ( 0.156259772 0.4851455039 -0.03143796203 )
Location of Center Of Pressure: ( 0.1990644199 0.4851455039 -0.02871490161 )


yPlus yPlus execute:
    patch Bottom y+ : min = 1.290921712, max = 402.085097, average = 209.2441118
    patch Top y+ : min = 47.78111437, max = 408.9434601, average = 228.7518297
    patch e423_0 y+ : min = 80.87274326, max = 804.4832048, average = 409.9752824


################################################################################

Time = 243

Outer Loop Iteration = 243
smoothSolver:  Solving for Ux, Initial residual = 9.701334586e-06, Final residual = 2.019920676e-07, No Iterations 2
smoothSolver:  Solving for Uz, Initial residual = 4.496760146e-06, Final residual = 1.062785784e-07, No Iterations 2
GAMG:  Solving for p, Initial residual = 8.548419779e-06, Final residual = 5.642855945e-08, No Iterations 3
GAMG:  Solving for p, Initial residual = 9.822005103e-07, Final residual = 5.33095243e-09, No Iterations 3
GAMG:  Solving for p, Initial residual = 2.173611947e-07, Final residual = 2.034489886e-09, No Iterations 2
time step continuity errors (region0): sum local = 1.159150591e-10, global = -7.324875827e-12, cumulative = 1.569065139e-07
smoothSolver:  Solving for omega, Initial residual = 2.085675311e-07, Final residual = 1.921623874e-08, No Iterations 1
smoothSolver:  Solving for k, Initial residual = 2.838253423e-07, Final residual = 2.675551483e-08, No Iterations 1

ExecutionTime = 3.15 s  ExecutionStepTime = 0.01 s  ClockTime = 3 s

forces FR write:
    Sum of forces
        Total    : ( 0.351594829 0 -5.526883219 )
        Pressure : ( 0.3015065866 0 -5.526435476 )
        Viscous  : ( 0.0500882424 0 -0.0004477428086 )
    Sum of moments
        Total    : ( -2.681342544 1.090108486 -0.1705746504 )
        Pressure : ( -2.681125324 1.092981354 -0.1462745649 )
        Viscous  : ( -0.0002172204105 -0.002872868421 -0.02430008559 )


liftDrag LD execute:
Viscous drag: 0.004159473118, pressure drag: 0.0250379826, porous drag: 0
Viscous lift: -3.718186319e-05, pressure lift: -0.4589312522, porous lift: 0
Total lift: -0.4589684341, Front lift: -0.1389584424, Rear lift: -0.3200099917, Drag: 0.02919745572
Location of Center of Mass: ( 0.156259772 0.4851455039 -0.03143796203 )
Location of Center Of Pressure: ( 0.1990641864 0.4851455039 -0.02871494254 )


yPlus yPlus execute:
    patch Bottom y+ : min = 1.290906649, max = 402.0847762, average = 209.2456401
    patch Top y+ : min = 47.78080082, max = 408.9434782, average = 228.7524335
    patch e423_0 y+ : min = 80.87322923, max = 804.4837648, average = 409.9755306


################################################################################

Time = 244

Outer Loop Iteration = 244
smoothSolver:  Solving for Ux, Initial residual = 9.341146611e-06, Final residual = 1.942622492e-07, No Iterations 2
smoothSolver:  Solving for Uz, Initial residual = 4.36686216e-06, Final residual = 1.022413953e-07, No Iterations 2
GAMG:  Solving for p, Initial residual = 8.221864104e-06, Final residual = 5.458786119e-08, No Iterations 3
GAMG:  Solving for p, Initial residual = 9.566011981e-07, Final residual = 5.179717544e-09, No Iterations 3
GAMG:  Solving for p, Initial residual = 2.112240773e-07, Final residual = 1.981985405e-09, No Iterations 2
time step continuity errors (region0): sum local = 1.129233741e-10, global = -6.937953634e-12, cumulative = 1.56899576e-07
smoothSolver:  Solving for omega, Initial residual = 2.001743384e-07, Final residual = 1.844482429e-08, No Iterations 1
smoothSolver:  Solving for k, Initial residual = 2.735083763e-07, Final residual = 2.579921413e-08, No Iterations 1

ExecutionTime = 3.15 s  ExecutionStepTime = 0 s  ClockTime = 3 s

forces FR write:
    Sum of forces
        Total    : ( 0.3515929703 0 -5.526905698 )
        Pressure : ( 0.3015046686 0 -5.526457956 )
        Viscous  : ( 0.05008830169 0 -0.0004477424369 )
    Sum of moments
        Total    : ( -2.68135345 1.09011174 -0.1705737487 )
        Pressure : ( -2.68113623 1.092984614 -0.1462736344 )
        Viscous  : ( -0.0002172202302 -0.002872873911 -0.02430011436 )


liftDrag LD execute:
Viscous drag: 0.004159478042, pressure drag: 0.02503782333, porous drag: 0
Viscous lift: -3.718183233e-05, pressure lift: -0.458933119, porous lift: 0
Total lift: -0.4589703008, Front lift: -0.1389591056, Rear lift: -0.3200111953, Drag: 0.02919730138
Location of Center of Mass: ( 0.156259772 0.4851455039 -0.03143796203 )
Location of Center Of Pressure: ( 0.1990639584 0.4851455039 -0.02871498251 )


yPlus yPlus execute:
    patch Bottom y+ : min = 1.290893744, max = 402.0847513, average = 209.2472065
    patch Top y+ : min = 47.78046747, max = 408.9436364, average = 228.7531099
    patch e423_0 y+ : min = 80.87370348, max = 804.4843027, average = 409.9757682


################################################################################

Time = 245

Outer Loop Iteration = 245
smoothSolver:  Solving for Ux, Initial residual = 8.99160987e-06, Final residual = 1.867587073e-07, No Iterations 2
smoothSolver:  Solving for Uz, Initial residual = 4.235898344e-06, Final residual = 9.844327018e-08, No Iterations 2
GAMG:  Solving for p, Initial residual = 7.921063746e-06, Final residual = 5.275019953e-08, No Iterations 3
GAMG:  Solving for p, Initial residual = 9.314476425e-07, Final residual = 5.031352263e-09, No Iterations 3
GAMG:  Solving for p, Initial residual = 2.059300254e-07, Final residual = 1.94148582e-09, No Iterations 2
time step continuity errors (region0): sum local = 1.106156666e-10, global = -5.868127352e-12, cumulative = 1.568937078e-07
smoothSolver:  Solving for omega, Initial residual = 1.921355927e-07, Final residual = 1.770311592e-08, No Iterations 1
smoothSolver:  Solving for k, Initial residual = 2.635553598e-07, Final residual = 2.487644178e-08, No Iterations 1

ExecutionTime = 3.17 s  ExecutionStepTime = 0.02 s  ClockTime = 3 s

forces FR write:
    Sum of forces
        Total    : ( 0.3515911441 0 -5.526927494 )
        Pressure : ( 0.3015027857 0 -5.526479752 )
        Viscous  : ( 0.0500883584 0 -0.0004477423413 )
    Sum of moments
        Total    : ( -2.681364024 1.090114886 -0.1705728627 )
        Pressure : ( -2.681146804 1.092987765 -0.1462727209 )
        Viscous  : ( -0.0002172201838 -0.002872879126 -0.02430014187 )


liftDrag LD execute:
Viscous drag: 0.004159482752, pressure drag: 0.02503766697, porous drag: 0
Viscous lift: -3.718182439e-05, pressure lift: -0.458934929, porous lift: 0
Total lift: -0.4589721108, Front lift: -0.1389597492, Rear lift: -0.3200123615, Drag: 0.02919714972
Location of Center of Mass: ( 0.156259772 0.4851455039 -0.03143796203 )
Location of Center Of Pressure: ( 0.1990637357 0.4851455039 -0.02871502156 )


yPlus yPlus execute:
    patch Bottom y+ : min = 1.290882811, max = 402.0849847, average = 209.2488011
    patch Top y+ : min = 47.78011749, max = 408.9439381, average = 228.7538527
    patch e423_0 y+ : min = 80.87416638, max = 804.4848198, average = 409.9759958


################################################################################

Time = 246

Outer Loop Iteration = 246
smoothSolver:  Solving for Ux, Initial residual = 8.650907026e-06, Final residual = 1.795473484e-07, No Iterations 2
smoothSolver:  Solving for Uz, Initial residual = 4.102666318e-06, Final residual = 9.458652452e-08, No Iterations 2
GAMG:  Solving for p, Initial residual = 7.638538834e-06, Final residual = 5.094083552e-08, No Iterations 3
GAMG:  Solving for p, Initial residual = 8.766382152e-07, Final residual = 4.909001814e-09, No Iterations 3
GAMG:  Solving for p, Initial residual = 1.835229205e-07, Final residual = 6.539897528e-10, No Iterations 3
time step continuity errors (region0): sum local = 3.726084063e-11, global = -1.643723388e-12, cumulative = 1.568920641e-07
smoothSolver:  Solving for omega, Initial residual = 1.844240841e-07, Final residual = 1.699061519e-08, No Iterations 1
smoothSolver:  Solving for k, Initial residual = 2.539717702e-07, Final residual = 2.398755757e-08, No Iterations 1

ExecutionTime = 3.18 s  ExecutionStepTime = 0.01 s  ClockTime = 3 s

forces FR write:
    Sum of forces
        Total    : ( 0.3515893478 0 -5.526948631 )
        Pressure : ( 0.3015009352 0 -5.526500888 )
        Viscous  : ( 0.05008841266 0 -0.0004477425093 )
    Sum of moments
        Total    : ( -2.681374278 1.090117929 -0.1705719913 )
        Pressure : ( -2.681157058 1.092990813 -0.1462718231 )
        Viscous  : ( -0.0002172202653 -0.002872884078 -0.0243001682 )


liftDrag LD execute:
Viscous drag: 0.004159487258, pressure drag: 0.0250375133, porous drag: 0
Viscous lift: -3.718183834e-05, pressure lift: -0.4589366842, porous lift: 0
Total lift: -0.4589738661, Front lift: -0.1389603742, Rear lift: -0.3200134919, Drag: 0.02919700056
Location of Center of Mass: ( 0.156259772 0.4851455039 -0.03143796203 )
Location of Center Of Pressure: ( 0.199063518 0.4851455039 -0.02871505973 )


yPlus yPlus execute:
    patch Bottom y+ : min = 1.290873682, max = 402.0854418, average = 209.250414
    patch Top y+ : min = 47.77975165, max = 408.9443945, average = 228.7546543
    patch e423_0 y+ : min = 80.87461821, max = 804.485317, average = 409.9762138


################################################################################

Time = 247

Outer Loop Iteration = 247
smoothSolver:  Solving for Ux, Initial residual = 8.314836968e-06, Final residual = 1.726595014e-07, No Iterations 2
smoothSolver:  Solving for Uz, Initial residual = 3.96856126e-06, Final residual = 9.072007146e-08, No Iterations 2
GAMG:  Solving for p, Initial residual = 7.382989328e-06, Final residual = 4.894470698e-08, No Iterations 3
GAMG:  Solving for p, Initial residual = 8.406882662e-07, Final residual = 4.770409362e-09, No Iterations 3
GAMG:  Solving for p, Initial residual = 1.783060136e-07, Final residual = 6.41399924e-10, No Iterations 3
time step continuity errors (region0): sum local = 3.654335962e-11, global = -1.02540842e-12, cumulative = 1.568910387e-07
smoothSolver:  Solving for omega, Initial residual = 1.770361141e-07, Final residual = 1.631623755e-08, No Iterations 1
smoothSolver:  Solving for k, Initial residual = 2.447366991e-07, Final residual = 2.313042644e-08, No Iterations 1

ExecutionTime = 3.19 s  ExecutionStepTime = 0.01 s  ClockTime = 3 s

forces FR write:
    Sum of forces
        Total    : ( 0.3515875845 0 -5.526969103 )
        Pressure : ( 0.3014991199 0 -5.52652136 )
        Viscous  : ( 0.05008846461 0 -0.0004477429259 )
    Sum of moments
        Total    : ( -2.68138421 1.090120867 -0.1705711358 )
        Pressure : ( -2.68116699 1.092993755 -0.1462709424 )
        Viscous  : ( -0.0002172204674 -0.00287288878 -0.0243001934 )


liftDrag LD execute:
Viscous drag: 0.004159491572, pressure drag: 0.02503736255, porous drag: 0
Viscous lift: -3.718187293e-05, pressure lift: -0.4589383843, porous lift: 0
Total lift: -0.4589755661, Front lift: -0.1389609803, Rear lift: -0.3200145858, Drag: 0.02919685412
Location of Center of Mass: ( 0.156259772 0.4851455039 -0.03143796203 )
Location of Center Of Pressure: ( 0.1990633053 0.4851455039 -0.028715097 )


yPlus yPlus execute:
    patch Bottom y+ : min = 1.290866194, max = 402.086096, average = 209.2520366
    patch Top y+ : min = 47.77937731, max = 408.9450135, average = 228.755508
    patch e423_0 y+ : min = 80.87505933, max = 804.4857955, average = 409.9764229


################################################################################

Time = 248

Outer Loop Iteration = 248
smoothSolver:  Solving for Ux, Initial residual = 7.986285275e-06, Final residual = 1.661262778e-07, No Iterations 2
smoothSolver:  Solving for Uz, Initial residual = 3.832368414e-06, Final residual = 8.696220848e-08, No Iterations 2
GAMG:  Solving for p, Initial residual = 7.137107418e-06, Final residual = 4.713516814e-08, No Iterations 3
GAMG:  Solving for p, Initial residual = 8.172064198e-07, Final residual = 4.582811844e-09, No Iterations 3
GAMG:  Solving for p, Initial residual = 1.737292356e-07, Final residual = 6.250186654e-10, No Iterations 3
time step continuity errors (region0): sum local = 3.560995145e-11, global = -8.219874473e-13, cumulative = 1.568902167e-07
smoothSolver:  Solving for omega, Initial residual = 1.699536961e-07, Final residual = 1.566735552e-08, No Iterations 1
smoothSolver:  Solving for k, Initial residual = 2.358447879e-07, Final residual = 2.230295097e-08, No Iterations 1

ExecutionTime = 3.21 s  ExecutionStepTime = 0.02 s  ClockTime = 3 s

forces FR write:
    Sum of forces
        Total    : ( 0.3515858508 0 -5.526988948 )
        Pressure : ( 0.3014973364 0 -5.526541204 )
        Viscous  : ( 0.05008851436 0 -0.0004477435737 )
    Sum of moments
        Total    : ( -2.681393838 1.090123705 -0.1705702947 )
        Pressure : ( -2.681176617 1.092996599 -0.1462700772 )
        Viscous  : ( -0.0002172207817 -0.002872893244 -0.02430021754 )


liftDrag LD execute:
Viscous drag: 0.004159495703, pressure drag: 0.02503721444, porous drag: 0
Viscous lift: -3.718192673e-05, pressure lift: -0.4589400322, porous lift: 0
Total lift: -0.4589772141, Front lift: -0.1389615685, Rear lift: -0.3200156456, Drag: 0.02919671015
Location of Center of Mass: ( 0.156259772 0.4851455039 -0.03143796203 )
Location of Center Of Pressure: ( 0.1990630975 0.4851455039 -0.02871513343 )


yPlus yPlus execute:
    patch Bottom y+ : min = 1.290860184, max = 402.0869267, average = 209.2536617
    patch Top y+ : min = 47.77899253, max = 408.945796, average = 228.7564057
    patch e423_0 y+ : min = 80.8754897, max = 804.4862559, average = 409.9766233


################################################################################

Time = 249

Outer Loop Iteration = 249
smoothSolver:  Solving for Ux, Initial residual = 7.666561007e-06, Final residual = 1.598478696e-07, No Iterations 2
smoothSolver:  Solving for Uz, Initial residual = 3.693216302e-06, Final residual = 8.314652224e-08, No Iterations 2
GAMG:  Solving for p, Initial residual = 6.895806286e-06, Final residual = 4.541115416e-08, No Iterations 3
GAMG:  Solving for p, Initial residual = 7.925103538e-07, Final residual = 4.420170062e-09, No Iterations 3
GAMG:  Solving for p, Initial residual = 1.690015365e-07, Final residual = 6.098305958e-10, No Iterations 3
time step continuity errors (region0): sum local = 3.474441327e-11, global = -5.46633783e-13, cumulative = 1.568896701e-07
smoothSolver:  Solving for omega, Initial residual = 1.631958356e-07, Final residual = 1.504793963e-08, No Iterations 1
smoothSolver:  Solving for k, Initial residual = 2.272798191e-07, Final residual = 2.150470836e-08, No Iterations 1

ExecutionTime = 3.21 s  ExecutionStepTime = 0 s  ClockTime = 3 s

forces FR write:
    Sum of forces
        Total    : ( 0.3515841468 0 -5.527008171 )
        Pressure : ( 0.3014955847 0 -5.526560427 )
        Viscous  : ( 0.05008856204 0 -0.0004477444359 )
    Sum of moments
        Total    : ( -2.681403164 1.090126446 -0.170569468 )
        Pressure : ( -2.681185943 1.092999343 -0.1462692274 )
        Viscous  : ( -0.0002172211999 -0.002872897482 -0.02430024067 )


liftDrag LD execute:
Viscous drag: 0.004159499662, pressure drag: 0.02503706898, porous drag: 0
Viscous lift: -3.718199833e-05, pressure lift: -0.4589416285, porous lift: 0
Total lift: -0.4589788105, Front lift: -0.1389621391, Rear lift: -0.3200166713, Drag: 0.02919656864
Location of Center of Mass: ( 0.156259772 0.4851455039 -0.03143796203 )
Location of Center Of Pressure: ( 0.1990628944 0.4851455039 -0.02871516901 )


yPlus yPlus execute:
    patch Bottom y+ : min = 1.290855498, max = 402.0879154, average = 209.2552815
    patch Top y+ : min = 47.77860276, max = 408.9467334, average = 228.7573381
    patch e423_0 y+ : min = 80.87590959, max = 804.4866992, average = 409.9768157


################################################################################

Time = 250

Outer Loop Iteration = 250
smoothSolver:  Solving for Ux, Initial residual = 7.355344386e-06, Final residual = 1.537657438e-07, No Iterations 2
smoothSolver:  Solving for Uz, Initial residual = 3.552771259e-06, Final residual = 7.943182337e-08, No Iterations 2
GAMG:  Solving for p, Initial residual = 6.662400277e-06, Final residual = 4.371309952e-08, No Iterations 3
GAMG:  Solving for p, Initial residual = 7.680187919e-07, Final residual = 4.255899366e-09, No Iterations 3
GAMG:  Solving for p, Initial residual = 1.641611546e-07, Final residual = 5.941661986e-10, No Iterations 3
time step continuity errors (region0): sum local = 3.38519914e-11, global = -2.759890018e-13, cumulative = 1.568893941e-07
smoothSolver:  Solving for omega, Initial residual = 1.567443521e-07, Final residual = 1.447308894e-08, No Iterations 1
smoothSolver:  Solving for k, Initial residual = 2.19022735e-07, Final residual = 2.073365072e-08, No Iterations 1

ExecutionTime = 3.22 s  ExecutionStepTime = 0 s  ClockTime = 3 s

forces FR write:
    Sum of forces
        Total    : ( 0.3515824727 0 -5.527026786 )
        Pressure : ( 0.301493865 0 -5.52657904 )
        Viscous  : ( 0.05008860774 0 -0.0004477454936 )
    Sum of moments
        Total    : ( -2.681412195 1.09012909 -0.1705686559 )
        Pressure : ( -2.681194973 1.093001992 -0.146268393 )
        Viscous  : ( -0.0002172217131 -0.002872901507 -0.02430026284 )


liftDrag LD execute:
Viscous drag: 0.004159503458, pressure drag: 0.02503692617, porous drag: 0
Viscous lift: -3.718208616e-05, pressure lift: -0.4589431742, porous lift: 0
Total lift: -0.4589803562, Front lift: -0.1389626924, Rear lift: -0.3200176638, Drag: 0.02919642963
Location of Center of Mass: ( 0.156259772 0.4851455039 -0.03143796203 )
Location of Center Of Pressure: ( 0.199062696 0.4851455039 -0.02871520377 )


yPlus yPlus execute:
    patch Bottom y+ : min = 1.290851985, max = 402.0890456, average = 209.2568888
    patch Top y+ : min = 47.77820996, max = 408.9478091, average = 228.7582961
    patch e423_0 y+ : min = 80.87631912, max = 804.4871262, average = 409.9770005


################################################################################

Time = 251

Outer Loop Iteration = 251
smoothSolver:  Solving for Ux, Initial residual = 7.052717165e-06, Final residual = 1.479183083e-07, No Iterations 2
smoothSolver:  Solving for Uz, Initial residual = 3.410729571e-06, Final residual = 7.577015081e-08, No Iterations 2
GAMG:  Solving for p, Initial residual = 6.444354815e-06, Final residual = 4.21042282e-08, No Iterations 3
GAMG:  Solving for p, Initial residual = 7.435829226e-07, Final residual = 4.111109395e-09, No Iterations 3
GAMG:  Solving for p, Initial residual = 1.593202032e-07, Final residual = 5.793091645e-10, No Iterations 3
time step continuity errors (region0): sum local = 3.300543579e-11, global = -9.184350221e-14, cumulative = 1.568893023e-07
smoothSolver:  Solving for omega, Initial residual = 1.505921521e-07, Final residual = 1.392669689e-08, No Iterations 1
smoothSolver:  Solving for k, Initial residual = 2.110660198e-07, Final residual = 1.998960523e-08, No Iterations 1

ExecutionTime = 3.24 s  ExecutionStepTime = 0.02 s  ClockTime = 3 s

forces FR write:
    Sum of forces
        Total    : ( 0.351580829 0 -5.527044803 )
        Pressure : ( 0.3014921774 0 -5.526597056 )
        Viscous  : ( 0.05008865159 0 -0.0004477467275 )
    Sum of moments
        Total    : ( -2.681420936 1.090131641 -0.1705678584 )
        Pressure : ( -2.681203714 1.093004546 -0.1462675743 )
        Viscous  : ( -0.0002172223117 -0.002872905329 -0.02430028411 )


liftDrag LD execute:
Viscous drag: 0.004159507099, pressure drag: 0.02503678602, porous drag: 0
Viscous lift: -3.718218863e-05, pressure lift: -0.4589446703, porous lift: 0
Total lift: -0.4589818525, Front lift: -0.1389632288, Rear lift: -0.3200186237, Drag: 0.02919629312
Location of Center of Mass: ( 0.156259772 0.4851455039 -0.03143796203 )
Location of Center Of Pressure: ( 0.1990625021 0.4851455039 -0.02871523771 )


yPlus yPlus execute:
    patch Bottom y+ : min = 1.290849494, max = 402.0902973, average = 209.2584764
    patch Top y+ : min = 47.77781698, max = 408.9490064, average = 228.7592716
    patch e423_0 y+ : min = 80.87671839, max = 804.4875376, average = 409.9771781


################################################################################

Time = 252

Outer Loop Iteration = 252
smoothSolver:  Solving for Ux, Initial residual = 6.759534438e-06, Final residual = 1.422868032e-07, No Iterations 2
smoothSolver:  Solving for Uz, Initial residual = 3.270008176e-06, Final residual = 7.220167181e-08, No Iterations 2
GAMG:  Solving for p, Initial residual = 6.235976587e-06, Final residual = 4.044278017e-08, No Iterations 3
GAMG:  Solving for p, Initial residual = 7.178821863e-07, Final residual = 3.943898098e-09, No Iterations 3
GAMG:  Solving for p, Initial residual = 1.540186919e-07, Final residual = 5.618888564e-10, No Iterations 3
time step continuity errors (region0): sum local = 3.201292142e-11, global = 1.812266161e-13, cumulative = 1.568894835e-07
smoothSolver:  Solving for omega, Initial residual = 1.447621815e-07, Final residual = 1.340948076e-08, No Iterations 1
smoothSolver:  Solving for k, Initial residual = 2.034063219e-07, Final residual = 1.927338835e-08, No Iterations 1

ExecutionTime = 3.25 s  ExecutionStepTime = 0.01 s  ClockTime = 3 s

forces FR write:
    Sum of forces
        Total    : ( 0.3515792158 0 -5.527062236 )
        Pressure : ( 0.3014905221 0 -5.526614487 )
        Viscous  : ( 0.05008869367 0 -0.0004477481181 )
    Sum of moments
        Total    : ( -2.681429393 1.090134099 -0.1705670758 )
        Pressure : ( -2.68121217 1.093007008 -0.1462667713 )
        Viscous  : ( -0.0002172229864 -0.002872908962 -0.02430030453 )


liftDrag LD execute:
Viscous drag: 0.004159510594, pressure drag: 0.02503664857, porous drag: 0
Viscous lift: -3.718230411e-05, pressure lift: -0.4589461178, porous lift: 0
Total lift: -0.4589833001, Front lift: -0.1389637484, Rear lift: -0.3200195517, Drag: 0.02919615916
Location of Center of Mass: ( 0.156259772 0.4851455039 -0.03143796203 )
Location of Center Of Pressure: ( 0.1990623128 0.4851455039 -0.02871527083 )


yPlus yPlus execute:
    patch Bottom y+ : min = 1.290847878, max = 402.0916495, average = 209.2600375
    patch Top y+ : min = 47.77742642, max = 408.9503091, average = 228.7602567
    patch e423_0 y+ : min = 80.87710745, max = 804.4879341, average = 409.9773488


################################################################################

Time = 253

Outer Loop Iteration = 253
smoothSolver:  Solving for Ux, Initial residual = 6.476367421e-06, Final residual = 1.370180467e-07, No Iterations 2
smoothSolver:  Solving for Uz, Initial residual = 3.130066366e-06, Final residual = 6.858739403e-08, No Iterations 2
GAMG:  Solving for p, Initial residual = 6.031113697e-06, Final residual = 3.878694713e-08, No Iterations 3
GAMG:  Solving for p, Initial residual = 6.924516268e-07, Final residual = 3.775486277e-09, No Iterations 3
GAMG:  Solving for p, Initial residual = 1.487464192e-07, Final residual = 5.435995151e-10, No Iterations 3
time step continuity errors (region0): sum local = 3.097072605e-11, global = 4.840614181e-13, cumulative = 1.568899675e-07
smoothSolver:  Solving for omega, Initial residual = 1.391779441e-07, Final residual = 1.291353112e-08, No Iterations 1
smoothSolver:  Solving for k, Initial residual = 1.960492594e-07, Final residual = 1.858407722e-08, No Iterations 1

ExecutionTime = 3.27 s  ExecutionStepTime = 0.02 s  ClockTime = 3 s

forces FR write:
    Sum of forces
        Total    : ( 0.3515776338 0 -5.527079094 )
        Pressure : ( 0.3014888997 0 -5.526631345 )
        Viscous  : ( 0.05008873409 0 -0.0004477496458 )
    Sum of moments
        Total    : ( -2.681437572 1.090136468 -0.1705663083 )
        Pressure : ( -2.681220348 1.093009381 -0.1462659842 )
        Viscous  : ( -0.0002172237275 -0.002872912415 -0.02430032414 )


liftDrag LD execute:
Viscous drag: 0.00415951395, pressure drag: 0.02503651384, porous drag: 0
Viscous lift: -3.718243098e-05, pressure lift: -0.4589475177, porous lift: 0
Total lift: -0.4589847001, Front lift: -0.1389642517, Rear lift: -0.3200204484, Drag: 0.02919602779
Location of Center of Mass: ( 0.156259772 0.4851455039 -0.03143796203 )
Location of Center Of Pressure: ( 0.1990621281 0.4851455039 -0.02871530314 )


yPlus yPlus execute:
    patch Bottom y+ : min = 1.290846995, max = 402.0930819, average = 209.2615673
    patch Top y+ : min = 47.77703959, max = 408.9517017, average = 228.7612442
    patch e423_0 y+ : min = 80.87748636, max = 804.4883166, average = 409.9775131


################################################################################

Time = 254

Outer Loop Iteration = 254
smoothSolver:  Solving for Ux, Initial residual = 6.20354847e-06, Final residual = 1.32070712e-07, No Iterations 2
smoothSolver:  Solving for Uz, Initial residual = 2.989514847e-06, Final residual = 6.499998064e-08, No Iterations 2
GAMG:  Solving for p, Initial residual = 5.823906304e-06, Final residual = 3.716689931e-08, No Iterations 3
GAMG:  Solving for p, Initial residual = 6.672873946e-07, Final residual = 3.612892426e-09, No Iterations 3
GAMG:  Solving for p, Initial residual = 1.435694673e-07, Final residual = 5.259587888e-10, No Iterations 3
time step continuity errors (region0): sum local = 2.996580489e-11, global = 3.961083658e-13, cumulative = 1.568903637e-07
smoothSolver:  Solving for omega, Initial residual = 1.338559929e-07, Final residual = 1.243847412e-08, No Iterations 1
smoothSolver:  Solving for k, Initial residual = 1.889565765e-07, Final residual = 1.791871456e-08, No Iterations 1

ExecutionTime = 3.28 s  ExecutionStepTime = 0.01 s  ClockTime = 3 s

forces FR write:
    Sum of forces
        Total    : ( 0.3515760837 0 -5.52709539 )
        Pressure : ( 0.3014873107 0 -5.526647639 )
        Viscous  : ( 0.05008877292 0 -0.0004477512913 )
    Sum of moments
        Total    : ( -2.681445478 1.090138749 -0.1705655563 )
        Pressure : ( -2.681228253 1.093011665 -0.1462652133 )
        Viscous  : ( -0.0002172245258 -0.0028729157 -0.02430034298 )


liftDrag LD execute:
Viscous drag: 0.004159517175, pressure drag: 0.02503638188, porous drag: 0
Viscous lift: -3.718256762e-05, pressure lift: -0.4589488708, porous lift: 0
Total lift: -0.4589860534, Front lift: -0.1389647389, Rear lift: -0.3200213145, Drag: 0.02919589906
Location of Center of Mass: ( 0.156259772 0.4851455039 -0.03143796203 )
Location of Center Of Pressure: ( 0.1990619479 0.4851455039 -0.02871533463 )


yPlus yPlus execute:
    patch Bottom y+ : min = 1.290846718, max = 402.0945774, average = 209.2630598
    patch Top y+ : min = 47.77665876, max = 408.9531696, average = 228.7622273
    patch e423_0 y+ : min = 80.87785514, max = 804.4886857, average = 409.9776712


################################################################################

Time = 255

Outer Loop Iteration = 255
smoothSolver:  Solving for Ux, Initial residual = 5.94097722e-06, Final residual = 1.273978672e-07, No Iterations 2
smoothSolver:  Solving for Uz, Initial residual = 2.849135383e-06, Final residual = 6.144988644e-08, No Iterations 2
GAMG:  Solving for p, Initial residual = 5.617990438e-06, Final residual = 3.557695328e-08, No Iterations 3
GAMG:  Solving for p, Initial residual = 6.422061204e-07, Final residual = 3.447921458e-09, No Iterations 3
GAMG:  Solving for p, Initial residual = 1.384708726e-07, Final residual = 5.075380245e-10, No Iterations 3
time step continuity errors (region0): sum local = 2.891606302e-11, global = 7.00139613e-13, cumulative = 1.568910638e-07
smoothSolver:  Solving for omega, Initial residual = 1.287686826e-07, Final residual = 1.198630174e-08, No Iterations 1
smoothSolver:  Solving for k, Initial residual = 1.821316477e-07, Final residual = 1.727663996e-08, No Iterations 1

ExecutionTime = 3.28 s  ExecutionStepTime = 0 s  ClockTime = 3 s

forces FR write:
    Sum of forces
        Total    : ( 0.3515745661 0 -5.527111134 )
        Pressure : ( 0.3014857558 0 -5.526663381 )
        Viscous  : ( 0.05008881025 0 -0.0004477530358 )
    Sum of moments
        Total    : ( -2.681453116 1.090140945 -0.17056482 )
        Pressure : ( -2.68123589 1.093013864 -0.1462644589 )
        Viscous  : ( -0.0002172253722 -0.002872918826 -0.02430036109 )


liftDrag LD execute:
Viscous drag: 0.004159520275, pressure drag: 0.02503625276, porous drag: 0
Viscous lift: -3.718271249e-05, pressure lift: -0.4589501781, porous lift: 0
Total lift: -0.4589873608, Front lift: -0.1389652102, Rear lift: -0.3200221505, Drag: 0.02919577303
Location of Center of Mass: ( 0.156259772 0.4851455039 -0.03143796203 )
Location of Center Of Pressure: ( 0.1990617722 0.4851455039 -0.02871536532 )


yPlus yPlus execute:
    patch Bottom y+ : min = 1.290846926, max = 402.0961192, average = 209.2645105
    patch Top y+ : min = 47.77628627, max = 408.9546978, average = 228.7631995
    patch e423_0 y+ : min = 80.87821383, max = 804.489042, average = 409.9778235


################################################################################

Time = 256

Outer Loop Iteration = 256
smoothSolver:  Solving for Ux, Initial residual = 5.690019036e-06, Final residual = 1.230276229e-07, No Iterations 2
smoothSolver:  Solving for Uz, Initial residual = 2.709301212e-06, Final residual = 5.798470304e-08, No Iterations 2
GAMG:  Solving for p, Initial residual = 5.412073314e-06, Final residual = 3.40067664e-08, No Iterations 3
GAMG:  Solving for p, Initial residual = 6.175483706e-07, Final residual = 3.283888673e-09, No Iterations 3
GAMG:  Solving for p, Initial residual = 1.334496252e-07, Final residual = 4.89723835e-10, No Iterations 3
time step continuity errors (region0): sum local = 2.790113109e-11, global = 1.016673182e-12, cumulative = 1.568920805e-07
smoothSolver:  Solving for omega, Initial residual = 1.239017948e-07, Final residual = 1.154889629e-08, No Iterations 1
smoothSolver:  Solving for k, Initial residual = 1.755594962e-07, Final residual = 1.665716533e-08, No Iterations 1

ExecutionTime = 3.3 s  ExecutionStepTime = 0.02 s  ClockTime = 3 s

forces FR write:
    Sum of forces
        Total    : ( 0.3515730818 0 -5.527126336 )
        Pressure : ( 0.3014842356 0 -5.526678582 )
        Viscous  : ( 0.05008884616 0 -0.0004477548612 )
    Sum of moments
        Total    : ( -2.681460491 1.090143057 -0.1705640999 )
        Pressure : ( -2.681243265 1.093015979 -0.1462637214 )
        Viscous  : ( -0.0002172262577 -0.002872921804 -0.02430037851 )


liftDrag LD execute:
Viscous drag: 0.004159523257, pressure drag: 0.02503612652, porous drag: 0
Viscous lift: -3.718286408e-05, pressure lift: -0.4589514404, porous lift: 0
Total lift: -0.4589886232, Front lift: -0.1389656661, Rear lift: -0.3200229572, Drag: 0.02919564977
Location of Center of Mass: ( 0.156259772 0.4851455039 -0.03143796203 )
Location of Center Of Pressure: ( 0.199061601 0.4851455039 -0.02871539519 )


yPlus yPlus execute:
    patch Bottom y+ : min = 1.290847506, max = 402.0976924, average = 209.2659152
    patch Top y+ : min = 47.77592365, max = 408.9562709, average = 228.7641549
    patch e423_0 y+ : min = 80.87856245, max = 804.4893861, average = 409.9779702


################################################################################

Time = 257

Outer Loop Iteration = 257
smoothSolver:  Solving for Ux, Initial residual = 5.449225735e-06, Final residual = 1.188765848e-07, No Iterations 2
smoothSolver:  Solving for Uz, Initial residual = 2.571026168e-06, Final residual = 5.460318937e-08, No Iterations 2
GAMG:  Solving for p, Initial residual = 5.210139174e-06, Final residual = 3.246254213e-08, No Iterations 3
GAMG:  Solving for p, Initial residual = 5.933162731e-07, Final residual = 3.123711007e-09, No Iterations 3
GAMG:  Solving for p, Initial residual = 1.285224436e-07, Final residual = 4.714587007e-10, No Iterations 3
time step continuity errors (region0): sum local = 2.686051437e-11, global = 1.194546961e-12, cumulative = 1.56893275e-07
smoothSolver:  Solving for omega, Initial residual = 1.192513613e-07, Final residual = 1.112570351e-08, No Iterations 1
smoothSolver:  Solving for k, Initial residual = 1.692238773e-07, Final residual = 1.605937422e-08, No Iterations 1

ExecutionTime = 3.31 s  ExecutionStepTime = 0.01 s  ClockTime = 3 s

forces FR write:
    Sum of forces
        Total    : ( 0.3515716316 0 -5.527141009 )
        Pressure : ( 0.3014827509 0 -5.526693252 )
        Viscous  : ( 0.05008888072 0 -0.0004477567502 )
    Sum of moments
        Total    : ( -2.68146761 1.090145089 -0.1705633964 )
        Pressure : ( -2.681250383 1.093018013 -0.1462630011 )
        Viscous  : ( -0.0002172271742 -0.002872924642 -0.02430039527 )


liftDrag LD execute:
Viscous drag: 0.004159526126, pressure drag: 0.02503600322, porous drag: 0
Viscous lift: -3.718302095e-05, pressure lift: -0.4589526587, porous lift: 0
Total lift: -0.4589898417, Front lift: -0.1389661066, Rear lift: -0.3200237351, Drag: 0.02919552935
Location of Center of Mass: ( 0.156259772 0.4851455039 -0.03143796203 )
Location of Center Of Pressure: ( 0.1990614344 0.4851455039 -0.02871542424 )


yPlus yPlus execute:
    patch Bottom y+ : min = 1.290848346, max = 402.0992848, average = 209.2672708
    patch Top y+ : min = 47.77557254, max = 408.957874, average = 228.7650882
    patch e423_0 y+ : min = 80.87890102, max = 804.4897185, average = 409.9781117


################################################################################

Time = 258

Outer Loop Iteration = 258
smoothSolver:  Solving for Ux, Initial residual = 5.218954871e-06, Final residual = 1.14915748e-07, No Iterations 2
smoothSolver:  Solving for Uz, Initial residual = 2.435696085e-06, Final residual = 5.126648184e-08, No Iterations 2
GAMG:  Solving for p, Initial residual = 5.01252328e-06, Final residual = 3.094440196e-08, No Iterations 3
GAMG:  Solving for p, Initial residual = 5.69476702e-07, Final residual = 2.966670876e-09, No Iterations 3
GAMG:  Solving for p, Initial residual = 1.236900003e-07, Final residual = 4.544745184e-10, No Iterations 3
time step continuity errors (region0): sum local = 2.589272636e-11, global = 1.255588271e-12, cumulative = 1.568945306e-07
smoothSolver:  Solving for omega, Initial residual = 1.147849957e-07, Final residual = 1.07208823e-08, No Iterations 1
smoothSolver:  Solving for k, Initial residual = 1.631296653e-07, Final residual = 1.548389497e-08, No Iterations 1

ExecutionTime = 3.32 s  ExecutionStepTime = 0.01 s  ClockTime = 3 s

forces FR write:
    Sum of forces
        Total    : ( 0.3515702164 0 -5.527155163 )
        Pressure : ( 0.3014813025 0 -5.526707404 )
        Viscous  : ( 0.05008891398 0 -0.0004477586867 )
    Sum of moments
        Total    : ( -2.681474476 1.090147041 -0.1705627098 )
        Pressure : ( -2.681257248 1.093019968 -0.1462622984 )
        Viscous  : ( -0.0002172281137 -0.00287292735 -0.02430041141 )


liftDrag LD execute:
Viscous drag: 0.004159528889, pressure drag: 0.02503588294, porous drag: 0
Viscous lift: -3.718318175e-05, pressure lift: -0.4589538339, porous lift: 0
Total lift: -0.4589910171, Front lift: -0.1389665322, Rear lift: -0.3200244849, Drag: 0.02919541183
Location of Center of Mass: ( 0.156259772 0.4851455039 -0.03143796203 )
Location of Center Of Pressure: ( 0.1990612723 0.4851455039 -0.02871545248 )


yPlus yPlus execute:
    patch Bottom y+ : min = 1.290849348, max = 402.1008847, average = 209.2685745
    patch Top y+ : min = 47.77523421, max = 408.9594927, average = 228.7659945
    patch e423_0 y+ : min = 80.87922957, max = 804.4900397, average = 409.9782481


################################################################################

Time = 259

Outer Loop Iteration = 259
smoothSolver:  Solving for Ux, Initial residual = 4.99840264e-06, Final residual = 1.111594845e-07, No Iterations 2
smoothSolver:  Solving for Uz, Initial residual = 2.303452112e-06, Final residual = 4.798375676e-08, No Iterations 2
GAMG:  Solving for p, Initial residual = 4.816927774e-06, Final residual = 2.946548962e-08, No Iterations 3
GAMG:  Solving for p, Initial residual = 5.460496725e-07, Final residual = 2.813310162e-09, No Iterations 3
GAMG:  Solving for p, Initial residual = 1.189643744e-07, Final residual = 4.376768407e-10, No Iterations 3
time step continuity errors (region0): sum local = 2.493575848e-11, global = 1.345747369e-12, cumulative = 1.568958764e-07
smoothSolver:  Solving for omega, Initial residual = 1.105034242e-07, Final residual = 1.033360254e-08, No Iterations 1
smoothSolver:  Solving for k, Initial residual = 1.572595048e-07, Final residual = 1.492941726e-08, No Iterations 1

ExecutionTime = 3.33 s  ExecutionStepTime = 0.01 s  ClockTime = 3 s

forces FR write:
    Sum of forces
        Total    : ( 0.351568837 0 -5.527168809 )
        Pressure : ( 0.301479891 0 -5.526721049 )
        Viscous  : ( 0.05008894602 0 -0.0004477606553 )
    Sum of moments
        Total    : ( -2.681481097 1.090148917 -0.1705620406 )
        Pressure : ( -2.681263868 1.093021847 -0.1462616136 )
        Viscous  : ( -0.0002172290687 -0.002872929936 -0.02430042695 )


liftDrag LD execute:
Viscous drag: 0.004159531549, pressure drag: 0.02503576573, porous drag: 0
Viscous lift: -3.718334523e-05, pressure lift: -0.458954967, porous lift: 0
Total lift: -0.4589921503, Front lift: -0.138966943, Rear lift: -0.3200252073, Drag: 0.02919529728
Location of Center of Mass: ( 0.156259772 0.4851455039 -0.03143796203 )
Location of Center Of Pressure: ( 0.1990611148 0.4851455039 -0.0287154799 )


yPlus yPlus execute:
    patch Bottom y+ : min = 1.290850419, max = 402.102481, average = 209.269824
    patch Top y+ : min = 47.77490987, max = 408.9611134, average = 228.7668696
    patch e423_0 y+ : min = 80.87954812, max = 804.4903502, average = 409.9783797


################################################################################

Time = 260

Outer Loop Iteration = 260
smoothSolver:  Solving for Ux, Initial residual = 4.78774783e-06, Final residual = 1.075332216e-07, No Iterations 2
smoothSolver:  Solving for Uz, Initial residual = 2.174009949e-06, Final residual = 4.48039025e-08, No Iterations 2
GAMG:  Solving for p, Initial residual = 4.62383184e-06, Final residual = 2.802519312e-08, No Iterations 3
GAMG:  Solving for p, Initial residual = 5.231687469e-07, Final residual = 2.665035565e-09, No Iterations 3
GAMG:  Solving for p, Initial residual = 1.143272846e-07, Final residual = 4.210713936e-10, No Iterations 3
time step continuity errors (region0): sum local = 2.398953094e-11, global = 1.439637943e-12, cumulative = 1.56897316e-07
smoothSolver:  Solving for omega, Initial residual = 1.063981373e-07, Final residual = 9.959235126e-09, No Iterations 1
smoothSolver:  Solving for k, Initial residual = 1.515994715e-07, Final residual = 1.439496941e-08, No Iterations 1

ExecutionTime = 3.34 s  ExecutionStepTime = 0.01 s  ClockTime = 3 s

forces FR write:
    Sum of forces
        Total    : ( 0.3515674941 0 -5.527181959 )
        Pressure : ( 0.3014785172 0 -5.526734197 )
        Viscous  : ( 0.05008897689 0 -0.000447762642 )
    Sum of moments
        Total    : ( -2.681487477 1.090150719 -0.170561389 )
        Pressure : ( -2.681270247 1.093023651 -0.1462609471 )
        Viscous  : ( -0.0002172300326 -0.002872932407 -0.02430044193 )


liftDrag LD execute:
Viscous drag: 0.004159534113, pressure drag: 0.02503565164, porous drag: 0
Viscous lift: -3.718351021e-05, pressure lift: -0.4589560588, porous lift: 0
Total lift: -0.4589932423, Front lift: -0.1389673394, Rear lift: -0.320025903, Drag: 0.02919518575
Location of Center of Mass: ( 0.156259772 0.4851455039 -0.03143796203 )
Location of Center Of Pressure: ( 0.1990609619 0.4851455039 -0.02871550651 )


yPlus yPlus execute:
    patch Bottom y+ : min = 1.29085148, max = 402.1040625, average = 209.2710172
    patch Top y+ : min = 47.77460048, max = 408.9627229, average = 228.7677095
    patch e423_0 y+ : min = 80.87985671, max = 804.4906504, average = 409.9785067


################################################################################

Time = 261

Outer Loop Iteration = 261
smoothSolver:  Solving for Ux, Initial residual = 4.586609665e-06, Final residual = 1.040207122e-07, No Iterations 2
smoothSolver:  Solving for Uz, Initial residual = 2.048411997e-06, Final residual = 4.184266469e-08, No Iterations 2
GAMG:  Solving for p, Initial residual = 4.43352819e-06, Final residual = 2.662586338e-08, No Iterations 3
GAMG:  Solving for p, Initial residual = 5.014099479e-07, Final residual = 2.52294607e-09, No Iterations 3
GAMG:  Solving for p, Initial residual = 1.097835924e-07, Final residual = 4.028889412e-10, No Iterations 3
time step continuity errors (region0): sum local = 2.295360425e-11, global = 1.41144023e-12, cumulative = 1.568987274e-07
smoothSolver:  Solving for omega, Initial residual = 1.024745719e-07, Final residual = 9.596973814e-09, No Iterations 1
smoothSolver:  Solving for k, Initial residual = 1.461452274e-07, Final residual = 1.388067262e-08, No Iterations 1

ExecutionTime = 3.35 s  ExecutionStepTime = 0.01 s  ClockTime = 3 s

forces FR write:
    Sum of forces
        Total    : ( 0.3515661883 0 -5.527194625 )
        Pressure : ( 0.3014771816 0 -5.52674686 )
        Viscous  : ( 0.05008900664 0 -0.0004477646338 )
    Sum of moments
        Total    : ( -2.681493621 1.090152449 -0.1705607555 )
        Pressure : ( -2.68127639 1.093025383 -0.1462602992 )
        Viscous  : ( -0.0002172309989 -0.00287293477 -0.02430045636 )


liftDrag LD execute:
Viscous drag: 0.004159536583, pressure drag: 0.02503554073, porous drag: 0
Viscous lift: -3.718367562e-05, pressure lift: -0.4589571104, porous lift: 0
Total lift: -0.4589942941, Front lift: -0.1389677216, Rear lift: -0.3200265725, Drag: 0.02919507732
Location of Center of Mass: ( 0.156259772 0.4851455039 -0.03143796203 )
Location of Center Of Pressure: ( 0.1990608136 0.4851455039 -0.02871553229 )


yPlus yPlus execute:
    patch Bottom y+ : min = 1.290852459, max = 402.1056184, average = 209.2721523
    patch Top y+ : min = 47.77430683, max = 408.9643091, average = 228.7685112
    patch e423_0 y+ : min = 80.88015539, max = 804.4909407, average = 409.9786293


################################################################################

Time = 262

Outer Loop Iteration = 262
smoothSolver:  Solving for Ux, Initial residual = 4.393985236e-06, Final residual = 1.006054476e-07, No Iterations 2
smoothSolver:  Solving for Uz, Initial residual = 1.926947225e-06, Final residual = 3.902168298e-08, No Iterations 2
GAMG:  Solving for p, Initial residual = 4.246805221e-06, Final residual = 2.526733029e-08, No Iterations 3
GAMG:  Solving for p, Initial residual = 4.806257769e-07, Final residual = 2.385170707e-09, No Iterations 3
GAMG:  Solving for p, Initial residual = 1.053626678e-07, Final residual = 3.871483214e-10, No Iterations 3
time step continuity errors (region0): sum local = 2.205677523e-11, global = 1.495185411e-12, cumulative = 1.569002226e-07
smoothSolver:  Solving for omega, Initial residual = 9.870256448e-08, Final residual = 9.246878388e-09, No Iterations 1
smoothSolver:  Solving for k, Initial residual = 1.408957834e-07, Final residual = 1.338430225e-08, No Iterations 1

ExecutionTime = 3.37 s  ExecutionStepTime = 0.02 s  ClockTime = 3 s

forces FR write:
    Sum of forces
        Total    : ( 0.3515649202 0 -5.527206817 )
        Pressure : ( 0.3014758849 0 -5.52675905 )
        Viscous  : ( 0.05008903531 0 -0.0004477666188 )
    Sum of moments
        Total    : ( -2.681499536 1.090154109 -0.1705601404 )
        Pressure : ( -2.681282304 1.093027046 -0.1462596701 )
        Viscous  : ( -0.0002172319619 -0.002872937031 -0.02430047027 )


liftDrag LD execute:
Viscous drag: 0.004159538964, pressure drag: 0.02503543305, porous drag: 0
Viscous lift: -3.718384046e-05, pressure lift: -0.4589581227, porous lift: 0
Total lift: -0.4589953066, Front lift: -0.13896809, Rear lift: -0.3200272166, Drag: 0.02919497201
Location of Center of Mass: ( 0.156259772 0.4851455039 -0.03143796203 )
Location of Center Of Pressure: ( 0.1990606699 0.4851455039 -0.02871555726 )


yPlus yPlus execute:
    patch Bottom y+ : min = 1.290853292, max = 402.1071384, average = 209.2732282
    patch Top y+ : min = 47.77402963, max = 408.9658608, average = 228.7692718
    patch e423_0 y+ : min = 80.88044422, max = 804.4912214, average = 409.9787476


################################################################################

Time = 263

Outer Loop Iteration = 263
smoothSolver:  Solving for Ux, Initial residual = 4.210631341e-06, Final residual = 9.729829462e-08, No Iterations 2
smoothSolver:  Solving for Uz, Initial residual = 1.810962335e-06, Final residual = 3.646448053e-08, No Iterations 2
GAMG:  Solving for p, Initial residual = 4.063738072e-06, Final residual = 2.395616468e-08, No Iterations 3
GAMG:  Solving for p, Initial residual = 4.601226557e-07, Final residual = 2.246311253e-09, No Iterations 3
GAMG:  Solving for p, Initial residual = 1.010375766e-07, Final residual = 3.707123169e-10, No Iterations 3
time step continuity errors (region0): sum local = 2.112040294e-11, global = 1.528241364e-12, cumulative = 1.569017509e-07
smoothSolver:  Solving for omega, Initial residual = 9.508586766e-08, Final residual = 8.911518847e-09, No Iterations 1
smoothSolver:  Solving for k, Initial residual = 1.358373792e-07, Final residual = 1.290563538e-08, No Iterations 1

ExecutionTime = 3.38 s  ExecutionStepTime = 0.01 s  ClockTime = 3 s

forces FR write:
    Sum of forces
        Total    : ( 0.3515636904 0 -5.527218547 )
        Pressure : ( 0.3014746274 0 -5.526770778 )
        Viscous  : ( 0.05008906296 0 -0.0004477685862 )
    Sum of moments
        Total    : ( -2.681505227 1.090155702 -0.1705595437 )
        Pressure : ( -2.681287994 1.093028641 -0.14625906 )
        Viscous  : ( -0.0002172329164 -0.002872939198 -0.02430048369 )


liftDrag LD execute:
Viscous drag: 0.004159541261, pressure drag: 0.02503532863, porous drag: 0
Viscous lift: -3.718400384e-05, pressure lift: -0.4589590967, porous lift: 0
Total lift: -0.4589962807, Front lift: -0.1389684447, Rear lift: -0.3200278359, Drag: 0.02919486989
Location of Center of Mass: ( 0.156259772 0.4851455039 -0.03143796203 )
Location of Center Of Pressure: ( 0.1990605308 0.4851455039 -0.02871558141 )


yPlus yPlus execute:
    patch Bottom y+ : min = 1.290853923, max = 402.1086132, average = 209.2742441
    patch Top y+ : min = 47.77376927, max = 408.967368, average = 228.7699891
    patch e423_0 y+ : min = 80.88072327, max = 804.491493, average = 409.9788617


################################################################################

Time = 264

Outer Loop Iteration = 264
smoothSolver:  Solving for Ux, Initial residual = 4.036597478e-06, Final residual = 9.41503031e-08, No Iterations 2
smoothSolver:  Solving for Uz, Initial residual = 1.699791337e-06, Final residual = 3.416084541e-08, No Iterations 2
GAMG:  Solving for p, Initial residual = 3.884275357e-06, Final residual = 2.268964915e-08, No Iterations 3
GAMG:  Solving for p, Initial residual = 4.399713727e-07, Final residual = 2.116152554e-09, No Iterations 3
GAMG:  Solving for p, Initial residual = 9.680899165e-08, Final residual = 3.551251715e-10, No Iterations 3
time step continuity errors (region0): sum local = 2.023229354e-11, global = 1.559139983e-12, cumulative = 1.5690331e-07
smoothSolver:  Solving for omega, Initial residual = 9.161617968e-08, Final residual = 8.589347232e-09, No Iterations 1
smoothSolver:  Solving for k, Initial residual = 1.309659256e-07, Final residual = 1.244378784e-08, No Iterations 1

ExecutionTime = 3.38 s  ExecutionStepTime = 0 s  ClockTime = 3 s

forces FR write:
    Sum of forces
        Total    : ( 0.3515624992 0 -5.527229827 )
        Pressure : ( 0.3014734096 0 -5.526782056 )
        Viscous  : ( 0.05008908963 0 -0.0004477705264 )
    Sum of moments
        Total    : ( -2.681510699 1.09015723 -0.1705589658 )
        Pressure : ( -2.681293465 1.093030171 -0.1462584692 )
        Viscous  : ( -0.0002172338576 -0.002872941276 -0.02430049663 )


liftDrag LD execute:
Viscous drag: 0.004159543475, pressure drag: 0.02503522749, porous drag: 0
Viscous lift: -3.718416495e-05, pressure lift: -0.4589600332, porous lift: 0
Total lift: -0.4589972174, Front lift: -0.1389687862, Rear lift: -0.3200284312, Drag: 0.02919477097
Location of Center of Mass: ( 0.156259772 0.4851455039 -0.03143796203 )
Location of Center Of Pressure: ( 0.1990603962 0.4851455039 -0.02871560474 )


yPlus yPlus execute:
    patch Bottom y+ : min = 1.290854307, max = 402.1100345, average = 209.2751998
    patch Top y+ : min = 47.77352608, max = 408.9688218, average = 228.7706615
    patch e423_0 y+ : min = 80.88099261, max = 804.4917557, average = 409.978972


################################################################################

Time = 265

Outer Loop Iteration = 265
smoothSolver:  Solving for Ux, Initial residual = 3.871356644e-06, Final residual = 9.113411925e-08, No Iterations 2
smoothSolver:  Solving for Uz, Initial residual = 1.594901385e-06, Final residual = 3.216667668e-08, No Iterations 2
GAMG:  Solving for p, Initial residual = 3.709074037e-06, Final residual = 2.146795954e-08, No Iterations 3
GAMG:  Solving for p, Initial residual = 4.202584944e-07, Final residual = 1.991044982e-09, No Iterations 3
GAMG:  Solving for p, Initial residual = 9.268601026e-08, Final residual = 3.398733696e-10, No Iterations 3
time step continuity errors (region0): sum local = 1.936310268e-11, global = 1.578077524e-12, cumulative = 1.569048881e-07
smoothSolver:  Solving for omega, Initial residual = 8.82994046e-08, Final residual = 8.278229241e-09, No Iterations 1
smoothSolver:  Solving for k, Initial residual = 1.262641651e-07, Final residual = 1.199791933e-08, No Iterations 1

ExecutionTime = 3.4 s  ExecutionStepTime = 0.02 s  ClockTime = 3 s

forces FR write:
    Sum of forces
        Total    : ( 0.3515613469 0 -5.527240669 )
        Pressure : ( 0.3014722316 0 -5.526792896 )
        Viscous  : ( 0.05008911535 0 -0.0004477724305 )
    Sum of moments
        Total    : ( -2.681515959 1.090158695 -0.1705584068 )
        Pressure : ( -2.681298724 1.093031638 -0.1462578977 )
        Viscous  : ( -0.0002172347814 -0.00287294327 -0.0243005091 )


liftDrag LD execute:
Viscous drag: 0.004159545611, pressure drag: 0.02503512966, porous drag: 0
Viscous lift: -3.718432308e-05, pressure lift: -0.4589609334, porous lift: 0
Total lift: -0.4589981177, Front lift: -0.1389691148, Rear lift: -0.320029003, Drag: 0.02919467528
Location of Center of Mass: ( 0.156259772 0.4851455039 -0.03143796203 )
Location of Center Of Pressure: ( 0.1990602662 0.4851455039 -0.02871562727 )


yPlus yPlus execute:
    patch Bottom y+ : min = 1.290854405, max = 402.1113952, average = 209.2760953
    patch Top y+ : min = 47.77330018, max = 408.9702146, average = 228.7712878
    patch e423_0 y+ : min = 80.88125236, max = 804.4920099, average = 409.9790784


################################################################################

Time = 266

Outer Loop Iteration = 266
smoothSolver:  Solving for Ux, Initial residual = 3.714774234e-06, Final residual = 8.817287335e-08, No Iterations 2
smoothSolver:  Solving for Uz, Initial residual = 1.495591525e-06, Final residual = 3.035169184e-08, No Iterations 2
GAMG:  Solving for p, Initial residual = 3.538702175e-06, Final residual = 2.02989029e-08, No Iterations 3
GAMG:  Solving for p, Initial residual = 4.010061507e-07, Final residual = 1.871554153e-09, No Iterations 3
GAMG:  Solving for p, Initial residual = 8.867463466e-08, Final residual = 3.235638357e-10, No Iterations 3
time step continuity errors (region0): sum local = 1.843413465e-11, global = 1.54635666e-12, cumulative = 1.569064344e-07
smoothSolver:  Solving for omega, Initial residual = 8.513422821e-08, Final residual = 7.980414647e-09, No Iterations 1
smoothSolver:  Solving for k, Initial residual = 1.217308968e-07, Final residual = 1.156768958e-08, No Iterations 1

ExecutionTime = 3.41 s  ExecutionStepTime = 0.01 s  ClockTime = 3 s

forces FR write:
    Sum of forces
        Total    : ( 0.3515602336 0 -5.527251084 )
        Pressure : ( 0.3014710935 0 -5.526803309 )
        Viscous  : ( 0.05008914016 0 -0.0004477742909 )
    Sum of moments
        Total    : ( -2.681521012 1.090160099 -0.1705578667 )
        Pressure : ( -2.681303776 1.093033044 -0.1462573455 )
        Viscous  : ( -0.000217235684 -0.002872945184 -0.02430052114 )


liftDrag LD execute:
Viscous drag: 0.004159547671, pressure drag: 0.02503503516, porous drag: 0
Viscous lift: -3.718447757e-05, pressure lift: -0.4589617981, porous lift: 0
Total lift: -0.4589989826, Front lift: -0.1389694306, Rear lift: -0.320029552, Drag: 0.02919458283
Location of Center of Mass: ( 0.156259772 0.4851455039 -0.03143796203 )
Location of Center Of Pressure: ( 0.1990601408 0.4851455039 -0.028715649 )


yPlus yPlus execute:
    patch Bottom y+ : min = 1.290854185, max = 402.1126892, average = 209.2769313
    patch Top y+ : min = 47.77309159, max = 408.9715401, average = 228.7718671
    patch e423_0 y+ : min = 80.88150261, max = 804.4922557, average = 409.9791811


################################################################################

Time = 267

Outer Loop Iteration = 267
smoothSolver:  Solving for Ux, Initial residual = 3.566866728e-06, Final residual = 8.530934974e-08, No Iterations 2
smoothSolver:  Solving for Uz, Initial residual = 1.401385009e-06, Final residual = 2.865726387e-08, No Iterations 2
GAMG:  Solving for p, Initial residual = 3.373035175e-06, Final residual = 1.916542878e-08, No Iterations 3
GAMG:  Solving for p, Initial residual = 3.822304981e-07, Final residual = 1.757301711e-09, No Iterations 3
GAMG:  Solving for p, Initial residual = 8.47654518e-08, Final residual = 3.091522525e-10, No Iterations 3
time step continuity errors (region0): sum local = 1.761297028e-11, global = 1.536245805e-12, cumulative = 1.569079707e-07
smoothSolver:  Solving for omega, Initial residual = 8.210055064e-08, Final residual = 7.69433488e-09, No Iterations 1
smoothSolver:  Solving for k, Initial residual = 1.17360126e-07, Final residual = 1.115271791e-08, No Iterations 1

ExecutionTime = 3.42 s  ExecutionStepTime = 0.01 s  ClockTime = 3 s

forces FR write:
    Sum of forces
        Total    : ( 0.3515591594 0 -5.527261084 )
        Pressure : ( 0.3014699953 0 -5.526813307 )
        Viscous  : ( 0.0500891641 0 -0.0004477761008 )
    Sum of moments
        Total    : ( -2.681525863 1.090161444 -0.1705573455 )
        Pressure : ( -2.681308627 1.093034391 -0.1462568128 )
        Viscous  : ( -0.000217236562 -0.002872947025 -0.02430053275 )


liftDrag LD execute:
Viscous drag: 0.004159549659, pressure drag: 0.02503494396, porous drag: 0
Viscous lift: -3.718462787e-05, pressure lift: -0.4589626284, porous lift: 0
Total lift: -0.458999813, Front lift: -0.1389697341, Rear lift: -0.320030079, Drag: 0.02919449362
Location of Center of Mass: ( 0.156259772 0.4851455039 -0.03143796203 )
Location of Center Of Pressure: ( 0.1990600198 0.4851455039 -0.02871566994 )


yPlus yPlus execute:
    patch Bottom y+ : min = 1.290853626, max = 402.1139118, average = 209.2777085
    patch Top y+ : min = 47.77290018, max = 408.9727929, average = 228.7723993
    patch e423_0 y+ : min = 80.8817435, max = 804.4924936, average = 409.9792803


################################################################################

Time = 268

Outer Loop Iteration = 268
smoothSolver:  Solving for Ux, Initial residual = 3.427843964e-06, Final residual = 8.261751763e-08, No Iterations 2
smoothSolver:  Solving for Uz, Initial residual = 1.312058379e-06, Final residual = 2.707117407e-08, No Iterations 2
GAMG:  Solving for p, Initial residual = 3.212360683e-06, Final residual = 1.809539333e-08, No Iterations 3
GAMG:  Solving for p, Initial residual = 3.639881634e-07, Final residual = 1.649116506e-09, No Iterations 3
GAMG:  Solving for p, Initial residual = 8.097494752e-08, Final residual = 2.951322477e-10, No Iterations 3
time step continuity errors (region0): sum local = 1.681414782e-11, global = 1.513951903e-12, cumulative = 1.569094846e-07
smoothSolver:  Solving for omega, Initial residual = 7.918368628e-08, Final residual = 7.418264348e-09, No Iterations 1
smoothSolver:  Solving for k, Initial residual = 1.131452258e-07, Final residual = 1.075219107e-08, No Iterations 1

ExecutionTime = 3.44 s  ExecutionStepTime = 0.02 s  ClockTime = 3 s

forces FR write:
    Sum of forces
        Total    : ( 0.3515581242 0 -5.52727068 )
        Pressure : ( 0.3014689371 0 -5.526822902 )
        Viscous  : ( 0.05008918719 0 -0.0004477778542 )
    Sum of moments
        Total    : ( -2.681530519 1.090162733 -0.1705568433 )
        Pressure : ( -2.681313282 1.093035682 -0.1462562994 )
        Viscous  : ( -0.0002172374127 -0.002872948795 -0.02430054396 )


liftDrag LD execute:
Viscous drag: 0.004159551577, pressure drag: 0.02503485608, porous drag: 0
Viscous lift: -3.718477348e-05, pressure lift: -0.4589634252, porous lift: 0
Total lift: -0.45900061, Front lift: -0.1389700255, Rear lift: -0.3200305845, Drag: 0.02919440766
Location of Center of Mass: ( 0.156259772 0.4851455039 -0.03143796203 )
Location of Center Of Pressure: ( 0.1990599033 0.4851455039 -0.02871569009 )


yPlus yPlus execute:
    patch Bottom y+ : min = 1.290852709, max = 402.1150593, average = 209.2784284
    patch Top y+ : min = 47.77272566, max = 408.9739691, average = 228.7728843
    patch e423_0 y+ : min = 80.88197515, max = 804.4927236, average = 409.9793759


################################################################################

Time = 269

Outer Loop Iteration = 269
smoothSolver:  Solving for Ux, Initial residual = 3.295960112e-06, Final residual = 8.016100059e-08, No Iterations 2
smoothSolver:  Solving for Uz, Initial residual = 1.228917899e-06, Final residual = 2.559032025e-08, No Iterations 2
GAMG:  Solving for p, Initial residual = 3.06272869e-06, Final residual = 1.712619372e-08, No Iterations 3
GAMG:  Solving for p, Initial residual = 3.461227922e-07, Final residual = 1.550197059e-09, No Iterations 3
GAMG:  Solving for p, Initial residual = 7.72578433e-08, Final residual = 2.811912729e-10, No Iterations 3
time step continuity errors (region0): sum local = 1.60200676e-11, global = 1.474934202e-12, cumulative = 1.569109596e-07
smoothSolver:  Solving for omega, Initial residual = 7.639315923e-08, Final residual = 7.153058331e-09, No Iterations 1
smoothSolver:  Solving for k, Initial residual = 1.090831365e-07, Final residual = 1.03656605e-08, No Iterations 1

ExecutionTime = 3.45 s  ExecutionStepTime = 0.01 s  ClockTime = 3 s

forces FR write:
    Sum of forces
        Total    : ( 0.3515571279 0 -5.527279885 )
        Pressure : ( 0.3014679184 0 -5.526832106 )
        Viscous  : ( 0.05008920947 0 -0.0004477795461 )
    Sum of moments
        Total    : ( -2.681534985 1.090163968 -0.1705563599 )
        Pressure : ( -2.681317747 1.093036918 -0.1462558052 )
        Viscous  : ( -0.0002172382335 -0.002872950499 -0.02430055477 )


liftDrag LD execute:
Viscous drag: 0.004159553427, pressure drag: 0.02503477149, porous drag: 0
Viscous lift: -3.718491398e-05, pressure lift: -0.4589641895, porous lift: 0
Total lift: -0.4590013744, Front lift: -0.1389703052, Rear lift: -0.3200310692, Drag: 0.02919432492
Location of Center of Mass: ( 0.156259772 0.4851455039 -0.03143796203 )
Location of Center Of Pressure: ( 0.1990597912 0.4851455039 -0.02871570947 )


yPlus yPlus execute:
    patch Bottom y+ : min = 1.290851424, max = 402.116129, average = 209.2790923
    patch Top y+ : min = 47.77256768, max = 408.9750657, average = 228.7733227
    patch e423_0 y+ : min = 80.88219774, max = 804.4929461, average = 409.9794683


################################################################################

Time = 270

Outer Loop Iteration = 270
smoothSolver:  Solving for Ux, Initial residual = 3.170963334e-06, Final residual = 7.77635828e-08, No Iterations 2
smoothSolver:  Solving for Uz, Initial residual = 1.153253072e-06, Final residual = 2.421810514e-08, No Iterations 2
GAMG:  Solving for p, Initial residual = 2.92771298e-06, Final residual = 1.622985871e-08, No Iterations 3
GAMG:  Solving for p, Initial residual = 3.290909046e-07, Final residual = 1.45643916e-09, No Iterations 3
GAMG:  Solving for p, Initial residual = 7.372275745e-08, Final residual = 2.678327495e-10, No Iterations 3
time step continuity errors (region0): sum local = 1.525892377e-11, global = 1.432949967e-12, cumulative = 1.569123925e-07
smoothSolver:  Solving for omega, Initial residual = 7.372420263e-08, Final residual = 6.900189615e-09, No Iterations 1
smoothSolver:  Solving for k, Initial residual = 1.051684191e-07, Final residual = 9.99292833e-09, No Iterations 1

ExecutionTime = 3.47 s  ExecutionStepTime = 0.02 s  ClockTime = 3 s

forces FR write:
    Sum of forces
        Total    : ( 0.3515561701 0 -5.527288711 )
        Pressure : ( 0.3014669391 0 -5.526840929 )
        Viscous  : ( 0.05008923097 0 -0.0004477811722 )
    Sum of moments
        Total    : ( -2.681539266 1.09016515 -0.1705558953 )
        Pressure : ( -2.681322027 1.093038102 -0.1462553301 )
        Viscous  : ( -0.0002172390224 -0.00287295214 -0.0243005652 )


liftDrag LD execute:
Viscous drag: 0.004159555212, pressure drag: 0.02503469017, porous drag: 0
Viscous lift: -3.718504902e-05, pressure lift: -0.4589649222, porous lift: 0
Total lift: -0.4590021073, Front lift: -0.1389705735, Rear lift: -0.3200315338, Drag: 0.02919424538
Location of Center of Mass: ( 0.156259772 0.4851455039 -0.03143796203 )
Location of Center Of Pressure: ( 0.1990596834 0.4851455039 -0.02871572809 )


yPlus yPlus execute:
    patch Bottom y+ : min = 1.290849768, max = 402.1171192, average = 209.2797022
    patch Top y+ : min = 47.77242573, max = 408.9760806, average = 228.7737152
    patch e423_0 y+ : min = 80.8824114, max = 804.4931613, average = 409.9795574


################################################################################

Time = 271

Outer Loop Iteration = 271
smoothSolver:  Solving for Ux, Initial residual = 3.0531171e-06, Final residual = 7.539585494e-08, No Iterations 2
smoothSolver:  Solving for Uz, Initial residual = 1.082425035e-06, Final residual = 2.294165624e-08, No Iterations 2
GAMG:  Solving for p, Initial residual = 2.797301034e-06, Final residual = 1.534371263e-08, No Iterations 3
GAMG:  Solving for p, Initial residual = 3.130471786e-07, Final residual = 1.366727232e-09, No Iterations 3
GAMG:  Solving for p, Initial residual = 7.0364092e-08, Final residual = 2.548252405e-10, No Iterations 3
time step continuity errors (region0): sum local = 1.451776119e-11, global = 1.38225221e-12, cumulative = 1.569137748e-07
smoothSolver:  Solving for omega, Initial residual = 7.117204881e-08, Final residual = 6.657813063e-09, No Iterations 1
smoothSolver:  Solving for k, Initial residual = 1.013937251e-07, Final residual = 9.633198095e-09, No Iterations 1

ExecutionTime = 3.48 s  ExecutionStepTime = 0.01 s  ClockTime = 3 s

forces FR write:
    Sum of forces
        Total    : ( 0.3515552504 0 -5.527297168 )
        Pressure : ( 0.3014659987 0 -5.526849385 )
        Viscous  : ( 0.0500892517 0 -0.0004477827291 )
    Sum of moments
        Total    : ( -2.68154337 1.090166281 -0.1705554491 )
        Pressure : ( -2.68132613 1.093039235 -0.1462548739 )
        Viscous  : ( -0.0002172397777 -0.002872953722 -0.02430057526 )


liftDrag LD execute:
Viscous drag: 0.004159556934, pressure drag: 0.02503461207, porous drag: 0
Viscous lift: -3.718517831e-05, pressure lift: -0.4589656244, porous lift: 0
Total lift: -0.4590028096, Front lift: -0.1389708307, Rear lift: -0.3200319789, Drag: 0.02919416901
Location of Center of Mass: ( 0.156259772 0.4851455039 -0.03143796203 )
Location of Center Of Pressure: ( 0.1990595799 0.4851455039 -0.02871574596 )


yPlus yPlus execute:
    patch Bottom y+ : min = 1.290847743, max = 402.1180291, average = 209.2802601
    patch Top y+ : min = 47.77229928, max = 408.9770128, average = 228.7740631
    patch e423_0 y+ : min = 80.88261634, max = 804.4933693, average = 409.9796433


################################################################################

Time = 272

Outer Loop Iteration = 272
smoothSolver:  Solving for Ux, Initial residual = 2.940477535e-06, Final residual = 7.30648155e-08, No Iterations 2
smoothSolver:  Solving for Uz, Initial residual = 1.017427554e-06, Final residual = 2.174702091e-08, No Iterations 2
GAMG:  Solving for p, Initial residual = 2.669121967e-06, Final residual = 1.44830851e-08, No Iterations 3
GAMG:  Solving for p, Initial residual = 2.978136767e-07, Final residual = 1.281444315e-09, No Iterations 3
GAMG:  Solving for p, Initial residual = 6.714195321e-08, Final residual = 2.420662649e-10, No Iterations 3
time step continuity errors (region0): sum local = 1.379083406e-11, global = 1.322757402e-12, cumulative = 1.569150975e-07
smoothSolver:  Solving for omega, Initial residual = 6.874489009e-08, Final residual = 6.426390411e-09, No Iterations 1
smoothSolver:  Solving for k, Initial residual = 9.775296456e-08, Final residual = 9.286084509e-09, No Iterations 1

ExecutionTime = 3.49 s  ExecutionStepTime = 0.01 s  ClockTime = 3 s

forces FR write:
    Sum of forces
        Total    : ( 0.3515543684 0 -5.527305269 )
        Pressure : ( 0.3014650967 0 -5.526857485 )
        Viscous  : ( 0.05008927171 0 -0.000447784214 )
    Sum of moments
        Total    : ( -2.6815473 1.090167364 -0.1705550212 )
        Pressure : ( -2.681330059 1.093040319 -0.1462544363 )
        Viscous  : ( -0.0002172404981 -0.002872955248 -0.02430058496 )


liftDrag LD execute:
Viscous drag: 0.004159558595, pressure drag: 0.02503453717, porous drag: 0
Viscous lift: -3.718530162e-05, pressure lift: -0.458966297, porous lift: 0
Total lift: -0.4590034823, Front lift: -0.1389710771, Rear lift: -0.3200324052, Drag: 0.02919409576
Location of Center of Mass: ( 0.156259772 0.4851455039 -0.03143796203 )
Location of Center Of Pressure: ( 0.1990594806 0.4851455039 -0.0287157631 )


yPlus yPlus execute:
    patch Bottom y+ : min = 1.290845354, max = 402.1188589, average = 209.280768
    patch Top y+ : min = 47.7721878, max = 408.9778619, average = 228.7743676
    patch e423_0 y+ : min = 80.88281272, max = 804.4935704, average = 409.9797262


################################################################################

Time = 273

Outer Loop Iteration = 273
smoothSolver:  Solving for Ux, Initial residual = 2.834796826e-06, Final residual = 7.07879199e-08, No Iterations 2
smoothSolver:  Solving for Uz, Initial residual = 9.571909044e-07, Final residual = 2.065524868e-08, No Iterations 2
GAMG:  Solving for p, Initial residual = 2.544618462e-06, Final residual = 1.366868906e-08, No Iterations 3
GAMG:  Solving for p, Initial residual = 2.832459536e-07, Final residual = 1.20047014e-09, No Iterations 3
GAMG:  Solving for p, Initial residual = 6.407533666e-08, Final residual = 2.295235454e-10, No Iterations 3
time step continuity errors (region0): sum local = 1.307630611e-11, global = 1.255105132e-12, cumulative = 1.569163526e-07
smoothSolver:  Solving for omega, Initial residual = 6.642207345e-08, Final residual = 6.206940147e-09, No Iterations 1
smoothSolver:  Solving for k, Initial residual = 9.424368008e-08, Final residual = 8.951708056e-09, No Iterations 1

ExecutionTime = 3.5 s  ExecutionStepTime = 0 s  ClockTime = 3 s

forces FR write:
    Sum of forces
        Total    : ( 0.3515535235 0 -5.527313026 )
        Pressure : ( 0.3014642325 0 -5.52686524 )
        Viscous  : ( 0.050089291 0 -0.0004477856249 )
    Sum of moments
        Total    : ( -2.681551063 1.0901684 -0.1705546113 )
        Pressure : ( -2.681333822 1.093041357 -0.146254017 )
        Viscous  : ( -0.0002172411826 -0.002872956721 -0.02430059432 )


liftDrag LD execute:
Viscous drag: 0.004159560198, pressure drag: 0.0250344654, porous drag: 0
Viscous lift: -3.718541878e-05, pressure lift: -0.458966941, porous lift: 0
Total lift: -0.4590041265, Front lift: -0.1389713132, Rear lift: -0.3200328133, Drag: 0.0291940256
Location of Center of Mass: ( 0.156259772 0.4851455039 -0.03143796203 )
Location of Center Of Pressure: ( 0.1990593853 0.4851455039 -0.02871577952 )


yPlus yPlus execute:
    patch Bottom y+ : min = 1.290842613, max = 402.1196092, average = 209.2812283
    patch Top y+ : min = 47.77209064, max = 408.9786284, average = 228.7746303
    patch e423_0 y+ : min = 80.88300076, max = 804.4937647, average = 409.9798061


################################################################################

Time = 274

Outer Loop Iteration = 274
smoothSolver:  Solving for Ux, Initial residual = 2.737637093e-06, Final residual = 6.855845005e-08, No Iterations 2
smoothSolver:  Solving for Uz, Initial residual = 9.018705449e-07, Final residual = 1.970074505e-08, No Iterations 2
GAMG:  Solving for p, Initial residual = 2.424281655e-06, Final residual = 1.292594065e-08, No Iterations 3
GAMG:  Solving for p, Initial residual = 2.695365447e-07, Final residual = 1.128432016e-09, No Iterations 3
GAMG:  Solving for p, Initial residual = 6.113537763e-08, Final residual = 2.1141511e-10, No Iterations 3
time step continuity errors (region0): sum local = 1.204467472e-11, global = 1.041065494e-12, cumulative = 1.569173937e-07
smoothSolver:  Solving for omega, Initial residual = 6.419582686e-08, Final residual = 5.996671869e-09, No Iterations 1
smoothSolver:  Solving for k, Initial residual = 9.085827204e-08, Final residual = 8.629154166e-09, No Iterations 1

ExecutionTime = 3.51 s  ExecutionStepTime = 0 s  ClockTime = 3 s

forces FR write:
    Sum of forces
        Total    : ( 0.3515527151 0 -5.527320449 )
        Pressure : ( 0.3014634055 0 -5.526872662 )
        Viscous  : ( 0.05008930961 0 -0.0004477869603 )
    Sum of moments
        Total    : ( -2.681554664 1.090169391 -0.1705542191 )
        Pressure : ( -2.681337422 1.093042349 -0.1462536157 )
        Viscous  : ( -0.0002172418305 -0.002872958143 -0.02430060335 )


liftDrag LD execute:
Viscous drag: 0.004159561743, pressure drag: 0.02503439672, porous drag: 0
Viscous lift: -3.718552967e-05, pressure lift: -0.4589675574, porous lift: 0
Total lift: -0.4590047429, Front lift: -0.1389715391, Rear lift: -0.3200332038, Drag: 0.02919395846
Location of Center of Mass: ( 0.156259772 0.4851455039 -0.03143796203 )
Location of Center Of Pressure: ( 0.1990592941 0.4851455039 -0.02871579524 )


yPlus yPlus execute:
    patch Bottom y+ : min = 1.290839533, max = 402.1202815, average = 209.2816433
    patch Top y+ : min = 47.77200704, max = 408.9793135, average = 228.7748532
    patch e423_0 y+ : min = 80.88318065, max = 804.4939524, average = 409.9798832


################################################################################

Time = 275

Outer Loop Iteration = 275
smoothSolver:  Solving for Ux, Initial residual = 2.646133228e-06, Final residual = 6.637511503e-08, No Iterations 2
smoothSolver:  Solving for Uz, Initial residual = 8.518081133e-07, Final residual = 1.890339529e-08, No Iterations 2
GAMG:  Solving for p, Initial residual = 2.310526987e-06, Final residual = 1.224242945e-08, No Iterations 3
GAMG:  Solving for p, Initial residual = 2.565084248e-07, Final residual = 1.059683697e-09, No Iterations 3
GAMG:  Solving for p, Initial residual = 5.834669118e-08, Final residual = 2.00576886e-10, No Iterations 3
time step continuity errors (region0): sum local = 1.142716629e-11, global = 9.875251656e-13, cumulative = 1.569183812e-07
smoothSolver:  Solving for omega, Initial residual = 6.205979815e-08, Final residual = 5.795332727e-09, No Iterations 1
smoothSolver:  Solving for k, Initial residual = 8.759478974e-08, Final residual = 8.317970652e-09, No Iterations 1

ExecutionTime = 3.53 s  ExecutionStepTime = 0.02 s  ClockTime = 3 s

forces FR write:
    Sum of forces
        Total    : ( 0.3515519423 0 -5.527327551 )
        Pressure : ( 0.3014626148 0 -5.526879763 )
        Viscous  : ( 0.05008932756 0 -0.0004477882194 )
    Sum of moments
        Total    : ( -2.68155811 1.090170339 -0.1705538442 )
        Pressure : ( -2.681340867 1.093043299 -0.1462532321 )
        Viscous  : ( -0.0002172424413 -0.002872959517 -0.02430061206 )


liftDrag LD execute:
Viscous drag: 0.004159563233, pressure drag: 0.02503433106, porous drag: 0
Viscous lift: -3.718563423e-05, pressure lift: -0.4589681471, porous lift: 0
Total lift: -0.4590053327, Front lift: -0.1389717552, Rear lift: -0.3200335775, Drag: 0.02919389429
Location of Center of Mass: ( 0.156259772 0.4851455039 -0.03143796203 )
Location of Center Of Pressure: ( 0.1990592068 0.4851455039 -0.02871581027 )


yPlus yPlus execute:
    patch Bottom y+ : min = 1.29083613, max = 402.1208777, average = 209.2820156
    patch Top y+ : min = 47.77193633, max = 408.9799189, average = 228.7750382
    patch e423_0 y+ : min = 80.88335263, max = 804.4941338, average = 409.9799574


################################################################################

Time = 276

Outer Loop Iteration = 276
smoothSolver:  Solving for Ux, Initial residual = 2.559798607e-06, Final residual = 6.424133284e-08, No Iterations 2
smoothSolver:  Solving for Uz, Initial residual = 8.067576666e-07, Final residual = 1.819899351e-08, No Iterations 2
GAMG:  Solving for p, Initial residual = 2.203309558e-06, Final residual = 1.163691632e-08, No Iterations 3
GAMG:  Solving for p, Initial residual = 2.441155678e-07, Final residual = 9.971831271e-10, No Iterations 3
GAMG:  Solving for p, Initial residual = 5.570314959e-08, Final residual = 1.903608608e-10, No Iterations 3
time step continuity errors (region0): sum local = 1.084511358e-11, global = 9.369395611e-13, cumulative = 1.569193182e-07
smoothSolver:  Solving for omega, Initial residual = 6.000867659e-08, Final residual = 5.602423686e-09, No Iterations 1
smoothSolver:  Solving for k, Initial residual = 8.445095092e-08, Final residual = 8.01775405e-09, No Iterations 1

ExecutionTime = 3.54 s  ExecutionStepTime = 0.01 s  ClockTime = 3 s

forces FR write:
    Sum of forces
        Total    : ( 0.3515512045 0 -5.527334344 )
        Pressure : ( 0.3014618596 0 -5.526886554 )
        Viscous  : ( 0.05008934486 0 -0.0004477894019 )
    Sum of moments
        Total    : ( -2.681561405 1.090171246 -0.1705534862 )
        Pressure : ( -2.681344162 1.093044207 -0.1462528658 )
        Viscous  : ( -0.000217243015 -0.002872960846 -0.02430062045 )


liftDrag LD execute:
Viscous drag: 0.00415956467, pressure drag: 0.02503426835, porous drag: 0
Viscous lift: -3.718573244e-05, pressure lift: -0.458968711, porous lift: 0
Total lift: -0.4590058968, Front lift: -0.138971962, Rear lift: -0.3200339348, Drag: 0.02919383302
Location of Center of Mass: ( 0.156259772 0.4851455039 -0.03143796203 )
Location of Center Of Pressure: ( 0.1990591233 0.4851455039 -0.02871582464 )


yPlus yPlus execute:
    patch Bottom y+ : min = 1.290832424, max = 402.1214001, average = 209.2823479
    patch Top y+ : min = 47.77187761, max = 408.980447, average = 228.7751874
    patch e423_0 y+ : min = 80.8835169, max = 804.4943089, average = 409.980029


################################################################################

Time = 277

Outer Loop Iteration = 277
smoothSolver:  Solving for Ux, Initial residual = 2.478163126e-06, Final residual = 6.216527762e-08, No Iterations 2
smoothSolver:  Solving for Uz, Initial residual = 7.668715999e-07, Final residual = 1.757370895e-08, No Iterations 2
GAMG:  Solving for p, Initial residual = 2.100892849e-06, Final residual = 1.109094317e-08, No Iterations 3
GAMG:  Solving for p, Initial residual = 2.324242471e-07, Final residual = 9.435158751e-10, No Iterations 3
GAMG:  Solving for p, Initial residual = 5.318425444e-08, Final residual = 1.818464513e-10, No Iterations 3
time step continuity errors (region0): sum local = 1.036005478e-11, global = 9.103429408e-13, cumulative = 1.569202285e-07
smoothSolver:  Solving for omega, Initial residual = 5.803318151e-08, Final residual = 5.41651233e-09, No Iterations 1
smoothSolver:  Solving for k, Initial residual = 8.141830941e-08, Final residual = 7.728157808e-09, No Iterations 1

ExecutionTime = 3.54 s  ExecutionStepTime = 0 s  ClockTime = 3 s

forces FR write:
    Sum of forces
        Total    : ( 0.3515505007 0 -5.527340838 )
        Pressure : ( 0.3014611391 0 -5.526893047 )
        Viscous  : ( 0.05008936154 0 -0.0004477905082 )
    Sum of moments
        Total    : ( -2.681564556 1.090172113 -0.1705531448 )
        Pressure : ( -2.681347312 1.093045075 -0.1462525162 )
        Viscous  : ( -0.0002172435517 -0.00287296213 -0.02430062854 )


liftDrag LD execute:
Viscous drag: 0.004159566056, pressure drag: 0.02503420852, porous drag: 0
Viscous lift: -3.718582431e-05, pressure lift: -0.4589692502, porous lift: 0
Total lift: -0.4590064361, Front lift: -0.1389721596, Rear lift: -0.3200342765, Drag: 0.02919377457
Location of Center of Mass: ( 0.156259772 0.4851455039 -0.03143796203 )
Location of Center Of Pressure: ( 0.1990590436 0.4851455039 -0.02871583836 )


yPlus yPlus execute:
    patch Bottom y+ : min = 1.290828436, max = 402.1218517, average = 209.2826426
    patch Top y+ : min = 47.77183009, max = 408.9809004, average = 228.775303
    patch e423_0 y+ : min = 80.88367371, max = 804.4944779, average = 409.9800979


################################################################################

Time = 278

Outer Loop Iteration = 278
smoothSolver:  Solving for Ux, Initial residual = 2.400432997e-06, Final residual = 6.012912601e-08, No Iterations 2
smoothSolver:  Solving for Uz, Initial residual = 7.314665275e-07, Final residual = 1.695840925e-08, No Iterations 2
GAMG:  Solving for p, Initial residual = 2.005187982e-06, Final residual = 1.058633854e-08, No Iterations 3
GAMG:  Solving for p, Initial residual = 2.214900615e-07, Final residual = 8.904841385e-10, No Iterations 3
GAMG:  Solving for p, Initial residual = 5.076566698e-08, Final residual = 1.723923085e-10, No Iterations 3
time step continuity errors (region0): sum local = 9.821452396e-12, global = 8.542641662e-13, cumulative = 1.569210828e-07
smoothSolver:  Solving for omega, Initial residual = 5.613361906e-08, Final residual = 5.237735302e-09, No Iterations 1
smoothSolver:  Solving for k, Initial residual = 7.849322905e-08, Final residual = 7.448673974e-09, No Iterations 1

ExecutionTime = 3.56 s  ExecutionStepTime = 0.02 s  ClockTime = 3 s

forces FR write:
    Sum of forces
        Total    : ( 0.35154983 0 -5.527347045 )
        Pressure : ( 0.3014604524 0 -5.526899254 )
        Viscous  : ( 0.05008937762 0 -0.000447791539 )
    Sum of moments
        Total    : ( -2.681567567 1.090172943 -0.1705528194 )
        Pressure : ( -2.681350323 1.093045906 -0.1462521831 )
        Viscous  : ( -0.0002172440518 -0.002872963372 -0.02430063634 )


liftDrag LD execute:
Viscous drag: 0.004159567391, pressure drag: 0.02503415149, porous drag: 0
Viscous lift: -3.718590991e-05, pressure lift: -0.4589697656, porous lift: 0
Total lift: -0.4590069515, Front lift: -0.1389723485, Rear lift: -0.3200346031, Drag: 0.02919371888
Location of Center of Mass: ( 0.156259772 0.4851455039 -0.03143796203 )
Location of Center Of Pressure: ( 0.1990589674 0.4851455039 -0.02871585145 )


yPlus yPlus execute:
    patch Bottom y+ : min = 1.290824191, max = 402.1222359, average = 209.2829026
    patch Top y+ : min = 47.77179291, max = 408.9812822, average = 228.7753874
    patch e423_0 y+ : min = 80.88382329, max = 804.4946409, average = 409.9801642


################################################################################

Time = 279

Outer Loop Iteration = 279
smoothSolver:  Solving for Ux, Initial residual = 2.326703859e-06, Final residual = 5.813861457e-08, No Iterations 2
smoothSolver:  Solving for Uz, Initial residual = 6.993790569e-07, Final residual = 1.639649469e-08, No Iterations 2
GAMG:  Solving for p, Initial residual = 1.915548021e-06, Final residual = 1.011206719e-08, No Iterations 3
GAMG:  Solving for p, Initial residual = 2.116814855e-07, Final residual = 8.409476467e-10, No Iterations 3
GAMG:  Solving for p, Initial residual = 4.845821297e-08, Final residual = 1.646835661e-10, No Iterations 3
time step continuity errors (region0): sum local = 9.382204959e-12, global = 8.190167661e-13, cumulative = 1.569219018e-07
smoothSolver:  Solving for omega, Initial residual = 5.429688482e-08, Final residual = 5.064119159e-09, No Iterations 1
smoothSolver:  Solving for k, Initial residual = 7.567362579e-08, Final residual = 7.179581731e-09, No Iterations 1

ExecutionTime = 3.57 s  ExecutionStepTime = 0.01 s  ClockTime = 3 s

forces FR write:
    Sum of forces
        Total    : ( 0.3515491916 0 -5.527352977 )
        Pressure : ( 0.3014597985 0 -5.526905184 )
        Viscous  : ( 0.05008939311 0 -0.0004477924956 )
    Sum of moments
        Total    : ( -2.681570445 1.090173736 -0.1705525097 )
        Pressure : ( -2.6813532 1.0930467 -0.1462518658 )
        Viscous  : ( -0.0002172445159 -0.002872964574 -0.02430064386 )


liftDrag LD execute:
Viscous drag: 0.004159568677, pressure drag: 0.02503409718, porous drag: 0
Viscous lift: -3.718598934e-05, pressure lift: -0.4589702581, porous lift: 0
Total lift: -0.4590074441, Front lift: -0.1389725289, Rear lift: -0.3200349152, Drag: 0.02919366586
Location of Center of Mass: ( 0.156259772 0.4851455039 -0.03143796203 )
Location of Center Of Pressure: ( 0.1990588947 0.4851455039 -0.02871586394 )


yPlus yPlus execute:
    patch Bottom y+ : min = 1.290819712, max = 402.1225561, average = 209.2831305
    patch Top y+ : min = 47.77176526, max = 408.9815954, average = 228.7754428
    patch e423_0 y+ : min = 80.88396589, max = 804.4947982, average = 409.9802281


################################################################################

Time = 280

Outer Loop Iteration = 280
smoothSolver:  Solving for Ux, Initial residual = 2.255586303e-06, Final residual = 5.61744938e-08, No Iterations 2
smoothSolver:  Solving for Uz, Initial residual = 6.709094669e-07, Final residual = 1.581759069e-08, No Iterations 2
GAMG:  Solving for p, Initial residual = 1.834667998e-06, Final residual = 9.674602366e-09, No Iterations 3
GAMG:  Solving for p, Initial residual = 2.026698233e-07, Final residual = 7.968067895e-10, No Iterations 3
GAMG:  Solving for p, Initial residual = 4.626733924e-08, Final residual = 1.559954602e-10, No Iterations 3
time step continuity errors (region0): sum local = 8.88725632e-12, global = 7.638841132e-13, cumulative = 1.569226657e-07
smoothSolver:  Solving for omega, Initial residual = 5.252235634e-08, Final residual = 4.894677262e-09, No Iterations 1
smoothSolver:  Solving for k, Initial residual = 7.295504955e-08, Final residual = 6.920412571e-09, No Iterations 1

ExecutionTime = 3.57 s  ExecutionStepTime = 0 s  ClockTime = 3 s

forces FR write:
    Sum of forces
        Total    : ( 0.3515485843 0 -5.527358644 )
        Pressure : ( 0.3014591762 0 -5.52691085 )
        Viscous  : ( 0.05008940804 0 -0.0004477933794 )
    Sum of moments
        Total    : ( -2.681573194 1.090174494 -0.170552215 )
        Pressure : ( -2.681355949 1.09304746 -0.1462515639 )
        Viscous  : ( -0.0002172449447 -0.002872965738 -0.0243006511 )


liftDrag LD execute:
Viscous drag: 0.004159569917, pressure drag: 0.02503404551, porous drag: 0
Viscous lift: -3.718606274e-05, pressure lift: -0.4589707287, porous lift: 0
Total lift: -0.4590079147, Front lift: -0.1389727012, Rear lift: -0.3200352135, Drag: 0.02919361543
Location of Center of Mass: ( 0.156259772 0.4851455039 -0.03143796203 )
Location of Center Of Pressure: ( 0.1990588255 0.4851455039 -0.02871587584 )


yPlus yPlus execute:
    patch Bottom y+ : min = 1.290815027, max = 402.1228161, average = 209.2833289
    patch Top y+ : min = 47.77174627, max = 408.9818438, average = 228.7754717
    patch e423_0 y+ : min = 80.88410175, max = 804.4949498, average = 409.9802896


################################################################################

Time = 281

Outer Loop Iteration = 281
smoothSolver:  Solving for Ux, Initial residual = 2.187416751e-06, Final residual = 5.424088355e-08, No Iterations 2
smoothSolver:  Solving for Uz, Initial residual = 6.455953689e-07, Final residual = 1.525433434e-08, No Iterations 2
GAMG:  Solving for p, Initial residual = 1.761937156e-06, Final residual = 9.26536081e-09, No Iterations 3
GAMG:  Solving for p, Initial residual = 1.942209462e-07, Final residual = 7.553877196e-10, No Iterations 3
GAMG:  Solving for p, Initial residual = 4.419006766e-08, Final residual = 4.391773344e-10, No Iterations 2
time step continuity errors (region0): sum local = 2.502057387e-11, global = 1.364001506e-12, cumulative = 1.569240297e-07
smoothSolver:  Solving for omega, Initial residual = 5.080666235e-08, Final residual = 4.731789644e-09, No Iterations 1
smoothSolver:  Solving for k, Initial residual = 7.033296474e-08, Final residual = 6.670344238e-09, No Iterations 1

ExecutionTime = 3.58 s  ExecutionStepTime = 0.01 s  ClockTime = 3 s

forces FR write:
    Sum of forces
        Total    : ( 0.3515480075 0 -5.527364056 )
        Pressure : ( 0.3014585851 0 -5.526916262 )
        Viscous  : ( 0.05008942242 0 -0.0004477941924 )
    Sum of moments
        Total    : ( -2.68157582 1.090175219 -0.1705519352 )
        Pressure : ( -2.681358574 1.093048186 -0.1462512772 )
        Viscous  : ( -0.0002172453391 -0.002872966864 -0.02430065808 )


liftDrag LD execute:
Viscous drag: 0.004159571111, pressure drag: 0.02503399642, porous drag: 0
Viscous lift: -3.718613025e-05, pressure lift: -0.458971178, porous lift: 0
Total lift: -0.4590083641, Front lift: -0.1389728657, Rear lift: -0.3200354984, Drag: 0.02919356754
Location of Center of Mass: ( 0.156259772 0.4851455039 -0.03143796203 )
Location of Center Of Pressure: ( 0.1990587595 0.4851455039 -0.02871588717 )


yPlus yPlus execute:
    patch Bottom y+ : min = 1.290810163, max = 402.1230196, average = 209.2835004
    patch Top y+ : min = 47.77173537, max = 408.9820311, average = 228.7754765
    patch e423_0 y+ : min = 80.88423113, max = 804.495096, average = 409.9803487


################################################################################

Time = 282

Outer Loop Iteration = 282
smoothSolver:  Solving for Ux, Initial residual = 2.121476808e-06, Final residual = 5.233866037e-08, No Iterations 2
smoothSolver:  Solving for Uz, Initial residual = 6.229096251e-07, Final residual = 1.474173643e-08, No Iterations 2
GAMG:  Solving for p, Initial residual = 1.697324388e-06, Final residual = 9.030673728e-09, No Iterations 3
GAMG:  Solving for p, Initial residual = 1.864682762e-07, Final residual = 7.300515419e-10, No Iterations 3
GAMG:  Solving for p, Initial residual = 4.226709235e-08, Final residual = 4.180199826e-10, No Iterations 2
time step continuity errors (region0): sum local = 2.381504462e-11, global = 1.244526551e-12, cumulative = 1.569252742e-07
smoothSolver:  Solving for omega, Initial residual = 4.914577843e-08, Final residual = 4.575977665e-09, No Iterations 1
smoothSolver:  Solving for k, Initial residual = 6.780527149e-08, Final residual = 6.429139438e-09, No Iterations 1

ExecutionTime = 3.6 s  ExecutionStepTime = 0.02 s  ClockTime = 3 s

forces FR write:
    Sum of forces
        Total    : ( 0.351547459 0 -5.527369228 )
        Pressure : ( 0.3014580228 0 -5.526921433 )
        Viscous  : ( 0.05008943626 0 -0.0004477949368 )
    Sum of moments
        Total    : ( -2.681578329 1.090175913 -0.1705516691 )
        Pressure : ( -2.681361083 1.093048881 -0.1462510044 )
        Viscous  : ( -0.0002172457002 -0.002872967955 -0.02430066479 )


liftDrag LD execute:
Viscous drag: 0.00415957226, pressure drag: 0.02503394973, porous drag: 0
Viscous lift: -3.718619207e-05, pressure lift: -0.4589716075, porous lift: 0
Total lift: -0.4590087937, Front lift: -0.1389730228, Rear lift: -0.3200357708, Drag: 0.02919352199
Location of Center of Mass: ( 0.156259772 0.4851455039 -0.03143796203 )
Location of Center Of Pressure: ( 0.1990586966 0.4851455039 -0.02871589796 )


yPlus yPlus execute:
    patch Bottom y+ : min = 1.290805147, max = 402.1231701, average = 209.2836474
    patch Top y+ : min = 47.77173102, max = 408.9821611, average = 228.7754596
    patch e423_0 y+ : min = 80.88435425, max = 804.4952367, average = 409.9804056


################################################################################

Time = 283

Outer Loop Iteration = 283
smoothSolver:  Solving for Ux, Initial residual = 2.057001625e-06, Final residual = 5.047658686e-08, No Iterations 2
smoothSolver:  Solving for Uz, Initial residual = 6.032037652e-07, Final residual = 1.422735903e-08, No Iterations 2
GAMG:  Solving for p, Initial residual = 1.638179319e-06, Final residual = 8.681425676e-09, No Iterations 3
GAMG:  Solving for p, Initial residual = 1.790867124e-07, Final residual = 6.986299485e-10, No Iterations 3
GAMG:  Solving for p, Initial residual = 4.04325565e-08, Final residual = 3.99510523e-10, No Iterations 2
time step continuity errors (region0): sum local = 2.276052373e-11, global = 1.080587531e-12, cumulative = 1.569263548e-07
smoothSolver:  Solving for omega, Initial residual = 4.754583501e-08, Final residual = 4.426252464e-09, No Iterations 1
smoothSolver:  Solving for k, Initial residual = 6.536617977e-08, Final residual = 6.196437044e-09, No Iterations 1

ExecutionTime = 3.61 s  ExecutionStepTime = 0.01 s  ClockTime = 3 s

forces FR write:
    Sum of forces
        Total    : ( 0.3515469387 0 -5.527374166 )
        Pressure : ( 0.3014574891 0 -5.526926371 )
        Viscous  : ( 0.05008944959 0 -0.0004477956154 )
    Sum of moments
        Total    : ( -2.681580725 1.090176577 -0.1705514167 )
        Pressure : ( -2.681363479 1.093049546 -0.1462507454 )
        Viscous  : ( -0.0002172460295 -0.00287296901 -0.02430067126 )


liftDrag LD execute:
Viscous drag: 0.004159573367, pressure drag: 0.02503390541, porous drag: 0
Viscous lift: -3.718624843e-05, pressure lift: -0.4589720175, porous lift: 0
Total lift: -0.4590092038, Front lift: -0.1389731728, Rear lift: -0.320036031, Drag: 0.02919347878
Location of Center of Mass: ( 0.156259772 0.4851455039 -0.03143796203 )
Location of Center Of Pressure: ( 0.1990586368 0.4851455039 -0.02871590823 )


yPlus yPlus execute:
    patch Bottom y+ : min = 1.290800007, max = 402.1232714, average = 209.2837723
    patch Top y+ : min = 47.77173326, max = 408.9822383, average = 228.7754233
    patch e423_0 y+ : min = 80.88447142, max = 804.4953723, average = 409.9804602


################################################################################

Time = 284

Outer Loop Iteration = 284
smoothSolver:  Solving for Ux, Initial residual = 1.993589686e-06, Final residual = 4.864856351e-08, No Iterations 2
smoothSolver:  Solving for Uz, Initial residual = 5.857710059e-07, Final residual = 1.372568113e-08, No Iterations 2
GAMG:  Solving for p, Initial residual = 1.583471383e-06, Final residual = 8.357559781e-09, No Iterations 3
GAMG:  Solving for p, Initial residual = 1.721851088e-07, Final residual = 6.707923943e-10, No Iterations 3
GAMG:  Solving for p, Initial residual = 3.871344698e-08, Final residual = 3.784245608e-10, No Iterations 2
time step continuity errors (region0): sum local = 2.155924933e-11, global = 8.887653622e-13, cumulative = 1.569272435e-07
smoothSolver:  Solving for omega, Initial residual = 4.600139815e-08, Final residual = 4.281053959e-09, No Iterations 1
smoothSolver:  Solving for k, Initial residual = 6.301312361e-08, Final residual = 5.971997499e-09, No Iterations 1

ExecutionTime = 3.61 s  ExecutionStepTime = 0 s  ClockTime = 3 s

forces FR write:
    Sum of forces
        Total    : ( 0.3515464453 0 -5.527378883 )
        Pressure : ( 0.3014569829 0 -5.526931087 )
        Viscous  : ( 0.05008946242 0 -0.0004477962308 )
    Sum of moments
        Total    : ( -2.681583013 1.090177212 -0.1705511773 )
        Pressure : ( -2.681365767 1.093050182 -0.1462504998 )
        Viscous  : ( -0.000217246328 -0.002872970033 -0.02430067748 )


liftDrag LD execute:
Viscous drag: 0.004159574433, pressure drag: 0.02503386337, porous drag: 0
Viscous lift: -3.718629953e-05, pressure lift: -0.4589724091, porous lift: 0
Total lift: -0.4590095954, Front lift: -0.1389733159, Rear lift: -0.3200362795, Drag: 0.0291934378
Location of Center of Mass: ( 0.156259772 0.4851455039 -0.03143796203 )
Location of Center Of Pressure: ( 0.1990585798 0.4851455039 -0.02871591799 )


yPlus yPlus execute:
    patch Bottom y+ : min = 1.290794769, max = 402.1233274, average = 209.2838776
    patch Top y+ : min = 47.77174094, max = 408.9822668, average = 228.77537
    patch e423_0 y+ : min = 80.88458286, max = 804.4955027, average = 409.9805128


################################################################################

Time = 285

Outer Loop Iteration = 285
smoothSolver:  Solving for Ux, Initial residual = 1.931024861e-06, Final residual = 4.688403412e-08, No Iterations 2
smoothSolver:  Solving for Uz, Initial residual = 5.702811925e-07, Final residual = 1.328463191e-08, No Iterations 2
GAMG:  Solving for p, Initial residual = 1.532719281e-06, Final residual = 8.060105752e-09, No Iterations 3
GAMG:  Solving for p, Initial residual = 1.657197012e-07, Final residual = 6.41315107e-10, No Iterations 3
GAMG:  Solving for p, Initial residual = 3.70723418e-08, Final residual = 3.560051265e-10, No Iterations 2
time step continuity errors (region0): sum local = 2.028197897e-11, global = 6.266695611e-13, cumulative = 1.569278702e-07
smoothSolver:  Solving for omega, Initial residual = 4.450320947e-08, Final residual = 4.143547928e-09, No Iterations 1
smoothSolver:  Solving for k, Initial residual = 6.074275407e-08, Final residual = 5.755663881e-09, No Iterations 1

ExecutionTime = 3.63 s  ExecutionStepTime = 0.02 s  ClockTime = 3 s

forces FR write:
    Sum of forces
        Total    : ( 0.3515459775 0 -5.527383387 )
        Pressure : ( 0.3014565028 0 -5.52693559 )
        Viscous  : ( 0.05008947476 0 -0.0004477967859 )
    Sum of moments
        Total    : ( -2.681585198 1.090177819 -0.1705509504 )
        Pressure : ( -2.681367952 1.09305079 -0.1462502669 )
        Viscous  : ( -0.0002172465973 -0.002872971023 -0.02430068347 )


liftDrag LD execute:
Viscous drag: 0.004159575458, pressure drag: 0.0250338235, porous drag: 0
Viscous lift: -3.718634563e-05, pressure lift: -0.4589727831, porous lift: 0
Total lift: -0.4590099695, Front lift: -0.1389734525, Rear lift: -0.320036517, Drag: 0.02919339896
Location of Center of Mass: ( 0.156259772 0.4851455039 -0.03143796203 )
Location of Center Of Pressure: ( 0.1990585257 0.4851455039 -0.02871592728 )


yPlus yPlus execute:
    patch Bottom y+ : min = 1.29078946, max = 402.1233416, average = 209.2839654
    patch Top y+ : min = 47.77175342, max = 408.9822506, average = 228.7753018
    patch e423_0 y+ : min = 80.88468882, max = 804.4956282, average = 409.9805633


################################################################################

Time = 286

Outer Loop Iteration = 286
smoothSolver:  Solving for Ux, Initial residual = 1.869296732e-06, Final residual = 4.517408e-08, No Iterations 2
smoothSolver:  Solving for Uz, Initial residual = 5.55895693e-07, Final residual = 1.289570344e-08, No Iterations 2
GAMG:  Solving for p, Initial residual = 1.485760277e-06, Final residual = 7.781902133e-09, No Iterations 3
GAMG:  Solving for p, Initial residual = 1.595932054e-07, Final residual = 6.189088346e-10, No Iterations 3
GAMG:  Solving for p, Initial residual = 3.554158231e-08, Final residual = 3.37881471e-10, No Iterations 2
time step continuity errors (region0): sum local = 1.924967086e-11, global = 4.777439948e-13, cumulative = 1.56928348e-07
smoothSolver:  Solving for omega, Initial residual = 4.305281429e-08, Final residual = 4.009938568e-09, No Iterations 1
smoothSolver:  Solving for k, Initial residual = 5.855222166e-08, Final residual = 5.547229801e-09, No Iterations 1

ExecutionTime = 3.64 s  ExecutionStepTime = 0.01 s  ClockTime = 3 s

forces FR write:
    Sum of forces
        Total    : ( 0.3515455343 0 -5.52738769 )
        Pressure : ( 0.3014560477 0 -5.526939892 )
        Viscous  : ( 0.05008948664 0 -0.0004477972838 )
    Sum of moments
        Total    : ( -2.681587286 1.090178401 -0.1705507354 )
        Pressure : ( -2.681370039 1.093051373 -0.1462500462 )
        Viscous  : ( -0.0002172468389 -0.002872971981 -0.02430068923 )


liftDrag LD execute:
Viscous drag: 0.004159576444, pressure drag: 0.02503378571, porous drag: 0
Viscous lift: -3.718638698e-05, pressure lift: -0.4589731404, porous lift: 0
Total lift: -0.4590103268, Front lift: -0.1389735828, Rear lift: -0.320036744, Drag: 0.02919336215
Location of Center of Mass: ( 0.156259772 0.4851455039 -0.03143796203 )
Location of Center Of Pressure: ( 0.1990584742 0.4851455039 -0.0287159361 )


yPlus yPlus execute:
    patch Bottom y+ : min = 1.290784107, max = 402.1233178, average = 209.2840379
    patch Top y+ : min = 47.77176999, max = 408.9821941, average = 228.7752211
    patch e423_0 y+ : min = 80.88478955, max = 804.4957489, average = 409.9806118


################################################################################

Time = 287

Outer Loop Iteration = 287
smoothSolver:  Solving for Ux, Initial residual = 1.80951031e-06, Final residual = 4.350773615e-08, No Iterations 2
smoothSolver:  Solving for Uz, Initial residual = 5.425097261e-07, Final residual = 1.252543177e-08, No Iterations 2
GAMG:  Solving for p, Initial residual = 1.441686527e-06, Final residual = 7.521194085e-09, No Iterations 3
GAMG:  Solving for p, Initial residual = 1.537695012e-07, Final residual = 5.99234342e-10, No Iterations 3
GAMG:  Solving for p, Initial residual = 3.41140935e-08, Final residual = 3.197943882e-10, No Iterations 2
time step continuity errors (region0): sum local = 1.821908465e-11, global = 2.830522538e-13, cumulative = 1.56928631e-07
smoothSolver:  Solving for omega, Initial residual = 4.16447133e-08, Final residual = 3.880507496e-09, No Iterations 1
smoothSolver:  Solving for k, Initial residual = 5.64384753e-08, Final residual = 5.346274026e-09, No Iterations 1

ExecutionTime = 3.64 s  ExecutionStepTime = 0 s  ClockTime = 3 s

forces FR write:
    Sum of forces
        Total    : ( 0.3515451146 0 -5.527391799 )
        Pressure : ( 0.3014556165 0 -5.526944002 )
        Viscous  : ( 0.05008949806 0 -0.0004477977278 )
    Sum of moments
        Total    : ( -2.68158928 1.090178958 -0.1705505317 )
        Pressure : ( -2.681372032 1.093051931 -0.146249837 )
        Viscous  : ( -0.0002172470543 -0.002872972909 -0.02430069478 )


liftDrag LD execute:
Viscous drag: 0.004159577393, pressure drag: 0.0250337499, porous drag: 0
Viscous lift: -3.718642384e-05, pressure lift: -0.4589734816, porous lift: 0
Total lift: -0.4590106681, Front lift: -0.1389737072, Rear lift: -0.3200369608, Drag: 0.02919332729
Location of Center of Mass: ( 0.156259772 0.4851455039 -0.03143796203 )
Location of Center Of Pressure: ( 0.1990584253 0.4851455039 -0.02871594448 )


yPlus yPlus execute:
    patch Bottom y+ : min = 1.290778733, max = 402.1232597, average = 209.2840971
    patch Top y+ : min = 47.77178995, max = 408.9821012, average = 228.7751297
    patch e423_0 y+ : min = 80.8848853, max = 804.495865, average = 409.9806583


################################################################################

Time = 288

Outer Loop Iteration = 288
smoothSolver:  Solving for Ux, Initial residual = 1.751045138e-06, Final residual = 4.187744273e-08, No Iterations 2
smoothSolver:  Solving for Uz, Initial residual = 5.293802286e-07, Final residual = 1.216319487e-08, No Iterations 2
GAMG:  Solving for p, Initial residual = 1.402782846e-06, Final residual = 7.27203342e-09, No Iterations 3
GAMG:  Solving for p, Initial residual = 1.482026204e-07, Final residual = 5.7964476e-10, No Iterations 3
GAMG:  Solving for p, Initial residual = 3.276473344e-08, Final residual = 3.02732447e-10, No Iterations 2
time step continuity errors (region0): sum local = 1.724699213e-11, global = 1.153385458e-13, cumulative = 1.569287464e-07
smoothSolver:  Solving for omega, Initial residual = 4.027310194e-08, Final residual = 3.753623933e-09, No Iterations 1
smoothSolver:  Solving for k, Initial residual = 5.439881534e-08, Final residual = 5.152596358e-09, No Iterations 1

ExecutionTime = 3.66 s  ExecutionStepTime = 0.02 s  ClockTime = 3 s

forces FR write:
    Sum of forces
        Total    : ( 0.351544717 0 -5.527395726 )
        Pressure : ( 0.301455208 0 -5.526947928 )
        Viscous  : ( 0.05008950905 0 -0.0004477981211 )
    Sum of moments
        Total    : ( -2.681591184 1.090179491 -0.1705503389 )
        Pressure : ( -2.681373937 1.093052465 -0.1462496388 )
        Viscous  : ( -0.0002172472451 -0.002872973807 -0.0243007001 )


liftDrag LD execute:
Viscous drag: 0.004159578305, pressure drag: 0.02503371598, porous drag: 0
Viscous lift: -3.71864565e-05, pressure lift: -0.4589738077, porous lift: 0
Total lift: -0.4590109941, Front lift: -0.138973826, Rear lift: -0.3200371682, Drag: 0.02919329428
Location of Center of Mass: ( 0.156259772 0.4851455039 -0.03143796203 )
Location of Center Of Pressure: ( 0.1990583788 0.4851455039 -0.02871595245 )


yPlus yPlus execute:
    patch Bottom y+ : min = 1.290773363, max = 402.1231712, average = 209.2841451
    patch Top y+ : min = 47.77181267, max = 408.981976, average = 228.7750298
    patch e423_0 y+ : min = 80.88497632, max = 804.4959765, average = 409.980703


################################################################################

Time = 289

Outer Loop Iteration = 289
smoothSolver:  Solving for Ux, Initial residual = 1.693599166e-06, Final residual = 4.030222919e-08, No Iterations 2
smoothSolver:  Solving for Uz, Initial residual = 5.164107037e-07, Final residual = 1.181130222e-08, No Iterations 2
GAMG:  Solving for p, Initial residual = 1.365297551e-06, Final residual = 7.041965839e-09, No Iterations 3
GAMG:  Solving for p, Initial residual = 1.429849124e-07, Final residual = 5.618594521e-10, No Iterations 3
GAMG:  Solving for p, Initial residual = 3.149869528e-08, Final residual = 2.868328604e-10, No Iterations 2
time step continuity errors (region0): sum local = 1.634117098e-11, global = -2.31747513e-14, cumulative = 1.569287232e-07
smoothSolver:  Solving for omega, Initial residual = 3.8934952e-08, Final residual = 3.631631806e-09, No Iterations 1
smoothSolver:  Solving for k, Initial residual = 5.243115475e-08, Final residual = 4.966082851e-09, No Iterations 1

ExecutionTime = 3.67 s  ExecutionStepTime = 0.01 s  ClockTime = 3 s

forces FR write:
    Sum of forces
        Total    : ( 0.3515443407 0 -5.527399478 )
        Pressure : ( 0.3014548211 0 -5.526951679 )
        Viscous  : ( 0.0500895196 0 -0.0004477984671 )
    Sum of moments
        Total    : ( -2.681593005 1.090180002 -0.1705501563 )
        Pressure : ( -2.681375757 1.093052976 -0.1462494511 )
        Viscous  : ( -0.0002172474129 -0.002872974677 -0.02430070523 )


liftDrag LD execute:
Viscous drag: 0.004159579181, pressure drag: 0.02503368385, porous drag: 0
Viscous lift: -3.718648523e-05, pressure lift: -0.4589741192, porous lift: 0
Total lift: -0.4590113057, Front lift: -0.1389739393, Rear lift: -0.3200373664, Drag: 0.02919326303
Location of Center of Mass: ( 0.156259772 0.4851455039 -0.03143796203 )
Location of Center Of Pressure: ( 0.1990583346 0.4851455039 -0.02871596003 )


yPlus yPlus execute:
    patch Bottom y+ : min = 1.290768021, max = 402.1230557, average = 209.2841836
    patch Top y+ : min = 47.77183757, max = 408.9818225, average = 228.7749232
    patch e423_0 y+ : min = 80.88506283, max = 804.4960835, average = 409.980746


################################################################################

Time = 290

Outer Loop Iteration = 290
smoothSolver:  Solving for Ux, Initial residual = 1.637619345e-06, Final residual = 3.878153146e-08, No Iterations 2
smoothSolver:  Solving for Uz, Initial residual = 5.039582221e-07, Final residual = 1.151016325e-08, No Iterations 2
GAMG:  Solving for p, Initial residual = 1.333239929e-06, Final residual = 6.829068942e-09, No Iterations 3
GAMG:  Solving for p, Initial residual = 1.380613931e-07, Final residual = 5.45435962e-10, No Iterations 3
GAMG:  Solving for p, Initial residual = 3.031100373e-08, Final residual = 2.7290183e-10, No Iterations 2
time step continuity errors (region0): sum local = 1.554749214e-11, global = -3.439260745e-13, cumulative = 1.569283793e-07
smoothSolver:  Solving for omega, Initial residual = 3.763080574e-08, Final residual = 3.511935808e-09, No Iterations 1
smoothSolver:  Solving for k, Initial residual = 5.053399169e-08, Final residual = 4.786473696e-09, No Iterations 1

ExecutionTime = 3.67 s  ExecutionStepTime = 0 s  ClockTime = 3 s

forces FR write:
    Sum of forces
        Total    : ( 0.3515439844 0 -5.527403064 )
        Pressure : ( 0.3014544547 0 -5.526955266 )
        Viscous  : ( 0.05008952975 0 -0.0004477987691 )
    Sum of moments
        Total    : ( -2.681594745 1.090180491 -0.1705499835 )
        Pressure : ( -2.681377497 1.093053467 -0.1462492733 )
        Viscous  : ( -0.0002172475595 -0.002872975518 -0.02430071015 )


liftDrag LD execute:
Viscous drag: 0.004159580024, pressure drag: 0.02503365342, porous drag: 0
Viscous lift: -3.718651032e-05, pressure lift: -0.458974417, porous lift: 0
Total lift: -0.4590116035, Front lift: -0.1389740476, Rear lift: -0.3200375559, Drag: 0.02919323345
Location of Center of Mass: ( 0.156259772 0.4851455039 -0.03143796203 )
Location of Center Of Pressure: ( 0.1990582927 0.4851455039 -0.02871596722 )


yPlus yPlus execute:
    patch Bottom y+ : min = 1.290762726, max = 402.1229168, average = 209.2842143
    patch Top y+ : min = 47.77186407, max = 408.9816444, average = 228.7748115
    patch e423_0 y+ : min = 80.88514507, max = 804.4961863, average = 409.9807871


################################################################################

Time = 291

Outer Loop Iteration = 291
smoothSolver:  Solving for Ux, Initial residual = 1.583465763e-06, Final residual = 3.73132056e-08, No Iterations 2
smoothSolver:  Solving for Uz, Initial residual = 4.921142103e-07, Final residual = 1.120079463e-08, No Iterations 2
GAMG:  Solving for p, Initial residual = 1.302000274e-06, Final residual = 6.613415192e-09, No Iterations 3
GAMG:  Solving for p, Initial residual = 1.33262973e-07, Final residual = 5.294362666e-10, No Iterations 3
GAMG:  Solving for p, Initial residual = 2.917198457e-08, Final residual = 2.590348965e-10, No Iterations 2
time step continuity errors (region0): sum local = 1.475758856e-11, global = -4.348831947e-13, cumulative = 1.569279444e-07
smoothSolver:  Solving for omega, Initial residual = 3.635785978e-08, Final residual = 3.394344654e-09, No Iterations 1
smoothSolver:  Solving for k, Initial residual = 4.870444809e-08, Final residual = 4.613372462e-09, No Iterations 1

ExecutionTime = 3.69 s  ExecutionStepTime = 0.01 s  ClockTime = 4 s

forces FR write:
    Sum of forces
        Total    : ( 0.3515436471 0 -5.527406493 )
        Pressure : ( 0.3014541076 0 -5.526958694 )
        Viscous  : ( 0.0500895395 0 -0.0004477990307 )
    Sum of moments
        Total    : ( -2.681596408 1.090180961 -0.1705498198 )
        Pressure : ( -2.68137916 1.093053937 -0.1462491049 )
        Viscous  : ( -0.0002172476864 -0.002872976331 -0.02430071488 )


liftDrag LD execute:
Viscous drag: 0.004159580833, pressure drag: 0.0250336246, porous drag: 0
Viscous lift: -3.718653204e-05, pressure lift: -0.4589747017, porous lift: 0
Total lift: -0.4590118883, Front lift: -0.138974151, Rear lift: -0.3200377373, Drag: 0.02919320543
Location of Center of Mass: ( 0.156259772 0.4851455039 -0.03143796203 )
Location of Center Of Pressure: ( 0.1990582528 0.4851455039 -0.02871597406 )


yPlus yPlus execute:
    patch Bottom y+ : min = 1.290757499, max = 402.122758, average = 209.284239
    patch Top y+ : min = 47.77189176, max = 408.9814453, average = 228.7746966
    patch e423_0 y+ : min = 80.88522327, max = 804.496285, average = 409.9808266


################################################################################

Time = 292

Outer Loop Iteration = 292
smoothSolver:  Solving for Ux, Initial residual = 1.530179988e-06, Final residual = 3.589791784e-08, No Iterations 2
smoothSolver:  Solving for Uz, Initial residual = 4.80193158e-07, Final residual = 1.088995011e-08, No Iterations 2
GAMG:  Solving for p, Initial residual = 1.269748329e-06, Final residual = 6.405411309e-09, No Iterations 3
GAMG:  Solving for p, Initial residual = 1.286124824e-07, Final residual = 5.144692621e-10, No Iterations 3
GAMG:  Solving for p, Initial residual = 2.807772108e-08, Final residual = 2.457344428e-10, No Iterations 2
time step continuity errors (region0): sum local = 1.399980029e-11, global = -4.74383507e-13, cumulative = 1.5692747e-07
smoothSolver:  Solving for omega, Initial residual = 3.511881395e-08, Final residual = 3.280508698e-09, No Iterations 1
smoothSolver:  Solving for k, Initial residual = 4.693989518e-08, Final residual = 4.446335905e-09, No Iterations 1

ExecutionTime = 3.71 s  ExecutionStepTime = 0.02 s  ClockTime = 4 s

forces FR write:
    Sum of forces
        Total    : ( 0.3515433277 0 -5.527409773 )
        Pressure : ( 0.3014537789 0 -5.526961973 )
        Viscous  : ( 0.05008954886 0 -0.000447799255 )
    Sum of moments
        Total    : ( -2.681597999 1.090181411 -0.1705496649 )
        Pressure : ( -2.681380751 1.093054388 -0.1462489454 )
        Viscous  : ( -0.0002172477952 -0.002872977118 -0.02430071942 )


liftDrag LD execute:
Viscous drag: 0.004159581611, pressure drag: 0.0250335973, porous drag: 0
Viscous lift: -3.718655067e-05, pressure lift: -0.4589749741, porous lift: 0
Total lift: -0.4590121606, Front lift: -0.1389742498, Rear lift: -0.3200379108, Drag: 0.02919317891
Location of Center of Mass: ( 0.156259772 0.4851455039 -0.03143796203 )
Location of Center Of Pressure: ( 0.1990582148 0.4851455039 -0.02871598056 )


yPlus yPlus execute:
    patch Bottom y+ : min = 1.29075236, max = 402.1225824, average = 209.284259
    patch Top y+ : min = 47.77192006, max = 408.9812289, average = 228.7745798
    patch e423_0 y+ : min = 80.88529764, max = 804.4963796, average = 409.9808645


################################################################################

Time = 293

Outer Loop Iteration = 293
smoothSolver:  Solving for Ux, Initial residual = 1.478192183e-06, Final residual = 3.451708131e-08, No Iterations 2
smoothSolver:  Solving for Uz, Initial residual = 4.682348949e-07, Final residual = 1.056891274e-08, No Iterations 2
GAMG:  Solving for p, Initial residual = 1.237394109e-06, Final residual = 6.211080949e-09, No Iterations 3
GAMG:  Solving for p, Initial residual = 1.241346846e-07, Final residual = 5.01115975e-10, No Iterations 3
GAMG:  Solving for p, Initial residual = 2.703405994e-08, Final residual = 2.328870296e-10, No Iterations 2
time step continuity errors (region0): sum local = 1.326771927e-11, global = -5.698768631e-13, cumulative = 1.569269001e-07
smoothSolver:  Solving for omega, Initial residual = 3.391212577e-08, Final residual = 3.169330092e-09, No Iterations 1
smoothSolver:  Solving for k, Initial residual = 4.523870058e-08, Final residual = 4.285235894e-09, No Iterations 1

ExecutionTime = 3.72 s  ExecutionStepTime = 0.01 s  ClockTime = 4 s

forces FR write:
    Sum of forces
        Total    : ( 0.3515430252 0 -5.527412911 )
        Pressure : ( 0.3014534673 0 -5.526965111 )
        Viscous  : ( 0.05008955785 0 -0.0004477994455 )
    Sum of moments
        Total    : ( -2.681599522 1.090181843 -0.1705495181 )
        Pressure : ( -2.681382274 1.09305482 -0.1462487943 )
        Viscous  : ( -0.0002172478876 -0.002872977878 -0.02430072378 )


liftDrag LD execute:
Viscous drag: 0.004159582358, pressure drag: 0.02503357143, porous drag: 0
Viscous lift: -3.718656649e-05, pressure lift: -0.4589752346, porous lift: 0
Total lift: -0.4590124212, Front lift: -0.1389743442, Rear lift: -0.320038077, Drag: 0.02919315379
Location of Center of Mass: ( 0.156259772 0.4851455039 -0.03143796203 )
Location of Center Of Pressure: ( 0.1990581788 0.4851455039 -0.02871598674 )


yPlus yPlus execute:
    patch Bottom y+ : min = 1.290747327, max = 402.1223933, average = 209.2842755
    patch Top y+ : min = 47.77194855, max = 408.9809983, average = 228.7744625
    patch e423_0 y+ : min = 80.8853684, max = 804.4964704, average = 409.9809008


################################################################################

Time = 294

Outer Loop Iteration = 294
smoothSolver:  Solving for Ux, Initial residual = 1.427520337e-06, Final residual = 3.316660605e-08, No Iterations 2
smoothSolver:  Solving for Uz, Initial residual = 4.561302845e-07, Final residual = 1.028721473e-08, No Iterations 2
GAMG:  Solving for p, Initial residual = 1.204940262e-06, Final residual = 6.028058039e-09, No Iterations 3
GAMG:  Solving for p, Initial residual = 1.198379669e-07, Final residual = 4.883430355e-10, No Iterations 3
GAMG:  Solving for p, Initial residual = 2.604361481e-08, Final residual = 2.22634237e-10, No Iterations 2
time step continuity errors (region0): sum local = 1.268353872e-11, global = -6.852345876e-13, cumulative = 1.569262149e-07
smoothSolver:  Solving for omega, Initial residual = 3.273724927e-08, Final residual = 3.060127878e-09, No Iterations 1
smoothSolver:  Solving for k, Initial residual = 4.359822567e-08, Final residual = 4.129699743e-09, No Iterations 1

ExecutionTime = 3.72 s  ExecutionStepTime = 0 s  ClockTime = 4 s

forces FR write:
    Sum of forces
        Total    : ( 0.3515427385 0 -5.527415914 )
        Pressure : ( 0.3014531721 0 -5.526968114 )
        Viscous  : ( 0.05008956648 0 -0.0004477996054 )
    Sum of moments
        Total    : ( -2.681600979 1.090182257 -0.170549379 )
        Pressure : ( -2.681383731 1.093055236 -0.146248651 )
        Viscous  : ( -0.0002172479652 -0.002872978613 -0.02430072797 )


liftDrag LD execute:
Viscous drag: 0.004159583075, pressure drag: 0.02503354691, porous drag: 0
Viscous lift: -3.718657976e-05, pressure lift: -0.458975484, porous lift: 0
Total lift: -0.4590126706, Front lift: -0.1389744345, Rear lift: -0.3200382361, Drag: 0.02919312998
Location of Center of Mass: ( 0.156259772 0.4851455039 -0.03143796203 )
Location of Center Of Pressure: ( 0.1990581445 0.4851455039 -0.02871599262 )


yPlus yPlus execute:
    patch Bottom y+ : min = 1.290742415, max = 402.1221935, average = 209.2842899
    patch Top y+ : min = 47.77197684, max = 408.9807569, average = 228.7743462
    patch e423_0 y+ : min = 80.88543576, max = 804.4965573, average = 409.9809356


################################################################################

Time = 295

Outer Loop Iteration = 295
smoothSolver:  Solving for Ux, Initial residual = 1.377823059e-06, Final residual = 3.185531232e-08, No Iterations 2
smoothSolver:  Solving for Uz, Initial residual = 4.44194825e-07, Final residual = 1.003645917e-08, No Iterations 2
GAMG:  Solving for p, Initial residual = 1.172837385e-06, Final residual = 5.855984003e-09, No Iterations 3
GAMG:  Solving for p, Initial residual = 1.157301982e-07, Final residual = 4.74471144e-10, No Iterations 3
GAMG:  Solving for p, Initial residual = 2.510392133e-08, Final residual = 2.135018267e-10, No Iterations 2
time step continuity errors (region0): sum local = 1.216336431e-11, global = -7.036153259e-13, cumulative = 1.569255113e-07
smoothSolver:  Solving for omega, Initial residual = 3.159113335e-08, Final residual = 2.953006028e-09, No Iterations 1
smoothSolver:  Solving for k, Initial residual = 4.201581894e-08, Final residual = 3.979558664e-09, No Iterations 1

ExecutionTime = 3.74 s  ExecutionStepTime = 0.02 s  ClockTime = 4 s

forces FR write:
    Sum of forces
        Total    : ( 0.3515424668 0 -5.52741879 )
        Pressure : ( 0.301452892 0 -5.52697099 )
        Viscous  : ( 0.05008957477 0 -0.0004477997377 )
    Sum of moments
        Total    : ( -2.681602374 1.090182655 -0.1705492472 )
        Pressure : ( -2.681385126 1.093055634 -0.1462485152 )
        Viscous  : ( -0.0002172480294 -0.002872979322 -0.02430073199 )


liftDrag LD execute:
Viscous drag: 0.004159583763, pressure drag: 0.02503352366, porous drag: 0
Viscous lift: -3.718659075e-05, pressure lift: -0.4589757228, porous lift: 0
Total lift: -0.4590129094, Front lift: -0.1389745209, Rear lift: -0.3200383886, Drag: 0.02919310742
Location of Center of Mass: ( 0.156259772 0.4851455039 -0.03143796203 )
Location of Center Of Pressure: ( 0.1990581119 0.4851455039 -0.02871599821 )


yPlus yPlus execute:
    patch Bottom y+ : min = 1.290737637, max = 402.1219858, average = 209.2843031
    patch Top y+ : min = 47.77200457, max = 408.9805075, average = 228.7742317
    patch e423_0 y+ : min = 80.88549991, max = 804.4966407, average = 409.980969


################################################################################

Time = 296

Outer Loop Iteration = 296
smoothSolver:  Solving for Ux, Initial residual = 1.329177533e-06, Final residual = 3.057794528e-08, No Iterations 2
smoothSolver:  Solving for Uz, Initial residual = 4.32258569e-07, Final residual = 9.789784276e-09, No Iterations 2
GAMG:  Solving for p, Initial residual = 1.141113741e-06, Final residual = 5.731024841e-09, No Iterations 3
GAMG:  Solving for p, Initial residual = 1.11799873e-07, Final residual = 4.652438438e-10, No Iterations 3
GAMG:  Solving for p, Initial residual = 2.420899877e-08, Final residual = 2.052003469e-10, No Iterations 2
time step continuity errors (region0): sum local = 1.169048027e-11, global = -7.612735879e-13, cumulative = 1.5692475e-07
smoothSolver:  Solving for omega, Initial residual = 3.047518713e-08, Final residual = 2.84795095e-09, No Iterations 1
smoothSolver:  Solving for k, Initial residual = 4.048919109e-08, Final residual = 3.834695205e-09, No Iterations 1

ExecutionTime = 3.75 s  ExecutionStepTime = 0.01 s  ClockTime = 4 s

forces FR write:
    Sum of forces
        Total    : ( 0.351542209 0 -5.527421545 )
        Pressure : ( 0.3014526263 0 -5.526973745 )
        Viscous  : ( 0.05008958272 0 -0.0004477998456 )
    Sum of moments
        Total    : ( -2.681603711 1.090183037 -0.1705491221 )
        Pressure : ( -2.681386463 1.093056018 -0.1462483863 )
        Viscous  : ( -0.0002172480817 -0.002872980007 -0.02430073585 )


liftDrag LD execute:
Viscous drag: 0.004159584423, pressure drag: 0.02503350159, porous drag: 0
Viscous lift: -3.718659971e-05, pressure lift: -0.4589759516, porous lift: 0
Total lift: -0.4590131382, Front lift: -0.1389746035, Rear lift: -0.3200385347, Drag: 0.02919308601
Location of Center of Mass: ( 0.156259772 0.4851455039 -0.03143796203 )
Location of Center Of Pressure: ( 0.1990580808 0.4851455039 -0.02871600354 )


yPlus yPlus execute:
    patch Bottom y+ : min = 1.290733006, max = 402.1217728, average = 209.2843162
    patch Top y+ : min = 47.7720314, max = 408.9802529, average = 228.7741203
    patch e423_0 y+ : min = 80.88556104, max = 804.4967206, average = 409.981001


################################################################################

Time = 297

Outer Loop Iteration = 297
smoothSolver:  Solving for Ux, Initial residual = 1.281951059e-06, Final residual = 2.934376287e-08, No Iterations 2
smoothSolver:  Solving for Uz, Initial residual = 4.204135917e-07, Final residual = 9.536583564e-09, No Iterations 2
GAMG:  Solving for p, Initial residual = 1.109401613e-06, Final residual = 5.568327752e-09, No Iterations 3
GAMG:  Solving for p, Initial residual = 1.080278485e-07, Final residual = 4.54727362e-10, No Iterations 3
GAMG:  Solving for p, Initial residual = 2.337167314e-08, Final residual = 1.965698221e-10, No Iterations 2
time step continuity errors (region0): sum local = 1.119876513e-11, global = -8.051347102e-13, cumulative = 1.569239448e-07
smoothSolver:  Solving for omega, Initial residual = 2.938930498e-08, Final residual = 2.745012023e-09, No Iterations 1
smoothSolver:  Solving for k, Initial residual = 3.901566741e-08, Final residual = 3.694890648e-09, No Iterations 1

ExecutionTime = 3.75 s  ExecutionStepTime = 0 s  ClockTime = 4 s

forces FR write:
    Sum of forces
        Total    : ( 0.3515419644 0 -5.527424186 )
        Pressure : ( 0.301452374 0 -5.526976386 )
        Viscous  : ( 0.05008959036 0 -0.000447799932 )
    Sum of moments
        Total    : ( -2.681604992 1.090183405 -0.1705490034 )
        Pressure : ( -2.681387744 1.093056386 -0.1462482639 )
        Viscous  : ( -0.0002172481236 -0.002872980668 -0.02430073955 )


liftDrag LD execute:
Viscous drag: 0.004159585057, pressure drag: 0.02503348064, porous drag: 0
Viscous lift: -3.718660688e-05, pressure lift: -0.4589761709, porous lift: 0
Total lift: -0.4590133576, Front lift: -0.1389746826, Rear lift: -0.3200386749, Drag: 0.02919306569
Location of Center of Mass: ( 0.156259772 0.4851455039 -0.03143796203 )
Location of Center Of Pressure: ( 0.1990580513 0.4851455039 -0.02871600861 )


yPlus yPlus execute:
    patch Bottom y+ : min = 1.290728532, max = 402.1215569, average = 209.28433
    patch Top y+ : min = 47.77205704, max = 408.9799957, average = 228.7740128
    patch e423_0 y+ : min = 80.88561934, max = 804.496797, average = 409.9810317


################################################################################

Time = 298

Outer Loop Iteration = 298
smoothSolver:  Solving for Ux, Initial residual = 1.235954027e-06, Final residual = 2.815575316e-08, No Iterations 2
smoothSolver:  Solving for Uz, Initial residual = 4.089192113e-07, Final residual = 9.295238121e-09, No Iterations 2
GAMG:  Solving for p, Initial residual = 1.07808904e-06, Final residual = 5.410201411e-09, No Iterations 3
GAMG:  Solving for p, Initial residual = 1.045154469e-07, Final residual = 4.447424808e-10, No Iterations 3
GAMG:  Solving for p, Initial residual = 2.262767321e-08, Final residual = 1.898438991e-10, No Iterations 2
time step continuity errors (region0): sum local = 1.08155236e-11, global = -8.543622782e-13, cumulative = 1.569230905e-07
smoothSolver:  Solving for omega, Initial residual = 2.833173734e-08, Final residual = 2.644264695e-09, No Iterations 1
smoothSolver:  Solving for k, Initial residual = 3.759382993e-08, Final residual = 3.559939799e-09, No Iterations 1

ExecutionTime = 3.77 s  ExecutionStepTime = 0.01 s  ClockTime = 4 s

forces FR write:
    Sum of forces
        Total    : ( 0.3515417319 0 -5.527426719 )
        Pressure : ( 0.3014521342 0 -5.526978919 )
        Viscous  : ( 0.05008959768 0 -0.0004477999996 )
    Sum of moments
        Total    : ( -2.681606221 1.090183758 -0.1705488906 )
        Pressure : ( -2.681388972 1.09305674 -0.1462481475 )
        Viscous  : ( -0.0002172481564 -0.002872981306 -0.0243007431 )


liftDrag LD execute:
Viscous drag: 0.004159585665, pressure drag: 0.02503346072, porous drag: 0
Viscous lift: -3.71866125e-05, pressure lift: -0.4589763813, porous lift: 0
Total lift: -0.4590135679, Front lift: -0.1389747585, Rear lift: -0.3200388094, Drag: 0.02919304639
Location of Center of Mass: ( 0.156259772 0.4851455039 -0.03143796203 )
Location of Center Of Pressure: ( 0.1990580231 0.4851455039 -0.02871601345 )


yPlus yPlus execute:
    patch Bottom y+ : min = 1.290724225, max = 402.1213402, average = 209.2843453
    patch Top y+ : min = 47.77208127, max = 408.9797383, average = 228.77391
    patch e423_0 y+ : min = 80.88567497, max = 804.4968703, average = 409.981061


################################################################################

Time = 299

Outer Loop Iteration = 299
smoothSolver:  Solving for Ux, Initial residual = 1.191154662e-06, Final residual = 2.70063383e-08, No Iterations 2
smoothSolver:  Solving for Uz, Initial residual = 3.976686776e-07, Final residual = 9.046611562e-09, No Iterations 2
GAMG:  Solving for p, Initial residual = 1.047046275e-06, Final residual = 5.263787441e-09, No Iterations 3
GAMG:  Solving for p, Initial residual = 1.012170236e-07, Final residual = 4.348575447e-10, No Iterations 3
GAMG:  Solving for p, Initial residual = 2.192097706e-08, Final residual = 1.836065562e-10, No Iterations 2
time step continuity errors (region0): sum local = 1.046028631e-11, global = -8.69027689e-13, cumulative = 1.569222215e-07
smoothSolver:  Solving for omega, Initial residual = 2.730289204e-08, Final residual = 2.545760821e-09, No Iterations 1
smoothSolver:  Solving for k, Initial residual = 3.622158793e-08, Final residual = 3.429739748e-09, No Iterations 1

ExecutionTime = 3.78 s  ExecutionStepTime = 0.01 s  ClockTime = 4 s

forces FR write:
    Sum of forces
        Total    : ( 0.3515415108 0 -5.527429149 )
        Pressure : ( 0.3014519061 0 -5.526981349 )
        Viscous  : ( 0.0500896047 0 -0.0004478000511 )
    Sum of moments
        Total    : ( -2.6816074 1.090184098 -0.1705487834 )
        Pressure : ( -2.681390151 1.09305708 -0.1462480369 )
        Viscous  : ( -0.0002172481814 -0.002872981921 -0.02430074651 )


liftDrag LD execute:
Viscous drag: 0.004159586248, pressure drag: 0.02503344178, porous drag: 0
Viscous lift: -3.718661677e-05, pressure lift: -0.4589765831, porous lift: 0
Total lift: -0.4590137697, Front lift: -0.1389748311, Rear lift: -0.3200389386, Drag: 0.02919302803
Location of Center of Mass: ( 0.156259772 0.4851455039 -0.03143796203 )
Location of Center Of Pressure: ( 0.1990579962 0.4851455039 -0.02871601807 )


yPlus yPlus execute:
    patch Bottom y+ : min = 1.29072009, max = 402.1211247, average = 209.2843627
    patch Top y+ : min = 47.77210387, max = 408.979483, average = 228.7738126
    patch e423_0 y+ : min = 80.88572809, max = 804.4969404, average = 409.9810892


################################################################################

Time = 300

Outer Loop Iteration = 300
smoothSolver:  Solving for Ux, Initial residual = 1.14746051e-06, Final residual = 2.589728413e-08, No Iterations 2
smoothSolver:  Solving for Uz, Initial residual = 3.865026579e-07, Final residual = 8.793057415e-09, No Iterations 2
GAMG:  Solving for p, Initial residual = 1.01601232e-06, Final residual = 5.124410288e-09, No Iterations 3
GAMG:  Solving for p, Initial residual = 9.799511098e-08, Final residual = 4.265030357e-10, No Iterations 3
GAMG:  Solving for p, Initial residual = 2.123818188e-08, Final residual = 1.780454675e-10, No Iterations 2
time step continuity errors (region0): sum local = 1.014335473e-11, global = -8.893067069e-13, cumulative = 1.569213322e-07
smoothSolver:  Solving for omega, Initial residual = 2.630168487e-08, Final residual = 2.449916588e-09, No Iterations 1
smoothSolver:  Solving for k, Initial residual = 3.489754803e-08, Final residual = 3.304073101e-09, No Iterations 1

ExecutionTime = 3.79 s  ExecutionStepTime = 0.01 s  ClockTime = 4 s

forces FR write:
    Sum of forces
        Total    : ( 0.3515413004 0 -5.527431482 )
        Pressure : ( 0.3014516889 0 -5.526983682 )
        Viscous  : ( 0.05008961143 0 -0.0004478000889 )
    Sum of moments
        Total    : ( -2.681608531 1.090184425 -0.1705486813 )
        Pressure : ( -2.681391283 1.093057408 -0.1462479315 )
        Viscous  : ( -0.0002172481998 -0.002872982514 -0.02430074978 )


liftDrag LD execute:
Viscous drag: 0.004159586807, pressure drag: 0.02503342375, porous drag: 0
Viscous lift: -3.718661992e-05, pressure lift: -0.4589767768, porous lift: 0
Total lift: -0.4590139634, Front lift: -0.1389749008, Rear lift: -0.3200390626, Drag: 0.02919301055
Location of Center of Mass: ( 0.156259772 0.4851455039 -0.03143796203 )
Location of Center Of Pressure: ( 0.1990579706 0.4851455039 -0.02871602248 )


yPlus yPlus execute:
    patch Bottom y+ : min = 1.290716137, max = 402.1209123, average = 209.2843827
    patch Top y+ : min = 47.77212467, max = 408.9792316, average = 228.7737212
    patch e423_0 y+ : min = 80.88577888, max = 804.4970074, average = 409.9811162


################################################################################

Time = 301

Outer Loop Iteration = 301
smoothSolver:  Solving for Ux, Initial residual = 1.104963985e-06, Final residual = 2.483479811e-08, No Iterations 2
smoothSolver:  Solving for Uz, Initial residual = 3.754454781e-07, Final residual = 8.544706557e-09, No Iterations 2
GAMG:  Solving for p, Initial residual = 9.853190704e-07, Final residual = 4.988342018e-09, No Iterations 3
GAMG:  Solving for p, Initial residual = 9.48638594e-08, Final residual = 4.183751474e-10, No Iterations 3
GAMG:  Solving for p, Initial residual = 2.057937093e-08, Final residual = 1.722526376e-10, No Iterations 2
time step continuity errors (region0): sum local = 9.813304419e-12, global = -8.768537575e-13, cumulative = 1.569204553e-07
smoothSolver:  Solving for omega, Initial residual = 2.532756349e-08, Final residual = 2.357019199e-09, No Iterations 1
smoothSolver:  Solving for k, Initial residual = 3.362029375e-08, Final residual = 3.182794586e-09, No Iterations 1

ExecutionTime = 3.8 s  ExecutionStepTime = 0.01 s  ClockTime = 4 s

forces FR write:
    Sum of forces
        Total    : ( 0.3515410998 0 -5.527433723 )
        Pressure : ( 0.3014514819 0 -5.526985923 )
        Viscous  : ( 0.05008961789 0 -0.0004478001155 )
    Sum of moments
        Total    : ( -2.681609619 1.09018474 -0.170548584 )
        Pressure : ( -2.68139237 1.093057723 -0.1462478311 )
        Viscous  : ( -0.0002172482127 -0.002872983084 -0.02430075291 )


liftDrag LD execute:
Viscous drag: 0.004159587344, pressure drag: 0.02503340655, porous drag: 0
Viscous lift: -3.718662212e-05, pressure lift: -0.4589769629, porous lift: 0
Total lift: -0.4590141495, Front lift: -0.1389749677, Rear lift: -0.3200391818, Drag: 0.0291929939
Location of Center of Mass: ( 0.156259772 0.4851455039 -0.03143796203 )
Location of Center Of Pressure: ( 0.1990579461 0.4851455039 -0.0287160267 )


yPlus yPlus execute:
    patch Bottom y+ : min = 1.290712367, max = 402.1207047, average = 209.2844058
    patch Top y+ : min = 47.77214352, max = 408.9789859, average = 228.7736361
    patch e423_0 y+ : min = 80.88582747, max = 804.4970716, average = 409.981142


################################################################################

Time = 302

Outer Loop Iteration = 302
smoothSolver:  Solving for Ux, Initial residual = 1.063549288e-06, Final residual = 2.38083128e-08, No Iterations 2
smoothSolver:  Solving for Uz, Initial residual = 3.647331901e-07, Final residual = 8.299954869e-09, No Iterations 2
GAMG:  Solving for p, Initial residual = 9.54751263e-07, Final residual = 4.855092161e-09, No Iterations 3
GAMG:  Solving for p, Initial residual = 9.182377088e-08, Final residual = 4.106794756e-10, No Iterations 3
GAMG:  Solving for p, Initial residual = 1.994618631e-08, Final residual = 1.674797537e-10, No Iterations 2
time step continuity errors (region0): sum local = 9.541366107e-12, global = -8.868023928e-13, cumulative = 1.569195685e-07
smoothSolver:  Solving for omega, Initial residual = 2.437849652e-08, Final residual = 2.26696398e-09, No Iterations 1
smoothSolver:  Solving for k, Initial residual = 3.238791286e-08, Final residual = 3.065780262e-09, No Iterations 1

ExecutionTime = 3.81 s  ExecutionStepTime = 0.01 s  ClockTime = 4 s

forces FR write:
    Sum of forces
        Total    : ( 0.3515409084 0 -5.527435877 )
        Pressure : ( 0.3014512843 0 -5.526988077 )
        Viscous  : ( 0.05008962408 0 -0.000447800133 )
    Sum of moments
        Total    : ( -2.681610663 1.090185044 -0.1705484911 )
        Pressure : ( -2.681393415 1.093058027 -0.1462477352 )
        Viscous  : ( -0.0002172482212 -0.002872983634 -0.02430075591 )


liftDrag LD execute:
Viscous drag: 0.004159587858, pressure drag: 0.02503339014, porous drag: 0
Viscous lift: -3.718662358e-05, pressure lift: -0.4589771418, porous lift: 0
Total lift: -0.4590143284, Front lift: -0.138975032, Rear lift: -0.3200392964, Drag: 0.029192978
Location of Center of Mass: ( 0.156259772 0.4851455039 -0.03143796203 )
Location of Center Of Pressure: ( 0.1990579226 0.4851455039 -0.02871603073 )


yPlus yPlus execute:
    patch Bottom y+ : min = 1.290708786, max = 402.1205033, average = 209.2844322
    patch Top y+ : min = 47.77216031, max = 408.9787477, average = 228.7735579
    patch e423_0 y+ : min = 80.88587399, max = 804.497133, average = 409.9811667


################################################################################

Time = 303

Outer Loop Iteration = 303
smoothSolver:  Solving for Ux, Initial residual = 1.023201149e-06, Final residual = 2.282353574e-08, No Iterations 2
smoothSolver:  Solving for Uz, Initial residual = 3.543103094e-07, Final residual = 8.062705231e-09, No Iterations 2
GAMG:  Solving for p, Initial residual = 9.243638e-07, Final residual = 4.722580686e-09, No Iterations 3
GAMG:  Solving for p, Initial residual = 8.887576312e-08, Final residual = 4.031244034e-10, No Iterations 3
GAMG:  Solving for p, Initial residual = 1.934201496e-08, Final residual = 1.643242235e-10, No Iterations 2
time step continuity errors (region0): sum local = 9.361673451e-12, global = -5.278105995e-13, cumulative = 1.569190407e-07
smoothSolver:  Solving for omega, Initial residual = 2.345502506e-08, Final residual = 2.179408803e-09, No Iterations 1
smoothSolver:  Solving for k, Initial residual = 3.11989793e-08, Final residual = 2.952898764e-09, No Iterations 1

ExecutionTime = 3.82 s  ExecutionStepTime = 0.01 s  ClockTime = 4 s

forces FR write:
    Sum of forces
        Total    : ( 0.3515407255 0 -5.527437948 )
        Pressure : ( 0.3014510955 0 -5.526990148 )
        Viscous  : ( 0.05008963002 0 -0.0004478001434 )
    Sum of moments
        Total    : ( -2.681611668 1.090185336 -0.1705484024 )
        Pressure : ( -2.68139442 1.09305832 -0.1462476436 )
        Viscous  : ( -0.0002172482262 -0.002872984163 -0.02430075879 )


liftDrag LD execute:
Viscous drag: 0.004159588351, pressure drag: 0.02503337447, porous drag: 0
Viscous lift: -3.718662444e-05, pressure lift: -0.4589773137, porous lift: 0
Total lift: -0.4590145004, Front lift: -0.1389750937, Rear lift: -0.3200394067, Drag: 0.02919296282
Location of Center of Mass: ( 0.156259772 0.4851455039 -0.03143796203 )
Location of Center Of Pressure: ( 0.1990579002 0.4851455039 -0.02871603459 )


yPlus yPlus execute:
    patch Bottom y+ : min = 1.290705396, max = 402.1203094, average = 209.2844625
    patch Top y+ : min = 47.77217501, max = 408.9785182, average = 228.7734868
    patch e423_0 y+ : min = 80.88591859, max = 804.4971918, average = 409.9811904


################################################################################

Time = 304

Outer Loop Iteration = 304
smoothSolver:  Solving for Ux, Initial residual = 9.839986314e-07, Final residual = 2.186637014e-08, No Iterations 2
smoothSolver:  Solving for Uz, Initial residual = 3.442040689e-07, Final residual = 7.832522651e-09, No Iterations 2
GAMG:  Solving for p, Initial residual = 8.964802834e-07, Final residual = 4.53700963e-09, No Iterations 3
GAMG:  Solving for p, Initial residual = 8.60575675e-08, Final residual = 3.930838004e-10, No Iterations 3
GAMG:  Solving for p, Initial residual = 1.876800879e-08, Final residual = 1.599149693e-10, No Iterations 2
time step continuity errors (region0): sum local = 9.110389042e-12, global = -5.230704152e-13, cumulative = 1.569185176e-07
smoothSolver:  Solving for omega, Initial residual = 2.255670917e-08, Final residual = 2.09457564e-09, No Iterations 1
smoothSolver:  Solving for k, Initial residual = 3.005182899e-08, Final residual = 2.844027418e-09, No Iterations 1

ExecutionTime = 3.84 s  ExecutionStepTime = 0.02 s  ClockTime = 4 s

forces FR write:
    Sum of forces
        Total    : ( 0.3515405505 0 -5.527439941 )
        Pressure : ( 0.3014509148 0 -5.52699214 )
        Viscous  : ( 0.05008963571 0 -0.0004478001486 )
    Sum of moments
        Total    : ( -2.681612635 1.090185618 -0.1705483175 )
        Pressure : ( -2.681395387 1.093058602 -0.146247556 )
        Viscous  : ( -0.0002172482287 -0.002872984671 -0.02430076156 )


liftDrag LD execute:
Viscous drag: 0.004159588823, pressure drag: 0.02503335946, porous drag: 0
Viscous lift: -3.718662487e-05, pressure lift: -0.4589774792, porous lift: 0
Total lift: -0.4590146658, Front lift: -0.138975153, Rear lift: -0.3200395128, Drag: 0.02919294829
Location of Center of Mass: ( 0.156259772 0.4851455039 -0.03143796203 )
Location of Center Of Pressure: ( 0.1990578787 0.4851455039 -0.02871603829 )


yPlus yPlus execute:
    patch Bottom y+ : min = 1.290702197, max = 402.1201242, average = 209.2844964
    patch Top y+ : min = 47.77218745, max = 408.9782989, average = 228.7734229
    patch e423_0 y+ : min = 80.88596139, max = 804.497248, average = 409.9812132


################################################################################

Time = 305

Outer Loop Iteration = 305
smoothSolver:  Solving for Ux, Initial residual = 9.464952983e-07, Final residual = 2.09453365e-08, No Iterations 2
smoothSolver:  Solving for Uz, Initial residual = 3.343079555e-07, Final residual = 7.630097095e-09, No Iterations 2
GAMG:  Solving for p, Initial residual = 8.68239164e-07, Final residual = 4.41406575e-09, No Iterations 3
GAMG:  Solving for p, Initial residual = 8.334190785e-08, Final residual = 3.865456616e-10, No Iterations 3
GAMG:  Solving for p, Initial residual = 1.820216529e-08, Final residual = 1.557890686e-10, No Iterations 2
time step continuity errors (region0): sum local = 8.875412204e-12, global = -5.193593147e-13, cumulative = 1.569179983e-07
smoothSolver:  Solving for omega, Initial residual = 2.168405532e-08, Final residual = 2.012070787e-09, No Iterations 1
smoothSolver:  Solving for k, Initial residual = 2.89454409e-08, Final residual = 2.739043861e-09, No Iterations 1

ExecutionTime = 3.84 s  ExecutionStepTime = 0 s  ClockTime = 4 s

forces FR write:
    Sum of forces
        Total    : ( 0.3515403829 0 -5.527441859 )
        Pressure : ( 0.3014507417 0 -5.526994059 )
        Viscous  : ( 0.05008964117 0 -0.0004478001503 )
    Sum of moments
        Total    : ( -2.681613566 1.090185889 -0.1705482362 )
        Pressure : ( -2.681396317 1.093058874 -0.146247472 )
        Viscous  : ( -0.0002172482295 -0.00287298516 -0.0243007642 )


liftDrag LD execute:
Viscous drag: 0.004159589277, pressure drag: 0.02503334509, porous drag: 0
Viscous lift: -3.718662501e-05, pressure lift: -0.4589776385, porous lift: 0
Total lift: -0.4590148251, Front lift: -0.1389752101, Rear lift: -0.320039615, Drag: 0.02919293437
Location of Center of Mass: ( 0.156259772 0.4851455039 -0.03143796203 )
Location of Center Of Pressure: ( 0.1990578581 0.4851455039 -0.02871604184 )


yPlus yPlus execute:
    patch Bottom y+ : min = 1.290699189, max = 402.1199487, average = 209.2845344
    patch Top y+ : min = 47.77219769, max = 408.9780907, average = 228.7733665
    patch e423_0 y+ : min = 80.88600249, max = 804.4973018, average = 409.9812349


################################################################################

Time = 306

Outer Loop Iteration = 306
smoothSolver:  Solving for Ux, Initial residual = 9.105211273e-07, Final residual = 2.005870117e-08, No Iterations 2
smoothSolver:  Solving for Uz, Initial residual = 3.246397629e-07, Final residual = 7.437614402e-09, No Iterations 2
GAMG:  Solving for p, Initial residual = 8.396874359e-07, Final residual = 4.254774075e-09, No Iterations 3
GAMG:  Solving for p, Initial residual = 8.071165597e-08, Final residual = 3.765479657e-10, No Iterations 3
GAMG:  Solving for p, Initial residual = 1.76437936e-08, Final residual = 1.500326861e-10, No Iterations 2
time step continuity errors (region0): sum local = 8.547471921e-12, global = -4.851786435e-13, cumulative = 1.569175131e-07
smoothSolver:  Solving for omega, Initial residual = 2.083581842e-08, Final residual = 1.932036067e-09, No Iterations 1
smoothSolver:  Solving for k, Initial residual = 2.787792138e-08, Final residual = 2.637809086e-09, No Iterations 1

ExecutionTime = 3.85 s  ExecutionStepTime = 0.01 s  ClockTime = 4 s

forces FR write:
    Sum of forces
        Total    : ( 0.3515402221 0 -5.527443706 )
        Pressure : ( 0.3014505757 0 -5.526995906 )
        Viscous  : ( 0.0500896464 0 -0.0004478001499 )
    Sum of moments
        Total    : ( -2.681614462 1.090186151 -0.1705481582 )
        Pressure : ( -2.681397214 1.093059137 -0.1462473914 )
        Viscous  : ( -0.0002172482294 -0.00287298563 -0.02430076674 )


liftDrag LD execute:
Viscous drag: 0.004159589711, pressure drag: 0.0250333313, porous drag: 0
Viscous lift: -3.718662498e-05, pressure lift: -0.4589777919, porous lift: 0
Total lift: -0.4590149786, Front lift: -0.1389752651, Rear lift: -0.3200397135, Drag: 0.02919292101
Location of Center of Mass: ( 0.156259772 0.4851455039 -0.03143796203 )
Location of Center Of Pressure: ( 0.1990578384 0.4851455039 -0.02871604526 )


yPlus yPlus execute:
    patch Bottom y+ : min = 1.290696371, max = 402.1197838, average = 209.2845764
    patch Top y+ : min = 47.77220569, max = 408.9778946, average = 228.7733175
    patch e423_0 y+ : min = 80.88604201, max = 804.4973532, average = 409.9812558


################################################################################

Time = 307

Outer Loop Iteration = 307
smoothSolver:  Solving for Ux, Initial residual = 8.756362385e-07, Final residual = 1.920843449e-08, No Iterations 2
smoothSolver:  Solving for Uz, Initial residual = 3.153437889e-07, Final residual = 7.246084351e-09, No Iterations 2
GAMG:  Solving for p, Initial residual = 8.110531415e-07, Final residual = 4.11233226e-09, No Iterations 3
GAMG:  Solving for p, Initial residual = 7.81691628e-08, Final residual = 3.66194129e-10, No Iterations 3
GAMG:  Solving for p, Initial residual = 1.710028063e-08, Final residual = 1.464431441e-10, No Iterations 2
time step continuity errors (region0): sum local = 8.34294839e-12, global = -4.722815441e-13, cumulative = 1.569170408e-07
smoothSolver:  Solving for omega, Initial residual = 2.001517323e-08, Final residual = 1.854598853e-09, No Iterations 1
smoothSolver:  Solving for k, Initial residual = 2.68489541e-08, Final residual = 2.540190802e-09, No Iterations 1

ExecutionTime = 3.87 s  ExecutionStepTime = 0.02 s  ClockTime = 4 s

forces FR write:
    Sum of forces
        Total    : ( 0.3515400675 0 -5.527445487 )
        Pressure : ( 0.3014504161 0 -5.526997687 )
        Viscous  : ( 0.05008965141 0 -0.0004478001489 )
    Sum of moments
        Total    : ( -2.681615326 1.090186404 -0.1705480832 )
        Pressure : ( -2.681398078 1.09305939 -0.146247314 )
        Viscous  : ( -0.0002172482289 -0.002872986081 -0.02430076917 )


liftDrag LD execute:
Viscous drag: 0.004159590127, pressure drag: 0.02503331805, porous drag: 0
Viscous lift: -3.71866249e-05, pressure lift: -0.4589779398, porous lift: 0
Total lift: -0.4590151264, Front lift: -0.1389753181, Rear lift: -0.3200398084, Drag: 0.02919290818
Location of Center of Mass: ( 0.156259772 0.4851455039 -0.03143796203 )
Location of Center Of Pressure: ( 0.1990578194 0.4851455039 -0.02871604854 )


yPlus yPlus execute:
    patch Bottom y+ : min = 1.290693741, max = 402.1196303, average = 209.2846226
    patch Top y+ : min = 47.77221145, max = 408.9777112, average = 228.773276
    patch e423_0 y+ : min = 80.88608004, max = 804.4974024, average = 409.9812758


################################################################################

Time = 308

Outer Loop Iteration = 308
smoothSolver:  Solving for Ux, Initial residual = 8.418365702e-07, Final residual = 1.839468919e-08, No Iterations 2
smoothSolver:  Solving for Uz, Initial residual = 3.064384512e-07, Final residual = 7.051642339e-09, No Iterations 2
GAMG:  Solving for p, Initial residual = 7.825384178e-07, Final residual = 4.006646233e-09, No Iterations 3
GAMG:  Solving for p, Initial residual = 7.571338061e-08, Final residual = 3.595920347e-10, No Iterations 3
GAMG:  Solving for p, Initial residual = 1.657511326e-08, Final residual = 1.430393569e-10, No Iterations 2
time step continuity errors (region0): sum local = 8.148955754e-12, global = -4.616524407e-13, cumulative = 1.569165791e-07
smoothSolver:  Solving for omega, Initial residual = 1.922044843e-08, Final residual = 1.779650322e-09, No Iterations 1
smoothSolver:  Solving for k, Initial residual = 2.58570246e-08, Final residual = 2.446210211e-09, No Iterations 1

ExecutionTime = 3.87 s  ExecutionStepTime = 0 s  ClockTime = 4 s

forces FR write:
    Sum of forces
        Total    : ( 0.3515399188 0 -5.527447203 )
        Pressure : ( 0.3014502626 0 -5.526999403 )
        Viscous  : ( 0.05008965622 0 -0.0004478001485 )
    Sum of moments
        Total    : ( -2.681616159 1.090186648 -0.170548011 )
        Pressure : ( -2.68139891 1.093059634 -0.1462472395 )
        Viscous  : ( -0.0002172482287 -0.002872986513 -0.0243007715 )


liftDrag LD execute:
Viscous drag: 0.004159590526, pressure drag: 0.0250333053, porous drag: 0
Viscous lift: -3.718662487e-05, pressure lift: -0.4589780823, porous lift: 0
Total lift: -0.459015269, Front lift: -0.1389753691, Rear lift: -0.3200398999, Drag: 0.02919289583
Location of Center of Mass: ( 0.156259772 0.4851455039 -0.03143796203 )
Location of Center Of Pressure: ( 0.1990578011 0.4851455039 -0.0287160517 )


yPlus yPlus execute:
    patch Bottom y+ : min = 1.290691295, max = 402.1194887, average = 209.2846726
    patch Top y+ : min = 47.77221504, max = 408.9775411, average = 228.7732418
    patch e423_0 y+ : min = 80.88611668, max = 804.4974495, average = 409.9812949


################################################################################

Time = 309

Outer Loop Iteration = 309
smoothSolver:  Solving for Ux, Initial residual = 8.092347098e-07, Final residual = 1.761739207e-08, No Iterations 2
smoothSolver:  Solving for Uz, Initial residual = 2.978470788e-07, Final residual = 6.85529713e-09, No Iterations 2
GAMG:  Solving for p, Initial residual = 7.541605467e-07, Final residual = 3.889831296e-09, No Iterations 3
GAMG:  Solving for p, Initial residual = 7.337643815e-08, Final residual = 3.520195454e-10, No Iterations 3
GAMG:  Solving for p, Initial residual = 1.605775589e-08, Final residual = 1.395609157e-10, No Iterations 2
time step continuity errors (region0): sum local = 7.950969882e-12, global = -4.515234821e-13, cumulative = 1.569161276e-07
smoothSolver:  Solving for omega, Initial residual = 1.845079006e-08, Final residual = 1.707222649e-09, No Iterations 1
smoothSolver:  Solving for k, Initial residual = 2.490137225e-08, Final residual = 2.355644706e-09, No Iterations 1

ExecutionTime = 3.88 s  ExecutionStepTime = 0 s  ClockTime = 4 s

forces FR write:
    Sum of forces
        Total    : ( 0.3515397756 0 -5.527448859 )
        Pressure : ( 0.3014501147 0 -5.527001059 )
        Viscous  : ( 0.05008966083 0 -0.0004478001498 )
    Sum of moments
        Total    : ( -2.681616962 1.090186883 -0.1705479415 )
        Pressure : ( -2.681399713 1.09305987 -0.1462471678 )
        Viscous  : ( -0.0002172482293 -0.002872986929 -0.02430077374 )


liftDrag LD execute:
Viscous drag: 0.004159590909, pressure drag: 0.02503329302, porous drag: 0
Viscous lift: -3.718662497e-05, pressure lift: -0.4589782198, porous lift: 0
Total lift: -0.4590154065, Front lift: -0.1389754183, Rear lift: -0.3200399882, Drag: 0.02919288393
Location of Center of Mass: ( 0.156259772 0.4851455039 -0.03143796203 )
Location of Center Of Pressure: ( 0.1990577835 0.4851455039 -0.02871605474 )


yPlus yPlus execute:
    patch Bottom y+ : min = 1.290689031, max = 402.1193596, average = 209.2847266
    patch Top y+ : min = 47.77221651, max = 408.9773848, average = 228.7732147
    patch e423_0 y+ : min = 80.88615201, max = 804.4974945, average = 409.9813133


################################################################################

Time = 310

Outer Loop Iteration = 310
smoothSolver:  Solving for Ux, Initial residual = 7.777589964e-07, Final residual = 1.687057097e-08, No Iterations 2
smoothSolver:  Solving for Uz, Initial residual = 2.894745849e-07, Final residual = 6.649129606e-09, No Iterations 2
GAMG:  Solving for p, Initial residual = 7.260215794e-07, Final residual = 3.772744179e-09, No Iterations 3
GAMG:  Solving for p, Initial residual = 7.110190921e-08, Final residual = 3.454651018e-10, No Iterations 3
GAMG:  Solving for p, Initial residual = 1.555696823e-08, Final residual = 1.362790618e-10, No Iterations 2
time step continuity errors (region0): sum local = 7.763989062e-12, global = -4.352039383e-13, cumulative = 1.569156924e-07
smoothSolver:  Solving for omega, Initial residual = 1.770656896e-08, Final residual = 1.637321617e-09, No Iterations 1
smoothSolver:  Solving for k, Initial residual = 2.398009325e-08, Final residual = 2.268363807e-09, No Iterations 1

ExecutionTime = 3.9 s  ExecutionStepTime = 0.02 s  ClockTime = 4 s

forces FR write:
    Sum of forces
        Total    : ( 0.3515396373 0 -5.527450457 )
        Pressure : ( 0.3014499721 0 -5.527002656 )
        Viscous  : ( 0.05008966524 0 -0.0004478001536 )
    Sum of moments
        Total    : ( -2.681617737 1.09018711 -0.1705478745 )
        Pressure : ( -2.681400489 1.093060097 -0.1462470986 )
        Viscous  : ( -0.0002172482312 -0.002872987327 -0.02430077588 )


liftDrag LD execute:
Viscous drag: 0.004159591276, pressure drag: 0.02503328117, porous drag: 0
Viscous lift: -3.718662529e-05, pressure lift: -0.4589783525, porous lift: 0
Total lift: -0.4590155391, Front lift: -0.1389754657, Rear lift: -0.3200400734, Drag: 0.02919287245
Location of Center of Mass: ( 0.156259772 0.4851455039 -0.03143796203 )
Location of Center Of Pressure: ( 0.1990577665 0.4851455039 -0.02871605768 )


yPlus yPlus execute:
    patch Bottom y+ : min = 1.290686942, max = 402.1192432, average = 209.2847842
    patch Top y+ : min = 47.77221592, max = 408.9772425, average = 228.7731947
    patch e423_0 y+ : min = 80.88618611, max = 804.4975376, average = 409.9813309


################################################################################

Time = 311

Outer Loop Iteration = 311
smoothSolver:  Solving for Ux, Initial residual = 7.47173673e-07, Final residual = 1.615082023e-08, No Iterations 2
smoothSolver:  Solving for Uz, Initial residual = 2.813453711e-07, Final residual = 6.436004867e-09, No Iterations 2
GAMG:  Solving for p, Initial residual = 6.984834363e-07, Final residual = 3.656393141e-09, No Iterations 3
GAMG:  Solving for p, Initial residual = 6.891571143e-08, Final residual = 3.376039419e-10, No Iterations 3
GAMG:  Solving for p, Initial residual = 1.507004663e-08, Final residual = 1.330750065e-10, No Iterations 2
time step continuity errors (region0): sum local = 7.581370654e-12, global = -4.228476778e-13, cumulative = 1.569152696e-07
smoothSolver:  Solving for omega, Initial residual = 1.699023054e-08, Final residual = 1.57001979e-09, No Iterations 1
smoothSolver:  Solving for k, Initial residual = 2.30917402e-08, Final residual = 2.184221189e-09, No Iterations 1

ExecutionTime = 3.91 s  ExecutionStepTime = 0.01 s  ClockTime = 4 s

forces FR write:
    Sum of forces
        Total    : ( 0.3515395037 0 -5.527451999 )
        Pressure : ( 0.3014498343 0 -5.527004198 )
        Viscous  : ( 0.05008966948 0 -0.0004478001608 )
    Sum of moments
        Total    : ( -2.681618485 1.090187329 -0.1705478097 )
        Pressure : ( -2.681401237 1.093060317 -0.1462470317 )
        Viscous  : ( -0.0002172482346 -0.002872987709 -0.02430077794 )


liftDrag LD execute:
Viscous drag: 0.004159591627, pressure drag: 0.02503326973, porous drag: 0
Viscous lift: -3.718662588e-05, pressure lift: -0.4589784806, porous lift: 0
Total lift: -0.4590156672, Front lift: -0.1389755116, Rear lift: -0.3200401556, Drag: 0.02919286136
Location of Center of Mass: ( 0.156259772 0.4851455039 -0.03143796203 )
Location of Center Of Pressure: ( 0.1990577502 0.4851455039 -0.02871606051 )


yPlus yPlus execute:
    patch Bottom y+ : min = 1.290685024, max = 402.1191398, average = 209.2848453
    patch Top y+ : min = 47.77221336, max = 408.9771144, average = 228.7731814
    patch e423_0 y+ : min = 80.88621905, max = 804.4975788, average = 409.9813478


################################################################################

Time = 312

Outer Loop Iteration = 312
smoothSolver:  Solving for Ux, Initial residual = 7.177127378e-07, Final residual = 1.545895431e-08, No Iterations 2
smoothSolver:  Solving for Uz, Initial residual = 2.732943552e-07, Final residual = 6.219191433e-09, No Iterations 2
GAMG:  Solving for p, Initial residual = 6.715212595e-07, Final residual = 3.53893134e-09, No Iterations 3
GAMG:  Solving for p, Initial residual = 6.679432552e-08, Final residual = 3.294228393e-10, No Iterations 3
GAMG:  Solving for p, Initial residual = 1.45947501e-08, Final residual = 1.299426367e-10, No Iterations 2
time step continuity errors (region0): sum local = 7.402700145e-12, global = -4.100680382e-13, cumulative = 1.569148595e-07
smoothSolver:  Solving for omega, Initial residual = 1.630124232e-08, Final residual = 1.505619435e-09, No Iterations 1
smoothSolver:  Solving for k, Initial residual = 2.223553395e-08, Final residual = 2.103134533e-09, No Iterations 1

ExecutionTime = 3.91 s  ExecutionStepTime = 0 s  ClockTime = 4 s

forces FR write:
    Sum of forces
        Total    : ( 0.3515393745 0 -5.527453488 )
        Pressure : ( 0.301449701 0 -5.527005688 )
        Viscous  : ( 0.05008967354 0 -0.000447800172 )
    Sum of moments
        Total    : ( -2.681619207 1.090187541 -0.170547747 )
        Pressure : ( -2.681401959 1.093060529 -0.1462469671 )
        Viscous  : ( -0.0002172482401 -0.002872988075 -0.02430077991 )


liftDrag LD execute:
Viscous drag: 0.004159591964, pressure drag: 0.02503325866, porous drag: 0
Viscous lift: -3.718662681e-05, pressure lift: -0.4589786042, porous lift: 0
Total lift: -0.4590157908, Front lift: -0.1389755558, Rear lift: -0.320040235, Drag: 0.02919285063
Location of Center of Mass: ( 0.156259772 0.4851455039 -0.03143796203 )
Location of Center Of Pressure: ( 0.1990577344 0.4851455039 -0.02871606325 )


yPlus yPlus execute:
    patch Bottom y+ : min = 1.290683269, max = 402.1190494, average = 209.2849097
    patch Top y+ : min = 47.77220894, max = 408.9770007, average = 228.7731746
    patch e423_0 y+ : min = 80.88625089, max = 804.4976183, average = 409.981364


################################################################################

Time = 313

Outer Loop Iteration = 313
smoothSolver:  Solving for Ux, Initial residual = 6.896675001e-07, Final residual = 1.479563462e-08, No Iterations 2
smoothSolver:  Solving for Uz, Initial residual = 2.654183277e-07, Final residual = 6.008440078e-09, No Iterations 2
GAMG:  Solving for p, Initial residual = 6.451684165e-07, Final residual = 3.428204384e-09, No Iterations 3
GAMG:  Solving for p, Initial residual = 6.474387036e-08, Final residual = 3.217882564e-10, No Iterations 3
GAMG:  Solving for p, Initial residual = 1.41555987e-08, Final residual = 1.269764713e-10, No Iterations 2
time step continuity errors (region0): sum local = 7.233850182e-12, global = -3.95161066e-13, cumulative = 1.569144643e-07
smoothSolver:  Solving for omega, Initial residual = 1.563771086e-08, Final residual = 1.444006025e-09, No Iterations 1
smoothSolver:  Solving for k, Initial residual = 2.141096942e-08, Final residual = 2.025091355e-09, No Iterations 1

ExecutionTime = 3.92 s  ExecutionStepTime = 0 s  ClockTime = 4 s

forces FR write:
    Sum of forces
        Total    : ( 0.3515392494 0 -5.527454926 )
        Pressure : ( 0.301449572 0 -5.527007126 )
        Viscous  : ( 0.05008967743 0 -0.0004478001877 )
    Sum of moments
        Total    : ( -2.681619905 1.090187746 -0.1705476863 )
        Pressure : ( -2.681402657 1.093060734 -0.1462469045 )
        Viscous  : ( -0.0002172482477 -0.002872988425 -0.02430078179 )


liftDrag LD execute:
Viscous drag: 0.004159592288, pressure drag: 0.02503324795, porous drag: 0
Viscous lift: -3.718662812e-05, pressure lift: -0.4589787237, porous lift: 0
Total lift: -0.4590159103, Front lift: -0.1389755985, Rear lift: -0.3200403118, Drag: 0.02919284023
Location of Center of Mass: ( 0.156259772 0.4851455039 -0.03143796203 )
Location of Center Of Pressure: ( 0.1990577191 0.4851455039 -0.0287160659 )


yPlus yPlus execute:
    patch Bottom y+ : min = 1.290681671, max = 402.1189719, average = 209.2849771
    patch Top y+ : min = 47.77220275, max = 408.9769013, average = 228.773174
    patch e423_0 y+ : min = 80.8862817, max = 804.4976561, average = 409.9813795


################################################################################

Time = 314

Outer Loop Iteration = 314
smoothSolver:  Solving for Ux, Initial residual = 6.625605125e-07, Final residual = 1.415996663e-08, No Iterations 2
smoothSolver:  Solving for Uz, Initial residual = 2.578683541e-07, Final residual = 5.800853619e-09, No Iterations 2
GAMG:  Solving for p, Initial residual = 6.196302887e-07, Final residual = 3.30852727e-09, No Iterations 3
GAMG:  Solving for p, Initial residual = 6.275451184e-08, Final residual = 3.123668012e-10, No Iterations 3
GAMG:  Solving for p, Initial residual = 1.372401559e-08, Final residual = 1.23750165e-10, No Iterations 2
time step continuity errors (region0): sum local = 7.050198492e-12, global = -3.829002403e-13, cumulative = 1.569140814e-07
smoothSolver:  Solving for omega, Initial residual = 1.499927911e-08, Final residual = 1.38454833e-09, No Iterations 1
smoothSolver:  Solving for k, Initial residual = 2.06164369e-08, Final residual = 1.949954531e-09, No Iterations 1

ExecutionTime = 3.94 s  ExecutionStepTime = 0.01 s  ClockTime = 4 s

forces FR write:
    Sum of forces
        Total    : ( 0.3515391281 0 -5.527456316 )
        Pressure : ( 0.3014494469 0 -5.527008516 )
        Viscous  : ( 0.05008968116 0 -0.0004478002083 )
    Sum of moments
        Total    : ( -2.68162058 1.090187943 -0.1705476274 )
        Pressure : ( -2.681403331 1.093060932 -0.1462468438 )
        Viscous  : ( -0.0002172482577 -0.002872988761 -0.02430078361 )


liftDrag LD execute:
Viscous drag: 0.004159592598, pressure drag: 0.02503323756, porous drag: 0
Viscous lift: -3.718662983e-05, pressure lift: -0.4589788391, porous lift: 0
Total lift: -0.4590160257, Front lift: -0.1389756398, Rear lift: -0.3200403859, Drag: 0.02919283016
Location of Center of Mass: ( 0.156259772 0.4851455039 -0.03143796203 )
Location of Center Of Pressure: ( 0.1990577043 0.4851455039 -0.02871606846 )


yPlus yPlus execute:
    patch Bottom y+ : min = 1.290680224, max = 402.118907, average = 209.2850472
    patch Top y+ : min = 47.77219492, max = 408.9768161, average = 228.7731793
    patch e423_0 y+ : min = 80.88631154, max = 804.4976923, average = 409.9813945


################################################################################

Time = 315

Outer Loop Iteration = 315
smoothSolver:  Solving for Ux, Initial residual = 6.364588422e-07, Final residual = 1.356274471e-08, No Iterations 2
smoothSolver:  Solving for Uz, Initial residual = 2.504838873e-07, Final residual = 5.598667547e-09, No Iterations 2
GAMG:  Solving for p, Initial residual = 5.94993727e-07, Final residual = 3.201242507e-09, No Iterations 3
GAMG:  Solving for p, Initial residual = 6.082802892e-08, Final residual = 3.043103189e-10, No Iterations 3
GAMG:  Solving for p, Initial residual = 1.33071241e-08, Final residual = 1.20842767e-10, No Iterations 2
time step continuity errors (region0): sum local = 6.88448627e-12, global = -3.66509581e-13, cumulative = 1.569137149e-07
smoothSolver:  Solving for omega, Initial residual = 1.438355781e-08, Final residual = 1.327493733e-09, No Iterations 1
smoothSolver:  Solving for k, Initial residual = 1.985080007e-08, Final residual = 1.877619335e-09, No Iterations 1

ExecutionTime = 3.95 s  ExecutionStepTime = 0.01 s  ClockTime = 4 s

forces FR write:
    Sum of forces
        Total    : ( 0.3515390103 0 -5.52745766 )
        Pressure : ( 0.3014493255 0 -5.527009859 )
        Viscous  : ( 0.05008968475 0 -0.0004478002342 )
    Sum of moments
        Total    : ( -2.681621231 1.090188134 -0.1705475703 )
        Pressure : ( -2.681403983 1.093061123 -0.1462467849 )
        Viscous  : ( -0.0002172482702 -0.002872989082 -0.02430078534 )


liftDrag LD execute:
Viscous drag: 0.004159592895, pressure drag: 0.02503322748, porous drag: 0
Viscous lift: -3.718663198e-05, pressure lift: -0.4589789507, porous lift: 0
Total lift: -0.4590161373, Front lift: -0.1389756798, Rear lift: -0.3200404575, Drag: 0.02919282038
Location of Center of Mass: ( 0.156259772 0.4851455039 -0.03143796203 )
Location of Center Of Pressure: ( 0.19905769 0.4851455039 -0.02871607095 )


yPlus yPlus execute:
    patch Bottom y+ : min = 1.290678919, max = 402.1188545, average = 209.2851197
    patch Top y+ : min = 47.77218559, max = 408.9767447, average = 228.77319
    patch e423_0 y+ : min = 80.88634044, max = 804.497727, average = 409.9814088


################################################################################

Time = 316

Outer Loop Iteration = 316
smoothSolver:  Solving for Ux, Initial residual = 6.111001253e-07, Final residual = 1.300705699e-08, No Iterations 2
smoothSolver:  Solving for Uz, Initial residual = 2.431111976e-07, Final residual = 5.402666593e-09, No Iterations 2
GAMG:  Solving for p, Initial residual = 5.711705803e-07, Final residual = 3.096290298e-09, No Iterations 3
GAMG:  Solving for p, Initial residual = 5.89563084e-08, Final residual = 2.961111411e-10, No Iterations 3
GAMG:  Solving for p, Initial residual = 1.290181824e-08, Final residual = 1.193068675e-10, No Iterations 2
time step continuity errors (region0): sum local = 6.797000047e-12, global = -3.758535662e-13, cumulative = 1.569133391e-07
smoothSolver:  Solving for omega, Initial residual = 1.379062032e-08, Final residual = 1.27270784e-09, No Iterations 1
smoothSolver:  Solving for k, Initial residual = 1.911326241e-08, Final residual = 1.807950939e-09, No Iterations 1

ExecutionTime = 3.95 s  ExecutionStepTime = 0 s  ClockTime = 4 s

forces FR write:
    Sum of forces
        Total    : ( 0.3515388959 0 -5.527458958 )
        Pressure : ( 0.3014492077 0 -5.527011158 )
        Viscous  : ( 0.05008968818 0 -0.0004478002654 )
    Sum of moments
        Total    : ( -2.681621861 1.090188319 -0.1705475148 )
        Pressure : ( -2.681404613 1.093061308 -0.1462467278 )
        Viscous  : ( -0.0002172482854 -0.002872989389 -0.02430078701 )


liftDrag LD execute:
Viscous drag: 0.00415959318, pressure drag: 0.0250332177, porous drag: 0
Viscous lift: -3.718663457e-05, pressure lift: -0.4589790585, porous lift: 0
Total lift: -0.4590162451, Front lift: -0.1389757184, Rear lift: -0.3200405267, Drag: 0.02919281088
Location of Center of Mass: ( 0.156259772 0.4851455039 -0.03143796203 )
Location of Center Of Pressure: ( 0.1990576762 0.4851455039 -0.02871607335 )


yPlus yPlus execute:
    patch Bottom y+ : min = 1.290677749, max = 402.118814, average = 209.2851942
    patch Top y+ : min = 47.77217487, max = 408.976687, average = 228.7732059
    patch e423_0 y+ : min = 80.88636846, max = 804.4977602, average = 409.9814225


################################################################################

Time = 317

Outer Loop Iteration = 317
smoothSolver:  Solving for Ux, Initial residual = 5.865378605e-07, Final residual = 1.247239125e-08, No Iterations 2
smoothSolver:  Solving for Uz, Initial residual = 2.356877405e-07, Final residual = 5.214063835e-09, No Iterations 2
GAMG:  Solving for p, Initial residual = 5.481639092e-07, Final residual = 2.993391505e-09, No Iterations 3
GAMG:  Solving for p, Initial residual = 5.713115357e-08, Final residual = 2.878186931e-10, No Iterations 3
GAMG:  Solving for p, Initial residual = 1.250788056e-08, Final residual = 1.164185166e-10, No Iterations 2
time step continuity errors (region0): sum local = 6.632449896e-12, global = -3.57654513e-13, cumulative = 1.569129814e-07
smoothSolver:  Solving for omega, Initial residual = 1.322036572e-08, Final residual = 1.220183792e-09, No Iterations 1
smoothSolver:  Solving for k, Initial residual = 1.840262826e-08, Final residual = 1.740837611e-09, No Iterations 1

ExecutionTime = 3.97 s  ExecutionStepTime = 0.02 s  ClockTime = 4 s

forces FR write:
    Sum of forces
        Total    : ( 0.3515387846 0 -5.527460214 )
        Pressure : ( 0.3014490932 0 -5.527012414 )
        Viscous  : ( 0.05008969148 0 -0.0004478003022 )
    Sum of moments
        Total    : ( -2.68162247 1.090188497 -0.1705474608 )
        Pressure : ( -2.681405222 1.093061486 -0.1462466722 )
        Viscous  : ( -0.0002172483033 -0.002872989683 -0.02430078861 )


liftDrag LD execute:
Viscous drag: 0.004159593454, pressure drag: 0.02503320819, porous drag: 0
Viscous lift: -3.718663763e-05, pressure lift: -0.4589791628, porous lift: 0
Total lift: -0.4590163494, Front lift: -0.1389757557, Rear lift: -0.3200405937, Drag: 0.02919280164
Location of Center of Mass: ( 0.156259772 0.4851455039 -0.03143796203 )
Location of Center Of Pressure: ( 0.1990576627 0.4851455039 -0.02871607569 )


yPlus yPlus execute:
    patch Bottom y+ : min = 1.290676705, max = 402.1187848, average = 209.2852704
    patch Top y+ : min = 47.77216292, max = 408.9766423, average = 228.7732265
    patch e423_0 y+ : min = 80.88639563, max = 804.497792, average = 409.9814357


################################################################################

Time = 318

Outer Loop Iteration = 318
smoothSolver:  Solving for Ux, Initial residual = 5.629663891e-07, Final residual = 1.196497709e-08, No Iterations 2
smoothSolver:  Solving for Uz, Initial residual = 2.28198769e-07, Final residual = 5.027538314e-09, No Iterations 2
GAMG:  Solving for p, Initial residual = 5.251889669e-07, Final residual = 2.885676588e-09, No Iterations 3
GAMG:  Solving for p, Initial residual = 5.532485857e-08, Final residual = 2.79064062e-10, No Iterations 3
GAMG:  Solving for p, Initial residual = 1.211697095e-08, Final residual = 1.125605866e-10, No Iterations 2
time step continuity errors (region0): sum local = 6.41273926e-12, global = -5.859517845e-13, cumulative = 1.569123955e-07
smoothSolver:  Solving for omega, Initial residual = 1.267247981e-08, Final residual = 1.169637667e-09, No Iterations 1
smoothSolver:  Solving for k, Initial residual = 1.771761091e-08, Final residual = 1.676189144e-09, No Iterations 1

ExecutionTime = 3.98 s  ExecutionStepTime = 0.01 s  ClockTime = 4 s

forces FR write:
    Sum of forces
        Total    : ( 0.3515386764 0 -5.527461428 )
        Pressure : ( 0.3014489818 0 -5.527013628 )
        Viscous  : ( 0.05008969464 0 -0.0004478003446 )
    Sum of moments
        Total    : ( -2.681623059 1.090188669 -0.1705474083 )
        Pressure : ( -2.681405811 1.093061659 -0.1462466181 )
        Viscous  : ( -0.0002172483238 -0.002872989964 -0.02430079014 )


liftDrag LD execute:
Viscous drag: 0.004159593717, pressure drag: 0.02503319894, porous drag: 0
Viscous lift: -3.718664115e-05, pressure lift: -0.4589792636, porous lift: 0
Total lift: -0.4590164502, Front lift: -0.1389757919, Rear lift: -0.3200406583, Drag: 0.02919279265
Location of Center of Mass: ( 0.156259772 0.4851455039 -0.03143796203 )
Location of Center Of Pressure: ( 0.1990576497 0.4851455039 -0.02871607795 )


yPlus yPlus execute:
    patch Bottom y+ : min = 1.29067578, max = 402.1187666, average = 209.2853479
    patch Top y+ : min = 47.77214983, max = 408.9766101, average = 228.7732513
    patch e423_0 y+ : min = 80.886422, max = 804.4978226, average = 409.9814484


################################################################################

Time = 319

Outer Loop Iteration = 319
smoothSolver:  Solving for Ux, Initial residual = 5.404319711e-07, Final residual = 1.148309282e-08, No Iterations 2
smoothSolver:  Solving for Uz, Initial residual = 2.203272936e-07, Final residual = 4.832206267e-09, No Iterations 2
GAMG:  Solving for p, Initial residual = 5.019752541e-07, Final residual = 2.772158352e-09, No Iterations 3
GAMG:  Solving for p, Initial residual = 5.359973798e-08, Final residual = 2.69647911e-10, No Iterations 3
GAMG:  Solving for p, Initial residual = 1.174215979e-08, Final residual = 1.093959239e-10, No Iterations 2
time step continuity errors (region0): sum local = 6.232447595e-12, global = -5.725912591e-13, cumulative = 1.569118229e-07
smoothSolver:  Solving for omega, Initial residual = 1.214704215e-08, Final residual = 1.121070368e-09, No Iterations 1
smoothSolver:  Solving for k, Initial residual = 1.705748457e-08, Final residual = 1.613955971e-09, No Iterations 1

ExecutionTime = 3.98 s  ExecutionStepTime = 0 s  ClockTime = 4 s

forces FR write:
    Sum of forces
        Total    : ( 0.351538571 0 -5.527462602 )
        Pressure : ( 0.3014488734 0 -5.527014801 )
        Viscous  : ( 0.05008969768 0 -0.0004478003924 )
    Sum of moments
        Total    : ( -2.681623629 1.090188835 -0.1705473572 )
        Pressure : ( -2.681406381 1.093061825 -0.1462465656 )
        Viscous  : ( -0.000217248347 -0.002872990233 -0.02430079162 )


liftDrag LD execute:
Viscous drag: 0.004159593969, pressure drag: 0.02503318993, porous drag: 0
Viscous lift: -3.718664512e-05, pressure lift: -0.4589793611, porous lift: 0
Total lift: -0.4590165477, Front lift: -0.1389758268, Rear lift: -0.3200407209, Drag: 0.0291927839
Location of Center of Mass: ( 0.156259772 0.4851455039 -0.03143796203 )
Location of Center Of Pressure: ( 0.199057637 0.4851455039 -0.02871608015 )


yPlus yPlus execute:
    patch Bottom y+ : min = 1.290674963, max = 402.1187587, average = 209.2854266
    patch Top y+ : min = 47.77213586, max = 408.9765899, average = 228.77328
    patch e423_0 y+ : min = 80.88644759, max = 804.4978519, average = 409.9814606


################################################################################

Time = 320

Outer Loop Iteration = 320
smoothSolver:  Solving for Ux, Initial residual = 5.187075298e-07, Final residual = 1.101845682e-08, No Iterations 2
smoothSolver:  Solving for Uz, Initial residual = 2.124394585e-07, Final residual = 4.632607277e-09, No Iterations 2
GAMG:  Solving for p, Initial residual = 4.802580305e-07, Final residual = 2.669470455e-09, No Iterations 3
GAMG:  Solving for p, Initial residual = 5.189620083e-08, Final residual = 2.607150613e-10, No Iterations 3
GAMG:  Solving for p, Initial residual = 1.137548676e-08, Final residual = 1.065012504e-10, No Iterations 2
time step continuity errors (region0): sum local = 6.067488665e-12, global = -5.312560328e-13, cumulative = 1.569112916e-07
smoothSolver:  Solving for omega, Initial residual = 1.164343586e-08, Final residual = 1.074508254e-09, No Iterations 1
smoothSolver:  Solving for k, Initial residual = 1.642160171e-08, Final residual = 1.553978397e-09, No Iterations 1

ExecutionTime = 4 s  ExecutionStepTime = 0.01 s  ClockTime = 4 s

forces FR write:
    Sum of forces
        Total    : ( 0.3515384684 0 -5.527463737 )
        Pressure : ( 0.3014487678 0 -5.527015937 )
        Viscous  : ( 0.05008970059 0 -0.0004478004456 )
    Sum of moments
        Total    : ( -2.68162418 1.090188995 -0.1705473074 )
        Pressure : ( -2.681406931 1.093061985 -0.1462465144 )
        Viscous  : ( -0.0002172483728 -0.00287299049 -0.02430079303 )


liftDrag LD execute:
Viscous drag: 0.004159594211, pressure drag: 0.02503318117, porous drag: 0
Viscous lift: -3.718664954e-05, pressure lift: -0.4589794553, porous lift: 0
Total lift: -0.459016642, Front lift: -0.1389758606, Rear lift: -0.3200407813, Drag: 0.02919277538
Location of Center of Mass: ( 0.156259772 0.4851455039 -0.03143796203 )
Location of Center Of Pressure: ( 0.1990576248 0.4851455039 -0.02871608228 )


yPlus yPlus execute:
    patch Bottom y+ : min = 1.290674249, max = 402.1187605, average = 209.2855059
    patch Top y+ : min = 47.77212105, max = 408.9765808, average = 228.7733122
    patch e423_0 y+ : min = 80.88647244, max = 804.49788, average = 409.9814723


################################################################################

Time = 321

Outer Loop Iteration = 321
smoothSolver:  Solving for Ux, Initial residual = 4.977709786e-07, Final residual = 1.057567523e-08, No Iterations 2
smoothSolver:  Solving for Uz, Initial residual = 2.046949076e-07, Final residual = 4.444616777e-09, No Iterations 2
GAMG:  Solving for p, Initial residual = 4.601805303e-07, Final residual = 2.573274944e-09, No Iterations 3
GAMG:  Solving for p, Initial residual = 5.021902434e-08, Final residual = 2.518710149e-10, No Iterations 3
GAMG:  Solving for p, Initial residual = 1.101307582e-08, Final residual = 1.034956316e-10, No Iterations 2
time step continuity errors (region0): sum local = 5.896179584e-12, global = -4.946238158e-13, cumulative = 1.56910797e-07
smoothSolver:  Solving for omega, Initial residual = 1.11596772e-08, Final residual = 1.030130785e-09, No Iterations 1
smoothSolver:  Solving for k, Initial residual = 1.580868323e-08, Final residual = 1.496170147e-09, No Iterations 1

ExecutionTime = 4.01 s  ExecutionStepTime = 0.01 s  ClockTime = 4 s

forces FR write:
    Sum of forces
        Total    : ( 0.3515383684 0 -5.527464835 )
        Pressure : ( 0.301448665 0 -5.527017034 )
        Viscous  : ( 0.05008970339 0 -0.000447800504 )
    Sum of moments
        Total    : ( -2.681624712 1.09018915 -0.1705472589 )
        Pressure : ( -2.681407464 1.09306214 -0.1462464645 )
        Viscous  : ( -0.0002172484011 -0.002872990735 -0.02430079439 )


liftDrag LD execute:
Viscous drag: 0.004159594444, pressure drag: 0.02503317263, porous drag: 0
Viscous lift: -3.718665439e-05, pressure lift: -0.4589795465, porous lift: 0
Total lift: -0.4590167331, Front lift: -0.1389758934, Rear lift: -0.3200408398, Drag: 0.02919276708
Location of Center of Mass: ( 0.156259772 0.4851455039 -0.03143796203 )
Location of Center Of Pressure: ( 0.1990576129 0.4851455039 -0.02871608436 )


yPlus yPlus execute:
    patch Bottom y+ : min = 1.290673628, max = 402.1187712, average = 209.2855855
    patch Top y+ : min = 47.77210555, max = 408.9765822, average = 228.7733473
    patch e423_0 y+ : min = 80.88649656, max = 804.497907, average = 409.9814836


################################################################################

Time = 322

Outer Loop Iteration = 322
smoothSolver:  Solving for Ux, Initial residual = 4.77510208e-07, Final residual = 1.015127869e-08, No Iterations 2
smoothSolver:  Solving for Uz, Initial residual = 1.971766083e-07, Final residual = 4.252683845e-09, No Iterations 2
GAMG:  Solving for p, Initial residual = 4.418312189e-07, Final residual = 2.477135438e-09, No Iterations 3
GAMG:  Solving for p, Initial residual = 4.853923718e-08, Final residual = 2.424195075e-10, No Iterations 3
GAMG:  Solving for p, Initial residual = 1.065837885e-08, Final residual = 1.010660864e-10, No Iterations 2
time step continuity errors (region0): sum local = 5.757870478e-12, global = -4.185900421e-13, cumulative = 1.569103784e-07
smoothSolver:  Solving for omega, Initial residual = 1.069603145e-08, Final residual = 9.879257577e-10, No Iterations 1
smoothSolver:  Solving for k, Initial residual = 1.521847968e-08, Final residual = 1.440502887e-09, No Iterations 1

ExecutionTime = 4.02 s  ExecutionStepTime = 0.01 s  ClockTime = 4 s

forces FR write:
    Sum of forces
        Total    : ( 0.351538271 0 -5.527465897 )
        Pressure : ( 0.3014485649 0 -5.527018096 )
        Viscous  : ( 0.05008970608 0 -0.0004478005673 )
    Sum of moments
        Total    : ( -2.681625227 1.090189299 -0.1705472116 )
        Pressure : ( -2.681407979 1.09306229 -0.1462464159 )
        Viscous  : ( -0.0002172484318 -0.00287299097 -0.02430079569 )


liftDrag LD execute:
Viscous drag: 0.004159594667, pressure drag: 0.02503316432, porous drag: 0
Viscous lift: -3.718665964e-05, pressure lift: -0.4589796346, porous lift: 0
Total lift: -0.4590168213, Front lift: -0.138975925, Rear lift: -0.3200408963, Drag: 0.02919275898
Location of Center of Mass: ( 0.156259772 0.4851455039 -0.03143796203 )
Location of Center Of Pressure: ( 0.1990576013 0.4851455039 -0.02871608637 )


yPlus yPlus execute:
    patch Bottom y+ : min = 1.290673092, max = 402.1187903, average = 209.2856652
    patch Top y+ : min = 47.77208951, max = 408.9765933, average = 228.7733851
    patch e423_0 y+ : min = 80.88651999, max = 804.4979329, average = 409.9814944


################################################################################

Time = 323

Outer Loop Iteration = 323
smoothSolver:  Solving for Ux, Initial residual = 4.578899292e-07, Final residual = 9.743585438e-09, No Iterations 2
smoothSolver:  Solving for Uz, Initial residual = 1.897769291e-07, Final residual = 4.057924746e-09, No Iterations 2
GAMG:  Solving for p, Initial residual = 4.24989618e-07, Final residual = 2.38966316e-09, No Iterations 3
GAMG:  Solving for p, Initial residual = 4.687633435e-08, Final residual = 2.338996923e-10, No Iterations 3
GAMG:  Solving for p, Initial residual = 1.030487125e-08, Final residual = 9.82277764e-11, No Iterations 2
time step continuity errors (region0): sum local = 5.596164428e-12, global = -3.765622812e-13, cumulative = 1.569100018e-07
smoothSolver:  Solving for omega, Initial residual = 1.025203845e-08, Final residual = 9.480161615e-10, No Iterations 1
smoothSolver:  Solving for k, Initial residual = 1.465066051e-08, Final residual = 1.386931236e-09, No Iterations 1

ExecutionTime = 4.04 s  ExecutionStepTime = 0.02 s  ClockTime = 4 s

forces FR write:
    Sum of forces
        Total    : ( 0.351538176 0 -5.527466923 )
        Pressure : ( 0.3014484673 0 -5.527019122 )
        Viscous  : ( 0.05008970866 0 -0.0004478006352 )
    Sum of moments
        Total    : ( -2.681625725 1.090189443 -0.1705471655 )
        Pressure : ( -2.681408477 1.093062435 -0.1462463686 )
        Viscous  : ( -0.0002172484648 -0.002872991195 -0.02430079695 )


liftDrag LD execute:
Viscous drag: 0.004159594881, pressure drag: 0.02503315622, porous drag: 0
Viscous lift: -3.718666528e-05, pressure lift: -0.4589797199, porous lift: 0
Total lift: -0.4590169065, Front lift: -0.1389759557, Rear lift: -0.3200409509, Drag: 0.0291927511
Location of Center of Mass: ( 0.156259772 0.4851455039 -0.03143796203 )
Location of Center Of Pressure: ( 0.19905759 0.4851455039 -0.02871608833 )


yPlus yPlus execute:
    patch Bottom y+ : min = 1.290672633, max = 402.1188169, average = 209.2857445
    patch Top y+ : min = 47.77207303, max = 408.9766132, average = 228.7734249
    patch e423_0 y+ : min = 80.88654275, max = 804.4979578, average = 409.9815048


################################################################################

Time = 324

Outer Loop Iteration = 324
smoothSolver:  Solving for Ux, Initial residual = 4.390270611e-07, Final residual = 9.352140843e-09, No Iterations 2
smoothSolver:  Solving for Uz, Initial residual = 1.823998836e-07, Final residual = 3.864303866e-09, No Iterations 2
GAMG:  Solving for p, Initial residual = 4.09205972e-07, Final residual = 2.303929058e-09, No Iterations 3
GAMG:  Solving for p, Initial residual = 4.5247559e-08, Final residual = 2.253864314e-10, No Iterations 3
GAMG:  Solving for p, Initial residual = 9.959436692e-09, Final residual = 9.565638896e-11, No Iterations 2
time step continuity errors (region0): sum local = 5.449592146e-12, global = -3.425749276e-13, cumulative = 1.569096593e-07
smoothSolver:  Solving for omega, Initial residual = 9.827446552e-09, Final residual = 9.096386778e-10, No Iterations 1
smoothSolver:  Solving for k, Initial residual = 1.410350183e-08, Final residual = 1.335400219e-09, No Iterations 1

ExecutionTime = 4.05 s  ExecutionStepTime = 0.01 s  ClockTime = 4 s

forces FR write:
    Sum of forces
        Total    : ( 0.3515380834 0 -5.527467915 )
        Pressure : ( 0.3014483723 0 -5.527020115 )
        Viscous  : ( 0.05008971114 0 -0.0004478007074 )
    Sum of moments
        Total    : ( -2.681626207 1.090189583 -0.1705471206 )
        Pressure : ( -2.681408958 1.093062574 -0.1462463225 )
        Viscous  : ( -0.0002172484998 -0.002872991409 -0.02430079815 )


liftDrag LD execute:
Viscous drag: 0.004159595087, pressure drag: 0.02503314832, porous drag: 0
Viscous lift: -3.718667128e-05, pressure lift: -0.4589798023, porous lift: 0
Total lift: -0.459016989, Front lift: -0.1389759853, Rear lift: -0.3200410036, Drag: 0.02919274341
Location of Center of Mass: ( 0.156259772 0.4851455039 -0.03143796203 )
Location of Center Of Pressure: ( 0.1990575791 0.4851455039 -0.02871609023 )


yPlus yPlus execute:
    patch Bottom y+ : min = 1.290672243, max = 402.1188503, average = 209.2858233
    patch Top y+ : min = 47.77205627, max = 408.9766411, average = 228.7734665
    patch e423_0 y+ : min = 80.88656485, max = 804.4979818, average = 409.9815148


################################################################################

Time = 325

Outer Loop Iteration = 325
smoothSolver:  Solving for Ux, Initial residual = 4.207537683e-07, Final residual = 8.97903419e-09, No Iterations 2
smoothSolver:  Solving for Uz, Initial residual = 1.750919305e-07, Final residual = 3.677250783e-09, No Iterations 2
GAMG:  Solving for p, Initial residual = 3.943411712e-07, Final residual = 2.219778931e-09, No Iterations 3
GAMG:  Solving for p, Initial residual = 4.367265412e-08, Final residual = 2.164472557e-10, No Iterations 3
GAMG:  Solving for p, Initial residual = 9.625273292e-09, Final residual = 9.289327269e-11, No Iterations 2
time step continuity errors (region0): sum local = 5.292171074e-12, global = -3.045199911e-13, cumulative = 1.569093548e-07
smoothSolver:  Solving for omega, Initial residual = 9.424764564e-09, Final residual = 8.727797255e-10, No Iterations 1
smoothSolver:  Solving for k, Initial residual = 1.35761821e-08, Final residual = 1.285735252e-09, No Iterations 1

ExecutionTime = 4.07 s  ExecutionStepTime = 0.02 s  ClockTime = 4 s

forces FR write:
    Sum of forces
        Total    : ( 0.3515379932 0 -5.527468875 )
        Pressure : ( 0.3014482796 0 -5.527021074 )
        Viscous  : ( 0.05008971353 0 -0.0004478007835 )
    Sum of moments
        Total    : ( -2.681626672 1.090189717 -0.1705470768 )
        Pressure : ( -2.681409424 1.093062708 -0.1462462775 )
        Viscous  : ( -0.0002172485367 -0.002872991614 -0.02430079931 )


liftDrag LD execute:
Viscous drag: 0.004159595285, pressure drag: 0.02503314063, porous drag: 0
Viscous lift: -3.71866776e-05, pressure lift: -0.4589798819, porous lift: 0
Total lift: -0.4590170686, Front lift: -0.138976014, Rear lift: -0.3200410546, Drag: 0.02919273591
Location of Center of Mass: ( 0.156259772 0.4851455039 -0.03143796203 )
Location of Center Of Pressure: ( 0.1990575685 0.4851455039 -0.02871609207 )


yPlus yPlus execute:
    patch Bottom y+ : min = 1.290671914, max = 402.1188898, average = 209.2859012
    patch Top y+ : min = 47.77203934, max = 408.9766761, average = 228.7735093
    patch e423_0 y+ : min = 80.88658632, max = 804.4980048, average = 409.9815245


################################################################################

Time = 326

Outer Loop Iteration = 326
smoothSolver:  Solving for Ux, Initial residual = 4.030255719e-07, Final residual = 8.621273072e-09, No Iterations 2
smoothSolver:  Solving for Uz, Initial residual = 1.678844671e-07, Final residual = 3.506166077e-09, No Iterations 2
GAMG:  Solving for p, Initial residual = 3.801468922e-07, Final residual = 2.13679774e-09, No Iterations 3
GAMG:  Solving for p, Initial residual = 4.214277928e-08, Final residual = 2.080300506e-10, No Iterations 3
GAMG:  Solving for p, Initial residual = 9.298482897e-09, Final residual = 9.007880931e-11, No Iterations 2
time step continuity errors (region0): sum local = 5.131823412e-12, global = -2.667769918e-13, cumulative = 1.56909088e-07
smoothSolver:  Solving for omega, Initial residual = 9.03962653e-09, Final residual = 8.379155506e-10, No Iterations 1
smoothSolver:  Solving for k, Initial residual = 1.306861882e-08, Final residual = 1.237892782e-09, No Iterations 1

ExecutionTime = 4.07 s  ExecutionStepTime = 0 s  ClockTime = 4 s

forces FR write:
    Sum of forces
        Total    : ( 0.3515379052 0 -5.527469802 )
        Pressure : ( 0.3014481894 0 -5.527022001 )
        Viscous  : ( 0.05008971582 0 -0.0004478008632 )
    Sum of moments
        Total    : ( -2.681627122 1.090189846 -0.1705470342 )
        Pressure : ( -2.681409874 1.093062838 -0.1462462337 )
        Viscous  : ( -0.0002172485754 -0.00287299181 -0.02430080042 )


liftDrag LD execute:
Viscous drag: 0.004159595476, pressure drag: 0.02503313313, porous drag: 0
Viscous lift: -3.718668421e-05, pressure lift: -0.4589799589, porous lift: 0
Total lift: -0.4590171456, Front lift: -0.1389760418, Rear lift: -0.3200411039, Drag: 0.02919272861
Location of Center of Mass: ( 0.156259772 0.4851455039 -0.03143796203 )
Location of Center Of Pressure: ( 0.1990575582 0.4851455039 -0.02871609387 )


yPlus yPlus execute:
    patch Bottom y+ : min = 1.290671639, max = 402.1189347, average = 209.2859779
    patch Top y+ : min = 47.77202236, max = 408.9767175, average = 228.7735532
    patch e423_0 y+ : min = 80.88660715, max = 804.4980269, average = 409.9815338


################################################################################

Time = 327

Outer Loop Iteration = 327
smoothSolver:  Solving for Ux, Initial residual = 3.85871237e-07, Final residual = 8.2799673e-09, No Iterations 2
smoothSolver:  Solving for Uz, Initial residual = 1.607298139e-07, Final residual = 3.338479839e-09, No Iterations 2
GAMG:  Solving for p, Initial residual = 3.664411785e-07, Final residual = 2.054392126e-09, No Iterations 3
GAMG:  Solving for p, Initial residual = 4.06498017e-08, Final residual = 1.996443668e-10, No Iterations 3
GAMG:  Solving for p, Initial residual = 8.977354696e-09, Final residual = 8.726767286e-11, No Iterations 2
time step continuity errors (region0): sum local = 4.971560544e-12, global = -2.307974962e-13, cumulative = 1.569088572e-07
smoothSolver:  Solving for omega, Initial residual = 8.672318261e-09, Final residual = 8.044723671e-10, No Iterations 1
smoothSolver:  Solving for k, Initial residual = 1.257975658e-08, Final residual = 1.191793873e-09, No Iterations 1

ExecutionTime = 4.09 s  ExecutionStepTime = 0.01 s  ClockTime = 4 s

forces FR write:
    Sum of forces
        Total    : ( 0.3515378195 0 -5.527470698 )
        Pressure : ( 0.3014481015 0 -5.527022897 )
        Viscous  : ( 0.05008971803 0 -0.000447800946 )
    Sum of moments
        Total    : ( -2.681627557 1.090189971 -0.1705469926 )
        Pressure : ( -2.681410308 1.093062963 -0.1462461911 )
        Viscous  : ( -0.0002172486156 -0.002872991997 -0.02430080149 )


liftDrag LD execute:
Viscous drag: 0.004159595659, pressure drag: 0.02503312584, porous drag: 0
Viscous lift: -3.718669109e-05, pressure lift: -0.4589800333, porous lift: 0
Total lift: -0.45901722, Front lift: -0.1389760686, Rear lift: -0.3200411514, Drag: 0.02919272149
Location of Center of Mass: ( 0.156259772 0.4851455039 -0.03143796203 )
Location of Center Of Pressure: ( 0.1990575482 0.4851455039 -0.02871609561 )


yPlus yPlus execute:
    patch Bottom y+ : min = 1.290671412, max = 402.1189841, average = 209.2860532
    patch Top y+ : min = 47.77200545, max = 408.9767644, average = 228.7735975
    patch e423_0 y+ : min = 80.88662738, max = 804.4980483, average = 409.9815427


################################################################################

Time = 328

Outer Loop Iteration = 328
smoothSolver:  Solving for Ux, Initial residual = 3.69286472e-07, Final residual = 7.951393362e-09, No Iterations 2
smoothSolver:  Solving for Uz, Initial residual = 1.536395808e-07, Final residual = 3.175824079e-09, No Iterations 2
GAMG:  Solving for p, Initial residual = 3.53123618e-07, Final residual = 1.972706624e-09, No Iterations 3
GAMG:  Solving for p, Initial residual = 3.918910205e-08, Final residual = 1.912909095e-10, No Iterations 3
GAMG:  Solving for p, Initial residual = 8.664856515e-09, Final residual = 8.445890001e-11, No Iterations 2
time step continuity errors (region0): sum local = 4.811501381e-12, global = -1.968116924e-13, cumulative = 1.569086604e-07
smoothSolver:  Solving for omega, Initial residual = 8.32310761e-09, Final residual = 7.723489585e-10, No Iterations 1
smoothSolver:  Solving for k, Initial residual = 1.210915067e-08, Final residual = 1.147356358e-09, No Iterations 1

ExecutionTime = 4.1 s  ExecutionStepTime = 0 s  ClockTime = 4 s

forces FR write:
    Sum of forces
        Total    : ( 0.3515377361 0 -5.527471563 )
        Pressure : ( 0.3014480159 0 -5.527023762 )
        Viscous  : ( 0.05008972015 0 -0.0004478010316 )
    Sum of moments
        Total    : ( -2.681627977 1.090190091 -0.1705469521 )
        Pressure : ( -2.681410728 1.093063084 -0.1462461496 )
        Viscous  : ( -0.0002172486571 -0.002872992176 -0.02430080252 )


liftDrag LD execute:
Viscous drag: 0.004159595835, pressure drag: 0.02503311873, porous drag: 0
Viscous lift: -3.71866982e-05, pressure lift: -0.4589801052, porous lift: 0
Total lift: -0.4590172919, Front lift: -0.1389760945, Rear lift: -0.3200411973, Drag: 0.02919271456
Location of Center of Mass: ( 0.156259772 0.4851455039 -0.03143796203 )
Location of Center Of Pressure: ( 0.1990575385 0.4851455039 -0.0287160973 )


yPlus yPlus execute:
    patch Bottom y+ : min = 1.290671225, max = 402.1190374, average = 209.2861269
    patch Top y+ : min = 47.7719887, max = 408.9768158, average = 228.7736421
    patch e423_0 y+ : min = 80.88664701, max = 804.4980688, average = 409.9815514


################################################################################

Time = 329

Outer Loop Iteration = 329
smoothSolver:  Solving for Ux, Initial residual = 3.532984363e-07, Final residual = 7.64101987e-09, No Iterations 2
smoothSolver:  Solving for Uz, Initial residual = 1.466373087e-07, Final residual = 3.01551683e-09, No Iterations 2
GAMG:  Solving for p, Initial residual = 3.400348442e-07, Final residual = 1.891709114e-09, No Iterations 3
GAMG:  Solving for p, Initial residual = 3.774911545e-08, Final residual = 1.830010227e-10, No Iterations 3
GAMG:  Solving for p, Initial residual = 8.358435506e-09, Final residual = 8.165347476e-11, No Iterations 2
time step continuity errors (region0): sum local = 4.651873184e-12, global = -1.650262217e-13, cumulative = 1.569084953e-07
smoothSolver:  Solving for omega, Initial residual = 7.9898709e-09, Final residual = 7.415282583e-10, No Iterations 1
smoothSolver:  Solving for k, Initial residual = 1.165586539e-08, Final residual = 1.104520968e-09, No Iterations 1

ExecutionTime = 4.11 s  ExecutionStepTime = 0.01 s  ClockTime = 4 s

forces FR write:
    Sum of forces
        Total    : ( 0.3515376548 0 -5.527472399 )
        Pressure : ( 0.3014479326 0 -5.527024598 )
        Viscous  : ( 0.05008972219 0 -0.0004478011194 )
    Sum of moments
        Total    : ( -2.681628382 1.090190207 -0.1705469127 )
        Pressure : ( -2.681411133 1.0930632 -0.1462461092 )
        Viscous  : ( -0.0002172486997 -0.002872992347 -0.02430080351 )


liftDrag LD execute:
Viscous drag: 0.004159596005, pressure drag: 0.02503311181, porous drag: 0
Viscous lift: -3.718670549e-05, pressure lift: -0.4589801746, porous lift: 0
Total lift: -0.4590173613, Front lift: -0.1389761196, Rear lift: -0.3200412417, Drag: 0.02919270781
Location of Center of Mass: ( 0.156259772 0.4851455039 -0.03143796203 )
Location of Center Of Pressure: ( 0.199057529 0.4851455039 -0.02871609894 )


yPlus yPlus execute:
    patch Bottom y+ : min = 1.290671072, max = 402.1190939, average = 209.2861987
    patch Top y+ : min = 47.77197222, max = 408.9768712, average = 228.7736866
    patch e423_0 y+ : min = 80.88666605, max = 804.4980886, average = 409.9815597


################################################################################

Time = 330

Outer Loop Iteration = 330
smoothSolver:  Solving for Ux, Initial residual = 3.378880613e-07, Final residual = 7.343399765e-09, No Iterations 2
smoothSolver:  Solving for Uz, Initial residual = 1.397960011e-07, Final residual = 2.854291099e-09, No Iterations 2
GAMG:  Solving for p, Initial residual = 3.272744092e-07, Final residual = 1.811726802e-09, No Iterations 3
GAMG:  Solving for p, Initial residual = 3.632961681e-08, Final residual = 1.749273606e-10, No Iterations 3
GAMG:  Solving for p, Initial residual = 8.056816265e-09, Final residual = 7.887967869e-11, No Iterations 2
time step continuity errors (region0): sum local = 4.493845078e-12, global = -1.350027389e-13, cumulative = 1.569083603e-07
smoothSolver:  Solving for omega, Initial residual = 7.670571381e-09, Final residual = 7.119363262e-10, No Iterations 1
smoothSolver:  Solving for k, Initial residual = 1.121929005e-08, Final residual = 1.063247292e-09, No Iterations 1

ExecutionTime = 4.13 s  ExecutionStepTime = 0.02 s  ClockTime = 4 s

forces FR write:
    Sum of forces
        Total    : ( 0.3515375757 0 -5.527473206 )
        Pressure : ( 0.3014478516 0 -5.527025404 )
        Viscous  : ( 0.05008972415 0 -0.000447801209 )
    Sum of moments
        Total    : ( -2.681628773 1.090190319 -0.1705468743 )
        Pressure : ( -2.681411525 1.093063312 -0.1462460698 )
        Viscous  : ( -0.0002172487432 -0.00287299251 -0.02430080446 )


liftDrag LD execute:
Viscous drag: 0.004159596168, pressure drag: 0.02503310508, porous drag: 0
Viscous lift: -3.718671293e-05, pressure lift: -0.4589802416, porous lift: 0
Total lift: -0.4590174283, Front lift: -0.1389761438, Rear lift: -0.3200412844, Drag: 0.02919270125
Location of Center of Mass: ( 0.156259772 0.4851455039 -0.03143796203 )
Location of Center Of Pressure: ( 0.1990575199 0.4851455039 -0.02871610053 )


yPlus yPlus execute:
    patch Bottom y+ : min = 1.290670948, max = 402.1191528, average = 209.2862685
    patch Top y+ : min = 47.77195607, max = 408.9769296, average = 228.7737307
    patch e423_0 y+ : min = 80.88668452, max = 804.4981076, average = 409.9815677


################################################################################

Time = 331

Outer Loop Iteration = 331
smoothSolver:  Solving for Ux, Initial residual = 3.231224781e-07, Final residual = 7.063088969e-09, No Iterations 2
smoothSolver:  Solving for Uz, Initial residual = 1.331025132e-07, Final residual = 2.695472038e-09, No Iterations 2
GAMG:  Solving for p, Initial residual = 3.148281656e-07, Final residual = 1.732995209e-09, No Iterations 3
GAMG:  Solving for p, Initial residual = 3.493219878e-08, Final residual = 1.668510782e-10, No Iterations 3
GAMG:  Solving for p, Initial residual = 7.76021342e-09, Final residual = 7.610057439e-11, No Iterations 2
time step continuity errors (region0): sum local = 4.335439838e-12, global = -1.075210932e-13, cumulative = 1.569082528e-07
smoothSolver:  Solving for omega, Initial residual = 7.364991372e-09, Final residual = 6.837459846e-10, No Iterations 1
smoothSolver:  Solving for k, Initial residual = 1.079906966e-08, Final residual = 1.023487989e-09, No Iterations 1

ExecutionTime = 4.14 s  ExecutionStepTime = 0.01 s  ClockTime = 4 s

forces FR write:
    Sum of forces
        Total    : ( 0.3515374988 0 -5.527473984 )
        Pressure : ( 0.3014477728 0 -5.527026183 )
        Viscous  : ( 0.05008972604 0 -0.0004478013001 )
    Sum of moments
        Total    : ( -2.681629151 1.090190427 -0.170546837 )
        Pressure : ( -2.681411902 1.093063419 -0.1462460316 )
        Viscous  : ( -0.0002172487874 -0.002872992667 -0.02430080538 )


liftDrag LD execute:
Viscous drag: 0.004159596325, pressure drag: 0.02503309854, porous drag: 0
Viscous lift: -3.71867205e-05, pressure lift: -0.4589803062, porous lift: 0
Total lift: -0.4590174929, Front lift: -0.1389761672, Rear lift: -0.3200413257, Drag: 0.02919269486
Location of Center of Mass: ( 0.156259772 0.4851455039 -0.03143796203 )
Location of Center Of Pressure: ( 0.199057511 0.4851455039 -0.02871610207 )


yPlus yPlus execute:
    patch Bottom y+ : min = 1.290670847, max = 402.1192136, average = 209.286336
    patch Top y+ : min = 47.77194035, max = 408.9769904, average = 228.7737742
    patch e423_0 y+ : min = 80.88670241, max = 804.498126, average = 409.9815754


################################################################################

Time = 332

Outer Loop Iteration = 332
smoothSolver:  Solving for Ux, Initial residual = 3.089947854e-07, Final residual = 6.796968147e-09, No Iterations 2
smoothSolver:  Solving for Uz, Initial residual = 1.265570703e-07, Final residual = 2.539117635e-09, No Iterations 2
GAMG:  Solving for p, Initial residual = 3.025829839e-07, Final residual = 1.656518918e-09, No Iterations 3
GAMG:  Solving for p, Initial residual = 3.355454078e-08, Final residual = 1.589319879e-10, No Iterations 3
GAMG:  Solving for p, Initial residual = 7.469120983e-09, Final residual = 7.337961654e-11, No Iterations 2
time step continuity errors (region0): sum local = 4.180460262e-12, global = -8.151664348e-14, cumulative = 1.569081713e-07
smoothSolver:  Solving for omega, Initial residual = 7.072756182e-09, Final residual = 6.567063592e-10, No Iterations 1
smoothSolver:  Solving for k, Initial residual = 1.039491687e-08, Final residual = 9.851951857e-10, No Iterations 1

ExecutionTime = 4.14 s  ExecutionStepTime = 0 s  ClockTime = 4 s

forces FR write:
    Sum of forces
        Total    : ( 0.351537424 0 -5.527474735 )
        Pressure : ( 0.3014476962 0 -5.527026934 )
        Viscous  : ( 0.05008972786 0 -0.0004478013922 )
    Sum of moments
        Total    : ( -2.681629516 1.09019053 -0.1705468007 )
        Pressure : ( -2.681412267 1.093063523 -0.1462459944 )
        Viscous  : ( -0.000217248832 -0.002872992817 -0.02430080626 )


liftDrag LD execute:
Viscous drag: 0.004159596476, pressure drag: 0.02503309217, porous drag: 0
Viscous lift: -3.718672814e-05, pressure lift: -0.4589803686, porous lift: 0
Total lift: -0.4590175553, Front lift: -0.1389761898, Rear lift: -0.3200413655, Drag: 0.02919268865
Location of Center of Mass: ( 0.156259772 0.4851455039 -0.03143796203 )
Location of Center Of Pressure: ( 0.1990575024 0.4851455039 -0.02871610357 )


yPlus yPlus execute:
    patch Bottom y+ : min = 1.290670763, max = 402.1192755, average = 209.2864012
    patch Top y+ : min = 47.77192511, max = 408.9770529, average = 228.7738167
    patch e423_0 y+ : min = 80.88671975, max = 804.4981437, average = 409.9815828


################################################################################

Time = 333

Outer Loop Iteration = 333
smoothSolver:  Solving for Ux, Initial residual = 2.954428912e-07, Final residual = 6.543994694e-09, No Iterations 2
smoothSolver:  Solving for Uz, Initial residual = 1.201281455e-07, Final residual = 2.38814565e-09, No Iterations 2
GAMG:  Solving for p, Initial residual = 2.905951568e-07, Final residual = 1.581910639e-09, No Iterations 3
GAMG:  Solving for p, Initial residual = 3.22018615e-08, Final residual = 1.512014957e-10, No Iterations 3
GAMG:  Solving for p, Initial residual = 7.184672809e-09, Final residual = 7.065053444e-11, No Iterations 2
time step continuity errors (region0): sum local = 4.024859365e-12, global = -5.895477285e-14, cumulative = 1.569081123e-07
smoothSolver:  Solving for omega, Initial residual = 6.792905092e-09, Final residual = 6.307504581e-10, No Iterations 1
smoothSolver:  Solving for k, Initial residual = 1.00057302e-08, Final residual = 9.483121005e-10, No Iterations 1

ExecutionTime = 4.16 s  ExecutionStepTime = 0.01 s  ClockTime = 4 s

forces FR write:
    Sum of forces
        Total    : ( 0.3515373514 0 -5.52747546 )
        Pressure : ( 0.3014476218 0 -5.527027658 )
        Viscous  : ( 0.05008972961 0 -0.0004478014848 )
    Sum of moments
        Total    : ( -2.681629867 1.09019063 -0.1705467655 )
        Pressure : ( -2.681412618 1.093063623 -0.1462459584 )
        Viscous  : ( -0.000217248877 -0.00287299296 -0.02430080711 )


liftDrag LD execute:
Viscous drag: 0.004159596621, pressure drag: 0.025033086, porous drag: 0
Viscous lift: -3.718673583e-05, pressure lift: -0.4589804287, porous lift: 0
Total lift: -0.4590176155, Front lift: -0.1389762116, Rear lift: -0.3200414038, Drag: 0.02919268262
Location of Center of Mass: ( 0.156259772 0.4851455039 -0.03143796203 )
Location of Center Of Pressure: ( 0.199057494 0.4851455039 -0.02871610502 )


yPlus yPlus execute:
    patch Bottom y+ : min = 1.290670693, max = 402.1193381, average = 209.2864638
    patch Top y+ : min = 47.77191042, max = 408.9771164, average = 228.773858
    patch e423_0 y+ : min = 80.88673654, max = 804.4981607, average = 409.98159


################################################################################

Time = 334

Outer Loop Iteration = 334
smoothSolver:  Solving for Ux, Initial residual = 2.824722593e-07, Final residual = 6.302244397e-09, No Iterations 2
smoothSolver:  Solving for Uz, Initial residual = 1.138409327e-07, Final residual = 2.243803357e-09, No Iterations 2
GAMG:  Solving for p, Initial residual = 2.78921156e-07, Final residual = 1.509312195e-09, No Iterations 3
GAMG:  Solving for p, Initial residual = 3.087352037e-08, Final residual = 1.436682892e-10, No Iterations 3
GAMG:  Solving for p, Initial residual = 6.906052243e-09, Final residual = 6.802013762e-11, No Iterations 2
time step continuity errors (region0): sum local = 3.875143313e-12, global = -3.790188724e-14, cumulative = 1.569080744e-07
smoothSolver:  Solving for omega, Initial residual = 6.525374385e-09, Final residual = 6.058603075e-10, No Iterations 1
smoothSolver:  Solving for k, Initial residual = 9.630842809e-09, Final residual = 9.127927932e-10, No Iterations 1

ExecutionTime = 4.17 s  ExecutionStepTime = 0.01 s  ClockTime = 4 s

forces FR write:
    Sum of forces
        Total    : ( 0.3515372809 0 -5.527476158 )
        Pressure : ( 0.3014475496 0 -5.527028356 )
        Viscous  : ( 0.0500897313 0 -0.0004478015776 )
    Sum of moments
        Total    : ( -2.681630206 1.090190726 -0.1705467313 )
        Pressure : ( -2.681412957 1.093063719 -0.1462459233 )
        Viscous  : ( -0.000217248922 -0.002872993097 -0.02430080793 )


liftDrag LD execute:
Viscous drag: 0.004159596761, pressure drag: 0.02503308, porous drag: 0
Viscous lift: -3.718674354e-05, pressure lift: -0.4589804867, porous lift: 0
Total lift: -0.4590176734, Front lift: -0.1389762327, Rear lift: -0.3200414408, Drag: 0.02919267676
Location of Center of Mass: ( 0.156259772 0.4851455039 -0.03143796203 )
Location of Center Of Pressure: ( 0.1990574859 0.4851455039 -0.02871610643 )


yPlus yPlus execute:
    patch Bottom y+ : min = 1.290670631, max = 402.1194007, average = 209.2865239
    patch Top y+ : min = 47.77189633, max = 408.9771803, average = 228.7738981
    patch e423_0 y+ : min = 80.88675279, max = 804.4981772, average = 409.9815969


################################################################################

Time = 335

Outer Loop Iteration = 335
smoothSolver:  Solving for Ux, Initial residual = 2.700829091e-07, Final residual = 6.069668198e-09, No Iterations 2
smoothSolver:  Solving for Uz, Initial residual = 1.07720291e-07, Final residual = 2.104466308e-09, No Iterations 2
GAMG:  Solving for p, Initial residual = 2.675168518e-07, Final residual = 1.438780188e-09, No Iterations 3
GAMG:  Solving for p, Initial residual = 2.958531688e-08, Final residual = 1.363441273e-10, No Iterations 3
GAMG:  Solving for p, Initial residual = 6.634001985e-09, Final residual = 6.545134317e-11, No Iterations 2
time step continuity errors (region0): sum local = 3.728875964e-12, global = -4.766282062e-14, cumulative = 1.569080268e-07
smoothSolver:  Solving for omega, Initial residual = 6.268678852e-09, Final residual = 5.821014918e-10, No Iterations 1
smoothSolver:  Solving for k, Initial residual = 9.269759467e-09, Final residual = 8.785774707e-10, No Iterations 1

ExecutionTime = 4.18 s  ExecutionStepTime = 0.01 s  ClockTime = 4 s

forces FR write:
    Sum of forces
        Total    : ( 0.3515372125 0 -5.527476831 )
        Pressure : ( 0.3014474796 0 -5.527029029 )
        Viscous  : ( 0.05008973292 0 -0.0004478016701 )
    Sum of moments
        Total    : ( -2.681630532 1.090190818 -0.1705466981 )
        Pressure : ( -2.681413283 1.093063811 -0.1462458894 )
        Viscous  : ( -0.0002172489669 -0.002872993229 -0.02430080872 )


liftDrag LD execute:
Viscous drag: 0.004159596896, pressure drag: 0.02503307419, porous drag: 0
Viscous lift: -3.718675123e-05, pressure lift: -0.4589805426, porous lift: 0
Total lift: -0.4590177293, Front lift: -0.1389762529, Rear lift: -0.3200414764, Drag: 0.02919267108
Location of Center of Mass: ( 0.156259772 0.4851455039 -0.03143796203 )
Location of Center Of Pressure: ( 0.1990574781 0.4851455039 -0.02871610778 )


yPlus yPlus execute:
    patch Bottom y+ : min = 1.290670574, max = 402.1194628, average = 209.2865813
    patch Top y+ : min = 47.77188287, max = 408.977244, average = 228.7739366
    patch e423_0 y+ : min = 80.8867685, max = 804.4981931, average = 409.9816035


################################################################################

Time = 336

Outer Loop Iteration = 336
smoothSolver:  Solving for Ux, Initial residual = 2.582329418e-07, Final residual = 5.846393927e-09, No Iterations 2
smoothSolver:  Solving for Uz, Initial residual = 1.017615843e-07, Final residual = 1.972528883e-09, No Iterations 2
GAMG:  Solving for p, Initial residual = 2.563219789e-07, Final residual = 1.370396065e-09, No Iterations 3
GAMG:  Solving for p, Initial residual = 2.832900582e-08, Final residual = 1.292438298e-10, No Iterations 3
GAMG:  Solving for p, Initial residual = 6.368176738e-09, Final residual = 6.278217767e-11, No Iterations 2
time step continuity errors (region0): sum local = 3.576437398e-12, global = -1.392746287e-14, cumulative = 1.569080129e-07
smoothSolver:  Solving for omega, Initial residual = 6.022720472e-09, Final residual = 5.594947817e-10, No Iterations 1
smoothSolver:  Solving for k, Initial residual = 8.921971746e-09, Final residual = 8.455965068e-10, No Iterations 1

ExecutionTime = 4.2 s  ExecutionStepTime = 0.02 s  ClockTime = 4 s

forces FR write:
    Sum of forces
        Total    : ( 0.3515371462 0 -5.527477479 )
        Pressure : ( 0.3014474117 0 -5.527029677 )
        Viscous  : ( 0.05008973449 0 -0.0004478017621 )
    Sum of moments
        Total    : ( -2.681630847 1.090190906 -0.1705466659 )
        Pressure : ( -2.681413598 1.0930639 -0.1462458564 )
        Viscous  : ( -0.0002172490115 -0.002872993355 -0.02430080948 )


liftDrag LD execute:
Viscous drag: 0.004159597026, pressure drag: 0.02503306855, porous drag: 0
Viscous lift: -3.718675886e-05, pressure lift: -0.4589805964, porous lift: 0
Total lift: -0.4590177831, Front lift: -0.1389762725, Rear lift: -0.3200415106, Drag: 0.02919266558
Location of Center of Mass: ( 0.156259772 0.4851455039 -0.03143796203 )
Location of Center Of Pressure: ( 0.1990574705 0.4851455039 -0.0287161091 )


yPlus yPlus execute:
    patch Bottom y+ : min = 1.290670519, max = 402.119524, average = 209.2866359
    patch Top y+ : min = 47.7718701, max = 408.977307, average = 228.7739734
    patch e423_0 y+ : min = 80.88678368, max = 804.4982084, average = 409.98161


################################################################################

Time = 337

Outer Loop Iteration = 337
smoothSolver:  Solving for Ux, Initial residual = 2.469330865e-07, Final residual = 5.630440316e-09, No Iterations 2
smoothSolver:  Solving for Uz, Initial residual = 9.599013477e-08, Final residual = 1.846582702e-09, No Iterations 2
GAMG:  Solving for p, Initial residual = 2.453466961e-07, Final residual = 1.30415479e-09, No Iterations 3
GAMG:  Solving for p, Initial residual = 2.710344022e-08, Final residual = 1.223945654e-10, No Iterations 3
GAMG:  Solving for p, Initial residual = 6.108564648e-09, Final residual = 6.017856232e-11, No Iterations 2
time step continuity errors (region0): sum local = 3.428338008e-12, global = 1.752139e-14, cumulative = 1.569080304e-07
smoothSolver:  Solving for omega, Initial residual = 5.787149204e-09, Final residual = 5.378778304e-10, No Iterations 1
smoothSolver:  Solving for k, Initial residual = 8.586954744e-09, Final residual = 8.138251255e-10, No Iterations 1

ExecutionTime = 4.2 s  ExecutionStepTime = 0 s  ClockTime = 4 s

forces FR write:
    Sum of forces
        Total    : ( 0.351537082 0 -5.527478103 )
        Pressure : ( 0.301447346 0 -5.527030301 )
        Viscous  : ( 0.050089736 0 -0.0004478018531 )
    Sum of moments
        Total    : ( -2.681631149 1.090190991 -0.1705466348 )
        Pressure : ( -2.6814139 1.093063985 -0.1462458246 )
        Viscous  : ( -0.0002172490556 -0.002872993476 -0.02430081021 )


liftDrag LD execute:
Viscous drag: 0.004159597151, pressure drag: 0.0250330631, porous drag: 0
Viscous lift: -3.718676641e-05, pressure lift: -0.4589806482, porous lift: 0
Total lift: -0.459017835, Front lift: -0.1389762913, Rear lift: -0.3200415436, Drag: 0.02919266025
Location of Center of Mass: ( 0.156259772 0.4851455039 -0.03143796203 )
Location of Center Of Pressure: ( 0.1990574632 0.4851455039 -0.02871611037 )


yPlus yPlus execute:
    patch Bottom y+ : min = 1.290670462, max = 402.1195839, average = 209.2866878
    patch Top y+ : min = 47.77185802, max = 408.9773688, average = 228.7740085
    patch e423_0 y+ : min = 80.88679835, max = 804.4982232, average = 409.9816162


################################################################################

Time = 338

Outer Loop Iteration = 338
smoothSolver:  Solving for Ux, Initial residual = 2.361880705e-07, Final residual = 5.42318027e-09, No Iterations 2
smoothSolver:  Solving for Uz, Initial residual = 9.045711894e-08, Final residual = 1.732456884e-09, No Iterations 2
GAMG:  Solving for p, Initial residual = 2.346111807e-07, Final residual = 1.240328977e-09, No Iterations 3
GAMG:  Solving for p, Initial residual = 2.591226853e-08, Final residual = 1.157866865e-10, No Iterations 3
GAMG:  Solving for p, Initial residual = 5.85579239e-09, Final residual = 5.763698524e-11, No Iterations 2
time step continuity errors (region0): sum local = 3.283720422e-12, global = 4.395438947e-14, cumulative = 1.569080743e-07
smoothSolver:  Solving for omega, Initial residual = 5.561562982e-09, Final residual = 5.171238538e-10, No Iterations 1
smoothSolver:  Solving for k, Initial residual = 8.264271736e-09, Final residual = 7.832117927e-10, No Iterations 1

ExecutionTime = 4.21 s  ExecutionStepTime = 0.01 s  ClockTime = 4 s

forces FR write:
    Sum of forces
        Total    : ( 0.3515370199 0 -5.527478703 )
        Pressure : ( 0.3014472825 0 -5.527030902 )
        Viscous  : ( 0.05008973745 0 -0.0004478019427 )
    Sum of moments
        Total    : ( -2.681631441 1.090191073 -0.1705466047 )
        Pressure : ( -2.681414192 1.093064067 -0.1462457937 )
        Viscous  : ( -0.0002172490991 -0.002872993592 -0.02430081091 )


liftDrag LD execute:
Viscous drag: 0.004159597272, pressure drag: 0.02503305782, porous drag: 0
Viscous lift: -3.718677386e-05, pressure lift: -0.4589806981, porous lift: 0
Total lift: -0.4590178848, Front lift: -0.1389763095, Rear lift: -0.3200415753, Drag: 0.02919265509
Location of Center of Mass: ( 0.156259772 0.4851455039 -0.03143796203 )
Location of Center Of Pressure: ( 0.1990574561 0.4851455039 -0.02871611159 )


yPlus yPlus execute:
    patch Bottom y+ : min = 1.290670401, max = 402.119642, average = 209.2867368
    patch Top y+ : min = 47.77184666, max = 408.9774291, average = 228.7740417
    patch e423_0 y+ : min = 80.8868125, max = 804.4982375, average = 409.9816221


################################################################################

Time = 339

Outer Loop Iteration = 339
smoothSolver:  Solving for Ux, Initial residual = 2.260050976e-07, Final residual = 5.223697229e-09, No Iterations 2
smoothSolver:  Solving for Uz, Initial residual = 8.517823731e-08, Final residual = 1.634024654e-09, No Iterations 2
GAMG:  Solving for p, Initial residual = 2.241494886e-07, Final residual = 1.178689535e-09, No Iterations 3
GAMG:  Solving for p, Initial residual = 2.47547213e-08, Final residual = 1.09437026e-10, No Iterations 3
GAMG:  Solving for p, Initial residual = 5.609400041e-09, Final residual = 5.516177017e-11, No Iterations 2
time step continuity errors (region0): sum local = 3.142557602e-12, global = 6.606812598e-14, cumulative = 1.569081404e-07
smoothSolver:  Solving for omega, Initial residual = 5.344917266e-09, Final residual = 4.971387495e-10, No Iterations 1
smoothSolver:  Solving for k, Initial residual = 7.953497456e-09, Final residual = 7.53707024e-10, No Iterations 1

ExecutionTime = 4.23 s  ExecutionStepTime = 0.02 s  ClockTime = 4 s

forces FR write:
    Sum of forces
        Total    : ( 0.3515369599 0 -5.527479281 )
        Pressure : ( 0.301447221 0 -5.527031479 )
        Viscous  : ( 0.05008973885 0 -0.0004478020308 )
    Sum of moments
        Total    : ( -2.681631721 1.090191152 -0.1705465755 )
        Pressure : ( -2.681414472 1.093064145 -0.1462457639 )
        Viscous  : ( -0.0002172491419 -0.002872993703 -0.02430081159 )


liftDrag LD execute:
Viscous drag: 0.004159597388, pressure drag: 0.02503305272, porous drag: 0
Viscous lift: -3.718678118e-05, pressure lift: -0.458980746, porous lift: 0
Total lift: -0.4590179328, Front lift: -0.1389763269, Rear lift: -0.3200416058, Drag: 0.02919265011
Location of Center of Mass: ( 0.156259772 0.4851455039 -0.03143796203 )
Location of Center Of Pressure: ( 0.1990574493 0.4851455039 -0.02871611278 )


yPlus yPlus execute:
    patch Bottom y+ : min = 1.290670334, max = 402.1196981, average = 209.286783
    patch Top y+ : min = 47.77183605, max = 408.9774874, average = 228.7740729
    patch e423_0 y+ : min = 80.88682616, max = 804.4982513, average = 409.9816279


################################################################################

Time = 340

Outer Loop Iteration = 340
smoothSolver:  Solving for Ux, Initial residual = 2.163903971e-07, Final residual = 5.035697345e-09, No Iterations 2
smoothSolver:  Solving for Uz, Initial residual = 8.01725179e-08, Final residual = 1.545182718e-09, No Iterations 2
GAMG:  Solving for p, Initial residual = 2.13974414e-07, Final residual = 1.119312456e-09, No Iterations 3
GAMG:  Solving for p, Initial residual = 2.363212134e-08, Final residual = 1.033499441e-10, No Iterations 3
GAMG:  Solving for p, Initial residual = 5.369868433e-09, Final residual = 5.275472385e-11, No Iterations 2
time step continuity errors (region0): sum local = 3.005484605e-12, global = 8.409168142e-14, cumulative = 1.569082245e-07
smoothSolver:  Solving for omega, Initial residual = 5.137383834e-09, Final residual = 4.778972325e-10, No Iterations 1
smoothSolver:  Solving for k, Initial residual = 7.654171048e-09, Final residual = 7.252726977e-10, No Iterations 1

ExecutionTime = 4.24 s  ExecutionStepTime = 0.01 s  ClockTime = 4 s

forces FR write:
    Sum of forces
        Total    : ( 0.3515369019 0 -5.527479836 )
        Pressure : ( 0.3014471617 0 -5.527032034 )
        Viscous  : ( 0.0500897402 0 -0.000447802117 )
    Sum of moments
        Total    : ( -2.68163199 1.090191227 -0.1705465474 )
        Pressure : ( -2.681414741 1.093064221 -0.1462457351 )
        Viscous  : ( -0.0002172491837 -0.00287299381 -0.02430081225 )


liftDrag LD execute:
Viscous drag: 0.0041595975, pressure drag: 0.02503304779, porous drag: 0
Viscous lift: -3.718678833e-05, pressure lift: -0.4589807921, porous lift: 0
Total lift: -0.4590179789, Front lift: -0.1389763437, Rear lift: -0.3200416352, Drag: 0.02919264529
Location of Center of Mass: ( 0.156259772 0.4851455039 -0.03143796203 )
Location of Center Of Pressure: ( 0.1990574427 0.4851455039 -0.02871611392 )


yPlus yPlus execute:
    patch Bottom y+ : min = 1.290670258, max = 402.1197518, average = 209.2868264
    patch Top y+ : min = 47.77182617, max = 408.9775434, average = 228.7741021
    patch e423_0 y+ : min = 80.88683932, max = 804.4982646, average = 409.9816335


################################################################################

Time = 341

Outer Loop Iteration = 341
smoothSolver:  Solving for Ux, Initial residual = 2.072675982e-07, Final residual = 4.856511202e-09, No Iterations 2
smoothSolver:  Solving for Uz, Initial residual = 7.541637584e-08, Final residual = 1.462445064e-09, No Iterations 2
GAMG:  Solving for p, Initial residual = 2.041156246e-07, Final residual = 1.062326211e-09, No Iterations 3
GAMG:  Solving for p, Initial residual = 2.254420323e-08, Final residual = 9.752849842e-11, No Iterations 3
GAMG:  Solving for p, Initial residual = 5.137114098e-09, Final residual = 5.040607174e-11, No Iterations 2
time step continuity errors (region0): sum local = 2.871619649e-12, global = 7.477584105e-14, cumulative = 1.569082993e-07
smoothSolver:  Solving for omega, Initial residual = 4.938556177e-09, Final residual = 4.594986116e-10, No Iterations 1
smoothSolver:  Solving for k, Initial residual = 7.365992601e-09, Final residual = 6.978770416e-10, No Iterations 1

ExecutionTime = 4.25 s  ExecutionStepTime = 0.01 s  ClockTime = 4 s

forces FR write:
    Sum of forces
        Total    : ( 0.3515368459 0 -5.52748037 )
        Pressure : ( 0.3014471044 0 -5.527032568 )
        Viscous  : ( 0.0500897415 0 -0.000447802201 )
    Sum of moments
        Total    : ( -2.681632249 1.090191299 -0.1705465202 )
        Pressure : ( -2.681415 1.093064293 -0.1462457074 )
        Viscous  : ( -0.0002172492244 -0.002872993913 -0.02430081288 )


liftDrag LD execute:
Viscous drag: 0.004159597608, pressure drag: 0.02503304304, porous drag: 0
Viscous lift: -3.718679531e-05, pressure lift: -0.4589808364, porous lift: 0
Total lift: -0.4590180232, Front lift: -0.1389763599, Rear lift: -0.3200416633, Drag: 0.02919264064
Location of Center of Mass: ( 0.156259772 0.4851455039 -0.03143796203 )
Location of Center Of Pressure: ( 0.1990574363 0.4851455039 -0.02871611502 )


yPlus yPlus execute:
    patch Bottom y+ : min = 1.290670172, max = 402.1198029, average = 209.2868671
    patch Top y+ : min = 47.77181704, max = 408.9775968, average = 228.7741292
    patch e423_0 y+ : min = 80.88685199, max = 804.4982775, average = 409.9816388


################################################################################

Time = 342

Outer Loop Iteration = 342
smoothSolver:  Solving for Ux, Initial residual = 1.986230463e-07, Final residual = 4.687130891e-09, No Iterations 2
smoothSolver:  Solving for Uz, Initial residual = 7.090288153e-08, Final residual = 1.384928751e-09, No Iterations 2
GAMG:  Solving for p, Initial residual = 1.945769774e-07, Final residual = 1.007178346e-09, No Iterations 3
GAMG:  Solving for p, Initial residual = 2.149379295e-08, Final residual = 9.191796542e-11, No Iterations 3
GAMG:  Solving for p, Initial residual = 4.911575136e-09, Final residual = 4.807556521e-11, No Iterations 2
time step continuity errors (region0): sum local = 2.738883495e-12, global = 6.956981642e-14, cumulative = 1.569083688e-07
smoothSolver:  Solving for omega, Initial residual = 4.747848092e-09, Final residual = 4.417811638e-10, No Iterations 1
smoothSolver:  Solving for k, Initial residual = 7.088546291e-09, Final residual = 6.714978764e-10, No Iterations 1

ExecutionTime = 4.26 s  ExecutionStepTime = 0 s  ClockTime = 4 s

forces FR write:
    Sum of forces
        Total    : ( 0.351536792 0 -5.527480883 )
        Pressure : ( 0.3014470492 0 -5.527033081 )
        Viscous  : ( 0.05008974275 0 -0.0004478022827 )
    Sum of moments
        Total    : ( -2.681632498 1.090191369 -0.1705464941 )
        Pressure : ( -2.681415249 1.093064363 -0.1462456806 )
        Viscous  : ( -0.0002172492641 -0.002872994011 -0.02430081349 )


liftDrag LD execute:
Viscous drag: 0.004159597712, pressure drag: 0.02503303845, porous drag: 0
Viscous lift: -3.718680209e-05, pressure lift: -0.458980879, porous lift: 0
Total lift: -0.4590180658, Front lift: -0.1389763754, Rear lift: -0.3200416904, Drag: 0.02919263616
Location of Center of Mass: ( 0.156259772 0.4851455039 -0.03143796203 )
Location of Center Of Pressure: ( 0.1990574302 0.4851455039 -0.02871611608 )


yPlus yPlus execute:
    patch Bottom y+ : min = 1.290670076, max = 402.1198512, average = 209.286905
    patch Top y+ : min = 47.77180864, max = 408.9776474, average = 228.7741542
    patch e423_0 y+ : min = 80.88686419, max = 804.4982899, average = 409.981644


################################################################################

Time = 343

Outer Loop Iteration = 343
smoothSolver:  Solving for Ux, Initial residual = 1.904356675e-07, Final residual = 4.525518765e-09, No Iterations 2
smoothSolver:  Solving for Uz, Initial residual = 6.664559313e-08, Final residual = 1.311014816e-09, No Iterations 2
GAMG:  Solving for p, Initial residual = 1.853896946e-07, Final residual = 9.550890902e-10, No Iterations 3
GAMG:  Solving for p, Initial residual = 2.048117765e-08, Final residual = 8.663496728e-11, No Iterations 3
GAMG:  Solving for p, Initial residual = 4.693226432e-09, Final residual = 4.586073782e-11, No Iterations 2
time step continuity errors (region0): sum local = 2.612776492e-12, global = 6.834340216e-14, cumulative = 1.569084372e-07
smoothSolver:  Solving for omega, Initial residual = 4.565725508e-09, Final residual = 4.249061144e-10, No Iterations 1
smoothSolver:  Solving for k, Initial residual = 6.821379147e-09, Final residual = 6.461115227e-10, No Iterations 1

ExecutionTime = 4.27 s  ExecutionStepTime = 0.01 s  ClockTime = 4 s

forces FR write:
    Sum of forces
        Total    : ( 0.35153674 0 -5.527481375 )
        Pressure : ( 0.3014469961 0 -5.527033573 )
        Viscous  : ( 0.05008974396 0 -0.0004478023617 )
    Sum of moments
        Total    : ( -2.681632737 1.090191435 -0.1705464689 )
        Pressure : ( -2.681415488 1.093064429 -0.1462456548 )
        Viscous  : ( -0.0002172493024 -0.002872994106 -0.02430081407 )


liftDrag LD execute:
Viscous drag: 0.004159597813, pressure drag: 0.02503303404, porous drag: 0
Viscous lift: -3.718680866e-05, pressure lift: -0.4589809199, porous lift: 0
Total lift: -0.4590181067, Front lift: -0.1389763903, Rear lift: -0.3200417163, Drag: 0.02919263185
Location of Center of Mass: ( 0.156259772 0.4851455039 -0.03143796203 )
Location of Center Of Pressure: ( 0.1990574243 0.4851455039 -0.0287161171 )


yPlus yPlus execute:
    patch Bottom y+ : min = 1.290669967, max = 402.1198966, average = 209.2869403
    patch Top y+ : min = 47.77180097, max = 408.977695, average = 228.7741772
    patch e423_0 y+ : min = 80.88687593, max = 804.4983019, average = 409.981649


################################################################################

Time = 344

Outer Loop Iteration = 344
smoothSolver:  Solving for Ux, Initial residual = 1.826898894e-07, Final residual = 4.373875383e-09, No Iterations 2
smoothSolver:  Solving for Uz, Initial residual = 6.264648413e-08, Final residual = 1.243778719e-09, No Iterations 2
GAMG:  Solving for p, Initial residual = 1.765765282e-07, Final residual = 9.052955171e-10, No Iterations 3
GAMG:  Solving for p, Initial residual = 1.950969171e-08, Final residual = 8.168501405e-11, No Iterations 3
GAMG:  Solving for p, Initial residual = 4.482163613e-09, Final residual = 4.373876788e-11, No Iterations 2
time step continuity errors (region0): sum local = 2.491759184e-12, global = 7.046217648e-14, cumulative = 1.569085076e-07
smoothSolver:  Solving for omega, Initial residual = 4.392736518e-09, Final residual = 4.08777364e-10, No Iterations 1
smoothSolver:  Solving for k, Initial residual = 6.564124076e-09, Final residual = 6.216661619e-10, No Iterations 1

ExecutionTime = 4.28 s  ExecutionStepTime = 0.01 s  ClockTime = 4 s

forces FR write:
    Sum of forces
        Total    : ( 0.35153669 0 -5.527481848 )
        Pressure : ( 0.3014469449 0 -5.527034045 )
        Viscous  : ( 0.05008974513 0 -0.0004478024381 )
    Sum of moments
        Total    : ( -2.681632966 1.090191499 -0.1705464446 )
        Pressure : ( -2.681415717 1.093064493 -0.14624563 )
        Viscous  : ( -0.0002172493394 -0.002872994197 -0.02430081464 )


liftDrag LD execute:
Viscous drag: 0.004159597909, pressure drag: 0.02503302979, porous drag: 0
Viscous lift: -3.718681499e-05, pressure lift: -0.4589809591, porous lift: 0
Total lift: -0.4590181459, Front lift: -0.1389764047, Rear lift: -0.3200417413, Drag: 0.0291926277
Location of Center of Mass: ( 0.156259772 0.4851455039 -0.03143796203 )
Location of Center Of Pressure: ( 0.1990574186 0.4851455039 -0.02871611808 )


yPlus yPlus execute:
    patch Bottom y+ : min = 1.290669845, max = 402.119939, average = 209.2869729
    patch Top y+ : min = 47.77179402, max = 408.9777394, average = 228.7741981
    patch e423_0 y+ : min = 80.8868872, max = 804.4983135, average = 409.9816538


################################################################################

Time = 345

Outer Loop Iteration = 345
smoothSolver:  Solving for Ux, Initial residual = 1.753912256e-07, Final residual = 4.227106622e-09, No Iterations 2
smoothSolver:  Solving for Uz, Initial residual = 5.890511863e-08, Final residual = 1.181376977e-09, No Iterations 2
GAMG:  Solving for p, Initial residual = 1.681320871e-07, Final residual = 8.577758491e-10, No Iterations 3
GAMG:  Solving for p, Initial residual = 1.858310221e-08, Final residual = 7.69788572e-11, No Iterations 3
GAMG:  Solving for p, Initial residual = 4.278830982e-09, Final residual = 4.168134347e-11, No Iterations 2
time step continuity errors (region0): sum local = 2.374669348e-12, global = 7.182263728e-14, cumulative = 1.569085795e-07
smoothSolver:  Solving for omega, Initial residual = 4.227897495e-09, Final residual = 3.93373318e-10, No Iterations 1
smoothSolver:  Solving for k, Initial residual = 6.316410675e-09, Final residual = 5.981383827e-10, No Iterations 1

ExecutionTime = 4.29 s  ExecutionStepTime = 0.01 s  ClockTime = 4 s

forces FR write:
    Sum of forces
        Total    : ( 0.351536642 0 -5.527482301 )
        Pressure : ( 0.3014468957 0 -5.527034499 )
        Viscous  : ( 0.05008974625 0 -0.0004478025114 )
    Sum of moments
        Total    : ( -2.681633186 1.09019156 -0.1705464213 )
        Pressure : ( -2.681415937 1.093064555 -0.1462456061 )
        Viscous  : ( -0.000217249375 -0.002872994285 -0.02430081518 )


liftDrag LD execute:
Viscous drag: 0.004159598003, pressure drag: 0.0250330257, porous drag: 0
Viscous lift: -3.718682109e-05, pressure lift: -0.4589809968, porous lift: 0
Total lift: -0.4590181836, Front lift: -0.1389764184, Rear lift: -0.3200417652, Drag: 0.02919262371
Location of Center of Mass: ( 0.156259772 0.4851455039 -0.03143796203 )
Location of Center Of Pressure: ( 0.1990574132 0.4851455039 -0.02871611902 )


yPlus yPlus execute:
    patch Bottom y+ : min = 1.290669711, max = 402.1199782, average = 209.2870031
    patch Top y+ : min = 47.77178776, max = 408.9777806, average = 228.774217
    patch e423_0 y+ : min = 80.88689803, max = 804.4983247, average = 409.9816584


################################################################################

Time = 346

Outer Loop Iteration = 346
smoothSolver:  Solving for Ux, Initial residual = 1.684802392e-07, Final residual = 4.084550553e-09, No Iterations 2
smoothSolver:  Solving for Uz, Initial residual = 5.541354472e-08, Final residual = 1.121892152e-09, No Iterations 2
GAMG:  Solving for p, Initial residual = 1.60040683e-07, Final residual = 8.126326815e-10, No Iterations 3
GAMG:  Solving for p, Initial residual = 1.769953637e-08, Final residual = 7.247798247e-11, No Iterations 3
GAMG:  Solving for p, Initial residual = 4.083292765e-09, Final residual = 3.969194152e-11, No Iterations 2
time step continuity errors (region0): sum local = 2.261162594e-12, global = 7.189525449e-14, cumulative = 1.569086514e-07
smoothSolver:  Solving for omega, Initial residual = 4.070921276e-09, Final residual = 3.7883886e-10, No Iterations 1
smoothSolver:  Solving for k, Initial residual = 6.077843523e-09, Final residual = 5.754889596e-10, No Iterations 1

ExecutionTime = 4.3 s  ExecutionStepTime = 0.01 s  ClockTime = 4 s

forces FR write:
    Sum of forces
        Total    : ( 0.3515365958 0 -5.527482736 )
        Pressure : ( 0.3014468485 0 -5.527034933 )
        Viscous  : ( 0.05008974733 0 -0.0004478025818 )
    Sum of moments
        Total    : ( -2.681633397 1.090191619 -0.1705463989 )
        Pressure : ( -2.681416148 1.093064613 -0.1462455832 )
        Viscous  : ( -0.0002172494092 -0.00287299437 -0.02430081571 )


liftDrag LD execute:
Viscous drag: 0.004159598092, pressure drag: 0.02503302178, porous drag: 0
Viscous lift: -3.718682693e-05, pressure lift: -0.4589810329, porous lift: 0
Total lift: -0.4590182197, Front lift: -0.1389764316, Rear lift: -0.3200417881, Drag: 0.02919261987
Location of Center of Mass: ( 0.156259772 0.4851455039 -0.03143796203 )
Location of Center Of Pressure: ( 0.199057408 0.4851455039 -0.02871611993 )


yPlus yPlus execute:
    patch Bottom y+ : min = 1.290669563, max = 402.1200142, average = 209.2870308
    patch Top y+ : min = 47.77178218, max = 408.9778184, average = 228.7742339
    patch e423_0 y+ : min = 80.88690842, max = 804.4983355, average = 409.9816629


################################################################################

Time = 347

Outer Loop Iteration = 347
smoothSolver:  Solving for Ux, Initial residual = 1.619247857e-07, Final residual = 3.945790993e-09, No Iterations 2
smoothSolver:  Solving for Uz, Initial residual = 5.218147831e-08, Final residual = 1.066577071e-09, No Iterations 2
GAMG:  Solving for p, Initial residual = 1.52296817e-07, Final residual = 7.70248036e-10, No Iterations 3
GAMG:  Solving for p, Initial residual = 1.686194614e-08, Final residual = 6.825007609e-11, No Iterations 3
GAMG:  Solving for p, Initial residual = 3.895712238e-09, Final residual = 3.776072231e-11, No Iterations 2
time step continuity errors (region0): sum local = 2.151186395e-12, global = 6.865362187e-14, cumulative = 1.5690872e-07
smoothSolver:  Solving for omega, Initial residual = 3.921434713e-09, Final residual = 3.649820795e-10, No Iterations 1
smoothSolver:  Solving for k, Initial residual = 5.848204742e-09, Final residual = 5.536807675e-10, No Iterations 1

ExecutionTime = 4.31 s  ExecutionStepTime = 0.01 s  ClockTime = 4 s

forces FR write:
    Sum of forces
        Total    : ( 0.3515365515 0 -5.527483153 )
        Pressure : ( 0.3014468032 0 -5.52703535 )
        Viscous  : ( 0.05008974837 0 -0.000447802649 )
    Sum of moments
        Total    : ( -2.681633599 1.090191675 -0.1705463774 )
        Pressure : ( -2.68141635 1.093064669 -0.1462455612 )
        Viscous  : ( -0.0002172494418 -0.002872994451 -0.02430081621 )


liftDrag LD execute:
Viscous drag: 0.004159598179, pressure drag: 0.02503301802, porous drag: 0
Viscous lift: -3.718683252e-05, pressure lift: -0.4589810675, porous lift: 0
Total lift: -0.4590182543, Front lift: -0.1389764443, Rear lift: -0.3200418101, Drag: 0.0291926162
Location of Center of Mass: ( 0.156259772 0.4851455039 -0.03143796203 )
Location of Center Of Pressure: ( 0.1990574029 0.4851455039 -0.0287161208 )


yPlus yPlus execute:
    patch Bottom y+ : min = 1.290669402, max = 402.1200471, average = 209.2870562
    patch Top y+ : min = 47.77177724, max = 408.9778529, average = 228.7742489
    patch e423_0 y+ : min = 80.88691839, max = 804.4983459, average = 409.9816672


################################################################################

Time = 348

Outer Loop Iteration = 348
smoothSolver:  Solving for Ux, Initial residual = 1.557809401e-07, Final residual = 3.810441205e-09, No Iterations 2
smoothSolver:  Solving for Uz, Initial residual = 4.921851798e-08, Final residual = 1.013277269e-09, No Iterations 2
GAMG:  Solving for p, Initial residual = 1.449775936e-07, Final residual = 7.30671531e-10, No Iterations 3
GAMG:  Solving for p, Initial residual = 1.606467975e-08, Final residual = 6.422696953e-11, No Iterations 3
GAMG:  Solving for p, Initial residual = 3.716262301e-09, Final residual = 3.589405199e-11, No Iterations 2
time step continuity errors (region0): sum local = 2.044957931e-12, global = 6.614565459e-14, cumulative = 1.569087862e-07
smoothSolver:  Solving for omega, Initial residual = 3.778950873e-09, Final residual = 3.517747397e-10, No Iterations 1
smoothSolver:  Solving for k, Initial residual = 5.627208606e-09, Final residual = 5.326786043e-10, No Iterations 1

ExecutionTime = 4.32 s  ExecutionStepTime = 0.01 s  ClockTime = 4 s

forces FR write:
    Sum of forces
        Total    : ( 0.3515365091 0 -5.527483552 )
        Pressure : ( 0.3014467597 0 -5.52703575 )
        Viscous  : ( 0.05008974938 0 -0.000447802713 )
    Sum of moments
        Total    : ( -2.681633793 1.090191729 -0.1705463568 )
        Pressure : ( -2.681416544 1.093064723 -0.1462455401 )
        Viscous  : ( -0.0002172494728 -0.00287299453 -0.0243008167 )


liftDrag LD execute:
Viscous drag: 0.004159598262, pressure drag: 0.02503301441, porous drag: 0
Viscous lift: -3.718683783e-05, pressure lift: -0.4589811006, porous lift: 0
Total lift: -0.4590182875, Front lift: -0.1389764564, Rear lift: -0.3200418311, Drag: 0.02919261267
Location of Center of Mass: ( 0.156259772 0.4851455039 -0.03143796203 )
Location of Center Of Pressure: ( 0.1990573981 0.4851455039 -0.02871612163 )


yPlus yPlus execute:
    patch Bottom y+ : min = 1.290669228, max = 402.1200767, average = 209.2870794
    patch Top y+ : min = 47.77177292, max = 408.977884, average = 228.774262
    patch e423_0 y+ : min = 80.88692794, max = 804.498356, average = 409.9816713


################################################################################

Time = 349

Outer Loop Iteration = 349
smoothSolver:  Solving for Ux, Initial residual = 1.499744774e-07, Final residual = 3.67842564e-09, No Iterations 2
smoothSolver:  Solving for Uz, Initial residual = 4.648804787e-08, Final residual = 9.635392751e-10, No Iterations 2
GAMG:  Solving for p, Initial residual = 1.380258726e-07, Final residual = 6.937908844e-10, No Iterations 3
GAMG:  Solving for p, Initial residual = 1.530928768e-08, Final residual = 6.051438603e-11, No Iterations 3
GAMG:  Solving for p, Initial residual = 3.544713477e-09, Final residual = 3.411082255e-11, No Iterations 2
time step continuity errors (region0): sum local = 1.943247227e-12, global = 6.319937864e-14, cumulative = 1.569088494e-07
smoothSolver:  Solving for omega, Initial residual = 3.643057412e-09, Final residual = 3.392158962e-10, No Iterations 1
smoothSolver:  Solving for k, Initial residual = 5.414373129e-09, Final residual = 5.124568751e-10, No Iterations 1

ExecutionTime = 4.33 s  ExecutionStepTime = 0.01 s  ClockTime = 4 s

forces FR write:
    Sum of forces
        Total    : ( 0.3515364684 0 -5.527483935 )
        Pressure : ( 0.3014467181 0 -5.527036132 )
        Viscous  : ( 0.05008975035 0 -0.0004478027738 )
    Sum of moments
        Total    : ( -2.681633979 1.09019178 -0.1705463371 )
        Pressure : ( -2.681416729 1.093064775 -0.1462455199 )
        Viscous  : ( -0.0002172495023 -0.002872994606 -0.02430081717 )


liftDrag LD execute:
Viscous drag: 0.004159598343, pressure drag: 0.02503301095, porous drag: 0
Viscous lift: -3.718684288e-05, pressure lift: -0.4589811324, porous lift: 0
Total lift: -0.4590183193, Front lift: -0.138976468, Rear lift: -0.3200418513, Drag: 0.02919260929
Location of Center of Mass: ( 0.156259772 0.4851455039 -0.03143796203 )
Location of Center Of Pressure: ( 0.1990573935 0.4851455039 -0.02871612243 )


yPlus yPlus execute:
    patch Bottom y+ : min = 1.290669042, max = 402.1201032, average = 209.2871004
    patch Top y+ : min = 47.77176918, max = 408.9779118, average = 228.7742733
    patch e423_0 y+ : min = 80.88693709, max = 804.4983657, average = 409.9816753


################################################################################

Time = 350

Outer Loop Iteration = 350
smoothSolver:  Solving for Ux, Initial residual = 1.444745482e-07, Final residual = 3.550293291e-09, No Iterations 2
smoothSolver:  Solving for Uz, Initial residual = 4.397271862e-08, Final residual = 9.188461942e-10, No Iterations 2
GAMG:  Solving for p, Initial residual = 1.314191848e-07, Final residual = 6.596442096e-10, No Iterations 3
GAMG:  Solving for p, Initial residual = 1.459448053e-08, Final residual = 5.706599953e-11, No Iterations 3
GAMG:  Solving for p, Initial residual = 3.380848787e-09, Final residual = 3.241317913e-11, No Iterations 2
time step continuity errors (region0): sum local = 1.846491171e-12, global = 6.152984534e-14, cumulative = 1.569089109e-07
smoothSolver:  Solving for omega, Initial residual = 3.513197736e-09, Final residual = 3.271364119e-10, No Iterations 1
smoothSolver:  Solving for k, Initial residual = 5.209473543e-09, Final residual = 4.929872029e-10, No Iterations 1

ExecutionTime = 4.34 s  ExecutionStepTime = 0.01 s  ClockTime = 4 s

forces FR write:
    Sum of forces
        Total    : ( 0.3515364295 0 -5.527484301 )
        Pressure : ( 0.3014466782 0 -5.527036499 )
        Viscous  : ( 0.05008975128 0 -0.0004478028312 )
    Sum of moments
        Total    : ( -2.681634156 1.09019183 -0.1705463182 )
        Pressure : ( -2.681416907 1.093064824 -0.1462455006 )
        Viscous  : ( -0.0002172495302 -0.002872994679 -0.02430081762 )


liftDrag LD execute:
Viscous drag: 0.00415959842, pressure drag: 0.02503300764, porous drag: 0
Viscous lift: -3.718684765e-05, pressure lift: -0.4589811628, porous lift: 0
Total lift: -0.4590183497, Front lift: -0.1389764791, Rear lift: -0.3200418706, Drag: 0.02919260606
Location of Center of Mass: ( 0.156259772 0.4851455039 -0.03143796203 )
Location of Center Of Pressure: ( 0.199057389 0.4851455039 -0.02871612319 )


yPlus yPlus execute:
    patch Bottom y+ : min = 1.290668844, max = 402.1201266, average = 209.2871195
    patch Top y+ : min = 47.771766, max = 408.9779363, average = 228.774283
    patch e423_0 y+ : min = 80.88694584, max = 804.4983751, average = 409.9816791


################################################################################

Time = 351

Outer Loop Iteration = 351
smoothSolver:  Solving for Ux, Initial residual = 1.392249111e-07, Final residual = 3.426548003e-09, No Iterations 2
smoothSolver:  Solving for Uz, Initial residual = 4.170379384e-08, Final residual = 8.785875553e-10, No Iterations 2
GAMG:  Solving for p, Initial residual = 1.25173944e-07, Final residual = 6.279209975e-10, No Iterations 3
GAMG:  Solving for p, Initial residual = 1.391424495e-08, Final residual = 5.413457234e-11, No Iterations 3
GAMG:  Solving for p, Initial residual = 3.22558255e-09, Final residual = 3.083918438e-11, No Iterations 2
time step continuity errors (region0): sum local = 1.756824731e-12, global = 5.888826664e-14, cumulative = 1.569089698e-07
smoothSolver:  Solving for omega, Initial residual = 3.389144254e-09, Final residual = 3.154940373e-10, No Iterations 1
smoothSolver:  Solving for k, Initial residual = 5.012327025e-09, Final residual = 4.742480185e-10, No Iterations 1

ExecutionTime = 4.34 s  ExecutionStepTime = 0 s  ClockTime = 4 s

forces FR write:
    Sum of forces
        Total    : ( 0.3515363923 0 -5.527484652 )
        Pressure : ( 0.3014466401 0 -5.527036849 )
        Viscous  : ( 0.05008975218 0 -0.0004478028854 )
    Sum of moments
        Total    : ( -2.681634327 1.090191877 -0.1705463002 )
        Pressure : ( -2.681417077 1.093064872 -0.1462454821 )
        Viscous  : ( -0.0002172495565 -0.00287299475 -0.02430081806 )


liftDrag LD execute:
Viscous drag: 0.004159598495, pressure drag: 0.02503300448, porous drag: 0
Viscous lift: -3.718685214e-05, pressure lift: -0.458981192, porous lift: 0
Total lift: -0.4590183788, Front lift: -0.1389764898, Rear lift: -0.3200418891, Drag: 0.02919260297
Location of Center of Mass: ( 0.156259772 0.4851455039 -0.03143796203 )
Location of Center Of Pressure: ( 0.1990573848 0.4851455039 -0.02871612392 )


yPlus yPlus execute:
    patch Bottom y+ : min = 1.290668635, max = 402.120147, average = 209.2871367
    patch Top y+ : min = 47.77176334, max = 408.9779576, average = 228.774291
    patch e423_0 y+ : min = 80.88695421, max = 804.4983841, average = 409.9816828


################################################################################

Time = 352

Outer Loop Iteration = 352
smoothSolver:  Solving for Ux, Initial residual = 1.342588713e-07, Final residual = 3.305672281e-09, No Iterations 2
smoothSolver:  Solving for Uz, Initial residual = 3.965423649e-08, Final residual = 8.401282988e-10, No Iterations 2
GAMG:  Solving for p, Initial residual = 1.192636151e-07, Final residual = 5.996396728e-10, No Iterations 3
GAMG:  Solving for p, Initial residual = 1.327308269e-08, Final residual = 5.112549706e-11, No Iterations 3
GAMG:  Solving for p, Initial residual = 3.07588749e-09, Final residual = 2.924453113e-11, No Iterations 2
time step continuity errors (region0): sum local = 1.665967009e-12, global = 4.415321484e-14, cumulative = 1.569090139e-07
smoothSolver:  Solving for omega, Initial residual = 3.270157535e-09, Final residual = 3.045735266e-10, No Iterations 1
smoothSolver:  Solving for k, Initial residual = 4.822722492e-09, Final residual = 4.562092538e-10, No Iterations 1

ExecutionTime = 4.36 s  ExecutionStepTime = 0.02 s  ClockTime = 4 s

forces FR write:
    Sum of forces
        Total    : ( 0.3515363567 0 -5.527484988 )
        Pressure : ( 0.3014466037 0 -5.527037185 )
        Viscous  : ( 0.05008975304 0 -0.0004478029363 )
    Sum of moments
        Total    : ( -2.68163449 1.090191922 -0.1705462829 )
        Pressure : ( -2.68141724 1.093064917 -0.1462454644 )
        Viscous  : ( -0.0002172495812 -0.002872994818 -0.02430081848 )


liftDrag LD execute:
Viscous drag: 0.004159598567, pressure drag: 0.02503300145, porous drag: 0
Viscous lift: -3.718685637e-05, pressure lift: -0.4589812199, porous lift: 0
Total lift: -0.4590184067, Front lift: -0.1389764999, Rear lift: -0.3200419068, Drag: 0.02919260002
Location of Center of Mass: ( 0.156259772 0.4851455039 -0.03143796203 )
Location of Center Of Pressure: ( 0.1990573807 0.4851455039 -0.02871612462 )


yPlus yPlus execute:
    patch Bottom y+ : min = 1.290668416, max = 402.1201645, average = 209.2871521
    patch Top y+ : min = 47.77176116, max = 408.9779758, average = 228.7742975
    patch e423_0 y+ : min = 80.88696222, max = 804.4983929, average = 409.9816864


################################################################################

Time = 353

Outer Loop Iteration = 353
smoothSolver:  Solving for Ux, Initial residual = 1.294958583e-07, Final residual = 3.187667582e-09, No Iterations 2
smoothSolver:  Solving for Uz, Initial residual = 3.778949974e-08, Final residual = 8.056616241e-10, No Iterations 2
GAMG:  Solving for p, Initial residual = 1.136713806e-07, Final residual = 5.723809488e-10, No Iterations 3
GAMG:  Solving for p, Initial residual = 1.266828016e-08, Final residual = 4.837855745e-11, No Iterations 3
GAMG:  Solving for p, Initial residual = 2.934413509e-09, Final residual = 2.796542366e-11, No Iterations 2
time step continuity errors (region0): sum local = 1.593118853e-12, global = 3.848025867e-14, cumulative = 1.569090524e-07
smoothSolver:  Solving for omega, Initial residual = 3.155758434e-09, Final residual = 2.940389348e-10, No Iterations 1
smoothSolver:  Solving for k, Initial residual = 4.640211476e-09, Final residual = 4.388688996e-10, No Iterations 1

ExecutionTime = 4.37 s  ExecutionStepTime = 0.01 s  ClockTime = 4 s

forces FR write:
    Sum of forces
        Total    : ( 0.3515363228 0 -5.527485309 )
        Pressure : ( 0.3014465689 0 -5.527037507 )
        Viscous  : ( 0.05008975388 0 -0.0004478029839 )
    Sum of moments
        Total    : ( -2.681634646 1.090191965 -0.1705462665 )
        Pressure : ( -2.681417396 1.09306496 -0.1462454476 )
        Viscous  : ( -0.0002172496043 -0.002872994884 -0.02430081888 )


liftDrag LD execute:
Viscous drag: 0.004159598636, pressure drag: 0.02503299857, porous drag: 0
Viscous lift: -3.718686032e-05, pressure lift: -0.4589812466, porous lift: 0
Total lift: -0.4590184334, Front lift: -0.1389765097, Rear lift: -0.3200419237, Drag: 0.0291925972
Location of Center of Mass: ( 0.156259772 0.4851455039 -0.03143796203 )
Location of Center Of Pressure: ( 0.1990573769 0.4851455039 -0.02871612529 )


yPlus yPlus execute:
    patch Bottom y+ : min = 1.290668188, max = 402.1201792, average = 209.2871659
    patch Top y+ : min = 47.77175944, max = 408.977991, average = 228.7743027
    patch e423_0 y+ : min = 80.88696987, max = 804.4984013, average = 409.9816898


################################################################################

Time = 354

Outer Loop Iteration = 354
smoothSolver:  Solving for Ux, Initial residual = 1.249520291e-07, Final residual = 3.072452143e-09, No Iterations 2
smoothSolver:  Solving for Uz, Initial residual = 3.609758908e-08, Final residual = 7.724834416e-10, No Iterations 2
GAMG:  Solving for p, Initial residual = 1.084556078e-07, Final residual = 5.47959468e-10, No Iterations 3
GAMG:  Solving for p, Initial residual = 1.209773471e-08, Final residual = 4.592511432e-11, No Iterations 3
GAMG:  Solving for p, Initial residual = 2.800239024e-09, Final residual = 2.652259639e-11, No Iterations 2
time step continuity errors (region0): sum local = 1.510950334e-12, global = 3.76158387e-14, cumulative = 1.5690909e-07
smoothSolver:  Solving for omega, Initial residual = 3.045701432e-09, Final residual = 2.838953447e-10, No Iterations 1
smoothSolver:  Solving for k, Initial residual = 4.464519935e-09, Final residual = 4.221890564e-10, No Iterations 1

ExecutionTime = 4.37 s  ExecutionStepTime = 0 s  ClockTime = 4 s

forces FR write:
    Sum of forces
        Total    : ( 0.3515362904 0 -5.527485617 )
        Pressure : ( 0.3014465358 0 -5.527037814 )
        Viscous  : ( 0.05008975468 0 -0.0004478030283 )
    Sum of moments
        Total    : ( -2.681634795 1.090192007 -0.1705462507 )
        Pressure : ( -2.681417545 1.093065002 -0.1462454315 )
        Viscous  : ( -0.0002172496258 -0.002872994947 -0.02430081927 )


liftDrag LD execute:
Viscous drag: 0.004159598703, pressure drag: 0.02503299581, porous drag: 0
Viscous lift: -3.718686401e-05, pressure lift: -0.4589812721, porous lift: 0
Total lift: -0.4590184589, Front lift: -0.138976519, Rear lift: -0.3200419399, Drag: 0.02919259451
Location of Center of Mass: ( 0.156259772 0.4851455039 -0.03143796203 )
Location of Center Of Pressure: ( 0.1990573732 0.4851455039 -0.02871612592 )


yPlus yPlus execute:
    patch Bottom y+ : min = 1.290667951, max = 402.1201912, average = 209.2871782
    patch Top y+ : min = 47.77175812, max = 408.9780033, average = 228.7743065
    patch e423_0 y+ : min = 80.88697717, max = 804.4984094, average = 409.9816931


################################################################################

Time = 355

Outer Loop Iteration = 355
smoothSolver:  Solving for Ux, Initial residual = 1.206542086e-07, Final residual = 2.959959264e-09, No Iterations 2
smoothSolver:  Solving for Uz, Initial residual = 3.454245623e-08, Final residual = 7.415901241e-10, No Iterations 2
GAMG:  Solving for p, Initial residual = 1.036265723e-07, Final residual = 5.246431997e-10, No Iterations 3
GAMG:  Solving for p, Initial residual = 1.156206371e-08, Final residual = 4.357534323e-11, No Iterations 3
GAMG:  Solving for p, Initial residual = 2.67269219e-09, Final residual = 2.513915578e-11, No Iterations 2
time step continuity errors (region0): sum local = 1.432166989e-12, global = 3.130242778e-14, cumulative = 1.569091213e-07
smoothSolver:  Solving for omega, Initial residual = 2.940219311e-09, Final residual = 2.741216221e-10, No Iterations 1
smoothSolver:  Solving for k, Initial residual = 4.295333357e-09, Final residual = 4.061279497e-10, No Iterations 1

ExecutionTime = 4.39 s  ExecutionStepTime = 0.02 s  ClockTime = 4 s

forces FR write:
    Sum of forces
        Total    : ( 0.3515362596 0 -5.527485911 )
        Pressure : ( 0.3014465041 0 -5.527038108 )
        Viscous  : ( 0.05008975546 0 -0.0004478030696 )
    Sum of moments
        Total    : ( -2.681634937 1.090192046 -0.1705462358 )
        Pressure : ( -2.681417688 1.093065041 -0.1462454161 )
        Viscous  : ( -0.0002172496458 -0.002872995008 -0.02430081965 )


liftDrag LD execute:
Viscous drag: 0.004159598767, pressure drag: 0.02503299319, porous drag: 0
Viscous lift: -3.718686744e-05, pressure lift: -0.4589812965, porous lift: 0
Total lift: -0.4590184834, Front lift: -0.1389765279, Rear lift: -0.3200419554, Drag: 0.02919259195
Location of Center of Mass: ( 0.156259772 0.4851455039 -0.03143796203 )
Location of Center Of Pressure: ( 0.1990573696 0.4851455039 -0.02871612653 )


yPlus yPlus execute:
    patch Bottom y+ : min = 1.290667708, max = 402.1202007, average = 209.2871891
    patch Top y+ : min = 47.77175718, max = 408.978013, average = 228.7743091
    patch e423_0 y+ : min = 80.88698414, max = 804.4984172, average = 409.9816963


################################################################################

Time = 356

Outer Loop Iteration = 356
smoothSolver:  Solving for Ux, Initial residual = 1.165063919e-07, Final residual = 2.85020057e-09, No Iterations 2
smoothSolver:  Solving for Uz, Initial residual = 3.311231026e-08, Final residual = 7.139156299e-10, No Iterations 2
GAMG:  Solving for p, Initial residual = 9.91264793e-08, Final residual = 5.033160854e-10, No Iterations 3
GAMG:  Solving for p, Initial residual = 1.105991525e-08, Final residual = 1.104187826e-10, No Iterations 2
GAMG:  Solving for p, Initial residual = 2.578756464e-09, Final residual = 2.912570252e-11, No Iterations 2
time step continuity errors (region0): sum local = 1.659348099e-12, global = -1.380417694e-14, cumulative = 1.569091075e-07
smoothSolver:  Solving for omega, Initial residual = 2.838578621e-09, Final residual = 2.64704681e-10, No Iterations 1
smoothSolver:  Solving for k, Initial residual = 4.132505249e-09, Final residual = 3.906631032e-10, No Iterations 1

ExecutionTime = 4.4 s  ExecutionStepTime = 0.01 s  ClockTime = 4 s

forces FR write:
    Sum of forces
        Total    : ( 0.3515362302 0 -5.527486192 )
        Pressure : ( 0.301446474 0 -5.527038389 )
        Viscous  : ( 0.0500897562 0 -0.0004478031078 )
    Sum of moments
        Total    : ( -2.681635074 1.090192084 -0.1705462215 )
        Pressure : ( -2.681417824 1.093065079 -0.1462454015 )
        Viscous  : ( -0.0002172496644 -0.002872995068 -0.02430082001 )


liftDrag LD execute:
Viscous drag: 0.004159598829, pressure drag: 0.02503299068, porous drag: 0
Viscous lift: -3.718687061e-05, pressure lift: -0.4589813198, porous lift: 0
Total lift: -0.4590185067, Front lift: -0.1389765365, Rear lift: -0.3200419702, Drag: 0.02919258951
Location of Center of Mass: ( 0.156259772 0.4851455039 -0.03143796203 )
Location of Center Of Pressure: ( 0.1990573662 0.4851455039 -0.02871612711 )


yPlus yPlus execute:
    patch Bottom y+ : min = 1.290667458, max = 402.1202078, average = 209.2871987
    patch Top y+ : min = 47.77175659, max = 408.97802, average = 228.7743106
    patch e423_0 y+ : min = 80.88699079, max = 804.4984247, average = 409.9816994


################################################################################

Time = 357

Outer Loop Iteration = 357
smoothSolver:  Solving for Ux, Initial residual = 1.125274577e-07, Final residual = 2.743618156e-09, No Iterations 2
smoothSolver:  Solving for Uz, Initial residual = 3.183003703e-08, Final residual = 6.895761899e-10, No Iterations 2
GAMG:  Solving for p, Initial residual = 9.497876358e-08, Final residual = 4.849307085e-10, No Iterations 3
GAMG:  Solving for p, Initial residual = 1.059069957e-08, Final residual = 3.986770672e-11, No Iterations 3
GAMG:  Solving for p, Initial residual = 2.438556641e-09, Final residual = 2.26405853e-11, No Iterations 2
time step continuity errors (region0): sum local = 1.289834788e-12, global = 1.966752163e-14, cumulative = 1.569091272e-07
smoothSolver:  Solving for omega, Initial residual = 2.740572721e-09, Final residual = 2.556153821e-10, No Iterations 1
smoothSolver:  Solving for k, Initial residual = 3.975806903e-09, Final residual = 3.757737221e-10, No Iterations 1

ExecutionTime = 4.4 s  ExecutionStepTime = 0 s  ClockTime = 4 s

forces FR write:
    Sum of forces
        Total    : ( 0.3515362022 0 -5.527486462 )
        Pressure : ( 0.3014464453 0 -5.527038658 )
        Viscous  : ( 0.05008975692 0 -0.0004478031431 )
    Sum of moments
        Total    : ( -2.681635204 1.090192121 -0.170546208 )
        Pressure : ( -2.681417955 1.093065116 -0.1462453876 )
        Viscous  : ( -0.0002172496815 -0.002872995125 -0.02430082036 )


liftDrag LD execute:
Viscous drag: 0.004159598889, pressure drag: 0.0250329883, porous drag: 0
Viscous lift: -3.718687354e-05, pressure lift: -0.4589813422, porous lift: 0
Total lift: -0.4590185291, Front lift: -0.1389765446, Rear lift: -0.3200419845, Drag: 0.02919258719
Location of Center of Mass: ( 0.156259772 0.4851455039 -0.03143796203 )
Location of Center Of Pressure: ( 0.199057363 0.4851455039 -0.02871612767 )


yPlus yPlus execute:
    patch Bottom y+ : min = 1.290667203, max = 402.1202127, average = 209.2872071
    patch Top y+ : min = 47.77175627, max = 408.9780247, average = 228.7743111
    patch e423_0 y+ : min = 80.88699713, max = 804.498432, average = 409.9817023


################################################################################

Time = 358

Outer Loop Iteration = 358
smoothSolver:  Solving for Ux, Initial residual = 1.086898034e-07, Final residual = 2.639909818e-09, No Iterations 2
smoothSolver:  Solving for Uz, Initial residual = 3.068352752e-08, Final residual = 6.677288535e-10, No Iterations 2
GAMG:  Solving for p, Initial residual = 9.127427226e-08, Final residual = 4.682965365e-10, No Iterations 3
GAMG:  Solving for p, Initial residual = 1.01440398e-08, Final residual = 3.826411863e-11, No Iterations 3
GAMG:  Solving for p, Initial residual = 2.330214414e-09, Final residual = 9.999769789e-11, No Iterations 1
time step continuity errors (region0): sum local = 5.696954761e-12, global = -2.064755285e-13, cumulative = 1.569089207e-07
smoothSolver:  Solving for omega, Initial residual = 2.64600872e-09, Final residual = 2.468129962e-10, No Iterations 1
smoothSolver:  Solving for k, Initial residual = 3.824892841e-09, Final residual = 3.614394443e-10, No Iterations 1

ExecutionTime = 4.42 s  ExecutionStepTime = 0.02 s  ClockTime = 4 s

forces FR write:
    Sum of forces
        Total    : ( 0.3515361757 0 -5.527486719 )
        Pressure : ( 0.3014464181 0 -5.527038915 )
        Viscous  : ( 0.05008975761 0 -0.0004478031755 )
    Sum of moments
        Total    : ( -2.681635329 1.090192155 -0.1705461951 )
        Pressure : ( -2.681418079 1.093065151 -0.1462453744 )
        Viscous  : ( -0.0002172496972 -0.002872995181 -0.02430082069 )


liftDrag LD execute:
Viscous drag: 0.004159598946, pressure drag: 0.02503298604, porous drag: 0
Viscous lift: -3.718687623e-05, pressure lift: -0.4589813635, porous lift: 0
Total lift: -0.4590185504, Front lift: -0.1389765524, Rear lift: -0.320041998, Drag: 0.02919258498
Location of Center of Mass: ( 0.156259772 0.4851455039 -0.03143796203 )
Location of Center Of Pressure: ( 0.1990573599 0.4851455039 -0.0287161282 )


yPlus yPlus execute:
    patch Bottom y+ : min = 1.290666945, max = 402.1202155, average = 209.2872145
    patch Top y+ : min = 47.77175629, max = 408.9780272, average = 228.7743107
    patch e423_0 y+ : min = 80.88700318, max = 804.498439, average = 409.9817051


################################################################################

Time = 359

Outer Loop Iteration = 359
smoothSolver:  Solving for Ux, Initial residual = 1.049628534e-07, Final residual = 2.53958516e-09, No Iterations 2
smoothSolver:  Solving for Uz, Initial residual = 2.965250351e-08, Final residual = 6.482802052e-10, No Iterations 2
GAMG:  Solving for p, Initial residual = 8.788893081e-08, Final residual = 4.516853005e-10, No Iterations 3
GAMG:  Solving for p, Initial residual = 9.74575977e-09, Final residual = 9.780136025e-11, No Iterations 2
GAMG:  Solving for p, Initial residual = 2.2551635e-09, Final residual = 2.530738255e-11, No Iterations 2
time step continuity errors (region0): sum local = 1.441790932e-12, global = -9.610339884e-15, cumulative = 1.569089111e-07
smoothSolver:  Solving for omega, Initial residual = 2.55450871e-09, Final residual = 2.382732189e-10, No Iterations 1
smoothSolver:  Solving for k, Initial residual = 3.679600549e-09, Final residual = 3.476407381e-10, No Iterations 1

ExecutionTime = 4.43 s  ExecutionStepTime = 0.01 s  ClockTime = 4 s

forces FR write:
    Sum of forces
        Total    : ( 0.3515361502 0 -5.527486965 )
        Pressure : ( 0.301446392 0 -5.527039162 )
        Viscous  : ( 0.05008975827 0 -0.0004478032051 )
    Sum of moments
        Total    : ( -2.681635449 1.090192189 -0.1705461827 )
        Pressure : ( -2.681418199 1.093065184 -0.1462453617 )
        Viscous  : ( -0.0002172497116 -0.002872995234 -0.02430082101 )


liftDrag LD execute:
Viscous drag: 0.004159599001, pressure drag: 0.02503298387, porous drag: 0
Viscous lift: -3.718687869e-05, pressure lift: -0.458981384, porous lift: 0
Total lift: -0.4590185709, Front lift: -0.1389765599, Rear lift: -0.320042011, Drag: 0.02919258287
Location of Center of Mass: ( 0.156259772 0.4851455039 -0.03143796203 )
Location of Center Of Pressure: ( 0.199057357 0.4851455039 -0.0287161287 )


yPlus yPlus execute:
    patch Bottom y+ : min = 1.290666683, max = 402.1202164, average = 209.287221
    patch Top y+ : min = 47.77175644, max = 408.9780276, average = 228.7743096
    patch e423_0 y+ : min = 80.88700894, max = 804.4984457, average = 409.9817078


################################################################################

Time = 360

Outer Loop Iteration = 360
smoothSolver:  Solving for Ux, Initial residual = 1.013599811e-07, Final residual = 2.442602554e-09, No Iterations 2
smoothSolver:  Solving for Uz, Initial residual = 2.869956369e-08, Final residual = 6.299818059e-10, No Iterations 2
GAMG:  Solving for p, Initial residual = 8.469011967e-08, Final residual = 4.328285527e-10, No Iterations 3
GAMG:  Solving for p, Initial residual = 9.336422535e-09, Final residual = 9.368900098e-11, No Iterations 2
GAMG:  Solving for p, Initial residual = 2.155550825e-09, Final residual = 9.992150399e-11, No Iterations 1
time step continuity errors (region0): sum local = 5.692586108e-12, global = -3.002345279e-13, cumulative = 1.569086109e-07
smoothSolver:  Solving for omega, Initial residual = 2.465916549e-09, Final residual = 2.29991572e-10, No Iterations 1
smoothSolver:  Solving for k, Initial residual = 3.53970438e-09, Final residual = 3.343740912e-10, No Iterations 1

ExecutionTime = 4.43 s  ExecutionStepTime = 0 s  ClockTime = 4 s

forces FR write:
    Sum of forces
        Total    : ( 0.3515361263 0 -5.5274872 )
        Pressure : ( 0.3014463674 0 -5.527039396 )
        Viscous  : ( 0.05008975891 0 -0.0004478032321 )
    Sum of moments
        Total    : ( -2.681635563 1.090192221 -0.1705461711 )
        Pressure : ( -2.681418313 1.093065216 -0.1462453498 )
        Viscous  : ( -0.0002172497247 -0.002872995286 -0.02430082132 )


liftDrag LD execute:
Viscous drag: 0.004159599054, pressure drag: 0.02503298183, porous drag: 0
Viscous lift: -3.718688093e-05, pressure lift: -0.4589814035, porous lift: 0
Total lift: -0.4590185904, Front lift: -0.138976567, Rear lift: -0.3200420234, Drag: 0.02919258088
Location of Center of Mass: ( 0.156259772 0.4851455039 -0.03143796203 )
Location of Center Of Pressure: ( 0.1990573542 0.4851455039 -0.02871612918 )


yPlus yPlus execute:
    patch Bottom y+ : min = 1.290666421, max = 402.1202157, average = 209.2872267
    patch Top y+ : min = 47.7717569, max = 408.9780262, average = 228.7743077
    patch e423_0 y+ : min = 80.88701443, max = 804.4984521, average = 409.9817104


################################################################################

Time = 361

Outer Loop Iteration = 361
smoothSolver:  Solving for Ux, Initial residual = 9.785252954e-08, Final residual = 2.348441763e-09, No Iterations 2
smoothSolver:  Solving for Uz, Initial residual = 2.783276784e-08, Final residual = 6.119099523e-10, No Iterations 2
GAMG:  Solving for p, Initial residual = 8.167914019e-08, Final residual = 4.191205478e-10, No Iterations 3
GAMG:  Solving for p, Initial residual = 8.981851358e-09, Final residual = 9.091618491e-11, No Iterations 2
GAMG:  Solving for p, Initial residual = 2.068078663e-09, Final residual = 9.597827141e-11, No Iterations 1
time step continuity errors (region0): sum local = 5.467908498e-12, global = -3.071985484e-13, cumulative = 1.569083037e-07
smoothSolver:  Solving for omega, Initial residual = 2.38007519e-09, Final residual = 2.219502417e-10, No Iterations 1
smoothSolver:  Solving for k, Initial residual = 3.405042064e-09, Final residual = 3.216188782e-10, No Iterations 1

ExecutionTime = 4.44 s  ExecutionStepTime = 0.01 s  ClockTime = 4 s

Residual convergence tolerance reached

forces FR write:
    Sum of forces
        Total    : ( 0.3515361034 0 -5.527487425 )
        Pressure : ( 0.3014463439 0 -5.527039622 )
        Viscous  : ( 0.05008975952 0 -0.0004478032566 )
    Sum of moments
        Total    : ( -2.681635672 1.090192251 -0.17054616 )
        Pressure : ( -2.681418422 1.093065247 -0.1462453384 )
        Viscous  : ( -0.0002172497366 -0.002872995336 -0.02430082162 )


liftDrag LD execute:
Viscous drag: 0.004159599105, pressure drag: 0.02503297988, porous drag: 0
Viscous lift: -3.718688297e-05, pressure lift: -0.4589814222, porous lift: 0
Total lift: -0.4590186091, Front lift: -0.1389765738, Rear lift: -0.3200420353, Drag: 0.02919257898
Location of Center of Mass: ( 0.156259772 0.4851455039 -0.03143796203 )
Location of Center Of Pressure: ( 0.1990573515 0.4851455039 -0.02871612964 )


yPlus yPlus execute:
    patch Bottom y+ : min = 1.290666158, max = 402.1202133, average = 209.2872315
    patch Top y+ : min = 47.77175744, max = 408.978023, average = 228.7743053
    patch e423_0 y+ : min = 80.88701966, max = 804.4984583, average = 409.9817129
yPlus yPlus write:
    writing field yPlus
End

Finalising parallel run

--- INICIO COMANDO: mpirun -n 4 helyxSolve -parallel ---
