# Time           	e423_0           
1	-6.8893726796e+01	
2	-3.7067511991e+00	
3	-1.3910576702e+00	
4	-1.0420955427e+00	
5	-8.9329089361e-01	
6	-8.4075225414e-01	
7	-8.3895889729e-01	
8	-8.3667707941e-01	
9	-8.3121038493e-01	
10	-8.2874597534e-01	
11	-8.2910147745e-01	
12	-8.3472722881e-01	
13	-8.4842123488e-01	
14	-8.6132099929e-01	
15	-8.7404638575e-01	
16	-8.8589547723e-01	
17	-8.9775164608e-01	
18	-9.0940083534e-01	
19	-9.2214628702e-01	
20	-9.3591839779e-01	
21	-9.5023741276e-01	
22	-9.6516850527e-01	
23	-9.8063643216e-01	
24	-9.9658484614e-01	
25	-1.0127843901e+00	
26	-1.0291225816e+00	
27	-1.0453491231e+00	
28	-1.0618591406e+00	
29	-1.0783753139e+00	
30	-1.0940406252e+00	
31	-1.1083697604e+00	
32	-1.1214676862e+00	
33	-1.1331495971e+00	
34	-1.1433040043e+00	
35	-1.1524119547e+00	
36	-1.1598878821e+00	
37	-1.1660177409e+00	
38	-1.1710862607e+00	
39	-1.1754877834e+00	
40	-1.1790952174e+00	
41	-1.1825198496e+00	
42	-1.1858380579e+00	
43	-1.1891666360e+00	
44	-1.1924718382e+00	
45	-1.1957237999e+00	
46	-1.1989492756e+00	
47	-1.2022500818e+00	
48	-1.2056473572e+00	
49	-1.2089936637e+00	
50	-1.2123722512e+00	
51	-1.2159696509e+00	
52	-1.2197146771e+00	
53	-1.2235176204e+00	
54	-1.2272720664e+00	
55	-1.2310661319e+00	
56	-1.2349333124e+00	
57	-1.2389498878e+00	
58	-1.2429733667e+00	
59	-1.2470359671e+00	
60	-1.2511245389e+00	
61	-1.2552752497e+00	
62	-1.2594490785e+00	
63	-1.2636228645e+00	
64	-1.2678004586e+00	
65	-1.2718377229e+00	
66	-1.2758519731e+00	
67	-1.2799111143e+00	
68	-1.2837067985e+00	
69	-1.2875956301e+00	
70	-1.2913939772e+00	
71	-1.2951371317e+00	
72	-1.2988205209e+00	
73	-1.3024026302e+00	
74	-1.3059193557e+00	
75	-1.3093636158e+00	
76	-1.3126959215e+00	
77	-1.3158696635e+00	
78	-1.3190044284e+00	
79	-1.3221813821e+00	
80	-1.3252683759e+00	
81	-1.3281753777e+00	
82	-1.3309873972e+00	
83	-1.3337626842e+00	
84	-1.3364858884e+00	
85	-1.3391713459e+00	
86	-1.3418083855e+00	
87	-1.3443782552e+00	
88	-1.3468795850e+00	
89	-1.3493078627e+00	
90	-1.3516368341e+00	
91	-1.3538413752e+00	
92	-1.3559674812e+00	
93	-1.3579065178e+00	
94	-1.3597003949e+00	
95	-1.3613745242e+00	
96	-1.3629038006e+00	
97	-1.3643918620e+00	
98	-1.3657924204e+00	
99	-1.3670231108e+00	
100	-1.3680696746e+00	
101	-1.3689127902e+00	
102	-1.3697027034e+00	
103	-1.3703021670e+00	
104	-1.3707702243e+00	
105	-1.3711460251e+00	
106	-1.3715535960e+00	
107	-1.3720942425e+00	
108	-1.3726872607e+00	
109	-1.3733507505e+00	
110	-1.3739259072e+00	
111	-1.3744123586e+00	
112	-1.3750936623e+00	
113	-1.3758587466e+00	
114	-1.3768026093e+00	
115	-1.3779144347e+00	
116	-1.3789820582e+00	
117	-1.3800956067e+00	
118	-1.3813339540e+00	
119	-1.3828336902e+00	
120	-1.3841329240e+00	
121	-1.3855692796e+00	
122	-1.3870552971e+00	
123	-1.3884258804e+00	
124	-1.3900233533e+00	
125	-1.3918720476e+00	
126	-1.3936452812e+00	
127	-1.3954558906e+00	
128	-1.3972012109e+00	
129	-1.3989901064e+00	
130	-1.4007811875e+00	
131	-1.4025796650e+00	
132	-1.4046098553e+00	
133	-1.4068768511e+00	
134	-1.4091601168e+00	
135	-1.4114619742e+00	
136	-1.4138449818e+00	
137	-1.4162373887e+00	
138	-1.4184276261e+00	
139	-1.4207201245e+00	
140	-1.4229087472e+00	
141	-1.4251177495e+00	
142	-1.4272818752e+00	
143	-1.4295584021e+00	
144	-1.4319859905e+00	
145	-1.4344389571e+00	
146	-1.4367400735e+00	
147	-1.4390627347e+00	
148	-1.4416822273e+00	
149	-1.4443582075e+00	
150	-1.4469096251e+00	
151	-1.4495936991e+00	
152	-1.4522360426e+00	
153	-1.4548379088e+00	
154	-1.4573118600e+00	
155	-1.4600485517e+00	
156	-1.4630843844e+00	
157	-1.4663420817e+00	
158	-1.4698892103e+00	
159	-1.4734659044e+00	
160	-1.4770910508e+00	
161	-1.4810822002e+00	
162	-1.4855265471e+00	
163	-1.4903048926e+00	
164	-1.4950828624e+00	
165	-1.4996937940e+00	
166	-1.5043999977e+00	
167	-1.5098561406e+00	
168	-1.5149256951e+00	
169	-1.5197972891e+00	
170	-1.5247152168e+00	
171	-1.5297551081e+00	
172	-1.5345716447e+00	
173	-1.5396145379e+00	
174	-1.5446581602e+00	
175	-1.5503211076e+00	
176	-1.5567623173e+00	
177	-1.5631280080e+00	
178	-1.5699742660e+00	
179	-1.5767674382e+00	
180	-1.5836856916e+00	
181	-1.5907168663e+00	
182	-1.5961797197e+00	
183	-1.6019016854e+00	
184	-1.6089948326e+00	
185	-1.6165944521e+00	
186	-1.6212458495e+00	
187	-1.6266750903e+00	
188	-1.6323556491e+00	
189	-1.6398730552e+00	
190	-1.6457874065e+00	
191	-1.6506006499e+00	
192	-1.6530272720e+00	
193	-1.6572137510e+00	
194	-1.6589870764e+00	
195	-1.6550590044e+00	
196	-1.6551893191e+00	
197	-1.6571899834e+00	
198	-1.6609166202e+00	
199	-1.6635243321e+00	
200	-1.6623704113e+00	
201	-1.6593743859e+00	
202	-1.6572603786e+00	
203	-1.6542682752e+00	
204	-1.6527138039e+00	
205	-1.6507982292e+00	
206	-1.6497945288e+00	
207	-1.6458612362e+00	
208	-1.6423989890e+00	
209	-1.6409840409e+00	
210	-1.6396564854e+00	
211	-1.6381199905e+00	
212	-1.6378439249e+00	
213	-1.6380610975e+00	
214	-1.6375878842e+00	
215	-1.6377302126e+00	
216	-1.6365687692e+00	
217	-1.6358755144e+00	
218	-1.6341228146e+00	
219	-1.6325886535e+00	
220	-1.6303567271e+00	
221	-1.6271919135e+00	
222	-1.6251245767e+00	
223	-1.6224842442e+00	
224	-1.6198226195e+00	
225	-1.6159581912e+00	
226	-1.6130044203e+00	
227	-1.6090222929e+00	
228	-1.6056845835e+00	
229	-1.6015051138e+00	
230	-1.5966077536e+00	
231	-1.5923305986e+00	
232	-1.5873662434e+00	
233	-1.5831968880e+00	
234	-1.5789556335e+00	
235	-1.5753709777e+00	
236	-1.5712562955e+00	
237	-1.5687288427e+00	
238	-1.5665353691e+00	
239	-1.5643280083e+00	
240	-1.5614155898e+00	
241	-1.5587348562e+00	
242	-1.5565727208e+00	
243	-1.5536808964e+00	
244	-1.5510178318e+00	
245	-1.5481822171e+00	
246	-1.5455739995e+00	
247	-1.5432861948e+00	
248	-1.5410204320e+00	
249	-1.5389303397e+00	
250	-1.5349546321e+00	
251	-1.5306855636e+00	
252	-1.5274501988e+00	
253	-1.5230085798e+00	
254	-1.5180864732e+00	
255	-1.5131506196e+00	
256	-1.5074881635e+00	
257	-1.4992931919e+00	
258	-1.4912434922e+00	
259	-1.4819344657e+00	
260	-1.4722209473e+00	
261	-1.4616051353e+00	
262	-1.4495102207e+00	
263	-1.4375949342e+00	
264	-1.4261328096e+00	
265	-1.4118531923e+00	
266	-1.3985417258e+00	
267	-1.3836844229e+00	
268	-1.3688428070e+00	
269	-1.3520044585e+00	
270	-1.3376599671e+00	
271	-1.3213530495e+00	
272	-1.3030844649e+00	
273	-1.2842972149e+00	
274	-1.2649097008e+00	
275	-1.2441965736e+00	
276	-1.2223384054e+00	
277	-1.2000710973e+00	
278	-1.1786299244e+00	
279	-1.1558902415e+00	
280	-1.1345259439e+00	
281	-1.1133837850e+00	
282	-1.0881981146e+00	
283	-1.0598286281e+00	
284	-1.0306074520e+00	
285	-9.9846921827e-01	
286	-9.6670631417e-01	
287	-9.2990895759e-01	
288	-8.9453982060e-01	
289	-8.5934061094e-01	
290	-8.2461842679e-01	
291	-7.8798885088e-01	
292	-7.5006951501e-01	
293	-7.1218807651e-01	
294	-6.7515927732e-01	
295	-6.3743843197e-01	
296	-5.9926534260e-01	
297	-5.6338402482e-01	
298	-5.2753967466e-01	
299	-4.9350905649e-01	
300	-4.6001434769e-01	
301	-4.2679781513e-01	
302	-3.9879171409e-01	
303	-3.7046073947e-01	
304	-3.4471730313e-01	
305	-3.1945984291e-01	
306	-2.9548383357e-01	
307	-2.7373293331e-01	
308	-2.5480614644e-01	
309	-2.3668706743e-01	
310	-2.1900318371e-01	
311	-2.0422080768e-01	
312	-1.9072811488e-01	
313	-1.7906767192e-01	
314	-1.6746371343e-01	
315	-1.5862753681e-01	
316	-1.5180859502e-01	
317	-1.4623608770e-01	
318	-1.4254858527e-01	
319	-1.3966497667e-01	
320	-1.3792812243e-01	
321	-1.3782408056e-01	
322	-1.3892011183e-01	
323	-1.4210932954e-01	
324	-1.4580864106e-01	
325	-1.5118671860e-01	
326	-1.5839511676e-01	
327	-1.6562775119e-01	
328	-1.7466601673e-01	
329	-1.8435566766e-01	
330	-1.9566892946e-01	
331	-2.0844716218e-01	
332	-2.2308154139e-01	
333	-2.3939162875e-01	
334	-2.5830615566e-01	
335	-2.7818446589e-01	
336	-3.0077970873e-01	
337	-3.2560659669e-01	
338	-3.5161688669e-01	
339	-3.7997370105e-01	
340	-4.0975124261e-01	
341	-4.3850501516e-01	
342	-4.6796787798e-01	
343	-5.0045073589e-01	
344	-5.2927808352e-01	
345	-5.5919219542e-01	
346	-5.8976840547e-01	
347	-6.1975867669e-01	
348	-6.4585313737e-01	
349	-6.7449220396e-01	
350	-7.0066230550e-01	
351	-7.2648662881e-01	
352	-7.4998435246e-01	
353	-7.7510254788e-01	
354	-7.9835149896e-01	
355	-8.2119460202e-01	
356	-8.4301849745e-01	
357	-8.6496208091e-01	
358	-8.8546509499e-01	
359	-9.0534491184e-01	
360	-9.2324818485e-01	
361	-9.4070760044e-01	
362	-9.5787679096e-01	
363	-9.7450242427e-01	
364	-9.9015541224e-01	
365	-1.0056852004e+00	
366	-1.0198159924e+00	
367	-1.0330172624e+00	
368	-1.0451367433e+00	
369	-1.0563562675e+00	
370	-1.0670518533e+00	
371	-1.0765419082e+00	
372	-1.0856127701e+00	
373	-1.0934692850e+00	
374	-1.1013017807e+00	
375	-1.1079206589e+00	
376	-1.1136590096e+00	
377	-1.1186303245e+00	
378	-1.1229967095e+00	
379	-1.1267782935e+00	
380	-1.1298425451e+00	
381	-1.1318360099e+00	
382	-1.1327620787e+00	
383	-1.1331062843e+00	
384	-1.1330791904e+00	
385	-1.1326768047e+00	
386	-1.1319251846e+00	
387	-1.1311050607e+00	
388	-1.1299389399e+00	
389	-1.1290187737e+00	
390	-1.1278626793e+00	
391	-1.1266337144e+00	
392	-1.1253036544e+00	
393	-1.1239152764e+00	
394	-1.1223968928e+00	
395	-1.1208188644e+00	
396	-1.1192658212e+00	
397	-1.1179521481e+00	
398	-1.1167632731e+00	
399	-1.1155245423e+00	
400	-1.1144020339e+00	
401	-1.1133374848e+00	
402	-1.1126861488e+00	
403	-1.1120901015e+00	
404	-1.1116092508e+00	
405	-1.1114262800e+00	
406	-1.1113443058e+00	
407	-1.1114620871e+00	
408	-1.1118261683e+00	
409	-1.1124820208e+00	
410	-1.1132610341e+00	
411	-1.1140074944e+00	
412	-1.1148550370e+00	
413	-1.1158932635e+00	
414	-1.1171216042e+00	
415	-1.1185447766e+00	
416	-1.1200727552e+00	
417	-1.1215923573e+00	
418	-1.1234607953e+00	
419	-1.1254785872e+00	
420	-1.1274984688e+00	
421	-1.1297237335e+00	
422	-1.1321432772e+00	
423	-1.1347790696e+00	
424	-1.1374929557e+00	
425	-1.1403386881e+00	
426	-1.1434243114e+00	
427	-1.1467023315e+00	
428	-1.1502726241e+00	
429	-1.1540028140e+00	
430	-1.1577006898e+00	
431	-1.1614569146e+00	
432	-1.1653713838e+00	
433	-1.1692579147e+00	
434	-1.1731992837e+00	
435	-1.1770822027e+00	
436	-1.1808204956e+00	
437	-1.1844513842e+00	
438	-1.1879746740e+00	
439	-1.1913584240e+00	
440	-1.1945741391e+00	
441	-1.1976667311e+00	
442	-1.2006191146e+00	
443	-1.2035272530e+00	
444	-1.2063070398e+00	
445	-1.2089986998e+00	
446	-1.2115460023e+00	
447	-1.2139619953e+00	
448	-1.2162513925e+00	
449	-1.2184457703e+00	
450	-1.2204956666e+00	
451	-1.2224159477e+00	
452	-1.2242847929e+00	
453	-1.2260117523e+00	
454	-1.2277446414e+00	
455	-1.2295160202e+00	
456	-1.2313277712e+00	
457	-1.2330303801e+00	
458	-1.2345087577e+00	
459	-1.2359155928e+00	
460	-1.2374995841e+00	
461	-1.2391177719e+00	
462	-1.2407446601e+00	
463	-1.2423426822e+00	
464	-1.2439010334e+00	
465	-1.2453312853e+00	
466	-1.2468579397e+00	
467	-1.2483726223e+00	
468	-1.2500692560e+00	
469	-1.2518013660e+00	
470	-1.2533788772e+00	
471	-1.2549036318e+00	
472	-1.2563398962e+00	
473	-1.2578558624e+00	
474	-1.2593640121e+00	
475	-1.2610429197e+00	
476	-1.2627841934e+00	
477	-1.2645567144e+00	
478	-1.2663218576e+00	
479	-1.2680210917e+00	
480	-1.2696485980e+00	
481	-1.2715947414e+00	
482	-1.2735283161e+00	
483	-1.2751107523e+00	
484	-1.2765658205e+00	
485	-1.2778705333e+00	
486	-1.2798758405e+00	
487	-1.2814715689e+00	
488	-1.2833374280e+00	
489	-1.2851258616e+00	
490	-1.2867741163e+00	
491	-1.2885201557e+00	
492	-1.2902632201e+00	
493	-1.2917533763e+00	
494	-1.2932988764e+00	
495	-1.2950662573e+00	
496	-1.2966105347e+00	
497	-1.2976492855e+00	
498	-1.2989106401e+00	
499	-1.3004821616e+00	
500	-1.3017200275e+00	
501	-1.3033739356e+00	
502	-1.3048145020e+00	
503	-1.3060746751e+00	
504	-1.3075661529e+00	
505	-1.3091964130e+00	
506	-1.3106412999e+00	
507	-1.3124558296e+00	
508	-1.3141623881e+00	
509	-1.3158051462e+00	
510	-1.3170672375e+00	
511	-1.3186928931e+00	
512	-1.3206977784e+00	
513	-1.3223928624e+00	
514	-1.3241523337e+00	
515	-1.3257844894e+00	
516	-1.3277178096e+00	
517	-1.3295725920e+00	
518	-1.3313575535e+00	
519	-1.3334962780e+00	
520	-1.3357462443e+00	
521	-1.3380335006e+00	
522	-1.3400598110e+00	
523	-1.3422163012e+00	
524	-1.3447626547e+00	
525	-1.3473250104e+00	
526	-1.3499554233e+00	
527	-1.3528593725e+00	
528	-1.3559403861e+00	
529	-1.3586448163e+00	
530	-1.3610495424e+00	
531	-1.3639068044e+00	
532	-1.3672471262e+00	
533	-1.3709592948e+00	
534	-1.3748451415e+00	
535	-1.3786309139e+00	
536	-1.3824255628e+00	
537	-1.3864283379e+00	
538	-1.3904813544e+00	
539	-1.3946564211e+00	
540	-1.3987497966e+00	
541	-1.4030394255e+00	
542	-1.4074474887e+00	
543	-1.4118142406e+00	
544	-1.4163898965e+00	
545	-1.4213033356e+00	
546	-1.4257568324e+00	
547	-1.4299146084e+00	
548	-1.4334689064e+00	
549	-1.4366932962e+00	
550	-1.4397048050e+00	
551	-1.4432204086e+00	
552	-1.4472718055e+00	
553	-1.4513145119e+00	
554	-1.4554388275e+00	
555	-1.4600593947e+00	
556	-1.4649354842e+00	
557	-1.4705793397e+00	
558	-1.4753003018e+00	
559	-1.4808564788e+00	
560	-1.4864225202e+00	
561	-1.4914298651e+00	
562	-1.4943076651e+00	
563	-1.4970322473e+00	
564	-1.4990218449e+00	
565	-1.5002991607e+00	
566	-1.5008923431e+00	
567	-1.5013265535e+00	
568	-1.5043220013e+00	
569	-1.5080465457e+00	
570	-1.5103216555e+00	
571	-1.5079163463e+00	
572	-1.5089358621e+00	
573	-1.5091420502e+00	
574	-1.5093361956e+00	
575	-1.5085310269e+00	
576	-1.5094827611e+00	
577	-1.5103852734e+00	
578	-1.5111591791e+00	
579	-1.5105665867e+00	
580	-1.5100260101e+00	
581	-1.5099609959e+00	
582	-1.5098463598e+00	
583	-1.5096649076e+00	
584	-1.5102576551e+00	
585	-1.5108109849e+00	
586	-1.5114936814e+00	
587	-1.5123172779e+00	
588	-1.5137450752e+00	
589	-1.5156836164e+00	
590	-1.5167799059e+00	
591	-1.5187982194e+00	
592	-1.5200420760e+00	
593	-1.5214854567e+00	
594	-1.5228588332e+00	
595	-1.5254338437e+00	
596	-1.5289258996e+00	
597	-1.5323229199e+00	
598	-1.5346894505e+00	
599	-1.5366079160e+00	
600	-1.5385052471e+00	
601	-1.5403044159e+00	
602	-1.5429537114e+00	
603	-1.5436094325e+00	
604	-1.5445172055e+00	
605	-1.5461849369e+00	
606	-1.5474445401e+00	
607	-1.5487439928e+00	
608	-1.5501802071e+00	
609	-1.5521138076e+00	
610	-1.5535409784e+00	
611	-1.5560512892e+00	
612	-1.5591900503e+00	
613	-1.5617928773e+00	
614	-1.5630100757e+00	
615	-1.5651021483e+00	
616	-1.5685907840e+00	
617	-1.5733225052e+00	
618	-1.5770521749e+00	
619	-1.5798863333e+00	
620	-1.5822472654e+00	
621	-1.5854926128e+00	
622	-1.5883529461e+00	
623	-1.5908123221e+00	
624	-1.5924688477e+00	
625	-1.5924426719e+00	
626	-1.5904597460e+00	
627	-1.5885371508e+00	
628	-1.5846420971e+00	
629	-1.5802701339e+00	
630	-1.5726722478e+00	
631	-1.5603395170e+00	
632	-1.5476511667e+00	
633	-1.5286271670e+00	
634	-1.5090930060e+00	
635	-1.4842798424e+00	
636	-1.4562740280e+00	
637	-1.4270998882e+00	
638	-1.3983125630e+00	
639	-1.3714236519e+00	
640	-1.3463208339e+00	
641	-1.3203904419e+00	
642	-1.2968346975e+00	
643	-1.2744228687e+00	
644	-1.2530335541e+00	
645	-1.2324924547e+00	
646	-1.2080366697e+00	
647	-1.1818056835e+00	
648	-1.1594773453e+00	
649	-1.1369804433e+00	
650	-1.1200644299e+00	
651	-1.0986746298e+00	
652	-1.0793777969e+00	
653	-1.0598309057e+00	
654	-1.0386266663e+00	
655	-1.0113724904e+00	
656	-9.8402614218e-01	
657	-9.5829785310e-01	
658	-9.3576895428e-01	
659	-9.1141105568e-01	
660	-8.8977542791e-01	
661	-8.6884568513e-01	
662	-8.4538671840e-01	
663	-8.2239437933e-01	
664	-7.9863235420e-01	
665	-7.7647147555e-01	
666	-7.5509075085e-01	
667	-7.3530339421e-01	
668	-7.1660806690e-01	
669	-6.9623363606e-01	
670	-6.7589517445e-01	
671	-6.5600037643e-01	
672	-6.3779818284e-01	
673	-6.1922314451e-01	
674	-6.0187103165e-01	
675	-5.8769368838e-01	
676	-5.7317284194e-01	
677	-5.5937004425e-01	
678	-5.4391792713e-01	
679	-5.3332473184e-01	
680	-5.2163119450e-01	
681	-5.1391180658e-01	
682	-5.0748017933e-01	
683	-5.0024132949e-01	
684	-4.9356218870e-01	
685	-4.8868884390e-01	
686	-4.8411197803e-01	
687	-4.8089188686e-01	
688	-4.7841442525e-01	
689	-4.7762719208e-01	
690	-4.7427749351e-01	
691	-4.7269120532e-01	
692	-4.7067671139e-01	
693	-4.6994502081e-01	
694	-4.6977182947e-01	
695	-4.6954503954e-01	
696	-4.6925195422e-01	
697	-4.7006166293e-01	
698	-4.7117772580e-01	
699	-4.7248778068e-01	
700	-4.7451569880e-01	
701	-4.7674501214e-01	
702	-4.7956698632e-01	
703	-4.8441278569e-01	
704	-4.8978971109e-01	
705	-4.9615385940e-01	
706	-5.0310862744e-01	
707	-5.1103046253e-01	
708	-5.2174812938e-01	
709	-5.3431041414e-01	
710	-5.4950398843e-01	
711	-5.6755479490e-01	
712	-5.8845174423e-01	
713	-6.1169018706e-01	
714	-6.3712670476e-01	
715	-6.6436187259e-01	
716	-6.9426882785e-01	
717	-7.2425458510e-01	
718	-7.5687318105e-01	
719	-7.8991838650e-01	
720	-8.2298464104e-01	
721	-8.5490967512e-01	
722	-8.8670557802e-01	
723	-9.1542624893e-01	
724	-9.4375852737e-01	
725	-9.6909659705e-01	
726	-9.9209167252e-01	
727	-1.0132487617e+00	
728	-1.0319997178e+00	
729	-1.0478947530e+00	
730	-1.0615133482e+00	
731	-1.0728547773e+00	
732	-1.0827635581e+00	
733	-1.0907658213e+00	
734	-1.0963340873e+00	
735	-1.1003110308e+00	
736	-1.1020582311e+00	
737	-1.1024445144e+00	
738	-1.1021458252e+00	
739	-1.1012299287e+00	
740	-1.1000481279e+00	
741	-1.0965011366e+00	
742	-1.0907548699e+00	
743	-1.0829888709e+00	
744	-1.0731666477e+00	
745	-1.0629557812e+00	
746	-1.0519792584e+00	
747	-1.0386982290e+00	
748	-1.0248222434e+00	
749	-1.0099661937e+00	
750	-9.9251926648e-01	
751	-9.7392310257e-01	
752	-9.5446547144e-01	
753	-9.3483762744e-01	
754	-9.1447047635e-01	
755	-8.9336995607e-01	
756	-8.7217366842e-01	
757	-8.5293867715e-01	
758	-8.3329093363e-01	
759	-8.1540671854e-01	
760	-7.9756604495e-01	
761	-7.8153676449e-01	
762	-7.6769207418e-01	
763	-7.5435883735e-01	
764	-7.4205441891e-01	
765	-7.3110729666e-01	
766	-7.2251651810e-01	
767	-7.1562689781e-01	
768	-7.0983802797e-01	
769	-7.0594573094e-01	
770	-7.0391250599e-01	
771	-7.0328493085e-01	
772	-7.0401171692e-01	
773	-7.0651742454e-01	
774	-7.1094042863e-01	
775	-7.1771326149e-01	
776	-7.2623101112e-01	
777	-7.3636779167e-01	
778	-7.4772460181e-01	
779	-7.6082761483e-01	
780	-7.7493332996e-01	
781	-7.8943261065e-01	
782	-8.0404835819e-01	
783	-8.1796546707e-01	
784	-8.3133334824e-01	
785	-8.4434299979e-01	
786	-8.5756072086e-01	
787	-8.7066008800e-01	
788	-8.8384094584e-01	
789	-8.9723249292e-01	
790	-9.1075533996e-01	
791	-9.2449346326e-01	
792	-9.3849456732e-01	
793	-9.5265787700e-01	
794	-9.6657456613e-01	
795	-9.8042211675e-01	
796	-9.9420724748e-01	
797	-1.0073660535e+00	
798	-1.0198088335e+00	
799	-1.0312857458e+00	
800	-1.0415137656e+00	
801	-1.0506229948e+00	
802	-1.0591987819e+00	
803	-1.0666049006e+00	
804	-1.0725095863e+00	
805	-1.0774314531e+00	
806	-1.0813933707e+00	
807	-1.0843329709e+00	
808	-1.0866197275e+00	
809	-1.0883689679e+00	
810	-1.0898351640e+00	
811	-1.0911556914e+00	
812	-1.0927323435e+00	
813	-1.0938222034e+00	
814	-1.0944332957e+00	
815	-1.0948643099e+00	
816	-1.0953618182e+00	
817	-1.0960102818e+00	
818	-1.0970448866e+00	
819	-1.0983562853e+00	
820	-1.0996021851e+00	
821	-1.1009093873e+00	
822	-1.1025079341e+00	
823	-1.1042501096e+00	
824	-1.1063102200e+00	
825	-1.1085417306e+00	
826	-1.1107957674e+00	
827	-1.1132129656e+00	
828	-1.1156711624e+00	
829	-1.1181504469e+00	
830	-1.1205335600e+00	
831	-1.1229105074e+00	
832	-1.1252907502e+00	
833	-1.1276660252e+00	
834	-1.1301718752e+00	
835	-1.1327165568e+00	
836	-1.1353596925e+00	
837	-1.1380287593e+00	
838	-1.1406699203e+00	
839	-1.1433975082e+00	
840	-1.1461512772e+00	
841	-1.1490497914e+00	
842	-1.1519825927e+00	
843	-1.1548186808e+00	
844	-1.1578178129e+00	
845	-1.1607884048e+00	
846	-1.1638571730e+00	
847	-1.1669880379e+00	
848	-1.1701950519e+00	
849	-1.1735118516e+00	
850	-1.1767886441e+00	
851	-1.1800768887e+00	
852	-1.1836228554e+00	
853	-1.1873911234e+00	
854	-1.1911663315e+00	
855	-1.1949882053e+00	
856	-1.1987971155e+00	
857	-1.2025643253e+00	
858	-1.2064159025e+00	
859	-1.2101865100e+00	
860	-1.2139997774e+00	
861	-1.2179064269e+00	
862	-1.2219753765e+00	
863	-1.2260298207e+00	
864	-1.2299215563e+00	
865	-1.2339682027e+00	
866	-1.2383548255e+00	
867	-1.2426953265e+00	
868	-1.2468256170e+00	
869	-1.2508685734e+00	
870	-1.2549462468e+00	
871	-1.2589090400e+00	
872	-1.2629783745e+00	
873	-1.2673876767e+00	
874	-1.2714433334e+00	
875	-1.2754907518e+00	
876	-1.2795319798e+00	
877	-1.2834925575e+00	
878	-1.2874560983e+00	
879	-1.2915189404e+00	
880	-1.2955247980e+00	
881	-1.2995833110e+00	
882	-1.3037656536e+00	
883	-1.3076599742e+00	
884	-1.3113575710e+00	
885	-1.3147913795e+00	
886	-1.3180345213e+00	
887	-1.3215233775e+00	
888	-1.3250125242e+00	
889	-1.3281564226e+00	
890	-1.3310331358e+00	
891	-1.3339810628e+00	
892	-1.3368389393e+00	
893	-1.3396576834e+00	
894	-1.3423666256e+00	
895	-1.3448685228e+00	
896	-1.3471045023e+00	
897	-1.3491785792e+00	
898	-1.3513045783e+00	
899	-1.3533048638e+00	
900	-1.3552355175e+00	
901	-1.3569512644e+00	
902	-1.3583704018e+00	
903	-1.3594479764e+00	
904	-1.3604808156e+00	
905	-1.3617386222e+00	
906	-1.3628442473e+00	
907	-1.3634724821e+00	
908	-1.3644121058e+00	
909	-1.3651962041e+00	
910	-1.3659493710e+00	
911	-1.3668242593e+00	
912	-1.3678680216e+00	
913	-1.3686152780e+00	
914	-1.3693155707e+00	
915	-1.3701519756e+00	
916	-1.3709991166e+00	
917	-1.3718938127e+00	
918	-1.3730121382e+00	
919	-1.3739028666e+00	
920	-1.3746267291e+00	
921	-1.3758160625e+00	
922	-1.3771129528e+00	
923	-1.3780407465e+00	
924	-1.3786742155e+00	
925	-1.3797651811e+00	
926	-1.3809930280e+00	
927	-1.3826012270e+00	
928	-1.3844917490e+00	
929	-1.3867313216e+00	
930	-1.3894975629e+00	
931	-1.3922268002e+00	
932	-1.3949063419e+00	
933	-1.3976374493e+00	
934	-1.4001051583e+00	
935	-1.4024705133e+00	
936	-1.4050119943e+00	
937	-1.4073455268e+00	
938	-1.4087764820e+00	
939	-1.4099379497e+00	
940	-1.4097644218e+00	
941	-1.4088534035e+00	
942	-1.4083261266e+00	
943	-1.4076053778e+00	
944	-1.4065499998e+00	
945	-1.4063151398e+00	
946	-1.4068559627e+00	
947	-1.4083175551e+00	
948	-1.4090383283e+00	
949	-1.4092237696e+00	
950	-1.4096245762e+00	
951	-1.4077637436e+00	
952	-1.4038334092e+00	
953	-1.3999062173e+00	
954	-1.3957819398e+00	
955	-1.3902160904e+00	
956	-1.3838002693e+00	
957	-1.3783653696e+00	
958	-1.3734140639e+00	
959	-1.3641569642e+00	
960	-1.3540105061e+00	
961	-1.3430770919e+00	
962	-1.3328897262e+00	
963	-1.3232068520e+00	
964	-1.3133309221e+00	
965	-1.3033536430e+00	
966	-1.2921909419e+00	
967	-1.2799048805e+00	
968	-1.2684074240e+00	
969	-1.2576277144e+00	
970	-1.2469444467e+00	
971	-1.2361917964e+00	
972	-1.2257232465e+00	
973	-1.2149583079e+00	
974	-1.2047381292e+00	
975	-1.1954053526e+00	
976	-1.1869965863e+00	
977	-1.1780477388e+00	
978	-1.1686412302e+00	
979	-1.1583561830e+00	
980	-1.1501137178e+00	
981	-1.1421304272e+00	
982	-1.1342705520e+00	
983	-1.1248959655e+00	
984	-1.1182342850e+00	
985	-1.1118548747e+00	
986	-1.1058039327e+00	
987	-1.0993825646e+00	
988	-1.0937986985e+00	
989	-1.0895714774e+00	
990	-1.0839399875e+00	
991	-1.0790001619e+00	
992	-1.0745855128e+00	
993	-1.0719526981e+00	
994	-1.0680911572e+00	
995	-1.0643172265e+00	
996	-1.0605682593e+00	
997	-1.0574338489e+00	
998	-1.0535493540e+00	
999	-1.0493352069e+00	
1000	-1.0447258127e+00	
1001	-1.0394190477e+00	
1002	-1.0343322160e+00	
1003	-1.0303845494e+00	
1004	-1.0258293875e+00	
1005	-1.0199993244e+00	
1006	-1.0141217885e+00	
1007	-1.0090142821e+00	
1008	-1.0035843506e+00	
1009	-9.9868126779e-01	
1010	-9.9404727776e-01	
1011	-9.8890367841e-01	
1012	-9.8396801586e-01	
1013	-9.7945971408e-01	
1014	-9.7469133125e-01	
1015	-9.6994474096e-01	
1016	-9.6473176767e-01	
1017	-9.6051135953e-01	
1018	-9.5457760830e-01	
1019	-9.4876620384e-01	
1020	-9.4213960610e-01	
1021	-9.3404411014e-01	
1022	-9.2511488350e-01	
1023	-9.1495454379e-01	
1024	-9.0539841896e-01	
1025	-8.9545421316e-01	
1026	-8.8426292762e-01	
1027	-8.7260254006e-01	
1028	-8.5897268696e-01	
1029	-8.4364683476e-01	
1030	-8.2528796176e-01	
1031	-8.0593692674e-01	
1032	-7.8383370386e-01	
1033	-7.6066785677e-01	
1034	-7.3768180803e-01	
1035	-7.1480861017e-01	
1036	-6.9148743213e-01	
1037	-6.6980197584e-01	
1038	-6.4711870577e-01	
1039	-6.2472411704e-01	
1040	-6.0473696123e-01	
1041	-5.8186251660e-01	
1042	-5.5867725956e-01	
1043	-5.3690113063e-01	
1044	-5.1635789505e-01	
1045	-4.9366242936e-01	
1046	-4.7192312213e-01	
1047	-4.4972562047e-01	
1048	-4.2853035070e-01	
1049	-4.0869190367e-01	
1050	-3.8948211476e-01	
1051	-3.7003643294e-01	
1052	-3.5011506068e-01	
1053	-3.3166386151e-01	
1054	-3.1356009304e-01	
1055	-2.9702008725e-01	
1056	-2.8043610791e-01	
1057	-2.6455007112e-01	
1058	-2.4924918589e-01	
1059	-2.3389287381e-01	
1060	-2.1992888009e-01	
1061	-2.0612783953e-01	
1062	-1.9398428042e-01	
1063	-1.8154293429e-01	
1064	-1.7079252842e-01	
1065	-1.6009912239e-01	
1066	-1.5029794254e-01	
1067	-1.4056289925e-01	
1068	-1.3233390468e-01	
1069	-1.2556904200e-01	
1070	-1.1957792739e-01	
1071	-1.1452552456e-01	
1072	-1.0957377860e-01	
1073	-1.0619674790e-01	
1074	-1.0377944816e-01	
1075	-1.0236869601e-01	
1076	-1.0107136468e-01	
1077	-1.0120277193e-01	
1078	-1.0293368292e-01	
1079	-1.0588391829e-01	
1080	-1.0954029131e-01	
1081	-1.1429858646e-01	
1082	-1.1966003891e-01	
1083	-1.2527927418e-01	
1084	-1.3158614570e-01	
1085	-1.4000598686e-01	
1086	-1.4894049843e-01	
1087	-1.5861620636e-01	
1088	-1.6944077680e-01	
1089	-1.8074660995e-01	
1090	-1.9308997546e-01	
1091	-2.0654626978e-01	
1092	-2.2043085389e-01	
1093	-2.3512150539e-01	
1094	-2.5264572904e-01	
1095	-2.7025214692e-01	
1096	-2.8792298923e-01	
1097	-3.0667297414e-01	
1098	-3.2513981503e-01	
1099	-3.4337171984e-01	
1100	-3.6396356832e-01	
1101	-3.8518657814e-01	
1102	-4.0755539120e-01	
1103	-4.3006000199e-01	
1104	-4.5333963712e-01	
1105	-4.7527559853e-01	
1106	-4.9832427730e-01	
1107	-5.2185231791e-01	
1108	-5.4624819564e-01	
1109	-5.7186307711e-01	
1110	-5.9722295625e-01	
1111	-6.2258250783e-01	
1112	-6.4753730716e-01	
1113	-6.7282458734e-01	
1114	-6.9683862940e-01	
1115	-7.1994998261e-01	
1116	-7.4265921732e-01	
1117	-7.6403940643e-01	
1118	-7.8430600846e-01	
1119	-8.0294813189e-01	
1120	-8.2075145897e-01	
1121	-8.3743024543e-01	
1122	-8.5292428711e-01	
1123	-8.6780569582e-01	
1124	-8.8120973190e-01	
1125	-8.9365687966e-01	
1126	-9.0486779954e-01	
1127	-9.1493319852e-01	
1128	-9.2395369529e-01	
1129	-9.3184650821e-01	
1130	-9.3854963294e-01	
1131	-9.4400167694e-01	
1132	-9.4951534475e-01	
1133	-9.5445802056e-01	
1134	-9.5848834159e-01	
1135	-9.6190900170e-01	
1136	-9.6455083857e-01	
1137	-9.6582346159e-01	
1138	-9.6588134083e-01	
1139	-9.6583493830e-01	
1140	-9.6453720466e-01	
1141	-9.6233822801e-01	
1142	-9.5944852021e-01	
1143	-9.5589867433e-01	
1144	-9.5159088771e-01	
1145	-9.4633299952e-01	
1146	-9.4046464274e-01	
1147	-9.3466892524e-01	
1148	-9.2790175888e-01	
1149	-9.2021284320e-01	
1150	-9.1237573536e-01	
1151	-9.0428015373e-01	
1152	-8.9586069806e-01	
1153	-8.8715294494e-01	
1154	-8.7893099053e-01	
1155	-8.7053898851e-01	
1156	-8.6239612996e-01	
1157	-8.5523517106e-01	
1158	-8.4888984341e-01	
1159	-8.4274597891e-01	
1160	-8.3672591148e-01	
1161	-8.3064053701e-01	
1162	-8.2559697278e-01	
1163	-8.2187562989e-01	
1164	-8.1903688272e-01	
1165	-8.1740053153e-01	
1166	-8.1616764998e-01	
1167	-8.1601480890e-01	
1168	-8.1681446987e-01	
1169	-8.1881430074e-01	
1170	-8.2112070818e-01	
1171	-8.2433381074e-01	
1172	-8.2838685794e-01	
1173	-8.3290448558e-01	
1174	-8.3794766872e-01	
1175	-8.4354870223e-01	
1176	-8.4980969093e-01	
1177	-8.5650340740e-01	
1178	-8.6343638746e-01	
1179	-8.7063918819e-01	
1180	-8.7829883183e-01	
1181	-8.8619910550e-01	
1182	-8.9430974443e-01	
1183	-9.0248883350e-01	
1184	-9.1049834525e-01	
1185	-9.1857750750e-01	
1186	-9.2670562174e-01	
1187	-9.3479735503e-01	
1188	-9.4277253342e-01	
1189	-9.5052270863e-01	
1190	-9.5804002349e-01	
1191	-9.6514014302e-01	
1192	-9.7190809914e-01	
1193	-9.7836385406e-01	
1194	-9.8452530393e-01	
1195	-9.9049798352e-01	
1196	-9.9619415510e-01	
1197	-1.0014910143e+00	
1198	-1.0063310464e+00	
1199	-1.0107239559e+00	
1200	-1.0146568192e+00	
1201	-1.0184152875e+00	
1202	-1.0220972983e+00	
1203	-1.0255208219e+00	
1204	-1.0286325262e+00	
1205	-1.0314500348e+00	
1206	-1.0339647904e+00	
1207	-1.0361922042e+00	
1208	-1.0382321574e+00	
1209	-1.0401367490e+00	
1210	-1.0420811876e+00	
1211	-1.0442337075e+00	
1212	-1.0463798135e+00	
1213	-1.0482723487e+00	
1214	-1.0501317290e+00	
1215	-1.0520100377e+00	
1216	-1.0539605471e+00	
1217	-1.0558873605e+00	
1218	-1.0579076629e+00	
1219	-1.0601268086e+00	
1220	-1.0623285519e+00	
1221	-1.0646544967e+00	
1222	-1.0668930524e+00	
1223	-1.0691470012e+00	
1224	-1.0714410304e+00	
1225	-1.0739776167e+00	
1226	-1.0767152103e+00	
1227	-1.0792405592e+00	
1228	-1.0820395648e+00	
1229	-1.0848293714e+00	
1230	-1.0876306757e+00	
1231	-1.0904419151e+00	
1232	-1.0934250879e+00	
1233	-1.0963507939e+00	
1234	-1.0992414553e+00	
1235	-1.1022164904e+00	
1236	-1.1051745145e+00	
1237	-1.1081924520e+00	
1238	-1.1112289099e+00	
1239	-1.1144341566e+00	
1240	-1.1179876056e+00	
1241	-1.1212664419e+00	
1242	-1.1244789336e+00	
1243	-1.1276607493e+00	
1244	-1.1305834199e+00	
1245	-1.1341345417e+00	
1246	-1.1376732645e+00	
1247	-1.1413175043e+00	
1248	-1.1452846790e+00	
1249	-1.1490594619e+00	
1250	-1.1525761381e+00	
1251	-1.1564240647e+00	
1252	-1.1603838615e+00	
1253	-1.1644864668e+00	
1254	-1.1682745242e+00	
1255	-1.1722139222e+00	
1256	-1.1761602691e+00	
1257	-1.1801617391e+00	
1258	-1.1841515937e+00	
1259	-1.1880696919e+00	
1260	-1.1919463732e+00	
1261	-1.1958718387e+00	
1262	-1.2002451269e+00	
1263	-1.2042329179e+00	
1264	-1.2079265760e+00	
1265	-1.2113778897e+00	
1266	-1.2150570020e+00	
1267	-1.2191067308e+00	
1268	-1.2229742550e+00	
1269	-1.2267425191e+00	
1270	-1.2304720320e+00	
1271	-1.2343150087e+00	
1272	-1.2380921888e+00	
1273	-1.2417820444e+00	
1274	-1.2455514028e+00	
1275	-1.2492999200e+00	
1276	-1.2530309215e+00	
1277	-1.2568108390e+00	
1278	-1.2606371645e+00	
1279	-1.2645678360e+00	
1280	-1.2685180747e+00	
1281	-1.2722310002e+00	
1282	-1.2754395034e+00	
1283	-1.2789207324e+00	
1284	-1.2824632057e+00	
1285	-1.2859089413e+00	
1286	-1.2891910863e+00	
1287	-1.2926487204e+00	
1288	-1.2961195986e+00	
1289	-1.2994945390e+00	
1290	-1.3027525718e+00	
1291	-1.3061387143e+00	
1292	-1.3095438810e+00	
1293	-1.3127098611e+00	
1294	-1.3159335235e+00	
1295	-1.3193848063e+00	
1296	-1.3226762888e+00	
1297	-1.3259751128e+00	
1298	-1.3293938392e+00	
1299	-1.3326287126e+00	
1300	-1.3355328681e+00	
1301	-1.3381559652e+00	
1302	-1.3411538044e+00	
1303	-1.3445448484e+00	
1304	-1.3479010887e+00	
1305	-1.3512093429e+00	
1306	-1.3545846796e+00	
1307	-1.3580451094e+00	
1308	-1.3617314384e+00	
1309	-1.3656342253e+00	
1310	-1.3697499145e+00	
1311	-1.3735566427e+00	
1312	-1.3770272063e+00	
1313	-1.3806469999e+00	
1314	-1.3844622938e+00	
1315	-1.3881257437e+00	
1316	-1.3917871463e+00	
1317	-1.3954415994e+00	
1318	-1.3987982916e+00	
1319	-1.4016465108e+00	
1320	-1.4033454010e+00	
1321	-1.4041270671e+00	
1322	-1.4044357534e+00	
1323	-1.4047758962e+00	
1324	-1.4054657790e+00	
1325	-1.4066588555e+00	
1326	-1.4080131801e+00	
1327	-1.4099357120e+00	
1328	-1.4111254919e+00	
1329	-1.4117207698e+00	
1330	-1.4122447854e+00	
1331	-1.4109245394e+00	
1332	-1.4070968346e+00	
1333	-1.4007183126e+00	
1334	-1.3965596435e+00	
1335	-1.3934421180e+00	
1336	-1.3898329700e+00	
1337	-1.3878199632e+00	
1338	-1.3855860260e+00	
1339	-1.3781498194e+00	
1340	-1.3713183292e+00	
1341	-1.3651243349e+00	
1342	-1.3590639034e+00	
1343	-1.3523706767e+00	
1344	-1.3446933985e+00	
1345	-1.3374203847e+00	
1346	-1.3287518395e+00	
1347	-1.3202941345e+00	
1348	-1.3123737764e+00	
1349	-1.3042980159e+00	
1350	-1.2952946250e+00	
1351	-1.2852633566e+00	
1352	-1.2765092605e+00	
1353	-1.2698259629e+00	
1354	-1.2617878515e+00	
1355	-1.2553392014e+00	
1356	-1.2481068037e+00	
1357	-1.2419867891e+00	
1358	-1.2355472487e+00	
1359	-1.2287795456e+00	
1360	-1.2210743787e+00	
1361	-1.2143072574e+00	
1362	-1.2061705385e+00	
1363	-1.1992139638e+00	
1364	-1.1893211892e+00	
1365	-1.1800577100e+00	
1366	-1.1711765365e+00	
1367	-1.1633981144e+00	
1368	-1.1555313799e+00	
1369	-1.1466188439e+00	
1370	-1.1375783724e+00	
1371	-1.1283574983e+00	
1372	-1.1203197742e+00	
1373	-1.1126740415e+00	
1374	-1.1037552578e+00	
1375	-1.0946528979e+00	
1376	-1.0862689146e+00	
1377	-1.0779518622e+00	
1378	-1.0698494982e+00	
1379	-1.0612378703e+00	
1380	-1.0524291443e+00	
1381	-1.0444752859e+00	
1382	-1.0358146243e+00	
1383	-1.0268051556e+00	
1384	-1.0176147368e+00	
1385	-1.0094719848e+00	
1386	-1.0009244457e+00	
1387	-9.9184165303e-01	
1388	-9.8410002448e-01	
1389	-9.7623915047e-01	
1390	-9.6759956559e-01	
1391	-9.5949562415e-01	
1392	-9.5146834068e-01	
1393	-9.4347697336e-01	
1394	-9.3592767778e-01	
1395	-9.2793992344e-01	
1396	-9.1963340711e-01	
1397	-9.1143100570e-01	
1398	-9.0229652417e-01	
1399	-8.9347265125e-01	
1400	-8.8417957017e-01	
1401	-8.7307120802e-01	
1402	-8.6097862795e-01	
1403	-8.4928237827e-01	
1404	-8.3685931124e-01	
1405	-8.2318375098e-01	
1406	-8.0839890693e-01	
1407	-7.9328797321e-01	
1408	-7.8018829793e-01	
1409	-7.7007496982e-01	
1410	-7.6263795759e-01	
1411	-7.5421176848e-01	
1412	-7.4208910429e-01	
1413	-7.2619372759e-01	
1414	-7.0742827673e-01	
1415	-6.8862466672e-01	
1416	-6.6775272679e-01	
1417	-6.4557262034e-01	
1418	-6.2088996818e-01	
1419	-5.9633907972e-01	
1420	-5.7410857474e-01	
1421	-5.4953173464e-01	
1422	-5.2723456185e-01	
1423	-5.0503608845e-01	
1424	-4.8205533359e-01	
1425	-4.6095762414e-01	
1426	-4.4149181501e-01	
1427	-4.2063229739e-01	
1428	-4.0084966298e-01	
1429	-3.8298335807e-01	
1430	-3.6414381497e-01	
1431	-3.4422443799e-01	
1432	-3.2630489485e-01	
1433	-3.1006295489e-01	
1434	-2.9326312251e-01	
1435	-2.7624672958e-01	
1436	-2.6013447917e-01	
1437	-2.4415513287e-01	
1438	-2.2875342252e-01	
1439	-2.1353929692e-01	
1440	-1.9880564747e-01	
1441	-1.8475062433e-01	
1442	-1.7167130958e-01	
1443	-1.5952508953e-01	
1444	-1.4816222945e-01	
1445	-1.3699235484e-01	
1446	-1.2678645153e-01	
1447	-1.1726024357e-01	
1448	-1.0821949762e-01	
1449	-9.9826303715e-02	
1450	-9.1273999520e-02	
1451	-8.3812275721e-02	
1452	-7.7465900607e-02	
1453	-7.1774531945e-02	
1454	-6.6768697174e-02	
1455	-6.2839833735e-02	
1456	-5.9470229362e-02	
1457	-5.6331586170e-02	
1458	-5.4521601618e-02	
1459	-5.3592323799e-02	
1460	-5.3267482432e-02	
1461	-5.4529565750e-02	
1462	-5.6121797399e-02	
1463	-5.8610238927e-02	
1464	-6.2190828140e-02	
1465	-6.5390951780e-02	
1466	-6.9488340238e-02	
1467	-7.5994762432e-02	
1468	-8.2855814852e-02	
1469	-9.0892178479e-02	
1470	-1.0146588636e-01	
1471	-1.1292226270e-01	
1472	-1.2465353069e-01	
1473	-1.3606197711e-01	
1474	-1.4747238374e-01	
1475	-1.6038828632e-01	
1476	-1.7450673219e-01	
1477	-1.9001188946e-01	
1478	-2.0671107631e-01	
1479	-2.2428021575e-01	
1480	-2.4236723190e-01	
1481	-2.6000784925e-01	
1482	-2.7768076772e-01	
1483	-2.9615241430e-01	
1484	-3.1538051940e-01	
1485	-3.3546699028e-01	
1486	-3.5666786633e-01	
1487	-3.7833234559e-01	
1488	-4.0004533320e-01	
1489	-4.2238670247e-01	
1490	-4.4521935369e-01	
1491	-4.6730779166e-01	
1492	-4.9081659258e-01	
1493	-5.1420874863e-01	
1494	-5.3735990654e-01	
1495	-5.6050099049e-01	
1496	-5.8330159403e-01	
1497	-6.0562916939e-01	
1498	-6.2733764088e-01	
1499	-6.4868601644e-01	
1500	-6.6929862748e-01	
1501	-6.8896354535e-01	
1502	-7.0854077151e-01	
1503	-7.2795938282e-01	
1504	-7.4607873954e-01	
1505	-7.6389989822e-01	
1506	-7.8059343761e-01	
1507	-7.9617537482e-01	
1508	-8.1208014408e-01	
1509	-8.2711482701e-01	
1510	-8.4168755833e-01	
1511	-8.5558334883e-01	
1512	-8.6919805283e-01	
1513	-8.8145828409e-01	
1514	-8.9250701496e-01	
1515	-9.0306956872e-01	
1516	-9.1290375787e-01	
1517	-9.2176227578e-01	
1518	-9.2961458818e-01	
1519	-9.3638977305e-01	
1520	-9.4283809060e-01	
1521	-9.4853096127e-01	
1522	-9.5354143862e-01	
1523	-9.5794266806e-01	
1524	-9.6181493160e-01	
1525	-9.6528650572e-01	
1526	-9.6799927545e-01	
1527	-9.7026466974e-01	
1528	-9.7198920084e-01	
1529	-9.7317946720e-01	
1530	-9.7398512067e-01	
1531	-9.7430540009e-01	
1532	-9.7438035749e-01	
1533	-9.7427130866e-01	
1534	-9.7370025505e-01	
1535	-9.7319730887e-01	
1536	-9.7267385507e-01	
1537	-9.7208630196e-01	
1538	-9.7140217171e-01	
1539	-9.7051203417e-01	
1540	-9.6986299218e-01	
1541	-9.6911261261e-01	
1542	-9.6805816408e-01	
1543	-9.6722520197e-01	
1544	-9.6674699684e-01	
1545	-9.6626867033e-01	
1546	-9.6636813866e-01	
1547	-9.6678181495e-01	
1548	-9.6728638295e-01	
1549	-9.6816618372e-01	
1550	-9.6936205600e-01	
1551	-9.7100157148e-01	
1552	-9.7283474233e-01	
1553	-9.7487297626e-01	
1554	-9.7695802292e-01	
1555	-9.7926549503e-01	
1556	-9.8176105326e-01	
1557	-9.8457901452e-01	
1558	-9.8752971958e-01	
1559	-9.9047071164e-01	
1560	-9.9358969465e-01	
1561	-9.9698757920e-01	
1562	-1.0004753717e+00	
1563	-1.0041630764e+00	
1564	-1.0079057235e+00	
1565	-1.0118162249e+00	
1566	-1.0158154287e+00	
1567	-1.0199553655e+00	
1568	-1.0242053230e+00	
1569	-1.0284064198e+00	
1570	-1.0326070089e+00	
1571	-1.0367493606e+00	
1572	-1.0409412367e+00	
1573	-1.0451127774e+00	
1574	-1.0491712706e+00	
1575	-1.0533201274e+00	
1576	-1.0575023484e+00	
1577	-1.0616496858e+00	
1578	-1.0657459615e+00	
1579	-1.0697426356e+00	
1580	-1.0736460587e+00	
1581	-1.0774728203e+00	
1582	-1.0811977782e+00	
1583	-1.0847661508e+00	
1584	-1.0882801037e+00	
1585	-1.0916445699e+00	
1586	-1.0947896748e+00	
1587	-1.0982090974e+00	
1588	-1.1013318435e+00	
1589	-1.1044198763e+00	
1590	-1.1075896031e+00	
1591	-1.1105544681e+00	
1592	-1.1135079510e+00	
1593	-1.1163402854e+00	
1594	-1.1192053081e+00	
1595	-1.1219675512e+00	
1596	-1.1246486151e+00	
1597	-1.1272620934e+00	
1598	-1.1298680056e+00	
1599	-1.1324996523e+00	
1600	-1.1352125125e+00	
1601	-1.1380723092e+00	
1602	-1.1405205049e+00	
1603	-1.1429140456e+00	
1604	-1.1450852748e+00	
1605	-1.1477216264e+00	
1606	-1.1502382858e+00	
1607	-1.1528880921e+00	
1608	-1.1555036983e+00	
1609	-1.1580279526e+00	
1610	-1.1604582213e+00	
1611	-1.1629976232e+00	
1612	-1.1655894918e+00	
1613	-1.1683096194e+00	
1614	-1.1710345238e+00	
1615	-1.1734641720e+00	
1616	-1.1755256782e+00	
1617	-1.1779103209e+00	
1618	-1.1807630589e+00	
1619	-1.1833020012e+00	
1620	-1.1859068605e+00	
1621	-1.1886049219e+00	
1622	-1.1912397031e+00	
1623	-1.1938545393e+00	
1624	-1.1966957622e+00	
1625	-1.1995570456e+00	
1626	-1.2022206840e+00	
1627	-1.2049881102e+00	
1628	-1.2081824226e+00	
1629	-1.2111878817e+00	
1630	-1.2138539430e+00	
1631	-1.2165214933e+00	
1632	-1.2196315915e+00	
1633	-1.2228142222e+00	
1634	-1.2258847287e+00	
1635	-1.2291198358e+00	
1636	-1.2321629504e+00	
1637	-1.2352345260e+00	
1638	-1.2385130894e+00	
1639	-1.2418798542e+00	
1640	-1.2451672533e+00	
1641	-1.2488484388e+00	
1642	-1.2524848680e+00	
1643	-1.2558359030e+00	
1644	-1.2588348005e+00	
1645	-1.2622261820e+00	
1646	-1.2660083232e+00	
1647	-1.2694773242e+00	
1648	-1.2731063169e+00	
1649	-1.2766922756e+00	
1650	-1.2803148099e+00	
1651	-1.2840142319e+00	
1652	-1.2877749613e+00	
1653	-1.2915249785e+00	
1654	-1.2953874932e+00	
1655	-1.2991196602e+00	
1656	-1.3026378251e+00	
1657	-1.3061285975e+00	
1658	-1.3100102403e+00	
1659	-1.3139552044e+00	
1660	-1.3178597666e+00	
1661	-1.3218771646e+00	
1662	-1.3258442336e+00	
1663	-1.3298339391e+00	
1664	-1.3336676939e+00	
1665	-1.3377647049e+00	
1666	-1.3420181109e+00	
1667	-1.3465071673e+00	
1668	-1.3511420567e+00	
1669	-1.3560054735e+00	
1670	-1.3609637393e+00	
1671	-1.3658276878e+00	
1672	-1.3704892852e+00	
1673	-1.3755223588e+00	
1674	-1.3812183782e+00	
1675	-1.3871214942e+00	
1676	-1.3929298230e+00	
1677	-1.3990587732e+00	
1678	-1.4052208845e+00	
1679	-1.4116260531e+00	
1680	-1.4183524937e+00	
1681	-1.4248253069e+00	
1682	-1.4311389730e+00	
1683	-1.4376041078e+00	
1684	-1.4440728445e+00	
1685	-1.4500186165e+00	
1686	-1.4551384804e+00	
1687	-1.4600264582e+00	
1688	-1.4651312200e+00	
1689	-1.4705776612e+00	
1690	-1.4762161391e+00	
1691	-1.4816420993e+00	
1692	-1.4878246249e+00	
1693	-1.4942577385e+00	
1694	-1.5015350067e+00	
1695	-1.5091228374e+00	
1696	-1.5163435440e+00	
1697	-1.5233287474e+00	
1698	-1.5280608503e+00	
1699	-1.5306218321e+00	
1700	-1.5337241016e+00	
1701	-1.5363378190e+00	
1702	-1.5370554136e+00	
1703	-1.5388774888e+00	
1704	-1.5414538060e+00	
1705	-1.5454521727e+00	
1706	-1.5452550292e+00	
1707	-1.5449273612e+00	
1708	-1.5440536235e+00	
1709	-1.5433209054e+00	
1710	-1.5427885679e+00	
1711	-1.5425096164e+00	
1712	-1.5422847105e+00	
1713	-1.5420473180e+00	
1714	-1.5412285550e+00	
1715	-1.5393343942e+00	
1716	-1.5377485084e+00	
1717	-1.5373231718e+00	
1718	-1.5363347917e+00	
1719	-1.5360113052e+00	
1720	-1.5350693637e+00	
1721	-1.5354492406e+00	
1722	-1.5345313903e+00	
1723	-1.5340975794e+00	
1724	-1.5332776997e+00	
1725	-1.5327019061e+00	
1726	-1.5321074899e+00	
1727	-1.5322317728e+00	
1728	-1.5320851527e+00	
1729	-1.5323245656e+00	
1730	-1.5321864220e+00	
1731	-1.5308380593e+00	
1732	-1.5293440512e+00	
1733	-1.5277378970e+00	
1734	-1.5261796627e+00	
1735	-1.5240868894e+00	
1736	-1.5219933986e+00	
1737	-1.5198467940e+00	
1738	-1.5167893226e+00	
1739	-1.5140363170e+00	
1740	-1.5100575286e+00	
1741	-1.5064834318e+00	
1742	-1.5028770232e+00	
1743	-1.4989007889e+00	
1744	-1.4953743599e+00	
1745	-1.4914991913e+00	
1746	-1.4882237050e+00	
1747	-1.4845481716e+00	
1748	-1.4810964548e+00	
1749	-1.4783453373e+00	
1750	-1.4759762096e+00	
1751	-1.4740228148e+00	
1752	-1.4722492601e+00	
1753	-1.4699348533e+00	
1754	-1.4666637231e+00	
1755	-1.4632553813e+00	
1756	-1.4600911213e+00	
1757	-1.4573107179e+00	
1758	-1.4539062415e+00	
1759	-1.4495009817e+00	
1760	-1.4446468155e+00	
1761	-1.4388594721e+00	
1762	-1.4325755061e+00	
1763	-1.4247856296e+00	
1764	-1.4162452198e+00	
1765	-1.4070323361e+00	
1766	-1.3970980444e+00	
1767	-1.3854960380e+00	
1768	-1.3732199499e+00	
1769	-1.3603694300e+00	
1770	-1.3449909562e+00	
1771	-1.3281947094e+00	
1772	-1.3105916348e+00	
1773	-1.2900886823e+00	
1774	-1.2680444866e+00	
1775	-1.2461101017e+00	
1776	-1.2219469730e+00	
1777	-1.1976010007e+00	
1778	-1.1776144197e+00	
1779	-1.1563261654e+00	
1780	-1.1323589377e+00	
1781	-1.1083517993e+00	
1782	-1.0808503672e+00	
1783	-1.0521992776e+00	
1784	-1.0245694825e+00	
1785	-9.9517954965e-01	
1786	-9.6705601124e-01	
1787	-9.3991956169e-01	
1788	-9.1131972724e-01	
1789	-8.8428811125e-01	
1790	-8.5604471312e-01	
1791	-8.2817142078e-01	
1792	-8.0348410441e-01	
1793	-7.7429468650e-01	
1794	-7.4574022904e-01	
1795	-7.2167402779e-01	
1796	-6.9403591052e-01	
1797	-6.6621348059e-01	
1798	-6.4065594963e-01	
1799	-6.1415776003e-01	
1800	-5.8889474411e-01	
1801	-5.6453957934e-01	
1802	-5.4100850666e-01	
1803	-5.1743538110e-01	
1804	-4.9471608449e-01	
1805	-4.7305453703e-01	
1806	-4.5215569134e-01	
1807	-4.3227131547e-01	
1808	-4.1261725190e-01	
1809	-3.9432719103e-01	
1810	-3.7722854389e-01	
1811	-3.6099263430e-01	
1812	-3.4706122888e-01	
1813	-3.3256155325e-01	
1814	-3.1870794867e-01	
1815	-3.0496500740e-01	
1816	-2.9131668921e-01	
1817	-2.7959649874e-01	
1818	-2.6776603842e-01	
1819	-2.5668555971e-01	
1820	-2.4470723131e-01	
1821	-2.3354176854e-01	
1822	-2.2400138965e-01	
1823	-2.1469408612e-01	
1824	-2.0710298793e-01	
1825	-1.9995319884e-01	
1826	-1.9361068777e-01	
1827	-1.8863961857e-01	
1828	-1.8471515035e-01	
1829	-1.8276563545e-01	
1830	-1.8266831897e-01	
1831	-1.8346218361e-01	
1832	-1.8624081943e-01	
1833	-1.9089762042e-01	
1834	-1.9782112481e-01	
1835	-2.0662974982e-01	
1836	-2.1677170086e-01	
1837	-2.2870821711e-01	
1838	-2.4225926348e-01	
1839	-2.5760228259e-01	
1840	-2.7550211632e-01	
1841	-2.9576707601e-01	
1842	-3.1597897776e-01	
1843	-3.3782844674e-01	
1844	-3.6076260555e-01	
1845	-3.8444234556e-01	
1846	-4.0615968079e-01	
1847	-4.2945319896e-01	
1848	-4.5281386923e-01	
1849	-4.7349528328e-01	
1850	-4.9298243508e-01	
1851	-5.1355477442e-01	
1852	-5.3382843457e-01	
1853	-5.5265396713e-01	
1854	-5.7217078396e-01	
1855	-5.9238242855e-01	
1856	-6.1256908357e-01	
1857	-6.3232913844e-01	
1858	-6.5183436332e-01	
1859	-6.7296942548e-01	
1860	-6.9360212679e-01	
1861	-7.1420855937e-01	
1862	-7.3472987063e-01	
1863	-7.5623881131e-01	
1864	-7.7662696104e-01	
1865	-7.9638185200e-01	
1866	-8.1456187332e-01	
1867	-8.3315806662e-01	
1868	-8.5162082273e-01	
1869	-8.6858546221e-01	
1870	-8.8440208466e-01	
1871	-9.0002433355e-01	
1872	-9.1582409360e-01	
1873	-9.3041033068e-01	
1874	-9.4412324119e-01	
1875	-9.5656307917e-01	
1876	-9.6846176505e-01	
1877	-9.7992285985e-01	
1878	-9.9098982068e-01	
1879	-1.0015959449e+00	
1880	-1.0116388902e+00	
1881	-1.0205387639e+00	
1882	-1.0287187349e+00	
1883	-1.0359336775e+00	
1884	-1.0422563033e+00	
1885	-1.0483185261e+00	
1886	-1.0535390584e+00	
1887	-1.0581244691e+00	
1888	-1.0616869386e+00	
1889	-1.0649403025e+00	
1890	-1.0672349979e+00	
1891	-1.0694691490e+00	
1892	-1.0710719101e+00	
1893	-1.0725784199e+00	
1894	-1.0738299322e+00	
1895	-1.0753697765e+00	
1896	-1.0770488879e+00	
1897	-1.0782148462e+00	
1898	-1.0796550223e+00	
1899	-1.0812496554e+00	
1900	-1.0830686156e+00	
1901	-1.0851600664e+00	
1902	-1.0872527567e+00	
1903	-1.0895334916e+00	
1904	-1.0923346143e+00	
1905	-1.0954241657e+00	
1906	-1.0984614145e+00	
1907	-1.1015696938e+00	
1908	-1.1048977325e+00	
1909	-1.1082332955e+00	
1910	-1.1115252410e+00	
1911	-1.1151866251e+00	
1912	-1.1188549323e+00	
1913	-1.1226282256e+00	
1914	-1.1265372932e+00	
1915	-1.1305502708e+00	
1916	-1.1346989651e+00	
1917	-1.1388759174e+00	
1918	-1.1431378165e+00	
1919	-1.1474915564e+00	
1920	-1.1517475921e+00	
1921	-1.1560075765e+00	
1922	-1.1602080704e+00	
1923	-1.1646521721e+00	
1924	-1.1693256879e+00	
1925	-1.1739694720e+00	
1926	-1.1787452386e+00	
1927	-1.1835164926e+00	
1928	-1.1882254687e+00	
1929	-1.1930134144e+00	
1930	-1.1977133051e+00	
1931	-1.2025915229e+00	
1932	-1.2074885618e+00	
1933	-1.2123928768e+00	
1934	-1.2171730305e+00	
1935	-1.2219125788e+00	
1936	-1.2265427696e+00	
1937	-1.2310957504e+00	
1938	-1.2355196136e+00	
1939	-1.2398988498e+00	
1940	-1.2443554854e+00	
1941	-1.2485934760e+00	
1942	-1.2528201795e+00	
1943	-1.2569691489e+00	
1944	-1.2610984266e+00	
1945	-1.2650785808e+00	
1946	-1.2689253501e+00	
1947	-1.2726733588e+00	
1948	-1.2763240607e+00	
1949	-1.2799105113e+00	
1950	-1.2834428924e+00	
1951	-1.2868425547e+00	
1952	-1.2900713652e+00	
1953	-1.2932194006e+00	
1954	-1.2963292459e+00	
1955	-1.2993135696e+00	
1956	-1.3023280710e+00	
1957	-1.3053273466e+00	
1958	-1.3082042628e+00	
1959	-1.3110562409e+00	
1960	-1.3138754828e+00	
1961	-1.3167101743e+00	
1962	-1.3194873161e+00	
1963	-1.3222643888e+00	
1964	-1.3250452302e+00	
1965	-1.3277823849e+00	
1966	-1.3304847848e+00	
1967	-1.3331996798e+00	
1968	-1.3358845500e+00	
1969	-1.3384667642e+00	
1970	-1.3409962261e+00	
1971	-1.3435382460e+00	
1972	-1.3460427690e+00	
1973	-1.3485167045e+00	
1974	-1.3509648328e+00	
1975	-1.3533627211e+00	
1976	-1.3557245375e+00	
1977	-1.3579901402e+00	
1978	-1.3601668951e+00	
1979	-1.3623272185e+00	
1980	-1.3643828899e+00	
1981	-1.3663343360e+00	
1982	-1.3681989794e+00	
1983	-1.3698821283e+00	
1984	-1.3714757334e+00	
1985	-1.3729947083e+00	
1986	-1.3743886276e+00	
1987	-1.3755440725e+00	
1988	-1.3765522575e+00	
1989	-1.3774976530e+00	
1990	-1.3782952150e+00	
1991	-1.3789727490e+00	
1992	-1.3792873334e+00	
1993	-1.3795141838e+00	
1994	-1.3795785527e+00	
1995	-1.3795442595e+00	
1996	-1.3797895949e+00	
1997	-1.3801609800e+00	
1998	-1.3805521551e+00	
1999	-1.3809733128e+00	
2000	-1.3813939557e+00	
2001	-1.3818654050e+00	
2002	-1.3823063978e+00	
2003	-1.3825350309e+00	
2004	-1.3832033766e+00	
2005	-1.3838921305e+00	
2006	-1.3847301974e+00	
2007	-1.3854450109e+00	
2008	-1.3863678615e+00	
2009	-1.3871123027e+00	
2010	-1.3881336258e+00	
2011	-1.3887600616e+00	
2012	-1.3896999210e+00	
2013	-1.3908951886e+00	
2014	-1.3922198325e+00	
2015	-1.3936624738e+00	
2016	-1.3949491656e+00	
2017	-1.3964394017e+00	
2018	-1.3978705332e+00	
2019	-1.3991729756e+00	
2020	-1.4007736976e+00	
2021	-1.4026370047e+00	
2022	-1.4045902424e+00	
2023	-1.4066214990e+00	
2024	-1.4086813817e+00	
2025	-1.4109078524e+00	
2026	-1.4129295848e+00	
2027	-1.4149776332e+00	
2028	-1.4174301968e+00	
2029	-1.4201127771e+00	
2030	-1.4228764993e+00	
2031	-1.4259398909e+00	
2032	-1.4289320777e+00	
2033	-1.4319092991e+00	
2034	-1.4350304327e+00	
2035	-1.4382969092e+00	
2036	-1.4415122512e+00	
2037	-1.4447301323e+00	
2038	-1.4482174938e+00	
2039	-1.4518795785e+00	
2040	-1.4555976610e+00	
2041	-1.4593236182e+00	
2042	-1.4627611558e+00	
2043	-1.4662944902e+00	
2044	-1.4699534773e+00	
2045	-1.4735202662e+00	
2046	-1.4770767677e+00	
2047	-1.4807042795e+00	
2048	-1.4846082886e+00	
2049	-1.4888557332e+00	
2050	-1.4931117498e+00	
2051	-1.4971465573e+00	
2052	-1.5013181772e+00	
2053	-1.5059344839e+00	
2054	-1.5110585572e+00	
2055	-1.5163353520e+00	
2056	-1.5218927052e+00	
2057	-1.5273621290e+00	
2058	-1.5332379653e+00	
2059	-1.5395728419e+00	
2060	-1.5464590934e+00	
2061	-1.5531585095e+00	
2062	-1.5598140598e+00	
2063	-1.5654032445e+00	
2064	-1.5710880472e+00	
2065	-1.5769138966e+00	
2066	-1.5822357782e+00	
2067	-1.5885620485e+00	
2068	-1.5949165224e+00	
2069	-1.6015612916e+00	
2070	-1.6090191485e+00	
2071	-1.6157645423e+00	
2072	-1.6212883121e+00	
2073	-1.6302358198e+00	
2074	-1.6393143048e+00	
2075	-1.6456726755e+00	
2076	-1.6510794356e+00	
2077	-1.6555714953e+00	
2078	-1.6594134835e+00	
2079	-1.6624146183e+00	
2080	-1.6654143088e+00	
2081	-1.6668695700e+00	
2082	-1.6695624671e+00	
2083	-1.6740761831e+00	
2084	-1.6783027022e+00	
2085	-1.6793201240e+00	
2086	-1.6794062695e+00	
2087	-1.6794985358e+00	
2088	-1.6813473685e+00	
2089	-1.6831716254e+00	
2090	-1.6852941236e+00	
2091	-1.6861486842e+00	
2092	-1.6865441732e+00	
2093	-1.6869516955e+00	
2094	-1.6856099637e+00	
2095	-1.6854590582e+00	
2096	-1.6855866704e+00	
2097	-1.6844068399e+00	
2098	-1.6845469767e+00	
2099	-1.6843405188e+00	
2100	-1.6839560895e+00	
2101	-1.6838697328e+00	
2102	-1.6835655153e+00	
2103	-1.6826697090e+00	
2104	-1.6809774991e+00	
2105	-1.6802623993e+00	
2106	-1.6790719529e+00	
2107	-1.6780926438e+00	
2108	-1.6767585717e+00	
2109	-1.6757113985e+00	
2110	-1.6743318773e+00	
2111	-1.6737180616e+00	
2112	-1.6721754386e+00	
2113	-1.6706254921e+00	
2114	-1.6689068259e+00	
2115	-1.6663132730e+00	
2116	-1.6646588775e+00	
2117	-1.6637955425e+00	
2118	-1.6622239045e+00	
2119	-1.6612738255e+00	
2120	-1.6609660352e+00	
2121	-1.6611170248e+00	
2122	-1.6612323788e+00	
2123	-1.6624344611e+00	
2124	-1.6641542482e+00	
2125	-1.6653649862e+00	
2126	-1.6664731381e+00	
2127	-1.6677955967e+00	
2128	-1.6697933145e+00	
2129	-1.6728614839e+00	
2130	-1.6747733609e+00	
2131	-1.6762655551e+00	
2132	-1.6780406021e+00	
2133	-1.6813592712e+00	
2134	-1.6833282349e+00	
2135	-1.6838670022e+00	
2136	-1.6864703606e+00	
2137	-1.6882646430e+00	
2138	-1.6873748001e+00	
2139	-1.6867095827e+00	
2140	-1.6848301332e+00	
2141	-1.6824584237e+00	
2142	-1.6810880105e+00	
2143	-1.6791792981e+00	
2144	-1.6768680666e+00	
2145	-1.6723370110e+00	
2146	-1.6675098939e+00	
2147	-1.6601138310e+00	
2148	-1.6529597143e+00	
2149	-1.6446477089e+00	
2150	-1.6343635334e+00	
2151	-1.6242114906e+00	
2152	-1.6121641597e+00	
2153	-1.6031982322e+00	
2154	-1.5901941509e+00	
2155	-1.5773651701e+00	
2156	-1.5642618977e+00	
2157	-1.5488223248e+00	
2158	-1.5346760586e+00	
2159	-1.5213056740e+00	
2160	-1.5051939587e+00	
2161	-1.4894472923e+00	
2162	-1.4701390205e+00	
2163	-1.4481817147e+00	
2164	-1.4286312597e+00	
2165	-1.4113072644e+00	
2166	-1.3888740364e+00	
2167	-1.3635179893e+00	
2168	-1.3344152353e+00	
2169	-1.3035563395e+00	
2170	-1.2716030281e+00	
2171	-1.2408469932e+00	
2172	-1.2058696133e+00	
2173	-1.1702970832e+00	
2174	-1.1363476419e+00	
2175	-1.1057711080e+00	
2176	-1.0717136227e+00	
2177	-1.0371940991e+00	
2178	-1.0036407707e+00	
2179	-9.7250431981e-01	
2180	-9.4119913229e-01	
2181	-9.0965324315e-01	
2182	-8.8015893846e-01	
2183	-8.4954000956e-01	
2184	-8.1776309673e-01	
2185	-7.8750203619e-01	
2186	-7.5916375783e-01	
2187	-7.2657767576e-01	
2188	-6.9467363244e-01	
2189	-6.6478660066e-01	
2190	-6.3595182793e-01	
2191	-6.0811879494e-01	
2192	-5.8186829071e-01	
2193	-5.5614784007e-01	
2194	-5.3128925532e-01	
2195	-5.0821627646e-01	
2196	-4.8749714944e-01	
2197	-4.6840347607e-01	
2198	-4.4960523047e-01	
2199	-4.3229467129e-01	
2200	-4.1699282835e-01	
2201	-4.0352392236e-01	
2202	-3.9130755151e-01	
2203	-3.8066740695e-01	
2204	-3.6974360535e-01	
2205	-3.5958889527e-01	
2206	-3.5254153642e-01	
2207	-3.4594668716e-01	
2208	-3.3951374133e-01	
2209	-3.3327728471e-01	
2210	-3.2771152276e-01	
2211	-3.2261725315e-01	
2212	-3.1839781051e-01	
2213	-3.1514400949e-01	
2214	-3.1023469119e-01	
2215	-3.0663197386e-01	
2216	-3.0298030217e-01	
2217	-3.0097477975e-01	
2218	-2.9881274753e-01	
2219	-2.9755000325e-01	
2220	-2.9622209160e-01	
2221	-2.9562462123e-01	
2222	-2.9659276721e-01	
2223	-2.9759516134e-01	
2224	-3.0043004166e-01	
2225	-3.0469827169e-01	
2226	-3.1070171414e-01	
2227	-3.1876234876e-01	
2228	-3.2901272035e-01	
2229	-3.4067521681e-01	
2230	-3.5502768446e-01	
2231	-3.7132584622e-01	
2232	-3.9027319756e-01	
2233	-4.1278137878e-01	
2234	-4.3892044889e-01	
2235	-4.6532634297e-01	
2236	-4.9178957511e-01	
2237	-5.2081498547e-01	
2238	-5.5113053674e-01	
2239	-5.7939491161e-01	
2240	-6.1083674286e-01	
2241	-6.4221554070e-01	
2242	-6.7305864941e-01	
2243	-7.0259953401e-01	
2244	-7.3395278598e-01	
2245	-7.6486409550e-01	
2246	-7.9412357270e-01	
2247	-8.2315472043e-01	
2248	-8.5214468068e-01	
2249	-8.7985528307e-01	
2250	-9.0611675069e-01	
2251	-9.3130028137e-01	
2252	-9.5578251370e-01	
2253	-9.7874003869e-01	
2254	-9.9929674735e-01	
2255	-1.0196105477e+00	
2256	-1.0387738828e+00	
2257	-1.0567976307e+00	
2258	-1.0733461106e+00	
2259	-1.0888390945e+00	
2260	-1.1028585774e+00	
2261	-1.1155134134e+00	
2262	-1.1275774148e+00	
2263	-1.1387419321e+00	
2264	-1.1490545011e+00	
2265	-1.1583471661e+00	
2266	-1.1665996389e+00	
2267	-1.1734516481e+00	
2268	-1.1793649309e+00	
2269	-1.1843586652e+00	
2270	-1.1880697177e+00	
2271	-1.1908557893e+00	
2272	-1.1926276493e+00	
2273	-1.1933050636e+00	
2274	-1.1925485678e+00	
2275	-1.1904850840e+00	
2276	-1.1874082024e+00	
2277	-1.1839828819e+00	
2278	-1.1805126498e+00	
2279	-1.1775779855e+00	
2280	-1.1745860969e+00	
2281	-1.1697518923e+00	
2282	-1.1635004701e+00	
2283	-1.1563837473e+00	
2284	-1.1482769210e+00	
2285	-1.1384557013e+00	
2286	-1.1273420053e+00	
2287	-1.1146796472e+00	
2288	-1.1009340160e+00	
2289	-1.0871205669e+00	
2290	-1.0729842543e+00	
2291	-1.0587328446e+00	
2292	-1.0443351785e+00	
2293	-1.0305488503e+00	
2294	-1.0173102623e+00	
2295	-1.0054975809e+00	
2296	-9.9602779991e-01	
2297	-9.8683877727e-01	
2298	-9.7911262093e-01	
2299	-9.7249046184e-01	
2300	-9.6685411502e-01	
2301	-9.6266977577e-01	
2302	-9.5954296150e-01	
2303	-9.5787020281e-01	
2304	-9.5728481643e-01	
2305	-9.5806024815e-01	
2306	-9.5979664957e-01	
2307	-9.6289329275e-01	
2308	-9.6670360996e-01	
2309	-9.7054481656e-01	
2310	-9.7456317019e-01	
2311	-9.7897546796e-01	
2312	-9.8357663546e-01	
2313	-9.8854134528e-01	
2314	-9.9376498700e-01	
2315	-9.9918292592e-01	
2316	-1.0049233726e+00	
2317	-1.0110505512e+00	
2318	-1.0171645987e+00	
2319	-1.0236150257e+00	
2320	-1.0305282073e+00	
2321	-1.0377966427e+00	
2322	-1.0454066344e+00	
2323	-1.0531727193e+00	
2324	-1.0609356440e+00	
2325	-1.0686968854e+00	
2326	-1.0765483176e+00	
2327	-1.0844076429e+00	
2328	-1.0921478030e+00	
2329	-1.0996769351e+00	
2330	-1.1068972040e+00	
2331	-1.1135736812e+00	
2332	-1.1198892249e+00	
2333	-1.1257852733e+00	
2334	-1.1312475745e+00	
2335	-1.1362375775e+00	
2336	-1.1406092249e+00	
2337	-1.1446586331e+00	
2338	-1.1486245927e+00	
2339	-1.1522467534e+00	
2340	-1.1554547357e+00	
2341	-1.1586176162e+00	
2342	-1.1616081843e+00	
2343	-1.1644287075e+00	
2344	-1.1669943831e+00	
2345	-1.1694768298e+00	
2346	-1.1719287285e+00	
2347	-1.1744425442e+00	
2348	-1.1770590467e+00	
2349	-1.1797929152e+00	
2350	-1.1824837240e+00	
2351	-1.1851048958e+00	
2352	-1.1876700274e+00	
2353	-1.1902689881e+00	
2354	-1.1928848544e+00	
2355	-1.1954682675e+00	
2356	-1.1981690779e+00	
2357	-1.2009689060e+00	
2358	-1.2037674418e+00	
2359	-1.2066132428e+00	
2360	-1.2094556714e+00	
2361	-1.2123066401e+00	
2362	-1.2150497312e+00	
2363	-1.2179588659e+00	
2364	-1.2208712698e+00	
2365	-1.2237515335e+00	
2366	-1.2265921380e+00	
2367	-1.2294840752e+00	
2368	-1.2323071089e+00	
2369	-1.2350886842e+00	
2370	-1.2378207060e+00	
2371	-1.2405380976e+00	
2372	-1.2431649361e+00	
2373	-1.2457356357e+00	
2374	-1.2479828987e+00	
2375	-1.2503519794e+00	
2376	-1.2525128716e+00	
2377	-1.2544892575e+00	
2378	-1.2566209562e+00	
2379	-1.2588208010e+00	
2380	-1.2610544483e+00	
2381	-1.2633325539e+00	
2382	-1.2657899033e+00	
2383	-1.2684196089e+00	
2384	-1.2709216379e+00	
2385	-1.2737005465e+00	
2386	-1.2765093811e+00	
2387	-1.2794614676e+00	
2388	-1.2822880371e+00	
2389	-1.2851331357e+00	
2390	-1.2880196518e+00	
2391	-1.2909380700e+00	
2392	-1.2938557059e+00	
2393	-1.2966456968e+00	
2394	-1.2994239531e+00	
2395	-1.3022662088e+00	
2396	-1.3050647321e+00	
2397	-1.3077654579e+00	
2398	-1.3106002160e+00	
2399	-1.3135951412e+00	
2400	-1.3167010214e+00	
2401	-1.3194815474e+00	
2402	-1.3221129415e+00	
2403	-1.3245885048e+00	
2404	-1.3273162720e+00	
2405	-1.3304431663e+00	
2406	-1.3336877165e+00	
2407	-1.3366340940e+00	
2408	-1.3395162361e+00	
2409	-1.3426719400e+00	
2410	-1.3458477486e+00	
2411	-1.3487000489e+00	
2412	-1.3516286260e+00	
2413	-1.3544943629e+00	
2414	-1.3575948565e+00	
2415	-1.3608582190e+00	
2416	-1.3641278453e+00	
2417	-1.3676654234e+00	
2418	-1.3708065721e+00	
2419	-1.3736342672e+00	
2420	-1.3765199469e+00	
2421	-1.3796180484e+00	
2422	-1.3830368891e+00	
2423	-1.3860884633e+00	
2424	-1.3891945328e+00	
2425	-1.3922168984e+00	
2426	-1.3954024417e+00	
2427	-1.3987065909e+00	
2428	-1.4019488547e+00	
2429	-1.4052043782e+00	
2430	-1.4084845880e+00	
2431	-1.4118077869e+00	
2432	-1.4149165873e+00	
2433	-1.4179948061e+00	
2434	-1.4212190089e+00	
2435	-1.4247056842e+00	
2436	-1.4281276507e+00	
2437	-1.4317332706e+00	
2438	-1.4351708631e+00	
2439	-1.4387533519e+00	
2440	-1.4426834576e+00	
2441	-1.4466621523e+00	
2442	-1.4505430986e+00	
2443	-1.4544847960e+00	
2444	-1.4586555958e+00	
2445	-1.4631512443e+00	
2446	-1.4677261110e+00	
2447	-1.4723206693e+00	
2448	-1.4768620569e+00	
2449	-1.4812699167e+00	
2450	-1.4860726466e+00	
2451	-1.4909172057e+00	
2452	-1.4957190094e+00	
2453	-1.5006504714e+00	
2454	-1.5058084985e+00	
2455	-1.5110315968e+00	
2456	-1.5163491637e+00	
2457	-1.5216256478e+00	
2458	-1.5268324520e+00	
2459	-1.5312524556e+00	
2460	-1.5357020497e+00	
2461	-1.5394186770e+00	
2462	-1.5429227508e+00	
2463	-1.5465326903e+00	
2464	-1.5501991666e+00	
2465	-1.5543748652e+00	
2466	-1.5583584578e+00	
2467	-1.5626727487e+00	
2468	-1.5675171537e+00	
2469	-1.5729306444e+00	
2470	-1.5783634364e+00	
2471	-1.5846483780e+00	
2472	-1.5904649568e+00	
2473	-1.5950331758e+00	
2474	-1.5984894393e+00	
2475	-1.6008246804e+00	
2476	-1.6019550426e+00	
2477	-1.6018262552e+00	
2478	-1.6022107264e+00	
2479	-1.6017185805e+00	
2480	-1.6023056181e+00	
2481	-1.6036519966e+00	
2482	-1.6038683593e+00	
2483	-1.6030125171e+00	
2484	-1.5999906455e+00	
2485	-1.5968360784e+00	
2486	-1.5948202119e+00	
2487	-1.5938486735e+00	
2488	-1.5928313589e+00	
2489	-1.5923878043e+00	
2490	-1.5909597839e+00	
2491	-1.5884490265e+00	
2492	-1.5846066977e+00	
2493	-1.5819958759e+00	
2494	-1.5791251470e+00	
2495	-1.5763055316e+00	
2496	-1.5732381576e+00	
2497	-1.5693172434e+00	
2498	-1.5658497646e+00	
2499	-1.5615095741e+00	
2500	-1.5577911120e+00	
2501	-1.5533215399e+00	
2502	-1.5494645444e+00	
2503	-1.5457261086e+00	
2504	-1.5418789373e+00	
2505	-1.5391008287e+00	
2506	-1.5337692453e+00	
2507	-1.5287298465e+00	
2508	-1.5245746740e+00	
2509	-1.5199300662e+00	
2510	-1.5139877003e+00	
2511	-1.5075368350e+00	
2512	-1.5010486912e+00	
2513	-1.4929127540e+00	
2514	-1.4844037393e+00	
2515	-1.4761217092e+00	
2516	-1.4683930625e+00	
2517	-1.4614711343e+00	
2518	-1.4556753738e+00	
2519	-1.4505692393e+00	
2520	-1.4457298829e+00	
2521	-1.4416837503e+00	
2522	-1.4369117323e+00	
2523	-1.4332698461e+00	
2524	-1.4303218762e+00	
2525	-1.4269740567e+00	
2526	-1.4231505864e+00	
2527	-1.4195630446e+00	
2528	-1.4160789510e+00	
2529	-1.4124512772e+00	
2530	-1.4080877920e+00	
2531	-1.4034203397e+00	
2532	-1.3983535870e+00	
2533	-1.3931467759e+00	
2534	-1.3868590549e+00	
2535	-1.3804238751e+00	
2536	-1.3738046842e+00	
2537	-1.3656720564e+00	
2538	-1.3570012562e+00	
2539	-1.3471670931e+00	
2540	-1.3357544400e+00	
2541	-1.3240886504e+00	
2542	-1.3106064559e+00	
2543	-1.2977509281e+00	
2544	-1.2834642311e+00	
2545	-1.2683104227e+00	
2546	-1.2534261876e+00	
2547	-1.2388971930e+00	
2548	-1.2216751193e+00	
2549	-1.2027026648e+00	
2550	-1.1828663608e+00	
2551	-1.1620422511e+00	
2552	-1.1406281275e+00	
2553	-1.1167132287e+00	
2554	-1.0918745096e+00	
2555	-1.0655942634e+00	
2556	-1.0390710943e+00	
2557	-1.0131261594e+00	
2558	-9.8656122775e-01	
2559	-9.5910376687e-01	
2560	-9.2916725141e-01	
2561	-8.9978472579e-01	
2562	-8.6815474540e-01	
2563	-8.3484194486e-01	
2564	-7.9896632429e-01	
2565	-7.6249506871e-01	
2566	-7.2742114946e-01	
2567	-6.9377530995e-01	
2568	-6.5996335698e-01	
2569	-6.2504853178e-01	
2570	-5.9061364884e-01	
2571	-5.5931773615e-01	
2572	-5.2589407781e-01	
2573	-4.9328658608e-01	
2574	-4.6211087702e-01	
2575	-4.3118067485e-01	
2576	-4.0253422176e-01	
2577	-3.7486129939e-01	
2578	-3.4847637419e-01	
2579	-3.2588485308e-01	
2580	-3.0335418943e-01	
2581	-2.7946315794e-01	
2582	-2.5696783512e-01	
2583	-2.3678720805e-01	
2584	-2.1835396334e-01	
2585	-2.0127135586e-01	
2586	-1.8571393614e-01	
2587	-1.7170669173e-01	
2588	-1.6103777554e-01	
2589	-1.5083919675e-01	
2590	-1.4206231143e-01	
2591	-1.3385275977e-01	
2592	-1.2712450886e-01	
2593	-1.2248966954e-01	
2594	-1.1739122360e-01	
2595	-1.1529320304e-01	
2596	-1.1508671369e-01	
2597	-1.1542503791e-01	
2598	-1.1724666773e-01	
2599	-1.2016792357e-01	
2600	-1.2531999224e-01	
2601	-1.3170341389e-01	
2602	-1.3818338149e-01	
2603	-1.4639400020e-01	
2604	-1.5632254773e-01	
2605	-1.6716698106e-01	
2606	-1.7931062941e-01	
2607	-1.9313594668e-01	
2608	-2.0813392636e-01	
2609	-2.2504642687e-01	
2610	-2.4313770775e-01	
2611	-2.6280578624e-01	
2612	-2.8450506019e-01	
2613	-3.0775753813e-01	
2614	-3.3300966304e-01	
2615	-3.5858510284e-01	
2616	-3.8503978149e-01	
2617	-4.1295083885e-01	
2618	-4.4248611343e-01	
2619	-4.7162454433e-01	
2620	-5.0179678655e-01	
2621	-5.3154844195e-01	
2622	-5.6221145539e-01	
2623	-5.9096923650e-01	
2624	-6.2156352246e-01	
2625	-6.5160553738e-01	
2626	-6.8135698565e-01	
2627	-7.1033075980e-01	
2628	-7.3848082054e-01	
2629	-7.6769554213e-01	
2630	-7.9533818929e-01	
2631	-8.2152702577e-01	
2632	-8.4654332117e-01	
2633	-8.7097591777e-01	
2634	-8.9508478527e-01	
2635	-9.1685209103e-01	
2636	-9.3762018740e-01	
2637	-9.5677155151e-01	
2638	-9.7591112458e-01	
2639	-9.9444651805e-01	
2640	-1.0122625908e+00	
2641	-1.0292340577e+00	
2642	-1.0450989424e+00	
2643	-1.0592951096e+00	
2644	-1.0729503106e+00	
2645	-1.0859428539e+00	
2646	-1.0977397819e+00	
2647	-1.1084227849e+00	
2648	-1.1180220067e+00	
2649	-1.1270973116e+00	
2650	-1.1355214628e+00	
2651	-1.1425855371e+00	
2652	-1.1485545572e+00	
2653	-1.1536759350e+00	
2654	-1.1580733446e+00	
2655	-1.1612356459e+00	
2656	-1.1633856094e+00	
2657	-1.1641693859e+00	
2658	-1.1644821789e+00	
2659	-1.1641808985e+00	
2660	-1.1633722714e+00	
2661	-1.1620512857e+00	
2662	-1.1601162459e+00	
2663	-1.1583927199e+00	
2664	-1.1564789487e+00	
2665	-1.1538211225e+00	
2666	-1.1502552164e+00	
2667	-1.1459938768e+00	
2668	-1.1406437951e+00	
2669	-1.1350765460e+00	
2670	-1.1292960541e+00	
2671	-1.1230050081e+00	
2672	-1.1162637923e+00	
2673	-1.1093867122e+00	
2674	-1.1020852627e+00	
2675	-1.0951178000e+00	
2676	-1.0882665441e+00	
2677	-1.0816862631e+00	
2678	-1.0759690861e+00	
2679	-1.0709166219e+00	
2680	-1.0664353301e+00	
2681	-1.0626896512e+00	
2682	-1.0595648295e+00	
2683	-1.0567537299e+00	
2684	-1.0550332245e+00	
2685	-1.0537389249e+00	
2686	-1.0527176870e+00	
2687	-1.0524525092e+00	
2688	-1.0526941731e+00	
2689	-1.0534209743e+00	
2690	-1.0546552960e+00	
2691	-1.0560587303e+00	
2692	-1.0577686869e+00	
2693	-1.0598761024e+00	
2694	-1.0620096586e+00	
2695	-1.0645000797e+00	
2696	-1.0670677134e+00	
2697	-1.0696787391e+00	
2698	-1.0726316430e+00	
2699	-1.0757102082e+00	
2700	-1.0789477892e+00	
2701	-1.0825782558e+00	
2702	-1.0864205621e+00	
2703	-1.0905143856e+00	
2704	-1.0947830016e+00	
2705	-1.0992262369e+00	
2706	-1.1035501486e+00	
2707	-1.1081001988e+00	
2708	-1.1127001016e+00	
2709	-1.1173406249e+00	
2710	-1.1220898153e+00	
2711	-1.1269738238e+00	
2712	-1.1318366998e+00	
2713	-1.1365281703e+00	
2714	-1.1410858440e+00	
2715	-1.1454353485e+00	
2716	-1.1496252263e+00	
2717	-1.1536882181e+00	
2718	-1.1576457223e+00	
2719	-1.1614402165e+00	
2720	-1.1650649387e+00	
2721	-1.1684799653e+00	
2722	-1.1719130626e+00	
2723	-1.1751493170e+00	
2724	-1.1781616567e+00	
2725	-1.1809667130e+00	
2726	-1.1835686155e+00	
2727	-1.1861260623e+00	
2728	-1.1886239864e+00	
2729	-1.1910553877e+00	
2730	-1.1934264866e+00	
2731	-1.1957436662e+00	
2732	-1.1980161407e+00	
2733	-1.2002947186e+00	
2734	-1.2024680518e+00	
2735	-1.2045445265e+00	
2736	-1.2066624565e+00	
2737	-1.2087985630e+00	
2738	-1.2107946652e+00	
2739	-1.2128670166e+00	
2740	-1.2149261153e+00	
2741	-1.2169979416e+00	
2742	-1.2190292777e+00	
2743	-1.2210441884e+00	
2744	-1.2230443688e+00	
2745	-1.2250719055e+00	
2746	-1.2270428604e+00	
2747	-1.2288626340e+00	
2748	-1.2306252763e+00	
2749	-1.2323159831e+00	
2750	-1.2341365007e+00	
2751	-1.2361024184e+00	
2752	-1.2378986585e+00	
2753	-1.2400157275e+00	
2754	-1.2422620540e+00	
2755	-1.2446194289e+00	
2756	-1.2469404840e+00	
2757	-1.2493673215e+00	
2758	-1.2520241205e+00	
2759	-1.2545486098e+00	
2760	-1.2571237357e+00	
2761	-1.2596433233e+00	
2762	-1.2620619166e+00	
2763	-1.2648336727e+00	
2764	-1.2674475279e+00	
2765	-1.2701015712e+00	
2766	-1.2728074567e+00	
2767	-1.2756117820e+00	
2768	-1.2784287472e+00	
2769	-1.2811403352e+00	
2770	-1.2838319829e+00	
2771	-1.2865289932e+00	
2772	-1.2890828456e+00	
2773	-1.2918801624e+00	
2774	-1.2947595770e+00	
2775	-1.2973274486e+00	
2776	-1.2995853705e+00	
2777	-1.3018694500e+00	
2778	-1.3043819161e+00	
2779	-1.3072403303e+00	
2780	-1.3096768948e+00	
2781	-1.3125270805e+00	
2782	-1.3150404282e+00	
2783	-1.3177167779e+00	
2784	-1.3199274538e+00	
2785	-1.3224633336e+00	
2786	-1.3249296907e+00	
2787	-1.3274987540e+00	
2788	-1.3301122555e+00	
2789	-1.3330464185e+00	
2790	-1.3362858854e+00	
2791	-1.3391027239e+00	
2792	-1.3414799132e+00	
2793	-1.3441238583e+00	
2794	-1.3470158751e+00	
2795	-1.3502314724e+00	
2796	-1.3533981229e+00	
2797	-1.3563919473e+00	
2798	-1.3596445383e+00	
2799	-1.3626677210e+00	
2800	-1.3653877814e+00	
2801	-1.3685140650e+00	
2802	-1.3717210034e+00	
2803	-1.3750898188e+00	
2804	-1.3783849890e+00	
2805	-1.3815517093e+00	
2806	-1.3846494355e+00	
2807	-1.3878502642e+00	
2808	-1.3912340240e+00	
2809	-1.3948934436e+00	
2810	-1.3985535147e+00	
2811	-1.4020123338e+00	
2812	-1.4054844466e+00	
2813	-1.4093016193e+00	
2814	-1.4133660008e+00	
2815	-1.4173861340e+00	
2816	-1.4218771831e+00	
2817	-1.4265201384e+00	
2818	-1.4311598553e+00	
2819	-1.4359293803e+00	
2820	-1.4408712728e+00	
2821	-1.4457758708e+00	
2822	-1.4510297116e+00	
2823	-1.4564955327e+00	
2824	-1.4620052241e+00	
2825	-1.4678286655e+00	
2826	-1.4737706221e+00	
2827	-1.4801322112e+00	
2828	-1.4864213475e+00	
2829	-1.4930430134e+00	
2830	-1.4996521219e+00	
2831	-1.5061863294e+00	
2832	-1.5125239466e+00	
2833	-1.5189348020e+00	
2834	-1.5246990351e+00	
2835	-1.5300884322e+00	
2836	-1.5351696047e+00	
2837	-1.5402500311e+00	
2838	-1.5456287130e+00	
2839	-1.5514855941e+00	
2840	-1.5584114250e+00	
2841	-1.5657375123e+00	
2842	-1.5727186000e+00	
2843	-1.5794748071e+00	
2844	-1.5870321850e+00	
2845	-1.5953126461e+00	
2846	-1.6029383535e+00	
2847	-1.6088634967e+00	
2848	-1.6117746270e+00	
2849	-1.6148006371e+00	
2850	-1.6175025665e+00	
2851	-1.6186671982e+00	
2852	-1.6196457244e+00	
2853	-1.6215418937e+00	
2854	-1.6249417820e+00	
2855	-1.6293954474e+00	
2856	-1.6282868382e+00	
2857	-1.6275912351e+00	
2858	-1.6261457429e+00	
2859	-1.6256666609e+00	
2860	-1.6252177185e+00	
2861	-1.6250179227e+00	
2862	-1.6243107044e+00	
2863	-1.6235575057e+00	
2864	-1.6219266794e+00	
2865	-1.6196163678e+00	
2866	-1.6174284275e+00	
2867	-1.6160284954e+00	
2868	-1.6140880460e+00	
2869	-1.6122148375e+00	
2870	-1.6097136319e+00	
2871	-1.6077608847e+00	
2872	-1.6040918784e+00	
2873	-1.6009757344e+00	
2874	-1.5967259039e+00	
2875	-1.5934763092e+00	
2876	-1.5892436173e+00	
2877	-1.5862178153e+00	
2878	-1.5824880605e+00	
2879	-1.5790359350e+00	
2880	-1.5750847674e+00	
2881	-1.5702690398e+00	
2882	-1.5650598882e+00	
2883	-1.5599998796e+00	
2884	-1.5533889063e+00	
2885	-1.5460901213e+00	
2886	-1.5394130653e+00	
2887	-1.5328695037e+00	
2888	-1.5262696839e+00	
2889	-1.5202931574e+00	
2890	-1.5149116820e+00	
2891	-1.5097096453e+00	
2892	-1.5057233294e+00	
2893	-1.5019746122e+00	
2894	-1.4986176246e+00	
2895	-1.4959397680e+00	
2896	-1.4939470037e+00	
2897	-1.4914777603e+00	
2898	-1.4883159726e+00	
2899	-1.4850026133e+00	
2900	-1.4810313155e+00	
2901	-1.4769943308e+00	
2902	-1.4734636618e+00	
2903	-1.4696012196e+00	
2904	-1.4649732816e+00	
2905	-1.4586540824e+00	
2906	-1.4526372641e+00	
2907	-1.4468637785e+00	
2908	-1.4386702223e+00	
2909	-1.4301956882e+00	
2910	-1.4208634556e+00	
2911	-1.4097086404e+00	
2912	-1.3977336949e+00	
2913	-1.3839937967e+00	
2914	-1.3689858244e+00	
2915	-1.3530900419e+00	
2916	-1.3362472877e+00	
2917	-1.3203669979e+00	
2918	-1.3045843091e+00	
2919	-1.2849679510e+00	
2920	-1.2646088065e+00	
2921	-1.2429663801e+00	
2922	-1.2209521536e+00	
2923	-1.1965851657e+00	
2924	-1.1756129801e+00	
2925	-1.1515628604e+00	
2926	-1.1281316437e+00	
2927	-1.1015496581e+00	
2928	-1.0772950095e+00	
2929	-1.0540572382e+00	
2930	-1.0316182592e+00	
2931	-1.0076485600e+00	
2932	-9.8181958647e-01	
2933	-9.5608909081e-01	
2934	-9.2609029467e-01	
2935	-8.9373414160e-01	
2936	-8.6547749530e-01	
2937	-8.3390860356e-01	
2938	-8.0367461986e-01	
2939	-7.7352702406e-01	
2940	-7.4325535975e-01	
2941	-7.1445969834e-01	
2942	-6.8464138618e-01	
2943	-6.5644204172e-01	
2944	-6.2839379183e-01	
2945	-6.0176383444e-01	
2946	-5.7521118303e-01	
2947	-5.4743838649e-01	
2948	-5.2351641330e-01	
2949	-4.9941083350e-01	
2950	-4.7571312018e-01	
2951	-4.5301239902e-01	
2952	-4.3140622833e-01	
2953	-4.1038679042e-01	
2954	-3.8942796492e-01	
2955	-3.6949333362e-01	
2956	-3.5155930012e-01	
2957	-3.3492795505e-01	
2958	-3.1978846748e-01	
2959	-3.0323261634e-01	
2960	-2.8892228737e-01	
2961	-2.7554769701e-01	
2962	-2.6251653705e-01	
2963	-2.5087422065e-01	
2964	-2.4022452442e-01	
2965	-2.3039418234e-01	
2966	-2.2142160307e-01	
2967	-2.1413904161e-01	
2968	-2.0782308967e-01	
2969	-2.0289906596e-01	
2970	-1.9877124255e-01	
2971	-1.9610847315e-01	
2972	-1.9397445072e-01	
2973	-1.9271883697e-01	
2974	-1.9249778379e-01	
2975	-1.9296653351e-01	
2976	-1.9627997030e-01	
2977	-1.9999420667e-01	
2978	-2.0593125140e-01	
2979	-2.1368324299e-01	
2980	-2.2223925697e-01	
2981	-2.3331987610e-01	
2982	-2.4633320154e-01	
2983	-2.6062227131e-01	
2984	-2.7704045483e-01	
2985	-2.9593608596e-01	
2986	-3.1735004507e-01	
2987	-3.4118798142e-01	
2988	-3.6796255408e-01	
2989	-3.9610417446e-01	
2990	-4.2453324398e-01	
2991	-4.5261173193e-01	
2992	-4.8109371205e-01	
2993	-5.1199183041e-01	
2994	-5.3942742559e-01	
2995	-5.6826126737e-01	
2996	-5.9873082317e-01	
2997	-6.2663161782e-01	
2998	-6.5326547922e-01	
2999	-6.8125312083e-01	
3000	-7.0875218097e-01	
3001	-7.3592280081e-01	
3002	-7.6141199174e-01	
3003	-7.8828087569e-01	
3004	-8.1425657582e-01	
3005	-8.3912919949e-01	
3006	-8.6214310224e-01	
3007	-8.8552121984e-01	
3008	-9.0775688754e-01	
3009	-9.2831408793e-01	
3010	-9.4798441727e-01	
3011	-9.6677316069e-01	
3012	-9.8487910039e-01	
3013	-1.0022257093e+00	
3014	-1.0186548186e+00	
3015	-1.0352112262e+00	
3016	-1.0508062000e+00	
3017	-1.0652572446e+00	
3018	-1.0778440607e+00	
3019	-1.0898519906e+00	
3020	-1.1009276077e+00	
3021	-1.1113007081e+00	
3022	-1.1207021829e+00	
3023	-1.1297477279e+00	
3024	-1.1380514484e+00	
3025	-1.1452135408e+00	
3026	-1.1515448479e+00	
3027	-1.1567929064e+00	
3028	-1.1614487114e+00	
3029	-1.1650964546e+00	
3030	-1.1677057978e+00	
3031	-1.1695040295e+00	
3032	-1.1703469266e+00	
3033	-1.1707470083e+00	
3034	-1.1701488683e+00	
3035	-1.1693169619e+00	
3036	-1.1679854114e+00	
3037	-1.1661331842e+00	
3038	-1.1638877511e+00	
3039	-1.1614899835e+00	
3040	-1.1589355832e+00	
3041	-1.1561073455e+00	
3042	-1.1530753507e+00	
3043	-1.1496833110e+00	
3044	-1.1461543266e+00	
3045	-1.1427451053e+00	
3046	-1.1394986468e+00	
3047	-1.1362560864e+00	
3048	-1.1332359643e+00	
3049	-1.1300731881e+00	
3050	-1.1275919703e+00	
3051	-1.1254728904e+00	
3052	-1.1236152791e+00	
3053	-1.1221615887e+00	
3054	-1.1205799608e+00	
3055	-1.1192733425e+00	
3056	-1.1184559464e+00	
3057	-1.1180260793e+00	
3058	-1.1180583604e+00	
3059	-1.1182947554e+00	
3060	-1.1187213829e+00	
3061	-1.1196265540e+00	
3062	-1.1207093234e+00	
3063	-1.1220401150e+00	
3064	-1.1237617369e+00	
3065	-1.1260135397e+00	
3066	-1.1282505963e+00	
3067	-1.1309561873e+00	
3068	-1.1337221021e+00	
3069	-1.1365243673e+00	
3070	-1.1394570159e+00	
3071	-1.1426211920e+00	
3072	-1.1458976244e+00	
3073	-1.1494108038e+00	
3074	-1.1531953536e+00	
3075	-1.1573539605e+00	
3076	-1.1615716104e+00	
3077	-1.1658274008e+00	
3078	-1.1701269055e+00	
3079	-1.1744097739e+00	
3080	-1.1787141294e+00	
3081	-1.1830983807e+00	
3082	-1.1874550960e+00	
3083	-1.1916255919e+00	
3084	-1.1956811701e+00	
3085	-1.1997028557e+00	
3086	-1.2035624484e+00	
3087	-1.2073733020e+00	
3088	-1.2111054955e+00	
3089	-1.2146652673e+00	
3090	-1.2180842051e+00	
3091	-1.2213973678e+00	
3092	-1.2246302339e+00	
3093	-1.2277474741e+00	
3094	-1.2306901134e+00	
3095	-1.2335319084e+00	
3096	-1.2363148894e+00	
3097	-1.2389718539e+00	
3098	-1.2415651170e+00	
3099	-1.2442160961e+00	
3100	-1.2468415681e+00	
3101	-1.2494543269e+00	
3102	-1.2520090310e+00	
3103	-1.2545223086e+00	
3104	-1.2569307504e+00	
3105	-1.2593013617e+00	
3106	-1.2616690548e+00	
3107	-1.2639378404e+00	
3108	-1.2661807634e+00	
3109	-1.2685438002e+00	
3110	-1.2708822390e+00	
3111	-1.2732548980e+00	
3112	-1.2756322192e+00	
3113	-1.2778975193e+00	
3114	-1.2801633760e+00	
3115	-1.2824440827e+00	
3116	-1.2847515778e+00	
3117	-1.2870490129e+00	
3118	-1.2893138528e+00	
3119	-1.2913989371e+00	
3120	-1.2935903169e+00	
3121	-1.2956722119e+00	
3122	-1.2976768256e+00	
3123	-1.2996307688e+00	
3124	-1.3014842050e+00	
3125	-1.3032271594e+00	
3126	-1.3048844240e+00	
3127	-1.3064487322e+00	
3128	-1.3078238713e+00	
3129	-1.3088786409e+00	
3130	-1.3100474903e+00	
3131	-1.3113351553e+00	
3132	-1.3128054010e+00	
3133	-1.3142609521e+00	
3134	-1.3157956471e+00	
3135	-1.3174919724e+00	
3136	-1.3191453277e+00	
3137	-1.3206538413e+00	
3138	-1.3222752130e+00	
3139	-1.3236287560e+00	
3140	-1.3253820038e+00	
3141	-1.3272395161e+00	
3142	-1.3288167368e+00	
3143	-1.3304198470e+00	
3144	-1.3321529169e+00	
3145	-1.3338491315e+00	
3146	-1.3353742174e+00	
3147	-1.3368492847e+00	
3148	-1.3381776482e+00	
3149	-1.3398849489e+00	
3150	-1.3415207434e+00	
3151	-1.3434037239e+00	
3152	-1.3453906484e+00	
3153	-1.3474493278e+00	
3154	-1.3492768308e+00	
3155	-1.3512771378e+00	
3156	-1.3535821302e+00	
3157	-1.3559276758e+00	
3158	-1.3580330279e+00	
3159	-1.3597016163e+00	
3160	-1.3616120854e+00	
3161	-1.3640036703e+00	
3162	-1.3662090810e+00	
3163	-1.3685914655e+00	
3164	-1.3708126537e+00	
3165	-1.3730426186e+00	
3166	-1.3753702017e+00	
3167	-1.3777292296e+00	
3168	-1.3801919623e+00	
3169	-1.3830816456e+00	
3170	-1.3857149234e+00	
3171	-1.3880525613e+00	
3172	-1.3903673539e+00	
3173	-1.3932729917e+00	
3174	-1.3967325940e+00	
3175	-1.3997203498e+00	
3176	-1.4025382248e+00	
3177	-1.4052414866e+00	
3178	-1.4084124442e+00	
3179	-1.4116510575e+00	
3180	-1.4150520715e+00	
3181	-1.4186949885e+00	
3182	-1.4222861337e+00	
3183	-1.4258422450e+00	
3184	-1.4294948093e+00	
3185	-1.4336957211e+00	
3186	-1.4383475266e+00	
3187	-1.4430765922e+00	
3188	-1.4477090158e+00	
3189	-1.4522014268e+00	
3190	-1.4565846582e+00	
3191	-1.4615310453e+00	
3192	-1.4666678025e+00	
3193	-1.4721286186e+00	
3194	-1.4773323720e+00	
3195	-1.4823199279e+00	
3196	-1.4874532348e+00	
3197	-1.4927682963e+00	
3198	-1.4981991053e+00	
3199	-1.5037181211e+00	
3200	-1.5094992525e+00	
3201	-1.5159245695e+00	
3202	-1.5222388160e+00	
3203	-1.5284710855e+00	
3204	-1.5350803318e+00	
3205	-1.5418182578e+00	
3206	-1.5479609861e+00	
3207	-1.5539078287e+00	
3208	-1.5603524641e+00	
3209	-1.5668791338e+00	
3210	-1.5737718250e+00	
3211	-1.5806856156e+00	
3212	-1.5886177245e+00	
3213	-1.5963989198e+00	
3214	-1.6035080480e+00	
3215	-1.6114337292e+00	
3216	-1.6202132643e+00	
3217	-1.6294811235e+00	
3218	-1.6373642093e+00	
3219	-1.6450045769e+00	
3220	-1.6508593979e+00	
3221	-1.6563873929e+00	
3222	-1.6597234775e+00	
3223	-1.6631784669e+00	
3224	-1.6658238897e+00	
3225	-1.6704310164e+00	
3226	-1.6760561846e+00	
3227	-1.6826479243e+00	
3228	-1.6840623672e+00	
3229	-1.6860604839e+00	
3230	-1.6878524364e+00	
3231	-1.6894077332e+00	
3232	-1.6912339905e+00	
3233	-1.6935454929e+00	
3234	-1.6956328626e+00	
3235	-1.6975924764e+00	
3236	-1.6990772690e+00	
3237	-1.6991761338e+00	
3238	-1.6996368658e+00	
3239	-1.7007087288e+00	
3240	-1.7022811475e+00	
3241	-1.7027291592e+00	
3242	-1.7033908200e+00	
3243	-1.7036099387e+00	
3244	-1.7039170210e+00	
3245	-1.7033163868e+00	
3246	-1.7025246364e+00	
3247	-1.7006035299e+00	
3248	-1.6992620732e+00	
3249	-1.6979434920e+00	
3250	-1.6960287996e+00	
3251	-1.6942893572e+00	
3252	-1.6916953957e+00	
3253	-1.6897867755e+00	
3254	-1.6874167931e+00	
3255	-1.6840547027e+00	
3256	-1.6795103498e+00	
3257	-1.6745871626e+00	
3258	-1.6703120765e+00	
3259	-1.6665636892e+00	
3260	-1.6621421105e+00	
3261	-1.6575919705e+00	
3262	-1.6538649673e+00	
3263	-1.6512077748e+00	
3264	-1.6492394806e+00	
3265	-1.6474686116e+00	
3266	-1.6466382247e+00	
3267	-1.6454760604e+00	
3268	-1.6446010176e+00	
3269	-1.6441722163e+00	
3270	-1.6439000774e+00	
3271	-1.6439143147e+00	
3272	-1.6438440795e+00	
3273	-1.6444029048e+00	
3274	-1.6436070024e+00	
3275	-1.6415418822e+00	
3276	-1.6403774938e+00	
3277	-1.6387532131e+00	
3278	-1.6352578248e+00	
3279	-1.6321018144e+00	
3280	-1.6271810135e+00	
3281	-1.6217678566e+00	
3282	-1.6151033330e+00	
3283	-1.6084301351e+00	
3284	-1.6015651629e+00	
3285	-1.5905492718e+00	
3286	-1.5807636902e+00	
3287	-1.5691618022e+00	
3288	-1.5556513724e+00	
3289	-1.5384923914e+00	
3290	-1.5206407852e+00	
3291	-1.5054810189e+00	
3292	-1.4905177612e+00	
3293	-1.4714307475e+00	
3294	-1.4516102381e+00	
3295	-1.4322284573e+00	
3296	-1.4094375870e+00	
3297	-1.3848628002e+00	
3298	-1.3563824573e+00	
3299	-1.3311824178e+00	
3300	-1.3037735629e+00	
3301	-1.2739370701e+00	
3302	-1.2469566204e+00	
3303	-1.2208842684e+00	
3304	-1.1898145134e+00	
3305	-1.1593527422e+00	
3306	-1.1291699292e+00	
3307	-1.0946655758e+00	
3308	-1.0643240091e+00	
3309	-1.0317452032e+00	
3310	-9.9919289470e-01	
3311	-9.6728731023e-01	
3312	-9.3948235416e-01	
3313	-9.0925048607e-01	
3314	-8.8103296996e-01	
3315	-8.5253192607e-01	
3316	-8.2381658196e-01	
3317	-7.9710934910e-01	
3318	-7.6969984079e-01	
3319	-7.4196690616e-01	
3320	-7.1494086008e-01	
3321	-6.8959465506e-01	
3322	-6.6280576272e-01	
3323	-6.3639963902e-01	
3324	-6.1181331259e-01	
3325	-5.8766911198e-01	
3326	-5.6464603389e-01	
3327	-5.4305469017e-01	
3328	-5.2124416654e-01	
3329	-5.0150071581e-01	
3330	-4.7922298065e-01	
3331	-4.6038137342e-01	
3332	-4.4259792430e-01	
3333	-4.2724084203e-01	
3334	-4.1166524792e-01	
3335	-3.9711466849e-01	
3336	-3.8429292832e-01	
3337	-3.7322692366e-01	
3338	-3.6263061181e-01	
3339	-3.5343799188e-01	
3340	-3.4361538965e-01	
3341	-3.3636152074e-01	
3342	-3.2873568783e-01	
3343	-3.2096997913e-01	
3344	-3.1394539774e-01	
3345	-3.0682708172e-01	
3346	-3.0082191910e-01	
3347	-2.9555965169e-01	
3348	-2.9057319159e-01	
3349	-2.8515579517e-01	
3350	-2.8196398461e-01	
3351	-2.7955713683e-01	
3352	-2.7711518140e-01	
3353	-2.7579128931e-01	
3354	-2.7542756993e-01	
3355	-2.7611775797e-01	
3356	-2.7777109494e-01	
3357	-2.8059955985e-01	
3358	-2.8536224153e-01	
3359	-2.9169037798e-01	
3360	-3.0045695323e-01	
3361	-3.1126298953e-01	
3362	-3.2333232551e-01	
3363	-3.3726874225e-01	
3364	-3.5380520416e-01	
3365	-3.7276204382e-01	
3366	-3.9521214794e-01	
3367	-4.2002610617e-01	
3368	-4.4363653967e-01	
3369	-4.6931485604e-01	
3370	-4.9773929246e-01	
3371	-5.2642494545e-01	
3372	-5.5407278904e-01	
3373	-5.8446901107e-01	
3374	-6.1542662721e-01	
3375	-6.4510647737e-01	
3376	-6.7516287247e-01	
3377	-7.0641664297e-01	
3378	-7.3773910665e-01	
3379	-7.6669256533e-01	
3380	-7.9579881625e-01	
3381	-8.2533404576e-01	
3382	-8.5367142504e-01	
3383	-8.8008785783e-01	
3384	-9.0596273820e-01	
3385	-9.3101916770e-01	
3386	-9.5496296051e-01	
3387	-9.7709086818e-01	
3388	-9.9767772386e-01	
3389	-1.0167896232e+00	
3390	-1.0339167909e+00	
3391	-1.0506867377e+00	
3392	-1.0665990329e+00	
3393	-1.0818388403e+00	
3394	-1.0958420568e+00	
3395	-1.1084076072e+00	
3396	-1.1201372808e+00	
3397	-1.1307865806e+00	
3398	-1.1407038300e+00	
3399	-1.1491396101e+00	
3400	-1.1564363752e+00	
3401	-1.1630363924e+00	
3402	-1.1690248134e+00	
3403	-1.1735716658e+00	
3404	-1.1770348011e+00	
3405	-1.1797184308e+00	
3406	-1.1816517834e+00	
3407	-1.1816175726e+00	
3408	-1.1804114256e+00	
3409	-1.1779273885e+00	
3410	-1.1746043258e+00	
3411	-1.1717892308e+00	
3412	-1.1688871145e+00	
3413	-1.1662356859e+00	
3414	-1.1619336428e+00	
3415	-1.1559454978e+00	
3416	-1.1493653445e+00	
3417	-1.1417069149e+00	
3418	-1.1325386060e+00	
3419	-1.1221760989e+00	
3420	-1.1104896844e+00	
3421	-1.0971498107e+00	
3422	-1.0836723213e+00	
3423	-1.0699410720e+00	
3424	-1.0562056860e+00	
3425	-1.0422945856e+00	
3426	-1.0289923554e+00	
3427	-1.0167022661e+00	
3428	-1.0054554535e+00	
3429	-9.9561840854e-01	
3430	-9.8711343530e-01	
3431	-9.7940506253e-01	
3432	-9.7305637109e-01	
3433	-9.6780224147e-01	
3434	-9.6366879138e-01	
3435	-9.6099816239e-01	
3436	-9.5960506543e-01	
3437	-9.5940529453e-01	
3438	-9.6046762407e-01	
3439	-9.6259403868e-01	
3440	-9.6604582573e-01	
3441	-9.6995280686e-01	
3442	-9.7394149069e-01	
3443	-9.7826244122e-01	
3444	-9.8287089149e-01	
3445	-9.8774068148e-01	
3446	-9.9287419176e-01	
3447	-9.9826304619e-01	
3448	-1.0039209938e+00	
3449	-1.0098798539e+00	
3450	-1.0160629560e+00	
3451	-1.0225497043e+00	
3452	-1.0293260767e+00	
3453	-1.0363754072e+00	
3454	-1.0436712302e+00	
3455	-1.0514401207e+00	
3456	-1.0591807638e+00	
3457	-1.0669969724e+00	
3458	-1.0747877381e+00	
3459	-1.0825802762e+00	
3460	-1.0903243302e+00	
3461	-1.0980050011e+00	
3462	-1.1050838134e+00	
3463	-1.1117921340e+00	
3464	-1.1182846182e+00	
3465	-1.1244331541e+00	
3466	-1.1300323957e+00	
3467	-1.1351309436e+00	
3468	-1.1396893039e+00	
3469	-1.1435674736e+00	
3470	-1.1470804389e+00	
3471	-1.1506418205e+00	
3472	-1.1537761880e+00	
3473	-1.1567288160e+00	
3474	-1.1596307592e+00	
3475	-1.1623068402e+00	
3476	-1.1648476945e+00	
3477	-1.1671725646e+00	
3478	-1.1693801956e+00	
3479	-1.1715675252e+00	
3480	-1.1738851874e+00	
3481	-1.1762405232e+00	
3482	-1.1787537274e+00	
3483	-1.1812298045e+00	
3484	-1.1836042226e+00	
3485	-1.1858767198e+00	
3486	-1.1882086356e+00	
3487	-1.1905985512e+00	
3488	-1.1930365392e+00	
3489	-1.1954548740e+00	
3490	-1.1979742072e+00	
3491	-1.2005437186e+00	
3492	-1.2031235162e+00	
3493	-1.2057348657e+00	
3494	-1.2083647465e+00	
3495	-1.2110240470e+00	
3496	-1.2137360426e+00	
3497	-1.2163593538e+00	
3498	-1.2191455311e+00	
3499	-1.2219450449e+00	
3500	-1.2247785319e+00	
3501	-1.2276441111e+00	
3502	-1.2304230812e+00	
3503	-1.2331475283e+00	
3504	-1.2358342037e+00	
3505	-1.2384989042e+00	
3506	-1.2410697941e+00	
3507	-1.2435001570e+00	
3508	-1.2459631986e+00	
3509	-1.2483072438e+00	
3510	-1.2505877972e+00	
3511	-1.2527116267e+00	
3512	-1.2546303276e+00	
3513	-1.2564996878e+00	
3514	-1.2583437493e+00	
3515	-1.2603034227e+00	
3516	-1.2623020186e+00	
3517	-1.2642759679e+00	
3518	-1.2665226913e+00	
3519	-1.2690815640e+00	
3520	-1.2716938994e+00	
3521	-1.2742499111e+00	
3522	-1.2769110126e+00	
3523	-1.2796101855e+00	
3524	-1.2822448089e+00	
3525	-1.2848721881e+00	
3526	-1.2875330783e+00	
3527	-1.2901058419e+00	
3528	-1.2928158777e+00	
3529	-1.2955716266e+00	
3530	-1.2981537393e+00	
3531	-1.3006631727e+00	
3532	-1.3029286894e+00	
3533	-1.3056525728e+00	
3534	-1.3086197106e+00	
3535	-1.3113310718e+00	
3536	-1.3141598191e+00	
3537	-1.3169751302e+00	
3538	-1.3198325744e+00	
3539	-1.3228753715e+00	
3540	-1.3256487357e+00	
3541	-1.3284484509e+00	
3542	-1.3314062268e+00	
3543	-1.3343893305e+00	
3544	-1.3374479987e+00	
3545	-1.3405879959e+00	
3546	-1.3440023031e+00	
3547	-1.3471130334e+00	
3548	-1.3500912767e+00	
3549	-1.3529215371e+00	
3550	-1.3560921293e+00	
3551	-1.3596626051e+00	
3552	-1.3631279091e+00	
3553	-1.3664832874e+00	
3554	-1.3699580634e+00	
3555	-1.3736501920e+00	
3556	-1.3769390394e+00	
3557	-1.3803516749e+00	
3558	-1.3839232867e+00	
3559	-1.3874846631e+00	
3560	-1.3910894260e+00	
3561	-1.3949446848e+00	
3562	-1.3987048860e+00	
3563	-1.4024660506e+00	
3564	-1.4059857283e+00	
3565	-1.4096961281e+00	
3566	-1.4138583598e+00	
3567	-1.4179016290e+00	
3568	-1.4219452666e+00	
3569	-1.4261082456e+00	
3570	-1.4302074414e+00	
3571	-1.4343504921e+00	
3572	-1.4385160603e+00	
3573	-1.4429500347e+00	
3574	-1.4477022656e+00	
3575	-1.4525466586e+00	
3576	-1.4574915640e+00	
3577	-1.4624931816e+00	
3578	-1.4675180324e+00	
3579	-1.4727036772e+00	
3580	-1.4777407906e+00	
3581	-1.4830835128e+00	
3582	-1.4886087092e+00	
3583	-1.4940594959e+00	
3584	-1.4996075567e+00	
3585	-1.5051568943e+00	
3586	-1.5111706041e+00	
3587	-1.5170449047e+00	
3588	-1.5230900408e+00	
3589	-1.5292247318e+00	
3590	-1.5349495457e+00	
3591	-1.5403894571e+00	
3592	-1.5454315480e+00	
3593	-1.5498119458e+00	
3594	-1.5538353131e+00	
3595	-1.5580895379e+00	
3596	-1.5621660307e+00	
3597	-1.5668565519e+00	
3598	-1.5714521928e+00	
3599	-1.5768038279e+00	
3600	-1.5827041719e+00	
3601	-1.5887608029e+00	
3602	-1.5949404540e+00	
3603	-1.6016918340e+00	
3604	-1.6079459805e+00	
3605	-1.6141902560e+00	
3606	-1.6181522073e+00	
3607	-1.6209949227e+00	
3608	-1.6229222715e+00	
3609	-1.6240620112e+00	
3610	-1.6252259383e+00	
3611	-1.6257091958e+00	
3612	-1.6266780368e+00	
3613	-1.6297115715e+00	
3614	-1.6321293249e+00	
3615	-1.6329975963e+00	
3616	-1.6318294185e+00	
3617	-1.6302645956e+00	
3618	-1.6295040971e+00	
3619	-1.6291345634e+00	
3620	-1.6290238266e+00	
3621	-1.6289743740e+00	
3622	-1.6283073913e+00	
3623	-1.6267514705e+00	
3624	-1.6247268399e+00	
3625	-1.6229251584e+00	
3626	-1.6217824454e+00	
3627	-1.6214493704e+00	
3628	-1.6203190963e+00	
3629	-1.6174983972e+00	
3630	-1.6154117044e+00	
3631	-1.6125364383e+00	
3632	-1.6092878221e+00	
3633	-1.6057367074e+00	
3634	-1.6022983176e+00	
3635	-1.5993572584e+00	
3636	-1.5941398523e+00	
3637	-1.5911451903e+00	
3638	-1.5873068901e+00	
3639	-1.5836339463e+00	
3640	-1.5802553670e+00	
3641	-1.5760803918e+00	
3642	-1.5717625713e+00	
3643	-1.5664006512e+00	
3644	-1.5606155509e+00	
3645	-1.5537439732e+00	
3646	-1.5475280781e+00	
3647	-1.5414795962e+00	
3648	-1.5358978451e+00	
3649	-1.5305067771e+00	
3650	-1.5264095262e+00	
3651	-1.5236484819e+00	
3652	-1.5208331711e+00	
3653	-1.5188401439e+00	
3654	-1.5166869370e+00	
3655	-1.5145696420e+00	
3656	-1.5133059886e+00	
3657	-1.5124025109e+00	
3658	-1.5110424897e+00	
3659	-1.5092624740e+00	
3660	-1.5075790409e+00	
3661	-1.5058832187e+00	
3662	-1.5038559145e+00	
3663	-1.5027150169e+00	
3664	-1.5013485884e+00	
3665	-1.4978797894e+00	
3666	-1.4921996241e+00	
3667	-1.4863823186e+00	
3668	-1.4796957125e+00	
3669	-1.4714128868e+00	
3670	-1.4620277647e+00	
3671	-1.4515866354e+00	
3672	-1.4409965705e+00	
3673	-1.4293024683e+00	
3674	-1.4171244504e+00	
3675	-1.4058767795e+00	
3676	-1.3950777376e+00	
3677	-1.3801851219e+00	
3678	-1.3648580202e+00	
3679	-1.3486268818e+00	
3680	-1.3321839401e+00	
3681	-1.3149216555e+00	
3682	-1.2962932993e+00	
3683	-1.2749835110e+00	
3684	-1.2582311064e+00	
3685	-1.2371848175e+00	
3686	-1.2155130759e+00	
3687	-1.1900437671e+00	
3688	-1.1626775340e+00	
3689	-1.1363273535e+00	
3690	-1.1086152913e+00	
3691	-1.0799955898e+00	
3692	-1.0499922301e+00	
3693	-1.0198469893e+00	
3694	-9.8911557952e-01	
3695	-9.5452789591e-01	
3696	-9.2025189491e-01	
3697	-8.8509388608e-01	
3698	-8.5042314265e-01	
3699	-8.1492579909e-01	
3700	-7.8013869337e-01	
3701	-7.4574046998e-01	
3702	-7.0937074285e-01	
3703	-6.7496469795e-01	
3704	-6.4133835736e-01	
3705	-6.0724270060e-01	
3706	-5.7227870601e-01	
3707	-5.3830960620e-01	
3708	-5.0585910584e-01	
3709	-4.7399505998e-01	
3710	-4.4178402447e-01	
3711	-4.1279560014e-01	
3712	-3.8583425452e-01	
3713	-3.6132712646e-01	
3714	-3.3747430021e-01	
3715	-3.1265075026e-01	
3716	-2.9048074040e-01	
3717	-2.6858611328e-01	
3718	-2.4874065788e-01	
3719	-2.3005265081e-01	
3720	-2.1396125173e-01	
3721	-1.9873107014e-01	
3722	-1.8560291291e-01	
3723	-1.7344365240e-01	
3724	-1.6275887830e-01	
3725	-1.5316968631e-01	
3726	-1.4537573976e-01	
3727	-1.3920924270e-01	
3728	-1.3340336282e-01	
3729	-1.2914863121e-01	
3730	-1.2623479773e-01	
3731	-1.2527204704e-01	
3732	-1.2570229754e-01	
3733	-1.2650528798e-01	
3734	-1.3015069432e-01	
3735	-1.3442462665e-01	
3736	-1.3925132582e-01	
3737	-1.4558872922e-01	
3738	-1.5297262834e-01	
3739	-1.6169494862e-01	
3740	-1.7195402202e-01	
3741	-1.8304536482e-01	
3742	-1.9612098991e-01	
3743	-2.1104127913e-01	
3744	-2.2658124841e-01	
3745	-2.4374999333e-01	
3746	-2.6280070014e-01	
3747	-2.8377699569e-01	
3748	-3.0629354368e-01	
3749	-3.3132205799e-01	
3750	-3.5764884792e-01	
3751	-3.8375484936e-01	
3752	-4.1123480494e-01	
3753	-4.4119228347e-01	
3754	-4.6991073792e-01	
3755	-4.9975741721e-01	
3756	-5.2995662664e-01	
3757	-5.6044586310e-01	
3758	-5.8869245943e-01	
3759	-6.1920238447e-01	
3760	-6.4868493919e-01	
3761	-6.7802194974e-01	
3762	-7.0708478741e-01	
3763	-7.3515914529e-01	
3764	-7.6452144684e-01	
3765	-7.9223958041e-01	
3766	-8.1812077252e-01	
3767	-8.4333624826e-01	
3768	-8.6772834160e-01	
3769	-8.9138738443e-01	
3770	-9.1338679241e-01	
3771	-9.3445234544e-01	
3772	-9.5383429294e-01	
3773	-9.7248788275e-01	
3774	-9.9053927536e-01	
3775	-1.0080328180e+00	
3776	-1.0247541377e+00	
3777	-1.0406173174e+00	
3778	-1.0553926150e+00	
3779	-1.0691241169e+00	
3780	-1.0815145577e+00	
3781	-1.0931152931e+00	
3782	-1.1038156493e+00	
3783	-1.1133209722e+00	
3784	-1.1222769319e+00	
3785	-1.1299529125e+00	
3786	-1.1366156401e+00	
3787	-1.1422934982e+00	
3788	-1.1470592724e+00	
3789	-1.1509850052e+00	
3790	-1.1539486775e+00	
3791	-1.1554855729e+00	
3792	-1.1562459222e+00	
3793	-1.1564609589e+00	
3794	-1.1561692129e+00	
3795	-1.1555452344e+00	
3796	-1.1550000270e+00	
3797	-1.1537731815e+00	
3798	-1.1522051955e+00	
3799	-1.1494543486e+00	
3800	-1.1462353540e+00	
3801	-1.1418014655e+00	
3802	-1.1362717787e+00	
3803	-1.1302961445e+00	
3804	-1.1239257424e+00	
3805	-1.1168310513e+00	
3806	-1.1096363575e+00	
3807	-1.1020986130e+00	
3808	-1.0937577929e+00	
3809	-1.0853444419e+00	
3810	-1.0772720139e+00	
3811	-1.0694370999e+00	
3812	-1.0625214484e+00	
3813	-1.0561328637e+00	
3814	-1.0506126915e+00	
3815	-1.0459271217e+00	
3816	-1.0423058536e+00	
3817	-1.0392307494e+00	
3818	-1.0365226235e+00	
3819	-1.0348590939e+00	
3820	-1.0340286508e+00	
3821	-1.0336472222e+00	
3822	-1.0341391191e+00	
3823	-1.0352952447e+00	
3824	-1.0369944878e+00	
3825	-1.0386748143e+00	
3826	-1.0407687417e+00	
3827	-1.0431771529e+00	
3828	-1.0458791514e+00	
3829	-1.0486348031e+00	
3830	-1.0516560505e+00	
3831	-1.0547233502e+00	
3832	-1.0579523479e+00	
3833	-1.0615246960e+00	
3834	-1.0653239490e+00	
3835	-1.0692368514e+00	
3836	-1.0731776243e+00	
3837	-1.0774695626e+00	
3838	-1.0819813352e+00	
3839	-1.0865570222e+00	
3840	-1.0913830868e+00	
3841	-1.0963525756e+00	
3842	-1.1015345660e+00	
3843	-1.1068011777e+00	
3844	-1.1119618632e+00	
3845	-1.1170942530e+00	
3846	-1.1222183062e+00	
3847	-1.1273793396e+00	
3848	-1.1324215013e+00	
3849	-1.1373606661e+00	
3850	-1.1421165286e+00	
3851	-1.1466092263e+00	
3852	-1.1509931551e+00	
3853	-1.1552672133e+00	
3854	-1.1593873568e+00	
3855	-1.1634140186e+00	
3856	-1.1672343888e+00	
3857	-1.1709153836e+00	
3858	-1.1744262099e+00	
3859	-1.1777415578e+00	
3860	-1.1808416432e+00	
3861	-1.1837760496e+00	
3862	-1.1866785222e+00	
3863	-1.1894813852e+00	
3864	-1.1922315883e+00	
3865	-1.1949090733e+00	
3866	-1.1975347803e+00	
3867	-1.2000680724e+00	
3868	-1.2025132610e+00	
3869	-1.2048837120e+00	
3870	-1.2071709975e+00	
3871	-1.2093865559e+00	
3872	-1.2115801223e+00	
3873	-1.2138414058e+00	
3874	-1.2161001942e+00	
3875	-1.2183583278e+00	
3876	-1.2205165161e+00	
3877	-1.2227346980e+00	
3878	-1.2249749750e+00	
3879	-1.2271444911e+00	
3880	-1.2292949198e+00	
3881	-1.2314166787e+00	
3882	-1.2335102372e+00	
3883	-1.2355452418e+00	
3884	-1.2375259021e+00	
3885	-1.2393983702e+00	
3886	-1.2413088812e+00	
3887	-1.2431181818e+00	
3888	-1.2448122521e+00	
3889	-1.2467060700e+00	
3890	-1.2485242780e+00	
3891	-1.2506006611e+00	
3892	-1.2528644949e+00	
3893	-1.2551627580e+00	
3894	-1.2574687225e+00	
3895	-1.2598438534e+00	
3896	-1.2623942669e+00	
3897	-1.2650643121e+00	
3898	-1.2675817143e+00	
3899	-1.2701768290e+00	
3900	-1.2724622578e+00	
3901	-1.2749240371e+00	
3902	-1.2777133231e+00	
3903	-1.2801469143e+00	
3904	-1.2828694961e+00	
3905	-1.2855368174e+00	
3906	-1.2882922465e+00	
3907	-1.2910374702e+00	
3908	-1.2936708889e+00	
3909	-1.2963360541e+00	
3910	-1.2989427200e+00	
3911	-1.3015642194e+00	
3912	-1.3043077330e+00	
3913	-1.3071304483e+00	
3914	-1.3096646077e+00	
3915	-1.3119405861e+00	
3916	-1.3141579910e+00	
3917	-1.3166770651e+00	
3918	-1.3194830520e+00	
3919	-1.3219835695e+00	
3920	-1.3245416654e+00	
3921	-1.3271018707e+00	
3922	-1.3297607677e+00	
3923	-1.3322745745e+00	
3924	-1.3350490797e+00	
3925	-1.3376230798e+00	
3926	-1.3403388207e+00	
3927	-1.3431404536e+00	
3928	-1.3461571147e+00	
3929	-1.3494922638e+00	
3930	-1.3525115596e+00	
3931	-1.3549749567e+00	
3932	-1.3576744361e+00	
3933	-1.3607267620e+00	
3934	-1.3638228197e+00	
3935	-1.3668682080e+00	
3936	-1.3700172654e+00	
3937	-1.3730711399e+00	
3938	-1.3757059154e+00	
3939	-1.3787402243e+00	
3940	-1.3817374692e+00	
3941	-1.3849222573e+00	
3942	-1.3881594346e+00	
3943	-1.3912851971e+00	
3944	-1.3943244902e+00	
3945	-1.3973604008e+00	
3946	-1.4006438483e+00	
3947	-1.4040479352e+00	
3948	-1.4076520159e+00	
3949	-1.4112284516e+00	
3950	-1.4147283631e+00	
3951	-1.4183726666e+00	
3952	-1.4222475770e+00	
3953	-1.4264874601e+00	
3954	-1.4306804207e+00	
3955	-1.4350735520e+00	
3956	-1.4397941717e+00	
3957	-1.4446319013e+00	
3958	-1.4495312940e+00	
3959	-1.4545510724e+00	
3960	-1.4596067479e+00	
3961	-1.4651192799e+00	
3962	-1.4703929374e+00	
3963	-1.4759624806e+00	
3964	-1.4816465097e+00	
3965	-1.4876359483e+00	
3966	-1.4937595146e+00	
3967	-1.5000440612e+00	
3968	-1.5065256954e+00	
3969	-1.5127638312e+00	
3970	-1.5186786495e+00	
3971	-1.5245328445e+00	
3972	-1.5298733759e+00	
3973	-1.5347598733e+00	
3974	-1.5395472785e+00	
3975	-1.5442256216e+00	
3976	-1.5494201023e+00	
3977	-1.5546557048e+00	
3978	-1.5609973845e+00	
3979	-1.5675706703e+00	
3980	-1.5745932909e+00	
3981	-1.5809125980e+00	
3982	-1.5881295836e+00	
3983	-1.5953294397e+00	
3984	-1.6028141194e+00	
3985	-1.6086935070e+00	
3986	-1.6124309420e+00	
3987	-1.6144231530e+00	
3988	-1.6166987636e+00	
3989	-1.6186037101e+00	
3990	-1.6191452310e+00	
3991	-1.6201817824e+00	
3992	-1.6231908962e+00	
3993	-1.6266633536e+00	
3994	-1.6275199075e+00	
3995	-1.6255912746e+00	
3996	-1.6242864768e+00	
3997	-1.6232431022e+00	
3998	-1.6230774349e+00	
3999	-1.6227205939e+00	
4000	-1.6222563122e+00	
4001	-1.6219702716e+00	
4002	-1.6203671194e+00	
4003	-1.6179818059e+00	
4004	-1.6158103591e+00	
4005	-1.6144291678e+00	
4006	-1.6131730889e+00	
4007	-1.6111220259e+00	
4008	-1.6096781584e+00	
4009	-1.6075568291e+00	
4010	-1.6053277205e+00	
4011	-1.6017387968e+00	
4012	-1.5994762946e+00	
4013	-1.5957467738e+00	
4014	-1.5935776131e+00	
4015	-1.5901187759e+00	
4016	-1.5874053181e+00	
4017	-1.5848546361e+00	
4018	-1.5819357195e+00	
4019	-1.5792996474e+00	
4020	-1.5760141335e+00	
4021	-1.5721652555e+00	
4022	-1.5673024908e+00	
4023	-1.5614566412e+00	
4024	-1.5547392048e+00	
4025	-1.5482157420e+00	
4026	-1.5419262110e+00	
4027	-1.5363605329e+00	
4028	-1.5306022143e+00	
4029	-1.5260014337e+00	
4030	-1.5222309836e+00	
4031	-1.5188952601e+00	
4032	-1.5154060969e+00	
4033	-1.5132356498e+00	
4034	-1.5109535043e+00	
4035	-1.5089450399e+00	
4036	-1.5061015940e+00	
4037	-1.5034529171e+00	
4038	-1.5010732590e+00	
4039	-1.4992361046e+00	
4040	-1.4963789496e+00	
4041	-1.4932685923e+00	
4042	-1.4896233760e+00	
4043	-1.4855287065e+00	
4044	-1.4813598809e+00	
4045	-1.4732944977e+00	
4046	-1.4673047386e+00	
4047	-1.4589131263e+00	
4048	-1.4494988764e+00	
4049	-1.4376786644e+00	
4050	-1.4253797784e+00	
4051	-1.4138179310e+00	
4052	-1.4001057380e+00	
4053	-1.3857593969e+00	
4054	-1.3718336263e+00	
4055	-1.3572546232e+00	
4056	-1.3385630205e+00	
4057	-1.3201464078e+00	
4058	-1.2999803614e+00	
4059	-1.2788183962e+00	
4060	-1.2564237898e+00	
4061	-1.2327209415e+00	
4062	-1.2075617355e+00	
4063	-1.1838806293e+00	
4064	-1.1564705738e+00	
4065	-1.1285970543e+00	
4066	-1.1014598291e+00	
4067	-1.0755937536e+00	
4068	-1.0488018249e+00	
4069	-1.0209338977e+00	
4070	-9.9078403739e-01	
4071	-9.6036927529e-01	
4072	-9.2947378530e-01	
4073	-8.9696280042e-01	
4074	-8.6201527498e-01	
4075	-8.2902570081e-01	
4076	-7.9706089665e-01	
4077	-7.6454156653e-01	
4078	-7.3370262436e-01	
4079	-7.0118606660e-01	
4080	-6.7040513597e-01	
4081	-6.3959078552e-01	
4082	-6.1064386070e-01	
4083	-5.8199495855e-01	
4084	-5.5367381220e-01	
4085	-5.2611772449e-01	
4086	-5.0130151164e-01	
4087	-4.7600618794e-01	
4088	-4.5131189763e-01	
4089	-4.3064734231e-01	
4090	-4.0762033236e-01	
4091	-3.8731877164e-01	
4092	-3.6766230877e-01	
4093	-3.4880083682e-01	
4094	-3.3063061326e-01	
4095	-3.1503252462e-01	
4096	-2.9974088801e-01	
4097	-2.8721463375e-01	
4098	-2.7400894632e-01	
4099	-2.6220415357e-01	
4100	-2.5086689479e-01	
4101	-2.4080360836e-01	
4102	-2.3233668187e-01	
4103	-2.2491984208e-01	
4104	-2.1930478633e-01	
4105	-2.1319164037e-01	
4106	-2.0723077619e-01	
4107	-2.0233343163e-01	
4108	-1.9992096416e-01	
4109	-1.9877018654e-01	
4110	-1.9867144212e-01	
4111	-1.9939400651e-01	
4112	-2.0123504560e-01	
4113	-2.0375577029e-01	
4114	-2.0757981812e-01	
4115	-2.1274862135e-01	
4116	-2.1999483705e-01	
4117	-2.2858167389e-01	
4118	-2.3901839969e-01	
4119	-2.5176593061e-01	
4120	-2.6516054548e-01	
4121	-2.8087045228e-01	
4122	-2.9902980404e-01	
4123	-3.1926800011e-01	
4124	-3.4193434402e-01	
4125	-3.6677110502e-01	
4126	-3.9343895648e-01	
4127	-4.2190804454e-01	
4128	-4.4978708043e-01	
4129	-4.7858474114e-01	
4130	-5.1038098212e-01	
4131	-5.4062912144e-01	
4132	-5.6959258074e-01	
4133	-6.0202870765e-01	
4134	-6.3356106244e-01	
4135	-6.6223558223e-01	
4136	-6.9211000496e-01	
4137	-7.2218453019e-01	
4138	-7.5147204175e-01	
4139	-7.7951450079e-01	
4140	-8.0782975001e-01	
4141	-8.3459150967e-01	
4142	-8.6078628743e-01	
4143	-8.8614538910e-01	
4144	-9.0979177452e-01	
4145	-9.3258361801e-01	
4146	-9.5415778075e-01	
4147	-9.7423276893e-01	
4148	-9.9316024108e-01	
4149	-1.0114963760e+00	
4150	-1.0295896535e+00	
4151	-1.0464267730e+00	
4152	-1.0624147718e+00	
4153	-1.0770715675e+00	
4154	-1.0907763175e+00	
4155	-1.1034242890e+00	
4156	-1.1149197788e+00	
4157	-1.1249949341e+00	
4158	-1.1341356184e+00	
4159	-1.1422413585e+00	
4160	-1.1497649404e+00	
4161	-1.1561268556e+00	
4162	-1.1615709022e+00	
4163	-1.1661906703e+00	
4164	-1.1697596807e+00	
4165	-1.1721957985e+00	
4166	-1.1736417778e+00	
4167	-1.1736754522e+00	
4168	-1.1729468424e+00	
4169	-1.1716798104e+00	
4170	-1.1698248047e+00	
4171	-1.1676104763e+00	
4172	-1.1652362464e+00	
4173	-1.1624895872e+00	
4174	-1.1591465797e+00	
4175	-1.1555234946e+00	
4176	-1.1513466533e+00	
4177	-1.1469450507e+00	
4178	-1.1414147835e+00	
4179	-1.1346828879e+00	
4180	-1.1275828810e+00	
4181	-1.1198739972e+00	
4182	-1.1122916685e+00	
4183	-1.1046193538e+00	
4184	-1.0970450901e+00	
4185	-1.0894635208e+00	
4186	-1.0827119256e+00	
4187	-1.0764664580e+00	
4188	-1.0709364340e+00	
4189	-1.0659918526e+00	
4190	-1.0611585559e+00	
4191	-1.0575181094e+00	
4192	-1.0547954539e+00	
4193	-1.0526485988e+00	
4194	-1.0513090217e+00	
4195	-1.0504577539e+00	
4196	-1.0504682668e+00	
4197	-1.0509000141e+00	
4198	-1.0517745923e+00	
4199	-1.0528920788e+00	
4200	-1.0543858923e+00	
4201	-1.0561950970e+00	
4202	-1.0583608458e+00	
4203	-1.0607335498e+00	
4204	-1.0634798852e+00	
4205	-1.0664547689e+00	
4206	-1.0696562752e+00	
4207	-1.0729093115e+00	
4208	-1.0762158899e+00	
4209	-1.0802009315e+00	
4210	-1.0846552092e+00	
4211	-1.0896491465e+00	
4212	-1.0946926609e+00	
4213	-1.0998864703e+00	
4214	-1.1052760770e+00	
4215	-1.1107200614e+00	
4216	-1.1163177594e+00	
4217	-1.1221014401e+00	
4218	-1.1279112065e+00	
4219	-1.1337406382e+00	
4220	-1.1394865258e+00	
4221	-1.1452133517e+00	
4222	-1.1507186775e+00	
4223	-1.1560542052e+00	
4224	-1.1609774241e+00	
4225	-1.1655018333e+00	
4226	-1.1697242160e+00	
4227	-1.1740391056e+00	
4228	-1.1781923424e+00	
4229	-1.1819784635e+00	
4230	-1.1855551254e+00	
4231	-1.1889586235e+00	
4232	-1.1921711950e+00	
4233	-1.1950946500e+00	
4234	-1.1977983405e+00	
4235	-1.2004479470e+00	
4236	-1.2030134064e+00	
4237	-1.2055801632e+00	
4238	-1.2080663109e+00	
4239	-1.2105643904e+00	
4240	-1.2129879093e+00	
4241	-1.2153382597e+00	
4242	-1.2175401331e+00	
4243	-1.2196746747e+00	
4244	-1.2218154937e+00	
4245	-1.2240455861e+00	
4246	-1.2263094562e+00	
4247	-1.2285597112e+00	
4248	-1.2308550761e+00	
4249	-1.2332171127e+00	
4250	-1.2355715538e+00	
4251	-1.2379842870e+00	
4252	-1.2403985748e+00	
4253	-1.2428541849e+00	
4254	-1.2453285643e+00	
4255	-1.2477524677e+00	
4256	-1.2500496046e+00	
4257	-1.2524983421e+00	
4258	-1.2549269687e+00	
4259	-1.2572920405e+00	
4260	-1.2596072819e+00	
4261	-1.2618787008e+00	
4262	-1.2640285895e+00	
4263	-1.2660333040e+00	
4264	-1.2679997224e+00	
4265	-1.2698592603e+00	
4266	-1.2716188060e+00	
4267	-1.2734777012e+00	
4268	-1.2752260623e+00	
4269	-1.2772008695e+00	
4270	-1.2792513593e+00	
4271	-1.2813738828e+00	
4272	-1.2835551544e+00	
4273	-1.2858539240e+00	
4274	-1.2880607537e+00	
4275	-1.2903039829e+00	
4276	-1.2925470637e+00	
4277	-1.2945743249e+00	
4278	-1.2966819709e+00	
4279	-1.2990929901e+00	
4280	-1.3013390183e+00	
4281	-1.3036825707e+00	
4282	-1.3060171599e+00	
4283	-1.3083144436e+00	
4284	-1.3106629885e+00	
4285	-1.3129673720e+00	
4286	-1.3152139989e+00	
4287	-1.3175003126e+00	
4288	-1.3198624299e+00	
4289	-1.3223899618e+00	
4290	-1.3245321141e+00	
4291	-1.3268153597e+00	
4292	-1.3286431126e+00	
4293	-1.3308366860e+00	
4294	-1.3333070951e+00	
4295	-1.3356678505e+00	
4296	-1.3382695737e+00	
4297	-1.3407657073e+00	
4298	-1.3432803303e+00	
4299	-1.3458853151e+00	
4300	-1.3485527033e+00	
4301	-1.3513744736e+00	
4302	-1.3539943253e+00	
4303	-1.3565818615e+00	
4304	-1.3595133134e+00	
4305	-1.3625769226e+00	
4306	-1.3653410731e+00	
4307	-1.3678034337e+00	
4308	-1.3703287174e+00	
4309	-1.3732649735e+00	
4310	-1.3762592545e+00	
4311	-1.3791283806e+00	
4312	-1.3822731727e+00	
4313	-1.3850427233e+00	
4314	-1.3882356701e+00	
4315	-1.3911567514e+00	
4316	-1.3943038271e+00	
4317	-1.3976013900e+00	
4318	-1.4009543904e+00	
4319	-1.4042004378e+00	
4320	-1.4072316022e+00	
4321	-1.4105341193e+00	
4322	-1.4141800526e+00	
4323	-1.4179713008e+00	
4324	-1.4218313566e+00	
4325	-1.4257806465e+00	
4326	-1.4297692222e+00	
4327	-1.4337910480e+00	
4328	-1.4384469547e+00	
4329	-1.4430461088e+00	
4330	-1.4478512239e+00	
4331	-1.4528966962e+00	
4332	-1.4581010544e+00	
4333	-1.4633516561e+00	
4334	-1.4686312369e+00	
4335	-1.4739610777e+00	
4336	-1.4793775931e+00	
4337	-1.4849108649e+00	
4338	-1.4904334661e+00	
4339	-1.4962213185e+00	
4340	-1.5024710359e+00	
4341	-1.5086818862e+00	
4342	-1.5149896789e+00	
4343	-1.5211785373e+00	
4344	-1.5274336105e+00	
4345	-1.5334550759e+00	
4346	-1.5389410015e+00	
4347	-1.5438488834e+00	
4348	-1.5488406221e+00	
4349	-1.5542823663e+00	
4350	-1.5601702058e+00	
4351	-1.5658303865e+00	
4352	-1.5726309635e+00	
4353	-1.5797451522e+00	
4354	-1.5867971886e+00	
4355	-1.5927515706e+00	
4356	-1.6002801923e+00	
4357	-1.6079827373e+00	
4358	-1.6156179827e+00	
4359	-1.6216312178e+00	
4360	-1.6259571263e+00	
4361	-1.6288262608e+00	
4362	-1.6318710331e+00	
4363	-1.6334958797e+00	
4364	-1.6347286308e+00	
4365	-1.6363217500e+00	
4366	-1.6400966136e+00	
4367	-1.6452868576e+00	
4368	-1.6463017329e+00	
4369	-1.6454391758e+00	
4370	-1.6452105278e+00	
4371	-1.6449404830e+00	
4372	-1.6453968739e+00	
4373	-1.6460417295e+00	
4374	-1.6466108163e+00	
4375	-1.6473137612e+00	
4376	-1.6465303577e+00	
4377	-1.6451990166e+00	
4378	-1.6438199942e+00	
4379	-1.6431176936e+00	
4380	-1.6424350145e+00	
4381	-1.6415539176e+00	
4382	-1.6407919847e+00	
4383	-1.6393021929e+00	
4384	-1.6381322040e+00	
4385	-1.6360723776e+00	
4386	-1.6348705054e+00	
4387	-1.6323318504e+00	
4388	-1.6306611043e+00	
4389	-1.6289680263e+00	
4390	-1.6273100520e+00	
4391	-1.6254066697e+00	
4392	-1.6234390915e+00	
4393	-1.6216163879e+00	
4394	-1.6188854464e+00	
4395	-1.6155213074e+00	
4396	-1.6114704020e+00	
4397	-1.6066093405e+00	
4398	-1.6014299459e+00	
4399	-1.5963330745e+00	
4400	-1.5911799814e+00	
4401	-1.5859960904e+00	
4402	-1.5812518958e+00	
4403	-1.5769405550e+00	
4404	-1.5736320369e+00	
4405	-1.5703181348e+00	
4406	-1.5683642758e+00	
4407	-1.5661207281e+00	
4408	-1.5646982156e+00	
4409	-1.5635783450e+00	
4410	-1.5621143887e+00	
4411	-1.5602471793e+00	
4412	-1.5586237650e+00	
4413	-1.5573741153e+00	
4414	-1.5559499132e+00	
4415	-1.5543831307e+00	
4416	-1.5526151057e+00	
4417	-1.5508300588e+00	
4418	-1.5456861339e+00	
4419	-1.5406153399e+00	
4420	-1.5354576667e+00	
4421	-1.5276089219e+00	
4422	-1.5197177470e+00	
4423	-1.5093446039e+00	
4424	-1.4979766266e+00	
4425	-1.4869356715e+00	
4426	-1.4743272804e+00	
4427	-1.4612148137e+00	
4428	-1.4487423033e+00	
4429	-1.4353169530e+00	
4430	-1.4187260077e+00	
4431	-1.4012714958e+00	
4432	-1.3819934459e+00	
4433	-1.3620943328e+00	
4434	-1.3401461560e+00	
4435	-1.3194269975e+00	
4436	-1.2975388698e+00	
4437	-1.2723857542e+00	
4438	-1.2473041361e+00	
4439	-1.2202758285e+00	
4440	-1.1925766027e+00	
4441	-1.1633964145e+00	
4442	-1.1360741333e+00	
4443	-1.1095044482e+00	
4444	-1.0812249390e+00	
4445	-1.0506443188e+00	
4446	-1.0198694483e+00	
4447	-9.8550643504e-01	
4448	-9.5107072031e-01	
4449	-9.1763756299e-01	
4450	-8.8449172517e-01	
4451	-8.5146983341e-01	
4452	-8.2048321278e-01	
4453	-7.8607847853e-01	
4454	-7.5504890537e-01	
4455	-7.2431356155e-01	
4456	-6.9312273665e-01	
4457	-6.6292696842e-01	
4458	-6.3498855817e-01	
4459	-6.0740952490e-01	
4460	-5.7761284154e-01	
4461	-5.5016089622e-01	
4462	-5.2404775501e-01	
4463	-4.9963404262e-01	
4464	-4.7557884073e-01	
4465	-4.5299256807e-01	
4466	-4.3216991192e-01	
4467	-4.0965147021e-01	
4468	-3.9122773924e-01	
4469	-3.7311531402e-01	
4470	-3.5784161864e-01	
4471	-3.4223774243e-01	
4472	-3.2829913020e-01	
4473	-3.1495167620e-01	
4474	-3.0366410515e-01	
4475	-2.9112151761e-01	
4476	-2.8028079332e-01	
4477	-2.7068144754e-01	
4478	-2.6164426821e-01	
4479	-2.5462045569e-01	
4480	-2.4840794616e-01	
4481	-2.4293508837e-01	
4482	-2.3635923932e-01	
4483	-2.3244353699e-01	
4484	-2.2871500979e-01	
4485	-2.2614028205e-01	
4486	-2.2566882571e-01	
4487	-2.2636226404e-01	
4488	-2.2669254965e-01	
4489	-2.2787457659e-01	
4490	-2.2960948002e-01	
4491	-2.3359057251e-01	
4492	-2.3827761208e-01	
4493	-2.4480211634e-01	
4494	-2.5273035174e-01	
4495	-2.6230304308e-01	
4496	-2.7409539511e-01	
4497	-2.8746330711e-01	
4498	-3.0249459680e-01	
4499	-3.2023607454e-01	
4500	-3.4001085027e-01	
4501	-3.6211355073e-01	
4502	-3.8703171865e-01	
4503	-4.1429631287e-01	
4504	-4.4183979055e-01	
4505	-4.6983445630e-01	
4506	-4.9910564661e-01	
4507	-5.3104019842e-01	
4508	-5.5981794753e-01	
4509	-5.9058437035e-01	
4510	-6.2340200519e-01	
4511	-6.5467550941e-01	
4512	-6.8385097710e-01	
4513	-7.1447899208e-01	
4514	-7.4575460104e-01	
4515	-7.7535359076e-01	
4516	-8.0413687381e-01	
4517	-8.3257845236e-01	
4518	-8.6005904388e-01	
4519	-8.8678294143e-01	
4520	-9.1104424806e-01	
4521	-9.3489124699e-01	
4522	-9.5730093261e-01	
4523	-9.7810349420e-01	
4524	-9.9688656916e-01	
4525	-1.0158000951e+00	
4526	-1.0338718012e+00	
4527	-1.0515894097e+00	
4528	-1.0678130646e+00	
4529	-1.0828202728e+00	
4530	-1.0966916863e+00	
4531	-1.1095360269e+00	
4532	-1.1213289521e+00	
4533	-1.1320545207e+00	
4534	-1.1417628384e+00	
4535	-1.1499790249e+00	
4536	-1.1573740294e+00	
4537	-1.1637751467e+00	
4538	-1.1690982917e+00	
4539	-1.1732724376e+00	
4540	-1.1765964764e+00	
4541	-1.1787812071e+00	
4542	-1.1798842825e+00	
4543	-1.1796447973e+00	
4544	-1.1782927591e+00	
4545	-1.1762561405e+00	
4546	-1.1739372851e+00	
4547	-1.1714087250e+00	
4548	-1.1688658034e+00	
4549	-1.1664512709e+00	
4550	-1.1635796081e+00	
4551	-1.1596146363e+00	
4552	-1.1545828436e+00	
4553	-1.1484719684e+00	
4554	-1.1415244550e+00	
4555	-1.1331988291e+00	
4556	-1.1240106996e+00	
4557	-1.1142280931e+00	
4558	-1.1043058761e+00	
4559	-1.0940715818e+00	
4560	-1.0841815502e+00	
4561	-1.0740950867e+00	
4562	-1.0645402225e+00	
4563	-1.0558891196e+00	
4564	-1.0482969136e+00	
4565	-1.0412366543e+00	
4566	-1.0352429441e+00	
4567	-1.0303074354e+00	
4568	-1.0260897434e+00	
4569	-1.0225518201e+00	
4570	-1.0199439896e+00	
4571	-1.0184765863e+00	
4572	-1.0178637440e+00	
4573	-1.0182913441e+00	
4574	-1.0192161195e+00	
4575	-1.0205423365e+00	
4576	-1.0221847039e+00	
4577	-1.0244958227e+00	
4578	-1.0269195532e+00	
4579	-1.0298194804e+00	
4580	-1.0330413170e+00	
4581	-1.0365166658e+00	
4582	-1.0399789855e+00	
4583	-1.0437138249e+00	
4584	-1.0478252323e+00	
4585	-1.0521351182e+00	
4586	-1.0567314873e+00	
4587	-1.0616674537e+00	
4588	-1.0671405830e+00	
4589	-1.0728316874e+00	
4590	-1.0787551517e+00	
4591	-1.0848828059e+00	
4592	-1.0912346804e+00	
4593	-1.0977279831e+00	
4594	-1.1041953926e+00	
4595	-1.1106891064e+00	
4596	-1.1173020159e+00	
4597	-1.1236440324e+00	
4598	-1.1296974429e+00	
4599	-1.1357016444e+00	
4600	-1.1414209735e+00	
4601	-1.1465736933e+00	
4602	-1.1514680962e+00	
4603	-1.1559173531e+00	
4604	-1.1602052841e+00	
4605	-1.1643922264e+00	
4606	-1.1680962722e+00	
4607	-1.1713965398e+00	
4608	-1.1745060363e+00	
4609	-1.1774888569e+00	
4610	-1.1802910977e+00	
4611	-1.1828214598e+00	
4612	-1.1852145285e+00	
4613	-1.1875323328e+00	
4614	-1.1897665881e+00	
4615	-1.1920430286e+00	
4616	-1.1944595950e+00	
4617	-1.1968374671e+00	
4618	-1.1990860095e+00	
4619	-1.2012659035e+00	
4620	-1.2033449627e+00	
4621	-1.2054430123e+00	
4622	-1.2076057544e+00	
4623	-1.2097592294e+00	
4624	-1.2119909218e+00	
4625	-1.2142994836e+00	
4626	-1.2166842145e+00	
4627	-1.2190401302e+00	
4628	-1.2213309264e+00	
4629	-1.2238098514e+00	
4630	-1.2263322212e+00	
4631	-1.2288055752e+00	
4632	-1.2312865553e+00	
4633	-1.2337187194e+00	
4634	-1.2361625471e+00	
4635	-1.2386247129e+00	
4636	-1.2410774303e+00	
4637	-1.2435703444e+00	
4638	-1.2460308853e+00	
4639	-1.2484813650e+00	
4640	-1.2507662960e+00	
4641	-1.2528248667e+00	
4642	-1.2549329209e+00	
4643	-1.2568692660e+00	
4644	-1.2588888867e+00	
4645	-1.2609385297e+00	
4646	-1.2631061048e+00	
4647	-1.2652113132e+00	
4648	-1.2671474654e+00	
4649	-1.2692509212e+00	
4650	-1.2717195177e+00	
4651	-1.2739827560e+00	
4652	-1.2762805940e+00	
4653	-1.2788602893e+00	
4654	-1.2814143267e+00	
4655	-1.2839659446e+00	
4656	-1.2865290867e+00	
4657	-1.2891249029e+00	
4658	-1.2916907042e+00	
4659	-1.2941080475e+00	
4660	-1.2964727430e+00	
4661	-1.2991257198e+00	
4662	-1.3016526690e+00	
4663	-1.3040174438e+00	
4664	-1.3063147940e+00	
4665	-1.3084060163e+00	
4666	-1.3110660610e+00	
4667	-1.3137091850e+00	
4668	-1.3160765394e+00	
4669	-1.3187040273e+00	
4670	-1.3211258575e+00	
4671	-1.3235979263e+00	
4672	-1.3260571052e+00	
4673	-1.3287284817e+00	
4674	-1.3314531211e+00	
4675	-1.3341913617e+00	
4676	-1.3369804012e+00	
4677	-1.3396733188e+00	
4678	-1.3427967390e+00	
4679	-1.3458774869e+00	
4680	-1.3487308302e+00	
4681	-1.3512517767e+00	
4682	-1.3539502828e+00	
4683	-1.3570257982e+00	
4684	-1.3602449058e+00	
4685	-1.3632971548e+00	
4686	-1.3662776974e+00	
4687	-1.3694567411e+00	
4688	-1.3725306604e+00	
4689	-1.3754610237e+00	
4690	-1.3785090488e+00	
4691	-1.3815561672e+00	
4692	-1.3847162820e+00	
4693	-1.3880733505e+00	
4694	-1.3914641807e+00	
4695	-1.3947594297e+00	
4696	-1.3979066969e+00	
4697	-1.4010712486e+00	
4698	-1.4047203845e+00	
4699	-1.4085154949e+00	
4700	-1.4122298193e+00	
4701	-1.4160913959e+00	
4702	-1.4199302961e+00	
4703	-1.4237649601e+00	
4704	-1.4278749299e+00	
4705	-1.4323718460e+00	
4706	-1.4368428770e+00	
4707	-1.4416310203e+00	
4708	-1.4466147431e+00	
4709	-1.4517992562e+00	
4710	-1.4570216213e+00	
4711	-1.4623191304e+00	
4712	-1.4675997163e+00	
4713	-1.4732375022e+00	
4714	-1.4786995514e+00	
4715	-1.4844493390e+00	
4716	-1.4901919863e+00	
4717	-1.4963928964e+00	
4718	-1.5027189066e+00	
4719	-1.5090198061e+00	
4720	-1.5154886390e+00	
4721	-1.5216764302e+00	
4722	-1.5277741453e+00	
4723	-1.5334449382e+00	
4724	-1.5385803739e+00	
4725	-1.5430313715e+00	
4726	-1.5478407667e+00	
4727	-1.5524862173e+00	
4728	-1.5574882453e+00	
4729	-1.5627294562e+00	
4730	-1.5684107755e+00	
4731	-1.5746816224e+00	
4732	-1.5814937780e+00	
4733	-1.5875719414e+00	
4734	-1.5945546720e+00	
4735	-1.6011307709e+00	
4736	-1.6083043402e+00	
4737	-1.6133624520e+00	
4738	-1.6164860233e+00	
4739	-1.6192394913e+00	
4740	-1.6205177905e+00	
4741	-1.6225432776e+00	
4742	-1.6230399209e+00	
4743	-1.6238914507e+00	
4744	-1.6266789937e+00	
4745	-1.6297619692e+00	
4746	-1.6308419128e+00	
4747	-1.6296540135e+00	
4748	-1.6281621880e+00	
4749	-1.6271184254e+00	
4750	-1.6270040809e+00	
4751	-1.6275381859e+00	
4752	-1.6273703951e+00	
4753	-1.6272478960e+00	
4754	-1.6259001920e+00	
4755	-1.6242440054e+00	
4756	-1.6220676524e+00	
4757	-1.6212160020e+00	
4758	-1.6200865411e+00	
4759	-1.6188861648e+00	
4760	-1.6175925315e+00	
4761	-1.6161072178e+00	
4762	-1.6137560167e+00	
4763	-1.6106857870e+00	
4764	-1.6081725609e+00	
4765	-1.6051913639e+00	
4766	-1.6030980694e+00	
4767	-1.5994446793e+00	
4768	-1.5965639488e+00	
4769	-1.5941889318e+00	
4770	-1.5912913555e+00	
4771	-1.5889857402e+00	
4772	-1.5854990375e+00	
4773	-1.5814068811e+00	
4774	-1.5761566950e+00	
4775	-1.5703280828e+00	
4776	-1.5639764133e+00	
4777	-1.5580319307e+00	
4778	-1.5519111952e+00	
4779	-1.5462428196e+00	
4780	-1.5410015542e+00	
4781	-1.5366344148e+00	
4782	-1.5334864786e+00	
4783	-1.5300728118e+00	
4784	-1.5272756912e+00	
4785	-1.5251808317e+00	
4786	-1.5231666958e+00	
4787	-1.5214399947e+00	
4788	-1.5196101868e+00	
4789	-1.5169503869e+00	
4790	-1.5153767775e+00	
4791	-1.5135228015e+00	
4792	-1.5112046956e+00	
4793	-1.5083994295e+00	
4794	-1.5059717522e+00	
4795	-1.5032096535e+00	
4796	-1.4998993739e+00	
4797	-1.4927646235e+00	
4798	-1.4866077593e+00	
4799	-1.4800913627e+00	
4800	-1.4704082757e+00	
4801	-1.4608288315e+00	
4802	-1.4492141877e+00	
4803	-1.4383124008e+00	
4804	-1.4263580697e+00	
4805	-1.4120834642e+00	
4806	-1.3993758328e+00	
4807	-1.3869888487e+00	
4808	-1.3707452722e+00	
4809	-1.3540787830e+00	
4810	-1.3355216166e+00	
4811	-1.3170530566e+00	
4812	-1.2973486454e+00	
4813	-1.2762335078e+00	
4814	-1.2538640872e+00	
4815	-1.2323838866e+00	
4816	-1.2075972157e+00	
4817	-1.1829069405e+00	
4818	-1.1565080713e+00	
4819	-1.1290470386e+00	
4820	-1.1023609422e+00	
4821	-1.0755342816e+00	
4822	-1.0477368324e+00	
4823	-1.0173569542e+00	
4824	-9.8675682962e-01	
4825	-9.5611093602e-01	
4826	-9.2023558552e-01	
4827	-8.8711881968e-01	
4828	-8.5329630588e-01	
4829	-8.2069127272e-01	
4830	-7.8669283222e-01	
4831	-7.5250267891e-01	
4832	-7.2088125877e-01	
4833	-6.8878887988e-01	
4834	-6.5628317305e-01	
4835	-6.2557895557e-01	
4836	-5.9631535431e-01	
4837	-5.6532354942e-01	
4838	-5.3552316697e-01	
4839	-5.0670976704e-01	
4840	-4.8065571790e-01	
4841	-4.5559982367e-01	
4842	-4.3066546019e-01	
4843	-4.0700498183e-01	
4844	-3.8648937903e-01	
4845	-3.6304469347e-01	
4846	-3.4322056955e-01	
4847	-3.2338698348e-01	
4848	-3.0547330183e-01	
4849	-2.8761309754e-01	
4850	-2.7218531574e-01	
4851	-2.5778739202e-01	
4852	-2.4533863626e-01	
4853	-2.3235918184e-01	
4854	-2.2158154055e-01	
4855	-2.1154752623e-01	
4856	-2.0284595563e-01	
4857	-1.9614863588e-01	
4858	-1.8985539522e-01	
4859	-1.8457267187e-01	
4860	-1.7934374498e-01	
4861	-1.7615576153e-01	
4862	-1.7445277817e-01	
4863	-1.7397973737e-01	
4864	-1.7444621919e-01	
4865	-1.7693771396e-01	
4866	-1.8011285297e-01	
4867	-1.8354551498e-01	
4868	-1.8838033288e-01	
4869	-1.9529980674e-01	
4870	-2.0299562872e-01	
4871	-2.1215953779e-01	
4872	-2.2307835047e-01	
4873	-2.3535511191e-01	
4874	-2.4923437540e-01	
4875	-2.6439366479e-01	
4876	-2.8169904382e-01	
4877	-3.0115653855e-01	
4878	-3.2279674575e-01	
4879	-3.4640696898e-01	
4880	-3.7147402340e-01	
4881	-3.9787215690e-01	
4882	-4.2395762451e-01	
4883	-4.5208992088e-01	
4884	-4.8241709688e-01	
4885	-5.1093268482e-01	
4886	-5.4042316045e-01	
4887	-5.7181545578e-01	
4888	-6.0275550428e-01	
4889	-6.3048653043e-01	
4890	-6.6171289527e-01	
4891	-6.9125397565e-01	
4892	-7.2113602050e-01	
4893	-7.4907398100e-01	
4894	-7.7856868747e-01	
4895	-8.0659748486e-01	
4896	-8.3324020430e-01	
4897	-8.5880137111e-01	
4898	-8.8353202282e-01	
4899	-9.0727559098e-01	
4900	-9.2987200016e-01	
4901	-9.5097968594e-01	
4902	-9.7098472943e-01	
4903	-9.8974136615e-01	
4904	-1.0081786614e+00	
4905	-1.0253090535e+00	
4906	-1.0423705744e+00	
4907	-1.0582137589e+00	
4908	-1.0730968642e+00	
4909	-1.0866802888e+00	
4910	-1.0989416610e+00	
4911	-1.1105488991e+00	
4912	-1.1208608777e+00	
4913	-1.1299170474e+00	
4914	-1.1380020462e+00	
4915	-1.1458177031e+00	
4916	-1.1522206273e+00	
4917	-1.1574201784e+00	
4918	-1.1619687014e+00	
4919	-1.1655368812e+00	
4920	-1.1678210343e+00	
4921	-1.1690059635e+00	
4922	-1.1689756133e+00	
4923	-1.1682799512e+00	
4924	-1.1670693654e+00	
4925	-1.1657171057e+00	
4926	-1.1639653753e+00	
4927	-1.1619255041e+00	
4928	-1.1596948108e+00	
4929	-1.1567137166e+00	
4930	-1.1528078375e+00	
4931	-1.1480427124e+00	
4932	-1.1426794216e+00	
4933	-1.1364551232e+00	
4934	-1.1292663525e+00	
4935	-1.1217318214e+00	
4936	-1.1135615204e+00	
4937	-1.1052328774e+00	
4938	-1.0965946410e+00	
4939	-1.0880311525e+00	
4940	-1.0799685149e+00	
4941	-1.0723723497e+00	
4942	-1.0655292717e+00	
4943	-1.0595328261e+00	
4944	-1.0544564873e+00	
4945	-1.0499838545e+00	
4946	-1.0462080442e+00	
4947	-1.0432817758e+00	
4948	-1.0410725812e+00	
4949	-1.0393464202e+00	
4950	-1.0389684997e+00	
4951	-1.0387866381e+00	
4952	-1.0396864664e+00	
4953	-1.0408431107e+00	
4954	-1.0424534173e+00	
4955	-1.0444438096e+00	
4956	-1.0465743584e+00	
4957	-1.0489531386e+00	
4958	-1.0514340943e+00	
4959	-1.0543879892e+00	
4960	-1.0575250202e+00	
4961	-1.0608307422e+00	
4962	-1.0642439903e+00	
4963	-1.0679470962e+00	
4964	-1.0720333510e+00	
4965	-1.0765198827e+00	
4966	-1.0812765911e+00	
4967	-1.0862391172e+00	
4968	-1.0913210280e+00	
4969	-1.0965539261e+00	
4970	-1.1021346727e+00	
4971	-1.1078490681e+00	
4972	-1.1137201094e+00	
4973	-1.1195991275e+00	
4974	-1.1253281552e+00	
4975	-1.1309883086e+00	
4976	-1.1365983655e+00	
4977	-1.1421683887e+00	
4978	-1.1475798815e+00	
4979	-1.1526477981e+00	
4980	-1.1573064780e+00	
4981	-1.1616355243e+00	
4982	-1.1659100234e+00	
4983	-1.1701049747e+00	
4984	-1.1740437142e+00	
4985	-1.1777374387e+00	
4986	-1.1812789743e+00	
4987	-1.1846285201e+00	
4988	-1.1877097098e+00	
4989	-1.1905315024e+00	
4990	-1.1931723822e+00	
4991	-1.1956734381e+00	
4992	-1.1981689340e+00	
4993	-1.2007240670e+00	
4994	-1.2031550145e+00	
4995	-1.2055580751e+00	
4996	-1.2078596571e+00	
4997	-1.2100585325e+00	
4998	-1.2122111000e+00	
4999	-1.2143628987e+00	
5000	-1.2164838952e+00	
